1770731346427725056,0.69584,0.01664,-0.02259,0.99925,0.01164,0.02740,-0.02462,1.40026,-0.12929,-0.07671,
1770731346629797888,0.98014,-0.00678,-0.03115,0.99905,0.01794,0.02475,-0.03108,1.49062,-0.10897,-0.14003,
1770731346828655360,1.29222,-0.03191,-0.05530,0.99820,0.02378,0.04106,-0.03671,1.50740,-0.19479,-0.07554,
1770731347029953792,1.59029,-0.04360,-0.06929,0.99846,0.02458,0.04123,-0.02793,1.45491,0.06857,-0.03037,
1770731347231998720,1.90344,-0.06059,-0.09595,0.99789,0.04150,0.04938,-0.00800,1.73230,-0.20997,-0.28320,
1770731347429455360,2.20720,-0.04561,-0.12756,0.99701,0.04155,0.06233,0.01889,1.44086,0.25445,-0.15760,
1770731347627840768,2.47394,0.00695,-0.14852,0.99745,0.02907,0.05981,0.02597,1.45851,0.23925,-0.14526,
1770731347823396608,2.74859,0.02810,-0.16386,0.99796,0.02770,0.05295,0.02228,1.49037,0.41884,-0.07581,
1770731348027478784,2.99274,0.04471,-0.16296,0.99920,0.02045,0.03417,-0.00445,1.24104,-0.08657,-0.10447,
1770731348226404864,3.22716,0.04714,-0.15839,0.99947,0.01431,0.02060,-0.02066,1.13092,0.08289,0.15498,
1770731348427332608,3.48808,0.03640,-0.16541,0.99922,0.01814,0.02237,-0.02715,1.48578,-0.02819,-0.10081,
1770731348626581504,3.78693,0.03544,-0.17815,0.99886,0.01137,0.03303,-0.03262,1.61475,-0.12382,-0.08347,
1770731348826038016,4.08347,-0.01739,-0.19182,0.99792,0.03403,0.04325,-0.03354,1.41250,0.02398,-0.06916,
1770731349027215360,4.35964,-0.00378,-0.19517,0.99871,0.02284,0.03027,-0.03370,1.28938,-0.07819,0.03079,
1770731349225999104,4.61157,-0.02017,-0.19224,0.99866,0.02671,0.02326,-0.03762,1.01861,-0.05447,0.11791,
1770731349429428224,4.84331,-0.01664,-0.19014,0.99898,0.02068,0.01263,-0.03800,1.14380,-0.03129,0.06857,
1770731349622526720,5.11152,-0.01287,-0.19130,0.99897,0.01288,0.01499,-0.04086,1.31873,-0.05253,0.01600,
1770731349825888256,5.38789,-0.02532,-0.18947,0.99893,0.01498,0.01143,-0.04220,1.29065,-0.07930,-0.00264,
1770731350024737280,5.66628,-0.02818,-0.19410,0.99918,0.01318,0.01563,-0.03507,1.25384,0.02307,0.05022,
1770731350225118464,5.92538,-0.04768,-0.18885,0.99912,0.01786,0.01380,-0.03545,1.16901,0.00347,-0.00822,
1770731350427007232,6.17731,-0.03630,-0.18071,0.99936,0.00867,0.00388,-0.03448,1.27113,-0.10480,0.05401,
1770731350623631104,6.47045,-0.04502,-0.18695,0.99953,0.01789,0.01696,-0.01836,1.34555,0.03886,0.03009,
1770731350828819200,6.74816,-0.02048,-0.18363,0.99986,0.01234,0.01082,-0.00304,1.20523,0.06568,0.02128,
1770731351025589504,7.00473,-0.00538,-0.18086,0.99990,0.01018,0.00904,-0.00393,1.36875,0.05111,-0.00171,
1770731351224596992,7.29604,0.00386,-0.18491,0.99984,0.00914,0.01396,-0.00588,1.33235,0.11169,0.02467,
1770731351426723584,7.57104,-0.00414,-0.17766,0.99978,0.01718,0.01050,-0.00577,1.39478,-0.00595,-0.03824,
1770731351625118208,7.85195,0.02316,-0.18112,0.99989,0.00654,0.01051,-0.00764,1.49980,0.07938,-0.01830,
1770731351826696704,8.14575,0.01874,-0.18670,0.99977,0.00958,0.01555,-0.01149,1.30800,0.13606,0.01519,
1770731352022080000,8.41126,0.02576,-0.18533,0.99984,0.00941,0.01001,-0.01136,1.42500,0.01176,-0.04794,
1770731352224654336,8.69749,0.03532,-0.18539,0.99991,0.00835,0.00895,-0.00556,1.44077,0.14642,-0.02135,
1770731352423515648,8.97326,0.04089,-0.18807,0.99987,0.00893,0.01007,-0.00867,1.35300,0.00302,0.00554,
1770731352621739776,9.23826,0.04129,-0.18569,0.99983,0.01199,0.01162,-0.00825,1.30202,0.02844,0.00116,
1770731352824811008,9.50244,0.05441,-0.17875,0.99993,0.00559,0.00147,-0.01033,1.32985,0.24899,0.03166,
1770731353023816960,9.78151,0.05867,-0.18508,0.99986,0.00339,0.00836,-0.01420,1.37262,0.04252,-0.01814,
1770731353224403200,10.09797,0.06297,-0.19985,0.99935,-0.00114,0.02892,-0.02133,1.45559,-0.11864,0.02006,
1770731353423362816,10.39248,0.05470,-0.20348,0.99917,-0.00179,0.02916,-0.02846,1.25263,-0.18797,0.10096,
1770731353623874816,10.65202,0.03739,-0.19632,0.99937,0.00115,0.01666,-0.03118,1.30611,-0.05392,-0.00033,
1770731353823112960,10.91973,0.03267,-0.19444,0.99943,0.00022,0.01448,-0.03059,1.26560,-0.07581,0.03605,
1770731354021732352,11.20532,0.01310,-0.19729,0.99930,0.00533,0.01993,-0.03115,1.47535,-0.24189,0.05989,
1770731354218027008,11.50413,-0.00725,-0.20453,0.99908,0.01050,0.02761,-0.03099,1.41086,0.00340,-0.04618,
1770731354423905280,11.79839,-0.00547,-0.21424,0.99912,0.00649,0.03058,-0.02807,1.43886,-0.09970,-0.07459,
1770731354622322176,12.06046,0.00039,-0.21112,0.99950,0.00237,0.02393,-0.02075,1.35794,-0.00989,-0.02727,
1770731354822061312,12.32595,0.00681,-0.20950,0.99964,-0.00147,0.01829,-0.01955,1.35365,0.00951,0.04868,
1770731355022616320,12.60462,-0.00930,-0.20968,0.99958,0.00704,0.02082,-0.01871,1.38283,-0.06907,-0.04546,
1770731355231951616,12.87984,-0.00313,-0.20371,0.99969,0.00275,0.01256,-0.02122,1.28426,-0.02400,0.11706,
1770731355431495424,13.16672,-0.02150,-0.21235,0.99947,0.01179,0.02131,-0.02170,1.43190,-0.07132,0.01962,
1770731355631370496,13.44967,-0.02009,-0.21276,0.99946,0.00947,0.02127,-0.02331,1.41069,0.03399,-0.02643,
1770731355821276160,13.71081,-0.02342,-0.21415,0.99945,0.00957,0.01892,-0.02539,1.26970,-0.12835,0.01128,
1770731356023353600,13.97164,-0.01452,-0.20883,0.99951,0.00343,0.01163,-0.02869,1.35968,-0.01931,0.02026,
1770731356221775616,14.26683,-0.03082,-0.22132,0.99918,0.00616,0.02158,-0.03365,1.50459,-0.07013,0.00210,
1770731356418020608,14.56442,-0.04404,-0.22401,0.99887,0.00693,0.02959,-0.03652,1.33545,0.06058,0.02467,
1770731356620702976,14.80515,-0.04365,-0.21316,0.99914,0.00112,0.01047,-0.04021,1.46072,-0.17061,-0.10863,
1770731356821918464,15.08127,-0.05829,-0.20895,0.99891,-0.00178,0.00985,-0.04568,1.45551,0.00494,0.04950,
1770731357020613376,15.37534,-0.06946,-0.20956,0.99908,-0.00142,0.01263,-0.04097,1.60366,-0.16453,-0.06575,
1770731357221044480,15.69529,-0.09499,-0.21681,0.99897,0.00734,0.02645,-0.03618,1.44801,-0.31702,0.05153,
1770731357421570560,15.98276,-0.13048,-0.22327,0.99872,0.01927,0.03281,-0.03322,1.31416,0.01778,-0.01204,
1770731357623508992,16.23664,-0.12008,-0.21960,0.99918,0.00971,0.01990,-0.03397,1.37182,0.05690,-0.08790,
1770731357822073088,16.50939,-0.13368,-0.21924,0.99923,0.01099,0.01689,-0.03366,1.32697,-0.07138,0.09208,
1770731358022210048,16.78303,-0.14451,-0.21546,0.99924,0.01243,0.01190,-0.03488,1.22229,0.12839,0.02558,
1770731358221376000,17.06730,-0.13843,-0.21631,0.99942,0.00846,0.01457,-0.02944,1.68073,-0.08885,-0.07356,
1770731358437998336,17.38151,-0.13708,-0.22374,0.99951,0.00666,0.02466,-0.01807,1.37949,0.04618,0.05713,
1770731358621221888,17.63325,-0.13037,-0.21939,0.99972,0.00731,0.02079,-0.00859,1.24890,-0.09668,0.09336,
1770731358818244096,17.89826,-0.13748,-0.22029,0.99965,0.01239,0.02132,-0.00982,1.31782,-0.02000,0.07014,
1770731359020221184,18.14351,-0.12348,-0.20323,0.99990,0.00908,0.00382,-0.01029,1.19074,0.08287,0.05210,
1770731359221942784,18.43324,-0.11829,-0.21164,0.99981,0.00935,0.01403,-0.00952,1.49757,0.07802,0.04505,
1770731359421003264,18.73665,-0.11528,-0.21947,0.99953,0.01094,0.02593,-0.01243,1.49816,0.01661,-0.00630,
1770731359621247488,19.00656,-0.10867,-0.22021,0.99960,0.01084,0.02050,-0.01629,1.29281,-0.10934,-0.08753,
1770731359819724800,19.25639,-0.10890,-0.21277,0.99969,0.00981,0.01271,-0.01915,1.20206,0.15756,0.08229,
1770731360020535552,19.54123,-0.10979,-0.22231,0.99961,0.01270,0.01841,-0.01643,1.38659,-0.15102,-0.01441,
1770731360218988032,19.83008,-0.10924,-0.22430,0.99946,0.01127,0.02207,-0.02160,1.36532,-0.12422,-0.05516,
1770731360419872768,20.09231,-0.10889,-0.21999,0.99951,0.00986,0.01419,-0.02601,1.27891,-0.06035,0.05969,
1770731360618527232,20.35856,-0.10693,-0.22257,0.99950,0.00769,0.01454,-0.02697,1.39867,0.07943,-0.08714,
1770731360819765248,20.64117,-0.11260,-0.22324,0.99940,0.00766,0.01847,-0.02845,1.35673,-0.14356,-0.00603,
1770731361023415552,20.90516,-0.12883,-0.21464,0.99935,0.01101,0.00979,-0.03287,1.27830,0.11623,0.03362,
1770731361220270592,21.18720,-0.12927,-0.21939,0.99934,0.00932,0.01256,-0.03279,1.65402,-0.21679,-0.11817,
1770731361420245248,21.48193,-0.13114,-0.21645,0.99919,0.00352,0.01485,-0.03719,1.27705,-0.06236,0.11970,
1770731361619418880,21.75336,-0.15982,-0.21208,0.99914,0.01542,0.01439,-0.03560,1.36444,-0.21918,0.01574,
1770731361820386560,22.01973,-0.16117,-0.20759,0.99915,0.01244,0.00830,-0.03838,1.15460,0.04492,0.09602,
1770731362017620992,22.31268,-0.18012,-0.21997,0.99875,0.01646,0.02555,-0.03978,1.42367,0.01994,0.03074,
1770731362218534912,22.55008,-0.18156,-0.22011,0.99854,0.01171,0.02683,-0.04537,1.00478,-0.21495,-0.06511,
1770731362418915328,22.64241,-0.19994,-0.21897,0.99795,0.01689,0.02546,-0.05626,-0.01869,0.08090,0.05882,
1770731362618918912,22.64535,-0.18435,-0.20967,0.99828,0.01163,0.01614,-0.05516,0.02818,-0.01638,0.03416,
1770731362818886400,22.70373,-0.18164,-0.19929,0.99830,0.00892,0.00672,-0.05727,0.51650,-0.01084,0.07014,
1770731363018330624,22.87701,-0.20297,-0.19873,0.99796,0.01219,0.00824,-0.06206,1.23385,-0.14672,-0.09494,
1770731363217366784,23.11979,-0.21827,-0.20087,0.99824,0.01174,0.01230,-0.05678,1.24853,0.05687,0.02082,
1770731363414041344,23.40122,-0.22953,-0.19936,0.99898,0.01650,0.01780,-0.03820,1.55638,0.01362,0.04525,
1770731363620498432,23.70250,-0.21809,-0.19826,0.99942,0.01113,0.01238,-0.02980,1.37598,-0.19116,-0.00684,
1770731363817856000,23.99058,-0.22633,-0.20052,0.99922,0.00953,0.01846,-0.03349,1.47324,0.04743,-0.05200,
1770731364017786624,24.28565,-0.23772,-0.21124,0.99894,0.01140,0.02618,-0.03623,1.64853,-0.08693,-0.04755,
1770731364218001920,24.58023,-0.24077,-0.20718,0.99896,0.00507,0.02059,-0.04048,1.52652,-0.05196,0.07901,
1770731364418226176,24.85350,-0.24619,-0.20548,0.99903,0.00412,0.01354,-0.04166,1.49364,-0.15493,0.01291,
1770731364617206528,25.13614,-0.25992,-0.21101,0.99883,0.00455,0.01815,-0.04468,1.39732,-0.07989,0.01700,
1770731364816915968,25.44255,-0.28082,-0.21972,0.99844,0.00764,0.02961,-0.04670,1.72241,-0.14165,-0.12698,
1770731365018722560,25.72912,-0.29902,-0.22264,0.99840,0.00716,0.02193,-0.05156,1.40446,-0.01635,0.05484,
1770731365218286592,26.00184,-0.33002,-0.22365,0.99819,0.01559,0.02412,-0.05287,1.44680,-0.13047,-0.09613,
1770731365417789184,26.27655,-0.34140,-0.22562,0.99821,0.01197,0.02202,-0.05437,1.39611,-0.05187,0.09500,
1770731365614919680,26.56183,-0.36306,-0.23205,0.99800,0.01338,0.02465,-0.05658,1.62517,-0.11921,-0.12909,
1770731365813943808,26.83962,-0.38810,-0.23328,0.99777,0.01494,0.02457,-0.06019,1.43445,-0.15970,-0.00154,
1770731366018519552,27.11783,-0.41688,-0.23444,0.99769,0.01721,0.02165,-0.06205,1.30288,-0.06949,0.04845,
1770731366218604544,27.39538,-0.45023,-0.23183,0.99787,0.02534,0.01974,-0.05670,1.49028,-0.19137,0.01383,
1770731366420960768,27.70024,-0.47220,-0.23496,0.99833,0.03247,0.02290,-0.04197,1.62823,-0.01671,0.00352,
1770731366615852800,27.97780,-0.44589,-0.23806,0.99946,0.02303,0.01911,-0.01364,1.26948,0.22456,-0.03065,
1770731366816472832,28.24272,-0.43132,-0.23416,0.99950,0.02567,0.01783,0.00408,1.22261,0.13779,0.00393,
1770731367015037184,28.51454,-0.39887,-0.23683,0.99975,0.01555,0.01609,-0.00182,1.43275,0.01332,-0.03326,
1770731367215614464,28.82156,-0.40034,-0.24827,0.99939,0.02183,0.02706,-0.00448,1.44380,0.03830,-0.02302,
1770731367415682048,29.10624,-0.38938,-0.24651,0.99937,0.02089,0.02753,-0.00819,1.39653,0.03003,0.01516,
1770731367614984704,29.35476,-0.38065,-0.23985,0.99959,0.02146,0.01619,-0.01027,1.23658,-0.05614,0.03330,
1770731367826311936,29.63867,-0.36992,-0.23979,0.99960,0.01948,0.01619,-0.01264,1.45411,-0.06205,-0.03138,
1770731368010564352,29.91072,-0.37168,-0.24335,0.99935,0.02230,0.02371,-0.01545,1.35334,0.15614,0.08750,
1770731368215089408,30.20255,-0.36692,-0.24572,0.99930,0.02299,0.02355,-0.01759,1.39501,0.08628,0.03267,
1770731368414881024,30.47844,-0.35777,-0.24771,0.99937,0.01630,0.02250,-0.02217,1.41976,-0.00312,0.02098,
1770731368616041984,30.75820,-0.35983,-0.25237,0.99931,0.01566,0.02225,-0.02542,1.42691,-0.07198,-0.02054,
1770731368815491072,31.02982,-0.36563,-0.25187,0.99923,0.01592,0.02175,-0.02835,1.48968,-0.09280,-0.02367,
1770731369014032896,31.29092,-0.35933,-0.25038,0.99934,0.00935,0.01541,-0.03158,1.59387,-0.03273,-0.08767,
1770731369215666176,31.58206,-0.37647,-0.26054,0.99902,0.01295,0.02489,-0.03430,1.63241,-0.11680,-0.06946,
1770731369415670272,31.87417,-0.39973,-0.26406,0.99887,0.01909,0.02942,-0.03222,1.61034,0.11376,-0.12387,
1770731369614497792,32.13656,-0.38000,-0.26053,0.99939,0.00667,0.01457,-0.03116,1.57253,0.01870,-0.01225,
1770731369815077376,32.42528,-0.39471,-0.27243,0.99914,0.01374,0.02420,-0.03083,1.28057,-0.02303,-0.08150,
1770731370013816832,32.70018,-0.39420,-0.27793,0.99895,0.00959,0.02782,-0.03514,1.38224,0.06373,-0.01691,
1770731370214717440,32.96950,-0.40597,-0.28268,0.99902,0.01055,0.02409,-0.03550,1.41418,-0.13225,-0.04745,
1770731370415201024,33.24273,-0.43498,-0.28498,0.99882,0.02042,0.02531,-0.03609,1.27138,-0.21285,0.06861,
1770731370612741632,33.50805,-0.43353,-0.28988,0.99884,0.01262,0.02113,-0.04149,1.10400,0.00239,0.13413,
1770731370814083328,33.78893,-0.45415,-0.29452,0.99870,0.01744,0.02652,-0.03990,1.31592,-0.04919,0.01031,
1770731371013186048,34.05442,-0.45363,-0.29338,0.99881,0.01066,0.01991,-0.04326,1.48478,-0.13096,-0.10969,
1770731371214530560,34.32473,-0.46675,-0.29298,0.99872,0.01018,0.01829,-0.04606,1.46007,-0.10229,-0.02254,
1770731371413441280,34.61545,-0.48943,-0.30699,0.99839,0.01261,0.02745,-0.04799,1.40015,-0.15303,0.01116,
1770731371618200576,34.89394,-0.51452,-0.30817,0.99814,0.01496,0.02684,-0.05261,1.32939,-0.03337,0.02323,
1770731371812894720,35.13593,-0.51774,-0.30330,0.99836,0.00997,0.01905,-0.05307,1.16567,-0.02682,-0.05170,
1770731372013580288,35.41531,-0.53469,-0.31220,0.99813,0.01012,0.02268,-0.05584,1.60472,-0.21620,0.05747,
1770731372214380288,35.69059,-0.55322,-0.31617,0.99834,0.01137,0.02264,-0.05181,1.56650,0.07303,-0.16695,
1770731372413470464,35.96639,-0.55266,-0.32126,0.99852,0.00697,0.02408,-0.04836,1.33684,0.10243,0.03609,
1770731372615130112,36.24393,-0.56916,-0.32818,0.99887,0.01436,0.03004,-0.03398,1.40099,0.07608,-0.01441,
1770731372813209856,36.50965,-0.55368,-0.33166,0.99920,0.00757,0.02689,-0.02864,1.35193,-0.06508,-0.03882,
1770731373012813312,36.78597,-0.56196,-0.33895,0.99904,0.01040,0.03057,-0.02957,1.22984,-0.00717,0.03259,
1770731373213005312,37.04153,-0.56652,-0.33705,0.99921,0.00951,0.02341,-0.03083,1.15849,0.04878,0.07428,
1770731373412392960,37.30384,-0.57571,-0.33594,0.99927,0.01355,0.01929,-0.03016,1.36983,-0.11247,-0.07827,
1770731373611980032,37.59657,-0.57488,-0.34623,0.99902,0.00880,0.02802,-0.03297,1.34890,0.01718,0.00531,
1770731373812937728,37.86479,-0.59043,-0.34568,0.99897,0.01340,0.02203,-0.03741,1.11463,-0.07365,0.10493,
1770731374014063872,38.11899,-0.59331,-0.33944,0.99908,0.01027,0.01314,-0.03964,1.31627,-0.08238,-0.02545,
1770731374213121536,38.40946,-0.60857,-0.34732,0.99885,0.01240,0.02064,-0.04145,1.46466,-0.14045,-0.04316,
1770731374419895808,38.71260,-0.64541,-0.35443,0.99833,0.02373,0.02994,-0.04334,1.31994,0.01518,0.07103,
1770731374623194880,38.96829,-0.63767,-0.34796,0.99866,0.01193,0.01841,-0.04684,1.33252,-0.11998,-0.07194,
1770731374812782592,39.22156,-0.65813,-0.34967,0.99850,0.01404,0.01615,-0.05033,1.43664,0.06472,-0.03091,
1770731375012282368,39.52858,-0.67987,-0.36052,0.99806,0.01548,0.02995,-0.05225,1.48820,-0.15627,-0.05711,
1770731375211245056,39.79563,-0.69769,-0.35898,0.99825,0.01497,0.02154,-0.05302,1.26680,-0.07670,0.02885,
1770731375411345408,40.06662,-0.71351,-0.35778,0.99853,0.01558,0.01824,-0.04856,1.23935,-0.12266,0.08522,
1770731375605801472,40.34210,-0.73296,-0.35948,0.99883,0.02055,0.02067,-0.03861,1.60501,-0.10659,-0.03374,
1770731375811039232,40.63984,-0.74396,-0.36558,0.99866,0.02033,0.02756,-0.03873,1.26515,-0.08630,0.03066,
1770731376011507456,40.90981,-0.75412,-0.36805,0.99873,0.01964,0.02387,-0.03983,1.25887,-0.16095,-0.00165,
1770731376212030720,41.19731,-0.77749,-0.37498,0.99842,0.02317,0.02677,-0.04353,1.30923,-0.19670,0.01582,
1770731376419689472,41.47974,-0.78673,-0.38029,0.99840,0.01863,0.02327,-0.04809,1.24261,-0.07271,0.02773,
1770731376613900288,41.74641,-0.79717,-0.38193,0.99863,0.01856,0.01926,-0.04508,1.52399,-0.06921,-0.11291,
1770731376810248192,42.02682,-0.81241,-0.38542,0.99845,0.01768,0.02387,-0.04699,1.37662,-0.10588,0.04367,
1770731377011351040,42.30059,-0.84632,-0.38899,0.99828,0.02756,0.02124,-0.04709,1.26077,0.03342,0.09039,
1770731377205088512,42.56121,-0.84328,-0.38322,0.99881,0.01994,0.01593,-0.04160,1.28397,-0.13676,-0.02553,
1770731377411200768,42.86113,-0.86776,-0.39101,0.99879,0.02964,0.02597,-0.02952,1.42800,0.04355,0.03940,
1770731377609999616,43.12626,-0.86808,-0.38753,0.99905,0.02590,0.01865,-0.02979,1.35361,-0.21420,-0.01467,
1770731377809921536,43.39275,-0.88038,-0.38616,0.99906,0.02838,0.01288,-0.03020,1.32574,-0.00121,0.11338,
1770731378018839552,43.70215,-0.88225,-0.39430,0.99906,0.02737,0.02167,-0.02550,1.41963,-0.23621,-0.00844,
1770731378210241024,43.97005,-0.88939,-0.39992,0.99896,0.02456,0.02208,-0.03129,1.52119,0.19839,-0.08274,
1770731378407805696,44.24036,-0.89731,-0.40287,0.99886,0.02570,0.02325,-0.03273,1.42972,-0.10541,-0.11197,
1770731378609759232,44.50499,-0.89679,-0.39754,0.99899,0.01939,0.01331,-0.03827,1.31015,0.01990,0.08416,
1770731378810332928,44.78923,-0.91394,-0.40706,0.99877,0.02187,0.01804,-0.04062,1.52943,0.01884,-0.04716,
1770731379009288192,45.07219,-0.92409,-0.40695,0.99871,0.02020,0.01806,-0.04296,1.43104,-0.06222,-0.09184,
1770731379206441472,45.35091,-0.94541,-0.41380,0.99850,0.02061,0.01914,-0.04691,1.44192,-0.03644,-0.05060,
1770731379406690304,45.61518,-0.96134,-0.40850,0.99855,0.02067,0.01079,-0.04852,1.33442,0.00011,-0.03566,
1770731379608952576,45.91531,-0.97206,-0.42268,0.99834,0.01523,0.02187,-0.05101,1.56112,-0.19588,-0.05121,
1770731379809425152,46.21049,-1.00040,-0.42573,0.99796,0.01728,0.02651,-0.05550,1.33334,-0.03138,0.03510,
1770731380008054528,46.47038,-1.00713,-0.42699,0.99815,0.00952,0.02035,-0.05655,1.56221,-0.40309,-0.04157,
1770731380209993472,46.74092,-1.05424,-0.42607,0.99763,0.01944,0.01946,-0.06312,1.53953,0.05663,-0.19739,
1770731380415216128,47.02876,-1.06248,-0.42401,0.99834,0.01632,0.01329,-0.05366,1.95769,-0.32079,-0.17628,
1770731380610197504,47.33691,-1.09191,-0.44418,0.99826,0.02360,0.03013,-0.04477,1.38102,0.05998,-0.03134,
1770731380809193984,47.60115,-1.09476,-0.44376,0.99873,0.02023,0.02080,-0.04111,1.22861,0.14968,0.01090,
1770731381008605952,47.86737,-1.10337,-0.44642,0.99894,0.01977,0.01894,-0.03690,1.46186,-0.12656,-0.07787,
1770731381207138560,48.14309,-1.09683,-0.44751,0.99913,0.01117,0.01456,-0.03741,1.38648,0.02509,0.00448,
1770731381409421568,48.43571,-1.13206,-0.45343,0.99877,0.02544,0.02236,-0.03630,1.51559,-0.20687,-0.03297,
1770731381605559808,48.72750,-1.13716,-0.46382,0.99872,0.02127,0.02639,-0.03744,1.36670,0.00336,-0.00245,
1770731381810641664,49.02007,-1.15108,-0.47238,0.99862,0.02028,0.02762,-0.03976,1.31854,-0.19522,0.01852,
1770731382012973056,49.28885,-1.17075,-0.46772,0.99864,0.02436,0.01842,-0.04232,1.15397,-0.23696,0.05946,
1770731382207576832,49.54590,-1.17245,-0.47155,0.99868,0.01639,0.01550,-0.04625,1.22771,-0.17918,0.00669,
1770731382429000192,49.78308,-1.19116,-0.47269,0.99856,0.01848,0.01553,-0.04788,0.80412,-0.06111,0.02848,
1770731382606867200,49.93232,-1.18072,-0.46609,0.99899,0.01059,0.00819,-0.04297,0.84092,0.01403,0.06017,
1770731382807344896,50.11791,-1.19698,-0.47365,0.99916,0.01834,0.01625,-0.03292,0.71355,-0.15794,0.00768,
1770731383006982144,50.23065,-1.20393,-0.47605,0.99931,0.02312,0.01984,-0.02118,0.16397,0.08300,0.04471,
1770731383207052032,50.25966,-1.18382,-0.47195,0.99976,0.01697,0.01374,-0.00172,0.10365,0.06835,0.00808,
1770731383405322496,50.29556,-1.16919,-0.47075,0.99956,0.01476,0.01108,0.02327,0.25231,0.07998,0.00460,
1770731383606008832,50.36773,-1.15320,-0.47436,0.99868,0.01526,0.01471,0.04672,0.40302,0.10119,-0.01196,
1770731383807032832,50.47293,-1.12628,-0.48422,0.99692,0.01565,0.02010,0.07421,0.57307,0.14912,-0.05580,
1770731384004213760,50.59044,-1.08861,-0.49404,0.99341,0.01503,0.02705,0.11034,0.48761,0.21266,-0.00555,
1770731384204956416,50.67527,-1.04138,-0.49553,0.99020,0.00902,0.02617,0.13692,0.42217,0.24217,-0.04275,
1770731384405265664,50.70078,-1.02856,-0.49100,0.98510,0.01269,0.01962,0.17041,0.10636,0.11972,0.04263,
1770731384603116288,50.76385,-0.97835,-0.49348,0.98183,0.00812,0.02030,0.18847,0.42063,0.14882,0.01811,
1770731384805851648,50.84023,-0.93796,-0.49437,0.97720,0.01200,0.01743,0.21127,0.43754,0.20035,0.00884,
1770731385006001152,50.94298,-0.88505,-0.49524,0.97354,0.01732,0.01545,0.22735,0.58832,0.36500,-0.03015,
1770731385205553408,51.05772,-0.76380,-0.51664,0.96867,-0.00758,0.02544,0.24693,0.58108,0.76335,-0.14594,
1770731385400832768,51.14820,-0.66809,-0.52767,0.96167,-0.02098,0.03055,0.27170,0.39586,0.17712,-0.02083,
1770731385642348032,51.22263,-0.60444,-0.53255,0.95044,-0.01748,0.03041,0.30894,0.47745,0.48593,-0.08221,
1770731385805575936,51.28527,-0.54218,-0.54085,0.94187,-0.01780,0.03628,0.33354,0.30892,0.34001,-0.00814,
1770731386005972736,51.32663,-0.48663,-0.54255,0.92962,-0.01553,0.03440,0.36659,0.25927,0.42018,-0.03461,
1770731386203835136,51.38349,-0.40151,-0.54561,0.92079,-0.01692,0.03595,0.38803,0.31604,0.41199,-0.00454,
1770731386403401216,51.43752,-0.32935,-0.54369,0.90738,-0.01157,0.03632,0.41858,0.38502,0.40694,-0.02979,
1770731386604778496,51.49993,-0.24102,-0.54904,0.89695,-0.00397,0.03886,0.44041,0.34428,0.52254,0.00710,
1770731386805425664,51.54863,-0.13129,-0.54993,0.88266,0.00151,0.03853,0.46842,0.32969,0.53503,0.01140,
1770731387004684032,51.58578,-0.03958,-0.54738,0.86888,0.00545,0.03752,0.49357,0.07101,0.39544,0.07912,
1770731387204073728,51.58795,0.04544,-0.53634,0.85736,0.01205,0.01371,0.51439,0.09837,0.45687,0.05489,
1770731387404334336,51.61162,0.16335,-0.54069,0.84440,0.01078,0.01006,0.53551,0.22259,0.76208,-0.06866,
1770731387603240704,51.65114,0.30170,-0.54318,0.82808,0.01163,0.01168,0.56036,0.15963,0.64411,0.00301,
1770731387804744704,51.67529,0.41924,-0.53954,0.81233,0.01181,0.01276,0.58293,0.12831,0.64733,0.00263,
1770731388004229120,51.69406,0.51218,-0.53907,0.79454,0.01174,0.01759,0.60684,0.01974,0.31959,0.02661,
1770731388203953920,51.69408,0.58114,-0.53346,0.77956,0.01698,0.01183,0.62598,-0.01755,0.38963,0.04976,
1770731388402362368,51.68203,0.67753,-0.53409,0.76642,0.01356,0.00616,0.64217,-0.03719,0.60833,-0.03710,
1770731388602990080,51.68332,0.79245,-0.54060,0.74906,0.00986,0.01261,0.66230,0.03848,0.57308,-0.05101,
1770731388806143744,51.68545,0.87522,-0.54484,0.72946,0.00958,0.01743,0.68373,-0.10340,0.25185,0.01765,
1770731389004040448,51.66159,0.92034,-0.54192,0.71262,0.01157,0.00705,0.70142,-0.12972,0.25815,0.03736,
1770731389205198080,51.64269,1.00215,-0.55043,0.69080,0.00615,0.01312,0.72290,-0.00562,0.38275,-0.04105,
1770731389404626176,51.62941,1.08136,-0.55965,0.66983,0.00075,0.02164,0.74220,-0.13609,0.44575,-0.05053,
1770731389602386176,51.60513,1.16464,-0.56679,0.64754,-0.00451,0.02788,0.76151,-0.10533,0.37955,-0.00181,
1770731389814554624,51.58401,1.23604,-0.56866,0.62070,-0.00406,0.03315,0.78334,-0.09838,0.35505,-0.03047,
1770731390003799296,51.56886,1.27283,-0.56997,0.59795,-0.00409,0.03478,0.80077,-0.09905,0.05182,0.01063,
1770731390201342208,51.53846,1.29451,-0.56791,0.57899,-0.00161,0.02942,0.81480,-0.22990,0.28138,-0.01138,
1770731390402229760,51.51148,1.37098,-0.57937,0.56592,-0.01145,0.04178,0.82332,-0.03370,0.24833,-0.04635,
1770731390614088704,51.50187,1.36617,-0.57858,0.54479,-0.00697,0.03642,0.83775,-0.04712,-0.06454,0.01147,
1770731390804801536,51.48688,1.36301,-0.57920,0.52351,-0.00548,0.03433,0.85131,-0.05414,0.05108,-0.02520,
1770731390997330688,51.47862,1.36324,-0.58128,0.49810,-0.00496,0.03558,0.86638,-0.06069,-0.03257,-0.01119,
1770731391202728704,51.46651,1.35201,-0.58214,0.46885,-0.00370,0.03405,0.88262,-0.03568,-0.06401,-0.00360,
1770731391402378496,51.45421,1.33858,-0.58325,0.44313,-0.00296,0.03187,0.89589,-0.06367,-0.06135,-0.00824,
1770731391601310208,51.44079,1.32406,-0.58511,0.41956,-0.00316,0.02934,0.90725,-0.05957,-0.06602,-0.01027,
1770731391802873088,51.42785,1.31121,-0.58727,0.39639,-0.00345,0.02731,0.91767,-0.05786,-0.06196,-0.00965,
1770731392000377344,51.41744,1.30083,-0.58945,0.37310,-0.00419,0.02618,0.92741,-0.05462,-0.04932,-0.01171,
1770731392202207488,51.41215,1.29073,-0.59201,0.34410,-0.00479,0.02599,0.93856,-0.04010,-0.05882,-0.01219,
1770731392400914944,51.40431,1.28813,-0.59404,0.33044,-0.00494,0.02504,0.94348,-0.05547,0.05503,-0.01096,
1770731392601706496,51.39372,1.30023,-0.59488,0.33261,-0.00359,0.02527,0.94272,-0.05665,0.05070,0.01731,
1770731392800963840,51.36377,1.32446,-0.59428,0.33280,-0.00236,0.02497,0.94267,-0.21408,0.19183,-0.00697,
1770731393002171136,51.32381,1.35898,-0.59463,0.33084,-0.00207,0.02640,0.94331,-0.18793,0.15372,-0.00220,
1770731393213248000,51.28047,1.37953,-0.59497,0.31394,-0.00297,0.02636,0.94907,-0.24835,0.07298,-0.00888,
1770731393401057024,51.24292,1.38538,-0.59391,0.28986,-0.00233,0.02338,0.95678,-0.13533,0.03255,0.00426,
1770731393604359680,51.21509,1.38678,-0.59380,0.26265,-0.00067,0.02267,0.96463,-0.14926,0.03132,-0.00620,
1770731393809567744,51.18505,1.38984,-0.59340,0.23780,0.00090,0.02252,0.97105,-0.18328,0.01591,-0.00286,
1770731394002868992,51.14708,1.39238,-0.59561,0.21153,-0.00111,0.02416,0.97707,-0.21005,0.04784,-0.02163,
1770731394200664320,51.10655,1.39886,-0.59830,0.18428,-0.00355,0.02615,0.98252,-0.18801,0.00946,-0.00333,
1770731394405134336,51.07321,1.39294,-0.59718,0.15477,-0.00210,0.02355,0.98767,-0.14324,-0.03279,0.00285,
1770731394602383616,51.04471,1.39294,-0.59792,0.14198,-0.00166,0.02216,0.98962,-0.15667,0.03213,-0.00394,
1770731394800500480,50.99946,1.40128,-0.60008,0.14453,-0.00333,0.01971,0.98930,-0.29493,0.05887,-0.02291,
1770731395001171200,50.95057,1.41319,-0.60304,0.14509,-0.00439,0.01865,0.98923,-0.21069,0.02287,-0.00598,
1770731395201079552,50.90746,1.41603,-0.60389,0.14042,-0.00322,0.01636,0.98995,-0.24267,0.00107,-0.00654,
1770731395403187968,50.85911,1.41625,-0.60509,0.12406,-0.00522,0.01460,0.99215,-0.23810,-0.02460,-0.00430,
1770731395594855680,50.82133,1.41378,-0.60622,0.10352,-0.00694,0.01426,0.99450,-0.16514,0.00494,-0.00481,
1770731395797963008,50.78105,1.42111,-0.60951,0.10173,-0.01029,0.01524,0.99464,-0.21873,0.05476,-0.02547,
1770731396000471808,50.73046,1.42900,-0.61577,0.10190,-0.01641,0.01497,0.99455,-0.26501,0.03334,-0.03907,
1770731396200204544,50.68099,1.43512,-0.61997,0.09835,-0.01855,0.01505,0.99487,-0.31682,0.05075,-0.03089,
1770731396400501760,50.59312,1.45188,-0.62789,0.09689,-0.02497,0.01720,0.99483,-0.52388,0.03332,-0.03645,
1770731396603182848,50.49292,1.45410,-0.63295,0.09070,-0.03093,0.01253,0.99532,-0.45520,-0.08198,-0.02581,
1770731396800135168,50.41724,1.44596,-0.63642,0.07846,-0.03275,0.00778,0.99635,-0.35894,-0.02525,-0.00453,
1770731397001686272,50.33945,1.44418,-0.63782,0.06373,-0.03320,0.00697,0.99739,-0.42802,0.00336,-0.01367,
1770731397218680832,50.26214,1.46039,-0.63128,0.05711,-0.02587,0.01244,0.99796,-0.31668,0.04924,0.06092,
1770731397399392000,50.20682,1.46688,-0.62070,0.05230,-0.01385,0.01441,0.99843,-0.36288,0.01623,0.06829,
1770731397599916800,50.13925,1.48455,-0.59970,0.03998,0.00496,0.02360,0.99891,-0.41677,0.11231,0.09800,
1770731397798292992,50.02866,1.48670,-0.58602,0.03866,0.01455,0.02133,0.99892,-0.69006,-0.11043,0.05829,
1770731397997583104,49.88111,1.45651,-0.57154,0.03556,0.04594,0.00237,0.99831,-0.99730,-0.06474,0.10476,
1770731398201280000,49.59770,1.51446,-0.58740,0.03242,0.00406,0.02914,0.99904,-1.74880,0.32486,-0.23883,
1770731398398816512,49.28206,1.51561,-0.58943,0.04036,-0.00918,0.01776,0.99899,-1.72342,0.06165,-0.11918,
1770731398599063040,48.99038,1.54103,-0.58439,0.04311,-0.00394,0.02266,0.99881,-1.26065,0.06576,0.06924,
1770731398798694400,48.72000,1.55608,-0.58499,0.04513,-0.00575,0.02268,0.99871,-1.37467,0.07767,0.00304,
1770731398999024384,48.45335,1.56827,-0.57366,0.04548,0.00107,0.02066,0.99875,-1.39111,0.08208,-0.00049,
1770731399198512128,48.18308,1.59450,-0.56511,0.04812,0.00631,0.02376,0.99854,-1.43582,0.03786,0.00403,
1770731399398874368,47.91445,1.60455,-0.55374,0.04487,0.01111,0.02214,0.99869,-1.42389,0.06597,0.01615,
1770731399598407424,47.61671,1.62364,-0.55270,0.03596,0.00138,0.02714,0.99898,-1.32546,0.03537,0.09964,
1770731399804585472,47.31741,1.62932,-0.54901,0.02687,-0.00110,0.02866,0.99923,-1.32000,0.11429,0.08644,
1770731399998275072,47.05947,1.62414,-0.53900,0.02381,0.00153,0.02385,0.99943,-1.28906,0.03559,0.03621,
1770731400194403072,46.79664,1.63589,-0.53330,0.02919,0.00304,0.02783,0.99918,-1.47280,0.12460,-0.02654,
1770731400398130944,46.49696,1.64397,-0.53095,0.03762,-0.00004,0.02451,0.99899,-1.36593,-0.12984,0.08016,
1770731400598135808,46.21608,1.66912,-0.52902,0.03957,0.00035,0.03414,0.99863,-1.41972,0.09658,-0.08765,
1770731400798088192,45.94085,1.66800,-0.51784,0.04694,0.00223,0.02439,0.99860,-1.35310,0.07196,0.06166,
1770731400997963264,45.66336,1.70288,-0.51187,0.04855,0.00257,0.03354,0.99825,-1.39846,-0.02099,0.07935,
1770731401203785728,45.38305,1.71528,-0.49993,0.05061,0.00768,0.03277,0.99815,-1.33101,0.14045,0.02730,
1770731401397531392,45.11111,1.73239,-0.49195,0.04803,0.00433,0.03285,0.99830,-1.35430,-0.02912,0.13595,
1770731401597043968,44.83960,1.74515,-0.47867,0.04344,0.00958,0.03258,0.99848,-1.51917,0.09669,-0.02523,
1770731401796900864,44.55878,1.75490,-0.46812,0.03919,0.00756,0.03109,0.99872,-1.42267,0.10356,0.02756,
1770731401997269504,44.27162,1.76940,-0.46654,0.03398,-0.00076,0.03571,0.99878,-1.32973,0.04949,0.11811,
1770731402196370176,43.99486,1.77504,-0.45975,0.02966,-0.00233,0.03425,0.99897,-1.56972,0.16278,-0.10419,
1770731402398530048,43.72897,1.77607,-0.44549,0.03426,0.00334,0.02900,0.99899,-1.43715,-0.17834,-0.05190,
1770731402594030080,43.46218,1.80240,-0.43967,0.03931,0.00694,0.03408,0.99862,-1.37498,-0.04662,0.09414,
1770731402800792576,43.17229,1.82009,-0.43289,0.04762,0.00287,0.03247,0.99833,-1.34208,0.00315,0.05748,
1770731402997308160,42.89724,1.83973,-0.42522,0.05141,0.00113,0.03306,0.99813,-1.45705,0.11638,-0.02767,
1770731403196482560,42.61903,1.85705,-0.41737,0.04779,0.00156,0.03218,0.99834,-1.45166,0.07927,0.10292,
1770731403396965888,42.34053,1.87197,-0.40735,0.04148,0.00176,0.03337,0.99858,-1.29974,-0.01863,-0.00114,
1770731403596356096,42.07178,1.87327,-0.39851,0.03055,0.00121,0.03215,0.99902,-1.36215,0.02100,0.10628,
1770731403792029696,41.80273,1.86354,-0.39169,0.02158,-0.00169,0.02562,0.99944,-1.45220,-0.04644,0.02010,
1770731403995231232,41.53171,1.87233,-0.37871,0.01976,0.00078,0.03167,0.99930,-1.40609,0.09382,0.03764,
1770731404198287616,41.27262,1.87073,-0.36024,0.02465,0.01092,0.02730,0.99926,-1.43327,0.07319,0.02257,
1770731404396266496,40.98427,1.87693,-0.35753,0.03269,0.00100,0.02527,0.99915,-1.49280,-0.00628,0.09649,
1770731404593496064,40.69875,1.88954,-0.35102,0.03823,-0.00527,0.02476,0.99895,-1.31057,0.23714,0.14588,
1770731404796294656,40.43703,1.90409,-0.33659,0.04521,0.00257,0.02307,0.99871,-1.41855,0.08755,0.04448,
1770731404995439104,40.16532,1.92599,-0.33028,0.05152,-0.00003,0.02390,0.99839,-1.61482,0.16941,-0.05212,
1770731405196671488,39.88232,1.96124,-0.32393,0.05828,-0.00145,0.02743,0.99792,-1.51731,0.16206,0.03448,
1770731405394902528,39.62265,1.99102,-0.30876,0.06149,0.00822,0.02897,0.99765,-1.40718,-0.11999,0.09465,
1770731405594976512,39.35534,2.01558,-0.30137,0.05375,0.00877,0.03522,0.99789,-1.32417,0.16741,0.06323,
1770731405794870016,39.07056,2.02248,-0.29229,0.04541,0.00150,0.03048,0.99850,-1.31742,-0.04610,0.10601,
1770731405994742528,38.79928,2.02532,-0.28465,0.03267,0.00001,0.02931,0.99904,-1.21635,0.04087,0.07961,
1770731406193743104,38.54350,2.03282,-0.27142,0.03185,0.00246,0.02927,0.99906,-1.27331,0.18002,0.07312,
1770731406395761152,38.27409,2.04674,-0.26173,0.03982,0.00446,0.02841,0.99879,-1.35038,0.13145,0.02569,
1770731406594515200,38.00064,2.06103,-0.25169,0.04772,0.00229,0.02742,0.99848,-1.37000,0.09961,0.02095,
1770731406793238784,37.73109,2.08221,-0.24746,0.05468,0.00260,0.02708,0.99813,-1.43346,0.15382,0.07409,
1770731406993649920,37.46396,2.09306,-0.23511,0.05214,0.00252,0.02496,0.99832,-1.16478,0.09125,0.05133,
1770731407190799360,37.19305,2.11525,-0.23312,0.04629,-0.00080,0.03032,0.99847,-1.02854,0.17495,0.23643,
1770731407394658304,36.92935,2.12946,-0.21907,0.05293,0.00286,0.02787,0.99821,-1.22490,0.05432,0.04178,
1770731407595139072,36.68381,2.15130,-0.19855,0.05471,0.01464,0.02913,0.99797,-1.31124,-0.02133,0.01170,
1770731407794894848,36.40386,2.16447,-0.19372,0.04915,0.00684,0.02865,0.99836,-1.13937,-0.03443,0.14440,
1770731407992074240,36.12931,2.18007,-0.18660,0.03813,0.00343,0.03369,0.99870,-1.08123,0.05072,0.15163,
1770731408194615808,35.87173,2.17016,-0.17220,0.03045,0.00720,0.02623,0.99917,-1.25549,0.00151,0.08973,
1770731408393683968,35.61030,2.16710,-0.16237,0.02428,0.00463,0.02338,0.99942,-1.38729,0.12469,-0.05580,
1770731408593811968,35.32899,2.17774,-0.15624,0.03072,0.00001,0.02292,0.99927,-1.58640,0.07798,-0.00032,
1770731408793433600,35.06646,2.18717,-0.14655,0.03483,0.00635,0.02793,0.99898,-1.38885,0.05443,-0.05345,
1770731408992770816,34.79559,2.18936,-0.13672,0.03612,0.00507,0.02547,0.99901,-1.19784,-0.00668,0.15649,
1770731409191571456,34.52034,2.20013,-0.13435,0.03299,-0.00515,0.02776,0.99906,-1.28819,0.13137,0.13117,
1770731409394480640,34.26181,2.19973,-0.11833,0.03669,0.00099,0.02462,0.99902,-1.36917,0.06697,-0.01816,
1770731409590200320,34.00771,2.21518,-0.10916,0.04404,0.00549,0.02527,0.99870,-1.52754,0.07091,-0.00437,
1770731409792429056,33.73692,2.23833,-0.09583,0.04703,0.00903,0.02964,0.99841,-1.30643,0.06011,0.10225,
1770731409993549568,33.46671,2.25587,-0.08671,0.04156,0.00576,0.03319,0.99857,-1.18160,0.04213,0.11599,
1770731410192713216,33.19822,2.25015,-0.07394,0.03098,0.00541,0.02932,0.99908,-1.39112,0.07225,0.03363,
1770731410392593408,32.93151,2.23845,-0.06277,0.01890,0.00514,0.02647,0.99946,-1.54229,0.04460,-0.05255,
1770731410592086784,32.66306,2.24085,-0.05622,0.01545,-0.00036,0.02738,0.99951,-1.35573,-0.12806,0.05301,
1770731410792342016,32.42481,2.23677,-0.03434,0.02105,0.01489,0.02881,0.99925,-1.27368,0.03179,0.08344,
1770731410992553728,32.15335,2.24906,-0.02738,0.02730,0.01021,0.03100,0.99909,-1.38527,-0.10784,0.02779,
1770731411193874432,31.86115,2.26064,-0.02166,0.03362,0.00030,0.03161,0.99893,-1.46842,0.10966,0.02147,
1770731411393075968,31.58548,2.27900,-0.01500,0.03811,-0.00254,0.03477,0.99867,-1.38350,0.05433,0.02123,
1770731411588163072,31.32410,2.29030,-0.00453,0.04094,-0.00146,0.03417,0.99858,-1.12431,0.27350,0.16134,
1770731411786134784,31.07591,2.31292,0.01300,0.04497,0.00829,0.03535,0.99833,-1.19017,0.14244,0.10811,
1770731411990700288,30.80506,2.32631,0.02612,0.04378,0.01066,0.03692,0.99830,-1.34276,0.17660,0.10352,
1770731412192129792,30.52606,2.33383,0.03689,0.03660,0.00631,0.03569,0.99867,-1.35504,-0.09693,0.08155,
1770731412390991360,30.25081,2.33036,0.04749,0.03339,0.00272,0.03254,0.99891,-1.32812,0.08056,0.07510,
1770731412591371264,29.99353,2.34468,0.06323,0.04256,0.00974,0.02937,0.99861,-1.38937,-0.03875,0.04123,
1770731412789871872,29.70974,2.35817,0.06834,0.04787,0.00332,0.03017,0.99839,-1.41199,0.26752,0.03344,
1770731412990802688,29.43410,2.37522,0.08228,0.05606,0.00344,0.02746,0.99804,-1.21830,0.02856,0.08840,
1770731413190623232,29.17553,2.39271,0.09465,0.06032,0.00802,0.02716,0.99778,-1.31109,0.11771,0.07560,
1770731413390582272,28.90271,2.41649,0.10292,0.06539,0.00460,0.02729,0.99748,-1.35773,0.10664,0.05280,
1770731413589949952,28.62756,2.43349,0.11509,0.06017,0.00381,0.02666,0.99782,-1.50279,0.16838,0.01247,
1770731413788947712,28.35287,2.44879,0.12547,0.05100,0.00324,0.02663,0.99834,-1.26139,-0.07915,0.12905,
1770731413985928192,28.08444,2.45714,0.13397,0.03968,0.00312,0.02789,0.99882,-1.02294,-0.03533,0.19686,
1770731414190985728,27.82017,2.45288,0.14647,0.03082,0.00167,0.02567,0.99919,-1.32587,0.02433,0.04882,
1770731414389569536,27.55664,2.44538,0.15665,0.03296,0.00099,0.02159,0.99922,-1.44260,0.08612,0.02411,
1770731414586733568,27.28405,2.46115,0.16555,0.03745,0.00023,0.02436,0.99900,-1.50870,0.20540,0.03176,
1770731414789145856,27.00912,2.47146,0.17813,0.04269,0.00495,0.02353,0.99880,-1.30033,-0.02740,0.08126,
1770731414989475840,26.74464,2.49320,0.18620,0.05010,0.00333,0.02832,0.99834,-1.44660,0.01213,0.06721,
1770731415189048832,26.47557,2.49909,0.19532,0.06103,0.00501,0.02121,0.99790,-1.43468,0.07227,0.02472,
1770731415390044416,26.19783,2.52876,0.19799,0.06496,-0.00287,0.02663,0.99753,-1.36682,0.17935,0.02870,
1770731415602603264,25.91412,2.55076,0.20665,0.06960,-0.00253,0.02415,0.99728,-1.36324,0.06822,0.10824,
1770731415789006080,25.66728,2.56538,0.20848,0.06163,-0.00468,0.02309,0.99782,-1.50405,0.10213,-0.05594,
1770731415990156288,25.41195,2.57324,0.22530,0.05423,0.00278,0.02004,0.99832,-1.40955,-0.05866,-0.08654,
1770731416190200320,25.14556,2.57796,0.23083,0.04611,0.00089,0.01873,0.99876,-1.20252,0.01722,0.11854,
1770731416384986112,24.88687,2.58464,0.23510,0.03931,-0.00404,0.02106,0.99900,-1.11694,0.05478,0.17138,
1770731416587315200,24.64212,2.59501,0.25417,0.04765,0.00498,0.01971,0.99866,-1.33232,0.21580,0.03361,
1770731416788878848,24.37094,2.61290,0.26249,0.05708,0.00438,0.01834,0.99819,-1.43859,0.22208,0.02511,
1770731416985924608,24.10128,2.63763,0.26962,0.06687,0.00061,0.01725,0.99761,-1.29802,0.00806,0.03605,
1770731417190232320,23.83899,2.65437,0.28134,0.06745,0.00338,0.01533,0.99760,-1.22392,0.04843,0.09339,
1770731417392999680,23.58615,2.67200,0.28733,0.05837,0.00090,0.01758,0.99814,-1.11910,0.04006,0.10449,
1770731417588044800,23.34104,2.67951,0.29452,0.05442,0.00025,0.01511,0.99840,-1.33361,0.09333,-0.04246,
1770731417787946752,23.08593,2.69592,0.30284,0.05614,-0.00082,0.01366,0.99833,-1.32633,0.02765,0.02596,
1770731417988144896,22.82301,2.71828,0.30723,0.06182,-0.00123,0.01300,0.99800,-1.20007,0.17155,0.05997,
1770731418187712512,22.56202,2.75742,0.31093,0.08057,-0.00212,0.01416,0.99665,-1.40797,0.15098,-0.04598,
1770731418388107008,22.30177,2.77325,0.32187,0.08467,-0.00004,0.00301,0.99640,-1.22417,0.12383,-0.01999,
1770731418587095296,22.05228,2.78335,0.33285,0.05843,0.00515,0.00126,0.99828,-1.25344,-0.04290,0.06474,
1770731418789179648,21.79974,2.78456,0.33736,0.04311,-0.00530,-0.00003,0.99906,-1.11206,0.18905,-0.00018,
1770731418987818496,21.69067,2.77035,0.33834,0.01782,-0.01149,0.00005,0.99978,-0.28847,0.29389,-0.02140,
1770731419187714816,21.74250,2.76078,0.34574,0.01410,-0.00121,-0.00322,0.99989,0.63439,-0.24715,0.11381,
1770731419387174400,21.75584,2.75943,0.35371,0.01813,0.00380,-0.00469,0.99982,-0.01198,-0.09855,0.03300,
1770731419587914240,21.68005,2.76080,0.35881,0.02355,0.00109,-0.00359,0.99972,-0.47511,-0.12306,0.04714,
1770731419788272384,21.56298,2.74947,0.36610,0.02764,-0.00102,-0.00596,0.99960,-0.63476,0.01038,0.10483,
1770731419990118656,21.40394,2.75769,0.38214,0.03223,0.00893,-0.00264,0.99944,-0.82682,0.17143,0.13084,
1770731420186789888,21.17779,2.77130,0.38327,0.03911,0.00374,-0.00528,0.99921,-1.38163,0.11652,-0.01133,
1770731420387342336,20.89452,2.77277,0.39157,0.03342,0.00037,-0.00583,0.99942,-1.72131,0.19264,-0.06894,
1770731420586950656,20.62124,2.76891,0.40116,0.02027,0.00667,-0.01034,0.99972,-1.50223,-0.28055,-0.00620,
1770731420787023872,20.34418,2.80790,0.39675,0.02008,-0.01513,0.01238,0.99961,-1.34377,0.31813,-0.04349,
1770731420980369920,20.11593,2.83438,0.38536,0.01784,-0.03854,0.02279,0.99884,-0.84541,-0.09133,0.03329,
1770731421187081216,20.00871,2.82158,0.39858,0.00303,-0.02263,0.01891,0.99956,-0.34738,-0.06724,0.04346,
1770731421386547456,19.94843,2.80259,0.41472,-0.00121,0.00072,0.01286,0.99992,-0.35358,-0.17643,0.12424,
1770731421586873856,19.81580,2.80020,0.41841,-0.00602,0.00004,0.01731,0.99983,-0.73673,0.16268,0.05244,
1770731421787019008,19.67054,2.80150,0.42581,-0.00133,0.00414,0.01899,0.99981,-0.52804,0.02956,0.06405,
1770731421984454656,19.58821,2.81612,0.42645,0.00250,-0.00440,0.02652,0.99964,-0.06257,0.00864,0.04960,
1770731422186515712,19.58211,2.79945,0.43619,0.00142,0.00675,0.01911,0.99979,-0.13452,0.02083,0.00475,
1770731422384346880,19.51116,2.80341,0.44490,0.00561,0.01201,0.01992,0.99971,-0.69715,0.04077,0.04994,
1770731422584245248,19.30961,2.80478,0.44104,0.01771,-0.00085,0.01696,0.99970,-1.10804,-0.02256,0.07884,
1770731422784944896,19.06963,2.81752,0.44634,0.02086,-0.00374,0.02323,0.99951,-1.13168,0.14509,0.02736,
1770731422983728384,18.86304,2.81729,0.45646,0.03035,0.00405,0.01887,0.99935,-1.01632,-0.02637,0.04693,
1770731423182401792,18.64263,2.81952,0.46639,0.04040,0.00476,0.01633,0.99904,-1.29564,0.18129,0.02258,
1770731423384817152,18.39986,2.83926,0.46876,0.04456,0.00166,0.01976,0.99881,-1.08913,0.07782,0.03230,
1770731423585132800,18.16539,2.84891,0.47249,0.05062,-0.00156,0.01797,0.99856,-1.11316,0.14744,0.13984,
1770731423781340928,17.90878,2.87449,0.47701,0.05997,-0.00363,0.01959,0.99800,-1.20295,0.16805,0.06844,
1770731423988095232,17.66670,2.89945,0.48247,0.07001,-0.00234,0.01925,0.99736,-1.07800,0.08273,0.06233,
1770731424184530432,17.46911,2.92721,0.49380,0.07704,0.00360,0.02119,0.99680,-1.09381,0.09307,0.03989,
1770731424386454016,17.24756,2.96693,0.49126,0.08243,-0.00665,0.02646,0.99622,-0.99886,0.12633,0.05805,
1770731424584238336,17.06398,2.97229,0.50035,0.08213,-0.00078,0.01777,0.99646,-1.03582,0.16034,-0.02914,
1770731424783910400,16.87870,2.99585,0.50552,0.07181,0.00193,0.01965,0.99722,-0.91471,0.00051,0.05427,
1770731424983159552,16.68100,3.00864,0.51655,0.05957,0.00304,0.01940,0.99803,-0.78564,0.04359,0.15912,
1770731425182409216,16.48379,3.00412,0.52519,0.04710,0.00725,0.01394,0.99877,-1.08823,0.04584,0.04819,
1770731425383918592,16.27098,3.00901,0.53577,0.03924,0.01029,0.01276,0.99910,-1.00856,0.03670,0.08773,
1770731425580281856,16.05965,3.01609,0.54387,0.03978,0.00890,0.01189,0.99910,-1.13457,-0.01366,0.05545,
1770731425783523584,15.81125,3.02761,0.55892,0.04415,0.01307,0.01131,0.99888,-1.38658,0.09364,-0.04931,
1770731425983929856,15.58573,3.04067,0.56958,0.05035,0.01514,0.00957,0.99857,-0.96596,-0.02514,0.15504,
1770731426182952704,15.35297,3.06401,0.57525,0.05629,0.00882,0.01310,0.99829,-1.25505,0.07569,0.03793,
1770731426383617024,15.10149,3.06940,0.58400,0.05856,0.00845,0.00586,0.99823,-1.45202,0.15714,-0.04691,
1770731426582856192,14.84384,3.08874,0.58992,0.05201,0.00351,0.00687,0.99862,-1.09728,0.00705,0.06127,
1770731426783507200,14.62340,3.08497,0.59938,0.04741,0.00405,0.00129,0.99887,-1.14271,0.04729,0.00149,
1770731426983189248,14.39015,3.09505,0.60207,0.03481,0.00083,0.00542,0.99938,-1.29935,0.11446,0.03811,
1770731427183656960,14.11750,3.12761,0.60103,0.02463,-0.01201,0.02176,0.99939,-1.29482,0.16357,-0.01970,
1770731427384297216,13.88391,3.11494,0.60880,0.02092,0.00226,0.01498,0.99967,-1.07624,0.02790,0.10524,
1770731427580932864,13.64073,3.12257,0.62071,0.02566,0.00243,0.01786,0.99951,-1.35612,0.05405,0.01619,
1770731427782927104,13.39485,3.12481,0.63187,0.03156,0.01261,0.01867,0.99925,-1.25625,0.10696,0.05866,
1770731427984046336,13.12960,3.13155,0.63686,0.04394,0.00463,0.01642,0.99889,-1.31099,0.13731,0.07100,
1770731428181904640,12.85867,3.15374,0.64285,0.05932,0.00076,0.01797,0.99808,-1.40205,0.09285,0.02236,
1770731428382352640,12.60090,3.17915,0.65392,0.07967,0.00581,0.01702,0.99666,-1.42532,0.13444,-0.00268,
1770731428581854976,12.34943,3.21472,0.66336,0.09434,0.00867,0.01671,0.99536,-1.48937,0.23873,-0.09411,
1770731428781598208,12.07037,3.26111,0.65956,0.10148,-0.00368,0.01733,0.99468,-1.54845,0.10342,-0.02133,
1770731428993386240,11.81988,3.29028,0.66922,0.10277,-0.00263,0.01263,0.99462,-1.28131,0.23282,-0.08352,
1770731429180643584,11.63506,3.31866,0.68187,0.09243,0.00625,0.01350,0.99561,-1.10007,0.16274,-0.02311,
1770731429385577984,11.48487,3.31995,0.68027,0.07127,-0.00868,0.00742,0.99739,-0.36125,-0.02678,-0.00141,
1770731429580120576,11.49296,3.31823,0.68310,0.06930,-0.00571,0.00728,0.99755,0.39767,-0.14064,0.05986,
1770731429781726720,11.52816,3.31478,0.69012,0.07116,0.00222,0.00588,0.99745,0.14331,0.02118,0.01799,
1770731429981100800,11.52819,3.31262,0.69298,0.07235,0.00162,0.00563,0.99736,-0.02681,-0.01293,0.01090,
1770731430189263872,11.51121,3.31405,0.69648,0.07072,0.00302,0.00520,0.99748,-0.06499,-0.07808,0.04941,
1770731430381496064,11.46948,3.30636,0.70290,0.06471,0.00419,0.00191,0.99789,-0.33636,-0.00890,0.03275,
1770731430581066752,11.38456,3.31388,0.70826,0.05061,0.00775,0.00811,0.99866,-0.61959,0.07199,0.00407,
1770731430777047040,11.23939,3.30688,0.70671,0.04245,-0.00290,0.00298,0.99909,-0.77685,-0.01845,-0.01393,
1770731430979656704,11.09920,3.30980,0.70793,0.03249,-0.00845,0.00620,0.99942,-0.66583,-0.01307,0.02385,
1770731431181318912,10.98302,3.31449,0.71019,0.01360,-0.01286,0.01110,0.99976,-0.49554,0.02483,0.00948,
1770731431379919872,10.90310,3.28936,0.72221,-0.00443,-0.00085,0.00282,0.99999,-0.37344,-0.22080,0.06235,
1770731431580135168,10.80909,3.27606,0.72225,-0.01752,-0.00290,0.00156,0.99984,-0.52664,0.03855,-0.02349,
1770731431781492736,10.69893,3.27213,0.72235,-0.03209,-0.00531,0.00585,0.99945,-0.45784,-0.07820,0.08165,
1770731431983929600,10.60173,3.26191,0.73417,-0.03458,0.00727,0.00682,0.99935,-0.53649,-0.02402,0.01984,
1770731432181348864,10.46839,3.25353,0.73477,-0.03408,0.00145,0.00925,0.99938,-0.73438,-0.17064,0.01442,
1770731432379086592,10.32280,3.23462,0.73499,-0.03205,0.00100,0.00656,0.99946,-0.80434,-0.05589,0.00797,
1770731432575399936,10.18096,3.22237,0.73785,-0.02500,-0.00190,0.00516,0.99967,-0.82230,-0.00362,-0.07499,
1770731432780399360,10.01743,3.22311,0.74114,-0.00733,-0.00319,0.00595,0.99995,-0.84292,0.02194,0.05123,
1770731432980204544,9.83834,3.21454,0.74482,0.00544,-0.00303,0.00146,0.99998,-0.78851,-0.02192,0.05005,
1770731433180125952,9.67728,3.22050,0.75156,0.01452,0.00112,0.00345,0.99989,-0.65913,-0.00138,0.07805,
1770731433381831168,9.51244,3.22853,0.75386,0.01906,-0.00093,0.00658,0.99980,-0.81270,0.04108,0.03624,
1770731433577878528,9.35722,3.21868,0.76527,0.02366,0.00698,0.00025,0.99970,-0.90028,-0.06249,0.03826,
1770731433780184320,9.13494,3.22811,0.76319,0.02683,-0.00134,0.00385,0.99963,-1.11549,0.10376,0.05206,
1770731433978175232,8.88642,3.23675,0.76849,0.03023,-0.00212,0.00407,0.99953,-1.33759,0.09331,-0.02006,
1770731434179456768,8.63850,3.25781,0.77028,0.03458,-0.00738,0.01006,0.99932,-1.18516,-0.04434,-0.00984,
1770731434379894528,8.41948,3.25994,0.78002,0.03807,-0.00315,0.00794,0.99924,-1.06574,0.07585,0.05775,
1770731434578647296,8.19261,3.26985,0.78248,0.04048,-0.00196,0.00718,0.99915,-1.32855,0.04832,-0.03008,
1770731434773734400,7.97595,3.28510,0.78925,0.04406,0.00015,0.00955,0.99898,-1.09807,0.14032,0.00426,
1770731434978412032,7.73939,3.29694,0.79237,0.04727,-0.00270,0.00876,0.99884,-1.13574,-0.08765,0.04801,
1770731435177485056,7.50955,3.31060,0.79822,0.04744,-0.00378,0.01026,0.99881,-1.00246,0.18851,0.09202,
1770731435381218560,7.32563,3.32468,0.80436,0.05431,0.00307,0.00985,0.99847,-1.04462,-0.07227,0.01707,
1770731435578225408,7.11627,3.33827,0.81489,0.05242,0.00358,0.01135,0.99855,-1.12064,0.11672,0.02994,
1770731435776562688,6.88060,3.36736,0.81235,0.05509,-0.00409,0.01831,0.99831,-1.04032,0.08708,0.06941,
1770731435976526336,6.67712,3.38411,0.81942,0.05604,0.00169,0.01996,0.99823,-1.16830,0.02880,-0.07463,
1770731436177266432,6.47089,3.40488,0.83547,0.05183,0.00479,0.02581,0.99831,-0.75864,0.22175,0.20132,
1770731436377270784,6.27151,3.42564,0.82849,0.06454,0.00159,0.02586,0.99758,-0.86924,0.16384,-0.07405,
1770731436577225728,6.04697,3.43057,0.83365,0.06797,0.00198,0.01680,0.99754,-1.05647,0.03198,0.06605,
1770731436778706432,5.86491,3.45184,0.83857,0.06371,0.00103,0.01860,0.99779,-0.64226,-0.27955,0.10211,
1770731436973484544,5.72169,3.45914,0.84668,0.06696,0.00681,0.01570,0.99761,-0.69846,0.03792,0.08246,
1770731437179928064,5.56025,3.46456,0.85352,0.06241,0.00871,0.01329,0.99792,-1.18664,0.23738,-0.05590,
1770731437376879360,5.34442,3.49160,0.85489,0.06224,-0.00165,0.01851,0.99789,-0.85142,0.21536,0.07493,
1770731437576763136,5.15995,3.50514,0.86124,0.06224,0.00077,0.01811,0.99790,-0.79639,-0.00398,0.10555,
1770731437776582144,4.99886,3.50638,0.86910,0.05857,0.00742,0.01506,0.99814,-0.88900,0.03143,-0.01766,
1770731437976641536,4.80569,3.52276,0.87224,0.05269,0.00182,0.01952,0.99842,-1.12268,0.11806,-0.05169,
1770731438177609984,4.60770,3.52378,0.88238,0.05067,0.00366,0.01501,0.99860,-0.97586,0.07292,0.02715,
1770731438376839936,4.42174,3.53744,0.88889,0.04678,0.00555,0.01794,0.99873,-0.96481,0.01995,0.05182,
1770731438575756800,4.22598,3.53646,0.89308,0.04240,0.00296,0.01471,0.99899,-1.01323,-0.05857,-0.01379,
1770731438774220288,4.02128,3.55358,0.89846,0.03681,0.00146,0.01999,0.99912,-1.05993,0.06645,0.05272,
1770731438975967744,3.82065,3.55023,0.90984,0.03507,0.00711,0.01467,0.99925,-0.88382,-0.07172,0.07482,
1770731439174944256,3.60532,3.55584,0.91586,0.03334,0.00731,0.01637,0.99928,-1.20717,0.09691,0.00405,
1770731439373214208,3.39891,3.57777,0.92012,0.03913,-0.00028,0.02056,0.99902,-0.75440,-0.01656,0.05658,
1770731439573855488,3.24368,3.56575,0.93221,0.04011,0.00826,0.01088,0.99910,-0.93710,0.04651,0.01625,
1770731439774627840,3.05870,3.58676,0.93176,0.04290,0.00132,0.01572,0.99895,-0.66788,0.12225,0.03771,
1770731439974424832,2.90826,3.59032,0.94106,0.04294,0.00405,0.01374,0.99897,-0.77675,0.09959,0.07127,
1770731440173885696,2.74020,3.59920,0.95103,0.04249,0.00535,0.01410,0.99898,-0.72523,0.01517,0.09507,
1770731440372972800,2.58117,3.60296,0.96920,0.04037,0.02038,0.01305,0.99889,-0.88059,0.12649,0.09126,
1770731440571798016,2.38897,3.62120,0.98348,0.04364,0.02251,0.01697,0.99865,-0.91094,0.09810,0.02195,
1770731440773929472,2.16431,3.64602,0.99119,0.04798,0.01738,0.02148,0.99847,-1.21605,0.16176,-0.03106,
1770731440973271552,1.92900,3.70247,0.98194,0.05231,-0.00863,0.04118,0.99774,-1.29381,0.37046,-0.09992,
1770731441173930496,1.75369,3.74351,0.98506,0.05067,-0.01289,0.05302,0.99722,-0.54790,-0.05075,0.14970,
1770731441375646464,1.67879,3.72100,1.01585,0.03943,0.02274,0.03944,0.99818,-0.25379,-0.14190,0.13990,
1770731441571024384,1.61583,3.70717,1.02971,0.02909,0.03399,0.03407,0.99842,-0.29903,-0.00757,0.04682,
1770731441772354816,1.53293,3.70118,1.03884,0.00502,0.03889,0.03641,0.99857,-0.50340,-0.11793,0.05837,
1770731441974082048,1.43498,3.69127,1.04952,-0.00680,0.04193,0.03715,0.99841,-0.34332,0.01580,0.07650,
1770731442174585856,1.36711,3.67241,1.06232,-0.02820,0.04857,0.03504,0.99781,-0.36963,-0.20645,0.09353,
1770731442384760832,1.28808,3.63730,1.07544,-0.05627,0.04833,0.02818,0.99685,-0.30355,-0.16570,0.07360,
1770731442572604160,1.23163,3.60265,1.08458,-0.08224,0.04851,0.02213,0.99518,-0.32162,-0.18520,0.04153,
1770731442772286208,1.14357,3.56245,1.08899,-0.10930,0.04254,0.02240,0.99285,-0.59806,-0.23642,-0.01555,
1770731442971382016,1.02252,3.53128,1.09038,-0.13406,0.02948,0.02449,0.99023,-0.62402,-0.19314,-0.00947,
1770731443181674752,0.89105,3.47321,1.08938,-0.16354,0.01822,0.01800,0.98620,-0.59730,-0.39980,0.01592,
1770731443371660800,0.79475,3.40376,1.09770,-0.18990,0.01569,0.00758,0.98165,-0.40137,-0.22986,0.06792,
1770731443573423360,0.71450,3.37063,1.10647,-0.22019,0.02067,0.01527,0.97512,-0.59305,-0.32197,-0.02189,
1770731443770781440,0.58111,3.29621,1.10120,-0.24613,0.00993,0.01891,0.96900,-0.59685,-0.43358,0.03846,
1770731443971482624,0.46745,3.19812,1.09923,-0.27397,0.00222,0.01032,0.96168,-0.55628,-0.55527,-0.00944,
1770731444171186944,0.36369,3.09097,1.08880,-0.30642,-0.00697,0.00029,0.95187,-0.41114,-0.40087,0.02962,
1770731444371395840,0.30476,3.01902,1.09037,-0.33992,-0.00871,-0.00005,0.94042,-0.23559,-0.33639,-0.00139,
1770731444571075584,0.26122,2.94173,1.08736,-0.37075,-0.01379,-0.00422,0.92862,-0.33000,-0.46732,-0.06923,
1770731444771302400,0.20470,2.87416,1.08653,-0.40766,-0.01516,-0.00108,0.91301,-0.17379,-0.34577,0.01653,
1770731444971848704,0.15764,2.77876,1.07817,-0.43757,-0.02095,-0.00458,0.89893,-0.28191,-0.57456,-0.07630,
1770731445173792256,0.13742,2.70791,1.08060,-0.46587,-0.01048,-0.00777,0.88476,0.07376,-0.27033,0.05273,
1770731445371492352,0.13026,2.64173,1.08267,-0.49196,-0.00546,-0.01213,0.87052,-0.12156,-0.26454,0.00582,
1770731445570213632,0.10916,2.59270,1.08275,0.52448,0.00771,0.00609,-0.85136,-0.05491,-0.22593,0.00173,
1770731445766542336,0.11011,2.55055,1.08392,0.55242,0.00708,0.00558,-0.83351,0.06267,-0.16607,0.01513,
1770731445972768768,0.11967,2.49986,1.08557,0.58039,0.00460,0.00560,-0.81431,-0.01990,-0.24012,0.02429,
1770731446166729984,0.10982,2.41512,1.08341,0.60012,0.00240,0.00291,-0.79990,-0.03247,-0.53108,-0.01103,
1770731446370108672,0.10328,2.29968,1.08292,0.62642,0.00422,0.00740,-0.77944,-0.08047,-0.56422,-0.05363,
1770731446570612480,0.08600,2.19527,1.07566,0.64768,0.01245,0.00751,-0.76177,0.01085,-0.52987,-0.00442,
1770731446769839104,0.09895,2.06916,1.06858,0.66758,0.01265,0.01562,-0.74427,0.02324,-0.66319,-0.06604,
1770731446969005824,0.11363,1.94807,1.06045,0.69600,0.01000,0.01851,-0.71773,0.23056,-0.56530,-0.01079,
1770731447170914304,0.12210,1.82413,1.04642,0.71959,0.02117,0.02301,-0.69370,-0.04380,-0.37076,-0.04301,
1770731447370108416,0.13958,1.78848,1.04996,0.74291,0.01298,0.01481,-0.66910,0.20080,-0.29377,-0.01238,
1770731447569169152,0.17693,1.69284,1.04012,0.76234,0.02006,0.02094,-0.64652,0.10757,-0.54850,-0.03566,
1770731447767956480,0.21354,1.60139,1.03548,0.77918,0.02025,0.02427,-0.62600,0.32384,-0.47484,-0.06231,
1770731447969455360,0.26051,1.52020,1.03126,0.80212,0.02195,0.02261,-0.59633,0.25918,-0.32766,-0.00335,
1770731448169683200,0.31690,1.44950,1.02559,0.82020,0.01843,0.02266,-0.57134,0.30216,-0.36369,-0.01690,
1770731448370171392,0.37072,1.38048,1.02224,0.84003,0.01609,0.02495,-0.54172,0.22253,-0.29039,-0.01342,
1770731448569662976,0.42193,1.31059,1.01612,0.85978,0.01622,0.02563,-0.50977,0.23078,-0.41645,-0.04052,
1770731448771039488,0.47699,1.22959,1.01021,0.87675,0.02019,0.02470,-0.47990,0.39778,-0.28735,-0.01254,
1770731448968293888,0.55284,1.15606,1.00176,0.89171,0.02237,0.02606,-0.45131,0.32275,-0.46175,-0.05381,
1770731449170002944,0.62942,1.09514,0.99735,0.90795,0.01791,0.02701,-0.41782,0.36149,-0.17148,-0.00289,
1770731449371030784,0.67607,1.05393,0.99090,0.92609,0.02172,0.02584,-0.37579,0.16868,-0.08359,-0.01061,
1770731449569060608,0.72303,1.04466,0.98892,0.93795,0.01792,0.02541,-0.34539,0.28801,-0.05388,-0.04306,
1770731449770255616,0.76369,1.03828,0.98687,0.94846,0.01673,0.02531,-0.31543,0.25932,-0.00607,-0.01313,
1770731449967571200,0.83677,1.01414,0.97963,0.95756,0.01973,0.02666,-0.28633,0.41836,-0.19437,-0.05956,
1770731450167915776,0.92236,0.97620,0.96913,0.96611,0.02475,0.03145,-0.25501,0.42941,-0.21129,-0.06594,
1770731450370362112,1.00238,0.94514,0.95934,0.97502,0.03029,0.03868,-0.21661,0.39462,-0.02918,-0.02808,
1770731450569197568,1.07661,0.93683,0.95343,0.98192,0.02900,0.03889,-0.18295,0.34455,-0.01910,-0.01033,
1770731450772274176,1.14990,0.92089,0.94557,0.98744,0.03222,0.04416,-0.14826,0.30572,-0.10070,-0.02598,
1770731450972588032,1.20163,0.92848,0.94630,0.99483,0.02775,0.03654,-0.09060,0.24878,0.09507,0.00415,
1770731451170349824,1.26403,0.92189,0.93686,0.99706,0.03243,0.04320,-0.05442,0.37057,-0.08960,-0.07435,
1770731451369194496,1.34569,0.92258,0.92767,0.99792,0.03510,0.04891,-0.02308,0.46365,0.05828,-0.05828,
1770731451568751360,1.41504,0.91700,0.91755,0.99772,0.04090,0.05354,-0.00296,0.21714,0.10039,0.01618,
1770731451769649152,1.48877,0.92769,0.91807,0.99833,0.03746,0.04389,-0.00055,0.49430,-0.03412,-0.01363,
1770731451969822976,1.63296,0.93032,0.90847,0.99820,0.03867,0.04587,0.00133,0.86919,-0.02507,-0.06571,
1770731452166831104,1.84250,0.92947,0.87957,0.99801,0.03467,0.05053,-0.01518,1.22194,0.09401,-0.12444,
1770731452368649728,2.12467,0.89793,0.84621,0.99690,0.03865,0.05519,-0.04066,1.40309,-0.45172,-0.04243,
1770731452568405248,2.39839,0.89491,0.83867,0.99726,0.02425,0.04143,-0.05622,1.20047,0.13613,0.07672,
1770731452770541312,2.66781,0.85690,0.82262,0.99684,0.03724,0.03678,-0.05980,1.11842,-0.10870,-0.03152,
1770731452976376832,2.93896,0.85988,0.82729,0.99788,0.02379,0.02006,-0.05711,1.26945,-0.14351,0.03567,
1770731453166682368,3.24341,0.85058,0.80186,0.99829,0.02310,0.03143,-0.04349,1.68411,0.10187,-0.07462,
1770731453367797504,3.58041,0.85324,0.78449,0.99849,0.02466,0.04306,-0.02368,1.51504,-0.27296,-0.03902,
1770731453566951168,3.88335,0.82472,0.76071,0.99789,0.03719,0.04685,-0.02541,1.32802,-0.03349,-0.06843,
1770731453767024640,4.14496,0.81863,0.75861,0.99831,0.03824,0.03381,-0.02786,1.22464,-0.06796,0.00107,
1770731453967444992,4.39218,0.83103,0.76425,0.99914,0.03505,0.01084,-0.01915,1.26181,-0.04405,-0.00010,
1770731454167219712,4.67737,0.84767,0.76066,0.99935,0.03474,0.00992,0.00150,1.20538,0.11444,0.05926,
1770731454367244800,4.96789,0.87293,0.75416,0.99930,0.03311,0.01257,0.01232,1.31823,0.00696,0.03170,
1770731454565795072,5.25664,0.89842,0.74639,0.99958,0.02341,0.01692,0.00259,1.37854,0.10564,-0.03394,
1770731454765399552,5.55423,0.91040,0.73950,0.99953,0.02288,0.02030,0.00154,1.51581,0.00317,-0.05433,
1770731454965021696,5.83550,0.90970,0.74215,0.99950,0.02871,0.01341,-0.00145,1.44663,0.22827,-0.08210,
1770731455165775360,6.10227,0.93351,0.74592,0.99974,0.02226,0.00231,-0.00369,1.61436,0.11568,-0.23896,
1770731455375344896,6.43445,0.93785,0.73171,0.99957,0.02208,0.01787,-0.00720,1.48444,0.26495,0.00465,
1770731455568259840,6.72139,0.94609,0.72830,0.99957,0.02274,0.01622,-0.00857,1.43119,0.07675,-0.00963,
1770731455768384256,7.00745,0.95389,0.72558,0.99956,0.02104,0.01710,-0.01169,1.48262,0.00071,-0.03047,
1770731455964580352,7.29307,0.97148,0.72072,0.99967,0.01378,0.01646,-0.01385,1.53701,-0.01697,0.00207,
1770731456172445696,7.60014,0.96884,0.71440,0.99955,0.01684,0.01828,-0.01685,1.53755,0.12873,-0.03254,
1770731456364431360,7.87546,0.97683,0.71114,0.99959,0.01487,0.01689,-0.01759,1.53392,-0.00695,-0.08781,
1770731456565045504,8.16133,0.98237,0.70959,0.99963,0.01259,0.01346,-0.01989,1.59011,0.03277,-0.06040,
1770731456767042560,8.45417,0.98886,0.70570,0.99960,0.01027,0.01264,-0.02316,1.51464,0.01931,-0.06890,
1770731456964804352,8.73912,0.99265,0.70382,0.99952,0.00846,0.01171,-0.02750,1.61651,0.05491,-0.06042,
1770731457169641216,9.03421,0.98601,0.70364,0.99938,0.00948,0.01105,-0.03201,1.51024,-0.08048,0.05921,
1770731457365541120,9.32589,0.98130,0.69733,0.99917,0.00693,0.01384,-0.03775,1.35882,0.13681,-0.00101,
1770731457563144960,9.60721,0.98366,0.69280,0.99921,0.00474,0.01602,-0.03606,1.56164,-0.09498,-0.10381,
1770731457765311232,9.90594,0.99078,0.68445,0.99901,-0.00513,0.01699,-0.04084,1.62389,0.04194,-0.13475,
1770731457963345664,10.22031,0.95560,0.67000,0.99867,0.00831,0.02804,-0.04256,1.54402,-0.12603,-0.03099,
1770731458163870208,10.51330,0.93517,0.66308,0.99839,0.01068,0.02842,-0.04791,1.32592,-0.14598,-0.06689,
1770731458363095040,10.78802,0.91991,0.65515,0.99822,0.00811,0.02420,-0.05386,1.40139,-0.05901,0.02079,
1770731458564482304,11.07799,0.90973,0.64560,0.99819,0.00604,0.02302,-0.05529,1.67811,-0.13198,-0.14254,
1770731458764066816,11.37772,0.88908,0.63799,0.99800,0.00595,0.02274,-0.05861,1.56978,0.05451,-0.09601,
1770731458963477760,11.68160,0.86190,0.62306,0.99772,0.00941,0.02895,-0.06019,1.48386,-0.04212,-0.08257,
1770731459160683520,11.97079,0.84492,0.61104,0.99766,0.00950,0.02962,-0.06088,1.52726,-0.22098,-0.04953,
1770731459364158464,12.25774,0.81825,0.60741,0.99764,0.00950,0.02410,-0.06363,1.40254,-0.10528,0.01217,
1770731459563766016,12.53349,0.78629,0.60579,0.99766,0.01381,0.01663,-0.06479,1.50905,-0.16083,-0.01848,
1770731459760509696,12.81762,0.75701,0.60017,0.99752,0.01709,0.02056,-0.06512,1.46948,-0.06553,0.06886,
1770731459973558528,13.11241,0.74144,0.60116,0.99758,0.01185,0.01272,-0.06735,1.61938,-0.14922,-0.12136,
1770731460164178432,13.38994,0.69804,0.59017,0.99699,0.01913,0.02090,-0.07216,1.58629,-0.10329,-0.07323,
1770731460364319744,13.69006,0.66725,0.57835,0.99685,0.01810,0.02723,-0.07230,1.58497,-0.14158,-0.19163,
1770731460563166464,13.96961,0.63640,0.57014,0.99654,0.01502,0.02518,-0.07781,1.45984,0.00976,-0.08395,
1770731460764492288,14.22778,0.61415,0.57100,0.99652,0.01055,0.01817,-0.08069,1.45244,-0.19299,-0.06734,
1770731460962689280,14.53202,0.55837,0.55573,0.99569,0.01685,0.02876,-0.08649,1.64440,-0.11134,-0.09146,
1770731461163556608,14.83616,0.51683,0.54900,0.99544,0.01529,0.03175,-0.08870,1.05731,-0.05939,0.15898,
1770731461362968320,15.07620,0.48154,0.55171,0.99540,0.01374,0.01547,-0.09356,1.06896,-0.39274,0.12442,
1770731461565726720,15.35911,0.43170,0.55542,0.99443,0.01081,0.01532,-0.10375,1.45311,-0.16986,0.02568,
1770731461762008320,15.65149,0.38998,0.54465,0.99480,0.01011,0.01681,-0.09995,1.64444,-0.37073,-0.15959,
1770731461965914880,15.95870,0.30984,0.53193,0.99420,0.02319,0.03152,-0.10017,1.48326,-0.43322,-0.05078,
1770731462176816896,16.26422,0.24617,0.52284,0.99527,0.03335,0.03008,-0.08610,1.40544,-0.08862,0.05555,
1770731462362230272,16.55927,0.23354,0.51309,0.99654,0.02517,0.02822,-0.07406,1.50359,-0.26812,-0.02291,
1770731462576596736,16.83570,0.20916,0.51359,0.99828,0.02946,0.01912,-0.04693,1.46599,-0.02800,-0.07068,
1770731462762387456,17.07933,0.21563,0.51512,0.99857,0.01954,0.01167,-0.04842,1.39163,0.12220,-0.02039,
1770731462962319104,17.37486,0.19966,0.50258,0.99853,0.02269,0.02018,-0.04492,1.45039,-0.08395,-0.00831,
1770731463162505984,17.66992,0.18273,0.49511,0.99813,0.02073,0.02599,-0.05128,1.45175,-0.00308,-0.00819,
1770731463361617920,17.93860,0.15805,0.49423,0.99819,0.02518,0.02097,-0.05052,1.48366,-0.22440,-0.09028,
1770731463562460928,18.22153,0.12753,0.49131,0.99788,0.03086,0.02199,-0.05298,1.27771,-0.08180,0.08059,
1770731463760957696,18.47762,0.12098,0.49022,0.99818,0.02445,0.01202,-0.05374,1.74696,-0.18804,-0.22541,
1770731463964478208,18.77525,0.10917,0.48492,0.99835,0.02190,0.01936,-0.04949,1.56376,0.03724,-0.08032,
1770731464165120256,19.08538,0.08265,0.47709,0.99821,0.02864,0.02632,-0.04535,1.50828,-0.24509,-0.01446,
1770731464360840448,19.36107,0.06846,0.47052,0.99816,0.02704,0.02295,-0.04920,1.23077,-0.12953,0.07112,
1770731464569533440,19.63343,0.05029,0.47074,0.99822,0.02904,0.01696,-0.04927,1.29633,0.01679,-0.04030,
1770731464760644864,19.92279,0.03728,0.45742,0.99807,0.02621,0.02526,-0.05041,1.45135,-0.28110,-0.02260,
1770731464962170368,20.21204,0.01937,0.45046,0.99772,0.02293,0.02454,-0.05851,1.22386,-0.04148,0.06693,
1770731465161335296,20.48613,-0.00268,0.44651,0.99781,0.02445,0.02131,-0.05773,1.37815,-0.22406,-0.03038,
1770731465359924736,20.76990,-0.03372,0.44234,0.99761,0.02732,0.02337,-0.05901,1.39918,0.01990,-0.01099,
1770731465561983232,21.06052,-0.04192,0.44006,0.99811,0.02201,0.01874,-0.05415,1.52781,-0.36694,-0.01407,
1770731465761910784,21.33641,-0.05965,0.43918,0.99833,0.02173,0.01515,-0.05130,1.25765,0.14183,0.10811,
1770731465956841728,21.61515,-0.07685,0.43365,0.99854,0.02755,0.01761,-0.04310,1.76500,-0.15266,-0.14364,
1770731466158127616,21.90813,-0.07268,0.42876,0.99897,0.02097,0.01919,-0.03528,1.47148,-0.17636,-0.06516,
1770731466361618688,22.19323,-0.09810,0.42372,0.99865,0.02859,0.02263,-0.03713,1.43221,0.04710,-0.06829,
1770731466559483904,22.44948,-0.09419,0.43314,0.99914,0.02197,0.00661,-0.03445,1.42747,-0.16922,0.02763,
1770731466757951488,22.75556,-0.11082,0.41198,0.99887,0.02385,0.02001,-0.03599,1.33961,0.24092,-0.04210,
1770731466960988672,23.05635,-0.12905,0.40434,0.99859,0.02891,0.02710,-0.03541,1.33226,-0.22066,0.05496,
1770731467158919936,23.30418,-0.11436,0.41433,0.99905,0.01349,0.00895,-0.04054,1.45027,-0.09857,-0.02452,
1770731467358239488,23.59685,-0.14168,0.40317,0.99879,0.02264,0.01776,-0.03989,1.44713,-0.11327,-0.04194,
1770731467557998592,23.87682,-0.15014,0.40493,0.99881,0.01942,0.01093,-0.04338,1.25754,-0.00955,0.08394,
1770731467757929472,24.16092,-0.17400,0.39932,0.99861,0.02261,0.01481,-0.04518,1.46558,-0.08525,-0.00776,
1770731467958526976,24.45908,-0.17973,0.39090,0.99858,0.01635,0.01958,-0.04683,1.40131,-0.24784,-0.04099,
1770731468158151168,24.76510,-0.20306,0.37696,0.99799,0.01567,0.02932,-0.05402,1.45414,-0.13378,-0.03320,
1770731468359179520,25.03658,-0.21332,0.37345,0.99808,0.00899,0.02266,-0.05701,1.38752,0.04502,-0.05220,
1770731468558989056,25.30247,-0.23245,0.37306,0.99813,0.00822,0.01392,-0.05899,1.52063,-0.09707,-0.06027,
1770731468757556480,25.61214,-0.26418,0.35649,0.99773,0.01148,0.02819,-0.06008,1.65231,-0.21603,-0.13391,
1770731468958625792,25.92803,-0.30275,0.34234,0.99729,0.01840,0.03695,-0.06090,1.27200,-0.20129,0.06188,
1770731469154911488,26.18203,-0.31246,0.34448,0.99786,0.01202,0.01955,-0.06120,1.25555,-0.16311,-0.06774,
1770731469358240000,26.46283,-0.34619,0.33747,0.99768,0.01760,0.02326,-0.06146,1.36119,-0.21300,0.05713,
1770731469556255744,26.74716,-0.36516,0.33052,0.99784,0.01842,0.02033,-0.05961,1.41274,-0.11061,-0.04037,
1770731469757319680,27.04694,-0.38645,0.32122,0.99832,0.02257,0.02490,-0.04726,1.34701,-0.08787,0.04273,
1770731469957381120,27.32642,-0.38547,0.31424,0.99907,0.02103,0.02213,-0.03036,1.32551,-0.02749,-0.03141,
1770731470156747776,27.60809,-0.38354,0.30521,0.99923,0.02135,0.02224,-0.02443,1.41315,-0.06297,0.00064,
1770731470357278720,27.87766,-0.37829,0.30125,0.99932,0.01630,0.01862,-0.02739,1.30250,-0.00462,-0.04143,
1770731470557394944,28.14147,-0.38645,0.30010,0.99933,0.01815,0.01464,-0.02837,1.51731,0.08027,-0.12901,
1770731470760389120,28.44483,-0.39122,0.28502,0.99912,0.01747,0.02362,-0.03004,1.53254,-0.05590,-0.03946,
1770731470956638464,28.72510,-0.40310,0.28014,0.99898,0.01905,0.02241,-0.03436,1.43735,0.09151,-0.06287,
1770731471156604160,28.99869,-0.40577,0.27160,0.99900,0.01703,0.02156,-0.03516,1.53276,-0.04136,-0.13162,
1770731471357371648,29.29966,-0.41469,0.26065,0.99879,0.01534,0.02797,-0.03750,1.52845,-0.18305,-0.01922,
1770731471555666688,29.58390,-0.44595,0.25557,0.99862,0.02455,0.02530,-0.03881,1.30569,0.07515,-0.04685,
1770731471756090880,29.85336,-0.45302,0.25111,0.99876,0.02144,0.01862,-0.04093,1.39669,-0.20021,-0.00784,
1770731471955377408,30.12841,-0.45977,0.24704,0.99879,0.01946,0.01633,-0.04217,1.31095,0.01420,0.00715,
1770731472156006656,30.42482,-0.47648,0.23440,0.99858,0.02367,0.02220,-0.04215,1.46139,-0.02822,-0.09084,
1770731472355705856,30.71572,-0.49011,0.22561,0.99838,0.02108,0.02504,-0.04655,1.52370,-0.18730,-0.05055,
1770731472557102592,30.99596,-0.50576,0.21804,0.99828,0.01796,0.02282,-0.05101,1.33089,0.12798,-0.01197,
1770731472754207488,31.27022,-0.51622,0.20984,0.99829,0.01575,0.02110,-0.05209,1.47603,-0.22666,-0.08491,
1770731472952843264,31.54982,-0.52981,0.20771,0.99804,0.01031,0.01816,-0.05897,1.24382,-0.04405,0.00063,
1770731473156114176,31.83124,-0.54698,0.20044,0.99788,0.00714,0.01533,-0.06283,1.38107,-0.09381,-0.07225,
1770731473355405824,32.13246,-0.58985,0.19131,0.99741,0.01599,0.02621,-0.06500,1.46466,-0.25073,0.02404,
1770731473558273280,32.43142,-0.61972,0.17922,0.99707,0.01527,0.02931,-0.06905,1.35793,-0.04863,-0.00039,
1770731473756016128,32.68324,-0.63973,0.18321,0.99715,0.01137,0.01653,-0.07275,1.39355,-0.24884,-0.21358,
1770731473953295104,32.96485,-0.67607,0.17149,0.99672,0.01382,0.01997,-0.07726,1.51097,-0.20908,-0.05711,
1770731474154658048,33.27151,-0.71129,0.15889,0.99593,0.01175,0.02953,-0.08438,1.34440,-0.19667,0.06669,
1770731474354941952,33.54811,-0.75428,0.15369,0.99592,0.01346,0.02502,-0.08569,1.51093,-0.20197,-0.08860,
1770731474555066880,33.81884,-0.81556,0.14899,0.99567,0.02785,0.02770,-0.08422,1.46093,-0.07356,-0.07851,
1770731474755792896,34.08971,-0.82814,0.14767,0.99578,0.01381,0.01737,-0.08900,1.51639,-0.22814,-0.15355,
1770731474953326336,34.37011,-0.87848,0.13598,0.99562,0.01763,0.02124,-0.08938,1.38142,-0.04746,0.05125,
1770731475154961408,34.65557,-0.91839,0.12654,0.99563,0.01952,0.02276,-0.08839,1.39003,-0.28938,-0.00778,
1770731475354583040,34.94562,-0.95271,0.11846,0.99577,0.01800,0.02709,-0.08590,1.49731,-0.12662,-0.00887,
1770731475553935104,35.23782,-0.99851,0.11141,0.99593,0.02317,0.02805,-0.08243,1.47820,-0.35829,0.00885,
1770731475754946816,35.51310,-1.03866,0.10772,0.99640,0.02706,0.02381,-0.07679,1.33577,-0.02420,-0.10837,
1770731475950936832,35.78380,-1.04863,0.10011,0.99697,0.01987,0.02409,-0.07119,1.60931,-0.19571,-0.12164,
1770731476155137280,36.07456,-1.07790,0.08923,0.99674,0.01835,0.02666,-0.07388,1.19979,-0.31385,0.12612,
1770731476357591552,36.35060,-1.11575,0.08796,0.99634,0.01860,0.02417,-0.07982,1.34122,-0.19967,-0.01001,
1770731476554778624,36.63495,-1.14343,0.07806,0.99677,0.02169,0.02141,-0.07433,1.50238,-0.53536,-0.06597,
1770731476754754304,36.93980,-1.17849,0.06165,0.99694,0.02349,0.03151,-0.06759,1.40135,0.09051,-0.02121,
1770731476954971904,37.21823,-1.17885,0.05588,0.99816,0.02104,0.02611,-0.05052,1.48673,-0.10434,-0.15018,
1770731477152878848,37.49316,-1.18244,0.04929,0.99869,0.02080,0.02404,-0.04019,1.46329,-0.05584,-0.02598,
1770731477352872192,37.75907,-1.18583,0.05014,0.99880,0.01727,0.01657,-0.04279,1.37582,-0.04387,-0.01697,
1770731477553283584,38.04820,-1.20652,0.03779,0.99860,0.02388,0.02258,-0.04133,1.52455,0.13691,-0.00601,
1770731477752445696,38.34404,-1.21243,0.03119,0.99855,0.02177,0.02341,-0.04336,1.59491,-0.12407,-0.07788,
1770731477953563136,38.61099,-1.22257,0.03164,0.99840,0.01659,0.01741,-0.05118,1.37842,0.08461,-0.02358,
1770731478154338304,38.87992,-1.23470,0.03086,0.99847,0.01534,0.01328,-0.05138,1.53440,-0.12260,-0.11142,
1770731478349093632,39.18819,-1.27270,0.01773,0.99798,0.02556,0.02848,-0.05067,1.63771,-0.24050,-0.06279,
1770731478553720320,39.47255,-1.29471,0.01498,0.99782,0.02453,0.02186,-0.05716,1.24211,0.04576,-0.00498,
1770731478751339264,39.72977,-1.30709,0.01100,0.99809,0.02287,0.01833,-0.05438,1.43342,-0.20530,-0.01639,
1770731478953634816,40.02730,-1.31742,0.00223,0.99821,0.01801,0.02325,-0.05199,1.62767,-0.14318,-0.09934,
1770731479152204288,40.31771,-1.34778,-0.00145,0.99792,0.02153,0.02381,-0.05586,1.37909,-0.00955,0.02043,
1770731479365061632,40.59384,-1.36168,-0.00177,0.99847,0.02128,0.01440,-0.04889,1.41522,-0.04900,-0.02174,
1770731479554260224,40.85455,-1.36701,-0.00504,0.99859,0.01605,0.01488,-0.04833,1.36430,-0.12096,-0.03748,
1770731479753336064,41.13771,-1.39740,-0.01388,0.99837,0.02472,0.01946,-0.04772,1.41520,-0.10175,-0.03344,
1770731479952507136,41.42713,-1.39618,-0.01813,0.99905,0.02225,0.01856,-0.03258,1.53639,-0.01808,-0.07954,
1770731480153073920,41.72103,-1.40082,-0.03247,0.99898,0.02179,0.02573,-0.03008,1.39640,0.01387,-0.08277,
1770731480352729344,41.99524,-1.40100,-0.04075,0.99893,0.01730,0.02759,-0.03293,1.47349,0.02629,-0.01171,
1770731480547543552,42.26133,-1.40546,-0.04821,0.99904,0.01412,0.02239,-0.03498,1.59923,0.00824,-0.24870,
1770731480748583680,42.54322,-1.41567,-0.05094,0.99886,0.01320,0.02146,-0.04060,1.33491,-0.16881,-0.03510,
1770731480949154304,42.81273,-1.43342,-0.05173,0.99878,0.01441,0.01586,-0.04443,1.25500,-0.07996,0.11423,
1770731481151606528,43.09232,-1.45084,-0.05919,0.99855,0.01588,0.02031,-0.04716,1.52405,-0.17847,-0.14018,
1770731481351359488,43.36908,-1.48183,-0.06428,0.99819,0.02219,0.02266,-0.05103,1.31706,-0.11864,-0.00430,
1770731481559680512,43.64204,-1.49591,-0.06429,0.99802,0.01631,0.01508,-0.05880,1.47396,-0.27178,-0.00425,
1770731481753454336,43.89735,-1.52113,-0.06674,0.99781,0.01771,0.01146,-0.06264,1.38584,-0.21727,-0.00106,
1770731481951835648,44.18292,-1.55660,-0.07087,0.99744,0.02343,0.01851,-0.06491,1.27967,-0.22120,0.06448,
1770731482150362880,44.46078,-1.58287,-0.07642,0.99723,0.02232,0.01789,-0.06868,1.30735,-0.25062,-0.05365,
1770731482351530496,44.75359,-1.61056,-0.08759,0.99686,0.02205,0.02533,-0.07175,1.44294,-0.03719,-0.06973,
1770731482550287360,45.02813,-1.63902,-0.09564,0.99675,0.02036,0.02575,-0.07357,1.51145,-0.36674,-0.10844,
1770731482747937024,45.28627,-1.66215,-0.09271,0.99662,0.01469,0.01510,-0.07944,1.27289,-0.19167,0.00889,
1770731482968445184,45.60157,-1.70822,-0.10395,0.99629,0.02044,0.02262,-0.08047,1.45725,-0.21511,0.00335,
1770731483150620160,45.85795,-1.73738,-0.10721,0.99626,0.01851,0.01929,-0.08218,1.34037,-0.28561,-0.04550,
1770731483349936640,46.12868,-1.77894,-0.11134,0.99600,0.02045,0.01872,-0.08490,1.31505,-0.16740,0.01015,
1770731483549887744,46.40195,-1.80778,-0.11391,0.99625,0.01747,0.01439,-0.08351,1.54066,-0.07580,-0.06624,
1770731483749829888,46.70922,-1.84805,-0.12836,0.99671,0.02057,0.02393,-0.07461,1.49741,-0.05267,-0.03215,
1770731483950136576,46.99264,-1.86636,-0.12630,0.99744,0.01579,0.01600,-0.06794,1.32409,-0.18257,0.10101,
1770731484149966592,47.26972,-1.90740,-0.12443,0.99767,0.02606,0.01503,-0.06128,1.26668,-0.39535,0.01366,
1770731484349510656,47.55283,-1.91671,-0.13723,0.99751,0.01605,0.02026,-0.06562,1.38480,-0.19752,0.09167,
1770731484549203712,47.83069,-1.96668,-0.15542,0.99680,0.02818,0.03789,-0.06450,1.25456,-0.07663,-0.14787,
1770731484749721344,48.01871,-1.96206,-0.15171,0.99733,0.01625,0.02087,-0.06803,0.93598,-0.08240,0.03034,
1770731484951137024,48.22071,-1.99075,-0.15995,0.99712,0.02224,0.02562,-0.06786,0.98429,-0.02751,-0.01027,
1770731485161886208,48.45048,-1.99801,-0.15988,0.99755,0.01546,0.01561,-0.06634,1.45311,-0.27652,-0.04901,
1770731485346501120,48.71304,-2.03249,-0.16151,0.99742,0.01948,0.01604,-0.06713,1.30714,-0.13204,0.02763,
1770731485552422656,48.99529,-2.05856,-0.17265,0.99730,0.01828,0.01742,-0.06901,1.30353,-0.26694,-0.02188,
1770731485755315456,49.28909,-2.09909,-0.18472,0.99680,0.02436,0.02866,-0.07059,1.53911,-0.11470,-0.10648,
1770731485949116416,49.57518,-2.13103,-0.19988,0.99655,0.02501,0.03083,-0.07283,1.49721,-0.11888,-0.08326,
1770731486150316544,49.86607,-2.14475,-0.21830,0.99621,0.01325,0.03749,-0.07739,1.27110,-0.20867,0.00938,
1770731486349517312,50.07288,-2.18952,-0.20824,0.99588,0.02097,0.02349,-0.08509,1.02828,-0.00923,-0.01166,
1770731486548233472,50.25965,-2.18468,-0.20294,0.99665,0.00955,0.00845,-0.08073,0.98201,-0.18923,0.01398,
1770731486746876672,50.46550,-2.22365,-0.21449,0.99744,0.02334,0.02298,-0.06356,0.82637,-0.03525,-0.03365,
1770731486947396608,50.61430,-2.19334,-0.20993,0.99909,0.01082,0.01434,-0.03878,0.68655,-0.03612,0.04018,
1770731487146611712,50.77514,-2.18429,-0.21198,0.99980,0.01460,0.00891,-0.01042,0.86803,-0.01614,0.02355,
1770731487343911168,50.96307,-2.16035,-0.21012,0.99963,0.01382,0.01025,0.02118,0.88312,0.19810,-0.00530,
1770731487545785088,51.14156,-2.11612,-0.21841,0.99855,0.00862,0.01515,0.05102,0.97285,0.33157,-0.11783,
1770731487745736960,51.32778,-2.06344,-0.22904,0.99590,0.00487,0.02257,0.08749,0.79745,0.36515,-0.00962,
1770731487948271872,51.47642,-2.00283,-0.23031,0.99266,-0.00051,0.02143,0.11901,0.76375,0.44672,-0.03417,
1770731488148084992,51.64306,-1.92941,-0.24321,0.98957,-0.00791,0.03073,0.14048,0.68676,0.38822,-0.04534,
1770731488347136768,51.75026,-1.87688,-0.24951,0.98426,-0.01003,0.03074,0.17376,0.32283,0.18226,-0.01170,
1770731488546092544,51.80393,-1.84043,-0.25038,0.98041,-0.00972,0.02580,0.19503,0.43934,0.33800,-0.05306,
1770731488746173696,51.90455,-1.76887,-0.26089,0.97553,-0.01299,0.03222,0.21710,0.61665,0.54245,-0.12306,
1770731488947455232,52.00668,-1.69821,-0.26526,0.96854,-0.01302,0.03097,0.24657,0.50290,0.45940,-0.06053,
1770731489146619648,52.09290,-1.62234,-0.26441,0.96020,-0.01387,0.02650,0.27771,0.41163,0.27378,0.02926,
1770731489355139328,52.18010,-1.56358,-0.26682,0.94973,-0.00663,0.02970,0.31158,0.43862,0.31029,-0.02030,
1770731489546635264,52.27373,-1.50824,-0.27605,0.94026,0.00496,0.04339,0.33764,0.44360,0.17470,-0.00264,
1770731489754509824,52.34275,-1.46264,-0.28158,0.92971,0.01227,0.05313,0.36422,0.07429,0.18806,0.03134,
1770731489941403648,52.36115,-1.40094,-0.27653,0.92284,0.00987,0.04123,0.38286,0.17373,0.31252,0.04400,
1770731490157228800,52.43206,-1.30660,-0.28558,0.91293,0.01008,0.04864,0.40509,0.43192,0.37618,-0.05070,
1770731490347086080,52.46304,-1.23990,-0.27797,0.89714,0.01349,0.03551,0.44011,-0.07261,0.25656,0.11724,
1770731490545718016,52.46301,-1.18613,-0.26777,0.88890,0.01703,0.01394,0.45758,-0.00250,0.11219,0.04877,
1770731490747099904,52.45320,-1.13212,-0.26327,0.87614,0.01743,0.00131,0.48174,0.01539,0.30825,0.02955,
1770731490945523968,52.48342,-1.04621,-0.26698,0.86089,0.01987,0.00614,0.50836,0.22588,0.50548,-0.02690,
1770731491151944960,52.52362,-0.94935,-0.27446,0.83980,0.01919,0.01429,0.54237,0.04358,0.31009,-0.01527,
1770731491344441856,52.52936,-0.87425,-0.27657,0.82391,0.01566,0.01484,0.56630,0.00113,0.50016,-0.01353,
1770731491545288960,52.53589,-0.77448,-0.27589,0.80621,0.01004,0.01429,0.59137,0.02936,0.38869,0.01674,
1770731491744268288,52.54475,-0.67798,-0.27922,0.79008,0.00628,0.01997,0.61264,0.05193,0.44103,-0.02283,
1770731491946562304,52.55193,-0.60853,-0.27995,0.77018,0.00903,0.02013,0.63745,-0.03295,0.24631,0.02597,
1770731492143376640,52.54306,-0.56087,-0.27587,0.75391,0.01266,0.01385,0.65671,-0.04722,0.18250,0.03524,
1770731492341267712,52.54640,-0.49534,-0.27495,0.74242,0.01669,0.01323,0.66960,0.00836,0.40544,-0.00487,
1770731492549605632,52.54322,-0.39653,-0.27997,0.72261,0.01502,0.01749,0.69087,-0.03111,0.45776,-0.01331,
1770731492744686336,52.53594,-0.30326,-0.28893,0.70665,0.01005,0.02338,0.70711,-0.04380,0.38376,-0.03271,
1770731492943789312,52.50566,-0.25480,-0.28684,0.68000,0.00938,0.01294,0.73304,-0.17539,0.22663,0.00439,
1770731493143666688,52.48653,-0.17995,-0.29567,0.66335,0.00573,0.02043,0.74801,-0.04782,0.44616,-0.05462,
1770731493344225792,52.46208,-0.09029,-0.30518,0.63899,-0.00156,0.02814,0.76870,-0.11868,0.40452,-0.04100,
1770731493544285952,52.42432,-0.00679,-0.30922,0.61575,-0.00414,0.02757,0.78745,-0.26545,0.46379,-0.04388,
1770731493744677120,52.38898,0.06824,-0.31170,0.58456,-0.00340,0.02822,0.81085,-0.13689,0.23229,0.00448,
1770731493947100928,52.36112,0.11529,-0.31485,0.55399,-0.00602,0.03191,0.83189,-0.05228,0.08922,-0.01595,
1770731494141944832,52.35079,0.10646,-0.31668,0.51863,-0.00359,0.02784,0.85454,-0.00794,-0.14042,0.02416,
1770731494342215680,52.32419,0.11312,-0.31969,0.49475,-0.00501,0.02726,0.86859,-0.02842,0.06455,-0.02656,
1770731494539543040,52.30776,0.12384,-0.32200,0.46554,-0.00235,0.02867,0.88456,-0.19147,0.09483,-0.03574,
1770731494742747904,52.28198,0.13815,-0.32538,0.43881,-0.00407,0.02940,0.89809,-0.08224,0.02849,-0.01511,
1770731494942560000,52.25957,0.14379,-0.32745,0.41172,-0.00426,0.02896,0.91084,-0.12469,0.01331,-0.01022,
1770731495141836544,52.22999,0.15009,-0.32838,0.38423,-0.00427,0.02849,0.92279,-0.18511,0.02524,0.00853,
1770731495343280640,52.18249,0.16747,-0.32702,0.35672,-0.00353,0.02751,0.93380,-0.26116,0.12895,-0.00557,
1770731495538880768,52.13235,0.19434,-0.32445,0.32833,-0.00028,0.02765,0.94416,-0.37658,0.15766,-0.00427,
1770731495742947584,52.06266,0.23291,-0.32716,0.30219,-0.00154,0.02927,0.95280,-0.25438,0.09842,0.00348,
1770731495943117312,52.00698,0.24018,-0.32616,0.27459,0.00103,0.02292,0.96129,-0.22755,0.03594,0.01321,
1770731496142619648,51.95126,0.25433,-0.32935,0.24334,-0.00016,0.02497,0.96962,-0.28726,0.11729,-0.02815,
1770731496343127040,51.89267,0.27117,-0.33321,0.20970,-0.00171,0.02704,0.97739,-0.27948,0.06103,-0.01111,
1770731496541106432,51.83452,0.27058,-0.33560,0.18077,-0.00320,0.02284,0.98325,-0.31066,-0.01902,-0.01969,
1770731496740598016,51.77497,0.27259,-0.34081,0.15460,-0.00622,0.02047,0.98774,-0.24398,0.08275,-0.03855,
1770731496938323200,51.75183,0.27672,-0.34234,0.15557,-0.00357,0.01818,0.98765,-0.10392,-0.02754,0.00812,
1770731497143772928,51.70534,0.28419,-0.34562,0.15646,-0.00424,0.01517,0.98756,-0.28083,0.04908,-0.01975,
1770731497342471936,51.63883,0.29310,-0.34860,0.15515,-0.00503,0.01115,0.98782,-0.41687,0.02952,-0.02280,
1770731497543181056,51.52070,0.31840,-0.36257,0.14416,-0.02050,0.01333,0.98925,-0.58245,0.14728,-0.06465,
1770731497743346176,51.43021,0.33668,-0.37121,0.11635,-0.02515,0.01942,0.99270,-0.37680,0.02183,-0.02463,
1770731497942439936,51.34755,0.34555,-0.37699,0.11522,-0.02887,0.01663,0.99278,-0.43284,0.08069,-0.02969,
1770731498142473984,51.24412,0.35390,-0.38381,0.11435,-0.03268,0.01157,0.99284,-0.58806,0.02708,-0.05888,
1770731498343277312,51.13980,0.36649,-0.38876,0.11577,-0.03465,0.00819,0.99264,-0.43518,0.10361,-0.02186,
1770731498545902080,51.07185,0.38475,-0.38507,0.11279,-0.02718,0.01217,0.99317,-0.31673,0.06858,0.03342,
1770731498742871040,51.00138,0.39221,-0.37599,0.09923,-0.01692,0.01487,0.99481,-0.40790,0.13647,0.00933,
1770731498943304960,50.94477,0.42373,-0.37610,0.07400,-0.01777,0.03058,0.99663,-0.08538,-0.09358,0.06847,
1770731499141253632,50.92960,0.39006,-0.35500,0.05821,0.00778,0.01650,0.99814,-0.08083,-0.14241,0.14581,
1770731499340375808,50.87738,0.36314,-0.33675,0.05565,0.02932,0.00310,0.99801,-0.47391,-0.00023,-0.00056,
1770731499541554688,50.76290,0.37772,-0.34321,0.05767,0.02722,0.00661,0.99794,-0.60995,0.15112,-0.04164,
1770731499742120192,50.64586,0.39837,-0.34538,0.05442,0.02957,0.01362,0.99799,-0.56582,-0.05842,0.02154,
1770731499942352640,50.50570,0.41552,-0.34651,0.05149,0.02175,0.01946,0.99825,-0.90502,0.16854,-0.05165,
1770731500142395648,50.29353,0.42857,-0.35574,0.05122,-0.00191,0.01894,0.99851,-1.25507,-0.01571,-0.01027,
1770731500341932288,50.02861,0.44343,-0.35823,0.05829,-0.01044,0.01630,0.99811,-1.27773,0.16827,-0.03443,
1770731500541447424,49.81291,0.46968,-0.35766,0.06139,-0.00686,0.02070,0.99788,-0.80168,0.05021,0.08020,
1770731500742712832,49.65406,0.47881,-0.35728,0.06643,-0.00210,0.01773,0.99763,-0.82382,0.12244,-0.06920,
1770731500940754944,49.49442,0.49268,-0.35927,0.07056,-0.00447,0.01700,0.99735,-0.83713,0.05503,0.00955,
1770731501142105600,49.32601,0.50849,-0.35556,0.06889,-0.00258,0.01750,0.99747,-0.82831,0.13282,0.04057,
1770731501344346880,49.15053,0.53017,-0.35180,0.06261,-0.00013,0.02258,0.99778,-0.85977,0.11171,0.00970,
1770731501539835904,48.98524,0.54598,-0.34741,0.05938,0.00354,0.02472,0.99792,-0.82398,0.12159,-0.00129,
1770731501741257472,48.83904,0.55628,-0.34468,0.06171,0.00498,0.02359,0.99780,-0.58109,-0.05291,0.04889,
1770731501939800832,48.69782,0.56743,-0.34258,0.06047,0.00714,0.02429,0.99785,-0.91538,0.15944,-0.07443,
1770731502140516352,48.52704,0.58583,-0.34661,0.06273,-0.00145,0.02599,0.99769,-0.73997,0.00353,0.02953,
1770731502340744192,48.40510,0.59647,-0.34045,0.06434,0.00434,0.02460,0.99762,-0.55881,0.02440,0.01175,
1770731502539845120,48.27779,0.60490,-0.34089,0.06494,0.00179,0.02276,0.99763,-0.76654,0.10017,0.00665,
1770731502739064576,48.09948,0.63363,-0.34023,0.06680,0.00070,0.02797,0.99737,-0.83937,0.10171,0.02444,
1770731502938006528,47.95209,0.64308,-0.33599,0.06879,0.00287,0.02588,0.99729,-0.66993,0.05387,0.04064,
1770731503139393792,47.80425,0.65460,-0.33226,0.06517,0.00550,0.02556,0.99753,-0.73249,0.07742,0.04350,
1770731503343742720,47.63026,0.67111,-0.33511,0.06128,0.00001,0.02810,0.99773,-0.90938,0.12675,-0.03962,
1770731503538878720,47.47278,0.68510,-0.33672,0.05957,-0.00507,0.02920,0.99778,-0.62686,-0.09529,0.04633,
1770731503737732608,47.33515,0.68168,-0.33132,0.05844,-0.00180,0.02360,0.99801,-0.75118,0.06082,0.02074,
1770731503937426176,47.17644,0.70509,-0.32986,0.05982,-0.00229,0.02927,0.99778,-0.69568,0.09332,0.05303,
1770731504138160640,47.03197,0.72448,-0.33191,0.06223,-0.00179,0.03225,0.99754,-0.70241,0.04903,0.03142,
1770731504337624064,46.89174,0.72770,-0.32486,0.06513,0.00101,0.02750,0.99750,-0.69840,0.04459,0.02901,
1770731504538076672,46.74144,0.74197,-0.32569,0.06770,-0.00087,0.02722,0.99733,-0.81113,0.13013,-0.00551,
1770731504738550528,46.59899,0.76453,-0.32042,0.06842,0.00298,0.03063,0.99718,-0.64039,0.00606,0.04569,
1770731504938411520,46.44982,0.78208,-0.31731,0.06943,0.00328,0.03224,0.99706,-0.76707,0.14295,-0.00830,
1770731505139052800,46.31874,0.78828,-0.31273,0.07080,0.00609,0.02805,0.99708,-0.59584,0.01272,0.04453,
1770731505339154944,46.18649,0.81489,-0.31226,0.07385,0.00151,0.03480,0.99666,-0.59308,0.19762,-0.01690,
1770731505539976192,46.11331,0.81351,-0.30865,0.07669,0.00663,0.02970,0.99659,-0.34465,0.02371,0.01520,
1770731505737875968,46.02261,0.82441,-0.30798,0.07250,0.00577,0.03171,0.99685,-0.63704,0.03133,0.00561,
1770731505936783616,45.90161,0.83853,-0.30524,0.07075,0.00287,0.03269,0.99695,-0.53942,0.04329,0.01090,
1770731506142953728,45.81118,0.84253,-0.29952,0.06603,0.00773,0.03194,0.99728,-0.46879,0.07245,0.00680,
1770731506338584576,45.70489,0.84913,-0.29750,0.06167,0.00692,0.03156,0.99757,-0.67159,0.03156,0.00121,
1770731506537399296,45.56450,0.86044,-0.29630,0.06126,0.00692,0.03201,0.99758,-0.67127,0.11975,0.01387,
1770731506737206528,45.43614,0.87630,-0.29369,0.06411,0.00366,0.03432,0.99735,-0.50515,0.02094,0.02040,
1770731506937215232,45.32599,0.87626,-0.28867,0.06464,0.00627,0.02935,0.99746,-0.73771,0.09542,-0.02212,
1770731507137273856,45.14373,0.91002,-0.28887,0.07312,0.00178,0.03552,0.99669,-0.89430,-0.00058,0.04376,
1770731507338090752,44.98266,0.93054,-0.28434,0.07528,0.00383,0.03694,0.99647,-0.84217,0.13738,-0.02363,
1770731507537560320,44.82172,0.94591,-0.28647,0.07934,-0.00167,0.03466,0.99624,-0.75103,0.02286,0.02635,
1770731507737967616,44.67853,0.95958,-0.27683,0.08190,0.00486,0.03227,0.99611,-0.82736,0.06169,0.00276,
1770731507936582656,44.50272,0.98643,-0.27429,0.08624,0.00253,0.03398,0.99569,-1.02137,0.21755,0.02209,
1770731508137002240,44.30311,1.01396,-0.26968,0.09237,0.00444,0.03125,0.99522,-1.00062,0.18721,0.01448,
1770731508336646656,44.12182,1.03576,-0.26539,0.09644,0.00238,0.02814,0.99494,-0.78197,0.01986,0.06514,
1770731508538278144,43.95918,1.06066,-0.26227,0.09054,0.00096,0.03083,0.99542,-0.72518,0.08363,0.03508,
1770731508736799488,43.79580,1.06761,-0.25791,0.08384,0.00112,0.02560,0.99615,-0.94293,0.13933,-0.01551,
1770731508937197312,43.62921,1.09114,-0.25335,0.07798,0.00322,0.02814,0.99655,-0.79320,0.02823,0.04538,
1770731509135978496,43.47006,1.09756,-0.25078,0.07198,0.00050,0.02424,0.99711,-0.78771,0.02690,0.01090,
1770731509334878976,43.32525,1.10716,-0.24645,0.06531,0.00124,0.02455,0.99756,-0.68040,0.15458,-0.00415,
1770731509536146432,43.21879,1.11523,-0.24167,0.05897,0.00448,0.02491,0.99794,-0.42796,-0.14802,0.05350,
1770731509734898688,43.10546,1.11529,-0.23871,0.04774,0.00274,0.02562,0.99853,-0.61769,0.06342,0.03512,
1770731509937593600,42.96691,1.11889,-0.23184,0.04772,0.00467,0.02364,0.99857,-0.69428,0.04702,0.06394,
1770731510135547392,42.81911,1.12957,-0.22890,0.04687,0.00473,0.02519,0.99857,-0.80240,0.03760,0.01829,
1770731510337895424,42.64342,1.13824,-0.22453,0.04671,0.00563,0.02436,0.99860,-0.76658,0.05036,0.03608,
1770731510537362176,42.47639,1.15610,-0.22131,0.05152,0.00361,0.02645,0.99832,-0.73071,-0.00464,0.06206,
1770731510738195968,42.32457,1.16086,-0.21485,0.05392,0.00686,0.02319,0.99825,-0.69360,-0.04856,0.08006,
1770731510935130112,42.14839,1.17414,-0.21002,0.05574,0.00528,0.02344,0.99816,-0.86873,0.11866,0.03695,
1770731511144552960,41.96262,1.19190,-0.20997,0.05904,0.00108,0.02402,0.99797,-0.77367,0.05573,0.04057,
1770731511334502144,41.82322,1.19997,-0.20594,0.06161,0.00251,0.02147,0.99787,-0.72691,0.04507,0.02431,
1770731511535170304,41.62838,1.21860,-0.20316,0.06465,-0.00035,0.02157,0.99768,-1.05634,0.19283,0.02342,
1770731511733389824,41.45106,1.23760,-0.19688,0.06906,0.00418,0.02119,0.99738,-0.82194,0.06335,0.01093,
1770731511933526528,41.30444,1.24844,-0.19309,0.07354,0.00445,0.01894,0.99710,-0.64393,0.02463,0.03601,
1770731512134251520,41.16048,1.26550,-0.19318,0.07640,0.00250,0.02050,0.99686,-0.84029,0.20972,-0.07128,
1770731512342509824,40.98939,1.28635,-0.18971,0.07590,-0.00100,0.02159,0.99688,-0.88215,0.03858,0.02236,
1770731512534776576,40.83500,1.31910,-0.19088,0.07731,-0.00709,0.03077,0.99651,-0.74674,0.17220,-0.02021,
1770731512734358272,40.69470,1.33302,-0.18807,0.07408,-0.00390,0.03073,0.99677,-0.63782,-0.01355,0.05128,
1770731512933212672,40.55895,1.33886,-0.18061,0.07302,0.00189,0.02815,0.99693,-0.77359,0.10952,-0.01321,
1770731513129176832,40.42091,1.34064,-0.17525,0.06914,0.00352,0.02423,0.99731,-0.83773,0.06724,0.01675,
1770731513333519872,40.25699,1.37030,-0.17610,0.06653,0.00183,0.03218,0.99726,-0.79897,-0.04086,0.03347,
1770731513535348224,40.10945,1.37465,-0.17205,0.06436,-0.00001,0.02915,0.99750,-0.69148,0.04763,0.02003,
1770731513732843520,39.97586,1.37860,-0.16510,0.06022,0.00223,0.02711,0.99781,-0.65328,0.02162,0.03405,
1770731513932854528,39.82703,1.39166,-0.16397,0.05665,0.00097,0.02943,0.99796,-0.75123,0.08539,-0.00317,
1770731514132084736,39.69972,1.39575,-0.15709,0.05230,0.00485,0.02784,0.99823,-0.69164,-0.02012,0.02402,
1770731514333778176,39.55226,1.40182,-0.15347,0.04779,0.00494,0.02777,0.99846,-0.93405,0.00362,-0.02234,
1770731514532618752,39.37194,1.41869,-0.15218,0.04845,0.00113,0.03078,0.99835,-0.95857,0.03446,-0.01434,
1770731514731777024,39.21118,1.42849,-0.14622,0.05359,0.00334,0.02909,0.99813,-0.78727,0.06159,0.01457,
1770731514932298752,39.05473,1.44531,-0.14093,0.05805,0.00553,0.03064,0.99783,-0.75215,0.02720,0.08677,
1770731515132807936,38.83919,1.47064,-0.13964,0.06426,0.00324,0.03194,0.99742,-1.28931,0.17243,-0.00416,
1770731515329467392,38.59776,1.49771,-0.14084,0.07008,-0.00469,0.03198,0.99702,-1.18928,0.17719,-0.01806,
1770731515532408832,38.40398,1.52144,-0.13614,0.07543,-0.00709,0.03199,0.99661,-0.70236,0.09119,0.07870,
1770731515731749376,38.26208,1.53227,-0.12592,0.08060,0.00239,0.02770,0.99636,-0.85519,0.14070,0.01709,
1770731515931779328,38.07768,1.56801,-0.12497,0.08443,0.00284,0.03294,0.99588,-0.93478,0.14353,0.01837,
1770731516130511872,37.90426,1.58585,-0.11723,0.08471,0.00441,0.02989,0.99595,-0.86042,0.08980,0.02965,
1770731516331159808,37.73541,1.60760,-0.11140,0.07790,0.00520,0.03301,0.99640,-0.91563,0.11790,0.02604,
1770731516531733504,37.56795,1.61967,-0.10051,0.07265,0.01088,0.03091,0.99682,-0.97077,0.11695,-0.07008,
1770731516732503808,37.36334,1.62752,-0.10540,0.06873,-0.00158,0.02568,0.99730,-0.75687,0.00366,0.17589,
1770731516934210560,37.19197,1.64600,-0.09500,0.06050,0.00122,0.03040,0.99770,-0.86718,0.04281,0.05016,
1770731517132377088,37.02892,1.66211,-0.09051,0.05458,0.00143,0.03430,0.99792,-0.67161,0.08572,0.05628,
1770731517332435712,36.89182,1.65224,-0.08007,0.05576,0.00964,0.02359,0.99812,-0.70660,-0.02140,0.07238,
1770731517532835584,36.72183,1.68004,-0.07183,0.05797,0.00954,0.03212,0.99776,-1.01476,0.05544,0.05638,
1770731517731821568,36.50182,1.69502,-0.07108,0.06423,0.00424,0.02919,0.99750,-1.06148,0.15594,-0.02101,
1770731517936326144,36.27253,1.71703,-0.06725,0.06886,0.00203,0.02860,0.99721,-1.17079,0.18174,-0.03011,
1770731518129466368,36.08047,1.73385,-0.06183,0.07434,0.00001,0.02541,0.99691,-0.75929,-0.00661,0.08825,
1770731518332012032,35.92144,1.75850,-0.05701,0.07749,0.00208,0.02806,0.99660,-0.89732,0.07311,-0.01538,
1770731518530324992,35.76271,1.77242,-0.05437,0.07581,0.00025,0.02687,0.99676,-0.78634,0.15043,0.03744,
1770731518736589312,35.58803,1.78090,-0.04282,0.07105,0.00466,0.02207,0.99722,-1.04028,0.04234,-0.01383,
1770731518937870080,35.38241,1.81063,-0.04285,0.06391,-0.00255,0.02942,0.99752,-0.87584,0.11822,0.09595,
1770731519130766592,35.22545,1.81998,-0.03303,0.06574,0.00449,0.02589,0.99749,-0.89430,0.04771,0.00754,
1770731519330905344,35.04572,1.84119,-0.02842,0.06527,0.00374,0.02817,0.99746,-0.89106,0.12704,0.07734,
1770731519529913856,34.85015,1.86252,-0.02680,0.06860,-0.00204,0.02824,0.99724,-0.98282,0.15864,-0.01095,
1770731519731679744,34.67262,1.88104,-0.01402,0.06995,0.00682,0.02719,0.99716,-0.97546,0.11788,0.05925,
1770731519927387904,34.46142,1.91309,-0.01121,0.07076,-0.00022,0.03170,0.99699,-0.97823,0.10404,0.06099,
1770731520129409024,34.27862,1.92473,0.00139,0.06497,0.00779,0.02879,0.99744,-0.94032,0.07824,0.01751,
1770731520329782016,34.10522,1.93443,0.00865,0.06002,0.00754,0.02761,0.99779,-0.86185,0.04220,0.03250,
1770731520530016000,33.92213,1.94511,0.01618,0.06122,0.00758,0.02492,0.99778,-1.05462,0.09905,0.01965,
1770731520729321984,33.71786,1.97309,0.01755,0.06321,-0.00026,0.02940,0.99757,-0.94050,0.06846,0.03880,
1770731520929913344,33.53991,1.98109,0.03261,0.06639,0.00882,0.02510,0.99744,-1.05802,0.09254,0.06937,
1770731521129667840,33.32053,2.00498,0.04287,0.07059,0.01120,0.02583,0.99711,-0.93834,0.17486,0.09526,
1770731521329452288,33.11334,2.03402,0.04836,0.07570,0.01101,0.02802,0.99668,-0.90448,0.17218,0.11895,
1770731521529421312,32.88834,2.06667,0.05446,0.08385,0.00320,0.02912,0.99605,-1.06459,0.24858,0.05928,
1770731521729604608,32.68834,2.09741,0.05739,0.09308,-0.00136,0.03017,0.99520,-0.82076,0.19182,0.00979,
1770731521929469696,32.55899,2.11309,0.06611,0.09811,0.00524,0.02793,0.99477,-0.64619,0.08625,0.03248,
1770731522128064512,32.39508,2.13396,0.06850,0.09624,0.00389,0.02758,0.99497,-1.05353,0.07202,-0.00973,
1770731522327032576,32.19350,2.16529,0.07258,0.08800,0.00092,0.03183,0.99561,-0.92277,0.13522,0.06990,
1770731522528667136,32.02327,2.18606,0.08334,0.08381,0.00690,0.03271,0.99592,-0.75919,0.09498,0.08825,
1770731522728600832,31.87466,2.18940,0.09392,0.07710,0.01373,0.02789,0.99654,-0.82671,0.08443,0.02336,
1770731522928384000,31.70577,2.20979,0.10176,0.06912,0.01213,0.03253,0.99700,-0.82092,0.11966,0.03430,
1770731523128398080,31.55043,2.21213,0.11087,0.06138,0.01289,0.03028,0.99757,-0.81823,0.03729,0.00127,
1770731523328177920,31.40736,2.20650,0.11629,0.04885,0.01164,0.02675,0.99838,-0.64301,-0.06599,0.06626,
1770731523527808256,31.25569,2.20574,0.12124,0.03608,0.00979,0.02935,0.99887,-0.99838,0.07577,-0.05251,
1770731523728583936,31.08148,2.21023,0.12580,0.03099,0.00541,0.03045,0.99904,-0.83209,0.03298,0.06245,
1770731523927816192,30.94160,2.21009,0.13729,0.03519,0.00895,0.02783,0.99895,-0.68045,-0.11428,0.04524,
1770731524127384832,30.79530,2.21415,0.14116,0.03701,0.00556,0.02881,0.99888,-0.74628,0.12314,0.00284,
1770731524326591744,30.65526,2.22176,0.14644,0.04293,0.00636,0.02764,0.99868,-0.76370,-0.00359,0.00560,
1770731524526574336,30.47450,2.23936,0.14888,0.04545,-0.00043,0.03147,0.99847,-0.89276,0.05411,0.03760,
1770731524727704576,30.31136,2.24144,0.15952,0.04908,0.00457,0.02640,0.99844,-0.81971,0.10163,0.01428,
1770731524927785728,30.13691,2.25704,0.16457,0.05490,0.00511,0.02562,0.99815,-0.88054,-0.03744,0.04032,
1770731525125780224,29.95135,2.28166,0.17296,0.05927,0.00774,0.02844,0.99781,-0.96173,0.13009,0.05565,
1770731525326955776,29.75939,2.30452,0.17447,0.06298,0.00144,0.02982,0.99757,-0.81871,0.09419,0.05773,
1770731525529944320,29.60525,2.31295,0.18383,0.06594,0.00608,0.02593,0.99747,-0.83167,-0.03457,0.04425,
1770731525743105536,29.40108,2.34039,0.18875,0.06866,0.00296,0.02962,0.99720,-1.09332,0.28406,0.02013,
1770731525926434304,29.19051,2.37041,0.19332,0.07430,0.00177,0.03067,0.99676,-1.08631,0.10894,0.03666,
1770731526130025984,28.98221,2.39277,0.19674,0.07702,-0.00064,0.02849,0.99662,-0.91443,0.07790,0.00195,
1770731526327020544,28.86192,2.41110,0.20429,0.08203,0.00308,0.02932,0.99619,-0.44905,0.12546,0.03961,
1770731526526601216,28.76801,2.42985,0.21052,0.08302,0.00569,0.03170,0.99603,-0.45989,0.11682,0.03233,
1770731526728698112,28.67485,2.43642,0.21534,0.08530,0.00681,0.02820,0.99593,-0.46650,0.02594,0.02831,
1770731526922506240,28.57278,2.45051,0.22043,0.08493,0.00784,0.02826,0.99596,-0.59314,0.07138,0.01500,
1770731527125645824,28.43394,2.45616,0.22656,0.08116,0.00668,0.02256,0.99642,-0.79773,0.05373,0.04836,
1770731527325592064,28.26330,2.48693,0.22880,0.07110,0.00264,0.03039,0.99700,-0.84836,0.03779,0.06202,
1770731527526465024,28.08692,2.50075,0.23408,0.05977,0.00128,0.03174,0.99771,-0.83201,0.14534,0.01138,
1770731527724931584,27.91514,2.50267,0.24109,0.05662,0.00519,0.02567,0.99805,-0.97733,0.06522,0.01309,
1770731527925565952,27.72762,2.53249,0.24719,0.06050,0.00527,0.03090,0.99768,-0.90097,0.09463,0.03799,
1770731528125604352,27.54429,2.55708,0.24669,0.06515,-0.00220,0.03292,0.99733,-0.72421,0.10619,0.07769,
1770731528325796352,27.39391,2.56097,0.25752,0.06609,0.00545,0.02656,0.99745,-0.83628,0.04914,0.04664,
1770731528523889920,27.19553,2.58954,0.25669,0.07095,-0.00122,0.02960,0.99704,-1.03655,0.16369,0.00222,
1770731528725577728,27.00218,2.62001,0.25724,0.07400,-0.00460,0.03260,0.99671,-0.96144,0.15242,-0.01873,
1770731528925674240,26.85007,2.63635,0.26191,0.07633,-0.00278,0.03095,0.99660,-0.76100,0.10453,0.02853,
1770731529140721920,26.66933,2.65678,0.26347,0.08195,-0.00515,0.02848,0.99622,-0.87471,0.11509,0.02948,
1770731529331751680,26.50203,2.68123,0.26447,0.07968,-0.00700,0.03116,0.99631,-0.76345,0.10114,0.04791,
1770731529524416256,26.35848,2.68665,0.27278,0.07464,-0.00071,0.02777,0.99682,-0.75839,0.04040,0.04148,
1770731529725365504,26.20308,2.70121,0.27656,0.06785,-0.00078,0.02953,0.99726,-0.72734,-0.01693,0.03517,
1770731529924688896,26.04914,2.70214,0.27938,0.05576,-0.00055,0.02758,0.99806,-0.85666,0.06801,-0.00514,
1770731530124352000,25.88629,2.70662,0.28483,0.04873,-0.00123,0.02619,0.99847,-0.81012,0.06556,0.02394,
1770731530325619712,25.72716,2.72572,0.29347,0.05188,0.00276,0.03052,0.99818,-0.78402,0.08625,0.06350,
1770731530522987008,25.55059,2.73861,0.29985,0.05896,0.00538,0.02959,0.99781,-0.97909,0.12074,0.00259,
1770731530723765760,25.37019,2.74906,0.30772,0.06474,0.00858,0.02553,0.99754,-0.93021,0.09723,0.03298,
1770731530923806208,25.17552,2.78743,0.30567,0.06617,-0.00572,0.03649,0.99712,-0.77927,0.09436,0.01459,
1770731531121400064,25.04861,2.79222,0.31485,0.06849,0.00337,0.03168,0.99714,-0.61797,0.12027,0.04385,
1770731531323323392,24.90084,2.81024,0.31875,0.07745,0.00266,0.03029,0.99653,-0.82368,0.13175,-0.02178,
1770731531522405888,24.74706,2.84008,0.32014,0.08044,0.00023,0.03465,0.99616,-0.76418,0.13416,0.00032,
1770731531723903232,24.62043,2.85679,0.32374,0.08678,-0.00175,0.03352,0.99566,-0.41359,0.00785,0.05677,
1770731531924348160,24.52333,2.86679,0.32898,0.08813,0.00141,0.03259,0.99557,-0.64220,0.11626,0.00389,
1770731532122812160,24.37837,2.88053,0.33538,0.08536,0.00298,0.03024,0.99589,-0.78872,0.10312,0.02595,
1770731532323021824,24.22650,2.90430,0.33681,0.07285,0.00075,0.03379,0.99677,-0.66753,0.01814,0.06942,
1770731532522313472,24.08145,2.91542,0.33946,0.07185,-0.00047,0.03096,0.99693,-0.68082,0.07971,0.02171,
1770731532722334976,23.92819,2.92726,0.34484,0.07498,0.00044,0.02658,0.99683,-0.86878,0.13587,0.01781,
1770731532922580224,23.74591,2.96311,0.34550,0.08303,-0.00169,0.03132,0.99605,-0.85764,0.09505,0.06739,
1770731533123056640,23.58294,2.98161,0.35004,0.08668,-0.00092,0.02821,0.99584,-0.72802,0.09371,0.03666,
1770731533324315136,23.42100,3.00839,0.35487,0.09597,0.00083,0.02686,0.99502,-1.04725,0.24572,-0.06787,
1770731533524115968,23.23357,3.03999,0.35861,0.10455,0.00066,0.02436,0.99422,-0.93522,0.12224,-0.01760,
1770731533723087616,23.07747,3.07047,0.36616,0.10512,0.00400,0.02593,0.99411,-0.76529,0.13840,0.05622,
1770731533920052736,22.90967,3.09497,0.36710,0.10316,0.00137,0.02474,0.99436,-0.99316,0.13199,-0.03934,
1770731534121916672,22.73948,3.11295,0.37520,0.10157,0.00278,0.02023,0.99462,-0.79592,0.04115,-0.00152,
1770731534321880064,22.59142,3.12745,0.37829,0.09372,-0.00046,0.01913,0.99541,-0.73953,0.00815,0.02704,
1770731534522360832,22.45330,3.13876,0.38037,0.08511,-0.00148,0.01897,0.99619,-0.75008,0.01601,-0.01221,
1770731534721918464,22.32109,3.14242,0.39162,0.07584,0.00288,0.01565,0.99699,-0.60343,-0.06584,0.05573,
1770731534921306368,22.20284,3.14180,0.39502,0.06879,0.00357,0.01239,0.99755,-0.61703,0.08622,0.02106,
1770731535121615360,22.04359,3.16497,0.39557,0.07193,-0.00088,0.01666,0.99727,-0.79717,0.00533,0.07683,
1770731535321392384,21.86329,3.17318,0.40061,0.07384,-0.00197,0.01170,0.99720,-0.97304,0.14903,-0.01399,
1770731535521494272,21.68237,3.20453,0.40366,0.07697,-0.00072,0.01699,0.99689,-1.00789,0.09156,0.01724,
1770731535720731904,21.51029,3.21644,0.40756,0.07683,-0.00154,0.01418,0.99694,-0.82226,-0.00816,0.00720,
1770731535920644352,21.34757,3.22688,0.41140,0.07101,0.00042,0.01448,0.99737,-0.90390,0.15973,-0.05446,
1770731536117287168,21.17536,3.25654,0.41081,0.07115,-0.00540,0.02187,0.99721,-0.88545,0.14804,0.01298,
1770731536321387008,21.01427,3.28053,0.40897,0.08143,-0.00705,0.02348,0.99638,-0.73743,0.06742,0.05212,
1770731536520496640,20.86793,3.31409,0.41404,0.10230,-0.00231,0.02863,0.99434,-0.73808,0.20657,-0.00651,
1770731536723001600,20.75240,3.33959,0.41872,0.12119,0.00026,0.02832,0.99223,-0.49325,0.09096,0.03175,
1770731536921412352,20.64531,3.35805,0.42360,0.12399,0.00170,0.02670,0.99192,-0.54308,0.02664,0.02188,
1770731537120029952,20.54543,3.37226,0.43293,0.11664,0.01074,0.02606,0.99277,-0.54387,0.10979,0.04987,
1770731537324812288,20.41018,3.38832,0.43882,0.10325,0.01063,0.02712,0.99423,-0.79890,0.03401,0.00648,
1770731537521240832,20.26180,3.39766,0.44372,0.09417,0.00769,0.02368,0.99524,-0.81631,0.02609,-0.02634,
1770731537719626240,20.10506,3.39363,0.44758,0.07981,0.00565,0.01544,0.99667,-0.65886,-0.04689,0.09968,
1770731537920256000,19.95512,3.41306,0.45245,0.07315,0.00212,0.02057,0.99711,-0.67356,0.15679,0.05562,
1770731538122449664,19.80776,3.42609,0.46082,0.07420,0.00262,0.01890,0.99706,-0.71573,0.07929,0.06278,
1770731538320428544,19.66597,3.43631,0.46871,0.07769,0.01036,0.01563,0.99680,-0.74759,0.06375,0.09789,
1770731538515210752,19.50898,3.44727,0.47405,0.08055,0.00809,0.01263,0.99664,-0.81777,0.12305,0.01436,
1770731538719217664,19.34379,3.47130,0.47567,0.07843,0.00476,0.01528,0.99679,-0.72865,0.02761,0.09743,
1770731538920051712,19.16668,3.48161,0.47934,0.07232,0.00169,0.01434,0.99728,-0.99748,0.08666,-0.03094,
1770731539120052480,18.98522,3.49867,0.48280,0.07086,-0.00202,0.01506,0.99737,-0.72744,0.06028,0.08161,
1770731539318640384,18.81722,3.50632,0.48193,0.06550,-0.00505,0.01430,0.99774,-0.83589,-0.01163,0.01495,
1770731539521712896,18.66295,3.52568,0.48429,0.06010,-0.00758,0.02055,0.99795,-0.68738,0.04800,0.01274,
1770731539715975168,18.53005,3.51574,0.49087,0.05361,-0.00034,0.01332,0.99847,-0.85084,-0.01488,0.00360,
1770731539918439168,18.35693,3.54626,0.49034,0.05300,-0.00825,0.02471,0.99825,-0.78443,0.06386,0.05313,
1770731540119182848,18.19890,3.54082,0.50029,0.05259,0.00267,0.01823,0.99845,-1.05497,0.06226,0.01026,
1770731540318484480,18.00190,3.56331,0.49883,0.05412,-0.00415,0.02315,0.99826,-0.75016,0.09025,0.08667,
1770731540519650560,17.82459,3.57560,0.50425,0.05511,-0.00219,0.02389,0.99819,-1.00022,0.21455,-0.05640,
1770731540727021824,17.62939,3.58780,0.50917,0.05825,0.00009,0.02133,0.99807,-0.90660,0.07247,0.06349,
1770731540913878784,17.44118,3.60871,0.51521,0.06232,-0.00066,0.02331,0.99778,-1.01009,0.14868,0.04427,
1770731541119949056,17.24167,3.62715,0.52629,0.06679,0.00778,0.02164,0.99750,-0.89815,0.02169,0.05620,
1770731541317965056,17.06835,3.64477,0.53416,0.06977,0.00923,0.02165,0.99729,-0.83651,0.11995,0.02449,
1770731541518180864,16.92474,3.66070,0.54278,0.07215,0.01207,0.02204,0.99708,-0.63904,0.04922,0.05304,
1770731541722149632,16.77292,3.68261,0.55115,0.07684,0.01129,0.02335,0.99671,-0.87284,0.16591,0.06174,
1770731541917458944,16.59355,3.70040,0.55761,0.07849,0.01120,0.02134,0.99662,-0.89855,0.13600,0.04223,
1770731542121283072,16.38561,3.72131,0.56113,0.07864,0.00476,0.01976,0.99670,-0.97370,0.12121,0.04752,
1770731542317649408,16.19299,3.74150,0.57027,0.07720,0.00503,0.02065,0.99679,-0.96372,0.00440,0.01392,
1770731542517611264,16.01097,3.75977,0.57394,0.07459,0.00316,0.02075,0.99699,-1.00935,0.11979,-0.03127,
1770731542717526016,15.83487,3.77158,0.57740,0.07223,0.00175,0.01800,0.99722,-0.83358,0.13809,0.00666,
1770731542916675840,15.67969,3.79680,0.58439,0.06732,0.00094,0.02357,0.99745,-0.81268,0.10654,0.00059,
1770731543115664128,15.51250,3.80931,0.58684,0.07162,-0.00017,0.02092,0.99721,-0.77630,-0.07956,0.05709,
1770731543317827584,15.35082,3.82648,0.58926,0.07618,-0.00045,0.02047,0.99688,-0.89027,0.21883,-0.05115,
1770731543516681728,15.17383,3.88079,0.58449,0.08209,-0.00955,0.03511,0.99596,-0.90669,0.24073,0.00707,
1770731543715138560,15.00876,3.88485,0.59741,0.09058,0.00008,0.02098,0.99567,-0.84373,0.01996,0.08000,
1770731543917588992,14.82906,3.93415,0.59722,0.09392,-0.00161,0.03243,0.99505,-0.88400,0.29387,0.03508,
1770731544117662464,14.66840,3.96074,0.61094,0.09561,0.00773,0.03007,0.99493,-0.83806,0.16824,0.03418,
1770731544316593664,14.53418,3.96933,0.62213,0.09707,0.01320,0.02315,0.99492,-0.70981,0.11791,0.04060,
1770731544516414464,14.36142,4.00382,0.62601,0.09582,0.01206,0.02733,0.99495,-0.85499,0.12426,0.07390,
1770731544715322368,14.19210,4.01189,0.63272,0.09053,0.00893,0.02178,0.99562,-0.81027,0.04284,0.02139,
1770731544911712000,14.03232,4.02599,0.63835,0.08028,0.00659,0.02178,0.99651,-0.78162,0.12143,0.03830,
1770731545121934592,13.86519,4.03863,0.64232,0.07452,0.00346,0.02125,0.99699,-0.78278,0.04853,0.02019,
1770731545320589824,13.71811,4.04913,0.64762,0.06868,0.00188,0.02140,0.99741,-0.72583,0.07879,0.00369,
1770731545514526208,13.58803,4.05836,0.65482,0.06518,0.00484,0.02081,0.99764,-0.72554,-0.05021,0.02739,
1770731545717867520,13.43083,4.07167,0.65974,0.06500,0.00503,0.02111,0.99765,-0.78303,0.18742,0.02981,
1770731545915954176,13.25945,4.09285,0.66389,0.07281,0.00369,0.02010,0.99714,-0.98328,0.16215,-0.03793,
1770731546120452352,13.08841,4.11995,0.66750,0.07985,0.00311,0.02103,0.99658,-0.92026,0.09482,0.04942,
1770731546314747392,12.91365,4.14327,0.67578,0.08879,0.00405,0.01938,0.99585,-0.81661,0.12111,0.04390,
1770731546511862272,12.75351,4.16546,0.67536,0.08656,-0.00051,0.01953,0.99606,-0.58334,-0.02559,0.10473,
1770731546713910528,12.62862,4.17688,0.68432,0.07030,0.00583,0.02104,0.99729,-0.62140,0.05001,0.05373,
1770731546916220928,12.47599,4.18066,0.68581,0.05041,0.00009,0.02015,0.99853,-0.77476,0.00156,0.04637,
1770731547118982144,12.31351,4.18521,0.68483,0.04097,-0.00192,0.01998,0.99896,-0.94689,-0.03224,-0.04121,
1770731547315929600,12.14151,4.18839,0.68868,0.04118,-0.00329,0.01728,0.99900,-0.85862,0.03881,0.05147,
1770731547514586368,11.95198,4.20647,0.68449,0.04382,-0.01119,0.02085,0.99876,-0.85589,0.06154,0.03816,
1770731547720742144,11.78950,4.21942,0.69058,0.05174,-0.00481,0.02020,0.99844,-0.82406,0.04902,-0.02638,
1770731547914274304,11.64337,4.23242,0.69933,0.05923,0.00077,0.01912,0.99806,-0.73561,0.09155,0.04447,
1770731548113603328,11.47859,4.24162,0.70318,0.06696,0.00366,0.01448,0.99764,-0.90822,0.12046,0.04179,
1770731548313251840,11.29534,4.25745,0.70713,0.07123,0.00257,0.01130,0.99739,-0.95425,0.04813,-0.01360,
1770731548513041408,11.11204,4.27926,0.70616,0.07923,-0.00431,0.00996,0.99680,-1.06684,0.17098,-0.06435,
1770731548714331904,10.92005,4.30269,0.71449,0.08539,-0.00143,0.00729,0.99632,-1.04439,0.12137,0.03954,
1770731548913191168,10.72395,4.32264,0.72053,0.08994,-0.00136,0.00337,0.99594,-0.98016,0.20123,-0.02456,
1770731549113392896,10.56096,4.34770,0.72772,0.09201,0.00577,0.00431,0.99573,-1.02448,0.10900,0.00059,
1770731549314700288,10.35792,4.38245,0.72962,0.09490,0.00017,0.00657,0.99547,-0.99977,0.07152,0.02819,
1770731549515968256,10.15944,4.40164,0.72952,0.09512,-0.00401,0.00314,0.99545,-0.93202,0.28128,-0.01987,
1770731549713444864,10.02273,4.42042,0.73533,0.09708,0.00087,0.00184,0.99527,-0.60935,0.09345,0.02537,
1770731549914900736,9.87470,4.44297,0.73957,0.09396,0.00040,0.00380,0.99557,-0.81880,0.14017,0.02803,
1770731550112604160,9.71613,4.45974,0.74468,0.09215,0.00176,0.00116,0.99574,-0.84080,0.10859,-0.03414,
1770731550313678080,9.54489,4.49808,0.74208,0.09182,-0.00767,0.00817,0.99571,-0.80916,0.13570,-0.02075,
1770731550512707584,9.39256,4.51262,0.74632,0.09204,-0.00545,0.00424,0.99573,-0.69358,0.13687,0.02255,
1770731550714487808,9.25046,4.53576,0.74893,0.09420,-0.00314,0.00423,0.99554,-0.62658,0.11253,0.04015,
1770731550911838720,9.10939,4.55673,0.75164,0.09353,-0.00145,0.00389,0.99561,-0.69798,0.09078,0.02657,
1770731551112583936,8.95193,4.57629,0.75530,0.08523,0.00033,0.00541,0.99635,-0.96994,0.09708,-0.03642,
1770731551312661504,8.77614,4.59749,0.76153,0.08200,0.00041,0.00591,0.99661,-0.73980,0.09188,0.08358,
1770731551511890432,8.62019,4.61827,0.76221,0.08427,-0.00372,0.00618,0.99642,-0.64186,0.11873,0.02666,
1770731551712287232,8.47552,4.63525,0.76608,0.08234,0.00217,0.00622,0.99658,-0.83506,0.12480,-0.01336,
1770731551911841792,8.30241,4.65380,0.76431,0.08455,-0.00395,0.00435,0.99640,-0.77462,0.16368,0.02817,
1770731552109680128,8.15784,4.69011,0.76775,0.08433,-0.00768,0.01346,0.99632,-0.74747,-0.00461,-0.01452,
1770731552305465856,8.00992,4.68632,0.77624,0.07547,0.00247,0.00659,0.99712,-1.01960,0.08337,-0.00779,
1770731552512270592,7.81400,4.70496,0.77574,0.06801,-0.00086,0.00771,0.99765,-0.96494,0.11966,-0.00707,
1770731552710231552,7.62869,4.72479,0.77527,0.05805,-0.00665,0.01247,0.99821,-0.86564,0.17875,0.00821,
1770731552910370304,7.50028,4.75285,0.78921,0.05648,-0.00234,0.02201,0.99816,-0.41135,0.17168,0.09809,
1770731553110561536,7.37185,4.74219,0.78622,0.06115,0.00180,0.01047,0.99807,-0.44346,0.00170,0.15918,
1770731553313417984,7.21085,4.76850,0.78251,0.06644,-0.00546,0.01653,0.99764,-0.71087,0.11923,0.02366,
1770731553511747840,7.04501,4.77791,0.79143,0.06416,0.00052,0.01419,0.99784,-1.07416,0.31612,0.04290,
1770731553711078656,6.87247,4.78933,0.79547,0.06552,0.00639,0.00996,0.99778,-0.85769,-0.17634,0.00556,
1770731553911535872,6.71927,4.81876,0.80175,0.06551,0.00604,0.01946,0.99764,-0.59534,0.07514,0.05128,
1770731554109891584,6.55091,4.82000,0.80711,0.06354,0.00850,0.01338,0.99785,-1.10337,0.15495,-0.07955,
1770731554309478400,6.33137,4.86667,0.80095,0.06918,-0.00689,0.02432,0.99728,-0.86617,0.19668,0.10664,
1770731554508866304,6.18102,4.87670,0.81015,0.07512,0.00224,0.01962,0.99698,-0.54179,-0.03088,0.06039,
1770731554709034496,6.02819,4.88952,0.81423,0.07725,0.00645,0.01695,0.99685,-0.96472,0.11503,0.00657,
1770731554910106112,5.81679,4.92640,0.81455,0.08073,-0.00188,0.02192,0.99649,-1.14121,0.20854,-0.05229,
1770731555109171968,5.66744,4.94261,0.82373,0.08771,0.00501,0.01784,0.99597,-0.66106,-0.01903,0.03791,
1770731555309581568,5.52165,4.96533,0.82914,0.08863,0.00715,0.01952,0.99585,-0.81070,0.12541,-0.00553,
1770731555510689536,5.35585,4.98924,0.83179,0.08988,0.00597,0.01944,0.99575,-0.85322,0.10368,0.00685,
1770731555706407680,5.19521,5.01176,0.83472,0.09274,0.00509,0.01865,0.99550,-0.80384,0.13289,0.00703,
1770731555909456896,5.03253,5.03576,0.83829,0.09064,0.00266,0.01994,0.99568,-0.82065,0.19300,0.02819,
1770731556111153920,4.85704,5.04743,0.84644,0.08507,0.00519,0.01506,0.99625,-0.94536,0.09604,0.02353,
1770731556312723456,4.67718,5.06664,0.84952,0.07801,0.00675,0.01487,0.99682,-0.76137,-0.00879,0.06115,
1770731556507802368,4.49529,5.08536,0.84971,0.06897,0.00092,0.01867,0.99744,-0.94108,0.15235,0.02550,
1770731556708453888,4.32641,5.08601,0.85822,0.06230,0.00335,0.01282,0.99797,-0.86271,0.03020,0.03455,
1770731556906515712,4.15882,5.09464,0.86375,0.06044,0.00453,0.01150,0.99810,-0.78994,0.07422,0.05215,
1770731557109391616,3.99832,5.11191,0.86640,0.06090,0.00650,0.01364,0.99803,-0.82366,0.10452,-0.00410,
1770731557310068480,3.85741,5.12921,0.87612,0.06316,0.00837,0.01550,0.99785,-0.71935,0.01775,0.05149,
1770731557506529536,3.70825,5.13968,0.88915,0.06603,0.01623,0.01330,0.99760,-0.77747,0.13101,0.07971,
1770731557706481152,3.52805,5.16468,0.89585,0.06954,0.01728,0.01544,0.99731,-0.99762,0.19142,-0.01932,
1770731557908446976,3.37124,5.19572,0.90454,0.07091,0.02082,0.02273,0.99701,-0.65428,0.04553,0.08769,
1770731558105509632,3.21900,5.21789,0.91251,0.07524,0.01698,0.02478,0.99671,-0.81165,0.16463,-0.00785,
1770731558306253312,3.04753,5.26308,0.90944,0.07536,0.00615,0.03749,0.99643,-0.89795,0.27293,-0.04785,
1770731558505949696,2.84907,5.31342,0.90384,0.08221,-0.01309,0.04932,0.99531,-0.89016,0.28894,0.01823,
1770731558706988288,2.70749,5.32716,0.92490,0.07590,0.00741,0.04385,0.99612,-0.34007,-0.06162,0.21981,
1770731558906450176,2.62471,5.31678,0.94756,0.06700,0.03334,0.03563,0.99656,-0.68727,0.12980,-0.00606,
1770731559105960704,2.50278,5.32562,0.96330,0.06901,0.04331,0.03220,0.99615,-0.52607,0.14702,0.12187,
1770731559305121536,2.38206,5.35202,0.97978,0.07039,0.05111,0.03860,0.99546,-0.60813,-0.06938,0.09677,
1770731559506664448,2.25451,5.33934,0.99340,0.06132,0.04601,0.02947,0.99662,-0.67879,-0.08229,0.06716,
1770731559705919488,2.12341,5.32631,1.00559,0.04857,0.04496,0.02269,0.99755,-0.75092,-0.03561,0.04303,
1770731559904617984,1.95002,5.31877,1.00184,0.03063,0.02800,0.01917,0.99895,-1.01674,0.04877,-0.09011,
1770731560105569536,1.78303,5.31961,1.00640,0.00858,0.01473,0.02323,0.99958,-0.73859,-0.03772,0.01188,
1770731560304505600,1.64996,5.29880,1.01450,-0.02752,0.00927,0.02044,0.99937,-0.49850,-0.02038,0.03799,
1770731560505420800,1.54802,5.28761,1.02115,-0.05026,0.01106,0.02420,0.99838,-0.49626,-0.18729,0.03276,
1770731560702852608,1.43942,5.25085,1.02341,-0.07690,0.01113,0.02142,0.99675,-0.59472,-0.25484,0.01707,
1770731560906417408,1.33277,5.21091,1.02226,-0.09729,0.00898,0.01737,0.99506,-0.40442,-0.16480,-0.02276,
1770731561104616448,1.26029,5.16876,1.01684,-0.11639,0.00545,0.00945,0.99314,-0.48280,-0.20075,-0.04663,
1770731561304566784,1.15925,5.14192,1.00589,-0.14165,-0.00767,0.01121,0.98982,-0.44846,-0.27091,-0.01840,
1770731561503845888,1.09228,5.08879,1.00748,-0.17446,-0.00638,0.00448,0.98463,-0.37525,-0.26125,-0.00203,
1770731561699568384,1.03428,5.07015,1.00935,-0.18868,-0.00859,0.00851,0.98196,-0.22092,-0.00899,0.04012,
1770731561905659648,0.95085,5.03033,1.00622,-0.19147,-0.01288,0.00571,0.98140,-0.61121,-0.30220,-0.03621,
1770731562105807360,0.83282,4.99786,1.00323,-0.19215,-0.01616,0.01347,0.98114,-0.51401,-0.14572,0.00718,
1770731562303330560,0.73591,4.93887,1.00619,-0.18789,-0.00557,0.00493,0.98216,-0.49278,-0.32196,0.08121,
1770731562506021120,0.63244,4.88407,1.02274,-0.18834,0.00402,0.00258,0.98209,-0.48549,-0.19080,0.05475,
1770731562702452480,0.51104,4.82770,1.02610,-0.18393,0.01299,0.00033,0.98285,-0.92022,-0.27941,-0.08301,
1770731562915675648,0.22497,4.77516,0.97549,-0.17707,-0.04458,0.01882,0.98301,-1.52353,-0.23869,-0.28893,
1770731563108272384,0.01121,4.71364,0.95492,-0.17299,-0.06714,0.01971,0.98243,-0.65020,-0.38892,0.02668,
1770731563303728640,-0.09695,4.66103,0.96290,-0.17115,-0.03588,0.02155,0.98436,-0.74088,-0.24569,-0.10684,
1770731563506934272,-0.20618,4.60733,0.97181,-0.16302,-0.02098,0.01532,0.98628,-0.51059,-0.18777,0.03800,
1770731563701437952,-0.30239,4.56701,0.97590,-0.16168,-0.01600,0.01463,0.98661,-0.35720,-0.12217,0.05576,
1770731563897651968,-0.37514,4.53415,0.98417,-0.16279,-0.00613,0.01526,0.98652,-0.38323,-0.24960,0.02654,
1770731564101744896,-0.42394,4.49302,1.00326,-0.17754,0.01411,0.01698,0.98387,-0.33035,-0.24017,0.05341,
1770731564313805312,-0.51840,4.41814,1.00710,-0.20757,0.01602,0.01299,0.97800,-0.58210,-0.40230,-0.01284,
1770731564502247424,-0.64501,4.33032,0.99943,-0.23261,0.00268,0.00949,0.97252,-0.69185,-0.45670,-0.00409,
1770731564703194880,-0.73479,4.23265,1.00766,-0.26309,0.00932,-0.00030,0.96473,-0.55392,-0.59901,-0.09041,
1770731564901707776,-0.84652,4.12218,0.99551,-0.29689,-0.01039,-0.00332,0.95485,-0.49509,-0.54401,-0.01829,
1770731565101383936,-0.93662,4.03079,0.99614,-0.33261,-0.01124,0.00149,0.94300,-0.46097,-0.39177,-0.04269,
1770731565306117632,-0.98041,3.96035,1.00856,-0.36357,0.00144,-0.00145,0.93157,-0.08956,-0.43396,0.02003,
1770731565500134400,-1.02466,3.88924,1.00504,-0.39428,0.00058,0.00090,0.91899,-0.45056,-0.37284,-0.12411,
1770731565702462208,-1.12617,3.81657,0.97981,-0.43278,-0.03404,0.01270,0.90077,-0.19252,-0.34207,0.00950,
1770731565902299648,-1.13562,3.74226,0.97834,-0.46180,-0.03189,0.00508,0.88640,-0.04777,-0.40596,-0.03190,
1770731566105817344,-1.13656,3.68269,0.97645,-0.48613,-0.02758,0.00168,0.87345,0.01360,-0.18396,0.01198,
1770731566309718528,-1.13459,3.65261,0.97680,0.50736,0.02458,-0.00134,-0.86138,0.02524,-0.16159,0.00366,
1770731566500505856,-1.12876,3.61155,0.97496,0.52543,0.02572,0.00481,-0.85044,0.01177,-0.28532,-0.01537,
1770731566701248000,-1.13830,3.54715,0.96940,0.54609,0.03281,0.00862,-0.83704,-0.11794,-0.35913,-0.04665,
1770731566902261504,-1.15512,3.49039,0.96948,0.57811,0.02643,-0.00526,-0.81551,-0.14214,-0.23160,0.01640,
1770731567100395008,-1.14974,3.43279,0.96814,0.59635,0.02462,-0.00021,-0.80235,0.07083,-0.09414,0.02125,
1770731567300695552,-1.14193,3.41063,0.96754,0.61769,0.02372,-0.00236,-0.78606,-0.00079,-0.08868,0.00452,
1770731567500104448,-1.14153,3.38965,0.96554,0.63896,0.02489,-0.00482,-0.76882,0.04335,-0.07699,0.00415,
1770731567699910912,-1.13247,3.37240,0.96543,0.65657,0.02311,-0.00487,-0.75389,0.04627,-0.08864,-0.00941,
1770731567904438016,-1.12425,3.35752,0.96255,0.67301,0.02369,-0.00501,-0.73924,0.00686,-0.03891,0.01431,
1770731568108365312,-1.11741,3.32261,0.96269,0.68640,0.02527,-0.00638,-0.72676,0.04579,-0.20996,-0.01359,
1770731568302170112,-1.10365,3.27615,0.96060,0.70206,0.02935,-0.00613,-0.71149,0.08245,-0.22782,0.01273,
1770731568499563520,-1.09397,3.22742,0.96212,0.71255,0.03038,-0.00727,-0.70092,0.04730,-0.24186,0.02344,
1770731568699753472,-1.07760,3.17747,0.96728,0.72189,0.02558,-0.00869,-0.69148,0.11819,-0.28079,0.01169,
1770731568902523392,-1.05024,3.11756,0.96658,0.73893,0.02299,-0.00803,-0.67334,0.15477,-0.30471,-0.00144,
1770731569100242432,-1.01958,3.05078,0.96103,0.75678,0.02382,-0.00410,-0.65322,0.13132,-0.31295,-0.01889,
1770731569305487104,-0.99133,2.99991,0.95837,0.77661,0.02020,-0.00307,-0.62965,0.14529,-0.25129,-0.01718,
1770731569500394496,-0.95710,2.94570,0.95293,0.79411,0.01852,0.00015,-0.60749,0.17741,-0.28906,-0.02603,
1770731569700290304,-0.92201,2.91239,0.95377,0.81866,0.01412,-0.00296,-0.57410,0.15996,-0.09741,0.02329,
1770731569899968512,-0.88556,2.89167,0.95420,0.83804,0.01068,-0.00224,-0.54550,0.21461,-0.13740,-0.01396,
1770731570099503360,-0.85043,2.86529,0.94866,0.85687,0.01362,0.00052,-0.51535,0.12917,-0.14124,-0.03305,
1770731570305626368,-0.83548,2.83292,0.93972,0.87120,0.02403,0.00536,-0.49031,0.04729,-0.18007,-0.04676,
1770731570501125120,-0.82267,2.80361,0.93245,0.88388,0.03261,0.00980,-0.46647,0.10436,-0.10171,-0.01734,
1770731570700495360,-0.80659,2.78770,0.92806,0.89679,0.03553,0.01181,-0.44087,0.04771,-0.04054,-0.00921,
1770731570900065024,-0.79759,2.79106,0.92670,0.90758,0.03268,0.01106,-0.41846,0.02720,0.03204,-0.01089,
1770731571099958528,-0.79298,2.80235,0.92596,0.91632,0.02938,0.01012,-0.39923,0.03294,0.05048,0.00071,
1770731571300336640,-0.78479,2.81152,0.92669,0.92352,0.02520,0.00881,-0.38261,0.04112,0.02574,0.00390,
1770731571499073792,-0.77855,2.81701,0.92643,0.92916,0.02292,0.00861,-0.36887,0.00666,0.02341,-0.00171,
1770731571699973888,-0.77519,2.81925,0.92634,0.93133,0.02133,0.00669,-0.36349,0.04254,-0.02731,0.00252,
1770731571906261760,-0.77012,2.81864,0.92540,0.93210,0.02006,0.00577,-0.36159,-0.02910,0.01115,-0.00249,
1770731572099491840,-0.76846,2.81751,0.92296,0.93310,0.02124,0.00676,-0.35893,-0.02543,0.01888,-0.01099,
1770731572299816192,-0.76628,2.82181,0.92217,0.93515,0.02172,0.00620,-0.35352,0.03425,-0.01834,-0.01121,
1770731572501734656,-0.75917,2.81957,0.92271,0.93453,0.01897,0.00451,-0.35535,0.05318,-0.03575,0.01590,
1770731572698535680,-0.74580,2.81517,0.92775,0.93419,0.01574,-0.00012,-0.35643,0.07599,-0.04093,0.02064,
1770731572899070208,-0.73311,2.81477,0.92900,0.93594,0.01329,-0.00104,-0.35190,0.05340,0.00012,0.00051,
1770731573092969472,-0.72176,2.81739,0.92760,0.93873,0.01171,-0.00014,-0.34445,0.06536,0.03277,-0.03605,
1770731573298235392,-0.71827,2.82365,0.92260,0.94116,0.01256,0.00212,-0.33772,0.05207,-0.01539,-0.01820,
1770731573499326464,-0.71249,2.82840,0.92166,0.94289,0.01232,0.00273,-0.33287,0.02125,0.02170,-0.00516,
1770731573699505664,-0.70756,2.83274,0.92195,0.94436,0.01183,0.00221,-0.32869,0.04497,0.01190,-0.00023,
1770731573899004416,-0.69730,2.83347,0.92500,0.94484,0.00929,-0.00150,-0.32739,0.11863,-0.03939,0.01887,
1770731574096513536,-0.67739,2.83276,0.92945,0.94971,0.00746,-0.00425,-0.31301,0.12398,-0.00270,0.01308,
1770731574297214464,-0.65098,2.82786,0.92929,0.95573,0.00854,-0.00569,-0.29407,0.10678,-0.01021,-0.01095,
1770731574498676480,-0.64089,2.83540,0.92607,0.96238,0.00860,-0.00470,-0.27155,0.05483,0.01696,-0.01975,
1770731574697445120,-0.63512,2.84051,0.92421,0.96715,0.00984,-0.00403,-0.25399,0.05082,0.04057,-0.00166,
1770731574897252864,-0.62317,2.83936,0.92455,0.97118,0.01134,-0.00642,-0.23798,0.08929,-0.06517,-0.00698,
1770731575097459712,-0.60337,2.81659,0.92115,0.97419,0.01916,-0.00510,-0.22487,0.15110,-0.12662,-0.02023,
1770731575297775104,-0.58067,2.79559,0.92088,0.97752,0.02550,-0.00502,-0.20923,0.08536,0.04100,0.04795,
1770731575494133248,-0.56404,2.80190,0.92762,0.98052,0.02200,-0.01256,-0.19477,0.12463,0.01818,-0.00589,
1770731575697595648,-0.55857,2.81255,0.92422,0.98390,0.02095,-0.01208,-0.17708,-0.00390,0.06800,-0.01812,
1770731575897076224,-0.55993,2.82210,0.92192,0.98594,0.02053,-0.01172,-0.16539,0.01708,0.03672,-0.00577,
1770731576096389632,-0.55654,2.82965,0.92068,0.98796,0.02055,-0.01149,-0.15291,0.02022,0.04205,-0.00129,
1770731576296216576,-0.54955,2.83578,0.92058,0.98971,0.02071,-0.01320,-0.14096,0.02899,0.03017,-0.00190,
1770731576493181952,-0.54202,2.84224,0.92079,0.99142,0.02088,-0.01482,-0.12817,0.04853,0.03835,-0.00128,
1770731576693416704,-0.53134,2.84669,0.91979,0.99314,0.02133,-0.01560,-0.11392,0.04972,0.01516,-0.00309,
1770731576897182976,-0.51677,2.85002,0.91892,0.99505,0.02204,-0.01647,-0.09554,0.09619,0.04106,-0.00021,
1770731577096356096,-0.50344,2.85166,0.91812,0.99634,0.02158,-0.01703,-0.08095,0.05433,0.00558,-0.00558,
1770731577296630784,-0.49568,2.84982,0.91688,0.99650,0.02123,-0.01790,-0.07889,0.05930,-0.01697,-0.00933,
1770731577495830016,-0.48131,2.84719,0.91697,0.99637,0.01981,-0.01856,-0.08072,0.09938,-0.02034,0.00287,
1770731577696578048,-0.43884,2.83877,0.91801,0.99565,0.01797,-0.01694,-0.08987,0.34146,-0.06159,0.00018,
1770731577893523712,-0.35406,2.83120,0.91313,0.99599,0.01726,-0.00496,-0.08765,0.46622,-0.01183,-0.04280,
1770731578096217088,-0.26762,2.83106,0.91035,0.99779,0.01975,0.00395,-0.06330,0.35370,0.01746,0.01328,
1770731578296683264,-0.20757,2.83632,0.91289,0.99929,0.02274,-0.00624,-0.02942,0.29141,-0.00321,-0.00050,
1770731578496595968,-0.13364,2.85901,0.91219,0.99979,0.01622,-0.00536,-0.01087,0.37802,0.15046,-0.01217,
1770731578695035904,-0.06627,2.87554,0.90802,0.99985,0.00925,-0.00327,-0.01393,0.31166,0.04090,-0.02117,
1770731578895649792,-0.00756,2.87720,0.90325,0.99990,0.01180,0.00195,-0.00718,0.29254,-0.02287,-0.02735,
1770731579094844672,0.04495,2.86971,0.89901,0.99980,0.01769,0.00869,-0.00233,0.25630,-0.02155,-0.01843,
1770731579292444160,0.08995,2.86959,0.89773,0.99973,0.01982,0.01129,0.00333,0.23600,0.00375,-0.00595,
1770731579498326528,0.14402,2.86835,0.89651,0.99966,0.02216,0.01281,0.00576,0.29750,0.01334,-0.00484,
1770731579690919680,0.19658,2.87415,0.89627,0.99969,0.02079,0.01115,0.00783,0.26263,0.04848,-0.00430,
1770731579894400000,0.25032,2.88364,0.89347,0.99978,0.01682,0.01043,0.00662,0.27715,0.04357,-0.02348,
1770731580098975488,0.30446,2.87816,0.88728,0.99970,0.01855,0.01613,0.00093,0.24115,-0.07134,-0.04125,
1770731580294837248,0.32963,2.87049,0.88454,0.99962,0.02010,0.01653,-0.00856,0.07009,-0.00605,-0.00115,
1770731580494708992,0.34089,2.85325,0.88143,0.99920,0.02227,0.01797,-0.02799,-0.04062,-0.08222,-0.00665,
1770731580694403584,0.33406,2.83782,0.88115,0.99826,0.02166,0.01649,-0.05230,-0.02568,-0.07725,-0.00880,
1770731580894572288,0.33689,2.82314,0.88014,0.99689,0.02241,0.01683,-0.07371,0.01724,-0.02496,-0.01254,
1770731581094238464,0.33890,2.82706,0.87998,0.99709,0.02200,0.01644,-0.07114,0.02471,0.00097,-0.01613,
1770731581293647872,0.34084,2.82814,0.88031,0.99712,0.02208,0.01624,-0.07078,0.01996,0.01027,-0.00718,
1770731581493530880,0.34365,2.82960,0.87876,0.99716,0.02218,0.01619,-0.07010,0.00918,0.01556,-0.00670,
1770731581693604608,0.34756,2.83146,0.87777,0.99732,0.02205,0.01564,-0.06791,0.04143,0.01057,-0.00811,
1770731581893630720,0.35321,2.83363,0.87735,0.99751,0.02187,0.01434,-0.06551,0.06080,0.03465,0.00327,
1770731582093964544,0.37638,2.83699,0.87762,0.99791,0.02050,0.01334,-0.05975,0.13977,-0.00855,-0.00836,
1770731582294312704,0.39348,2.83515,0.88113,0.99789,0.01940,0.01144,-0.06082,0.13532,0.01481,0.00002,
1770731582489846528,0.42963,2.83514,0.87867,0.99778,0.01849,0.01184,-0.06294,0.19279,0.00406,-0.01337,
1770731582697513216,0.46323,2.83513,0.87643,0.99770,0.01702,0.01101,-0.06464,0.14411,0.00399,-0.00851,
1770731582891989248,0.48386,2.83072,0.87898,0.99777,0.01693,0.01001,-0.06377,0.14830,-0.01386,-0.01041,
1770731583105023744,0.52161,2.82394,0.87524,0.99777,0.01922,0.01174,-0.06288,0.18823,-0.03470,-0.01637,
1770731583291985408,0.55515,2.81884,0.87212,0.99770,0.02099,0.01406,-0.06292,0.16873,-0.02633,-0.02108,
1770731583493441536,0.56750,2.81148,0.87359,0.99760,0.02218,0.01625,-0.06355,-0.01086,-0.00257,-0.00135,
1770731583690949376,0.55956,2.81162,0.87361,0.99752,0.02200,0.01475,-0.06517,-0.01930,-0.01516,-0.00326,
1770731583892315904,0.56629,2.80923,0.87270,0.99739,0.02238,0.01559,-0.06685,0.05816,-0.02132,-0.00869,
1770731584092839168,0.57440,2.80727,0.87189,0.99730,0.02277,0.01629,-0.06792,0.01595,-0.01262,-0.00538,
1770731584293234432,0.57592,2.80526,0.87154,0.99710,0.02308,0.01629,-0.07066,-0.01147,-0.00871,-0.00126,
1770731584491502080,0.57329,2.80581,0.87635,0.99718,0.02296,0.01642,-0.06952,-0.01743,0.01588,-0.00081,
1770731584690336512,0.57384,2.80633,0.87602,0.99722,0.02288,0.01644,-0.06899,0.00478,0.00881,-0.00113,
1770731584893611008,0.57318,2.80684,0.87620,0.99725,0.02284,0.01637,-0.06858,-0.01174,0.00237,-0.00074,
1770731585092333568,0.57262,2.80701,0.87645,0.99726,0.02287,0.01637,-0.06843,-0.00127,-0.00068,0.00056,
1770731585292516608,0.57273,2.80719,0.87669,0.99726,0.02288,0.01633,-0.06840,-0.00427,0.00135,0.00072,
1770731585491763712,0.57268,2.80745,0.87691,0.99727,0.02285,0.01639,-0.06833,-0.00385,0.00157,0.00141,
1770731585691380224,0.57259,2.80761,0.87714,0.99727,0.02284,0.01646,-0.06829,-0.00196,0.00165,0.00002,
1770731585889308160,0.57248,2.80772,0.87744,0.99727,0.02287,0.01648,-0.06822,0.00382,0.00038,-0.00049,
1770731586090920192,0.57228,2.80799,0.87771,0.99727,0.02281,0.01646,-0.06821,0.00310,0.00038,-0.00005,
1770731586293615360,0.57217,2.80827,0.87799,0.99727,0.02278,0.01646,-0.06822,0.00244,0.00111,0.00022,
1770731586490370304,0.57201,2.80850,0.87826,0.99727,0.02277,0.01646,-0.06823,0.00292,0.00186,0.00043,
