1403638518.127829552 -6.116843925987317205e-17 7.007268169194513559e-16 4.656971042094102891e-16 -3.737636995126947768e-03 -8.331085554512143165e-01 2.562279571897015085e-04 5.530968262889580656e-01
1403638518.177829266 2.601910523700271547e-05 -2.722801731640830773e-05 -3.113377857119604096e-05 -4.763382375179584481e-03 -8.317763073821335951e-01 1.051434650976992326e-03 5.550895235466662969e-01
1403638518.227829456 1.931086939492932604e-04 -1.397077841594057668e-04 -1.638328583231288119e-04 -5.258416448522553431e-03 -8.337326655133830977e-01 1.619262933575724974e-03 5.521408964204294056e-01
1403638518.277829409 2.023638269652186885e-04 -3.075520886133832859e-04 -2.870205702937552806e-04 -6.243161178082361033e-03 -8.347801611823950640e-01 2.651614657635938382e-03 5.505416191120400260e-01
1403638518.327829599 2.077924158383841994e-04 -2.930426218014480898e-04 -3.076272269558070539e-04 -6.431473755352391797e-03 -8.337238887626019501e-01 3.259011247432946987e-03 5.521344875096898530e-01
1403638518.377829313 2.085524984068588936e-04 -2.678624331995667720e-04 -2.893564224894752614e-04 -6.577900783058586096e-03 -8.334195986400820821e-01 3.525746785034277343e-03 5.525903301121913858e-01
1403638518.427829504 1.911065336075678503e-04 -2.251705028987682159e-04 -2.727272383926818491e-04 -6.535994427717952901e-03 -8.333298344581254735e-01 3.560781783049607203e-03 5.527259615866870757e-01
1403638518.477829456 2.759270732137235793e-04 -1.625317526505137106e-04 -1.989743045569900427e-04 -6.401108936505177198e-03 -8.329378882047189236e-01 3.868290654097399431e-03 5.533159463858435823e-01
1403638518.527829409 2.304242279221068216e-04 -7.663928716159017045e-05 -1.045362422274977339e-04 -6.316462124395899949e-03 -8.330168570470724010e-01 3.856058148397477348e-03 5.531981100810132723e-01
1403638518.577829361 1.150543506887179195e-04 -5.279640855859549106e-05 -9.327021921648490988e-05 -6.249609635807932932e-03 -8.329104470213439804e-01 3.770154154964090558e-03 5.533596620280093470e-01
1403638518.627829552 1.175401914413361074e-04 -3.173384817484629835e-05 -3.509035409702011550e-05 -6.264024547673921819e-03 -8.328409392316306059e-01 3.747410106363591609e-03 5.534642615867229054e-01
1403638518.677829266 1.187643991321909244e-04 -5.295809660662816401e-05 -7.453697085808017389e-05 -6.257693071014722684e-03 -8.328259718116013399e-01 3.758706835682994706e-03 5.534867785922391592e-01
1403638518.727829456 5.972812029169364710e-05 -5.576674457908928329e-05 -8.306104413246513478e-05 -6.237188780259028675e-03 -8.328077029123106545e-01 3.648125714860995378e-03 5.535152379337073825e-01
1403638518.777829409 7.331918672391666365e-05 -7.338019930551580874e-05 -9.806806342681815647e-05 -6.263076109981386211e-03 -8.328107306774045204e-01 3.638530732403938775e-03 5.535104532349117701e-01
1403638518.827829599 1.368890169419842298e-04 -9.424288719718332361e-05 -8.111423925006407880e-05 -6.198576288945470761e-03 -8.328421431816744880e-01 3.588497802921522192e-03 5.534642399252764910e-01
1403638518.877829313 1.695359281018620011e-04 -1.109009742473062137e-04 -7.255269039375333514e-05 -6.197887278191403955e-03 -8.328455604820825808e-01 3.589846800586890020e-03 5.534590965722047118e-01
1403638518.927829504 1.710093934506502766e-04 -8.306895221785955987e-05 -2.092607478219321040e-05 -6.130633007112685356e-03 -8.328736308927013887e-01 3.535334922658160597e-03 5.534179539096333311e-01
1403638518.977829456 1.840606133344703120e-04 -1.126163648566709248e-04 -6.419137060616162695e-05 -6.152931244869942404e-03 -8.328701915865939220e-01 3.515854790239196243e-03 5.534230065408378696e-01
1403638519.027829409 2.175127174723446655e-04 -1.001308151474976837e-04 -9.813287358911761821e-05 -6.123494531571316637e-03 -8.328595515248100600e-01 3.532012521099583361e-03 5.534392424974623470e-01
1403638519.077829361 2.014296911455911831e-04 -5.979989367382506775e-05 -1.110937587015653607e-04 -6.082910723076762061e-03 -8.328583083952119104e-01 3.540133606173770028e-03 5.534415089133194465e-01
1403638519.127829552 1.975005189639218880e-04 -5.090237199620381429e-05 -1.122286333859075891e-04 -6.022650628917534422e-03 -8.328767954449167732e-01 3.479247579718321940e-03 5.534147324792566547e-01
1403638519.177829266 2.239405371661853667e-04 -4.657363576319210809e-05 -1.386643284235823421e-04 -5.991129603001912711e-03 -8.328547791663365452e-01 3.433353004062376403e-03 5.534484937851240627e-01
1403638519.227829456 2.209822568576076858e-04 -3.228127357942397172e-05 -1.324614154483758739e-04 -5.988590827530592894e-03 -8.328497607776961242e-01 3.470221233606444414e-03 5.534558431501330755e-01
1403638519.277829409 1.926199700231851148e-04 -3.949195268324336806e-05 -1.360385672854862735e-04 -5.950631186144261092e-03 -8.328626985158360529e-01 3.397041105000576759e-03 5.534372372014166874e-01
1403638519.327829599 1.938128148343982993e-04 -3.770161023500947996e-05 -1.502335310579055734e-04 -5.951996603005690716e-03 -8.328677000463226010e-01 3.365495008160987109e-03 5.534298884224965187e-01
1403638519.377829313 1.793563378125457403e-04 -3.356936573872538039e-05 -1.416136781602772977e-04 -5.935606752748329336e-03 -8.328870533474522775e-01 3.329154080749945760e-03 5.534011579964227545e-01
1403638519.427829504 2.027810704683913985e-04 1.839976233107257065e-06 -1.034930466897462058e-04 -5.831663466416869487e-03 -8.329176952321329930e-01 3.218355969787256143e-03 5.533567988696426188e-01
1403638519.477829456 1.845789034093374848e-04 1.690043056017298182e-05 -1.288975775943759425e-04 -5.852019342401306064e-03 -8.329275986236638341e-01 3.241640748339495899e-03 5.533415410809960910e-01
1403638519.527829409 1.444802058568357272e-04 7.753107227705483153e-06 -1.029549022822377524e-04 -5.756876054751583656e-03 -8.329187133245244956e-01 3.138640173563332809e-03 5.533565074251587390e-01
1403638519.577829361 1.346352631669132298e-04 -7.689670339721126920e-06 -6.533844099195539935e-05 -5.785191458201235926e-03 -8.329411723959265768e-01 3.072898811988623597e-03 5.533227739578251425e-01
1403638519.627829552 1.389986046809086023e-04 -3.754427606263236052e-05 -5.199177855743526824e-05 -5.811564647859405845e-03 -8.329460317930555968e-01 3.048272434114794767e-03 5.533153186671352364e-01
1403638519.677829266 1.361504914033317385e-04 -5.205287767693734873e-05 -8.574789807844585639e-05 -5.744195013454618179e-03 -8.329461864272609262e-01 3.005551823459144158e-03 5.533160230809935909e-01
1403638519.727829456 1.522563037110642465e-04 -7.172221267198863729e-05 -1.091950943943400826e-04 -5.768474909722653976e-03 -8.329367556362496927e-01 2.982640288137494711e-03 5.533300910526065541e-01
1403638519.777829409 2.163730130874721427e-04 -6.564308462189654802e-05 -9.609311225054516573e-05 -5.730505180406059336e-03 -8.329711830301903541e-01 3.034410523653178517e-03 5.532783765017720290e-01
1403638519.827829599 1.888271765104920135e-04 -9.481262930288802493e-05 -1.522894216622355150e-04 -5.782135107556558157e-03 -8.329585060458205570e-01 3.034904884877782320e-03 5.532969216179072225e-01
1403638519.877829313 1.858349121666379416e-04 -1.328729102860735131e-04 -1.527695919885779774e-04 -5.814465584265799368e-03 -8.329906521669393493e-01 2.994680614042673477e-03 5.532484046795673738e-01
1403638519.927829504 1.687215386250157773e-04 -7.874232591812522380e-05 -1.237863939753511733e-04 -5.826862203532403098e-03 -8.330102537495595039e-01 3.078419534535398357e-03 5.532183006355854138e-01
1403638519.977829456 2.042434278012358450e-04 -1.014240295899230106e-04 -1.283030043460653316e-04 -5.797249479366490925e-03 -8.329693926699467399e-01 3.084690902654494294e-03 5.532800985536796556e-01
1403638520.027829409 1.899590500413593638e-04 -1.290135469121775260e-04 -1.731273512761916447e-04 -5.829644925580605361e-03 -8.329622999315728915e-01 3.022208018083281586e-03 5.532907810468575827e-01
1403638520.077829361 1.908493141661838331e-04 -1.137081664362423817e-04 -1.490598831071227720e-04 -5.803710873514885543e-03 -8.329851479641191547e-01 3.033541126406409921e-03 5.532565931279316285e-01
1403638520.127829552 3.902915712144889654e-05 -3.066095437647788552e-05 -5.963001598162974637e-05 -5.783582902478086839e-03 -8.329773795540105219e-01 3.087896966328671725e-03 5.532681991696880575e-01
1403638520.177829266 6.166095153896601806e-05 -6.318485361083260934e-05 -6.908374794758738533e-05 -5.828701233984710448e-03 -8.329614109305558678e-01 3.073350023612410505e-03 5.532918476375150441e-01
1403638520.227829456 1.127588836920006719e-04 -1.027250706634147117e-04 -8.056565451485790555e-05 -5.850452937916437134e-03 -8.329641323524997754e-01 3.020044301005696871e-03 5.532878145658807201e-01
1403638520.277829409 9.167202624837467520e-05 -6.160024492393438469e-05 -8.306874282973230738e-05 -5.853413966017813504e-03 -8.329902433552349716e-01 2.994180167441820757e-03 5.532486122034592224e-01
1403638520.327829599 1.068117611412429196e-04 -7.228805130699532400e-05 -9.802663304313005493e-05 -5.820622326865097611e-03 -8.329899824275879272e-01 3.006341106623481793e-03 5.532492850823809150e-01
1403638520.377829313 1.340828352938368869e-04 -4.786942185928598720e-05 -3.596354357639004360e-05 -5.842118682941947229e-03 -8.330044489692378651e-01 3.095995103969133473e-03 5.532267821256191542e-01
1403638520.427829504 1.558227002525124289e-04 -8.361934351107068995e-05 -4.379859262171576195e-05 -5.872621171392216136e-03 -8.329845934029244114e-01 3.010068304837919522e-03 5.532568291153235895e-01
1403638520.477829456 1.407220336150423077e-04 -1.250185323209248222e-04 -7.534113316809552439e-05 -5.926425059854732204e-03 -8.329717273110326392e-01 2.965808847076034649e-03 5.532758651562232899e-01
1403638520.527829409 4.210390209592349361e-05 5.557584929456968153e-06 -1.143951961543451522e-05 -5.733518391148620386e-03 -8.328784929778949575e-01 2.990439439264394941e-03 5.534181059322950125e-01
1403638520.577829361 8.593370744453926154e-05 -7.098285814895655046e-05 -8.007834073085877164e-05 -5.800434274117315797e-03 -8.328729289200889063e-01 3.046405394283254776e-03 5.534254770504134502e-01
1403638520.627829552 1.753577278433287472e-04 -1.128108133759826953e-04 -1.871696467681960979e-04 -5.885897653584434147e-03 -8.328875357692671066e-01 3.072908178231543736e-03 5.534024450653768357e-01
1403638520.677829266 9.353216328397550444e-05 -1.562918334040128458e-04 -2.156243035428739494e-04 -5.794417493202495828e-03 -8.329354638372251651e-01 3.008203667450163807e-03 5.533316261690418569e-01
1403638520.727829456 1.719520896146445180e-04 -1.718543488452549135e-04 -1.935157780085604144e-04 -5.825488986708463393e-03 -8.329450785593990325e-01 2.972086434323905919e-03 5.533170216828406929e-01
1403638520.777829409 9.793434144567345350e-05 -1.058839796295342467e-04 -1.298133322144674143e-04 -5.748661005374440872e-03 -8.329955677900936495e-01 2.976336508979981425e-03 5.532417901421492479e-01
1403638520.827829599 1.106586950204193872e-04 -1.014486328689652770e-04 -1.353791065640789376e-04 -5.815810427760457514e-03 -8.329468056647959529e-01 3.057288493737808036e-03 5.533140593450950329e-01
1403638520.877829313 1.329936196681297483e-04 -9.024777207119646352e-05 -1.469404876840206618e-04 -5.783502104113040498e-03 -8.329303519576745085e-01 3.054789922838365649e-03 5.533391800239738645e-01
1403638520.927829504 1.901750895619600088e-04 -9.431142038219491425e-05 -6.944202203119551574e-05 -5.743014809964999863e-03 -8.329711686744655230e-01 3.008106590488965424e-03 5.532784120429136143e-01
1403638520.977829456 1.489810271135740428e-04 -1.009512242064085959e-04 -6.570011761275388435e-05 -5.796286036065543233e-03 -8.330098902005028672e-01 3.008841233539124617e-03 5.532195520503280228e-01
1403638521.027829409 1.120847129657656286e-04 -9.137096849886273324e-05 -1.025709797212132301e-04 -5.756520480487281252e-03 -8.329984716928634514e-01 2.952749871756451920e-03 5.532374624856007950e-01
1403638521.077829361 1.428538399056631086e-04 -9.808763677248745223e-05 -1.189567523201298356e-04 -5.798096671189760000e-03 -8.329783201318569086e-01 3.000253019496481720e-03 5.532671133793516383e-01
1403638521.127829552 1.405061108242211510e-04 -1.060069117536167665e-04 -8.807589164530958790e-05 -5.876793094230629323e-03 -8.330112489512012663e-01 3.013236091029342784e-03 5.532166328229360941e-01
1403638521.177829266 1.754998088491245816e-04 -9.505973794889721943e-05 -1.126792242531656890e-04 -5.911875133948267871e-03 -8.329997520121231736e-01 3.057676222319360461e-03 5.532333264512013793e-01
1403638521.227829456 2.068072411940252969e-04 -6.107771122409669110e-05 -1.580886363648548491e-04 -5.692275662858816559e-03 -8.329727971042707457e-01 2.939280653724597302e-03 5.532768546679897037e-01
1403638521.277829409 1.454311666883335028e-04 -4.799170700602974543e-05 -1.534095982487151824e-04 -5.561192618292716029e-03 -8.329785155542418496e-01 2.815367856138949708e-03 5.532702228256538568e-01
1403638521.327829599 1.273028585844885891e-04 -1.273272934971300071e-05 -1.699901648737785198e-04 -5.478789231977683992e-03 -8.329905786638622800e-01 2.726598715263017867e-03 5.532533274958599812e-01
1403638521.377829313 7.112499650805972310e-05 -2.302192803214447397e-05 -1.173821497069429910e-04 -5.748823322033965594e-03 -8.329233291212844170e-01 2.937555851346277443e-03 5.533507473579023506e-01
1403638521.427829504 8.288061032518450819e-05 -1.996542344063318995e-05 -8.662496894322620732e-05 -5.742428812036280174e-03 -8.329970988814379140e-01 2.974067734581978522e-03 5.532395617520106113e-01
1403638521.477829456 7.716486307214713840e-05 -6.037653660490624707e-05 -3.961646452668206856e-05 -5.761696868484349719e-03 -8.330069771411904300e-01 3.042974239033856883e-03 5.532241129877407682e-01
1403638521.527829409 9.356943099571373931e-05 -7.852935472095784084e-05 -6.881586959832937769e-05 -6.352988168257260072e-03 -8.329808997196128661e-01 3.112419577403660858e-03 5.532565165346112757e-01
1403638521.577829361 -1.918603755359753256e-05 -3.480784246809387684e-05 -6.582744606598435293e-05 -6.991486276550614755e-03 -8.329087121735138100e-01 3.833220050155375109e-03 5.533529639652713383e-01
1403638521.627829552 -6.137275560736478496e-05 1.559610005886931361e-04 -8.788248535145424091e-05 -5.785278048083490783e-03 -8.329794512574200116e-01 3.258144554223536132e-03 5.532640859796140731e-01
1403638521.677829266 -9.020384459761132497e-06 6.747103269948862968e-05 -1.360566909816307048e-04 -5.768017308499453696e-03 -8.329927183847459782e-01 3.195836990688682207e-03 5.532446544886351347e-01
1403638521.727829456 5.938581684849786731e-05 4.666151332968810917e-05 -1.115252931963077953e-04 -6.075160484578713549e-03 -8.329802826943343286e-01 3.395966985454461351e-03 5.532588982346214879e-01
1403638521.777829409 -3.135498524071446413e-05 1.699745428677590018e-04 -1.023207737880821213e-04 -5.755216550064472768e-03 -8.330067670711283068e-01 3.112168531789692803e-03 5.532241118237695154e-01
1403638521.827829599 -5.525108552212507719e-05 1.978152752513823176e-04 -9.050013712992876797e-05 -5.556736542426183451e-03 -8.329580475605156131e-01 3.361784940058083933e-03 5.532980318826271615e-01
1403638521.877829313 9.675850181740469841e-06 1.926333157845423923e-04 -6.513094409698257938e-05 -5.601474364691909000e-03 -8.328626685447817479e-01 3.719468657524745234e-03 5.534388533364027474e-01
1403638521.927829504 -2.469873271163177490e-05 -2.218167170627259407e-05 -2.142307029059485550e-05 -5.696113909047575107e-03 -8.327836663534311512e-01 4.381839731757892348e-03 5.535519115871948559e-01
1403638521.977829456 -4.414996052143607057e-04 -2.250497971136267118e-04 2.300342567415651011e-04 -4.113716246201446283e-03 -8.323015231167016914e-01 4.851035711387893974e-03 5.542866761963446409e-01
1403638522.027829409 -1.026242255562549765e-03 -8.937688076949208997e-04 1.489299910981577635e-04 -2.724127946470082228e-03 -8.330938812909600699e-01 5.870198201538823907e-03 5.530937577441730202e-01
1403638522.077829361 -1.547630272302432698e-03 -1.289784734259913921e-03 1.764948726265272005e-03 -1.777112067026586067e-03 -8.344313957349533961e-01 4.667997583893306220e-03 5.510891919490671365e-01
1403638522.127829552 -1.765662422465928217e-03 -2.326467036109610993e-03 5.504191170278149511e-03 -9.039010999381127216e-04 -8.358892816602392362e-01 5.476512072659918233e-03 5.488700206641358159e-01
1403638522.177829266 -1.964549987149496156e-03 -3.561747056077793541e-03 1.210183870014118479e-02 -7.679034035512625122e-04 -8.356300478097206108e-01 8.145749706801614504e-03 5.492317182060783010e-01
1403638522.227829456 -2.293913639051728924e-03 -4.293391379149135399e-03 2.169244226558188215e-02 -3.562955659769376964e-04 -8.337560266318485569e-01 1.043019855134355751e-02 5.520343939164673586e-01
1403638522.277829409 -3.469980223885352211e-03 -5.101863964146267048e-03 3.462933771415755563e-02 6.471169710241190653e-04 -8.309020582748128936e-01 1.370507178299037662e-02 5.562495139788693477e-01
1403638522.327829599 -4.682815837801780970e-03 -5.366583912782114073e-03 5.137712739014966418e-02 1.582762212736386377e-03 -8.279267721840422034e-01 1.716492232007130539e-02 5.605712445411707989e-01
1403638522.377829313 -6.013714632759035138e-03 -5.444340955257967116e-03 7.055155875780752539e-02 2.706446735072216576e-03 -8.260626903235670504e-01 2.030773382677684979e-02 5.632057374958832074e-01
1403638522.427829504 -7.831500604432127532e-03 -5.559874877851483585e-03 9.176086375541227247e-02 3.959062834851626370e-03 -8.257627712142296961e-01 2.475306363098917634e-02 5.634602535573790538e-01
1403638522.477829456 -9.594898247005243658e-03 -5.564678026346385996e-03 1.138230444312116757e-01 4.305610231569965106e-03 -8.268708213811988283e-01 3.013682872433292789e-02 5.615673405953695019e-01
1403638522.527829409 -1.126551369405279571e-02 -5.470251438405924170e-03 1.366394800826494782e-01 3.532330704141600688e-03 -8.287397948093342404e-01 3.504160565829163299e-02 5.585248078752348411e-01
1403638522.577829361 -1.299340663304877040e-02 -5.487970338608830212e-03 1.598187904180459751e-01 2.336260268776500781e-03 -8.299992284200470305e-01 4.132042919612700926e-02 5.562269724142575589e-01
1403638522.627829552 -1.539304025339477931e-02 -5.026983319090364867e-03 1.834953414515879677e-01 2.900157358622298953e-03 -8.296696975883229852e-01 4.511955771395744635e-02 5.564207108858304496e-01
1403638522.677829266 -1.911282065875324898e-02 -5.249471762998078259e-03 2.072406301381107818e-01 6.015591331983666940e-03 -8.275994122175016621e-01 4.601574477644579386e-02 5.593975123209267153e-01
1403638522.727829456 -2.291677849154918206e-02 -6.229158890514156603e-03 2.316345641750998663e-01 1.050681604877267902e-02 -8.248112820766944076e-01 4.636971217466398509e-02 5.634055427206549060e-01
1403638522.777829409 -2.638608675766934003e-02 -7.080805027250879416e-03 2.562883070538340968e-01 1.369371430686480186e-02 -8.216463910482223465e-01 4.926204828436910738e-02 5.676996925001300820e-01
1403638522.827829599 -2.993219145512991675e-02 -7.633204670687382572e-03 2.807210191967793866e-01 1.448262082944742207e-02 -8.187557061050867446e-01 5.501017609780783912e-02 5.713170992889669009e-01
1403638522.877829313 -3.300985731656128075e-02 -7.632571285833043319e-03 3.053568150065213427e-01 1.233396566021372279e-02 -8.158784569574938361e-01 6.210521458882270474e-02 5.747461692648573317e-01
1403638522.927829504 -3.457063082508073093e-02 -6.828292470228797435e-03 3.301345606436455471e-01 9.364309645489884981e-03 -8.129477825421320691e-01 6.799955469393229035e-02 5.782769865091647032e-01
1403638522.977829456 -3.611821301065104572e-02 -5.219440571532094758e-03 3.535732760182126455e-01 7.599656855679226032e-03 -8.102835779430905827e-01 7.070724702251837690e-02 5.817071890134382084e-01
1403638523.027829409 -3.649744111608660413e-02 -2.662656561378201961e-03 3.737645064942599626e-01 6.190415874207206084e-03 -8.086590509301803120e-01 7.242024415720021979e-02 5.837700971583041909e-01
1403638523.077829361 -3.597363291532357232e-02 -2.404277148884256181e-04 3.912425963597537248e-01 6.022023796874088897e-03 -8.075442594596679013e-01 7.231103668413428609e-02 5.853265056503015318e-01
1403638523.127829552 -3.586585386972621775e-02 2.220229316165313327e-03 4.023966598035215170e-01 6.454837811560018568e-03 -8.071212957999225335e-01 7.257867973998885502e-02 5.858719008301049858e-01
1403638523.177829266 -3.375856548146310282e-02 5.073747831901159050e-03 4.085184553761359028e-01 6.321103053608086511e-03 -8.065392418652359563e-01 7.169248008148984552e-02 5.867833358978434832e-01
1403638523.227829456 -3.235378153105136767e-02 7.877011097685245045e-03 4.081397531423641145e-01 6.320224620613087117e-03 -8.055402464670883278e-01 6.839224398971650853e-02 5.885469115070937063e-01
1403638523.277829409 -3.205559256380394184e-02 1.061985950960643056e-02 4.019629819462137155e-01 6.318838701502513429e-03 -8.039932108380082321e-01 6.220031385286429321e-02 5.913426334710357724e-01
1403638523.327829599 -3.286313506349473890e-02 1.326162216917112918e-02 3.901618683202333626e-01 5.918951497385763205e-03 -8.032777833158561975e-01 5.879867980018723544e-02 5.926655752598519733e-01
1403638523.377829313 -3.402439525349572336e-02 1.511049997529812471e-02 3.701460290199220515e-01 5.861354154323095145e-03 -8.032896534481921424e-01 5.732477792624553897e-02 5.927944390986371603e-01
1403638523.427829504 -3.269731729917747798e-02 1.782871225991908282e-02 3.494408428455604843e-01 6.592809451364251352e-03 -8.044181569361283923e-01 5.532164899434339339e-02 5.914452458237932087e-01
1403638523.477829456 -3.114572492148741031e-02 2.304403685738830657e-02 3.273478193240413892e-01 8.207429466290945552e-03 -8.071682023098420977e-01 5.306589176546990666e-02 5.878742573140868233e-01
1403638523.527829409 -3.021639916303433399e-02 2.713680275804842765e-02 3.024581297901677845e-01 1.026702553449120037e-02 -8.116170921107711544e-01 4.957212269057711257e-02 5.819921723118622880e-01
1403638523.577829361 -2.867211064060804643e-02 3.000505697960582224e-02 2.765910825945105955e-01 1.258689226200089724e-02 -8.167865313562278073e-01 4.612087335486028672e-02 5.749558221109093425e-01
1403638523.627829552 -2.583128191154732828e-02 3.361455068912625604e-02 2.510154536006261039e-01 1.404236909707331886e-02 -8.218688005924685847e-01 4.229753417786275005e-02 5.679308101215423399e-01
1403638523.677829266 -2.335358444353086496e-02 3.700213162762078928e-02 2.249987325677061112e-01 1.548509188344570665e-02 -8.259986291973585582e-01 3.957018624957894110e-02 5.620682137015220459e-01
1403638523.727829456 -2.106207443161201009e-02 3.975172152314584983e-02 2.006697666012275394e-01 1.696186309907047815e-02 -8.289084891603011318e-01 3.747650832596643306e-02 5.578696291445602862e-01
1403638523.777829409 -1.833875371154323336e-02 4.231727246943706860e-02 1.770594571301782882e-01 1.846432625675425987e-02 -8.307083397037086092e-01 3.604633810291833773e-02 5.552327300438639757e-01
1403638523.827829599 -1.543111516816663385e-02 4.473460866850354628e-02 1.541696993040065078e-01 1.979118145178959329e-02 -8.314944308219163194e-01 3.518466125875272660e-02 5.540644008244770546e-01
1403638523.877829313 -1.172007189437099771e-02 4.732505058407888293e-02 1.333223720626557918e-01 2.142074520966995299e-02 -8.315504078465950633e-01 3.263771246662466874e-02 5.540756722775055376e-01
1403638523.927829504 -7.321452204097874013e-03 4.966209395922313585e-02 1.149269045588578730e-01 2.390990931149420198e-02 -8.312935032693309356e-01 2.793365473178898231e-02 5.546162083749844873e-01
1403638523.977829456 -3.679243648563698850e-03 5.079242484987996076e-02 9.997415905949938453e-02 2.734489222671439637e-02 -8.316360747523651176e-01 2.341091509421370023e-02 5.541530700934892417e-01
1403638524.027829409 -7.764654307083624762e-04 5.126674981572928308e-02 9.004715109099029058e-02 3.130063535853457035e-02 -8.329071687473844632e-01 1.895226016194858851e-02 5.522017116146256122e-01
1403638524.077829361 9.722591076868971087e-04 5.115728369820224386e-02 8.641917173029559085e-02 3.553841795272219550e-02 -8.348949121948116003e-01 1.616765115066567254e-02 5.490228715608357346e-01
1403638524.127829552 2.156982702192391469e-03 5.128111053417391124e-02 9.015385126730034171e-02 3.885115079325174997e-02 -8.373429594387161723e-01 1.496408621405135621e-02 5.450902975509941406e-01
1403638524.177829266 2.891893825948041279e-03 5.117684412189418136e-02 1.012488365717882505e-01 4.042538083990653008e-02 -8.395318772915315586e-01 1.660707473962779943e-02 5.415498321151043237e-01
1403638524.227829456 2.813562068851136518e-03 5.160864846940499406e-02 1.189203980170916025e-01 4.134753337682949698e-02 -8.406798154759569375e-01 1.956768625286855329e-02 5.395970116574704267e-01
1403638524.277829409 1.635465857610386578e-03 5.209393224179165865e-02 1.414902401602999016e-01 4.140978334624322715e-02 -8.405505580261442011e-01 2.251047302670949532e-02 5.396788562184631211e-01
1403638524.327829599 1.439168634530722617e-04 5.241839518394843245e-02 1.683104543023218880e-01 4.090982858740863787e-02 -8.397512281418503255e-01 2.704806353107477856e-02 5.407519422234392525e-01
1403638524.377829313 -1.790207853333602387e-03 5.304997648721082593e-02 1.969590007274207299e-01 3.952499766078165083e-02 -8.378861852280605760e-01 3.189975127640385516e-02 5.434766977823309864e-01
1403638524.427829504 -4.851382093345614661e-03 5.328140921878404823e-02 2.270900650708699009e-01 3.833414484867108535e-02 -8.350674656708455545e-01 3.576003375868471584e-02 5.476440825046593464e-01
1403638524.477829456 -8.199001448259943953e-03 5.359278896024703698e-02 2.584724913542342795e-01 3.776960556705878658e-02 -8.314229521373799336e-01 3.827759160799450860e-02 5.530317870928981305e-01
1403638524.527829409 -1.152031228047749496e-02 5.340618992552465666e-02 2.892938918976137863e-01 3.743395017330339303e-02 -8.268450094718797772e-01 4.039825449896206067e-02 5.597267286089765426e-01
1403638524.577829361 -1.506527097497122915e-02 5.328238291041388630e-02 3.190561128782337108e-01 3.623129683987302840e-02 -8.223310275423627580e-01 4.120850401745886071e-02 5.663575138259099306e-01
1403638524.627829552 -1.909539308651676121e-02 5.308817434720288636e-02 3.478489138323686003e-01 3.369158940756576681e-02 -8.186616281457024247e-01 4.065269574602552172e-02 5.718438368414937578e-01
1403638524.677829266 -2.295511183019076362e-02 5.235169678394419046e-02 3.737892406783535626e-01 3.076065288795752292e-02 -8.157121265430589130e-01 3.694807133979412933e-02 5.764567189900530186e-01
1403638524.727829456 -2.620770713578505703e-02 5.085854554382641945e-02 3.961933601762679391e-01 2.818652972207309759e-02 -8.134352338361856560e-01 3.143373300381774316e-02 5.801211600394710066e-01
1403638524.777829409 -2.834660366869676956e-02 4.921146064667102776e-02 4.153848941197808009e-01 2.506982522783755135e-02 -8.117936237812478639e-01 2.444304505384095258e-02 5.828937757427602451e-01
1403638524.827829599 -3.033000660931849113e-02 4.699741364389806858e-02 4.297514602012859064e-01 2.269979766099358351e-02 -8.107451718264192531e-01 1.905913367155866178e-02 5.846483857584743316e-01
1403638524.877829313 -3.438565737682480750e-02 4.399750600351503421e-02 4.397146870130651530e-01 2.224625279732364916e-02 -8.102123514868609933e-01 2.026601402560240794e-02 5.853634242162070178e-01
1403638524.927829504 -3.616916430783830017e-02 4.219382152499296518e-02 4.473764340121818006e-01 2.292510091925184859e-02 -8.097670640988943180e-01 2.260984871867544044e-02 5.858673368514564217e-01
1403638524.977829456 -3.811218697943014738e-02 4.148066231587479308e-02 4.499932583345623849e-01 2.472404842761638522e-02 -8.089869511825314996e-01 2.644148879204115746e-02 5.867109014806199951e-01
1403638525.027829409 -3.936753011479916103e-02 4.067287918501233390e-02 4.477907182580792567e-01 2.657613861211223505e-02 -8.077533886948163877e-01 2.657735468409106253e-02 5.883211844957706438e-01
1403638525.077829361 -4.005637846653210127e-02 3.996982221046133793e-02 4.384066044219654401e-01 2.828491428562581247e-02 -8.064101367441650625e-01 2.371220431488845273e-02 5.902036820849567711e-01
1403638525.127829552 -4.065570981298603781e-02 3.961600802164371576e-02 4.247299144518871805e-01 3.054338300311247242e-02 -8.054310391264185576e-01 2.214208593827296165e-02 5.914876761157117357e-01
1403638525.177829266 -4.063761536195947821e-02 3.870845885823694099e-02 4.065654008731862112e-01 3.274221499794287282e-02 -8.048399297517530027e-01 2.140844386877008981e-02 5.922012439748327584e-01
1403638525.227829456 -4.131600305163685843e-02 3.768937017610948792e-02 3.846853315377302684e-01 3.522083347171604817e-02 -8.054803690244340952e-01 2.099882945054855690e-02 5.912020950297167676e-01
1403638525.277829409 -4.087127321580339562e-02 3.643414488971528920e-02 3.618275922242217280e-01 3.746082471307526918e-02 -8.076730881889452318e-01 2.148698146529855885e-02 5.880469189228513249e-01
1403638525.327829599 -4.172046311971918525e-02 3.889272443708428201e-02 3.361526919240261924e-01 3.999199385454779709e-02 -8.117496759882468771e-01 2.190976744259036726e-02 5.822225227961604910e-01
1403638525.377829313 -4.118606210040806626e-02 3.840860004813088230e-02 3.095662956925021581e-01 4.243274196159550760e-02 -8.168116906248775733e-01 2.382051650478257676e-02 5.748484212917310821e-01
1403638525.427829504 -4.079698779127834130e-02 3.790285123146631269e-02 2.810737992812400998e-01 4.372413901666544894e-02 -8.227500980829161037e-01 2.686213231188080974e-02 5.660820626194248417e-01
1403638525.477829456 -3.871941621587873805e-02 3.745068566352385137e-02 2.545665319150440253e-01 4.429777322670715861e-02 -8.289361653086129156e-01 3.232807465547905129e-02 5.566483959553617522e-01
1403638525.527829409 -3.677254282271130020e-02 3.673533486306655022e-02 2.304142615920616866e-01 4.420208115091499301e-02 -8.343012182642679520e-01 3.629574514409282526e-02 5.483340880422460373e-01
1403638525.577829361 -3.497500127302686362e-02 3.699848273306155511e-02 2.073975027658278847e-01 4.353021360571108361e-02 -8.381095357376547872e-01 3.905986887092474658e-02 5.423576801824053772e-01
1403638525.627829552 -3.347220218913414536e-02 3.739228890200151784e-02 1.866307844221582468e-01 4.214696916235018131e-02 -8.402088678479275874e-01 4.012125696798398561e-02 5.391316871780406084e-01
1403638525.677829266 -3.214153942621134769e-02 3.769824350410833080e-02 1.685003730851611370e-01 4.036173135390990624e-02 -8.411588013107252904e-01 3.994190131967213786e-02 5.377987041064604679e-01
1403638525.727829456 -3.110049221363431551e-02 3.835726000652532608e-02 1.520628789694444538e-01 3.787914961638910727e-02 -8.407960540623088397e-01 3.865717858591644768e-02 5.386397572045410476e-01
1403638525.777829409 -3.016112854180249062e-02 3.848233778233465380e-02 1.375637917938492272e-01 3.441413904003272350e-02 -8.394488958470456286e-01 3.730578019849344062e-02 5.410633022660943370e-01
1403638525.827829599 -2.956507330204648926e-02 3.882213175976204772e-02 1.251811118909100240e-01 3.199101454079641277e-02 -8.378890622028147828e-01 3.433192780019461016e-02 5.438196513211530636e-01
1403638525.877829313 -2.942233499430347426e-02 3.916120555182903834e-02 1.152940014254629914e-01 3.029946421130174858e-02 -8.361018871258207863e-01 2.997374261722185115e-02 5.469160370355452550e-01
1403638525.927829504 -2.789470156941199069e-02 4.155691575567792978e-02 1.083230727770505414e-01 2.940115056604104479e-02 -8.349360009502213575e-01 2.483352925308144124e-02 5.489997654712445163e-01
1403638525.977829456 -2.560315425576921086e-02 4.680697054665237250e-02 1.039629954533258793e-01 2.916241104127787268e-02 -8.347476701467435589e-01 2.132499862780889294e-02 5.494461988223839910e-01
1403638526.027829409 -2.358816322089650475e-02 5.495845974830924907e-02 1.023891625502546532e-01 2.895161449492027889e-02 -8.352143667846457786e-01 1.867573197871299356e-02 5.488442243202712456e-01
1403638526.077829361 -2.185745845773732349e-02 6.615317060393777204e-02 1.029786888665760874e-01 2.690911416799597611e-02 -8.364528506689070664e-01 1.687706328017010010e-02 5.471176225617213618e-01
1403638526.127829552 -1.958123242748189760e-02 8.061883097985217406e-02 1.054383123391142568e-01 2.252753885479933174e-02 -8.377807932373838584e-01 1.604958229660896976e-02 5.453056605095805143e-01
1403638526.177829266 -1.729750160452222379e-02 9.644404950088387996e-02 1.101677212653888321e-01 1.760330030063439119e-02 -8.387235115828569620e-01 1.520110076413870755e-02 5.440605862146288274e-01
1403638526.227829456 -1.473783711881188931e-02 1.136476125000217136e-01 1.161854981231657535e-01 1.274963318965515943e-02 -8.386599878424784160e-01 1.391672186419989563e-02 5.443282065979475615e-01
1403638526.277829409 -1.187729942032594334e-02 1.324843704592520155e-01 1.231449364804825947e-01 8.350827216089618324e-03 -8.376256400936238355e-01 1.188091779025199357e-02 5.460516409049746001e-01
1403638526.327829599 -7.070227585173934591e-03 1.526440094459670105e-01 1.311800442852912585e-01 4.282981025365526460e-03 -8.358940454551346821e-01 1.061862349815235855e-02 5.487713965588860709e-01
1403638526.377829313 -2.175243928611012619e-03 1.740480225442479212e-01 1.386128775002262170e-01 -2.506983617411606712e-04 -8.336281737961165339e-01 9.325199786187940432e-03 5.522472685786965485e-01
1403638526.427829504 2.464906069607840974e-03 1.964194853622039105e-01 1.445367374454689102e-01 -5.433787014076427342e-03 -8.309164367209754820e-01 8.172073542058309881e-03 5.563106743175308955e-01
1403638526.477829456 7.565424533194636293e-03 2.196490114314088304e-01 1.500256190542904322e-01 -1.130639699995254766e-02 -8.283748130080267336e-01 7.919200085104056985e-03 5.600041257265954142e-01
1403638526.527829409 1.345558023878977785e-02 2.446327973528069077e-01 1.545553722741808134e-01 -1.717992530613765556e-02 -8.258391641617204293e-01 7.218644017686461425e-03 5.635977433255852098e-01
1403638526.577829361 2.054147269211033244e-02 2.719081579110991798e-01 1.592599247690906772e-01 -2.248065535564584133e-02 -8.230209904576374358e-01 6.700928374347734327e-03 5.675263579428114769e-01
1403638526.627829552 2.842838979752621009e-02 3.018708592776314092e-01 1.640855757531473058e-01 -2.688942356314172680e-02 -8.203099759116596612e-01 4.924052142971819222e-03 5.712654864690738243e-01
1403638526.677829266 3.471535213600453890e-02 3.324167843816323575e-01 1.662753718095235089e-01 -3.076457585412630327e-02 -8.179712785981000378e-01 2.314379123493917004e-03 5.744311724744556313e-01
1403638526.727829456 4.019653515863235577e-02 3.644171515263653349e-01 1.675448173091491633e-01 -3.408339373290172197e-02 -8.162448816200583712e-01 -3.834536451491047824e-04 5.766996345273741609e-01
1403638526.777829409 4.981393406552742098e-02 3.971194370291351583e-01 1.697575425345236866e-01 -3.623467513863622841e-02 -8.148068189159207719e-01 -5.922666925645362485e-03 5.785687670296447704e-01
1403638526.827829599 5.901075776597823619e-02 4.299845768483282482e-01 1.713145417267754878e-01 -3.783750918288333182e-02 -8.139977379574471206e-01 -1.097706300410154594e-02 5.795304216232299854e-01
1403638526.877829313 6.408913418110934179e-02 4.591490700932501778e-01 1.690825035709295487e-01 -3.986669374458245291e-02 -8.140183800849656315e-01 -1.380375833375945861e-02 5.793049109662263829e-01
1403638526.927829504 7.103709802188690192e-02 4.909601884997505383e-01 1.686122020712419456e-01 -4.244443474495594726e-02 -8.151380832581953673e-01 -1.536007874598045893e-02 5.775053620203485227e-01
1403638526.977829456 7.750697777485267281e-02 5.204626912236729464e-01 1.679041988671519103e-01 -4.630652716992800927e-02 -8.169361216647296198e-01 -1.789223331946503473e-02 5.745876318262451710e-01
1403638527.027829409 8.350381272835960544e-02 5.494596569325678193e-01 1.684245584546630314e-01 -5.229578129922745483e-02 -8.193647003788507854e-01 -2.122925919111758389e-02 5.704874736447558270e-01
1403638527.077829361 9.041281917716911809e-02 5.788858616904242194e-01 1.708574070057872207e-01 -5.938095904775592127e-02 -8.217522113879930368e-01 -2.589158125868671126e-02 5.661508904889551719e-01
1403638527.127829552 9.838687575006797859e-02 6.066239456079085546e-01 1.742900952808624226e-01 -6.709905223213977199e-02 -8.232054368685332024e-01 -2.953362917046633770e-02 5.629904889495537246e-01
1403638527.177829266 1.048408311207655319e-01 6.312968620387078289e-01 1.784375117536394217e-01 -7.467042477016035129e-02 -8.232916012238337133e-01 -3.369677833027209801e-02 5.616758799780354749e-01
1403638527.227829456 1.090270867942428196e-01 6.533197609777730008e-01 1.809271845019135294e-01 -8.217322657872988545e-02 -8.222391804463184961e-01 -3.829012491863326151e-02 5.618755710175719065e-01
1403638527.277829409 1.124494600105211406e-01 6.707930913656149352e-01 1.849905748889227597e-01 -8.842948684440186946e-02 -8.204098192453251892e-01 -4.551906981202640673e-02 5.630594716597321359e-01
1403638527.327829599 1.131999158503590175e-01 6.872070897424491509e-01 1.869926268177192763e-01 -9.392202235557056689e-02 -8.179265340984411825e-01 -5.279548170417048408e-02 5.651437654667846866e-01
1403638527.377829313 1.145599686529733541e-01 6.993564161762638731e-01 1.903244179649801193e-01 -9.730504110153623265e-02 -8.149325856581922656e-01 -6.094005051537484952e-02 5.680694676286209832e-01
1403638527.427829504 1.108881188860523503e-01 6.997592743331665366e-01 1.906174433900537091e-01 -9.992170207669026638e-02 -8.126545930728292788e-01 -6.744294703600381413e-02 5.701399957087999182e-01
1403638527.477829456 1.072176589545229680e-01 7.003596962670377568e-01 1.916836916758644371e-01 -1.016644361813578146e-01 -8.112596686071052998e-01 -7.180799353577577149e-02 5.712842589917757063e-01
1403638527.527829409 1.030602548392559326e-01 6.896301648413274421e-01 1.917472453077462835e-01 -1.027990664579236380e-01 -8.109570150917286835e-01 -7.409807293634199099e-02 5.712184758881786451e-01
1403638527.577829361 1.001495365468425686e-01 6.770210913213036141e-01 1.869527989203662866e-01 -1.035551610733243533e-01 -8.107786301253807615e-01 -7.423466628956364166e-02 5.713173862818862192e-01
1403638527.627829552 9.216713760098220465e-02 6.589719085374766694e-01 1.894229412974286486e-01 -1.026707031205911363e-01 -8.113284309711383813e-01 -7.391103273757924919e-02 5.707381738225494328e-01
1403638527.677829266 8.641817249197941697e-02 6.387809311578021010e-01 1.887755169534783284e-01 -1.000860117509477232e-01 -8.114311383805704603e-01 -7.261127937799052856e-02 5.712179094052390882e-01
1403638527.727829456 7.693972354280669002e-02 6.172057700922493062e-01 1.873293244303547711e-01 -9.635440739681296052e-02 -8.119443014045052420e-01 -7.083938350665494599e-02 5.713528343645074559e-01
1403638527.777829409 6.695324525984111541e-02 5.903962194648867401e-01 1.877784915318309600e-01 -9.302801853198341964e-02 -8.129731439580027974e-01 -6.766377385368556319e-02 5.708257778682834793e-01
1403638527.827829599 5.364142217023715881e-02 5.633394398013651383e-01 1.850075849184413534e-01 -9.129891931202539779e-02 -8.145692375957235276e-01 -6.077289496302335642e-02 5.696034758786074903e-01
1403638527.877829313 3.889672867588026689e-02 5.315771047227501045e-01 1.855253434744655594e-01 -8.940177480314388803e-02 -8.160976653814480120e-01 -5.288851592207786945e-02 5.685021795073070816e-01
1403638527.927829504 2.871673921288392731e-02 4.986564265235727267e-01 1.941394284247643376e-01 -8.756929276324111611e-02 -8.168242710419091335e-01 -4.651116585881012039e-02 5.683013642885735850e-01
1403638527.977829456 1.939842332061615313e-02 4.687690109278736528e-01 1.985505515662843723e-01 -8.428546524811991736e-02 -8.164421779922566014e-01 -4.426898831989729138e-02 5.695247027270207152e-01
1403638528.027829409 1.010383820476180167e-02 4.409815895968880461e-01 1.984575739654150794e-01 -8.054026486458228107e-02 -8.157090615511265463e-01 -4.250445674417952652e-02 5.712489508049933828e-01
1403638528.077829361 4.311427579511361533e-05 4.209408224205262172e-01 1.917940190868835104e-01 -7.718215344488153773e-02 -8.153384246798894841e-01 -3.737704359688730910e-02 5.725985723367492675e-01
1403638528.127829552 -8.895167020549045803e-03 3.953143408276575954e-01 1.889795642808353715e-01 -7.308684517264601999e-02 -8.151859137130664790e-01 -3.255127425955939985e-02 5.736468022142036105e-01
1403638528.177829266 -1.954766403640269962e-02 3.674524582824220675e-01 1.879381619072370002e-01 -6.860749773365956705e-02 -8.159059725081491132e-01 -2.810773722110574205e-02 5.734112053217714777e-01
1403638528.227829456 -3.081490975990254164e-02 3.416604530334317325e-01 1.874632127269310888e-01 -6.361127168647383312e-02 -8.162093696603637261e-01 -2.230775778808394977e-02 5.738102778231928269e-01
1403638528.277829409 -4.602668853313608005e-02 3.175874415354443814e-01 1.841042806544940236e-01 -5.849432915713389386e-02 -8.168546757983891071e-01 -1.608080704713215486e-02 5.736447155927425490e-01
1403638528.327829599 -6.126897216545740266e-02 2.968650855682873346e-01 1.819769613188065016e-01 -5.382668347644344736e-02 -8.169828872194584424e-01 -1.153303922333274653e-02 5.740284306049289187e-01
1403638528.377829313 -7.870416938155236353e-02 2.798725455459589173e-01 1.789123100166765123e-01 -5.065174574019219028e-02 -8.162149100248645706e-01 -9.444615372410477411e-03 5.754462794623322885e-01
1403638528.427829504 -9.689214031150067408e-02 2.657915818633653227e-01 1.751051969589499935e-01 -4.834992547909163635e-02 -8.151710123973955335e-01 -1.040067291536520520e-02 5.771051301592104998e-01
1403638528.477829456 -1.158842122211870967e-01 2.543369371364644360e-01 1.714779215320446082e-01 -4.758052974775695693e-02 -8.154450497014545940e-01 -1.146458690347935266e-02 5.767616729234423811e-01
1403638528.527829409 -1.371304378872816865e-01 2.412164898509543132e-01 1.682939722682385286e-01 -4.850372807364464883e-02 -8.162279970217024561e-01 -1.340451680320509792e-02 5.755341555200440551e-01
1403638528.577829361 -1.573189562732985047e-01 2.315125347178870752e-01 1.653024736967086128e-01 -5.187803130710184896e-02 -8.175901470305209084e-01 -1.388525206742287528e-02 5.732906951288629926e-01
1403638528.627829552 -1.769086325499893975e-01 2.245754572246937697e-01 1.624295915445975735e-01 -5.646827638136812932e-02 -8.185690318152656353e-01 -1.285502282494946011e-02 5.714812528016175452e-01
1403638528.677829266 -1.984007735945560180e-01 2.180448492363549484e-01 1.616597765995911595e-01 -6.005889080743147257e-02 -8.187197580922542794e-01 -1.270008076346332976e-02 5.709024393825473664e-01
1403638528.727829456 -2.147154371033334619e-01 2.130227042006620775e-01 1.628226268894185369e-01 -6.223520696099400090e-02 -8.184329898865697617e-01 -1.559816314238016838e-02 5.710086841602640684e-01
1403638528.777829409 -2.265520644440645881e-01 2.100438542611599568e-01 1.643298388750490668e-01 -6.458473036959566649e-02 -8.181802132768766223e-01 -1.895214847088765378e-02 5.710085527149558748e-01
1403638528.827829599 -2.349832901641489558e-01 2.076087056441566492e-01 1.672427457070255474e-01 -6.767701328201913835e-02 -8.176585151508526383e-01 -1.872394574149313998e-02 5.714051000213402620e-01
1403638528.877829313 -2.384418863821326229e-01 2.044536033876699077e-01 1.699056853239424014e-01 -7.228959820861557972e-02 -8.167319837217753564e-01 -1.540992235310442368e-02 5.722635887856242221e-01
1403638528.927829504 -2.402376669115780239e-01 2.017020792119217643e-01 1.737131676491377730e-01 -7.626807433158251659e-02 -8.160317225768802807e-01 -1.224280955754277964e-02 5.728224176829145309e-01
1403638528.977829456 -2.386187347382057455e-01 1.954746476539543087e-01 1.795115073006974260e-01 -7.956646498068660478e-02 -8.161560495414318384e-01 -8.478316206306424699e-03 5.722644481371415015e-01
1403638529.027829409 -2.308185300261258177e-01 1.909644431905310469e-01 1.872990102569410398e-01 -8.140493112133971587e-02 -8.163252783516716793e-01 -6.694208942802697994e-03 5.717879542975925489e-01
1403638529.077829361 -2.207326072589962107e-01 1.873179015204425035e-01 1.935034888641098960e-01 -8.173128812479744931e-02 -8.164732504689549142e-01 -9.023791087747798367e-03 5.714980306217380956e-01
1403638529.127829552 -2.067162429234515875e-01 1.811153303915345181e-01 2.003818595095475663e-01 -7.837697877034123517e-02 -8.166055194351179436e-01 -1.736938742206027911e-02 5.715861957811063654e-01
1403638529.177829266 -1.894199431124599098e-01 1.718454758547839079e-01 2.040511171767927512e-01 -7.389357455848757916e-02 -8.178978207311816684e-01 -2.761900554404448857e-02 5.699298948247155661e-01
1403638529.227829456 -1.726305209087924675e-01 1.608953515128553335e-01 2.035669751041199460e-01 -7.060165186442649010e-02 -8.188450955308052004e-01 -3.427526414933188686e-02 5.686240608228378957e-01
1403638529.277829409 -1.567666661271042705e-01 1.527509897924597682e-01 2.012510272938366762e-01 -6.842452586061816000e-02 -8.198894152913124289e-01 -3.875657578062540604e-02 5.670955464362067433e-01
1403638529.327829599 -1.388479026665275784e-01 1.427325087828840988e-01 1.995501210686281557e-01 -6.636305043687011629e-02 -8.219018068214057893e-01 -4.116478378953333794e-02 5.642506766110104710e-01
1403638529.377829313 -1.186472271070292128e-01 1.347269796272962394e-01 1.963892269526374690e-01 -6.419465628082925146e-02 -8.248923492852570094e-01 -4.306771619826445935e-02 5.599793121331373413e-01
1403638529.427829504 -9.906879957225221689e-02 1.267988862560515684e-01 1.894664795459085338e-01 -6.217175492065236952e-02 -8.294740516127945273e-01 -4.379743940181029388e-02 5.533437041233834064e-01
1403638529.477829456 -8.181516819654341410e-02 1.190364433174020686e-01 1.794954638966539950e-01 -6.152748958537809093e-02 -8.353085545922064314e-01 -4.182339049503651374e-02 5.447245089564995979e-01
1403638529.527829409 -6.726864466031434731e-02 1.110825623166264847e-01 1.669612163258697435e-01 -6.096674219875915235e-02 -8.413564670695095060e-01 -3.925755129353488554e-02 5.355942459851665838e-01
1403638529.577829361 -5.633263828759889347e-02 1.046341774671119274e-01 1.536355805996885149e-01 -5.978122976001593730e-02 -8.457589449052175246e-01 -3.862213762350345803e-02 5.287970708755718174e-01
1403638529.627829552 -4.806949465817492162e-02 9.860222539586119272e-02 1.404679379459920774e-01 -5.832201015089739232e-02 -8.486372994209846476e-01 -3.974699806669499541e-02 5.242456039950196267e-01
1403638529.677829266 -4.136326768577953950e-02 9.354239227947161450e-02 1.264074059534122108e-01 -5.715649896854384931e-02 -8.494873324447226315e-01 -3.989739537533258662e-02 5.229843252755026484e-01
1403638529.727829456 -3.667424280735150782e-02 8.818133652777998543e-02 1.143596528147414193e-01 -5.635365168636781441e-02 -8.485285212025637236e-01 -3.938870381978017837e-02 5.246638396714603525e-01
1403638529.777829409 -3.303948823584320488e-02 8.346804019644117612e-02 1.030115707280288978e-01 -5.643435258834111901e-02 -8.457764376867250578e-01 -3.953354984820045548e-02 5.290694469899845931e-01
1403638529.827829599 -3.084365959227536660e-02 7.871906172564085979e-02 9.237331181445619654e-02 -5.699308804437706183e-02 -8.424875223460568385e-01 -3.861484144063583729e-02 5.342990329645775915e-01
1403638529.877829313 -2.924728243200257899e-02 7.455525392844096488e-02 8.251260559004656991e-02 -5.726027387861357815e-02 -8.393979023409675611e-01 -3.899205577634179409e-02 5.390844480851441078e-01
1403638529.927829504 -2.795142027680880964e-02 7.169378601494631742e-02 7.503739094894179562e-02 -5.706690550467727330e-02 -8.374821374757077663e-01 -3.923817848369400701e-02 5.420584867470684687e-01
1403638529.977829456 -2.994122667369910826e-02 7.016801763563805527e-02 6.820784446102390319e-02 -5.724114942017934082e-02 -8.368533847859856989e-01 -3.908589973608226492e-02 5.430213215216479483e-01
1403638530.027829409 -3.351916192696385854e-02 6.946992449644281975e-02 6.266407541206199527e-02 -5.733049960307228660e-02 -8.371931388348512471e-01 -3.976865683934737578e-02 5.424383062029320968e-01
1403638530.077829361 -3.812564727480055593e-02 6.905039255889872107e-02 5.765176136371902293e-02 -5.791179875210516331e-02 -8.381828304157104004e-01 -3.986166694785832354e-02 5.408389907077171266e-01
1403638530.127829552 -4.402244620789074608e-02 6.955718301211116783e-02 5.240544811098494377e-02 -5.972225292912330258e-02 -8.392194883006302009e-01 -3.999853308254116419e-02 5.390213542270316793e-01
1403638530.177829266 -5.142246303697878967e-02 7.056082089606476038e-02 4.727634428768398567e-02 -6.236116575018999658e-02 -8.396264223881001465e-01 -4.064926569627102387e-02 5.380392114264450631e-01
1403638530.227829456 -5.856554642910990344e-02 7.155363277402232436e-02 4.245236945006698737e-02 -6.556428379405550289e-02 -8.393745195815740523e-01 -4.215113872949575319e-02 5.379358902988173874e-01
1403638530.277829409 -6.638789805560182944e-02 7.322154883896318800e-02 3.732657784880372837e-02 -6.835717818956547898e-02 -8.389220469341072128e-01 -4.281436145995611009e-02 5.382416054251324411e-01
1403638530.327829599 -7.322741019622387715e-02 7.498482096757271009e-02 3.207055591417813656e-02 -7.152011751273912310e-02 -8.385073412938163218e-01 -4.345207651197453141e-02 5.384256944408737366e-01
1403638530.377829313 -7.893232975633698856e-02 7.691823515941151324e-02 2.742020910687070767e-02 -7.348627240136121341e-02 -8.381199195848293426e-01 -4.589502429476549628e-02 5.385614309516185694e-01
1403638530.427829504 -8.558493959670758489e-02 7.928637608904359757e-02 2.315507841396148916e-02 -7.548869745629993577e-02 -8.378848433824845898e-01 -4.706304353351476594e-02 5.385494552217305886e-01
1403638530.477829456 -9.096165259411759241e-02 8.133661924539462018e-02 1.956654877635044185e-02 -7.743852979029405836e-02 -8.377649846975048220e-01 -4.634872986597214639e-02 5.385210300058100863e-01
1403638530.527829409 -9.553486030454148847e-02 8.353026120646865615e-02 1.639793988208756298e-02 -7.932015963097967248e-02 -8.376068966038840991e-01 -4.493048946763150697e-02 5.386132658540125906e-01
1403638530.577829361 -9.924514162875724965e-02 8.593734986504680817e-02 1.348388862874399900e-02 -8.080641812428684956e-02 -8.377638894107674039e-01 -4.584449064903486915e-02 5.380708792216849501e-01
1403638530.627829552 -1.018881986706208220e-01 8.810296846934333181e-02 1.095689760656131349e-02 -8.176610526633389109e-02 -8.388636664145551203e-01 -4.671661222288615162e-02 5.361339490663888929e-01
1403638530.677829266 -1.040008846669022852e-01 8.993261323004547725e-02 7.987481933845134302e-03 -8.298786710559055702e-02 -8.407369556393839982e-01 -4.701279089498621583e-02 5.329767188421550284e-01
1403638530.727829456 -1.059106864331696291e-01 9.125349003794547276e-02 5.009714672859474915e-03 -8.404536497247533378e-02 -8.426846468195130502e-01 -4.675820092641184283e-02 5.297477072035720047e-01
1403638530.777829409 -1.083327243955721497e-01 9.245271054979566083e-02 1.565373859511307508e-03 -8.469620258157717352e-02 -8.440862044296721933e-01 -4.698021429405402349e-02 5.273878006027966636e-01
1403638530.827829599 -1.096001083319218111e-01 9.364037034301353479e-02 -1.527611920764549791e-03 -8.477141605743328256e-02 -8.447411572156421355e-01 -4.664368200933580177e-02 5.263559168986394754e-01
1403638530.877829313 -1.108738140308313525e-01 9.395193130809489923e-02 -3.840011835146725592e-03 -8.418196032215813362e-02 -8.447478259550451618e-01 -4.517913556444350109e-02 5.265675206563663613e-01
1403638530.927829504 -1.113473693849723056e-01 9.411035832437003590e-02 -5.536543169547021928e-03 -8.410224513063169205e-02 -8.439473807552531071e-01 -4.449882208284045709e-02 5.279199614653483641e-01
1403638530.977829456 -1.119902290038052722e-01 9.413794117516055548e-02 -7.049033216066155974e-03 -8.412066351210618909e-02 -8.425712662335158587e-01 -4.424297100007461292e-02 5.301319975298790510e-01
1403638531.027829409 -1.125186165876961436e-01 9.392199171296082560e-02 -8.613329276332369611e-03 -8.372091645649017144e-02 -8.412474412497414900e-01 -4.324888105299778962e-02 5.323749477822107279e-01
1403638531.077829361 -1.126609617149262749e-01 9.357666534247556511e-02 -9.214421209887262501e-03 -8.249955930529893899e-02 -8.392031123909100554e-01 -4.531558140154041264e-02 5.356103592632256438e-01
1403638531.127829552 -1.125588478397035602e-01 9.261594181732089870e-02 -8.911786110647927986e-03 -8.205926212214946502e-02 -8.375799170778274183e-01 -4.586970339690166903e-02 5.381655231600668277e-01
1403638531.177829266 -1.128814190694251429e-01 9.181514261938167332e-02 -8.654622828853437977e-03 -8.031134652121106610e-02 -8.370173594141741003e-01 -4.602326799731955298e-02 5.392901690760923961e-01
1403638531.227829456 -1.131547864296572059e-01 9.135691878179166836e-02 -9.517367206617791120e-03 -7.919310522207811953e-02 -8.374058221011201342e-01 -4.772374837179753360e-02 5.387043577304507780e-01
1403638531.277829409 -1.130526497652342838e-01 9.062947525106598845e-02 -9.950433490713946755e-03 -7.895776611324367700e-02 -8.359306015412210078e-01 -4.862214917170994827e-02 5.409450870349620244e-01
1403638531.327829599 -1.128284902426585495e-01 8.993101425394416093e-02 -1.011198526613668949e-02 -7.924718828789716063e-02 -8.337670756401723837e-01 -4.859292117493638208e-02 5.442343931970711202e-01
1403638531.377829313 -1.126144281809744879e-01 8.975135203534617689e-02 -1.013241281458176352e-02 -7.906964008609401739e-02 -8.345659959651995363e-01 -4.853771352660398580e-02 5.430392994626445091e-01
1403638531.427829504 -1.126172395449867858e-01 8.997248063044055444e-02 -1.011057692857433160e-02 -7.877827046793414723e-02 -8.344717980168878668e-01 -4.911009627214743545e-02 5.431749265758534229e-01
1403638531.477829456 -1.123717732549962683e-01 8.991875880901696594e-02 -9.968386867969336249e-03 -7.937263109089072455e-02 -8.333892302418672848e-01 -4.870335583813528713e-02 5.447846909382472180e-01
1403638531.527829409 -1.123656448927643631e-01 8.989508178061825228e-02 -1.015365945152830671e-02 -7.907411751635427810e-02 -8.335735572270408511e-01 -4.868031515764569689e-02 5.445481021425190304e-01
1403638531.577829361 -1.125164989812736938e-01 9.003633172401590001e-02 -1.027921086337776034e-02 -7.818108135851513374e-02 -8.337554293679352302e-01 -4.924522166867478790e-02 5.443477846560104139e-01
1403638531.627829552 -1.125659020801641208e-01 9.003423830785615978e-02 -1.032326939839361100e-02 -7.798170103103112261e-02 -8.338150244669111366e-01 -4.915336621488873570e-02 5.442934005362332073e-01
1403638531.677829266 -1.126469972554364068e-01 8.979198212209374419e-02 -1.049133548459625642e-02 -7.871914693544539154e-02 -8.338898214408277942e-01 -4.843204415474755553e-02 5.441372976576158704e-01
1403638531.727829456 -1.126885589019303857e-01 8.997254744046206953e-02 -1.046439380833932148e-02 -7.845663870384610161e-02 -8.339070189307298264e-01 -4.899259013558417836e-02 5.440986727912177079e-01
1403638531.777829409 -1.126215840852567152e-01 8.988990049177589259e-02 -1.045949833802937816e-02 -7.869754097087017231e-02 -8.338122689229673368e-01 -4.854565105298520866e-02 5.442491313750655868e-01
1403638531.827829599 -1.127688160995752170e-01 8.997556530158823396e-02 -1.053301420145356763e-02 -7.849535586505515528e-02 -8.338961658273188471e-01 -4.876663523322316562e-02 5.441300203206445030e-01
1403638531.877829313 -1.127943998114745439e-01 8.995191134122916543e-02 -1.053945658262046316e-02 -7.862282388360723739e-02 -8.338105296511511000e-01 -4.866237752848508874e-02 5.442521706164428208e-01
1403638531.927829504 -1.128060538769816573e-01 8.991595435932840663e-02 -1.050178533042149184e-02 -7.866142394318630104e-02 -8.337843275019103384e-01 -4.864179963039423626e-02 5.442885732073879934e-01
1403638531.977829456 -1.128481402813472367e-01 8.998570870392053056e-02 -1.045876151684057946e-02 -7.863295840090804567e-02 -8.338221964216391280e-01 -4.877678881205441824e-02 5.442225900134052274e-01
1403638532.027829409 -1.126523601602971436e-01 8.986069352143746802e-02 -1.037635502943934709e-02 -7.882493852284963576e-02 -8.337642340547755104e-01 -4.842976438504577319e-02 5.443146048008736804e-01
1403638532.077829361 -1.126363240388812831e-01 8.999719379362490501e-02 -1.038222676786072773e-02 -7.847765913990766007e-02 -8.338147101826846042e-01 -4.886529924367552513e-02 5.442485357157264003e-01
1403638532.127829552 -1.126555268238479818e-01 8.988402744593720906e-02 -1.035112633521724154e-02 -7.879084020128195032e-02 -8.337533353153954163e-01 -4.845250918999790407e-02 5.443342114032730938e-01
1403638532.177829266 -1.127234677068860019e-01 8.999710382923452323e-02 -1.042326211683903409e-02 -7.845249395847167517e-02 -8.337955390111827514e-01 -4.877468416044668936e-02 5.442896613952867835e-01
1403638532.227829456 -1.127921247374550906e-01 8.995557690152598818e-02 -1.048918700851347689e-02 -7.867919099466694210e-02 -8.337647151753597718e-01 -4.853957236975771361e-02 5.443251735379663891e-01
1403638532.277829409 -1.127531027108327200e-01 8.997754069455428383e-02 -1.036116968658299872e-02 -7.859713145404845225e-02 -8.337669368829405681e-01 -4.866707382335128812e-02 5.443222407852779110e-01
1403638532.327829599 -1.127130040324501453e-01 8.986349265844954803e-02 -1.034113567715403900e-02 -7.861401135912024496e-02 -8.337643951858824121e-01 -4.869565159676602500e-02 5.443211405539145620e-01
1403638532.377829313 -1.127213284628502538e-01 8.983401342006472334e-02 -1.043433073793700004e-02 -7.875628251865342266e-02 -8.337491590995658175e-01 -4.858408007923983168e-02 5.443338817559157938e-01
1403638532.427829504 -1.126576141164696426e-01 8.988323763991684645e-02 -1.031162848967251064e-02 -7.854205886251354463e-02 -8.337781224873261898e-01 -4.881473055707377662e-02 5.442998342198784867e-01
1403638532.477829456 -1.127112293009202848e-01 8.986862913186639823e-02 -1.037458253430632513e-02 -7.869730736528969539e-02 -8.337353115388834723e-01 -4.854399663999223180e-02 5.443671963820291282e-01
1403638532.527829409 -1.128578772064622870e-01 8.991670966939335763e-02 -1.050760224306239964e-02 -7.866637200523177165e-02 -8.337436913746910649e-01 -4.869391929741161834e-02 5.443454429237883918e-01
1403638532.577829361 -1.128030632586979054e-01 8.988835029862282666e-02 -1.048521993203024860e-02 -7.877363086782955548e-02 -8.337191564414575540e-01 -4.859234340821810133e-02 5.443765860363039000e-01
1403638532.627829552 -1.127876871560491850e-01 8.999036382325889538e-02 -1.053186798984940935e-02 -7.870564987771021259e-02 -8.337375870324549298e-01 -4.860278211934771636e-02 5.443572597264467738e-01
1403638532.677829266 -1.127063676864306085e-01 8.986967304070876683e-02 -1.045115178121916108e-02 -7.875797157512502700e-02 -8.336944304995491661e-01 -4.852635585819012332e-02 5.444226035485013604e-01
1403638532.727829456 -1.127743425113309356e-01 8.988563974724055050e-02 -1.050986627759588170e-02 -7.873848387439341678e-02 -8.336995187477627134e-01 -4.860185544337880525e-02 5.444108955966731056e-01
1403638532.777829409 -1.127444649621106992e-01 8.989780563053856310e-02 -1.046992441450687698e-02 -7.873021278204808682e-02 -8.337250722250013624e-01 -4.857230226218357816e-02 5.443755955144029546e-01
1403638532.827829599 -1.128458631398452788e-01 8.992141270022520338e-02 -1.049844971245943170e-02 -7.879939633946897448e-02 -8.337042115075334880e-01 -4.851840648694855790e-02 5.444023393438941483e-01
1403638532.877829313 -1.127836917758652802e-01 8.991803691154934275e-02 -1.056044722641601846e-02 -7.873511182942198594e-02 -8.337325013796776929e-01 -4.857631371828650957e-02 5.443631508964735799e-01
1403638532.927829504 -1.128075205265832576e-01 8.988536577952767337e-02 -1.052259610011178383e-02 -7.876189491442450730e-02 -8.337208278099497161e-01 -4.856913922672447675e-02 5.443777951938859605e-01
1403638532.977829456 -1.128345920063474062e-01 8.989502529777242124e-02 -1.044422004740175672e-02 -7.873626839924480203e-02 -8.337243361095624250e-01 -4.862423318496490038e-02 5.443712109988969594e-01
1403638533.027829409 -1.127569493413732027e-01 8.988311572343225808e-02 -1.043349108488792615e-02 -7.873771067510897115e-02 -8.336880337157606125e-01 -4.851603503654105393e-02 5.444362494370896810e-01
1403638533.077829361 -1.128074450411835766e-01 8.988811555197687153e-02 -1.043174853236436203e-02 -7.871885499723903223e-02 -8.336925246182551597e-01 -4.855235756694869370e-02 5.444288611363792274e-01
1403638533.127829552 -1.127862537067073206e-01 8.989388580769508419e-02 -1.041246388935265429e-02 -7.878759819878601578e-02 -8.336693196487671154e-01 -4.849308985269314837e-02 5.444597322878590440e-01
1403638533.177829266 -1.127842236780971785e-01 8.994351841616565757e-02 -1.045589023223364271e-02 -7.876621882127522734e-02 -8.336907967475645220e-01 -4.844429282902295436e-02 5.444342831630883950e-01
1403638533.227829456 -1.129723606660814894e-01 8.997751825608965581e-02 -1.065325962854564087e-02 -7.873386690736433602e-02 -8.336727270110297905e-01 -4.852439808467887833e-02 5.444594982460365662e-01
1403638533.277829409 -1.129711530997864199e-01 8.994738660931017593e-02 -1.057440462884181274e-02 -7.872075017201055069e-02 -8.336436893430371198e-01 -4.858968226350361685e-02 5.445000325880775538e-01
1403638533.327829599 -1.128912123978110249e-01 8.989332134222857706e-02 -1.057834862714612627e-02 -7.873458492149124077e-02 -8.336289841968262948e-01 -4.861894784146911230e-02 5.445179333639954544e-01
1403638533.377829313 -1.129787313475978522e-01 8.994420959209448174e-02 -1.066951878227434709e-02 -7.866843767557435418e-02 -8.336395262803345529e-01 -4.865649156544612358e-02 5.445080008276512729e-01
1403638533.427829504 -1.130824109064572924e-01 8.991846178446571969e-02 -1.073597952133550568e-02 -7.878268802936271020e-02 -8.336322362434559485e-01 -4.856991374282685486e-02 5.445103729421665317e-01
1403638533.477829456 -1.131670075816353788e-01 9.001574356229748164e-02 -1.080975468479120766e-02 -7.880692278428060027e-02 -8.336328156094289232e-01 -4.850935945078897749e-02 5.445113770216767346e-01
1403638533.527829409 -1.131221468347021752e-01 9.000144060699391546e-02 -1.074123647911666077e-02 -7.878873556860439831e-02 -8.336003781114232902e-01 -4.856394793116904779e-02 5.445588009768380644e-01
1403638533.577829361 -1.130320132288128859e-01 9.002750731599612477e-02 -1.068888109333978112e-02 -7.872939046863294821e-02 -8.336462102745226810e-01 -4.849217611726548000e-02 5.445036161741958480e-01
1403638533.627829552 -1.129338373185829747e-01 8.998596611988887717e-02 -1.049493267268373532e-02 -7.871239395047939513e-02 -8.336310848231182069e-01 -4.848825977635125295e-02 5.445295787366161155e-01
1403638533.677829266 -1.128370698375367465e-01 8.993555962424536199e-02 -1.047292747611131523e-02 -7.875334302154295141e-02 -8.336208376947893406e-01 -4.847834816088576054e-02 5.445402277918143241e-01
1403638533.727829456 -1.129660178851958352e-01 8.999915226554910941e-02 -1.066732957570016432e-02 -7.873397120851861886e-02 -8.336189911580293987e-01 -4.854928713481287267e-02 5.445395358255515905e-01
1403638533.777829409 -1.131095698661249288e-01 8.995009376621151964e-02 -1.070372379180568531e-02 -7.882452370647768936e-02 -8.335701841284957059e-01 -4.847931223419554153e-02 5.446073804859169476e-01
1403638533.827829599 -1.130077013324359003e-01 8.995225577646313864e-02 -1.065888844700546220e-02 -7.876150607553707161e-02 -8.335647409165204413e-01 -4.856385453327990293e-02 5.446172967271215581e-01
1403638533.877829313 -1.129619893722618867e-01 8.992015720965544634e-02 -1.061458483564556125e-02 -7.856552330123238448e-02 -8.336120320994958588e-01 -4.836659498498059595e-02 5.445907738631929895e-01
1403638533.927829504 -1.129944277919733286e-01 8.998695621820278212e-02 -1.066700701333711011e-02 -7.875728233937188960e-02 -8.336032424786340433e-01 -4.845983581508940541e-02 5.445682408297410904e-01
1403638533.977829456 -1.129854013086818848e-01 8.993120737178332547e-02 -1.058631364811634008e-02 -7.880798828544974266e-02 -8.335939630206236073e-01 -4.842987264285927157e-02 5.445777751926424992e-01
1403638534.027829409 -1.129699749299594713e-01 8.996006559298065641e-02 -1.060111703046981088e-02 -7.889416491985715152e-02 -8.336072881771005028e-01 -4.840183213570666693e-02 5.445473923227674984e-01
1403638534.077829361 -1.130160852303851160e-01 9.002053887164357393e-02 -1.054585986734923528e-02 -7.920441609745601519e-02 -8.335674545416098535e-01 -4.852393255284023071e-02 5.445524650291186930e-01
1403638534.127829552 -1.128159196636503020e-01 8.988394660296131211e-02 -1.035803695085194161e-02 -7.903816343915355536e-02 -8.335934247754713811e-01 -4.842576771731596508e-02 5.445456049884662697e-01
1403638534.177829266 -1.128560146487141008e-01 8.984308059821573267e-02 -1.039924939083078891e-02 -7.906866752274960275e-02 -8.335881143173453633e-01 -4.837097172627118774e-02 5.445541759818628424e-01
1403638534.227829456 -1.127137207837337340e-01 8.990055326498846977e-02 -1.033023694805027676e-02 -7.896708773044427976e-02 -8.336026457581998672e-01 -4.842634109975403611e-02 5.445417500320722803e-01
1403638534.277829409 -1.126338171654909653e-01 8.985114215516383507e-02 -1.032508704555645286e-02 -7.892025963294650726e-02 -8.336234632684518253e-01 -4.817051989078256075e-02 5.445393604885071515e-01
1403638534.327829599 -1.128889927426483114e-01 8.987712908073770823e-02 -1.048655050871980139e-02 -7.899941931150689101e-02 -8.335536983991812532e-01 -4.827390033726344787e-02 5.446255173784272374e-01
1403638534.377829313 -1.129198675040072319e-01 8.987010079014712272e-02 -1.058430202315680316e-02 -7.896228422252518642e-02 -8.335262649292212167e-01 -4.827144172165979269e-02 5.446731049515985967e-01
1403638534.427829504 -1.129843359788507973e-01 8.989389294732244573e-02 -1.061890426808459291e-02 -7.896216914586888513e-02 -8.335543887413041642e-01 -4.818476550063371944e-02 5.446377559695426696e-01
1403638534.477829456 -1.129183402245971385e-01 8.992777471869177475e-02 -1.048297736758009059e-02 -7.918661093875122015e-02 -8.335214716935225310e-01 -4.834324283822161172e-02 5.446415038773522177e-01
1403638534.527829409 -1.127738461407986614e-01 8.984354785183674974e-02 -1.033375567095601993e-02 -7.918360051492474849e-02 -8.335257643926384796e-01 -4.848762159302701796e-02 5.446225372268505005e-01
1403638534.577829361 -1.126909215174469459e-01 8.985782119786035749e-02 -1.028388564752987303e-02 -7.881365711918808525e-02 -8.335719449129148639e-01 -4.832679097845579697e-02 5.446198136125092182e-01
1403638534.627829552 -1.126270900257508867e-01 8.984443714802137215e-02 -1.020632869935852831e-02 -7.888149778134480317e-02 -8.335480403675730177e-01 -4.830024092462793794e-02 5.446489331980494120e-01
1403638534.677829266 -1.126745880311749715e-01 8.981565541170995204e-02 -1.023086890248042086e-02 -7.873064322191371256e-02 -8.335514181745320439e-01 -4.810172633254387181e-02 5.446831583599032189e-01
1403638534.727829456 -1.127442454346447021e-01 8.986108456864187743e-02 -1.036688639865819030e-02 -7.876731778505199899e-02 -8.335548996787749410e-01 -4.820556344171257612e-02 5.446633478798836858e-01
1403638534.777829409 -1.129067868108261791e-01 8.980357516255266237e-02 -1.044447440895897999e-02 -7.876119319293904686e-02 -8.335334070320072897e-01 -4.828973247131596730e-02 5.446896690284179776e-01
1403638534.827829599 -1.129541710175818447e-01 8.981229927313112704e-02 -1.045054843890940062e-02 -7.880541194241089120e-02 -8.335624252078418506e-01 -4.830090253434726061e-02 5.446378734026634527e-01
1403638534.877829313 -1.129592609219698535e-01 8.983706360684171055e-02 -1.053123793285558156e-02 -7.891790260513716071e-02 -8.335418677217447669e-01 -4.845963214019406717e-02 5.446389477958665237e-01
1403638534.927829504 -1.129874706429473408e-01 8.986130977564575628e-02 -1.049677309597020838e-02 -7.899573869933046444e-02 -8.335306334566247033e-01 -4.852310499214898543e-02 5.446392059323916790e-01
1403638534.977829456 -1.128760751995665224e-01 8.991394128306118283e-02 -1.038730734612418327e-02 -7.895237802010900141e-02 -8.335299922522737548e-01 -4.844779362717015897e-02 5.446531789254089873e-01
1403638535.027829409 -1.128493896025499904e-01 8.991138128772625804e-02 -1.032495315729413908e-02 -7.907146000388720619e-02 -8.335555937454701692e-01 -4.830539604009536497e-02 5.446093692380804541e-01
1403638535.077829361 -1.127936652819457181e-01 8.990085092394019262e-02 -1.032491566828884315e-02 -7.900802262745089399e-02 -8.335737090999858490e-01 -4.829843302797161286e-02 5.445914663532976929e-01
1403638535.127829552 -1.128407765276921992e-01 8.992852520756956791e-02 -1.037232787606363373e-02 -7.902435131510762711e-02 -8.335465528485739295e-01 -4.827375145009289714e-02 5.446328497753517572e-01
1403638535.177829266 -1.128194512079287032e-01 8.989807307300838601e-02 -1.035029338742232165e-02 -7.900110591711027863e-02 -8.335411833644481572e-01 -4.826309142841685856e-02 5.446453845439627184e-01
1403638535.227829456 -1.127960139248495586e-01 8.991992332471057670e-02 -1.036771847707077671e-02 -7.900680115026290085e-02 -8.335156538647582325e-01 -4.831727853967736352e-02 5.446788234628978653e-01
1403638535.277829409 -1.127444200251999096e-01 8.990808729530497256e-02 -1.032838697860295404e-02 -7.898005494756774048e-02 -8.335012280404940910e-01 -4.828767949829550904e-02 5.447074019913237253e-01
1403638535.327829599 -1.129078805356088094e-01 8.995950866657960454e-02 -1.040638062534415126e-02 -7.897970750399223305e-02 -8.335145523902064424e-01 -4.842227798829629171e-02 5.446751139447825185e-01
1403638535.377829313 -1.128493118048183030e-01 8.991446954993623231e-02 -1.039246821693025694e-02 -7.899420530458649281e-02 -8.335366855866394031e-01 -4.832427555150690945e-02 5.446478437503989856e-01
1403638535.427829504 -1.130596046340171384e-01 8.992336297121368560e-02 -1.050945460595242333e-02 -7.896354327862740996e-02 -8.335561050638179426e-01 -4.838237813272198290e-02 5.446174106929966285e-01
1403638535.477829456 -1.130938702868356793e-01 8.994150273326537159e-02 -1.056508955196985323e-02 -7.901393753855959212e-02 -8.335644242710430474e-01 -4.840396153287407355e-02 5.445954505614799546e-01
1403638535.527829409 -1.129436237378107916e-01 8.989226658324687980e-02 -1.044962001247170050e-02 -7.896214260418212005e-02 -8.335454154706305463e-01 -4.838589821520442036e-02 5.446336614984044200e-01
1403638535.577829361 -1.130078459626217835e-01 8.991319926985044675e-02 -1.051284717276155037e-02 -7.890392177415882224e-02 -8.335411871405740136e-01 -4.838976341362136863e-02 5.446482270839719808e-01
1403638535.627829552 -1.130355782169807366e-01 8.988102007181962561e-02 -1.052805617280140951e-02 -7.892810153593615707e-02 -8.335454273293834149e-01 -4.841979988735916479e-02 5.446355647082519180e-01
1403638535.677829266 -1.129067168025105206e-01 8.984603976116034563e-02 -1.046652740005252907e-02 -7.891471884815411120e-02 -8.335469936337694952e-01 -4.833624753628355114e-02 5.446425283865856670e-01
1403638535.727829456 -1.129111817504140081e-01 8.984201886237486168e-02 -1.047557804923405361e-02 -7.893585350527305977e-02 -8.335183155416296952e-01 -4.839629198149963257e-02 5.446780219638752696e-01
1403638535.777829409 -1.128844218529738708e-01 8.985940868405163651e-02 -1.040615443989935905e-02 -7.892958985039007225e-02 -8.335270075257564804e-01 -4.838844987534717673e-02 5.446663249089922498e-01
1403638535.827829599 -1.129247781188031097e-01 8.984543253235345583e-02 -1.037178173506649731e-02 -7.889154594648997709e-02 -8.335223275157133127e-01 -4.838547832695343220e-02 5.446792625004488464e-01
1403638535.877829313 -1.130189745180241179e-01 8.991709392386511290e-02 -1.051219710662530324e-02 -7.891968041110183907e-02 -8.335162318881860211e-01 -4.827889307595726459e-02 5.446939725259398735e-01
1403638535.927829504 -1.130562649924108654e-01 8.992222424108112233e-02 -1.059587585491826751e-02 -7.897325174151165195e-02 -8.335302952627043904e-01 -4.831873577519878865e-02 5.446611535273350180e-01
1403638535.977829456 -1.130891126420931481e-01 8.999382135059476318e-02 -1.062898213321824062e-02 -7.895833788320534563e-02 -8.335389304162418300e-01 -4.820727814247313670e-02 5.446599771356100961e-01
1403638536.027829409 -1.129604605126578731e-01 8.999152799552248561e-02 -1.062587221638825428e-02 -7.902848917128198203e-02 -8.335086272037025568e-01 -4.812079376836449207e-02 5.447038236357502061e-01
1403638536.077829361 -1.127439436851221388e-01 8.997178547879537691e-02 -1.053688831705347322e-02 -7.897089940266928398e-02 -8.334969239112253181e-01 -4.817787725920440883e-02 5.447250379970208778e-01
1403638536.127829552 -1.127143901977439022e-01 8.996856543693179664e-02 -1.053264088777513229e-02 -7.897431199465669571e-02 -8.335400494815098371e-01 -4.819435933244452935e-02 5.446570918328964561e-01
1403638536.177829266 -1.127157159740184572e-01 8.998047343820667066e-02 -1.050273030750442475e-02 -7.900435839385180903e-02 -8.334947318328780330e-01 -4.813168951890658270e-02 5.447276235199298711e-01
1403638536.227829456 -1.126459570619315065e-01 8.992869678098112940e-02 -1.048403731447006444e-02 -7.899058680623988193e-02 -8.335097039843454292e-01 -4.819011636011788502e-02 5.447015451099190830e-01
1403638536.277829409 -1.129031675662153789e-01 8.993598708555770871e-02 -1.057933765603826654e-02 -7.898169047497326234e-02 -8.335189735254314725e-01 -4.827205383702155850e-02 5.446813950936661985e-01
1403638536.327829599 -1.128109652884635716e-01 8.991944645922503310e-02 -1.047915447709795930e-02 -7.900562370824473768e-02 -8.335189662390338761e-01 -4.817000963300330230e-02 5.446869692899216631e-01
1403638536.377829313 -1.128159700263407922e-01 8.995155005473948195e-02 -1.047618356965888953e-02 -7.900301839652384972e-02 -8.335121731474866014e-01 -4.822512369833160950e-02 5.446928655154881227e-01
1403638536.427829504 -1.129157299806847065e-01 8.991740211659605964e-02 -1.056198399434042992e-02 -7.902223825782155042e-02 -8.334982331865261607e-01 -4.826085176782674707e-02 5.447082442209841835e-01
1403638536.477829456 -1.126940293884059474e-01 8.996092954203675773e-02 -1.046470271596171286e-02 -7.898885233588519295e-02 -8.335212862289154145e-01 -4.821534134616900502e-02 5.446818405902905669e-01
1403638536.527829409 -1.126338805589393172e-01 9.003064717603115330e-02 -1.044587685196150112e-02 -7.898387747050118757e-02 -8.335320609545722181e-01 -4.811609621471572146e-02 5.446748495621994701e-01
1403638536.577829361 -1.127005225919288228e-01 9.004565028082439637e-02 -1.053415037189882331e-02 -7.898421332224273006e-02 -8.334978102081004314e-01 -4.807853554937412816e-02 5.447305286502635013e-01
1403638536.627829552 -1.127086276488222932e-01 8.998526471881967970e-02 -1.049766271490055677e-02 -7.902270565236589606e-02 -8.334722687845790290e-01 -4.812105002505225743e-02 5.447602717736974576e-01
1403638536.677829266 -1.129521675768750261e-01 8.999895351588686754e-02 -1.059834940646870241e-02 -7.891636152210547428e-02 -8.335400413617339854e-01 -4.817061499715119544e-02 5.446676043070558526e-01
1403638536.727829456 -1.130758720528821648e-01 9.000709096771049300e-02 -1.062658233744976331e-02 -7.900998119376048678e-02 -8.335106265387958180e-01 -4.815936779991587813e-02 5.447000400328406711e-01
1403638536.777829409 -1.129581898068821866e-01 8.995962046302344306e-02 -1.052209230369753092e-02 -7.891981720471505368e-02 -8.335378081507962555e-01 -4.825078187090223875e-02 5.446634253228204159e-01
1403638536.827829599 -1.126968709887609249e-01 8.991037895278175540e-02 -1.039861244589986716e-02 -7.896720831778586414e-02 -8.335226191917533001e-01 -4.821521359285219771e-02 5.446829504256679444e-01
1403638536.877829313 -1.125717520171728159e-01 8.995099845653181658e-02 -1.031473011010418384e-02 -7.906025418500034485e-02 -8.335009096989548505e-01 -4.818726890201439211e-02 5.447051467124052193e-01
1403638536.927829504 -1.125927791493665647e-01 9.001044944434605233e-02 -1.032135439129571591e-02 -7.892663900629204310e-02 -8.335038797409897171e-01 -4.823730350954569257e-02 5.447155502296737728e-01
1403638536.977829456 -1.126597329504077649e-01 8.997895512486850378e-02 -1.028457783730959453e-02 -7.903019822830965879e-02 -8.334717393176355182e-01 -4.809274945302997872e-02 5.447624940989215236e-01
1403638537.027829409 -1.126767071075300553e-01 8.996475341809968829e-02 -1.029856914243117150e-02 -7.889288415239534280e-02 -8.334865263973516569e-01 -4.821230059814146651e-02 5.447492057958673861e-01
1403638537.077829361 -1.127878969394695841e-01 8.987105926280532231e-02 -1.028762321238098180e-02 -7.891774056150246963e-02 -8.334642784714636488e-01 -4.825908470634157621e-02 5.447755019088287298e-01
1403638537.127829552 -1.127935060528009736e-01 8.993241045066843742e-02 -1.034513517100196615e-02 -7.889064151150405879e-02 -8.334676263200309076e-01 -4.835277010196273317e-02 5.447659976373556701e-01
1403638537.177829266 -1.125904475114267167e-01 8.989708492011506957e-02 -1.026604142605680448e-02 -7.897568125476901735e-02 -8.334692611531059336e-01 -4.827278477985996047e-02 5.447582681638142299e-01
1403638537.227829456 -1.125710496602829319e-01 8.991771904211426358e-02 -1.028371578362669361e-02 -7.905336900030777991e-02 -8.334694234693964532e-01 -4.823491545505805694e-02 5.447501059406381074e-01
1403638537.277829409 -1.125760723020723525e-01 8.995252298751330033e-02 -1.024971218631040050e-02 -7.903346966062714529e-02 -8.334875972893767138e-01 -4.817341659840493340e-02 5.447306286334751002e-01
1403638537.327829599 -1.124709794281316538e-01 8.989497778017618845e-02 -1.017498121078394373e-02 -7.910746149233978397e-02 -8.334656620118815473e-01 -4.813387669156213994e-02 5.447569455252275761e-01
1403638537.377829313 -1.126342356406370704e-01 8.985722183361624649e-02 -1.018691409172114287e-02 -7.901780537942978966e-02 -8.334922413483153436e-01 -4.824733246845232942e-02 5.447192533359351829e-01
1403638537.427829504 -1.127004112924319679e-01 8.988640068731969246e-02 -1.021915438396538145e-02 -7.906071596136531043e-02 -8.334640219061676403e-01 -4.819324152530839872e-02 5.447609924094741762e-01
1403638537.477829456 -1.127988881714929864e-01 8.988048028118877930e-02 -1.027075927989776032e-02 -7.897625561345789080e-02 -8.334440252768905433e-01 -4.826215078842923528e-02 5.447977354769443226e-01
1403638537.527829409 -1.129857543551858051e-01 8.989565931784997133e-02 -1.037577861744435823e-02 -7.893706165013754383e-02 -8.334345808872205552e-01 -4.825736902095900671e-02 5.448182871513773673e-01
1403638537.577829361 -1.128783367845752617e-01 8.993506137638861142e-02 -1.043211490971519828e-02 -7.894355501282647458e-02 -8.334602584002028802e-01 -4.821966134278648369e-02 5.447814029951746351e-01
1403638537.627829552 -1.127322354055765863e-01 8.994564543636542064e-02 -1.036179341177215912e-02 -7.897317456172611716e-02 -8.334380493995023897e-01 -4.820430281690617214e-02 5.448124454367135883e-01
1403638537.677829266 -1.125871729380085867e-01 8.996720022010340490e-02 -1.025442179400651646e-02 -7.897523519094461208e-02 -8.334718432653593911e-01 -4.826555555580629153e-02 5.447550227921433841e-01
1403638537.727829456 -1.124574633284553121e-01 8.995210811450243815e-02 -1.015941145592446325e-02 -7.900586202863303653e-02 -8.334597177912790311e-01 -4.825646170224717063e-02 5.447699390461756552e-01
1403638537.777829409 -1.124105170722818764e-01 8.994352239388309078e-02 -1.010606460185737784e-02 -7.897127750873783603e-02 -8.334430977676511310e-01 -4.826809661129339429e-02 5.447993492668858906e-01
1403638537.827829599 -1.124523653036056947e-01 8.994695416816481104e-02 -1.006909772993733881e-02 -7.896381518795958510e-02 -8.334379422213026301e-01 -4.826881076031446643e-02 5.448082545856547387e-01
1403638537.877829313 -1.125181418672642902e-01 8.993890038587806779e-02 -1.007556696817975793e-02 -7.892251958042578730e-02 -8.334276942306019231e-01 -4.829755176101427350e-02 5.448273679675351699e-01
1403638537.927829504 -1.124136672830444023e-01 8.986349736917267905e-02 -1.010581324537239596e-02 -7.902190008170509317e-02 -8.333919807636709365e-01 -4.826690194738030709e-02 5.448703073968005350e-01
1403638537.977829456 -1.123859993754664083e-01 8.987172406364396515e-02 -1.012275940802231065e-02 -7.904397829353949911e-02 -8.333572912953570722e-01 -4.841321224771959891e-02 5.449071805548658665e-01
1403638538.027829409 -1.126134073365324256e-01 8.998280488340720806e-02 -1.025024778149771255e-02 -7.907458298390433737e-02 -8.334017118155527815e-01 -4.830013504695959692e-02 5.448448348137968633e-01
1403638538.077829361 -1.126260127322397109e-01 9.007654581631401036e-02 -1.029050111651653304e-02 -7.912870368637263396e-02 -8.333899825256249061e-01 -4.820766605834998081e-02 5.448631077730070604e-01
1403638538.127829552 -1.126362002656169786e-01 9.007600461501329148e-02 -1.024022460045333378e-02 -7.910773856462596787e-02 -8.333587542729877784e-01 -4.831040861108195500e-02 5.449048144360583157e-01
1403638538.177829266 -1.126787715413692659e-01 9.006997714525132037e-02 -1.023896615537856110e-02 -7.904701456702460660e-02 -8.333970922324221986e-01 -4.824645885372329940e-02 5.448606568239814374e-01
1403638538.227829456 -1.126545231492769167e-01 9.001400809114605550e-02 -1.023597765671996687e-02 -7.903946823280399991e-02 -8.333784743894899760e-01 -4.828129166720272064e-02 5.448871422236611917e-01
1403638538.277829409 -1.126230495900250317e-01 9.000889121936685167e-02 -1.020671530148979655e-02 -7.894054226751563708e-02 -8.333249270595926017e-01 -4.827711121661216326e-02 5.449837403631545563e-01
1403638538.327829599 -1.125092158456313385e-01 9.001248153993084145e-02 -1.020456354601873179e-02 -7.896783999075454585e-02 -8.333633738170052041e-01 -4.834032219260038510e-02 5.449153885493127625e-01
1403638538.377829313 -1.124839264497577984e-01 9.004731689226137814e-02 -1.008151434681501743e-02 -7.889950100360108853e-02 -8.333638253767567949e-01 -4.836900062962101038e-02 5.449220522908692077e-01
1403638538.427829504 -1.125552361932950773e-01 9.003770188565066168e-02 -1.006183110526515621e-02 -7.898222832421675221e-02 -8.333175592120487529e-01 -4.814803291064711360e-02 5.450003853619282967e-01
1403638538.477829456 -1.123974530180100184e-01 9.010045188584007991e-02 -1.001577454349777789e-02 -7.885323147173529945e-02 -8.333662942223659664e-01 -4.829407119024806821e-02 5.449316197729925371e-01
1403638538.527829409 -1.123941309722278487e-01 9.017488915006365013e-02 -9.991651307673262566e-03 -7.896074043451321856e-02 -8.332616377856334466e-01 -4.812087881477984663e-02 5.450913918664747060e-01
1403638538.577829361 -1.125921193992300423e-01 9.022588564753986073e-02 -1.007336198957800404e-02 -7.885457069151431686e-02 -8.333046396423260394e-01 -4.843031667000511492e-02 5.450136132784879628e-01
1403638538.627829552 -1.123985814610311690e-01 9.025299588183403887e-02 -9.931278159278411621e-03 -7.904289216719215250e-02 -8.330609067574880067e-01 -4.819775664614484728e-02 5.453794303826619005e-01
1403638538.677829266 -1.124932145514552784e-01 9.028100259603975830e-02 -9.950907551936984119e-03 -7.890198812508229798e-02 -8.331544681457158097e-01 -4.827464943825866134e-02 5.452500955528132298e-01
1403638538.727829456 -1.124774266401657452e-01 9.030086311874181704e-02 -9.790541197517335648e-03 -7.903654291346340344e-02 -8.327619692969840948e-01 -4.842990347585372779e-02 5.458161520385934606e-01
1403638538.777829409 -1.125416586003899072e-01 9.022590630884398666e-02 -9.570825789500927994e-03 -7.890294887801023449e-02 -8.324340775142825555e-01 -4.807304983282519040e-02 5.463669217028701564e-01
1403638538.827829599 -1.131844437472268455e-01 9.012886772073987196e-02 -9.614123601923894868e-03 -7.853649284611231851e-02 -8.322783223382479445e-01 -4.785089716874458415e-02 5.466764171769352698e-01
1403638538.877829313 -1.142211355026951786e-01 8.991736362013336148e-02 -9.328366780815907852e-03 -7.830216877034636147e-02 -8.315247469391495727e-01 -4.718207011359080993e-02 5.479135131144693416e-01
1403638538.927829504 -1.156165656110159923e-01 8.995470814963124617e-02 -8.147282976886950287e-03 -7.762219214498020103e-02 -8.294528886192407136e-01 -4.792065217888504675e-02 5.510774101181754592e-01
1403638538.977829456 -1.176989415668118488e-01 8.988178500049420760e-02 -6.804738960308615026e-03 -7.753847633187538335e-02 -8.268538583490088190e-01 -4.818122204794075131e-02 5.549586033781761518e-01
1403638539.027829409 -1.206104900596623869e-01 9.011351180529861282e-02 -5.925187035091481098e-03 -7.825086266500701215e-02 -8.248190463285993701e-01 -4.924091645650947868e-02 5.577864066578577251e-01
1403638539.077829361 -1.245557110523714817e-01 9.046633289757424756e-02 -4.241636497159828947e-03 -7.879177561257783013e-02 -8.212781602591330277e-01 -4.992288974756907416e-02 5.628514410183590444e-01
1403638539.127829552 -1.291592662512552336e-01 9.083148889294985484e-02 -1.907068184963412686e-03 -7.947675382914728970e-02 -8.183565477472750649e-01 -4.920567694233414502e-02 5.670580285267019516e-01
1403638539.177829266 -1.332221503353561154e-01 9.104486288397110882e-02 2.221736474798549632e-03 -7.908653976593243984e-02 -8.159925923115580737e-01 -4.937276354947145451e-02 5.704942933456943477e-01
1403638539.227829456 -1.381345106054713834e-01 9.132233416686200145e-02 9.007052123615749348e-03 -7.854894808063953016e-02 -8.132593793507095770e-01 -4.939445533385131148e-02 5.744557706523590879e-01
1403638539.277829409 -1.433175674604852678e-01 9.194401404820050361e-02 1.742635965962261932e-02 -7.817841226286730005e-02 -8.121602505874211397e-01 -4.923628292357151021e-02 5.760726097166092297e-01
1403638539.327829599 -1.477523190091195038e-01 9.235237210679217434e-02 2.841030533912168934e-02 -7.817132111485054768e-02 -8.121762216236311227e-01 -4.866033601455569541e-02 5.760999924347092183e-01
1403638539.377829313 -1.524387646370366223e-01 9.280094832389844395e-02 4.121281366492827308e-02 -7.782135151697384956e-02 -8.131252482474670140e-01 -4.875002951537497908e-02 5.747996194612666754e-01
1403638539.427829504 -1.576523501820565332e-01 9.347812008139338991e-02 5.547022181201591295e-02 -7.718800764882244314e-02 -8.138220902920849653e-01 -4.871939561016585402e-02 5.739007207864503801e-01
1403638539.477829456 -1.625835466188045864e-01 9.399787989436690638e-02 7.157705347656428962e-02 -7.677317951627160575e-02 -8.151281064542786892e-01 -4.848665898933045976e-02 5.721198238789466650e-01
1403638539.527829409 -1.673966806952941477e-01 9.486193034032930349e-02 8.827192348014675782e-02 -7.612576531764533860e-02 -8.157541811125106346e-01 -4.827690752491119175e-02 5.713311859614276234e-01
1403638539.577829361 -1.725307824630846198e-01 9.598247651098658351e-02 1.049347331591797550e-01 -7.540812437235451526e-02 -8.160269256290242357e-01 -4.817566725666888594e-02 5.710453366515317875e-01
1403638539.627829552 -1.780028281966496151e-01 9.701067699328466687e-02 1.210142900708495173e-01 -7.517975132534152061e-02 -8.164282200828167912e-01 -4.737378584719247054e-02 5.705687433233335160e-01
1403638539.677829266 -1.834179831470202637e-01 9.793138086969380152e-02 1.338813787129874699e-01 -7.500023388335454178e-02 -8.166444075755439069e-01 -4.647878937875560279e-02 5.703565539475428103e-01
1403638539.727829456 -1.889039798135596360e-01 9.862919309884193853e-02 1.441687625891710789e-01 -7.419787529605562093e-02 -8.171349941065935152e-01 -4.665013090889774672e-02 5.697445409954807749e-01
1403638539.777829409 -1.947178851423058410e-01 9.932640416887494883e-02 1.510092719549398499e-01 -7.333823165180185233e-02 -8.179793106291377569e-01 -4.677788805945690825e-02 5.686327288765256061e-01
1403638539.827829599 -2.021016558289262799e-01 9.998819077028400781e-02 1.593326610992851777e-01 -7.296503199539355888e-02 -8.187922230003977786e-01 -4.649636794831098208e-02 5.675328073579477550e-01
1403638539.877829313 -2.088998240812155738e-01 1.006993811434230834e-01 1.627878747513482049e-01 -7.278686983918863929e-02 -8.205999513554519398e-01 -4.572788234262090135e-02 5.650015506092904705e-01
1403638539.927829504 -2.162728302974247785e-01 1.013982274892415991e-01 1.667010908288499849e-01 -7.244843400417659562e-02 -8.227073784571971027e-01 -4.484700147811199883e-02 5.620431836619417254e-01
1403638539.977829456 -2.246283576664766801e-01 1.024670790324913316e-01 1.702491958152990981e-01 -7.259459174700812201e-02 -8.252067709320262123e-01 -4.372766213115090311e-02 5.584368379875805921e-01
1403638540.027829409 -2.331035421970261978e-01 1.029271685707990602e-01 1.740222623226655996e-01 -7.299428520718688473e-02 -8.281636395583371613e-01 -4.326069278461183720e-02 5.540264731042876534e-01
1403638540.077829361 -2.445634904859878556e-01 1.039394625614358109e-01 1.786394773123118340e-01 -7.257858466876523917e-02 -8.311496909057831672e-01 -4.330598778431703905e-02 5.495881474128829769e-01
1403638540.127829552 -2.563077159430972030e-01 1.046907791690738637e-01 1.822055853211420051e-01 -7.309105428363016355e-02 -8.340054541896831930e-01 -4.282290402110966454e-02 5.452144523550037647e-01
1403638540.177829266 -2.699596766353532518e-01 1.057172910949118194e-01 1.865682515288872023e-01 -7.256300920587775705e-02 -8.351551222593343038e-01 -4.301752894818752088e-02 5.435071514360928502e-01
1403638540.227829456 -2.851208022655263852e-01 1.070801954924426036e-01 1.922185710188366869e-01 -7.179206650195715800e-02 -8.339921895533926044e-01 -4.331667075372484105e-02 5.453683094809689269e-01
1403638540.277829409 -3.006756270341342518e-01 1.080810862763869756e-01 1.967208302095945216e-01 -7.101427598538295749e-02 -8.310528854425675016e-01 -4.378055604957157426e-02 5.499012066870240245e-01
1403638540.327829599 -3.188660024473997101e-01 1.109170734665176905e-01 2.031337436444742572e-01 -7.040235909422412619e-02 -8.279328051673222610e-01 -4.435367153856394767e-02 5.546201671259222143e-01
1403638540.377829313 -3.381057238519304953e-01 1.118983607524071111e-01 2.068432037290106884e-01 -6.874678502836266414e-02 -8.251181760710410984e-01 -4.462152814700294512e-02 5.589837155868573326e-01
1403638540.427829504 -3.584034715973538621e-01 1.130204454699104272e-01 2.088437963088883298e-01 -6.629441371427174934e-02 -8.234203849403504138e-01 -4.380020686882352826e-02 5.618411361347748212e-01
1403638540.477829456 -3.811739498883549571e-01 1.124978292653919104e-01 2.115652628131773905e-01 -6.286332902173023818e-02 -8.229107189513384935e-01 -4.170780077072512582e-02 5.631399558317332632e-01
1403638540.527829409 -4.026958448190410822e-01 1.124108791337546098e-01 2.153549638320486070e-01 -5.782924151332526075e-02 -8.232131868660904628e-01 -3.855618743718067232e-02 5.634618427241347982e-01
1403638540.577829361 -4.265972444343573700e-01 1.132344807845648837e-01 2.187556229028321531e-01 -5.134645680099136217e-02 -8.234824430007010587e-01 -3.456695529302340059e-02 5.639550806982336351e-01
1403638540.627829552 -4.513837819266727225e-01 1.162651360938256884e-01 2.223518609964358628e-01 -4.398509850820547795e-02 -8.238785262114429742e-01 -2.976751799064937531e-02 5.642724342279715755e-01
1403638540.677829266 -4.771182272362781696e-01 1.187546205455471404e-01 2.239843164017521204e-01 -3.420845929694895510e-02 -8.241118894800997241e-01 -2.615599543839196295e-02 5.647877821205906645e-01
1403638540.727829456 -5.029099115339630277e-01 1.153516707930594548e-01 2.297907662452408073e-01 -2.255604263270929652e-02 -8.235907994146124400e-01 -2.296029135550084130e-02 5.662704699004015296e-01
1403638540.777829409 -5.273584690623754900e-01 1.105270967688911088e-01 2.372934712202265928e-01 -1.042967772821286852e-02 -8.238114525192201665e-01 -1.860176580849367059e-02 5.664626085007413714e-01
1403638540.827829599 -5.523320711489813073e-01 1.068374614955740903e-01 2.414824110807778923e-01 3.607901232283423996e-03 -8.235193174282433581e-01 -1.435619363418238342e-02 5.670950683752736809e-01
1403638540.877829313 -5.758981078457710012e-01 1.011919307606946872e-01 2.450437670547520042e-01 1.742895631832924036e-02 -8.237981226749232500e-01 -8.606047601429682448e-03 5.665499276353391789e-01
1403638540.927829504 -6.022058110179783208e-01 9.677971916653359263e-02 2.453803924345755449e-01 3.155140017032001531e-02 -8.231938628917901957e-01 -2.883073337440688125e-03 5.668757016601752019e-01
1403638540.977829456 -6.275722889890017475e-01 9.133585441142870465e-02 2.484956770480608035e-01 4.373705375532882522e-02 -8.226880161133980351e-01 4.902847427078256548e-03 5.667869620583307899e-01
1403638541.027829409 -6.514376164007543712e-01 8.235436043981519960e-02 2.517931670901241703e-01 5.420615931689207190e-02 -8.221266824720732114e-01 1.176148210438483950e-02 5.665960446369907588e-01
1403638541.077829361 -6.821012451929087117e-01 7.335286459196285747e-02 2.526664912430874876e-01 6.336148639903030344e-02 -8.213166437068559755e-01 1.796718665119298800e-02 5.666581624006242768e-01
1403638541.127829552 -7.043295396782255358e-01 6.394206259050576324e-02 2.538671806154628174e-01 7.063159771782195895e-02 -8.204643621017636557e-01 2.349597406402726199e-02 5.668309687442601996e-01
1403638541.177829266 -7.326355373481744371e-01 5.031241561639363674e-02 2.542542687826459535e-01 7.679249794169375198e-02 -8.200449183713020007e-01 2.724130504985379855e-02 5.664690242303286327e-01
1403638541.227829456 -7.630288914285405788e-01 4.158320936417213981e-02 2.548375549121189021e-01 8.180031739804333180e-02 -8.201547422033986789e-01 3.082476256955549512e-02 5.654243901065697520e-01
1403638541.277829409 -7.908108120160721732e-01 3.066176806326950666e-02 2.521602488081837179e-01 8.564260386250052703e-02 -8.197034518646539869e-01 3.255420220011611548e-02 5.654129635266030851e-01
1403638541.327829599 -8.214522042047821548e-01 1.888906339772982237e-02 2.539462967405193283e-01 8.797227660242534775e-02 -8.196141409155505153e-01 3.459274757598041622e-02 5.650636073715905594e-01
1403638541.377829313 -8.456957109992501165e-01 7.196085093251298678e-03 2.562134538785847959e-01 8.953618475093923224e-02 -8.195907751507678363e-01 3.576050541568299990e-02 5.647790888129834430e-01
1403638541.427829504 -8.704790402721791498e-01 -7.964546127885149818e-03 2.600915930417781463e-01 8.944958923241166926e-02 -8.198736704433160494e-01 3.716827637404131190e-02 5.642911081448481747e-01
1403638541.477829456 -8.971682051025441362e-01 -2.661823604216549330e-02 2.644231105674269555e-01 9.028822580655650187e-02 -8.194675259639754294e-01 3.646292030845607601e-02 5.647932945899454271e-01
1403638541.527829409 -9.242424263425326192e-01 -4.469770693463217398e-02 2.721123518316728163e-01 9.089615194989418556e-02 -8.186720684370633050e-01 3.495044369763700143e-02 5.659438138252068651e-01
1403638541.577829361 -9.544961937469939040e-01 -6.740870788088311472e-02 2.803395136476588001e-01 9.109155393015752611e-02 -8.178538530752600400e-01 3.522726862508398366e-02 5.670771053020537966e-01
1403638541.627829552 -9.807553800321093807e-01 -8.993143598335606725e-02 2.879549829725646659e-01 9.271479770508325724e-02 -8.171770322293565592e-01 3.618691791704567451e-02 5.677289593238940002e-01
1403638541.677829266 -1.006801364153264045e+00 -1.140521110248285674e-01 3.011297526468232899e-01 9.346779864664585269e-02 -8.164978864719840690e-01 4.004905118209645815e-02 5.683230115896655832e-01
1403638541.727829456 -1.033218135239245994e+00 -1.374444619869016893e-01 3.157398166404949413e-01 9.611295925932183959e-02 -8.157222214669106464e-01 4.426889905135546893e-02 5.686825309821688101e-01
1403638541.777829409 -1.057545011616775721e+00 -1.595887199056633399e-01 3.304251301419806053e-01 9.873215773313001598e-02 -8.155718870325128211e-01 5.053572775679626705e-02 5.679265782930724704e-01
1403638541.827829599 -1.086156507179338870e+00 -1.854115594472579565e-01 3.497067830414241074e-01 1.028167725867253912e-01 -8.147053179435663761e-01 5.636787130229341247e-02 5.678966624960656295e-01
1403638541.877829313 -1.107746800505072127e+00 -2.113404518089692929e-01 3.661431461197952042e-01 1.079747252454858059e-01 -8.137892129356378845e-01 6.220725533852617534e-02 5.676432268608553322e-01
1403638541.927829504 -1.133425339110948116e+00 -2.385730345038913902e-01 3.843300353669413250e-01 1.144014907633037897e-01 -8.136787045813865804e-01 6.815738302570345519e-02 5.658567272384221747e-01
1403638541.977829456 -1.156906512955066635e+00 -2.690145769434892364e-01 3.980856303671947982e-01 1.224965888007949338e-01 -8.131791863436761414e-01 7.346550411039665107e-02 5.642136265063183442e-01
1403638542.027829409 -1.183347812342594452e+00 -2.982095260943915527e-01 4.134030763748223203e-01 1.300587103041646042e-01 -8.127834204026739284e-01 8.112294383049260815e-02 5.620381760848834896e-01
1403638542.077829361 -1.205431717091208998e+00 -3.256198183564278925e-01 4.252276139730161164e-01 1.392326407131714294e-01 -8.115672861537498450e-01 8.778494575054406057e-02 5.605948760956066534e-01
1403638542.127829552 -1.228246131858818257e+00 -3.510637541247533799e-01 4.322440897608947341e-01 1.492849257293908383e-01 -8.100582811266455741e-01 9.470536353293376730e-02 5.590621488226598101e-01
1403638542.177829266 -1.250582751977828089e+00 -3.784038186767353373e-01 4.421715566171189882e-01 1.595802421368571755e-01 -8.079606087757794652e-01 1.025987225864249258e-01 5.578595729301845108e-01
1403638542.227829456 -1.276632217696543448e+00 -4.104918611885268742e-01 4.464529548326833241e-01 1.710778149789116132e-01 -8.064342105992629017e-01 1.097959897988771416e-01 5.552846889850915346e-01
1403638542.277829409 -1.302569383006255910e+00 -4.410937130579765664e-01 4.552069135288403512e-01 1.836283386109191784e-01 -8.041451555127159256e-01 1.163669254673941611e-01 5.532539568604002422e-01
1403638542.327829599 -1.327047607651119732e+00 -4.743428840477062480e-01 4.667512639728604862e-01 1.950185299320976728e-01 -8.017582528996295421e-01 1.239076615106501356e-01 5.511790710009040195e-01
1403638542.377829313 -1.356483582461293524e+00 -5.072796088430659989e-01 4.707233205392640785e-01 2.053862759498726598e-01 -7.972287068114001229e-01 1.297439974624630676e-01 5.526385453528606106e-01
1403638542.427829504 -1.381588601299749364e+00 -5.357459895755207757e-01 4.700894145498425436e-01 2.153516720524999428e-01 -7.911702033420635605e-01 1.343635863513878426e-01 5.564348958779127274e-01
1403638542.477829456 -1.407451381151424430e+00 -5.688889329848204612e-01 4.778874472926112893e-01 2.255218133046552886e-01 -7.837771219127047662e-01 1.362137737585134845e-01 5.623870044093141063e-01
1403638542.527829409 -1.431626324494733815e+00 -6.007500787919056728e-01 4.795067242146615616e-01 2.352528834790428569e-01 -7.781990585220159851e-01 1.347692557620366050e-01 5.664799677231232566e-01
1403638542.577829361 -1.449515174061629885e+00 -6.293549211866700244e-01 4.796182166019473669e-01 2.444668832177122331e-01 -7.726373140831408470e-01 1.320911789739811770e-01 5.708059603170514418e-01
1403638542.627829552 -1.466868644667699284e+00 -6.618501123217176429e-01 4.828505341764077752e-01 2.502928911071234386e-01 -7.703255207733096244e-01 1.320292357934609861e-01 5.714195845456837564e-01
1403638542.677829266 -1.483380917899324247e+00 -6.939069127134117609e-01 4.862173550264803357e-01 2.539926725086730785e-01 -7.690383470533846966e-01 1.327396463227490941e-01 5.713562193302975656e-01
1403638542.727829456 -1.499195311502521388e+00 -7.296130618171839943e-01 4.917996528024708991e-01 2.545094532232727857e-01 -7.704594303227769725e-01 1.362487928848768182e-01 5.683779296243888224e-01
1403638542.777829409 -1.513007121366009233e+00 -7.651251702450730940e-01 4.997521987292823931e-01 2.526770302992569772e-01 -7.730335918701479736e-01 1.424527936950331919e-01 5.641636161327371335e-01
1403638542.827829599 -1.531091482256208280e+00 -8.054435750367654467e-01 5.091123621426836277e-01 2.513973193802511163e-01 -7.750852037765788571e-01 1.462359467076349562e-01 5.609432792944087920e-01
1403638542.877829313 -1.544800598874178865e+00 -8.452639053146543402e-01 5.208117866320581824e-01 2.498411706022295176e-01 -7.780459524695241269e-01 1.494492688566191330e-01 5.566765679962835112e-01
1403638542.927829504 -1.556096803192575928e+00 -8.844003192685924164e-01 5.316552097507996066e-01 2.483139570664357199e-01 -7.806043349691411670e-01 1.522082088291237256e-01 5.530187267339355950e-01
1403638542.977829456 -1.562277376639985782e+00 -9.220571743286629651e-01 5.451695785716915710e-01 2.468983215708673296e-01 -7.826681940575481722e-01 1.538929311120860455e-01 5.502623761169896932e-01
1403638543.027829409 -1.563685940164930566e+00 -9.553244759025316668e-01 5.582979412274747810e-01 2.454952676922287635e-01 -7.845610492005721248e-01 1.555022426724893270e-01 5.477363290323592482e-01
1403638543.077829361 -1.567224528735887024e+00 -9.924642200108581003e-01 5.749149422850523550e-01 2.440959363978754126e-01 -7.858926355447910517e-01 1.566599296220356208e-01 5.461205047252167821e-01
1403638543.127829552 -1.577038184693482004e+00 -1.035699104561484951e+00 5.888068565816423350e-01 2.426229509315611377e-01 -7.865748303449052736e-01 1.571300463491015487e-01 5.456594986651237544e-01
1403638543.177829266 -1.588822211373179805e+00 -1.073276115426848643e+00 5.963488752058535569e-01 2.420952071123231020e-01 -7.869839758230738891e-01 1.569520653028663448e-01 5.453550968755254136e-01
1403638543.227829456 -1.606111927587760224e+00 -1.117076056816473262e+00 6.060587733477096339e-01 2.411725406288154350e-01 -7.874239319594885655e-01 1.569976289321430019e-01 5.451156772041934051e-01
1403638543.277829409 -1.617696350929916482e+00 -1.160331858403568894e+00 6.148888975320863093e-01 2.396000766903937929e-01 -7.872593102853637781e-01 1.576282171986867209e-01 5.458643849544816407e-01
1403638543.327829599 -1.624809194573679560e+00 -1.198109369510632405e+00 6.244033656772859375e-01 2.390582898587261529e-01 -7.879437076977737764e-01 1.571482773359383356e-01 5.452524795722195616e-01
1403638543.377829313 -1.631307913062123527e+00 -1.237149724263174377e+00 6.307339051247843331e-01 2.390454074371006488e-01 -7.882008278564121007e-01 1.572868749369317476e-01 5.448463885557757180e-01
1403638543.427829504 -1.639415811048066995e+00 -1.281013678776425913e+00 6.371664044666810467e-01 2.403834510248742118e-01 -7.879969019405487218e-01 1.584354416922820474e-01 5.442195235575814083e-01
1403638543.477829456 -1.648160024747128416e+00 -1.318303465423844578e+00 6.386464071196445991e-01 2.435694351708737049e-01 -7.872549111432020075e-01 1.597050234802545043e-01 5.435052351234733736e-01
1403638543.527829409 -1.658037128624340051e+00 -1.358020960257230625e+00 6.394340088770908981e-01 2.480832187194502991e-01 -7.861593975218995611e-01 1.625566629761571735e-01 5.422024064865974546e-01
1403638543.577829361 -1.672057690888754333e+00 -1.409659170505856318e+00 6.447329677142853432e-01 2.550705332584456420e-01 -7.844591047732835110e-01 1.646721240671371600e-01 5.407827914761785815e-01
1403638543.627829552 -1.679739405840907640e+00 -1.452155240946903403e+00 6.461820545248407877e-01 2.636795825229558687e-01 -7.821462912969896486e-01 1.675046186802711112e-01 5.391312080483391389e-01
1403638543.677829266 -1.689612195767766334e+00 -1.498834543564835586e+00 6.483075670292619552e-01 2.727377909418310376e-01 -7.792456392304181190e-01 1.719429144753273353e-01 5.374253113636141554e-01
1403638543.727829456 -1.700001450082454735e+00 -1.543728260410503594e+00 6.501195576670323328e-01 2.829308114954641185e-01 -7.760948219898002876e-01 1.771287222009308715e-01 5.350256058906003309e-01
1403638543.777829409 -1.700539931014611650e+00 -1.580482081688598273e+00 6.535745574376490286e-01 2.941122501432561487e-01 -7.718863622150288206e-01 1.824345561634575508e-01 5.332982850708994915e-01
1403638543.827829599 -1.714836828894239273e+00 -1.632164527640147300e+00 6.645757822310683904e-01 3.059269301020735021e-01 -7.669115974358821086e-01 1.871220195808160902e-01 5.322035935097219062e-01
1403638543.877829313 -1.722498123054544195e+00 -1.673172294197609933e+00 6.727392708637163210e-01 3.166362272360618291e-01 -7.620488371909573955e-01 1.943944198658993650e-01 5.303148865180223881e-01
1403638543.927829504 -1.727382484251432038e+00 -1.718170562136971169e+00 6.795180456506836331e-01 3.269136563195029765e-01 -7.575611700963037487e-01 2.016656904928588734e-01 5.277873474726079150e-01
1403638543.977829456 -1.735142239696217947e+00 -1.765825607677377951e+00 6.940457195781216670e-01 3.347389491760476843e-01 -7.538770055832895167e-01 2.088627460393614743e-01 5.253528810943989269e-01
1403638544.027829409 -1.742047714621529186e+00 -1.813073478089501478e+00 7.025400184054396702e-01 3.412879717892304265e-01 -7.515308946744156948e-01 2.164728630370843510e-01 5.214051536285325694e-01
1403638544.077829361 -1.744964171402091369e+00 -1.863516371794461168e+00 7.163745108715494636e-01 3.458829591908938461e-01 -7.501853652369292469e-01 2.235461509190173057e-01 5.173142321017057954e-01
1403638544.127829552 -1.752948702258460223e+00 -1.912801551097220276e+00 7.308885107378920720e-01 3.501335037501826508e-01 -7.482473219852153745e-01 2.283839844005566555e-01 5.151438928715944554e-01
1403638544.177829266 -1.757542506234562429e+00 -1.961817659370565847e+00 7.418019361620005192e-01 3.522463144509286326e-01 -7.470355802159028835e-01 2.340689303393804210e-01 5.129055582629276078e-01
1403638544.227829456 -1.759456913438844694e+00 -2.006941560844845096e+00 7.499864274069890646e-01 3.544664118839427891e-01 -7.455312356327269407e-01 2.374879994364443025e-01 5.119923726636343986e-01
1403638544.277829409 -1.770791721789027884e+00 -2.059139476699388460e+00 7.579342202872418888e-01 3.556751028185842212e-01 -7.446134858280493152e-01 2.409678600741485544e-01 5.108624750060203334e-01
1403638544.327829599 -1.780818682579835777e+00 -2.105934501486249832e+00 7.641401757812955609e-01 3.574632504199994898e-01 -7.442043420151818189e-01 2.420742373207801224e-01 5.096861637816761936e-01
1403638544.377829313 -1.796697042297167979e+00 -2.161543817137600687e+00 7.714498552763519035e-01 3.581533558365413428e-01 -7.443694205686780530e-01 2.426706380395116380e-01 5.086760274072003041e-01
1403638544.427829504 -1.809015120339037219e+00 -2.213214203472553709e+00 7.799546190835517923e-01 3.583484247644803666e-01 -7.448764417276526606e-01 2.433833001299861021e-01 5.074544927831496910e-01
1403638544.477829456 -1.819835752737444023e+00 -2.258789466529959711e+00 7.857430210636704437e-01 3.591257680841853928e-01 -7.449648256573714322e-01 2.422123885159605250e-01 5.073354413803747853e-01
1403638544.527829409 -1.832062242191579315e+00 -2.307225499641976540e+00 7.870256779477461384e-01 3.585799112869166860e-01 -7.440755669552810980e-01 2.427369212564443601e-01 5.087738052814695378e-01
1403638544.577829361 -1.834954594256358540e+00 -2.346605768024420779e+00 7.888094978084726483e-01 3.582633912109151608e-01 -7.422806708106610696e-01 2.441718550536334520e-01 5.109274444171084673e-01
1403638544.627829552 -1.847934809799345768e+00 -2.397006024899154042e+00 7.954539702313396798e-01 3.580576177225095469e-01 -7.388058346988610747e-01 2.468695181633381863e-01 5.147971658892478430e-01
1403638544.677829266 -1.858525047919802775e+00 -2.447196774104325900e+00 8.028638948832746980e-01 3.579129892040478489e-01 -7.360063303056556538e-01 2.489045184336702299e-01 5.179184439777445581e-01
1403638544.727829456 -1.872068597610290430e+00 -2.499266681945408575e+00 8.128202110899173105e-01 3.582673334455967473e-01 -7.349172589800038180e-01 2.499175990981423456e-01 5.187314660786637166e-01
1403638544.777829409 -1.887919248135492944e+00 -2.556156785658084019e+00 8.220691624181036827e-01 3.585962718848682007e-01 -7.355862378445560124e-01 2.500448658768691379e-01 5.174931550586777673e-01
1403638544.827829599 -1.894243835384780583e+00 -2.600907720723737437e+00 8.307184665155823433e-01 3.598927905989889875e-01 -7.367880157312194367e-01 2.489861011420476111e-01 5.153896783869530429e-01
1403638544.877829313 -1.904313951385984138e+00 -2.647795830773818526e+00 8.361751513289759075e-01 3.607489661882010146e-01 -7.388503432332612642e-01 2.483675062549813017e-01 5.121268744509684945e-01
1403638544.927829504 -1.914312325088575628e+00 -2.695047258256374256e+00 8.423001152261176960e-01 3.614193581621573115e-01 -7.396004678591403536e-01 2.481033834943413841e-01 5.106974707073209663e-01
1403638544.977829456 -1.922144314988933678e+00 -2.728453657719610348e+00 8.427709505985468974e-01 3.615024964152405706e-01 -7.398094619397597160e-01 2.486189209408113110e-01 5.100848333955626535e-01
1403638545.027829409 -1.932430670850532106e+00 -2.774725186168766289e+00 8.435028220369319429e-01 3.615129078659562456e-01 -7.390853753543489280e-01 2.494754829429932375e-01 5.107085360496553816e-01
1403638545.077829361 -1.945320428276602120e+00 -2.824330054725235239e+00 8.470495682980512253e-01 3.614414957451151933e-01 -7.384764655794459065e-01 2.502178550505305132e-01 5.112764222538871417e-01
1403638545.127829552 -1.956378049852922629e+00 -2.869713305868176079e+00 8.438631180737385939e-01 3.618775776957842694e-01 -7.381125560276217135e-01 2.503829638045682038e-01 5.114125974512583328e-01
1403638545.177829266 -1.970142264883143479e+00 -2.916492490889715405e+00 8.409008089059925029e-01 3.625566679235226464e-01 -7.384137505481931374e-01 2.498737847350038788e-01 5.107454231295158742e-01
1403638545.227829456 -1.981747313714876224e+00 -2.964943042853749322e+00 8.391481248865104714e-01 3.636563401585902744e-01 -7.385897145671281860e-01 2.491119039881435349e-01 5.100809338619802791e-01
1403638545.277829409 -1.988892315516022746e+00 -3.001251726101694217e+00 8.310253806743563842e-01 3.645071396458940960e-01 -7.376047964931108369e-01 2.489876465506828673e-01 5.109587666364847625e-01
1403638545.327829599 -2.000277800471376821e+00 -3.046241561502289308e+00 8.245871411517918803e-01 3.643391961171584259e-01 -7.364349165871075797e-01 2.494334256159953245e-01 5.125461247434347500e-01
1403638545.377829313 -2.005982427081774766e+00 -3.082608970335118492e+00 8.158564865268932431e-01 3.634879451721429455e-01 -7.353033313721597519e-01 2.505681593130499873e-01 5.142189437642364913e-01
1403638545.427829504 -2.020397574933243234e+00 -3.128050976096856672e+00 8.054925189847556011e-01 3.634941493574951332e-01 -7.354360440236904495e-01 2.514574503568736685e-01 5.135902833910274135e-01
1403638545.477829456 -2.032396898075298886e+00 -3.174150441201795569e+00 7.990545870678982254e-01 3.643862876944185536e-01 -7.350880851249476100e-01 2.528673555799580419e-01 5.127633381294116610e-01
1403638545.527829409 -2.046435462042437425e+00 -3.226755539532247585e+00 7.913128928499798542e-01 3.668069037093948381e-01 -7.341332189306596367e-01 2.547261442814301446e-01 5.114838254267197737e-01
1403638545.577829361 -2.065521092541214188e+00 -3.284737449146249766e+00 7.877213874752235778e-01 3.706738881761340587e-01 -7.331350616284443289e-01 2.571986914019712689e-01 5.088837619501702658e-01
1403638545.627829552 -2.071520946298814891e+00 -3.323611871002938312e+00 7.808109558968688857e-01 3.755691546235166434e-01 -7.312396124213021986e-01 2.617518326492966896e-01 5.056900408610550679e-01
1403638545.677829266 -2.080761142411573950e+00 -3.368451939768953629e+00 7.804724678750949440e-01 3.822234904029958025e-01 -7.281967649577777424e-01 2.658373564298752156e-01 5.029564343117142178e-01
1403638545.727829456 -2.091239970248627067e+00 -3.414595212913144273e+00 7.843996532930969101e-01 3.895670199375420029e-01 -7.258168472272148453e-01 2.700941175176346243e-01 4.984742811224054382e-01
1403638545.777829409 -2.104387564663355192e+00 -3.469764791420322236e+00 7.888041014283950769e-01 3.985530897497946978e-01 -7.211482956706510850e-01 2.748694239357227231e-01 4.955273656292368267e-01
1403638545.827829599 -2.112307190613654129e+00 -3.514776345510767896e+00 7.918412675732957595e-01 4.082103012191657387e-01 -7.157749643351405400e-01 2.803693415081801033e-01 4.923652940163996683e-01
1403638545.877829313 -2.120534132680488959e+00 -3.555366564319201839e+00 7.961396724263390956e-01 4.182204948793477040e-01 -7.108447640307415938e-01 2.860958523842658252e-01 4.877914537601837353e-01
1403638545.927829504 -2.130519531454853510e+00 -3.602240120680920477e+00 8.021942689781440539e-01 4.297134656943935593e-01 -7.044207824213435387e-01 2.909099930321852323e-01 4.842613701791930736e-01
1403638545.977829456 -2.138305957582053107e+00 -3.645802151271212210e+00 8.099857474187709405e-01 4.403878203457586848e-01 -6.987990836260560279e-01 2.960158986689399030e-01 4.797009444953347912e-01
1403638546.027829409 -2.147148331741404625e+00 -3.687622563340749338e+00 8.200501680129931303e-01 4.504373962168105039e-01 -6.929190089318022494e-01 2.995227898698170077e-01 4.767132235411458141e-01
1403638546.077829361 -2.160988033045351031e+00 -3.743842107423246190e+00 8.309966158291193228e-01 4.594303458552982944e-01 -6.874702426824732537e-01 3.025808814723585649e-01 4.740814623045209730e-01
1403638546.127829552 -2.172878595067105678e+00 -3.800938447760337624e+00 8.400049381949606930e-01 4.665966600682343035e-01 -6.827722427231635027e-01 3.058713149907212880e-01 4.717545548755170404e-01
1403638546.177829266 -2.184085028754949587e+00 -3.846377134770153194e+00 8.441516076691135684e-01 4.718237628805776462e-01 -6.789290764025525116e-01 3.105762844505687292e-01 4.690202741175150125e-01
1403638546.227829456 -2.191708002339809447e+00 -3.886949686313286190e+00 8.467755847464294439e-01 4.760441796023737182e-01 -6.763993986112585288e-01 3.135386534242014522e-01 4.664325304199627431e-01
1403638546.277829409 -2.199739723098992794e+00 -3.922691038126368213e+00 8.468168500940019827e-01 4.796064834850404246e-01 -6.740867484440723478e-01 3.160382910307479865e-01 4.644399586314424400e-01
1403638546.327829599 -2.204259490145126676e+00 -3.956282001065650977e+00 8.438426913629469839e-01 4.810911768944359790e-01 -6.729703340311158355e-01 3.199245250604099144e-01 4.618555047774638433e-01
1403638546.377829313 -2.209802152516808338e+00 -3.997918562877176285e+00 8.431979414930735883e-01 4.817188570399316694e-01 -6.726074654933035246e-01 3.226307679410871376e-01 4.598429380914321740e-01
1403638546.427829504 -2.214161391054291883e+00 -4.037439283869511897e+00 8.387460724381418098e-01 4.821071196974213713e-01 -6.726882163081970845e-01 3.247479522395450013e-01 4.578231714247048001e-01
1403638546.477829456 -2.223583271245715309e+00 -4.089238590888940372e+00 8.362583529574380004e-01 4.830451017582156892e-01 -6.722227711569823683e-01 3.251640573396405998e-01 4.572223872688709334e-01
1403638546.527829409 -2.235316688022658482e+00 -4.142988533563000786e+00 8.341375300773576917e-01 4.839242795939338593e-01 -6.717540682292967302e-01 3.258102399811863559e-01 4.565210301402152226e-01
1403638546.577829361 -2.248694867674826181e+00 -4.204404944599695604e+00 8.346809822237827303e-01 4.862580937839159900e-01 -6.701939306568689414e-01 3.262117280599278191e-01 4.560472234500328459e-01
1403638546.627829552 -2.258800284839971084e+00 -4.259205941719849342e+00 8.345096406709939796e-01 4.889606163597485788e-01 -6.681265819687910446e-01 3.278878834551017252e-01 4.549878262098105974e-01
1403638546.677829266 -2.270731611052410059e+00 -4.316733814741169795e+00 8.373647507820199953e-01 4.919421633916442604e-01 -6.656492504057968107e-01 3.299112881692852217e-01 4.539411032834904658e-01
1403638546.727829456 -2.279648101859590437e+00 -4.361498832980684526e+00 8.414294082410976872e-01 4.947750814395661112e-01 -6.635197120102207524e-01 3.317430251673919028e-01 4.526430998183135213e-01
1403638546.777829409 -2.284434717043377194e+00 -4.408268265531750885e+00 8.498726449372906444e-01 4.977964846028353763e-01 -6.614528810109898682e-01 3.322158050353788972e-01 4.520081913019006192e-01
1403638546.827829599 -2.296944227403726391e+00 -4.464822425985654597e+00 8.602955435835106801e-01 5.005967572880487548e-01 -6.595219005546500979e-01 3.325005632718047721e-01 4.515275458988133317e-01
1403638546.877829313 -2.300151547971554855e+00 -4.504988709909676814e+00 8.690280522990841972e-01 5.026721988860833878e-01 -6.582567875910869670e-01 3.327766191394163076e-01 4.508640413821357606e-01
1403638546.927829504 -2.311000220999092303e+00 -4.563709216652850564e+00 8.809750135595831866e-01 5.049085454337455259e-01 -6.569454898063671333e-01 3.324274701121098796e-01 4.505351942811062216e-01
1403638546.977829456 -2.318750287948947442e+00 -4.613561805195813825e+00 8.845223958348114035e-01 5.071222017114703773e-01 -6.550513479796176153e-01 3.315199071931829167e-01 4.514746451086927292e-01
1403638547.027829409 -2.319162122360842293e+00 -4.649883602577569164e+00 8.863531110788217537e-01 5.086990881662252217e-01 -6.537808136503684420e-01 3.310838941546563330e-01 4.518620812071993953e-01
1403638547.077829361 -2.329479052387191995e+00 -4.712968937707766592e+00 8.930214059085296308e-01 5.104149492871932203e-01 -6.525129521590505854e-01 3.296181280172273964e-01 4.528303396320209062e-01
1403638547.127829552 -2.333047455044363616e+00 -4.761525978745157595e+00 8.954406467435771511e-01 5.125485302053044423e-01 -6.512408832374255718e-01 3.273455806374230281e-01 4.538988731222719508e-01
1403638547.177829266 -2.338173066514993348e+00 -4.787208119531396910e+00 8.986537803378025213e-01 5.132777967583485035e-01 -6.505151780865702227e-01 3.266977796368376596e-01 4.545816397680988996e-01
1403638547.227829456 -2.338964534567655740e+00 -4.837196235623194340e+00 8.975961564188660313e-01 5.142695475116401127e-01 -6.498586113480575577e-01 3.255467049472341445e-01 4.552251757723267400e-01
1403638547.277829409 -2.342335501326299863e+00 -4.886245932649934787e+00 8.941001382396991382e-01 5.148873159437230562e-01 -6.490622966094623525e-01 3.247253298844313130e-01 4.562484489088882156e-01
1403638547.327829599 -2.342981182170425836e+00 -4.936070758520922475e+00 8.902434750090241211e-01 5.151028845921595822e-01 -6.489058655005265353e-01 3.242336341878691020e-01 4.565772075620682657e-01
1403638547.377829313 -2.345416476978685605e+00 -4.992799925909538139e+00 8.868697993582165262e-01 5.126430263177904623e-01 -6.503323428903780012e-01 3.279502141832654760e-01 4.546577046257982424e-01
1403638547.427829504 -2.347823361983585766e+00 -5.054236694557853404e+00 8.853943308599443451e-01 5.110107043132733340e-01 -6.522876462960162103e-01 3.296020055592444598e-01 4.524946458226655754e-01
1403638547.477829456 -2.341209334417312160e+00 -5.095170828363700721e+00 8.792991905819932397e-01 5.086209745699735718e-01 -6.536338297335594349e-01 3.325599113856310129e-01 4.510780710636593249e-01
1403638547.527829409 -2.339893723399642411e+00 -5.152867800003153143e+00 8.745498185280424774e-01 5.068373430723617235e-01 -6.555409401455721818e-01 3.342257974080815042e-01 4.490825089082636223e-01
1403638547.577829361 -2.333011581083237029e+00 -5.198910441712981445e+00 8.689649623076823870e-01 5.052441140720486112e-01 -6.571293511304748813e-01 3.353844938398147790e-01 4.476903420559830704e-01
1403638547.627829552 -2.328812580603524474e+00 -5.247977078293093456e+00 8.604776218684488942e-01 5.042837785843607978e-01 -6.579015498723047584e-01 3.361171026194744726e-01 4.470891573936772723e-01
1403638547.677829266 -2.328376040612480491e+00 -5.320667609452985225e+00 8.547204732718698406e-01 5.035745330801577602e-01 -6.584943212282463598e-01 3.356934218224706945e-01 4.473341537244537869e-01
1403638547.727829456 -2.323131015533095312e+00 -5.371875150513997887e+00 8.458213488843325800e-01 5.038579982886611797e-01 -6.584619206070381203e-01 3.344292888620459259e-01 4.480090037290102023e-01
1403638547.777829409 -2.322803164851718449e+00 -5.433379190164324690e+00 8.356827111175599843e-01 5.041411139207928604e-01 -6.580509871982727077e-01 3.335530104824268038e-01 4.489465722112052637e-01
1403638547.827829599 -2.322366804207695257e+00 -5.499989742765852618e+00 8.251395715016096588e-01 5.061013275944432621e-01 -6.564803987232301630e-01 3.302954512641991247e-01 4.514419643470353183e-01
1403638547.877829313 -2.319754500029742594e+00 -5.563542936880246259e+00 8.135397573796392390e-01 5.061196391777759152e-01 -6.554250765343145879e-01 3.299488646060481090e-01 4.532048395965400656e-01
1403638547.927829504 -2.316723203863267244e+00 -5.618476588308159769e+00 8.003430388452853483e-01 5.058593117090307567e-01 -6.563994252202082214e-01 3.300989690944654553e-01 4.519743598154847830e-01
1403638547.977829456 -2.309389836707431698e+00 -5.669661548465561474e+00 7.897987591461900214e-01 5.063284347652712292e-01 -6.554062367410191658e-01 3.303116322584119802e-01 4.527343664710127280e-01
1403638548.027829409 -2.301777442173944976e+00 -5.713476539658772779e+00 7.793832911694865695e-01 5.069798093195866384e-01 -6.558141611966143980e-01 3.314898588274426960e-01 4.505482575827129965e-01
1403638548.077829361 -2.295081820632841385e+00 -5.771543962838120656e+00 7.736286882055126712e-01 5.086205949130468973e-01 -6.550050387460907286e-01 3.329753724620097555e-01 4.487771061243170378e-01
1403638548.127829552 -2.287786314174095281e+00 -5.824796377251661106e+00 7.704294486854201818e-01 5.109832156490573540e-01 -6.532631702003633967e-01 3.348280555093383626e-01 4.472511118248401196e-01
1403638548.177829266 -2.285232069652603837e+00 -5.906436800635390227e+00 7.703081054784103321e-01 5.142306934389859752e-01 -6.513914437035704941e-01 3.374434732632144995e-01 4.442835618691020061e-01
1403638548.227829456 -2.275611878624091311e+00 -5.972063195072920827e+00 7.675359749484296223e-01 5.179238578908816892e-01 -6.480857238896501338e-01 3.408123714251143355e-01 4.422518506478452238e-01
1403638548.277829409 -2.263685442252366009e+00 -6.015571931191645128e+00 7.676411517545069785e-01 5.230443097940714603e-01 -6.450284372117620624e-01 3.440574183760714000e-01 4.381637342827317538e-01
1403638548.327829599 -2.257162797408913235e+00 -6.084724384851601720e+00 7.757193491033501642e-01 5.280589670068425168e-01 -6.404960434958471005e-01 3.485036423655184512e-01 4.352743466916000892e-01
1403638548.377829313 -2.243990617757855244e+00 -6.135259767441056944e+00 7.812738562290785227e-01 5.346275834098628277e-01 -6.360640110820428017e-01 3.517372129329077168e-01 4.311343803290842991e-01
1403638548.427829504 -2.235188469638679010e+00 -6.202780235921671270e+00 7.925798177643822440e-01 5.405929763961314638e-01 -6.312951640347377325e-01 3.557056880404227406e-01 4.274331681482086975e-01
1403638548.477829456 -2.225121699279672072e+00 -6.273966569172451102e+00 8.044017526996372069e-01 5.454329246758209404e-01 -6.269558716241742102e-01 3.597868297205683574e-01 4.242436762936782069e-01
1403638548.527829409 -2.212822970947332379e+00 -6.340541265599395793e+00 8.125466872062495627e-01 5.495492299025239724e-01 -6.231603905459895953e-01 3.633690360181233148e-01 4.214614042013486439e-01
1403638548.577829361 -2.205614421778349765e+00 -6.416143474724212759e+00 8.218674565108834429e-01 5.536566332936759816e-01 -6.191918038939520086e-01 3.662257620753938681e-01 4.194574276285528147e-01
1403638548.627829552 -2.194910101102944378e+00 -6.485072315980119129e+00 8.295837273308945825e-01 5.569621880394204361e-01 -6.160760440235600877e-01 3.685202714361313636e-01 4.176556459755594863e-01
1403638548.677829266 -2.184081339711249292e+00 -6.555098259109512604e+00 8.347742406483968924e-01 5.591116664747114440e-01 -6.139662667074498037e-01 3.710823436828302180e-01 4.156169654429974769e-01
1403638548.727829456 -2.172505379709597673e+00 -6.614934762177393068e+00 8.414559860781355427e-01 5.616072894626283896e-01 -6.119743697560330320e-01 3.721059831473955692e-01 4.142725678705458381e-01
1403638548.777829409 -2.159849974435164022e+00 -6.665702138184610881e+00 8.461917398804846835e-01 5.633613282159224411e-01 -6.103822933503536552e-01 3.734604778308375228e-01 4.130190568648343108e-01
1403638548.827829599 -2.143758179503064465e+00 -6.727757426049850054e+00 8.508977127427910236e-01 5.647706159018808236e-01 -6.095095561936575423e-01 3.740941161221830180e-01 4.118080191122844846e-01
1403638548.877829313 -2.131396797010177480e+00 -6.796577298555175339e+00 8.571343024098870833e-01 5.657478866846272769e-01 -6.086937812059747266e-01 3.744621254218752915e-01 4.113384568182059109e-01
1403638548.927829504 -2.117749816351851333e+00 -6.867768348456730898e+00 8.644330122722597709e-01 5.659352471090415282e-01 -6.080027237826498565e-01 3.758596685741970034e-01 4.108278148954884745e-01
1403638548.977829456 -2.108669510963169902e+00 -6.950888559700326041e+00 8.761097354215695576e-01 5.666450016481002772e-01 -6.075918005417065837e-01 3.759147061945358748e-01 4.104068465418030942e-01
1403638549.027829409 -2.101184783140489287e+00 -7.013771641354809461e+00 8.943680458587753845e-01 5.677364775676773112e-01 -6.071529125556163198e-01 3.752753126132622463e-01 4.101329937438545903e-01
1403638549.077829361 -2.090795886342938115e+00 -7.078322511487500357e+00 9.078204117860360078e-01 5.671422291730410237e-01 -6.071163146596484372e-01 3.765611270868413629e-01 4.098306844659245218e-01
1403638549.127829552 -2.076957948811390953e+00 -7.139133184237687502e+00 9.203597160596476145e-01 5.663592116404245758e-01 -6.074405001090845690e-01 3.774918527402456592e-01 4.095768344669883376e-01
1403638549.177829266 -2.062205496279768457e+00 -7.190770390271654655e+00 9.402862387831278923e-01 5.661307564048028151e-01 -6.071699663587938334e-01 3.774895471206219377e-01 4.102953087948420507e-01
1403638549.227829456 -2.051177470306534190e+00 -7.253398103176953882e+00 9.593800676727136656e-01 5.658683581135534046e-01 -6.076350479809401461e-01 3.777323084013775034e-01 4.097449852540461235e-01
1403638549.277829409 -2.039074269310952037e+00 -7.320093932551792193e+00 9.804149211994306334e-01 5.651212647219292506e-01 -6.081966486134270378e-01 3.781373525704752603e-01 4.095692070523305750e-01
1403638549.327829599 -2.028639283698060236e+00 -7.387861835891273543e+00 1.003721751405036278e+00 5.640018748893098621e-01 -6.090251241955343398e-01 3.792254679500134396e-01 4.088744644485033386e-01
1403638549.377829313 -2.020280495080786221e+00 -7.456995426250490944e+00 1.024157697784629173e+00 5.629190442692607599e-01 -6.094622718212657775e-01 3.805882692946311319e-01 4.084488439214404298e-01
1403638549.427829504 -2.010422668801462809e+00 -7.535009749825806402e+00 1.044604895281661561e+00 5.615614188706465892e-01 -6.100067341103491136e-01 3.818639699069562021e-01 4.083141751922305662e-01
1403638549.477829456 -2.000289773592951459e+00 -7.588858198821358592e+00 1.059293916073396957e+00 5.605855257421574755e-01 -6.107673447381918308e-01 3.827115312383698731e-01 4.077241748866872184e-01
1403638549.527829409 -1.989841504382798387e+00 -7.666351170358856493e+00 1.075688542327572383e+00 5.598786005465751225e-01 -6.110835591100094444e-01 3.829899584892627051e-01 4.079602041031027970e-01
1403638549.577829361 -1.980359754729087207e+00 -7.742779374095889011e+00 1.094909797669167961e+00 5.587164394969308390e-01 -6.108382056830116147e-01 3.840886070020638754e-01 4.088869876690200966e-01
1403638549.627829552 -1.971131268300934325e+00 -7.821670612291742763e+00 1.112123238386639068e+00 5.579841497923115901e-01 -6.102803613875594779e-01 3.848415538585624462e-01 4.100104236588972273e-01
1403638549.677829266 -1.960688804124338436e+00 -7.893683238937170721e+00 1.128057807757512299e+00 5.572147961395526039e-01 -6.104735966055795382e-01 3.850846548209241327e-01 4.105404577286564938e-01
1403638549.727829456 -1.953681622845592436e+00 -7.960034026501855209e+00 1.140701475526753494e+00 5.580901374524142033e-01 -6.097259782269662809e-01 3.835452427502538120e-01 4.119012948719187883e-01
1403638549.777829409 -1.944798047950651476e+00 -8.035776001570990701e+00 1.155951338682128293e+00 5.578562079975384336e-01 -6.105059728763174709e-01 3.835301677359178041e-01 4.110760497978532269e-01
1403638549.827829599 -1.940466703623022982e+00 -8.112335987376967594e+00 1.173548291937595245e+00 5.576837139113648423e-01 -6.112018132955836514e-01 3.838375687584307250e-01 4.099877308796378017e-01
1403638549.877829313 -1.935250011491471467e+00 -8.205100928703615182e+00 1.195447219140423289e+00 5.581633880211024357e-01 -6.118109979056118863e-01 3.827632489014534123e-01 4.094303730855195500e-01
1403638549.927829504 -1.929195177255478955e+00 -8.270262900842118015e+00 1.216163628886462122e+00 5.586572928922999282e-01 -6.118966817264869240e-01 3.819396216497054075e-01 4.093978571077789286e-01
1403638549.977829456 -1.923726614736976925e+00 -8.334579566062545908e+00 1.238377718061228094e+00 5.583110561118168613e-01 -6.126472147326225137e-01 3.826195654633569587e-01 4.081107974904605862e-01
1403638550.027829409 -1.915629970094116397e+00 -8.391546320099161349e+00 1.260121320346990981e+00 5.579797229700689254e-01 -6.128522590910447931e-01 3.827466330778018233e-01 4.081369281856944142e-01
1403638550.077829361 -1.908277536792605922e+00 -8.471331151974444751e+00 1.287482916979982850e+00 5.577947655285189210e-01 -6.132271954897096089e-01 3.827918751760995830e-01 4.077839949777033457e-01
1403638550.127829552 -1.902245940644217370e+00 -8.566718097259668596e+00 1.317470928395020779e+00 5.572226518524698857e-01 -6.139587185258169599e-01 3.837718577647138418e-01 4.065424570650132963e-01
1403638550.177829266 -1.899482039340414152e+00 -8.629434991622417783e+00 1.343779463148375486e+00 5.574554621662165532e-01 -6.136660241052657172e-01 3.838964782149990596e-01 4.065475526602098100e-01
1403638550.227829456 -1.894770971093965306e+00 -8.713708882260061017e+00 1.374228030928951183e+00 5.577376642222567904e-01 -6.136356919077750049e-01 3.840881620747212399e-01 4.060248998261435927e-01
1403638550.277829409 -1.891636199747568137e+00 -8.783960757982605116e+00 1.405046838856635061e+00 5.582241101548535145e-01 -6.130785552541946348e-01 3.837259231768603285e-01 4.065402118011424148e-01
1403638550.327829599 -1.890519737345925488e+00 -8.832648569498678270e+00 1.429745132138151797e+00 5.585428042571225493e-01 -6.123793453465784520e-01 3.839711968396284369e-01 4.069245546818587855e-01
1403638550.377829313 -1.889758493186509902e+00 -8.885087331351462225e+00 1.457915494064482287e+00 5.589056049714780094e-01 -6.115795562272554609e-01 3.842786961791551104e-01 4.073387469897605806e-01
1403638550.427829504 -1.886393425705501281e+00 -8.959431631234895832e+00 1.484934815746701275e+00 5.580767744141285069e-01 -6.114355186313666923e-01 3.861634447518397240e-01 4.069087297575544881e-01
1403638550.477829456 -1.883449694616634140e+00 -9.011846595407634553e+00 1.506483258720026086e+00 5.574715900936637603e-01 -6.116144879478725427e-01 3.872392792235745951e-01 4.064466570130825795e-01
1403638550.527829409 -1.890221150767571467e+00 -9.076141222062771519e+00 1.535775123815759091e+00 5.561189582818886201e-01 -6.121454681746819615e-01 3.898866679061318008e-01 4.049666853232747887e-01
1403638550.577829361 -1.888041045909634397e+00 -9.155612926099989224e+00 1.564795868263505030e+00 5.548568200208625623e-01 -6.120388594750714173e-01 3.917401839540884945e-01 4.050703297507814993e-01
1403638550.627829552 -1.889805061920318385e+00 -9.235422411644293561e+00 1.590087679346855021e+00 5.533187489250687152e-01 -6.112148389280193106e-01 3.943465272644676722e-01 4.058886536929147137e-01
1403638550.677829266 -1.889933240057980024e+00 -9.292899193342599062e+00 1.610060254910218980e+00 5.516579456233581258e-01 -6.099647217871831950e-01 3.968589097994636439e-01 4.075776673451106946e-01
1403638550.727829456 -1.888795755299023105e+00 -9.370138912286359201e+00 1.633010238167317718e+00 5.504953666852423488e-01 -6.097003867598851379e-01 3.986223595161850763e-01 4.078241093126748207e-01
1403638550.777829409 -1.889478719162734688e+00 -9.450459150231722560e+00 1.653172968295425704e+00 5.494794434506456993e-01 -6.091266587391687137e-01 3.997328648309088073e-01 4.089629465031026090e-01
1403638550.827829599 -1.890768478152777377e+00 -9.508406708892843895e+00 1.673613113809647279e+00 5.478113900654615342e-01 -6.075494861375304589e-01 4.018856290695617117e-01 4.114295127429875021e-01
1403638550.877829313 -1.891395342131349633e+00 -9.596023598868708149e+00 1.694826442290140456e+00 5.456003127926719598e-01 -6.052795777459031301e-01 4.051323516310267880e-01 4.145174412569317957e-01
1403638550.927829504 -1.896949715369025347e+00 -9.674652264075442432e+00 1.712645622953204549e+00 5.433149095802742856e-01 -6.027553654676338635e-01 4.078192661858388579e-01 4.185430976081216392e-01
1403638550.977829456 -1.901901671172864239e+00 -9.745263386601042299e+00 1.731048521114843197e+00 5.412920566785046628e-01 -6.009372764920350996e-01 4.106538807867000651e-01 4.209996309902333533e-01
1403638551.027829409 -1.906367379074794588e+00 -9.819853306348713673e+00 1.745107407758548224e+00 5.394987659870805752e-01 -5.996175296586417902e-01 4.127488247341644101e-01 4.231291851255966074e-01
1403638551.077829361 -1.910017834493569433e+00 -9.885084145571886083e+00 1.761659302182461362e+00 5.382112861568176809e-01 -5.986538614365670696e-01 4.140225154587756640e-01 4.248853049161614992e-01
1403638551.127829552 -1.914848627070552922e+00 -9.926258127570561030e+00 1.773367784144775028e+00 5.369283797275722359e-01 -5.990341746412377599e-01 4.156114987993190235e-01 4.244208462373149637e-01
1403638551.177829266 -1.922338056987683341e+00 -9.986456202761718970e+00 1.787683660417062947e+00 5.352079018902617946e-01 -5.989880979820405571e-01 4.185058090529633623e-01 4.238144027979771078e-01
1403638551.227829456 -1.931636580527335667e+00 -1.003860195906768027e+01 1.806911714661052049e+00 5.347105099975578701e-01 -5.995147134319933624e-01 4.194840272931402714e-01 4.227291446335757485e-01
1403638551.277829409 -1.940702217623816006e+00 -1.010448186585916908e+01 1.830546854483460884e+00 5.339204530896558554e-01 -6.011503694008282217e-01 4.190760041052997709e-01 4.218085892024003303e-01
1403638551.327829599 -1.952946331754324971e+00 -1.015215176249295759e+01 1.854075055570259423e+00 5.334942004439651164e-01 -6.043396442254738155e-01 4.167287731696007191e-01 4.201126778884942126e-01
1403638551.377829313 -1.962200662966545828e+00 -1.020315070985850348e+01 1.874412062167756465e+00 5.306419218180261632e-01 -6.089542911456434782e-01 4.143494338142333921e-01 4.194143164013398040e-01
1403638551.427829504 -1.975562024773695580e+00 -1.022563337643908632e+01 1.888368415224109365e+00 5.264576592529582877e-01 -6.146925221789888427e-01 4.109275122596772190e-01 4.196832327591876188e-01
1403638551.477829456 -1.991402942165724665e+00 -1.028918231041221887e+01 1.907375709573965405e+00 5.207557077715304628e-01 -6.212954334467105655e-01 4.070883619990996460e-01 4.208141427358713660e-01
1403638551.527829409 -2.008776370638148734e+00 -1.032180134647069991e+01 1.913702140048872069e+00 5.131131847611374308e-01 -6.283265461567681953e-01 4.042284767004665769e-01 4.225162122847000434e-01
1403638551.577829361 -2.029553883040211559e+00 -1.036603977880225891e+01 1.928424500306797684e+00 5.039750568307767020e-01 -6.355630953460175148e-01 4.012975640262693156e-01 4.254749805020111575e-01
1403638551.627829552 -2.050944427393236680e+00 -1.042116124269531774e+01 1.946817357192735187e+00 4.948105291374750858e-01 -6.442918744205439197e-01 3.980234761553519962e-01 4.261781707684755283e-01
1403638551.677829266 -2.072640194604517205e+00 -1.046792509700971863e+01 1.960145702019406411e+00 4.852824011384162528e-01 -6.521182034285757378e-01 3.943653591225632082e-01 4.286243150202188046e-01
1403638551.727829456 -2.095635785700907139e+00 -1.050555397432317406e+01 1.968221657097184663e+00 4.759455002898734244e-01 -6.588728166091906147e-01 3.898911970365503965e-01 4.328363972226688672e-01
1403638551.777829409 -2.112142789946473975e+00 -1.056391166685035188e+01 1.973930923097795054e+00 4.666687919897199999e-01 -6.653594379337429698e-01 3.849714128607320540e-01 4.373946367016411929e-01
1403638551.827829599 -2.138866899324206816e+00 -1.058641973897736754e+01 1.980762535078392839e+00 4.577064570453232561e-01 -6.715436353557339144e-01 3.800138462873746126e-01 4.417277686789664037e-01
1403638551.877829313 -2.168776957979492881e+00 -1.061457906753611802e+01 1.988967840694326084e+00 4.506228906944060308e-01 -6.758072943173686342e-01 3.746607419255785221e-01 4.470490351062507695e-01
1403638551.927829504 -2.198690067499281753e+00 -1.065105870047594827e+01 1.999558796732659571e+00 4.463829708650044470e-01 -6.781945344107734863e-01 3.675614314654744308e-01 4.535339137442074842e-01
1403638551.977829456 -2.230121850861311650e+00 -1.067411120826420934e+01 2.007663679747400121e+00 4.426186060738642736e-01 -6.791624249982312067e-01 3.622526687597374395e-01 4.600001891349604910e-01
1403638552.027829409 -2.263878600032480204e+00 -1.072680659377567025e+01 2.020899272650894307e+00 4.399012766260814722e-01 -6.795398104644960746e-01 3.566078803387905949e-01 4.664154076538373217e-01
1403638552.077829361 -2.299343566350597445e+00 -1.074595628741285225e+01 2.031211176686552378e+00 4.374382767266731808e-01 -6.802086218422429553e-01 3.526645646903188713e-01 4.707352649182586224e-01
1403638552.127829552 -2.338334301539844340e+00 -1.080403950929942702e+01 2.052754353005345145e+00 4.358664036250551321e-01 -6.821371835620494428e-01 3.491385655473453475e-01 4.720292396033717863e-01
1403638552.177829266 -2.377260506982666666e+00 -1.086350187249204602e+01 2.074128268206854475e+00 4.342990908286883944e-01 -6.846736721105998180e-01 3.471110564581441071e-01 4.712962729626374858e-01
1403638552.227829456 -2.420669078599294810e+00 -1.090596773857276602e+01 2.096371180375653509e+00 4.339930290023569781e-01 -6.866308061767264492e-01 3.449800895841358961e-01 4.702945083423573092e-01
1403638552.277829409 -2.460460053541831726e+00 -1.094790267852855870e+01 2.122302175664932733e+00 4.337165693046332038e-01 -6.885284897991337250e-01 3.430919730708228976e-01 4.691549363056019550e-01
1403638552.327829599 -2.502151968435160079e+00 -1.097380250751574948e+01 2.142996237722458286e+00 4.331653645356472460e-01 -6.891818265551675760e-01 3.428363419444528937e-01 4.688916927766251241e-01
1403638552.377829313 -2.543469725318795227e+00 -1.097063526424506286e+01 2.157390893017174793e+00 4.312612955209266796e-01 -6.891832471960153139e-01 3.453718990472137707e-01 4.687839567631226223e-01
1403638552.427829504 -2.583811399809730069e+00 -1.098948900769595838e+01 2.176646405734317113e+00 4.285159471570172962e-01 -6.873331482053514074e-01 3.484720088807468641e-01 4.717144108852958095e-01
1403638552.477829456 -2.628394310722198757e+00 -1.099542340138696872e+01 2.192298147719899504e+00 4.261764642492565369e-01 -6.854144884989008535e-01 3.523026760061169771e-01 4.737757114444781092e-01
1403638552.527829409 -2.673271342383075844e+00 -1.102843735752076171e+01 2.209325346315985872e+00 4.241554588928508340e-01 -6.837179281025601574e-01 3.550463253810554054e-01 4.759874455444674246e-01
1403638552.577829361 -2.713240608559106093e+00 -1.102964102038750305e+01 2.217900950450442554e+00 4.227138269375301793e-01 -6.818381331293845715e-01 3.572579902942268348e-01 4.783058739942396276e-01
1403638552.627829552 -2.756430497423613346e+00 -1.103558610355725023e+01 2.225078007321497520e+00 4.224701704776625544e-01 -6.803210166838005168e-01 3.581392229984134423e-01 4.800193394697631621e-01
1403638552.677829266 -2.801632118235501068e+00 -1.105030889258267734e+01 2.234327260113429858e+00 4.236277504656366100e-01 -6.796214382726880610e-01 3.577463509706023670e-01 4.802830186908609300e-01
1403638552.727829456 -2.855288886320546560e+00 -1.108270702564101740e+01 2.248112565884129666e+00 4.242890658759528311e-01 -6.795796511337915957e-01 3.582683639466263115e-01 4.793684029407792591e-01
1403638552.777829409 -2.907481255758997296e+00 -1.111407838774201018e+01 2.259059145828703929e+00 4.260141556504860594e-01 -6.789990407344593804e-01 3.576355542601805659e-01 4.791336475307290121e-01
1403638552.827829599 -2.955473865505394038e+00 -1.114501055461504286e+01 2.270176250457753397e+00 4.276044391432154423e-01 -6.785199186349406553e-01 3.568566953319184387e-01 4.789764739916064218e-01
1403638552.877829313 -3.001323623829422527e+00 -1.115995306861450764e+01 2.276949863195548929e+00 4.300728021912661458e-01 -6.778468740251862856e-01 3.548726912462694671e-01 4.791934611378427245e-01
1403638552.927829504 -3.044250950441319326e+00 -1.117004320103731629e+01 2.279617150789609692e+00 4.328385441963287228e-01 -6.775270334699544650e-01 3.523960044395209601e-01 4.789832665453641614e-01
1403638552.977829456 -3.090734421694791401e+00 -1.116091235338768861e+01 2.280183179919702763e+00 4.355263789998674029e-01 -6.760304257663158900e-01 3.501295551891962510e-01 4.803216955504856500e-01
1403638553.027829409 -3.141933548402766618e+00 -1.116465863679913539e+01 2.280612647586394814e+00 4.387950409297531884e-01 -6.753800517808487003e-01 3.475474822445120959e-01 4.801369026615794344e-01
1403638553.077829361 -3.193234246741342819e+00 -1.115834784122992041e+01 2.281926605045134782e+00 4.410200386020067254e-01 -6.740080396879746250e-01 3.465296929502961198e-01 4.807615416100082806e-01
1403638553.127829552 -3.246755814355445136e+00 -1.117090996588393637e+01 2.285171944117678766e+00 4.413654813501161067e-01 -6.724954257865333185e-01 3.481050714243008048e-01 4.814242135761890307e-01
1403638553.177829266 -3.299736886374604161e+00 -1.116797679993693038e+01 2.285797821833829957e+00 4.400119906951835413e-01 -6.700359244183294871e-01 3.519794445676894812e-01 4.832719510122197581e-01
1403638553.227829456 -3.351322158533471818e+00 -1.117034243140788341e+01 2.286736438422292572e+00 4.380449798169329112e-01 -6.671887926431320226e-01 3.561909861668664523e-01 4.859050236435696335e-01
1403638553.277829409 -3.405204651058287624e+00 -1.116417468069859886e+01 2.289068728455497137e+00 4.370814742696217392e-01 -6.641747434752098833e-01 3.592384122725195139e-01 4.886506503913121691e-01
1403638553.327829599 -3.459320405167743750e+00 -1.116781179192284235e+01 2.293813871753226152e+00 4.370952753253997680e-01 -6.610870371228045883e-01 3.611719879052299187e-01 4.913923532056529986e-01
1403638553.377829313 -3.508316726606673264e+00 -1.116563243287913565e+01 2.298754718326224022e+00 4.383293622792430178e-01 -6.590730140565739248e-01 3.605730812790182704e-01 4.934340739786924335e-01
1403638553.427829504 -3.553005943145922885e+00 -1.113498579056448179e+01 2.299085405344354793e+00 4.399746731257206944e-01 -6.561808711986607534e-01 3.585389889957262821e-01 4.972914081811634079e-01
1403638553.477829456 -3.599142648368558017e+00 -1.110906516098543761e+01 2.303176614762924679e+00 4.417743820515169229e-01 -6.538382736906648285e-01 3.567763640760056587e-01 5.000415315320488885e-01
1403638553.527829409 -3.643832067973255651e+00 -1.108032453403745166e+01 2.307481883062912242e+00 4.432064606316519217e-01 -6.517768191637239861e-01 3.552578124177112051e-01 5.025404441150626011e-01
1403638553.577829361 -3.686026978289072886e+00 -1.105325341416272167e+01 2.314073547994908164e+00 4.444689838268929272e-01 -6.496788028015880734e-01 3.534863172476030435e-01 5.053832200666256158e-01
1403638553.627829552 -3.729438747547694000e+00 -1.102491467694482985e+01 2.324149892731121270e+00 4.455896987497185435e-01 -6.489154554169207501e-01 3.520976286288423629e-01 5.063455460484778126e-01
1403638553.677829266 -3.775491100997268923e+00 -1.100871005520899004e+01 2.339009560946761823e+00 4.466365476253361666e-01 -6.488485515400881365e-01 3.512159309118951245e-01 5.061212516416805363e-01
1403638553.727829456 -3.819079121199912219e+00 -1.098946413512930143e+01 2.356744836788770225e+00 4.474497095836154070e-01 -6.488765101375649769e-01 3.502629135130257976e-01 5.060275915427928650e-01
1403638553.777829409 -3.862381620964720153e+00 -1.096274863879554928e+01 2.374403141500700531e+00 4.485552595397923059e-01 -6.494739227561324713e-01 3.491848964415781853e-01 5.050264457392655837e-01
1403638553.827829599 -3.907762905536642961e+00 -1.094828148290160463e+01 2.395399560162712049e+00 4.493736949271256997e-01 -6.503588813601935970e-01 3.479966719148809284e-01 5.039790909151162790e-01
1403638553.877829313 -3.948824225703657653e+00 -1.091645431043124503e+01 2.414093899459085701e+00 4.500713849687505430e-01 -6.512910422139571720e-01 3.469936617683356261e-01 5.028430425657396396e-01
1403638553.927829504 -3.988275586572561426e+00 -1.088083242813385887e+01 2.433745294175841067e+00 4.506043388265626448e-01 -6.522051317175597829e-01 3.460647428100442347e-01 5.018200770951424250e-01
1403638553.977829456 -4.027811273246507895e+00 -1.084692467151332274e+01 2.452700216670452793e+00 4.504456117105894442e-01 -6.544667471400695824e-01 3.465147821036734244e-01 4.986978379361726166e-01
1403638554.027829409 -4.066953038919026042e+00 -1.080604142148447799e+01 2.471346349560705757e+00 4.505871389961354501e-01 -6.568266106301010598e-01 3.466525450445741563e-01 4.953605219974342444e-01
1403638554.077829361 -4.099816989576709148e+00 -1.075958762547663206e+01 2.486907310477552979e+00 4.518547809902612178e-01 -6.578411401809400871e-01 3.449500934365917759e-01 4.940462774070567553e-01
1403638554.127829552 -4.136525528608324009e+00 -1.071542066619070610e+01 2.501595078273957551e+00 4.525931845871676296e-01 -6.587597019558849576e-01 3.442466939680073335e-01 4.926350353317725528e-01
1403638554.177829266 -4.165752115613363671e+00 -1.066403274503954535e+01 2.510325896616882435e+00 4.553982881741839295e-01 -6.609998494216249298e-01 3.402011841687170857e-01 4.898517658259639029e-01
1403638554.227829456 -4.200561379356506642e+00 -1.062980342805989409e+01 2.521545365852324583e+00 4.585014440152968551e-01 -6.642091151959772510e-01 3.359227813661272433e-01 4.855497524309015933e-01
1403638554.277829409 -4.233652040068117905e+00 -1.058036902096361942e+01 2.527678613307779543e+00 4.611813499364818547e-01 -6.671387900833811724e-01 3.324953446441065719e-01 4.813361019358960435e-01
1403638554.327829599 -4.261790673471582025e+00 -1.052996962658649593e+01 2.534146267026399002e+00 4.637819241867589537e-01 -6.690247355135792162e-01 3.290627551117169536e-01 4.785707191909040481e-01
1403638554.377829313 -4.292274853465205986e+00 -1.049331084353220866e+01 2.541980362333942534e+00 4.656438004721320523e-01 -6.705848247470586054e-01 3.264362423199465568e-01 4.763729879000898060e-01
1403638554.427829504 -4.323234756923649336e+00 -1.044877141011527755e+01 2.547418508809164095e+00 4.667170565526170267e-01 -6.714744925225172301e-01 3.252069131450994743e-01 4.749080528451005700e-01
1403638554.477829456 -4.358846974818542996e+00 -1.042586981941202318e+01 2.557733645085590979e+00 4.678011159690507181e-01 -6.721000893469226689e-01 3.236715551604840146e-01 4.740045465794215929e-01
1403638554.527829409 -4.388916008131945823e+00 -1.039194017871052900e+01 2.564017415648581100e+00 4.678272155962632795e-01 -6.723789038397478546e-01 3.235492367036278405e-01 4.736667578025784420e-01
1403638554.577829361 -4.419143302824351416e+00 -1.034260041375453376e+01 2.566283989044774394e+00 4.675081306786422752e-01 -6.729147660697430977e-01 3.248977130346571984e-01 4.722958198200721824e-01
1403638554.627829552 -4.448496621888090807e+00 -1.029988963034779914e+01 2.569262390257848860e+00 4.664441794739876967e-01 -6.741749835083057363e-01 3.265580818914626815e-01 4.704016775031557018e-01
1403638554.677829266 -4.474954996536289364e+00 -1.024990952753315732e+01 2.573861130361712046e+00 4.638298102402991230e-01 -6.752706446694891618e-01 3.308189913157373319e-01 4.684338358455107931e-01
1403638554.727829456 -4.497834162436120664e+00 -1.019384461935227826e+01 2.577781640031831856e+00 4.629042494347898051e-01 -6.751309103694630442e-01 3.321307332074939223e-01 4.686225408342692966e-01
1403638554.777829409 -4.524685813734490303e+00 -1.015235452107116210e+01 2.587869689141243601e+00 4.607744563208438504e-01 -6.759718282456957938e-01 3.355875495017837107e-01 4.670438784951478350e-01
1403638554.827829599 -4.549617168471496775e+00 -1.010165513073930832e+01 2.596197322611947023e+00 4.603229465448969715e-01 -6.759763921740629122e-01 3.364443883508507760e-01 4.668660146710012504e-01
1403638554.877829313 -4.582525338514449764e+00 -1.006979160828384501e+01 2.607763314428890755e+00 4.587526123776592968e-01 -6.760095099405255548e-01 3.386702512236473561e-01 4.667543722802766637e-01
1403638554.927829504 -4.616906949949343364e+00 -1.004176417958638190e+01 2.623450244103910034e+00 4.578715563292680146e-01 -6.760256258941518270e-01 3.398735637711098323e-01 4.667214926361969440e-01
1403638554.977829456 -4.645966772034958225e+00 -9.998011796637443993e+00 2.632745482544546878e+00 4.556176541730604379e-01 -6.766351736840879871e-01 3.412043236022473391e-01 4.670728042762440912e-01
1403638555.027829409 -4.678357727454170778e+00 -9.953928668337770347e+00 2.642048988157107203e+00 4.537427594112018459e-01 -6.775843863328961936e-01 3.402446693884867424e-01 4.682205384565057416e-01
1403638555.077829361 -4.714551247877525775e+00 -9.911760282128726729e+00 2.648747838205009142e+00 4.518652182474478529e-01 -6.793302758369508254e-01 3.378718867011079596e-01 4.692236023971004810e-01
1403638555.127829552 -4.751703289659899632e+00 -9.868467526386744737e+00 2.654239515657110360e+00 4.492398929399105678e-01 -6.815267365115159626e-01 3.345855086278173851e-01 4.709112054597608954e-01
1403638555.177829266 -4.784107091346420759e+00 -9.825681622213059185e+00 2.651727715704534027e+00 4.451644393274049594e-01 -6.851034488525336030e-01 3.314191628170314319e-01 4.718296565990093283e-01
1403638555.227829456 -4.816561199301522045e+00 -9.778346529953772404e+00 2.652767932450837307e+00 4.406472415782541896e-01 -6.882928847158376051e-01 3.284920086987773158e-01 4.734721887926142680e-01
1403638555.277829409 -4.842527485371491913e+00 -9.728585976442388983e+00 2.653230119467659520e+00 4.367220294739492248e-01 -6.913309912755972730e-01 3.251625312280010949e-01 4.749785866325496042e-01
1403638555.327829599 -4.873110106930134577e+00 -9.684345299525769946e+00 2.652798815452910741e+00 4.334534670990701222e-01 -6.935693573291346059e-01 3.222181123711719275e-01 4.767128344127159467e-01
1403638555.377829313 -4.898999755697363234e+00 -9.633643615952651729e+00 2.650360406599713059e+00 4.317532650838393216e-01 -6.946405881114521286e-01 3.177319510976702732e-01 4.796977993375493576e-01
1403638555.427829504 -4.932369285323675356e+00 -9.592376357832330669e+00 2.648351493891274888e+00 4.302682930735804989e-01 -6.959433343291334673e-01 3.142455182057560248e-01 4.814372499775970149e-01
1403638555.477829456 -4.970749927139041624e+00 -9.561116361450865853e+00 2.647397882015879667e+00 4.284521625237588949e-01 -6.967399942739704866e-01 3.120244552246521641e-01 4.833454914960739202e-01
1403638555.527829409 -5.003402729266120730e+00 -9.519867766153890187e+00 2.644191109573009069e+00 4.265046002491031385e-01 -6.978665094200613428e-01 3.113156074176126609e-01 4.838995283882958631e-01
1403638555.577829361 -5.037166675444852970e+00 -9.472135011243059566e+00 2.640855621906478490e+00 4.259528998117407261e-01 -6.978505128855236883e-01 3.097290685433338187e-01 4.854242401308977439e-01
1403638555.627829552 -5.066671126200753328e+00 -9.430895808104253319e+00 2.639588356557175608e+00 4.249961527817421869e-01 -6.988443153669677832e-01 3.089968509241730610e-01 4.852997415195445807e-01
1403638555.677829266 -5.094734733281486960e+00 -9.381447284083511917e+00 2.637581214681171460e+00 4.241389002130518393e-01 -6.995730104461183041e-01 3.089897714535772555e-01 4.850042448458407041e-01
1403638555.727829456 -5.126226948591736665e+00 -9.336834916764003012e+00 2.639677811760869908e+00 4.235411890378522060e-01 -7.003571855875221353e-01 3.093315316450422903e-01 4.841762874351240309e-01
1403638555.777829409 -5.157804315606681733e+00 -9.295338327769810505e+00 2.643663047343897787e+00 4.242062810524895311e-01 -7.008227786196340459e-01 3.080559802174162032e-01 4.837333740148166417e-01
1403638555.827829599 -5.186679969897098452e+00 -9.242292535764173422e+00 2.647407178493584201e+00 4.247188092491980260e-01 -7.007994498903123981e-01 3.078247333411373576e-01 4.834645774478588121e-01
1403638555.877829313 -5.221582521283812284e+00 -9.199356438999258145e+00 2.655610117022518146e+00 4.253762596961824793e-01 -7.009895460548544177e-01 3.075743936737351802e-01 4.827698068074776638e-01
1403638555.927829504 -5.256927988367642079e+00 -9.159112647972440513e+00 2.665636065161508750e+00 4.263977282497868337e-01 -7.005747085214849568e-01 3.066729708516309771e-01 4.830442464955897464e-01
1403638555.977829456 -5.296663588733056649e+00 -9.129612069880332470e+00 2.680412620855603834e+00 4.271647014426223632e-01 -6.997083176133392923e-01 3.063606239469288117e-01 4.838199625883519150e-01
1403638556.027829409 -5.333336196823257325e+00 -9.095824933676722068e+00 2.694589958149565589e+00 4.279266444992272933e-01 -6.992910233925189178e-01 3.057369959207533183e-01 4.841443388656207492e-01
1403638556.077829361 -5.364521028547128978e+00 -9.053107646527937646e+00 2.707145044862902417e+00 4.286024411331516015e-01 -6.998070158344801284e-01 3.048944056035124972e-01 4.833316557760558019e-01
1403638556.127829552 -5.397092991207674828e+00 -9.013969969732567478e+00 2.716976304526086405e+00 4.289033229519655932e-01 -7.013435293519085789e-01 3.046855193710422127e-01 4.809635409077996915e-01
1403638556.177829266 -5.425753352336640134e+00 -8.973129132079309400e+00 2.726271323145134318e+00 4.287548428888608432e-01 -7.042251331088702493e-01 3.041069327504905551e-01 4.772370690235943069e-01
1403638556.227829456 -5.453746015236750289e+00 -8.924604609799654753e+00 2.729880840228059657e+00 4.297056527680360172e-01 -7.060336123318144974e-01 3.027828415573541876e-01 4.745441403023953342e-01
1403638556.277829409 -5.490749812515638872e+00 -8.887531277682636954e+00 2.736239683823292967e+00 4.295703862615406488e-01 -7.074060654105535084e-01 3.030950140740636956e-01 4.724186218926110792e-01
1403638556.327829599 -5.527265006088669885e+00 -8.848236331498988250e+00 2.743370698497823224e+00 4.304079283647435084e-01 -7.084888667073742097e-01 3.022489011714382112e-01 4.705721439833946418e-01
1403638556.377829313 -5.557224797544989769e+00 -8.813117325661874446e+00 2.748249094011943505e+00 4.302568781136352771e-01 -7.096640016340796109e-01 3.019854485350443318e-01 4.691063978392339129e-01
1403638556.427829504 -5.583381827422415178e+00 -8.777153470576845251e+00 2.753531212323788502e+00 4.305863911007656308e-01 -7.108345487316352074e-01 3.008068254255452656e-01 4.677871929688934283e-01
1403638556.477829456 -5.608267632244745116e+00 -8.735899679643615912e+00 2.753113851599786610e+00 4.309859817192177034e-01 -7.129818771684764966e-01 2.993680694712476109e-01 4.650663236269597101e-01
1403638556.527829409 -5.637071403632455180e+00 -8.701001590281331133e+00 2.755225365944160565e+00 4.312183635370491208e-01 -7.145411208131485781e-01 2.980521847674000857e-01 4.632996921765634157e-01
1403638556.577829361 -5.658323080171069108e+00 -8.660696111837518529e+00 2.762894036985112933e+00 4.301429886154185533e-01 -7.161115303699212564e-01 2.982918251483527294e-01 4.617177411210336424e-01
1403638556.627829552 -5.698437276263234708e+00 -8.631029096610864926e+00 2.766672890036525612e+00 4.274274198978842421e-01 -7.174594401338588723e-01 3.019446120541006140e-01 4.597686415293525952e-01
1403638556.677829266 -5.751317358513615474e+00 -8.613558979581807051e+00 2.776644291053286473e+00 4.242831042993244761e-01 -7.181541943653715343e-01 3.061576547842421725e-01 4.588092097359923183e-01
1403638556.727829456 -5.796955927492000171e+00 -8.585219369611989393e+00 2.785955762943784109e+00 4.217300095987367436e-01 -7.166619516652528166e-01 3.097858050883395276e-01 4.610555291989998916e-01
1403638556.777829409 -5.837714414162648247e+00 -8.560179415205999121e+00 2.795284260540433330e+00 4.195940284050294622e-01 -7.148009338336800411e-01 3.126962378081500349e-01 4.639197551063837799e-01
1403638556.827829599 -5.877807011782691937e+00 -8.529279363794101343e+00 2.807085309223624314e+00 4.172949595500518027e-01 -7.137689130072968346e-01 3.158321129031522179e-01 4.654556176668547263e-01
1403638556.877829313 -5.919895683109054119e+00 -8.501478196768211149e+00 2.820342151476129988e+00 4.152326413879276479e-01 -7.132962655461976276e-01 3.184531144557131710e-01 4.662380346746816118e-01
1403638556.927829504 -5.965183112838201573e+00 -8.477540095999065883e+00 2.836966862288607505e+00 4.138442790673372840e-01 -7.124344806219156112e-01 3.203089039317711939e-01 4.675170901328044026e-01
1403638556.977829456 -6.013977249547025394e+00 -8.449117052943821093e+00 2.851445755688732042e+00 4.130351652945652985e-01 -7.118821077915118423e-01 3.218285893914768492e-01 4.680301014749988497e-01
1403638557.027829409 -6.060938524809778905e+00 -8.421743714618468601e+00 2.864833073139515740e+00 4.134832098944863921e-01 -7.112349685816948819e-01 3.214644694569965822e-01 4.688678379657529316e-01
1403638557.077829361 -6.113991381901002775e+00 -8.397189298434112104e+00 2.872180352374599011e+00 4.147147104176390764e-01 -7.102554032693797481e-01 3.205879687526041466e-01 4.698641563057815440e-01
1403638557.127829552 -6.164210776317893270e+00 -8.368969372439217125e+00 2.882216516004911799e+00 4.158218688766585069e-01 -7.093828534661542617e-01 3.191849524107265301e-01 4.711571995912853250e-01
1403638557.177829266 -6.209978576468537348e+00 -8.344899608674431590e+00 2.890517992861470375e+00 4.160606594131204816e-01 -7.089070101233515553e-01 3.186998493675954891e-01 4.719902379284574012e-01
1403638557.227829456 -6.252462396518289722e+00 -8.321389958658095054e+00 2.896495318929871665e+00 4.164164332533537571e-01 -7.084200159700317911e-01 3.175400359193940036e-01 4.731878703833025113e-01
1403638557.277829409 -6.294063916068077802e+00 -8.287816633548750644e+00 2.900471810987057975e+00 4.166269954905072459e-01 -7.082253507053285491e-01 3.171376588188576928e-01 4.735636225532541821e-01
1403638557.327829599 -6.350208377004504356e+00 -8.263951346785193053e+00 2.905266032416984778e+00 4.174154050137053318e-01 -7.078165605947170924e-01 3.160701878910265328e-01 4.741937710806004569e-01
1403638557.377829313 -6.407080798097703145e+00 -8.238253930472005493e+00 2.910523256619573118e+00 4.189508921643129158e-01 -7.070399915660982026e-01 3.145764459923761636e-01 4.749907998137899989e-01
1403638557.427829504 -6.454378748823988765e+00 -8.203934157929882787e+00 2.909170767504759780e+00 4.206898548750807598e-01 -7.056703949246868612e-01 3.126858757742089212e-01 4.767356529811214161e-01
1403638557.477829456 -6.513964658753391035e+00 -8.175079134207528853e+00 2.911041763478145139e+00 4.238819382134964009e-01 -7.036428725662760009e-01 3.094849252300965192e-01 4.789884042420763932e-01
1403638557.527829409 -6.574857353079189615e+00 -8.150072608382860295e+00 2.919016170182648029e+00 4.255243107357254417e-01 -7.025829837757820995e-01 3.072463737968738617e-01 4.805266669710190897e-01
1403638557.577829361 -6.630576779268019472e+00 -8.118740764979373026e+00 2.922678970423189693e+00 4.270336782676838472e-01 -7.009807966229150145e-01 3.053945529415005855e-01 4.827031462759868718e-01
1403638557.627829552 -6.693149431983727027e+00 -8.094335697656520168e+00 2.935077551707756971e+00 4.279966602207840864e-01 -7.001533183872451493e-01 3.043203216625652296e-01 4.837285720467382477e-01
1403638557.677829266 -6.746612751412804698e+00 -8.069260520804069969e+00 2.949467478244171659e+00 4.288735233578029882e-01 -6.999123053099737257e-01 3.029334011470719568e-01 4.841710651286481037e-01
1403638557.727829456 -6.792959902252346360e+00 -8.037088624936721715e+00 2.962072608411481234e+00 4.282832384541112036e-01 -6.997953208662066604e-01 3.027965963279052874e-01 4.849476237752457508e-01
1403638557.777829409 -6.849273867088185419e+00 -8.010246028576489152e+00 2.975053880171334875e+00 4.282936805409493508e-01 -6.997524948998753436e-01 3.026995931266969753e-01 4.850607440424541950e-01
1403638557.827829599 -6.896973280354464109e+00 -7.985520019764740240e+00 2.987617371979753411e+00 4.288208354816616663e-01 -6.997502260182349998e-01 3.003508806965376476e-01 4.860572607307218629e-01
1403638557.877829313 -6.959784039479271378e+00 -7.961787283224347256e+00 2.998989108334042086e+00 4.293473398535984642e-01 -7.000134017840016210e-01 2.995331454598383902e-01 4.857180188693476786e-01
1403638557.927829504 -7.014585315624689343e+00 -7.936157917333146905e+00 3.005895358329532030e+00 4.304691041185410572e-01 -7.000318674114316408e-01 2.977388746250072549e-01 4.858017059921453940e-01
1403638557.977829456 -7.071762578606497485e+00 -7.913259456203726394e+00 3.008224545064329458e+00 4.308793036487275629e-01 -7.010015689793852589e-01 2.970709129745577326e-01 4.844467965010096355e-01
1403638558.027829409 -7.128349154687845690e+00 -7.888689726680863323e+00 3.009251282868379285e+00 4.314897021127761523e-01 -7.023581421298134009e-01 2.967164555721848451e-01 4.821504144426969618e-01
1403638558.077829361 -7.178538450885858957e+00 -7.862472183136977044e+00 3.006853197324263149e+00 4.317584563304423528e-01 -7.044878277135110389e-01 2.964667997919728792e-01 4.789456885824929233e-01
1403638558.127829552 -7.232265597786344813e+00 -7.838469535155465628e+00 3.004744171436045885e+00 4.323896304481114061e-01 -7.072341441516720728e-01 2.950815546193494288e-01 4.751693897447788473e-01
1403638558.177829266 -7.282681344316405792e+00 -7.814619697520444497e+00 3.002221170225278790e+00 4.331910476690610245e-01 -7.101653456978920254e-01 2.939188808506372763e-01 4.707678721712895697e-01
1403638558.227829456 -7.331324572992676813e+00 -7.787263021324139167e+00 3.002763326832114110e+00 4.334783292737376392e-01 -7.134706071649509207e-01 2.926119884390191439e-01 4.662986757256435966e-01
1403638558.277829409 -7.378945140957176463e+00 -7.767632792441593104e+00 3.004186594042810299e+00 4.345972531796292726e-01 -7.143685127610532870e-01 2.905056107886515582e-01 4.651981788491811876e-01
1403638558.327829599 -7.432735441886672234e+00 -7.773193804418251140e+00 3.018566609374402354e+00 4.358534702421513751e-01 -7.153936180610719342e-01 2.881803123887365925e-01 4.638920469968131899e-01
1403638558.377829313 -7.491097454651489684e+00 -7.760878912557155118e+00 3.028346351035450912e+00 4.375529266902958292e-01 -7.159104686362576242e-01 2.854005287092766241e-01 4.632128835149513790e-01
1403638558.427829504 -7.540906380575726153e+00 -7.746168523324836741e+00 3.037450310661421682e+00 4.395257312101094604e-01 -7.178681755424435318e-01 2.820919093112591591e-01 4.603331064009089091e-01
1403638558.477829456 -7.597285833303451419e+00 -7.736694489288457710e+00 3.052282776846690027e+00 4.409952960516404508e-01 -7.197675368841671695e-01 2.789291190062862524e-01 4.578825048835147848e-01
1403638558.527829409 -7.645432642656508904e+00 -7.725824879569303860e+00 3.064621069138316667e+00 4.407713480316665655e-01 -7.212330595069600392e-01 2.784972247130762524e-01 4.560513002455882092e-01
1403638558.577829361 -7.698290857003331489e+00 -7.718305606343352387e+00 3.080010046031198989e+00 4.395786021426323353e-01 -7.222742909013122325e-01 2.799774084511493233e-01 4.546461833099606498e-01
1403638558.627829552 -7.747954603682339680e+00 -7.714855515095650595e+00 3.095433195090393497e+00 4.365236429084252689e-01 -7.224830047188594007e-01 2.831411363866458419e-01 4.552982692258397135e-01
1403638558.677829266 -7.800782023071468174e+00 -7.711276087908888854e+00 3.114026651552117997e+00 4.328044779839096967e-01 -7.228722434339752700e-01 2.879720832575931588e-01 4.552011454006777424e-01
1403638558.727829456 -7.854580520001810839e+00 -7.708627896370101595e+00 3.132896512540485290e+00 4.284803560470055173e-01 -7.229125589632928728e-01 2.933298084037353481e-01 4.558065818708664785e-01
1403638558.777829409 -7.914052537752051641e+00 -7.709916796520603022e+00 3.150140886707503807e+00 4.264053352335488434e-01 -7.226129629679188815e-01 2.957538373111743835e-01 4.566603371772124942e-01
1403638558.827829599 -7.985684708501296747e+00 -7.712453275738478276e+00 3.168615685785710401e+00 4.241603869199085941e-01 -7.222352495749758683e-01 2.988670270052791178e-01 4.573212334982398319e-01
1403638558.877829313 -8.045920696054633225e+00 -7.715787937364936511e+00 3.181754135301225528e+00 4.243594226998980701e-01 -7.211979170175171205e-01 2.984723379211865479e-01 4.590282217372533835e-01
1403638558.927829504 -8.097423564151014830e+00 -7.716964405775661895e+00 3.192101597453235406e+00 4.237069685217670356e-01 -7.190668222098550721e-01 2.993655974012913723e-01 4.623803078805182598e-01
1403638558.977829456 -8.152414807921063655e+00 -7.722356790875395838e+00 3.199695690587736507e+00 4.233105980751850628e-01 -7.163425086823459464e-01 2.999661003378072399e-01 4.665639146569748319e-01
1403638559.027829409 -8.211042981158398035e+00 -7.726858560643202978e+00 3.210458216239312268e+00 4.233546321461689188e-01 -7.140797675405299305e-01 2.994727991003851009e-01 4.702945711239128190e-01
1403638559.077829361 -8.277346434256433128e+00 -7.735573561200100201e+00 3.220106485213897418e+00 4.228123452917478819e-01 -7.119815815783936408e-01 3.000696600783853696e-01 4.735716917874878695e-01
1403638559.127829552 -8.343486144509226321e+00 -7.744705235250916253e+00 3.224980508032175841e+00 4.229256129005525278e-01 -7.101631278786647572e-01 3.003708777133869412e-01 4.760037747497103955e-01
1403638559.177829266 -8.416863176708416105e+00 -7.753999294993787039e+00 3.231968143174337449e+00 4.233254236485991528e-01 -7.083759896893331298e-01 3.006021122421734804e-01 4.781604469630831300e-01
1403638559.227829456 -8.478563072484897489e+00 -7.761248874219186078e+00 3.235821458816369400e+00 4.248087536961207000e-01 -7.068048116569767281e-01 2.993459534347652773e-01 4.799546657382610659e-01
1403638559.277829409 -8.536501002614425460e+00 -7.770976874639884180e+00 3.236394232949636240e+00 4.256123164404547188e-01 -7.057270409100356856e-01 2.984891536537114809e-01 4.813602860370246317e-01
1403638559.327829599 -8.599074348812383306e+00 -7.778169610262692046e+00 3.232896436327285627e+00 4.267273641382987592e-01 -7.044225689471224072e-01 2.976042386264646789e-01 4.828294918551255255e-01
1403638559.377829313 -8.657143584206506759e+00 -7.784800072893994560e+00 3.231064954259649902e+00 4.288369003177102123e-01 -7.033716398945694115e-01 2.948987314541167692e-01 4.841507898420441824e-01
1403638559.427829504 -8.720044022408920625e+00 -7.791245269360009829e+00 3.227740380055689418e+00 4.304134939463031828e-01 -7.018893544821391828e-01 2.933366313426635785e-01 4.858489261139926074e-01
1403638559.477829456 -8.782240512313766345e+00 -7.801325020284241241e+00 3.224886688814189384e+00 4.312944850118012319e-01 -7.009960145711668922e-01 2.927667003166662396e-01 4.867004355241905666e-01
1403638559.527829409 -8.847600383319049300e+00 -7.808714067397410474e+00 3.223046241953387181e+00 4.321110278859178200e-01 -7.000303333243488302e-01 2.918945129947910222e-01 4.878884967784242743e-01
1403638559.577829361 -8.899500348552132678e+00 -7.816340214852258939e+00 3.216191908780803743e+00 4.328713755435940613e-01 -6.990135794867853303e-01 2.917293019490084793e-01 4.887702960618748871e-01
1403638559.627829552 -8.958378479492695945e+00 -7.830808035848827231e+00 3.211729881269704379e+00 4.327189541813019069e-01 -6.986086131940392185e-01 2.920559347642115444e-01 4.892889159099604868e-01
1403638559.677829266 -9.015783868172706050e+00 -7.828178186019155049e+00 3.208090191968800298e+00 4.331646835946029728e-01 -6.981485403929222899e-01 2.918497272954024835e-01 4.896740845819992360e-01
1403638559.727829456 -9.070835774636067939e+00 -7.838636824859046115e+00 3.202201515379157204e+00 4.334840771393965175e-01 -6.976958093272488393e-01 2.920516366280451193e-01 4.899162724963129212e-01
1403638559.777829409 -9.122570929244771420e+00 -7.850799612920675408e+00 3.196719673750584523e+00 4.337002275573937360e-01 -6.974720227014724605e-01 2.919775428740054579e-01 4.900877519614625921e-01
1403638559.827829599 -9.187246919945755153e+00 -7.857606206374929236e+00 3.195550731492956764e+00 4.332748946748677943e-01 -6.984261415156619579e-01 2.929021795189594157e-01 4.885510246894075315e-01
1403638559.877829313 -9.234144587647636016e+00 -7.873719050505170181e+00 3.191105866272764047e+00 4.326951523304276570e-01 -6.983347116741139837e-01 2.930512312492195570e-01 4.891058285116797744e-01
1403638559.927829504 -9.275875280194563643e+00 -7.893679163659480302e+00 3.186038423009591281e+00 4.304903772782009974e-01 -6.995590019919476488e-01 2.931723115484371478e-01 4.892292239270347176e-01
1403638559.977829456 -9.325276852769052383e+00 -7.908393874125166256e+00 3.181211994893563322e+00 4.266771208176994845e-01 -7.017754702078988771e-01 2.920007094956100779e-01 4.900953066896897581e-01
1403638560.027829409 -9.392347387342116605e+00 -7.912408514983412466e+00 3.177457665852015722e+00 4.206859103406873079e-01 -7.050557652883647775e-01 2.899921292772463799e-01 4.917563396965152767e-01
1403638560.077829361 -9.459520827727095238e+00 -7.919011614112237751e+00 3.172816203503232124e+00 4.135822336185063230e-01 -7.091393677958952591e-01 2.866404048967349238e-01 4.938708043180939922e-01
1403638560.127829552 -9.518795989111652034e+00 -7.929052461691978415e+00 3.165902627712594786e+00 4.048039123872555489e-01 -7.136455021282034350e-01 2.825601123806881221e-01 4.969946405139279988e-01
1403638560.177829266 -9.578184981652041685e+00 -7.939272717602459117e+00 3.157603485544851818e+00 3.953356337681111499e-01 -7.183291320978191230e-01 2.766724608568409405e-01 5.011639891853559847e-01
1403638560.227829456 -9.629857545354822079e+00 -7.956933342021688560e+00 3.143571347012608985e+00 3.851474685692314326e-01 -7.236495373322001656e-01 2.707277747388657785e-01 5.046773687798448149e-01
1403638560.277829409 -9.666947515011635517e+00 -7.977759830688856191e+00 3.129035103857669586e+00 3.740715774689198914e-01 -7.284490633714617580e-01 2.643683396819240250e-01 5.094524491814490519e-01
1403638560.327829599 -9.709932263898298999e+00 -7.997083922278696022e+00 3.111884721626851924e+00 3.619080812782448087e-01 -7.319806526548834347e-01 2.587239652113864086e-01 5.160317574236373828e-01
1403638560.377829313 -9.750614406398007361e+00 -8.018108797636587681e+00 3.090811714630836704e+00 3.495364212501420043e-01 -7.351903763436368200e-01 2.535174953637999717e-01 5.225402188308672091e-01
1403638560.427829504 -9.800047104776092866e+00 -8.029010571677245522e+00 3.072950401241694163e+00 3.366514674659958906e-01 -7.389579735810277716e-01 2.469184787552114457e-01 5.288082521890377086e-01
1403638560.477829456 -9.830352552921496567e+00 -8.046049353545924987e+00 3.055787072535264493e+00 3.235568976132097152e-01 -7.425039160284404582e-01 2.402728776809518740e-01 5.350400105975814391e-01
1403638560.527829409 -9.886233092027115532e+00 -8.049495417286033572e+00 3.041506046434268917e+00 3.105576155653716475e-01 -7.464901910785123329e-01 2.336782644282008325e-01 5.400933537563121778e-01
1403638560.577829361 -9.930867874485837632e+00 -8.053541037924986767e+00 3.028606632132251342e+00 2.961670523999783144e-01 -7.513836808227049024e-01 2.281883042720193600e-01 5.437257939986775979e-01
1403638560.627829552 -9.984741697278034067e+00 -8.057129169859765128e+00 3.012747910380014105e+00 2.820850619805794768e-01 -7.565147773078289006e-01 2.227321396316039315e-01 5.463550159899940306e-01
1403638560.677829266 -1.003797618719314144e+01 -8.059555675653271578e+00 2.994368548226967075e+00 2.680334452166561743e-01 -7.612668292187191321e-01 2.183906084246835522e-01 5.485767303928085203e-01
1403638560.727829456 -1.008393073167836995e+01 -8.065209301839292522e+00 2.977347261430275616e+00 2.544240126812842839e-01 -7.659726331676768307e-01 2.154332439807665200e-01 5.496752353865442808e-01
1403638560.777829409 -1.011541250025413774e+01 -8.074983871248633704e+00 2.958989190834407257e+00 2.422434442882958616e-01 -7.694437373036341343e-01 2.109051912271366624e-01 5.520810168236220949e-01
1403638560.827829599 -1.016681053782539657e+01 -8.072086137277688422e+00 2.944206114282245768e+00 2.309741828866623270e-01 -7.725648580760614559e-01 2.048108228594738289e-01 5.548396108294532114e-01
1403638560.877829313 -1.019313399971265355e+01 -8.080728977893331333e+00 2.928846707466608912e+00 2.189672463464153451e-01 -7.750990397733089621e-01 1.998576067980538662e-01 5.579711108784374263e-01
1403638560.927829504 -1.024323912705187034e+01 -8.079972029055342730e+00 2.915425150794805909e+00 2.079348375318896547e-01 -7.774788208685853297e-01 1.943158908691903775e-01 5.608307418438239766e-01
1403638560.977829456 -1.029836677707564974e+01 -8.073168149849747621e+00 2.909199676849645755e+00 1.979359779460446722e-01 -7.786582731521431988e-01 1.874234359675827355e-01 5.651416618303508610e-01
1403638561.027829409 -1.033300876866427842e+01 -8.071187648869150522e+00 2.902798460293500860e+00 1.881689847837816065e-01 -7.790693919487040597e-01 1.809002116584324527e-01 5.700161656620380546e-01
1403638561.077829361 -1.038447451091678531e+01 -8.058376525675010171e+00 2.898859080331564364e+00 1.778517576809490186e-01 -7.804710547365777407e-01 1.751984857156108910e-01 5.731833699708391849e-01
1403638561.127829552 -1.041909423090336162e+01 -8.049539830682856945e+00 2.895493672296796106e+00 1.681202054491272302e-01 -7.810599364323396188e-01 1.690138219546241383e-01 5.771614160772908786e-01
1403638561.177829266 -1.046017248159549595e+01 -8.037277051344512202e+00 2.893508174937899469e+00 1.596388047362352069e-01 -7.815029438873324352e-01 1.641547867919022075e-01 5.803635125428926456e-01
1403638561.227829456 -1.050038814034783385e+01 -8.020913504615423406e+00 2.892599592458077407e+00 1.520145462069635023e-01 -7.816210907716656386e-01 1.598125035613991440e-01 5.834552355646835942e-01
1403638561.277829409 -1.053896690256611457e+01 -8.015215706547524022e+00 2.890610122631772416e+00 1.459104053603668960e-01 -7.811937242894868572e-01 1.576750075663255202e-01 5.861613350667662647e-01
1403638561.327829599 -1.058419754444114602e+01 -7.997527102352684381e+00 2.898000809121244803e+00 1.426001180696964410e-01 -7.826120303258218280e-01 1.538618377048442121e-01 5.860973905537303352e-01
1403638561.377829313 -1.061241702630458583e+01 -7.980275613537353152e+00 2.901337230826219749e+00 1.416439264017437250e-01 -7.855667218043549394e-01 1.485774417816358439e-01 5.837351004528349430e-01
1403638561.427829504 -1.064380986164221454e+01 -7.962792191814235032e+00 2.901466226707382301e+00 1.430687745794962107e-01 -7.888206994080415591e-01 1.420785264586012231e-01 5.806090959028130660e-01
1403638561.477829456 -1.067381690015852946e+01 -7.942381925466071024e+00 2.900951916031961453e+00 1.451843727826187258e-01 -7.915612930817724768e-01 1.349910376813106827e-01 5.780394769738075311e-01
1403638561.527829409 -1.070206042909779853e+01 -7.919022113640446392e+00 2.898832645590680546e+00 1.475194316345478374e-01 -7.934502553074714859e-01 1.293217883662046430e-01 5.761515292841762337e-01
1403638561.577829361 -1.072611718334413133e+01 -7.897115070867422482e+00 2.893936407651839016e+00 1.493877331311437295e-01 -7.952567714985312453e-01 1.252164256370137674e-01 5.740825892903924643e-01
1403638561.627829552 -1.075088574844734524e+01 -7.873037054600879436e+00 2.888072816472849080e+00 1.507608344977021952e-01 -7.964280984449709777e-01 1.223255734680539081e-01 5.727214932797581870e-01
1403638561.677829266 -1.076908372194232122e+01 -7.849465212118482249e+00 2.883259885921918730e+00 1.516748196764960421e-01 -7.970794838846085861e-01 1.213348472815038714e-01 5.717839629453791428e-01
1403638561.727829456 -1.078905373890479780e+01 -7.827144674345845488e+00 2.875458119432702908e+00 1.526039174194930015e-01 -7.975585081031333345e-01 1.207932585053106828e-01 5.709828887455368207e-01
1403638561.777829409 -1.082287679316928397e+01 -7.801788054254769733e+00 2.869098182722610968e+00 1.537682998370398235e-01 -7.973460504544568339e-01 1.202751090406724982e-01 5.710766007596173033e-01
1403638561.827829599 -1.085228693453998616e+01 -7.775342659686047320e+00 2.859744921095580317e+00 1.548727145934323257e-01 -7.970677672245607415e-01 1.194663804214410319e-01 5.713363288599059286e-01
1403638561.877829313 -1.087903268659237455e+01 -7.753255463906691958e+00 2.848700670537728907e+00 1.549729392376784087e-01 -7.966748085979049598e-01 1.177539264897385224e-01 5.722120675464432704e-01
1403638561.927829504 -1.091129877460471853e+01 -7.725898819585755639e+00 2.836655862055356359e+00 1.538915576900009019e-01 -7.968930744669123767e-01 1.148075990850635775e-01 5.727984213759153009e-01
1403638561.977829456 -1.093261398321152278e+01 -7.699426121643659471e+00 2.824637014374224542e+00 1.504663943799053050e-01 -7.973500672608042628e-01 1.124500827229946015e-01 5.735396353322878005e-01
1403638562.027829409 -1.094927292738080737e+01 -7.675456303480858722e+00 2.814443486631579283e+00 1.460105978083638678e-01 -7.980394547240289294e-01 1.088992596010368574e-01 5.744169959966062278e-01
1403638562.077829361 -1.096601979242108271e+01 -7.649863778694960814e+00 2.806508284153396815e+00 1.415275136960715274e-01 -7.990619957603357637e-01 1.047996629572736371e-01 5.748799182808176367e-01
1403638562.127829552 -1.098195920383942514e+01 -7.624756084831907366e+00 2.797161523118912640e+00 1.360393375341884814e-01 -7.998782931796656337e-01 1.013695572335354261e-01 5.756841387510351904e-01
1403638562.177829266 -1.099976703390369082e+01 -7.598222566316048088e+00 2.787991573417700764e+00 1.315690980940983634e-01 -8.006312600381527700e-01 9.746360336022188986e-02 5.763505911304911411e-01
1403638562.227829456 -1.101549751190413140e+01 -7.573370717164531030e+00 2.783568250829030255e+00 1.280368767483837378e-01 -8.008676201534187244e-01 9.450214383563308729e-02 5.773101055696046036e-01
1403638562.277829409 -1.104145799261825722e+01 -7.546805928732503332e+00 2.779196382147487210e+00 1.238748068044507461e-01 -8.013280579323825981e-01 9.095710873711078392e-02 5.781480607765293600e-01
1403638562.327829599 -1.106411570672171152e+01 -7.518530087741513768e+00 2.777256699001874996e+00 1.182361278936529814e-01 -8.016518706371835723e-01 8.790402145786548049e-02 5.793508258181352399e-01
1403638562.377829313 -1.107322054080068341e+01 -7.495880343394731860e+00 2.775209120536495266e+00 1.118841812349610915e-01 -8.018345367961996484e-01 8.451468153196291244e-02 5.808619235203467124e-01
1403638562.427829504 -1.108894776363913515e+01 -7.468517519686106887e+00 2.772604827236527125e+00 1.041894463840015439e-01 -8.025095848064093262e-01 8.098520082847000812e-02 5.818628041066145062e-01
1403638562.477829456 -1.110020743228975881e+01 -7.441899618355856560e+00 2.774568758878003027e+00 9.571148593476254407e-02 -8.036162016343900705e-01 7.671743289459692638e-02 5.823699403480046000e-01
1403638562.527829409 -1.110458808112949569e+01 -7.422077259299817875e+00 2.775328189864843864e+00 8.634229504222300233e-02 -8.048570589018674282e-01 7.184914391122497468e-02 5.827416437340837696e-01
1403638562.577829361 -1.111782109884271819e+01 -7.394589471557993399e+00 2.779664196038287294e+00 7.567472323263431389e-02 -8.053113278867275460e-01 6.710153341653646297e-02 5.841612668211829673e-01
1403638562.627829552 -1.112577370622321027e+01 -7.368931622694134376e+00 2.784893125119745072e+00 6.367284082160803993e-02 -8.059244819068426269e-01 6.297936615015706230e-02 5.852051761939722763e-01
1403638562.677829266 -1.113056441538121710e+01 -7.343651592776061499e+00 2.791491438907473199e+00 5.165188281205802118e-02 -8.073570471401891879e-01 5.857073099331386312e-02 5.848727647154998710e-01
1403638562.727829456 -1.114247216658545092e+01 -7.321123651583861580e+00 2.799032367483002215e+00 3.884102188856449617e-02 -8.076398162395689306e-01 5.367613227271746806e-02 5.859421260392609909e-01
1403638562.777829409 -1.115962634452182556e+01 -7.290901773907230599e+00 2.806693961921972846e+00 2.549464563300967920e-02 -8.083195962449200023e-01 4.946986020800986372e-02 5.861076576035301189e-01
1403638562.827829599 -1.116620749997132478e+01 -7.261291270972051848e+00 2.813187355771646025e+00 1.336992352078430688e-02 -8.083277369146718572e-01 4.226699619308742217e-02 5.870613391395033132e-01
1403638562.877829313 -1.116794470340747658e+01 -7.235774973065873361e+00 2.818100792056597914e+00 9.393368649962190002e-04 -8.086691448214763378e-01 3.579664237646335012e-02 5.871728299696161724e-01
1403638562.927829504 -1.117319717585403716e+01 -7.208045215300777464e+00 2.822734062261093690e+00 -1.072982474323595781e-02 -8.089445425271835077e-01 2.793950417568936279e-02 5.871226295101236170e-01
1403638562.977829456 -1.117362831134934353e+01 -7.184056702171776720e+00 2.827018894370484592e+00 -2.141803831441031064e-02 -8.088044329447441338e-01 2.087454061272982567e-02 5.873167036939276331e-01
1403638563.027829409 -1.118199572333110225e+01 -7.154658829108632823e+00 2.826662064389797280e+00 -3.357424934463586197e-02 -8.082189468299905144e-01 1.538947728327086026e-02 5.877227813815906199e-01
1403638563.077829361 -1.119525574020163994e+01 -7.118368188154625464e+00 2.824773562398422477e+00 -4.543480736013947446e-02 -8.078274644767837742e-01 1.177585292347714009e-02 5.875472706132524037e-01
1403638563.127829552 -1.119545670434884954e+01 -7.082772941319621651e+00 2.819988536753613495e+00 -5.707497788237720499e-02 -8.076166092530564500e-01 8.784889749913971785e-03 5.868736534130699622e-01
1403638563.177829266 -1.119699734945188752e+01 -7.046921871201570653e+00 2.814916593329970684e+00 -6.465678444736769337e-02 -8.071611423580195011e-01 2.903661302792514350e-04 5.867796061382278827e-01
1403638563.227829456 -1.120053902698124837e+01 -7.005645542124121050e+00 2.808280906437017332e+00 -7.227127651407395936e-02 -8.055125861710794588e-01 -4.045432125557054184e-03 5.881411145209312075e-01
1403638563.277829409 -1.119969186529177385e+01 -6.959930527691958524e+00 2.800131607198433681e+00 -7.722973079410687391e-02 -8.038684567923211066e-01 -9.915473657980440267e-03 5.896886943446856266e-01
1403638563.327829599 -1.119307706026564553e+01 -6.919523614383210841e+00 2.792885799600593799e+00 -8.219826579079833606e-02 -8.006724029151974786e-01 -1.301247994832160221e-02 5.932940448686331303e-01
1403638563.377829313 -1.119563399352844435e+01 -6.876815621852014004e+00 2.781863787933940735e+00 -8.610988230323217418e-02 -7.960867613454469804e-01 -1.617433676020189892e-02 5.988066026778666728e-01
1403638563.427829504 -1.119069396682203532e+01 -6.834944551813633140e+00 2.768968832405350078e+00 -9.005615324904620023e-02 -7.918662171327123245e-01 -1.717814659237576133e-02 6.037737115058616766e-01
1403638563.477829456 -1.118639357371762877e+01 -6.789673528815402648e+00 2.757115233219417760e+00 -9.249424623007365676e-02 -7.899924740737445106e-01 -1.712655824503024615e-02 6.058575627355445858e-01
1403638563.527829409 -1.118076308158281407e+01 -6.750932019728762334e+00 2.742943529667262403e+00 -9.265622790003606724e-02 -7.896785455300775469e-01 -2.066615479172832087e-02 6.061316096418023491e-01
1403638563.577829361 -1.117166242973421753e+01 -6.707143551245620117e+00 2.731619785013180923e+00 -9.230004478753565944e-02 -7.906882738548342004e-01 -2.256225479006742501e-02 6.048005456177019123e-01
1403638563.627829552 -1.115585760165737383e+01 -6.664772067049291593e+00 2.724395259428830762e+00 -9.158497768671662598e-02 -7.925741430232383644e-01 -2.364536701441272842e-02 6.023946516129244921e-01
1403638563.677829266 -1.114252788441298492e+01 -6.622518952567786776e+00 2.716888406409363910e+00 -9.220541182443540984e-02 -7.945382482055484141e-01 -2.215554543071686366e-02 5.997635083726018390e-01
1403638563.727829456 -1.113248551372351791e+01 -6.572787413929941813e+00 2.710606407848284771e+00 -9.232190046198705813e-02 -7.957434037598949406e-01 -2.078582213924589153e-02 5.981948275149990835e-01
1403638563.777829409 -1.111780175301406359e+01 -6.524153512966890389e+00 2.704007876283810674e+00 -9.262607966874261689e-02 -7.967705133897496905e-01 -1.898415254470292579e-02 5.968389735179780997e-01
1403638563.827829599 -1.110533494222178597e+01 -6.477816763829304492e+00 2.703957590636754560e+00 -9.254683270276424512e-02 -7.969825767598734956e-01 -1.733366025541872163e-02 5.966183037085175389e-01
1403638563.877829313 -1.108461267918902671e+01 -6.429310459849457260e+00 2.704637306190126989e+00 -9.195586517274846605e-02 -7.964549505204224777e-01 -1.607479077819599228e-02 5.974489365236832494e-01
1403638563.927829504 -1.106352155232251810e+01 -6.379454864425055050e+00 2.706371049899245484e+00 -9.141015756076321941e-02 -7.964559086722932113e-01 -1.400704342253837956e-02 5.975834430188534663e-01
1403638563.977829456 -1.104058578056235085e+01 -6.322737445649417865e+00 2.709527445278721913e+00 -9.022501899797370772e-02 -7.954488844447592522e-01 -1.255825396849324753e-02 5.991350502513321796e-01
1403638564.027829409 -1.101457128806401720e+01 -6.264673644068142977e+00 2.712280302269152177e+00 -8.919894845362254243e-02 -7.960463139252128562e-01 -1.034985687269273681e-02 5.985371284586814555e-01
1403638564.077829361 -1.098788559524053632e+01 -6.216734527920792175e+00 2.712317500504911383e+00 -8.791296809342370733e-02 -7.962333238367752530e-01 -8.237065131430411705e-03 5.985114491894590882e-01
1403638564.127829552 -1.095842897690237194e+01 -6.164727341610190869e+00 2.710787962545476937e+00 -8.604287755141593053e-02 -7.961705477381895157e-01 -7.022735887716045206e-03 5.988820946710587956e-01
1403638564.177829266 -1.092445961344051497e+01 -6.114878862835940510e+00 2.708310871760770677e+00 -8.341832981066057973e-02 -7.964358363286240250e-01 -6.207720777793600264e-03 5.989096802238800255e-01
1403638564.227829456 -1.088833060855414914e+01 -6.058750264834130483e+00 2.708668451714770775e+00 -8.062635220002227487e-02 -7.956782080080966324e-01 -6.454793816321761392e-03 6.002948577730207180e-01
1403638564.277829409 -1.085855765857185240e+01 -5.994071972642303514e+00 2.708738737899853088e+00 -7.795360929394250238e-02 -7.950406996337642251e-01 -7.187213763013257199e-03 6.014830543599933854e-01
1403638564.327829599 -1.082452679470932821e+01 -5.932548172198830017e+00 2.704145273793665094e+00 -7.441707997961966026e-02 -7.948361349122794461e-01 -8.383846155116251794e-03 6.021854597785162300e-01
1403638564.377829313 -1.078219545378130384e+01 -5.874324660572686874e+00 2.708661449688080758e+00 -7.292663211041222615e-02 -7.938568845654980777e-01 -7.161852122735616610e-03 6.036734721943363136e-01
1403638564.427829504 -1.075082370135952381e+01 -5.810078536362592416e+00 2.709814587198080549e+00 -7.029258370301404157e-02 -7.930244399512598186e-01 -8.369716570401799713e-03 6.050629208279721949e-01
1403638564.477829456 -1.070484011307511985e+01 -5.750237945996689248e+00 2.718855172718999569e+00 -6.846198568399218531e-02 -7.926794484482155845e-01 -7.778034268113009735e-03 6.057324084997944835e-01
1403638564.527829409 -1.066486112227063998e+01 -5.682616337780399540e+00 2.727432360776430365e+00 -6.791789788916767490e-02 -7.933029800136215393e-01 -6.953264314820760406e-03 6.049869363574658099e-01
1403638564.577829361 -1.062788189174232478e+01 -5.604567947980270581e+00 2.729985972063095900e+00 -6.781380907702086458e-02 -7.945405457673875294e-01 -4.775555687382614274e-03 6.033935718069957099e-01
1403638564.627829552 -1.058714972417212508e+01 -5.533006924914527502e+00 2.738798349935367415e+00 -6.841507735109969568e-02 -7.953662478910524802e-01 -2.636211460176514365e-03 6.022499143178763337e-01
1403638564.677829266 -1.054164033762351416e+01 -5.470003313897096042e+00 2.741257030341643475e+00 -7.042795738944832018e-02 -7.961342429931111964e-01 7.508814102344773655e-04 6.010071597983204228e-01
1403638564.727829456 -1.048876188627752448e+01 -5.416691602290158336e+00 2.742431218940225346e+00 -7.171854042920407235e-02 -7.966574642551468299e-01 2.703045623194884426e-03 6.001550042694164810e-01
1403638564.777829409 -1.043554494392192211e+01 -5.351900738338783547e+00 2.745370317568506913e+00 -7.338693586694217119e-02 -7.969862302140845456e-01 4.825602086693635794e-03 5.995031443267871962e-01
1403638564.827829599 -1.038557579448772827e+01 -5.287568330139631456e+00 2.745784747989629349e+00 -7.488652021725415719e-02 -7.970081453277660932e-01 5.807638802658539844e-03 5.992798150300768789e-01
1403638564.877829313 -1.033479429818058470e+01 -5.207368958551088944e+00 2.740531614518771253e+00 -7.609426321815053462e-02 -7.964549412843732190e-01 6.949643352619919515e-03 5.998507248193203356e-01
1403638564.927829504 -1.028407265574309726e+01 -5.139385886330827269e+00 2.730563657379299958e+00 -7.734770546034012983e-02 -7.959413455844052132e-01 8.041744547028169265e-03 6.003582573713358572e-01
1403638564.977829456 -1.022912489854198625e+01 -5.067634099317404051e+00 2.718336441501052914e+00 -7.806052595190715593e-02 -7.958631005674227099e-01 9.023497139997413083e-03 6.003557744726745193e-01
1403638565.027829409 -1.016952325380376010e+01 -4.999093411616445159e+00 2.705168857233504198e+00 -7.842656687397102366e-02 -7.960147717839392012e-01 9.550602781931483154e-03 6.000987774497025251e-01
1403638565.077829361 -1.011551425420284644e+01 -4.922815076115417021e+00 2.688181702434715881e+00 -7.891717941956227778e-02 -7.964518668032168902e-01 1.021439336943870055e-02 5.994432156812069534e-01
1403638565.127829552 -1.005699305149534517e+01 -4.845669594395769053e+00 2.668118683809994618e+00 -7.900324253197958668e-02 -7.969816315909505899e-01 1.050669455782909933e-02 5.987222861607273128e-01
1403638565.177829266 -9.995569955287029629e+00 -4.771515255732901473e+00 2.640766114228453532e+00 -7.923326338493716370e-02 -7.973252441602668439e-01 1.054438333681731281e-02 5.982335338128332847e-01
1403638565.227829456 -9.936822681562608395e+00 -4.688295317669385120e+00 2.614965954940098314e+00 -7.892900402123458059e-02 -7.978124301823822373e-01 9.937218534335830189e-03 5.976343282129118473e-01
1403638565.277829409 -9.873650719024428923e+00 -4.601348239621971814e+00 2.585021253904536298e+00 -7.876175569907886698e-02 -7.982871998065814712e-01 8.678930396098193806e-03 5.970417143142894290e-01
1403638565.327829599 -9.818731574496784020e+00 -4.528561784692074710e+00 2.550555055921735814e+00 -7.840733354152866486e-02 -7.985754930250024142e-01 7.196399211794724145e-03 5.967224512494618827e-01
1403638565.377829313 -9.760729391956491696e+00 -4.446317847722121464e+00 2.524476409513621178e+00 -7.748873926661306588e-02 -7.994333212850002202e-01 5.772383653686708783e-03 5.957084351367363251e-01
1403638565.427829504 -9.700941434181260092e+00 -4.351034953784341575e+00 2.491928353791359907e+00 -7.688196210237692452e-02 -7.996955795415532364e-01 4.990051145394767962e-03 5.954420570925054168e-01
1403638565.477829456 -9.635308073982034927e+00 -4.269179906623671528e+00 2.465098612089351882e+00 -7.638009502083460689e-02 -7.988632157060470140e-01 2.526794538693784200e-03 5.966382982894756770e-01
1403638565.527829409 -9.565137595067689347e+00 -4.182107871647544606e+00 2.440490265160641936e+00 -7.502292809465102574e-02 -7.977313162787765810e-01 -9.983915645436303252e-04 5.983270932379036733e-01
1403638565.577829361 -9.494997177826514090e+00 -4.099759740040591183e+00 2.412482370234064089e+00 -7.423095719465364062e-02 -7.966008435311507929e-01 -4.787219730941281136e-03 5.999116131620326753e-01
1403638565.627829552 -9.419421822070454198e+00 -4.022594391289301186e+00 2.391027314883982235e+00 -7.186877215779269301e-02 -7.960620196950788374e-01 -1.032115511972934822e-02 6.008440847212510594e-01
1403638565.677829266 -9.346415812164060810e+00 -3.938190916270189579e+00 2.366843790405272152e+00 -6.836575012027662490e-02 -7.962837908787661068e-01 -1.714972586178525535e-02 6.008029090284925378e-01
1403638565.727829456 -9.272762871647033833e+00 -3.836393437945201601e+00 2.344473881573169383e+00 -6.572799875821354332e-02 -7.971261015381524428e-01 -2.286366634098732642e-02 5.997891806187199970e-01
1403638565.777829409 -9.205703023187099987e+00 -3.758003644933037624e+00 2.322807174901145189e+00 -6.407101273446912104e-02 -7.989469872127166195e-01 -2.618448298765694085e-02 5.974052140729705362e-01
1403638565.827829599 -9.141627609830980106e+00 -3.667481221405362035e+00 2.308740985147275548e+00 -6.335476423938206370e-02 -8.002189086908814142e-01 -2.888908619656721521e-02 5.956519896050667118e-01
1403638565.877829313 -9.063884598548355598e+00 -3.590279468880209546e+00 2.296806861570533709e+00 -6.108147832297638330e-02 -8.012501355110092094e-01 -3.340202570701185369e-02 5.942655787004136325e-01
1403638565.927829504 -8.996813280573956462e+00 -3.510548139598983930e+00 2.280533992177119273e+00 -6.149702492906139462e-02 -8.026873839809746114e-01 -3.462816592316692726e-02 5.922093967909083378e-01
1403638565.977829456 -8.921368049690791224e+00 -3.428274153416819736e+00 2.267410682479983119e+00 -6.166816984647705696e-02 -8.030738708449974839e-01 -3.566924600265194978e-02 5.916055270899865937e-01
1403638566.027829409 -8.847166281951889033e+00 -3.348180144939864711e+00 2.247258080991457518e+00 -6.262075511226693203e-02 -8.037654580858920594e-01 -3.531462477458768845e-02 5.905866631529836930e-01
1403638566.077829361 -8.761002840874372311e+00 -3.263144363075547005e+00 2.230795846533448756e+00 -6.247642621650818795e-02 -8.039430193662341351e-01 -3.742240831288278641e-02 5.902303627699782007e-01
1403638566.127829552 -8.682167579701232540e+00 -3.173408039247166190e+00 2.210992992275525815e+00 -6.334031242241570936e-02 -8.040166296770634435e-01 -3.577130765124014733e-02 5.901403880212632291e-01
1403638566.177829266 -8.612833457111673141e+00 -3.104090721573507849e+00 2.187810159545485522e+00 -6.386337143430940999e-02 -8.041868534956312375e-01 -3.503098411779034110e-02 5.898964354915011699e-01
1403638566.227829456 -8.538567040048535617e+00 -3.014966710406355332e+00 2.167331383654852672e+00 -6.294583953075312543e-02 -8.037820511345863395e-01 -3.588546176475264360e-02 5.904951051393877437e-01
1403638566.277829409 -8.472399918958799958e+00 -2.947435095352845646e+00 2.143006304391287919e+00 -6.271209004504771367e-02 -8.039359447350822307e-01 -3.551372765077721178e-02 5.903329278241552514e-01
1403638566.327829599 -8.401359782138321464e+00 -2.885038867143678853e+00 2.118148457313015598e+00 -6.314139854147941822e-02 -8.049351745038332284e-01 -3.507651493689181721e-02 5.889500545348405058e-01
1403638566.377829313 -8.325474030630202193e+00 -2.799423187374474153e+00 2.090882484881570580e+00 -6.195094951119498733e-02 -8.051981619336827656e-01 -3.548027270394046861e-02 5.886927467891331922e-01
1403638566.427829504 -8.255484161700687551e+00 -2.715360993430047998e+00 2.058295706574209127e+00 -6.148265753816594542e-02 -8.051041775239875520e-01 -3.419229247667108368e-02 5.889465453593032418e-01
1403638566.477829456 -8.177020952383106334e+00 -2.632874893694837404e+00 2.029865606942680145e+00 -6.216281863705248878e-02 -8.056773304667476099e-01 -3.159171524798223829e-02 5.882361657351260487e-01
1403638566.527829409 -8.113389562778644759e+00 -2.556991415038379234e+00 1.996033684513460749e+00 -6.057007598323960879e-02 -8.057293527012642231e-01 -3.160488663449775859e-02 5.883303555246889305e-01
1403638566.577829361 -8.027197172340081011e+00 -2.477350290418200984e+00 1.958250598919106356e+00 -6.016148715830280796e-02 -8.089251379016150212e-01 -3.043883761164921722e-02 5.840326993402049638e-01
1403638566.627829552 -7.946909873528679391e+00 -2.396625622093260244e+00 1.920472206883529598e+00 -5.966583410760017275e-02 -8.123051514878929513e-01 -2.930017348192417645e-02 5.794323333577484636e-01
1403638566.677829266 -7.872428478930964424e+00 -2.330217203356147682e+00 1.880410820057750065e+00 -5.862426063437074092e-02 -8.182426059119202177e-01 -2.933691996342341346e-02 5.711230857377446180e-01
1403638566.727829456 -7.789730957877621265e+00 -2.246951903651197124e+00 1.826280494995931258e+00 -5.930511221174399050e-02 -8.241346384748581277e-01 -2.805834357050308869e-02 5.625813102899412943e-01
1403638566.777829409 -7.718353495697951594e+00 -2.166899132765596647e+00 1.777459695538256224e+00 -5.727880019310103987e-02 -8.293962312519340685e-01 -2.833866040618567353e-02 5.549936494770999484e-01
1403638566.827829599 -7.648549469558410863e+00 -2.116517606660654582e+00 1.735831338240442667e+00 -5.656481178750394356e-02 -8.337827926975903692e-01 -2.779294225515608133e-02 5.484835722513967671e-01
1403638566.877829313 -7.576958876334087378e+00 -2.043739432052994243e+00 1.688764123296566666e+00 -5.648601215561287886e-02 -8.373204430504475049e-01 -2.655962146069835300e-02 5.431375448156963159e-01
1403638566.927829504 -7.515843761463823824e+00 -1.980918312215893762e+00 1.643496292202604403e+00 -5.425180270562234702e-02 -8.398757179012401597e-01 -2.736326929764030733e-02 5.393670103708714247e-01
1403638566.977829456 -7.451375818794264916e+00 -1.906530007695074636e+00 1.595082232201469052e+00 -5.380064962264013290e-02 -8.411527509802512181e-01 -2.658596714548396023e-02 5.374576503962678053e-01
1403638567.027829409 -7.386531683638135171e+00 -1.834499937271124814e+00 1.549174189660557976e+00 -5.308394264794060596e-02 -8.395658531394736279e-01 -2.632678411054600875e-02 5.400168272503503841e-01
1403638567.077829361 -7.304799126379691643e+00 -1.745674560234450778e+00 1.496236254469231364e+00 -5.211008456795510058e-02 -8.329188733316050808e-01 -2.661496114695643261e-02 5.502929523240112086e-01
1403638567.127829552 -7.247903224827228819e+00 -1.680888236128832203e+00 1.454943723562543312e+00 -5.002426379286206010e-02 -8.270555663872458663e-01 -2.868921275348596325e-02 5.591543545492957401e-01
1403638567.177829266 -7.206288222726024983e+00 -1.636765150863048746e+00 1.410899117065103958e+00 -4.931386763892988551e-02 -8.207559431259449090e-01 -2.874573596331953321e-02 5.684201852026879997e-01
1403638567.227829456 -7.156163086994834721e+00 -1.574606279353954141e+00 1.369419103568477736e+00 -4.788572246288175932e-02 -8.160938524910317238e-01 -3.045450473908367303e-02 5.751263379916202734e-01
1403638567.277829409 -7.100657709487832925e+00 -1.517070082698475764e+00 1.324418657065493443e+00 -4.707551025821377078e-02 -8.123372219810657269e-01 -3.213593799020114661e-02 5.803959128108188148e-01
1403638567.327829599 -7.048057222900388830e+00 -1.466608322330752223e+00 1.280851402682167794e+00 -4.654256552762244675e-02 -8.105960719402737213e-01 -3.427292313492179276e-02 5.827462264904798017e-01
1403638567.377829313 -6.997542189912437038e+00 -1.407739437295732809e+00 1.234583417646815118e+00 -4.625730532095059105e-02 -8.105377061314632536e-01 -3.538443306143446154e-02 5.827836910385456592e-01
1403638567.427829504 -6.936845173599754055e+00 -1.336756757373076532e+00 1.187641596454242832e+00 -4.647448605147089934e-02 -8.102046741670241303e-01 -3.674629040862695956e-02 5.831451090812328486e-01
1403638567.477829456 -6.892953519060567302e+00 -1.287320183908940097e+00 1.147830567458855366e+00 -4.697643812993687606e-02 -8.114728335298952988e-01 -3.741203635375586756e-02 5.812963050282123900e-01
1403638567.527829409 -6.833332225020608774e+00 -1.216845592186283298e+00 1.096215832152505287e+00 -4.746747096997573634e-02 -8.126955064780798654e-01 -3.836865335629481566e-02 5.794831312382410227e-01
1403638567.577829361 -6.787148853312857888e+00 -1.159973269168788068e+00 1.050013504142753851e+00 -4.830138928609144927e-02 -8.146731596175708079e-01 -3.820797327302861285e-02 5.766409364328246578e-01
1403638567.627829552 -6.738996728016315885e+00 -1.106179972521150301e+00 1.015327997949359240e+00 -4.843087950871107633e-02 -8.165210055135825318e-01 -3.961479469816891336e-02 5.739151204717670707e-01
1403638567.677829266 -6.685082050584474800e+00 -1.039798338187174043e+00 9.751213945831054275e-01 -4.861490225335247939e-02 -8.180689085327844667e-01 -4.112212071256358265e-02 5.715844848830109459e-01
1403638567.727829456 -6.636575733347073403e+00 -9.897920045591718230e-01 9.448807082424183212e-01 -4.883520262316327215e-02 -8.196924468075169612e-01 -4.211994538053569909e-02 5.691619504434580756e-01
1403638567.777829409 -6.572541003452283093e+00 -9.256323852762644577e-01 9.089585482767007507e-01 -4.934034446010736319e-02 -8.215115894502954541e-01 -4.296473890257914569e-02 5.664258733660038070e-01
1403638567.827829599 -6.522446417071735780e+00 -8.852575724180409278e-01 8.737294864395944716e-01 -4.972048275870976503e-02 -8.235064061747556785e-01 -4.408025904326445810e-02 5.634021683895596988e-01
1403638567.877829313 -6.478007592526846103e+00 -8.431131808105073455e-01 8.462615990687298861e-01 -5.178639434079255338e-02 -8.245823461203947158e-01 -4.214113898542339032e-02 5.617884372544319493e-01
1403638567.927829504 -6.423804654412215598e+00 -7.863825888929816266e-01 8.095222410398924540e-01 -5.257512425292244079e-02 -8.246344515214456550e-01 -4.155009687037072852e-02 5.616827103657162645e-01
1403638567.977829456 -6.381604128872018222e+00 -7.499614395843657855e-01 7.855062073566388969e-01 -5.315796403942975312e-02 -8.250308936042458630e-01 -4.223815846853437583e-02 5.609939335028046870e-01
1403638568.027829409 -6.341198408678442533e+00 -6.977358236452984031e-01 7.687863175650002656e-01 -5.278766417518343523e-02 -8.253143066161796604e-01 -4.246768736074939959e-02 5.605945534303846678e-01
1403638568.077829361 -6.295269798767315628e+00 -6.471751102377055753e-01 7.439491014778250033e-01 -5.105892276021004039e-02 -8.249092332523167981e-01 -4.505365977025516111e-02 5.611487423517474982e-01
1403638568.127829552 -6.251461814289730690e+00 -6.034373704173487951e-01 7.271224787389681810e-01 -5.143876002161433536e-02 -8.243403389709732521e-01 -4.508711362584252869e-02 5.619468050425679984e-01
1403638568.177829266 -6.202445461434657581e+00 -5.366295817314081784e-01 7.033301486333665142e-01 -4.974684122815831167e-02 -8.240634564355305836e-01 -4.678785160297329465e-02 5.623660449366810754e-01
1403638568.227829456 -6.155194473240263697e+00 -4.921269471029799392e-01 6.855111345068427564e-01 -5.028200903747285372e-02 -8.234560349366206733e-01 -4.722487414249375987e-02 5.631711013145475064e-01
1403638568.277829409 -6.111768043328014599e+00 -4.473582244229167837e-01 6.709161507009977488e-01 -5.045901306349853677e-02 -8.238211599473623803e-01 -4.788914745171694853e-02 5.625648531324971557e-01
1403638568.327829599 -6.066859748432229971e+00 -3.985028403670979325e-01 6.553053780725325295e-01 -5.038211149385674048e-02 -8.236259368215927967e-01 -4.792420386759993489e-02 5.628545369096985551e-01
1403638568.377829313 -6.032077554890253879e+00 -3.718906942858230535e-01 6.436892168032641859e-01 -5.111049348134930753e-02 -8.243158037090020374e-01 -4.791027162529333527e-02 5.617791194806599497e-01
1403638568.427829504 -5.987607638407856925e+00 -3.350609332025880627e-01 6.252315822645638788e-01 -5.144410069019567794e-02 -8.249046236485344519e-01 -4.823730170951544272e-02 5.608556223407519248e-01
1403638568.477829456 -5.956949349612957079e+00 -3.140678862188219234e-01 6.111557059777640299e-01 -5.147142047494856348e-02 -8.250453669060084927e-01 -4.875477339698756907e-02 5.606012910190535381e-01
1403638568.527829409 -5.930059563091738539e+00 -2.966351935933263517e-01 5.940959526226968768e-01 -5.119688434532914528e-02 -8.254386270026268235e-01 -4.951642543589035439e-02 5.599804243876754795e-01
1403638568.577829361 -5.899006856829098311e+00 -2.634045704700179735e-01 5.774109139372366473e-01 -5.075976078247884660e-02 -8.262665838031774124e-01 -4.997831131900749846e-02 5.587567874963423886e-01
1403638568.627829552 -5.859072042023856675e+00 -2.135809070000300736e-01 5.554931643669841490e-01 -5.052021779992717232e-02 -8.271297220991299382e-01 -4.978594978044664776e-02 5.575172549958635759e-01
1403638568.677829266 -5.819170898970044803e+00 -1.652763972403827608e-01 5.256765397011153862e-01 -4.916570905813765630e-02 -8.279188041048364255e-01 -5.120776746188621803e-02 5.563370843418562472e-01
1403638568.727829456 -5.783157531787800565e+00 -1.311731492956089984e-01 5.050904216176728134e-01 -4.915919358781167814e-02 -8.282973182005163304e-01 -5.193541915676577747e-02 5.557064320166178462e-01
1403638568.777829409 -5.743615622984826530e+00 -9.472722792446156004e-02 4.858478506922471740e-01 -4.991770429656501584e-02 -8.292248573607101658e-01 -5.137916265481448641e-02 5.543054576474607531e-01
1403638568.827829599 -5.722108196816227732e+00 -7.880217430503375087e-02 4.710118862299106368e-01 -5.081864028315133397e-02 -8.281203291843933778e-01 -5.006268775943004123e-02 5.559927279071240624e-01
1403638568.877829313 -5.688623907172348559e+00 -5.457112775171339691e-02 4.572631181183880456e-01 -5.200622495917885807e-02 -8.283238348878606550e-01 -4.930771170525936886e-02 5.556471242511336062e-01
1403638568.927829504 -5.664150653866382612e+00 -2.427134970087637192e-02 4.482289216686327071e-01 -5.035750059805905315e-02 -8.281445940584343246e-01 -5.100317164593257124e-02 5.559130597021113562e-01
1403638568.977829456 -5.646641922602586128e+00 -4.766360074504248125e-03 4.396157562149530240e-01 -5.010285670857528295e-02 -8.278550552577556010e-01 -5.099284073412752027e-02 5.563680808850219872e-01
1403638569.027829409 -5.617261248858437916e+00 2.113434556946234416e-02 4.298018388314457927e-01 -5.047723872102115317e-02 -8.272207095170959201e-01 -5.087561969116654453e-02 5.572877330770644733e-01
1403638569.077829361 -5.594962744336185345e+00 4.099719791194472024e-02 4.233591145309832382e-01 -4.959454242736854868e-02 -8.275882717038377523e-01 -5.257227511330273689e-02 5.566634439130041523e-01
1403638569.127829552 -5.576987208041677135e+00 5.781355527647265985e-02 4.167985216939302240e-01 -4.961928994353125705e-02 -8.272308240901472542e-01 -5.240721815127424854e-02 5.572078366518911086e-01
1403638569.177829266 -5.562534648009116012e+00 8.039490903009251233e-02 4.173007899965628931e-01 -4.964385966447112941e-02 -8.284790012003604431e-01 -5.279437249889823436e-02 5.553114315410001556e-01
1403638569.227829456 -5.533305220948789405e+00 1.069142279353995223e-01 4.161841339340176527e-01 -4.917352560648085430e-02 -8.292160065490908893e-01 -5.452649630274996467e-02 5.540845062471546623e-01
1403638569.277829409 -5.518594429701860093e+00 1.182558837176239108e-01 4.178712687530426462e-01 -4.910058797254118063e-02 -8.302030863831254548e-01 -5.544365629474675566e-02 5.525196544896420203e-01
1403638569.327829599 -5.490003139782816177e+00 1.461153074936971941e-01 4.109913615330840209e-01 -4.914371661874775837e-02 -8.303452832327407052e-01 -5.604381732999230703e-02 5.522415198707160133e-01
1403638569.377829313 -5.471100486707576316e+00 1.404124150752416311e-01 4.094372570789802102e-01 -4.921803307600534916e-02 -8.302612246170433252e-01 -5.718776408880223844e-02 5.522440074424170842e-01
1403638569.427829504 -5.459293059576711293e+00 1.444008907862013302e-01 4.043250346194225964e-01 -4.908780542709196421e-02 -8.295482625561289014e-01 -5.816740553027548166e-02 5.532238429264745294e-01
1403638569.477829456 -5.453628462231539409e+00 1.541911496173621055e-01 3.974443656274112002e-01 -4.873298805281032348e-02 -8.290301560153157112e-01 -5.819442548517828051e-02 5.540284335078085043e-01
1403638569.527829409 -5.454187987966936824e+00 1.627688273725465540e-01 3.892294150031710420e-01 -4.832557129621261466e-02 -8.284024227745582225e-01 -5.829199482264340454e-02 5.549919895275369219e-01
1403638569.577829361 -5.454582550680998843e+00 1.754542604402204720e-01 3.812149198775829917e-01 -4.797266152041964465e-02 -8.277498159796778943e-01 -5.835982684941889986e-02 5.559883060841861457e-01
1403638569.627829552 -5.448278711713957279e+00 1.810321443078792558e-01 3.826273260779320395e-01 -4.881321157433000935e-02 -8.273082312425910079e-01 -5.717510160154932325e-02 5.566950409792671417e-01
1403638569.677829266 -5.437638114470860984e+00 1.893934802172341225e-01 3.761845826044895591e-01 -4.911837266809738339e-02 -8.268437265048468321e-01 -5.746717113171314478e-02 5.573278762525113450e-01
1403638569.727829456 -5.431248135797979160e+00 1.918427649731095641e-01 3.667539400893336521e-01 -4.861670853144891419e-02 -8.261012901091223659e-01 -5.857873617216793893e-02 5.583561639313060487e-01
1403638569.777829409 -5.416067971639857426e+00 2.072272770881427584e-01 3.621995420071380534e-01 -4.843790435922860904e-02 -8.258495492792179427e-01 -5.876107663186860147e-02 5.587248224749484793e-01
1403638569.827829599 -5.411084010058969440e+00 2.151100461882397841e-01 3.635198543640277835e-01 -4.820582230016396547e-02 -8.256151917624257042e-01 -5.859565401464858492e-02 5.591084896136470084e-01
1403638569.877829313 -5.411164058923391806e+00 2.144015109007058051e-01 3.679249168527128910e-01 -4.730228557812715673e-02 -8.247100252405379361e-01 -5.980521037236156967e-02 5.603920099886813277e-01
1403638569.927829504 -5.408980216823949583e+00 2.179357250528151102e-01 3.778713636078390725e-01 -4.757448639597478685e-02 -8.241233429600511862e-01 -5.958011910662806832e-02 5.612553725709441554e-01
1403638569.977829456 -5.414563900064257140e+00 2.230308127822940301e-01 3.781813002346238739e-01 -4.773861360156037709e-02 -8.233734138221179277e-01 -5.821119725854340121e-02 5.624844021802198890e-01
1403638570.027829409 -5.410064392397749167e+00 2.298909490320722449e-01 3.789954980193552259e-01 -4.809690150867654279e-02 -8.228656165515187970e-01 -5.738606026691003836e-02 5.632811955405543358e-01
1403638570.077829361 -5.398919226210614930e+00 2.344716259143676262e-01 3.748257381723770210e-01 -4.945947374557040088e-02 -8.228622646731693635e-01 -5.658087654930281374e-02 5.632495523679241778e-01
1403638570.127829552 -5.400024840768012702e+00 2.294328422870406392e-01 3.646630832181542159e-01 -5.059880514868365237e-02 -8.226662014844530191e-01 -5.428374539805815024e-02 5.636606752632525863e-01
1403638570.177829266 -5.408463271682173001e+00 2.147874030428831849e-01 3.650204147451358017e-01 -5.206711429748615838e-02 -8.226427712676119830e-01 -5.192399698689747350e-02 5.637834557937829727e-01
1403638570.227829456 -5.412535962702354375e+00 2.020927095152402764e-01 3.617207737820642977e-01 -5.397416241121311825e-02 -8.221259350885081751e-01 -4.878477920586976602e-02 5.646377440135298409e-01
1403638570.277829409 -5.414871599275384639e+00 1.933549611777183319e-01 3.535486733695184514e-01 -5.675625237368110004e-02 -8.218494307825526812e-01 -4.443848170778774698e-02 5.651260587536164337e-01
1403638570.327829599 -5.422743684775852557e+00 1.811617072430296016e-01 3.498238565527669319e-01 -6.027175768545897649e-02 -8.215289285493070359e-01 -4.008821113393159358e-02 5.655532425070289859e-01
1403638570.377829313 -5.415802747250348048e+00 1.869366344887031794e-01 3.405142347484014786e-01 -6.418147029064082132e-02 -8.214098387518712352e-01 -3.811116165000498490e-02 5.654327148570764683e-01
1403638570.427829504 -5.421019104878831207e+00 1.829718884475243501e-01 3.298066855279341847e-01 -7.026642052146279960e-02 -8.208804392033681729e-01 -3.614281493862852440e-02 5.656073121952176486e-01
1403638570.477829456 -5.417993665630211453e+00 1.876403355759581615e-01 3.140711477051769118e-01 -7.942403314234529332e-02 -8.202902952823427629e-01 -3.385666262654764974e-02 5.653931205991127307e-01
1403638570.527829409 -5.419149421989755133e+00 1.797990906107856390e-01 3.041854719927717388e-01 -9.245382559144345314e-02 -8.189769800706269143e-01 -3.002971633354667089e-02 5.655326802094019500e-01
1403638570.577829361 -5.427147403331439079e+00 1.776901301632287100e-01 2.895679585850167714e-01 -1.064209465093667456e-01 -8.169315962376992868e-01 -2.669086931070925595e-02 5.662022136198462396e-01
1403638570.627829552 -5.434629682746839663e+00 1.747515363407451117e-01 2.722335122464914492e-01 -1.212593752663961577e-01 -8.143483961706016183e-01 -2.548947383045564383e-02 5.669948326821143691e-01
1403638570.677829266 -5.445932243298917896e+00 1.578570774992938130e-01 2.575573723995885356e-01 -1.357903341440415412e-01 -8.106387375179926469e-01 -2.734294542368774505e-02 5.689272235741946737e-01
1403638570.727829456 -5.441479805854749330e+00 1.762504781699979484e-01 2.278141283480886181e-01 -1.485556015596479207e-01 -8.050964202408118497e-01 -3.111343650619888268e-02 5.733959726310047245e-01
1403638570.777829409 -5.440049278766366569e+00 1.720167220282718124e-01 2.083068632001953135e-01 -1.629967332293589810e-01 -7.980995657029830159e-01 -3.483536728136105154e-02 5.790126469841914147e-01
1403638570.827829599 -5.435983590032901880e+00 1.785088206987958670e-01 1.913055746351306485e-01 -1.754450111641265020e-01 -7.913796369474362935e-01 -4.126667971244248057e-02 5.841527021490822147e-01
1403638570.877829313 -5.429524282030041782e+00 2.062101465255168076e-01 1.706920334445622967e-01 -1.868102916981326522e-01 -7.856135944099685853e-01 -4.771664060521367545e-02 5.879084260352634983e-01
1403638570.927829504 -5.410256157663757115e+00 2.282510474755493901e-01 1.532724275579648576e-01 -1.982107037527921223e-01 -7.811103002292515418e-01 -5.568959121956013059e-02 5.894725483204369398e-01
1403638570.977829456 -5.402927572390678890e+00 2.495443730859935871e-01 1.271660705147716341e-01 -2.084710449129488774e-01 -7.768103158008886622e-01 -6.379685078312813395e-02 5.907922803561183045e-01
1403638571.027829409 -5.387503547724035613e+00 2.790067523564001006e-01 1.044028073031242621e-01 -2.188585678741369889e-01 -7.737075185429820312e-01 -7.097489264876306880e-02 5.902882072611983499e-01
1403638571.077829361 -5.392642497058936613e+00 2.868118175864568520e-01 8.689647804969978517e-02 -2.270154320855026775e-01 -7.734759493532720187e-01 -8.039484508955781206e-02 5.862897050521297393e-01
1403638571.127829552 -5.391056086841690131e+00 3.007467943140290645e-01 6.920871952797674753e-02 -2.342412596165568961e-01 -7.742429824021376250e-01 -9.012726056762063176e-02 5.809956225281464048e-01
1403638571.177829266 -5.377275794626642735e+00 3.186758273769481620e-01 5.114933406689795709e-02 -2.392870149433724836e-01 -7.754436759069878171e-01 -1.009840927667007143e-01 5.755267526218352803e-01
1403638571.227829456 -5.351495990326682772e+00 3.472426852332256009e-01 3.569292770057178737e-02 -2.430740385236432322e-01 -7.762877580818315915e-01 -1.114965126798886097e-01 5.708422339914188681e-01
1403638571.277829409 -5.312700006363015426e+00 3.843153637647183651e-01 1.308030136716784031e-02 -2.463388290534795633e-01 -7.762385177280569648e-01 -1.215260252704845473e-01 5.674525267173168297e-01
1403638571.327829599 -5.295309578960172736e+00 4.076492556499287101e-01 3.539062113525216074e-03 -2.484512669764455117e-01 -7.763460901229469746e-01 -1.296972119784788879e-01 5.645682859438897472e-01
1403638571.377829313 -5.280527318726004005e+00 4.213545802276236207e-01 2.054827316176257006e-03 -2.518997512018101292e-01 -7.754601942075020071e-01 -1.340848738912244487e-01 5.632310796979369538e-01
1403638571.427829504 -5.250639429294859717e+00 4.553248074869462592e-01 -8.245925756445360646e-03 -2.546759444380979343e-01 -7.739305095440538462e-01 -1.378758807721165158e-01 5.631713515642972068e-01
1403638571.477829456 -5.227211237657360066e+00 4.714064129040780871e-01 -1.033424250793586220e-02 -2.569198644341467164e-01 -7.721867591385711549e-01 -1.407908493373635495e-01 5.638242004499930404e-01
1403638571.527829409 -5.200355581710753405e+00 5.000681601877317028e-01 -1.620631138408654137e-02 -2.583502399976589925e-01 -7.705685401871464890e-01 -1.444740599756477173e-01 5.644524110685994467e-01
1403638571.577829361 -5.166083593685860897e+00 5.396942158729354233e-01 -2.106264928390944383e-02 -2.612659180847387019e-01 -7.696404355613545301e-01 -1.477659408890973358e-01 5.635236877979726833e-01
1403638571.627829552 -5.131984335510632711e+00 5.801221172107403623e-01 -2.858779182162841936e-02 -2.652837038565534211e-01 -7.691208846157872037e-01 -1.506745931179427622e-01 5.615823967190568533e-01
1403638571.677829266 -5.109121089539224947e+00 6.139932833503244369e-01 -3.016567306464796802e-02 -2.702837031999920092e-01 -7.691137536496174265e-01 -1.534489207828269031e-01 5.584480123002319996e-01
1403638571.727829456 -5.079515829120011539e+00 6.523746478564792506e-01 -3.871504270497791445e-02 -2.762559738768673445e-01 -7.686562182006653199e-01 -1.568593890494302256e-01 5.551985115126248926e-01
1403638571.777829409 -5.047005944933511401e+00 6.872194577975296870e-01 -4.744467418804360764e-02 -2.835549558316125540e-01 -7.679634418086886960e-01 -1.609158700231698436e-01 5.513028404093084367e-01
1403638571.827829599 -5.008786689043502882e+00 7.310062282069518247e-01 -6.208308654160218931e-02 -2.916589234767745786e-01 -7.668493773467408570e-01 -1.645309676071663729e-01 5.475460396327733736e-01
1403638571.877829313 -4.959759382125077387e+00 7.987676416858122685e-01 -8.229621203416145891e-02 -3.008507400564183198e-01 -7.648399400490571987e-01 -1.672574322009720560e-01 5.445490333172923192e-01
1403638571.927829504 -4.928729570060550458e+00 8.352218943027920339e-01 -8.170591500377392957e-02 -3.106050421116482441e-01 -7.619654326256413146e-01 -1.709953482955841597e-01 5.419352158327714886e-01
1403638571.977829456 -4.885855889395299911e+00 8.834794116017798959e-01 -8.675107098570081221e-02 -3.205796383691895124e-01 -7.584666580189208807e-01 -1.748777284734771287e-01 5.397914451162093563e-01
1403638572.027829409 -4.858744082299974565e+00 9.104710951136445463e-01 -8.670187756754527131e-02 -3.301010468978111123e-01 -7.548423186276818075e-01 -1.798720209969694173e-01 5.374871430166680009e-01
1403638572.077829361 -4.820204713138467767e+00 9.508934797046264542e-01 -8.902107462318696596e-02 -3.400948454790348463e-01 -7.508419493510782861e-01 -1.838453459058897732e-01 5.355116730399144265e-01
1403638572.127829552 -4.788116660850805673e+00 9.853794670982378712e-01 -9.417361074847283020e-02 -3.484179223286529292e-01 -7.468543227677120200e-01 -1.904761023730109082e-01 5.334158100283057369e-01
1403638572.177829266 -4.763351313478259463e+00 1.016672928414830146e+00 -9.542583037740731688e-02 -3.552941091996285605e-01 -7.433087315453538180e-01 -1.990647103808062535e-01 5.306896142355579382e-01
1403638572.227829456 -4.726794067918780762e+00 1.067542351131465006e+00 -9.076019562820714093e-02 -3.629148240749786591e-01 -7.406762794434310626e-01 -2.062982641136238970e-01 5.264337619873645790e-01
1403638572.277829409 -4.688703540447054507e+00 1.108152740576367368e+00 -9.180536890462846766e-02 -3.717962624073796740e-01 -7.382818091441615271e-01 -2.128654306663818052e-01 5.209566373259318928e-01
1403638572.327829599 -4.642491386733103909e+00 1.161850701705104294e+00 -9.876464250783238696e-02 -3.809247742715896057e-01 -7.355411353858249957e-01 -2.194609109140039926e-01 5.154730478718219100e-01
1403638572.377829313 -4.599653188944801130e+00 1.209680541733774373e+00 -9.755700730345580329e-02 -3.898906530465611753e-01 -7.325372699587552328e-01 -2.260031285990540539e-01 5.101931130971286699e-01
1403638572.427829504 -4.567329160721464554e+00 1.248526809322940245e+00 -9.220417936042900331e-02 -3.972058470748684456e-01 -7.301303172067771241e-01 -2.327775938141471157e-01 5.049275460530583404e-01
1403638572.477829456 -4.522923112377987387e+00 1.301659438171871352e+00 -9.544952357675749732e-02 -4.024788484517397014e-01 -7.281087746998351484e-01 -2.394591512803565247e-01 5.005274254445583049e-01
1403638572.527829409 -4.479199998294426166e+00 1.351694925029963912e+00 -9.938321524273414920e-02 -4.074237649869240641e-01 -7.262040452984671601e-01 -2.449803233032203931e-01 4.966066869367257719e-01
1403638572.577829361 -4.429221053799448526e+00 1.417105929693228239e+00 -1.062046159301388709e-01 -4.108291458837556864e-01 -7.239590085822084076e-01 -2.501328255502562881e-01 4.945061540237237208e-01
1403638572.627829552 -4.382716896301269927e+00 1.476593872412110375e+00 -1.125417200692984537e-01 -4.137348050151985479e-01 -7.227562549326741470e-01 -2.531242161239359856e-01 4.923159943434440300e-01
1403638572.677829266 -4.342491290583700980e+00 1.532127316638472125e+00 -1.144811606484475996e-01 -4.158037585089631172e-01 -7.218266739527603448e-01 -2.557965434214303224e-01 4.905523576069774072e-01
1403638572.727829456 -4.310449249943642869e+00 1.580921750761758338e+00 -1.105038069856612432e-01 -4.157711870111644448e-01 -7.224560781360992445e-01 -2.599449345650641230e-01 4.874629895792073064e-01
1403638572.777829409 -4.277471060441063067e+00 1.629000409203862132e+00 -1.012579004896536905e-01 -4.150655706834422420e-01 -7.235005295082725940e-01 -2.634354591717632532e-01 4.846331753867452186e-01
1403638572.827829599 -4.241431083068958330e+00 1.684987457379525599e+00 -9.566501046042712175e-02 -4.146310130469257893e-01 -7.248998815963618725e-01 -2.654304810955531724e-01 4.818173350831660984e-01
1403638572.877829313 -4.199725158500529965e+00 1.749648975686765695e+00 -9.472528720810070857e-02 -4.141037861565294853e-01 -7.260384189411230871e-01 -2.667165297758548048e-01 4.798422253789544345e-01
1403638572.927829504 -4.170921463980865163e+00 1.800245973366942254e+00 -8.779402242820377733e-02 -4.140881262154278986e-01 -7.266662222687463313e-01 -2.666632558201031400e-01 4.789341636764778420e-01
1403638572.977829456 -4.135398915603088810e+00 1.864014686218688377e+00 -8.022827642229002354e-02 -4.130424297636781650e-01 -7.282526453667709232e-01 -2.671499123046315316e-01 4.771529734653709443e-01
1403638573.027829409 -4.096028220987437685e+00 1.928016074151122750e+00 -7.174283209645160309e-02 -4.128138270883952021e-01 -7.292899794026609372e-01 -2.667724115945455110e-01 4.759762079343141661e-01
1403638573.077829361 -4.064089767180102619e+00 1.984949102170196600e+00 -6.517233580844532248e-02 -4.118673573821037270e-01 -7.302715202461956823e-01 -2.663873318587006156e-01 4.755066519677670911e-01
1403638573.127829552 -4.031562462170802164e+00 2.045165986226230803e+00 -6.162320280575196013e-02 -4.111748442591796615e-01 -7.313160555207163238e-01 -2.654041407689118337e-01 4.750502251854804570e-01
1403638573.177829266 -4.003786952322355930e+00 2.094542584002586860e+00 -5.096558572929626996e-02 -4.106885047399818078e-01 -7.317034934862771678e-01 -2.647383958017459071e-01 4.752457590370836593e-01
1403638573.227829456 -3.973991715934525271e+00 2.164641026639229082e+00 -4.459585900344803511e-02 -4.092886684586465318e-01 -7.323763322711231982e-01 -2.641474688741736743e-01 4.757455291306615375e-01
1403638573.277829409 -3.952629689155461090e+00 2.214770163895251276e+00 -3.582661934470400544e-02 -4.088277560473403960e-01 -7.334310090017112094e-01 -2.636259814265323742e-01 4.748053947007402908e-01
1403638573.327829599 -3.920243844306120717e+00 2.285659933957061352e+00 -3.172295699238213140e-02 -4.076499761629296947e-01 -7.335457415208174181e-01 -2.632306558205335656e-01 4.758589747680808668e-01
1403638573.377829313 -3.894015390708902125e+00 2.348661477368118700e+00 -2.355243070316013002e-02 -4.079232424399626411e-01 -7.341534004142189485e-01 -2.630270106961507537e-01 4.747991202411331324e-01
1403638573.427829504 -3.872341425673348603e+00 2.409535441376331466e+00 -1.830968813078116125e-02 -4.080879168909267163e-01 -7.345317410290291837e-01 -2.643337835809357883e-01 4.733445091751613543e-01
1403638573.477829456 -3.854998073207242193e+00 2.467206618177639310e+00 -1.053640710021123972e-02 -4.079775047085724693e-01 -7.343360042761447604e-01 -2.661999916099515584e-01 4.726971048593111013e-01
1403638573.527829409 -3.840511177554061018e+00 2.525738192679595429e+00 -7.872458661766831151e-04 -4.081111296212009965e-01 -7.344740974367452990e-01 -2.673464017252356051e-01 4.717192041441123918e-01
1403638573.577829361 -3.827738254731487988e+00 2.581847208170255925e+00 9.727262052948437709e-03 -4.085519553994892972e-01 -7.341232959650877410e-01 -2.680282204076412933e-01 4.714967222852380901e-01
1403638573.627829552 -3.814279473401051224e+00 2.646561645629796011e+00 2.151846405683766755e-02 -4.087477116021818735e-01 -7.339557811766992401e-01 -2.689297816216013604e-01 4.710742957265221520e-01
1403638573.677829266 -3.800341899320370143e+00 2.713681763747776809e+00 3.938209819575132220e-02 -4.089920297332277910e-01 -7.346399362968073499e-01 -2.710296392418793388e-01 4.685857640442506189e-01
1403638573.727829456 -3.785670034925359584e+00 2.776189498414226797e+00 5.294798642979123976e-02 -4.108279444505156808e-01 -7.332130835902243016e-01 -2.734692076427360230e-01 4.677965012502049436e-01
1403638573.777829409 -3.768734318412336304e+00 2.853903405229337498e+00 6.474907090788942221e-02 -4.124320197466991300e-01 -7.306699695984522069e-01 -2.780848680696958453e-01 4.676430591437395479e-01
1403638573.827829599 -3.757552033339690567e+00 2.923148762889416385e+00 7.886229632571932491e-02 -4.148428430527517086e-01 -7.258831835630574769e-01 -2.843225954029516833e-01 4.692117657642441708e-01
1403638573.877829313 -3.734648609142551923e+00 3.002262199064509307e+00 9.191542129529529925e-02 -4.182595414970749492e-01 -7.199464448785806159e-01 -2.918723510750279027e-01 4.706873730314903304e-01
1403638573.927829504 -3.729985320218181410e+00 3.058330706842470992e+00 1.126837815807973098e-01 -4.236880562974133513e-01 -7.127435339209463594e-01 -2.991987654127244434e-01 4.721918938104530117e-01
1403638573.977829456 -3.714632769807476365e+00 3.131454199841227748e+00 1.232535344874412242e-01 -4.316431864108061234e-01 -7.037173607216301585e-01 -3.043791448488811224e-01 4.752045580854346585e-01
1403638574.027829409 -3.706277463071915967e+00 3.195176897593171805e+00 1.309750817171130011e-01 -4.417778737862122496e-01 -6.932823096918701022e-01 -3.079731886470105096e-01 4.788992215235188810e-01
1403638574.077829361 -3.702603337863706656e+00 3.253345828574198073e+00 1.413638159657738813e-01 -4.527862483249608938e-01 -6.824165205813575996e-01 -3.106783114451139860e-01 4.824637733167673193e-01
1403638574.127829552 -3.695877588053788632e+00 3.294842234743411424e+00 1.552280269716170003e-01 -4.642082617739350936e-01 -6.705868433091228820e-01 -3.149502942319725163e-01 4.854176422882892084e-01
1403638574.177829266 -3.691939566628016589e+00 3.361897092139006560e+00 1.586537298577719302e-01 -4.762314190024174998e-01 -6.590852894137719797e-01 -3.175705860160537020e-01 4.878105572153276781e-01
1403638574.227829456 -3.687240767183322276e+00 3.429192500400405130e+00 1.631217822411164253e-01 -4.869168738681879383e-01 -6.488287365329538092e-01 -3.221101969716830826e-01 4.880350905399585826e-01
1403638574.277829409 -3.675606492117185820e+00 3.501903396660641210e+00 1.642321719748708608e-01 -4.977539532837998992e-01 -6.398719847462296384e-01 -3.267106081309518739e-01 4.858652319954303023e-01
1403638574.327829599 -3.667360155531666166e+00 3.558979865353369298e+00 1.714607109530332241e-01 -5.076766862387934731e-01 -6.324255286481996752e-01 -3.325820938535961058e-01 4.813434156728445545e-01
1403638574.377829313 -3.652055998244666757e+00 3.627452076839029704e+00 1.701962999666701837e-01 -5.170494900837108165e-01 -6.259596285735011811e-01 -3.387871911192997243e-01 4.754551580683443190e-01
1403638574.427829504 -3.640066426655360399e+00 3.684021242714513367e+00 1.727930490836169786e-01 -5.255158833084992986e-01 -6.199655549852831626e-01 -3.458653801092461122e-01 4.688847468879366875e-01
1403638574.477829456 -3.627581588049487493e+00 3.744216069350074783e+00 1.719142858803099638e-01 -5.345320129852378921e-01 -6.139646351506450328e-01 -3.513927293494273352e-01 4.624349723351866004e-01
1403638574.527829409 -3.609858731576048196e+00 3.801138054156642632e+00 1.752244051255257007e-01 -5.421644869976793846e-01 -6.081668120579013515e-01 -3.570093029401473772e-01 4.568754265268190062e-01
1403638574.577829361 -3.596550770871870473e+00 3.852422458545035511e+00 1.730040729282455170e-01 -5.485212572501697581e-01 -6.025448533401234208e-01 -3.617213029580934602e-01 4.530141598717655760e-01
1403638574.627829552 -3.567567562340666854e+00 3.924842154662848248e+00 1.766158286198676319e-01 -5.527921006571610008e-01 -5.978130770854869214e-01 -3.675113091498043993e-01 4.494172403942930383e-01
1403638574.677829266 -3.552157011240473672e+00 3.987602764711195569e+00 1.748081268517547582e-01 -5.551440724802396698e-01 -5.960699336087446065e-01 -3.730345489691409000e-01 4.442532141843331672e-01
1403638574.727829456 -3.533069840959606189e+00 4.042496640036837618e+00 1.848093909517723454e-01 -5.565702741041543833e-01 -5.949024686392367922e-01 -3.792364350652919214e-01 4.387485716324752150e-01
1403638574.777829409 -3.514347249690264796e+00 4.096543000944712354e+00 1.925850218294116178e-01 -5.576659984406948656e-01 -5.956702325465367265e-01 -3.837558536921859553e-01 4.323390486621344064e-01
1403638574.827829599 -3.487449078467574015e+00 4.157074745880566802e+00 2.009954964718321524e-01 -5.595760133904680300e-01 -5.965406859255999450e-01 -3.854479059485896864e-01 4.271344133563725332e-01
1403638574.877829313 -3.461985509226270796e+00 4.210524380159323066e+00 2.137358613962369036e-01 -5.624724697130207840e-01 -5.971149447779916519e-01 -3.851506490221695000e-01 4.227735103994957333e-01
1403638574.927829504 -3.438085320869103789e+00 4.272639085529399416e+00 2.210330629130657087e-01 -5.643853896241500800e-01 -5.984994473862069730e-01 -3.840550691759880286e-01 4.192484314787931488e-01
1403638574.977829456 -3.417336016262617626e+00 4.329857189179280752e+00 2.236784185842983774e-01 -5.656121385197272478e-01 -5.996717736316855563e-01 -3.829066095894345101e-01 4.169642682548397872e-01
1403638575.027829409 -3.394896600578784174e+00 4.388377191447475845e+00 2.267473262971836934e-01 -5.681255333986815481e-01 -5.992352699093344004e-01 -3.796852765108089112e-01 4.171205585895538248e-01
1403638575.077829361 -3.374012373478978422e+00 4.446491715194005323e+00 2.256227147029818969e-01 -5.709107542608962138e-01 -5.980742589411676136e-01 -3.753117707609048281e-01 4.189381412446733788e-01
1403638575.127829552 -3.352820874912696425e+00 4.495561620739529474e+00 2.301698044090314810e-01 -5.727004361272224342e-01 -5.963198733562029563e-01 -3.725238228955041198e-01 4.214769512979923971e-01
1403638575.177829266 -3.324634224921167558e+00 4.561455448319119199e+00 2.301971464943616263e-01 -5.742159593616323887e-01 -5.950458010415569099e-01 -3.695716092170118761e-01 4.238081551102577116e-01
1403638575.227829456 -3.299786796722139925e+00 4.625794232529833572e+00 2.282040353150782130e-01 -5.746439651176330488e-01 -5.941178073701743889e-01 -3.677015201201688233e-01 4.261501336628420455e-01
1403638575.277829409 -3.279773483900301212e+00 4.676888989884733228e+00 2.260593292632634699e-01 -5.750599972376939650e-01 -5.937609093089796231e-01 -3.658868423673884429e-01 4.276456485642977645e-01
1403638575.327829599 -3.266446346679482637e+00 4.711708474141841130e+00 2.239815281131218305e-01 -5.753155709040667087e-01 -5.945763319255882307e-01 -3.644554549972267021e-01 4.273911565673828572e-01
1403638575.377829313 -3.249135525823106274e+00 4.757536315165478591e+00 2.187932933268371405e-01 -5.751599801656454014e-01 -5.969922532286269234e-01 -3.628633104735772275e-01 4.255836753366109004e-01
1403638575.427829504 -3.219357419571481138e+00 4.813769414132732294e+00 2.178561923530351330e-01 -5.754479438997672780e-01 -5.992943047952731250e-01 -3.611706665305284836e-01 4.233931385123929636e-01
1403638575.477829456 -3.190546191877194460e+00 4.874518959363594028e+00 2.113976600118092075e-01 -5.742165857890597636e-01 -6.021212688380030986e-01 -3.609743586608886723e-01 4.212158622452727985e-01
1403638575.527829409 -3.159579463944782063e+00 4.939150382886308144e+00 2.087224533183442421e-01 -5.737212993666633842e-01 -6.040627287319987326e-01 -3.594156636430353990e-01 4.204431841972416373e-01
1403638575.577829361 -3.129728566068918472e+00 5.001899521592231501e+00 2.014190052967092248e-01 -5.718754301486782543e-01 -6.072468374743837938e-01 -3.599748451722188380e-01 4.178850100360869679e-01
1403638575.627829552 -3.099682937160964435e+00 5.067607346800453882e+00 2.011825546559278810e-01 -5.694166997770552241e-01 -6.110322113752527651e-01 -3.613949417507537065e-01 4.144851683158818911e-01
1403638575.677829266 -3.067428709871103720e+00 5.138641950921845059e+00 2.028092287737170429e-01 -5.667198575298411090e-01 -6.140496387821762214e-01 -3.631952653308929690e-01 4.121417758903577755e-01
1403638575.727829456 -3.041679213871304466e+00 5.192700075787570313e+00 2.064162240327688524e-01 -5.651907956004356137e-01 -6.174325743984918624e-01 -3.638417678471717043e-01 4.086019439626327188e-01
1403638575.777829409 -3.016856783910703665e+00 5.249786778826847744e+00 2.119241291459811050e-01 -5.638636070732154781e-01 -6.205737610575972063e-01 -3.646239075081731396e-01 4.049635116633127918e-01
1403638575.827829599 -2.991349337526154173e+00 5.291500646481728687e+00 2.238060491596622625e-01 -5.628710535142568139e-01 -6.234366982618829711e-01 -3.647827665043851253e-01 4.017914802947913921e-01
1403638575.877829313 -2.963960081872496044e+00 5.358363387446634540e+00 2.288522761812227801e-01 -5.620873280527404203e-01 -6.245938152368635254e-01 -3.647095527510957891e-01 4.011575049060975284e-01
1403638575.927829504 -2.933757037092085795e+00 5.432340732756671287e+00 2.381573434788273880e-01 -5.622812176357341318e-01 -6.247082893787716529e-01 -3.640891760980926595e-01 4.012710521875922920e-01
1403638575.977829456 -2.906881185298584303e+00 5.503184309264036678e+00 2.515654326828326570e-01 -5.616342277139833028e-01 -6.245464941288034755e-01 -3.645507441908759083e-01 4.020092360150654964e-01
1403638576.027829409 -2.882865817753218263e+00 5.573225943547910788e+00 2.673540915503540560e-01 -5.610129324893050606e-01 -6.251134636828021840e-01 -3.644030539417971726e-01 4.021294087481445123e-01
1403638576.077829361 -2.862974695576045114e+00 5.635836453979508498e+00 2.828710285596821583e-01 -5.601178541207320061e-01 -6.253464973699625062e-01 -3.652160934864453479e-01 4.022772088756781383e-01
1403638576.127829552 -2.841052397253534423e+00 5.707360603091596651e+00 2.988365992948192607e-01 -5.601726143970403582e-01 -6.249584468466069520e-01 -3.650683644401062078e-01 4.029375523324766895e-01
1403638576.177829266 -2.814655838367293050e+00 5.786994994679020010e+00 3.168787865164621187e-01 -5.596603163699755967e-01 -6.238243950653625802e-01 -3.657686929136283460e-01 4.047674859548986981e-01
1403638576.227829456 -2.797453409926323964e+00 5.851206479718111808e+00 3.335904968268175175e-01 -5.584011250853987418e-01 -6.241318146403389555e-01 -3.675365405957954912e-01 4.044311471486757292e-01
1403638576.277829409 -2.773683653082579692e+00 5.933722272265126385e+00 3.487378170570953340e-01 -5.568394727132253141e-01 -6.244420869782569827e-01 -3.699209796728111233e-01 4.039311209062800279e-01
1403638576.327829599 -2.754375276213469892e+00 6.008026029906325505e+00 3.634811098352163095e-01 -5.550737677387864721e-01 -6.253008317677003491e-01 -3.723826049971478702e-01 4.027693852000521213e-01
1403638576.377829313 -2.734573652113452269e+00 6.088305203419420053e+00 3.790652524600359174e-01 -5.537020122189469928e-01 -6.261772526400630756e-01 -3.746809993632760349e-01 4.011611629469739593e-01
1403638576.427829504 -2.715759722065775872e+00 6.173045621412861728e+00 3.913466595509282331e-01 -5.527224972753774779e-01 -6.276508749544862376e-01 -3.760577807004879536e-01 3.989144842559139148e-01
1403638576.477829456 -2.703608161337548665e+00 6.242429391671421079e+00 4.001324504364624501e-01 -5.509919959217964847e-01 -6.289416773913745207e-01 -3.786185878057886645e-01 3.968477690981639938e-01
1403638576.527829409 -2.690599951101656284e+00 6.315460969481406117e+00 4.075654134602627598e-01 -5.494350688422157125e-01 -6.315623968711410186e-01 -3.808472043786453876e-01 3.926900188465445307e-01
1403638576.577829361 -2.682358762424815524e+00 6.384823663734619181e+00 4.144971396171313049e-01 -5.484071826455314547e-01 -6.332378869670155508e-01 -3.823488912608553059e-01 3.899598259871578931e-01
1403638576.627829552 -2.676620458789090495e+00 6.453541651645680055e+00 4.208500987754202338e-01 -5.470454087147578193e-01 -6.345859661340679247e-01 -3.840505957875770537e-01 3.880040106300479685e-01
1403638576.677829266 -2.670691413013674076e+00 6.529420812089252735e+00 4.257744572127108995e-01 -5.459604957458608077e-01 -6.350028607767119748e-01 -3.853665370932964906e-01 3.875450115522669492e-01
1403638576.727829456 -2.664354126471389250e+00 6.611019413682203805e+00 4.306350401919181725e-01 -5.443875011431080768e-01 -6.340368845044628276e-01 -3.875066996123933127e-01 3.892017927021241830e-01
1403638576.777829409 -2.657836431712220282e+00 6.692382118780869860e+00 4.361533241960271479e-01 -5.422799371346872510e-01 -6.325634871897128919e-01 -3.906366369523920357e-01 3.914063391491186539e-01
1403638576.827829599 -2.650287771956659100e+00 6.780370861835604224e+00 4.408092272125884170e-01 -5.410435248810716580e-01 -6.298189190236845869e-01 -3.928416246246330679e-01 3.953169505427024943e-01
1403638576.877829313 -2.650103839071545675e+00 6.861192289291977886e+00 4.441561502633252223e-01 -5.403063418799947115e-01 -6.276976760087109586e-01 -3.936405148681850208e-01 3.988882418821491083e-01
1403638576.927829504 -2.652647700752511550e+00 6.937452529861250383e+00 4.470832547516266908e-01 -5.406617457557487683e-01 -6.246229389458444192e-01 -3.932029769391410801e-01 4.036365688898854720e-01
1403638576.977829456 -2.655640801579212340e+00 7.022358965840108880e+00 4.464135322814686835e-01 -5.416219134063110507e-01 -6.216601872471027024e-01 -3.916812018375862015e-01 4.083750122583991171e-01
1403638577.027829409 -2.661765705009455196e+00 7.094372159689673829e+00 4.459263935181364547e-01 -5.432488933418063715e-01 -6.200295350349652734e-01 -3.891648057803419603e-01 4.110897341325567833e-01
1403638577.077829361 -2.667520761973638521e+00 7.167875714057709402e+00 4.466966639215861345e-01 -5.448903238503698399e-01 -6.178276948691963089e-01 -3.872990843124334281e-01 4.139841708539168108e-01
1403638577.127829552 -2.674595612075701290e+00 7.245839364104728730e+00 4.456670238076784751e-01 -5.457665608755175590e-01 -6.162318559439979859e-01 -3.858745190321850593e-01 4.165309307981885922e-01
1403638577.177829266 -2.684285720475656056e+00 7.316624445164815249e+00 4.486757461528548818e-01 -5.468394135471620343e-01 -6.150904172352035237e-01 -3.843673632554212016e-01 4.182011053080731955e-01
1403638577.227829456 -2.688592280447961613e+00 7.407756491765032258e+00 4.532371307903784174e-01 -5.475792782621473620e-01 -6.146108250843291820e-01 -3.835664015386817671e-01 4.186732417025627040e-01
1403638577.277829409 -2.696877687563512982e+00 7.491377417822987717e+00 4.596078579405903364e-01 -5.465857663357079899e-01 -6.156473462899754168e-01 -3.847331363120707892e-01 4.173760401230472983e-01
1403638577.327829599 -2.712524842228123845e+00 7.557774891338619128e+00 4.693685042571024146e-01 -5.446179307628172817e-01 -6.172866499085489789e-01 -3.872169699156203793e-01 4.152246615335763447e-01
1403638577.377829313 -2.722946546390697442e+00 7.627417292913364122e+00 4.797596004994555408e-01 -5.417841408885045729e-01 -6.200591090324569787e-01 -3.911691772128482736e-01 4.110758090501118178e-01
1403638577.427829504 -2.738379454130233093e+00 7.687073829350612009e+00 4.903216007009285060e-01 -5.401969861189485078e-01 -6.218754551276827192e-01 -3.932930345223739632e-01 4.083855084279128245e-01
1403638577.477829456 -2.756428205909730700e+00 7.750518080032603230e+00 5.019465466690635758e-01 -5.386183375455066979e-01 -6.226343960010297662e-01 -3.955061577958177144e-01 4.071751153026635928e-01
1403638577.527829409 -2.766654977875764754e+00 7.835035155984408028e+00 5.131779764386831255e-01 -5.396636048615266468e-01 -6.225223596969011730e-01 -3.936922834993844544e-01 4.077198685106040998e-01
1403638577.577829361 -2.783048277801853931e+00 7.907786808954374358e+00 5.227986838817403337e-01 -5.404506718005314125e-01 -6.223854094759352362e-01 -3.926079012878214147e-01 4.079319909840354863e-01
1403638577.627829552 -2.798900880114082224e+00 7.987381148342522330e+00 5.316076320117529841e-01 -5.415813457043567869e-01 -6.214794919134345452e-01 -3.910176752932320587e-01 4.093385697980997384e-01
1403638577.677829266 -2.812949656662399711e+00 8.073860877510750100e+00 5.414079863174161567e-01 -5.427996182992493868e-01 -6.210238136778802875e-01 -3.897481616325358389e-01 4.096271081401099967e-01
1403638577.727829456 -2.833623032190972779e+00 8.134803225626296097e+00 5.450743383369617279e-01 -5.434058462786430788e-01 -6.208845175457823329e-01 -3.889386565127849194e-01 4.098038842814485938e-01
1403638577.777829409 -2.854866089112494620e+00 8.201745615001108547e+00 5.465978266202990987e-01 -5.444135346683888210e-01 -6.205245409703752379e-01 -3.869200656427919105e-01 4.109209901262698139e-01
1403638577.827829599 -2.876300962788532978e+00 8.265715802323480688e+00 5.477742241142166124e-01 -5.445527226258634057e-01 -6.206241432666604885e-01 -3.865513275601886733e-01 4.109331773375559105e-01
1403638577.877829313 -2.898929301563430538e+00 8.324766896490499946e+00 5.485132969792725355e-01 -5.442402418103837736e-01 -6.207898956540578439e-01 -3.863437525763507296e-01 4.112918300832421048e-01
1403638577.927829504 -2.917485757034769200e+00 8.402182520920689512e+00 5.503859983239201004e-01 -5.440275637497037353e-01 -6.208973929636764089e-01 -3.862095500792588343e-01 4.115369007987600414e-01
1403638577.977829456 -2.940894374920147047e+00 8.479608516510021232e+00 5.527046562413227004e-01 -5.429983747916826697e-01 -6.213783308785880699e-01 -3.869688627168479944e-01 4.114569651564555230e-01
1403638578.027829409 -2.963585843133810016e+00 8.552571565786237784e+00 5.552015473869638118e-01 -5.427271481720848945e-01 -6.211271836698147863e-01 -3.871934372783948919e-01 4.119824103914409563e-01
1403638578.077829361 -2.991999295590217933e+00 8.619047267015593761e+00 5.591402903384351530e-01 -5.429807705500353521e-01 -6.205380671271520931e-01 -3.862917100542465620e-01 4.133800972499208637e-01
1403638578.127829552 -3.019221594201705994e+00 8.692339685665585236e+00 5.617561942652904428e-01 -5.434723702563917236e-01 -6.195230675342866533e-01 -3.850372706709930259e-01 4.154217757352635654e-01
1403638578.177829266 -3.044465611997035914e+00 8.766367584974862126e+00 5.686547290614164529e-01 -5.455535016389283509e-01 -6.171630865445111302e-01 -3.819397428901362690e-01 4.190502765270210372e-01
1403638578.227829456 -3.069791395965793868e+00 8.845852652810584971e+00 5.783793460804490527e-01 -5.485118770063482918e-01 -6.139939700154518620e-01 -3.773446710997769848e-01 4.239777408782663959e-01
1403638578.277829409 -3.095626531432723816e+00 8.918846131633079821e+00 5.885855028554427548e-01 -5.509090145273125572e-01 -6.122057976356121145e-01 -3.736225754117555309e-01 4.267428853496873509e-01
1403638578.327829599 -3.121479562193776758e+00 8.992132920588407075e+00 5.982334192175001730e-01 -5.523397091308683837e-01 -6.106296266814488227e-01 -3.714862081343026645e-01 4.290108412407545035e-01
1403638578.377829313 -3.148264321279924616e+00 9.056307173883409334e+00 6.056744712267158048e-01 -5.523356926202196426e-01 -6.100107148139777280e-01 -3.715451659033674470e-01 4.298446232811591328e-01
1403638578.427829504 -3.173958603930542299e+00 9.117969521104818398e+00 6.132423765964384321e-01 -5.528572305422687627e-01 -6.098460535416374562e-01 -3.713477072140101143e-01 4.295783443840259230e-01
1403638578.477829456 -3.199089328920659003e+00 9.195111568569416249e+00 6.177714940126816101e-01 -5.527661701994096566e-01 -6.095487353000184072e-01 -3.718371789064593980e-01 4.296940920702905231e-01
1403638578.527829409 -3.224991954166523733e+00 9.277016081938944225e+00 6.174089895249255111e-01 -5.528917937719393105e-01 -6.095074121233864384e-01 -3.714320858024602323e-01 4.299413734251840147e-01
1403638578.577829361 -3.247987263606217923e+00 9.348875432735665569e+00 6.183151913284270496e-01 -5.528980520304268564e-01 -6.092708156742869807e-01 -3.716608566555205662e-01 4.300709532840287230e-01
1403638578.627829552 -3.272110166380798102e+00 9.420009592441742186e+00 6.163225715598609211e-01 -5.524174616010395500e-01 -6.088755912503012180e-01 -3.725223930735048206e-01 4.305026470959837925e-01
1403638578.677829266 -3.296664304447921356e+00 9.483572334468782117e+00 6.156987938236613278e-01 -5.516349057036711301e-01 -6.091596925608733226e-01 -3.742556035259877456e-01 4.295999802116417521e-01
1403638578.727829456 -3.321656509016235326e+00 9.551786086560570155e+00 6.109851109729795837e-01 -5.502371350936728911e-01 -6.102439705626701016e-01 -3.766128718874944270e-01 4.277898272335000085e-01
1403638578.777829409 -3.343014139548728281e+00 9.627034261766612033e+00 6.093872618846156719e-01 -5.482603522356017667e-01 -6.117601897076943018e-01 -3.794006304687473907e-01 4.256938078657205304e-01
1403638578.827829599 -3.363837949180789266e+00 9.693765063029800899e+00 6.080870002702853938e-01 -5.467194261591686866e-01 -6.141036551852377956e-01 -3.814819878574985390e-01 4.224287664075580540e-01
1403638578.877829313 -3.385190808205010171e+00 9.762831010621408012e+00 6.057427605529205339e-01 -5.447763722395718711e-01 -6.146834213968607186e-01 -3.841556573905010041e-01 4.216721790730480479e-01
1403638578.927829504 -3.406532857441955109e+00 9.832809111506172428e+00 6.056965199283643742e-01 -5.439568018994701548e-01 -6.155460074012202298e-01 -3.853586240591374001e-01 4.203722651447950320e-01
1403638578.977829456 -3.429345887211417754e+00 9.890886717480929846e+00 6.051403791214814420e-01 -5.426121005768735905e-01 -6.162914046574204940e-01 -3.863748116641760877e-01 4.200851315678872377e-01
1403638579.027829409 -3.453454110468889837e+00 9.946657476572898560e+00 6.053647044170530345e-01 -5.419306203829876711e-01 -6.167166595040860511e-01 -3.869746422073459535e-01 4.197885073104404285e-01
1403638579.077829361 -3.475863594300259596e+00 1.001710366390656759e+01 6.091190226225438042e-01 -5.418662134907307193e-01 -6.167520585098882346e-01 -3.868380543065959576e-01 4.199455021086910267e-01
1403638579.127829552 -3.503143543400175641e+00 1.007183510046626829e+01 6.133959998728514273e-01 -5.410741944697399219e-01 -6.170640498932139506e-01 -3.872397985234559692e-01 4.201380878328225266e-01
1403638579.177829266 -3.528500897188532992e+00 1.013027490619207782e+01 6.208190862117138886e-01 -5.411775985104828601e-01 -6.168256372246564423e-01 -3.874988789646516829e-01 4.201161255343117129e-01
1403638579.227829456 -3.552076674035248072e+00 1.020030873888288880e+01 6.259542358112127891e-01 -5.410213068445469675e-01 -6.168548666137569914e-01 -3.871684813277810888e-01 4.205788702984049054e-01
1403638579.277829409 -3.581273404639579105e+00 1.025824982100628979e+01 6.340713370324350118e-01 -5.421726410019865883e-01 -6.158413260854288529e-01 -3.852337346103107407e-01 4.223544224374408129e-01
1403638579.327829599 -3.608490365586480841e+00 1.032943294634349130e+01 6.428056728370274975e-01 -5.426183469943064441e-01 -6.150920809176707582e-01 -3.843041044990876398e-01 4.237185584355381840e-01
1403638579.377829313 -3.638222120025599082e+00 1.039366845037752363e+01 6.528560935356644279e-01 -5.457212195821032896e-01 -6.125347753386954919e-01 -3.796991855612045219e-01 4.275722488454479775e-01
1403638579.427829504 -3.663745986624500794e+00 1.045100180916640120e+01 6.611708297978704518e-01 -5.476666873988212947e-01 -6.102854444666581113e-01 -3.767960585730983913e-01 4.308568277624409970e-01
1403638579.477829456 -3.691775173058402082e+00 1.051071622440086628e+01 6.667040592239444896e-01 -5.496025758534250905e-01 -6.079975229224591216e-01 -3.739914127673448219e-01 4.340581112152145926e-01
1403638579.527829409 -3.719000756838733324e+00 1.056492545421143348e+01 6.719458440845070823e-01 -5.496830482018049135e-01 -6.072139522405599621e-01 -3.719344977214454895e-01 4.368117353376248513e-01
1403638579.577829361 -3.744895841905225620e+00 1.061621539757495647e+01 6.766443943104167857e-01 -5.466409901559832196e-01 -6.059113423768625051e-01 -3.727193423324574040e-01 4.417412873069657131e-01
1403638579.627829552 -3.772161806967978315e+00 1.067440324843584598e+01 6.793917586548801069e-01 -5.413865961664144910e-01 -6.053681717564738385e-01 -3.740062019036188845e-01 4.478273004777597599e-01
1403638579.677829266 -3.796626116119455219e+00 1.072766266933383328e+01 6.807235952522598943e-01 -5.344301523990244718e-01 -6.070590703696033819e-01 -3.750760306403117528e-01 4.529698318076561536e-01
1403638579.727829456 -3.822545315058582194e+00 1.078352141399076203e+01 6.801349072010446362e-01 -5.254667247273342445e-01 -6.117010786374230680e-01 -3.754687666997172379e-01 4.568694746107848093e-01
1403638579.777829409 -3.850289073893908842e+00 1.083381064904543223e+01 6.782975514352170832e-01 -5.158607349516890483e-01 -6.181600509145376288e-01 -3.735644001828029026e-01 4.606685277990046901e-01
1403638579.827829599 -3.877862174701633524e+00 1.087979490404358529e+01 6.803609514469578512e-01 -5.060518886483993395e-01 -6.278429880814027086e-01 -3.694059597142037021e-01 4.618050511200931241e-01
1403638579.877829313 -3.902082993359864194e+00 1.092678823704464897e+01 6.750423934398773751e-01 -4.952409955111681805e-01 -6.389110345532276192e-01 -3.631465239746625162e-01 4.633072937223755017e-01
1403638579.927829504 -3.929175502965446931e+00 1.098110668964193160e+01 6.701365755696806481e-01 -4.838944609607123692e-01 -6.493221728864934095e-01 -3.552252774719606432e-01 4.669495354901565531e-01
1403638579.977829456 -3.956053167482396216e+00 1.103792164067352033e+01 6.670408686135065324e-01 -4.710363764171104917e-01 -6.597766737465051712e-01 -3.464130041390036108e-01 4.720354895929190220e-01
1403638580.027829409 -3.983933138623038328e+00 1.108583048855871311e+01 6.619881252120540793e-01 -4.550220380124214703e-01 -6.681226661290006197e-01 -3.393617296344590417e-01 4.810412294047223258e-01
1403638580.077829361 -4.012045685856894472e+00 1.114262680711317088e+01 6.527382782129956817e-01 -4.373009414437180054e-01 -6.754433549993920094e-01 -3.325073542810263461e-01 4.919176965190776296e-01
1403638580.127829552 -4.039722644910082039e+00 1.118348658364146608e+01 6.455747700060328054e-01 -4.191398206874634158e-01 -6.826348936744257578e-01 -3.236346762423052970e-01 5.035791983250745840e-01
1403638580.177829266 -4.065359319297622953e+00 1.122728071965123320e+01 6.349620197622601880e-01 -4.008708624706642243e-01 -6.910249357810039905e-01 -3.133686781097420049e-01 5.134074028786868027e-01
1403638580.227829456 -4.093066554882608621e+00 1.126642037185127343e+01 6.249675543804501521e-01 -3.828306671703173292e-01 -7.000656426713726121e-01 -3.010344734558119684e-01 5.222327278294895958e-01
1403638580.277829409 -4.116488717148411247e+00 1.129291607036862466e+01 6.211881581846431244e-01 -3.662856715866193991e-01 -7.095629357081379984e-01 -2.873203558579317529e-01 5.289633826355653046e-01
1403638580.327829599 -4.141861292776265913e+00 1.133306527194304358e+01 6.130849291074494944e-01 -3.521526607776357398e-01 -7.188972536094591081e-01 -2.725583618100330119e-01 5.337482380930543835e-01
1403638580.377829313 -4.159867838234320381e+00 1.136019476417603080e+01 6.194814527168853724e-01 -3.414328581964131137e-01 -7.264718456896479548e-01 -2.576765527135387868e-01 5.378336684754602137e-01
1403638580.427829504 -4.184535329421718686e+00 1.137764993320035600e+01 6.081922889689552747e-01 -3.335173039851918597e-01 -7.330256998359135912e-01 -2.432273740963351860e-01 5.406292406194097566e-01
1403638580.477829456 -4.207417975536760224e+00 1.139563831629837232e+01 5.938063194254038502e-01 -3.259956556185598098e-01 -7.384048590023136738e-01 -2.322681303113009188e-01 5.427122740101714138e-01
1403638580.527829409 -4.227833480796884480e+00 1.142304542270843548e+01 5.782593534631984555e-01 -3.194766940985219739e-01 -7.422267237355232306e-01 -2.223858235229168867e-01 5.455077249652335869e-01
1403638580.577829361 -4.248398470607915201e+00 1.144548103772905989e+01 5.624573051467374185e-01 -3.127167833646898321e-01 -7.462967285073894841e-01 -2.146777609631101147e-01 5.469578277793228915e-01
1403638580.627829552 -4.267618793039595460e+00 1.147177964487706525e+01 5.461496325692412057e-01 -3.059635972163024520e-01 -7.511115164140105271e-01 -2.063112840268065684e-01 5.474060843395115450e-01
1403638580.677829266 -4.284271067816275647e+00 1.149316027011261809e+01 5.331948788490242785e-01 -2.984639826933193074e-01 -7.568720714061530908e-01 -1.990466748376983064e-01 5.463005947244217175e-01
1403638580.727829456 -4.299682042796723280e+00 1.151688735794320095e+01 5.233986995302863932e-01 -2.910197917254188082e-01 -7.627057903147866913e-01 -1.924627933367031585e-01 5.445598510957488925e-01
1403638580.777829409 -4.315843233111791299e+00 1.153565117306279575e+01 5.085901843908761100e-01 -2.838796300179911580e-01 -7.676040350194597295e-01 -1.887461893943811198e-01 5.427442096160887131e-01
1403638580.827829599 -4.334008499441393880e+00 1.154972969010272443e+01 5.011312982013494954e-01 -2.786074967433588845e-01 -7.714205118834510655e-01 -1.858229739135484615e-01 5.410712328056246356e-01
1403638580.877829313 -4.343602824599682499e+00 1.156751664818826519e+01 4.994531460034782322e-01 -2.735785282024673637e-01 -7.749773792553644736e-01 -1.843425431145051530e-01 5.390572115714020729e-01
1403638580.927829504 -4.357168738444165967e+00 1.159029177666638866e+01 5.022397224485847245e-01 -2.707964459185382977e-01 -7.759894478005886498e-01 -1.819676956592598815e-01 5.398123928889414502e-01
1403638580.977829456 -4.370855257918570658e+00 1.161679611870763651e+01 5.044610289629620770e-01 -2.700965417872838170e-01 -7.766273432472917682e-01 -1.788565536414279955e-01 5.402852589648491355e-01
1403638581.027829409 -4.386852137488819636e+00 1.164864062983411230e+01 5.050031057546910951e-01 -2.687364919421328935e-01 -7.771968480204545227e-01 -1.780825686615403469e-01 5.404001814069038234e-01
1403638581.077829361 -4.399500452153591645e+00 1.166825375149023181e+01 5.107137759706151803e-01 -2.680892248432428238e-01 -7.776805911911979230e-01 -1.777511806943005424e-01 5.401347825952707016e-01
1403638581.127829552 -4.412400217980297690e+00 1.169072016518773793e+01 5.182922015274521454e-01 -2.670010225013892402e-01 -7.778340121126079421e-01 -1.791585366938688029e-01 5.399878908954603984e-01
1403638581.177829266 -4.425834458943383787e+00 1.171130248698549892e+01 5.222732297391824430e-01 -2.664574631890614942e-01 -7.778194286942317071e-01 -1.802389380504104965e-01 5.399178473315079385e-01
1403638581.227829456 -4.439638265682123830e+00 1.173525398400138364e+01 5.323486050862213936e-01 -2.661976541767140381e-01 -7.781573327264631468e-01 -1.819151703311310819e-01 5.389961458473027101e-01
1403638581.277829409 -4.452383353243092756e+00 1.175758448983287074e+01 5.416798528067924279e-01 -2.660706297775956575e-01 -7.780531794464594642e-01 -1.843045751499560458e-01 5.383971522043959901e-01
1403638581.327829599 -4.465011792502230570e+00 1.178144262566600808e+01 5.501500035335497030e-01 -2.665863680362938193e-01 -7.778571344788263175e-01 -1.856237436243143024e-01 5.379719439901136102e-01
1403638581.377829313 -4.483080306148288230e+00 1.181038031304252378e+01 5.592940772156275164e-01 -2.667796327762302910e-01 -7.769006542094516465e-01 -1.877794751107536020e-01 5.385098604035361003e-01
1403638581.427829504 -4.501234044876378348e+00 1.183349817965704887e+01 5.654872230924645748e-01 -2.670902264655488079e-01 -7.761672817330038665e-01 -1.891081818523369651e-01 5.389482881040491558e-01
1403638581.477829456 -4.518195408732508689e+00 1.186063402636507647e+01 5.731218463809366614e-01 -2.681208000734948138e-01 -7.747420624295126013e-01 -1.906620885674379373e-01 5.399388310295127891e-01
1403638581.527829409 -4.534286071834730869e+00 1.187952264537468139e+01 5.818115137778266943e-01 -2.692279428945337227e-01 -7.747061574501808989e-01 -1.919443156153468610e-01 5.389842892668667007e-01
1403638581.577829361 -4.550812029004391412e+00 1.190173472460611315e+01 5.944747471397326954e-01 -2.698112223381535779e-01 -7.742248813403012075e-01 -1.937586789520922004e-01 5.387349178814458961e-01
1403638581.627829552 -4.568152178161408727e+00 1.192406053093935014e+01 6.070141859425806086e-01 -2.702266320249548381e-01 -7.721775433045475756e-01 -1.960607168121078492e-01 5.406288970113655168e-01
1403638581.677829266 -4.587246113130262870e+00 1.195468041186600416e+01 6.187823780738881396e-01 -2.695628324731799697e-01 -7.700549908550247125e-01 -1.988334080525281655e-01 5.429700417615330732e-01
1403638581.727829456 -4.612378126702118664e+00 1.199152234316613885e+01 6.277312116021867006e-01 -2.695491324218840523e-01 -7.676543222972681546e-01 -2.002982219018186738e-01 5.458303115180592746e-01
1403638581.777829409 -4.632147321350041480e+00 1.201949400441458948e+01 6.334421580235664040e-01 -2.705710046524098522e-01 -7.664509985782721468e-01 -2.005270375687057405e-01 5.469306221301508675e-01
1403638581.827829599 -4.653481451663665780e+00 1.205186390802058227e+01 6.402046046895356612e-01 -2.706801261427286831e-01 -7.657850790228006854e-01 -2.020429447703137316e-01 5.472514326394583017e-01
1403638581.877829313 -4.669852151467673629e+00 1.206498280286263558e+01 6.427756484490337874e-01 -2.704833021051449293e-01 -7.632485109079980568e-01 -2.036820501517334070e-01 5.502763999346212964e-01
1403638581.927829504 -4.677607301968484066e+00 1.206467050483216674e+01 6.460471895904524864e-01 -2.699170506378774648e-01 -7.589343032439981318e-01 -2.056956072486884335e-01 5.557452890426421988e-01
1403638581.977829456 -4.686284579936994099e+00 1.207660365066243457e+01 6.470169821584567105e-01 -2.686096359893324625e-01 -7.556999198650270477e-01 -2.077323659424593627e-01 5.600122844274206813e-01
1403638582.027829409 -4.705779244580519993e+00 1.208716636708120085e+01 6.538173719245810034e-01 -2.690896830835977083e-01 -7.555503839251431764e-01 -2.081036853238872886e-01 5.598457072829570169e-01
1403638582.077829361 -4.723723043466837801e+00 1.209612391647272744e+01 6.552792434652900955e-01 -2.706857559928508294e-01 -7.574016820760836044e-01 -2.065453098899185935e-01 5.571453566650050870e-01
1403638582.127829552 -4.744038428155507248e+00 1.211929075682407309e+01 6.593901970922734224e-01 -2.716891481996489000e-01 -7.616388409165656403e-01 -2.055816472502413339e-01 5.512054690146834801e-01
1403638582.177829266 -4.762550668409796906e+00 1.214102370233173644e+01 6.659925576683491943e-01 -2.741402967865415596e-01 -7.646588361050515870e-01 -2.019875724517752602e-01 5.471242844357154800e-01
1403638582.227829456 -4.773400996040977340e+00 1.215318297298559358e+01 6.759237675741727180e-01 -2.743688543978054506e-01 -7.676422031294557469e-01 -2.020686013170909789e-01 5.427849114269351904e-01
1403638582.277829409 -4.772705184889749042e+00 1.216066862032503870e+01 6.856373259924944952e-01 -2.742230304474060354e-01 -7.677356832208221959e-01 -2.019554541126944158e-01 5.427685002243901602e-01
1403638582.327829599 -4.769670786360614478e+00 1.215533333234008140e+01 7.002408513429075887e-01 -2.723148033062453566e-01 -7.662396073533677132e-01 -2.039980534780284072e-01 5.450745877404425954e-01
1403638582.377829313 -4.770176066483787558e+00 1.214743287526286686e+01 7.160964900250182952e-01 -2.716602863761649611e-01 -7.645048373489241600e-01 -2.044216220325325017e-01 5.476722038972796636e-01
1403638582.427829504 -4.783386091444641330e+00 1.215730500542647619e+01 7.355476499922702915e-01 -2.707005934682328308e-01 -7.637269525816662297e-01 -2.058571290513806773e-01 5.486940613994205629e-01
1403638582.477829456 -4.799594867698806944e+00 1.217411225202280534e+01 7.619525662983286374e-01 -2.701619287661001234e-01 -7.632133949394089845e-01 -2.063180113446146657e-01 5.495004315059686117e-01
1403638582.527829409 -4.819942789355241786e+00 1.219177149837676311e+01 7.864290145582888414e-01 -2.699917864703834103e-01 -7.624666563436035549e-01 -2.065682414679091694e-01 5.505257440116601009e-01
1403638582.577829361 -4.840635564280971970e+00 1.221259615908890872e+01 8.166438620204626853e-01 -2.696328862886032129e-01 -7.623323169677783673e-01 -2.071033840291271744e-01 5.506866018543576935e-01
1403638582.627829552 -4.849776371152211496e+00 1.222679535931933614e+01 8.415383832352844040e-01 -2.696466732540079847e-01 -7.621636134578317900e-01 -2.066133798774426600e-01 5.510972774198458213e-01
1403638582.677829266 -4.846741288518597202e+00 1.221175174916413120e+01 8.716102457144020432e-01 -2.696751276922438323e-01 -7.636685150863977700e-01 -2.061789759432067770e-01 5.491593160904392201e-01
1403638582.727829456 -4.856509831338435390e+00 1.222185293849805277e+01 8.989302781671542064e-01 -2.705164144178408558e-01 -7.647597022858220184e-01 -2.050376227202408419e-01 5.476522989629898364e-01
1403638582.777829409 -4.864917829975703434e+00 1.222315429794160480e+01 9.420596330622097447e-01 -2.716403590836086734e-01 -7.651766516885574188e-01 -2.038406463780181865e-01 5.469599600627162994e-01
1403638582.827829599 -4.881347322768834651e+00 1.222491507121004162e+01 9.748894988112262183e-01 -2.720786073213033451e-01 -7.662255125751175067e-01 -2.045289827274679173e-01 5.450133856535688270e-01
1403638582.877829313 -4.882598357278725487e+00 1.223121293941266430e+01 9.883728476024004062e-01 -2.723410347620319194e-01 -7.662291949112679523e-01 -2.041406711535891649e-01 5.450227224908498203e-01
1403638582.927829504 -4.889633498066396022e+00 1.222543157373996969e+01 1.015459961692708690e+00 -2.729835184813459992e-01 -7.671352030459578364e-01 -2.037529626974971808e-01 5.435699670485611978e-01
1403638582.977829456 -4.899435297314693294e+00 1.220287409905465026e+01 1.047126023034593123e+00 -2.741009105840108706e-01 -7.684234716944967625e-01 -2.033065869908995404e-01 5.413506171162132397e-01
1403638583.027829409 -4.902471111225076505e+00 1.219667069863686670e+01 1.070664514092517283e+00 -2.746539636527139949e-01 -7.698440096982568370e-01 -2.028756994588695739e-01 5.392094690847319960e-01
1403638583.077829361 -4.915192225588326913e+00 1.220392782260046793e+01 1.081567871368999345e+00 -2.756039875911131531e-01 -7.704958675993648365e-01 -2.019159190003398940e-01 5.381528794779676383e-01
1403638583.127829552 -4.920737699260835818e+00 1.218780177858955227e+01 1.101789715611686482e+00 -2.758318659146003493e-01 -7.715715676551805347e-01 -2.021145881524331056e-01 5.364175528337689070e-01
1403638583.177829266 -4.918792967755106993e+00 1.217266471626198587e+01 1.112174748714082284e+00 -2.761023876840471569e-01 -7.722520863572973626e-01 -2.016567823301462781e-01 5.354705676059342556e-01
1403638583.227829456 -4.913184515592390333e+00 1.215634258281489721e+01 1.121814937551007141e+00 -2.767037485287276999e-01 -7.726026948341955247e-01 -2.003867436349275888e-01 5.351310722248143747e-01
1403638583.277829409 -4.908651270234656749e+00 1.212492930729151119e+01 1.134798198933919977e+00 -2.768177846856042512e-01 -7.730073475635723668e-01 -2.002411248111097553e-01 5.345419035294303178e-01
1403638583.327829599 -4.910745989197772943e+00 1.210487428514165487e+01 1.150058710309886045e+00 -2.762013332211185057e-01 -7.728852093941391832e-01 -2.013252472535838333e-01 5.346301725912387948e-01
1403638583.377829313 -4.926687194582751950e+00 1.209521073614264886e+01 1.161564444830061049e+00 -2.765453658981146257e-01 -7.727156665058788620e-01 -2.009088985418309992e-01 5.348539742989311119e-01
1403638583.427829504 -4.945054367354636327e+00 1.209075194882094628e+01 1.177434926163912321e+00 -2.768114399768644707e-01 -7.729897187307359641e-01 -2.012985926210217325e-01 5.341733782615046833e-01
1403638583.477829456 -4.955145317743244071e+00 1.208804232216978036e+01 1.184524115979914471e+00 -2.765795451623429546e-01 -7.731459011614542076e-01 -2.011119850362183825e-01 5.341377539453904255e-01
1403638583.527829409 -4.971239232664127705e+00 1.208368369546715648e+01 1.199690777716581502e+00 -2.767486356688277915e-01 -7.733740941398405955e-01 -2.005957551910901304e-01 5.339138939643167658e-01
1403638583.577829361 -4.977279699115772615e+00 1.207116344763331384e+01 1.218535957784300683e+00 -2.763917839339902205e-01 -7.732525196666059086e-01 -2.009669868928430359e-01 5.341351821236303143e-01
1403638583.627829552 -4.990860742528723470e+00 1.207156460753597393e+01 1.236591844876204771e+00 -2.760074819600011331e-01 -7.734847996784648405e-01 -2.011867094031102587e-01 5.339148270351866676e-01
1403638583.677829266 -5.012637462389871956e+00 1.206592167285075590e+01 1.264051543745416062e+00 -2.754865113058848070e-01 -7.738201807474841543e-01 -2.023623174016959680e-01 5.332532254494658508e-01
1403638583.727829456 -5.027608138818497885e+00 1.206268335835679473e+01 1.282063642557458749e+00 -2.753980613112138598e-01 -7.735471416363808306e-01 -2.022522411420976662e-01 5.337366002488576067e-01
1403638583.777829409 -5.036963291798757680e+00 1.203614711546690152e+01 1.307686093790669801e+00 -2.754470841041647411e-01 -7.736297239110850876e-01 -2.022391115110143134e-01 5.335965666259550044e-01
1403638583.827829599 -5.055557077793787712e+00 1.201850724583333907e+01 1.324439078248936585e+00 -2.751789126642659178e-01 -7.736408489210699901e-01 -2.029700696110864622e-01 5.334412373895266457e-01
1403638583.877829313 -5.070483976595243192e+00 1.200940269421635698e+01 1.330749030331465521e+00 -2.750334330512023140e-01 -7.728406678067248903e-01 -2.031240550690432412e-01 5.346162466110001565e-01
1403638583.927829504 -5.083287840644271860e+00 1.201092911798568608e+01 1.327504409027425725e+00 -2.747778150147147658e-01 -7.726943860940801434e-01 -2.025928048608129362e-01 5.351604371523185355e-01
1403638583.977829456 -5.099925605221812042e+00 1.201272597588988056e+01 1.332490524489026829e+00 -2.742577408487639201e-01 -7.725758248248684179e-01 -2.031156826573556062e-01 5.354001362899928340e-01
1403638584.027829409 -5.109221291689721944e+00 1.198483177012824186e+01 1.344932790036743819e+00 -2.736645320216826160e-01 -7.721395756945930167e-01 -2.038481583844146683e-01 5.360542210288153919e-01
1403638584.077829361 -5.126378863407604847e+00 1.197295314408512112e+01 1.356764460743610679e+00 -2.718202511151028844e-01 -7.695887528273904765e-01 -2.062474391447904898e-01 5.397303923733776099e-01
1403638584.127829552 -5.133839067903715581e+00 1.195494780357071640e+01 1.364211059513379176e+00 -2.698411138186050384e-01 -7.652478853903310618e-01 -2.082867607576432967e-01 5.460751527874618816e-01
1403638584.177829266 -5.150605121651247842e+00 1.194724365776185415e+01 1.371609519348389483e+00 -2.678105502231961088e-01 -7.607070730747983456e-01 -2.104066771122907464e-01 5.525679038721728054e-01
1403638584.227829456 -5.162379133283270249e+00 1.193301949441396204e+01 1.377757220557239037e+00 -2.653798208574237316e-01 -7.560668577080641439e-01 -2.128782105864295005e-01 5.591237115475030661e-01
1403638584.277829409 -5.179607105281929691e+00 1.191229026074657149e+01 1.380003463271964215e+00 -2.649721654996691766e-01 -7.521760376092544442e-01 -2.130806514042777045e-01 5.644622183583113406e-01
1403638584.327829599 -5.208759121062938924e+00 1.190198581468325223e+01 1.387593357197388855e+00 -2.641213738611537520e-01 -7.502047903458446410e-01 -2.147826684637983985e-01 5.668342594969134618e-01
1403638584.377829313 -5.224736915542361082e+00 1.188783499045232084e+01 1.383381882078738245e+00 -2.641531490735056220e-01 -7.489033295606997154e-01 -2.147811574467829998e-01 5.685384518335312443e-01
1403638584.427829504 -5.241365747880779580e+00 1.186558311583108427e+01 1.382872905244464601e+00 -2.642423694570720794e-01 -7.488468730805752926e-01 -2.149187708031267408e-01 5.685193513132424936e-01
1403638584.477829456 -5.256575004899774584e+00 1.183551031090094163e+01 1.388352514580918129e+00 -2.639007283272893356e-01 -7.487442136384906410e-01 -2.157541704699431628e-01 5.684968302955009101e-01
1403638584.527829409 -5.268646670681976119e+00 1.181094055429491974e+01 1.386926337700629341e+00 -2.650151855108883181e-01 -7.480129428584766371e-01 -2.143934094889962949e-01 5.694550506690712055e-01
1403638584.577829361 -5.277214879758473032e+00 1.177914327864517929e+01 1.385674358647455140e+00 -2.640686023113190672e-01 -7.487843364977474492e-01 -2.153069720496194606e-01 5.685355736238492108e-01
1403638584.627829552 -5.283788880191688797e+00 1.173749539708734524e+01 1.393066724901814046e+00 -2.647271446377902904e-01 -7.497329918837211116e-01 -2.141422826735386586e-01 5.674178905748151758e-01
1403638584.677829266 -5.295688175631822148e+00 1.170012993826001768e+01 1.392194897927628183e+00 -2.654895163689855453e-01 -7.507066013975604024e-01 -2.132849360488324186e-01 5.660957969910497267e-01
1403638584.727829456 -5.294448995933549007e+00 1.165929121069498642e+01 1.396810955275837873e+00 -2.660353090702697321e-01 -7.531668723588061942e-01 -2.119852127905527683e-01 5.630516373009527564e-01
1403638584.777829409 -5.297248173701648355e+00 1.162319393059486039e+01 1.396658080167497484e+00 -2.679643700407974283e-01 -7.572781761273895684e-01 -2.091775617900010764e-01 5.576464901650536321e-01
1403638584.827829599 -5.300210565885856262e+00 1.158048814255331393e+01 1.400121892704443649e+00 -2.699325634357850334e-01 -7.605649539130182601e-01 -2.067047613851916710e-01 5.531279270629583245e-01
1403638584.877829313 -5.299979157720847489e+00 1.154018636178820145e+01 1.407855585732770809e+00 -2.731307907203435192e-01 -7.645720634808490512e-01 -2.022744281341406491e-01 5.476442153699085935e-01
1403638584.927829504 -5.310776951391079415e+00 1.150108290260693344e+01 1.412277734202323387e+00 -2.746015207560515425e-01 -7.664063508702337879e-01 -2.014747941044222335e-01 5.446312674505723317e-01
1403638584.977829456 -5.318608476830455345e+00 1.146692317401439887e+01 1.416119661976776190e+00 -2.753787300047945696e-01 -7.678285124724428812e-01 -2.006872986191256536e-01 5.425223854075148511e-01
1403638585.027829409 -5.318366221518697756e+00 1.142375280194368514e+01 1.423412556540485152e+00 -2.760805496055943054e-01 -7.690207101619705998e-01 -1.995206587792578701e-01 5.409049678009461015e-01
1403638585.077829361 -5.318128167434657882e+00 1.138271110683770537e+01 1.420272429796020086e+00 -2.758753997606711028e-01 -7.691902737170097648e-01 -2.001783688657818583e-01 5.405253992776624106e-01
1403638585.127829552 -5.316723837612478576e+00 1.134298767453265100e+01 1.419625735015543455e+00 -2.769335722277614931e-01 -7.692471794843949162e-01 -1.984001990143254568e-01 5.405589093332479056e-01
1403638585.177829266 -5.311672366676059909e+00 1.130909269154263441e+01 1.419040657071302780e+00 -2.770748909135488103e-01 -7.691546285120143267e-01 -1.975679761630564357e-01 5.409228753330963535e-01
1403638585.227829456 -5.319708973437332844e+00 1.127724394744583769e+01 1.414008334890673568e+00 -2.768206786230228422e-01 -7.679604935473505201e-01 -1.983208438559053710e-01 5.424719671369946372e-01
1403638585.277829409 -5.326426064395817228e+00 1.124069125880888009e+01 1.412562008811633518e+00 -2.762238137810734684e-01 -7.669371386483988529e-01 -1.991564815940432553e-01 5.439159180435217955e-01
1403638585.327829599 -5.317867253907103908e+00 1.120088858761577200e+01 1.405222765310366384e+00 -2.754152855083140672e-01 -7.655489643023356550e-01 -1.997762663413197859e-01 5.460500409035029534e-01
1403638585.377829313 -5.318529024540004535e+00 1.115738248797148735e+01 1.402784624424102455e+00 -2.751340100101347663e-01 -7.648593641397439802e-01 -1.997754333443106656e-01 5.471573867321746221e-01
1403638585.427829504 -5.306491651472660109e+00 1.111963092955070387e+01 1.391740602500766144e+00 -2.747348060075070486e-01 -7.652695350104683492e-01 -1.996065499541096189e-01 5.468460024250854090e-01
1403638585.477829456 -5.302587650563708621e+00 1.107948245535854781e+01 1.387025805237661391e+00 -2.747090553113604727e-01 -7.656564468332662798e-01 -1.994807351582156552e-01 5.463630447361310649e-01
1403638585.527829409 -5.302863644044727209e+00 1.104756444610458921e+01 1.383128357961190158e+00 -2.743151934200213637e-01 -7.664645422411623388e-01 -1.995257334213133005e-01 5.454106359878480026e-01
1403638585.577829361 -5.310281417170731544e+00 1.101360612853580179e+01 1.381419457257056616e+00 -2.747060229700049594e-01 -7.673722130690153742e-01 -1.985767947486967999e-01 5.442827795740912133e-01
1403638585.627829552 -5.321817091449225323e+00 1.096512683512787767e+01 1.389100765495601131e+00 -2.748246537523264532e-01 -7.681873213559623492e-01 -1.987639932053248681e-01 5.430032449285537854e-01
1403638585.677829266 -5.328253110495200673e+00 1.092733035517341555e+01 1.399410677770398292e+00 -2.751408895070380223e-01 -7.697659411416089004e-01 -1.981552468822540547e-01 5.408256511230601360e-01
1403638585.727829456 -5.335697138143513207e+00 1.087807662577411527e+01 1.409474822410654804e+00 -2.762671186075358332e-01 -7.722125914013903136e-01 -1.971435615661116525e-01 5.371206652051921937e-01
1403638585.777829409 -5.334259064210619350e+00 1.083205590859531320e+01 1.420120851743573942e+00 -2.776705113949617942e-01 -7.749881221644722151e-01 -1.951245641091259586e-01 5.331218454414237140e-01
1403638585.827829599 -5.334947685673587792e+00 1.079373430850893634e+01 1.431851743188347292e+00 -2.785160368053397062e-01 -7.768146750301370140e-01 -1.938521984721553459e-01 5.304800684734359839e-01
1403638585.877829313 -5.345486346587600579e+00 1.075080936785567154e+01 1.440081715115545169e+00 -2.799477294645552061e-01 -7.784769058005771569e-01 -1.925440433049271372e-01 5.277591944159666371e-01
1403638585.927829504 -5.351537096697806639e+00 1.071883404972670206e+01 1.454753511208240147e+00 -2.813392949486288042e-01 -7.790169829901195664e-01 -1.911320043403547941e-01 5.267345614705937207e-01
1403638585.977829456 -5.360863295272892515e+00 1.067790632879101587e+01 1.476148375169269888e+00 -2.821974186784525496e-01 -7.781969010116481789e-01 -1.908056202930011880e-01 5.276053595365465254e-01
1403638586.027829409 -5.363052122826811541e+00 1.063880274754633959e+01 1.492770246228354081e+00 -2.819417543278308069e-01 -7.760482221312416939e-01 -1.913421120004228093e-01 5.307034956251013291e-01
1403638586.077829361 -5.365768393912506262e+00 1.060405949209854626e+01 1.509888869595291228e+00 -2.813580441894499851e-01 -7.740582457866547195e-01 -1.926763361875680480e-01 5.334297634861683290e-01
1403638586.127829552 -5.361718440769953631e+00 1.058080816350797804e+01 1.531415738976775520e+00 -2.811954681815659884e-01 -7.721957634106340063e-01 -1.928306204775095956e-01 5.361521831076292433e-01
1403638586.177829266 -5.383100215789258236e+00 1.054123814695092953e+01 1.534758923452728352e+00 -2.804965009771321904e-01 -7.717149288366794702e-01 -1.946983574890123470e-01 5.365354891722126096e-01
1403638586.227829456 -5.403194533902762053e+00 1.051482781266832944e+01 1.545859030387318978e+00 -2.799987233626149985e-01 -7.706512137370321591e-01 -1.960710668856778249e-01 5.378229805533203400e-01
1403638586.277829409 -5.414479629051358600e+00 1.047661295086758315e+01 1.554783312258551486e+00 -2.793534748880737162e-01 -7.694733646569550389e-01 -1.975057602426960601e-01 5.393179505842707888e-01
1403638586.327829599 -5.437811228454850543e+00 1.045572078128737203e+01 1.554567034031779871e+00 -2.782211021823528529e-01 -7.675488140716858476e-01 -1.999959677493494403e-01 5.417226681629508933e-01
1403638586.377829313 -5.441777358444580770e+00 1.043231552166161613e+01 1.555148594798421380e+00 -2.754459767228451539e-01 -7.662668666418639418e-01 -2.035284131562532794e-01 5.436366323493618813e-01
1403638586.427829504 -5.446407969026092921e+00 1.039371903306983214e+01 1.563678886037512372e+00 -2.728300649951800882e-01 -7.652274912538157281e-01 -2.077659606641829582e-01 5.448155172656213852e-01
1403638586.477829456 -5.451768021456156355e+00 1.035367550329666386e+01 1.575694042117923965e+00 -2.704089371725920121e-01 -7.649732875965520318e-01 -2.113962118003062662e-01 5.449830434035469739e-01
1403638586.527829409 -5.455365743137964074e+00 1.032161717540911283e+01 1.566660115321002689e+00 -2.684258875446711157e-01 -7.644666445087795470e-01 -2.144152175809236061e-01 5.454946441525050371e-01
1403638586.577829361 -5.469794673934694984e+00 1.027876844166404169e+01 1.571628333730103799e+00 -2.691538564056333294e-01 -7.643217576002638847e-01 -2.140131233303349256e-01 5.454968702781108902e-01
1403638586.627829552 -5.477099023374430331e+00 1.023504736225366329e+01 1.573770815785557664e+00 -2.706224153110700636e-01 -7.648545605980104911e-01 -2.118677287882694549e-01 5.448606014034483858e-01
1403638586.677829266 -5.489373455929224654e+00 1.019831309876133929e+01 1.572513187120264000e+00 -2.714796495459361192e-01 -7.650371713718434608e-01 -2.110122887881541176e-01 5.445096328644414285e-01
1403638586.727829456 -5.498211012324127900e+00 1.015857005929117207e+01 1.571727027977124491e+00 -2.731926317964508133e-01 -7.647947862273928310e-01 -2.083985520860522911e-01 5.449997838347847567e-01
1403638586.777829409 -5.501025703015649526e+00 1.012249595571587513e+01 1.560919128935209121e+00 -2.739478242325245061e-01 -7.648289652478477141e-01 -2.068243593743747388e-01 5.451723836416807467e-01
1403638586.827829599 -5.506575491891737784e+00 1.009219325276841595e+01 1.546549694650767748e+00 -2.747005059148381889e-01 -7.639240846300855425e-01 -2.053738927433321482e-01 5.466088081541206067e-01
1403638586.877829313 -5.514311439759317146e+00 1.004818525186019329e+01 1.541977228998116178e+00 -2.747935991588881799e-01 -7.635582214740663787e-01 -2.048156229633290859e-01 5.472822680032750631e-01
1403638586.927829504 -5.522018464691448969e+00 1.000772142169470058e+01 1.534595707542731891e+00 -2.745355095427356451e-01 -7.633935353513543465e-01 -2.055058395105935076e-01 5.473827857276087894e-01
1403638586.977829456 -5.537737255327462194e+00 9.966997999587542623e+00 1.528861094914082397e+00 -2.745805267611525768e-01 -7.634561126007505250e-01 -2.052778339081486880e-01 5.473584834110974962e-01
1403638587.027829409 -5.552027415976393598e+00 9.917210417632576380e+00 1.528543541452126231e+00 -2.749525321786889798e-01 -7.633456547553593152e-01 -2.048927778817225820e-01 5.474700594430255141e-01
1403638587.077829361 -5.559536906047663152e+00 9.874284856661555310e+00 1.519538595668587622e+00 -2.752146877567108740e-01 -7.634167477373784427e-01 -2.046205211994862327e-01 5.473410154749146495e-01
1403638587.127829552 -5.570687843721972676e+00 9.827538675570242077e+00 1.514769387528404510e+00 -2.754808970687361858e-01 -7.634906248276055463e-01 -2.041211573287084191e-01 5.472905026412806517e-01
1403638587.177829266 -5.572811125655533715e+00 9.787185218704653522e+00 1.504572069423683711e+00 -2.752348246615195504e-01 -7.645846627409719209e-01 -2.041018008880746970e-01 5.458924249969601128e-01
1403638587.227829456 -5.578591878631090850e+00 9.738249834415761086e+00 1.496167895251675928e+00 -2.751284431454003587e-01 -7.658142717234692753e-01 -2.038370433839611362e-01 5.443191166416310178e-01
1403638587.277829409 -5.583661249455772690e+00 9.691209890767035873e+00 1.498033634749956988e+00 -2.755022318840680828e-01 -7.663117381316139065e-01 -2.033362541163437898e-01 5.436167841324768268e-01
1403638587.327829599 -5.590356156783977681e+00 9.643974805136688033e+00 1.499244188827964397e+00 -2.757038496072975464e-01 -7.673984609385180455e-01 -2.032967249849908786e-01 5.419939400687868725e-01
1403638587.377829313 -5.595089289720633019e+00 9.591514351003359806e+00 1.498286620833727767e+00 -2.759101951022718269e-01 -7.678569817658846830e-01 -2.026841989182730508e-01 5.414686835827813294e-01
1403638587.427829504 -5.598957575528342723e+00 9.542831023668679080e+00 1.500291692573348046e+00 -2.767682160234078981e-01 -7.679981342279774692e-01 -2.020040799442440471e-01 5.410846256432030321e-01
1403638587.477829456 -5.607005229404484759e+00 9.496510467025894187e+00 1.498756925075503510e+00 -2.777548900015020528e-01 -7.678871894182380808e-01 -2.010584609908547260e-01 5.410886994491767021e-01
1403638587.527829409 -5.615011169253500967e+00 9.447469953454007197e+00 1.501745293345102761e+00 -2.779049732407080087e-01 -7.675972634024479380e-01 -2.009456819238326086e-01 5.414647726134362848e-01
1403638587.577829361 -5.621303386378864175e+00 9.408748700728168046e+00 1.501035839398715099e+00 -2.786717526876201223e-01 -7.679310087885014013e-01 -2.003445804859511903e-01 5.408198120122754693e-01
1403638587.627829552 -5.632680923223613689e+00 9.371221006594426584e+00 1.500338997448146916e+00 -2.790434734756301327e-01 -7.675558449047390486e-01 -1.999513227441921670e-01 5.413060441155957969e-01
1403638587.677829266 -5.641362127135384874e+00 9.322225963833750129e+00 1.503698928159795001e+00 -2.794109174055293132e-01 -7.676267575939479393e-01 -1.999909560066773784e-01 5.410012179061505222e-01
1403638587.727829456 -5.648265906054918517e+00 9.274676810098450019e+00 1.500346983606251960e+00 -2.792191926423100434e-01 -7.676153976269926016e-01 -2.002023616967528452e-01 5.410381300399939031e-01
1403638587.777829409 -5.662490222754827940e+00 9.227868000080327704e+00 1.493204600167300500e+00 -2.800625538862408503e-01 -7.674650784795603586e-01 -2.000795411414306724e-01 5.408608845550891830e-01
1403638587.827829599 -5.665446014392839125e+00 9.183572124451853114e+00 1.477547711947051257e+00 -2.807428749097427012e-01 -7.670745268720542409e-01 -1.996362268319288868e-01 5.412259097158389487e-01
1403638587.877829313 -5.660374079506116374e+00 9.131102326131273372e+00 1.467651247279506466e+00 -2.808611752136920825e-01 -7.668543308110539192e-01 -1.991330349025874080e-01 5.416617671429279079e-01
1403638587.927829504 -5.670410134536154168e+00 9.088484827901874397e+00 1.455401892397429897e+00 -2.812642995702285820e-01 -7.665748895793268458e-01 -1.991770144504086404e-01 5.418319383059045924e-01
1403638587.977829456 -5.666241613730866433e+00 9.045398653269762335e+00 1.445416965419277888e+00 -2.812146309724876114e-01 -7.665021226530562837e-01 -1.990399095281808473e-01 5.420110162260362019e-01
1403638588.027829409 -5.674270075497078736e+00 9.008852568171420216e+00 1.435736062347800601e+00 -2.810544277680113168e-01 -7.661560879307145466e-01 -1.991347243222356123e-01 5.425482643302864671e-01
1403638588.077829361 -5.680889031021095548e+00 8.959779166446113052e+00 1.439463572891796384e+00 -2.802100152136813849e-01 -7.670233266598225352e-01 -2.002933891575226777e-01 5.413318039737190501e-01
1403638588.127829552 -5.672908612609720791e+00 8.911406866383471126e+00 1.427983342353096541e+00 -2.786915286676535097e-01 -7.677361624955469921e-01 -2.024307883815346931e-01 5.403091638689168086e-01
1403638588.177829266 -5.676245616260214177e+00 8.859599264404044661e+00 1.415271848921106468e+00 -2.755561573025699373e-01 -7.683188218847496476e-01 -2.068483010088939256e-01 5.394152134302535595e-01
1403638588.227829456 -5.672023818592615285e+00 8.808801706455568592e+00 1.402506370402399227e+00 -2.736596592413625961e-01 -7.691643978190898512e-01 -2.087379717918871891e-01 5.384468211102257929e-01
1403638588.277829409 -5.675162548569208987e+00 8.788368622982552836e+00 1.384661700230999992e+00 -2.725970683127338923e-01 -7.696291506197271426e-01 -2.097291217767382754e-01 5.379363385591441338e-01
1403638588.327829599 -5.680138605297048393e+00 8.738998459506538197e+00 1.380675935478170135e+00 -2.725054107901027645e-01 -7.702552735360014280e-01 -2.096842780715813814e-01 5.371034520552782077e-01
1403638588.377829313 -5.707731084267882338e+00 8.700379455204290124e+00 1.372262222729929038e+00 -2.721341635506461243e-01 -7.700716999105245986e-01 -2.107074918437350231e-01 5.371544721087480045e-01
1403638588.427829504 -5.711885681808094972e+00 8.645202994846407307e+00 1.370814080491882025e+00 -2.727873643721220320e-01 -7.700396639941348154e-01 -2.098506796227966875e-01 5.372044880458106686e-01
1403638588.477829456 -5.708714148516538245e+00 8.581383722150281557e+00 1.371941317795943194e+00 -2.729901917303628744e-01 -7.703394474883678011e-01 -2.089777203362451208e-01 5.370119209714084851e-01
1403638588.527829409 -5.710065230197843178e+00 8.542524962207595607e+00 1.364091850941717032e+00 -2.739926545330286234e-01 -7.698042899735888511e-01 -2.074506872918730482e-01 5.378601981391937237e-01
1403638588.577829361 -5.722017307358329141e+00 8.496282387692321691e+00 1.363051216766808071e+00 -2.747407722671678099e-01 -7.691675598580640649e-01 -2.065127222805316076e-01 5.387497271018480971e-01
1403638588.627829552 -5.732305410731293627e+00 8.461871573229633015e+00 1.358962282562552693e+00 -2.753073587017023094e-01 -7.688445307532801865e-01 -2.053171503793958519e-01 5.393781730247760864e-01
1403638588.677829266 -5.739433425753839302e+00 8.420529695682200000e+00 1.356175322296761188e+00 -2.760693859681078721e-01 -7.679018200950483708e-01 -2.041833609728898324e-01 5.407602462531048149e-01
1403638588.727829456 -5.741368723330136703e+00 8.376507936379463004e+00 1.361822494140029205e+00 -2.771652039169655857e-01 -7.667480413423654051e-01 -2.025958494733664517e-01 5.424313897733781253e-01
1403638588.777829409 -5.734982298685012303e+00 8.319105172599444487e+00 1.371657305715695330e+00 -2.770619888683435450e-01 -7.666478864017289840e-01 -2.025586637741298435e-01 5.426395307477319685e-01
1403638588.827829599 -5.731608724230080831e+00 8.261964495205225134e+00 1.375092601142535509e+00 -2.775598645621766281e-01 -7.661779535752341053e-01 -2.015421456314148985e-01 5.434267462812057969e-01
1403638588.877829313 -5.734329214499763516e+00 8.203631543586618946e+00 1.383470068544315312e+00 -2.791727960903165884e-01 -7.659353565789195351e-01 -1.998854932259861439e-01 5.435543846417227876e-01
1403638588.927829504 -5.749585083639743743e+00 8.167428171370186618e+00 1.377412133900348001e+00 -2.790869576207310465e-01 -7.657692582845612161e-01 -2.006446894415226945e-01 5.435527773374284610e-01
1403638588.977829456 -5.750083361312563035e+00 8.121442247848539964e+00 1.374055241052155152e+00 -2.794122976757273391e-01 -7.657607104545363086e-01 -2.004874807916020019e-01 5.434556764608975410e-01
1403638589.027829409 -5.760566030118175362e+00 8.066259534716312629e+00 1.379377598841349473e+00 -2.799906910405005056e-01 -7.658411645973511872e-01 -2.003828174748488178e-01 5.430830967721949065e-01
1403638589.077829361 -5.759588719728892414e+00 8.028362102262580180e+00 1.376943649131399328e+00 -2.798189573070092862e-01 -7.661736951956110708e-01 -2.006783168079120938e-01 5.425932482855498895e-01
1403638589.127829552 -5.768836008766811574e+00 7.962433323768764559e+00 1.378175285830796071e+00 -2.795342829309152566e-01 -7.662554931498134492e-01 -2.017738236523260176e-01 5.422180631192170530e-01
1403638589.177829266 -5.781457798535208248e+00 7.903882846798070183e+00 1.375089425178467328e+00 -2.794264732849385813e-01 -7.659310213739783935e-01 -2.021612519738724412e-01 5.425876378290538371e-01
1403638589.227829456 -5.778053155945451103e+00 7.862460052037651081e+00 1.362476614933954222e+00 -2.794561573749128058e-01 -7.657233206312547003e-01 -2.016036500369943751e-01 5.430727581442968965e-01
1403638589.277829409 -5.790794268584808613e+00 7.824860761515362029e+00 1.344669314308745145e+00 -2.795404959129441647e-01 -7.643718485881163538e-01 -2.021006556962150202e-01 5.447459161828486218e-01
1403638589.327829599 -5.799734079172875312e+00 7.776905094706821231e+00 1.334279372403379460e+00 -2.799549251158456875e-01 -7.644262728394705109e-01 -2.020143905153658770e-01 5.444886585787090949e-01
1403638589.377829313 -5.793868904067342562e+00 7.741764000578606364e+00 1.323683483239118219e+00 -2.792281812695428522e-01 -7.641498237328279153e-01 -2.020808433897852696e-01 5.452247265200511617e-01
1403638589.427829504 -5.811255890358717480e+00 7.666822263577397045e+00 1.323293783554156278e+00 -2.802762716401380194e-01 -7.643632176153697388e-01 -2.014165240690156400e-01 5.446333325680114967e-01
1403638589.477829456 -5.819740535793703096e+00 7.621224031416891087e+00 1.312298492359760260e+00 -2.801729192433439763e-01 -7.645856729968105725e-01 -2.018755288968838435e-01 5.442041480945183363e-01
1403638589.527829409 -5.830024815413007211e+00 7.562326610034658891e+00 1.309617782830395205e+00 -2.805591017341212412e-01 -7.643986383972523058e-01 -2.014325144378945609e-01 5.444320473464039356e-01
1403638589.577829361 -5.837819702174294356e+00 7.510410500372431741e+00 1.305301750433092600e+00 -2.810040653081669060e-01 -7.642412581509984149e-01 -2.017236753210913391e-01 5.443156928061264610e-01
1403638589.627829552 -5.826359842437399905e+00 7.486495022213540018e+00 1.296414509099810486e+00 -2.803124002295534489e-01 -7.640765697434136472e-01 -2.019640698506017518e-01 5.448141594489501749e-01
1403638589.677829266 -5.775483212507108277e+00 7.364689143889208367e+00 1.314442993448580843e+00 -2.806838152602136871e-01 -7.654928270094771836e-01 -1.997470486964147973e-01 5.434504983759618213e-01
1403638589.727829456 -5.771489074445852019e+00 7.340363657974277700e+00 1.320075035858742085e+00 -2.808140835347542330e-01 -7.664854628260555636e-01 -1.997627822154346144e-01 5.419763063145957016e-01
1403638589.777829409 -5.760209565839067736e+00 7.283128332494989365e+00 1.324660143437747406e+00 -2.806689158733230993e-01 -7.671661665590362444e-01 -1.995914933557235982e-01 5.411508739063801698e-01
1403638589.827829599 -5.745993452456982453e+00 7.216476771703566051e+00 1.332332595154674948e+00 -2.811833711818573223e-01 -7.676583587988448087e-01 -1.986631894517958963e-01 5.405270512138222738e-01
1403638589.877829313 -5.748612085515697245e+00 7.164926785535548959e+00 1.335111930073239250e+00 -2.813864202196486586e-01 -7.679103648812737326e-01 -1.993807818917525676e-01 5.397987197429369166e-01
1403638589.927829504 -5.745501785124462302e+00 7.104061645488567223e+00 1.337620438363843478e+00 -2.812563780529812596e-01 -7.681957959914670342e-01 -1.999382622858491554e-01 5.392538920579710293e-01
1403638589.977829456 -5.749158992884735753e+00 7.074485669118215192e+00 1.339642379752974177e+00 -2.820132954168181327e-01 -7.680172579765220942e-01 -1.997396050825446523e-01 5.391865009621806815e-01
1403638590.027829409 -5.762935364059047494e+00 7.051350520831921820e+00 1.336208148605989132e+00 -2.831387671598966649e-01 -7.675673805989806642e-01 -1.992541456366888342e-01 5.394168519968456366e-01
1403638590.077829361 -5.763153108642401712e+00 6.987920677834210892e+00 1.332913773331280360e+00 -2.831669378093298328e-01 -7.677104640533424229e-01 -1.998574325314795841e-01 5.389750786229488000e-01
1403638590.127829552 -5.759754993984037341e+00 6.932180463536566251e+00 1.328545876626612054e+00 -2.834427635651605160e-01 -7.668870470862323430e-01 -1.998496664553393865e-01 5.400042292534320554e-01
1403638590.177829266 -5.757767325934125324e+00 6.896228079152260548e+00 1.323224443281927343e+00 -2.832680137254683927e-01 -7.665869770811257755e-01 -2.001805953165053664e-01 5.403992674202834356e-01
1403638590.227829456 -5.763017849357691347e+00 6.852679737838588636e+00 1.316603874245098726e+00 -2.835385343597518482e-01 -7.660418935310451261e-01 -2.004691294635702892e-01 5.409231415095985263e-01
1403638590.277829409 -5.765194678560398245e+00 6.787042068844801435e+00 1.303038795529493532e+00 -2.839035256868806534e-01 -7.656362619094845279e-01 -2.001448504947057339e-01 5.414258410643899566e-01
1403638590.327829599 -5.763570447577080813e+00 6.720520243098275337e+00 1.296859750818326162e+00 -2.836886452061155861e-01 -7.656717436024521595e-01 -2.008734363249872201e-01 5.412184366860490758e-01
1403638590.377829313 -5.758440072949646549e+00 6.670162344703483903e+00 1.288174265483835956e+00 -2.841374244233128565e-01 -7.661772793891480360e-01 -2.005878897159469598e-01 5.403728334115556198e-01
1403638590.427829504 -5.751501373081080892e+00 6.604749149945870812e+00 1.277769599768639130e+00 -2.838806449518156416e-01 -7.667748166079297878e-01 -2.011621771324299535e-01 5.394459551511697759e-01
1403638590.477829456 -5.755422967281839775e+00 6.590068745791431759e+00 1.270877134878179104e+00 -2.844449408881017383e-01 -7.668663779551176951e-01 -2.007508633856630864e-01 5.391717025355406978e-01
1403638590.527829409 -5.747552139695164541e+00 6.582983654953602048e+00 1.267252205021528688e+00 -2.846681398048848122e-01 -7.669843799027079578e-01 -1.999107230186296658e-01 5.391982140061798434e-01
1403638590.577829361 -5.748304777049256131e+00 6.554664978917823071e+00 1.262172784220393362e+00 -2.851155219898438564e-01 -7.679802483853103157e-01 -1.992924230232482052e-01 5.377713336874871963e-01
1403638590.627829552 -5.753901072908872649e+00 6.521726868563153090e+00 1.256708597899401925e+00 -2.853417811431787632e-01 -7.690491173131639435e-01 -1.989204503005672364e-01 5.362594311954815840e-01
1403638590.677829266 -5.755613814116665949e+00 6.477409317171122893e+00 1.247581524286301757e+00 -2.862506000715536736e-01 -7.694918748828297739e-01 -1.975742127918111157e-01 5.356372642821625174e-01
1403638590.727829456 -5.753968135903726022e+00 6.385019318601728777e+00 1.240547634121474729e+00 -2.868571453864270926e-01 -7.697981392603114870e-01 -1.970477412298161091e-01 5.350663422495754995e-01
1403638590.777829409 -5.758880679886675402e+00 6.347093924851781921e+00 1.241974681455183527e+00 -2.869950854646453609e-01 -7.702348632960963615e-01 -1.970592134376294158e-01 5.343591888250143196e-01
1403638590.827829599 -5.754810505976053925e+00 6.266849545523037968e+00 1.236934284803134165e+00 -2.869537040728104005e-01 -7.706274239254519154e-01 -1.974315189318635311e-01 5.336775623400079605e-01
1403638590.877829313 -5.747923332886155201e+00 6.208286325092764457e+00 1.241697885886996255e+00 -2.869587932519339080e-01 -7.709735578392693522e-01 -1.973753528281321779e-01 5.331954558921362386e-01
1403638590.927829504 -5.748044081157996033e+00 6.144794029055476337e+00 1.237686942311804428e+00 -2.876656123215401428e-01 -7.709782889829516206e-01 -1.964744219086471400e-01 5.331404833064703475e-01
1403638590.977829456 -5.737034549009093709e+00 6.101937757266303386e+00 1.247052134410785884e+00 -2.879085760988288611e-01 -7.713031331656834411e-01 -1.959689757844191582e-01 5.327253411539109029e-01
1403638591.027829409 -5.738382314379125049e+00 6.059813042141865225e+00 1.252431663099780490e+00 -2.888186896791438696e-01 -7.716518581513068797e-01 -1.951537434885955158e-01 5.320264943647500244e-01
1403638591.077829361 -5.739238788204952257e+00 6.027949258960404677e+00 1.255820799173843261e+00 -2.893015124628689483e-01 -7.721013471194421163e-01 -1.945918351680777370e-01 5.313173838196515453e-01
1403638591.127829552 -5.742475771373948490e+00 5.979537478383318394e+00 1.262762814198728600e+00 -2.897281169865212336e-01 -7.743153869627137365e-01 -1.942875856313745486e-01 5.279636671303801210e-01
1403638591.177829266 -5.744537954424452586e+00 5.956928311994066583e+00 1.265992976092401801e+00 -2.905845724379408357e-01 -7.763630528370788486e-01 -1.934468865136660665e-01 5.247850212693946359e-01
1403638591.227829456 -5.745548415669720299e+00 5.901139207307458001e+00 1.264793507680660456e+00 -2.917624687526295113e-01 -7.790653494909828281e-01 -1.925401077910682823e-01 5.204422637926975348e-01
1403638591.277829409 -5.748537698019590358e+00 5.859714768668275120e+00 1.264421873580967803e+00 -2.932619318360890071e-01 -7.820131826655776219e-01 -1.910290757384446314e-01 5.157137904841548881e-01
1403638591.327829599 -5.748004296957167192e+00 5.823106107877320525e+00 1.263666972777405473e+00 -2.947603113279916864e-01 -7.846221617095251455e-01 -1.890915979461695318e-01 5.115943606083452888e-01
1403638591.377829313 -5.755519987641555701e+00 5.776152965199496947e+00 1.261748600713388679e+00 -2.960450661482548207e-01 -7.861033063218855199e-01 -1.878783966122079263e-01 5.090192714284021980e-01
1403638591.427829504 -5.762765811459602538e+00 5.751730922113495126e+00 1.258533686104756910e+00 -2.972284137014414851e-01 -7.875247798864817295e-01 -1.865876436154695339e-01 5.066014630883924896e-01
1403638591.477829456 -5.775713047956171131e+00 5.735773464865999038e+00 1.249200772638525470e+00 -2.984196988880192247e-01 -7.884898947112155554e-01 -1.853620543544579891e-01 5.048467867178865198e-01
1403638591.527829409 -5.781477959561746260e+00 5.694863138131209368e+00 1.240647613924292347e+00 -3.002979625502766314e-01 -7.895854656696775775e-01 -1.837878047329728204e-01 5.025912543238151287e-01
1403638591.577829361 -5.793242872591063630e+00 5.681166008641326037e+00 1.238263370181478917e+00 -3.013902158912952212e-01 -7.910030557292028197e-01 -1.826487796872173497e-01 5.001175130615128639e-01
1403638591.627829552 -5.800300024880090888e+00 5.650831501570688253e+00 1.228429497335335574e+00 -3.019617167830741522e-01 -7.914891574089080173e-01 -1.816302579059981270e-01 4.993740929549270180e-01
1403638591.677829266 -5.802370356002851004e+00 5.607027309899734746e+00 1.228266405369452974e+00 -3.023967268865079827e-01 -7.913958718450626595e-01 -1.810338968138106019e-01 4.994752464330205477e-01
1403638591.727829456 -5.815973792564091305e+00 5.602900698402895507e+00 1.225915881499454851e+00 -3.021282185437855206e-01 -7.907616109418806882e-01 -1.811602544906744383e-01 5.005952221236580346e-01
1403638591.777829409 -5.821734304373441304e+00 5.597239916201578680e+00 1.219391793102450272e+00 -3.007250156075426673e-01 -7.898407988318452144e-01 -1.822225907795173294e-01 5.025046317180733579e-01
1403638591.827829599 -5.833554930810261219e+00 5.581030939175502859e+00 1.217178602467459125e+00 -3.005467084880713013e-01 -7.886445605859472296e-01 -1.823356676469481963e-01 5.044453760110466645e-01
1403638591.877829313 -5.853050829153074730e+00 5.523331608150511940e+00 1.201739087984588839e+00 -2.997136611312838372e-01 -7.876117884024569360e-01 -1.834332839734301168e-01 5.061537537463179914e-01
1403638591.927829504 -5.868506310176428542e+00 5.516380756960595377e+00 1.199372555666373019e+00 -2.991812856514710073e-01 -7.858587855534640010e-01 -1.839348806412232362e-01 5.090034254971834704e-01
1403638591.977829456 -5.873760647853308647e+00 5.482266754006208664e+00 1.183344491488355965e+00 -2.985778290480335384e-01 -7.853239328581026468e-01 -1.846783127679913761e-01 5.099132487731745655e-01
1403638592.027829409 -5.885039597117431853e+00 5.479208225203541893e+00 1.179047327250429156e+00 -2.977028908657214923e-01 -7.836903079036597886e-01 -1.851300779882995851e-01 5.127663642362917384e-01
1403638592.077829361 -5.911946851221916432e+00 5.467538292702093017e+00 1.188433913500442030e+00 -2.976334954532691701e-01 -7.826473082038212237e-01 -1.856183563829931493e-01 5.142210800028116369e-01
1403638592.127829552 -5.928829335489978369e+00 5.469444494735810736e+00 1.193591461142760712e+00 -2.966352754189590102e-01 -7.820506122314283548e-01 -1.853499454569144667e-01 5.158001076043756683e-01
1403638592.177829266 -5.950643433362036383e+00 5.471065408600072288e+00 1.194525334226877122e+00 -2.954516595928604605e-01 -7.799880389759078492e-01 -1.834099400774532873e-01 5.202766281307735774e-01
1403638592.227829456 -5.977176942876101684e+00 5.491317451344420952e+00 1.210871317540711312e+00 -2.931017050740493679e-01 -7.774690659155422123e-01 -1.815195833957344851e-01 5.260074931699532108e-01
1403638592.277829409 -5.996806537021517336e+00 5.490145676317525592e+00 1.222834319095984279e+00 -2.895240747982785745e-01 -7.751342729932133579e-01 -1.783669886170435592e-01 5.324733667660487280e-01
1403638592.327829599 -6.013534212982142080e+00 5.475617261567793825e+00 1.243785166046186053e+00 -2.854942564678704664e-01 -7.738698776682536584e-01 -1.747759425073059369e-01 5.376539889950254780e-01
1403638592.377829313 -6.038206664738314799e+00 5.459369905294330749e+00 1.261467992676869265e+00 -2.802331198864588813e-01 -7.733851485365556000e-01 -1.700012809733067176e-01 5.426272892227465006e-01
1403638592.427829504 -6.050222118679851491e+00 5.436845732435090284e+00 1.274392799401889098e+00 -2.732234630104903306e-01 -7.743438072118167259e-01 -1.643657912255698794e-01 5.465569450368884530e-01
1403638592.477829456 -6.071654994539644079e+00 5.472210919091956782e+00 1.295012058021872248e+00 -2.661476103871751597e-01 -7.765398825312702646e-01 -1.583788892632504164e-01 5.486960795916594469e-01
1403638592.527829409 -6.097023212497356681e+00 5.502317122155714557e+00 1.316117839430186010e+00 -2.586429564241548573e-01 -7.802882366190042607e-01 -1.541093684452541357e-01 5.481828084166656678e-01
1403638592.577829361 -6.118557393767353858e+00 5.531820399903851104e+00 1.336365025532215256e+00 -2.519399869743662590e-01 -7.843136370336684093e-01 -1.503519371152377548e-01 5.466010032300256949e-01
1403638592.627829552 -6.137969615362836251e+00 5.534134318379089201e+00 1.359838210131151470e+00 -2.458185029684499812e-01 -7.881180978586721508e-01 -1.469770127563832796e-01 5.448310611071919274e-01
1403638592.677829266 -6.162887868513006850e+00 5.528679663621576701e+00 1.382591539546286885e+00 -2.411857593969830293e-01 -7.918022501633182886e-01 -1.437279822585099953e-01 5.424213244483515606e-01
1403638592.727829456 -6.183246661903673669e+00 5.545005175295488975e+00 1.406843027929407963e+00 -2.369726721408495773e-01 -7.954758252750031566e-01 -1.409897629064266744e-01 5.396147244257403219e-01
1403638592.777829409 -6.208444345275449194e+00 5.543497674319169732e+00 1.427150993401468337e+00 -2.342274089267006032e-01 -7.989236065036459111e-01 -1.385032087163298731e-01 5.363538506004899009e-01
1403638592.827829599 -6.235676480516813669e+00 5.534283436647879917e+00 1.451820558172558284e+00 -2.324933923740034603e-01 -8.018835025675934425e-01 -1.356956649522235991e-01 5.334007473987356640e-01
1403638592.877829313 -6.263004488752259569e+00 5.523987320439312398e+00 1.465798286716603505e+00 -2.303921124962997058e-01 -8.037508345574846391e-01 -1.344592412180294905e-01 5.318127329227002598e-01
1403638592.927829504 -6.274140305751743973e+00 5.512653363375674687e+00 1.486028255523065944e+00 -2.286021856250851636e-01 -8.051623753276024864e-01 -1.336106155875517731e-01 5.306625985374912036e-01
1403638592.977829456 -6.302710633274885232e+00 5.516556354237224902e+00 1.506864060976268238e+00 -2.270578337297765870e-01 -8.061571969034285745e-01 -1.333590820028683344e-01 5.298779758303795440e-01
1403638593.027829409 -6.332671708548584633e+00 5.549389476710540947e+00 1.530741761810806345e+00 -2.266626458104245845e-01 -8.063258774690561514e-01 -1.323693986377177390e-01 5.300386463478523602e-01
1403638593.077829361 -6.355355547393382487e+00 5.566483398404914240e+00 1.548031510814380063e+00 -2.261212145051080535e-01 -8.068001780186867533e-01 -1.321176055785752423e-01 5.296108074765227824e-01
1403638593.127829552 -6.381695903022857941e+00 5.575354375582113775e+00 1.565944014481854163e+00 -2.256866911588063795e-01 -8.064405736549932202e-01 -1.318117113043149879e-01 5.304194485120460323e-01
1403638593.177829266 -6.404263630128159690e+00 5.558865916280672614e+00 1.582731568886539764e+00 -2.250958955527827543e-01 -8.049191006854259367e-01 -1.321494334776383006e-01 5.328917398389614313e-01
1403638593.227829456 -6.428182510461645016e+00 5.559396824292795358e+00 1.600489818119787522e+00 -2.233322438311242664e-01 -8.029147891576515761e-01 -1.350015387828307212e-01 5.359338902733687959e-01
1403638593.277829409 -6.458839871792577014e+00 5.572521174561723356e+00 1.625048861907249176e+00 -2.211297039675197973e-01 -8.017927702544368485e-01 -1.391371405298448549e-01 5.374670815186088912e-01
1403638593.327829599 -6.485715204687775959e+00 5.578799084341929060e+00 1.650601623152481379e+00 -2.186018536661971934e-01 -8.004136372743845262e-01 -1.433716468122476495e-01 5.394402744783118875e-01
1403638593.377829313 -6.515961040409716354e+00 5.579482308462719864e+00 1.679993405899161685e+00 -2.158759652320106359e-01 -7.985461888525642316e-01 -1.483291463690339929e-01 5.419594230582456262e-01
1403638593.427829504 -6.539996646244815359e+00 5.598048209677461529e+00 1.702244087635718994e+00 -2.129244256028808846e-01 -7.959283569362877175e-01 -1.537239640367878413e-01 5.454632732707134224e-01
1403638593.477829456 -6.569813493400311621e+00 5.619935688871329660e+00 1.719994387064964769e+00 -2.117580178160792803e-01 -7.935672848276503766e-01 -1.566777529689930282e-01 5.485085123008240915e-01
1403638593.527829409 -6.607604451394391454e+00 5.644074610321174745e+00 1.745613291235342146e+00 -2.112656083209394353e-01 -7.919729265422916775e-01 -1.596572034844687960e-01 5.501411671019906802e-01
1403638593.577829361 -6.632974819748920225e+00 5.665254750289945740e+00 1.760524317964113683e+00 -2.106216299908855449e-01 -7.909581163582759533e-01 -1.617857844648236121e-01 5.512251328559431007e-01
1403638593.627829552 -6.667035095841677084e+00 5.678526833769102389e+00 1.781059013912331457e+00 -2.108313288547825626e-01 -7.903430158351394397e-01 -1.629442569807330876e-01 5.516858138568909720e-01
1403638593.677829266 -6.694601085402434926e+00 5.678310181951568225e+00 1.801274467313372929e+00 -2.102197441599235883e-01 -7.899801997126680853e-01 -1.642198347958307436e-01 5.520604940465307919e-01
1403638593.727829456 -6.723077192162130622e+00 5.690724809984280874e+00 1.810204678773899012e+00 -2.104448803572111226e-01 -7.883500318052713007e-01 -1.646993911952311651e-01 5.541581815907682396e-01
1403638593.777829409 -6.745087746990059863e+00 5.701228865008818758e+00 1.825851126053139373e+00 -2.101174722981481446e-01 -7.865754627191768877e-01 -1.653254038233302192e-01 5.566122529497555815e-01
1403638593.827829599 -6.760411057042415628e+00 5.696761171379693955e+00 1.828600069697995156e+00 -2.104805560395242858e-01 -7.826346727564246208e-01 -1.640322903647599140e-01 5.623827097683820053e-01
1403638593.877829313 -6.776372099558843232e+00 5.698770378241962753e+00 1.837811620770678722e+00 -2.088891852192996113e-01 -7.770766699597827509e-01 -1.617927647391564361e-01 5.712619876910171035e-01
1403638593.927829504 -6.803034935688051732e+00 5.699344921385205431e+00 1.855610450702918746e+00 -2.075838972231273394e-01 -7.738776239281288660e-01 -1.590904137323730649e-01 5.768124383675112821e-01
1403638593.977829456 -6.828136978086750908e+00 5.689952279459724593e+00 1.872437691624080136e+00 -2.057443331084004845e-01 -7.736982281001102413e-01 -1.555271810669384969e-01 5.786809286453988843e-01
1403638594.027829409 -6.847559390678960689e+00 5.703926350433878412e+00 1.887309070217134677e+00 -2.046917982622891152e-01 -7.764477137457607148e-01 -1.512449396972979088e-01 5.765025444515335939e-01
1403638594.077829361 -6.863543573326452041e+00 5.717032213903706861e+00 1.900253075417459803e+00 -2.037139519784663122e-01 -7.793889533590272478e-01 -1.474006214035992191e-01 5.738697953029661125e-01
1403638594.127829552 -6.875411445904594743e+00 5.720715113175445232e+00 1.917992983724891243e+00 -2.015532602802543316e-01 -7.827044220558976306e-01 -1.456442945862024274e-01 5.705592085130437585e-01
1403638594.177829266 -6.893068799051832229e+00 5.726655081324504515e+00 1.939234249318562808e+00 -1.990410382174443993e-01 -7.859991571965223578e-01 -1.449833454332980776e-01 5.670695015063383915e-01
1403638594.227829456 -6.904569003518474801e+00 5.747903181137719031e+00 1.954936197284828481e+00 -1.967590631503569054e-01 -7.878333162857389382e-01 -1.452923681723182758e-01 5.652385908351342803e-01
1403638594.277829409 -6.921407216281755481e+00 5.722689829097978631e+00 1.979242281065765718e+00 -1.941763442082403424e-01 -7.887221457409088199e-01 -1.453393687685232971e-01 5.648799802203534615e-01
1403638594.327829599 -6.939959153773266110e+00 5.736412186507658717e+00 1.994718559050106199e+00 -1.925834541027081626e-01 -7.883742289956627847e-01 -1.455180978503236855e-01 5.658640927461188186e-01
1403638594.377829313 -6.952507682027970759e+00 5.748291330350437711e+00 2.008661882646406216e+00 -1.894564182412853404e-01 -7.878414666922936016e-01 -1.479630116153058672e-01 5.670264862782405935e-01
1403638594.427829504 -6.964386705180628745e+00 5.760181417352051803e+00 2.021441867236900336e+00 -1.862015989733540045e-01 -7.871613597728216449e-01 -1.498963097006636158e-01 5.685394045785142625e-01
1403638594.477829456 -6.971542251140788515e+00 5.777051500514248872e+00 2.043744862871978984e+00 -1.838427346850452504e-01 -7.868363841494061539e-01 -1.512774930463993139e-01 5.693904403656675495e-01
1403638594.527829409 -6.978061693178933211e+00 5.754902714897229821e+00 2.067946012801874733e+00 -1.843487946984569137e-01 -7.872155580623080295e-01 -1.480560386308966137e-01 5.695494679681490924e-01
1403638594.577829361 -6.990263984435921785e+00 5.742130713660326791e+00 2.093455426913767958e+00 -1.853451546698293984e-01 -7.872768928857964976e-01 -1.454562647000379461e-01 5.698111464582062968e-01
1403638594.627829552 -6.999287674940460668e+00 5.707594628707369999e+00 2.120357403275123342e+00 -1.866007425393346741e-01 -7.877609807563964450e-01 -1.421439406820589890e-01 5.695681699400563236e-01
1403638594.677829266 -7.015877034522214117e+00 5.678128984459342554e+00 2.139791005917762057e+00 -1.881602865781673850e-01 -7.876690689827666736e-01 -1.397689061336902794e-01 5.697699511213586421e-01
1403638594.727829456 -7.020468220427470207e+00 5.671678438054315485e+00 2.161950979123903327e+00 -1.891619093205732238e-01 -7.879523725658910127e-01 -1.382255700315237479e-01 5.694229732101074859e-01
1403638594.777829409 -7.030881037224790298e+00 5.664093791317417192e+00 2.181174592206998941e+00 -1.900037097802228792e-01 -7.879369666713604836e-01 -1.375217765734452202e-01 5.693344252638967706e-01
1403638594.827829599 -7.044282772325427544e+00 5.655156035599737230e+00 2.200531821878183525e+00 -1.910884489841304934e-01 -7.878193336745267228e-01 -1.369026924990440208e-01 5.692833696323620352e-01
1403638594.877829313 -7.048747830536084891e+00 5.632770349541991628e+00 2.220631576822776676e+00 -1.916742567305680378e-01 -7.880437324875138039e-01 -1.364881980957512175e-01 5.688752295314913887e-01
1403638594.927829504 -7.058756941808731256e+00 5.621621606001947491e+00 2.235580480902120915e+00 -1.921836952273695276e-01 -7.888198569821018857e-01 -1.367867195269616420e-01 5.675544501460122460e-01
1403638594.977829456 -7.058646240655675363e+00 5.624987668663502305e+00 2.245177074627955793e+00 -1.922602967074718838e-01 -7.898536438519500047e-01 -1.374541356667753900e-01 5.659271686284833569e-01
1403638595.027829409 -7.068159863053020686e+00 5.605018305829016612e+00 2.254948982482162467e+00 -1.936114163301490554e-01 -7.901702584509020522e-01 -1.360446759036675890e-01 5.653648629730487762e-01
1403638595.077829361 -7.076127566925424439e+00 5.612695313765227567e+00 2.267509336154402977e+00 -1.942209625890423119e-01 -7.909748429506938683e-01 -1.363132336383750809e-01 5.639642877391803921e-01
1403638595.127829552 -7.079932801196521908e+00 5.589972158787894330e+00 2.284989039508787734e+00 -1.948960754711174248e-01 -7.914902584429923671e-01 -1.358951203149959541e-01 5.631085213618904906e-01
1403638595.177829266 -7.086072791301298857e+00 5.575384076524573906e+00 2.297910116187917851e+00 -1.952549527828017495e-01 -7.918720202239264427e-01 -1.359469932048637530e-01 5.624345491155572363e-01
1403638595.227829456 -7.090329189398185683e+00 5.560983287161206157e+00 2.308460273759852743e+00 -1.953443819571165918e-01 -7.920670649480632264e-01 -1.365751709289426408e-01 5.619764761518782903e-01
1403638595.277829409 -7.086522212416878297e+00 5.546672971568365362e+00 2.310163395417725862e+00 -1.954399624645047073e-01 -7.921779297225798322e-01 -1.360807084094034225e-01 5.619069224801520601e-01
1403638595.327829599 -7.095742145954295310e+00 5.559118625266894931e+00 2.306191784481277374e+00 -1.957928737144599696e-01 -7.919846897546111153e-01 -1.371193787692387978e-01 5.618039495792673810e-01
1403638595.377829313 -7.100502405520746407e+00 5.558383488824225616e+00 2.307719540974122463e+00 -1.967719941014602347e-01 -7.920454564608941928e-01 -1.365893090202860150e-01 5.615052429838476300e-01
1403638595.427829504 -7.100839652425491089e+00 5.552482577975194289e+00 2.313240472929191327e+00 -1.967682557152239664e-01 -7.924725178998034414e-01 -1.368531255785889467e-01 5.608393566215774673e-01
1403638595.477829456 -7.102952099791556506e+00 5.554593429460564558e+00 2.315191487903241363e+00 -1.970400704810909287e-01 -7.929476743597054789e-01 -1.364279400432190648e-01 5.601755202861914418e-01
1403638595.527829409 -7.103587376421222288e+00 5.536204968778557500e+00 2.323443418395629401e+00 -1.970024554753594948e-01 -7.931600100095378414e-01 -1.362632457032209587e-01 5.599281730086211883e-01
1403638595.577829361 -7.117377441871854948e+00 5.501577504178630562e+00 2.357971697301788794e+00 -1.975196767891529981e-01 -7.931005151674176412e-01 -1.353685688111637697e-01 5.600472307763895152e-01
1403638595.627829552 -7.129557272647633503e+00 5.476232737425812402e+00 2.355102435980844344e+00 -1.969344651506464705e-01 -7.931250994204001037e-01 -1.364303161682497434e-01 5.599608575029514368e-01
1403638595.677829266 -7.137237860862844840e+00 5.448833119377471057e+00 2.357644253766240983e+00 -1.958214859506399730e-01 -7.932575291167859310e-01 -1.382539208656986540e-01 5.597162598182010562e-01
1403638595.727829456 -7.128419342786628476e+00 5.461093411078809190e+00 2.358698252228923486e+00 -1.938096271063114717e-01 -7.939486064010032873e-01 -1.405909874550717309e-01 5.588538387460761925e-01
1403638595.777829409 -7.130252683432296124e+00 5.441686936400779828e+00 2.364590497271497949e+00 -1.928042734412319104e-01 -7.943027055198024211e-01 -1.422470543817999644e-01 5.582790517889972826e-01
1403638595.827829599 -7.122194215658135263e+00 5.443239195441257117e+00 2.369132265577986729e+00 -1.923552586719983748e-01 -7.946810063655178613e-01 -1.427813159308377322e-01 5.577589518817021030e-01
1403638595.877829313 -7.119337935387317629e+00 5.432293161017593519e+00 2.370440745215462996e+00 -1.922881464387767858e-01 -7.946506673001477727e-01 -1.430953791911368789e-01 5.577448324751330677e-01
1403638595.927829504 -7.124914708082132897e+00 5.407974081609598471e+00 2.362715839123895822e+00 -1.919289914241663619e-01 -7.942564491894723577e-01 -1.442039865391603615e-01 5.581443947922858362e-01
1403638595.977829456 -7.126415793666859955e+00 5.385976740243651584e+00 2.357594139839404690e+00 -1.909231750757223178e-01 -7.943371592976897766e-01 -1.457856988253517505e-01 5.579635728216365553e-01
1403638596.027829409 -7.124417237687164395e+00 5.368738647046827239e+00 2.344305687126175375e+00 -1.889151195664714178e-01 -7.942723284490604829e-01 -1.485545530806816061e-01 5.580090416994089031e-01
1403638596.077829361 -7.122460217805680394e+00 5.352682936539394198e+00 2.334235077331374253e+00 -1.855781874472161586e-01 -7.954240248324883078e-01 -1.534548038008441972e-01 5.561591321317446157e-01
1403638596.127829552 -7.118222171738703530e+00 5.334267830900323304e+00 2.323905772687082205e+00 -1.817765705274356214e-01 -7.957772943618431905e-01 -1.584944785983698479e-01 5.554955233296300365e-01
1403638596.177829266 -7.122572683686592576e+00 5.310976404058714628e+00 2.316233121453081800e+00 -1.778035995638939104e-01 -7.969882369748070294e-01 -1.645363621845679358e-01 5.532842087254796759e-01
1403638596.227829456 -7.130112424427681894e+00 5.276984187035347773e+00 2.317210923149355395e+00 -1.737535279575505021e-01 -7.980794551605866483e-01 -1.700843916339661588e-01 5.513167823451321503e-01
1403638596.277829409 -7.125815378361676444e+00 5.272149160748829111e+00 2.308786976634378707e+00 -1.693291511406533612e-01 -7.991710446189778105e-01 -1.758202173065346596e-01 5.493091399229403926e-01
1403638596.327829599 -7.131804823246764791e+00 5.240718412349722577e+00 2.305457744214504778e+00 -1.655065594925119177e-01 -7.994607803997170192e-01 -1.809115530526256288e-01 5.483986226639472328e-01
1403638596.377829313 -7.133184091726195497e+00 5.210448270617194844e+00 2.304569584726880560e+00 -1.616436558263030510e-01 -7.995007892585482834e-01 -1.849554731732259982e-01 5.481434934844472417e-01
1403638596.427829504 -7.132996342245253807e+00 5.197505180936921931e+00 2.307211540023234697e+00 -1.598331820809940906e-01 -7.997567276401463809e-01 -1.873608449234279993e-01 5.474837388359291568e-01
1403638596.477829456 -7.137725060551719736e+00 5.170533971505926196e+00 2.315985831990028387e+00 -1.571073227193773569e-01 -7.995330463861958226e-01 -1.904767614609426118e-01 5.475242462464195992e-01
1403638596.527829409 -7.143616153273831593e+00 5.150824169984459466e+00 2.321040242853662061e+00 -1.545153135176468018e-01 -7.998621159558978455e-01 -1.939409718706556485e-01 5.465642805534980386e-01
1403638596.577829361 -7.150753662140276745e+00 5.102281903266091767e+00 2.328117360556561266e+00 -1.515951207411133927e-01 -8.004751874585308569e-01 -1.973444134522766291e-01 5.452646844514086322e-01
1403638596.627829552 -7.160191394166297130e+00 5.057257831441390294e+00 2.333046540150299553e+00 -1.485743193786329130e-01 -8.003546028810710755e-01 -2.010553696615647035e-01 5.449173511630096556e-01
1403638596.677829266 -7.171874636520183977e+00 5.006568268793512466e+00 2.343065545966593000e+00 -1.454834268814728659e-01 -8.006334688414316059e-01 -2.049872639383902018e-01 5.438757603504796867e-01
1403638596.727829456 -7.182747093696748131e+00 4.947757349070352362e+00 2.354544083271018273e+00 -1.434020538113137400e-01 -8.009270661826780602e-01 -2.072781949056325401e-01 5.431274579096213584e-01
1403638596.777829409 -7.189738541318142495e+00 4.920741066606441727e+00 2.365078180543803033e+00 -1.418242054737929025e-01 -8.008284278810972046e-01 -2.088282389486892654e-01 5.430934454187482663e-01
1403638596.827829599 -7.202039685140447567e+00 4.867978262082572449e+00 2.382528295493234527e+00 -1.397227945880570310e-01 -8.007450784282965639e-01 -2.112201714198650992e-01 5.428359782021889846e-01
1403638596.877829313 -7.225282799833497194e+00 4.801952338298351997e+00 2.400419265011433989e+00 -1.387993772960075811e-01 -8.002388691441347790e-01 -2.125191163457738064e-01 5.433121665863632765e-01
1403638596.927829504 -7.251113436842318904e+00 4.724235817065222776e+00 2.417301769772960185e+00 -1.381801562467679101e-01 -7.995507049127057453e-01 -2.140696947781904891e-01 5.438741402850356677e-01
1403638596.977829456 -7.273821508236547828e+00 4.631751484580524547e+00 2.434516691695558066e+00 -1.380633831776097165e-01 -7.987033894518864585e-01 -2.143752393558106817e-01 5.450272054262609300e-01
1403638597.027829409 -7.298638528419233218e+00 4.550685852063169889e+00 2.452485581076830012e+00 -1.381697018131142762e-01 -7.982665776833932636e-01 -2.155331549805016844e-01 5.451835136526682613e-01
1403638597.077829361 -7.315741163909476263e+00 4.489690084334874598e+00 2.469142019183025116e+00 -1.373175436807306804e-01 -7.977865420151739606e-01 -2.172581059353065613e-01 5.454167589856079301e-01
1403638597.127829552 -7.342863503803111591e+00 4.404722803115470597e+00 2.483927630709396261e+00 -1.373105166441379033e-01 -7.967688606995854128e-01 -2.182706653582099365e-01 5.465007971471670389e-01
1403638597.177829266 -7.362583609628654102e+00 4.325754931203148246e+00 2.497795638668965701e+00 -1.370848235381565139e-01 -7.960011268730152745e-01 -2.196996920945856191e-01 5.471032831796449614e-01
1403638597.227829456 -7.387784044553297846e+00 4.223647257002375532e+00 2.512686713588157428e+00 -1.384087452021056652e-01 -7.946322884572510903e-01 -2.188027802220206264e-01 5.491155513731922344e-01
1403638597.277829409 -7.415003995117551483e+00 4.116262433675020205e+00 2.527103190569822910e+00 -1.399464830553941164e-01 -7.933147995674342257e-01 -2.173695987201419433e-01 5.511960342926575107e-01
1403638597.327829599 -7.443151790267509504e+00 4.012354023441480066e+00 2.539913847799984303e+00 -1.420587955731161811e-01 -7.924901849454749625e-01 -2.153966600917587848e-01 5.526145891909822749e-01
1403638597.377829313 -7.465969950070647343e+00 3.927769700210619774e+00 2.543558307352690395e+00 -1.448696145033486204e-01 -7.914894772793814592e-01 -2.127936893172190091e-01 5.543248577652184483e-01
1403638597.427829504 -7.489364562399654979e+00 3.823197620441774802e+00 2.542038933766607389e+00 -1.474771043145510496e-01 -7.900985442834134176e-01 -2.094158142224271935e-01 5.569019759147781912e-01
1403638597.477829456 -7.515364290294097138e+00 3.716960637480143159e+00 2.542047165279895271e+00 -1.515913371049897040e-01 -7.877120191738420374e-01 -2.042006755225522774e-01 5.610988553543158064e-01
1403638597.527829409 -7.535910686207585307e+00 3.611039333800293072e+00 2.544952339376704398e+00 -1.562495566975998784e-01 -7.850277664907802100e-01 -1.975709139277566639e-01 5.659356993864689267e-01
1403638597.577829361 -7.556370843848601027e+00 3.511346330958801332e+00 2.553481844833596082e+00 -1.606660963149136867e-01 -7.829893470921309717e-01 -1.913637443058074927e-01 5.696437528845786913e-01
1403638597.627829552 -7.574991471917934760e+00 3.408850535345405497e+00 2.555702537958052023e+00 -1.632941574063984103e-01 -7.815791921295724975e-01 -1.880963617043089897e-01 5.719167275929435412e-01
1403638597.677829266 -7.606400997550920806e+00 3.282517018750771509e+00 2.561585674863118278e+00 -1.647671535069612780e-01 -7.806166849381108719e-01 -1.865656922496727044e-01 5.733084848463765315e-01
1403638597.727829456 -7.629528393528855368e+00 3.175772082757322146e+00 2.561936068106096531e+00 -1.637779871974300305e-01 -7.811949060193277283e-01 -1.873683718654284847e-01 5.725420359619989297e-01
1403638597.777829409 -7.661776099167217247e+00 3.030408820245493740e+00 2.562025602236854382e+00 -1.594548411948299715e-01 -7.828844726256067865e-01 -1.903139276553791337e-01 5.704793292325676113e-01
1403638597.827829599 -7.695855593155428664e+00 2.913504766262308365e+00 2.559886895349040792e+00 -1.544154189127521226e-01 -7.842981178620848093e-01 -1.925444810661673667e-01 5.691739308251485552e-01
1403638597.877829313 -7.719676866529585624e+00 2.781660392859324205e+00 2.555648366386454207e+00 -1.484080420029094127e-01 -7.860086419196230523e-01 -1.945224638168318865e-01 5.677380372734962544e-01
1403638597.927829504 -7.747104081702469003e+00 2.650229567841512424e+00 2.548731480930708670e+00 -1.431958716172537782e-01 -7.873132984996535910e-01 -1.963716220436898252e-01 5.666311837635664705e-01
1403638597.977829456 -7.773946492400505726e+00 2.514350271649231416e+00 2.540876086565089675e+00 -1.393458060338072790e-01 -7.877828278579686039e-01 -1.955763168475826708e-01 5.672132462850500989e-01
1403638598.027829409 -7.792234414586308056e+00 2.392922353693766713e+00 2.530549072421840684e+00 -1.363198596153408493e-01 -7.885340897268429128e-01 -1.938675680020334191e-01 5.674911904955796116e-01
1403638598.077829361 -7.820311883787111285e+00 2.256404036343466757e+00 2.532478143612054478e+00 -1.362376226345794472e-01 -7.882805456014445600e-01 -1.885615472169630547e-01 5.696469384770816990e-01
1403638598.127829552 -7.836734582806019311e+00 2.135218150905113355e+00 2.536304625257606027e+00 -1.398468957133459922e-01 -7.892984430388348960e-01 -1.781752089676335582e-01 5.707051852621910504e-01
1403638598.177829266 -7.861438922117111261e+00 1.996581627682922466e+00 2.544702376984571579e+00 -1.454327869942332874e-01 -7.897466697612300912e-01 -1.665225041305903320e-01 5.722060447830084051e-01
1403638598.227829456 -7.885728178983089087e+00 1.858826916292527498e+00 2.548931846247452615e+00 -1.499402552287706081e-01 -7.897979022318067921e-01 -1.568167489874252307e-01 5.737122107199597032e-01
1403638598.277829409 -7.908780015273607411e+00 1.730201462711139726e+00 2.544729552438462772e+00 -1.541436158229276820e-01 -7.911697009369179634e-01 -1.488232199759775831e-01 5.728367125249597125e-01
1403638598.327829599 -7.939941252808424110e+00 1.570094637737802890e+00 2.538668035252305000e+00 -1.575696120662464783e-01 -7.915007691257647249e-01 -1.429168272012929231e-01 5.729512460317469635e-01
1403638598.377829313 -7.956852772702929677e+00 1.430567359726977905e+00 2.535660289337396733e+00 -1.596125154190739803e-01 -7.925112940414198448e-01 -1.382704611062625100e-01 5.721284587606629835e-01
1403638598.427829504 -7.986478031691779833e+00 1.264078227785727204e+00 2.532020497447131646e+00 -1.611375972286060165e-01 -7.933810268102057250e-01 -1.357399735150995046e-01 5.711005871535198564e-01
1403638598.477829456 -8.010829425026939177e+00 1.107199307108779118e+00 2.523868896907750958e+00 -1.616390875041134878e-01 -7.944727308533227061e-01 -1.342447498661117899e-01 5.697931488309477821e-01
1403638598.527829409 -8.040595561206229647e+00 9.368088384083669284e-01 2.521452602117207675e+00 -1.613066399333649148e-01 -7.948688169517338364e-01 -1.321633585591814319e-01 5.698215320655373173e-01
1403638598.577829361 -8.062498052096502832e+00 8.182828758832531024e-01 2.512434020287431569e+00 -1.602034819556646672e-01 -7.966595551483498516e-01 -1.294142841035199332e-01 5.682608033553678828e-01
1403638598.627829552 -8.072143824549533164e+00 6.917759976116928389e-01 2.506243423475222443e+00 -1.566780534852958151e-01 -7.984525083674969270e-01 -1.270534406773101144e-01 5.672592023491271895e-01
1403638598.677829266 -8.097254749151566955e+00 5.614736918626214157e-01 2.499512402147717527e+00 -1.518078611812142820e-01 -7.995271919803527139e-01 -1.247601551128052766e-01 5.675786696695237499e-01
1403638598.727829456 -8.125556004991162595e+00 4.187277050044877491e-01 2.485957080507541495e+00 -1.467500179448884001e-01 -8.008277805471413213e-01 -1.212951137102786792e-01 5.678263762164675876e-01
1403638598.777829409 -8.142417913193947143e+00 2.810732642094742606e-01 2.480122992873949439e+00 -1.411087092378361385e-01 -8.022741688311522124e-01 -1.165383782020037035e-01 5.682106093778631628e-01
1403638598.827829599 -8.169581993269554587e+00 1.346019257798904967e-01 2.473844029511385045e+00 -1.342561230639068570e-01 -8.025697179545990823e-01 -1.124513608991970226e-01 5.702734718308779538e-01
1403638598.877829313 -8.182424366545230754e+00 -3.859023303276825582e-03 2.468194500172981698e+00 -1.268442149993853352e-01 -8.039222698685070112e-01 -1.074182292476507927e-01 5.710348966183733666e-01
1403638598.927829504 -8.198093910455234834e+00 -1.415949964288094887e-01 2.467215158142022524e+00 -1.187317893320102846e-01 -8.058402976823604291e-01 -1.029281008782377549e-01 5.709027788361370481e-01
1403638598.977829456 -8.219126726609214728e+00 -2.780322551235335227e-01 2.463879815869483902e+00 -1.106806523431668465e-01 -8.070538003390798076e-01 -9.728128981561388888e-02 5.717956865935159838e-01
1403638599.027829409 -8.235622095360771056e+00 -4.273844576735503220e-01 2.461615936317888220e+00 -1.034120162830220735e-01 -8.082508302185313909e-01 -9.041366709804916912e-02 5.725922800223717246e-01
1403638599.077829361 -8.259230346409699663e+00 -6.042721458628573794e-01 2.463725942828722371e+00 -9.417647578339823078e-02 -8.091875512726615094e-01 -8.565033327697138543e-02 5.735942108179931109e-01
1403638599.127829552 -8.276522069443991825e+00 -7.507014386283065166e-01 2.467946268972430968e+00 -8.536458728712216504e-02 -8.103687001646336929e-01 -8.024937810385493475e-02 5.740866610057457908e-01
1403638599.177829266 -8.292003580819853781e+00 -9.007899806826993316e-01 2.473012763225886701e+00 -7.682036894431777674e-02 -8.112252136534703340e-01 -7.401322341975691277e-02 5.749211479908855615e-01
1403638599.227829456 -8.304880104595032009e+00 -1.017310391803321501e+00 2.469592686262296333e+00 -6.712604403692287725e-02 -8.126056277778450632e-01 -6.909202163031268051e-02 5.747977735367142404e-01
1403638599.277829409 -8.320202636455190870e+00 -1.155219012982456661e+00 2.473074554200395792e+00 -5.792859325135663040e-02 -8.138441062238120915e-01 -6.341589244559231453e-02 5.747003335948333014e-01
1403638599.327829599 -8.333937813745922796e+00 -1.265355651861710173e+00 2.478958423228231123e+00 -4.925965196687585868e-02 -8.153513340632573270e-01 -5.615472109970422870e-02 5.741274562565209516e-01
1403638599.377829313 -8.358177141010607158e+00 -1.416873889934844755e+00 2.492974374066021959e+00 -4.137418246793062027e-02 -8.176601238728883336e-01 -5.145289869760553969e-02 5.719026998265501760e-01
1403638599.427829504 -8.367602548189033485e+00 -1.563681510007979281e+00 2.499786954380411430e+00 -3.353845661166266617e-02 -8.188788445238890379e-01 -4.716868350313564717e-02 5.710409137845634531e-01
1403638599.477829456 -8.379459698329041473e+00 -1.703833560120186608e+00 2.504517912195924900e+00 -2.787825344291369051e-02 -8.201140983135420948e-01 -4.241349112496588941e-02 5.699445275664386523e-01
1403638599.527829409 -8.390767543661436179e+00 -1.832981449718655398e+00 2.511129777706094135e+00 -2.244485356201365855e-02 -8.213799860930682817e-01 -4.020040262030614986e-02 5.685200740725836477e-01
1403638599.577829361 -8.406296522400793947e+00 -1.966154547540440056e+00 2.510366331909156035e+00 -1.957757187613485758e-02 -8.226206155525007668e-01 -3.703025345905332916e-02 5.670456788268629644e-01
1403638599.627829552 -8.417337861998424486e+00 -2.092528443139933803e+00 2.512015821022952178e+00 -1.739742324102615256e-02 -8.231113173348727496e-01 -3.429187231389153878e-02 5.665766995147532015e-01
1403638599.677829266 -8.429517842217158829e+00 -2.244702950991337431e+00 2.513402304259689579e+00 -1.481726410857353224e-02 -8.242251845041054237e-01 -3.291366495121669788e-02 5.651105949926875649e-01
1403638599.727829456 -8.443425919644935718e+00 -2.387857408476551591e+00 2.512948393331031927e+00 -1.409348008153691288e-02 -8.244028361075427247e-01 -3.176501403014454078e-02 5.649356791004584988e-01
1403638599.777829409 -8.454248557833969002e+00 -2.490703746285725995e+00 2.516138685631732930e+00 -1.364521104063577683e-02 -8.244536975337852791e-01 -3.146600355116840886e-02 5.648891921952874373e-01
1403638599.827829599 -8.470849664269636037e+00 -2.611381189354778254e+00 2.512200913593432450e+00 -1.497111071412818989e-02 -8.250389280733880781e-01 -3.045668987902333188e-02 5.640558687303172114e-01
1403638599.877829313 -8.481608105355396887e+00 -2.771593688403974021e+00 2.517176277582664934e+00 -1.598056442472481700e-02 -8.255808563337230233e-01 -2.900105076947120941e-02 5.633114682573137078e-01
1403638599.927829504 -8.494885595304920045e+00 -2.896971428381519331e+00 2.519785545038329300e+00 -1.871149059017787608e-02 -8.261885618206021853e-01 -2.686928941387694073e-02 5.624414473730506847e-01
1403638599.977829456 -8.508997008064023149e+00 -3.029680492036236572e+00 2.511819211117936934e+00 -2.159274361249815741e-02 -8.255280024122105820e-01 -2.494211902317591129e-02 5.633960963258652921e-01
1403638600.027829409 -8.520672539163333781e+00 -3.163148053445318464e+00 2.503578376638873504e+00 -2.527931740641646552e-02 -8.249750463252485400e-01 -2.207876247019565502e-02 5.641716558813500981e-01
1403638600.077829361 -8.541311035108099858e+00 -3.305774286863762956e+00 2.498603140309305193e+00 -2.969658788182505046e-02 -8.263267183547248207e-01 -1.890666753053869484e-02 5.620896771193879538e-01
1403638600.127829552 -8.556569434676873698e+00 -3.420556245330372835e+00 2.489700471906090229e+00 -3.501164904429978492e-02 -8.267471211260353225e-01 -1.388816609440809632e-02 5.613114117702808770e-01
1403638600.177829266 -8.572459516852211081e+00 -3.543101407095705646e+00 2.486074104519514272e+00 -4.146175300842480649e-02 -8.276647146833452373e-01 -6.662643226687478895e-03 5.596495799076769417e-01
1403638600.227829456 -8.587358325157506300e+00 -3.659540511953275121e+00 2.475688239189036466e+00 -4.679144939281627835e-02 -8.289458186444857990e-01 -1.678543848299121058e-03 5.573657439295064409e-01
1403638600.277829409 -8.605062227081123893e+00 -3.775182343545455677e+00 2.465035041354489032e+00 -5.212250852093607001e-02 -8.292021911060212247e-01 3.441398971943771153e-03 5.565025850286542397e-01
1403638600.327829599 -8.619774087344426405e+00 -3.889946701934447582e+00 2.459182293722020685e+00 -5.648187455487430064e-02 -8.301042077994582602e-01 7.648318615933919623e-03 5.546875744621926341e-01
1403638600.377829313 -8.647367524690425356e+00 -4.027944149197489665e+00 2.448179873543412377e+00 -6.093845589414065289e-02 -8.302274432697623885e-01 1.121630386578782203e-02 5.539702984480140424e-01
1403638600.427829504 -8.672502357418801822e+00 -4.162676610754338036e+00 2.442627161951447246e+00 -6.514961552713746662e-02 -8.308721482541027159e-01 1.568949898884414162e-02 5.524136497895013598e-01
1403638600.477829456 -8.691614185043899710e+00 -4.244683272978217126e+00 2.433710788508662848e+00 -6.766861272435614749e-02 -8.309977556071929117e-01 1.790102559475187025e-02 5.518543669397072415e-01
1403638600.527829409 -8.717571312726269284e+00 -4.348023335651712173e+00 2.434000042417234333e+00 -6.821166907287727621e-02 -8.315288691928787168e-01 1.703803056128856339e-02 5.510141680716543755e-01
1403638600.577829361 -8.735729120253054703e+00 -4.421614733831774835e+00 2.432021368569181607e+00 -6.835670707071195284e-02 -8.316987028758733302e-01 1.602004716378535587e-02 5.507703571561461953e-01
1403638600.627829552 -8.760449149573993566e+00 -4.507449984283861788e+00 2.436544142086593201e+00 -6.958607754718239280e-02 -8.328928398329350502e-01 1.697333670676054104e-02 5.487797381533552343e-01
1403638600.677829266 -8.789572831542631803e+00 -4.620777906446504879e+00 2.431621443081168010e+00 -7.143328108788542241e-02 -8.330971236122889367e-01 1.882011063863044814e-02 5.481717544871308467e-01
1403638600.727829456 -8.808876431552716824e+00 -4.672052996745887476e+00 2.436250230415798246e+00 -7.064239796895036005e-02 -8.349753055508386534e-01 1.776331599505134862e-02 5.454450983686076615e-01
1403638600.777829409 -8.839038965535570114e+00 -4.752645132103777925e+00 2.441944543894718045e+00 -7.128346617063459345e-02 -8.368031328059611917e-01 1.895408966478268065e-02 5.425126052561437540e-01
1403638600.827829599 -8.866955905301596275e+00 -4.832496305672677295e+00 2.456250627259358055e+00 -6.770702522508889598e-02 -8.391749645797662582e-01 1.473490081666021731e-02 5.394293468617002985e-01
1403638600.877829313 -8.902641439691178604e+00 -4.909042674773529846e+00 2.468772686757959356e+00 -6.243647826865829364e-02 -8.412183425025874239e-01 8.222236988407407091e-03 5.370156247610615718e-01
1403638600.927829504 -8.932788101293658301e+00 -4.983917481689791096e+00 2.475321121436778515e+00 -5.531281816445026561e-02 -8.430460422117290742e-01 -6.169396103606959551e-04 5.349892356331698018e-01
1403638600.977829456 -8.970286422857986608e+00 -5.066406704225331126e+00 2.481090952019965101e+00 -4.919489227228605183e-02 -8.437840725192015112e-01 -8.400614511418377089e-03 5.343573066900644264e-01
1403638601.027829409 -9.006035174101766572e+00 -5.143796278908698838e+00 2.484774234085709743e+00 -4.434285720184272250e-02 -8.443826595883786590e-01 -1.402431796973613136e-02 5.337180470127623755e-01
1403638601.077829361 -9.044111776430307614e+00 -5.216424328221038742e+00 2.486046606384185953e+00 -4.118243877707489925e-02 -8.444013154615693795e-01 -1.744743544350983722e-02 5.338408116466819564e-01
1403638601.127829552 -9.082556629932380332e+00 -5.273915440138383204e+00 2.490807357414977385e+00 -3.857598440269217194e-02 -8.433675206906923183e-01 -2.077185216577516827e-02 5.355479890999509385e-01
1403638601.177829266 -9.123483684640085301e+00 -5.336585322116944141e+00 2.489201485515360801e+00 -3.472409775870374804e-02 -8.431503879844529648e-01 -2.544681748920878117e-02 5.359516020651319268e-01
1403638601.227829456 -9.164622016104020830e+00 -5.408303657017817123e+00 2.487149662269841244e+00 -3.098677531435282614e-02 -8.406413288230264458e-01 -2.982261130536761895e-02 5.398820129298652626e-01
1403638601.277829409 -9.200284546284423826e+00 -5.480592058389379240e+00 2.489398685870965799e+00 -2.631545643347621422e-02 -8.371669338432893293e-01 -3.505153051942153097e-02 5.451884186594296855e-01
1403638601.327829599 -9.244053721816550606e+00 -5.547927599069997662e+00 2.490009763437368573e+00 -2.353397556473890359e-02 -8.337268226013907491e-01 -3.622374678877833543e-02 5.504848566833515644e-01
1403638601.377829313 -9.286653316654476242e+00 -5.629046990975193232e+00 2.496614358166098224e+00 -2.213500638865497847e-02 -8.324242250867442960e-01 -3.241706400230640744e-02 5.527468543034667059e-01
1403638601.427829504 -9.335883147029928608e+00 -5.687217399585158262e+00 2.496185742703010302e+00 -2.089391240917518391e-02 -8.295066777523143475e-01 -2.605853427756970805e-02 5.574971468804668095e-01
1403638601.477829456 -9.368968241925438534e+00 -5.772819906192987460e+00 2.505094301061806750e+00 -1.708492714740258642e-02 -8.284391227855602002e-01 -1.931413837715069415e-02 5.594852001272312414e-01
1403638601.527829409 -9.414120240148005081e+00 -5.839432217920043300e+00 2.511031318567864101e+00 -1.066765410959881477e-02 -8.260230852725176653e-01 -1.404230392308232316e-02 5.633603442320030963e-01
1403638601.577829361 -9.463108298548089437e+00 -5.915378764716983540e+00 2.519931171180531670e+00 -2.448784719797145355e-03 -8.242392524239586793e-01 -8.733119577702234265e-03 5.661690479348296945e-01
1403638601.627829552 -9.504379487735880261e+00 -5.971782882902679113e+00 2.526533010044520910e+00 6.729629509147783822e-03 -8.233207411521963337e-01 -2.982769769328852058e-03 5.675286533381120879e-01
1403638601.677829266 -9.549072411297270691e+00 -6.034861793682487097e+00 2.537072369297358243e+00 1.814373951255196168e-02 -8.222132068900389612e-01 2.609350427142000453e-03 5.688843805400595199e-01
1403638601.727829456 -9.599541363320353682e+00 -6.108884747618001931e+00 2.542738991031357365e+00 3.003450531215298008e-02 -8.215122444534489476e-01 9.098592809517299512e-03 5.693265989856768350e-01
1403638601.777829409 -9.650835610733320635e+00 -6.181830196987547765e+00 2.553539308137197761e+00 4.354964079689461337e-02 -8.200022510320209568e-01 1.461940332997343009e-02 5.705138123964710317e-01
1403638601.827829599 -9.698206953047936452e+00 -6.256417619404252228e+00 2.567858216148597439e+00 5.773120178498374749e-02 -8.182326546300777714e-01 2.209326821173727973e-02 5.715543007774517292e-01
1403638601.877829313 -9.747789652332361499e+00 -6.321070279343443232e+00 2.579372003646676070e+00 7.254564712842012653e-02 -8.159341773275038401e-01 2.807985223689683091e-02 5.728874839355126980e-01
1403638601.927829504 -9.791888983465563356e+00 -6.394362091857805019e+00 2.591921606270014777e+00 8.534744148347246651e-02 -8.147518915404940998e-01 3.585849273584667402e-02 5.723716781621236427e-01
1403638601.977829456 -9.846874216984755179e+00 -6.464297323459469169e+00 2.607174909273290986e+00 9.576881087259912773e-02 -8.137329977700978878e-01 4.205301458949955301e-02 5.717503713755448524e-01
1403638602.027829409 -9.890501062411299671e+00 -6.533143375074593528e+00 2.619996531971648945e+00 1.052304617773834883e-01 -8.133102859325578304e-01 4.819662880455161807e-02 5.702017306903724991e-01
1403638602.077829361 -9.927869106235069907e+00 -6.600206701032865553e+00 2.635074682259636258e+00 1.128885364838152078e-01 -8.125837897701866375e-01 5.386732424974369909e-02 5.692645029434352244e-01
1403638602.127829552 -9.974955052199327099e+00 -6.666057453887292539e+00 2.643690903914537316e+00 1.203591439114575223e-01 -8.107298768141907308e-01 5.655244328023249778e-02 5.701162727696732491e-01
1403638602.177829266 -1.001766215466209964e+01 -6.718457230070660202e+00 2.649443698099869682e+00 1.280716231712530906e-01 -8.083304132713384771e-01 5.925467007295701083e-02 5.715666946152588856e-01
1403638602.227829456 -1.005610932560144910e+01 -6.777826200349584163e+00 2.652952970979865821e+00 1.372878800700494117e-01 -8.049782544164998388e-01 6.185032039366913231e-02 5.738785461834561286e-01
1403638602.277829409 -1.009791254789015369e+01 -6.854282172964446751e+00 2.655329610140762409e+00 1.460510140358320941e-01 -8.018905733400859548e-01 6.675007383208159117e-02 5.754867829332185325e-01
1403638602.327829599 -1.013681472161014874e+01 -6.935100568932661247e+00 2.662312057807817656e+00 1.539332654714732351e-01 -7.970808508347325683e-01 7.495512909663903933e-02 5.790927349190058138e-01
1403638602.377829313 -1.017697282157368832e+01 -7.007747353976256477e+00 2.663069180125934743e+00 1.590357934280471341e-01 -7.911706708244602426e-01 8.858564700311000184e-02 5.838742751491331484e-01
1403638602.427829504 -1.021218295542354504e+01 -7.079336384279405259e+00 2.675155341316691970e+00 1.622471690551992030e-01 -7.814685398935912186e-01 1.062579328530899314e-01 5.930362796625013866e-01
1403638602.477829456 -1.023888493833292301e+01 -7.149254399178073704e+00 2.692020181657713618e+00 1.661069070830742678e-01 -7.692696615938375837e-01 1.229911590190610610e-01 6.045708047646245475e-01
1403638602.527829409 -1.026015060476068186e+01 -7.213896514495139911e+00 2.713356094799464380e+00 1.686380677375279857e-01 -7.580396477689316237e-01 1.415033263209058145e-01 6.139331422559188844e-01
1403638602.577829361 -1.027276224762094259e+01 -7.297552605406049331e+00 2.739448167121224742e+00 1.719211902320190999e-01 -7.478279650409273005e-01 1.578795340620653687e-01 6.215066305167602501e-01
1403638602.627829552 -1.029784666064698406e+01 -7.377999749195088164e+00 2.762792948182838160e+00 1.771958257138794290e-01 -7.414604319184993075e-01 1.704269758104687837e-01 6.243338154904849446e-01
1403638602.677829266 -1.032356084534042040e+01 -7.450076266650826895e+00 2.780896900527019433e+00 1.853847527292436792e-01 -7.384738223800008106e-01 1.781414670260416666e-01 6.233414191603169341e-01
1403638602.727829456 -1.033978316469935343e+01 -7.519115521290222759e+00 2.804589959841301550e+00 1.941355128912001793e-01 -7.363076338690367484e-01 1.855539428442762873e-01 6.210734298258092645e-01
1403638602.777829409 -1.034727285679397113e+01 -7.568562337000624751e+00 2.825258479167073844e+00 2.052143148209507884e-01 -7.349143011930072689e-01 1.896167222236725958e-01 6.179268189257626220e-01
1403638602.827829599 -1.035209178658034013e+01 -7.620976297109014475e+00 2.846970698531755772e+00 2.157211864409404323e-01 -7.333655253221950110e-01 1.942865480452311555e-01 6.147293007804998100e-01
1403638602.877829313 -1.035056174402014229e+01 -7.662586187841553098e+00 2.873328037928290613e+00 2.247495657584692164e-01 -7.321388965689442641e-01 2.010931221122424228e-01 6.107551269218614021e-01
1403638602.927829504 -1.034526724800174691e+01 -7.704719565684316152e+00 2.891673657859982871e+00 2.336692868311004423e-01 -7.320543006095914240e-01 2.089717845637810989e-01 6.048354806119394800e-01
1403638602.977829456 -1.033512636604886481e+01 -7.744654507960281542e+00 2.905504743929674394e+00 2.403206481587316368e-01 -7.320700001920620315e-01 2.211075288454016352e-01 5.978553015364516110e-01
1403638603.027829409 -1.032827525593164886e+01 -7.791742704773671591e+00 2.928854783321670485e+00 2.475759769619660378e-01 -7.304914468333494337e-01 2.311355249602867201e-01 5.930132804887093823e-01
1403638603.077829361 -1.031099778284404422e+01 -7.826330291758805124e+00 2.959618738051277287e+00 2.549518967643213951e-01 -7.275560995695975475e-01 2.401063179678905590e-01 5.899242395318664567e-01
1403638603.127829552 -1.029677313195344013e+01 -7.850540462195811031e+00 2.978062772544720627e+00 2.617247440089195409e-01 -7.234708727232107561e-01 2.484116624260595818e-01 5.885420126595066748e-01
1403638603.177829266 -1.027495334832805440e+01 -7.870918984185450995e+00 2.998326177051867436e+00 2.696507397322970845e-01 -7.209768347967552282e-01 2.523426542846480269e-01 5.863480767230808688e-01
1403638603.227829456 -1.025268447347445289e+01 -7.885117643749228300e+00 3.009106924916980841e+00 2.780236134432096384e-01 -7.233789159318340101e-01 2.533921143465635017e-01 5.789803543646742101e-01
1403638603.277829409 -1.023348541995587091e+01 -7.915914614741712541e+00 3.024331983587903672e+00 2.870034655986558603e-01 -7.288510207395219043e-01 2.513295033352112018e-01 5.685408349930497485e-01
1403638603.327829599 -1.021158228523669642e+01 -7.940352952256766628e+00 3.033401621536961024e+00 2.947924920156957396e-01 -7.357444809987286893e-01 2.483833207185854319e-01 5.568511213240893154e-01
1403638603.377829313 -1.018932175508785143e+01 -7.961297090167128054e+00 3.047853417802135034e+00 3.011056324474572499e-01 -7.418336885145575543e-01 2.458037592349208988e-01 5.464418437851225052e-01
1403638603.427829504 -1.016830740269015010e+01 -7.976776427824572302e+00 3.050336413225008592e+00 3.057732811860237043e-01 -7.469807494801036230e-01 2.435696975317208635e-01 5.377697117383812841e-01
1403638603.477829456 -1.014411501725805742e+01 -7.985157591247590503e+00 3.055373469914905105e+00 3.083489577887110200e-01 -7.505216066880119330e-01 2.425431226406789265e-01 5.317998418434979335e-01
1403638603.527829409 -1.011891272824287746e+01 -7.996661666126992252e+00 3.060057927909757503e+00 3.114435339384857837e-01 -7.506664754785754567e-01 2.422156268062331530e-01 5.299380698641532605e-01
1403638603.577829361 -1.009460338089784237e+01 -8.005766592612285848e+00 3.060691341148402245e+00 3.134888457387462468e-01 -7.481504312494615672e-01 2.440727576617693628e-01 5.314359460800639479e-01
1403638603.627829552 -1.007112939967752574e+01 -8.018077889515318191e+00 3.065710072001317954e+00 3.142234134542597479e-01 -7.445732070562429694e-01 2.463005103429386777e-01 5.349863964400799476e-01
1403638603.677829266 -1.004817900958293464e+01 -8.020444239277420451e+00 3.066468014871411185e+00 3.161471913832359371e-01 -7.406418047632769008e-01 2.458565161439223434e-01 5.394953603943791753e-01
1403638603.727829456 -1.002624501331036200e+01 -8.031060328304185703e+00 3.066242633164517173e+00 3.194536749724202762e-01 -7.364396533071599915e-01 2.426909450021779158e-01 5.447082630155294369e-01
1403638603.777829409 -1.000306149255415455e+01 -8.039433410436032545e+00 3.061340829769528593e+00 3.228017093447791974e-01 -7.320313004185363681e-01 2.391162982467989195e-01 5.502296134927521232e-01
1403638603.827829599 -9.976883528877438678e+00 -8.036419586936755621e+00 3.053005480480643019e+00 3.255311567174358212e-01 -7.285122388444138508e-01 2.361909406543383771e-01 5.545387483421936325e-01
1403638603.877829313 -9.953743947371521017e+00 -8.044207539459756973e+00 3.046447243975021646e+00 3.281972974300521595e-01 -7.243885744659540604e-01 2.324339030700407205e-01 5.599305384120605300e-01
1403638603.927829504 -9.924468002324109861e+00 -8.056553001206854248e+00 3.039395536666659403e+00 3.304800277051664348e-01 -7.212935686239685396e-01 2.292266299677806207e-01 5.638915598440068511e-01
1403638603.977829456 -9.892415305143851256e+00 -8.059487441013200026e+00 3.033706568363832901e+00 3.316806557027642821e-01 -7.174617003764024448e-01 2.273779057850143226e-01 5.688021968016711005e-01
1403638604.027829409 -9.860615134042950203e+00 -8.063220882283360424e+00 3.021770725738409880e+00 3.334067382950202663e-01 -7.162974842692171329e-01 2.236842356909224394e-01 5.707216691106398176e-01
1403638604.077829361 -9.827273116118995233e+00 -8.070313794855065836e+00 3.011657447889164008e+00 3.343915663470676258e-01 -7.143634244074603679e-01 2.210404962076726043e-01 5.735924313143151432e-01
1403638604.127829552 -9.791367628344113783e+00 -8.081621525054190514e+00 3.006550991538699424e+00 3.349522517683627965e-01 -7.135255277353775849e-01 2.199437254565472788e-01 5.747286907207168616e-01
1403638604.177829266 -9.748345369074341349e+00 -8.087327723477590879e+00 3.007243289173367806e+00 3.348222300113924410e-01 -7.138818339597162721e-01 2.202694309657821370e-01 5.742370409635038087e-01
1403638604.227829456 -9.708461254364344484e+00 -8.095809940553191808e+00 3.008867071709475649e+00 3.330542722564789893e-01 -7.149021917871373200e-01 2.236099067931843765e-01 5.727026431697325171e-01
1403638604.277829409 -9.662350254840683661e+00 -8.084653103668102858e+00 3.000967556978235251e+00 3.307455826214347749e-01 -7.177331619443472199e-01 2.270914955109052391e-01 5.691185469551997000e-01
1403638604.327829599 -9.618235282464926428e+00 -8.083581458826513355e+00 2.993815077302607541e+00 3.284373319870245722e-01 -7.214429937381011682e-01 2.303642079870378834e-01 5.644300288095556173e-01
1403638604.377829313 -9.568285802184085753e+00 -8.084587610687462345e+00 2.991139205913033283e+00 3.269485472229740064e-01 -7.256180210128514441e-01 2.323404582724331036e-01 5.591073658072623909e-01
1403638604.427829504 -9.513439656887083373e+00 -8.076921510779175861e+00 2.992924365365447592e+00 3.263758285489637978e-01 -7.298573946680460001e-01 2.326830468435958643e-01 5.537559044370817807e-01
1403638604.477829456 -9.460390013864511616e+00 -8.074513946758900218e+00 2.996462568269185223e+00 3.274522599960439373e-01 -7.339915920772211999e-01 2.299494260895591502e-01 5.487755658049215945e-01
1403638604.527829409 -9.402690100081937175e+00 -8.065485361931887809e+00 2.999198300062946299e+00 3.274387395616226715e-01 -7.374601927218571440e-01 2.294958864297355905e-01 5.443050377286315911e-01
1403638604.577829361 -9.344493603067789422e+00 -8.068035983797123833e+00 3.012425438475369255e+00 3.284133937214181453e-01 -7.387995727673989377e-01 2.281611119840228907e-01 5.424595294409563229e-01
1403638604.627829552 -9.282236108933528129e+00 -8.064659847378354840e+00 3.021767956259935328e+00 3.279135050656001860e-01 -7.407612305778616957e-01 2.292221737608510779e-01 5.396320297431528301e-01
1403638604.677829266 -9.219472102367344490e+00 -8.063142470298355846e+00 3.031626060353560970e+00 3.264915308035062913e-01 -7.420601938152636690e-01 2.315483109804819806e-01 5.377130542868776564e-01
1403638604.727829456 -9.153202472412766966e+00 -8.038850234655001259e+00 3.033142523542356805e+00 3.252483589316341739e-01 -7.434264893918752781e-01 2.338269095023220168e-01 5.355889620551790298e-01
1403638604.777829409 -9.097501293751898643e+00 -8.028773109604749436e+00 3.029270873705100175e+00 3.235712835420816447e-01 -7.442534663827080621e-01 2.354622320207503394e-01 5.347391322280982129e-01
1403638604.827829599 -9.038769025013003500e+00 -8.023074588406281293e+00 3.028854390305591338e+00 3.225163317387512718e-01 -7.458853988343322472e-01 2.367860125301745056e-01 5.325134475650253885e-01
1403638604.877829313 -8.981209080771794362e+00 -8.016695185207506569e+00 3.027856700000512991e+00 3.225326993318711200e-01 -7.475886544356857843e-01 2.363084440028987987e-01 5.303227139333809292e-01
1403638604.927829504 -8.923283476336756337e+00 -8.009207438430498982e+00 3.026963829492833824e+00 3.230916597358129416e-01 -7.501671179812940959e-01 2.352181946855341765e-01 5.268144601258352155e-01
1403638604.977829456 -8.865161143389773457e+00 -7.998467294631683266e+00 3.028357275464311549e+00 3.239299790784683220e-01 -7.536852206627411288e-01 2.339565951511570763e-01 5.218163167188776264e-01
1403638605.027829409 -8.808903028315825168e+00 -7.988068131332451749e+00 3.029536132693696260e+00 3.245934790823684635e-01 -7.574840178619829389e-01 2.328578230314611586e-01 5.163664108691811139e-01
1403638605.077829361 -8.753474991538155336e+00 -7.984393258821630646e+00 3.034153717614927359e+00 3.252577283400198693e-01 -7.602727227552003031e-01 2.315667974421434794e-01 5.124154715773847624e-01
1403638605.127829552 -8.693159108012178393e+00 -7.979888976754041074e+00 3.042519379074412278e+00 3.262512708415127860e-01 -7.630063930704870101e-01 2.301203849277486946e-01 5.083561358423525078e-01
1403638605.177829266 -8.639968950093699362e+00 -7.966902469862660041e+00 3.051377787496675431e+00 3.274064449028971091e-01 -7.642683347513501424e-01 2.292355318711816470e-01 5.061126389057885033e-01
1403638605.227829456 -8.587567520842720015e+00 -7.958173678186828859e+00 3.061068724877388902e+00 3.287838696167079133e-01 -7.648503132678904359e-01 2.273780266568815045e-01 5.051775909197633307e-01
1403638605.277829409 -8.530517088467776787e+00 -7.951154092618553548e+00 3.070968973501460475e+00 3.302171220471593061e-01 -7.652350081962314698e-01 2.253532252964076110e-01 5.045670999840474735e-01
1403638605.327829599 -8.481546754110601327e+00 -7.941439941886768494e+00 3.080560772328223340e+00 3.325265024456400265e-01 -7.638932626422400007e-01 2.226863621129999415e-01 5.062647455530964180e-01
1403638605.377829313 -8.431070138711087125e+00 -7.931875419957846951e+00 3.087843272136658435e+00 3.353120504182902639e-01 -7.605166066283793880e-01 2.194303508305734951e-01 5.109115784762646717e-01
1403638605.427829504 -8.373848857441529958e+00 -7.926959576983576561e+00 3.101774980819242966e+00 3.386307116597274680e-01 -7.562531808952706047e-01 2.160652939219519786e-01 5.164553768420194757e-01
1403638605.477829456 -8.323675977437826390e+00 -7.923982325370859670e+00 3.112603702626275837e+00 3.419482379316531317e-01 -7.505137666857083500e-01 2.121419177745887119e-01 5.242101633062710153e-01
1403638605.527829409 -8.274117564413529635e+00 -7.922219589497337289e+00 3.118078838503595129e+00 3.440557801899691293e-01 -7.462254385527439249e-01 2.093571091619224889e-01 5.300403907420636607e-01
1403638605.577829361 -8.229060857671271378e+00 -7.927410018979396789e+00 3.119856076127430988e+00 3.467578568601641376e-01 -7.422740609598166284e-01 2.061070798062015763e-01 5.350776380916406616e-01
1403638605.627829552 -8.181141690005922840e+00 -7.933454682261446678e+00 3.118547183333764572e+00 3.488347178371566937e-01 -7.389260627671396797e-01 2.027201498951994585e-01 5.396361313157156392e-01
1403638605.677829266 -8.133576631735303764e+00 -7.931918052197443281e+00 3.112667182819101264e+00 3.499076711448542154e-01 -7.366603011706249760e-01 2.011956938005552697e-01 5.426016173485864735e-01
1403638605.727829456 -8.085830529963992319e+00 -7.929019769564432885e+00 3.112583790449503951e+00 3.510733219644721070e-01 -7.357089127719177446e-01 1.996060685176047622e-01 5.437254230618042694e-01
1403638605.777829409 -8.031273345943931830e+00 -7.926446894658230491e+00 3.114009918820637157e+00 3.512944494119041305e-01 -7.357119231760135269e-01 1.995247263311263342e-01 5.436083695929709858e-01
1403638605.827829599 -7.976957040510148644e+00 -7.935449721876537410e+00 3.117574151455913434e+00 3.520618228465329791e-01 -7.361073085746445699e-01 1.983420476427986134e-01 5.430091484439570904e-01
1403638605.877829313 -7.917968304801192403e+00 -7.942001046256751629e+00 3.125375328530055619e+00 3.531383236922822078e-01 -7.355782873451132131e-01 1.968320052856668556e-01 5.435761852964663410e-01
1403638605.927829504 -7.859342073655843919e+00 -7.954860107300232741e+00 3.133644259046002301e+00 3.535683626426432413e-01 -7.355741766505278223e-01 1.954429678191918485e-01 5.438033559230071035e-01
1403638605.977829456 -7.794986246464756796e+00 -7.964184382621404268e+00 3.147933070197081573e+00 3.552191972378857532e-01 -7.348979968271018848e-01 1.928303857211881300e-01 5.445738687412415846e-01
1403638606.027829409 -7.729023817287882459e+00 -7.984635961017955808e+00 3.160783967554939178e+00 3.555230781658900163e-01 -7.349484572843860697e-01 1.914051346269154130e-01 5.448102242663990236e-01
1403638606.077829361 -7.666654690867345856e+00 -8.004182739682974557e+00 3.168776485373080209e+00 3.557417310796024967e-01 -7.350944957542960845e-01 1.901255329054278298e-01 5.449185120893325074e-01
1403638606.127829552 -7.610161830555553841e+00 -8.018792687586444146e+00 3.177908917413418077e+00 3.562057345973398959e-01 -7.352328954305330511e-01 1.884517371488690363e-01 5.450100979636780529e-01
1403638606.177829266 -7.551264352868731322e+00 -8.036708324581512741e+00 3.178303994939514876e+00 3.569250615464313880e-01 -7.351174473241656182e-01 1.865287614860082210e-01 5.453566358064918518e-01
1403638606.227829456 -7.491419223335414657e+00 -8.058216361313997211e+00 3.177402945951425917e+00 3.573188754066609074e-01 -7.353904697335941210e-01 1.852731263674726458e-01 5.451586438360357389e-01
1403638606.277829409 -7.429459557694467975e+00 -8.074466888497969563e+00 3.176320373692172794e+00 3.571577717019909226e-01 -7.363038961522204717e-01 1.845099495516424881e-01 5.442894240570719244e-01
1403638606.327829599 -7.353875524747739867e+00 -8.102230428146873109e+00 3.181231108918990635e+00 3.558675745176849148e-01 -7.391029642948648837e-01 1.868580496448647710e-01 5.405267309397019382e-01
1403638606.377829313 -7.285668433125999321e+00 -8.127103485449483244e+00 3.179614072285716464e+00 3.527108604050385177e-01 -7.445801634221469456e-01 1.904244332121534655e-01 5.337920610372701713e-01
1403638606.427829504 -7.207047198008043942e+00 -8.159550789559395056e+00 3.177005710673429739e+00 3.497470874332324065e-01 -7.491545783772496359e-01 1.940024758838061469e-01 5.280221888134338792e-01
1403638606.477829456 -7.138783189854867928e+00 -8.184594196654488840e+00 3.171597308163828455e+00 3.459016340746012830e-01 -7.545657850605835826e-01 1.988940797185363429e-01 5.209833784424819925e-01
1403638606.527829409 -7.077575214070928489e+00 -8.207202558335364273e+00 3.158020176476365126e+00 3.424929971313252497e-01 -7.594590017551580141e-01 2.032748299934896974e-01 5.143927634212779321e-01
1403638606.577829361 -7.005282169102293288e+00 -8.234586844987882515e+00 3.149565992720053220e+00 3.408865811564034121e-01 -7.630630485945093522e-01 2.062770754474113899e-01 5.089016514042916661e-01
1403638606.627829552 -6.931257874667348773e+00 -8.269296414376686499e+00 3.142042492386377894e+00 3.407346476246675415e-01 -7.656131867124453816e-01 2.093560792407296312e-01 5.038912385873137723e-01
1403638606.677829266 -6.859748952901664865e+00 -8.309042946355262416e+00 3.130816495622559259e+00 3.425225943227018788e-01 -7.664691721381359235e-01 2.121861154391482263e-01 5.001803004469198566e-01
1403638606.727829456 -6.785330290296269773e+00 -8.347050805289621067e+00 3.122760537650946855e+00 3.468090530314240638e-01 -7.674283316944739974e-01 2.140240726924871606e-01 4.949453836093474779e-01
1403638606.777829409 -6.720687248834846805e+00 -8.384213648451211753e+00 3.109831365356669597e+00 3.514346236574406590e-01 -7.668698044105927147e-01 2.173236684738137636e-01 4.910955421291222089e-01
1403638606.827829599 -6.652031014095857842e+00 -8.428949927997404501e+00 3.097728734623165892e+00 3.575520816531208013e-01 -7.656725498908770744e-01 2.207463665811517095e-01 4.870042062347537115e-01
1403638606.877829313 -6.583038066122757215e+00 -8.469134108879543987e+00 3.084554653599651086e+00 3.638899635317317527e-01 -7.638529956858164383e-01 2.261670714334423071e-01 4.826604927087974062e-01
1403638606.927829504 -6.524331249199761373e+00 -8.513547629199578637e+00 3.075220718536116671e+00 3.716428682275134121e-01 -7.605804194936750529e-01 2.308218502971705333e-01 4.797085338034367541e-01
1403638606.977829456 -6.471501553742271540e+00 -8.557336402403207032e+00 3.062969058001689504e+00 3.790539104925735314e-01 -7.574609184012738305e-01 2.371385443045140318e-01 4.757482536385426730e-01
1403638607.027829409 -6.411219905710236588e+00 -8.608467588708084151e+00 3.054137014672053230e+00 3.864922922926050108e-01 -7.531970940066050613e-01 2.440207392915669515e-01 4.730451610301177334e-01
1403638607.077829361 -6.353187643546957197e+00 -8.659385142339848684e+00 3.049279482481423553e+00 3.933400447944825906e-01 -7.493360029376763265e-01 2.510445174057296946e-01 4.698465857521851863e-01
1403638607.127829552 -6.290809718230187642e+00 -8.695825856521615549e+00 3.044142682409530121e+00 3.962847929064070573e-01 -7.461463674016959313e-01 2.609619533386084989e-01 4.670362086970105686e-01
1403638607.177829266 -6.234554059668711901e+00 -8.749389833961735974e+00 3.040956098516135686e+00 4.008691814584165458e-01 -7.397913363788545249e-01 2.673659923781130932e-01 4.696041994012769560e-01
1403638607.227829456 -6.182262780246242428e+00 -8.799983698012271205e+00 3.040720001419902285e+00 4.032974383609767566e-01 -7.335557997284675169e-01 2.753003244399028215e-01 4.727121706276315449e-01
1403638607.277829409 -6.142379300598068248e+00 -8.848078307066582937e+00 3.040275395331157871e+00 4.058404180587749654e-01 -7.263910631719436850e-01 2.812787483876583172e-01 4.780500435302612594e-01
1403638607.327829599 -6.094775090232421810e+00 -8.900128551434027813e+00 3.034169548380710069e+00 4.057777399183484790e-01 -7.219088605564076833e-01 2.882029799463278197e-01 4.807609231072788591e-01
1403638607.377829313 -6.043890382425638030e+00 -8.954548390721953410e+00 3.027843005619028194e+00 4.060939996722497947e-01 -7.179152622024451702e-01 2.938369910850369138e-01 4.830581356287059203e-01
1403638607.427829504 -6.000997291195438343e+00 -9.008172964706025354e+00 3.020538277268093541e+00 4.066412640362314646e-01 -7.154592773501633474e-01 2.970745802957620030e-01 4.842598461350010597e-01
1403638607.477829456 -5.952392680184030560e+00 -9.060255997267832484e+00 3.009615354709171076e+00 4.072044273552048455e-01 -7.149117224002456972e-01 2.995516826748712003e-01 4.830678761040597124e-01
1403638607.527829409 -5.914007800296710471e+00 -9.106293320682956605e+00 2.997097920608162713e+00 4.075079204960095347e-01 -7.143685991242447741e-01 3.015621448621825795e-01 4.823640452027931902e-01
1403638607.577829361 -5.866864893568985551e+00 -9.154619998300383088e+00 2.985022265408554976e+00 4.088396385450304704e-01 -7.137966036244950407e-01 3.015971784694488345e-01 4.820619260507636450e-01
1403638607.627829552 -5.830001659302018524e+00 -9.198723346097182230e+00 2.972773568417280021e+00 4.091043944552350542e-01 -7.131479537267769730e-01 3.028430857208065374e-01 4.820162403527775141e-01
1403638607.677829266 -5.784749590883307313e+00 -9.246664449374430106e+00 2.958570514754162328e+00 4.091159550656185417e-01 -7.120364323708833210e-01 3.033630126282682027e-01 4.833209460145428404e-01
1403638607.727829456 -5.749962818987969904e+00 -9.293327031802089522e+00 2.945168666642173250e+00 4.095847998644610022e-01 -7.108640790018746491e-01 3.024881406537865414e-01 4.851942679676061743e-01
1403638607.777829409 -5.701884229682732119e+00 -9.346038719230458369e+00 2.935443515865246766e+00 4.097645516948700273e-01 -7.109706813103686684e-01 3.015608564561103599e-01 4.854634407911986860e-01
1403638607.827829599 -5.671167960789408546e+00 -9.391131250380839290e+00 2.918150573500233769e+00 4.093750444014488399e-01 -7.117213654521761246e-01 3.015673521101472354e-01 4.846874282684422441e-01
1403638607.877829313 -5.637277841829151370e+00 -9.438228288015455547e+00 2.900242369665953390e+00 4.075859575849250516e-01 -7.132938745184501661e-01 3.026247144749929507e-01 4.832223276536033452e-01
1403638607.927829504 -5.601438729843221331e+00 -9.487699655670438048e+00 2.876226729939392435e+00 4.059099327868187501e-01 -7.158245896946343612e-01 3.040065456738846317e-01 4.800128159132223127e-01
1403638607.977829456 -5.583790908595129387e+00 -9.532616208670493307e+00 2.860548132363029072e+00 4.036450628717809797e-01 -7.178908357608918545e-01 3.047628281634060521e-01 4.783545021420895771e-01
1403638608.027829409 -5.561556704459080791e+00 -9.574549831102237007e+00 2.837916574146854831e+00 4.017432019895204043e-01 -7.178712882283577734e-01 3.058898966420137699e-01 4.792646287020395635e-01
1403638608.077829361 -5.538168934488243877e+00 -9.618728902832756944e+00 2.815906970312989088e+00 4.011632615722295347e-01 -7.167957451787534406e-01 3.049907459078293193e-01 4.819258679184511007e-01
1403638608.127829552 -5.514272124811134823e+00 -9.659478419558663376e+00 2.790928048837087783e+00 4.008132312954746923e-01 -7.154187784172889586e-01 3.037441644293080723e-01 4.850404186060536249e-01
1403638608.177829266 -5.486559025811009072e+00 -9.697629737028432118e+00 2.761089085111315011e+00 4.018002709957659291e-01 -7.135435031076508006e-01 3.012311991152868962e-01 4.885406595977017097e-01
1403638608.227829456 -5.448218247187824659e+00 -9.745087652896788910e+00 2.735473792708660756e+00 4.015958841208561725e-01 -7.112873766987208857e-01 3.001954444852629744e-01 4.926192329949524162e-01
1403638608.277829409 -5.412673103624774384e+00 -9.789364256310028267e+00 2.709417076101330757e+00 4.010366534686445883e-01 -7.092336584857462656e-01 2.996317055340843583e-01 4.963648469466084845e-01
1403638608.327829599 -5.386403067575816550e+00 -9.828988173144697527e+00 2.680894078264819846e+00 4.001609414795900821e-01 -7.063684877557617758e-01 2.998945296106049763e-01 5.009770968112619016e-01
1403638608.377829313 -5.357485619955200562e+00 -9.865884765101359477e+00 2.648593457866495360e+00 4.001497479386590395e-01 -7.032239930339215794e-01 2.997556294493679552e-01 5.054728058555356673e-01
1403638608.427829504 -5.329486523448784929e+00 -9.904583088596085716e+00 2.616934959206341116e+00 3.996290037588156596e-01 -7.025655890799192838e-01 3.001898318248465425e-01 5.065415257059314724e-01
1403638608.477829456 -5.298951833341589257e+00 -9.944209168185054182e+00 2.580135702799058794e+00 3.995445395813444489e-01 -7.030967582601592714e-01 2.994882119086513250e-01 5.062864014987420447e-01
1403638608.527829409 -5.270502825528902591e+00 -9.980811632056976634e+00 2.541567392398509373e+00 4.000313382543561613e-01 -7.043048385878654116e-01 2.985888068142775742e-01 5.047517679031702231e-01
1403638608.577829361 -5.248068630221016662e+00 -1.001167623549842745e+01 2.509693430594734487e+00 4.001365243950071870e-01 -7.045660183160223911e-01 2.976371800209581808e-01 5.048659195752491780e-01
1403638608.627829552 -5.217885472111206013e+00 -1.004552925715805323e+01 2.476896124973684277e+00 3.976690056620577063e-01 -7.035535761873589200e-01 3.002875283899766878e-01 5.066548407576577651e-01
1403638608.677829266 -5.185949609155327877e+00 -1.007313072944534227e+01 2.444724247887664070e+00 3.964206493703832379e-01 -7.017103929548778041e-01 3.030679927166730070e-01 5.085302203041245361e-01
1403638608.727829456 -5.154421598943665472e+00 -1.010453916679262498e+01 2.415531471485555137e+00 3.956548423837445427e-01 -7.008863823715323349e-01 3.041538546368337537e-01 5.096135373143028113e-01
1403638608.777829409 -5.126665199689854013e+00 -1.013438147671262968e+01 2.384462059541134771e+00 3.962701304144006231e-01 -7.021033982574359511e-01 3.034120569597907324e-01 5.078995231225787998e-01
1403638608.827829599 -5.103951939167650664e+00 -1.015664386755883086e+01 2.353513383193456932e+00 3.971491491992731881e-01 -7.034545523004622769e-01 3.029594204499487797e-01 5.056083817527957658e-01
1403638608.877829313 -5.077781931215704425e+00 -1.018474214805815592e+01 2.324926203340224706e+00 3.973487027122549198e-01 -7.055730960625820058e-01 3.024102652943846392e-01 5.028206897196360048e-01
1403638608.927829504 -5.049902356197915054e+00 -1.020838428716530544e+01 2.299247319134122058e+00 3.981042415242636023e-01 -7.075840879417921725e-01 3.013302685783618151e-01 5.000378391786620691e-01
1403638608.977829456 -5.016974120250096369e+00 -1.023059733471123600e+01 2.271456026280196383e+00 3.980705620295735825e-01 -7.095808590429438789e-01 3.017192177971919076e-01 4.969912934219148926e-01
1403638609.027829409 -4.984894181864572005e+00 -1.025931516590353887e+01 2.249878523035040434e+00 3.979160223468571900e-01 -7.113581323505497878e-01 3.016697208413328668e-01 4.945986516620375362e-01
1403638609.077829361 -4.955930405875450973e+00 -1.028271722528949716e+01 2.226220829489119701e+00 3.980824845315092397e-01 -7.125040063292181758e-01 3.009571528392554485e-01 4.932475733634412163e-01
1403638609.127829552 -4.933817002114176731e+00 -1.029919625722696530e+01 2.203747935935916225e+00 3.982144736073106595e-01 -7.127192717287678114e-01 3.007611399845016575e-01 4.929494998387667359e-01
1403638609.177829266 -4.924407973344668399e+00 -1.031326718566507950e+01 2.188774444376965445e+00 3.968609053134866671e-01 -7.126507442345881849e-01 3.031960773998743641e-01 4.926484316680373454e-01
1403638609.227829456 -4.904883468195108343e+00 -1.032747363917630778e+01 2.166848135967510469e+00 3.939570948904241310e-01 -7.122189108799823476e-01 3.076929643138182069e-01 4.928154523573752832e-01
1403638609.277829409 -4.879745691262229457e+00 -1.034612952773888317e+01 2.147369535493010240e+00 3.914700099191584792e-01 -7.123599010038190738e-01 3.109894671996779048e-01 4.925242674900228712e-01
1403638609.327829599 -4.851207279186159127e+00 -1.036349301036963233e+01 2.123902730761795254e+00 3.910604485212450521e-01 -7.124694331722917218e-01 3.116224131658551499e-01 4.922910765088121532e-01
1403638609.377829313 -4.835280496391090033e+00 -1.037700654606461370e+01 2.102985127349538352e+00 3.920810902100973494e-01 -7.126009887273075938e-01 3.099727942122443292e-01 4.923302919918484122e-01
1403638609.427829504 -4.817173454395119236e+00 -1.038802528454267105e+01 2.078723059529226980e+00 3.933474719426008348e-01 -7.123850260355751862e-01 3.086106344078402008e-01 4.924883930886577166e-01
1403638609.477829456 -4.796565750026080543e+00 -1.039757375785533000e+01 2.051697891558394993e+00 3.947819999168242222e-01 -7.123769387728822178e-01 3.067880840978229884e-01 4.924909553502856974e-01
1403638609.527829409 -4.778800071443453312e+00 -1.040779900505211053e+01 2.024016430531554445e+00 3.958156450831250006e-01 -7.123504231134841769e-01 3.052028363270371525e-01 4.926845628750727291e-01
1403638609.577829361 -4.759795009199525140e+00 -1.042076614911800192e+01 1.993566756395619644e+00 3.967014193715932002e-01 -7.124301568934278128e-01 3.032942865882611305e-01 4.930353244345551667e-01
1403638609.627829552 -4.742728142840044292e+00 -1.043257288630394974e+01 1.963052961649810024e+00 3.964261728510445337e-01 -7.125045139361219082e-01 3.030352475005578805e-01 4.933084692883349942e-01
1403638609.677829266 -4.730773309828379070e+00 -1.043903049312930165e+01 1.932671303836859700e+00 3.979843759759014721e-01 -7.115838433891039649e-01 3.012949924160406856e-01 4.944473661085490024e-01
1403638609.727829456 -4.713577537488832903e+00 -1.044920449882145164e+01 1.902079885901229339e+00 3.987431663878551746e-01 -7.114516941720494536e-01 3.001903947913704962e-01 4.946979896802785603e-01
1403638609.777829409 -4.695000723647395624e+00 -1.045879692372320058e+01 1.869460798692923476e+00 3.986164347659587048e-01 -7.118308370251098527e-01 3.000363515900259515e-01 4.943480404726555144e-01
1403638609.827829599 -4.677733815044317289e+00 -1.046469404362646927e+01 1.840585368727259530e+00 3.982217225142544170e-01 -7.125127938819060258e-01 3.006074971511120131e-01 4.933356980078830167e-01
1403638609.877829313 -4.665788041379298257e+00 -1.046980534611222602e+01 1.815314543172924955e+00 3.984042449032513256e-01 -7.121011506892028775e-01 3.003759045739388678e-01 4.939233997104929830e-01
1403638609.927829504 -4.654315595094528746e+00 -1.047128237840927945e+01 1.789190992427560856e+00 3.980151784068300391e-01 -7.121493905182258999e-01 3.006254308682202447e-01 4.940157018330447181e-01
1403638609.977829456 -4.641130807675160952e+00 -1.047283593664806745e+01 1.765431183670118864e+00 3.975968237534640015e-01 -7.114995750864356872e-01 3.012959881682827357e-01 4.948796297148189693e-01
1403638610.027829409 -4.631861052109392141e+00 -1.047468311833778998e+01 1.745602485726194031e+00 3.965359226887940070e-01 -7.108526467139502092e-01 3.029328158932169113e-01 4.956606558242493965e-01
1403638610.077829361 -4.618451499842659125e+00 -1.047645022344106458e+01 1.726256383992919474e+00 3.952025939616863881e-01 -7.091480213453821291e-01 3.045305692058582481e-01 4.981818201892156406e-01
1403638610.127829552 -4.613509065203034609e+00 -1.047415147265071056e+01 1.713174896523375068e+00 3.944709950056768943e-01 -7.079068253180510473e-01 3.057475184445759830e-01 4.997789668766917659e-01
1403638610.177829266 -4.600030142877462147e+00 -1.047476064428862230e+01 1.694648490639292238e+00 3.943753332785704946e-01 -7.061601583204178967e-01 3.054034826868186614e-01 5.025282480269751550e-01
1403638610.227829456 -4.594369054680753628e+00 -1.047118315676972955e+01 1.676137893713667948e+00 3.935308677697940682e-01 -7.051757290130094002e-01 3.069933705464100715e-01 5.036027380424754618e-01
1403638610.277829409 -4.572927871504123942e+00 -1.046995244363179189e+01 1.648177686270736908e+00 3.926381496202887567e-01 -7.045809584239414169e-01 3.079310846788727574e-01 5.045586225382030499e-01
1403638610.327829599 -4.552401669836584119e+00 -1.046969968464230405e+01 1.621352938868977134e+00 3.922981567352702981e-01 -7.040966447369895187e-01 3.081505915683863672e-01 5.053645060827643976e-01
1403638610.377829313 -4.544392381088534272e+00 -1.046347991754783635e+01 1.597471789184864210e+00 3.920692351230346540e-01 -7.041778450675370005e-01 3.088972312579102986e-01 5.049730467136596124e-01
1403638610.427829504 -4.534471614485685365e+00 -1.045783117771053128e+01 1.570397602372265000e+00 3.912677332772683259e-01 -7.035866529188724572e-01 3.095076538413542022e-01 5.060438666203821434e-01
1403638610.477829456 -4.530706863159199571e+00 -1.044836230117125808e+01 1.543788016452067424e+00 3.915029828526183087e-01 -7.025445028640636691e-01 3.087481572814917419e-01 5.077708255584122421e-01
1403638610.527829409 -4.524381762587128541e+00 -1.044082864235384811e+01 1.516632532982572279e+00 3.912510354049594796e-01 -7.006615229682489066e-01 3.087522848551013110e-01 5.105566414445272816e-01
1403638610.577829361 -4.507238545800364982e+00 -1.043323039975688005e+01 1.483904197850795859e+00 3.891993836463709111e-01 -6.973811668742385672e-01 3.113919830968909230e-01 5.149935734758211980e-01
1403638610.627829552 -4.497898339547908186e+00 -1.042226793300772947e+01 1.455150810205639189e+00 3.871073794351961861e-01 -6.935248880780763292e-01 3.139784163964159380e-01 5.201813726387228831e-01
1403638610.677829266 -4.486090232194889005e+00 -1.040766204618185498e+01 1.426942681535326551e+00 3.860993304203353405e-01 -6.922384056918082784e-01 3.155943632091388618e-01 5.216641588655007711e-01
1403638610.727829456 -4.474883605899205641e+00 -1.039016453364043002e+01 1.402094406663112247e+00 3.876199320241254243e-01 -6.942071961665415847e-01 3.144215838970865207e-01 5.186195374914530642e-01
1403638610.777829409 -4.460605127210806486e+00 -1.037227523134848894e+01 1.378572872874320066e+00 3.889892081841091476e-01 -6.976917943327769489e-01 3.133278688515823696e-01 5.135554523495350354e-01
1403638610.827829599 -4.449891696096638150e+00 -1.035148458667736904e+01 1.354699950086409421e+00 3.911204613858048629e-01 -7.015290937587437270e-01 3.116820062649107159e-01 5.076771043350992718e-01
1403638610.877829313 -4.431592981270032539e+00 -1.033574244382011642e+01 1.333679964426924380e+00 3.929920079790945597e-01 -7.042253782224157099e-01 3.098336772678751960e-01 5.036139302707193233e-01
1403638610.927829504 -4.426482730324257986e+00 -1.030985646853427795e+01 1.315789043266087699e+00 3.936844271060521705e-01 -7.047097990483086605e-01 3.099556265145441691e-01 5.023188037207528822e-01
1403638610.977829456 -4.420933895218924548e+00 -1.027983725768145540e+01 1.294159508361083732e+00 3.936824844027826953e-01 -7.042504263295225053e-01 3.106579859648999631e-01 5.025306500556663281e-01
1403638611.027829409 -4.407398217931851825e+00 -1.025602385403574246e+01 1.278631934051783992e+00 3.920831354397145696e-01 -7.035365495870571362e-01 3.126097877332942865e-01 5.035695174573671107e-01
1403638611.077829361 -4.384332681313920510e+00 -1.023229820770830045e+01 1.251014142571263532e+00 3.916957697421497575e-01 -7.014680239641987169e-01 3.133939604916323174e-01 5.062620476089794153e-01
1403638611.127829552 -4.376370372942853137e+00 -1.021154219220359316e+01 1.216605680074265727e+00 3.910613307082934642e-01 -7.005232754682851892e-01 3.149125699540875623e-01 5.071175893584797256e-01
1403638611.177829266 -4.366041987410263836e+00 -1.018317413704607866e+01 1.192998507529098973e+00 3.917443580515207469e-01 -7.003603449189490515e-01 3.148274442520084260e-01 5.068682526510822628e-01
1403638611.227829456 -4.350142860483871665e+00 -1.015432091764563793e+01 1.164650682061509457e+00 3.919702070690246898e-01 -6.999750238523597679e-01 3.147072018712556707e-01 5.073004039457478243e-01
1403638611.277829409 -4.343619717995065521e+00 -1.011866267805131692e+01 1.141977383430378135e+00 3.929484613259568437e-01 -6.997628501561273806e-01 3.143838914433556564e-01 5.070367137435599636e-01
1403638611.327829599 -4.326013703481701000e+00 -1.008763663880180239e+01 1.118569451753834709e+00 3.945537686438796432e-01 -6.992725104231708455e-01 3.119328708134025963e-01 5.079794916347485367e-01
1403638611.377829313 -4.314533943887624012e+00 -1.005288316761536471e+01 1.099098216558378915e+00 3.974487620382886610e-01 -6.976323980531016211e-01 3.076151209374674567e-01 5.106040110609570970e-01
1403638611.427829504 -4.303818498231910539e+00 -1.001365289582057017e+01 1.079594388847379349e+00 4.021163846371594852e-01 -6.948097501636486539e-01 3.012158058006872974e-01 5.145977677951109053e-01
1403638611.477829456 -4.297341857593108827e+00 -9.974540041565566284e+00 1.069696652991281915e+00 4.061057812439665682e-01 -6.934357507763828643e-01 2.957912721196094274e-01 5.164614964576594858e-01
1403638611.527829409 -4.293706154556051757e+00 -9.932516610510255362e+00 1.057386519909630618e+00 4.094539074951141777e-01 -6.921928076208333502e-01 2.908260999819450854e-01 5.183018370450392931e-01
1403638611.577829361 -4.280405821048033133e+00 -9.891186429177411199e+00 1.044079194115254738e+00 4.113689828063093468e-01 -6.931014064793085128e-01 2.871801748384352204e-01 5.176036587013973511e-01
1403638611.627829552 -4.262636798234674451e+00 -9.850602035417644231e+00 1.028152095294952995e+00 4.118181253732455249e-01 -6.940456658316900285e-01 2.858560423207885948e-01 5.167134296909724478e-01
1403638611.677829266 -4.243948871636400888e+00 -9.810645045947312681e+00 1.013069041049242225e+00 4.115594589979703621e-01 -6.952573004912772081e-01 2.858135870572700576e-01 5.153122269812121514e-01
1403638611.727829456 -4.222604255429551756e+00 -9.772609449105893020e+00 9.955299509517119283e-01 4.095407642715708785e-01 -6.979673335567357917e-01 2.881724762949566809e-01 5.119322099590831732e-01
1403638611.777829409 -4.203867337533153226e+00 -9.732951678555757269e+00 9.817358232402765283e-01 4.070047588629501778e-01 -7.007197670429814451e-01 2.919179787226880429e-01 5.080578983114050207e-01
1403638611.827829599 -4.185305869100183429e+00 -9.693017115479618084e+00 9.689153548233231383e-01 4.044438268338287901e-01 -7.034846990821922441e-01 2.948991714900067174e-01 5.045482610690015246e-01
1403638611.877829313 -4.163134148245376309e+00 -9.655876393934992308e+00 9.505248603045787226e-01 4.019689495547746350e-01 -7.062998822241268737e-01 2.971489302582110970e-01 5.012623596585091823e-01
1403638611.927829504 -4.143537748958357803e+00 -9.615536282807640944e+00 9.399948660637871267e-01 4.002407763195340862e-01 -7.084085029582012361e-01 2.985105410791638048e-01 4.988548594253460755e-01
1403638611.977829456 -4.124411614986460251e+00 -9.575510071312208993e+00 9.233690224198826124e-01 3.991452228037347116e-01 -7.098348805529098859e-01 2.998927615034622240e-01 4.968720811851081720e-01
1403638612.027829409 -4.105568529649168852e+00 -9.535494773872652985e+00 9.055894121722073420e-01 3.982604022308602332e-01 -7.111415075741428504e-01 3.002688796669996663e-01 4.954846194622127276e-01
1403638612.077829361 -4.090314511994815661e+00 -9.495086633125307429e+00 8.934004999372155975e-01 3.989160833758434443e-01 -7.118677158888288004e-01 2.993380650068327986e-01 4.944765275897977652e-01
1403638612.127829552 -4.076954429975258698e+00 -9.451931695999942207e+00 8.787583461723817990e-01 3.970783892984366958e-01 -7.128646217855909573e-01 3.018700249225974575e-01 4.929779628055152574e-01
1403638612.177829266 -4.062160190789806613e+00 -9.409998648739382077e+00 8.687783171375397240e-01 3.975826619196137779e-01 -7.129042895922115264e-01 3.008134035416252794e-01 4.931600116307500725e-01
1403638612.227829456 -4.051846505765255735e+00 -9.366411652718655390e+00 8.566474424780796681e-01 3.974225928161168042e-01 -7.131474489677471773e-01 3.013911625462242228e-01 4.925843743858965840e-01
1403638612.277829409 -4.036576554087042190e+00 -9.325165519836803085e+00 8.471168347563993173e-01 3.971061188697614930e-01 -7.125785356385139213e-01 3.015791642063466726e-01 4.935469264619803953e-01
1403638612.327829599 -4.012712737793345141e+00 -9.286312732867807895e+00 8.346030242235424890e-01 3.976729248777235437e-01 -7.127924542902240868e-01 3.007143828706955735e-01 4.933092558029011365e-01
1403638612.377829313 -3.994985813953054077e+00 -9.244703809046168175e+00 8.269021508683007671e-01 3.978329573834478716e-01 -7.120584196357677698e-01 2.998494724647020604e-01 4.947646298069341420e-01
1403638612.427829504 -3.972243655780669069e+00 -9.206032625094351829e+00 8.146287890900856254e-01 3.971040522474352241e-01 -7.118527568642792902e-01 2.995560895147234004e-01 4.958227238318537178e-01
1403638612.477829456 -3.957690145842875484e+00 -9.164838847407867917e+00 8.061101064109346126e-01 3.966505312066030409e-01 -7.110335050692589975e-01 2.987786228517152476e-01 4.978263204063001490e-01
1403638612.527829409 -3.946935144970324494e+00 -9.125375662723351766e+00 8.041133086813427866e-01 3.971507460298427383e-01 -7.100033649451036322e-01 2.970290592263387652e-01 4.999402410985592238e-01
1403638612.577829361 -3.940135641951507228e+00 -9.079957198852680378e+00 7.918248029701081547e-01 3.978250549320523355e-01 -7.087966547308471865e-01 2.957754943356283861e-01 5.018559403466141822e-01
1403638612.627829552 -3.934673489713510719e+00 -9.042393243012586623e+00 7.846763158765849289e-01 3.992409373019011332e-01 -7.083398946278594011e-01 2.921549323856427183e-01 5.034945512551580737e-01
1403638612.677829266 -3.915349055019142543e+00 -9.002395814213507208e+00 7.665927159291048287e-01 4.001645459916972070e-01 -7.071422279055500359e-01 2.895629376960610624e-01 5.059362714382723558e-01
1403638612.727829456 -3.903104229656264579e+00 -8.966286607599295522e+00 7.527979958393996585e-01 4.002531689817940275e-01 -7.068189296021040180e-01 2.874573195223272815e-01 5.075161977013206149e-01
1403638612.777829409 -3.889620227691086285e+00 -8.926429726093168426e+00 7.389656330544491780e-01 3.996266638550458050e-01 -7.064887237614448923e-01 2.862902894708214130e-01 5.091267846899478755e-01
1403638612.827829599 -3.874601245820768369e+00 -8.880441006713635232e+00 7.197683814265893876e-01 3.986666558909940372e-01 -7.058031491452145811e-01 2.864101618901467861e-01 5.107602483587088127e-01
1403638612.877829313 -3.864618581217301063e+00 -8.837405375917168016e+00 7.077443756439077971e-01 3.975773016528488246e-01 -7.052167524346809602e-01 2.865766394512426762e-01 5.123235803832907331e-01
1403638612.927829504 -3.847584534664019174e+00 -8.795754113540793284e+00 6.908525777485419184e-01 3.963828735218766774e-01 -7.052486766760381887e-01 2.873403217069426252e-01 5.127772041994336227e-01
1403638612.977829456 -3.830384064579642978e+00 -8.752769416940543223e+00 6.752645040421342282e-01 3.957671283663566908e-01 -7.056165843770063617e-01 2.875341147302565292e-01 5.126380290449222832e-01
1403638613.027829409 -3.809076714925185403e+00 -8.713096676218953007e+00 6.591839921606702513e-01 3.951192181627307121e-01 -7.076188290170949413e-01 2.874236326438841527e-01 5.104351591110678488e-01
1403638613.077829361 -3.792469411291461423e+00 -8.671773161301590704e+00 6.509928128408322134e-01 3.944363978655388014e-01 -7.083600731871614320e-01 2.882466772112520226e-01 5.094701049421939132e-01
1403638613.127829552 -3.775552532075379109e+00 -8.630526357598462539e+00 6.463511229020657556e-01 3.944970919883904470e-01 -7.091579598375722382e-01 2.876980753481928610e-01 5.086225023066335282e-01
1403638613.177829266 -3.750936326541072674e+00 -8.591504857812360285e+00 6.400089207654729995e-01 3.940505958949476750e-01 -7.109292628956034310e-01 2.876690089179756993e-01 5.065078995846959975e-01
1403638613.227829456 -3.738442622252831526e+00 -8.552610137489502051e+00 6.420521590635915876e-01 3.939539465967274445e-01 -7.109457758830682872e-01 2.873533518874453185e-01 5.067390283705559550e-01
1403638613.277829409 -3.718766456223137062e+00 -8.511802172181839765e+00 6.406005134543311108e-01 3.939253725422474650e-01 -7.114738627087809908e-01 2.867094079675111540e-01 5.063846946073877753e-01
1403638613.327829599 -3.691396599669038991e+00 -8.468100936882587249e+00 6.347841981847678339e-01 3.942517285761570900e-01 -7.116354663564627980e-01 2.863298723983855321e-01 5.061183080176573368e-01
1403638613.377829313 -3.669947209118035403e+00 -8.426244587631567029e+00 6.339633127046250261e-01 3.948501370326477078e-01 -7.110930898824210367e-01 2.859716556704045010e-01 5.066164219208633135e-01
1403638613.427829504 -3.645535773537486257e+00 -8.381263813683819563e+00 6.295302190318170510e-01 3.951217838669098259e-01 -7.109995339295271943e-01 2.856880498219292464e-01 5.066959412258686957e-01
1403638613.477829456 -3.620678141655284232e+00 -8.339274051004432309e+00 6.261020265527268425e-01 3.939675981405209026e-01 -7.105777184879185082e-01 2.864497953964617039e-01 5.077552090537512663e-01
1403638613.527829409 -3.598950815500321809e+00 -8.294368774569999658e+00 6.210264863590809759e-01 3.917828343923643875e-01 -7.107457621390930180e-01 2.865093147270164620e-01 5.091749059522281406e-01
1403638613.577829361 -3.587259612176028956e+00 -8.250499282781269983e+00 6.196706082937020188e-01 3.898154841864643338e-01 -7.115640094230719637e-01 2.857178241626057713e-01 5.099861505355034463e-01
1403638613.627829552 -3.568395351461501885e+00 -8.207638641725798934e+00 6.141749209395693798e-01 3.860277821827132194e-01 -7.119441873230398787e-01 2.885542769423719012e-01 5.107391259520823734e-01
1403638613.677829266 -3.555600988208380109e+00 -8.166624305049149157e+00 6.121855857326417016e-01 3.835809914208829774e-01 -7.118893447385662432e-01 2.895241251179559994e-01 5.121083526393117591e-01
1403638613.727829456 -3.537816753922767177e+00 -8.126839781088326831e+00 6.047885044686013289e-01 3.796456789499000339e-01 -7.106509898244531831e-01 2.922158553415311055e-01 5.152224985413699221e-01
1403638613.777829409 -3.516480911438518042e+00 -8.086764351187699873e+00 5.927805331189708316e-01 3.757895059425885864e-01 -7.103506333069693479e-01 2.928271289176498371e-01 5.181085769929493212e-01
1403638613.827829599 -3.482341109043580740e+00 -8.042216385608014662e+00 5.728408216410919573e-01 3.718225496490082937e-01 -7.109259211683681690e-01 2.914372556978647166e-01 5.209574379685114609e-01
1403638613.877829313 -3.457905735624113408e+00 -7.994058396521697141e+00 5.547471064826823284e-01 3.674098475957752741e-01 -7.124044489652078260e-01 2.895822433455219058e-01 5.230984891234181644e-01
1403638613.927829504 -3.420256380145455299e+00 -7.950227118418180083e+00 5.326006140067730543e-01 3.623315478931153910e-01 -7.150141022291428561e-01 2.857178693159715399e-01 5.252008969607472322e-01
1403638613.977829456 -3.401792670117660400e+00 -7.904890181890908529e+00 5.169762495376540867e-01 3.565560322336675525e-01 -7.183207248285743418e-01 2.814079668854721494e-01 5.269655475768038055e-01
1403638614.027829409 -3.386896296522126981e+00 -7.861464280421849082e+00 5.047199250960883177e-01 3.511282027173908138e-01 -7.216766575311370779e-01 2.748698477200758883e-01 5.294698802061201803e-01
1403638614.077829361 -3.363550115132113660e+00 -7.813171002657989028e+00 4.817740713935805275e-01 3.442722957932278782e-01 -7.258433829936551396e-01 2.690843690766578922e-01 5.312453030683690347e-01
1403638614.127829552 -3.346806356092385304e+00 -7.763894596608747811e+00 4.605962365033571815e-01 3.379827372358339410e-01 -7.303250348131303804e-01 2.618018729446117687e-01 5.327783705993202057e-01
1403638614.177829266 -3.318202988760059036e+00 -7.707593945780138789e+00 4.332385992860799950e-01 3.313155120695343570e-01 -7.353922801629594330e-01 2.546366854875674046e-01 5.334682597331646958e-01
1403638614.227829456 -3.288326596400537483e+00 -7.657611667860472870e+00 4.139792860404865049e-01 3.241301725846338910e-01 -7.397580378855578287e-01 2.481989210581356797e-01 5.348784648773424744e-01
1403638614.277829409 -3.260916863330353355e+00 -7.606563845716336481e+00 3.917696028599171321e-01 3.171332216790730962e-01 -7.438684226633581753e-01 2.434065537283203184e-01 5.355740276319249649e-01
1403638614.327829599 -3.238637093765048380e+00 -7.552212760259162216e+00 3.772327027881427486e-01 3.122573801190452469e-01 -7.472042559703002684e-01 2.384029518149378968e-01 5.360458571680080109e-01
1403638614.377829313 -3.212851284545034325e+00 -7.504464086913426257e+00 3.652525890355733940e-01 3.073218136443792159e-01 -7.504022676934737346e-01 2.347998934460641396e-01 5.360212211625005052e-01
1403638614.427829504 -3.187594786572612637e+00 -7.460375596926382968e+00 3.611605005699818904e-01 3.022918370415389466e-01 -7.529176340776889687e-01 2.327599886094459114e-01 5.362438524173845922e-01
1403638614.477829456 -3.160119597298498562e+00 -7.410563356798339107e+00 3.568729611934857715e-01 2.982513889475925661e-01 -7.550968588537079196e-01 2.309784770646521046e-01 5.362124447203637789e-01
1403638614.527829409 -3.133020037099772281e+00 -7.368515835059324282e+00 3.527764910209228444e-01 2.937506489173416502e-01 -7.573610907040561058e-01 2.294301046162881830e-01 5.361684079130007996e-01
1403638614.577829361 -3.110398575836519797e+00 -7.315809326430128046e+00 3.551192229119164434e-01 2.894495451520631146e-01 -7.594829454477601827e-01 2.267486954424186574e-01 5.366466672778463787e-01
1403638614.627829552 -3.087631372177788158e+00 -7.260104296142654512e+00 3.551677791555604702e-01 2.836542495411901732e-01 -7.615091187934469596e-01 2.259589568342669219e-01 5.372026419685798082e-01
1403638614.677829266 -3.058091712104320958e+00 -7.206824714282736188e+00 3.571310267444758324e-01 2.770589595758300994e-01 -7.643800504235911397e-01 2.237301878232069718e-01 5.375000227811895792e-01
1403638614.727829456 -3.030839571522512266e+00 -7.153780391397758009e+00 3.569617396869901316e-01 2.686224588751485731e-01 -7.684939663818979305e-01 2.234641512933620844e-01 5.360249726544696891e-01
1403638614.777829409 -3.006701861616929428e+00 -7.101808463048366882e+00 3.620252612031737427e-01 2.598005173122476252e-01 -7.736814007546897187e-01 2.218727416850726220e-01 5.335665542626327751e-01
1403638614.827829599 -2.981144499886673849e+00 -7.050266836244776236e+00 3.718949276982851382e-01 2.507490501753795176e-01 -7.787272840028754972e-01 2.182287956140893659e-01 5.320572560829088804e-01
1403638614.877829313 -2.963814649565375881e+00 -6.992510764047226601e+00 3.808941132091257509e-01 2.419290236600875332e-01 -7.843787986046103500e-01 2.143962536891551862e-01 5.293906820246464529e-01
1403638614.927829504 -2.936585511106768909e+00 -6.933675951636256940e+00 3.879648124321330438e-01 2.327731417823247495e-01 -7.883983015243645198e-01 2.076693248292928728e-01 5.302058412948962296e-01
1403638614.977829456 -2.928913801009596085e+00 -6.872230559975419872e+00 4.019569367346528810e-01 2.224619877859775607e-01 -7.928799894125846404e-01 2.014990655808774900e-01 5.303301923796575057e-01
1403638615.027829409 -2.917584065842550700e+00 -6.810801352244888029e+00 4.195924655546793280e-01 2.119776855388299242e-01 -7.964765782778799874e-01 1.935218646370713003e-01 5.322027893535998810e-01
1403638615.077829361 -2.899027469750456110e+00 -6.743173058585726132e+00 4.346215554367938716e-01 2.013274586363080210e-01 -7.996577281605565801e-01 1.835893482541354205e-01 5.350791748888804600e-01
1403638615.127829552 -2.902842888137451727e+00 -6.684385854185316944e+00 4.607124941255106298e-01 1.905108688096868730e-01 -8.020972438850035857e-01 1.730543128746497294e-01 5.388857253750022336e-01
1403638615.177829266 -2.892251464508206915e+00 -6.618333894918900562e+00 4.788507226034707243e-01 1.792835955259909353e-01 -8.024135638632600154e-01 1.619679871793944792e-01 5.456704463617124690e-01
1403638615.227829456 -2.874513306460457329e+00 -6.554926255420795655e+00 4.977262284295144723e-01 1.693377498841449336e-01 -8.033985594984439649e-01 1.481074627128200760e-01 5.513072288196215753e-01
1403638615.277829409 -2.855663424196614564e+00 -6.494129830466147446e+00 5.146849770896174681e-01 1.573490579467703154e-01 -8.041822848619643027e-01 1.360333977780520676e-01 5.568007196173625495e-01
1403638615.327829599 -2.829494622101672352e+00 -6.435795182736849362e+00 5.306632363980631206e-01 1.441437230102260991e-01 -8.055275214053848609e-01 1.248257242577261172e-01 5.610405849301658421e-01
1403638615.377829313 -2.812250623843482789e+00 -6.377127332056693909e+00 5.449494940009327326e-01 1.311296183156441253e-01 -8.068913549867272605e-01 1.139109718477935296e-01 5.645844976093199463e-01
1403638615.427829504 -2.801819537936632631e+00 -6.308463616149954767e+00 5.567773851155725096e-01 1.183202053416724520e-01 -8.076908205591195600e-01 1.037204163508094606e-01 5.682234970717555678e-01
1403638615.477829456 -2.794838660186498291e+00 -6.250891005129087574e+00 5.697109716356442144e-01 1.055822284868225686e-01 -8.087252184301012559e-01 9.331390507886890007e-02 5.710590418002968738e-01
1403638615.527829409 -2.792367773816955445e+00 -6.194517807742109916e+00 5.822351210528257104e-01 9.344085911698907232e-02 -8.102405582963777553e-01 8.386775746036098655e-02 5.724903866421018339e-01
1403638615.577829361 -2.784443906261314439e+00 -6.141083922859222888e+00 5.927418103121729898e-01 8.139157682506467650e-02 -8.109053687847838088e-01 7.590173446301001769e-02 5.744970154869826207e-01
1403638615.627829552 -2.774255255861229230e+00 -6.083719303717328053e+00 6.031513849527367910e-01 7.196397207969380816e-02 -8.116107060764400360e-01 6.828244046413635415e-02 5.757141276960966447e-01
1403638615.677829266 -2.765744792482677017e+00 -6.019804768069424661e+00 6.095618068528049216e-01 6.382655696353346786e-02 -8.124149551973511851e-01 6.259720453026687559e-02 5.761854746371716240e-01
1403638615.727829456 -2.751068123513414676e+00 -6.005092422849255485e+00 6.071975432511050874e-01 5.722472939184646001e-02 -8.127959774387863989e-01 5.876603810072100753e-02 5.767448154698074925e-01
1403638615.777829409 -2.741872592524870367e+00 -5.948970408332661108e+00 6.221999702203671045e-01 5.165893487125695904e-02 -8.132406615212063317e-01 5.527240298071361968e-02 5.769886847809544417e-01
1403638615.827829599 -2.732832938486197349e+00 -5.891929412230430430e+00 6.385326213514403992e-01 4.669712230577494072e-02 -8.137093557165760993e-01 5.198502745874473974e-02 5.770563404969983878e-01
1403638615.877829313 -2.718528090322298585e+00 -5.837003639575593539e+00 6.566399305134726916e-01 3.974360073120697390e-02 -8.143788599603700717e-01 4.998180614982094400e-02 5.768096199826838744e-01
1403638615.927829504 -2.706900857117533477e+00 -5.774431086598356799e+00 6.689507247876046447e-01 3.370159980540152894e-02 -8.144064708912701622e-01 4.683231007518605382e-02 5.774192905281265720e-01
1403638615.977829456 -2.697129327136594146e+00 -5.719277586166770178e+00 6.807871827854758973e-01 2.775623739556055958e-02 -8.154988632956658989e-01 4.277756834606585845e-02 5.765078272630094203e-01
1403638616.027829409 -2.682000387759308602e+00 -5.657971446555245087e+00 6.912708516698576888e-01 2.164665010043970508e-02 -8.153916888729750845e-01 3.843777276107886859e-02 5.772264320710498442e-01
1403638616.077829361 -2.667237863188369751e+00 -5.592576204560141484e+00 7.020514476572414786e-01 1.554866294154625371e-02 -8.155000775934861945e-01 3.370139450967325756e-02 5.775656486788768307e-01
1403638616.127829552 -2.648372985813188585e+00 -5.532438734766143895e+00 7.095599001810545259e-01 8.911514696706090977e-03 -8.157529896669226677e-01 2.852264874748991832e-02 5.776279972990535638e-01
1403638616.177829266 -2.623963061735427704e+00 -5.461818748760422615e+00 7.096281590211578338e-01 1.074856846748723557e-03 -8.160988502226569352e-01 2.377374417041049418e-02 5.774221336562501694e-01
1403638616.227829456 -2.610222088333331580e+00 -5.399932142791595169e+00 7.093049912112614486e-01 -7.387149052381122849e-03 -8.164059906338460015e-01 1.910419256581004366e-02 5.771149957438769240e-01
1403638616.277829409 -2.588698232550901146e+00 -5.326054152077834836e+00 6.997511588887236345e-01 -1.686812082550650377e-02 -8.163081660783020332e-01 1.379347721777148678e-02 5.772054958850777462e-01
1403638616.327829599 -2.569704283292394642e+00 -5.257571225630478295e+00 6.963474256229236214e-01 -2.622167566799486413e-02 -8.165191734921354305e-01 6.829905584249045675e-03 5.766820748337796454e-01
1403638616.377829313 -2.556533897404693612e+00 -5.205074493834194627e+00 6.861162077002807003e-01 -3.576853995583056250e-02 -8.164486892916928973e-01 1.167575604068547178e-04 5.763090626313083220e-01
1403638616.427829504 -2.543859853282978367e+00 -5.156258149786475897e+00 6.702247530968441502e-01 -4.507332984883169469e-02 -8.163885935074687294e-01 -6.286734668943832170e-03 5.757069882278983419e-01
1403638616.477829456 -2.529101758255965393e+00 -5.095350458268356419e+00 6.547933330594938317e-01 -5.388084764982508518e-02 -8.163207195430672858e-01 -1.044862226898541149e-02 5.749853592865693530e-01
1403638616.527829409 -2.511888621281820111e+00 -5.039245437190255750e+00 6.361526507224708471e-01 -6.086472105197324178e-02 -8.165575585105371292e-01 -1.555905632479962289e-02 5.738354774121744439e-01
1403638616.577829361 -2.493941525883129007e+00 -4.972660800480453780e+00 6.166408949365548287e-01 -6.672191301967615729e-02 -8.174226496194224589e-01 -1.964082138247165085e-02 5.718239557307649434e-01
1403638616.627829552 -2.479214122070430015e+00 -4.913868994898396458e+00 5.968296297105326609e-01 -7.206487744600272027e-02 -8.189602909324210644e-01 -2.293409234221475967e-02 5.688450779632496790e-01
1403638616.677829266 -2.467638762187655210e+00 -4.859370271070248215e+00 5.762372828125251756e-01 -7.673560543590463023e-02 -8.216023913259131728e-01 -2.481705930104964250e-02 5.643272729485742101e-01
1403638616.727829456 -2.458703362918258417e+00 -4.798535330647984765e+00 5.537970272011641937e-01 -8.196093079679758753e-02 -8.257196447988903731e-01 -2.365855448823198093e-02 5.575928145301412009e-01
1403638616.777829409 -2.446575200191497323e+00 -4.742240523700846921e+00 5.321583842883603754e-01 -8.723521111805568329e-02 -8.296825394639411044e-01 -2.105851113007358930e-02 5.509749910466341660e-01
1403638616.827829599 -2.436162785693213539e+00 -4.682135569097509276e+00 5.120092288822156723e-01 -9.145273107230245113e-02 -8.329359452379206941e-01 -1.831399513145653274e-02 5.454527538589879487e-01
1403638616.877829313 -2.429072514723551901e+00 -4.627617770844087097e+00 4.927784223167895328e-01 -9.426950648862375548e-02 -8.352432168930868928e-01 -1.706125513278246297e-02 5.414710909677202810e-01
1403638616.927829504 -2.422787863232430006e+00 -4.567964178295438771e+00 4.760735613496586138e-01 -9.447186462288859055e-02 -8.350400005103497669e-01 -1.813991828408132237e-02 5.417141383672725574e-01
1403638616.977829456 -2.411840799588344186e+00 -4.499033481887263264e+00 4.628474934473032487e-01 -9.187449455751900418e-02 -8.336750564488817350e-01 -2.259744435746939561e-02 5.440903721012397831e-01
1403638617.027829409 -2.412782275733318382e+00 -4.430938756440803594e+00 4.496687377195291435e-01 -8.927426831061523183e-02 -8.319536358323951220e-01 -2.554273506245098579e-02 5.470199461887953474e-01
1403638617.077829361 -2.401282655541571387e+00 -4.359345079178275739e+00 4.363876721223349242e-01 -8.634813108063568721e-02 -8.300046547741766201e-01 -2.832202493654325040e-02 5.503036763602214831e-01
1403638617.127829552 -2.393482102871623329e+00 -4.285063253067453282e+00 4.240076658069164006e-01 -8.219458384735447987e-02 -8.281628951936866878e-01 -3.260016133450890224e-02 5.534686069611670645e-01
1403638617.177829266 -2.390036302762074349e+00 -4.216879797090364868e+00 4.148395497725376191e-01 -7.937784706251019284e-02 -8.273088933342560569e-01 -3.432779022974150746e-02 5.550502276584636796e-01
1403638617.227829456 -2.387273073271638513e+00 -4.147574727304560227e+00 4.112060396716787358e-01 -7.659616019137319154e-02 -8.282542075245001856e-01 -3.610704726213666282e-02 5.539172114133206204e-01
1403638617.277829409 -2.384634642210135436e+00 -4.075194279497497796e+00 4.085572433758019040e-01 -7.470652421973938972e-02 -8.299484843313962301e-01 -3.596638284940284480e-02 5.516437871486942202e-01
1403638617.327829599 -2.388378079679963850e+00 -4.011916790639669550e+00 4.084501192354280663e-01 -7.337878663926923617e-02 -8.316227968419250827e-01 -3.524169613403374535e-02 5.493424253575901473e-01
1403638617.377829313 -2.386578779832920993e+00 -3.944598453203240318e+00 4.063167993853964433e-01 -7.177056641662266090e-02 -8.340395658960613190e-01 -3.544760981330265931e-02 5.458667010128669395e-01
1403638617.427829504 -2.390665418978721757e+00 -3.882539624063698014e+00 4.076317379885887049e-01 -6.993642683376632974e-02 -8.358256417678570083e-01 -3.565116419656987751e-02 5.433538324669336950e-01
1403638617.477829456 -2.397239182902079158e+00 -3.824224164441599960e+00 4.135205245090984860e-01 -6.838922129761741686e-02 -8.370004259289568482e-01 -3.519466624187821135e-02 5.417698190866423458e-01
1403638617.527829409 -2.404263001475769546e+00 -3.764697468126633861e+00 4.184889282812845335e-01 -6.660989561980919238e-02 -8.377673813875647912e-01 -3.554100978356552337e-02 5.407825562202476233e-01
1403638617.577829361 -2.414722121895517493e+00 -3.702604167438359184e+00 4.240378744162929259e-01 -6.571134527872213305e-02 -8.377863673338811212e-01 -3.499977798036066345e-02 5.408983613882422103e-01
1403638617.627829552 -2.425193461501424341e+00 -3.642217549491525652e+00 4.339582915737545954e-01 -6.408020461299776538e-02 -8.374357731146282458e-01 -3.575597426019690162e-02 5.415870784918761505e-01
1403638617.677829266 -2.435069432812019929e+00 -3.567160593144127034e+00 4.452387806216000499e-01 -6.195061887668515399e-02 -8.366124234711443952e-01 -3.635355084930103758e-02 5.430655513427286030e-01
1403638617.727829456 -2.451343175229785842e+00 -3.510744547681547090e+00 4.592201853904567255e-01 -5.984726884183814988e-02 -8.358750977269600035e-01 -3.762295654234303760e-02 5.443488206592634882e-01
1403638617.777829409 -2.465452120326808494e+00 -3.451044819778936734e+00 4.774903071208095873e-01 -5.939510717036768778e-02 -8.352167228581628411e-01 -3.688975359176705632e-02 5.454579664669222394e-01
1403638617.827829599 -2.481770813551556820e+00 -3.388330611898736411e+00 4.944481123954012070e-01 -5.747482232506613553e-02 -8.359800566386162979e-01 -3.798596773879960031e-02 5.444180892991570264e-01
1403638617.877829313 -2.505098310923600913e+00 -3.347410688790871003e+00 5.146314362815435084e-01 -5.619215192259372632e-02 -8.353822021767430828e-01 -3.793824645412555152e-02 5.454720046020961055e-01
1403638617.927829504 -2.524051257593444841e+00 -3.288306980991578143e+00 5.322481555909399642e-01 -5.647778304180898351e-02 -8.347552746670615642e-01 -3.656342296182389651e-02 5.464952035832666422e-01
1403638617.977829456 -2.544429157163235811e+00 -3.229091626960999051e+00 5.523606015383586421e-01 -5.586390147642695397e-02 -8.343543075021622180e-01 -3.589029220143478971e-02 5.472147667873330512e-01
1403638618.027829409 -2.567498361042628741e+00 -3.175246278726723048e+00 5.707312623913632921e-01 -5.519057838802374216e-02 -8.343378997314175871e-01 -3.555104108854796607e-02 5.473302409025861959e-01
1403638618.077829361 -2.585980804163269919e+00 -3.106796810669944175e+00 5.898945026056429120e-01 -5.451056799266538327e-02 -8.341355269196745192e-01 -3.519180878487164488e-02 5.477299127325464534e-01
1403638618.127829552 -2.608334479593565014e+00 -3.047130976350316267e+00 6.069529579669022956e-01 -5.468871198878225148e-02 -8.346660549830231535e-01 -3.374083228231741088e-02 5.469947693323782278e-01
1403638618.177829266 -2.633443777910225325e+00 -2.997783466400667951e+00 6.213678804984575921e-01 -5.440568935268227241e-02 -8.342993854873431703e-01 -3.312173119172702462e-02 5.476198565285632647e-01
1403638618.227829456 -2.661916651068395812e+00 -2.944589456939235905e+00 6.338249525283480290e-01 -5.348823305000914574e-02 -8.344387670067101581e-01 -3.335250930522183632e-02 5.474838474005916389e-01
1403638618.277829409 -2.687947659794152067e+00 -2.895584760586716655e+00 6.438760058250331264e-01 -5.293959753397717294e-02 -8.344009710517580336e-01 -3.373119774573280633e-02 5.475715704996584332e-01
1403638618.327829599 -2.712353380737408948e+00 -2.841705358350455235e+00 6.541735185982063827e-01 -5.229848299173320975e-02 -8.336827098641690359e-01 -3.404113542290568284e-02 5.487068516516071526e-01
1403638618.377829313 -2.743069886644049049e+00 -2.781584993291581931e+00 6.635237050835453010e-01 -5.182301303285852256e-02 -8.336723759614403928e-01 -3.330938769645516023e-02 5.488125632402107712e-01
1403638618.427829504 -2.772228709971124694e+00 -2.730308135160213201e+00 6.726951670747522982e-01 -5.095304607851267042e-02 -8.337213022379562632e-01 -3.363265243744412852e-02 5.487999835823517136e-01
1403638618.477829456 -2.801189858260671794e+00 -2.685844853524707254e+00 6.842112317760611351e-01 -5.054385037693688576e-02 -8.339136758723512122e-01 -3.354686038846146912e-02 5.485507347002771539e-01
1403638618.527829409 -2.834784673919239939e+00 -2.627967112678122330e+00 6.897183873657913855e-01 -4.990267956576339980e-02 -8.332174224739964385e-01 -3.341736925351133231e-02 5.496742024964617057e-01
1403638618.577829361 -2.868795356120610318e+00 -2.578690770932325016e+00 6.968410687009324311e-01 -4.961311337347362738e-02 -8.329076218413773436e-01 -3.486232356479855576e-02 5.500800404082984985e-01
1403638618.627829552 -2.898728799103356124e+00 -2.522258040021835512e+00 7.022899105934684583e-01 -5.182839064817333641e-02 -8.328181504607339303e-01 -3.619911088669919980e-02 5.499248771941447345e-01
1403638618.677829266 -2.936225683766150674e+00 -2.475623310250705700e+00 7.103239975380672977e-01 -5.275345849789477709e-02 -8.327778860292496255e-01 -3.845219515170585772e-02 5.497449352610537243e-01
1403638618.727829456 -2.975698757560125696e+00 -2.433054055093028634e+00 7.172583763590127948e-01 -5.363205548961911401e-02 -8.325474681469020588e-01 -3.999376942473668178e-02 5.498989128133848769e-01
1403638618.777829409 -3.012840175084703809e+00 -2.391422662850128500e+00 7.284025528134185912e-01 -5.548832581950318560e-02 -8.319810654871994116e-01 -4.097754921381815962e-02 5.504992214608139811e-01
1403638618.827829599 -3.049458794148858232e+00 -2.349650947178253180e+00 7.391689423261731395e-01 -5.736434344472067515e-02 -8.311186979951951104e-01 -4.173798651316609071e-02 5.515514322579125883e-01
1403638618.877829313 -3.088993662017979869e+00 -2.305932311878214680e+00 7.488297295554904309e-01 -5.886140984065053178e-02 -8.298809370950492870e-01 -4.431604141327624702e-02 5.530542949397199148e-01
1403638618.927829504 -3.125696989046908403e+00 -2.265403463678349105e+00 7.597640560925905673e-01 -6.315238462719333090e-02 -8.279914171665766487e-01 -4.671064745408425034e-02 5.552117657514143989e-01
1403638618.977829456 -3.165832356246144563e+00 -2.215716861091850287e+00 7.691791426362629691e-01 -6.817961943653387535e-02 -8.251700015729598325e-01 -5.075155594600277292e-02 5.584534784264764129e-01
1403638619.027829409 -3.207932970968773834e+00 -2.163590077893308816e+00 7.796209715841404542e-01 -7.429600243290208905e-02 -8.229729452069789453e-01 -5.565048443217330415e-02 5.604450544543200241e-01
1403638619.077829361 -3.247024333641557625e+00 -2.117255678769522920e+00 7.922191589434761649e-01 -8.141271094952055865e-02 -8.210600182938460057e-01 -6.283016743060192144e-02 5.615022590478169207e-01
1403638619.127829552 -3.285920731604888623e+00 -2.067398334139271210e+00 8.036975904972981644e-01 -8.962071214053059232e-02 -8.187363629611417171e-01 -6.992954757353299355e-02 5.628043659183418201e-01
1403638619.177829266 -3.328011011827416432e+00 -2.031056283408234631e+00 8.121595405237279630e-01 -9.968070132013451268e-02 -8.169493566996962608e-01 -7.632506893742635468e-02 5.628783085392219387e-01
1403638619.227829456 -3.368924876429348902e+00 -2.000986907635814216e+00 8.152702987178409577e-01 -1.109623776365640385e-01 -8.143222491456537648e-01 -8.345804206459256358e-02 5.635613369548598817e-01
1403638619.277829409 -3.407445673460456348e+00 -1.962110224435701822e+00 8.178040488279993969e-01 -1.235783025840575255e-01 -8.121859580578077997e-01 -9.030789330474162102e-02 5.629625716431099214e-01
1403638619.327829599 -3.449406294077129065e+00 -1.925295336783062750e+00 8.148532438210068785e-01 -1.354514524682645105e-01 -8.097008952601814080e-01 -9.851402181752562381e-02 5.624343088258704215e-01
1403638619.377829313 -3.489212374010271400e+00 -1.878042334706297556e+00 8.084696718019342976e-01 -1.475169716239739803e-01 -8.067215788177278801e-01 -1.057848611769121316e-01 5.623598496501198696e-01
1403638619.427829504 -3.530589771846742053e+00 -1.835904388535454235e+00 8.062348464927225900e-01 -1.585505912245033511e-01 -8.039820580291079377e-01 -1.117912747437969090e-01 5.621185562501895827e-01
1403638619.477829456 -3.570422223709708742e+00 -1.796759615763536377e+00 8.022992275002179818e-01 -1.683239252569490585e-01 -8.016547871751122933e-01 -1.165472201546410569e-01 5.616345821435360097e-01
1403638619.527829409 -3.611994553840052191e+00 -1.760285679795965841e+00 7.957715366088760067e-01 -1.764530411119271947e-01 -7.992793945435645586e-01 -1.199108603030734355e-01 5.618168378767247617e-01
1403638619.577829361 -3.651927600052408796e+00 -1.718548572353733039e+00 7.875756641694452442e-01 -1.840158455407926719e-01 -7.973856355208068791e-01 -1.229782765294613611e-01 5.614184360678136088e-01
1403638619.627829552 -3.691252645726955883e+00 -1.682498869128806307e+00 7.796839873208981642e-01 -1.920349604984063763e-01 -7.956396173826186802e-01 -1.224374891775408120e-01 5.613280987457471838e-01
1403638619.677829266 -3.728362044113121332e+00 -1.656521573606119624e+00 7.668238665950825039e-01 -2.003725757456573386e-01 -7.932078003168216984e-01 -1.188919682630527330e-01 5.626161358227627085e-01
1403638619.727829456 -3.762470073689262673e+00 -1.626461701327764464e+00 7.606606560635283953e-01 -2.069041394872356276e-01 -7.922292291908376027e-01 -1.167007086219042089e-01 5.620893790900904907e-01
1403638619.777829409 -3.798455647704764182e+00 -1.600130696362412452e+00 7.537237310825383174e-01 -2.119199900053516106e-01 -7.904429479622924193e-01 -1.151209186529772582e-01 5.630604212172142242e-01
1403638619.827829599 -3.833224320904810245e+00 -1.567211366012539298e+00 7.438374432431702488e-01 -2.158374019072449301e-01 -7.890760102397205156e-01 -1.144574400239383588e-01 5.636246627191373593e-01
1403638619.877829313 -3.869643786125436691e+00 -1.531633783730335763e+00 7.347926388745983362e-01 -2.183964829914443184e-01 -7.881494596288961541e-01 -1.148096831467676215e-01 5.638635847076718388e-01
1403638619.927829504 -3.902450812320011675e+00 -1.494771321610409487e+00 7.238724919635951549e-01 -2.211877364760526377e-01 -7.872663321444111073e-01 -1.152191401360121020e-01 5.639257550873200131e-01
1403638619.977829456 -3.938241211641891226e+00 -1.457422912991849451e+00 7.172323155964750452e-01 -2.224530798300531353e-01 -7.871472934984544700e-01 -1.165855960623490978e-01 5.633130252381609582e-01
1403638620.027829409 -3.970598136775720821e+00 -1.417412778634352666e+00 7.104012432118052001e-01 -2.229453516337603636e-01 -7.863224976187762616e-01 -1.177634345962799423e-01 5.640248872129280944e-01
1403638620.077829361 -3.999029505066533208e+00 -1.375386038420993273e+00 7.013796411119802565e-01 -2.237203585878252410e-01 -7.848331819831781964e-01 -1.187535344129617421e-01 5.655825984557196762e-01
1403638620.127829552 -4.029745422923091347e+00 -1.334205474442633932e+00 6.865820464262056833e-01 -2.229149577764370505e-01 -7.835005269188389798e-01 -1.212756404935895760e-01 5.672107764670033525e-01
1403638620.177829266 -4.056307744677920546e+00 -1.301987708889671858e+00 6.757628808944534660e-01 -2.226214605736027419e-01 -7.816119561818902772e-01 -1.232458389750301364e-01 5.695023252111757195e-01
1403638620.227829456 -4.081820153734541989e+00 -1.263583148768410824e+00 6.692289638147482789e-01 -2.224360673316917447e-01 -7.811542175347447881e-01 -1.241866183350595482e-01 5.699982177201908806e-01
1403638620.277829409 -4.106016764098114891e+00 -1.222434701142428803e+00 6.603679270712428107e-01 -2.214791455994134795e-01 -7.821031670126828983e-01 -1.257247950723260899e-01 5.687309558282429567e-01
1403638620.327829599 -4.126646142342788259e+00 -1.179864568731232577e+00 6.602716186169903523e-01 -2.201510132392205665e-01 -7.826960509576267322e-01 -1.281700156934025558e-01 5.678845571612539667e-01
1403638620.377829313 -4.148566443036879825e+00 -1.135451166666308742e+00 6.608593061662899615e-01 -2.196869880518771689e-01 -7.834993340563503050e-01 -1.287979406602069998e-01 5.668134713427689375e-01
1403638620.427829504 -4.169078152254668268e+00 -1.096320374892262306e+00 6.670123008565426170e-01 -2.183132380386720861e-01 -7.840832270382414038e-01 -1.294214361476535013e-01 5.663946636752915653e-01
1403638620.477829456 -4.188734510493492103e+00 -1.052794927406311087e+00 6.763181078854555439e-01 -2.175002053865884855e-01 -7.850612841365873784e-01 -1.300097037980468551e-01 5.652166997930515580e-01
1403638620.527829409 -4.209243039627826199e+00 -1.015560387793014829e+00 6.836114520874506661e-01 -2.161694470189546580e-01 -7.858487231985118449e-01 -1.302536037756236165e-01 5.645764369208576827e-01
1403638620.577829361 -4.220993566467950764e+00 -9.835063139820232614e-01 6.801091140878340324e-01 -2.157416968044923999e-01 -7.865728053029866773e-01 -1.293695667441170927e-01 5.639346215813918484e-01
1403638620.627829552 -4.239156964459081856e+00 -9.402747310553619675e-01 6.846452105211578987e-01 -2.153875957810054698e-01 -7.880614845076580055e-01 -1.280927661183843269e-01 5.622806447739469027e-01
1403638620.677829266 -4.253356260136468059e+00 -8.992171596742200013e-01 6.822754538915404288e-01 -2.155173652465449674e-01 -7.893035934425554068e-01 -1.261813932594186283e-01 5.609192086664249732e-01
1403638620.727829456 -4.266869409796898438e+00 -8.556691656313832883e-01 6.774515616441100230e-01 -2.161788341025357441e-01 -7.911003752146443802e-01 -1.240301622559777522e-01 5.586084736844522114e-01
1403638620.777829409 -4.279143304782980550e+00 -8.149345477266276561e-01 6.722326859943811295e-01 -2.161884125841823379e-01 -7.925062154511480772e-01 -1.225783506340860224e-01 5.569299926305434356e-01
1403638620.827829599 -4.291878487947026422e+00 -7.797022594634426262e-01 6.633969913980822808e-01 -2.151863538229268347e-01 -7.940517873280055205e-01 -1.228946425267579412e-01 5.550436910800935486e-01
1403638620.877829313 -4.305459567204844795e+00 -7.401390247825408997e-01 6.556795602195788497e-01 -2.121632721300916180e-01 -7.956537576528435185e-01 -1.262439508525577403e-01 5.531584843108708904e-01
1403638620.927829504 -4.315648606538245780e+00 -7.053363331756168364e-01 6.503597754527945529e-01 -2.094567379110461869e-01 -7.960622766198510725e-01 -1.283085178708586460e-01 5.531271562021398136e-01
1403638620.977829456 -4.326612588922213121e+00 -6.658351831882518557e-01 6.468240935017469662e-01 -2.062203367600803083e-01 -7.965245526899669137e-01 -1.311353507368265836e-01 5.530147642294341859e-01
1403638621.027829409 -4.337207296122049804e+00 -6.193498592212310916e-01 6.369873455533837658e-01 -2.035856872618097835e-01 -7.954747494076429559e-01 -1.330880571107329047e-01 5.550318549880490782e-01
1403638621.077829361 -4.348669257883397421e+00 -5.770807175171138725e-01 6.316898451887723587e-01 -2.009152717759760953e-01 -7.951680745536466866e-01 -1.345716067042288244e-01 5.560856673632886826e-01
1403638621.127829552 -4.358119291763311587e+00 -5.332305257630888251e-01 6.210845933839324040e-01 -2.003635326184552978e-01 -7.944298357792557441e-01 -1.335909800127957903e-01 5.575743366400742751e-01
1403638621.177829266 -4.372137683537015818e+00 -4.854543168032992018e-01 6.141399363610926532e-01 -1.992617092375923993e-01 -7.938130058069264861e-01 -1.334585032200099330e-01 5.588779034473991825e-01
1403638621.227829456 -4.382616710989712061e+00 -4.517324301332372727e-01 6.086685351206990724e-01 -1.979496420874430340e-01 -7.928764608709272244e-01 -1.338482412199233917e-01 5.605778316314155019e-01
1403638621.277829409 -4.393746271592569919e+00 -4.066649560267384667e-01 6.088732998189754220e-01 -1.966823122099961574e-01 -7.924636779178936274e-01 -1.343992104422148115e-01 5.614750568610181736e-01
1403638621.327829599 -4.408965966603293651e+00 -3.676458649754150154e-01 6.107910188378491423e-01 -1.947152499738084297e-01 -7.933887145988837153e-01 -1.354795273767208097e-01 5.605939855515298387e-01
1403638621.377829313 -4.421024513754852059e+00 -3.196041737922954429e-01 6.129571248165883723e-01 -1.933574450058374028e-01 -7.935247278264515591e-01 -1.359917124107955511e-01 5.607474110010227664e-01
1403638621.427829504 -4.431002813987738875e+00 -2.744223916206667280e-01 6.141909460277767963e-01 -1.926049196598010049e-01 -7.923071861297467100e-01 -1.356485735160060380e-01 5.628073668965939413e-01
1403638621.477829456 -4.441903517070206142e+00 -2.363693019869728684e-01 6.127364084486303097e-01 -1.912431251480049554e-01 -7.919237277783438556e-01 -1.366015720918173637e-01 5.635804174803453748e-01
1403638621.527829409 -4.453585195612375536e+00 -2.022011621344142474e-01 6.090065891009197596e-01 -1.899763346113766405e-01 -7.905936666316599748e-01 -1.364146142844423759e-01 5.659166896100176203e-01
1403638621.577829361 -4.460827333255815930e+00 -1.714081539708955382e-01 6.056852545282709332e-01 -1.889519617191545431e-01 -7.899348010100888384e-01 -1.367419832718663741e-01 5.670994589368881789e-01
1403638621.627829552 -4.470772714017154037e+00 -1.396875239640524013e-01 6.011679335566899596e-01 -1.884618935145913887e-01 -7.890914199293492803e-01 -1.366815739225621384e-01 5.684496398422903551e-01
1403638621.677829266 -4.475587290780844718e+00 -1.136775401644561784e-01 5.926776429654064815e-01 -1.879113629695676468e-01 -7.890343330172655545e-01 -1.365869044365347340e-01 5.687338204497455196e-01
1403638621.727829456 -4.482036210562005074e+00 -8.460707860527968971e-02 5.845656180147802417e-01 -1.871727338093281678e-01 -7.883154160691349110e-01 -1.367519342816879424e-01 5.699334004743941140e-01
1403638621.777829409 -4.488714986777601723e+00 -5.131865891040072319e-02 5.775259038831997982e-01 -1.863110911253865187e-01 -7.876845714810920551e-01 -1.373510647353820280e-01 5.709429728005883664e-01
1403638621.827829599 -4.494572326144830932e+00 -1.089933699735477768e-02 5.686245304002984780e-01 -1.854006412017764893e-01 -7.862187843742626248e-01 -1.384766655478454622e-01 5.729841519953035034e-01
1403638621.877829313 -4.499922200487415758e+00 1.904242425411960260e-02 5.564111043370870702e-01 -1.843231446765880577e-01 -7.842044834058098379e-01 -1.394602357157812278e-01 5.758464632146831352e-01
1403638621.927829504 -4.505492581506269190e+00 5.048049719637213301e-02 5.437641329671132340e-01 -1.839111450122753455e-01 -7.827234052140085163e-01 -1.404342653319056722e-01 5.777533892511136360e-01
1403638621.977829456 -4.510063649318402312e+00 8.061578718257017551e-02 5.304984150438640800e-01 -1.839467051464239167e-01 -7.815880182460187564e-01 -1.404415873523397473e-01 5.792753576167304352e-01
1403638622.027829409 -4.508020420764879077e+00 9.456936032601072351e-02 5.169353459742225265e-01 -1.840665975749838645e-01 -7.811998372050800166e-01 -1.396134909249604483e-01 5.799606669073961163e-01
1403638622.077829361 -4.507567877693168690e+00 1.167804373361231857e-01 5.041630313632979865e-01 -1.849526591623506244e-01 -7.812803381518734769e-01 -1.387946263633035027e-01 5.797668486372266061e-01
1403638622.127829552 -4.505412375357004784e+00 1.391031810662329837e-01 4.909520987577348228e-01 -1.861606283322066180e-01 -7.819078035847754071e-01 -1.368541038030443580e-01 5.789951307433043315e-01
1403638622.177829266 -4.504308769063881002e+00 1.583208183953453696e-01 4.775258063414433152e-01 -1.866813874915742300e-01 -7.824959995498139698e-01 -1.351165562542899212e-01 5.784406507834142230e-01
1403638622.227829456 -4.502143023375524855e+00 1.746796245219516264e-01 4.663807476513290307e-01 -1.872610293486027810e-01 -7.826467978483875321e-01 -1.338970180169924140e-01 5.783328498979840582e-01
1403638622.277829409 -4.497129201320198888e+00 1.960434819532408390e-01 4.522933055135059943e-01 -1.883506338750134124e-01 -7.820382319947983829e-01 -1.317405895323666420e-01 5.792966938339930705e-01
1403638622.327829599 -4.492936574670076233e+00 2.246534412904988842e-01 4.416055721567364034e-01 -1.890235871708589310e-01 -7.824714179807525927e-01 -1.314414664635639995e-01 5.785600266438729600e-01
1403638622.377829313 -4.485248748882925796e+00 2.469075421146131322e-01 4.305262636843087409e-01 -1.890964716343929986e-01 -7.827124556270411704e-01 -1.326843026193880726e-01 5.779261302797416011e-01
1403638622.427829504 -4.476250232415829089e+00 2.712510383141389925e-01 4.257652917900708323e-01 -1.890590845466581238e-01 -7.830975509490313291e-01 -1.344467675431288978e-01 5.770086264045043434e-01
1403638622.477829456 -4.468742665357334332e+00 2.941927226514281513e-01 4.191936299524929299e-01 -1.881466769091925950e-01 -7.833640712129137373e-01 -1.366298807509137014e-01 5.764319869566122412e-01
1403638622.527829409 -4.456447595789244431e+00 3.028178576748083439e-01 4.190082558906421117e-01 -1.881720928456352693e-01 -7.831015532702164661e-01 -1.373933464439272556e-01 5.765988979288870775e-01
1403638622.577829361 -4.442972024930199382e+00 3.200129225549340206e-01 4.182385062783471885e-01 -1.870285967433117924e-01 -7.831764068820891156e-01 -1.398445775616053988e-01 5.762798919189393576e-01
1403638622.627829552 -4.430371924430478003e+00 3.324887621876611576e-01 4.205335530423282564e-01 -1.854540408411399222e-01 -7.816651570131897264e-01 -1.422086296507831804e-01 5.782586676393920433e-01
1403638622.677829266 -4.416190196893428066e+00 3.409203059382105994e-01 4.267554970492140054e-01 -1.844510410163100744e-01 -7.794680818289304591e-01 -1.431779306330923929e-01 5.812980329035637439e-01
1403638622.727829456 -4.398699770655106533e+00 3.590107551511944606e-01 4.328158950900111157e-01 -1.830452843362414539e-01 -7.739103766297659170e-01 -1.452014226414559406e-01 5.886201658879313126e-01
1403638622.777829409 -4.383310452662214196e+00 3.677689327974754119e-01 4.429243701774638886e-01 -1.823982183142666968e-01 -7.685135394777011797e-01 -1.461241672531115587e-01 5.956219919880575420e-01
1403638622.827829599 -4.364249285732327621e+00 3.784905373629935954e-01 4.471816341081594204e-01 -1.818276340828212378e-01 -7.644328697684696916e-01 -1.472649576358872892e-01 6.007446473784731067e-01
1403638622.877829313 -4.345984197221413048e+00 3.864116800406796060e-01 4.567473449243253381e-01 -1.820007928369673234e-01 -7.635834165186651257e-01 -1.480048003857748207e-01 6.015901067065225760e-01
1403638622.927829504 -4.318808576558129886e+00 3.716118237159931059e-01 4.637748541106411770e-01 -1.833167626683567530e-01 -7.642379778674880386e-01 -1.469979662416477650e-01 6.006054242434257784e-01
1403638622.977829456 -4.290795089972112564e+00 3.717687224018749736e-01 4.734815613779674859e-01 -1.846093515222362036e-01 -7.670661864938767005e-01 -1.465312187609556227e-01 5.967055008936231753e-01
1403638623.027829409 -4.264345669632740865e+00 3.778029770800071518e-01 4.810115971224148690e-01 -1.867370671437584839e-01 -7.701693866654806264e-01 -1.440890842446535813e-01 5.926269647926948325e-01
1403638623.077829361 -4.234781649605475984e+00 3.779330504781521216e-01 4.902870698448104636e-01 -1.882842776762042869e-01 -7.736592451517092517e-01 -1.422581987981922647e-01 5.880161630822162699e-01
1403638623.127829552 -4.202702215634372962e+00 3.831217309248577396e-01 4.932006479327237791e-01 -1.904695749137060024e-01 -7.758620884695683895e-01 -1.394833065756043988e-01 5.850673191134228013e-01
1403638623.177829266 -4.169817163454372810e+00 3.778955003631333520e-01 4.922528525959240508e-01 -1.924398282079665956e-01 -7.772099494402444630e-01 -1.368772792062770138e-01 5.832462751252406319e-01
1403638623.227829456 -4.136796013557050067e+00 3.659409183373943386e-01 4.900055398684863284e-01 -1.937629485743211366e-01 -7.785423960238347929e-01 -1.353208695698337183e-01 5.813913652713765812e-01
1403638623.277829409 -4.100545291787784485e+00 3.680243299524883493e-01 4.882788647477623312e-01 -1.950412674341416852e-01 -7.803567477323291035e-01 -1.337271868480149062e-01 5.788948866279800543e-01
1403638623.327829599 -4.062089885172454728e+00 3.638880505318226044e-01 4.899090661117363465e-01 -1.959517293598433685e-01 -7.818428417821092768e-01 -1.331307491393987907e-01 5.767156094198810923e-01
1403638623.377829313 -4.024180842619903054e+00 3.617508616991098047e-01 4.869256334384716722e-01 -1.972209920671179340e-01 -7.828432737598632896e-01 -1.317493058871798128e-01 5.752411749998848078e-01
1403638623.427829504 -3.985091977261228102e+00 3.565708601362799768e-01 4.871027718134783857e-01 -1.963559129573889950e-01 -7.846096360124078517e-01 -1.330823053823144975e-01 5.728186227046702106e-01
1403638623.477829456 -3.948426954119277799e+00 3.505140641593844086e-01 4.798377503640230968e-01 -1.970660556673347885e-01 -7.843719864122561392e-01 -1.322621541128617961e-01 5.730901144015975168e-01
1403638623.527829409 -3.911184555578138600e+00 3.520980746033346431e-01 4.788150801727313333e-01 -1.969964178274423161e-01 -7.849772625985307339e-01 -1.318310898859305080e-01 5.723841999094320121e-01
1403638623.577829361 -3.873042336026868870e+00 3.429718517977761172e-01 4.769070052153735473e-01 -1.959714151349059019e-01 -7.848474839650425583e-01 -1.331292727003588194e-01 5.726135067513147270e-01
1403638623.627829552 -3.832888861290531857e+00 3.401090113947203286e-01 4.778469270475706465e-01 -1.955454055367402966e-01 -7.846066044253693361e-01 -1.345009965130606333e-01 5.727686728536728333e-01
1403638623.677829266 -3.790101258993228583e+00 3.368411367136040502e-01 4.818085804830610774e-01 -1.956422212865832067e-01 -7.853891001973911656e-01 -1.347686407475011117e-01 5.715990692891784741e-01
1403638623.727829456 -3.750747860603154571e+00 3.294238969345107404e-01 4.878547826993262504e-01 -1.953731041700871585e-01 -7.854947409206164410e-01 -1.361748481986785331e-01 5.712125461429090612e-01
1403638623.777829409 -3.707775010972242491e+00 3.306296327361425980e-01 4.901929448968868619e-01 -1.957476020365095937e-01 -7.862688096322546505e-01 -1.372220570400664030e-01 5.697669193258999565e-01
1403638623.827829599 -3.665183385209062727e+00 3.210438953281025132e-01 4.982767172313981585e-01 -1.953642450626863480e-01 -7.861414015333419991e-01 -1.382612926582336144e-01 5.698230633264625977e-01
1403638623.877829313 -3.620147681706583409e+00 3.040397384025690375e-01 5.044012912761478562e-01 -1.959527000001862196e-01 -7.871457783623082571e-01 -1.388736361882967618e-01 5.680828954834615807e-01
1403638623.927829504 -3.577174202425271954e+00 2.961558653310953915e-01 5.144281427966010956e-01 -1.961126179929236490e-01 -7.876177575244244222e-01 -1.398756484662530830e-01 5.671268923815057095e-01
1403638623.977829456 -3.533912072711804075e+00 2.789742387872053975e-01 5.196783730019266523e-01 -1.962623913551184707e-01 -7.882811923190374825e-01 -1.401153338416011862e-01 5.660932156439465457e-01
1403638624.027829409 -3.492165796867234384e+00 2.678374334079482999e-01 5.243857144119027369e-01 -1.973182231864364922e-01 -7.882281662655227228e-01 -1.395776019066787554e-01 5.659328314828712125e-01
1403638624.077829361 -3.445265955611176434e+00 2.635711857521977897e-01 5.326028059346604726e-01 -1.991041291806032454e-01 -7.885308192018556372e-01 -1.382369232093689226e-01 5.652143363129523701e-01
1403638624.127829552 -3.400164779225022915e+00 2.556127988767123438e-01 5.388024797601702609e-01 -2.002208333499783666e-01 -7.886437064300236832e-01 -1.374379017591154661e-01 5.648571017177765885e-01
1403638624.177829266 -3.358262417005492217e+00 2.628918428399847906e-01 5.403859135848251283e-01 -2.019724112947381134e-01 -7.882634991398622670e-01 -1.361598588193126957e-01 5.650737065603692599e-01
1403638624.227829456 -3.310563445873376587e+00 2.640029194119719591e-01 5.415003585708330069e-01 -2.035540288589297309e-01 -7.882768488173010901e-01 -1.353772909407454650e-01 5.646754431100299287e-01
1403638624.277829409 -3.268163111948237276e+00 2.499205843065961663e-01 5.382294125188917810e-01 -2.046790831454397830e-01 -7.877752963177774292e-01 -1.340637605201657201e-01 5.652817558964485789e-01
1403638624.327829599 -3.222809441694692634e+00 2.363474252952184884e-01 5.388967081649931323e-01 -2.056057931088146051e-01 -7.874395265911880992e-01 -1.344988200504286247e-01 5.653099302214521504e-01
1403638624.377829313 -3.179577553887673602e+00 2.213445256636456804e-01 5.393979614907485898e-01 -2.065592381400660205e-01 -7.873712982452460984e-01 -1.339581293030766562e-01 5.651857565723075183e-01
1403638624.427829504 -3.137080754416000428e+00 2.033532522240603657e-01 5.345834713559819429e-01 -2.067617896441477088e-01 -7.873508793565475727e-01 -1.342518113801277613e-01 5.650704436269651243e-01
1403638624.477829456 -3.087852876853790729e+00 1.994585223009981978e-01 5.265130345696295011e-01 -2.066829193291793987e-01 -7.870285899764133397e-01 -1.352724913466478440e-01 5.653048049523172747e-01
1403638624.527829409 -3.045223208872756437e+00 1.825113191347055019e-01 5.179795666641169305e-01 -2.087242322331371858e-01 -7.840175675177178949e-01 -1.330720453638063183e-01 5.692472919961775180e-01
1403638624.577829361 -2.998012613129359405e+00 1.796298746354773324e-01 5.136144666068650499e-01 -2.111020985101001723e-01 -7.786491105242863142e-01 -1.307963315184023367e-01 5.762237294191362436e-01
1403638624.627829552 -2.949393763136697100e+00 1.722832081671049620e-01 5.090336049712761435e-01 -2.106360430084902591e-01 -7.745275620381831816e-01 -1.309262679473866542e-01 5.818915924725868161e-01
1403638624.677829266 -2.904329240943447132e+00 1.584743418994404018e-01 5.037590487115526372e-01 -2.083633510229980224e-01 -7.748882841076669692e-01 -1.325304789101828529e-01 5.818664221820849525e-01
1403638624.727829456 -2.852377519502234726e+00 1.521995705966911472e-01 4.997993332887039064e-01 -2.039111828654942560e-01 -7.774621350238093420e-01 -1.350063096209260516e-01 5.794360659030070027e-01
1403638624.777829409 -2.803050991051230678e+00 1.506065041288020823e-01 4.920698350387884834e-01 -1.985810203472188618e-01 -7.812157179023981879e-01 -1.369104145950914564e-01 5.757804432554985974e-01
1403638624.827829599 -2.751554563440967716e+00 1.414770776172125655e-01 4.859568803992007635e-01 -1.943643295486825462e-01 -7.848272820225298263e-01 -1.373898406115991455e-01 5.721823804425812954e-01
1403638624.877829313 -2.696962765336070156e+00 1.387180503736789861e-01 4.843142895835183537e-01 -1.905287765385147436e-01 -7.875072652835483078e-01 -1.377235374534195311e-01 5.697045898250079343e-01
1403638624.927829504 -2.642377519265013408e+00 1.263072031576202570e-01 4.854722721941345243e-01 -1.892243731428369657e-01 -7.894427008401649903e-01 -1.348726132299645775e-01 5.681405960670355970e-01
1403638624.977829456 -2.587100890581294887e+00 1.167230501998960529e-01 4.912392269668571232e-01 -1.886148310116245175e-01 -7.908441486710870993e-01 -1.305786238230898788e-01 5.673968637872681686e-01
1403638625.027829409 -2.533042638030843285e+00 1.188400770819729585e-01 4.967048515965654665e-01 -1.875172364686193693e-01 -7.912452606122042376e-01 -1.276974690246578115e-01 5.678570066403986205e-01
1403638625.077829361 -2.481765191940090709e+00 1.041596879547968119e-01 5.027081214202531179e-01 -1.879594524378395692e-01 -7.919971061252140121e-01 -1.234257259098746895e-01 5.676071866283712852e-01
1403638625.127829552 -2.432612828739056265e+00 9.103403419045988376e-02 4.984278462268602050e-01 -1.884119132390187912e-01 -7.922439455051765167e-01 -1.196448810787966027e-01 5.679221638496284585e-01
1403638625.177829266 -2.381204412762369493e+00 7.844607652732571434e-02 4.967324019718378225e-01 -1.882990744066575795e-01 -7.927302782495416755e-01 -1.172244798563770035e-01 5.677856865459026681e-01
1403638625.227829456 -2.329245705355059926e+00 6.266584776449120320e-02 4.951102156249562736e-01 -1.877632037633944484e-01 -7.932556440048651458e-01 -1.157096986929040255e-01 5.675400674801119871e-01
1403638625.277829409 -2.275283315211583446e+00 4.805092387544146471e-02 4.870129486572095656e-01 -1.867221125798367298e-01 -7.933215972514013892e-01 -1.149705968011429241e-01 5.679414211689414183e-01
1403638625.327829599 -2.221972271765598084e+00 3.877751601062236209e-02 4.877089060612316840e-01 -1.864158603517192259e-01 -7.934837742335975053e-01 -1.145449685441991272e-01 5.679014678784886083e-01
1403638625.377829313 -2.172034135432239221e+00 2.557297412608841580e-02 4.900861768971897514e-01 -1.858887233605628908e-01 -7.937646612889796005e-01 -1.143848606272156176e-01 5.677139673070095149e-01
1403638625.427829504 -2.117350190766038143e+00 2.063400631513079633e-02 4.881467897180314930e-01 -1.849654747955191136e-01 -7.935423887052552860e-01 -1.142176947411501359e-01 5.683595417248162862e-01
1403638625.477829456 -2.064455160386106769e+00 1.055911537493999831e-02 4.914229832555824240e-01 -1.854172225202504742e-01 -7.931967119800944488e-01 -1.135526439307178309e-01 5.688279412556901393e-01
1403638625.527829409 -2.011429273007267149e+00 6.407801559371886779e-03 4.948778398573775994e-01 -1.842541414722273785e-01 -7.934752492559798975e-01 -1.139953574901496625e-01 5.687288445640734658e-01
1403638625.577829361 -1.956641547288393346e+00 -1.537037062149099013e-03 4.992315092955616485e-01 -1.844024654877456648e-01 -7.938391159449909029e-01 -1.135934099120168711e-01 5.682532234332479115e-01
1403638625.627829552 -1.902969549231496416e+00 -1.496243766857862159e-02 5.045374510003096669e-01 -1.841664768454538414e-01 -7.947972824675042514e-01 -1.143626584544273350e-01 5.668343417082626345e-01
1403638625.677829266 -1.847928323838810227e+00 -2.945002525040161384e-02 5.101738291807941250e-01 -1.843182524235961184e-01 -7.953611510497060610e-01 -1.134052451218737489e-01 5.661860750700654643e-01
1403638625.727829456 -1.793978425306112401e+00 -3.799999413681424271e-02 5.201316307128234229e-01 -1.850515911895752874e-01 -7.977508502732770790e-01 -1.129843744111437565e-01 5.626579961445427047e-01
1403638625.777829409 -1.741461637004539931e+00 -4.235866589733107423e-02 5.294819583068943736e-01 -1.856448429371188868e-01 -8.000072149209315198e-01 -1.120836823808754740e-01 5.594297958718770225e-01
1403638625.827829599 -1.686724119611484607e+00 -5.154919217521631430e-02 5.359716696967506966e-01 -1.864042590016010137e-01 -8.020941103141705497e-01 -1.119235271852548758e-01 5.562118431746979619e-01
1403638625.877829313 -1.630497164258797760e+00 -5.597330036330455671e-02 5.453435063697574803e-01 -1.864211904777831330e-01 -8.026049992798346411e-01 -1.124311740759267458e-01 5.553661728695507005e-01
1403638625.927829504 -1.575584419241433443e+00 -5.823499571351268417e-02 5.489678601358962684e-01 -1.861202049265959224e-01 -8.031990525702343842e-01 -1.132503648375844246e-01 5.544410754377004924e-01
1403638625.977829456 -1.522175401897661651e+00 -5.985793640989522935e-02 5.537397643831577509e-01 -1.864231724845480109e-01 -8.031195520880018979e-01 -1.135663480424220079e-01 5.543898180946968957e-01
1403638626.027829409 -1.477501006800819194e+00 -6.122732269335006555e-02 5.527323425050787442e-01 -1.868125641344395849e-01 -8.039864900606267240e-01 -1.131339329265176052e-01 5.530890551277325429e-01
1403638626.077829361 -1.427559680455878999e+00 -6.701960151491272166e-02 5.521756697540670666e-01 -1.881170050681313932e-01 -8.042829699635916096e-01 -1.117780381212838403e-01 5.524912368757517456e-01
1403638626.127829552 -1.383374301432113374e+00 -7.033675626825375282e-02 5.497952192478143818e-01 -1.889010190039346893e-01 -8.043140340349539397e-01 -1.112047715870754794e-01 5.522941593480422684e-01
1403638626.177829266 -1.322423415344266662e+00 -8.993363328603631857e-02 5.554092027303826340e-01 -1.886833881590504469e-01 -8.046822149015603332e-01 -1.124424889883889056e-01 5.515811805383105115e-01
1403638626.227829456 -1.271657134600177708e+00 -9.791810156792733755e-02 5.545126301772097532e-01 -1.885518194077624443e-01 -8.042640633312936327e-01 -1.134345245421408410e-01 5.520327313427692006e-01
1403638626.277829409 -1.224726101586634197e+00 -1.026930659658853717e-01 5.482844392318316773e-01 -1.872819147362759229e-01 -8.032801303350454170e-01 -1.156858654187076230e-01 5.534286739625544627e-01
1403638626.327829599 -1.172182270399719783e+00 -1.034676577141388915e-01 5.486588819889099966e-01 -1.843010402307936613e-01 -8.026567072984135409e-01 -1.198935832754611241e-01 5.544374315358645555e-01
1403638626.377829313 -1.124392638885936213e+00 -1.063846021754196319e-01 5.463412602074317892e-01 -1.816005836965541298e-01 -8.019675545351234724e-01 -1.233742844942061351e-01 5.555610276104394618e-01
1403638626.427829504 -1.079477167198736653e+00 -1.039138648462219344e-01 5.397364078114385011e-01 -1.797116104394596292e-01 -8.009137331059491549e-01 -1.251715484995503391e-01 5.572907792542175498e-01
1403638626.477829456 -1.038468725861235509e+00 -1.117567923852720718e-01 5.347235328653625608e-01 -1.793680273428480410e-01 -8.009068698230209504e-01 -1.258249303832388866e-01 5.572641954508464890e-01
1403638626.527829409 -9.909423412892853777e-01 -1.069171312684728398e-01 5.192664845310971389e-01 -1.784686624861762383e-01 -8.021551685848776758e-01 -1.265946104844700715e-01 5.555806211696435737e-01
1403638626.577829361 -9.481998445091128769e-01 -1.145159789988792337e-01 5.088477937349853431e-01 -1.786821969324992321e-01 -8.029705944842410181e-01 -1.265375105340321715e-01 5.543457001915410576e-01
1403638626.627829552 -9.023890322520551344e-01 -1.136361993811823290e-01 5.038748245894174582e-01 -1.793504217519664157e-01 -8.041878201341522425e-01 -1.253677782161849441e-01 5.526285337823317878e-01
1403638626.677829266 -8.542456176101062004e-01 -1.101468262208247645e-01 5.000444302939085484e-01 -1.791876721307653353e-01 -8.050375568580752095e-01 -1.251870119505365531e-01 5.514839274568527072e-01
1403638626.727829456 -8.156236514510862845e-01 -1.177248697111388798e-01 4.958716411211817610e-01 -1.802084758964969669e-01 -8.071433610147638049e-01 -1.234433922292875463e-01 5.484580466177686464e-01
1403638626.777829409 -7.727075554518914036e-01 -1.226327627793324798e-01 4.917137297941078233e-01 -1.810665781326453450e-01 -8.089596131505993881e-01 -1.222776544228940526e-01 5.457539865208522745e-01
1403638626.827829599 -7.343945418271025094e-01 -1.337691272001372278e-01 4.891141886753166967e-01 -1.819599764675280118e-01 -8.101877189407584723e-01 -1.219427704411420454e-01 5.437061594084126037e-01
1403638626.877829313 -6.960332033841448718e-01 -1.332025049627162117e-01 4.864047154579003163e-01 -1.813851922777244274e-01 -8.115405968425380978e-01 -1.217932919371693540e-01 5.419111234676194933e-01
1403638626.927829504 -6.515126052556899916e-01 -1.287875556672749000e-01 4.841518094267853178e-01 -1.814737192808402733e-01 -8.124238848909324240e-01 -1.216353206845385559e-01 5.405918693719629076e-01
1403638626.977829456 -6.174349230659738064e-01 -1.274935460066054793e-01 4.867973623664187399e-01 -1.813261261955708137e-01 -8.125207906888951559e-01 -1.208794148615077585e-01 5.406653010134275794e-01
1403638627.027829409 -5.923770156341763293e-01 -1.290170794257980424e-01 4.853054529918823246e-01 -1.808796286062029912e-01 -8.126217433506697230e-01 -1.206518937201136454e-01 5.407139564786086483e-01
1403638627.077829361 -5.682626849353349385e-01 -1.432257133787998016e-01 4.853975105489516384e-01 -1.808580462977958936e-01 -8.126042389155306855e-01 -1.202799048252838482e-01 5.408303453774354619e-01
1403638627.127829552 -5.377492602045161885e-01 -1.506602957514058261e-01 4.837923677355250862e-01 -1.808946211954145511e-01 -8.124178272533050249e-01 -1.200985573810361834e-01 5.411383801751458167e-01
1403638627.177829266 -5.058980213520727354e-01 -1.421536222280867789e-01 4.814910852686282716e-01 -1.807563496080266119e-01 -8.126212411261967139e-01 -1.194275150483321973e-01 5.410276602876056273e-01
1403638627.227829456 -4.723362821153480606e-01 -1.425138972860352238e-01 4.790711333479012457e-01 -1.805495946556447961e-01 -8.123901541021627537e-01 -1.196089597605553279e-01 5.414035261545165900e-01
1403638627.277829409 -4.524372389290335361e-01 -1.476902634024799821e-01 4.751351594027075631e-01 -1.793368497658542615e-01 -8.126606107036874471e-01 -1.210933522993795641e-01 5.410706295444871472e-01
1403638627.327829599 -4.299684990597245626e-01 -1.444850996105638552e-01 4.692615080154855511e-01 -1.781892461398603689e-01 -8.124881785803382828e-01 -1.220930007663287159e-01 5.414839345642545876e-01
1403638627.377829313 -4.066880201661431382e-01 -1.436328266653133234e-01 4.667137856964806986e-01 -1.775480783529383433e-01 -8.120945109005601736e-01 -1.230752111389174508e-01 5.420624296531442177e-01
1403638627.427829504 -3.777645975333911998e-01 -1.424933403843667845e-01 4.627443839726749775e-01 -1.772875682743841330e-01 -8.124795823616682844e-01 -1.233102863585941733e-01 5.415169615616175491e-01
1403638627.477829456 -3.438909620862006800e-01 -1.370963139022468857e-01 4.572304015184099901e-01 -1.773617221600223837e-01 -8.125268191479626534e-01 -1.231815520658831320e-01 5.414510992770864561e-01
1403638627.527829409 -3.164272836700730007e-01 -1.370190788854891151e-01 4.490889191595142105e-01 -1.776321862282620179e-01 -8.119873733093684320e-01 -1.231919371341444885e-01 5.421688469721011039e-01
1403638627.577829361 -3.059073857434854715e-01 -1.591824790318507876e-01 4.414301439989257170e-01 -1.769355014547529525e-01 -8.112953639539642881e-01 -1.249717774495508749e-01 5.430245994362130624e-01
1403638627.627829552 -2.898907046790792919e-01 -1.670957563677017421e-01 4.343585330468893724e-01 -1.761647368834197425e-01 -8.099935545430352324e-01 -1.268517941377194092e-01 5.447798173588813686e-01
1403638627.677829266 -2.745654737557015057e-01 -1.625244325186472050e-01 4.272528950494133282e-01 -1.758102576699189790e-01 -8.083635840642824366e-01 -1.269968269335264022e-01 5.472758675527367167e-01
1403638627.727829456 -2.603757977975024729e-01 -1.575203996026847963e-01 4.215045342134193795e-01 -1.754087651848499907e-01 -8.071487109389879899e-01 -1.276325365053448957e-01 5.490470463913528221e-01
1403638627.777829409 -2.504000755708739034e-01 -1.566901335445806676e-01 4.113835609498548984e-01 -1.744875433718137414e-01 -8.066572564729447281e-01 -1.283347827365026450e-01 5.498984918397087363e-01
1403638627.827829599 -2.350453712321811384e-01 -1.536757776870753267e-01 4.062185680996024395e-01 -1.746368155360550067e-01 -8.059376059530130032e-01 -1.283674527468711968e-01 5.508977718646461685e-01
1403638627.877829313 -2.269276737965173485e-01 -1.604630201288620439e-01 3.954887657488171393e-01 -1.742391727290923953e-01 -8.061201103993257400e-01 -1.290607596531882784e-01 5.505945864374282017e-01
1403638627.927829504 -2.118015543783265120e-01 -1.680389774098274558e-01 3.908250613952511943e-01 -1.745896106583058882e-01 -8.071791894715665272e-01 -1.290276423332150924e-01 5.489372381685707625e-01
1403638627.977829456 -1.963630962591914053e-01 -1.680220190912646017e-01 3.841368028067002061e-01 -1.747204572076699880e-01 -8.080608701967455509e-01 -1.298210261035605273e-01 5.474092555587999342e-01
1403638628.027829409 -1.791953513164698808e-01 -1.752839138433137378e-01 3.756001443987144195e-01 -1.749659948584752767e-01 -8.085850938936013366e-01 -1.308492135126139710e-01 5.463108363371447229e-01
1403638628.077829361 -1.642767182777497559e-01 -1.749894641391635530e-01 3.708527471985162971e-01 -1.752113480330651507e-01 -8.091047595133751269e-01 -1.309643563937230581e-01 5.454345139497660533e-01
1403638628.127829552 -1.479551369934806182e-01 -1.754973345592251988e-01 3.622991900315589708e-01 -1.755315279528027184e-01 -8.095649311090501454e-01 -1.312999585906118871e-01 5.445673749749033732e-01
1403638628.177829266 -1.396408956691288228e-01 -1.782861544233769469e-01 3.613030340578538557e-01 -1.755590843987633043e-01 -8.097747643000160478e-01 -1.318871637151221299e-01 5.441044155629525259e-01
1403638628.227829456 -1.381327503106295485e-01 -1.792888564636855309e-01 3.577292852148235003e-01 -1.759068928855326008e-01 -8.098986321472930738e-01 -1.313524855421385473e-01 5.439370324065130324e-01
1403638628.277829409 -1.246825000604999678e-01 -1.818619764995395294e-01 3.514052336311330738e-01 -1.761624300945096033e-01 -8.101015494511621950e-01 -1.320261376030813782e-01 5.433887897165672332e-01
1403638628.327829599 -1.148925895608457204e-01 -1.842228187208923007e-01 3.461556743388048418e-01 -1.773663935872152875e-01 -8.104502713144384751e-01 -1.311528783687091193e-01 5.426881633570247443e-01
1403638628.377829313 -9.911049805539509649e-02 -1.767718639350580323e-01 3.413242328443690798e-01 -1.776947091691233604e-01 -8.105104725492732198e-01 -1.304440860034758731e-01 5.426616852588476148e-01
1403638628.427829504 -9.675169330351819641e-02 -1.877223605425804298e-01 3.341558815982322850e-01 -1.792152513636683098e-01 -8.098661875569106439e-01 -1.285317949027339479e-01 5.435790923405477981e-01
1403638628.477829456 -1.015718234918858154e-01 -1.936285164605591747e-01 3.324720664512488821e-01 -1.820561392497511977e-01 -8.075348223774242440e-01 -1.244612772571270232e-01 5.470397273259607340e-01
1403638628.527829409 -9.699485167194245305e-02 -1.947337152125148685e-01 3.270472856834210074e-01 -1.849756956038419997e-01 -8.037580421032982647e-01 -1.203008427578222961e-01 5.525257541707038200e-01
1403638628.577829361 -9.924971313244453086e-02 -2.016727314597935028e-01 3.248349690984472793e-01 -1.873007987318495160e-01 -8.000859373459081603e-01 -1.171136488012629456e-01 5.577322806868770799e-01
1403638628.627829552 -9.522502170545203704e-02 -1.989802988027897790e-01 3.249401723071110859e-01 -1.893097715473599785e-01 -7.968017602993568982e-01 -1.146445661508041919e-01 5.622502900244930046e-01
1403638628.677829266 -6.769112941154692420e-02 -2.042314659396931020e-01 3.278557837669029418e-01 -1.912994408973714422e-01 -7.959730853492192892e-01 -1.114759041286923352e-01 5.633866293325465735e-01
1403638628.727829456 -7.210964759901065946e-02 -2.145240144194452414e-01 3.302358996972927230e-01 -1.912416841307453264e-01 -7.963085310504811609e-01 -1.118682514052372901e-01 5.628541871165178012e-01
1403638628.777829409 -6.112650972959158407e-02 -2.089162428214876299e-01 3.270043710870577103e-01 -1.906519641426658584e-01 -7.971350929431300081e-01 -1.130640100476133503e-01 5.616440169707538344e-01
1403638628.827829599 -5.911926391203400216e-02 -2.068951356138293562e-01 3.255223766488703485e-01 -1.890314827680422693e-01 -7.979524016808704490e-01 -1.148523838280924303e-01 5.606674532227198249e-01
1403638628.877829313 -5.696170916793163314e-02 -2.134764656301719188e-01 3.198930495708254274e-01 -1.877282085799421296e-01 -7.979168453530498528e-01 -1.171807690995233797e-01 5.606741432939877923e-01
1403638628.927829504 -4.279061672131166671e-02 -2.124706031906088699e-01 3.131541178919604596e-01 -1.866531015518571313e-01 -7.980786042987473294e-01 -1.192894583927402302e-01 5.603580874387398270e-01
1403638628.977829456 -4.705495413715671260e-02 -2.251316733863157615e-01 3.082426982062367871e-01 -1.849412856151686491e-01 -7.986533970931078974e-01 -1.221771455801558409e-01 5.594838847406891080e-01
1403638629.027829409 -3.968750461380475547e-02 -2.307148828879034552e-01 3.041981020347608866e-01 -1.835301283407118345e-01 -7.991863874576340399e-01 -1.244383678301650559e-01 5.586885560895471503e-01
1403638629.077829361 -3.481898129574760581e-02 -2.295036178402549698e-01 3.044477465637683289e-01 -1.814956052486363103e-01 -8.000674509486064290e-01 -1.267292146449352508e-01 5.575761162061267928e-01
1403638629.127829552 -3.682989725036662360e-02 -2.331550767501140986e-01 3.009927075350982695e-01 -1.806592157761242323e-01 -8.007721525666748885e-01 -1.277736693426328729e-01 5.565968890064059149e-01
1403638629.177829266 -3.136785121622413103e-02 -2.358134100386464482e-01 2.988010960171122998e-01 -1.793467045532784743e-01 -8.013834829024082396e-01 -1.289684358325906277e-01 5.558654652485435221e-01
1403638629.227829456 -2.691172215354121697e-02 -2.369778156176149397e-01 2.959237375107415247e-01 -1.789797289806766833e-01 -8.018804784088572335e-01 -1.291310917427244964e-01 5.552288862317213969e-01
1403638629.277829409 -3.141406154572588816e-02 -2.422529739752747047e-01 2.884261818574540004e-01 -1.784575032932639027e-01 -8.016297437856976238e-01 -1.295994986695016005e-01 5.556497487995702977e-01
1403638629.327829599 -1.800313839120916068e-02 -2.387988959912702158e-01 2.872602650510917566e-01 -1.782598545692551939e-01 -8.026678488436724823e-01 -1.303323512990075816e-01 5.540408169859795118e-01
1403638629.377829313 -1.152516389152465418e-02 -2.471387867380586689e-01 2.872017632026422906e-01 -1.788852318841469002e-01 -8.047047056886600380e-01 -1.303035839958817388e-01 5.508823707962618998e-01
1403638629.427829504 -1.310184768404731599e-03 -2.439777093562504051e-01 2.884261162695703207e-01 -1.797287354469416232e-01 -8.067487397452929310e-01 -1.298655260632936848e-01 5.477125137463350057e-01
1403638629.477829456 7.226266918280782429e-03 -2.421457941049622031e-01 2.891982205450391863e-01 -1.809216101481992967e-01 -8.091612309930620306e-01 -1.286578226608722231e-01 5.440336735049945416e-01
1403638629.527829409 6.880337510120000319e-03 -2.510648488311564841e-01 2.874685662269659270e-01 -1.825998578379053883e-01 -8.112628622926372213e-01 -1.266332043899438542e-01 5.408085536752066380e-01
1403638629.577829361 4.572405907950647590e-04 -2.579231438530191767e-01 2.872390119564636746e-01 -1.840458768181174043e-01 -8.120021441291411790e-01 -1.251370478377313578e-01 5.395556990843346501e-01
1403638629.627829552 -4.483142546398941573e-03 -2.690034438543176809e-01 2.857810426672938720e-01 -1.880304731646288696e-01 -8.112017002120306408e-01 -1.198026181730566658e-01 5.405956672167078203e-01
1403638629.677829266 1.665279203444737597e-03 -2.697543703106776158e-01 2.873433831823553608e-01 -1.922671126115810813e-01 -8.095093598652643996e-01 -1.141539890288794101e-01 5.428598534496082983e-01
1403638629.727829456 -4.114023674560251913e-03 -2.771615239493592786e-01 2.887098522022732983e-01 -1.960395029510190179e-01 -8.067381939060664919e-01 -1.099081204300475095e-01 5.464999586820017408e-01
1403638629.777829409 -5.430175916758137045e-03 -2.777225474540506167e-01 2.903756584926343032e-01 -1.978917186760957847e-01 -8.035760030396428277e-01 -1.080570074434656219e-01 5.508431338962263002e-01
1403638629.827829599 -9.956372206862006483e-03 -2.743921720125313546e-01 2.907751035510642290e-01 -1.990364757314571353e-01 -8.006189253725710664e-01 -1.062487144026991598e-01 5.550720929315798857e-01
1403638629.877829313 -1.279254735116170348e-02 -2.676654625854393288e-01 2.897277351081598007e-01 -1.990533046883608825e-01 -7.972176541867603827e-01 -1.066217222340492959e-01 5.598692723247515879e-01
1403638629.927829504 -1.321642661708104759e-02 -2.552427867043597365e-01 2.906932665438312080e-01 -1.956672763888233912e-01 -7.948902167476394887e-01 -1.114319841550788087e-01 5.634241503314646460e-01
1403638629.977829456 -1.541506438723865349e-02 -2.510016627339449746e-01 2.876472541796056270e-01 -1.917496815774591690e-01 -7.922677442281977900e-01 -1.172771718779713201e-01 5.672653224257683258e-01
1403638630.027829409 -1.848172201872015641e-02 -2.478808113647579248e-01 2.819972822570414595e-01 -1.882187862672665690e-01 -7.895235385812253703e-01 -1.225958579620061856e-01 5.711361712698795889e-01
1403638630.077829361 -1.710986356663719496e-02 -2.475758301359979319e-01 2.739147290356208631e-01 -1.856570843054673459e-01 -7.890447723532294511e-01 -1.267116519119164397e-01 5.717376597172749708e-01
1403638630.127829552 -1.734842509043231853e-02 -2.454694360160176447e-01 2.631414229894520895e-01 -1.836415570269395448e-01 -7.902238454712193771e-01 -1.289106658280343154e-01 5.702666856981676302e-01
1403638630.177829266 -1.203799479391322834e-02 -2.418847428527933774e-01 2.462196788911732714e-01 -1.824303797709819486e-01 -7.919103790948001098e-01 -1.307265368649679627e-01 5.678975969114833378e-01
1403638630.227829456 -1.144188442817804102e-02 -2.396139218453901543e-01 2.262412407287849869e-01 -1.819409690676200564e-01 -7.942244602780103024e-01 -1.312261101292537258e-01 5.646987679207239319e-01
1403638630.277829409 -1.555445361502102303e-02 -2.451275874818283629e-01 2.065503466790972187e-01 -1.819346040217461047e-01 -7.964097897436958062e-01 -1.312882705558439111e-01 5.616000682641594244e-01
1403638630.327829599 3.462598986412965089e-03 -2.773435051415278907e-01 1.791789732163254489e-01 -1.822579574672373304e-01 -8.003172365188833126e-01 -1.337139392909842128e-01 5.553331795507409074e-01
1403638630.377829313 -3.411619792726127646e-03 -2.756203561638155275e-01 1.737242969069167087e-01 -1.838753914280966961e-01 -8.151703120561575311e-01 -1.267368228708915245e-01 5.344389399155187181e-01
1403638630.427829504 2.132313121331878402e-03 -2.716694882077236861e-01 1.799949325896405272e-01 -1.885284769769243474e-01 -8.060935846985145536e-01 -1.187488046847332140e-01 5.482416141288503075e-01
1403638630.477829456 -1.846773090586059651e-02 -2.648685897345116058e-01 1.924808135230491879e-01 -1.815192623106927083e-01 -7.974734053197056749e-01 -1.272636989723827661e-01 5.611513843356722431e-01
1403638630.527829409 -2.484847142275790552e-02 -2.627046727130398773e-01 1.952862832700450746e-01 -1.810776404615880575e-01 -7.971904173515695913e-01 -1.279935588045164052e-01 5.615300308195895207e-01
1403638630.577829361 -2.875391337741011605e-02 -2.586542827355731156e-01 1.919905152389909386e-01 -1.825157931559306668e-01 -7.967494040338392036e-01 -1.264373583875852136e-01 5.620426734905037414e-01
1403638630.627829552 -4.695193921184766944e-02 -2.581075816451668947e-01 1.878654406349800354e-01 -1.811041763462320486e-01 -7.965643925809816617e-01 -1.285529954680578180e-01 5.622815781601192553e-01
1403638630.677829266 -3.920039857396704491e-02 -2.573049197105281016e-01 1.727902821740318062e-01 -1.802404929340131190e-01 -8.159508667078896327e-01 -1.226917675608655833e-01 5.354290597253182904e-01
1403638630.727829456 -3.666640257256277569e-02 -2.546461622126685587e-01 1.705496566962332594e-01 -1.757386470605196982e-01 -8.229902536314279704e-01 -1.174217886057249138e-01 5.272713664875504636e-01
1403638630.777829409 -3.587087609871950078e-02 -2.508808765297606547e-01 1.719682976155359200e-01 -1.749869620840965589e-01 -8.228069503233633730e-01 -1.246959008863474522e-01 5.261361210773192187e-01
1403638630.827829599 -3.303401566791801941e-02 -2.488866697511395998e-01 1.754075865920404764e-01 -1.776955454059476192e-01 -8.204619268733098769e-01 -1.215185530044031043e-01 5.296222814137772072e-01
1403638630.877829313 -3.491017774124648143e-02 -2.480497263711764488e-01 1.774106233741800931e-01 -1.758467031003200787e-01 -8.216865894607400245e-01 -1.199195078959618133e-01 5.287044517829557755e-01
1403638630.927829504 -3.194435398138439908e-02 -2.455404178950601479e-01 1.777380911501299787e-01 -1.758362873587636099e-01 -8.214954626020646300e-01 -1.202693484775668453e-01 5.289254094755589941e-01
1403638630.977829456 -3.863218454022420562e-02 -2.452310712394693282e-01 1.779828760489766959e-01 -1.760040384500703714e-01 -8.216579372315023777e-01 -1.198897740868729161e-01 5.287033711857124230e-01
1403638631.027829409 -4.070835574301340937e-02 -2.411954212534936914e-01 1.818191734864371412e-01 -1.757935635984602674e-01 -8.217889569725610466e-01 -1.198624228139888587e-01 5.285759479889949874e-01
1403638631.077829361 -4.071217645839695504e-02 -2.408106541552738622e-01 1.821243921967901913e-01 -1.751128228658922203e-01 -8.218401773547908684e-01 -1.205480193136386907e-01 5.285663602547396867e-01
1403638631.127829552 -3.935469242571823512e-02 -2.406520087142776099e-01 1.821481321221462835e-01 -1.760190456798597092e-01 -8.218277886621696560e-01 -1.193394589091520130e-01 5.285588660573866671e-01
1403638631.177829266 -3.788620507230386347e-02 -2.397790346312526077e-01 1.828323279214812136e-01 -1.753067913615021789e-01 -8.218454353207238494e-01 -1.204850529452305280e-01 5.285082415268561595e-01
1403638631.227829456 -3.538803015064746760e-02 -2.390074096244583224e-01 1.824158790887722981e-01 -1.758005088503564739e-01 -8.218179625064477856e-01 -1.194809041074104683e-01 5.286149176322804122e-01
1403638631.277829409 -3.362146512828314421e-02 -2.386498017434062757e-01 1.821397293802176909e-01 -1.751323180958038184e-01 -8.218678054124942678e-01 -1.205481589030216877e-01 5.285169088779778646e-01
1403638631.327829599 -3.489969681581883698e-02 -2.384410963002384087e-01 1.822962362703406947e-01 -1.757519812750378274e-01 -8.217047036275958449e-01 -1.195809751525300085e-01 5.287844660121493456e-01
1403638631.377829313 -3.330156952771812229e-02 -2.387188213709663664e-01 1.815318858828001980e-01 -1.753137767225357579e-01 -8.219012459142587268e-01 -1.201969205298243637e-01 5.284847414552451550e-01
1403638631.427829504 -3.648552223795977628e-02 -2.394202131337782868e-01 1.813787220335559558e-01 -1.755476177762989864e-01 -8.216493065929527662e-01 -1.197613156171152826e-01 5.288976064892372264e-01
1403638631.477829456 -3.808169240590354720e-02 -2.399894875025619378e-01 1.814459576779957339e-01 -1.755014690784380549e-01 -8.218602793629339320e-01 -1.199492971361645899e-01 5.285424123694619780e-01
1403638631.527829409 -4.229201472673867895e-02 -2.408220943652276402e-01 1.814604608483313120e-01 -1.755753209728387609e-01 -8.217867163281158405e-01 -1.199678366649060135e-01 5.286280523183384261e-01
1403638631.577829361 -4.966253507457320943e-02 -2.419587107680572502e-01 1.818135747672938451e-01 -1.754880646644775832e-01 -8.217601599470409912e-01 -1.201264107684524296e-01 5.286622968587972871e-01
1403638631.627829552 -4.751576950458447079e-02 -2.411695540846150176e-01 1.819428075408543177e-01 -1.752898295212797775e-01 -8.218432839603351248e-01 -1.203488613067772578e-01 5.285482417507930686e-01
