1403637130.538319 0.000000000 0.000000000 0.000000000 0.000000000 0.000000000 0.000000000 1.000000000
1403637130.588319063 -0.000100750 0.000078806 0.000080000 0.000091685 -0.000025309 0.000289790 0.999999953
1403637130.638319016 -0.000231413 0.000146423 -0.000050409 -0.000188368 -0.000401553 0.000206446 0.999999880
1403637130.688318968 0.000012737 0.000129788 0.000101343 0.000119929 0.000059199 -0.000210241 0.999999969
1403637130.738319159 -0.000115128 0.000058060 0.000121250 0.000153435 -0.000019993 0.000308448 0.999999940
1403637130.788318872 0.000109193 0.000181773 0.000033313 -0.000057532 0.000236855 -0.000206486 0.999999949
1403637130.838319063 0.000071226 0.000174704 0.000135780 -0.000049485 0.000073551 -0.000376854 0.999999925
1403637130.888319016 0.000017715 0.000187199 0.000043877 -0.000096332 0.000012964 -0.000172595 0.999999980
1403637130.938319206 -0.000148748 0.000065359 0.000003901 0.000010314 -0.000125521 0.000186187 0.999999975
1403637130.988318920 -0.000043058 0.000098213 0.000068314 0.000027668 -0.000003841 -0.000231569 0.999999973
1403637131.038319111 0.000156240 0.000206399 0.000038712 -0.000065806 0.000226783 -0.000393548 0.999999895
1403637131.088319063 0.000266254 0.000199978 0.000148115 0.000026610 0.000188045 -0.001066407 0.999999413
1403637131.138319016 -0.000096735 0.000022873 0.000027895 0.000086681 -0.000032301 0.000102928 0.999999990
1403637131.188318968 -0.000157119 0.000130156 -0.000068643 -0.000096713 -0.000242393 0.000090861 0.999999962
1403637131.238319159 -0.000134435 0.000080753 -0.000016838 -0.000048235 -0.000196872 -0.000012574 0.999999979
1403637131.288318872 -0.000209161 0.000006320 -0.000024477 0.000003755 -0.000173780 0.000277425 0.999999946
1403637131.338319063 -0.000084883 0.000014156 0.000071820 -0.000006642 -0.000034324 -0.000047539 0.999999998
1403637131.388319016 -0.000067809 0.000071227 -0.000031936 -0.000101400 -0.000075375 0.000140581 0.999999982
1403637131.438319206 -0.000191638 -0.000053280 0.000033998 0.000066338 -0.000340105 0.000217472 0.999999916
1403637131.488318920 -0.000159372 -0.000000282 0.000011698 0.000010494 -0.000343156 -0.000083213 0.999999938
1403637131.538319111 -0.000033013 0.000048504 -0.000002265 -0.000000382 0.000003636 -0.000123544 0.999999992
1403637131.588319063 -0.000145701 -0.000026144 0.000004499 0.000057355 0.000017985 0.000477234 0.999999884
1403637131.638319016 -0.000233591 -0.000225815 -0.000015590 0.000058368 -0.000192861 0.000541204 0.999999833
1403637131.688318968 -0.000243885 -0.000178150 -0.000021731 -0.000030887 -0.000304773 0.000420584 0.999999865
1403637131.738319159 -0.000047530 -0.000118861 0.000011445 0.000003175 -0.000078466 -0.000006609 0.999999997
1403637131.788318872 -0.000135759 -0.000110166 -0.000016702 -0.000023495 -0.000189247 0.000152977 0.999999970
1403637131.838319063 -0.000223762 -0.000164187 -0.000055307 0.000004923 -0.000223881 0.000459863 0.999999869
1403637131.888319016 -0.000086445 -0.000132558 -0.000022526 0.000043719 0.000028619 0.000230003 0.999999972
1403637131.938319206 -0.000125231 -0.000148037 0.000004755 0.000111295 -0.000027891 0.000416591 0.999999907
1403637131.988318920 -0.000082826 -0.000030474 -0.000080215 -0.000056377 -0.000150373 0.000005837 0.999999987
1403637132.038319111 0.000077456 -0.000021722 0.000038769 0.000028518 0.000066277 -0.000464877 0.999999889
1403637132.088319063 0.000070055 -0.000048428 0.000085919 0.000063876 0.000164703 -0.000427488 0.999999893
1403637132.138319016 0.000220493 -0.000005923 0.000112744 0.000037791 0.000428156 -0.000796699 0.999999590
1403637132.188318968 0.000097119 -0.000036551 0.000034489 0.000027713 0.000261325 -0.000410430 0.999999881
1403637132.238319159 0.000129130 -0.000039489 0.000029818 0.000145451 0.000219228 -0.000525454 0.999999827
1403637132.288318872 0.000117938 0.000004862 0.000066849 -0.000018623 0.000150266 -0.000725496 0.999999725
1403637132.338319063 0.000137084 0.000001601 0.000061476 0.000045694 0.000215797 -0.000558201 0.999999820
1403637132.388319016 -0.000134336 -0.000158031 0.000040513 0.000185772 -0.000088753 0.000267979 0.999999943
1403637132.438319206 0.000011090 0.000000706 -0.000061895 0.000053279 0.000083577 -0.000243802 0.999999965
1403637132.488318920 0.000029735 0.000022328 -0.000045324 0.000045790 0.000173849 -0.000442112 0.999999886
1403637132.538319111 0.000019228 0.000033528 0.000001822 -0.000009451 0.000095426 -0.000406898 0.999999913
1403637132.588319063 0.000291588 0.000098920 0.000082015 0.000028232 0.000377907 -0.001196209 0.999999213
1403637132.638319016 0.000242296 0.000073790 0.000128067 0.000042069 0.000349473 -0.001045204 0.999999392
1403637132.688318968 -0.000011070 -0.000062668 0.000066482 0.000064990 0.000186063 -0.000229283 0.999999954
1403637132.738319159 -0.000096611 -0.000054735 -0.000013142 0.000052312 0.000098017 -0.000152516 0.999999982
1403637132.788318872 -0.000123982 -0.000151614 0.000097958 0.000175781 0.000123981 -0.000067189 0.999999975
1403637132.838319063 -0.000125866 -0.000192646 0.000103082 0.000194272 0.000086487 -0.000075852 0.999999975
1403637132.888319016 -0.000074433 -0.000345394 0.000078199 0.000448051 0.000293617 0.000399766 0.999999777
1403637132.938319206 0.000152036 -0.000379388 0.000178480 0.000549624 0.000591759 -0.000138204 0.999999664
1403637132.988318920 -0.000286047 -0.000638182 0.000180990 0.000238722 0.000516857 0.001357574 0.999998916
1403637133.038319111 -0.000432294 -0.000773325 0.000416838 -0.000174358 0.000718230 0.001678627 0.999998318
1403637133.088319063 -0.000367732 -0.000879423 -0.000088358 0.000474685 0.000622414 0.000991584 0.999999202
1403637133.138319016 -0.000678605 -0.001736934 -0.001717660 0.001701472 -0.000960654 0.002316445 0.999995408
1403637133.188318968 -0.000208289 -0.002461646 -0.002769216 0.001941489 -0.000418466 0.001465825 0.999996953
1403637133.238319159 0.000710504 -0.003046730 -0.003028941 0.001981806 0.001846163 -0.001482111 0.999995234
1403637133.288318872 0.001360564 -0.004428949 -0.004212881 0.001342718 0.003390930 -0.003795986 0.999986145
1403637133.338319063 0.001806232 -0.007299033 -0.005771179 0.000202751 0.004869337 -0.004850591 0.999976360
1403637133.388319016 0.002785483 -0.012150543 -0.007583638 -0.001533941 0.008353142 -0.004847291 0.999952187
1403637133.438319206 0.003416218 -0.016715320 -0.009453497 -0.004423971 0.010908430 -0.004242464 0.999921715
1403637133.488318920 0.003141775 -0.019957331 -0.011575076 -0.008871616 0.010580082 -0.003131826 0.999899769
1403637133.538319111 0.003998140 -0.022417750 -0.012407943 -0.013845966 0.012695958 -0.001642494 0.999822186
1403637133.588319063 0.005505846 -0.024535170 -0.012957245 -0.018564256 0.014798455 -0.000058082 0.999718146
1403637133.638319016 0.007578521 -0.027752262 -0.014042037 -0.021651542 0.017361145 0.000535452 0.999614683
1403637133.688318968 0.009864171 -0.032867438 -0.016322206 -0.023363096 0.020092560 -0.000870382 0.999524736
1403637133.738319159 0.011901868 -0.040987111 -0.020143667 -0.023795154 0.022346299 -0.001427776 0.999466055
1403637133.788318872 0.013261536 -0.052508755 -0.024523011 -0.023681468 0.025306507 -0.001465130 0.999398130
1403637133.838319063 0.014248962 -0.068133326 -0.029022601 -0.024953717 0.030532552 -0.000984354 0.999221750
1403637133.888319016 0.014862434 -0.088890042 -0.035266314 -0.027883593 0.035774358 0.000121207 0.998970813
1403637133.938319206 0.014175939 -0.113768021 -0.039525781 -0.030464519 0.039043329 0.002106788 0.998770791
1403637133.988318920 0.012863862 -0.142671695 -0.045688937 -0.031736671 0.042904626 0.001984811 0.998573001
1403637134.038319111 0.010849291 -0.174570635 -0.052875719 -0.031353488 0.045989927 0.001101988 0.998449133
1403637134.088319063 0.009681956 -0.205876909 -0.060405645 -0.030592683 0.050282793 -0.002265377 0.998263791
1403637134.138319016 0.008581722 -0.237814011 -0.070026639 -0.029507459 0.055809498 -0.006242803 0.997985790
1403637134.188318968 0.006307680 -0.267838278 -0.075390387 -0.026935995 0.061737826 -0.010533799 0.997673259
1403637134.238319159 0.005166505 -0.299873635 -0.084240341 -0.021213171 0.067723352 -0.014513152 0.997373008
1403637134.288318872 0.002500740 -0.328297701 -0.089984713 -0.013500504 0.069706160 -0.015810393 0.997350901
1403637134.338319063 0.000676546 -0.353221652 -0.095818562 -0.004930364 0.070617086 -0.016768480 0.997350358
1403637134.388319016 -0.000549577 -0.374239697 -0.100418500 0.003842819 0.071425641 -0.016898863 0.997295362
1403637134.438319206 -0.000823569 -0.388329220 -0.103321171 0.010564481 0.073350333 -0.014561904 0.997143957
1403637134.488318920 -0.000814104 -0.395328220 -0.104547678 0.014721194 0.073593102 -0.009601086 0.997133472
1403637134.538319111 0.000263906 -0.393527193 -0.101909097 0.014946448 0.074487011 -0.006141854 0.997091052
1403637134.588319063 0.001844647 -0.382700553 -0.097292006 0.011839066 0.075778725 -0.005220601 0.997040705
1403637134.638319016 0.005369627 -0.363895677 -0.091286364 0.005987072 0.077169076 -0.006726226 0.996977355
1403637134.688318968 0.009832636 -0.337468627 -0.083554150 -0.001713589 0.077677887 -0.008570637 0.996940196
1403637134.738319159 0.014759576 -0.303356420 -0.071109281 -0.011457788 0.075665943 -0.008802137 0.997028538
1403637134.788318872 0.018438508 -0.266430799 -0.064597193 -0.023739912 0.073000490 -0.008915803 0.997009455
1403637134.838319063 0.020684036 -0.230688388 -0.055062232 -0.037326544 0.070545920 -0.006512543 0.996788638
1403637134.888319016 0.024003996 -0.191894750 -0.045383789 -0.050274160 0.067522248 -0.003338902 0.996444733
1403637134.938319206 0.026751918 -0.159122700 -0.041286333 -0.060961884 0.066388221 0.000874854 0.995929459
1403637134.988318920 0.028427186 -0.128311420 -0.036480702 -0.067105836 0.063807077 0.005738776 0.995686964
1403637135.038319111 0.029181675 -0.105766561 -0.030052722 -0.070500871 0.062566139 0.008312383 0.995512938
1403637135.088319063 0.029546207 -0.086206537 -0.027183401 -0.072667362 0.061773982 0.009972077 0.995391374
1403637135.138319016 0.030957855 -0.070920632 -0.026341169 -0.075634629 0.061251793 0.009019076 0.995211674
1403637135.188318968 0.031588194 -0.062628439 -0.025996192 -0.080581468 0.061480684 0.006982175 0.994825614
1403637135.238319159 0.031233297 -0.061042812 -0.026726955 -0.088196657 0.061774190 0.005379487 0.994171193
1403637135.288318872 0.031493359 -0.070496477 -0.029823126 -0.094961396 0.062675565 0.004769002 0.993494521
1403637135.338319063 0.031466587 -0.090667471 -0.034501054 -0.096755945 0.064288466 0.004171526 0.993220962
1403637135.388319016 0.030983246 -0.118591531 -0.040742028 -0.092473589 0.066219037 0.002701971 0.993507108
1403637135.438319206 0.030489332 -0.153973102 -0.047836370 -0.083229591 0.068545081 -0.000502335 0.994170083
1403637135.488318920 0.029651840 -0.193754665 -0.056208308 -0.071330905 0.071612873 -0.005147481 0.994865318
1403637135.538319111 0.028868756 -0.235271255 -0.062606031 -0.058997233 0.073759395 -0.008952359 0.995489193
1403637135.588319063 0.027793783 -0.277867419 -0.071561949 -0.048003710 0.077540148 -0.012962394 0.995748535
1403637135.638319016 0.025542919 -0.319895980 -0.078773402 -0.037225159 0.081744090 -0.014633649 0.995850414
1403637135.688318968 0.022817646 -0.359240047 -0.085389210 -0.026137562 0.084454297 -0.014653951 0.995976687
1403637135.738319159 0.021202241 -0.395547001 -0.092507191 -0.016318025 0.084912352 -0.012089116 0.996181443
1403637135.788318872 0.017826938 -0.424438265 -0.094059830 -0.007874641 0.084346813 -0.008296128 0.996370804
1403637135.838319063 0.016485863 -0.446913148 -0.099105065 -0.002473480 0.084159833 -0.005957263 0.996431390
1403637135.888319016 0.016826745 -0.458501387 -0.100708813 0.000729889 0.083869279 -0.003029046 0.996471894
1403637135.938319206 0.017592069 -0.460873429 -0.099794853 0.000735902 0.084614910 -0.001780292 0.996411866
1403637135.988318920 0.018221368 -0.452795519 -0.095961630 -0.001499762 0.083937063 -0.001233267 0.996469166
1403637136.038319111 0.018817419 -0.434759253 -0.090085410 -0.005479911 0.083056223 -0.001991965 0.996527805
1403637136.088319063 0.019821362 -0.408491381 -0.081910999 -0.010718843 0.083295117 -0.003909636 0.996459605
1403637136.138319016 0.020288725 -0.375979139 -0.073490716 -0.016890837 0.083843824 -0.003959505 0.996327875
1403637136.188318968 0.023542403 -0.336020585 -0.060250069 -0.025148159 0.085018453 -0.006634313 0.996039868
1403637136.238319159 0.025404044 -0.294986286 -0.050471773 -0.035048799 0.084994808 -0.005379433 0.995750233
1403637136.288318872 0.026253246 -0.254235095 -0.042722689 -0.047739877 0.084564022 -0.005429964 0.995258934
1403637136.338319063 0.027473632 -0.215685789 -0.032011055 -0.060886450 0.084920396 -0.004128369 0.994517131
1403637136.388319016 0.028609832 -0.176746975 -0.024219545 -0.073471995 0.083157919 -0.001102736 0.993823631
1403637136.438319206 0.031899593 -0.143005545 -0.023728311 -0.085745244 0.080642945 0.001400182 0.993047083
1403637136.488318920 0.032944350 -0.116503331 -0.020782247 -0.095622558 0.077421279 0.006367603 0.992381845
1403637136.538319111 0.033218274 -0.096978883 -0.020129186 -0.102616062 0.075032256 0.010880841 0.991827461
1403637136.588319063 0.030395042 -0.091268473 -0.020617600 -0.107602878 0.074291451 0.012265991 0.991338462
1403637136.638319016 0.031224089 -0.090748607 -0.021334991 -0.110408504 0.073965109 0.011515191 0.991063331
1403637136.688318968 0.032044751 -0.096702953 -0.023349819 -0.111592961 0.074070154 0.009010153 0.990948758
1403637136.738319159 0.030670104 -0.118076178 -0.028994914 -0.111045491 0.073714710 0.009361693 0.991033500
1403637136.788318872 0.028748481 -0.149461962 -0.035757341 -0.108079410 0.073597388 0.008739581 0.991375754
1403637136.838319063 0.027417308 -0.188128439 -0.046218931 -0.100736976 0.073006273 0.007240460 0.992204476
1403637136.888319016 0.027343701 -0.230704282 -0.054448782 -0.089666717 0.074406182 0.005013625 0.993175948
1403637136.938319206 0.025416569 -0.277720165 -0.064487007 -0.077359809 0.077413236 0.003887671 0.993985682
1403637136.988318920 0.023507718 -0.325483872 -0.069062325 -0.064956281 0.083572066 0.001870400 0.994380658
1403637137.038319111 0.023530275 -0.376133136 -0.082389757 -0.052819464 0.088966029 0.002024412 0.994631113
1403637137.088319063 0.022295351 -0.418409545 -0.091711417 -0.040244721 0.093708632 0.003475535 0.994779863
1403637137.138319016 0.020580467 -0.454287775 -0.099265385 -0.027927384 0.094472655 0.008259926 0.995101378
1403637137.188318968 0.018975114 -0.477564343 -0.106734715 -0.017516388 0.093103524 0.012583944 0.995422802
1403637137.238319159 0.018715957 -0.491060374 -0.109950654 -0.010049018 0.091402286 0.012792581 0.995681168
1403637137.288318872 0.019775204 -0.494569038 -0.109754892 -0.005242832 0.091192610 0.011968312 0.995747548
1403637137.338319063 0.021685018 -0.487032653 -0.107468145 -0.001752915 0.091323331 0.010757164 0.995761648
1403637137.388319016 0.023005288 -0.469423197 -0.102189699 0.000021723 0.090528876 0.009386692 0.995849593
1403637137.438319206 0.024283239 -0.444521300 -0.094295763 -0.000433665 0.088799278 0.009378045 0.996005297
1403637137.488318920 0.025190456 -0.414149298 -0.082411306 -0.005306484 0.088766877 0.006492882 0.996017131
1403637137.538319111 0.026775223 -0.375325620 -0.074005336 -0.013347354 0.088334798 0.003141959 0.995996456
1403637137.588319063 0.028607301 -0.332825208 -0.064325229 -0.025027337 0.090031084 -0.001572901 0.995623203
1403637137.638319016 0.030651084 -0.286626302 -0.055143311 -0.039576317 0.092509508 -0.004976236 0.994912530
1403637137.688318968 0.030992595 -0.241294838 -0.041927135 -0.054292912 0.094231556 -0.004976732 0.994056299
1403637137.738319159 0.030488453 -0.200767858 -0.031774660 -0.067570520 0.092960576 -0.002676166 0.993370723
1403637137.788318872 0.029867162 -0.161639297 -0.023518817 -0.077918341 0.090033066 0.000127552 0.992886078
1403637137.838319063 0.029537469 -0.127557370 -0.020186147 -0.086043432 0.086378128 0.002452849 0.992536816
1403637137.888319016 0.031196947 -0.101114419 -0.020159592 -0.093688460 0.082314239 0.003570196 0.992186521
1403637137.938319206 0.032751751 -0.083324097 -0.022739869 -0.101919048 0.080802916 0.002819611 0.991501612
1403637137.988318920 0.032217580 -0.076915447 -0.021398246 -0.110848698 0.080156591 0.001855827 0.990597821
1403637138.038319111 0.032837565 -0.081450843 -0.023062651 -0.118556292 0.079762944 0.002068926 0.989736327
1403637138.088319063 0.033971385 -0.099454014 -0.028438692 -0.121853373 0.078442966 0.004278315 0.989434259
1403637138.138319016 0.034058735 -0.128535225 -0.035313400 -0.119480557 0.075612448 0.004871061 0.989941123
1403637138.188318968 0.035549439 -0.166504659 -0.044410582 -0.112757372 0.073809961 -0.001077923 0.990876734
1403637138.238319159 0.038754637 -0.211322355 -0.054490161 -0.101429845 0.076995300 -0.011345312 0.991793826
1403637138.288318872 0.038942851 -0.259456498 -0.063036179 -0.086012613 0.080818388 -0.017129610 0.992862929
1403637138.338319063 0.038081980 -0.308924132 -0.074880359 -0.068377837 0.084460887 -0.019752951 0.993881608
1403637138.388319016 0.036045799 -0.356128470 -0.083551641 -0.049902145 0.089197930 -0.019533077 0.994571246
1403637138.438319206 0.034257097 -0.395125624 -0.090571012 -0.032671518 0.094641231 -0.020731431 0.994759175
1403637138.488318920 0.032460708 -0.429250432 -0.097501615 -0.018552489 0.099602751 -0.020263117 0.994647929
1403637138.538319111 0.031443873 -0.457322875 -0.102532226 -0.008045186 0.102707732 -0.019180747 0.994494090
1403637138.588319063 0.030735674 -0.472155883 -0.106018878 -0.000336137 0.104477419 -0.018893506 0.994347722
1403637138.638319016 0.031001890 -0.476659370 -0.106369442 0.004094574 0.103900675 -0.017569596 0.994424051
1403637138.688318968 0.031588605 -0.471109077 -0.103302908 0.004604953 0.102908667 -0.016521780 0.994542926
1403637138.738319159 0.032326937 -0.455930579 -0.096170674 0.002683802 0.101107330 -0.013557058 0.994779529
1403637138.788318872 0.034154172 -0.431658511 -0.087375642 -0.002042593 0.100661554 -0.011136750 0.994856297
1403637138.838319063 0.038184047 -0.401083529 -0.077085271 -0.009208155 0.101694015 -0.009021127 0.994732203
1403637138.888319016 0.040256218 -0.363387998 -0.063958669 -0.017846019 0.102062960 -0.008013220 0.994585572
1403637138.938319206 0.042875203 -0.323111446 -0.054270348 -0.026684136 0.100311198 -0.007939012 0.994566535
1403637138.988318920 0.043704502 -0.280076662 -0.040239407 -0.033191115 0.094749320 -0.002851513 0.994943609
1403637139.038319111 0.043992905 -0.238927258 -0.027361155 -0.038898543 0.088383113 0.002117008 0.995324493
1403637139.088319063 0.043775579 -0.198749390 -0.014819727 -0.043529170 0.082798663 0.007119442 0.995589728
1403637139.138319016 0.043264517 -0.166689724 -0.005811574 -0.048087880 0.078741999 0.009765663 0.995686640
1403637139.188318968 0.041386745 -0.133413428 0.004171408 -0.052124764 0.074597713 0.012517153 0.995771817
1403637139.238319159 0.042649472 -0.104369210 0.007883460 -0.055240678 0.071496119 0.012725885 0.995828712
1403637139.288318872 0.041065829 -0.081616087 0.016638347 -0.056346110 0.069046899 0.012374440 0.995944032
1403637139.338319063 0.040729393 -0.066059550 0.023591375 -0.057372556 0.067212784 0.010703960 0.996030249
1403637139.388319016 0.040823003 -0.053528427 0.028220105 -0.058066363 0.065210626 0.007963066 0.996148815
1403637139.438319206 0.040525403 -0.045687744 0.031599814 -0.057932558 0.060777756 0.005630466 0.996452799
1403637139.488318920 0.040249336 -0.040414676 0.033810286 -0.056149824 0.055985956 0.004470209 0.996841405
1403637139.538319111 0.039627888 -0.036219440 0.035555628 -0.053705196 0.052031691 0.004708370 0.997189193
1403637139.588319063 0.038665865 -0.032943796 0.037422294 -0.050546919 0.050282907 0.004173656 0.997446349
1403637139.638319016 0.037976579 -0.029734141 0.039196607 -0.047415181 0.049015917 0.001846800 0.997670201
1403637139.688318968 0.037442125 -0.026277352 0.041136361 -0.044853547 0.047278031 0.000429285 0.997874122
1403637139.738319159 0.037424558 -0.022381281 0.042739724 -0.043334329 0.045704892 -0.000223263 0.998014604
1403637139.788318872 0.038267475 -0.018609825 0.044752659 -0.042680762 0.045593080 -0.001025436 0.998047380
1403637139.838319063 0.039125304 -0.016551319 0.045113278 -0.039626579 0.045034914 0.000537713 0.998199029
1403637139.888319016 0.040368074 -0.016247446 0.044958131 -0.032320817 0.045694348 0.001211579 0.998431732
1403637139.938319206 0.041526798 -0.015775070 0.044812588 -0.027028286 0.047643002 0.003271957 0.998493320
1403637139.988318920 0.042196861 -0.015130483 0.044222518 -0.023163821 0.049924118 0.006630455 0.998462346
1403637140.038319111 0.042703502 -0.014997324 0.042836366 -0.018201110 0.052085943 0.010847614 0.998417800
1403637140.088319063 0.043870135 -0.015113817 0.041625306 -0.012367794 0.055255106 0.010485523 0.998340606
1403637140.138319016 0.044769006 -0.015383732 0.040298769 -0.006055576 0.058377633 0.010724645 0.998218595
1403637140.188318968 0.045422335 -0.015535027 0.039214361 -0.003028553 0.060165646 0.011861088 0.998113339
1403637140.238319159 0.046792372 -0.014702716 0.038978699 -0.004484348 0.062809372 0.011685382 0.997947055
1403637140.288318872 0.047747596 -0.014253092 0.038972083 -0.004318928 0.063513829 0.012790755 0.997889642
1403637140.338319063 0.048336064 -0.013819439 0.038914244 -0.003664212 0.063261043 0.015201324 0.997874508
1403637140.388319016 0.048076050 -0.014116305 0.038752891 -0.003455884 0.062873072 0.016817168 0.997873848
1403637140.438319206 0.048208594 -0.013962069 0.038764988 -0.003624168 0.062955893 0.016005348 0.997881381
1403637140.488318920 0.047984196 -0.014078989 0.038715894 -0.003438596 0.062762741 0.017067134 0.997876609
1403637140.538319111 0.047966271 -0.014097947 0.038708749 -0.003449803 0.062741663 0.017164492 0.997876226
1403637140.588319063 0.047650271 -0.014211940 0.038685985 -0.003317338 0.062332467 0.018333250 0.997881531
1403637140.638319016 0.047655249 -0.014206571 0.038670165 -0.003340288 0.062336535 0.018222391 0.997883231
1403637140.688318968 0.047622380 -0.014221874 0.038662265 -0.003353286 0.062203243 0.018356583 0.997889046
1403637140.738319159 0.047628987 -0.014207088 0.038661576 -0.003332194 0.062219670 0.018267762 0.997889722
1403637140.788318872 0.047597629 -0.014214532 0.038643374 -0.003339236 0.062157595 0.018350000 0.997892058
1403637140.838319063 0.047596017 -0.014228599 0.038642421 -0.003341208 0.062170281 0.018397329 0.997890390
1403637140.888319016 0.047594406 -0.014242665 0.038641469 -0.003343179 0.062182966 0.018444658 0.997888719
1403637140.938319206 0.047614065 -0.014220987 0.038654491 -0.003327897 0.062221835 0.018397992 0.997887209
1403637140.988318920 0.047606792 -0.014218102 0.038661492 -0.003361421 0.062211496 0.018445526 0.997886864
1403637141.038319111 0.047607672 -0.014221485 0.038645370 -0.003366984 0.062224935 0.018425392 0.997886379
1403637141.088319063 0.047601354 -0.014232396 0.038661936 -0.003346879 0.062197742 0.018469153 0.997887333
1403637141.138319016 0.047623222 -0.014223607 0.038661105 -0.003340040 0.062229575 0.018390653 0.997886821
1403637141.188318968 0.047507831 -0.014048286 0.039608695 -0.003332217 0.062240403 0.018463588 0.997884825
1403637141.238319159 0.047523663 -0.014042055 0.039633098 -0.003326794 0.062262223 0.018378291 0.997885057
1403637141.288318872 0.047518443 -0.014047357 0.039629239 -0.003312438 0.062254364 0.018403917 0.997885123
1403637141.338319063 0.047513224 -0.014052660 0.039625379 -0.003298083 0.062246505 0.018429542 0.997885187
1403637141.388319016 0.047518574 -0.014050017 0.039620408 -0.003321513 0.062248819 0.018391304 0.997885671
1403637141.438319206 0.047511878 -0.014037779 0.039607789 -0.003330477 0.062243894 0.018411426 0.997885577
1403637141.488318920 0.047514606 -0.014046274 0.039629211 -0.003320744 0.062250759 0.018410477 0.997885199
1403637141.538319111 0.047517334 -0.014054770 0.039650633 -0.003311011 0.062257624 0.018409528 0.997884820
1403637141.588319063 0.047522022 -0.014040720 0.039638745 -0.003319301 0.062252209 0.018440012 0.997884568
1403637141.638319016 0.047531706 -0.014038824 0.039662137 -0.003292913 0.062266676 0.018452167 0.997883528
1403637141.688318968 0.047507896 -0.014037129 0.039630788 -0.003290168 0.062245203 0.018505107 0.997883896
1403637141.738319159 0.047513985 -0.014028421 0.039645994 -0.003261456 0.062278476 0.018482841 0.997882327
1403637141.788318872 0.047494033 -0.014030491 0.039607456 -0.003286744 0.062269296 0.018480268 0.997882865
1403637141.838319063 0.047499883 -0.014037169 0.039627449 -0.003268090 0.062259102 0.018500504 0.997883187
1403637141.888319016 0.047514379 -0.014014867 0.039616606 -0.003291558 0.062289218 0.018431480 0.997882508
1403637141.938319206 0.047470108 -0.014035002 0.039592666 -0.003296683 0.062239375 0.018563020 0.997883163
1403637141.988318920 0.047496295 -0.014025891 0.039625545 -0.003257727 0.062283735 0.018481712 0.997882032
1403637142.038319111 0.047482528 -0.014023401 0.039602904 -0.003239121 0.062270265 0.018530146 0.997882035
1403637142.088319063 0.047512128 -0.014016133 0.039617715 -0.003257593 0.062271342 0.018483535 0.997882772
1403637142.138319016 0.047499808 -0.014032356 0.039613124 -0.003291769 0.062235004 0.018541883 0.997883844
1403637142.188318968 0.047524812 -0.014014987 0.039647241 -0.003253084 0.062274312 0.018485949 0.997882557
1403637142.238319159 0.047520743 -0.013934488 0.039895795 -0.003233381 0.062254451 0.018565600 0.997882381
1403637142.288318872 0.047502701 -0.013958578 0.039867700 -0.003236373 0.062266716 0.018548987 0.997881915
1403637142.338319063 0.047499775 -0.013949123 0.039862396 -0.003222474 0.062251910 0.018586419 0.997882188
1403637142.388319016 0.047542587 -0.013936667 0.039893019 -0.003222262 0.062284064 0.018488338 0.997882004
1403637142.438319206 0.047534035 -0.013948274 0.039899663 -0.003253401 0.062237707 0.018575474 0.997883177
1403637142.488318920 0.047539358 -0.013945084 0.039899559 -0.003243040 0.062253526 0.018550107 0.997882696
1403637142.538319111 0.047521004 -0.013945186 0.039887354 -0.003232638 0.062264404 0.018564274 0.997881787
1403637142.588319063 0.047520042 -0.013945906 0.039872390 -0.003218900 0.062276339 0.018537060 0.997881593
1403637142.638319016 0.047499159 -0.013953428 0.039854899 -0.003236411 0.062254214 0.018587826 0.997881973
1403637142.688318968 0.047528672 -0.013943735 0.039867213 -0.003241864 0.062261864 0.018539926 0.997882369
1403637142.738319159 0.047541585 -0.013939197 0.039895595 -0.003236065 0.062257106 0.018546820 0.997882556
1403637142.788318872 0.047527829 -0.013947086 0.039873935 -0.003227818 0.062238934 0.018584480 0.997883016
1403637142.838319063 0.047513854 -0.013947750 0.039866749 -0.003207311 0.062251753 0.018591861 0.997882145
1403637142.888319016 0.047499879 -0.013948413 0.039859563 -0.003186805 0.062264572 0.018599242 0.997881273
1403637142.938319206 0.047472215 -0.013936775 0.039806193 -0.003189897 0.062255841 0.018611484 0.997881580
1403637142.988318920 0.047494792 -0.013932449 0.039825205 -0.003194108 0.062245859 0.018614730 0.997882129
1403637143.038319111 0.047511960 -0.013932549 0.039849895 -0.003171839 0.062254667 0.018599806 0.997881928
1403637143.088319063 0.047515874 -0.013933307 0.039846199 -0.003190848 0.062238070 0.018618747 0.997882550
1403637143.138319016 0.047505600 -0.013933664 0.039842440 -0.003190450 0.062249338 0.018614429 0.997881929
1403637143.188318968 0.047495326 -0.013934021 0.039838683 -0.003190052 0.062260606 0.018610111 0.997881308
1403637143.238319159 0.047489896 -0.013935032 0.039747144 -0.003209423 0.062254316 0.018604532 0.997881742
1403637143.288318872 0.047485619 -0.013942436 0.039756138 -0.003201130 0.062243520 0.018628221 0.997882000
1403637143.338319063 0.047523300 -0.013928915 0.039968375 -0.003187321 0.062250677 0.018611899 0.997881903
1403637143.388319016 0.047519888 -0.013915808 0.039949028 -0.003180770 0.062250935 0.018636397 0.997881450
1403637143.438319206 0.047524305 -0.013919781 0.039949034 -0.003139926 0.062267941 0.018624903 0.997880733
1403637143.488318920 0.047510915 -0.013926338 0.039974785 -0.003130136 0.062273998 0.018651381 0.997879891
1403637143.538319111 0.047485130 -0.013902120 0.039910068 -0.003221488 0.062259464 0.018673296 0.997880098
1403637143.588319063 0.047509596 -0.013943870 0.039955717 -0.003101056 0.062281197 0.018621739 0.997880086
1403637143.638319016 0.047509101 -0.013927473 0.039951125 -0.003163623 0.062260665 0.018639709 0.997880836
1403637143.688318968 0.047508271 -0.013922472 0.039949890 -0.003200659 0.062257940 0.018657692 0.997880552
1403637143.738319159 0.047505670 -0.013924590 0.039951889 -0.003164376 0.062272295 0.018621127 0.997880455
1403637143.788318872 0.047487323 -0.013928221 0.039931099 -0.003146704 0.062265973 0.018646451 0.997880432
1403637143.838319063 0.047482429 -0.013914628 0.039917789 -0.003196118 0.062267336 0.018643522 0.997880245
1403637143.888319016 0.047485669 -0.013933125 0.039927814 -0.003154315 0.062260722 0.018651661 0.997880638
1403637143.938319206 0.047456833 -0.013909553 0.039918568 -0.003156184 0.062080161 0.018567634 0.997893449
1403637143.988318920 0.047430358 -0.013898308 0.039889360 -0.003197967 0.062060232 0.018581416 0.997894299
1403637144.038319111 0.047420429 -0.013909610 0.039889135 -0.003170444 0.062070221 0.018659728 0.997892304
1403637144.088319063 0.047433959 -0.013905252 0.039880043 -0.003163939 0.062127825 0.018650238 0.997888917
1403637144.138319016 0.047431617 -0.013921559 0.039898972 -0.003166182 0.062267553 0.018806101 0.997877276
1403637144.188318968 0.047466544 -0.013901112 0.039888264 -0.003233430 0.062322780 0.018690612 0.997875782
1403637144.238319159 0.047446901 -0.013916372 0.039915095 -0.003263917 0.062324707 0.018871989 0.997872149
1403637144.288318872 0.047496722 -0.013896950 0.039950060 -0.003286955 0.062355650 0.018831170 0.997870911
1403637144.338319063 0.047457351 -0.013911975 0.040082304 -0.003174987 0.062361441 0.018934570 0.997868955
1403637144.388319016 0.047449444 -0.013908316 0.040059316 -0.003117748 0.062299043 0.018875394 0.997874155
1403637144.438319206 0.047424141 -0.013925570 0.040061464 -0.003030804 0.062219282 0.018868981 0.997879520
1403637144.488318920 0.047427108 -0.013928786 0.040042875 -0.003014843 0.062181635 0.018813164 0.997882969
1403637144.538319111 0.047424427 -0.013930712 0.040054758 -0.003001581 0.062170624 0.018850101 0.997882998
1403637144.588319063 0.047514745 -0.013907242 0.040075056 -0.003136544 0.062521563 0.018878496 0.997860120
1403637144.638319016 0.047492142 -0.013914590 0.040083320 -0.003069894 0.062385882 0.018802741 0.997870249
1403637144.688318968 0.047477310 -0.013902472 0.040088029 -0.003143785 0.062373890 0.018863877 0.997869615
1403637144.738319159 0.047464163 -0.013909810 0.040060331 -0.003059353 0.062263508 0.018686026 0.997880117
1403637144.788318872 0.047459901 -0.013929612 0.040071468 -0.003013958 0.062258416 0.018761087 0.997879165
1403637144.838319063 0.047468441 -0.013916546 0.040063285 -0.003017699 0.062229235 0.018655410 0.997882955
1403637144.888319016 0.047436851 -0.013927637 0.040067694 -0.003020934 0.062127799 0.018735408 0.997887767
1403637144.938319206 0.047443255 -0.013925904 0.040148697 -0.003053146 0.062038221 0.018533684 0.997897009
1403637144.988318920 0.047343078 -0.013899259 0.040109614 -0.003166893 0.061836976 0.018533818 0.997909143
1403637145.038319111 0.047422221 -0.013896172 0.040124906 -0.003191379 0.062000601 0.018489333 0.997899737
1403637145.088319063 0.047446304 -0.013900024 0.040136581 -0.003146469 0.062122576 0.018565549 0.997890879
1403637145.138319016 0.047464975 -0.013894777 0.040139652 -0.003211565 0.062215779 0.018590509 0.997884400
1403637145.188318968 0.047490590 -0.013898483 0.040149531 -0.003215735 0.062303996 0.018616914 0.997878390
1403637145.238319159 0.047497371 -0.013903872 0.040159658 -0.003181035 0.062323458 0.018636429 0.997876922
1403637145.288318872 0.047500337 -0.013899627 0.040156871 -0.003208020 0.062365166 0.018646363 0.997874044
1403637145.338319063 0.047479574 -0.013906124 0.040148121 -0.003184580 0.062331234 0.018656456 0.997876051
1403637145.388319016 0.047482624 -0.013902650 0.040312669 -0.003160359 0.062350403 0.018630505 0.997875415
1403637145.438319206 0.047468667 -0.013907620 0.040300333 -0.003148906 0.062317177 0.018619508 0.997877732
1403637145.488318920 0.047468602 -0.013913733 0.040293930 -0.003128843 0.062311408 0.018636793 0.997877833
1403637145.538319111 0.047458492 -0.013906666 0.040307680 -0.003152510 0.062330349 0.018668859 0.997875976
1403637145.588319063 0.047466156 -0.013908062 0.040299799 -0.003128138 0.062315790 0.018615544 0.997877958
1403637145.638319016 0.047443598 -0.013915287 0.040287906 -0.003133140 0.062260244 0.018654651 0.997880679
1403637145.688318968 0.047450081 -0.013904028 0.040288422 -0.003159686 0.062254989 0.018580609 0.997882305
1403637145.738319159 0.047444292 -0.013919461 0.040310391 -0.003128821 0.062217138 0.018630109 0.997883840
1403637145.788318872 0.047446835 -0.013915317 0.040295426 -0.003130216 0.062225585 0.018590706 0.997884043
1403637145.838319063 0.047455306 -0.013917885 0.040314196 -0.003133463 0.062246727 0.018635833 0.997881873
1403637145.888319016 0.047461120 -0.013909153 0.040301575 -0.003138383 0.062284030 0.018613285 0.997879951
1403637145.938319206 0.047437983 -0.013913798 0.040293731 -0.003133968 0.062272730 0.018645340 0.997880071
1403637145.988318920 0.047451102 -0.013914693 0.040281734 -0.003140368 0.062267326 0.018601580 0.997881205
1403637146.038319111 0.047450327 -0.013912726 0.040319911 -0.003139871 0.062250489 0.018641500 0.997881512
1403637146.088319063 0.047466512 -0.013910487 0.040302966 -0.003172966 0.062287053 0.018608590 0.997879740
1403637146.138319016 0.047457678 -0.013909239 0.040303451 -0.003169980 0.062302558 0.018612854 0.997878702
1403637146.188318968 0.047487250 -0.013900444 0.040299436 -0.003166069 0.062334659 0.018462061 0.997879511
1403637146.238319159 0.047650704 -0.013863163 0.040315922 -0.003129475 0.062597507 0.017998745 0.997871637
1403637146.288318872 0.047437102 -0.013961271 0.040299152 -0.003037734 0.062230691 0.018676678 0.997882405
1403637146.338319063 0.047596136 -0.013909232 0.040313837 -0.003095282 0.062417646 0.018133462 0.997880571
1403637146.388319016 0.047449434 -0.013963700 0.040336791 -0.003081468 0.062257695 0.018641507 0.997881244
1403637146.438319206 0.047576685 -0.013871983 0.040297190 -0.003174023 0.062403102 0.018217723 0.997879699
1403637146.488318920 0.047446776 -0.013935610 0.040291635 -0.003134533 0.062287017 0.018664727 0.997878815
1403637146.538319111 0.047552062 -0.013883847 0.040305131 -0.003146668 0.062396521 0.018308561 0.997878534
1403637146.588319063 0.047453077 -0.013919653 0.040292417 -0.003144005 0.062278204 0.018690645 0.997878851
1403637146.638319016 0.047528904 -0.013892043 0.040284933 -0.003134477 0.062383438 0.018364899 0.997878355
1403637146.688318968 0.047461186 -0.013924597 0.040294539 -0.003123053 0.062281280 0.018647340 0.997879534
1403637146.738319159 0.047521405 -0.013883792 0.040302521 -0.003172343 0.062372770 0.018435404 0.997877603
1403637146.788318872 0.047476291 -0.013910588 0.040291041 -0.003120966 0.062299865 0.018565405 0.997879909
1403637146.838319063 0.047495960 -0.013904507 0.040276330 -0.003138724 0.062327083 0.018469002 0.997879942
1403637146.888319016 0.047487532 -0.013904614 0.040284583 -0.003131096 0.062302045 0.018498507 0.997880983
1403637146.938319206 0.047511499 -0.013889143 0.040297923 -0.003157166 0.062335661 0.018443909 0.997879812
1403637146.988318920 0.047535597 -0.013897038 0.040290051 -0.003099484 0.062370731 0.018344308 0.997879638
1403637147.038319111 0.047490077 -0.013901773 0.040283897 -0.003154438 0.062310299 0.018461770 0.997881075
1403637147.088319063 0.047512606 -0.013890689 0.040296124 -0.003158882 0.062350965 0.018410542 0.997879467
1403637147.138319016 0.047515724 -0.013897891 0.040304263 -0.003169911 0.062372496 0.018425225 0.997877815
1403637147.188318968 0.047512972 -0.013900295 0.040280768 -0.003150468 0.062384884 0.018429320 0.997877027
1403637147.238319159 0.047532673 -0.013897443 0.040299676 -0.003135173 0.062403581 0.018392331 0.997876589
1403637147.288318872 0.047524025 -0.013898672 0.040310190 -0.003153869 0.062374607 0.018435799 0.997877539
1403637147.338319063 0.047520350 -0.013901476 0.040295762 -0.003147398 0.062375207 0.018434947 0.997877538
1403637147.388319016 0.047494897 -0.013910823 0.040305363 -0.003143654 0.062329929 0.018481078 0.997879525
1403637147.438319206 0.047531152 -0.013908203 0.040319323 -0.003172610 0.062376291 0.018372076 0.997878550
1403637147.488318920 0.047496866 -0.013882461 0.040270694 -0.003160191 0.062323377 0.018426463 0.997880892
1403637147.538319111 0.047526432 -0.013883884 0.040295236 -0.003138408 0.062337754 0.018328298 0.997881871
1403637147.588319063 0.047495079 -0.013899874 0.040304420 -0.003125515 0.062297691 0.018452754 0.997882120
1403637147.638319016 0.047529738 -0.013887150 0.040281649 -0.003115581 0.062367221 0.018292366 0.997880761
1403637147.688318968 0.047497444 -0.013901923 0.040280027 -0.003121952 0.062312031 0.018402702 0.997882160
1403637147.738319159 0.047520588 -0.013903452 0.040317151 -0.003089817 0.062348367 0.018361798 0.997880744
1403637147.788318872 0.047507695 -0.013893353 0.040273166 -0.003125507 0.062323317 0.018418016 0.997881161
1403637147.838319063 0.047524293 -0.013903645 0.040296799 -0.003104597 0.062359460 0.018366248 0.997879923
1403637147.888319016 0.047510843 -0.013895168 0.040283379 -0.003135296 0.062346571 0.018434162 0.997879380
1403637147.938319206 0.047523388 -0.013890354 0.040288591 -0.003133024 0.062350109 0.018363127 0.997880476
1403637147.988318920 0.047503022 -0.013900129 0.040292701 -0.003110745 0.062331347 0.018447072 0.997880169
1403637148.038319111 0.047514005 -0.013904798 0.040285685 -0.003112985 0.062346716 0.018404252 0.997879993
1403637148.088319063 0.047517214 -0.013915942 0.040287478 -0.003087919 0.062376951 0.018392343 0.997878401
1403637148.138319016 0.047544632 -0.013922285 0.040299865 -0.003066640 0.062411978 0.018336686 0.997877300
1403637148.188318968 0.047532022 -0.013941218 0.040306224 -0.003033003 0.062380473 0.018376619 0.997878639
1403637148.238319159 0.047517117 -0.013915215 0.040247992 -0.003143158 0.062236693 0.018296824 0.997888742
1403637148.288318872 0.047520943 -0.013937437 0.040244478 -0.003066071 0.062239654 0.018312555 0.997888508
1403637148.338319063 0.047516998 -0.013901575 0.040233795 -0.003195871 0.062198726 0.018228782 0.997892187
1403637148.388319016 0.047488787 -0.013925942 0.040244732 -0.003131244 0.062139574 0.018286544 0.997895020
1403637148.438319206 0.047473927 -0.013915715 0.040225451 -0.003153518 0.062018746 0.018237429 0.997903365
1403637148.488318920 0.047471265 -0.013892477 0.040190359 -0.003245626 0.061945064 0.018174102 0.997908802
1403637148.538319111 0.047433527 -0.013887844 0.040217635 -0.003252308 0.061815064 0.018200300 0.997916364
1403637148.588319063 0.047445942 -0.013892070 0.040202144 -0.003316044 0.061676871 0.018100375 0.997926522
1403637148.638319016 0.047443637 -0.013795739 0.040051763 -0.003684654 0.061268735 0.017893821 0.997954095
1403637148.688318968 0.047353748 -0.013843768 0.039982657 -0.003682701 0.060832941 0.017968729 0.997979417
1403637148.738319159 0.047386692 -0.013764474 0.039880385 -0.003932012 0.060621612 0.017641605 0.997997161
1403637148.788318872 0.047302978 -0.013781656 0.039849084 -0.003996118 0.060330615 0.017824994 0.998011281
1403637148.838319063 0.047373256 -0.013750502 0.039773583 -0.004131226 0.060149326 0.017507677 0.998027291
1403637148.888319016 0.047284633 -0.013711044 0.039611648 -0.004412925 0.059615804 0.017533743 0.998057639
1403637148.938319206 0.047324598 -0.013668105 0.039518257 -0.004529864 0.059327712 0.017320358 0.998078007
1403637148.988318920 0.047237243 -0.013697355 0.039437169 -0.004602504 0.058986123 0.017402958 0.998096484
1403637149.038319111 0.047288760 -0.013601343 0.039330848 -0.004856504 0.058790967 0.017005350 0.998113648
1403637149.088319063 0.047217456 -0.013617010 0.039256600 -0.004862905 0.058436023 0.017116401 0.998132562
1403637149.138319016 0.047251747 -0.013598228 0.039203639 -0.005085689 0.058206414 0.017022649 0.998146471
1403637149.188318968 0.047323941 -0.013572025 0.039084350 -0.005187948 0.057934456 0.016780290 0.998165871
1403637149.238319159 0.047300812 -0.013586587 0.038981592 -0.005187621 0.057679356 0.016788421 0.998180509
1403637149.288318872 0.047294847 -0.013567942 0.038859393 -0.005293505 0.057325883 0.016721177 0.998201445
1403637149.338319063 0.047293152 -0.013528045 0.038802123 -0.005448826 0.056961177 0.016551466 0.998224315
1403637149.388319016 0.047355497 -0.013542105 0.038687122 -0.005693082 0.056477901 0.016431220 0.998252398
1403637149.438319206 0.047395631 -0.013480028 0.038417173 -0.005862359 0.055842380 0.016105515 0.998292479
1403637149.488318920 0.047404467 -0.013404205 0.038231023 -0.006301171 0.055094145 0.015731559 0.998337342
1403637149.538319111 0.047473244 -0.013291875 0.038069355 -0.006883603 0.054557417 0.015133979 0.998372209
1403637149.588319063 0.047598674 -0.013018311 0.037791056 -0.009045850 0.052683184 0.013606727 0.998477597
1403637149.638319016 0.047741292 -0.012408473 0.036930710 -0.013738423 0.048920215 0.011093374 0.998646587
1403637149.688318968 0.047684791 -0.011699746 0.035630668 -0.017605337 0.043506557 0.007930763 0.998866525
1403637149.738319159 0.048406149 -0.011173490 0.034757948 -0.019190272 0.040931365 0.006186897 0.998958497
1403637149.788318872 0.049169065 -0.010877560 0.034188966 -0.023131363 0.038705449 0.006611399 0.998961019
1403637149.838319063 0.050142480 -0.010992842 0.033505069 -0.028348544 0.037107650 0.006043858 0.998890812
1403637149.888319016 0.052521191 -0.010934380 0.032367442 -0.036965370 0.036441851 0.007275389 0.998625366
1403637149.938319206 0.056414403 -0.010982281 0.031118225 -0.045901021 0.037368834 0.004546490 0.998236443
1403637149.988318920 0.061368427 -0.011788916 0.029387175 -0.056704856 0.038743122 -0.000075081 0.997638975
1403637150.038319111 0.067776948 -0.014757456 0.027842260 -0.066473060 0.041652290 -0.007110525 0.996893103
1403637150.088319063 0.075296941 -0.019997702 0.026628541 -0.075204127 0.045078493 -0.012548066 0.996069684
1403637150.138319016 0.083671184 -0.027681296 0.026962997 -0.080804627 0.048498645 -0.017343435 0.995398261
1403637150.188318968 0.092335452 -0.038308451 0.028470543 -0.082187156 0.051879548 -0.020353151 0.995057553
1403637150.238319159 0.101115567 -0.050889483 0.032147225 -0.081068850 0.054871645 -0.021932087 0.994955239
1403637150.288318872 0.109896287 -0.065963874 0.037027723 -0.077014181 0.057352591 -0.022031397 0.995135224
1403637150.338319063 0.118371849 -0.081810545 0.042540500 -0.072527131 0.059816205 -0.021808223 0.995332225
1403637150.388319016 0.126297169 -0.099731473 0.049669421 -0.063880198 0.061312861 -0.019403374 0.995883308
1403637150.438319206 0.133361643 -0.113583780 0.064519194 -0.056682740 0.062847314 -0.017582141 0.996257070
1403637150.488318920 0.142331922 -0.132293256 0.074511580 -0.052233248 0.064756316 -0.017238199 0.996384038
1403637150.538319111 0.153165252 -0.153198333 0.084927641 -0.049362017 0.066457320 -0.016665738 0.996428155
1403637150.588319063 0.159612973 -0.169466989 0.092563254 -0.048172492 0.068119300 -0.016329237 0.996379711
1403637150.638319016 0.168739514 -0.181803541 0.103599039 -0.046240525 0.069354116 -0.015603698 0.996397684
1403637150.688318968 0.177629904 -0.198129711 0.114018957 -0.045749008 0.070483998 -0.015327610 0.996345371
1403637150.738319159 0.187829105 -0.215441656 0.121691838 -0.045797069 0.071536625 -0.016044219 0.996256856
1403637150.788318872 0.196363905 -0.230286915 0.132950811 -0.045218910 0.072421731 -0.016344121 0.996214441
1403637150.838319063 0.204130713 -0.245953186 0.143826736 -0.043646214 0.073579905 -0.017223879 0.996184894
1403637150.888319016 0.212170485 -0.262101815 0.157088335 -0.039847071 0.074185180 -0.018046998 0.996284636
1403637150.938319206 0.220071110 -0.276253799 0.168944155 -0.035850283 0.074386024 -0.018400815 0.996415017
1403637150.988318920 0.229209773 -0.293716794 0.178058881 -0.032206710 0.074495440 -0.019136715 0.996517407
1403637151.038319111 0.236200244 -0.306259613 0.189376081 -0.028898539 0.074225881 -0.019528697 0.996631338
1403637151.088319063 0.244748393 -0.317097275 0.202033642 -0.025158416 0.073828911 -0.020425757 0.996744267
1403637151.138319016 0.250888343 -0.325826071 0.214878926 -0.020803745 0.073345926 -0.021237590 0.996863353
1403637151.188318968 0.256856732 -0.334692847 0.225752747 -0.019744300 0.072577349 -0.021669775 0.996931849
1403637151.238319159 0.262716356 -0.346386378 0.233910289 -0.022658508 0.071836049 -0.021411477 0.996929146
1403637151.288318872 0.267030273 -0.356799804 0.241850416 -0.026134073 0.070445779 -0.019726718 0.996978064
1403637151.338319063 0.271115760 -0.370417931 0.248091767 -0.030444076 0.068443655 -0.015992496 0.997062117
1403637151.388319016 0.275329169 -0.386345313 0.253185975 -0.034276334 0.065888233 -0.010222578 0.997185726
1403637151.438319206 0.279289276 -0.403633785 0.256358624 -0.037171855 0.064142593 -0.005454779 0.997233286
1403637151.488318920 0.284801209 -0.421842734 0.259773766 -0.039105209 0.064178478 -0.007465708 0.997144006
1403637151.538319111 0.290888520 -0.440109871 0.263317878 -0.040192354 0.063921810 -0.008456768 0.997109352
1403637151.588319063 0.297028103 -0.455763425 0.268029966 -0.040448605 0.064182696 -0.010319629 0.997064691
1403637151.638319016 0.304202767 -0.470543938 0.272627793 -0.040675736 0.064168148 -0.012246177 0.997034585
1403637151.688318968 0.311325025 -0.486675481 0.276470220 -0.040332714 0.064222243 -0.013976985 0.997022276
1403637151.738319159 0.318494826 -0.499790834 0.279813063 -0.041047041 0.064247255 -0.014816638 0.996979387
1403637151.788318872 0.326539034 -0.511859928 0.284664723 -0.041358327 0.064044675 -0.015587201 0.996967807
1403637151.838319063 0.333528034 -0.522397664 0.289752914 -0.041388157 0.063909252 -0.016367102 0.996962761
1403637151.888319016 0.341546784 -0.531838265 0.295829721 -0.041275285 0.064056733 -0.017480619 0.996939072
1403637151.938319206 0.348269504 -0.539925800 0.303716994 -0.041576550 0.064291455 -0.018295895 0.996896815
1403637151.988318920 0.355682054 -0.549296489 0.309285201 -0.041620272 0.063899210 -0.018211228 0.996921760
1403637152.038319111 0.363186898 -0.559581152 0.314320324 -0.041826044 0.063460931 -0.017757394 0.996949330
1403637152.088319063 0.370444531 -0.571514201 0.319741067 -0.042346565 0.062882635 -0.016853949 0.996979682
1403637152.138319016 0.377135524 -0.584828761 0.324804096 -0.043210878 0.062563236 -0.016068001 0.996975667
1403637152.188318968 0.383539280 -0.599242966 0.332031839 -0.044211477 0.062500602 -0.015393153 0.996946373
1403637152.238319159 0.390960195 -0.611114106 0.337733512 -0.045089489 0.062065327 -0.014201416 0.996951931
1403637152.288318872 0.398816544 -0.620702804 0.344310412 -0.045782290 0.061975894 -0.013920535 0.996929882
1403637152.338319063 0.406651343 -0.629220865 0.351829925 -0.046889739 0.061436718 -0.012190930 0.996934433
1403637152.388319016 0.414904564 -0.636371075 0.360134582 -0.046529879 0.061448700 -0.012992548 0.996940430
1403637152.438319206 0.423943198 -0.642094089 0.368648110 -0.046953334 0.061363790 -0.012906222 0.996926928
1403637152.488318920 0.432919000 -0.646112696 0.378188960 -0.047172070 0.061390070 -0.013675157 0.996904732
1403637152.538319111 0.442426672 -0.648803510 0.388212238 -0.046846201 0.061127289 -0.013515440 0.996938424
1403637152.588319063 0.452093749 -0.650369313 0.398318729 -0.047345600 0.061419845 -0.014192365 0.996887443
1403637152.638319016 0.460891529 -0.651076455 0.410369103 -0.046417952 0.061469223 -0.014332251 0.996926023
1403637152.688318968 0.470699788 -0.651905888 0.421635794 -0.045683904 0.061473392 -0.014156720 0.996962181
1403637152.738319159 0.480976817 -0.653664443 0.432418808 -0.043832611 0.061320363 -0.013766132 0.997060183
1403637152.788318872 0.491019101 -0.656540194 0.444115211 -0.041142413 0.060249088 -0.011488201 0.997268956
1403637152.838319063 0.501467067 -0.662170812 0.454346949 -0.038656278 0.060025624 -0.010764584 0.997389964
1403637152.888319016 0.512510500 -0.668618840 0.464363422 -0.036419308 0.059612667 -0.010598258 0.997500697
1403637152.938319206 0.523400183 -0.675762627 0.474328200 -0.034549193 0.059552277 -0.011834125 0.997556932
1403637152.988318920 0.534305417 -0.684774866 0.482930848 -0.034326934 0.059610400 -0.012494423 0.997553082
1403637153.038319111 0.545313255 -0.694123378 0.491378114 -0.033775970 0.059562843 -0.013239413 0.997565120
1403637153.088319063 0.556582993 -0.702785784 0.499434319 -0.034511421 0.060273375 -0.014333510 0.997482146
1403637153.138319016 0.568572219 -0.710634635 0.507596872 -0.035511490 0.060513451 -0.015046239 0.997422010
1403637153.188318968 0.580392268 -0.716843557 0.515423401 -0.036894529 0.060729124 -0.015306042 0.997354747
1403637153.238319159 0.592517628 -0.722146116 0.523015682 -0.038017859 0.061389577 -0.016889928 0.997246556
1403637153.288318872 0.604260610 -0.725331931 0.532384447 -0.038501422 0.061785909 -0.017872243 0.997186404
1403637153.338319063 0.615635227 -0.728775364 0.541592190 -0.038531204 0.062185908 -0.018858073 0.997142233
1403637153.388319016 0.627477697 -0.732072732 0.549327460 -0.039274274 0.062782056 -0.020045325 0.997052722
1403637153.438319206 0.638078032 -0.735431629 0.558850064 -0.040366805 0.062982174 -0.020635007 0.996984435
1403637153.488318920 0.651301644 -0.742214748 0.565531182 -0.042277164 0.063437650 -0.021789037 0.996851816
1403637153.538319111 0.662054294 -0.749016560 0.573484321 -0.044782908 0.063763132 -0.022022434 0.996716493
1403637153.588319063 0.671171671 -0.756516063 0.582119117 -0.046059584 0.063564533 -0.021042680 0.996692164
1403637153.638319016 0.680353120 -0.766098335 0.590219367 -0.046605715 0.063730029 -0.021518173 0.996646055
1403637153.688318968 0.689595086 -0.778290804 0.597839442 -0.045245203 0.063402597 -0.021162129 0.996737251
1403637153.738319159 0.699227821 -0.791449378 0.605259475 -0.044243899 0.063737855 -0.021843165 0.996746126
1403637153.788318872 0.708436196 -0.804885242 0.612776320 -0.041538642 0.063645701 -0.021622570 0.996873227
1403637153.838319063 0.717186621 -0.817437628 0.620570412 -0.039853687 0.063133356 -0.020233662 0.997003742
1403637153.888319016 0.725727343 -0.827635676 0.628784344 -0.039012442 0.063503869 -0.020655417 0.997004835
1403637153.938319206 0.733872388 -0.836000653 0.637670507 -0.037338587 0.063772644 -0.021120826 0.997042020
1403637153.988318920 0.741788108 -0.843056865 0.646748640 -0.036558153 0.063509283 -0.020205957 0.997106710
1403637154.038319111 0.749660092 -0.847683341 0.655881154 -0.037244417 0.063528601 -0.020120228 0.997081815
1403637154.088319063 0.758183823 -0.850214292 0.664699067 -0.039219897 0.062879133 -0.018181008 0.997084483
1403637154.138319016 0.765449473 -0.850059809 0.674899423 -0.043561527 0.061572602 -0.013832860 0.997055595
1403637154.188318968 0.772796666 -0.848931422 0.684948599 -0.049510656 0.059241026 -0.005341268 0.997000836
1403637154.238319159 0.781343341 -0.847431655 0.696181409 -0.053759815 0.057026554 0.002911191 0.996919946
1403637154.288318872 0.790081248 -0.844489286 0.708521266 -0.057665222 0.055473388 0.009205262 0.996751066
1403637154.338319063 0.801755455 -0.841561389 0.720710561 -0.059400666 0.054688435 0.012249938 0.996659759
1403637154.388319016 0.814531758 -0.839747441 0.733629746 -0.058958974 0.055911377 0.009479580 0.996648331
1403637154.438319206 0.828920800 -0.835783609 0.748764152 -0.055015868 0.057531320 0.005386484 0.996812112
1403637154.488318920 0.844375665 -0.830928653 0.765142161 -0.050217972 0.059244338 0.000991177 0.996979078
1403637154.538319111 0.860955868 -0.826911812 0.780684380 -0.047190347 0.061081694 -0.003001088 0.997012082
1403637154.588319063 0.878178538 -0.822368874 0.796379617 -0.046249548 0.063495393 -0.007403831 0.996882389
1403637154.638319016 0.895682405 -0.819219013 0.812529530 -0.047864845 0.066382339 -0.012533601 0.996566732
1403637154.688318968 0.914922111 -0.815018732 0.826711350 -0.051994663 0.069578083 -0.017786581 0.996061787
1403637154.738319159 0.933327079 -0.812446788 0.843541741 -0.055841527 0.073501902 -0.020831195 0.995512559
1403637154.788318872 0.951253421 -0.811056155 0.858429214 -0.059395124 0.079043290 -0.021519326 0.994867477
1403637154.838319063 0.968754563 -0.810610835 0.876034972 -0.062671817 0.085184370 -0.019624939 0.994198536
1403637154.888319016 0.983568533 -0.811650880 0.896917854 -0.063781519 0.090789384 -0.016743093 0.993684494
1403637154.938319206 0.999613686 -0.813875907 0.915888491 -0.066999718 0.095978705 -0.015085989 0.993011349
1403637154.988318920 1.016502688 -0.819259445 0.935994482 -0.066249994 0.100365992 -0.011386817 0.992677161
1403637155.038319111 1.032814684 -0.826704284 0.955830427 -0.064781555 0.105985476 -0.009973419 0.992205100
1403637155.088319063 1.048058611 -0.837361588 0.977419051 -0.062804075 0.112239920 -0.006122999 0.991675530
1403637155.138319016 1.063299938 -0.849657352 1.001067825 -0.056678481 0.119292882 -0.003280414 0.991234582
1403637155.188318968 1.078628228 -0.863896407 1.023080818 -0.052657108 0.124873617 0.000226543 0.990774322
1403637155.238319159 1.094215704 -0.878341768 1.045657945 -0.048398851 0.129596326 0.001050231 0.990384390
1403637155.288318872 1.106919083 -0.896753874 1.071223111 -0.045038954 0.132866731 0.002171341 0.990107676
1403637155.338319063 1.121774827 -0.915230555 1.093141742 -0.041005063 0.136287345 0.002868951 0.989816202
1403637155.388319016 1.134640733 -0.931357756 1.112979847 -0.037107657 0.140867845 0.005135879 0.989319410
1403637155.438319206 1.148873504 -0.947759127 1.138239783 -0.034483370 0.147163337 0.007582644 0.988481843
1403637155.488318920 1.163445784 -0.961287066 1.161262863 -0.031239008 0.154515150 0.010772401 0.987437668
1403637155.538319111 1.178383857 -0.971941866 1.184544610 -0.029609629 0.161179755 0.014759750 0.986370370
1403637155.588319063 1.193462578 -0.981490297 1.209124277 -0.028675758 0.166781101 0.019628207 0.985381398
1403637155.638319016 1.209189110 -0.989981813 1.231009261 -0.027848988 0.171072048 0.025435086 0.984536360
1403637155.688318968 1.222422146 -0.993650733 1.254915362 -0.028221323 0.175415564 0.030979470 0.983602160
1403637155.738319159 1.237473187 -0.997531361 1.278237160 -0.027364417 0.180964604 0.035566229 0.982465289
1403637155.788318872 1.253236756 -1.000103154 1.301720369 -0.027330503 0.187467852 0.041193324 0.981025972
1403637155.838319063 1.269790099 -1.001795262 1.324065792 -0.026390499 0.195413200 0.046575643 0.979258869
1403637155.888319016 1.288793834 -1.001656875 1.344445510 -0.028669580 0.205031360 0.050796540 0.977015818
1403637155.938319206 1.308547691 -1.000268309 1.366409926 -0.031445462 0.215613042 0.054335832 0.974458730
1403637155.988318920 1.328924912 -0.998084622 1.385563184 -0.031628329 0.226788892 0.058025082 0.971699304
1403637156.038319111 1.350298444 -0.995556373 1.407219751 -0.029668844 0.237720928 0.062759805 0.968849693
1403637156.088319063 1.372793990 -0.993347288 1.421411796 -0.026992108 0.248369328 0.068317152 0.965876219
1403637156.138319016 1.398109588 -0.991105709 1.439006864 -0.024032473 0.259579789 0.073410456 0.962627487
1403637156.188318968 1.423939742 -0.988760975 1.455615446 -0.021990342 0.271226060 0.079181328 0.959001129
1403637156.238319159 1.449798132 -0.985537110 1.472150116 -0.019577863 0.283185887 0.085137896 0.955078007
1403637156.288318872 1.478463499 -0.982479756 1.485015979 -0.018318385 0.295601572 0.089958840 0.950889875
1403637156.338319063 1.506563490 -0.979702104 1.497712271 -0.016997441 0.307848779 0.095998262 0.946427256
1403637156.388319016 1.535669192 -0.977291492 1.509714877 -0.016651643 0.320938828 0.100458368 0.941609849
1403637156.438319206 1.566595345 -0.972045784 1.521284072 -0.016210295 0.333790868 0.105316119 0.936605252
1403637156.488318920 1.598392503 -0.966923465 1.531729328 -0.015002118 0.346705384 0.109435403 0.931447371
1403637156.538319111 1.630853220 -0.961814261 1.539379904 -0.012968421 0.359562265 0.112779583 0.926189809
1403637156.588319063 1.660882726 -0.957295975 1.545662503 -0.012657253 0.372281522 0.115710928 0.920791639
1403637156.638319016 1.696889978 -0.948914651 1.550599553 -0.011162223 0.385121469 0.118099784 0.915209976
1403637156.688318968 1.732432987 -0.940038266 1.555365310 -0.010897092 0.397678806 0.120248480 0.909545559
1403637156.738319159 1.765711821 -0.930096329 1.559316605 -0.010269970 0.409841634 0.121482591 0.903972534
1403637156.788318872 1.801531578 -0.917250436 1.563003252 -0.012890219 0.420180573 0.122211800 0.899080866
1403637156.838319063 1.839290928 -0.905287510 1.561060009 -0.017232721 0.428846278 0.121915129 0.894947263
1403637156.888319016 1.870153434 -0.890922625 1.566200916 -0.021510234 0.436205112 0.122148606 0.891258733
1403637156.938319206 1.903053706 -0.873449363 1.570399667 -0.025778958 0.442356366 0.120274039 0.888363916
1403637156.988318920 1.935953941 -0.855887937 1.574562512 -0.029962804 0.446609653 0.120475941 0.886074261
1403637157.038319111 1.971259024 -0.837304194 1.577664044 -0.033016201 0.449151397 0.121420141 0.884550791
1403637157.088319063 2.006814948 -0.817743048 1.581987596 -0.034668812 0.450390018 0.123146233 0.883618646
1403637157.138319016 2.045435496 -0.798813353 1.584142902 -0.035030486 0.450585434 0.125632358 0.883154654
1403637157.188318968 2.080322063 -0.783232781 1.585770596 -0.034669761 0.450109152 0.127570121 0.883133978
1403637157.238319159 2.117939438 -0.767788905 1.588161411 -0.033788673 0.449590997 0.129147941 0.883202735
1403637157.288318872 2.155299058 -0.755861693 1.590130994 -0.032560667 0.448521697 0.130803359 0.883548851
1403637157.338319063 2.193765560 -0.746719331 1.590465390 -0.030931261 0.446881465 0.132757186 0.884146901
1403637157.388319016 2.232007599 -0.740344048 1.589805874 -0.029223416 0.444698991 0.136167985 0.884786459
1403637157.438319206 2.271185518 -0.734453968 1.589162899 -0.027123481 0.442109571 0.140281014 0.885508149
1403637157.488318920 2.311460132 -0.731421199 1.586149878 -0.025805726 0.439478990 0.143124504 0.886401522
1403637157.538319111 2.352678208 -0.729340768 1.581816375 -0.024501396 0.437060295 0.145562065 0.887237096
1403637157.588319063 2.398454818 -0.728310492 1.575891230 -0.023377328 0.434955038 0.146657907 0.888121092
1403637157.638319016 2.444585934 -0.728581886 1.566882099 -0.023549331 0.433332350 0.146574999 0.888923097
1403637157.688318968 2.492347555 -0.730668372 1.556397323 -0.023509846 0.431820102 0.146692241 0.889640418
1403637157.738319159 2.539048241 -0.733446971 1.545329170 -0.023515510 0.430509613 0.146755226 0.890264791
1403637157.788318872 2.588641967 -0.737526639 1.534743116 -0.020688128 0.430645943 0.143693283 0.890768384
1403637157.838319063 2.643263181 -0.740914586 1.520417748 -0.018345942 0.431204863 0.139151187 0.891270296
1403637157.888319016 2.694962665 -0.743325943 1.505904365 -0.016177102 0.431931428 0.135652083 0.891499891
1403637157.938319206 2.744236854 -0.741655477 1.492079710 -0.014084429 0.433234592 0.130824303 0.891624595
1403637157.988318920 2.796022900 -0.740454919 1.476962007 -0.013914599 0.434495647 0.126538204 0.891632211
1403637158.038319111 2.848012331 -0.738162217 1.460271731 -0.014213555 0.436077701 0.120873563 0.891641069
1403637158.088319063 2.902605101 -0.736238182 1.443372481 -0.014967482 0.437548183 0.116470353 0.891494374
1403637158.138319016 2.959063926 -0.735114185 1.424138092 -0.014843416 0.437860565 0.114519322 0.891595830
1403637158.188318968 3.009651150 -0.733374578 1.407308250 -0.015121738 0.438621715 0.112237384 0.891507203
1403637158.238319159 3.059839639 -0.735930922 1.388787438 -0.013435088 0.439547216 0.111974846 0.891111316
1403637158.288318872 3.111318255 -0.739704404 1.368510360 -0.014049738 0.441454137 0.112366204 0.890109368
1403637158.338319063 3.159018209 -0.742528804 1.346586310 -0.013664445 0.445100736 0.113104903 0.888203748
1403637158.388319016 3.212094855 -0.744103739 1.322029776 -0.012200541 0.449356423 0.116032248 0.885701117
1403637158.438319206 3.262515181 -0.748368604 1.298040630 -0.011132871 0.455310667 0.118785213 0.882302855
1403637158.488318920 3.313292350 -0.749503139 1.274382882 -0.008760208 0.461859169 0.122796812 0.878367981
1403637158.538319111 3.366182937 -0.749460007 1.249545843 -0.006030353 0.468839241 0.128190931 0.873911029
1403637158.588319063 3.415476337 -0.747776313 1.227132048 -0.003107853 0.476409267 0.135261880 0.868751273
1403637158.638319016 3.466519643 -0.744875137 1.200256284 -0.000635483 0.484408499 0.142109631 0.863222367
1403637158.688318968 3.517128092 -0.740978427 1.173004549 0.001426782 0.493790568 0.147237140 0.857023957
1403637158.738319159 3.571614882 -0.733788124 1.144567996 0.002133016 0.503404618 0.151527772 0.850657731
1403637158.788318872 3.624257716 -0.724652530 1.114063292 0.001391134 0.512060724 0.154965693 0.844853546
1403637158.838319063 3.675535319 -0.712212480 1.085838389 -0.002114060 0.519715629 0.157422730 0.839707854
1403637158.888319016 3.727710094 -0.699988145 1.055258128 -0.003766553 0.525517158 0.159876258 0.835617803
1403637158.938319206 3.778414721 -0.690124693 1.022785901 -0.007992159 0.531671205 0.158053934 0.832034139
1403637158.988318920 3.828107953 -0.679700098 0.990470122 -0.012367927 0.536250598 0.157581167 0.829126351
1403637159.038319111 3.878521161 -0.671009119 0.955362894 -0.016225801 0.540069840 0.156352456 0.826810257
1403637159.088319063 3.931711667 -0.666320077 0.917585500 -0.017636711 0.542034266 0.156579140 0.825451861
1403637159.138319016 3.980747558 -0.660937703 0.882946579 -0.016815460 0.542975201 0.158219112 0.824537376
1403637159.188318968 4.029061474 -0.652357762 0.848952222 -0.013886476 0.542809750 0.161260429 0.824111531
1403637159.238319159 4.078363906 -0.643509235 0.815301623 -0.011221478 0.542111463 0.164229528 0.824025425
1403637159.288318872 4.127910799 -0.633788203 0.780987965 -0.009389505 0.540971793 0.166857450 0.824269342
1403637159.338319063 4.180500351 -0.621238408 0.744377326 -0.008170792 0.539690270 0.168750683 0.824736841
1403637159.388319016 4.230434698 -0.609004010 0.708744247 -0.007740623 0.538493777 0.169993040 0.825267776
1403637159.438319206 4.281807782 -0.595598316 0.670792113 -0.008167826 0.537615099 0.169004728 0.826039160
1403637159.488318920 4.334463841 -0.581137978 0.633085689 -0.007761053 0.536349100 0.168713958 0.826925033
1403637159.538319111 4.390892473 -0.562135366 0.593234270 -0.011507697 0.536313348 0.164696332 0.827714132
1403637159.588319063 4.443113756 -0.543667900 0.555147090 -0.015003616 0.536234545 0.161844188 0.828271612
1403637159.638319016 4.495344622 -0.526106846 0.516346717 -0.018966607 0.536466316 0.158350713 0.828715398
1403637159.688318968 4.551813492 -0.508650878 0.477074482 -0.021112593 0.536326839 0.155278878 0.829334824
1403637159.738319159 4.606452192 -0.493862196 0.436862777 -0.023228100 0.536649398 0.151931357 0.829689546
1403637159.788318872 4.659773656 -0.480822687 0.396719999 -0.023613713 0.536672515 0.150012846 0.830012741
1403637159.838319063 4.714021195 -0.469803677 0.355413880 -0.023831325 0.537796082 0.148131587 0.829617065
1403637159.888319016 4.769682090 -0.458993638 0.312755833 -0.024864316 0.540576183 0.146992162 0.827980954
1403637159.938319206 4.825099557 -0.450775757 0.271598992 -0.025170177 0.544853061 0.150034501 0.824615821
1403637159.988318920 4.879846354 -0.440310380 0.231470468 -0.025820574 0.551120570 0.152370984 0.819989328
1403637160.038319111 4.935848977 -0.428050820 0.193411245 -0.022508317 0.558765731 0.154850928 0.814429508
1403637160.088319063 4.993305485 -0.414956198 0.151660032 -0.017565479 0.566526741 0.157576716 0.808646081
1403637160.138319016 5.048365458 -0.405040060 0.110528154 -0.012305893 0.575055348 0.161112435 0.801999186
1403637160.188318968 5.105793714 -0.392941063 0.070374755 -0.008895536 0.584783597 0.163970148 0.794394615
1403637160.238319159 5.162601398 -0.378500311 0.035686798 -0.007511218 0.595830073 0.166220061 0.785685050
1403637160.288318872 5.218122125 -0.362128244 -0.005906474 -0.005420278 0.606293735 0.169977162 0.776843801
1403637160.338319063 5.273964843 -0.343998514 -0.043071615 -0.004814961 0.618082986 0.172747548 0.766882340
1403637160.388319016 5.330950595 -0.326474530 -0.081431607 -0.003796013 0.629848072 0.177377239 0.756184046
1403637160.438319206 5.387526358 -0.308037385 -0.120801869 -0.004627206 0.642240966 0.180671249 0.744891287
1403637160.488318920 5.438206278 -0.287776593 -0.157900359 -0.006575620 0.655144429 0.183384339 0.732879746
1403637160.538319111 5.493296194 -0.266303088 -0.199083052 -0.009903264 0.667589364 0.186640970 0.720688223
1403637160.588319063 5.546031258 -0.243639392 -0.238465040 -0.011082158 0.679648630 0.189784643 0.708474922
1403637160.638319016 5.598138646 -0.222044245 -0.277245292 -0.014043683 0.691239409 0.192681055 0.696322386
1403637160.688318968 5.648201806 -0.197375021 -0.316894753 -0.016052595 0.700179195 0.196746377 0.686135754
1403637160.738319159 5.694478376 -0.163278289 -0.367808805 -0.017878771 0.706413411 0.200641602 0.678530316
1403637160.788318872 5.746064251 -0.143598136 -0.399743342 -0.021160464 0.712723942 0.203161564 0.671045599
1403637160.838319063 5.797478149 -0.125433006 -0.431236692 -0.022156119 0.717659855 0.205315215 0.665070749
1403637160.888319016 5.845059365 -0.108983134 -0.474698066 -0.022468617 0.720528741 0.208080408 0.661087013
1403637160.938319206 5.897963311 -0.097330508 -0.508868082 -0.023699991 0.722716806 0.211605055 0.657527209
1403637160.988318920 5.951276766 -0.089178986 -0.542164243 -0.023023270 0.723857286 0.215562886 0.655006261
1403637161.038319111 6.005211611 -0.084972305 -0.575033106 -0.021290947 0.724117065 0.220122877 0.653258824
1403637161.088319063 6.056738289 -0.085647263 -0.609101395 -0.017823882 0.724158238 0.223846436 0.652050557
1403637161.138319016 6.111116588 -0.089634688 -0.644083542 -0.012256488 0.723707401 0.227693763 0.651347009
1403637161.188318968 6.166772285 -0.094157189 -0.680202535 -0.003585976 0.722454207 0.232660244 0.651088527
1403637161.238319159 6.223351518 -0.102471022 -0.717812831 0.006839068 0.721497325 0.235635835 0.651053447
1403637161.288318872 6.280331630 -0.114746842 -0.751087266 0.014903851 0.720212295 0.239542594 0.650915870
1403637161.338319063 6.336975624 -0.129688658 -0.790211352 0.019613295 0.719549952 0.241185066 0.650917006
1403637161.388319016 6.390566245 -0.136417800 -0.837553163 0.019722728 0.719662167 0.239769700 0.651312421
1403637161.438319206 6.441203254 -0.140754707 -0.891133059 0.016283829 0.721123825 0.236708337 0.650910462
1403637161.488318920 6.494766953 -0.149596193 -0.942165991 0.014143200 0.723499637 0.234722776 0.649040417
1403637161.538319111 6.546627925 -0.157093508 -0.998163407 0.010661679 0.726416617 0.234666221 0.645861434
1403637161.588319063 6.598644910 -0.164933558 -1.059561691 0.009709361 0.730087558 0.234488612 0.641788888
1403637161.638319016 6.653418192 -0.171569263 -1.112835388 0.008673131 0.734428706 0.234272429 0.636911047
1403637161.688318968 6.706394264 -0.176545661 -1.163370332 0.009726305 0.739356481 0.232076793 0.631979237
1403637161.738319159 6.757704773 -0.179154415 -1.224827800 0.011472665 0.743840590 0.227969907 0.628171375
1403637161.788318872 6.809766742 -0.181676469 -1.279294468 0.013769633 0.749497960 0.220245939 0.624143358
1403637161.838319063 6.862482486 -0.182997697 -1.333576649 0.018079351 0.755398055 0.211424299 0.619956999
1403637161.888319016 6.913122555 -0.185674285 -1.390956867 0.021486506 0.761014496 0.202780484 0.615853344
1403637161.938319206 6.961803610 -0.184970232 -1.446389876 0.027082304 0.765775317 0.194928070 0.612256287
1403637161.988318920 7.007403316 -0.182411520 -1.500192192 0.031207392 0.769854278 0.187595062 0.609227857
1403637162.038319111 7.049049091 -0.180423641 -1.559311846 0.034887970 0.772779980 0.182074961 0.606994762
1403637162.088319063 7.088004470 -0.174809978 -1.615243029 0.037400530 0.774737438 0.179438222 0.605132239
1403637162.138319016 7.125848081 -0.168096833 -1.668553362 0.040575417 0.775505278 0.179319171 0.603978339
1403637162.188318968 7.159907022 -0.159898802 -1.720838316 0.043686631 0.774557347 0.183787238 0.603634530
1403637162.238319159 7.190103705 -0.150357941 -1.769882228 0.045962141 0.772734098 0.190587507 0.603693547
1403637162.288318872 7.217496317 -0.136657770 -1.818213274 0.047760338 0.770786160 0.196684187 0.604088550
1403637162.338319063 7.241953970 -0.121167019 -1.868013057 0.047846485 0.769057384 0.201634933 0.604652633
1403637162.388319016 7.263768597 -0.103599293 -1.913718485 0.049406746 0.767016864 0.207102229 0.605270824
1403637162.438319206 7.281993121 -0.083753281 -1.958417918 0.050579925 0.764531002 0.213928433 0.605944423
1403637162.488318920 7.297956676 -0.066621646 -2.007981437 0.044211655 0.762111772 0.221507711 0.606766273
1403637162.538319111 7.311175457 -0.046874256 -2.057893549 0.036137250 0.760833241 0.225874665 0.607295244
1403637162.588319063 7.322703949 -0.027164547 -2.109929016 0.030886508 0.760777280 0.225973660 0.607618185
1403637162.638319016 7.333413203 -0.014232805 -2.167852935 0.028369700 0.762037932 0.221286374 0.607886248
1403637162.688318968 7.344021930 -0.003971553 -2.227340476 0.033219561 0.764240025 0.214649654 0.607255441
1403637162.738319159 7.351541638 0.008123194 -2.286416051 0.043085915 0.767509572 0.207801363 0.604889456
1403637162.788318872 7.357949070 0.019441371 -2.346422598 0.051129473 0.771822105 0.203262568 0.600300544
1403637162.838319063 7.360653577 0.036406839 -2.406291485 0.053456157 0.777252969 0.201163752 0.593762079
1403637162.888319016 7.362978780 0.052997605 -2.465018601 0.054835259 0.783837203 0.199885850 0.585352869
1403637162.938319206 7.360751011 0.071225567 -2.524227216 0.053385154 0.791586621 0.198787146 0.575347129
1403637162.988318920 7.357510589 0.091425153 -2.584774549 0.050494556 0.799770406 0.198799054 0.564177750
1403637163.038319111 7.351578176 0.111762093 -2.639266720 0.047734886 0.808745260 0.199536998 0.551214542
1403637163.088319063 7.342250725 0.134964782 -2.696049580 0.045076454 0.818187613 0.200664144 0.536908786
1403637163.138319016 7.327920128 0.157984888 -2.749435454 0.042021683 0.828320977 0.201207335 0.521185328
1403637163.188318968 7.314644128 0.182849222 -2.808324474 0.039984574 0.837902248 0.203198517 0.505006356
1403637163.238319159 7.299216161 0.207258216 -2.865306301 0.038232340 0.847583689 0.204351985 0.488242198
1403637163.288318872 7.279825804 0.232348446 -2.918281152 0.037480623 0.856512832 0.206044548 0.471727268
1403637163.338319063 7.260283573 0.258046389 -2.972441911 0.038503631 0.864229765 0.209105931 0.455959530
1403637163.388319016 7.235583680 0.286323647 -3.021090419 0.040980536 0.870851407 0.213386822 0.440913243
1403637163.438319206 7.208704817 0.314325937 -3.068779578 0.043498080 0.876387648 0.219094688 0.426673324
1403637163.488318920 7.182312247 0.340236317 -3.112543287 0.046625326 0.880654551 0.226240009 0.413629181
1403637163.538319111 7.149718428 0.370933937 -3.160108730 0.048426458 0.883362857 0.234237507 0.403060457
1403637163.588319063 7.118630478 0.397561442 -3.200872168 0.050669056 0.884781452 0.244224550 0.393635363
1403637163.638319016 7.083692223 0.422118900 -3.244268935 0.050499750 0.885067495 0.255424141 0.385828734
1403637163.688318968 7.046586949 0.444886100 -3.288392693 0.051855367 0.884931692 0.264104163 0.380073562
1403637163.738319159 7.005607691 0.467691846 -3.332830621 0.053833637 0.883957257 0.273320078 0.375523159
1403637163.788318872 6.965585419 0.483031558 -3.378685380 0.054568517 0.883737636 0.279159775 0.371617933
1403637163.838319063 6.923394134 0.497367861 -3.424988945 0.057297015 0.882959363 0.284577416 0.368938356
1403637163.888319016 6.879308663 0.511065371 -3.472304028 0.062069935 0.882299536 0.288092092 0.367011988
1403637163.938319206 6.832008650 0.521958241 -3.524784151 0.066394294 0.882336036 0.288608919 0.365759222
1403637163.988318920 6.783492536 0.530578268 -3.578452981 0.069605273 0.882711587 0.288018670 0.364719899
1403637164.038319111 6.733153126 0.540048961 -3.632050112 0.070272500 0.883240243 0.286585570 0.364440886
1403637164.088319063 6.678575971 0.545307736 -3.693118632 0.070581384 0.884029981 0.283763833 0.364674303
1403637164.138319016 6.622630536 0.549596858 -3.754270483 0.069916599 0.884764416 0.280708843 0.365384925
1403637164.188318968 6.566304761 0.556989647 -3.814851590 0.068317441 0.885771956 0.276666188 0.366328526
1403637164.238319159 6.504649351 0.563231336 -3.877213216 0.064977669 0.886291719 0.274030271 0.367657859
1403637164.288318872 6.443682212 0.569049729 -3.939805131 0.058699736 0.887660901 0.269288792 0.368911930
1403637164.338319063 6.382697093 0.573654615 -4.002219943 0.051899862 0.888036874 0.267532068 0.370301914
1403637164.388319016 6.316315527 0.580037847 -4.067038797 0.048011991 0.887657265 0.266873585 0.372206822
1403637164.438319206 6.251167910 0.586798978 -4.130430928 0.044181462 0.886572031 0.268610700 0.374013803
1403637164.488318920 6.184272661 0.596847014 -4.193082469 0.045390041 0.884771801 0.271445436 0.376079752
1403637164.538319111 6.116481317 0.607449549 -4.257954083 0.050096365 0.882611067 0.274233735 0.378528621
1403637164.588319063 6.048538630 0.620524491 -4.321940477 0.053078184 0.880604430 0.276861765 0.380875448
1403637164.638319016 5.979841786 0.636795907 -4.385425723 0.055766644 0.878886103 0.278933407 0.382943146
1403637164.688318968 5.907829211 0.652881532 -4.448905354 0.053426239 0.878278853 0.278979264 0.384632896
1403637164.738319159 5.836873248 0.672691205 -4.514718932 0.048151990 0.879235479 0.275260239 0.385821408
1403637164.788318872 5.763744683 0.692050740 -4.579497465 0.041710632 0.881806996 0.269003348 0.385115364
1403637164.838319063 5.692522822 0.712745648 -4.647517055 0.037186733 0.884433545 0.263538076 0.383330320
1403637164.888319016 5.618629086 0.735309853 -4.713104869 0.032255853 0.887481256 0.259103883 0.379739066
1403637164.938319206 5.546758131 0.762489774 -4.780271836 0.029605595 0.890287616 0.256587964 0.375065442
1403637164.988318920 5.473772036 0.787154984 -4.846182844 0.027911282 0.892983513 0.255745527 0.369317791
1403637165.038319111 5.402853415 0.812906202 -4.911742544 0.026636750 0.896101616 0.255080957 0.362251409
1403637165.088319063 5.327146156 0.842336560 -4.976638648 0.027311421 0.899674094 0.253346820 0.354479899
1403637165.138319016 5.253169463 0.862511371 -5.038934974 0.028945596 0.904215375 0.250586950 0.344619920
1403637165.188318968 5.177439755 0.889880398 -5.103867937 0.027635211 0.908623410 0.249173780 0.333994342
1403637165.238319159 5.102769139 0.916471517 -5.165839261 0.027418998 0.912629343 0.249556272 0.322610522
1403637165.288318872 5.027932159 0.943465760 -5.227564908 0.025327896 0.916095212 0.252322401 0.310582462
1403637165.338319063 4.953609351 0.969791958 -5.289741901 0.023478828 0.918294753 0.258360732 0.299053881
1403637165.388319016 4.876408067 0.989350932 -5.348291950 0.020345258 0.919802397 0.265230106 0.288448630
1403637165.438319206 4.805620039 1.012742251 -5.408030925 0.019115956 0.920486231 0.272636523 0.279300922
1403637165.488318920 4.729655647 1.031831914 -5.465300677 0.018687221 0.921475446 0.277055666 0.271613600
1403637165.538319111 4.654437837 1.046983256 -5.525290518 0.015527334 0.922783854 0.279579536 0.264696323
1403637165.588319063 4.580680326 1.063041022 -5.582450012 0.013544115 0.923799696 0.282101356 0.258514031
1403637165.638319016 4.504576986 1.075686598 -5.641664387 0.006535071 0.925434418 0.282072172 0.252910498
1403637165.688318968 4.430698839 1.087731382 -5.698243075 -0.000540084 0.927021827 0.281121692 0.248195155
1403637165.738319159 4.358027482 1.105817503 -5.756654770 -0.007410826 0.928379268 0.279618385 0.244684638
1403637165.788318872 4.290333448 1.120066626 -5.811743863 -0.015110424 0.929517130 0.278224590 0.241579505
1403637165.838319063 4.218118862 1.135861686 -5.866950281 -0.022296902 0.930573793 0.276017341 0.239477955
1403637165.888319016 4.153820306 1.153337925 -5.921199344 -0.028348483 0.930899980 0.274687163 0.239099463
1403637165.938319206 4.089587569 1.170764021 -5.973730003 -0.034370936 0.930825753 0.272518920 0.241071553
1403637165.988318920 4.031406004 1.189410544 -6.022801667 -0.040519549 0.930232987 0.270609580 0.244530595
1403637166.038319111 3.973326497 1.207270311 -6.070761879 -0.045288585 0.929234796 0.268710895 0.249531748
1403637166.088319063 3.922615372 1.228413372 -6.114270941 -0.050339264 0.928326316 0.267071253 0.253671355
1403637166.138319016 3.874159812 1.254510361 -6.155386764 -0.053026460 0.927512058 0.265430809 0.257790734
1403637166.188318968 3.824193997 1.281114837 -6.194521655 -0.055391219 0.926578672 0.264221726 0.261859995
1403637166.238319159 3.781984674 1.309023242 -6.232169742 -0.053878511 0.926359443 0.261301000 0.265851605
1403637166.288318872 3.738861258 1.337486501 -6.266481367 -0.049290020 0.926766100 0.256690068 0.269787506
1403637166.338319063 3.701979321 1.363844890 -6.300712334 -0.043242617 0.928667305 0.245772667 0.274413754
1403637166.388319016 3.666344668 1.388229340 -6.332735173 -0.033897575 0.931338724 0.230405587 0.279950713
1403637166.438319206 3.635749628 1.408771026 -6.361309637 -0.025097227 0.932953810 0.217469473 0.285787238
1403637166.488318920 3.602438711 1.428454109 -6.388366407 -0.021008259 0.933161715 0.209906463 0.291044918
1403637166.538319111 3.573124796 1.445072823 -6.409228490 -0.018241520 0.932401709 0.207479160 0.295375522
1403637166.588319063 3.542940470 1.460425132 -6.426265434 -0.019795837 0.930325935 0.211071674 0.299249942
1403637166.638319016 3.514495173 1.475319986 -6.438420994 -0.023453098 0.927265232 0.219581840 0.302345756
1403637166.688318968 3.483732015 1.489804234 -6.449104960 -0.029107626 0.922930927 0.232864463 0.305164534
1403637166.738319159 3.459882285 1.501646323 -6.456810224 -0.038265236 0.919716158 0.241606649 0.307057304
1403637166.788318872 3.435325569 1.513704559 -6.461775454 -0.046660815 0.917120691 0.247385261 0.309051677
1403637166.838319063 3.412899623 1.525974255 -6.465614868 -0.055643993 0.915705037 0.248928146 0.310520224
1403637166.888319016 3.393880677 1.538727415 -6.466913532 -0.064917085 0.915530514 0.245698470 0.311804285
1403637166.938319206 3.378705152 1.551270021 -6.465457187 -0.073562416 0.915903792 0.240295293 0.312996783
1403637166.988318920 3.366507791 1.561808830 -6.460617786 -0.080433976 0.917283579 0.231804325 0.313668560
1403637167.038319111 3.358970529 1.570761809 -6.454181593 -0.087308165 0.918401415 0.223502355 0.314583571
1403637167.088319063 3.355260949 1.575782995 -6.443828043 -0.092850456 0.919452406 0.214959903 0.315877041
1403637167.138319016 3.355176263 1.577230330 -6.429502846 -0.097559339 0.920639030 0.206686272 0.316522884
1403637167.188318968 3.360443414 1.573852742 -6.411196933 -0.100829085 0.921810993 0.198920672 0.317062385
1403637167.238319159 3.368929064 1.566965737 -6.388950966 -0.103290799 0.922586454 0.193695323 0.317249692
1403637167.288318872 3.380773775 1.555788844 -6.360106838 -0.104245347 0.922955574 0.191649684 0.317106156
1403637167.338319063 3.397510873 1.541673278 -6.325318299 -0.103727186 0.922840068 0.193483008 0.316498349
1403637167.388319016 3.419196017 1.527529227 -6.286219598 -0.100981868 0.922156387 0.199346664 0.315739081
1403637167.438319206 3.445234579 1.509001141 -6.239707846 -0.092613645 0.920445991 0.210672762 0.315941256
1403637167.488318920 3.475350914 1.496016174 -6.189975127 -0.077593110 0.918707550 0.222224742 0.317130747
1403637167.538319111 3.507052853 1.480041679 -6.137898326 -0.060849377 0.916276099 0.235270274 0.318407542
1403637167.588319063 3.539991896 1.462712519 -6.085007361 -0.044053521 0.913895505 0.245968933 0.319927455
1403637167.638319016 3.575178766 1.446612710 -6.028281965 -0.027993796 0.911728568 0.254235888 0.321452140
1403637167.688318968 3.612999184 1.434501340 -5.970568593 -0.016526127 0.909638190 0.259836922 0.323681980
1403637167.738319159 3.648902164 1.424338655 -5.914438218 -0.010443999 0.907141327 0.264478532 0.327164548
1403637167.788318872 3.687083433 1.417747024 -5.857428746 -0.007559895 0.904214652 0.268888557 0.331719241
1403637167.838319063 3.728138540 1.410492415 -5.798279275 -0.007032289 0.900811910 0.273150475 0.337457061
1403637167.888319016 3.763296495 1.402159510 -5.740203697 -0.008832904 0.897205469 0.277212760 0.343653039
1403637167.938319206 3.799935961 1.393713343 -5.684577416 -0.012257587 0.894367549 0.279336712 0.349181099
1403637167.988318920 3.842214252 1.383237516 -5.629936528 -0.018883333 0.892793661 0.278081497 0.353883567
1403637168.038319111 3.883540378 1.369072066 -5.575469305 -0.024364401 0.891696936 0.275565948 0.358254602
1403637168.088319063 3.927107584 1.356586009 -5.521242330 -0.025683691 0.890450928 0.274260659 0.362241058
1403637168.138319016 3.971451843 1.342775248 -5.468165995 -0.022750478 0.888347549 0.276552861 0.365840898
1403637168.188318968 4.017186041 1.332264373 -5.415328387 -0.020199734 0.886979188 0.277346582 0.368698745
1403637168.238319159 4.063084204 1.326928941 -5.361799648 -0.017745408 0.886907801 0.274545815 0.371085232
1403637168.288318872 4.113216722 1.326348032 -5.306405376 -0.017107438 0.887478598 0.270557975 0.372676074
1403637168.338319063 4.162112347 1.330174420 -5.253488341 -0.016100168 0.888767176 0.264599681 0.373926063
1403637168.388319016 4.211426719 1.333102021 -5.199924848 -0.014725480 0.890687672 0.256760004 0.374877223
1403637168.438319206 4.260232366 1.340734618 -5.144035005 -0.013581553 0.892661346 0.248868473 0.375547263
1403637168.488318920 4.311155821 1.346610894 -5.087622099 -0.008760258 0.894040200 0.242912268 0.376309726
1403637168.538319111 4.358024409 1.355943516 -5.029017054 -0.005218418 0.894436766 0.240802173 0.376789005
1403637168.588319063 4.406161671 1.363094230 -4.971687689 -0.003189211 0.893341457 0.243680172 0.377559060
1403637168.638319016 4.455415407 1.369250019 -4.912093602 -0.003535230 0.892422291 0.246777437 0.377717955
1403637168.688318968 4.499717029 1.374118157 -4.855016256 -0.005278158 0.891395908 0.250238622 0.377844027
1403637168.738319159 4.547382298 1.376093439 -4.798011590 -0.008019239 0.890665696 0.252919142 0.377732998
1403637168.788318872 4.595985214 1.377445221 -4.741124709 -0.007282577 0.889976408 0.255829087 0.377412818
1403637168.838319063 4.641260247 1.374340728 -4.686846026 -0.010945898 0.889990212 0.256523638 0.376819895
1403637168.888319016 4.692165366 1.374334303 -4.631162445 -0.013925755 0.890142708 0.256522519 0.376361833
1403637168.938319206 4.738087828 1.372360475 -4.575280534 -0.018127338 0.890450910 0.256354279 0.375567651
1403637168.988318920 4.786851849 1.370983036 -4.519296196 -0.020459750 0.890794795 0.256344879 0.374637605
1403637169.038319111 4.834813648 1.372441509 -4.462884862 -0.024290587 0.891444797 0.254766007 0.373939063
1403637169.088319063 4.883084273 1.370701317 -4.406134216 -0.029526032 0.891804383 0.252892612 0.373976579
1403637169.138319016 4.933740118 1.365416338 -4.348597192 -0.031446190 0.891640354 0.250645729 0.375719756
1403637169.188318968 4.983543241 1.362533346 -4.290906477 -0.032776387 0.890790796 0.247005531 0.380007544
1403637169.238319159 5.036776822 1.354389424 -4.232582011 -0.032994841 0.889018006 0.243763899 0.386183230
1403637169.288318872 5.092157135 1.347203499 -4.169270265 -0.031699819 0.886745818 0.239744527 0.393953725
1403637169.338319063 5.148445194 1.335989297 -4.106267626 -0.029468496 0.883450479 0.236338775 0.403473472
1403637169.388319016 5.201108209 1.323438004 -4.044880772 -0.027915861 0.879405472 0.232428724 0.414540237
1403637169.438319206 5.259307362 1.309084382 -3.980735051 -0.027699618 0.874582619 0.228612016 0.426701910
1403637169.488318920 5.313013621 1.289755519 -3.917216409 -0.026612769 0.869170795 0.224148165 0.439990330
1403637169.538319111 5.367312023 1.270717629 -3.851419756 -0.027897283 0.863626380 0.217663983 0.453865187
1403637169.588319063 5.420742242 1.243351232 -3.784609870 -0.027871456 0.857046146 0.211806724 0.468863517
1403637169.638319016 5.472752400 1.222491090 -3.718768913 -0.030646348 0.850362294 0.202657447 0.484638762
1403637169.688318968 5.527584798 1.198387823 -3.651689007 -0.029899836 0.842474539 0.196838028 0.500597086
1403637169.738319159 5.577810470 1.177100334 -3.579883765 -0.029738917 0.834013757 0.192032442 0.516391509
1403637169.788318872 5.629519115 1.154088668 -3.509992456 -0.029787154 0.825269888 0.188240252 0.531608826
1403637169.838319063 5.679983194 1.130465702 -3.436679173 -0.029451349 0.816751938 0.184159848 0.546016520
1403637169.888319016 5.732282661 1.110171059 -3.365301719 -0.032706469 0.808805710 0.178597621 0.559344706
1403637169.938319206 5.784318568 1.088633594 -3.281355213 -0.034089153 0.801709244 0.172910695 0.571141059
1403637169.988318920 5.835340031 1.071186086 -3.199488125 -0.035993310 0.794755332 0.166607712 0.582503489
1403637170.038319111 5.887504543 1.051362675 -3.109498218 -0.037852503 0.787758900 0.162458224 0.592967477
1403637170.088319063 5.936336012 1.027648759 -3.023132249 -0.039439424 0.780022469 0.159845269 0.603704373
1403637170.138319016 5.989787415 1.015528046 -2.935361070 -0.039326219 0.772349785 0.155389499 0.614640839
1403637170.188318968 6.035164925 0.999135697 -2.844579717 -0.038449417 0.764455576 0.151047197 0.625551004
1403637170.238319159 6.078330129 0.980723154 -2.747979581 -0.038988612 0.756824276 0.146628906 0.635764790
1403637170.288318872 6.121982271 0.972612065 -2.651498350 -0.039828081 0.748888617 0.140650714 0.646372138
1403637170.338319063 6.167111116 0.961108182 -2.547859219 -0.036608463 0.740385379 0.136179886 0.657224733
1403637170.388319016 6.209191260 0.950969414 -2.447983557 -0.029193454 0.729779146 0.134890602 0.669607845
1403637170.438319206 6.247010237 0.939715388 -2.340198506 -0.018819554 0.719026213 0.133250778 0.681829422
1403637170.488318920 6.285095484 0.927402652 -2.238993129 -0.006753524 0.706618242 0.132247857 0.695093918
1403637170.538319111 6.320597085 0.919555165 -2.133446468 0.004800278 0.694496324 0.128590641 0.707895656
1403637170.588319063 6.350474038 0.910239217 -2.031530680 0.016583532 0.682226529 0.124043906 0.720350650
1403637170.638319016 6.378626778 0.895652371 -1.920557700 0.025575622 0.669984938 0.119929593 0.732176866
1403637170.688318968 6.408157427 0.887538413 -1.812033831 0.033983847 0.657807313 0.113761604 0.743769409
1403637170.738319159 6.433132230 0.877125682 -1.693004532 0.038556950 0.646272391 0.108005776 0.754440263
1403637170.788318872 6.447163316 0.869690890 -1.584343676 0.041931913 0.632479304 0.104755546 0.766314505
1403637170.838319063 6.458746602 0.856090401 -1.474513322 0.038628788 0.619006424 0.104295110 0.777471153
1403637170.888319016 6.467544291 0.847827441 -1.375200378 0.036310949 0.603719377 0.102094837 0.789798122
1403637170.938319206 6.473507156 0.842522066 -1.269555038 0.032146734 0.588952220 0.100214799 0.801285757
1403637170.988318920 6.474648906 0.834445826 -1.178612718 0.027688307 0.573011544 0.098880423 0.813089042
1403637171.038319111 6.471510240 0.818187739 -1.069803844 0.025395151 0.558454340 0.098099803 0.823322698
1403637171.088319063 6.465380502 0.806995413 -0.982915190 0.024051306 0.542027103 0.099249511 0.834132896
1403637171.138319016 6.451089766 0.789156570 -0.874319007 0.020100216 0.529965823 0.098160989 0.842078754
1403637171.188318968 6.439349121 0.773259601 -0.787635355 0.018598603 0.518099844 0.096478239 0.849657927
1403637171.238319159 6.424141290 0.745732495 -0.692676763 0.019370165 0.508569676 0.095893614 0.855444970
1403637171.288318872 6.404471118 0.724483878 -0.608165562 0.020703710 0.500988589 0.092620535 0.860234402
1403637171.338319063 6.384165935 0.703763480 -0.518192688 0.021678499 0.496071384 0.088125819 0.863525949
1403637171.388319016 6.361528875 0.682186011 -0.437240549 0.020122762 0.492840832 0.081512338 0.866059310
1403637171.438319206 6.340469639 0.658922725 -0.362940574 0.017761775 0.490817182 0.074103870 0.867923746
1403637171.488318920 6.316271896 0.633011121 -0.292613613 0.015127336 0.488751318 0.070078264 0.869472455
1403637171.538319111 6.287477089 0.610438401 -0.220085014 0.013183625 0.487635661 0.067010713 0.870371885
1403637171.588319063 6.257659112 0.588011118 -0.152802230 0.011103057 0.486900320 0.064529875 0.870999825
1403637171.638319016 6.224428062 0.566930265 -0.084761767 0.009171948 0.487677398 0.060825989 0.870854081
1403637171.688318968 6.189269357 0.547955096 -0.017326440 0.008333665 0.488761394 0.058750375 0.870397175
1403637171.738319159 6.151594408 0.534145310 0.052674883 0.008720341 0.490496307 0.056844442 0.869543580
1403637171.788318872 6.110721694 0.516423789 0.118395079 0.008331932 0.492618722 0.054957148 0.868468241
1403637171.838319063 6.067079855 0.501472872 0.183347631 0.008183002 0.495116733 0.052571650 0.867195872
1403637171.888319016 6.021840944 0.491158250 0.249067280 0.008993533 0.497347631 0.051082185 0.865999458
1403637171.938319206 5.971669840 0.479614317 0.313817952 0.009379045 0.499374938 0.050908911 0.864838128
1403637171.988318920 5.921749232 0.468172511 0.383685126 0.010645551 0.501893027 0.050285407 0.863401088
1403637172.038319111 5.865067822 0.458395806 0.448909999 0.010991188 0.504090176 0.049993152 0.862132805
1403637172.088319063 5.806009246 0.450447186 0.514039935 0.012005866 0.506046246 0.049592787 0.860995710
1403637172.138319016 5.741576310 0.444577740 0.581538237 0.013163916 0.506778636 0.053704882 0.860301058
1403637172.188318968 5.673529235 0.435741406 0.645137963 0.014169794 0.505947498 0.061979892 0.860217902
1403637172.238319159 5.603772228 0.426812804 0.702646773 0.012331180 0.503205227 0.074962235 0.860821180
1403637172.288318872 5.531594953 0.420828670 0.764849416 0.011556950 0.500311769 0.089279815 0.861152533
1403637172.338319063 5.456685542 0.408334303 0.824015640 0.010311773 0.497975852 0.101867477 0.861125273
1403637172.388319016 5.381337762 0.395314284 0.879741772 0.010245396 0.495686819 0.113378039 0.861008147
1403637172.438319206 5.304527164 0.380799711 0.931394038 0.010308975 0.493964188 0.122938399 0.860685341
1403637172.488318920 5.227829012 0.365029930 0.982642758 0.011180548 0.492206875 0.132843540 0.860209266
1403637172.538319111 5.150394585 0.348184763 1.029195807 0.012429879 0.491480713 0.138762886 0.859672652
1403637172.588319063 5.075521038 0.330980033 1.072643030 0.013144955 0.491192862 0.143418024 0.859062310
1403637172.638319016 5.002469165 0.314128903 1.114466034 0.014174188 0.491250436 0.147107961 0.858388810
1403637172.688318968 4.926791440 0.295395030 1.152460369 0.013892280 0.490945558 0.151673286 0.857773092
1403637172.738319159 4.853877903 0.277790009 1.185972963 0.012999201 0.491389820 0.154873534 0.856960474
1403637172.788318872 4.781820990 0.258922395 1.215273214 0.009563824 0.492668610 0.159890341 0.855348615
1403637172.838319063 4.713123887 0.247137386 1.230725725 0.003525064 0.493461336 0.167097476 0.853558386
1403637172.888319016 4.642273741 0.228817321 1.256198136 -0.006744595 0.496539731 0.175898596 0.849977935
1403637172.938319206 4.575437301 0.216719351 1.278967971 -0.017979441 0.499762705 0.184978434 0.845988745
1403637172.988318920 4.510503577 0.206006069 1.300458299 -0.027970549 0.502567699 0.193811560 0.842069139
1403637173.038319111 4.449456645 0.201055511 1.316577314 -0.036564120 0.504426324 0.202318929 0.838620414
1403637173.088319063 4.391609240 0.197642252 1.337302576 -0.042029748 0.508423305 0.208282952 0.834480350
1403637173.138319016 4.338021944 0.198762252 1.357422901 -0.045775108 0.513385458 0.215230843 0.829467115
1403637173.188318968 4.290903422 0.204136020 1.376111774 -0.046413330 0.519745138 0.221875130 0.823700322
1403637173.238319159 4.241963139 0.212625622 1.386336169 -0.044830654 0.528292328 0.225138356 0.817441221
1403637173.288318872 4.203111787 0.218897688 1.403602032 -0.040179932 0.538707368 0.227343316 0.810243767
1403637173.338319063 4.171529977 0.235393414 1.409392264 -0.034060852 0.549632844 0.227430624 0.803130691
1403637173.388319016 4.144460221 0.249418469 1.419093443 -0.027904619 0.560658867 0.228277339 0.795469938
1403637173.438319206 4.117353741 0.258770411 1.429487545 -0.022602733 0.571503138 0.229190223 0.787619909
1403637173.488318920 4.093639782 0.269254566 1.437903107 -0.017805642 0.582262359 0.230602391 0.779407494
1403637173.538319111 4.071511559 0.277872227 1.444623728 -0.013545964 0.592066523 0.233166221 0.771302310
1403637173.588319063 4.053289189 0.290134873 1.449879335 -0.008961091 0.601038158 0.237725261 0.762993796
1403637173.638319016 4.037968735 0.304291888 1.452348897 -0.003605615 0.608451245 0.245096334 0.754785976
1403637173.688318968 4.023963099 0.318796658 1.452540931 0.000613869 0.615214074 0.253141396 0.746612818
1403637173.738319159 4.013117200 0.336549819 1.450488055 0.003395763 0.621424723 0.261964084 0.738372942
1403637173.788318872 4.004955835 0.356913506 1.444794910 0.004053932 0.627303507 0.270740597 0.730187240
1403637173.838319063 4.000176265 0.379581713 1.435682805 0.003062952 0.632096127 0.281351453 0.722001707
1403637173.888319016 3.997757870 0.400637092 1.423987594 -0.001421660 0.636930882 0.290131487 0.714241381
1403637173.938319206 3.998200832 0.421952557 1.407116381 -0.010046655 0.642556311 0.293122994 0.707883721
1403637173.988318920 4.004996699 0.443124259 1.383738296 -0.017450740 0.649899194 0.288269430 0.703012976
1403637174.038319111 4.014035934 0.458320008 1.357739330 -0.024519467 0.659592321 0.274383793 0.699321314
1403637174.088319063 4.029281822 0.470920442 1.326652306 -0.024067437 0.669045786 0.258062327 0.696564663
1403637174.138319016 4.048055646 0.478827574 1.292033555 -0.019736561 0.678081142 0.239327331 0.694650172
1403637174.188318968 4.068894245 0.481503245 1.256788496 -0.010932534 0.685132095 0.223572944 0.693173593
1403637174.238319159 4.089386032 0.483129674 1.219104420 -0.000916947 0.690099144 0.210714159 0.692359642
1403637174.288318872 4.109197274 0.482351176 1.180938784 0.009210327 0.692968017 0.203231741 0.691669977
1403637174.338319063 4.128057424 0.481457487 1.142043986 0.014369616 0.693309364 0.201942230 0.691617651
1403637174.388319016 4.146548594 0.479431575 1.101711485 0.020381014 0.692602208 0.203291859 0.691779746
1403637174.438319206 4.164259556 0.475946861 1.059743725 0.028114919 0.691103434 0.208001415 0.691607553
1403637174.488318920 4.180231024 0.470836920 1.015687087 0.038778463 0.689775017 0.214136974 0.690544722
1403637174.538319111 4.195032004 0.465956813 0.969428548 0.043733608 0.690785052 0.217199945 0.688278698
1403637174.588319063 4.208558583 0.461266313 0.918692341 0.047175103 0.693236442 0.220468798 0.684537256
1403637174.638319016 4.218583551 0.456033992 0.867272442 0.045259364 0.699441178 0.218665549 0.678910161
1403637174.688318968 4.229891895 0.453855430 0.812807653 0.044048380 0.708213323 0.214153869 0.671291107
1403637174.738319159 4.240416827 0.453395986 0.755461722 0.041999573 0.718105796 0.209493209 0.662323711
1403637174.788318872 4.248441743 0.454759041 0.697167566 0.039777978 0.728839112 0.204305080 0.652281148
1403637174.838319063 4.255615184 0.459723682 0.638271374 0.036368610 0.738129859 0.205152035 0.641680822
1403637174.888319016 4.261353216 0.466289839 0.580491078 0.033408057 0.745972059 0.212253242 0.630363506
1403637174.938319206 4.278761057 0.491779644 0.524355912 0.032202992 0.753630359 0.220186547 0.618483737
1403637174.988318920 4.282307257 0.501756959 0.463421389 0.029954080 0.761219951 0.225977046 0.607108981
1403637175.038319111 4.276629995 0.506065416 0.401320997 0.028906079 0.767506820 0.231180993 0.597204378
1403637175.088319063 4.278835606 0.516673295 0.341435429 0.030497014 0.774421143 0.231495917 0.588006348
1403637175.138319016 4.278367464 0.527254796 0.281762326 0.034804661 0.780707120 0.229971725 0.579998305
1403637175.188318968 4.281077945 0.541805496 0.219141004 0.041681248 0.786037301 0.227623229 0.573232675
1403637175.238319159 4.280042331 0.555775295 0.157806244 0.049515929 0.791115953 0.223971932 0.567027597
1403637175.288318872 4.276335457 0.570718848 0.096405004 0.056340338 0.795960818 0.218444563 0.561742036
1403637175.338319063 4.269275743 0.585454531 0.037288394 0.060159714 0.800547535 0.212665892 0.557025736
1403637175.388319016 4.260826187 0.602747142 -0.024758935 0.063508333 0.803734485 0.208514096 0.553623916
1403637175.438319206 4.248335623 0.621287335 -0.086215063 0.066135860 0.804517711 0.209649196 0.551746785
1403637175.488318920 4.233411864 0.642211061 -0.145786277 0.067090346 0.804183429 0.214494182 0.550254617
1403637175.538319111 4.213588551 0.643268805 -0.217103609 0.066044708 0.802163110 0.221187994 0.550679864
1403637175.588319063 4.191083853 0.665203863 -0.278191716 0.064837898 0.799867016 0.228953782 0.550989083
1403637175.638319016 4.165403958 0.687125168 -0.340114319 0.060789507 0.797388571 0.237169354 0.551567585
1403637175.688318968 4.135507451 0.710199243 -0.403481214 0.058418022 0.795237828 0.242232244 0.552727484
1403637175.738319159 4.107346971 0.732493823 -0.469837240 0.057080401 0.793448262 0.246357035 0.553615295
1403637175.788318872 4.076309967 0.750437162 -0.538104896 0.053365797 0.792829926 0.247607738 0.554313276
1403637175.838319063 4.044571079 0.769235379 -0.608215481 0.049215981 0.793308635 0.245574846 0.554916383
1403637175.888319016 4.013214530 0.786731255 -0.680673268 0.043131777 0.794718294 0.241323415 0.555270647
1403637175.938319206 3.977573766 0.801460956 -0.756109402 0.037901600 0.796499523 0.234764219 0.555911629
1403637175.988318920 3.942480438 0.814208224 -0.831342345 0.036346861 0.798201990 0.227885365 0.556435754
1403637176.038319111 3.907320669 0.825012142 -0.908081639 0.039504431 0.798997626 0.222488582 0.557262078
1403637176.088319063 3.869681025 0.834649852 -0.985920782 0.042369425 0.799817396 0.216596305 0.558196206
1403637176.138319016 3.829951318 0.844889162 -1.061519345 0.043036665 0.800895745 0.210219604 0.559036287
1403637176.188318968 3.788039749 0.854438755 -1.135633659 0.044907791 0.801376477 0.205315735 0.560021858
1403637176.238319159 3.742647345 0.866557299 -1.212334373 0.045566266 0.802244752 0.201294974 0.560185154
1403637176.288318872 3.696734997 0.880746720 -1.286639013 0.045992643 0.803430188 0.199565142 0.559069194
1403637176.338319063 3.646488634 0.894113834 -1.360621220 0.046860898 0.804312518 0.199522642 0.557742006
1403637176.388319016 3.595082029 0.910921723 -1.433558173 0.045325988 0.805329129 0.199275214 0.556488937
1403637176.438319206 3.541929564 0.928344829 -1.507526391 0.043589183 0.805699244 0.201954634 0.555124344
1403637176.488318920 3.489536445 0.949164562 -1.579165316 0.038231671 0.807525502 0.203974010 0.552119106
1403637176.538319111 3.431933730 0.968388385 -1.653152491 0.035017574 0.809450997 0.207318819 0.548253373
1403637176.588319063 3.374527619 0.987970332 -1.722561631 0.034090307 0.811720079 0.212010266 0.543139036
1403637176.638319016 3.316235465 1.008384651 -1.792735935 0.032454705 0.813790121 0.217772908 0.537835747
1403637176.688318968 3.256917249 1.032258256 -1.860806939 0.030554350 0.815894468 0.222821004 0.532666358
1403637176.738319159 3.197413497 1.057142607 -1.929278079 0.029311042 0.817313063 0.228523178 0.528126289
1403637176.788318872 3.137496246 1.077631221 -1.991204341 0.027399247 0.819052129 0.232412444 0.523819956
1403637176.838319063 3.076547978 1.102316405 -2.057137496 0.025389692 0.820430311 0.236208886 0.520052719
1403637176.888319016 3.014782188 1.127968901 -2.123187581 0.022202671 0.820741797 0.241755131 0.517150270
1403637176.938319206 2.950836793 1.155678336 -2.190995334 0.018612833 0.820942461 0.246278302 0.514833989
1403637176.988318920 2.889624789 1.181331840 -2.256541452 0.013485573 0.820652744 0.251587575 0.512884885
1403637177.038319111 2.829064901 1.211637969 -2.322371442 0.008992364 0.819221916 0.259404326 0.511374604
1403637177.088319063 2.767044833 1.240159595 -2.388842076 0.001191254 0.816900015 0.268934721 0.510242161
1403637177.138319016 2.708705129 1.271551672 -2.454925103 -0.004546466 0.814193828 0.279195627 0.509035895
1403637177.188318968 2.652100849 1.302431600 -2.521920117 -0.009745394 0.811818820 0.287852700 0.507933120
1403637177.238319159 2.596067658 1.333239989 -2.588548043 -0.014398113 0.809927798 0.294521969 0.507017224
1403637177.288318872 2.543856421 1.368637495 -2.657930063 -0.016696663 0.808691213 0.298676138 0.506490186
1403637177.338319063 2.494821191 1.403792389 -2.727602095 -0.019541134 0.807526822 0.302384572 0.506045598
1403637177.388319016 2.448761912 1.439736391 -2.796764006 -0.022392499 0.807294878 0.303650319 0.505539356
1403637177.438319206 2.404171919 1.479740977 -2.869171826 -0.028350059 0.807892484 0.302059917 0.505238374
1403637177.488318920 2.364619383 1.519341058 -2.942400958 -0.036085793 0.809324112 0.299921228 0.503725673
1403637177.538319111 2.328197648 1.553591769 -3.015152437 -0.041687970 0.811537384 0.297213603 0.501331488
1403637177.588319063 2.295680435 1.591574036 -3.093110627 -0.049869184 0.814306776 0.291994867 0.499155825
1403637177.638319016 2.268021756 1.628327478 -3.170799077 -0.055937238 0.817435752 0.284777636 0.497565588
1403637177.688318968 2.243695012 1.660493872 -3.246698664 -0.059864520 0.820708579 0.277227537 0.495982420
1403637177.738319159 2.224702197 1.690939406 -3.323309968 -0.063818998 0.824067303 0.269034843 0.494429438
1403637177.788318872 2.208748302 1.716776972 -3.400824081 -0.062394345 0.827481598 0.263096399 0.492099009
1403637177.838319063 2.194765582 1.741101584 -3.478875164 -0.058446786 0.829744329 0.264059913 0.488242444
1403637177.888319016 2.186780205 1.769007075 -3.553172465 -0.054792791 0.832976261 0.265095426 0.482568869
1403637177.938319206 2.180707881 1.795621630 -3.626995604 -0.052499237 0.837021129 0.266198697 0.475160723
1403637177.988318920 2.177885377 1.825098168 -3.702377506 -0.054611364 0.841727860 0.266305519 0.466468841
1403637178.038319111 2.176717751 1.853071172 -3.774917127 -0.060452096 0.847809349 0.263086961 0.456453835
1403637178.088319063 2.178390909 1.881073937 -3.846324473 -0.069136473 0.854460383 0.257840650 0.445685764
1403637178.138319016 2.181502170 1.911985610 -3.918311205 -0.073768968 0.859854429 0.255919031 0.435561650
1403637178.188318968 2.190253276 1.942162477 -3.984247668 -0.078508003 0.864616846 0.254675380 0.425927992
1403637178.238319159 2.201741844 1.971663693 -4.051672116 -0.082139026 0.869480364 0.250033406 0.418019584
1403637178.288318872 2.219558588 1.998061257 -4.116894812 -0.085020188 0.873893858 0.244107447 0.411694847
1403637178.338319063 2.242840712 2.017479528 -4.176349472 -0.088040161 0.878399486 0.236538113 0.405848486
1403637178.388319016 2.268897492 2.034673160 -4.231754252 -0.093115386 0.881559050 0.231363949 0.400816528
1403637178.438319206 2.298522579 2.048806495 -4.282534045 -0.095508262 0.884419931 0.226222439 0.396866433
1403637178.488318920 2.333107613 2.057944683 -4.328592456 -0.097149379 0.886020430 0.225180066 0.393476473
1403637178.538319111 2.371444426 2.064625653 -4.373185726 -0.095389111 0.887142876 0.225239437 0.391338257
1403637178.588319063 2.414949236 2.068066223 -4.412795224 -0.093605872 0.887973242 0.225628437 0.389657890
1403637178.638319016 2.460612822 2.070807313 -4.448258202 -0.085244156 0.888439250 0.227423979 0.389470752
1403637178.688318968 2.508339087 2.075285209 -4.483091070 -0.074589906 0.888712626 0.228632633 0.390324651
1403637178.738319159 2.561720581 2.077091458 -4.511554653 -0.062250839 0.889640297 0.227730679 0.390901154
1403637178.788318872 2.616294806 2.078141353 -4.537856878 -0.050299616 0.890368923 0.226256517 0.391817710
1403637178.838319063 2.669948798 2.081861174 -4.562916506 -0.039864778 0.890970319 0.224280766 0.392785982
1403637178.888319016 2.724900520 2.086595459 -4.583564414 -0.028170598 0.890733210 0.225057198 0.393890878
1403637178.938319206 2.781684165 2.089633895 -4.600632793 -0.018821473 0.890414172 0.225769371 0.394761378
1403637178.988318920 2.837796389 2.096308896 -4.617320781 -0.011873364 0.890402497 0.224785474 0.395618386
1403637179.038319111 2.892313576 2.102901490 -4.629103182 -0.005787382 0.890295707 0.223768217 0.396570102
1403637179.088319063 2.946510654 2.111526151 -4.639101750 -0.004200180 0.889554933 0.225402214 0.397326341
1403637179.138319016 2.998812431 2.122910788 -4.645431231 -0.005390683 0.888132392 0.229726751 0.398016852
1403637179.188318968 3.051451325 2.133414608 -4.650344903 -0.005921012 0.887051273 0.232383645 0.398876952
1403637179.238319159 3.103913844 2.142777051 -4.655747836 -0.009643216 0.885659821 0.235563722 0.400029278
1403637179.288318872 3.155258715 2.147331890 -4.659197285 -0.012650852 0.884817562 0.237150791 0.400870728
1403637179.338319063 3.205773395 2.146842025 -4.661484484 -0.015837337 0.884640082 0.237087754 0.401186367
1403637179.388319016 3.257548992 2.139642756 -4.662721321 -0.018395645 0.884086932 0.238008307 0.401751095
1403637179.438319206 3.308177504 2.127758011 -4.664121724 -0.020098929 0.883710763 0.238321375 0.402311127
1403637179.488318920 3.359637958 2.113750436 -4.664221822 -0.019882760 0.883271713 0.239327198 0.402688773
1403637179.538319111 3.411099882 2.099634520 -4.662891123 -0.019479554 0.883108613 0.239329880 0.403064429
1403637179.588319063 3.462317389 2.086181349 -4.660886630 -0.019531305 0.883487221 0.238269936 0.402860144
1403637179.638319016 3.514434202 2.075875405 -4.655374589 -0.018407872 0.883633531 0.237995680 0.402754254
1403637179.688318968 3.566164940 2.069733135 -4.650729042 -0.018783341 0.884291446 0.236293233 0.402295082
1403637179.738319159 3.617804656 2.070842349 -4.641495526 -0.021043098 0.885247914 0.234049728 0.401390138
1403637179.788318872 3.669584860 2.078343890 -4.628995474 -0.026965166 0.886430553 0.231126213 0.400118019
1403637179.838319063 3.723399062 2.090483119 -4.613740597 -0.034885021 0.888273486 0.225628382 0.398553739
1403637179.888319016 3.776845011 2.107173237 -4.596685607 -0.042107869 0.890141135 0.219281548 0.397229518
1403637179.938319206 3.833581761 2.128212987 -4.575542129 -0.046538896 0.891787457 0.213597770 0.396137925
1403637179.988318920 3.889772602 2.148801563 -4.550615168 -0.047503133 0.892259247 0.211868777 0.395889518
1403637180.038319111 3.945602418 2.168672686 -4.522636296 -0.043160505 0.891567029 0.214992302 0.396262179
1403637180.088319063 4.003844042 2.184003413 -4.490861740 -0.038113391 0.890320316 0.219633442 0.397036844
1403637180.138319016 4.063084789 2.197489968 -4.456944214 -0.030566078 0.888928156 0.224448408 0.398114758
1403637180.188318968 4.119851744 2.210199086 -4.421076385 -0.023344298 0.887095204 0.230077779 0.399476355
1403637180.238319159 4.179085563 2.218099551 -4.384151583 -0.017706926 0.885733963 0.234088835 0.400455026
1403637180.288318872 4.237476970 2.225382420 -4.345099975 -0.012631111 0.884197430 0.238415165 0.401489189
1403637180.338319063 4.294439139 2.226116865 -4.308460436 -0.009653880 0.882957967 0.241549718 0.402424857
1403637180.388319016 4.351536085 2.227391373 -4.268537634 -0.008591695 0.880447677 0.249413597 0.403151247
1403637180.438319206 4.406812205 2.230560676 -4.228409931 -0.010552494 0.877768340 0.257808889 0.403665658
1403637180.488318920 4.461760249 2.229866977 -4.188178009 -0.013344742 0.874614034 0.268048364 0.403760181
1403637180.538319111 4.517498360 2.228766591 -4.150965354 -0.015915457 0.872347458 0.275035175 0.403871592
1403637180.588319063 4.575889421 2.226615869 -4.112253901 -0.019177708 0.871826086 0.277511798 0.403160878
1403637180.638319016 4.633382982 2.217824175 -4.077197086 -0.025383300 0.874141389 0.270906152 0.402296380
1403637180.688318968 4.693812050 2.207680871 -4.042559017 -0.027549054 0.877255990 0.261648587 0.401500928
1403637180.738319159 4.754512859 2.194720363 -4.008960000 -0.026209497 0.879299225 0.256154834 0.400662746
1403637180.788318872 4.815489066 2.178750617 -3.975732952 -0.026412033 0.881744125 0.249722176 0.399335119
1403637180.838319063 4.878323132 2.163179485 -3.938674211 -0.028774940 0.883819009 0.245081041 0.397455967
1403637180.888319016 4.939670971 2.145633045 -3.904233530 -0.034790761 0.886363290 0.238374051 0.395382767
1403637180.938319206 5.001536243 2.126230129 -3.867908867 -0.039637009 0.887976084 0.234963610 0.393343975
1403637180.988318920 5.066593883 2.105897147 -3.829783166 -0.044979348 0.889811136 0.231022682 0.390949512
1403637181.038319111 5.130379060 2.082416212 -3.790323951 -0.051224252 0.891320270 0.228088912 0.388458107
1403637181.088319063 5.196808452 2.057705721 -3.747275593 -0.050952244 0.892216110 0.227570351 0.386737660
1403637181.138319016 5.264073799 2.024653964 -3.704073039 -0.045338950 0.892313647 0.230095768 0.385715793
1403637181.188318968 5.331712198 1.991399205 -3.660870030 -0.036097519 0.891780437 0.234224634 0.385439285
1403637181.238319159 5.400112986 1.954612073 -3.614029087 -0.026188898 0.891821274 0.236252874 0.384907179
1403637181.288318872 5.464322758 1.915960027 -3.568902683 -0.016488677 0.891826123 0.237378925 0.384740867
1403637181.338319063 5.533276668 1.876702453 -3.520382465 -0.010698591 0.892845417 0.235373794 0.383812166
1403637181.388319016 5.600863012 1.838349752 -3.472146298 -0.008384901 0.894345054 0.231553512 0.382700390
1403637181.438319206 5.665953249 1.793688346 -3.422768943 -0.008604173 0.895369651 0.229169929 0.381733284
1403637181.488318920 5.730984283 1.750861047 -3.373074699 -0.010782578 0.895557900 0.229846177 0.380828727
1403637181.538319111 5.794276268 1.705895430 -3.321503498 -0.013156598 0.895344569 0.232224756 0.379811359
1403637181.588319063 5.858149065 1.660079202 -3.270314849 -0.013733242 0.894913347 0.235728575 0.378646984
1403637181.638319016 5.920634342 1.612190556 -3.215239341 -0.015050193 0.894678975 0.239006655 0.377092616
1403637181.688318968 5.984449704 1.563428070 -3.162104563 -0.014564966 0.894690493 0.241022457 0.375799092
1403637181.738319159 6.047049441 1.513279992 -3.107010499 -0.011440456 0.894373275 0.243901988 0.374803123
1403637181.788318872 6.113006130 1.461518933 -3.050667247 -0.007362715 0.894816097 0.244654245 0.373355384
1403637181.838319063 6.175133117 1.416257839 -2.992756527 -0.002950837 0.895281293 0.244177005 0.372612786
1403637181.888319016 6.237837313 1.367978295 -2.935387515 -0.000523606 0.895489754 0.244439705 0.371950341
1403637181.938319206 6.299402135 1.321041696 -2.877173074 0.000914160 0.895335942 0.245429951 0.371667666
1403637181.988318920 6.361654608 1.279418233 -2.818703413 0.002030663 0.895635512 0.244693513 0.371426965
1403637182.038319111 6.421212666 1.236686494 -2.760248633 0.003321105 0.896011586 0.242968901 0.371642734
1403637182.088319063 6.480128390 1.194223053 -2.700975535 0.005580832 0.897062893 0.238447180 0.372008014
1403637182.138319016 6.537881245 1.149853082 -2.641224044 0.009133860 0.897239500 0.236350658 0.372848788
1403637182.188318968 6.594562217 1.108924837 -2.581004373 0.015361262 0.897044526 0.234479940 0.374291741
1403637182.238319159 6.650229423 1.066851123 -2.517889770 0.021929756 0.896794229 0.232557921 0.375760576
1403637182.288318872 6.705469246 1.030193848 -2.454882510 0.028694917 0.896290192 0.231186360 0.377350447
1403637182.338319063 6.755411844 0.990445493 -2.391703566 0.034673184 0.895733033 0.229385068 0.379265862
1403637182.388319016 6.803518749 0.952528213 -2.327924305 0.037775338 0.895639971 0.226901916 0.380680426
1403637182.438319206 6.848754493 0.912355486 -2.264506633 0.043403589 0.895268979 0.224169225 0.382567304
1403637182.488318920 6.893850913 0.877301839 -2.198402082 0.041611434 0.897031004 0.216570513 0.383015769
1403637182.538319111 6.934647525 0.834367087 -2.132981758 0.038946144 0.897757607 0.212604452 0.383814830
1403637182.588319063 6.973658515 0.796344461 -2.065262507 0.035512966 0.898779631 0.208285278 0.384123999
1403637182.638319016 7.007249004 0.754578934 -1.997882948 0.033067727 0.898959138 0.206934460 0.384651951
1403637182.688318968 7.039732060 0.708815092 -1.928462330 0.032823908 0.898512316 0.207910433 0.385190163
1403637182.738319159 7.073194009 0.663268628 -1.854937525 0.034734605 0.898317252 0.207933457 0.385465043
1403637182.788318872 7.097288491 0.617465034 -1.786664788 0.037909796 0.897314803 0.210689052 0.386004034
1403637182.838319063 7.122308871 0.574681357 -1.713571338 0.041776114 0.896653517 0.212892308 0.385932755
1403637182.888319016 7.145597856 0.535923405 -1.637875127 0.044858364 0.896431363 0.213951850 0.385516725
1403637182.938319206 7.164069921 0.497089021 -1.562866861 0.049600739 0.896035060 0.215013343 0.385266400
1403637182.988318920 7.181103597 0.457965638 -1.486816593 0.054827700 0.895328487 0.217140235 0.385007718
1403637183.038319111 7.197177288 0.419003611 -1.406969644 0.060749115 0.894393636 0.219950855 0.384696230
1403637183.088319063 7.208612021 0.389782935 -1.328273091 0.066013540 0.893764646 0.221295061 0.384519786
1403637183.138319016 7.216800748 0.367029828 -1.248241256 0.071146177 0.892722396 0.223680850 0.384645061
1403637183.188318968 7.221986381 0.346836574 -1.166818173 0.074032793 0.892115134 0.225198245 0.384623820
1403637183.238319159 7.227650105 0.331146560 -1.087999046 0.076553678 0.891439225 0.227323065 0.384447483
1403637183.288318872 7.225172490 0.316495690 -1.008236561 0.078404215 0.890796174 0.229054937 0.384537112
1403637183.338319063 7.220049866 0.301910885 -0.929198789 0.080683971 0.889986837 0.231461533 0.384498485
1403637183.388319016 7.209810176 0.289853161 -0.849239386 0.082782993 0.889248289 0.233502339 0.384527131
1403637183.438319206 7.198022824 0.276879438 -0.767832266 0.083501701 0.889345871 0.233712952 0.384017765
1403637183.488318920 7.180438098 0.268096980 -0.688570761 0.084011967 0.889479481 0.233536705 0.383704117
1403637183.538319111 7.158789851 0.260208420 -0.609805040 0.085947177 0.888733425 0.235570834 0.383760818
1403637183.588319063 7.134740081 0.253890348 -0.531034829 0.087774494 0.888396710 0.236357106 0.383643379
1403637183.638319016 7.105733808 0.246147833 -0.453568724 0.090326269 0.887848260 0.237655005 0.383518878
1403637183.688318968 7.075688586 0.238860583 -0.378893287 0.092132956 0.887746269 0.238225378 0.382970951
1403637183.738319159 7.037658060 0.237439485 -0.304288970 0.094629654 0.886368598 0.241975465 0.383202049
1403637183.788318872 6.994555923 0.235447481 -0.231056577 0.097603322 0.883960348 0.248277246 0.383987114
1403637183.838319063 6.948509780 0.229616681 -0.159290715 0.099633104 0.881712855 0.254904051 0.384291049
1403637183.888319016 6.898009442 0.222782962 -0.090445075 0.102252959 0.879475281 0.261222017 0.384487479
1403637183.938319206 6.842390781 0.213865034 -0.023165525 0.104881358 0.877518957 0.266718866 0.384475523
1403637183.988318920 6.783539306 0.203836699 0.040270045 0.106651839 0.875662905 0.272413106 0.384227747
1403637184.038319111 6.719222937 0.194375089 0.099592725 0.108547449 0.874051614 0.277060079 0.384042889
1403637184.088319063 6.651031260 0.185064869 0.154358064 0.108937888 0.873469147 0.279584343 0.383427674
1403637184.138319016 6.578464235 0.173729979 0.205250369 0.106670010 0.873726953 0.280627674 0.382715076
1403637184.188318968 6.501783521 0.161596859 0.253576251 0.102831331 0.874113830 0.281486335 0.382251452
1403637184.238319159 6.420546160 0.156444541 0.296153438 0.095753732 0.876117325 0.278739302 0.381515475
1403637184.288318872 6.340697276 0.152272669 0.340407836 0.084308159 0.878529540 0.276035496 0.380634190
1403637184.338319063 6.255251282 0.151115946 0.383750552 0.071447305 0.880748053 0.273756607 0.379783451
1403637184.388319016 6.170299932 0.154382598 0.424857314 0.058969591 0.882045103 0.273379442 0.379186899
1403637184.438319206 6.083469086 0.161221062 0.466863990 0.048227939 0.882614738 0.274033049 0.378907877
1403637184.488318920 5.996932153 0.172134278 0.506669893 0.039887231 0.881982022 0.277269957 0.378996163
1403637184.538319111 5.907646913 0.181676217 0.547753797 0.033181399 0.881008116 0.281148881 0.379050130
1403637184.588319063 5.820336240 0.191811889 0.586614531 0.026833640 0.879300193 0.286910399 0.379201198
1403637184.638319016 5.730973939 0.204761765 0.624248766 0.022047106 0.877744178 0.291404841 0.379687111
1403637184.688318968 5.643691784 0.216930183 0.660538399 0.018474354 0.876165883 0.296071284 0.379912936
1403637184.738319159 5.554948738 0.233774448 0.691610334 0.016253633 0.874252257 0.300879731 0.380644452
1403637184.788318872 5.469515701 0.244379370 0.720816399 0.013467916 0.872958294 0.304620540 0.380747632
1403637184.838319063 5.385476920 0.252841912 0.748785624 0.011131870 0.871900665 0.307531005 0.380906803
1403637184.888319016 5.303291865 0.261647752 0.772999868 0.010004210 0.871303179 0.309425513 0.380770980
1403637184.938319206 5.221424186 0.269120785 0.792201447 0.006470817 0.870966698 0.310051681 0.381107720
1403637184.988318920 5.141536694 0.273074886 0.809130168 0.007453154 0.869945549 0.312730959 0.381232922
1403637185.038319111 5.062819255 0.276068089 0.824798812 0.003655483 0.869608737 0.313820532 0.381161325
1403637185.088319063 4.986696617 0.277605645 0.837741332 0.002980260 0.869130770 0.315172246 0.381142071
1403637185.138319016 4.911847095 0.278144200 0.845234579 0.003453543 0.868783987 0.316570206 0.380769958
1403637185.188318968 4.838283731 0.275463793 0.850549973 0.002516070 0.868798760 0.316882556 0.380483680
1403637185.238319159 4.767282893 0.272544601 0.852259920 0.000742789 0.868393613 0.318228742 0.380292583
1403637185.288318872 4.698093507 0.269278080 0.851192727 -0.001749392 0.867642651 0.320612624 0.380000941
1403637185.338319063 4.631389167 0.264869205 0.845256661 -0.006249965 0.866967749 0.322484036 0.379910393
1403637185.388319016 4.567132780 0.259762339 0.837635639 -0.012204581 0.866518605 0.324108232 0.379407971
1403637185.438319206 4.505153635 0.253454414 0.826980649 -0.017082741 0.865903145 0.326056222 0.378955490
1403637185.488318920 4.446124988 0.245418499 0.813046262 -0.020918436 0.866007370 0.326018940 0.378556872
1403637185.538319111 4.393190448 0.238278176 0.792714401 -0.022388814 0.866786318 0.324389658 0.378089368
1403637185.588319063 4.341077461 0.227030161 0.771720758 -0.020674305 0.868402466 0.320722116 0.377607012
1403637185.638319016 4.291803623 0.213983006 0.748084872 -0.016599840 0.871078474 0.313939506 0.377344305
1403637185.688318968 4.245111270 0.201286754 0.722453059 -0.012224338 0.874531250 0.304983373 0.376869741
1403637185.738319159 4.199851529 0.192946192 0.693875789 -0.008471155 0.877520028 0.296671185 0.376660389
1403637185.788318872 4.156385539 0.183655757 0.666379736 -0.008115216 0.880145617 0.289357418 0.376231472
1403637185.838319063 4.114712143 0.178041526 0.639362959 -0.009512414 0.881830364 0.284755605 0.375764513
1403637185.888319016 4.075352949 0.173620184 0.612431562 -0.009566666 0.883510949 0.279765376 0.375563863
1403637185.938319206 4.037546013 0.171771300 0.582151607 -0.008816629 0.884601448 0.276715360 0.375274771
1403637185.988318920 4.000214772 0.168971226 0.555641377 -0.006644154 0.885797253 0.272993675 0.375224647
1403637186.038319111 3.964580750 0.167384135 0.529403005 -0.004013808 0.886958424 0.269416185 0.375104736
1403637186.088319063 3.928729394 0.165284941 0.502542992 -0.002742531 0.887874897 0.266434124 0.375077997
1403637186.138319016 3.892206765 0.162413028 0.473612279 -0.001583270 0.888108952 0.265153759 0.375437701
1403637186.188318968 3.858406932 0.157012513 0.446967476 -0.000864030 0.888298516 0.264397512 0.375524907
1403637186.238319159 3.826547884 0.150003321 0.420290855 -0.001437129 0.888157335 0.264920736 0.375488330
1403637186.288318872 3.793495754 0.140597926 0.393666390 -0.002471661 0.888096159 0.264914879 0.375631747
1403637186.338319063 3.760826758 0.127150208 0.366302734 -0.001455775 0.888876734 0.262410520 0.375548601
1403637186.388319016 3.729937288 0.114172802 0.340464371 0.000423524 0.889324791 0.261300943 0.375263979
1403637186.438319206 3.698281464 0.098218611 0.313641433 0.003705946 0.889389506 0.261086642 0.375241707
1403637186.488318920 3.666156839 0.080634719 0.285300639 0.007393183 0.889193692 0.261643744 0.375263200
1403637186.538319111 3.635513924 0.061598199 0.257891868 0.012265541 0.889100054 0.261919349 0.375165171
1403637186.588319063 3.604926228 0.042666974 0.231220881 0.014358688 0.889267461 0.261793212 0.374781969
1403637186.638319016 3.573312425 0.025475896 0.204926955 0.015802886 0.889235565 0.262418950 0.374361688
1403637186.688318968 3.541036344 0.009758396 0.179378204 0.017152384 0.888827589 0.264335928 0.373922224
1403637186.738319159 3.509382664 -0.002801030 0.153992790 0.019122864 0.887636159 0.268579591 0.373632665
1403637186.788318872 3.478999759 -0.014077586 0.129398952 0.022813334 0.886066269 0.273706835 0.373430968
1403637186.838319063 3.447533972 -0.024905289 0.103454909 0.028594908 0.883924572 0.279806895 0.373587719
1403637186.888319016 3.416714920 -0.032374550 0.078766300 0.034846107 0.881965925 0.285103455 0.373681516
1403637186.938319206 3.385444143 -0.037766929 0.053197134 0.042443911 0.880275074 0.289253133 0.373693635
1403637186.988318920 3.353095024 -0.040230422 0.026353722 0.048108347 0.878850732 0.292605444 0.373749960
1403637187.038319111 3.321502249 -0.040819996 -0.001547569 0.053337921 0.878522598 0.292850688 0.373619574
1403637187.088319063 3.288091851 -0.039525105 -0.030373903 0.055903157 0.879057685 0.290988483 0.373440927
1403637187.138319016 3.251135436 -0.036299859 -0.062155985 0.055497428 0.880127839 0.287867321 0.373399822
1403637187.188318968 3.213451148 -0.030149684 -0.094513235 0.052492780 0.881700519 0.285267626 0.372117029
1403637187.238319159 3.174144629 -0.021691728 -0.127122394 0.047480236 0.882912441 0.285840155 0.369468070
1403637187.288318872 3.138385304 -0.012612076 -0.158499681 0.038829320 0.883634935 0.289626733 0.365784009
1403637187.338319063 3.098020439 0.002098892 -0.193879326 0.030800705 0.884077204 0.293230613 0.362594292
1403637187.388319016 3.059272989 0.016049061 -0.228963956 0.021405599 0.884596808 0.296056479 0.359695495
1403637187.438319206 3.021224349 0.034013545 -0.267030860 0.014413490 0.885074526 0.298212359 0.357078037
1403637187.488318920 2.982515159 0.048842323 -0.304717562 0.009924086 0.885290721 0.300558024 0.354720631
1403637187.538319111 2.943124913 0.064661075 -0.344487258 0.006671092 0.885177567 0.303223463 0.352805475
1403637187.588319063 2.905952527 0.081028049 -0.383722187 0.005023649 0.885341032 0.304879039 0.350991155
1403637187.638319016 2.871085432 0.098392489 -0.425139648 0.005108405 0.885198224 0.306961686 0.349531875
1403637187.688318968 2.837471736 0.114503801 -0.468100405 0.006331014 0.885185185 0.308375428 0.348298295
1403637187.738319159 2.805796552 0.133624803 -0.511692728 0.006771688 0.884817972 0.310600304 0.347244513
1403637187.788318872 2.774657831 0.153754535 -0.557159635 0.006786165 0.884853612 0.311421831 0.346416623
1403637187.838319063 2.743547124 0.174062630 -0.603668167 0.007222521 0.884023441 0.314345652 0.345886111
1403637187.888319016 2.711931469 0.194523675 -0.650085774 0.005508858 0.884011893 0.314969430 0.345379332
1403637187.938319206 2.685182437 0.217190633 -0.700063905 0.002407435 0.884437033 0.314388851 0.344855026
1403637187.988318920 2.654713701 0.237478721 -0.753084377 0.000981130 0.885163912 0.312544825 0.344673205
1403637188.038319111 2.629050984 0.261431875 -0.806526542 -0.001489119 0.886289718 0.309742589 0.344307779
1403637188.088319063 2.605935385 0.286386083 -0.860814394 -0.003538402 0.887387170 0.306959598 0.343958277
1403637188.138319016 2.584399938 0.312036721 -0.917088109 -0.004640096 0.888663728 0.303405006 0.343803214
1403637188.188318968 2.561893069 0.337510945 -0.974210286 -0.008718340 0.890917773 0.296970597 0.343508335
1403637188.238319159 2.544234656 0.362136375 -1.023756251 -0.013158772 0.894113321 0.288072934 0.342640046
1403637188.288318872 2.524410193 0.388770421 -1.083049393 -0.014710358 0.896369448 0.281206783 0.342385985
1403637188.338319063 2.509652029 0.416560778 -1.137868294 -0.014082855 0.897739328 0.277473904 0.341868404
1403637188.388319016 2.495484554 0.442477505 -1.192840738 -0.010693984 0.899303011 0.272843272 0.341608377
1403637188.438319206 2.481585998 0.465868946 -1.248295920 -0.007103421 0.900416323 0.269594993 0.341348102
1403637188.488318920 2.470582044 0.494933179 -1.298160319 -0.004026488 0.901852033 0.266322049 0.340175344
1403637188.538319111 2.459671753 0.524993946 -1.349357984 0.000577728 0.903412502 0.264167998 0.337728864
1403637188.588319063 2.448721033 0.554459315 -1.398518248 0.005605612 0.904538081 0.264724650 0.334215945
1403637188.638319016 2.438076326 0.586648281 -1.449191609 0.010503360 0.906247375 0.264827766 0.329350314
1403637188.688318968 2.427054262 0.619945631 -1.501870201 0.018403035 0.907484646 0.267118544 0.323698361
1403637188.738319159 2.414264961 0.649369203 -1.552372949 0.026560081 0.909104616 0.269338311 0.316670543
1403637188.788318872 2.403382248 0.680801143 -1.601348543 0.035445761 0.910307400 0.273172232 0.308967582
1403637188.838319063 2.390855693 0.714817562 -1.650839809 0.041613980 0.911676040 0.276908388 0.300727150
1403637188.888319016 2.377003169 0.748670140 -1.697118048 0.044974051 0.913223278 0.279475716 0.293076616
1403637188.938319206 2.357358024 0.785749307 -1.750937938 0.046632220 0.914260540 0.282084907 0.287021265
1403637188.988318920 2.340467534 0.812810557 -1.800857977 0.043196859 0.915262120 0.285303355 0.281125023
1403637189.038319111 2.324391517 0.842089715 -1.846552220 0.035902686 0.916471369 0.287532116 0.275892205
1403637189.088319063 2.303835235 0.872863960 -1.897193538 0.029387520 0.916824521 0.290993659 0.271830577
1403637189.138319016 2.283349579 0.902535228 -1.948505336 0.022710022 0.915928209 0.297261393 0.268692083
1403637189.188318968 2.261306242 0.934703823 -2.000323179 0.019649898 0.914955259 0.302458204 0.266439093
1403637189.238319159 2.241263494 0.965086699 -2.051928736 0.018585780 0.913787555 0.307829325 0.264363347
1403637189.288318872 2.221297396 0.996859526 -2.104106203 0.021151181 0.913080516 0.310770889 0.263169247
1403637189.338319063 2.204028497 1.033292012 -2.156513907 0.026023979 0.913462794 0.309919652 0.262408623
1403637189.388319016 2.185707495 1.070316428 -2.211007176 0.029755376 0.915055480 0.305019524 0.262204455
1403637189.438319206 2.165149232 1.109373912 -2.266791596 0.032726926 0.917373110 0.297578097 0.262302880
1403637189.488318920 2.146926445 1.146840127 -2.321747628 0.033835645 0.919340084 0.291178378 0.262457828
1403637189.538319111 2.124979404 1.182224503 -2.378146999 0.032235576 0.920810854 0.286181737 0.262998578
1403637189.588319063 2.101294186 1.214798681 -2.436069638 0.029599152 0.921906285 0.282027620 0.263956650
1403637189.638319016 2.079055321 1.247527854 -2.494008834 0.026306862 0.922770805 0.278989201 0.264512789
1403637189.688318968 2.057390319 1.279006446 -2.552706450 0.023849563 0.923669345 0.275499858 0.265265843
1403637189.738319159 2.034805957 1.306507768 -2.608960204 0.021579570 0.923166262 0.276363809 0.266310760
1403637189.788318872 2.012415283 1.329387654 -2.662816936 0.019952925 0.922649374 0.277580498 0.266962694
1403637189.838319063 1.987955549 1.353091532 -2.718719931 0.016775682 0.922196691 0.278797668 0.267476541
1403637189.888319016 1.965230660 1.371254986 -2.775478749 0.016338369 0.922416527 0.277781057 0.267803087
1403637189.938319206 1.942275306 1.388035698 -2.832532386 0.017458789 0.922742292 0.276405597 0.268033207
1403637189.988318920 1.917600123 1.401758916 -2.889666062 0.016095128 0.923329767 0.274659896 0.267889959
1403637190.038319111 1.894377125 1.412608840 -2.945530070 0.016476374 0.924077639 0.272431467 0.267563344
1403637190.088319063 1.870270269 1.425037575 -3.003085534 0.015570688 0.924966639 0.269925099 0.267085589
1403637190.138319016 1.847066230 1.433262537 -3.058353439 0.016167443 0.925304762 0.269129159 0.266681845
1403637190.188318968 1.822333227 1.442096281 -3.113966845 0.016030376 0.925971244 0.267438112 0.266077318
1403637190.238319159 1.799409610 1.450565511 -3.169964382 0.018020593 0.926174609 0.266853388 0.265829120
1403637190.288318872 1.774686271 1.455963119 -3.225365152 0.018349847 0.926634686 0.265916138 0.265141564
1403637190.338319063 1.747207581 1.458331432 -3.280883281 0.018716276 0.926711959 0.266002824 0.264758652
1403637190.388319016 1.724071219 1.459746236 -3.333699571 0.020084984 0.926710277 0.266600131 0.264062543
1403637190.438319206 1.698204912 1.458328756 -3.385533389 0.022248057 0.926679849 0.266896385 0.263696419
1403637190.488318920 1.670985191 1.456761259 -3.438298576 0.022884398 0.927170045 0.265685857 0.263140720
1403637190.538319111 1.644286983 1.453667946 -3.489226294 0.020754003 0.927457275 0.265763146 0.262225522
1403637190.588319063 1.619159253 1.452393017 -3.538889467 0.018015246 0.927901900 0.264843204 0.261785393
1403637190.638319016 1.592860094 1.455383212 -3.586725653 0.012715603 0.928106211 0.263273191 0.262953231
1403637190.688318968 1.567633319 1.457025445 -3.632445511 0.008129303 0.927614956 0.261786619 0.266330947
1403637190.738319159 1.544876820 1.457970532 -3.673338221 0.007777846 0.925937234 0.262194296 0.271723932
1403637190.788318872 1.520280481 1.460969558 -3.715438071 0.008943856 0.924205264 0.261883754 0.277815654
1403637190.838319063 1.495536255 1.466698954 -3.757027956 0.011290968 0.922221351 0.262113358 0.284036762
1403637190.888319016 1.473215280 1.470903268 -3.795488313 0.014390879 0.920411167 0.262321654 0.289522946
1403637190.938319206 1.448720062 1.479123147 -3.834465100 0.017104686 0.918891135 0.261860328 0.294577121
1403637190.988318920 1.427074386 1.486605288 -3.866345168 0.019187849 0.917797121 0.261127461 0.298484037
1403637191.038319111 1.402489962 1.497234816 -3.902881544 0.020209361 0.916727575 0.260312810 0.302389445
1403637191.088319063 1.377203600 1.507954618 -3.938407489 0.021615456 0.915931141 0.259326099 0.305537054
1403637191.138319016 1.353540602 1.520407763 -3.970899281 0.022092036 0.915378766 0.258654092 0.307720192
1403637191.188318968 1.329221128 1.533284267 -4.003703890 0.021464658 0.915052686 0.257685226 0.309541879
1403637191.238319159 1.303307118 1.548045162 -4.034914193 0.020934916 0.914824529 0.257297913 0.310573010
1403637191.288318872 1.276579601 1.564128483 -4.065159685 0.019440408 0.914713298 0.256673643 0.311512911
1403637191.338319063 1.249985317 1.579516788 -4.096087289 0.019431871 0.914631064 0.256012618 0.312297869
1403637191.388319016 1.223117287 1.596473095 -4.125341046 0.017091744 0.915136093 0.254263004 0.312384585
1403637191.438319206 1.195768893 1.612358755 -4.152820403 0.015271035 0.915473201 0.253139353 0.312403715
1403637191.488318920 1.167165204 1.625699018 -4.178800162 0.015183867 0.915726311 0.252630453 0.312077919
1403637191.538319111 1.138856006 1.637694141 -4.205801474 0.012077490 0.916275213 0.251635743 0.311405398
1403637191.588319063 1.111236718 1.647510575 -4.231448989 0.008063789 0.916710569 0.251453120 0.310399801
1403637191.638319016 1.082450918 1.656023236 -4.256311697 0.004002301 0.916042288 0.255103850 0.309471377
1403637191.688318968 1.055122525 1.660748052 -4.279774921 0.000586209 0.914832963 0.260864018 0.308269802
1403637191.738319159 1.026899500 1.664003243 -4.302142677 -0.001326378 0.913731530 0.265579717 0.307506659
1403637191.788318872 0.999783769 1.665497710 -4.323661645 -0.004433043 0.912750955 0.270067508 0.306479337
1403637191.838319063 0.973511326 1.666153577 -4.345760435 -0.010407395 0.913003799 0.270333924 0.305344590
1403637191.888319016 0.949455581 1.664510854 -4.368677261 -0.017060378 0.913495611 0.269639303 0.304186389
1403637191.938319206 0.926859318 1.660545878 -4.390987043 -0.023711373 0.914321168 0.267845293 0.302842320
1403637191.988318920 0.903685160 1.653368782 -4.412983641 -0.029172296 0.914746438 0.266757955 0.302039939
1403637192.038319111 0.883995149 1.646141449 -4.433432675 -0.031041663 0.914152147 0.269657958 0.301076159
1403637192.088319063 0.867581883 1.635044961 -4.453290939 -0.031135392 0.912694658 0.275519828 0.300179735
1403637192.138319016 0.853063285 1.622503840 -4.472507196 -0.031942230 0.911367802 0.280432615 0.299576320
1403637192.188318968 0.837911881 1.606696614 -4.491115300 -0.033575594 0.910439047 0.283918027 0.298938078
1403637192.238319159 0.829841061 1.589112271 -4.511124879 -0.036302433 0.910066876 0.285417658 0.298323945
1403637192.288318872 0.821148852 1.570757793 -4.530226969 -0.041529306 0.910345752 0.284634702 0.297538259
1403637192.338319063 0.815576002 1.551964859 -4.550760226 -0.046421104 0.910972446 0.282364765 0.297059627
1403637192.388319016 0.813060533 1.533035354 -4.570353484 -0.047716548 0.911928329 0.279401293 0.296723392
1403637192.438319206 0.813896396 1.516807925 -4.587678990 -0.045244510 0.911698180 0.280730623 0.296563113
1403637192.488318920 0.819217636 1.499708815 -4.600978487 -0.039155531 0.910502007 0.285810045 0.296252525
1403637192.538319111 0.825753810 1.484445078 -4.616344647 -0.032643117 0.909077975 0.291064385 0.296299148
1403637192.588319063 0.834263160 1.471438354 -4.632684577 -0.026209053 0.907368408 0.296744287 0.296544239
1403637192.638319016 0.844395928 1.461506619 -4.646105310 -0.021811312 0.906019785 0.301156380 0.296575878
1403637192.688318968 0.855077651 1.451357912 -4.661620828 -0.018887126 0.904942296 0.304330233 0.296826255
1403637192.738319159 0.869319886 1.443249357 -4.676921119 -0.016995416 0.904643216 0.305290400 0.296866264
1403637192.788318872 0.884293590 1.434417969 -4.695932972 -0.016257751 0.904664682 0.305038096 0.297101428
1403637192.838319063 0.900708641 1.427656935 -4.715362463 -0.015612685 0.905328282 0.302618032 0.297589102
1403637192.888319016 0.918202530 1.420173557 -4.736625872 -0.014968907 0.906527984 0.298643473 0.297984934
1403637192.938319206 0.938052938 1.410711042 -4.757621926 -0.013069510 0.907492396 0.295194316 0.298575040
1403637192.988318920 0.957857603 1.400821008 -4.779007051 -0.012159656 0.908414846 0.291760796 0.299182634
1403637193.038319111 0.980151260 1.388294295 -4.800952964 -0.009242960 0.908597873 0.290846593 0.299620980
1403637193.088319063 1.004239081 1.372845526 -4.821125647 -0.003760793 0.907645634 0.293665011 0.299876843
1403637193.138319016 1.030612944 1.357534803 -4.844378743 0.005633367 0.905037760 0.301106583 0.300349370
1403637193.188318968 1.053705618 1.341861837 -4.872655363 0.016269839 0.901726778 0.309744301 0.301135483
1403637193.238319159 1.077090500 1.327253705 -4.899742542 0.022778870 0.899387233 0.315645115 0.301582309
1403637193.288318872 1.101617447 1.316153214 -4.926948004 0.026719855 0.898198051 0.318800707 0.301483698
1403637193.338319063 1.125136028 1.310306147 -4.956535673 0.020700124 0.899750490 0.315228913 0.301083530
1403637193.388319016 1.149410047 1.307707961 -4.986886089 0.014876061 0.902155702 0.309131262 0.300552249
1403637193.438319206 1.173312587 1.307190483 -5.017961621 0.008611218 0.904728699 0.302315775 0.299995001
1403637193.488318920 1.197170613 1.308458348 -5.049119569 0.002923764 0.906730257 0.296552966 0.299813326
1403637193.538319111 1.222876925 1.308749360 -5.082899166 -0.002656871 0.908256386 0.292003426 0.299661939
1403637193.588319063 1.247824063 1.308517898 -5.116210792 -0.007491299 0.908917298 0.289598927 0.299909465
1403637193.638319016 1.273548964 1.302811360 -5.150851182 -0.010750963 0.909430835 0.287885756 0.299902926
1403637193.688318968 1.300254066 1.298618984 -5.184856511 -0.013392748 0.909637221 0.287009895 0.300010134
1403637193.738319159 1.329033302 1.291183977 -5.218558565 -0.016384351 0.909979764 0.285732633 0.300042072
1403637193.788318872 1.358606886 1.282261806 -5.253179576 -0.017886346 0.910141385 0.285154991 0.300015616
1403637193.838319063 1.388566062 1.274773538 -5.289482056 -0.019549919 0.910084933 0.284868911 0.300354656
1403637193.888319016 1.419980690 1.265053143 -5.325575545 -0.019482142 0.910145827 0.284733565 0.300302874
1403637193.938319206 1.454017261 1.253470434 -5.359319422 -0.017873351 0.910708319 0.283113138 0.300229666
1403637193.988318920 1.488228287 1.248021286 -5.395064295 -0.016350122 0.911986349 0.279045884 0.300244847
1403637194.038319111 1.523996437 1.244104139 -5.427869347 -0.014191738 0.913216453 0.275236307 0.300132105
1403637194.088319063 1.560850556 1.246421025 -5.460388366 -0.012261153 0.914056420 0.272718985 0.299958131
1403637194.138319016 1.598058847 1.252857401 -5.491785059 -0.011702013 0.914661999 0.270897864 0.299784653
1403637194.188318968 1.635639700 1.256138781 -5.518356402 -0.011319389 0.914782538 0.270818977 0.299502690
1403637194.238319159 1.674691250 1.262914529 -5.545192587 -0.010261447 0.914035108 0.273424306 0.299455626
1403637194.288318872 1.713980640 1.268682454 -5.570984325 -0.009910700 0.913790758 0.274488466 0.299239556
1403637194.338319063 1.753003814 1.274128421 -5.597809071 -0.010442957 0.913182001 0.276749495 0.298997147
1403637194.388319016 1.793223495 1.278774795 -5.625282926 -0.010893009 0.912720921 0.278142125 0.299096675
1403637194.438319206 1.835603273 1.279593157 -5.651052795 -0.012212501 0.912470855 0.279197744 0.298825055
1403637194.488318920 1.879132296 1.279077280 -5.678969914 -0.010680794 0.912239575 0.280098369 0.298747019
1403637194.538319111 1.921763179 1.277029092 -5.705730379 -0.010888092 0.911977739 0.281021601 0.298671915
1403637194.588319063 1.965143127 1.272306422 -5.733995961 -0.010687628 0.911813298 0.281796650 0.298450888
1403637194.638319016 2.009025883 1.266220155 -5.761057716 -0.011556535 0.911755046 0.282411620 0.298014864
1403637194.688318968 2.054448363 1.259239992 -5.787467490 -0.012903787 0.910935260 0.285477452 0.297545072
1403637194.738319159 2.099662743 1.253093752 -5.814634095 -0.013563568 0.910031553 0.288850982 0.297024768
1403637194.788318872 2.149872005 1.242269724 -5.847515910 -0.014131527 0.909301252 0.291459167 0.296686849
1403637194.838319063 2.199189694 1.235300152 -5.876383421 -0.014022338 0.908881098 0.293401565 0.296064258
1403637194.888319016 2.249023471 1.229355961 -5.904056420 -0.014293310 0.908466780 0.295044901 0.295689562
1403637194.938319206 2.298571908 1.225235770 -5.931911228 -0.011335586 0.909136607 0.293254240 0.295540329
1403637194.988318920 2.350333349 1.222565470 -5.964096871 -0.008782739 0.910382248 0.289718926 0.295279480
1403637195.038319111 2.404433549 1.221230906 -5.990852145 -0.007370842 0.912318433 0.284155540 0.294747988
1403637195.088319063 2.456967187 1.221351985 -6.019566607 -0.005547307 0.913827072 0.279534160 0.294533469
1403637195.138319016 2.510479807 1.222104175 -6.050250267 -0.004120022 0.915299248 0.274972595 0.294279432
1403637195.188318968 2.565929953 1.222342349 -6.074952040 -0.002860641 0.916683478 0.270679539 0.293965653
1403637195.238319159 2.620206121 1.226261208 -6.100372476 -0.001731874 0.917752137 0.267385690 0.293654402
1403637195.288318872 2.675920248 1.231039831 -6.128132561 -0.001301742 0.918523140 0.264638200 0.293734863
1403637195.338319063 2.730652685 1.235296789 -6.150016468 0.000427746 0.919121585 0.262674058 0.293628452
1403637195.388319016 2.783086331 1.242974064 -6.171986950 -0.000542231 0.919424574 0.261331358 0.293877660
1403637195.438319206 2.840766900 1.247102135 -6.193541865 0.000979254 0.919168140 0.260469049 0.295440088
1403637195.488318920 2.895758797 1.251462349 -6.213071743 0.001473853 0.917957889 0.260822047 0.298869538
1403637195.538319111 2.948729617 1.255923411 -6.231734364 0.001824910 0.916207933 0.262106845 0.303083643
1403637195.588319063 3.000531780 1.254873705 -6.250691857 0.001319708 0.915002631 0.261777867 0.306986633
1403637195.638319016 3.058937141 1.251060082 -6.271059749 0.001156605 0.913934079 0.261139562 0.310691633
1403637195.688318968 3.073337024 1.296893860 -6.318628180 0.003388591 0.912913901 0.260165159 0.314469104
1403637195.738319159 3.126327062 1.291380914 -6.335944465 0.002491332 0.912552805 0.258304667 0.317048688
1403637195.788318872 3.192881344 1.278753025 -6.357549542 0.000367072 0.912038371 0.256493129 0.319995547
1403637195.838319063 3.245735075 1.270019418 -6.372989754 -0.004647088 0.912596874 0.252574794 0.321483006
1403637195.888319016 3.293507155 1.263029111 -6.389177806 -0.010433626 0.912691739 0.250398802 0.322777585
1403637195.938319206 3.346229269 1.255238989 -6.404174782 -0.016205631 0.912911028 0.248191638 0.323622840
1403637195.988318920 3.398178033 1.246880006 -6.416098439 -0.023749006 0.913627074 0.244512788 0.323936800
1403637196.038319111 3.447813297 1.241093340 -6.426498803 -0.030534118 0.914455776 0.240244007 0.324223870
1403637196.088319063 3.500388479 1.234770955 -6.435157581 -0.036258299 0.916140919 0.233029571 0.324142517
1403637196.138319016 3.553698154 1.228361821 -6.439777095 -0.041184192 0.918158170 0.224717771 0.323714938
1403637196.188318968 3.608839190 1.222872303 -6.442617130 -0.045152998 0.920430811 0.215028715 0.323312514
1403637196.238319159 3.663360710 1.216643485 -6.441757662 -0.046595104 0.922552574 0.206129064 0.322856708
1403637196.288318872 3.723263792 1.210846250 -6.436787377 -0.048244621 0.924404855 0.198240532 0.322255818
1403637196.338319063 3.783303740 1.202277863 -6.426746022 -0.050531597 0.926027055 0.191638365 0.321240079
1403637196.388319016 3.841024359 1.198163533 -6.410804695 -0.051778719 0.927430083 0.186067121 0.320267750
1403637196.438319206 3.903233442 1.192644294 -6.392332918 -0.052252802 0.928277027 0.182867021 0.319579504
1403637196.488318920 3.964014024 1.186217921 -6.368882699 -0.050606283 0.928484681 0.182902064 0.319220984
1403637196.538319111 4.026429711 1.179905342 -6.338750150 -0.049264533 0.928551772 0.184078780 0.318558652
1403637196.588319063 4.089567647 1.173521659 -6.304198569 -0.045261074 0.928594558 0.185081459 0.318446912
1403637196.638319016 4.152810366 1.165610238 -6.263968313 -0.043033243 0.928199593 0.188584375 0.317851521
1403637196.688318968 4.220236716 1.160988321 -6.220457215 -0.038978001 0.927932534 0.191165082 0.317612720
1403637196.738319159 4.301577199 1.118722595 -6.160505100 -0.036368284 0.927601530 0.194854729 0.316645519
1403637196.788318872 4.353078896 1.111396612 -6.108475463 -0.032457171 0.926950399 0.198563281 0.316673512
1403637196.838319063 4.417610978 1.106161953 -6.052433294 -0.032350156 0.927070598 0.199082222 0.316006081
1403637196.888319016 4.475348347 1.103490958 -5.997561839 -0.032596926 0.927753225 0.197112144 0.315211352
1403637196.938319206 4.538179587 1.098687320 -5.933603146 -0.029913503 0.927985351 0.196857457 0.314953189
1403637196.988318920 4.603406301 1.091543630 -5.866364332 -0.021731851 0.927563657 0.199204250 0.315390323
1403637197.038319111 4.667109916 1.080965612 -5.794267549 -0.014835252 0.925862727 0.203650433 0.317938087
1403637197.088319063 4.728113349 1.073857298 -5.721249576 -0.009307620 0.923533500 0.207586173 0.322346432
1403637197.138319016 4.789232663 1.057959119 -5.643724214 -0.005266136 0.920666763 0.211126289 0.328284434
1403637197.188318968 4.851090809 1.047483468 -5.571785756 -0.001796675 0.916703196 0.215850039 0.336245124
1403637197.238319159 4.909392107 1.028646889 -5.491031863 0.000385276 0.912430440 0.218181815 0.346218484
1403637197.288318872 4.968396647 1.013264611 -5.408346494 0.002038057 0.906772645 0.222576194 0.358076883
1403637197.338319063 5.020909578 0.987861447 -5.325615724 0.002701703 0.900329467 0.226571025 0.371571155
1403637197.388319016 5.075683836 0.963906262 -5.240625047 0.004053700 0.893563207 0.227781010 0.386838693
1403637197.438319206 5.124308342 0.935928159 -5.156548732 0.004108784 0.885472138 0.229487748 0.404051462
1403637197.488318920 5.173977131 0.905965783 -5.070706815 -0.000457070 0.877016174 0.229430796 0.422142074
1403637197.538319111 5.231166065 0.878190575 -4.983971143 -0.004157716 0.868188483 0.228023008 0.440723246
1403637197.588319063 5.278439350 0.844478265 -4.894896784 -0.010321705 0.858010032 0.225974168 0.461137641
1403637197.638319016 5.340564413 0.812788845 -4.789532733 -0.014677625 0.848740459 0.221240443 0.480080062
1403637197.688318968 5.381615358 0.777156392 -4.711042209 -0.016851105 0.837901902 0.217207651 0.500457070
1403637197.738319159 5.430644004 0.741134573 -4.623362008 -0.020235591 0.827562791 0.211365366 0.519668193
1403637197.788318872 5.476929830 0.701975371 -4.544863337 -0.023016348 0.816948741 0.204057510 0.538911435
1403637197.838319063 5.526687759 0.663782346 -4.459234761 -0.026946457 0.807395872 0.193674975 0.556664889
1403637197.888319016 5.574264094 0.620125362 -4.375378646 -0.030770976 0.797118973 0.186479984 0.573480344
1403637197.938319206 5.617061518 0.581530941 -4.280561258 -0.032772349 0.787840524 0.178617938 0.588497166
1403637197.988318920 5.657997593 0.538008343 -4.196373910 -0.034923907 0.777956292 0.172092601 0.603281415
1403637198.038319111 5.702088405 0.485444567 -4.098485027 -0.035826905 0.769052150 0.166824972 0.615990789
1403637198.088319063 5.740978620 0.443318649 -4.005841479 -0.035392510 0.759647237 0.161237815 0.629035621
1403637198.138319016 5.779874434 0.394264683 -3.923596483 -0.035711066 0.749583914 0.156536962 0.642140838
1403637198.188318968 5.820541036 0.342348723 -3.828368299 -0.035845253 0.740058568 0.153223440 0.653873849
1403637198.238319159 5.855459487 0.287616022 -3.732306149 -0.037530605 0.730463852 0.149790973 0.665264368
1403637198.288318872 5.888871376 0.229264046 -3.639554563 -0.037839558 0.721734447 0.142401883 0.676305596
1403637198.338319063 5.921788132 0.168682076 -3.538223918 -0.038378245 0.713141821 0.138058482 0.686218412
1403637198.388319016 5.955799320 0.112965522 -3.442063347 -0.039523471 0.705796717 0.128739095 0.695496322
1403637198.438319206 5.985629507 0.053087956 -3.337763681 -0.039500712 0.699964355 0.121340568 0.702684895
1403637198.488318920 6.013700314 -0.003056730 -3.240301005 -0.040286157 0.695304220 0.114639921 0.708369082
1403637198.538319111 6.043179353 -0.053226248 -3.137334831 -0.041049434 0.692153946 0.107726191 0.712483633
1403637198.588319063 6.069031582 -0.105379404 -3.026760916 -0.041756530 0.690315636 0.101990721 0.715065457
1403637198.638319016 6.094677103 -0.151260400 -2.917074098 -0.043026062 0.688961478 0.097169452 0.716965088
1403637198.688318968 6.116578919 -0.192672128 -2.803050383 -0.042170594 0.687353481 0.095459022 0.718786762
1403637198.738319159 6.141133937 -0.226174699 -2.684848931 -0.041133529 0.686145706 0.094599043 0.720113271
1403637198.788318872 6.161498774 -0.264700192 -2.579254825 -0.038256710 0.684561323 0.094016930 0.721853889
1403637198.838319063 6.179661578 -0.296020378 -2.455499157 -0.032303091 0.684401800 0.091918998 0.722565972
1403637198.888319016 6.188610620 -0.332323768 -2.324969763 -0.025503617 0.684283398 0.090445515 0.723135814
1403637198.938319206 6.202208265 -0.360005989 -2.195944565 -0.015770548 0.683617614 0.092596080 0.723770829
1403637198.988318920 6.217272942 -0.389232486 -2.059401025 -0.004728748 0.682311910 0.094343605 0.724932673
1403637199.038319111 6.223652500 -0.416999520 -1.930346552 0.003930751 0.678866092 0.098140130 0.727663310
1403637199.088319063 6.226631353 -0.452580960 -1.788998553 0.008056514 0.674685385 0.103486786 0.730770284
1403637199.138319016 6.222220533 -0.480869889 -1.651399597 0.010469562 0.669212330 0.108229964 0.735072460
1403637199.188318968 6.216871391 -0.515369513 -1.517118695 0.010580315 0.662804554 0.112328768 0.740243493
1403637199.238319159 6.204202476 -0.551421131 -1.377520203 0.010544851 0.655863642 0.113900975 0.746162353
1403637199.288318872 6.190450146 -0.586067361 -1.246495944 0.009777291 0.648841905 0.112327081 0.752523231
1403637199.338319063 6.173106423 -0.624552243 -1.112593082 0.010289811 0.640850813 0.109087909 0.759805359
1403637199.388319016 6.150864078 -0.662981241 -0.979537991 0.009224672 0.632536852 0.104721232 0.767362691
1403637199.438319206 6.130460959 -0.698393893 -0.842900478 0.009792661 0.622770409 0.100150223 0.775906601
1403637199.488318920 6.108773680 -0.738520723 -0.708652367 0.009285338 0.612955449 0.095166323 0.784310379
1403637199.538319111 6.088029435 -0.775261702 -0.578035439 0.009218536 0.602100397 0.091850614 0.793065946
1403637199.588319063 6.059380160 -0.810493814 -0.447362630 0.010028181 0.591250843 0.087683678 0.801644216
1403637199.638319016 6.027661157 -0.845936372 -0.311650893 0.014041708 0.579567338 0.086225669 0.810228156
1403637199.688318968 5.990169284 -0.879694531 -0.181318374 0.019118334 0.567053693 0.084851962 0.819075542
1403637199.738319159 5.954561873 -0.906436707 -0.047143068 0.023992266 0.553678497 0.084526217 0.828082008
1403637199.788318872 5.913460719 -0.933581807 0.082888061 0.031143812 0.538266601 0.086963446 0.837697134
1403637199.838319063 5.879369325 -0.950896247 0.215651334 0.039062881 0.521746005 0.087789173 0.847672259
1403637199.888319016 5.836098652 -0.964187640 0.342844230 0.048924808 0.503816900 0.090012776 0.857713585
1403637199.938319206 5.794445924 -0.972250464 0.476934591 0.058912111 0.485327444 0.091128517 0.867572607
1403637199.988318920 5.744366616 -0.974702734 0.601200315 0.072118794 0.465880676 0.090127449 0.877286224
1403637200.038319111 5.696378503 -0.977214341 0.716148995 0.082215594 0.445715072 0.088465490 0.886990715
1403637200.088319063 5.645859865 -0.976141959 0.835476634 0.089771447 0.427092185 0.083100487 0.895894895
1403637200.138319016 5.591744753 -0.972701473 0.940618868 0.096144380 0.408120785 0.076060757 0.904659297
1403637200.188318968 5.531351506 -0.963799823 1.042615468 0.093694286 0.390784098 0.069440051 0.913064756
1403637200.238319159 5.472838786 -0.952590189 1.138966758 0.088683228 0.374061592 0.063529268 0.920965386
1403637200.288318872 5.411003062 -0.936743132 1.229742971 0.076738314 0.362383502 0.052348745 0.927388289
1403637200.338319063 5.346047812 -0.922315583 1.311785308 0.059612162 0.352404685 0.044079300 0.932906396
1403637200.388319016 5.281028202 -0.907496401 1.390203452 0.042925368 0.343404343 0.039366304 0.937379946
1403637200.438319206 5.214284832 -0.890789869 1.466971446 0.027095819 0.335921699 0.037907580 0.940736650
1403637200.488318920 5.147439123 -0.879010385 1.536813098 0.012066802 0.329877418 0.036937724 0.943223667
1403637200.538319111 5.071966993 -0.866440719 1.606964038 0.004526790 0.323233484 0.042194007 0.945367277
1403637200.588319063 5.004312242 -0.859810170 1.671895534 0.002131186 0.317360381 0.048278725 0.947072865
1403637200.638319016 4.922654895 -0.848675051 1.737336459 0.000125939 0.314456872 0.052765864 0.947804106
1403637200.688318968 4.851419974 -0.842911264 1.798497914 -0.000853755 0.312493872 0.056632013 0.948229754
1403637200.738319159 4.781071702 -0.838911165 1.857513215 -0.002015716 0.311487215 0.060713810 0.948306641
1403637200.788318872 4.706942182 -0.836351178 1.913619043 0.000359318 0.311980890 0.065827780 0.947805095
1403637200.838319063 4.633987626 -0.834164449 1.966724600 0.004038418 0.314179398 0.071450989 0.946662428
1403637200.888319016 4.564842003 -0.834741581 2.016188092 0.006592050 0.317681478 0.074896553 0.945211897
1403637200.938319206 4.496762282 -0.835197024 2.062158984 0.007025434 0.321905738 0.076861415 0.943620507
1403637200.988318920 4.434661088 -0.838333954 2.104086050 0.006584969 0.326470927 0.078291103 0.941936237
1403637201.038319111 4.367467357 -0.840493228 2.144683769 0.006836738 0.331526460 0.078751825 0.940128510
1403637201.088319063 4.311832723 -0.848550965 2.167735468 0.005841449 0.336678552 0.079559763 0.938234339
1403637201.138319016 4.246100414 -0.852656694 2.202778400 0.004282706 0.341554602 0.079713494 0.936465627
1403637201.188318968 4.181248198 -0.860398603 2.235111283 0.004490464 0.345237536 0.082203625 0.934897558
1403637201.238319159 4.113822230 -0.868181875 2.264564951 0.003345076 0.347999074 0.086296571 0.933508627
1403637201.288318872 4.052174155 -0.879606054 2.281017582 0.004593671 0.350019753 0.094147820 0.931987800
1403637201.338319063 3.988701323 -0.888191560 2.304368987 0.007249889 0.351579744 0.106668502 0.930032770
1403637201.388319016 3.924754156 -0.894599536 2.326473118 0.007621661 0.354404130 0.119366560 0.927411045
1403637201.438319206 3.865149124 -0.900211341 2.345897863 0.007310783 0.357503898 0.132926894 0.924374359
1403637201.488318920 3.805691062 -0.903958331 2.360802795 0.006354659 0.361203824 0.145965770 0.920969820
1403637201.538319111 3.754074049 -0.904527116 2.375665646 0.005851427 0.364937048 0.157629093 0.917572766
1403637201.588319063 3.704315067 -0.903155746 2.387916358 0.006478983 0.368291874 0.166831023 0.914596374
1403637201.638319016 3.654556966 -0.899134896 2.396910543 0.007700224 0.371328497 0.174291197 0.911964052
1403637201.688318968 3.610037897 -0.894104616 2.403018492 0.010114404 0.374931447 0.178136912 0.909720479
1403637201.738319159 3.568678017 -0.887907210 2.406088135 0.012680296 0.380173912 0.175262572 0.908069401
1403637201.788318872 3.530016710 -0.879961360 2.405749937 0.013637885 0.385623167 0.169403103 0.906868993
1403637201.838319063 3.494755927 -0.871868317 2.401188051 0.014915591 0.389410037 0.165725327 0.905909744
1403637201.888319016 3.463341593 -0.867527756 2.391717757 0.015474769 0.392350928 0.162354906 0.905241496
1403637201.938319206 3.434891560 -0.860972179 2.378969118 0.015335892 0.394058842 0.160370045 0.904855728
1403637201.988318920 3.406285891 -0.855013546 2.362498327 0.013443025 0.393544651 0.162622177 0.904707644
1403637202.038319111 3.380047713 -0.849044647 2.342392910 0.010920797 0.391682033 0.167308919 0.904695334
1403637202.088319063 3.355426992 -0.843377177 2.318766504 0.006513059 0.388795238 0.173352382 0.904845177
1403637202.138319016 3.336258482 -0.840263029 2.291592530 -0.000670662 0.386260946 0.177755815 0.905099388
1403637202.188318968 3.322260414 -0.836715819 2.260171294 -0.009438345 0.385602985 0.176828547 0.905512518
1403637202.238319159 3.311673693 -0.831847619 2.227020681 -0.019562140 0.387626422 0.168805177 0.906017600
1403637202.288318872 3.303152841 -0.826675604 2.192171939 -0.030708283 0.390408346 0.158322073 0.906406336
1403637202.338319063 3.297575622 -0.821997982 2.157450321 -0.039956979 0.392700168 0.149608888 0.906535823
1403637202.388319016 3.295523460 -0.813548585 2.121694352 -0.046899925 0.394622023 0.141190295 0.906718896
1403637202.438319206 3.298427833 -0.805564472 2.086639555 -0.050313103 0.395991854 0.135243127 0.906845268
1403637202.488318920 3.301490855 -0.796574765 2.052795231 -0.049437772 0.397066843 0.130414887 0.907130523
1403637202.538319111 3.307261632 -0.789855529 2.019392933 -0.046854810 0.397880811 0.126590832 0.907452615
1403637202.588319063 3.313348928 -0.784445632 1.986275366 -0.042118602 0.398315701 0.124071195 0.907841927
1403637202.638319016 3.322225681 -0.781305468 1.952665680 -0.036775821 0.399147219 0.120192463 0.908230592
1403637202.688318968 3.332308325 -0.779508610 1.918485461 -0.033301048 0.400102335 0.116256763 0.908456673
1403637202.738319159 3.344793922 -0.780233164 1.883642388 -0.029581031 0.400886532 0.112273056 0.908740729
1403637202.788318872 3.356334795 -0.780467498 1.848387717 -0.029460652 0.402559838 0.106058060 0.908751525
1403637202.838319063 3.369630591 -0.780564603 1.813747358 -0.029896666 0.404437028 0.100189903 0.908569680
1403637202.888319016 3.383964867 -0.779807926 1.779316599 -0.031316624 0.406292377 0.094563113 0.908297083
1403637202.938319206 3.399247566 -0.778002478 1.745327939 -0.032663832 0.407809634 0.089666224 0.908066267
1403637202.988318920 3.414068095 -0.773987602 1.711743942 -0.033888664 0.408935267 0.086142203 0.907856281
1403637203.038319111 3.427851675 -0.770029513 1.680160633 -0.034380256 0.409783368 0.084097014 0.907647113
1403637203.088319063 3.441306460 -0.764976693 1.648982020 -0.034202238 0.410068792 0.083771500 0.907555028
1403637203.138319016 3.454034207 -0.759368573 1.619259031 -0.032708562 0.409813488 0.085285705 0.907584378
1403637203.188318968 3.466590655 -0.752374516 1.590179677 -0.033786227 0.410628796 0.083506930 0.907341763
1403637203.238319159 3.478880498 -0.745785828 1.562313371 -0.032908628 0.411288018 0.083048077 0.907117526
1403637203.288318872 3.490982464 -0.738660125 1.535018927 -0.032849468 0.411928137 0.082208225 0.906905690
1403637203.338319063 3.502809687 -0.731062604 1.509372812 -0.032486774 0.412261049 0.081799903 0.906804396
1403637203.388319016 3.513639956 -0.722321708 1.484802046 -0.031950191 0.412300502 0.082884885 0.906706996
1403637203.438319206 3.527491160 -0.712429368 1.460601423 -0.032733560 0.412775889 0.081990729 0.906544042
1403637203.488318920 3.537937729 -0.702320991 1.437252604 -0.032629241 0.412992451 0.082139236 0.906435720
1403637203.538319111 3.548506953 -0.692380979 1.415067080 -0.032269835 0.413514316 0.081299924 0.906286318
1403637203.588319063 3.559622845 -0.680163312 1.393763742 -0.032087687 0.414291571 0.079690310 0.906080752
1403637203.638319016 3.569198978 -0.667715233 1.374378982 -0.032777775 0.415427463 0.077613189 0.905716199
1403637203.688318968 3.577062667 -0.655252149 1.355806895 -0.032445297 0.415683961 0.077947320 0.905581781
1403637203.738319159 3.585382279 -0.641898037 1.337382032 -0.031224612 0.416127194 0.078218740 0.905397709
1403637203.788318872 3.592801227 -0.628205845 1.319552681 -0.031050805 0.416461342 0.078642680 0.905213304
1403637203.838319063 3.599743780 -0.613069968 1.303228040 -0.030659725 0.416644922 0.079025258 0.905108833
1403637203.888319016 3.606671514 -0.597504765 1.287788232 -0.030193297 0.417007934 0.078517307 0.905001536
1403637203.938319206 3.611514763 -0.581044544 1.272666778 -0.029883876 0.417321347 0.078204273 0.904894435
1403637203.988318920 3.623906484 -0.564825234 1.259835258 -0.030355637 0.417292929 0.078180500 0.904893892
1403637204.038319111 3.629273381 -0.549039497 1.245662596 -0.030854827 0.417759106 0.077733327 0.904700414
1403637204.088319063 3.633152191 -0.534105420 1.232830977 -0.030437872 0.417794479 0.078658667 0.904618220
1403637204.138319016 3.637141959 -0.521018135 1.219783741 -0.030511575 0.417999764 0.078327828 0.904549607
1403637204.188318968 3.638704008 -0.509811472 1.207016315 -0.030894269 0.418064573 0.079094571 0.904439941
1403637204.238319159 3.638916810 -0.498937219 1.195449911 -0.030933036 0.418621572 0.078242206 0.904255099
1403637204.288318872 3.639297199 -0.491495177 1.183005141 -0.031809539 0.418551322 0.079851608 0.904116510
1403637204.338319063 3.636931758 -0.485502008 1.170913056 -0.030687244 0.418345550 0.080992143 0.904149084
1403637204.388319016 3.635623508 -0.483451761 1.159117496 -0.028253370 0.418163188 0.083090579 0.904122365
1403637204.438319206 3.634102126 -0.483457671 1.146626870 -0.025972449 0.419016196 0.082692786 0.903832264
1403637204.488318920 3.632042717 -0.486059556 1.134382395 -0.021407959 0.419020039 0.084879295 0.903747427
1403637204.538319111 3.631238723 -0.490858260 1.119562046 -0.019771851 0.419582668 0.085298019 0.903484204
1403637204.588319063 3.628030310 -0.494718506 1.105308461 -0.019863060 0.420374369 0.086431732 0.903006315
1403637204.638319016 3.623829531 -0.499740632 1.090995563 -0.020752796 0.421186068 0.087586356 0.902496675
1403637204.688318968 3.619718803 -0.505683318 1.075846344 -0.022983692 0.422686242 0.086573614 0.901838733
1403637204.738319159 3.614696903 -0.511424276 1.061600351 -0.023215690 0.423354700 0.087482010 0.901431488
1403637204.788318872 3.609395939 -0.516161165 1.047543426 -0.025201765 0.424319528 0.088062498 0.900867807
1403637204.838319063 3.603103136 -0.518569423 1.035352348 -0.026337558 0.424777837 0.089619255 0.900465719
1403637204.888319016 3.597262448 -0.519998281 1.023526285 -0.027497208 0.425654670 0.089502429 0.900028511
1403637204.938319206 3.590601095 -0.519919214 1.012544015 -0.029569489 0.425991756 0.090135452 0.899740112
1403637204.988318920 3.583549378 -0.517635686 1.002190795 -0.032721722 0.426064430 0.091649952 0.899443537
1403637205.038319111 3.576456467 -0.513927257 0.992714705 -0.035792680 0.426013890 0.092776924 0.899234948
1403637205.088319063 3.570180332 -0.510161740 0.983561394 -0.037897114 0.425963672 0.093378480 0.899110237
1403637205.138319016 3.564966423 -0.506299308 0.975433324 -0.038120823 0.425890638 0.093691645 0.899102799
1403637205.188318968 3.559122769 -0.500984989 0.968102977 -0.038504747 0.425878931 0.092892349 0.899174918
1403637205.238319159 3.552745962 -0.494425574 0.962602679 -0.039311338 0.424436434 0.092870140 0.899824132
1403637205.288318872 3.547851756 -0.488410630 0.956855260 -0.040273927 0.421966553 0.092096657 0.901021889
1403637205.338319063 3.541771909 -0.483050162 0.952555936 -0.039747432 0.418738949 0.090168286 0.902744435
1403637205.388319016 3.535797069 -0.479061319 0.948443915 -0.040042059 0.415760302 0.088280143 0.904293437
1403637205.438319206 3.530713671 -0.477516046 0.944447021 -0.039457867 0.413097895 0.085826238 0.905774289
1403637205.488318920 3.524429684 -0.477533711 0.941022074 -0.037353096 0.410354561 0.083315185 0.907343629
1403637205.538319111 3.517666989 -0.479315250 0.937989797 -0.034819979 0.407832986 0.080956668 0.908793619
1403637205.588319063 3.513158772 -0.480311722 0.935889390 -0.033595233 0.405840046 0.078553068 0.909942104
1403637205.638319016 3.506049563 -0.480376325 0.934056649 -0.032090752 0.403852995 0.077537463 0.910967005
1403637205.688318968 3.498833608 -0.477911086 0.932654654 -0.031772573 0.402484255 0.076381201 0.911681326
1403637205.738319159 3.492550984 -0.474315638 0.932336665 -0.031875969 0.400977451 0.076701133 0.912314607
1403637205.788318872 3.485191465 -0.469219392 0.932780112 -0.031844938 0.400019407 0.076220211 0.912776453
1403637205.838319063 3.477521519 -0.462610079 0.933527759 -0.032264502 0.399487747 0.075619369 0.913044497
1403637205.888319016 3.469381816 -0.455438326 0.935268466 -0.031998977 0.398646827 0.076227682 0.913370743
1403637205.938319206 3.460322107 -0.447873078 0.937571288 -0.031714699 0.398316947 0.076173389 0.913529092
1403637205.988318920 3.451473233 -0.441022904 0.940274196 -0.031368367 0.397996908 0.075517316 0.913734984
1403637206.038319111 3.441851417 -0.435939388 0.942728839 -0.030656695 0.397433093 0.076089362 0.913957063
1403637206.088319063 3.431736537 -0.433302985 0.944692113 -0.029929310 0.396703136 0.077474676 0.914181893
1403637206.138319016 3.421665347 -0.432190070 0.946810956 -0.028685062 0.395355887 0.080565095 0.914538220
1403637206.188318968 3.410668637 -0.432824699 0.948598047 -0.026575139 0.393510292 0.084974188 0.914998797
1403637206.238319159 3.398971052 -0.435161854 0.949775846 -0.025804950 0.392563208 0.087123790 0.915225479
1403637206.288318872 3.388064036 -0.439475545 0.950050153 -0.024190424 0.391877575 0.089017978 0.915381117
1403637206.338319063 3.376819890 -0.445571196 0.949666171 -0.022733504 0.391539157 0.090492995 0.915418644
1403637206.388319016 3.365559194 -0.452847510 0.948886154 -0.022652034 0.391399037 0.090545606 0.915475381
1403637206.438319206 3.354419108 -0.461580026 0.946693130 -0.022827089 0.391517745 0.090842819 0.915390825
1403637206.488318920 3.343433583 -0.470691677 0.944255268 -0.022776587 0.391766984 0.090424136 0.915326900
1403637206.538319111 3.332781220 -0.479007024 0.941779629 -0.022406298 0.392080916 0.090411693 0.915202840
1403637206.588319063 3.321943444 -0.486261205 0.939099040 -0.022669700 0.392670656 0.089607102 0.915022627
1403637206.638319016 3.312960956 -0.491134573 0.937449451 -0.023131649 0.393306642 0.088552082 0.914840609
1403637206.688318968 3.302921905 -0.495271863 0.934751720 -0.023746802 0.394174023 0.087252576 0.914576359
1403637206.738319159 3.292769425 -0.497981277 0.932203674 -0.023503869 0.394729203 0.086439603 0.914420374
1403637206.788318872 3.282729595 -0.499300872 0.930072192 -0.022845026 0.395424821 0.085227379 0.914250299
1403637206.838319063 3.272188550 -0.499718612 0.927990789 -0.022942850 0.395911126 0.084834439 0.914073916
1403637206.888319016 3.261446052 -0.501726232 0.925586537 -0.021999109 0.396483391 0.084291061 0.913899325
1403637206.938319206 3.249247175 -0.503469202 0.923896320 -0.020246924 0.396694755 0.083990796 0.913875746
1403637206.988318920 3.237483208 -0.507854499 0.920086318 -0.019937394 0.397186289 0.083968615 0.913671070
1403637207.038319111 3.225150337 -0.512940460 0.916227725 -0.019487800 0.397779617 0.083952858 0.913424063
1403637207.088319063 3.212858626 -0.518285446 0.911336960 -0.020050155 0.398122264 0.084678790 0.913195574
1403637207.138319016 3.200513255 -0.522755112 0.906803308 -0.018616248 0.398867815 0.084681901 0.912900256
1403637207.188318968 3.187297228 -0.525082450 0.902286252 -0.018522620 0.399536864 0.085226269 0.912558869
1403637207.238319159 3.174479725 -0.526359061 0.897850321 -0.016824246 0.400098902 0.085124650 0.912354979
1403637207.288318872 3.161155427 -0.524812819 0.892838184 -0.017214760 0.400541094 0.085830540 0.912087497
1403637207.338319063 3.147380569 -0.521235522 0.888520817 -0.017492249 0.400944135 0.086452422 0.911846369
1403637207.388319016 3.133951965 -0.516806990 0.884126734 -0.017700468 0.401443781 0.086183879 0.911647916
1403637207.438319206 3.120256982 -0.510554142 0.879798386 -0.017515895 0.401999931 0.086221725 0.911402799
1403637207.488318920 3.105849732 -0.502930416 0.875382032 -0.017861396 0.402383030 0.086918176 0.911160852
1403637207.538319111 3.091691792 -0.493639337 0.870589189 -0.019447140 0.402344447 0.088710961 0.910972623
1403637207.588319063 3.076838171 -0.483881855 0.865469591 -0.021690164 0.401405635 0.093506317 0.910856532
1403637207.638319016 3.061846377 -0.473781927 0.860508829 -0.025884521 0.399466455 0.100765124 0.910825413
1403637207.688318968 3.043172825 -0.465172786 0.858019384 -0.029236309 0.398445011 0.106051678 0.910571168
1403637207.738319159 3.029038508 -0.459205162 0.851093514 -0.031719571 0.398162945 0.107731829 0.910414186
1403637207.788318872 3.016449398 -0.456635242 0.842959000 -0.032107532 0.398767369 0.106581778 0.910271397
1403637207.838319063 3.004943341 -0.457025486 0.833559230 -0.031880216 0.399908591 0.104077899 0.910068438
1403637207.888319016 2.994291029 -0.459745436 0.823309839 -0.031818369 0.401370162 0.100633018 0.909814586
1403637207.938319206 2.983753662 -0.465189687 0.812799748 -0.030941121 0.402569502 0.097512987 0.909654693
1403637207.988318920 2.973933631 -0.472367838 0.801774081 -0.030392045 0.403557919 0.095048280 0.909496099
1403637208.038319111 2.964073025 -0.481230274 0.790274539 -0.030381547 0.404515117 0.092697408 0.909313847
1403637208.088319063 2.954334382 -0.491508131 0.779183569 -0.030757750 0.405358785 0.091029952 0.909093925
1403637208.138319016 2.944588915 -0.502692008 0.768017380 -0.031345717 0.405908300 0.090007478 0.908930444
1403637208.188318968 2.934214642 -0.515534034 0.757284690 -0.030667653 0.406977155 0.087890730 0.908682734
1403637208.238319159 2.924294915 -0.527236530 0.746528223 -0.031759766 0.407283440 0.088498965 0.908448926
1403637208.288318872 2.914984935 -0.538952344 0.736636817 -0.029715824 0.406414727 0.092946321 0.908462999
1403637208.338319063 2.905392278 -0.549690784 0.726721983 -0.027028229 0.405621750 0.097218330 0.908454219
1403637208.388319016 2.896861124 -0.558718680 0.716672268 -0.024911830 0.405089148 0.100385344 0.908407929
1403637208.438319206 2.888210233 -0.564928731 0.707289219 -0.023465207 0.405693010 0.100768834 0.908134466
1403637208.488318920 2.880817611 -0.569425403 0.697605691 -0.023449505 0.406230144 0.100392020 0.907936470
1403637208.538319111 2.873278638 -0.572363475 0.688108526 -0.022560382 0.407039702 0.099002943 0.907748934
1403637208.588319063 2.865887883 -0.573062566 0.678789653 -0.023471691 0.408388910 0.096429503 0.907396787
1403637208.638319016 2.859111488 -0.571642558 0.670399319 -0.023747376 0.409199351 0.094324971 0.907245696
1403637208.688318968 2.852728578 -0.570502727 0.661710829 -0.024235731 0.410250248 0.091893828 0.907007656
1403637208.738319159 2.847170460 -0.568079275 0.654888995 -0.023517217 0.410844460 0.090231579 0.906924491
1403637208.788318872 2.840386649 -0.564645733 0.646216530 -0.022681037 0.411161244 0.089265071 0.906897871
1403637208.838319063 2.833468952 -0.559552298 0.637756083 -0.022791283 0.411559589 0.088395545 0.906799587
1403637208.888319016 2.826672084 -0.552914329 0.629920425 -0.024052039 0.412244146 0.086679682 0.906621694
1403637208.938319206 2.820328767 -0.544459573 0.621766883 -0.026175456 0.413720936 0.081955020 0.906329525
1403637208.988318920 2.812704577 -0.534041326 0.614447630 -0.029259470 0.415812912 0.076175677 0.905781857
1403637209.038319111 2.801717060 -0.520781853 0.609189403 -0.032157951 0.417976550 0.070159859 0.905173499
1403637209.088319063 2.793303365 -0.508788429 0.603664830 -0.034831040 0.418966762 0.064608413 0.905030057
1403637209.138319016 2.782971637 -0.498193831 0.599401171 -0.035231338 0.417575429 0.060777048 0.905922549
1403637209.188318968 2.770072703 -0.488798306 0.595596442 -0.035952469 0.412199495 0.062290176 0.908250478
1403637209.238319159 2.755605106 -0.481749313 0.592817697 -0.035082997 0.404283078 0.066740904 0.911520723
1403637209.288318872 2.740586162 -0.476021364 0.590384706 -0.037058879 0.395565437 0.070845719 0.914951096
1403637209.338319063 2.724790964 -0.471851545 0.588059837 -0.039023869 0.387522951 0.073498542 0.918096435
1403637209.388319016 2.709419466 -0.469895922 0.585245309 -0.042430054 0.380680428 0.075047823 0.920679057
1403637209.438319206 2.693755532 -0.468965127 0.583141316 -0.046480863 0.375031562 0.075911735 0.922728706
1403637209.488318920 2.676376954 -0.468890316 0.582251480 -0.053078394 0.369802677 0.077088051 0.924384172
1403637209.538319111 2.664629517 -0.471417949 0.582715182 -0.061550889 0.365065412 0.078157241 0.925651219
1403637209.588319063 2.651095235 -0.475519108 0.582848921 -0.070996480 0.360765477 0.079585167 0.926538705
1403637209.638319016 2.637674605 -0.481586459 0.584293727 -0.079214442 0.356879843 0.081435782 0.927216298
1403637209.688318968 2.624742637 -0.490468312 0.587269605 -0.085179128 0.353721333 0.082916699 0.927766434
1403637209.738319159 2.614691183 -0.502099438 0.592078837 -0.089543576 0.351208170 0.084263006 0.928188836
1403637209.788318872 2.605651335 -0.515975563 0.599572259 -0.092370759 0.349797804 0.084786624 0.928396665
1403637209.838319063 2.600998949 -0.529182170 0.610898349 -0.094916403 0.348940685 0.085260256 0.928419067
1403637209.888319016 2.595225425 -0.543102809 0.623350485 -0.097187690 0.347733031 0.087586376 0.928420658
1403637209.938319206 2.593178580 -0.555064929 0.638330574 -0.100828392 0.347002507 0.089410504 0.928131810
1403637209.988318920 2.591816379 -0.563033354 0.656741361 -0.105747518 0.346417972 0.090713139 0.927676224
1403637210.038319111 2.592939703 -0.567435875 0.678044688 -0.111836106 0.345836981 0.092477261 0.927004544
1403637210.088319063 2.595061279 -0.569448207 0.704439730 -0.117893339 0.345723930 0.094104649 0.926131977
1403637210.138319016 2.600079052 -0.567603666 0.733990116 -0.123035884 0.345008083 0.097077099 0.925422947
1403637210.188318968 2.606727822 -0.563601518 0.767210252 -0.129043255 0.344546022 0.099342273 0.924536095
1403637210.238319159 2.617611908 -0.559259458 0.805659214 -0.134096780 0.344021041 0.101405554 0.923788120
1403637210.288318872 2.631473861 -0.556308053 0.846533777 -0.138472064 0.343696318 0.102365525 0.923157423
1403637210.338319063 2.648686899 -0.554424308 0.891718556 -0.140656042 0.343254535 0.103697256 0.922842934
1403637210.388319016 2.669440404 -0.554162234 0.942144482 -0.142622341 0.343049753 0.104491293 0.922527671
1403637210.438319206 2.692752145 -0.555674806 0.996291822 -0.140974260 0.343204432 0.103765363 0.922805356
1403637210.488318920 2.721713382 -0.559623313 1.053107729 -0.135538883 0.343819503 0.101018921 0.923695046
1403637210.538319111 2.751942161 -0.564607990 1.113800168 -0.127726229 0.344481356 0.097891483 0.924897758
1403637210.588319063 2.786793262 -0.570052056 1.177249591 -0.120377772 0.344613236 0.096059369 0.926025651
1403637210.638319016 2.823156058 -0.577767111 1.245567512 -0.112778903 0.344590307 0.094758147 0.927124227
1403637210.688318968 2.858277975 -0.583531162 1.317022014 -0.106841988 0.344689583 0.093142146 0.927953890
1403637210.738319159 2.896352660 -0.589586099 1.390208031 -0.102702721 0.344150006 0.092998299 0.928635688
1403637210.788318872 2.936013979 -0.596224504 1.464464309 -0.097353716 0.342292814 0.096840934 0.929505092
1403637210.838319063 2.976136216 -0.601085328 1.542865575 -0.092055139 0.341129172 0.099845270 0.930154644
1403637210.888319016 3.019598873 -0.607339881 1.621054272 -0.086223884 0.339747754 0.103902626 0.930774489
1403637210.938319206 3.064439772 -0.613571149 1.703017957 -0.077626059 0.338620230 0.107227779 0.931564672
1403637210.988318920 3.110743329 -0.618833428 1.787468600 -0.068870813 0.338392394 0.108672435 0.932168279
1403637211.038319111 3.161779033 -0.623263963 1.871428512 -0.060081564 0.338404951 0.109693861 0.932651892
1403637211.088319063 3.214119911 -0.627390336 1.953429715 -0.052027722 0.338303817 0.111640961 0.932941552
1403637211.138319016 3.267150865 -0.629511551 2.035814124 -0.048492317 0.339638526 0.109862905 0.932858140
1403637211.188318968 3.321352301 -0.629425441 2.117717275 -0.046339721 0.342284575 0.104509193 0.932615531
1403637211.238319159 3.377767101 -0.631099706 2.200717890 -0.043068760 0.344908969 0.099383118 0.932365744
1403637211.288318872 3.435819164 -0.633565351 2.280921126 -0.038931426 0.348083174 0.093987878 0.931927426
1403637211.338319063 3.493330849 -0.633035480 2.361618558 -0.034297573 0.351145883 0.089174019 0.931433433
1403637211.388319016 3.549974503 -0.632125297 2.442475780 -0.029996117 0.353451410 0.085944109 0.931013396
1403637211.438319206 3.608298696 -0.630915307 2.521299740 -0.028021287 0.355049319 0.084042411 0.930640458
1403637211.488318920 3.666468286 -0.628452947 2.599048878 -0.026750378 0.355887707 0.083613193 0.930396255
1403637211.538319111 3.724944943 -0.626311400 2.675229711 -0.028623498 0.355710068 0.085365545 0.930249303
1403637211.588319063 3.785833034 -0.622217451 2.751815207 -0.031151953 0.355520222 0.087339363 0.930057398
1403637211.638319016 3.839827282 -0.621540397 2.827294981 -0.033309856 0.355089416 0.089294791 0.929961505
1403637211.688318968 3.898762467 -0.622629480 2.902635243 -0.034537556 0.354282756 0.091821383 0.929978344
1403637211.738319159 3.957237055 -0.625587876 2.973806177 -0.039220987 0.352631282 0.096874220 0.929907672
1403637211.788318872 4.013799814 -0.630154391 3.048013141 -0.043119385 0.350626506 0.103131807 0.929820199
1403637211.838319063 4.076269898 -0.635580814 3.117965053 -0.045846310 0.348130600 0.110320914 0.929802397
1403637211.888319016 4.135549112 -0.643846704 3.186895714 -0.048772221 0.347387696 0.113282971 0.929575187
1403637211.938319206 4.196611506 -0.654903380 3.253796878 -0.050404108 0.347865324 0.112705818 0.929379654
1403637211.988318920 4.258757737 -0.668297670 3.320141253 -0.049783015 0.349102522 0.109464711 0.929336622
1403637212.038319111 4.323408164 -0.682054610 3.386892402 -0.046966421 0.351576552 0.103188344 0.929268663
1403637212.088319063 4.386599598 -0.699639812 3.453120972 -0.040646537 0.354004177 0.097058576 0.929305404
1403637212.138319016 4.450459012 -0.717936666 3.517920835 -0.033271857 0.355754184 0.091802216 0.929464522
1403637212.188318968 4.515791519 -0.739498596 3.579343717 -0.027308264 0.357685746 0.086996331 0.929379796
1403637212.238319159 4.582451101 -0.759658058 3.642167593 -0.022312073 0.358904581 0.084345697 0.929287618
1403637212.288318872 4.645484235 -0.781926355 3.703977110 -0.019769992 0.360081957 0.081772120 0.929119719
1403637212.338319063 4.711274773 -0.804854785 3.763552391 -0.016840357 0.360881862 0.080488303 0.928979180
1403637212.388319016 4.775015441 -0.830497362 3.821896674 -0.015481719 0.361805251 0.079904596 0.928693993
1403637212.438319206 4.838517142 -0.855544988 3.878307700 -0.014951672 0.362821408 0.078966392 0.928386440
1403637212.488318920 4.899728415 -0.880761287 3.932774376 -0.017477426 0.363283010 0.079535384 0.928113203
1403637212.538319111 4.958272356 -0.907702621 3.985672999 -0.021596079 0.363941984 0.080636625 0.927673206
1403637212.588319063 5.018745321 -0.934088095 4.037070712 -0.025817533 0.364065928 0.082763697 0.927329297
1403637212.638319016 5.078140538 -0.961374033 4.088659646 -0.031332096 0.364473361 0.084232748 0.926866934
1403637212.688318968 5.137822388 -0.989419613 4.140063949 -0.035818350 0.364348401 0.085921803 0.926598474
1403637212.738319159 5.196446115 -1.017850168 4.191772662 -0.039538023 0.365009289 0.085422257 0.926233233
1403637212.788318872 5.256072998 -1.046574964 4.241035720 -0.041286821 0.365303585 0.084640811 0.926112640
1403637212.838319063 5.313399916 -1.076245889 4.291635426 -0.044648047 0.365772251 0.083985749 0.925831305
1403637212.888319016 5.371124243 -1.104919702 4.341211660 -0.045781540 0.366293517 0.082257962 0.925724980
1403637212.938319206 5.428899123 -1.133978920 4.392088971 -0.046805780 0.366825418 0.079760412 0.925681699
1403637212.988318920 5.487573228 -1.165333161 4.442232414 -0.047761162 0.366715896 0.077719948 0.925849843
1403637213.038319111 5.543310001 -1.194960164 4.491445250 -0.048111012 0.366068990 0.077648553 0.926093693
1403637213.088319063 5.599204706 -1.225909944 4.542548590 -0.047341303 0.364795290 0.079025468 0.926519386
1403637213.138319016 5.656114116 -1.254590073 4.595123137 -0.047719898 0.363211131 0.080928759 0.926957939
1403637213.188318968 5.714119757 -1.283268704 4.646922948 -0.047314759 0.361645248 0.082709168 0.927433675
1403637213.238319159 5.770139362 -1.309252370 4.698301862 -0.046526056 0.360741668 0.083469151 0.927757337
1403637213.288318872 5.826636947 -1.331751661 4.750967419 -0.046335701 0.359864437 0.084346767 0.928028131
1403637213.338319063 5.882725234 -1.354691530 4.805057835 -0.045076444 0.359812087 0.083960308 0.928145486
1403637213.388319016 5.940766265 -1.376484533 4.858767959 -0.043819113 0.359872508 0.082749162 0.928291032
1403637213.438319206 5.999168406 -1.397960927 4.912402678 -0.041440808 0.359949397 0.081907551 0.928445068
1403637213.488318920 6.056007060 -1.419563876 4.966044999 -0.039920400 0.360515576 0.080563773 0.928409586
1403637213.538319111 6.113474279 -1.438971571 5.020724664 -0.038634676 0.360938315 0.078579975 0.928469753
1403637213.588319063 6.169503720 -1.455232843 5.074570819 -0.038825091 0.363298120 0.071117294 0.928142995
1403637213.638319016 6.222348796 -1.468804597 5.129983481 -0.040014375 0.365131542 0.065287944 0.927801321
1403637213.688318968 6.274570559 -1.483312790 5.185119505 -0.043459946 0.366788903 0.059713199 0.927368032
1403637213.738319159 6.330760051 -1.496469815 5.241757586 -0.045255662 0.367880500 0.055507393 0.927110992
1403637213.788318872 6.387406317 -1.508002644 5.299005784 -0.048576122 0.368110575 0.053390312 0.926975965
1403637213.838319063 6.439529955 -1.519898657 5.357094910 -0.050153192 0.368022258 0.051633057 0.927026592
1403637213.888319016 6.489098701 -1.529213407 5.418534630 -0.051217425 0.368257837 0.049812018 0.926974489
1403637213.938319206 6.538894390 -1.538001107 5.479718682 -0.052723811 0.368058795 0.049420264 0.926990054
1403637213.988318920 6.586649559 -1.548647270 5.541385982 -0.050307840 0.367946259 0.047323901 0.927278340
1403637214.038319111 6.631818023 -1.561195201 5.604212380 -0.046503851 0.365973678 0.046383418 0.928304496
1403637214.088319063 6.676583717 -1.577556879 5.663286671 -0.041407322 0.361763843 0.046864806 0.930169902
1403637214.138319016 6.716411849 -1.593231970 5.725319558 -0.036388572 0.356078127 0.049872732 0.932414580
1403637214.188318968 6.756779344 -1.612868511 5.786979017 -0.031738838 0.349559080 0.051239701 0.934973577
1403637214.238319159 6.794330652 -1.631605932 5.852213527 -0.028199378 0.342949902 0.050180003 0.937588464
1403637214.288318872 6.832010653 -1.651713325 5.914064006 -0.024943242 0.335558942 0.046956503 0.940517474
1403637214.338319063 6.865693647 -1.673611386 5.975013605 -0.021395124 0.326941707 0.042735958 0.943835265
1403637214.388319016 6.898992022 -1.696409822 6.034075824 -0.018361053 0.317961883 0.034841493 0.947285165
1403637214.438319206 6.929703474 -1.718427426 6.092356480 -0.017468162 0.308296858 0.024925698 0.950803145
1403637214.488318920 6.957301614 -1.742743759 6.149574012 -0.017108225 0.297726412 0.014637143 0.954385691
1403637214.538319111 6.982089522 -1.769432184 6.209738776 -0.016773815 0.287279043 0.003566901 0.957693410
1403637214.588319063 7.003864204 -1.796376997 6.264317051 -0.016823295 0.277846130 -0.007008891 0.960452695
1403637214.638319016 7.021590759 -1.823406914 6.318905621 -0.015620436 0.269608910 -0.017979269 0.962675326
1403637214.688318968 7.038688576 -1.851141723 6.376229410 -0.014313045 0.262533504 -0.027912532 0.964412871
1403637214.738319159 7.049351368 -1.879403337 6.429757775 -0.013849727 0.257176215 -0.037920303 0.965520911
1403637214.788318872 7.056201573 -1.909358507 6.480784553 -0.012132521 0.251921094 -0.044297154 0.966657295
1403637214.838319063 7.057876582 -1.935543157 6.531960738 -0.011241349 0.247395002 -0.047426607 0.967687998
1403637214.888319016 7.053130206 -1.961770052 6.580785572 -0.010818621 0.243893993 -0.048859325 0.968509909
1403637214.938319206 7.045961562 -1.991169979 6.631036836 -0.010035210 0.241280147 -0.049732970 0.969128380
1403637214.988318920 7.040612151 -2.017716067 6.685923700 -0.008101140 0.239267555 -0.050018420 0.969630634
1403637215.038319111 7.028701946 -2.045176697 6.734286124 -0.006550682 0.237533474 -0.049395264 0.970100534
1403637215.088319063 7.012923408 -2.067059000 6.784286020 -0.003817393 0.236926660 -0.049737911 0.970246013
1403637215.138319016 6.991146501 -2.086627623 6.832595750 -0.001102458 0.236740301 -0.049716594 0.970299477
1403637215.188318968 6.967890785 -2.103085515 6.877466182 0.001818968 0.236372571 -0.048862784 0.970431413
1403637215.238319159 6.940588364 -2.119987504 6.923761901 0.004631142 0.234888555 -0.045483062 0.970946554
1403637215.288318872 6.909515123 -2.133128442 6.972640258 0.006981216 0.232154288 -0.042528450 0.971723716
1403637215.338319063 6.874762610 -2.147336226 7.014575807 0.010864970 0.227212285 -0.038742567 0.973013640
1403637215.388319016 6.831906043 -2.160076353 7.059867917 0.015390744 0.221543114 -0.036343129 0.974351554
1403637215.438319206 6.787005511 -2.172205151 7.099802429 0.022350013 0.212937985 -0.032131594 0.976281441
1403637215.488318920 6.737263160 -2.185094046 7.135727970 0.029689503 0.203436105 -0.029843247 0.978182838
1403637215.538319111 6.689225700 -2.206330576 7.170365117 0.034048825 0.192831192 -0.029321622 0.980202556
1403637215.588319063 6.636266276 -2.220180864 7.199426200 0.035736546 0.181630988 -0.029591875 0.982271553
1403637215.638319016 6.578215321 -2.231122429 7.227625861 0.035587522 0.169071619 -0.029958749 0.984505353
1403637215.688318968 6.516585851 -2.242835818 7.253873527 0.033325079 0.156297748 -0.033309760 0.986585482
1403637215.738319159 6.459317494 -2.252003988 7.269169244 0.026311482 0.142208830 -0.035544382 0.988848296
1403637215.788318872 6.392945175 -2.261355188 7.282298109 0.018084332 0.128102035 -0.037190594 0.990898423
1403637215.838319063 6.328549442 -2.277648576 7.298161858 0.009639993 0.113860862 -0.038879522 0.992688852
1403637215.888319016 6.264383258 -2.291115700 7.304282644 0.003355525 0.099820592 -0.039851977 0.994201393
1403637215.938319206 6.199560471 -2.298037384 7.310065064 -0.001155059 0.087034471 -0.039511631 0.995420764
1403637215.988318920 6.129795539 -2.312032178 7.317583904 -0.006319325 0.075908687 -0.039157590 0.996325559
1403637216.038319111 6.058034076 -2.328789359 7.318211814 -0.008526640 0.064285011 -0.037679421 0.997183531
1403637216.088319063 5.982411835 -2.345507788 7.317548060 -0.011125635 0.053183704 -0.037287405 0.997826319
1403637216.138319016 5.906359098 -2.358941823 7.319719223 -0.012519443 0.043134205 -0.036731500 0.998315331
1403637216.188318968 5.839765201 -2.370867817 7.314487041 -0.012208502 0.033808021 -0.036289046 0.998694686
1403637216.238319159 5.773769275 -2.378797311 7.311130469 -0.012443577 0.026104940 -0.034867975 0.998973430
1403637216.288318872 5.705268190 -2.385580789 7.307777731 -0.010861049 0.019834832 -0.033295279 0.999189692
1403637216.338319063 5.640554170 -2.391822178 7.302487543 -0.008973081 0.015461631 -0.032891022 0.999299056
1403637216.388319016 5.577115428 -2.398676543 7.296034078 -0.005390018 0.012086333 -0.032342595 0.999389226
1403637216.438319206 5.509023329 -2.401586066 7.293157468 -0.000519021 0.010375593 -0.032521612 0.999417041
1403637216.488318920 5.444945812 -2.403664096 7.283663194 0.003383565 0.009200044 -0.033236251 0.999399451
1403637216.538319111 5.380420723 -2.404795487 7.274633164 0.007815711 0.008723958 -0.033055702 0.999384875
1403637216.588319063 5.317772260 -2.403308478 7.263855913 0.010258510 0.007669900 -0.030584733 0.999450104
1403637216.638319016 5.257677059 -2.399858088 7.249057053 0.013221766 0.007028817 -0.028066548 0.999493897
1403637216.688318968 5.196892444 -2.396603627 7.232460963 0.017728691 0.006757661 -0.024724912 0.999514235
1403637216.738319159 5.132322138 -2.393524231 7.216174658 0.022831792 0.007487957 -0.022748460 0.999452424
1403637216.788318872 5.074434720 -2.387247291 7.194980178 0.027667080 0.008564012 -0.022088989 0.999336413
1403637216.838319063 5.020122535 -2.381450322 7.173277622 0.032094335 0.010182092 -0.023060863 0.999166891
1403637216.888319016 4.966306983 -2.375219352 7.145399321 0.035851147 0.012051680 -0.024550852 0.998982837
1403637216.938319206 4.912116787 -2.370111439 7.113832290 0.037882215 0.014463299 -0.026465361 0.998826980
1403637216.988318920 4.852554427 -2.363729752 7.076962749 0.036730352 0.016630577 -0.026545467 0.998834142
1403637217.038319111 4.799359322 -2.357122463 7.035883030 0.032296004 0.017124434 -0.023255752 0.999061005
1403637217.088319063 4.747773922 -2.351621390 6.989958395 0.026270346 0.016269163 -0.016304062 0.999389494
1403637217.138319016 4.696570549 -2.345643137 6.943869907 0.021000570 0.015742955 -0.009583947 0.999609565
1403637217.188318968 4.647330535 -2.337180921 6.896786364 0.017762175 0.014800405 -0.001752253 0.999731155
1403637217.238319159 4.598670014 -2.326744572 6.847593802 0.016181569 0.014082128 0.005709869 0.999753594
1403637217.288318872 4.554049536 -2.314135952 6.795103421 0.014196400 0.014114365 0.010482338 0.999744651
1403637217.338319063 4.509674978 -2.302465072 6.745296469 0.012086401 0.014490290 0.015134690 0.999707403
1403637217.388319016 4.470074664 -2.284857857 6.690013380 0.011376751 0.014851556 0.019053346 0.999643422
1403637217.438319206 4.433684031 -2.264865514 6.633022559 0.010542267 0.015470612 0.022064548 0.999581251
1403637217.488318920 4.399955530 -2.242405590 6.574704552 0.010005053 0.015727882 0.023619045 0.999547234
1403637217.538319111 4.368276894 -2.218319548 6.513911389 0.011515899 0.015163456 0.022143343 0.999573472
1403637217.588319063 4.338224309 -2.192805013 6.453519620 0.013813291 0.013402087 0.018458890 0.999644360
1403637217.638319016 4.310885666 -2.166084735 6.392559781 0.016493378 0.011101598 0.010787900 0.999744139
1403637217.688318968 4.286350793 -2.138233162 6.327259064 0.021247787 0.008017278 -0.002323442 0.999739394
1403637217.738319159 4.262826884 -2.110387926 6.259770596 0.024980506 0.003130139 -0.017455318 0.999530634
1403637217.788318872 4.242144867 -2.084298035 6.187572412 0.028589170 -0.004312514 -0.032215724 0.999062665
1403637217.838319063 4.218695433 -2.061427633 6.115215113 0.027033217 -0.014799214 -0.042735309 0.998610976
1403637217.888319016 4.196427959 -2.034242382 6.035183151 0.026721191 -0.025591769 -0.053152398 0.997900728
1403637217.938319206 4.173474936 -2.007643789 5.955253219 0.024210320 -0.035966621 -0.059176680 0.997305562
1403637217.988318920 4.153921259 -1.983316771 5.868432456 0.021151740 -0.046265231 -0.063901151 0.996658806
1403637218.038319111 4.131141335 -1.961627677 5.788149481 0.018484931 -0.055221186 -0.066211586 0.996104891
1403637218.088319063 4.107809462 -1.936888489 5.698757138 0.013805168 -0.063461093 -0.067207632 0.995623042
1403637218.138319016 4.084839035 -1.911898204 5.609559811 0.011408866 -0.070024339 -0.068911559 0.995096793
1403637218.188318968 4.061671615 -1.888571618 5.519114285 0.008606445 -0.075282987 -0.070253982 0.994647063
1403637218.238319159 4.030913855 -1.864075524 5.426316022 0.006221326 -0.079009507 -0.071734437 0.994270066
1403637218.288318872 4.009326243 -1.833072450 5.333229568 0.005300629 -0.082489196 -0.072438574 0.993941693
1403637218.338319063 3.986370318 -1.803450459 5.238472785 0.005329493 -0.083958595 -0.075255630 0.993609149
1403637218.388319016 3.965663456 -1.769736743 5.140140936 0.005470068 -0.085979876 -0.074721615 0.993475827
1403637218.438319206 3.944335463 -1.737940335 5.044959400 0.005154732 -0.087132535 -0.074412316 0.993400301
1403637218.488318920 3.925240357 -1.700290222 4.946472916 0.006574783 -0.087561222 -0.074976395 0.993311806
1403637218.538319111 3.902331226 -1.667287414 4.852822112 0.006193844 -0.087509124 -0.075531801 0.993276767
1403637218.588319063 3.882564972 -1.637553583 4.753850119 0.005946919 -0.086989169 -0.076081735 0.993281978
1403637218.638319016 3.861384013 -1.605162842 4.645645134 0.003113580 -0.086306119 -0.075666948 0.993386165
1403637218.688318968 3.841215244 -1.573188985 4.539478883 0.000702532 -0.084762598 -0.077260621 0.993401029
1403637218.738319159 3.818625859 -1.541381796 4.434050610 -0.003494646 -0.084209309 -0.075134457 0.993605250
1403637218.788318872 3.795950223 -1.509551726 4.328223270 -0.005258853 -0.083238740 -0.074029848 0.993762164
1403637218.838319063 3.772990848 -1.479961590 4.223368335 -0.007498418 -0.080651679 -0.077864859 0.993668025
1403637218.888319016 3.751478211 -1.441114611 4.118608044 -0.009320039 -0.077866178 -0.082347757 0.993513383
1403637218.938319206 3.730602237 -1.402036372 4.011130882 -0.009030647 -0.075821255 -0.086296274 0.993339085
1403637218.988318920 3.709088833 -1.359280051 3.905956909 -0.009942188 -0.073448158 -0.091099200 0.993079784
1403637219.038319111 3.689860538 -1.311248339 3.803192684 -0.010284074 -0.071800409 -0.094321161 0.992895995
1403637219.088319063 3.666106442 -1.264550974 3.696523725 -0.010670908 -0.070882656 -0.095821468 0.992814196
1403637219.138319016 3.637431266 -1.217917381 3.590547954 -0.010305788 -0.070307415 -0.096381146 0.992804781
1403637219.188318968 3.609658071 -1.169310583 3.486192456 -0.011055166 -0.069876665 -0.096199593 0.992844738
1403637219.238319159 3.580780566 -1.120713091 3.381908620 -0.011451873 -0.069668496 -0.094784122 0.992991000
1403637219.288318872 3.550327965 -1.073690948 3.274223635 -0.012910478 -0.069550778 -0.093424472 0.993110204
1403637219.338319063 3.519039174 -1.028462398 3.163454701 -0.013380077 -0.069722958 -0.091077812 0.993309879
1403637219.388319016 3.487759858 -0.986944513 3.051396478 -0.016029609 -0.069280538 -0.090481174 0.993356137
1403637219.438319206 3.454675420 -0.946113003 2.943861109 -0.017917267 -0.069466435 -0.088977425 0.993446729
1403637219.488318920 3.419861705 -0.905056694 2.832974588 -0.026652327 -0.069570703 -0.086693709 0.993445404
1403637219.538319111 3.383847703 -0.868146994 2.719254173 -0.033780076 -0.069200309 -0.085674510 0.993342892
1403637219.588319063 3.347450014 -0.831239188 2.607750094 -0.042508085 -0.068867380 -0.083996446 0.993174176
1403637219.638319016 3.309213698 -0.796301796 2.497774281 -0.049062921 -0.068506449 -0.082327607 0.993036687
1403637219.688318968 3.270968787 -0.763544177 2.384855619 -0.054630443 -0.067975673 -0.081775164 0.992828105
1403637219.738319159 3.241090809 -0.732392826 2.272996200 -0.057155639 -0.068041691 -0.080780242 0.992762869
1403637219.788318872 3.200855267 -0.703349052 2.165463767 -0.059950023 -0.067675749 -0.079496785 0.992726674
1403637219.838319063 3.159729938 -0.676056942 2.059775098 -0.062488534 -0.066998431 -0.080214918 0.992558291
1403637219.888319016 3.118350444 -0.652082547 1.953769328 -0.065642078 -0.067193975 -0.079448790 0.992403132
1403637219.938319206 3.077260775 -0.628022389 1.849430851 -0.065466553 -0.067389543 -0.078800205 0.992453176
1403637219.988318920 3.033859068 -0.609382793 1.748274414 -0.065484208 -0.067294307 -0.078734896 0.992463657
1403637220.038319111 2.989966397 -0.591882048 1.648694997 -0.066459419 -0.067489513 -0.078161880 0.992430870
1403637220.088319063 2.945702030 -0.577081592 1.550119066 -0.067260541 -0.067532799 -0.077259877 0.992444584
1403637220.138319016 2.901528774 -0.564380364 1.452672654 -0.067136412 -0.066780233 -0.079275947 0.992344913
1403637220.188318968 2.858201736 -0.553261204 1.358233861 -0.067894045 -0.067843825 -0.077151782 0.992388642
1403637220.238319159 2.810442915 -0.546328691 1.265223114 -0.067634097 -0.068377640 -0.074832108 0.992547371
1403637220.288318872 2.763162040 -0.542113127 1.174915183 -0.066041144 -0.069445231 -0.070244964 0.992915692
1403637220.338319063 2.715766340 -0.539936717 1.086482216 -0.064187717 -0.070785220 -0.065275741 0.993281666
1403637220.388319016 2.668263687 -0.540129016 0.999571499 -0.061913675 -0.072388884 -0.058697074 0.993720886
1403637220.438319206 2.620789288 -0.541553148 0.913345121 -0.059494647 -0.073198754 -0.054130817 0.994068501
1403637220.488318920 2.578092560 -0.539767525 0.821249527 -0.058077319 -0.074030268 -0.050839203 0.994264512
1403637220.538319111 2.534455024 -0.538689418 0.738023074 -0.055161030 -0.074892961 -0.047079510 0.994551067
1403637220.588319063 2.489910817 -0.536044443 0.657100815 -0.052866255 -0.075283192 -0.043709635 0.994800014
1403637220.638319016 2.447697369 -0.531331932 0.578003858 -0.052590532 -0.074769669 -0.044644385 0.994811847
1403637220.688318968 2.405154607 -0.526256716 0.499949647 -0.053613284 -0.074531338 -0.044269012 0.994791913
1403637220.738319159 2.366382033 -0.519902142 0.422385654 -0.053682440 -0.073958465 -0.045629371 0.994769472
1403637220.788318872 2.326099288 -0.514680598 0.350356212 -0.054902017 -0.073453437 -0.046090552 0.994719067
1403637220.838319063 2.287906680 -0.506814623 0.277350466 -0.055884390 -0.073325877 -0.046234757 0.994667079
1403637220.888319016 2.223317945 -0.509676105 0.222581212 -0.057500825 -0.070811580 -0.047582102 0.994693580
1403637220.938319206 2.186993774 -0.500495831 0.153551880 -0.058739507 -0.070499718 -0.047539308 0.994645401
1403637220.988318920 2.151777319 -0.488966297 0.087292542 -0.059813547 -0.069208635 -0.047239650 0.994686343
1403637221.038319111 2.119061338 -0.477880094 0.021088114 -0.062773258 -0.066400229 -0.047863061 0.994665600
1403637221.088319063 2.098125201 -0.468515181 -0.050031838 -0.064400630 -0.063072107 -0.047052912 0.994816813
1403637221.138319016 2.068212638 -0.455548621 -0.112034903 -0.067333279 -0.057814567 -0.046216145 0.994981293
1403637221.188318968 2.039425722 -0.441431725 -0.172123712 -0.069130911 -0.051028452 -0.045599368 0.995257611
1403637221.238319159 2.008640979 -0.425429048 -0.229406855 -0.070327297 -0.042980172 -0.044466815 0.995605082
1403637221.288318872 1.981887880 -0.411614595 -0.284970871 -0.070958415 -0.034770862 -0.043376517 0.995928897
1403637221.338319063 1.951450620 -0.394027382 -0.334032529 -0.070899256 -0.027154480 -0.040930092 0.996273385
1403637221.388319016 1.924717065 -0.375360700 -0.384480430 -0.071268835 -0.020804872 -0.038834736 0.996483705
1403637221.438319206 1.898789830 -0.355834415 -0.432294034 -0.069583737 -0.015389641 -0.036242076 0.996798763
1403637221.488318920 1.873855412 -0.336074499 -0.479219653 -0.070297186 -0.010544948 -0.034804095 0.996862972
1403637221.538319111 1.849737962 -0.315107656 -0.525857934 -0.070870351 -0.007261414 -0.031265410 0.996968976
1403637221.588319063 1.825740537 -0.293075165 -0.568002712 -0.071349174 -0.003644484 -0.029856607 0.996997791
1403637221.638319016 1.802764956 -0.272829846 -0.608460953 -0.071548808 -0.000268099 -0.029293007 0.997006828
1403637221.688318968 1.779935307 -0.250737065 -0.648108503 -0.072840846 0.002412483 -0.027667721 0.996956814
1403637221.738319159 1.755513008 -0.224992953 -0.683800604 -0.072733302 0.004865162 -0.026357456 0.996991214
1403637221.788318872 1.735158782 -0.202224647 -0.719435249 -0.072898499 0.006751530 -0.024771534 0.997008825
1403637221.838319063 1.716206978 -0.179153730 -0.753332199 -0.073697483 0.009449124 -0.023263011 0.996964507
1403637221.888319016 1.697463096 -0.154801037 -0.784744276 -0.074250705 0.013071276 -0.020654007 0.996940011
1403637221.938319206 1.681475210 -0.132550247 -0.814017983 -0.075122197 0.018242805 -0.017238752 0.996858406
1403637221.988318920 1.665433841 -0.107295017 -0.840761815 -0.075171250 0.025831359 -0.015345589 0.996717882
1403637222.038319111 1.647553471 -0.083713522 -0.861994314 -0.074879505 0.035272306 -0.012355528 0.996491979
1403637222.088319063 1.633415934 -0.059306975 -0.884092570 -0.075612719 0.046038315 -0.009237781 0.996031051
1403637222.138319016 1.621087207 -0.034353765 -0.904045823 -0.075471736 0.057368059 -0.005488206 0.995481191
1403637222.188318968 1.610930199 -0.009810751 -0.920677576 -0.075115427 0.069518145 -0.001830690 0.994746977
1403637222.238319159 1.600415367 0.016096325 -0.936202056 -0.071761487 0.080923175 0.001609988 0.994132354
1403637222.288318872 1.590198289 0.040733281 -0.951368972 -0.068184448 0.091136588 0.002961057 0.993496973
1403637222.338319063 1.581510035 0.064901258 -0.966769372 -0.061933843 0.099506801 0.005330471 0.993093239
1403637222.388319016 1.574081928 0.088962685 -0.978001884 -0.055258633 0.106918121 0.007392661 0.992703555
1403637222.438319206 1.566510110 0.112948439 -0.989590815 -0.048910683 0.113398951 0.008591010 0.992307723
1403637222.488318920 1.557067557 0.133737235 -0.999310222 -0.043642049 0.118987416 0.008498096 0.991899768
1403637222.538319111 1.549301287 0.155199269 -1.007298640 -0.040551874 0.122897914 0.010521452 0.991534642
1403637222.588319063 1.543335824 0.172457100 -1.021093786 -0.039110265 0.126128881 0.011491556 0.991175987
1403637222.638319016 1.537157365 0.188433755 -1.034934436 -0.037219094 0.129080894 0.011023446 0.990874031
1403637222.688318968 1.531471187 0.202691284 -1.046924081 -0.037873324 0.131191777 0.010440084 0.990578282
1403637222.738319159 1.525731934 0.215819023 -1.059261102 -0.039298730 0.132223121 0.011457489 0.990374365
1403637222.788318872 1.536069280 0.235425456 -1.077452212 -0.042336845 0.132105990 0.012548005 0.990251557
1403637222.838319063 1.530623359 0.244975616 -1.091648742 -0.046726553 0.132258043 0.013037447 0.990027507
1403637222.888319016 1.525476901 0.252204299 -1.105393380 -0.052151964 0.131902422 0.013987776 0.989791021
1403637222.938319206 1.521170442 0.256329740 -1.119148395 -0.058576881 0.131271460 0.014401955 0.989509543
1403637222.988318920 1.517073160 0.258895434 -1.132020569 -0.063304164 0.130773238 0.014380521 0.989284663
1403637223.038319111 1.510010144 0.259670968 -1.144655131 -0.066707416 0.129806912 0.014642373 0.989184456
1403637223.088319063 1.506738959 0.256878601 -1.155366558 -0.069382574 0.128908241 0.014308214 0.989122843
1403637223.138319016 1.504625135 0.251162265 -1.165077759 -0.070156889 0.128129125 0.013567725 0.989179890
1403637223.188318968 1.503168697 0.242547624 -1.174040448 -0.069873043 0.126997582 0.013072995 0.989352550
1403637223.238319159 1.501955774 0.231190279 -1.181270757 -0.067998688 0.126188543 0.011703941 0.989603783
1403637223.288318872 1.501239779 0.217022364 -1.187642836 -0.064117318 0.125262686 0.009811657 0.990000990
1403637223.338319063 1.500277366 0.202102813 -1.190391750 -0.059112357 0.124109951 0.007935521 0.990474370
1403637223.388319016 1.499706457 0.184671911 -1.193253447 -0.055038911 0.123295145 0.005522052 0.990827196
1403637223.438319206 1.499630046 0.165015496 -1.196358636 -0.051014877 0.122074007 0.004344134 0.991199550
1403637223.488318920 1.500506371 0.143511812 -1.200932330 -0.048131135 0.121019796 0.002908223 0.991478263
1403637223.538319111 1.500332916 0.120736743 -1.202986997 -0.045418370 0.120392464 0.001522775 0.991685690
1403637223.588319063 1.500324037 0.100626712 -1.203847339 -0.043094340 0.119879273 0.000713362 0.991852473
1403637223.638319016 1.499583325 0.083334940 -1.201684477 -0.041350493 0.119735468 -0.000364788 0.991944263
1403637223.688318968 1.500073235 0.066832694 -1.201692433 -0.040352700 0.119374714 -0.000830729 0.992028552
1403637223.738319159 1.501157008 0.051780292 -1.202361423 -0.039973549 0.119273709 -0.001867439 0.992054641
1403637223.788318872 1.501865887 0.038001819 -1.201454336 -0.038897211 0.119012815 -0.001893481 0.992128707
1403637223.838319063 1.502777311 0.026492825 -1.200437325 -0.038288965 0.118942030 -0.002344158 0.992159893
1403637223.888319016 1.504575882 0.015801507 -1.200206855 -0.037332493 0.118989552 -0.002996274 0.992188890
1403637223.938319206 1.505758629 0.007051967 -1.197501799 -0.037061604 0.119295273 -0.004350998 0.992157318
1403637223.988318920 1.506140255 0.000157899 -1.194331998 -0.036619727 0.119260177 -0.003848230 0.992180022
1403637224.038319111 1.507279053 -0.005461784 -1.191739237 -0.036152933 0.119401367 -0.003678196 0.992180805
1403637224.088319063 1.508135200 -0.008972283 -1.188824797 -0.036469063 0.119392455 -0.003613650 0.992170545
1403637224.138319016 1.509077968 -0.011155425 -1.185499244 -0.035895758 0.119854028 -0.004789134 0.992130823
1403637224.188318968 1.509848732 -0.011887903 -1.182594678 -0.035597172 0.119899039 -0.004863449 0.992135781
1403637224.238319159 1.510389742 -0.010441338 -1.178125300 -0.035118876 0.120352109 -0.005900223 0.992092345
1403637224.288318872 1.510648529 -0.007751180 -1.173418223 -0.034187647 0.120566975 -0.006394532 0.992095721
1403637224.338319063 1.510119226 -0.003141082 -1.167885504 -0.033618207 0.120531259 -0.006209447 0.992120696
1403637224.388319016 1.510435874 0.002803664 -1.162894550 -0.033764784 0.120768793 -0.007024913 0.992081392
1403637224.438319206 1.510207393 0.010036279 -1.157370922 -0.033601485 0.121441173 -0.008238765 0.991995516
1403637224.488318920 1.509461478 0.018495042 -1.151828708 -0.033369514 0.121553404 -0.008788665 0.991984881
1403637224.538319111 1.508514601 0.028072844 -1.146217757 -0.032662196 0.121863661 -0.009492048 0.991963875
1403637224.588319063 1.506636489 0.037648244 -1.140072544 -0.032349010 0.121714609 -0.008718663 0.991999537
1403637224.638319016 1.504644924 0.046454227 -1.135078383 -0.031695744 0.120775538 -0.006181812 0.992154441
1403637224.688318968 1.501014755 0.054926934 -1.130346306 -0.030652138 0.119388714 -0.001946003 0.992372407
1403637224.738319159 1.498166266 0.060877239 -1.126985662 -0.031645104 0.117984566 0.002647833 0.992507541
1403637224.788318872 1.495533140 0.065101925 -1.124467334 -0.032033603 0.117504637 0.004133709 0.992546936
1403637224.838319063 1.493478366 0.068151424 -1.122810879 -0.032612700 0.117697259 0.004046716 0.992505613
1403637224.888319016 1.491390628 0.070602107 -1.121274591 -0.031548737 0.118535894 0.001439961 0.992447402
1403637224.938319206 1.489976063 0.074141435 -1.120502789 -0.031153235 0.119755160 -0.001922576 0.992312693
1403637224.988318920 1.488116520 0.079512613 -1.118969749 -0.030949795 0.120536202 -0.004293944 0.992217061
1403637225.038319111 1.486210910 0.086240260 -1.117427839 -0.030931725 0.120912261 -0.005654942 0.992165044
1403637225.088319063 1.484321959 0.094354016 -1.116054387 -0.031015541 0.121434131 -0.007419836 0.992087060
1403637225.138319016 1.481615975 0.103457055 -1.113986495 -0.029710355 0.121627206 -0.008747732 0.992092533
1403637225.188318968 1.478809544 0.114284268 -1.112236973 -0.029245943 0.121501459 -0.009044781 0.992119077
1403637225.238319159 1.475247445 0.125460702 -1.110431739 -0.028678630 0.121217295 -0.009719691 0.992164014
1403637225.288318872 1.471198223 0.137818951 -1.108935360 -0.028650103 0.120465772 -0.009067926 0.992262537
1403637225.338319063 1.467315354 0.149663445 -1.108858250 -0.027688450 0.120327691 -0.009921669 0.992298421
1403637225.388319016 1.462491010 0.161244831 -1.107656621 -0.026798595 0.119999263 -0.010404582 0.992357676
1403637225.438319206 1.456883925 0.170263939 -1.109463992 -0.025497813 0.119441126 -0.010860920 0.992454392
1403637225.488318920 1.451120090 0.177552069 -1.111909223 -0.024924532 0.119115490 -0.011197332 0.992504351
1403637225.538319111 1.444067334 0.182178730 -1.114448898 -0.025359128 0.118814645 -0.012032765 0.992519626
1403637225.588319063 1.435933169 0.186579631 -1.118383696 -0.026812467 0.118252038 -0.011975668 0.992549309
1403637225.638319016 1.427272262 0.190647677 -1.124497761 -0.028613130 0.118119406 -0.012709187 0.992505703
1403637225.688318968 1.418027877 0.191348378 -1.130816365 -0.032526989 0.117750128 -0.011834750 0.992439843
1403637225.738319159 1.407982348 0.189765504 -1.136497882 -0.034737826 0.117825079 -0.012555917 0.992347159
1403637225.788318872 1.397520664 0.186357688 -1.144512541 -0.038594547 0.117768591 -0.012404821 0.992213253
1403637225.838319063 1.386460285 0.180316941 -1.153203543 -0.042070704 0.117430781 -0.011273299 0.992125486
1403637225.888319016 1.374678021 0.171841245 -1.162417520 -0.044713017 0.117162411 -0.011114663 0.992043436
1403637225.938319206 1.362121335 0.161326211 -1.169432822 -0.042337883 0.116778176 -0.011393692 0.992189773
1403637225.988318920 1.349265704 0.149770578 -1.174591416 -0.038534388 0.116738873 -0.011763668 0.992345077
1403637226.038319111 1.335963093 0.137114669 -1.181550905 -0.034053035 0.116400571 -0.011958732 0.992546365
1403637226.088319063 1.322438282 0.124919834 -1.190062486 -0.031157224 0.116296717 -0.012301025 0.992649478
1403637226.138319016 1.308380341 0.114382532 -1.196869223 -0.027940412 0.116189037 -0.012375940 0.992756907
1403637226.188318968 1.294984956 0.103670943 -1.206133323 -0.026525764 0.116208911 -0.012449860 0.992792463
1403637226.238319159 1.280788657 0.095239917 -1.214729372 -0.025320583 0.116143041 -0.012649297 0.992829118
1403637226.288318872 1.267050418 0.090034960 -1.224655248 -0.026525259 0.116425942 -0.013453609 0.992753953
1403637226.338319063 1.251697654 0.085523847 -1.233446549 -0.030283176 0.116582141 -0.013516706 0.992627237
1403637226.388319016 1.234923102 0.080934842 -1.238876460 -0.035355585 0.116990347 -0.013961028 0.992405326
1403637226.438319206 1.218625834 0.078784720 -1.247289855 -0.042636960 0.117285450 -0.013795897 0.992086632
1403637226.488318920 1.202162867 0.078040368 -1.255057383 -0.048336967 0.117162543 -0.012964180 0.991851000
1403637226.538319111 1.186050496 0.078445833 -1.261341884 -0.052206933 0.117266512 -0.013387995 0.991636911
1403637226.588319063 1.169560457 0.078755320 -1.268252895 -0.055790741 0.117528296 -0.014279437 0.991398301
1403637226.638319016 1.152411587 0.079524482 -1.273464048 -0.057490515 0.117517767 -0.014363783 0.991301214
1403637226.688318968 1.133120634 0.082189733 -1.275583576 -0.058439845 0.117574656 -0.013768287 0.991247406
1403637226.738319159 1.115391057 0.084217088 -1.278458311 -0.059365404 0.117107737 -0.012595320 0.991263277
1403637226.788318872 1.097445838 0.086960672 -1.279022899 -0.059801454 0.116522379 -0.011934476 0.991314223
1403637226.838319063 1.079532996 0.090406743 -1.278574756 -0.059330995 0.116525245 -0.011894777 0.991342632
1403637226.888319016 1.061004289 0.094494213 -1.276205907 -0.058815495 0.115959152 -0.009521886 0.991465353
1403637226.938319206 1.042427670 0.098585233 -1.273318352 -0.057645097 0.115160124 -0.005597570 0.991657126
1403637226.988318920 1.023634071 0.103456316 -1.268496614 -0.055551558 0.114019932 -0.000598794 0.991923949
1403637227.038319111 1.004986107 0.108085946 -1.262196391 -0.052825825 0.111948668 0.007159023 0.992283063
1403637227.088319063 0.987365455 0.111924356 -1.256456640 -0.049793951 0.110019224 0.014721768 0.992572215
1403637227.138319016 0.970608003 0.113610495 -1.250545244 -0.046822459 0.108509611 0.021793463 0.992752923
1403637227.188318968 0.956196129 0.114238404 -1.245281780 -0.045688307 0.108277789 0.024070306 0.992778485
1403637227.238319159 0.942629771 0.114789893 -1.239346183 -0.044457665 0.108593584 0.024853686 0.992780562
1403637227.288318872 0.931504669 0.111832734 -1.235286042 -0.044233599 0.110546357 0.020303221 0.992678534
1403637227.338319063 0.921271453 0.107591923 -1.230353653 -0.044941174 0.112542379 0.016122718 0.992499150
1403637227.388319016 0.912208394 0.101675300 -1.226571026 -0.045097152 0.114556546 0.012083309 0.992319020
1403637227.438319206 0.904049191 0.096289976 -1.222844557 -0.046991148 0.116145098 0.008417522 0.992084318
1403637227.488318920 0.896536236 0.092201979 -1.218013495 -0.047690843 0.117202293 0.006837698 0.991938734
1403637227.538319111 0.889265330 0.089493714 -1.212098960 -0.048083426 0.118225903 0.006693811 0.991799281
1403637227.588319063 0.882282210 0.086882825 -1.206718033 -0.049018644 0.118443583 0.008102107 0.991717019
1403637227.638319016 0.876121211 0.085490129 -1.200380576 -0.048619236 0.117886634 0.011623544 0.991768020
1403637227.688318968 0.870494641 0.086150453 -1.192780527 -0.049454845 0.117711035 0.014131303 0.991714998
1403637227.738319159 0.865015843 0.088541986 -1.184372824 -0.049407013 0.117343925 0.016662382 0.991721592
1403637227.788318872 0.861277907 0.090671181 -1.175572905 -0.049395007 0.116888838 0.019253281 0.991729017
1403637227.838319063 0.859026973 0.093783805 -1.166325055 -0.048952107 0.117966584 0.017164900 0.991661708
1403637227.888319016 0.857961787 0.097107142 -1.157032287 -0.044811996 0.118457435 0.015227605 0.991830551
1403637227.938319206 0.857444195 0.101012927 -1.146470701 -0.039510056 0.120014653 0.010376075 0.991931336
1403637227.988318920 0.857104502 0.106217119 -1.135318548 -0.034980865 0.121003604 0.006300492 0.992015509
1403637228.038319111 0.857026093 0.111960729 -1.124572551 -0.030143651 0.122163141 0.001454466 0.992051113
1403637228.088319063 0.857143007 0.118351381 -1.115611190 -0.027728954 0.122308550 -0.000753298 0.992104408
1403637228.138319016 0.856927100 0.125034589 -1.106283251 -0.024286330 0.121705359 -0.001442978 0.992268057
1403637228.188318968 0.856497330 0.131557153 -1.097796734 -0.022931012 0.121276542 -0.002660597 0.992350286
1403637228.238319159 0.855566744 0.136632172 -1.090425908 -0.020796754 0.120429442 -0.002928635 0.992499707
1403637228.288318872 0.854470230 0.140658466 -1.084600126 -0.020281455 0.120203026 -0.004200526 0.992533249
1403637228.338319063 0.852364424 0.143177585 -1.078777598 -0.019018452 0.119549935 -0.003730481 0.992639005
1403637228.388319016 0.850487087 0.144084844 -1.076022244 -0.019736040 0.119872973 -0.006508643 0.992571709
1403637228.438319206 0.848080490 0.143148359 -1.074850879 -0.018987393 0.119657984 -0.007554627 0.992604842
1403637228.488318920 0.846143051 0.156043699 -1.102838085 -0.017922393 0.120711880 -0.010472802 0.992470529
1403637228.538319111 0.842517102 0.152545833 -1.104234519 -0.017109269 0.120714210 -0.012561024 0.992460363
1403637228.588319063 0.837852594 0.147826697 -1.106332595 -0.016621101 0.121155244 -0.014970972 0.992381487
1403637228.638319016 0.832180964 0.142056441 -1.109938644 -0.016885765 0.121211574 -0.016279614 0.992349535
1403637228.688318968 0.825475430 0.135861146 -1.115240273 -0.020256352 0.121267742 -0.015671726 0.992289379
1403637228.738319159 0.817904114 0.130496448 -1.120579101 -0.024644532 0.120919484 -0.013425930 0.992265524
1403637228.788318872 0.809897618 0.125820764 -1.126088699 -0.029166290 0.119810813 -0.009547446 0.992322298
1403637228.838319063 0.801804843 0.122829960 -1.131193406 -0.033525609 0.119011605 -0.005911847 0.992309086
1403637228.888319016 0.793507489 0.121462823 -1.135830893 -0.036424123 0.118293313 -0.002283673 0.992307795
1403637228.938319206 0.785761528 0.120714134 -1.141617699 -0.037069069 0.118619453 -0.002116903 0.992245347
1403637228.988318920 0.778383474 0.120880140 -1.146807367 -0.036483723 0.119862592 -0.005020203 0.992107199
1403637229.038319111 0.770828174 0.121753540 -1.152099592 -0.035238910 0.120785723 -0.007824271 0.992022081
1403637229.088319063 0.769373290 0.113187100 -1.146663507 -0.032294330 0.121497036 -0.009678627 0.992019088
1403637229.138319016 0.760800698 0.116088592 -1.150545956 -0.029115932 0.122237578 -0.011869325 0.992002700
1403637229.188318968 0.751941578 0.120020876 -1.155333204 -0.027494319 0.122956021 -0.014323839 0.991927773
1403637229.238319159 0.742582325 0.125181767 -1.160467413 -0.026554659 0.123577091 -0.015314802 0.991861386
1403637229.288318872 0.732968341 0.131718309 -1.165847088 -0.026540005 0.125166680 -0.015736889 0.991655828
1403637229.338319063 0.722877297 0.139491457 -1.171367961 -0.027538166 0.128253452 -0.015151101 0.991243232
1403637229.388319016 0.712519609 0.148291294 -1.176742927 -0.030912235 0.132132547 -0.009995131 0.990699511
1403637229.438319206 0.701896973 0.158298266 -1.182570291 -0.036531657 0.136974641 -0.001576118 0.989899440
1403637229.488318920 0.690914725 0.168449434 -1.187154314 -0.042281649 0.143028120 0.010160862 0.988762851
1403637229.538319111 0.681181595 0.178900037 -1.192400447 -0.047243142 0.150191884 0.023489517 0.987248057
1403637229.588319063 0.672563123 0.190145488 -1.196656550 -0.051591788 0.159323668 0.036268119 0.985210069
1403637229.638319016 0.665505321 0.201775787 -1.199615858 -0.054673441 0.170168279 0.048755344 0.982688398
1403637229.688318968 0.661202822 0.213033646 -1.203536126 -0.056864404 0.182363516 0.059525560 0.979778901
1403637229.738319159 0.658959305 0.224888941 -1.207167007 -0.057822614 0.196672623 0.065889419 0.976542374
1403637229.788318872 0.659477333 0.238266042 -1.205497674 -0.056159352 0.214255027 0.064465915 0.973028805
1403637229.838319063 0.661945370 0.250794892 -1.206178769 -0.052122070 0.232228206 0.061368474 0.969323094
1403637229.888319016 0.665393299 0.263369483 -1.205279560 -0.047603121 0.250607532 0.056905983 0.965241688
1403637229.938319206 0.670322561 0.276404076 -1.204226575 -0.043482570 0.268482522 0.053974235 0.960787793
1403637229.988318920 0.675585190 0.289227452 -1.204422167 -0.038812550 0.285505316 0.052512422 0.956149960
1403637230.038319111 0.680143663 0.302256170 -1.204940901 -0.038271456 0.301277420 0.054080703 0.951232090
1403637230.088319063 0.684347887 0.314233314 -1.204469051 -0.039262152 0.315013118 0.060438970 0.946346844
1403637230.138319016 0.688110278 0.324461631 -1.205837626 -0.042382079 0.327253699 0.068297367 0.941511681
1403637230.188318968 0.692363537 0.332438878 -1.207588812 -0.045190115 0.338752338 0.074424488 0.936838141
1403637230.238319159 0.696635194 0.337929382 -1.209605001 -0.047290753 0.348559178 0.078673027 0.932781131
1403637230.288318872 0.700194800 0.341919123 -1.207636240 -0.049323921 0.357282236 0.080522878 0.929210751
1403637230.338319063 0.703916141 0.343121453 -1.204614947 -0.049358002 0.364352336 0.080970979 0.926420457
1403637230.388319016 0.708066465 0.341261778 -1.200639730 -0.046653222 0.369626626 0.081996849 0.924378792
1403637230.438319206 0.711641285 0.337517875 -1.198823866 -0.041687647 0.374712214 0.080391199 0.922708053
1403637230.488318920 0.703906855 0.330178258 -1.178231409 -0.035456037 0.378757089 0.077907709 0.921529341
1403637230.538319111 0.707167874 0.322368593 -1.177640455 -0.029136229 0.382248878 0.076070633 0.920461914
1403637230.588319063 0.709047098 0.313664196 -1.175673770 -0.022324100 0.387048327 0.073876180 0.918823997
1403637230.638319016 0.711646022 0.303655670 -1.173748158 -0.016027317 0.392244107 0.075770141 0.916595097
1403637230.688318968 0.717218357 0.292373754 -1.175441688 -0.012511775 0.397813256 0.078260320 0.914036865
1403637230.738319159 0.717727295 0.281649798 -1.176410212 -0.011833909 0.404549439 0.084506193 0.910526448
1403637230.788318872 0.716982106 0.270280540 -1.177617363 -0.014358700 0.412000389 0.092200779 0.906393140
1403637230.838319063 0.715527232 0.258832776 -1.179881967 -0.019536408 0.419925037 0.103260108 0.901453628
1403637230.888319016 0.715813759 0.249017638 -1.181892831 -0.025121048 0.429678323 0.113089952 0.895520036
1403637230.938319206 0.716319114 0.240049855 -1.185935090 -0.030007310 0.440420042 0.123361211 0.888769801
1403637230.988318920 0.719670885 0.232059982 -1.188260079 -0.034145679 0.452705348 0.131749277 0.881211705
1403637231.038319111 0.723880025 0.226296063 -1.193979678 -0.037278869 0.466337539 0.139222514 0.872786730
1403637231.088319063 0.728000256 0.223070202 -1.196937073 -0.037914311 0.480750139 0.146808149 0.863648757
1403637231.138319016 0.735278834 0.222125940 -1.201355827 -0.038517793 0.496279403 0.153344842 0.853644243
1403637231.188318968 0.743862943 0.224844870 -1.203891828 -0.036759552 0.511606509 0.161951469 0.843017934
1403637231.238319159 0.753222396 0.230933747 -1.201992141 -0.034430572 0.528359712 0.169016254 0.831314655
1403637231.288318872 0.763237586 0.240332119 -1.202154381 -0.032129007 0.545041069 0.176502403 0.818990148
1403637231.338319063 0.777143551 0.253571949 -1.201585710 -0.028624950 0.562397882 0.183219616 0.805803826
1403637231.388319016 0.791071527 0.267979584 -1.199376497 -0.024325870 0.580420535 0.188605636 0.791800587
1403637231.438319206 0.809114207 0.291022458 -1.201912753 -0.019878127 0.597788895 0.194755581 0.777382506
1403637231.488318920 0.826434942 0.316533460 -1.199925113 -0.015711266 0.614522138 0.203865701 0.761941254
1403637231.538319111 0.843873551 0.347195191 -1.196297425 -0.012573477 0.631044760 0.213402597 0.745710232
1403637231.588319063 0.864680718 0.379062668 -1.198930598 -0.010993836 0.646783837 0.223249138 0.729184220
1403637231.638319016 0.887964722 0.411438678 -1.201138879 -0.010450591 0.662936187 0.229705811 0.712489746
1403637231.688318968 0.912364540 0.444214146 -1.202215591 -0.010875467 0.679459938 0.234111775 0.695275193
1403637231.738319159 0.934272903 0.475406229 -1.209760370 -0.008689148 0.694155272 0.238884740 0.678974991
1403637231.788318872 0.962438583 0.513858009 -1.217851023 -0.006209855 0.708379255 0.242059010 0.662999023
1403637231.838319063 0.985048893 0.542408282 -1.230121275 -0.005287205 0.720809362 0.246520003 0.647791476
1403637231.888319016 1.009123257 0.567402970 -1.244727340 -0.005663319 0.731759302 0.251816897 0.633312325
1403637231.938319206 1.040288717 0.603354963 -1.257839427 -0.003343705 0.741546004 0.257140006 0.619659068
1403637231.988318920 1.068640245 0.628368466 -1.274497865 -0.001530924 0.751158996 0.260992956 0.606333651
1403637232.038319111 1.095773510 0.649599578 -1.298000406 0.005803253 0.761294076 0.260757193 0.593635695
1403637232.088319063 1.130804137 0.677606997 -1.321840713 0.015003110 0.771450586 0.258804876 0.581084276
1403637232.138319016 1.161691136 0.697299498 -1.346606007 0.023033172 0.781441807 0.256876468 0.568183646
1403637232.188318968 1.189733437 0.717275595 -1.371788154 0.030448548 0.790446985 0.256108688 0.555585088
1403637232.238319159 1.218444840 0.734774442 -1.400502174 0.033322356 0.798710822 0.255996330 0.543522329
1403637232.288318872 1.245759784 0.754360450 -1.429022181 0.034269674 0.807019424 0.255208833 0.531426091
1403637232.338319063 1.269943201 0.767824773 -1.456891226 0.034280777 0.815673107 0.252925388 0.519163712
1403637232.388319016 1.293912763 0.782044922 -1.492526219 0.033046485 0.824328801 0.249810997 0.506936311
1403637232.438319206 1.315119462 0.800142396 -1.536927654 0.033761069 0.831632418 0.249291669 0.495077140
1403637232.488318920 1.335817710 0.813181463 -1.580377906 0.035702066 0.838162351 0.251114606 0.482856801
1403637232.538319111 1.355136728 0.821719837 -1.620393746 0.039870129 0.842278175 0.260312170 0.470335437
1403637232.588319063 1.372040114 0.831668121 -1.660686755 0.042366368 0.846201710 0.270022449 0.457422818
1403637232.638319016 1.385760918 0.834718271 -1.696550426 0.044694520 0.849909709 0.280431457 0.443862687
1403637232.688318968 1.398529138 0.842328645 -1.743243623 0.047443442 0.853502502 0.289625133 0.430580866
1403637232.738319159 1.407349263 0.850427488 -1.791090136 0.048819267 0.856610896 0.299228506 0.417488627
1403637232.788318872 1.414946585 0.861214871 -1.843917146 0.050843687 0.859299958 0.308200718 0.405007184
1403637232.838319063 1.421014290 0.867034037 -1.898639982 0.048517454 0.861604532 0.316023525 0.394224326
1403637232.888319016 1.430752542 0.870798471 -1.952055327 0.043651841 0.863904787 0.322337915 0.384527379
1403637232.938319206 1.437333863 0.878331808 -2.010269569 0.038447536 0.865360338 0.328250017 0.376729610
1403637232.988318920 1.442950345 0.884841875 -2.073791475 0.032877434 0.866939500 0.331493115 0.370738847
1403637233.038319111 1.450355198 0.889181413 -2.137359273 0.026600335 0.868128631 0.334459494 0.365762148
1403637233.088319063 1.458546383 0.892683611 -2.203428938 0.020351719 0.869037952 0.336710089 0.361918722
1403637233.138319016 1.464976623 0.894712371 -2.275307064 0.014619756 0.869129607 0.339363846 0.359488760
1403637233.188318968 1.474288567 0.902770562 -2.344831971 0.009184422 0.868371984 0.343188749 0.357864816
1403637233.238319159 1.484780860 0.909122317 -2.420975333 0.005341083 0.867515541 0.346236951 0.357082949
1403637233.288318872 1.496765432 0.921625417 -2.497314335 0.000724053 0.866435430 0.349015744 0.357039399
1403637233.338319063 1.511511151 0.934965155 -2.578137614 -0.002409919 0.864937144 0.352205754 0.357531867
1403637233.388319016 1.526671988 0.950162028 -2.657776176 -0.005629519 0.863089704 0.355706332 0.358493342
1403637233.438319206 1.544400863 0.969318802 -2.742160036 -0.010218442 0.861915739 0.357358394 0.359571718
1403637233.488318920 1.562894324 0.992727444 -2.828975094 -0.018402197 0.862504380 0.354050533 0.361103551
1403637233.538319111 1.584186576 1.021673747 -2.916900005 -0.030156303 0.865340171 0.344182635 0.363063768
1403637233.588319063 1.607464387 1.056801245 -3.004938914 -0.044463866 0.870479035 0.327088463 0.365105946
1403637233.638319016 1.637280111 1.089628784 -3.091589185 -0.058888939 0.876557770 0.306196421 0.366636497
1403637233.688318968 1.669773269 1.129227139 -3.186302195 -0.070870851 0.881803882 0.285784449 0.368410756
1403637233.738319159 1.705043928 1.167940001 -3.275381669 -0.081549816 0.886232149 0.267232725 0.369498141
1403637233.788318872 1.744030530 1.205625466 -3.361145708 -0.090335587 0.890005893 0.250794014 0.369907225
1403637233.838319063 1.787171779 1.244454891 -3.446928793 -0.096579196 0.892517718 0.238722364 0.370265061
1403637233.888319016 1.833210194 1.282632245 -3.526333207 -0.101537381 0.894394636 0.229555878 0.370206016
1403637233.938319206 1.882579773 1.321169511 -3.609108986 -0.105690726 0.895168154 0.223843649 0.370671643
1403637233.988318920 1.893235671 1.387343992 -3.692853584 -0.108102882 0.897359264 0.217666609 0.368349515
1403637234.038319111 1.948998614 1.418642214 -3.768538391 -0.112697118 0.897065917 0.211886965 0.371047185
1403637234.088319063 2.012869377 1.451859208 -3.827005014 -0.116590804 0.898301188 0.205047462 0.370698122
1403637234.138319016 2.080749824 1.482405559 -3.880864168 -0.122063198 0.899649361 0.197687114 0.369663913
1403637234.188318968 2.154741300 1.516044404 -3.930360801 -0.125885441 0.901011243 0.191316434 0.368415007
1403637234.238319159 2.232256930 1.547201449 -3.972657577 -0.126106336 0.902076464 0.187717152 0.367583344
1403637234.288318872 2.317263181 1.574682077 -4.008473110 -0.123066138 0.903278748 0.185383490 0.366844915
1403637234.338319063 2.404755903 1.597760532 -4.037130462 -0.117109595 0.904214701 0.184896589 0.366734739
1403637234.388319016 2.495380171 1.622354055 -4.063624215 -0.107942681 0.904478156 0.186448274 0.368109608
1403637234.438319206 2.588180804 1.644704995 -4.080823223 -0.096252148 0.904082069 0.188503951 0.371264592
1403637234.488318920 2.684504305 1.668452815 -4.090322130 -0.086281779 0.903222622 0.189192487 0.375433818
1403637234.538319111 2.781888702 1.689776093 -4.096072122 -0.074368080 0.901800694 0.189215905 0.381342677
1403637234.588319063 2.877715986 1.709867257 -4.096964481 -0.063038510 0.899439944 0.190349191 0.388331198
1403637234.638319016 2.976406292 1.733628574 -4.095564745 -0.052939707 0.896773147 0.190187561 0.396010104
1403637234.688318968 3.077355071 1.753791434 -4.089258769 -0.044526870 0.893632322 0.189958417 0.404171289
1403637234.738319159 3.179773641 1.776579542 -4.077948521 -0.035336264 0.889582242 0.191237955 0.413307183
1403637234.788318872 3.278890307 1.799543739 -4.060324771 -0.025640692 0.884958760 0.192947563 0.423038752
1403637234.838319063 3.374900904 1.821439281 -4.043065869 -0.017018513 0.879889383 0.194616052 0.433162368
1403637234.888319016 3.470731865 1.842861868 -4.021542758 -0.007028301 0.873725397 0.198295270 0.444109805
1403637234.938319206 3.563042978 1.862715333 -3.999610832 0.001606947 0.867531188 0.199729302 0.455516477
1403637234.988318920 3.656375584 1.877814339 -3.974462777 0.006204552 0.861628352 0.200665735 0.466145202
1403637235.038319111 3.740801855 1.890484318 -3.948311793 0.007243861 0.856241316 0.198857911 0.476711513
1403637235.088319063 3.830509326 1.894801554 -3.916793157 0.006400373 0.850865748 0.197096314 0.486969770
1403637235.138319016 3.913472986 1.910629699 -3.886075856 0.005489876 0.845123932 0.194344924 0.497961295
1403637235.188318968 3.999586020 1.911406204 -3.845552367 0.004117997 0.839947124 0.191732213 0.507652074
1403637235.238319159 4.080440388 1.917255472 -3.815409414 0.003232089 0.834265777 0.190017460 0.517574662
1403637235.288318872 4.158670333 1.921062308 -3.779861340 0.000239293 0.829118079 0.190154097 0.525741927
1403637235.338319063 4.234544056 1.922524849 -3.739649226 -0.004554645 0.824549473 0.191952790 0.532213818
1403637235.388319016 4.310930213 1.924595062 -3.702387318 -0.009719795 0.819146074 0.199013669 0.537865035
1403637235.438319206 4.384534609 1.921483253 -3.664242356 -0.014089974 0.813613802 0.206738696 0.543224784
1403637235.488318920 4.455900296 1.919923445 -3.622471420 -0.018834442 0.808001754 0.213681416 0.548742819
1403637235.538319111 4.531472801 1.916390924 -3.583002862 -0.021957349 0.802325674 0.219615193 0.554581422
1403637235.588319063 4.603231546 1.908313662 -3.542116130 -0.026391373 0.797753624 0.221419275 0.560237589
1403637235.638319016 4.674917043 1.900465754 -3.498351492 -0.027987350 0.793369305 0.221582866 0.566288696
1403637235.688318968 4.751031770 1.891972726 -3.456149795 -0.028497478 0.789520993 0.218588290 0.572768413
1403637235.738319159 4.823895414 1.876754348 -3.415426562 -0.027873043 0.786455279 0.211724572 0.579554909
1403637235.788318872 4.897120091 1.857029257 -3.371568941 -0.029773418 0.784478412 0.200906824 0.585955300
1403637235.838319063 4.972879715 1.841668861 -3.325504707 -0.032034489 0.783164756 0.185011158 0.592788013
1403637235.888319016 5.045053860 1.822275397 -3.283640899 -0.035082063 0.780361313 0.172156722 0.600139595
1403637235.938319206 5.115616340 1.799385176 -3.233942837 -0.041172959 0.777720471 0.158726984 0.606845451
1403637235.988318920 5.207844429 1.771025968 -3.175002807 -0.046333771 0.772874860 0.153038427 0.614082138
1403637236.038319111 5.275371499 1.744477058 -3.120183482 -0.051073057 0.768148579 0.144218956 0.621723569
1403637236.088319063 5.341727206 1.714145524 -3.061623810 -0.054083452 0.762596397 0.139641946 0.629302664
1403637236.138319016 5.414174661 1.683063122 -3.000314060 -0.057562616 0.756787149 0.134405542 0.637098820
1403637236.188318968 5.478736899 1.648212012 -2.935470628 -0.060724568 0.750192774 0.131159141 0.645229114
1403637236.238319159 5.541841080 1.606666643 -2.867973333 -0.062550035 0.743876636 0.126476605 0.653252410
1403637236.288318872 5.605493545 1.565375232 -2.796449822 -0.062541815 0.736756510 0.124408522 0.661665238
1403637236.338319063 5.666808430 1.522543684 -2.720119981 -0.061469889 0.729380107 0.121957452 0.670337596
1403637236.388319016 5.725698044 1.473972398 -2.644474970 -0.059401918 0.721408816 0.121071069 0.679251447
1403637236.438319206 5.785495748 1.422857181 -2.559618407 -0.056682254 0.713969909 0.121306388 0.687254576
1403637236.488318920 5.841643165 1.367074695 -2.474524433 -0.052161064 0.706963677 0.122081471 0.694678125
1403637236.538319111 5.896912825 1.314642357 -2.386793775 -0.048451554 0.701251790 0.122262767 0.700678378
1403637236.588319063 5.951359225 1.258222033 -2.295746499 -0.044635864 0.696767203 0.122484044 0.705351518
1403637236.638319016 6.004098455 1.204312732 -2.204057083 -0.040385646 0.693936290 0.119971462 0.708821750
1403637236.688318968 6.054921484 1.154106871 -2.108518078 -0.037007237 0.691115930 0.117680264 0.712138042
1403637236.738319159 6.105531533 1.105075572 -2.007802049 -0.030955893 0.688359621 0.112901085 0.715860398
1403637236.788318872 6.155082695 1.054888496 -1.912007580 -0.025297098 0.684296607 0.108711422 0.720610878
1403637236.838319063 6.201075239 1.000555759 -1.806561535 -0.018142996 0.679584185 0.105107611 0.725802010
1403637236.888319016 6.243717170 0.948319762 -1.700881999 -0.008621568 0.674133359 0.099933270 0.731767193
1403637236.938319206 6.279312766 0.892223361 -1.589409317 0.002112191 0.668945934 0.093843810 0.737360303
1403637236.988318920 6.329914190 0.844349193 -1.544621706 0.010569985 0.663149740 0.087362076 0.743295746
1403637237.038319111 6.363166327 0.793821466 -1.439813932 0.023059055 0.658610921 0.080039656 0.747859337
1403637237.088319063 6.383023393 0.735821968 -1.338227165 0.034604189 0.654060705 0.074394722 0.751979102
1403637237.138319016 6.396288902 0.680148059 -1.237819803 0.046670694 0.648185565 0.069306980 0.756884313
1403637237.188318968 6.403255670 0.601254953 -1.110216040 0.054381716 0.643185128 0.068819476 0.760670362
1403637237.238319159 6.402932086 0.552116406 -1.008751187 0.060969480 0.635269216 0.068330774 0.766841999
1403637237.288318872 6.399477868 0.486662674 -0.895902453 0.063318705 0.627795551 0.070280365 0.772608670
1403637237.338319063 6.386872785 0.423970661 -0.802565606 0.062880785 0.620397548 0.071109437 0.778521893
1403637237.388319016 6.368027639 0.360042430 -0.703941028 0.063298910 0.613622123 0.073258743 0.783641688
1403637237.438319206 6.349669318 0.292904148 -0.603343122 0.064381785 0.607964402 0.075450594 0.787744552
1403637237.488318920 6.321431433 0.224030328 -0.504788673 0.063523789 0.603455218 0.076421347 0.791180324
1403637237.538319111 6.293552248 0.153540524 -0.402907453 0.064132853 0.599550597 0.078887597 0.793853139
1403637237.588319063 6.249377683 0.084773636 -0.310778709 0.064719583 0.595684143 0.081327565 0.796465696
1403637237.638319016 6.203618337 0.017739543 -0.226810773 0.067662911 0.591386312 0.084440983 0.799095539
1403637237.688318968 6.151722316 -0.044697029 -0.141400158 0.071741780 0.587569712 0.087673025 0.801204338
1403637237.738319159 6.093256975 -0.116713976 -0.055005090 0.073868858 0.584539500 0.092899885 0.802637263
1403637237.788318872 6.033342177 -0.186738505 0.029692368 0.075394521 0.582010964 0.098543649 0.803659165
1403637237.838319063 5.968729573 -0.245459179 0.104408754 0.075627066 0.580444714 0.105722970 0.803857658
1403637237.888319016 5.901472841 -0.306506990 0.179995994 0.073893488 0.580567995 0.113981234 0.802800619
1403637237.938319206 5.830036196 -0.363037870 0.248177644 0.072235839 0.581877526 0.122949389 0.800677198
1403637237.988318920 5.758514041 -0.415273684 0.316387291 0.069183606 0.584813836 0.132934673 0.797204352
1403637238.038319111 5.682070948 -0.464345465 0.380983446 0.066603119 0.588180640 0.144922936 0.792846077
1403637238.088319063 5.602487327 -0.511273247 0.442029839 0.065293755 0.591811272 0.160200475 0.787294069
1403637238.138319016 5.522999167 -0.556381706 0.500327754 0.064265423 0.596973304 0.174448588 0.780423295
1403637238.188318968 5.439594695 -0.595017659 0.550784516 0.065676116 0.602600829 0.189197043 0.772504607
1403637238.238319159 5.359468036 -0.638741928 0.601161946 0.067035879 0.609690522 0.203994618 0.763000560
1403637238.288318872 5.276340332 -0.675865079 0.644745762 0.070531045 0.617475346 0.218659814 0.752288146
1403637238.338319063 5.192978233 -0.708376713 0.682274861 0.073698745 0.625874323 0.232834795 0.740700874
1403637238.388319016 5.113892091 -0.739821742 0.718183984 0.079067528 0.635994820 0.245076086 0.727459021
1403637238.438319206 5.032252132 -0.771571970 0.750477915 0.083597853 0.646865760 0.256271930 0.713372824
1403637238.488318920 4.947313209 -0.795662715 0.771658564 0.088718487 0.658054568 0.265563604 0.698977244
1403637238.538319111 4.864222569 -0.818611664 0.788908115 0.091469564 0.669557236 0.273900608 0.684328053
1403637238.588319063 4.775813463 -0.831947686 0.796344832 0.093819854 0.679812487 0.282522981 0.670248896
1403637238.638319016 4.690837306 -0.848718382 0.799922346 0.093906801 0.686855401 0.295666812 0.657261216
1403637238.688318968 4.602257409 -0.858747580 0.791376554 0.089077816 0.691473929 0.309874968 0.646456845
1403637238.738319159 4.517800716 -0.869854928 0.778791736 0.081776664 0.693762654 0.325587816 0.637180141
1403637238.788318872 4.429884664 -0.872590956 0.759924114 0.073782231 0.694786600 0.341234000 0.628798155
1403637238.838319063 4.348792862 -0.882283671 0.744740095 0.064467966 0.695126194 0.357296641 0.620469634
1403637238.888319016 4.271715535 -0.887921393 0.716516926 0.054207526 0.694380837 0.372203291 0.613483094
1403637238.938319206 4.193700417 -0.887745178 0.679294474 0.043800353 0.692917218 0.385782725 0.607551600
1403637238.988318920 4.117985111 -0.890892506 0.629998532 0.032777764 0.692006104 0.396391025 0.602434498
1403637239.038319111 4.050538362 -0.889084397 0.573428201 0.021735328 0.693829821 0.399720705 0.598624351
1403637239.088319063 3.988451318 -0.885069665 0.508563045 0.011378558 0.697535391 0.397866486 0.595833170
1403637239.138319016 3.930952304 -0.882823480 0.445302665 0.002946623 0.705753564 0.387813890 0.592877399
1403637239.188318968 3.880685125 -0.879071124 0.366752225 -0.003234672 0.715266727 0.374157476 0.590245058
1403637239.238319159 3.833151970 -0.871018024 0.267899981 -0.005575355 0.725011869 0.359520611 0.587427983
1403637239.288318872 3.792600019 -0.862053402 0.173229020 -0.005973341 0.733930004 0.347859739 0.583356384
1403637239.338319063 3.755807539 -0.854187706 0.075673040 -0.005602399 0.742008626 0.340044264 0.577721136
1403637239.388319016 3.735049145 -0.846982989 -0.025812553 -0.003881934 0.749245885 0.336132739 0.570640268
1403637239.438319206 3.717081574 -0.818981721 -0.074512524 0.000595378 0.758356594 0.333596392 0.560007473
1403637239.488318920 3.692453492 -0.800758476 -0.175383422 0.002616553 0.766387777 0.332082254 0.549876627
1403637239.538319111 3.667188523 -0.778606153 -0.318562999 0.004865518 0.773886682 0.330195853 0.540413201
1403637239.588319063 3.646806008 -0.742942305 -0.426256838 0.007477326 0.782775854 0.328186853 0.528677067
1403637239.638319016 3.628886456 -0.712245697 -0.532042091 0.008873084 0.791823086 0.326656356 0.515977805
1403637239.688318968 3.612059960 -0.671150256 -0.642127547 0.011820523 0.801298207 0.323902667 0.502860340
1403637239.738319159 3.599464830 -0.629461690 -0.756365191 0.013724746 0.812304403 0.316648571 0.489598684
1403637239.788318872 3.584883522 -0.578807617 -0.870795589 0.017060372 0.823920078 0.306790802 0.476176492
1403637239.838319063 3.572917353 -0.527528771 -0.985101547 0.017737764 0.836395316 0.294356029 0.462041963
1403637239.888319016 3.562728711 -0.470237829 -1.097467656 0.019085214 0.847992198 0.283226319 0.447579981
1403637239.938319206 3.548080833 -0.423044508 -1.207252343 0.021466600 0.858174556 0.275775390 0.432462195
1403637239.988318920 3.537163273 -0.361453892 -1.332772860 0.022200866 0.867832180 0.268815710 0.417267950
1403637240.038319111 3.525609323 -0.305821406 -1.446967944 0.022457496 0.876580516 0.264020627 0.401740424
1403637240.088319063 3.510956489 -0.248267374 -1.561678532 0.023862044 0.884021222 0.262003150 0.386382494
1403637240.138319016 3.484714425 -0.182528792 -1.677971493 0.024698484 0.890684247 0.261772269 0.370873072
1403637240.188318968 3.471094741 -0.123252816 -1.787715387 0.025232357 0.896672811 0.262949503 0.355244644
1403637240.238319159 3.446433316 -0.055141911 -1.900164379 0.024703222 0.901327226 0.266238707 0.340757880
1403637240.288318872 3.430775234 0.010029724 -2.009325168 0.022669365 0.904356881 0.273474491 0.326858431
1403637240.338319063 3.416543637 0.072144663 -2.114051324 0.018141595 0.906111763 0.281679726 0.315101392
1403637240.388319016 3.393398062 0.140577928 -2.226567911 0.012798881 0.906740616 0.290394735 0.305497204
1403637240.438319206 3.387513472 0.200845663 -2.330676128 0.004335754 0.907115374 0.298816213 0.296364251
1403637240.488318920 3.367873768 0.264908886 -2.437196634 -0.002270964 0.907103792 0.305206321 0.289839016
1403637240.538319111 3.354219215 0.330007068 -2.537976767 -0.007216349 0.907471593 0.309281981 0.284232103
1403637240.588319063 3.426996226 0.407871075 -2.613707957 -0.010758893 0.909704583 0.309363170 0.276796399
1403637240.638319016 3.374213442 0.455719106 -2.745883011 -0.012606124 0.909833448 0.309921601 0.275667887
1403637240.688318968 3.364476914 0.506558430 -2.856898474 -0.014971226 0.910631070 0.308757308 0.274218602
1403637240.738319159 3.359375610 0.549287772 -2.970951652 -0.015012403 0.911287506 0.307677747 0.273247349
1403637240.788318872 3.354100292 0.594085405 -3.082980637 -0.015877299 0.912879405 0.303136519 0.272960354
1403637240.838319063 3.351767991 0.639070796 -3.193543762 -0.018458826 0.916175725 0.292683147 0.273162751
1403637240.888319016 3.349951435 0.677692979 -3.309441086 -0.016770850 0.919432538 0.281788323 0.273784383
1403637240.938319206 3.347356234 0.719468513 -3.422521900 -0.016754616 0.922052166 0.272068216 0.274805336
1403637240.988318920 3.343004590 0.759537528 -3.537378780 -0.016315440 0.923330873 0.265850784 0.276617546
1403637241.038319111 3.342747077 0.802711091 -3.644380031 -0.015111654 0.923305066 0.264551833 0.278013887
1403637241.088319063 3.343551309 0.844523610 -3.749742260 -0.013379037 0.922176202 0.266427443 0.280050837
1403637241.138319016 3.348287680 0.887460458 -3.851432335 -0.013576217 0.921163257 0.268003399 0.281865425
1403637241.188318968 3.353657898 0.931774136 -3.951710800 -0.014070787 0.920281696 0.269191233 0.283583662
1403637241.238319159 3.359077074 0.973344634 -4.050288573 -0.017688109 0.920168150 0.267949312 0.284922573
1403637241.288318872 3.365325872 1.018646644 -4.147971419 -0.021857200 0.919975549 0.266704379 0.286419318
1403637241.338319063 3.372594344 1.063897343 -4.243380848 -0.024717033 0.920089704 0.264467700 0.287890327
1403637241.388319016 3.379442682 1.109155578 -4.339455277 -0.029611017 0.920325936 0.261723542 0.289178399
1403637241.438319206 3.390790881 1.153535995 -4.431697249 -0.034361005 0.920404494 0.259631878 0.290286370
1403637241.488318920 3.401417502 1.198161776 -4.523155702 -0.038743073 0.920882213 0.256040377 0.291407359
1403637241.538319111 3.415429196 1.240993231 -4.612804003 -0.043393720 0.922011722 0.250137367 0.292305778
1403637241.588319063 3.430289544 1.280974835 -4.699375514 -0.046756813 0.922549696 0.246089276 0.293523299
1403637241.638319016 3.449649090 1.318650356 -4.782931480 -0.047388313 0.923367397 0.241624111 0.294558629
1403637241.688318968 3.469187099 1.349863731 -4.862444914 -0.046402803 0.924639958 0.235582493 0.295615656
1403637241.738319159 3.493148805 1.379556686 -4.938975106 -0.045749178 0.925871172 0.229606789 0.296564173
1403637241.788318872 3.518909586 1.407050078 -5.013212367 -0.044015774 0.927151141 0.223914746 0.297179340
1403637241.838319063 3.545588099 1.431196373 -5.081527568 -0.040209447 0.928375857 0.218736316 0.297751395
1403637241.888319016 3.575558889 1.452145056 -5.147362411 -0.031904516 0.929017527 0.216070250 0.298700826
1403637241.938319206 3.602868266 1.471847421 -5.207713049 -0.019086994 0.929574824 0.213289912 0.300056239
1403637241.988318920 3.634578784 1.486410812 -5.266164373 -0.009635744 0.930097759 0.210605011 0.300783712
1403637242.038319111 3.661250150 1.499704135 -5.318867005 -0.003849988 0.930739388 0.207774541 0.300897174
1403637242.088319063 3.685866545 1.512850506 -5.369255833 -0.003857589 0.931113618 0.207047809 0.300239493
1403637242.138319016 3.712371695 1.524056331 -5.413970633 -0.007493293 0.931243083 0.207776548 0.299264226
1403637242.188318968 3.736568311 1.533386323 -5.456552677 -0.013338058 0.931178437 0.209269936 0.298219564
1403637242.238319159 3.762829028 1.538401217 -5.494710718 -0.018756445 0.931255885 0.210007539 0.297165789
1403637242.288318872 3.790582655 1.542326997 -5.528490538 -0.023724364 0.931541111 0.209995382 0.295922714
1403637242.338319063 3.816035363 1.545920228 -5.560201101 -0.030265322 0.932236612 0.207917788 0.294599903
1403637242.388319016 3.840210932 1.550365860 -5.587446985 -0.036417676 0.933135159 0.204531351 0.293427086
1403637242.438319206 3.869045325 1.557157189 -5.612656400 -0.041628569 0.934190050 0.200094097 0.292435232
1403637242.488318920 3.897893409 1.561654228 -5.631057399 -0.045705648 0.935166772 0.196274907 0.291290687
1403637242.538319111 3.928161008 1.565487726 -5.644333308 -0.047203453 0.935589034 0.193376086 0.291634502
1403637242.588319063 3.959666568 1.567114005 -5.651735422 -0.046417626 0.935401137 0.190669702 0.294134633
1403637242.638319016 3.994757845 1.567414279 -5.653904316 -0.044328427 0.934010225 0.190250554 0.299106364
1403637242.688318968 4.031829461 1.563373945 -5.652504348 -0.041591862 0.931778689 0.190763785 0.306051906
1403637242.738319159 4.067680419 1.557345947 -5.645818069 -0.036771870 0.928783095 0.191769270 0.315014822
1403637242.788318872 4.106091995 1.546830845 -5.633754930 -0.029437734 0.925687051 0.193130442 0.323940636
1403637242.838319063 4.139062504 1.535883758 -5.619730353 -0.022179692 0.923065574 0.192141120 0.332475259
1403637242.888319016 4.176021984 1.519876277 -5.600556593 -0.016212537 0.920631631 0.191523849 0.339842858
1403637242.938319206 4.207396383 1.499391973 -5.576688765 -0.013393025 0.918934949 0.188596112 0.346136813
1403637242.988318920 4.239888697 1.480868412 -5.550158534 -0.011545396 0.917594429 0.185516477 0.351384126
1403637243.038319111 4.271435321 1.461830940 -5.520082754 -0.013568941 0.916123731 0.184876609 0.355462843
1403637243.088319063 4.302092482 1.443063315 -5.487272582 -0.017657141 0.914936856 0.184703617 0.358417841
1403637243.138319016 4.308473650 1.430897445 -5.449988371 -0.019833434 0.912797202 0.186142120 0.362986245
1403637243.188318968 4.338295528 1.413677337 -5.409295039 -0.022051559 0.910820729 0.191323097 0.365122995
1403637243.238319159 4.383941809 1.396639273 -5.365955562 -0.023094586 0.908562102 0.198133141 0.367048779
1403637243.288318872 4.413588318 1.380288549 -5.318650632 -0.021942086 0.906723703 0.203703886 0.368612803
1403637243.338319063 4.441868940 1.365523140 -5.267589722 -0.020891627 0.905049707 0.208861394 0.369899292
1403637243.388319016 4.469799474 1.351583461 -5.215126378 -0.019226180 0.903793848 0.212246271 0.371131453
1403637243.438319206 4.499810316 1.337355604 -5.159124582 -0.016868104 0.903027652 0.215258694 0.371376119
1403637243.488318920 4.527406947 1.323004818 -5.100739192 -0.016176564 0.902785912 0.216008672 0.371559106
1403637243.538319111 4.561417751 1.308159824 -5.040124096 -0.014359491 0.902199109 0.218812977 0.371418165
1403637243.588319063 4.589305932 1.289267465 -4.977632885 -0.012179913 0.900606313 0.225006637 0.371661045
1403637243.638319016 4.616634516 1.268533456 -4.912993829 -0.009789016 0.899078549 0.231015418 0.371744287
1403637243.688318968 4.645331952 1.247711440 -4.848675339 -0.007972773 0.897208873 0.238553759 0.371543774
1403637243.738319159 4.672173268 1.221614710 -4.784237190 -0.004491832 0.896019653 0.243727068 0.371114161
1403637243.788318872 4.697072137 1.194208857 -4.720489949 0.000603894 0.893691422 0.252289862 0.371032482
1403637243.838319063 4.726409440 1.165294003 -4.656762295 0.007685228 0.891149116 0.261116628 0.370961314
1403637243.888319016 4.750143524 1.133263176 -4.595183146 0.011879964 0.889230918 0.267992519 0.370549931
1403637243.938319206 4.773311193 1.099919184 -4.534595802 0.017105178 0.887475619 0.273776032 0.370325699
1403637243.988318920 4.798130557 1.061106541 -4.472629843 0.018445068 0.887167177 0.276275156 0.369142543
1403637244.038319111 4.819770674 1.025343733 -4.416036640 0.019074130 0.887310247 0.276973975 0.368241932
1403637244.088319063 4.840315138 0.991109780 -4.363402533 0.019673562 0.887638129 0.276928940 0.367453215
1403637244.138319016 4.859983556 0.951297705 -4.316698096 0.018439566 0.887926458 0.277008930 0.366759649
1403637244.188318968 4.879480997 0.908301127 -4.266032941 0.018207874 0.888907823 0.275431457 0.365580181
1403637244.238319159 4.901187766 0.867872391 -4.213533881 0.018286363 0.889787087 0.274202905 0.364358774
1403637244.288318872 4.919824164 0.824789461 -4.166193850 0.018451936 0.889632164 0.275452256 0.363785916
1403637244.338319063 4.937288433 0.780299305 -4.119895054 0.017943780 0.889395882 0.277320286 0.362968930
1403637244.388319016 4.956575322 0.737453434 -4.074257784 0.017783866 0.888366891 0.280172284 0.363306333
1403637244.438319206 4.974136557 0.691448721 -4.029893790 0.015808481 0.887029637 0.282251621 0.365051417
1403637244.488318920 4.991029011 0.634122585 -4.000584133 0.011394383 0.885752357 0.283300321 0.367496746
1403637244.538319111 5.008117558 0.584688164 -3.960030189 0.004742885 0.884621099 0.281472703 0.371747406
1403637244.588319063 5.032679113 0.538170467 -3.912526696 -0.002982203 0.882985569 0.279578148 0.377045952
1403637244.638319016 5.049144116 0.496171466 -3.874295617 -0.010554261 0.880889611 0.277593426 0.383228378
1403637244.688318968 5.066353431 0.452376117 -3.835124354 -0.016523563 0.878280412 0.276050148 0.390060002
1403637244.738319159 5.084071063 0.411615518 -3.794770845 -0.020657763 0.875477365 0.274828792 0.396965710
1403637244.788318872 5.103878514 0.373222893 -3.757379029 -0.023735637 0.872902132 0.273767529 0.403149881
1403637244.838319063 5.125963797 0.335629430 -3.718180154 -0.026057965 0.870643855 0.273013577 0.408367295
1403637244.888319016 5.148346814 0.300983827 -3.679616267 -0.027178295 0.868513097 0.272213615 0.413335322
1403637244.938319206 5.176253320 0.264089891 -3.639153052 -0.027068751 0.866244506 0.273456663 0.417263935
1403637244.988318920 5.199567102 0.230840480 -3.604392416 -0.026126981 0.863676350 0.275853885 0.421052463
1403637245.038319111 5.224359343 0.200520951 -3.571825562 -0.022607185 0.860620265 0.281192070 0.423972516
1403637245.088319063 5.250009964 0.172367516 -3.535001972 -0.016497874 0.856575484 0.290161881 0.426394587
1403637245.138319016 5.277178865 0.147742197 -3.500184067 -0.011473385 0.852699461 0.298957958 0.428247744
1403637245.188318968 5.310758576 0.121577405 -3.466817400 -0.009881719 0.849949957 0.305950775 0.428814116
1403637245.238319159 5.340412808 0.099756241 -3.440989417 -0.011918375 0.849641875 0.305296112 0.429838250
1403637245.288318872 5.370999574 0.077466124 -3.416825892 -0.014984966 0.851262669 0.300089378 0.430201912
1403637245.338319063 5.408597424 0.056776873 -3.389035153 -0.020215149 0.853513034 0.293921508 0.429787151
1403637245.388319016 5.442638840 0.039366508 -3.366937617 -0.022736766 0.855117946 0.288462203 0.430169613
1403637245.438319206 5.479968913 0.021348985 -3.344038893 -0.025775889 0.855973604 0.283992928 0.431268838
1403637245.488318920 5.518892323 0.006682157 -3.316642029 -0.028146292 0.856006422 0.280512297 0.433328563
1403637245.538319111 5.560082018 -0.010048296 -3.292411317 -0.029082297 0.854739055 0.278630999 0.436966972
1403637245.588319063 5.600612955 -0.024881201 -3.269076303 -0.031361793 0.852993996 0.276415772 0.441601633
1403637245.638319016 5.643159456 -0.036811255 -3.246046768 -0.031902943 0.849975896 0.275913824 0.447654710
1403637245.688318968 5.685609774 -0.046273624 -3.230975280 -0.033154434 0.846366924 0.274752406 0.455054863
1403637245.738319159 5.730632471 -0.058512780 -3.210795601 -0.032131728 0.842802514 0.271719153 0.463486975
1403637245.788318872 5.779494116 -0.070899462 -3.185149287 -0.029270924 0.839641392 0.265234887 0.473070819
1403637245.838319063 5.829234603 -0.081872618 -3.164658037 -0.025775244 0.836258543 0.255495470 0.484488752
1403637245.888319016 5.880515351 -0.087697252 -3.145025179 -0.022603363 0.831495729 0.246667917 0.497251324
1403637245.938319206 5.931006348 -0.095327625 -3.117745518 -0.019529360 0.825529104 0.238974363 0.510892901
1403637245.988318920 5.982059911 -0.102249084 -3.095885236 -0.018081079 0.818093386 0.231576441 0.526088052
1403637246.038319111 6.031689040 -0.106881902 -3.076456389 -0.017357787 0.809159473 0.224613817 0.542686178
1403637246.088319063 6.080843885 -0.112446596 -3.045362710 -0.016290409 0.799351624 0.218122202 0.559637659
1403637246.138319016 6.129174948 -0.111647640 -3.028742597 -0.016164577 0.787743139 0.211290846 0.578407842
1403637246.188318968 6.178889444 -0.115243143 -2.996953818 -0.016126903 0.775441036 0.205182849 0.596934772
1403637246.238319159 6.228175758 -0.116135257 -2.962071270 -0.015568581 0.762340935 0.198810055 0.615685374
1403637246.288318872 6.275247194 -0.118528806 -2.936000640 -0.016677886 0.747714258 0.193300300 0.635043487
1403637246.338319063 6.321291640 -0.114704893 -2.909573752 -0.017107506 0.732595886 0.185480491 0.654681288
1403637246.388319016 6.366060869 -0.115290855 -2.874536819 -0.019842778 0.717653356 0.176586245 0.673347772
1403637246.438319206 6.410083758 -0.106071586 -2.848533406 -0.022878047 0.702193672 0.166084184 0.691965813
1403637246.488318920 6.451504509 -0.104033832 -2.809232212 -0.024986855 0.687724654 0.154584401 0.708882304
1403637246.538319111 6.493676767 -0.097864287 -2.771614513 -0.024417371 0.672841924 0.144187863 0.725187836
1403637246.588319063 6.529544134 -0.089970855 -2.738896834 -0.023561211 0.658369715 0.132074938 0.740641883
1403637246.638319016 6.566008696 -0.084338915 -2.701730415 -0.021465212 0.643454226 0.122490258 0.755315855
1403637246.688318968 6.600009094 -0.083907778 -2.654147653 -0.017825637 0.629460903 0.112110956 0.768695227
1403637246.738319159 6.638732078 -0.077296387 -2.610821248 -0.016828209 0.615356025 0.103012505 0.781308004
1403637246.788318872 6.669302561 -0.077336859 -2.566956181 -0.015281129 0.600302548 0.095727874 0.793876258
1403637246.838319063 6.693445771 -0.077159792 -2.516411635 -0.014798012 0.585938314 0.088851038 0.805333970
1403637246.888319016 6.715534410 -0.072669532 -2.484622608 -0.015580994 0.570360646 0.083833430 0.816956499
1403637246.938319206 6.735683912 -0.069453895 -2.445114883 -0.018685313 0.555028591 0.082364944 0.827532560
1403637246.988318920 6.751150203 -0.072607715 -2.395444694 -0.025019881 0.542227234 0.082537103 0.835793789
1403637247.038319111 6.769582628 -0.078174397 -2.352682955 -0.030041697 0.530331486 0.084427972 0.843040882
1403637247.088319063 6.783004059 -0.084312734 -2.306879866 -0.035718881 0.520604955 0.087885920 0.848510876
1403637247.138319016 6.791220438 -0.087637844 -2.243858171 -0.039845857 0.513755471 0.092609359 0.851992447
1403637247.188318968 6.802208486 -0.093666554 -2.194347779 -0.043800738 0.507746464 0.096110003 0.855007539
1403637247.238319159 6.812456337 -0.090642182 -2.148061756 -0.044856616 0.502675885 0.100099580 0.857487558
1403637247.288318872 6.821234828 -0.092741347 -2.092176040 -0.043912549 0.500054983 0.101605089 0.858890626
1403637247.338319063 6.831301246 -0.092157946 -2.043392715 -0.037871144 0.498664094 0.099994300 0.860175004
1403637247.388319016 6.839486538 -0.090918808 -1.991155750 -0.025567227 0.499545622 0.093161517 0.860884092
1403637247.438319206 6.848210736 -0.095073554 -1.939706630 -0.013008644 0.500814697 0.086445506 0.861128672
1403637247.488318920 6.854278683 -0.103519658 -1.883219157 -0.006207183 0.501978106 0.084099821 0.860759358
1403637247.538319111 6.857777450 -0.098951121 -1.832560054 -0.004270143 0.502023695 0.082224680 0.860925709
1403637247.588319063 6.857622278 -0.092665269 -1.780079083 -0.004300142 0.500856329 0.080568569 0.861761656
1403637247.638319016 6.853916904 -0.087463866 -1.727598204 -0.005354166 0.498760917 0.078021758 0.863204197
1403637247.688318968 6.848193217 -0.083995578 -1.671292917 -0.007189989 0.497021587 0.071535394 0.864754609
1403637247.738319159 6.841580308 -0.073641728 -1.619266714 -0.008968081 0.493885568 0.064494616 0.867085384
1403637247.788318872 6.831161631 -0.065483186 -1.568195772 -0.011954423 0.490158443 0.057310177 0.869665071
1403637247.838319063 6.817325630 -0.061033293 -1.513004090 -0.013133814 0.485726142 0.050537461 0.872550046
1403637247.888319016 6.799483594 -0.058410323 -1.461342218 -0.012125646 0.479073142 0.048355555 0.876358165
1403637247.938319206 6.778399882 -0.056731862 -1.409974161 -0.007000812 0.470823783 0.047724254 0.880907685
1403637247.988318920 6.753556619 -0.063522430 -1.353792636 -0.002759068 0.462573368 0.049029068 0.885219982
1403637248.038319111 6.725525563 -0.063104561 -1.304143903 -0.002524931 0.453013104 0.052204050 0.889970499
1403637248.088319063 6.695995167 -0.069899354 -1.257310307 -0.007723838 0.443478347 0.054591831 0.894587631
1403637248.138319016 6.660114283 -0.071572154 -1.198433962 -0.012625177 0.435063169 0.057428182 0.898477962
1403637248.188318968 6.625589636 -0.071646902 -1.150579157 -0.017599299 0.426359578 0.059717553 0.902408770
1403637248.238319159 6.586353974 -0.075192986 -1.098142111 -0.023765297 0.420008542 0.060807615 0.905168752
1403637248.288318872 6.551227724 -0.082438213 -1.046491165 -0.026369237 0.413562057 0.064328415 0.907817682
1403637248.338319063 6.512527042 -0.080939274 -0.997573438 -0.028566955 0.408940527 0.063925168 0.909870951
1403637248.388319016 6.470742971 -0.081930809 -0.943698916 -0.028582730 0.405766577 0.064595742 0.911243053
1403637248.438319206 6.431578828 -0.084934721 -0.888425803 -0.027528135 0.403386193 0.065377588 0.912276028
1403637248.488318920 6.391096118 -0.083816577 -0.835111620 -0.025262087 0.402038270 0.064181741 0.913021227
1403637248.538319111 6.352588380 -0.089050457 -0.786564464 -0.020489781 0.400944937 0.062471805 0.913739897
1403637248.588319063 6.308226588 -0.089367271 -0.735034182 -0.016784305 0.401060173 0.060070903 0.913925878
1403637248.638319016 6.264291827 -0.093335736 -0.686761660 -0.016994757 0.401414773 0.058975598 0.913837643
1403637248.688318968 6.220467141 -0.095727344 -0.638755094 -0.020330857 0.401818894 0.059865385 0.913534000
1403637248.738319159 6.176253381 -0.100770230 -0.594277385 -0.025242408 0.402134166 0.061363611 0.913173281
1403637248.788318872 6.129111128 -0.102579512 -0.547711865 -0.029845738 0.403322438 0.062666251 0.912421604
1403637248.838319063 6.081868970 -0.110125922 -0.502576132 -0.033091600 0.404295424 0.064673167 0.911738744
1403637248.888319016 6.032871781 -0.121457758 -0.455514465 -0.035509906 0.405443377 0.067064252 0.910964929
1403637248.938319206 5.982274208 -0.133172685 -0.408841684 -0.036139817 0.406483284 0.069999229 0.910255657
1403637248.988318920 5.931982831 -0.149184015 -0.364388910 -0.037126160 0.407473210 0.072157075 0.909604633
1403637249.038319111 5.879544686 -0.168036073 -0.315206798 -0.037159376 0.409352720 0.072374169 0.908741719
1403637249.088319063 5.827850707 -0.186712058 -0.269137433 -0.037934007 0.410851051 0.072766079 0.908001940
1403637249.138319016 5.776071797 -0.207741916 -0.224192251 -0.037296815 0.412123304 0.073139475 0.907421593
1403637249.188318968 5.720260779 -0.227097168 -0.173933961 -0.037718775 0.413513341 0.073168941 0.906769164
1403637249.238319159 5.666942510 -0.250924013 -0.127428855 -0.036980322 0.414480492 0.073634860 0.906320189
1403637249.288318872 5.612422869 -0.276588081 -0.082472442 -0.035914348 0.415220035 0.074418288 0.905960485
1403637249.338319063 5.559083744 -0.302087910 -0.037473537 -0.034894415 0.416432205 0.072925634 0.905565266
1403637249.388319016 5.503971451 -0.326311210 0.008927723 -0.034807660 0.416877645 0.073965193 0.905279297
1403637249.438319206 5.447866139 -0.343771288 0.055984509 -0.034432511 0.416987195 0.074794837 0.905175018
1403637249.488318920 5.421846564 -0.325598525 0.101114207 -0.032517846 0.418472339 0.073959972 0.904628882
1403637249.538319111 5.365955893 -0.335861059 0.152064447 -0.032614142 0.418395406 0.074457279 0.904620205
1403637249.588319063 5.311128023 -0.341024196 0.203507973 -0.032182888 0.418030970 0.074957675 0.904762796
1403637249.638319016 5.257545190 -0.343165579 0.255509349 -0.031824831 0.417651067 0.074865228 0.904958543
1403637249.688318968 5.178210750 -0.349743548 0.307780086 -0.029024812 0.415584250 0.074077038 0.906068366
1403637249.738319159 5.120793688 -0.351401173 0.361478515 -0.024279498 0.415181091 0.072775403 0.906498157
1403637249.788318872 5.063578083 -0.351803586 0.413161087 -0.020309080 0.414567320 0.069936381 0.907099984
1403637249.838319063 5.007114379 -0.349213331 0.463096504 -0.016013580 0.412549904 0.067438307 0.908294124
1403637249.888319016 4.945863689 -0.350990208 0.514430877 -0.013831061 0.409020167 0.065878142 0.910039161
1403637249.938319206 4.883914301 -0.356180334 0.564556971 -0.014421623 0.404229671 0.064472125 0.912268456
1403637249.988318920 4.823492296 -0.365271654 0.612212718 -0.015506559 0.397054258 0.066767685 0.915231959
1403637250.038319111 4.756982123 -0.372470834 0.661952252 -0.017139190 0.390232701 0.070678798 0.917839417
1403637250.088319063 4.692694319 -0.381698556 0.709697485 -0.018258201 0.382983450 0.075248049 0.920504235
1403637250.138319016 4.625623237 -0.393692240 0.760075057 -0.021264260 0.376711762 0.078219523 0.922777214
1403637250.188318968 4.558719107 -0.404978311 0.806048838 -0.022131683 0.370091852 0.079202808 0.925348110
1403637250.238319159 4.493848793 -0.412762466 0.851750235 -0.021787393 0.362789298 0.080953709 0.928092523
1403637250.288318872 4.429016958 -0.420718882 0.896473833 -0.021462696 0.356041489 0.082945635 0.930534165
1403637250.338319063 4.364772363 -0.427567573 0.941204233 -0.019973974 0.349927259 0.085691858 0.932635437
1403637250.388319016 4.303725517 -0.434290940 0.983975742 -0.020099949 0.344978072 0.087444244 0.934312381
1403637250.438319206 4.245146169 -0.436190644 1.030020963 -0.019815522 0.340689378 0.090824975 0.935568766
1403637250.488318920 4.186402573 -0.436541682 1.073350804 -0.019958368 0.336525712 0.094374682 0.936720624
1403637250.538319111 4.127647299 -0.436627945 1.114002816 -0.022145342 0.333677930 0.096921154 0.937429951
1403637250.588319063 4.072307673 -0.438974764 1.152238280 -0.023629655 0.330978992 0.099312751 0.938099954
1403637250.638319016 4.015154421 -0.437768464 1.194825929 -0.026301932 0.328876426 0.097583484 0.938949396
1403637250.688318968 3.962937555 -0.440323656 1.231610583 -0.027737801 0.326135772 0.097180864 0.939905289
1403637250.738319159 3.912319122 -0.447735344 1.264806406 -0.029029375 0.324023517 0.096172730 0.940700198
1403637250.788318872 3.862545929 -0.457115687 1.297151232 -0.030808522 0.322638123 0.093922622 0.941346917
1403637250.838319063 3.811206730 -0.466861967 1.333086353 -0.029864718 0.321781107 0.093392857 0.941723310
1403637250.888319016 3.765351505 -0.478164858 1.364008852 -0.028222307 0.320805692 0.092548099 0.942190033
1403637250.938319206 3.721719576 -0.489462422 1.394595482 -0.028171821 0.319631236 0.093951893 0.942451730
1403637250.988318920 3.678162535 -0.503849545 1.422681463 -0.027124020 0.318732016 0.094830897 0.942698939
1403637251.038319111 3.635395874 -0.519988179 1.448375381 -0.026992338 0.316755967 0.095605445 0.943290342
1403637251.088319063 3.595873261 -0.536942955 1.472411081 -0.027755197 0.313317746 0.097346798 0.944237915
1403637251.138319016 3.558726245 -0.553212320 1.493825007 -0.029079575 0.308684330 0.099965596 0.945449757
1403637251.188318968 3.522613085 -0.571887302 1.515371482 -0.029905215 0.304321872 0.102051231 0.946614717
1403637251.238319159 3.487621058 -0.594018508 1.535837550 -0.030997108 0.300434488 0.103376203 0.947676980
1403637251.288318872 3.457413391 -0.617385909 1.554719644 -0.031016182 0.296816514 0.103298083 0.948824251
1403637251.338319063 3.426218799 -0.642385435 1.572676523 -0.030494950 0.293711672 0.099225592 0.950240913
1403637251.388319016 3.397620105 -0.668710229 1.588538595 -0.029182154 0.292083676 0.089739423 0.951725992
1403637251.438319206 3.371292070 -0.695161059 1.601840106 -0.027875705 0.288040887 0.083757981 0.953540766
1403637251.488318920 3.345031801 -0.721221693 1.615552130 -0.026887458 0.283396459 0.077002824 0.955528166
1403637251.538319111 3.319896277 -0.747521295 1.629151945 -0.026070110 0.277406077 0.072082383 0.957690110
1403637251.588319063 3.298401603 -0.769343108 1.642614254 -0.025668207 0.271057597 0.067321290 0.959862889
1403637251.638319016 3.275776774 -0.790164732 1.655245873 -0.025102147 0.265097738 0.063702485 0.961787432
1403637251.688318968 3.254694984 -0.809084993 1.667851451 -0.024949971 0.259044665 0.061908406 0.963556283
1403637251.738319159 3.233605697 -0.826360690 1.679856997 -0.024769365 0.253817162 0.060612615 0.965033387
1403637251.788318872 3.213036137 -0.843168325 1.691578104 -0.024204241 0.249643657 0.059321149 0.966215918
1403637251.838319063 3.195778114 -0.856957962 1.699966686 -0.024372057 0.246507118 0.056654026 0.967176595
1403637251.888319016 3.179129231 -0.870874597 1.710248893 -0.021610838 0.244579224 0.053206872 0.967927168
1403637251.938319206 3.163359959 -0.883619253 1.719816982 -0.019665433 0.243871401 0.047116328 0.968462732
1403637251.988318920 3.148179542 -0.895747018 1.728397452 -0.016183251 0.244003726 0.040026555 0.968812757
1403637252.038319111 3.131913830 -0.906174803 1.737038570 -0.013735526 0.244051979 0.035516916 0.969014198
1403637252.088319063 3.115998492 -0.915581624 1.744846981 -0.010421862 0.243723969 0.031727275 0.969269514
1403637252.138319016 3.100613993 -0.923477438 1.751608078 -0.007131094 0.243060420 0.030525301 0.969504505
1403637252.188318968 3.083732606 -0.930998814 1.756530562 -0.003689669 0.241773365 0.031776809 0.969805269
1403637252.238319159 3.065826657 -0.935923705 1.761133674 -0.002639291 0.240572850 0.034110519 0.970027943
1403637252.288318872 3.047186445 -0.938299778 1.764516565 -0.002749807 0.239582691 0.036149807 0.970198827
1403637252.338319063 3.030946534 -0.938124413 1.765602046 -0.004055777 0.238635757 0.038419067 0.970340405
1403637252.388319016 3.012231458 -0.936092283 1.767081581 -0.007381860 0.237902048 0.041020788 0.970394466
1403637252.438319206 2.992985690 -0.931276871 1.768545166 -0.011980126 0.237445746 0.043905541 0.970334116
1403637252.488318920 2.975456823 -0.924640199 1.769391242 -0.015396277 0.237122628 0.045670524 0.970283473
1403637252.538319111 2.957972963 -0.917449894 1.768691415 -0.018189222 0.236990552 0.047085995 0.970199742
1403637252.588319063 2.940272801 -0.908877545 1.768917144 -0.020634593 0.237029785 0.048609203 0.970066101
1403637252.638319016 2.923515310 -0.899199862 1.767829863 -0.023096248 0.236633245 0.051052847 0.969981895
1403637252.688318968 2.907705015 -0.887407450 1.766928639 -0.027690631 0.235822288 0.054590215 0.969866478
1403637252.738319159 2.893341975 -0.875468874 1.765202774 -0.032489317 0.234499872 0.059531764 0.969747505
1403637252.788318872 2.880433545 -0.865606678 1.762136792 -0.037238815 0.233221949 0.064943262 0.969537604
1403637252.838319063 2.868422004 -0.857367200 1.760133185 -0.040921208 0.233197881 0.065825538 0.969335443
1403637252.888319016 2.858523479 -0.851383964 1.756398309 -0.040018790 0.234554889 0.062428495 0.969270439
1403637252.938319206 2.849290675 -0.847995292 1.752139793 -0.036069145 0.236441268 0.057956487 0.969244855
1403637252.988318920 2.841152626 -0.846867395 1.745862378 -0.033223154 0.238255135 0.052725072 0.969201104
1403637253.038319111 2.833631211 -0.847401669 1.739339376 -0.030757202 0.239788852 0.048784261 0.969110621
1403637253.088319063 2.808148475 -0.863637226 1.739551580 -0.030013217 0.240725848 0.047005008 0.968989578
1403637253.138319016 2.801017532 -0.866419402 1.732627835 -0.028200696 0.241679570 0.045055541 0.968899223
1403637253.188318968 2.806983572 -0.853873576 1.713476909 -0.026511450 0.241417113 0.043724109 0.969073332
1403637253.238319159 2.800532175 -0.854699496 1.705754610 -0.025146336 0.241862384 0.043343065 0.969015804
1403637253.288318872 2.794108367 -0.853779990 1.698058740 -0.025265133 0.242392857 0.043084540 0.968891686
1403637253.338319063 2.787179924 -0.851027129 1.690745819 -0.025261377 0.242310358 0.044598681 0.968843904
1403637253.388319016 2.781205714 -0.846718922 1.683240005 -0.025139801 0.242878303 0.043373302 0.968760485
1403637253.438319206 2.775047272 -0.841756549 1.675745552 -0.024138189 0.242383485 0.045565061 0.968809279
1403637253.488318920 2.769522979 -0.834394398 1.667895485 -0.023674240 0.242907835 0.044680998 0.968730573
1403637253.538319111 2.763905876 -0.825095347 1.660256835 -0.025079611 0.243342573 0.044456683 0.968596412
1403637253.588319063 2.758580120 -0.815553907 1.652118203 -0.025419871 0.243625384 0.043956696 0.968539267
1403637253.638319016 2.753011093 -0.805835257 1.643444865 -0.025899548 0.244302827 0.041844821 0.968449458
1403637253.688318968 2.747797474 -0.798972983 1.633447796 -0.025388686 0.244995236 0.039445482 0.968388766
1403637253.738319159 2.742269251 -0.794150935 1.622643253 -0.025169095 0.245569381 0.037524863 0.968325400
1403637253.788318872 2.736998007 -0.790288245 1.611375746 -0.023934510 0.246631621 0.033904227 0.968220267
1403637253.838319063 2.730352602 -0.788065127 1.599075907 -0.023711927 0.247129964 0.033085509 0.968126993
1403637253.888319016 2.723198454 -0.787256828 1.586204773 -0.023452585 0.247329714 0.032008188 0.968118518
1403637253.938319206 2.715290848 -0.787746271 1.572386294 -0.023201063 0.247373173 0.032008178 0.968113475
1403637253.988318920 2.707024099 -0.789582275 1.558209450 -0.023287085 0.247734469 0.031511238 0.968035323
1403637254.038319111 2.698149294 -0.793034449 1.542834123 -0.022657371 0.248273616 0.029705249 0.967969242
1403637254.088319063 2.688857170 -0.798359799 1.526075351 -0.021982896 0.247725425 0.029613110 0.968128054
1403637254.138319016 2.678405156 -0.804556515 1.509210720 -0.021199227 0.245873770 0.028063777 0.968663567
1403637254.188318968 2.665317300 -0.811241720 1.492260542 -0.021575094 0.242565362 0.027739273 0.969498372
1403637254.238319159 2.644513395 -0.818996180 1.468555398 -0.023528607 0.238227054 0.026097489 0.970573643
1403637254.288318872 2.630031027 -0.827565167 1.449092127 -0.026552280 0.233803248 0.024028573 0.971624231
1403637254.338319063 2.615920366 -0.837333685 1.429451368 -0.029937652 0.229265429 0.022639569 0.972639990
1403637254.388319016 2.601387549 -0.846844680 1.409545758 -0.033431019 0.224640722 0.021709690 0.973626007
1403637254.438319206 2.586122992 -0.855234938 1.391097909 -0.035610673 0.220405288 0.021437378 0.974522359
1403637254.488318920 2.570887367 -0.862071943 1.372323162 -0.038427929 0.217425255 0.020054409 0.975114031
1403637254.538319111 2.555599140 -0.867403038 1.354679716 -0.039873040 0.214010298 0.019910087 0.975814184
1403637254.588319063 2.539755172 -0.872141211 1.337873380 -0.039728451 0.211474352 0.018747448 0.976395812
1403637254.638319016 2.523703278 -0.874676653 1.322359695 -0.038549958 0.209377067 0.018429502 0.976900966
1403637254.688318968 2.508240771 -0.875943902 1.307263690 -0.037458290 0.207807390 0.017073783 0.977303152
1403637254.738319159 2.491876386 -0.876189090 1.294075488 -0.035044738 0.206604822 0.015885453 0.977667615
1403637254.788318872 2.475431470 -0.875324111 1.280183589 -0.032266545 0.205464691 0.015949629 0.978002423
1403637254.838319063 2.458621878 -0.873491208 1.266373861 -0.029547629 0.204019981 0.017140142 0.978370584
1403637254.888319016 2.442048555 -0.869951414 1.253509978 -0.027329039 0.203167705 0.017274938 0.978610026
1403637254.938319206 2.424602966 -0.864918375 1.240318017 -0.025611797 0.202533986 0.017794281 0.978778516
1403637254.988318920 2.407544324 -0.858763998 1.227273040 -0.023396607 0.202363625 0.017393802 0.978876406
1403637255.038319111 2.390580460 -0.851184704 1.214306435 -0.023362099 0.201697146 0.016971934 0.979022179
1403637255.088319063 2.372742928 -0.843575683 1.200893903 -0.022293791 0.199394551 0.016414967 0.979528126
1403637255.138319016 2.353244284 -0.836572512 1.187815892 -0.022539758 0.195607151 0.016440707 0.980285420
1403637255.188318968 2.333051294 -0.831214697 1.172602753 -0.022871489 0.191283652 0.014892672 0.981155272
1403637255.238319159 2.310778872 -0.826471543 1.157716287 -0.022784614 0.186478366 0.013837194 0.982097354
1403637255.288318872 2.288807256 -0.821581999 1.143057253 -0.021952108 0.181776248 0.013189162 0.983006382
1403637255.338319063 2.267012738 -0.820331910 1.124671135 -0.020915892 0.177268504 0.012501760 0.983860818
1403637255.388319016 2.246070060 -0.819917097 1.104146848 -0.022049553 0.171646317 0.012848971 0.984828037
1403637255.438319206 2.224826539 -0.818398395 1.084599320 -0.023099257 0.166183709 0.011039914 0.985762405
1403637255.488318920 2.203015647 -0.814387780 1.064378436 -0.024087111 0.160013126 0.009176176 0.986778298
1403637255.538319111 2.180632632 -0.809187384 1.044041103 -0.025015058 0.153486099 0.006038352 0.987815672
1403637255.588319063 2.159361800 -0.801200099 1.025611970 -0.025843028 0.146479670 0.001775797 0.988874456
1403637255.638319016 2.135540361 -0.792615078 1.008194411 -0.025979524 0.138969812 -0.001948281 0.989953868
1403637255.688318968 2.111883520 -0.782492936 0.989904324 -0.027916849 0.130676805 -0.006282420 0.991011984
1403637255.738319159 2.087788791 -0.772490705 0.970589240 -0.030350934 0.121621772 -0.010259294 0.992059329
1403637255.788318872 2.063783020 -0.764788809 0.949371751 -0.032921192 0.112327305 -0.014960436 0.993013070
1403637255.838319063 2.040173687 -0.758484956 0.927896441 -0.035832515 0.102147557 -0.018410594 0.993953197
1403637255.888319016 2.015695146 -0.753539448 0.906566672 -0.038607284 0.091734407 -0.022071791 0.994789984
1403637255.938319206 1.990517758 -0.751248161 0.883471050 -0.039572534 0.081827506 -0.025384713 0.995536986
1403637255.988318920 1.964695868 -0.749524992 0.860170496 -0.040867673 0.072820418 -0.027468587 0.996128755
1403637256.038319111 1.935380089 -0.746892770 0.845310988 -0.041454923 0.065552405 -0.030625110 0.996517172
1403637256.088319063 1.910250263 -0.750372234 0.821454325 -0.042395511 0.059626689 -0.033614350 0.996753407
1403637256.138319016 1.884465230 -0.754837545 0.798330701 -0.041788447 0.054906136 -0.035657044 0.996979246
1403637256.188318968 1.858282814 -0.758229485 0.777456436 -0.039532998 0.051344139 -0.037457038 0.997195012
1403637256.238319159 1.831315683 -0.762048761 0.755793304 -0.035788838 0.048417626 -0.038739817 0.997433767
1403637256.288318872 1.805156412 -0.763586974 0.735133682 -0.033661407 0.046215287 -0.039158335 0.997595951
1403637256.338319063 1.778689818 -0.763066261 0.715232201 -0.032012836 0.045028940 -0.040381143 0.997655720
1403637256.388319016 1.752146661 -0.761106672 0.694777188 -0.030391133 0.044332042 -0.040958758 0.997714102
1403637256.438319206 1.725139577 -0.756694578 0.675080569 -0.029725729 0.044596657 -0.042534725 0.997656412
1403637256.488318920 1.697159434 -0.751211478 0.654380000 -0.028901936 0.045210284 -0.043147157 0.997626699
1403637256.538319111 1.667226412 -0.744694149 0.634486204 -0.027846176 0.045523292 -0.042296983 0.997678899
1403637256.588319063 1.635250322 -0.733706493 0.616630597 -0.027749268 0.046402453 -0.041753858 0.997663974
1403637256.638319016 1.606223152 -0.723407769 0.595861216 -0.030678660 0.047292837 -0.040042971 0.997606520
1403637256.688318968 1.575620508 -0.712035911 0.575427427 -0.035551141 0.046741458 -0.034426610 0.997680390
1403637256.738319159 1.545711544 -0.699558701 0.554611048 -0.041688681 0.045861764 -0.027284036 0.997704532
1403637256.788318872 1.516667296 -0.687411147 0.535381137 -0.046189256 0.045233325 -0.020164445 0.997704312
1403637256.838319063 1.486839900 -0.673590074 0.518522518 -0.048282363 0.044798027 -0.014055814 0.997729615
1403637256.888319016 1.458488696 -0.659286264 0.500336363 -0.047983558 0.044137999 -0.011846164 0.997802127
1403637256.938319206 1.431630318 -0.646029970 0.482740831 -0.044635490 0.043343173 -0.014426598 0.997958374
1403637256.988318920 1.404463222 -0.632775585 0.465195245 -0.042709051 0.041076280 -0.016832425 0.998100869
1403637257.038319111 1.376690303 -0.620854643 0.446868465 -0.039869138 0.037836758 -0.021629914 0.998253965
1403637257.088319063 1.348954633 -0.611118137 0.429858143 -0.037870276 0.034485439 -0.025857607 0.998352634
1403637257.138319016 1.322503147 -0.603799547 0.410917879 -0.036839771 0.031313601 -0.029814923 0.998385377
1403637257.188318968 1.295797304 -0.597926050 0.391592033 -0.036036167 0.028016127 -0.032647830 0.998424063
1403637257.238319159 1.269464008 -0.594572726 0.372987703 -0.036885509 0.024940774 -0.034928867 0.998397411
1403637257.288318872 1.242685092 -0.591747934 0.353113782 -0.038108071 0.021862879 -0.037023280 0.998348169
1403637257.338319063 1.216331923 -0.590627191 0.332846296 -0.039654114 0.019077340 -0.039086472 0.998266424
1403637257.388319016 1.189731440 -0.590625969 0.312108052 -0.040697223 0.016937817 -0.042000172 0.998144695
1403637257.438319206 1.163040362 -0.590736730 0.293193346 -0.041516981 0.015024289 -0.043888012 0.998060346
1403637257.488318920 1.135794905 -0.589956450 0.273528853 -0.041910501 0.013340915 -0.044891079 0.998023207
1403637257.538319111 1.107647624 -0.587626611 0.257532983 -0.042581415 0.012771726 -0.048300488 0.997843058
1403637257.588319063 1.080494877 -0.583340588 0.238885534 -0.044691891 0.011219813 -0.047921969 0.997787671
1403637257.638319016 1.052625664 -0.578352342 0.221719092 -0.047260302 0.009957578 -0.046826568 0.997734726
1403637257.688318968 1.024137930 -0.571508313 0.203315806 -0.051658755 0.008751769 -0.045580504 0.997585684
1403637257.738319159 0.995059778 -0.561869274 0.187605295 -0.054278973 0.006915642 -0.044933629 0.997490319
1403637257.788318872 0.967098817 -0.555112621 0.171398097 -0.057687608 0.003976138 -0.044373504 0.997340124
1403637257.838319063 0.937349182 -0.548462363 0.160532676 -0.060790526 0.000590007 -0.044729631 0.997147644
1403637257.888319016 0.906732336 -0.538123075 0.149182063 -0.063598813 -0.003710740 -0.044904710 0.996957867
1403637257.938319206 0.876996773 -0.525566869 0.139977757 -0.065154563 -0.009192264 -0.044912302 0.996821584
1403637257.988318920 0.849358952 -0.515628388 0.128159740 -0.066144322 -0.015420292 -0.046138445 0.996623493
1403637258.038319111 0.819353269 -0.504869726 0.117673920 -0.066913388 -0.023236977 -0.046834185 0.996388077
1403637258.088319063 0.791482085 -0.492679889 0.110970617 -0.066916586 -0.032170697 -0.048033205 0.996082340
1403637258.138319016 0.762181914 -0.483922752 0.104124147 -0.064754845 -0.041792757 -0.050911242 0.995724973
1403637258.188318968 0.731626100 -0.481423216 0.104279477 -0.060643646 -0.051291114 -0.056202905 0.995255145
1403637258.238319159 0.702272003 -0.477508296 0.096811475 -0.055904482 -0.059699605 -0.062004871 0.994719077
1403637258.288318872 0.673221841 -0.473226524 0.093238282 -0.050706229 -0.067393040 -0.065985696 0.994249941
1403637258.338319063 0.646953373 -0.470425699 0.086603359 -0.046307213 -0.074635918 -0.069533374 0.993705304
1403637258.388319016 0.613931093 -0.462481107 0.083477107 -0.044114396 -0.080818946 -0.070607533 0.993245586
1403637258.438319206 0.583255578 -0.454914837 0.080908276 -0.043401312 -0.086849011 -0.069242165 0.992864088
1403637258.488318920 0.556713328 -0.448151427 0.076436174 -0.045532478 -0.092518323 -0.066591618 0.992437761
1403637258.538319111 0.531195899 -0.437591487 0.075707619 -0.048596963 -0.097617512 -0.062897110 0.992044913
1403637258.588319063 0.501585214 -0.426127329 0.074910634 -0.049568403 -0.100727108 -0.060980782 0.991805610
1403637258.638319016 0.473929060 -0.416256557 0.072976344 -0.048069962 -0.102599043 -0.060759872 0.991701040
1403637258.688318968 0.447961568 -0.405455885 0.071507651 -0.045265462 -0.103726068 -0.061134400 0.991692758
1403637258.738319159 0.422086209 -0.394299661 0.071389858 -0.043365634 -0.104897772 -0.060895488 0.991669108
1403637258.788318872 0.397765012 -0.383078644 0.071389080 -0.041531630 -0.105065675 -0.061489543 0.991693180
1403637258.838319063 0.373466312 -0.369990857 0.072015027 -0.039701204 -0.105494055 -0.061090232 0.991747348
1403637258.888319016 0.349202307 -0.358517437 0.073517399 -0.038091781 -0.105771174 -0.060051103 0.991844413
1403637258.938319206 0.327540002 -0.350853114 0.075661629 -0.038197440 -0.106088584 -0.058185955 0.991917619
1403637258.988318920 0.304843730 -0.343294602 0.075731046 -0.038400488 -0.105850590 -0.057339792 0.991984477
1403637259.038319111 0.282708205 -0.338355585 0.075426359 -0.038739958 -0.105882302 -0.054907011 0.992105526
1403637259.088319063 0.262204081 -0.336211506 0.073931830 -0.038802455 -0.104628901 -0.056001628 0.992174874
1403637259.138319016 0.241969989 -0.337367629 0.071235483 -0.038090037 -0.104281369 -0.055958830 0.992241480
1403637259.188318968 0.222490457 -0.341162067 0.065721554 -0.038298840 -0.104099977 -0.054539169 0.992331534
1403637259.238319159 0.203998531 -0.346771122 0.062089226 -0.037387691 -0.103398811 -0.054226596 0.992456711
1403637259.288318872 0.185434735 -0.352950008 0.058500533 -0.036897449 -0.103188399 -0.053073304 0.992559296
1403637259.338319063 0.168503403 -0.358807553 0.054417156 -0.037436806 -0.102608452 -0.052157657 0.992647757
1403637259.388319016 0.152518677 -0.364240176 0.050267689 -0.037545384 -0.102315180 -0.050917359 0.992738319
1403637259.438319206 0.137847571 -0.368309606 0.046565045 -0.036908087 -0.102890559 -0.046680369 0.992911008
1403637259.488318920 0.123369711 -0.372127714 0.042871245 -0.036478945 -0.104022295 -0.041248182 0.993049463
1403637259.538319111 0.111792410 -0.373971801 0.036221640 -0.036255818 -0.104630117 -0.037743568 0.993133162
1403637259.588319063 0.100572779 -0.375938236 0.032760186 -0.036214422 -0.104917077 -0.036019087 0.993168439
1403637259.638319016 0.091328159 -0.377236746 0.029360827 -0.035349841 -0.104330122 -0.036453113 0.993245581
1403637259.688318968 0.083539095 -0.377165355 0.026263475 -0.035904181 -0.103057479 -0.039388043 0.993246509
1403637259.738319159 0.077330790 -0.375858867 0.023230096 -0.038507968 -0.101729444 -0.042681247 0.993149821
1403637259.788318872 0.072362999 -0.373775843 0.020368108 -0.041361838 -0.100326748 -0.046524985 0.993005120
1403637259.838319063 0.068372308 -0.371225280 0.017804720 -0.042810824 -0.099193887 -0.049652144 0.992906074
1403637259.888319016 0.064753075 -0.368772244 0.015564958 -0.041772835 -0.099631969 -0.047792211 0.992997687
1403637259.938319206 0.061929055 -0.365756028 0.013578119 -0.039660104 -0.100601991 -0.044281696 0.993149257
1403637259.988318920 0.060526631 -0.361361036 0.011952841 -0.038070163 -0.100958152 -0.043586933 0.993206068
1403637260.038319111 0.060153141 -0.355531288 0.010657312 -0.036139355 -0.100363606 -0.045771502 0.993240184
1403637260.088319063 0.060859297 -0.348878932 0.009582765 -0.034796461 -0.099696914 -0.048499161 0.993225837
1403637260.138319016 0.062574074 -0.340837263 0.008533436 -0.035130040 -0.098758630 -0.052066078 0.993127251
1403637260.188318968 0.064946918 -0.331752666 0.007496541 -0.035954282 -0.097704149 -0.055798953 0.992999328
1403637260.238319159 0.067924983 -0.321716788 0.006487425 -0.037328107 -0.096507094 -0.060822434 0.992770681
1403637260.288318872 0.071744036 -0.311434294 0.002305223 -0.037357915 -0.095468600 -0.064999361 0.992605267
1403637260.338319063 0.075228954 -0.300903974 0.000983836 -0.037143285 -0.094257724 -0.069930356 0.992393875
1403637260.388319016 0.078638900 -0.290110148 -0.000364064 -0.035816069 -0.092619621 -0.076183901 0.992136497
1403637260.438319206 0.081373244 -0.278926202 -0.002073019 -0.034441192 -0.091369005 -0.081350697 0.991890908
1403637260.488318920 0.082974124 -0.267018500 -0.003972128 -0.037047183 -0.091248679 -0.082693575 0.991697009
1403637260.538319111 0.084139526 -0.254915244 -0.007462384 -0.042438842 -0.090955508 -0.083492878 0.991440860
1403637260.588319063 0.084079607 -0.242515969 -0.009973217 -0.048692580 -0.091221530 -0.082772416 0.991189383
1403637260.638319016 0.083278518 -0.230298920 -0.012151446 -0.054029828 -0.091718180 -0.081111186 0.991004303
1403637260.688318968 0.081444472 -0.218237694 -0.013387473 -0.056253716 -0.091788911 -0.080288761 0.990940982
1403637260.738319159 0.079361944 -0.206554921 -0.014292423 -0.055021292 -0.092962094 -0.077446464 0.991127011
1403637260.788318872 0.076139131 -0.195022929 -0.014418688 -0.051771628 -0.093308490 -0.077308990 0.991280255
1403637260.838319063 0.072279227 -0.183899363 -0.014259188 -0.046882249 -0.094341198 -0.075912443 0.991533708
1403637260.888319016 0.067901603 -0.172309649 -0.013875337 -0.043398372 -0.095256818 -0.074670293 0.991699081
1403637260.938319206 0.063205610 -0.160964470 -0.013373065 -0.039146775 -0.096053448 -0.073467963 0.991888967
1403637260.988318920 0.059338364 -0.150439535 -0.015167605 -0.035912210 -0.096342135 -0.074106754 0.991935832
1403637261.038319111 0.052639490 -0.138688790 -0.033892610 -0.035984623 -0.096431830 -0.074123024 0.991923276
1403637261.088319063 0.047307965 -0.126221328 -0.034427446 -0.039377743 -0.096645538 -0.073628653 0.991810393
1403637261.138319016 0.041711039 -0.113741322 -0.035233740 -0.045153779 -0.096368384 -0.073652860 0.991589394
1403637261.188318968 0.038601881 -0.099730422 -0.022559932 -0.051002684 -0.095997586 -0.074432627 0.991283498
1403637261.238319159 0.032545790 -0.088275187 -0.023532041 -0.057325757 -0.095818145 -0.074920437 0.990918548
1403637261.288318872 0.025954246 -0.078735447 -0.023981369 -0.060946907 -0.095323998 -0.075965814 0.990670483
1403637261.338319063 0.018249041 -0.071634862 -0.024609822 -0.059429949 -0.095232041 -0.076089808 0.990761970
1403637261.388319016 0.010691625 -0.066286552 -0.024268740 -0.054625519 -0.095834652 -0.074358424 0.991111798
1403637261.438319206 0.002580855 -0.062178998 -0.023669987 -0.049879623 -0.097111024 -0.070463361 0.991522257
1403637261.488318920 -0.006034366 -0.059385960 -0.023534151 -0.046834751 -0.098316089 -0.067190484 0.991779155
1403637261.538319111 -0.013821948 -0.055788183 -0.022896092 -0.049372564 -0.098370656 -0.066093928 0.991724335
1403637261.588319063 -0.021247272 -0.052332875 -0.022401324 -0.055486971 -0.097827643 -0.066897626 0.991400855
1403637261.638319016 -0.029077476 -0.049945941 -0.021171820 -0.061796749 -0.096914995 -0.068968911 0.990975244
1403637261.688318968 -0.036632116 -0.049319752 -0.019719968 -0.065775564 -0.096040112 -0.070423762 0.990701956
1403637261.738319159 -0.044606712 -0.051018798 -0.018100293 -0.066415367 -0.095262786 -0.071984072 0.990622175
1403637261.788318872 -0.052785939 -0.055092590 -0.014645270 -0.061885953 -0.095400740 -0.071973974 0.990902909
1403637261.838319063 -0.061124804 -0.060205505 -0.010395312 -0.054840939 -0.095305507 -0.071957586 0.991328118
1403637261.888319016 -0.070017444 -0.064331070 -0.005101617 -0.048976613 -0.095574004 -0.070620582 0.991705417
1403637261.938319206 -0.078357652 -0.066827950 0.000454898 -0.044099021 -0.095610182 -0.069749800 0.991992407
1403637261.988318920 -0.086775906 -0.066971529 0.006206633 -0.040465168 -0.095140540 -0.069369593 0.992219082
1403637262.038319111 -0.094931513 -0.065089160 0.012675140 -0.037709848 -0.095427648 -0.066743774 0.992480126
1403637262.088319063 -0.102736848 -0.060758445 0.019384917 -0.034994000 -0.095473093 -0.064790838 0.992704617
1403637262.138319016 -0.110006734 -0.054325139 0.025515980 -0.035081381 -0.095563008 -0.062258782 0.992854900
1403637262.188318968 -0.116640260 -0.045799378 0.032145724 -0.034484403 -0.095893182 -0.059824352 0.992993641
1403637262.238319159 -0.123494221 -0.036042843 0.038042766 -0.033994496 -0.095898076 -0.057697397 0.993135914
1403637262.288318872 -0.128578637 -0.023936920 0.044416733 -0.034287053 -0.095413034 -0.056550622 0.993238530
1403637262.338319063 -0.127374152 -0.029699197 0.040406480 -0.011131387 -0.107073261 -0.021353970 0.993959464
1403637262.388319016 -0.126010523 -0.031299928 0.034759180 -0.011926834 -0.095787318 -0.055342961 0.993790570
1403637262.438319206 -0.124459519 -0.047003530 0.040422648 -0.024145213 -0.079734745 -0.049730676 0.995281990
1403637262.488318920 -0.129730855 -0.037892374 0.019542909 -0.029945780 -0.067725045 -0.035302481 0.996629471
1403637262.538319111 -0.020491578 0.077737088 -0.077222348 -0.007276078 -0.077682278 -0.020003269 0.996750918
1403637262.588319063 -0.015778470 -0.039224655 -0.070474894 -0.002597242 -0.072708150 -0.028865205 0.996932084
1403637262.638319016 -0.016718898 -0.036613772 -0.068310004 -0.001066301 -0.070393740 -0.028223130 0.997119371
1403637262.688318968 -0.023147817 -0.031057845 -0.065255834 -0.019267989 -0.070163571 -0.030946154 0.996869176
1403637262.738319159 -0.046417779 -0.028653403 -0.041407802 -0.021962188 -0.067383560 -0.030523243 0.997018280
1403637262.788318872 -0.045101102 -0.029561673 -0.043765727 -0.015182836 -0.069051992 -0.027439318 0.997120047
1403637262.838319063 -0.044908408 -0.028988021 -0.044270493 -0.014998431 -0.069186864 -0.028256282 0.997090672
1403637262.888319016 -0.046524551 -0.028702911 -0.043987382 -0.017126148 -0.070017121 -0.027491777 0.997019809
1403637262.938319206 -0.045124291 -0.028986733 -0.043773841 -0.015584300 -0.068960354 -0.028935936 0.997077886
1403637262.988318920 -0.045882838 -0.028747493 -0.044161246 -0.016422916 -0.069778370 -0.027609183 0.997045134
1403637263.038319111 -0.045498320 -0.028731481 -0.044216650 -0.016264864 -0.069275031 -0.028506251 0.997057580
1403637263.088319063 -0.045748150 -0.028714338 -0.043944600 -0.016428784 -0.069438495 -0.028163609 0.997053259
1403637263.138319016 -0.045673798 -0.028712447 -0.044224568 -0.016381585 -0.069517166 -0.027917969 0.997055462
1403637263.188318968 -0.045447515 -0.028791534 -0.043834217 -0.016159960 -0.069161178 -0.028547907 0.997065998
1403637263.238319159 -0.045882921 -0.028632879 -0.044333898 -0.016544595 -0.069560709 -0.027760432 0.997054132
1403637263.288318872 -0.045636825 -0.028718199 -0.043823249 -0.016432069 -0.069272702 -0.028327209 0.997060103
1403637263.338319063 -0.045569124 -0.028736322 -0.044074041 -0.016377251 -0.069312070 -0.028223325 0.997061215
1403637263.388319016 -0.045670005 -0.028688189 -0.044101632 -0.016434151 -0.069385947 -0.028155223 0.997057066
1403637263.438319206 -0.045654919 -0.028629690 -0.044340420 -0.016545446 -0.069402506 -0.028053883 0.997056929
1403637263.488318920 -0.045508303 -0.028697042 -0.044058611 -0.016408404 -0.069219284 -0.028478855 0.997059883
1403637263.538319111 -0.045666901 -0.028605301 -0.044479985 -0.016508638 -0.069457065 -0.027955454 0.997056505
1403637263.588319063 -0.045593746 -0.028658809 -0.044112448 -0.016454436 -0.069288454 -0.028314080 0.997059013
1403637263.638319016 -0.045647543 -0.028672554 -0.044198029 -0.016518755 -0.069379604 -0.028100266 0.997057659
1403637263.688318968 -0.045598433 -0.028644957 -0.044123163 -0.016538491 -0.069343866 -0.028243406 0.997055774
1403637263.738319159 -0.045615833 -0.028622094 -0.044221191 -0.016471009 -0.069291608 -0.028330957 0.997058040
1403637263.788318872 -0.050955233 -0.028482431 -0.038176075 -0.016321857 -0.069308925 -0.027712437 0.997076672
1403637263.838319063 -0.050592883 -0.028365605 -0.038512818 -0.016307362 -0.069028004 -0.028507956 0.997073970
1403637263.888319016 -0.050940743 -0.028471798 -0.038227264 -0.016320966 -0.069318147 -0.027760227 0.997074717
1403637263.938319206 -0.050729318 -0.028414121 -0.038327087 -0.016337449 -0.069131395 -0.028226022 0.997074335
1403637263.988318920 -0.050756779 -0.028411656 -0.038316949 -0.016321415 -0.069164767 -0.028100809 0.997075820
1403637264.038319111 -0.050854170 -0.028418320 -0.038241858 -0.016332734 -0.069206293 -0.028027788 0.997074809
1403637264.088319063 -0.050842681 -0.028406041 -0.038186666 -0.016388838 -0.069179968 -0.028185072 0.997071281
1403637264.138319016 -0.050915842 -0.028428207 -0.038184568 -0.016376119 -0.069242387 -0.027942885 0.997073974
1403637264.188318968 -0.050715364 -0.028396843 -0.038359351 -0.016315912 -0.069115617 -0.028273722 0.997074430
1403637264.238319159 -0.050920795 -0.028422883 -0.038149371 -0.016401658 -0.069236780 -0.027980240 0.997072896
1403637264.288318872 -0.050860484 -0.028403251 -0.038251718 -0.016325400 -0.069188720 -0.028085901 0.997074513
1403637264.338319063 -0.050797487 -0.028383320 -0.038337812 -0.016333235 -0.069147264 -0.028142163 0.997075674
1403637264.388319016 -0.050854844 -0.028389029 -0.038268617 -0.016382966 -0.069210535 -0.028083177 0.997072131
1403637264.438319206 -0.050917804 -0.028426572 -0.038172709 -0.016346986 -0.069201028 -0.028050005 0.997074316
1403637264.488318920 -0.050778284 -0.028390465 -0.038296745 -0.016348941 -0.069163637 -0.028159025 0.997073805
1403637264.538319111 -0.050836424 -0.028388804 -0.038313932 -0.016392077 -0.069218947 -0.028039394 0.997072630
1403637264.588319063 -0.050830095 -0.028375666 -0.038323530 -0.016392935 -0.069194877 -0.028121606 0.997071971
1403637264.638319016 -0.050847276 -0.028400246 -0.038267314 -0.016369644 -0.069175311 -0.028123317 0.997073663
1403637264.688318968 -0.050797181 -0.028358778 -0.038426688 -0.016381430 -0.069195983 -0.028078481 0.997073299
1403637264.738319159 -0.050832783 -0.028373622 -0.038310998 -0.016397064 -0.069167165 -0.028177922 0.997072236
1403637264.788318872 -0.050934347 -0.028419772 -0.038146172 -0.016400874 -0.069236850 -0.028012106 0.997072009
1403637264.838319063 -0.060512190 -0.027628910 -0.027205447 -0.016045305 -0.068951079 -0.027871915 0.997101526
1403637264.888319016 -0.060553668 -0.027635742 -0.027295092 -0.016074466 -0.069006877 -0.027733305 0.997101061
1403637264.938319206 -0.060634813 -0.027638672 -0.027121889 -0.016111912 -0.069010951 -0.027761089 0.997099402
1403637264.988318920 -0.060533957 -0.027637673 -0.027165980 -0.016111625 -0.068965896 -0.027871327 0.997099448
1403637265.038319111 -0.060628081 -0.027664230 -0.027009593 -0.016103998 -0.069007351 -0.027776810 0.997099341
1403637265.088319063 -0.060604508 -0.027623268 -0.027040154 -0.016169861 -0.069003570 -0.027846614 0.997096590
1403637265.138319016 -0.060548443 -0.027630845 -0.027139203 -0.016133349 -0.069009527 -0.027817054 0.997097594
1403637265.188318968 -0.060540309 -0.027630210 -0.027130351 -0.016090609 -0.068985598 -0.027829819 0.997099584
1403637265.238319159 -0.060540824 -0.027603732 -0.027213542 -0.016150222 -0.069009089 -0.027791505 0.997098064
1403637265.288318872 -0.060524694 -0.027610627 -0.027215718 -0.016145827 -0.068982188 -0.027874114 0.997097690
1403637265.338319063 -0.060659609 -0.027639996 -0.026977322 -0.016133816 -0.069012502 -0.027777769 0.997098476
1403637265.388319016 -0.060581153 -0.027635635 -0.027024140 -0.016148624 -0.068983342 -0.027909566 0.997096573
1403637265.438319206 -0.060597197 -0.027643543 -0.027061374 -0.016148282 -0.069022298 -0.027773015 0.997097696
1403637265.488318920 -0.060590321 -0.027644395 -0.027062592 -0.016137435 -0.068976209 -0.027878564 0.997098115
