dataset,seq,environment_type,algo,run_type,use_imu,use_lc,run,gnss_variant,run_status,eval_schema,input_fps,image_width,image_height,sequence_duration_s,sequence_frames_total,coverage_gap_pct,frames_tracked,track_pct,trajectory_duration_s,trajectory_time_coverage_pct,n_pairs_ate,ate_se3_rmse_m,ate_se3_max_m,ate_sim3_rmse_m,ate_sim3_max_m,ate_origin_rmse_m,ate_origin_max_m,scale_factor,scale_error_pct,rpe_trans_1m_rmse_m,rpe_trans_1m_se3_rmse_m,rpe_rot_1m_rmse_deg,drift_10m_pct,drift_50m_pct,drift_100m_pct,path_length_gt_m,path_length_est_m,ate_se3_rmse_pct_path,ate_sim3_rmse_pct_path,loop_closures,tracking_losses,map_resets,init_success,measurement_mode,input_frames,processed_frames,published_frames,output_poses,dropped_frames,publisher_dropped_frames,processing_time_s,end_to_end_time_s,initialization_time_s,steady_state_time_s,final_optimization_time_s,shutdown_time_s,processing_fps,end_to_end_fps,trajectory_pose_rate,real_time_factor,deadline_misses,max_queue_depth,duration_s,fps,processing_ms_per_frame,resource_scope,cpu_time_s,cpu_mean_pct,cpu_peak_pct,ram_mean_mib,ram_peak_mib,vram_mean_mib,vram_peak_mib,gpu_mean_pct,gpu_peak_pct,ate_row_rmse_m,ate_turn_rmse_m,n_segments_row,n_segments_turn,segment_alignment,machine_cpu,machine_gpu,final_drift_m,gt_source,run_path,evaluation_path,cohort,campaign_membership,attempt_exists,trajectory_saved,execution_status,process_exit_code,scientific_status,scientific_blockers,paper_ready,primary_alignment,primary_ate_rmse_m,position_metric_validity,orientation_metrics_available,export_kind,camera_pose_coverage_pct,reference_pairs_pct_of_input,reference_supported_pose_pct,position_only_diagnostic_ate_se3_rmse_m,position_only_diagnostic_qualified,displacement_magnitude_error_1m_se3_rmse_m,displacement_magnitude_error_1m_sim3_rmse_m,window_protocol,evaluator_sha256,machine_id,measurement_interpretation_schema,measurement_warning,command_time_s,command_input_fps,command_time_scope,end_to_end_fps_semantics,paper_usable,accuracy_eligible,accepted_claim,claim_limits,reproducibility_disclosures,cell_acceptance,clean_qualified_n3,native_error_observation_count,protocol_status,protocol_basis,protocol_blockers,attempt_completed,observed_outcome,successful_run,observed_failure,protocol_verified_n3,protocol_state,implementation_label,reference_version,reference_variant,trajectory_export_stage,export_completion,shutdown_error,export_outcome_label,local_tracking_failure_messages,local_mapping_reset_messages,imu_initialization_reset_requests,map_creation_messages,log_event_semantics,log_observation_review_path
euroc_mav,MH_01_easy,indoor_reference,airslam,vio,True,False,1,default,ok,3,20.000000013909265,752,480,184.049999872,3682,,,,183.40000009536743,99.6468351767904,270,0.0837692325923723,0.16764378395540433,0.07372790705302798,0.18402997690081155,,,1.0087237034691108,0.8723703469110777,0.013220531915440937,0.015098331036277116,0.15045278216524638,,,,,,,,0,,,,max_throughput,3682,,,280,,,,72.11352348327637,,,,,,51.05838436605974,1.52671755645802,2.552225866414623,,,72.11352348327637,,,container,185.1,198.7,332.9,887.6,1078.2,3002.6,3252.0,12.8,20.0,,,,,,Intel(R) Core(TM) Ultra 9 285K,NVIDIA GeForce RTX 4090,0.16764378395540433,raw_reference_interpolated_at_observed_estimates,results/vio/euroc_mav/MH_01_easy/airslam/run1,results/vio/euroc_mav/MH_01_easy/airslam/run1/run_eval.json,13d3424fca09d13ae51d5ed8f400f96812680790824c4adcdc930b4d0645893a,superseded_calibration_cohort,True,True,exited_zero,0,rerun_required,"[""airslam_rectified_camera_imu_extrinsic""]",False,se3,0.0837692325923723,common_camera_origin,True,keyframes,7.604562737642586,7.332971211298207,7.421660252886201,,,0.01181919527475545,0.009259926167739761,custom overlapping reference-distance windows; not KITTI,fe526e82185bb958b4bef9b1b72a145387a444b8aba1d331f63f143206964452,machine-3c9dca59a50f,2,legacy_input_count_assumed_processed; processing_claims_withheld,72.11352348327637,51.05838436605974,legacy_recorded_command_scope_unverified,available_input_frames_per_wrapper_elapsed_second,False,False,,"[""accuracy_conditional_on_observed_exports_and_reference_support"",""no_measured_processing_rate_or_realtime_deadline_claim""]","[""historical_dirty_runner_bytes_and_some_native_build_linkage_unavailable"",""recorded_profile_comparison_not_author_paper_reproduction_or_optimality""]",,False,0,invalid_setup,Confirmed estimator-side setup defect in the completed audit.,"[""airslam_rectified_camera_imu_extrinsic""]",True,success,True,False,False,unreviewed,historical recorded profile,,,recorded_estimator_export,unreviewed,,,,,,,configured log-pattern matches; absence does not prove no failure; loop matches do not certify accepted/correct closures,
euroc_mav,MH_01_easy,indoor_reference,airslam,vio,True,False,2,default,ok,3,20.000000013909265,752,480,184.049999872,3682,,,,183.40000009536743,99.6468351767904,270,0.08384819470276647,0.16783878124803453,0.07381871024116578,0.18425541722461117,,,1.0087232547663902,0.8723254766390243,0.013221967013457707,0.015100497755077593,0.15044729503239268,,,,,,,,0,,,,max_throughput,3682,,,280,,,,72.01202487945557,,,,,,51.13034949598319,1.52671755645802,2.5558231456538896,,,72.01202487945557,,,container,185.7,202.4,332.9,912.8,1066.5,3087.3,3252.0,13.1,20.0,,,,,,Intel(R) Core(TM) Ultra 9 285K,NVIDIA GeForce RTX 4090,0.16783878124803453,raw_reference_interpolated_at_observed_estimates,results/vio/euroc_mav/MH_01_easy/airslam/run2,results/vio/euroc_mav/MH_01_easy/airslam/run2/run_eval.json,13d3424fca09d13ae51d5ed8f400f96812680790824c4adcdc930b4d0645893a,superseded_calibration_cohort,True,True,exited_zero,0,rerun_required,"[""airslam_rectified_camera_imu_extrinsic""]",False,se3,0.08384819470276647,common_camera_origin,True,keyframes,7.604562737642586,7.332971211298207,7.421660252886201,,,0.011821384396568747,0.009261232111182242,custom overlapping reference-distance windows; not KITTI,fe526e82185bb958b4bef9b1b72a145387a444b8aba1d331f63f143206964452,machine-3c9dca59a50f,2,legacy_input_count_assumed_processed; processing_claims_withheld,72.01202487945557,51.13034949598319,legacy_recorded_command_scope_unverified,available_input_frames_per_wrapper_elapsed_second,False,False,,"[""accuracy_conditional_on_observed_exports_and_reference_support"",""no_measured_processing_rate_or_realtime_deadline_claim""]","[""historical_dirty_runner_bytes_and_some_native_build_linkage_unavailable"",""recorded_profile_comparison_not_author_paper_reproduction_or_optimality""]",,False,0,invalid_setup,Confirmed estimator-side setup defect in the completed audit.,"[""airslam_rectified_camera_imu_extrinsic""]",True,success,True,False,False,unreviewed,historical recorded profile,,,recorded_estimator_export,unreviewed,,,,,,,configured log-pattern matches; absence does not prove no failure; loop matches do not certify accepted/correct closures,
euroc_mav,MH_01_easy,indoor_reference,airslam,vio,True,False,3,default,ok,3,20.000000013909265,752,480,184.049999872,3682,,,,183.40000009536743,99.6468351767904,270,0.08373762500571941,0.1688624663243325,0.0737322831716941,0.18488738158449824,,,1.0087071629826532,0.8707162982653172,0.01324060883514687,0.015115672315271125,0.15019585594759735,,,,,,,,0,,,,max_throughput,3682,,,280,,,,71.99809217453003,,,,,,51.140243981389006,1.52671755645802,2.5563177355611324,,,71.99809217453003,,,container,186.0,202.8,334.9,901.8,1052.3,3042.8,3252.0,13.0,19.0,,,,,,Intel(R) Core(TM) Ultra 9 285K,NVIDIA GeForce RTX 4090,0.1688624663243325,raw_reference_interpolated_at_observed_estimates,results/vio/euroc_mav/MH_01_easy/airslam/run3,results/vio/euroc_mav/MH_01_easy/airslam/run3/run_eval.json,13d3424fca09d13ae51d5ed8f400f96812680790824c4adcdc930b4d0645893a,superseded_calibration_cohort,True,True,exited_zero,0,rerun_required,"[""airslam_rectified_camera_imu_extrinsic""]",False,se3,0.08373762500571941,common_camera_origin,True,keyframes,7.604562737642586,7.332971211298207,7.421660252886201,,,0.011834953906620992,0.009280433282270583,custom overlapping reference-distance windows; not KITTI,fe526e82185bb958b4bef9b1b72a145387a444b8aba1d331f63f143206964452,machine-3c9dca59a50f,2,legacy_input_count_assumed_processed; processing_claims_withheld,71.99809217453003,51.140243981389006,legacy_recorded_command_scope_unverified,available_input_frames_per_wrapper_elapsed_second,False,False,,"[""accuracy_conditional_on_observed_exports_and_reference_support"",""no_measured_processing_rate_or_realtime_deadline_claim""]","[""historical_dirty_runner_bytes_and_some_native_build_linkage_unavailable"",""recorded_profile_comparison_not_author_paper_reproduction_or_optimality""]",,False,0,invalid_setup,Confirmed estimator-side setup defect in the completed audit.,"[""airslam_rectified_camera_imu_extrinsic""]",True,success,True,False,False,unreviewed,historical recorded profile,,,recorded_estimator_export,unreviewed,,,,,,,configured log-pattern matches; absence does not prove no failure; loop matches do not certify accepted/correct closures,
euroc_mav,MH_01_easy,indoor_reference,openvins,vio,True,False,1,default,ok,3,20.000000013909265,752,480,184.049999872,3682,98.37000814953696,,,181.04999995231628,98.37000814953696,3597,0.06700912836092544,0.15343394848527167,0.06638965212510074,0.16058023290751255,,,1.0021119136296688,0.21119136296687824,0.03120426254854975,0.03103725906092319,0.35211587746074924,1.3913478830700612,0.4337721650955626,,,,,,,0,0,True,,,,,,,,,,,,,,,,,,,,,,,process_tree+container,125.7,65.8,83.0,514.5,551.6,0.0,0.0,0.0,0.0,,,,,,Intel(R) Core(TM) Ultra 9 285K,NVIDIA GeForce RTX 4090,0.14861283131902217,raw_reference_interpolated_at_observed_estimates,results/vio/euroc_mav/MH_01_easy/openvins/run1,results/vio/euroc_mav/MH_01_easy/openvins/run1/run_eval.json,f7b533ff18d2bc003f7d346a6602c498a1ec82be04361e680dd84e28b70dbf41,superseded_calibration_cohort,True,True,exited_nonzero,134,blocked,"[""confirmed_estimator_defect_prevents_acceptance""]",False,se3,0.06700912836092544,common_camera_origin,True,poses,98.28897338403041,97.69147202607279,98.87300714678395,,,0.016301459599492276,0.01657283682731401,custom overlapping reference-distance windows; not KITTI,fe526e82185bb958b4bef9b1b72a145387a444b8aba1d331f63f143206964452,machine-3c9dca59a50f,,,,,,,False,False,,[],[],,False,0,blocked,stale_review,"[""confirmed_estimator_defect_prevents_acceptance""]",True,failure_with_saved_trajectory,False,True,False,unreviewed,recorded historical implementation,,,recorded_estimator_export,unreviewed,,,,,,,configured log-pattern matches; absence does not prove no failure; loop matches do not certify accepted/correct closures,
euroc_mav,MH_01_easy,indoor_reference,openvins,vio,True,False,2,default,ok,3,20.000000013909265,752,480,184.049999872,3682,98.37000814953696,,,181.0899999141693,98.37000814953696,3599,0.04965060944933654,0.13441017083921,0.04891442059776068,0.11995594446419408,,,0.9980288149194639,0.19711850805360642,0.031099336618760135,0.031334305728127655,0.6119195194103993,1.2751363560935305,0.34116706049317075,,,,,,,0,0,True,transport,3682,,3682,36217,,0,,191.72939157485962,,,,,,19.20415002497092,199.9944779787159,0.9599467167789715,,,191.72939157485962,,,process_tree+container,143.7,75.2,94.0,488.2,527.8,0.0,0.0,0.0,0.0,,,,,,Intel(R) Core(TM) Ultra 9 285K,NVIDIA GeForce RTX 4090,0.06926038893512505,raw_reference_interpolated_at_observed_estimates,results/vio/euroc_mav/MH_01_easy/openvins/run2,results/vio/euroc_mav/MH_01_easy/openvins/run2/run_eval.json,c3248c220427d7164a288953a9cbd1444fce9121b82c5476f7ceca1dce324d0d,superseded_calibration_cohort,True,True,exited_zero,0,blocked,"[""confirmed_estimator_defect_prevents_acceptance""]",False,se3,0.04965060944933654,common_camera_origin,True,poses,98.34329168929929,97.74579033134167,98.92798240791643,,,0.018798071271333486,0.018437362590708665,custom overlapping reference-distance windows; not KITTI,fe526e82185bb958b4bef9b1b72a145387a444b8aba1d331f63f143206964452,machine-3c9dca59a50f,2,,,,unavailable,available_input_frames_per_wrapper_elapsed_second,False,False,,[],[],,False,0,blocked,stale_review,"[""confirmed_estimator_defect_prevents_acceptance""]",True,success,True,False,False,unreviewed,recorded historical implementation,,,recorded_estimator_export,unreviewed,,,,,,,configured log-pattern matches; absence does not prove no failure; loop matches do not certify accepted/correct closures,
euroc_mav,MH_01_easy,indoor_reference,openvins,vio,True,False,3,default,ok,3,20.000000013909265,752,480,184.049999872,3682,98.37000814953696,,,181.0899999141693,98.37000814953696,3599,0.06761757990053778,0.13900945562084288,0.06729015588477753,0.14438483634425883,,,1.0015433509445062,0.15433509445061944,0.031183596770593396,0.03114211304643841,0.6124044454848574,1.1328032966627235,0.4709886238971926,,,,,,,0,0,True,transport,3682,,3682,36213,,0,,191.82915210723877,,,,,,19.194162928592007,199.97238951440593,0.9594474975806926,,,191.82915210723877,,,process_tree+container,145.2,76.0,93.0,485.8,507.0,0.0,0.0,0.0,0.0,,,,,,Intel(R) Core(TM) Ultra 9 285K,NVIDIA GeForce RTX 4090,0.1230376716970614,raw_reference_interpolated_at_observed_estimates,results/vio/euroc_mav/MH_01_easy/openvins/run3,results/vio/euroc_mav/MH_01_easy/openvins/run3/run_eval.json,c3248c220427d7164a288953a9cbd1444fce9121b82c5476f7ceca1dce324d0d,superseded_calibration_cohort,True,True,exited_zero,0,blocked,"[""confirmed_estimator_defect_prevents_acceptance""]",False,se3,0.06761757990053778,common_camera_origin,True,poses,98.34329168929929,97.74579033134167,98.92798240791643,,,0.016369074360380795,0.0164148970052924,custom overlapping reference-distance windows; not KITTI,fe526e82185bb958b4bef9b1b72a145387a444b8aba1d331f63f143206964452,machine-3c9dca59a50f,2,,,,unavailable,available_input_frames_per_wrapper_elapsed_second,False,False,,[],[],,False,0,blocked,stale_review,"[""confirmed_estimator_defect_prevents_acceptance""]",True,success,True,False,False,unreviewed,recorded historical implementation,,,recorded_estimator_export,unreviewed,,,,,,,configured log-pattern matches; absence does not prove no failure; loop matches do not certify accepted/correct closures,
euroc_mav,MH_01_easy,indoor_reference,orbslam3,vio,True,False,1,default,ok,3,20.000000013909265,752,480,184.049999872,3682,99.89133385072778,,,183.84999990463257,99.89133385072778,3638,0.043363822964026556,0.08622460929034413,0.021825417732569012,0.0526228282325606,,,1.0087413370028357,0.8741337002835747,0.021418232744694,0.020658933162371076,0.1397896950717526,1.244146518620696,0.41948508096151843,,,,,,0,0,0,True,paced,3682,,,3678,,,,203.02808904647827,,,,,,18.13542164186502,20.005439227130093,0.9065248105161576,,,203.02808904647827,,,process_tree,223.8,110.8,147.0,792.1,968.0,0.0,0.0,0.0,0.0,,,,,,Intel(R) Core(TM) Ultra 9 285K,NVIDIA GeForce RTX 4090,0.05413266633843658,raw_reference_interpolated_at_observed_estimates,results/vio/euroc_mav/MH_01_easy/orbslam3/run1,results/vio/euroc_mav/MH_01_easy/orbslam3/run1/run_eval.json,a9c4f4a54d9e5ea5f671d25c73eea31e45523f22f3ac02a5c4d3e8269fddcd28,superseded_calibration_cohort,True,True,exited_zero,0,blocked,"[""historical_orb_loaded_library_abi_unknown""]",False,se3,0.043363822964026556,common_camera_origin,True,poses,99.89136338946224,98.80499728408473,100.0,,,0.01007581058565516,0.011429253808185156,custom overlapping reference-distance windows; not KITTI,fe526e82185bb958b4bef9b1b72a145387a444b8aba1d331f63f143206964452,machine-3c9dca59a50f,2,legacy_input_count_assumed_processed; processing_claims_withheld,,,,available_input_frames_per_wrapper_elapsed_second,False,False,recorded_profile_euroc_final_trajectory_se3_metric_accuracy,"[""accuracy_conditional_on_observed_exports_and_reference_support"",""historical_orb_loaded_library_abi_unknown"",""no_measured_processing_rate_or_realtime_deadline_claim""]","[""historical_dirty_runner_bytes_and_some_native_build_linkage_unavailable"",""recorded_profile_comparison_not_author_paper_reproduction_or_optimality""]",,False,0,blocked,Saved executable hashes do not establish which ORB/g2o libraries were loaded; demonstrated current ABI mismatch requires explicit historical review.,"[""historical_orb_loaded_library_abi_unknown""]",True,success,True,False,False,unreviewed,historical recorded profile,,,recorded_estimator_export,partial,False,partial,0,0,0,1,"configured log-pattern matches; absence does not prove no failure; loop matches do not certify accepted/correct closures; ORB tracking_losses includes recoverable local-map failure messages, not unique lost episodes; map_resets counts explicit Tracking resets only; local mapping/init reset messages are separate overlapping observations",docs/campaigns/log-observation-review-20261002.json
euroc_mav,MH_01_easy,indoor_reference,orbslam3,vio,True,False,2,default,ok,3,20.000000013909265,752,480,184.049999872,3682,99.89133385072778,,,183.84999990463257,99.89133385072778,3638,0.04892042948654321,0.09487821349844733,0.02588243333445128,0.07436285146971527,,,1.0096934091024838,0.9693409102483841,0.022149665913463533,0.021388577047457304,0.1398898320577963,1.321512450962447,0.4538874306263543,,,,,,0,0,0,True,paced,3682,,,3678,,,,201.05642533302307,,,,,,18.31326700403262,20.005439227130093,0.9154146635575664,,,201.05642533302307,,,process_tree,222.2,111.1,140.0,796.0,962.0,0.0,0.0,0.0,0.0,,,,,,Intel(R) Core(TM) Ultra 9 285K,NVIDIA GeForce RTX 4090,0.06053151647261012,raw_reference_interpolated_at_observed_estimates,results/vio/euroc_mav/MH_01_easy/orbslam3/run2,results/vio/euroc_mav/MH_01_easy/orbslam3/run2/run_eval.json,a9c4f4a54d9e5ea5f671d25c73eea31e45523f22f3ac02a5c4d3e8269fddcd28,superseded_calibration_cohort,True,True,exited_zero,0,blocked,"[""historical_orb_loaded_library_abi_unknown""]",False,se3,0.04892042948654321,common_camera_origin,True,poses,99.89136338946224,98.80499728408473,100.0,,,0.009964337465609803,0.011355724403692893,custom overlapping reference-distance windows; not KITTI,fe526e82185bb958b4bef9b1b72a145387a444b8aba1d331f63f143206964452,machine-3c9dca59a50f,2,legacy_input_count_assumed_processed; processing_claims_withheld,,,,available_input_frames_per_wrapper_elapsed_second,False,False,recorded_profile_euroc_final_trajectory_se3_metric_accuracy,"[""accuracy_conditional_on_observed_exports_and_reference_support"",""historical_orb_loaded_library_abi_unknown"",""no_measured_processing_rate_or_realtime_deadline_claim""]","[""historical_dirty_runner_bytes_and_some_native_build_linkage_unavailable"",""recorded_profile_comparison_not_author_paper_reproduction_or_optimality""]",,False,0,blocked,Saved executable hashes do not establish which ORB/g2o libraries were loaded; demonstrated current ABI mismatch requires explicit historical review.,"[""historical_orb_loaded_library_abi_unknown""]",True,success,True,False,False,unreviewed,historical recorded profile,,,recorded_estimator_export,partial,False,partial,0,2,2,1,"configured log-pattern matches; absence does not prove no failure; loop matches do not certify accepted/correct closures; ORB tracking_losses includes recoverable local-map failure messages, not unique lost episodes; map_resets counts explicit Tracking resets only; local mapping/init reset messages are separate overlapping observations",docs/campaigns/log-observation-review-20261002.json
euroc_mav,MH_01_easy,indoor_reference,orbslam3,vio,True,False,3,default,ok,3,20.000000013909265,752,480,184.049999872,3682,99.89133385072778,,,183.84999990463257,99.89133385072778,3638,0.03801836343153322,0.07578830907748195,0.020132575425854053,0.04963234634690118,,,1.0075142578455123,0.7514257845512295,0.019358206014598436,0.018997986506825167,0.14070867693698833,1.188918164001877,0.3979915575449471,,,,,,0,0,0,True,paced,3682,,,3678,,,,201.32203936576843,,,,,,18.289105413394022,20.005439227130093,0.9142069121301134,,,201.32203936576843,,,process_tree,222.8,110.8,143.0,795.2,969.1,0.0,0.0,0.0,0.0,,,,,,Intel(R) Core(TM) Ultra 9 285K,NVIDIA GeForce RTX 4090,0.05105767854892001,raw_reference_interpolated_at_observed_estimates,results/vio/euroc_mav/MH_01_easy/orbslam3/run3,results/vio/euroc_mav/MH_01_easy/orbslam3/run3/run_eval.json,a9c4f4a54d9e5ea5f671d25c73eea31e45523f22f3ac02a5c4d3e8269fddcd28,superseded_calibration_cohort,True,True,exited_zero,0,blocked,"[""historical_orb_loaded_library_abi_unknown""]",False,se3,0.03801836343153322,common_camera_origin,True,poses,99.89136338946224,98.80499728408473,100.0,,,0.008717050219685926,0.009362826858957328,custom overlapping reference-distance windows; not KITTI,fe526e82185bb958b4bef9b1b72a145387a444b8aba1d331f63f143206964452,machine-3c9dca59a50f,2,legacy_input_count_assumed_processed; processing_claims_withheld,,,,available_input_frames_per_wrapper_elapsed_second,False,False,recorded_profile_euroc_final_trajectory_se3_metric_accuracy,"[""accuracy_conditional_on_observed_exports_and_reference_support"",""historical_orb_loaded_library_abi_unknown"",""no_measured_processing_rate_or_realtime_deadline_claim""]","[""historical_dirty_runner_bytes_and_some_native_build_linkage_unavailable"",""recorded_profile_comparison_not_author_paper_reproduction_or_optimality""]",,False,0,blocked,Saved executable hashes do not establish which ORB/g2o libraries were loaded; demonstrated current ABI mismatch requires explicit historical review.,"[""historical_orb_loaded_library_abi_unknown""]",True,success,True,False,False,unreviewed,historical recorded profile,,,recorded_estimator_export,partial,False,partial,0,2,2,1,"configured log-pattern matches; absence does not prove no failure; loop matches do not certify accepted/correct closures; ORB tracking_losses includes recoverable local-map failure messages, not unique lost episodes; map_resets counts explicit Tracking resets only; local mapping/init reset messages are separate overlapping observations",docs/campaigns/log-observation-review-20261002.json
euroc_mav,MH_03_medium,indoor_reference,airslam,vio,True,False,1,default,ok,3,20.00000001896999,752,480,134.949999872,2700,,,,131.94999980926514,97.77695442442376,298,0.115526498028646,0.2276439065428759,0.11331021701151361,0.22677082107395866,,,0.9940074631329097,0.5992536867090337,0.02480944379568095,0.02535026366260729,0.15479162003385588,1.1732010742295615,,,,,,,0,,,,max_throughput,2700,,,299,,,,61.90547156333923,,,,,,43.61488462675656,2.2660098554922854,2.1799365452081183,,,61.90547156333923,,,container,159.1,191.9,329.0,895.9,1103.5,2968.6,3252.0,13.0,23.0,,,,,,Intel(R) Core(TM) Ultra 9 285K,NVIDIA GeForce RTX 4090,0.2052141551257925,raw_reference_interpolated_at_observed_estimates,results/vio/euroc_mav/MH_03_medium/airslam/run1,results/vio/euroc_mav/MH_03_medium/airslam/run1/run_eval.json,13d3424fca09d13ae51d5ed8f400f96812680790824c4adcdc930b4d0645893a,superseded_calibration_cohort,True,True,exited_zero,0,rerun_required,"[""airslam_rectified_camera_imu_extrinsic""]",False,se3,0.115526498028646,common_camera_origin,True,keyframes,11.074074074074074,11.037037037037036,11.326491828202204,,,0.014351948365797527,0.013470996304079537,custom overlapping reference-distance windows; not KITTI,fe526e82185bb958b4bef9b1b72a145387a444b8aba1d331f63f143206964452,machine-3c9dca59a50f,2,legacy_input_count_assumed_processed; processing_claims_withheld,61.90547156333923,43.61488462675656,legacy_recorded_command_scope_unverified,available_input_frames_per_wrapper_elapsed_second,False,False,,"[""accuracy_conditional_on_observed_exports_and_reference_support"",""no_measured_processing_rate_or_realtime_deadline_claim""]","[""historical_dirty_runner_bytes_and_some_native_build_linkage_unavailable"",""recorded_profile_comparison_not_author_paper_reproduction_or_optimality""]",,False,0,invalid_setup,Confirmed estimator-side setup defect in the completed audit.,"[""airslam_rectified_camera_imu_extrinsic""]",True,success,True,False,False,unreviewed,historical recorded profile,,,recorded_estimator_export,unreviewed,,,,,,,configured log-pattern matches; absence does not prove no failure; loop matches do not certify accepted/correct closures,
euroc_mav,MH_03_medium,indoor_reference,airslam,vio,True,False,2,default,ok,3,20.00000001896999,752,480,134.949999872,2700,,,,131.94999980926514,97.77695442442376,298,0.11535337566494404,0.22730136730635214,0.11314717173620958,0.22645543568959622,,,0.9940253955458914,0.5974604454108579,0.024782336643226988,0.025323419030525422,0.15481427943492349,1.1690670242024959,,,,,,,0,,,,max_throughput,2700,,,299,,,,61.89171123504639,,,,,,43.62458148468701,2.2660098554922854,2.1804212085325125,,,61.89171123504639,,,container,158.1,190.3,337.9,898.4,1093.4,3011.6,3244.0,12.7,21.0,,,,,,Intel(R) Core(TM) Ultra 9 285K,NVIDIA GeForce RTX 4090,0.20496114947515517,raw_reference_interpolated_at_observed_estimates,results/vio/euroc_mav/MH_03_medium/airslam/run2,results/vio/euroc_mav/MH_03_medium/airslam/run2/run_eval.json,13d3424fca09d13ae51d5ed8f400f96812680790824c4adcdc930b4d0645893a,superseded_calibration_cohort,True,True,exited_zero,0,rerun_required,"[""airslam_rectified_camera_imu_extrinsic""]",False,se3,0.11535337566494404,common_camera_origin,True,keyframes,11.074074074074074,11.037037037037036,11.326491828202204,,,0.01435431420491914,0.013473504251058909,custom overlapping reference-distance windows; not KITTI,fe526e82185bb958b4bef9b1b72a145387a444b8aba1d331f63f143206964452,machine-3c9dca59a50f,2,legacy_input_count_assumed_processed; processing_claims_withheld,61.89171123504639,43.62458148468701,legacy_recorded_command_scope_unverified,available_input_frames_per_wrapper_elapsed_second,False,False,,"[""accuracy_conditional_on_observed_exports_and_reference_support"",""no_measured_processing_rate_or_realtime_deadline_claim""]","[""historical_dirty_runner_bytes_and_some_native_build_linkage_unavailable"",""recorded_profile_comparison_not_author_paper_reproduction_or_optimality""]",,False,0,invalid_setup,Confirmed estimator-side setup defect in the completed audit.,"[""airslam_rectified_camera_imu_extrinsic""]",True,success,True,False,False,unreviewed,historical recorded profile,,,recorded_estimator_export,unreviewed,,,,,,,configured log-pattern matches; absence does not prove no failure; loop matches do not certify accepted/correct closures,
euroc_mav,MH_03_medium,indoor_reference,airslam,vio,True,False,3,default,ok,3,20.00000001896999,752,480,134.949999872,2700,,,,131.94999980926514,97.77695442442376,298,0.11542843244990657,0.22764251731788254,0.11327434711991216,0.22663228155607776,,,0.9940933664761129,0.5906633523887095,0.02480365086826042,0.02533917413288913,0.1547846005775204,1.1713914853389438,,,,,,,0,,,,max_throughput,2700,,,299,,,,61.91586899757385,,,,,,43.60756044796526,2.2660098554922854,2.1795704719020113,,,61.91586899757385,,,container,159.7,192.8,323.0,892.6,1099.8,2967.6,3252.0,12.8,22.0,,,,,,Intel(R) Core(TM) Ultra 9 285K,NVIDIA GeForce RTX 4090,0.20522195082709352,raw_reference_interpolated_at_observed_estimates,results/vio/euroc_mav/MH_03_medium/airslam/run3,results/vio/euroc_mav/MH_03_medium/airslam/run3/run_eval.json,13d3424fca09d13ae51d5ed8f400f96812680790824c4adcdc930b4d0645893a,superseded_calibration_cohort,True,True,exited_zero,0,rerun_required,"[""airslam_rectified_camera_imu_extrinsic""]",False,se3,0.11542843244990657,common_camera_origin,True,keyframes,11.074074074074074,11.037037037037036,11.326491828202204,,,0.014326797616145623,0.013453051559343563,custom overlapping reference-distance windows; not KITTI,fe526e82185bb958b4bef9b1b72a145387a444b8aba1d331f63f143206964452,machine-3c9dca59a50f,2,legacy_input_count_assumed_processed; processing_claims_withheld,61.91586899757385,43.60756044796526,legacy_recorded_command_scope_unverified,available_input_frames_per_wrapper_elapsed_second,False,False,,"[""accuracy_conditional_on_observed_exports_and_reference_support"",""no_measured_processing_rate_or_realtime_deadline_claim""]","[""historical_dirty_runner_bytes_and_some_native_build_linkage_unavailable"",""recorded_profile_comparison_not_author_paper_reproduction_or_optimality""]",,False,0,invalid_setup,Confirmed estimator-side setup defect in the completed audit.,"[""airslam_rectified_camera_imu_extrinsic""]",True,success,True,False,False,unreviewed,historical recorded profile,,,recorded_estimator_export,unreviewed,,,,,,,configured log-pattern matches; absence does not prove no failure; loop matches do not certify accepted/correct closures,
euroc_mav,MH_03_medium,indoor_reference,openvins,vio,True,False,1,default,ok,3,20.00000001896999,752,480,134.949999872,2700,95.85031499625975,,,129.34999990463257,95.85031499625975,2566,0.13699744862534735,0.3500397142959847,0.1250367089764051,0.30906461970895055,,,0.9846842606008768,1.531573939912323,0.05778601297941814,0.06341417554916155,0.6197121566011594,3.584231310186761,0.584740314958697,0.41616229925043463,,,,,,0,0,True,,,,,,,,,,,,,,,,,,,,,,,process_tree+container,93.1,65.6,125.0,517.0,541.5,0.0,0.0,0.0,0.0,,,,,,Intel(R) Core(TM) Ultra 9 285K,NVIDIA GeForce RTX 4090,0.09997505079545578,raw_reference_interpolated_at_observed_estimates,results/vio/euroc_mav/MH_03_medium/openvins/run1,results/vio/euroc_mav/MH_03_medium/openvins/run1/run_eval.json,f7b533ff18d2bc003f7d346a6602c498a1ec82be04361e680dd84e28b70dbf41,superseded_calibration_cohort,True,True,exited_nonzero,134,blocked,"[""confirmed_estimator_defect_prevents_acceptance""]",False,se3,0.13699744862534735,common_camera_origin,True,poses,95.85185185185185,95.03703703703704,97.5294564804257,,,0.044883309634214955,0.03692036636136371,custom overlapping reference-distance windows; not KITTI,fe526e82185bb958b4bef9b1b72a145387a444b8aba1d331f63f143206964452,machine-3c9dca59a50f,,,,,,,False,False,,[],[],,False,0,blocked,stale_review,"[""confirmed_estimator_defect_prevents_acceptance""]",True,failure_with_saved_trajectory,False,True,False,unreviewed,recorded historical implementation,,,recorded_estimator_export,unreviewed,,,,,,,configured log-pattern matches; absence does not prove no failure; loop matches do not certify accepted/correct closures,
euroc_mav,MH_03_medium,indoor_reference,openvins,vio,True,False,2,default,ok,3,20.00000001896999,752,480,134.949999872,2700,95.85031499625975,,,129.3949999809265,95.85031499625975,2566,0.137084507561674,0.3499942563823557,0.12514028883800976,0.3096417864882007,,,0.984689183429221,1.531081657077904,0.05795853895889792,0.06359583336034755,0.6197889191904701,3.584463549655939,0.58488105644782,0.41620962052803,,,,,,0,0,True,transport,2700,,2700,25880,,0,,142.7758650779724,,,,,,18.910759171555238,200.0077283033722,0.9451877579979401,,,142.7758650779724,,,process_tree+container,103.4,72.8,119.0,519.7,544.0,0.0,0.0,0.0,0.0,,,,,,Intel(R) Core(TM) Ultra 9 285K,NVIDIA GeForce RTX 4090,0.10714349646973183,raw_reference_interpolated_at_observed_estimates,results/vio/euroc_mav/MH_03_medium/openvins/run2,results/vio/euroc_mav/MH_03_medium/openvins/run2/run_eval.json,c3248c220427d7164a288953a9cbd1444fce9121b82c5476f7ceca1dce324d0d,superseded_calibration_cohort,True,True,exited_zero,0,blocked,"[""confirmed_estimator_defect_prevents_acceptance""]",False,se3,0.137084507561674,common_camera_origin,True,poses,95.85185185185185,95.03703703703704,97.5294564804257,,,0.04504788382278762,0.03708001023794736,custom overlapping reference-distance windows; not KITTI,fe526e82185bb958b4bef9b1b72a145387a444b8aba1d331f63f143206964452,machine-3c9dca59a50f,2,,,,unavailable,available_input_frames_per_wrapper_elapsed_second,False,False,,[],[],,False,0,blocked,stale_review,"[""confirmed_estimator_defect_prevents_acceptance""]",True,success,True,False,False,unreviewed,recorded historical implementation,,,recorded_estimator_export,unreviewed,,,,,,,configured log-pattern matches; absence does not prove no failure; loop matches do not certify accepted/correct closures,
euroc_mav,MH_03_medium,indoor_reference,openvins,vio,True,False,3,default,ok,3,20.00000001896999,752,480,134.949999872,2700,95.85031499625975,,,129.3949999809265,95.85031499625975,2566,0.13697571271985381,0.3536548747196872,0.12495968022371666,0.30993746680734074,,,0.984652292111004,1.5347707888995976,0.0579436932453736,0.0635927487923352,0.6211359151179173,3.5839953537411584,0.5853566844220828,0.4161109106042923,,,,,,0,0,True,transport,2700,,2700,25878,,0,,142.7572877407074,,,,,,18.913220072547595,199.99227175558985,0.9453107574751436,,,142.7572877407074,,,process_tree+container,104.1,73.3,134.0,482.6,504.0,0.0,0.0,0.0,0.0,,,,,,Intel(R) Core(TM) Ultra 9 285K,NVIDIA GeForce RTX 4090,0.09836728153315802,raw_reference_interpolated_at_observed_estimates,results/vio/euroc_mav/MH_03_medium/openvins/run3,results/vio/euroc_mav/MH_03_medium/openvins/run3/run_eval.json,c3248c220427d7164a288953a9cbd1444fce9121b82c5476f7ceca1dce324d0d,superseded_calibration_cohort,True,True,exited_zero,0,blocked,"[""confirmed_estimator_defect_prevents_acceptance""]",False,se3,0.13697571271985381,common_camera_origin,True,poses,95.85185185185185,95.03703703703704,97.5294564804257,,,0.045029747190027176,0.03704130825955886,custom overlapping reference-distance windows; not KITTI,fe526e82185bb958b4bef9b1b72a145387a444b8aba1d331f63f143206964452,machine-3c9dca59a50f,2,,,,unavailable,available_input_frames_per_wrapper_elapsed_second,False,False,,[],[],,False,0,blocked,stale_review,"[""confirmed_estimator_defect_prevents_acceptance""]",True,success,True,False,False,unreviewed,recorded historical implementation,,,recorded_estimator_export,unreviewed,,,,,,,configured log-pattern matches; absence does not prove no failure; loop matches do not certify accepted/correct closures,
euroc_mav,MH_03_medium,indoor_reference,orbslam3,vio,True,False,1,default,ok,3,20.00000001896999,752,480,134.949999872,2700,99.8517969262939,,,134.74999976158142,99.8517969262939,2631,0.029941412594460926,0.1069539753781285,0.02988548487568179,0.10913900279426329,,,0.9994906155128799,0.05093844871201236,0.027310411584836148,0.027412334563682965,0.1212059245468318,1.6656043972982693,0.3284532146735857,0.16508023310026734,,,,,0,0,0,True,paced,2700,,,2696,,,,149.0344934463501,,,,,,18.116611380116204,20.007421185678226,0.9054950749226712,,,149.0344934463501,,,process_tree,181.7,122.8,175.0,817.5,1018.8,0.0,0.0,0.0,0.0,,,,,,Intel(R) Core(TM) Ultra 9 285K,NVIDIA GeForce RTX 4090,0.02961990585769614,raw_reference_interpolated_at_observed_estimates,results/vio/euroc_mav/MH_03_medium/orbslam3/run1,results/vio/euroc_mav/MH_03_medium/orbslam3/run1/run_eval.json,a9c4f4a54d9e5ea5f671d25c73eea31e45523f22f3ac02a5c4d3e8269fddcd28,superseded_calibration_cohort,True,True,exited_zero,0,blocked,"[""historical_orb_loaded_library_abi_unknown""]",False,se3,0.029941412594460926,common_camera_origin,True,poses,99.85185185185185,97.44444444444444,100.0,,,0.01360264518351704,0.013406825432141304,custom overlapping reference-distance windows; not KITTI,fe526e82185bb958b4bef9b1b72a145387a444b8aba1d331f63f143206964452,machine-3c9dca59a50f,2,legacy_input_count_assumed_processed; processing_claims_withheld,,,,available_input_frames_per_wrapper_elapsed_second,False,False,recorded_profile_euroc_final_trajectory_se3_metric_accuracy,"[""accuracy_conditional_on_observed_exports_and_reference_support"",""historical_orb_loaded_library_abi_unknown"",""no_measured_processing_rate_or_realtime_deadline_claim""]","[""historical_dirty_runner_bytes_and_some_native_build_linkage_unavailable"",""recorded_profile_comparison_not_author_paper_reproduction_or_optimality""]",,False,0,blocked,Saved executable hashes do not establish which ORB/g2o libraries were loaded; demonstrated current ABI mismatch requires explicit historical review.,"[""historical_orb_loaded_library_abi_unknown""]",True,success,True,False,False,unreviewed,historical recorded profile,,,recorded_estimator_export,partial,False,partial,0,59,59,1,"configured log-pattern matches; absence does not prove no failure; loop matches do not certify accepted/correct closures; ORB tracking_losses includes recoverable local-map failure messages, not unique lost episodes; map_resets counts explicit Tracking resets only; local mapping/init reset messages are separate overlapping observations",docs/campaigns/log-observation-review-20261002.json
euroc_mav,MH_03_medium,indoor_reference,orbslam3,vio,True,False,2,default,ok,3,20.00000001896999,752,480,134.949999872,2700,85.58725465968487,,,115.5,85.58725465968487,2289,0.02757475101777619,0.1014818284007127,0.02751392028790396,0.09938500198572532,,,1.000503157980237,0.05031579802370345,0.028073833462496655,0.028016422092014246,0.08218470327559332,1.4149459369642252,0.3290584767960232,0.1316675369203188,,,,,0,0,0,True,paced,2700,,,2311,,,,147.88663864135742,,,,,,18.257227460202266,20.00865800865801,0.9125232749155577,,,147.88663864135742,,,process_tree,181.2,123.2,172.5,823.9,1026.9,0.0,0.0,0.0,0.0,,,,,,Intel(R) Core(TM) Ultra 9 285K,NVIDIA GeForce RTX 4090,0.022465076846342517,raw_reference_interpolated_at_observed_estimates,results/vio/euroc_mav/MH_03_medium/orbslam3/run2,results/vio/euroc_mav/MH_03_medium/orbslam3/run2/run_eval.json,a9c4f4a54d9e5ea5f671d25c73eea31e45523f22f3ac02a5c4d3e8269fddcd28,superseded_calibration_cohort,True,True,exited_zero,0,blocked,"[""historical_orb_loaded_library_abi_unknown""]",False,se3,0.02757475101777619,common_camera_origin,True,poses,85.5925925925926,84.77777777777777,87.00114025085519,,,0.01312558869285598,0.013236050878591319,custom overlapping reference-distance windows; not KITTI,fe526e82185bb958b4bef9b1b72a145387a444b8aba1d331f63f143206964452,machine-3c9dca59a50f,2,legacy_input_count_assumed_processed; processing_claims_withheld,,,,available_input_frames_per_wrapper_elapsed_second,False,False,recorded_profile_euroc_final_trajectory_se3_metric_accuracy,"[""accuracy_conditional_on_observed_exports_and_reference_support"",""export_coverage_below_95_percent_no_clean_success_tick"",""historical_orb_loaded_library_abi_unknown"",""no_measured_processing_rate_or_realtime_deadline_claim""]","[""historical_dirty_runner_bytes_and_some_native_build_linkage_unavailable"",""recorded_profile_comparison_not_author_paper_reproduction_or_optimality""]",,False,0,blocked,Saved executable hashes do not establish which ORB/g2o libraries were loaded; demonstrated current ABI mismatch requires explicit historical review.,"[""historical_orb_loaded_library_abi_unknown""]",True,success,True,False,False,unreviewed,historical recorded profile,,,recorded_estimator_export,partial,False,partial,0,66,65,1,"configured log-pattern matches; absence does not prove no failure; loop matches do not certify accepted/correct closures; ORB tracking_losses includes recoverable local-map failure messages, not unique lost episodes; map_resets counts explicit Tracking resets only; local mapping/init reset messages are separate overlapping observations",docs/campaigns/log-observation-review-20261002.json
euroc_mav,MH_03_medium,indoor_reference,orbslam3,vio,True,False,3,default,ok,3,20.00000001896999,752,480,134.949999872,2700,99.8517969262939,,,134.74999976158142,99.8517969262939,2631,0.03005997848630618,0.10725052858670243,0.030018263472434154,0.1072157747265145,,,1.0004412672907432,0.04412672907432302,0.028449603443331153,0.028366367172063183,0.1258703877911225,1.6834815900353852,0.34423879334431184,0.17236700134483207,,,,,0,0,0,True,paced,2700,,,2696,,,,147.69120597839355,,,,,,18.28138637039091,20.007421185678226,0.9137307730360574,,,147.69120597839355,,,process_tree,179.9,122.4,170.0,819.0,1020.5,0.0,0.0,0.0,0.0,,,,,,Intel(R) Core(TM) Ultra 9 285K,NVIDIA GeForce RTX 4090,0.03166315259478291,raw_reference_interpolated_at_observed_estimates,results/vio/euroc_mav/MH_03_medium/orbslam3/run3,results/vio/euroc_mav/MH_03_medium/orbslam3/run3/run_eval.json,a9c4f4a54d9e5ea5f671d25c73eea31e45523f22f3ac02a5c4d3e8269fddcd28,superseded_calibration_cohort,True,True,exited_zero,0,blocked,"[""historical_orb_loaded_library_abi_unknown""]",False,se3,0.03005997848630618,common_camera_origin,True,poses,99.85185185185185,97.44444444444444,100.0,,,0.01428894569998629,0.01444431195942951,custom overlapping reference-distance windows; not KITTI,fe526e82185bb958b4bef9b1b72a145387a444b8aba1d331f63f143206964452,machine-3c9dca59a50f,2,legacy_input_count_assumed_processed; processing_claims_withheld,,,,available_input_frames_per_wrapper_elapsed_second,False,False,recorded_profile_euroc_final_trajectory_se3_metric_accuracy,"[""accuracy_conditional_on_observed_exports_and_reference_support"",""historical_orb_loaded_library_abi_unknown"",""no_measured_processing_rate_or_realtime_deadline_claim""]","[""historical_dirty_runner_bytes_and_some_native_build_linkage_unavailable"",""recorded_profile_comparison_not_author_paper_reproduction_or_optimality""]",,False,0,blocked,Saved executable hashes do not establish which ORB/g2o libraries were loaded; demonstrated current ABI mismatch requires explicit historical review.,"[""historical_orb_loaded_library_abi_unknown""]",True,success,True,False,False,unreviewed,historical recorded profile,,,recorded_estimator_export,partial,False,partial,0,67,67,1,"configured log-pattern matches; absence does not prove no failure; loop matches do not certify accepted/correct closures; ORB tracking_losses includes recoverable local-map failure messages, not unique lost episodes; map_resets counts explicit Tracking resets only; local mapping/init reset messages are separate overlapping observations",docs/campaigns/log-observation-review-20261002.json
euroc_mav,MH_05_difficult,indoor_reference,airslam,vio,True,False,1,default,ok,3,20.0,752,480,113.6,2273,,,,112.70000004768372,99.20774660413345,185,0.09145963534575254,0.15844903077625255,0.0912911172119634,0.15706982075690776,,,1.0008180907851352,0.08180907851351726,0.034042238231328716,0.03432041404777012,0.10137948127270381,1.4239620635224062,,,,,,,0,,,,max_throughput,2273,,,188,,,,46.68356418609619,,,,,,48.68951288592849,1.6681455183713987,2.433404601494977,,,46.68356418609619,,,container,130.4,191.9,337.9,806.4,988.7,2874.9,3252.0,12.7,22.0,,,,,,Intel(R) Core(TM) Ultra 9 285K,NVIDIA GeForce RTX 4090,0.03340989699797373,raw_reference_interpolated_at_observed_estimates,results/vio/euroc_mav/MH_05_difficult/airslam/run1,results/vio/euroc_mav/MH_05_difficult/airslam/run1/run_eval.json,13d3424fca09d13ae51d5ed8f400f96812680790824c4adcdc930b4d0645893a,superseded_calibration_cohort,True,True,exited_zero,0,rerun_required,"[""airslam_rectified_camera_imu_extrinsic""]",False,se3,0.09145963534575254,common_camera_origin,True,keyframes,8.271007479102508,8.139023317201936,8.329581269698334,,,0.022584149189015676,0.022146796573820397,custom overlapping reference-distance windows; not KITTI,fe526e82185bb958b4bef9b1b72a145387a444b8aba1d331f63f143206964452,machine-3c9dca59a50f,2,legacy_input_count_assumed_processed; processing_claims_withheld,46.68356418609619,48.68951288592849,legacy_recorded_command_scope_unverified,available_input_frames_per_wrapper_elapsed_second,False,False,,"[""accuracy_conditional_on_observed_exports_and_reference_support"",""no_measured_processing_rate_or_realtime_deadline_claim""]","[""historical_dirty_runner_bytes_and_some_native_build_linkage_unavailable"",""recorded_profile_comparison_not_author_paper_reproduction_or_optimality""]",,False,0,invalid_setup,Confirmed estimator-side setup defect in the completed audit.,"[""airslam_rectified_camera_imu_extrinsic""]",True,success,True,False,False,unreviewed,historical recorded profile,,,recorded_estimator_export,unreviewed,,,,,,,configured log-pattern matches; absence does not prove no failure; loop matches do not certify accepted/correct closures,
euroc_mav,MH_05_difficult,indoor_reference,airslam,vio,True,False,2,default,ok,3,20.0,752,480,113.6,2273,,,,112.70000004768372,99.20774660413345,185,0.09347146615890814,0.15888784490907296,0.0933968190609901,0.15981791812495588,,,0.9994501671445342,0.054983285546583716,0.033884407950346564,0.033698425098966214,0.10241691611678622,1.3427542826239691,,,,,,,0,,,,max_throughput,2273,,,188,,,,46.65505886077881,,,,,,48.71926122272728,1.6681455183713987,2.4348913639487852,,,46.65505886077881,,,container,131.6,194.4,334.9,803.9,977.1,2875.1,3244.0,12.7,25.0,,,,,,Intel(R) Core(TM) Ultra 9 285K,NVIDIA GeForce RTX 4090,0.046675442296598146,raw_reference_interpolated_at_observed_estimates,results/vio/euroc_mav/MH_05_difficult/airslam/run2,results/vio/euroc_mav/MH_05_difficult/airslam/run2/run_eval.json,13d3424fca09d13ae51d5ed8f400f96812680790824c4adcdc930b4d0645893a,superseded_calibration_cohort,True,True,exited_zero,0,rerun_required,"[""airslam_rectified_camera_imu_extrinsic""]",False,se3,0.09347146615890814,common_camera_origin,True,keyframes,8.271007479102508,8.139023317201936,8.329581269698334,,,0.021663696029228532,0.021960221076967327,custom overlapping reference-distance windows; not KITTI,fe526e82185bb958b4bef9b1b72a145387a444b8aba1d331f63f143206964452,machine-3c9dca59a50f,2,legacy_input_count_assumed_processed; processing_claims_withheld,46.65505886077881,48.71926122272728,legacy_recorded_command_scope_unverified,available_input_frames_per_wrapper_elapsed_second,False,False,,"[""accuracy_conditional_on_observed_exports_and_reference_support"",""no_measured_processing_rate_or_realtime_deadline_claim""]","[""historical_dirty_runner_bytes_and_some_native_build_linkage_unavailable"",""recorded_profile_comparison_not_author_paper_reproduction_or_optimality""]",,False,0,invalid_setup,Confirmed estimator-side setup defect in the completed audit.,"[""airslam_rectified_camera_imu_extrinsic""]",True,success,True,False,False,unreviewed,historical recorded profile,,,recorded_estimator_export,unreviewed,,,,,,,configured log-pattern matches; absence does not prove no failure; loop matches do not certify accepted/correct closures,
euroc_mav,MH_05_difficult,indoor_reference,airslam,vio,True,False,3,default,ok,3,20.0,752,480,113.6,2273,,,,112.70000004768372,99.20774660413345,185,0.09348210613815823,0.1587009324523958,0.09339863808967579,0.15967723545849477,,,0.9994185865030328,0.05814134969671647,0.033876756172954894,0.033680190538057854,0.10228308244613002,1.3396049055148918,,,,,,,0,,,,max_throughput,2273,,,188,,,,46.68968844413757,,,,,,48.68312631213116,1.6681455183713987,2.4330854132931434,,,46.68968844413757,,,container,131.4,194.1,332.9,809.0,986.9,2875.1,3252.0,12.7,26.0,,,,,,Intel(R) Core(TM) Ultra 9 285K,NVIDIA GeForce RTX 4090,0.04700393510702649,raw_reference_interpolated_at_observed_estimates,results/vio/euroc_mav/MH_05_difficult/airslam/run3,results/vio/euroc_mav/MH_05_difficult/airslam/run3/run_eval.json,13d3424fca09d13ae51d5ed8f400f96812680790824c4adcdc930b4d0645893a,superseded_calibration_cohort,True,True,exited_zero,0,rerun_required,"[""airslam_rectified_camera_imu_extrinsic""]",False,se3,0.09348210613815823,common_camera_origin,True,keyframes,8.271007479102508,8.139023317201936,8.329581269698334,,,0.02163826483974458,0.021951792241359944,custom overlapping reference-distance windows; not KITTI,fe526e82185bb958b4bef9b1b72a145387a444b8aba1d331f63f143206964452,machine-3c9dca59a50f,2,legacy_input_count_assumed_processed; processing_claims_withheld,46.68968844413757,48.68312631213116,legacy_recorded_command_scope_unverified,available_input_frames_per_wrapper_elapsed_second,False,False,,"[""accuracy_conditional_on_observed_exports_and_reference_support"",""no_measured_processing_rate_or_realtime_deadline_claim""]","[""historical_dirty_runner_bytes_and_some_native_build_linkage_unavailable"",""recorded_profile_comparison_not_author_paper_reproduction_or_optimality""]",,False,0,invalid_setup,Confirmed estimator-side setup defect in the completed audit.,"[""airslam_rectified_camera_imu_extrinsic""]",True,success,True,False,False,unreviewed,historical recorded profile,,,recorded_estimator_export,unreviewed,,,,,,,configured log-pattern matches; absence does not prove no failure; loop matches do not certify accepted/correct closures,
euroc_mav,MH_05_difficult,indoor_reference,openvins,vio,True,False,1,default,ok,3,20.0,752,480,113.6,2273,94.14612667169884,,,106.97000002861023,94.14612667169884,2117,0.16396703872705812,0.3170521270515053,0.14680888011185023,0.27695589628669565,,,0.9896417299615383,1.035827003846168,0.04911157046291763,0.05181807826772217,0.610280281469088,1.971115199447895,0.6441930693148825,,,,,,,0,0,True,transport,2273,,2273,21394,,0,,127.80092668533325,,,,,,17.785473540395344,199.99999994650793,0.8888824428036763,,,127.80092668533325,,,process_tree+container,80.9,63.7,100.0,469.6,503.3,0.0,0.0,0.0,0.0,,,,,,Intel(R) Core(TM) Ultra 9 285K,NVIDIA GeForce RTX 4090,0.1667713471891408,raw_reference_interpolated_at_observed_estimates,results/vio/euroc_mav/MH_05_difficult/openvins/run1,results/vio/euroc_mav/MH_05_difficult/openvins/run1/run_eval.json,2f96fe3893b581e2ee17024ced587f94d17c6ebfff4d9d8b47289033911de439,superseded_calibration_cohort,True,True,exited_zero,0,blocked,"[""confirmed_estimator_defect_prevents_acceptance""]",False,se3,0.16396703872705812,common_camera_origin,True,poses,94.1487021557413,93.13682358117026,95.31742458352093,,,0.039829251963369935,0.03639482815178041,custom overlapping reference-distance windows; not KITTI,fe526e82185bb958b4bef9b1b72a145387a444b8aba1d331f63f143206964452,machine-3c9dca59a50f,2,,,,,available_input_frames_per_wrapper_elapsed_second,False,False,,[],[],,False,0,blocked,stale_review,"[""confirmed_estimator_defect_prevents_acceptance""]",True,success,True,False,False,unreviewed,recorded historical implementation,,,recorded_estimator_export,unreviewed,,,,,,,configured log-pattern matches; absence does not prove no failure; loop matches do not certify accepted/correct closures,
euroc_mav,MH_05_difficult,indoor_reference,openvins,vio,True,False,2,default,ok,3,20.0,752,480,113.6,2273,94.14612667169884,,,106.97000002861023,94.14612667169884,2117,0.19910566713568525,0.37211074033362707,0.19834015919326098,0.3523658985317595,,,1.00250686443384,0.25068644338399615,0.05117202710747398,0.050688853763371955,0.30512269356801963,2.1382878902824936,0.8777744994113869,,,,,,,0,0,True,transport,2273,,2273,21395,,0,,120.918039560318,,,,,,18.797856864576033,200.009348361949,0.9394793392094739,,,120.918039560318,,,process_tree+container,85.2,70.9,93.0,475.7,499.6,0.0,0.0,0.0,0.0,,,,,,Intel(R) Core(TM) Ultra 9 285K,NVIDIA GeForce RTX 4090,0.1815864589103005,raw_reference_interpolated_at_observed_estimates,results/vio/euroc_mav/MH_05_difficult/openvins/run2,results/vio/euroc_mav/MH_05_difficult/openvins/run2/run_eval.json,c3248c220427d7164a288953a9cbd1444fce9121b82c5476f7ceca1dce324d0d,superseded_calibration_cohort,True,True,exited_zero,0,blocked,"[""confirmed_estimator_defect_prevents_acceptance""]",False,se3,0.19910566713568525,common_camera_origin,True,poses,94.1487021557413,93.13682358117026,95.31742458352093,,,0.03588482535732939,0.036520189726091945,custom overlapping reference-distance windows; not KITTI,fe526e82185bb958b4bef9b1b72a145387a444b8aba1d331f63f143206964452,machine-3c9dca59a50f,2,,,,unavailable,available_input_frames_per_wrapper_elapsed_second,False,False,,[],[],,False,0,blocked,stale_review,"[""confirmed_estimator_defect_prevents_acceptance""]",True,success,True,False,False,unreviewed,recorded historical implementation,,,recorded_estimator_export,unreviewed,,,,,,,configured log-pattern matches; absence does not prove no failure; loop matches do not certify accepted/correct closures,
euroc_mav,MH_05_difficult,indoor_reference,openvins,vio,True,False,3,default,ok,3,20.0,752,480,113.6,2273,94.10211262912995,,,106.92000007629395,94.10211262912995,2115,0.19193943675271835,0.32659351685628185,0.18740575823025055,0.28128989915372027,,,0.9940910240773455,0.5908975922654491,0.05280699522931744,0.053426468014306845,0.4567413624859472,2.2409433003676265,0.8367693098927927,,,,,,,0,0,True,transport,2273,,2273,21361,,0,,120.8389801979065,,,,,,18.81015543392826,199.7848857534383,0.9400939971405077,,,120.8389801979065,,,process_tree+container,83.5,69.5,92.0,483.8,508.5,0.0,0.0,0.0,0.0,,,,,,Intel(R) Core(TM) Ultra 9 285K,NVIDIA GeForce RTX 4090,0.20372831502536623,raw_reference_interpolated_at_observed_estimates,results/vio/euroc_mav/MH_05_difficult/openvins/run3,results/vio/euroc_mav/MH_05_difficult/openvins/run3/run_eval.json,c3248c220427d7164a288953a9cbd1444fce9121b82c5476f7ceca1dce324d0d,superseded_calibration_cohort,True,True,exited_zero,0,blocked,"[""confirmed_estimator_defect_prevents_acceptance""]",False,se3,0.19193943675271835,common_camera_origin,True,poses,94.06071271447426,93.0488341399032,95.22737505628095,,,0.03721889499707596,0.03644336052385839,custom overlapping reference-distance windows; not KITTI,fe526e82185bb958b4bef9b1b72a145387a444b8aba1d331f63f143206964452,machine-3c9dca59a50f,2,,,,unavailable,available_input_frames_per_wrapper_elapsed_second,False,False,,[],[],,False,0,blocked,stale_review,"[""confirmed_estimator_defect_prevents_acceptance""]",True,success,True,False,False,unreviewed,recorded historical implementation,,,recorded_estimator_export,unreviewed,,,,,,,configured log-pattern matches; absence does not prove no failure; loop matches do not certify accepted/correct closures,
euroc_mav,MH_05_difficult,indoor_reference,orbslam3,vio,True,False,1,default,ok,3,20.0,752,480,113.6,2273,96.47887323648062,,,109.59999990463257,96.47887323648062,2170,0.0616915968199946,0.1818239513563387,0.04180148125278476,0.12668933958043313,,,0.9934913650875791,0.650863491242093,0.02691055538610656,0.028530823861390227,0.10806382265789291,1.013782204885687,0.1648213423023722,,,,,,0,0,0,True,paced,2273,,,2193,,,,126.48999238014221,,,,,,17.96980106670352,20.009124105001995,0.8980947643923389,,,126.48999238014221,,,process_tree,153.3,121.7,160.0,783.2,987.7,0.0,0.0,0.0,0.0,,,,,,Intel(R) Core(TM) Ultra 9 285K,NVIDIA GeForce RTX 4090,0.03697115580614471,raw_reference_interpolated_at_observed_estimates,results/vio/euroc_mav/MH_05_difficult/orbslam3/run1,results/vio/euroc_mav/MH_05_difficult/orbslam3/run1/run_eval.json,a9c4f4a54d9e5ea5f671d25c73eea31e45523f22f3ac02a5c4d3e8269fddcd28,superseded_calibration_cohort,True,True,exited_zero,0,blocked,"[""historical_orb_loaded_library_abi_unknown""]",False,se3,0.0616915968199946,common_camera_origin,True,poses,96.48042234931808,95.46854377474703,97.70373705538046,,,0.02016426666495157,0.017872308629740853,custom overlapping reference-distance windows; not KITTI,fe526e82185bb958b4bef9b1b72a145387a444b8aba1d331f63f143206964452,machine-3c9dca59a50f,2,legacy_input_count_assumed_processed; processing_claims_withheld,,,,available_input_frames_per_wrapper_elapsed_second,False,False,recorded_profile_euroc_final_trajectory_se3_metric_accuracy,"[""accuracy_conditional_on_observed_exports_and_reference_support"",""historical_orb_loaded_library_abi_unknown"",""no_measured_processing_rate_or_realtime_deadline_claim""]","[""historical_dirty_runner_bytes_and_some_native_build_linkage_unavailable"",""recorded_profile_comparison_not_author_paper_reproduction_or_optimality""]",,False,0,blocked,Saved executable hashes do not establish which ORB/g2o libraries were loaded; demonstrated current ABI mismatch requires explicit historical review.,"[""historical_orb_loaded_library_abi_unknown""]",True,success,True,False,False,unreviewed,historical recorded profile,,,recorded_estimator_export,partial,False,partial,0,20,20,1,"configured log-pattern matches; absence does not prove no failure; loop matches do not certify accepted/correct closures; ORB tracking_losses includes recoverable local-map failure messages, not unique lost episodes; map_resets counts explicit Tracking resets only; local mapping/init reset messages are separate overlapping observations",docs/campaigns/log-observation-review-20261002.json
euroc_mav,MH_05_difficult,indoor_reference,orbslam3,vio,True,False,2,default,ok,3,20.0,752,480,113.6,2273,96.47887323648062,,,109.59999990463257,96.47887323648062,2170,0.0502994796591481,0.1461520204501894,0.04471142061685003,0.12361875409159717,,,0.9966839024106725,0.33160975893274935,0.028855859422685405,0.029496438256643484,0.10481885276287688,0.8777576852860508,0.15495763963934542,,,,,,0,0,0,True,paced,2273,,,2193,,,,124.7761561870575,,,,,,18.216621423987803,20.009124105001995,0.9104303528498646,,,124.7761561870575,,,process_tree,153.5,123.8,161.0,783.9,995.6,0.0,0.0,0.0,0.0,,,,,,Intel(R) Core(TM) Ultra 9 285K,NVIDIA GeForce RTX 4090,0.02801452856352373,raw_reference_interpolated_at_observed_estimates,results/vio/euroc_mav/MH_05_difficult/orbslam3/run2,results/vio/euroc_mav/MH_05_difficult/orbslam3/run2/run_eval.json,a9c4f4a54d9e5ea5f671d25c73eea31e45523f22f3ac02a5c4d3e8269fddcd28,superseded_calibration_cohort,True,True,exited_zero,0,blocked,"[""historical_orb_loaded_library_abi_unknown""]",False,se3,0.0502994796591481,common_camera_origin,True,poses,96.48042234931808,95.46854377474703,97.70373705538046,,,0.01965936213562695,0.01872738021209057,custom overlapping reference-distance windows; not KITTI,fe526e82185bb958b4bef9b1b72a145387a444b8aba1d331f63f143206964452,machine-3c9dca59a50f,2,legacy_input_count_assumed_processed; processing_claims_withheld,,,,available_input_frames_per_wrapper_elapsed_second,False,False,recorded_profile_euroc_final_trajectory_se3_metric_accuracy,"[""accuracy_conditional_on_observed_exports_and_reference_support"",""historical_orb_loaded_library_abi_unknown"",""no_measured_processing_rate_or_realtime_deadline_claim""]","[""historical_dirty_runner_bytes_and_some_native_build_linkage_unavailable"",""recorded_profile_comparison_not_author_paper_reproduction_or_optimality""]",,False,0,blocked,Saved executable hashes do not establish which ORB/g2o libraries were loaded; demonstrated current ABI mismatch requires explicit historical review.,"[""historical_orb_loaded_library_abi_unknown""]",True,success,True,False,False,unreviewed,historical recorded profile,,,recorded_estimator_export,partial,False,partial,0,20,20,1,"configured log-pattern matches; absence does not prove no failure; loop matches do not certify accepted/correct closures; ORB tracking_losses includes recoverable local-map failure messages, not unique lost episodes; map_resets counts explicit Tracking resets only; local mapping/init reset messages are separate overlapping observations",docs/campaigns/log-observation-review-20261002.json
euroc_mav,MH_05_difficult,indoor_reference,orbslam3,vio,True,False,3,default,ok,3,20.0,752,480,113.6,2273,96.47887323648062,,,109.59999990463257,96.47887323648062,2170,0.05657008017373439,0.1474518380900031,0.040937818971212694,0.1159433050634547,,,0.9943941618717537,0.5605838128246332,0.026435362212580093,0.02783182738030529,0.10600844772761196,0.9452598939054825,0.17247273091141924,,,,,,0,0,0,True,paced,2273,,,2193,,,,124.75436615943909,,,,,,18.21980320187793,20.009124105001995,0.9105893717535227,,,124.75436615943909,,,process_tree,148.8,120.0,167.0,782.6,987.3,0.0,0.0,0.0,0.0,,,,,,Intel(R) Core(TM) Ultra 9 285K,NVIDIA GeForce RTX 4090,0.030239123148554658,raw_reference_interpolated_at_observed_estimates,results/vio/euroc_mav/MH_05_difficult/orbslam3/run3,results/vio/euroc_mav/MH_05_difficult/orbslam3/run3/run_eval.json,a9c4f4a54d9e5ea5f671d25c73eea31e45523f22f3ac02a5c4d3e8269fddcd28,superseded_calibration_cohort,True,True,exited_zero,0,blocked,"[""historical_orb_loaded_library_abi_unknown""]",False,se3,0.05657008017373439,common_camera_origin,True,poses,96.48042234931808,95.46854377474703,97.70373705538046,,,0.019529623380896217,0.01754503319306931,custom overlapping reference-distance windows; not KITTI,fe526e82185bb958b4bef9b1b72a145387a444b8aba1d331f63f143206964452,machine-3c9dca59a50f,2,legacy_input_count_assumed_processed; processing_claims_withheld,,,,available_input_frames_per_wrapper_elapsed_second,False,False,recorded_profile_euroc_final_trajectory_se3_metric_accuracy,"[""accuracy_conditional_on_observed_exports_and_reference_support"",""historical_orb_loaded_library_abi_unknown"",""no_measured_processing_rate_or_realtime_deadline_claim""]","[""historical_dirty_runner_bytes_and_some_native_build_linkage_unavailable"",""recorded_profile_comparison_not_author_paper_reproduction_or_optimality""]",,False,0,blocked,Saved executable hashes do not establish which ORB/g2o libraries were loaded; demonstrated current ABI mismatch requires explicit historical review.,"[""historical_orb_loaded_library_abi_unknown""]",True,success,True,False,False,unreviewed,historical recorded profile,,,recorded_estimator_export,partial,False,partial,0,20,20,1,"configured log-pattern matches; absence does not prove no failure; loop matches do not certify accepted/correct closures; ORB tracking_losses includes recoverable local-map failure messages, not unique lost episodes; map_resets counts explicit Tracking resets only; local mapping/init reset messages are separate overlapping observations",docs/campaigns/log-observation-review-20261002.json
hortimulti,strawberry02,agricultural,airslam,vio,True,False,1,default,ok,3,10.006198922022815,640,480,952.309670661,9530,,,,943.8177378177643,99.10828030730447,1888,4.774425237389031,12.130387281189442,4.683532011248634,12.340257476183774,,,1.0203998143271318,2.0399814327131782,,,,,,,,,,,0,,,,max_throughput,9530,,,1953,,,,269.93252062797546,,,,,,35.30511987895809,2.069255452345707,3.5279545735032327,,,269.93252062797546,,,container,510.3,174.2,319.9,1763.8,2588.1,3195.2,3242.0,14.0,21.0,4.154430556626402,6.065798723416774,24,7,global_se3,Intel(R) Core(TM) Ultra 9 285K,NVIDIA GeForce RTX 4090,11.823326297119253,raw_reference_interpolated_at_observed_estimates,results/vio/hortimulti/strawberry02/airslam/run1,results/vio/hortimulti/strawberry02/airslam/run1/run_eval.json,79e939d4973f106e227d84178ee498bd593e7e73326c2434de425e0d72cfa05b,superseded_calibration_cohort,True,True,exited_zero,0,rerun_required,"[""horti_camera_imu_time_offset_uncompensated"",""horti_february_reference_generation_origin_and_timestamp_linkage_unresolved""]",False,se3,4.774425237389031,provisional_sensor_origin,False,keyframes,20.49317943336831,19.811122770199372,21.398617250368357,,,0.07537854036887111,0.07665200274834821,custom overlapping reference-distance windows; not KITTI,fe526e82185bb958b4bef9b1b72a145387a444b8aba1d331f63f143206964452,machine-3c9dca59a50f,2,legacy_input_count_assumed_processed; processing_claims_withheld,269.93252062797546,35.30511987895809,legacy_recorded_command_scope_unverified,available_input_frames_per_wrapper_elapsed_second,False,False,,"[""accuracy_conditional_on_observed_exports_and_reference_support"",""no_measured_processing_rate_or_realtime_deadline_claim""]","[""historical_dirty_runner_bytes_and_some_native_build_linkage_unavailable"",""recorded_profile_comparison_not_author_paper_reproduction_or_optimality""]",,False,0,invalid_setup,Confirmed estimator-side setup defect in the completed audit.,"[""horti_camera_imu_time_offset_uncompensated"",""horti_february_reference_generation_origin_and_timestamp_linkage_unresolved""]",True,success,True,False,False,unreviewed,historical recorded profile,,,recorded_estimator_export,unreviewed,,,,,,,configured log-pattern matches; absence does not prove no failure; loop matches do not certify accepted/correct closures,
hortimulti,strawberry02,agricultural,airslam,vio,True,False,2,default,ok,3,10.006198922022815,640,480,952.309670661,9530,,,,943.8177378177643,99.10828030730447,1888,5.018568791277325,13.016115946082964,4.959086972735663,13.232110258696116,,,1.0169022852916745,1.690228529167448,,,,,,,,,,,0,,,,max_throughput,9530,,,1953,,,,269.90081572532654,,,,,,35.30926712610798,2.069255452345707,3.528368997802034,,,269.90081572532654,,,container,510.7,174.3,328.9,1753.9,2584.8,3183.0,3242.0,14.0,18.0,4.22611621893478,6.305452470892322,24,7,global_se3,Intel(R) Core(TM) Ultra 9 285K,NVIDIA GeForce RTX 4090,12.68034911123742,raw_reference_interpolated_at_observed_estimates,results/vio/hortimulti/strawberry02/airslam/run2,results/vio/hortimulti/strawberry02/airslam/run2/run_eval.json,79e939d4973f106e227d84178ee498bd593e7e73326c2434de425e0d72cfa05b,superseded_calibration_cohort,True,True,exited_zero,0,rerun_required,"[""horti_camera_imu_time_offset_uncompensated"",""horti_february_reference_generation_origin_and_timestamp_linkage_unresolved""]",False,se3,5.018568791277325,provisional_sensor_origin,False,keyframes,20.49317943336831,19.811122770199372,21.398617250368357,,,0.07398791409485855,0.07554962990465149,custom overlapping reference-distance windows; not KITTI,fe526e82185bb958b4bef9b1b72a145387a444b8aba1d331f63f143206964452,machine-3c9dca59a50f,2,legacy_input_count_assumed_processed; processing_claims_withheld,269.90081572532654,35.30926712610798,legacy_recorded_command_scope_unverified,available_input_frames_per_wrapper_elapsed_second,False,False,,"[""accuracy_conditional_on_observed_exports_and_reference_support"",""no_measured_processing_rate_or_realtime_deadline_claim""]","[""historical_dirty_runner_bytes_and_some_native_build_linkage_unavailable"",""recorded_profile_comparison_not_author_paper_reproduction_or_optimality""]",,False,0,invalid_setup,Confirmed estimator-side setup defect in the completed audit.,"[""horti_camera_imu_time_offset_uncompensated"",""horti_february_reference_generation_origin_and_timestamp_linkage_unresolved""]",True,success,True,False,False,unreviewed,historical recorded profile,,,recorded_estimator_export,unreviewed,,,,,,,configured log-pattern matches; absence does not prove no failure; loop matches do not certify accepted/correct closures,
hortimulti,strawberry02,agricultural,airslam,vio,True,False,3,default,ok,3,10.006198922022815,640,480,952.309670661,9530,,,,943.8177378177643,99.10828030730447,1888,5.008875506953741,13.346692198585014,4.935151534515793,13.532563403841554,,,1.0188199666792785,1.8819966679278544,,,,,,,,,,,0,,,,max_throughput,9530,,,1953,,,,269.88545417785645,,,,,,35.31127688608095,2.069255452345707,3.528569828217355,,,269.88545417785645,,,container,506.7,172.8,317.9,1764.3,2587.7,3194.7,3242.0,14.0,18.0,4.1839057871197705,6.325583393849699,24,7,global_se3,Intel(R) Core(TM) Ultra 9 285K,NVIDIA GeForce RTX 4090,13.017695143393757,raw_reference_interpolated_at_observed_estimates,results/vio/hortimulti/strawberry02/airslam/run3,results/vio/hortimulti/strawberry02/airslam/run3/run_eval.json,79e939d4973f106e227d84178ee498bd593e7e73326c2434de425e0d72cfa05b,superseded_calibration_cohort,True,True,exited_zero,0,rerun_required,"[""horti_camera_imu_time_offset_uncompensated"",""horti_february_reference_generation_origin_and_timestamp_linkage_unresolved""]",False,se3,5.008875506953741,provisional_sensor_origin,False,keyframes,20.49317943336831,19.811122770199372,21.398617250368357,,,0.07466685017128942,0.07623339807713088,custom overlapping reference-distance windows; not KITTI,fe526e82185bb958b4bef9b1b72a145387a444b8aba1d331f63f143206964452,machine-3c9dca59a50f,2,legacy_input_count_assumed_processed; processing_claims_withheld,269.88545417785645,35.31127688608095,legacy_recorded_command_scope_unverified,available_input_frames_per_wrapper_elapsed_second,False,False,,"[""accuracy_conditional_on_observed_exports_and_reference_support"",""no_measured_processing_rate_or_realtime_deadline_claim""]","[""historical_dirty_runner_bytes_and_some_native_build_linkage_unavailable"",""recorded_profile_comparison_not_author_paper_reproduction_or_optimality""]",,False,0,invalid_setup,Confirmed estimator-side setup defect in the completed audit.,"[""horti_camera_imu_time_offset_uncompensated"",""horti_february_reference_generation_origin_and_timestamp_linkage_unresolved""]",True,success,True,False,False,unreviewed,historical recorded profile,,,recorded_estimator_export,unreviewed,,,,,,,configured log-pattern matches; absence does not prove no failure; loop matches do not certify accepted/correct closures,
hortimulti,strawberry02,agricultural,basalt,vio,True,False,1,default,ok,3,10.006198922022815,640,480,952.309670661,9530,99.99999997496417,,,952.3096704483032,99.99999997496417,8823,3.1134696545829352,9.169628875043266,2.803992914630353,9.1359194388759,,,1.0284619998090212,2.84619998090212,,,,,,,,,,,,0,,,max_throughput,9530,,,9530,,,,29.564428567886353,,,,,,322.34683576302007,10.007249002851896,32.21133357947413,,,29.564428567886353,,,process_tree,268.6,926.1,1150.9,114.4,128.8,0.0,0.0,0.0,0.0,2.911150491056043,3.9380103717601465,36,8,global_se3,Intel(R) Core(TM) Ultra 9 285K,NVIDIA GeForce RTX 4090,8.7234497615159,raw_reference_interpolated_at_observed_estimates,results/vio/hortimulti/strawberry02/basalt/run1,results/vio/hortimulti/strawberry02/basalt/run1/run_eval.json,0ebf0138550eea069538aba59df2634dc3343d6acc728f370715e70b44fd5004,superseded_calibration_cohort,True,True,exited_zero,0,blocked,"[""horti_february_reference_generation_origin_and_timestamp_linkage_unresolved""]",False,se3,3.1134696545829352,provisional_sensor_origin,False,poses,100.0,92.5813221406086,100.0,,,0.08274811860436933,0.0813860398369124,custom overlapping reference-distance windows; not KITTI,fe526e82185bb958b4bef9b1b72a145387a444b8aba1d331f63f143206964452,machine-3c9dca59a50f,2,legacy_input_count_assumed_processed; processing_claims_withheld,29.564428567886353,322.34683576302007,legacy_recorded_command_scope_unverified,available_input_frames_per_wrapper_elapsed_second,False,False,,"[""accuracy_conditional_on_observed_exports_and_reference_support"",""no_measured_processing_rate_or_realtime_deadline_claim""]","[""historical_dirty_runner_bytes_and_some_native_build_linkage_unavailable"",""recorded_profile_comparison_not_author_paper_reproduction_or_optimality""]",,False,0,blocked,"Recorded observations may be usable, but calibration/reference or execution evidence does not verify this experiment.","[""horti_exact_reference_origin_timing_unresolved"",""horti_february_reference_generation_origin_and_timestamp_linkage_unresolved""]",True,success,True,False,False,unreviewed,historical recorded profile,,,recorded_estimator_export,unreviewed,,,,,,,configured log-pattern matches; absence does not prove no failure; loop matches do not certify accepted/correct closures,
hortimulti,strawberry02,agricultural,basalt,vio,True,False,2,default,ok,3,10.006198922022815,640,480,952.309670661,9530,99.99999997496417,,,952.3096704483032,99.99999997496417,8823,3.1180778414461003,9.166102683352866,2.8094250689243156,9.133072092788916,,,1.0284479826329944,2.8447982632994417,,,,,,,,,,,,0,,,max_throughput,9530,,,9530,,,,29.473995208740234,,,,,,323.3358739630238,10.007249002851896,32.310165756026294,,,29.473995208740234,,,process_tree,264.4,911.6,1217.9,114.4,127.1,0.0,0.0,0.0,0.0,2.909937684766773,3.935980416115373,36,8,global_se3,Intel(R) Core(TM) Ultra 9 285K,NVIDIA GeForce RTX 4090,8.714533027666944,raw_reference_interpolated_at_observed_estimates,results/vio/hortimulti/strawberry02/basalt/run2,results/vio/hortimulti/strawberry02/basalt/run2/run_eval.json,0ebf0138550eea069538aba59df2634dc3343d6acc728f370715e70b44fd5004,superseded_calibration_cohort,True,True,exited_zero,0,blocked,"[""horti_february_reference_generation_origin_and_timestamp_linkage_unresolved""]",False,se3,3.1180778414461003,provisional_sensor_origin,False,poses,100.0,92.5813221406086,100.0,,,0.08283836587382633,0.08149672203671934,custom overlapping reference-distance windows; not KITTI,fe526e82185bb958b4bef9b1b72a145387a444b8aba1d331f63f143206964452,machine-3c9dca59a50f,2,legacy_input_count_assumed_processed; processing_claims_withheld,29.473995208740234,323.3358739630238,legacy_recorded_command_scope_unverified,available_input_frames_per_wrapper_elapsed_second,False,False,,"[""accuracy_conditional_on_observed_exports_and_reference_support"",""no_measured_processing_rate_or_realtime_deadline_claim""]","[""historical_dirty_runner_bytes_and_some_native_build_linkage_unavailable"",""recorded_profile_comparison_not_author_paper_reproduction_or_optimality""]",,False,0,blocked,"Recorded observations may be usable, but calibration/reference or execution evidence does not verify this experiment.","[""horti_exact_reference_origin_timing_unresolved"",""horti_february_reference_generation_origin_and_timestamp_linkage_unresolved""]",True,success,True,False,False,unreviewed,historical recorded profile,,,recorded_estimator_export,unreviewed,,,,,,,configured log-pattern matches; absence does not prove no failure; loop matches do not certify accepted/correct closures,
hortimulti,strawberry02,agricultural,basalt,vio,True,False,3,default,ok,3,10.006198922022815,640,480,952.309670661,9530,99.99999997496417,,,952.3096704483032,99.99999997496417,8823,3.1088739873994036,9.147255945541175,2.7985840390236194,9.112565078459545,,,1.0284754602891233,2.847546028912329,,,,,,,,,,,,0,,,max_throughput,9530,,,9530,,,,29.494126558303833,,,,,,323.1151795989329,10.007249002851896,32.288112306163775,,,29.494126558303833,,,process_tree,267.0,920.6,1214.9,114.9,127.9,0.0,0.0,0.0,0.0,2.91003097616924,3.937122655549924,36,8,global_se3,Intel(R) Core(TM) Ultra 9 285K,NVIDIA GeForce RTX 4090,8.706220247786282,raw_reference_interpolated_at_observed_estimates,results/vio/hortimulti/strawberry02/basalt/run3,results/vio/hortimulti/strawberry02/basalt/run3/run_eval.json,0ebf0138550eea069538aba59df2634dc3343d6acc728f370715e70b44fd5004,superseded_calibration_cohort,True,True,exited_zero,0,blocked,"[""horti_february_reference_generation_origin_and_timestamp_linkage_unresolved""]",False,se3,3.1088739873994036,provisional_sensor_origin,False,poses,100.0,92.5813221406086,100.0,,,0.08279801273659891,0.08144804240224594,custom overlapping reference-distance windows; not KITTI,fe526e82185bb958b4bef9b1b72a145387a444b8aba1d331f63f143206964452,machine-3c9dca59a50f,2,legacy_input_count_assumed_processed; processing_claims_withheld,29.494126558303833,323.1151795989329,legacy_recorded_command_scope_unverified,available_input_frames_per_wrapper_elapsed_second,False,False,,"[""accuracy_conditional_on_observed_exports_and_reference_support"",""no_measured_processing_rate_or_realtime_deadline_claim""]","[""historical_dirty_runner_bytes_and_some_native_build_linkage_unavailable"",""recorded_profile_comparison_not_author_paper_reproduction_or_optimality""]",,False,0,blocked,"Recorded observations may be usable, but calibration/reference or execution evidence does not verify this experiment.","[""horti_exact_reference_origin_timing_unresolved"",""horti_february_reference_generation_origin_and_timestamp_linkage_unresolved""]",True,success,True,False,False,unreviewed,historical recorded profile,,,recorded_estimator_export,unreviewed,,,,,,,configured log-pattern matches; absence does not prove no failure; loop matches do not certify accepted/correct closures,
hortimulti,strawberry02,agricultural,okvis2,vio,True,False,1,default,ok,3,10.006198922022815,640,480,952.309670661,9530,99.99304997997483,,,952.2434849739075,99.99304997997483,8823,2.222073680437965,3.7809482976228974,1.6452580988371308,3.50506005038852,,,1.0314708806115014,3.1470880611501384,,,,,,,,,,,0,0,,True,max_throughput,9530,,,9529,,,,573.0415699481964,,,,,,16.630556140737788,10.006894402917448,1.6618509382710431,,,573.0415699481964,,,process_tree,1133.5,198.1,214.0,871.0,1285.6,0.0,0.0,0.0,0.0,2.7012617514562196,3.0188150834507206,41,8,global_se3,Intel(R) Core(TM) Ultra 9 285K,NVIDIA GeForce RTX 4090,3.5320027639033187,raw_reference_interpolated_at_observed_estimates,results/vio/hortimulti/strawberry02/okvis2/run1,results/vio/hortimulti/strawberry02/okvis2/run1/run_eval.json,aec160653d6faafd3180478787a1f147e6b0af639a16e8e739a96b8b4d61cc63,superseded_calibration_cohort,True,True,exited_zero,0,rerun_required,"[""horti_camera_imu_time_offset_uncompensated"",""horti_february_reference_generation_origin_and_timestamp_linkage_unresolved""]",False,se3,2.222073680437965,provisional_sensor_origin,False,poses,99.98950682056663,92.5813221406086,100.0,,,0.08315081058304942,0.08175288710915112,custom overlapping reference-distance windows; not KITTI,fe526e82185bb958b4bef9b1b72a145387a444b8aba1d331f63f143206964452,machine-3c9dca59a50f,2,legacy_input_count_assumed_processed; processing_claims_withheld,573.0415699481964,16.630556140737788,legacy_recorded_command_scope_unverified,available_input_frames_per_wrapper_elapsed_second,False,False,,"[""accuracy_conditional_on_observed_exports_and_reference_support"",""no_measured_processing_rate_or_realtime_deadline_claim""]","[""historical_dirty_runner_bytes_and_some_native_build_linkage_unavailable"",""recorded_profile_comparison_not_author_paper_reproduction_or_optimality""]",,False,0,invalid_setup,Confirmed estimator-side setup defect in the completed audit.,"[""horti_camera_imu_time_offset_uncompensated"",""horti_february_reference_generation_origin_and_timestamp_linkage_unresolved""]",True,success,True,False,False,unreviewed,historical recorded profile,,,recorded_estimator_export,unreviewed,,,,,,,configured log-pattern matches; absence does not prove no failure; loop matches do not certify accepted/correct closures,
hortimulti,strawberry02,agricultural,okvis2,vio,True,False,2,default,ok,3,10.006198922022815,640,480,952.309670661,9530,99.99304997997483,,,952.2434849739075,99.99304997997483,8823,2.234352814615859,4.6075591330787224,1.6655948731182992,3.8836470895359843,,,1.0313794568275458,3.1379456827545837,,,,,,,,,,,0,0,,True,max_throughput,9530,,,9529,,,,570.998969078064,,,,,,16.69004764647326,10.006894402917448,1.6677957794290292,,,570.998969078064,,,process_tree,1124.1,197.2,217.0,875.3,1289.9,0.0,0.0,0.0,0.0,2.6914882393988484,2.9708392486431414,41,8,global_se3,Intel(R) Core(TM) Ultra 9 285K,NVIDIA GeForce RTX 4090,4.439332156990012,raw_reference_interpolated_at_observed_estimates,results/vio/hortimulti/strawberry02/okvis2/run2,results/vio/hortimulti/strawberry02/okvis2/run2/run_eval.json,aec160653d6faafd3180478787a1f147e6b0af639a16e8e739a96b8b4d61cc63,superseded_calibration_cohort,True,True,exited_zero,0,rerun_required,"[""horti_camera_imu_time_offset_uncompensated"",""horti_february_reference_generation_origin_and_timestamp_linkage_unresolved""]",False,se3,2.234352814615859,provisional_sensor_origin,False,poses,99.98950682056663,92.5813221406086,100.0,,,0.08265192171022423,0.0812979389525641,custom overlapping reference-distance windows; not KITTI,fe526e82185bb958b4bef9b1b72a145387a444b8aba1d331f63f143206964452,machine-3c9dca59a50f,2,legacy_input_count_assumed_processed; processing_claims_withheld,570.998969078064,16.69004764647326,legacy_recorded_command_scope_unverified,available_input_frames_per_wrapper_elapsed_second,False,False,,"[""accuracy_conditional_on_observed_exports_and_reference_support"",""no_measured_processing_rate_or_realtime_deadline_claim""]","[""historical_dirty_runner_bytes_and_some_native_build_linkage_unavailable"",""recorded_profile_comparison_not_author_paper_reproduction_or_optimality""]",,False,0,invalid_setup,Confirmed estimator-side setup defect in the completed audit.,"[""horti_camera_imu_time_offset_uncompensated"",""horti_february_reference_generation_origin_and_timestamp_linkage_unresolved""]",True,success,True,False,False,unreviewed,historical recorded profile,,,recorded_estimator_export,unreviewed,,,,,,,configured log-pattern matches; absence does not prove no failure; loop matches do not certify accepted/correct closures,
hortimulti,strawberry02,agricultural,okvis2,vio,True,False,3,default,ok,3,10.006198922022815,640,480,952.309670661,9530,99.99304997997483,,,952.2434849739075,99.99304997997483,8823,1.9762845717722861,3.591951630349935,1.2348121829754295,3.359927644069345,,,1.0325387735260199,3.253877352601986,,,,,,,,,,,0,0,,True,max_throughput,9530,,,9529,,,,569.7268624305725,,,,,,16.727313785667487,10.006894402917448,1.6715196938827352,,,569.7268624305725,,,process_tree,1117.6,196.4,213.9,882.0,1299.1,0.0,0.0,0.0,0.0,2.456873625060173,2.657216685194941,41,8,global_se3,Intel(R) Core(TM) Ultra 9 285K,NVIDIA GeForce RTX 4090,3.158453758591277,raw_reference_interpolated_at_observed_estimates,results/vio/hortimulti/strawberry02/okvis2/run3,results/vio/hortimulti/strawberry02/okvis2/run3/run_eval.json,aec160653d6faafd3180478787a1f147e6b0af639a16e8e739a96b8b4d61cc63,superseded_calibration_cohort,True,True,exited_zero,0,rerun_required,"[""horti_camera_imu_time_offset_uncompensated"",""horti_february_reference_generation_origin_and_timestamp_linkage_unresolved""]",False,se3,1.9762845717722861,provisional_sensor_origin,False,poses,99.98950682056663,92.5813221406086,100.0,,,0.08310768922241113,0.08176240982162605,custom overlapping reference-distance windows; not KITTI,fe526e82185bb958b4bef9b1b72a145387a444b8aba1d331f63f143206964452,machine-3c9dca59a50f,2,legacy_input_count_assumed_processed; processing_claims_withheld,569.7268624305725,16.727313785667487,legacy_recorded_command_scope_unverified,available_input_frames_per_wrapper_elapsed_second,False,False,,"[""accuracy_conditional_on_observed_exports_and_reference_support"",""no_measured_processing_rate_or_realtime_deadline_claim""]","[""historical_dirty_runner_bytes_and_some_native_build_linkage_unavailable"",""recorded_profile_comparison_not_author_paper_reproduction_or_optimality""]",,False,0,invalid_setup,Confirmed estimator-side setup defect in the completed audit.,"[""horti_camera_imu_time_offset_uncompensated"",""horti_february_reference_generation_origin_and_timestamp_linkage_unresolved""]",True,success,True,False,False,unreviewed,historical recorded profile,,,recorded_estimator_export,unreviewed,,,,,,,configured log-pattern matches; absence does not prove no failure; loop matches do not certify accepted/correct closures,
hortimulti,strawberry02,agricultural,okvis2x,vio,True,False,1,default,ok,3,10.006198922022815,640,480,952.309670661,9530,99.99304997997483,,,952.2434849739075,99.99304997997483,8823,2.259984861900042,3.822558687853623,1.706302093912423,3.3827326683961765,,,1.0312190551611937,3.121905516119372,,,,,,,,,,,0,0,,True,max_throughput,9530,,,9529,,,,542.5329327583313,,,,,,17.5657539378261,10.006894402917448,1.7553029745955047,,,542.5329327583313,,,process_tree,987.3,182.1,206.0,1468.3,2425.8,0.0,0.0,0.0,0.0,2.6659657570567097,3.038094038218351,41,8,global_se3,Intel(R) Core(TM) Ultra 9 285K,NVIDIA GeForce RTX 4090,3.0685766461705524,raw_reference_interpolated_at_observed_estimates,results/vio/hortimulti/strawberry02/okvis2x/run1,results/vio/hortimulti/strawberry02/okvis2x/run1/run_eval.json,52dd52eaec9c09feb5135895755234d5b52c24831e58acf3e14026673fb044e4,superseded_calibration_cohort,True,True,exited_zero,0,rerun_required,"[""horti_camera_imu_time_offset_uncompensated"",""horti_february_reference_generation_origin_and_timestamp_linkage_unresolved""]",False,se3,2.259984861900042,provisional_sensor_origin,False,poses,99.98950682056663,92.5813221406086,100.0,,,0.08256849913440503,0.081068610580418,custom overlapping reference-distance windows; not KITTI,fe526e82185bb958b4bef9b1b72a145387a444b8aba1d331f63f143206964452,machine-3c9dca59a50f,2,legacy_input_count_assumed_processed; processing_claims_withheld,542.5329327583313,17.5657539378261,legacy_recorded_command_scope_unverified,available_input_frames_per_wrapper_elapsed_second,False,False,,"[""accuracy_conditional_on_observed_exports_and_reference_support"",""no_measured_processing_rate_or_realtime_deadline_claim""]","[""historical_dirty_runner_bytes_and_some_native_build_linkage_unavailable"",""recorded_profile_comparison_not_author_paper_reproduction_or_optimality""]",,False,0,invalid_setup,Confirmed estimator-side setup defect in the completed audit.,"[""horti_camera_imu_time_offset_uncompensated"",""horti_february_reference_generation_origin_and_timestamp_linkage_unresolved""]",True,success,True,False,False,unreviewed,historical recorded profile,,,recorded_estimator_export,unreviewed,,,,,,,configured log-pattern matches; absence does not prove no failure; loop matches do not certify accepted/correct closures,
hortimulti,strawberry02,agricultural,okvis2x,vio,True,False,2,default,ok,3,10.006198922022815,640,480,952.309670661,9530,99.99304997997483,,,952.2434849739075,99.99304997997483,8823,2.0263542998417865,3.623178691495546,1.3701865509571236,3.275853303566703,,,1.0314504449705786,3.1450444970578584,,,,,,,,,,,0,0,,True,max_throughput,9530,,,9529,,,,546.2158739566803,,,,,,17.447314247692137,10.006894402917448,1.7434675850563952,,,546.2158739566803,,,process_tree,992.8,181.8,207.0,1462.9,2422.7,0.0,0.0,0.0,0.0,2.4433038436555847,2.7255987545976783,41,8,global_se3,Intel(R) Core(TM) Ultra 9 285K,NVIDIA GeForce RTX 4090,3.3849159579237202,raw_reference_interpolated_at_observed_estimates,results/vio/hortimulti/strawberry02/okvis2x/run2,results/vio/hortimulti/strawberry02/okvis2x/run2/run_eval.json,52dd52eaec9c09feb5135895755234d5b52c24831e58acf3e14026673fb044e4,superseded_calibration_cohort,True,True,exited_zero,0,rerun_required,"[""horti_camera_imu_time_offset_uncompensated"",""horti_february_reference_generation_origin_and_timestamp_linkage_unresolved""]",False,se3,2.0263542998417865,provisional_sensor_origin,False,poses,99.98950682056663,92.5813221406086,100.0,,,0.08280115434862524,0.08149658623797597,custom overlapping reference-distance windows; not KITTI,fe526e82185bb958b4bef9b1b72a145387a444b8aba1d331f63f143206964452,machine-3c9dca59a50f,2,legacy_input_count_assumed_processed; processing_claims_withheld,546.2158739566803,17.447314247692137,legacy_recorded_command_scope_unverified,available_input_frames_per_wrapper_elapsed_second,False,False,,"[""accuracy_conditional_on_observed_exports_and_reference_support"",""no_measured_processing_rate_or_realtime_deadline_claim""]","[""historical_dirty_runner_bytes_and_some_native_build_linkage_unavailable"",""recorded_profile_comparison_not_author_paper_reproduction_or_optimality""]",,False,0,invalid_setup,Confirmed estimator-side setup defect in the completed audit.,"[""horti_camera_imu_time_offset_uncompensated"",""horti_february_reference_generation_origin_and_timestamp_linkage_unresolved""]",True,success,True,False,False,unreviewed,historical recorded profile,,,recorded_estimator_export,unreviewed,,,,,,,configured log-pattern matches; absence does not prove no failure; loop matches do not certify accepted/correct closures,
hortimulti,strawberry02,agricultural,okvis2x,vio,True,False,3,default,ok,3,10.006198922022815,640,480,952.309670661,9530,99.99304997997483,,,952.2434849739075,99.99304997997483,8823,2.140813548510439,3.996807164538047,1.5254318599496905,3.545743197882254,,,1.0316526322056567,3.1652632205656728,,,,,,,,,,,0,0,,True,max_throughput,9530,,,9529,,,,544.168468952179,,,,,,17.512958842232162,10.006894402917448,1.750027289380506,,,544.168468952179,,,process_tree,987.8,181.5,207.0,1459.3,2422.5,0.0,0.0,0.0,0.0,2.7064606741658355,2.8809172153979974,41,8,global_se3,Intel(R) Core(TM) Ultra 9 285K,NVIDIA GeForce RTX 4090,3.8520265041340247,raw_reference_interpolated_at_observed_estimates,results/vio/hortimulti/strawberry02/okvis2x/run3,results/vio/hortimulti/strawberry02/okvis2x/run3/run_eval.json,52dd52eaec9c09feb5135895755234d5b52c24831e58acf3e14026673fb044e4,superseded_calibration_cohort,True,True,exited_zero,0,rerun_required,"[""horti_camera_imu_time_offset_uncompensated"",""horti_february_reference_generation_origin_and_timestamp_linkage_unresolved""]",False,se3,2.140813548510439,provisional_sensor_origin,False,poses,99.98950682056663,92.5813221406086,100.0,,,0.08262436397292502,0.08126993049578157,custom overlapping reference-distance windows; not KITTI,fe526e82185bb958b4bef9b1b72a145387a444b8aba1d331f63f143206964452,machine-3c9dca59a50f,2,legacy_input_count_assumed_processed; processing_claims_withheld,544.168468952179,17.512958842232162,legacy_recorded_command_scope_unverified,available_input_frames_per_wrapper_elapsed_second,False,False,,"[""accuracy_conditional_on_observed_exports_and_reference_support"",""no_measured_processing_rate_or_realtime_deadline_claim""]","[""historical_dirty_runner_bytes_and_some_native_build_linkage_unavailable"",""recorded_profile_comparison_not_author_paper_reproduction_or_optimality""]",,False,0,invalid_setup,Confirmed estimator-side setup defect in the completed audit.,"[""horti_camera_imu_time_offset_uncompensated"",""horti_february_reference_generation_origin_and_timestamp_linkage_unresolved""]",True,success,True,False,False,unreviewed,historical recorded profile,,,recorded_estimator_export,unreviewed,,,,,,,configured log-pattern matches; absence does not prove no failure; loop matches do not certify accepted/correct closures,
hortimulti,strawberry02,agricultural,openvins,vio,True,False,1,default,ok,3,10.006198922022815,640,480,952.309670661,9530,99.59330845092991,,,948.4367077350616,99.59330845092991,8807,2.6206641881036474,10.72298105071359,2.269285912231554,10.688987740341231,,,1.027549850324265,2.7549850324265046,,,,,,,,,,,,0,0,True,,,,,,,,,,,,,,,,,,,,,,,process_tree+container,390.3,40.7,65.0,555.3,595.1,0.0,0.0,0.0,0.0,2.452619244107834,2.7865681308721673,34,8,global_se3,Intel(R) Core(TM) Ultra 9 285K,NVIDIA GeForce RTX 4090,3.420133236265759,raw_reference_interpolated_at_observed_estimates,results/vio/hortimulti/strawberry02/openvins/run1,results/vio/hortimulti/strawberry02/openvins/run1/run_eval.json,1c955198923325c661966c833fed4ac55045231b1023acc7dcefeaa98acfc779,superseded_calibration_cohort,True,True,exited_nonzero,134,blocked,"[""horti_february_reference_generation_origin_and_timestamp_linkage_unresolved""]",False,se3,2.6206641881036474,provisional_sensor_origin,False,poses,99.52780692549842,92.41343126967472,99.81865578601382,,,0.09077156924531335,0.09038894541824555,custom overlapping reference-distance windows; not KITTI,fe526e82185bb958b4bef9b1b72a145387a444b8aba1d331f63f143206964452,machine-3c9dca59a50f,,,,,,,False,False,,"[""accuracy_conditional_on_observed_exports_and_reference_support"",""no_measured_processing_rate_or_realtime_deadline_claim""]","[""historical_dirty_runner_bytes_and_some_native_build_linkage_unavailable"",""recorded_profile_comparison_not_author_paper_reproduction_or_optimality""]",,False,1,blocked,"Recorded observations may be usable, but calibration/reference or execution evidence does not verify this experiment.","[""horti_exact_reference_origin_timing_unresolved"",""horti_february_reference_generation_origin_and_timestamp_linkage_unresolved""]",True,failure_with_saved_trajectory,False,True,False,unreviewed,historical recorded profile,,,recorded_estimator_export,unreviewed,,,,,,,configured log-pattern matches; absence does not prove no failure; loop matches do not certify accepted/correct closures,
hortimulti,strawberry02,agricultural,orbslam3,vio,True,False,1,default,ok,3,10.006198922022815,640,480,952.309670661,9530,99.7404194071092,,,949.8376595973969,99.7404194071092,8823,2.7179123281307134,5.910821624074317,1.9828027755701219,3.890049420417314,,,1.0394833744682754,3.9483374468275434,,,,,,,,,,,0,0,0,True,paced,9530,,,9505,,,,1088.9096660614014,,,,,,8.75187382115003,10.00697319584995,0.8745534183117657,,,1088.9096660614014,,,process_tree,1023.2,94.0,139.0,2644.0,4491.7,0.0,0.0,0.0,0.0,2.6643826829342103,3.365820548118963,41,8,global_se3,Intel(R) Core(TM) Ultra 9 285K,NVIDIA GeForce RTX 4090,3.5608712535411224,raw_reference_interpolated_at_observed_estimates,results/vio/hortimulti/strawberry02/orbslam3/run1,results/vio/hortimulti/strawberry02/orbslam3/run1/run_eval.json,bf51821f29e77b1c4c2ba424181e78232c29af6311b1e41a6696220db143bff1,superseded_calibration_cohort,True,True,exited_zero,0,rerun_required,"[""historical_orb_loaded_library_abi_unknown"",""horti_camera_imu_time_offset_uncompensated"",""horti_february_reference_generation_origin_and_timestamp_linkage_unresolved""]",False,se3,2.7179123281307134,provisional_sensor_origin,False,poses,99.7376705141658,92.5813221406086,100.0,,,0.08499261716003625,0.08071398079669206,custom overlapping reference-distance windows; not KITTI,fe526e82185bb958b4bef9b1b72a145387a444b8aba1d331f63f143206964452,machine-3c9dca59a50f,2,legacy_input_count_assumed_processed; processing_claims_withheld,,,,available_input_frames_per_wrapper_elapsed_second,False,False,,"[""accuracy_conditional_on_observed_exports_and_reference_support"",""historical_orb_loaded_library_abi_unknown"",""no_measured_processing_rate_or_realtime_deadline_claim""]","[""historical_dirty_runner_bytes_and_some_native_build_linkage_unavailable"",""recorded_profile_comparison_not_author_paper_reproduction_or_optimality""]",,False,0,invalid_setup,Confirmed estimator-side setup defect in the completed audit.,"[""horti_camera_imu_time_offset_uncompensated"",""horti_february_reference_generation_origin_and_timestamp_linkage_unresolved""]",True,success,True,False,False,unreviewed,historical recorded profile,,,recorded_estimator_export,partial,False,partial,0,0,0,1,"configured log-pattern matches; absence does not prove no failure; loop matches do not certify accepted/correct closures; ORB tracking_losses includes recoverable local-map failure messages, not unique lost episodes; map_resets counts explicit Tracking resets only; local mapping/init reset messages are separate overlapping observations",docs/campaigns/log-observation-review-20261002.json
hortimulti,strawberry02,agricultural,orbslam3,vio,True,False,2,default,ok,3,10.006198922022815,640,480,952.309670661,9530,99.7404194071092,,,949.8376595973969,99.7404194071092,8823,2.512078329740872,5.166469368951155,1.6572987648655328,4.146527099091685,,,1.0401119772421095,4.0111977242109464,,,,,,,,,,,0,0,0,True,paced,9530,,,9505,,,,1036.4202015399933,,,,,,9.195112161881434,10.00697319584995,0.91884514531047,,,1036.4202015399933,,,process_tree,1007.3,97.2,143.0,2628.4,4410.3,0.0,0.0,0.0,0.0,2.8400280205315522,3.415745266368524,41,8,global_se3,Intel(R) Core(TM) Ultra 9 285K,NVIDIA GeForce RTX 4090,4.696521395469584,raw_reference_interpolated_at_observed_estimates,results/vio/hortimulti/strawberry02/orbslam3/run2,results/vio/hortimulti/strawberry02/orbslam3/run2/run_eval.json,bf51821f29e77b1c4c2ba424181e78232c29af6311b1e41a6696220db143bff1,superseded_calibration_cohort,True,True,exited_zero,0,rerun_required,"[""historical_orb_loaded_library_abi_unknown"",""horti_camera_imu_time_offset_uncompensated"",""horti_february_reference_generation_origin_and_timestamp_linkage_unresolved""]",False,se3,2.512078329740872,provisional_sensor_origin,False,poses,99.7376705141658,92.5813221406086,100.0,,,0.08451065258885311,0.08049800428676104,custom overlapping reference-distance windows; not KITTI,fe526e82185bb958b4bef9b1b72a145387a444b8aba1d331f63f143206964452,machine-3c9dca59a50f,2,legacy_input_count_assumed_processed; processing_claims_withheld,,,,available_input_frames_per_wrapper_elapsed_second,False,False,,"[""accuracy_conditional_on_observed_exports_and_reference_support"",""historical_orb_loaded_library_abi_unknown"",""no_measured_processing_rate_or_realtime_deadline_claim""]","[""historical_dirty_runner_bytes_and_some_native_build_linkage_unavailable"",""recorded_profile_comparison_not_author_paper_reproduction_or_optimality""]",,False,0,invalid_setup,Confirmed estimator-side setup defect in the completed audit.,"[""horti_camera_imu_time_offset_uncompensated"",""horti_february_reference_generation_origin_and_timestamp_linkage_unresolved""]",True,success,True,False,False,unreviewed,historical recorded profile,,,recorded_estimator_export,partial,False,partial,0,0,0,1,"configured log-pattern matches; absence does not prove no failure; loop matches do not certify accepted/correct closures; ORB tracking_losses includes recoverable local-map failure messages, not unique lost episodes; map_resets counts explicit Tracking resets only; local mapping/init reset messages are separate overlapping observations",docs/campaigns/log-observation-review-20261002.json
hortimulti,strawberry02,agricultural,orbslam3,vio,True,False,3,default,ok,3,10.006198922022815,640,480,952.309670661,9530,99.7404194071092,,,949.8376595973969,99.7404194071092,8823,2.4773183404783095,4.828463051655057,1.6168503761901776,4.3077362521121065,,,1.039870224600016,3.987022460001599,,,,,,,,,,,0,0,0,True,paced,9530,,,9505,,,,1035.8804397583008,,,,,,9.199903419571866,10.00697319584995,0.9193239240128153,,,1035.8804397583008,,,process_tree,1010.9,97.7,143.0,2630.8,4431.6,0.0,0.0,0.0,0.0,2.6143597018091205,3.291622448818396,41,8,global_se3,Intel(R) Core(TM) Ultra 9 285K,NVIDIA GeForce RTX 4090,4.252697353018672,raw_reference_interpolated_at_observed_estimates,results/vio/hortimulti/strawberry02/orbslam3/run3,results/vio/hortimulti/strawberry02/orbslam3/run3/run_eval.json,bf51821f29e77b1c4c2ba424181e78232c29af6311b1e41a6696220db143bff1,superseded_calibration_cohort,True,True,exited_zero,0,rerun_required,"[""historical_orb_loaded_library_abi_unknown"",""horti_camera_imu_time_offset_uncompensated"",""horti_february_reference_generation_origin_and_timestamp_linkage_unresolved""]",False,se3,2.4773183404783095,provisional_sensor_origin,False,poses,99.7376705141658,92.5813221406086,100.0,,,0.08440787646075606,0.08048343351180899,custom overlapping reference-distance windows; not KITTI,fe526e82185bb958b4bef9b1b72a145387a444b8aba1d331f63f143206964452,machine-3c9dca59a50f,2,legacy_input_count_assumed_processed; processing_claims_withheld,,,,available_input_frames_per_wrapper_elapsed_second,False,False,,"[""accuracy_conditional_on_observed_exports_and_reference_support"",""historical_orb_loaded_library_abi_unknown"",""no_measured_processing_rate_or_realtime_deadline_claim""]","[""historical_dirty_runner_bytes_and_some_native_build_linkage_unavailable"",""recorded_profile_comparison_not_author_paper_reproduction_or_optimality""]",,False,0,invalid_setup,Confirmed estimator-side setup defect in the completed audit.,"[""horti_camera_imu_time_offset_uncompensated"",""horti_february_reference_generation_origin_and_timestamp_linkage_unresolved""]",True,success,True,False,False,unreviewed,historical recorded profile,,,recorded_estimator_export,partial,False,partial,0,0,0,1,"configured log-pattern matches; absence does not prove no failure; loop matches do not certify accepted/correct closures; ORB tracking_losses includes recoverable local-map failure messages, not unique lost episodes; map_resets counts explicit Tracking resets only; local mapping/init reset messages are separate overlapping observations",docs/campaigns/log-observation-review-20261002.json
hortimulti,strawberry02,agricultural,voxel_svio,vio,True,False,1,default,ok,3,10.006198922022815,640,480,952.309670661,9530,99.69897412661713,,,949.4429721832275,99.69897412661713,8822,5.693586824770859,15.718329255295247,5.582250195393484,15.78049321969327,,,1.0235703316023954,2.357033160239541,,,,,,,,,,,,,,,transport,9530,,9530,9501,,0,,964.8786396980286,,,,,,9.876889805522628,10.006920139871715,0.9869735234109438,,,964.8786396980286,,,container,478.3,45.2,55.0,750.2,759.0,0.0,0.0,0.0,0.0,4.45198505705966,7.622829589273163,36,8,global_se3,Intel(R) Core(TM) Ultra 9 285K,NVIDIA GeForce RTX 4090,3.073514785187005,raw_reference_interpolated_at_observed_estimates,results/vio/hortimulti/strawberry02/voxel_svio/run1,results/vio/hortimulti/strawberry02/voxel_svio/run1/run_eval.json,615143d25e1c76579b8f4752b4e03c1f05567302e862c0b6d47b1ea8299bd5f3,superseded_calibration_cohort,True,True,exited_zero,0,blocked,"[""reviewed_evidence_changed:datasets/hortimulti/strawberry02/mav0/imu0/data.csv""]",False,se3,5.693586824770859,provisional_sensor_origin,False,poses,99.69569779643231,92.57082896117524,99.98866598662586,,,0.0830715445519173,0.08163193326027407,custom overlapping reference-distance windows; not KITTI,fe526e82185bb958b4bef9b1b72a145387a444b8aba1d331f63f143206964452,machine-3c9dca59a50f,2,,,,,available_input_frames_per_wrapper_elapsed_second,False,False,,[],[],,False,0,blocked,stale_review,"[""reviewed_evidence_changed:datasets/hortimulti/strawberry02/mav0/imu0/data.csv""]",True,success,True,False,False,unreviewed,recorded historical implementation,,,recorded_estimator_export,unreviewed,,,,,,,configured log-pattern matches; absence does not prove no failure; loop matches do not certify accepted/correct closures,
hortimulti,strawberry02,agricultural,voxel_svio,vio,True,False,2,default,ok,3,10.006198922022815,640,480,952.309670661,9530,99.69897412661713,,,949.4429721832275,99.69897412661713,8822,5.680445336693847,14.655132537424217,5.5647027430183815,14.688313659136078,,,1.0240087469770047,2.4008746977004725,,,,,,,,,,,,,,,transport,9530,,9530,9501,,0,,964.7967159748077,,,,,,9.877728481249145,10.006920139871715,0.9870573302320279,,,964.7967159748077,,,container,481.2,45.5,62.0,749.0,759.1,0.0,0.0,0.0,0.0,5.059746680444064,7.645656704078835,36,8,global_se3,Intel(R) Core(TM) Ultra 9 285K,NVIDIA GeForce RTX 4090,5.6910285818657425,raw_reference_interpolated_at_observed_estimates,results/vio/hortimulti/strawberry02/voxel_svio/run2,results/vio/hortimulti/strawberry02/voxel_svio/run2/run_eval.json,615143d25e1c76579b8f4752b4e03c1f05567302e862c0b6d47b1ea8299bd5f3,superseded_calibration_cohort,True,True,exited_zero,0,blocked,"[""reviewed_evidence_changed:datasets/hortimulti/strawberry02/mav0/imu0/data.csv""]",False,se3,5.680445336693847,provisional_sensor_origin,False,poses,99.69569779643231,92.57082896117524,99.98866598662586,,,0.08312336392765775,0.0818430045002042,custom overlapping reference-distance windows; not KITTI,fe526e82185bb958b4bef9b1b72a145387a444b8aba1d331f63f143206964452,machine-3c9dca59a50f,2,,,,,available_input_frames_per_wrapper_elapsed_second,False,False,,[],[],,False,0,blocked,stale_review,"[""reviewed_evidence_changed:datasets/hortimulti/strawberry02/mav0/imu0/data.csv""]",True,success,True,False,False,unreviewed,recorded historical implementation,,,recorded_estimator_export,unreviewed,,,,,,,configured log-pattern matches; absence does not prove no failure; loop matches do not certify accepted/correct closures,
hortimulti,strawberry02,agricultural,voxel_svio,vio,True,False,3,default,ok,3,10.006198922022815,640,480,952.309670661,9530,99.69897412661713,,,949.4429721832275,99.69897412661713,8822,7.826828178003321,20.808017938956606,7.787168501392334,20.874616696205837,,,1.016543713251372,1.6543713251371939,,,,,,,,,,,,,,,transport,9530,,9530,9501,,0,,964.8934555053711,,,,,,9.876738147227439,10.006920139871715,0.9869583685671716,,,964.8934555053711,,,container,476.7,45.0,66.0,747.8,757.7,0.0,0.0,0.0,0.0,6.31544543773948,11.31529618591771,36,8,global_se3,Intel(R) Core(TM) Ultra 9 285K,NVIDIA GeForce RTX 4090,8.270781243223155,raw_reference_interpolated_at_observed_estimates,results/vio/hortimulti/strawberry02/voxel_svio/run3,results/vio/hortimulti/strawberry02/voxel_svio/run3/run_eval.json,615143d25e1c76579b8f4752b4e03c1f05567302e862c0b6d47b1ea8299bd5f3,superseded_calibration_cohort,True,True,exited_zero,0,blocked,"[""reviewed_evidence_changed:datasets/hortimulti/strawberry02/mav0/imu0/data.csv""]",False,se3,7.826828178003321,provisional_sensor_origin,False,poses,99.69569779643231,92.57082896117524,99.98866598662586,,,0.08240904265110076,0.08062910976654757,custom overlapping reference-distance windows; not KITTI,fe526e82185bb958b4bef9b1b72a145387a444b8aba1d331f63f143206964452,machine-3c9dca59a50f,2,,,,,available_input_frames_per_wrapper_elapsed_second,False,False,,[],[],,False,0,blocked,stale_review,"[""reviewed_evidence_changed:datasets/hortimulti/strawberry02/mav0/imu0/data.csv""]",True,success,True,False,False,unreviewed,recorded historical implementation,,,recorded_estimator_export,unreviewed,,,,,,,configured log-pattern matches; absence does not prove no failure; loop matches do not certify accepted/correct closures,
hortimulti,strawberry03,agricultural,airslam,vio,True,False,1,default,ok,3,10.007445545596081,640,480,242.219654252,2425,,,,236.36977314949036,97.58488583902796,459,1.2797268992078084,2.633015199500131,1.1589312929186821,3.095260235719038,,,1.0324368317983452,3.2436831798345223,,,,,,,,,,,0,,,,max_throughput,2425,,,460,,,,67.01679468154907,,,,,,36.184959479532466,1.9461033188413492,3.6143127326911375,,,67.01679468154907,,,container,157.2,174.6,326.9,990.9,1208.8,3115.1,3242.0,13.9,19.0,1.0674455279188098,1.4556855929198436,4,4,global_se3,Intel(R) Core(TM) Ultra 9 285K,NVIDIA GeForce RTX 4090,2.608433063684612,raw_reference_interpolated_at_observed_estimates,results/vio/hortimulti/strawberry03/airslam/run1,results/vio/hortimulti/strawberry03/airslam/run1/run_eval.json,79e939d4973f106e227d84178ee498bd593e7e73326c2434de425e0d72cfa05b,superseded_calibration_cohort,True,True,exited_zero,0,rerun_required,"[""horti_camera_imu_time_offset_uncompensated"",""horti_february_reference_generation_origin_and_timestamp_linkage_unresolved""]",False,se3,1.2797268992078084,provisional_sensor_origin,False,keyframes,18.969072164948454,18.927835051546392,18.974782968168665,,,0.040100009730851725,0.03863069470870769,custom overlapping reference-distance windows; not KITTI,fe526e82185bb958b4bef9b1b72a145387a444b8aba1d331f63f143206964452,machine-3c9dca59a50f,2,legacy_input_count_assumed_processed; processing_claims_withheld,67.01679468154907,36.184959479532466,legacy_recorded_command_scope_unverified,available_input_frames_per_wrapper_elapsed_second,False,False,,"[""accuracy_conditional_on_observed_exports_and_reference_support"",""no_measured_processing_rate_or_realtime_deadline_claim""]","[""historical_dirty_runner_bytes_and_some_native_build_linkage_unavailable"",""recorded_profile_comparison_not_author_paper_reproduction_or_optimality""]",,False,0,invalid_setup,Confirmed estimator-side setup defect in the completed audit.,"[""horti_camera_imu_time_offset_uncompensated"",""horti_february_reference_generation_origin_and_timestamp_linkage_unresolved""]",True,success,True,False,False,unreviewed,historical recorded profile,,,recorded_estimator_export,unreviewed,,,,,,,configured log-pattern matches; absence does not prove no failure; loop matches do not certify accepted/correct closures,
hortimulti,strawberry03,agricultural,airslam,vio,True,False,2,default,ok,3,10.007445545596081,640,480,242.219654252,2425,,,,236.36977314949036,97.58488583902796,459,1.2939605712577966,2.69424946901946,1.1712863556735251,3.1310908102794506,,,1.0328815460271343,3.2881546027134334,,,,,,,,,,,0,,,,max_throughput,2425,,,460,,,,67.08943247795105,,,,,,36.14578198730443,1.9461033188413492,3.61039951263973,,,67.08943247795105,,,container,156.7,171.3,329.9,987.5,1217.8,3070.3,3242.0,13.7,18.0,1.0767592531833483,1.4788227154652445,4,4,global_se3,Intel(R) Core(TM) Ultra 9 285K,NVIDIA GeForce RTX 4090,2.670885002071331,raw_reference_interpolated_at_observed_estimates,results/vio/hortimulti/strawberry03/airslam/run2,results/vio/hortimulti/strawberry03/airslam/run2/run_eval.json,79e939d4973f106e227d84178ee498bd593e7e73326c2434de425e0d72cfa05b,superseded_calibration_cohort,True,True,exited_zero,0,rerun_required,"[""horti_camera_imu_time_offset_uncompensated"",""horti_february_reference_generation_origin_and_timestamp_linkage_unresolved""]",False,se3,1.2939605712577966,provisional_sensor_origin,False,keyframes,18.969072164948454,18.927835051546392,18.974782968168665,,,0.04132710262788511,0.03987769467232789,custom overlapping reference-distance windows; not KITTI,fe526e82185bb958b4bef9b1b72a145387a444b8aba1d331f63f143206964452,machine-3c9dca59a50f,2,legacy_input_count_assumed_processed; processing_claims_withheld,67.08943247795105,36.14578198730443,legacy_recorded_command_scope_unverified,available_input_frames_per_wrapper_elapsed_second,False,False,,"[""accuracy_conditional_on_observed_exports_and_reference_support"",""no_measured_processing_rate_or_realtime_deadline_claim""]","[""historical_dirty_runner_bytes_and_some_native_build_linkage_unavailable"",""recorded_profile_comparison_not_author_paper_reproduction_or_optimality""]",,False,0,invalid_setup,Confirmed estimator-side setup defect in the completed audit.,"[""horti_camera_imu_time_offset_uncompensated"",""horti_february_reference_generation_origin_and_timestamp_linkage_unresolved""]",True,success,True,False,False,unreviewed,historical recorded profile,,,recorded_estimator_export,unreviewed,,,,,,,configured log-pattern matches; absence does not prove no failure; loop matches do not certify accepted/correct closures,
hortimulti,strawberry03,agricultural,airslam,vio,True,False,3,default,ok,3,10.007445545596081,640,480,242.219654252,2425,,,,236.36977314949036,97.58488583902796,459,1.2451638130149838,2.585682172079112,1.1255902949558285,3.0324062301789048,,,1.0317960453867772,3.179604538677716,,,,,,,,,,,0,,,,max_throughput,2425,,,460,,,,67.10537385940552,,,,,,36.13719528752929,1.9461033188413492,3.6095418353402247,,,67.10537385940552,,,container,155.9,170.1,324.9,990.5,1220.6,3071.6,3242.0,13.6,18.0,1.0336235936072395,1.4445069235657801,4,4,global_se3,Intel(R) Core(TM) Ultra 9 285K,NVIDIA GeForce RTX 4090,2.560833795110874,raw_reference_interpolated_at_observed_estimates,results/vio/hortimulti/strawberry03/airslam/run3,results/vio/hortimulti/strawberry03/airslam/run3/run_eval.json,79e939d4973f106e227d84178ee498bd593e7e73326c2434de425e0d72cfa05b,superseded_calibration_cohort,True,True,exited_zero,0,rerun_required,"[""horti_camera_imu_time_offset_uncompensated"",""horti_february_reference_generation_origin_and_timestamp_linkage_unresolved""]",False,se3,1.2451638130149838,provisional_sensor_origin,False,keyframes,18.969072164948454,18.927835051546392,18.974782968168665,,,0.04018979008877465,0.03871645063716583,custom overlapping reference-distance windows; not KITTI,fe526e82185bb958b4bef9b1b72a145387a444b8aba1d331f63f143206964452,machine-3c9dca59a50f,2,legacy_input_count_assumed_processed; processing_claims_withheld,67.10537385940552,36.13719528752929,legacy_recorded_command_scope_unverified,available_input_frames_per_wrapper_elapsed_second,False,False,,"[""accuracy_conditional_on_observed_exports_and_reference_support"",""no_measured_processing_rate_or_realtime_deadline_claim""]","[""historical_dirty_runner_bytes_and_some_native_build_linkage_unavailable"",""recorded_profile_comparison_not_author_paper_reproduction_or_optimality""]",,False,0,invalid_setup,Confirmed estimator-side setup defect in the completed audit.,"[""horti_camera_imu_time_offset_uncompensated"",""horti_february_reference_generation_origin_and_timestamp_linkage_unresolved""]",True,success,True,False,False,unreviewed,historical recorded profile,,,recorded_estimator_export,unreviewed,,,,,,,configured log-pattern matches; absence does not prove no failure; loop matches do not certify accepted/correct closures,
hortimulti,strawberry03,agricultural,basalt,vio,True,False,1,default,ok,3,10.007445545596081,640,480,242.219654252,2425,100.0,,,242.21965432167053,100.0,2419,0.6768597566735041,1.0905022395178294,0.29087595516280285,0.48412242362783964,,,1.0336661058764074,3.3666105876407393,,,,,,,,,,,,0,,,max_throughput,2425,,,2425,,,,7.513329029083252,,,,,,322.7597235011401,10.011574026852387,32.23865923934191,,,7.513329029083252,,,process_tree,67.3,960.8,1068.9,75.6,87.9,0.0,0.0,0.0,0.0,0.5201334074713209,0.9523500206024486,4,4,global_se3,Intel(R) Core(TM) Ultra 9 285K,NVIDIA GeForce RTX 4090,1.0165053403029891,raw_reference_interpolated_at_observed_estimates,results/vio/hortimulti/strawberry03/basalt/run1,results/vio/hortimulti/strawberry03/basalt/run1/run_eval.json,0ebf0138550eea069538aba59df2634dc3343d6acc728f370715e70b44fd5004,superseded_calibration_cohort,True,True,exited_zero,0,blocked,"[""horti_february_reference_generation_origin_and_timestamp_linkage_unresolved""]",False,se3,0.6768597566735041,provisional_sensor_origin,False,poses,100.0,99.75257731958763,100.0,,,0.044159602465814206,0.02398550634551001,custom overlapping reference-distance windows; not KITTI,fe526e82185bb958b4bef9b1b72a145387a444b8aba1d331f63f143206964452,machine-3c9dca59a50f,2,legacy_input_count_assumed_processed; processing_claims_withheld,7.513329029083252,322.7597235011401,legacy_recorded_command_scope_unverified,available_input_frames_per_wrapper_elapsed_second,False,False,,"[""accuracy_conditional_on_observed_exports_and_reference_support"",""no_measured_processing_rate_or_realtime_deadline_claim""]","[""historical_dirty_runner_bytes_and_some_native_build_linkage_unavailable"",""recorded_profile_comparison_not_author_paper_reproduction_or_optimality""]",,False,0,blocked,"Recorded observations may be usable, but calibration/reference or execution evidence does not verify this experiment.","[""horti_exact_reference_origin_timing_unresolved"",""horti_february_reference_generation_origin_and_timestamp_linkage_unresolved""]",True,success,True,False,False,unreviewed,historical recorded profile,,,recorded_estimator_export,unreviewed,,,,,,,configured log-pattern matches; absence does not prove no failure; loop matches do not certify accepted/correct closures,
hortimulti,strawberry03,agricultural,basalt,vio,True,False,2,default,ok,3,10.007445545596081,640,480,242.219654252,2425,100.0,,,242.21965432167053,100.0,2419,0.6767538187579529,1.0889135523490983,0.29060046067840417,0.4826156335056968,,,1.0336668802743691,3.366688027436915,,,,,,,,,,,,0,,,max_throughput,2425,,,2425,,,,7.4921181201934814,,,,,,323.67348740323587,10.011574026852387,32.32992999253665,,,7.4921181201934814,,,process_tree,63.2,901.9,967.9,79.5,91.2,0.0,0.0,0.0,0.0,0.5200963541835998,0.9520879656678755,4,4,global_se3,Intel(R) Core(TM) Ultra 9 285K,NVIDIA GeForce RTX 4090,1.0165838311489288,raw_reference_interpolated_at_observed_estimates,results/vio/hortimulti/strawberry03/basalt/run2,results/vio/hortimulti/strawberry03/basalt/run2/run_eval.json,0ebf0138550eea069538aba59df2634dc3343d6acc728f370715e70b44fd5004,superseded_calibration_cohort,True,True,exited_zero,0,blocked,"[""horti_february_reference_generation_origin_and_timestamp_linkage_unresolved""]",False,se3,0.6767538187579529,provisional_sensor_origin,False,poses,100.0,99.75257731958763,100.0,,,0.04415459082209566,0.023982433104013115,custom overlapping reference-distance windows; not KITTI,fe526e82185bb958b4bef9b1b72a145387a444b8aba1d331f63f143206964452,machine-3c9dca59a50f,2,legacy_input_count_assumed_processed; processing_claims_withheld,7.4921181201934814,323.67348740323587,legacy_recorded_command_scope_unverified,available_input_frames_per_wrapper_elapsed_second,False,False,,"[""accuracy_conditional_on_observed_exports_and_reference_support"",""no_measured_processing_rate_or_realtime_deadline_claim""]","[""historical_dirty_runner_bytes_and_some_native_build_linkage_unavailable"",""recorded_profile_comparison_not_author_paper_reproduction_or_optimality""]",,False,0,blocked,"Recorded observations may be usable, but calibration/reference or execution evidence does not verify this experiment.","[""horti_exact_reference_origin_timing_unresolved"",""horti_february_reference_generation_origin_and_timestamp_linkage_unresolved""]",True,success,True,False,False,unreviewed,historical recorded profile,,,recorded_estimator_export,unreviewed,,,,,,,configured log-pattern matches; absence does not prove no failure; loop matches do not certify accepted/correct closures,
hortimulti,strawberry03,agricultural,basalt,vio,True,False,3,default,ok,3,10.007445545596081,640,480,242.219654252,2425,100.0,,,242.21965432167053,100.0,2419,0.6771861633195965,1.0892812275367982,0.2916624497117946,0.4857613005506257,,,1.0336653741743946,3.3665374174394636,,,,,,,,,,,,0,,,max_throughput,2425,,,2425,,,,7.51116156578064,,,,,,322.8528608741181,10.011574026852387,32.247962209357226,,,7.51116156578064,,,process_tree,66.8,953.6,1052.9,74.0,86.2,0.0,0.0,0.0,0.0,0.520617734457411,0.9525829201792915,4,4,global_se3,Intel(R) Core(TM) Ultra 9 285K,NVIDIA GeForce RTX 4090,1.016779983049521,raw_reference_interpolated_at_observed_estimates,results/vio/hortimulti/strawberry03/basalt/run3,results/vio/hortimulti/strawberry03/basalt/run3/run_eval.json,0ebf0138550eea069538aba59df2634dc3343d6acc728f370715e70b44fd5004,superseded_calibration_cohort,True,True,exited_zero,0,blocked,"[""horti_february_reference_generation_origin_and_timestamp_linkage_unresolved""]",False,se3,0.6771861633195965,provisional_sensor_origin,False,poses,100.0,99.75257731958763,100.0,,,0.044148040509731284,0.02397977379890737,custom overlapping reference-distance windows; not KITTI,fe526e82185bb958b4bef9b1b72a145387a444b8aba1d331f63f143206964452,machine-3c9dca59a50f,2,legacy_input_count_assumed_processed; processing_claims_withheld,7.51116156578064,322.8528608741181,legacy_recorded_command_scope_unverified,available_input_frames_per_wrapper_elapsed_second,False,False,,"[""accuracy_conditional_on_observed_exports_and_reference_support"",""no_measured_processing_rate_or_realtime_deadline_claim""]","[""historical_dirty_runner_bytes_and_some_native_build_linkage_unavailable"",""recorded_profile_comparison_not_author_paper_reproduction_or_optimality""]",,False,0,blocked,"Recorded observations may be usable, but calibration/reference or execution evidence does not verify this experiment.","[""horti_exact_reference_origin_timing_unresolved"",""horti_february_reference_generation_origin_and_timestamp_linkage_unresolved""]",True,success,True,False,False,unreviewed,historical recorded profile,,,recorded_estimator_export,unreviewed,,,,,,,configured log-pattern matches; absence does not prove no failure; loop matches do not certify accepted/correct closures,
hortimulti,strawberry03,agricultural,okvis2,vio,True,False,1,default,ok,3,10.007445545596081,640,480,242.219654252,2425,99.93658983962646,,,242.06606245040894,99.93658983962646,2419,0.6675090159008801,1.088634921231948,0.16281880616978747,0.2776203144098121,,,1.0357269866719157,3.572698667191565,,,,,,,,,,,0,0,,True,max_throughput,2425,,,2423,,,,122.45929384231567,,,,,,19.802498641896005,10.009664202706606,1.977960567317691,,,122.45929384231567,,,process_tree,241.7,198.1,211.0,505.2,600.5,0.0,0.0,0.0,0.0,0.5043330119717386,0.9393521041488884,4,4,global_se3,Intel(R) Core(TM) Ultra 9 285K,NVIDIA GeForce RTX 4090,1.0427437444678682,raw_reference_interpolated_at_observed_estimates,results/vio/hortimulti/strawberry03/okvis2/run1,results/vio/hortimulti/strawberry03/okvis2/run1/run_eval.json,3b6a186fe461e056f92e96e0c4eea9888eb3dd0739f4f137ba91b03ec4172ae9,superseded_calibration_cohort,True,True,exited_zero,0,rerun_required,"[""horti_camera_imu_time_offset_uncompensated"",""horti_february_reference_generation_origin_and_timestamp_linkage_unresolved""]",False,se3,0.6675090159008801,provisional_sensor_origin,False,poses,99.91752577319588,99.75257731958763,100.0,,,0.045197362859900454,0.02456263527469097,custom overlapping reference-distance windows; not KITTI,fe526e82185bb958b4bef9b1b72a145387a444b8aba1d331f63f143206964452,machine-3c9dca59a50f,2,legacy_input_count_assumed_processed; processing_claims_withheld,122.45929384231567,19.802498641896005,legacy_recorded_command_scope_unverified,available_input_frames_per_wrapper_elapsed_second,False,False,,"[""accuracy_conditional_on_observed_exports_and_reference_support"",""no_measured_processing_rate_or_realtime_deadline_claim""]","[""historical_dirty_runner_bytes_and_some_native_build_linkage_unavailable"",""recorded_profile_comparison_not_author_paper_reproduction_or_optimality""]",,False,0,invalid_setup,Confirmed estimator-side setup defect in the completed audit.,"[""horti_camera_imu_time_offset_uncompensated"",""horti_february_reference_generation_origin_and_timestamp_linkage_unresolved""]",True,success,True,False,False,unreviewed,historical recorded profile,,,recorded_estimator_export,unreviewed,,,,,,,configured log-pattern matches; absence does not prove no failure; loop matches do not certify accepted/correct closures,
hortimulti,strawberry03,agricultural,okvis2,vio,True,False,2,default,ok,3,10.007445545596081,640,480,242.219654252,2425,99.93658983962646,,,242.06606245040894,99.93658983962646,2419,0.6832094368126052,1.0737761629393658,0.26971681324443025,0.41419995660410786,,,1.0346084311482182,3.460843114821821,,,,,,,,,,,0,0,,True,max_throughput,2425,,,2423,,,,122.03266954421997,,,,,,19.871727866456883,10.009664202706606,1.9848754864278324,,,122.03266954421997,,,process_tree,241.0,199.1,220.0,497.8,592.9,0.0,0.0,0.0,0.0,0.5382123772987975,0.9564182711940407,4,4,global_se3,Intel(R) Core(TM) Ultra 9 285K,NVIDIA GeForce RTX 4090,0.99355015072466,raw_reference_interpolated_at_observed_estimates,results/vio/hortimulti/strawberry03/okvis2/run2,results/vio/hortimulti/strawberry03/okvis2/run2/run_eval.json,3b6a186fe461e056f92e96e0c4eea9888eb3dd0739f4f137ba91b03ec4172ae9,superseded_calibration_cohort,True,True,exited_zero,0,rerun_required,"[""horti_camera_imu_time_offset_uncompensated"",""horti_february_reference_generation_origin_and_timestamp_linkage_unresolved""]",False,se3,0.6832094368126052,provisional_sensor_origin,False,poses,99.91752577319588,99.75257731958763,100.0,,,0.04477418251195469,0.024958418183527443,custom overlapping reference-distance windows; not KITTI,fe526e82185bb958b4bef9b1b72a145387a444b8aba1d331f63f143206964452,machine-3c9dca59a50f,2,legacy_input_count_assumed_processed; processing_claims_withheld,122.03266954421997,19.871727866456883,legacy_recorded_command_scope_unverified,available_input_frames_per_wrapper_elapsed_second,False,False,,"[""accuracy_conditional_on_observed_exports_and_reference_support"",""no_measured_processing_rate_or_realtime_deadline_claim""]","[""historical_dirty_runner_bytes_and_some_native_build_linkage_unavailable"",""recorded_profile_comparison_not_author_paper_reproduction_or_optimality""]",,False,0,invalid_setup,Confirmed estimator-side setup defect in the completed audit.,"[""horti_camera_imu_time_offset_uncompensated"",""horti_february_reference_generation_origin_and_timestamp_linkage_unresolved""]",True,success,True,False,False,unreviewed,historical recorded profile,,,recorded_estimator_export,unreviewed,,,,,,,configured log-pattern matches; absence does not prove no failure; loop matches do not certify accepted/correct closures,
hortimulti,strawberry03,agricultural,okvis2,vio,True,False,3,default,ok,3,10.007445545596081,640,480,242.219654252,2425,99.93658983962646,,,242.06606245040894,99.93658983962646,2419,0.6729398778852604,1.08376609603666,0.15890112771585735,0.367441724553959,,,1.0361022089144527,3.6102208914452705,,,,,,,,,,,0,0,,True,max_throughput,2425,,,2423,,,,123.78991293907166,,,,,,19.589641372423976,10.009664202706606,1.956699448047023,,,123.78991293907166,,,process_tree,241.8,196.5,221.0,504.8,600.9,0.0,0.0,0.0,0.0,0.5123762404305001,0.953969208021689,4,4,global_se3,Intel(R) Core(TM) Ultra 9 285K,NVIDIA GeForce RTX 4090,1.0067668719754204,raw_reference_interpolated_at_observed_estimates,results/vio/hortimulti/strawberry03/okvis2/run3,results/vio/hortimulti/strawberry03/okvis2/run3/run_eval.json,3b6a186fe461e056f92e96e0c4eea9888eb3dd0739f4f137ba91b03ec4172ae9,superseded_calibration_cohort,True,True,exited_zero,0,rerun_required,"[""horti_camera_imu_time_offset_uncompensated"",""horti_february_reference_generation_origin_and_timestamp_linkage_unresolved""]",False,se3,0.6729398778852604,provisional_sensor_origin,False,poses,99.91752577319588,99.75257731958763,100.0,,,0.04501197151647835,0.024843321701888146,custom overlapping reference-distance windows; not KITTI,fe526e82185bb958b4bef9b1b72a145387a444b8aba1d331f63f143206964452,machine-3c9dca59a50f,2,legacy_input_count_assumed_processed; processing_claims_withheld,123.78991293907166,19.589641372423976,legacy_recorded_command_scope_unverified,available_input_frames_per_wrapper_elapsed_second,False,False,,"[""accuracy_conditional_on_observed_exports_and_reference_support"",""no_measured_processing_rate_or_realtime_deadline_claim""]","[""historical_dirty_runner_bytes_and_some_native_build_linkage_unavailable"",""recorded_profile_comparison_not_author_paper_reproduction_or_optimality""]",,False,0,invalid_setup,Confirmed estimator-side setup defect in the completed audit.,"[""horti_camera_imu_time_offset_uncompensated"",""horti_february_reference_generation_origin_and_timestamp_linkage_unresolved""]",True,success,True,False,False,unreviewed,historical recorded profile,,,recorded_estimator_export,unreviewed,,,,,,,configured log-pattern matches; absence does not prove no failure; loop matches do not certify accepted/correct closures,
hortimulti,strawberry03,agricultural,okvis2x,vio,True,False,1,default,ok,3,10.007445545596081,640,480,242.219654252,2425,99.93658983962646,,,242.06606245040894,99.93658983962646,2419,0.6726432200072122,1.1362766393385622,0.14469654437638232,0.27941966044778516,,,1.036272781486263,3.6272781486262895,,,,,,,,,,,0,0,,True,max_throughput,2425,,,2423,,,,119.05306506156921,,,,,,20.36906818607226,10.009664202706606,2.0345520226329725,,,119.05306506156921,,,process_tree,226.3,191.7,206.0,603.3,815.0,0.0,0.0,0.0,0.0,0.5137738823872124,0.9501271268685363,4,4,global_se3,Intel(R) Core(TM) Ultra 9 285K,NVIDIA GeForce RTX 4090,1.0196900058125133,raw_reference_interpolated_at_observed_estimates,results/vio/hortimulti/strawberry03/okvis2x/run1,results/vio/hortimulti/strawberry03/okvis2x/run1/run_eval.json,b83ceab6919b0d6d14cc38ffe4113b670f2850f014d69ba485bb48abe789e9af,superseded_calibration_cohort,True,True,exited_zero,0,rerun_required,"[""horti_camera_imu_time_offset_uncompensated"",""horti_february_reference_generation_origin_and_timestamp_linkage_unresolved""]",False,se3,0.6726432200072122,provisional_sensor_origin,False,poses,99.91752577319588,99.75257731958763,100.0,,,0.04586144164680827,0.02531472792883982,custom overlapping reference-distance windows; not KITTI,fe526e82185bb958b4bef9b1b72a145387a444b8aba1d331f63f143206964452,machine-3c9dca59a50f,2,legacy_input_count_assumed_processed; processing_claims_withheld,119.05306506156921,20.36906818607226,legacy_recorded_command_scope_unverified,available_input_frames_per_wrapper_elapsed_second,False,False,,"[""accuracy_conditional_on_observed_exports_and_reference_support"",""no_measured_processing_rate_or_realtime_deadline_claim""]","[""historical_dirty_runner_bytes_and_some_native_build_linkage_unavailable"",""recorded_profile_comparison_not_author_paper_reproduction_or_optimality""]",,False,0,invalid_setup,Confirmed estimator-side setup defect in the completed audit.,"[""horti_camera_imu_time_offset_uncompensated"",""horti_february_reference_generation_origin_and_timestamp_linkage_unresolved""]",True,success,True,False,False,unreviewed,historical recorded profile,,,recorded_estimator_export,unreviewed,,,,,,,configured log-pattern matches; absence does not prove no failure; loop matches do not certify accepted/correct closures,
hortimulti,strawberry03,agricultural,okvis2x,vio,True,False,2,default,ok,3,10.007445545596081,640,480,242.219654252,2425,99.93658983962646,,,242.06606245040894,99.93658983962646,2419,0.6865063979788345,1.1151122091241925,0.18825353272315098,0.36672083399370986,,,1.0364621398161877,3.6462139816187733,,,,,,,,,,,0,0,,True,max_throughput,2425,,,2423,,,,119.42679929733276,,,,,,20.30532522237795,10.009664202706606,2.0281850953622618,,,119.42679929733276,,,process_tree,225.2,189.2,202.0,604.8,813.7,0.0,0.0,0.0,0.0,0.5154930715038143,0.9755186997277056,4,4,global_se3,Intel(R) Core(TM) Ultra 9 285K,NVIDIA GeForce RTX 4090,1.0673304524403664,raw_reference_interpolated_at_observed_estimates,results/vio/hortimulti/strawberry03/okvis2x/run2,results/vio/hortimulti/strawberry03/okvis2x/run2/run_eval.json,b83ceab6919b0d6d14cc38ffe4113b670f2850f014d69ba485bb48abe789e9af,superseded_calibration_cohort,True,True,exited_zero,0,rerun_required,"[""horti_camera_imu_time_offset_uncompensated"",""horti_february_reference_generation_origin_and_timestamp_linkage_unresolved""]",False,se3,0.6865063979788345,provisional_sensor_origin,False,poses,99.91752577319588,99.75257731958763,100.0,,,0.04586279561714818,0.02546161848407853,custom overlapping reference-distance windows; not KITTI,fe526e82185bb958b4bef9b1b72a145387a444b8aba1d331f63f143206964452,machine-3c9dca59a50f,2,legacy_input_count_assumed_processed; processing_claims_withheld,119.42679929733276,20.30532522237795,legacy_recorded_command_scope_unverified,available_input_frames_per_wrapper_elapsed_second,False,False,,"[""accuracy_conditional_on_observed_exports_and_reference_support"",""no_measured_processing_rate_or_realtime_deadline_claim""]","[""historical_dirty_runner_bytes_and_some_native_build_linkage_unavailable"",""recorded_profile_comparison_not_author_paper_reproduction_or_optimality""]",,False,0,invalid_setup,Confirmed estimator-side setup defect in the completed audit.,"[""horti_camera_imu_time_offset_uncompensated"",""horti_february_reference_generation_origin_and_timestamp_linkage_unresolved""]",True,success,True,False,False,unreviewed,historical recorded profile,,,recorded_estimator_export,unreviewed,,,,,,,configured log-pattern matches; absence does not prove no failure; loop matches do not certify accepted/correct closures,
hortimulti,strawberry03,agricultural,okvis2x,vio,True,False,3,default,ok,3,10.007445545596081,640,480,242.219654252,2425,99.93658983962646,,,242.06606245040894,99.93658983962646,2419,0.6947209233975928,1.149612567491654,0.21212109209664692,0.7429381710599313,,,1.0365401902167737,3.6540190216773683,,,,,,,,,,,0,0,,True,max_throughput,2425,,,2423,,,,119.40037178993225,,,,,,20.309819505976396,10.009664202706606,2.0286340041538655,,,119.40037178993225,,,process_tree,226.4,190.2,204.0,603.5,811.9,0.0,0.0,0.0,0.0,0.5584983179361358,0.9522275150266977,4,4,global_se3,Intel(R) Core(TM) Ultra 9 285K,NVIDIA GeForce RTX 4090,0.990284957804076,raw_reference_interpolated_at_observed_estimates,results/vio/hortimulti/strawberry03/okvis2x/run3,results/vio/hortimulti/strawberry03/okvis2x/run3/run_eval.json,b83ceab6919b0d6d14cc38ffe4113b670f2850f014d69ba485bb48abe789e9af,superseded_calibration_cohort,True,True,exited_zero,0,rerun_required,"[""horti_camera_imu_time_offset_uncompensated"",""horti_february_reference_generation_origin_and_timestamp_linkage_unresolved""]",False,se3,0.6947209233975928,provisional_sensor_origin,False,poses,99.91752577319588,99.75257731958763,100.0,,,0.045292757247475626,0.02476356832966256,custom overlapping reference-distance windows; not KITTI,fe526e82185bb958b4bef9b1b72a145387a444b8aba1d331f63f143206964452,machine-3c9dca59a50f,2,legacy_input_count_assumed_processed; processing_claims_withheld,119.40037178993225,20.309819505976396,legacy_recorded_command_scope_unverified,available_input_frames_per_wrapper_elapsed_second,False,False,,"[""accuracy_conditional_on_observed_exports_and_reference_support"",""no_measured_processing_rate_or_realtime_deadline_claim""]","[""historical_dirty_runner_bytes_and_some_native_build_linkage_unavailable"",""recorded_profile_comparison_not_author_paper_reproduction_or_optimality""]",,False,0,invalid_setup,Confirmed estimator-side setup defect in the completed audit.,"[""horti_camera_imu_time_offset_uncompensated"",""horti_february_reference_generation_origin_and_timestamp_linkage_unresolved""]",True,success,True,False,False,unreviewed,historical recorded profile,,,recorded_estimator_export,unreviewed,,,,,,,configured log-pattern matches; absence does not prove no failure; loop matches do not certify accepted/correct closures,
hortimulti,strawberry03,agricultural,openvins,vio,True,False,1,default,ok,3,10.007445545596081,640,480,242.219654252,2425,98.78125725111519,,,239.26761984825134,98.78125725111519,2389,0.6715159837357626,1.2039027710392967,0.4333757776083254,1.0576746230946314,,,1.0282373853900435,2.82373853900435,,,,,,,,,,,,0,0,True,,,,,,,,,,,,,,,,,,,,,,,process_tree+container,93.0,37.3,49.0,441.7,459.6,0.0,0.0,0.0,0.0,0.5453328305851548,0.9167528475801381,4,4,global_se3,Intel(R) Core(TM) Ultra 9 285K,NVIDIA GeForce RTX 4090,0.7905185695090582,raw_reference_interpolated_at_observed_estimates,results/vio/hortimulti/strawberry03/openvins/run1,results/vio/hortimulti/strawberry03/openvins/run1/run_eval.json,1c955198923325c661966c833fed4ac55045231b1023acc7dcefeaa98acfc779,superseded_calibration_cohort,True,True,exited_nonzero,134,blocked,"[""horti_february_reference_generation_origin_and_timestamp_linkage_unresolved""]",False,se3,0.6715159837357626,provisional_sensor_origin,False,poses,98.63917525773196,98.51546391752578,98.75981810665564,,,0.04940224606881406,0.03545014777618029,custom overlapping reference-distance windows; not KITTI,fe526e82185bb958b4bef9b1b72a145387a444b8aba1d331f63f143206964452,machine-3c9dca59a50f,,,,,,,False,False,,"[""accuracy_conditional_on_observed_exports_and_reference_support"",""no_measured_processing_rate_or_realtime_deadline_claim""]","[""historical_dirty_runner_bytes_and_some_native_build_linkage_unavailable"",""recorded_profile_comparison_not_author_paper_reproduction_or_optimality""]",,False,1,blocked,"Recorded observations may be usable, but calibration/reference or execution evidence does not verify this experiment.","[""horti_exact_reference_origin_timing_unresolved"",""horti_february_reference_generation_origin_and_timestamp_linkage_unresolved""]",True,failure_with_saved_trajectory,False,True,False,unreviewed,historical recorded profile,,,recorded_estimator_export,unreviewed,,,,,,,configured log-pattern matches; absence does not prove no failure; loop matches do not certify accepted/correct closures,
hortimulti,strawberry03,agricultural,orbslam3,vio,True,False,1,default,ok,3,10.007445545596081,640,480,242.219654252,2425,99.93658983962646,,,242.06606245040894,99.93658983962646,2419,0.8271303929936756,1.938384122571463,0.4969885708549962,1.5818334748697722,,,1.0365296362492646,3.652963624926464,,,,,,,,,,,0,0,0,True,paced,2425,,,2423,,,,273.64216208457947,,,,,,8.861938458337653,10.009664202706606,0.8851693484529748,,,273.64216208457947,,,process_tree,217.4,79.6,112.0,1139.2,1604.6,0.0,0.0,0.0,0.0,0.7313364948500568,1.0060243677356189,4,4,global_se3,Intel(R) Core(TM) Ultra 9 285K,NVIDIA GeForce RTX 4090,0.957273279504139,raw_reference_interpolated_at_observed_estimates,results/vio/hortimulti/strawberry03/orbslam3/run1,results/vio/hortimulti/strawberry03/orbslam3/run1/run_eval.json,bf51821f29e77b1c4c2ba424181e78232c29af6311b1e41a6696220db143bff1,superseded_calibration_cohort,True,True,exited_zero,0,rerun_required,"[""historical_orb_loaded_library_abi_unknown"",""horti_camera_imu_time_offset_uncompensated"",""horti_february_reference_generation_origin_and_timestamp_linkage_unresolved""]",False,se3,0.8271303929936756,provisional_sensor_origin,False,poses,99.91752577319588,99.75257731958763,100.0,,,0.04577149164863853,0.024757488312586104,custom overlapping reference-distance windows; not KITTI,fe526e82185bb958b4bef9b1b72a145387a444b8aba1d331f63f143206964452,machine-3c9dca59a50f,2,legacy_input_count_assumed_processed; processing_claims_withheld,,,,available_input_frames_per_wrapper_elapsed_second,False,False,,"[""accuracy_conditional_on_observed_exports_and_reference_support"",""historical_orb_loaded_library_abi_unknown"",""no_measured_processing_rate_or_realtime_deadline_claim""]","[""historical_dirty_runner_bytes_and_some_native_build_linkage_unavailable"",""recorded_profile_comparison_not_author_paper_reproduction_or_optimality""]",,False,0,invalid_setup,Confirmed estimator-side setup defect in the completed audit.,"[""horti_camera_imu_time_offset_uncompensated"",""horti_february_reference_generation_origin_and_timestamp_linkage_unresolved""]",True,success,True,False,False,unreviewed,historical recorded profile,,,recorded_estimator_export,partial,False,partial,0,0,0,1,"configured log-pattern matches; absence does not prove no failure; loop matches do not certify accepted/correct closures; ORB tracking_losses includes recoverable local-map failure messages, not unique lost episodes; map_resets counts explicit Tracking resets only; local mapping/init reset messages are separate overlapping observations",docs/campaigns/log-observation-review-20261002.json
hortimulti,strawberry03,agricultural,orbslam3,vio,True,False,2,default,ok,3,10.007445545596081,640,480,242.219654252,2425,99.93658983962646,,,242.06606245040894,99.93658983962646,2419,0.8241180984313563,1.8340376576601631,0.4325332338826914,1.4627924137590098,,,1.03884024877551,3.8840248775509956,,,,,,,,,,,0,0,0,True,paced,2425,,,2423,,,,265.26168394088745,,,,,,9.141915877079336,10.009664202706606,0.9131347231274014,,,265.26168394088745,,,process_tree,215.5,81.3,113.0,1138.3,1599.2,0.0,0.0,0.0,0.0,0.7024358699822726,1.0369732630830941,4,4,global_se3,Intel(R) Core(TM) Ultra 9 285K,NVIDIA GeForce RTX 4090,1.0838906624367899,raw_reference_interpolated_at_observed_estimates,results/vio/hortimulti/strawberry03/orbslam3/run2,results/vio/hortimulti/strawberry03/orbslam3/run2/run_eval.json,bf51821f29e77b1c4c2ba424181e78232c29af6311b1e41a6696220db143bff1,superseded_calibration_cohort,True,True,exited_zero,0,rerun_required,"[""historical_orb_loaded_library_abi_unknown"",""horti_camera_imu_time_offset_uncompensated"",""horti_february_reference_generation_origin_and_timestamp_linkage_unresolved""]",False,se3,0.8241180984313563,provisional_sensor_origin,False,poses,99.91752577319588,99.75257731958763,100.0,,,0.04654599218132325,0.0239285469747838,custom overlapping reference-distance windows; not KITTI,fe526e82185bb958b4bef9b1b72a145387a444b8aba1d331f63f143206964452,machine-3c9dca59a50f,2,legacy_input_count_assumed_processed; processing_claims_withheld,,,,available_input_frames_per_wrapper_elapsed_second,False,False,,"[""accuracy_conditional_on_observed_exports_and_reference_support"",""historical_orb_loaded_library_abi_unknown"",""no_measured_processing_rate_or_realtime_deadline_claim""]","[""historical_dirty_runner_bytes_and_some_native_build_linkage_unavailable"",""recorded_profile_comparison_not_author_paper_reproduction_or_optimality""]",,False,0,invalid_setup,Confirmed estimator-side setup defect in the completed audit.,"[""horti_camera_imu_time_offset_uncompensated"",""horti_february_reference_generation_origin_and_timestamp_linkage_unresolved""]",True,success,True,False,False,unreviewed,historical recorded profile,,,recorded_estimator_export,partial,False,partial,0,0,0,1,"configured log-pattern matches; absence does not prove no failure; loop matches do not certify accepted/correct closures; ORB tracking_losses includes recoverable local-map failure messages, not unique lost episodes; map_resets counts explicit Tracking resets only; local mapping/init reset messages are separate overlapping observations",docs/campaigns/log-observation-review-20261002.json
hortimulti,strawberry03,agricultural,orbslam3,vio,True,False,3,default,ok,3,10.007445545596081,640,480,242.219654252,2425,99.93658983962646,,,242.06606245040894,99.93658983962646,2419,0.8516231374427553,1.999849731267153,0.5060096473973558,1.682335101293397,,,1.03789621728727,3.7896217287270106,,,,,,,,,,,0,0,0,True,paced,2425,,,2423,,,,265.2794153690338,,,,,,9.141304826183175,10.009664202706606,0.9130736886792195,,,265.2794153690338,,,process_tree,217.3,82.0,117.0,1144.5,1607.2,0.0,0.0,0.0,0.0,0.7278091701434876,1.0602689970908623,4,4,global_se3,Intel(R) Core(TM) Ultra 9 285K,NVIDIA GeForce RTX 4090,1.1146712306311244,raw_reference_interpolated_at_observed_estimates,results/vio/hortimulti/strawberry03/orbslam3/run3,results/vio/hortimulti/strawberry03/orbslam3/run3/run_eval.json,bf51821f29e77b1c4c2ba424181e78232c29af6311b1e41a6696220db143bff1,superseded_calibration_cohort,True,True,exited_zero,0,rerun_required,"[""historical_orb_loaded_library_abi_unknown"",""horti_camera_imu_time_offset_uncompensated"",""horti_february_reference_generation_origin_and_timestamp_linkage_unresolved""]",False,se3,0.8516231374427553,provisional_sensor_origin,False,poses,99.91752577319588,99.75257731958763,100.0,,,0.04525208413996224,0.024163892290201973,custom overlapping reference-distance windows; not KITTI,fe526e82185bb958b4bef9b1b72a145387a444b8aba1d331f63f143206964452,machine-3c9dca59a50f,2,legacy_input_count_assumed_processed; processing_claims_withheld,,,,available_input_frames_per_wrapper_elapsed_second,False,False,,"[""accuracy_conditional_on_observed_exports_and_reference_support"",""historical_orb_loaded_library_abi_unknown"",""no_measured_processing_rate_or_realtime_deadline_claim""]","[""historical_dirty_runner_bytes_and_some_native_build_linkage_unavailable"",""recorded_profile_comparison_not_author_paper_reproduction_or_optimality""]",,False,0,invalid_setup,Confirmed estimator-side setup defect in the completed audit.,"[""horti_camera_imu_time_offset_uncompensated"",""horti_february_reference_generation_origin_and_timestamp_linkage_unresolved""]",True,success,True,False,False,unreviewed,historical recorded profile,,,recorded_estimator_export,partial,False,partial,0,0,0,1,"configured log-pattern matches; absence does not prove no failure; loop matches do not certify accepted/correct closures; ORB tracking_losses includes recoverable local-map failure messages, not unique lost episodes; map_resets counts explicit Tracking resets only; local mapping/init reset messages are separate overlapping observations",docs/campaigns/log-observation-review-20261002.json
hortimulti,strawberry03,agricultural,voxel_svio,vio,True,False,1,default,ok,3,10.007445545596081,640,480,242.219654252,2425,99.10936152890842,,,240.0623528957367,99.10936152890842,2400,0.7390703135720197,1.4073365664290802,0.43029101357207583,1.1458460007894662,,,1.0331897359295728,3.318973592957275,,,,,,,,,,,,,,,transport,2425,,2425,2403,,0,,254.47835445404053,,,,,,9.52929770865035,10.009899390778967,0.9518281224402371,,,254.47835445404053,,,container,160.7,46.4,74.0,669.7,694.2,0.0,0.0,0.0,0.0,0.5980356775663858,0.9819292565736057,4,4,global_se3,Intel(R) Core(TM) Ultra 9 285K,NVIDIA GeForce RTX 4090,1.0443384454024307,raw_reference_interpolated_at_observed_estimates,results/vio/hortimulti/strawberry03/voxel_svio/run1,results/vio/hortimulti/strawberry03/voxel_svio/run1/run_eval.json,615143d25e1c76579b8f4752b4e03c1f05567302e862c0b6d47b1ea8299bd5f3,superseded_calibration_cohort,True,True,exited_zero,0,blocked,"[""reviewed_evidence_changed:datasets/hortimulti/strawberry03/mav0/imu0/data.csv""]",False,se3,0.7390703135720197,provisional_sensor_origin,False,poses,99.09278350515464,98.96907216494846,99.21455146754857,,,0.04613459296840873,0.028300528581168948,custom overlapping reference-distance windows; not KITTI,fe526e82185bb958b4bef9b1b72a145387a444b8aba1d331f63f143206964452,machine-3c9dca59a50f,2,,,,,available_input_frames_per_wrapper_elapsed_second,False,False,,[],[],,False,0,blocked,stale_review,"[""reviewed_evidence_changed:datasets/hortimulti/strawberry03/mav0/imu0/data.csv""]",True,success,True,False,False,unreviewed,recorded historical implementation,,,recorded_estimator_export,unreviewed,,,,,,,configured log-pattern matches; absence does not prove no failure; loop matches do not certify accepted/correct closures,
hortimulti,strawberry03,agricultural,voxel_svio,vio,True,False,2,default,ok,3,10.007445545596081,640,480,242.219654252,2425,99.10936152890842,,,240.0623528957367,99.10936152890842,2400,0.6941059102068555,1.2159328337697881,0.39064685026046236,0.8390613136086185,,,1.0316409168724772,3.1640916872477165,,,,,,,,,,,,,,,transport,2425,,2425,2403,,0,,254.49074292182922,,,,,,9.528833827739174,10.009899390778967,0.9517817879767518,,,254.49074292182922,,,container,152.4,43.2,52.0,669.2,694.0,0.0,0.0,0.0,0.0,0.5616074608744304,0.92927769386064,4,4,global_se3,Intel(R) Core(TM) Ultra 9 285K,NVIDIA GeForce RTX 4090,0.9577954696083626,raw_reference_interpolated_at_observed_estimates,results/vio/hortimulti/strawberry03/voxel_svio/run2,results/vio/hortimulti/strawberry03/voxel_svio/run2/run_eval.json,615143d25e1c76579b8f4752b4e03c1f05567302e862c0b6d47b1ea8299bd5f3,superseded_calibration_cohort,True,True,exited_zero,0,blocked,"[""reviewed_evidence_changed:datasets/hortimulti/strawberry03/mav0/imu0/data.csv""]",False,se3,0.6941059102068555,provisional_sensor_origin,False,poses,99.09278350515464,98.96907216494846,99.21455146754857,,,0.0453845972259622,0.028560022476192496,custom overlapping reference-distance windows; not KITTI,fe526e82185bb958b4bef9b1b72a145387a444b8aba1d331f63f143206964452,machine-3c9dca59a50f,2,,,,,available_input_frames_per_wrapper_elapsed_second,False,False,,[],[],,False,0,blocked,stale_review,"[""reviewed_evidence_changed:datasets/hortimulti/strawberry03/mav0/imu0/data.csv""]",True,success,True,False,False,unreviewed,recorded historical implementation,,,recorded_estimator_export,unreviewed,,,,,,,configured log-pattern matches; absence does not prove no failure; loop matches do not certify accepted/correct closures,
hortimulti,strawberry03,agricultural,voxel_svio,vio,True,False,3,default,ok,3,10.007445545596081,640,480,242.219654252,2425,99.10936152890842,,,240.0623528957367,99.10936152890842,2400,0.633538446773711,1.1577902993938984,0.26058073895519046,0.8309756442409099,,,1.031849027075615,3.18490270756151,,,,,,,,,,,,,,,transport,2425,,2425,2403,,0,,254.453941822052,,,,,,9.530211961486854,10.009899390778967,0.9519194420303486,,,254.453941822052,,,container,155.2,44.3,71.0,670.8,695.4,0.0,0.0,0.0,0.0,0.5187254697273787,0.8559285647817532,4,4,global_se3,Intel(R) Core(TM) Ultra 9 285K,NVIDIA GeForce RTX 4090,0.8305297573366363,raw_reference_interpolated_at_observed_estimates,results/vio/hortimulti/strawberry03/voxel_svio/run3,results/vio/hortimulti/strawberry03/voxel_svio/run3/run_eval.json,615143d25e1c76579b8f4752b4e03c1f05567302e862c0b6d47b1ea8299bd5f3,superseded_calibration_cohort,True,True,exited_zero,0,blocked,"[""reviewed_evidence_changed:datasets/hortimulti/strawberry03/mav0/imu0/data.csv""]",False,se3,0.633538446773711,provisional_sensor_origin,False,poses,99.09278350515464,98.96907216494846,99.21455146754857,,,0.044510948471364616,0.027776415156020685,custom overlapping reference-distance windows; not KITTI,fe526e82185bb958b4bef9b1b72a145387a444b8aba1d331f63f143206964452,machine-3c9dca59a50f,2,,,,,available_input_frames_per_wrapper_elapsed_second,False,False,,[],[],,False,0,blocked,stale_review,"[""reviewed_evidence_changed:datasets/hortimulti/strawberry03/mav0/imu0/data.csv""]",True,success,True,False,False,unreviewed,recorded historical implementation,,,recorded_estimator_export,unreviewed,,,,,,,configured log-pattern matches; absence does not prove no failure; loop matches do not certify accepted/correct closures,
rosariov2,sequence1,agricultural,airslam,vio,True,False,1,default,ok,3,14.695566858035143,1280,720,940.419660807,13821,,,,936.2149012088776,99.55288476272692,3198,37.925115493331404,80.03929824553764,34.98494553534156,71.88060842131473,,,0.6847193809347284,31.52806190652716,0.3492892634143405,0.04437302737351542,0.46437405383852304,3.91036308403105,14.058480156062172,19.605885051115237,,,,,0,,,,max_throughput,13821,,,3199,,,,345.6402163505554,,,,,,39.98666632583767,3.4169505269242406,2.7208050924631495,,,345.6402163505554,,,container,975.4,270.8,384.0,2203.7,3482.9,3189.1,3248.0,17.3,26.0,38.931393179493696,45.428467913343574,13,14,global_se3,Intel(R) Core(TM) Ultra 9 285K,NVIDIA GeForce RTX 4090,58.06660175640498,raw_reference_interpolated_at_observed_estimates,results/vio/rosariov2/sequence1/airslam/run1,results/vio/rosariov2/sequence1/airslam/run1/run_eval.json,b061ffff200339a8810568a4cdc824910d8adec98d29d1969a122167c546d7ea,superseded_calibration_cohort,True,True,exited_zero,0,rerun_required,"[""rosario_identity_camera_imu_extrinsic""]",False,se3,37.925115493331404,common_camera_origin,True,keyframes,23.14593734172636,23.138701975255046,23.26664241542379,,,0.03189712411768843,0.34835535351143615,custom overlapping reference-distance windows; not KITTI,fe526e82185bb958b4bef9b1b72a145387a444b8aba1d331f63f143206964452,machine-3c9dca59a50f,2,legacy_input_count_assumed_processed; processing_claims_withheld,345.6402163505554,39.98666632583767,legacy_recorded_command_scope_unverified,available_input_frames_per_wrapper_elapsed_second,False,False,,"[""accuracy_conditional_on_observed_exports_and_reference_support"",""fused_stereo_imu_ppk_reference_not_independent_ground_truth"",""no_measured_processing_rate_or_realtime_deadline_claim"",""rosario_authors_orb_camera_model_accepted_by_decision_20261003_fxb_0p5_to_1pct_below_kalibr""]","[""Rosario camera model: the authors' ORB-SLAM3 evaluation profile (recorded image_rect_raw pixels, fx = fy = 648.862 px, baseline 0.0497337 m) is used for every Rosario row by decision of 2026-10-03; it is 0.5-1 % low in fx*b versus the authors Kalibr/URDF model (disclosed, not corrected)"",""historical_dirty_runner_bytes_and_some_native_build_linkage_unavailable"",""recorded_profile_comparison_not_author_paper_reproduction_or_optimality""]",,False,0,invalid_setup,Confirmed estimator-side setup defect (docs/campaigns/rerun-findings-20261003.json); the camera-model review is settled by the 2026-10-03 decision,"[""rosario_identity_camera_imu_extrinsic""]",True,success,True,False,False,unreviewed,recorded historical implementation,,,recorded_estimator_export,unreviewed,,,,,,,configured log-pattern matches; absence does not prove no failure; loop matches do not certify accepted/correct closures,
rosariov2,sequence1,agricultural,airslam,vio,True,False,2,default,ok,3,14.695566858035143,1280,720,940.419660807,13821,,,,936.2149012088776,99.55288476272692,3198,38.69255059164137,81.66247997589565,35.50841862048856,72.79922970673178,,,0.6700309255021449,32.9969074497855,0.3643648008672324,0.04452915571004954,0.46589063263391195,3.931767649540559,14.111012169750962,19.653202644398654,,,,,0,,,,max_throughput,13821,,,3199,,,,345.69625210762024,,,,,,39.98018467292299,3.4169505269242406,2.720364062592989,,,345.69625210762024,,,container,975.0,270.7,392.7,2191.5,3461.5,3189.1,3248.0,17.3,23.0,39.59673027666567,46.068828335574324,13,14,global_se3,Intel(R) Core(TM) Ultra 9 285K,NVIDIA GeForce RTX 4090,57.89078907669138,raw_reference_interpolated_at_observed_estimates,results/vio/rosariov2/sequence1/airslam/run2,results/vio/rosariov2/sequence1/airslam/run2/run_eval.json,b061ffff200339a8810568a4cdc824910d8adec98d29d1969a122167c546d7ea,superseded_calibration_cohort,True,True,exited_zero,0,rerun_required,"[""rosario_identity_camera_imu_extrinsic""]",False,se3,38.69255059164137,common_camera_origin,True,keyframes,23.14593734172636,23.138701975255046,23.26664241542379,,,0.0321181135155449,0.3634891004177364,custom overlapping reference-distance windows; not KITTI,fe526e82185bb958b4bef9b1b72a145387a444b8aba1d331f63f143206964452,machine-3c9dca59a50f,2,legacy_input_count_assumed_processed; processing_claims_withheld,345.69625210762024,39.98018467292299,legacy_recorded_command_scope_unverified,available_input_frames_per_wrapper_elapsed_second,False,False,,"[""accuracy_conditional_on_observed_exports_and_reference_support"",""fused_stereo_imu_ppk_reference_not_independent_ground_truth"",""no_measured_processing_rate_or_realtime_deadline_claim"",""rosario_authors_orb_camera_model_accepted_by_decision_20261003_fxb_0p5_to_1pct_below_kalibr""]","[""Rosario camera model: the authors' ORB-SLAM3 evaluation profile (recorded image_rect_raw pixels, fx = fy = 648.862 px, baseline 0.0497337 m) is used for every Rosario row by decision of 2026-10-03; it is 0.5-1 % low in fx*b versus the authors Kalibr/URDF model (disclosed, not corrected)"",""historical_dirty_runner_bytes_and_some_native_build_linkage_unavailable"",""recorded_profile_comparison_not_author_paper_reproduction_or_optimality""]",,False,0,invalid_setup,Confirmed estimator-side setup defect (docs/campaigns/rerun-findings-20261003.json); the camera-model review is settled by the 2026-10-03 decision,"[""rosario_identity_camera_imu_extrinsic""]",True,success,True,False,False,unreviewed,recorded historical implementation,,,recorded_estimator_export,unreviewed,,,,,,,configured log-pattern matches; absence does not prove no failure; loop matches do not certify accepted/correct closures,
rosariov2,sequence1,agricultural,airslam,vio,True,False,3,default,ok,3,14.695566858035143,1280,720,940.419660807,13821,,,,936.2149012088776,99.55288476272692,3198,36.97522893006889,78.12306109433241,34.2501872065557,70.56409198246494,,,0.7005189763091512,29.948102369084882,0.33333261626242733,0.04440212808324631,0.4374961772702738,3.8616707780226864,12.758950670957033,18.874731101205235,,,,,0,,,,max_throughput,13821,,,3199,,,,345.5879349708557,,,,,,39.99271560555365,3.4169505269242406,2.7212167024464087,,,345.5879349708557,,,container,971.6,269.7,386.0,2196.7,3463.4,3188.7,3248.0,17.2,26.0,37.779001965663014,43.9512746622875,13,14,global_se3,Intel(R) Core(TM) Ultra 9 285K,NVIDIA GeForce RTX 4090,56.11435934134728,raw_reference_interpolated_at_observed_estimates,results/vio/rosariov2/sequence1/airslam/run3,results/vio/rosariov2/sequence1/airslam/run3/run_eval.json,b061ffff200339a8810568a4cdc824910d8adec98d29d1969a122167c546d7ea,superseded_calibration_cohort,True,True,exited_zero,0,rerun_required,"[""rosario_identity_camera_imu_extrinsic""]",False,se3,36.97522893006889,common_camera_origin,True,keyframes,23.14593734172636,23.138701975255046,23.26664241542379,,,0.03216967176106191,0.33234693337145305,custom overlapping reference-distance windows; not KITTI,fe526e82185bb958b4bef9b1b72a145387a444b8aba1d331f63f143206964452,machine-3c9dca59a50f,2,legacy_input_count_assumed_processed; processing_claims_withheld,345.5879349708557,39.99271560555365,legacy_recorded_command_scope_unverified,available_input_frames_per_wrapper_elapsed_second,False,False,,"[""accuracy_conditional_on_observed_exports_and_reference_support"",""fused_stereo_imu_ppk_reference_not_independent_ground_truth"",""no_measured_processing_rate_or_realtime_deadline_claim"",""rosario_authors_orb_camera_model_accepted_by_decision_20261003_fxb_0p5_to_1pct_below_kalibr""]","[""Rosario camera model: the authors' ORB-SLAM3 evaluation profile (recorded image_rect_raw pixels, fx = fy = 648.862 px, baseline 0.0497337 m) is used for every Rosario row by decision of 2026-10-03; it is 0.5-1 % low in fx*b versus the authors Kalibr/URDF model (disclosed, not corrected)"",""historical_dirty_runner_bytes_and_some_native_build_linkage_unavailable"",""recorded_profile_comparison_not_author_paper_reproduction_or_optimality""]",,False,0,invalid_setup,Confirmed estimator-side setup defect (docs/campaigns/rerun-findings-20261003.json); the camera-model review is settled by the 2026-10-03 decision,"[""rosario_identity_camera_imu_extrinsic""]",True,success,True,False,False,unreviewed,recorded historical implementation,,,recorded_estimator_export,unreviewed,,,,,,,configured log-pattern matches; absence does not prove no failure; loop matches do not certify accepted/correct closures,
rosariov2,sequence1,agricultural,basalt,vio,True,False,1,default,ok,3,14.695566858035143,1280,720,940.419660807,13821,100.0,,,940.4196608066559,100.0,13745,1.5869964525231621,3.38100468985106,1.3818318863686063,3.2829475024167083,,,1.016645578053555,1.6645578053555043,0.05049337714453215,0.051270705928920204,1.8003275412622186,3.075218787125971,2.3591483036525984,2.8111246069591096,,,,,,0,,,max_throughput,13821,,,13821,,,,112.06471967697144,,,,,,123.33051864886005,14.696630213095371,8.391754903036677,,,112.06471967697144,,,process_tree,858.6,766.5,1517.8,321.2,372.4,0.0,0.0,0.0,0.0,1.6177308077471437,1.8730726739643913,13,14,global_se3,Intel(R) Core(TM) Ultra 9 285K,NVIDIA GeForce RTX 4090,3.066881875765014,raw_reference_interpolated_at_observed_estimates,results/vio/rosariov2/sequence1/basalt/run1,results/vio/rosariov2/sequence1/basalt/run1/run_eval.json,0002c7e0146605a3dd63daf88512b219b688b15bc668029b1087f83f920e1942,superseded_calibration_cohort,True,True,exited_zero,0,rerun_required,"[""rosario_identity_camera_imu_extrinsic""]",False,se3,1.5869964525231621,common_camera_origin,True,poses,100.0,99.45011214818031,100.0,,,0.032408251021559926,0.030739508131253365,custom overlapping reference-distance windows; not KITTI,fe526e82185bb958b4bef9b1b72a145387a444b8aba1d331f63f143206964452,machine-3c9dca59a50f,2,legacy_input_count_assumed_processed; processing_claims_withheld,112.06471967697144,123.33051864886005,legacy_recorded_command_scope_unverified,available_input_frames_per_wrapper_elapsed_second,False,False,,"[""accuracy_conditional_on_observed_exports_and_reference_support"",""fused_stereo_imu_ppk_reference_not_independent_ground_truth"",""no_measured_processing_rate_or_realtime_deadline_claim"",""rosario_authors_orb_camera_model_accepted_by_decision_20261003_fxb_0p5_to_1pct_below_kalibr""]","[""Rosario camera model: the authors' ORB-SLAM3 evaluation profile (recorded image_rect_raw pixels, fx = fy = 648.862 px, baseline 0.0497337 m) is used for every Rosario row by decision of 2026-10-03; it is 0.5-1 % low in fx*b versus the authors Kalibr/URDF model (disclosed, not corrected)"",""historical_dirty_runner_bytes_and_some_native_build_linkage_unavailable"",""recorded_profile_comparison_not_author_paper_reproduction_or_optimality""]",,False,0,invalid_setup,Confirmed estimator-side setup defect in the completed audit.,"[""rosario_identity_camera_imu_extrinsic""]",True,success,True,False,False,unreviewed,historical recorded profile,,,recorded_estimator_export,unreviewed,,,,,,,configured log-pattern matches; absence does not prove no failure; loop matches do not certify accepted/correct closures,
rosariov2,sequence1,agricultural,basalt,vio,True,False,2,default,ok,3,14.695566858035143,1280,720,940.419660807,13821,100.0,,,940.4196608066559,100.0,13745,1.586265516679355,3.3809532402404043,1.381007439746528,3.2829315795526623,,,1.0166449911537705,1.6644991153770494,0.05050589464679267,0.05127945243669299,1.8003269779203908,3.075660012825883,2.3594273322977926,2.810910402932072,,,,,,0,,,max_throughput,13821,,,13821,,,,112.16239309310913,,,,,,123.22311978959652,14.696630213095371,8.384447182987504,,,112.16239309310913,,,process_tree,861.8,769.3,1478.8,312.3,362.5,0.0,0.0,0.0,0.0,1.6172419612901587,1.8727079140693734,13,14,global_se3,Intel(R) Core(TM) Ultra 9 285K,NVIDIA GeForce RTX 4090,3.0639054412471505,raw_reference_interpolated_at_observed_estimates,results/vio/rosariov2/sequence1/basalt/run2,results/vio/rosariov2/sequence1/basalt/run2/run_eval.json,0002c7e0146605a3dd63daf88512b219b688b15bc668029b1087f83f920e1942,superseded_calibration_cohort,True,True,exited_zero,0,rerun_required,"[""rosario_identity_camera_imu_extrinsic""]",False,se3,1.586265516679355,common_camera_origin,True,poses,100.0,99.45011214818031,100.0,,,0.032424530355873095,0.030762699195036908,custom overlapping reference-distance windows; not KITTI,fe526e82185bb958b4bef9b1b72a145387a444b8aba1d331f63f143206964452,machine-3c9dca59a50f,2,legacy_input_count_assumed_processed; processing_claims_withheld,112.16239309310913,123.22311978959652,legacy_recorded_command_scope_unverified,available_input_frames_per_wrapper_elapsed_second,False,False,,"[""accuracy_conditional_on_observed_exports_and_reference_support"",""fused_stereo_imu_ppk_reference_not_independent_ground_truth"",""no_measured_processing_rate_or_realtime_deadline_claim"",""rosario_authors_orb_camera_model_accepted_by_decision_20261003_fxb_0p5_to_1pct_below_kalibr""]","[""Rosario camera model: the authors' ORB-SLAM3 evaluation profile (recorded image_rect_raw pixels, fx = fy = 648.862 px, baseline 0.0497337 m) is used for every Rosario row by decision of 2026-10-03; it is 0.5-1 % low in fx*b versus the authors Kalibr/URDF model (disclosed, not corrected)"",""historical_dirty_runner_bytes_and_some_native_build_linkage_unavailable"",""recorded_profile_comparison_not_author_paper_reproduction_or_optimality""]",,False,0,invalid_setup,Confirmed estimator-side setup defect in the completed audit.,"[""rosario_identity_camera_imu_extrinsic""]",True,success,True,False,False,unreviewed,historical recorded profile,,,recorded_estimator_export,unreviewed,,,,,,,configured log-pattern matches; absence does not prove no failure; loop matches do not certify accepted/correct closures,
rosariov2,sequence1,agricultural,basalt,vio,True,False,3,default,ok,3,14.695566858035143,1280,720,940.419660807,13821,100.0,,,940.4196608066559,100.0,13745,1.5865422261409965,3.3793665228368472,1.3812682417996764,3.2809823675727543,,,1.0166471822302572,1.6647182230257185,0.05051517974206558,0.05129114124574862,1.8003287617703,3.074834915561142,2.359214360933447,2.8109151853570524,,,,,,0,,,max_throughput,13821,,,13821,,,,111.89285326004028,,,,,,123.5199532170284,14.696630213095371,8.4046445631439,,,111.89285326004028,,,process_tree,855.4,770.4,1521.8,316.3,365.4,0.0,0.0,0.0,0.0,1.6170245897277113,1.8719121540273016,13,14,global_se3,Intel(R) Core(TM) Ultra 9 285K,NVIDIA GeForce RTX 4090,3.0640062748404615,raw_reference_interpolated_at_observed_estimates,results/vio/rosariov2/sequence1/basalt/run3,results/vio/rosariov2/sequence1/basalt/run3/run_eval.json,0002c7e0146605a3dd63daf88512b219b688b15bc668029b1087f83f920e1942,superseded_calibration_cohort,True,True,exited_zero,0,rerun_required,"[""rosario_identity_camera_imu_extrinsic""]",False,se3,1.5865422261409965,common_camera_origin,True,poses,100.0,99.45011214818031,100.0,,,0.03242802487066511,0.030761822249560245,custom overlapping reference-distance windows; not KITTI,fe526e82185bb958b4bef9b1b72a145387a444b8aba1d331f63f143206964452,machine-3c9dca59a50f,2,legacy_input_count_assumed_processed; processing_claims_withheld,111.89285326004028,123.5199532170284,legacy_recorded_command_scope_unverified,available_input_frames_per_wrapper_elapsed_second,False,False,,"[""accuracy_conditional_on_observed_exports_and_reference_support"",""fused_stereo_imu_ppk_reference_not_independent_ground_truth"",""no_measured_processing_rate_or_realtime_deadline_claim"",""rosario_authors_orb_camera_model_accepted_by_decision_20261003_fxb_0p5_to_1pct_below_kalibr""]","[""Rosario camera model: the authors' ORB-SLAM3 evaluation profile (recorded image_rect_raw pixels, fx = fy = 648.862 px, baseline 0.0497337 m) is used for every Rosario row by decision of 2026-10-03; it is 0.5-1 % low in fx*b versus the authors Kalibr/URDF model (disclosed, not corrected)"",""historical_dirty_runner_bytes_and_some_native_build_linkage_unavailable"",""recorded_profile_comparison_not_author_paper_reproduction_or_optimality""]",,False,0,invalid_setup,Confirmed estimator-side setup defect in the completed audit.,"[""rosario_identity_camera_imu_extrinsic""]",True,success,True,False,False,unreviewed,historical recorded profile,,,recorded_estimator_export,unreviewed,,,,,,,configured log-pattern matches; absence does not prove no failure; loop matches do not certify accepted/correct closures,
rosariov2,sequence1,agricultural,openvins,vio,True,False,1,default,scale_collapse,3,14.695566858035143,1280,720,940.419660807,13821,99.33327950097691,,,934.1496901512146,99.33327950097691,13676,83321.50334297295,216694.63184379492,47.623231871167825,94.41243567146068,,,3.1129419730484764e-05,99.99688705802696,0.9983137442956758,1618.4179902348058,0.30139693333878365,48271.82395657898,44794.05632709687,41503.298998071725,,,,,,0,0,True,,,,,,,,,,,,,,,,,,,,,,,process_tree+container,494.5,50.7,87.0,901.1,1009.1,0.0,0.0,0.0,0.0,65815.92364890446,71469.53999501451,13,14,global_se3,Intel(R) Core(TM) Ultra 9 285K,NVIDIA GeForce RTX 4090,216694.63184379492,raw_reference_interpolated_at_observed_estimates,results/vio/rosariov2/sequence1/openvins/run1,results/vio/rosariov2/sequence1/openvins/run1/run_eval.json,a4a2383818ed493366218586a7707439f6cf7da26598fe04c9f310af132034a3,superseded_calibration_cohort,True,True,exited_nonzero,134,rerun_required,"[""rosario_identity_camera_imu_extrinsic""]",False,se3,83321.50334297295,common_camera_origin,True,poses,98.9581072281311,98.95087186165979,99.4979992724627,,,1618.1920563690207,0.986846815967399,custom overlapping reference-distance windows; not KITTI,fe526e82185bb958b4bef9b1b72a145387a444b8aba1d331f63f143206964452,machine-3c9dca59a50f,,,,,,,False,False,,"[""accuracy_conditional_on_observed_exports_and_reference_support"",""collapse_under_recorded_reference_diagnostic_not_verified_physical_scale"",""fused_stereo_imu_ppk_reference_not_independent_ground_truth"",""no_calibrated_agricultural_accuracy_or_intrinsic_algorithm_failure_claim"",""no_measured_processing_rate_or_realtime_deadline_claim"",""retain_failure_in_attempt_denominator"",""rosario_authors_orb_camera_model_accepted_by_decision_20261003_fxb_0p5_to_1pct_below_kalibr""]","[""Rosario camera model: the authors' ORB-SLAM3 evaluation profile (recorded image_rect_raw pixels, fx = fy = 648.862 px, baseline 0.0497337 m) is used for every Rosario row by decision of 2026-10-03; it is 0.5-1 % low in fx*b versus the authors Kalibr/URDF model (disclosed, not corrected)"",""historical_dirty_runner_bytes_and_some_native_build_linkage_unavailable"",""recorded_profile_comparison_not_author_paper_reproduction_or_optimality""]",,False,1,invalid_setup,Confirmed estimator-side setup defect in the completed audit.,"[""rosario_identity_camera_imu_extrinsic""]",True,failure_scale_collapse,False,True,False,unreviewed,historical recorded profile,,,recorded_estimator_export,unreviewed,,,,,,,configured log-pattern matches; absence does not prove no failure; loop matches do not certify accepted/correct closures,
rosariov2,sequence1,agricultural,orbslam3,vio,True,False,1,default,ok,3,14.695566858035143,1280,720,940.419660807,13821,99.4182693333305,,,934.9489512443542,99.4182693333305,13744,4.303674866482748,9.20638957025789,4.1592401116778355,9.803306970618312,,,1.0238279176334477,2.3827917633447715,0.053594476706199906,0.05231356557647898,1.6252574542427867,3.313124670064555,2.903859189145682,3.0666052923751552,,,,,0,0,0,True,paced,13821,,,13745,,,,1113.012141942978,,,,,,12.417654290700524,14.701337417092482,0.8449320769897186,,,1113.012141942978,,,process_tree,1408.7,126.7,203.0,1868.6,3194.6,0.0,0.0,0.0,0.0,4.340287119114107,4.8287857571359245,13,14,global_se3,Intel(R) Core(TM) Ultra 9 285K,NVIDIA GeForce RTX 4090,8.649508076525807,raw_reference_interpolated_at_observed_estimates,results/vio/rosariov2/sequence1/orbslam3/run1,results/vio/rosariov2/sequence1/orbslam3/run1/run_eval.json,f885d9bf3df0b41b47c1b22fa5ec690763233245dd469f1de68f67e8fbf30ccb,superseded_calibration_cohort,True,True,exited_zero,0,blocked,"[""historical_orb_loaded_library_abi_unknown""]",False,se3,4.303674866482748,common_camera_origin,True,poses,99.45011214818031,99.44287678170899,99.99272462713714,,,0.0350438293040164,0.03643872984161015,custom overlapping reference-distance windows; not KITTI,fe526e82185bb958b4bef9b1b72a145387a444b8aba1d331f63f143206964452,machine-3c9dca59a50f,2,legacy_input_count_assumed_processed; processing_claims_withheld,,,,available_input_frames_per_wrapper_elapsed_second,False,False,,"[""accuracy_conditional_on_observed_exports_and_reference_support"",""fused_stereo_imu_ppk_reference_not_independent_ground_truth"",""historical_orb_loaded_library_abi_unknown"",""no_measured_processing_rate_or_realtime_deadline_claim"",""rosario_authors_orb_camera_model_accepted_by_decision_20261003_fxb_0p5_to_1pct_below_kalibr""]","[""Rosario camera model: the authors' ORB-SLAM3 evaluation profile (recorded image_rect_raw pixels, fx = fy = 648.862 px, baseline 0.0497337 m) is used for every Rosario row by decision of 2026-10-03; it is 0.5-1 % low in fx*b versus the authors Kalibr/URDF model (disclosed, not corrected)"",""historical_dirty_runner_bytes_and_some_native_build_linkage_unavailable"",""recorded_profile_comparison_not_author_paper_reproduction_or_optimality""]",,False,0,blocked,Saved executable hashes do not establish which ORB/g2o libraries were loaded; demonstrated current ABI mismatch requires explicit historical review.,"[""historical_orb_loaded_library_abi_unknown""]",True,success,True,False,False,unreviewed,historical recorded profile,,,recorded_estimator_export,partial,False,partial,0,0,0,1,"configured log-pattern matches; absence does not prove no failure; loop matches do not certify accepted/correct closures; ORB tracking_losses includes recoverable local-map failure messages, not unique lost episodes; map_resets counts explicit Tracking resets only; local mapping/init reset messages are separate overlapping observations",docs/campaigns/log-observation-review-20261002.json
rosariov2,sequence1,agricultural,orbslam3,vio,True,False,2,default,ok,3,14.695566858035143,1280,720,940.419660807,13821,99.4182693333305,,,934.9489512443542,99.4182693333305,13744,4.778774951656121,10.377340431013902,4.683852879322765,10.8836923767128,,,1.0203779594153766,2.0377959415376568,0.052394792353210214,0.051978944711925996,1.6260303578137345,3.360948952670308,3.010581999327083,3.2363591976029213,,,,,0,0,0,True,paced,13821,,,13745,,,,1100.5481951236725,,,,,,12.55828691668236,14.701337417092482,0.8545011158743281,,,1100.5481951236725,,,process_tree,1402.4,127.5,209.0,1885.8,3219.8,0.0,0.0,0.0,0.0,4.743915234163653,5.238462294184052,13,14,global_se3,Intel(R) Core(TM) Ultra 9 285K,NVIDIA GeForce RTX 4090,9.78719973964287,raw_reference_interpolated_at_observed_estimates,results/vio/rosariov2/sequence1/orbslam3/run2,results/vio/rosariov2/sequence1/orbslam3/run2/run_eval.json,f885d9bf3df0b41b47c1b22fa5ec690763233245dd469f1de68f67e8fbf30ccb,superseded_calibration_cohort,True,True,exited_zero,0,blocked,"[""historical_orb_loaded_library_abi_unknown""]",False,se3,4.778774951656121,common_camera_origin,True,poses,99.45011214818031,99.44287678170899,99.99272462713714,,,0.03470248335918288,0.03488766177787833,custom overlapping reference-distance windows; not KITTI,fe526e82185bb958b4bef9b1b72a145387a444b8aba1d331f63f143206964452,machine-3c9dca59a50f,2,legacy_input_count_assumed_processed; processing_claims_withheld,,,,available_input_frames_per_wrapper_elapsed_second,False,False,,"[""accuracy_conditional_on_observed_exports_and_reference_support"",""fused_stereo_imu_ppk_reference_not_independent_ground_truth"",""historical_orb_loaded_library_abi_unknown"",""no_measured_processing_rate_or_realtime_deadline_claim"",""rosario_authors_orb_camera_model_accepted_by_decision_20261003_fxb_0p5_to_1pct_below_kalibr""]","[""Rosario camera model: the authors' ORB-SLAM3 evaluation profile (recorded image_rect_raw pixels, fx = fy = 648.862 px, baseline 0.0497337 m) is used for every Rosario row by decision of 2026-10-03; it is 0.5-1 % low in fx*b versus the authors Kalibr/URDF model (disclosed, not corrected)"",""historical_dirty_runner_bytes_and_some_native_build_linkage_unavailable"",""recorded_profile_comparison_not_author_paper_reproduction_or_optimality""]",,False,0,blocked,Saved executable hashes do not establish which ORB/g2o libraries were loaded; demonstrated current ABI mismatch requires explicit historical review.,"[""historical_orb_loaded_library_abi_unknown""]",True,success,True,False,False,unreviewed,historical recorded profile,,,recorded_estimator_export,partial,False,partial,0,0,0,1,"configured log-pattern matches; absence does not prove no failure; loop matches do not certify accepted/correct closures; ORB tracking_losses includes recoverable local-map failure messages, not unique lost episodes; map_resets counts explicit Tracking resets only; local mapping/init reset messages are separate overlapping observations",docs/campaigns/log-observation-review-20261002.json
rosariov2,sequence1,agricultural,orbslam3,vio,True,False,3,default,ok,3,14.695566858035143,1280,720,940.419660807,13821,99.4182693333305,,,934.9489512443542,99.4182693333305,13744,4.519776539265728,10.101301030117929,4.4182540098097824,10.587304997440851,,,1.0204729676554865,2.047296765548645,0.05201840565948039,0.05131554495017134,1.6252817420577572,3.2772850512766043,2.877140509614341,3.0439724624890685,,,,,0,0,0,True,paced,13821,,,13745,,,,1101.4107937812805,,,,,,12.548451565969119,14.701337417092482,0.8538318909859944,,,1101.4107937812805,,,process_tree,1403.5,127.4,200.0,1872.7,3203.7,0.0,0.0,0.0,0.0,4.467581032029143,5.007492298850131,13,14,global_se3,Intel(R) Core(TM) Ultra 9 285K,NVIDIA GeForce RTX 4090,9.442304007538086,raw_reference_interpolated_at_observed_estimates,results/vio/rosariov2/sequence1/orbslam3/run3,results/vio/rosariov2/sequence1/orbslam3/run3/run_eval.json,f885d9bf3df0b41b47c1b22fa5ec690763233245dd469f1de68f67e8fbf30ccb,superseded_calibration_cohort,True,True,exited_zero,0,blocked,"[""historical_orb_loaded_library_abi_unknown""]",False,se3,4.519776539265728,common_camera_origin,True,poses,99.45011214818031,99.44287678170899,99.99272462713714,,,0.03377614211955102,0.03439334410454612,custom overlapping reference-distance windows; not KITTI,fe526e82185bb958b4bef9b1b72a145387a444b8aba1d331f63f143206964452,machine-3c9dca59a50f,2,legacy_input_count_assumed_processed; processing_claims_withheld,,,,available_input_frames_per_wrapper_elapsed_second,False,False,,"[""accuracy_conditional_on_observed_exports_and_reference_support"",""fused_stereo_imu_ppk_reference_not_independent_ground_truth"",""historical_orb_loaded_library_abi_unknown"",""no_measured_processing_rate_or_realtime_deadline_claim"",""rosario_authors_orb_camera_model_accepted_by_decision_20261003_fxb_0p5_to_1pct_below_kalibr""]","[""Rosario camera model: the authors' ORB-SLAM3 evaluation profile (recorded image_rect_raw pixels, fx = fy = 648.862 px, baseline 0.0497337 m) is used for every Rosario row by decision of 2026-10-03; it is 0.5-1 % low in fx*b versus the authors Kalibr/URDF model (disclosed, not corrected)"",""historical_dirty_runner_bytes_and_some_native_build_linkage_unavailable"",""recorded_profile_comparison_not_author_paper_reproduction_or_optimality""]",,False,0,blocked,Saved executable hashes do not establish which ORB/g2o libraries were loaded; demonstrated current ABI mismatch requires explicit historical review.,"[""historical_orb_loaded_library_abi_unknown""]",True,success,True,False,False,unreviewed,historical recorded profile,,,recorded_estimator_export,partial,False,partial,0,0,0,1,"configured log-pattern matches; absence does not prove no failure; loop matches do not certify accepted/correct closures; ORB tracking_losses includes recoverable local-map failure messages, not unique lost episodes; map_resets counts explicit Tracking resets only; local mapping/init reset messages are separate overlapping observations",docs/campaigns/log-observation-review-20261002.json
rosariov2,sequence1,agricultural,voxel_svio,vio,True,False,1,default,ok,3,14.695566858035143,1280,720,940.419660807,13821,99.3118538411492,,,933.9481990337372,99.3118538411492,13730,4.650886460689511,12.408236054880001,4.584402853143701,12.450787518522292,,,1.0167863465227265,1.678634652272648,0.0534290488057125,0.05578766865180982,0.23180295744368876,3.456194030469991,2.6817863891788365,3.008807742909822,,,,,,,,,transport,13821,,13821,13731,,0,,953.0871970653534,,,,,,14.501296463278681,14.702100195927454,0.9867089430036391,,,953.0871970653534,,,container,835.8,83.4,142.7,2004.4,2029.1,0.0,0.0,0.0,0.0,4.298711099477905,5.0163208002493445,13,14,global_se3,Intel(R) Core(TM) Ultra 9 285K,NVIDIA GeForce RTX 4090,11.234837489070216,raw_reference_interpolated_at_observed_estimates,results/vio/rosariov2/sequence1/voxel_svio/run1,results/vio/rosariov2/sequence1/voxel_svio/run1/run_eval.json,31205466e954590679be7dd34a6f3e7cb08bcf38f9f2e0277d7f7e973bf2bc87,superseded_calibration_cohort,True,True,exited_zero,0,blocked,"[""reviewed_evidence_changed:datasets/rosariov2/sequence1/mav0/imu0/data.csv""]",False,se3,4.650886460689511,common_camera_origin,True,poses,99.34881701758194,99.34158165111063,99.89086940705711,,,0.03687414726745106,0.03275183840879484,custom overlapping reference-distance windows; not KITTI,fe526e82185bb958b4bef9b1b72a145387a444b8aba1d331f63f143206964452,machine-3c9dca59a50f,2,,,,,available_input_frames_per_wrapper_elapsed_second,False,False,,[],[],,False,0,blocked,stale_review,"[""reviewed_evidence_changed:datasets/rosariov2/sequence1/mav0/imu0/data.csv""]",True,success,True,False,False,unreviewed,recorded historical implementation,,,recorded_estimator_export,unreviewed,,,,,,,configured log-pattern matches; absence does not prove no failure; loop matches do not certify accepted/correct closures,
rosariov2,sequence1,agricultural,voxel_svio,vio,True,False,2,default,ok,3,14.695566858035143,1280,720,940.419660807,13821,99.3118538411492,,,933.9481990337372,99.3118538411492,13730,3.680074442350986,10.138623968705568,3.558692556739117,10.170595491384036,,,1.0201092672296064,2.0109267229606376,0.05164550124277459,0.05362091891772942,0.2285421205115459,3.4141128498738267,2.6643007102877045,2.8367845346773977,,,,,,,,,transport,13821,,13821,13731,,0,,953.0093719959259,,,,,,14.502480674512281,14.702100195927454,0.9867895200622184,,,953.0093719959259,,,container,840.9,83.9,133.0,2007.4,2030.1,0.0,0.0,0.0,0.0,3.28697101476809,3.8547348244786512,13,14,global_se3,Intel(R) Core(TM) Ultra 9 285K,NVIDIA GeForce RTX 4090,9.197579220115019,raw_reference_interpolated_at_observed_estimates,results/vio/rosariov2/sequence1/voxel_svio/run2,results/vio/rosariov2/sequence1/voxel_svio/run2/run_eval.json,31205466e954590679be7dd34a6f3e7cb08bcf38f9f2e0277d7f7e973bf2bc87,superseded_calibration_cohort,True,True,exited_zero,0,blocked,"[""reviewed_evidence_changed:datasets/rosariov2/sequence1/mav0/imu0/data.csv""]",False,se3,3.680074442350986,common_camera_origin,True,poses,99.34881701758194,99.34158165111063,99.89086940705711,,,0.03621719226831717,0.03274597179757708,custom overlapping reference-distance windows; not KITTI,fe526e82185bb958b4bef9b1b72a145387a444b8aba1d331f63f143206964452,machine-3c9dca59a50f,2,,,,,available_input_frames_per_wrapper_elapsed_second,False,False,,[],[],,False,0,blocked,stale_review,"[""reviewed_evidence_changed:datasets/rosariov2/sequence1/mav0/imu0/data.csv""]",True,success,True,False,False,unreviewed,recorded historical implementation,,,recorded_estimator_export,unreviewed,,,,,,,configured log-pattern matches; absence does not prove no failure; loop matches do not certify accepted/correct closures,
rosariov2,sequence1,agricultural,voxel_svio,vio,True,False,3,default,ok,3,14.695566858035143,1280,720,940.419660807,13821,99.3118538411492,,,933.9481990337372,99.3118538411492,13730,5.804039198368805,16.095362057582964,5.7636458366038745,16.217089244800935,,,1.0146527472665356,1.4652747266535648,0.050811210042638985,0.05331590692014722,0.22587483385285573,3.4688896490234296,2.683593104789332,2.9894214015806613,,,,,,,,,transport,13821,,13821,13731,,0,,952.9870920181274,,,,,,14.502819729416755,14.702100195927454,0.9868125903102657,,,952.9870920181274,,,container,845.2,84.4,147.0,2000.5,2027.4,0.0,0.0,0.0,0.0,5.27548634956406,6.264165152502529,13,14,global_se3,Intel(R) Core(TM) Ultra 9 285K,NVIDIA GeForce RTX 4090,14.854235579741891,raw_reference_interpolated_at_observed_estimates,results/vio/rosariov2/sequence1/voxel_svio/run3,results/vio/rosariov2/sequence1/voxel_svio/run3/run_eval.json,31205466e954590679be7dd34a6f3e7cb08bcf38f9f2e0277d7f7e973bf2bc87,superseded_calibration_cohort,True,True,exited_zero,0,blocked,"[""reviewed_evidence_changed:datasets/rosariov2/sequence1/mav0/imu0/data.csv""]",False,se3,5.804039198368805,common_camera_origin,True,poses,99.34881701758194,99.34158165111063,99.89086940705711,,,0.03621518704790894,0.03206709958494411,custom overlapping reference-distance windows; not KITTI,fe526e82185bb958b4bef9b1b72a145387a444b8aba1d331f63f143206964452,machine-3c9dca59a50f,2,,,,,available_input_frames_per_wrapper_elapsed_second,False,False,,[],[],,False,0,blocked,stale_review,"[""reviewed_evidence_changed:datasets/rosariov2/sequence1/mav0/imu0/data.csv""]",True,success,True,False,False,unreviewed,recorded historical implementation,,,recorded_estimator_export,unreviewed,,,,,,,configured log-pattern matches; absence does not prove no failure; loop matches do not certify accepted/correct closures,
rosariov2,sequence5,agricultural,airslam,vio,True,False,1,default,ok,3,14.61735844217591,1280,720,796.245097638,11640,,,,794.0435581207275,99.72350981839864,3155,37.15974907872943,102.12458021163789,34.42540307617384,88.99037096902386,,,0.7260240661791911,27.39759338208089,0.3061884018992073,0.04865626839425284,0.44981129514210627,5.335541132305391,14.532288060869847,22.09183430167254,,,,,0,,,,max_throughput,11640,,,3156,,,,315.3034155368805,,,,,,36.91682178634215,3.974593040549744,2.525329756676997,,,315.3034155368805,,,container,872.8,263.9,431.9,2224.2,3465.3,3186.5,3248.0,17.5,27.0,39.379562259902386,55.183400485083055,8,10,global_se3,Intel(R) Core(TM) Ultra 9 285K,NVIDIA GeForce RTX 4090,77.10186136866133,raw_reference_interpolated_at_observed_estimates,results/vio/rosariov2/sequence5/airslam/run1,results/vio/rosariov2/sequence5/airslam/run1/run_eval.json,b061ffff200339a8810568a4cdc824910d8adec98d29d1969a122167c546d7ea,superseded_calibration_cohort,True,True,exited_zero,0,rerun_required,"[""rosario_identity_camera_imu_extrinsic""]",False,se3,37.15974907872943,common_camera_origin,True,keyframes,27.11340206185567,27.104810996563575,27.49215754618334,,,0.02927110104202923,0.3043921484226278,custom overlapping reference-distance windows; not KITTI,fe526e82185bb958b4bef9b1b72a145387a444b8aba1d331f63f143206964452,machine-3c9dca59a50f,2,legacy_input_count_assumed_processed; processing_claims_withheld,315.3034155368805,36.91682178634215,legacy_recorded_command_scope_unverified,available_input_frames_per_wrapper_elapsed_second,False,False,,"[""accuracy_conditional_on_observed_exports_and_reference_support"",""fused_stereo_imu_ppk_reference_not_independent_ground_truth"",""no_measured_processing_rate_or_realtime_deadline_claim"",""rosario_authors_orb_camera_model_accepted_by_decision_20261003_fxb_0p5_to_1pct_below_kalibr""]","[""Rosario camera model: the authors' ORB-SLAM3 evaluation profile (recorded image_rect_raw pixels, fx = fy = 648.862 px, baseline 0.0497337 m) is used for every Rosario row by decision of 2026-10-03; it is 0.5-1 % low in fx*b versus the authors Kalibr/URDF model (disclosed, not corrected)"",""historical_dirty_runner_bytes_and_some_native_build_linkage_unavailable"",""recorded_profile_comparison_not_author_paper_reproduction_or_optimality""]",,False,0,invalid_setup,Confirmed estimator-side setup defect (docs/campaigns/rerun-findings-20261003.json); the camera-model review is settled by the 2026-10-03 decision,"[""rosario_identity_camera_imu_extrinsic""]",True,success,True,False,False,unreviewed,recorded historical implementation,,,recorded_estimator_export,unreviewed,,,,,,,configured log-pattern matches; absence does not prove no failure; loop matches do not certify accepted/correct closures,
rosariov2,sequence5,agricultural,airslam,vio,True,False,2,default,ok,3,14.61735844217591,1280,720,796.245097638,11640,,,,794.0435581207275,99.72350981839864,3155,37.15974907872943,102.12458021163789,34.42540307617384,88.99037096902386,,,0.7260240661791911,27.39759338208089,0.3061884018992073,0.04865626839425284,0.44981129514210627,5.335541132305391,14.532288060869847,22.09183430167254,,,,,0,,,,max_throughput,11640,,,3156,,,,315.2082657814026,,,,,,36.9279656139232,3.974593040549744,2.526092060635788,,,315.2082657814026,,,container,870.9,263.3,409.0,2222.1,3475.0,3184.9,3248.0,17.6,28.0,39.379562259902386,55.183400485083055,8,10,global_se3,Intel(R) Core(TM) Ultra 9 285K,NVIDIA GeForce RTX 4090,77.10186136866133,raw_reference_interpolated_at_observed_estimates,results/vio/rosariov2/sequence5/airslam/run2,results/vio/rosariov2/sequence5/airslam/run2/run_eval.json,b061ffff200339a8810568a4cdc824910d8adec98d29d1969a122167c546d7ea,superseded_calibration_cohort,True,True,exited_zero,0,rerun_required,"[""rosario_identity_camera_imu_extrinsic""]",False,se3,37.15974907872943,common_camera_origin,True,keyframes,27.11340206185567,27.104810996563575,27.49215754618334,,,0.02927110104202923,0.3043921484226278,custom overlapping reference-distance windows; not KITTI,fe526e82185bb958b4bef9b1b72a145387a444b8aba1d331f63f143206964452,machine-3c9dca59a50f,2,legacy_input_count_assumed_processed; processing_claims_withheld,315.2082657814026,36.9279656139232,legacy_recorded_command_scope_unverified,available_input_frames_per_wrapper_elapsed_second,False,False,,"[""accuracy_conditional_on_observed_exports_and_reference_support"",""fused_stereo_imu_ppk_reference_not_independent_ground_truth"",""no_measured_processing_rate_or_realtime_deadline_claim"",""rosario_authors_orb_camera_model_accepted_by_decision_20261003_fxb_0p5_to_1pct_below_kalibr""]","[""Rosario camera model: the authors' ORB-SLAM3 evaluation profile (recorded image_rect_raw pixels, fx = fy = 648.862 px, baseline 0.0497337 m) is used for every Rosario row by decision of 2026-10-03; it is 0.5-1 % low in fx*b versus the authors Kalibr/URDF model (disclosed, not corrected)"",""historical_dirty_runner_bytes_and_some_native_build_linkage_unavailable"",""recorded_profile_comparison_not_author_paper_reproduction_or_optimality""]",,False,0,invalid_setup,Confirmed estimator-side setup defect (docs/campaigns/rerun-findings-20261003.json); the camera-model review is settled by the 2026-10-03 decision,"[""rosario_identity_camera_imu_extrinsic""]",True,success,True,False,False,unreviewed,recorded historical implementation,,,recorded_estimator_export,unreviewed,,,,,,,configured log-pattern matches; absence does not prove no failure; loop matches do not certify accepted/correct closures,
rosariov2,sequence5,agricultural,airslam,vio,True,False,3,default,ok,3,14.61735844217591,1280,720,796.245097638,11640,,,,794.0435581207275,99.72350981839864,3155,37.15974907872943,102.12458021163789,34.42540307617384,88.99037096902386,,,0.7260240661791911,27.39759338208089,0.3061884018992073,0.04865626839425284,0.44981129514210627,5.335541132305391,14.532288060869847,22.09183430167254,,,,,0,,,,max_throughput,11640,,,3156,,,,315.3741772174835,,,,,,36.90853862132473,3.974593040549744,2.52476313901909,,,315.3741772174835,,,container,875.7,264.8,417.3,2224.9,3427.4,3196.1,3248.0,17.6,27.0,39.379562259902386,55.183400485083055,8,10,global_se3,Intel(R) Core(TM) Ultra 9 285K,NVIDIA GeForce RTX 4090,77.10186136866133,raw_reference_interpolated_at_observed_estimates,results/vio/rosariov2/sequence5/airslam/run3,results/vio/rosariov2/sequence5/airslam/run3/run_eval.json,b061ffff200339a8810568a4cdc824910d8adec98d29d1969a122167c546d7ea,superseded_calibration_cohort,True,True,exited_zero,0,rerun_required,"[""rosario_identity_camera_imu_extrinsic""]",False,se3,37.15974907872943,common_camera_origin,True,keyframes,27.11340206185567,27.104810996563575,27.49215754618334,,,0.02927110104202923,0.3043921484226278,custom overlapping reference-distance windows; not KITTI,fe526e82185bb958b4bef9b1b72a145387a444b8aba1d331f63f143206964452,machine-3c9dca59a50f,2,legacy_input_count_assumed_processed; processing_claims_withheld,315.3741772174835,36.90853862132473,legacy_recorded_command_scope_unverified,available_input_frames_per_wrapper_elapsed_second,False,False,,"[""accuracy_conditional_on_observed_exports_and_reference_support"",""fused_stereo_imu_ppk_reference_not_independent_ground_truth"",""no_measured_processing_rate_or_realtime_deadline_claim"",""rosario_authors_orb_camera_model_accepted_by_decision_20261003_fxb_0p5_to_1pct_below_kalibr""]","[""Rosario camera model: the authors' ORB-SLAM3 evaluation profile (recorded image_rect_raw pixels, fx = fy = 648.862 px, baseline 0.0497337 m) is used for every Rosario row by decision of 2026-10-03; it is 0.5-1 % low in fx*b versus the authors Kalibr/URDF model (disclosed, not corrected)"",""historical_dirty_runner_bytes_and_some_native_build_linkage_unavailable"",""recorded_profile_comparison_not_author_paper_reproduction_or_optimality""]",,False,0,invalid_setup,Confirmed estimator-side setup defect (docs/campaigns/rerun-findings-20261003.json); the camera-model review is settled by the 2026-10-03 decision,"[""rosario_identity_camera_imu_extrinsic""]",True,success,True,False,False,unreviewed,recorded historical implementation,,,recorded_estimator_export,unreviewed,,,,,,,configured log-pattern matches; absence does not prove no failure; loop matches do not certify accepted/correct closures,
rosariov2,sequence5,agricultural,basalt,vio,True,False,1,default,ok,3,14.61735844217591,1280,720,796.245097638,11640,100.0,,,796.2450976371765,100.0,11476,1.9752876724193345,5.147123026207843,1.8520163309321134,4.9680777415170585,,,1.0137945592484705,1.3794559248470506,0.049848615911652065,0.051459568100085396,1.8349599069762594,4.935979530344611,4.899949633619573,4.91007356832728,,,,,,0,,,max_throughput,11640,,,11640,,,,95.79925727844238,,,,,,121.50407352499734,14.618614336893508,8.311599904400875,,,95.79925727844238,,,process_tree,649.5,683.5,884.9,284.3,310.4,0.0,0.0,0.0,0.0,2.1374839756613913,2.7031933092359095,9,10,global_se3,Intel(R) Core(TM) Ultra 9 285K,NVIDIA GeForce RTX 4090,3.415269745213186,raw_reference_interpolated_at_observed_estimates,results/vio/rosariov2/sequence5/basalt/run1,results/vio/rosariov2/sequence5/basalt/run1/run_eval.json,0002c7e0146605a3dd63daf88512b219b688b15bc668029b1087f83f920e1942,superseded_calibration_cohort,True,True,exited_zero,0,rerun_required,"[""rosario_identity_camera_imu_extrinsic""]",False,se3,1.9752876724193345,common_camera_origin,True,poses,100.0,98.59106529209622,100.0,,,0.02205999782090696,0.01713548075464233,custom overlapping reference-distance windows; not KITTI,fe526e82185bb958b4bef9b1b72a145387a444b8aba1d331f63f143206964452,machine-3c9dca59a50f,2,legacy_input_count_assumed_processed; processing_claims_withheld,95.79925727844238,121.50407352499734,legacy_recorded_command_scope_unverified,available_input_frames_per_wrapper_elapsed_second,False,False,,"[""accuracy_conditional_on_observed_exports_and_reference_support"",""fused_stereo_imu_ppk_reference_not_independent_ground_truth"",""no_measured_processing_rate_or_realtime_deadline_claim"",""rosario_authors_orb_camera_model_accepted_by_decision_20261003_fxb_0p5_to_1pct_below_kalibr""]","[""Rosario camera model: the authors' ORB-SLAM3 evaluation profile (recorded image_rect_raw pixels, fx = fy = 648.862 px, baseline 0.0497337 m) is used for every Rosario row by decision of 2026-10-03; it is 0.5-1 % low in fx*b versus the authors Kalibr/URDF model (disclosed, not corrected)"",""historical_dirty_runner_bytes_and_some_native_build_linkage_unavailable"",""recorded_profile_comparison_not_author_paper_reproduction_or_optimality""]",,False,0,invalid_setup,Confirmed estimator-side setup defect in the completed audit.,"[""rosario_identity_camera_imu_extrinsic""]",True,success,True,False,False,unreviewed,historical recorded profile,,,recorded_estimator_export,unreviewed,,,,,,,configured log-pattern matches; absence does not prove no failure; loop matches do not certify accepted/correct closures,
rosariov2,sequence5,agricultural,basalt,vio,True,False,2,default,ok,3,14.61735844217591,1280,720,796.245097638,11640,100.0,,,796.2450976371765,100.0,11476,1.975337610491085,5.146969109306804,1.8520784185523518,4.967979700884748,,,1.0137940753512535,1.3794075351253543,0.049624625556050316,0.05124895720794154,1.8349577889730535,4.932664779937602,4.9002355451750725,4.910361338781305,,,,,,0,,,max_throughput,11640,,,11640,,,,94.41965889930725,,,,,,123.27941167859272,14.618614336893508,8.4330435729102,,,94.41965889930725,,,process_tree,656.0,697.7,865.9,280.0,304.1,0.0,0.0,0.0,0.0,2.136921737288338,2.7018160995029072,9,10,global_se3,Intel(R) Core(TM) Ultra 9 285K,NVIDIA GeForce RTX 4090,3.4152609617011356,raw_reference_interpolated_at_observed_estimates,results/vio/rosariov2/sequence5/basalt/run2,results/vio/rosariov2/sequence5/basalt/run2/run_eval.json,0002c7e0146605a3dd63daf88512b219b688b15bc668029b1087f83f920e1942,superseded_calibration_cohort,True,True,exited_zero,0,rerun_required,"[""rosario_identity_camera_imu_extrinsic""]",False,se3,1.975337610491085,common_camera_origin,True,poses,100.0,98.59106529209622,100.0,,,0.022038877846341353,0.017097672547954485,custom overlapping reference-distance windows; not KITTI,fe526e82185bb958b4bef9b1b72a145387a444b8aba1d331f63f143206964452,machine-3c9dca59a50f,2,legacy_input_count_assumed_processed; processing_claims_withheld,94.41965889930725,123.27941167859272,legacy_recorded_command_scope_unverified,available_input_frames_per_wrapper_elapsed_second,False,False,,"[""accuracy_conditional_on_observed_exports_and_reference_support"",""fused_stereo_imu_ppk_reference_not_independent_ground_truth"",""no_measured_processing_rate_or_realtime_deadline_claim"",""rosario_authors_orb_camera_model_accepted_by_decision_20261003_fxb_0p5_to_1pct_below_kalibr""]","[""Rosario camera model: the authors' ORB-SLAM3 evaluation profile (recorded image_rect_raw pixels, fx = fy = 648.862 px, baseline 0.0497337 m) is used for every Rosario row by decision of 2026-10-03; it is 0.5-1 % low in fx*b versus the authors Kalibr/URDF model (disclosed, not corrected)"",""historical_dirty_runner_bytes_and_some_native_build_linkage_unavailable"",""recorded_profile_comparison_not_author_paper_reproduction_or_optimality""]",,False,0,invalid_setup,Confirmed estimator-side setup defect in the completed audit.,"[""rosario_identity_camera_imu_extrinsic""]",True,success,True,False,False,unreviewed,historical recorded profile,,,recorded_estimator_export,unreviewed,,,,,,,configured log-pattern matches; absence does not prove no failure; loop matches do not certify accepted/correct closures,
rosariov2,sequence5,agricultural,basalt,vio,True,False,3,default,ok,3,14.61735844217591,1280,720,796.245097638,11640,100.0,,,796.2450976371765,100.0,11476,1.9638996520788814,5.126503411959356,1.8404567200426667,4.946184877768137,,,1.0137621561137702,1.3762156113770185,0.04966081763324959,0.05128135994934322,1.8349593049670776,4.931094970950715,4.898526164540646,4.908375206923068,,,,,,0,,,max_throughput,11640,,,11640,,,,94.29262900352478,,,,,,123.44549221938527,14.618614336893508,8.444404467791559,,,94.29262900352478,,,process_tree,656.7,698.4,912.4,275.0,300.8,0.0,0.0,0.0,0.0,2.117510908915091,2.6799133321510604,9,10,global_se3,Intel(R) Core(TM) Ultra 9 285K,NVIDIA GeForce RTX 4090,3.370861241955167,raw_reference_interpolated_at_observed_estimates,results/vio/rosariov2/sequence5/basalt/run3,results/vio/rosariov2/sequence5/basalt/run3/run_eval.json,0002c7e0146605a3dd63daf88512b219b688b15bc668029b1087f83f920e1942,superseded_calibration_cohort,True,True,exited_zero,0,rerun_required,"[""rosario_identity_camera_imu_extrinsic""]",False,se3,1.9638996520788814,common_camera_origin,True,poses,100.0,98.59106529209622,100.0,,,0.022031419721489483,0.01709651700990941,custom overlapping reference-distance windows; not KITTI,fe526e82185bb958b4bef9b1b72a145387a444b8aba1d331f63f143206964452,machine-3c9dca59a50f,2,legacy_input_count_assumed_processed; processing_claims_withheld,94.29262900352478,123.44549221938527,legacy_recorded_command_scope_unverified,available_input_frames_per_wrapper_elapsed_second,False,False,,"[""accuracy_conditional_on_observed_exports_and_reference_support"",""fused_stereo_imu_ppk_reference_not_independent_ground_truth"",""no_measured_processing_rate_or_realtime_deadline_claim"",""rosario_authors_orb_camera_model_accepted_by_decision_20261003_fxb_0p5_to_1pct_below_kalibr""]","[""Rosario camera model: the authors' ORB-SLAM3 evaluation profile (recorded image_rect_raw pixels, fx = fy = 648.862 px, baseline 0.0497337 m) is used for every Rosario row by decision of 2026-10-03; it is 0.5-1 % low in fx*b versus the authors Kalibr/URDF model (disclosed, not corrected)"",""historical_dirty_runner_bytes_and_some_native_build_linkage_unavailable"",""recorded_profile_comparison_not_author_paper_reproduction_or_optimality""]",,False,0,invalid_setup,Confirmed estimator-side setup defect in the completed audit.,"[""rosario_identity_camera_imu_extrinsic""]",True,success,True,False,False,unreviewed,historical recorded profile,,,recorded_estimator_export,unreviewed,,,,,,,configured log-pattern matches; absence does not prove no failure; loop matches do not certify accepted/correct closures,
rosariov2,sequence5,agricultural,openvins,vio,True,False,1,default,scale_collapse,3,14.61735844217591,1280,720,796.245097638,11640,98.37443915423056,,,783.3016490936279,98.37443915423056,11422,26834.951841429654,71345.23671027941,48.58378193904613,91.92676195558381,,,0.0005094543767316405,99.94905456232684,1.018151454901427,228.8470005153171,0.2416753190536924,17187.238487651623,16319.487462558587,15506.49578596127,,,,,,0,0,True,,,,,,,,,,,,,,,,,,,,,,,process_tree+container,398.2,49.6,80.0,874.5,996.7,0.0,0.0,0.0,0.0,32615.88270488843,34267.09518756503,9,10,global_se3,Intel(R) Core(TM) Ultra 9 285K,NVIDIA GeForce RTX 4090,71345.23671027941,raw_reference_interpolated_at_observed_estimates,results/vio/rosariov2/sequence5/openvins/run1,results/vio/rosariov2/sequence5/openvins/run1/run_eval.json,a4a2383818ed493366218586a7707439f6cf7da26598fe04c9f310af132034a3,superseded_calibration_cohort,True,True,exited_nonzero,134,rerun_required,"[""rosario_identity_camera_imu_extrinsic""]",False,se3,26834.951841429654,common_camera_origin,True,poses,98.12714776632302,98.12714776632302,99.52945277100035,,,228.3994297488065,0.9655943651461714,custom overlapping reference-distance windows; not KITTI,fe526e82185bb958b4bef9b1b72a145387a444b8aba1d331f63f143206964452,machine-3c9dca59a50f,,,,,,,False,False,,"[""accuracy_conditional_on_observed_exports_and_reference_support"",""collapse_under_recorded_reference_diagnostic_not_verified_physical_scale"",""fused_stereo_imu_ppk_reference_not_independent_ground_truth"",""no_calibrated_agricultural_accuracy_or_intrinsic_algorithm_failure_claim"",""no_measured_processing_rate_or_realtime_deadline_claim"",""retain_failure_in_attempt_denominator"",""rosario_authors_orb_camera_model_accepted_by_decision_20261003_fxb_0p5_to_1pct_below_kalibr""]","[""Rosario camera model: the authors' ORB-SLAM3 evaluation profile (recorded image_rect_raw pixels, fx = fy = 648.862 px, baseline 0.0497337 m) is used for every Rosario row by decision of 2026-10-03; it is 0.5-1 % low in fx*b versus the authors Kalibr/URDF model (disclosed, not corrected)"",""historical_dirty_runner_bytes_and_some_native_build_linkage_unavailable"",""recorded_profile_comparison_not_author_paper_reproduction_or_optimality""]",,False,1,invalid_setup,Confirmed estimator-side setup defect in the completed audit.,"[""rosario_identity_camera_imu_extrinsic""]",True,failure_scale_collapse,False,True,False,unreviewed,historical recorded profile,,,recorded_estimator_export,unreviewed,,,,,,,configured log-pattern matches; absence does not prove no failure; loop matches do not certify accepted/correct closures,
rosariov2,sequence5,agricultural,orbslam3,vio,True,False,1,default,ok,3,14.61735844217591,1280,720,796.245097638,11640,98.50856228056136,,,784.3695979118347,98.50856228056136,11476,3.272199427578607,6.299701038607417,2.396651413719403,6.489756311498581,,,1.0461930830338075,4.619308303380754,0.05147832996861615,0.06302103698253911,1.8348155988945511,6.152459992272904,6.000179180407703,5.746472464354977,,,,,0,0,0,True,paced,11640,,,11476,,,,937.6636803150177,,,,,,12.413832639960441,14.630857736648194,0.8491798438536831,,,937.6636803150177,,,process_tree,1496.1,159.6,234.0,1684.1,2693.4,0.0,0.0,0.0,0.0,3.98176388734501,4.5325162421538625,9,10,global_se3,Intel(R) Core(TM) Ultra 9 285K,NVIDIA GeForce RTX 4090,6.1118687863330825,raw_reference_interpolated_at_observed_estimates,results/vio/rosariov2/sequence5/orbslam3/run1,results/vio/rosariov2/sequence5/orbslam3/run1/run_eval.json,f885d9bf3df0b41b47c1b22fa5ec690763233245dd469f1de68f67e8fbf30ccb,superseded_calibration_cohort,True,True,exited_zero,0,blocked,"[""historical_orb_loaded_library_abi_unknown""]",False,se3,3.272199427578607,common_camera_origin,True,poses,98.59106529209622,98.59106529209622,100.0,,,0.047605524528929195,0.029425792195215777,custom overlapping reference-distance windows; not KITTI,fe526e82185bb958b4bef9b1b72a145387a444b8aba1d331f63f143206964452,machine-3c9dca59a50f,2,legacy_input_count_assumed_processed; processing_claims_withheld,,,,available_input_frames_per_wrapper_elapsed_second,False,False,,"[""accuracy_conditional_on_observed_exports_and_reference_support"",""fused_stereo_imu_ppk_reference_not_independent_ground_truth"",""historical_orb_loaded_library_abi_unknown"",""no_measured_processing_rate_or_realtime_deadline_claim"",""rosario_authors_orb_camera_model_accepted_by_decision_20261003_fxb_0p5_to_1pct_below_kalibr""]","[""Rosario camera model: the authors' ORB-SLAM3 evaluation profile (recorded image_rect_raw pixels, fx = fy = 648.862 px, baseline 0.0497337 m) is used for every Rosario row by decision of 2026-10-03; it is 0.5-1 % low in fx*b versus the authors Kalibr/URDF model (disclosed, not corrected)"",""historical_dirty_runner_bytes_and_some_native_build_linkage_unavailable"",""recorded_profile_comparison_not_author_paper_reproduction_or_optimality""]",,False,0,blocked,Saved executable hashes do not establish which ORB/g2o libraries were loaded; demonstrated current ABI mismatch requires explicit historical review.,"[""historical_orb_loaded_library_abi_unknown""]",True,success,True,False,False,unreviewed,historical recorded profile,,,recorded_estimator_export,partial,False,partial,0,0,0,1,"configured log-pattern matches; absence does not prove no failure; loop matches do not certify accepted/correct closures; ORB tracking_losses includes recoverable local-map failure messages, not unique lost episodes; map_resets counts explicit Tracking resets only; local mapping/init reset messages are separate overlapping observations",docs/campaigns/log-observation-review-20261002.json
rosariov2,sequence5,agricultural,orbslam3,vio,True,False,2,default,ok,3,14.61735844217591,1280,720,796.245097638,11640,98.50856228056136,,,784.3695979118347,98.50856228056136,11476,2.075694471032684,4.276479750661905,1.752426847870585,4.037914618326689,,,1.0225320457165838,2.253204571658385,0.048358854184278564,0.053644487057351926,1.8350458688351587,5.337045299304948,5.295376935177667,5.189607339098045,,,,,0,0,0,True,paced,11640,,,11476,,,,931.5069591999054,,,,,,12.495880878869533,14.630857736648194,0.854792430451718,,,931.5069591999054,,,process_tree,1373.2,147.5,217.0,1693.8,2787.1,0.0,0.0,0.0,0.0,2.166617547804051,2.5399756853249658,9,10,global_se3,Intel(R) Core(TM) Ultra 9 285K,NVIDIA GeForce RTX 4090,1.5136519832355162,raw_reference_interpolated_at_observed_estimates,results/vio/rosariov2/sequence5/orbslam3/run2,results/vio/rosariov2/sequence5/orbslam3/run2/run_eval.json,f885d9bf3df0b41b47c1b22fa5ec690763233245dd469f1de68f67e8fbf30ccb,superseded_calibration_cohort,True,True,exited_zero,0,blocked,"[""historical_orb_loaded_library_abi_unknown""]",False,se3,2.075694471032684,common_camera_origin,True,poses,98.59106529209622,98.59106529209622,100.0,,,0.03414492601996321,0.024251848666366035,custom overlapping reference-distance windows; not KITTI,fe526e82185bb958b4bef9b1b72a145387a444b8aba1d331f63f143206964452,machine-3c9dca59a50f,2,legacy_input_count_assumed_processed; processing_claims_withheld,,,,available_input_frames_per_wrapper_elapsed_second,False,False,,"[""accuracy_conditional_on_observed_exports_and_reference_support"",""fused_stereo_imu_ppk_reference_not_independent_ground_truth"",""historical_orb_loaded_library_abi_unknown"",""no_measured_processing_rate_or_realtime_deadline_claim"",""rosario_authors_orb_camera_model_accepted_by_decision_20261003_fxb_0p5_to_1pct_below_kalibr""]","[""Rosario camera model: the authors' ORB-SLAM3 evaluation profile (recorded image_rect_raw pixels, fx = fy = 648.862 px, baseline 0.0497337 m) is used for every Rosario row by decision of 2026-10-03; it is 0.5-1 % low in fx*b versus the authors Kalibr/URDF model (disclosed, not corrected)"",""historical_dirty_runner_bytes_and_some_native_build_linkage_unavailable"",""recorded_profile_comparison_not_author_paper_reproduction_or_optimality""]",,False,0,blocked,Saved executable hashes do not establish which ORB/g2o libraries were loaded; demonstrated current ABI mismatch requires explicit historical review.,"[""historical_orb_loaded_library_abi_unknown""]",True,success,True,False,False,unreviewed,historical recorded profile,,,recorded_estimator_export,partial,False,partial,0,0,0,1,"configured log-pattern matches; absence does not prove no failure; loop matches do not certify accepted/correct closures; ORB tracking_losses includes recoverable local-map failure messages, not unique lost episodes; map_resets counts explicit Tracking resets only; local mapping/init reset messages are separate overlapping observations",docs/campaigns/log-observation-review-20261002.json
rosariov2,sequence5,agricultural,orbslam3,vio,True,False,3,default,ok,3,14.61735844217591,1280,720,796.245097638,11640,98.50856228056136,,,784.3695979118347,98.50856228056136,11476,3.2688301617525783,6.326741946832813,2.4957020111832766,6.476747394855572,,,1.043670705970943,4.367070597094291,0.050699066265421415,0.061894137880215264,1.834899763896016,6.049235218759945,5.919622975890709,5.697330080542365,,,,,0,0,0,True,paced,11640,,,11476,,,,928.6366033554077,,,,,,12.534504840689701,14.630857736648194,0.8574345387206729,,,928.6366033554077,,,process_tree,1476.2,159.0,234.5,1680.1,2706.0,0.0,0.0,0.0,0.0,3.962355833040316,4.550221616852965,9,10,global_se3,Intel(R) Core(TM) Ultra 9 285K,NVIDIA GeForce RTX 4090,6.146899009631911,raw_reference_interpolated_at_observed_estimates,results/vio/rosariov2/sequence5/orbslam3/run3,results/vio/rosariov2/sequence5/orbslam3/run3/run_eval.json,f885d9bf3df0b41b47c1b22fa5ec690763233245dd469f1de68f67e8fbf30ccb,superseded_calibration_cohort,True,True,exited_zero,0,blocked,"[""historical_orb_loaded_library_abi_unknown""]",False,se3,3.2688301617525783,common_camera_origin,True,poses,98.59106529209622,98.59106529209622,100.0,,,0.046058749399005644,0.028040424260695584,custom overlapping reference-distance windows; not KITTI,fe526e82185bb958b4bef9b1b72a145387a444b8aba1d331f63f143206964452,machine-3c9dca59a50f,2,legacy_input_count_assumed_processed; processing_claims_withheld,,,,available_input_frames_per_wrapper_elapsed_second,False,False,,"[""accuracy_conditional_on_observed_exports_and_reference_support"",""fused_stereo_imu_ppk_reference_not_independent_ground_truth"",""historical_orb_loaded_library_abi_unknown"",""no_measured_processing_rate_or_realtime_deadline_claim"",""rosario_authors_orb_camera_model_accepted_by_decision_20261003_fxb_0p5_to_1pct_below_kalibr""]","[""Rosario camera model: the authors' ORB-SLAM3 evaluation profile (recorded image_rect_raw pixels, fx = fy = 648.862 px, baseline 0.0497337 m) is used for every Rosario row by decision of 2026-10-03; it is 0.5-1 % low in fx*b versus the authors Kalibr/URDF model (disclosed, not corrected)"",""historical_dirty_runner_bytes_and_some_native_build_linkage_unavailable"",""recorded_profile_comparison_not_author_paper_reproduction_or_optimality""]",,False,0,blocked,Saved executable hashes do not establish which ORB/g2o libraries were loaded; demonstrated current ABI mismatch requires explicit historical review.,"[""historical_orb_loaded_library_abi_unknown""]",True,success,True,False,False,unreviewed,historical recorded profile,,,recorded_estimator_export,partial,False,partial,0,0,0,1,"configured log-pattern matches; absence does not prove no failure; loop matches do not certify accepted/correct closures; ORB tracking_losses includes recoverable local-map failure messages, not unique lost episodes; map_resets counts explicit Tracking resets only; local mapping/init reset messages are separate overlapping observations",docs/campaigns/log-observation-review-20261002.json
rosariov2,sequence5,agricultural,voxel_svio,vio,True,False,1,default,ok,3,14.61735844217591,1280,720,796.245097638,11640,98.38288073600927,,,783.3688650131226,98.38288073600927,11461,6.53971439160998,18.58669436880167,6.519489328204138,18.609199457353196,,,1.0103751963074716,1.0375196307471635,0.05738133139331851,0.059696511035537005,0.2017658485436532,4.679120762946419,4.746344037453323,5.222108787508658,,,,,,,,,transport,11640,,11640,11461,,0,,808.7462060451508,,,,,,14.392648661587861,14.630400200814735,0.9845426064264265,,,808.7462060451508,,,container,719.2,83.8,101.0,2033.5,2066.7,0.0,0.0,0.0,0.0,6.793102864134029,8.818440049537793,9,10,global_se3,Intel(R) Core(TM) Ultra 9 285K,NVIDIA GeForce RTX 4090,11.689204872618154,raw_reference_interpolated_at_observed_estimates,results/vio/rosariov2/sequence5/voxel_svio/run1,results/vio/rosariov2/sequence5/voxel_svio/run1/run_eval.json,31205466e954590679be7dd34a6f3e7cb08bcf38f9f2e0277d7f7e973bf2bc87,superseded_calibration_cohort,True,True,exited_zero,0,blocked,"[""reviewed_evidence_changed:datasets/rosariov2/sequence5/mav0/imu0/data.csv""]",False,se3,6.53971439160998,common_camera_origin,True,poses,98.46219931271477,98.46219931271477,99.86929243638899,,,0.031657936715047255,0.026544174294398468,custom overlapping reference-distance windows; not KITTI,fe526e82185bb958b4bef9b1b72a145387a444b8aba1d331f63f143206964452,machine-3c9dca59a50f,2,,,,,available_input_frames_per_wrapper_elapsed_second,False,False,,[],[],,False,0,blocked,stale_review,"[""reviewed_evidence_changed:datasets/rosariov2/sequence5/mav0/imu0/data.csv""]",True,success,True,False,False,unreviewed,recorded historical implementation,,,recorded_estimator_export,unreviewed,,,,,,,configured log-pattern matches; absence does not prove no failure; loop matches do not certify accepted/correct closures,
rosariov2,sequence5,agricultural,voxel_svio,vio,True,False,2,default,ok,3,14.61735844217591,1280,720,796.245097638,11640,98.38288073600927,,,783.3688650131226,98.38288073600927,11461,6.553299194761011,19.051953852531224,6.533896764283752,19.078984148665523,,,1.010171219295768,1.017121929576792,0.056812617429967356,0.059103031787248496,0.2014209486381592,4.6404449695097165,4.68951625850854,5.166654216347049,,,,,,,,,transport,11640,,11640,11461,,0,,808.7627539634705,,,,,,14.392354176742598,14.630400200814735,0.9845224619148827,,,808.7627539634705,,,container,728.5,84.9,147.0,2030.9,2063.6,0.0,0.0,0.0,0.0,6.754712928506153,8.773491114038507,9,10,global_se3,Intel(R) Core(TM) Ultra 9 285K,NVIDIA GeForce RTX 4090,11.690335195439388,raw_reference_interpolated_at_observed_estimates,results/vio/rosariov2/sequence5/voxel_svio/run2,results/vio/rosariov2/sequence5/voxel_svio/run2/run_eval.json,31205466e954590679be7dd34a6f3e7cb08bcf38f9f2e0277d7f7e973bf2bc87,superseded_calibration_cohort,True,True,exited_zero,0,blocked,"[""reviewed_evidence_changed:datasets/rosariov2/sequence5/mav0/imu0/data.csv""]",False,se3,6.553299194761011,common_camera_origin,True,poses,98.46219931271477,98.46219931271477,99.86929243638899,,,0.03174310184868194,0.026774029136321247,custom overlapping reference-distance windows; not KITTI,fe526e82185bb958b4bef9b1b72a145387a444b8aba1d331f63f143206964452,machine-3c9dca59a50f,2,,,,,available_input_frames_per_wrapper_elapsed_second,False,False,,[],[],,False,0,blocked,stale_review,"[""reviewed_evidence_changed:datasets/rosariov2/sequence5/mav0/imu0/data.csv""]",True,success,True,False,False,unreviewed,recorded historical implementation,,,recorded_estimator_export,unreviewed,,,,,,,configured log-pattern matches; absence does not prove no failure; loop matches do not certify accepted/correct closures,
rosariov2,sequence5,agricultural,voxel_svio,vio,True,False,3,default,ok,3,14.61735844217591,1280,720,796.245097638,11640,98.38288073600927,,,783.3688650131226,98.38288073600927,11461,7.421042216041962,20.537051956166565,7.412403458664445,20.567463502186325,,,1.0072220980921556,0.7222098092155571,0.060825632931809266,0.06247451651786337,0.20348740126042963,4.7656723832370345,4.972961252417913,5.703013421247043,,,,,,,,,transport,11640,,11640,11461,,0,,808.7352812290192,,,,,,14.392843084959667,14.630400200814735,0.9845559061391985,,,808.7352812290192,,,container,720.5,83.9,102.0,2030.4,2063.9,0.0,0.0,0.0,0.0,7.692977388376259,10.02008877265339,9,10,global_se3,Intel(R) Core(TM) Ultra 9 285K,NVIDIA GeForce RTX 4090,12.983690981031282,raw_reference_interpolated_at_observed_estimates,results/vio/rosariov2/sequence5/voxel_svio/run3,results/vio/rosariov2/sequence5/voxel_svio/run3/run_eval.json,31205466e954590679be7dd34a6f3e7cb08bcf38f9f2e0277d7f7e973bf2bc87,superseded_calibration_cohort,True,True,exited_zero,0,blocked,"[""reviewed_evidence_changed:datasets/rosariov2/sequence5/mav0/imu0/data.csv""]",False,se3,7.421042216041962,common_camera_origin,True,poses,98.46219931271477,98.46219931271477,99.86929243638899,,,0.03208979685806712,0.02838478715864036,custom overlapping reference-distance windows; not KITTI,fe526e82185bb958b4bef9b1b72a145387a444b8aba1d331f63f143206964452,machine-3c9dca59a50f,2,,,,,available_input_frames_per_wrapper_elapsed_second,False,False,,[],[],,False,0,blocked,stale_review,"[""reviewed_evidence_changed:datasets/rosariov2/sequence5/mav0/imu0/data.csv""]",True,success,True,False,False,unreviewed,recorded historical implementation,,,recorded_estimator_export,unreviewed,,,,,,,configured log-pattern matches; absence does not prove no failure; loop matches do not certify accepted/correct closures,
zed2i,field1_110426_full_10fps_q90,agricultural,airslam,vio,True,False,1,default,ok,3,9.99797444347247,1920,1080,4629.137658,46283,,,,4622.773765087128,99.86252530678536,2654,3.344046075475125,6.392186014383524,3.298802505517224,6.261678200018189,,,0.9740247434479641,2.597525655203592,,,,,,,,,,,0,,,,max_throughput,46283,,,2720,,,,1016.0896594524384,,,,,,45.55011417490608,0.5883913291501374,4.555835811158027,,,1016.0896594524384,,,container,5012.9,482.4,569.9,17555.9,33686.9,3211.4,3246.0,19.4,25.0,2.5215072605366933,3.2368040356055094,16,11,global_se3,Intel(R) Core(TM) Ultra 9 285K,NVIDIA GeForce RTX 4090,5.082707780165259,raw_reference_interpolated_at_observed_estimates,results/vio/zed2i/field1_110426_full_10fps_q90/airslam/run1,results/vio/zed2i/field1_110426_full_10fps_q90/airslam/run1/run_eval.json,f5c7ff7a816819267f3afc59121c42a76919ed15d21991862234b7f63d58b7fa,superseded_calibration_cohort,True,True,exited_zero,0,rerun_required,"[""zed_factory_camera_imu_rotation_omitted""]",False,se3,3.344046075475125,common_camera_origin,False,keyframes,5.876887842188276,5.734286887194002,5.861048540258823,,,,,custom overlapping reference-distance windows; not KITTI,fe526e82185bb958b4bef9b1b72a145387a444b8aba1d331f63f143206964452,machine-3c9dca59a50f,2,legacy_input_count_assumed_processed; processing_claims_withheld,1016.0896594524384,45.55011417490608,legacy_recorded_command_scope_unverified,available_input_frames_per_wrapper_elapsed_second,False,False,,"[""accuracy_conditional_on_observed_exports_and_reference_support"",""approved_gnss_spike_mask_gaps_preserved_rtk_float_retained_fixed_only_sensitivity"",""historical_profile_accuracy_not_bitwise_build_reproduction"",""no_measured_processing_rate_or_realtime_deadline_claim"",""no_rotation_or_full_relative_pose_accuracy_claim"",""nominal_3d_position_reference_1m_height_level_platform_not_surveyed_6dof"",""unmeasured_field_clock_zero_offset_with_frozen_sensitivity"",""zed_camera_rtk_clock_unmeasured_zero_offset_with_disclosed_sampled_sensitivity""]","[""historical_dirty_runner_bytes_and_some_native_build_linkage_unavailable"",""recorded_profile_comparison_not_author_paper_reproduction_or_optimality""]",,False,0,invalid_setup,Confirmed saved estimator-side configuration defect; evaluation cannot repair fusion/input rate.,"[""zed_factory_camera_imu_rotation_omitted""]",True,success,True,False,False,unreviewed,preserved historical configuration cohort,gnss-position-v2-20261002,primary,recorded_estimator_export,unreviewed,,,,,,,configured log-pattern matches; absence does not prove no failure; loop matches do not certify accepted/correct closures,
zed2i,field1_110426_full_10fps_q90,agricultural,basalt,vio,True,False,1,default,ok,3,9.99797444347247,1920,1080,4629.137658,46283,99.99710511591839,,,4629.003649711609,99.99710511591839,45282,0.43175407512482505,1.1559073221003024,0.38227026614698434,1.1354974189823508,,,0.9901335489287314,0.98664510712686,,,,,,,,,,,,0,,,max_throughput,46283,,,46282,,,,897.8322765827179,,,,,,51.549717254719255,9.998263881879508,5.155904703604513,,,897.8322765827179,,,process_tree,4248.1,473.5,618.8,617.3,662.3,0.0,0.0,0.0,0.0,0.31626391332027015,0.5371930384544245,26,11,global_se3,Intel(R) Core(TM) Ultra 9 285K,NVIDIA GeForce RTX 4090,0.8388672530467375,raw_reference_interpolated_at_observed_estimates,results/vio/zed2i/field1_110426_full_10fps_q90/basalt/run1,results/vio/zed2i/field1_110426_full_10fps_q90/basalt/run1/run_eval.json,6154920d096f3e269a8de6c76e5da5715442113e0d8070a0f8e175d5eb71e6db,superseded_calibration_cohort,True,True,exited_zero,0,rerun_required,"[""zed_factory_camera_imu_rotation_omitted""]",False,se3,0.43175407512482505,common_camera_origin,False,poses,99.99783937946978,97.8372188492535,100.0,,,0.018120397664010843,0.016445197605442972,custom overlapping reference-distance windows; not KITTI,fe526e82185bb958b4bef9b1b72a145387a444b8aba1d331f63f143206964452,machine-3c9dca59a50f,2,legacy_input_count_assumed_processed; processing_claims_withheld,897.8322765827179,51.549717254719255,legacy_recorded_command_scope_unverified,available_input_frames_per_wrapper_elapsed_second,False,False,,"[""accuracy_conditional_on_observed_exports_and_reference_support"",""approved_gnss_spike_mask_gaps_preserved_rtk_float_retained_fixed_only_sensitivity"",""historical_profile_accuracy_not_bitwise_build_reproduction"",""no_measured_processing_rate_or_realtime_deadline_claim"",""no_rotation_or_full_relative_pose_accuracy_claim"",""nominal_3d_position_reference_1m_height_level_platform_not_surveyed_6dof"",""unmeasured_field_clock_zero_offset_with_frozen_sensitivity"",""zed_camera_rtk_clock_unmeasured_zero_offset_with_disclosed_sampled_sensitivity""]","[""historical_dirty_runner_bytes_and_some_native_build_linkage_unavailable"",""recorded_profile_comparison_not_author_paper_reproduction_or_optimality""]",,False,0,invalid_setup,Confirmed saved estimator-side configuration defect; evaluation cannot repair fusion/input rate.,"[""zed_factory_camera_imu_rotation_omitted""]",True,success,True,False,False,unreviewed,preserved historical configuration cohort,gnss-position-v2-20261002,primary,recorded_estimator_export,unreviewed,,,,,,,configured log-pattern matches; absence does not prove no failure; loop matches do not certify accepted/correct closures,
zed2i,field1_110426_full_10fps_q90,agricultural,okvis2,vio,True,False,1,default,ok,3,9.99797444347247,1920,1080,4629.137658,46283,99.99276457440561,,,4628.802720069885,99.99276457440561,45282,0.4890016677591004,1.348962056234239,0.4610105010192996,1.3131016262759347,,,0.9919679719788072,0.803202802119285,,,,,,,,,,,0,0,,True,max_throughput,46283,,,46280,,,,5026.104973554611,,,,,,9.208522353496983,9.998265814901973,0.9210188967873704,,,5026.104973554611,,,process_tree,10973.5,218.4,261.0,2029.3,2933.9,0.0,0.0,0.0,0.0,0.3861691872746395,0.6011136571925884,26,11,global_se3,Intel(R) Core(TM) Ultra 9 285K,NVIDIA GeForce RTX 4090,1.1768557439196272,raw_reference_interpolated_at_observed_estimates,results/vio/zed2i/field1_110426_full_10fps_q90/okvis2/run1,results/vio/zed2i/field1_110426_full_10fps_q90/okvis2/run1/run_eval.json,b0c3e7fd9163423f26617c3d979f307c76ccf1898102c2518e9afbfd906b1462,superseded_calibration_cohort,True,True,exited_zero,0,rerun_required,"[""zed_factory_camera_imu_rotation_omitted""]",False,se3,0.4890016677591004,common_camera_origin,False,poses,99.99351813840936,97.8372188492535,100.0,,,0.033397678012487456,0.03262225810002745,custom overlapping reference-distance windows; not KITTI,fe526e82185bb958b4bef9b1b72a145387a444b8aba1d331f63f143206964452,machine-3c9dca59a50f,2,legacy_input_count_assumed_processed; processing_claims_withheld,5026.104973554611,9.208522353496983,legacy_recorded_command_scope_unverified,available_input_frames_per_wrapper_elapsed_second,False,False,,"[""accuracy_conditional_on_observed_exports_and_reference_support"",""approved_gnss_spike_mask_gaps_preserved_rtk_float_retained_fixed_only_sensitivity"",""historical_profile_accuracy_not_bitwise_build_reproduction"",""no_measured_processing_rate_or_realtime_deadline_claim"",""no_rotation_or_full_relative_pose_accuracy_claim"",""nominal_3d_position_reference_1m_height_level_platform_not_surveyed_6dof"",""unmeasured_field_clock_zero_offset_with_frozen_sensitivity"",""zed_camera_rtk_clock_unmeasured_zero_offset_with_disclosed_sampled_sensitivity""]","[""historical_dirty_runner_bytes_and_some_native_build_linkage_unavailable"",""recorded_profile_comparison_not_author_paper_reproduction_or_optimality""]",,False,0,invalid_setup,Confirmed saved estimator-side configuration defect; evaluation cannot repair fusion/input rate.,"[""zed_factory_camera_imu_rotation_omitted""]",True,success,True,False,False,unreviewed,preserved historical configuration cohort,gnss-position-v2-20261002,primary,recorded_estimator_export,unreviewed,,,,,,,configured log-pattern matches; absence does not prove no failure; loop matches do not certify accepted/correct closures,
zed2i,field1_110426_full_10fps_q90,agricultural,okvis2x,vio,True,False,1,default,ok,3,9.99797444347247,1920,1080,4629.137658,46283,99.99276457440561,,,4628.802720069885,99.99276457440561,45282,0.47569270832977023,1.7281590589460651,0.44858578966413504,1.6170999144401752,,,0.9922019145188059,0.7798085481194095,,,,,,,,,,,0,0,,True,max_throughput,46283,,,46280,,,,4425.256985425949,,,,,,10.458827623441415,9.998265814901973,1.046072052566956,,,4425.256985425949,,,process_tree,9500.0,214.7,255.3,8165.1,14204.7,0.0,0.0,0.0,0.0,0.363543591280566,0.5214977649666689,26,11,global_se3,Intel(R) Core(TM) Ultra 9 285K,NVIDIA GeForce RTX 4090,0.9614540735367002,raw_reference_interpolated_at_observed_estimates,results/vio/zed2i/field1_110426_full_10fps_q90/okvis2x/run1,results/vio/zed2i/field1_110426_full_10fps_q90/okvis2x/run1/run_eval.json,aac99ebc012529d9b5f19ead38c3f00fa335894c162602f13c8e32bb03aeb388,superseded_calibration_cohort,True,True,exited_zero,0,rerun_required,"[""zed_factory_camera_imu_rotation_omitted""]",False,se3,0.47569270832977023,common_camera_origin,False,poses,99.99351813840936,97.8372188492535,100.0,,,0.06376465584430067,0.06278889397961232,custom overlapping reference-distance windows; not KITTI,fe526e82185bb958b4bef9b1b72a145387a444b8aba1d331f63f143206964452,machine-3c9dca59a50f,2,legacy_input_count_assumed_processed; processing_claims_withheld,4425.256985425949,10.458827623441415,legacy_recorded_command_scope_unverified,available_input_frames_per_wrapper_elapsed_second,False,False,,"[""accuracy_conditional_on_observed_exports_and_reference_support"",""approved_gnss_spike_mask_gaps_preserved_rtk_float_retained_fixed_only_sensitivity"",""historical_profile_accuracy_not_bitwise_build_reproduction"",""no_measured_processing_rate_or_realtime_deadline_claim"",""no_rotation_or_full_relative_pose_accuracy_claim"",""nominal_3d_position_reference_1m_height_level_platform_not_surveyed_6dof"",""unmeasured_field_clock_zero_offset_with_frozen_sensitivity"",""zed_camera_rtk_clock_unmeasured_zero_offset_with_disclosed_sampled_sensitivity""]","[""historical_dirty_runner_bytes_and_some_native_build_linkage_unavailable"",""recorded_profile_comparison_not_author_paper_reproduction_or_optimality""]",,False,0,invalid_setup,Confirmed saved estimator-side configuration defect; evaluation cannot repair fusion/input rate.,"[""zed_factory_camera_imu_rotation_omitted""]",True,success,True,False,False,unreviewed,preserved historical configuration cohort,gnss-position-v2-20261002,primary,recorded_estimator_export,unreviewed,,,,,,,configured log-pattern matches; absence does not prove no failure; loop matches do not certify accepted/correct closures,
zed2i,field1_110426_full_10fps_q90,agricultural,openvins,vio,True,False,1,default,scale_collapse,3,9.99797444347247,1920,1080,4629.137658,46283,99.81906468464203,,,4621.015300750732,99.81906468464203,44589,26653292.678840652,60765392.49645942,19.789125286928552,35.495251407653704,,,1.4008964572634953e-07,99.99998599103542,,,,,,,,,,,,0,0,True,transport,46283,,46283,460728,,0,,4644.754799365997,,,,,,9.96457337345721,99.70276443905085,0.996637682254541,,,4644.754799365997,,,process_tree+container,1931.5,41.6,74.0,1648.0,1852.5,0.0,0.0,0.0,0.0,27359440.110111848,28771948.919360086,26,11,global_se3,Intel(R) Core(TM) Ultra 9 285K,NVIDIA GeForce RTX 4090,60765392.49645942,raw_reference_interpolated_at_observed_estimates,results/vio/zed2i/field1_110426_full_10fps_q90/openvins/run1,results/vio/zed2i/field1_110426_full_10fps_q90/openvins/run1/run_eval.json,932bbe6f3f447c2271fe753d61bb6e397a456d8a67a5e17382014cf83f0bc01c,superseded_calibration_cohort,True,True,exited_zero,0,rerun_required,"[""zed_factory_camera_imu_rotation_omitted""]",False,se3,26653292.678840652,common_camera_origin,False,poses,98.46379880301623,96.33990882181362,98.46738218276577,,,261222.44161885878,0.9558049538595117,custom overlapping reference-distance windows; not KITTI,fe526e82185bb958b4bef9b1b72a145387a444b8aba1d331f63f143206964452,machine-3c9dca59a50f,2,,,,,available_input_frames_per_wrapper_elapsed_second,False,False,,"[""accuracy_conditional_on_observed_exports_and_reference_support"",""approved_gnss_spike_mask_gaps_preserved_rtk_float_retained_fixed_only_sensitivity"",""historical_profile_accuracy_not_bitwise_build_reproduction"",""no_measured_processing_rate_or_realtime_deadline_claim"",""no_rotation_or_full_relative_pose_accuracy_claim"",""nominal_3d_position_reference_1m_height_level_platform_not_surveyed_6dof"",""retain_failure_in_attempt_denominator"",""serial_specific_imu_rotation_and_timing_unverified"",""unmeasured_field_clock_zero_offset_with_frozen_sensitivity"",""zed_camera_rtk_clock_unmeasured_zero_offset_with_disclosed_sampled_sensitivity""]","[""historical_dirty_runner_bytes_and_some_native_build_linkage_unavailable"",""recorded_profile_comparison_not_author_paper_reproduction_or_optimality""]",,False,0,invalid_setup,Confirmed saved estimator-side configuration defect; evaluation cannot repair fusion/input rate.,"[""zed_factory_camera_imu_rotation_omitted""]",True,failure_scale_collapse,False,True,False,unreviewed,preserved historical configuration cohort,gnss-position-v2-20261002,primary,recorded_estimator_export,unreviewed,,,,,,,configured log-pattern matches; absence does not prove no failure; loop matches do not certify accepted/correct closures,
zed2i,field1_110426_full_10fps_q90,agricultural,orbslam3,vio,True,,1,default,failed_without_trajectory,,9.99797444347247,1920,1080,4629.137658,46283,,,,,,,,,,,,,,,,,,,,,,,,,,,,,,,,,,,,,,,,,,,,,,,,,,,,,,,,,,,,,,,,,,,,,,results/vio/zed2i/field1_110426_full_10fps_q90/orbslam3/run1,,b470ddc5a30c972a15cf79fc995b5439213522c865f2c0c148d5c8f21432aa9c,superseded_calibration_cohort,True,False,unknown,134,rerun_required,"[""zed_factory_camera_imu_rotation_omitted""]",False,se3,,,,,,,,,,,,,,machine-3c9dca59a50f,,,,,,,False,False,,"[""accuracy_conditional_on_observed_exports_and_reference_support"",""approved_gnss_spike_mask_gaps_preserved_rtk_float_retained_fixed_only_sensitivity"",""historical_profile_accuracy_not_bitwise_build_reproduction"",""no_measured_processing_rate_or_realtime_deadline_claim"",""no_rotation_or_full_relative_pose_accuracy_claim"",""nominal_3d_position_reference_1m_height_level_platform_not_surveyed_6dof"",""retain_failure_in_attempt_denominator"",""serial_specific_imu_rotation_and_timing_unverified"",""unmeasured_field_clock_zero_offset_with_frozen_sensitivity"",""zed_camera_rtk_clock_unmeasured_zero_offset_with_disclosed_sampled_sensitivity""]","[""historical_dirty_runner_bytes_and_some_native_build_linkage_unavailable"",""recorded_profile_comparison_not_author_paper_reproduction_or_optimality""]",,False,2,invalid_setup,Confirmed saved estimator-side configuration defect; evaluation cannot repair fusion/input rate.,"[""zed_factory_camera_imu_rotation_omitted""]",True,failure_without_final_trajectory,False,True,False,unreviewed,preserved historical configuration cohort,,,,unreviewed,,,,,,,,
zed2i,field1_110426_full_10fps_q90,agricultural,voxel_svio,vio,True,False,1,default,ok,3,9.99797444347247,1920,1080,4629.137658,46283,98.45595741445875,,,4557.661801099777,98.45595741445875,44571,1.137821118032843,2.7494738113207355,1.1335510120815528,2.751716108802036,,,0.9951204665141982,0.48795334858018347,,,,,,,,,,,,,,,transport,46283,,46283,45569,,0,,4642.555206298828,,,,,,9.969294481884702,9.998328526483485,0.9971098785427817,,,4642.555206298828,,,container,4062.3,85.1,116.0,3282.8,3302.1,0.0,0.0,0.0,0.0,0.9522526898307235,1.4523763191077377,26,11,global_se3,Intel(R) Core(TM) Ultra 9 285K,NVIDIA GeForce RTX 4090,1.7662045541235376,raw_reference_interpolated_at_observed_estimates,results/vio/zed2i/field1_110426_full_10fps_q90/voxel_svio/run1,results/vio/zed2i/field1_110426_full_10fps_q90/voxel_svio/run1/run_eval.json,9f0d242fd3c75c57fde89aa6edf2d29db0b4305f28c418f6b25144ad572edd53,superseded_calibration_cohort,True,True,exited_zero,0,rerun_required,"[""zed_factory_camera_imu_rotation_omitted""]",False,se3,1.137821118032843,common_camera_origin,False,poses,98.45731694142557,96.30101765226973,98.4298396713926,,,0.01495666513879671,0.01582007381734376,custom overlapping reference-distance windows; not KITTI,fe526e82185bb958b4bef9b1b72a145387a444b8aba1d331f63f143206964452,machine-3c9dca59a50f,2,,,,,available_input_frames_per_wrapper_elapsed_second,False,False,,"[""accuracy_conditional_on_observed_exports_and_reference_support"",""approved_gnss_spike_mask_gaps_preserved_rtk_float_retained_fixed_only_sensitivity"",""historical_profile_accuracy_not_bitwise_build_reproduction"",""no_measured_processing_rate_or_realtime_deadline_claim"",""no_rotation_or_full_relative_pose_accuracy_claim"",""nominal_3d_position_reference_1m_height_level_platform_not_surveyed_6dof"",""unmeasured_field_clock_zero_offset_with_frozen_sensitivity"",""zed_camera_rtk_clock_unmeasured_zero_offset_with_disclosed_sampled_sensitivity""]","[""historical_dirty_runner_bytes_and_some_native_build_linkage_unavailable"",""recorded_profile_comparison_not_author_paper_reproduction_or_optimality""]",,False,1,invalid_setup,Confirmed saved estimator-side configuration defect; evaluation cannot repair fusion/input rate.,"[""zed_factory_camera_imu_rotation_omitted""]",True,completed_export_shutdown_error,False,True,False,unreviewed,preserved historical configuration cohort,gnss-position-v2-20261002,primary,recorded_estimator_export,complete,True,completed export; shutdown error,,,,,configured log-pattern matches; absence does not prove no failure; loop matches do not certify accepted/correct closures,
euroc_mav,MH_01_easy,indoor_reference,airslam,vio-lc,True,True,1,default,ok,3,20.000000013909265,752,480,184.049999872,3682,,,,183.40000009536743,99.6468351767904,270,0.03997515032433243,0.0778408482016217,0.025836940095816628,0.07288444533543027,,,1.006677103358652,0.6677103358651904,0.009547521730254156,0.010386332847516128,0.15209072196995702,,,,,,,,0,,,,max_throughput,3682,,,280,,,,128.87331175804138,,,,,,28.57069434913666,1.52671755645802,1.4281467391624785,,,128.87331175804138,,,container,256.9,159.8,318.9,931.5,1074.8,1878.6,3252.0,9.4,37.0,,,,,,Intel(R) Core(TM) Ultra 9 285K,NVIDIA GeForce RTX 4090,0.04154580337504753,raw_reference_interpolated_at_observed_estimates,results/vio-lc/euroc_mav/MH_01_easy/airslam/run1,results/vio-lc/euroc_mav/MH_01_easy/airslam/run1/run_eval.json,76979d58a2e9e561570f2dc2faaf63ee6f1ae9a07d204142bddec402446cebae,superseded_calibration_cohort,True,True,exited_zero,0,rerun_required,"[""airslam_rectified_camera_imu_extrinsic""]",False,se3,0.03997515032433243,common_camera_origin,True,keyframes,7.604562737642586,7.332971211298207,7.421660252886201,,,0.00746663644079769,0.006219475478335298,custom overlapping reference-distance windows; not KITTI,fe526e82185bb958b4bef9b1b72a145387a444b8aba1d331f63f143206964452,machine-3c9dca59a50f,2,legacy_input_count_assumed_processed; processing_claims_withheld,128.87331175804138,28.57069434913666,legacy_recorded_command_scope_unverified,available_input_frames_per_wrapper_elapsed_second,False,False,,"[""accuracy_conditional_on_observed_exports_and_reference_support"",""no_measured_processing_rate_or_realtime_deadline_claim""]","[""historical_dirty_runner_bytes_and_some_native_build_linkage_unavailable"",""recorded_profile_comparison_not_author_paper_reproduction_or_optimality""]",,False,0,invalid_setup,Confirmed estimator-side setup defect in the completed audit.,"[""airslam_rectified_camera_imu_extrinsic""]",True,success,True,False,False,unreviewed,historical recorded profile,,,recorded_estimator_export,unreviewed,,,,,,,configured log-pattern matches; absence does not prove no failure; loop matches do not certify accepted/correct closures,
euroc_mav,MH_01_easy,indoor_reference,airslam,vio-lc,True,True,2,default,ok,3,20.000000013909265,752,480,184.049999872,3682,,,,183.40000009536743,99.6468351767904,270,0.03992857010246298,0.07780587120643247,0.02583560521632187,0.07286817820550888,,,1.0066638960536445,0.666389605364448,0.009547257795074033,0.010386529055657172,0.15209438998510183,,,,,,,,0,,,,max_throughput,3682,,,280,,,,128.90513563156128,,,,,,28.563640866287525,1.52671755645802,1.4277941608034217,,,128.90513563156128,,,container,261.7,164.2,320.9,936.3,1083.2,1903.8,3252.0,12.3,47.0,,,,,,Intel(R) Core(TM) Ultra 9 285K,NVIDIA GeForce RTX 4090,0.041459916951797994,raw_reference_interpolated_at_observed_estimates,results/vio-lc/euroc_mav/MH_01_easy/airslam/run2,results/vio-lc/euroc_mav/MH_01_easy/airslam/run2/run_eval.json,76979d58a2e9e561570f2dc2faaf63ee6f1ae9a07d204142bddec402446cebae,superseded_calibration_cohort,True,True,exited_zero,0,rerun_required,"[""airslam_rectified_camera_imu_extrinsic""]",False,se3,0.03992857010246298,common_camera_origin,True,keyframes,7.604562737642586,7.332971211298207,7.421660252886201,,,0.007467888866309568,0.006220309472591295,custom overlapping reference-distance windows; not KITTI,fe526e82185bb958b4bef9b1b72a145387a444b8aba1d331f63f143206964452,machine-3c9dca59a50f,2,legacy_input_count_assumed_processed; processing_claims_withheld,128.90513563156128,28.563640866287525,legacy_recorded_command_scope_unverified,available_input_frames_per_wrapper_elapsed_second,False,False,,"[""accuracy_conditional_on_observed_exports_and_reference_support"",""no_measured_processing_rate_or_realtime_deadline_claim""]","[""historical_dirty_runner_bytes_and_some_native_build_linkage_unavailable"",""recorded_profile_comparison_not_author_paper_reproduction_or_optimality""]",,False,0,invalid_setup,Confirmed estimator-side setup defect in the completed audit.,"[""airslam_rectified_camera_imu_extrinsic""]",True,success,True,False,False,unreviewed,historical recorded profile,,,recorded_estimator_export,unreviewed,,,,,,,configured log-pattern matches; absence does not prove no failure; loop matches do not certify accepted/correct closures,
euroc_mav,MH_01_easy,indoor_reference,airslam,vio-lc,True,True,3,default,ok,3,20.000000013909265,752,480,184.049999872,3682,,,,183.40000009536743,99.6468351767904,270,0.03942798917190236,0.07763213999623272,0.02582364667105122,0.07282296798594584,,,1.006520863400183,0.6520863400182986,0.009553201196327424,0.010373158575676018,0.15283946214067126,,,,,,,,0,,,,max_throughput,3682,,,280,,,,128.83688616752625,,,,,,28.578772039028525,1.52671755645802,1.4285505139653607,,,128.83688616752625,,,container,261.5,164.1,320.0,928.4,1069.1,1878.5,3252.0,10.8,47.0,,,,,,Intel(R) Core(TM) Ultra 9 285K,NVIDIA GeForce RTX 4090,0.04048471015632061,raw_reference_interpolated_at_observed_estimates,results/vio-lc/euroc_mav/MH_01_easy/airslam/run3,results/vio-lc/euroc_mav/MH_01_easy/airslam/run3/run_eval.json,76979d58a2e9e561570f2dc2faaf63ee6f1ae9a07d204142bddec402446cebae,superseded_calibration_cohort,True,True,exited_zero,0,rerun_required,"[""airslam_rectified_camera_imu_extrinsic""]",False,se3,0.03942798917190236,common_camera_origin,True,keyframes,7.604562737642586,7.332971211298207,7.421660252886201,,,0.007441169263117979,0.006220260470136976,custom overlapping reference-distance windows; not KITTI,fe526e82185bb958b4bef9b1b72a145387a444b8aba1d331f63f143206964452,machine-3c9dca59a50f,2,legacy_input_count_assumed_processed; processing_claims_withheld,128.83688616752625,28.578772039028525,legacy_recorded_command_scope_unverified,available_input_frames_per_wrapper_elapsed_second,False,False,,"[""accuracy_conditional_on_observed_exports_and_reference_support"",""no_measured_processing_rate_or_realtime_deadline_claim""]","[""historical_dirty_runner_bytes_and_some_native_build_linkage_unavailable"",""recorded_profile_comparison_not_author_paper_reproduction_or_optimality""]",,False,0,invalid_setup,Confirmed estimator-side setup defect in the completed audit.,"[""airslam_rectified_camera_imu_extrinsic""]",True,success,True,False,False,unreviewed,historical recorded profile,,,recorded_estimator_export,unreviewed,,,,,,,configured log-pattern matches; absence does not prove no failure; loop matches do not certify accepted/correct closures,
euroc_mav,MH_03_medium,indoor_reference,airslam,vio-lc,True,True,1,default,ok,3,20.00000001896999,752,480,134.949999872,2700,,,,131.94999980926514,97.77695442442376,298,0.024871390462020602,0.11085926423995704,0.02486764084372037,0.11071508540188844,,,0.9998844559134098,0.011554408659020243,0.02149507272244658,0.021505004568950735,0.15563811975634026,1.0715653433630892,,,,,,,0,,,,max_throughput,2700,,,299,,,,123.96639609336853,,,,,,21.780095937986488,2.2660098554922854,1.0886014602507603,,,123.96639609336853,,,container,230.1,149.3,320.9,943.2,1087.5,1712.1,3252.0,8.4,47.0,,,,,,Intel(R) Core(TM) Ultra 9 285K,NVIDIA GeForce RTX 4090,0.006869159539922794,raw_reference_interpolated_at_observed_estimates,results/vio-lc/euroc_mav/MH_03_medium/airslam/run1,results/vio-lc/euroc_mav/MH_03_medium/airslam/run1/run_eval.json,76979d58a2e9e561570f2dc2faaf63ee6f1ae9a07d204142bddec402446cebae,superseded_calibration_cohort,True,True,exited_zero,0,rerun_required,"[""airslam_rectified_camera_imu_extrinsic""]",False,se3,0.024871390462020602,common_camera_origin,True,keyframes,11.074074074074074,11.037037037037036,11.326491828202204,,,0.010189344599291748,0.010170403738954375,custom overlapping reference-distance windows; not KITTI,fe526e82185bb958b4bef9b1b72a145387a444b8aba1d331f63f143206964452,machine-3c9dca59a50f,2,legacy_input_count_assumed_processed; processing_claims_withheld,123.96639609336853,21.780095937986488,legacy_recorded_command_scope_unverified,available_input_frames_per_wrapper_elapsed_second,False,False,,"[""accuracy_conditional_on_observed_exports_and_reference_support"",""no_measured_processing_rate_or_realtime_deadline_claim""]","[""historical_dirty_runner_bytes_and_some_native_build_linkage_unavailable"",""recorded_profile_comparison_not_author_paper_reproduction_or_optimality""]",,False,0,invalid_setup,Confirmed estimator-side setup defect in the completed audit.,"[""airslam_rectified_camera_imu_extrinsic""]",True,success,True,False,False,unreviewed,historical recorded profile,,,recorded_estimator_export,unreviewed,,,,,,,configured log-pattern matches; absence does not prove no failure; loop matches do not certify accepted/correct closures,
euroc_mav,MH_03_medium,indoor_reference,airslam,vio-lc,True,True,2,default,ok,3,20.00000001896999,752,480,134.949999872,2700,,,,131.94999980926514,97.77695442442376,298,0.02480048925005253,0.10763706046846618,0.024799274815141405,0.10755144442572954,,,0.9999343319577046,0.006566804229535261,0.021435517053380083,0.021441197465042534,0.15544773542755705,1.075788207452717,,,,,,,0,,,,max_throughput,2700,,,299,,,,124.01342296600342,,,,,,21.771836753027678,2.2660098554922854,1.0881886539512728,,,124.01342296600342,,,container,223.5,143.0,329.0,938.4,1096.1,1707.8,3252.0,6.6,22.0,,,,,,Intel(R) Core(TM) Ultra 9 285K,NVIDIA GeForce RTX 4090,0.0068370633534420265,raw_reference_interpolated_at_observed_estimates,results/vio-lc/euroc_mav/MH_03_medium/airslam/run2,results/vio-lc/euroc_mav/MH_03_medium/airslam/run2/run_eval.json,76979d58a2e9e561570f2dc2faaf63ee6f1ae9a07d204142bddec402446cebae,superseded_calibration_cohort,True,True,exited_zero,0,rerun_required,"[""airslam_rectified_camera_imu_extrinsic""]",False,se3,0.02480048925005253,common_camera_origin,True,keyframes,11.074074074074074,11.037037037037036,11.326491828202204,,,0.01008771195170771,0.01007679918237552,custom overlapping reference-distance windows; not KITTI,fe526e82185bb958b4bef9b1b72a145387a444b8aba1d331f63f143206964452,machine-3c9dca59a50f,2,legacy_input_count_assumed_processed; processing_claims_withheld,124.01342296600342,21.771836753027678,legacy_recorded_command_scope_unverified,available_input_frames_per_wrapper_elapsed_second,False,False,,"[""accuracy_conditional_on_observed_exports_and_reference_support"",""no_measured_processing_rate_or_realtime_deadline_claim""]","[""historical_dirty_runner_bytes_and_some_native_build_linkage_unavailable"",""recorded_profile_comparison_not_author_paper_reproduction_or_optimality""]",,False,0,invalid_setup,Confirmed estimator-side setup defect in the completed audit.,"[""airslam_rectified_camera_imu_extrinsic""]",True,success,True,False,False,unreviewed,historical recorded profile,,,recorded_estimator_export,unreviewed,,,,,,,configured log-pattern matches; absence does not prove no failure; loop matches do not certify accepted/correct closures,
euroc_mav,MH_03_medium,indoor_reference,airslam,vio-lc,True,True,3,default,ok,3,20.00000001896999,752,480,134.949999872,2700,,,,131.94999980926514,97.77695442442376,298,0.02473366945615158,0.10345308316897983,0.024733657278435947,0.10344484978518581,,,0.9999934325784392,0.0006567421560799147,0.02146069839686346,0.021461282784222938,0.1554856539158716,1.0741002980757273,,,,,,,0,,,,max_throughput,2700,,,299,,,,164.54650974273682,,,,,,16.4087345530535,2.2660098554922854,0.8201328610388341,,,164.54650974273682,,,container,225.6,134.9,336.9,1000.5,1131.1,1399.4,3252.0,5.0,23.0,,,,,,Intel(R) Core(TM) Ultra 9 285K,NVIDIA GeForce RTX 4090,0.006808987099317216,raw_reference_interpolated_at_observed_estimates,results/vio-lc/euroc_mav/MH_03_medium/airslam/run3,results/vio-lc/euroc_mav/MH_03_medium/airslam/run3/run_eval.json,76979d58a2e9e561570f2dc2faaf63ee6f1ae9a07d204142bddec402446cebae,superseded_calibration_cohort,True,True,exited_zero,0,rerun_required,"[""airslam_rectified_camera_imu_extrinsic""]",False,se3,0.02473366945615158,common_camera_origin,True,keyframes,11.074074074074074,11.037037037037036,11.326491828202204,,,0.010174945366371283,0.010173827946756043,custom overlapping reference-distance windows; not KITTI,fe526e82185bb958b4bef9b1b72a145387a444b8aba1d331f63f143206964452,machine-3c9dca59a50f,2,legacy_input_count_assumed_processed; processing_claims_withheld,164.54650974273682,16.4087345530535,legacy_recorded_command_scope_unverified,available_input_frames_per_wrapper_elapsed_second,False,False,,"[""accuracy_conditional_on_observed_exports_and_reference_support"",""no_measured_processing_rate_or_realtime_deadline_claim""]","[""historical_dirty_runner_bytes_and_some_native_build_linkage_unavailable"",""recorded_profile_comparison_not_author_paper_reproduction_or_optimality""]",,False,0,invalid_setup,Confirmed estimator-side setup defect in the completed audit.,"[""airslam_rectified_camera_imu_extrinsic""]",True,success,True,False,False,unreviewed,historical recorded profile,,,recorded_estimator_export,unreviewed,,,,,,,configured log-pattern matches; absence does not prove no failure; loop matches do not certify accepted/correct closures,
euroc_mav,MH_05_difficult,indoor_reference,airslam,vio-lc,True,True,1,default,ok,3,20.0,752,480,113.6,2273,,,,112.70000004768372,99.20774660413345,185,0.053407635964308996,0.167247688475122,0.05000715124823646,0.15920011274427542,,,1.0027696755191622,0.27696755191621847,0.036220824231255805,0.03649048730526968,0.1578925433476264,1.5078367355461684,,,,,,,0,,,,max_throughput,2273,,,188,,,,78.25920271873474,,,,,,29.04450749606038,1.6681455183713987,1.4515864710877955,,,78.25920271873474,,,container,194.6,147.7,330.9,778.9,980.3,1851.3,3252.0,7.5,22.0,,,,,,Intel(R) Core(TM) Ultra 9 285K,NVIDIA GeForce RTX 4090,0.011289135756852703,raw_reference_interpolated_at_observed_estimates,results/vio-lc/euroc_mav/MH_05_difficult/airslam/run1,results/vio-lc/euroc_mav/MH_05_difficult/airslam/run1/run_eval.json,76979d58a2e9e561570f2dc2faaf63ee6f1ae9a07d204142bddec402446cebae,superseded_calibration_cohort,True,True,exited_zero,0,rerun_required,"[""airslam_rectified_camera_imu_extrinsic""]",False,se3,0.053407635964308996,common_camera_origin,True,keyframes,8.271007479102508,8.139023317201936,8.329581269698334,,,0.021491179708372717,0.020972708566397453,custom overlapping reference-distance windows; not KITTI,fe526e82185bb958b4bef9b1b72a145387a444b8aba1d331f63f143206964452,machine-3c9dca59a50f,2,legacy_input_count_assumed_processed; processing_claims_withheld,78.25920271873474,29.04450749606038,legacy_recorded_command_scope_unverified,available_input_frames_per_wrapper_elapsed_second,False,False,,"[""accuracy_conditional_on_observed_exports_and_reference_support"",""no_measured_processing_rate_or_realtime_deadline_claim""]","[""historical_dirty_runner_bytes_and_some_native_build_linkage_unavailable"",""recorded_profile_comparison_not_author_paper_reproduction_or_optimality""]",,False,0,invalid_setup,Confirmed estimator-side setup defect in the completed audit.,"[""airslam_rectified_camera_imu_extrinsic""]",True,success,True,False,False,unreviewed,historical recorded profile,,,recorded_estimator_export,unreviewed,,,,,,,configured log-pattern matches; absence does not prove no failure; loop matches do not certify accepted/correct closures,
euroc_mav,MH_05_difficult,indoor_reference,airslam,vio-lc,True,True,2,default,ok,3,20.0,752,480,113.6,2273,,,,112.70000004768372,99.20774660413345,185,0.0533649916647831,0.16830640639487257,0.050396427479564916,0.16088808539191743,,,1.0025916802493986,0.2591680249398598,0.036746114202229806,0.03703359915713858,0.1597867594316581,1.5136590504546061,,,,,,,0,,,,max_throughput,2273,,,188,,,,73.12164211273193,,,,,,31.0851881101864,1.6681455183713987,1.5535756121217161,,,73.12164211273193,,,container,194.4,156.0,337.0,813.4,971.6,1970.0,3252.0,8.2,23.0,,,,,,Intel(R) Core(TM) Ultra 9 285K,NVIDIA GeForce RTX 4090,0.01182879360467641,raw_reference_interpolated_at_observed_estimates,results/vio-lc/euroc_mav/MH_05_difficult/airslam/run2,results/vio-lc/euroc_mav/MH_05_difficult/airslam/run2/run_eval.json,76979d58a2e9e561570f2dc2faaf63ee6f1ae9a07d204142bddec402446cebae,superseded_calibration_cohort,True,True,exited_zero,0,rerun_required,"[""airslam_rectified_camera_imu_extrinsic""]",False,se3,0.0533649916647831,common_camera_origin,True,keyframes,8.271007479102508,8.139023317201936,8.329581269698334,,,0.02195147895884491,0.021409139642457595,custom overlapping reference-distance windows; not KITTI,fe526e82185bb958b4bef9b1b72a145387a444b8aba1d331f63f143206964452,machine-3c9dca59a50f,2,legacy_input_count_assumed_processed; processing_claims_withheld,73.12164211273193,31.0851881101864,legacy_recorded_command_scope_unverified,available_input_frames_per_wrapper_elapsed_second,False,False,,"[""accuracy_conditional_on_observed_exports_and_reference_support"",""no_measured_processing_rate_or_realtime_deadline_claim""]","[""historical_dirty_runner_bytes_and_some_native_build_linkage_unavailable"",""recorded_profile_comparison_not_author_paper_reproduction_or_optimality""]",,False,0,invalid_setup,Confirmed estimator-side setup defect in the completed audit.,"[""airslam_rectified_camera_imu_extrinsic""]",True,success,True,False,False,unreviewed,historical recorded profile,,,recorded_estimator_export,unreviewed,,,,,,,configured log-pattern matches; absence does not prove no failure; loop matches do not certify accepted/correct closures,
euroc_mav,MH_05_difficult,indoor_reference,airslam,vio-lc,True,True,3,default,ok,3,20.0,752,480,113.6,2273,,,,112.70000004768372,99.20774660413345,185,0.053725150332721995,0.16929246772463996,0.050382169108600175,0.16136913694302393,,,1.0027552988385469,0.275529883854686,0.03655179584327358,0.03682202571073705,0.1597916035332086,1.5236964859288193,,,,,,,0,,,,max_throughput,2273,,,188,,,,78.22778129577637,,,,,,29.05617368088033,1.6681455183713987,1.4521695237030325,,,78.22778129577637,,,container,195.0,148.2,335.9,776.4,983.5,1852.3,3252.0,7.5,22.0,,,,,,Intel(R) Core(TM) Ultra 9 285K,NVIDIA GeForce RTX 4090,0.01193544079996771,raw_reference_interpolated_at_observed_estimates,results/vio-lc/euroc_mav/MH_05_difficult/airslam/run3,results/vio-lc/euroc_mav/MH_05_difficult/airslam/run3/run_eval.json,76979d58a2e9e561570f2dc2faaf63ee6f1ae9a07d204142bddec402446cebae,superseded_calibration_cohort,True,True,exited_zero,0,rerun_required,"[""airslam_rectified_camera_imu_extrinsic""]",False,se3,0.053725150332721995,common_camera_origin,True,keyframes,8.271007479102508,8.139023317201936,8.329581269698334,,,0.02168274641652168,0.021163016575315625,custom overlapping reference-distance windows; not KITTI,fe526e82185bb958b4bef9b1b72a145387a444b8aba1d331f63f143206964452,machine-3c9dca59a50f,2,legacy_input_count_assumed_processed; processing_claims_withheld,78.22778129577637,29.05617368088033,legacy_recorded_command_scope_unverified,available_input_frames_per_wrapper_elapsed_second,False,False,,"[""accuracy_conditional_on_observed_exports_and_reference_support"",""no_measured_processing_rate_or_realtime_deadline_claim""]","[""historical_dirty_runner_bytes_and_some_native_build_linkage_unavailable"",""recorded_profile_comparison_not_author_paper_reproduction_or_optimality""]",,False,0,invalid_setup,Confirmed estimator-side setup defect in the completed audit.,"[""airslam_rectified_camera_imu_extrinsic""]",True,success,True,False,False,unreviewed,historical recorded profile,,,recorded_estimator_export,unreviewed,,,,,,,configured log-pattern matches; absence does not prove no failure; loop matches do not certify accepted/correct closures,
hortimulti,strawberry02,agricultural,airslam,vio-lc,True,True,1,default,ok,3,10.006198922022815,640,480,952.309670661,9530,,,,943.8177378177643,99.10828030730447,1888,7.0684108078475,13.30340262518602,5.918434842665548,14.420416629138487,,,1.0912052618662786,9.120526186627863,,,,,,,,,,,0,,,,max_throughput,9530,,,1953,,,,561.8019640445709,,,,,,16.963272843318027,2.069255452345707,1.6950985073650788,,,561.8019640445709,,,container,591.6,139.0,323.0,2486.0,3588.5,1758.6,3242.0,8.2,49.0,6.148032476311184,10.86515979582406,24,7,global_se3,Intel(R) Core(TM) Ultra 9 285K,NVIDIA GeForce RTX 4090,5.207070779855892,raw_reference_interpolated_at_observed_estimates,results/vio-lc/hortimulti/strawberry02/airslam/run1,results/vio-lc/hortimulti/strawberry02/airslam/run1/run_eval.json,08b962a0b00ade1997e4bf6bb729d28939389c036bc8deb49422a8b51a4645da,superseded_calibration_cohort,True,True,exited_zero,0,rerun_required,"[""horti_camera_imu_time_offset_uncompensated"",""horti_february_reference_generation_origin_and_timestamp_linkage_unresolved""]",False,se3,7.0684108078475,provisional_sensor_origin,False,keyframes,20.49317943336831,19.811122770199372,21.398617250368357,,,0.20361666092997138,0.23961760979887456,custom overlapping reference-distance windows; not KITTI,fe526e82185bb958b4bef9b1b72a145387a444b8aba1d331f63f143206964452,machine-3c9dca59a50f,2,legacy_input_count_assumed_processed; processing_claims_withheld,561.8019640445709,16.963272843318027,legacy_recorded_command_scope_unverified,available_input_frames_per_wrapper_elapsed_second,False,False,,"[""accuracy_conditional_on_observed_exports_and_reference_support"",""no_measured_processing_rate_or_realtime_deadline_claim""]","[""historical_dirty_runner_bytes_and_some_native_build_linkage_unavailable"",""recorded_profile_comparison_not_author_paper_reproduction_or_optimality""]",,False,0,invalid_setup,Confirmed estimator-side setup defect in the completed audit.,"[""horti_camera_imu_time_offset_uncompensated"",""horti_february_reference_generation_origin_and_timestamp_linkage_unresolved""]",True,success,True,False,False,unreviewed,historical recorded profile,,,recorded_estimator_export,unreviewed,,,,,,,configured log-pattern matches; absence does not prove no failure; loop matches do not certify accepted/correct closures,
hortimulti,strawberry02,agricultural,airslam,vio-lc,True,True,2,default,ok,3,10.006198922022815,640,480,952.309670661,9530,,,,943.8177378177643,99.10828030730447,1888,6.464936770509034,13.161151128407411,5.6195599343331635,14.20387965706808,,,1.074197784465838,7.419778446583791,,,,,,,,,,,0,,,,max_throughput,9530,,,1953,,,,556.031815290451,,,,,,17.139307028720776,2.069255452345707,1.7126891744301886,,,556.031815290451,,,container,589.9,138.8,316.9,2476.1,3581.1,1772.9,3242.0,8.5,45.0,5.889688392951331,9.970387639940038,24,7,global_se3,Intel(R) Core(TM) Ultra 9 285K,NVIDIA GeForce RTX 4090,5.149438773282152,raw_reference_interpolated_at_observed_estimates,results/vio-lc/hortimulti/strawberry02/airslam/run2,results/vio-lc/hortimulti/strawberry02/airslam/run2/run_eval.json,08b962a0b00ade1997e4bf6bb729d28939389c036bc8deb49422a8b51a4645da,superseded_calibration_cohort,True,True,exited_zero,0,rerun_required,"[""horti_camera_imu_time_offset_uncompensated"",""horti_february_reference_generation_origin_and_timestamp_linkage_unresolved""]",False,se3,6.464936770509034,provisional_sensor_origin,False,keyframes,20.49317943336831,19.811122770199372,21.398617250368357,,,0.18497354707067643,0.21557393842257494,custom overlapping reference-distance windows; not KITTI,fe526e82185bb958b4bef9b1b72a145387a444b8aba1d331f63f143206964452,machine-3c9dca59a50f,2,legacy_input_count_assumed_processed; processing_claims_withheld,556.031815290451,17.139307028720776,legacy_recorded_command_scope_unverified,available_input_frames_per_wrapper_elapsed_second,False,False,,"[""accuracy_conditional_on_observed_exports_and_reference_support"",""no_measured_processing_rate_or_realtime_deadline_claim""]","[""historical_dirty_runner_bytes_and_some_native_build_linkage_unavailable"",""recorded_profile_comparison_not_author_paper_reproduction_or_optimality""]",,False,0,invalid_setup,Confirmed estimator-side setup defect in the completed audit.,"[""horti_camera_imu_time_offset_uncompensated"",""horti_february_reference_generation_origin_and_timestamp_linkage_unresolved""]",True,success,True,False,False,unreviewed,historical recorded profile,,,recorded_estimator_export,unreviewed,,,,,,,configured log-pattern matches; absence does not prove no failure; loop matches do not certify accepted/correct closures,
hortimulti,strawberry02,agricultural,airslam,vio-lc,True,True,3,default,ok,3,10.006198922022815,640,480,952.309670661,9530,,,,943.8177378177643,99.10828030730447,1888,6.642467091180798,13.150406788024998,5.687455874367523,14.282431505366938,,,1.080112145911277,8.011214591127702,,,,,,,,,,,0,,,,max_throughput,9530,,,1953,,,,524.7099831104279,,,,,,18.162414108279627,2.069255452345707,1.8149257710736246,,,524.7099831104279,,,container,575.7,138.5,327.0,2408.4,3505.7,1851.2,3242.0,8.7,42.0,5.697255407887471,9.866453792384906,24,7,global_se3,Intel(R) Core(TM) Ultra 9 285K,NVIDIA GeForce RTX 4090,4.80689402736357,raw_reference_interpolated_at_observed_estimates,results/vio-lc/hortimulti/strawberry02/airslam/run3,results/vio-lc/hortimulti/strawberry02/airslam/run3/run_eval.json,08b962a0b00ade1997e4bf6bb729d28939389c036bc8deb49422a8b51a4645da,superseded_calibration_cohort,True,True,exited_zero,0,rerun_required,"[""horti_camera_imu_time_offset_uncompensated"",""horti_february_reference_generation_origin_and_timestamp_linkage_unresolved""]",False,se3,6.642467091180798,provisional_sensor_origin,False,keyframes,20.49317943336831,19.811122770199372,21.398617250368357,,,0.15848162373163308,0.19289986633118492,custom overlapping reference-distance windows; not KITTI,fe526e82185bb958b4bef9b1b72a145387a444b8aba1d331f63f143206964452,machine-3c9dca59a50f,2,legacy_input_count_assumed_processed; processing_claims_withheld,524.7099831104279,18.162414108279627,legacy_recorded_command_scope_unverified,available_input_frames_per_wrapper_elapsed_second,False,False,,"[""accuracy_conditional_on_observed_exports_and_reference_support"",""no_measured_processing_rate_or_realtime_deadline_claim""]","[""historical_dirty_runner_bytes_and_some_native_build_linkage_unavailable"",""recorded_profile_comparison_not_author_paper_reproduction_or_optimality""]",,False,0,invalid_setup,Confirmed estimator-side setup defect in the completed audit.,"[""horti_camera_imu_time_offset_uncompensated"",""horti_february_reference_generation_origin_and_timestamp_linkage_unresolved""]",True,success,True,False,False,unreviewed,historical recorded profile,,,recorded_estimator_export,unreviewed,,,,,,,configured log-pattern matches; absence does not prove no failure; loop matches do not certify accepted/correct closures,
hortimulti,strawberry02,agricultural,okvis2,vio-lc,True,True,1,default,ok,3,10.006198922022815,640,480,952.309670661,9530,99.99304997997483,,,952.2434849739075,99.99304997997483,8823,1.741519352593355,3.385291444208519,0.8311111336844927,2.9800933155850693,,,1.0322582075992672,3.225820759926723,,,,,,,,,,,8,0,,True,max_throughput,9530,,,9529,,,,1204.8899292945862,,,,,,7.909436180265383,10.006894402917448,0.7903706782944565,,,1204.8899292945862,,,process_tree,1711.3,142.1,333.9,974.2,1417.6,0.0,0.0,0.0,0.0,2.073933712864644,2.457464646500312,41,8,global_se3,Intel(R) Core(TM) Ultra 9 285K,NVIDIA GeForce RTX 4090,2.691560451436761,raw_reference_interpolated_at_observed_estimates,results/vio-lc/hortimulti/strawberry02/okvis2/run1,results/vio-lc/hortimulti/strawberry02/okvis2/run1/run_eval.json,be86e9aa751b50b0aa4caa36ad02397841c03dcd23426d1f323cffc6af2434e8,superseded_calibration_cohort,True,True,exited_zero,0,rerun_required,"[""horti_camera_imu_time_offset_uncompensated"",""horti_february_reference_generation_origin_and_timestamp_linkage_unresolved""]",False,se3,1.741519352593355,provisional_sensor_origin,False,poses,99.98950682056663,92.5813221406086,100.0,,,0.08208604060688748,0.08065852602199783,custom overlapping reference-distance windows; not KITTI,fe526e82185bb958b4bef9b1b72a145387a444b8aba1d331f63f143206964452,machine-3c9dca59a50f,2,legacy_input_count_assumed_processed; processing_claims_withheld,1204.8899292945862,7.909436180265383,legacy_recorded_command_scope_unverified,available_input_frames_per_wrapper_elapsed_second,False,False,,"[""accuracy_conditional_on_observed_exports_and_reference_support"",""no_measured_processing_rate_or_realtime_deadline_claim""]","[""historical_dirty_runner_bytes_and_some_native_build_linkage_unavailable"",""recorded_profile_comparison_not_author_paper_reproduction_or_optimality""]",,False,0,invalid_setup,Confirmed estimator-side setup defect in the completed audit.,"[""horti_camera_imu_time_offset_uncompensated"",""horti_february_reference_generation_origin_and_timestamp_linkage_unresolved""]",True,success,True,False,False,unreviewed,historical recorded profile,,,recorded_estimator_export,unreviewed,,,,,,,configured log-pattern matches; absence does not prove no failure; loop matches do not certify accepted/correct closures,
hortimulti,strawberry02,agricultural,okvis2,vio-lc,True,True,2,default,ok,3,10.006198922022815,640,480,952.309670661,9530,99.99304997997483,,,952.2434849739075,99.99304997997483,8823,1.7393332296306014,3.3474373783381624,0.8238749872475086,2.938768157691762,,,1.0322891481430145,3.2289148143014534,,,,,,,,,,,11,0,,True,max_throughput,9530,,,9529,,,,1203.295172214508,,,,,,7.919918753152874,10.006894402917448,0.7914181762518999,,,1203.295172214508,,,process_tree,1714.0,142.6,363.0,966.8,1453.4,0.0,0.0,0.0,0.0,2.06724280143262,2.4551369419254647,41,8,global_se3,Intel(R) Core(TM) Ultra 9 285K,NVIDIA GeForce RTX 4090,2.7378418229646275,raw_reference_interpolated_at_observed_estimates,results/vio-lc/hortimulti/strawberry02/okvis2/run2,results/vio-lc/hortimulti/strawberry02/okvis2/run2/run_eval.json,be86e9aa751b50b0aa4caa36ad02397841c03dcd23426d1f323cffc6af2434e8,superseded_calibration_cohort,True,True,exited_zero,0,rerun_required,"[""horti_camera_imu_time_offset_uncompensated"",""horti_february_reference_generation_origin_and_timestamp_linkage_unresolved""]",False,se3,1.7393332296306014,provisional_sensor_origin,False,poses,99.98950682056663,92.5813221406086,100.0,,,0.08205340861605276,0.08051275556157314,custom overlapping reference-distance windows; not KITTI,fe526e82185bb958b4bef9b1b72a145387a444b8aba1d331f63f143206964452,machine-3c9dca59a50f,2,legacy_input_count_assumed_processed; processing_claims_withheld,1203.295172214508,7.919918753152874,legacy_recorded_command_scope_unverified,available_input_frames_per_wrapper_elapsed_second,False,False,,"[""accuracy_conditional_on_observed_exports_and_reference_support"",""no_measured_processing_rate_or_realtime_deadline_claim""]","[""historical_dirty_runner_bytes_and_some_native_build_linkage_unavailable"",""recorded_profile_comparison_not_author_paper_reproduction_or_optimality""]",,False,0,invalid_setup,Confirmed estimator-side setup defect in the completed audit.,"[""horti_camera_imu_time_offset_uncompensated"",""horti_february_reference_generation_origin_and_timestamp_linkage_unresolved""]",True,success,True,False,False,unreviewed,historical recorded profile,,,recorded_estimator_export,unreviewed,,,,,,,configured log-pattern matches; absence does not prove no failure; loop matches do not certify accepted/correct closures,
hortimulti,strawberry02,agricultural,okvis2,vio-lc,True,True,3,default,ok,3,10.006198922022815,640,480,952.309670661,9530,99.99304997997483,,,952.2434849739075,99.99304997997483,8823,2.0804451689460826,3.763230087130187,1.4293497111777431,3.1525754755614344,,,1.0318604372508215,3.186043725082155,,,,,,,,,,,8,0,,True,max_throughput,9530,,,9529,,,,1209.625968694687,,,,,,7.878468424651852,10.006894402917448,0.7872761459597,,,1209.625968694687,,,process_tree,1713.3,141.7,360.0,967.4,1411.7,0.0,0.0,0.0,0.0,2.338495113121776,2.7232088750333205,41,8,global_se3,Intel(R) Core(TM) Ultra 9 285K,NVIDIA GeForce RTX 4090,3.570010842362459,raw_reference_interpolated_at_observed_estimates,results/vio-lc/hortimulti/strawberry02/okvis2/run3,results/vio-lc/hortimulti/strawberry02/okvis2/run3/run_eval.json,be86e9aa751b50b0aa4caa36ad02397841c03dcd23426d1f323cffc6af2434e8,superseded_calibration_cohort,True,True,exited_zero,0,rerun_required,"[""horti_camera_imu_time_offset_uncompensated"",""horti_february_reference_generation_origin_and_timestamp_linkage_unresolved""]",False,se3,2.0804451689460826,provisional_sensor_origin,False,poses,99.98950682056663,92.5813221406086,100.0,,,0.08176925386634268,0.0803049193468315,custom overlapping reference-distance windows; not KITTI,fe526e82185bb958b4bef9b1b72a145387a444b8aba1d331f63f143206964452,machine-3c9dca59a50f,2,legacy_input_count_assumed_processed; processing_claims_withheld,1209.625968694687,7.878468424651852,legacy_recorded_command_scope_unverified,available_input_frames_per_wrapper_elapsed_second,False,False,,"[""accuracy_conditional_on_observed_exports_and_reference_support"",""no_measured_processing_rate_or_realtime_deadline_claim""]","[""historical_dirty_runner_bytes_and_some_native_build_linkage_unavailable"",""recorded_profile_comparison_not_author_paper_reproduction_or_optimality""]",,False,0,invalid_setup,Confirmed estimator-side setup defect in the completed audit.,"[""horti_camera_imu_time_offset_uncompensated"",""horti_february_reference_generation_origin_and_timestamp_linkage_unresolved""]",True,success,True,False,False,unreviewed,historical recorded profile,,,recorded_estimator_export,unreviewed,,,,,,,configured log-pattern matches; absence does not prove no failure; loop matches do not certify accepted/correct closures,
hortimulti,strawberry02,agricultural,okvis2x,vio-lc,True,True,1,default,ok,3,10.006198922022815,640,480,952.309670661,9530,99.99304997997483,,,952.2434849739075,99.99304997997483,8823,3.9874761177853575,6.663757582501224,2.009000944285479,3.588300212383826,,,1.0757106655144746,7.571066551447458,,,,,,,,,,,4,0,,True,max_throughput,9530,,,9529,,,,1263.4411268234253,,,,,,7.542892025337627,10.006894402917448,0.7537428143415295,,,1263.4411268234253,,,process_tree,1776.7,140.6,345.0,1787.5,4462.7,0.0,0.0,0.0,0.0,4.206885781218235,5.796886023220639,41,8,global_se3,Intel(R) Core(TM) Ultra 9 285K,NVIDIA GeForce RTX 4090,6.613841992100994,raw_reference_interpolated_at_observed_estimates,results/vio-lc/hortimulti/strawberry02/okvis2x/run1,results/vio-lc/hortimulti/strawberry02/okvis2x/run1/run_eval.json,40b444ef5ce4af78d4ae2b4a6067bbce7aa4ed88df41ae66fc7f8d30bb23904c,superseded_calibration_cohort,True,True,exited_zero,0,rerun_required,"[""horti_camera_imu_time_offset_uncompensated"",""horti_february_reference_generation_origin_and_timestamp_linkage_unresolved""]",False,se3,3.9874761177853575,provisional_sensor_origin,False,poses,99.98950682056663,92.5813221406086,100.0,,,0.10131092355144108,0.08113026308747096,custom overlapping reference-distance windows; not KITTI,fe526e82185bb958b4bef9b1b72a145387a444b8aba1d331f63f143206964452,machine-3c9dca59a50f,2,legacy_input_count_assumed_processed; processing_claims_withheld,1263.4411268234253,7.542892025337627,legacy_recorded_command_scope_unverified,available_input_frames_per_wrapper_elapsed_second,False,False,,"[""accuracy_conditional_on_observed_exports_and_reference_support"",""no_measured_processing_rate_or_realtime_deadline_claim""]","[""historical_dirty_runner_bytes_and_some_native_build_linkage_unavailable"",""recorded_profile_comparison_not_author_paper_reproduction_or_optimality""]",,False,0,invalid_setup,Confirmed estimator-side setup defect in the completed audit.,"[""horti_camera_imu_time_offset_uncompensated"",""horti_february_reference_generation_origin_and_timestamp_linkage_unresolved""]",True,success,True,False,False,unreviewed,historical recorded profile,,,recorded_estimator_export,unreviewed,,,,,,,configured log-pattern matches; absence does not prove no failure; loop matches do not certify accepted/correct closures,
hortimulti,strawberry02,agricultural,okvis2x,vio-lc,True,True,2,default,ok,3,10.006198922022815,640,480,952.309670661,9530,99.99304997997483,,,952.2434849739075,99.99304997997483,8823,3.386986302899239,5.732432085428483,1.5289970465838378,3.090063332585018,,,1.0657953011172288,6.5795301117228755,,,,,,,,,,,6,0,,True,max_throughput,9530,,,9529,,,,1257.205257177353,,,,,,7.580305559170606,10.006894402917448,0.7574814575822126,,,1257.205257177353,,,process_tree,1760.7,140.1,356.0,1773.4,4471.9,0.0,0.0,0.0,0.0,3.5036541276798157,4.9398742836009255,41,8,global_se3,Intel(R) Core(TM) Ultra 9 285K,NVIDIA GeForce RTX 4090,5.172079122022232,raw_reference_interpolated_at_observed_estimates,results/vio-lc/hortimulti/strawberry02/okvis2x/run2,results/vio-lc/hortimulti/strawberry02/okvis2x/run2/run_eval.json,40b444ef5ce4af78d4ae2b4a6067bbce7aa4ed88df41ae66fc7f8d30bb23904c,superseded_calibration_cohort,True,True,exited_zero,0,rerun_required,"[""horti_camera_imu_time_offset_uncompensated"",""horti_february_reference_generation_origin_and_timestamp_linkage_unresolved""]",False,se3,3.386986302899239,provisional_sensor_origin,False,poses,99.98950682056663,92.5813221406086,100.0,,,0.09570615973462156,0.08102354824037633,custom overlapping reference-distance windows; not KITTI,fe526e82185bb958b4bef9b1b72a145387a444b8aba1d331f63f143206964452,machine-3c9dca59a50f,2,legacy_input_count_assumed_processed; processing_claims_withheld,1257.205257177353,7.580305559170606,legacy_recorded_command_scope_unverified,available_input_frames_per_wrapper_elapsed_second,False,False,,"[""accuracy_conditional_on_observed_exports_and_reference_support"",""no_measured_processing_rate_or_realtime_deadline_claim""]","[""historical_dirty_runner_bytes_and_some_native_build_linkage_unavailable"",""recorded_profile_comparison_not_author_paper_reproduction_or_optimality""]",,False,0,invalid_setup,Confirmed estimator-side setup defect in the completed audit.,"[""horti_camera_imu_time_offset_uncompensated"",""horti_february_reference_generation_origin_and_timestamp_linkage_unresolved""]",True,success,True,False,False,unreviewed,historical recorded profile,,,recorded_estimator_export,unreviewed,,,,,,,configured log-pattern matches; absence does not prove no failure; loop matches do not certify accepted/correct closures,
hortimulti,strawberry02,agricultural,okvis2x,vio-lc,True,True,3,default,ok,3,10.006198922022815,640,480,952.309670661,9530,99.99304997997483,,,952.2434849739075,99.99304997997483,8823,3.282671457527018,5.792860605691489,0.804372780365747,2.988065197702241,,,1.0695031858640218,6.950318586402182,,,,,,,,,,,7,0,,True,max_throughput,9530,,,9529,,,,1261.3807847499847,,,,,,7.555212601315247,10.006894402917448,0.7549739794676489,,,1261.3807847499847,,,process_tree,1782.3,141.3,344.9,1794.7,4496.0,0.0,0.0,0.0,0.0,3.4604045399297334,4.9807921520661065,41,8,global_se3,Intel(R) Core(TM) Ultra 9 285K,NVIDIA GeForce RTX 4090,5.246057492586125,raw_reference_interpolated_at_observed_estimates,results/vio-lc/hortimulti/strawberry02/okvis2x/run3,results/vio-lc/hortimulti/strawberry02/okvis2x/run3/run_eval.json,40b444ef5ce4af78d4ae2b4a6067bbce7aa4ed88df41ae66fc7f8d30bb23904c,superseded_calibration_cohort,True,True,exited_zero,0,rerun_required,"[""horti_camera_imu_time_offset_uncompensated"",""horti_february_reference_generation_origin_and_timestamp_linkage_unresolved""]",False,se3,3.282671457527018,provisional_sensor_origin,False,poses,99.98950682056663,92.5813221406086,100.0,,,0.09738928425968943,0.08118693496703738,custom overlapping reference-distance windows; not KITTI,fe526e82185bb958b4bef9b1b72a145387a444b8aba1d331f63f143206964452,machine-3c9dca59a50f,2,legacy_input_count_assumed_processed; processing_claims_withheld,1261.3807847499847,7.555212601315247,legacy_recorded_command_scope_unverified,available_input_frames_per_wrapper_elapsed_second,False,False,,"[""accuracy_conditional_on_observed_exports_and_reference_support"",""no_measured_processing_rate_or_realtime_deadline_claim""]","[""historical_dirty_runner_bytes_and_some_native_build_linkage_unavailable"",""recorded_profile_comparison_not_author_paper_reproduction_or_optimality""]",,False,0,invalid_setup,Confirmed estimator-side setup defect in the completed audit.,"[""horti_camera_imu_time_offset_uncompensated"",""horti_february_reference_generation_origin_and_timestamp_linkage_unresolved""]",True,success,True,False,False,unreviewed,historical recorded profile,,,recorded_estimator_export,unreviewed,,,,,,,configured log-pattern matches; absence does not prove no failure; loop matches do not certify accepted/correct closures,
hortimulti,strawberry02,agricultural,orbslam3,vio-lc,True,True,1,default,ok,3,10.006198922022815,640,480,952.309670661,9530,99.7404194071092,,,949.8376595973969,99.7404194071092,8823,2.265872863375715,4.057959637532371,1.0037832550661916,3.3959165264794473,,,1.0432782897521202,4.3278289752120225,,,,,,,,,,,1,0,0,True,paced,9530,,,9505,,,,1046.6811134815216,,,,,,9.104969868330624,10.00697319584995,0.9098374456371942,,,1046.6811134815216,,,process_tree,1036.5,99.1,150.9,2625.9,4511.8,0.0,0.0,0.0,0.0,2.694847189232684,3.2794307621269065,41,8,global_se3,Intel(R) Core(TM) Ultra 9 285K,NVIDIA GeForce RTX 4090,3.7693123374361366,raw_reference_interpolated_at_observed_estimates,results/vio-lc/hortimulti/strawberry02/orbslam3/run1,results/vio-lc/hortimulti/strawberry02/orbslam3/run1/run_eval.json,8fb2bc2fc3b132feba33bdab4b52417c669cb8fab55c27a9367b2c531d81db88,superseded_calibration_cohort,True,True,exited_zero,0,rerun_required,"[""historical_orb_loaded_library_abi_unknown"",""horti_camera_imu_time_offset_uncompensated"",""horti_february_reference_generation_origin_and_timestamp_linkage_unresolved"",""orb_horti_rectified_camera_imu_extrinsic""]",False,se3,2.265872863375715,provisional_sensor_origin,False,poses,99.7376705141658,92.5813221406086,100.0,,,0.0871359060352692,0.08322346250942367,custom overlapping reference-distance windows; not KITTI,fe526e82185bb958b4bef9b1b72a145387a444b8aba1d331f63f143206964452,machine-3c9dca59a50f,2,legacy_input_count_assumed_processed; processing_claims_withheld,,,,available_input_frames_per_wrapper_elapsed_second,False,False,,"[""accuracy_conditional_on_observed_exports_and_reference_support"",""historical_orb_loaded_library_abi_unknown"",""no_measured_processing_rate_or_realtime_deadline_claim""]","[""historical_dirty_runner_bytes_and_some_native_build_linkage_unavailable"",""recorded_profile_comparison_not_author_paper_reproduction_or_optimality""]",,False,0,invalid_setup,Confirmed estimator-side setup defect in the completed audit.,"[""horti_camera_imu_time_offset_uncompensated"",""horti_february_reference_generation_origin_and_timestamp_linkage_unresolved"",""orb_horti_rectified_camera_imu_extrinsic""]",True,success,True,False,False,unreviewed,historical recorded profile,,,recorded_estimator_export,partial,False,partial,0,0,0,1,"configured log-pattern matches; absence does not prove no failure; loop matches do not certify accepted/correct closures; ORB tracking_losses includes recoverable local-map failure messages, not unique lost episodes; map_resets counts explicit Tracking resets only; local mapping/init reset messages are separate overlapping observations",docs/campaigns/log-observation-review-20261002.json
hortimulti,strawberry02,agricultural,orbslam3,vio-lc,True,True,2,default,ok,3,10.006198922022815,640,480,952.309670661,9530,99.7404194071092,,,949.8376595973969,99.7404194071092,8823,2.22055134788009,3.928946299040684,0.9819558646317874,3.264037297590664,,,1.0423947298152743,4.239472981527426,,,,,,,,,,,1,0,0,True,paced,9530,,,9505,,,,1012.7526009082794,,,,,,9.409998050316625,10.00697319584995,0.9403181683588373,,,1012.7526009082794,,,process_tree,1021.8,100.9,151.0,2645.9,4490.4,0.0,0.0,0.0,0.0,2.617553653703419,3.210949103030808,41,8,global_se3,Intel(R) Core(TM) Ultra 9 285K,NVIDIA GeForce RTX 4090,3.772845208142639,raw_reference_interpolated_at_observed_estimates,results/vio-lc/hortimulti/strawberry02/orbslam3/run2,results/vio-lc/hortimulti/strawberry02/orbslam3/run2/run_eval.json,8fb2bc2fc3b132feba33bdab4b52417c669cb8fab55c27a9367b2c531d81db88,superseded_calibration_cohort,True,True,exited_zero,0,rerun_required,"[""historical_orb_loaded_library_abi_unknown"",""horti_camera_imu_time_offset_uncompensated"",""horti_february_reference_generation_origin_and_timestamp_linkage_unresolved"",""orb_horti_rectified_camera_imu_extrinsic""]",False,se3,2.22055134788009,provisional_sensor_origin,False,poses,99.7376705141658,92.5813221406086,100.0,,,0.08665616136124549,0.08265861537333201,custom overlapping reference-distance windows; not KITTI,fe526e82185bb958b4bef9b1b72a145387a444b8aba1d331f63f143206964452,machine-3c9dca59a50f,2,legacy_input_count_assumed_processed; processing_claims_withheld,,,,available_input_frames_per_wrapper_elapsed_second,False,False,,"[""accuracy_conditional_on_observed_exports_and_reference_support"",""historical_orb_loaded_library_abi_unknown"",""no_measured_processing_rate_or_realtime_deadline_claim""]","[""historical_dirty_runner_bytes_and_some_native_build_linkage_unavailable"",""recorded_profile_comparison_not_author_paper_reproduction_or_optimality""]",,False,0,invalid_setup,Confirmed estimator-side setup defect in the completed audit.,"[""horti_camera_imu_time_offset_uncompensated"",""horti_february_reference_generation_origin_and_timestamp_linkage_unresolved"",""orb_horti_rectified_camera_imu_extrinsic""]",True,success,True,False,False,unreviewed,historical recorded profile,,,recorded_estimator_export,partial,False,partial,0,0,0,1,"configured log-pattern matches; absence does not prove no failure; loop matches do not certify accepted/correct closures; ORB tracking_losses includes recoverable local-map failure messages, not unique lost episodes; map_resets counts explicit Tracking resets only; local mapping/init reset messages are separate overlapping observations",docs/campaigns/log-observation-review-20261002.json
hortimulti,strawberry02,agricultural,orbslam3,vio-lc,True,True,3,default,ok,3,10.006198922022815,640,480,952.309670661,9530,99.7404194071092,,,949.8376595973969,99.7404194071092,8823,2.2324644148715227,3.94279196795504,0.9718341189213643,3.2337704087968207,,,1.0427985282700378,4.279852827003783,,,,,,,,,,,1,0,0,True,paced,9530,,,9505,,,,1012.3228063583374,,,,,,9.41399318492348,10.00697319584995,0.9407173924219856,,,1012.3228063583374,,,process_tree,1021.2,100.9,157.8,2650.5,4543.5,0.0,0.0,0.0,0.0,2.628004742909073,3.241909146704172,41,8,global_se3,Intel(R) Core(TM) Ultra 9 285K,NVIDIA GeForce RTX 4090,3.6520985686246767,raw_reference_interpolated_at_observed_estimates,results/vio-lc/hortimulti/strawberry02/orbslam3/run3,results/vio-lc/hortimulti/strawberry02/orbslam3/run3/run_eval.json,8fb2bc2fc3b132feba33bdab4b52417c669cb8fab55c27a9367b2c531d81db88,superseded_calibration_cohort,True,True,exited_zero,0,rerun_required,"[""historical_orb_loaded_library_abi_unknown"",""horti_camera_imu_time_offset_uncompensated"",""horti_february_reference_generation_origin_and_timestamp_linkage_unresolved"",""orb_horti_rectified_camera_imu_extrinsic""]",False,se3,2.2324644148715227,provisional_sensor_origin,False,poses,99.7376705141658,92.5813221406086,100.0,,,0.08625662886987938,0.0822568675969138,custom overlapping reference-distance windows; not KITTI,fe526e82185bb958b4bef9b1b72a145387a444b8aba1d331f63f143206964452,machine-3c9dca59a50f,2,legacy_input_count_assumed_processed; processing_claims_withheld,,,,available_input_frames_per_wrapper_elapsed_second,False,False,,"[""accuracy_conditional_on_observed_exports_and_reference_support"",""historical_orb_loaded_library_abi_unknown"",""no_measured_processing_rate_or_realtime_deadline_claim""]","[""historical_dirty_runner_bytes_and_some_native_build_linkage_unavailable"",""recorded_profile_comparison_not_author_paper_reproduction_or_optimality""]",,False,0,invalid_setup,Confirmed estimator-side setup defect in the completed audit.,"[""horti_camera_imu_time_offset_uncompensated"",""horti_february_reference_generation_origin_and_timestamp_linkage_unresolved"",""orb_horti_rectified_camera_imu_extrinsic""]",True,success,True,False,False,unreviewed,historical recorded profile,,,recorded_estimator_export,partial,False,partial,0,0,0,1,"configured log-pattern matches; absence does not prove no failure; loop matches do not certify accepted/correct closures; ORB tracking_losses includes recoverable local-map failure messages, not unique lost episodes; map_resets counts explicit Tracking resets only; local mapping/init reset messages are separate overlapping observations",docs/campaigns/log-observation-review-20261002.json
hortimulti,strawberry03,agricultural,airslam,vio-lc,True,True,1,default,ok,3,10.007445545596081,640,480,242.219654252,2425,,,,236.36977314949036,97.58488583902796,459,1.2123983346003353,2.321548899611282,1.0771392879497095,2.3708132708056278,,,1.0332746659096297,3.3274665909629686,,,,,,,,,,,0,,,,max_throughput,2425,,,460,,,,149.29273796081543,,,,,,16.24325491730539,1.9461033188413492,1.6224476664447365,,,149.29273796081543,,,container,220.2,132.1,315.9,1137.3,1314.6,1623.8,3234.0,6.7,42.0,1.0148535193089845,1.773818545862183,4,4,global_se3,Intel(R) Core(TM) Ultra 9 285K,NVIDIA GeForce RTX 4090,2.1475849296316385,raw_reference_interpolated_at_observed_estimates,results/vio-lc/hortimulti/strawberry03/airslam/run1,results/vio-lc/hortimulti/strawberry03/airslam/run1/run_eval.json,08b962a0b00ade1997e4bf6bb729d28939389c036bc8deb49422a8b51a4645da,superseded_calibration_cohort,True,True,exited_zero,0,rerun_required,"[""horti_camera_imu_time_offset_uncompensated"",""horti_february_reference_generation_origin_and_timestamp_linkage_unresolved""]",False,se3,1.2123983346003353,provisional_sensor_origin,False,keyframes,18.969072164948454,18.927835051546392,18.974782968168665,,,0.03690533665453678,0.028015776411064203,custom overlapping reference-distance windows; not KITTI,fe526e82185bb958b4bef9b1b72a145387a444b8aba1d331f63f143206964452,machine-3c9dca59a50f,2,legacy_input_count_assumed_processed; processing_claims_withheld,149.29273796081543,16.24325491730539,legacy_recorded_command_scope_unverified,available_input_frames_per_wrapper_elapsed_second,False,False,,"[""accuracy_conditional_on_observed_exports_and_reference_support"",""no_measured_processing_rate_or_realtime_deadline_claim""]","[""historical_dirty_runner_bytes_and_some_native_build_linkage_unavailable"",""recorded_profile_comparison_not_author_paper_reproduction_or_optimality""]",,False,0,invalid_setup,Confirmed estimator-side setup defect in the completed audit.,"[""horti_camera_imu_time_offset_uncompensated"",""horti_february_reference_generation_origin_and_timestamp_linkage_unresolved""]",True,success,True,False,False,unreviewed,historical recorded profile,,,recorded_estimator_export,unreviewed,,,,,,,configured log-pattern matches; absence does not prove no failure; loop matches do not certify accepted/correct closures,
hortimulti,strawberry03,agricultural,airslam,vio-lc,True,True,2,default,ok,3,10.007445545596081,640,480,242.219654252,2425,,,,236.36977314949036,97.58488583902796,459,0.816282665212054,1.75256376096611,0.28323891238940446,0.8265320285644976,,,1.04626827438096,4.626827438095993,,,,,,,,,,,0,,,,max_throughput,2425,,,460,,,,169.46743822097778,,,,,,14.30953359215775,1.9461033188413492,1.42929908461723,,,169.46743822097778,,,container,220.5,128.0,317.0,1135.0,1349.3,1481.5,3242.0,5.5,33.0,0.6533018786220547,1.2654624775223335,4,4,global_se3,Intel(R) Core(TM) Ultra 9 285K,NVIDIA GeForce RTX 4090,1.7111297266985004,raw_reference_interpolated_at_observed_estimates,results/vio-lc/hortimulti/strawberry03/airslam/run2,results/vio-lc/hortimulti/strawberry03/airslam/run2/run_eval.json,08b962a0b00ade1997e4bf6bb729d28939389c036bc8deb49422a8b51a4645da,superseded_calibration_cohort,True,True,exited_zero,0,rerun_required,"[""horti_camera_imu_time_offset_uncompensated"",""horti_february_reference_generation_origin_and_timestamp_linkage_unresolved""]",False,se3,0.816282665212054,provisional_sensor_origin,False,keyframes,18.969072164948454,18.927835051546392,18.974782968168665,,,0.04491198860777245,0.0302633042608376,custom overlapping reference-distance windows; not KITTI,fe526e82185bb958b4bef9b1b72a145387a444b8aba1d331f63f143206964452,machine-3c9dca59a50f,2,legacy_input_count_assumed_processed; processing_claims_withheld,169.46743822097778,14.30953359215775,legacy_recorded_command_scope_unverified,available_input_frames_per_wrapper_elapsed_second,False,False,,"[""accuracy_conditional_on_observed_exports_and_reference_support"",""no_measured_processing_rate_or_realtime_deadline_claim""]","[""historical_dirty_runner_bytes_and_some_native_build_linkage_unavailable"",""recorded_profile_comparison_not_author_paper_reproduction_or_optimality""]",,False,0,invalid_setup,Confirmed estimator-side setup defect in the completed audit.,"[""horti_camera_imu_time_offset_uncompensated"",""horti_february_reference_generation_origin_and_timestamp_linkage_unresolved""]",True,success,True,False,False,unreviewed,historical recorded profile,,,recorded_estimator_export,unreviewed,,,,,,,configured log-pattern matches; absence does not prove no failure; loop matches do not certify accepted/correct closures,
hortimulti,strawberry03,agricultural,airslam,vio-lc,True,True,3,default,ok,3,10.007445545596081,640,480,242.219654252,2425,,,,236.36977314949036,97.58488583902796,459,1.1930228858341907,2.21382325110486,1.0601788111460033,2.003021053984986,,,1.0326931631313374,3.269316313133741,,,,,,,,,,,0,,,,max_throughput,2425,,,460,,,,144.1041328907013,,,,,,16.82810861392359,1.9461033188413492,1.6808654232379785,,,144.1041328907013,,,container,221.5,134.0,313.0,1126.7,1314.2,1666.7,3242.0,7.5,39.0,0.9989240875024732,1.7487549029236957,4,4,global_se3,Intel(R) Core(TM) Ultra 9 285K,NVIDIA GeForce RTX 4090,2.0926956513152453,raw_reference_interpolated_at_observed_estimates,results/vio-lc/hortimulti/strawberry03/airslam/run3,results/vio-lc/hortimulti/strawberry03/airslam/run3/run_eval.json,08b962a0b00ade1997e4bf6bb729d28939389c036bc8deb49422a8b51a4645da,superseded_calibration_cohort,True,True,exited_zero,0,rerun_required,"[""horti_camera_imu_time_offset_uncompensated"",""horti_february_reference_generation_origin_and_timestamp_linkage_unresolved""]",False,se3,1.1930228858341907,provisional_sensor_origin,False,keyframes,18.969072164948454,18.927835051546392,18.974782968168665,,,0.03462331099977575,0.02603133918294556,custom overlapping reference-distance windows; not KITTI,fe526e82185bb958b4bef9b1b72a145387a444b8aba1d331f63f143206964452,machine-3c9dca59a50f,2,legacy_input_count_assumed_processed; processing_claims_withheld,144.1041328907013,16.82810861392359,legacy_recorded_command_scope_unverified,available_input_frames_per_wrapper_elapsed_second,False,False,,"[""accuracy_conditional_on_observed_exports_and_reference_support"",""no_measured_processing_rate_or_realtime_deadline_claim""]","[""historical_dirty_runner_bytes_and_some_native_build_linkage_unavailable"",""recorded_profile_comparison_not_author_paper_reproduction_or_optimality""]",,False,0,invalid_setup,Confirmed estimator-side setup defect in the completed audit.,"[""horti_camera_imu_time_offset_uncompensated"",""horti_february_reference_generation_origin_and_timestamp_linkage_unresolved""]",True,success,True,False,False,unreviewed,historical recorded profile,,,recorded_estimator_export,unreviewed,,,,,,,configured log-pattern matches; absence does not prove no failure; loop matches do not certify accepted/correct closures,
hortimulti,strawberry03,agricultural,okvis2,vio-lc,True,True,1,default,ok,3,10.007445545596081,640,480,242.219654252,2425,99.93658983962646,,,242.06606245040894,99.93658983962646,2419,0.664570163123549,1.04854790922701,0.09167012441191885,0.16218672474431445,,,1.0363477503644336,3.6347750364433606,,,,,,,,,,,58,0,,True,max_throughput,2425,,,2423,,,,163.6518235206604,,,,,,14.81804447900853,10.009664202706606,1.4800913861561174,,,163.6518235206604,,,process_tree,301.4,184.8,275.0,537.9,653.6,0.0,0.0,0.0,0.0,0.5093480163086295,0.938848602664832,4,4,global_se3,Intel(R) Core(TM) Ultra 9 285K,NVIDIA GeForce RTX 4090,0.965718200500331,raw_reference_interpolated_at_observed_estimates,results/vio-lc/hortimulti/strawberry03/okvis2/run1,results/vio-lc/hortimulti/strawberry03/okvis2/run1/run_eval.json,182b1097d4cdc561ff738fdd7229a670e480973b321d3617a9012cd02900d664,superseded_calibration_cohort,True,True,exited_zero,0,rerun_required,"[""horti_camera_imu_time_offset_uncompensated"",""horti_february_reference_generation_origin_and_timestamp_linkage_unresolved""]",False,se3,0.664570163123549,provisional_sensor_origin,False,poses,99.91752577319588,99.75257731958763,100.0,,,0.04557801344465188,0.02382797095348163,custom overlapping reference-distance windows; not KITTI,fe526e82185bb958b4bef9b1b72a145387a444b8aba1d331f63f143206964452,machine-3c9dca59a50f,2,legacy_input_count_assumed_processed; processing_claims_withheld,163.6518235206604,14.81804447900853,legacy_recorded_command_scope_unverified,available_input_frames_per_wrapper_elapsed_second,False,False,,"[""accuracy_conditional_on_observed_exports_and_reference_support"",""no_measured_processing_rate_or_realtime_deadline_claim""]","[""historical_dirty_runner_bytes_and_some_native_build_linkage_unavailable"",""recorded_profile_comparison_not_author_paper_reproduction_or_optimality""]",,False,0,invalid_setup,Confirmed estimator-side setup defect in the completed audit.,"[""horti_camera_imu_time_offset_uncompensated"",""horti_february_reference_generation_origin_and_timestamp_linkage_unresolved""]",True,success,True,False,False,unreviewed,historical recorded profile,,,recorded_estimator_export,unreviewed,,,,,,,configured log-pattern matches; absence does not prove no failure; loop matches do not certify accepted/correct closures,
hortimulti,strawberry03,agricultural,okvis2,vio-lc,True,True,2,default,ok,3,10.007445545596081,640,480,242.219654252,2425,99.93658983962646,,,242.06606245040894,99.93658983962646,2419,0.670624732682364,1.0414864999002207,0.0984449070668923,0.16495674285881154,,,1.0366421946221076,3.6642194622107604,,,,,,,,,,,62,0,,True,max_throughput,2425,,,2423,,,,162.98579287528992,,,,,,14.87859743613059,10.009664202706606,1.4861396815549877,,,162.98579287528992,,,process_tree,302.7,186.8,281.0,534.8,656.9,0.0,0.0,0.0,0.0,0.5178915293653179,0.9409293372559373,4,4,global_se3,Intel(R) Core(TM) Ultra 9 285K,NVIDIA GeForce RTX 4090,0.9758928757935662,raw_reference_interpolated_at_observed_estimates,results/vio-lc/hortimulti/strawberry03/okvis2/run2,results/vio-lc/hortimulti/strawberry03/okvis2/run2/run_eval.json,182b1097d4cdc561ff738fdd7229a670e480973b321d3617a9012cd02900d664,superseded_calibration_cohort,True,True,exited_zero,0,rerun_required,"[""horti_camera_imu_time_offset_uncompensated"",""horti_february_reference_generation_origin_and_timestamp_linkage_unresolved""]",False,se3,0.670624732682364,provisional_sensor_origin,False,poses,99.91752577319588,99.75257731958763,100.0,,,0.04561265683842448,0.023541231288952472,custom overlapping reference-distance windows; not KITTI,fe526e82185bb958b4bef9b1b72a145387a444b8aba1d331f63f143206964452,machine-3c9dca59a50f,2,legacy_input_count_assumed_processed; processing_claims_withheld,162.98579287528992,14.87859743613059,legacy_recorded_command_scope_unverified,available_input_frames_per_wrapper_elapsed_second,False,False,,"[""accuracy_conditional_on_observed_exports_and_reference_support"",""no_measured_processing_rate_or_realtime_deadline_claim""]","[""historical_dirty_runner_bytes_and_some_native_build_linkage_unavailable"",""recorded_profile_comparison_not_author_paper_reproduction_or_optimality""]",,False,0,invalid_setup,Confirmed estimator-side setup defect in the completed audit.,"[""horti_camera_imu_time_offset_uncompensated"",""horti_february_reference_generation_origin_and_timestamp_linkage_unresolved""]",True,success,True,False,False,unreviewed,historical recorded profile,,,recorded_estimator_export,unreviewed,,,,,,,configured log-pattern matches; absence does not prove no failure; loop matches do not certify accepted/correct closures,
hortimulti,strawberry03,agricultural,okvis2,vio-lc,True,True,3,default,ok,3,10.007445545596081,640,480,242.219654252,2425,99.93658983962646,,,242.06606245040894,99.93658983962646,2419,0.6492992596380445,1.0075283932836059,0.10920751001563875,0.17199587471522604,,,1.035309247676164,3.5309247676164057,,,,,,,,,,,65,0,,True,max_throughput,2425,,,2423,,,,165.3198800086975,,,,,,14.668532301574501,10.009664202706606,1.4651574529870655,,,165.3198800086975,,,process_tree,308.7,187.0,285.0,538.8,657.8,0.0,0.0,0.0,0.0,0.503389097218006,0.9076006234491264,4,4,global_se3,Intel(R) Core(TM) Ultra 9 285K,NVIDIA GeForce RTX 4090,0.9414871817794556,raw_reference_interpolated_at_observed_estimates,results/vio-lc/hortimulti/strawberry03/okvis2/run3,results/vio-lc/hortimulti/strawberry03/okvis2/run3/run_eval.json,182b1097d4cdc561ff738fdd7229a670e480973b321d3617a9012cd02900d664,superseded_calibration_cohort,True,True,exited_zero,0,rerun_required,"[""horti_camera_imu_time_offset_uncompensated"",""horti_february_reference_generation_origin_and_timestamp_linkage_unresolved""]",False,se3,0.6492992596380445,provisional_sensor_origin,False,poses,99.91752577319588,99.75257731958763,100.0,,,0.04476866000958363,0.02339963435420739,custom overlapping reference-distance windows; not KITTI,fe526e82185bb958b4bef9b1b72a145387a444b8aba1d331f63f143206964452,machine-3c9dca59a50f,2,legacy_input_count_assumed_processed; processing_claims_withheld,165.3198800086975,14.668532301574501,legacy_recorded_command_scope_unverified,available_input_frames_per_wrapper_elapsed_second,False,False,,"[""accuracy_conditional_on_observed_exports_and_reference_support"",""no_measured_processing_rate_or_realtime_deadline_claim""]","[""historical_dirty_runner_bytes_and_some_native_build_linkage_unavailable"",""recorded_profile_comparison_not_author_paper_reproduction_or_optimality""]",,False,0,invalid_setup,Confirmed estimator-side setup defect in the completed audit.,"[""horti_camera_imu_time_offset_uncompensated"",""horti_february_reference_generation_origin_and_timestamp_linkage_unresolved""]",True,success,True,False,False,unreviewed,historical recorded profile,,,recorded_estimator_export,unreviewed,,,,,,,configured log-pattern matches; absence does not prove no failure; loop matches do not certify accepted/correct closures,
hortimulti,strawberry03,agricultural,okvis2x,vio-lc,True,True,1,default,ok,3,10.007445545596081,640,480,242.219654252,2425,99.93658983962646,,,242.06606245040894,99.93658983962646,2419,1.6717349512712063,4.869976781001525,0.20575006257991404,3.191917310618644,,,1.096978317882074,9.6978317882074,,,,,,,,,,,24,0,,True,max_throughput,2425,,,2423,,,,165.36728644371033,,,,,,14.664327220640766,10.009664202706606,1.464737431028235,,,165.36728644371033,,,process_tree,281.7,170.7,285.8,620.7,1085.4,0.0,0.0,0.0,0.0,1.3033431635626291,2.331144705344625,4,4,global_se3,Intel(R) Core(TM) Ultra 9 285K,NVIDIA GeForce RTX 4090,2.2761289412730235,raw_reference_interpolated_at_observed_estimates,results/vio-lc/hortimulti/strawberry03/okvis2x/run1,results/vio-lc/hortimulti/strawberry03/okvis2x/run1/run_eval.json,86f33a0ad698589886db3a46ae9697422dd1a4565aa93747d9c9a9e416c2e9d1,superseded_calibration_cohort,True,True,exited_zero,0,rerun_required,"[""horti_camera_imu_time_offset_uncompensated"",""horti_february_reference_generation_origin_and_timestamp_linkage_unresolved""]",False,se3,1.6717349512712063,provisional_sensor_origin,False,poses,99.91752577319588,99.75257731958763,100.0,,,0.17779549315699725,0.17320924477834457,custom overlapping reference-distance windows; not KITTI,fe526e82185bb958b4bef9b1b72a145387a444b8aba1d331f63f143206964452,machine-3c9dca59a50f,2,legacy_input_count_assumed_processed; processing_claims_withheld,165.36728644371033,14.664327220640766,legacy_recorded_command_scope_unverified,available_input_frames_per_wrapper_elapsed_second,False,False,,"[""accuracy_conditional_on_observed_exports_and_reference_support"",""no_measured_processing_rate_or_realtime_deadline_claim""]","[""historical_dirty_runner_bytes_and_some_native_build_linkage_unavailable"",""recorded_profile_comparison_not_author_paper_reproduction_or_optimality""]",,False,0,invalid_setup,Confirmed estimator-side setup defect in the completed audit.,"[""horti_camera_imu_time_offset_uncompensated"",""horti_february_reference_generation_origin_and_timestamp_linkage_unresolved""]",True,success,True,False,False,unreviewed,historical recorded profile,,,recorded_estimator_export,unreviewed,,,,,,,configured log-pattern matches; absence does not prove no failure; loop matches do not certify accepted/correct closures,
hortimulti,strawberry03,agricultural,okvis2x,vio-lc,True,True,2,default,ok,3,10.007445545596081,640,480,242.219654252,2425,99.93658983962646,,,242.06606245040894,99.93658983962646,2419,1.4567889290941225,3.3752946734559095,1.2904261908333745,2.670753333158382,,,1.037460405977432,3.7460405977431943,,,,,,,,,,,14,0,,True,max_throughput,2425,,,2423,,,,172.34808731079102,,,,,,14.070362124919077,10.009664202706606,1.4054095876612884,,,172.34808731079102,,,process_tree,288.1,167.4,319.9,636.3,1155.5,0.0,0.0,0.0,0.0,1.4626155607513094,1.114686467246865,4,4,global_se3,Intel(R) Core(TM) Ultra 9 285K,NVIDIA GeForce RTX 4090,0.1714867610470453,raw_reference_interpolated_at_observed_estimates,results/vio-lc/hortimulti/strawberry03/okvis2x/run2,results/vio-lc/hortimulti/strawberry03/okvis2x/run2/run_eval.json,86f33a0ad698589886db3a46ae9697422dd1a4565aa93747d9c9a9e416c2e9d1,superseded_calibration_cohort,True,True,exited_zero,0,rerun_required,"[""horti_camera_imu_time_offset_uncompensated"",""horti_february_reference_generation_origin_and_timestamp_linkage_unresolved""]",False,se3,1.4567889290941225,provisional_sensor_origin,False,poses,99.91752577319588,99.75257731958763,100.0,,,0.2305923610407979,0.23385326551202432,custom overlapping reference-distance windows; not KITTI,fe526e82185bb958b4bef9b1b72a145387a444b8aba1d331f63f143206964452,machine-3c9dca59a50f,2,legacy_input_count_assumed_processed; processing_claims_withheld,172.34808731079102,14.070362124919077,legacy_recorded_command_scope_unverified,available_input_frames_per_wrapper_elapsed_second,False,False,,"[""accuracy_conditional_on_observed_exports_and_reference_support"",""no_measured_processing_rate_or_realtime_deadline_claim""]","[""historical_dirty_runner_bytes_and_some_native_build_linkage_unavailable"",""recorded_profile_comparison_not_author_paper_reproduction_or_optimality""]",,False,0,invalid_setup,Confirmed estimator-side setup defect in the completed audit.,"[""horti_camera_imu_time_offset_uncompensated"",""horti_february_reference_generation_origin_and_timestamp_linkage_unresolved""]",True,success,True,False,False,unreviewed,historical recorded profile,,,recorded_estimator_export,unreviewed,,,,,,,configured log-pattern matches; absence does not prove no failure; loop matches do not certify accepted/correct closures,
hortimulti,strawberry03,agricultural,okvis2x,vio-lc,True,True,3,default,ok,3,10.007445545596081,640,480,242.219654252,2425,99.93658983962646,,,242.06606245040894,99.93658983962646,2419,0.7583108051920727,1.1752638551195451,0.09380918868911776,0.16189059678512405,,,1.0417708728918997,4.1770872891899735,,,,,,,,,,,23,0,,True,max_throughput,2425,,,2423,,,,167.01276111602783,,,,,,14.519848566034385,10.009664202706606,1.4503062682341659,,,167.01276111602783,,,process_tree,285.5,171.9,304.9,624.2,1077.6,0.0,0.0,0.0,0.0,0.585862724487827,1.0670124264461873,4,4,global_se3,Intel(R) Core(TM) Ultra 9 285K,NVIDIA GeForce RTX 4090,1.0866544059269934,raw_reference_interpolated_at_observed_estimates,results/vio-lc/hortimulti/strawberry03/okvis2x/run3,results/vio-lc/hortimulti/strawberry03/okvis2x/run3/run_eval.json,86f33a0ad698589886db3a46ae9697422dd1a4565aa93747d9c9a9e416c2e9d1,superseded_calibration_cohort,True,True,exited_zero,0,rerun_required,"[""horti_camera_imu_time_offset_uncompensated"",""horti_february_reference_generation_origin_and_timestamp_linkage_unresolved""]",False,se3,0.7583108051920727,provisional_sensor_origin,False,poses,99.91752577319588,99.75257731958763,100.0,,,0.050082686315812544,0.02303811319682539,custom overlapping reference-distance windows; not KITTI,fe526e82185bb958b4bef9b1b72a145387a444b8aba1d331f63f143206964452,machine-3c9dca59a50f,2,legacy_input_count_assumed_processed; processing_claims_withheld,167.01276111602783,14.519848566034385,legacy_recorded_command_scope_unverified,available_input_frames_per_wrapper_elapsed_second,False,False,,"[""accuracy_conditional_on_observed_exports_and_reference_support"",""no_measured_processing_rate_or_realtime_deadline_claim""]","[""historical_dirty_runner_bytes_and_some_native_build_linkage_unavailable"",""recorded_profile_comparison_not_author_paper_reproduction_or_optimality""]",,False,0,invalid_setup,Confirmed estimator-side setup defect in the completed audit.,"[""horti_camera_imu_time_offset_uncompensated"",""horti_february_reference_generation_origin_and_timestamp_linkage_unresolved""]",True,success,True,False,False,unreviewed,historical recorded profile,,,recorded_estimator_export,unreviewed,,,,,,,configured log-pattern matches; absence does not prove no failure; loop matches do not certify accepted/correct closures,
hortimulti,strawberry03,agricultural,orbslam3,vio-lc,True,True,1,default,ok,3,10.007445545596081,640,480,242.219654252,2425,99.93658983962646,,,242.06606245040894,99.93658983962646,2419,0.6779198145412789,1.1085378283262959,0.13077245099832305,0.26555677547284895,,,1.0367472419161976,3.6747241916197604,,,,,,,,,,,4,0,0,True,paced,2425,,,2423,,,,263.4367368221283,,,,,,9.205246121908019,10.009664202706606,0.9194604262245191,,,263.4367368221283,,,process_tree,220.3,83.7,119.0,1093.4,1419.0,0.0,0.0,0.0,0.0,0.5296031109505951,0.956316226444586,4,4,global_se3,Intel(R) Core(TM) Ultra 9 285K,NVIDIA GeForce RTX 4090,0.9643150484662553,raw_reference_interpolated_at_observed_estimates,results/vio-lc/hortimulti/strawberry03/orbslam3/run1,results/vio-lc/hortimulti/strawberry03/orbslam3/run1/run_eval.json,8fb2bc2fc3b132feba33bdab4b52417c669cb8fab55c27a9367b2c531d81db88,superseded_calibration_cohort,True,True,exited_zero,0,rerun_required,"[""historical_orb_loaded_library_abi_unknown"",""horti_camera_imu_time_offset_uncompensated"",""horti_february_reference_generation_origin_and_timestamp_linkage_unresolved"",""orb_horti_rectified_camera_imu_extrinsic""]",False,se3,0.6779198145412789,provisional_sensor_origin,False,poses,99.91752577319588,99.75257731958763,100.0,,,0.046531005814370766,0.02854108505367289,custom overlapping reference-distance windows; not KITTI,fe526e82185bb958b4bef9b1b72a145387a444b8aba1d331f63f143206964452,machine-3c9dca59a50f,2,legacy_input_count_assumed_processed; processing_claims_withheld,,,,available_input_frames_per_wrapper_elapsed_second,False,False,,"[""accuracy_conditional_on_observed_exports_and_reference_support"",""historical_orb_loaded_library_abi_unknown"",""no_measured_processing_rate_or_realtime_deadline_claim""]","[""historical_dirty_runner_bytes_and_some_native_build_linkage_unavailable"",""recorded_profile_comparison_not_author_paper_reproduction_or_optimality""]",,False,0,invalid_setup,Confirmed estimator-side setup defect in the completed audit.,"[""horti_camera_imu_time_offset_uncompensated"",""horti_february_reference_generation_origin_and_timestamp_linkage_unresolved"",""orb_horti_rectified_camera_imu_extrinsic""]",True,success,True,False,False,unreviewed,historical recorded profile,,,recorded_estimator_export,partial,False,partial,0,0,0,1,"configured log-pattern matches; absence does not prove no failure; loop matches do not certify accepted/correct closures; ORB tracking_losses includes recoverable local-map failure messages, not unique lost episodes; map_resets counts explicit Tracking resets only; local mapping/init reset messages are separate overlapping observations",docs/campaigns/log-observation-review-20261002.json
hortimulti,strawberry03,agricultural,orbslam3,vio-lc,True,True,2,default,ok,3,10.007445545596081,640,480,242.219654252,2425,99.93658983962646,,,242.06606245040894,99.93658983962646,2419,0.6777623286730997,1.0837423245264355,0.1653145784242198,0.3343071357253535,,,1.0362958106097861,3.629581060978615,,,,,,,,,,,2,0,0,True,paced,2425,,,2423,,,,259.5384261608124,,,,,,9.343510461520053,10.009664202706606,0.933270875934144,,,259.5384261608124,,,process_tree,222.0,85.7,138.0,1101.5,1432.5,0.0,0.0,0.0,0.0,0.5353467193656698,0.9486889502541123,4,4,global_se3,Intel(R) Core(TM) Ultra 9 285K,NVIDIA GeForce RTX 4090,0.9563179110524541,raw_reference_interpolated_at_observed_estimates,results/vio-lc/hortimulti/strawberry03/orbslam3/run2,results/vio-lc/hortimulti/strawberry03/orbslam3/run2/run_eval.json,8fb2bc2fc3b132feba33bdab4b52417c669cb8fab55c27a9367b2c531d81db88,superseded_calibration_cohort,True,True,exited_zero,0,rerun_required,"[""historical_orb_loaded_library_abi_unknown"",""horti_camera_imu_time_offset_uncompensated"",""horti_february_reference_generation_origin_and_timestamp_linkage_unresolved"",""orb_horti_rectified_camera_imu_extrinsic""]",False,se3,0.6777623286730997,provisional_sensor_origin,False,poses,99.91752577319588,99.75257731958763,100.0,,,0.046660096688405456,0.030040223470120482,custom overlapping reference-distance windows; not KITTI,fe526e82185bb958b4bef9b1b72a145387a444b8aba1d331f63f143206964452,machine-3c9dca59a50f,2,legacy_input_count_assumed_processed; processing_claims_withheld,,,,available_input_frames_per_wrapper_elapsed_second,False,False,,"[""accuracy_conditional_on_observed_exports_and_reference_support"",""historical_orb_loaded_library_abi_unknown"",""no_measured_processing_rate_or_realtime_deadline_claim""]","[""historical_dirty_runner_bytes_and_some_native_build_linkage_unavailable"",""recorded_profile_comparison_not_author_paper_reproduction_or_optimality""]",,False,0,invalid_setup,Confirmed estimator-side setup defect in the completed audit.,"[""horti_camera_imu_time_offset_uncompensated"",""horti_february_reference_generation_origin_and_timestamp_linkage_unresolved"",""orb_horti_rectified_camera_imu_extrinsic""]",True,success,True,False,False,unreviewed,historical recorded profile,,,recorded_estimator_export,partial,False,partial,0,0,0,1,"configured log-pattern matches; absence does not prove no failure; loop matches do not certify accepted/correct closures; ORB tracking_losses includes recoverable local-map failure messages, not unique lost episodes; map_resets counts explicit Tracking resets only; local mapping/init reset messages are separate overlapping observations",docs/campaigns/log-observation-review-20261002.json
hortimulti,strawberry03,agricultural,orbslam3,vio-lc,True,True,3,default,ok,3,10.007445545596081,640,480,242.219654252,2425,99.93658983962646,,,242.06606245040894,99.93658983962646,2419,0.6978073586728412,1.105228934136681,0.12984462484610293,0.2772757238818541,,,1.0379188457274333,3.7918845727433315,,,,,,,,,,,2,0,0,True,paced,2425,,,2423,,,,260.309832572937,,,,,,9.315821749916157,10.009664202706606,0.9305052057678316,,,260.309832572937,,,process_tree,220.6,84.8,126.0,1104.1,1430.0,0.0,0.0,0.0,0.0,0.5536721134684081,0.9727256894805377,4,4,global_se3,Intel(R) Core(TM) Ultra 9 285K,NVIDIA GeForce RTX 4090,0.9710421550838266,raw_reference_interpolated_at_observed_estimates,results/vio-lc/hortimulti/strawberry03/orbslam3/run3,results/vio-lc/hortimulti/strawberry03/orbslam3/run3/run_eval.json,8fb2bc2fc3b132feba33bdab4b52417c669cb8fab55c27a9367b2c531d81db88,superseded_calibration_cohort,True,True,exited_zero,0,rerun_required,"[""historical_orb_loaded_library_abi_unknown"",""horti_camera_imu_time_offset_uncompensated"",""horti_february_reference_generation_origin_and_timestamp_linkage_unresolved"",""orb_horti_rectified_camera_imu_extrinsic""]",False,se3,0.6978073586728412,provisional_sensor_origin,False,poses,99.91752577319588,99.75257731958763,100.0,,,0.04794615172267362,0.027720864202003155,custom overlapping reference-distance windows; not KITTI,fe526e82185bb958b4bef9b1b72a145387a444b8aba1d331f63f143206964452,machine-3c9dca59a50f,2,legacy_input_count_assumed_processed; processing_claims_withheld,,,,available_input_frames_per_wrapper_elapsed_second,False,False,,"[""accuracy_conditional_on_observed_exports_and_reference_support"",""historical_orb_loaded_library_abi_unknown"",""no_measured_processing_rate_or_realtime_deadline_claim""]","[""historical_dirty_runner_bytes_and_some_native_build_linkage_unavailable"",""recorded_profile_comparison_not_author_paper_reproduction_or_optimality""]",,False,0,invalid_setup,Confirmed estimator-side setup defect in the completed audit.,"[""horti_camera_imu_time_offset_uncompensated"",""horti_february_reference_generation_origin_and_timestamp_linkage_unresolved"",""orb_horti_rectified_camera_imu_extrinsic""]",True,success,True,False,False,unreviewed,historical recorded profile,,,recorded_estimator_export,partial,False,partial,0,0,0,1,"configured log-pattern matches; absence does not prove no failure; loop matches do not certify accepted/correct closures; ORB tracking_losses includes recoverable local-map failure messages, not unique lost episodes; map_resets counts explicit Tracking resets only; local mapping/init reset messages are separate overlapping observations",docs/campaigns/log-observation-review-20261002.json
euroc_mav,MH_01_easy,indoor_reference,orbslam3,vo,False,False,1,default,ok,3,20.000000013909265,752,480,184.049999872,3682,100.0,,,184.04999995231628,100.0,3638,0.0482056699051599,0.12047350481946897,0.03714718188675263,0.11613931604809347,,,1.0071559520867557,0.7155952086755679,0.021045844266862783,0.02021936147648259,0.20737807541182107,1.2911613888458997,0.5090070008466283,,,,,,0,0,0,True,paced,3682,,,3682,,,,199.09662985801697,,,,,,18.49353252551672,20.005433311349815,0.9244254917000304,,,199.09662985801697,,,process_tree,177.0,89.3,137.0,834.4,908.0,0.0,0.0,0.0,0.0,,,,,,Intel(R) Core(TM) Ultra 9 285K,NVIDIA GeForce RTX 4090,0.04919750013950212,raw_reference_interpolated_at_observed_estimates,results/vo/euroc_mav/MH_01_easy/orbslam3/run1,results/vo/euroc_mav/MH_01_easy/orbslam3/run1/run_eval.json,e19dffda7a067706b9bd15e697195a0076874b207fbeca1303891f222d6b4143,superseded_calibration_cohort,True,True,exited_zero,0,blocked,"[""historical_orb_loaded_library_abi_unknown""]",False,se3,0.0482056699051599,common_camera_origin,True,poses,100.0,98.80499728408473,100.0,,,0.011692673281101325,0.012995246356826105,custom overlapping reference-distance windows; not KITTI,fe526e82185bb958b4bef9b1b72a145387a444b8aba1d331f63f143206964452,machine-3c9dca59a50f,2,legacy_input_count_assumed_processed; processing_claims_withheld,,,,available_input_frames_per_wrapper_elapsed_second,False,False,recorded_profile_euroc_final_trajectory_se3_metric_accuracy,"[""accuracy_conditional_on_observed_exports_and_reference_support"",""historical_orb_loaded_library_abi_unknown"",""no_measured_processing_rate_or_realtime_deadline_claim""]","[""historical_dirty_runner_bytes_and_some_native_build_linkage_unavailable"",""recorded_profile_comparison_not_author_paper_reproduction_or_optimality""]",,False,0,blocked,Saved executable hashes do not establish which ORB/g2o libraries were loaded; demonstrated current ABI mismatch requires explicit historical review.,"[""historical_orb_loaded_library_abi_unknown""]",True,success,True,False,False,unreviewed,historical recorded profile,,,recorded_estimator_export,complete,False,complete,0,0,0,1,"configured log-pattern matches; absence does not prove no failure; loop matches do not certify accepted/correct closures; ORB tracking_losses includes recoverable local-map failure messages, not unique lost episodes; map_resets counts explicit Tracking resets only; local mapping/init reset messages are separate overlapping observations",docs/campaigns/log-observation-review-20261002.json
euroc_mav,MH_01_easy,indoor_reference,orbslam3,vo,False,False,2,default,ok,3,20.000000013909265,752,480,184.049999872,3682,100.0,,,184.04999995231628,100.0,3638,0.03834526574063272,0.13144693516227587,0.026790981220424857,0.1364384408001923,,,1.0063848855456288,0.6384885545628771,0.019829567019519937,0.01911046682921537,0.19809486789093037,1.2318746637364426,0.4734034451291997,,,,,,0,0,0,True,paced,3682,,,3682,,,,198.21824884414673,,,,,,18.57548445448658,20.005433311349815,0.9285219752749883,,,198.21824884414673,,,process_tree,170.8,86.2,113.0,828.7,901.0,0.0,0.0,0.0,0.0,,,,,,Intel(R) Core(TM) Ultra 9 285K,NVIDIA GeForce RTX 4090,0.04484960836978599,raw_reference_interpolated_at_observed_estimates,results/vo/euroc_mav/MH_01_easy/orbslam3/run2,results/vo/euroc_mav/MH_01_easy/orbslam3/run2/run_eval.json,e19dffda7a067706b9bd15e697195a0076874b207fbeca1303891f222d6b4143,superseded_calibration_cohort,True,True,exited_zero,0,blocked,"[""historical_orb_loaded_library_abi_unknown""]",False,se3,0.03834526574063272,common_camera_origin,True,poses,100.0,98.80499728408473,100.0,,,0.009653774911533979,0.010929792947819943,custom overlapping reference-distance windows; not KITTI,fe526e82185bb958b4bef9b1b72a145387a444b8aba1d331f63f143206964452,machine-3c9dca59a50f,2,legacy_input_count_assumed_processed; processing_claims_withheld,,,,available_input_frames_per_wrapper_elapsed_second,False,False,recorded_profile_euroc_final_trajectory_se3_metric_accuracy,"[""accuracy_conditional_on_observed_exports_and_reference_support"",""historical_orb_loaded_library_abi_unknown"",""no_measured_processing_rate_or_realtime_deadline_claim""]","[""historical_dirty_runner_bytes_and_some_native_build_linkage_unavailable"",""recorded_profile_comparison_not_author_paper_reproduction_or_optimality""]",,False,0,blocked,Saved executable hashes do not establish which ORB/g2o libraries were loaded; demonstrated current ABI mismatch requires explicit historical review.,"[""historical_orb_loaded_library_abi_unknown""]",True,success,True,False,False,unreviewed,historical recorded profile,,,recorded_estimator_export,complete,False,complete,0,0,0,1,"configured log-pattern matches; absence does not prove no failure; loop matches do not certify accepted/correct closures; ORB tracking_losses includes recoverable local-map failure messages, not unique lost episodes; map_resets counts explicit Tracking resets only; local mapping/init reset messages are separate overlapping observations",docs/campaigns/log-observation-review-20261002.json
euroc_mav,MH_01_easy,indoor_reference,orbslam3,vo,False,False,3,default,ok,3,20.000000013909265,752,480,184.049999872,3682,100.0,,,184.04999995231628,100.0,3638,0.03639005187720557,0.1357240834693543,0.01842527553875465,0.1404637901378421,,,1.00731015946752,0.7310159467520005,0.01893750407000817,0.01878461863423532,0.19907166282321992,1.1403921680916946,0.3928502381294828,,,,,,0,0,0,True,paced,3682,,,3682,,,,198.77774596214294,,,,,,18.52320028169166,20.005433311349815,0.9259084766328342,,,198.77774596214294,,,process_tree,177.6,89.7,134.0,833.0,910.5,0.0,0.0,0.0,0.0,,,,,,Intel(R) Core(TM) Ultra 9 285K,NVIDIA GeForce RTX 4090,0.04294551873166645,raw_reference_interpolated_at_observed_estimates,results/vo/euroc_mav/MH_01_easy/orbslam3/run3,results/vo/euroc_mav/MH_01_easy/orbslam3/run3/run_eval.json,e19dffda7a067706b9bd15e697195a0076874b207fbeca1303891f222d6b4143,superseded_calibration_cohort,True,True,exited_zero,0,blocked,"[""historical_orb_loaded_library_abi_unknown""]",False,se3,0.03639005187720557,common_camera_origin,True,poses,100.0,98.80499728408473,100.0,,,0.009667133239047419,0.00986530847074802,custom overlapping reference-distance windows; not KITTI,fe526e82185bb958b4bef9b1b72a145387a444b8aba1d331f63f143206964452,machine-3c9dca59a50f,2,legacy_input_count_assumed_processed; processing_claims_withheld,,,,available_input_frames_per_wrapper_elapsed_second,False,False,recorded_profile_euroc_final_trajectory_se3_metric_accuracy,"[""accuracy_conditional_on_observed_exports_and_reference_support"",""historical_orb_loaded_library_abi_unknown"",""no_measured_processing_rate_or_realtime_deadline_claim""]","[""historical_dirty_runner_bytes_and_some_native_build_linkage_unavailable"",""recorded_profile_comparison_not_author_paper_reproduction_or_optimality""]",,False,0,blocked,Saved executable hashes do not establish which ORB/g2o libraries were loaded; demonstrated current ABI mismatch requires explicit historical review.,"[""historical_orb_loaded_library_abi_unknown""]",True,success,True,False,False,unreviewed,historical recorded profile,,,recorded_estimator_export,complete,False,complete,0,0,0,1,"configured log-pattern matches; absence does not prove no failure; loop matches do not certify accepted/correct closures; ORB tracking_losses includes recoverable local-map failure messages, not unique lost episodes; map_resets counts explicit Tracking resets only; local mapping/init reset messages are separate overlapping observations",docs/campaigns/log-observation-review-20261002.json
euroc_mav,MH_03_medium,indoor_reference,orbslam3,vo,False,False,1,default,ok,3,20.00000001896999,752,480,134.949999872,2700,100.0,,,134.94999980926514,100.0,2631,0.025480046395363,0.10008979749238918,0.02480238169347667,0.10662487555336002,,,0.9983762830538383,0.16237169461617018,0.02843072073296674,0.028590131750965402,0.1959890773339563,1.6140495894009148,0.32537287451965413,0.17376769995835256,,,,,0,0,0,True,paced,2700,,,2700,,,,147.8383824825287,,,,,,18.263186830517995,20.007410180186074,0.9128211330722137,,,147.8383824825287,,,process_tree,158.8,108.0,169.0,839.6,944.7,0.0,0.0,0.0,0.0,,,,,,Intel(R) Core(TM) Ultra 9 285K,NVIDIA GeForce RTX 4090,0.008557293272676163,raw_reference_interpolated_at_observed_estimates,results/vo/euroc_mav/MH_03_medium/orbslam3/run1,results/vo/euroc_mav/MH_03_medium/orbslam3/run1/run_eval.json,0f0bd4770fab2ed59b08c1744fbb3ade0dd767602c0733d0e5b9a535927670fb,superseded_calibration_cohort,True,True,exited_zero,0,blocked,"[""historical_orb_loaded_library_abi_unknown""]",False,se3,0.025480046395363,common_camera_origin,True,poses,100.0,97.44444444444444,100.0,,,0.014206351067481237,0.013918698877120222,custom overlapping reference-distance windows; not KITTI,fe526e82185bb958b4bef9b1b72a145387a444b8aba1d331f63f143206964452,machine-3c9dca59a50f,2,legacy_input_count_assumed_processed; processing_claims_withheld,,,,available_input_frames_per_wrapper_elapsed_second,False,False,recorded_profile_euroc_final_trajectory_se3_metric_accuracy,"[""accuracy_conditional_on_observed_exports_and_reference_support"",""historical_orb_loaded_library_abi_unknown"",""no_measured_processing_rate_or_realtime_deadline_claim""]","[""historical_dirty_runner_bytes_and_some_native_build_linkage_unavailable"",""recorded_profile_comparison_not_author_paper_reproduction_or_optimality""]",,False,0,blocked,Saved executable hashes do not establish which ORB/g2o libraries were loaded; demonstrated current ABI mismatch requires explicit historical review.,"[""historical_orb_loaded_library_abi_unknown""]",True,success,True,False,False,unreviewed,historical recorded profile,,,recorded_estimator_export,complete,False,complete,0,0,0,1,"configured log-pattern matches; absence does not prove no failure; loop matches do not certify accepted/correct closures; ORB tracking_losses includes recoverable local-map failure messages, not unique lost episodes; map_resets counts explicit Tracking resets only; local mapping/init reset messages are separate overlapping observations",docs/campaigns/log-observation-review-20261002.json
euroc_mav,MH_03_medium,indoor_reference,orbslam3,vo,False,False,2,default,ok,3,20.00000001896999,752,480,134.949999872,2700,100.0,,,134.94999980926514,100.0,2631,0.03621335752096137,0.10657011309086604,0.02965916057365603,0.10122736497870094,,,0.9942441443789036,0.5755855621096373,0.03066951331457954,0.031206255618121657,0.20999974288186535,1.6972603386440492,0.32217143432912415,0.19129483288716925,,,,,0,0,0,True,paced,2700,,,2700,,,,147.72258949279785,,,,,,18.277502508386757,20.007410180186074,0.9135366518594948,,,147.72258949279785,,,process_tree,161.5,109.8,166.9,836.6,955.2,0.0,0.0,0.0,0.0,,,,,,Intel(R) Core(TM) Ultra 9 285K,NVIDIA GeForce RTX 4090,0.03664502095349916,raw_reference_interpolated_at_observed_estimates,results/vo/euroc_mav/MH_03_medium/orbslam3/run2,results/vo/euroc_mav/MH_03_medium/orbslam3/run2/run_eval.json,0f0bd4770fab2ed59b08c1744fbb3ade0dd767602c0733d0e5b9a535927670fb,superseded_calibration_cohort,True,True,exited_nonzero,139,blocked,"[""historical_orb_loaded_library_abi_unknown""]",False,se3,0.03621335752096137,common_camera_origin,True,poses,100.0,97.44444444444444,100.0,,,0.016956962722287815,0.016071012368791496,custom overlapping reference-distance windows; not KITTI,fe526e82185bb958b4bef9b1b72a145387a444b8aba1d331f63f143206964452,machine-3c9dca59a50f,2,legacy_input_count_assumed_processed; processing_claims_withheld,,,,available_input_frames_per_wrapper_elapsed_second,False,False,recorded_profile_euroc_final_trajectory_se3_metric_accuracy,"[""accuracy_conditional_on_observed_exports_and_reference_support"",""historical_orb_loaded_library_abi_unknown"",""no_measured_processing_rate_or_realtime_deadline_claim"",""saved_accuracy_with_recorded_nonzero_exit_no_clean_success""]","[""historical_dirty_runner_bytes_and_some_native_build_linkage_unavailable"",""recorded_profile_comparison_not_author_paper_reproduction_or_optimality""]",,False,1,blocked,Saved executable hashes do not establish which ORB/g2o libraries were loaded; demonstrated current ABI mismatch requires explicit historical review.,"[""historical_orb_loaded_library_abi_unknown""]",True,completed_export_shutdown_error,False,True,False,unreviewed,historical recorded profile,,,recorded_estimator_export,complete,True,completed export; shutdown error,0,0,0,1,"configured log-pattern matches; absence does not prove no failure; loop matches do not certify accepted/correct closures; ORB tracking_losses includes recoverable local-map failure messages, not unique lost episodes; map_resets counts explicit Tracking resets only; local mapping/init reset messages are separate overlapping observations",docs/campaigns/log-observation-review-20261002.json
euroc_mav,MH_03_medium,indoor_reference,orbslam3,vo,False,False,3,default,ok,3,20.00000001896999,752,480,134.949999872,2700,100.0,,,134.94999980926514,100.0,2631,0.031091109352544215,0.10019105511277075,0.02720588409619902,0.09602769392605251,,,0.9958244222460491,0.4175577753950943,0.02990594031331817,0.030176101068945454,0.19646474766775077,1.6587128871025132,0.32969035756457593,0.18318837802560395,,,,,0,0,0,True,paced,2700,,,2700,,,,147.68159985542297,,,,,,18.282575504621025,20.007410180186074,0.9137902077264751,,,147.68159985542297,,,process_tree,162.9,110.8,158.9,832.4,922.3,0.0,0.0,0.0,0.0,,,,,,Intel(R) Core(TM) Ultra 9 285K,NVIDIA GeForce RTX 4090,0.02578423247272038,raw_reference_interpolated_at_observed_estimates,results/vo/euroc_mav/MH_03_medium/orbslam3/run3,results/vo/euroc_mav/MH_03_medium/orbslam3/run3/run_eval.json,0f0bd4770fab2ed59b08c1744fbb3ade0dd767602c0733d0e5b9a535927670fb,superseded_calibration_cohort,True,True,exited_zero,0,blocked,"[""historical_orb_loaded_library_abi_unknown""]",False,se3,0.031091109352544215,common_camera_origin,True,poses,100.0,97.44444444444444,100.0,,,0.013902066667473635,0.013417559894518498,custom overlapping reference-distance windows; not KITTI,fe526e82185bb958b4bef9b1b72a145387a444b8aba1d331f63f143206964452,machine-3c9dca59a50f,2,legacy_input_count_assumed_processed; processing_claims_withheld,,,,available_input_frames_per_wrapper_elapsed_second,False,False,recorded_profile_euroc_final_trajectory_se3_metric_accuracy,"[""accuracy_conditional_on_observed_exports_and_reference_support"",""historical_orb_loaded_library_abi_unknown"",""no_measured_processing_rate_or_realtime_deadline_claim""]","[""historical_dirty_runner_bytes_and_some_native_build_linkage_unavailable"",""recorded_profile_comparison_not_author_paper_reproduction_or_optimality""]",,False,0,blocked,Saved executable hashes do not establish which ORB/g2o libraries were loaded; demonstrated current ABI mismatch requires explicit historical review.,"[""historical_orb_loaded_library_abi_unknown""]",True,success,True,False,False,unreviewed,historical recorded profile,,,recorded_estimator_export,complete,False,complete,0,0,0,1,"configured log-pattern matches; absence does not prove no failure; loop matches do not certify accepted/correct closures; ORB tracking_losses includes recoverable local-map failure messages, not unique lost episodes; map_resets counts explicit Tracking resets only; local mapping/init reset messages are separate overlapping observations",docs/campaigns/log-observation-review-20261002.json
euroc_mav,MH_05_difficult,indoor_reference,orbslam3,vo,False,False,1,default,ok,3,20.0,752,480,113.6,2273,100.0,,,113.59999990463257,100.0,2221,0.04473245617226956,0.11775116253706379,0.03724707406562313,0.11604513956867513,,,0.9964103596621572,0.35896403378428143,0.026495712491615336,0.027307058282335293,0.17984787975859892,0.8541246539598948,0.1371868639804833,,,,,,0,0,0,True,paced,2273,,,2273,,,,124.35760164260864,,,,,,18.277933716769287,20.00880283369884,0.91349461877777,,,124.35760164260864,,,process_tree,153.2,123.5,227.0,866.9,1011.5,0.0,0.0,0.0,0.0,,,,,,Intel(R) Core(TM) Ultra 9 285K,NVIDIA GeForce RTX 4090,0.0898676078144557,raw_reference_interpolated_at_observed_estimates,results/vo/euroc_mav/MH_05_difficult/orbslam3/run1,results/vo/euroc_mav/MH_05_difficult/orbslam3/run1/run_eval.json,e19dffda7a067706b9bd15e697195a0076874b207fbeca1303891f222d6b4143,superseded_calibration_cohort,True,True,exited_zero,0,blocked,"[""historical_orb_loaded_library_abi_unknown""]",False,se3,0.04473245617226956,common_camera_origin,True,poses,100.0,97.71227452705675,100.0,,,0.01910532132568672,0.017964606633457034,custom overlapping reference-distance windows; not KITTI,fe526e82185bb958b4bef9b1b72a145387a444b8aba1d331f63f143206964452,machine-3c9dca59a50f,2,legacy_input_count_assumed_processed; processing_claims_withheld,,,,available_input_frames_per_wrapper_elapsed_second,False,False,recorded_profile_euroc_final_trajectory_se3_metric_accuracy,"[""accuracy_conditional_on_observed_exports_and_reference_support"",""historical_orb_loaded_library_abi_unknown"",""no_measured_processing_rate_or_realtime_deadline_claim""]","[""historical_dirty_runner_bytes_and_some_native_build_linkage_unavailable"",""recorded_profile_comparison_not_author_paper_reproduction_or_optimality""]",,False,0,blocked,Saved executable hashes do not establish which ORB/g2o libraries were loaded; demonstrated current ABI mismatch requires explicit historical review.,"[""historical_orb_loaded_library_abi_unknown""]",True,success,True,False,False,unreviewed,historical recorded profile,,,recorded_estimator_export,complete,False,complete,0,0,0,1,"configured log-pattern matches; absence does not prove no failure; loop matches do not certify accepted/correct closures; ORB tracking_losses includes recoverable local-map failure messages, not unique lost episodes; map_resets counts explicit Tracking resets only; local mapping/init reset messages are separate overlapping observations",docs/campaigns/log-observation-review-20261002.json
euroc_mav,MH_05_difficult,indoor_reference,orbslam3,vo,False,False,2,default,ok,3,20.0,752,480,113.6,2273,100.0,,,113.59999990463257,100.0,2221,0.07075134906159727,0.16729063359633312,0.06302068444426055,0.16830491905917547,,,0.9953448943153202,0.465510568467975,0.02554935028309343,0.02635840322514496,0.1746609062280562,0.965514346236003,0.20057485432299624,,,,,,0,0,0,True,paced,2273,,,2273,,,,125.05637502670288,,,,,,18.17580270909543,20.00880283369884,0.9083903150109375,,,125.05637502670288,,,process_tree,141.5,113.2,156.0,855.9,981.6,0.0,0.0,0.0,0.0,,,,,,Intel(R) Core(TM) Ultra 9 285K,NVIDIA GeForce RTX 4090,0.16729063359633312,raw_reference_interpolated_at_observed_estimates,results/vo/euroc_mav/MH_05_difficult/orbslam3/run2,results/vo/euroc_mav/MH_05_difficult/orbslam3/run2/run_eval.json,e19dffda7a067706b9bd15e697195a0076874b207fbeca1303891f222d6b4143,superseded_calibration_cohort,True,True,exited_zero,0,blocked,"[""historical_orb_loaded_library_abi_unknown""]",False,se3,0.07075134906159727,common_camera_origin,True,poses,100.0,97.71227452705675,100.0,,,0.016584061763805086,0.015329347392991395,custom overlapping reference-distance windows; not KITTI,fe526e82185bb958b4bef9b1b72a145387a444b8aba1d331f63f143206964452,machine-3c9dca59a50f,2,legacy_input_count_assumed_processed; processing_claims_withheld,,,,available_input_frames_per_wrapper_elapsed_second,False,False,recorded_profile_euroc_final_trajectory_se3_metric_accuracy,"[""accuracy_conditional_on_observed_exports_and_reference_support"",""historical_orb_loaded_library_abi_unknown"",""no_measured_processing_rate_or_realtime_deadline_claim""]","[""historical_dirty_runner_bytes_and_some_native_build_linkage_unavailable"",""recorded_profile_comparison_not_author_paper_reproduction_or_optimality""]",,False,0,blocked,Saved executable hashes do not establish which ORB/g2o libraries were loaded; demonstrated current ABI mismatch requires explicit historical review.,"[""historical_orb_loaded_library_abi_unknown""]",True,success,True,False,False,unreviewed,historical recorded profile,,,recorded_estimator_export,complete,False,complete,0,0,0,1,"configured log-pattern matches; absence does not prove no failure; loop matches do not certify accepted/correct closures; ORB tracking_losses includes recoverable local-map failure messages, not unique lost episodes; map_resets counts explicit Tracking resets only; local mapping/init reset messages are separate overlapping observations",docs/campaigns/log-observation-review-20261002.json
euroc_mav,MH_05_difficult,indoor_reference,orbslam3,vo,False,False,3,default,ok,3,20.0,752,480,113.6,2273,100.0,,,113.59999990463257,100.0,2221,0.06071870535100594,0.16337317661931056,0.04812252999504153,0.16468360158636364,,,0.9946439945344521,0.5356005465547931,0.026045627765635286,0.02708729883011361,0.17321225727094614,1.0042336881399665,0.2728572996389776,,,,,,0,0,0,True,paced,2273,,,2273,,,,124.44217729568481,,,,,,18.265511335430638,20.00880283369884,0.9128737729709571,,,124.44217729568481,,,process_tree,151.6,122.2,212.9,860.6,1005.6,0.0,0.0,0.0,0.0,,,,,,Intel(R) Core(TM) Ultra 9 285K,NVIDIA GeForce RTX 4090,0.04494403220412223,raw_reference_interpolated_at_observed_estimates,results/vo/euroc_mav/MH_05_difficult/orbslam3/run3,results/vo/euroc_mav/MH_05_difficult/orbslam3/run3/run_eval.json,e19dffda7a067706b9bd15e697195a0076874b207fbeca1303891f222d6b4143,superseded_calibration_cohort,True,True,exited_zero,0,blocked,"[""historical_orb_loaded_library_abi_unknown""]",False,se3,0.06071870535100594,common_camera_origin,True,poses,100.0,97.71227452705675,100.0,,,0.01827842025330862,0.01675989223131058,custom overlapping reference-distance windows; not KITTI,fe526e82185bb958b4bef9b1b72a145387a444b8aba1d331f63f143206964452,machine-3c9dca59a50f,2,legacy_input_count_assumed_processed; processing_claims_withheld,,,,available_input_frames_per_wrapper_elapsed_second,False,False,recorded_profile_euroc_final_trajectory_se3_metric_accuracy,"[""accuracy_conditional_on_observed_exports_and_reference_support"",""historical_orb_loaded_library_abi_unknown"",""no_measured_processing_rate_or_realtime_deadline_claim""]","[""historical_dirty_runner_bytes_and_some_native_build_linkage_unavailable"",""recorded_profile_comparison_not_author_paper_reproduction_or_optimality""]",,False,0,blocked,Saved executable hashes do not establish which ORB/g2o libraries were loaded; demonstrated current ABI mismatch requires explicit historical review.,"[""historical_orb_loaded_library_abi_unknown""]",True,success,True,False,False,unreviewed,historical recorded profile,,,recorded_estimator_export,complete,False,complete,0,0,0,1,"configured log-pattern matches; absence does not prove no failure; loop matches do not certify accepted/correct closures; ORB tracking_losses includes recoverable local-map failure messages, not unique lost episodes; map_resets counts explicit Tracking resets only; local mapping/init reset messages are separate overlapping observations",docs/campaigns/log-observation-review-20261002.json
hortimulti,strawberry02,agricultural,orbslam3,vo,False,,1,default,failed_without_trajectory,,10.006198922022815,640,480,952.309670661,9530,,,,,,,,,,,,,,,,,,,,,,,,,0,0,0,True,,,,,,,,,,,,,,,,,,,,,,,,,,,,,,,,,,,,,,,,,,results/vo/hortimulti/strawberry02/orbslam3/run1,,a97d3710859ffa8efb12f7fa1f02db8a44b5291d70a351cbb1548eb69ebd65f7,superseded_calibration_cohort,True,False,unknown,139,blocked,"[""historical_orb_loaded_library_abi_unknown""]",False,se3,,,,,,,,,,,,,,machine-3c9dca59a50f,,,,,,,False,False,observed_configured_attempt_failure_only,"[""accuracy_conditional_on_observed_exports_and_reference_support"",""historical_orb_loaded_library_abi_unknown"",""no_calibrated_agricultural_accuracy_or_intrinsic_algorithm_failure_claim"",""no_measured_processing_rate_or_realtime_deadline_claim"",""retain_failure_in_attempt_denominator""]","[""historical_dirty_runner_bytes_and_some_native_build_linkage_unavailable"",""recorded_profile_comparison_not_author_paper_reproduction_or_optimality""]",,False,1,blocked,Saved executable hashes do not establish which ORB/g2o libraries were loaded; demonstrated current ABI mismatch requires explicit historical review.,"[""historical_orb_loaded_library_abi_unknown"",""horti_exact_reference_origin_timing_unresolved""]",True,failure_without_final_trajectory,False,True,False,unreviewed,historical recorded profile,,,,no_usable_export,False,no usable export,0,0,0,1,"configured log-pattern matches; absence does not prove no failure; loop matches do not certify accepted/correct closures; ORB tracking_losses includes recoverable local-map failure messages, not unique lost episodes; map_resets counts explicit Tracking resets only; local mapping/init reset messages are separate overlapping observations",docs/campaigns/log-observation-review-20261002.json
hortimulti,strawberry02,agricultural,ov2slam,vo,False,False,1,default,ok,3,10.006198922022815,640,480,952.309670661,9530,100.0,,,952.309671163559,100.0,8823,5.961987062806652,20.696483159144414,5.890571998127726,20.801085918643956,,,1.019286051390769,1.928605139076911,,,,,,,,,,,0,0,0,,transport,9530,,9530,9530,,0,,967.4711763858795,,,,,,9.850422661273088,10.007248995335704,0.9843287261995798,,,967.4711763858795,,,container,373.3,37.9,94.0,1187.0,2066.8,0.0,0.0,0.0,0.0,5.636562489009201,7.59867682247093,38,8,global_se3,Intel(R) Core(TM) Ultra 9 285K,NVIDIA GeForce RTX 4090,19.999307166348764,raw_reference_interpolated_at_observed_estimates,results/vo/hortimulti/strawberry02/ov2slam/run1,results/vo/hortimulti/strawberry02/ov2slam/run1/run_eval.json,596214197599c7ea1b9187d7ac157514ae110ed3a98d2eaed3a970271c8cfdec,superseded_calibration_cohort,True,True,exited_zero,0,blocked,"[""horti_february_reference_generation_origin_and_timestamp_linkage_unresolved""]",False,se3,5.961987062806652,provisional_sensor_origin,False,poses,100.0,92.5813221406086,100.0,,,0.08086196059625568,0.07928557249593664,custom overlapping reference-distance windows; not KITTI,fe526e82185bb958b4bef9b1b72a145387a444b8aba1d331f63f143206964452,machine-3c9dca59a50f,2,,,,,available_input_frames_per_wrapper_elapsed_second,False,False,,"[""accuracy_conditional_on_observed_exports_and_reference_support"",""no_measured_processing_rate_or_realtime_deadline_claim""]","[""historical_dirty_runner_bytes_and_some_native_build_linkage_unavailable"",""recorded_profile_comparison_not_author_paper_reproduction_or_optimality""]",,False,1,blocked,"Recorded observations may be usable, but calibration/reference or execution evidence does not verify this experiment.","[""horti_exact_reference_origin_timing_unresolved"",""horti_february_reference_generation_origin_and_timestamp_linkage_unresolved""]",True,completed_export_shutdown_error,False,True,False,unreviewed,historical recorded profile,,,recorded_estimator_export,complete,True,completed export; shutdown error,,,,,configured log-pattern matches; absence does not prove no failure; loop matches do not certify accepted/correct closures,
hortimulti,strawberry02,agricultural,ov2slam,vo,False,False,2,default,ok,3,10.006198922022815,640,480,952.309670661,9530,100.0,,,952.309671163559,100.0,8823,4.931699266055348,16.205647545495673,4.819481872425013,16.23516237240719,,,1.021931881028835,2.193188102883492,,,,,,,,,,,0,0,0,,transport,9530,,9530,9530,,0,,967.4218285083771,,,,,,9.850925128176884,10.007248995335704,0.9843789364925164,,,967.4218285083771,,,container,361.8,36.7,80.0,1273.0,2237.8,0.0,0.0,0.0,0.0,4.979907445893971,6.623220858202262,38,8,global_se3,Intel(R) Core(TM) Ultra 9 285K,NVIDIA GeForce RTX 4090,15.584531425023984,raw_reference_interpolated_at_observed_estimates,results/vo/hortimulti/strawberry02/ov2slam/run2,results/vo/hortimulti/strawberry02/ov2slam/run2/run_eval.json,596214197599c7ea1b9187d7ac157514ae110ed3a98d2eaed3a970271c8cfdec,superseded_calibration_cohort,True,True,exited_zero,0,blocked,"[""horti_february_reference_generation_origin_and_timestamp_linkage_unresolved""]",False,se3,4.931699266055348,provisional_sensor_origin,False,poses,100.0,92.5813221406086,100.0,,,0.0808142086690818,0.07942342527487657,custom overlapping reference-distance windows; not KITTI,fe526e82185bb958b4bef9b1b72a145387a444b8aba1d331f63f143206964452,machine-3c9dca59a50f,2,,,,,available_input_frames_per_wrapper_elapsed_second,False,False,,"[""accuracy_conditional_on_observed_exports_and_reference_support"",""no_measured_processing_rate_or_realtime_deadline_claim""]","[""historical_dirty_runner_bytes_and_some_native_build_linkage_unavailable"",""recorded_profile_comparison_not_author_paper_reproduction_or_optimality""]",,False,1,blocked,"Recorded observations may be usable, but calibration/reference or execution evidence does not verify this experiment.","[""horti_exact_reference_origin_timing_unresolved"",""horti_february_reference_generation_origin_and_timestamp_linkage_unresolved""]",True,completed_export_shutdown_error,False,True,False,unreviewed,historical recorded profile,,,recorded_estimator_export,complete,True,completed export; shutdown error,,,,,configured log-pattern matches; absence does not prove no failure; loop matches do not certify accepted/correct closures,
hortimulti,strawberry02,agricultural,ov2slam,vo,False,False,3,default,ok,3,10.006198922022815,640,480,952.309670661,9530,100.0,,,952.309671163559,100.0,8823,6.172795462562987,20.626073136065372,6.107946448424549,20.71029971608836,,,1.018706783584623,1.8706783584623077,,,,,,,,,,,0,0,0,,transport,9530,,9530,9530,,0,,967.506281375885,,,,,,9.850065248617758,10.007248995335704,0.9842930108241239,,,967.506281375885,,,container,368.4,37.5,84.0,1276.8,2245.1,0.0,0.0,0.0,0.0,6.092925828406817,8.337703803088274,38,8,global_se3,Intel(R) Core(TM) Ultra 9 285K,NVIDIA GeForce RTX 4090,19.92774492926886,raw_reference_interpolated_at_observed_estimates,results/vo/hortimulti/strawberry02/ov2slam/run3,results/vo/hortimulti/strawberry02/ov2slam/run3/run_eval.json,596214197599c7ea1b9187d7ac157514ae110ed3a98d2eaed3a970271c8cfdec,superseded_calibration_cohort,True,True,exited_zero,0,blocked,"[""horti_february_reference_generation_origin_and_timestamp_linkage_unresolved""]",False,se3,6.172795462562987,provisional_sensor_origin,False,poses,100.0,92.5813221406086,100.0,,,0.08079209400442743,0.07920812940880169,custom overlapping reference-distance windows; not KITTI,fe526e82185bb958b4bef9b1b72a145387a444b8aba1d331f63f143206964452,machine-3c9dca59a50f,2,,,,,available_input_frames_per_wrapper_elapsed_second,False,False,,"[""accuracy_conditional_on_observed_exports_and_reference_support"",""no_measured_processing_rate_or_realtime_deadline_claim""]","[""historical_dirty_runner_bytes_and_some_native_build_linkage_unavailable"",""recorded_profile_comparison_not_author_paper_reproduction_or_optimality""]",,False,1,blocked,"Recorded observations may be usable, but calibration/reference or execution evidence does not verify this experiment.","[""horti_exact_reference_origin_timing_unresolved"",""horti_february_reference_generation_origin_and_timestamp_linkage_unresolved""]",True,completed_export_shutdown_error,False,True,False,unreviewed,historical recorded profile,,,recorded_estimator_export,complete,True,completed export; shutdown error,,,,,configured log-pattern matches; absence does not prove no failure; loop matches do not certify accepted/correct closures,
hortimulti,strawberry03,agricultural,orbslam3,vo,False,False,1,default,ok,3,10.007445545596081,640,480,242.219654252,2425,100.0,,,242.21965432167053,100.0,2419,0.799183229481354,1.2326548206604218,0.1905801221338729,0.4158294047369591,,,1.0431415683156018,4.314156831560179,,,,,,,,,,,0,0,0,True,paced,2425,,,2425,,,,266.0902678966522,,,,,,9.113448677280653,10.011574026852387,0.9102912941398785,,,266.0902678966522,,,process_tree,178.6,67.4,139.0,1100.9,1412.6,0.0,0.0,0.0,0.0,0.6191783690706384,1.1270900459326556,4,4,global_se3,Intel(R) Core(TM) Ultra 9 285K,NVIDIA GeForce RTX 4090,1.1474187579045376,raw_reference_interpolated_at_observed_estimates,results/vo/hortimulti/strawberry03/orbslam3/run1,results/vo/hortimulti/strawberry03/orbslam3/run1/run_eval.json,2fb6c3448bac07def910b05d7e7d8a84d45deda6dcb6ad7b6bd1ab368a8280dc,superseded_calibration_cohort,True,True,exited_zero,0,blocked,"[""historical_orb_loaded_library_abi_unknown"",""horti_february_reference_generation_origin_and_timestamp_linkage_unresolved""]",False,se3,0.799183229481354,provisional_sensor_origin,False,poses,100.0,99.75257731958763,100.0,,,0.05229651598409759,0.024604551801769122,custom overlapping reference-distance windows; not KITTI,fe526e82185bb958b4bef9b1b72a145387a444b8aba1d331f63f143206964452,machine-3c9dca59a50f,2,legacy_input_count_assumed_processed; processing_claims_withheld,,,,available_input_frames_per_wrapper_elapsed_second,False,False,,"[""accuracy_conditional_on_observed_exports_and_reference_support"",""historical_orb_loaded_library_abi_unknown"",""no_measured_processing_rate_or_realtime_deadline_claim""]","[""historical_dirty_runner_bytes_and_some_native_build_linkage_unavailable"",""recorded_profile_comparison_not_author_paper_reproduction_or_optimality""]",,False,0,blocked,Saved executable hashes do not establish which ORB/g2o libraries were loaded; demonstrated current ABI mismatch requires explicit historical review.,"[""historical_orb_loaded_library_abi_unknown"",""horti_exact_reference_origin_timing_unresolved"",""horti_february_reference_generation_origin_and_timestamp_linkage_unresolved""]",True,success,True,False,False,unreviewed,historical recorded profile,,,recorded_estimator_export,complete,False,complete,0,0,0,1,"configured log-pattern matches; absence does not prove no failure; loop matches do not certify accepted/correct closures; ORB tracking_losses includes recoverable local-map failure messages, not unique lost episodes; map_resets counts explicit Tracking resets only; local mapping/init reset messages are separate overlapping observations",docs/campaigns/log-observation-review-20261002.json
hortimulti,strawberry03,agricultural,orbslam3,vo,False,False,2,default,ok,3,10.007445545596081,640,480,242.219654252,2425,100.0,,,242.21965432167053,100.0,2419,0.8088135466623565,1.2473815154457282,0.22734287935334974,0.3998698189520417,,,1.0431470891091286,4.314708910912857,,,,,,,,,,,0,0,0,True,paced,2425,,,2425,,,,256.12053751945496,,,,,,9.468198151879157,10.011574026852387,0.945725230266907,,,256.12053751945496,,,process_tree,177.6,69.6,137.0,1102.3,1412.1,0.0,0.0,0.0,0.0,0.6262965384887137,1.1363303225428618,4,4,global_se3,Intel(R) Core(TM) Ultra 9 285K,NVIDIA GeForce RTX 4090,1.1790116070915555,raw_reference_interpolated_at_observed_estimates,results/vo/hortimulti/strawberry03/orbslam3/run2,results/vo/hortimulti/strawberry03/orbslam3/run2/run_eval.json,2fb6c3448bac07def910b05d7e7d8a84d45deda6dcb6ad7b6bd1ab368a8280dc,superseded_calibration_cohort,True,True,exited_nonzero,139,blocked,"[""historical_orb_loaded_library_abi_unknown"",""horti_february_reference_generation_origin_and_timestamp_linkage_unresolved""]",False,se3,0.8088135466623565,provisional_sensor_origin,False,poses,100.0,99.75257731958763,100.0,,,0.05193754294291292,0.02429119154529461,custom overlapping reference-distance windows; not KITTI,fe526e82185bb958b4bef9b1b72a145387a444b8aba1d331f63f143206964452,machine-3c9dca59a50f,2,legacy_input_count_assumed_processed; processing_claims_withheld,,,,available_input_frames_per_wrapper_elapsed_second,False,False,,"[""accuracy_conditional_on_observed_exports_and_reference_support"",""historical_orb_loaded_library_abi_unknown"",""no_measured_processing_rate_or_realtime_deadline_claim""]","[""historical_dirty_runner_bytes_and_some_native_build_linkage_unavailable"",""recorded_profile_comparison_not_author_paper_reproduction_or_optimality""]",,False,1,blocked,Saved executable hashes do not establish which ORB/g2o libraries were loaded; demonstrated current ABI mismatch requires explicit historical review.,"[""historical_orb_loaded_library_abi_unknown"",""horti_exact_reference_origin_timing_unresolved"",""horti_february_reference_generation_origin_and_timestamp_linkage_unresolved""]",True,completed_export_shutdown_error,False,True,False,unreviewed,historical recorded profile,,,recorded_estimator_export,complete,True,completed export; shutdown error,0,0,0,1,"configured log-pattern matches; absence does not prove no failure; loop matches do not certify accepted/correct closures; ORB tracking_losses includes recoverable local-map failure messages, not unique lost episodes; map_resets counts explicit Tracking resets only; local mapping/init reset messages are separate overlapping observations",docs/campaigns/log-observation-review-20261002.json
hortimulti,strawberry03,agricultural,orbslam3,vo,False,False,3,default,ok,3,10.007445545596081,640,480,242.219654252,2425,100.0,,,242.21965432167053,100.0,2419,0.810292620444362,1.2563437986055714,0.24483982304031834,0.45914440452674954,,,1.0429279810801333,4.292798108013329,,,,,,,,,,,0,0,0,True,paced,2425,,,2425,,,,256.0641305446625,,,,,,9.470283849760182,10.011574026852387,0.9459335589348498,,,256.0641305446625,,,process_tree,176.3,69.1,136.0,1103.9,1411.8,0.0,0.0,0.0,0.0,0.6290246509594438,1.130052232198305,4,4,global_se3,Intel(R) Core(TM) Ultra 9 285K,NVIDIA GeForce RTX 4090,1.1814384974479595,raw_reference_interpolated_at_observed_estimates,results/vo/hortimulti/strawberry03/orbslam3/run3,results/vo/hortimulti/strawberry03/orbslam3/run3/run_eval.json,2fb6c3448bac07def910b05d7e7d8a84d45deda6dcb6ad7b6bd1ab368a8280dc,superseded_calibration_cohort,True,True,exited_zero,0,blocked,"[""historical_orb_loaded_library_abi_unknown"",""horti_february_reference_generation_origin_and_timestamp_linkage_unresolved""]",False,se3,0.810292620444362,provisional_sensor_origin,False,poses,100.0,99.75257731958763,100.0,,,0.051572224855351984,0.024214364716350127,custom overlapping reference-distance windows; not KITTI,fe526e82185bb958b4bef9b1b72a145387a444b8aba1d331f63f143206964452,machine-3c9dca59a50f,2,legacy_input_count_assumed_processed; processing_claims_withheld,,,,available_input_frames_per_wrapper_elapsed_second,False,False,,"[""accuracy_conditional_on_observed_exports_and_reference_support"",""historical_orb_loaded_library_abi_unknown"",""no_measured_processing_rate_or_realtime_deadline_claim""]","[""historical_dirty_runner_bytes_and_some_native_build_linkage_unavailable"",""recorded_profile_comparison_not_author_paper_reproduction_or_optimality""]",,False,0,blocked,Saved executable hashes do not establish which ORB/g2o libraries were loaded; demonstrated current ABI mismatch requires explicit historical review.,"[""historical_orb_loaded_library_abi_unknown"",""horti_exact_reference_origin_timing_unresolved"",""horti_february_reference_generation_origin_and_timestamp_linkage_unresolved""]",True,success,True,False,False,unreviewed,historical recorded profile,,,recorded_estimator_export,complete,False,complete,0,0,0,1,"configured log-pattern matches; absence does not prove no failure; loop matches do not certify accepted/correct closures; ORB tracking_losses includes recoverable local-map failure messages, not unique lost episodes; map_resets counts explicit Tracking resets only; local mapping/init reset messages are separate overlapping observations",docs/campaigns/log-observation-review-20261002.json
hortimulti,strawberry03,agricultural,ov2slam,vo,False,False,1,default,ok,3,10.007445545596081,640,480,242.219654252,2425,99.99999990156927,,,242.21965408325195,99.99999990156927,2419,0.6900882212545374,1.4310215189240252,0.4110869375735603,1.215293349025018,,,1.0304408011981927,3.04408011981927,,,,,,,,,,,0,0,0,,transport,2425,,2425,2425,,0,,257.3246133327484,,,,,,9.42389446774069,10.011574036706852,0.9412999836453828,,,257.3246133327484,,,container,105.4,37.5,83.0,470.0,640.8,0.0,0.0,0.0,0.0,0.5448346170290284,0.9309987647026072,4,4,global_se3,Intel(R) Core(TM) Ultra 9 285K,NVIDIA GeForce RTX 4090,1.059963552442535,raw_reference_interpolated_at_observed_estimates,results/vo/hortimulti/strawberry03/ov2slam/run1,results/vo/hortimulti/strawberry03/ov2slam/run1/run_eval.json,596214197599c7ea1b9187d7ac157514ae110ed3a98d2eaed3a970271c8cfdec,superseded_calibration_cohort,True,True,exited_zero,0,blocked,"[""horti_february_reference_generation_origin_and_timestamp_linkage_unresolved""]",False,se3,0.6900882212545374,provisional_sensor_origin,False,poses,100.0,99.75257731958763,100.0,,,0.042882322475642595,0.02432192361896461,custom overlapping reference-distance windows; not KITTI,fe526e82185bb958b4bef9b1b72a145387a444b8aba1d331f63f143206964452,machine-3c9dca59a50f,2,,,,,available_input_frames_per_wrapper_elapsed_second,False,False,,"[""accuracy_conditional_on_observed_exports_and_reference_support"",""no_measured_processing_rate_or_realtime_deadline_claim""]","[""historical_dirty_runner_bytes_and_some_native_build_linkage_unavailable"",""recorded_profile_comparison_not_author_paper_reproduction_or_optimality""]",,False,1,blocked,"Recorded observations may be usable, but calibration/reference or execution evidence does not verify this experiment.","[""horti_exact_reference_origin_timing_unresolved"",""horti_february_reference_generation_origin_and_timestamp_linkage_unresolved""]",True,completed_export_shutdown_error,False,True,False,unreviewed,historical recorded profile,,,recorded_estimator_export,complete,True,completed export; shutdown error,,,,,configured log-pattern matches; absence does not prove no failure; loop matches do not certify accepted/correct closures,
hortimulti,strawberry03,agricultural,ov2slam,vo,False,False,2,default,ok,3,10.007445545596081,640,480,242.219654252,2425,99.99999990156927,,,242.21965408325195,99.99999990156927,2419,0.7097751611963945,1.723416520062952,0.45138225001778653,1.5744694293288457,,,1.030073018716958,3.0073018716958,,,,,,,,,,,0,0,0,,transport,2425,,2425,2425,,0,,256.35404562950134,,,,,,9.459573747101146,10.011574036706852,0.9448637868260573,,,256.35404562950134,,,container,93.7,33.0,68.0,474.4,638.3,0.0,0.0,0.0,0.0,0.5713925912693402,0.9205396377062891,4,4,global_se3,Intel(R) Core(TM) Ultra 9 285K,NVIDIA GeForce RTX 4090,1.0676124102525448,raw_reference_interpolated_at_observed_estimates,results/vo/hortimulti/strawberry03/ov2slam/run2,results/vo/hortimulti/strawberry03/ov2slam/run2/run_eval.json,596214197599c7ea1b9187d7ac157514ae110ed3a98d2eaed3a970271c8cfdec,superseded_calibration_cohort,True,True,exited_zero,0,blocked,"[""horti_february_reference_generation_origin_and_timestamp_linkage_unresolved""]",False,se3,0.7097751611963945,provisional_sensor_origin,False,poses,100.0,99.75257731958763,100.0,,,0.04288497027524706,0.024496441391361364,custom overlapping reference-distance windows; not KITTI,fe526e82185bb958b4bef9b1b72a145387a444b8aba1d331f63f143206964452,machine-3c9dca59a50f,2,,,,,available_input_frames_per_wrapper_elapsed_second,False,False,,"[""accuracy_conditional_on_observed_exports_and_reference_support"",""no_measured_processing_rate_or_realtime_deadline_claim""]","[""historical_dirty_runner_bytes_and_some_native_build_linkage_unavailable"",""recorded_profile_comparison_not_author_paper_reproduction_or_optimality""]",,False,1,blocked,"Recorded observations may be usable, but calibration/reference or execution evidence does not verify this experiment.","[""horti_exact_reference_origin_timing_unresolved"",""horti_february_reference_generation_origin_and_timestamp_linkage_unresolved""]",True,completed_export_shutdown_error,False,True,False,unreviewed,historical recorded profile,,,recorded_estimator_export,complete,True,completed export; shutdown error,,,,,configured log-pattern matches; absence does not prove no failure; loop matches do not certify accepted/correct closures,
hortimulti,strawberry03,agricultural,ov2slam,vo,False,False,3,default,ok,3,10.007445545596081,640,480,242.219654252,2425,99.99999990156927,,,242.21965408325195,99.99999990156927,2419,0.6493844708788596,1.4980491847556574,0.333757680531808,1.3015136838488028,,,1.030594917606262,3.0594917606262095,,,,,,,,,,,0,0,0,,transport,2425,,2425,2425,,0,,256.6340379714966,,,,,,9.449253182344176,10.011574036706852,0.9438329234743716,,,256.6340379714966,,,container,94.6,33.4,71.9,491.7,658.5,0.0,0.0,0.0,0.0,0.5245997560382789,0.8631877010133504,4,4,global_se3,Intel(R) Core(TM) Ultra 9 285K,NVIDIA GeForce RTX 4090,0.9200082406675725,raw_reference_interpolated_at_observed_estimates,results/vo/hortimulti/strawberry03/ov2slam/run3,results/vo/hortimulti/strawberry03/ov2slam/run3/run_eval.json,596214197599c7ea1b9187d7ac157514ae110ed3a98d2eaed3a970271c8cfdec,superseded_calibration_cohort,True,True,exited_zero,0,blocked,"[""horti_february_reference_generation_origin_and_timestamp_linkage_unresolved""]",False,se3,0.6493844708788596,provisional_sensor_origin,False,poses,100.0,99.75257731958763,100.0,,,0.043085510756718494,0.024501285717333218,custom overlapping reference-distance windows; not KITTI,fe526e82185bb958b4bef9b1b72a145387a444b8aba1d331f63f143206964452,machine-3c9dca59a50f,2,,,,,available_input_frames_per_wrapper_elapsed_second,False,False,,"[""accuracy_conditional_on_observed_exports_and_reference_support"",""no_measured_processing_rate_or_realtime_deadline_claim""]","[""historical_dirty_runner_bytes_and_some_native_build_linkage_unavailable"",""recorded_profile_comparison_not_author_paper_reproduction_or_optimality""]",,False,1,blocked,"Recorded observations may be usable, but calibration/reference or execution evidence does not verify this experiment.","[""horti_exact_reference_origin_timing_unresolved"",""horti_february_reference_generation_origin_and_timestamp_linkage_unresolved""]",True,completed_export_shutdown_error,False,True,False,unreviewed,historical recorded profile,,,recorded_estimator_export,complete,True,completed export; shutdown error,,,,,configured log-pattern matches; absence does not prove no failure; loop matches do not certify accepted/correct closures,
rosariov2,sequence1,agricultural,orbslam3,vo,False,,1,default,failed_without_trajectory,,14.695566858035143,1280,720,940.419660807,13821,,,,,,,,,,,,,,,,,,,,,,,,,0,0,0,True,,,,,,,,,,,,,,,,,,,,,,,,,,,,,,,,,,,,,,,,,,results/vo/rosariov2/sequence1/orbslam3/run1,,33d4a1107fb8aa4a6b8b28309b0bfa127b100be8fcfa13d6a708c270272dc39a,superseded_calibration_cohort,True,False,unknown,134,blocked,"[""historical_orb_loaded_library_abi_unknown""]",False,se3,,,,,,,,,,,,,,machine-3c9dca59a50f,,,,,,,False,False,observed_configured_attempt_failure_only,"[""accuracy_conditional_on_observed_exports_and_reference_support"",""fused_stereo_imu_ppk_reference_not_independent_ground_truth"",""historical_orb_loaded_library_abi_unknown"",""no_calibrated_agricultural_accuracy_or_intrinsic_algorithm_failure_claim"",""no_measured_processing_rate_or_realtime_deadline_claim"",""retain_failure_in_attempt_denominator"",""rosario_authors_orb_camera_model_accepted_by_decision_20261003_fxb_0p5_to_1pct_below_kalibr""]","[""Rosario camera model: the authors' ORB-SLAM3 evaluation profile (recorded image_rect_raw pixels, fx = fy = 648.862 px, baseline 0.0497337 m) is used for every Rosario row by decision of 2026-10-03; it is 0.5-1 % low in fx*b versus the authors Kalibr/URDF model (disclosed, not corrected)"",""historical_dirty_runner_bytes_and_some_native_build_linkage_unavailable"",""recorded_profile_comparison_not_author_paper_reproduction_or_optimality""]",,False,2,blocked,Saved executable hashes do not establish which ORB/g2o libraries were loaded; demonstrated current ABI mismatch requires explicit historical review.,"[""historical_orb_loaded_library_abi_unknown""]",True,failure_without_final_trajectory,False,True,False,unreviewed,historical recorded profile,,,,no_usable_export,False,no usable export,0,0,0,1,"configured log-pattern matches; absence does not prove no failure; loop matches do not certify accepted/correct closures; ORB tracking_losses includes recoverable local-map failure messages, not unique lost episodes; map_resets counts explicit Tracking resets only; local mapping/init reset messages are separate overlapping observations",docs/campaigns/log-observation-review-20261002.json
rosariov2,sequence5,agricultural,orbslam3,vo,False,,1,default,failed_without_trajectory,,14.61735844217591,1280,720,796.245097638,11640,,,,,,,,,,,,,,,,,,,,,,,,,0,0,0,True,,,,,,,,,,,,,,,,,,,,,,,,,,,,,,,,,,,,,,,,,,results/vo/rosariov2/sequence5/orbslam3/run1,,33d4a1107fb8aa4a6b8b28309b0bfa127b100be8fcfa13d6a708c270272dc39a,superseded_calibration_cohort,True,False,unknown,139,blocked,"[""historical_orb_loaded_library_abi_unknown""]",False,se3,,,,,,,,,,,,,,machine-3c9dca59a50f,,,,,,,False,False,observed_configured_attempt_failure_only,"[""accuracy_conditional_on_observed_exports_and_reference_support"",""fused_stereo_imu_ppk_reference_not_independent_ground_truth"",""historical_orb_loaded_library_abi_unknown"",""no_calibrated_agricultural_accuracy_or_intrinsic_algorithm_failure_claim"",""no_measured_processing_rate_or_realtime_deadline_claim"",""retain_failure_in_attempt_denominator"",""rosario_authors_orb_camera_model_accepted_by_decision_20261003_fxb_0p5_to_1pct_below_kalibr""]","[""Rosario camera model: the authors' ORB-SLAM3 evaluation profile (recorded image_rect_raw pixels, fx = fy = 648.862 px, baseline 0.0497337 m) is used for every Rosario row by decision of 2026-10-03; it is 0.5-1 % low in fx*b versus the authors Kalibr/URDF model (disclosed, not corrected)"",""historical_dirty_runner_bytes_and_some_native_build_linkage_unavailable"",""recorded_profile_comparison_not_author_paper_reproduction_or_optimality""]",,False,1,blocked,Saved executable hashes do not establish which ORB/g2o libraries were loaded; demonstrated current ABI mismatch requires explicit historical review.,"[""historical_orb_loaded_library_abi_unknown""]",True,failure_without_final_trajectory,False,True,False,unreviewed,historical recorded profile,,,,no_usable_export,False,no usable export,0,0,0,1,"configured log-pattern matches; absence does not prove no failure; loop matches do not certify accepted/correct closures; ORB tracking_losses includes recoverable local-map failure messages, not unique lost episodes; map_resets counts explicit Tracking resets only; local mapping/init reset messages are separate overlapping observations",docs/campaigns/log-observation-review-20261002.json
hortimulti,strawberry02,agricultural,orbslam3,vo-lc,False,True,1,default,ok,3,10.006198922022815,640,480,952.309670661,9530,52.345931887959615,,,498.4953715801239,52.345931887959615,4891,2.5030199282338006,5.388760782178299,1.6050591746809444,3.956115341175074,,,1.0402183233394762,4.021832333947617,,,,,,,,,,,1,63,0,True,paced,9530,,,4989,,,,1083.2641627788544,,,,,,8.79748479406267,10.008116994518796,0.8791112116584747,,,1083.2641627788544,,,process_tree,1053.0,97.3,209.0,2264.5,3696.7,0.0,0.0,0.0,0.0,2.2496898592140835,3.5583363250758877,12,4,global_se3,Intel(R) Core(TM) Ultra 9 285K,NVIDIA GeForce RTX 4090,4.100992924422087,raw_reference_interpolated_at_observed_estimates,results/vo-lc/hortimulti/strawberry02/orbslam3/run1,results/vo-lc/hortimulti/strawberry02/orbslam3/run1/run_eval.json,4614ccd4228cbe20918154a86a0c88b19cb80cbe3d78b3f3939e8d4c2960af25,superseded_calibration_cohort,True,True,exited_nonzero,134,blocked,"[""historical_orb_loaded_library_abi_unknown"",""horti_february_reference_generation_origin_and_timestamp_linkage_unresolved""]",False,se3,2.5030199282338006,provisional_sensor_origin,False,poses,52.3504721930745,51.32214060860441,55.43465941289811,,,0.07502821605694585,0.06847337488085226,custom overlapping reference-distance windows; not KITTI,fe526e82185bb958b4bef9b1b72a145387a444b8aba1d331f63f143206964452,machine-3c9dca59a50f,2,legacy_input_count_assumed_processed; processing_claims_withheld,,,,available_input_frames_per_wrapper_elapsed_second,False,False,,"[""accuracy_conditional_on_observed_exports_and_reference_support"",""historical_orb_loaded_library_abi_unknown"",""no_measured_processing_rate_or_realtime_deadline_claim""]","[""historical_dirty_runner_bytes_and_some_native_build_linkage_unavailable"",""recorded_profile_comparison_not_author_paper_reproduction_or_optimality""]",,False,0,blocked,Saved executable hashes do not establish which ORB/g2o libraries were loaded; demonstrated current ABI mismatch requires explicit historical review.,"[""historical_orb_loaded_library_abi_unknown"",""horti_exact_reference_origin_timing_unresolved"",""horti_february_reference_generation_origin_and_timestamp_linkage_unresolved""]",True,failure_with_saved_trajectory,False,True,False,unreviewed,historical recorded profile,,,recorded_estimator_export,partial,True,partial export; shutdown error,63,0,0,3,"configured log-pattern matches; absence does not prove no failure; loop matches do not certify accepted/correct closures; ORB tracking_losses includes recoverable local-map failure messages, not unique lost episodes; map_resets counts explicit Tracking resets only; local mapping/init reset messages are separate overlapping observations",docs/campaigns/log-observation-review-20261002.json
hortimulti,strawberry02,agricultural,orbslam3,vo-lc,False,True,2,default,ok,3,10.006198922022815,640,480,952.309670661,9530,90.49465086561273,,,861.7893116474152,90.49465086561273,7945,2.718993788446284,6.654963108337448,2.0016061723172434,6.021240077980855,,,1.0382523818715454,3.825238187154545,,,,,,,,,,,0,32,0,True,paced,9530,,,8624,,,,1032.002596616745,,,,,,9.234472889159946,10.007086283669699,0.9227783668458939,,,1032.002596616745,,,process_tree,1122.3,108.8,197.0,2261.3,3688.9,0.0,0.0,0.0,0.0,3.007739307456684,3.729976935615987,41,8,global_se3,Intel(R) Core(TM) Ultra 9 285K,NVIDIA GeForce RTX 4090,6.517562520751109,raw_reference_interpolated_at_observed_estimates,results/vo-lc/hortimulti/strawberry02/orbslam3/run2,results/vo-lc/hortimulti/strawberry02/orbslam3/run2/run_eval.json,4614ccd4228cbe20918154a86a0c88b19cb80cbe3d78b3f3939e8d4c2960af25,superseded_calibration_cohort,True,True,exited_nonzero,139,blocked,"[""historical_orb_loaded_library_abi_unknown"",""horti_february_reference_generation_origin_and_timestamp_linkage_unresolved""]",False,se3,2.718993788446284,provisional_sensor_origin,False,poses,90.49317943336831,83.36831059811122,90.04873625750878,,,0.08562297225291962,0.08216051055062482,custom overlapping reference-distance windows; not KITTI,fe526e82185bb958b4bef9b1b72a145387a444b8aba1d331f63f143206964452,machine-3c9dca59a50f,2,legacy_input_count_assumed_processed; processing_claims_withheld,,,,available_input_frames_per_wrapper_elapsed_second,False,False,,"[""accuracy_conditional_on_observed_exports_and_reference_support"",""historical_orb_loaded_library_abi_unknown"",""no_measured_processing_rate_or_realtime_deadline_claim""]","[""historical_dirty_runner_bytes_and_some_native_build_linkage_unavailable"",""recorded_profile_comparison_not_author_paper_reproduction_or_optimality""]",,False,1,blocked,Saved executable hashes do not establish which ORB/g2o libraries were loaded; demonstrated current ABI mismatch requires explicit historical review.,"[""historical_orb_loaded_library_abi_unknown"",""horti_exact_reference_origin_timing_unresolved"",""horti_february_reference_generation_origin_and_timestamp_linkage_unresolved""]",True,failure_with_saved_trajectory,False,True,False,unreviewed,historical recorded profile,,,recorded_estimator_export,partial,True,partial export; shutdown error,32,0,0,2,"configured log-pattern matches; absence does not prove no failure; loop matches do not certify accepted/correct closures; ORB tracking_losses includes recoverable local-map failure messages, not unique lost episodes; map_resets counts explicit Tracking resets only; local mapping/init reset messages are separate overlapping observations",docs/campaigns/log-observation-review-20261002.json
hortimulti,strawberry02,agricultural,orbslam3,vo-lc,False,True,3,default,ok,3,10.006198922022815,640,480,952.309670661,9530,46.55369472452221,,,443.33533692359924,46.55369472452221,3828,2.46932296816082,5.416039661473574,1.730810342195109,4.480925485144056,,,1.038400134808674,3.840013480867399,,,,,,,,,,,1,63,0,True,paced,9530,,,4437,,,,1033.8823459148407,,,,,,9.217683267013607,10.008225445752446,0.9211006208294054,,,1033.8823459148407,,,process_tree,1125.7,108.9,243.0,2384.3,3706.8,0.0,0.0,0.0,0.0,3.0669080241910662,3.5611327433027684,30,4,global_se3,Intel(R) Core(TM) Ultra 9 285K,NVIDIA GeForce RTX 4090,5.065245908690865,raw_reference_interpolated_at_observed_estimates,results/vo-lc/hortimulti/strawberry02/orbslam3/run3,results/vo-lc/hortimulti/strawberry02/orbslam3/run3/run_eval.json,4614ccd4228cbe20918154a86a0c88b19cb80cbe3d78b3f3939e8d4c2960af25,superseded_calibration_cohort,True,True,exited_zero,0,blocked,"[""historical_orb_loaded_library_abi_unknown"",""horti_february_reference_generation_origin_and_timestamp_linkage_unresolved""]",False,se3,2.46932296816082,provisional_sensor_origin,False,poses,46.558237145855195,40.167890870933896,43.38660319619177,,,0.09671263438709975,0.09589761675887203,custom overlapping reference-distance windows; not KITTI,fe526e82185bb958b4bef9b1b72a145387a444b8aba1d331f63f143206964452,machine-3c9dca59a50f,2,legacy_input_count_assumed_processed; processing_claims_withheld,,,,available_input_frames_per_wrapper_elapsed_second,False,False,,"[""accuracy_conditional_on_observed_exports_and_reference_support"",""historical_orb_loaded_library_abi_unknown"",""no_measured_processing_rate_or_realtime_deadline_claim""]","[""historical_dirty_runner_bytes_and_some_native_build_linkage_unavailable"",""recorded_profile_comparison_not_author_paper_reproduction_or_optimality""]",,False,0,blocked,Saved executable hashes do not establish which ORB/g2o libraries were loaded; demonstrated current ABI mismatch requires explicit historical review.,"[""historical_orb_loaded_library_abi_unknown"",""horti_exact_reference_origin_timing_unresolved"",""horti_february_reference_generation_origin_and_timestamp_linkage_unresolved""]",True,success,True,False,False,unreviewed,historical recorded profile,,,recorded_estimator_export,partial,False,partial,63,0,0,3,"configured log-pattern matches; absence does not prove no failure; loop matches do not certify accepted/correct closures; ORB tracking_losses includes recoverable local-map failure messages, not unique lost episodes; map_resets counts explicit Tracking resets only; local mapping/init reset messages are separate overlapping observations",docs/campaigns/log-observation-review-20261002.json
hortimulti,strawberry02,agricultural,ov2slam,vo-lc,False,True,1,default,ok,3,10.006198922022815,640,480,952.309670661,9530,100.0,,,952.309671163559,100.0,8823,4.519210850332483,12.359949667987765,4.364077645510239,12.276670815388789,,,1.0246564680330412,2.4656468033041223,,,,,,,,,,,1,0,0,,transport,9530,,9530,9530,,0,,968.4308500289917,,,,,,9.840661312797607,10.007248995335704,0.9833532984396488,,,968.4308500289917,,,container,646.7,64.1,253.0,1449.0,4141.7,0.0,0.0,0.0,0.0,4.606795846425797,6.876157158829214,38,8,global_se3,Intel(R) Core(TM) Ultra 9 285K,NVIDIA GeForce RTX 4090,7.396300786809233,raw_reference_interpolated_at_observed_estimates,results/vo-lc/hortimulti/strawberry02/ov2slam/run1,results/vo-lc/hortimulti/strawberry02/ov2slam/run1/run_eval.json,3d44ca34443fb94597e3c8a34ab10f186c2aa2eb9bdf8c66d9cb4f78d938387d,superseded_calibration_cohort,True,True,exited_zero,0,blocked,"[""horti_february_reference_generation_origin_and_timestamp_linkage_unresolved""]",False,se3,4.519210850332483,provisional_sensor_origin,False,poses,100.0,92.5813221406086,100.0,,,0.08091138980665659,0.08006248144279043,custom overlapping reference-distance windows; not KITTI,fe526e82185bb958b4bef9b1b72a145387a444b8aba1d331f63f143206964452,machine-3c9dca59a50f,2,,,,,available_input_frames_per_wrapper_elapsed_second,False,False,,"[""accuracy_conditional_on_observed_exports_and_reference_support"",""no_measured_processing_rate_or_realtime_deadline_claim""]","[""historical_dirty_runner_bytes_and_some_native_build_linkage_unavailable"",""recorded_profile_comparison_not_author_paper_reproduction_or_optimality""]",,False,1,blocked,"Recorded observations may be usable, but calibration/reference or execution evidence does not verify this experiment.","[""horti_exact_reference_origin_timing_unresolved"",""horti_february_reference_generation_origin_and_timestamp_linkage_unresolved""]",True,completed_export_shutdown_error,False,True,False,unreviewed,historical recorded profile,,,recorded_estimator_export,complete,True,completed export; shutdown error,,,,,configured log-pattern matches; absence does not prove no failure; loop matches do not certify accepted/correct closures,
hortimulti,strawberry02,agricultural,ov2slam,vo-lc,False,True,2,default,ok,3,10.006198922022815,640,480,952.309670661,9530,100.0,,,952.309671163559,100.0,8823,4.873169602031822,13.909590102628776,4.738904973773345,13.883449382919798,,,1.0238591202061946,2.385912020619463,,,,,,,,,,,1,0,0,,transport,9530,,9530,9530,,0,,971.7248277664185,,,,,,9.807303186752376,10.007248995335704,0.980019902214165,,,971.7248277664185,,,container,650.1,64.6,223.0,1563.0,4570.8,0.0,0.0,0.0,0.0,4.889822400510495,7.291595549982603,38,8,global_se3,Intel(R) Core(TM) Ultra 9 285K,NVIDIA GeForce RTX 4090,8.054974547475304,raw_reference_interpolated_at_observed_estimates,results/vo-lc/hortimulti/strawberry02/ov2slam/run2,results/vo-lc/hortimulti/strawberry02/ov2slam/run2/run_eval.json,3d44ca34443fb94597e3c8a34ab10f186c2aa2eb9bdf8c66d9cb4f78d938387d,superseded_calibration_cohort,True,True,exited_zero,0,blocked,"[""horti_february_reference_generation_origin_and_timestamp_linkage_unresolved""]",False,se3,4.873169602031822,provisional_sensor_origin,False,poses,100.0,92.5813221406086,100.0,,,0.08109337049610693,0.08028741234403791,custom overlapping reference-distance windows; not KITTI,fe526e82185bb958b4bef9b1b72a145387a444b8aba1d331f63f143206964452,machine-3c9dca59a50f,2,,,,,available_input_frames_per_wrapper_elapsed_second,False,False,,"[""accuracy_conditional_on_observed_exports_and_reference_support"",""no_measured_processing_rate_or_realtime_deadline_claim""]","[""historical_dirty_runner_bytes_and_some_native_build_linkage_unavailable"",""recorded_profile_comparison_not_author_paper_reproduction_or_optimality""]",,False,1,blocked,"Recorded observations may be usable, but calibration/reference or execution evidence does not verify this experiment.","[""horti_exact_reference_origin_timing_unresolved"",""horti_february_reference_generation_origin_and_timestamp_linkage_unresolved""]",True,completed_export_shutdown_error,False,True,False,unreviewed,historical recorded profile,,,recorded_estimator_export,complete,True,completed export; shutdown error,,,,,configured log-pattern matches; absence does not prove no failure; loop matches do not certify accepted/correct closures,
hortimulti,strawberry02,agricultural,ov2slam,vo-lc,False,True,3,default,ok,3,10.006198922022815,640,480,952.309670661,9530,100.0,,,952.309671163559,100.0,8823,3.8941410737748168,10.361790927128723,3.7157958492996657,10.301787712861174,,,1.0244366866119914,2.4436686611991387,,,,,,,,,,,1,0,0,,transport,9530,,9530,9530,,0,,971.4761703014374,,,,,,9.809813448170278,10.007248995335704,0.98027074651891,,,971.4761703014374,,,container,640.2,63.8,227.9,1431.3,3933.7,0.0,0.0,0.0,0.0,4.338792458437023,6.0256727580781675,38,8,global_se3,Intel(R) Core(TM) Ultra 9 285K,NVIDIA GeForce RTX 4090,7.9013869383761355,raw_reference_interpolated_at_observed_estimates,results/vo-lc/hortimulti/strawberry02/ov2slam/run3,results/vo-lc/hortimulti/strawberry02/ov2slam/run3/run_eval.json,3d44ca34443fb94597e3c8a34ab10f186c2aa2eb9bdf8c66d9cb4f78d938387d,superseded_calibration_cohort,True,True,exited_zero,0,blocked,"[""horti_february_reference_generation_origin_and_timestamp_linkage_unresolved""]",False,se3,3.8941410737748168,provisional_sensor_origin,False,poses,100.0,92.5813221406086,100.0,,,0.08084459896831664,0.07992433583380132,custom overlapping reference-distance windows; not KITTI,fe526e82185bb958b4bef9b1b72a145387a444b8aba1d331f63f143206964452,machine-3c9dca59a50f,2,,,,,available_input_frames_per_wrapper_elapsed_second,False,False,,"[""accuracy_conditional_on_observed_exports_and_reference_support"",""no_measured_processing_rate_or_realtime_deadline_claim""]","[""historical_dirty_runner_bytes_and_some_native_build_linkage_unavailable"",""recorded_profile_comparison_not_author_paper_reproduction_or_optimality""]",,False,1,blocked,"Recorded observations may be usable, but calibration/reference or execution evidence does not verify this experiment.","[""horti_exact_reference_origin_timing_unresolved"",""horti_february_reference_generation_origin_and_timestamp_linkage_unresolved""]",True,completed_export_shutdown_error,False,True,False,unreviewed,historical recorded profile,,,recorded_estimator_export,complete,True,completed export; shutdown error,,,,,configured log-pattern matches; absence does not prove no failure; loop matches do not certify accepted/correct closures,
hortimulti,strawberry03,agricultural,orbslam3,vo-lc,False,True,1,default,ok,3,10.007445545596081,640,480,242.219654252,2425,100.0,,,242.21965432167053,100.0,2419,0.7834768586971272,1.222330964777921,0.10524832027075723,0.16451212894941872,,,1.043154361560642,4.315436156064201,,,,,,,,,,,1,0,0,True,paced,2425,,,2425,,,,272.77901315689087,,,,,,8.88998010490361,10.011574026852387,0.8879702713139302,,,272.77901315689087,,,process_tree,243.7,89.6,196.0,1103.5,1450.3,0.0,0.0,0.0,0.0,0.6011079561066883,1.1068844353471998,4,4,global_se3,Intel(R) Core(TM) Ultra 9 285K,NVIDIA GeForce RTX 4090,1.1278018229991937,raw_reference_interpolated_at_observed_estimates,results/vo-lc/hortimulti/strawberry03/orbslam3/run1,results/vo-lc/hortimulti/strawberry03/orbslam3/run1/run_eval.json,c1497e3da107568f37996e7874b054913511945a352af4479fb1f55f7f28cdbb,superseded_calibration_cohort,True,True,exited_nonzero,139,blocked,"[""historical_orb_loaded_library_abi_unknown"",""horti_february_reference_generation_origin_and_timestamp_linkage_unresolved""]",False,se3,0.7834768586971272,provisional_sensor_origin,False,poses,100.0,99.75257731958763,100.0,,,0.05279311804703034,0.02511886710309362,custom overlapping reference-distance windows; not KITTI,fe526e82185bb958b4bef9b1b72a145387a444b8aba1d331f63f143206964452,machine-3c9dca59a50f,2,legacy_input_count_assumed_processed; processing_claims_withheld,,,,available_input_frames_per_wrapper_elapsed_second,False,False,,"[""accuracy_conditional_on_observed_exports_and_reference_support"",""historical_orb_loaded_library_abi_unknown"",""no_measured_processing_rate_or_realtime_deadline_claim""]","[""historical_dirty_runner_bytes_and_some_native_build_linkage_unavailable"",""recorded_profile_comparison_not_author_paper_reproduction_or_optimality""]",,False,1,blocked,Saved executable hashes do not establish which ORB/g2o libraries were loaded; demonstrated current ABI mismatch requires explicit historical review.,"[""historical_orb_loaded_library_abi_unknown"",""horti_exact_reference_origin_timing_unresolved"",""horti_february_reference_generation_origin_and_timestamp_linkage_unresolved""]",True,completed_export_shutdown_error,False,True,False,unreviewed,historical recorded profile,,,recorded_estimator_export,complete,True,completed export; shutdown error,0,0,0,1,"configured log-pattern matches; absence does not prove no failure; loop matches do not certify accepted/correct closures; ORB tracking_losses includes recoverable local-map failure messages, not unique lost episodes; map_resets counts explicit Tracking resets only; local mapping/init reset messages are separate overlapping observations",docs/campaigns/log-observation-review-20261002.json
hortimulti,strawberry03,agricultural,orbslam3,vo-lc,False,True,2,default,ok,3,10.007445545596081,640,480,242.219654252,2425,100.0,,,242.21965432167053,100.0,2419,0.7938533756476169,1.2367735458316023,0.1105359235787862,0.22877111621757604,,,1.0437197756881822,4.371977568818219,,,,,,,,,,,1,0,0,True,paced,2425,,,2425,,,,263.53663206100464,,,,,,9.20175681473629,10.011574026852387,0.9191118988938146,,,263.53663206100464,,,process_tree,246.1,93.6,184.0,1107.7,1375.4,0.0,0.0,0.0,0.0,0.6150675829703589,1.1160984663287514,4,4,global_se3,Intel(R) Core(TM) Ultra 9 285K,NVIDIA GeForce RTX 4090,1.1292684219755196,raw_reference_interpolated_at_observed_estimates,results/vo-lc/hortimulti/strawberry03/orbslam3/run2,results/vo-lc/hortimulti/strawberry03/orbslam3/run2/run_eval.json,c1497e3da107568f37996e7874b054913511945a352af4479fb1f55f7f28cdbb,superseded_calibration_cohort,True,True,exited_zero,0,blocked,"[""historical_orb_loaded_library_abi_unknown"",""horti_february_reference_generation_origin_and_timestamp_linkage_unresolved""]",False,se3,0.7938533756476169,provisional_sensor_origin,False,poses,100.0,99.75257731958763,100.0,,,0.05312991383697704,0.025112747468708584,custom overlapping reference-distance windows; not KITTI,fe526e82185bb958b4bef9b1b72a145387a444b8aba1d331f63f143206964452,machine-3c9dca59a50f,2,legacy_input_count_assumed_processed; processing_claims_withheld,,,,available_input_frames_per_wrapper_elapsed_second,False,False,,"[""accuracy_conditional_on_observed_exports_and_reference_support"",""historical_orb_loaded_library_abi_unknown"",""no_measured_processing_rate_or_realtime_deadline_claim""]","[""historical_dirty_runner_bytes_and_some_native_build_linkage_unavailable"",""recorded_profile_comparison_not_author_paper_reproduction_or_optimality""]",,False,0,blocked,Saved executable hashes do not establish which ORB/g2o libraries were loaded; demonstrated current ABI mismatch requires explicit historical review.,"[""historical_orb_loaded_library_abi_unknown"",""horti_exact_reference_origin_timing_unresolved"",""horti_february_reference_generation_origin_and_timestamp_linkage_unresolved""]",True,success,True,False,False,unreviewed,historical recorded profile,,,recorded_estimator_export,complete,False,complete,0,0,0,1,"configured log-pattern matches; absence does not prove no failure; loop matches do not certify accepted/correct closures; ORB tracking_losses includes recoverable local-map failure messages, not unique lost episodes; map_resets counts explicit Tracking resets only; local mapping/init reset messages are separate overlapping observations",docs/campaigns/log-observation-review-20261002.json
hortimulti,strawberry03,agricultural,orbslam3,vo-lc,False,True,3,default,ok,3,10.007445545596081,640,480,242.219654252,2425,100.0,,,242.21965432167053,100.0,2419,0.7897651591670009,1.225490217973644,0.10678791485942336,0.17316383163180754,,,1.0435103342902647,4.351033429026474,,,,,,,,,,,1,0,0,True,paced,2425,,,2425,,,,264.00854444503784,,,,,,9.185308775128846,10.011574026852387,0.9174689964327901,,,264.00854444503784,,,process_tree,237.5,90.3,187.0,1098.5,1358.4,0.0,0.0,0.0,0.0,0.6106003054190118,1.1097884752024354,4,4,global_se3,Intel(R) Core(TM) Ultra 9 285K,NVIDIA GeForce RTX 4090,1.1263879453873333,raw_reference_interpolated_at_observed_estimates,results/vo-lc/hortimulti/strawberry03/orbslam3/run3,results/vo-lc/hortimulti/strawberry03/orbslam3/run3/run_eval.json,c1497e3da107568f37996e7874b054913511945a352af4479fb1f55f7f28cdbb,superseded_calibration_cohort,True,True,exited_zero,0,blocked,"[""historical_orb_loaded_library_abi_unknown"",""horti_february_reference_generation_origin_and_timestamp_linkage_unresolved""]",False,se3,0.7897651591670009,provisional_sensor_origin,False,poses,100.0,99.75257731958763,100.0,,,0.05291951852664143,0.025022953995111633,custom overlapping reference-distance windows; not KITTI,fe526e82185bb958b4bef9b1b72a145387a444b8aba1d331f63f143206964452,machine-3c9dca59a50f,2,legacy_input_count_assumed_processed; processing_claims_withheld,,,,available_input_frames_per_wrapper_elapsed_second,False,False,,"[""accuracy_conditional_on_observed_exports_and_reference_support"",""historical_orb_loaded_library_abi_unknown"",""no_measured_processing_rate_or_realtime_deadline_claim""]","[""historical_dirty_runner_bytes_and_some_native_build_linkage_unavailable"",""recorded_profile_comparison_not_author_paper_reproduction_or_optimality""]",,False,0,blocked,Saved executable hashes do not establish which ORB/g2o libraries were loaded; demonstrated current ABI mismatch requires explicit historical review.,"[""historical_orb_loaded_library_abi_unknown"",""horti_exact_reference_origin_timing_unresolved"",""horti_february_reference_generation_origin_and_timestamp_linkage_unresolved""]",True,success,True,False,False,unreviewed,historical recorded profile,,,recorded_estimator_export,complete,False,complete,0,0,0,1,"configured log-pattern matches; absence does not prove no failure; loop matches do not certify accepted/correct closures; ORB tracking_losses includes recoverable local-map failure messages, not unique lost episodes; map_resets counts explicit Tracking resets only; local mapping/init reset messages are separate overlapping observations",docs/campaigns/log-observation-review-20261002.json
hortimulti,strawberry03,agricultural,ov2slam,vo-lc,False,True,1,default,ok,3,10.007445545596081,640,480,242.219654252,2425,99.99999990156927,,,242.21965408325195,99.99999990156927,2419,0.5744967490209648,0.919905537809815,0.10178528521813607,0.5612429193138424,,,1.0310635679622926,3.1063567962292593,,,,,,,,,,,29,0,0,,transport,2425,,2425,2425,,0,,257.3619909286499,,,,,,9.422525802080456,10.011574036706852,0.9411632753059586,,,257.3619909286499,,,container,205.5,65.4,189.0,660.6,1246.5,0.0,0.0,0.0,0.0,0.43654466589862073,0.8153586647202675,4,4,global_se3,Intel(R) Core(TM) Ultra 9 285K,NVIDIA GeForce RTX 4090,0.8458154529369875,raw_reference_interpolated_at_observed_estimates,results/vo-lc/hortimulti/strawberry03/ov2slam/run1,results/vo-lc/hortimulti/strawberry03/ov2slam/run1/run_eval.json,3d44ca34443fb94597e3c8a34ab10f186c2aa2eb9bdf8c66d9cb4f78d938387d,superseded_calibration_cohort,True,True,exited_zero,0,blocked,"[""horti_february_reference_generation_origin_and_timestamp_linkage_unresolved""]",False,se3,0.5744967490209648,provisional_sensor_origin,False,poses,100.0,99.75257731958763,100.0,,,0.04312695150770007,0.025066503443012506,custom overlapping reference-distance windows; not KITTI,fe526e82185bb958b4bef9b1b72a145387a444b8aba1d331f63f143206964452,machine-3c9dca59a50f,2,,,,,available_input_frames_per_wrapper_elapsed_second,False,False,,"[""accuracy_conditional_on_observed_exports_and_reference_support"",""no_measured_processing_rate_or_realtime_deadline_claim""]","[""historical_dirty_runner_bytes_and_some_native_build_linkage_unavailable"",""recorded_profile_comparison_not_author_paper_reproduction_or_optimality""]",,False,1,blocked,"Recorded observations may be usable, but calibration/reference or execution evidence does not verify this experiment.","[""horti_exact_reference_origin_timing_unresolved"",""horti_february_reference_generation_origin_and_timestamp_linkage_unresolved""]",True,completed_export_shutdown_error,False,True,False,unreviewed,historical recorded profile,,,recorded_estimator_export,complete,True,completed export; shutdown error,,,,,configured log-pattern matches; absence does not prove no failure; loop matches do not certify accepted/correct closures,
hortimulti,strawberry03,agricultural,ov2slam,vo-lc,False,True,2,default,ok,3,10.007445545596081,640,480,242.219654252,2425,99.99999990156927,,,242.21965408325195,99.99999990156927,2419,0.6889001096920635,1.255797134932543,0.41409136252169104,1.0336522379366495,,,1.0302300470705394,3.0230047070539445,,,,,,,,,,,26,0,0,,transport,2425,,2425,2425,,0,,257.3462302684784,,,,,,9.4231028660109,10.011574036706852,0.9412209149866818,,,257.3462302684784,,,container,206.3,65.7,195.0,648.0,1045.6,0.0,0.0,0.0,0.0,0.5255032159328543,0.9753506868384918,4,4,global_se3,Intel(R) Core(TM) Ultra 9 285K,NVIDIA GeForce RTX 4090,0.9521226999203733,raw_reference_interpolated_at_observed_estimates,results/vo-lc/hortimulti/strawberry03/ov2slam/run2,results/vo-lc/hortimulti/strawberry03/ov2slam/run2/run_eval.json,3d44ca34443fb94597e3c8a34ab10f186c2aa2eb9bdf8c66d9cb4f78d938387d,superseded_calibration_cohort,True,True,exited_zero,0,blocked,"[""horti_february_reference_generation_origin_and_timestamp_linkage_unresolved""]",False,se3,0.6889001096920635,provisional_sensor_origin,False,poses,100.0,99.75257731958763,100.0,,,0.06904471055809665,0.06316579496780364,custom overlapping reference-distance windows; not KITTI,fe526e82185bb958b4bef9b1b72a145387a444b8aba1d331f63f143206964452,machine-3c9dca59a50f,2,,,,,available_input_frames_per_wrapper_elapsed_second,False,False,,"[""accuracy_conditional_on_observed_exports_and_reference_support"",""no_measured_processing_rate_or_realtime_deadline_claim""]","[""historical_dirty_runner_bytes_and_some_native_build_linkage_unavailable"",""recorded_profile_comparison_not_author_paper_reproduction_or_optimality""]",,False,1,blocked,"Recorded observations may be usable, but calibration/reference or execution evidence does not verify this experiment.","[""horti_exact_reference_origin_timing_unresolved"",""horti_february_reference_generation_origin_and_timestamp_linkage_unresolved""]",True,completed_export_shutdown_error,False,True,False,unreviewed,historical recorded profile,,,recorded_estimator_export,complete,True,completed export; shutdown error,,,,,configured log-pattern matches; absence does not prove no failure; loop matches do not certify accepted/correct closures,
hortimulti,strawberry03,agricultural,ov2slam,vo-lc,False,True,3,default,ok,3,10.007445545596081,640,480,242.219654252,2425,99.99999990156927,,,242.21965408325195,99.99999990156927,2419,0.5726402522553584,0.9212547976473507,0.10389631947438845,0.5474387705471321,,,1.030934912144649,3.093491214464894,,,,,,,,,,,33,0,0,,transport,2425,,2425,2425,,0,,257.3517951965332,,,,,,9.422899102561486,10.011574036706852,0.9412005621981124,,,257.3517951965332,,,container,197.5,62.2,214.0,600.4,1108.8,0.0,0.0,0.0,0.0,0.43435085118028616,0.8139820340908772,4,4,global_se3,Intel(R) Core(TM) Ultra 9 285K,NVIDIA GeForce RTX 4090,0.8384309039844237,raw_reference_interpolated_at_observed_estimates,results/vo-lc/hortimulti/strawberry03/ov2slam/run3,results/vo-lc/hortimulti/strawberry03/ov2slam/run3/run_eval.json,3d44ca34443fb94597e3c8a34ab10f186c2aa2eb9bdf8c66d9cb4f78d938387d,superseded_calibration_cohort,True,True,exited_zero,0,blocked,"[""horti_february_reference_generation_origin_and_timestamp_linkage_unresolved""]",False,se3,0.5726402522553584,provisional_sensor_origin,False,poses,100.0,99.75257731958763,100.0,,,0.042652358487932786,0.024386057846571996,custom overlapping reference-distance windows; not KITTI,fe526e82185bb958b4bef9b1b72a145387a444b8aba1d331f63f143206964452,machine-3c9dca59a50f,2,,,,,available_input_frames_per_wrapper_elapsed_second,False,False,,"[""accuracy_conditional_on_observed_exports_and_reference_support"",""no_measured_processing_rate_or_realtime_deadline_claim""]","[""historical_dirty_runner_bytes_and_some_native_build_linkage_unavailable"",""recorded_profile_comparison_not_author_paper_reproduction_or_optimality""]",,False,1,blocked,"Recorded observations may be usable, but calibration/reference or execution evidence does not verify this experiment.","[""horti_exact_reference_origin_timing_unresolved"",""horti_february_reference_generation_origin_and_timestamp_linkage_unresolved""]",True,completed_export_shutdown_error,False,True,False,unreviewed,historical recorded profile,,,recorded_estimator_export,complete,True,completed export; shutdown error,,,,,configured log-pattern matches; absence does not prove no failure; loop matches do not certify accepted/correct closures,
