dataset,seq,environment_type,algo,run_type,use_imu,use_lc,input_fps,image_width,image_height,sequence_duration_s,sequence_frames_total,frames_tracked,track_pct,trajectory_duration_s,trajectory_time_coverage_pct,ate_se3_rmse_m,ate_se3_max_m,ate_sim3_rmse_m,ate_sim3_max_m,scale_factor,scale_error_pct,rpe_trans_1m_rmse_m,rpe_rot_1m_rmse_deg,path_length_gt_m,path_length_est_m,ate_se3_rmse_pct_path,loop_closures,duration_s,fps,real_time_factor,processing_ms_per_frame,cpu_mean_pct,cpu_peak_pct,ram_mean_mib,ram_peak_mib,vram_mean_mib,vram_peak_mib,gpu_mean_pct,gpu_peak_pct,ate_row_rmse_m,ate_turn_rmse_m,n_segments_row,n_segments_turn,final_drift_m,gt_source
rosariov2,sequence5,agricultural,orbslam3,vio,True,False,14.62,1280,720,796.25,11640,11476,98.6,784.37,98.5,2.615955,5.442094,2.286,4.475536,1.025853904020381,2.59,0.029311,0.195973,705.7,687.3,0.37,0,960.83,11.944,0.829,83.73,41.4,77.0,14349.8,16789.0,16.0,16.0,0.0,0.0,0.019663,0.022932,37,18,5.2166,interpolated
rosariov2,sequence5,agricultural,okvis2,vio,True,False,14.62,1280,720,796.25,11640,11639,100.0,796.18,100.0,6085576.930171,11567194.031394,50.332813,93.520318,1.3147043954820452e-06,100.0,17.335261,42.082566,705.7,17760909.75,862346.17,0,2280.21,5.104,0.349,195.91,21.8,33.7,14134.5,16887.0,16.0,16.0,0.0,10.0,0.258279,0.201417,37,18,17113256.5335,interpolated
rosariov2,sequence5,agricultural,basalt,vio,True,False,14.62,1280,720,796.25,11640,11640,100.0,796.25,100.0,4.772629,12.021794,4.741771,12.019436,1.0107926653459565,1.08,0.01571,0.201582,705.7,695.99,0.68,0,250.33,46.498,3.181,21.51,87.5,93.7,13614.8,13997.0,16.0,16.0,0.1,9.0,0.017973,0.017595,37,18,21.0092,interpolated
rosariov2,sequence5,agricultural,okvis2,vio,True,False,14.62,1280,720,796.25,11640,11639,100.0,796.18,100.0,20.682866,52.307215,20.291757,50.249424,0.9211257411579957,7.89,0.108218,0.278448,705.7,694.99,2.93,0,1375.22,8.463,0.579,118.16,20.9,46.3,14868.1,16487.0,15.0,15.0,0.0,9.0,0.045076,0.015003,37,18,90.9481,interpolated
rosariov2,sequence1,agricultural,okvis2,vio,True,False,14.7,1280,720,940.42,13821,13821,100.0,940.42,100.0,19.39366,57.48219,18.885013,53.931961,0.9084918390075777,9.15,0.123616,0.30272,785.94,774.87,2.47,0,1392.5,9.925,0.675,100.75,15.2,33.5,14420.4,15236.0,15.0,15.0,0.0,9.0,0.02121,0.018382,70,37,71.866,interpolated
