1770725409403707392,-0.00042,0.00198,-0.00012,0.99961,0.01868,0.02071,-0.00052,-0.00066,0.00308,-0.00050,
1770725409605234688,-0.00039,0.00207,-0.00011,0.99961,0.01865,0.02068,-0.00054,-0.00060,0.00353,-0.00044,
1770725409804657408,0.00605,0.00157,0.00136,0.99962,0.01867,0.02032,-0.00079,0.04732,0.00401,0.02327,
1770725410005216512,0.05914,0.00239,0.00897,0.99975,0.01820,0.01274,-0.00361,0.54689,-0.01675,0.00591,
1770725410199345152,0.21446,0.01120,0.00202,0.99964,0.01346,0.02131,-0.00958,0.77383,0.05157,0.04013,
1770725410403009792,0.41138,0.01504,-0.00489,0.99949,0.01054,0.02530,-0.01611,0.97427,0.03141,0.00935,
1770725410603713792,0.65564,0.00350,-0.01298,0.99922,0.01347,0.02914,-0.02295,1.31436,-0.04169,-0.04759,
1770725410798174208,0.92681,-0.00300,-0.02158,0.99929,0.01192,0.02352,-0.02706,1.59579,0.03931,-0.10191,
1770725411002159616,1.25275,-0.02753,-0.04548,0.99865,0.02350,0.03887,-0.02519,1.51660,-0.21410,-0.10234,
1770725411203201024,1.55182,-0.04298,-0.05890,0.99842,0.03078,0.04184,-0.02131,1.40999,0.06498,-0.01467,
1770725411408883456,1.84103,-0.05121,-0.08096,0.99829,0.03848,0.04043,-0.01724,1.56006,-0.11383,-0.23582,
1770725411603005440,2.15104,-0.04650,-0.11572,0.99746,0.03939,0.05894,-0.00684,1.52491,0.07257,-0.15926,
1770725411802174208,2.45475,0.00487,-0.14555,0.99785,0.02382,0.06045,0.00811,1.56419,0.06780,-0.16429,
1770725412006430464,2.71767,0.02697,-0.15547,0.99824,0.02241,0.05260,0.01571,1.30856,0.40090,-0.07268,
1770725412203599360,2.95668,0.04228,-0.16037,0.99901,0.02662,0.03476,0.00832,1.15722,-0.14995,-0.11495,
1770725412398891008,3.20240,0.06662,-0.15435,0.99959,0.01704,0.02302,0.00294,1.20027,0.17161,0.10772,
1770725412601239808,3.48598,0.07201,-0.16475,0.99944,0.02206,0.02532,0.00110,1.51349,0.18681,-0.04910,
1770725412804355072,3.77606,0.09661,-0.16844,0.99943,0.01576,0.02982,-0.00140,1.52786,-0.01541,-0.11465,
1770725413015771392,4.10031,0.06206,-0.18882,0.99823,0.03771,0.04586,-0.00310,1.46248,0.01903,-0.06920,
1770725413207908864,4.34724,0.08817,-0.18658,0.99926,0.02735,0.02582,-0.00748,1.20947,-0.03546,0.07695,
1770725413403434496,4.58747,0.08414,-0.18029,0.99936,0.03111,0.01517,-0.00848,1.03553,0.10554,0.08960,
1770725413608290816,4.82957,0.08627,-0.17371,0.99945,0.03126,0.00628,-0.00961,1.07759,-0.07716,0.09052,
1770725413802298112,5.08747,0.10506,-0.17649,0.99965,0.02093,0.00666,-0.01470,1.28284,-0.05423,0.03093,
1770725414004153856,5.37329,0.10179,-0.18059,0.99950,0.02216,0.01354,-0.01826,1.21476,0.08987,-0.04681,
1770725414201253632,5.63106,0.10319,-0.18036,0.99951,0.01655,0.00987,-0.02468,1.30303,-0.08256,0.04539,
1770725414402304000,5.90324,0.08394,-0.17657,0.99937,0.02231,0.01078,-0.02525,1.25963,0.07894,0.00257,
1770725414601757952,6.15634,0.09445,-0.16941,0.99960,0.01750,0.00080,-0.02199,1.42698,-0.05694,-0.08743,
1770725414803711744,6.43688,0.08580,-0.17249,0.99949,0.02104,0.00936,-0.02191,1.22211,-0.01454,0.09384,
1770725415002013184,6.70465,0.08252,-0.17078,0.99944,0.02187,0.00926,-0.02367,1.15253,-0.13909,0.04773,
1770725415200530176,6.97347,0.08281,-0.17141,0.99943,0.01853,0.01003,-0.02654,1.32075,-0.11518,0.00552,
1770725415400617472,7.25331,0.08100,-0.17079,0.99943,0.01591,0.00934,-0.02834,1.15461,-0.09319,0.09109,
1770725415601203200,7.52056,0.05670,-0.16713,0.99926,0.02265,0.01021,-0.02927,1.46387,-0.02059,-0.09517,
1770725415800214784,7.79886,0.06497,-0.16941,0.99935,0.01335,0.01114,-0.03144,1.46031,-0.09415,-0.07780,
1770725416000989440,8.08944,0.04602,-0.17072,0.99913,0.01599,0.01323,-0.03628,1.30085,0.01547,0.01669,
1770725416200696576,8.35812,0.04907,-0.16351,0.99946,0.01286,0.00653,-0.02962,1.33734,-0.00368,-0.02515,
1770725416402388480,8.65027,0.02956,-0.16288,0.99944,0.02608,0.01103,-0.01771,1.34286,0.03917,0.04077,
1770725416598582016,8.91072,0.05385,-0.15969,0.99972,0.01631,0.00498,-0.01641,1.16895,-0.11386,0.04614,
1770725416803555072,9.18694,0.05183,-0.16156,0.99968,0.01655,0.00769,-0.01753,1.21353,0.22350,0.04934,
1770725416997015552,9.42925,0.05639,-0.15367,0.99970,0.01576,-0.00019,-0.01880,1.33631,0.08951,-0.09280,
1770725417200861952,9.72322,0.06462,-0.16440,0.99970,0.01144,0.00595,-0.02086,1.43819,-0.04906,-0.03606,
1770725417402155264,10.02969,0.06548,-0.17943,0.99945,0.01042,0.01974,-0.02456,1.24417,-0.01943,0.07638,
1770725417598764800,10.30340,0.06468,-0.18405,0.99937,0.00856,0.01954,-0.02836,1.17592,-0.08760,0.01351,
1770725417800289280,10.56905,0.05560,-0.17795,0.99935,0.01147,0.01278,-0.03156,1.30384,-0.03875,-0.08717,
1770725418002246912,10.85329,0.04621,-0.18350,0.99925,0.01012,0.01571,-0.03394,1.46419,0.03825,0.00854,
1770725418200193024,11.13686,0.02082,-0.18559,0.99911,0.02159,0.02135,-0.02917,1.42040,-0.06982,-0.12661,
1770725418399084544,11.41407,0.02797,-0.18772,0.99928,0.01379,0.01484,-0.03221,1.42662,0.08953,-0.00810,
1770725418599976704,11.70903,0.01897,-0.19883,0.99909,0.01359,0.02321,-0.03303,1.34916,0.06733,-0.07538,
1770725418798253568,11.98476,0.01937,-0.20063,0.99921,0.00937,0.02368,-0.03061,1.39629,0.06042,-0.02985,
1770725418998860032,12.25661,0.01899,-0.19555,0.99952,0.01137,0.01684,-0.02323,1.32598,-0.12175,0.04883,
1770725419198687232,12.54932,0.00948,-0.20069,0.99950,0.01616,0.02319,-0.01436,1.22507,0.24214,0.12831,
1770725419398274816,12.81791,0.01663,-0.19973,0.99964,0.01998,0.01689,-0.00643,1.33648,-0.05554,-0.02809,
1770725419598411776,13.08907,0.02883,-0.20555,0.99971,0.01862,0.01533,-0.00157,1.24182,0.03496,-0.06753,
1770725419793856512,13.36851,0.03002,-0.21043,0.99951,0.02282,0.02149,-0.00117,1.26617,0.03642,0.05525,
1770725419997970176,13.64556,0.04616,-0.21050,0.99965,0.02185,0.01492,-0.00003,1.46245,0.03719,-0.08813,
1770725420199048192,13.92575,0.07000,-0.21364,0.99975,0.01604,0.01560,0.00043,1.43334,0.09511,-0.08312,
1770725420397570560,14.21410,0.07705,-0.22056,0.99962,0.01663,0.02194,-0.00267,1.45540,0.16251,-0.04011,
1770725420597461760,14.48251,0.10038,-0.21931,0.99984,0.00953,0.01453,-0.00321,1.19382,0.18896,0.08550,
1770725420796958976,14.74454,0.09632,-0.22049,0.99976,0.01718,0.01293,-0.00338,1.43141,0.02221,-0.05839,
1770725421006820864,15.02645,0.12681,-0.21501,0.99993,0.00530,0.01007,-0.00409,1.48006,-0.03529,-0.04394,
1770725421197508864,15.31973,0.11238,-0.22960,0.99963,0.01665,0.02091,-0.00559,1.48675,0.23462,-0.01495,
1770725421401308928,15.62155,0.10935,-0.23036,0.99946,0.02202,0.02359,-0.00655,1.43116,-0.21644,-0.00880,
1770725421598466816,15.89650,0.09380,-0.23938,0.99914,0.03034,0.02655,-0.00922,1.23810,0.11320,0.02186,
1770725421800717056,16.17572,0.12000,-0.24875,0.99942,0.01909,0.02595,-0.01080,1.45440,-0.03338,-0.09798,
1770725421993781760,16.43383,0.11136,-0.24363,0.99952,0.02371,0.01394,-0.01434,1.38975,0.07340,-0.04666,
1770725422196588288,16.71079,0.11367,-0.24710,0.99952,0.01914,0.01465,-0.01942,1.32756,0.17345,-0.02678,
1770725422392186880,16.99611,0.12102,-0.25443,0.99950,0.01648,0.02018,-0.01802,1.41183,-0.05836,-0.03683,
1770725422596583680,17.29364,0.11731,-0.25833,0.99933,0.01630,0.02398,-0.02217,1.45283,0.06323,-0.03852,
1770725422796346112,17.57221,0.10883,-0.25799,0.99942,0.02204,0.01955,-0.01684,1.51260,-0.16126,-0.10497,
1770725422996172800,17.85476,0.10364,-0.25710,0.99933,0.02521,0.02073,-0.01682,1.22584,0.07060,0.09563,
1770725423196773120,18.10400,0.11898,-0.25971,0.99959,0.01826,0.01366,-0.01703,1.67189,-0.03892,-0.19488,
1770725423395551232,18.38389,0.12032,-0.26147,0.99950,0.01574,0.01783,-0.02077,1.63035,0.06031,-0.13773,
1770725423596686848,18.67572,0.11005,-0.26407,0.99931,0.01944,0.02067,-0.02378,1.48652,-0.05745,0.00918,
1770725423795913472,18.96363,0.10571,-0.27226,0.99917,0.02001,0.02302,-0.02687,1.35794,-0.01239,0.06288,
1770725423995848960,19.23184,0.09456,-0.26722,0.99913,0.02436,0.01707,-0.02935,1.26604,-0.08421,0.04211,
1770725424200917760,19.51486,0.09255,-0.27807,0.99905,0.02218,0.01901,-0.03236,1.46820,-0.19267,-0.04928,
1770725424395808512,19.80044,0.08423,-0.28775,0.99893,0.01967,0.02440,-0.03395,1.36690,0.01204,0.05433,
1770725424596428544,20.08280,0.07673,-0.29042,0.99907,0.02302,0.02226,-0.02899,1.42968,-0.16080,-0.01856,
1770725424798643712,20.36622,0.06527,-0.29421,0.99914,0.02443,0.02074,-0.02616,1.36433,0.29155,-0.03977,
1770725424995356160,20.63848,0.07299,-0.29400,0.99935,0.02483,0.02041,-0.01604,1.42036,-0.17553,0.02516,
1770725425197721856,20.91208,0.08955,-0.29416,0.99965,0.01597,0.01508,-0.01451,1.27273,-0.01696,0.06382,
1770725425394372352,21.19711,0.08513,-0.29580,0.99954,0.02198,0.01790,-0.01061,1.49016,0.12429,-0.07041,
1770725425594665728,21.47630,0.10177,-0.29900,0.99962,0.01696,0.01853,-0.01096,1.37156,-0.21183,0.00159,
1770725425796040448,21.75119,0.08765,-0.30193,0.99939,0.02447,0.02146,-0.01283,1.36320,0.13638,-0.04365,
1770725425995853312,22.01051,0.10090,-0.29568,0.99966,0.01892,0.00995,-0.01483,1.51777,-0.04448,-0.02647,
1770725426194757120,22.29883,0.10359,-0.30844,0.99958,0.01677,0.01488,-0.01813,1.42222,0.34824,-0.07491,
1770725426393627392,22.58414,0.09240,-0.31362,0.99930,0.02466,0.02117,-0.01850,1.48748,-0.01209,-0.06639,
1770725426594132992,22.84673,0.11157,-0.30829,0.99962,0.01286,0.01008,-0.02216,1.44069,0.07375,-0.01964,
1770725426793654528,23.13830,0.09008,-0.31738,0.99928,0.02406,0.01949,-0.02172,1.49078,0.00477,-0.02190,
1770725426993831680,23.40867,0.10548,-0.31220,0.99955,0.01354,0.00912,-0.02522,1.40874,-0.00953,-0.00316,
1770725427193749504,23.69040,0.08461,-0.32107,0.99928,0.02159,0.01628,-0.02656,1.39388,0.07544,-0.03233,
1770725427396585216,23.98161,0.09682,-0.32081,0.99942,0.01343,0.01408,-0.02781,1.47563,-0.07159,-0.09163,
1770725427593503488,24.27082,0.08765,-0.32883,0.99944,0.01706,0.01836,-0.02224,1.46407,0.09242,-0.01171,
1770725427794088960,24.56404,0.10369,-0.32939,0.99968,0.00966,0.01586,-0.01694,1.30820,0.04999,0.04228,
1770725427992729088,24.83090,0.10003,-0.33001,0.99968,0.01146,0.01202,-0.01934,1.43366,0.00967,-0.05928,
1770725428189587456,25.13300,0.09299,-0.35014,0.99921,0.01377,0.03109,-0.02054,1.60241,0.03885,-0.10388,
1770725428393212416,25.43521,0.08055,-0.35242,0.99908,0.02087,0.03105,-0.02085,1.33742,-0.17437,-0.09271,
1770725428591297024,25.68431,0.09159,-0.35208,0.99953,0.01438,0.01413,-0.02329,1.33339,0.14873,-0.03445,
1770725428793760000,25.97264,0.08802,-0.35936,0.99942,0.02021,0.02099,-0.01738,1.62289,0.02229,-0.08337,
1770725428991702016,26.27013,0.10039,-0.36444,0.99948,0.01672,0.02427,-0.01337,1.43000,-0.00016,-0.02435,
1770725429194634752,26.55087,0.10739,-0.36982,0.99954,0.01747,0.02252,-0.01042,1.13925,0.04401,0.10266,
1770725429393963520,26.82371,0.11672,-0.37222,0.99961,0.01935,0.01959,-0.00563,1.36009,0.00532,0.04484,
1770725429592974848,27.11385,0.12915,-0.38119,0.99953,0.01970,0.02314,-0.00299,1.42887,0.00089,-0.07895,
1770725429792571648,27.38797,0.13337,-0.37980,0.99950,0.02226,0.02190,-0.00414,1.34217,-0.03062,0.04070,
1770725429991550720,27.65471,0.13994,-0.38265,0.99954,0.02426,0.01759,-0.00350,1.29691,0.15892,-0.02895,
1770725430196586496,27.95443,0.15598,-0.38871,0.99948,0.02226,0.02278,-0.00447,1.50958,0.00981,-0.05784,
1770725430391031296,28.22450,0.16277,-0.39318,0.99956,0.01784,0.02055,-0.01189,1.53854,0.09736,0.00795,
1770725430592186112,28.50062,0.17170,-0.39670,0.99965,0.01470,0.01660,-0.01414,1.49171,-0.09857,-0.07081,
1770725430791482368,28.80912,0.15977,-0.40698,0.99928,0.01854,0.02791,-0.01770,1.58935,-0.01657,-0.02693,
1770725430991328000,29.08991,0.14651,-0.41057,0.99927,0.02373,0.02296,-0.01904,1.25936,0.07072,0.04648,
1770725431191760128,29.34810,0.14933,-0.40698,0.99944,0.02166,0.01161,-0.02268,1.32433,-0.13265,0.02107,
1770725431390498304,29.63260,0.14049,-0.41263,0.99932,0.02441,0.01532,-0.02304,1.43723,-0.09461,0.02743,
1770725431590848768,29.93662,0.13800,-0.42344,0.99914,0.02065,0.02457,-0.02642,1.55562,-0.01980,-0.07572,
1770725431791523840,30.22548,0.12703,-0.43304,0.99886,0.02090,0.02621,-0.03405,1.65713,-0.25625,-0.04888,
1770725431996357120,30.51040,0.12096,-0.43454,0.99900,0.01747,0.02002,-0.03603,1.44633,0.10932,-0.09486,
1770725432190606080,30.78101,0.10397,-0.43645,0.99892,0.02077,0.01981,-0.03653,1.40411,0.05410,-0.02151,
1770725432393643264,31.06153,0.09244,-0.43718,0.99892,0.02031,0.01632,-0.03834,1.43133,-0.00439,-0.01274,
1770725432593124096,31.34865,0.08217,-0.44360,0.99885,0.01995,0.01815,-0.03977,1.62706,-0.23807,-0.16763,
1770725432789746944,31.65454,0.05457,-0.45401,0.99843,0.02426,0.03030,-0.04028,1.47554,0.12375,0.05121,
1770725432990221568,31.93185,0.04458,-0.45320,0.99884,0.02703,0.01787,-0.03571,1.53213,-0.11835,-0.07580,
1770725433187025920,32.21386,0.03915,-0.45369,0.99900,0.02425,0.01769,-0.03309,1.46142,0.23522,-0.11138,
1770725433390029312,32.50994,0.04103,-0.46229,0.99918,0.02362,0.02222,-0.02427,1.46235,0.05091,0.02962,
1770725433589638656,32.79024,0.05062,-0.46762,0.99944,0.01970,0.02178,-0.01624,1.34232,0.03732,0.01305,
1770725433789748992,33.07298,0.04743,-0.47000,0.99942,0.02418,0.02173,-0.01010,1.50560,-0.04817,-0.06379,
1770725433989043456,33.36046,0.05227,-0.47813,0.99939,0.02613,0.02305,-0.00175,1.44954,0.16484,-0.00355,
1770725434188293376,33.62590,0.07042,-0.47808,0.99962,0.02312,0.01480,-0.00109,1.33556,0.15547,-0.06287,
1770725434390513664,33.90234,0.07776,-0.48086,0.99962,0.02231,0.01568,-0.00302,1.33097,-0.10037,0.05134,
1770725434588336384,34.19297,0.08597,-0.49274,0.99954,0.01826,0.02310,-0.00752,1.42904,0.02006,0.03540,
1770725434789470464,34.49356,0.09464,-0.50177,0.99939,0.01639,0.02942,-0.00960,1.57905,-0.00500,-0.10850,
1770725434989248512,34.77047,0.09389,-0.50713,0.99945,0.01717,0.02485,-0.01341,1.39468,-0.10391,0.04443,
1770725435191132672,35.04442,0.08489,-0.50490,0.99948,0.02213,0.01908,-0.01376,1.30312,0.06109,-0.00353,
1770725435386509056,35.32982,0.09795,-0.51558,0.99948,0.01573,0.02229,-0.01699,1.54002,-0.11726,-0.03395,
1770725435588588800,35.62667,0.10155,-0.52750,0.99937,0.01285,0.02598,-0.02026,1.22533,-0.15044,0.08418,
1770725435789062144,35.89871,0.09487,-0.52409,0.99937,0.01405,0.02204,-0.02389,1.37220,-0.04523,0.03826,
1770725435990248192,36.18943,0.10591,-0.53372,0.99957,0.01245,0.01939,-0.01803,1.64961,-0.27379,-0.04263,
1770725436188685056,36.48113,0.10049,-0.54579,0.99943,0.01365,0.02429,-0.01918,1.30650,0.27523,-0.02979,
1770725436388887040,36.76280,0.10842,-0.55296,0.99942,0.01228,0.02522,-0.01905,1.61590,-0.09379,-0.16638,
1770725436589499648,37.05525,0.10626,-0.56193,0.99949,0.01081,0.02118,-0.02139,1.48594,-0.06943,-0.00779,
1770725436789855488,37.33116,0.09805,-0.56307,0.99943,0.01423,0.01921,-0.02392,1.41369,-0.00847,-0.05087,
1770725436989314816,37.60910,0.09043,-0.57003,0.99938,0.01885,0.01936,-0.02259,1.54934,0.06975,-0.04895,
1770725437189916416,37.90583,0.09312,-0.57701,0.99946,0.01487,0.01832,-0.02267,1.53574,-0.05829,0.01327,
1770725437388471552,38.17847,0.08752,-0.57816,0.99941,0.01429,0.01561,-0.02698,1.35169,0.06957,-0.00385,
1770725437581266432,38.43524,0.09396,-0.57894,0.99962,0.01142,0.01131,-0.02220,1.55771,-0.01448,-0.11313,
1770725437788495872,38.76362,0.07162,-0.59266,0.99914,0.02270,0.02700,-0.02181,1.70291,-0.17096,-0.09475,
1770725437987631360,39.04014,0.06855,-0.59332,0.99924,0.02030,0.01880,-0.02744,1.27290,0.15468,-0.04748,
1770725438189793792,39.30494,0.06867,-0.59735,0.99930,0.01904,0.01544,-0.02815,1.44987,-0.11766,-0.03101,
1770725438387311104,39.59998,0.06808,-0.60905,0.99911,0.01524,0.02323,-0.03174,1.58004,-0.12530,-0.07243,
1770725438583916544,39.88937,0.05254,-0.61395,0.99895,0.01841,0.02369,-0.03454,1.30734,0.09138,0.06427,
1770725438785810432,40.15608,0.04779,-0.61281,0.99925,0.01959,0.01258,-0.03094,1.42136,-0.10007,-0.04622,
1770725438986490368,40.43985,0.05202,-0.61490,0.99936,0.01611,0.01331,-0.02888,1.43666,-0.23954,0.04488,
1770725439187118336,40.73754,0.02818,-0.62606,0.99907,0.02886,0.02081,-0.02438,1.40789,-0.02012,-0.02760,
1770725439386243072,41.02260,0.04222,-0.62947,0.99943,0.02079,0.01645,-0.02108,1.42266,0.00934,-0.06623,
1770725439587003392,41.32130,0.04118,-0.64555,0.99926,0.02074,0.02577,-0.01983,1.56857,0.08715,-0.10650,
1770725439791090688,41.61497,0.04685,-0.65378,0.99933,0.01650,0.02574,-0.02028,1.55718,0.15238,-0.09010,
1770725439985271808,41.88009,0.05472,-0.65815,0.99949,0.01236,0.01870,-0.02279,1.47077,0.10954,-0.08508,
1770725440186747904,42.16308,0.04623,-0.66463,0.99939,0.01590,0.02002,-0.02361,1.42980,0.03196,-0.02073,
1770725440386656000,42.45381,0.04758,-0.66949,0.99942,0.01357,0.02135,-0.02293,1.55733,0.03272,-0.05430,
1770725440586420480,42.73964,0.03245,-0.67367,0.99930,0.01968,0.01994,-0.02480,1.38511,-0.05970,-0.05123,
1770725440786663424,43.01013,0.02133,-0.67417,0.99933,0.02397,0.01463,-0.02343,1.45250,-0.13192,-0.05720,
1770725440989873408,43.30644,0.02035,-0.67999,0.99943,0.02397,0.01631,-0.01720,1.36742,0.13617,0.03641,
1770725441185889280,43.58740,0.02603,-0.68530,0.99950,0.02624,0.01616,-0.00645,1.54687,0.08268,-0.15627,
1770725441385705728,43.87132,0.04862,-0.68694,0.99969,0.01907,0.01604,-0.00214,1.39713,0.17565,-0.02929,
1770725441583800320,44.16093,0.04984,-0.69630,0.99947,0.02428,0.02151,-0.00092,1.41103,-0.06718,0.04505,
1770725441785399040,44.43704,0.06963,-0.69749,0.99967,0.01662,0.01827,-0.00714,1.36562,0.04061,-0.02840,
1770725441985443072,44.72691,0.07227,-0.70513,0.99954,0.01989,0.02107,-0.00886,1.47938,-0.03174,0.00324,
1770725442186117120,44.99500,0.08779,-0.70629,0.99972,0.01277,0.01255,-0.01552,1.47382,-0.02815,-0.00506,
1770725442385212928,45.28720,0.09156,-0.71802,0.99959,0.01097,0.02038,-0.01689,1.46877,0.15171,-0.01611,
1770725442584672768,45.57495,0.08802,-0.72567,0.99953,0.01587,0.02118,-0.01544,1.46620,-0.15486,-0.03617,
1770725442797864192,45.86341,0.09848,-0.72458,0.99964,0.00799,0.01276,-0.02214,1.35251,0.14074,-0.06650,
1770725442986616576,46.13536,0.09622,-0.73300,0.99961,0.00701,0.01491,-0.02271,1.62969,0.07303,-0.13580,
1770725443185073152,46.44190,0.09373,-0.74445,0.99935,0.00523,0.02457,-0.02583,1.28624,-0.07979,0.11730,
1770725443386047232,46.71470,0.07602,-0.73999,0.99935,0.00948,0.01572,-0.03101,1.15934,-0.13346,0.12445,
1770725443583224064,46.96976,0.07494,-0.73364,0.99944,0.00576,0.00515,-0.03245,1.33244,-0.05193,0.05443,
1770725443782793216,47.27732,0.06559,-0.75466,0.99925,0.00739,0.02081,-0.03165,1.66785,-0.22319,-0.10441,
1770725443986348288,47.59150,0.04433,-0.76664,0.99884,0.00964,0.02977,-0.03655,1.54711,0.05138,-0.10320,
1770725444186712320,47.86150,0.03527,-0.76698,0.99890,0.00714,0.02027,-0.04165,1.46500,-0.06106,-0.01555,
1770725444383015168,48.13828,0.02608,-0.77471,0.99882,0.00460,0.02004,-0.04392,1.41017,0.02556,-0.07432,
1770725444587610880,48.42267,0.00601,-0.77325,0.99881,0.00885,0.01762,-0.04470,1.32939,-0.14205,0.07213,
1770725444783978496,48.69764,-0.00516,-0.78003,0.99873,0.00640,0.01710,-0.04700,1.41169,-0.20334,-0.00989,
1770725444983432448,48.99469,-0.04318,-0.78849,0.99834,0.01528,0.02523,-0.04947,1.58644,-0.09650,-0.09962,
1770725445182734336,49.28992,-0.07114,-0.79990,0.99802,0.01622,0.02791,-0.05394,1.45831,-0.06871,-0.05560,
1770725445381874944,49.58189,-0.07101,-0.81854,0.99814,0.00595,0.03332,-0.05068,1.47582,-0.00930,-0.10052,
1770725445584228352,49.83302,-0.09465,-0.80493,0.99894,0.01086,0.01732,-0.04134,1.39595,0.15802,-0.05226,
1770725445782436096,50.07334,-0.08481,-0.79918,0.99925,0.00232,0.00115,-0.03865,1.15918,-0.11156,0.04135,
1770725445979682560,50.36175,-0.10676,-0.80538,0.99918,0.00687,0.01485,-0.03698,1.40246,0.00052,0.10462,
1770725446181563136,50.64860,-0.12319,-0.80693,0.99925,0.01029,0.01165,-0.03544,1.47231,-0.04242,-0.01223,
1770725446381601024,50.93757,-0.11887,-0.81365,0.99920,0.00088,0.01469,-0.03712,1.46682,0.10345,-0.09794,
1770725446578243840,51.24767,-0.14177,-0.82319,0.99929,0.01494,0.02733,-0.02109,1.47860,-0.28497,0.07040,
1770725446785365248,51.52567,-0.13394,-0.82576,0.99965,0.00907,0.01500,-0.01971,1.03319,0.23264,0.06366,
1770725446993774848,51.78585,-0.13303,-0.82496,0.99971,0.01001,0.01424,-0.01661,1.16208,-0.08241,-0.01277,
1770725447183812864,52.03947,-0.11506,-0.82290,0.99975,0.00073,0.01024,-0.01991,1.45939,0.11210,-0.04606,
1770725447379333376,52.32646,-0.10654,-0.83051,0.99959,-0.00473,0.01481,-0.02407,1.44193,-0.12907,0.00693,
1770725447581619712,52.62388,-0.11211,-0.83465,0.99960,-0.00217,0.02006,-0.01987,1.40670,0.00606,0.03323,
1770725447785598464,52.92814,-0.09392,-0.84592,0.99954,-0.00848,0.02564,-0.01407,1.58275,-0.02888,-0.09080,
1770725447985022976,53.19162,-0.10516,-0.84418,0.99960,-0.00359,0.02175,-0.01796,1.35547,0.04965,-0.04610,
1770725448182940160,53.44782,-0.10185,-0.84163,0.99980,-0.00218,0.01403,-0.01406,1.38968,0.05127,-0.04271,
1770725448380719616,53.72203,-0.09979,-0.84401,0.99977,-0.00247,0.01445,-0.01570,1.47066,-0.01135,-0.10414,
1770725448582415360,54.01967,-0.10737,-0.85014,0.99964,0.00204,0.02105,-0.01627,1.52270,-0.07360,0.01376,
1770725448781238784,54.32257,-0.10288,-0.86480,0.99943,0.00132,0.03065,-0.01407,1.36355,0.00434,-0.02405,
1770725448981526016,54.58922,-0.10835,-0.86060,0.99964,0.00976,0.02219,-0.01186,1.25307,-0.08205,0.03902,
1770725449182262784,54.84219,-0.09772,-0.85492,0.99982,0.00812,0.01260,-0.01190,1.15545,0.06195,0.08121,
1770725449380781056,55.10711,-0.08122,-0.85747,0.99987,0.00108,0.01119,-0.01177,1.32964,0.02694,0.00086,
1770725449580384256,55.40236,-0.09459,-0.86303,0.99965,0.01027,0.01929,-0.01519,1.50899,-0.05950,-0.06493,
1770725449780587264,55.69168,-0.07938,-0.86431,0.99962,0.00218,0.02074,-0.01809,1.32653,0.05398,0.01245,
1770725449980039168,55.97258,-0.08734,-0.87193,0.99955,0.00431,0.02041,-0.02157,1.22174,0.14581,0.12812,
1770725450180758272,56.25653,-0.08485,-0.87493,0.99952,0.00433,0.02008,-0.02308,1.30518,-0.12118,-0.01903,
1770725450381523456,56.52926,-0.08838,-0.88384,0.99910,-0.00183,0.02184,-0.03633,1.25548,0.18696,-0.01089,
1770725450580442624,56.81412,-0.10572,-0.88722,0.99898,0.00273,0.02652,-0.03637,1.38412,-0.24474,-0.07562,
1770725450781052160,57.09935,-0.12837,-0.89162,0.99884,0.00649,0.02640,-0.03963,1.26491,0.02558,0.05901,
1770725450981640192,57.36346,-0.13458,-0.89265,0.99897,0.00436,0.01942,-0.04079,1.44237,-0.07987,-0.06121,
1770725451179665152,57.64982,-0.15152,-0.89932,0.99884,0.00583,0.02292,-0.04188,1.57912,-0.06308,-0.08716,
1770725451382645248,57.95058,-0.18425,-0.90800,0.99838,0.01412,0.03167,-0.04503,1.43413,-0.13778,-0.02811,
1770725451579975936,58.20653,-0.18571,-0.90688,0.99873,0.00897,0.01984,-0.04545,1.22412,-0.11689,0.03495,
1770725451786577920,58.51212,-0.20282,-0.91843,0.99898,0.01315,0.02547,-0.03477,1.51237,0.03714,0.02877,
1770725451980195584,58.80102,-0.20656,-0.92661,0.99919,0.02157,0.03195,-0.01188,1.46070,-0.01461,-0.05419,
1770725452178900992,59.06305,-0.16620,-0.93354,0.99920,0.01551,0.02766,0.02434,1.50647,0.36532,-0.11757,
1770725452380013824,59.33649,-0.12136,-0.93753,0.99880,0.01157,0.02787,0.03858,1.52897,0.30248,-0.11202,
1770725452579030784,59.58478,-0.07090,-0.93825,0.99870,0.00590,0.01865,0.04700,1.21554,0.27317,-0.05282,
1770725452779199488,59.85457,-0.01428,-0.94125,0.99849,-0.00102,0.01617,0.05246,1.51116,0.33051,-0.03875,
1770725452978671104,60.14509,0.03355,-0.95536,0.99863,-0.00700,0.02383,0.04609,1.49303,0.33337,-0.08612,
1770725453179099136,60.43925,0.06933,-0.96379,0.99913,-0.01355,0.02636,0.02940,1.47128,0.09640,-0.06210,
1770725453373496320,60.73081,0.09178,-0.97226,0.99947,-0.01961,0.02537,0.00517,1.32182,0.15080,0.02684,
1770725453573424128,61.02392,0.07620,-0.97698,0.99938,-0.01396,0.02544,-0.01977,1.39240,0.10471,-0.03800,
1770725453778624256,61.32888,0.08651,-0.98764,0.99898,-0.02158,0.03073,-0.02513,1.36259,-0.10605,0.02815,
1770725453976972800,61.61166,0.08091,-0.99051,0.99897,-0.02033,0.02954,-0.02791,1.43168,0.07542,-0.01783,
1770725454178730496,61.88113,0.08097,-0.98937,0.99913,-0.02119,0.02172,-0.02864,1.28652,-0.03872,0.01444,
1770725454378331392,62.16909,0.07203,-0.99734,0.99878,-0.02295,0.02710,-0.03432,1.43981,0.14465,0.00897,
1770725454578526208,62.44412,0.07640,-0.99312,0.99871,-0.02964,0.01980,-0.03628,1.30287,0.02400,0.00372,
1770725454777428480,62.72046,0.05553,-0.99644,0.99875,-0.02477,0.02038,-0.03837,1.26535,-0.01684,0.02762,
1770725454977627392,63.00369,0.04247,-0.99179,0.99868,-0.02418,0.02004,-0.04072,1.36684,-0.16657,0.02351,
1770725455177334528,63.29380,0.02135,-0.99708,0.99856,-0.02053,0.01975,-0.04540,1.35572,-0.14554,0.00206,
1770725455374573824,63.57599,0.00337,-0.99153,0.99830,-0.01969,0.01758,-0.05205,1.34667,0.00939,0.08347,
1770725455575165440,63.85695,-0.02269,-0.99662,0.99845,-0.01369,0.01887,-0.05062,1.36373,-0.25574,0.15821,
1770725455778510080,64.14419,-0.04787,-0.99287,0.99806,-0.01698,0.01930,-0.05669,1.37886,-0.10660,-0.00911,
1770725455976737024,64.41817,-0.07153,-0.99216,0.99816,-0.01620,0.01801,-0.05560,1.52289,0.03264,-0.11855,
1770725456176997888,64.70344,-0.09857,-0.99578,0.99782,-0.01406,0.02589,-0.05901,1.46983,-0.20080,-0.04913,
1770725456377871360,64.98339,-0.12609,-0.99753,0.99763,-0.01428,0.02503,-0.06250,1.49361,-0.02667,-0.08586,
1770725456577074176,65.28212,-0.15576,-1.00460,0.99751,-0.01301,0.03084,-0.06209,1.46408,-0.07912,-0.05172,
1770725456776913408,65.56874,-0.18155,-1.00961,0.99799,-0.01103,0.03003,-0.05471,1.55366,-0.11107,0.05984,
1770725456992166144,65.87877,-0.19995,-1.01160,0.99848,-0.01029,0.02971,-0.04528,1.33773,-0.04711,0.05787,
1770725457177189376,66.11573,-0.20063,-1.00148,0.99936,-0.00975,0.01925,-0.02867,1.27282,0.10946,0.00782,
1770725457377175552,66.38011,-0.18781,-1.00729,0.99964,-0.01192,0.02065,-0.01222,1.31832,0.02706,0.07447,
1770725457577779456,66.67419,-0.17137,-1.01107,0.99958,-0.01159,0.02652,-0.00232,1.44833,-0.11378,0.01224,
1770725457771124224,66.95088,-0.15965,-1.01939,0.99940,-0.01493,0.03081,-0.00461,1.46309,0.13350,-0.08080,
1770725457976301312,67.21839,-0.14512,-1.02109,0.99947,-0.01806,0.02621,-0.00629,1.27315,0.13003,0.00769,
1770725458173955328,67.47255,-0.14150,-1.01636,0.99963,-0.01654,0.01874,-0.01090,1.29627,-0.04993,-0.03625,
1770725458375892992,67.74446,-0.13687,-1.01716,0.99951,-0.01619,0.02214,-0.01495,1.21635,0.03602,-0.00438,
1770725458572851456,68.01876,-0.13571,-1.01946,0.99935,-0.01568,0.02581,-0.01971,1.30551,-0.08175,0.07588,
1770725458780419584,68.30406,-0.13061,-1.01826,0.99930,-0.01743,0.02509,-0.02163,1.37348,0.08013,-0.02844,
1770725458976189440,68.56094,-0.12621,-1.01445,0.99939,-0.01776,0.02010,-0.02219,1.45175,-0.12134,-0.03432,
1770725459174779648,68.84067,-0.13250,-1.01463,0.99931,-0.01488,0.02200,-0.02595,1.32690,0.02102,0.05581,
1770725459375316224,69.12182,-0.13677,-1.00981,0.99931,-0.01431,0.02083,-0.02725,1.39225,-0.05477,0.06356,
1770725459573750016,69.40718,-0.14766,-1.01132,0.99909,-0.01459,0.02611,-0.03054,1.48807,0.00817,-0.01144,
1770725459780059136,69.69119,-0.15327,-1.00330,0.99901,-0.01553,0.02562,-0.03277,1.28509,0.09975,0.00957,
1770725459971207168,69.94445,-0.17808,-0.99735,0.99917,-0.00790,0.01896,-0.03514,1.44381,-0.15117,0.05013,
1770725460174607872,70.23376,-0.18787,-0.99527,0.99890,-0.00850,0.02481,-0.03895,1.43337,0.06793,0.02088,
1770725460375233536,70.51453,-0.20581,-0.99769,0.99885,-0.00496,0.02820,-0.03855,1.38811,-0.18904,0.03134,
1770725460574325248,70.78222,-0.21383,-0.99108,0.99871,-0.00882,0.02516,-0.04310,1.29475,0.01660,0.06737,
1770725460773556992,71.05221,-0.23276,-0.98713,0.99889,-0.00436,0.02344,-0.04062,1.41794,-0.17417,0.02790,
1770725460973286400,71.35056,-0.25967,-0.98114,0.99891,0.00448,0.02789,-0.03726,1.32773,-0.26608,0.08815,
1770725461172845312,71.61923,-0.27048,-0.97615,0.99902,0.00441,0.01998,-0.03924,1.28904,-0.00586,0.01346,
1770725461373174528,71.89196,-0.28491,-0.97059,0.99895,0.00551,0.02314,-0.03917,1.44987,0.01853,-0.06564,
1770725461573860096,72.16416,-0.29893,-0.96409,0.99902,0.00638,0.01905,-0.03941,1.40837,-0.05854,0.03568,
1770725461773835008,72.43508,-0.31757,-0.95493,0.99893,0.01146,0.02093,-0.03953,1.27963,-0.20206,0.13096,
1770725461970248960,72.71112,-0.31189,-0.94877,0.99902,0.00120,0.02069,-0.03908,1.49621,0.21095,-0.05881,
1770725462172691968,72.98773,-0.33949,-0.93781,0.99908,0.01123,0.01746,-0.03747,1.46498,0.00951,-0.04719,
1770725462373657088,73.24603,-0.33343,-0.92763,0.99954,0.00456,0.00919,-0.02843,1.34973,0.01262,0.05975,
1770725462572972544,73.51176,-0.33817,-0.92353,0.99952,0.00259,0.01333,-0.02774,1.44110,0.14442,0.04758,
1770725462773500160,73.79056,-0.34667,-0.91554,0.99950,0.00631,0.01469,-0.02716,1.46573,-0.15348,0.00322,
1770725462973867008,74.07156,-0.35895,-0.91272,0.99934,0.00801,0.01746,-0.03070,1.27277,0.15329,0.08784,
1770725463174608128,74.34705,-0.36995,-0.90983,0.99925,0.01071,0.01948,-0.03169,1.44303,0.05353,-0.03598,
1770725463371978496,74.62128,-0.37131,-0.90736,0.99919,0.00583,0.02122,-0.03367,1.30027,-0.19626,0.05092,
1770725463572926464,74.89353,-0.37735,-0.90334,0.99901,0.00238,0.02164,-0.03885,1.39942,-0.08151,-0.01870,
1770725463770951168,75.17665,-0.39185,-0.90188,0.99897,0.00470,0.02522,-0.03746,1.46745,-0.04894,0.01201,
1770725463971673856,75.45341,-0.40318,-0.89694,0.99926,0.00589,0.02302,-0.03008,1.16869,0.22250,-0.02735,
1770725464171937280,75.73447,-0.40840,-0.90919,0.99917,0.00983,0.03382,-0.02047,1.64887,-0.19504,-0.11237,
1770725464374719232,76.05553,-0.40628,-0.93294,0.99806,0.01440,0.05933,-0.01187,1.45384,-0.12689,-0.02417,
1770725464571378688,76.29270,-0.40096,-0.92284,0.99907,0.01570,0.03928,-0.00829,0.82531,0.03482,0.26640,
1770725464771572736,76.46912,-0.37509,-0.89578,0.99990,0.00727,0.00630,-0.01052,1.05803,-0.03214,0.05455,
1770725464972159744,76.75515,-0.36314,-0.90537,0.99971,0.00354,0.01798,-0.01530,1.74182,0.04167,-0.06817,
1770725465172365568,77.01247,-0.37300,-0.88394,0.99953,0.00959,0.01358,-0.02566,0.96921,-0.21358,0.09069,
1770725465371051008,77.25233,-0.38161,-0.88352,0.99933,0.00864,0.01640,-0.03141,1.20519,0.00383,0.08511,
1770725465571265536,77.52430,-0.38182,-0.87937,0.99930,0.00769,0.02109,-0.02997,1.41190,-0.19332,-0.04279,
1770725465771718912,77.81887,-0.40633,-0.89830,0.99877,0.01448,0.03333,-0.03365,1.39090,0.10304,-0.09779,
1770725465972333312,78.09048,-0.41539,-0.89760,0.99853,0.01615,0.03430,-0.03880,1.26640,-0.17596,0.17464,
1770725466171185408,78.35122,-0.42622,-0.89590,0.99892,0.02518,0.02921,-0.02578,1.41131,0.04096,-0.04372,
1770725466370579968,78.62296,-0.39835,-0.88722,0.99958,0.01698,0.01880,-0.01433,1.37298,0.01563,-0.03348,
1770725466572481024,78.89004,-0.39252,-0.89192,0.99951,0.01904,0.02367,-0.00726,1.39380,0.08618,-0.01156,
1770725466783368704,79.17298,-0.37157,-0.89130,0.99964,0.01066,0.02261,-0.00991,1.42028,-0.09073,-0.02916,
1770725466970157312,79.41301,-0.35988,-0.88434,0.99970,0.00722,0.01749,-0.01586,1.22764,0.13478,0.05309,
1770725467171621632,79.67098,-0.34971,-0.87860,0.99973,0.00787,0.01433,-0.01646,1.26353,0.10622,0.09796,
1770725467372219904,79.95734,-0.36279,-0.87961,0.99951,0.01686,0.01984,-0.01727,1.39637,-0.08792,0.00677,
1770725467577745408,80.24120,-0.34194,-0.87865,0.99956,0.00792,0.01836,-0.02200,1.33029,0.12637,-0.00973,
1770725467771811840,80.49674,-0.34690,-0.87247,0.99948,0.01083,0.01708,-0.02492,1.28735,0.10422,-0.01536,
1770725467970421248,80.76614,-0.33707,-0.86872,0.99946,0.00352,0.01507,-0.02903,1.54802,0.14545,-0.00889,
1770725468175496704,81.03514,-0.34596,-0.85902,0.99940,0.00313,0.00973,-0.03305,1.42118,-0.01456,-0.04331,
1770725468369785088,81.30761,-0.34715,-0.85851,0.99918,0.00190,0.01446,-0.03764,1.43766,0.06009,0.02722,
1770725468578460928,81.59499,-0.36848,-0.85477,0.99903,0.00872,0.01911,-0.03870,1.33699,-0.08136,0.06625,
1770725468769280512,81.84714,-0.37276,-0.84902,0.99905,0.00843,0.01371,-0.04045,1.22057,-0.03514,0.03288,
1770725468970084096,82.11426,-0.39351,-0.84437,0.99906,0.01508,0.01412,-0.03809,1.43450,-0.19399,-0.12792,
1770725469168675840,82.39848,-0.38982,-0.84545,0.99890,0.00579,0.02012,-0.04199,1.54268,0.00281,0.00940,
1770725469369843456,82.66945,-0.42113,-0.84098,0.99816,0.01287,0.01860,-0.05627,1.76987,-0.49599,-0.08426,
1770725469568855808,82.93163,-0.42570,-0.83607,0.99891,0.00719,0.01431,-0.04386,1.60934,0.20440,0.08977,
1770725469770995968,83.19151,-0.43014,-0.83315,0.99873,0.00711,0.01481,-0.04769,1.31228,0.06754,-0.00758,
1770725469968854784,83.45833,-0.44501,-0.82979,0.99907,0.01473,0.01416,-0.03798,1.45098,0.13454,-0.06172,
1770725470169230592,83.73983,-0.43236,-0.82434,0.99942,0.00921,0.01424,-0.02958,1.41531,0.02637,0.01004,
1770725470382778112,84.02064,-0.41939,-0.81885,0.99965,0.00719,0.01396,-0.02118,1.22272,0.13040,0.09577,
1770725470570573056,84.27223,-0.40077,-0.81310,0.99981,0.00644,0.01212,-0.01388,1.20626,-0.08357,0.04337,
1770725470768899328,84.55553,-0.38444,-0.81464,0.99974,0.00501,0.01957,-0.01091,1.35557,0.11915,0.08092,
1770725470967677184,84.83540,-0.37944,-0.81557,0.99959,0.00981,0.02437,-0.01110,1.34661,-0.16021,0.00777,
1770725471177169920,85.10763,-0.36846,-0.81463,0.99963,0.00889,0.02190,-0.01334,1.40666,0.31369,-0.07470,
1770725471376519168,85.36397,-0.35683,-0.80622,0.99969,0.01018,0.01706,-0.01494,1.24940,-0.13269,0.01770,
1770725471567731200,85.60715,-0.35099,-0.79816,0.99970,0.00689,0.00890,-0.02165,1.22468,0.05937,0.14284,
1770725471766771968,85.88825,-0.34850,-0.80192,0.99952,0.00738,0.01980,-0.02260,1.52514,0.07910,-0.09049,
1770725471968163072,86.16692,-0.34736,-0.79624,0.99952,0.00860,0.01717,-0.02430,1.33603,-0.14420,0.00279,
1770725472166908928,86.43079,-0.36337,-0.78851,0.99940,0.01557,0.01677,-0.02604,1.36299,-0.07756,-0.01338,
1770725472367741184,86.70823,-0.35192,-0.78814,0.99939,0.00532,0.01399,-0.03156,1.41956,0.16880,0.00013,
1770725472567017216,86.97498,-0.39095,-0.78075,0.99923,0.02253,0.01357,-0.02905,1.30303,-0.00718,0.04957,
1770725472768055808,87.24166,-0.37961,-0.78175,0.99933,0.01162,0.00961,-0.03325,1.29063,0.04225,0.14240,
1770725472966572288,87.54291,-0.41066,-0.78844,0.99905,0.02669,0.02694,-0.02161,1.26250,-0.26748,0.06581,
1770725473165290496,87.81383,-0.38548,-0.78260,0.99960,0.01328,0.01669,-0.01870,1.23472,0.01818,-0.01525,
1770725473366051072,88.08778,-0.39035,-0.78513,0.99943,0.01464,0.02124,-0.02197,1.39806,0.03443,0.05034,
1770725473566393088,88.35341,-0.37590,-0.78480,0.99943,0.00534,0.01957,-0.02683,1.20503,0.10067,0.07846,
1770725473770469888,88.62140,-0.38231,-0.77784,0.99940,0.00529,0.01610,-0.03010,1.39423,-0.04064,-0.03854,
1770725473967227136,88.88410,-0.38481,-0.77345,0.99935,0.00114,0.01181,-0.03416,1.37287,0.02141,0.03534,
1770725474167844864,89.16020,-0.39567,-0.77110,0.99922,0.00593,0.01522,-0.03607,1.38850,-0.10820,0.01383,
1770725474377571072,89.43957,-0.39776,-0.76650,0.99916,0.00170,0.01663,-0.03740,1.45971,-0.05203,-0.02414,
1770725474566961408,89.71299,-0.42045,-0.77126,0.99900,0.00864,0.02416,-0.03673,1.46919,-0.01506,-0.11615,
1770725474765304064,89.98001,-0.43537,-0.76340,0.99886,0.00811,0.01542,-0.04434,1.20007,-0.08444,0.11445,
1770725474966588160,90.23869,-0.45291,-0.75749,0.99898,0.01165,0.01214,-0.04191,1.25892,-0.07472,0.02561,
1770725475166515200,90.49990,-0.46012,-0.74605,0.99906,0.00845,0.00867,-0.04157,1.31397,-0.14385,0.01588,
1770725475366390272,90.79431,-0.49648,-0.74800,0.99879,0.02055,0.01879,-0.04042,1.44084,-0.16172,0.04161,
1770725475564476672,91.06606,-0.51037,-0.74161,0.99888,0.01887,0.01602,-0.04032,1.31531,-0.19779,-0.01935,
1770725475783448320,91.34333,-0.52330,-0.73498,0.99892,0.01596,0.01177,-0.04201,1.32118,-0.04820,0.00477,
1770725475965795328,91.58918,-0.55092,-0.73142,0.99882,0.02364,0.01542,-0.03944,1.39433,-0.07652,0.01265,
1770725476165884160,91.86166,-0.54774,-0.72854,0.99916,0.01649,0.01176,-0.03575,1.36901,-0.04319,0.01994,
1770725476360979968,92.14082,-0.56241,-0.72819,0.99917,0.02193,0.01640,-0.03002,1.26331,0.10416,0.01610,
1770725476564883968,92.41742,-0.56468,-0.72591,0.99931,0.02195,0.01789,-0.02394,1.34530,-0.21070,0.02661,
1770725476764589568,92.70152,-0.56525,-0.72300,0.99932,0.02066,0.02114,-0.02205,1.27068,0.11822,0.07165,
1770725476965512960,92.96506,-0.57223,-0.72335,0.99934,0.02201,0.01690,-0.02364,1.32966,-0.07590,-0.02649,
1770725477164040704,93.23472,-0.57261,-0.72575,0.99927,0.01825,0.02225,-0.02504,1.41047,-0.10943,-0.02670,
1770725477362959872,93.51496,-0.59648,-0.72580,0.99892,0.02965,0.02604,-0.02466,1.35065,-0.07025,0.02742,
1770725477565146368,93.77899,-0.58996,-0.72361,0.99909,0.02514,0.01854,-0.02910,1.19645,0.12963,0.04829,
1770725477767668992,94.04682,-0.59356,-0.72542,0.99899,0.02624,0.01884,-0.03116,1.37405,-0.04151,-0.01187,
1770725477959138304,94.31164,-0.60012,-0.72848,0.99891,0.02182,0.02155,-0.03526,1.51142,0.03162,-0.04496,
1770725478162941184,94.58017,-0.61842,-0.72114,0.99877,0.02760,0.01798,-0.03692,1.26356,-0.19024,0.03962,
1770725478364152576,94.86594,-0.62693,-0.73223,0.99860,0.02098,0.02047,-0.04396,1.36546,0.20493,-0.13668,
1770725478564064256,95.16261,-0.64541,-0.74862,0.99820,0.01906,0.03321,-0.04623,1.34297,0.07320,-0.04794,
1770725478763528960,95.41866,-0.64896,-0.74885,0.99844,0.01275,0.02572,-0.04782,0.99692,-0.01710,0.14506,
1770725478964394752,95.67078,-0.65734,-0.74748,0.99873,0.01079,0.01948,-0.04516,1.30107,-0.05650,-0.01244,
1770725479163490048,95.94238,-0.66417,-0.74898,0.99894,0.00911,0.01878,-0.04113,1.32955,0.00129,0.06950,
1770725479363620608,96.23124,-0.67880,-0.75614,0.99896,0.01276,0.02316,-0.03714,1.41511,-0.17481,0.01415,
1770725479563595008,96.50271,-0.69470,-0.75254,0.99883,0.01327,0.02371,-0.03994,1.30208,-0.05349,0.01911,
1770725479763601920,96.76828,-0.71322,-0.75719,0.99879,0.01757,0.02141,-0.04060,1.38654,-0.08246,-0.05059,
1770725479967972352,97.04635,-0.72965,-0.76021,0.99870,0.01984,0.02055,-0.04210,1.39350,-0.01208,-0.02252,
1770725480157104384,97.31130,-0.73920,-0.76518,0.99863,0.01792,0.02312,-0.04336,1.21246,-0.01569,0.02948,
1770725480363927040,97.58583,-0.74631,-0.76460,0.99869,0.01606,0.01902,-0.04469,1.23259,-0.07859,0.04949,
1770725480563536384,97.85908,-0.74705,-0.76591,0.99883,0.01149,0.01804,-0.04333,1.47973,-0.04204,-0.08859,
1770725480762852864,98.14480,-0.74485,-0.77576,0.99893,0.00505,0.02519,-0.03835,1.56221,0.06450,-0.08765,
1770725480963031040,98.42285,-0.74053,-0.78232,0.99935,0.00368,0.02426,-0.02646,1.18347,0.05958,0.03260,
1770725481161429760,98.68413,-0.73891,-0.78716,0.99960,0.00764,0.02087,-0.01737,1.19354,0.01901,0.00186,
1770725481363027456,98.97044,-0.72375,-0.79855,0.99956,0.00412,0.02751,-0.01034,1.49396,0.12461,-0.08667,
1770725481562263296,99.23173,-0.71427,-0.79216,0.99985,0.00687,0.01606,-0.00149,1.17822,0.07235,0.05275,
1770725481761893376,99.48056,-0.71455,-0.78675,0.99985,0.01281,0.01088,-0.00327,1.34028,0.05063,-0.00908,
1770725481960679424,99.74933,-0.67962,-0.78706,0.99994,0.00205,0.01034,-0.00196,1.48335,-0.02117,-0.06828,
1770725482161113856,100.04682,-0.67089,-0.79686,0.99977,-0.00004,0.02005,-0.00726,1.60008,0.14112,-0.13058,
1770725482365003008,100.33420,-0.65955,-0.79912,0.99962,-0.00393,0.02196,-0.01605,1.44805,0.26607,-0.07960,
1770725482561064960,100.60873,-0.65274,-0.80900,0.99955,-0.00678,0.02387,-0.01693,1.46112,-0.04577,-0.02888,
1770725482761497600,100.88386,-0.66806,-0.80565,0.99952,0.00025,0.02263,-0.02102,1.41307,0.01602,0.00588,
1770725482959340544,101.12937,-0.68331,-0.78649,0.99968,0.01033,0.00908,-0.02123,1.19736,-0.12233,0.12165,
1770725483159968000,101.41915,-0.67314,-0.80705,0.99950,0.00253,0.01964,-0.02465,1.47664,-0.09206,0.00723,
1770725483361509376,101.74833,-0.70083,-0.83009,0.99867,0.01424,0.04363,-0.02369,1.44948,-0.03554,-0.02320,
1770725483561110016,101.96007,-0.69654,-0.79771,0.99966,0.01194,0.00232,-0.02311,1.15487,-0.18557,0.07044,
1770725483760472064,102.19290,-0.70057,-0.78702,0.99967,0.01348,-0.00626,-0.02079,1.21738,0.23641,0.05257,
1770725483961971712,102.47333,-0.68217,-0.77631,0.99988,0.01166,-0.00460,-0.00942,1.75263,-0.06891,-0.08871,
1770725484160082176,102.76524,-0.66484,-0.77550,0.99994,0.00726,0.00262,-0.00754,1.63145,0.17493,-0.17566,
1770725484361121536,103.06728,-0.65147,-0.78380,0.99973,0.00237,0.02101,-0.00933,1.47660,0.08291,0.02634,
1770725484559478272,103.34697,-0.64116,-0.78155,0.99974,0.00048,0.01964,-0.01161,1.34043,-0.12069,0.06899,
1770725484757030144,103.61802,-0.64253,-0.78057,0.99972,0.00186,0.01672,-0.01657,1.29441,0.04587,0.05978,
1770725484959195904,103.90006,-0.64746,-0.78240,0.99961,0.00434,0.02119,-0.01775,1.28458,-0.18749,0.10284,
1770725485159427840,104.17450,-0.65811,-0.78388,0.99951,0.00824,0.02133,-0.02135,1.38888,0.00270,0.00991,
1770725485359351040,104.46583,-0.66526,-0.79008,0.99936,0.01008,0.02543,-0.02293,1.46163,0.00828,-0.04801,
1770725485560153856,104.75820,-0.66718,-0.80253,0.99918,0.00712,0.03135,-0.02442,1.55086,-0.17484,-0.05938,
1770725485762406656,105.01248,-0.69114,-0.79255,0.99931,0.01524,0.01798,-0.02869,1.24817,-0.07066,-0.00890,
1770725485959658752,105.28796,-0.71751,-0.79554,0.99908,0.02590,0.02134,-0.02679,1.51802,-0.20013,-0.09291,
1770725486162177536,105.58412,-0.72612,-0.80756,0.99899,0.02707,0.01871,-0.03062,1.40551,-0.02611,-0.06927,
1770725486361048576,105.86882,-0.74528,-0.80973,0.99854,0.02812,0.02876,-0.03609,1.42222,-0.02065,0.05250,
1770725486558649088,106.12736,-0.74413,-0.81601,0.99873,0.02048,0.02153,-0.04069,1.25085,0.22390,0.06063,
1770725486769905920,106.41008,-0.76855,-0.81755,0.99872,0.02397,0.02115,-0.03908,1.62509,-0.03482,-0.17050,
1770725486956488192,106.65989,-0.76652,-0.81932,0.99855,0.01331,0.01689,-0.04932,1.48163,-0.05003,-0.10648,
1770725487159544832,106.93644,-0.78334,-0.82696,0.99863,0.01121,0.01695,-0.04823,0.99033,0.28439,0.09686,
1770725487358807552,107.20271,-0.80404,-0.83052,0.99846,0.01266,0.01646,-0.05139,1.19719,-0.10459,0.01403,
1770725487558497024,107.49222,-0.82246,-0.83966,0.99815,0.00895,0.02740,-0.05352,1.43124,-0.05336,-0.01368,
1770725487758879744,107.77756,-0.84510,-0.84543,0.99836,0.01168,0.02234,-0.05137,1.42515,-0.29432,-0.08325,
1770725487960936192,108.07264,-0.87816,-0.85236,0.99800,0.01577,0.03013,-0.05324,1.37616,-0.14516,-0.05230,
1770725488157481472,108.33097,-0.89140,-0.84939,0.99831,0.01168,0.01996,-0.05332,1.33532,-0.02756,0.03784,
1770725488358390272,108.60686,-0.91794,-0.85471,0.99842,0.01961,0.02020,-0.04871,1.47891,-0.19106,-0.03067,
1770725488557592832,108.88999,-0.92286,-0.85769,0.99862,0.01324,0.02009,-0.04665,1.40016,0.10806,-0.02330,
1770725488757198848,109.16473,-0.94026,-0.86403,0.99871,0.01769,0.02174,-0.04237,1.48756,-0.10401,-0.03460,
1770725488957122304,109.44207,-0.94105,-0.86225,0.99907,0.01519,0.01909,-0.03552,1.31688,-0.15282,0.01808,
1770725489155032320,109.72528,-0.95741,-0.86771,0.99917,0.02077,0.02013,-0.02877,1.29477,0.08879,0.07142,
1770725489356580608,110.00969,-0.95736,-0.87509,0.99934,0.02082,0.02191,-0.02011,1.50448,-0.11414,-0.04486,
1770725489557341696,110.28979,-0.94471,-0.87638,0.99951,0.01467,0.02322,-0.01525,1.39404,0.16728,-0.05981,
1770725489757493760,110.56229,-0.94437,-0.87877,0.99957,0.01524,0.01986,-0.01532,1.40204,0.03990,-0.01320,
1770725489956931584,110.82759,-0.94397,-0.87884,0.99960,0.01532,0.01618,-0.01758,1.38091,0.06554,-0.01083,
1770725490158112000,111.11489,-0.93900,-0.88592,0.99952,0.01477,0.02204,-0.01602,1.51799,-0.11635,-0.09665,
1770725490355896064,111.41011,-0.95388,-0.89316,0.99927,0.02093,0.02658,-0.01765,1.38724,0.01141,0.03567,
1770725490557046784,111.67055,-0.96651,-0.89283,0.99924,0.02610,0.01905,-0.02198,1.29135,0.06943,0.02761,
1770725490758748928,111.94880,-0.95865,-0.90132,0.99927,0.02129,0.02238,-0.02232,1.44109,-0.02263,-0.08691,
1770725490958541056,112.24373,-0.97674,-0.90839,0.99898,0.02773,0.02713,-0.02306,1.30057,0.06782,0.03378,
1770725491163682048,112.51016,-0.97764,-0.91133,0.99913,0.02709,0.01784,-0.02621,1.18063,-0.16505,0.06028,
1770725491358478592,112.76661,-0.96860,-0.91154,0.99931,0.02046,0.01508,-0.02708,1.39213,-0.07165,-0.05539,
1770725491560647680,113.07217,-0.97479,-0.92554,0.99902,0.01748,0.02410,-0.03286,1.44525,0.21618,-0.06587,
1770725491756601856,113.34365,-0.98438,-0.93006,0.99898,0.01814,0.02027,-0.03602,1.28819,-0.20824,0.04535,
1770725491956091392,113.62510,-0.99504,-0.94182,0.99873,0.01481,0.02532,-0.04097,1.18520,0.01730,-0.00612,
1770725492157874944,113.91055,-1.00401,-0.95386,0.99850,0.01036,0.02885,-0.04540,1.36694,-0.10819,-0.06109,
1770725492355992832,114.19690,-1.01416,-0.96309,0.99827,0.00286,0.03268,-0.04870,1.61998,0.08352,-0.11372,
1770725492556390912,114.46073,-1.05352,-0.95641,0.99846,0.01675,0.02044,-0.04875,1.31989,-0.21622,0.06456,
1770725492756589312,114.74337,-1.05249,-0.96501,0.99882,0.00886,0.01870,-0.04403,1.55640,-0.09895,-0.04451,
1770725492957785088,115.04961,-1.09671,-0.97468,0.99849,0.02679,0.03055,-0.03690,1.71156,-0.10710,-0.19261,
1770725493154876416,115.32750,-1.09567,-0.97607,0.99905,0.02330,0.02250,-0.02898,1.48391,0.12111,-0.09036,
1770725493353410560,115.59488,-1.08914,-0.98172,0.99940,0.02382,0.01971,-0.01561,1.27342,-0.02862,-0.00253,
1770725493554950144,115.89743,-1.07013,-1.00197,0.99928,0.01551,0.03164,-0.01401,1.67498,0.22184,-0.11172,
1770725493758160384,116.17437,-1.06836,-1.00374,0.99931,0.01238,0.02722,-0.02192,1.10817,0.05016,0.07047,
1770725493954740992,116.41839,-1.06002,-1.00648,0.99953,0.00707,0.01839,-0.02343,1.35005,-0.17961,0.00420,
1770725494155710976,116.71330,-1.07765,-1.01218,0.99927,0.01385,0.02602,-0.02412,1.71640,0.10165,-0.18604,
1770725494353433856,116.99192,-1.05695,-1.01795,0.99945,0.00448,0.01970,-0.02631,1.51285,-0.16913,-0.15656,
1770725494554310912,117.23979,-1.06918,-1.01770,0.99946,0.00230,0.00743,-0.03201,1.68737,0.25476,-0.17682,
1770725494752591872,117.52285,-1.08660,-1.03183,0.99861,0.00161,0.01664,-0.05001,1.26551,0.05847,-0.02838,
1770725494953022976,117.83145,-1.12843,-1.04212,0.99817,0.01588,0.03364,-0.04758,1.37518,-0.39387,0.08559,
1770725495154277632,118.10812,-1.14846,-1.05296,0.99807,0.01540,0.02477,-0.05485,1.27567,0.00269,-0.05118,
1770725495353779200,118.38172,-1.16801,-1.05212,0.99818,0.01437,0.02469,-0.05302,1.38212,-0.28254,-0.16822,
1770725495553744640,118.69887,-1.14712,-1.08934,0.99797,-0.00385,0.04634,-0.04361,1.71947,0.15148,-0.13914,
1770725495754324480,118.93376,-1.16859,-1.06462,0.99902,0.00602,0.02941,-0.03260,0.59411,-0.46789,0.03625,
1770725495953631232,119.15013,-1.19437,-1.06950,0.99865,0.01665,0.01828,-0.04566,1.07471,-0.00163,0.00943,
1770725496153618432,119.41179,-1.18571,-1.06609,0.99899,0.00156,0.00859,-0.04415,1.43068,-0.12069,-0.07419,
1770725496351956480,119.72080,-1.22260,-1.08131,0.99880,0.01686,0.02133,-0.04079,1.32128,0.10703,0.04422,
1770725496554532608,120.01468,-1.22162,-1.08786,0.99896,0.01150,0.02177,-0.03833,1.41052,-0.19226,-0.05721,
1770725496753226496,120.30733,-1.22494,-1.09884,0.99917,0.00973,0.02503,-0.03073,1.44405,-0.01797,-0.02075,
1770725496952819200,120.60577,-1.22819,-1.10755,0.99929,0.01252,0.02923,-0.01996,1.53194,0.05154,-0.05875,
1770725497153579264,120.88215,-1.22132,-1.11601,0.99953,0.01308,0.02529,-0.01133,1.28721,0.03037,0.00969,
1770725497354445312,121.16322,-1.21828,-1.12354,0.99948,0.01261,0.02697,-0.01274,1.41329,0.08258,-0.04708,
1770725497552912128,121.44856,-1.21189,-1.13329,0.99945,0.01194,0.02746,-0.01399,1.36997,-0.07608,-0.01505,
1770725497752387072,121.71871,-1.20526,-1.13564,0.99953,0.00750,0.02285,-0.01912,1.36660,0.08961,0.11929,
1770725497952176896,121.98926,-1.21018,-1.13991,0.99955,0.01045,0.02081,-0.01896,1.51658,-0.01534,-0.08950,
1770725498152029696,122.27483,-1.19810,-1.14654,0.99952,0.00232,0.02063,-0.02292,1.45048,0.12108,-0.08396,
1770725498352356864,122.56941,-1.22172,-1.15659,0.99930,0.01360,0.02653,-0.02255,1.44790,0.03667,-0.08746,
1770725498551146240,122.84377,-1.20873,-1.16550,0.99935,0.00160,0.02218,-0.02853,1.36127,-0.02238,-0.03499,
1770725498759304448,123.13518,-1.21536,-1.17464,0.99923,0.00268,0.02528,-0.02995,1.27918,0.04996,0.01054,
1770725498952716544,123.39517,-1.22352,-1.17518,0.99929,0.00391,0.01839,-0.03277,1.28560,-0.13752,0.01439,
1770725499152076544,123.67364,-1.23273,-1.18016,0.99923,0.00323,0.01948,-0.03383,1.50920,0.01564,-0.01675,
1770725499352374016,123.95527,-1.24160,-1.18508,0.99927,0.00369,0.01709,-0.03410,1.49759,-0.14411,-0.03876,
1770725499549202944,124.24250,-1.25566,-1.19711,0.99897,0.00358,0.02197,-0.03950,1.40741,-0.01375,0.03406,
1770725499761985280,124.55090,-1.27084,-1.20973,0.99873,0.00389,0.02872,-0.04118,1.46899,-0.18057,-0.08327,
1770725499954575360,124.82053,-1.28679,-1.21470,0.99868,0.00474,0.02694,-0.04340,1.39779,-0.13967,-0.04525,
1770725500151262464,125.08969,-1.30411,-1.22053,0.99872,0.00496,0.02463,-0.04382,1.37234,-0.10700,0.04486,
1770725500346016256,125.35656,-1.32308,-1.22425,0.99880,0.00799,0.01976,-0.04417,1.34442,-0.00514,-0.07486,
1770725500548825600,125.64602,-1.33651,-1.23395,0.99878,0.00810,0.02431,-0.04225,1.51913,-0.06681,-0.09491,
1770725500754980096,125.95002,-1.33541,-1.25427,0.99856,-0.00183,0.03357,-0.04174,1.69859,0.25191,-0.23394,
1770725500949837824,126.18363,-1.38275,-1.24291,0.99860,0.01891,0.01839,-0.04576,1.44931,0.04263,-0.07274,
1770725501151221504,126.42400,-1.35138,-1.24006,0.99839,-0.00900,0.00821,-0.05547,0.99111,0.37155,0.04664,
1770725501355696384,126.72085,-1.36053,-1.26349,0.99909,0.00162,0.03448,-0.02512,1.32518,-0.04327,0.24440,
1770725501556057344,126.97760,-1.34730,-1.26649,0.99906,-0.00425,0.02902,-0.03199,1.40757,-0.13188,-0.15404,
1770725501749981184,127.24866,-1.37756,-1.27313,0.99880,0.00535,0.03202,-0.03678,1.50776,-0.19131,-0.03759,
1770725501949640960,127.52680,-1.39473,-1.28238,0.99881,0.01120,0.02636,-0.03947,1.35572,0.02177,-0.00707,
1770725502150470144,127.80222,-1.40688,-1.28651,0.99872,0.01284,0.02599,-0.04138,1.26594,-0.08021,-0.02158,
1770725502350297088,128.05959,-1.42034,-1.29171,0.99883,0.01496,0.01944,-0.04171,1.34798,-0.10721,0.00654,
1770725502545232896,128.34438,-1.42106,-1.30385,0.99880,0.00762,0.02525,-0.04115,1.40717,-0.00387,-0.08060,
1770725502750350848,128.63932,-1.43992,-1.31572,0.99867,0.01097,0.02829,-0.04163,1.42893,-0.03094,-0.10311,
1770725502949629696,128.91707,-1.44807,-1.32288,0.99872,0.01032,0.02856,-0.04038,1.27477,-0.10325,0.03962,
1770725503150004736,129.18628,-1.46248,-1.32944,0.99877,0.01097,0.02269,-0.04282,1.37306,-0.04526,-0.03849,
1770725503349868544,129.47054,-1.48318,-1.34208,0.99853,0.01266,0.02734,-0.04504,1.35082,0.03600,-0.10424,
1770725503549131264,129.73101,-1.49518,-1.34077,0.99872,0.01239,0.01776,-0.04569,1.36100,-0.14581,-0.03915,
1770725503749095680,130.00876,-1.50976,-1.34638,0.99869,0.01190,0.01756,-0.04647,1.26382,-0.05735,0.02784,
1770725503947855616,130.29004,-1.52782,-1.35299,0.99862,0.01319,0.01900,-0.04722,1.48709,-0.05938,-0.05446,
1770725504147283200,130.58018,-1.54190,-1.35681,0.99877,0.01603,0.02094,-0.04203,1.44653,0.00487,-0.03661,
1770725504347665152,130.91552,-1.52731,-1.39337,0.99827,0.00099,0.04579,-0.03694,1.78215,0.14796,0.05371,
1770725504550866688,131.16027,-1.55439,-1.37445,0.99900,0.01627,0.02377,-0.03428,1.24119,-0.09448,0.09549,
1770725504747579648,131.40627,-1.53221,-1.38147,0.99942,0.00208,0.01332,-0.03115,1.31938,0.27396,-0.07878,
1770725504948421888,131.70114,-1.53683,-1.39330,0.99946,0.00858,0.02589,-0.01844,1.34948,0.21341,-0.07797,
1770725505152636160,131.99614,-1.53316,-1.40727,0.99938,0.00750,0.02726,-0.02090,1.28817,-0.02773,0.04049,
1770725505349891072,132.26605,-1.53334,-1.41025,0.99939,0.00618,0.02503,-0.02356,1.30668,-0.04871,-0.06083,
1770725505548246784,132.53579,-1.52173,-1.41391,0.99950,0.00063,0.02029,-0.02422,1.50539,0.08161,-0.08041,
1770725505748170496,132.81890,-1.52763,-1.42082,0.99953,0.00477,0.02059,-0.02205,1.46062,0.10591,-0.03946,
1770725505948310016,133.10168,-1.52380,-1.42699,0.99949,0.00239,0.02051,-0.02452,1.38146,0.01914,0.01116,
1770725506152749056,133.38473,-1.52303,-1.43280,0.99945,0.00042,0.01990,-0.02649,1.42027,0.01501,-0.03598,
1770725506350118400,133.67623,-1.53815,-1.44015,0.99925,0.00848,0.02766,-0.02576,1.53282,-0.18488,-0.04334,
1770725506548386304,133.95887,-1.54435,-1.44799,0.99928,0.00813,0.02612,-0.02611,1.37936,0.22608,0.01737,
1770725506747906560,134.23722,-1.55083,-1.45644,0.99928,0.01032,0.02453,-0.02692,1.31223,-0.09819,0.02544,
1770725506946009600,134.50873,-1.54841,-1.46030,0.99929,0.00410,0.02210,-0.03027,1.50300,0.01082,-0.07806,
1770725507147363072,134.78898,-1.55943,-1.46285,0.99937,0.00679,0.01828,-0.02978,1.29329,-0.11719,0.00947,
1770725507347229440,135.07506,-1.57533,-1.47278,0.99923,0.00993,0.02090,-0.03166,1.44979,0.07716,-0.10986,
1770725507547281152,135.36809,-1.58274,-1.48622,0.99912,0.01006,0.02642,-0.03091,1.48050,-0.26606,-0.05961,
1770725507746262528,135.64562,-1.57610,-1.49249,0.99907,0.00010,0.02565,-0.03456,1.37094,0.04114,-0.03772,
1770725507945447424,135.92065,-1.59926,-1.50275,0.99897,0.00821,0.02885,-0.03403,1.41062,-0.08018,-0.04256,
1770725508146645760,136.19925,-1.59707,-1.50068,0.99929,0.00448,0.02163,-0.03064,1.47522,0.03801,-0.04304,
1770725508347066368,136.49198,-1.59593,-1.51584,0.99945,0.00333,0.02322,-0.02350,1.41228,0.13712,-0.06523,
1770725508545910784,136.76863,-1.60277,-1.52015,0.99957,0.01036,0.02350,-0.01436,1.35795,0.09605,-0.05244,
1770725508746447872,137.04881,-1.57839,-1.52889,0.99971,0.00139,0.02137,-0.01065,1.51653,0.02544,-0.05004,
1770725508945674240,137.33486,-1.57017,-1.53922,0.99960,-0.00225,0.02414,-0.01422,1.39396,0.04679,-0.03197,
1770725509145939968,137.60372,-1.56859,-1.54042,0.99967,-0.00141,0.01981,-0.01642,1.39612,0.05157,-0.00295,
1770725509346882816,137.86633,-1.55929,-1.53785,0.99977,-0.00458,0.01273,-0.01662,1.44620,0.03993,-0.04307,
1770725509544340480,138.16472,-1.57359,-1.55251,0.99956,0.00262,0.02423,-0.01711,1.70161,-0.05486,-0.13148,
1770725509744917504,138.45354,-1.58353,-1.55306,0.99955,0.00436,0.02082,-0.02120,1.26140,0.20914,0.00363,
1770725509946560512,138.72619,-1.58401,-1.55664,0.99957,0.00478,0.01943,-0.02140,1.48280,-0.07409,0.03837,
1770725510144964608,138.99776,-1.59354,-1.55380,0.99953,0.00956,0.02105,-0.02021,1.42906,-0.13760,-0.07865,
1770725510344641792,139.28632,-1.57070,-1.56733,0.99945,-0.00375,0.02420,-0.02245,1.53164,-0.10535,-0.09150,
1770725510543059712,139.59017,-1.59502,-1.58654,0.99886,0.00377,0.03792,-0.02858,1.54893,0.03432,-0.09682,
1770725510744212224,139.85872,-1.60740,-1.58190,0.99913,0.00684,0.02578,-0.03203,1.25913,0.11746,0.01280,
1770725510944373248,140.10086,-1.60719,-1.57815,0.99937,0.00255,0.00914,-0.03413,1.43479,-0.23712,-0.09635,
1770725511144748800,140.40441,-1.61297,-1.59382,0.99896,-0.00263,0.02412,-0.03865,1.67106,0.34214,-0.26861,
1770725511344534016,140.70279,-1.64254,-1.60042,0.99863,0.00493,0.03141,-0.04163,1.71677,-0.26480,-0.13319,
1770725511542874368,140.98430,-1.64095,-1.60733,0.99866,-0.00464,0.02388,-0.04571,1.30658,0.22784,-0.10023,
1770725511745628928,141.25084,-1.67149,-1.61157,0.99857,0.00195,0.02390,-0.04780,1.28753,0.25417,0.02084,
1770725511943966976,141.47347,-1.68419,-1.61899,0.99753,-0.00546,0.02610,-0.06501,1.04947,0.02022,-0.04216,
1770725512143575808,141.67080,-1.70787,-1.62760,0.99746,-0.00166,0.03085,-0.06414,0.94999,-0.07277,-0.06942,
1770725512345078016,141.86599,-1.72344,-1.62832,0.99769,-0.00119,0.02882,-0.06150,1.09063,-0.11480,0.00050,
1770725512542153216,142.08137,-1.75576,-1.63330,0.99756,0.00587,0.03128,-0.06207,1.08603,-0.05128,-0.03573,
1770725512744211712,142.31985,-1.74752,-1.64161,0.99768,-0.00859,0.03164,-0.05962,1.25434,-0.31692,-0.03382,
1770725512942447872,142.54256,-1.80125,-1.64225,0.99676,0.00395,0.03264,-0.07334,0.89913,-0.16033,0.08097,
1770725513139565312,142.70935,-1.78980,-1.63607,0.99695,-0.01214,0.01587,-0.07550,0.89137,0.04411,0.02476,
1770725513342579456,142.93885,-1.82028,-1.64460,0.99755,-0.00326,0.02511,-0.06522,1.14534,-0.10636,0.00428,
1770725513542997760,143.16249,-1.83784,-1.64407,0.99737,-0.00472,0.02357,-0.06839,1.02151,-0.05853,0.02429,
1770725513736840192,143.36026,-1.85826,-1.64633,0.99769,-0.00117,0.02364,-0.06369,1.11921,-0.16881,-0.06093,
1770725513943010560,143.56875,-1.89146,-1.65014,0.99788,0.00928,0.03211,-0.05578,0.79822,-0.01656,0.06648,
1770725514144105216,143.72650,-1.90581,-1.65104,0.99808,0.01382,0.03370,-0.05006,0.52359,0.04248,0.03745,
1770725514343975424,143.83142,-1.88646,-1.63840,0.99865,0.00252,0.01268,-0.05030,0.56268,0.09127,0.02259,
1770725514543366656,143.98065,-1.90639,-1.64750,0.99843,0.00859,0.02297,-0.05029,0.74833,-0.16675,-0.02204,
1770725514745195520,144.12694,-1.91574,-1.64525,0.99859,0.00981,0.01959,-0.04834,0.81790,-0.05082,-0.04892,
1770725514943608576,144.26119,-1.91314,-1.63958,0.99865,0.00466,0.01268,-0.05014,0.76200,0.04454,-0.01862,
1770725515142221824,144.43353,-1.92383,-1.64747,0.99844,0.00501,0.01788,-0.05261,0.63481,-0.14856,0.03954,
1770725515341385728,144.57078,-1.94708,-1.64627,0.99803,0.01179,0.02177,-0.05768,0.43349,-0.01086,0.02248,
1770725515540959744,144.61222,-1.94427,-1.64396,0.99803,0.00892,0.01835,-0.05928,-0.08189,0.02046,0.02525,
1770725515742043136,144.60895,-1.94160,-1.63919,0.99805,0.00770,0.01432,-0.06020,0.05693,0.00408,0.02855,
1770725515937294336,144.67912,-1.94038,-1.63796,0.99811,0.00460,0.01500,-0.05944,0.60363,-0.07424,-0.02454,
1770725516141402368,144.80157,-1.95635,-1.63649,0.99816,0.01036,0.02067,-0.05601,0.61054,-0.17353,-0.02512,
1770725516341171200,144.91763,-1.98651,-1.64063,0.99776,0.02080,0.02791,-0.05711,0.39319,-0.03618,0.03798,
1770725516542118656,144.99964,-1.98178,-1.63310,0.99821,0.01513,0.01523,-0.05588,0.37511,0.03366,0.06345,
1770725516740935936,145.08689,-1.97998,-1.63216,0.99821,0.01128,0.01535,-0.05670,0.39923,0.01710,-0.01418,
1770725516940899072,145.13977,-1.98952,-1.63544,0.99835,0.01542,0.02132,-0.05102,0.05654,-0.02571,0.01419,
1770725517141319936,145.14200,-1.98188,-1.63056,0.99873,0.01156,0.01421,-0.04692,0.03800,0.07233,0.04240,
1770725517341156608,145.16644,-1.97384,-1.62534,0.99904,0.00755,0.00702,-0.04258,0.21578,-0.01742,0.01811,
1770725517540208384,145.23337,-1.98422,-1.62929,0.99922,0.01332,0.01088,-0.03551,0.41835,-0.10829,-0.02224,
1770725517742025472,145.32758,-1.99074,-1.63164,0.99946,0.01760,0.01161,-0.02523,0.41986,-0.03817,0.01967,
1770725517947770624,145.41061,-1.99001,-1.62841,0.99965,0.01920,0.00887,-0.01559,0.40137,0.01427,0.03409,
1770725518139465472,145.50689,-1.98218,-1.62708,0.99978,0.01834,0.00798,-0.00655,0.53390,0.02401,0.03495,
1770725518340796416,145.63224,-1.97652,-1.63111,0.99978,0.01880,0.00960,0.00111,0.71873,0.09715,-0.03589,
1770725518536398080,145.77262,-1.96538,-1.63828,0.99975,0.01505,0.01654,0.00171,0.71804,-0.02342,-0.05025,
1770725518738709760,145.88910,-1.95926,-1.63622,0.99982,0.01424,0.01203,0.00353,0.49076,0.07411,0.07673,
1770725518939516928,146.01402,-1.95842,-1.63414,0.99976,0.01744,0.01169,0.00564,0.79742,0.00575,-0.02309,
1770725519138029568,146.15877,-1.95512,-1.63885,0.99976,0.01686,0.01374,0.00246,0.71276,0.08554,-0.05759,
1770725519339038976,146.27510,-1.94362,-1.63102,0.99991,0.01347,0.00184,0.00187,0.62872,-0.05642,0.04785,
1770725519538407168,146.44236,-1.93922,-1.62901,0.99991,0.01324,0.00054,0.00019,1.13852,-0.00247,-0.05696,
1770725519738421760,146.66891,-1.92671,-1.64115,0.99983,0.00937,0.01500,-0.00431,0.99037,0.07596,-0.01397,
1770725519938733824,146.86708,-1.92384,-1.64975,0.99968,0.01071,0.02224,-0.00511,0.90073,-0.03686,-0.01466,
1770725520138758400,147.00827,-1.91442,-1.65520,0.99961,0.00639,0.02607,-0.00800,0.43411,0.01493,0.04310,
1770725520340803840,147.09715,-1.91135,-1.65913,0.99965,0.00539,0.02390,-0.00977,0.42498,0.01945,-0.01982,
1770725520538176000,147.16591,-1.90785,-1.66158,0.99957,0.00347,0.02675,-0.01171,0.28156,0.05645,0.01361,
1770725520738946048,147.21115,-1.90618,-1.66270,0.99964,0.00407,0.02494,-0.00913,0.25593,0.03009,0.00243,
1770725520937541376,147.25301,-1.89734,-1.66465,0.99963,0.00369,0.02638,0.00472,0.16738,-0.00728,-0.00865,
1770725521138961664,147.27886,-1.88955,-1.66521,0.99929,0.00649,0.02463,0.02786,0.26838,0.11898,-0.00183,
1770725521337376256,147.35171,-1.86121,-1.66954,0.99818,0.00454,0.02793,0.05333,0.47645,0.15510,-0.06521,
1770725521539504384,147.42914,-1.83025,-1.67558,0.99678,-0.00140,0.03140,0.07379,0.29251,0.18265,0.01950,
1770725521738850304,147.50087,-1.79559,-1.67806,0.99425,-0.00225,0.03001,0.10276,0.44561,0.23113,-0.02614,
1770725521936735232,147.59210,-1.74790,-1.68728,0.99094,-0.00872,0.03483,0.12942,0.47619,0.33074,-0.05226,
1770725522136835072,147.67258,-1.71125,-1.68808,0.98705,-0.00695,0.03176,0.15711,0.44873,0.27682,-0.04690,
1770725522337222144,147.75377,-1.66359,-1.69463,0.98247,-0.00864,0.03417,0.18307,0.39888,0.31793,-0.02714,
1770725522537298688,147.81880,-1.61359,-1.69800,0.97673,-0.01103,0.03238,0.21171,0.29489,0.17911,0.00800,
1770725522733342208,147.87120,-1.57337,-1.69812,0.97006,-0.00884,0.02576,0.24133,0.29710,0.27860,0.01177,
1770725522935502336,147.92293,-1.51050,-1.69914,0.96085,-0.01274,0.02277,0.27583,0.28568,0.31305,-0.01818,
1770725523136521472,147.97180,-1.45021,-1.70465,0.94961,-0.01445,0.02490,0.31210,0.16632,0.17840,0.01392,
1770725523336126720,147.99136,-1.40632,-1.70656,0.93722,-0.01394,0.02249,0.34774,0.11335,0.31933,-0.00530,
1770725523535588096,148.02176,-1.33864,-1.71138,0.92644,-0.01817,0.02181,0.37536,0.25166,0.44527,-0.06142,
1770725523736737024,148.05432,-1.26743,-1.71611,0.91227,-0.01942,0.02266,0.40851,0.14839,0.28329,0.01103,
1770725523935643904,148.08498,-1.18637,-1.71932,0.89900,-0.02019,0.02220,0.43691,0.22421,0.56677,-0.05453,
1770725524137392896,148.13038,-1.09930,-1.72836,0.88156,-0.01915,0.02783,0.47086,0.26168,0.36764,-0.03090,
1770725524336740608,148.17098,-1.02048,-1.73497,0.86748,-0.01691,0.03660,0.49583,0.19386,0.30712,0.01329,
1770725524536084736,148.17154,-0.97145,-1.72994,0.84447,-0.01783,0.02759,0.53459,-0.07397,0.22087,0.05296,
1770725524736503040,148.17450,-0.93242,-1.72890,0.82479,-0.01681,0.02325,0.56472,0.12786,0.23770,-0.00224,
1770725524933826560,148.20186,-0.87017,-1.73261,0.80792,-0.01345,0.02994,0.58838,0.23206,0.38425,-0.01217,
1770725525136580864,148.21790,-0.78491,-1.73023,0.78540,-0.00857,0.02768,0.61831,0.06456,0.52801,-0.00302,
1770725525336366592,148.21271,-0.70985,-1.72686,0.76594,-0.00327,0.01401,0.64275,-0.05051,0.37206,0.01630,
1770725525535124224,148.20593,-0.62132,-1.72871,0.74706,-0.00355,0.00985,0.66468,0.01341,0.50382,-0.01549,
1770725525734938880,148.20132,-0.51056,-1.74181,0.72116,-0.00461,0.01502,0.69259,0.08044,0.67126,-0.10208,
1770725525945790464,148.19808,-0.39295,-1.75445,0.69281,-0.01238,0.02283,0.72065,-0.11661,0.48342,-0.03142,
1770725526134909184,148.17839,-0.29590,-1.76481,0.67159,-0.02222,0.02754,0.74008,-0.01375,0.54987,-0.07032,
1770725526335486720,148.16290,-0.21680,-1.76376,0.64631,-0.02347,0.02355,0.76235,-0.10728,0.24047,0.05114,
1770725526536549888,148.13609,-0.16109,-1.76100,0.63099,-0.02656,0.02088,0.77505,-0.03993,0.28538,0.02336,
1770725526734595072,148.11419,-0.08547,-1.76010,0.61207,-0.02714,0.02102,0.79006,-0.16164,0.53805,-0.03491,
1770725526938409984,148.10109,0.02426,-1.76774,0.58869,-0.02402,0.02726,0.80755,-0.03127,0.39585,0.03957,
1770725527133899520,148.09265,0.09959,-1.76330,0.57291,-0.01502,0.02412,0.81912,-0.01274,0.32867,0.04508,
1770725527338343424,148.06334,0.18415,-1.76227,0.55742,-0.01024,0.02009,0.82993,-0.16503,0.51493,-0.02319,
1770725527534987008,148.02576,0.30383,-1.77109,0.54298,-0.01962,0.01896,0.83930,-0.26795,0.59157,-0.05833,
1770725527734988800,147.99539,0.39593,-1.77327,0.51978,-0.02408,0.02026,0.85372,-0.09456,0.40061,0.01418,
1770725527941882368,147.96873,0.51647,-1.78649,0.49109,-0.02848,0.03411,0.86998,-0.08304,0.56936,-0.04816,
1770725528142379008,147.91163,0.59931,-1.78636,0.45279,-0.02653,0.02399,0.89090,-0.38736,0.45542,0.00180,
1770725528337254912,147.86128,0.68427,-1.78005,0.42393,-0.02385,0.01598,0.90524,-0.19750,0.51915,-0.01369,
1770725528535415296,147.82965,0.78712,-1.78369,0.38888,-0.02032,0.02649,0.92068,-0.25909,0.52150,0.01024,
1770725528737438720,147.78588,0.91516,-1.78314,0.35599,-0.01072,0.02507,0.93409,-0.27455,0.68033,-0.03504,
1770725528934819584,147.72105,1.02652,-1.78516,0.31792,-0.00884,0.03584,0.94740,-0.19752,0.36395,0.04291,
1770725529135105792,147.68680,1.13148,-1.79054,0.28344,-0.01477,0.04405,0.95786,-0.24630,0.59051,-0.03119,
1770725529337999616,147.66158,1.21864,-1.78607,0.26416,-0.00688,0.02955,0.96400,-0.21579,0.27396,0.02028,
1770725529538210560,147.61041,1.24682,-1.78330,0.24001,-0.00420,0.02343,0.97048,-0.14752,0.35124,0.00647,
1770725529735259648,147.53750,1.29970,-1.78471,0.20386,-0.00623,0.02724,0.97860,-0.15602,0.46804,-0.03077,
1770725529935098368,147.58574,1.46902,-1.78543,0.17005,-0.00413,0.03099,0.98494,-0.12622,0.40057,0.00385,
1770725530134784256,147.57586,1.56442,-1.78511,0.13201,-0.00144,0.03094,0.99076,-0.08647,0.52743,-0.01621,
1770725530333781760,147.46391,1.61116,-1.78651,0.11150,-0.00381,0.03526,0.99313,-0.08069,0.42521,0.01687,
1770725530534920960,147.53669,1.75674,-1.78230,0.10450,0.00383,0.03306,0.99397,-0.05568,0.50170,0.02744,
1770725530735481088,147.52726,1.85930,-1.78003,0.10658,0.00718,0.03281,0.99374,0.05337,0.52388,0.00284,
1770725530934621184,147.54070,1.96653,-1.77738,0.11272,0.01050,0.03063,0.99310,-0.00513,0.56046,0.01673,
1770725531134672384,147.52409,2.08064,-1.77770,0.13105,0.00829,0.02875,0.99092,-0.19070,0.63059,-0.02523,
1770725531333873920,147.47779,2.20957,-1.78300,0.13523,0.00200,0.02571,0.99048,-0.19307,0.59501,0.00541,
1770725531530922752,147.44396,2.34665,-1.78169,0.13960,0.00160,0.02418,0.98991,-0.18733,0.68039,0.02016,
1770725531731279616,147.37812,2.49512,-1.78504,0.14170,0.00093,0.02452,0.98961,-0.47713,0.83012,-0.07918,
1770725531937149440,147.02241,2.56082,-1.78536,0.14066,-0.00088,0.02964,0.98961,-0.36838,0.70783,0.03727,
1770725532134409728,147.21498,2.77850,-1.77753,0.14096,0.00839,0.03536,0.98935,-0.21802,0.78887,0.04430,
1770725532333577984,146.98679,2.86789,-1.76825,0.14549,0.01142,0.02959,0.98885,-0.42502,0.59202,0.04824,
1770725532534032384,147.09093,3.08294,-1.76129,0.13895,0.01778,0.02420,0.98984,-0.36015,0.76661,0.03154,
1770725532733208064,146.53083,2.73830,-1.76069,0.13586,0.01101,0.00952,0.99062,-0.75907,0.47929,-0.02581,
1770725532932698112,146.80029,3.18781,-1.76492,0.12674,0.01620,0.01736,0.99165,-0.25706,0.66049,0.01091,
1770725533133156864,146.82062,3.47065,-1.76958,0.10928,0.01328,0.01837,0.99375,-0.36340,0.81178,-0.04307,
1770725533331987712,146.75512,3.65858,-1.77340,0.09555,0.00364,0.01694,0.99527,-0.26917,0.78424,-0.00792,
1770725533530819584,146.76569,3.82613,-1.77150,0.08307,0.00224,0.01434,0.99644,-0.14932,0.74853,0.01304,
1770725533732603392,146.68574,3.95769,-1.77280,0.06759,-0.00599,0.01034,0.99764,-0.40748,0.90223,0.00273,
1770725533946842368,146.60599,4.17106,-1.77084,0.06035,-0.00769,0.01826,0.99798,-0.25461,0.92054,0.02686,
1770725534132521216,146.55494,4.33976,-1.76788,0.05720,-0.00488,0.01539,0.99823,-0.30581,0.87221,0.00506,
1770725534331343104,146.48477,4.51743,-1.76554,0.05293,0.00350,0.01068,0.99853,-0.49428,0.94498,0.02369,
1770725534536611584,146.32899,4.70261,-1.76590,0.05119,-0.00457,0.01560,0.99856,-0.65027,0.96156,0.03831,
1770725534732224256,146.21802,4.91183,-1.76682,0.04928,-0.00028,0.01233,0.99871,-0.60306,0.98289,-0.01571,
1770725534931172608,146.09141,5.11890,-1.76641,0.05008,-0.00358,0.01784,0.99858,-0.44713,1.04054,0.03879,
1770725535141356544,145.92351,5.26561,-1.75527,0.04913,0.00613,0.01276,0.99869,-0.82754,1.01871,0.04818,
1770725535331163392,145.70372,5.42833,-1.75845,0.05185,-0.00098,0.01433,0.99855,-1.33069,1.12098,-0.10218,
1770725535530993664,145.58692,5.74682,-1.74839,0.05514,0.00792,0.01345,0.99836,-1.03467,1.00822,0.02898,
1770725535731292928,145.36088,5.99815,-1.73837,0.05322,0.01137,0.02293,0.99825,-1.20729,1.21314,-0.04513,
1770725535945264896,144.95116,6.10035,-1.73418,0.05873,0.00423,0.00907,0.99822,-1.40574,1.07936,0.09158,
1770725536128555776,144.65347,6.31713,-1.74678,0.05516,-0.02043,0.03262,0.99774,-1.29493,1.40693,0.01854,
1770725536348676864,144.47723,6.52367,-1.72291,0.06792,0.00560,0.01643,0.99754,-0.49196,1.04899,0.02697,
1770725536531298304,144.45694,6.79995,-1.73028,0.06029,-0.00853,0.02630,0.99780,-0.18619,1.14710,-0.02067,
1770725536731199488,144.38873,6.97856,-1.72689,0.05653,-0.00105,0.01967,0.99821,0.06243,1.00207,0.00883,
1770725536945374976,144.44810,7.23535,-1.72015,0.05546,0.01059,0.01070,0.99835,-0.05554,1.03256,0.05231,
1770725537145074688,144.54462,7.56266,-1.71493,0.05056,0.01948,0.00290,0.99853,-0.28907,1.29532,-0.03396,
1770725537330673408,144.47018,7.82141,-1.72827,0.03755,0.00903,0.01333,0.99917,-0.61107,1.38259,-0.12908,
1770725537533414656,144.33184,8.06540,-1.73142,0.00736,0.00864,0.02152,0.99970,-0.45302,1.06741,-0.02074,
1770725537730109440,144.20652,8.23807,-1.72601,-0.00615,0.00753,0.01151,0.99989,-0.59838,1.17275,-0.01432,
1770725537929928192,144.13724,8.51088,-1.72878,-0.01365,0.00013,0.00587,0.99989,-0.70072,1.27109,-0.04191,
1770725538129278464,144.04464,8.80753,-1.73135,-0.01273,-0.00667,0.01119,0.99983,-0.48896,1.27111,0.05255,
1770725538343842560,143.93397,9.08483,-1.72111,-0.00878,0.00436,0.01434,0.99985,-0.39792,1.31110,0.05671,
1770725538530750208,143.74749,9.29487,-1.71338,0.00112,0.00580,0.01016,0.99993,-0.68261,1.37737,0.05792,
1770725538730494720,143.67819,9.63264,-1.70666,0.01182,0.01029,0.01275,0.99980,-0.75802,1.51862,-0.02553,
1770725538929511680,143.60604,9.98194,-1.68673,0.01257,0.01692,0.03130,0.99929,-0.62851,1.51660,-0.04618,
1770725539128867328,143.47062,10.25236,-1.69432,0.04451,0.01772,0.00684,0.99883,-0.39968,1.36303,0.09214,
1770725539328095488,142.32078,10.00277,-1.68178,0.05293,0.00946,0.01149,0.99849,-1.39051,1.32402,-0.02558,
1770725539528090880,142.53650,10.56133,-1.68590,0.05348,0.00250,0.01486,0.99846,-0.93916,1.56039,-0.00405,
1770725539727974656,142.63423,11.02403,-1.68413,0.05271,-0.00046,0.02454,0.99831,-0.67307,1.45722,0.02531,
1770725539931072256,141.58509,10.68610,-1.66109,0.04764,0.01173,0.00446,0.99879,-1.38397,1.14553,0.00976,
1770725540140425216,141.80823,11.25281,-1.66035,0.03579,0.00953,0.01741,0.99916,-0.99584,1.25632,0.06951,
1770725540327890688,141.96075,11.72707,-1.65473,0.03198,0.01602,0.01158,0.99929,-0.90089,1.44681,0.02620,
1770725540534460928,141.94720,12.16285,-1.65190,0.03072,0.01488,0.01362,0.99932,-0.89738,1.66856,0.04074,
1770725540726509056,141.88973,12.52008,-1.64750,0.03185,0.01616,0.00949,0.99932,-0.82747,1.68819,0.05245,
1770725540932354816,141.70619,12.88057,-1.64245,0.03133,0.01051,0.01458,0.99935,-0.88416,1.77786,0.00716,
1770725541141650944,141.59607,13.28314,-1.63677,0.03303,0.00760,0.01694,0.99928,-0.71456,1.74576,0.04749,
1770725541329914624,141.47788,13.61260,-1.62578,0.03427,0.01584,0.01258,0.99921,-0.79161,1.72397,0.06697,
1770725541528017408,140.43685,13.39019,-1.60880,0.03704,0.01120,0.01018,0.99920,-1.27338,1.53685,0.02170,
1770725541727508480,140.46480,13.90167,-1.60801,0.03732,0.01165,0.01154,0.99917,-1.42856,1.70593,-0.02088,
1770725541927750144,140.46125,14.45298,-1.60101,0.03817,0.00834,0.02383,0.99895,-1.17997,1.73978,0.03713,
1770725542126980352,140.34090,14.89741,-1.59998,0.03910,0.00997,0.01627,0.99905,-1.46963,1.93759,-0.06863,
1770725542328464128,140.12114,15.29166,-1.58096,0.04203,0.01539,0.02064,0.99878,-1.58824,1.89364,-0.01213,
1770725542527328256,139.88588,15.69533,-1.57278,0.04986,0.02113,0.00867,0.99849,-1.50602,1.75909,0.04900,
1770725542727180288,139.62724,16.13205,-1.56806,0.04972,0.00900,0.01323,0.99863,-1.06434,1.96882,0.08107,
1770725542927929600,139.45395,16.57329,-1.56416,0.05889,0.00258,0.01456,0.99815,-0.62360,2.16873,0.04256,
1770725543126637056,138.49502,16.52999,-1.55789,0.06773,-0.00539,0.01580,0.99756,-0.27189,1.68329,0.03536,
1770725543326351872,138.49567,16.88120,-1.55253,0.06674,0.00655,0.01124,0.99769,-0.29848,1.79181,0.00931,
1770725543526438400,138.86079,17.41591,-1.55608,0.06744,0.00767,0.01225,0.99762,-0.28176,1.88654,0.00194,
1770725543725849088,139.06733,17.90992,-1.55772,0.06236,0.00784,0.01182,0.99795,-0.42139,2.00404,0.00311,
1770725543925349120,139.07155,18.35329,-1.55171,0.05163,0.01141,0.01001,0.99855,-0.53137,1.95143,0.04564,
1770725544125798656,138.95134,18.76492,-1.54450,0.03417,0.01098,0.00897,0.99932,-0.76234,2.06693,0.07173,
1770725544327290112,138.83372,19.19572,-1.53674,0.02162,0.01530,0.00730,0.99962,-0.94988,2.16653,0.03203,
1770725544525970176,138.64266,19.63209,-1.53233,0.00670,0.00751,0.01275,0.99987,-1.27837,2.01887,0.04181,
1770725544726582528,138.45277,20.07332,-1.52917,-0.02078,0.00974,0.01241,0.99966,-1.54577,1.88713,-0.16768,
1770725544928710656,138.07512,20.45085,-1.52805,-0.05031,-0.01936,0.02448,0.99825,-1.63039,2.01310,-0.07457,
1770725545126954496,137.85354,20.85519,-1.51648,-0.06946,0.00122,0.02694,0.99722,-1.08601,1.99703,0.07405,
1770725545326798080,137.55491,21.22629,-1.51029,-0.06662,-0.00436,0.02689,0.99741,-1.23664,2.10147,0.07616,
1770725545526484224,137.37348,21.68332,-1.51245,-0.05842,-0.01337,0.02440,0.99790,-0.90921,2.19233,-0.09972,
1770725545724549376,137.28126,22.14375,-1.51611,-0.02489,-0.01392,0.02383,0.99931,0.15436,2.23303,0.06308,
1770725545925600256,137.27182,22.61774,-1.50952,-0.01318,-0.00591,0.02221,0.99965,-0.00356,2.34756,0.04300,
1770725546125324544,137.13619,23.08592,-1.50404,0.00608,-0.00448,0.02405,0.99968,-0.45036,2.53268,0.00874,
1770725546324582912,137.08852,23.59063,-1.49618,0.02420,0.00077,0.02458,0.99940,-0.52295,2.43297,-0.01698,
1770725546525361152,136.98803,24.08742,-1.48570,0.03372,0.00546,0.02009,0.99921,-0.35422,2.49940,0.12637,
1770725546724142848,136.88722,24.60044,-1.48452,0.04109,0.00310,0.02464,0.99885,-0.72665,2.56361,-0.01767,
1770725546924774912,136.71684,25.09866,-1.48094,0.04788,0.00364,0.02515,0.99853,-0.85004,2.56251,-0.03271,
1770725547123486976,136.61924,25.62998,-1.48005,0.05431,-0.00446,0.03315,0.99796,-0.59132,2.64172,0.04771,
1770725547320110336,136.56174,26.13253,-1.46750,0.06265,0.00515,0.02541,0.99770,-0.48366,2.54185,0.02322,
1770725547523637504,135.88397,26.52770,-1.45085,0.07260,0.00822,0.02541,0.99700,-1.04242,2.67216,-0.00659,
1770725547725882112,134.09222,26.18800,-1.42108,0.07749,0.00690,0.02656,0.99661,-1.75834,2.12753,0.06927,
1770725547924028416,133.43122,26.23709,-1.40984,0.08232,0.00463,0.02727,0.99622,-1.89093,1.95977,0.07523,
1770725548124220160,133.33765,26.82980,-1.40375,0.08937,0.00493,0.02227,0.99574,-2.09101,2.11868,0.01567,
1770725548323591424,132.83560,27.05492,-1.38376,0.08948,0.01159,0.02061,0.99571,-2.06286,2.05377,0.05024,
1770725548528132352,132.04483,26.91965,-1.36663,0.09129,0.00534,0.02741,0.99543,-2.19876,1.78101,0.03912,
1770725548723838464,131.90360,27.45353,-1.36379,0.09394,0.01027,0.02685,0.99516,-1.84566,1.97068,0.20833,
1770725548923498752,131.54884,27.81438,-1.35128,0.10443,0.00354,0.02506,0.99421,-2.06744,1.87071,0.08860,
1770725549123693568,131.23907,28.25768,-1.34293,0.09714,0.00151,0.03280,0.99473,-2.03418,1.97456,0.03244,
1770725549324259072,130.91073,28.62961,-1.33113,0.09330,0.00705,0.01944,0.99542,-2.06147,1.92260,0.09728,
1770725549525492224,130.71965,29.21632,-1.32764,0.08391,0.00326,0.02664,0.99611,-1.81647,1.96636,0.07069,
1770725549725044480,130.65224,29.88159,-1.31816,0.07749,0.00483,0.02631,0.99663,-1.54328,2.02637,0.13330,
1770725549922411520,130.63097,30.54484,-1.31305,0.06825,0.00911,0.02282,0.99737,-1.65277,2.27499,-0.03609,
1770725550122824448,130.53282,31.17316,-1.30638,0.05814,0.00808,0.01977,0.99808,-1.59820,2.41660,-0.02767,
1770725550322695168,129.24242,30.94418,-1.28299,0.05134,0.00041,0.01721,0.99853,-1.95296,1.98576,0.04037,
1770725550523435264,128.52658,30.96573,-1.26291,0.04317,0.00918,0.02115,0.99880,-2.09532,1.86643,0.09066,
1770725550724383232,127.77045,30.78205,-1.23793,0.03901,0.01205,0.01098,0.99911,-2.46074,1.52146,0.05925,
1770725550922857472,127.42739,31.19576,-1.22857,0.03633,0.01366,0.00907,0.99921,-2.51863,1.45591,0.01379,
1770725551121013504,127.13902,31.62753,-1.21942,0.02887,0.01150,0.00750,0.99949,-2.30004,1.52471,0.04123,
1770725551319333888,126.38461,31.35014,-1.20106,0.01761,0.00890,0.00529,0.99979,-2.56927,1.42824,0.07097,
1770725551521251328,126.01310,31.50831,-1.18003,0.00878,0.00876,0.01079,0.99986,-2.49034,1.20163,0.00646,
1770725551721466112,125.88327,32.16986,-1.17406,0.00625,0.00490,0.00886,0.99993,-2.23139,1.50782,0.08778,
1770725551917493760,125.09648,31.67391,-1.14337,0.00853,0.01157,0.00557,0.99988,-2.47536,0.95664,0.04349,
1770725552122855936,124.75725,31.87770,-1.13553,0.00969,0.00915,0.01094,0.99985,-2.53736,0.96772,0.03101,
1770725552321994752,124.37795,31.95356,-1.11745,0.01349,0.01149,0.01294,0.99976,-2.40785,0.90726,0.14218,
1770725552521914624,123.77505,31.45073,-1.10903,0.01856,-0.00253,0.00705,0.99980,-2.48706,0.78484,0.08458,
1770725552721542144,123.54771,31.72790,-1.09229,0.02295,0.00640,0.00086,0.99972,-2.29373,0.66030,0.04563,
1770725552921181952,123.23793,31.79062,-1.08217,0.02469,-0.00289,0.01262,0.99961,-2.27404,0.72168,-0.00872,
1770725553123126016,122.90387,31.73860,-1.06394,0.02998,0.00507,0.00878,0.99950,-2.20367,0.57649,0.02085,
1770725553319624704,122.61554,31.83398,-1.05663,0.03408,-0.00229,0.01224,0.99934,-2.15250,0.53075,0.10883,
1770725553521611776,122.33082,32.40134,-1.05347,0.03405,-0.00152,0.01038,0.99937,-2.01274,0.82513,0.09090,
1770725553722550272,122.08978,32.82033,-1.03499,0.03577,0.00570,0.02202,0.99910,-2.05969,0.96201,0.07803,
1770725553936248064,121.85521,33.36679,-1.02133,0.04276,0.00754,0.01663,0.99892,-1.78042,1.13838,0.13748,
1770725554133838080,121.37313,33.43570,-0.99645,0.04766,0.01288,0.01360,0.99869,-1.94851,1.12653,0.10673,
1770725554320231680,120.78377,32.98065,-0.98436,0.05190,0.00319,0.01628,0.99851,-2.04530,0.64900,0.14750,
1770725554520499200,120.42708,32.89651,-0.97343,0.05386,-0.00024,0.01863,0.99837,-2.07610,0.66926,0.06749,
1770725554720542976,120.14149,33.01716,-0.95997,0.06127,0.00501,0.01075,0.99805,-1.86279,0.63235,0.12357,
1770725554920495104,119.86125,33.21728,-0.94369,0.06589,0.00402,0.02004,0.99762,-1.76811,0.64950,0.10218,
1770725555121812224,119.48969,32.96694,-0.92832,0.06980,0.00749,0.01654,0.99740,-1.92674,0.40332,0.05770,
1770725555322405376,119.19085,32.68178,-0.91278,0.06828,0.00378,0.01646,0.99752,-1.95221,0.32436,0.06285,
1770725555519517184,119.05100,33.05207,-0.90291,0.06810,0.00398,0.01516,0.99756,-2.03565,0.21691,0.02098,
1770725555719240704,118.83855,33.24428,-0.88923,0.06879,0.00249,0.01316,0.99754,-1.78240,0.32334,0.02341,
1770725555919189504,118.60971,33.28943,-0.87995,0.06329,0.00179,0.01718,0.99785,-1.63332,0.39356,0.12451,
1770725556118433024,118.43430,33.29682,-0.85979,0.05738,0.00938,0.01261,0.99823,-1.59223,0.35194,0.07971,
1770725556318192896,118.25293,33.35263,-0.84026,0.05594,0.01027,0.01330,0.99829,-1.31854,0.24983,0.10339,
1770725556519149824,118.08605,33.34136,-0.82824,0.04782,0.00840,0.02115,0.99860,-1.26943,0.28341,0.10880,
1770725556718483456,117.91956,33.37150,-0.80152,0.04178,0.01847,0.01136,0.99889,-1.48065,0.21248,0.03086,
1770725556920110592,117.76725,33.07574,-0.79015,0.03289,0.00953,0.02004,0.99921,-1.18947,0.05562,0.09319,
1770725557119966464,117.79497,33.20467,-0.77900,0.02937,0.00962,0.01894,0.99934,-1.05226,-0.01225,0.13134,
1770725557318776576,117.73809,33.20618,-0.76207,0.02169,0.01484,0.01614,0.99952,-0.95294,-0.07579,0.06772,
1770725557526647296,117.67318,33.17987,-0.75637,0.02036,0.01179,0.01489,0.99961,-0.78883,-0.09663,0.10945,
1770725557718526720,117.54187,33.18184,-0.75254,0.01988,0.00906,0.01530,0.99964,-1.13169,0.02794,0.04742,
1770725557918683648,117.37997,33.16780,-0.73026,0.02456,0.01799,0.01669,0.99940,-0.90068,-0.01066,0.11365,
1770725558118424576,117.18384,33.14410,-0.70665,0.03179,0.02071,0.00641,0.99926,-0.78240,-0.07224,0.14141,
1770725558317505280,116.96320,33.15372,-0.69733,0.03599,0.01244,0.00749,0.99925,-1.04453,0.06287,0.13025,
1770725558521146368,116.71115,33.18343,-0.68842,0.04229,-0.00101,0.01223,0.99903,-1.11182,-0.02469,0.10728,
1770725558718840832,116.53712,33.18368,-0.66305,0.04640,0.01437,0.00673,0.99880,-0.81782,-0.22399,0.06156,
1770725558916837632,116.32317,33.21788,-0.66168,0.04630,0.00353,0.01929,0.99874,-1.10001,-0.05435,0.06383,
1770725559116731648,116.07414,33.19852,-0.65966,0.05236,-0.01332,0.01160,0.99847,-0.89504,-0.08848,0.23325,
1770725559316617728,115.90527,33.20209,-0.64034,0.04312,0.00098,0.01435,0.99897,-0.94442,0.05298,0.02247,
1770725559515447552,115.71175,33.19170,-0.61374,0.04194,0.01903,0.01122,0.99888,-1.02327,-0.20087,0.07937,
1770725559716668416,115.49529,33.19229,-0.59672,0.04229,0.01388,0.01437,0.99891,-1.06370,-0.09087,-0.02368,
1770725559915026688,115.30821,33.16363,-0.57320,0.04478,0.02129,0.00924,0.99873,-0.97725,-0.19960,0.13879,
1770725560113769728,115.09079,33.15908,-0.56599,0.03959,0.01283,0.01219,0.99906,-1.20046,-0.09297,0.02774,
1770725560317108224,114.88355,33.18950,-0.55560,0.03776,0.00345,0.01167,0.99921,-1.06810,-0.11116,0.08033,
1770725560516161280,114.66626,33.17856,-0.54563,0.03284,-0.00085,0.01356,0.99937,-1.02776,-0.03943,0.04783,
1770725560722366208,114.47035,33.13806,-0.52819,0.02647,0.00262,0.01313,0.99956,-0.90666,-0.00478,0.09712,
1770725560918203136,114.26249,33.12188,-0.51570,0.02596,0.00473,0.00969,0.99960,-1.18800,-0.19171,0.00075,
1770725561122885888,114.08795,33.08880,-0.49813,0.02879,0.00571,0.00970,0.99952,-0.96462,-0.05681,0.02864,
1770725561316545024,113.89468,33.09393,-0.48562,0.03375,0.00299,0.01402,0.99933,-0.80756,-0.07326,0.08936,
1770725561544069632,113.74524,33.05429,-0.46171,0.03177,0.00977,0.01063,0.99939,-0.88654,-0.16241,0.13646,
1770725561718516224,113.56266,33.04266,-0.45122,0.03017,0.00526,0.00994,0.99948,-1.03783,-0.02718,0.10578,
1770725561916475648,113.37683,33.02176,-0.43152,0.03253,0.00967,0.00856,0.99939,-0.93589,-0.15084,0.06557,
1770725562115947264,113.19127,32.98159,-0.41499,0.03266,0.00828,-0.00127,0.99943,-0.97720,-0.11737,0.09440,
1770725562312332032,112.98563,32.98070,-0.40075,0.03132,0.00607,0.00439,0.99948,-0.85654,-0.10472,0.21180,
1770725562515259136,112.80153,32.91959,-0.38261,0.03471,0.00369,-0.00075,0.99939,-0.79657,-0.01013,0.16521,
1770725562715485696,112.65493,32.92198,-0.35730,0.03290,0.01734,0.00179,0.99931,-0.69249,-0.04337,0.15025,
1770725562915517952,112.46025,32.88620,-0.34464,0.03452,0.00922,-0.00284,0.99936,-0.87701,-0.14244,0.09140,
1770725563113400576,112.26157,32.90364,-0.33359,0.03174,0.00885,0.00121,0.99946,-0.97614,0.03939,0.11714,
1770725563314626048,112.08119,32.85355,-0.31121,0.02829,0.01106,0.00585,0.99952,-1.05796,-0.20143,0.06453,
1770725563515376640,111.90803,32.83554,-0.28894,0.02559,0.01369,0.00974,0.99953,-0.59884,-0.02063,0.25089,
1770725563714561792,111.70633,32.81424,-0.27621,0.02573,0.01359,0.01025,0.99952,-0.85688,-0.09507,0.07181,
1770725563915088384,111.50489,32.68502,-0.24588,0.02473,0.01554,0.00539,0.99956,-1.07171,-0.40780,0.10457,
1770725564114435840,111.25997,32.76837,-0.25527,0.02187,-0.00097,0.01539,0.99964,-1.03494,-0.08830,-0.00502,
1770725564314547712,111.04932,32.55035,-0.21153,0.02552,0.01068,0.00303,0.99961,-1.06151,-0.43007,0.05340,
1770725564514870528,110.86903,32.63216,-0.22067,0.02611,0.00011,0.01834,0.99949,-1.20936,-0.15141,0.06830,
1770725564715532032,110.58424,32.64375,-0.20408,0.03082,0.00284,0.01014,0.99947,-0.96212,-0.13680,0.13125,
1770725564914795520,110.45766,32.56010,-0.17648,0.03266,0.01232,0.01415,0.99929,-1.16211,-0.20254,0.03970,
1770725565113976064,110.24557,32.50886,-0.15761,0.03966,0.00900,0.00743,0.99914,-1.00254,-0.08142,0.09537,
1770725565308433408,110.06387,32.47527,-0.13791,0.04831,0.01299,0.00256,0.99874,-0.90639,-0.33158,0.14400,
1770725565514299648,109.83743,32.45785,-0.11587,0.05555,0.01380,0.00229,0.99836,-1.17215,-0.07235,0.15053,
1770725565713938944,109.59251,32.48964,-0.10809,0.06820,0.00368,0.00483,0.99765,-1.01796,0.05713,0.10793,
1770725565913664768,109.43746,32.48016,-0.08340,0.07136,0.00917,0.00258,0.99740,-0.88807,-0.18236,0.16291,
1770725566113899520,109.29580,32.41825,-0.06103,0.06234,0.01274,0.00703,0.99795,-0.81233,-0.24805,0.19802,
1770725566311563264,109.04375,32.43966,-0.04791,0.05439,0.01080,0.00782,0.99843,-0.98529,-0.16317,0.00689,
1770725566512596224,108.77923,32.44547,-0.03419,0.04399,0.01270,0.00717,0.99893,-1.01642,-0.13529,0.12892,
1770725566712816128,108.62879,32.35278,-0.01377,0.03454,0.00534,0.01789,0.99923,-1.00638,-0.21714,0.03931,
1770725566912465408,108.41900,32.36380,-0.00083,0.03105,0.00527,0.01185,0.99943,-0.86104,-0.28478,0.07824,
1770725567114936320,108.23791,32.27032,0.02390,0.02711,0.00995,0.01006,0.99953,-1.05792,-0.22598,-0.03820,
1770725567312661760,108.13520,32.12113,0.05165,0.03259,0.01204,0.00803,0.99936,-1.23182,-0.26166,-0.11147,
1770725567513195520,107.92952,32.11530,0.06803,0.03962,0.00925,0.00628,0.99915,-1.07209,-0.22982,0.10814,
1770725567712454912,107.64143,32.23383,0.07665,0.04767,0.01347,0.01102,0.99871,-0.89322,-0.06751,0.13171,
1770725567912685568,107.39929,32.20020,0.10339,0.05708,0.01315,0.00267,0.99828,-1.08053,-0.15232,0.15930,
1770725568112989440,107.18045,32.23469,0.11972,0.05341,0.01369,0.01052,0.99842,-1.14812,0.07272,0.07113,
1770725568312889088,107.04129,32.10003,0.14622,0.05555,0.00963,0.00387,0.99840,-0.82987,-0.10706,0.27431,
1770725568511281920,106.89165,32.02810,0.16624,0.04936,0.00585,0.00830,0.99873,-0.99077,-0.10901,0.08942,
1770725568710657024,106.54294,32.19176,0.16846,0.04727,0.00021,0.01242,0.99881,-0.98686,-0.00256,0.20172,
1770725568912558848,106.43148,31.75039,0.21125,0.04171,0.00288,0.00838,0.99909,-1.06607,-0.47219,0.09810,
1770725569111525120,106.24624,31.95801,0.21635,0.04196,0.00661,0.01533,0.99898,-1.16531,-0.28903,-0.14508,
1770725569312705024,106.02810,31.91871,0.23377,0.04639,0.00882,0.00742,0.99886,-0.95185,-0.18599,0.03778,
1770725569511835392,105.78246,32.09337,0.24207,0.04835,0.00586,0.01498,0.99870,-0.77895,-0.06697,0.23125,
1770725569711135744,105.60158,31.90373,0.25767,0.04915,-0.00158,0.01184,0.99872,-0.87691,-0.05499,0.12358,
1770725569911398912,105.43032,31.87961,0.28512,0.04515,0.01010,0.00489,0.99892,-0.74752,-0.39740,0.14191,
1770725570111616256,105.23797,31.80886,0.30327,0.03597,0.01187,0.01433,0.99918,-0.81943,-0.36627,0.04043,
1770725570311883776,104.93884,32.02157,0.30873,0.02934,0.00383,0.01537,0.99944,-0.91573,-0.06084,0.05879,
1770725570509585920,104.70471,32.00797,0.32655,0.02490,0.00855,0.01433,0.99955,-0.86062,-0.22181,0.05563,
1770725570715132160,104.52861,31.93113,0.34364,0.01645,0.00870,0.01605,0.99970,-1.15046,-0.26411,0.01899,
1770725570908384256,104.34078,31.92317,0.36175,0.01141,0.00583,0.01858,0.99975,-0.84239,0.01118,0.10915,
1770725571127732736,104.14314,31.89610,0.37912,0.01143,0.00995,0.02099,0.99966,-0.82488,-0.13886,0.20935,
1770725571311219712,103.89562,31.91288,0.38316,0.01582,0.00063,0.01660,0.99974,-1.19444,0.04501,0.01208,
1770725571510465792,103.67079,31.92363,0.39333,0.02274,0.00218,0.02138,0.99951,-0.78277,-0.16284,0.26975,
1770725571710115840,103.36711,31.95850,0.41352,0.02777,0.00807,0.01972,0.99939,-1.16922,-0.16190,-0.02975,
1770725571916250368,103.17068,31.92774,0.42851,0.03049,0.00851,0.02003,0.99930,-1.23711,-0.14575,0.09206,
1770725572111857408,103.04194,31.86712,0.45784,0.03351,0.01292,0.02306,0.99909,-0.92649,-0.04437,0.19720,
1770725572309247488,102.84798,31.84851,0.46852,0.03445,0.00458,0.02107,0.99917,-0.99299,-0.06699,0.18178,
1770725572509914112,102.58715,31.85237,0.47848,0.02746,0.00089,0.02098,0.99940,-1.28942,-0.22615,-0.07662,
1770725572709974784,102.32241,31.86426,0.49973,0.02520,0.00765,0.01493,0.99954,-1.22815,-0.12444,0.06979,
1770725572909737472,102.04225,31.88205,0.49979,0.02470,-0.00522,0.02016,0.99948,-1.06070,-0.18196,0.00262,
1770725573108480000,101.84241,31.80932,0.53042,0.02782,-0.00364,0.01579,0.99948,-1.11231,0.01224,0.11350,
1770725573309503488,101.63833,31.83979,0.53635,0.03514,0.00261,0.01426,0.99928,-1.09727,0.01933,0.00586,
1770725573507997440,101.39389,31.84966,0.54890,0.04064,-0.00356,0.01896,0.99899,-1.12701,0.00568,0.09038,
1770725573710901760,101.13916,31.84335,0.55930,0.04136,-0.00011,0.01460,0.99904,-1.21517,0.00540,0.00305,
1770725573910313216,100.87560,31.85755,0.56603,0.03692,-0.00752,0.02069,0.99908,-1.39451,0.03351,-0.00990,
1770725574106866688,100.63209,31.85232,0.58708,0.03179,0.00334,0.01459,0.99938,-1.16428,-0.03462,0.11655,
1770725574303744000,100.41192,31.85117,0.60593,0.03094,0.00984,0.01843,0.99930,-0.88059,-0.13210,0.26055,
1770725574509856768,100.15297,31.86128,0.62071,0.03612,0.01050,0.01431,0.99919,-1.29011,0.12367,0.04671,
1770725574707989248,99.87464,31.86922,0.63706,0.04508,0.00770,0.00884,0.99891,-1.35669,-0.05762,0.03638,
1770725574903598336,99.59123,31.89861,0.64286,0.04715,0.00406,0.01426,0.99878,-1.11837,0.09491,0.18814,
1770725575105566464,99.32116,31.92722,0.65927,0.05600,0.00684,0.01840,0.99824,-0.97961,0.06338,0.21933,
1770725575307326208,99.05348,31.95664,0.66819,0.06375,0.00243,0.01550,0.99784,-1.44961,0.12163,0.06163,
1770725575509801984,98.76175,31.97106,0.67306,0.06809,-0.00600,0.00524,0.99765,-1.48145,0.18031,-0.11756,
1770725575708144128,98.50220,32.01164,0.67937,0.07560,-0.00105,0.01002,0.99709,-1.27561,-0.00138,0.05857,
1770725575907574016,98.25894,32.03486,0.69243,0.06504,0.00294,0.01200,0.99781,-1.16890,0.27001,0.04855,
1770725576107591936,98.02912,32.04487,0.70387,0.05669,0.00056,0.00847,0.99836,-1.24952,0.17038,-0.03443,
1770725576306413056,97.81513,32.05041,0.72142,0.04759,0.00712,0.00340,0.99884,-1.11479,-0.06725,-0.02337,
1770725576504892928,97.59487,32.06511,0.73615,0.04121,0.00893,0.00615,0.99909,-0.72540,0.08512,0.14461,
1770725576719046144,97.34537,32.07183,0.74713,0.03554,0.00554,0.00270,0.99935,-1.04188,0.05124,0.12728,
1770725576906344192,97.12861,32.06422,0.76475,0.02366,0.00877,-0.00095,0.99968,-1.07182,-0.12567,0.05906,
1770725577106093056,96.89267,32.06388,0.77462,0.00827,0.01049,0.00267,0.99991,-1.20098,-0.06686,0.21727,
1770725577305830400,96.64509,32.04655,0.78759,0.00757,0.00332,-0.00192,0.99996,-1.13390,-0.08059,0.10672,
1770725577505775616,96.40425,32.05683,0.79721,0.00945,0.00288,0.00265,0.99995,-1.18928,-0.08427,0.13174,
1770725577705437696,96.18423,32.04658,0.82159,0.01464,0.01345,-0.00313,0.99980,-1.34808,-0.13371,0.05856,
1770725577904786944,95.94992,32.04903,0.83322,0.01939,0.01480,-0.00240,0.99970,-1.39789,0.05204,-0.05344,
1770725578105345280,95.68528,32.07609,0.83820,0.02280,0.00027,0.00637,0.99972,-1.19390,-0.00945,0.09183,
1770725578305371648,95.44513,32.06786,0.85453,0.02434,0.00279,-0.00072,0.99970,-1.30771,0.08439,-0.02564,
1770725578502613504,95.19045,32.08657,0.85917,0.02768,-0.00284,0.00569,0.99960,-1.46416,0.03620,0.03401,
1770725578705547264,94.92900,32.10677,0.87265,0.03060,-0.00313,0.00823,0.99949,-1.26506,0.00374,0.09399,
1770725578904764672,94.68269,32.11586,0.89414,0.03011,0.00815,0.00611,0.99949,-1.43956,0.20567,0.00179,
1770725579105334016,94.36899,32.13969,0.88447,0.03780,-0.01397,0.00603,0.99917,-1.65004,0.15033,0.13090,
1770725579306569216,94.08488,32.19009,0.89661,0.03720,-0.02344,0.02401,0.99874,-1.03160,0.17951,0.20183,
1770725579506600704,93.88141,32.19123,0.92342,0.03992,0.01063,0.01558,0.99902,-0.89674,0.13667,0.17698,
1770725579705389568,93.65469,32.21363,0.94536,0.04529,0.01660,0.01802,0.99867,-1.32759,0.20137,0.02564,
1770725579905236480,93.37375,32.23903,0.95783,0.05209,0.01098,0.01649,0.99845,-1.65978,0.17920,0.08172,
1770725580105931008,93.06800,32.28161,0.96228,0.05687,-0.00218,0.02210,0.99813,-1.40184,0.04071,0.01918,
1770725580305163008,92.79832,32.31812,0.97746,0.05976,-0.00240,0.02352,0.99793,-1.19593,0.34802,0.07899,
1770725580505243392,92.52479,32.33541,0.98488,0.06765,-0.00131,0.01293,0.99762,-1.40409,0.19590,0.09944,
1770725580705288704,92.26198,32.39662,1.00033,0.06730,-0.00273,0.02045,0.99752,-1.25858,0.20642,0.05894,
1770725580904220928,91.99273,32.39525,1.01587,0.06651,0.00648,0.01008,0.99771,-1.32102,0.14483,0.01630,
1770725581102617344,91.73620,32.43203,1.03022,0.06452,0.00515,0.01349,0.99781,-1.35464,0.23794,0.13604,
1770725581305199872,91.46727,32.44443,1.04839,0.06762,0.00741,0.00358,0.99768,-1.10910,0.10697,0.13142,
1770725581505126656,91.19309,32.47239,1.06104,0.06282,0.00545,0.00790,0.99798,-1.22330,0.30210,0.07155,
1770725581701582592,90.93811,32.49853,1.07843,0.06470,0.00734,0.00089,0.99788,-1.32999,0.07769,0.08570,
1770725581903716864,90.67369,32.52140,1.09630,0.05810,0.01261,0.00736,0.99820,-1.28194,0.23037,0.00737,
1770725582107162880,90.42613,32.52814,1.11144,0.05781,0.01130,0.00208,0.99826,-1.05484,0.01048,0.22742,
1770725582304608000,90.18891,32.54414,1.11694,0.04982,0.00523,0.00517,0.99873,-1.12107,0.25972,0.02602,
1770725582504093696,89.93340,32.55677,1.11901,0.04553,-0.00668,0.00290,0.99894,-1.21645,-0.06539,0.05956,
1770725582701988608,89.69485,32.57773,1.12740,0.04130,-0.00854,0.00812,0.99908,-1.21569,0.16209,-0.01932,
1770725582903798528,89.47651,32.58861,1.14136,0.03656,0.00090,0.00794,0.99930,-0.83955,0.09882,0.13823,
1770725583104297472,89.26408,32.59970,1.15620,0.03798,0.00723,0.00965,0.99921,-1.10060,0.29868,0.06888,
1770725583322681600,89.00842,32.61913,1.17145,0.04005,0.00792,0.00962,0.99912,-1.21437,0.11520,0.08264,
1770725583512609024,88.78667,32.61108,1.18137,0.02865,0.00660,0.00217,0.99957,-1.19803,0.01895,0.11927,
1770725583703147008,88.57718,32.61935,1.19950,0.01859,0.01128,0.00667,0.99974,-1.00033,0.07559,0.13502,
1770725583902162176,88.35345,32.60983,1.20799,0.02044,0.00898,0.00234,0.99975,-0.96024,0.05187,0.09690,
1770725584101672704,88.12726,32.61563,1.22159,0.02417,0.00615,0.00108,0.99969,-1.26001,0.06931,0.04849,
1770725584300005120,87.88485,32.62799,1.22343,0.02687,-0.00448,0.00179,0.99963,-1.20057,-0.04578,0.04216,
1770725584503054848,87.67021,32.63850,1.23776,0.02849,-0.00033,0.00472,0.99958,-1.14384,0.08414,0.04516,
1770725584711121920,87.44129,32.64832,1.25162,0.02726,0.00606,0.00606,0.99959,-1.17411,0.12298,0.05389,
1770725584898909696,87.19200,32.66497,1.25492,0.03112,0.00068,0.01246,0.99944,-1.29177,0.12092,-0.01168,
1770725585102296320,86.92509,32.67821,1.26325,0.03536,-0.00450,0.01102,0.99930,-1.33153,-0.00745,0.07469,
1770725585305970944,86.66643,32.70444,1.27926,0.03759,0.00330,0.01499,0.99918,-1.37775,-0.04091,0.01275,
1770725585495919616,86.44727,32.70782,1.29470,0.04305,0.00863,0.01031,0.99898,-1.27275,0.03825,0.02777,
1770725585704180224,86.17937,32.73802,1.30197,0.04734,0.00128,0.01640,0.99874,-1.39039,0.04540,-0.00767,
1770725585902985472,85.92340,32.75492,1.31206,0.05317,-0.00204,0.01258,0.99850,-1.38634,-0.01114,-0.03662,
1770725586101815552,85.68583,32.76927,1.32701,0.05908,0.00071,0.00760,0.99822,-1.42683,0.08823,0.03586,
1770725586301047552,85.46510,32.79235,1.34507,0.06068,0.00962,0.00925,0.99807,-1.17416,-0.04612,0.00743,
1770725586501092096,85.21043,32.81132,1.34915,0.05694,0.00037,0.00893,0.99834,-1.25198,0.11221,0.03120,
1770725586703769344,84.98239,32.81536,1.36714,0.05313,0.00355,0.00300,0.99858,-1.25090,0.13630,0.06446,
1770725586903113728,84.75724,32.85163,1.37289,0.04484,-0.00032,0.01481,0.99888,-0.97513,0.15787,0.04175,
1770725587101925376,84.51654,32.85304,1.37912,0.04660,-0.00526,0.00663,0.99888,-1.12620,0.12111,0.13563,
1770725587301046016,84.29240,32.86785,1.38618,0.04631,-0.00240,0.00866,0.99889,-1.12670,0.14816,-0.00674,
1770725587501754368,84.10167,32.88934,1.39430,0.05023,-0.00286,0.01014,0.99868,-0.91006,-0.03924,0.05389,
1770725587703945216,83.89953,32.90780,1.40856,0.05595,0.00006,0.01018,0.99838,-1.23418,0.08564,0.03337,
1770725587902205696,83.66326,32.94214,1.41671,0.05991,0.00128,0.01414,0.99810,-1.33758,0.24427,-0.01521,
1770725588101083136,83.37347,32.96297,1.42485,0.07386,-0.00195,0.00823,0.99723,-0.85247,0.06742,0.12183,
1770725588302605568,83.20197,32.98837,1.43580,0.07928,-0.00017,0.01078,0.99679,-0.77284,0.13023,0.09685,
1770725588501640192,83.06032,33.00178,1.44375,0.08132,0.00254,0.00776,0.99665,-0.53363,0.15538,0.03099,
1770725588701316096,82.85353,33.05716,1.44905,0.08825,-0.00636,0.01252,0.99600,0.16267,-0.03435,0.05647,
1770725588901137664,83.04669,33.01222,1.45473,0.08522,0.00430,0.00993,0.99630,0.29522,-0.01004,0.06492,
1770725589100608256,83.05664,32.99829,1.45776,0.07619,0.00503,0.00878,0.99704,-0.06893,-0.03556,0.02603,
1770725589302406144,83.04917,32.98893,1.46169,0.05496,0.00272,0.00830,0.99845,-0.02241,-0.09645,0.03884,
1770725589501577472,83.04121,32.97518,1.46868,0.03939,0.00475,0.00545,0.99920,-0.09838,-0.02982,0.04243,
1770725589699974656,83.02343,32.96417,1.47611,0.01817,0.00561,0.00131,0.99982,-0.10805,-0.08621,0.04103,
1770725589900726016,82.99008,32.95213,1.48365,0.01096,0.00684,-0.00237,0.99991,-0.31560,-0.03104,0.03986,
1770725590095838208,82.90053,32.94914,1.48712,0.00799,0.00532,-0.00240,0.99995,-0.54313,0.05866,0.02581,
1770725590300333568,82.79709,32.96490,1.48913,0.00995,0.00401,0.00442,0.99993,-0.46300,-0.07692,0.01605,
1770725590498693376,82.70982,32.95900,1.49328,0.00970,0.00201,0.00252,0.99995,-0.39896,-0.07031,0.06121,
1770725590699635712,82.60618,32.96194,1.49590,0.00713,-0.00039,0.00562,0.99996,-0.49120,0.03958,0.03611,
1770725590899350784,82.50339,32.95238,1.50011,0.00826,-0.00130,0.00135,0.99996,-0.56510,0.03591,-0.00028,
1770725591100205824,82.41710,32.96746,1.49940,0.01212,-0.00807,0.00842,0.99986,-0.30109,0.00670,0.01450,
1770725591298792960,82.39056,32.95880,1.50309,0.01127,-0.00434,0.00503,0.99991,-0.04055,-0.05389,0.03888,
1770725591497124864,82.38104,32.96050,1.50341,0.01225,-0.00515,0.00576,0.99990,-0.00337,0.03529,0.00696,
1770725591701884416,82.39590,32.95712,1.50808,0.01179,-0.00308,0.00431,0.99992,0.08457,-0.03624,0.03145,
1770725591898197760,82.39213,32.94983,1.51791,0.01091,0.00280,0.00188,0.99993,-0.21247,0.01657,0.04598,
1770725592098706944,82.30194,32.96068,1.51592,0.01387,-0.00859,0.00787,0.99984,-0.47721,0.04226,0.02046,
1770725592292980992,82.22060,32.95389,1.51890,0.01373,-0.00078,0.00501,0.99989,-0.37996,-0.07196,0.05807,
1770725592497872128,82.12294,32.95604,1.52158,0.01562,-0.00304,0.00720,0.99985,-0.49349,0.01834,0.02331,
1770725592698148096,82.04121,32.95437,1.52303,0.01639,-0.00257,0.00715,0.99984,-0.32505,0.05825,-0.00082,
1770725592897229312,82.00281,32.96077,1.52129,0.01697,-0.00288,0.01007,0.99980,-0.05083,-0.08473,0.03737,
1770725593098183424,81.97268,32.96022,1.52090,0.01632,0.00100,0.00994,0.99982,-0.20196,0.03828,0.03221,
1770725593301779968,81.89789,32.96231,1.52326,0.02024,-0.00172,0.00984,0.99975,-0.46080,0.02915,-0.01827,
1770725593498456576,81.82482,32.96616,1.51718,0.02123,-0.00334,0.01089,0.99971,-0.30385,-0.03715,-0.00188,
1770725593697009408,81.76955,32.96703,1.51105,0.02370,-0.00605,0.01072,0.99964,-0.19798,0.04863,-0.01436,
1770725593898084864,81.76228,32.96582,1.50882,0.02507,-0.00379,0.00994,0.99963,0.09681,-0.03419,0.02772,
1770725594099013888,81.76198,32.96015,1.51277,0.02397,0.00144,0.00787,0.99968,-0.13907,-0.04790,0.05682,
1770725594296950528,81.67052,32.96244,1.51648,0.02793,0.00020,0.00756,0.99958,-0.67372,0.07845,0.03736,
1770725594492765184,81.51790,32.97735,1.51761,0.03119,-0.00217,0.01281,0.99943,-0.84239,0.05068,-0.02249,
1770725594697785344,81.32142,32.98219,1.52235,0.03693,0.00106,0.01057,0.99926,-1.00698,0.05948,0.05637,
1770725594895366656,81.07449,32.99896,1.52255,0.04187,0.00074,0.01297,0.99904,-1.49378,0.23571,-0.02213,
1770725595096813056,80.75060,33.01585,1.51105,0.04915,-0.01729,0.00866,0.99860,-1.41017,0.31797,0.10790,
1770725595295938560,80.50034,33.04677,1.52959,0.06690,-0.00037,0.01105,0.99770,-0.98226,0.25181,0.07030,
1770725595495824896,80.30472,33.06489,1.53587,0.07419,0.00669,0.00850,0.99719,-0.85766,0.27234,-0.03141,
1770725595696138496,80.19933,33.07524,1.53981,0.06867,0.00932,0.00955,0.99755,-0.33070,-0.15802,0.03350,
1770725595895564288,80.12175,33.07139,1.54529,0.06775,0.01133,0.00575,0.99762,-0.56078,0.00438,0.01569,
1770725596095320064,79.97646,33.07703,1.54314,0.05638,0.00257,0.00660,0.99838,-0.78517,-0.04730,0.03442,
1770725596296310528,79.81737,33.08717,1.54566,0.05358,0.00137,0.00754,0.99853,-0.74563,0.15041,0.00716,
1770725596496853248,79.68657,33.09438,1.55549,0.05293,0.00820,0.00640,0.99854,-0.63339,0.03268,0.09265,
1770725596700083200,79.49960,33.10465,1.55306,0.05457,0.00120,0.00628,0.99849,-0.84192,0.05674,0.06442,
1770725596894796800,79.32720,33.11086,1.55972,0.05453,0.00575,0.00273,0.99849,-1.05191,0.06489,-0.06833,
1770725597095617536,79.10385,33.13861,1.55658,0.05291,-0.00426,0.01018,0.99854,-1.17137,0.15770,-0.06347,
1770725597295461120,78.89514,33.15380,1.55510,0.05761,-0.01174,0.00783,0.99824,-0.85916,-0.04521,0.05047,
1770725597496750336,78.73496,33.16080,1.56034,0.05378,-0.00472,0.00669,0.99852,-0.87732,0.12883,-0.03827,
1770725597694653184,78.55804,33.16733,1.55981,0.04676,-0.00389,0.00738,0.99887,-1.20681,0.11439,-0.13197,
1770725597896620032,78.36846,33.17067,1.56488,0.04428,-0.00381,0.00487,0.99900,-0.96339,0.04814,0.00574,
1770725598094540544,78.17226,33.17810,1.56376,0.03853,-0.00938,0.00764,0.99918,-1.06027,0.10573,0.05073,
1770725598296007424,77.96145,33.17672,1.57120,0.03141,-0.00230,0.00636,0.99948,-1.13617,-0.09858,-0.02029,
1770725598495312896,77.74020,33.18012,1.56889,0.02619,-0.00631,0.00821,0.99960,-1.00158,-0.04053,-0.00666,
1770725598695232512,77.54365,33.18216,1.57818,0.02643,-0.00027,0.00867,0.99961,-0.89302,-0.02104,0.04359,
1770725598895290624,77.36049,33.18957,1.59308,0.02851,0.01254,0.00979,0.99947,-1.20792,-0.16300,-0.13359,
1770725599092143872,77.14105,33.18938,1.59718,0.03197,0.01137,0.00678,0.99940,-1.45372,0.06726,-0.04763,
1770725599294411776,76.88117,33.19913,1.59453,0.03041,-0.00149,0.00979,0.99949,-1.62357,0.19341,-0.20971,
1770725599494204160,76.62022,33.20318,1.59340,0.03427,-0.00748,0.00580,0.99937,-1.16890,0.17255,-0.09104,
1770725599695006976,76.38842,33.22868,1.60447,0.03844,-0.00627,0.01629,0.99911,-1.03439,0.21156,0.13635,
1770725599894807808,76.17396,33.21815,1.61576,0.03579,0.00843,0.00986,0.99928,-1.19150,-0.04561,-0.01303,
1770725600095762944,75.93271,33.22578,1.62320,0.03602,0.00753,0.00930,0.99928,-1.47062,0.02366,-0.03272,
1770725600292912128,75.67505,33.23494,1.62608,0.04058,0.00098,0.00884,0.99914,-1.19305,-0.00163,0.05888,
1770725600505537280,75.40474,33.23894,1.62575,0.04407,-0.00578,0.00413,0.99900,-1.39338,0.07927,-0.01708,
1770725600693443840,75.17750,33.24604,1.63920,0.04695,0.00322,0.00162,0.99889,-1.17642,-0.15453,0.05020,
1770725600894353920,74.93032,33.27445,1.64063,0.04708,0.00688,0.00998,0.99882,-1.15906,0.07369,0.00760,
1770725601094175232,74.66510,33.28445,1.64124,0.05473,-0.00854,0.00571,0.99845,-1.18481,0.05098,0.01939,
1770725601291678464,74.44976,33.28807,1.64884,0.04941,-0.00238,0.00220,0.99877,-1.30070,0.11888,-0.11821,
1770725601493084160,74.23640,33.29907,1.66178,0.04610,0.00927,0.00334,0.99889,-0.90320,-0.13342,0.05685,
1770725601692494336,74.02128,33.30607,1.66349,0.04598,0.00660,0.00153,0.99892,-1.15262,0.10092,0.07951,
1770725601891084800,73.76283,33.32718,1.66869,0.05059,-0.00086,0.00346,0.99871,-1.45235,0.24291,-0.03470,
1770725602092599808,73.47935,33.35422,1.67146,0.05595,0.00059,0.00513,0.99842,-1.35876,0.14568,0.01261,
1770725602292473088,73.22043,33.37537,1.68300,0.06506,0.00608,0.00480,0.99785,-1.25891,-0.02455,0.15560,
1770725602492272640,72.96557,33.40109,1.68793,0.06645,0.00294,0.00594,0.99777,-1.19076,0.02710,-0.02994,
1770725602690792960,72.71987,33.42174,1.69057,0.06609,0.00034,0.00498,0.99780,-1.24849,0.07014,-0.00321,
1770725602891713280,72.46727,33.43117,1.69322,0.06066,-0.00363,0.00002,0.99815,-1.42812,0.00470,-0.07710,
1770725603101870592,72.21516,33.46827,1.69351,0.05846,-0.00783,0.00957,0.99821,-1.09486,0.05283,0.08257,
1770725603290926336,72.01283,33.46966,1.70236,0.05060,0.00040,0.00482,0.99871,-1.21456,0.11099,-0.06522,
1770725603485512448,71.79152,33.47840,1.70894,0.04337,0.00383,0.00586,0.99903,-1.11542,0.09067,0.08204,
1770725603689265664,71.57210,33.48316,1.71610,0.04042,0.00434,0.00393,0.99917,-0.89251,0.00789,0.11294,
1770725603890612736,71.34561,33.49084,1.71993,0.03272,0.00386,0.00617,0.99944,-1.11007,0.03360,0.02352,
1770725604095301888,71.10813,33.50260,1.72753,0.03391,0.00168,0.00835,0.99939,-1.09590,0.03815,0.07909,
1770725604292192000,70.92273,33.50662,1.74201,0.03559,0.01475,0.00586,0.99924,-0.89153,-0.16865,0.05187,
1770725604492499712,70.71036,33.50644,1.74748,0.03458,0.01470,0.00449,0.99928,-1.01199,0.07306,0.03319,
1770725604690329088,70.46895,33.51645,1.74855,0.03609,0.00393,0.00584,0.99932,-1.31738,0.19976,0.02548,
1770725604890767872,70.24680,33.53280,1.76409,0.04073,0.00811,0.00900,0.99910,-0.99280,0.01879,0.05328,
1770725605090831104,70.04612,33.54595,1.76902,0.04342,0.01161,0.01100,0.99893,-1.07262,0.07358,-0.02798,
1770725605291066624,69.80938,33.55068,1.76743,0.04050,0.00323,0.00971,0.99913,-1.27867,0.18220,-0.04174,
1770725605490626560,69.58801,33.58138,1.77236,0.03600,0.00190,0.02091,0.99913,-0.80158,-0.04812,0.18629,
1770725605689862400,69.39201,33.57474,1.79013,0.03090,0.01577,0.01594,0.99927,-1.06798,-0.05118,0.01409,
1770725605891081216,69.14726,33.57977,1.79534,0.02461,0.01201,0.01770,0.99947,-1.05652,0.08749,0.07035,
1770725606090437632,68.90731,33.57168,1.80634,0.02094,0.00940,0.01343,0.99965,-1.20757,0.00880,0.04502,
1770725606289329408,68.66726,33.57584,1.81740,0.02339,0.01121,0.01502,0.99955,-1.15922,0.00154,0.06396,
1770725606491274240,68.44834,33.58233,1.82575,0.02638,0.01366,0.01632,0.99943,-0.98126,-0.14423,0.01586,
1770725606691197440,68.20863,33.58720,1.84105,0.03270,0.01588,0.01552,0.99922,-1.25154,0.10577,0.06424,
1770725606890341376,67.94405,33.58596,1.84644,0.03670,0.01298,0.00965,0.99920,-1.42420,0.07744,-0.13113,
1770725607090710528,67.66585,33.61292,1.84351,0.04009,-0.00288,0.01657,0.99905,-1.30780,0.00094,0.02003,
1770725607289845248,67.38579,33.59911,1.82697,0.04883,-0.02190,-0.00024,0.99857,-1.22444,0.05467,0.06532,
1770725607489475584,67.23776,33.64904,1.87754,0.05208,0.02307,0.01542,0.99826,-1.03651,0.03033,-0.00015,
1770725607688592128,67.05076,33.64135,1.89763,0.06017,0.05014,0.00019,0.99693,-1.03569,-0.32062,0.07957,
1770725607888966400,66.73875,33.66651,1.87620,0.03319,-0.00320,0.01966,0.99925,-1.61409,0.34759,0.10972,
1770725608089564416,66.46706,33.70330,1.87452,0.03909,-0.00962,0.02564,0.99886,-1.01441,-0.01883,0.09140,
1770725608289067008,66.24980,33.69646,1.88814,0.04110,0.00347,0.01505,0.99904,-1.24979,0.14019,0.10118,
1770725608489686016,65.98218,33.70956,1.87989,0.03264,-0.00392,0.02016,0.99926,-1.22398,-0.07631,0.04573,
1770725608689725696,65.74632,33.72155,1.88129,0.03390,-0.00886,0.02028,0.99918,-0.97403,0.07458,0.08471,
1770725608888643840,65.54280,33.72288,1.88240,0.02934,-0.00641,0.01944,0.99936,-1.09151,0.08735,0.00222,
1770725609090279680,65.32487,33.71361,1.88684,0.01794,-0.00124,0.01487,0.99973,-1.07797,-0.06784,0.04802,
1770725609287511040,65.10131,33.72217,1.88818,0.00727,-0.00093,0.02603,0.99963,-1.00936,0.08788,0.10148,
1770725609489319680,64.86040,33.71632,1.89223,0.00278,-0.00234,0.02543,0.99967,-1.31623,0.02477,-0.05953,
1770725609688702464,64.62454,33.70618,1.89010,0.00005,-0.00281,0.02591,0.99966,-0.99503,-0.06519,0.12702,
1770725609882124800,64.40526,33.71026,1.88927,-0.00255,-0.00460,0.03350,0.99942,-0.94955,0.02525,0.03028,
1770725610086742016,64.19678,33.69508,1.89555,0.00375,0.00170,0.02799,0.99960,-1.00978,-0.08854,0.00055,
1770725610286266624,63.99077,33.71636,1.89332,0.00760,-0.00871,0.03975,0.99914,-0.88210,0.17116,0.03446,
1770725610492668416,63.83550,33.69261,1.89496,0.01737,0.00032,0.02580,0.99952,-0.92852,0.03881,0.04899,
1770725610688603392,63.64699,33.70412,1.89783,0.02824,0.00243,0.02762,0.99922,-1.03209,-0.01486,-0.00195,
1770725610887622912,63.44138,33.72959,1.89403,0.03924,-0.00610,0.03392,0.99864,-0.91299,0.02450,0.03554,
1770725611088056064,63.28539,33.73409,1.90450,0.05202,0.00858,0.02899,0.99819,-0.79980,0.08119,0.03439,
1770725611285920000,63.09318,33.75699,1.90512,0.06334,0.00821,0.02773,0.99757,-1.10263,0.10594,0.01710,
1770725611486954752,62.87246,33.77957,1.90510,0.06578,0.00449,0.02960,0.99738,-0.95358,0.09924,0.01354,
1770725611686593792,62.66554,33.80348,1.91235,0.07081,0.00665,0.02778,0.99708,-1.05873,0.05062,0.12698,
1770725611885906688,62.41680,33.83134,1.91802,0.06471,0.00624,0.03057,0.99742,-1.19240,0.26213,0.09193,
1770725612087526912,62.18637,33.83803,1.92471,0.06084,0.01215,0.02041,0.99786,-1.37606,0.03061,-0.12246,
1770725612286720256,61.99455,33.86681,1.94044,0.04945,0.02080,0.02978,0.99812,-0.97287,-0.03083,0.02063,
1770725612482142464,61.80021,33.87084,1.94022,0.04132,0.01385,0.02877,0.99864,-1.04929,0.08591,0.02553,
1770725612686266880,61.59745,33.87285,1.94700,0.03431,0.01531,0.02534,0.99897,-1.07375,-0.13578,-0.04203,
1770725612887001344,61.36842,33.88206,1.93692,0.02916,-0.00208,0.02825,0.99917,-1.11094,-0.01528,0.01207,
1770725613086838784,61.14059,33.88910,1.93785,0.02826,-0.00652,0.02986,0.99913,-1.13353,0.28212,-0.01612,
1770725613286929152,60.94212,33.89496,1.93594,0.03475,-0.00296,0.02614,0.99905,-0.74464,-0.15585,0.09386,
1770725613485212928,60.75846,33.89660,1.93772,0.03599,-0.00201,0.02476,0.99904,-1.07489,0.04418,-0.04689,
1770725613685396992,60.52824,33.91053,1.93788,0.03674,-0.00572,0.02697,0.99894,-1.15852,0.03665,0.06484,
1770725613885449728,60.31478,33.91280,1.94306,0.03899,0.00171,0.02287,0.99898,-1.18764,0.04502,-0.03356,
1770725614084947200,60.07527,33.92316,1.95301,0.04671,0.00959,0.02039,0.99865,-1.29380,0.20329,0.00755,
1770725614285429248,59.82248,33.94112,1.96465,0.05139,0.01558,0.01786,0.99840,-1.36855,-0.12775,-0.00252,
1770725614484657408,59.55802,33.97313,1.96420,0.05376,0.00343,0.02458,0.99825,-1.20639,0.17191,-0.03511,
1770725614681983232,59.32334,33.98138,1.96897,0.05704,0.00203,0.01953,0.99818,-1.09312,0.06820,0.05603,
1770725614885143296,59.07681,33.99960,1.97128,0.05581,0.00174,0.02107,0.99822,-1.25293,0.10797,0.01798,
1770725615089735424,58.86030,34.01022,1.97956,0.05474,0.00732,0.01638,0.99834,-1.11993,0.04529,0.02862,
1770725615284753920,58.63273,34.02399,1.98709,0.05418,0.01111,0.01371,0.99837,-1.35639,-0.02071,-0.05550,
1770725615484896000,58.34974,34.06494,1.98174,0.05580,-0.00309,0.02391,0.99815,-1.23459,0.12000,0.08680,
1770725615684943616,58.11955,34.08099,1.98748,0.06155,-0.00249,0.02036,0.99789,-1.11928,0.12025,-0.01716,
1770725615885263360,57.90029,34.10409,1.99893,0.06428,0.01241,0.02153,0.99762,-1.27469,0.13927,0.04927,
1770725616083782400,57.63185,34.12376,2.00084,0.06930,0.00635,0.01642,0.99744,-1.59264,0.23227,-0.17944,
1770725616284184832,57.39312,34.15343,2.01169,0.07610,0.01083,0.01741,0.99689,-1.25687,0.18433,0.05751,
1770725616482680832,57.14297,34.17261,2.01521,0.08362,0.00799,0.00872,0.99643,-1.21249,0.16582,0.03375,
1770725616684860160,56.90280,34.20331,2.02404,0.08999,0.00737,0.00841,0.99588,-1.22245,0.13429,-0.01626,
1770725616890188032,56.68921,34.22635,2.03170,0.08991,0.00861,0.00440,0.99590,-1.18510,0.04640,-0.00143,
1770725617084934144,56.46342,34.24820,2.03811,0.08438,0.00492,0.00125,0.99642,-1.27349,0.01720,-0.01587,
1770725617283780096,56.23352,34.27592,2.03958,0.07346,-0.00191,0.00590,0.99728,-1.17162,0.18964,0.00047,
1770725617483581440,56.04935,34.26733,2.05060,0.05025,0.00652,-0.00161,0.99871,-0.99020,-0.08449,-0.01335,
1770725617684102400,55.86500,34.25723,2.05721,0.02354,0.00778,-0.00317,0.99969,-1.03978,-0.05245,-0.04552,
1770725617883930880,55.65579,34.26563,2.05673,-0.00627,-0.00172,0.00740,0.99995,-1.08430,0.02078,-0.04022,
1770725618087402752,55.44405,34.25284,2.06099,-0.02223,-0.00722,0.01092,0.99967,-0.96713,-0.01258,0.03751,
1770725618283504128,55.25290,34.24511,2.05895,-0.02045,-0.00399,0.01258,0.99970,-0.90735,-0.11521,0.01339,
1770725618483964160,55.07207,34.23681,2.06702,-0.01723,-0.00120,0.01383,0.99976,-0.85264,-0.00711,0.04141,
1770725618683534848,54.91245,34.23389,2.07310,-0.01794,0.00350,0.01853,0.99966,-0.68254,-0.00906,0.04547,
1770725618883105792,54.74779,34.22200,2.07938,-0.01554,0.01067,0.01650,0.99969,-1.07255,0.05191,0.07869,
1770725619083212032,54.53523,34.22302,2.08315,-0.01174,0.00947,0.02237,0.99964,-0.98870,-0.04889,0.02230,
1770725619282979328,54.31442,34.22230,2.08348,-0.00303,0.00371,0.02335,0.99972,-1.06766,0.08986,0.02596,
1770725619483596288,54.11504,34.21824,2.09299,0.00881,0.00879,0.01914,0.99974,-1.08981,0.04262,-0.03233,
1770725619684726784,53.90553,34.22078,2.10015,0.01502,0.00993,0.01942,0.99965,-1.05933,0.03002,0.04227,
1770725619882685696,53.68499,34.22331,2.10404,0.01772,0.00620,0.02008,0.99962,-1.01286,-0.05404,-0.01822,
1770725620082405376,53.47571,34.22449,2.11078,0.02061,0.00738,0.01897,0.99958,-1.18867,-0.03525,-0.05184,
1770725620281881600,53.24864,34.24015,2.11511,0.02280,0.00358,0.02543,0.99941,-0.96433,-0.01209,0.04112,
1770725620481660160,53.06690,34.23995,2.12262,0.02508,0.00893,0.02398,0.99936,-0.88015,0.04162,0.10168,
1770725620699561728,52.79923,34.24412,2.13322,0.03285,0.01100,0.02007,0.99920,-1.57842,0.09285,0.03589,
1770725620882482176,52.49998,34.27327,2.13255,0.03555,-0.00068,0.02769,0.99898,-1.67282,0.11351,-0.06013,
1770725621079108352,52.22797,34.27958,2.13506,0.04287,-0.00378,0.02173,0.99884,-1.25315,0.11718,0.12052,
1770725621280238080,52.06468,34.30832,2.14593,0.05420,0.00249,0.03072,0.99805,-0.67020,0.01809,-0.01676,
1770725621480651264,51.96577,34.30700,2.15053,0.05477,0.00857,0.02715,0.99809,-0.43424,0.01497,0.02498,
1770725621680600832,51.83956,34.31589,2.15330,0.05399,0.00931,0.02826,0.99810,-0.74320,-0.00734,0.07299,
1770725621880199168,51.66924,34.32124,2.15716,0.05202,0.00607,0.02634,0.99828,-0.92965,0.23354,-0.04219,
1770725622079994112,51.51916,34.33436,2.16641,0.05445,0.01199,0.02638,0.99810,-0.70583,0.06352,0.07885,
1770725622281011456,51.35785,34.35457,2.17203,0.05767,0.01557,0.02915,0.99779,-0.91396,0.03661,0.05613,
1770725622480200448,51.15888,34.36206,2.17915,0.06008,0.01443,0.02417,0.99780,-1.00273,0.12120,0.04106,
1770725622681186048,50.94227,34.38701,2.17770,0.05965,0.00802,0.02734,0.99781,-1.10232,0.04308,-0.03940,
1770725622880143616,50.73304,34.39816,2.18164,0.05879,0.00299,0.02532,0.99794,-1.03309,0.06190,-0.01920,
1770725623078430976,50.55909,34.40476,2.19915,0.05221,0.01485,0.02273,0.99827,-1.01656,0.04205,0.02416,
1770725623280478208,50.33904,34.42689,2.20120,0.04671,0.01220,0.02795,0.99844,-1.05931,0.05284,0.02113,
1770725623481956608,50.09991,34.43122,2.19437,0.04331,-0.00442,0.02562,0.99872,-1.16606,0.12789,-0.01262,
1770725623681027072,49.89649,34.43285,2.20024,0.03430,-0.00196,0.02293,0.99915,-0.83110,0.23662,0.11327,
1770725623887476992,49.68738,34.45283,2.20646,0.02462,0.00308,0.03266,0.99916,-0.93534,0.13025,0.11724,
1770725624081924608,49.45617,34.43710,2.21053,0.01887,0.00512,0.02519,0.99949,-1.29835,-0.07542,-0.04551,
1770725624279505408,49.19744,34.44174,2.21234,0.01202,-0.00183,0.03000,0.99948,-1.28709,-0.02945,-0.01985,
1770725624481555712,48.96794,34.43760,2.21948,0.00856,0.00552,0.03072,0.99948,-0.99006,-0.02421,0.04028,
1770725624679955200,48.75837,34.42814,2.22895,0.00557,0.00825,0.02854,0.99954,-1.08382,-0.07410,-0.01018,
1770725624879276032,48.52575,34.41701,2.23461,0.00544,0.00761,0.02615,0.99961,-1.09980,0.01183,-0.03589,
1770725625078643200,48.29844,34.43353,2.23673,0.01724,0.00331,0.02982,0.99940,-1.11937,-0.03073,0.01723,
1770725625282182912,48.18483,34.50935,2.23601,0.01806,-0.00394,0.04531,0.99880,0.10570,0.36716,-0.02280,
1770725625477599744,48.17126,34.48175,2.24294,0.02847,0.00942,0.02948,0.99912,0.16758,-0.24903,0.10452,
1770725625679566848,48.16397,34.49156,2.23768,0.02536,0.00183,0.03355,0.99911,0.09818,-0.03201,-0.00354,
1770725625900098304,48.16789,34.48531,2.24101,0.02481,0.00653,0.03079,0.99920,-0.04326,-0.00086,-0.00761,
1770725626080399616,48.15394,34.48323,2.24325,0.02837,0.00865,0.02898,0.99914,-0.12595,-0.02531,0.03629,
1770725626279720192,48.09313,34.48232,2.25111,0.03573,0.01329,0.02485,0.99896,-0.63105,0.08765,-0.01409,
1770725626478812672,47.95050,34.50473,2.25093,0.04600,0.00698,0.02919,0.99849,-0.67997,0.05815,0.01339,
1770725626681826560,47.82809,34.51585,2.25384,0.04846,0.00484,0.03094,0.99833,-0.44029,0.09112,0.01878,
1770725626878287872,47.74697,34.52061,2.25967,0.05191,0.00846,0.03002,0.99816,-0.38840,0.03235,0.04523,
1770725627078717952,47.63786,34.52747,2.26625,0.05726,0.01191,0.02809,0.99789,-0.80113,0.01634,-0.02123,
1770725627277741312,47.48285,34.54135,2.27028,0.05991,0.01021,0.02792,0.99776,-0.74569,0.04482,0.04437,
1770725627479000832,47.32089,34.55769,2.27078,0.06262,0.00705,0.02855,0.99760,-0.84996,0.10251,-0.03921,
1770725627677372416,47.16558,34.57330,2.27215,0.06550,0.00311,0.02815,0.99745,-0.84711,0.13292,-0.03882,
1770725627875901696,47.01491,34.58441,2.27807,0.07080,0.00518,0.02397,0.99719,-0.84044,0.04137,0.04120,
1770725628076514304,46.84032,34.60548,2.27673,0.07233,-0.00023,0.02491,0.99707,-0.87254,0.10473,0.00647,
1770725628277509120,46.66738,34.63684,2.27878,0.07441,-0.00546,0.03031,0.99675,-0.73673,0.09267,-0.00214,
1770725628476477952,46.52779,34.64786,2.28283,0.07450,-0.00011,0.02718,0.99685,-0.75390,0.20559,-0.05226,
1770725628677070336,46.39414,34.66311,2.28133,0.07694,-0.00326,0.02676,0.99667,-0.64470,0.06731,0.02035,
1770725628876601856,46.27457,34.68254,2.28414,0.07022,-0.00122,0.03150,0.99703,-0.58665,0.03903,0.04724,
1770725629076231936,46.15033,34.68227,2.29218,0.06195,0.00133,0.02728,0.99771,-0.56190,0.04129,0.01772,
1770725629275912960,46.01888,34.68904,2.29309,0.05372,0.00212,0.02755,0.99817,-0.74649,-0.01251,-0.03498,
1770725629474475776,45.88613,34.69766,2.29666,0.04693,0.00585,0.02985,0.99843,-0.82651,0.06661,-0.01916,
1770725629675367424,45.72617,34.70809,2.29620,0.04540,-0.00011,0.03060,0.99850,-0.77264,-0.04108,0.02056,
1770725629876201984,45.56269,34.71822,2.30151,0.04274,0.00068,0.03236,0.99856,-0.83935,0.09880,0.00183,
1770725630076435200,45.39403,34.73584,2.30440,0.04313,0.00030,0.03622,0.99841,-0.81202,0.07089,0.02584,
1770725630275008768,45.23037,34.73684,2.30985,0.04609,0.00576,0.03112,0.99844,-0.72507,0.02315,0.05967,
1770725630469907200,45.07932,34.74440,2.32003,0.04900,0.01029,0.02885,0.99833,-0.77544,0.10742,0.02467,
1770725630675598336,44.89999,34.76640,2.32419,0.05208,0.01229,0.03256,0.99804,-0.93588,0.04185,-0.02589,
1770725630874882816,44.71574,34.77251,2.33290,0.05693,0.01370,0.02685,0.99792,-0.94024,0.09223,0.01784,
1770725631074885888,44.54052,34.78322,2.34153,0.06185,0.01466,0.02269,0.99772,-0.81886,-0.01441,0.02542,
1770725631274602496,44.35619,34.80010,2.34788,0.06249,0.01498,0.02320,0.99766,-0.82341,0.00409,0.14750,
1770725631488836352,44.16815,34.80954,2.35406,0.06288,0.01254,0.01988,0.99774,-0.95743,0.01002,-0.05572,
1770725631674196992,44.00452,34.81694,2.35143,0.06288,0.00559,0.01726,0.99786,-0.88694,0.05638,-0.04554,
1770725631875184640,43.82330,34.81634,2.35519,0.06211,0.00149,0.01002,0.99802,-1.09630,0.00726,-0.02136,
1770725632074329344,43.61975,34.84427,2.34954,0.06074,-0.00767,0.01618,0.99799,-0.99178,0.08127,-0.03698,
1770725632274894336,43.45461,34.85841,2.35354,0.05951,-0.00435,0.01675,0.99808,-0.75979,0.13032,0.04358,
1770725632476636928,43.30681,34.84885,2.36616,0.05478,0.00817,0.00719,0.99844,-0.76152,-0.03490,0.08974,
1770725632681705984,43.11297,34.86954,2.36780,0.05150,0.00724,0.01323,0.99856,-0.86487,0.04020,0.07959,
1770725632873904640,42.91772,34.88142,2.36262,0.04927,-0.00223,0.01434,0.99868,-0.95604,0.02227,-0.00502,
1770725633073790720,42.72470,34.88134,2.36143,0.04589,-0.00681,0.00967,0.99888,-1.04532,0.02021,-0.02552,
1770725633282644992,42.49721,34.88690,2.35017,0.04231,-0.01839,0.00798,0.99890,-1.21577,0.09194,-0.16400,
1770725633474370304,42.29424,34.89136,2.34315,0.04590,-0.02140,0.00432,0.99871,-0.93116,-0.10712,-0.03739,
1770725633673771008,42.08534,34.89091,2.33074,0.04016,-0.03045,0.00180,0.99873,-0.81536,0.12083,0.05763,
1770725633875385088,41.92355,34.91861,2.35325,0.03009,-0.01507,0.01757,0.99928,-0.58355,0.17125,0.25697,
1770725634075018752,41.80618,34.90671,2.38112,0.02891,0.01689,0.01037,0.99939,-0.57527,-0.24906,0.07299,
1770725634273395456,41.65891,34.88584,2.39371,0.02071,0.04081,0.00538,0.99894,-1.09769,0.29930,-0.08622,
1770725634473530624,41.40344,34.92129,2.38116,0.02589,0.00638,0.01828,0.99948,-1.45815,0.00862,-0.15821,
1770725634675107840,41.15996,34.92330,2.37623,0.03235,-0.00954,0.01556,0.99931,-1.01709,0.00510,0.06735,
1770725634886836224,40.97297,34.93204,2.37915,0.03431,-0.00713,0.01774,0.99923,-0.90374,0.05726,0.00814,
1770725635075074560,40.81590,34.93301,2.38624,0.03758,-0.00079,0.01427,0.99919,-0.91519,-0.02074,0.04344,
1770725635273904384,40.62316,34.94892,2.38052,0.03857,-0.00849,0.01899,0.99904,-1.04680,0.17172,0.00531,
1770725635473823232,40.44338,34.95145,2.38775,0.04349,-0.00139,0.01536,0.99893,-0.79848,-0.00785,0.10585,
1770725635674327808,40.24143,34.97046,2.39375,0.04717,-0.00213,0.01953,0.99869,-1.10898,0.14222,0.01200,
1770725635873179392,40.03569,34.99204,2.40144,0.04996,0.00345,0.02326,0.99847,-1.03878,0.02574,0.03647,
1770725636072845824,39.83707,35.00059,2.41185,0.05393,0.00929,0.02023,0.99830,-0.93796,0.07487,0.01595,
1770725636272692992,39.61159,35.03308,2.40846,0.05472,-0.00381,0.02848,0.99809,-1.00226,0.22560,0.03136,
1770725636472239616,39.43478,35.03127,2.42225,0.05071,0.00906,0.02294,0.99841,-0.93589,0.00683,0.00751,
1770725636671271680,39.25603,35.04585,2.41887,0.04373,-0.00035,0.02543,0.99872,-0.96594,0.04740,-0.02981,
1770725636872727040,39.06371,35.04289,2.42521,0.03737,0.00253,0.02217,0.99905,-1.06463,-0.00201,-0.03075,
1770725637072210688,38.86797,35.05421,2.43008,0.03947,0.00216,0.02334,0.99895,-0.83128,0.05970,0.09392,
1770725637272853248,38.66761,35.07696,2.42995,0.04481,-0.00180,0.02954,0.99856,-1.01704,0.16166,-0.01822,
1770725637472747776,38.46825,35.08288,2.43469,0.04933,-0.00063,0.02576,0.99845,-0.95285,0.04791,0.04840,
1770725637672019200,38.27663,35.10095,2.43623,0.05113,-0.00431,0.02787,0.99829,-0.86486,0.13327,0.06988,
1770725637871547648,38.07420,35.12210,2.43779,0.05509,-0.00310,0.02910,0.99805,-1.18722,0.15917,0.01029,
1770725638071758080,37.86121,35.12520,2.44665,0.06169,0.00111,0.01898,0.99791,-1.15024,0.16712,-0.00930,
1770725638272318208,37.65008,35.17051,2.44815,0.06191,-0.00138,0.03257,0.99755,-0.86359,0.02391,0.02675,
1770725638471918080,37.47481,35.18297,2.45890,0.06541,0.00593,0.02901,0.99742,-0.98764,0.13769,0.00303,
1770725638671888384,37.29173,35.19745,2.46447,0.06670,0.00997,0.02654,0.99737,-0.99464,-0.00951,0.01485,
1770725638870779136,37.10037,35.21139,2.46749,0.06350,0.00413,0.02643,0.99762,-0.94119,0.03759,-0.02386,
1770725639070520064,36.92906,35.21985,2.47668,0.05630,0.00711,0.02541,0.99807,-0.94942,-0.07718,0.01332,
1770725639281551104,36.71559,35.22821,2.47922,0.04885,0.00280,0.02590,0.99847,-1.08828,0.00716,0.01749,
1770725639466278144,36.53185,35.23877,2.48805,0.04569,0.00712,0.02703,0.99856,-1.15239,0.19916,-0.02843,
1770725639671666944,36.32300,35.24289,2.48918,0.04418,0.00454,0.02531,0.99869,-0.97116,0.06494,0.03436,
1770725639870525184,36.11941,35.25929,2.49787,0.04869,0.00519,0.02822,0.99840,-0.87876,0.07742,0.09522,
1770725640081582336,35.89027,35.28471,2.49165,0.05639,-0.00487,0.03253,0.99787,-1.03335,-0.03088,0.07371,
1770725640270895872,35.69570,35.29184,2.49930,0.05876,-0.00071,0.02814,0.99787,-1.11151,0.01580,-0.02637,
1770725640469525760,35.48739,35.31422,2.50492,0.06577,0.00287,0.02862,0.99742,-1.08890,0.11548,0.01249,
1770725640668627200,35.27042,35.33996,2.50934,0.07121,0.00059,0.02918,0.99703,-1.12642,0.08618,0.00096,
1770725640869917952,35.08396,35.34555,2.51371,0.06959,0.00335,0.02538,0.99725,-1.03467,0.15648,-0.05033,
1770725641070628864,34.87305,35.35255,2.51791,0.06345,0.00200,0.02030,0.99778,-1.21293,0.10282,-0.04166,
1770725641269816064,34.65359,35.37302,2.52247,0.05786,0.00201,0.02420,0.99803,-1.02037,0.00721,-0.01755,
1770725641469201408,34.45058,35.37567,2.53201,0.05123,0.00689,0.02054,0.99845,-1.06994,-0.01322,0.11604,
1770725641679820032,34.19236,35.38612,2.53448,0.04332,0.00217,0.02356,0.99878,-1.30760,0.07712,0.03733,
1770725641869911552,33.96602,35.39129,2.54170,0.04373,0.00262,0.02158,0.99881,-1.05015,0.00815,-0.01891,
1770725642069649920,33.76015,35.39489,2.54750,0.03924,0.00304,0.01954,0.99903,-0.82217,-0.04189,0.12542,
1770725642268922624,33.56892,35.39836,2.55393,0.03130,0.00720,0.02101,0.99926,-0.81964,-0.06443,0.10506,
1770725642469043200,33.37134,35.39322,2.56116,0.02423,0.00732,0.01951,0.99949,-0.86397,-0.12468,0.03079,
1770725642669409792,33.15872,35.38941,2.56383,0.01548,0.00537,0.01981,0.99967,-1.00228,-0.02800,0.06729,
1770725642869496320,32.94172,35.38444,2.56405,0.01129,0.00118,0.01906,0.99975,-1.04756,-0.14880,0.04482,
1770725643069038848,32.72108,35.37363,2.56223,0.00462,-0.00642,0.01626,0.99984,-0.97055,0.04917,0.09921,
1770725643268594944,32.52720,35.37675,2.57321,-0.00418,-0.00042,0.02389,0.99971,-0.98670,0.01342,0.02027,
1770725643469418240,32.32564,35.36950,2.57483,-0.00811,-0.00155,0.02449,0.99967,-0.96264,-0.08816,0.04356,
1770725643669161728,32.11433,35.36518,2.57200,-0.00209,-0.00948,0.02648,0.99960,-1.03020,-0.01946,0.00281,
1770725643866587136,31.93477,35.36777,2.58173,0.01177,-0.00049,0.02533,0.99961,-0.92808,0.02608,0.00927,
1770725644067669504,31.74737,35.38844,2.58493,0.02505,0.00198,0.03111,0.99920,-0.80730,0.01502,0.07686,
1770725644269993984,31.56489,35.40455,2.59000,0.04073,0.00115,0.03118,0.99868,-0.88787,0.14467,-0.02311,
1770725644467606016,31.38104,35.43078,2.59037,0.05762,-0.00008,0.03218,0.99782,-0.87715,0.12770,0.03523,
1770725644665326336,31.19116,35.44846,2.58858,0.06244,-0.00636,0.03056,0.99756,-0.91036,0.12071,-0.00031,
1770725644869464064,31.00278,35.47163,2.59697,0.06724,0.00019,0.03245,0.99721,-1.00953,0.25964,-0.01514,
1770725645068613376,30.79900,35.49261,2.59939,0.06841,-0.00071,0.03176,0.99715,-0.94695,0.03479,0.05515,
1770725645268160768,30.62304,35.50430,2.60546,0.06420,0.00295,0.03018,0.99748,-0.98316,0.06325,-0.04202,
1770725645467376384,30.44544,35.52010,2.61012,0.05763,0.00429,0.03272,0.99779,-1.01752,0.03192,0.00360,
1770725645667627264,30.25749,35.53192,2.61519,0.05753,0.00327,0.03275,0.99780,-0.98731,0.06553,0.00621,
1770725645866852352,30.07283,35.54254,2.62033,0.06103,0.00580,0.03070,0.99765,-0.82942,-0.02134,0.02665,
1770725646067757056,29.87908,35.55984,2.62133,0.06436,0.00363,0.03145,0.99742,-1.15594,0.19132,-0.04955,
1770725646268513536,29.66732,35.58065,2.62138,0.06997,-0.00120,0.03099,0.99707,-1.03321,0.14925,-0.02045,
1770725646466767360,29.47385,35.59321,2.62655,0.07443,-0.00215,0.02707,0.99686,-0.74402,0.05016,0.10470,
1770725646669885696,29.30282,35.61724,2.63264,0.07686,0.00018,0.02975,0.99660,-0.92939,0.06375,0.04677,
1770725646868502272,29.12673,35.63199,2.63827,0.07805,0.00748,0.02719,0.99655,-0.96999,0.14997,-0.02224,
1770725647069217536,28.94022,35.65293,2.64134,0.07859,0.00432,0.02761,0.99652,-0.91091,0.05963,0.02751,
1770725647265994240,28.76826,35.67342,2.64698,0.07608,0.00538,0.02960,0.99665,-0.83578,0.08105,0.07079,
1770725647465744384,28.60170,35.68587,2.65369,0.07601,0.00617,0.02748,0.99671,-0.93767,0.19615,-0.08073,
1770725647665057536,28.42999,35.69570,2.65589,0.07097,0.00255,0.02539,0.99715,-0.70660,-0.03307,0.11089,
1770725647865873664,28.27686,35.69924,2.66486,0.06201,0.00489,0.02321,0.99779,-0.81542,0.01929,0.03021,
1770725648065964800,28.12025,35.71039,2.66833,0.05115,0.00249,0.02654,0.99833,-0.63675,0.04928,0.05992,
1770725648265586432,27.98137,35.70901,2.67258,0.04688,0.00657,0.02201,0.99864,-0.62711,-0.12008,0.07997,
1770725648470359296,27.82523,35.70444,2.67887,0.03674,0.00502,0.01995,0.99911,-0.76569,-0.06044,0.07909,
1770725648666386688,27.65126,35.70832,2.68362,0.03617,0.00519,0.01890,0.99915,-1.00192,0.15750,-0.00623,
1770725648865763584,27.46941,35.72257,2.68632,0.04032,0.00328,0.02075,0.99897,-0.92379,-0.00193,0.03947,
1770725649063596800,27.29468,35.72565,2.69140,0.04133,0.00277,0.01838,0.99897,-1.03899,-0.00626,-0.05968,
1770725649267152128,27.09297,35.73786,2.69698,0.04809,0.00240,0.01699,0.99870,-0.97598,0.06659,0.07813,
1770725649466004992,26.89710,35.76469,2.69244,0.05418,-0.00233,0.02285,0.99827,-0.98282,-0.00240,-0.00113,
1770725649664664576,26.71739,35.77565,2.70195,0.05927,0.00447,0.02095,0.99801,-0.98994,0.20101,0.03735,
1770725649865127168,26.51726,35.79050,2.70219,0.06782,-0.00211,0.01928,0.99751,-0.93760,0.18749,-0.05930,
1770725650064803584,26.33474,35.81537,2.70869,0.06800,0.00238,0.02215,0.99744,-0.81402,0.06081,0.09865,
1770725650265578240,26.14724,35.83559,2.71028,0.06380,-0.00148,0.02668,0.99760,-0.95073,0.09706,0.03677,
1770725650464775680,25.95939,35.84054,2.72098,0.05785,0.00741,0.02238,0.99805,-1.07295,0.03081,-0.02206,
1770725650659326976,25.76713,35.85946,2.71688,0.05382,0.00007,0.02564,0.99822,-0.70392,-0.01735,0.11288,
1770725650863449856,25.60720,35.86682,2.72393,0.04491,0.00001,0.02676,0.99863,-0.72962,0.02071,0.07356,
1770725651064131584,25.44356,35.85693,2.72944,0.02742,0.00239,0.02381,0.99934,-0.87213,0.10299,0.00053,
1770725651264580864,25.29582,35.85523,2.73518,0.01348,0.00286,0.02419,0.99961,-0.61512,-0.03982,0.03615,
1770725651463785216,25.16642,35.84375,2.74778,0.00759,0.01251,0.02161,0.99966,-0.80961,-0.06223,0.01584,
1770725651663318016,24.98440,35.83954,2.74924,0.00400,0.00924,0.02284,0.99969,-0.82275,-0.08506,0.06059,
1770725651868414208,24.78636,35.83974,2.74905,0.00517,0.00139,0.02474,0.99968,-0.96738,0.13459,-0.05047,
1770725652064325888,24.62406,35.83648,2.75301,0.00979,-0.00058,0.02311,0.99968,-0.68131,-0.06371,0.07859,
1770725652264588800,24.46546,35.82737,2.76212,0.01187,0.00309,0.02016,0.99972,-0.85704,0.03016,0.03320,
1770725652463547904,24.30204,35.83986,2.77016,0.01507,0.00864,0.02677,0.99949,-0.78579,0.02015,0.04979,
1770725652663752704,24.13603,35.84314,2.77156,0.01995,0.00848,0.02750,0.99939,-0.85121,0.09174,0.04273,
1770725652857538816,23.95431,35.84590,2.77502,0.02593,0.00467,0.02596,0.99932,-1.04987,0.05075,-0.01663,
1770725653063637504,23.74992,35.86224,2.77415,0.02876,-0.00604,0.03100,0.99909,-0.85597,0.09270,0.04055,
1770725653283719424,23.59605,35.85644,2.78368,0.03209,0.00568,0.02582,0.99914,-0.75892,0.00559,0.08481,
1770725653462705664,23.42535,35.87530,2.77993,0.03413,-0.00453,0.03419,0.99882,-0.88631,0.11228,0.00499,
1770725653663214848,23.26304,35.87343,2.78121,0.03725,-0.00397,0.02803,0.99890,-0.85904,-0.02441,0.00295,
1770725653863628288,23.12099,35.89038,2.79266,0.03719,0.00188,0.03446,0.99871,-0.69693,0.04172,0.03375,
1770725654062979584,22.97652,35.89219,2.79740,0.03742,0.00634,0.03287,0.99874,-0.78323,0.10240,0.02777,
1770725654263254272,22.81528,35.89808,2.80215,0.04086,0.00861,0.03113,0.99864,-0.79007,-0.01092,0.04360,
1770725654463597056,22.65415,35.90834,2.81019,0.04118,0.01056,0.03272,0.99856,-0.99055,0.09705,0.00630,
1770725654662094336,22.47164,35.92244,2.81566,0.04468,0.00843,0.03379,0.99839,-1.04638,0.07663,-0.03807,
1770725654865766912,22.30202,35.93013,2.82132,0.04723,0.01036,0.03174,0.99833,-0.69740,-0.13214,0.06883,
1770725655065721600,22.13931,35.94030,2.82441,0.04930,0.00711,0.03224,0.99824,-0.81083,0.01565,0.05095,
1770725655263323904,21.96908,35.96269,2.82936,0.05214,0.00589,0.03585,0.99798,-0.83371,-0.01446,0.01406,
1770725655463152128,21.80910,35.95857,2.83732,0.05405,0.00829,0.02751,0.99812,-0.86229,-0.01100,0.03277,
1770725655662690816,21.61400,35.96994,2.83588,0.05393,0.00210,0.02618,0.99820,-1.13676,0.00468,-0.02806,
1770725655861572864,21.41113,35.99210,2.84004,0.04888,-0.00176,0.03035,0.99834,-1.00707,-0.02645,0.03144,
1770725656063625216,21.23774,35.99140,2.85023,0.04353,0.00406,0.02623,0.99870,-0.94664,0.08006,-0.03695,
1770725656261991424,21.05327,35.99311,2.85289,0.03756,0.00726,0.02362,0.99899,-0.97422,0.02760,0.01597,
1770725656462237696,20.87191,36.00258,2.86091,0.03054,0.00630,0.02631,0.99917,-0.90053,-0.10660,0.02565,
1770725656660907520,20.69184,36.00064,2.86068,0.02140,0.00150,0.02655,0.99942,-0.88155,-0.00732,0.02644,
1770725656862198528,20.50406,35.98842,2.86531,0.00856,0.00035,0.02340,0.99969,-0.86829,-0.03308,0.07440,
1770725657066992640,20.31105,35.98931,2.87001,-0.00012,0.00035,0.02851,0.99959,-0.95230,0.07252,-0.00447,
1770725657261192960,20.12002,35.98372,2.87359,0.00349,0.00077,0.02778,0.99961,-1.00932,0.02794,-0.01246,
1770725657459116288,19.93380,35.97524,2.87490,0.01698,-0.00023,0.01936,0.99967,-0.90041,-0.06835,0.00270,
1770725657661859840,19.77763,36.00674,2.87428,0.03920,-0.00551,0.02863,0.99881,-0.53468,0.21571,0.00777,
1770725657862008832,19.72113,36.02945,2.87882,0.07521,-0.00215,0.03311,0.99662,-0.03301,-0.07528,0.05544,
1770725658060770816,19.66684,36.02747,2.88829,0.09037,0.00747,0.02354,0.99560,-0.51667,0.20960,-0.07433,
1770725658267700736,19.54926,36.04898,2.88631,0.09239,0.00362,0.02534,0.99539,-0.55697,0.06469,0.03676,
1770725658464987648,19.42296,36.06274,2.89103,0.09614,0.00400,0.02206,0.99511,-0.68219,0.11688,0.03872,
1770725658659568640,19.29408,36.08606,2.89581,0.09378,0.00667,0.02533,0.99525,-0.64111,0.18087,-0.00554,
1770725658859433472,19.16996,36.11365,2.89778,0.09111,0.00308,0.03129,0.99534,-0.53997,-0.02396,0.02075,
1770725659059198464,19.05945,36.11367,2.90328,0.07752,0.00767,0.02900,0.99654,-0.69371,0.06549,-0.01615,
1770725659258983168,18.91457,36.11560,2.90590,0.06700,0.00501,0.02537,0.99742,-0.69745,-0.07121,0.04918,
1770725659458243840,18.76659,36.12868,2.90709,0.06316,0.00184,0.02741,0.99763,-0.63294,0.15613,0.00460,
1770725659654867456,18.64840,36.14030,2.91166,0.06227,0.00442,0.02794,0.99766,-0.60661,0.10443,0.01107,
1770725659859848704,18.48771,36.16474,2.91290,0.06953,0.00294,0.02974,0.99713,-0.85176,0.13114,0.05265,
1770725660059665664,18.31196,36.18633,2.91459,0.07490,0.00040,0.02970,0.99675,-0.76456,0.06901,0.03836,
1770725660258998016,18.16014,36.20190,2.91851,0.07780,0.00201,0.02746,0.99659,-0.76463,0.09090,0.00250,
1770725660458937856,18.01856,36.22211,2.91966,0.07776,0.00308,0.02802,0.99657,-0.65317,0.05367,0.03652,
1770725660657849856,17.87251,36.23368,2.91908,0.07093,-0.00103,0.02744,0.99710,-0.75252,0.01732,0.02862,
1770725660857612032,17.71780,36.24247,2.91802,0.06204,-0.00469,0.02654,0.99771,-0.71276,0.13313,0.01594,
1770725661054491648,17.59285,36.24311,2.92127,0.06231,-0.00207,0.02109,0.99783,-0.50224,-0.03045,0.04387,
1770725661259654912,17.45563,36.26523,2.91898,0.06233,-0.00443,0.02634,0.99770,-0.70669,0.02922,0.02746,
1770725661458654976,17.31900,36.27471,2.92483,0.06430,-0.00112,0.02442,0.99763,-0.65603,0.01319,0.01275,
1770725661658794752,17.17285,36.29240,2.92894,0.06813,0.00099,0.02553,0.99735,-0.90316,0.08144,-0.04230,
1770725661854447616,17.00597,36.30258,2.92928,0.07288,0.00112,0.02147,0.99711,-0.85022,0.04526,-0.01109,
1770725662059499520,16.85677,36.31864,2.93507,0.07098,0.00265,0.02267,0.99722,-0.64370,0.04705,0.00791,
1770725662269235200,16.71187,36.32353,2.93466,0.06751,-0.00083,0.01970,0.99752,-0.71192,0.02351,0.01281,
1770725662459568640,16.58442,36.33083,2.94260,0.06443,0.00477,0.01882,0.99773,-0.69735,0.01837,0.00646,
1770725662657953024,16.44333,36.33512,2.94794,0.06001,0.00719,0.01695,0.99803,-0.72384,0.10617,0.04025,
1770725662858403840,16.30039,36.34365,2.95003,0.05797,0.00589,0.01625,0.99817,-0.63579,-0.00089,0.06198,
1770725663057558016,16.13964,36.35843,2.95274,0.06436,0.00353,0.01622,0.99779,-0.83905,0.15571,-0.00313,
1770725663258022144,15.98243,36.37528,2.95399,0.06831,0.00080,0.01601,0.99754,-0.76037,0.06506,-0.01627,
1770725663456011776,15.83637,36.38708,2.95585,0.06849,-0.00104,0.01507,0.99754,-0.72299,-0.02042,0.02312,
1770725663657614336,15.69072,36.39799,2.95752,0.06525,-0.00060,0.01529,0.99775,-0.64341,0.13373,0.05418,
1770725663857378304,15.55395,36.40506,2.96199,0.06241,0.00065,0.01301,0.99797,-0.71038,0.08210,0.00229,
1770725664056645888,15.42010,36.41484,2.96496,0.05792,0.00190,0.01360,0.99823,-0.76648,0.02000,-0.01859,
1770725664257097728,15.27335,36.41575,2.97095,0.05081,0.00683,0.01032,0.99863,-0.75556,0.00348,0.05042,
1770725664456194048,15.12204,36.43277,2.97442,0.05408,0.00397,0.01329,0.99844,-0.75782,0.08744,0.01534,
1770725664662460672,14.94623,36.45364,2.97118,0.06532,-0.00019,0.01440,0.99776,-0.82873,0.10161,0.03077,
1770725664869913344,14.75877,36.47878,2.97281,0.07649,-0.00335,0.01402,0.99697,-0.74978,0.06397,0.07001,
1770725665058411008,14.60031,36.49688,2.97197,0.08220,-0.00537,0.01294,0.99652,-0.80860,0.12373,0.01255,
1770725665262428160,14.43468,36.51988,2.97152,0.09071,-0.00600,0.01205,0.99579,-0.61658,0.13107,0.07083,
1770725665457298176,14.30361,36.53288,2.97317,0.08341,-0.00429,0.01196,0.99643,-0.63927,-0.00720,0.00498,
1770725665653542400,14.17953,36.53285,2.97228,0.07677,-0.00832,0.00662,0.99699,-0.54677,-0.06169,-0.03222,
1770725665855903744,14.13865,36.51461,2.97379,0.04967,-0.00591,0.00173,0.99875,0.02216,-0.09114,0.02084,
1770725666058547712,14.13028,36.50185,2.97654,0.02006,-0.00024,0.00056,0.99980,-0.09286,-0.04900,0.01867,
1770725666254945280,14.07531,36.49927,2.98018,0.00452,0.00249,0.00086,0.99999,-0.33710,-0.03231,0.01389,
1770725666457076992,13.97019,36.49434,2.97613,0.00296,-0.00314,-0.00059,0.99999,-0.56322,0.04908,0.02177,
1770725666656039168,13.85895,36.50813,2.97887,0.00482,-0.00258,0.00588,0.99997,-0.50083,-0.00779,0.01329,
1770725666858481664,13.74871,36.50081,2.98159,0.00498,0.00146,0.00299,0.99998,-0.65065,-0.06266,-0.02073,
1770725667056073728,13.61773,36.49002,2.98674,0.01082,0.00204,-0.00283,0.99994,-0.61982,-0.01494,0.03152,
1770725667256010752,13.48616,36.50430,2.98483,0.01546,-0.00324,0.00378,0.99987,-0.59333,0.04577,-0.00602,
1770725667454898432,13.36453,36.50652,2.98703,0.01436,-0.00013,0.00505,0.99988,-0.71657,0.07305,-0.03702,
1770725667656176896,13.23661,36.50380,2.99094,0.01773,0.00351,0.00296,0.99983,-0.59351,-0.05727,0.05854,
1770725667858322688,13.10731,36.50459,2.99653,0.01960,0.00338,0.00338,0.99980,-0.69935,0.06605,-0.02332,
1770725668056051456,12.95625,36.51331,2.99203,0.02076,-0.00239,0.00883,0.99974,-0.82142,0.07541,-0.03059,
1770725668255453440,12.82077,36.50715,2.99442,0.02365,0.00222,0.00548,0.99970,-0.61313,-0.09523,-0.00715,
1770725668455257856,12.67398,36.51219,2.99419,0.02622,-0.00370,0.00872,0.99961,-0.80003,0.12811,0.02554,
1770725668649206272,12.52197,36.51858,2.99487,0.02641,-0.00220,0.01200,0.99958,-0.74072,-0.03312,0.02053,
1770725668854625792,12.35747,36.51610,2.99165,0.02257,-0.00736,0.01305,0.99963,-0.79886,0.02037,0.00962,
1770725669055569408,12.20356,36.52509,2.99147,0.02469,-0.00649,0.01878,0.99950,-0.73687,0.01406,0.01167,
1770725669253196288,12.05401,36.53359,2.99374,0.03108,-0.00766,0.02126,0.99926,-0.78368,0.10291,-0.00314,
1770725669452902400,11.90235,36.55108,2.98880,0.03987,-0.01051,0.02711,0.99878,-0.71873,0.01383,0.00249,
1770725669653337600,11.75460,36.56765,2.99111,0.05547,-0.00823,0.03032,0.99797,-0.73180,0.11385,-0.00236,
1770725669852537088,11.62836,36.56611,3.00045,0.06335,0.00106,0.02314,0.99772,-0.71991,-0.01625,0.02254,
1770725670055022592,11.48251,36.58270,3.00258,0.06706,0.00227,0.02521,0.99743,-0.70488,-0.01158,-0.01224,
1770725670254137600,11.34459,36.60325,3.00721,0.06801,0.00518,0.02907,0.99725,-0.60734,0.09456,0.06799,
1770725670453038080,11.21609,36.61594,3.01470,0.07232,0.00785,0.02812,0.99695,-0.65403,0.05423,0.04333,
1770725670652286464,11.06743,36.61401,3.01540,0.06600,0.00470,0.02259,0.99755,-0.90318,-0.00817,-0.05038,
1770725670846838016,10.91948,36.61438,3.02052,0.05708,0.00732,0.02012,0.99814,-0.73601,0.01764,0.04051,
1770725671052786944,10.76139,36.62366,3.02170,0.04891,0.00153,0.02225,0.99855,-0.80605,-0.05348,0.02316,
1770725671279489024,10.58428,36.63139,3.02767,0.05347,0.00327,0.02011,0.99836,-0.77824,-0.04709,0.00562,
1770725671459631104,10.44967,36.63792,3.03230,0.05648,0.00421,0.01822,0.99823,-0.69465,0.01277,0.00699,
1770725671659406848,10.31262,36.64485,3.03634,0.05816,0.00598,0.01632,0.99816,-0.72376,0.03068,-0.01254,
1770725671853757696,10.16252,36.66377,3.03705,0.05879,0.00086,0.01995,0.99807,-0.63363,0.08793,0.02108,
1770725672047664896,10.05554,36.66838,3.04129,0.06061,0.00430,0.01773,0.99799,-0.50312,0.04082,0.01231,
1770725672246424064,9.93426,36.67418,3.04110,0.06190,0.00142,0.01559,0.99796,-0.61329,0.01895,0.07370,
1770725672452783616,9.74597,36.69516,3.04288,0.06804,0.00151,0.01669,0.99754,-1.16111,0.14790,0.00535,
1770725672645193472,9.52141,36.72307,3.04535,0.07275,-0.00268,0.01812,0.99718,-1.25083,0.21140,-0.04856,
1770725672851564032,9.28619,36.74360,3.04842,0.07284,0.00038,0.01685,0.99720,-1.19667,0.17332,-0.06480,
1770725673050198528,9.07728,36.77737,3.04733,0.07414,-0.00650,0.02281,0.99697,-0.94519,0.05456,-0.01392,
1770725673254467328,8.90699,36.78440,3.05453,0.06999,-0.00320,0.01876,0.99737,-0.72087,0.05444,0.00913,
1770725673459284992,8.81228,36.78292,3.05732,0.05191,0.00118,0.01719,0.99850,-0.25038,-0.19442,0.05676,
1770725673669735936,8.69783,36.78085,3.05985,0.03034,0.00118,0.02107,0.99932,-0.68829,0.08350,0.01579,
1770725673851979520,8.55106,36.76855,3.05876,0.00816,-0.00196,0.01864,0.99979,-0.83085,-0.22043,0.00953,
1770725674048229376,8.41022,36.74904,3.06494,-0.01162,0.00014,0.01622,0.99980,-0.67014,-0.06051,0.03756,
1770725674250952192,8.26881,36.74699,3.06621,-0.01308,-0.00096,0.01944,0.99972,-0.66361,-0.03664,0.01256,
1770725674451288064,8.14055,36.73516,3.07469,-0.01312,0.00408,0.01678,0.99976,-0.70936,-0.02658,-0.01353,
1770725674650816768,8.01860,36.73461,3.07724,-0.00555,0.00322,0.01719,0.99983,-0.48038,-0.07939,0.02105,
1770725674850728704,7.93811,36.74233,3.08135,0.00534,0.00622,0.02004,0.99977,-0.38237,0.09857,0.01413,
1770725675047409664,7.85183,36.74844,3.08502,0.01873,0.00982,0.02025,0.99957,-0.52616,0.03553,0.01191,
1770725675250495488,7.72281,36.75450,3.08967,0.02597,0.00969,0.02029,0.99941,-0.76911,0.07362,0.01180,
1770725675461086976,7.57681,36.76455,3.09515,0.02938,0.00767,0.02344,0.99926,-0.60351,-0.01067,0.05582,
1770725675650721536,7.44406,36.75702,3.09918,0.03331,0.00952,0.01878,0.99922,-0.85578,0.12555,-0.02675,
1770725675849467136,7.26908,36.76820,3.10277,0.03850,0.00759,0.02001,0.99903,-0.94341,0.00458,0.00171,
1770725676050630912,7.07278,36.77763,3.10759,0.03922,0.00415,0.02128,0.99900,-1.01356,0.10268,0.05030,
1770725676247767808,6.88945,36.78640,3.11247,0.04467,0.00667,0.02023,0.99877,-0.90732,0.07523,0.01526,
1770725676449504256,6.68034,36.79589,3.11182,0.05110,0.00019,0.01666,0.99855,-0.98541,0.08018,0.07304,
1770725676650387200,6.48389,36.82033,3.11617,0.05427,-0.00224,0.02368,0.99824,-0.94830,0.15276,-0.02992,
1770725676851590656,6.30614,36.82676,3.12010,0.05786,0.00084,0.01974,0.99813,-0.87869,-0.05477,0.04393,
1770725677049271552,6.12839,36.83715,3.12097,0.05609,-0.00215,0.02006,0.99822,-0.94975,0.10745,-0.02164,
1770725677249922560,5.93989,36.86559,3.11967,0.05080,-0.00407,0.02937,0.99827,-1.02095,0.18223,-0.00714,
1770725677445581568,5.75593,36.87617,3.12609,0.06016,-0.00364,0.02586,0.99785,-0.77207,0.09110,0.10886,
1770725677644093952,5.58234,36.89707,3.12892,0.06949,0.00117,0.02761,0.99720,-0.96829,0.21196,-0.01225,
1770725677850581760,5.40586,36.91789,3.13691,0.07398,0.00406,0.02669,0.99689,-0.87816,0.08936,0.03104,
1770725678048227584,5.26169,36.93079,3.14513,0.08074,0.00800,0.02314,0.99643,-0.84451,0.17555,-0.03683,
1770725678248669952,5.11326,36.95795,3.15122,0.08372,0.01284,0.02605,0.99607,-0.77114,0.07347,0.01839,
1770725678448604672,4.97500,36.96408,3.15733,0.08650,0.01291,0.01958,0.99598,-0.74528,0.08870,0.00499,
1770725678648775424,4.82282,36.97971,3.16228,0.08156,0.00999,0.01986,0.99642,-0.75863,0.06138,0.05161,
1770725678848592384,4.66412,36.99602,3.16327,0.07987,0.00755,0.02012,0.99657,-0.83976,0.13388,-0.01289,
1770725679047947264,4.50879,37.01715,3.16874,0.08897,0.00843,0.01844,0.99583,-0.81380,0.13497,-0.00480,
1770725679247853312,4.35455,37.04502,3.17242,0.10227,0.00739,0.01890,0.99455,-0.83240,0.13293,0.01294,
1770725679448237056,4.21665,37.06591,3.18381,0.10351,0.01459,0.01735,0.99437,-0.72097,0.09652,0.02304,
1770725679650250496,4.04479,37.08419,3.18030,0.09805,0.00688,0.01491,0.99505,-1.04545,0.03994,-0.09303,
1770725679847086336,3.85875,37.11917,3.17493,0.09185,-0.00350,0.01994,0.99557,-0.95094,0.09071,-0.03902,
1770725680047829760,3.70275,37.11543,3.18235,0.08975,-0.00468,0.00712,0.99593,-0.63572,-0.00922,0.06703,
1770725680248663552,3.56917,37.13446,3.18382,0.07856,-0.00381,0.01089,0.99684,-0.74961,0.14684,-0.05290,
1770725680446089984,3.44539,37.14303,3.19430,0.06372,0.00674,0.01027,0.99789,-0.61362,0.06136,0.02184,
1770725680649407744,3.30984,37.14584,3.19491,0.05319,0.00541,0.00789,0.99854,-0.65932,-0.14009,0.04542,
1770725680846784000,3.17023,37.13156,3.19496,0.04475,-0.00013,-0.00038,0.99900,-0.73944,0.07008,-0.02078,
1770725681050382848,3.02453,37.15274,3.19600,0.04028,0.00038,0.00604,0.99917,-0.75522,-0.05827,-0.01499,
1770725681247192320,2.86224,37.16789,3.19146,0.04064,-0.00902,0.00953,0.99909,-0.95947,0.05688,-0.03856,
1770725681448326912,2.69068,37.18014,3.19634,0.04297,-0.00747,0.01088,0.99899,-0.82275,0.13597,-0.01303,
1770725681647193600,2.53345,37.17793,3.19717,0.04823,-0.00409,0.00331,0.99882,-0.68937,-0.02359,0.04322,
1770725681846691840,2.40246,37.19145,3.20480,0.04057,0.00399,0.00930,0.99913,-0.64122,-0.01076,0.04311,
1770725682054529792,2.25866,37.18699,3.20730,0.02570,0.00532,0.01008,0.99960,-0.81313,0.04528,-0.01456,
1770725682246726400,2.10531,37.17238,3.20781,0.02089,-0.00041,0.00386,0.99977,-0.59228,-0.03327,0.01914,
1770725682446634496,1.98922,37.17175,3.21169,0.02203,0.00428,0.00381,0.99974,-0.61104,-0.06039,0.00583,
1770725682643198208,1.83830,37.17238,3.20756,0.02143,-0.00522,0.00485,0.99975,-0.87475,-0.09003,-0.03831,
1770725682847467264,1.68485,37.16797,3.21416,0.02366,-0.00156,0.00259,0.99972,-0.82218,-0.08453,-0.08986,
1770725683045975040,1.54125,37.16212,3.21554,0.02625,-0.00253,-0.00154,0.99965,-0.78943,0.02197,0.00363,
1770725683244952064,1.40543,37.16570,3.22482,0.02877,0.00488,-0.00025,0.99957,-0.73245,0.05850,-0.00419,
1770725683445283328,1.22986,37.16630,3.22032,0.03087,-0.00516,-0.00143,0.99951,-0.83568,0.11389,0.04867,
1770725683646694912,1.08423,37.15955,3.23263,0.03311,0.00543,-0.00654,0.99942,-0.74763,0.06618,-0.01326,
1770725683845055744,0.92503,37.17227,3.22725,0.03521,-0.00500,-0.00276,0.99936,-0.72188,0.08096,0.05259,
1770725684045180672,0.77944,37.17213,3.23334,0.03914,0.00096,-0.00561,0.99922,-0.59743,-0.06530,0.08314,
1770725684244066816,0.63176,37.17728,3.23773,0.03940,-0.00023,-0.00490,0.99921,-0.76782,0.13063,0.01628,
1770725684446224896,0.47225,37.18493,3.23963,0.04403,0.00344,-0.00592,0.99901,-0.87953,0.06720,-0.02836,
1770725684644557056,0.31032,37.20243,3.23813,0.04557,-0.00427,-0.00136,0.99895,-0.76307,-0.02467,0.00696,
1770725684844419328,0.14199,37.20184,3.24200,0.04777,-0.00512,-0.00563,0.99883,-0.84637,0.10026,0.02861,
1770725685044646656,-0.02844,37.22790,3.24347,0.04663,-0.00817,0.00306,0.99887,-0.67567,0.13999,0.02182,
1770725685243844096,-0.18285,37.22571,3.24895,0.04606,-0.00042,-0.00181,0.99894,-0.79541,0.11581,0.01463,
1770725685444674304,-0.33801,37.24046,3.25097,0.04623,-0.00083,0.00100,0.99893,-0.73500,-0.00879,0.05283,
1770725685646692864,-0.49429,37.24803,3.25918,0.04526,0.00295,0.00172,0.99897,-0.75308,0.08907,0.05391,
1770725685845816320,-0.66305,37.25648,3.25870,0.04860,-0.00042,0.00050,0.99882,-0.81414,0.05435,-0.01926,
1770725686044820224,-0.82903,37.27754,3.25719,0.05019,-0.00583,0.00629,0.99870,-0.73277,-0.00553,0.02873,
1770725686243769856,-0.94408,37.27411,3.25942,0.05198,-0.00598,0.00102,0.99863,-0.50832,0.11506,-0.03237,
1770725686443402496,-1.01740,37.29594,3.26306,0.05234,-0.00535,0.00938,0.99857,-0.30199,0.01571,0.04669,
1770725686649950464,-1.09915,37.29244,3.26826,0.05344,-0.00309,0.00492,0.99855,-0.45316,-0.01898,-0.00680,
1770725686843839744,-1.20098,37.29789,3.27158,0.05356,0.00039,0.00402,0.99856,-0.59885,-0.00262,0.02467,
1770725687043837952,-1.32218,37.30718,3.27424,0.05580,-0.00097,0.00418,0.99843,-0.48743,-0.03806,0.03163,
1770725687249511424,-1.41612,37.31134,3.27486,0.05577,0.00001,0.00294,0.99844,-0.44138,0.11550,0.00357,
1770725687442595840,-1.50425,37.32056,3.28108,0.05576,0.00379,0.00401,0.99843,-0.48315,0.02202,0.04511,
1770725687644537600,-1.61216,37.33473,3.27833,0.05522,-0.00032,0.00730,0.99845,-0.48811,0.03206,0.01912,
1770725687843559424,-1.71078,37.34584,3.28062,0.05078,-0.00449,0.01034,0.99865,-0.39197,0.07801,0.03587,
1770725688041610240,-1.79274,37.34778,3.28042,0.05652,-0.00543,0.00526,0.99837,-0.47654,-0.05109,-0.01850,
1770725688244675584,-1.88279,37.34890,3.28166,0.05402,-0.00381,0.00377,0.99853,-0.44983,0.02297,-0.00006,
1770725688443165952,-1.98413,37.35939,3.28142,0.05642,-0.00495,0.00496,0.99838,-0.54157,0.00933,-0.00364,
1770725688642905856,-2.08552,37.36417,3.28488,0.05575,-0.00099,0.00446,0.99843,-0.50296,0.04204,0.04336,
1770725688835825664,-2.20766,37.37757,3.28902,0.05622,0.00127,0.00645,0.99840,-0.71625,0.11171,0.00030,
1770725689042490368,-2.34700,37.38257,3.29065,0.05827,0.00027,0.00318,0.99830,-0.71793,-0.03903,0.01146,
1770725689241162496,-2.45776,37.39030,3.29422,0.05982,0.00340,0.00157,0.99820,-0.52101,0.01514,0.03984,
1770725689441177344,-2.57477,37.40631,3.30002,0.05983,0.00703,0.00524,0.99817,-0.60479,0.10380,0.06686,
1770725689641160448,-2.69529,37.41697,3.30209,0.05971,0.00580,0.00618,0.99818,-0.65440,0.05004,-0.03543,
1770725689841207552,-2.81334,37.42894,3.30574,0.05863,0.00459,0.00806,0.99824,-0.59506,0.05838,0.01444,
1770725690041069312,-2.92541,37.45411,3.30714,0.05770,-0.00224,0.01696,0.99819,-0.54993,0.05885,0.02522,
1770725690243122688,-3.05227,37.43717,3.31505,0.05843,0.00753,0.00408,0.99825,-0.77899,0.04324,-0.03062,
1770725690441973248,-3.17974,37.46800,3.31188,0.06068,-0.00028,0.01364,0.99806,-0.46038,-0.00663,0.03653,
1770725690640455936,-3.26890,37.46334,3.31917,0.05853,0.00918,0.00917,0.99820,-0.59639,0.19424,-0.01935,
1770725690840461056,-3.41056,37.48837,3.31575,0.06027,0.00056,0.01539,0.99806,-0.71456,-0.00942,0.00604,
1770725691041278464,-3.53194,37.48293,3.32281,0.05903,0.00596,0.00894,0.99820,-0.53414,-0.00423,0.02658,
1770725691253473024,-3.65088,37.49295,3.32578,0.05779,0.00543,0.01028,0.99826,-0.64590,0.00493,0.01498,
1770725691441191424,-3.77639,37.50078,3.33238,0.05552,0.00904,0.01078,0.99836,-0.85690,0.09750,-0.02787,
1770725691638563840,-3.93291,37.52282,3.32632,0.05832,0.00106,0.01427,0.99820,-0.70439,-0.07803,-0.04340,
1770725691856111616,-4.04266,37.53359,3.33065,0.05805,-0.00000,0.01577,0.99819,-0.42235,0.02483,-0.00067,
1770725692040106240,-4.12736,37.53161,3.33644,0.05784,0.00469,0.01160,0.99825,-0.57576,0.04584,0.00701,
1770725692239856896,-4.27043,37.55594,3.33359,0.05897,-0.00273,0.01801,0.99809,-0.80957,0.10175,0.00899,
1770725692439286528,-4.39630,37.55543,3.34494,0.06135,0.00642,0.01166,0.99803,-0.55666,-0.12057,0.03169,
1770725692637858048,-4.51016,37.56768,3.34584,0.06039,0.00562,0.01359,0.99807,-0.52984,0.11812,0.00425,
1770725692840494592,-4.63358,37.58250,3.35358,0.06160,0.01448,0.01536,0.99788,-0.83309,0.17488,-0.00804,
1770725693039009024,-4.80967,37.59658,3.35284,0.06676,0.00433,0.01242,0.99768,-0.79125,0.07226,0.03581,
1770725693237496576,-4.94425,37.60075,3.35733,0.07075,0.00385,0.00733,0.99746,-0.55124,0.07144,0.06121,
1770725693437792512,-5.05052,37.61138,3.36256,0.07318,0.00647,0.00662,0.99728,-0.52504,-0.02497,0.03059,
1770725693637570560,-5.15999,37.61743,3.36412,0.07049,0.00336,0.00586,0.99749,-0.47828,0.07282,0.02849,
1770725693837815040,-5.24852,37.61726,3.36871,0.06515,0.00813,0.00390,0.99783,-0.46970,-0.03662,0.00233,
1770725694038167808,-5.34856,37.61952,3.36813,0.05966,0.00482,0.00326,0.99820,-0.45380,-0.03018,0.02122,
1770725694237562624,-5.43776,37.62020,3.37344,0.05291,0.00835,0.00284,0.99856,-0.43146,0.06561,0.03571,
1770725694437493760,-5.53570,37.62931,3.37883,0.04898,0.00926,0.00470,0.99875,-0.48154,0.01024,0.03133,
1770725694636224256,-5.62744,37.63408,3.38664,0.04834,0.01487,0.00440,0.99871,-0.43962,0.05626,0.05192,
1770725694838283008,-5.71977,37.64772,3.39236,0.04445,0.01459,0.00995,0.99886,-0.46978,0.05660,0.01352,
1770725695035217408,-5.80741,37.64860,3.40085,0.04317,0.02069,0.00885,0.99881,-0.42262,-0.02804,0.06467,
1770725695235457280,-5.89583,37.63854,3.40833,0.04277,0.02711,0.00151,0.99872,-0.53178,-0.04275,0.00055,
1770725695435466240,-6.00473,37.64709,3.40475,0.03445,0.01784,0.00614,0.99923,-0.54937,0.02882,-0.00265,
1770725695630637824,-6.10498,37.66307,3.40324,0.02641,0.00855,0.01460,0.99951,-0.50716,0.12170,-0.01816,
1770725695834988800,-6.22123,37.69181,3.39676,0.01911,-0.00054,0.02935,0.99939,-0.71313,0.13671,-0.02729,
1770725696035480832,-6.33171,37.71589,3.39558,0.01709,-0.01263,0.04116,0.99893,-0.46535,-0.00661,0.01856,
1770725696235036416,-6.43907,37.71094,3.39664,0.02167,-0.01785,0.03684,0.99893,-0.56079,0.02106,0.01268,
1770725696435374080,-6.54418,37.71716,3.40015,0.02220,-0.01845,0.03913,0.99882,-0.39946,0.01889,0.08051,
1770725696635206400,-6.57564,37.69710,3.42531,0.02211,0.01684,0.02934,0.99918,-0.03437,-0.16431,0.13096,
1770725696835780352,-6.61966,37.68834,3.43576,0.01280,0.03311,0.03064,0.99890,-0.46526,0.14353,-0.03621,
1770725697034221056,-6.69825,37.68849,3.44092,0.00766,0.03476,0.03306,0.99882,-0.42831,-0.00201,0.01460,
1770725697233244416,-6.77388,37.68417,3.44636,-0.00359,0.03763,0.03598,0.99864,-0.38340,-0.04982,0.04781,
1770725697433512704,-6.85494,37.65994,3.45638,-0.02331,0.04229,0.03360,0.99827,-0.43095,-0.14643,0.05153,
1770725697634302720,-6.92432,37.62425,3.46692,-0.05035,0.04259,0.02553,0.99750,-0.25563,-0.17496,0.04159,
1770725697862912000,-6.95801,37.59628,3.47764,-0.07194,0.05085,0.02179,0.99587,-0.24036,-0.13129,0.04055,
1770725698033504512,-7.02806,37.56997,3.48298,-0.08455,0.04927,0.02042,0.99499,-0.56687,-0.21566,0.01688,
1770725698234037504,-7.15948,37.54789,3.48419,-0.10996,0.03747,0.02802,0.99283,-0.66543,-0.09552,-0.01552,
1770725698434220288,-7.28230,37.51883,3.48141,-0.14300,0.02150,0.03175,0.98898,-0.51093,-0.19937,-0.01133,
1770725698637078016,-7.38976,37.47402,3.47940,-0.17022,0.00925,0.02833,0.98495,-0.44237,-0.35326,0.03220,
1770725698832489216,-7.45617,37.38888,3.48289,-0.19610,0.01356,0.00762,0.98046,-0.31775,-0.32561,0.02667,
1770725699038444288,-7.50637,37.36707,3.48779,-0.21288,0.01660,0.01120,0.97687,-0.25465,-0.04043,0.02661,
1770725699239766016,-7.54988,37.34807,3.49251,-0.21276,0.02124,0.01172,0.97680,-0.35461,-0.12123,-0.02385,
1770725699437135360,-7.62357,37.32376,3.48822,-0.21290,0.01763,0.01499,0.97680,-0.42864,-0.15512,-0.01944,
1770725699632706560,-7.69731,37.30242,3.48724,-0.21390,0.01427,0.02037,0.97654,-0.27560,-0.08091,0.02864,
1770725699833631744,-7.78191,37.26162,3.48476,-0.22245,0.01093,0.02294,0.97461,-0.62552,-0.38543,-0.08313,
1770725700033129472,-7.91168,37.16748,3.47379,-0.22262,-0.00293,0.00619,0.97488,-0.52496,-0.26459,0.07768,
1770725700232979712,-8.02387,37.11446,3.47124,-0.22316,-0.01016,0.00667,0.97471,-0.59345,-0.25335,-0.05066,
1770725700432759552,-8.12435,37.02789,3.46063,-0.23447,-0.01650,-0.00616,0.97196,-0.65146,-0.53566,-0.12536,
1770725700634718464,-8.21152,36.97539,3.46283,-0.25529,-0.01661,-0.00056,0.96672,-0.32043,0.01642,0.00764,
1770725700834315776,-8.25322,36.94409,3.46664,-0.28919,-0.01463,0.00688,0.95713,-0.23005,-0.30794,0.02335,
1770725701032933888,-8.30097,36.88472,3.47150,-0.31565,-0.00699,0.00942,0.94880,-0.27055,-0.30212,-0.00975,
1770725701231379200,-8.35089,36.82043,3.46983,-0.34409,-0.00933,0.00820,0.93886,-0.26745,-0.32348,-0.01086,
1770725701433034240,-8.40226,36.74529,3.46543,-0.36747,-0.01422,0.00303,0.92992,-0.27128,-0.45551,-0.03207,
1770725701632290304,-8.44872,36.67850,3.46437,-0.39923,-0.01753,0.00298,0.91668,-0.24271,-0.20581,0.00022,
1770725701832072192,-8.48712,36.62714,3.46778,-0.43144,-0.01129,0.00983,0.90202,-0.22424,-0.39871,0.00817,
1770725702032113408,-8.54419,36.52933,3.45988,-0.45594,-0.01957,0.00743,0.88976,-0.41192,-0.52542,-0.08429,
1770725702233128192,-8.60699,36.45144,3.44903,-0.48861,-0.03526,0.01052,0.87172,0.01355,-0.32287,0.01349,
1770725702433180160,-8.58933,36.38453,3.45449,0.51866,0.01295,-0.00427,-0.85487,-0.00516,-0.34920,0.02705,
1770725702630706176,-8.61744,36.30977,3.44920,0.54466,0.01494,-0.01091,-0.83845,-0.28539,-0.54347,-0.10083,
1770725702832011264,-8.65577,36.20995,3.44296,0.57734,0.02232,-0.01155,-0.81612,-0.01475,-0.46369,0.00959,
1770725703031198208,-8.65833,36.13669,3.44060,0.60751,0.01984,-0.01076,-0.79399,-0.03875,-0.29721,0.00086,
1770725703231813888,-8.64456,36.05441,3.43949,0.63637,0.01741,-0.00695,-0.77115,0.07670,-0.54814,-0.02800,
1770725703429865984,-8.64300,35.93593,3.43121,0.65164,0.02021,-0.00082,-0.75826,-0.08059,-0.58909,-0.05004,
1770725703632413440,-8.64958,35.83557,3.42979,0.65091,0.01627,0.00189,-0.75898,-0.07759,-0.43361,-0.00351,
1770725703831779840,-8.66538,35.73341,3.43078,0.65141,0.01314,-0.00126,-0.75861,-0.00415,-0.70737,-0.06547,
1770725704031138048,-8.67276,35.58812,3.42698,0.65096,0.01039,0.00397,-0.75903,-0.11508,-0.70417,0.00104,
1770725704233920768,-8.68856,35.43379,3.41794,0.64732,0.00929,0.01032,-0.76210,0.02924,-0.74422,-0.04093,
1770725704428537600,-8.68574,35.30355,3.41624,0.64912,0.00247,0.01540,-0.76053,-0.10076,-0.71506,-0.03105,
1770725704627631872,-8.70343,35.14599,3.40839,0.65616,0.00782,0.01756,-0.75438,-0.00842,-0.73612,0.01306,
1770725704830579968,-8.71114,34.98133,3.40094,0.66597,0.00872,0.01755,-0.74572,-0.04751,-0.77488,-0.02073,
1770725705031022336,-8.70934,34.85408,3.40144,0.67756,0.00787,0.01692,-0.73523,0.03961,-0.57135,-0.02268,
1770725705230619136,-8.69890,34.74100,3.39657,0.68977,0.00430,0.01607,-0.72383,0.02852,-0.72312,-0.06347,
1770725705431406848,-8.70285,34.59886,3.39237,0.68977,0.00594,0.01416,-0.72387,-0.06324,-0.84776,-0.08872,
1770725705631536128,-8.69650,34.45817,3.39544,0.69080,0.00064,0.01375,-0.72291,0.06422,-0.57540,0.07150,
1770725705829612544,-8.70647,34.32299,3.39133,0.69382,0.00756,0.01111,-0.72003,-0.13049,-0.47900,0.05749,
1770725706029849088,-8.69304,34.21321,3.39815,0.69300,-0.00628,0.00636,-0.72088,0.01884,-0.62331,0.01279,
1770725706233469952,-8.70238,34.07700,3.39426,0.69573,-0.00058,0.00162,-0.71830,-0.03352,-0.74126,-0.03839,
1770725706432075008,-8.68433,33.92940,3.38804,0.69606,-0.00321,0.01044,-0.71790,0.11191,-0.77515,-0.05188,
1770725706630466816,-8.68432,33.75072,3.37904,0.69837,0.00610,0.01621,-0.71553,0.01782,-0.95272,-0.02642,
1770725706822664448,-8.66943,33.57427,3.37147,0.70560,0.01019,0.02208,-0.70819,0.01380,-0.79153,0.04197,
1770725707031329792,-8.66058,33.44680,3.37938,0.71039,0.00336,0.01377,-0.70366,0.14743,-0.48952,0.04806,
1770725707230447872,-8.62082,33.33246,3.37631,0.73256,-0.00150,0.01424,-0.68055,0.20833,-0.72014,-0.09093,
1770725707429356800,-8.57508,33.20390,3.36898,0.75515,-0.00210,0.01773,-0.65530,0.26012,-0.58936,-0.05691,
1770725707630188288,-8.52823,33.08153,3.35826,0.77707,-0.00033,0.02271,-0.62900,0.23007,-0.55507,-0.03815,
1770725707829750272,-8.49053,32.97116,3.34905,0.79725,0.00744,0.02834,-0.60293,0.18902,-0.54130,-0.05892,
1770725708030373632,-8.45259,32.85749,3.33155,0.81534,0.02036,0.03723,-0.57742,0.31228,-0.49047,-0.08640,
1770725708229470208,-8.40444,32.82410,3.32999,0.83775,0.01124,0.03990,-0.54448,0.10476,0.04111,0.01083,
1770725708428950016,-8.38728,32.83500,3.32980,0.85676,0.00513,0.03672,-0.51438,0.06897,-0.02079,-0.02037,
1770725708629083392,-8.38363,32.83294,3.32931,0.86564,0.00395,0.03374,-0.49951,0.07105,-0.08320,0.01250,
1770725708830403072,-8.36123,32.80309,3.33271,0.87598,0.00665,0.02854,-0.48146,0.13974,-0.19124,0.03243,
1770725709029352960,-8.32894,32.75366,3.33970,0.88908,0.00966,0.01906,-0.45726,0.23845,-0.35589,0.01785,
1770725709230628608,-8.28061,32.68184,3.34313,0.90164,0.01720,0.00977,-0.43204,0.25650,-0.41897,-0.02595,
1770725709428956672,-8.23363,32.59090,3.33611,0.91173,0.03595,0.00599,-0.40918,0.35694,-0.47529,-0.04794,
1770725709629980672,-8.15095,32.51069,3.32770,0.92293,0.04266,0.01467,-0.38232,0.47468,-0.28343,-0.02723,
1770725709830216704,-8.05911,32.45458,3.31363,0.93139,0.04140,0.02563,-0.36075,0.36949,-0.23891,-0.08448,
1770725710028582400,-7.98534,32.43528,3.29883,0.93640,0.03140,0.03308,-0.34795,0.36675,-0.01278,-0.05887,
1770725710228063488,-7.91542,32.42235,3.28611,0.94425,0.02648,0.03885,-0.32585,0.22584,-0.15099,-0.05559,
1770725710429758720,-7.85536,32.40511,3.27728,0.95320,0.02559,0.03992,-0.29859,0.36187,-0.00996,-0.03718,
1770725710634045952,-7.77942,32.38779,3.26537,0.96292,0.02491,0.04314,-0.26516,0.19879,-0.21001,-0.03873,
1770725710828197888,-7.72903,32.35810,3.25632,0.97293,0.03396,0.04686,-0.22372,0.28796,-0.16831,-0.03813,
1770725711028514560,-7.66681,32.32250,3.24778,0.97876,0.04317,0.05218,-0.19349,0.36483,-0.16627,-0.04524,
1770725711233933056,-7.60591,32.32700,3.25199,0.98599,0.03475,0.04517,-0.15677,0.23308,0.11761,0.03234,
1770725711428897024,-7.56337,32.33579,3.25201,0.99118,0.03314,0.04086,-0.12166,0.26794,-0.00319,-0.01841,
1770725711628832768,-7.49427,32.33889,3.24334,0.99474,0.03630,0.04316,-0.08546,0.39448,-0.00889,-0.06265,
1770725711827289856,-7.42144,32.34309,3.23357,0.99716,0.03703,0.04632,-0.04639,0.26621,0.02571,-0.00968,
1770725712032670208,-7.38145,32.35181,3.23416,0.99865,0.03941,0.03388,0.00148,0.26757,0.04527,-0.00392,
1770725712226289920,-7.31607,32.35689,3.23038,0.99873,0.03999,0.02934,0.00932,0.40965,0.04314,-0.02325,
1770725712426862592,-7.22532,32.38054,3.22566,0.99896,0.02982,0.03330,0.00894,0.44706,0.14618,0.01136,
1770725712626872064,-7.13581,32.40842,3.22712,0.99949,0.01839,0.02494,0.00707,0.55874,0.03211,-0.04424,
1770725712828024832,-7.01090,32.39062,3.21103,0.99895,0.03071,0.03270,0.00975,0.54970,-0.01648,-0.04507,
1770725713026807552,-6.88758,32.39170,3.19767,0.99885,0.03229,0.03448,0.00800,0.63951,-0.09160,-0.09045,
1770725713227021568,-6.74590,32.40412,3.17750,0.99859,0.02974,0.04347,0.00726,0.71565,0.03594,-0.09130,
1770725713427666944,-6.60548,32.42165,3.16443,0.99836,0.02235,0.05256,0.00287,0.58677,0.07468,-0.04205,
1770725713624249856,-6.47168,32.42743,3.14923,0.99817,0.02246,0.05608,0.00180,0.63550,0.03469,-0.02405,
1770725713827780352,-6.33549,32.42685,3.13974,0.99826,0.02579,0.05300,0.00266,0.76217,0.00696,-0.07135,
1770725714028573440,-6.19525,32.44793,3.13907,0.99910,0.01812,0.03846,0.00010,0.81061,0.14158,-0.09274,
1770725714226763776,-6.05718,32.46186,3.13478,0.99951,0.01379,0.02791,-0.00251,0.53065,-0.03594,0.04824,
1770725714428320512,-5.91922,32.46553,3.12908,0.99948,0.01427,0.02848,-0.00570,0.53119,0.06857,0.02798,
1770725714627511552,-5.80748,32.47671,3.13081,0.99971,0.01169,0.02037,-0.00600,0.69818,0.02874,-0.03682,
1770725714826792704,-5.66490,32.48766,3.13103,0.99984,0.00913,0.01363,-0.00693,0.88494,0.05203,-0.03450,
1770725715027271936,-5.46897,32.49940,3.10740,0.99959,0.00602,0.02665,-0.00812,1.14420,-0.09882,-0.14747,
1770725715225974016,-5.26062,32.48676,3.08793,0.99888,0.01770,0.04390,0.00039,1.21803,0.37146,-0.40239,
1770725715426803968,-5.05633,32.52393,3.05926,0.99828,0.00590,0.05811,0.00443,1.15061,-0.06719,-0.22913,
1770725715625978624,-4.90669,32.52725,3.05679,0.99891,0.00530,0.04630,-0.00045,0.41962,0.15829,0.05132,
1770725715826430208,-4.80044,32.51354,3.05516,0.99882,0.01384,0.04648,-0.00224,0.56942,-0.08100,0.01180,
1770725716027270656,-4.67321,32.55004,3.05495,0.99955,-0.00509,0.02786,-0.01000,0.77627,0.04235,-0.08445,
1770725716226548736,-4.53837,32.54640,3.05002,0.99966,-0.00267,0.02356,-0.01112,0.68214,0.06455,-0.01709,
1770725716432714240,-4.39424,32.54652,3.04202,0.99955,-0.00289,0.02519,-0.01608,0.70413,-0.02624,-0.00551,
1770725716626615808,-4.25105,32.53601,3.03400,0.99935,0.00029,0.02771,-0.02291,0.70511,-0.00259,-0.03602,
1770725716826706688,-4.11818,32.53120,3.02297,0.99897,0.00049,0.03532,-0.02848,0.55542,0.00459,-0.02151,
1770725717025967360,-4.01101,32.53893,3.02438,0.99894,-0.00629,0.02949,-0.03467,0.60784,0.04380,0.00391,
1770725717225431296,-3.87190,32.53268,3.01600,0.99868,-0.00570,0.03257,-0.03929,0.71989,-0.17113,-0.05218,
1770725717424372224,-3.73047,32.50384,3.00706,0.99842,0.00547,0.03632,-0.04259,0.62018,0.00145,-0.04582,
1770725717624989184,-3.63499,32.51418,3.01372,0.99875,-0.00217,0.01861,-0.04626,0.54799,0.08865,0.03255,
1770725717825754368,-3.49442,32.50062,3.01102,0.99861,0.00053,0.01842,-0.04932,0.87830,-0.17329,-0.07831,
1770725718024688896,-3.34713,32.48460,3.01006,0.99860,0.00382,0.01435,-0.05080,0.70803,0.02590,0.01884,
1770725718224184576,-3.20354,32.47319,3.00860,0.99844,0.00417,0.01287,-0.05421,0.81758,-0.00509,-0.03378,
1770725718425551872,-3.03288,32.46000,3.00484,0.99826,0.00455,0.01443,-0.05700,0.95508,-0.12754,-0.05071,
1770725718624005632,-2.86304,32.44891,3.00423,0.99807,0.00273,0.01367,-0.06057,0.92628,-0.08564,-0.10312,
1770725718826137600,-2.69541,32.41843,2.99679,0.99776,0.00972,0.01631,-0.06417,0.86131,0.06359,0.03403,
1770725719024500992,-2.49712,32.41657,3.00333,0.99784,0.00235,0.00976,-0.06488,1.26162,-0.13868,-0.05681,
1770725719224442880,-2.23593,32.36222,2.98904,0.99727,0.01723,0.01967,-0.06908,1.23262,-0.20986,-0.00685,
1770725719424729856,-2.06038,32.34581,2.99134,0.99608,0.01369,0.01478,-0.08609,0.51430,-0.16618,0.00010,
1770725719625354240,-2.04065,32.33723,2.99258,0.99481,0.01501,0.00754,-0.10033,-0.20816,0.17250,0.05329,
1770725719825720064,-2.02623,32.33839,2.99590,0.99479,0.01419,0.00330,-0.10090,0.20953,0.06481,0.04802,
1770725720023909376,-1.92382,32.32341,2.99648,0.99529,0.01607,0.00240,-0.09552,0.57224,-0.17521,-0.03377,
1770725720222108160,-1.82251,32.31325,2.99805,0.99554,0.01460,0.00194,-0.09315,0.50983,0.02155,-0.00295,
1770725720423503104,-1.72006,32.30767,2.99704,0.99643,0.01372,0.00490,-0.08313,0.42551,-0.01938,0.00143,
1770725720622722560,-1.63453,32.31049,2.99876,0.99738,0.01046,0.00256,-0.07156,0.44155,-0.01269,-0.02053,
1770725720828800768,-1.53353,32.30407,2.99554,0.99784,0.01094,0.00436,-0.06459,0.56854,-0.00446,-0.03381,
1770725721024859392,-1.40578,32.28404,2.99177,0.99777,0.01516,0.00665,-0.06468,0.74803,-0.14842,-0.06643,
1770725721223323904,-1.26494,32.26990,2.98696,0.99763,0.01431,0.01114,-0.06645,0.64769,-0.01236,-0.00255,
1770725721424935936,-1.12864,32.25586,2.98218,0.99752,0.01472,0.01568,-0.06702,0.67867,-0.06173,0.01282,
1770725721624112640,-0.98616,32.24549,2.98170,0.99757,0.01219,0.01450,-0.06704,0.79148,-0.10113,-0.02642,
1770725721822100992,-0.83162,32.21955,2.97699,0.99748,0.01721,0.01426,-0.06737,0.77899,-0.02768,0.00105,
1770725722022845184,-0.67903,32.20339,2.97525,0.99746,0.01699,0.01199,-0.06810,0.63333,-0.16616,0.03247,
1770725722222932992,-0.52998,32.18748,2.96984,0.99737,0.01680,0.01451,-0.06900,0.81796,-0.14894,-0.04699,
1770725722424613120,-0.35004,32.15513,2.96350,0.99700,0.02187,0.01968,-0.07153,0.93155,-0.05149,-0.02718,
1770725722616534784,-0.19253,32.14623,2.96324,0.99691,0.01760,0.01440,-0.07514,0.78099,-0.05205,0.00079,
1770725722822743296,-0.01848,32.12311,2.95597,0.99683,0.01973,0.01685,-0.07516,0.80250,-0.06003,-0.01554,
1770725723022963712,0.15051,32.10044,2.95246,0.99681,0.02202,0.01685,-0.07485,0.82342,-0.16038,-0.03008,
1770725723235671040,0.31638,32.08602,2.94833,0.99678,0.01965,0.01636,-0.07604,0.74837,-0.13077,-0.04265,
1770725723422987008,0.45231,32.07570,2.94875,0.99687,0.01608,0.01182,-0.07654,0.81117,-0.05603,-0.00639,
1770725723622640384,0.62060,32.06272,2.95161,0.99687,0.01250,0.00793,-0.07760,0.79455,-0.07989,-0.00312,
1770725723821778944,0.77402,32.04890,2.95006,0.99673,0.00948,0.00656,-0.08002,0.60855,-0.07298,0.05553,
1770725724020511232,0.93387,32.03070,2.94300,0.99676,0.00935,0.01162,-0.07899,0.88549,-0.05963,-0.00572,
1770725724222421504,1.11474,32.02168,2.93599,0.99672,0.00401,0.01901,-0.07854,0.74337,-0.09173,-0.01090,
1770725724431100928,1.24188,32.00338,2.93126,0.99732,0.00861,0.02173,-0.06936,0.56544,0.02178,-0.03628,
1770725724620534016,1.32176,32.01364,2.93111,0.99832,0.00470,0.02026,-0.05402,0.28885,0.05439,0.03063,
1770725724815018496,1.40146,32.01263,2.93127,0.99917,0.00732,0.01595,-0.03686,0.45647,-0.04060,-0.00601,
1770725725022674944,1.49889,32.01649,2.93112,0.99965,0.00775,0.01776,-0.01806,0.46627,0.03975,-0.01579,
1770725725238774784,1.59889,32.02356,2.92991,0.99970,0.00470,0.01503,-0.01855,0.43287,-0.04993,-0.00974,
1770725725421260032,1.68188,32.00988,2.92720,0.99969,0.01066,0.01291,-0.01816,0.38232,0.01021,0.01751,
1770725725622463232,1.78488,32.01155,2.92403,0.99974,0.00954,0.01102,-0.01754,0.57674,-0.00899,-0.01406,
1770725725822306560,1.92755,32.00695,2.92005,0.99971,0.01141,0.01244,-0.01728,0.88234,-0.02929,-0.06330,
1770725726020069376,2.13607,31.98675,2.90890,0.99922,0.01795,0.02238,-0.02720,1.06698,-0.23346,0.01514,
1770725726227836416,2.36018,31.94237,2.89516,0.99813,0.03508,0.03560,-0.03518,0.83655,-0.10095,0.02234,
1770725726420795136,2.48741,31.94961,2.90214,0.99871,0.02791,0.01364,-0.04012,0.45058,-0.02343,0.07160,
1770725726619906304,2.63026,31.94249,2.89301,0.99849,0.02757,0.01660,-0.04462,0.66893,-0.08298,0.01793,
1770725726820228608,2.78112,31.93196,2.89215,0.99836,0.02736,0.01425,-0.04827,0.81265,-0.12180,-0.00643,
1770725727019988992,2.94739,31.92003,2.88704,0.99790,0.02643,0.01548,-0.05710,0.92325,-0.05389,-0.08258,
1770725727217925376,3.10549,31.90948,2.88361,0.99768,0.02528,0.01267,-0.06193,0.63655,0.02562,0.06214,
1770725727418863872,3.26433,31.89718,2.87685,0.99731,0.02534,0.01645,-0.06671,0.87912,-0.07776,-0.07714,
1770725727619983616,3.43107,31.89547,2.86860,0.99745,0.02089,0.02138,-0.06488,0.77150,-0.00478,-0.00578,
1770725727818165760,3.56508,31.87892,2.87221,0.99771,0.02548,0.01478,-0.06096,0.61734,-0.02832,0.02235,
1770725728019196928,3.68589,31.87542,2.87740,0.99809,0.02488,0.00862,-0.05585,0.68111,-0.03094,-0.02656,
1770725728217622016,3.81630,31.87720,2.88118,0.99789,0.01808,-0.00157,-0.06241,0.75250,-0.00973,-0.02770,
1770725728418490112,3.97633,31.85542,2.87298,0.99725,0.02130,0.00417,-0.07084,0.83259,-0.16028,-0.08809,
1770725728618701312,4.12347,31.83356,2.87120,0.99692,0.02456,0.00836,-0.07403,0.73356,-0.07421,-0.02388,
1770725728818958592,4.28385,31.82074,2.86485,0.99675,0.02257,0.01267,-0.07622,0.81702,-0.06343,-0.01284,
1770725729018897152,4.43093,31.80842,2.86040,0.99691,0.02143,0.01406,-0.07432,0.76861,-0.05687,-0.09130,
1770725729218571776,4.56935,31.79883,2.84945,0.99721,0.02127,0.02189,-0.06806,0.61611,0.03254,-0.03540,
1770725729419606016,4.65570,31.80155,2.84671,0.99851,0.02183,0.02323,-0.04427,0.19544,0.02458,0.01556,
1770725729619257344,4.70813,31.81035,2.85001,0.99926,0.01956,0.01747,-0.02820,0.32337,0.01828,0.00517,
1770725729819150336,4.79563,31.80611,2.84732,0.99917,0.01840,0.01742,-0.03197,0.51781,0.04133,-0.03591,
1770725730022596608,4.89562,31.80751,2.84611,0.99920,0.01583,0.01684,-0.03268,0.45268,-0.04412,-0.00794,
1770725730219534336,5.00172,31.79851,2.83929,0.99913,0.01725,0.01768,-0.03360,0.59303,0.00964,-0.05087,
1770725730418896128,5.13325,31.79354,2.83032,0.99900,0.01665,0.02095,-0.03576,0.72001,-0.07103,-0.01769,
1770725730618235648,5.27077,31.77125,2.83048,0.99884,0.02275,0.01778,-0.03856,0.77328,-0.10435,-0.04141,
1770725730815313152,5.42389,31.76867,2.82685,0.99834,0.01675,0.01944,-0.05158,0.84414,-0.14204,-0.05627,
1770725731018406400,5.58489,31.75086,2.81846,0.99771,0.01588,0.01693,-0.06359,0.85456,-0.10869,-0.05050,
1770725731218788096,5.73055,31.73371,2.81794,0.99781,0.01860,0.01783,-0.06087,0.52504,-0.01437,0.05553,
1770725731412264704,5.85761,31.73071,2.81440,0.99824,0.01849,0.01962,-0.05291,0.71942,-0.01941,-0.06613,
1770725731615742464,5.99870,31.73109,2.81068,0.99872,0.01676,0.01768,-0.04424,0.66698,0.02366,0.01113,
1770725731819118848,6.13908,31.73865,2.80917,0.99924,0.01437,0.01423,-0.03339,0.77674,0.06003,-0.06574,
1770725732017409024,6.29196,31.74263,2.80292,0.99930,0.01269,0.02022,-0.02895,0.73923,-0.06972,-0.00590,
1770725732215926784,6.44643,31.73577,2.79941,0.99930,0.01372,0.01675,-0.03064,0.76663,-0.05158,-0.03243,
1770725732416618496,6.58920,31.73066,2.79460,0.99906,0.01224,0.01931,-0.03679,0.60706,0.02334,-0.01928,
1770725732614723584,6.72133,31.73266,2.79435,0.99892,0.00644,0.01281,-0.04423,0.87176,-0.10695,-0.00218,
1770725732816820480,6.87945,31.71460,2.79856,0.99837,0.00973,0.00973,-0.05531,0.69040,-0.06490,0.03276,
1770725733016474112,7.01856,31.69815,2.79529,0.99807,0.01243,0.00934,-0.06020,0.65888,-0.10494,-0.03399,
1770725733215858176,7.15407,31.69642,2.79413,0.99741,0.00463,0.00403,-0.07162,0.84843,-0.05731,-0.05748,
1770725733416480256,7.34542,31.66708,2.78391,0.99718,0.00996,0.01509,-0.07287,0.83520,-0.05036,0.02573,
1770725733615831296,7.51863,31.65791,2.77963,0.99732,0.00610,0.01709,-0.07091,0.75517,-0.01327,0.02075,
1770725733809885696,7.67247,31.64727,2.77466,0.99693,0.00104,0.01721,-0.07637,0.78263,-0.07639,-0.00750,
1770725734013892352,7.82444,31.63027,2.77142,0.99697,0.00216,0.01615,-0.07606,0.70632,-0.07674,-0.00422,
1770725734220508928,7.97964,31.62554,2.76642,0.99758,-0.00056,0.01923,-0.06680,0.47907,-0.02174,0.13255,
1770725734415041792,8.09465,31.61914,2.76668,0.99764,-0.00251,0.01618,-0.06661,0.53071,-0.04030,0.02674,
1770725734610944256,8.23340,31.61890,2.76182,0.99765,-0.00761,0.01606,-0.06620,0.81588,-0.15364,-0.09927,
1770725734815884288,8.38211,31.59655,2.75455,0.99750,-0.00416,0.01497,-0.06898,0.60479,-0.05631,-0.00092,
1770725735016220928,8.52108,31.57651,2.75167,0.99737,-0.00050,0.01815,-0.07018,0.68898,-0.14880,-0.03925,
1770725735215273728,8.66961,31.56687,2.74795,0.99726,-0.00420,0.01822,-0.07160,0.75865,-0.06379,-0.01865,
1770725735420473088,8.81534,31.54820,2.74223,0.99722,-0.00251,0.01721,-0.07252,0.77346,-0.01299,-0.09278,
1770725735615450112,8.94467,31.53963,2.73977,0.99715,-0.00437,0.01568,-0.07373,0.53873,-0.01428,0.04676,
1770725735820310016,9.09617,31.52868,2.73468,0.99773,-0.00394,0.01919,-0.06438,0.72799,-0.04852,0.02240,
1770725736033362432,9.26802,31.52006,2.72999,0.99797,-0.00516,0.01892,-0.06063,0.85674,-0.18935,-0.05460,
1770725736216388352,9.41407,31.50203,2.72661,0.99776,-0.00389,0.01626,-0.06476,0.82449,0.08371,-0.07382,
1770725736416043520,9.56083,31.49948,2.72194,0.99796,-0.00729,0.01476,-0.06174,0.77878,-0.02689,-0.06784,
1770725736614719488,9.71400,31.49090,2.71605,0.99829,-0.00648,0.01891,-0.05485,0.67034,0.08234,0.00305,
1770725736813060352,9.82581,31.48323,2.71877,0.99868,-0.00374,0.01097,-0.05005,0.45590,-0.09633,0.05983,
1770725737013742336,9.95376,31.47764,2.72137,0.99869,-0.00562,0.00518,-0.05067,0.65854,-0.02962,0.00925,
1770725737211580160,10.09803,31.46654,2.71517,0.99847,-0.00628,0.00812,-0.05428,0.72843,-0.00623,-0.01608,
1770725737413732608,10.23812,31.46123,2.71428,0.99876,-0.00705,0.00581,-0.04899,0.74477,0.03255,-0.03151,
1770725737613777152,10.40593,31.45475,2.70287,0.99909,-0.00414,0.01859,-0.03823,0.70224,-0.06679,-0.01781,
1770725737820582912,10.53739,31.43791,2.69838,0.99909,0.00250,0.02058,-0.03730,0.57190,-0.06836,-0.01259,
1770725738013860352,10.63121,31.44411,2.70063,0.99913,-0.00282,0.01244,-0.03964,0.36425,0.05440,0.05529,
1770725738212952832,10.75843,31.43746,2.69781,0.99912,-0.00187,0.01511,-0.03896,0.69738,-0.05731,-0.02804,
1770725738413672448,10.90169,31.43652,2.69602,0.99902,-0.00652,0.01088,-0.04251,0.82783,-0.06371,-0.06496,
1770725738615556352,11.05316,31.41660,2.69041,0.99882,-0.00216,0.01208,-0.04704,0.76762,0.05981,-0.03202,
1770725738813166592,11.19939,31.40789,2.68378,0.99872,-0.00207,0.01610,-0.04798,0.57785,-0.06474,0.01538,
1770725739012835840,11.30722,31.40472,2.67904,0.99852,-0.00490,0.01817,-0.05105,0.37326,0.02167,-0.01307,
1770725739212617728,11.37926,31.40166,2.67855,0.99856,-0.00588,0.01531,-0.05109,0.33692,-0.02778,0.04288,
1770725739412462592,11.53625,31.38734,2.66907,0.99813,-0.00714,0.02082,-0.05711,1.15386,-0.05480,-0.10057,
1770725739612528128,11.75063,31.37544,2.66783,0.99779,-0.01176,0.01994,-0.06225,1.19253,-0.09275,-0.10931,
1770725739812387584,11.96800,31.34863,2.65977,0.99748,-0.00878,0.02212,-0.06680,0.91380,-0.14131,0.00274,
1770725740011832320,12.14633,31.33528,2.65279,0.99727,-0.01301,0.02225,-0.06914,0.74156,-0.00830,-0.01727,
1770725740214846976,12.28513,31.32198,2.65672,0.99723,-0.01381,0.01713,-0.07098,0.48372,-0.12232,0.09562,
1770725740414645248,12.43107,31.30934,2.66058,0.99713,-0.01563,0.01193,-0.07306,0.94952,-0.24799,-0.04921,
1770725740607745024,12.60645,31.29315,2.65703,0.99706,-0.01872,0.00890,-0.07372,0.92564,0.01587,0.03097,
1770725740811915264,12.79810,31.28438,2.65698,0.99798,-0.01782,0.01167,-0.05982,1.06754,-0.09838,-0.01752,
1770725741011304704,12.98710,31.25930,2.65048,0.99868,-0.00785,0.01894,-0.04719,0.84658,0.01849,-0.02757,
1770725741210680064,13.11331,31.25476,2.64552,0.99864,-0.00727,0.02544,-0.04494,0.40419,-0.14558,-0.04668,
1770725741412762112,13.12617,31.25708,2.64654,0.99904,-0.00710,0.02080,-0.03790,-0.15508,0.12482,0.04237,
1770725741611470080,13.11497,31.28247,2.65879,0.99911,-0.01827,0.00322,-0.03791,0.06170,0.07660,0.07449,
1770725741817728512,13.18814,31.27602,2.66296,0.99924,-0.01550,0.00124,-0.03562,0.55315,-0.03303,-0.00732,
1770725742009707776,13.32250,31.26449,2.65486,0.99929,-0.01172,0.00965,-0.03458,0.69189,-0.17076,-0.04335,
1770725742210716416,13.47503,31.22668,2.64496,0.99908,0.00291,0.02317,-0.03601,0.73200,-0.14232,-0.04148,
1770725742414402304,13.59561,31.24093,2.65304,0.99924,-0.00829,0.00723,-0.03749,0.52049,0.14725,0.05330,
1770725742610979840,13.73146,31.21890,2.64675,0.99923,0.00079,0.01559,-0.03593,0.77501,-0.30759,-0.08050,
1770725742809170688,13.89079,31.20217,2.63921,0.99886,0.00205,0.01821,-0.04418,0.74354,0.03991,0.07967,
1770725743010958336,14.07522,31.19876,2.63487,0.99877,-0.00022,0.02006,-0.04541,0.85492,-0.09618,0.03096,
1770725743210232832,14.24792,31.17521,2.63387,0.99874,0.00560,0.01776,-0.04651,0.77787,-0.26684,-0.00578,
1770725743410383104,14.41875,31.17067,2.62334,0.99815,-0.00019,0.02261,-0.05642,0.83662,0.01557,-0.07965,
1770725743610684416,14.53848,31.16131,2.62262,0.99813,0.00024,0.02210,-0.05696,0.44039,-0.02169,0.03795,
1770725743808899840,14.65428,31.16644,2.62134,0.99880,-0.00020,0.01921,-0.04509,0.74540,-0.06839,-0.04624,
1770725744010207232,14.80800,31.15451,2.61895,0.99887,0.00287,0.01970,-0.04317,0.75568,-0.08362,0.00561,
1770725744212593920,14.94141,31.15982,2.62126,0.99878,-0.00509,0.01021,-0.04811,0.62064,0.04221,0.00209,
1770725744409067008,15.11160,31.14166,2.60978,0.99879,0.00113,0.02113,-0.04439,0.81958,-0.15583,0.01052,
1770725744610299904,15.28061,31.13782,2.61436,0.99875,-0.00285,0.01340,-0.04804,0.79820,0.03003,0.02236,
1770725744814629120,15.44979,31.12947,2.60880,0.99870,-0.00330,0.01839,-0.04736,0.70693,-0.02606,-0.00142,
1770725745010798336,15.57700,31.12719,2.61269,0.99915,-0.00298,0.00534,-0.04068,0.76880,-0.08362,-0.05372,
1770725745211538688,15.71959,31.11167,2.60173,0.99896,0.00109,0.01702,-0.04224,0.59116,0.07471,-0.03614,
1770725745416013056,15.81040,31.11424,2.60389,0.99909,-0.00138,0.01200,-0.04082,0.41653,0.05647,0.02234,
1770725745609551616,15.92315,31.11858,2.60390,0.99941,-0.00197,0.00969,-0.03282,0.75960,-0.11030,-0.05961,
1770725745808736256,16.08394,31.10581,2.59470,0.99928,0.00196,0.01896,-0.03282,0.68517,-0.09068,-0.01838,
1770725746009722368,16.18824,31.09379,2.59558,0.99945,0.00766,0.01561,-0.02817,0.35312,0.11385,0.04867,
1770725746211180800,16.29495,31.11719,2.59881,0.99965,-0.00267,0.00878,-0.02492,0.79458,-0.08627,-0.09561,
1770725746415480832,16.46394,31.08222,2.57983,0.99915,0.01349,0.02568,-0.02943,0.77382,-0.09718,-0.06392,
1770725746608186368,16.59068,31.07675,2.57610,0.99895,0.01312,0.02608,-0.03544,0.55690,-0.02681,-0.02410,
1770725746810953728,16.72459,31.08011,2.57527,0.99912,0.01130,0.02198,-0.03377,0.71588,-0.05457,-0.00407,
1770725747012535808,16.87058,31.04812,2.56419,0.99845,0.02439,0.03152,-0.03896,0.69467,-0.14688,-0.07856,
1770725747203860480,16.96267,31.05388,2.56604,0.99867,0.01806,0.02232,-0.04285,0.35784,0.11371,0.04519,
1770725747423967488,17.07986,31.06033,2.56514,0.99884,0.01345,0.01563,-0.04351,0.79826,-0.11376,-0.06741,
1770725747607926016,17.26826,31.03492,2.55352,0.99831,0.01872,0.02354,-0.04969,1.13239,-0.05770,-0.10373,
1770725747807452928,17.47459,31.00858,2.54022,0.99767,0.02403,0.03121,-0.05566,1.02264,-0.05097,-0.07924,
1770725748016216832,17.64912,30.99862,2.53863,0.99756,0.02046,0.02335,-0.06259,0.91812,-0.11738,-0.01793,
1770725748207721984,17.83228,30.97269,2.53315,0.99719,0.02380,0.02161,-0.06764,0.97564,-0.09363,-0.06512,
1770725748406588672,18.02718,30.95156,2.53151,0.99702,0.02271,0.01834,-0.07139,0.93520,-0.09515,-0.01659,
1770725748607745536,18.18924,30.94072,2.53419,0.99727,0.01972,0.01001,-0.07039,0.67652,-0.04062,0.01681,
1770725748806981120,18.33598,30.93705,2.53359,0.99803,0.01883,0.00805,-0.05937,0.80370,0.05688,-0.07814,
1770725749007767552,18.46462,30.94494,2.52547,0.99904,0.01732,0.01637,-0.03683,0.53589,0.03152,-0.05521,
1770725749207112192,18.55370,30.95859,2.52504,0.99964,0.01668,0.01682,-0.01258,0.44426,0.13085,0.02250,
1770725749407102976,18.65805,30.97905,2.52679,0.99977,0.01486,0.01417,0.00552,0.60097,0.04406,-0.01215,
1770725749605585664,18.80265,30.96542,2.51246,0.99918,0.02344,0.03282,0.00179,0.59583,-0.14753,-0.03140,
1770725749807331584,18.88711,30.96486,2.51317,0.99931,0.02395,0.02844,-0.00068,0.28607,0.09027,0.03345,
1770725750006820352,18.94526,30.97133,2.51596,0.99958,0.02114,0.01918,-0.00463,0.31560,-0.05491,-0.01908,
1770725750207066112,19.00149,30.96337,2.51567,0.99952,0.02350,0.01723,-0.01096,0.28867,0.02927,0.00394,
1770725750406116096,19.08173,30.96407,2.51838,0.99955,0.02191,0.01302,-0.01567,0.52690,-0.00957,-0.02707,
1770725750606513920,19.20711,30.95170,2.50963,0.99923,0.02661,0.02005,-0.02064,0.65102,-0.09097,-0.05144,
1770725750806722816,19.32477,30.94882,2.50428,0.99915,0.02642,0.02085,-0.02369,0.50624,-0.01663,0.00204,
1770725751018871296,19.44765,30.94429,2.50225,0.99892,0.02532,0.01989,-0.03348,0.66012,-0.03654,0.01815,
1770725751206109952,19.59918,30.92562,2.49366,0.99846,0.03139,0.02694,-0.03701,0.87063,-0.09913,-0.05660,
1770725751406951168,19.74330,30.92029,2.49031,0.99845,0.03062,0.02410,-0.03966,0.63925,-0.03821,-0.01170,
1770725751606244352,19.88105,30.90778,2.48600,0.99814,0.03332,0.02665,-0.04353,0.62196,0.04249,0.03609,
1770725751801699072,20.03006,30.91792,2.48131,0.99843,0.02586,0.02555,-0.04255,0.88500,-0.21018,-0.10978,
1770725752007111168,20.19317,30.89792,2.47820,0.99819,0.03064,0.02519,-0.04519,0.67413,0.01827,0.02905,
1770725752205605632,20.33140,30.88616,2.47451,0.99811,0.03353,0.02315,-0.04593,0.71830,0.02736,-0.02093,
1770725752405642496,20.48691,30.89161,2.46890,0.99823,0.02784,0.02678,-0.04511,0.82462,-0.08456,-0.03149,
1770725752604063232,20.64542,30.87846,2.46416,0.99831,0.03226,0.02670,-0.04030,0.79166,-0.02744,-0.02261,
1770725752804360704,20.78890,30.87425,2.46054,0.99845,0.03232,0.02463,-0.03797,0.74461,0.01949,-0.05489,
1770725753004286208,20.93598,30.87966,2.46064,0.99882,0.02735,0.01953,-0.03506,0.86996,0.00599,-0.03418,
1770725753204100352,21.09570,30.86584,2.45487,0.99859,0.03066,0.02172,-0.03741,0.70085,-0.01325,-0.00060,
1770725753402766848,21.23641,30.85692,2.45517,0.99842,0.03044,0.01975,-0.04291,0.72531,-0.11647,-0.00579,
1770725753602918144,21.35750,30.84228,2.45769,0.99764,0.02613,0.01237,-0.06233,0.70650,-0.08688,-0.00709,
1770725753805233920,21.48165,30.81356,2.45540,0.99530,0.02566,0.01317,-0.09239,0.53221,-0.12389,-0.00917,
1770725754003468288,21.59339,30.79532,2.45250,0.99459,0.02293,0.01370,-0.10042,0.58129,-0.16691,0.01433,
1770725754204821504,21.74593,30.74948,2.44750,0.99339,0.02828,0.01688,-0.10995,0.92094,-0.26858,-0.07710,
1770725754402628864,21.89772,30.73080,2.44803,0.99341,0.02379,0.01489,-0.11112,0.64520,-0.02889,0.02104,
1770725754603787520,22.01760,30.70904,2.44678,0.99366,0.02521,0.01619,-0.10834,0.50150,-0.04151,0.00900,
1770725754804985344,22.11404,30.70900,2.44594,0.99532,0.02245,0.01411,-0.09296,0.43620,-0.02429,-0.01000,
1770725755008184320,22.20213,30.70420,2.44384,0.99688,0.02345,0.01501,-0.07386,0.43940,-0.00563,-0.02542,
1770725755202367744,22.28350,30.70324,2.43966,0.99811,0.02336,0.01794,-0.05389,0.36578,0.02459,0.00166,
1770725755403334912,22.37725,30.69701,2.43862,0.99825,0.02292,0.01725,-0.05173,0.53335,-0.07686,-0.04194,
1770725755602674176,22.48624,30.68429,2.43057,0.99803,0.02380,0.02219,-0.05362,0.45071,-0.01597,0.00228,
1770725755803833600,22.59509,30.67966,2.42770,0.99815,0.02125,0.02150,-0.05272,0.59347,-0.03040,-0.00857,
1770725756002637056,22.74886,30.66385,2.42449,0.99810,0.02272,0.02174,-0.05298,0.81330,-0.08599,0.02759,
1770725756200065792,22.91129,30.65107,2.42146,0.99800,0.02197,0.02208,-0.05507,0.62009,-0.12717,0.06083,
1770725756399479040,23.05194,30.64012,2.41850,0.99794,0.01998,0.01628,-0.05880,0.75373,-0.06281,-0.01988,
1770725756602999040,23.21467,30.62068,2.41592,0.99774,0.02057,0.01555,-0.06202,0.92634,-0.03812,-0.05632,
1770725756801047040,23.38779,30.61038,2.41230,0.99766,0.01788,0.01581,-0.06410,0.91751,-0.09398,0.01141,
1770725757001074432,23.55668,30.59383,2.40346,0.99766,0.01967,0.01973,-0.06236,0.84500,-0.02615,-0.05508,
1770725757199348736,23.72212,30.57268,2.39946,0.99756,0.02255,0.02108,-0.06262,0.81299,-0.12528,0.00471,
1770725757400297728,23.88763,30.56330,2.39130,0.99731,0.01832,0.02393,-0.06686,0.80978,-0.24112,-0.03240,
1770725757602892800,24.03009,30.54471,2.39190,0.99714,0.01785,0.01824,-0.07120,0.64551,-0.03453,0.01274,
1770725757803532288,24.16014,30.53377,2.39245,0.99732,0.01747,0.01390,-0.06966,0.62857,-0.01114,0.00886,
1770725758001210112,24.30394,30.53001,2.39170,0.99783,0.01547,0.01020,-0.06323,0.81035,-0.04431,-0.02275,
1770725758201067264,24.46603,30.51395,2.38872,0.99806,0.01902,0.01171,-0.05819,0.75970,-0.10321,-0.00770,
1770725758402038528,24.60784,30.50566,2.38314,0.99814,0.01793,0.01250,-0.05696,0.75820,0.03743,-0.05914,
1770725758598844416,24.76122,30.48681,2.37832,0.99802,0.02286,0.01883,-0.05553,0.75869,-0.12251,-0.04253,
1770725758802587648,24.91180,30.47799,2.37286,0.99774,0.02010,0.01872,-0.06128,0.66780,-0.02061,-0.00976,
1770725759000385536,25.06520,30.45331,2.36117,0.99716,0.02553,0.02837,-0.06493,0.63281,-0.08542,-0.02520,
1770725759200549888,25.19027,30.45322,2.36688,0.99761,0.01922,0.01270,-0.06507,0.87064,-0.04929,-0.02324,
1770725759400607232,25.40416,30.42309,2.34763,0.99719,0.02543,0.02688,-0.06515,1.12752,0.00742,-0.08064,
1770725759600587520,25.60305,30.40034,2.34069,0.99674,0.02632,0.02709,-0.07129,0.77785,0.00108,0.02562,
1770725759800429056,25.77133,30.39089,2.33599,0.99702,0.02319,0.02282,-0.06995,0.58410,-0.05408,0.11606,
1770725760001980416,25.94391,30.38015,2.32985,0.99763,0.02378,0.02120,-0.06104,0.76607,-0.16997,-0.00087,
1770725760199900928,26.12374,30.37251,2.32438,0.99765,0.02128,0.02410,-0.06050,0.78205,-0.00984,0.04941,
1770725760400229376,26.31206,30.35682,2.31777,0.99760,0.02025,0.02381,-0.06176,1.04519,-0.16718,-0.04456,
1770725760600318976,26.51292,30.33855,2.31084,0.99726,0.02009,0.02375,-0.06711,0.81937,-0.07488,0.06887,
1770725760799472384,26.71086,30.32076,2.30057,0.99681,0.01884,0.02859,-0.07205,0.97432,-0.02857,-0.03867,
1770725760999399424,26.89186,30.30043,2.29718,0.99716,0.02006,0.02118,-0.06937,0.80693,-0.22112,-0.00209,
1770725761213053696,27.08353,30.29483,2.29033,0.99721,0.01286,0.02643,-0.06857,0.65686,-0.13532,0.05121,
1770725761401786624,27.19731,30.29057,2.29734,0.99801,0.01139,0.01323,-0.06054,0.56555,-0.00415,0.01649,
1770725761598326784,27.34378,30.29510,2.29837,0.99869,0.00633,0.00897,-0.04988,0.85753,-0.03805,-0.02370,
1770725761799424512,27.51710,30.27541,2.29435,0.99879,0.01222,0.01195,-0.04601,0.81332,0.01324,0.00187,
1770725761997924864,27.67423,30.28383,2.29293,0.99872,0.00353,0.01042,-0.04935,0.82089,-0.09136,-0.03032,
1770725762198771968,27.86229,30.25095,2.28341,0.99849,0.01453,0.01878,-0.04948,0.98494,-0.12824,-0.08847,
1770725762397951488,28.05088,30.23289,2.27742,0.99827,0.01594,0.01953,-0.05313,0.96328,-0.00806,-0.05759,
1770725762598896640,28.24469,30.22893,2.26862,0.99805,0.01078,0.02149,-0.05766,0.93452,-0.15077,-0.01787,
1770725762798691840,28.43347,30.19362,2.25996,0.99776,0.01959,0.02307,-0.05970,0.89777,0.02455,0.03524,
1770725762998821376,28.62718,30.17876,2.24895,0.99756,0.01908,0.02816,-0.06091,0.99635,-0.09542,-0.06482,
1770725763198132992,28.79559,30.17712,2.24840,0.99780,0.01361,0.02118,-0.06137,0.98525,-0.06564,-0.05723,
1770725763398825216,28.98753,30.15813,2.23580,0.99797,0.01513,0.02826,-0.05497,0.99271,0.08080,-0.11156,
1770725763600091904,29.18395,30.15427,2.22687,0.99839,0.01556,0.02851,-0.04659,0.99648,-0.11607,0.01028,
1770725763798447360,29.37706,30.14384,2.22053,0.99826,0.01462,0.02879,-0.04926,0.83224,-0.09105,0.03372,
1770725763998257920,29.55381,30.13818,2.22191,0.99835,0.01008,0.01997,-0.05280,1.01173,-0.01901,-0.05202,
1770725764197824000,29.74877,30.12725,2.21526,0.99824,0.00845,0.01836,-0.05569,1.08027,-0.08870,-0.07737,
1770725764398029056,29.94806,30.11340,2.21143,0.99788,0.00547,0.01940,-0.06190,0.95545,-0.05468,-0.03654,
1770725764597432832,30.15006,30.09273,2.20251,0.99754,0.00526,0.02210,-0.06632,1.11873,-0.11458,-0.06699,
1770725764796749568,30.33727,30.07304,2.19941,0.99730,0.00436,0.02168,-0.07002,0.96554,-0.05560,-0.06393,
1770725764997651456,30.51534,30.05898,2.19453,0.99765,0.00488,0.02026,-0.06522,0.90986,-0.03359,-0.05364,
1770725765198254080,30.68621,30.04753,2.19422,0.99812,0.00506,0.01685,-0.05878,0.93960,-0.03433,-0.04967,
1770725765409315584,30.87029,30.03620,2.19310,0.99865,0.00718,0.01299,-0.04971,0.95747,-0.09267,-0.01712,
1770725765598407936,31.05885,30.02196,2.18080,0.99850,0.00792,0.01937,-0.05059,1.06925,-0.04916,-0.06404,
1770725765794533888,31.24059,29.99480,2.18080,0.99838,0.01729,0.02245,-0.04942,0.90477,-0.18101,-0.01428,
1770725765996563456,31.42957,29.99057,2.16839,0.99800,0.00953,0.02492,-0.05733,0.87502,0.06964,-0.06123,
1770725766195558912,31.59219,29.96676,2.16167,0.99796,0.01531,0.02421,-0.05705,0.84865,-0.00524,-0.05419,
1770725766400835072,31.77103,29.95773,2.15328,0.99837,0.01641,0.02961,-0.04598,0.98230,-0.08522,-0.11555,
1770725766597459200,31.94532,29.96165,2.14903,0.99900,0.01108,0.02433,-0.03597,0.91701,0.06194,-0.07285,
1770725766796985088,32.12499,29.95227,2.14693,0.99921,0.01446,0.02327,-0.02883,0.87722,-0.06895,0.00923,
1770725766997346048,32.30183,29.95595,2.14344,0.99936,0.01140,0.02033,-0.02696,0.95922,-0.03927,-0.06010,
1770725767195780096,32.46087,29.95132,2.14275,0.99936,0.00958,0.01637,-0.03039,0.72424,0.00524,0.01603,
1770725767401224192,32.64114,29.94054,2.13792,0.99921,0.01329,0.02091,-0.03121,0.91225,-0.05984,0.00352,
1770725767597157888,32.82000,29.94436,2.13964,0.99929,0.00664,0.01403,-0.03420,1.00905,-0.04522,-0.04165,
1770725767795294208,33.01120,29.92613,2.13768,0.99909,0.01079,0.01661,-0.03785,0.77839,0.05198,0.07173,
1770725767994454272,33.18132,29.92036,2.14148,0.99914,0.01100,0.00907,-0.03887,0.90956,-0.15239,0.01666,
1770725768195049728,33.36251,29.90397,2.13914,0.99910,0.01482,0.00538,-0.03943,0.87753,0.07017,-0.05784,
1770725768393341184,33.57064,29.89869,2.13465,0.99873,0.01092,0.01528,-0.04682,1.07350,-0.02529,-0.07669,
1770725768593602304,33.77102,29.87304,2.13211,0.99844,0.01728,0.01438,-0.05107,0.97610,-0.17841,0.00691,
1770725768795828992,33.99103,29.85189,2.12265,0.99801,0.02030,0.01720,-0.05722,1.09342,-0.18127,-0.10293,
1770725769003431936,34.20483,29.84152,2.12108,0.99757,0.01084,0.01607,-0.06695,0.84095,-0.00109,0.07661,
1770725769193836288,34.39300,29.82163,2.11837,0.99779,0.01576,0.01621,-0.06246,0.84714,-0.03862,0.04802,
1770725769398378496,34.60961,29.81248,2.11270,0.99804,0.01394,0.01762,-0.05849,1.15651,0.03554,-0.03512,
1770725769594227456,34.82482,29.79919,2.10166,0.99806,0.01326,0.02506,-0.05534,1.06199,-0.10437,-0.04450,
1770725769795134976,35.03213,29.78328,2.09332,0.99784,0.01274,0.02832,-0.05780,0.99815,-0.06053,-0.01419,
1770725769995105536,35.22162,29.77453,2.09296,0.99789,0.00953,0.02188,-0.06031,0.92282,-0.08787,-0.02380,
1770725770193938688,35.40151,29.75150,2.09364,0.99784,0.01255,0.01494,-0.06267,0.86997,-0.10327,0.02724,
1770725770393383168,35.58443,29.74272,2.09471,0.99796,0.00862,0.01034,-0.06246,1.04705,0.04739,-0.05176,
1770725770593400320,35.79764,29.73350,2.09010,0.99828,0.00690,0.01339,-0.05658,1.08064,-0.14740,0.00600,
1770725770793850624,35.99449,29.70899,2.09127,0.99799,0.01024,0.01276,-0.06124,0.98542,-0.12220,-0.02091,
1770725770994729984,36.18493,29.70518,2.09571,0.99787,0.00108,0.00481,-0.06508,1.09858,0.04029,-0.07644,
1770725771195568384,36.41863,29.66079,2.08414,0.99729,0.01157,0.01996,-0.06989,1.12281,-0.16603,-0.02440,
1770725771393163776,36.62440,29.65102,2.08827,0.99714,0.00439,0.01458,-0.07406,1.09698,-0.10132,-0.06635,
1770725771593663232,36.84477,29.61796,2.07738,0.99717,0.00833,0.01658,-0.07288,1.15314,-0.05728,-0.03698,
1770725771793141248,37.09060,29.58697,2.06688,0.99688,0.01034,0.03072,-0.07196,1.10861,-0.06774,0.05050,
1770725771992785664,37.30688,29.57622,2.06198,0.99727,0.00412,0.02487,-0.06937,1.28988,-0.11131,-0.14994,
1770725772189550336,37.49423,29.54604,2.06027,0.99745,0.00920,0.01674,-0.06881,1.09418,-0.00904,-0.12447,
1770725772392257280,37.68913,29.54871,2.06250,0.99763,-0.00174,0.01759,-0.06646,1.02683,0.00384,-0.06813,
1770725772593255168,37.90021,29.53351,2.05487,0.99763,-0.00403,0.02102,-0.06543,1.02873,0.01332,-0.01569,
1770725772793478400,38.10527,29.51607,2.05171,0.99786,-0.00157,0.01907,-0.06248,1.07726,-0.03406,-0.02062,
1770725772991891456,38.30766,29.50239,2.04744,0.99817,-0.00064,0.01981,-0.05709,0.84464,-0.06374,0.07564,
1770725773192641792,38.48237,29.50030,2.05011,0.99859,-0.00311,0.01241,-0.05161,0.98046,-0.13271,0.00647,
1770725773391496704,38.67988,29.49585,2.04424,0.99882,-0.00540,0.01343,-0.04636,1.00055,0.03839,0.00353,
1770725773591848704,38.87496,29.48312,2.04926,0.99910,-0.00159,0.01126,-0.04090,1.00624,-0.08638,-0.06187,
1770725773790958848,39.06433,29.48416,2.05208,0.99914,-0.00620,0.00551,-0.04071,1.03175,-0.04687,-0.01184,
1770725773992633856,39.26527,29.45987,2.04522,0.99883,0.00130,0.01447,-0.04604,0.90914,-0.18960,0.00497,
1770725774193936640,39.45335,29.44965,2.03890,0.99855,-0.00216,0.01680,-0.05107,0.97732,0.04650,0.01966,
1770725774395979264,39.66204,29.43145,2.03665,0.99868,0.00232,0.01645,-0.04859,1.06145,-0.13556,-0.07070,
1770725774589586432,39.86526,29.42145,2.02951,0.99845,-0.00024,0.02165,-0.05132,1.04267,0.07547,-0.09377,
1770725774791239680,40.04444,29.41396,2.03693,0.99898,0.00011,0.00952,-0.04424,0.90748,-0.06450,0.01503,
1770725774990404352,40.24893,29.39856,2.03230,0.99913,0.00488,0.01507,-0.03860,1.08141,0.05222,-0.00336,
1770725775190349056,40.45244,29.40474,2.03326,0.99920,-0.00196,0.00662,-0.03930,1.03727,0.01476,-0.04208,
1770725775390049024,40.65072,29.37612,2.03032,0.99916,0.00835,0.00850,-0.03914,0.91202,0.02062,0.10545,
1770725775590195456,40.85540,29.37644,2.03234,0.99911,0.00305,0.00680,-0.04145,1.19640,-0.12479,-0.05263,
1770725775790947840,41.09182,29.34573,2.02565,0.99873,0.01082,0.01570,-0.04667,1.19811,-0.18920,-0.02553,
1770725775989189888,41.31841,29.34892,2.01843,0.99829,-0.00341,0.01918,-0.05509,0.99839,-0.01603,0.03852,
1770725776188801792,41.52610,29.32107,2.02104,0.99837,0.00431,0.01419,-0.05507,0.75278,-0.36420,0.08145,
1770725776388838144,41.71390,29.30495,2.02798,0.99779,-0.00064,0.00396,-0.06626,0.88328,0.04978,0.06330,
1770725776598323712,41.95076,29.29472,2.02911,0.99753,-0.00734,0.00169,-0.06990,1.25185,-0.33813,0.04979,
1770725776789352960,42.21042,29.23654,2.01443,0.99708,0.01052,0.01998,-0.07291,1.31208,-0.12791,-0.07589,
1770725776987833856,42.45885,29.22555,1.99581,0.99625,0.00101,0.03345,-0.07983,1.15066,-0.20929,-0.07375,
1770725777184622336,42.68404,29.19370,1.98596,0.99705,0.01096,0.03603,-0.06695,0.99132,-0.22454,0.03305,
1770725777389452544,42.85463,29.20627,2.00187,0.99810,-0.00171,0.01328,-0.06016,0.68447,0.03499,0.17175,
1770725777600746496,42.99100,29.20716,2.02672,0.99822,-0.00507,-0.01763,-0.05683,0.60742,-0.07392,0.10456,
1770725777788266752,43.14166,29.19009,2.03032,0.99807,-0.00272,-0.01870,-0.05908,1.00178,0.04064,-0.03515,
1770725777987604992,43.33811,29.17781,2.02955,0.99778,-0.00527,-0.01219,-0.06521,1.13415,-0.00017,-0.08378,
1770725778187050496,43.57919,29.16411,2.01387,0.99736,-0.00979,0.01465,-0.07050,1.16407,-0.19082,-0.09053,
1770725778387401472,43.82981,29.12671,1.99642,0.99729,-0.00049,0.03275,-0.06590,1.19620,-0.13304,-0.04284,
1770725778597746176,44.06868,29.09056,1.98590,0.99702,0.00712,0.03863,-0.06646,1.08780,-0.19445,-0.04346,
1770725778788753664,44.24829,29.06157,1.98396,0.99715,0.01123,0.03028,-0.06825,0.96011,-0.03303,-0.04187,
1770725778988433152,44.40935,29.06916,1.98747,0.99732,-0.00149,0.01785,-0.07098,0.83969,-0.01097,-0.00345,
1770725779186864896,44.58203,29.03982,1.98735,0.99804,0.00782,0.01069,-0.06121,0.95630,-0.01172,0.01266,
1770725779386006784,44.77807,29.03683,1.97683,0.99883,0.00743,0.01870,-0.04402,1.04181,0.11574,-0.06717,
1770725779587218176,44.95708,29.05346,1.97573,0.99956,0.00176,0.01522,-0.02531,0.85285,0.04434,0.01705,
1770725779787686912,45.19486,29.03510,1.94998,0.99899,0.00890,0.03812,-0.02215,1.14156,-0.16667,-0.02328,
1770725779989954048,45.39865,29.03968,1.94931,0.99922,0.00429,0.02882,-0.02671,0.90159,0.04717,-0.01357,
1770725780187560448,45.57288,29.02391,1.94237,0.99922,0.00908,0.02553,-0.02886,0.81357,0.08970,-0.02426,
1770725780397561856,45.74258,29.03235,1.93901,0.99937,0.00393,0.02022,-0.02898,1.04200,-0.13534,-0.07643,
1770725780587202048,45.93345,29.03036,1.93454,0.99919,-0.00044,0.02076,-0.03440,0.88949,0.11363,0.01626,
1770725780786515200,46.15118,29.02327,1.92013,0.99908,0.00264,0.02824,-0.03224,0.95791,-0.02216,0.05924,
1770725780990636288,46.34756,29.01502,1.91646,0.99900,0.00232,0.02334,-0.03796,0.88878,-0.20409,0.02699,
1770725781185889792,46.53605,29.00605,1.91532,0.99886,-0.00021,0.01753,-0.04441,0.95525,-0.06850,-0.07099,
1770725781387212288,46.75548,28.99052,1.90219,0.99842,-0.00062,0.02446,-0.05051,0.96024,-0.06430,-0.00746,
1770725781586579200,46.95087,28.97581,1.89631,0.99829,0.00070,0.02559,-0.05251,0.98751,-0.14665,-0.05141,
1770725781786500096,47.15641,28.96348,1.88769,0.99812,-0.00135,0.02348,-0.05655,1.03983,-0.02299,0.02663,
1770725781987238912,47.39272,28.94299,1.87090,0.99767,0.00015,0.03309,-0.05960,1.10174,-0.24691,0.01670,
1770725782185542144,47.56298,28.92116,1.88854,0.99792,0.00165,0.00745,-0.06405,0.90057,-0.04734,-0.02259,
1770725782386291968,47.77035,28.90474,1.88578,0.99779,0.00093,0.00607,-0.06609,0.95664,-0.04588,-0.01965,
1770725782589488896,47.99616,28.87850,1.87231,0.99747,0.00330,0.01573,-0.06918,1.01123,-0.27589,0.00659,
1770725782786612224,48.18954,28.86341,1.87145,0.99794,0.00269,0.01321,-0.06265,0.96795,0.04771,0.02731,
1770725782986426112,48.40350,28.84680,1.86388,0.99823,0.00494,0.01556,-0.05723,1.03138,0.04789,-0.10334,
1770725783187088896,48.61545,28.82396,1.85053,0.99800,0.00881,0.02470,-0.05744,0.94257,-0.17524,-0.03549,
1770725783386636800,48.81735,28.81860,1.84558,0.99801,0.00395,0.02213,-0.05897,1.13397,-0.02055,-0.09303,
1770725783597090304,49.04515,28.80162,1.83513,0.99767,0.00271,0.02748,-0.06236,1.10954,-0.10280,-0.07864,
1770725783785571072,49.23962,28.78250,1.82939,0.99756,0.00261,0.02486,-0.06517,1.11145,-0.12311,0.01558,
1770725783985440000,49.44510,28.78225,1.82256,0.99782,-0.00526,0.02248,-0.06178,1.05543,0.02702,-0.01416,
1770725784184527872,49.66696,28.76985,1.81400,0.99830,-0.00431,0.02293,-0.05350,1.10426,-0.10874,-0.01382,
1770725784385134592,49.87477,28.75808,1.81318,0.99860,-0.00417,0.02025,-0.04870,0.98066,-0.01355,0.01869,
1770725784584224256,50.09459,28.75361,1.80257,0.99877,-0.00660,0.02380,-0.04297,1.17925,-0.04329,-0.11215,
1770725784785280000,50.31816,28.72630,1.79974,0.99881,0.00331,0.02438,-0.04205,1.05494,-0.18430,-0.04684,
1770725784986430208,50.51164,28.72436,1.80253,0.99896,-0.00106,0.01342,-0.04364,0.88283,-0.02882,-0.00264,
1770725785188592384,50.71115,28.71651,1.79919,0.99894,-0.00202,0.00762,-0.04536,1.11924,-0.16041,0.01130,
1770725785384139008,50.91588,28.68546,1.79734,0.99878,0.00713,0.00949,-0.04804,1.02000,0.08723,0.01440,
1770725785583940608,51.13422,28.67970,1.79064,0.99866,0.00364,0.01236,-0.05006,1.13228,-0.24274,-0.05499,
1770725785783319040,51.38326,28.65708,1.77710,0.99812,0.00518,0.02202,-0.05691,1.28144,-0.17411,-0.04620,
1770725785983274496,51.64216,28.62721,1.75851,0.99749,0.00776,0.03121,-0.06301,1.19134,-0.00362,-0.03205,
1770725786182801152,51.87596,28.60369,1.75289,0.99721,0.00679,0.02621,-0.06949,0.95787,-0.16251,0.00216,
1770725786383961600,52.08848,28.59384,1.74723,0.99751,0.00276,0.02162,-0.06708,1.09457,-0.06126,-0.08136,
1770725786583603200,52.29346,28.58108,1.73953,0.99772,-0.00122,0.02156,-0.06393,1.18905,0.03353,-0.09226,
1770725786793205760,52.52237,28.56602,1.72432,0.99779,-0.00023,0.02880,-0.05986,1.33658,-0.06879,-0.18730,
1770725786982942720,52.76174,28.54587,1.70458,0.99715,-0.00037,0.04252,-0.06237,1.03644,-0.12885,0.05651,
1770725787184112384,52.95970,28.52204,1.70608,0.99725,0.00305,0.03152,-0.06701,0.90022,-0.14838,0.02162,
1770725787382541056,53.15214,28.51229,1.70392,0.99755,-0.00150,0.01397,-0.06850,1.34765,-0.16332,-0.12108,
1770725787581745664,53.38777,28.48390,1.69911,0.99727,-0.00044,0.01729,-0.07177,1.13887,-0.20230,0.03514,
1770725787784726784,53.61734,28.45735,1.69568,0.99702,-0.00028,0.01851,-0.07488,1.07186,0.06917,-0.00669,
1770725787981630464,53.83035,28.45581,1.69309,0.99714,-0.00875,0.01562,-0.07340,1.11786,-0.20662,-0.09634,
1770725788184212736,54.05928,28.42044,1.68371,0.99761,0.00014,0.02095,-0.06586,1.16797,-0.19366,-0.06391,
1770725788382273792,54.28158,28.40730,1.68011,0.99818,-0.00114,0.01872,-0.05734,1.18351,-0.10675,0.02151,
1770725788582563328,54.52256,28.38043,1.66914,0.99851,0.00629,0.02481,-0.04830,1.26440,-0.16063,-0.06914,
1770725788782521856,54.76836,28.37897,1.66022,0.99865,0.00069,0.01998,-0.04788,1.34780,-0.19562,-0.03203,
1770725788983300352,55.02956,28.34852,1.64343,0.99815,0.00478,0.03031,-0.05244,1.61426,0.08056,-0.23645,
1770725789181750784,55.28085,28.33593,1.62954,0.99757,0.00054,0.03426,-0.06065,1.14533,-0.15344,-0.03411,
1770725789382915328,55.51773,28.30777,1.61879,0.99747,0.00383,0.03339,-0.06262,0.96535,-0.09433,0.02127,
1770725789583296256,55.74127,28.30524,1.61091,0.99796,-0.00138,0.03075,-0.05587,1.23647,-0.09799,-0.07794,
1770725789782512896,55.93313,28.29535,1.61568,0.99853,-0.00135,0.01890,-0.05082,0.90015,-0.04264,0.02446,
1770725789981046784,56.11780,28.29349,1.61380,0.99886,-0.00303,0.01272,-0.04601,1.03815,-0.00972,-0.02835,
1770725790182466048,56.32992,28.28669,1.62112,0.99890,-0.00376,0.00372,-0.04663,1.37492,-0.08758,-0.13683,
1770725790381044224,56.59326,28.26678,1.60756,0.99853,-0.00344,0.01781,-0.05110,1.19919,0.02396,-0.10615,
1770725790581733120,56.84449,28.24637,1.60370,0.99828,-0.00027,0.02076,-0.05475,1.23351,-0.22238,-0.12416,
1770725790782334976,57.06236,28.22512,1.59784,0.99782,-0.00170,0.01883,-0.06328,1.04335,-0.10541,-0.03468,
1770725790980771072,57.27933,28.19606,1.59043,0.99742,0.00100,0.02284,-0.06810,1.15497,-0.11413,-0.06334,
1770725791180222976,57.49304,28.18184,1.58625,0.99703,-0.00672,0.02202,-0.07353,1.13389,-0.11264,-0.10902,
1770725791380687616,57.76919,28.14529,1.56628,0.99664,-0.00241,0.03276,-0.07500,1.33815,-0.00610,-0.06624,
1770725791581718016,58.01477,28.12371,1.55893,0.99670,-0.00732,0.03250,-0.07396,1.13702,-0.08318,-0.05830,
1770725791780766208,58.25131,28.11226,1.55354,0.99736,-0.01143,0.02877,-0.06574,1.35242,-0.07445,-0.08363,
1770725791980349184,58.50948,28.09178,1.54403,0.99809,-0.00739,0.02942,-0.05382,1.26592,-0.24439,0.00452,
1770725792179099904,58.74667,28.09126,1.54772,0.99873,-0.01247,0.02010,-0.04445,1.27594,0.03029,-0.02766,
1770725792376415232,59.00358,28.09248,1.53744,0.99923,-0.01180,0.01925,-0.03221,1.34990,0.07636,0.04797,
1770725792579886592,59.28321,28.07860,1.53659,0.99935,-0.00474,0.02374,-0.02668,1.14570,-0.09565,0.14304,
1770725792779970048,59.53233,28.08103,1.53824,0.99936,-0.00787,0.01276,-0.03262,1.15164,-0.06212,0.02318,
1770725792980668160,59.82949,28.06748,1.51345,0.99879,-0.00611,0.03185,-0.03692,1.57045,-0.25280,-0.15887,
1770725793180049408,60.10463,28.04980,1.50633,0.99849,-0.00243,0.03345,-0.04354,1.45090,-0.07428,-0.13901,
1770725793377978624,60.36349,28.01544,1.49849,0.99804,0.00386,0.03073,-0.05429,1.15675,0.02522,-0.08978,
1770725793586969600,60.62579,28.00653,1.49187,0.99804,-0.00132,0.02542,-0.05716,1.34592,-0.41026,-0.09199,
1770725793781840128,60.89591,27.96654,1.47880,0.99724,0.00431,0.03205,-0.06689,1.12426,-0.30318,0.04900,
1770725793979574528,61.16918,27.93745,1.46633,0.99662,0.00221,0.03056,-0.07628,1.42351,-0.23546,-0.04471,
1770725794179735296,61.44261,27.88060,1.45594,0.99575,0.01224,0.03603,-0.08390,1.48757,-0.30509,-0.14413,
1770725794377809408,61.67142,27.86626,1.45294,0.99537,0.00001,0.01828,-0.09434,1.29954,-0.29941,-0.04908,
1770725794578900736,61.88511,27.81665,1.45553,0.99555,0.00935,0.01011,-0.09317,1.00564,-0.15996,0.07050,
1770725794777919232,62.11078,27.80485,1.44749,0.99487,-0.00704,0.01297,-0.10010,0.97626,-0.06741,-0.07578,
1770725794978992384,62.30844,27.77622,1.43778,0.99559,-0.00375,0.02230,-0.09105,0.67427,-0.12818,-0.04897,
1770725795176265984,62.40352,27.75219,1.43074,0.99551,0.00421,0.03441,-0.08806,-0.02192,0.01848,0.01422,
1770725795376843008,62.38226,27.76735,1.43583,0.99631,-0.00006,0.02526,-0.08200,-0.25038,0.05055,0.01218,
1770725795588659200,62.38405,27.77200,1.43942,0.99820,-0.00084,0.02111,-0.05608,-0.06222,0.10492,0.01176,
1770725795778540032,62.37237,27.78709,1.44165,0.99949,-0.00170,0.01972,-0.02497,-0.08258,0.07756,0.01516,
1770725795977118208,62.36352,27.79797,1.44509,0.99985,-0.00251,0.01626,0.00554,0.01761,0.06396,0.01592,
1770725796177058816,62.39405,27.80464,1.44534,0.99958,-0.00277,0.01704,0.02347,0.29164,0.03562,0.00017,
1770725796381308672,62.48499,27.80384,1.44399,0.99941,0.00041,0.01832,0.02906,0.56384,0.02765,0.01634,
1770725796591732224,62.62100,27.81016,1.44101,0.99936,0.00148,0.01891,0.03019,0.72533,0.05245,-0.01792,
1770725796777605888,62.74343,27.82134,1.43982,0.99948,-0.00201,0.01746,0.02708,0.56467,0.02407,0.01928,
1770725796973461248,62.87633,27.81753,1.43623,0.99949,0.00278,0.01837,0.02594,0.72934,-0.03587,-0.03681,
1770725797197147392,63.04954,27.81384,1.42918,0.99948,0.00800,0.02218,0.02217,0.79961,0.02152,-0.00404,
1770725797374545152,63.19382,27.81757,1.42848,0.99974,0.00796,0.01818,0.01117,0.86425,-0.00741,-0.04957,
1770725797578322176,63.37975,27.80620,1.41370,0.99957,0.01335,0.02611,-0.00295,0.95580,-0.11222,-0.06869,
1770725797776966400,63.57670,27.78920,1.40616,0.99927,0.01851,0.02895,-0.01642,1.01718,0.02204,0.00518,
1770725797976732672,63.76008,27.78500,1.40326,0.99916,0.01685,0.02270,-0.02982,0.90759,-0.06325,-0.06963,
1770725798177397760,63.94788,27.76882,1.39586,0.99879,0.02257,0.02555,-0.03546,0.83512,-0.03150,0.00733,
1770725798376568064,64.09348,27.76326,1.40163,0.99891,0.02083,0.01453,-0.03908,0.82391,-0.01107,0.02487,
1770725798577749760,64.30804,27.75357,1.39090,0.99874,0.02132,0.01624,-0.04232,1.28069,-0.40987,-0.07413,
1770725798776060672,64.55280,27.71203,1.37729,0.99775,0.03356,0.03173,-0.04863,1.00501,-0.03379,-0.04641,
1770725798976178432,64.73694,27.70484,1.37956,0.99795,0.03047,0.02026,-0.05253,0.82024,-0.21094,0.02557,
1770725799177886208,64.89973,27.69468,1.38429,0.99801,0.02459,0.00853,-0.05752,0.83023,0.11511,0.07507,
1770725799375833344,65.10851,27.68090,1.37856,0.99777,0.02288,0.01085,-0.06168,1.21159,-0.10390,-0.03678,
1770725799571618048,65.35345,27.64953,1.37139,0.99718,0.02642,0.01675,-0.06828,1.23781,-0.17163,-0.00709,
1770725799775377152,65.57292,27.62670,1.36905,0.99663,0.02624,0.01620,-0.07605,0.70708,-0.08649,0.02234,
1770725799994008576,65.73033,27.62349,1.36854,0.99680,0.01802,0.01084,-0.07714,0.61943,-0.03546,0.03916,
1770725800176086272,65.87652,27.61603,1.36422,0.99743,0.01765,0.01272,-0.06833,0.86291,0.00240,-0.02674,
1770725800375028736,66.07567,27.59794,1.35732,0.99766,0.01980,0.01824,-0.06280,1.06761,-0.15262,-0.03514,
1770725800575001344,66.29301,27.58936,1.34814,0.99776,0.01487,0.02382,-0.06075,1.00712,-0.03576,0.02491,
1770725800775293952,66.47983,27.59826,1.35141,0.99854,0.00643,0.01594,-0.05121,1.07079,0.02492,-0.06417,
1770725800974770688,66.65357,27.59397,1.35459,0.99928,0.00895,0.00889,-0.03573,0.89722,0.05357,-0.03761,
1770725801192320768,66.86097,27.61139,1.35110,0.99962,0.00103,0.00963,-0.02577,1.02391,-0.01317,-0.05730,
1770725801385283584,67.07481,27.61780,1.33893,0.99949,-0.00387,0.01856,-0.02564,1.20314,0.01097,-0.15155,
1770725801573761280,67.29975,27.60694,1.31867,0.99905,-0.00163,0.03115,-0.03040,1.19302,0.14988,-0.09336,
1770725801776119296,67.53428,27.58201,1.30281,0.99858,0.00781,0.04206,-0.03187,1.14342,0.01524,-0.07961,
1770725801974969344,67.76626,27.57297,1.28926,0.99832,0.00663,0.04475,-0.03619,1.16175,0.01860,-0.13407,
1770725802188203264,67.97970,27.56864,1.29436,0.99889,0.00227,0.02330,-0.04088,1.14886,-0.04327,-0.12189,
1770725802374422016,68.16754,27.53344,1.30791,0.99904,0.01656,0.01091,-0.03915,0.98025,-0.17127,0.10909,
1770725802574921728,68.41007,27.54577,1.30094,0.99911,0.00305,0.00670,-0.04149,1.31724,0.05019,0.01699,
1770725802774864640,68.72513,27.49621,1.26090,0.99786,0.02388,0.04770,-0.03786,1.46210,-0.33492,-0.10902,
1770725802973808640,68.97076,27.48095,1.24955,0.99777,0.01933,0.04323,-0.04704,1.11897,0.22174,-0.02912,
1770725803174578432,69.19867,27.47478,1.24591,0.99833,0.01828,0.02888,-0.04661,1.36273,-0.28273,-0.16510,
1770725803373920256,69.46910,27.42426,1.21271,0.99698,0.03298,0.04964,-0.04983,1.09809,-0.01161,0.02214,
1770725803574284032,69.69038,27.42407,1.20850,0.99736,0.02486,0.03867,-0.05620,1.39192,-0.24583,-0.07188,
1770725803780908288,69.92955,27.39665,1.19819,0.99726,0.02805,0.02658,-0.06308,1.03414,0.01886,-0.12920,
1770725803970882304,70.15162,27.36170,1.18509,0.99634,0.03331,0.03376,-0.07107,0.72574,-0.22780,0.09151,
1770725804174899200,70.35599,27.35089,1.18668,0.99623,0.02143,0.02158,-0.08128,1.18273,-0.19471,-0.02918,
1770725804374204160,70.59578,27.32114,1.17329,0.99589,0.01804,0.02363,-0.08561,1.27766,-0.25412,-0.09157,
1770725804573668864,70.82841,27.29256,1.17111,0.99505,0.01249,0.02121,-0.09624,1.14839,-0.05079,-0.01484,
1770725804772710912,71.06337,27.26268,1.16430,0.99457,0.00685,0.01840,-0.10219,1.23549,-0.20466,-0.03045,
1770725804972714752,71.32142,27.21592,1.15323,0.99358,0.00717,0.02456,-0.11022,1.17245,-0.15565,0.00572,
1770725805174099456,71.56691,27.18468,1.14833,0.99350,0.00089,0.02227,-0.11162,1.31290,-0.17319,-0.14421,
1770725805371546368,71.80363,27.15513,1.14298,0.99426,-0.00116,0.01986,-0.10516,1.30135,-0.14048,-0.11952,
1770725805572767488,72.00291,27.12928,1.13892,0.99505,-0.00192,0.02137,-0.09699,0.89639,-0.00407,0.00410,
1770725805772631808,72.17413,27.12335,1.13696,0.99742,-0.00011,0.01998,-0.06897,0.81575,0.00521,0.03462,
1770725805972714752,72.33850,27.12824,1.13517,0.99896,-0.00100,0.01462,-0.04308,0.86520,-0.04334,0.01336,
1770725806173548800,72.51689,27.13158,1.12922,0.99967,0.00202,0.01908,-0.01710,0.82500,0.03019,0.03595,
1770725806373736192,72.69292,27.14584,1.12777,0.99987,-0.00109,0.01579,0.00038,0.97026,0.10745,-0.02918,
1770725806573540096,72.88405,27.14287,1.12317,0.99978,0.00339,0.02052,0.00100,0.91205,0.00726,-0.04482,
1770725806772419328,73.04124,27.14271,1.12872,0.99992,0.00443,0.00916,-0.00688,0.79925,0.04300,-0.01242,
1770725806970031616,73.21247,27.13640,1.12211,0.99976,0.00695,0.01195,-0.01702,0.84596,-0.04676,0.03089,
1770725807171178496,73.39374,27.12023,1.12029,0.99935,0.01327,0.01349,-0.03078,0.91295,-0.14341,-0.05540,
1770725807370654976,73.57855,27.11163,1.11810,0.99907,0.01201,0.00863,-0.04046,0.88571,0.00428,0.05069,
1770725807571716864,73.78262,27.08986,1.11157,0.99854,0.01597,0.01184,-0.05020,0.96796,-0.12576,-0.01136,
1770725807771717632,73.98481,27.07315,1.10242,0.99807,0.01412,0.01723,-0.05794,0.99247,-0.07515,0.01697,
1770725807970912000,74.19667,27.05786,1.10139,0.99771,0.00997,0.01266,-0.06574,1.19101,-0.07100,-0.05101,
1770725808170995456,74.43718,27.03053,1.08741,0.99717,0.00975,0.02051,-0.07170,1.26786,-0.05818,-0.12884,
1770725808370647552,74.66489,27.00684,1.07638,0.99688,0.01176,0.03074,-0.07174,1.08257,-0.09456,-0.04225,
1770725808571994880,74.85446,27.01153,1.08017,0.99764,0.00444,0.02111,-0.06520,1.13040,-0.03652,-0.13932,
1770725808770547200,75.06994,26.97929,1.06473,0.99704,0.00911,0.02428,-0.07233,1.13669,-0.22127,0.02243,
1770725808972028672,75.30573,26.95849,1.05647,0.99647,0.00382,0.02820,-0.07897,1.20891,-0.02022,-0.02386,
1770725809171835136,75.54414,26.93413,1.05040,0.99649,0.00390,0.02025,-0.08118,1.41523,-0.39709,-0.07018,
1770725809369858048,75.76016,26.90602,1.06504,0.99606,0.00068,0.00346,-0.08866,1.04514,-0.18424,0.12936,
1770725809569639168,75.97204,26.87813,1.06082,0.99528,-0.00189,0.00325,-0.09695,0.85699,-0.08398,0.05859,
1770725809769954048,76.22249,26.84445,1.05427,0.99487,-0.00482,0.01309,-0.10021,1.43892,-0.11801,-0.09126,
1770725809966953728,76.47280,26.81132,1.04192,0.99486,-0.00674,0.02170,-0.09872,1.22561,-0.08789,-0.05681,
1770725810168336640,76.70233,26.77786,1.02990,0.99525,-0.00500,0.03029,-0.09234,0.87302,-0.17911,-0.06304,
1770725810368335360,76.84302,26.77327,1.02438,0.99662,-0.00853,0.03068,-0.07571,0.41561,0.00875,0.02396,
1770725810576428032,76.92302,26.78414,1.02848,0.99811,-0.01392,0.02184,-0.05570,0.44418,-0.00009,-0.01269,
1770725810765533440,77.03254,26.78386,1.02829,0.99883,-0.01570,0.01627,-0.04285,0.67119,0.05851,-0.00243,
1770725810968830208,77.19407,26.76863,1.01940,0.99893,-0.01097,0.01878,-0.04078,0.92493,-0.13076,-0.05555,
1770725811169654016,77.37252,26.76419,1.01016,0.99856,-0.01658,0.02091,-0.04664,0.76158,0.03197,0.06987,
1770725811369202944,77.56797,26.75109,1.00676,0.99872,-0.01508,0.02267,-0.04255,1.10031,-0.00341,-0.05934,
1770725811567492352,77.79894,26.72749,0.99763,0.99873,-0.00747,0.02518,-0.04290,1.11750,-0.12782,0.02799,
1770725811768243968,78.01628,26.71364,0.99466,0.99836,-0.01140,0.01986,-0.05241,1.08611,-0.02370,0.00780,
1770725811969809408,78.24281,26.69303,0.98753,0.99839,-0.00781,0.01816,-0.05321,1.28575,-0.09332,-0.08409,
1770725812171761664,78.50315,26.65596,0.97098,0.99777,-0.00261,0.03358,-0.05761,1.13823,-0.09882,-0.06889,
1770725812369822720,78.69626,26.64930,0.97415,0.99793,-0.00872,0.01944,-0.06070,0.98126,-0.05035,0.01456,
1770725812566908672,78.90337,26.63043,0.97405,0.99851,-0.00465,0.01365,-0.05265,1.25791,-0.08868,-0.00068,
1770725812767660032,79.14052,26.61273,0.96391,0.99872,-0.00128,0.01886,-0.04694,1.10109,-0.07330,-0.00567,
1770725812961417472,79.35534,26.59732,0.96105,0.99885,0.00245,0.02082,-0.04322,0.94761,-0.15059,0.10600,
1770725813167830272,79.56856,26.58030,0.95894,0.99905,0.00579,0.02067,-0.03797,0.95448,-0.12062,0.02258,
1770725813371058944,79.75519,26.58112,0.96085,0.99904,-0.00313,0.00661,-0.04312,1.11249,0.15777,-0.16484,
1770725813568441088,79.98648,26.52639,0.94208,0.99858,0.02291,0.02500,-0.04119,1.26413,-0.17175,-0.05108,
1770725813765007872,80.21445,26.54986,0.94850,0.99851,-0.00353,0.01587,-0.05203,1.36748,-0.02725,-0.16194,
1770725813966983424,80.43091,26.50889,0.94683,0.99874,0.01092,0.00610,-0.04860,1.13135,-0.09627,-0.13736,
1770725814166981376,80.65324,26.52784,0.94140,0.99814,-0.01247,0.01457,-0.05790,1.08926,-0.00694,-0.03036,
1770725814368266240,80.87159,26.50090,0.93007,0.99802,-0.00738,0.02124,-0.05866,1.12618,-0.21218,-0.03736,
1770725814567281920,81.09679,26.48422,0.92253,0.99807,-0.00841,0.02512,-0.05625,1.07334,0.01166,-0.03574,
1770725814766632192,81.31477,26.46136,0.91455,0.99828,-0.00326,0.02632,-0.05235,1.06557,-0.13003,0.04046,
1770725814966594560,81.51050,26.46043,0.92104,0.99868,-0.00969,0.00971,-0.04955,1.06981,0.00764,-0.00280,
1770725815176283648,81.72157,26.43550,0.92762,0.99870,-0.00345,0.00134,-0.05084,1.08538,-0.08021,0.03395,
1770725815367336192,81.94698,26.42490,0.91754,0.99814,-0.00996,0.00905,-0.05943,1.17933,0.01116,-0.10772,
1770725815566367488,82.18292,26.39070,0.90746,0.99803,-0.00305,0.01989,-0.05941,1.21089,0.13446,-0.14306,
1770725815776582656,82.40190,26.38432,0.90380,0.99835,-0.00859,0.02004,-0.05320,1.08776,-0.00800,-0.06033,
1770725815966103808,82.58110,26.38103,0.90040,0.99895,-0.01309,0.01470,-0.04144,1.20052,-0.08059,-0.14325,
1770725816165458688,82.78012,26.37601,0.89829,0.99953,-0.00932,0.01397,-0.02577,0.93268,0.18427,-0.04946,
1770725816365261312,82.98701,26.37639,0.89842,0.99988,-0.00327,0.01377,-0.00644,1.09490,0.00979,0.06279,
1770725816565576704,83.22230,26.38848,0.89061,0.99975,-0.00180,0.01853,0.01244,1.22181,0.07970,-0.02555,
1770725816765267968,83.47549,26.39161,0.87958,0.99956,0.00543,0.02254,0.01852,1.16371,-0.10146,-0.01908,
1770725816964188160,83.72514,26.38565,0.87207,0.99938,0.01582,0.02655,0.01703,1.26141,-0.07083,-0.02753,
1770725817173325824,84.00840,26.35410,0.84772,0.99802,0.03587,0.05068,0.00981,1.13923,-0.18549,0.00769,
1770725817365069312,84.18874,26.35905,0.85052,0.99887,0.03172,0.03515,-0.00381,0.68480,0.13945,-0.02698,
1770725817565600000,84.34750,26.36245,0.86173,0.99937,0.02483,0.00983,-0.02322,0.97650,-0.27731,-0.03775,
1770725817765252608,84.59317,26.32845,0.85113,0.99856,0.03081,0.01699,-0.04060,1.22490,-0.09023,0.00287,
1770725817965547264,84.81305,26.31630,0.84692,0.99837,0.02894,0.01741,-0.04598,1.07708,-0.17779,-0.05708,
1770725818165973248,85.00221,26.29931,0.84746,0.99775,0.02634,0.01322,-0.06023,0.88540,-0.03113,0.02737,
1770725818366851328,85.22396,26.27409,0.84112,0.99712,0.02543,0.01698,-0.06935,1.17680,-0.11359,-0.01692,
1770725818566329600,85.46329,26.24563,0.83848,0.99669,0.02662,0.01433,-0.07548,1.23807,-0.23649,0.06647,
1770725818765248000,85.72098,26.22185,0.82603,0.99631,0.02159,0.01947,-0.08070,1.16933,-0.21534,-0.06883,
1770725818965606400,85.94934,26.19434,0.82404,0.99607,0.02019,0.02004,-0.08393,0.91419,-0.12737,0.07682,
1770725819166573568,86.15630,26.16824,0.82060,0.99570,0.01951,0.01785,-0.08883,1.02456,-0.12906,0.01581,
1770725819368628736,86.38048,26.14718,0.80709,0.99512,0.01286,0.02452,-0.09474,1.09486,-0.10425,-0.03862,
1770725819570278912,86.56718,26.12535,0.80643,0.99529,0.00938,0.02319,-0.09370,1.04492,-0.08948,-0.10728,
1770725819766573056,86.75690,26.10689,0.80028,0.99543,0.00524,0.02454,-0.09215,0.93847,-0.18681,-0.00183,
1770725819963414784,86.94924,26.07335,0.78861,0.99488,0.00768,0.02925,-0.09646,1.06754,-0.18870,-0.03478,
1770725820161793024,87.12693,26.05898,0.79240,0.99510,0.00069,0.02149,-0.09650,0.93541,0.01236,-0.00627,
1770725820364076288,87.32387,26.04289,0.79473,0.99644,-0.00065,0.01166,-0.08345,0.92784,-0.16611,0.00282,
1770725820563288832,87.51358,26.01775,0.79808,0.99630,-0.00147,0.00405,-0.08579,1.05474,-0.17301,-0.02918,
1770725820763783936,87.74818,25.98561,0.78737,0.99547,-0.00469,0.01429,-0.09383,1.06996,-0.13535,0.08763,
1770725820961850880,87.99654,25.95052,0.77163,0.99439,-0.00757,0.03136,-0.10076,1.01388,-0.11903,0.06338,
1770725821163136000,88.20561,25.92743,0.76795,0.99514,-0.01454,0.02433,-0.09425,1.04738,0.16267,0.01792,
1770725821364101632,88.41191,25.90575,0.76534,0.99676,-0.01045,0.02042,-0.07711,1.01474,-0.10419,-0.05965,
1770725821563072768,88.55458,25.88952,0.75277,0.99760,-0.00659,0.03474,-0.05948,0.19174,0.00567,0.00916,
1770725821759133696,88.53329,25.89940,0.75692,0.99837,-0.00957,0.02369,-0.05104,-0.27256,0.10426,0.02628,
1770725821958817024,88.51083,25.90232,0.75999,0.99847,-0.01153,0.01936,-0.05055,-0.01639,0.00807,0.00651,
1770725822168790016,88.55572,25.89515,0.75987,0.99859,-0.01031,0.01936,-0.04824,0.28905,-0.03730,0.01582,
1770725822360910592,88.64349,25.89615,0.75867,0.99865,-0.01364,0.02004,-0.04601,0.59812,0.00883,-0.02699,
1770725822562476544,88.77618,25.89686,0.75401,0.99843,-0.01825,0.02129,-0.04856,0.72231,-0.09514,-0.03179,
1770725822762519040,88.91869,25.88082,0.74951,0.99862,-0.01461,0.02235,-0.04515,0.66420,-0.04460,-0.00733,
1770725822964100608,89.08259,25.87412,0.73900,0.99893,-0.01432,0.02546,-0.03576,0.88470,-0.00472,-0.02953,
1770725823162781184,89.23562,25.86368,0.74299,0.99914,-0.01146,0.01764,-0.03562,0.69652,-0.03077,0.04212,
1770725823361536000,89.39241,25.86478,0.73827,0.99929,-0.01329,0.02006,-0.02912,0.81277,-0.08053,-0.04760,
1770725823561352448,89.56323,25.85781,0.72411,0.99946,-0.01187,0.02126,-0.02228,0.81665,0.07882,-0.02661,
1770725823767450880,89.74230,25.85960,0.71474,0.99936,-0.01269,0.02676,-0.01992,0.87037,-0.13962,-0.05353,
1770725823965372672,89.91562,25.85101,0.70769,0.99931,-0.00980,0.02931,-0.02060,0.77613,-0.15492,0.05238,
1770725824167366656,90.06916,25.84756,0.72219,0.99957,-0.01077,0.01128,-0.02464,0.76879,0.05860,0.06051,
1770725824360429568,90.22500,25.85018,0.72657,0.99956,-0.01257,0.00275,-0.02670,0.80384,-0.07077,0.00663,
1770725824561187328,90.39708,25.84895,0.72264,0.99941,-0.01518,0.00100,-0.03090,0.92820,0.01078,-0.04930,
1770725824760923648,90.60486,25.82811,0.71503,0.99949,-0.00419,0.01436,-0.02815,1.00897,-0.02139,-0.00699,
1770725824960582144,90.80613,25.82601,0.71354,0.99931,-0.00643,0.01471,-0.03346,1.15655,-0.08141,-0.09377,
1770725825159675136,91.02091,25.80751,0.70475,0.99906,-0.00286,0.01823,-0.03913,1.12268,0.01968,-0.07353,
1770725825360123648,91.24354,25.77848,0.68948,0.99833,0.00558,0.03131,-0.04819,0.96276,-0.17878,0.01101,
1770725825559786496,91.45542,25.75716,0.68341,0.99796,0.00741,0.03339,-0.05387,1.05483,-0.31140,0.03241,
1770725825764517888,91.68031,25.71533,0.66506,0.99732,0.01897,0.03713,-0.06012,1.01476,-0.07838,0.02737,
1770725825960138240,91.87359,25.70632,0.66874,0.99743,0.01351,0.02357,-0.06629,0.72039,-0.03141,0.12958,
1770725826160204288,92.04882,25.69520,0.67078,0.99785,0.01232,0.01560,-0.06249,0.82437,-0.10213,0.02074,
1770725826356971776,92.23343,25.68299,0.66520,0.99799,0.01102,0.01582,-0.06029,1.03084,-0.04881,-0.07109,
1770725826559348736,92.42435,25.68520,0.66240,0.99804,0.00198,0.01795,-0.05985,0.97657,-0.04821,-0.04889,
1770725826759790592,92.62086,25.67453,0.65212,0.99804,0.00050,0.02371,-0.05794,0.81262,-0.19194,0.02696,
1770725826959184640,92.81606,25.65026,0.64383,0.99774,0.00283,0.02417,-0.06256,1.00649,-0.04382,-0.01503,
1770725827158969600,93.00973,25.63274,0.64254,0.99738,0.00051,0.02231,-0.06875,0.78381,-0.14272,0.09605,
1770725827359520000,93.19460,25.62666,0.64069,0.99722,-0.00681,0.01717,-0.07223,0.90371,-0.16796,-0.02586,
1770725827560450816,93.38701,25.60141,0.63563,0.99676,-0.00527,0.01819,-0.07819,0.78205,-0.20828,0.05873,
1770725827759159040,93.52827,25.57567,0.63873,0.99746,0.00206,0.01279,-0.07004,0.65382,-0.02430,-0.01296,
1770725827958740224,93.63896,25.57137,0.63054,0.99803,0.00342,0.02505,-0.05749,0.32902,-0.07389,-0.03436,
1770725828153943808,93.65868,25.57447,0.62870,0.99904,0.00419,0.02494,-0.03589,-0.11385,0.12450,0.02764,
1770725828354669824,93.64283,25.59246,0.63353,0.99985,-0.00249,0.01335,-0.01094,-0.03588,0.00933,0.00277,
1770725828558421504,93.66252,25.59189,0.63522,0.99992,-0.00419,0.00898,-0.00821,0.12856,0.06684,0.03406,
1770725828757817088,93.71415,25.60573,0.64464,0.99993,-0.01137,-0.00193,-0.00298,0.38555,0.07676,0.04954,
1770725828955880960,93.84357,25.59284,0.63405,0.99997,-0.00346,0.00476,-0.00408,0.86156,-0.13800,-0.09526,
1770725829157394944,94.01949,25.58616,0.62802,0.99986,-0.00143,0.01251,-0.01082,0.95745,-0.03514,-0.07179,
1770725829357609472,94.22583,25.56915,0.61116,0.99959,0.00690,0.02610,-0.00963,1.04654,-0.01688,-0.06357,
1770725829559202560,94.43521,25.58083,0.59546,0.99936,-0.00147,0.03287,-0.01420,1.03255,0.05125,-0.10686,
1770725829756311296,94.62226,25.57220,0.58932,0.99926,0.00583,0.03548,-0.01403,0.73878,-0.13006,0.07659,
1770725829957048064,94.78761,25.57183,0.59523,0.99967,0.00431,0.02054,-0.01493,0.80690,-0.00953,0.01570,
1770725830157246464,94.96499,25.56517,0.59892,0.99974,0.00853,0.00688,-0.01993,0.93249,-0.16152,0.06222,
1770725830358676480,95.16737,25.52333,0.59862,0.99894,0.02551,0.01100,-0.03675,1.09342,-0.24147,-0.05632,
1770725830556642560,95.39632,25.48914,0.58383,0.99692,0.03023,0.02634,-0.06743,1.10652,-0.10651,-0.07244,
1770725830756162816,95.59915,25.46902,0.57337,0.99596,0.02765,0.02771,-0.08083,0.92590,-0.19620,-0.03488,
1770725830957667584,95.77372,25.43992,0.56643,0.99601,0.03082,0.02506,-0.07991,0.80829,-0.05969,-0.00683,
1770725831157241088,95.94419,25.43491,0.56263,0.99639,0.02397,0.02649,-0.07701,0.76761,-0.06585,-0.00015,
1770725831355115264,96.09881,25.42194,0.56211,0.99742,0.02724,0.02012,-0.06337,0.58939,-0.00991,0.04706,
1770725831555842048,96.25022,25.41647,0.56123,0.99820,0.02837,0.01481,-0.05072,0.76647,0.05844,-0.01408,
1770725831756436480,96.38473,25.42823,0.55803,0.99842,0.01787,0.01570,-0.05084,0.44797,0.03496,0.04086,
1770725831955850752,96.48719,25.42576,0.55686,0.99851,0.01662,0.01168,-0.05068,0.51155,-0.01996,0.00818,
1770725832156273920,96.62991,25.41473,0.54829,0.99859,0.01838,0.01807,-0.04636,0.80906,-0.03145,-0.06539,
1770725832356537088,96.81542,25.39897,0.54007,0.99825,0.01728,0.02267,-0.05182,0.98994,0.03928,-0.02326,
1770725832557774592,97.03255,25.39051,0.52539,0.99755,0.01002,0.03286,-0.06100,1.03433,-0.18735,-0.04568,
1770725832756105216,97.20769,25.35374,0.52749,0.99751,0.01838,0.02200,-0.06440,0.79445,0.03456,-0.04150,
1770725832963067648,97.38753,25.34201,0.52243,0.99716,0.01031,0.01912,-0.07205,0.78882,0.04744,0.03579,
1770725833152772864,97.56736,25.32816,0.51326,0.99718,0.00779,0.02133,-0.07151,0.88274,-0.18915,-0.00075,
1770725833354798848,97.74816,25.31281,0.50341,0.99746,0.00663,0.02634,-0.06590,0.63738,-0.04657,0.05176,
1770725833557712384,97.89117,25.30486,0.50956,0.99801,0.00510,0.01898,-0.05985,0.56925,0.00771,0.04725,
1770725833757005312,98.03708,25.30075,0.50389,0.99862,0.00520,0.02040,-0.04803,0.78716,-0.00975,-0.00127,
1770725833953883648,98.17726,25.30482,0.50254,0.99875,-0.00217,0.01355,-0.04804,0.70871,0.15710,-0.06610,
1770725834156135168,98.34713,25.29716,0.49065,0.99858,-0.00435,0.02181,-0.04850,0.85539,0.00671,-0.02847,
1770725834355076864,98.52900,25.26827,0.48302,0.99858,0.00479,0.02449,-0.04710,0.95342,-0.08481,-0.12731,
1770725834554722304,98.71631,25.25570,0.47973,0.99811,0.00256,0.03025,-0.05337,0.83901,-0.04183,-0.02694,
1770725834756050176,98.87334,25.24617,0.48128,0.99821,0.00096,0.02352,-0.05491,0.75873,0.00419,-0.03756,
1770725834955116288,99.02866,25.24554,0.48122,0.99873,-0.00174,0.01407,-0.04830,0.67711,-0.21602,0.07328,
1770725835154795520,99.17695,25.22883,0.48553,0.99903,0.00259,0.00907,-0.04308,0.57429,-0.09355,0.11446,
1770725835354553344,99.33245,25.22424,0.48856,0.99923,0.00195,0.00394,-0.03909,0.78954,-0.02810,0.03034,
1770725835555303680,99.52581,25.23017,0.47586,0.99908,-0.00594,0.01258,-0.04054,0.93178,-0.14162,-0.01177,
1770725835754589440,99.71511,25.19687,0.46531,0.99873,0.00536,0.02621,-0.04279,0.82740,-0.09588,-0.04168,
1770725835953164800,99.87246,25.19594,0.46095,0.99856,-0.00042,0.02542,-0.04733,0.84716,0.00392,-0.04409,
1770725836154457088,100.04092,25.18278,0.45853,0.99850,0.00007,0.01850,-0.05145,0.82639,-0.05327,-0.06350,
1770725836354139904,100.21763,25.16065,0.45121,0.99828,0.00452,0.02160,-0.05437,0.84078,-0.15425,-0.03609,
1770725836554768384,100.38887,25.15521,0.45053,0.99848,0.00213,0.01599,-0.05263,0.78509,-0.08474,0.01578,
1770725836754203648,100.58926,25.14318,0.43696,0.99835,0.00105,0.02462,-0.05184,0.89429,-0.07899,0.04673,
1770725836954732544,100.77027,25.12036,0.43823,0.99819,0.00516,0.01834,-0.05711,0.96457,-0.06201,-0.04595,
1770725837153430784,100.95544,25.10851,0.43406,0.99820,0.00410,0.01688,-0.05748,0.71830,-0.01452,0.09732,
1770725837353495808,101.16261,25.09442,0.41975,0.99829,0.00561,0.02706,-0.05152,1.16491,-0.16636,-0.09616,
1770725837548494848,101.35052,25.10049,0.42110,0.99882,-0.00191,0.01898,-0.04476,0.96231,0.05009,-0.09351,
1770725837752540672,101.56194,25.08492,0.40293,0.99875,0.00486,0.02852,-0.04068,0.94530,-0.13065,-0.07903,
1770725837952985088,101.75865,25.07667,0.39368,0.99848,0.00145,0.03029,-0.04610,0.87211,-0.11409,0.01209,
1770725838152247296,101.93978,25.06025,0.38994,0.99839,0.00377,0.02639,-0.04998,0.94287,0.03558,-0.02847,
1770725838352505088,102.12515,25.04837,0.38123,0.99828,0.00389,0.02479,-0.05295,0.80329,-0.22144,0.03037,
1770725838552534784,102.26880,25.03271,0.39325,0.99846,0.00609,0.00835,-0.05450,0.68872,-0.11419,0.12094,
1770725838752669184,102.44707,25.01187,0.38660,0.99803,0.00852,0.01038,-0.06128,0.88210,-0.10390,0.02288,
1770725838953038336,102.62022,25.00171,0.39522,0.99774,0.00450,0.00064,-0.06711,1.05418,-0.07896,-0.09797,
1770725839152335360,102.81132,24.98346,0.38325,0.99756,0.00468,0.01414,-0.06823,1.02510,-0.14158,-0.02440,
1770725839352007936,103.00775,24.96169,0.37586,0.99772,0.00734,0.01768,-0.06477,1.19895,-0.17678,-0.09019,
1770725839552671232,103.21088,24.93926,0.37346,0.99757,0.01040,0.02210,-0.06530,0.76559,-0.03550,0.05590,
1770725839751945984,103.37899,24.93941,0.36544,0.99794,0.00507,0.02330,-0.05964,0.75266,-0.17147,0.01431,
1770725839950706944,103.53780,24.93124,0.36867,0.99889,0.00679,0.01529,-0.04401,0.90484,0.03177,-0.06742,
1770725840154970112,103.71518,24.93095,0.36148,0.99930,0.00724,0.02097,-0.03016,0.74192,0.03047,-0.01836,
1770725840353581568,103.86109,24.94137,0.35891,0.99956,0.00160,0.01427,-0.02589,0.70400,0.15028,-0.00638,
1770725840551176448,104.05744,24.92163,0.34315,0.99923,0.01282,0.03064,-0.02073,0.94410,-0.16296,-0.04783,
1770725840751547648,104.26146,24.91627,0.33304,0.99897,0.01005,0.03288,-0.02968,0.84863,0.04370,0.04078,
1770725840950824448,104.43471,24.91037,0.33237,0.99905,0.00912,0.02488,-0.03473,0.90890,-0.00608,-0.06181,
1770725841154287360,104.62756,24.88933,0.32133,0.99879,0.01472,0.02700,-0.03846,1.11234,-0.04626,-0.10680,
1770725841350959616,104.81454,24.89167,0.31488,0.99839,0.00521,0.02860,-0.04872,0.98277,-0.10525,-0.06022,
1770725841547801344,104.99303,24.87107,0.30659,0.99821,0.01126,0.03099,-0.04982,0.96106,0.01106,-0.02351,
1770725841751626240,105.17384,24.86253,0.31121,0.99847,0.01188,0.02042,-0.04994,0.65733,-0.13205,0.19599,
1770725841950277376,105.32458,24.85056,0.32143,0.99858,0.01256,0.00346,-0.05170,0.86268,-0.17014,-0.01051,
1770725842150093312,105.49670,24.84956,0.32562,0.99838,0.00663,-0.00438,-0.05643,0.90259,0.11693,-0.00195,
1770725842349387776,105.72491,24.82152,0.31254,0.99811,0.01509,0.01128,-0.05848,1.22100,-0.24690,-0.07155,
1770725842550239744,105.96644,24.80005,0.30274,0.99731,0.01345,0.02088,-0.06900,1.33803,-0.13668,-0.17088,
1770725842751789056,106.18047,24.77581,0.29634,0.99693,0.01392,0.02180,-0.07386,0.99568,-0.00931,-0.03874,
1770725842948650496,106.37649,24.75387,0.28780,0.99702,0.01728,0.02450,-0.07110,1.16425,-0.13386,-0.09768,
1770725843149100032,106.58161,24.74175,0.28520,0.99735,0.01511,0.01881,-0.06866,1.01188,-0.19378,-0.05665,
1770725843350481664,106.80571,24.72255,0.26655,0.99718,0.01598,0.02983,-0.06692,0.97124,-0.01993,0.06492,
1770725843562424320,107.04959,24.71001,0.25615,0.99713,0.01219,0.03288,-0.06711,1.14858,-0.10886,0.00542,
1770725843749977344,107.25175,24.67638,0.24725,0.99691,0.01695,0.03074,-0.07030,1.26071,-0.06881,-0.18889,
1770725843950831616,107.45081,24.65679,0.24963,0.99669,0.01372,0.02114,-0.07725,1.28429,-0.09179,-0.19630,
1770725844146654720,107.68211,24.62736,0.23525,0.99633,0.01604,0.03043,-0.07833,1.15898,-0.19961,-0.16811,
1770725844347217152,107.88841,24.61799,0.23103,0.99633,0.00755,0.03546,-0.07749,0.89909,-0.17718,0.03118,
1770725844548426240,108.00540,24.60967,0.24499,0.99777,0.00825,0.01991,-0.06319,0.43579,-0.02775,0.03012,
1770725844750877952,108.08147,24.62097,0.25167,0.99899,0.00596,0.00864,-0.04377,0.48099,0.02275,0.01671,
1770725844953039872,108.19884,24.62537,0.25261,0.99974,0.00708,0.00839,-0.01981,0.61969,0.13419,-0.01289,
1770725845147563264,108.30028,24.63591,0.25877,0.99996,0.00737,0.00459,0.00235,0.45649,0.02512,0.04437,
1770725845348508160,108.41984,24.65607,0.25945,0.99997,0.00176,0.00422,0.00658,0.81660,0.11437,-0.04676,
1770725845548527616,108.58675,24.65052,0.25287,0.99970,0.01291,0.01457,0.01469,0.93037,-0.03046,-0.04582,
1770725845749775104,108.77776,24.64597,0.23962,0.99924,0.01887,0.03181,0.01193,0.78452,-0.04489,-0.06133,
1770725845949849088,108.91888,24.63488,0.23656,0.99912,0.02652,0.03201,0.00522,0.59060,0.00145,0.04799,
1770725846148363264,109.04977,24.65562,0.23812,0.99963,0.01468,0.02231,-0.00478,0.74747,0.09274,0.00666,
1770725846350771712,109.24060,24.64165,0.22569,0.99919,0.02409,0.03126,-0.00828,1.03703,0.02306,-0.07647,
1770725846555765248,109.42482,24.63681,0.22194,0.99913,0.02598,0.03052,-0.01162,0.97759,-0.03293,-0.07534,
1770725846750059008,109.58549,24.64531,0.21941,0.99930,0.01914,0.02670,-0.01784,0.79524,0.16580,-0.01209,
1770725846947212288,109.78319,24.63453,0.20982,0.99898,0.02535,0.03207,-0.01926,1.08898,-0.00499,-0.03528,
1770725847147189504,109.98805,24.62403,0.20488,0.99878,0.02915,0.03267,-0.02290,1.06490,-0.06836,-0.11840,
1770725847348626432,110.18326,24.62018,0.20075,0.99894,0.02360,0.02742,-0.02836,1.01916,0.41046,-0.17255,
1770725847548021248,110.37310,24.60429,0.19845,0.99862,0.03238,0.03034,-0.02826,0.75338,-0.26139,0.02402,
1770725847747803648,110.51586,24.60430,0.20467,0.99871,0.02559,0.02035,-0.03896,0.81923,-0.06310,-0.06069,
1770725847947498496,110.65535,24.60100,0.20659,0.99849,0.02110,0.01862,-0.04725,0.54609,0.17381,0.10454,
1770725848146779648,110.81539,24.59523,0.20364,0.99865,0.02362,0.01531,-0.04369,1.29013,-0.32342,-0.39201,
1770725848346083840,110.98154,24.56519,0.19965,0.99796,0.02721,0.02400,-0.05249,0.50776,0.21903,0.10299,
1770725848546344704,111.09128,24.57402,0.21184,0.99821,0.02091,0.01036,-0.05499,0.85766,-0.18798,-0.09067,
1770725848742535168,111.25675,24.54941,0.20572,0.99759,0.02429,0.01787,-0.06242,0.81418,-0.07924,0.01886,
1770725848946048768,111.39031,24.53296,0.20962,0.99737,0.02563,0.01423,-0.06623,0.71748,-0.05739,-0.06660,
1770725849146272256,111.53730,24.53757,0.20431,0.99693,0.01408,0.02117,-0.07402,0.99538,-0.09681,-0.08223,
1770725849346542848,111.70248,24.51159,0.20901,0.99691,0.01744,0.01532,-0.07500,0.85868,-0.02060,-0.03770,
1770725849545086976,111.86021,24.48161,0.20209,0.99650,0.02269,0.02328,-0.07698,0.93191,-0.03175,-0.09218,
1770725849745906944,112.04355,24.48151,0.19750,0.99629,0.00927,0.02257,-0.08253,0.98521,-0.09223,-0.08578,
1770725849943848704,112.23070,24.44272,0.18854,0.99618,0.01844,0.03239,-0.07899,0.86226,0.03564,-0.02337,
1770725850144582144,112.40182,24.42627,0.19344,0.99670,0.01517,0.02386,-0.07611,0.86143,0.09189,0.00931,
1770725850345586176,112.57106,24.42738,0.18454,0.99701,0.00851,0.02564,-0.07234,0.85324,-0.13335,-0.03016,
1770725850545763328,112.73805,24.40678,0.18185,0.99711,0.01158,0.02913,-0.06916,0.67722,-0.04385,0.08098,
1770725850745141760,112.88814,24.39725,0.17768,0.99744,0.01210,0.03057,-0.06356,0.92304,-0.14564,-0.12821,
1770725850945668864,113.05247,24.38702,0.17433,0.99757,0.01102,0.02956,-0.06214,0.79435,0.04011,-0.03728,
1770725851159197952,113.23104,24.36274,0.16501,0.99734,0.01755,0.03944,-0.05878,0.74986,-0.15174,0.03312,
1770725851345345536,113.33648,24.34894,0.17208,0.99809,0.02207,0.02686,-0.05109,0.45897,0.09924,0.05657,
1770725851545740800,113.46792,24.36497,0.17671,0.99861,0.01237,0.01940,-0.04743,0.81549,-0.04515,-0.06986,
1770725851746937344,113.61868,24.35776,0.17793,0.99898,0.01466,0.01345,-0.04047,0.87738,-0.00081,-0.00837,
1770725851946028288,113.76481,24.34671,0.18373,0.99906,0.02070,0.01222,-0.03600,0.86135,-0.01352,-0.04763,
1770725852143611904,113.89952,24.35928,0.19196,0.99914,0.01088,0.00617,-0.03956,0.71516,-0.00466,0.01947,
1770725852346783232,114.04992,24.34015,0.18843,0.99892,0.01786,0.01059,-0.04150,0.68477,-0.09206,0.02629,
1770725852558559232,114.20605,24.34028,0.18705,0.99877,0.01392,0.01480,-0.04525,0.77772,-0.00721,-0.01578,
1770725852749042432,114.37831,24.32346,0.18085,0.99834,0.01651,0.02535,-0.04903,1.03402,-0.02445,-0.06435,
1770725852947538432,114.54930,24.31291,0.18143,0.99824,0.01444,0.02311,-0.05260,0.95793,0.11689,-0.10224,
1770725853145848320,114.72489,24.29987,0.18055,0.99801,0.01288,0.02498,-0.05642,0.91408,-0.11830,0.00343,
1770725853362356992,114.91949,24.27661,0.17596,0.99784,0.01894,0.02294,-0.05854,1.04613,-0.17309,-0.08231,
1770725853543964672,115.09135,24.26823,0.17266,0.99749,0.01326,0.02469,-0.06496,0.84453,0.06029,0.09141,
1770725853745887232,115.29463,24.24361,0.16375,0.99729,0.01811,0.03410,-0.06265,1.01391,-0.09610,-0.01848,
1770725853952742656,115.48922,24.22128,0.16270,0.99733,0.01827,0.02892,-0.06446,0.97804,-0.08093,0.01035,
1770725854143700480,115.67224,24.21117,0.15870,0.99725,0.01511,0.02922,-0.06637,1.04280,-0.14632,-0.10123,
1770725854344101376,115.87692,24.19000,0.14845,0.99687,0.01522,0.03344,-0.07002,0.88968,-0.14164,0.04340,
1770725854550269696,116.08314,24.16899,0.13915,0.99645,0.01355,0.03784,-0.07400,1.01795,0.03496,-0.07946,
1770725854742678784,116.25247,24.15047,0.14496,0.99690,0.01341,0.02557,-0.07318,0.95102,0.00269,-0.00205,
1770725854943102720,116.43182,24.12922,0.15003,0.99707,0.01503,0.01961,-0.07239,1.02061,-0.17071,-0.00128,
1770725855143571712,116.59430,24.11852,0.15576,0.99759,0.01131,0.00761,-0.06797,0.93865,0.02193,-0.01435,
1770725855342542592,116.76996,24.10780,0.15633,0.99783,0.01078,0.01269,-0.06364,0.71737,-0.02285,0.05394,
1770725855543405824,116.93269,24.10095,0.15295,0.99802,0.00857,0.01609,-0.06026,0.74495,-0.03908,-0.01053,
1770725855742074368,117.08746,24.08282,0.14995,0.99837,0.01549,0.02394,-0.04936,0.71027,-0.02066,0.01357,
1770725855943531776,117.23086,24.09306,0.15442,0.99906,0.01073,0.02059,-0.03665,0.80223,0.03324,-0.00946,
1770725856142639872,117.40459,24.09013,0.14685,0.99916,0.01545,0.02925,-0.02411,0.83768,-0.08764,0.03752,
1770725856341796864,117.57973,24.08064,0.14057,0.99908,0.02135,0.03273,-0.01740,0.81543,0.01073,0.00873,
1770725856542781184,117.73442,24.08609,0.14039,0.99928,0.01931,0.02698,-0.01841,0.71891,-0.15264,-0.03795,
1770725856741270272,117.88767,24.10324,0.14408,0.99954,0.01303,0.02032,-0.01851,0.83046,0.13010,0.06548,
1770725856942250496,118.06843,24.08805,0.13509,0.99928,0.02431,0.02592,-0.01298,1.10441,0.03792,-0.08863,
1770725857142464512,118.26880,24.08774,0.12288,0.99896,0.02282,0.03486,-0.01877,1.06442,0.07249,-0.05737,
1770725857342694656,118.44019,24.07553,0.12618,0.99886,0.02950,0.03092,-0.02142,0.86144,-0.00929,-0.02792,
1770725857540958720,118.61158,24.07776,0.11593,0.99875,0.02811,0.03275,-0.02532,0.90563,-0.05998,-0.04996,
1770725857736885248,118.77604,24.07347,0.11840,0.99896,0.02816,0.02372,-0.02674,0.82366,0.10984,0.02582,
1770725857940951040,118.96687,24.06138,0.10259,0.99829,0.03179,0.03952,-0.02900,0.81596,-0.05669,-0.05882,
1770725858141403136,119.09069,24.06425,0.10463,0.99869,0.02840,0.02748,-0.03236,0.63519,-0.06619,0.04101,
1770725858343046400,119.25005,24.06056,0.10010,0.99851,0.02854,0.03366,-0.03214,0.93013,-0.09534,-0.00947,
1770725858541200384,119.42912,24.04854,0.09327,0.99835,0.03108,0.03340,-0.03483,0.79280,-0.04735,0.03900,
1770725858740684800,119.57230,24.04571,0.09302,0.99835,0.02799,0.02684,-0.04235,0.64167,0.05367,0.01639,
1770725858947800064,119.73020,24.03117,0.09496,0.99825,0.03193,0.02050,-0.04533,0.79495,-0.12056,0.10765,
1770725859142992128,119.93826,24.01407,0.09450,0.99785,0.02975,0.01819,-0.05556,1.18872,-0.07874,0.00149,
1770725859338787328,120.16185,24.00944,0.08825,0.99783,0.02361,0.02070,-0.05794,1.08344,-0.17066,-0.05379,
1770725859536648704,120.34989,23.97764,0.08064,0.99716,0.03193,0.02703,-0.06268,0.66260,-0.14228,0.05773,
1770725859740534272,120.49937,23.97089,0.08338,0.99703,0.02251,0.02103,-0.07054,0.41040,0.01362,0.06724,
1770725859940893952,120.60763,23.96978,0.07859,0.99690,0.01931,0.02114,-0.07322,0.84089,-0.18032,-0.01895,
1770725860141663488,120.78386,23.95094,0.07840,0.99679,0.01747,0.01754,-0.07611,0.81615,-0.15531,0.08080,
1770725860340320256,120.96853,23.93290,0.07452,0.99668,0.01672,0.01961,-0.07720,1.03091,-0.15410,-0.07446,
1770725860540105216,121.15847,23.91655,0.07115,0.99661,0.01281,0.01728,-0.07939,0.98571,-0.02726,-0.06207,
1770725860752419584,121.37266,23.87865,0.05666,0.99652,0.02333,0.02766,-0.07514,1.14377,-0.05333,-0.09854,
1770725860939797760,121.56991,23.86290,0.04725,0.99697,0.02413,0.02898,-0.06805,1.17598,-0.12932,-0.14276,
1770725861139293440,121.76581,23.84445,0.04877,0.99708,0.02151,0.02085,-0.07024,0.92965,-0.11137,0.08013,
1770725861339449600,121.95314,23.81505,0.04325,0.99680,0.02683,0.01508,-0.07372,1.08211,-0.27010,-0.10432,
1770725861538145280,122.15628,23.79975,0.04039,0.99629,0.01961,0.01587,-0.08227,0.81465,-0.02541,0.07899,
1770725861738512128,122.36849,23.75570,0.02886,0.99567,0.02990,0.02592,-0.08411,0.85070,-0.09760,0.08527,
1770725861938193920,122.55035,23.73535,0.03223,0.99617,0.02781,0.01366,-0.08182,1.15550,-0.03947,-0.05267,
1770725862143445760,122.76084,23.72697,0.02340,0.99680,0.02263,0.01370,-0.07539,1.18049,-0.06083,-0.10531,
1770725862341735424,122.97208,23.70772,0.01480,0.99722,0.02581,0.02267,-0.06606,1.20538,-0.07053,-0.11959,
1770725862539749120,123.16757,23.69907,0.01022,0.99771,0.02350,0.02540,-0.05809,0.99725,0.05801,-0.05068,
1770725862738197760,123.36988,23.68921,0.00095,0.99777,0.02228,0.02640,-0.05710,1.14081,-0.02308,-0.10820,
1770725862936515840,123.57807,23.66082,-0.00384,0.99734,0.02807,0.02203,-0.06360,1.13835,-0.33235,-0.11244,
1770725863138650880,123.80183,23.63521,-0.01699,0.99643,0.02901,0.02639,-0.07478,0.97290,-0.06947,-0.06156,
1770725863338045952,124.00225,23.62115,-0.02216,0.99574,0.02291,0.02803,-0.08483,0.79464,-0.08996,0.07212,
1770725863538299904,124.17607,23.59667,-0.03086,0.99546,0.02357,0.02827,-0.08773,0.76086,-0.16508,-0.00447,
1770725863737444096,124.33114,23.58200,-0.02942,0.99546,0.01877,0.02276,-0.09045,0.78506,-0.05672,-0.07730,
1770725863936531712,124.45610,23.58182,-0.03117,0.99594,0.01188,0.02011,-0.08696,0.65510,-0.03952,0.03294,
1770725864136626688,124.60773,23.58703,-0.03967,0.99683,0.00345,0.02480,-0.07552,0.82211,0.08464,-0.07673,
1770725864337748480,124.77600,23.57570,-0.03835,0.99786,0.00607,0.02374,-0.06067,0.82661,0.00969,-0.03529,
1770725864538614016,124.94485,23.58164,-0.04253,0.99845,-0.00065,0.01976,-0.05210,1.05525,0.13165,-0.08465,
1770725864736769792,125.11878,23.57205,-0.04222,0.99835,-0.00387,0.01313,-0.05569,0.87720,0.06489,0.00824,
1770725864942343168,125.31136,23.54566,-0.04486,0.99820,0.00364,0.01721,-0.05739,0.83390,-0.16616,0.04834,
1770725865136051456,125.50294,23.53115,-0.04972,0.99801,0.00149,0.01394,-0.06148,1.06446,-0.27345,-0.03884,
1770725865350077696,125.72621,23.51827,-0.05600,0.99796,-0.00306,0.02008,-0.06054,0.85967,0.07315,0.01618,
1770725865537022720,125.88849,23.50653,-0.06029,0.99827,-0.00121,0.02466,-0.05328,0.59477,-0.02840,-0.01106,
1770725865736839168,125.97412,23.50912,-0.05826,0.99929,-0.00176,0.01583,-0.03409,0.38878,0.00233,0.03504,
1770725865937256704,126.09495,23.51079,-0.06434,0.99945,-0.00124,0.02001,-0.02647,0.73947,0.03868,-0.02142,
1770725866137433088,126.22980,23.51163,-0.06862,0.99948,-0.00180,0.01991,-0.02527,0.98486,-0.04274,-0.15900,
1770725866339999488,126.39018,23.52262,-0.06682,0.99958,-0.00698,0.01615,-0.02301,0.80744,0.04032,-0.03569,
1770725866534901504,126.57477,23.49461,-0.07073,0.99958,0.00659,0.01928,-0.02059,1.02203,-0.05009,-0.03669,
1770725866735460864,126.77669,23.49687,-0.07901,0.99942,0.00181,0.01616,-0.03007,1.10947,0.01102,0.08684,
1770725866937814016,126.99636,23.47347,-0.09013,0.99890,0.00988,0.02732,-0.03690,1.17977,-0.17916,-0.07173,
1770725867136631040,127.19589,23.46003,-0.09435,0.99878,0.01014,0.02441,-0.04179,1.05497,-0.02427,-0.10110,
1770725867335754240,127.37843,23.44714,-0.10105,0.99863,0.01114,0.02385,-0.04528,0.75361,0.05251,0.07243,
1770725867540211712,127.56306,23.42944,-0.10638,0.99819,0.01606,0.02922,-0.05012,0.90313,-0.16778,0.01257,
1770725867736464128,127.72724,23.42723,-0.10621,0.99860,0.01315,0.01924,-0.04745,0.83328,-0.22413,-0.02100,
1770725867934482688,127.89997,23.42067,-0.10995,0.99873,0.01251,0.01693,-0.04573,0.92542,-0.08648,0.04469,
1770725868134384384,128.09862,23.40553,-0.11265,0.99839,0.01389,0.01990,-0.05118,0.96202,-0.05381,0.02363,
1770725868334716672,128.29951,23.40067,-0.12365,0.99826,0.01122,0.02550,-0.05200,1.10886,-0.18351,-0.14202,
1770725868534672640,128.47810,23.38833,-0.12215,0.99818,0.00840,0.01428,-0.05806,1.07769,-0.02086,-0.02764,
1770725868733212160,128.72908,23.37453,-0.12976,0.99770,0.00090,0.01900,-0.06499,1.25462,0.01064,0.02510,
1770725868930968320,128.96596,23.34192,-0.14443,0.99756,0.00802,0.02584,-0.06429,1.11269,-0.19138,-0.05127,
1770725869137425152,129.16026,23.34620,-0.14630,0.99730,-0.00609,0.02437,-0.06907,0.84618,0.11116,0.00713,
1770725869334367488,129.32282,23.33858,-0.14838,0.99810,-0.00606,0.02301,-0.05675,1.00713,0.03912,-0.17601,
1770725869534576896,129.47393,23.31943,-0.15139,0.99890,0.00358,0.01613,-0.04386,0.89345,-0.08614,-0.09880,
1770725869733951232,129.68706,23.32426,-0.16502,0.99881,-0.00291,0.03293,-0.03579,0.99224,0.04507,0.02244,
1770725869933510400,129.88439,23.31064,-0.17027,0.99900,0.00310,0.03196,-0.03104,0.96663,-0.24694,0.05963,
1770725870133698816,130.05250,23.29025,-0.17032,0.99912,0.00872,0.02345,-0.03359,0.81740,0.13481,-0.04872,
1770725870335037952,130.22942,23.29566,-0.17469,0.99916,0.00215,0.02053,-0.03545,0.94305,-0.03302,-0.00821,
1770725870534809600,130.43822,23.25793,-0.18734,0.99862,0.01653,0.03161,-0.03867,1.10823,-0.13577,-0.11656,
1770725870734193664,130.60995,23.25968,-0.18370,0.99884,0.00919,0.01413,-0.04502,0.83162,0.02122,0.03632,
1770725870933505024,130.78268,23.22761,-0.18524,0.99845,0.01792,0.01407,-0.05084,0.77248,-0.08386,0.00221,
1770725871126353920,130.96309,23.22393,-0.19151,0.99832,0.01189,0.01628,-0.05432,0.87188,0.01673,-0.01314,
1770725871334618112,131.15805,23.21029,-0.19463,0.99802,0.01136,0.01737,-0.05943,0.86079,-0.15894,0.05364,
1770725871532820480,131.34804,23.18725,-0.20398,0.99743,0.01348,0.02115,-0.06711,0.93999,-0.16218,0.01491,
1770725871733927168,131.55333,23.17310,-0.20562,0.99705,0.00691,0.01833,-0.07424,0.92472,-0.07859,0.06237,
1770725871936424960,131.77382,23.15249,-0.21055,0.99691,0.00485,0.02233,-0.07517,0.91680,0.00602,-0.03379,
1770725872134719744,131.98342,23.14008,-0.21915,0.99713,-0.00157,0.02297,-0.07206,1.06993,0.12937,-0.03453,
1770725872334332672,132.17631,23.14584,-0.22327,0.99718,-0.01300,0.02440,-0.06983,0.97731,-0.03833,0.02790,
1770725872532046592,132.36419,23.13435,-0.22724,0.99779,-0.01172,0.02363,-0.06103,1.11414,-0.06752,-0.05507,
1770725872733171712,132.56094,23.12605,-0.23471,0.99794,-0.01551,0.02552,-0.05678,1.12154,-0.01882,-0.17316,
1770725872932889600,132.76052,23.12709,-0.23246,0.99824,-0.02030,0.01792,-0.05273,1.23592,-0.27792,0.00762,
1770725873132246272,132.98661,23.10052,-0.23900,0.99814,-0.01583,0.01905,-0.05579,1.21388,-0.02391,-0.09235,
1770725873327943680,133.22476,23.06047,-0.25091,0.99760,-0.00461,0.03042,-0.06207,1.17283,-0.30341,-0.15561,
1770725873531835392,133.44201,23.04367,-0.24419,0.99760,-0.00900,0.01660,-0.06657,0.94610,-0.25289,0.07064,
1770725873731712512,133.67270,23.02160,-0.25372,0.99776,-0.00690,0.01497,-0.06482,1.32477,-0.11336,-0.12284,
1770725873932160256,133.90120,22.99509,-0.26218,0.99802,-0.00068,0.02103,-0.05920,1.03675,-0.09927,0.01224,
1770725874130937856,134.11670,22.99296,-0.26367,0.99866,-0.00348,0.02111,-0.04714,1.12369,-0.00549,-0.05210,
1770725874331997184,134.31877,22.99433,-0.26587,0.99892,-0.00784,0.01267,-0.04410,0.91399,0.20428,-0.00365,
1770725874530677248,134.50690,22.97376,-0.26928,0.99870,-0.00206,0.01713,-0.04795,0.92374,-0.12037,0.00407,
1770725874731795456,134.67361,22.96226,-0.26814,0.99878,-0.00173,0.01043,-0.04822,1.11983,0.09360,-0.19537,
1770725874931724800,134.86526,22.96658,-0.26684,0.99859,-0.01051,0.01114,-0.05087,0.87510,0.00456,0.08076,
1770725875132629504,135.08816,22.95583,-0.27789,0.99837,-0.01017,0.02150,-0.05194,1.20472,-0.13349,-0.06111,
1770725875331088640,135.28535,22.94742,-0.28047,0.99857,-0.01054,0.01458,-0.05028,0.98510,-0.13547,-0.07737,
1770725875530666240,135.48098,22.92535,-0.29185,0.99856,-0.00238,0.03238,-0.04267,0.87307,-0.07701,-0.02887,
1770725875732761600,135.66388,22.92965,-0.28827,0.99940,-0.00014,0.02745,-0.02127,0.70777,0.15035,0.11120,
1770725875930771200,135.85180,22.96217,-0.29800,0.99967,-0.00921,0.02297,-0.00730,1.20170,-0.05387,-0.14988,
1770725876130430720,136.02578,22.93477,-0.28891,0.99992,0.00790,0.00595,-0.00767,1.27981,0.48713,-0.11568,
1770725876331778048,136.23604,22.94663,-0.30007,0.99963,0.00018,0.01854,-0.02015,0.98903,-0.09620,0.04735,
1770725876529871104,136.45307,22.94267,-0.30261,0.99944,0.00099,0.02201,-0.02503,1.18795,-0.15899,-0.10329,
1770725876730562048,136.64480,22.94076,-0.29713,0.99918,-0.00315,0.00383,-0.04021,0.92315,0.15976,0.05078,
1770725876929474048,136.89460,22.89966,-0.31751,0.99885,0.01574,0.02446,-0.03817,1.12646,-0.27323,0.00199,
1770725877131927552,137.10588,22.88904,-0.31824,0.99844,0.01409,0.02684,-0.04687,0.86189,-0.12101,-0.00126,
1770725877330328832,137.26394,22.88854,-0.31335,0.99824,0.00646,0.01178,-0.05778,0.98581,-0.01618,0.00809,
1770725877529172992,137.46962,22.86848,-0.31783,0.99830,0.01103,0.00963,-0.05634,1.05484,-0.08080,0.00290,
1770725877730126848,137.68704,22.84987,-0.32050,0.99797,0.01256,0.01393,-0.06085,1.06134,-0.12485,0.05980,
1770725877928119040,137.90186,22.84935,-0.31735,0.99788,0.00369,0.00894,-0.06435,1.09097,-0.15364,0.02045,
1770725878128383232,138.11052,22.83510,-0.31741,0.99749,0.00286,0.01242,-0.06969,0.82290,-0.01034,-0.00225,
1770725878327416064,138.27631,22.82673,-0.32651,0.99755,0.00160,0.01876,-0.06735,0.60590,-0.01368,0.04372,
1770725878527324928,138.41178,22.83202,-0.31852,0.99830,-0.00171,0.00789,-0.05775,0.88767,0.02093,-0.01556,
1770725878728189696,138.61728,22.82601,-0.33015,0.99883,0.00287,0.02565,-0.04081,0.93349,-0.03004,0.04983,
1770725878937954048,138.79207,22.84712,-0.32389,0.99958,-0.00368,0.01116,-0.02634,0.94736,-0.00251,0.04049,
1770725879135740160,138.99007,22.82850,-0.33386,0.99950,0.00910,0.02066,-0.02218,0.98169,-0.31362,-0.07404,
1770725879330489600,139.21894,22.77827,-0.36549,0.99763,0.03356,0.05548,-0.02297,1.29032,-0.25187,-0.29475,
1770725879525870592,139.44628,22.74854,-0.39542,0.99613,0.04481,0.07234,-0.02196,1.01496,0.34183,-0.04068,
1770725879723529984,139.61093,22.79536,-0.38311,0.99857,0.01860,0.03976,-0.03054,0.82632,-0.08761,0.02866,
1770725879925824768,139.75525,22.75818,-0.38033,0.99869,0.03458,0.02167,-0.03100,0.90525,-0.02641,0.01617,
1770725880121654528,139.90947,22.77336,-0.38277,0.99913,0.02303,0.01294,-0.03239,0.84960,0.24931,-0.03481,
1770725880332872960,140.07149,22.76374,-0.39741,0.99876,0.03256,0.03486,-0.01459,0.42712,-0.02355,0.00381,
1770725880526111744,140.08800,22.80489,-0.38082,0.99974,0.01746,0.00826,0.01249,0.25972,0.16775,0.04181,
1770725880725735680,140.19519,22.83697,-0.39070,0.99899,0.01667,0.01768,0.03775,0.73343,0.16337,-0.08772,
1770725880924731392,140.31199,22.85983,-0.39722,0.99686,0.01990,0.02282,0.07316,0.32057,0.11965,0.03752,
1770725881125087488,140.36743,22.87167,-0.38402,0.99461,0.02694,0.00928,0.09967,0.35171,0.19272,0.06548,
1770725881327207168,140.50386,22.95360,-0.39659,0.99122,0.01379,0.02199,0.12962,0.84010,0.70904,-0.17374,
1770725881525667584,140.60877,23.01260,-0.39677,0.98671,0.00725,0.01837,0.16131,0.30092,0.18184,0.00622,
1770725881725569536,140.66604,23.04845,-0.39281,0.98312,0.00826,0.01197,0.18241,0.38915,0.31408,-0.01479,
1770725881925323264,140.74312,23.11687,-0.39566,0.97955,-0.00317,0.01077,0.20088,0.29799,0.32061,0.01936,
1770725882125120000,140.79533,23.16826,-0.39410,0.97279,-0.00469,0.00581,0.23155,0.29211,0.14066,0.03594,
1770725882318571520,140.85711,23.21728,-0.39658,0.96429,-0.00151,0.00825,0.26473,0.40110,0.38347,-0.07786,
1770725882525510912,140.92430,23.27685,-0.40184,0.95568,-0.00266,0.01220,0.29414,0.27411,0.25247,0.02279,
1770725882724330240,140.97952,23.35916,-0.39756,0.94882,-0.00765,0.00725,0.31565,0.27826,0.42038,0.09984,
1770725882924748544,141.05246,23.45747,-0.40060,0.93682,-0.00773,0.01162,0.34954,0.40259,0.44665,-0.02625,
1770725883124097792,141.13455,23.54699,-0.40869,0.92468,-0.00380,0.01972,0.38023,0.47501,0.41891,-0.03979,
1770725883324394752,141.24295,23.67031,-0.42225,0.91340,-0.00263,0.03251,0.40576,0.62559,0.78323,-0.13711,
1770725883523793152,141.37505,23.82254,-0.44531,0.89856,-0.00373,0.06255,0.43435,0.50452,0.54065,0.00667,
1770725883724442880,141.41000,23.87953,-0.43656,0.87369,0.01911,0.03178,0.48508,0.12193,0.22103,0.02576,
1770725883924065024,141.47896,23.99423,-0.45130,0.86164,0.02562,0.04135,0.50519,0.28773,0.76154,-0.09877,
1770725884124129280,141.52270,24.15278,-0.46772,0.84759,0.00703,0.05632,0.52761,0.24380,0.60385,-0.03498,
1770725884325058816,141.53393,24.23548,-0.46488,0.82979,0.00493,0.05032,0.55578,-0.01268,0.23309,0.05059,
1770725884524031488,141.53630,24.28925,-0.46689,0.81547,0.01114,0.04733,0.57676,0.12605,0.32819,-0.05617,
1770725884724143360,141.53956,24.35846,-0.47700,0.80081,0.01136,0.04675,0.59698,-0.03334,0.35208,-0.04920,
1770725884925744896,141.53724,24.39254,-0.48095,0.78939,0.01187,0.04572,0.61207,-0.09288,0.04798,0.02090,
1770725885128843520,141.51663,24.42581,-0.48250,0.76991,0.01234,0.04401,0.63651,-0.05734,0.18475,-0.01826,
1770725885330650112,141.50615,24.45943,-0.48337,0.75000,0.01363,0.04153,0.65999,-0.07080,0.11341,0.02000,
1770725885526897152,141.49570,24.49361,-0.48792,0.73280,0.01019,0.04248,0.67904,0.00771,-0.04659,0.03335,
1770725885726046720,141.47608,24.52135,-0.48772,0.71391,0.00985,0.04024,0.69901,-0.15954,0.31246,-0.01390,
1770725885925924096,141.44495,24.61764,-0.49826,0.68522,0.00115,0.04893,0.72669,-0.07071,0.39349,0.00161,
1770725886122857984,141.42235,24.68697,-0.50049,0.65908,0.00504,0.04626,0.75063,-0.10910,0.24700,0.00649,
1770725886323470080,141.39874,24.73158,-0.50041,0.63720,0.00799,0.04358,0.76942,-0.17641,0.28935,-0.01981,
1770725886521847040,141.36668,24.78922,-0.50618,0.61449,0.00575,0.04452,0.78764,-0.17304,0.29982,-0.03068,
1770725886722825216,141.33544,24.82400,-0.51015,0.58767,-0.00024,0.04337,0.80794,-0.13214,0.11638,-0.03122,
1770725886922460672,141.31239,24.83042,-0.50777,0.55559,0.00308,0.03559,0.83069,-0.17704,0.10067,0.02665,
1770725887123661056,141.26544,24.88179,-0.51075,0.52633,0.00596,0.03589,0.84950,-0.20540,0.28187,-0.02302,
1770725887324418560,141.21834,24.92772,-0.51279,0.50298,0.00515,0.03498,0.86357,-0.20267,0.19356,-0.00963,
1770725887522326272,141.17193,24.95782,-0.51630,0.47358,0.00380,0.03515,0.88004,-0.24288,0.14827,-0.00737,
1770725887723206400,141.12131,24.98528,-0.52069,0.44678,-0.00101,0.03296,0.89404,-0.23457,0.09598,-0.01451,
1770725887921219328,141.08821,24.99648,-0.52132,0.41619,0.00188,0.02957,0.90880,-0.18709,0.07434,0.00234,
1770725888121318656,141.03090,25.02292,-0.52065,0.38753,0.00292,0.02411,0.92154,-0.36636,0.19754,0.00194,
1770725888321629952,140.95162,25.06453,-0.52328,0.35247,-0.00015,0.02253,0.93555,-0.35298,0.24705,-0.01956,
1770725888521723648,140.88324,25.10374,-0.52650,0.31688,-0.00059,0.02315,0.94818,-0.30235,0.14222,0.00541,
1770725888723204096,140.81143,25.13466,-0.52790,0.28030,0.00108,0.02264,0.95965,-0.38541,0.18584,-0.01198,
1770725888920756736,140.72703,25.16188,-0.53230,0.24396,-0.00243,0.02273,0.96952,-0.44964,0.17792,-0.04842,
1770725889121734912,140.63748,25.19511,-0.53806,0.20681,-0.00442,0.02546,0.97804,-0.54871,0.20914,-0.04483,
1770725889322242304,140.50646,25.24046,-0.54571,0.17846,-0.01298,0.02944,0.98342,-0.72686,0.22030,0.01404,
1770725889523589376,140.35409,25.29080,-0.55022,0.14555,-0.01835,0.03549,0.98854,-0.74639,0.16415,-0.03396,
1770725889722370048,140.23620,25.31733,-0.55156,0.10894,-0.01334,0.03958,0.99317,-0.46500,0.07910,-0.00509,
1770725889922250752,140.16018,25.28634,-0.53772,0.06265,0.00592,0.02307,0.99775,-0.48494,-0.05187,0.05417,
1770725890121361664,140.03179,25.29760,-0.53791,0.04499,0.01042,0.02923,0.99851,-0.73234,0.02965,0.04215,
1770725890321587200,139.86712,25.30381,-0.53741,0.04205,0.00983,0.02757,0.99869,-0.80764,0.06279,-0.00831,
1770725890519792384,139.69957,25.31351,-0.52930,0.04247,0.01474,0.02688,0.99863,-1.08719,0.09364,0.00403,
1770725890715257600,139.46055,25.32728,-0.52396,0.04292,0.01547,0.02684,0.99860,-1.39942,0.08392,-0.00408,
1770725890921606144,139.15398,25.33898,-0.51871,0.04749,0.00872,0.02223,0.99859,-1.45617,0.00851,0.02818,
1770725891120298752,138.85569,25.36403,-0.53135,0.04829,-0.00351,0.02525,0.99851,-1.39895,0.05196,0.00238,
1770725891315330560,138.55107,25.38544,-0.54146,0.05275,-0.02468,0.02604,0.99796,-1.62858,0.31949,-0.04803,
1770725891521799680,138.26658,25.42164,-0.54281,0.06032,-0.01610,0.03027,0.99759,-1.40046,-0.13341,-0.08225,
1770725891721123072,138.02930,25.43970,-0.54054,0.06032,0.00391,0.03016,0.99772,-1.38650,0.27722,-0.07640,
1770725891920411648,137.73515,25.49539,-0.55130,0.06022,-0.01233,0.04473,0.99711,-1.43269,0.41857,-0.04971,
1770725892121285376,137.43456,25.52552,-0.56230,0.06435,-0.01397,0.04212,0.99694,-1.52471,-0.03396,-0.08739,
1770725892322566400,137.16220,25.55614,-0.55981,0.06309,-0.00926,0.04515,0.99694,-1.33418,0.16535,0.01485,
1770725892521950976,136.92481,25.57193,-0.55240,0.06532,0.00815,0.03816,0.99710,-1.33289,-0.38124,0.03786,
1770725892721262336,136.64111,25.58927,-0.55273,0.04981,0.00061,0.04152,0.99790,-1.40673,0.06337,-0.08859,
1770725892917104128,136.36593,25.58434,-0.55054,0.04360,-0.00128,0.02959,0.99861,-1.52389,-0.03595,0.05614,
1770725893119782912,136.09410,25.59961,-0.54833,0.04922,-0.00117,0.02991,0.99834,-1.44715,-0.06551,0.04708,
1770725893320008448,135.83018,25.61593,-0.54093,0.05180,0.00757,0.02825,0.99823,-1.48199,0.11268,-0.00892,
1770725893518563328,135.53808,25.63579,-0.54035,0.05670,0.00082,0.02574,0.99806,-1.46170,0.17131,0.03744,
1770725893720004096,135.26003,25.65348,-0.53910,0.06170,0.00459,0.02088,0.99787,-1.34434,-0.00750,-0.02960,
1770725893920174592,134.97051,25.68901,-0.54349,0.06420,-0.00246,0.02397,0.99765,-1.55332,0.04805,-0.04357,
1770725894118805504,134.70535,25.71253,-0.53696,0.06555,0.00468,0.02128,0.99761,-1.24692,0.05915,0.10317,
1770725894321609728,134.43626,25.74143,-0.52838,0.06524,0.01071,0.02411,0.99752,-1.35230,0.06398,0.04628,
1770725894522124288,134.14657,25.77006,-0.52713,0.05699,0.00404,0.02981,0.99792,-1.48710,0.21588,0.05594,
1770725894719600640,133.85828,25.79776,-0.52453,0.05410,0.00162,0.03318,0.99798,-1.44855,0.14986,-0.01385,
1770725894918044672,133.59461,25.80820,-0.51253,0.05558,0.00903,0.02713,0.99804,-1.28052,-0.03136,0.01095,
1770725895121667840,133.32509,25.82355,-0.51002,0.05638,0.00989,0.02388,0.99807,-1.48406,-0.08762,0.03930,
1770725895319272448,133.05041,25.85324,-0.50506,0.06289,0.00685,0.02357,0.99772,-1.47005,0.12259,-0.11274,
1770725895519034368,132.78278,25.88457,-0.49607,0.06495,0.01130,0.02763,0.99744,-1.23531,0.24492,0.06308,
1770725895719968768,132.49024,25.91577,-0.49637,0.06443,0.00317,0.03046,0.99745,-1.41457,-0.02335,0.04291,
1770725895917173504,132.19778,25.91951,-0.49845,0.05118,-0.00077,0.02587,0.99835,-1.34489,0.27532,-0.00597,
1770725896118812928,131.91498,25.94131,-0.49010,0.04273,-0.00251,0.03084,0.99861,-1.33220,0.01759,0.03492,
1770725896317485056,131.68350,25.92936,-0.46927,0.03556,0.02391,0.02080,0.99887,-1.21862,0.00398,0.09426,
1770725896525048320,131.39256,25.94189,-0.47644,0.03450,0.00959,0.02434,0.99906,-1.53973,0.01090,-0.07285,
1770725896718255104,131.06994,25.95835,-0.48399,0.03822,-0.01309,0.02688,0.99882,-1.72604,0.12199,-0.10627,
1770725896917902336,130.79127,25.97152,-0.47831,0.03973,-0.00064,0.02572,0.99888,-1.27661,-0.14235,0.02831,
1770725897117440512,130.53411,25.98007,-0.47549,0.04135,0.00118,0.02788,0.99876,-1.37088,0.05176,0.02412,
1770725897318287872,130.24336,25.98064,-0.47012,0.04491,0.00222,0.02121,0.99876,-1.43018,0.08235,0.03615,
1770725897518072832,129.96327,26.00091,-0.46478,0.05034,0.00493,0.02211,0.99848,-1.41511,0.11755,0.01225,
1770725897717553408,129.68964,26.00922,-0.46146,0.04691,0.00624,0.02112,0.99866,-1.26448,-0.00251,0.07850,
1770725897917831424,129.40777,26.02166,-0.45626,0.04750,0.00582,0.02124,0.99863,-1.28602,-0.02624,-0.00599,
1770725898117328128,129.13059,26.03462,-0.45228,0.04974,0.00723,0.01871,0.99856,-1.37559,-0.00084,-0.01631,
1770725898318205696,128.84932,26.04951,-0.44764,0.05143,0.00536,0.01807,0.99850,-1.36487,0.12599,-0.01582,
1770725898517026048,128.57426,26.06830,-0.44183,0.05286,0.00493,0.01856,0.99842,-1.36715,0.20408,0.01652,
1770725898717448704,128.29380,26.08726,-0.43577,0.05385,0.00356,0.01820,0.99838,-1.35484,0.07758,0.06096,
1770725898919158528,128.01101,26.10235,-0.43135,0.05256,0.00566,0.01679,0.99846,-1.40979,0.07725,0.02603,
1770725899115845888,127.73664,26.11941,-0.42874,0.05221,0.00354,0.01706,0.99848,-1.43654,-0.03540,-0.00007,
1770725899316402688,127.46183,26.13461,-0.42310,0.04612,0.00306,0.01872,0.99876,-1.56034,-0.01050,0.03941,
1770725899515805952,127.17977,26.13972,-0.41161,0.03652,0.00759,0.01828,0.99914,-1.52382,0.14174,0.00671,
1770725899718236160,126.89068,26.14549,-0.41162,0.03753,0.00250,0.01766,0.99914,-1.21484,0.13613,0.05073,
1770725899920592896,126.62889,26.15128,-0.40481,0.03732,0.00384,0.01705,0.99915,-1.21716,0.10129,0.08497,
1770725900116602368,126.36343,26.16506,-0.39636,0.04271,0.00586,0.01695,0.99893,-1.32154,0.06024,0.08771,
1770725900311646464,126.08474,26.18428,-0.39507,0.04206,0.00370,0.01928,0.99892,-1.48022,0.15879,-0.05943,
1770725900515279360,125.79409,26.20280,-0.39344,0.04444,-0.00046,0.02250,0.99876,-1.18903,0.03207,0.03002,
1770725900712075520,125.53873,26.21879,-0.38790,0.04545,0.00585,0.02602,0.99861,-1.32164,0.34684,0.08644,
1770725900914150656,125.26624,26.22555,-0.38302,0.05056,0.00592,0.01816,0.99854,-1.39727,0.05043,-0.01868,
1770725901115076608,124.99404,26.23546,-0.37705,0.04647,0.00558,0.01782,0.99874,-1.50548,0.06478,0.08865,
1770725901314893312,124.73593,26.24142,-0.37189,0.04313,0.00839,0.01428,0.99893,-1.44325,0.06215,0.01648,
1770725901514366464,124.46982,26.26683,-0.36961,0.05019,0.00557,0.01920,0.99854,-1.35586,-0.16304,0.01060,
1770725901716325888,124.21326,26.28657,-0.36189,0.05818,0.00937,0.01798,0.99810,-1.38137,0.13053,-0.04120,
1770725901915157504,123.95224,26.32131,-0.35178,0.06300,0.01524,0.02447,0.99760,-0.97636,0.15697,-0.07673,
1770725902114565888,123.68905,26.33731,-0.34209,0.06192,0.01261,0.01734,0.99785,-1.24027,-0.09691,0.10996,
1770725902315209472,123.39629,26.34713,-0.34203,0.04688,0.00345,0.01829,0.99873,-1.65302,0.28206,-0.06881,
1770725902507812864,123.10702,26.37491,-0.33661,0.04596,-0.00746,0.02330,0.99864,-1.38466,0.05046,0.04897,
1770725902715038976,122.85727,26.37349,-0.32296,0.04902,0.00966,0.01412,0.99865,-1.29145,-0.00183,0.01568,
1770725902929009152,122.57083,26.39264,-0.31921,0.05019,0.00398,0.01551,0.99861,-1.38131,0.05375,0.07444,
1770725903132872704,122.28330,26.41873,-0.31224,0.05446,0.00226,0.01919,0.99833,-1.20470,0.23089,0.02110,
1770725903314194432,122.03676,26.43040,-0.30474,0.05789,0.00499,0.01408,0.99821,-1.28421,-0.05306,0.07513,
1770725903514342912,121.76488,26.44865,-0.29396,0.05246,0.01107,0.01809,0.99840,-1.35921,0.24229,-0.00776,
1770725903712825856,121.47720,26.49595,-0.28618,0.04838,0.00338,0.03388,0.99825,-1.33843,0.02553,0.00448,
1770725903913376000,121.21871,26.47932,-0.27299,0.04844,0.01691,0.01816,0.99852,-1.28018,0.18928,-0.01900,
1770725904114999296,120.94296,26.49817,-0.26740,0.04835,0.00972,0.02198,0.99854,-1.22790,-0.27924,0.06411,
1770725904313202944,120.67184,26.50338,-0.25757,0.04744,0.00887,0.01836,0.99867,-1.35378,0.06215,0.03973,
1770725904510321920,120.39429,26.51198,-0.24933,0.05134,0.00822,0.01366,0.99855,-1.47913,-0.02844,0.03915,
1770725904736222976,120.08249,26.54073,-0.24314,0.04460,0.01029,0.02334,0.99868,-1.35324,-0.03949,0.02204,
1770725904914841856,119.80299,26.55448,-0.24390,0.04290,-0.00566,0.02455,0.99876,-1.26210,0.23195,0.14318,
1770725905112360192,119.54989,26.57146,-0.23249,0.04318,0.00318,0.02820,0.99866,-1.34251,0.05830,-0.06874,
1770725905312467712,119.29044,26.58527,-0.21675,0.04555,0.00371,0.02837,0.99855,-0.80460,0.59664,0.41907,
1770725905512453120,119.08542,26.64307,-0.21638,0.07856,0.00848,0.03487,0.99626,-0.95457,0.02108,0.16170,
1770725905712647936,118.86611,26.63968,-0.19676,0.08103,0.02439,0.01421,0.99631,-1.38283,0.41626,0.00107,
1770725905912696064,118.58113,26.67263,-0.20568,0.05909,0.01220,0.02846,0.99777,-1.16046,0.05155,-0.03711,
1770725906112314112,118.30402,26.67911,-0.20001,0.06085,0.00792,0.02128,0.99789,-1.24395,0.10110,0.05496,
1770725906322243840,117.99972,26.71877,-0.19892,0.05249,-0.00533,0.03256,0.99808,-1.33879,0.15970,0.12991,
1770725906517560832,117.73950,26.72827,-0.19291,0.04950,0.00066,0.02783,0.99839,-1.49592,-0.01223,-0.06590,
1770725906712045568,117.47808,26.74673,-0.18461,0.04968,-0.00062,0.03267,0.99823,-1.31895,0.06814,0.05535,
1770725906911477760,117.21410,26.75569,-0.17332,0.04385,0.01306,0.03264,0.99842,-1.25586,0.18797,0.10507,
1770725907113808384,116.92285,26.77195,-0.17282,0.04093,0.00345,0.03423,0.99857,-1.35845,-0.06316,0.06248,
1770725907312246784,116.66326,26.76904,-0.16124,0.03921,0.00814,0.02845,0.99879,-1.43419,0.07459,-0.15451,
1770725907512599040,116.38179,26.79407,-0.15962,0.04762,0.00289,0.03049,0.99840,-1.52642,0.15602,0.10961,
1770725907722434304,116.09466,26.81241,-0.15065,0.04868,0.00669,0.03131,0.99830,-1.31358,0.06485,0.01051,
1770725907911974400,115.83836,26.82536,-0.14634,0.05073,0.01010,0.02863,0.99825,-1.47689,0.07700,-0.00355,
1770725908112103424,115.54266,26.85196,-0.14960,0.04523,-0.00233,0.03450,0.99838,-1.58804,0.11206,-0.01734,
1770725908312588544,115.25517,26.87208,-0.14309,0.04019,-0.00016,0.03787,0.99847,-1.48905,-0.02912,-0.01273,
1770725908511112960,114.98075,26.88254,-0.14050,0.04255,0.00065,0.03492,0.99848,-1.46347,-0.06943,-0.05297,
1770725908711503360,114.72999,26.89895,-0.13088,0.04290,0.00796,0.03627,0.99839,-1.51159,-0.00564,-0.03725,
1770725908913553664,114.45591,26.91042,-0.12356,0.04921,0.01155,0.03487,0.99811,-1.36687,0.07765,0.00539,
1770725909111312384,114.17191,26.93231,-0.12041,0.05052,0.00287,0.03454,0.99812,-1.33522,0.03359,0.07008,
1770725909311045120,113.89205,26.93797,-0.11415,0.04300,0.00234,0.03049,0.99861,-1.55896,-0.01309,-0.03206,
1770725909510534656,113.61078,26.96862,-0.10358,0.04516,0.00273,0.03924,0.99821,-1.29495,0.12120,0.11260,
1770725909706779392,113.35779,26.97846,-0.09358,0.04736,0.01232,0.03558,0.99817,-1.02023,0.09502,0.18295,
1770725909910938624,113.05642,26.99822,-0.09242,0.03665,-0.00490,0.04261,0.99841,-1.46851,0.22988,-0.02554,
1770725910109720320,112.80223,26.98032,-0.07959,0.03489,0.00632,0.02919,0.99894,-1.05194,0.12791,0.13207,
1770725910309970688,112.52723,27.00411,-0.07699,0.03319,0.00210,0.03663,0.99878,-1.21827,0.11887,0.06324,
1770725910509176064,112.24681,27.01337,-0.06708,0.03593,0.00325,0.03586,0.99871,-1.35610,0.06648,0.03696,
1770725910709064704,111.97688,27.03178,-0.05415,0.03731,0.01060,0.04010,0.99844,-1.31172,0.06398,0.02461,
1770725910910956032,111.70419,27.03059,-0.04745,0.03729,0.01094,0.03419,0.99866,-1.38955,0.02770,0.09834,
1770725911112368384,111.40374,27.03019,-0.04582,0.03047,0.00260,0.02971,0.99909,-1.24599,-0.21120,0.07155,
1770725911307696128,111.11695,27.02519,-0.04501,0.02269,-0.00730,0.02795,0.99933,-1.22585,-0.07496,0.08496,
1770725911504522240,110.85177,27.03404,-0.04125,0.02840,-0.00692,0.02912,0.99915,-1.27644,0.12880,0.09340,
1770725911709410048,110.56356,27.05294,-0.03503,0.02957,-0.00539,0.03218,0.99903,-1.38661,0.14556,0.02097,
1770725911909158656,110.28544,27.05288,-0.02914,0.03538,0.00026,0.02664,0.99902,-1.30939,-0.21502,0.06338,
1770725912110174208,110.00883,27.07796,-0.02437,0.03859,0.00038,0.03320,0.99870,-1.32431,0.11100,0.13347,
1770725912309010688,109.72003,27.07325,-0.01976,0.03625,0.00007,0.02560,0.99901,-1.33506,0.01921,0.13033,
1770725912509495808,109.42999,27.08895,-0.00822,0.03101,-0.00045,0.02969,0.99908,-1.15282,0.30224,0.15776,
1770725912709979136,109.19540,27.10988,0.00235,0.04880,0.01333,0.03017,0.99826,-1.33267,0.29878,0.05367,
1770725912910322688,108.91065,27.11511,0.00384,0.04837,0.00803,0.02221,0.99855,-1.78940,0.26854,-0.00121,
1770725913109010944,108.61882,27.14233,0.00839,0.04766,0.00793,0.02819,0.99843,-1.38601,-0.12635,0.04451,
1770725913321370624,108.33267,27.18407,0.01578,0.04911,0.00220,0.04116,0.99794,-1.23825,0.26993,0.09898,
1770725913510270720,108.08279,27.18585,0.02605,0.05220,0.01483,0.03185,0.99802,-1.17736,0.00288,0.03172,
1770725913702642432,107.79478,27.19407,0.02580,0.04527,0.00328,0.02983,0.99852,-1.40177,0.05670,0.04844,
1770725913909768448,107.51824,27.21355,0.02635,0.04856,0.00233,0.03000,0.99837,-1.10951,0.07712,0.14802,
1770725914113620224,107.23868,27.22087,0.03376,0.04130,0.00365,0.02709,0.99877,-1.51250,-0.01438,-0.15434,
1770725914315518720,106.93446,27.22822,0.02936,0.03864,-0.00070,0.02685,0.99889,-1.32403,0.25026,0.00761,
1770725914508998144,106.66183,27.24173,0.03207,0.04403,-0.00200,0.02640,0.99868,-1.38280,0.02073,0.04016,
1770725914707620608,106.38785,27.25903,0.03763,0.04431,0.00215,0.02862,0.99861,-1.36384,0.13415,-0.00130,
1770725914907754240,106.11969,27.26629,0.04800,0.04762,0.01053,0.02341,0.99854,-1.55155,0.19400,-0.03084,
1770725915107125504,105.85433,27.27182,0.06420,0.04573,0.02040,0.01891,0.99857,-1.38995,-0.20540,0.00914,
1770725915307253248,105.55007,27.28572,0.05905,0.03445,0.00839,0.02374,0.99909,-1.56208,-0.18245,-0.02825,
1770725915517777152,105.24141,27.28568,0.06764,0.03453,0.00308,0.01866,0.99922,-1.33301,0.06975,0.08159,
1770725915712613888,104.97817,27.29212,0.07399,0.04014,0.00911,0.01504,0.99904,-1.31281,0.06088,0.12382,
1770725915904891136,104.69984,27.31504,0.07721,0.04304,0.00486,0.01744,0.99891,-1.43897,0.17578,-0.03467,
1770725916106280960,104.41239,27.33186,0.08276,0.04562,0.00637,0.01747,0.99879,-1.37845,-0.00208,0.01402,
1770725916306980096,104.13002,27.34700,0.08784,0.04246,0.00388,0.01775,0.99893,-1.40180,0.14340,-0.00426,
1770725916507002112,103.85179,27.35198,0.09350,0.04042,0.00683,0.01399,0.99906,-1.49938,0.08523,0.01028,
1770725916705522432,103.56802,27.36509,0.09728,0.03691,0.00617,0.01568,0.99918,-1.37482,0.00370,0.00590,
1770725916906613504,103.28335,27.38049,0.10272,0.03627,0.00336,0.01891,0.99916,-1.43158,0.14337,0.01467,
1770725917109874944,103.00156,27.38758,0.10344,0.03977,0.00453,0.01902,0.99902,-1.27988,0.06819,0.04284,
1770725917306681600,102.71262,27.40623,0.10365,0.04219,-0.00152,0.02040,0.99890,-1.51047,0.12449,-0.01056,
1770725917505797120,102.43433,27.42313,0.10886,0.04280,-0.00014,0.02240,0.99883,-1.32733,-0.15661,0.07335,
1770725917704496384,102.16451,27.43046,0.11368,0.04211,0.00404,0.02013,0.99890,-1.41324,0.08622,-0.00137,
1770725917904994304,101.88350,27.43263,0.11893,0.04632,0.00312,0.01293,0.99884,-1.49125,0.07015,-0.03019,
1770725918105805824,101.59080,27.45481,0.12047,0.04840,0.00016,0.01543,0.99871,-1.50918,0.08447,0.00380,
1770725918306430208,101.31574,27.46237,0.12617,0.04746,0.00232,0.01201,0.99880,-1.38951,0.05321,-0.03562,
1770725918501380096,101.04746,27.47498,0.12965,0.04569,0.00232,0.01221,0.99888,-1.31951,0.07430,0.00982,
1770725918705082112,100.76433,27.48955,0.13548,0.04968,0.00076,0.01016,0.99871,-1.47907,0.02727,0.02730,
1770725918904204288,100.49332,27.49289,0.14061,0.05084,0.00447,0.00340,0.99869,-1.30318,0.19065,-0.03607,
1770725919104452096,100.22090,27.51767,0.15040,0.05412,0.00333,0.00724,0.99850,-1.31282,0.14948,0.09260,
1770725919303350016,99.95692,27.53109,0.16397,0.05783,0.01218,0.00418,0.99824,-1.47549,0.19297,0.03440,
1770725919503826176,99.66503,27.56196,0.16861,0.05907,0.00753,0.00696,0.99820,-1.37170,-0.02513,0.11937,
1770725919704190208,99.38895,27.58987,0.17850,0.05672,0.01075,0.01256,0.99825,-1.52175,0.09520,-0.00146,
1770725919903518976,99.11701,27.59307,0.18373,0.06024,0.00828,-0.00019,0.99815,-1.43966,-0.04984,0.05372,
1770725920103752192,98.83500,27.61714,0.19064,0.06084,0.00505,0.00107,0.99813,-1.35240,0.04305,0.05511,
1770725920302350848,98.57027,27.62858,0.20172,0.06179,0.00810,-0.00379,0.99805,-1.45496,0.16120,0.00233,
1770725920503031040,98.29763,27.64381,0.21139,0.05953,0.00838,-0.00675,0.99817,-1.38858,0.04683,0.02202,
1770725920706850304,98.01045,27.66033,0.21840,0.05288,0.00808,-0.00679,0.99855,-1.47904,0.11836,-0.04879,
1770725920903551744,97.72126,27.69887,0.22101,0.04854,0.00068,0.00496,0.99881,-1.45207,0.00218,-0.05846,
1770725921104033536,97.45444,27.69314,0.22532,0.04759,0.00223,-0.00582,0.99885,-1.28633,0.22253,0.02404,
1770725921303685376,97.16742,27.73471,0.22500,0.05403,-0.00646,0.00356,0.99851,-1.53293,0.11451,0.10209,
1770725921502440448,96.88744,27.77349,0.23429,0.05498,-0.00356,0.01107,0.99842,-1.40572,0.04565,0.04436,
1770725921702662656,96.62820,27.79258,0.24020,0.05579,0.00214,0.00873,0.99840,-1.36784,-0.02137,-0.00076,
1770725921902042368,96.36803,27.81772,0.25135,0.05277,0.00650,0.01322,0.99850,-1.43486,0.15389,-0.02936,
1770725922100437760,96.08002,27.85261,0.24967,0.05509,-0.00180,0.01922,0.99829,-1.41426,0.11318,0.00546,
1770725922303542016,95.79531,27.87256,0.25579,0.05130,0.00092,0.02015,0.99848,-1.33563,0.21242,0.08023,
1770725922503937280,95.50915,27.90034,0.25512,0.04629,-0.00664,0.02740,0.99853,-1.41957,0.08911,-0.05219,
1770725922709724928,95.23011,27.91967,0.26349,0.03813,-0.00452,0.03304,0.99872,-1.28414,0.15402,0.14318,
1770725922903093248,94.96276,27.92669,0.26329,0.03399,-0.00734,0.03213,0.99888,-1.38276,-0.21071,0.00744,
1770725923101986048,94.68823,27.91574,0.26680,0.02405,-0.00788,0.02881,0.99926,-1.68473,0.20647,-0.17726,
1770725923319409664,94.37530,27.90300,0.25528,0.01848,-0.01566,0.02292,0.99944,-1.48696,-0.13424,-0.03023,
1770725923502345472,94.08484,27.89646,0.24070,0.01520,-0.03096,0.01881,0.99923,-1.43460,-0.27952,0.04749,
1770725923702816768,93.87027,27.88428,0.27354,0.01425,0.00476,0.01468,0.99978,-1.01684,0.08143,0.08214,
1770725923900844032,93.65793,27.86492,0.29177,0.01311,0.02279,0.00667,0.99963,-1.38378,-0.11324,0.15591,
1770725924101502208,93.35783,27.84594,0.28700,0.00967,0.00239,0.00131,0.99995,-1.69261,0.18393,-0.15098,
1770725924301413632,93.00906,27.88315,0.27158,0.01201,-0.02433,0.02322,0.99936,-1.43981,0.08235,0.03567,
1770725924501703424,92.75539,27.88978,0.28631,0.02970,-0.00586,0.01949,0.99935,-1.13895,0.11416,0.14958,
1770725924702847232,92.53012,27.89859,0.30648,0.04293,0.01676,0.01656,0.99880,-1.11932,-0.09149,0.09586,
1770725924906582016,92.25495,27.92782,0.31357,0.04993,0.01371,0.02105,0.99844,-1.20814,0.12903,0.03798,
1770725925101668864,91.96949,27.93700,0.31778,0.05986,0.00050,0.01270,0.99813,-1.45686,0.12363,0.01416,
1770725925300457984,91.68992,27.95396,0.32257,0.06689,-0.00109,0.00722,0.99773,-1.43332,0.09443,-0.02690,
1770725925500742656,91.39628,27.98100,0.31858,0.07140,-0.00788,0.00468,0.99741,-1.57680,0.13164,0.00441,
1770725925701311744,91.12161,28.02067,0.32803,0.07400,-0.00737,0.01242,0.99715,-1.23445,0.20390,0.05303,
1770725925900482048,90.87143,28.04134,0.34213,0.07338,0.00608,0.00861,0.99725,-1.14318,0.09096,0.11511,
1770725926102396672,90.61299,28.06830,0.35602,0.06569,0.01276,0.01208,0.99769,-1.35453,0.17412,0.03707,
1770725926301011968,90.32804,28.08642,0.36744,0.05647,0.01268,0.01227,0.99825,-1.45716,0.06700,0.08948,
1770725926499852544,90.01330,28.10379,0.37256,0.03706,0.00093,0.01950,0.99912,-1.44574,0.07778,0.04131,
1770725926701771264,89.74607,28.08563,0.38649,0.02088,0.01018,0.01229,0.99965,-1.39790,0.05820,0.00153,
1770725926899666432,89.47047,28.07894,0.38943,0.02501,0.00456,0.00628,0.99966,-1.33405,-0.16763,0.01401,
1770725927110271488,89.17078,28.08299,0.39598,0.02721,-0.00006,0.00614,0.99961,-1.38769,-0.12684,0.05634,
1770725927298992640,88.91477,28.08139,0.40551,0.03441,0.00348,0.00172,0.99940,-1.33297,0.22888,0.00915,
1770725927499928320,88.63062,28.09409,0.40798,0.03739,0.00017,0.00286,0.99930,-1.29418,-0.10659,0.04309,
1770725927714169856,88.32102,28.11854,0.41221,0.03553,-0.00617,0.01121,0.99929,-1.38868,0.10067,0.02223,
1770725927900113408,88.08486,28.11442,0.42314,0.03916,0.00615,0.00408,0.99921,-1.27523,-0.01303,0.08074,
1770725928099864064,87.80275,28.13436,0.42499,0.03908,0.00042,0.00950,0.99919,-1.48331,0.13822,-0.00563,
1770725928299111680,87.51669,28.14266,0.43490,0.04064,0.00183,0.00685,0.99915,-1.46116,0.11253,0.04386,
1770725928499005184,87.26931,28.15000,0.45532,0.04308,0.01592,0.00431,0.99894,-1.06698,-0.00051,0.20517,
1770725928698182400,87.01969,28.15845,0.46901,0.04488,0.02021,0.00176,0.99879,-1.48234,-0.03949,0.06069,
1770725928897893632,86.73538,28.16731,0.48508,0.05455,0.01594,-0.00309,0.99838,-1.28140,0.00632,0.10301,
1770725929098587392,86.43782,28.18609,0.48130,0.05976,0.00081,-0.00831,0.99818,-1.61749,0.01432,-0.00568,
1770725929298681088,86.13148,28.21395,0.48451,0.06378,-0.01259,-0.00618,0.99787,-1.48471,0.31259,-0.03552,
1770725929499730432,85.87810,28.23967,0.49271,0.07373,0.00470,-0.00741,0.99724,-1.25969,0.04026,0.01616,
1770725929701001216,85.61183,28.27054,0.50143,0.07467,0.00641,-0.00841,0.99715,-1.45982,0.00319,-0.09327,
1770725929898463744,85.31934,28.32708,0.50752,0.07735,-0.00368,0.00278,0.99699,-1.58533,0.18953,-0.01913,
1770725930097645824,85.03543,28.36831,0.51617,0.07909,-0.00281,0.00547,0.99685,-1.47465,0.11571,-0.01043,
1770725930297856512,84.76664,28.39544,0.52576,0.07825,0.00239,0.00247,0.99693,-1.31067,0.13636,0.09184,
1770725930504205056,84.48219,28.43889,0.53076,0.07482,-0.00047,0.00911,0.99716,-1.34978,0.18687,0.09524,
1770725930696284672,84.21744,28.46173,0.54035,0.07252,0.00308,0.00647,0.99734,-1.52827,0.13386,-0.07678,
1770725930897916416,83.93245,28.49389,0.54278,0.07438,-0.00183,0.00582,0.99721,-1.35536,0.19953,0.06268,
1770725931097810944,83.66045,28.52060,0.55116,0.07668,0.00335,0.00408,0.99704,-1.31730,0.22009,0.04769,
1770725931296961024,83.36777,28.56103,0.55008,0.07858,-0.00431,0.00785,0.99687,-1.39215,0.28756,0.00357,
1770725931497424640,83.07635,28.60070,0.55338,0.07363,-0.00656,0.01131,0.99720,-1.39209,0.00386,0.09641,
1770725931697337344,82.79740,28.62520,0.56127,0.06617,0.00033,0.01178,0.99774,-1.54911,0.28114,0.02330,
1770725931896965376,82.52307,28.65783,0.56719,0.06950,-0.00120,0.01241,0.99750,-1.42968,0.04325,-0.03558,
1770725932097448704,82.24631,28.68529,0.56768,0.06662,-0.00455,0.01462,0.99766,-1.45639,0.18803,-0.07776,
1770725932300962560,81.95962,28.71100,0.57238,0.06853,-0.00421,0.01424,0.99754,-1.40711,0.06707,0.03992,
1770725932498237952,81.69156,28.73491,0.58053,0.06862,-0.00134,0.01310,0.99756,-1.34457,-0.01164,0.10460,
1770725932695358720,81.42178,28.75167,0.58755,0.06123,0.00060,0.01296,0.99804,-1.45859,0.08662,0.04775,
1770725932895776000,81.13798,28.77843,0.59717,0.05303,-0.00121,0.01740,0.99844,-1.56919,0.13721,-0.14241,
1770725933097316352,80.84923,28.80321,0.59742,0.05251,-0.00685,0.01938,0.99841,-1.23384,-0.00551,0.15425,
1770725933297202176,80.58850,28.82135,0.60665,0.05308,-0.00020,0.01896,0.99841,-1.22880,-0.06053,0.07654,
1770725933496467200,80.31482,28.84083,0.61478,0.05613,0.00249,0.01763,0.99827,-1.44626,0.19114,0.02377,
1770725933695337728,80.04104,28.86242,0.62403,0.05810,0.00114,0.01779,0.99815,-1.35192,0.16719,0.06752,
1770725933892973824,79.77837,28.87556,0.64044,0.05473,0.00973,0.01508,0.99834,-1.41566,0.01841,0.05586,
1770725934096024576,79.47785,28.90209,0.63846,0.04400,-0.00262,0.02265,0.99877,-1.51402,0.10551,0.07365,
1770725934296536320,79.18443,28.89698,0.64718,0.03430,-0.00053,0.01491,0.99930,-1.39926,-0.03649,0.08717,
1770725934495190784,78.90632,28.91337,0.65468,0.02986,-0.00051,0.02406,0.99926,-1.32115,0.10375,0.03147,
1770725934698379520,78.62663,28.90352,0.65522,0.03123,-0.00494,0.01613,0.99937,-1.36953,0.02538,-0.04664,
1770725934895361024,78.35118,28.91058,0.66517,0.03112,-0.00640,0.01670,0.99936,-1.34153,0.06054,0.04666,
1770725935103042304,78.09346,28.91142,0.68312,0.03370,0.01016,0.01425,0.99928,-1.23175,-0.05097,0.11591,
1770725935301341952,77.80804,28.93132,0.68600,0.03250,0.00166,0.02174,0.99923,-1.55230,0.15494,-0.08531,
1770725935492965632,77.52209,28.93921,0.68851,0.03346,-0.00194,0.02106,0.99922,-1.44802,-0.02242,0.02986,
1770725935695399680,77.24064,28.95371,0.69397,0.03433,-0.00429,0.02317,0.99913,-1.28627,0.01360,0.04567,
1770725935895987968,76.98662,28.95723,0.70992,0.03640,0.00633,0.02094,0.99910,-1.38290,0.10139,0.05549,
1770725936092072960,76.70657,28.97166,0.71051,0.03843,0.00093,0.02096,0.99904,-1.50546,-0.02616,-0.01489,
1770725936295182848,76.42868,28.97980,0.72320,0.04133,0.00207,0.01917,0.99896,-1.24401,-0.00400,0.08687,
1770725936494894080,76.15165,28.99984,0.73091,0.04314,0.00204,0.02228,0.99882,-1.38514,0.03950,0.11426,
1770725936695113728,75.87240,29.01643,0.73803,0.04504,-0.00306,0.02310,0.99871,-1.46274,0.12040,-0.03130,
1770725936894726912,75.58798,29.02737,0.74077,0.04675,-0.00509,0.01934,0.99871,-1.42496,0.07703,0.08308,
1770725937094735616,75.30666,29.05182,0.74431,0.04761,-0.00907,0.02448,0.99852,-1.31442,0.15249,0.00780,
1770725937293707008,75.05166,29.05970,0.75933,0.05041,0.00283,0.02037,0.99852,-1.31489,0.14219,0.07987,
1770725937493545472,74.78077,29.08639,0.76606,0.05557,0.00341,0.02210,0.99820,-1.29048,0.15306,0.16993,
1770725937693304064,74.50669,29.10034,0.77594,0.05818,0.00508,0.01658,0.99816,-1.42777,0.16953,0.04224,
1770725937893595136,74.22758,29.11383,0.78334,0.05730,0.00217,0.01252,0.99828,-1.50763,0.16103,-0.08036,
1770725938093767168,73.94494,29.14629,0.78540,0.05626,0.00050,0.01866,0.99824,-1.46597,0.26262,-0.00195,
1770725938293800960,73.66143,29.18405,0.78633,0.06670,-0.00063,0.02741,0.99740,-1.18071,-0.10251,0.14455,
1770725938495921152,73.39056,29.20056,0.79216,0.07273,0.00023,0.02163,0.99712,-1.49098,0.15395,0.08975,
1770725938692438784,73.11396,29.23386,0.79552,0.07456,-0.00275,0.02148,0.99698,-1.36454,0.14035,0.01819,
1770725938893710080,72.83169,29.26418,0.79882,0.07811,-0.00360,0.01998,0.99674,-1.23362,0.06159,0.08134,
1770725939094545152,72.57284,29.29525,0.80706,0.07570,0.00127,0.02167,0.99689,-1.26449,0.08585,0.02990,
1770725939319839232,72.25882,29.30669,0.81548,0.06560,-0.00109,0.01468,0.99774,-1.42060,0.13433,0.01865,
1770725939493447936,72.00425,29.33197,0.81523,0.06052,-0.00432,0.01892,0.99798,-1.31455,0.17532,-0.00107,
1770725939694297600,71.74600,29.35888,0.82565,0.06468,0.00122,0.02052,0.99769,-1.08219,0.20312,0.02766,
1770725939892674048,71.48852,29.38042,0.83358,0.06837,0.00392,0.01725,0.99750,-1.44545,0.15950,0.01045,
1770725940092382208,71.20475,29.40810,0.84022,0.06832,0.00043,0.01716,0.99752,-1.41778,0.14025,0.07852,
1770725940292072704,70.93410,29.43039,0.84928,0.06492,0.00571,0.01600,0.99775,-1.48090,0.05590,-0.04086,
1770725940491794944,70.65777,29.46057,0.85570,0.06454,0.00363,0.02100,0.99769,-1.39631,0.02769,-0.03504,
1770725940694676736,70.39756,29.48186,0.87018,0.06413,0.01019,0.02203,0.99765,-1.04373,0.29539,0.30802,
1770725940892532480,70.12965,29.51017,0.87564,0.06900,0.00663,0.02193,0.99735,-1.43341,0.15101,-0.06708,
1770725941091665664,69.84024,29.54564,0.88161,0.06378,0.00110,0.02818,0.99757,-1.51847,0.09896,0.02392,
1770725941292756480,69.54499,29.56589,0.88979,0.05563,0.00127,0.03094,0.99797,-1.52041,0.09457,0.04599,
1770725941491168256,69.27010,29.58262,0.90903,0.04704,0.01042,0.03303,0.99829,-1.40093,0.11265,0.08318,
1770725941694263808,68.98358,29.59105,0.91744,0.04089,0.00674,0.03051,0.99868,-1.04247,0.16152,0.24663,
1770725941892804608,68.70554,29.61749,0.92056,0.04401,0.00177,0.03783,0.99831,-1.23157,0.26159,0.10601,
1770725942091566336,68.41867,29.61522,0.92905,0.04665,-0.00310,0.02756,0.99853,-1.41161,0.17492,0.08898,
1770725942292439040,68.14155,29.63709,0.92934,0.04911,-0.00258,0.02879,0.99837,-1.29188,-0.08095,0.08537,
1770725942490651392,67.84954,29.63453,0.92599,0.04713,-0.01299,0.02154,0.99857,-1.55830,0.15557,-0.04849,
1770725942693317120,67.57825,29.66226,0.94494,0.04945,-0.00067,0.02637,0.99843,-1.38406,0.01224,0.17000,
1770725942888306176,67.37435,29.65136,0.97633,0.04544,0.03167,0.01695,0.99832,-1.33847,-0.14249,0.07079,
1770725943090643200,67.10400,29.66125,0.98654,0.03219,0.02736,0.02110,0.99888,-1.43399,0.00306,0.08151,
1770725943291188992,66.77710,29.66536,0.99210,0.02845,0.00820,0.01822,0.99940,-1.79239,0.08995,0.00791,
1770725943487765248,66.46372,29.67319,0.99076,0.02561,-0.00052,0.01843,0.99950,-1.26644,0.06834,0.09762,
1770725943696306432,66.19418,29.68007,1.00601,0.02806,0.00701,0.01829,0.99941,-1.21032,-0.05590,0.03520,
1770725943890790400,65.93646,29.68855,1.01659,0.02719,0.00973,0.02150,0.99935,-1.40733,0.06446,0.02064,
1770725944094424320,65.64446,29.68733,1.02073,0.02770,0.00515,0.01632,0.99947,-1.49492,0.02938,0.02161,
1770725944289568768,65.35913,29.70048,1.02557,0.02893,0.00106,0.01910,0.99940,-1.35458,0.05585,0.00401,
1770725944489079552,65.08897,29.69976,1.03108,0.03025,0.00261,0.01506,0.99943,-1.41075,0.03102,0.03050,
1770725944687032576,64.80380,29.71597,1.03272,0.03175,-0.00008,0.01891,0.99932,-1.41984,0.04234,0.00336,
1770725944894557184,64.50636,29.71348,1.03236,0.03599,-0.00420,0.00893,0.99930,-1.51431,-0.05350,-0.06867,
1770725945085836032,64.23964,29.73337,1.03849,0.04048,-0.00512,0.01230,0.99909,-1.29176,0.04015,0.08597,
1770725945289858304,63.96279,29.73825,1.04325,0.04365,-0.00200,0.00782,0.99901,-1.42633,0.16019,0.10640,
1770725945490382080,63.67766,29.76652,1.04659,0.04652,-0.00765,0.01119,0.99883,-1.52062,0.12773,-0.06892,
1770725945689478144,63.41193,29.77878,1.05500,0.05015,0.00089,0.00895,0.99870,-1.13060,0.17119,0.20731,
1770725945888337664,63.13418,29.81412,1.06198,0.05017,-0.00096,0.01726,0.99859,-1.28504,0.18939,0.03120,
1770725946088288000,62.85677,29.81703,1.06753,0.05166,0.00218,0.00727,0.99864,-1.43439,0.16926,-0.02604,
1770725946288706816,62.56666,29.84169,1.07054,0.05407,-0.00194,0.00886,0.99850,-1.32963,0.24573,0.15020,
1770725946488769536,62.27819,29.88329,1.07513,0.05260,-0.00471,0.02063,0.99839,-1.36637,0.24755,0.08545,
1770725946689577216,61.99896,29.89628,1.08291,0.05149,0.00295,0.01806,0.99851,-1.31041,0.17106,0.11022,
1770725946888609536,61.73826,29.92551,1.09235,0.05125,0.00613,0.02458,0.99836,-1.29864,0.05776,0.01857,
1770725947088757248,61.48277,29.92795,1.10742,0.05083,0.01461,0.01749,0.99845,-1.42081,0.04436,-0.07689,
1770725947316643072,61.14421,29.96835,1.10515,0.05056,0.00150,0.02703,0.99835,-1.43287,-0.06543,0.03254,
1770725947488250368,60.89702,29.97065,1.10972,0.05198,0.00023,0.02008,0.99845,-1.39033,0.13420,-0.04991,
1770725947689868800,60.63805,30.00733,1.12163,0.05918,0.00671,0.02567,0.99789,-1.29162,0.35116,0.14580,
1770725947888519936,60.36327,30.04350,1.12949,0.05772,0.00618,0.03294,0.99777,-1.42924,0.26564,0.03683,
1770725948086823168,60.07216,30.07687,1.13322,0.06560,0.00333,0.03499,0.99723,-1.18926,0.26602,0.04953,
1770725948287415040,59.80648,30.10728,1.14078,0.06842,0.00668,0.03594,0.99699,-1.26748,0.14822,0.08093,
1770725948487815680,59.53498,30.12376,1.14753,0.06977,0.00785,0.03114,0.99705,-1.52128,0.25655,-0.01382,
1770725948688070656,59.24074,30.15580,1.14900,0.07585,0.00125,0.03020,0.99666,-1.50010,0.05950,-0.04597,
1770725948892313088,58.97173,30.18457,1.16506,0.07249,0.01004,0.03120,0.99683,-1.34541,0.27453,0.06805,
1770725949087757568,58.70701,30.21161,1.17040,0.06554,0.01367,0.03414,0.99717,-1.45451,0.03506,0.02292,
1770725949286342656,58.41894,30.24007,1.17713,0.06586,0.00549,0.03545,0.99718,-1.31707,-0.01545,0.07856,
1770725949487635200,58.15464,30.25920,1.18649,0.06276,0.01173,0.03505,0.99734,-1.53594,0.15758,-0.04890,
1770725949687178496,57.86829,30.26481,1.19575,0.05347,0.00852,0.02858,0.99812,-1.27988,0.16562,0.09009,
1770725949886373376,57.57811,30.28702,1.20685,0.03988,0.00910,0.03519,0.99854,-1.55478,0.10330,0.03935,
1770725950086235136,57.26307,30.28671,1.20760,0.03555,0.00054,0.02865,0.99896,-1.54389,0.12163,0.03537,
1770725950286685184,56.97421,30.31031,1.21248,0.03789,-0.00339,0.03475,0.99867,-1.37086,0.11298,0.05434,
1770725950487708416,56.72825,30.32049,1.22932,0.03824,0.00986,0.03433,0.99863,-1.23498,0.00188,0.12703,
1770725950685928960,56.46702,30.32978,1.24031,0.03774,0.01530,0.03352,0.99861,-1.27136,0.05524,0.08585,
1770725950887462656,56.17695,30.34718,1.24679,0.03955,0.01065,0.03495,0.99855,-1.37226,-0.02229,0.02958,
1770725951086103552,55.90230,30.36122,1.25853,0.04213,0.00979,0.03486,0.99846,-1.28443,0.13765,0.03794,
1770725951285536512,55.62646,30.37854,1.26508,0.04585,0.00946,0.03407,0.99832,-1.45134,0.13857,0.06390,
1770725951485490176,55.33649,30.39425,1.26942,0.04876,0.00076,0.03162,0.99831,-1.55051,-0.04692,-0.04182,
1770725951685278464,55.06394,30.41549,1.27512,0.05120,0.00331,0.03318,0.99813,-1.28504,0.22915,0.10755,
1770725951884505344,54.80063,30.42705,1.28488,0.05439,0.00849,0.02647,0.99813,-1.41581,0.04948,-0.04666,
1770725952085835264,54.52132,30.46170,1.29481,0.05679,0.00452,0.03292,0.99783,-1.50889,0.05575,-0.02237,
1770725952282257920,54.26155,30.47398,1.30724,0.05608,0.01067,0.03090,0.99789,-1.28877,0.06873,0.08885,
1770725952485784064,53.96569,30.51458,1.30773,0.05609,0.00155,0.03857,0.99768,-1.42089,-0.04527,0.00098,
1770725952684417536,53.68914,30.53004,1.31340,0.05858,0.00083,0.03431,0.99769,-1.67528,-0.01085,-0.21609,
1770725952884247296,53.40832,30.55161,1.32049,0.06313,-0.00072,0.03028,0.99755,-1.50063,0.14305,0.09869,
1770725953084850176,53.13614,30.58799,1.32932,0.06689,0.00091,0.03455,0.99716,-1.22960,-0.01220,0.09669,
1770725953281267456,52.86956,30.60654,1.33894,0.06740,0.00428,0.03163,0.99722,-1.33746,0.40548,0.09624,
1770725953484006656,52.59282,30.64033,1.35061,0.07324,0.00817,0.03008,0.99683,-1.35512,0.15108,0.07163,
1770725953686210048,52.31555,30.67254,1.36065,0.06792,0.00881,0.03603,0.99700,-1.33099,0.22669,0.08803,
1770725953883848960,52.03456,30.68814,1.36952,0.06547,0.00826,0.03256,0.99729,-1.36706,0.04123,-0.00843,
1770725954082547200,51.76486,30.71992,1.38257,0.06217,0.00980,0.03522,0.99740,-1.26263,0.23502,0.07834,
1770725954284361728,51.49841,30.73419,1.39322,0.06343,0.01138,0.02966,0.99748,-1.33975,0.21427,0.06800,
1770725954483039232,51.20841,30.76195,1.39796,0.05893,0.00449,0.03585,0.99761,-1.60911,0.19400,-0.04405,
1770725954682269696,50.91252,30.77783,1.40414,0.05678,0.00129,0.03231,0.99786,-1.60589,0.01098,0.03055,
1770725954897372672,50.63198,30.81098,1.41706,0.05426,0.00761,0.04175,0.99762,-1.18634,0.11411,0.08903,
1770725955084860160,50.38254,30.81358,1.43165,0.05441,0.01246,0.03409,0.99786,-1.53039,0.06719,0.04003,
1770725955283332864,50.09655,30.83979,1.43016,0.05545,0.00487,0.03689,0.99777,-1.29214,0.05142,0.05409,
1770725955483737344,49.81462,30.86712,1.43936,0.05363,0.00213,0.04160,0.99769,-1.39095,0.16953,0.07674,
1770725955687246848,49.53877,30.86345,1.45090,0.04589,0.00916,0.03254,0.99837,-1.49493,0.10038,0.00263,
1770725955884273920,49.25181,30.87984,1.45596,0.03846,0.00222,0.03489,0.99865,-1.57521,-0.19033,-0.08971,
1770725956088100096,48.97514,30.88213,1.46949,0.03191,0.00666,0.03334,0.99891,-1.39782,0.16829,0.07997,
1770725956288575488,48.71692,30.88520,1.48250,0.03560,0.01199,0.02842,0.99889,-1.35144,-0.03723,0.08647,
1770725956482656768,48.44807,30.89810,1.48921,0.03624,0.00751,0.03008,0.99886,-1.43600,0.02790,0.05978,
1770725956694697984,48.13980,30.90561,1.48991,0.03854,-0.00128,0.02715,0.99889,-1.45003,-0.00283,-0.03633,
1770725956882838272,47.89234,30.92493,1.50196,0.04085,0.00396,0.03096,0.99868,-1.20168,0.06494,0.10593,
1770725957081587200,47.64138,30.93178,1.51223,0.04195,0.00876,0.02729,0.99871,-1.33812,-0.03846,0.07958,
1770725957283325952,47.35973,30.94951,1.51989,0.04248,0.00371,0.02977,0.99865,-1.30842,0.18790,0.08576,
1770725957482370048,47.08401,30.96228,1.52446,0.04564,-0.00061,0.02836,0.99855,-1.59865,0.14565,0.02219,
1770725957682481664,46.82123,30.97093,1.53128,0.04832,0.00028,0.02432,0.99854,-1.34231,0.07454,-0.05422,
1770725957881518848,46.54224,30.99522,1.53603,0.05092,-0.00225,0.02703,0.99833,-1.50446,0.08363,0.09003,
1770725958082663168,46.25617,31.01352,1.53549,0.04954,-0.00610,0.02803,0.99836,-1.46916,0.05112,-0.03693,
1770725958281465856,45.99259,31.02865,1.54190,0.05272,-0.00253,0.02555,0.99828,-1.37218,0.04605,-0.10858,
1770725958479725312,45.72830,31.05200,1.55184,0.05624,0.00038,0.02625,0.99807,-1.29957,0.00312,0.10213,
1770725958681816576,45.45486,31.06732,1.55916,0.04973,0.00268,0.02717,0.99839,-1.38404,0.09606,-0.00951,
1770725958881096960,45.17304,31.07885,1.56985,0.04522,0.00345,0.02536,0.99865,-1.35046,0.26930,0.00767,
1770725959079984128,44.88739,31.10319,1.56549,0.04642,-0.00486,0.02928,0.99848,-1.29185,-0.04252,0.04690,
1770725959279513088,44.61949,31.11621,1.57705,0.04512,-0.00183,0.02790,0.99859,-1.33567,0.28107,-0.08853,
1770725959483031808,44.32956,31.13737,1.57985,0.05360,0.00007,0.02639,0.99821,-1.28588,-0.06145,0.16291,
1770725959684793600,44.05540,31.15922,1.58332,0.05435,-0.00031,0.02844,0.99812,-1.27413,0.08514,0.07597,
1770725959881558272,43.79314,31.18030,1.59606,0.05793,0.00389,0.02805,0.99792,-1.34901,0.25433,0.01434,
1770725960082429696,43.51478,31.19556,1.60430,0.05634,0.00717,0.02406,0.99810,-1.50854,-0.10978,0.03074,
1770725960281909504,43.20712,31.21945,1.60108,0.05041,-0.00647,0.02780,0.99832,-1.37527,0.04437,0.09735,
1770725960483256320,42.93999,31.24574,1.61384,0.05222,-0.00083,0.03162,0.99813,-1.19849,0.20707,0.05859,
1770725960680489472,42.68012,31.25186,1.62001,0.05466,0.00190,0.02367,0.99822,-1.32144,0.03564,-0.01399,
1770725960877417472,42.38645,31.29531,1.61987,0.05573,-0.00840,0.03424,0.99782,-1.57872,0.20834,0.04069,
1770725961089607168,42.10230,31.30744,1.62565,0.06260,-0.00226,0.02583,0.99770,-1.16208,-0.05379,0.08898,
1770725961279593216,41.84996,31.33607,1.63078,0.06376,-0.00579,0.02680,0.99759,-1.48795,0.16146,0.07477,
1770725961484497920,41.57868,31.35889,1.63742,0.07531,-0.00242,0.02035,0.99695,-1.37694,0.11550,0.07068,
1770725961680026624,41.32718,31.38333,1.65089,0.07957,0.00591,0.01582,0.99669,-1.26439,0.18561,0.00714,
1770725961879247104,41.05174,31.40794,1.65387,0.08198,0.00103,0.01130,0.99657,-1.53373,0.21421,-0.01824,
1770725962084953344,40.76404,31.44644,1.65819,0.08578,-0.00388,0.01234,0.99623,-1.47949,0.05765,0.03049,
1770725962276654848,40.51775,31.47724,1.67358,0.08794,0.00456,0.01196,0.99604,-1.34210,0.06207,-0.01159,
1770725962490657024,40.22879,31.52532,1.67851,0.08738,0.00300,0.01867,0.99600,-1.33954,0.35644,-0.00058,
1770725962678717440,39.96219,31.57133,1.68715,0.08890,-0.00051,0.02298,0.99578,-1.18006,0.28759,0.13045,
1770725962878918656,39.70048,31.60049,1.69618,0.09137,0.00529,0.01886,0.99562,-1.21628,0.11904,0.05274,
1770725963078587648,39.41437,31.63694,1.69858,0.08202,-0.00354,0.02285,0.99636,-1.46347,0.19139,0.02998,
1770725963278119680,39.14681,31.64973,1.70744,0.06718,0.00325,0.01901,0.99755,-1.67427,0.06028,0.00194,
1770725963478518528,38.88053,31.65528,1.72183,0.05626,0.00672,0.01343,0.99830,-1.44611,-0.17505,-0.11033,
1770725963678466816,38.58622,31.70127,1.71969,0.04732,-0.01172,0.03047,0.99835,-1.59982,0.32419,-0.08844,
1770725963879078656,38.32816,31.69504,1.72829,0.04499,0.00291,0.02144,0.99875,-1.08359,-0.10150,0.10009,
1770725964079197696,38.05893,31.71123,1.72829,0.03561,-0.00072,0.02493,0.99905,-1.23133,-0.19100,0.01792,
1770725964279183360,37.78361,31.70748,1.74017,0.03456,0.00070,0.02021,0.99920,-1.45738,-0.06157,-0.07284,
1770725964479264000,37.49783,31.71014,1.74581,0.03004,0.00316,0.01816,0.99938,-1.24052,0.08377,0.20151,
1770725964678510848,37.20335,31.73106,1.74893,0.03001,-0.00642,0.02298,0.99926,-1.42949,0.19017,-0.02408,
1770725964878112000,36.92367,31.72551,1.75469,0.03115,-0.00453,0.01516,0.99939,-1.43793,-0.02737,0.11881,
1770725965076465920,36.65424,31.73825,1.76115,0.03168,-0.00072,0.01669,0.99936,-1.31931,-0.03797,0.12148,
1770725965274981376,36.38632,31.74002,1.77151,0.03573,0.00309,0.01354,0.99926,-1.29422,0.07738,0.03854,
1770725965476576512,36.09888,31.74890,1.77618,0.03800,-0.00061,0.01287,0.99919,-1.50679,0.14526,-0.02113,
1770725965677670144,35.82492,31.75001,1.78858,0.04297,0.00328,0.00731,0.99904,-1.31479,0.01284,0.04119,
1770725965876372736,35.54966,31.76479,1.79121,0.04678,0.00178,0.00718,0.99888,-1.35046,0.06512,0.07155,
1770725966076632832,35.25554,31.77935,1.79393,0.04774,-0.00638,0.00612,0.99882,-1.42898,0.08068,-0.04274,
1770725966278952704,34.96979,31.79686,1.79616,0.04914,-0.00586,0.00751,0.99875,-1.46428,0.13480,0.01867,
1770725966475610624,34.69588,31.80503,1.80003,0.05059,-0.00489,0.00345,0.99870,-1.43524,0.16968,0.07010,
1770725966677183232,34.41845,31.82529,1.80561,0.05369,-0.00415,0.00504,0.99854,-1.34984,0.08168,0.01963,
1770725966877916672,34.14575,31.84495,1.81366,0.05472,-0.00100,0.00651,0.99848,-1.45465,0.05536,0.04020,
1770725967076500224,33.86067,31.86416,1.81302,0.04960,-0.00657,0.00754,0.99872,-1.50897,0.13405,-0.02692,
1770725967275900928,33.57783,31.87895,1.82060,0.04495,-0.00280,0.00908,0.99894,-1.30991,-0.01644,0.07071,
1770725967474429184,33.30622,31.89040,1.82883,0.03954,-0.00026,0.01160,0.99915,-1.29959,0.06664,0.03121,
1770725967676043776,33.03864,31.88375,1.83980,0.03277,0.00499,0.00597,0.99943,-1.31095,-0.04535,0.09145,
1770725967876200704,32.76551,31.88164,1.84971,0.02650,0.00653,0.00474,0.99962,-1.33325,-0.05652,0.09314,
1770725968075210752,32.48100,31.88071,1.85307,0.02296,-0.00014,0.00436,0.99973,-1.43211,-0.03965,0.05808,
1770725968276532736,32.19158,31.88692,1.85847,0.02212,-0.00460,0.00862,0.99971,-1.43719,0.02028,-0.05080,
1770725968476145152,31.92831,31.87985,1.86653,0.02477,0.00202,0.00249,0.99969,-1.36560,-0.17508,-0.01173,
1770725968676026880,31.64263,31.89144,1.86837,0.02689,-0.00507,0.00676,0.99960,-1.32320,0.06853,0.11202,
1770725968875735552,31.37053,31.89631,1.87163,0.03469,-0.00532,0.00400,0.99938,-1.27814,-0.04862,0.03633,
1770725969075551488,31.09596,31.90328,1.88127,0.03321,-0.00336,0.00604,0.99942,-1.51514,0.13063,-0.05979,
1770725969273718016,30.82091,31.89714,1.88791,0.03631,-0.00074,-0.00325,0.99934,-1.46236,0.08310,-0.00215,
1770725969471791872,30.54099,31.91054,1.89149,0.04072,-0.00150,-0.00261,0.99917,-1.23214,0.02563,0.07957,
1770725969678302720,30.25885,31.92992,1.90113,0.04456,-0.00205,0.00005,0.99900,-1.26399,0.03945,0.07935,
1770725969876448000,30.00022,31.93796,1.91219,0.04671,0.00626,-0.00355,0.99888,-1.38223,-0.01297,-0.04544,
1770725970075219968,29.70196,31.96862,1.90872,0.05166,-0.00647,0.00145,0.99864,-1.55840,0.16981,-0.04619,
1770725970273908736,29.42190,31.98596,1.91837,0.05605,-0.00016,-0.00039,0.99843,-1.36435,-0.08926,0.01998,
1770725970474779648,29.16880,32.00611,1.93132,0.05782,0.00635,0.00025,0.99831,-1.40751,0.15078,-0.01600,
1770725970672582400,28.88325,32.02100,1.93557,0.06412,0.00014,-0.00604,0.99792,-1.71344,0.12378,-0.02770,
1770725970873868288,28.58490,32.06518,1.94345,0.06469,-0.00666,0.00350,0.99788,-1.44706,0.13863,0.08815,
1770725971075278848,28.32667,32.08245,1.96123,0.06683,0.00758,-0.00104,0.99774,-1.24452,0.11216,0.08615,
1770725971273204224,28.06989,32.11106,1.97406,0.06720,0.01065,0.00032,0.99768,-1.34379,0.05953,0.11041,
1770725971472678912,27.77869,32.13862,1.97993,0.06668,0.00406,0.00355,0.99776,-1.58637,0.22187,0.01019,
1770725971673341696,27.49099,32.16028,1.99158,0.06890,0.00420,-0.00037,0.99761,-1.31947,0.16248,0.00371,
1770725971873778688,27.20538,32.20581,1.99829,0.07274,-0.00267,0.00782,0.99732,-1.34335,0.16912,0.09805,
1770725972075598848,26.93866,32.21405,2.01210,0.07365,0.00988,-0.00156,0.99723,-1.23759,0.13829,-0.02197,
1770725972275837184,26.65222,32.25278,2.01827,0.07375,0.00232,0.00333,0.99727,-1.33757,0.15686,0.04891,
1770725972473591808,26.36561,32.29008,2.02355,0.07983,-0.00056,0.00350,0.99680,-1.40961,0.17085,0.11621,
1770725972675196928,26.09812,32.31759,2.03765,0.08259,0.00590,0.00000,0.99657,-1.24253,0.02649,-0.00951,
1770725972882915072,25.81512,32.35984,2.04546,0.08222,0.00468,0.00457,0.99659,-1.51264,0.25302,-0.02054,
1770725973072323328,25.54052,32.39218,2.05099,0.08331,0.00395,0.00252,0.99651,-1.49556,0.24516,0.03064,
1770725973272789248,25.26060,32.43351,2.05965,0.08557,0.00217,0.00481,0.99632,-1.32831,0.17468,0.07245,
1770725973471857920,24.99242,32.45810,2.06710,0.08428,0.00408,0.00043,0.99643,-1.47389,0.21903,-0.03741,
1770725973674205952,24.70780,32.50507,2.07800,0.08213,0.00036,0.00628,0.99660,-1.53977,0.11008,0.01193,
1770725973875395584,24.42750,32.54814,2.08741,0.07769,0.00209,0.01174,0.99691,-1.46298,0.10720,-0.00327,
1770725974073173760,24.16388,32.57237,2.09841,0.07584,0.00618,0.00947,0.99706,-1.40900,0.23802,0.05736,
1770725974269041408,23.89821,32.59764,2.10472,0.07255,0.00447,0.00954,0.99731,-1.40623,-0.06685,-0.10233,
1770725974472611328,23.61010,32.61861,2.11404,0.06937,0.00223,0.00725,0.99756,-1.47666,0.08409,-0.00781,
1770725974670823936,23.34370,32.64502,2.11967,0.06955,0.00377,0.00705,0.99755,-1.34383,0.01991,0.06899,
1770725974882696448,23.05903,32.66325,2.12926,0.06785,0.00124,0.00565,0.99768,-1.36784,0.19011,0.05009,
1770725975081602304,22.76665,32.69843,2.12641,0.06725,-0.00461,0.01024,0.99767,-1.58569,0.26001,-0.01859,
1770725975270248960,22.50430,32.72316,2.13791,0.07169,-0.00235,0.00686,0.99740,-1.33942,0.10810,0.02006,
1770725975470782208,22.24024,32.74419,2.14669,0.07556,0.00309,0.00113,0.99714,-1.30931,0.10167,0.08357,
1770725975670018304,21.96038,32.78193,2.15437,0.07988,0.00192,0.00193,0.99680,-1.42709,0.16361,0.04555,
1770725975871119616,21.68374,32.81683,2.16473,0.08118,0.00337,0.00179,0.99669,-1.37953,-0.00136,-0.00151,
1770725976069634816,21.41657,32.84950,2.17585,0.07924,0.00517,0.00166,0.99684,-1.41944,0.14184,-0.01914,
1770725976274334464,21.12165,32.88738,2.18051,0.07571,-0.00218,0.00417,0.99712,-1.56842,0.30512,0.01479,
1770725976466521344,20.84212,32.91553,2.18435,0.07131,-0.00707,0.00377,0.99742,-1.32016,0.17710,0.14613,
1770725976670409728,20.56332,32.94318,2.19118,0.06628,-0.00303,0.00755,0.99777,-1.27814,0.28304,0.07310,
1770725976871092224,20.29944,32.96738,2.20604,0.06086,0.00191,0.01036,0.99809,-1.38865,0.07560,0.03999,
1770725977069619200,20.03970,32.97034,2.21731,0.05799,0.01163,0.00454,0.99824,-1.28155,0.04340,0.15738,
1770725977269925632,19.74661,32.99783,2.21762,0.04930,-0.00219,0.01285,0.99870,-1.18918,0.13532,0.07139,
1770725977471107584,19.47867,32.99956,2.23230,0.04848,0.00463,0.00861,0.99878,-1.41153,0.12425,0.07771,
1770725977669814784,19.19121,33.00893,2.23078,0.04319,-0.00275,0.00910,0.99902,-1.51897,0.25214,0.01763,
1770725977872655616,18.89689,33.01123,2.23671,0.04528,-0.00534,0.00280,0.99896,-1.22797,-0.00018,0.09289,
1770725978069778176,18.63033,33.03747,2.23990,0.04592,-0.00320,0.00958,0.99889,-1.27898,0.02015,0.04024,
1770725978268918016,18.37185,33.04638,2.25245,0.04545,0.00146,0.00823,0.99893,-1.31011,0.10710,0.01536,
1770725978469168640,18.10640,33.05923,2.26406,0.04707,0.00935,0.00778,0.99882,-1.46129,0.20233,0.03756,
1770725978677215744,17.81029,33.07372,2.26674,0.05108,-0.00030,0.00748,0.99867,-1.54900,0.03706,0.00768,
1770725978878395904,17.52218,33.10010,2.27308,0.05187,-0.00413,0.01152,0.99858,-1.42070,0.01105,0.04134,
1770725979068504320,17.27159,33.10924,2.28060,0.05271,0.00182,0.00841,0.99857,-1.36990,0.09137,-0.01982,
1770725979269547520,16.99937,33.13593,2.28951,0.05363,0.00039,0.01305,0.99848,-1.27987,0.20566,0.11322,
1770725979470112256,16.72261,33.17628,2.29983,0.05343,0.00004,0.02288,0.99831,-1.43012,0.14727,-0.00991,
1770725979668913920,16.45164,33.18035,2.30985,0.05296,0.00771,0.01402,0.99847,-1.50923,0.14485,0.05428,
1770725979868582912,16.17885,33.19978,2.31593,0.04632,0.00358,0.01661,0.99878,-1.38905,-0.04186,0.03686,
1770725980068491008,15.92141,33.20107,2.32516,0.04684,0.00454,0.00922,0.99885,-1.45068,0.03671,-0.06850,
1770725980268910080,15.63088,33.20744,2.32976,0.04952,-0.00153,0.00171,0.99877,-1.58546,-0.04543,0.03652,
1770725980468123136,15.34453,33.24104,2.33470,0.05261,-0.00343,0.00806,0.99858,-1.47223,0.16389,0.00470,
1770725980668423424,15.06009,33.25823,2.33674,0.05496,-0.00923,0.00528,0.99843,-1.43027,0.07174,-0.00235,
1770725980867011840,14.79817,33.27712,2.34455,0.05882,-0.00271,0.00460,0.99825,-1.16887,0.13551,0.08662,
1770725981066865408,14.51867,33.31065,2.34560,0.06294,-0.00651,0.00840,0.99796,-1.30074,0.03984,0.03994,
1770725981272293120,14.23727,33.33003,2.35076,0.06448,-0.00777,0.00470,0.99788,-1.32337,0.26643,0.02379,
1770725981467806208,13.98252,33.35025,2.36266,0.06664,0.00197,0.00134,0.99777,-1.23916,0.12451,0.01284,
1770725981669619456,13.70945,33.38590,2.37123,0.06960,0.00246,0.00523,0.99756,-1.22907,0.03979,0.05330,
1770725981868635392,13.42690,33.41555,2.37498,0.07154,-0.00143,0.00423,0.99743,-1.41627,0.33085,0.02777,
1770725982068797952,13.12331,33.46590,2.37210,0.07287,-0.01642,0.01311,0.99712,-1.36749,0.15954,0.03794,
1770725982266887424,12.86219,33.48275,2.38914,0.07097,0.00240,0.00728,0.99745,-1.36852,0.01581,0.07490,
1770725982477747712,12.56833,33.50703,2.38701,0.06682,-0.00523,0.00656,0.99773,-1.50024,0.22207,0.04984,
1770725982687156224,12.26382,33.54195,2.39314,0.06496,-0.01535,0.00964,0.99772,-1.33434,0.13473,0.14142,
1770725982869425664,12.02965,33.54861,2.40578,0.05857,0.00334,0.00417,0.99827,-1.38450,0.19406,0.01158,
1770725983067121664,11.75228,33.56852,2.40902,0.05340,-0.00140,0.00367,0.99857,-1.40768,0.01319,0.06362,
1770725983265442816,11.48121,33.58446,2.42032,0.04757,0.00012,0.00648,0.99885,-1.35330,0.17067,0.08602,
1770725983469836032,11.21015,33.62060,2.43110,0.04780,0.00065,0.01644,0.99872,-1.20968,0.18335,0.10659,
1770725983667514880,10.94443,33.61845,2.43825,0.04977,0.00279,0.00669,0.99873,-1.35711,-0.01629,0.05587,
1770725983866211584,10.65912,33.64234,2.44020,0.04883,-0.00306,0.01233,0.99873,-1.23996,0.01274,0.05394,
1770725984066271744,10.39730,33.65243,2.45106,0.05259,0.00196,0.00870,0.99858,-1.26204,0.10317,0.05621,
1770725984266233856,10.13436,33.66291,2.46200,0.05523,0.00446,0.00388,0.99846,-1.43794,0.26991,0.01336,
1770725984466241280,9.84212,33.68111,2.46299,0.06020,-0.00113,-0.00082,0.99819,-1.42157,-0.01053,0.05123,
1770725984666830336,9.55902,33.71538,2.46876,0.06081,-0.00503,0.00596,0.99812,-1.34111,0.26981,-0.02323,
1770725984866420736,9.27269,33.76181,2.46900,0.06542,-0.01109,0.01600,0.99767,-1.34555,0.15136,0.06246,
1770725985077945600,8.99385,33.78744,2.48442,0.06732,0.00145,0.01367,0.99764,-1.30524,0.07942,-0.01706,
1770725985266937600,8.73164,33.81692,2.48831,0.06921,0.00017,0.01564,0.99748,-1.31166,0.18064,0.08998,
1770725985471362304,8.44304,33.84151,2.49390,0.06974,-0.00267,0.01307,0.99748,-1.39091,0.22297,0.02701,
1770725985665290240,8.17205,33.86406,2.50381,0.06858,-0.00103,0.01103,0.99758,-1.48313,0.20750,0.06770,
1770725985864334848,7.89522,33.88146,2.51165,0.06282,0.00034,0.00905,0.99798,-1.35333,0.05321,0.09952,
1770725986074207232,7.60591,33.90393,2.52112,0.05324,0.00294,0.01213,0.99850,-1.44283,0.12411,0.00967,
1770725986264401920,7.33431,33.93612,2.52915,0.05179,-0.00379,0.01865,0.99848,-1.38329,-0.00490,0.03826,
1770725986465293056,7.06850,33.93524,2.53688,0.05174,0.00372,0.00986,0.99861,-1.39849,0.20023,0.03329,
1770725986668705536,6.78298,33.95311,2.54182,0.05238,-0.00143,0.00964,0.99858,-1.37465,0.09844,0.10220,
1770725986865061120,6.50772,33.97457,2.54384,0.05640,-0.00245,0.01121,0.99834,-1.43060,0.05724,-0.09492,
1770725987065083136,6.22459,33.99212,2.55058,0.06079,-0.00671,0.00875,0.99809,-1.35424,0.18257,-0.01166,
1770725987264488192,5.97623,34.02160,2.57060,0.06311,0.00651,0.01061,0.99793,-1.36435,0.06803,0.07476,
1770725987465098752,5.69417,34.02261,2.57071,0.06330,0.00341,-0.00012,0.99799,-1.46356,0.03177,0.04791,
1770725987664320512,5.40618,34.05807,2.57983,0.06014,-0.00279,0.00743,0.99816,-1.26855,0.12535,0.09060,
1770725987862632192,5.14356,34.05603,2.58936,0.06271,0.00426,-0.00430,0.99801,-1.35258,-0.03164,0.01959,
1770725988065511424,4.85600,34.09314,2.60011,0.05314,-0.00212,0.00834,0.99855,-1.49401,0.14835,-0.02348,
1770725988268933888,4.55547,34.08594,2.60370,0.04912,-0.00188,-0.00358,0.99878,-1.43936,-0.00239,0.03086,
1770725988463523072,4.27402,34.11826,2.60875,0.04442,-0.01035,0.00679,0.99894,-1.40419,0.03114,-0.01863,
1770725988663780608,4.02113,34.10876,2.62571,0.04386,0.00435,-0.00390,0.99902,-1.48521,0.03487,0.05443,
1770725988864345344,3.73971,34.12753,2.62891,0.04417,-0.00064,-0.00012,0.99902,-1.42137,0.14590,0.08838,
1770725989063553792,3.47033,34.14611,2.64622,0.04493,0.00625,0.00347,0.99896,-1.33221,0.15873,0.07119,
1770725989264015872,3.20189,34.15207,2.66046,0.04855,0.00898,-0.00292,0.99878,-1.55956,0.09063,0.03237,
1770725989463119616,2.91619,34.17783,2.66845,0.04808,0.00224,0.00099,0.99884,-1.36766,0.00437,0.09524,
1770725989663005184,2.63300,34.19782,2.67726,0.04791,0.00231,0.00357,0.99884,-1.38550,0.20041,0.00255,
1770725989865297664,2.34953,34.22110,2.68765,0.04999,0.00033,0.00583,0.99873,-1.39659,0.17219,0.01487,
1770725990070222592,2.06227,34.24076,2.69683,0.05191,0.00104,0.00539,0.99864,-1.25152,0.00687,0.13222,
1770725990262532352,1.80138,34.27365,2.71140,0.04718,0.00595,0.01615,0.99874,-1.36170,0.15831,0.06338,
1770725990461599232,1.51645,34.27160,2.72364,0.04448,0.00782,0.00839,0.99894,-1.20330,-0.01046,0.19808,
1770725990662061568,1.19788,34.27562,2.71374,0.03567,-0.01520,0.00491,0.99924,-1.32318,0.21238,0.06124,
1770725990862841344,0.92108,34.28056,2.72018,0.04070,-0.01605,0.00055,0.99904,-1.32708,0.11927,0.05522,
1770725991065136640,0.66565,34.28649,2.73414,0.04190,0.00036,-0.00127,0.99912,-1.43171,0.16811,0.01849,
1770725991261888768,0.38257,34.29839,2.73430,0.04332,-0.00595,-0.00248,0.99904,-1.41380,0.03629,0.01217,
1770725991462402048,0.09422,34.31836,2.73938,0.04475,-0.00764,0.00097,0.99897,-1.36712,0.05069,0.03758,
1770725991663748864,-0.18887,34.33112,2.74099,0.04979,-0.00996,-0.00133,0.99871,-1.50146,0.07664,-0.02012,
1770725991862105344,-0.46463,34.34110,2.74920,0.05071,-0.00604,-0.00696,0.99867,-1.31836,0.00754,0.04932,
1770725992061035520,-0.73341,34.36576,2.75814,0.05282,-0.00353,-0.00263,0.99859,-1.36268,0.14873,-0.02243,
1770725992259303936,-1.02168,34.38428,2.76372,0.05440,-0.00807,-0.00476,0.99848,-1.48795,0.00584,0.04551,
1770725992462963200,-1.30975,34.40708,2.76692,0.05366,-0.00679,-0.00546,0.99852,-1.27594,-0.00834,0.07874,
1770725992660745472,-1.58217,34.42631,2.77398,0.05553,-0.00561,-0.00511,0.99843,-1.36394,0.05814,0.01155,
1770725992860659200,-1.85792,34.44491,2.77991,0.05949,-0.00547,-0.00907,0.99817,-1.28015,0.04427,0.07942,
1770725993061899520,-2.14508,34.47051,2.78394,0.05996,-0.00977,-0.00612,0.99813,-1.32914,0.19706,0.06542,
1770725993261250560,-2.43194,34.49481,2.78697,0.06176,-0.01194,-0.00681,0.99800,-1.38809,0.31685,0.04736,
1770725993457770496,-2.70392,34.52404,2.79445,0.06468,-0.01082,-0.00471,0.99784,-1.33019,0.12497,0.07702,
1770725993661625856,-2.96962,34.54742,2.80781,0.06522,-0.00220,-0.00579,0.99785,-1.25822,0.05537,0.05171,
1770725993860633600,-3.24838,34.56709,2.81516,0.06693,-0.00253,-0.00842,0.99772,-1.30443,0.09234,0.05930,
1770725994060403968,-3.53050,34.59290,2.82046,0.06651,-0.00582,-0.00975,0.99772,-1.38384,0.18086,0.10524,
1770725994259716864,-3.81035,34.60083,2.82752,0.06754,-0.00772,-0.01862,0.99751,-1.22023,0.15612,0.03297,
1770725994454695680,-4.05588,34.62952,2.83852,0.07167,-0.00293,-0.01681,0.99728,-1.05382,0.04025,0.11191,
1770725994663109888,-4.26602,34.64269,2.85932,0.06769,0.01039,-0.01850,0.99748,-1.17343,0.27338,0.09215,
1770725994858684416,-4.48757,34.68533,2.87378,0.06517,0.00645,-0.00609,0.99784,-1.14466,0.17547,0.05840,
1770725995058645248,-4.69960,34.70377,2.88730,0.06134,0.00304,-0.00484,0.99810,-0.93759,0.14470,0.12382,
1770725995259106048,-4.86234,34.70451,2.90776,0.06020,0.01809,-0.00860,0.99799,-0.79651,-0.09968,0.11408,
1770725995458331648,-5.06487,34.71923,2.90602,0.05733,0.00643,-0.00557,0.99832,-1.11068,0.25442,-0.02333,
1770725995657112064,-5.27569,34.72662,2.91409,0.05721,-0.00033,-0.00917,0.99832,-1.05403,0.08890,0.00169,
1770725995857952768,-5.45803,34.75119,2.92133,0.06073,-0.00326,-0.00366,0.99814,-0.71273,0.03501,0.07865,
1770725996057754112,-5.57574,34.75490,2.93891,0.06186,0.00995,-0.00584,0.99802,-0.47455,0.00101,0.09806,
1770725996257272832,-5.65257,34.75549,2.94953,0.06459,0.01350,-0.00885,0.99778,-0.19706,-0.00462,0.06690,
1770725996456420864,-5.69471,34.75643,2.96461,0.06855,0.02481,-0.01199,0.99727,-0.25625,-0.04260,0.10391,
1770725996675103488,-5.80885,34.79302,2.96785,0.08682,0.01852,-0.00637,0.99603,-0.42430,0.17627,0.19509,
1770725996856286464,-5.88278,34.79857,2.98964,0.09171,0.03652,-0.00974,0.99507,-0.30646,0.01972,0.07721,
1770725997064428032,-5.98415,34.82845,3.00637,0.11222,0.04065,-0.00872,0.99281,-0.57036,0.22250,0.09335,
1770725997257223424,-6.10392,34.87972,3.01466,0.13458,0.03334,-0.00175,0.99034,-0.47763,0.22729,0.04905,
1770725997457755648,-6.14981,34.88992,3.02611,0.16455,0.04413,-0.00974,0.98533,-0.10321,-0.04766,0.07888,
1770725997666455040,-6.19715,34.93049,3.02973,0.18368,0.03961,-0.00360,0.98218,-0.20860,0.26820,0.01488,
1770725997857068544,-6.20131,34.94004,3.03578,0.19565,0.04419,-0.00436,0.97967,0.12529,-0.10367,0.07964,
1770725998056134400,-6.20266,34.96128,3.04193,0.21361,0.04743,-0.00368,0.97576,-0.09282,0.28952,0.00639,
1770725998260786688,-6.23180,35.01081,3.04341,0.22978,0.04226,0.00643,0.97230,-0.11609,0.16432,0.02617,
1770725998468339968,-6.25138,35.04090,3.04800,0.25148,0.04361,0.00694,0.96685,-0.06886,0.13318,0.03123,
1770725998656152320,-6.26998,35.07164,3.05393,0.27361,0.04386,0.00693,0.96082,-0.09488,0.20717,0.01728,
1770725998877623808,-6.29995,35.14521,3.05135,0.30609,0.03502,0.01852,0.95118,-0.15718,0.25180,0.01273,
1770725999056014080,-6.32478,35.17385,3.05430,0.32358,0.03408,0.01648,0.94544,-0.08146,0.12431,0.02933,
1770725999257554176,-6.34667,35.21851,3.06091,0.34925,0.03494,0.01422,0.93627,-0.14006,0.33813,-0.01316,
1770725999456395008,-6.36522,35.26023,3.06278,0.36572,0.03157,0.01832,0.93001,0.00178,0.10006,0.02098,
1770725999655674880,-6.35321,35.28304,3.06656,0.39108,0.03530,0.01495,0.91956,0.04160,0.14856,0.00440,
1770725999855313664,-6.34691,35.31730,3.06689,0.40946,0.03345,0.01942,0.91151,0.05632,0.14881,-0.00584,
1770726000059896320,-6.33298,35.34261,3.06835,0.42989,0.03402,0.02115,0.90199,0.08039,0.08530,0.01449,
1770726000254764800,-6.31461,35.37248,3.06750,0.45077,0.03273,0.02568,0.89167,0.11739,0.15970,-0.02060,
1770726000455041792,-6.28648,35.38779,3.06557,0.46652,0.03192,0.03288,0.88333,0.15497,-0.09214,0.02159,
1770726000655573248,-6.25954,35.38461,3.06850,0.48669,0.03497,0.02897,0.87240,0.13851,0.02750,0.00215,
1770726000856696320,-6.23393,35.39652,3.06871,0.50507,0.03583,0.03010,0.86181,0.10795,0.11257,-0.00731,
1770726001053295872,-6.20975,35.41226,3.06765,0.52003,0.03471,0.03598,0.85268,0.12183,-0.00696,0.00403,
1770726001260484352,-6.18125,35.40464,3.07040,0.53950,0.03717,0.03354,0.84050,0.16199,-0.04488,0.00489,
1770726001458641408,-6.15490,35.39504,3.07373,0.55746,0.04008,0.02990,0.82869,0.13106,0.01807,0.00152,
1770726001665243904,-6.12635,35.40398,3.07208,0.57311,0.03963,0.03653,0.81770,0.17041,0.04174,-0.00793,
1770726001854895872,-6.09778,35.39975,3.07354,0.59001,0.04155,0.03662,0.80550,0.13016,-0.07913,0.02419,
1770726002053832704,-6.07332,35.40188,3.07577,0.60910,0.04242,0.03412,0.79123,0.14441,0.10579,-0.01669,
1770726002254244096,-6.04171,35.42010,3.07367,0.62528,0.04174,0.04137,0.77819,0.12802,0.03084,0.00405,
1770726002452829696,-6.01428,35.42892,3.07432,0.64592,0.04201,0.03994,0.76120,0.15968,0.08863,-0.00851,
1770726002652655872,-6.00969,35.45279,3.07451,0.64976,0.04016,0.04230,0.75789,-0.07162,0.08610,0.02377,
1770726002853338624,-6.01147,35.47107,3.07672,0.65018,0.04004,0.04414,0.75744,-0.02847,0.05385,0.01513,
1770726003053904896,-6.01263,35.48385,3.07956,0.65074,0.04025,0.04452,0.75692,-0.01170,0.09823,0.01383,
1770726003253954304,-6.01620,35.50822,3.08130,0.65099,0.03909,0.04582,0.75669,-0.02731,0.12983,0.00976,
1770726003450011392,-6.02044,35.52819,3.08356,0.65105,0.03835,0.04627,0.75665,-0.01858,0.07538,0.02056,
1770726003654371072,-6.02929,35.55659,3.08873,0.65337,0.03864,0.04233,0.75487,-0.03836,0.28381,0.00540,
1770726003853265408,-6.03422,35.62519,3.08762,0.65402,0.03500,0.04807,0.75414,-0.04674,0.35209,0.00546,
1770726004054599936,-6.05020,35.67230,3.09373,0.65498,0.03280,0.04435,0.75363,-0.01549,0.16366,0.02614,
1770726004253014784,-6.04951,35.69395,3.09721,0.65918,0.03400,0.04287,0.74999,-0.02051,0.10876,0.02699,
1770726004450849024,-6.04897,35.72126,3.09727,0.66343,0.03311,0.04416,0.74620,0.03060,0.08850,0.00765,
1770726004651892736,-6.03647,35.71861,3.09857,0.67353,0.03298,0.04457,0.73707,0.08033,-0.12150,0.01684,
1770726004852801536,-6.00487,35.71596,3.09662,0.69169,0.03431,0.04485,0.71998,0.21281,0.09668,-0.03504,
1770726005053736448,-5.98410,35.71932,3.09367,0.70411,0.03304,0.04773,0.70772,0.07533,-0.09511,0.01118,
1770726005252987392,-5.95202,35.71157,3.09200,0.72482,0.03320,0.04598,0.68660,0.27204,0.05108,-0.04307,
1770726005459932928,-5.92424,35.71647,3.08727,0.73498,0.03299,0.05258,0.67524,-0.04447,-0.06443,0.01886,
1770726005650232576,-5.93050,35.71426,3.09006,0.73463,0.03314,0.04876,0.67590,0.00560,0.04232,0.00887,
1770726005871402496,-5.93472,35.72774,3.09285,0.73371,0.03297,0.04785,0.67697,-0.01014,0.05641,0.01830,
1770726006052351232,-5.93643,35.74006,3.09735,0.73391,0.03393,0.04515,0.67689,-0.02475,0.10026,0.04085,
1770726006254226176,-5.93558,35.78138,3.10302,0.73503,0.03461,0.04266,0.67580,0.03254,0.31287,0.00722,
1770726006463255040,-5.92393,35.86180,3.10144,0.73446,0.03497,0.04814,0.67604,0.13797,0.40429,-0.01388,
1770726006654210560,-5.90357,35.92620,3.10401,0.73421,0.04089,0.05386,0.67555,0.04604,0.24529,0.04018,
1770726006852800256,-5.90348,35.95983,3.11172,0.73884,0.04472,0.04625,0.67080,-0.00020,0.12473,0.03579,
1770726007053895424,-5.89548,35.99201,3.11669,0.74666,0.04667,0.04188,0.66225,0.08883,0.20682,0.01779,
1770726007251077632,-5.86180,36.03014,3.11454,0.76642,0.04597,0.04329,0.63923,0.18746,0.14415,-0.02414,
1770726007453810944,-5.83778,36.04967,3.11292,0.78469,0.04481,0.04264,0.61680,0.07487,0.06864,0.00275,
1770726007652877568,-5.81351,36.06101,3.11287,0.80306,0.04430,0.03898,0.59296,0.16151,0.08343,-0.01016,
1770726007869572352,-5.78956,36.07743,3.10985,0.82033,0.04068,0.03687,0.56925,0.13235,0.05313,-0.01173,
1770726008051079936,-5.74910,36.09593,3.10364,0.83886,0.03688,0.03989,0.54163,0.14321,0.12383,-0.02619,
1770726008258937600,-5.72273,36.12929,3.10138,0.85461,0.03126,0.04183,0.51664,0.07292,0.12437,-0.01593,
1770726008452288768,-5.70655,36.14642,3.10216,0.86763,0.03029,0.04222,0.49449,0.09754,0.10112,0.01707,
1770726008651551232,-5.68137,36.16770,3.10362,0.87973,0.02982,0.04371,0.47252,0.14809,0.10156,-0.00782,
1770726008851844096,-5.65624,36.18613,3.10443,0.89013,0.03075,0.04734,0.45220,0.07827,0.07192,0.00658,
1770726009051243776,-5.63707,36.19705,3.10723,0.90100,0.03309,0.04768,0.42991,0.10026,0.05639,0.01395,
1770726009251968256,-5.61624,36.21258,3.10843,0.91182,0.03291,0.04808,0.40643,0.10295,0.09241,0.00314,
1770726009451446784,-5.59074,36.21827,3.11313,0.92300,0.03736,0.04598,0.38022,0.14233,0.04179,0.01616,
1770726009650900480,-5.56150,36.23819,3.11398,0.93150,0.03532,0.04623,0.35905,0.16830,0.08763,0.01210,
1770726009851604480,-5.52674,36.25179,3.11707,0.94100,0.03560,0.04386,0.33367,0.19641,0.09886,0.00335,
1770726010051223808,-5.49503,36.26607,3.12094,0.95113,0.03449,0.04019,0.30420,0.18672,0.05843,0.00621,
1770726010248276992,-5.45843,36.28451,3.12183,0.96130,0.02848,0.03341,0.27199,0.16898,0.11577,0.01455,
1770726010451654656,-5.42730,36.30644,3.12684,0.97163,0.02280,0.01979,0.23458,0.27842,0.05971,0.00845,
1770726010651682560,-5.37325,36.31268,3.12895,0.97830,0.02363,0.01953,0.20489,0.27950,0.01252,0.00112,
1770726010850562048,-5.31745,36.31800,3.12982,0.98443,0.02498,0.02061,0.17275,0.27342,0.01991,0.00716,
1770726011050779648,-5.25618,36.31965,3.13041,0.98977,0.02733,0.02146,0.13839,0.28597,-0.01266,0.01491,
1770726011251822080,-5.18924,36.31581,3.12615,0.99408,0.02584,0.02567,0.10234,0.32463,0.00825,-0.04030,
1770726011451153152,-5.14397,36.32310,3.12664,0.99598,0.02517,0.02523,0.08221,0.20807,0.07329,-0.01032,
1770726011650735360,-5.11057,36.33428,3.13005,0.99610,0.02489,0.02233,0.08167,0.25685,0.07123,0.00793,
1770726011849540864,-5.04927,36.34753,3.13169,0.99612,0.02559,0.02117,0.08156,0.28837,0.02740,0.02711,
1770726012049667072,-4.98481,36.36550,3.13430,0.99658,0.02214,0.02057,0.07686,0.39321,0.12830,-0.00268,
1770726012256576512,-4.87508,36.38620,3.12658,0.99661,0.01987,0.03038,0.07379,0.59254,0.10933,-0.05349,
1770726012446106112,-4.77741,36.38104,3.11877,0.99652,0.02780,0.04301,0.06573,0.29863,-0.10246,-0.00534,
1770726012649914112,-4.75558,36.39439,3.12759,0.99792,0.01859,0.03129,0.05324,0.13491,0.12089,0.07123,
1770726012850724096,-4.68415,36.40570,3.12452,0.99871,0.01215,0.03193,0.03769,0.54447,-0.06135,-0.09544,
1770726013049805312,-4.58431,36.39951,3.11092,0.99895,0.01206,0.04306,0.00956,0.27383,-0.01679,0.01509,
1770726013250638592,-4.54614,36.38144,3.11771,0.99903,0.01617,0.03718,-0.01699,0.17433,-0.03839,0.03068,
1770726013450535936,-4.48625,36.36617,3.11940,0.99867,0.01506,0.03431,-0.03544,0.36605,-0.11674,-0.01099,
1770726013656009472,-4.42799,36.35422,3.12113,0.99806,0.01603,0.03025,-0.05194,0.24898,-0.01847,0.01202,
1770726013850457344,-4.36080,36.35040,3.11899,0.99795,0.01584,0.03140,-0.05351,0.44494,-0.03924,-0.01978,
1770726014050279680,-4.25799,36.34900,3.12117,0.99798,0.01224,0.02521,-0.05701,0.58915,-0.06641,0.01334,
1770726014249430784,-4.11914,36.33676,3.11563,0.99781,0.01231,0.02531,-0.05981,0.69293,-0.02758,-0.07370,
1770726014449142784,-4.00017,36.32647,3.11171,0.99745,0.01346,0.03227,-0.06225,0.42570,0.04241,0.01205,
1770726014644754944,-3.91385,36.32035,3.11823,0.99762,0.01248,0.02338,-0.06365,0.58266,-0.05688,0.00964,
1770726014848580608,-3.77399,36.31772,3.11486,0.99732,0.00618,0.02618,-0.06807,0.83588,-0.06143,-0.05950,
1770726015048384256,-3.63576,36.29022,3.11195,0.99738,0.01403,0.02411,-0.06669,0.61511,0.00568,0.04786,
1770726015248087040,-3.49708,36.28972,3.10821,0.99719,0.00639,0.02422,-0.07058,0.78383,-0.12233,-0.04694,
1770726015446973952,-3.32196,36.25882,3.09674,0.99627,0.00926,0.03295,-0.07925,1.01379,-0.20282,-0.08615,
1770726015644703488,-3.11544,36.22447,3.09740,0.99586,0.01000,0.03060,-0.08503,1.25945,-0.11504,-0.00809,
1770726015848876800,-2.86431,36.19527,3.10383,0.99600,0.00492,0.01308,-0.08828,1.22006,-0.18387,0.06943,
1770726016047877888,-2.57203,36.12412,3.08424,0.99535,0.01760,0.03221,-0.08905,1.24868,0.00452,-0.06014,
1770726016248219136,-2.41537,36.11068,3.09051,0.99514,0.01172,0.02202,-0.09531,0.70573,-0.15301,-0.12600,
1770726016446912256,-2.30523,36.08118,3.08055,0.99550,0.01978,0.03113,-0.08729,0.48477,0.07231,-0.00987,
1770726016646796800,-2.19068,36.07369,3.07265,0.99554,0.01675,0.03345,-0.08658,0.62356,-0.15614,-0.08375,
1770726016849300736,-2.09655,36.05977,3.07328,0.99558,0.01827,0.03754,-0.08413,0.29495,0.07457,0.06597,
1770726017048042752,-2.02965,36.08766,3.08553,0.99680,0.00323,0.02526,-0.07574,0.41561,0.09843,0.03933,
1770726017245786368,-1.91589,36.06188,3.07464,0.99728,0.01576,0.03335,-0.06379,0.57873,-0.24088,-0.04611,
1770726017446786048,-1.82421,36.05894,3.07807,0.99816,0.01663,0.02395,-0.05315,0.30316,-0.05082,0.04905,
1770726017650141952,-1.74448,36.05288,3.08074,0.99860,0.01832,0.01990,-0.04549,0.41106,0.04874,0.01726,
1770726017846963712,-1.65123,36.06235,3.08109,0.99875,0.01162,0.01767,-0.04525,0.55951,0.03257,-0.00037,
1770726018046232320,-1.51909,36.05482,3.07849,0.99873,0.01372,0.02159,-0.04351,0.68318,-0.03768,-0.01325,
1770726018246150400,-1.38824,36.03430,3.08030,0.99852,0.01989,0.02033,-0.04625,0.61460,-0.06476,0.01335,
1770726018446669312,-1.30027,36.04120,3.08419,0.99869,0.01332,0.01148,-0.04798,0.54428,0.01519,-0.00947,
1770726018645949952,-1.19573,36.03881,3.08282,0.99863,0.01058,0.01093,-0.05014,0.77122,0.05477,-0.04488,
1770726018847029248,-1.04113,36.02428,3.07869,0.99849,0.01408,0.01661,-0.05037,0.81013,-0.15907,-0.03707,
1770726019046439168,-0.89448,36.00673,3.08039,0.99827,0.01742,0.01488,-0.05411,0.72876,-0.02833,-0.00931,
1770726019247272704,-0.70712,35.99543,3.07495,0.99812,0.01581,0.02079,-0.05544,0.99979,-0.03944,-0.02929,
1770726019445398784,-0.51860,35.97759,3.07010,0.99792,0.01649,0.02152,-0.05848,0.97011,-0.08981,-0.01095,
1770726019645457408,-0.34809,35.96482,3.07307,0.99797,0.01636,0.01117,-0.06057,0.86335,-0.10706,-0.09584,
1770726019846619392,-0.17453,35.94657,3.07389,0.99768,0.01548,0.01149,-0.06530,0.76636,0.03942,0.12058,
1770726020045601792,0.01066,35.92405,3.06733,0.99743,0.01922,0.01797,-0.06660,1.02678,-0.16194,-0.10176,
1770726020244606720,0.19830,35.90024,3.06220,0.99712,0.02120,0.01903,-0.07025,0.86243,-0.07387,0.00088,
1770726020443559680,0.36491,35.88091,3.06073,0.99684,0.02145,0.02154,-0.07337,0.72650,-0.17343,-0.00157,
1770726020645622272,0.52142,35.86595,3.05789,0.99670,0.01896,0.01842,-0.07679,0.75688,-0.01425,-0.02384,
1770726020845098240,0.67581,35.84678,3.05825,0.99665,0.01985,0.01317,-0.07826,0.90154,-0.05088,-0.09497,
1770726021044448256,0.85204,35.82138,3.05513,0.99628,0.02108,0.01611,-0.08200,0.92902,-0.23389,-0.05738,
1770726021242119168,1.01539,35.80143,3.05234,0.99600,0.01963,0.01604,-0.08573,0.74825,-0.01197,0.04727,
1770726021440461312,1.16790,35.78149,3.05443,0.99601,0.01970,0.01309,-0.08600,0.78965,-0.14390,-0.05891,
1770726021644680448,1.33580,35.75951,3.05166,0.99589,0.01996,0.01464,-0.08715,0.87603,-0.15638,-0.02937,
1770726021844899840,1.50697,35.74038,3.04946,0.99592,0.01794,0.01413,-0.08725,0.92496,-0.14432,-0.01151,
1770726022042963200,1.67980,35.71590,3.04476,0.99593,0.01870,0.01726,-0.08651,0.79742,-0.12062,-0.03245,
1770726022245936640,1.83415,35.70753,3.04764,0.99625,0.01379,0.01516,-0.08404,0.77170,-0.06266,-0.02886,
1770726022444284160,2.00068,35.68047,3.04230,0.99653,0.01849,0.01745,-0.07920,0.99404,0.02999,-0.09611,
1770726022646137600,2.17093,35.66609,3.03939,0.99668,0.01620,0.01923,-0.07738,0.77151,-0.11130,-0.02752,
1770726022842581504,2.29721,35.65991,3.04145,0.99700,0.01230,0.01501,-0.07490,0.72906,-0.01908,0.00566,
1770726023043080448,2.46497,35.62617,3.03566,0.99686,0.01961,0.02039,-0.07399,1.04805,-0.07378,-0.11326,
1770726023246086400,2.63685,35.61575,3.03699,0.99678,0.01299,0.01500,-0.07766,0.91837,-0.06599,-0.04597,
1770726023444729600,2.82121,35.58825,3.03251,0.99642,0.01442,0.01871,-0.08117,0.88611,-0.12843,-0.00055,
1770726023638993152,2.98171,35.56677,3.03388,0.99642,0.01424,0.01413,-0.08218,0.87071,-0.05307,-0.04670,
1770726023844259328,3.17091,35.53894,3.02676,0.99658,0.01781,0.02342,-0.07719,0.77961,-0.07900,-0.00451,
1770726024042555392,3.31861,35.53760,3.03103,0.99732,0.01222,0.01573,-0.07034,0.74508,-0.00522,0.02780,
1770726024245701120,3.49330,35.52680,3.02483,0.99800,0.01329,0.01617,-0.05969,0.89722,-0.04804,-0.03604,
1770726024443946496,3.66811,35.51583,3.02641,0.99807,0.01204,0.01298,-0.05946,0.83042,-0.09162,0.01093,
1770726024642367488,3.84752,35.50451,3.02388,0.99802,0.01044,0.01427,-0.06039,0.87848,-0.11364,0.02618,
1770726024842701568,4.03666,35.49147,3.01985,0.99785,0.00958,0.01687,-0.06263,0.95032,-0.11688,0.00127,
1770726025057025792,4.22314,35.46684,3.01847,0.99767,0.01314,0.01401,-0.06542,0.77948,-0.14419,0.08452,
1770726025256286720,4.41701,35.45166,3.01440,0.99745,0.01192,0.01532,-0.06871,1.00308,-0.08323,-0.02605,
1770726025444054016,4.61121,35.41432,3.00839,0.99712,0.02235,0.02242,-0.06898,0.97244,-0.23755,-0.08638,
1770726025644574976,4.79198,35.41416,3.01025,0.99706,0.01134,0.01086,-0.07499,0.86492,0.08070,0.03352,
1770726025842624768,4.98684,35.38718,3.00263,0.99674,0.01539,0.01592,-0.07758,1.05701,-0.15396,-0.06485,
1770726026043280384,5.19338,35.36329,2.99532,0.99654,0.01560,0.02209,-0.07857,0.94795,-0.19038,0.06182,
1770726026240830720,5.36010,35.34679,2.99625,0.99659,0.01377,0.01444,-0.08010,0.87041,-0.08460,0.00065,
1770726026442883328,5.53717,35.33755,2.99699,0.99684,0.00984,0.01116,-0.07797,0.89692,0.03139,0.01580,
1770726026641737728,5.74874,35.31791,2.97994,0.99690,0.01133,0.02538,-0.07355,1.21431,-0.18278,-0.07501,
1770726026842471168,5.95370,35.29731,2.97276,0.99732,0.01220,0.02655,-0.06710,1.03126,-0.17923,-0.12343,
1770726027043552768,6.14530,35.27146,2.96872,0.99757,0.01866,0.02805,-0.06103,0.85879,-0.01721,0.06884,
1770726027242303488,6.32480,35.28114,2.96779,0.99827,0.00999,0.01912,-0.05476,0.92408,-0.08169,-0.04994,
1770726027441127424,6.52107,35.26354,2.96006,0.99860,0.01402,0.01978,-0.04704,1.04119,0.03240,0.00706,
1770726027641018368,6.74074,35.25241,2.95374,0.99854,0.01451,0.02494,-0.04557,1.04048,-0.09215,0.00507,
1770726027841601280,6.93671,35.23456,2.95222,0.99869,0.01821,0.01622,-0.04504,1.01841,-0.13917,-0.09624,
1770726028041325824,7.14983,35.19962,2.94524,0.99815,0.02936,0.02721,-0.04571,0.90998,0.03459,0.06894,
1770726028241129728,7.32588,35.21619,2.96076,0.99881,0.01306,0.00489,-0.04665,0.93996,-0.11142,-0.03505,
1770726028440430592,7.55307,35.17473,2.93912,0.99832,0.02836,0.01704,-0.04755,1.10992,-0.08289,-0.06662,
1770726028640086016,7.78316,35.16923,2.93222,0.99829,0.02315,0.02016,-0.04965,1.24670,-0.29250,-0.04681,
1770726028840548864,7.98252,35.15103,2.92938,0.99797,0.02146,0.01875,-0.05687,0.80605,0.06839,0.03128,
1770726029039051008,8.17286,35.13724,2.92628,0.99795,0.02172,0.01652,-0.05785,1.09917,-0.05440,-0.09200,
1770726029240145152,8.41077,35.11901,2.92017,0.99775,0.02011,0.01957,-0.06092,1.29506,-0.12996,-0.04824,
1770726029440261376,8.63717,35.09712,2.91057,0.99730,0.01892,0.02203,-0.06742,1.15277,-0.13733,-0.12120,
1770726029640143360,8.84692,35.07385,2.90726,0.99710,0.01877,0.02065,-0.07077,1.15210,-0.07205,-0.07452,
1770726029845436928,9.09788,35.03839,2.89074,0.99653,0.02334,0.03162,-0.07337,1.10158,-0.31352,0.03374,
1770726030041705984,9.28250,35.00259,2.89411,0.99614,0.02731,0.01983,-0.08103,0.82163,-0.04536,0.00062,
1770726030237570048,9.45652,34.99028,2.89051,0.99599,0.02149,0.01632,-0.08531,0.97167,-0.06230,-0.06554,
1770726030445195776,9.69387,34.96288,2.88581,0.99610,0.02118,0.01942,-0.08337,1.19784,-0.19785,-0.02411,
1770726030639210240,9.90761,34.93137,2.88164,0.99581,0.02056,0.01736,-0.08736,1.06481,-0.19516,-0.07624,
1770726030839067648,10.12463,34.91470,2.88327,0.99613,0.01373,0.01648,-0.08527,1.15144,-0.07649,-0.02400,
1770726031037901824,10.36444,34.89002,2.88129,0.99661,0.01250,0.01240,-0.08035,1.14989,-0.08032,0.07104,
1770726031241160448,10.64525,34.84995,2.87155,0.99674,0.01772,0.01884,-0.07645,1.24300,-0.32807,-0.01116,
1770726031449442048,10.88047,34.82769,2.86910,0.99622,0.01034,0.01909,-0.08411,0.92097,-0.05536,0.01505,
1770726031648663296,11.06406,34.82042,2.86459,0.99733,0.00877,0.01671,-0.07051,0.85325,-0.09930,-0.01689,
1770726031838719488,11.24053,34.80328,2.85425,0.99790,0.01178,0.02254,-0.05957,1.08073,0.01630,-0.05535,
1770726032037774080,11.43232,34.79710,2.85510,0.99860,0.01204,0.02109,-0.04693,1.00217,-0.06096,-0.01279,
1770726032241867264,11.63231,34.79035,2.85233,0.99876,0.01129,0.01738,-0.04531,1.03489,-0.15177,-0.00644,
1770726032438842368,11.85325,34.76767,2.84087,0.99843,0.01662,0.02630,-0.04655,1.03173,-0.01408,0.00613,
1770726032634323968,12.07045,34.75906,2.83774,0.99858,0.01590,0.02218,-0.04584,1.13472,-0.28787,-0.08029,
1770726032837205248,12.30328,34.74048,2.83195,0.99846,0.01532,0.01746,-0.05034,1.16644,0.06953,0.03275,
1770726033038140416,12.54999,34.72546,2.82981,0.99856,0.01760,0.01370,-0.04872,1.53130,-0.16251,-0.17668,
1770726033238495232,12.80955,34.69317,2.82079,0.99810,0.02212,0.01925,-0.05410,1.18405,0.02982,-0.05788,
1770726033438976768,13.03898,34.68201,2.81761,0.99789,0.01955,0.02187,-0.05791,0.96258,-0.05359,0.03619,
1770726033636432896,13.22607,34.67612,2.82638,0.99816,0.01556,0.00457,-0.05848,1.27215,-0.18014,-0.06840,
1770726033837588480,13.48746,34.63805,2.81517,0.99785,0.02645,0.01556,-0.05786,1.40266,-0.08161,-0.05129,
1770726034037130496,13.72970,34.60298,2.80501,0.99717,0.03301,0.02524,-0.06261,1.10494,-0.15491,-0.01357,
1770726034237429504,13.93234,34.60192,2.81035,0.99762,0.02273,0.01302,-0.06382,1.00706,-0.02948,0.01561,
1770726034437538560,14.16737,34.57052,2.79909,0.99740,0.02920,0.01530,-0.06406,1.08717,-0.14696,0.03417,
1770726034637013760,14.40212,34.54701,2.79981,0.99717,0.02974,0.01302,-0.06778,1.21489,-0.21933,-0.05173,
1770726034852363008,14.65459,34.52099,2.79648,0.99673,0.02626,0.01182,-0.07554,1.26067,0.13349,-0.02255,
1770726035036769024,14.88482,34.49075,2.79469,0.99655,0.02942,0.01211,-0.07660,1.23288,-0.31127,-0.12256,
1770726035237095680,15.11831,34.46194,2.78757,0.99591,0.02793,0.01489,-0.08457,1.13952,-0.04564,-0.00415,
1770726035432551936,15.34095,34.43074,2.78659,0.99564,0.02885,0.01425,-0.08752,1.16760,-0.24554,-0.00467,
1770726035636029952,15.57681,34.40392,2.78691,0.99511,0.02144,0.00547,-0.09623,1.30502,-0.22074,-0.12153,
1770726035835476736,15.84346,34.34810,2.77848,0.99408,0.02586,0.01171,-0.10485,1.40971,-0.10455,-0.03014,
1770726036036562944,16.10111,34.30628,2.77297,0.99319,0.02035,0.01738,-0.11336,1.16090,-0.18804,-0.10883,
1770726036236576256,16.33350,34.26293,2.76186,0.99282,0.01961,0.02170,-0.11603,1.07199,-0.21035,-0.04032,
1770726036435401216,16.53399,34.23351,2.75941,0.99285,0.01446,0.02230,-0.11638,0.69695,-0.35460,0.05154,
1770726036634901248,16.69851,34.20206,2.75937,0.99281,0.01299,0.01955,-0.11740,0.59418,-0.03804,0.04594,
1770726036834436352,16.79435,34.18902,2.75642,0.99402,0.01259,0.01766,-0.10703,0.28850,0.00454,-0.01893,
1770726037034471680,16.78672,34.19856,2.75684,0.99439,0.01093,0.01517,-0.10408,-0.18023,0.09911,0.02036,
1770726037235639808,16.76553,34.20629,2.75688,0.99600,0.01152,0.01449,-0.08740,-0.03238,0.09246,-0.00598,
1770726037434269184,16.77269,34.21435,2.75474,0.99823,0.01206,0.01468,-0.05631,0.00460,0.03388,-0.00378,
1770726037631506176,16.78359,34.21275,2.75257,0.99901,0.01336,0.01617,-0.03917,0.05804,0.02442,-0.01820,
1770726037833897472,16.79901,34.21279,2.75141,0.99927,0.01160,0.01521,-0.03296,0.15822,-0.00499,0.01010,
1770726038033768704,16.86268,34.20991,2.75184,0.99928,0.01138,0.01683,-0.03212,0.41305,-0.02926,0.01050,
1770726038236039168,16.95719,34.20748,2.75096,0.99925,0.01067,0.01588,-0.03366,0.51782,-0.04101,-0.02537,
1770726038444205312,17.06270,34.20020,2.74658,0.99925,0.01135,0.01311,-0.03472,0.45559,0.03369,-0.00094,
1770726038634620672,17.15569,34.20235,2.74591,0.99923,0.00787,0.01485,-0.03539,0.49162,-0.05877,0.00869,
1770726038837716224,17.26436,34.18626,2.74398,0.99927,0.01423,0.01545,-0.03189,0.60646,-0.09337,-0.03141,
1770726039045653248,17.39497,34.17488,2.74319,0.99926,0.01698,0.01323,-0.03188,0.62874,-0.05646,0.00774,
1770726039233482752,17.53553,34.17828,2.73463,0.99926,0.01286,0.01744,-0.03165,0.92261,-0.09971,-0.12427,
1770726039438125312,17.70454,34.15160,2.72742,0.99894,0.02298,0.02305,-0.03254,0.81968,-0.04932,-0.01879,
1770726039634953728,17.83861,34.15579,2.73169,0.99913,0.01768,0.01472,-0.03480,0.77486,0.05666,-0.05761,
1770726039833265152,18.00961,34.15076,2.71999,0.99889,0.01645,0.02279,-0.03780,0.64765,-0.00133,0.05166,
1770726040033614592,18.17044,34.14223,2.71398,0.99881,0.01739,0.02349,-0.03903,0.65533,-0.17361,0.03096,
1770726040233452544,18.30111,34.13599,2.71816,0.99886,0.01669,0.01856,-0.04073,0.67754,-0.07487,0.00610,
1770726040434085376,18.45170,34.13561,2.71758,0.99892,0.01231,0.01030,-0.04360,0.95207,0.00889,-0.00202,
1770726040633487360,18.64122,34.11455,2.70824,0.99856,0.01816,0.02057,-0.04601,0.91029,-0.16746,-0.04784,
1770726040833987840,18.81188,34.11124,2.70635,0.99849,0.01319,0.01784,-0.05025,0.88271,-0.03509,0.02321,
1770726041033025024,18.99965,34.08060,2.69705,0.99818,0.02414,0.02365,-0.04986,1.01076,-0.18563,-0.06883,
1770726041232428544,19.18464,34.07163,2.69542,0.99810,0.02125,0.02111,-0.05381,0.82020,0.00347,0.02677,
1770726041432332032,19.35123,34.06708,2.69581,0.99831,0.01873,0.01209,-0.05365,1.00184,-0.04945,-0.05716,
1770726041626743040,19.56043,34.02986,2.68425,0.99787,0.02907,0.01947,-0.05513,1.20879,-0.09064,-0.07211,
1770726041831160576,19.77895,34.00748,2.67803,0.99738,0.03091,0.02473,-0.06049,0.93966,-0.02342,0.00855,
1770726042032616192,19.98071,34.00137,2.67883,0.99767,0.02611,0.01459,-0.06132,1.20017,-0.22392,-0.06871,
1770726042232173824,20.21917,33.97188,2.66854,0.99721,0.02748,0.01641,-0.06739,1.21859,-0.07755,-0.05310,
1770726042432646144,20.41270,33.95530,2.66461,0.99662,0.02325,0.01768,-0.07675,0.82963,0.00346,-0.00868,
1770726042630441984,20.58708,33.93572,2.65891,0.99656,0.02375,0.01640,-0.07768,0.90875,-0.04118,0.00859,
1770726042829861376,20.78065,33.90625,2.65896,0.99659,0.02705,0.01486,-0.07656,0.98256,-0.18950,0.03214,
1770726043031887360,20.99668,33.88451,2.64484,0.99617,0.02460,0.02186,-0.08099,0.91982,-0.17381,-0.04106,
1770726043231190016,21.16572,33.86564,2.64429,0.99591,0.02196,0.01598,-0.08619,0.80608,-0.12345,-0.01390,
1770726043431907328,21.34301,33.83816,2.63653,0.99547,0.02367,0.02037,-0.08977,0.97026,-0.08402,-0.03428,
1770726043630914816,21.52823,33.81259,2.63144,0.99520,0.02209,0.01835,-0.09357,0.88258,-0.17516,0.00884,
1770726043828733952,21.69606,33.79420,2.63439,0.99535,0.01972,0.01420,-0.09316,0.85815,-0.19294,-0.01939,
1770726044032510976,21.88184,33.77182,2.62651,0.99558,0.01794,0.01608,-0.09079,0.89734,-0.02306,-0.02648,
1770726044232784896,22.08081,33.75273,2.61916,0.99575,0.01473,0.02003,-0.08873,1.01852,-0.11225,-0.01773,
1770726044432048128,22.26065,33.72208,2.60971,0.99524,0.01529,0.02633,-0.09256,0.90944,-0.19204,-0.09279,
1770726044631672320,22.41324,33.70323,2.60924,0.99537,0.01262,0.01931,-0.09335,0.98259,-0.11520,-0.08390,
1770726044832096000,22.61517,33.67731,2.59852,0.99483,0.00717,0.02570,-0.09801,0.97411,-0.07332,-0.01296,
1770726045031525888,22.79421,33.64160,2.59424,0.99496,0.01266,0.02298,-0.09676,0.89989,-0.15703,0.00332,
1770726045229842944,22.97296,33.62972,2.58533,0.99636,0.01016,0.02584,-0.08065,0.94858,-0.12068,-0.09438,
1770726045430530816,23.14821,33.63016,2.58536,0.99802,0.00645,0.01957,-0.05936,0.82168,0.07026,0.01854,
1770726045631193856,23.35477,33.60549,2.57391,0.99804,0.01454,0.02592,-0.05503,1.02428,-0.28730,-0.00287,
1770726045829873664,23.53856,33.60605,2.57588,0.99800,0.00368,0.01752,-0.06057,1.07691,0.09641,0.11328,
1770726046029475072,23.76234,33.58212,2.55885,0.99813,0.00988,0.02548,-0.05475,0.99247,0.04272,0.01928,
1770726046231712256,23.99860,33.56124,2.54743,0.99781,0.01215,0.03454,-0.05510,1.04123,-0.19850,-0.01461,
1770726046427747840,24.18549,33.55617,2.55099,0.99816,0.00751,0.01868,-0.05717,0.99524,-0.05799,-0.01519,
1770726046625884928,24.41770,33.53229,2.54505,0.99820,0.00994,0.01777,-0.05636,1.28806,-0.22689,-0.06647,
1770726046828656640,24.66805,33.50510,2.53333,0.99776,0.01055,0.01899,-0.06325,1.22467,-0.01785,-0.07274,
1770726047029009408,24.89581,33.48042,2.52687,0.99738,0.01073,0.02207,-0.06803,1.14347,-0.14021,-0.08226,
1770726047229091840,25.09429,33.46317,2.52320,0.99730,0.00815,0.01882,-0.07054,1.10867,-0.11683,-0.03369,
1770726047429153792,25.31157,33.44077,2.51279,0.99704,0.00579,0.02285,-0.07322,1.35643,-0.20911,-0.23480,
1770726047629507840,25.54211,33.41527,2.50558,0.99673,0.00296,0.02295,-0.07745,1.24063,-0.00479,-0.06733,
1770726047828782848,25.76462,33.37459,2.50295,0.99656,0.00904,0.02200,-0.07943,0.91676,-0.10039,0.03758,
1770726048028907776,26.00788,33.35043,2.49862,0.99675,0.00741,0.01679,-0.07840,1.49348,-0.22577,-0.12115,
1770726048228649216,26.32619,33.30890,2.48247,0.99578,0.00177,0.03016,-0.08669,1.71377,-0.27499,-0.05022,
1770726048427656960,26.60125,33.26397,2.47626,0.99523,-0.00022,0.02377,-0.09462,1.46495,-0.31646,-0.24084,
1770726048628818176,26.86631,33.21473,2.47521,0.99471,0.00116,0.02113,-0.10052,1.32435,-0.09645,0.00841,
1770726048832681984,27.14314,33.17312,2.46532,0.99435,-0.00313,0.02098,-0.10401,1.58627,-0.27573,-0.03095,
1770726049028693248,27.44120,33.10899,2.44921,0.99373,0.00131,0.03023,-0.10760,1.42902,-0.39386,-0.09223,
1770726049226842880,27.70910,33.06538,2.44939,0.99347,-0.00485,0.02165,-0.11196,1.31774,-0.06880,0.01214,
1770726049428619264,27.98261,33.02630,2.43544,0.99503,-0.00055,0.02260,-0.09699,1.30856,-0.25497,-0.10421,
1770726049638170624,28.16957,32.99984,2.42899,0.99620,0.00046,0.03159,-0.08120,0.46045,-0.00807,-0.04911,
1770726049829836288,28.19092,33.00339,2.42957,0.99636,-0.00309,0.02612,-0.08112,-0.19503,0.11998,0.02352,
1770726050026051584,28.17202,33.01172,2.43125,0.99703,-0.00455,0.02197,-0.07370,-0.25352,0.07716,0.03324,
1770726050226964736,28.20901,33.01267,2.43160,0.99739,-0.00645,0.02005,-0.06909,0.15513,-0.03705,-0.00814,
1770726050426131968,28.27278,33.01200,2.43111,0.99765,-0.00800,0.02087,-0.06475,0.42912,0.02062,0.01270,
1770726050621551104,28.37799,33.00893,2.43266,0.99842,-0.00764,0.01632,-0.05325,0.60138,-0.02260,0.04316,
1770726050850019584,28.57973,33.00471,2.42757,0.99880,-0.00991,0.01232,-0.04645,1.01416,-0.14764,-0.00849,
1770726051026490880,28.79461,32.98595,2.41928,0.99880,-0.00491,0.01882,-0.04504,1.23421,-0.06253,-0.03461,
1770726051228190208,29.03793,32.97473,2.41630,0.99946,0.00034,0.01595,-0.02885,1.39008,-0.05291,-0.05904,
1770726051427701760,29.31283,32.96063,2.39128,0.99912,0.01165,0.03829,-0.01237,1.23140,0.15465,-0.07767,
1770726051621840896,29.50293,32.98124,2.39635,0.99968,0.01069,0.02278,-0.00162,0.83912,0.03332,-0.01094,
1770726051826963968,29.72758,33.00024,2.39139,0.99964,0.00995,0.02185,0.01222,1.16618,-0.00854,-0.05564,
1770726052025752320,29.96935,33.02618,2.39330,0.99984,0.00475,0.01285,0.01128,1.36580,-0.01681,0.07058,
1770726052225764096,30.25777,33.01556,2.37989,0.99944,0.02059,0.02358,0.01150,1.50351,-0.18954,-0.03879,
1770726052425612288,30.54038,33.01923,2.36982,0.99935,0.02435,0.02564,0.00652,1.13324,-0.10375,0.04175,
1770726052625220608,30.77424,33.00832,2.35356,0.99898,0.03276,0.02850,-0.01238,0.81540,0.04023,-0.13285,
1770726052821371136,30.85190,33.00162,2.35221,0.99827,0.03371,0.02317,-0.04224,0.02317,-0.05047,0.00953,
1770726053026873344,30.81747,33.00647,2.35265,0.99814,0.03160,0.01953,-0.04828,-0.29640,0.07922,0.03427,
1770726053226174976,30.80421,33.00571,2.35487,0.99789,0.02957,0.01482,-0.05585,0.26581,-0.07990,-0.02224,
1770726053426140672,30.88819,32.99377,2.35542,0.99753,0.03037,0.01771,-0.06078,0.44081,0.02503,0.04016,
1770726053634208000,30.98323,32.99273,2.36062,0.99706,0.02279,0.01810,-0.07091,0.56445,0.05397,0.04504,
1770726053823819776,31.12336,32.98346,2.36720,0.99717,0.01936,0.00052,-0.07271,1.11152,-0.15131,-0.04242,
1770726054026529280,31.35836,32.92168,2.34746,0.99649,0.04007,0.01680,-0.07153,1.17133,-0.30604,-0.07922,
1770726054225494528,31.59390,32.91309,2.34224,0.99631,0.02702,0.01919,-0.07922,1.19432,-0.17000,-0.01424,
1770726054425567488,31.87154,32.85499,2.32538,0.99522,0.03744,0.02591,-0.08637,1.60651,-0.22182,-0.15931,
1770726054626641920,32.12287,32.82632,2.33104,0.99516,0.03300,0.01257,-0.09174,1.47282,-0.27814,-0.09185,
1770726054825351168,32.38495,32.78177,2.32070,0.99468,0.03142,0.01347,-0.09719,1.17639,-0.08448,0.00318,
1770726055026085632,32.63000,32.73913,2.31315,0.99466,0.03279,0.01748,-0.09626,1.18203,-0.08951,0.00026,
1770726055225248000,32.87920,32.71277,2.31114,0.99531,0.02762,0.01511,-0.09149,1.28599,-0.16962,0.02433,
1770726055425513984,33.13498,32.67104,2.30879,0.99568,0.03464,0.01220,-0.08530,1.14532,-0.37348,0.01781,
1770726055624871424,33.40296,32.64368,2.29264,0.99544,0.02859,0.01923,-0.08891,1.13304,-0.18792,0.03467,
1770726055824520704,33.65563,32.60257,2.28898,0.99496,0.02948,0.02161,-0.09336,1.31932,-0.20964,-0.00241,
1770726056023735552,33.89071,32.56840,2.28637,0.99390,0.02051,0.01151,-0.10777,1.62226,-0.25293,-0.23177,
1770726056223268864,34.16340,32.51908,2.28185,0.99281,0.01608,0.00956,-0.11827,1.68050,-0.28036,-0.10187,
1770726056424125952,34.43422,32.45077,2.27589,0.99162,0.01814,0.01398,-0.12712,1.08216,0.14206,0.03368,
1770726056623711744,34.67230,32.40686,2.26190,0.99222,0.01939,0.02035,-0.12131,1.25490,-0.23336,-0.00914,
1770726056823971072,34.90470,32.37361,2.25244,0.99265,0.01316,0.02826,-0.11693,1.35353,-0.03032,-0.15938,
1770726057023244288,35.09439,32.35865,2.24703,0.99524,0.00971,0.02722,-0.09303,0.65451,-0.12692,-0.00562,
1770726057224529152,35.21589,32.35457,2.25234,0.99766,0.00951,0.01588,-0.06584,0.56631,0.13706,0.05287,
1770726057421861376,35.36656,32.35784,2.25136,0.99895,0.00921,0.01618,-0.04186,0.72842,-0.00657,-0.00537,
1770726057627137792,35.53151,32.37209,2.24557,0.99969,0.00557,0.01183,-0.02118,0.85527,0.13203,0.01935,
1770726057823432448,35.74515,32.36701,2.24077,0.99960,0.00779,0.01836,-0.02004,1.18296,-0.06317,-0.06838,
1770726058026010112,35.94725,32.34475,2.23247,0.99939,0.01707,0.02175,-0.02149,1.02880,-0.05811,-0.00853,
1770726058223556352,36.14115,32.35907,2.23407,0.99962,0.00737,0.01268,-0.02314,1.21767,0.13563,-0.03341,
1770726058422936320,36.36506,32.33445,2.22365,0.99925,0.01850,0.02324,-0.02492,1.11450,-0.22438,-0.10230,
1770726058626104064,36.56423,32.31995,2.22061,0.99904,0.01794,0.02076,-0.03409,0.98232,0.05240,-0.04024,
1770726058823302144,36.76225,32.31944,2.22139,0.99924,0.01625,0.01168,-0.03335,1.24589,0.03087,0.01555,
1770726059023681024,37.05037,32.28431,2.20036,0.99851,0.03196,0.03178,-0.03070,1.39337,-0.39331,-0.06910,
1770726059222841088,37.27649,32.27871,2.19513,0.99867,0.02590,0.02350,-0.03790,1.06190,0.08861,0.01009,
1770726059422518016,37.49831,32.26514,2.20085,0.99875,0.02950,0.00982,-0.03901,1.23051,-0.07836,-0.05788,
1770726059623895040,37.79485,32.23756,2.18206,0.99826,0.03446,0.01923,-0.04384,1.20509,-0.13422,0.04564,
1770726059821040640,38.03962,32.22141,2.18167,0.99805,0.03285,0.01550,-0.05072,1.20472,-0.08744,-0.06795,
1770726060021456896,38.30323,32.21976,2.18477,0.99813,0.02271,0.00773,-0.05614,1.33108,-0.09086,0.09438,
1770726060219204608,38.59201,32.17640,2.16080,0.99745,0.03600,0.02687,-0.05550,1.15550,-0.05787,-0.06826,
1770726060423616768,38.85582,32.17831,2.16260,0.99739,0.01864,0.01821,-0.06736,1.47431,-0.26988,-0.08902,
1770726060621364736,39.15824,32.11151,2.14178,0.99619,0.03865,0.02800,-0.07296,1.35907,-0.19339,-0.02917,
1770726060820805632,39.41198,32.09597,2.13061,0.99594,0.02336,0.02219,-0.08406,1.21253,-0.33542,-0.06081,
1770726061020032000,39.66874,32.04492,2.12552,0.99500,0.02744,0.02335,-0.09310,1.27514,-0.08500,-0.01298,
1770726061220630784,39.94656,31.99789,2.12038,0.99502,0.03155,0.01524,-0.09335,1.40328,-0.42970,0.05330,
1770726061420487424,40.23157,31.95633,2.11217,0.99458,0.02576,0.01837,-0.09907,1.20108,-0.19041,-0.05892,
1770726061620126464,40.50308,31.90654,2.10776,0.99443,0.02883,0.01432,-0.10038,1.45512,-0.20751,-0.03604,
1770726061818936064,40.75752,31.86691,2.10486,0.99374,0.02193,0.00563,-0.10943,1.21817,-0.08817,0.00014,
1770726062025625344,41.03163,31.82196,2.09552,0.99379,0.02014,0.01158,-0.10880,1.31439,-0.07087,-0.03722,
1770726062220027392,41.30699,31.78600,2.08549,0.99415,0.01657,0.02219,-0.10438,1.41176,-0.19067,0.00152,
1770726062419980032,41.55818,31.73542,2.08439,0.99447,0.02116,0.01283,-0.10211,1.27287,-0.23263,-0.08757,
1770726062619867904,41.80606,31.70018,2.07557,0.99526,0.01884,0.01487,-0.09423,1.16415,-0.02932,0.00009,
1770726062820719360,42.03723,31.68265,2.05865,0.99703,0.02280,0.03038,-0.06697,0.96195,0.00835,-0.02273,
1770726063020766976,42.16172,31.70686,2.06470,0.99944,0.01264,0.01518,-0.02708,0.54006,0.11101,-0.05014,
1770726063219571712,42.30347,31.70629,2.06238,0.99962,0.01451,0.00992,-0.02132,1.03705,0.05924,-0.08852,
1770726063419819776,42.55482,31.70440,2.04865,0.99950,0.01239,0.01771,-0.02314,1.45175,0.14182,-0.18360,
1770726063618975744,42.81691,31.68845,2.03918,0.99911,0.01860,0.02660,-0.02689,1.12830,-0.17683,-0.00580,
1770726063818916864,43.02053,31.68905,2.04569,0.99933,0.01291,0.00871,-0.03308,1.10721,0.03563,-0.07186,
1770726064018243072,43.31471,31.66930,2.02404,0.99884,0.01553,0.02078,-0.04063,1.78948,-0.09887,-0.20028,
1770726064219194880,43.68228,31.62905,1.98857,0.99750,0.02982,0.04999,-0.04015,1.78681,-0.38810,-0.06202,
1770726064417420544,43.97052,31.60884,1.98341,0.99743,0.02327,0.04952,-0.04617,0.22126,-0.21285,0.68801,
1770726064618819072,44.09924,31.59208,2.02342,0.99835,0.02744,-0.02040,-0.04612,1.00663,-0.03602,-0.04971,
1770726064817156608,44.33757,31.60308,2.01785,0.99736,-0.00402,-0.01907,-0.07000,1.72663,-0.53328,0.04934,
1770726065017699840,44.66461,31.54950,1.99784,0.99726,0.01200,0.01598,-0.07117,1.75250,-0.21097,-0.14588,
1770726065218183936,44.98544,31.49675,1.98249,0.99618,0.01594,0.02448,-0.08235,1.76219,-0.17873,-0.22655,
1770726065418488320,45.27804,31.47030,1.97480,0.99581,0.00755,0.02056,-0.08874,1.49674,-0.18867,-0.03777,
1770726065618086400,45.56287,31.41273,1.95988,0.99541,0.01525,0.02314,-0.09162,1.30495,-0.18445,0.01709,
1770726065817903104,45.83609,31.38609,1.95831,0.99559,0.00883,0.01225,-0.09257,1.41422,-0.23780,-0.12141,
1770726066018494464,46.13787,31.33297,1.94379,0.99518,0.01213,0.01697,-0.09586,1.50726,-0.10864,-0.08733,
1770726066217536256,46.46423,31.29307,1.91187,0.99506,0.00976,0.03741,-0.09148,1.56193,-0.14353,0.02376,
1770726066418515456,46.74129,31.25230,1.90766,0.99518,0.00966,0.03152,-0.09235,1.32065,-0.34921,-0.01300,
1770726066617046272,47.01884,31.22372,1.89355,0.99500,0.00212,0.02176,-0.09745,1.47807,-0.17500,-0.06694,
1770726066819182336,47.31227,31.17777,1.87869,0.99447,0.00085,0.02902,-0.10096,1.45569,-0.14139,-0.06905,
1770726067017978880,47.58816,31.14458,1.86971,0.99479,-0.00221,0.02332,-0.09927,1.23717,-0.14065,0.00833,
1770726067217482496,47.86443,31.11053,1.86657,0.99525,-0.00490,0.01653,-0.09577,1.38001,-0.05624,-0.05227,
1770726067418315776,48.16087,31.06706,1.84492,0.99539,-0.00253,0.03057,-0.09092,1.48492,-0.20006,-0.09351,
1770726067618038016,48.44071,31.03758,1.82918,0.99551,-0.00518,0.02952,-0.08980,1.37791,-0.42039,-0.06834,
1770726067818867200,48.67930,31.00438,1.82626,0.99499,-0.00893,0.01940,-0.09764,1.18610,0.05682,-0.06582,
1770726068016873472,48.93093,30.97140,1.81421,0.99565,-0.00648,0.02151,-0.09039,1.30854,-0.19881,-0.07009,
1770726068215886848,49.18575,30.92404,1.79673,0.99656,0.00444,0.03392,-0.07545,1.06653,-0.02240,-0.01307,
1770726068415831808,49.38769,30.94073,1.78920,0.99776,-0.00748,0.02452,-0.06173,1.12226,0.01764,-0.12460,
1770726068618103296,49.60446,30.90259,1.77271,0.99757,0.00120,0.03037,-0.06269,1.00775,-0.14212,-0.05245,
1770726068818076416,49.80674,30.89617,1.76468,0.99761,-0.00418,0.02830,-0.06286,1.15752,-0.16452,-0.04725,
1770726069015394048,50.00747,30.87326,1.75624,0.99763,-0.00358,0.02470,-0.06409,1.05752,0.03014,-0.04601,
1770726069217579776,50.26365,30.85239,1.74144,0.99768,-0.00366,0.02562,-0.06291,1.48555,-0.18089,-0.03950,
1770726069416750080,50.53464,30.82871,1.73023,0.99743,-0.00469,0.02569,-0.06669,1.44722,-0.13615,-0.10704,
1770726069617373184,50.80689,30.79683,1.71844,0.99719,-0.00263,0.02085,-0.07187,1.27159,-0.13121,0.06758,
1770726069816717824,51.10355,30.76183,1.70010,0.99680,-0.00179,0.02503,-0.07596,1.48290,-0.16186,-0.04156,
1770726070016043520,51.39020,30.73263,1.69106,0.99621,-0.00658,0.02491,-0.08304,1.53834,-0.14493,-0.21193,
1770726070215252736,51.68056,30.68635,1.67148,0.99585,-0.00195,0.02627,-0.08707,1.46635,-0.11822,-0.03163,
1770726070427976704,51.97576,30.65500,1.65800,0.99591,-0.00471,0.02308,-0.08717,1.28258,-0.15518,-0.06281,
1770726070615940352,52.22353,30.62555,1.64218,0.99619,-0.00627,0.02584,-0.08310,1.33439,-0.11097,-0.08259,
1770726070816578304,52.49142,30.59448,1.62844,0.99662,-0.00510,0.02738,-0.07731,1.26503,-0.22173,-0.05196,
1770726071011940096,52.72471,30.57517,1.61677,0.99746,-0.00484,0.02290,-0.06729,1.13034,0.07592,-0.06657,
1770726071221915904,53.00592,30.56109,1.59917,0.99802,-0.00593,0.02533,-0.05728,1.43879,-0.17309,-0.13114,
1770726071414255616,53.25998,30.52883,1.58404,0.99833,0.00257,0.03088,-0.04883,1.14111,0.01015,-0.05912,
1770726071622002176,53.49874,30.51881,1.56659,0.99852,0.00455,0.03327,-0.04286,1.07077,-0.22629,-0.04333,
1770726071814816768,53.72017,30.51564,1.55982,0.99874,0.00125,0.02634,-0.04262,0.98661,-0.04247,0.07431,
1770726072014716672,53.95420,30.49912,1.54573,0.99873,0.00390,0.02473,-0.04367,1.20835,-0.12634,-0.07709,
1770726072214754304,54.18558,30.48439,1.53860,0.99880,0.00437,0.01917,-0.04487,1.13713,0.04537,-0.03296,
1770726072410579200,54.42338,30.46297,1.52671,0.99862,0.00896,0.02402,-0.04576,1.21846,-0.13534,-0.11662,
1770726072614553088,54.67068,30.45104,1.51039,0.99846,0.00602,0.02487,-0.04929,1.20213,-0.10381,-0.04431,
1770726072815386112,54.91793,30.42732,1.49855,0.99836,0.01005,0.02606,-0.05005,1.25183,-0.18294,-0.04457,
1770726073016424448,55.17162,30.41223,1.48445,0.99815,0.00688,0.02349,-0.05559,1.14206,-0.09948,-0.03538,
1770726073214531840,55.42484,30.38503,1.47003,0.99798,0.00858,0.02502,-0.05771,1.23240,-0.06743,-0.03065,
1770726073412362496,55.72681,30.36135,1.45694,0.99785,0.00805,0.02664,-0.05927,1.45870,-0.16284,-0.05563,
1770726073607509248,56.03697,30.32548,1.43202,0.99741,0.01060,0.03231,-0.06344,1.39811,-0.20073,-0.03674,
1770726073813892352,56.31178,30.30370,1.42860,0.99739,0.00573,0.02126,-0.06870,1.27120,-0.07207,-0.10111,
1770726074013581568,56.60111,30.24974,1.40423,0.99695,0.01826,0.03169,-0.06897,1.43017,-0.20989,-0.09203,
1770726074216822016,56.88428,30.22374,1.38924,0.99672,0.01022,0.03017,-0.07438,1.36225,-0.21304,-0.09995,
1770726074414670080,57.15873,30.17810,1.37430,0.99659,0.01379,0.02725,-0.07666,1.46778,-0.12714,-0.08442,
1770726074613190144,57.44185,30.14571,1.36458,0.99672,0.01226,0.02190,-0.07698,1.56176,-0.13442,-0.09225,
1770726074811095296,57.74121,30.11719,1.34239,0.99663,0.00706,0.02645,-0.07732,1.43068,-0.17868,-0.07659,
1770726075009312768,58.04227,30.07476,1.32508,0.99623,0.00830,0.03291,-0.07986,1.41255,-0.07285,-0.07486,
1770726075214123776,58.31610,30.05071,1.31449,0.99636,0.00087,0.02510,-0.08141,1.26336,-0.23291,-0.06893,
1770726075412448512,58.58751,30.01057,1.30287,0.99619,0.00065,0.02326,-0.08401,1.40370,-0.22120,-0.02180,
1770726075612674816,58.85016,29.96878,1.29387,0.99554,-0.00312,0.01562,-0.09304,1.61973,-0.03193,-0.28255,
1770726075836485120,59.15165,29.88581,1.29033,0.99497,0.00664,0.01428,-0.09897,1.55931,-0.19389,-0.36147,
1770726076009988352,59.42152,29.84547,1.25661,0.99170,-0.00493,0.03149,-0.12458,1.16116,-0.31400,-0.17218,
1770726076212770048,59.69711,29.77656,1.23224,0.99233,-0.00130,0.04783,-0.11395,0.87974,-0.22942,0.11915,
1770726076412700416,59.90488,29.76450,1.23036,0.99387,-0.01361,0.02782,-0.10616,1.19976,-0.38509,-0.02090,
1770726076613287936,60.18370,29.71651,1.21536,0.99473,-0.01438,0.02628,-0.09802,1.27021,-0.19908,0.03705,
1770726076812725760,60.47007,29.67409,1.19993,0.99503,-0.01414,0.03036,-0.09375,1.25326,-0.34423,0.01428,
1770726077011669248,60.71822,29.64809,1.18779,0.99569,-0.02035,0.02485,-0.08698,1.23169,0.08375,-0.04466,
1770726077212618240,60.96701,29.61674,1.17806,0.99694,-0.01772,0.02238,-0.07280,1.21728,-0.12942,-0.10577,
1770726077411976704,61.19795,29.60522,1.16652,0.99780,-0.02073,0.02009,-0.05967,1.05985,-0.01333,0.03141,
1770726077610587904,61.44817,29.58383,1.15241,0.99857,-0.01877,0.02171,-0.04513,1.30937,-0.15190,-0.05189,
1770726077811634176,61.70786,29.57878,1.13242,0.99855,-0.01996,0.02803,-0.04134,1.43610,0.01791,-0.11121,
1770726078010160128,61.96698,29.55543,1.12668,0.99896,-0.01136,0.02271,-0.03776,1.50120,0.00088,-0.23048,
1770726078204709376,62.23244,29.53447,1.11294,0.99891,-0.00855,0.02106,-0.04081,1.30102,-0.15886,-0.03176,
1770726078410126336,62.51358,29.51045,1.09364,0.99868,-0.00539,0.02924,-0.04196,1.40167,-0.07573,-0.08744,
1770726078610956032,62.78223,29.50363,1.08448,0.99895,-0.00897,0.02189,-0.03924,1.47118,-0.36507,0.00524,
1770726078810682624,63.07370,29.48519,1.07137,0.99892,-0.00800,0.01930,-0.04160,1.48317,0.00162,-0.12272,
1770726079010799104,63.38007,29.44983,1.05249,0.99870,0.00063,0.02699,-0.04320,1.62620,-0.19999,-0.05507,
1770726079211430400,63.67226,29.43527,1.04304,0.99878,-0.00418,0.02008,-0.04491,1.49836,-0.06926,-0.11045,
1770726079410865664,63.96393,29.40909,1.02995,0.99857,0.00021,0.02297,-0.04836,1.44583,-0.13594,-0.05608,
1770726079611610112,64.26467,29.37132,1.00672,0.99818,0.00645,0.02779,-0.05309,1.60954,-0.19191,-0.10694,
1770726079809573632,64.56815,29.34064,0.99234,0.99812,0.00663,0.02832,-0.05397,1.47151,-0.13436,-0.08015,
1770726080011340800,64.85345,29.31516,0.98824,0.99810,0.00643,0.01988,-0.05798,1.33017,-0.16549,-0.04899,
1770726080210137856,65.13895,29.30979,0.98585,0.99791,-0.00506,0.01253,-0.06317,1.19689,-0.05727,0.05399,
1770726080405127680,65.44191,29.26005,0.94944,0.99777,0.00848,0.03405,-0.05675,1.38645,-0.24891,0.07286,
1770726080609938688,65.74439,29.24741,0.94321,0.99715,-0.00450,0.03273,-0.06784,1.52708,-0.11621,-0.11089,
1770726080813398784,66.01929,29.19969,0.93509,0.99699,-0.00076,0.01610,-0.07588,1.61167,-0.21461,-0.27905,
1770726081008581888,66.31126,29.14295,0.91787,0.99652,0.00616,0.02279,-0.07993,1.51647,-0.11881,-0.04993,
1770726081210916352,66.62428,29.11353,0.90647,0.99637,0.00366,0.02121,-0.08230,1.49285,-0.31803,-0.08250,
1770726081410276352,66.91024,29.06551,0.89141,0.99602,0.00298,0.02264,-0.08616,1.45780,-0.24095,-0.00690,
1770726081608698880,67.19652,29.02800,0.87753,0.99599,0.00097,0.02361,-0.08634,1.53123,-0.21087,-0.04905,
1770726081812890624,67.50650,28.98558,0.86773,0.99628,0.00068,0.02383,-0.08282,1.53575,-0.29785,-0.10074,
1770726082008994304,67.78787,28.96323,0.85622,0.99676,-0.00473,0.01533,-0.07876,1.42891,-0.19345,-0.05612,
1770726082207727616,68.07218,28.90760,0.84242,0.99733,0.00568,0.02017,-0.07002,1.49977,-0.16739,-0.10013,
1770726082409996288,68.36533,28.90048,0.83798,0.99773,-0.00187,0.01217,-0.06624,1.62623,-0.22906,-0.01055,
1770726082610428160,68.66418,28.82177,0.81205,0.99627,0.01733,0.02447,-0.08092,1.37025,-0.44834,0.02442,
1770726082807224064,68.94404,28.78686,0.80449,0.99621,0.01410,0.01527,-0.08441,1.45426,-0.23495,-0.04488,
1770726083008457472,69.21408,28.72136,0.79999,0.99597,0.01856,0.01033,-0.08709,1.46488,-0.25340,-0.05338,
1770726083208217088,69.51824,28.69310,0.77533,0.99569,0.00747,0.01408,-0.09136,1.73203,0.00906,-0.33747,
1770726083406636544,69.87930,28.65183,0.74534,0.99430,0.00896,0.05976,-0.08785,1.13262,-0.69929,0.32334,
1770726083607053568,70.07892,28.61502,0.74909,0.99494,0.00732,0.01679,-0.09882,1.05237,0.31167,0.02040,
1770726083806990080,70.31308,28.61773,0.75645,0.99733,0.00201,-0.00118,-0.07301,1.28938,-0.36822,-0.32272,
1770726084006048000,70.66973,28.56263,0.68835,0.99716,0.02950,0.05310,-0.04454,1.23330,-0.28483,-0.08128,
1770726084209227776,70.94916,28.56451,0.66214,0.99765,0.01671,0.04253,-0.05103,1.45063,-0.10811,-0.20087,
1770726084408412672,71.26023,28.51116,0.64377,0.99778,0.01910,0.04151,-0.04842,1.42378,-0.11512,-0.26740,
1770726084607891200,71.47521,28.46761,0.62770,0.99762,0.02411,0.04001,-0.05081,0.62039,-0.04086,0.00873,
1770726084808544768,71.56404,28.51025,0.63226,0.99832,0.01016,0.02719,-0.05010,0.92348,0.04712,-0.05856,
1770726085000751616,71.77583,28.47457,0.60888,0.99817,0.01971,0.03131,-0.04780,1.24043,-0.22877,-0.07483,
1770726085207065600,72.00536,28.44627,0.59738,0.99811,0.01941,0.02516,-0.05263,0.95137,-0.02588,-0.02155,
1770726085406881280,72.21102,28.42785,0.59202,0.99819,0.01544,0.01864,-0.05497,1.16260,-0.11974,-0.07660,
1770726085606569984,72.45077,28.38335,0.56895,0.99763,0.02484,0.02594,-0.05871,1.06933,-0.24978,-0.03475,
1770726085806164224,72.69098,28.36042,0.55460,0.99719,0.02412,0.03384,-0.06234,1.19205,-0.07318,-0.10547,
1770726086008009472,72.90991,28.35377,0.54690,0.99766,0.01778,0.02170,-0.06238,1.16089,-0.20051,-0.07095,
1770726086206726656,73.14667,28.31692,0.53233,0.99738,0.02476,0.01944,-0.06516,1.32259,-0.27484,-0.04318,
1770726086406884352,73.39402,28.30324,0.51714,0.99695,0.01383,0.02319,-0.07325,1.25613,-0.18277,-0.06111,
1770726086604203776,73.63185,28.27843,0.49827,0.99659,0.01328,0.02926,-0.07594,1.02558,-0.08080,-0.07808,
1770726086804716544,73.85882,28.24484,0.49254,0.99647,0.01660,0.01963,-0.07987,1.24550,-0.03413,-0.03015,
1770726087005046528,74.12973,28.21333,0.47783,0.99585,0.01188,0.02010,-0.08800,1.37230,-0.04905,-0.06429,
1770726087205486848,74.37098,28.17961,0.47104,0.99544,0.01246,0.01561,-0.09329,1.34144,-0.22867,-0.08985,
1770726087401525760,74.61598,28.14190,0.46087,0.99480,0.00661,0.01435,-0.10061,1.26652,-0.11593,-0.07822,
1770726087604590592,74.89266,28.09010,0.44150,0.99434,0.01243,0.02386,-0.10282,1.37287,-0.37247,-0.06972,
1770726087804408576,75.16153,28.05255,0.43144,0.99408,0.00792,0.02391,-0.10572,1.38252,-0.21549,-0.10609,
1770726088004096000,75.40723,28.00319,0.42818,0.99395,0.00928,0.01282,-0.10867,1.47073,-0.23851,-0.11341,
1770726088203990016,75.69271,27.96239,0.40986,0.99366,0.00505,0.01836,-0.11076,1.50574,-0.19965,-0.05460,
1770726088403716352,75.98292,27.90962,0.39879,0.99386,0.00888,0.02150,-0.10818,1.64782,-0.39589,-0.14477,
1770726088604497408,76.28707,27.88335,0.38555,0.99412,-0.00201,0.02343,-0.10572,1.57926,-0.26161,-0.06414,
1770726088803744768,76.54189,27.84304,0.37411,0.99501,0.00191,0.02289,-0.09711,1.25078,-0.06842,-0.05126,
1770726089003312384,76.72937,27.84554,0.36646,0.99729,-0.00117,0.01891,-0.07103,0.98453,-0.04755,-0.05577,
1770726089204317184,76.91047,27.84842,0.35897,0.99893,-0.00103,0.01955,-0.04179,1.01466,0.07113,-0.09788,
1770726089401889536,77.13581,27.86059,0.34489,0.99943,-0.00382,0.02162,-0.02571,1.18421,0.05944,-0.03147,
1770726089599418880,77.38312,27.84709,0.32990,0.99937,0.00323,0.02536,-0.02447,1.34645,-0.12441,-0.11102,
1770726089804323072,77.63100,27.84108,0.32183,0.99932,0.00101,0.02296,-0.02888,1.06427,0.12859,-0.01612,
1770726090004361984,77.82878,27.82739,0.31292,0.99923,0.01052,0.02190,-0.03094,0.92645,-0.16815,-0.02069,
1770726090205549056,78.00975,27.83093,0.30668,0.99917,0.00543,0.01685,-0.03668,0.91808,0.15847,-0.06972,
1770726090404543744,78.22710,27.82287,0.29439,0.99909,0.00487,0.01829,-0.03821,1.34194,-0.08360,-0.16151,
1770726090603813632,78.48574,27.79099,0.27909,0.99860,0.01232,0.02806,-0.04318,1.19344,-0.01988,0.03204,
1770726090803900160,78.70954,27.79074,0.27342,0.99865,0.00814,0.02153,-0.04655,1.08631,-0.07922,-0.08713,
1770726091001758464,78.90238,27.77219,0.26030,0.99846,0.01403,0.02226,-0.04893,0.89759,-0.04686,-0.01784,
1770726091203234560,79.07560,27.76343,0.25918,0.99844,0.01346,0.01665,-0.05148,0.91392,-0.03019,-0.01358,
1770726091403214592,79.31455,27.75574,0.24524,0.99824,0.01072,0.01800,-0.05540,1.27719,-0.18748,-0.07603,
1770726091603906560,79.58481,27.71634,0.22668,0.99768,0.02238,0.02620,-0.05873,1.16804,-0.12508,0.01252,
1770726091802338048,79.77947,27.70854,0.23214,0.99759,0.01705,0.00974,-0.06661,0.80667,0.14251,0.02238,
1770726092003961600,80.00739,27.69107,0.21546,0.99759,0.01979,0.01462,-0.06491,1.31464,-0.14433,-0.11229,
1770726092203188736,80.24039,27.65948,0.21011,0.99698,0.02200,0.01442,-0.07312,1.31436,-0.10288,-0.15811,
1770726092405529088,80.47524,27.63023,0.19330,0.99598,0.02073,0.01824,-0.08518,1.22814,-0.26121,-0.07179,
1770726092602597888,80.71799,27.59967,0.18213,0.99553,0.01735,0.02343,-0.08981,1.37796,-0.02834,-0.18416,
1770726092799048192,80.93361,27.56832,0.17661,0.99512,0.01864,0.01388,-0.09589,0.98608,-0.07287,-0.06949,
1770726093002206976,81.14590,27.53159,0.16921,0.99494,0.01951,0.01566,-0.09730,0.99277,-0.03496,-0.02121,
1770726093201433856,81.37956,27.50249,0.15719,0.99462,0.01571,0.01580,-0.10117,1.41745,-0.17805,-0.05392,
1770726093402292736,81.61544,27.46060,0.14869,0.99382,0.01605,0.01794,-0.10839,1.18708,-0.07544,-0.06717,
1770726093602915072,81.83563,27.43648,0.13831,0.99434,0.01171,0.02009,-0.10370,1.09790,-0.17051,-0.08303,
1770726093802771200,82.03120,27.41166,0.13562,0.99475,0.00945,0.01254,-0.10113,0.91541,-0.13593,-0.01050,
1770726093996501248,82.22487,27.39254,0.12862,0.99528,0.00610,0.01415,-0.09583,0.85777,-0.09916,0.04803,
1770726094195745792,82.43601,27.36624,0.11507,0.99563,0.00772,0.02120,-0.09066,1.06205,-0.31709,-0.08312,
1770726094401878528,82.64369,27.32049,0.10552,0.99518,0.01339,0.02465,-0.09399,0.76473,-0.09102,0.05538,
1770726094600921088,82.82811,27.31600,0.10200,0.99552,0.00142,0.01994,-0.09244,1.29723,-0.23463,-0.17831,
1770726094800006400,83.05223,27.26975,0.09096,0.99518,0.00644,0.01980,-0.09586,0.94971,-0.09926,0.00525,
1770726095000845824,83.23798,27.24391,0.08588,0.99543,0.00772,0.02141,-0.09274,1.03404,-0.11815,-0.08897,
1770726095201721600,83.41111,27.23913,0.08599,0.99616,-0.00111,0.00939,-0.08705,1.03943,-0.13516,-0.10196,
1770726095401562112,83.62780,27.21326,0.07925,0.99627,-0.00127,0.01305,-0.08526,1.18468,-0.19107,-0.15065,
1770726095599863552,83.86102,27.17200,0.07101,0.99599,0.00121,0.01772,-0.08763,1.10008,-0.15861,-0.02415,
1770726095797022976,84.08735,27.14364,0.06418,0.99583,-0.00264,0.01712,-0.08956,1.09236,-0.20494,-0.02346,
1770726096000677120,84.29905,27.09573,0.05991,0.99586,0.00397,0.01568,-0.08946,1.00410,-0.16054,-0.03852,
1770726096197841408,84.48654,27.08093,0.05962,0.99628,-0.00126,0.01169,-0.08535,1.04523,-0.01871,-0.02260,
1770726096397347328,84.71518,27.05212,0.04658,0.99689,0.00302,0.01924,-0.07637,1.29099,-0.22870,-0.12041,
1770726096598509312,84.95286,27.01385,0.03273,0.99644,0.00603,0.02675,-0.07972,1.02588,0.01042,-0.02774,
1770726096800106240,85.17420,26.99255,0.02672,0.99671,0.00423,0.02285,-0.07762,1.14308,-0.18827,-0.03428,
1770726096999844864,85.42507,26.96341,0.02239,0.99656,0.00380,0.02302,-0.07957,1.20846,-0.36102,0.02182,
1770726097200602624,85.66641,26.93320,0.01457,0.99541,-0.00345,0.02017,-0.09350,0.93610,0.00389,0.13103,
1770726097398766336,85.90688,26.88667,0.00175,0.99513,0.00428,0.02861,-0.09422,1.27711,-0.46671,0.05983,
1770726097599262720,86.17831,26.86736,0.00370,0.99467,-0.01424,0.02336,-0.09946,1.76995,0.29820,0.03385,
1770726097798590976,86.40882,26.79441,-0.00671,0.99257,0.01367,0.00762,-0.12063,0.75354,-0.41825,0.24727,
1770726097998593280,86.66064,26.70986,-0.01800,0.98937,0.00407,0.02144,-0.14380,1.26979,-0.24937,-0.04681,
1770726098197687296,86.90604,26.65974,-0.02391,0.98953,-0.00290,0.02020,-0.14290,1.12535,-0.38882,-0.08233,
1770726098398857472,87.15589,26.60252,-0.03652,0.98869,-0.00823,0.02367,-0.14785,1.03556,-0.28356,-0.02401,
1770726098596460288,87.33411,26.56994,-0.04598,0.98592,-0.01749,0.03686,-0.16215,0.43041,-0.05067,-0.00855,
1770726098793169408,87.34118,26.56567,-0.04423,0.98563,-0.01569,0.02160,-0.16678,-0.07782,0.04688,-0.04503,
1770726098998991104,87.31420,26.57924,-0.04412,0.98805,-0.01399,0.01867,-0.15236,-0.12078,0.08790,0.00226,
1770726099198084352,87.33947,26.58695,-0.04915,0.99018,-0.01624,0.02339,-0.13688,0.06660,0.03741,-0.02685,
1770726099396590848,87.33538,26.60235,-0.04717,0.99482,-0.01653,0.01449,-0.09925,0.12288,0.15239,-0.00104,
1770726099598353408,87.39138,26.61210,-0.04862,0.99684,-0.01585,0.01468,-0.07643,0.45441,0.07318,-0.03475,
1770726099797999104,87.46892,26.61353,-0.05274,0.99855,-0.01582,0.01735,-0.04848,0.46171,0.02512,-0.04689,
1770726099997853952,87.57051,26.59849,-0.05948,0.99867,-0.01021,0.02543,-0.04357,0.57920,-0.12190,-0.05630,
1770726100199192832,87.67482,26.60051,-0.06383,0.99848,-0.01583,0.02388,-0.04709,0.48573,0.02287,-0.00481,
1770726100396830208,87.76693,26.60230,-0.06496,0.99845,-0.01954,0.02236,-0.04710,0.49867,0.02275,-0.01580,
1770726100597430016,87.86826,26.60983,-0.06432,0.99885,-0.02325,0.01792,-0.03802,0.50639,-0.04356,-0.02498,
1770726100797600512,87.97020,26.59435,-0.07503,0.99921,-0.01548,0.02626,-0.02558,0.49734,-0.00533,-0.05204,
1770726100999007744,88.05601,26.58595,-0.07772,0.99938,-0.01083,0.02627,-0.02072,0.37837,-0.02317,-0.00058,
1770726101197879040,88.11293,26.59858,-0.07204,0.99954,-0.01655,0.01556,-0.02026,0.30846,0.04468,0.01905,
1770726101398615808,88.18741,26.60581,-0.06791,0.99960,-0.01889,0.00870,-0.01898,0.55477,0.01845,-0.01255,
1770726101598949888,88.32560,26.60232,-0.07643,0.99957,-0.01623,0.01471,-0.01950,0.69979,0.05340,-0.02791,
1770726101797127424,88.48095,26.58344,-0.08367,0.99966,-0.00601,0.01728,-0.01863,0.89588,-0.18375,-0.05596,
1770726101998574592,88.63629,26.57065,-0.09063,0.99942,-0.00082,0.02668,-0.02102,0.58607,-0.01371,0.04414,
1770726102197477888,88.75891,26.58235,-0.08899,0.99959,-0.00643,0.01708,-0.02217,0.63415,0.04426,0.05612,
1770726102396515584,88.90825,26.59020,-0.08899,0.99979,-0.00697,0.00796,-0.01743,0.89024,-0.33793,0.05507,
1770726102597310464,89.11625,26.56237,-0.10634,0.99933,0.00269,0.02688,-0.02452,0.85932,0.04415,-0.02182,
1770726102796783872,89.29413,26.55583,-0.11274,0.99924,0.00430,0.02886,-0.02589,0.82073,-0.05262,-0.02600,
1770726102997383680,89.42649,26.55963,-0.10780,0.99950,0.00206,0.01700,-0.02652,0.58405,0.02917,0.02140,
1770726103196607232,89.56805,26.54686,-0.11255,0.99937,0.00832,0.02290,-0.02596,0.73981,-0.06461,-0.01562,
1770726103391744256,89.70814,26.55793,-0.10445,0.99965,0.00210,0.00678,-0.02531,0.95742,0.04791,0.02195,
1770726103595906304,89.91110,26.53165,-0.11460,0.99929,0.01442,0.02189,-0.02709,1.03796,-0.16165,-0.09228,
1770726103794891008,90.07960,26.54503,-0.11199,0.99947,0.00374,0.00818,-0.03127,1.01107,0.15051,0.06004,
1770726103994580224,90.28690,26.53320,-0.12227,0.99918,0.00697,0.01981,-0.03453,0.94468,0.03567,-0.02237,
1770726104196081664,90.47015,26.51864,-0.12659,0.99910,0.01064,0.02043,-0.03575,0.80195,0.08401,0.04725,
1770726104396589568,90.63135,26.52218,-0.13106,0.99889,0.00394,0.02183,-0.04164,0.78900,-0.12100,-0.00607,
1770726104591390720,90.79155,26.51034,-0.13447,0.99868,0.00463,0.02163,-0.04640,0.88310,-0.02858,-0.03076,
1770726104794932224,90.96072,26.49319,-0.13896,0.99856,0.00786,0.02229,-0.04823,0.91258,-0.07867,-0.04201,
1770726104994865664,91.12063,26.48610,-0.13944,0.99857,0.00621,0.01797,-0.04997,0.80158,0.04815,0.00456,
1770726105195260416,91.31576,26.47217,-0.14580,0.99841,0.00635,0.01920,-0.05264,1.19563,-0.06418,-0.08170,
1770726105395146496,91.56096,26.44191,-0.15712,0.99800,0.01040,0.02763,-0.05586,1.18394,-0.04103,-0.06832,
1770726105597496576,91.75373,26.41262,-0.15825,0.99757,0.01534,0.02295,-0.06391,0.86448,-0.25912,-0.04895,
1770726105793862656,91.91385,26.39857,-0.16227,0.99741,0.01291,0.01952,-0.06806,1.01690,-0.00467,-0.05366,
1770726105995098624,92.10201,26.37450,-0.16874,0.99716,0.01729,0.02449,-0.06915,1.04438,-0.16324,-0.06560,
1770726106195404032,92.29091,26.35810,-0.17182,0.99700,0.01419,0.01996,-0.07338,0.82532,-0.01622,0.04753,
1770726106394431488,92.45949,26.33690,-0.17135,0.99701,0.01680,0.01503,-0.07385,0.96626,-0.13858,0.00363,
1770726106592710912,92.69029,26.30198,-0.18652,0.99641,0.02047,0.02325,-0.07885,1.17159,-0.20354,-0.05155,
1770726106793463552,92.91561,26.27676,-0.19201,0.99585,0.01721,0.02587,-0.08554,0.98751,-0.14561,-0.03778,
1770726106994297600,93.09588,26.24257,-0.18581,0.99556,0.01920,0.01753,-0.09050,0.88952,-0.03854,0.00284,
1770726107193894400,93.29338,26.22009,-0.19100,0.99541,0.01667,0.01410,-0.09317,1.16745,-0.18940,-0.07674,
1770726107394960384,93.52307,26.18418,-0.18754,0.99515,0.01592,0.00883,-0.09667,1.33727,-0.25620,-0.14079,
1770726107594346240,93.80136,26.13585,-0.20262,0.99432,0.01586,0.01909,-0.10354,1.44842,-0.13924,-0.12328,
1770726107793743104,94.07781,26.07360,-0.21582,0.99327,0.02195,0.02937,-0.10986,1.16373,-0.18316,0.03047,
1770726107993776640,94.31001,26.04156,-0.21276,0.99300,0.01276,0.01948,-0.11583,1.28273,-0.21172,-0.05065,
1770726108194512128,94.54760,25.99251,-0.21634,0.99374,0.01657,0.01667,-0.10918,1.41093,-0.01913,-0.12359,
1770726108391883008,94.78723,25.94664,-0.23110,0.99455,0.02324,0.02872,-0.09748,1.23533,-0.08855,-0.14801,
1770726108590798336,94.94896,25.94237,-0.23081,0.99596,0.01515,0.02289,-0.08546,0.62092,-0.03621,0.06781,
1770726108791147776,95.10807,25.93319,-0.23409,0.99652,0.01194,0.02323,-0.07921,0.90222,-0.04708,-0.00785,
1770726108991312128,95.29420,25.90313,-0.24249,0.99685,0.01873,0.02793,-0.07178,0.69953,-0.05348,0.01327,
1770726109193733376,95.44916,25.89399,-0.24357,0.99718,0.01566,0.02493,-0.06901,0.77497,-0.14224,0.01406,
1770726109393233152,95.62100,25.87702,-0.24482,0.99727,0.01618,0.02527,-0.06746,0.92712,-0.06848,-0.04288,
1770726109593576960,95.80872,25.84832,-0.24564,0.99727,0.02024,0.02092,-0.06793,0.92035,-0.20762,0.00878,
1770726109791481088,95.98113,25.84307,-0.24072,0.99738,0.01293,0.00758,-0.07073,0.80561,0.06777,0.04761,
1770726110001674752,96.21164,25.81397,-0.25019,0.99736,0.01761,0.01864,-0.06798,0.94189,-0.08399,0.02091,
1770726110190931200,96.40932,25.79801,-0.25103,0.99753,0.01733,0.01806,-0.06564,1.06936,-0.03686,0.01607,
1770726110392691456,96.58960,25.78916,-0.24349,0.99773,0.01295,0.00941,-0.06534,0.81698,-0.09021,0.03521,
1770726110591802880,96.78205,25.76634,-0.24092,0.99765,0.01476,0.00557,-0.06669,1.23642,-0.04243,-0.08199,
1770726110791115776,96.98471,25.76251,-0.23581,0.99756,0.00603,0.00071,-0.06953,1.28803,-0.10589,-0.19693,
1770726110989543936,97.25763,25.73111,-0.27109,0.99689,0.00833,0.03313,-0.07098,1.18389,0.02364,-0.01757,
1770726111189566976,97.46854,25.72097,-0.27040,0.99633,0.00321,0.03867,-0.07635,0.87905,-0.15662,-0.02356,
1770726111391146240,97.57918,25.70815,-0.24530,0.99635,-0.00130,0.00268,-0.08537,0.42286,-0.14488,0.16159,
1770726111591010304,97.73622,25.69742,-0.23491,0.99549,-0.00959,-0.01078,-0.09380,0.95693,-0.07858,0.02416,
1770726111789821440,97.98718,25.66606,-0.25879,0.99529,-0.01092,0.01279,-0.09550,1.16344,-0.11254,-0.00732,
1770726111990883584,98.25036,25.61163,-0.28292,0.99459,-0.00134,0.04241,-0.09477,1.23912,-0.35128,-0.07211,
1770726112188829952,98.47784,25.58537,-0.28174,0.99523,-0.00468,0.03816,-0.08966,1.02929,0.06640,0.04104,
1770726112389795072,98.67537,25.54502,-0.28754,0.99649,0.00566,0.02944,-0.07820,0.89815,-0.28875,0.00440,
1770726112589585408,98.84827,25.55724,-0.27951,0.99779,-0.00718,0.01539,-0.06427,1.09042,0.14663,0.02163,
1770726112790908672,99.03475,25.52696,-0.28744,0.99844,0.00306,0.02182,-0.05135,1.03298,-0.13808,-0.08003,
1770726112990002432,99.20347,25.53353,-0.29270,0.99884,-0.00180,0.02307,-0.04222,0.77126,0.14343,0.03211,
1770726113190958848,99.39078,25.52897,-0.29156,0.99910,-0.00191,0.01736,-0.03856,1.23867,-0.04512,-0.16467,
1770726113390639616,99.57924,25.51091,-0.30205,0.99888,0.00224,0.02858,-0.03776,0.45504,0.19116,0.08753,
1770726113588919552,99.69497,25.51640,-0.29488,0.99900,-0.00271,0.01745,-0.04109,0.70419,-0.07064,0.04538,
1770726113804744960,99.90593,25.49583,-0.30760,0.99884,0.00281,0.02486,-0.04106,1.13821,-0.11231,-0.02331,
1770726113989934848,100.10747,25.47595,-0.30724,0.99834,0.00748,0.03291,-0.04659,1.00855,-0.24489,0.04750,
1770726114191238656,100.28015,25.45998,-0.31572,0.99808,0.00879,0.03373,-0.05127,0.63416,0.11171,0.02269,
1770726114389458176,100.43254,25.47434,-0.31348,0.99820,-0.00407,0.02166,-0.05575,0.97067,-0.15082,-0.11448,
1770726114590254592,100.64215,25.43358,-0.32332,0.99752,0.00345,0.02989,-0.06360,1.15731,0.00138,-0.11436,
1770726114789103872,100.84149,25.41824,-0.32327,0.99728,-0.00035,0.02140,-0.07050,1.17730,-0.03057,-0.10944,
1770726114982473984,101.03989,25.40857,-0.31859,0.99687,-0.00885,0.01434,-0.07721,1.13764,0.02451,-0.09402,
1770726115188214016,101.31721,25.35731,-0.32962,0.99668,0.00133,0.02173,-0.07847,1.42990,-0.16475,-0.00883,
1770726115390579712,101.57771,25.33289,-0.32987,0.99623,-0.00565,0.01782,-0.08468,1.18448,-0.15781,-0.02448,
1770726115584841216,101.81883,25.28938,-0.33447,0.99604,0.00019,0.01955,-0.08676,1.39815,-0.09923,-0.12502,
1770726115789082368,102.06614,25.24743,-0.33463,0.99573,0.00320,0.01986,-0.09008,1.47882,0.17244,-0.14937,
1770726115989059840,102.30472,25.21589,-0.34396,0.99511,-0.00194,0.02003,-0.09668,1.23924,-0.12449,-0.13922,
1770726116185535488,102.53501,25.17378,-0.35184,0.99494,0.00449,0.03130,-0.09532,1.08199,-0.33462,-0.06825,
1770726116388595456,102.74637,25.15865,-0.35646,0.99526,-0.00526,0.02971,-0.09242,1.12544,-0.11365,-0.06099,
1770726116589070336,102.95096,25.13129,-0.35873,0.99572,-0.00436,0.02659,-0.08843,0.84758,-0.23083,0.04473,
1770726116790084352,103.14773,25.09212,-0.35875,0.99550,0.00155,0.02704,-0.09086,0.81101,-0.21730,0.07826,
1770726116988357888,103.32577,25.09124,-0.35207,0.99594,-0.01080,0.01252,-0.08845,1.01571,-0.09413,-0.00508,
1770726117186779392,103.57291,25.04560,-0.36116,0.99657,0.00061,0.01802,-0.08079,1.17375,-0.13543,0.00095,
1770726117389917184,103.84345,25.00474,-0.37154,0.99629,0.00593,0.03035,-0.08032,1.17500,-0.25923,-0.02831,
1770726117588227072,104.05709,24.98029,-0.38008,0.99569,0.00472,0.03542,-0.08553,0.85745,-0.13002,-0.01424,
1770726117783813120,104.21952,24.97525,-0.37322,0.99621,-0.00198,0.02259,-0.08394,0.87103,-0.07585,-0.00606,
1770726117994201856,104.39931,24.94101,-0.37574,0.99615,0.00504,0.02358,-0.08423,0.66498,0.04084,0.06324,
1770726118187044096,104.54224,24.94446,-0.37422,0.99727,0.00096,0.01650,-0.07198,0.87919,-0.11384,-0.02887,
1770726118385556736,104.72080,24.93253,-0.38110,0.99817,0.00371,0.02191,-0.05624,0.87108,-0.04845,0.02764,
1770726118587580160,104.89717,24.92183,-0.38070,0.99828,0.00531,0.02425,-0.05304,0.91461,-0.05173,-0.04070,
1770726118792703744,105.07159,24.90910,-0.38292,0.99842,0.00699,0.02428,-0.05012,0.85365,0.05889,0.01162,
1770726118997302528,105.24362,24.90370,-0.37897,0.99851,0.00555,0.01884,-0.05094,0.81998,-0.17467,0.00724,
1770726119185542656,105.38201,24.86984,-0.37675,0.99855,0.01908,0.01805,-0.04700,0.74816,0.20533,-0.01310,
1770726119385776384,105.56066,24.88823,-0.38205,0.99878,0.00750,0.01841,-0.04530,1.02596,-0.21440,-0.04433,
1770726119584201728,105.74961,24.87584,-0.38259,0.99860,0.00597,0.01698,-0.04972,0.86851,0.04861,0.04898,
1770726119785236736,105.95027,24.84547,-0.38937,0.99823,0.01598,0.02822,-0.04987,0.84952,-0.01065,0.00149,
1770726119987274752,106.12126,24.85127,-0.38399,0.99852,0.00739,0.01562,-0.05149,1.06408,-0.00509,-0.06433,
1770726120190174464,106.32817,24.82108,-0.39380,0.99810,0.01614,0.02753,-0.05272,0.95254,-0.13244,-0.03689,
1770726120386013952,106.49428,24.81749,-0.39454,0.99810,0.01049,0.02058,-0.05719,0.91013,0.09503,-0.04294,
1770726120586404608,106.66985,24.80248,-0.40248,0.99776,0.01159,0.02619,-0.06050,0.85309,0.01494,-0.00912,
1770726120784674560,106.82834,24.77912,-0.40191,0.99768,0.01811,0.02545,-0.06042,0.87075,-0.13565,-0.05294,
1770726120986896640,107.00667,24.76742,-0.40422,0.99755,0.01549,0.02534,-0.06332,0.85244,-0.06250,-0.01333,
1770726121185585408,107.16589,24.75245,-0.40011,0.99769,0.01561,0.01886,-0.06345,0.73486,-0.11750,0.06999,
1770726121384632832,107.33196,24.72909,-0.40172,0.99753,0.02052,0.01849,-0.06455,0.67690,-0.19372,0.05398,
1770726121586461184,107.50572,24.71730,-0.40426,0.99739,0.01449,0.01407,-0.06935,0.93993,-0.13067,0.04116,
1770726121785432576,107.71824,24.67613,-0.41658,0.99660,0.02329,0.02887,-0.07356,0.97427,-0.20902,-0.06526,
1770726121987093248,107.84745,24.66484,-0.41413,0.99583,0.01749,0.02308,-0.08652,0.42451,-0.03912,0.02460,
1770726122186494464,107.95207,24.64625,-0.41713,0.99570,0.01958,0.02591,-0.08677,0.51661,-0.19055,-0.02572,
1770726122385263360,108.05297,24.63753,-0.41193,0.99588,0.01594,0.02014,-0.08691,0.56214,0.07886,0.06491,
1770726122588728576,108.20868,24.61233,-0.41786,0.99568,0.01862,0.02583,-0.08718,0.69824,-0.14520,-0.02047,
1770726122784941824,108.31727,24.60566,-0.41172,0.99551,0.01218,0.01950,-0.09183,0.48080,-0.04702,0.02323,
1770726122984781312,108.42473,24.58473,-0.41428,0.99556,0.01553,0.01908,-0.09090,0.42910,-0.20160,0.03970,
1770726123183375360,108.52033,24.56545,-0.41317,0.99523,0.01657,0.01795,-0.09441,0.43319,0.00404,0.01908,
1770726123383766784,108.64923,24.54394,-0.40920,0.99485,0.01465,0.01441,-0.09929,0.99046,-0.14907,-0.08275,
1770726123585488896,108.84243,24.50426,-0.42312,0.99310,0.01425,0.03043,-0.11238,0.57355,-0.13042,0.03506,
1770726123784030720,108.91962,24.49675,-0.41513,0.99219,0.00877,0.01914,-0.12296,0.34582,-0.12857,-0.00715,
1770726123983831296,109.00640,24.48363,-0.41528,0.99236,0.00773,0.01912,-0.12168,0.55058,-0.04003,-0.01365,
1770726124185480704,109.13973,24.46525,-0.42273,0.99337,0.00808,0.02642,-0.11160,0.59971,-0.05229,-0.02571,
1770726124383849472,109.24060,24.47644,-0.42236,0.99553,0.00139,0.02310,-0.09155,0.57695,0.00083,-0.03967,
1770726124583568384,109.34984,24.46584,-0.42683,0.99687,0.00427,0.02862,-0.07363,0.50483,-0.05731,0.00224,
1770726124783072512,109.46209,24.45255,-0.42607,0.99676,0.00524,0.02796,-0.07530,0.56140,-0.02878,0.02215,
1770726124982126848,109.60612,24.44451,-0.43015,0.99697,0.00244,0.02659,-0.07307,0.90308,-0.14726,-0.02936,
1770726125183481088,109.78722,24.41832,-0.43428,0.99678,0.00498,0.02786,-0.07506,0.85595,-0.12283,0.03483,
1770726125382717952,109.95580,24.40270,-0.43546,0.99674,0.00262,0.02510,-0.07665,0.87580,-0.04112,0.00652,
1770726125581862656,110.13376,24.37727,-0.43798,0.99670,0.00471,0.02152,-0.07815,0.92800,-0.16593,-0.00495,
1770726125782660608,110.32591,24.34712,-0.43922,0.99673,0.00873,0.02019,-0.07779,0.89447,-0.20503,-0.00947,
1770726125982564096,110.53020,24.33563,-0.44431,0.99640,-0.00023,0.02127,-0.08202,0.95549,-0.14063,0.04539,
1770726126196621056,110.76112,24.27426,-0.45286,0.99605,0.01609,0.02585,-0.08343,1.01969,-0.20820,0.04258,
1770726126380752384,110.94278,24.27016,-0.45090,0.99599,0.00524,0.01816,-0.08748,0.89670,-0.02364,0.04455,
1770726126588167680,111.15873,24.22387,-0.46350,0.99591,0.01675,0.02656,-0.08473,1.03403,-0.39629,-0.02767,
1770726126782321152,111.35372,24.21363,-0.46912,0.99589,0.00863,0.02589,-0.08636,0.98239,-0.04553,-0.00409,
1770726126982819328,111.55024,24.18527,-0.47447,0.99583,0.01120,0.02914,-0.08576,0.83032,-0.02427,0.04263,
1770726127182162944,111.71229,24.16479,-0.47403,0.99616,0.01167,0.02228,-0.08381,0.88633,-0.10477,0.00913,
1770726127385199616,111.91383,24.14190,-0.48156,0.99598,0.01005,0.02462,-0.08553,1.07111,-0.13699,-0.06160,
1770726127581360640,112.10330,24.12412,-0.48150,0.99580,0.00466,0.02282,-0.08856,0.93395,-0.14133,0.01019,
1770726127781271296,112.30690,24.09674,-0.48906,0.99618,0.00646,0.02569,-0.08325,0.95805,-0.12849,0.03332,
1770726127985314816,112.50850,24.07537,-0.49460,0.99661,0.00617,0.02723,-0.07735,0.90680,-0.14709,-0.01434,
1770726128181585664,112.67437,24.06341,-0.49617,0.99729,0.00487,0.02381,-0.06942,0.79069,-0.21788,-0.01946,
1770726128381836544,112.86962,24.04608,-0.50273,0.99763,0.00542,0.02612,-0.06336,0.99044,-0.07173,0.04490,
1770726128587905280,113.09230,24.02804,-0.50804,0.99797,0.00670,0.02795,-0.05691,1.03893,-0.12723,-0.03477,
1770726128781934592,113.27881,24.01182,-0.51180,0.99816,0.00782,0.02338,-0.05543,0.92720,0.00046,-0.02244,
1770726128978391296,113.48041,24.00098,-0.51987,0.99803,0.00448,0.02682,-0.05660,0.97356,-0.09833,-0.02283,
1770726129182075136,113.64877,23.98843,-0.52201,0.99817,0.00510,0.02251,-0.05596,0.85397,-0.31622,-0.06951,
1770726129380812544,113.83006,23.96446,-0.52505,0.99794,0.00807,0.02524,-0.05847,1.05846,-0.12665,-0.03792,
1770726129581943808,114.02688,23.94565,-0.52903,0.99772,0.00880,0.02682,-0.06125,1.10457,-0.00386,-0.12880,
1770726129778916608,114.21586,23.93430,-0.52684,0.99806,0.00701,0.01621,-0.05969,1.04520,0.04713,-0.09379,
1770726129981102592,114.45198,23.89799,-0.53323,0.99797,0.01752,0.02164,-0.05735,1.23164,-0.12801,-0.06295,
1770726130178973440,114.71137,23.88947,-0.54768,0.99785,0.01129,0.02855,-0.05789,1.40778,-0.16401,-0.01574,
1770726130378611456,114.97303,23.85431,-0.55696,0.99746,0.01629,0.03150,-0.06173,1.11900,-0.26500,-0.06771,
1770726130579236608,115.20770,23.84450,-0.55679,0.99750,0.00681,0.02212,-0.06671,1.33050,-0.08923,-0.00938,
1770726130779779840,115.48789,23.80794,-0.56794,0.99717,0.01098,0.02668,-0.06949,1.50485,-0.18007,-0.05530,
1770726130982424832,115.78276,23.76630,-0.57573,0.99690,0.01472,0.02857,-0.07186,1.56080,-0.19959,-0.13019,
1770726131178481664,116.03169,23.72108,-0.58050,0.99598,0.01721,0.02905,-0.08296,1.11062,-0.11257,-0.03358,
1770726131380581376,116.22696,23.70087,-0.58115,0.99551,0.01115,0.02227,-0.09134,0.90261,-0.10243,-0.05759,
1770726131579240448,116.39688,23.67809,-0.58618,0.99530,0.01037,0.02211,-0.09369,1.00537,-0.17084,-0.06669,
1770726131778428672,116.59817,23.63402,-0.59453,0.99468,0.01629,0.02850,-0.09759,0.87097,-0.20809,0.04639,
1770726131989968896,116.75551,23.61849,-0.58590,0.99445,0.00909,0.01756,-0.10335,0.47054,-0.03541,0.06663,
1770726132179148544,116.89128,23.60237,-0.59211,0.99490,0.00898,0.01846,-0.09873,0.49281,-0.23168,0.07858,
1770726132376590336,117.06709,23.57505,-0.59864,0.99517,0.01103,0.02359,-0.09462,0.76614,-0.17145,0.05068,
1770726132577784064,117.23722,23.55841,-0.60212,0.99600,0.01030,0.03043,-0.08339,0.78796,-0.04667,-0.00109,
1770726132777979392,117.38169,23.55301,-0.59753,0.99661,0.00632,0.02200,-0.07907,0.75892,-0.05720,0.01647,
1770726132978743808,117.53855,23.52256,-0.60931,0.99644,0.01397,0.02941,-0.07778,0.71540,-0.17101,-0.03821,
1770726133178021120,117.67201,23.52700,-0.60459,0.99686,0.00534,0.02009,-0.07634,0.83448,0.03958,0.00881,
1770726133377793280,117.87989,23.49510,-0.61618,0.99680,0.01112,0.02893,-0.07371,1.06048,-0.21869,0.03407,
1770726133577312512,118.08278,23.46185,-0.61599,0.99680,0.01639,0.02359,-0.07465,1.13673,0.09519,-0.16323,
1770726133775529216,118.27569,23.46693,-0.61849,0.99715,0.00504,0.01914,-0.07279,1.08281,-0.12236,-0.11735,
1770726133977655296,118.50888,23.43450,-0.63148,0.99690,0.00916,0.03123,-0.07165,1.31189,-0.25911,-0.10589,
1770726134177614592,118.73508,23.42003,-0.64334,0.99629,0.00050,0.03525,-0.07857,1.17643,-0.11061,-0.14052,
1770726134378900992,118.92830,23.39585,-0.63942,0.99620,-0.00077,0.02678,-0.08292,0.74562,-0.19544,0.17307,
1770726134589976576,119.16078,23.34637,-0.64289,0.99562,0.00419,0.02379,-0.09034,1.12273,-0.24477,0.04396,
1770726134777971200,119.36009,23.33545,-0.64314,0.99520,-0.00776,0.01620,-0.09622,1.06078,-0.00903,-0.00587,
1770726134978519552,119.58105,23.29449,-0.64974,0.99572,0.00026,0.02091,-0.09007,1.05596,-0.03394,0.03382,
1770726135176358656,119.82970,23.27632,-0.66006,0.99678,-0.00045,0.02831,-0.07496,1.24601,-0.15810,-0.05691,
1770726135376578560,120.04986,23.24482,-0.66722,0.99770,0.00860,0.03348,-0.05823,1.03180,-0.13193,-0.00234,
1770726135576614912,120.22043,23.24330,-0.65876,0.99817,0.00414,0.01741,-0.05780,0.88667,0.13147,0.02888,
1770726135778719488,120.43029,23.22563,-0.67162,0.99794,0.00435,0.02543,-0.05878,1.10372,-0.20526,-0.11126,
1770726135977611264,120.62491,23.21435,-0.67366,0.99778,0.00154,0.02359,-0.06233,1.07393,0.00222,-0.04802,
1770726136177756160,120.83503,23.18205,-0.68145,0.99748,0.00951,0.02908,-0.06404,1.12497,-0.06056,-0.05898,
1770726136377074176,121.04976,23.15816,-0.68372,0.99746,0.01129,0.02639,-0.06522,1.18410,-0.19541,-0.09900,
1770726136578718720,121.26357,23.14892,-0.68911,0.99752,0.00650,0.02117,-0.06676,1.02509,0.00091,-0.00496,
1770726136777468672,121.49605,23.12009,-0.69488,0.99739,0.00998,0.02342,-0.06763,1.26214,-0.12953,-0.05541,
1770726136978425856,121.73637,23.09831,-0.69412,0.99724,0.00705,0.01874,-0.07153,1.15157,-0.05857,0.02092,
1770726137176647680,121.97396,23.05976,-0.70288,0.99691,0.01436,0.02149,-0.07421,1.22399,-0.06467,-0.10171,
1770726137373092352,122.20813,23.04206,-0.71015,0.99648,0.00768,0.02564,-0.07948,1.26923,-0.11597,-0.09687,
1770726137574831872,122.43565,23.00579,-0.71920,0.99618,0.01111,0.02952,-0.08146,0.94545,-0.03856,-0.00004,
1770726137775973376,122.65568,22.99003,-0.71928,0.99685,0.00836,0.02336,-0.07530,1.17384,-0.19758,0.00755,
1770726137975091456,122.89261,22.95469,-0.72856,0.99685,0.01451,0.02872,-0.07251,1.17810,-0.18986,-0.03203,
1770726138173107200,123.09416,22.94530,-0.72994,0.99746,0.01044,0.02296,-0.06655,0.91798,0.02753,0.04221,
1770726138373142272,123.29021,22.92325,-0.73765,0.99772,0.01726,0.02526,-0.06008,1.08384,-0.14776,-0.12625,
1770726138575324416,123.52286,22.91190,-0.74866,0.99732,0.01266,0.03225,-0.06445,1.13990,-0.12381,-0.01818,
1770726138775455488,123.71990,22.88679,-0.75027,0.99724,0.01670,0.02683,-0.06711,1.04671,-0.11993,-0.08840,
1770726138976732672,123.93935,22.86680,-0.75929,0.99691,0.01502,0.02798,-0.07187,0.92468,-0.13252,0.02334,
1770726139194392320,124.16658,22.83408,-0.76331,0.99649,0.01838,0.02593,-0.07739,1.12760,-0.22024,-0.05068,
1770726139394827264,124.36614,22.81900,-0.76122,0.99623,0.01127,0.01689,-0.08429,1.03374,-0.01609,-0.00165,
1770726139576665088,124.57652,22.79673,-0.76819,0.99618,0.01136,0.01958,-0.08437,1.26999,-0.03880,-0.05848,
1770726139774864128,124.84216,22.75729,-0.77970,0.99591,0.01167,0.02700,-0.08548,1.32654,0.03310,0.03588,
1770726139975168000,125.10430,22.71521,-0.79001,0.99531,0.01521,0.03099,-0.09035,1.21628,-0.27169,-0.04991,
1770726140172926720,125.29787,22.69329,-0.79180,0.99422,0.00676,0.02597,-0.10400,0.99348,-0.16998,-0.02852,
1770726140390932992,125.47794,22.66249,-0.79281,0.99422,0.00705,0.02240,-0.10477,0.90218,-0.24284,-0.06261,
1770726140574902528,125.64738,22.63071,-0.79433,0.99454,0.00985,0.02084,-0.10180,0.97357,-0.02244,0.02889,
1770726140775403008,125.87400,22.60591,-0.79745,0.99525,0.00835,0.02210,-0.09446,1.22934,-0.20541,-0.12225,
1770726140973828608,126.12775,22.56650,-0.81891,0.99542,0.01093,0.03539,-0.08813,1.14619,0.03965,-0.04530,
1770726141174145536,126.31418,22.54199,-0.82036,0.99661,0.01504,0.02975,-0.07517,1.02948,-0.10170,-0.05597,
1770726141374183424,126.50697,22.54295,-0.81640,0.99744,0.00578,0.01927,-0.06862,1.14230,0.09374,-0.03989,
1770726141572669952,126.74903,22.52669,-0.82619,0.99775,0.00516,0.02316,-0.06263,1.13607,-0.14096,0.03451,
1770726141773036544,126.98700,22.50461,-0.83262,0.99762,0.00606,0.02568,-0.06366,1.23848,-0.23711,-0.07211,
1770726141977396224,127.20079,22.48884,-0.83652,0.99751,0.00338,0.02167,-0.06696,1.04372,-0.11024,-0.02556,
1770726142174146560,127.41782,22.46006,-0.84533,0.99723,0.00844,0.03260,-0.06632,0.99928,-0.01174,0.01641,
1770726142372316160,127.64501,22.45803,-0.84364,0.99784,0.00173,0.01930,-0.06282,1.33915,-0.17713,-0.07418,
1770726142573244928,127.91905,22.41477,-0.85073,0.99753,0.00969,0.02370,-0.06546,1.41019,-0.18743,-0.04752,
1770726142775311104,128.18510,22.39170,-0.85616,0.99711,0.00744,0.02541,-0.07117,1.28122,-0.04935,-0.03393,
1770726142968233216,128.42688,22.35674,-0.86091,0.99703,0.01346,0.02392,-0.07202,1.34549,-0.25084,-0.06335,
1770726143171964416,128.67532,22.34602,-0.86557,0.99688,0.00329,0.02178,-0.07584,1.28203,-0.08524,-0.04974,
1770726143369807616,128.90224,22.30888,-0.87031,0.99632,0.00687,0.02519,-0.08158,1.07160,-0.05570,-0.07325,
1770726143573843200,129.10722,22.28890,-0.87031,0.99636,0.00288,0.01889,-0.08306,1.12835,-0.01341,-0.04345,
1770726143770975232,129.35959,22.25065,-0.88146,0.99603,0.00620,0.02559,-0.08507,1.28225,-0.17913,0.06057,
1770726143970444800,129.63963,22.21795,-0.89085,0.99571,0.00107,0.03051,-0.08733,1.31463,-0.28467,-0.11842,
1770726144171461120,129.87049,22.16958,-0.89161,0.99509,0.00499,0.02393,-0.09594,1.00596,-0.21279,0.03786,
1770726144371852800,130.07960,22.13006,-0.90141,0.99450,0.00506,0.02555,-0.10142,0.82554,-0.10715,0.04806,
1770726144571016704,130.28123,22.09974,-0.90572,0.99465,0.00485,0.02624,-0.09980,1.02716,-0.18801,-0.02724,
1770726144779862528,130.51775,22.07095,-0.91347,0.99508,0.00080,0.02659,-0.09547,1.29294,-0.13324,-0.10658,
1770726144972010240,130.74271,22.03819,-0.92345,0.99548,0.00301,0.03078,-0.08976,1.19436,-0.13116,-0.06563,
1770726145170755072,130.95276,22.01534,-0.92672,0.99556,-0.00044,0.02630,-0.09037,0.97016,-0.08987,-0.01557,
1770726145370086400,131.18190,21.98672,-0.93187,0.99556,-0.00233,0.02541,-0.09056,1.15709,-0.15095,-0.01610,
1770726145571428608,131.42524,21.95613,-0.93727,0.99556,-0.00370,0.02448,-0.09078,1.24485,-0.10814,-0.08810,
1770726145771360512,131.66350,21.94751,-0.94755,0.99675,-0.00982,0.02986,-0.07412,1.16960,-0.12320,-0.04299,
1770726145970451712,131.86659,21.93590,-0.94692,0.99832,-0.00594,0.02642,-0.05122,1.05427,-0.01341,-0.06797,
1770726146171095040,132.08676,21.92812,-0.94440,0.99859,-0.00859,0.01789,-0.04931,1.25891,-0.05465,-0.04972,
1770726146370938624,132.33881,21.89333,-0.95244,0.99857,0.00085,0.02151,-0.04900,1.21221,-0.12609,-0.03458,
1770726146568645888,132.58609,21.88306,-0.94658,0.99876,-0.00146,0.01146,-0.04845,1.27469,-0.11267,-0.07037,
1770726146770903808,132.87337,21.82532,-0.96566,0.99801,0.01491,0.03088,-0.05285,1.23058,-0.20735,0.01767,
1770726146970876672,133.10548,21.82721,-0.96409,0.99830,0.00632,0.01669,-0.05546,1.31954,-0.24384,-0.15338,
1770726147170301696,133.36742,21.80016,-0.97044,0.99811,0.00806,0.01940,-0.05771,1.55609,-0.01388,-0.06701,
1770726147367852544,133.63642,21.75370,-0.97812,0.99763,0.02067,0.02486,-0.06073,1.37439,-0.17539,-0.11255,
1770726147568356352,133.87606,21.73799,-0.98235,0.99764,0.01492,0.01734,-0.06472,1.24407,0.02239,-0.02495,
1770726147770063872,134.12519,21.71150,-0.98793,0.99772,0.01936,0.02030,-0.06146,1.44069,-0.27991,-0.21745,
1770726147969542656,134.40080,21.68963,-0.99632,0.99748,0.01689,0.02240,-0.06513,1.53788,0.17680,-0.08512,
1770726148168870656,134.66027,21.66305,-1.00655,0.99676,0.01295,0.02487,-0.07544,1.51440,-0.05488,-0.16245,
1770726148368925696,134.91708,21.63440,-1.01134,0.99633,0.01057,0.02526,-0.08106,1.64808,-0.36752,-0.17786,
1770726148568466944,135.17593,21.59557,-1.02201,0.99567,0.01261,0.02823,-0.08769,1.24906,0.07496,-0.06463,
1770726148770654464,135.42713,21.55543,-1.02815,0.99525,0.01546,0.02936,-0.09152,1.14691,-0.23805,0.05322,
1770726148968976896,135.67690,21.51339,-1.03163,0.99505,0.01662,0.02547,-0.09465,1.34676,-0.25848,-0.04982,
1770726149169573120,135.94023,21.47643,-1.03763,0.99485,0.01376,0.02648,-0.09686,1.32132,-0.28945,0.05008,
1770726149365797632,136.18519,21.44022,-1.04783,0.99471,0.01329,0.02739,-0.09816,1.06092,-0.22234,0.01353,
1770726149568557824,136.40816,21.40208,-1.05140,0.99447,0.01292,0.02580,-0.10096,1.01802,-0.22944,0.00600,
1770726149766534400,136.62629,21.35958,-1.05887,0.99415,0.01628,0.02898,-0.10279,0.95752,-0.13753,0.05666,
1770726149962802688,136.84720,21.33658,-1.06725,0.99400,0.00831,0.02896,-0.10511,1.29788,-0.40184,-0.06413,
1770726150169501696,137.09017,21.28910,-1.07585,0.99403,0.01058,0.02653,-0.10534,1.73381,-0.26501,-0.27345,
1770726150367785472,137.34461,21.25855,-1.08660,0.99328,0.00308,0.03241,-0.11108,1.26195,-0.22352,-0.04619,
1770726150567573760,137.53481,21.21441,-1.09405,0.99335,0.00947,0.03387,-0.10959,0.75131,-0.09229,-0.01031,
1770726150768047104,137.66367,21.21256,-1.09143,0.99533,0.00417,0.02668,-0.09269,0.66541,0.10691,-0.02005,
1770726150967719168,137.80218,21.22170,-1.09675,0.99759,0.00025,0.02862,-0.06327,0.86709,0.07550,-0.08580,
1770726151170469376,137.99525,21.22122,-1.10910,0.99858,0.00259,0.03787,-0.03725,0.90757,0.01299,-0.01888,
1770726151372931840,138.17663,21.21859,-1.11180,0.99903,0.00457,0.03302,-0.02861,0.96013,-0.11600,0.02646,
1770726151566981632,138.35999,21.21134,-1.11526,0.99897,0.00521,0.03217,-0.03142,0.86733,0.00965,0.00345,
1770726151768068608,138.52557,21.20505,-1.11967,0.99897,0.00589,0.03116,-0.03242,0.69465,-0.00976,-0.01154,
1770726151966916352,138.66531,21.20743,-1.11709,0.99917,0.00131,0.02191,-0.03429,0.75272,-0.01174,0.03755,
1770726152165587456,138.84391,21.19360,-1.11420,0.99936,0.00709,0.01564,-0.03122,1.02516,-0.04631,0.01567,
1770726152364056320,139.08523,21.18746,-1.12241,0.99926,0.00631,0.01907,-0.03271,1.20206,-0.20999,0.01980,
1770726152566055936,139.34535,21.15602,-1.14143,0.99866,0.01499,0.03078,-0.03875,0.99374,-0.24077,0.11179,
1770726152766426368,139.55244,21.15263,-1.13411,0.99826,0.00439,0.02312,-0.05402,0.97723,-0.02884,-0.01864,
1770726152967461888,139.76498,21.12651,-1.13795,0.99841,0.01105,0.01690,-0.05272,1.11607,-0.14851,-0.00390,
1770726153167608576,139.98045,21.11605,-1.13672,0.99823,0.00654,0.01555,-0.05696,1.04003,-0.08091,-0.03714,
1770726153367380224,140.20441,21.08983,-1.14136,0.99802,0.00985,0.01621,-0.05993,1.23395,-0.10647,-0.01805,
1770726153566736896,140.44653,21.08257,-1.14181,0.99776,0.00246,0.01478,-0.06525,1.16362,0.05869,-0.09406,
1770726153767489536,140.70047,21.04941,-1.15039,0.99764,0.00809,0.01979,-0.06532,1.22519,-0.18580,0.05229,
1770726153966166272,140.95688,21.02175,-1.15645,0.99734,0.00888,0.02443,-0.06813,1.15827,-0.38515,-0.08907,
1770726154163930368,141.16911,21.00459,-1.15248,0.99730,0.00509,0.01368,-0.07194,1.14129,0.02447,0.08932,
1770726154364400384,141.40939,20.97818,-1.15442,0.99714,0.00723,0.01564,-0.07356,1.28970,-0.31055,-0.00764,
1770726154567981312,141.66641,20.94243,-1.16012,0.99681,0.00777,0.02041,-0.07677,1.35411,0.15307,-0.03567,
1770726154763672576,141.84525,20.89605,-1.15013,0.99650,0.01658,0.01367,-0.08074,1.23861,-0.12769,-0.25642,
1770726154963490560,142.09874,20.89097,-1.17914,0.99561,0.00253,0.03923,-0.08493,1.36922,0.01798,-0.12578,
1770726155163803904,142.24059,20.85616,-1.14944,0.99731,0.01693,0.01771,-0.06906,0.81197,-0.32256,-0.06397,
1770726155362933760,142.42057,20.85948,-1.16037,0.99751,0.00215,0.01645,-0.06859,0.68675,0.14665,0.14325,
1770726155563377920,142.61365,20.87189,-1.16250,0.99712,-0.01357,0.01169,-0.07366,0.89203,-0.17897,-0.01750,
1770726155762001152,142.78274,20.82571,-1.17329,0.99536,-0.00449,0.03242,-0.09046,0.40862,-0.08775,0.02276,
1770726155963768832,142.84531,20.80390,-1.16974,0.99231,-0.00433,0.02107,-0.12188,0.33325,-0.19228,-0.00358,
1770726156167897344,142.91294,20.77993,-1.16907,0.98849,-0.00656,0.01943,-0.14986,0.27230,-0.09999,0.02079,
1770726156364639232,142.98121,20.74628,-1.16648,0.98476,-0.00904,0.01744,-0.17278,0.36224,-0.22481,0.00479,
1770726156565825536,143.07597,20.68716,-1.16448,0.97964,-0.00405,0.02156,-0.19958,0.32127,-0.29471,0.10309,
1770726156762435584,143.11208,20.64500,-1.14430,0.97487,-0.00171,0.00815,-0.22260,0.14915,-0.09821,0.09931,
1770726156970141184,143.16044,20.63813,-1.11714,0.96841,-0.02565,-0.01850,-0.24734,0.35528,-0.15002,0.11087,
1770726157161466624,143.24466,20.55811,-1.12428,0.96115,-0.01480,-0.00804,-0.27552,0.41787,-0.49708,-0.02845,
1770726157360816896,143.31541,20.50826,-1.12232,0.95300,-0.01726,-0.00986,-0.30231,0.18288,-0.01908,0.05238,
1770726157565701632,143.34858,20.48643,-1.11008,0.94399,-0.02652,-0.02108,-0.32822,0.25472,-0.51583,-0.05586,
1770726157761178112,143.41051,20.38776,-1.11468,0.93576,-0.00822,-0.01047,-0.35238,0.35458,-0.45520,-0.00927,
1770726157962498048,143.47921,20.29676,-1.11873,0.92502,0.00111,-0.00275,-0.37990,0.38812,-0.41350,-0.05123,
1770726158162854656,143.56850,20.23127,-1.12738,0.91121,-0.00790,0.01180,-0.41169,0.39329,-0.37773,0.02494,
1770726158362795008,143.64235,20.11409,-1.11921,0.89623,-0.00391,0.01195,-0.44342,0.30447,-0.71516,0.03773,
1770726158563766272,143.67400,20.01635,-1.11908,0.88962,0.01542,0.01560,-0.45617,0.12460,-0.12476,0.02746,
1770726158762885376,143.71576,19.99889,-1.10751,0.88254,-0.00495,0.01062,-0.47009,0.28169,-0.07605,0.07510,
1770726158961083136,143.76580,19.94686,-1.10830,0.88199,-0.00590,0.01764,-0.47090,0.00372,-0.41242,-0.06866,
1770726159163469056,143.73918,19.88471,-1.12313,0.87950,0.02850,0.02837,-0.47421,-0.00802,0.26344,0.04740,
1770726159356987136,143.74684,19.93209,-1.10945,0.87771,0.00432,0.01864,-0.47881,-0.02768,0.19048,0.04827,
1770726159559156992,143.74338,19.94463,-1.10404,0.87558,-0.00194,0.01574,-0.48281,-0.01594,0.01189,0.00928,
1770726159764473088,143.74062,19.92841,-1.10482,0.87462,0.00425,0.01683,-0.48450,0.02123,-0.09909,0.00530,
1770726159959328512,143.76012,19.90684,-1.09739,0.87381,-0.00066,0.01406,-0.48607,0.14108,-0.10550,0.07416,
1770726160160690432,143.82277,19.87944,-1.08528,0.86384,-0.03511,0.00694,-0.50250,0.39178,-0.58817,0.05296,
1770726160361000704,143.87382,19.70613,-1.10242,0.85918,-0.00597,0.01517,-0.51141,0.31409,-1.24017,-0.17194,
1770726160562018048,143.95427,19.51561,-1.11197,0.84760,0.00108,0.02063,-0.53023,0.38148,-0.65659,0.03429,
1770726160758654464,144.01772,19.38203,-1.11128,0.83650,-0.00305,0.01792,-0.54767,0.16622,-0.32571,0.12250,
1770726160961675776,144.06417,19.23884,-1.10598,0.82025,-0.00600,0.01140,-0.57186,0.27239,-0.68748,0.05049,
1770726161160320000,144.13929,19.06896,-1.10411,0.80571,-0.01655,0.01385,-0.59192,0.43467,-1.13083,-0.03493,
1770726161361125120,144.22651,18.81479,-1.11027,0.78650,-0.01823,0.02644,-0.61676,0.55160,-1.19612,-0.06979,
1770726161552532224,144.29354,18.54924,-1.11429,0.77049,-0.01591,0.02895,-0.63660,0.36832,-1.37607,0.06604,
1770726161759377920,144.33968,18.29340,-1.11797,0.74859,-0.01377,0.03410,-0.66201,0.06349,-1.01507,-0.00809,
1770726161959063296,144.34348,18.18710,-1.11344,0.70088,-0.01349,0.03118,-0.71247,-0.13300,-0.15771,0.01809,
1770726162159466496,144.34562,18.23363,-1.10769,0.67139,-0.02500,0.02444,-0.74028,0.21086,0.33732,0.03614,
1770726162359752448,144.35952,18.26333,-1.10723,0.66922,-0.02781,0.02682,-0.74206,-0.07574,0.00491,0.00573,
1770726162559239424,144.34346,18.24753,-1.10605,0.65270,-0.02184,0.02590,-0.75686,-0.05916,0.00398,0.00549,
1770726162764856576,144.33989,18.25871,-1.10219,0.63260,-0.02409,0.02302,-0.77376,0.01493,0.06212,0.02620,
1770726162957884416,144.33503,18.25470,-1.09932,0.61601,-0.02436,0.02129,-0.78707,-0.05697,-0.02538,0.00459,
1770726163158334976,144.32680,18.24291,-1.09362,0.59803,-0.02767,0.01908,-0.80077,-0.00399,-0.03478,0.04525,
1770726163361781760,144.29405,18.21330,-1.09000,0.57358,-0.02602,0.01802,-0.81854,-0.23011,-0.12670,0.01029,
1770726163560257280,144.26674,18.18348,-1.08073,0.55760,-0.02856,0.01603,-0.82947,-0.03345,-0.09881,0.06869,
1770726163758256896,144.25532,18.15100,-1.06459,0.53526,-0.04588,0.01569,-0.84330,-0.14815,-0.24553,0.07798,
1770726163972723968,144.18948,18.07175,-1.04845,0.50991,-0.04882,0.00706,-0.85881,-0.35190,-0.46832,0.05265,
1770726164158844672,144.09919,17.96196,-1.04922,-0.47789,0.03821,-0.00823,0.87755,-0.60230,-0.55091,0.01164,
1770726164358619648,143.97987,17.86391,-1.04944,-0.44335,0.01652,0.00103,0.89620,-0.62409,-0.43406,-0.01271,
1770726164559162112,143.89239,17.82918,-1.04630,-0.40453,-0.00303,0.01533,0.91439,-0.05815,0.01350,0.02502,
1770726164757262336,143.92274,17.83455,-1.03278,-0.37048,0.02178,0.01208,0.92850,0.24601,-0.04907,0.10847,
1770726164959908352,143.90888,17.81520,-1.02301,-0.34820,0.03190,0.00702,0.93685,-0.55416,-0.03980,-0.06715,
1770726165157553664,143.80629,17.80052,-1.02912,-0.31698,0.00697,0.01666,0.94826,-0.26113,-0.14403,0.01686,
1770726165357101568,143.77468,17.75418,-1.01071,-0.29270,0.02848,0.00764,0.95575,-0.27288,-0.23768,0.08456,
1770726165557344256,143.63544,17.71548,-1.02017,-0.25784,0.00636,0.01199,0.96609,-0.81704,-0.19824,-0.04352,
1770726165758554624,143.55176,17.69199,-1.00664,-0.22319,0.00907,0.01594,0.97460,-0.14119,-0.10999,0.09045,
1770726165957693184,143.48446,17.67859,-0.99051,-0.18599,0.01925,0.01796,0.98220,-0.52844,-0.04309,0.05174,
1770726166157321728,143.38555,17.65600,-0.98467,-0.14751,0.01766,0.01901,0.98872,-0.28780,-0.05468,0.09322,
1770726166356407552,143.31594,17.65393,-0.97674,-0.10451,0.02445,0.01680,0.99408,-0.53046,0.01257,-0.05292,
1770726166557741824,143.21695,17.64137,-0.98153,-0.06145,0.01323,0.01129,0.99796,-0.30761,-0.05873,0.01670,
1770726166757159680,143.16796,17.65226,-0.97315,-0.02214,0.01456,0.01669,0.99951,-0.19159,0.08151,0.06592,
1770726166958497280,143.10889,17.65843,-0.96285,0.00002,0.01674,0.01628,0.99973,-0.43250,0.06800,0.01246,
1770726167158989056,143.02252,17.66820,-0.96071,0.02258,0.00991,0.01754,0.99954,-0.24954,0.01483,0.07661,
1770726167359564800,142.98160,17.66926,-0.95270,0.02070,0.01459,0.02059,0.99947,-0.05452,0.01584,0.03322,
1770726167557485824,142.99621,17.66390,-0.95055,0.02050,0.01647,0.01985,0.99946,0.19044,-0.04542,0.01895,
1770726167767431168,143.00251,17.66181,-0.94844,0.02084,0.01634,0.01965,0.99946,-0.07374,-0.03950,0.00642,
1770726167960996096,143.00326,17.65984,-0.94591,0.02078,0.01606,0.01970,0.99946,0.07338,-0.02418,0.01758,
1770726168157736960,143.00658,17.65813,-0.94333,0.02083,0.01569,0.01972,0.99947,-0.00045,-0.00880,0.01037,
1770726168357690624,143.01047,17.65638,-0.94030,0.02105,0.01580,0.01981,0.99946,0.01463,-0.00731,0.01329,
1770726168556951808,143.01274,17.65536,-0.93766,0.02085,0.01561,0.01986,0.99946,0.02321,-0.01547,0.01417,
1770726168757006848,143.01577,17.65346,-0.93484,0.02084,0.01547,0.01986,0.99947,0.01456,-0.01094,0.01314,
1770726168955577600,143.02021,17.65093,-0.93181,0.02083,0.01543,0.01988,0.99947,0.01637,-0.00877,0.01470,
1770726169156338432,143.02377,17.64885,-0.92890,0.02084,0.01543,0.01990,0.99947,0.02102,-0.00750,0.01617,
1770726169358658304,143.02791,17.64637,-0.92572,0.02089,0.01543,0.01996,0.99946,0.01665,-0.00671,0.01513,
1770726169556832768,143.03089,17.64590,-0.92303,0.02095,0.01535,0.01995,0.99946,0.01804,-0.00584,0.01630,
1770726169757787392,143.03400,17.64553,-0.92037,0.02095,0.01526,0.01999,0.99946,0.01618,-0.00476,0.01517,
1770726169956427264,143.03823,17.64379,-0.91734,0.02095,0.01526,0.01999,0.99946,0.01137,-0.00109,0.01721,
1770726170156770560,143.02820,17.64748,-0.91199,0.02257,0.01642,0.02227,0.99936,-0.14192,0.04712,0.02878,
1770726170356853504,142.98859,17.65586,-0.89858,0.02353,0.02103,0.02682,0.99914,-0.40006,0.02696,0.08293,
1770726170557075200,142.85488,17.64768,-0.89314,0.02937,0.01362,0.02058,0.99926,-0.68236,0.08187,0.09272,
1770726170756370432,142.72460,17.68035,-0.90384,0.02974,0.00016,0.03180,0.99905,-0.48211,0.01702,-0.01817,
1770726170954556160,142.63921,17.67173,-0.90911,0.03932,-0.00768,0.02027,0.99899,-0.41388,-0.10939,-0.02298,
1770726171156019968,142.54302,17.62972,-0.89665,0.03767,0.00184,-0.00098,0.99929,-0.81932,-0.02487,0.07888,
1770726171355497472,142.32502,17.67240,-0.90370,0.03257,-0.01239,0.01937,0.99920,-1.37163,0.26471,-0.02515,
1770726171556057344,142.05269,17.70967,-0.91244,0.03779,-0.01640,0.02060,0.99894,-1.55839,-0.31389,-0.10207,
1770726171756852992,141.84277,17.73245,-0.89217,0.04818,-0.00066,0.02452,0.99854,-0.98627,0.10427,0.05913,
1770726171955336448,141.68614,17.78009,-0.88312,0.04550,0.00152,0.03864,0.99822,-0.73989,0.05260,0.03216,
1770726172156438016,141.55132,17.74121,-0.85644,0.04900,0.02797,0.00988,0.99836,-1.09406,0.01346,0.15971,
1770726172355459584,141.28417,17.79879,-0.86254,0.04000,0.00356,0.03824,0.99846,-1.36739,0.39728,-0.00521,
1770726172555168768,141.01584,17.79558,-0.84700,0.04768,0.00711,0.02176,0.99860,-1.15488,0.05270,0.07543,
1770726172755640064,140.77287,17.81844,-0.84970,0.05100,-0.00998,0.02118,0.99842,-0.86817,0.23009,0.07158,
1770726172956409344,140.72151,17.84321,-0.83915,0.06055,0.00033,0.03052,0.99770,0.09414,-0.05853,-0.01520,
1770726173151413504,140.77189,17.83043,-0.83439,0.06159,0.00618,0.02676,0.99772,0.25345,-0.05011,0.04514,
1770726173364533760,140.78074,17.82520,-0.83103,0.06796,0.00618,0.02572,0.99734,-0.07370,0.02946,0.01523,
1770726173553758976,140.78658,17.83154,-0.82688,0.07989,0.00657,0.02546,0.99646,0.09680,0.01801,0.04129,
1770726173754000896,140.77304,17.84359,-0.82027,0.09338,0.01077,0.02534,0.99525,-0.18440,0.11140,0.05222,
1770726173952514560,140.71923,17.84543,-0.80747,0.09865,0.01816,0.01962,0.99476,-0.36159,0.04037,0.06219,
1770726174164972544,140.60569,17.87811,-0.79972,0.11101,0.01283,0.02224,0.99349,-0.66768,0.13732,0.04145,
1770726174353897984,140.46006,17.88984,-0.78775,0.11164,0.01614,0.01475,0.99351,-0.80543,0.12950,0.08271,
1770726174553592320,140.27788,17.92660,-0.78581,0.11374,0.01208,0.01654,0.99330,-0.89996,0.39366,-0.05552,
1770726174752314368,140.05818,17.99202,-0.80040,0.11265,-0.01151,0.02800,0.99317,-0.93344,-0.03519,0.08111,
1770726174955219712,139.86119,18.02191,-0.79559,0.10250,-0.00642,0.02913,0.99429,-1.03376,0.28585,-0.06112,
1770726175152790528,139.64035,18.06392,-0.79773,0.09325,-0.01217,0.03507,0.99495,-1.01505,0.16453,0.13644,
1770726175348447488,139.42278,18.06736,-0.78139,0.07746,-0.00109,0.02613,0.99665,-1.18941,0.24737,0.07567,
1770726175553576448,139.15151,18.09706,-0.78464,0.06533,-0.00380,0.02917,0.99743,-1.33532,0.00821,0.11248,
1770726175753238016,138.92157,18.12521,-0.77705,0.06447,0.00424,0.03337,0.99735,-1.24724,0.27345,0.05603,
1770726175954958592,138.67019,18.13928,-0.77164,0.07451,0.00020,0.02212,0.99697,-1.30597,0.06139,-0.02909,
1770726176152609536,138.45196,18.17805,-0.76846,0.07963,-0.00238,0.02576,0.99649,-1.16608,0.14333,0.04446,
1770726176353013248,138.23635,18.20266,-0.75545,0.08621,0.00477,0.02295,0.99600,-1.29766,0.28999,0.06960,
1770726176553966336,137.93807,18.25702,-0.75808,0.09215,-0.00322,0.02752,0.99536,-1.34372,0.27361,0.12543,
1770726176754414848,137.65990,18.31123,-0.74653,0.09661,0.00269,0.03144,0.99482,-1.36144,0.32071,-0.04219,
1770726176952728832,137.39475,18.33805,-0.73530,0.10033,0.00590,0.02253,0.99468,-1.25286,0.17779,0.03121,
1770726177152483072,137.10954,18.40196,-0.73514,0.09046,-0.00520,0.03582,0.99524,-1.00739,0.28402,0.22486,
1770726177354789888,136.89407,18.41357,-0.72569,0.09568,0.00177,0.01973,0.99522,-1.14616,0.09262,-0.02380,
1770726177553440000,136.72127,18.44844,-0.70672,0.09609,0.01872,0.02154,0.99496,-1.18427,0.06667,0.03344,
1770726177751591680,136.50367,18.50302,-0.70889,0.09777,0.00111,0.03160,0.99471,-0.92904,0.21985,0.12657,
1770726177952647680,136.34355,18.50501,-0.69012,0.10101,0.01912,0.01547,0.99458,-0.93554,-0.11952,0.13383,
1770726178152083200,136.10321,18.55511,-0.69738,0.08933,0.00236,0.02919,0.99557,-1.39049,0.30251,0.03829,
1770726178351327488,135.86546,18.57958,-0.68726,0.09065,0.00065,0.02332,0.99561,-0.99249,0.20590,0.00342,
1770726178551266048,135.68068,18.60677,-0.68591,0.08959,0.00132,0.02290,0.99571,-1.06168,-0.07100,-0.02946,
1770726178756395520,135.47616,18.63124,-0.68183,0.08921,-0.00391,0.02314,0.99574,-1.00722,0.13578,0.04515,
1770726178950428160,135.30538,18.64982,-0.66217,0.08538,0.01091,0.02109,0.99607,-0.86221,0.16784,0.10296,
1770726179151333376,135.11938,18.67225,-0.64831,0.08952,0.01839,0.01699,0.99567,-1.05594,0.09648,0.05131,
1770726179350613760,134.86106,18.71296,-0.64932,0.09137,0.00620,0.01811,0.99563,-1.29037,0.05881,0.13508,
1770726179551307008,134.63856,18.74893,-0.63661,0.08987,0.00681,0.02101,0.99571,-1.20214,0.20972,-0.01277,
1770726179749981696,134.42018,18.77981,-0.63094,0.09112,0.00862,0.01588,0.99568,-1.17687,-0.07776,0.13071,
1770726179950763264,134.13509,18.81120,-0.63095,0.07604,-0.00817,0.01834,0.99690,-1.27409,0.29150,0.09585,
1770726180150105088,133.91295,18.83337,-0.60906,0.07277,0.00868,0.01532,0.99719,-1.24216,0.15763,0.03920,
1770726180349427200,133.67885,18.85436,-0.60408,0.06527,0.00739,0.01457,0.99773,-1.39205,0.05435,0.15479,
1770726180549374208,133.44047,18.88387,-0.59040,0.06350,0.01075,0.02188,0.99768,-1.27994,0.37741,-0.05228,
1770726180751590656,133.18759,18.92885,-0.59378,0.07077,-0.00224,0.02843,0.99709,-1.12045,0.04988,0.13059,
1770726180950262272,132.94911,18.93865,-0.57369,0.07105,0.00745,0.01996,0.99725,-1.39345,0.32680,-0.02447,
1770726181150133248,132.68631,18.97414,-0.57100,0.07864,0.00960,0.01888,0.99668,-1.51535,0.06518,-0.03138,
1770726181349726720,132.41878,19.03327,-0.57088,0.08100,-0.00965,0.03260,0.99613,-1.23781,0.26345,-0.02962,
1770726181548854016,132.19475,19.03671,-0.55116,0.08597,0.00678,0.01376,0.99618,-1.10850,0.07996,-0.06002,
1770726181750025472,131.96534,19.09449,-0.55113,0.08523,0.00322,0.02870,0.99594,-1.26114,0.25903,0.04869,
1770726181949702144,131.73764,19.12053,-0.54158,0.08608,0.00482,0.02596,0.99594,-1.10047,0.12230,0.05636,
1770726182149529344,131.50856,19.14047,-0.52869,0.07876,0.01501,0.02305,0.99651,-1.27160,0.24677,0.07438,
1770726182349239040,131.24140,19.17436,-0.52434,0.07545,0.00500,0.02654,0.99678,-1.19253,0.26917,0.03419,
1770726182554534144,131.00712,19.19997,-0.51411,0.07437,0.00567,0.02549,0.99689,-1.11114,0.00186,0.04612,
1770726182749234176,130.77241,19.22713,-0.50632,0.07087,0.00784,0.02779,0.99707,-1.05512,0.29433,0.16533,
1770726182948127488,130.54450,19.26669,-0.49663,0.07924,0.00558,0.03143,0.99634,-0.97266,0.24192,0.05387,
1770726183148346112,130.35684,19.27900,-0.48854,0.08270,0.01248,0.02353,0.99622,-1.00517,-0.03497,0.04377,
1770726183348432896,130.11181,19.31768,-0.48681,0.08282,-0.00139,0.02864,0.99615,-1.10722,0.36299,0.11700,
1770726183547024128,129.89448,19.37026,-0.47411,0.08692,0.00133,0.04083,0.99538,-0.87613,0.36529,0.05751,
1770726183748480768,129.69323,19.37532,-0.46701,0.09193,0.01286,0.02382,0.99540,-1.15148,0.00537,0.10932,
1770726183946979584,129.46638,19.42019,-0.46407,0.08338,0.00211,0.03869,0.99576,-1.12172,0.30034,0.02295,
1770726184147550208,129.25848,19.44660,-0.45860,0.08114,-0.00102,0.03919,0.99593,-0.88157,0.10563,0.07178,
1770726184347187200,129.07306,19.44639,-0.44902,0.07688,0.00770,0.02914,0.99658,-1.26562,0.02794,-0.06798,
1770726184548184832,128.85478,19.48480,-0.44422,0.07410,0.00340,0.03813,0.99652,-1.20099,0.29364,0.00097,
1770726184741318656,128.65474,19.50435,-0.42588,0.07599,0.01220,0.03514,0.99641,-1.02442,-0.06972,0.14792,
1770726184947310336,128.41154,19.52308,-0.41745,0.07400,0.01745,0.03242,0.99658,-1.40304,0.26243,-0.24367,
1770726185146192896,128.15419,19.56445,-0.41504,0.08145,0.00638,0.03486,0.99605,-1.18504,0.15516,0.10842,
1770726185346683648,127.98016,19.59701,-0.40512,0.08694,0.00595,0.03889,0.99544,-0.86813,0.08637,0.04858,
1770726185546636800,127.78821,19.60731,-0.39364,0.09113,0.01225,0.02837,0.99536,-1.33870,0.15569,-0.15038,
1770726185748090624,127.53835,19.64586,-0.39626,0.08940,-0.00053,0.03266,0.99546,-1.23026,0.23236,-0.00871,
1770726185947515648,127.34460,19.67657,-0.38692,0.09144,0.00193,0.03127,0.99532,-1.02052,0.01431,0.01712,
1770726186150075904,127.15039,19.68377,-0.37229,0.09014,0.01288,0.02195,0.99560,-1.14307,0.15915,-0.04421,
1770726186347542272,126.92366,19.72309,-0.36818,0.08882,0.00956,0.02786,0.99561,-0.85393,-0.00317,0.17724,
1770726186546496768,126.70847,19.75115,-0.35996,0.08528,0.00672,0.02702,0.99597,-1.31320,-0.06676,-0.05230,
1770726186746729984,126.46052,19.77018,-0.35409,0.08373,0.00178,0.02271,0.99623,-1.40246,0.12121,-0.02868,
1770726186946854144,126.23263,19.80049,-0.34238,0.07858,0.00265,0.02401,0.99661,-0.92739,0.21701,0.06472,
1770726187146397184,126.00117,19.82282,-0.33281,0.07555,0.00472,0.02351,0.99685,-1.04364,0.18578,0.24234,
1770726187347343872,125.74545,19.84961,-0.32130,0.07456,0.00349,0.02420,0.99692,-1.09401,0.26187,0.10256,
1770726187545779456,125.50397,19.86707,-0.30560,0.07390,0.01271,0.01922,0.99700,-1.20372,0.21647,0.16235,
1770726187745122560,125.24616,19.89681,-0.29955,0.06889,0.00856,0.02472,0.99728,-1.31747,0.25298,0.01588,
1770726187947333888,125.00356,19.92584,-0.28328,0.06622,0.01376,0.02720,0.99734,-1.06997,-0.01354,0.08029,
1770726188144170496,124.74631,19.94896,-0.27343,0.06608,0.01042,0.02730,0.99739,-1.47934,0.04285,0.06754,
1770726188345839360,124.46384,19.96779,-0.26640,0.06491,0.00445,0.02469,0.99758,-1.37474,0.25789,0.04593,
1770726188545614080,124.21566,19.99219,-0.25702,0.06788,0.00410,0.02239,0.99743,-1.41302,0.03226,-0.01806,
1770726188745761024,123.97488,20.01946,-0.24371,0.07062,0.01102,0.02683,0.99708,-1.33572,0.13669,0.02410,
1770726188941073664,123.68678,20.07497,-0.25390,0.07420,-0.01215,0.03791,0.99645,-1.36321,0.01530,0.10037,
1770726189145094144,123.43494,20.08506,-0.23604,0.07515,0.00123,0.02594,0.99683,-1.39674,0.28213,-0.12206,
1770726189354283264,123.17721,20.12548,-0.22067,0.09647,0.00887,0.01958,0.99510,-1.56690,0.06305,-0.09093,
1770726189545826304,122.94263,20.19754,-0.20777,0.10385,0.01530,0.03530,0.99385,-1.23641,0.44932,0.08699,
1770726189744319232,122.68403,20.25119,-0.19453,0.11655,0.01690,0.02984,0.99259,-1.18826,-0.00417,0.20319,
1770726189945245440,122.40557,20.30483,-0.18947,0.10837,0.00781,0.03275,0.99354,-1.67232,0.39092,-0.02412,
1770726190147592448,122.13967,20.35058,-0.17480,0.11258,0.01220,0.02725,0.99319,-1.34899,0.44542,-0.09509,
1770726190345783296,121.86882,20.39376,-0.16446,0.11169,0.00379,0.02518,0.99342,-1.40680,0.15170,0.12970,
1770726190546139648,121.62310,20.43368,-0.15242,0.10319,0.00796,0.02039,0.99442,-1.33003,0.18368,-0.04592,
1770726190744239616,121.43033,20.45218,-0.13423,0.10033,0.01983,0.01378,0.99466,-0.96092,0.03002,0.10001,
1770726190944197632,121.22307,20.48210,-0.12904,0.08860,0.01266,0.01805,0.99582,-1.18561,0.07272,-0.04525,
1770726191147984896,120.97310,20.49904,-0.11786,0.07800,0.00597,0.01339,0.99685,-1.20212,0.22767,0.06685,
1770726191344024064,120.77588,20.52239,-0.11028,0.06181,0.00777,0.01477,0.99795,-0.69334,0.04973,0.14095,
1770726191542674688,120.58755,20.52361,-0.09984,0.05341,0.01095,0.01110,0.99845,-0.98393,0.03176,0.05527,
1770726191743110144,120.36490,20.52815,-0.09020,0.04221,0.00610,0.01437,0.99899,-1.01299,0.10012,0.11725,
1770726191942938368,120.14253,20.53526,-0.08428,0.03496,0.00275,0.01663,0.99925,-0.97144,0.12810,0.15226,
1770726192144839424,119.95600,20.54661,-0.06782,0.03882,0.00821,0.01833,0.99904,-0.72892,0.08650,0.11007,
1770726192341327872,119.81100,20.56683,-0.07173,0.04847,-0.00671,0.02464,0.99850,-0.37948,0.16511,-0.01964,
1770726192544403200,119.83959,20.55412,-0.06490,0.06805,0.00850,0.01747,0.99749,0.38451,-0.15381,0.06818,
1770726192743552000,119.86092,20.55616,-0.06041,0.06717,0.01046,0.01944,0.99750,0.10008,-0.02292,0.01712,
1770726192954797312,119.85342,20.55964,-0.05903,0.06692,0.00968,0.01953,0.99752,-0.03699,-0.01140,0.01235,
1770726193141159424,119.84826,20.55915,-0.05743,0.06699,0.00898,0.01930,0.99753,-0.00822,-0.01206,0.01131,
1770726193342184192,119.85202,20.55845,-0.05497,0.06695,0.00935,0.01925,0.99753,0.01829,-0.01468,0.01514,
1770726193542862080,119.85563,20.55671,-0.05270,0.06695,0.00931,0.01930,0.99753,-0.00323,-0.00769,0.01289,
1770726193744035840,119.85795,20.55501,-0.05064,0.06705,0.00919,0.01930,0.99752,0.00734,-0.00751,0.01343,
1770726193945195776,119.86190,20.55207,-0.04818,0.06706,0.00928,0.01931,0.99752,0.00146,-0.00779,0.01333,
1770726194142431488,119.84508,20.54588,-0.04386,0.06704,0.01187,0.01623,0.99755,-0.31997,-0.00643,0.01228,
1770726194342199552,119.77300,20.55355,-0.04106,0.06564,0.00766,0.01843,0.99764,-0.22539,0.05700,0.02698,
1770726194542599680,119.76930,20.54971,-0.03721,0.06600,0.00870,0.01865,0.99761,0.07261,-0.07447,0.01295,
1770726194740793344,119.78412,20.55136,-0.03934,0.06573,0.01003,0.01742,0.99763,0.07526,-0.04027,0.01732,
1770726194941107200,119.79073,20.54350,-0.03533,0.06605,0.00961,0.01723,0.99762,-0.02849,-0.00131,0.01089,
1770726195141148928,119.79807,20.53493,-0.03141,0.06580,0.00982,0.01715,0.99764,0.01173,-0.02135,0.01427,
1770726195340776448,119.80265,20.52913,-0.02879,0.06584,0.00963,0.01719,0.99764,-0.00188,-0.01430,0.01313,
1770726195542937856,119.80852,20.52596,-0.02590,0.06585,0.00966,0.01718,0.99764,0.00822,-0.00676,0.01344,
1770726195743164928,119.81293,20.52369,-0.02308,0.06578,0.00961,0.01722,0.99764,0.00494,-0.00800,0.01971,
1770726195940532736,119.80433,20.52447,-0.01865,0.06634,0.01130,0.01738,0.99758,-0.14206,-0.01479,0.03110,
1770726196140844288,119.75298,20.52747,-0.00625,0.06520,0.01871,0.01693,0.99755,-0.56420,0.09545,0.03465,
1770726196341638400,119.57605,20.56741,-0.01874,0.06942,0.01271,0.01758,0.99735,-0.92294,0.11362,-0.00390,
1770726196542205696,119.38448,20.59588,-0.00260,0.07140,0.00901,0.02180,0.99717,-0.89804,0.04763,0.14058,
1770726196739869440,119.21139,20.61356,0.01032,0.07008,0.01610,0.02086,0.99719,-1.11615,0.18706,-0.06326,
1770726196940455168,119.00319,20.64801,0.01747,0.07572,0.01789,0.02190,0.99673,-0.85919,0.14647,0.07925,
1770726197141183232,118.78266,20.68518,0.00774,0.07976,0.00521,0.02514,0.99648,-1.02524,0.21124,-0.01721,
1770726197340646144,118.60130,20.69989,0.01180,0.08386,0.00927,0.01785,0.99627,-0.69031,0.00577,0.06958,
1770726197540424960,118.43367,20.73509,0.01450,0.08353,0.00577,0.02345,0.99621,-0.90808,0.19583,0.05360,
1770726197740627200,118.24703,20.76003,0.01282,0.08802,0.00650,0.02188,0.99586,-1.20619,0.06892,-0.03848,
1770726197940760064,118.05310,20.78852,0.02385,0.09267,0.00634,0.02029,0.99547,-1.14204,0.02754,-0.06580,
1770726198140747008,117.86154,20.82509,0.03512,0.09507,0.00954,0.02150,0.99519,-1.11409,0.20266,-0.05096,
1770726198341551872,117.62876,20.87211,0.03248,0.09701,0.00090,0.02670,0.99493,-1.19900,0.37488,0.04069,
1770726198546548736,117.41709,20.91304,0.04142,0.10174,0.00079,0.02708,0.99444,-0.79945,-0.00203,0.12308,
1770726198744430080,117.23673,20.93695,0.04795,0.09587,0.00664,0.02753,0.99499,-0.91035,0.32570,0.04197,
1770726198946917632,117.06989,20.96276,0.06598,0.09193,0.01693,0.02717,0.99525,-1.01099,0.07549,0.04929,
1770726199140375040,116.86209,20.98360,0.07328,0.09402,0.01355,0.02116,0.99525,-1.33103,0.16506,0.01206,
1770726199339245312,116.60037,21.04323,0.07414,0.09894,0.00333,0.02831,0.99468,-1.43470,0.33209,-0.13059,
1770726199544414208,116.35150,21.07803,0.08355,0.10437,0.00511,0.02308,0.99426,-1.33115,0.26489,0.05342,
1770726199748698880,116.10944,21.12776,0.08868,0.10873,0.00310,0.02386,0.99378,-1.07760,0.08811,0.04717,
1770726199938947840,115.91076,21.17565,0.09689,0.11114,0.00490,0.02831,0.99339,-1.11546,0.20527,-0.00693,
1770726200140537856,115.71883,21.21057,0.10101,0.10911,0.00254,0.02770,0.99364,-1.04373,0.05351,-0.05514,
1770726200339905280,115.53018,21.22803,0.11599,0.10104,0.00872,0.02186,0.99460,-1.06926,0.24466,0.02444,
1770726200539692544,115.33047,21.27648,0.10874,0.09383,-0.00444,0.03426,0.99499,-0.82087,0.10128,0.04926,
1770726200735683840,115.17097,21.27114,0.12457,0.08875,0.01018,0.02156,0.99577,-0.93873,0.16502,0.08304,
1770726200937886208,114.99251,21.30290,0.13207,0.08320,0.01015,0.02717,0.99611,-0.98226,0.12632,-0.00365,
1770726201137579008,114.79867,21.32378,0.13609,0.08480,0.01114,0.02421,0.99604,-1.16922,0.14806,-0.03921,
1770726201337659136,114.60211,21.34893,0.13737,0.09093,0.00210,0.02119,0.99563,-1.13515,0.08355,-0.10886,
1770726201538899968,114.40453,21.37234,0.14587,0.09094,0.00427,0.01944,0.99566,-1.13055,0.24619,-0.02491,
1770726201738054656,114.23904,21.39460,0.15172,0.09293,0.00474,0.01729,0.99551,-0.62010,0.16401,0.13676,
1770726201937573376,114.09220,21.41614,0.16126,0.09293,0.01203,0.01577,0.99547,-0.89783,0.05491,0.04995,
1770726202136809472,113.91025,21.44420,0.16561,0.08748,0.00469,0.01910,0.99597,-0.94528,0.11672,0.02833,
1770726202349777408,113.75085,21.45196,0.17627,0.08385,0.01061,0.01263,0.99634,-0.69382,0.17450,-0.00470,
1770726202538877440,113.63855,21.46661,0.18344,0.08434,0.01517,0.01139,0.99626,-0.55726,-0.02590,0.08914,
1770726202744763648,113.46733,21.50835,0.18395,0.08385,0.00915,0.02130,0.99621,-1.09683,0.07649,-0.00894,
1770726202940519936,113.30588,21.51368,0.19731,0.08959,0.01432,0.00984,0.99583,-0.80926,-0.00299,0.08247,
1770726203132234240,113.11999,21.54697,0.20024,0.08915,0.00913,0.01338,0.99589,-1.18760,0.17773,-0.03605,
1770726203335598848,112.90775,21.60146,0.20185,0.08684,0.00902,0.02580,0.99585,-1.02395,0.01771,0.04480,
1770726203536432384,112.67830,21.61976,0.21012,0.09266,0.00107,0.01546,0.99558,-0.95162,0.26462,-0.00073,
1770726203738266624,112.47760,21.66425,0.21302,0.08989,0.00397,0.02121,0.99572,-1.05604,0.07531,-0.00562,
1770726203936111616,112.28972,21.67115,0.22864,0.08017,0.01301,0.01344,0.99661,-1.04408,0.02034,0.08718,
1770726204135941632,112.08996,21.69419,0.23382,0.07838,0.01311,0.01244,0.99676,-1.24902,0.03206,-0.04614,
1770726204337226240,111.85990,21.74034,0.24131,0.08130,0.00977,0.01969,0.99645,-1.23051,0.16808,0.04139,
1770726204536752128,111.63937,21.77609,0.24229,0.08452,-0.00282,0.02185,0.99618,-0.99916,0.07923,-0.00656,
1770726204736475648,111.46972,21.78268,0.25776,0.08079,0.01241,0.01388,0.99656,-1.03171,-0.08298,0.04342,
1770726204936187648,111.25317,21.80815,0.25845,0.06068,0.00425,0.02382,0.99786,-1.05814,0.18194,0.07384,
1770726205135676416,111.01922,21.80628,0.26184,0.05113,-0.00146,0.01820,0.99852,-1.24525,0.13044,-0.05468,
1770726205336465920,110.81625,21.82345,0.26977,0.05073,0.00134,0.02066,0.99850,-0.94672,-0.20729,0.07665,
1770726205531981824,110.63200,21.81989,0.28915,0.04681,0.01210,0.01644,0.99870,-1.11598,0.12439,-0.03290,
1770726205735787520,110.39350,21.85165,0.28862,0.04779,0.00522,0.02488,0.99853,-1.12331,0.12031,0.07562,
1770726205936338944,110.16672,21.87604,0.28755,0.04925,-0.00122,0.02939,0.99835,-1.13255,0.24465,-0.02191,
1770726206135994368,109.95591,21.89584,0.30043,0.05343,0.00474,0.02969,0.99812,-1.08299,-0.09532,0.08881,
1770726206334075136,109.70194,21.90228,0.29677,0.05004,-0.00307,0.02751,0.99836,-1.15980,0.17528,0.06110,
1770726206534750720,109.49170,21.93428,0.30865,0.05212,0.00206,0.03526,0.99802,-0.66478,0.15120,0.13711,
1770726206745739776,109.30125,21.92283,0.31690,0.05774,0.00830,0.02035,0.99809,-0.83108,0.17309,0.15243,
1770726206936945408,109.07413,21.94486,0.32070,0.06312,0.00844,0.02118,0.99775,-1.48672,0.31229,-0.06650,
1770726207133747456,108.84705,21.97788,0.31957,0.06854,0.00336,0.02204,0.99740,-0.93849,-0.00006,0.07369,
1770726207333841920,108.65759,22.02349,0.33049,0.08413,0.00375,0.03047,0.99598,-0.76623,0.13812,0.12440,
1770726207534000128,108.46167,22.05048,0.33913,0.09485,0.00440,0.02463,0.99518,-1.10989,0.27146,-0.04371,
1770726207733495552,108.25537,22.08944,0.34536,0.10193,0.00644,0.02458,0.99447,-0.94730,0.22568,0.01973,
1770726207935797248,108.04950,22.13893,0.35332,0.10506,0.00600,0.03036,0.99398,-0.99132,0.21901,0.09056,
1770726208136687104,107.83746,22.17594,0.36174,0.10615,0.00996,0.02906,0.99388,-1.14846,0.18501,-0.04380,
1770726208337966080,107.60280,22.21598,0.36250,0.10568,0.00254,0.02872,0.99398,-1.21219,0.17155,0.00031,
1770726208550858752,107.38048,22.25705,0.37470,0.10188,0.00722,0.03246,0.99424,-1.03128,0.21772,0.05703,
1770726208734172928,107.18774,22.27730,0.38054,0.10193,0.00799,0.02753,0.99438,-1.02889,0.01708,-0.00618,
1770726208933800192,106.98805,22.31501,0.38796,0.10209,0.00969,0.03030,0.99427,-1.12405,0.23825,-0.01656,
1770726209133656832,106.76954,22.35869,0.39395,0.10527,0.00730,0.03217,0.99390,-0.89455,0.14690,0.13348,
1770726209333165056,106.57695,22.37468,0.40209,0.10541,0.01006,0.02297,0.99411,-0.90216,0.08752,0.08160,
1770726209533724160,106.37805,22.40234,0.40747,0.09992,0.01253,0.02231,0.99467,-1.04493,0.09489,0.12041,
1770726209740674304,106.17000,22.43812,0.41440,0.09295,0.01041,0.02746,0.99524,-0.81257,0.13103,0.06093,
1770726209933406464,105.98392,22.45643,0.42469,0.09328,0.01074,0.02312,0.99531,-0.99768,0.02604,-0.06854,
1770726210136537856,105.77423,22.48892,0.42983,0.09457,0.00979,0.02272,0.99521,-1.55250,0.33832,-0.17212,
1770726210331336448,105.53955,22.57475,0.42078,0.09427,-0.01344,0.04596,0.99439,-1.24713,0.28487,-0.09088,
1770726210544743936,105.35422,22.58207,0.43070,0.10200,0.00696,0.03317,0.99421,-0.80692,0.23129,0.18639,
1770726210736880128,105.16593,22.61519,0.43420,0.10810,0.00114,0.03077,0.99366,-0.98576,0.26442,0.06061,
1770726210942756864,104.97648,22.66217,0.44526,0.11657,0.00775,0.03089,0.99267,-1.02201,0.17915,-0.01881,
1770726211132532480,104.79605,22.67576,0.45151,0.11531,0.01217,0.02012,0.99305,-0.79380,0.00802,0.05296,
1770726211333142016,104.57558,22.72460,0.45066,0.11042,-0.00407,0.02644,0.99353,-1.00053,0.22134,0.02529,
1770726211537053440,104.38293,22.75422,0.45336,0.10493,-0.00079,0.02448,0.99418,-1.04466,0.02448,-0.01326,
1770726211739673600,104.20491,22.77547,0.46393,0.09441,0.00203,0.02289,0.99527,-0.96864,0.12172,0.00558,
1770726211931664128,104.01273,22.79541,0.46666,0.08466,0.00182,0.02213,0.99616,-0.94646,0.06112,0.03348,
1770726212133118208,103.82206,22.82163,0.47264,0.07947,0.00588,0.02441,0.99652,-0.81631,0.26542,0.03002,
1770726212326628352,103.64470,22.84867,0.47680,0.07852,0.00691,0.02584,0.99655,-0.79900,-0.04585,0.10348,
1770726212531709952,103.43545,22.86706,0.48094,0.07722,0.00384,0.02360,0.99673,-1.07752,0.19667,-0.04652,
1770726212729594880,103.23597,22.89631,0.47646,0.08024,-0.00332,0.02523,0.99645,-0.98569,0.14470,-0.00448,
1770726212932983552,103.06691,22.91473,0.48759,0.08476,0.00267,0.02202,0.99615,-0.81915,0.18672,0.02844,
1770726213132384768,102.88138,22.94462,0.48997,0.08881,0.00106,0.02304,0.99578,-0.91390,0.01218,0.06680,
1770726213331025664,102.70224,22.96654,0.49767,0.09015,0.00587,0.02119,0.99569,-0.98221,0.16615,-0.00136,
1770726213530622208,102.51932,22.99692,0.50424,0.09133,0.00582,0.02228,0.99555,-0.94936,0.04110,-0.01317,
1770726213737596416,102.32392,23.01720,0.50938,0.08627,0.00453,0.02240,0.99601,-0.99168,0.05499,0.01589,
1770726213930162944,102.14474,23.04161,0.51657,0.07955,0.00445,0.02541,0.99650,-0.86252,0.08404,0.06436,
1770726214143615744,101.96439,23.06105,0.52292,0.07629,0.00748,0.02526,0.99674,-0.90723,0.18274,0.05020,
1770726214332322304,101.79118,23.08321,0.52974,0.07350,0.00927,0.02659,0.99690,-0.89676,0.10155,0.02697,
1770726214538343936,101.59639,23.10157,0.53483,0.07349,0.00641,0.02535,0.99695,-0.81508,0.08281,0.06605,
1770726214729325312,101.42188,23.12061,0.53602,0.07153,0.00210,0.02678,0.99708,-0.97072,0.12194,-0.02248,
1770726214931257088,101.25033,23.13567,0.54593,0.06791,0.00698,0.02664,0.99731,-0.96696,0.09301,0.01322,
1770726215130628608,101.05004,23.16163,0.54942,0.06693,0.00054,0.03053,0.99729,-0.99752,0.06219,0.05522,
1770726215331214592,100.86266,23.17336,0.55785,0.06683,0.00702,0.02804,0.99735,-0.95280,0.08121,-0.03097,
1770726215530566912,100.66784,23.19634,0.55467,0.06540,0.00003,0.03031,0.99740,-0.88937,0.16671,0.01578,
1770726215729646080,100.48565,23.21193,0.55549,0.07006,-0.00364,0.02729,0.99716,-0.89083,0.06858,0.02598,
1770726215926589184,100.30502,23.22771,0.56449,0.07519,-0.00250,0.02342,0.99689,-0.91736,0.20853,0.08704,
1770726216128068096,100.13188,23.24095,0.57420,0.07919,0.00796,0.01972,0.99663,-0.88196,0.04561,-0.05204,
1770726216328810752,99.98607,23.26813,0.58484,0.08087,0.01400,0.02401,0.99634,-0.76497,0.04721,0.01004,
1770726216528506368,99.80605,23.27904,0.58268,0.08056,0.00401,0.01980,0.99655,-1.00745,0.13934,0.09418,
1770726216729180928,99.60550,23.31665,0.59216,0.08427,0.00310,0.02564,0.99611,-1.04896,0.18977,-0.01761,
1770726216927057664,99.42324,23.35263,0.59630,0.08488,0.00615,0.03007,0.99592,-0.81711,0.10072,0.05256,
1770726217127934976,99.27194,23.35415,0.60788,0.09031,0.01127,0.02071,0.99563,-0.72571,0.21092,0.05650,
1770726217319841280,99.12191,23.38838,0.61077,0.09328,0.01013,0.02561,0.99526,-0.86757,0.11823,-0.00125,
1770726217527509760,98.92495,23.40499,0.60916,0.09430,0.00246,0.01931,0.99535,-1.13035,0.07799,-0.12237,
1770726217728705280,98.78838,23.44409,0.62609,0.10173,0.01216,0.02525,0.99442,-0.96675,0.25290,-0.08423,
1770726217927165184,98.62970,23.46599,0.62913,0.10275,0.00825,0.02313,0.99440,-0.88025,0.13382,0.03247,
1770726218127406336,98.48359,23.47208,0.64381,0.10397,0.01718,0.01320,0.99434,-0.64318,0.02057,0.11806,
1770726218327012864,98.31357,23.50863,0.63991,0.09403,0.00756,0.02376,0.99526,-0.89495,0.59076,-0.09402,
1770726218529821440,98.14814,23.53268,0.65244,0.09698,0.01399,0.02055,0.99498,-0.74703,0.19498,0.10722,
1770726218725354240,97.99113,23.57087,0.65834,0.09084,0.00463,0.02971,0.99541,-0.75708,0.14039,0.04781,
1770726218925664256,97.83243,23.58307,0.66396,0.09125,0.01068,0.02298,0.99551,-0.99560,0.04956,-0.05168,
1770726219126710272,97.67961,23.59693,0.67073,0.09222,0.01032,0.01976,0.99549,-0.81944,0.17579,-0.04926,
1770726219327055104,97.53231,23.62806,0.67855,0.09353,0.01344,0.02424,0.99523,-0.92051,0.13084,-0.02168,
1770726219526785024,97.33733,23.64878,0.68471,0.09843,0.00935,0.01784,0.99494,-0.96444,0.07501,0.09208,
1770726219726427136,97.13797,23.66800,0.68390,0.09489,0.00244,0.01295,0.99540,-0.93274,0.04086,0.02456,
1770726219928193280,96.93341,23.69047,0.68510,0.08634,0.00075,0.01256,0.99619,-1.01072,0.03684,0.02368,
1770726220138010624,96.68283,23.72331,0.68123,0.07693,-0.01407,0.01703,0.99679,-1.04655,0.11553,0.08785,
1770726220326988032,96.47888,23.74940,0.67536,0.07851,-0.02188,0.01787,0.99651,-0.96864,0.08928,0.01586,
1770726220527138304,96.34038,23.76243,0.68899,0.08171,-0.00429,0.01365,0.99655,-0.49895,-0.04446,0.13025,
1770726220726550272,96.22832,23.77030,0.71159,0.08162,0.01333,0.01011,0.99652,-0.68722,0.17017,0.11458,
1770726220926451712,96.05338,23.81098,0.71518,0.08284,0.01751,0.01835,0.99624,-0.97463,0.12569,-0.01080,
1770726221126331136,95.87640,23.83043,0.72146,0.08219,0.01478,0.01728,0.99636,-0.92360,0.12592,0.00311,
1770726221326215168,95.68574,23.84162,0.72313,0.07846,0.00168,0.01260,0.99684,-1.00292,0.00985,0.01546,
1770726221522911488,95.47752,23.87860,0.72594,0.07020,-0.00030,0.02190,0.99729,-1.00790,0.15821,0.02457,
1770726221722707712,95.28958,23.89647,0.73160,0.07064,0.00214,0.02006,0.99730,-0.75061,0.14853,0.06727,
1770726221925925376,95.13435,23.90330,0.74349,0.06784,0.01154,0.01620,0.99750,-0.73741,0.04993,0.06850,
1770726222126837248,94.97610,23.91872,0.74306,0.06211,0.00539,0.01942,0.99787,-0.88940,0.08542,0.05285,
1770726222326618112,94.77860,23.92557,0.73739,0.06127,-0.00621,0.01617,0.99797,-1.04948,0.20734,-0.03969,
1770726222525496576,94.61083,23.93077,0.75355,0.06057,0.00170,0.01103,0.99810,-1.02018,0.11513,-0.02945,
1770726222725789440,94.40872,23.95692,0.75595,0.06743,0.00098,0.01134,0.99766,-1.14602,0.13661,0.03259,
1770726222924917248,94.19305,23.98976,0.75643,0.07585,-0.00767,0.01539,0.99697,-1.25817,0.34157,-0.08767,
1770726223125146368,94.02519,24.01375,0.76510,0.08011,0.00073,0.01576,0.99666,-0.80578,0.00349,0.06736,
1770726223325028608,93.85807,24.03787,0.77136,0.08047,0.00357,0.01819,0.99659,-0.94890,0.18820,-0.06816,
1770726223523430400,93.65118,24.09021,0.76709,0.08047,-0.00838,0.03145,0.99623,-1.04489,0.23845,-0.01380,
1770726223725773824,93.46583,24.11949,0.77350,0.08231,0.00047,0.03253,0.99608,-0.82633,0.00957,0.11825,
1770726223922831360,93.28345,24.13016,0.78608,0.07971,0.01029,0.02692,0.99640,-1.09655,0.04746,-0.01395,
1770726224125903616,93.05534,24.16799,0.78814,0.07671,0.00386,0.03379,0.99647,-1.11251,0.23781,0.04603,
1770726224326129152,92.85058,24.21533,0.78727,0.07460,-0.00103,0.04569,0.99617,-0.98307,0.01508,0.04712,
1770726224527585024,92.66679,24.20484,0.80950,0.07250,0.01270,0.03005,0.99683,-0.96620,0.05026,-0.02108,
1770726224723004672,92.44357,24.24760,0.80238,0.06737,0.00263,0.04277,0.99681,-1.03949,0.20082,0.07837,
1770726224924392192,92.22313,24.26675,0.81062,0.07190,0.00148,0.03882,0.99665,-1.01838,0.17829,0.04340,
1770726225123886080,92.00330,24.28517,0.81883,0.07248,0.00700,0.03380,0.99677,-1.13767,0.29988,0.21035,
1770726225323542272,91.75450,24.32619,0.82380,0.07472,0.00031,0.03903,0.99644,-1.15323,0.33215,0.05355,
1770726225523353600,91.53651,24.36066,0.83844,0.08009,0.01190,0.04070,0.99589,-1.05326,-0.00096,0.11356,
1770726225723692288,91.32456,24.36869,0.84757,0.08356,0.01609,0.03021,0.99592,-0.70951,0.15663,0.01241,
1770726225922927616,91.13028,24.41699,0.84641,0.08206,0.00529,0.04337,0.99567,-0.69521,-0.02653,0.04708,
1770726226122227200,90.95053,24.43367,0.85222,0.08615,0.00465,0.03817,0.99554,-1.00551,0.05551,0.08694,
1770726226322812160,90.74957,24.45946,0.85852,0.09988,0.00660,0.03537,0.99435,-1.01045,0.37340,0.01794,
1770726226522466304,90.54256,24.49966,0.86177,0.10110,0.00269,0.03837,0.99413,-0.81729,0.19431,0.12023,
1770726226723184640,90.38411,24.52242,0.87143,0.10310,0.01063,0.03585,0.99397,-0.71584,0.19486,0.11021,
1770726226921853440,90.18870,24.55701,0.87749,0.10496,0.00996,0.03528,0.99380,-1.08838,0.10806,0.05416,
1770726227121379584,89.97246,24.59030,0.87833,0.09819,0.00257,0.03616,0.99451,-1.12223,0.18226,-0.05624,
1770726227321935104,89.77164,24.61345,0.88473,0.09390,0.00128,0.03354,0.99502,-1.06572,0.19855,-0.04214,
1770726227522444032,89.57944,24.65068,0.88464,0.09294,-0.00322,0.03891,0.99491,-0.90586,0.17659,0.03592,
1770726227722562048,89.40587,24.67237,0.89963,0.09448,0.00821,0.03481,0.99488,-0.93053,0.10035,0.05021,
1770726227920787456,89.21038,24.70203,0.90547,0.09618,0.00914,0.03428,0.99473,-1.09285,0.15634,-0.02620,
1770726228118338048,89.00162,24.74793,0.90690,0.10018,0.00196,0.04020,0.99415,-0.87940,0.15546,0.04017,
1770726228323889152,88.83101,24.77048,0.91883,0.09975,0.00916,0.03587,0.99432,-0.90430,0.19359,0.01934,
1770726228519427072,88.64110,24.80290,0.92366,0.10177,0.00929,0.03472,0.99416,-1.07335,0.21580,-0.03492,
1770726228719440640,88.43285,24.84736,0.92800,0.10314,0.00641,0.03769,0.99393,-0.95171,0.06933,0.02181,
1770726228921629952,88.24896,24.87936,0.93150,0.10691,0.00244,0.03659,0.99359,-0.79064,0.03390,0.03700,
1770726229120684032,88.09171,24.90340,0.94372,0.10275,0.01125,0.03555,0.99401,-1.01416,0.26568,-0.00330,
1770726229321106944,87.88427,24.94388,0.94542,0.10605,0.00902,0.03657,0.99365,-0.86367,0.15186,0.12864,
1770726229519748096,87.69482,24.97940,0.95506,0.10688,0.00652,0.03709,0.99356,-0.79938,0.11896,0.04967,
1770726229716471040,87.51436,25.00896,0.95982,0.10307,0.00742,0.03713,0.99395,-0.92837,0.10824,0.07432,
1770726229921938432,87.31475,25.04358,0.96445,0.10101,0.00504,0.03856,0.99413,-1.04602,0.24116,-0.03888,
1770726230120982528,87.13286,25.06817,0.96779,0.10244,0.00454,0.03457,0.99413,-0.91478,0.08838,0.00034,
1770726230319032576,86.96077,25.09877,0.97734,0.10540,0.00853,0.03376,0.99382,-0.98955,0.13966,-0.00494,
1770726230519957760,86.77978,25.13635,0.98259,0.10890,0.00826,0.03548,0.99338,-0.87610,0.13226,0.04047,
1770726230724805632,86.60130,25.16533,0.98568,0.11020,0.00913,0.03208,0.99335,-0.88878,0.06033,0.05025,
1770726230920454656,86.44354,25.18917,0.99010,0.10486,0.00698,0.03138,0.99397,-0.83602,0.06463,-0.01832,
1770726231120305664,86.26676,25.21328,0.98875,0.09752,-0.00035,0.03174,0.99473,-0.89488,0.12900,-0.01891,
1770726231319990784,86.10002,25.23046,0.99483,0.09377,0.00327,0.02782,0.99520,-0.86096,0.16351,0.00352,
1770726231520113920,85.90828,25.25851,0.99537,0.08920,-0.00194,0.02943,0.99558,-0.99230,0.16880,0.00660,
1770726231719874816,85.72255,25.28657,1.00088,0.09302,0.00099,0.02795,0.99527,-0.88263,0.13633,0.03642,
1770726231920980992,85.55292,25.31035,1.00454,0.09501,-0.00040,0.02620,0.99513,-0.93640,0.11421,0.04214,
1770726232116951296,85.36949,25.33658,1.01391,0.09787,0.00643,0.02325,0.99491,-1.14905,0.19124,-0.07324,
1770726232321140480,85.15510,25.37560,1.01738,0.09534,0.00271,0.02571,0.99511,-0.97646,0.01938,0.08871,
1770726232518719232,84.96059,25.40028,1.02249,0.08301,0.00104,0.02917,0.99612,-0.97973,0.21703,0.00848,
1770726232718533120,84.77436,25.41817,1.02729,0.07869,0.00090,0.02656,0.99655,-0.82289,0.10300,0.06412,
1770726232919650048,84.60440,25.44693,1.03537,0.07843,0.00401,0.03032,0.99645,-0.80870,0.18357,0.04183,
1770726233118209024,84.42337,25.46805,1.03741,0.08100,0.00226,0.02972,0.99627,-0.85828,0.11227,0.05077,
1770726233318390784,84.24095,25.48705,1.04623,0.08290,0.00662,0.02655,0.99618,-0.99661,0.16245,0.01844,
1770726233519249664,84.02786,25.52583,1.04630,0.08131,0.00110,0.03294,0.99614,-1.04376,0.11703,0.09022,
1770726233718683648,83.82136,25.53429,1.05411,0.07852,0.00335,0.02547,0.99658,-1.01992,0.08887,-0.00236,
1770726233920592896,83.61994,25.56392,1.05683,0.06720,0.00083,0.03176,0.99723,-0.95862,0.10708,0.06256,
1770726234118123008,83.41285,25.57419,1.05746,0.05610,-0.00360,0.03249,0.99789,-0.95446,0.09326,0.09112,
1770726234324612608,83.20207,25.57678,1.06213,0.04477,-0.00110,0.03127,0.99851,-1.02925,0.12051,0.04111,
1770726234545015808,82.98031,25.59259,1.06258,0.04150,-0.00204,0.03543,0.99851,-1.04750,-0.04120,-0.00844,
1770726234719529728,82.80888,25.60077,1.06818,0.04142,-0.00030,0.03562,0.99851,-1.03961,0.05366,-0.02571,
1770726234917156864,82.63816,25.62489,1.06686,0.05096,-0.00664,0.04013,0.99787,-0.71941,0.09309,0.00393,
1770726235125797888,82.52075,25.62444,1.07752,0.05334,0.00627,0.03536,0.99793,-0.74519,-0.03548,-0.00168,
1770726235318401024,82.35451,25.63534,1.07548,0.05310,0.00009,0.03575,0.99795,-1.09225,0.23529,-0.03145,
1770726235512371456,82.16721,25.65170,1.07922,0.05863,0.00174,0.03484,0.99767,-0.83320,-0.08080,0.08054,
1770726235717752832,82.00318,25.66836,1.08833,0.06014,0.00475,0.03527,0.99756,-0.76590,0.01414,-0.01088,
1770726235917926912,81.86483,25.68312,1.09062,0.06142,0.00571,0.03633,0.99743,-0.69839,0.15959,0.02811,
1770726236118490880,81.71185,25.69980,1.09479,0.07192,0.00728,0.03260,0.99685,-0.97686,-0.00677,-0.02721,
1770726236315407872,81.50002,25.73743,1.09216,0.07867,-0.00523,0.03693,0.99620,-1.01929,0.19741,0.03156,
1770726236521092864,81.29643,25.76727,1.09475,0.08289,-0.00587,0.03734,0.99584,-0.96518,0.18963,-0.01562,
1770726236717147904,81.12131,25.77446,1.10301,0.08531,0.00162,0.02805,0.99596,-0.93103,0.18026,0.06018,
1770726236917500160,80.92912,25.80982,1.11368,0.08769,0.00816,0.03134,0.99562,-0.95627,0.06920,0.00646,
1770726237113355520,80.72824,25.84880,1.11769,0.09058,0.00733,0.03555,0.99523,-1.00457,0.14977,0.06081,
1770726237317324288,80.52740,25.87051,1.12173,0.09390,0.00646,0.02998,0.99511,-1.08196,0.08727,0.03019,
1770726237516431872,80.31116,25.91391,1.12575,0.09668,0.00319,0.03443,0.99471,-1.08420,0.20651,0.06613,
1770726237712647680,80.10792,25.95043,1.13446,0.10038,0.00861,0.03300,0.99436,-0.91040,0.14002,0.07512,
1770726237914136320,79.89912,25.98344,1.13236,0.10333,0.00364,0.03130,0.99415,-1.08654,0.23218,0.01914,
1770726238116628224,79.68823,26.02731,1.14489,0.10859,0.00712,0.03246,0.99353,-1.24151,0.20726,-0.00120,
1770726238315551744,79.45117,26.07806,1.14449,0.11033,0.00097,0.03495,0.99328,-1.12827,0.13517,-0.04273,
1770726238516587776,79.24631,26.12851,1.14851,0.11451,-0.00103,0.03878,0.99266,-0.89933,0.23023,0.05572,
1770726238715564032,79.06208,26.15372,1.16242,0.11564,0.01010,0.03215,0.99272,-1.07743,0.26132,-0.02637,
1770726238914948096,78.84597,26.20063,1.16896,0.10940,0.00899,0.03760,0.99325,-1.07717,0.37326,0.10066,
1770726239115189504,78.62301,26.23578,1.17262,0.10593,0.00580,0.03667,0.99368,-1.00245,0.14459,0.00792,
1770726239316085504,78.40233,26.26787,1.17626,0.10183,0.00447,0.03492,0.99418,-1.00321,0.19594,0.02735,
1770726239516486656,78.19142,26.30985,1.17976,0.10305,0.00233,0.03725,0.99398,-1.14842,0.09683,-0.01476,
1770726239715234816,77.99138,26.33813,1.18100,0.10278,0.00062,0.03279,0.99416,-1.07607,0.11155,0.02215,
1770726239914349312,77.77728,26.37847,1.18581,0.10171,-0.00106,0.03600,0.99416,-1.14712,0.16723,-0.00877,
1770726240130956032,77.55006,26.41192,1.19783,0.09923,0.00851,0.03373,0.99446,-1.18641,0.19204,0.05234,
1770726240313767680,77.32722,26.43921,1.19764,0.09823,0.00127,0.02847,0.99476,-1.26818,0.10941,-0.03068,
1770726240513710080,77.09855,26.46642,1.20163,0.09587,0.00031,0.02523,0.99507,-1.16670,0.27027,0.01238,
1770726240714389248,76.88959,26.50251,1.20264,0.09478,-0.00073,0.02707,0.99513,-1.06767,0.03004,0.01019,
1770726240914111488,76.69755,26.52833,1.20957,0.09776,-0.00009,0.02360,0.99493,-1.19351,0.13588,-0.00580,
1770726241115193856,76.47267,26.56808,1.21634,0.10259,0.00288,0.02480,0.99441,-1.15163,0.26077,0.05326,
1770726241334227968,76.21368,26.61484,1.21698,0.10334,0.00048,0.02576,0.99431,-1.20810,0.07259,0.02882,
1770726241515110656,75.99142,26.63998,1.22014,0.09934,-0.00418,0.02267,0.99479,-1.18799,0.26773,0.03824,
1770726241714710016,75.77041,26.68009,1.23088,0.09355,0.00275,0.02618,0.99527,-1.10083,0.15882,0.03612,
1770726241912929536,75.53278,26.69559,1.23535,0.08562,0.00500,0.02109,0.99609,-1.26369,0.15602,0.02662,
1770726242114247424,75.27609,26.74598,1.23815,0.07686,-0.00048,0.03531,0.99642,-1.30386,0.27251,-0.01332,
1770726242312789248,75.02845,26.77670,1.23536,0.08221,-0.00567,0.03147,0.99610,-1.14996,-0.04287,-0.01223,
1770726242513179904,74.81159,26.80649,1.24384,0.08299,-0.00018,0.03251,0.99602,-1.24056,0.32066,-0.05603,
1770726242714067200,74.56208,26.83464,1.24667,0.08748,0.00041,0.02802,0.99577,-1.44136,0.02416,-0.08469,
1770726242914288640,74.29952,26.88612,1.24891,0.09196,-0.00008,0.03263,0.99523,-1.34404,0.05140,-0.02349,
1770726243113537536,74.08046,26.91079,1.26163,0.09648,0.01023,0.02735,0.99491,-1.14622,0.05951,-0.02785,
1770726243320055040,73.81557,26.95226,1.26598,0.08818,0.00285,0.03119,0.99561,-1.19397,0.14498,0.10526,
1770726243517913600,73.58350,26.97529,1.27895,0.08376,0.01046,0.02717,0.99606,-1.30548,0.03175,-0.01633,
1770726243712241152,73.34718,27.00641,1.29034,0.07545,0.01099,0.03117,0.99660,-1.33870,0.04501,0.01949,
1770726243914798592,73.08393,27.02122,1.29777,0.06521,0.00887,0.02766,0.99745,-1.18316,0.09325,0.09581,
1770726244112703744,72.83504,27.04998,1.30795,0.06454,0.00701,0.02995,0.99744,-1.17930,0.13697,0.14241,
1770726244313438720,72.60965,27.06666,1.32573,0.06888,0.01654,0.02536,0.99717,-1.02845,0.08748,0.14693,
1770726244506548992,72.37711,27.10513,1.33785,0.07159,0.02007,0.03067,0.99676,-1.06935,0.17370,0.10724,
1770726244706569216,72.14957,27.12670,1.35398,0.07651,0.02633,0.02796,0.99633,-1.16105,0.16481,0.17009,
1770726244912687616,71.88171,27.16168,1.35998,0.08070,0.01512,0.02796,0.99623,-1.07449,0.18387,0.10352,
1770726245113115904,71.67342,27.19614,1.37633,0.08380,0.02216,0.03095,0.99576,-1.03110,0.13089,0.13008,
1770726245311726336,71.44566,27.21752,1.39161,0.08960,0.02678,0.02266,0.99536,-1.56179,0.10172,-0.04684,
1770726245510864640,71.18059,27.26994,1.40289,0.08941,0.02167,0.03041,0.99529,-1.22664,0.15386,0.09929,
1770726245719304448,70.91578,27.31049,1.40823,0.08262,0.01045,0.03420,0.99594,-1.16831,0.15367,0.09695,
1770726245909346560,70.65574,27.30906,1.40185,0.07400,-0.00269,0.02119,0.99703,-1.70980,0.11228,-0.28912,
1770726246111879168,70.38176,27.35439,1.39670,0.06643,-0.01520,0.02953,0.99724,-1.38907,0.00058,-0.02023,
1770726246310979328,70.20301,27.36158,1.42412,0.07267,0.01353,0.02323,0.99699,-0.63309,0.05346,0.12972,
1770726246511285760,70.07315,27.38392,1.44537,0.07277,0.03528,0.02616,0.99638,-0.63623,0.18465,0.10444,
1770726246709844224,69.89466,27.39999,1.46160,0.08719,0.04292,0.01703,0.99512,-1.29612,0.19676,0.04628,
1770726246909158144,69.60512,27.46951,1.45612,0.09575,0.01086,0.02968,0.99490,-1.36087,0.23261,0.01801,
1770726247112063744,69.35575,27.50787,1.45463,0.10154,0.00234,0.02717,0.99446,-1.01720,0.11916,0.09592,
1770726247310788096,69.14237,27.53553,1.46346,0.10391,0.00542,0.02262,0.99431,-1.36598,0.25635,-0.10077,
1770726247510374656,68.89670,27.58081,1.46601,0.10953,0.00522,0.02026,0.99376,-1.33030,0.20035,-0.05806,
1770726247714581504,68.64934,27.61569,1.47266,0.11412,0.00293,0.01368,0.99337,-1.08525,0.09217,0.06952,
1770726247920660992,68.41891,27.67803,1.46774,0.10995,-0.00566,0.02488,0.99361,-0.91168,0.31080,0.10011,
1770726248109547264,68.20292,27.69904,1.46965,0.10736,-0.00790,0.01708,0.99404,-1.14431,0.12140,0.04114,
1770726248316373504,67.96840,27.74673,1.47118,0.09634,0.00004,0.02350,0.99507,-1.22364,0.24787,0.01863,
1770726248511811328,67.73578,27.80554,1.47143,0.10240,-0.00617,0.03032,0.99426,-1.06961,0.23497,0.00760,
1770726248710029824,67.53714,27.84302,1.47393,0.10590,-0.00287,0.02873,0.99396,-0.85600,0.07510,0.06950,
1770726248911636736,67.32282,27.87915,1.47313,0.10545,-0.00364,0.02830,0.99401,-1.15711,0.46858,-0.08555,
1770726249110941440,67.11211,27.91674,1.47887,0.10690,-0.00180,0.02461,0.99396,-0.94140,-0.00594,0.11112,
1770726249306118656,66.90882,27.94257,1.48560,0.09327,0.00238,0.02473,0.99533,-1.08319,0.13228,0.00699,
1770726249510149120,66.69237,27.97261,1.49864,0.08047,0.00939,0.02457,0.99641,-1.10068,0.10308,-0.00947,
1770726249709131264,66.46653,28.00017,1.49458,0.08173,-0.00086,0.02509,0.99634,-1.03938,0.13642,0.02008,
1770726249907314688,66.26526,28.01831,1.49694,0.08202,-0.00136,0.02101,0.99641,-1.26133,0.21871,-0.05401,
1770726250110527488,66.04404,28.06867,1.50037,0.08327,-0.00564,0.03255,0.99598,-1.11518,0.11630,0.05208,
1770726250308210944,65.82749,28.08335,1.50946,0.08273,0.00475,0.02485,0.99625,-1.22471,0.17518,-0.09536,
1770726250513234176,65.58660,28.12878,1.52059,0.08004,0.00840,0.03146,0.99626,-1.29103,0.07885,0.10285,
1770726250707782912,65.34958,28.15413,1.52370,0.08228,0.00534,0.02929,0.99616,-1.21274,0.15464,-0.02573,
1770726250908794624,65.13497,28.18512,1.53147,0.08450,0.00756,0.03004,0.99594,-1.08647,0.11974,0.08873,
1770726251107595264,64.88970,28.22122,1.54022,0.08912,0.00667,0.02923,0.99557,-1.43383,0.12027,-0.00013,
1770726251307220736,64.60423,28.26881,1.54733,0.09047,0.00756,0.03055,0.99540,-1.35550,0.20346,0.05482,
1770726251508433408,64.34791,28.31636,1.55971,0.09907,0.00959,0.03213,0.99452,-1.13554,0.26173,0.03384,
1770726251705513728,64.11052,28.35411,1.56708,0.10388,0.01169,0.02978,0.99408,-0.98124,0.24580,0.06600,
1770726251908763648,63.84428,28.40071,1.56241,0.10732,0.00297,0.02916,0.99379,-1.44244,0.38852,-0.12333,
1770726252106640384,63.60053,28.43337,1.58390,0.10646,0.00813,0.02525,0.99396,-1.16123,0.01171,0.06088,
1770726252307792384,63.37000,28.46953,1.58805,0.10108,0.01497,0.02116,0.99454,-1.01468,0.05345,0.09140,
1770726252508386304,63.12224,28.50521,1.59729,0.09407,0.00782,0.02108,0.99531,-1.18124,0.25503,-0.06306,
1770726252707290368,62.90226,28.53018,1.60867,0.09610,0.01310,0.01669,0.99515,-1.17201,0.17035,0.08346,
1770726252908080896,62.67873,28.56710,1.61814,0.09554,0.01333,0.01903,0.99515,-1.23965,0.25611,-0.03384,
1770726253110259200,62.46145,28.59785,1.62777,0.10227,0.01244,0.01451,0.99457,-1.02747,0.06218,0.07920,
1770726253307012608,62.22461,28.63464,1.63165,0.10538,0.00787,0.01300,0.99432,-1.25250,0.12307,0.04651,
1770726253506921216,61.93609,28.68156,1.63152,0.10072,-0.00259,0.01384,0.99482,-1.44178,0.17422,0.13083,
1770726253712080128,61.65865,28.72153,1.63907,0.10193,-0.00609,0.00647,0.99475,-1.37489,0.64725,0.10661,
1770726253948108544,61.39952,28.78962,1.66416,0.11470,0.01658,0.01059,0.99321,-1.14642,0.15340,0.16256,
1770726254107060224,61.19377,28.81918,1.66977,0.10479,0.01685,0.01051,0.99430,-1.31661,0.14725,0.10224,
1770726254306763008,60.93936,28.87169,1.67246,0.10797,0.00811,0.01410,0.99402,-1.19080,-0.05023,0.01091,
1770726254506381824,60.70271,28.91554,1.67518,0.11036,0.00234,0.01577,0.99376,-0.88047,0.29025,0.09256,
1770726254704761600,60.56700,28.94521,1.67256,0.11464,-0.00544,0.01651,0.99326,-0.22392,0.06300,-0.01719,
1770726254906053888,60.57419,28.93515,1.67535,0.11086,0.00205,0.01308,0.99375,0.22755,-0.07410,-0.00223,
1770726255107106560,60.57481,28.92933,1.67717,0.10397,0.00578,0.01146,0.99450,0.04642,-0.09496,-0.00368,
1770726255306183168,60.55897,28.93701,1.67573,0.08854,0.00458,0.01341,0.99597,0.02112,0.00808,0.00067,
1770726255505409792,60.56356,28.92803,1.67717,0.05681,0.00909,0.01226,0.99827,-0.06119,-0.07696,-0.00208,
1770726255704309504,60.53110,28.92841,1.67764,0.04966,0.00874,0.01143,0.99866,-0.26283,-0.01008,0.00555,
1770726255906941696,60.47487,28.93146,1.68030,0.04944,0.00794,0.01038,0.99869,-0.28302,0.02478,0.01826,
1770726256104796160,60.40157,28.92853,1.68389,0.04645,0.00817,0.00733,0.99886,-0.50093,0.02382,0.01020,
1770726256305910784,60.28695,28.93375,1.68822,0.04448,0.01113,0.00690,0.99892,-0.67923,0.04348,0.01746,
1770726256506653952,60.12718,28.95087,1.69105,0.04354,0.01049,0.01092,0.99894,-0.91515,0.13376,-0.00914,
1770726256702071808,59.95545,28.96881,1.69281,0.04531,0.00572,0.01319,0.99887,-0.78753,0.02286,0.04665,
1770726256904453376,59.81745,28.97755,1.71233,0.04269,0.02017,0.01330,0.99880,-0.69093,0.02110,0.03285,
1770726257103827712,59.62936,28.99421,1.70071,0.04187,0.00969,0.01767,0.99892,-1.09642,0.26150,-0.04357,
1770726257304860160,59.42680,29.00890,1.70060,0.04670,0.00642,0.01747,0.99874,-1.02009,0.04150,0.01939,
1770726257503615744,59.22529,29.03713,1.70098,0.04615,-0.00313,0.02654,0.99858,-0.94000,0.17085,0.02713,
1770726257704075776,59.04869,29.04125,1.70901,0.05194,0.00375,0.02117,0.99842,-0.80708,-0.06444,0.05586,
1770726257903285504,58.87605,29.04364,1.72044,0.05425,0.01211,0.01621,0.99832,-0.99313,0.06126,0.05192,
1770726258104133888,58.66655,29.06827,1.71798,0.05469,0.00581,0.02074,0.99827,-1.34795,0.18693,-0.13040,
1770726258303510784,58.49355,29.08058,1.73400,0.05933,0.01461,0.01875,0.99796,-0.90373,-0.08505,0.03963,
1770726258507846656,58.29558,29.09252,1.73127,0.05842,0.00364,0.01842,0.99812,-1.11293,0.26084,-0.00450,
1770726258704258304,58.11792,29.10064,1.73557,0.06519,0.00798,0.01278,0.99776,-1.01194,0.06894,-0.02725,
1770726258923311872,57.96052,29.11522,1.74048,0.06853,0.00467,0.01310,0.99755,-0.62550,-0.03008,0.06698,
1770726259116691712,57.81407,29.11707,1.74735,0.07388,0.01066,0.00674,0.99719,-0.96428,0.28329,-0.04814,
1770726259312311296,57.61257,29.15569,1.74673,0.07801,0.00428,0.01419,0.99684,-0.95746,0.13300,0.02523,
1770726259505867008,57.43400,29.18130,1.75232,0.07885,0.00518,0.01768,0.99672,-0.87223,0.22572,0.01445,
1770726259708611584,57.28249,29.20009,1.76746,0.08184,0.01709,0.01605,0.99637,-0.79753,-0.10136,0.05972,
1770726259905802496,57.08486,29.22226,1.77002,0.08201,0.01282,0.01538,0.99643,-1.11327,0.17630,0.00542,
1770726260105633280,56.89707,29.25449,1.76660,0.08689,0.00697,0.01895,0.99601,-0.67771,0.13002,0.01614,
1770726260305761792,56.77718,29.26292,1.78357,0.09079,0.01563,0.01352,0.99566,-0.81523,0.09020,0.03817,
1770726260502805504,56.56185,29.30386,1.78468,0.09815,0.01040,0.01650,0.99498,-1.18559,0.31888,0.01181,
1770726260703945728,56.31007,29.35548,1.78314,0.10090,-0.00294,0.02243,0.99464,-1.19723,0.26988,-0.03075,
1770726260901495296,56.11484,29.39214,1.79358,0.10503,0.00707,0.02124,0.99422,-0.76790,-0.01954,0.17718,
1770726261103356416,55.90962,29.41763,1.79825,0.10647,0.00920,0.01716,0.99413,-1.10307,0.22497,0.06453,
1770726261302255872,55.70849,29.46905,1.80339,0.10991,0.01107,0.02370,0.99360,-0.90549,0.15942,0.04800,
1770726261502558720,55.51631,29.49676,1.80804,0.11537,0.00807,0.01804,0.99313,-0.94397,0.28157,-0.01701,
1770726261701110016,55.29127,29.54206,1.80688,0.11912,-0.00102,0.01745,0.99273,-1.09822,0.21943,0.05921,
1770726261902607360,55.10010,29.57615,1.81776,0.12149,0.00801,0.01338,0.99247,-0.79586,0.11375,0.06370,
1770726262101540352,54.91715,29.61708,1.82000,0.11669,0.00662,0.01691,0.99300,-0.75084,0.03877,0.07037,
1770726262301118976,54.71047,29.64714,1.82752,0.11186,0.00559,0.01476,0.99360,-1.24811,0.33963,-0.02112,
1770726262501038592,54.49164,29.68388,1.83211,0.10943,0.00631,0.01355,0.99388,-0.89106,0.18302,0.05570,
1770726262699870976,54.32151,29.70860,1.84527,0.10734,0.01421,0.00993,0.99407,-0.64487,0.07926,0.10082,
1770726262901813248,54.16423,29.73289,1.84609,0.10477,0.01237,0.00963,0.99437,-0.77151,0.13013,0.00910,
1770726263100158464,53.98795,29.75113,1.85081,0.09750,0.01206,0.00710,0.99514,-0.93807,0.17486,0.02733,
1770726263300685056,53.76915,29.79363,1.85401,0.09309,0.00264,0.01361,0.99556,-0.97966,0.27302,0.02551,
1770726263501325056,53.56608,29.83048,1.85628,0.09023,0.00370,0.01675,0.99577,-0.92648,0.03594,0.00684,
1770726263699884800,53.35223,29.84036,1.86011,0.08362,0.00432,0.01028,0.99644,-1.16297,0.23868,0.00219,
1770726263900298240,53.09359,29.88211,1.85628,0.08312,-0.00883,0.01432,0.99640,-1.21071,0.27470,0.06200,
1770726264101392384,52.88642,29.89365,1.87425,0.08573,0.00863,0.00504,0.99627,-1.01669,0.13086,0.12791,
1770726264300938240,52.66334,29.92216,1.88557,0.08264,0.01988,0.00652,0.99636,-1.31125,0.17858,-0.04960,
1770726264500276224,52.41718,29.98571,1.88228,0.08259,-0.00016,0.02489,0.99627,-1.00098,0.15914,-0.04410,
1770726264701718528,52.20278,30.00468,1.88080,0.08426,0.00016,0.02069,0.99623,-1.25369,0.33158,-0.07656,
1770726264900928768,52.00505,30.02652,1.88989,0.09487,0.00503,0.01395,0.99538,-0.92915,0.02601,0.06021,
1770726265100325632,51.81734,30.05621,1.89506,0.09678,0.00796,0.01448,0.99517,-0.82047,-0.02486,0.07210,
1770726265299013120,51.61628,30.10078,1.89651,0.09780,0.00549,0.02275,0.99493,-0.99477,0.39928,0.09087,
1770726265495707392,51.39689,30.12197,1.90533,0.10118,0.00702,0.01396,0.99475,-1.03417,0.30051,0.04776,
1770726265699970816,51.16153,30.17921,1.90746,0.10569,0.00902,0.02195,0.99412,-0.88024,0.38304,0.06307,
1770726265899345920,50.93157,30.21495,1.91179,0.10981,0.00696,0.01887,0.99375,-1.01158,0.12337,0.09620,
1770726266099834880,50.68590,30.25359,1.91659,0.10935,0.00299,0.01541,0.99388,-1.34894,0.16053,-0.01691,
1770726266299336448,50.40857,30.30967,1.91730,0.11176,-0.00049,0.01791,0.99357,-1.34134,0.31667,0.03345,
1770726266498246400,50.16042,30.35777,1.92365,0.11338,0.00033,0.01798,0.99339,-1.06294,0.17802,0.03284,
1770726266698632448,49.93668,30.39661,1.93178,0.11412,0.00494,0.01642,0.99332,-1.28354,0.25500,0.00726,
1770726266897949696,49.71825,30.43933,1.94144,0.11640,0.01010,0.01348,0.99306,-1.27055,0.14232,0.02379,
1770726267098379520,49.45663,30.49442,1.94234,0.11841,0.00356,0.01556,0.99284,-1.37711,0.25484,-0.02858,
1770726267298488576,49.19210,30.56154,1.95017,0.11506,0.00152,0.02295,0.99309,-1.33569,0.22576,0.03188,
1770726267500163840,48.95509,30.60824,1.95345,0.11262,0.00062,0.02143,0.99341,-1.19003,-0.12812,-0.08028,
1770726267708330752,48.74639,30.62312,1.96522,0.10060,0.00608,0.01446,0.99480,-1.01295,0.27692,0.03350,
1770726267897307392,48.51266,30.68140,1.95894,0.09399,-0.00725,0.02676,0.99519,-1.13221,0.42199,0.05787,
1770726268099830272,48.28299,30.70478,1.96807,0.09005,-0.00656,0.01872,0.99574,-0.88779,0.08371,0.22282,
1770726268298051584,48.08775,30.73306,1.97573,0.08372,0.00578,0.02053,0.99626,-1.03105,0.22425,0.08490,
1770726268497785344,47.87409,30.76457,1.97718,0.08804,0.00117,0.02068,0.99590,-1.02865,-0.02423,0.01957,
1770726268696686336,47.65231,30.79281,1.98690,0.08993,0.00683,0.01845,0.99575,-1.10160,0.26234,0.12872,
1770726268895628800,47.39875,30.82772,1.98602,0.09337,0.00024,0.01607,0.99550,-1.45833,0.16330,-0.10852,
1770726269096133376,47.14638,30.86990,1.99040,0.09554,-0.00521,0.01783,0.99525,-1.16790,0.36085,-0.10103,
1770726269297058560,46.94202,30.89902,2.00174,0.09468,0.00355,0.01643,0.99537,-0.77524,0.04502,0.18520,
1770726269496288000,46.71558,30.92823,2.00236,0.08624,-0.00013,0.01801,0.99611,-1.14912,0.32080,0.07451,
1770726269696759040,46.46680,30.95912,2.00756,0.08684,-0.00298,0.01587,0.99609,-1.13259,0.33692,0.13685,
1770726269895981568,46.23792,31.00112,2.00732,0.08673,-0.00679,0.01967,0.99601,-1.03343,0.07944,-0.01852,
1770726270097443584,46.03417,31.02473,2.01630,0.08583,0.00027,0.01754,0.99616,-0.94272,0.20764,0.03949,
1770726270296029440,45.81102,31.05102,2.00791,0.09001,-0.00784,0.01437,0.99581,-1.07177,0.31292,0.00570,
1770726270492046592,45.55807,31.10515,1.98318,0.09182,-0.03043,0.02346,0.99503,-1.13375,0.39303,-0.00329,
1770726270697157632,45.32962,31.15304,1.98270,0.09139,-0.04154,0.02970,0.99450,-0.67918,0.07196,0.18042,
1770726270896939264,45.26642,31.12480,2.03106,0.09213,0.01768,0.00861,0.99555,-0.56864,-0.08195,0.12050,
1770726271096782080,45.12762,31.16822,2.03722,0.08319,0.03644,0.02425,0.99557,-0.77136,0.29159,0.01862,
1770726271295956224,44.94387,31.17185,2.04077,0.08489,0.02653,0.01357,0.99594,-0.75522,0.04973,0.07030,
1770726271496224000,44.76359,31.17997,2.03980,0.08070,0.00856,0.00907,0.99666,-0.98212,0.07479,-0.00609,
1770726271701837568,44.50730,31.22186,2.02535,0.07853,-0.01549,0.01617,0.99666,-1.24002,0.38710,-0.00099,
1770726271895425280,44.29707,31.25796,2.03615,0.08482,-0.00961,0.01613,0.99622,-0.92983,0.15608,0.04573,
1770726272096075520,44.09180,31.28728,2.03827,0.08691,-0.00501,0.01457,0.99610,-0.98651,0.16410,0.06884,
1770726272291904000,43.87889,31.31824,2.04117,0.08829,-0.00130,0.01570,0.99597,-1.20279,0.29083,0.00025,
1770726272495665408,43.62930,31.36990,2.03974,0.09185,-0.00735,0.02207,0.99550,-1.01043,0.18939,0.07634,
1770726272696010240,43.42377,31.39376,2.04371,0.09407,-0.00124,0.01702,0.99542,-0.98632,0.14904,0.02628,
1770726272895831296,43.19031,31.44201,2.03886,0.09403,-0.00966,0.02347,0.99525,-1.14176,0.22982,0.04022,
1770726273094137088,42.96829,31.47509,2.04064,0.09693,-0.01131,0.02217,0.99498,-0.87758,0.19920,0.06306,
1770726273294671872,42.81521,31.49857,2.05395,0.09663,0.00537,0.02072,0.99509,-0.88658,0.09021,0.04162,
1770726273494955776,42.59011,31.53164,2.05522,0.09197,0.00504,0.02205,0.99550,-1.38210,0.14659,-0.07244,
1770726273695018240,42.32915,31.56927,2.05122,0.09097,-0.00576,0.02297,0.99557,-1.31692,0.25324,-0.09432,
1770726273894947584,42.11779,31.60926,2.05668,0.09203,-0.00682,0.02485,0.99542,-0.89372,-0.05966,-0.00279,
1770726274094980352,41.92791,31.61853,2.06659,0.08672,0.00145,0.01918,0.99605,-1.04962,0.22109,0.04045,
1770726274294546688,41.71260,31.65352,2.06723,0.08353,0.00159,0.02152,0.99627,-1.22115,0.14046,-0.03188,
1770726274494242304,41.50522,31.68651,2.06700,0.08632,-0.00641,0.02436,0.99595,-0.89477,0.05141,0.02806,
1770726274692675328,41.34303,31.70598,2.06969,0.08981,-0.00301,0.02143,0.99572,-0.68466,0.06952,0.03727,
1770726274893683456,41.17138,31.72760,2.07061,0.08812,-0.00569,0.02084,0.99588,-0.93296,0.15419,0.04099,
1770726275094234112,40.97458,31.75524,2.07894,0.09109,-0.00207,0.01910,0.99566,-0.87274,0.21788,0.14644,
1770726275292472576,40.77931,31.78043,2.08410,0.09413,0.00319,0.01677,0.99541,-0.94039,0.20334,-0.03988,
1770726275495440384,40.57286,31.80867,2.08794,0.09629,0.00103,0.01528,0.99524,-0.84027,0.19156,0.15580,
1770726275693280512,40.37304,31.85021,2.08985,0.09724,-0.00123,0.01951,0.99507,-1.01926,0.21096,0.00278,
1770726275893571840,40.16726,31.87887,2.08742,0.10118,-0.00656,0.01642,0.99471,-0.96603,0.15968,-0.01176,
1770726276093730816,39.99856,31.90956,2.09913,0.09642,0.00217,0.01929,0.99515,-0.94093,0.21905,-0.04433,
1770726276293504768,39.78628,31.93908,2.09684,0.09443,-0.00204,0.01922,0.99534,-0.93703,0.27844,0.07630,
1770726276491299328,39.59355,31.97736,2.10046,0.09405,-0.00415,0.02371,0.99528,-0.84218,0.14330,0.06882,
1770726276692240640,39.42579,31.99523,2.10816,0.09546,0.00437,0.01874,0.99525,-0.85417,0.16448,0.01898,
1770726276891980544,39.22761,32.02730,2.10719,0.09687,-0.00234,0.01987,0.99510,-1.04038,0.25506,-0.02983,
1770726277102408448,39.01328,32.05881,2.11370,0.10278,0.00259,0.01557,0.99458,-1.26562,0.22988,0.00200,
1770726277293046272,38.79419,32.10064,2.11454,0.10755,-0.00092,0.01662,0.99406,-1.07632,0.11637,-0.02254,
1770726277492335360,38.60983,32.13185,2.12431,0.10858,0.00315,0.01589,0.99396,-0.87819,0.16140,0.06386,
1770726277692687104,38.40985,32.16389,2.12460,0.10790,0.00138,0.01552,0.99404,-1.12350,0.20194,-0.01806,
1770726277893595648,38.18783,32.20003,2.12613,0.10755,-0.00141,0.01458,0.99409,-1.09334,0.17271,0.04703,
1770726278092315648,37.97095,32.24444,2.12366,0.10543,-0.00659,0.01819,0.99424,-1.04953,0.10259,0.02908,
1770726278292253696,37.77843,32.28119,2.13032,0.10514,-0.00278,0.01940,0.99426,-0.96919,0.15503,0.03243,
1770726278491977216,37.59769,32.29578,2.14036,0.10380,0.00558,0.01170,0.99451,-1.00593,0.06990,0.01322,
1770726278694365440,37.38610,32.34013,2.14029,0.10060,0.00136,0.01818,0.99476,-0.91578,0.16408,0.08245,
1770726278893131008,37.18540,32.37187,2.13997,0.10017,-0.00452,0.01756,0.99480,-0.97244,0.10483,0.00098,
1770726279094572544,37.00918,32.39453,2.14597,0.09730,0.00181,0.01574,0.99513,-0.84422,0.23397,-0.00511,
1770726279285710592,36.83451,32.41335,2.15525,0.09538,0.00626,0.01310,0.99533,-1.09741,0.09114,-0.07409,
1770726279490882304,36.62142,32.44131,2.16305,0.09575,0.00661,0.01026,0.99533,-0.95527,0.05409,0.05629,
1770726279691171840,36.42305,32.47917,2.16609,0.09309,0.00295,0.01525,0.99554,-1.13256,0.11722,0.03180,
1770726279891916544,36.22119,32.49309,2.17586,0.09081,0.00761,0.00975,0.99579,-1.13011,0.03596,0.02618,
1770726280090576384,36.00346,32.54487,2.17576,0.08719,0.00164,0.02298,0.99593,-1.17122,0.06556,-0.08217,
1770726280291006464,35.78467,32.55976,2.18233,0.08667,0.00312,0.01384,0.99614,-1.29781,0.08438,-0.04688,
1770726280490536192,35.55799,32.59987,2.18307,0.08256,-0.00282,0.02034,0.99637,-1.15174,0.16811,0.01085,
1770726280690472960,35.34396,32.63352,2.18994,0.08307,-0.00106,0.02230,0.99629,-1.07160,0.20200,-0.03148,
1770726280891100672,35.15629,32.65722,2.19613,0.08570,0.00367,0.02072,0.99610,-0.83391,0.12630,0.07312,
1770726281093911808,34.96059,32.68395,2.20214,0.08889,0.00353,0.01887,0.99586,-0.85404,0.15955,0.06731,
1770726281293448704,34.75248,32.71413,2.20523,0.09424,0.00420,0.01675,0.99540,-1.32708,0.21240,-0.06470,
1770726281489816064,34.50989,32.75068,2.20372,0.09893,-0.00447,0.01440,0.99498,-1.18098,0.18212,0.03097,
1770726281686064640,34.30865,32.79590,2.20829,0.10363,-0.00477,0.01829,0.99444,-0.93862,0.11404,-0.03312,
1770726281887107584,34.12325,32.81272,2.22411,0.10558,0.01211,0.00977,0.99429,-1.16701,0.17589,0.03844,
1770726282090121728,33.85572,32.87272,2.23019,0.10947,0.00876,0.01480,0.99384,-1.44049,0.28588,-0.03498,
1770726282291079936,33.61369,32.92482,2.23347,0.11688,0.00712,0.01685,0.99298,-1.16839,0.20334,-0.00459,
1770726282491009280,33.40549,32.95716,2.23633,0.11398,-0.00003,0.01583,0.99336,-1.01051,0.12585,0.08103,
1770726282690439168,33.18940,32.98859,2.24244,0.10346,-0.00102,0.01880,0.99446,-1.01437,0.36296,0.06577,
1770726282889935360,32.96788,33.02035,2.24412,0.09755,-0.00240,0.01681,0.99509,-1.14249,0.01909,-0.00023,
1770726283088929792,32.77252,33.02672,2.25233,0.07997,0.00139,0.01192,0.99672,-0.97052,0.11988,0.06072,
1770726283288142080,32.57538,33.04817,2.26101,0.06842,0.00534,0.01618,0.99751,-1.12127,0.04661,-0.10207,
1770726283489826560,32.35447,33.07505,2.26249,0.07026,-0.00138,0.01790,0.99737,-1.13783,0.05887,-0.01226,
1770726283689747968,32.15205,33.09430,2.27043,0.07332,0.00191,0.01550,0.99719,-0.98392,-0.00237,0.07583,
1770726283889148672,31.95310,33.11838,2.27838,0.07229,0.00605,0.01814,0.99720,-1.06277,0.13171,-0.02428,
1770726284104248320,31.73238,33.15400,2.28564,0.07364,0.00373,0.02361,0.99700,-0.89740,0.11998,0.07585,
1770726284288411392,31.55990,33.16187,2.29847,0.07387,0.01303,0.01623,0.99705,-1.00946,0.03544,0.05506,
1770726284488618752,31.35852,33.18938,2.30665,0.07286,0.01561,0.01903,0.99704,-1.07603,0.23769,0.06859,
1770726284689903872,31.10429,33.23880,2.30662,0.07530,0.00209,0.02914,0.99673,-1.26959,0.16715,-0.01519,
1770726284890389504,30.86800,33.25806,2.31554,0.07994,0.00725,0.02212,0.99653,-1.30933,0.16387,0.01956,
1770726285087966208,30.63719,33.30614,2.32338,0.08268,0.00705,0.03105,0.99607,-1.10838,0.14116,-0.00334,
1770726285288209920,30.40241,33.33519,2.32863,0.08539,0.00632,0.02760,0.99594,-1.25588,0.28563,-0.04838,
1770726285488431360,30.17572,33.38060,2.33449,0.09040,0.00415,0.03266,0.99536,-1.10379,0.03796,0.07060,
1770726285687407616,29.93502,33.41541,2.33995,0.09336,0.00503,0.03215,0.99510,-1.48316,0.13358,-0.04692,
1770726285888092928,29.64967,33.45879,2.33853,0.10076,-0.00311,0.02883,0.99449,-1.43859,0.28654,-0.05672,
1770726286087482112,29.40566,33.50289,2.34269,0.10942,-0.00225,0.02754,0.99361,-1.09177,0.13267,0.00184,
1770726286285419776,29.20605,33.54046,2.35070,0.11543,0.00064,0.02527,0.99299,-0.96177,0.18897,-0.01097,
1770726286491433984,28.99466,33.57358,2.36005,0.11657,0.00420,0.02065,0.99296,-1.08011,0.14795,0.07810,
1770726286686669568,28.77729,33.61634,2.36344,0.11472,0.00368,0.02235,0.99314,-1.09789,0.16974,0.06632,
1770726286889797120,28.55085,33.65310,2.37657,0.11294,0.00985,0.01873,0.99338,-1.31357,0.20781,0.05446,
1770726287086313216,28.30001,33.71072,2.37953,0.11426,0.00711,0.02553,0.99310,-1.26315,0.33387,0.05006,
1770726287287548160,28.07623,33.75921,2.38890,0.12187,0.00561,0.02539,0.99221,-0.95288,0.16223,0.03901,
1770726287489488128,27.88515,33.79224,2.39214,0.12284,0.00605,0.02236,0.99216,-0.93718,0.21354,0.04701,
1770726287689308416,27.67685,33.84114,2.39404,0.12134,0.00069,0.02682,0.99225,-1.10715,0.33040,-0.04404,
1770726287886347520,27.47917,33.88377,2.40033,0.12171,0.00084,0.02676,0.99220,-0.88053,0.05353,0.08376,
1770726288087319808,27.27464,33.92011,2.40587,0.11598,0.00399,0.02734,0.99287,-1.09069,0.28204,-0.00377,
1770726288286892544,27.07207,33.96248,2.40958,0.11315,0.00210,0.02957,0.99314,-1.03217,0.27418,-0.00633,
1770726288486174976,26.87724,33.99480,2.41500,0.11266,0.00062,0.02876,0.99322,-0.75542,0.11853,0.09989,
1770726288682990848,26.69283,34.01348,2.42017,0.11031,0.00265,0.02186,0.99365,-1.02112,0.19735,-0.00042,
1770726288885871360,26.49046,34.06156,2.42092,0.10623,0.00223,0.02844,0.99393,-0.96627,0.12969,0.01372,
1770726289086527488,26.34177,34.08806,2.42542,0.09663,-0.00257,0.03182,0.99481,-0.58227,0.04370,0.04208,
1770726289286460672,26.22454,34.07870,2.43415,0.08577,0.00537,0.02222,0.99605,-0.71697,0.00663,0.01576,
1770726289485574912,26.08367,34.09404,2.43633,0.07327,0.00565,0.02409,0.99701,-0.63130,0.00144,0.05205,
1770726289684806400,25.92368,34.11271,2.44238,0.07141,0.00720,0.02507,0.99711,-0.83876,0.11287,0.06821,
1770726289886259200,25.72242,34.13803,2.45232,0.07046,0.00943,0.02697,0.99711,-1.05104,0.05911,0.05631,
1770726290085814784,25.53306,34.15083,2.46323,0.07163,0.01587,0.02308,0.99704,-0.93180,0.32506,-0.05816,
1770726290285254656,25.36255,34.19990,2.46408,0.07223,0.00615,0.03796,0.99665,-0.71473,-0.00878,0.10040,
1770726290489116160,25.17833,34.19342,2.47197,0.06934,0.00788,0.02609,0.99722,-1.05025,0.16494,-0.02314,
1770726290685971968,24.95592,34.23572,2.46385,0.07817,-0.00348,0.03202,0.99642,-1.07842,0.16337,0.00945,
1770726290884057344,24.75589,34.27693,2.47030,0.07781,-0.00238,0.04094,0.99612,-0.86709,0.20806,0.03885,
1770726291083662336,24.57323,34.28193,2.48254,0.08191,0.00631,0.02921,0.99619,-1.13017,0.14521,0.02180,
1770726291284836352,24.34091,34.32073,2.48223,0.08543,-0.00058,0.03230,0.99582,-1.10128,0.29515,0.10053,
1770726291484045312,24.13260,34.35931,2.49119,0.08907,0.00510,0.03349,0.99545,-1.10668,0.20442,0.02286,
1770726291684588800,23.89357,34.39434,2.48957,0.09339,-0.00055,0.03270,0.99509,-1.23299,0.17170,0.00219,
1770726291883426304,23.66840,34.43061,2.49961,0.09617,0.00211,0.02992,0.99491,-1.21463,0.11307,-0.05608,
1770726292084088064,23.42872,34.47198,2.50079,0.10135,-0.00045,0.03038,0.99439,-1.09773,0.25660,0.06129,
1770726292285270528,23.24201,34.51109,2.51501,0.10295,0.00650,0.03281,0.99412,-0.96215,0.19942,-0.03616,
1770726292486884352,23.04146,34.54601,2.52338,0.10166,0.01081,0.03308,0.99421,-1.06707,0.10622,0.05406,
1770726292683278848,22.83804,34.57456,2.53093,0.10086,0.01043,0.03116,0.99436,-1.04187,0.24252,0.04623,
1770726292884422912,22.61704,34.60827,2.53563,0.10224,0.00852,0.02920,0.99429,-1.17045,0.09269,0.01797,
1770726293087001600,22.37710,34.65237,2.53952,0.09464,0.00161,0.03613,0.99485,-1.20023,0.20211,-0.01013,
1770726293283011584,22.16623,34.67984,2.54892,0.09076,0.00599,0.03497,0.99524,-0.94881,0.16468,0.11559,
1770726293479271424,21.95675,34.70420,2.55453,0.08450,0.00474,0.03411,0.99583,-0.94234,0.22414,0.06095,
1770726293682713344,21.73917,34.71726,2.55951,0.08026,0.00552,0.02742,0.99638,-0.91044,0.12042,0.15407,
1770726293883928064,21.52297,34.75240,2.56377,0.07134,0.00009,0.03611,0.99680,-1.05851,0.12773,0.03841,
1770726294093069568,21.31072,34.76336,2.57514,0.06506,0.00616,0.03334,0.99731,-1.12177,0.11529,0.03360,
1770726294286014976,21.10572,34.78596,2.58015,0.06362,0.00530,0.03475,0.99735,-1.14970,0.17464,-0.01294,
1770726294482922752,20.90334,34.82373,2.59192,0.06540,0.00714,0.04441,0.99684,-0.91322,0.26332,0.08295,
1770726294682516224,20.71272,34.83060,2.59132,0.07827,0.00616,0.03518,0.99629,-0.81345,-0.00130,0.06428,
1770726294882897408,20.51782,34.86017,2.59251,0.08232,0.00211,0.03682,0.99592,-0.96437,0.12585,0.02545,
1770726295083951360,20.32506,34.89916,2.59501,0.08464,-0.00279,0.04218,0.99551,-0.80636,0.06722,0.05403,
1770726295283143168,20.14552,34.92143,2.60837,0.08888,0.00707,0.03905,0.99525,-0.99254,0.23922,0.06579,
1770726295481952768,19.92436,34.95394,2.61256,0.09598,0.00574,0.03511,0.99475,-1.09503,0.18587,0.01442,
1770726295680138240,19.70257,34.99012,2.61623,0.10082,0.00307,0.03373,0.99433,-1.19533,0.29980,0.07851,
1770726295883952384,19.47534,35.03974,2.62262,0.10772,0.00064,0.03629,0.99352,-1.06562,0.19410,0.02074,
1770726296081103360,19.31013,35.06946,2.63380,0.10917,0.00943,0.03413,0.99339,-0.80172,-0.06903,0.03220,
1770726296282893056,19.11200,35.09969,2.63870,0.11080,0.00612,0.03130,0.99333,-1.14021,0.24075,-0.02873,
1770726296481556736,18.91328,35.15002,2.64374,0.11258,0.00557,0.03726,0.99293,-0.91354,0.29010,0.05393,
1770726296680768256,18.74157,35.17434,2.65316,0.11790,0.00850,0.03095,0.99251,-0.79856,0.11777,0.09348,
1770726296881128448,18.53425,35.21493,2.65094,0.11873,0.00053,0.03348,0.99236,-0.82906,0.41698,0.05606,
1770726297083045120,18.35330,35.26414,2.65623,0.12201,0.00064,0.03873,0.99177,-0.79350,0.24359,0.01716,
1770726297277306624,18.21064,35.28497,2.66372,0.12143,0.00639,0.03420,0.99199,-0.74762,0.01539,0.07774,
1770726297480220416,18.01104,35.31451,2.66787,0.11644,0.00574,0.03240,0.99265,-1.24173,0.31417,-0.06538,
1770726297680953600,17.78876,35.36466,2.66919,0.11733,0.00176,0.03489,0.99248,-1.14957,0.20141,-0.02843,
1770726297880143360,17.58958,35.39372,2.67382,0.11594,-0.00006,0.03023,0.99280,-0.94238,0.07312,0.06936,
1770726298080229888,17.36954,35.42839,2.67708,0.10759,0.00094,0.03207,0.99368,-1.24664,0.39043,-0.06270,
1770726298283521792,17.12345,35.47513,2.68264,0.10655,0.00107,0.03221,0.99378,-1.17703,0.13892,0.04657,
1770726298485175296,16.91931,35.52038,2.68558,0.10660,0.00026,0.03500,0.99369,-0.89967,0.09685,0.07698,
1770726298679837184,16.73161,35.53480,2.69404,0.10158,0.00576,0.02775,0.99442,-1.11980,0.13008,-0.00480,
1770726298884580864,16.48401,35.58771,2.69810,0.09137,0.00251,0.03811,0.99508,-1.29587,0.21086,-0.01324,
1770726299080007680,16.23457,35.62082,2.69931,0.08948,0.00030,0.03608,0.99533,-1.06285,0.17216,0.12094,
1770726299279809536,15.99617,35.66134,2.70297,0.08493,-0.00086,0.03928,0.99561,-1.08634,0.25294,0.04856,
1770726299480037120,15.74696,35.68719,2.70541,0.08095,-0.00406,0.03634,0.99605,-1.26592,0.06080,-0.00160,
1770726299679730432,15.52427,35.71167,2.71371,0.08007,0.00256,0.03474,0.99618,-1.13646,0.09405,0.01905,
1770726299880353280,15.27472,35.74409,2.71337,0.07970,-0.00031,0.03507,0.99620,-1.34525,0.22692,0.01197,
1770726300081127936,15.01297,35.78755,2.71760,0.08381,-0.00286,0.03775,0.99576,-1.33711,0.23105,-0.03681,
1770726300277794304,14.78631,35.81380,2.72679,0.08906,0.00426,0.03302,0.99547,-1.04545,0.09120,0.03904,
1770726300480515840,14.56079,35.86443,2.72828,0.09195,-0.00002,0.03996,0.99496,-1.04883,0.09272,0.00628,
1770726300680670720,14.34424,35.88764,2.73157,0.09408,-0.00009,0.03582,0.99492,-1.21388,0.27643,0.00565,
1770726300880680448,14.10462,35.92645,2.73767,0.09512,-0.00345,0.03795,0.99474,-1.20706,0.28421,0.01647,
1770726301077810688,13.88656,35.96631,2.74372,0.10034,0.00230,0.03872,0.99420,-1.01725,0.21799,0.02220,
1770726301278409216,13.67028,36.00531,2.74761,0.10377,0.00320,0.03821,0.99386,-1.00262,0.10868,0.13671,
1770726301479343872,13.43019,36.05259,2.75315,0.10955,0.00177,0.03997,0.99318,-1.36049,0.13669,-0.00537,
1770726301677687552,13.19798,36.09944,2.75825,0.11437,0.00056,0.04123,0.99258,-1.14895,0.28761,-0.03567,
1770726301880034560,13.00559,36.13974,2.76691,0.11543,0.00921,0.04124,0.99242,-1.08984,0.23718,0.03574,
1770726302078291968,12.77147,36.18404,2.76963,0.12021,0.00457,0.03889,0.99198,-1.27983,0.36403,0.00940,
1770726302276404736,12.54320,36.23262,2.77302,0.12533,0.00337,0.03816,0.99138,-0.96945,0.11176,0.07810,
1770726302476621568,12.32738,36.27427,2.77794,0.12318,0.00284,0.03748,0.99167,-0.79450,0.35229,0.20109,
1770726302688580352,12.09431,36.32336,2.78379,0.12926,0.00451,0.03316,0.99105,-1.14039,0.26325,0.01767,
1770726302877639168,11.90208,36.37274,2.78578,0.13429,-0.00260,0.03605,0.99028,-0.79382,0.24640,-0.01636,
1770726303077846272,11.72847,36.40569,2.78676,0.13111,-0.00249,0.03413,0.99078,-0.95716,0.18034,0.05295,
1770726303278403584,11.52136,36.43912,2.78701,0.12268,-0.00440,0.03153,0.99194,-0.77216,0.36700,0.08562,
1770726303477143552,11.34707,36.48337,2.79332,0.12110,-0.00274,0.03537,0.99201,-0.67838,0.07312,0.08162,
1770726303678189824,11.18056,36.49858,2.79806,0.11474,0.00267,0.02842,0.99299,-0.82987,0.21160,0.00471,
1770726303877128960,10.99822,36.54061,2.80261,0.11517,0.00275,0.03073,0.99287,-0.98792,0.24304,-0.03542,
1770726304077376768,10.81542,36.57301,2.80789,0.11926,0.00164,0.02584,0.99253,-1.13000,0.00445,-0.08076,
1770726304277048832,10.62725,36.60118,2.81487,0.11712,0.00394,0.02104,0.99289,-1.10822,0.07595,-0.05860,
1770726304476123904,10.43455,36.63588,2.81770,0.11048,0.00192,0.02055,0.99366,-0.96366,0.14627,-0.01664,
1770726304674914304,10.26811,36.65352,2.82672,0.11086,0.00606,0.01332,0.99373,-0.88314,0.08381,0.07888,
1770726304875729664,10.07749,36.69348,2.82591,0.10092,-0.00090,0.01941,0.99470,-1.00233,0.08732,0.03968,
1770726305073982720,9.87438,36.72362,2.83112,0.10229,-0.00334,0.01768,0.99459,-0.96603,0.29687,0.08283,
1770726305275432704,9.68346,36.77869,2.83604,0.10231,-0.00055,0.02775,0.99437,-0.62064,0.15941,0.10474,
1770726305476729856,9.51350,36.79265,2.84988,0.10133,0.01291,0.02069,0.99455,-0.99716,0.24614,-0.03658,
1770726305675161088,9.30767,36.82421,2.85508,0.09648,0.00833,0.02065,0.99509,-1.32149,0.06721,-0.13241,
1770726305876777728,9.07557,36.85682,2.86028,0.08914,0.00438,0.02162,0.99577,-1.04455,0.26459,0.17598,
1770726306075098624,8.85291,36.90800,2.86006,0.08509,-0.00698,0.03303,0.99580,-1.07143,0.23053,-0.04877,
1770726306274569984,8.63343,36.90039,2.86503,0.08063,-0.00022,0.01456,0.99664,-1.27703,0.07609,-0.04093,
1770726306475241472,8.39895,36.95159,2.86466,0.07379,-0.00658,0.02887,0.99683,-1.09433,0.16608,0.04754,
1770726306675259648,8.18924,36.97161,2.87562,0.07642,-0.00112,0.02388,0.99679,-0.99428,-0.05061,0.05120,
1770726306875286272,7.95094,37.00383,2.87500,0.07237,0.00115,0.03005,0.99692,-1.16130,0.37081,-0.11481,
1770726307076835072,7.70983,37.03958,2.88361,0.08079,0.00074,0.02763,0.99635,-1.23640,-0.01333,0.10943,
1770726307277500160,7.49424,37.07700,2.88844,0.08246,0.00741,0.03491,0.99595,-1.25369,0.00248,-0.18501,
1770726307476395008,7.25545,37.11132,2.89019,0.08948,0.00022,0.03159,0.99549,-1.29752,0.16340,-0.01105,
1770726307675690752,7.03333,37.14896,2.89423,0.09357,-0.00452,0.03367,0.99503,-1.07939,0.14437,0.04308,
1770726307874874368,6.84670,37.16715,2.90491,0.09466,0.00570,0.02709,0.99513,-1.11934,0.28374,-0.01067,
1770726308074133504,6.62726,37.20634,2.91087,0.10477,0.00932,0.02584,0.99412,-1.20227,0.22035,-0.02756,
1770726308274969856,6.39335,37.24697,2.91063,0.11034,0.00074,0.02357,0.99361,-0.92883,0.03639,0.09905,
1770726308474979328,6.16305,37.29383,2.92257,0.11381,0.00303,0.02558,0.99317,-1.38046,0.26746,-0.03261,
1770726308674413568,5.90225,37.34179,2.92403,0.11906,0.00031,0.02173,0.99265,-1.09120,0.22042,0.06069,
1770726308875277824,5.69070,37.38710,2.93502,0.12093,0.00499,0.02411,0.99236,-0.90866,0.20876,0.07625,
1770726309072707328,5.48825,37.42132,2.94902,0.12552,0.01316,0.01788,0.99184,-1.06292,0.31650,0.07252,
1770726309273043968,5.24631,37.47331,2.95017,0.12855,0.00701,0.01806,0.99151,-1.33091,0.36931,-0.02415,
1770726309473739776,5.03408,37.52388,2.95767,0.13317,0.00561,0.01808,0.99091,-0.95707,0.05701,0.05124,
1770726309674678784,4.79248,37.56887,2.95909,0.13498,-0.00171,0.01504,0.99073,-1.17953,0.30781,-0.00852,
1770726309873779456,4.57286,37.61871,2.96695,0.13922,0.00143,0.01282,0.99018,-0.98079,0.20589,0.01942,
1770726310074617856,4.39356,37.66072,2.97386,0.14015,0.00381,0.01179,0.99005,-0.97502,0.24188,0.00808,
1770726310274760192,4.16634,37.70713,2.97452,0.13661,-0.00188,0.01053,0.99057,-1.30963,0.32400,-0.03466,
1770726310473629696,3.94632,37.74939,2.97939,0.13062,-0.00246,0.00714,0.99140,-1.23883,-0.02125,-0.08397,
1770726310673930496,3.76030,37.78326,2.99131,0.11431,0.00122,0.01012,0.99339,-0.80489,-0.01329,0.05418,
1770726310872579584,3.58149,37.79461,2.99137,0.09311,0.00044,0.00732,0.99563,-0.80705,0.10801,0.04039,
1770726311073712128,3.38489,37.81734,2.99096,0.07348,-0.00583,0.01202,0.99721,-0.90458,0.10579,0.01849,
1770726311280134912,3.20711,37.82967,2.99358,0.06666,-0.00841,0.01159,0.99767,-0.83677,0.17149,0.01375,
1770726311473836544,3.03997,37.85951,2.99003,0.06559,-0.01451,0.01774,0.99758,-0.80295,-0.06354,0.06458,
1770726311672448768,2.87197,37.85530,3.00325,0.06627,-0.00159,0.00728,0.99777,-0.83282,0.06950,-0.03567,
1770726311878829312,2.69613,37.89280,3.00611,0.06668,0.00216,0.01673,0.99763,-0.83454,0.10486,0.09108,
1770726312075217920,2.48575,37.91770,2.99978,0.06765,-0.00627,0.01914,0.99751,-0.94488,0.16509,0.11980,
1770726312275188992,2.28011,37.93235,3.00840,0.07075,-0.00110,0.01376,0.99740,-0.84991,0.15306,0.13165,
1770726312471787008,2.05916,37.95903,3.00782,0.07466,-0.00220,0.01274,0.99712,-0.88137,0.12780,0.05775,
1770726312672287488,1.82973,37.97943,3.01057,0.07838,-0.00474,0.00662,0.99689,-1.05486,-0.03895,0.09540,
1770726312872248064,1.59909,38.00821,3.01075,0.08035,-0.00697,0.00610,0.99672,-1.09596,0.10177,0.03198,
1770726313070394880,1.38427,38.03325,3.00958,0.08343,-0.00769,0.00327,0.99648,-1.08422,0.07665,0.04101,
1770726313271470336,1.15888,38.06378,3.01163,0.08498,-0.00833,0.00497,0.99634,-1.23504,0.06376,-0.00736,
1770726313471926528,0.92124,38.08915,3.01656,0.08816,-0.00652,0.00123,0.99608,-1.20130,0.21778,0.03467,
1770726313688964096,0.64311,38.12573,3.01877,0.08802,-0.00697,0.00085,0.99609,-1.51598,0.23291,-0.02470,
1770726313872923392,0.39421,38.16209,3.02280,0.09195,-0.00497,-0.00063,0.99575,-1.30136,0.03489,-0.01247,
1770726314070762752,0.13677,38.21320,3.02089,0.09412,-0.00850,0.00663,0.99550,-1.24403,0.32635,0.04017,
1770726314269783040,-0.09325,38.23753,3.03119,0.10096,-0.00202,-0.00113,0.99489,-0.95322,0.06983,0.06741,
1770726314471035648,-0.29920,38.29117,3.03543,0.10281,0.00358,0.00715,0.99467,-1.13709,0.24650,0.00310,
1770726314669714176,-0.53435,38.33907,3.03529,0.10854,-0.00502,0.00911,0.99404,-1.12623,0.18184,0.02487,
1770726314869736448,-0.74141,38.38514,3.04287,0.11037,-0.00425,0.01256,0.99380,-1.05645,0.21661,0.04791,
1770726315069199104,-0.93900,38.42817,3.05918,0.11028,0.00795,0.01376,0.99377,-0.96207,0.04981,0.09995,
1770726315270474240,-1.16101,38.46940,3.07326,0.10987,0.01882,0.01448,0.99366,-1.20523,0.33552,0.09698,
1770726315470441216,-1.41399,38.51793,3.08674,0.11738,0.01435,0.01176,0.99291,-1.18248,0.19169,0.10492,
1770726315667680000,-1.61941,38.56073,3.10784,0.12090,0.02224,0.01090,0.99236,-0.78051,0.28906,0.21996,
1770726315867657984,-1.79370,38.58639,3.13158,0.12321,0.03594,0.00292,0.99172,-0.94155,0.25685,0.08689,
1770726316069932544,-2.03071,38.65712,3.14850,0.13149,0.03380,0.00858,0.99070,-1.30899,0.30414,0.02924,
1770726316266852608,-2.29166,38.70540,3.15849,0.13542,0.01977,0.00225,0.99059,-1.18881,0.23829,0.00030,
1770726316472333568,-2.52434,38.77506,3.15586,0.13671,0.00290,0.01083,0.99055,-0.88087,0.04711,0.08471,
1770726316664613632,-2.67398,38.81720,3.17142,0.14101,0.00462,0.01501,0.98988,-0.75042,0.24718,0.04983,
1770726316864677888,-2.80299,38.84257,3.19447,0.13530,0.01559,0.01423,0.99058,-0.41055,0.06973,0.19064,
1770726317066612992,-2.92058,38.83825,3.21332,0.11878,0.03823,0.00572,0.99217,-0.63014,-0.13172,0.05561,
1770726317265820416,-3.06604,38.85876,3.21690,0.10150,0.03069,0.00991,0.99431,-0.62054,0.14604,0.01999,
1770726317466668800,-3.14027,38.85856,3.22756,0.06545,0.03603,0.00938,0.99716,-0.30109,-0.12252,0.01693,
1770726317666708224,-3.19908,38.84854,3.23592,0.05139,0.03676,0.00615,0.99798,-0.38090,-0.02850,0.02391,
1770726317867142912,-3.30070,38.83547,3.23819,0.03457,0.02890,0.00289,0.99898,-0.57080,-0.09367,0.02554,
1770726318065876736,-3.44423,38.84913,3.23912,0.02124,0.01540,0.01258,0.99958,-0.48708,0.07268,0.14519,
1770726318277264128,-3.54442,38.82425,3.26057,0.02492,0.03093,-0.00187,0.99921,-0.54181,-0.01519,0.02642,
1770726318465954560,-3.67984,38.83756,3.26432,0.02167,0.03144,0.00501,0.99926,-1.11521,0.18048,-0.07225,
1770726318665841664,-3.87263,38.85509,3.26758,0.02505,0.02466,0.00950,0.99934,-0.84358,-0.05304,0.07818,
1770726318872238080,-4.04146,38.85027,3.27444,0.02947,0.01211,0.00433,0.99948,-0.79953,-0.00489,0.07483,
1770726319066665984,-4.17851,38.83458,3.29334,0.03128,0.02744,-0.00656,0.99911,-0.75229,-0.20314,0.03250,
1770726319264605440,-4.42868,38.86327,3.27964,0.02245,0.00449,0.01109,0.99968,-1.55227,0.15717,-0.19505,
1770726319466754560,-4.70101,38.84259,3.27166,0.02714,-0.01373,-0.00592,0.99952,-1.37109,-0.22981,-0.14122,
1770726319665602304,-4.85698,38.86714,3.29270,0.03136,0.00545,0.00879,0.99945,-0.93548,0.27337,0.07971,
1770726319865088256,-4.96089,38.86593,3.31449,0.03602,0.02837,0.00217,0.99895,-0.58204,-0.05807,0.09967,
1770726320065510912,-5.10731,38.82271,3.32821,0.04939,0.04009,-0.02585,0.99764,-0.76319,-0.13723,0.11923,
1770726320263001856,-5.32211,38.87330,3.31030,0.04684,0.00499,-0.00229,0.99889,-1.22008,0.42878,-0.17412,
1770726320467374848,-5.52260,38.93264,3.29922,0.07101,-0.02204,0.01101,0.99717,-0.67893,0.16359,0.01488,
1770726320665578240,-5.55436,38.93486,3.30957,0.12413,-0.00567,0.00282,0.99225,0.14240,-0.23865,0.13831,
1770726320865616128,-5.59540,38.95018,3.32076,0.13985,-0.00019,-0.00246,0.99017,-0.38964,0.28301,0.03609,
1770726321065361152,-5.69644,38.99194,3.31667,0.15398,-0.00542,-0.00046,0.98806,-0.63952,0.29610,-0.12275,
1770726321260066816,-5.77938,39.05443,3.30576,0.18143,-0.01843,0.01469,0.98312,-0.19335,0.22266,-0.01590,
1770726321464437504,-5.81227,39.06859,3.30847,0.20897,-0.01307,0.00806,0.97780,-0.18523,0.05169,0.01396,
1770726321664793600,-5.85495,39.10655,3.30274,0.22602,-0.02168,0.01614,0.97375,-0.11301,0.26762,-0.04002,
1770726321863992320,-5.86110,39.11827,3.30721,0.23770,-0.01789,0.01461,0.97106,-0.01690,-0.08567,0.05872,
1770726322063163136,-5.87493,39.12529,3.31841,0.25642,-0.00898,0.00265,0.96652,-0.15815,0.20036,-0.01059,
1770726322263464704,-5.92848,39.18278,3.31293,0.27442,-0.01338,0.00853,0.96148,-0.39642,0.32466,-0.04609,
1770726322463210752,-6.02657,39.27316,3.29866,0.29793,-0.02500,0.01614,0.95412,-0.41848,0.37297,-0.01299,
1770726322664188672,-6.06296,39.31477,3.30550,0.32654,-0.01850,0.01513,0.94488,-0.08029,0.06407,0.03011,
1770726322863778560,-6.08970,39.34710,3.30592,0.34913,-0.02143,0.01178,0.93676,-0.22064,0.25737,-0.03707,
1770726323063000320,-6.15528,39.39360,3.29583,0.37407,-0.03419,0.00434,0.92676,-0.38911,0.26618,-0.06509,
1770726323266115840,-6.19981,39.45342,3.29361,0.40305,-0.03750,0.00736,0.91438,-0.11792,0.26061,0.00339,
1770726323465716480,-6.22239,39.50617,3.30116,0.42440,-0.03063,0.00820,0.90492,-0.12620,0.29668,0.04661,
1770726323662376704,-6.24544,39.56860,3.31427,0.43910,-0.01265,0.00719,0.89832,-0.11973,0.34314,0.07711,
1770726323864758272,-6.29034,39.63820,3.32640,0.45746,-0.00524,0.00152,0.88921,-0.16863,0.30983,0.09084,
1770726324064268544,-6.34073,39.69239,3.33291,0.47933,0.00186,-0.01272,0.87754,-0.35326,0.26987,-0.02740,
1770726324261992960,-6.41149,39.77778,3.32017,0.50170,-0.01205,-0.01649,0.86480,-0.20460,0.44469,-0.03040,
1770726324461890816,-6.43755,39.86984,3.31507,0.51972,-0.01430,-0.00486,0.85421,-0.08483,0.46573,-0.01471,
1770726324663523072,-6.46366,39.98680,3.30192,0.53411,-0.02123,0.01283,0.84505,-0.09821,0.62188,-0.05272,
1770726324862584064,-6.47650,40.06396,3.30810,0.55653,-0.01638,0.01342,0.83056,-0.04675,0.27581,0.03956,
1770726325061697024,-6.49048,40.12768,3.31619,0.57997,-0.01205,0.00729,0.81452,-0.10190,0.30204,0.05994,
1770726325261763328,-6.50860,40.18479,3.32410,0.60134,-0.01129,-0.00271,0.79891,-0.00588,0.17024,0.04647,
1770726325461797632,-6.50203,40.22226,3.33071,0.62389,-0.00939,-0.00924,0.78140,0.09813,0.19014,0.01398,
1770726325661056512,-6.48632,40.26698,3.33474,0.64467,-0.00864,-0.00867,0.76437,0.07794,0.22941,0.01690,
1770726325855307264,-6.46823,40.31918,3.33986,0.66945,-0.00787,-0.00991,0.74275,0.10749,0.24842,0.01938,
1770726326061627648,-6.43919,40.37498,3.34067,0.69307,-0.00824,-0.00463,0.72081,0.18304,0.24278,-0.02268,
1770726326261447936,-6.41411,40.41694,3.34315,0.70987,-0.00625,0.00046,0.70431,0.02232,0.10016,0.05646,
1770726326460559104,-6.41365,40.45268,3.35138,0.72691,-0.00468,-0.01024,0.68664,0.07488,0.22219,0.02318,
1770726326660939264,-6.39888,40.50505,3.35555,0.74330,-0.00128,-0.00983,0.66889,0.07168,0.27544,0.00953,
1770726326861157632,-6.38440,40.57293,3.35477,0.75713,-0.00017,-0.00660,0.65323,0.08475,0.36764,-0.01335,
1770726327062310912,-6.35905,40.64805,3.35675,0.77474,0.00511,-0.00321,0.63225,0.16912,0.34085,0.02274,
1770726327260455424,-6.32747,40.72058,3.36019,0.79301,0.00775,-0.00135,0.60916,0.16752,0.34803,0.02152,
1770726327461266944,-6.30043,40.78088,3.36585,0.81006,0.00854,-0.00121,0.58629,0.10587,0.25580,0.02261,
1770726327660966656,-6.28279,40.83017,3.37020,0.82027,0.00675,-0.00146,0.57194,0.07838,0.19324,0.03026,
1770726327860580864,-6.26594,40.86361,3.37393,0.83094,0.00571,-0.00305,0.55633,0.07426,0.12864,0.01442,
1770726328059741952,-6.25576,40.88437,3.37788,0.83728,0.00570,-0.00539,0.54672,0.04584,0.09668,0.01507,
1770726328257551616,-6.23997,40.90362,3.38036,0.84431,0.00606,-0.00585,0.53579,0.07835,0.07322,0.01123,
1770726328461236736,-6.22193,40.92031,3.38163,0.85145,0.00570,-0.00533,0.52438,0.08411,0.06904,0.00756,
1770726328673443840,-6.19721,40.93713,3.38245,0.86056,0.00557,-0.00377,0.50931,0.15258,0.07103,0.00189,
1770726328859803136,-6.16919,40.95290,3.38421,0.87018,0.00769,-0.00166,0.49267,0.11218,0.02382,0.01810,
1770726329063014144,-6.14608,40.95435,3.38504,0.87874,0.00897,-0.00007,0.47722,0.08282,-0.01732,0.00064,
1770726329259401472,-6.13273,40.95435,3.38566,0.88410,0.00843,0.00038,0.46723,0.07103,-0.00026,-0.00149,
1770726329478477056,-6.11538,40.95456,3.38597,0.89038,0.00781,0.00140,0.45514,0.05317,-0.00269,0.00574,
1770726329672618752,-6.10385,40.95469,3.38705,0.89507,0.00747,0.00145,0.44585,0.06937,-0.01545,0.01102,
1770726329859173888,-6.08747,40.95294,3.38803,0.90017,0.00824,0.00260,0.43545,0.05888,-0.04247,0.01541,
1770726330059458560,-6.07700,40.95013,3.38992,0.90423,0.00850,0.00240,0.42696,0.06809,-0.02553,0.01235,
1770726330259491072,-6.05634,40.94692,3.39129,0.91003,0.00902,0.00388,0.41443,0.05831,-0.01057,0.00676,
1770726330459369984,-6.04059,40.94214,3.39222,0.91535,0.00878,0.00459,0.40253,0.04487,-0.02671,0.00794,
1770726330660003328,-6.02743,40.93741,3.39371,0.92026,0.00896,0.00508,0.39118,0.07068,-0.03709,0.01025,
1770726330859604224,-6.01463,40.93260,3.39545,0.92620,0.00879,0.00473,0.37689,0.05932,-0.03094,0.01097,
1770726331067118592,-6.00532,40.92956,3.39701,0.93161,0.00796,0.00414,0.36336,0.03691,-0.01678,0.01245,
1770726331258738944,-5.99289,40.92394,3.39946,0.93688,0.00885,0.00368,0.34951,0.07488,-0.05564,0.01867,
1770726331459485696,-5.98770,40.92069,3.40134,0.93882,0.00946,0.00324,0.34426,0.00527,-0.00897,0.01173,
1770726331662321408,-5.98230,40.92018,3.40317,0.93979,0.01050,0.00292,0.34158,0.02441,0.01572,0.00882,
1770726331859194368,-5.97832,40.92264,3.40540,0.94011,0.01115,0.00219,0.34069,0.02302,0.01851,0.01433,
1770726332058504704,-5.97227,40.92559,3.40702,0.94059,0.01165,0.00231,0.33933,0.02724,0.00909,0.01005,
1770726332258030848,-5.96761,40.92775,3.41011,0.94101,0.01234,0.00165,0.33814,0.04053,0.02395,0.01577,
1770726332458964224,-5.95997,40.93122,3.41380,0.94191,0.01304,0.00063,0.33561,0.03560,0.02531,0.01744,
1770726332658204928,-5.95394,40.93410,3.41769,0.94268,0.01356,-0.00084,0.33342,0.03237,0.01053,0.02130,
1770726332854494464,-5.94330,40.93543,3.42034,0.94408,0.01444,-0.00176,0.32941,0.07244,0.02078,0.01765,
1770726333056186880,-5.92554,40.93794,3.42384,0.94683,0.01588,-0.00114,0.32134,0.08006,-0.01137,0.01469,
1770726333258279936,-5.90845,40.93544,3.42330,0.95147,0.01592,-0.00163,0.30734,0.09334,-0.01064,0.00135,
1770726333463942400,-5.88859,40.93697,3.42138,0.95621,0.01438,-0.00122,0.29233,0.09191,0.00626,-0.00814,
1770726333658714368,-5.87219,40.94047,3.41981,0.95957,0.01329,-0.00073,0.28114,0.08403,0.03270,0.00441,
1770726333859383296,-5.85473,40.94876,3.42023,0.96234,0.01263,-0.00102,0.27154,0.09339,0.03561,0.00317,
1770726334058308864,-5.83454,40.95497,3.42037,0.96568,0.01240,-0.00040,0.25943,0.09457,0.02266,0.00779,
1770726334257953792,-5.81464,40.96201,3.42045,0.96891,0.01212,-0.00014,0.24712,0.09536,0.03741,0.00159,
1770726334457329152,-5.79556,40.97123,3.42105,0.97200,0.01103,-0.00063,0.23474,0.09889,0.04975,0.00468,
1770726334657324288,-5.77347,40.98255,3.42298,0.97582,0.00918,-0.00273,0.21839,0.11638,0.04482,0.01246,
1770726334858497536,-5.75202,40.98583,3.42694,0.97961,0.00995,-0.00594,0.20057,0.10528,0.00267,0.01317,
1770726335056665856,-5.73420,40.98654,3.42976,0.98246,0.01051,-0.00796,0.18600,0.08597,-0.01098,0.00231,
1770726335253770496,-5.71820,40.98081,3.43078,0.98543,0.01133,-0.00900,0.16948,0.09961,-0.02561,0.00258,
1770726335456996608,-5.69996,40.97384,3.43152,0.98856,0.01134,-0.01006,0.15003,0.05793,-0.02296,-0.00116,
1770726335657194496,-5.68399,40.96809,3.43241,0.99095,0.01098,-0.01098,0.13334,0.11363,-0.04994,-0.00244,
1770726335857733632,-5.66951,40.96055,3.43259,0.99269,0.01165,-0.01023,0.11973,0.02530,-0.01783,-0.00045,
1770726336057039104,-5.66328,40.95798,3.43273,0.99339,0.01148,-0.00956,0.11378,0.02584,-0.00904,-0.00011,
1770726336256474112,-5.65648,40.95629,3.43328,0.99402,0.01139,-0.00900,0.10820,0.01088,-0.00225,0.00496,
1770726336456472832,-5.65089,40.95694,3.43386,0.99445,0.01120,-0.00873,0.10424,0.05439,0.01574,0.00124,
1770726336657995264,-5.63342,40.95796,3.43571,0.99532,0.01091,-0.00771,0.09566,0.10256,0.00086,0.00644,
1770726336856658944,-5.61482,40.95664,3.43885,0.99642,0.01098,-0.00856,0.08342,0.12087,0.02066,0.02519,
1770726337056450048,-5.57531,40.96227,3.44647,0.99725,0.00834,-0.01049,0.07287,0.25825,0.01891,0.04268,
1770726337257792256,-5.51426,40.95287,3.45444,0.99867,0.01128,-0.01123,0.04913,0.24921,-0.10680,0.04581,
1770726337466194432,-5.46981,40.93477,3.46158,0.99955,0.01388,-0.01583,0.02122,0.22680,-0.09943,0.00894,
1770726337658918656,-5.40014,40.90982,3.45068,0.99975,0.01118,-0.00592,-0.01834,0.45216,-0.16375,-0.11052,
1770726337855306496,-5.35572,40.90008,3.44341,0.99948,0.01143,0.00322,-0.02998,-0.04817,-0.01602,0.00408,
1770726338055225856,-5.38388,40.89452,3.44631,0.99872,0.01049,-0.00369,-0.04929,-0.05039,-0.05436,0.00306,
1770726338254827776,-5.38223,40.88381,3.44710,0.99791,0.01156,-0.00369,-0.06344,-0.03529,-0.04697,0.01040,
1770726338455516928,-5.37892,40.87145,3.44960,0.99692,0.01284,-0.00553,-0.07720,0.04605,-0.08526,0.00516,
1770726338654238464,-5.36605,40.85425,3.45156,0.99574,0.01505,-0.00580,-0.09073,0.03652,-0.08056,0.00608,
1770726338853386496,-5.35255,40.83705,3.45280,0.99432,0.01651,-0.00534,-0.10505,0.03491,-0.05924,0.00288,
1770726339054461952,-5.34291,40.82407,3.45484,0.99303,0.01716,-0.00590,-0.11647,0.02225,-0.05636,0.00801,
1770726339253409024,-5.33400,40.81040,3.45710,0.99138,0.01711,-0.00697,-0.12972,0.04058,-0.06479,0.00676,
1770726339454243840,-5.32460,40.79470,3.45915,0.98955,0.01729,-0.00749,-0.14294,0.06879,-0.07735,0.00666,
1770726339653310464,-5.30799,40.77779,3.46042,0.98737,0.01737,-0.00728,-0.15732,0.08281,-0.08366,0.00644,
1770726339853688320,-5.28857,40.76040,3.46199,0.98470,0.01722,-0.00711,-0.17325,0.10521,-0.09629,0.00431,
1770726340050499584,-5.26241,40.73913,3.46208,0.98201,0.01835,-0.00470,-0.18789,0.13627,-0.12016,-0.00525,
1770726340254247424,-5.23304,40.71533,3.46095,0.97927,0.02062,-0.00088,-0.20149,0.14169,-0.12466,-0.00539,
1770726340455197440,-5.20764,40.69047,3.46047,0.97655,0.02469,0.00219,-0.21388,0.09220,-0.10540,0.00286,
1770726340654621952,-5.19019,40.67261,3.46187,0.97400,0.02701,0.00259,-0.22493,0.08217,-0.08786,0.00814,
1770726340854040832,-5.17504,40.65558,3.46448,0.97115,0.02897,0.00211,-0.23668,0.03892,-0.05707,0.01585,
1770726341053605632,-5.16832,40.64823,3.46770,0.96943,0.02941,0.00016,-0.24358,0.06026,-0.01984,0.00721,
1770726341254729984,-5.16071,40.64530,3.47036,0.96911,0.02920,-0.00072,-0.24488,0.05339,-0.02609,0.01375,
1770726341454070784,-5.14619,40.63740,3.47372,0.96812,0.02864,-0.00178,-0.24882,0.09874,-0.05671,0.01733,
1770726341652427776,-5.12135,40.62683,3.47698,0.96667,0.02688,-0.00216,-0.25459,0.12669,-0.03612,0.01772,
1770726341853082112,-5.09953,40.62008,3.48018,0.96523,0.02380,-0.00337,-0.26029,0.08864,-0.02683,0.01268,
1770726342053175040,-5.08457,40.61391,3.48254,0.96343,0.02126,-0.00490,-0.26706,0.07815,-0.01987,0.01576,
1770726342250410752,-5.06563,40.60608,3.48514,0.96182,0.01941,-0.00516,-0.27296,0.10663,-0.06530,0.00286,
1770726342452403200,-5.05378,40.59489,3.48485,0.96053,0.02086,-0.00365,-0.27736,0.01791,0.01262,0.01139,
1770726342653794560,-5.05148,40.59777,3.48790,0.95958,0.01821,-0.00561,-0.28079,0.01383,-0.00554,0.01246,
1770726342855208448,-5.04354,40.59119,3.48823,0.95825,0.01785,-0.00531,-0.28533,0.04066,-0.02729,0.00421,
1770726343064272128,-5.03443,40.58633,3.48932,0.95694,0.01715,-0.00478,-0.28973,0.04069,-0.01934,0.00408,
1770726343252782592,-5.02478,40.57861,3.48846,0.95563,0.01662,-0.00394,-0.29409,0.03864,-0.04427,-0.00385,
1770726343452406016,-5.01779,40.57253,3.48868,0.95466,0.01672,-0.00301,-0.29722,0.04227,-0.02167,0.00097,
1770726343651399936,-5.00708,40.56325,3.48693,0.95345,0.01680,-0.00167,-0.30109,0.06180,-0.04982,-0.00471,
1770726343852200448,-4.98855,40.54978,3.48618,0.95160,0.01646,0.00108,-0.30689,0.12767,-0.11660,-0.01381,
1770726344052713472,-4.96062,40.52836,3.48394,0.94953,0.01595,0.00413,-0.31324,0.15568,-0.10643,-0.00095,
1770726344253113344,-4.92621,40.50089,3.48271,0.94721,0.01609,0.00760,-0.32011,0.19433,-0.16267,-0.01023,
1770726344452081408,-4.88397,40.46940,3.48078,0.94614,0.01640,0.00943,-0.32320,0.21789,-0.13459,0.00822,
1770726344647185152,-4.85001,40.45097,3.48064,0.94509,0.01268,0.00704,-0.32649,0.12515,-0.06867,0.00502,
1770726344865539328,-4.83047,40.43214,3.47824,0.94512,0.01530,0.00831,-0.32625,0.02633,-0.02508,-0.00241,
1770726345045566464,-4.83238,40.43580,3.47849,0.94509,0.01447,0.00726,-0.32641,-0.02164,0.00934,0.00366,
1770726345251582208,-4.83291,40.43619,3.47888,0.94512,0.01451,0.00715,-0.32632,0.00713,-0.00748,0.00027,
1770726345458799872,-4.83292,40.43610,3.47910,0.94513,0.01458,0.00714,-0.32629,-0.00429,0.00711,0.00304,
1770726345656636672,-4.83291,40.43638,3.47946,0.94515,0.01448,0.00701,-0.32624,0.00828,-0.00615,0.00197,
1770726345853842432,-4.82348,40.42820,3.47947,0.94488,0.01470,0.00642,-0.32703,0.10852,-0.11753,-0.00980,
1770726346079894272,-4.78346,40.38808,3.47484,0.94432,0.01976,0.01127,-0.32824,0.18902,-0.17271,-0.02052,
1770726346261274368,-4.76595,40.37188,3.47456,0.94435,0.02129,0.01115,-0.32806,0.01010,-0.03620,0.02239,
1770726346461331968,-4.75675,40.36300,3.47434,0.94418,0.02208,0.01081,-0.32852,0.03352,-0.03320,-0.00220,
1770726346649849088,-4.75699,40.36243,3.47451,0.94420,0.02232,0.01098,-0.32843,-0.03153,0.02335,0.00009,
1770726346848044032,-4.75899,40.36510,3.47462,0.94459,0.02214,0.01070,-0.32733,-0.00192,-0.00546,-0.00038,
1770726347051915776,-4.75750,40.36404,3.47468,0.94464,0.02232,0.01077,-0.32717,-0.00485,0.00206,0.00193,
1770726347250870272,-4.75671,40.36512,3.47472,0.94508,0.02216,0.01098,-0.32589,-0.00209,0.00794,0.00023,
1770726347450688000,-4.75593,40.36553,3.47505,0.94553,0.02211,0.01056,-0.32461,0.01230,-0.00197,0.00270,
1770726347647534592,-4.75169,40.36374,3.47550,0.94617,0.02215,0.01011,-0.32275,0.03752,-0.01085,0.00580,
1770726347856556288,-4.73604,40.35465,3.47721,0.94815,0.02215,0.00815,-0.31694,0.18225,-0.10450,-0.00497,
1770726348049885440,-4.69485,40.33172,3.47375,0.95061,0.02326,0.01181,-0.30930,0.20908,-0.12031,-0.01688,
1770726348249302016,-4.66514,40.31802,3.47084,0.95455,0.02402,0.01640,-0.29664,0.00473,0.03010,-0.00252,
1770726348450167040,-4.67724,40.33173,3.47164,0.95864,0.02279,0.01304,-0.28341,0.01524,0.02952,-0.00067,
1770726348653460224,-4.66957,40.33232,3.47011,0.96242,0.02273,0.01426,-0.27022,0.01229,0.02855,0.00308,
1770726348848684800,-4.67027,40.34189,3.46996,0.96770,0.02217,0.01338,-0.25077,0.00956,0.06281,0.00474,
1770726349056711424,-4.66524,40.35196,3.46910,0.97263,0.02126,0.01354,-0.23101,0.02948,0.04762,-0.00087,
1770726349251405312,-4.66201,40.36080,3.46807,0.97683,0.02049,0.01364,-0.21259,0.00857,0.04796,0.00024,
1770726349449187840,-4.66073,40.36736,3.46654,0.98014,0.02012,0.01359,-0.19680,-0.00016,0.01454,-0.00076,
1770726349650512128,-4.65794,40.36826,3.46365,0.98160,0.02013,0.01373,-0.18941,0.00228,-0.00966,-0.00567,
1770726349849475840,-4.65994,40.36665,3.46222,0.98163,0.02034,0.01360,-0.18920,0.00027,-0.01169,-0.00420,
1770726350046308864,-4.66082,40.36761,3.46102,0.98225,0.02029,0.01382,-0.18596,0.00467,0.00388,-0.00330,
1770726350248015872,-4.65971,40.37316,3.46068,0.98488,0.01983,0.01350,-0.17159,0.01772,0.02811,-0.00041,
1770726350448828160,-4.65764,40.37928,3.46016,0.98714,0.01963,0.01341,-0.15810,0.01487,0.03093,-0.00039,
1770726350651020800,-4.65378,40.38747,3.45924,0.98962,0.01929,0.01348,-0.14177,0.02487,0.03353,-0.00362,
1770726350849566208,-4.64929,40.39450,3.45826,0.99171,0.01920,0.01343,-0.12636,0.02996,0.03805,-0.00476,
1770726351050117632,-4.64444,40.40149,3.45713,0.99384,0.01945,0.01316,-0.10827,0.03018,0.02168,-0.00393,
1770726351245590016,-4.63886,40.40511,3.45549,0.99549,0.02026,0.01319,-0.09174,0.03668,0.01398,-0.00845,
1770726351443863808,-4.63646,40.40445,3.45381,0.99565,0.02054,0.01315,-0.08993,-0.01161,-0.01066,0.00098,
1770726351648158720,-4.63586,40.40340,3.45247,0.99560,0.02042,0.01319,-0.09053,0.00566,-0.01136,-0.00413,
1770726351847062016,-4.63278,40.40067,3.45099,0.99538,0.02041,0.01336,-0.09289,0.01868,-0.02111,-0.00688,
1770726352046607872,-4.63195,40.39884,3.44980,0.99520,0.02051,0.01320,-0.09476,0.01324,-0.00925,-0.00678,
1770726352247024640,-4.63094,40.39849,3.44868,0.99520,0.02063,0.01314,-0.09480,0.01417,0.00119,-0.00592,
1770726352446580736,-4.63043,40.39867,3.44760,0.99521,0.02057,0.01308,-0.09465,0.00824,-0.00239,-0.00580,
1770726352646846208,-4.63000,40.39843,3.44658,0.99518,0.02054,0.01297,-0.09497,0.01289,-0.01012,-0.00718,
1770726352846571008,-4.62934,40.39742,3.44543,0.99500,0.02039,0.01291,-0.09693,0.02465,-0.00100,-0.01397,
1770726353045914880,-4.63044,40.39644,3.44441,0.99477,0.02067,0.01280,-0.09921,0.00925,0.01575,-0.00538,
1770726353246436608,-4.62956,40.39691,3.44364,0.99483,0.02069,0.01271,-0.09857,-0.00531,0.00267,0.00356,
1770726353446758144,-4.61712,40.39215,3.44479,0.99457,0.02128,0.01243,-0.10111,0.15972,-0.04546,-0.01093,
1770726353645202944,-4.58491,40.38369,3.44238,0.99433,0.02231,0.01521,-0.10281,0.15275,-0.03190,-0.01125,
1770726353847919360,-4.55426,40.37877,3.44024,0.99422,0.02221,0.01719,-0.10359,0.16272,-0.01239,-0.00910,
1770726354052049664,-4.52183,40.37575,3.43825,0.99416,0.02081,0.01893,-0.10423,0.15196,-0.01838,-0.00872,
1770726354246240512,-4.49859,40.37368,3.43980,0.99413,0.02029,0.01954,-0.10450,0.13522,-0.02204,-0.01320,
1770726354446361344,-4.48830,40.37181,3.43737,0.99408,0.02059,0.02059,-0.10465,-0.05089,0.01354,-0.00196,
1770726354644953344,-4.50017,40.37411,3.43667,0.99412,0.02069,0.01956,-0.10447,-0.05488,0.00670,-0.00480,
1770726354857757696,-4.50298,40.37464,3.43819,0.99411,0.02077,0.02008,-0.10449,0.03268,0.00027,-0.00759,
1770726355045831424,-4.50204,40.37428,3.43724,0.99411,0.02086,0.01979,-0.10451,-0.01111,0.00485,-0.00378,
1770726355244758272,-4.50235,40.37443,3.43659,0.99411,0.02089,0.01979,-0.10447,0.00542,-0.00001,-0.00496,
1770726355447062528,-4.50184,40.37431,3.43601,0.99411,0.02091,0.01979,-0.10450,-0.00388,0.00271,-0.00421,
1770726355646738944,-4.50123,40.37401,3.43549,0.99410,0.02099,0.01987,-0.10451,-0.00095,0.00173,-0.00459,
1770726355849702400,-4.50094,40.37377,3.43507,0.99410,0.02101,0.01986,-0.10451,0.00202,0.00034,-0.00472,
1770726356042115584,-4.50043,40.37374,3.43450,0.99410,0.02103,0.01985,-0.10453,0.00033,-0.00013,-0.00449,
1770726356244952320,-4.50012,40.37366,3.43408,0.99410,0.02105,0.01987,-0.10455,-0.00006,-0.00047,-0.00446,
1770726356443954432,-4.49983,40.37364,3.43377,0.99409,0.02104,0.01988,-0.10459,0.00059,-0.00093,-0.00450,
1770726356645856512,-4.49962,40.37367,3.43350,0.99409,0.02103,0.01989,-0.10461,0.00066,-0.00132,-0.00455,
1770726356845922304,-4.49946,40.37369,3.43323,0.99409,0.02105,0.01988,-0.10464,0.00035,-0.00150,-0.00450,
1770726357044650496,-4.49934,40.37377,3.43299,0.99409,0.02106,0.01986,-0.10467,0.00021,-0.00160,-0.00443,
1770726357256794112,-4.49923,40.37370,3.43271,0.99409,0.02109,0.01986,-0.10466,0.00025,-0.00188,-0.00455,
1770726357444744192,-4.49916,40.37367,3.43257,0.99408,0.02110,0.01986,-0.10468,-0.00020,-0.00193,-0.00441,
1770726357644240128,-4.49914,40.37370,3.43246,0.99408,0.02110,0.01986,-0.10469,-0.00054,-0.00204,-0.00439,
1770726357843075584,-4.49918,40.37371,3.43244,0.99408,0.02110,0.01987,-0.10470,-0.00093,-0.00230,-0.00426,
1770726358043985408,-4.49917,40.37378,3.43241,0.99408,0.02113,0.01987,-0.10474,-0.00101,-0.00243,-0.00414,
1770726358256782080,-4.49922,40.37384,3.43240,0.99408,0.02111,0.01988,-0.10475,-0.00104,-0.00258,-0.00417,
1770726358447469568,-4.49937,40.37392,3.43257,0.99407,0.02109,0.01989,-0.10477,-0.00136,-0.00259,-0.00406,
1770726358647935744,-4.49951,40.37398,3.43273,0.99407,0.02109,0.01990,-0.10478,-0.00172,-0.00258,-0.00386,
1770726358844626944,-4.49966,40.37408,3.43299,0.99407,0.02110,0.01990,-0.10479,-0.00193,-0.00263,-0.00379,
1770726359046454016,-4.49982,40.37411,3.43320,0.99407,0.02110,0.01992,-0.10480,-0.00198,-0.00257,-0.00367,
1770726359243553792,-4.49997,40.37415,3.43344,0.99407,0.02110,0.01991,-0.10481,-0.00210,-0.00250,-0.00358,
1770726359443154688,-4.50018,40.37415,3.43368,0.99407,0.02111,0.01993,-0.10480,-0.00223,-0.00241,-0.00357,
1770726359642317056,-4.50040,40.37421,3.43405,0.99407,0.02112,0.01995,-0.10483,-0.00233,-0.00238,-0.00343,
