1770731346.427725077 0.6958387362076075 0.016641999563469623 -0.02259055258598267 0.011642006390076658 0.027396485499707267 -0.024615315333148438 0.9992537127879623
1770731346.629797935 0.980135084077702 -0.006779987645521387 -0.031147069393671865 0.017944775578821702 0.024747601299944414 -0.031077306611069715 0.9990494193347627
1770731346.828655481 1.2922214030495416 -0.03191061850816178 -0.05530060268496047 0.02377912827578853 0.04105961024610977 -0.03671454892897553 0.9981987293930117
1770731347.029953718 1.5902871922401765 -0.04360252369878503 -0.06929191320171159 0.024580415822587562 0.04123000239827774 -0.027934574181424695 0.9984565837458979
1770731347.231998682 1.9034389271360772 -0.06059278317790192 -0.09595474048593255 0.04149997079492198 0.049380903427705104 -0.00799983394849759 0.9978854049726755
1770731347.429455280 2.2071996867157213 -0.045609887269964844 -0.12756403917413228 0.04154973306728504 0.06233034347971506 0.018892486897071025 0.9970113449217025
1770731347.627840757 2.473936401034082 0.006949837405398836 -0.14852322798212006 0.029074434372380498 0.05980839802251087 0.025966806227115436 0.9974484236121036
1770731347.823396683 2.748591445607648 0.028097754968396622 -0.16385983559626024 0.027695075010927783 0.052946746830311975 0.02228397694071758 0.9979644528699063
1770731348.027478695 1.0449503026522753 -1.6544558710896147 -0.25853841880356665 0.00957131387336642 0.061002868527141325 -0.2836749640645992 0.9569302768463049
1770731348.226404905 1.244163253607658 -1.7778325768506518 -0.2668876664696467 -0.0006553051536178992 0.04938180987661179 -0.29883721436699745 0.9530253547192954
1770731348.427332640 1.4578225037545502 -1.9267386293669646 -0.28750003895083265 0.0032968827400015055 0.0498800794427691 -0.305162116907425 0.9509874818542885
1770731348.626581430 1.7082110159208992 -2.087803900327536 -0.3164263084721016 -0.00040853218861246687 0.06187216457490285 -0.310288448573614 0.9486267690899549
1770731348.826038122 1.9289483042158486 -2.2914384794076796 -0.3432318732542452 0.024172972914536243 0.06532774699603189 -0.3118814938772906 0.9475641860210657
1770731349.027215481 2.1687153930792427 -2.427879743762005 -0.362376441764404 0.009797335612678152 0.05600638719091319 -0.31162454318060595 0.9485027363672667
1770731349.225999117 2.372532982610675 -2.5765596205600683 -0.37225479299219544 0.011427464767737372 0.048123334662532456 -0.31536238785499293 0.9476814454426851
1770731349.429428339 2.5698856952770366 -2.697614416717743 -0.3829810821260964 0.002660462012018665 0.039604286161068154 -0.31540570636146087 0.9481263960328193
1770731349.622526646 2.7978601662686198 -2.8380688922007087 -0.3989656581907819 -0.004265816269659246 0.04398757946932152 -0.3179242955938457 0.9470855494278965
1770731349.825888157 3.0242934061703317 -2.9965252014246118 -0.41148755033013407 -0.0032788718195266783 0.03995260462488263 -0.31920481380543664 0.9468375389826468
1770731350.024737358 0.6067106228806252 -4.795484894974484 -0.583805390234185 -0.010373016227734184 0.0830377822461095 -0.606347006456951 0.790784695738784
1770731350.225118399 0.672783783327322 -5.0462321388332905 -0.6010553327054645 -0.007656948636700492 0.07884420001407035 -0.606943107348708 0.7907875996142143
1770731350.427007198 0.7658248144173874 -5.280090316181514 -0.6189562256152678 -0.020775205944135317 0.07612182510600382 -0.6052968512356814 0.7920792766160968
1770731350.623631001 0.8510784037621408 -5.558772489027134 -0.6522924208772456 -0.00446747858270335 0.08188748674132867 -0.5933866033898534 0.8007289304550915
1770731350.828819275 0.9639295945742306 -5.812301349315036 -0.6792218543170466 -0.011316817141073097 0.08054646198068602 -0.5805248696724877 0.8101697802337056
1770731351.025589466 1.0610756545486901 -6.0490369569922855 -0.703369653091237 -0.014169117975651775 0.08032625685142261 -0.5810438036549982 0.8097746765552523
1770731351.224596977 1.1628534310376342 -6.320118247400191 -0.7368006483552548 -0.01233308039868993 0.08486004442957597 -0.5826554135883687 0.8081827373827388
1770731351.426723480 1.2450959090205456 -6.58211107966597 -0.755186422533593 -0.007781594272519473 0.07741290764377431 -0.5830689919732389 0.8086885921787358
1770731351.625118256 1.360465379556695 -6.837419995875512 -0.789479578848595 -0.016577904178305545 0.08351544277253016 -0.5838115181006125 0.8074121966162151
1770731351.826696634 1.4500506112824807 -7.115331542789329 -0.8228195707666194 -0.011493397048078923 0.08574379588991679 -0.5872410199107169 0.8047756754679558
1770731352.022079945 1.5423084887042537 -7.363104643912576 -0.8481153417380224 -0.014822182047808271 0.08135072365746601 -0.5870174169302694 0.8053402479078409
1770731352.224654436 1.6433814360633558 -7.629484700346955 -0.8771691114938142 -0.015834494591791384 0.08126529750058425 -0.5822295890505989 0.8087978275422943
1770731352.423515558 1.7369542869484826 -7.887224560554486 -0.9072547473423188 -0.014963784501317594 0.08175065729801553 -0.5848153925422389 0.8068976836194337
1770731352.621739864 1.8230370112876289 -8.136775998771265 -0.9306082616639945 -0.011555689355822496 0.08125489673046445 -0.5847302407189351 0.8070654579336237
1770731352.824810982 1.9214464350643614 -8.381530662623444 -0.9511018406393018 -0.022778662556258055 0.07665282202103084 -0.5856949568493135 0.8065772715181362
1770731353.023817062 2.0142720733441535 -8.642637220010554 -0.9849371179416414 -0.020898873334936435 0.08340456878795292 -0.5888161383099495 0.8036805772596377
1770731353.224403143 2.1178180017713624 -8.938561145982193 -1.030701334838927 -0.013262721750286225 0.10248567327716585 -0.594521084499745 0.7974117299550765
1770731353.423362732 2.204352551270869 -9.218506429674301 -1.0616627426587266 -0.014205363135957267 0.10285136501648881 -0.6001648684271363 0.7931090310154454
1770731353.623874903 2.2729083430871038 -9.469033836533175 -1.0773756448094485 -0.01924781400468423 0.09093847368036988 -0.6023841824814474 0.7927755119558652
1770731353.823112965 2.3550088022622075 -9.722818692460091 -1.1007860455420162 -0.021221457404639814 0.08972653831841074 -0.6018023153198788 0.793304967425927
1770731354.021732330 -0.6441409740173631 -10.360098135182863 -1.021939253529209 -0.014129305010766105 0.10155328594140753 -0.742272599884268 0.6622074299760351
1770731354.218027115 -0.681782628584191 -10.655894786236448 -1.0509462715517137 -0.005026890138629819 0.10309162942750616 -0.7427030930446167 0.6616184413236045
1770731354.423905373 -0.6978219161316656 -10.947810815539807 -1.0858355887624094 -0.005367912128398871 0.108105780359018 -0.7404385234928161 0.6633514292591285
1770731354.622322083 -0.7058988279815176 -11.2090536190036 -1.1060934428089686 -0.012325785601416228 0.10675192109737294 -0.7351063684979698 0.6693808552274675
1770731354.822061300 -0.7138638927218152 -11.473581902328378 -1.1282195081828394 -0.018913590665443458 0.10569517017218268 -0.733869638567922 0.6707504459026484
1770731355.022616386 -0.7450291091438801 -11.750173856008105 -1.1493188484413865 -0.011170011647117202 0.10131860201703972 -0.7341127463982619 0.6713331865033323
1770731355.231951714 -0.7530370013975126 -12.024770223738908 -1.1679604517064677 -0.020305941887488084 0.09867772424943591 -0.7352777086703064 0.6702365750938686
1770731355.431495428 -0.7883121452668339 -12.308648730293614 -1.1976703466964134 -0.007828216908735287 0.09813964974514076 -0.7365347236049695 0.6691964801850668
1770731355.631370544 -0.8025135113954845 -12.590161978906917 -1.2224000008751328 -0.009603999226039026 0.09973072347601977 -0.7374171261762237 0.6679652146749979
1770731355.821276188 -0.8203487288630217 -12.84970388518903 -1.2454227046491746 -0.011419475986484903 0.09798949487961761 -0.7387837473642164 0.666683004952067
1770731356.023353577 -0.9564928710748875 -13.099629119341083 -1.1470564340433453 -0.02472794432347058 0.09384109884475242 -0.7457875126208433 0.659077660792687
1770731356.221775532 -0.9952609932325471 -13.39131713717919 -1.1782975271138927 -0.016077982888000938 0.09844541014010577 -0.7494917636081095 0.6544555721912719
1770731356.418020725 -1.0294978472525729 -13.686391565601674 -1.2006319381615818 -0.009988705289016318 0.10322062281855014 -0.7515592861670398 0.6514632515865262
1770731356.620702982 -1.0440910674908752 -13.926817967159288 -1.2078483385453633 -0.02816200195510271 0.0943128638091082 -0.7531152365280848 0.6504839935580676
1770731356.821918488 -1.0770614566230359 -14.20104107750998 -1.2215803336356597 -0.03107161827604267 0.09579555005147489 -0.7563897319319687 0.6463221646794483
1770731357.020613432 -1.1086862260366257 -14.492909733200491 -1.2419697636847906 -0.028390159915080277 0.09760453236905954 -0.7534327073145103 0.6496202811102351
1770731357.221044540 -1.157366941007188 -14.809157573595762 -1.2682821235422903 -0.011958797376808876 0.10079984442627035 -0.7513318271001318 0.6520712109235598
1770731357.421570539 -1.2134339353337424 -15.09259874628714 -1.2896827701359173 0.0010552090553859984 0.09654905589053042 -0.7504127999034119 0.6538790378056316
1770731357.623508930 -1.2203294958892263 -15.346053471477711 -1.3066688226832657 -0.014911294374105204 0.09471001948620124 -0.7499703912800628 0.6544861172799936
1770731357.822072983 -1.2526925034899599 -15.616651679345749 -1.324108875072103 -0.016197714644185637 0.09174751006995412 -0.7498144823259293 0.6550559293148699
1770731358.022210121 -1.2394734959392453 -15.911443484531363 -1.2491737961299303 -0.021946383556840754 0.08484635468223746 -0.7497357875557801 0.6559083024356572
1770731358.221375942 -1.2525067912157657 -16.194715869422225 -1.2699929372684722 -0.022252343388465917 0.08976844236975973 -0.745904396769643 0.6596007056151042
1770731358.437998295 -1.2732915190986587 -16.50703325504636 -1.2984328446599809 -0.015180374450080804 0.09837419980546135 -0.7384181195994471 0.6669563356707894
1770731358.621221781 -1.2826511943829448 -16.758361812491017 -1.3120953618072897 -0.016721869767603564 0.09561989762285637 -0.7320198524268124 0.6743323734651161
1770731358.818243980 -1.3073784555600068 -17.021749395911023 -1.3293651275044729 -0.012981911667388895 0.09224801808376146 -0.733268025020265 0.6735278588239374
1770731359.020221233 -1.3069702350388621 -17.267979104980057 -1.3313838175143575 -0.027969650878316963 0.08271219624285694 -0.7328545866814756 0.6747596209038825
1770731359.221942663 -1.3225248197262842 -17.556052275354553 -1.359843058646672 -0.020311116437923212 0.08950002651724745 -0.7326537811517921 0.674385380006446
1770731359.421003342 -1.3410358114413987 -17.857678919097253 -1.388251027096692 -0.0108473767076848 0.09634032403044261 -0.73500198555858 0.6710983218644011
1770731359.621247530 -1.3525709414253797 -18.12669261005682 -1.4081030627497064 -0.015193455420721905 0.09257343547467363 -0.737483360940536 0.6688180696517145
1770731359.819724798 -1.3680986964517292 -18.375977627676278 -1.4173790403149693 -0.021795138691179564 0.08790870627362445 -0.7391267676015694 0.6674493634018875
1770731360.020535469 -1.3343924414575281 -18.708536562579496 -1.3209832592792123 -0.019217470400861233 0.08716216982253033 -0.7366750098742282 0.6703307950631722
1770731360.218987942 -1.3522142491386284 -18.99623592013866 -1.3397167932023812 -0.017977124107020435 0.09048106310500102 -0.7401173768696236 0.6661203109678129
1770731360.419872761 -1.367476617538305 -19.25782814389351 -1.3506943915099456 -0.025025231937147705 0.08594503224633977 -0.7427355054626983 0.6635745309486616
1770731360.618527174 -1.3826054909052972 -19.523038673284642 -1.3689515356490602 -0.02632843503453389 0.08771230031237574 -0.7432160607527021 0.6627542930240274
1770731360.819765329 -1.4059220084299737 -19.80428871359813 -1.3849250616380786 -0.023634475346041718 0.09035317773748062 -0.7443039526227377 0.661278565324799
1770731361.023415565 -1.4368467177559314 -20.067075204413946 -1.3888605396962432 -0.027995269383831598 0.08182014169910494 -0.7472344830045644 0.6589099761829115
1770731361.220270634 -1.4556948344085514 -20.34774814943119 -1.4097350469240466 -0.027140529098969104 0.08493324290424534 -0.7471384552929017 0.6586606596363045
1770731361.420245171 -1.4754059242596445 -20.641517479029833 -1.4235386479741667 -0.029809296675813154 0.09051405772358846 -0.7496426503037 0.654946187126658
1770731361.619418859 -1.519769250401527 -20.910795422774584 -1.4298487134874944 -0.021874860862987653 0.08164540175823604 -0.7495020208596478 0.6565837643143971
1770731361.820386648 -1.536937858934238 -21.176427696230288 -1.440584529036708 -0.028552995584252658 0.07952350544827914 -0.7509189060946032 0.6549668197657543
1770731362.017621040 -1.575978530945236 -21.46650947175114 -1.4663118467829328 -0.013423558673401236 0.08831326261909729 -0.7526096381660438 0.6523797270437574
1770731362.218534946 -1.628880274034301 -21.77067138376051 -1.2922877977080338 -0.020751426580063355 0.08877611878072461 -0.7570325666083355 0.6469852178554907
1770731362.418915272 -1.6526767666051376 -21.861756176818 -1.2921374358941609 -0.01906375330648605 0.08355480370682078 -0.7643938700680174 0.6390283088328882
1770731362.618918896 -1.635919807115084 -21.866077231735378 -1.2859178560479272 -0.02933471807632268 0.0810849403118471 -0.7630439367471362 0.6405690106174643
1770731362.818886518 -1.6351853757381196 -21.925018983527195 -1.2788847575572213 -0.0381898564485435 0.07652949894912663 -0.7638590334389861 0.6396906656257312
1770731363.018330574 -1.6671922023430779 -22.096605890753462 -1.2825059529394316 -0.03523406067623941 0.07495160422071956 -0.7672158846506277 0.6360193427347602
1770731363.217366695 -1.698224404646441 -22.337659274684782 -1.2930629319432436 -0.03218073511147432 0.07830857711301274 -0.7639622985425716 0.6396825567762255
1770731363.414041281 -1.7271335382633641 -22.617667642417334 -1.3025403097395365 -0.023461781525790096 0.07949972594515335 -0.7524414981132076 0.6534226276304115
1770731363.620498419 -1.7350829442104634 -22.918704539445354 -1.3173747328219008 -0.030400551013795237 0.0801017408347039 -0.746349340111618 0.6600168029135758
1770731363.817856073 -1.76210921874404 -23.205290809104795 -1.3313934860264784 -0.027377693564548937 0.08522941034797692 -0.7488734714588152 0.6566391194956657
1770731364.017786741 -1.8391784154665929 -23.551391783600486 -1.2226154221827275 -0.02409386055057975 0.08705580078002953 -0.7520765907832077 0.6528564735301493
1770731364.218001842 -1.8611149325659913 -23.845119056130674 -1.2293662684769637 -0.03279870067072656 0.08763726992036405 -0.7542185964182522 0.6499217360360376
1770731364.418226242 -1.8843611832771907 -24.117341518837147 -1.2371939992591232 -0.03866343802633441 0.08347733232299485 -0.7546590221628281 0.6496356161853061
1770731364.617206573 -1.9176883936620406 -24.398063336092587 -1.2509884247220344 -0.0352521870952457 0.08614515621029613 -0.7568269598386869 0.6469538223303377
1770731364.816915989 -1.9602024001227238 -24.701901199368958 -1.2675212504019593 -0.024964056475644755 0.09157941846400662 -0.7587187582766858 0.6444655551983808
1770731365.018722534 -1.9977207533665895 -24.986408040769366 -1.2780916993306912 -0.03125165798425279 0.08646423699344993 -0.7615924062778776 0.6415015793388555
1770731365.218286514 -2.04653133143852 -25.256444895801383 -1.2839462552458987 -0.024008203833251834 0.08175087403157011 -0.7631069097785717 0.6406311302083065
1770731365.417789221 -2.0763888812020257 -25.529575627669846 -1.294350643338705 -0.028121895180011867 0.08287817402021208 -0.7637525227693768 0.6395486308686544
1770731365.614919662 -2.117835818547845 -25.812423062174716 -1.3076969449842037 -0.02541683456250513 0.08352873056100239 -0.7653512025386794 0.6376632908238368
1770731365.813943863 -2.161170855044582 -26.087853096759524 -1.3150411064056946 -0.024683952067595848 0.08214450171926342 -0.767761471513036 0.6349687442762472
1770731366.018519640 -2.2081985126214736 -26.363486507696383 -1.3216448644389989 -0.025405876762553438 0.07841152587956358 -0.7690078862698906 0.6339030248309889
1770731366.218604565 -2.29478933506954 -26.69641199895202 -1.1637139490070316 -0.025381327843746426 0.07013563528310827 -0.7667268305200843 0.6376258685318109
1770731366.420960665 -2.3377378812333713 -26.998933341625143 -1.1718616713021461 -0.017104273757960947 0.06791175668660068 -0.7577529350322461 0.6487726308753835
1770731366.615852833 -2.3314742032159397 -27.277213932140434 -1.188112632017906 -0.024128706117230187 0.07377391891795085 -0.7383570592029374 0.669928404796948
1770731366.816472769 -2.3345692324641494 -27.54245751609753 -1.1949355099438819 -0.02187676725396611 0.07191918340874805 -0.726476550277918 0.6830672441338611
1770731367.015037060 -2.3218099473997174 -27.81540405675256 -1.2117309916068795 -0.030502456726532606 0.07779993226165044 -0.7297795724423598 0.6785562219297475
1770731367.215614557 -2.3463195469885374 -28.120993258704566 -1.2319096134113239 -0.018443375099558092 0.08053586964405662 -0.7323974733790113 0.6758459562678839
1770731367.415682077 -2.354703233442142 -28.4056281581155 -1.2407557544813967 -0.01902639776927289 0.08134177319313234 -0.7348593120087257 0.6730552010613856
1770731367.614984751 -2.361899659292976 -28.654280078186048 -1.243289846352236 -0.0270615299626267 0.07311689047452839 -0.7358828633880329 0.6726053860141509
1770731367.826311827 -2.3707669667603612 -28.938058570877107 -1.2537456868375798 -0.028587783839527633 0.07442761733039029 -0.7373532422270359 0.6707857068922541
1770731368.010564327 -2.391739136896833 -29.20908991578252 -1.2650774769494877 -0.02141111822233453 0.07732861349320129 -0.7397017682696669 0.6681340760434343
1770731368.215089321 -2.424927059037215 -29.56051887381126 -1.1605124995138207 -0.0252488199432455 0.07690550972641348 -0.7414065271905679 0.6661564389123718
1770731368.414880991 -2.4353463816080185 -29.836166868446014 -1.1710101448603336 -0.030929339605677852 0.08080185362759325 -0.743982495366213 0.6625741339582771
1770731368.616041899 -2.4575207072353233 -30.114871214656926 -1.182075575039038 -0.03179531608030904 0.08091169667213405 -0.7460865896291455 0.6601493437037844
1770731368.815490961 -2.4818174665192148 -30.38542389207078 -1.1871584131829593 -0.03221040294076602 0.08020591012246343 -0.7480152135335622 0.658029438738235
1770731369.014032841 -2.4933459279732015 -30.646278334787286 -1.1933260775386394 -0.04153837342275262 0.08049462869296502 -0.7494161018029133 0.6558739853382627
1770731369.215666294 -2.5321086189589055 -30.935179264111294 -1.2071718394631998 -0.03240388170317723 0.0841428517969692 -0.7518479595387978 0.6531421090998363
1770731369.415670395 -2.5756882433516646 -31.2249083373 -1.2133650973578 -0.024766777127603137 0.08286919259668243 -0.7510663336178139 0.654536986101608
1770731369.614497900 -2.5737661392574998 -31.487968187532836 -1.2201305902782693 -0.04394308460271805 0.08189987916980201 -0.7489037408398851 0.6561284950858275
1770731369.815077305 -2.6103142411722597 -31.774549707502842 -1.236101025346116 -0.03210263626814195 0.0833048595699585 -0.7495964543622334 0.6558466869049727
1770731370.013816833 -2.62978874462164 -32.04853445875353 -1.2483604526539958 -0.03261523749637753 0.08852336942143942 -0.7522704377507108 0.6520652174711365
1770731370.214717388 -2.693686689916555 -32.43617284780853 -1.0942906453368122 -0.0392895942043907 0.08484209728890701 -0.752881026687085 0.6514816236621496
1770731370.415200949 -2.7415988946838006 -32.70674136381947 -1.095592094387196 -0.03172911065446919 0.07844311031005527 -0.753982143219765 0.6514221900485788
1770731370.612741709 -2.7596766950836753 -32.971312281256814 -1.1053043430234504 -0.040492718799256575 0.08094625574404986 -0.7567944403174006 0.6473563304007551
1770731370.814083338 -2.8003791579950654 -33.249976995337825 -1.1106899615816017 -0.033160572474343356 0.08118843970741824 -0.7563243600315246 0.6482918140112132
1770731371.013185978 -2.8181982419044895 -33.51484890449196 -1.1143025912013649 -0.042846915468019296 0.0814293602927051 -0.7577508881907855 0.6460239876067055
1770731371.214530468 -2.8498371171389407 -33.78361283107645 -1.116028929297128 -0.04456208169984667 0.08050552772867647 -0.7594501180022827 0.6440253093986434
1770731371.413441181 -2.8950766395344156 -34.07167522933769 -1.1303578696618515 -0.03638659909577827 0.08481252269843019 -0.7612691883991676 0.6418349275271952
1770731371.618200541 -2.939307217075492 -34.34777173270588 -1.1314190218239413 -0.03558353990056549 0.08238829736536908 -0.7643726445601173 0.6384985829221147
1770731371.812894821 -2.958413180665283 -34.58906719384306 -1.1302283530440373 -0.04468335306763981 0.0807140418696721 -0.7639785570095344 0.6386120933973289
1770731372.013580322 -2.9962596082475765 -34.86634493443854 -1.1404873019784558 -0.04214397610482956 0.08289165918763586 -0.7659300891334273 0.6361634669448194
1770731372.214380264 -3.0389471341289394 -35.25167186089613 -1.0854715375732 -0.04396018689525404 0.08333788147329563 -0.7632841241859407 0.6391554155644565
1770731372.413470507 -3.0586246500068817 -35.52665742805101 -1.0946994199722737 -0.04564009796450604 0.08774785768646177 -0.7608089530054097 0.641394599256989
1770731372.615130186 -3.095462058372518 -35.80221935155486 -1.102289175675979 -0.03516910030883925 0.08736909797302427 -0.7522760272294869 0.652081708038695
1770731372.813209772 -3.0995359183996682 -36.0681774694033 -1.1128206534067129 -0.04166287560334692 0.09053845601177068 -0.7481424656974589 0.6560105515916539
1770731373.012813330 -3.1283335341065928 -36.34304553922196 -1.1224194547163622 -0.037131451156529834 0.09090492477598767 -0.7491242856310062 0.6551109483624218
1770731373.213005304 -3.1502010191238727 -36.59770864020325 -1.123463779841528 -0.043055193997338086 0.08662533303123324 -0.7495673186460183 0.6548214541116476
1770731373.412392855 -3.177218376505706 -36.85879427921648 -1.1244418164085592 -0.043250827691558774 0.0809420395774559 -0.749218577401775 0.6559338956092238
1770731373.611979961 -3.198857339162728 -37.150537099658465 -1.139075456857872 -0.040338630329285675 0.09012029107260747 -0.7511315138101617 0.6527270310025434
1770731373.812937737 -3.2326093537100875 -37.417078038027476 -1.1394034075592618 -0.041921583044560985 0.08241489984371182 -0.7540868368647483 0.650233348595796
1770731374.014063835 -3.2518615967898126 -37.670627700839916 -1.1365186432694252 -0.050691654582329604 0.07852651489206386 -0.754855000794001 0.6491978669026075
1770731374.213121653 -3.2785272396476746 -38.06889089188898 -1.124488280669646 -0.046191679673477586 0.08354870114316411 -0.7561672897775813 0.6473769945994782
1770731374.419895887 -3.3368018780530564 -38.36871454853115 -1.128070824404379 -0.03185835617650724 0.08146713989277546 -0.7586104193702237 0.6456457092572887
1770731374.623194933 -3.3454988187341583 -38.62445391059886 -1.1269889661254504 -0.048559505338641416 0.08200619707086752 -0.7595092705653489 0.6434769817239187
1770731374.812782526 -3.3832409725887063 -38.87573364247367 -1.127999474108771 -0.04903781230167334 0.07869155387700222 -0.7617840810787574 0.6411614041160573
1770731375.012282372 -3.427818623854745 -39.18029228777805 -1.1384345150621231 -0.038165128324779855 0.08685110003027124 -0.7638016509962771 0.6384413421284985
1770731375.211245060 -3.46326696587213 -39.44557976820899 -1.1370101310877752 -0.04469571023499099 0.08147446119035186 -0.7638606738819275 0.6386556791863448
1770731375.411345482 -3.49709510047407 -39.71492054982366 -1.1363811879608123 -0.046330456461305076 0.07911615267904651 -0.7608638827530212 0.6424019575867915
1770731375.605801582 -3.53537308053916 -39.98842133673017 -1.137904185804262 -0.04040053589781141 0.07783604148452326 -0.7548901665233637 0.6499616787407623
1770731375.811039209 -3.567851008079797 -40.284544733277876 -1.1458059351117789 -0.035544570846397616 0.0826546701836078 -0.7552910265926844 0.6491842990466927
1770731376.011507511 -3.5968547464111307 -40.55312004141039 -1.1499410215274213 -0.03879173655397766 0.08058327916431315 -0.7557854969594698 0.6486831421271659
1770731376.212030649 -3.6237040727659684 -40.941874714645735 -1.1725801710843091 -0.036090226037900124 0.08162919834409413 -0.758058596812889 0.6460505656373171
1770731376.419689417 -3.652960613445715 -41.222890408858255 -1.1800066089980672 -0.042091087896824336 0.08223683461439979 -0.7605229449405456 0.6427054485308297
1770731376.613900185 -3.681546249317413 -41.48821891939572 -1.1833476397539286 -0.04481466393896623 0.07977976133497366 -0.7583625802980206 0.6453782087900783
1770731376.810248137 -3.7161334107508472 -41.76688781328382 -1.187690790637757 -0.042219637626654115 0.08340802490898445 -0.7597785387114016 0.643426122948869
1770731377.011351109 -3.7684804830201037 -42.03776298865949 -1.1880281373418817 -0.03740614201996191 0.07442686982203106 -0.7603701147888235 0.6441263153479275
1770731377.205088615 -3.7819481615348476 -42.29811263942788 -1.1869205445491342 -0.04601833154676562 0.07677264953462769 -0.7560261672418894 0.6483924027088948
1770731377.411200762 -3.827768456609225 -42.59554219952699 -1.1937793355973971 -0.03113300446645268 0.0773641048639428 -0.7492893976505682 0.6569710266670299
1770731377.609999657 -3.845292285568651 -42.860119118052566 -1.1942661206082412 -0.039028167085974313 0.07510515848355773 -0.7488564392577772 0.6573051427801413
1770731377.809921503 -3.875041608142129 -43.125228936403396 -1.1942706558435803 -0.041568708491033675 0.0693616002680542 -0.7489528909494964 0.6576705695262819
1770731378.018839598 -3.8995309571230194 -43.4335322716989 -1.2064307628814583 -0.03547363363332834 0.07638528913258331 -0.7462799982838718 0.6602825706335087
1770731378.210241079 -3.8942412156615624 -43.800275680782924 -1.2711922636160737 -0.03795948569286568 0.08017044787001404 -0.7492360153233567 0.6563361715436836
1770731378.407805681 -3.920452720641689 -44.0693869680727 -1.2769891714328014 -0.036446646194751665 0.08003464904467344 -0.7503161192966786 0.6552036462482557
1770731378.609759331 -3.936297867710631 -44.33358955778362 -1.276429351920723 -0.04843003402276364 0.07748741206757763 -0.7529578188153601 0.6516937592615301
1770731378.810333014 -3.9738325910519205 -44.61583389470881 -1.2868842906842726 -0.04349686480683877 0.07872170353565948 -0.7549341085062544 0.6496040393641902
1770731379.009288311 -4.002400089279069 -44.8975168758051 -1.2894268984688135 -0.04481632769015797 0.07977994996706904 -0.7563410960532947 0.6477459399922992
1770731379.206441402 -4.043069742835026 -45.1740823746592 -1.2962737844057988 -0.04407237602766545 0.07993136062996826 -0.758982834950815 0.6446810525439134
1770731379.406690359 -4.074925876774774 -45.43692985465805 -1.2921881590611555 -0.05022947276379724 0.07410636277499884 -0.7595473487373985 0.6442616487795203
1770731379.608952522 -4.108251214509194 -45.73526292140477 -1.3088438289804862 -0.04609052892643714 0.08539846563774754 -0.7613792945372777 0.6410026014455033
1770731379.809425116 -4.156030928953859 -46.02793965476273 -1.3107501749435775 -0.0416881628756402 0.08673119322839205 -0.7646429971347548 0.6372290672356358
1770731380.008054495 -4.180033537072859 -46.286771087932955 -1.3149753633019758 -0.05153719932795884 0.08810811598932633 -0.7644191945297983 0.6365879138160272
1770731380.209993362 -4.197309750246221 -46.649423814364326 -1.3314335473824985 -0.04665935593485062 0.08095056708294324 -0.7685002537552517 0.6329907346642506
1770731380.415216208 -4.2233017530540256 -46.93621469340419 -1.3327987955850884 -0.052486105857536026 0.07972176807071289 -0.7618819227996165 0.6406446628972488
1770731380.610197544 -4.276046596058261 -47.24132183650705 -1.3515928256820104 -0.03456139419212488 0.08650600130035613 -0.7575615075679284 0.6460826448852397
1770731380.809194088 -4.295635450782981 -47.50482874178469 -1.3553163810106075 -0.043330207472161236 0.08289549365308478 -0.7544787324337972 0.6496250245776416
1770731381.008605957 -4.321624841797057 -47.76987316734176 -1.3608202033211698 -0.044642469547589124 0.08226426326508868 -0.7516002033787607 0.6529446953480291
1770731381.207138538 -4.333122748018062 -48.04532935390092 -1.3682756541102707 -0.05372545976760709 0.08549745174539085 -0.7510390903619885 0.6524906477996606
1770731381.409421444 -4.3874328994040255 -48.33505908903973 -1.371614592234449 -0.03824098654649065 0.08051796683749682 -0.7517847191381936 0.65335612037739
1770731381.605559826 -4.413316700130709 -48.62558114394996 -1.3858960993130283 -0.038254022279063826 0.08619627469379813 -0.7524478137347632 0.6518658754791045
1770731381.810641766 -4.447447034103043 -48.91642174601351 -1.3964706498786048 -0.038232971503911715 0.08758284606456393 -0.7539544062756734 0.6499386418906701
1770731382.012973070 -4.482781727535203 -49.18360004034739 -1.3924559196024107 -0.04234153826533273 0.07818821280271271 -0.755424927730598 0.6491740722481478
1770731382.207576752 -4.451213154805437 -49.52865355899395 -1.426683970668774 -0.05056100791570514 0.08257752926928799 -0.7564142591004518 0.6468863924738368
1770731382.429000139 -4.4843175727038505 -49.764254293636625 -1.4281819014037895 -0.04924221685992087 0.08096748092728699 -0.7576237784914165 0.6457752560878834
1770731382.606867075 -4.481906392440855 -49.91398161138866 -1.4268763051487185 -0.05953605628444128 0.08204698174642658 -0.7533897236816467 0.6497135330584257
1770731382.807344913 -4.510841351477838 -50.098028343855475 -1.4341972327323234 -0.04755782304316127 0.08264367328678007 -0.7478985875668818 0.6569292042895489
1770731383.006982088 -4.525094976662791 -50.21006584769231 -1.4371479514816587 -0.04069223986385459 0.08246072082888713 -0.7406776152466163 0.66553815924243
1770731383.207051992 -4.506396168130456 -50.24027481619196 -1.4381309362111925 -0.047636305339072864 0.08413051565065348 -0.7267803755014945 0.6800317084782734
1770731383.405322552 -4.494105612279674 -50.276959442723445 -1.440868527351581 -0.04886663696084163 0.085617280454875 -0.7092315266307534 0.6980489773021918
1770731383.606008768 -4.483771600344945 -50.34976133855834 -1.4492748644727804 -0.04380273505208354 0.08927688113613462 -0.6929062160240806 0.7141371959866878
1770731383.807032824 -4.466208615148387 -50.45592622112832 -1.4668205631439417 -0.0371130126140036 0.0944163684481894 -0.6733008746456289 0.7323756589791731
1770731384.004213810 -4.438912466335106 -50.57499055842559 -1.4869174725382308 -0.02912105673939936 0.1017842268177166 -0.6465747745001973 0.7554687261597922
1770731384.204956293 -4.345793903863538 -50.795603513994976 -1.550014941746949 -0.03086913613007738 0.10778675418017092 -0.624457832913604 0.7729692923853553
1770731384.405265570 -4.333819463972146 -50.82189581609288 -1.5489596087657234 -0.02980395557509359 0.10250965820627865 -0.5977891160851907 0.794513478108825
1770731384.603116274 -4.2891986566906075 -50.88742958056557 -1.5637752844920145 -0.030616726094528493 0.10723580724412035 -0.5827504115376103 0.8049627665803474
1770731384.805851698 -4.254572169507623 -50.96577432570904 -1.5751447290331146 -0.02772373101911802 0.10362645963566391 -0.5639843160382393 0.8187885214538759
1770731385.006001234 -4.209315245135667 -51.07110032815477 -1.5898026346645158 -0.02385954655053806 0.09921513351538133 -0.5506987209968279 0.8284431169442914
1770731385.205553532 -4.102703964982528 -51.19133909853098 -1.639816443288509 -0.031576846358723966 0.12494064192381002 -0.532321094495375 0.8366761566609493
1770731385.400832653 -4.017254660191089 -51.28635689999097 -1.6735854856588968 -0.034376583112107485 0.13918894535875587 -0.509531000602109 0.8484237428601673
1770731385.642348051 -3.9607428154995112 -51.363858377666176 -1.6939372419305954 -0.028046053645314553 0.13813326793893171 -0.476302013684332 0.8679107159861976
1770731385.805575848 -3.905629936467888 -51.42940241132908 -1.7170721282638355 -0.021271224641582286 0.14330608971569997 -0.4536957821633837 0.8793014482529796
1770731386.005972624 -3.8543515764106737 -51.47357459146745 -1.7318529736992876 -0.01733114001514028 0.14156989356196054 -0.4223646854963179 0.8951344420075771
1770731386.203835011 -3.735799641936555 -51.61879745735244 -1.7724656677379043 -0.01453341450072379 0.144414087303272 -0.40057898533951014 0.9046932230074894
1770731386.403401136 -3.668197094041598 -51.676508091487534 -1.7876754882371113 -0.007007666202277729 0.14171464804397788 -0.3705238764035215 0.917921515250119
1770731386.604778528 -3.58693370443653 -51.74315559200157 -1.8137208086818581 0.0026476431316118554 0.1385463093836155 -0.3489237625519707 0.9268495660400348
1770731386.805425644 -3.4830545395515617 -51.79738030562774 -1.8398414595959207 0.009604801443175855 0.1350246005096239 -0.31994232878783707 0.9377169142637168
1770731387.004683971 -3.395307297307887 -51.83926468092575 -1.8583864735277162 0.014727370026056232 0.13199984256955907 -0.2930897265440647 0.9468144265525587
1770731387.204073668 -3.3102048879761834 -51.846166248952564 -1.866428153337306 0.004666049577570328 0.11138988327281832 -0.2695033831493886 0.9565241493850739
1770731387.404334307 -3.1976784497670425 -51.875708972834566 -1.8971942693172172 0.0039173758897909665 0.11011525064434019 -0.24536025451899235 0.9631498488003024
1770731387.603240728 -3.065741460480847 -51.922184573600504 -1.9310045508492957 0.008969485443518636 0.11087686520886826 -0.21679724739928916 0.9698581456132758
1770731387.804744720 -2.951854941093178 -51.952454117602834 -1.9539007386389016 0.012934671804484182 0.11164880339483711 -0.19010390543449995 0.975309050560057
1770731388.004229069 -2.8623088367384137 -51.97599017077032 -1.9743535833932477 0.019703530158626213 0.11506426106536771 -0.16125870457180191 0.9799834778834748
1770731388.203953981 -2.7666642953307705 -52.02205189155662 -1.9922638989898405 0.02186973022463538 0.10732317223053013 -0.13705334389016174 0.9844896304841422
1770731388.402362347 -2.672226110579217 -52.01488407866713 -2.0138807931250637 0.01777043196110708 0.10586653942249698 -0.11581912722356943 0.9874524886533992
1770731388.602990150 -2.5617853801072195 -52.0217707967169 -2.045608873089744 0.02286119087663395 0.11279860080653163 -0.08965943925666733 0.9893002711815918
1770731388.806143761 -2.4822135836954407 -52.02795020249035 -2.0680571755938515 0.029374638709263733 0.11603721628213487 -0.061177631692256554 0.9909237066589537
1770731389.004040480 -2.4362764139425046 -52.0065166282164 -2.0746479018653328 0.025951736663144605 0.1072347534371239 -0.036408799195249766 0.9932278763509441
1770731389.205198050 -2.3573759506931107 -51.99150905413018 -2.1005930696760555 0.030009343932449587 0.11484019902962883 -0.005921756234202483 0.9929129371534455
1770731389.404626131 -2.281489833868222 -51.9819606395577 -2.1267700842432813 0.0356102079212122 0.12403892925328935 0.022292582456130288 0.9913875618994533
1770731389.602386236 -2.200563453234303 -51.9617055729988 -2.1515803494212142 0.0397419278962706 0.13145400844269567 0.05160711220593384 0.9891800285090675
1770731389.814554691 -2.1302240936767793 -51.94418187316653 -2.1687029298744918 0.04761427165991881 0.13386256200424798 0.08549075276178382 0.9861566948615103
1770731390.003799200 -2.093816940028837 -51.930880645336124 -2.1777673254186256 0.05186316302182656 0.1341873952287243 0.11370744109692557 0.9830435255482287
1770731390.201342106 -2.009731942860145 -51.97744535320201 -2.1487838466715137 0.05084865070934226 0.12386192616877789 0.1377514892755241 0.9813751398772923
1770731390.402229786 -1.9360089654896488 -51.95397149172536 -2.1756379066666085 0.05461016602733774 0.13887418068464566 0.1530180405244284 0.976891586093206
1770731390.614088774 -1.9400001593785146 -51.944158669457444 -2.173644125729175 0.05642275387942581 0.13113592103248764 0.17811897983613534 0.973598208750282
1770731390.804801464 -1.9423873635379578 -51.92901507702112 -2.1732778093164087 0.058485435776930536 0.12772896558870844 0.20275736870624722 0.9690996928009729
1770731390.997330666 -1.9421409141039352 -51.92071817014546 -2.1751795791093302 0.0626830548801237 0.1270531566029754 0.23127068164216985 0.9625186760997841
1770731391.202728748 -1.952605719734245 -51.90804150393136 -2.173392808040285 0.06574198928237039 0.12369520184932299 0.2634804359338874 0.9544399131243102
1770731391.402378559 -1.9652665763636108 -51.89505175433944 -2.1713753972014382 0.06749310652360456 0.12037194124489965 0.2911942949483827 0.9466578890614298
1770731391.601310253 -1.9790785514522926 -51.880871966236406 -2.169838750451374 0.06803992339074684 0.11754636054885444 0.3161572621632275 0.9389345065169095
1770731391.802873135 -1.9913529258897016 -51.86724667245675 -2.168958922558723 0.0687856247637398 0.11509338191074693 0.34016660321931774 0.9307570753534137
1770731392.000377417 -2.0013687242095615 -51.85626148058953 -2.168675710705918 0.06982013993752528 0.1135278138448474 0.3637706182048526 0.9219042905169567
1770731392.202207565 -1.962226162595636 -51.914486417181784 -2.168178279212487 0.07041538944699964 0.10868903057712298 0.3928779826453339 0.9104258664568826
1770731392.400914907 -1.9647477944994942 -51.90646551231311 -2.169477711090825 0.0708898141182463 0.10733952224156408 0.4061837808161681 0.9046919903597669
1770731392.601706505 -1.952504497277735 -51.8964692362897 -2.172549716393168 0.07177660069793533 0.10665844025359536 0.4039687179828441 0.9056938619678379
1770731392.800963879 -1.9270583615192884 -51.867788415057404 -2.1763025000782035 0.07239113111206413 0.10556909455440948 0.40371404706696384 0.9058861179045032
1770731393.002171040 -1.8911871044034525 -51.829595968737785 -2.1828820585790103 0.07379621690277727 0.10622775987306793 0.40545519000024133 0.9049176041524755
1770731393.213248014 -1.86878184989947 -51.787340922788076 -2.1865205784534 0.07469634844415213 0.10582878681141325 0.4216709071671559 0.897448811609867
1770731393.401057005 -1.8607886033376433 -51.750177438309024 -2.185900735307922 0.07512795136067439 0.10184841446516962 0.44446384862124194 0.8868114673728985
1770731393.604359627 -1.8578627376851529 -51.72246969352092 -2.185508418754895 0.07811478987518525 0.09843532490503756 0.4693780981034261 0.8740095923011408
1770731393.809567690 -1.8531444856776143 -51.69264426970955 -2.185118367250986 0.08117985758783842 0.09557283494958987 0.4915920383360993 0.8617499241579751
1770731394.002868891 -1.8490220372935806 -51.654797994800774 -2.1870241437791327 0.08314167421579532 0.09638491070170713 0.5147289582077186 0.84785111345095
1770731394.200664282 -1.8229800673023817 -51.651434388831326 -2.210574165216305 0.08473978081884068 0.09675140210381587 0.5382923053650566 0.8328863846422833
1770731394.405134439 -1.8267099898011911 -51.617892661205445 -2.2075729106444912 0.0861151212598543 0.09184093141922399 0.5631560541732927 0.8167035495541924
1770731394.602383614 -1.825303009168769 -51.58941878009623 -2.2076942974014724 0.08636806325762744 0.08965767691287438 0.5737717130944787 0.8094986595865001
1770731394.800500393 -1.8150937319773524 -51.54458702109301 -2.210537037005433 0.08327376765025593 0.08937626276110285 0.5719998644620683 0.8111063545131212
1770731395.001171112 -1.8013608561568348 -51.496284408327334 -2.214817866674901 0.08174541356205332 0.08945817477482113 0.5717079928193184 0.8114584975672096
1770731395.201079607 -1.7963900931336474 -51.453355251154235 -2.2153181375216535 0.08124318111549894 0.08670582650768732 0.5756188107100567 0.8090393253288698
1770731395.403187990 -1.7937637921262612 -51.40506592232316 -2.2155130521645274 0.0798050966650367 0.08575612791186285 0.5891991122891111 0.7994507108944064
1770731395.594855785 -1.7943273235038857 -51.367190543872496 -2.215323886107976 0.07985486294631627 0.08524151544731087 0.6057934323414974 0.7870015261992689
1770731395.797962904 -1.7856161949475509 -51.32724298931094 -2.2191760427732374 0.07838959952582807 0.0881901697291374 0.6073913627408212 0.7855910495398826
1770731396.000471830 -1.7763851380687623 -51.27692752668143 -2.2258319903209802 0.07398945664496803 0.09243544149634063 0.607716811524176 0.7852779931028554
1770731396.200204611 -1.7578861816250182 -51.259990824013336 -2.251190509905884 0.07350625190407545 0.09426889391631975 0.610622828254218 0.7828473466683197
1770731396.400501728 -1.7382801022057162 -51.17284190251125 -2.2604803491364454 0.0707463324211195 0.10025771532330488 0.6120462596468033 0.7812443427119773
1770731396.603182793 -1.7316339939374463 -51.072767635828846 -2.2637282766565088 0.06373696663338944 0.10088448375362241 0.6176234161857485 0.777368146891282
1770731396.800135136 -1.7361345701071067 -50.9967023088206 -2.26383758985492 0.059911311418029634 0.09800753101192303 0.6276121094880819 0.7700053237822703
1770731397.001686335 -1.7338900999197684 -50.91891338101512 -2.2631756722596794 0.06002882889721535 0.09663967531282668 0.6390396013645668 0.7607139414684577
1770731397.218680859 -1.7124672766399422 -50.84274889383089 -2.258424378118777 0.0694581550455251 0.09458219829111357 0.6432607429121604 0.7566012087567583
1770731397.399391890 -1.7009359151441745 -50.788190192094895 -2.248203111504438 0.07945212733414216 0.08689294313661966 0.6459464348159489 0.7542480886576386
1770731397.599916697 -1.67569309986619 -50.72228349832642 -2.229808111553605 0.099772586953691 0.07863640599308355 0.653049526898832 0.7465842631359644
1770731397.798293114 -1.664742775785388 -50.61244178165031 -2.2144863675783544 0.10478418557925326 0.0700521965359789 0.6533666623040885 0.7464750289209903
1770731397.997583151 -1.6832111174044384 -50.46412335003153 -2.190975360283829 0.112732039425926 0.03412264878782284 0.6538018847537185 0.7474424577310685
1770731398.201279879 -1.617023765033536 -50.22353753701008 -2.249286092763572 0.10597946039727567 0.08459164131972596 0.6579173202447314 0.7407816195848334
1770731398.398816586 -1.5988608098372963 -49.90844457224244 -2.2446436646162224 0.08818445682438311 0.08702214142692044 0.6540073040640542 0.7462741417916939
1770731398.599062920 -1.5568534048315652 -49.61870902458151 -2.238716395163399 0.0951094077394632 0.0868180492953429 0.651140986870032 0.747952031947184
1770731398.798694372 -1.5273326005487768 -49.34952852460826 -2.2365889829670023 0.09375134277138596 0.08829918312795779 0.6497630214173035 0.7491474861375127
1770731398.999024391 -1.4983103096603794 -49.0843291525572 -2.2222725880487744 0.09693693532552898 0.0820311406096112 0.6490950385066971 0.7500331682838901
1770731399.198512077 -1.455956571309033 -48.81611077623352 -2.213559444499145 0.10257080659985846 0.08058606967107115 0.6464056009673513 0.7517612081282603
1770731399.398874283 -1.428906974494793 -48.54882849466983 -2.198709364191213 0.10490657562507515 0.07574194566631781 0.6485521869825113 0.7500918802503485
1770731399.598407507 -1.3935840192535616 -48.25259952703544 -2.1952354460217487 0.10246277927761706 0.08544805439891524 0.6556794814203094 0.7431584127940295
1770731399.804585457 -1.3707081456910293 -47.954228534020345 -2.1863059596626018 0.10247209829245527 0.08752779366674415 0.6625148787861277 0.7368258883850215
1770731399.998275042 -1.3594037369270309 -47.69681675416988 -2.169822060912196 0.1010205930005839 0.08210064814289562 0.6649512950005165 0.7354550282930042
1770731400.194403172 -1.3500583428904007 -47.50416770664044 -2.266505929144049 0.11083476392497504 0.09150072573456552 0.6593707786159321 0.7379521994026191
1770731400.398130894 -1.3249064561468764 -47.20549818511739 -2.2600089439572444 0.10570914115535235 0.09220042897926875 0.6536847902327042 0.743653718736525
1770731400.598135710 -1.2843101464504796 -46.926435937749105 -2.258211340387362 0.1127428709310195 0.09864971391431442 0.6513055935457921 0.743880570263009
1770731400.798088074 -1.2674568770765875 -46.652003833134536 -2.2414943998982686 0.10646931553226778 0.09130225932704819 0.6464941892763207 0.7499156256031875
1770731400.997963190 -1.2166713379108756 -46.376934170400766 -2.238072569547 0.11314677672011404 0.09742861518394638 0.6444136800766065 0.749957652665344
1770731401.203785658 -1.1862145875107868 -46.09812602813377 -2.223622130579261 0.11593229524731907 0.09339434875867969 0.6424480906480947 0.7517297715012012
1770731401.397531509 -1.1525453237333987 -45.82777685603383 -2.214273568650756 0.11389964069557254 0.09564362112496781 0.6447029126056839 0.7498248622613627
1770731401.597043991 -1.121934804476385 -45.557821367789614 -2.1987827062519667 0.11764004236152784 0.09126970524725127 0.6476801662084891 0.747222231760674
1770731401.796900749 -1.0943425395789794 -45.2783210136755 -2.1850648536082193 0.11550379021463401 0.09133919955030259 0.6511988147642155 0.7444838001738148
1770731401.997269630 -1.0638259204518368 -44.99244598879231 -2.1810322001483757 0.1135378356755442 0.10001784856399801 0.6554233625767321 0.7399498669689403
1770731402.196370125 -1.0605468704524916 -44.784424350928376 -2.2807849222400183 0.12005699997585141 0.10932373899060685 0.6574359098447102 0.7358074892908947
1770731402.398530006 -1.0409582001320068 -44.519511201500954 -2.2623362221381575 0.11976823088989375 0.10211777122652085 0.6539986526573339 0.739941412539956
1770731402.594030142 -0.99901615515722 -44.254690795369456 -2.2584671765960507 0.12543103470733655 0.10346630846028686 0.6493377851197102 0.7429146783862043
1770731402.800792456 -0.9638692815900288 -43.966413915339864 -2.2510569880465887 0.12079918957214318 0.10610478536360236 0.6436983841736711 0.7481989845848913
1770731402.997308254 -0.927462110136051 -43.693069748191135 -2.243538496532345 0.11970344684855533 0.10812172307692304 0.6409579784187419 0.7504356386212024
1770731403.196482658 -0.8930661159485698 -43.41646601380965 -2.2352086668714266 0.11967610776379348 0.10686648715929432 0.6437329022478122 0.7482413606025466
1770731403.396965981 -0.8604168044911493 -43.13953105366857 -2.224165718790105 0.1212119673098814 0.10692328667525687 0.6483205037494411 0.7440131680054463
1770731403.596356153 -0.8417733986946647 -42.87159774040064 -2.2109723716187233 0.12088459937625658 0.10543596555784868 0.656644521830888 0.7369451422935159
1770731403.792029619 -0.8342851627671625 -42.60275422338906 -2.1969265972114806 0.11498540133455157 0.10221253077637553 0.6642049126440637 0.7315482144409303
1770731403.995231152 -0.8072325196488869 -42.33306804603637 -2.181598205547393 0.12115901051427817 0.10436988007305864 0.6646892192110889 0.7298052234461534
1770731404.198287725 -0.7894974143541923 -42.07495398499495 -2.158544032342653 0.12453030498065375 0.09457232846435902 0.6604892206731401 0.7343720223461965
1770731404.396266460 -0.7665783059643225 -41.78750771008112 -2.1521655376425564 0.11563156159565806 0.10112317026719787 0.6557724188647366 0.7391657331440313
1770731404.593496084 -0.7366459473091782 -41.5033252495619 -2.1437903809738033 0.1105216730303435 0.1058205365609796 0.6523122489510417 0.7423447337328895
1770731404.796294689 -0.7041973849344215 -41.24325876613922 -2.1286989986365743 0.11405633278079427 0.09969913921368266 0.6464828178263701 0.7477373876221006
1770731404.995439053 -0.6661275270841505 -40.973318976745425 -2.1231457844821886 0.11233685245801821 0.10273758851200845 0.6419102323007867 0.7515162494278571
1770731405.196671486 -0.6145241931863419 -40.69278509737277 -2.1207323716632724 0.11330638073555317 0.10680284465841637 0.636585051258036 0.7553239629273548
1770731405.394902468 -0.5672919741057916 -40.43554303248082 -2.1088300454673186 0.12072572255884928 0.10119007773218927 0.6330025721211057 0.7579535683465456
1770731405.594976425 -0.5266286559449407 -40.17016377961408 -2.1029842567623054 0.12625336489737116 0.10431083946065384 0.6381699871384939 0.7522754842069225
1770731405.794870138 -0.5016199602540465 -39.88652639972224 -2.0906943351793124 0.11862633563019395 0.10552541712964882 0.6457010067682449 0.7469018601483339
1770731405.994742632 -0.4816443420495584 -39.61610381800505 -2.0790116820432356 0.11785494098124331 0.10458204123804828 0.6554785689136189 0.7385937010506824
1770731406.193743229 -0.5200259870374051 -39.42092662112886 -2.280016169056988 0.1284368120907325 0.11742856111993594 0.6543919618752888 0.7358571047195791
1770731406.395761251 -0.48934116148623 -39.15285612584766 -2.2718516993082205 0.1283895551335124 0.11624201248630157 0.6483576304304839 0.7413746014858625
1770731406.594515085 -0.4579831181717314 -38.880777820834204 -2.263417668032691 0.1254066604511529 0.11795950624116756 0.6428042303302341 0.7464324791107262
1770731406.793238878 -0.42190971935542093 -38.61278577271086 -2.2625580411115975 0.12466728191746378 0.11823209320363805 0.6375653371692018 0.750992464540304
1770731406.993649960 -0.393522841469471 -38.34690836830621 -2.250990765891336 0.12336204225198288 0.11658184458501131 0.6397332130480828 0.7496211684362659
1770731407.190799236 -0.35704616418210633 -38.077551107798605 -2.2525516461766424 0.1255235144627478 0.12199600204496633 0.6438806934430421 0.7448345288809266
1770731407.394658327 -0.3251435063322352 -37.815301837281744 -2.240359453181506 0.12558537594224253 0.1183948947234897 0.6387685131154311 0.74979047000156
1770731407.595139027 -0.28507658110851064 -37.57173744770459 -2.2243443019553304 0.13431969487131856 0.11096603870177017 0.6359270473934105 0.7518254772339202
1770731407.794894934 -0.25593180352558875 -37.29297778632735 -2.2205107705806877 0.1292404989328335 0.1156780904285434 0.6410800147712173 0.7476174740409255
1770731407.992074251 -0.22410197438282128 -37.0197937809752 -2.215229187731554 0.1316282041817662 0.12038887540461779 0.6491073712074149 0.7394864131185194
1770731408.194615841 -0.3634536920475802 -36.85463794907065 -2.6092403212131883 0.14119228240411896 0.13545783517243312 0.6531920793338839 0.7314752366111859
1770731408.393683910 -0.3504442869587614 -36.593485942757205 -2.6003360470509516 0.13817268217416565 0.13463935464864074 0.658420838996357 0.7275043318468476
1770731408.593811989 -0.3248235206978435 -36.31307733739583 -2.5996094174804436 0.13391957747417416 0.13839141225877075 0.6543332285847426 0.7312738131179239
1770731408.793433666 -0.3000516453075816 -36.05140811762238 -2.5950252483259577 0.1412791857626181 0.13773405785686135 0.6498436197392152 0.7340114378269376
1770731408.992770910 -0.28165431363628063 -35.781063817218005 -2.58791994353906 0.13850445101278225 0.13713733612453072 0.6493843911754812 0.7350576716067695
1770731409.191571474 -0.257458153202206 -35.50667478524863 -2.5907521756331846 0.13357882253079195 0.14561096964811832 0.652614224353001 0.7314703123583024
1770731409.394480705 -0.24001301075871284 -35.24861065126637 -2.5768791505175432 0.13506387304189926 0.13954174010095513 0.6495870304804293 0.7350663526513354
1770731409.590200424 -0.21016364931699577 -34.99563515370882 -2.5747622701671142 0.1376689968555514 0.13761899306826 0.643495296111932 0.7402851234041389
1770731409.792428970 -0.17086602115157323 -34.72640492501981 -2.5713885008489585 0.1428021253666192 0.13839429837364536 0.6402140015857359 0.7420111881515142
1770731409.993549585 -0.13828474732942997 -34.457440957780484 -2.570090098695851 0.143780086665967 0.14249410175377808 0.6441987277477366 0.7375843794522144
1770731410.192713261 -0.2551590336154871 -34.269449548711876 -2.917005933052568 0.15568048726659162 0.16185044336247434 0.6494281970266487 0.7265060473076068
1770731410.392593384 -0.2500845121820946 -34.0024893546835 -2.9068288256025383 0.155241948595822 0.15852441970208933 0.6587007147079439 0.7189459744636806
1770731410.592086792 -0.23371359868871977 -33.73445107951221 -2.906372384748445 0.1526535738010069 0.16258463938352985 0.6617996956878502 0.7157403748774945
1770731410.792341948 -0.21873256310766376 -33.49628875762555 -2.8887489341897137 0.16316814931839885 0.15346079536442406 0.6553827512956444 0.7213178138922383
1770731410.992553711 -0.1929513488635073 -33.22570290773909 -2.8917709723103227 0.1606398005760481 0.1590838228210089 0.6511639045590532 0.7244810288661458
1770731411.193874359 -0.16741091439164812 -32.93436643312357 -2.8960222058960623 0.15344912342268469 0.16736004812426758 0.647830194994688 0.7271588679688893
1770731411.393075943 -0.1359681393016785 -32.659852356282556 -2.9017263713552373 0.15309689296738865 0.172085966509349 0.64440388334719 0.729171719570456
1770731411.588163137 -0.11018963511545077 -32.39929140682345 -2.900939829255788 0.15298864221688416 0.17128462709054523 0.6422746316369932 0.7312587431481766
1770731411.786134720 -0.07182481156893428 -32.15244559584002 -2.897779936215111 0.15982180355879888 0.16567743649722114 0.6377574125241541 0.7350329658684822
1770731411.990700245 -0.042695627762199595 -31.882525469188934 -2.8955212157322157 0.16270649527228037 0.16489712489263525 0.6380353199065752 0.7343340283209459
1770731412.192129850 -0.019519753048038657 -31.60419064390222 -2.8933164912557467 0.15995982683975443 0.16622859552878128 0.6441476222904979 0.7292837229250507
1770731412.390991449 -0.006704864562832258 -31.32908313880836 -2.8869930557705823 0.15577742346858964 0.16624448915094517 0.6475134671813555 0.727201811042305
1770731412.591371298 0.02370662395543388 -31.072761133200544 -2.8824330510988503 0.1569407544200405 0.16032292299192183 0.6403061045433878 0.7346252462649693
1770731412.789871931 0.05041593612045381 -30.78991846138108 -2.8878440138057964 0.15237714302443098 0.1661038513819463 0.637153430575966 0.7370388203785968
1770731412.990802765 0.08344485447138339 -30.515375311391814 -2.886318959982997 0.14933437355627963 0.1652487813055372 0.6314734779417807 0.7427202244504314
1770731413.190623283 0.11554333549962825 -30.257917317295018 -2.886126068087264 0.1515748108041347 0.16233857312946426 0.6276912596312255 0.7461065252271589
1770731413.390582323 0.1524784351871299 -29.9865124734818 -2.8923752144148147 0.1485968633804752 0.1654944594858631 0.6243352087970585 0.7488231454284112
1770731413.589949846 0.18475735238242008 -29.712457968039054 -2.8924559455006267 0.1484068503692239 0.1649704149907251 0.628469276952495 0.7455109233727446
1770731413.788947821 0.21476605234749824 -29.438790112601676 -2.8935284057815127 0.1493691333939954 0.1641814621054162 0.6354077046476028 0.7395879652647946
1770731413.985928297 0.2373732826673579 -29.171051101972687 -2.893564939524397 0.15184267502891247 0.16365286624427886 0.6435998864740416 0.7320797275848421
1770731414.190985680 0.18086500474416511 -28.92302820547544 -3.1027492527704608 0.16251709481512244 0.17843658456023528 0.6476756511963173 0.7226789259628067
1770731414.389569521 0.1891442923108959 -28.65939685249487 -3.09641813962408 0.1588418670842713 0.17648936372174256 0.6469265334587534 0.7246425505456583
1770731414.586733580 0.21831749924252875 -28.38781183876457 -3.1012758669434475 0.15955080595538215 0.17952463832654691 0.6432815355989878 0.7269823316354516
1770731414.789145947 0.2442063905342624 -28.11362042751226 -3.100543568711207 0.16128836100568325 0.1763744373142941 0.6388804738210478 0.7312385812006632
1770731414.989475727 0.27810599976452943 -27.850422350837324 -3.108491691067621 0.16234281491205918 0.1817765984076503 0.6328176312957832 0.7349448443515785
1770731415.189048767 0.2982870043292787 -27.581895354766285 -3.108896687138187 0.15666530436585185 0.1773473056478713 0.6256809267230615 0.743321796749137
1770731415.390044451 0.33761932922807003 -27.3058337659367 -3.1253820694260597 0.15449925631947475 0.18708214417597402 0.6229724023001453 0.7436636585847359
1770731415.602603197 0.3727934251210634 -27.023430663275605 -3.133344456164136 0.15220633297678451 0.18582420657099655 0.6198673834372789 0.747038836610681
1770731415.789005995 0.3968884765714922 -26.777542372523744 -3.1435329569962325 0.1513449855904786 0.18552836737761616 0.6263480959915056 0.7418638573772338
1770731415.990156412 0.4215457988807392 -26.522797281494658 -3.1374725565002866 0.15546867477973172 0.17718929052893137 0.6312855771834299 0.7388585565074489
1770731416.190200329 0.43903670406094597 -26.256907261894217 -3.1405813620620933 0.15461744758285526 0.17650702696043913 0.6377948350722042 0.7335914821559536
1770731416.384986162 0.45746271115123105 -25.99879697569818 -3.1454739218808836 0.15404450176400003 0.18058860599389115 0.6431189283053852 0.7280495113086721
1770731416.587315083 0.48490977298499405 -25.754725884773332 -3.138192760974724 0.15780487998206025 0.17449448138011805 0.6358783116026968 0.7350565071169931
1770731416.788878918 0.515703956649648 -25.48465948143629 -3.1444462720199273 0.15487401494494055 0.1753146775152715 0.6292154533228584 0.74119276618317
1770731416.985924482 0.552120462274273 -25.216421239093137 -3.154615890023171 0.14993144371360562 0.17859992913628256 0.6226429473419555 0.7469527345313027
1770731417.190232277 0.5829502163225762 -24.955161840158965 -3.15709839016076 0.1503512096959863 0.1754366944327031 0.6221205832247682 0.7480524446304236
1770731417.392999649 0.6117666855844168 -24.70340132535095 -3.1649190383089065 0.15177791859475334 0.17744283389926066 0.6289031675018859 0.7415917408055039
1770731417.588044882 0.6316199783582763 -24.458891192846615 -3.1672057839977863 0.15026293717081068 0.17569723094922518 0.6323579447149821 0.7393747104854335
1770731417.787946701 0.6604224672070442 -24.204789369957687 -3.1724549881678 0.14823228386713647 0.17571634595858332 0.6314806470014453 0.7405289651628298
1770731417.988144875 0.6932568823712255 -23.943190017302232 -3.1839629883186147 0.14654321303694015 0.17635079324913258 0.627413092835752 0.7441628150959219
1770731418.187712431 0.415669932441306 -23.730276949313552 -3.9215536784523586 0.14843219324722046 0.2045760084120425 0.6116135278672498 0.7496968942978172
1770731418.388107061 0.44239140795213716 -23.47086685838855 -3.9311163154534583 0.14124725234899446 0.19620955225598632 0.6102874329512779 0.754387350430204
1770731418.587095261 0.4637410891571343 -23.2219210446117 -3.937503813281797 0.1485649020928771 0.18766796676079064 0.6294369191510423 0.7392688069488987
1770731418.789179564 0.4743180653347574 -22.969693597763897 -3.945654306101112 0.14353974645945913 0.19189389885469507 0.6425482615207433 0.7278082195093487
1770731418.987818480 0.46538641860462215 -22.86009124791814 -3.943226964379599 0.14413936739033817 0.19248185193801523 0.6616901420629797 0.7101695116938617
1770731419.187714815 0.4588080854771206 -22.911188493839678 -3.929879805108565 0.14945665249772283 0.18253414955027233 0.6633735040254549 0.7101264587586653
1770731419.387174368 0.4609151494366648 -22.924232966001274 -3.92158437703562 0.15105484314160292 0.1786438385880317 0.6599923883474342 0.7139179649101484
1770731419.587914228 0.4667159679346564 -22.848478625580157 -3.9211761886252403 0.14900043407223865 0.18210165319868965 0.6563484313034043 0.716829544085725
1770731419.788272381 0.4634911471684007 -22.73084802494241 -3.914853847478453 0.14515956421750217 0.18260481393823905 0.6541580687210781 0.7194869032650105
1770731419.990118742 0.48286454822936453 -22.57199905895583 -3.9117364088284328 0.1533147741708702 0.17854794248698178 0.6486944579225424 0.7237476856717252
1770731420.186789989 0.23378356038170311 -22.37970289450306 -4.4476829278734495 0.15437420668479956 0.20197036132479848 0.6429846961715765 0.7224591738956009
1770731420.387342215 0.2448827944705112 -22.096736603441254 -4.458639317951098 0.15290983409000347 0.20305610026990514 0.6477426717931767 0.7182034766833016
1770731420.586950541 0.2518131200971352 -21.823421971259428 -4.465205296511901 0.15670239122683305 0.19356168746313482 0.6569596483346535 0.7116054062401606
1770731420.787023783 0.2889152392320362 -21.549008641112376 -4.50545830146127 0.1579046743994699 0.22388843951778079 0.6560001872921033 0.7032807652181418
1770731420.980370045 0.31072414080587896 -21.322999466326 -4.542521174989928 0.14978219852895103 0.2466212592045163 0.6587689274490599 0.6948141821665896
1770731421.187081337 0.30840714751313447 -21.214816927567593 -4.531296640429117 0.16085654657866583 0.230685833924174 0.6677227187807135 0.6892427643969758
1770731421.386547565 0.30123466772876917 -21.15305711637351 -4.511583781551257 0.173208463573852 0.20977606905969864 0.6683191589628446 0.6923455284461951
1770731421.586873770 0.3036682688217667 -21.02042354016346 -4.515339898792838 0.17680441575797443 0.212425717133413 0.6708158726046426 0.6882016988721458
1770731421.787019014 0.3114058086924465 -20.87520975196894 -4.518517183109074 0.17977739974939247 0.21146379058684042 0.6665328759527042 0.6918793804444586
1770731421.984454632 0.3260351482867039 -20.793727107751007 -4.530301367769917 0.17848566613580608 0.22304116520938638 0.6636282322573912 0.6913704325157578
1770731422.186515808 0.1391211064024236 -20.810501984829475 -4.871627190633605 0.18939657069304655 0.22595912031803841 0.6610279616126347 0.6900097455261454
1770731422.384346962 0.14810852467227464 -20.739481208126193 -4.871398562084044 0.19253839759041358 0.22356825915846348 0.656994631878792 0.6937609477569479
1770731422.584245205 0.1500970206263017 -20.538733427209678 -4.889732033230489 0.17928056877701307 0.23255561476578449 0.6514805247830171 0.6995351953464114
1770731422.784945011 0.16711570887918592 -20.29974068543122 -4.90905922937828 0.18096526230041682 0.23923840602832716 0.6483080132124602 0.6997951692646056
1770731422.983728409 0.17523327833872138 -20.093148441882466 -4.9150824213727144 0.1810563114728388 0.23254049459763731 0.6412586438685076 0.7084708054055989
1770731423.182401896 0.18552034117647143 -19.87290728339599 -4.923548294149702 0.17752960263417808 0.2320216998234241 0.6345303187919669 0.7155560394080699
1770731423.384817123 0.20696024620942266 -19.631634532994774 -4.949253090925163 0.1768919937380596 0.2371201777802469 0.6312883639190332 0.7169088124868234
1770731423.585132837 0.22045618905595354 -19.398069876850688 -4.967877108629318 0.1721450635834485 0.23913516848098643 0.627877259335308 0.7203822565062258
1770731423.781340837 0.2481834063387769 -19.143171088559335 -4.995835693222428 0.16975354246813806 0.24313617461801684 0.6210477490144943 0.7255123905597086
1770731423.988095284 0.2756838024898123 -18.902682812309482 -5.021634522167624 0.16807737934412428 0.24359953686401403 0.6135383384043621 0.732106527426482
1770731424.184530497 0.15811148396484143 -18.7305091846224 -5.338511110245153 0.1777754245323688 0.2552585406790308 0.604221957195084 0.7335903504586797
1770731424.386454105 0.19186528976167638 -18.51186240380047 -5.380050621813264 0.1732419084559908 0.266642790660624 0.6007495715371115 0.7334772086719648
1770731424.584238291 0.20313006886476126 -18.328593685841053 -5.389953775195158 0.1712810021747544 0.2568312475564315 0.6020731055528696 0.7363480862625644
1770731424.783910513 0.2273761614363763 -18.144808757767283 -5.413295415473536 0.17688293891193574 0.2545450855344233 0.6087530071767012 0.7303006241305504
1770731424.983159542 0.24604064045153118 -17.94772895968022 -5.426811982214057 0.18042229303319593 0.25160677491384525 0.6175620838281479 0.7230206771676256
1770731425.182409286 0.24897265896244436 -17.75038558436037 -5.432699858752446 0.18247591006053757 0.2430147087374787 0.6271328489174515 0.7171825314335931
1770731425.383918524 0.26096333498876545 -17.537868357210847 -5.44340551159588 0.18555415727522673 0.23881143900628266 0.6324860999404901 0.7130919188293303
1770731425.580281734 0.27337930225964246 -17.32708633829226 -5.457262175822098 0.1839087025803431 0.23929085907274575 0.6325638652469938 0.713288462168865
1770731425.783523560 0.2937097732257121 -17.079161384504694 -5.47074166595874 0.1852359845722727 0.2367648377199508 0.6287959088737242 0.7171092989375137
1770731425.983929873 0.31266007425316733 -16.854386053931083 -5.486899635635072 0.18392709585245515 0.2352278419611949 0.624362536731775 0.7218102995271146
1770731426.182952642 0.21399573720344112 -16.66260757047483 -5.756540114584883 0.18597052492712074 0.25374917014134224 0.6180113559260713 0.7204778181577343
1770731426.383616924 0.22494714928352844 -16.41175068984244 -5.773866379702353 0.18021217479779142 0.24961176662907608 0.6182362777373752 0.7231883868705279
1770731426.582856178 0.24570414934989016 -16.155690437333707 -5.802011825458595 0.1792792194655211 0.25254302756243696 0.6236489715228085 0.7177345895356964
1770731426.783507109 0.24939004049364222 -15.935226375718145 -5.81086745591361 0.1769704072024394 0.24769019535753167 0.6282108026586047 0.7160183164705924
1770731426.983189344 0.26056918397328577 -15.70318668577907 -5.83427294340062 0.18079651695633173 0.25042700991324646 0.6367717870372875 0.7064846943817733
1770731427.183656931 0.2882328066449018 -15.43334632370973 -5.876939579463736 0.18594139396019127 0.2681577412962252 0.6421858305190952 0.6936242375202487
1770731427.384297132 0.2837434560717198 -15.19940830708391 -5.88319342374824 0.19169901319366953 0.2532764370207032 0.643904027856228 0.696053257805174
1770731427.580932856 0.2982845498506941 -14.95674183749211 -5.898519225526638 0.19260668488830973 0.25590190108763095 0.639830909105829 0.6985937944964007
1770731427.782927036 0.30800837090145095 -14.711130943784033 -5.9116013151540425 0.19843745146985386 0.2505000712525112 0.6335362655579247 0.70463046512307
1770731427.984046221 0.3179836553712727 -14.446884669691729 -5.933927809214489 0.18855330918160856 0.2566785864113062 0.6268449955711293 0.7110760187223222
1770731428.181904554 0.22843370575423538 -14.218804463111114 -6.158631191622665 0.18743281645317805 0.27174707309269935 0.6141860874051094 0.7167969849406332
1770731428.382352591 0.2561756517339755 -13.962691449555557 -6.1878382084571655 0.18477098523207483 0.2711866983693307 0.5986440350206305 0.730713881747245
1770731428.581855059 0.2911243297546018 -13.71353450781326 -6.223758433176585 0.182544981900798 0.2714822120947073 0.5873203438156892 0.74029018083399
1770731428.781598330 0.327051302202908 -13.43843846216015 -6.279163194253657 0.1728946761656248 0.2815054041225939 0.5841859972995529 0.7413426056571178
1770731428.993386269 0.3569719036645349 -13.189882238919932 -6.311064546844001 0.17005194700616247 0.2779152971703955 0.5842382739347837 0.7433108785614593
1770731429.180643559 0.38784562579306403 -13.006486832078739 -6.334199219480172 0.1792747765946044 0.27071782493721036 0.5900466306641876 0.7392005055328762
1770731429.385577917 0.38835505260815184 -12.85708487190285 -6.349715105998168 0.17088772184783588 0.2733110178615081 0.6100050501577784 0.7238731330966556
1770731429.580120564 0.3886076489593928 -12.86485140899855 -6.345704741014171 0.17328254660467995 0.2708614287873861 0.6109286226162532 0.7234455497863398
1770731429.781726599 0.3898858184551992 -12.899220258400495 -6.334878017753225 0.17707304923649717 0.2648530151213563 0.6084332100698661 0.7268473323190319
1770731429.981100798 0.38984035517204774 -12.898930831040339 -6.331299370660526 0.1761993380981583 0.2653055436809657 0.607745079131657 0.7274700547357075
1770731430.189263821 0.29568669560920124 -12.922115994878752 -6.482666299179204 0.18055614152136523 0.2708547828566295 0.6073429180149329 0.724687343824708
1770731430.381495953 0.2934312751788162 -12.879658538625852 -6.476848343506666 0.18071183527966445 0.26683139505371617 0.6123191972786122 0.7219483636989689
1770731430.581066847 0.30265079089561464 -12.795135322658837 -6.48505117802393 0.19103798397073948 0.2659616300085812 0.6201318232336464 0.7128852795902625
1770731430.777047157 0.29612253393021426 -12.65032497822364 -6.495653166847849 0.18270764814403692 0.26836055945921483 0.629342975091803 0.7060651139512625
1770731430.979656696 0.29916912220165237 -12.510818618679648 -6.5095531238556426 0.18386157248425908 0.2724050103818672 0.6365793613150058 0.6976798328963288
1770731431.181318998 0.3042625088847677 -12.395241931845845 -6.521445906929852 0.18919912699265884 0.2750653976079648 0.6492559304633894 0.683380899749258
1770731431.379919767 0.29147916147725184 -12.31336079451577 -6.504264426510097 0.196150914209142 0.25801194712216696 0.6614558709495121 0.6763362956278242
1770731431.580135107 0.2808922673630989 -12.219007246140345 -6.505024233027975 0.19726550400881593 0.2560014222818947 0.6709855359517678 0.6673290067585199
1770731431.781492710 0.27781243927050125 -12.109105526103907 -6.512889771392128 0.20226025102470954 0.2575461757439174 0.6800051880885829 0.6560134925348066
1770731431.983929634 0.27678734997796983 -12.01087502209518 -6.5064544059274025 0.2118268764700958 0.24912650104278822 0.6789471676996982 0.657340174000994
1770731432.181348801 0.270461967118099 -11.87759766358951 -6.513409081540706 0.2095218561845989 0.25478082109653055 0.6791283716572164 0.6557224868742527
1770731432.379086494 0.2215780285801343 -11.768815118146197 -6.616929842054641 0.21033941726045913 0.25859927874075683 0.6768570595565068 0.6563141500149214
1770731432.575399876 0.21353062916141052 -11.626700710596808 -6.6208041544589 0.20568183094013082 0.2610881199757434 0.6731497901884733 0.6606037677744958
1770731432.780399323 0.2159815967790939 -11.463719776814255 -6.634357516277755 0.2008073990437304 0.26603352079960385 0.6613834576521825 0.6719185041686986
1770731432.980204582 0.21130179631821244 -11.284680681435589 -6.643412100963543 0.1945298461837803 0.2655013262239852 0.6538814620652289 0.6812534170809396
1770731433.180125952 0.2199956217666208 -11.12419136909706 -6.657208252471161 0.19621576217589431 0.26575837062550417 0.6463157918698563 0.6878573691513739
1770731433.381831169 0.22759113298809153 -10.960407963189185 -6.676122972115939 0.19578830405958256 0.27007572409551334 0.642761916397169 0.6896253780692773
1770731433.577878475 0.22666863723755526 -10.804460406711932 -6.676035187915854 0.1954674076505366 0.26142460661971484 0.6396685208731158 0.695897873975848
1770731433.780184269 0.23262532871003216 -10.583905867399313 -6.704746147078019 0.19160276673153592 0.2700397512891097 0.6381717286875243 0.6950566575528301
1770731433.978175163 0.24246400336385365 -10.336635087686702 -6.729706623247407 0.19033475822394608 0.2713601226572333 0.6358933272822785 0.696976355381698
1770731434.179456711 0.25996206526627574 -10.090941069436502 -6.764957144697101 0.1897631655512095 0.27967027883929635 0.6322786578365145 0.6971356933756787
1770731434.379894495 0.28054108530654 -9.891140502653645 -6.789907173244938 0.1933872854057221 0.2790520023263206 0.6282115070027685 0.7000583120786339
1770731434.578647375 0.28975783130862354 -9.665710240375088 -6.815812275461047 0.19299453304155617 0.27821198100936434 0.6264798984648344 0.7020499559564164
1770731434.773734331 0.30584567898531967 -9.450432264948109 -6.840675851389342 0.1950012443327393 0.27900402863971646 0.6228967390660872 0.7043656147004377
1770731434.978411913 0.3169788064065191 -9.21542033897729 -6.868185138722632 0.19172170924330684 0.28102226004884523 0.6214096441744753 0.7057756936086813
1770731435.177484989 0.33123444731941687 -8.98700734197882 -6.8940398397073155 0.19197582038875782 0.28276820390289925 0.6210913982748878 0.7052892330360183
1770731435.381218433 0.3460238738990351 -8.804301491790012 -6.915543995699777 0.19431330899440763 0.27913958815367323 0.6149484422623619 0.71145051945454
1770731435.578225374 0.36314021234211635 -8.59590727233195 -6.935748220436603 0.19618009048766374 0.2794246988412568 0.6157800956514745 0.7101056847914854
1770731435.776562691 0.38427841831505205 -8.36323170017162 -6.978256103225055 0.19510824241389588 0.2896571603947243 0.6135078569515747 0.7082652134849707
1770731435.976526260 0.40172792744567243 -8.161146840584426 -7.002556748154085 0.19975563456192721 0.28698518036871923 0.6112211386453185 0.7100323319276487
1770731436.177266359 0.42790721312402136 -7.9558807823048845 -7.022601336439434 0.20689193599558836 0.28790479732095253 0.6119585477377568 0.7069747451997658
1770731436.377270699 0.44729902147806877 -7.7576812955371235 -7.017446348637896 0.20423499974422654 0.29423446924398544 0.6027049423398171 0.7130644392110315
1770731436.577225685 0.45438367791399115 -7.534043576147654 -7.0375510444332585 0.19743914278627725 0.2887134382498407 0.6026940305749292 0.7172323479731801
1770731436.778706551 0.4740469840482384 -7.35367273360641 -7.064055883939647 0.19921487638397747 0.2897436853889651 0.6054523441255749 0.7139954403197424
1770731436.973484516 0.4848217612120673 -7.210918538287586 -7.075739733615314 0.20014127138218285 0.284537197667497 0.6027273471614898 0.7181238052151752
1770731437.179928064 0.49334057738171966 -7.050006137000786 -7.088939526293932 0.20102476000280475 0.28082914107553125 0.6062706983050685 0.7163517849250307
1770731437.376879454 0.5152791275579962 -6.836614819039471 -7.124965139849703 0.1978122509817428 0.2912208694549809 0.6070802245392702 0.7124003927067762
1770731437.576763153 0.5298185298092082 -6.6532832013816 -7.145767974899515 0.19912506885714054 0.2893178414825747 0.6067010482833035 0.7131326886102214
1770731437.776582241 0.535717614810062 -6.492408017865303 -7.155535561000228 0.20243949078966592 0.2821384869018491 0.6088046014705768 0.713283312580497
1770731437.976641655 0.5504496411128987 -6.30081500503553 -7.181416305682477 0.2034122999058098 0.2877355941701947 0.612918239251495 0.7072219567345179
1770731438.177609921 0.5576058941327928 -6.103013901619441 -7.19273982129017 0.20213628413907342 0.28316718157093684 0.6152317054820217 0.7074229417295583
1770731438.376839876 0.5876062632101706 -5.911627989504435 -7.151525566260918 0.2089925372700988 0.28400405562244285 0.6162249089334815 0.7042234569831731
1770731438.575756788 0.5896019535914405 -5.716337388892045 -7.16554880428329 0.20633854466227813 0.2828116531987367 0.6207527294984619 0.7015041144725085
1770731438.774220228 0.6064078321175961 -5.51310145018513 -7.190831475574315 0.21044363771719182 0.2861656814542938 0.6235213608237679 0.6964508530389133
1770731438.975967646 0.6111045678630553 -5.312311345926474 -7.198253185909699 0.21102959938855642 0.2785406067238837 0.6250402876876567 0.6980016313413071
1770731439.174944162 0.6193876416298383 -5.097782363765078 -7.216782052874712 0.2127859111606372 0.2791698500552387 0.6257360976144258 0.6965921956022337
1770731439.373214245 0.6392191886378247 -4.89320989685463 -7.246108901735685 0.20905709704488212 0.2881695125158563 0.6220965272911516 0.6973158344422047
1770731439.573855400 0.6376071789101694 -4.7370831170623315 -7.24338686797073 0.2078452273053414 0.2762753809156824 0.6223104681844439 0.7022833876536895
1770731439.774627924 0.6537463091043239 -4.554127219211685 -7.273816573426238 0.20581000382695092 0.2846768714595846 0.6204569145375787 0.7011665553798465
1770731439.974424839 0.6624700412055571 -4.403861984793679 -7.282602912748288 0.20625164125893072 0.28154589229876675 0.6204133387432744 0.7023385651643446
1770731440.173885822 0.6757436432442976 -4.23631911274422 -7.2958147905677535 0.20746237944242055 0.2808145699159272 0.6203622680761743 0.7023198664329561
1770731440.372972727 0.7212819734887579 -4.062082679640707 -7.199125233811107 0.21976372907079803 0.2695568599658528 0.6184937262753418 0.7046336020857131
1770731440.571798086 0.7447625014233603 -3.870710184767602 -7.2164916097253045 0.22288438210379347 0.2712955429008731 0.6146368852458964 0.7063588181027766
1770731440.773929358 0.7692279645461628 -3.6478095912436066 -7.245923784749372 0.22137951742136283 0.2785761015850723 0.6114451058712034 0.7067682416450944
1770731440.973271608 0.8074332062152032 -3.417238372057711 -7.309313471446115 0.21637794347421183 0.30975870646860193 0.6082233219774351 0.6980648393577062
1770731441.173930407 0.8414568047971023 -3.2447273240806083 -7.348190811383732 0.22193184932477142 0.3199085139439231 0.6067181070448644 0.6930353061319257
1770731441.375646353 0.8436752545227768 -3.1667825543143358 -7.3168195587501605 0.239251677079633 0.284839369291329 0.6111389456693991 0.6986661275619377
1770731441.571024418 0.8418593823178502 -3.1023486501397812 -7.302940180168697 0.2457923119925715 0.2716231915713208 0.617364097771469 0.6961814073564263
1770731441.772354841 0.843154369866912 -3.0188236612608654 -7.299387786436515 0.2570238793618211 0.2648572904876838 0.6320980739945132 0.6813526003221442
1770731441.974081993 0.8424147034462863 -2.9199704835498004 -7.293499901564366 0.26263883388472414 0.2607792188277491 0.6391541650816297 0.6741639231092565
1770731442.174585819 0.8360489344439088 -2.8504309191871298 -7.277689541383118 0.27113099142537245 0.25028574091929345 0.6524126127944216 0.6619688935651953
1770731442.384760857 0.8683147820542589 -2.735556450944661 -7.040353413216127 0.2769735303491564 0.23799596205402346 0.672552955856189 0.643673913640289
1770731442.572604179 0.8475669497262439 -2.6768795463298822 -7.015925445322805 0.27953026672780174 0.22797312233780725 0.6905837107076459 0.6268853355916786
1770731442.772286177 0.8196289724808183 -2.586677118445543 -6.994162922437259 0.28247877977316194 0.22582499158741595 0.7085336573717343 0.6059611113956402
1770731442.971381903 0.7968556694722766 -2.4642589844947076 -6.983116189841403 0.28135176921502747 0.23007391196965377 0.7257706823322053 0.5840925386080491
1770731443.181674719 0.7518259948901593 -2.3301492997631996 -6.957711334946042 0.27655619074088716 0.22611637705344276 0.7471663850213999 0.5604734163947169
1770731443.371660709 0.7038204248190199 -2.2299272647488406 -6.915085359344855 0.27388023997845923 0.21421617349309252 0.7652930795362298 0.541689530614419
1770731443.573423386 0.6840915587515073 -2.1476279669343237 -6.893825240902346 0.28896979184181437 0.2077274238623268 0.7783985363829734 0.51714745995244
1770731443.770781517 0.623740341626335 -2.010986831354284 -6.861501267836962 0.2899830044385384 0.2102387267446697 0.7932386034175607 0.4924246672961616
1770731443.971482515 0.5471423736796659 -1.8925331366471037 -6.810056410510622 0.28495928932071896 0.20198342117010876 0.8111767978306277 0.46903422440531667
1770731444.171186924 0.45813459154083747 -1.7839742427484988 -6.758582689225749 0.2786807452933158 0.19215696458940795 0.8312928855692282 0.4408683267876384
1770731444.371395826 0.41317434373054285 -1.657492019474367 -6.453111000849842 0.28658719752652717 0.1797230167038536 0.8472538628234924 0.4095464655096265
1770731444.571075678 0.35186009285581044 -1.6104668539865425 -6.409432539693946 0.2860059656830296 0.17065663971193284 0.8625250584197831 0.38095593250912674
1770731444.771302462 0.2994745814921629 -1.5508506822282007 -6.371192852900011 0.29355910701208027 0.1615686992027194 0.8766683401040598 0.3452118589901036
1770731444.971848726 0.2208164681546143 -1.4997131757351838 -6.320357681079402 0.2922250904341726 0.15302735027398928 0.8898001461820898 0.3153455667092724
1770731445.173792362 0.1678538208668603 -1.4759711609690638 -6.274910483530933 0.3013157010938892 0.13403918019561098 0.8981891394257256 0.2906864569677442
1770731445.371492386 0.11820512514105275 -1.4654998441860316 -6.231772598690008 0.30545340699871504 0.11842223325720189 0.9065237612324386 0.26624999745398314
1770731445.570213556 0.08055860714521978 -1.4420657413590678 -6.202058060429451 0.31246291610660665 0.11184488240567043 0.9148217353147615 0.2301278795224639
1770731445.766542435 0.04882769974342027 -1.4408994072948889 -6.174297062999115 0.3167191843825993 0.101028737228787 0.9217080698270734 0.199840903004436
1770731445.972768784 0.010793151702902737 -1.4478820621814168 -6.14012624122816 0.32153259875722123 0.08825937003836104 0.9274660704130174 0.1692151286661283
1770731446.166729927 -0.05583871774536098 -1.4340481782207926 -6.088625772141768 0.32686665133368414 0.08049008567755886 0.9301597235279024 0.14656884757689304
1770731446.370108604 -0.1745947803932113 -1.373597743738892 -5.942553734448707 0.3264626807491976 0.06684446017671494 0.93578007927708 0.11519366063248639
1770731446.570612431 -0.25946345055414266 -1.3518756244719519 -5.882730973180165 0.3227458728334215 0.06304774682698468 0.9403477724838998 0.08721324425567858
1770731446.769839048 -0.3609889679106657 -1.359299689938778 -5.806842598767741 0.3185759894717546 0.048937178023961726 0.9444608275175984 0.06409552889177317
1770731446.969005823 -0.459321851773967 -1.368727792946781 -5.734830992664108 0.3200791700729954 0.032099328684437656 0.9464055472848464 0.028904983166589113
1770731447.170914412 -0.5636083701752108 -1.3721394769658797 -5.665961849508306 0.310705860472454 0.02522705956629397 0.9501596524705178 -0.004700909573155578
1770731447.370108366 -0.5888046117815509 -1.387735169637994 -5.639293475789816 0.32238825742972255 0.013542991958248863 0.9458183886997673 -0.03619356900916314
1770731447.569169044 -0.6687245742718133 -1.421058831439459 -5.583248714174785 0.31381882655505644 0.0041389344281001425 0.9472688504196706 -0.06467100081182023
1770731447.767956495 -0.7420981768856285 -1.453562411670558 -5.5259408595646775 0.3114141156766245 -0.006982528299982726 0.94608421238301 -0.08886594362018042
1770731447.969455481 -0.8073463409897612 -1.4968633397379987 -5.474135400549579 0.311005567383336 -0.01753358892806578 0.9420282263669439 -0.1247033722231285
1770731448.169683218 -0.8654794039956597 -1.5501245071990744 -5.42947507044988 0.31259765579035836 -0.030450122906387652 0.9370785824347739 -0.15244417322873477
1770731448.370171309 -0.9590734847488105 -1.5317088141698336 -5.351453598601118 0.31215415739949204 -0.04607094823212677 0.9307532648861149 -0.184758246503485
1770731448.569663048 -1.0167376838137447 -1.5799430132948817 -5.307950171540548 0.30984151650690833 -0.059151295655637086 0.9233051018529219 -0.21910510665733723
1770731448.771039486 -1.0827998637829133 -1.63150754849093 -5.2569171702071475 0.30581984281950314 -0.06744623016187593 0.9157678613363717 -0.25158389041870816
1770731448.968293905 -1.1447946701046319 -1.7042742935340587 -5.21117912887809 0.30117993081158506 -0.07765848341258409 0.9079342927102283 -0.2809183677710709
1770731449.170002937 -1.194519465038173 -1.7781381504786917 -5.170363674216801 0.300435721134189 -0.09365308144856072 0.8961950573903369 -0.31273294823363085
1770731449.371030807 -1.2303777538352128 -1.8231421740591398 -5.145753958015993 0.29433708795121055 -0.1053520507051695 0.881378743735839 -0.35417246386365214
1770731449.569060564 -1.2388381721332657 -1.8696820753591545 -5.1381187078824455 0.2936073871749814 -0.11822248885293501 0.8684856722487595 -0.3815111825678475
1770731449.770255566 -1.245121810233216 -1.9100626630948843 -5.132815624589885 0.29068811302886327 -0.12914853884565958 0.8556465657253797 -0.4082769040983244
1770731449.967571259 -1.268417130299149 -1.9822449634365173 -5.117907243315345 0.28385830969187137 -0.13766538914078533 0.8437001333383852 -0.4343302725534791
1770731450.167915821 -1.3044176711508497 -2.066452219866884 -5.095828280641249 0.27276381587312587 -0.14754318597214997 0.8312837550456468 -0.4613005827231599
1770731450.370362043 -1.3797574333508722 -2.0371416727297236 -5.077991370423313 0.25838214270415755 -0.1602714854664391 0.8151779349664857 -0.492987478159196
1770731450.569197655 -1.3900263535737292 -2.1111255841272607 -5.07205964512758 -0.2535823391162255 0.17165684016677626 -0.7975256838058026 0.5197910254923453
1770731450.772274256 -1.4073848987469204 -2.1839239692758357 -5.062814733745817 -0.2418114471278381 0.18329360908986772 -0.780587006806455 0.5464564042169209
1770731450.972588062 -1.4011580677130602 -2.2358406432886127 -5.063524279125956 -0.23925698391252995 0.19811894593947452 -0.7447762566281236 0.5906041876518544
1770731451.170349836 -1.4123508325639644 -2.298279582711851 -5.062211563691131 -0.22441594789968822 0.20935844282853158 -0.7253264018226521 0.6162046215046577
1770731451.369194508 -1.4178080340276449 -2.380259527099204 -5.064027928851664 -0.2122230081225723 0.21975363193898684 -0.7074520536016992 0.6373235661167462
1770731451.568751335 -1.42866418409801 -2.449718685716647 -5.063412788457998 -0.20086840658720684 0.22415534389650896 -0.6966153342487839 0.6512552042995178
1770731451.769649029 -1.420213697665711 -2.5237302314935413 -5.06473481623523 -0.2092554524750198 0.2209087533936044 -0.692149838221314 0.6544769512624294
1770731451.969822884 -1.4245218826694352 -2.668189062189259 -5.063767439611782 -0.20667968316457508 0.22186247146683533 -0.6916119463467177 0.6555405921772661
1770731452.166831017 -1.443961149408048 -2.8787099729762726 -5.070828417027607 -0.2097157370295901 0.2232087292099736 -0.7026654209882277 0.6422293040605032
1770731452.368649721 -1.4967447181562092 -3.088865750045759 -5.033771743054925 -0.20943672281682982 0.2170332004507199 -0.720771144560701 0.6241168209610414
1770731452.568405151 -1.5043785659659925 -3.36218396490345 -5.018678499480913 -0.2316248780676553 0.21368497457355878 -0.7244418552990504 0.6130845339694245
1770731452.770541191 -1.544296487699118 -3.630059914488467 -4.988014345711329 -0.2269129851495316 0.20084820844210713 -0.7281090127988256 0.6148396212161666
1770731452.976376772 -1.5394841787223204 -3.9004479270375207 -4.967596844658067 -0.24667772117159428 0.19988270499543662 -0.7197029126468374 0.6174339832313658
1770731453.166682243 -1.5634592496600122 -4.205064090928275 -4.960058009256684 -0.23660300983574103 0.2114846337990757 -0.7139076586037877 0.6242027878745754
1770731453.367797613 -1.5731491908117374 -4.542284306572115 -4.951749398242247 -0.22348611336670532 0.22332314677198803 -0.7044612158324977 0.6355431729126637
1770731453.566951275 -1.610803995448341 -4.844433977428817 -4.930752688605951 -0.2129354869408038 0.21678889794066364 -0.7089263931559384 0.6364624271847182
1770731453.767024517 -1.6172739020668274 -5.105244631668199 -4.910373544376095 -0.22167062941953414 0.20697825449879917 -0.7076046477492822 0.6382145381460592
1770731453.967444897 -1.6045714829886903 -5.352151573857858 -4.896893533016656 -0.23754213906483293 0.19655528559599994 -0.6956986822338589 0.6488012757469321
1770731454.167219639 -1.5946076883261586 -5.637604112476051 -4.890565949879944 -0.23391132609487766 0.20165386075464892 -0.6819921105123706 0.6629539751492247
1770731454.367244720 -1.5398290125949634 -5.691468928946543 -4.775165263920685 -0.2329669571981249 0.21062004339603915 -0.6754589262778106 0.6671737652855667
1770731454.565794945 -1.5268493978007154 -5.981145475857977 -4.777713818041485 -0.23860107849709813 0.21746813528997297 -0.6810144748276808 0.6572643460196945
1770731454.765399456 -1.5236288975166636 -6.2789506464480125 -4.770267230360247 -0.2368953360922074 0.21974407150594447 -0.6824466977963836 0.6556368258743228
1770731454.965021610 -1.523814198939162 -6.559388732912547 -4.748487996066898 -0.23836914118396044 0.2105137273618179 -0.68384178336881 0.6566768904434023
1770731455.165775299 -1.5045330545557947 -6.826488349837496 -4.742698958549122 -0.25062407004878784 0.2070593182181633 -0.6810880552059669 0.656073986153207
1770731455.375344992 -1.5120453726429828 -7.158784003758431 -4.733508234766046 -0.24099176609967074 0.21637931902045732 -0.6873622140296106 0.6501047190235675
1770731455.568259716 -1.5093745804180503 -7.445606139339354 -4.721726554361533 -0.2419855419167466 0.21449189434749616 -0.6879647405730143 0.6497235877592726
1770731455.768384218 -1.5065872143566723 -7.731499827109141 -4.709201233656819 -0.24319099676177747 0.21538089244156855 -0.6898544742058275 0.6469698715421631
1770731455.964580297 -1.4977137706989856 -8.017530418153086 -4.704654616984521 -0.24887619157130214 0.21929917408561883 -0.6895619872838339 0.643795603594413
1770731456.172445774 -1.5053165993773194 -8.324058939973956 -4.6866809530082305 -0.2462791177991345 0.21760341824331442 -0.6925960964032069 0.642110579068699
1770731456.364431381 -1.4465813752072094 -8.318178950152912 -4.52967172838738 -0.25352692428529117 0.22190221286529951 -0.6919849999461747 0.6384671224404662
1770731456.565045595 -1.4455820267607862 -8.603688880196849 -4.514276087244628 -0.2578376888115973 0.22059058208394325 -0.6920683020623994 0.6371035917373415
1770731456.767042637 -1.445461506614004 -8.896316329050013 -4.500779530040213 -0.2606331961890281 0.22072459703446648 -0.6934274457552712 0.6344362590375628
1770731456.964804411 -1.4459861733033539 -9.180832683286969 -4.484554391131252 -0.26339501152156386 0.22014268648595267 -0.6955327021339724 0.6311850170548335
1770731457.169641256 -1.4533211880887178 -9.47484560112041 -4.459483583000133 -0.26415482346917857 0.21778332147050675 -0.6984240225232439 0.6284875009812728
1770731457.365541220 -1.4632160202186761 -9.765845518398233 -4.440542654252773 -0.26517259869440635 0.21971041240938957 -0.7021948014799083 0.6231639337727565
1770731457.563144922 -1.466541918484554 -10.046796660185787 -4.425621372958346 -0.26476093171874776 0.22306388200537167 -0.701224080931885 0.6232406773481174
1770731457.765311241 -1.4689142757551632 -10.34554511352486 -4.41546422528093 -0.27155476201885914 0.22899485235425798 -0.7022292100458948 0.6170036510252136
1770731457.963345766 -1.5072837852803658 -10.65798978689498 -4.381042671617776 -0.25567079792737746 0.22660299461823902 -0.7091437704928166 0.6167646542145947
1770731458.163870335 -1.529420074364944 -10.949505317391896 -4.3521526268456014 -0.25501315811585623 0.22374051626982572 -0.7130725226170775 0.61354384362945
1770731458.363095045 -1.476387187798028 -10.910862387934957 -4.137361371652841 -0.2683940117796006 0.22458117217691323 -0.7141832462335974 0.6061932384510104
1770731458.564482212 -1.492829536818434 -11.19987287778795 -4.115461740210995 -0.27084758262421244 0.22479488565035396 -0.714279036320991 0.6049085093172425
1770731458.764066696 -1.5158256986542276 -11.497914259005766 -4.084396742055179 -0.2718055500424788 0.22371279792127874 -0.7162086479004662 0.6025939758119991
1770731458.963477850 -1.5486127909848144 -11.800089221258215 -4.054055282532354 -0.26568180624161614 0.22489776387769084 -0.7195607613702287 0.600888079704774
1770731459.160683632 -1.5717486156980334 -12.088049803585442 -4.029500250369358 -0.26531090400297247 0.22507215787135834 -0.7201741679107176 0.6002514605083012
1770731459.364158392 -1.5964333199266516 -12.372805295304763 -3.992434546773787 -0.2696507988101291 0.22072938982407042 -0.7203973050503765 0.5996621599243153
1770731459.563766003 -1.6235880198920298 -12.645972645620892 -3.9512037413891807 -0.2721491817661198 0.21268672904854888 -0.7200831371858044 0.6018134708456584
1770731459.760509729 -1.651516346837262 -12.927867964628136 -3.914075932647394 -0.26743023454059217 0.2128939266392004 -0.722044548435411 0.6015055408958403
1770731459.973558426 -1.6649279084339765 -13.220832211394923 -3.880421116407952 -0.27661056571499804 0.21074422974750603 -0.7201453141748485 0.6003867012475835
1770731460.164178371 -1.706873574465166 -13.495605248083189 -3.8383324595266792 -0.2673491547145592 0.20967299685640617 -0.7268060369992556 0.5969209733658953
1770731460.364319801 -1.6625410420587596 -13.484414343002392 -3.643633762898318 -0.2721252992986005 0.21710704876187747 -0.7271063904374669 0.5917166955938695
1770731460.563166380 -1.6930127477795198 -13.761475721597154 -3.6052019448183366 -0.2766779281002815 0.21621062940194746 -0.7291402303013754 0.5874153661522497
1770731460.764492273 -1.710823698343185 -14.017267945892158 -3.5678134067743192 -0.2849221568577303 0.21386742509237872 -0.7279365029506194 0.5858229567778069
1770731460.962689161 -1.7645100769355393 -14.317742661759505 -3.515467175499622 -0.274875689803164 0.21460229353399954 -0.7356157501454835 0.5807397686598136
1770731461.163556576 -1.8019739026357628 -14.618543042623248 -3.4666196026663396 -0.27432154354920657 0.21688370133063845 -0.7373490366900368 0.5779494345824313
1770731461.362968206 -1.827882554263755 -14.855345313124772 -3.4205191936188593 -0.28736274107206417 0.20604899841702287 -0.7354340999712274 0.5780165654151933
1770731461.565726757 -1.8640806046494727 -15.133893266317358 -3.360194772824459 -0.2914410044591978 0.204770949226838 -0.7406179201732518 0.5697509066168951
1770731461.762008429 -1.9043398919916878 -15.423189653103039 -3.315139808080032 -0.2901098201051627 0.20737496647213507 -0.7386828450085683 0.5719961276523226
1770731461.965914965 -1.9740861402552534 -15.724939490008461 -3.2441135887260026 -0.2717072563815329 0.20786510573751665 -0.7456813869243454 0.5717748978758241
1770731462.176816940 -2.029322706286393 -16.02583837520188 -3.181789240059528 -0.26316828310574075 0.2043976723648503 -0.7393007936638039 0.5851481716514652
1770731462.362230301 -1.9884569278349291 -16.029543239760354 -3.0315911855610085 -0.2748987349334216 0.21483244396000784 -0.7289753264677172 0.5889589798580301
1770731462.576596737 -2.0079701864907635 -16.30311041609513 -2.989295385855434 -0.2723524035813804 0.21450908876464675 -0.7111256749540584 0.6116455620062128
1770731462.762387514 -2.0043156079236546 -16.546085776866338 -2.970580414413581 -0.28413209828811026 0.21601213233100186 -0.7077403838440076 0.609681276147219
1770731462.962319136 -2.027019699887475 -16.840024649485894 -2.9417166842343097 -0.2755695542385389 0.22037073807958238 -0.7087167967009934 0.6109162468365619
1770731463.162505865 -2.0468802865331437 -17.133128532828735 -2.908597768854256 -0.2743209676748029 0.22344849725594987 -0.7137577711169572 0.6044572937256406
1770731463.361618042 -2.0675017933475788 -17.39904680360947 -2.867793351928132 -0.27467190313936707 0.2174796302054552 -0.7128904232745897 0.6074909056725274
1770731463.562460899 -2.093858460255911 -17.67886139417082 -2.823105412764131 -0.27084139436372234 0.21353987967844024 -0.7158974529797585 0.6070720679648184
1770731463.760957718 -2.1014966433818674 -17.9335021589851 -2.7961388622588292 -0.28189277413476915 0.21130475252591277 -0.7121462769846573 0.607235082671788
1770731463.964478254 -2.116192778188437 -18.229391735761578 -2.764773656681905 -0.27765270500772465 0.21898952761033866 -0.7110923559559893 0.607700768059256
1770731464.165120363 -2.1433154492479836 -18.536860036208015 -2.7239114918096012 -0.2676613079826412 0.2201140434864158 -0.7119839246330022 0.6107258985283205
1770731464.360840321 -2.1374999586626635 -18.669441201819453 -2.659086616973164 -0.27646516270012694 0.22096273786782442 -0.712115377950798 0.6063284347390143
1770731464.569533348 -2.15268474817186 -18.939296186232085 -2.620943715086213 -0.2792272859308822 0.21579262960052803 -0.7108927854616426 0.6083560728555882
1770731464.760644913 -2.1738736397911453 -19.227260094303162 -2.5944210291949936 -0.2757135729477938 0.22260183813284062 -0.7133093099254842 0.6046654246157913
1770731464.962170362 -2.1940708607224195 -19.514384153110406 -2.5599807085740083 -0.28011957195374254 0.2218470829286582 -0.7172468276894536 0.5982256141071143
1770731465.161335230 -2.2149474376821203 -19.785947298314714 -2.5219128924094 -0.2811549427896096 0.2190176945626785 -0.7162081107682298 0.6000242409129367
1770731465.359924793 -2.2424639923805976 -20.066501103226877 -2.476813077473663 -0.278189738973362 0.21798409064683605 -0.7181975057405625 0.5994044945633636
1770731465.561983109 -2.2524812849972617 -20.355411152865877 -2.4457300798978068 -0.28366166354084155 0.22015590309554295 -0.7127833784241407 0.6025008667310108
1770731465.761910677 -2.268143026186772 -20.628884894493115 -2.4083439297098246 -0.2856223182070066 0.218949000989914 -0.7099743246126881 0.6053244458125369
1770731465.956841707 -2.28674064709068 -20.90550951324083 -2.374360239498392 -0.2783674193025075 0.2191179953667748 -0.7070044218474525 0.6120813928436173
1770731466.158127546 -2.2898296797900697 -21.19780158023635 -2.353568611595221 -0.27975952229103357 0.22696223246234748 -0.701202184079577 0.6152546235219667
1770731466.361618757 -2.313967293043522 -21.480144849844997 -2.312889575311954 -0.27294453224732235 0.22342553396056725 -0.7050127412209688 0.6152555142432672
1770731466.559484005 -2.2763107311745596 -21.478447759747134 -2.317116747308081 -0.290146134166372 0.2213424714906807 -0.6964845377532325 0.617844656700414
1770731466.757951498 -2.305937757868481 -21.78322989683219 -2.291822199594348 -0.28028825850755096 0.22808040638377886 -0.7017622600484344 0.6139605449360781
1770731466.960988760 -2.327050626841463 -22.08183632415711 -2.2563960460553907 -0.27211261497627365 0.22931881808030202 -0.7045616611728652 0.6139710661344215
1770731467.158920050 -2.3119527215891864 -22.32906662390708 -2.236756686865978 -0.2954278184298049 0.22663511597208574 -0.6989441559518216 0.6106029767097421
1770731467.358239412 -2.341889840789153 -22.61913023153054 -2.198131204199592 -0.28348074401347134 0.22626898676098572 -0.703225869295395 0.6114853965200956
1770731467.557998657 -2.349242175257703 -22.897160826861665 -2.1649328910471506 -0.29094338998850133 0.22303059259562769 -0.7026284551517286 0.609854533966432
1770731467.757929564 -2.3727173730143307 -23.17862548994298 -2.1256626926288082 -0.28670438343132093 0.2227742385571674 -0.7055777990537971 0.6085492622942005
1770731467.958526850 -2.385549649087416 -23.475565385484597 -2.099853750332583 -0.2878889928893213 0.22948913797550774 -0.7065218956002828 0.6043852036257075
1770731468.158151150 -2.4147639970933987 -23.779370806161094 -2.0647589117488456 -0.28338028853610275 0.2338390129647188 -0.7134624094032526 0.5966458903346753
1770731468.359179497 -2.427053149339346 -24.0491254926842 -2.0347851741669807 -0.29283229314684184 0.2331825741065413 -0.7118096036475324 0.5943081888872321
1770731468.558989048 -2.415351119465842 -24.090130317656023 -2.130320314811648 -0.29993987153407553 0.23081540200490933 -0.7091710582026532 0.5948417721284589
1770731468.757556438 -2.452376281209465 -24.39728499516607 -2.092085900278708 -0.28850487210702314 0.23729658712158225 -0.7146894117601496 0.5913326586859973
1770731468.958625793 -2.4925282620970686 -24.71002904082306 -2.0467551280918057 -0.27833091878381727 0.23790286535186625 -0.7192466561946413 0.5904391364560058
1770731469.154911518 -2.5002456948138234 -24.962237872265614 -2.0159823253371214 -0.29423921540337317 0.23113627187958166 -0.713024374991548 0.5929549296599937
1770731469.358239889 -2.531575468846856 -25.23997580140495 -1.9721884819531188 -0.28821779949834914 0.22965710393095243 -0.7155582894995205 0.5934344521467039
1770731469.556255817 -2.5525579863089876 -25.522241751682706 -1.9385193143842687 -0.2892440172690769 0.22784107779935064 -0.7138120253475753 0.5957337779664937
1770731469.757319689 -2.5769840187045694 -25.81987358938702 -1.9034838166106813 -0.28066692849394703 0.23180478965266468 -0.7086573524821799 0.6043983549916186
1770731469.957381010 -2.583962146659635 -26.098705228666965 -1.8844330635415902 -0.27956507111073614 0.23633445395449057 -0.6971960642785986 0.6163659990972024
1770731470.156747818 -2.5917490681880233 -26.379894474983704 -1.867293200983716 -0.2778852050825438 0.23801433393259974 -0.6936372565199298 0.6204807378203935
1770731470.357278824 -2.5934772810526727 -26.648986348940145 -1.8500279422103194 -0.28426366155485744 0.23820549133798785 -0.6932580730411226 0.6179365329699663
1770731470.557394981 -2.5454797891078296 -26.71121858417293 -2.0533421314435367 -0.28423585663005546 0.2379283296053716 -0.6913303229881477 0.6202116350841266
1770731470.760389090 -2.562077137816266 -27.0140638791801 -2.036460839223804 -0.27905944936285043 0.24355655053722547 -0.6947654971954869 0.6165281293810205
1770731470.956638575 -2.576162633669033 -27.292950478833404 -2.0092108970003393 -0.2798913422793855 0.24040923023772423 -0.6974580394784438 0.6143423489391511
1770731471.156604052 -2.5863744219249325 -27.565930174708022 -1.9916178038640266 -0.28194650894729306 0.2409761000874668 -0.697232012037883 0.613436391705214
1770731471.357371569 -2.6029053079507074 -27.86592862359634 -1.9690804650403098 -0.27928633025820415 0.24543093073040273 -0.7000759098140297 0.6096363870943119
1770731471.555666685 -2.630715748562209 -28.147576597035787 -1.9278551904085637 -0.2754659754789075 0.23717858659660954 -0.70230176224469 0.6120760158355563
1770731471.756090879 -2.64105310674101 -28.41595428372435 -1.9046075606382478 -0.2824543500173243 0.2343905008272253 -0.7009734076908478 0.6114874610228485
1770731471.955377340 -2.650934866842312 -28.689913300835624 -1.8808690490474635 -0.28555490429164687 0.23388068097702558 -0.7006025759671044 0.6106670567900349
1770731472.156006575 -2.6740835614112655 -28.98497301923332 -1.8543216834118743 -0.27890713687777535 0.23478270229396653 -0.7032600584787064 0.6103385796837241
1770731472.355705738 -2.6922760751073107 -29.274534893340288 -1.8277215320605258 -0.27970715973399424 0.23694690696528573 -0.7061325207206025 0.6058027164461406
1770731472.557102680 -2.63415836294138 -29.386336578026448 -2.126149679240551 -0.28101375557629676 0.24085845224994348 -0.7050189192845664 0.6049518977628308
1770731472.754207373 -2.648896748954547 -29.659800095859957 -2.1062615630776413 -0.28384126922496367 0.24090611914658883 -0.7046617403645751 0.6040283166443597
1770731472.952843189 -2.6615037787548586 -29.938179860435778 -2.0795414210693925 -0.2909463189387072 0.2405244931565875 -0.7066493874958855 0.598452045563235
1770731473.156114101 -2.680300642822388 -30.21840161843142 -2.053742193990797 -0.29577820846901737 0.23963990252583145 -0.7073727449919904 0.5955768364821675
1770731473.355405807 -2.7184888008994195 -30.51714659721355 -2.009576152900223 -0.2833150846563774 0.2399853204187896 -0.7139085095501508 0.5936954175171472
1770731473.558273315 -2.749706707039549 -30.814415505385494 -1.9769009115551395 -0.28265811805657304 0.2411611673335893 -0.7170061345809627 0.58978630251949
1770731473.756016254 -2.7622581390755827 -31.064485698053954 -1.9431744345552646 -0.29457678418342476 0.2344936218737688 -0.7146638791571961 0.5894851985826194
1770731473.953294992 -2.7976335969734034 -31.344101212454216 -1.90676947445015 -0.2917505611144149 0.23363002378884312 -0.7189004479776081 0.5860723231571023
1770731474.154658079 -2.8329947001535594 -31.648813797485854 -1.8701278632187535 -0.2883090913912199 0.2388229705147242 -0.7252388999387284 0.5778148445571952
1770731474.354941845 -2.8683173090900733 -31.922815298793896 -1.8247655142706551 -0.29052774181760904 0.2344122456336694 -0.7251731308407297 0.578591791021353
1770731474.555066824 -2.8620079468427684 -32.04874597629351 -2.141769210177994 -0.27501507593365815 0.23217259456210598 -0.726315025227083 0.5856014672723593
1770731474.755792856 -2.8728318952515943 -32.31879651947084 -2.119790505159978 -0.29212759885841666 0.23343435443637087 -0.7228287127404478 0.581109731626232
1770731474.953326225 -2.9174846509254393 -32.597212411498866 -2.077556968721799 -0.2871673660975594 0.23324982362615054 -0.7250711566554318 0.5808624978529311
1770731475.154961348 -2.9532783440082553 -32.88102721135233 -2.0409580174217417 -0.28470094691041936 0.23327016563171432 -0.7253828091744824 0.5816787608355968
1770731475.354583025 -2.984198303801301 -33.16959915127359 -2.0071622551161012 -0.2822111843487376 0.23781617650682735 -0.7247402163710049 0.5818521568176077
1770731475.553935051 -3.0224189587216346 -33.4598352609645 -1.9643363327108383 -0.2774037388635295 0.23607152585762473 -0.7242311495656315 0.5854969191561004
1770731475.754946709 -3.0542137465134154 -33.733280045247014 -1.924080664997661 -0.27637818392311686 0.23253551038213066 -0.7206792719924707 0.5917463331375752
1770731475.950936794 -3.067719495889414 -34.00347922243227 -1.9083508730951633 -0.27954304094441623 0.23923674909337816 -0.7156837700863126 0.5936482185406715
1770731476.155137300 -3.097123613221294 -34.29304605747998 -1.8800897367439053 -0.2794559469373539 0.24105410992445586 -0.7176105786339414 0.5906203071696838
1770731476.357591629 -3.125589332656775 -34.56726286015968 -1.8397469403827467 -0.28235394593630964 0.23745853058066724 -0.7205117613089175 0.5871562801187161
1770731476.554778576 -3.1073732392736493 -34.690231219960815 -2.47468868283941 -0.27239108236627146 0.24359077675072377 -0.7141499949202752 0.5970397109759447
1770731476.754754305 -3.1445019906149883 -34.99453179831961 -2.4533660850461 -0.2628541432931393 0.2508946955764887 -0.7132162546909979 0.599401472410049
1770731476.954972029 -3.149662730019847 -35.27295348384953 -2.4500373818948025 -0.2637906630718152 0.25414079467398965 -0.700793901157714 0.6121395679552463
1770731477.152878761 -3.157658221905914 -35.54782891706854 -2.4450563922069097 -0.2627109027003362 0.25600338743737044 -0.6938076240985773 0.6197388385145699
1770731477.352872133 -3.1601865741340385 -35.81356862410226 -2.435248190111125 -0.2706230210710744 0.2527852827780486 -0.6925204508364349 0.6190946667903204
1770731477.553283691 -3.184304897849115 -36.102382308339706 -2.4217416582992217 -0.26195541922606275 0.2526948075905702 -0.6948961302695 0.6201967919048554
1770731477.752445698 -3.193992035552924 -36.398109722188735 -2.4145849410148568 -0.2632985838934735 0.25403245209625563 -0.6958468717957038 0.6180117312895528
1770731477.953563213 -3.2015301375725143 -36.66475495392443 -2.4002186270653207 -0.27262394742597534 0.25130445633909954 -0.6977480222497048 0.6129192042661887
1770731478.154338360 -3.211343836813507 -36.9333643386675 -2.385230908621057 -0.27622543682255085 0.24941536566727607 -0.6964260650719463 0.6135814691688009
1770731478.349093676 -3.2482023853792903 -37.24097410541065 -2.359427301134556 -0.2592968810791911 0.2526172066984862 -0.7026454938233635 0.6125675345215915
1770731478.553720236 -3.247738907075861 -37.42291687762927 -2.654043988628372 -0.2616614445373641 0.2505777278303541 -0.7032694764994737 0.6116830340775333
1770731478.751339197 -3.2598696059057586 -37.680003047309725 -2.6444979993642144 -0.2643798376152629 0.2502117635784642 -0.7002179777976736 0.614159717333035
1770731478.953634739 -3.274082149450874 -37.9774571540896 -2.6392178782028317 -0.26370834534788334 0.2572869873044497 -0.6988039424082481 0.6131348667532561
1770731479.152204275 -3.298717025096628 -38.267520340619356 -2.6162031086621527 -0.26200650671402276 0.25419994754500175 -0.7022246932759811 0.6112409158893286
1770731479.365061522 -3.3093568574791226 -38.543463738014026 -2.602742171585069 -0.2666144821638185 0.25032896805445537 -0.6953825301822252 0.6186236839686201
1770731479.554260254 -3.3160559826356444 -38.80411294363796 -2.5976776061978466 -0.269580137974751 0.25424422996599666 -0.6938268315203387 0.6174874481292519
1770731479.753335953 -3.3443569363990573 -39.08696913782636 -2.5783550318189743 -0.26072302836477956 0.25165954680229063 -0.6968828055883591 0.6189065601971708
1770731479.952507019 -3.34722887282374 -39.376413190441966 -2.578238129050305 -0.25903368666383986 0.25706567157857335 -0.6865807986299041 0.6288287498343813
1770731480.153074026 -3.3614035225106256 -39.67034667135906 -2.580970868916945 -0.25394808235750715 0.26270088296307237 -0.6867725919304587 0.628364563392011
1770731480.352729321 -3.368085563519144 -39.94458470177214 -2.5829054913352234 -0.2563963653677767 0.26604364180519535 -0.6879000275551762 0.6247201265903906
1770731480.547543526 -3.362266187959764 -40.104711114765706 -2.8390865298428274 -0.2589348568673609 0.26693930185284637 -0.6858580188546873 0.6255357120040195
1770731480.748583794 -3.3719774270648912 -40.38656048162209 -2.832585311247245 -0.26162230672664566 0.2653535720529789 -0.6888936488368367 0.6217449565603332
1770731480.949154377 -3.385582064049591 -40.655991227636584 -2.8194015827896024 -0.26551450144858213 0.2598447066394233 -0.6901312326051267 0.6210488384411383
1770731481.151606560 -3.4037189861276307 -40.935504495167116 -2.811101622445417 -0.2623290750845342 0.2609706671218675 -0.6933766978624636 0.6183094064647001
1770731481.351359367 -3.4297145272007503 -41.21214014780537 -2.791497769561736 -0.2576320501273148 0.2572178777326039 -0.6980198454501408 0.6166303475128235
1770731481.559680462 -3.4401898801231034 -41.48502927848729 -2.7803723052256415 -0.2684763818245021 0.2539597250540576 -0.6992975099341103 0.6118887832333962
1770731481.753454208 -3.4602024186665346 -41.74022918070465 -2.7630968071987896 -0.27091208516270054 0.24957597946335944 -0.7010534768742327 0.6106082992755916
1770731481.951835632 -3.4886737585035377 -42.0256493170361 -2.739595920837437 -0.2630987104298414 0.24970330118511283 -0.705767010941175 0.6085394450719748
1770731482.150362968 -3.5116675912058932 -42.303396600368245 -2.7236678059895736 -0.2651887084172116 0.24893754474757335 -0.7076118507642513 0.6057974219117592
1770731482.351530552 -3.5396937866636318 -42.596096040401406 -2.7106188029999974 -0.26123726622892546 0.25301877776014836 -0.711332035524718 0.6014510155150223
1770731482.550287247 -3.5438160450550913 -42.752782625791134 -2.9083019940263575 -0.2598856267871321 0.2564328655954733 -0.7110067803143663 0.600975045045973
1770731482.747936964 -3.558402473653506 -43.01096429438676 -2.890828209332583 -0.27210137147307617 0.2515544528564692 -0.7103152282849758 0.5984425430615565
1770731482.968445063 -3.599286819100273 -43.3263056701928 -2.8672394765970135 -0.26364460534552325 0.25234000434247533 -0.7143809982229304 0.5970559719553653
1770731483.150620222 -3.622515460516886 -43.58272057386017 -2.849830548682755 -0.26753211648138936 0.25095702684210647 -0.7140503412263728 0.5963046599792303
1770731483.349936724 -3.6551013133787387 -43.85349870207767 -2.824279985654203 -0.26731382155867384 0.24850550059941354 -0.7160360346951088 0.5950468334362238
1770731483.549887657 -3.6776359944532735 -44.12681129958852 -2.806665717088006 -0.2717727055532233 0.24807105784109762 -0.7133003052799324 0.5964922642032585
1770731483.749829769 -3.716708977306885 -44.43408976609437 -2.7894362355805824 -0.26120886608714794 0.2548164393168622 -0.7112244173378846 0.6008313729348536
1770731483.950136662 -3.728559067190668 -44.71754704884492 -2.776095061261132 -0.2678750742283185 0.25476533819799124 -0.7038875325376595 0.6065310450317772
1770731484.149966478 -3.756523567918311 -44.99470394150746 -2.746715032622633 -0.26004475678862154 0.24929042758527653 -0.702237774232906 0.6140790792813501
1770731484.349510670 -3.77260627118227 -45.277776847601984 -2.750222415972761 -0.2643075604921656 0.25801857633840986 -0.703649654803224 0.6069967800701734
1770731484.549203634 -3.815931778583591 -45.45710882030175 -2.9321014895469166 -0.24191813297722803 0.2641895433100704 -0.7096598308075249 0.606681486994869
1770731484.749721289 -3.8103472285025335 -45.64512376013619 -2.934910509578684 -0.2619333447263837 0.26003101032104303 -0.7044626883523187 0.606223652864928
1770731484.951137066 -3.836719405593809 -45.84723019185599 -2.9226370312553236 -0.2548187183252981 0.2592213442502162 -0.707137937135037 0.6064879663457393
1770731485.161886215 -3.8421420135391147 -46.077040052146394 -2.920048833697913 -0.2654656763663513 0.25762488263177497 -0.7018769681710822 0.608708564136439
1770731485.346501112 -3.867994568338414 -46.33980490171004 -2.899694522598183 -0.26273825953283575 0.25503895920999814 -0.703533757704936 0.6090681308475161
1770731485.552422762 -3.8947128124078376 -46.622114630380246 -2.892239502771477 -0.2631120513946166 0.256178323729154 -0.7047140236695785 0.6070608368914329
1770731485.755315542 -3.9322821507508183 -46.916069169286565 -2.8752907906408645 -0.25211287336318755 0.25901087303440645 -0.7101139783493088 0.6042272788189191
1770731485.949116468 -3.9659955365913397 -47.20222366329477 -2.866539526929609 -0.25082811038107206 0.2593400949855674 -0.7121775303971517 0.6021886243979649
1770731486.150316477 -3.9891949665006745 -47.49302662169405 -2.8730725353486393 -0.25533702269266445 0.2700351183726302 -0.7134774712068668 0.593998264095968
1770731486.349517345 -4.01390307498064 -47.70021964408301 -2.836547480352432 -0.26145179609320923 0.25368954539302097 -0.7166695696144698 0.5947010180312595
1770731486.548233509 -4.007029864787114 -47.8869969564662 -2.8383859159300977 -0.27772662270523624 0.25269118953133957 -0.7071394021095629 0.5991401770364622
1770731486.746876717 -4.042994394598541 -48.092995564966344 -2.8211765987382766 -0.2547135456757426 0.2580191749436947 -0.7041291984156803 0.6105318885455723
1770731486.947396517 -4.0186529080086775 -48.24161995073864 -2.841191018734851 -0.26213075670148 0.26763147166078777 -0.6832317603021083 0.6267816393809482
1770731487.146611691 -4.013994512459542 -48.40236049094629 -2.8508868715595606 -0.255569344812517 0.2694157328130603 -0.6647461458657197 0.648237637325614
1770731487.343911171 -3.996118283347922 -48.59013325316833 -2.868720049413281 -0.24643112913573278 0.2792225438798393 -0.6441248058621852 0.6681389855711458
1770731487.545785189 -3.9711567464455113 -48.76822711908414 -2.907998064272642 -0.2381153304797679 0.293513539094481 -0.6237920150140474 0.6841304069759389
1770731487.745736837 -3.941913998653934 -48.953971535165266 -2.955011834784512 -0.22495890917838854 0.30985903725770814 -0.5991752768917981 0.7031143959264755
1770731487.948271751 -3.900385138664309 -49.10216942280498 -3.000638429534246 -0.21965249633671644 0.3201707686350248 -0.5746781415712431 0.7204085600213501
1770731488.148084879 -3.8581215125009223 -49.26816693062771 -3.0637533047099694 -0.21168014201165294 0.3359855344037647 -0.5590769708128019 0.7278311472062398
1770731488.347136736 -3.8257906426089656 -49.37493512473834 -3.1067127607475786 -0.20244720442130504 0.34482162505707 -0.5332754359430812 0.7454733299875898
1770731488.546092510 -3.800828495470724 -49.428341058455736 -3.1338247729143287 -0.1985664246845862 0.3460352466378825 -0.5156266407988602 0.7582612678748769
1770731488.746173620 -3.758072803609297 -49.52836362441003 -3.1931843754249916 -0.18912105976178326 0.35693515569695666 -0.49884009424561065 0.7668044599140025
1770731488.947455168 -3.7115963004657084 -49.62995329152824 -3.2476058186233274 -0.17994578205869824 0.3621053722783347 -0.47467726375796204 0.781780474396097
1770731489.146619558 -3.6577114649961153 -49.71564645873677 -3.3018665586604827 -0.17258659390233022 0.36578401855310866 -0.44744887513739756 0.7976248638955282
1770731489.355139256 -3.6182023572496806 -49.802414080598666 -3.346282501905482 -0.15361966578969144 0.3693523898355889 -0.4213443111926382 0.8139095661197348
1770731489.546635151 -3.5859436159093487 -49.89556030869842 -3.3931491465252632 -0.12738826797357397 0.37511845699830754 -0.4050005696171536 0.8240345326515106
1770731489.754509926 -3.5578801144525563 -49.96420907990263 -3.4302069463068845 -0.10609595877566821 0.38093567416802254 -0.38538572734644 0.8337322716712356
1770731489.941403627 -3.5108826031378864 -49.982226854822464 -3.4706743687274217 -0.10843696379303845 0.37782015570293104 -0.36486723867759296 0.844017329773967
1770731490.157228708 -3.451011302766898 -50.05239030506584 -3.544854424214627 -0.0946789708983008 0.3857558263754029 -0.3459164492326868 0.8500412607800544
1770731490.347085953 -3.398688499397249 -50.082977857306254 -3.5872159097449905 -0.08711079309699014 0.3799837217989591 -0.3101613873910993 0.8670778480949944
1770731490.545717955 -3.233358987133717 -50.00556323356497 -3.6116377263840125 -0.09252579307094658 0.3651279146841954 -0.28670978214416554 0.8808621256219032
1770731490.747099876 -3.1921182628463436 -49.99524717179911 -3.6466571454092054 -0.09041544965154706 0.35956677044084656 -0.25929646617517405 0.8917971331449271
1770731490.945523977 -3.134101537109237 -50.02458346269746 -3.7105311618468226 -0.0742663519841088 0.364095975490193 -0.2339056619063122 0.8984468659416792
1770731491.151944876 -3.0710085452816047 -50.06377822167387 -3.7849491394346 -0.05441001023185401 0.3732059243231137 -0.19989644533610917 0.9043220112195494
1770731491.344441891 -3.0195397065749057 -50.06875568341386 -3.839751960106667 -0.04551489942679612 0.37791648177531595 -0.1730589960634031 0.9083821390867283
1770731491.545289040 -2.9487035644584285 -50.07429433490425 -3.910104800252506 -0.03791966522939587 0.3830729683262869 -0.14342165665688136 0.9117277161115183
1770731491.744268179 -2.8830099060435783 -50.08217614927038 -3.9809841240623465 -0.02651828948583057 0.39051497889277376 -0.11948204266010855 0.9124247218606386
1770731491.946562290 -2.834550730237293 -50.088665014454456 -4.030829958241376 -0.012451895551866949 0.3900143083095862 -0.09107896143732541 0.9162087166099612
1770731492.143376589 -2.7980802799082083 -50.079345557264475 -4.061657931401813 -0.004503285195937944 0.3842389257018135 -0.06718359641916141 0.9207749631521261
1770731492.341267824 -2.751225521140791 -50.08203940711963 -4.107510038013179 0.0043628766934314675 0.3815103297536706 -0.052213795795869815 0.9228784064677558
1770731492.549605608 -2.5001721134703314 -50.00849406397793 -4.009520658952492 0.01313462562306942 0.3815936405466389 -0.02403059599326269 0.9239244046781742
1770731492.744686365 -2.440224424736787 -50.00027397315008 -4.081427823004111 0.02235176239322946 0.38876821747203705 -0.003212280434400068 0.9210588217131119
1770731492.943789244 -2.4045926747355053 -49.969481794306084 -4.1138608034711295 0.029251037283128018 0.3821213280908622 0.03415778263609181 0.9230172876609244
1770731493.143666744 -2.3577547221371167 -49.94960346486624 -4.172666634183866 0.040214130031822094 0.3889683138589297 0.05379713269617344 0.9187994030651092
1770731493.344225883 -2.3009300815158378 -49.924255728537666 -4.2423480402634155 0.05254149693336051 0.39777872656444896 0.0831406845491083 0.912194662539239
1770731493.544286013 -2.2447674158615762 -49.885639870183205 -4.303731704996604 0.06175401303194952 0.39785923108333565 0.11143563456942458 0.9085574134109193
1770731493.744677067 -2.1935013827597425 -49.849525869834224 -4.35807638995225 0.07733059106319339 0.39569654061870674 0.14673252441969692 0.9032794660044221
1770731493.947100878 -2.162534678857305 -49.8211905987028 -4.393247011729004 0.09187106528683403 0.39724867546277254 0.18017184776078024 0.8951487599724454
1770731494.141944885 -2.170200651077726 -49.810954872618844 -4.3882909031619795 0.10641146892840082 0.38956463239137296 0.21849516814882064 0.8883557046394771
1770731494.342215776 -2.167835572766692 -49.784303248379274 -4.3949881144808876 0.11528847378572883 0.38744911703718343 0.24381107661148355 0.8815599290124426
1770731494.539542913 -1.9354862301100042 -49.688287417365274 -4.217551824922275 0.12315371765352034 0.37562889830785207 0.27585359054068354 0.8761511794033314
1770731494.742748022 -1.927904360125117 -49.66238180564194 -4.229891598017798 0.13308145182762712 0.37387823752015553 0.3024699669225554 0.8666119718755498
1770731494.942559958 -1.9256354528313593 -49.63993570195686 -4.235307069771633 0.14315212313534667 0.37006295887356067 0.32871350971854957 0.8570345994415779
1770731495.141836643 -1.9222393652947343 -49.61029494719714 -4.240361164139077 0.15321870968015677 0.36579743208756477 0.3546613888776127 0.8467181142041174
1770731495.343280554 -1.9095549504327618 -49.562580109743934 -4.25140957513677 0.1632170442598576 0.36045037247919826 0.3799296952942688 0.8361155135961583
1770731495.538880825 -1.8891958902161958 -49.51209246135562 -4.268125572936078 0.17567462131103906 0.3538073851437441 0.40438769988167944 0.8248814156163613
1770731495.742947578 -1.8643560314678296 -49.44198500539299 -4.296749594754451 0.185056577183353 0.35121354165746616 0.42702528125507566 0.8124361639947472
1770731495.943117380 -1.8593870935961228 -49.386214756153315 -4.301110175625004 0.1921358055960693 0.34042588924251926 0.45163276821961384 0.8020111525481125
1770731496.142619610 -1.8523175918923829 -49.33037065706827 -4.31324604382363 0.20312291987449071 0.336663745042884 0.4772615822431904 0.7858880227551235
1770731496.343127012 -1.8438184809111804 -49.27164859531932 -4.3277322228881445 0.2143776418636859 0.332375407397398 0.504159946301212 0.7677184143758722
1770731496.541106462 -1.8469315901055858 -49.21354452559578 -4.3291378341807825 0.21983637977953055 0.324616401040892 0.5283783346955194 0.7530687177973469
1770731496.740597963 -1.6447626143951166 -49.06864426401459 -4.168472381642216 0.2142026578118015 0.31163425496495256 0.5545624394082455 0.7412569145149795
1770731496.938323259 -1.6432921386227817 -49.04548755360183 -4.172530655581573 0.2142006209827776 0.30858241240492246 0.5538012378566771 0.7431010548190978
1770731497.143772840 -1.641089140531351 -48.99898213026053 -4.180279224032107 0.21153881863580948 0.3072142323530201 0.5541043393741009 0.7442036849791833
1770731497.342471838 -1.6381022980593105 -48.93243734041181 -4.188901642034319 0.20878986548599318 0.3047881295687186 0.5563724032274731 0.7442853868450745
1770731497.543180943 -1.6315737890277477 -48.8142940864341 -4.217002630471611 0.20308719474164982 0.3139828408118992 0.5677729554706572 0.7333513742017957
1770731497.743346214 -1.6260171391844371 -48.72376514826632 -4.236257886500014 0.21200314835162273 0.3150795996223516 0.5878062621771686 0.7143271723349245
1770731497.942440033 -1.6253388424139088 -48.64113047734986 -4.247052412771098 0.20801898468601296 0.315384493182817 0.5902408310651275 0.7133557911823871
1770731498.142473936 -1.626255939767538 -48.537762988292265 -4.258394927421802 0.20240883009115745 0.3142917039308099 0.5931021001901912 0.7130787397554812
1770731498.343277216 -1.6227979764560598 -48.43341534968579 -4.271200083895545 0.1984765038196375 0.3136281410945408 0.593407334290931 0.7142213957553584
1770731498.545902014 -1.608447339379685 -48.36515258216535 -4.281126682973707 0.20696100436771955 0.31080943387193644 0.592826035887361 0.7135278058080659
1770731498.742871046 -1.4431788677879427 -48.2220160062028 -4.167395167944673 0.20971577543352768 0.2945746784993185 0.6037569770783393 0.7104382907406184
1770731498.943305016 -1.4209241957287673 -48.16492752647363 -4.188495488466547 0.2262015910233485 0.3001577098244171 0.6177626013233034 0.6907297285173224
1770731499.141253710 -1.4333130905182503 -48.14974531104518 -4.150745577925899 0.23847806470817567 0.2705957485049513 0.6265823305323402 0.6908695510793857
1770731499.340375900 -1.443490110181071 -48.0974924427212 -4.119907872699537 0.24478806842751488 0.24683590338546346 0.6264246889765461 0.6976696549198127
1770731499.541554689 -1.4399339731583631 -47.98300767726475 -4.135422509740138 0.245151952006578 0.25104062193522203 0.6246720359353661 0.6976130546986566
1770731499.742120266 -1.4290622313000823 -47.865754366572226 -4.15162380480475 0.2521528733394284 0.2534437673367434 0.6245108993467897 0.6943855714671614
1770731499.942352533 -1.4208441679343127 -47.72541673365189 -4.164996484454729 0.25152275909699257 0.26186290201428947 0.6269924595634483 0.6892347770211182
1770731500.142395735 -1.4231154438112774 -47.513385845037966 -4.182596312513132 0.2354031304931621 0.27700886416139475 0.6331005037405196 0.6833997420934641
1770731500.341932297 -1.4211845628811226 -47.24842518274025 -4.1967528259738325 0.22607755495850335 0.28240151868678315 0.6308932382414077 0.6863760218193339
1770731500.541447401 -1.4071536322516371 -47.032399099188986 -4.2154816349216375 0.23053115337596145 0.28368602715991814 0.6267490379033258 0.6881593338787956
1770731500.742712736 -1.2814813571434773 -46.84145458982989 -4.098422628961089 0.22064278834869822 0.271117621481953 0.6267110753435436 0.6964518815491069
1770731500.940754890 -1.2770129919186246 -46.68174287701822 -4.11074417067079 0.2174945042379333 0.2730504925753721 0.6245222670255577 0.6986497742930813
1770731501.142105579 -1.2677398284186034 -46.51305960582349 -4.119962315071133 0.21953191173534434 0.27179709893089704 0.6251456379848583 0.6979434132155344
1770731501.344346762 -1.2540928557573592 -46.33720442403623 -4.132916336215814 0.22613170418625525 0.2722651594571708 0.6276923981543229 0.6933530043251614
1770731501.539835930 -1.2443044615125796 -46.17161887960806 -4.141559472344056 0.23084176674068313 0.2706020767904655 0.6285615745997954 0.6916624478032792
1770731501.741257429 -1.2392241370339525 -46.02524922724385 -4.14780181641973 0.23047184789123445 0.26938931166996966 0.6268926431750039 0.6937706681753762
1770731501.939800739 -1.233726321801952 -45.88386960842557 -4.1549852218138925 0.23270465712827085 0.2681737449127443 0.6270848853527216 0.6933223865218286
1770731502.140516281 -1.2273646205355357 -45.71300241996963 -4.1718861565957415 0.22743139265418705 0.2754527800277405 0.6270231710962182 0.6922735517977553
1770731502.340744257 -1.2191044325052698 -45.59077321332475 -4.175350012274505 0.2300232603131404 0.27104632175394766 0.6249350512095373 0.6950391161281306
1770731502.539845228 -1.2168698890038636 -45.46341142796573 -4.182635691004013 0.22695092631711114 0.2716210753400471 0.6255763899484656 0.6952477607398954
1770731502.739064693 -1.0818062574667089 -45.30415545062296 -4.071711300180749 0.22000523441469674 0.26680339532623054 0.6264338737843326 0.6985658500441825
1770731502.938006639 -1.076455481160775 -45.156569577241264 -4.076224454908269 0.2196085978575339 0.2643678781826315 0.6250783532417145 0.7008271834345146
1770731503.139393806 -1.0697833643035644 -45.008507183560866 -4.0824078590050386 0.22208256722884676 0.2616769922304374 0.6271363224356061 0.6992170751290945
1770731503.343742847 -1.0639630146678016 -44.834439180699384 -4.09723368064605 0.22098953383175055 0.2662355635861203 0.6304389146138533 0.6948589968901443
1770731503.538878679 -1.058866790109808 -44.67688115523632 -4.109294713873686 0.21868543323353065 0.2699804756861371 0.6324510733402152 0.6923098033903778
1770731503.737732649 -1.0627407085474625 -44.53922213458223 -4.104949216018926 0.21751498655354853 0.2638273513591022 0.6339558679763324 0.6936730618653788
1770731503.937426090 -1.048328640557769 -44.38017766084751 -4.120296998387215 0.22055185244049483 0.26824645999619806 0.6316641134179029 0.6931097783933025
1770731504.138160706 -1.0387813460669273 -44.235534833797416 -4.135788052978161 0.22224116790189757 0.2704031442317034 0.6291013242121223 0.6940623363600905
1770731504.337624073 -1.0364692400261195 -44.09511829211393 -4.134188586133486 0.22032135911499703 0.26594910055402643 0.6276599895653946 0.6976908428027846
1770731504.538076639 -1.0304404299966397 -43.94469909928687 -4.145698696401042 0.21822221045725804 0.2675184206749471 0.626324130670256 0.6989499587257623
1770731504.738550425 -0.8926546311436576 -43.841577588693056 -4.013077512192378 0.21440538992092853 0.25697367226658224 0.6269702407386254 0.7034935520405964
1770731504.938411474 -0.8811484592997447 -43.692116083303 -4.022968891122893 0.21542688514402042 0.25805446511282715 0.6257953415767187 0.7038318980077694
1770731505.139052868 -0.8774530275950556 -43.560873335583146 -4.0247778628667 0.21426057893652556 0.2536188020752844 0.625253076054511 0.7062779186920114
1770731505.339154959 -0.859608924193829 -43.42824706596388 -4.041836599306441 0.21484628326328978 0.26180540714614436 0.6223845792046785 0.7056461145114249
1770731505.539976120 -0.8608739342682064 -43.355027770918404 -4.0391728332332475 0.2143007136042052 0.25549242516611953 0.620527529020164 0.709749540725078
1770731505.737875938 -0.8543928128609266 -43.26417784980476 -4.04630837333121 0.21604280617671506 0.25663264573231687 0.6232143195815313 0.7064482308790326
1770731505.936783552 -0.8450290464209518 -43.14294099593603 -4.054086231643275 0.21513043032609405 0.2588863631658259 0.6248308720440989 0.7044736547628706
1770731506.142953634 -0.8412217941820885 -43.05232150952265 -4.053082986499508 0.21907757502959505 0.2542322447075161 0.6273415842212052 0.7027186624651584
1770731506.338584661 -0.8379330852098623 -42.945931263669 -4.056850811687246 0.21930994227031558 0.25366784397235176 0.630698976143744 0.6998389640816697
1770731506.537399292 -0.832337854344954 -42.80539430623008 -4.064521264223908 0.21970502162413616 0.2538923805921639 0.6308784029130913 0.6994718030686233
1770731506.737206459 -0.720592420742586 -42.71926825292042 -3.926061344438983 0.21073898674884659 0.24742256916943112 0.6315667557895747 0.7039137622684749
1770731506.937215328 -0.7209273263181699 -42.60903390419712 -3.9233044239489634 0.20911275561324671 0.24240923863834932 0.631831669437453 0.7059025130698652
1770731507.137273788 -0.6981928758135947 -42.426323490564414 -3.9447200793519723 0.20819456225669788 0.2511536830591926 0.625211212849835 0.7090047891652389
1770731507.338090658 -0.6832060188564797 -42.26488403752863 -3.954540896715299 0.21004169324225513 0.2511427314688272 0.6229087200616266 0.7104889457277652
1770731507.537560225 -0.6762014899332198 -42.10383075841753 -3.9669835943326555 0.203835755174741 0.25401713019519895 0.6216266109177637 0.7123950021431201
1770731507.737967730 -0.6635206388565449 -41.96022820296091 -3.968500723713675 0.2061324444755854 0.24849685161092588 0.6190347568409822 0.715929256209486
1770731507.936582565 -0.6448057819048176 -41.78400472120651 -3.983698098004642 0.20467158088449616 0.2519993718542897 0.6159510019461208 0.7177814596133837
1770731508.137002230 -0.6250488797579774 -41.58392345494448 -3.9978643245749956 0.20274529083818388 0.24998302142896903 0.6117395821236955 0.7226185160256945
1770731508.336646557 -0.6097004127408203 -41.40225406204107 -4.008856500274172 0.1983298284838658 0.24998204431606263 0.6099017012057615 0.7253924258767167
1770731508.538278103 -0.5919145674986974 -41.23921113846546 -4.022311342591976 0.20051508587407638 0.2516922672436592 0.6138770731288373 0.7208326033367916
1770731508.736799479 -0.5122055492325568 -41.13095613939541 -3.8725171955967705 0.19232353204854447 0.23617906094607188 0.6221433522702989 0.7212272592025042
1770731508.937197208 -0.4942170858116566 -40.963940180139176 -3.8829814540052903 0.19674204842220794 0.23547076562061217 0.6254305528870125 0.7174139031521469
1770731509.135978460 -0.491522740100407 -40.804688534473875 -3.8858379798801286 0.1935913210096195 0.2335772136383853 0.6311539294463168 0.7138688976577054
1770731509.334878922 -0.484831421587556 -40.659679430872785 -3.8887823666204855 0.19575499391273976 0.23210174140111953 0.6357400266889569 0.7096783655024216
1770731509.536146402 -0.47820652253479445 -40.553027292282636 -3.890152367634899 0.19958575741850906 0.22904418214271638 0.6395495633934285 0.706173239386343
1770731509.734898806 -0.47948007810657445 -40.43967027858374 -3.888810281788997 0.2012695680025485 0.22865086022457462 0.6476850126744539 0.6983648541209614
1770731509.937593699 -0.4763204435287982 -40.30096704785406 -3.886324954109544 0.2012833450002074 0.22600133135218464 0.6477574526496742 0.6991557021073647
1770731510.135547400 -0.46955098154874086 -40.152975995880226 -3.8910448611142994 0.20253747147384793 0.2268660532518232 0.6480018450529763 0.6982864565053004
1770731510.337895393 -0.4644126326587905 -39.97711519411561 -3.8937621904803406 0.2026338384504938 0.2256707184025796 0.6481190514914789 0.6985370065101333
1770731510.537362099 -0.4519350308993799 -39.80978595503948 -3.9023101877846074 0.2016112905016324 0.22932511220690302 0.6446662675738775 0.7008339916883268
1770731510.738195896 -0.3929256503271139 -39.7192592719202 -3.728410081833876 0.19564419795265411 0.21467959871448178 0.6453788301532674 0.7064857983661957
1770731510.935130119 -0.3832121620062334 -39.54281625661329 -3.7319424532828926 0.19435395242837158 0.21624031772836041 0.6443333734434499 0.7073197084989656
1770731511.144552946 -0.3723624446578191 -39.35678117086847 -3.741940059397377 0.19117872087930066 0.22004882415773946 0.6426456910827112 0.7085447956215936
1770731511.334502220 -0.3666466332658851 -39.21721423978913 -3.743298870679668 0.18993005806726504 0.21778908677105668 0.641076711741698 0.7109958764917825
1770731511.535170317 -0.35384768311842363 -39.022057709919636 -3.7514497651203795 0.187397844554855 0.22030868718847094 0.6394133602847892 0.7123880156871486
1770731511.733389854 -0.33851498927613677 -38.84434586318631 -3.756710211523783 0.1893594363396227 0.2177596234376037 0.63546848707142 0.7161728507898683
1770731511.933526516 -0.33073172300148546 -38.69752094130474 -3.759742034103925 0.1871091447389474 0.21680109697150324 0.6326461041240661 0.719545939633828
1770731512.134251595 -0.3195608444901554 -38.55329341841578 -3.769305188164208 0.18621655153589958 0.21968274891593634 0.630611758924276 0.7206883482262779
1770731512.342509747 -0.30395507636625263 -38.38183353094629 -3.777908399696847 0.18464135300604478 0.2227039095576625 0.6314022934211583 0.7194731984516206
1770731512.534776688 -0.2801632040360915 -38.22692303577626 -3.7965521928306885 0.18629308917204687 0.23331156851791904 0.6295527446314906 0.7173032403727694
1770731512.734358311 -0.22331790552242659 -38.1582583367843 -3.6049069713143025 0.18499592976404353 0.21970877394815547 0.6336012587780953 0.7183689897925927
1770731512.933212757 -0.2174482999822176 -38.02235947119661 -3.6009527720175045 0.18747520286721403 0.2138482087063325 0.6338512703935906 0.7192736328848034
1770731513.129176855 -0.21619222214616074 -37.88427883877836 -3.596801856912913 0.1867321235502262 0.2094102560409529 0.637155329468463 0.717852035470473
1770731513.333519936 -0.1943996229155831 -37.71980685794292 -3.6118248606525776 0.19140441622280108 0.21555870851452058 0.6377430830801852 0.7142706438159283
1770731513.535348177 -0.19177829525343082 -37.572183660072675 -3.610055731799007 0.1885200758208903 0.2143646907896878 0.6402596491687127 0.7131448254046051
1770731513.732843637 -0.18775229299404295 -37.43848714548509 -3.6056145081911044 0.18951101771303194 0.21074604564271474 0.6432421887096841 0.7112743247687099
1770731513.932854652 -0.17905429612189505 -37.28942733209545 -3.6107045612782955 0.19088585584281645 0.21258384148110815 0.6455581012895505 0.7082552069978724
1770731514.132084846 -0.1748129133479035 -37.162006841309285 -3.606409052945156 0.19333554507073827 0.20812671125571475 0.648269570400518 0.7064355619351891
1770731514.333778143 -0.17090641931660744 -37.01442341768172 -3.60587686534093 0.19421872509442845 0.20724362635035673 0.6514760104070404 0.7034971030671351
1770731514.532618761 -0.15949376828313944 -36.833798524594194 -3.6126375012067244 0.1934802887069369 0.21199787341429066 0.6510912281248736 0.7026396602871336
1770731514.731776953 -0.12924058658710935 -36.745832328553135 -3.4336945991827275 0.189149909344867 0.20050925017717677 0.6496812736302326 0.7084720143253996
1770731514.932298660 -0.11514084693526638 -36.589039384378204 -3.4355516204165895 0.19088946700775083 0.2008360682274035 0.645794124340849 0.7114604936685995
1770731515.132807970 -0.09670739635437542 -36.37297678683285 -3.4444083427679937 0.18903276487270984 0.20431412318622416 0.6414797222937878 0.7148609086787343
1770731515.329467297 -0.07846620655307657 -36.131002840993226 -3.456033004271125 0.18248563018810438 0.21066618877912371 0.6386589447764671 0.7172401996102958
1770731515.532408953 -0.059345230067315846 -35.93672171327986 -3.4613548434188335 0.17983353402051105 0.21317623224706073 0.635180560274661 0.720250963134162
1770731515.731749296 -0.04783565464445827 -35.79460444281527 -3.456154082320225 0.18254624074158846 0.20465542123807184 0.6305709920254241 0.7260669752611917
1770731515.931779385 -0.019800198053258278 -35.609443013612875 -3.470625646748432 0.1856660037642104 0.20857434896813096 0.6266581983204736 0.7275468221883514
1770731516.130511999 -0.0039749471416050675 -35.435648670590346 -3.4706486697212173 0.18464717727388844 0.20545631485743787 0.626765560283599 0.7286000652293789
1770731516.331159830 0.014454719519391368 -35.26634440887991 -3.4742764604634866 0.18857054892727193 0.20595907044052916 0.6310108050433505 0.7237730122759238
1770731516.531733513 0.026853838229456084 -35.098649358372576 -3.4688375247605636 0.19206292132947728 0.19980559315048194 0.634213476393636 0.7217775457554433
1770731516.732503891 0.04331918510773791 -34.9925098761329 -3.2399868369559526 0.17846366281688356 0.19356756329956226 0.6427000857037569 0.7194573783960558
1770731516.934210539 0.06115747771410662 -34.82080688015739 -3.2358214436007695 0.18502202752295038 0.19358144188887985 0.6473054697244472 0.7136446619657567
1770731517.132377148 0.07432867918151764 -34.65743450886609 -3.2359774046764658 0.18881947844447625 0.19515584754210719 0.6507958930181729 0.7090318084265634
1770731517.332435608 0.06772777791469897 -34.52074187219014 -3.2193621928434157 0.1871038565328121 0.18237983630591836 0.6504557521572144 0.7131879532528964
1770731517.532835484 0.09285644224193312 -34.35015053420601 -3.221461808638368 0.1923938736494348 0.18870003568552982 0.6473313839150011 0.7129789431063321
1770731517.731821537 0.10217344310902643 -34.129838586058995 -3.2232463099588107 0.18565882554660043 0.19130774906278822 0.6442994138908755 0.7168056995483151
1770731517.936326027 0.11895947830015485 -33.90007860364556 -3.2253602464354185 0.18291582548051816 0.1931573076558109 0.6414461090329369 0.7195685822034861
1770731518.129466295 0.13262156474798026 -33.70769928882355 -3.2244294430553166 0.1783990026076135 0.19320509887531923 0.638392225901471 0.7233954323505525
1770731518.332011938 0.153577251479029 -33.54811321534458 -3.2283194137549183 0.18106745452230705 0.19414558005863536 0.6352429051697502 0.7252506615563312
1770731518.530324936 0.16403555319695595 -33.389098548882515 -3.229188072169791 0.17929561684978815 0.19429508726660566 0.6370072407086201 0.7241023933997164
1770731518.736589432 0.18158962446705607 -33.27484844767711 -3.0486174312212304 0.177597564633989 0.1788227385219609 0.6424857367508949 0.7236667819481168
1770731518.937870026 0.20417576721216335 -33.068458184799276 -3.056258105965096 0.17872605899620472 0.18766282967878506 0.6476395443758123 0.7165212339862832
1770731519.130766630 0.21390255478368925 -32.9114668643705 -3.0473176080286883 0.18094910386188837 0.18073089312417717 0.6457238352981295 0.7194682026399016
1770731519.330905437 0.23145472720281735 -32.731283315895844 -3.0477085296856243 0.18203882758812145 0.18274817872081786 0.6457988599237925 0.7186158924944507
1770731519.529913902 0.2474665190128862 -32.535216016133916 -3.0503852386433774 0.17750762315913465 0.18725642739465706 0.6443604351460188 0.7198789507536093
1770731519.731679678 0.26632749715751114 -32.35744708980885 -3.0423355636316076 0.18273935479752032 0.18072638029127192 0.6420352496275844 0.7223122883563223
1770731519.927387953 0.2921438227948956 -32.14546181498587 -3.048324646108534 0.18074470819386973 0.18875565913456682 0.6418704223407933 0.7209056890665657
1770731520.129409075 0.304670836029989 -31.962629315051075 -3.0372051488580927 0.1853296217359264 0.1803745424987275 0.6451998079669589 0.7189124866942376
1770731520.329782009 0.3132495961281405 -31.78915780193209 -3.030251157651675 0.18517255452130574 0.17892756346742653 0.6490256907704385 0.7158643061387528
1770731520.530015945 0.32263584484801555 -31.605974818351413 -3.0232257519780426 0.18319602192672507 0.17723314707267898 0.6486193628461513 0.7171614541160793
1770731520.729321957 0.3443049608899087 -31.401008876036933 -3.02886653210938 0.18042352614796983 0.1859896084964726 0.6477583816846384 0.7164246615666291
1770731520.929913282 0.35612980239415437 -31.31390633038838 -2.76597094572871 0.18260856741896106 0.1679724155706753 0.6468224874539948 0.7211518899900906
1770731521.129667759 0.37789202135747013 -31.094191180067956 -2.758521030863898 0.18409886097377007 0.16753804598854116 0.6432318949818189 0.7240796515663915
1770731521.329452276 0.4024446691795558 -30.886343241609406 -2.758075421569124 0.18463783347976864 0.1700023104791209 0.6391655858780351 0.7269631618649967
1770731521.529421329 0.43016396669726475 -30.66060227851482 -2.7579436331854827 0.1786347027856533 0.17736435682898996 0.634356849524059 0.7309055447519458
1770731521.729604721 0.4552787873530506 -30.459815842358648 -2.7608179556833896 0.17468092405009492 0.18263410412908482 0.6281139709974808 0.7359376320175893
1770731521.929469824 0.4706986734257108 -30.330284299848447 -2.754709645089577 0.17696558184506914 0.17737724747855593 0.62359560088251 0.7405059226495484
1770731522.128064394 0.4873826952637512 -30.165886302183235 -2.755201209589896 0.17608176920181995 0.17775687760971515 0.6252936092222319 0.739192536003271
1770731522.327032566 0.5134960466083967 -29.963529345393436 -2.7572363291624207 0.17820251182060548 0.18144429870621592 0.6312197901942559 0.7327232818157647
1770731522.528667212 0.5336004178171563 -29.79303721042916 -2.7498947514533447 0.18364977494424276 0.17733078665105373 0.6331453810103895 0.7307212045464155
1770731522.728600740 0.5383565424889518 -29.644742088344035 -2.736010456954706 0.18622770282843756 0.1682775715506887 0.6376810657768383 0.7282614640099181
1770731522.928384066 0.547916336834144 -29.537962974710343 -2.580511844218862 0.18784345102772385 0.16471900649787088 0.6447383975077874 0.7224229270886663
1770731523.128398180 0.5508303396266139 -29.383022885509266 -2.566196044797349 0.18802207464877604 0.16140779681040654 0.6505883386431821 0.7178649150049058
1770731523.328177929 0.5451978796345163 -29.240514598142905 -2.5524210532780316 0.18662260660816138 0.15780472162787945 0.6603676348580921 0.7100593351027549
1770731523.527808189 0.5436137131106733 -29.089221265841605 -2.5407331272121003 0.18895574757395023 0.15881014666018775 0.6693387812565337 0.700757203803478
1770731523.728584051 0.5461844654112027 -28.915211733475957 -2.530594031956935 0.18736675033888792 0.16172921157033301 0.6734985837197335 0.6965177820556392
1770731523.927816153 0.5481566461091139 -28.775876509318117 -2.513783006106859 0.18747280388507906 0.15818048642109656 0.670356648128431 0.7003248145175057
1770731524.127384901 0.550585536922136 -28.62973535938673 -2.5053517100559706 0.1854972271187016 0.16146495030817853 0.6695001958978563 0.7009203494305852
1770731524.326591730 0.5569593033211926 -28.489762105831062 -2.4974297148315405 0.18440647254540352 0.16106263963096085 0.6653603080638414 0.7052295650719501
1770731524.526574373 0.570367883654717 -28.308644419548735 -2.4944478610461376 0.18186248545845318 0.16875719800439404 0.6641056147673914 0.7052735475961915
1770731524.727704525 0.5735444106095873 -28.145979773648666 -2.478287170616477 0.18141163668543253 0.16241336578141072 0.6614855958309118 0.7093296294381076
1770731524.927785635 0.5875053774638763 -28.060071937693905 -2.2102054840065453 0.1808125515127623 0.1540483157363918 0.6591239416278165 0.7135345592241147
1770731525.125780344 0.6097506251083988 -27.87420051179987 -2.2020560027226463 0.18394474584979376 0.15492772323441995 0.6550970622318912 0.7162468639391839
1770731525.326955795 0.6274436453158625 -27.681707959644534 -2.199079542594943 0.17993608888162407 0.1607660443226949 0.6532841209701957 0.7176330121997823
1770731525.529944420 0.635960022369491 -27.527916067548528 -2.1852019904107842 0.18013916418438722 0.15536919707249325 0.6509353274943969 0.7208976997797113
1770731525.743105412 0.6589832488528282 -27.323203449968613 -2.180310769660425 0.18006601814148138 0.16050139856932885 0.6489340117718988 0.7215955782386059
1770731525.926434278 0.6840947125506744 -27.111971901930115 -2.1764291855593965 0.17913134156712554 0.1629282005684348 0.6448596497365419 0.7249292352150493
1770731526.130025864 0.7017888827641312 -26.903283232780115 -2.1705686027205338 0.17558158078838057 0.16347869904975337 0.6435985793695893 0.7267920555965223
1770731526.327020645 0.7192461108296153 -26.782792466922675 -2.1643375408835004 0.17803005971494834 0.16231617853779873 0.6391574433870405 0.7303673860363967
1770731526.526601315 0.7370542071245478 -26.68854691631904 -2.1610030489496217 0.1813158844539159 0.1623527430977141 0.6376236559446806 0.7308913805983763
1770731526.728698015 0.7432060996934573 -26.595498425179002 -2.1539806515444107 0.17941190452809413 0.15950275491715366 0.6362737061766178 0.7331616537405864
1770731526.922506332 0.7549760065353395 -26.573040335039135 -1.9533635902757296 0.1802121539914808 0.15223046542292062 0.6377221350856697 0.7332529872919564
1770731527.125645876 0.7599031782391075 -26.434599696756163 -1.9409025050697672 0.17607314319420153 0.14844130378732334 0.6415108426589828 0.731728956873053
1770731527.325592041 0.7856183034230027 -26.26310871984253 -1.9399760819458258 0.1799005891447529 0.1550840185061275 0.6484653463860622 0.7232409140567865
1770731527.526464939 0.7969434876687354 -26.08681023318972 -1.9291102969168263 0.18138341586319726 0.15516757363494602 0.6567214061065555 0.7153601018392054
1770731527.724931479 0.798169919400546 -25.915720745053257 -1.912185204618262 0.180457878103374 0.1477497381524618 0.6592109125340841 0.7148747735808101
1770731527.925565958 0.8242444597843717 -25.727636493774614 -1.9062463594165888 0.18352056801863229 0.15197711646196604 0.6556427886113634 0.7164884443784616
1770731528.125604391 0.8429541663998621 -25.543621233465476 -1.9045180024001716 0.17901142224396535 0.1592032751476844 0.6532380081469863 0.7182543648322158
1770731528.325796366 0.847939115083864 -25.393981822042196 -1.8863012450972896 0.179967913754652 0.14970723904308988 0.6521937871600163 0.721001079462921
1770731528.523890018 0.8698645753025076 -25.19476466421178 -1.8854811903234134 0.17667108095775727 0.15713855884226216 0.6493338022098537 0.7228142332479475
1770731528.725577831 0.8941772624029558 -25.000547277227106 -1.8844976921280607 0.1759022099951563 0.1620150199942606 0.6472218664742199 0.7238186246378548
1770731528.925674200 0.9101058307822001 -24.86952668842485 -1.804848165138908 0.1743083765865374 0.15630094154826946 0.6461626036451553 0.7264024333476181
1770731529.140721798 0.925941616954093 -24.688405089462943 -1.7991299341451266 0.17022157096629256 0.15705005423040147 0.6427564767249396 0.7302218901622128
1770731529.331751585 0.9455046499952466 -24.520487894036492 -1.7964198884962814 0.1710313385412183 0.15983759617371357 0.6443441626237504 0.728025290892317
1770731529.524416208 0.9509680010931612 -24.37751264414753 -1.7811432739663788 0.1738427063114126 0.15240173227551923 0.647507826299418 0.7261446414748816
1770731529.725365400 0.9627871862803516 -24.222054647392078 -1.7728069577890684 0.17588119835046392 0.15262457453937628 0.6522347460351736 0.721360783088357
1770731529.924688816 0.9617476046876812 -24.06862273551357 -1.7600794546038052 0.17630062201610378 0.1491910758176302 0.6612271211447207 0.7137498216011772
1770731530.124351978 0.964833824011659 -23.906277906280728 -1.7457286523411828 0.17578745870541526 0.14756833993611385 0.6665713047816183 0.7092284893121934
1770731530.325619698 0.9826659284308357 -23.747162514760827 -1.734469436189421 0.18112037518191282 0.14838431633611054 0.6630468928029216 0.7110178073042568
1770731530.522987127 0.9935774867423484 -23.5708170541101 -1.7216478632532428 0.18141395694570134 0.14706762374851076 0.6576484509138436 0.7162112853626547
1770731530.723765850 1.0027558115193393 -23.390826708766436 -1.706234380830913 0.1801687962197516 0.14295752407525583 0.6534891578055793 0.7211478848401965
1770731530.923806190 1.0557807652149847 -23.236086787225165 -1.5663154537299664 0.17735872809123943 0.15606424148199013 0.6538017947795204 0.7188400706996845
1770731531.121400118 1.0614160557701702 -23.10988656398535 -1.5503336949567852 0.1802206149113427 0.1468757772119676 0.6512919671908207 0.7223342782271999
1770731531.323323488 1.0767793957950698 -22.961952382336783 -1.5427809883255694 0.17763562345133516 0.14778678524705227 0.6450418790149433 0.728371900682756
1770731531.522405863 1.1019405623025387 -22.80733729476087 -1.541671498454189 0.17848372443529817 0.15295495561848474 0.6426349184100892 0.7292247275726818
1770731531.723903179 1.1163794286125093 -22.680531251277777 -1.5354656797413826 0.17550395468664165 0.15449906733549854 0.6384258240192174 0.7333081666715133
1770731531.924348116 1.1258266305347724 -22.583573694152456 -1.5273220563811796 0.17693129955286152 0.1519008418301016 0.6370355756306092 0.7347156762113926
1770731532.122812033 1.138279628557048 -22.438800884692323 -1.5160339480088583 0.1767997731701692 0.1487571928100162 0.6391540693975776 0.7335497347601729
1770731532.323021889 1.1579034892389295 -22.28636690085926 -1.5126764858750423 0.17924355626409286 0.15082152761048082 0.6482502987188535 0.7244971805037616
1770731532.522313356 1.1664717967594367 -22.141395087947394 -1.503803623124937 0.17660504594409432 0.1495098410969289 0.6495756721150563 0.7242298746658201
1770731532.722334862 1.1766249582906698 -21.988363681619575 -1.4920930044835679 0.1738784253544131 0.1463056082740738 0.6477312421558978 0.7271899340055131
1770731532.922580242 1.2629457517960228 -21.873887544773872 -1.316379648760135 0.17551569380153703 0.14745181694373802 0.6414671343195026 0.7321011668459693
1770731533.123056650 1.2791657068767697 -21.71093785021503 -1.306008687564192 0.17349880669021883 0.1453266834265541 0.639038139968298 0.73512487022758
1770731533.324315071 1.303157677298912 -21.54866634176551 -1.2986030904712806 0.17264062778862743 0.1446287089258925 0.6319935367297784 0.7415267491621017
1770731533.524116039 1.3307692060504863 -21.36067878846007 -1.2919675985121994 0.16973258280743464 0.14431275559316728 0.6258895018192422 0.7474135471203586
1770731533.723087549 1.3593113225473197 -21.20423737564493 -1.2839507476560592 0.17307539139048728 0.14322498758922905 0.6246999172179464 0.7478512721477028
1770731533.920052767 1.3796134439368448 -21.035962680939175 -1.278780524238424 0.1706706094141493 0.1438765156726639 0.6267674677809506 0.7465478100239145
1770731534.121916771 1.3966007697965555 -20.866089419658195 -1.2643457197584476 0.1688115958554461 0.13950887342960522 0.6283090398456638 0.746503630123331
1770731534.321880102 1.4088094568482339 -20.718086374890678 -1.2549810501984293 0.16677290881411586 0.13973362008230727 0.6348759719840875 0.7413459465739209
1770731534.522360802 1.417848096048275 -20.580058986888897 -1.246149996960202 0.16703113457261562 0.13898295263128152 0.6414755385470846 0.7357264929353525
1770731534.721918583 1.423428226352588 -20.44891147140959 -1.2264334249199167 0.16900201227439116 0.13223040225600727 0.6480095753715294 0.7307783732385491
1770731534.921306372 1.4423346202868297 -20.354327404924064 -1.1673925482252347 0.16732195153241636 0.126077713660802 0.6534878396849516 0.7273660825453021
1770731535.121615410 1.4615720519980493 -20.19463488626243 -1.1624257602693173 0.16671902834648863 0.13260862945840823 0.6514203497745611 0.7281972568472842
1770731535.321392298 1.4683584085624068 -20.014959757914696 -1.1459315385903535 0.16234807248640898 0.13015900810231013 0.6507791780108352 0.7301973688238462
1770731535.521494389 1.4957743882751822 -19.833467264583312 -1.1399493795764164 0.1664522489278197 0.13351254717190464 0.6476499995461313 0.7314489227980268
1770731535.720731974 1.5056784006364206 -19.66174017863046 -1.1265829244999577 0.16397290328558572 0.132073367393732 0.648219144904753 0.7317659822595498
1770731535.920644283 1.5143340745773344 -19.49939845884392 -1.1134912599072833 0.16626263251449297 0.13004489651231055 0.6521372063218024 0.7281223290431382
1770731536.117287159 1.5389395057276807 -19.326405219280602 -1.1109561867021258 0.16716784669827237 0.13921975411449952 0.6520849647070077 0.7262630170245329
1770731536.321387053 1.5579918484933817 -19.164670316666708 -1.1083497353557175 0.16584595466454383 0.14307345411060846 0.6445827156594541 0.7324876986839475
1770731536.520496607 1.5887548764284602 -19.017686720429463 -1.104198808537628 0.17009330341719797 0.14667998843985658 0.6275699658258242 0.7454590445606251
1770731536.723001719 1.612370717138433 -18.90174687880628 -1.0999325571303908 0.16929118999988058 0.14757714555694376 0.6128022613100002 0.7576508876989442
1770731536.921412230 1.6479043190407392 -18.858846222077812 -0.9846084616456303 0.1693468918892569 0.14287706471698877 0.610806673821657 0.7601466843972945
1770731537.120029926 1.663158426140904 -18.759409695499897 -0.9725861417329731 0.176193258500696 0.13513931359673081 0.6150006265531314 0.7566158410440115
1770731537.324812174 1.6783320961870105 -18.624394442249663 -0.9613495881438063 0.17849529837824682 0.13391530483591627 0.6250713253624176 0.7479919503558871
1770731537.521240711 1.6867103233957583 -18.47653844410764 -0.9473735484438466 0.17520221208118317 0.13211606810274276 0.6328284664463408 0.7425480869856662
1770731537.719626188 1.6822063938033343 -18.32087893398642 -0.9286407077578986 0.1698961169278226 0.12548937552459047 0.644849640470574 0.7345452111805201
1770731537.920255899 1.6999099914886036 -18.171003416004353 -0.9183177825406061 0.17168522168352873 0.13047151213320007 0.6497321194925109 0.7289372689586467
1770731538.122449636 1.7130322772150692 -18.024250994432826 -0.9026016261511081 0.17077982070054637 0.1291145289173119 0.6490777507961991 0.7299738109584922
1770731538.320428610 1.7234469579170044 -17.883145699396447 -0.886773259037779 0.173592320908301 0.12208073867798429 0.6455849073877649 0.7336089739899628
1770731538.515210867 1.7333822124393805 -17.726670938671713 -0.8722452068245081 0.1696175723013702 0.1219701120645326 0.6442083414965272 0.7357640815341675
1770731538.719217539 1.7539101980570324 -17.56114300065884 -0.8653189233898 0.169319994745144 0.12577575694825224 0.6460327396792479 0.7335890522670656
1770731538.920051813 1.7658579529401768 -17.39543876879583 -0.7927913210620336 0.16699096578705733 0.12436331441250557 0.6514052381596594 0.7296019456333511
1770731539.120052576 1.7804143719395948 -17.214201934075586 -0.7797105982744403 0.1650377199250194 0.1271728205576009 0.653001862773863 0.728133361361236
1770731539.318640471 1.784819118368077 -17.04646420762283 -0.7683544559120223 0.16299797364164936 0.12785885139229644 0.6574940363338273 0.7244207112547117
1770731539.521713018 1.8014940938923487 -16.89211586677931 -0.7595680827212217 0.16608269082782987 0.13312682898382094 0.6611018271698829 0.7194707508472556
1770731539.715975285 1.7928459772452008 -16.760730015741178 -0.737949189597404 0.16700271793322832 0.12208074001287791 0.6654656113055061 0.7171902852734294
1770731539.918439150 1.8185213779385567 -16.586864822043438 -0.7342866971788964 0.16923343484670264 0.1353811960546412 0.6658379073900461 0.7139270672605269
1770731540.119182825 1.8149516458350894 -16.430508838792246 -0.7089713343784019 0.17257731921011824 0.12332291359151142 0.6651367713586158 0.7159620124449042
1770731540.318484545 1.8325030653862788 -16.2331507567627 -0.7010592293912357 0.1709427714840934 0.13166773932504525 0.6645673536408058 0.7153966786148763
1770731540.519650459 1.843428429700898 -16.056417441902468 -0.6847760916323726 0.17271485174600573 0.13100991417949648 0.6634461708446694 0.7161320833230089
1770731540.727021933 1.8538273623803783 -15.861838978074797 -0.6673215351974298 0.17223286724100506 0.1281525071202353 0.6611106605217181 0.7189196539984488
1770731540.913878679 1.8728218367660159 -15.673896662502507 -0.6526849117029525 0.172580973338563 0.1306992640009871 0.6580447080390384 0.7211869884107054
1770731541.119949102 1.909969581561788 -15.492283794882905 -0.5244317280707371 0.1774558305433916 0.12199965495520984 0.6537309080554734 0.7254387722267853
1770731541.317965031 1.926934054328435 -15.319551135576944 -0.5074601075770653 0.17815635241054054 0.12148216315707092 0.6513023237152252 0.7275353470818947
1770731541.518180847 1.9429960481936346 -15.176533814625035 -0.4919424592136534 0.180144347176603 0.12019437011498335 0.6490198293085444 0.7292973253325835
1770731541.722149611 1.9644215673721528 -15.025046995069225 -0.4780919750847208 0.17995461927454365 0.12237557609524977 0.6455524495436679 0.7320536785408939
1770731541.917459011 1.9809377807607873 -14.846170584230357 -0.46192419805614615 0.17833579517969772 0.12128860815326456 0.6445853539453458 0.7334815193097892
1770731542.121283054 1.9988859886414023 -14.638462502873264 -0.4469604277076653 0.17271901882797003 0.12460412257798835 0.6457571257438917 0.7332391749781484
1770731542.317649364 2.01843920498733 -14.446495183423982 -0.4279562133471033 0.173675270619469 0.12481845122038808 0.6466700892308127 0.7321714623668323
1770731542.517611265 2.034340698904554 -14.264729610571578 -0.4143000113344153 0.17272448443366356 0.12576347378812885 0.6488913858606725 0.7302669172937102
1770731542.717525959 2.0442329120415996 -14.089140640413264 -0.3990177379986444 0.17012853548816106 0.12442090625928404 0.6511796769359637 0.7290684109490825
1770731542.916675806 2.068171058444019 -13.93404052353334 -0.3873414222062703 0.17389811007344239 0.128111974343319 0.6542630552447176 0.7247665995922847
1770731543.115664005 2.115947540614342 -13.779846203448349 -0.2741202736885753 0.17151940005736563 0.12546079624036494 0.6514381773747784 0.7283330179727531
1770731543.317827463 2.130879737223934 -13.618346897194936 -0.26247749828723466 0.17051170806544894 0.12605487595439735 0.6481783990271714 0.7313690509553126
1770731543.516681671 2.1775072239875235 -13.439260080761088 -0.26956300336566397 0.17336263848738653 0.1434696832588655 0.6435417196704534 0.7315845136454606
1770731543.715138435 2.1840665636485226 -13.275896293896617 -0.24308526410745568 0.1696024119766549 0.12831002757245735 0.6373434190156124 0.7406516893341455
1770731543.917588949 2.2276948994426617 -13.094739202598808 -0.24383538837514296 0.17579991464698907 0.1380125733782246 0.6337766477930673 0.7405228425320799
1770731544.117662430 2.2555474037268852 -12.934784641645416 -0.225263933290754 0.18058364391374618 0.13023668230531224 0.6312313189783568 0.7429501841131476
1770731544.316593647 2.2660507773496446 -12.801762146761222 -0.20502115327126536 0.1795538472886187 0.12186733311359262 0.6300061201307712 0.745654784495739
1770731544.516414404 2.297487493669443 -12.62854538432565 -0.19727810972567594 0.1817434042239983 0.12538806275346379 0.6306526495753082 0.7439922071659271
1770731544.715322256 2.305434473440735 -12.46024124951933 -0.17759687960519033 0.17637738970035527 0.12280753959214058 0.6358065447745472 0.7413227112692847
1770731544.911711931 2.3187097083098016 -12.301046911825058 -0.16204559925422535 0.17588762262950952 0.1228072163992996 0.643826455234669 0.734485825149766
1770731545.121934652 2.322306442701081 -12.14896446274529 -0.13230221598628367 0.173560380616244 0.12291109602447463 0.648881764522403 0.7305628736971786
1770731545.320589781 2.3322242424591537 -12.002556947022711 -0.11688659046847993 0.17319550238440487 0.12317482014228139 0.6534125201040603 0.7265558204349963
1770731545.514526129 2.341859629670131 -11.873284449400083 -0.10091425383848973 0.17526451827916462 0.12018636177646919 0.6555424061055777 0.7246390417805252
1770731545.717867613 2.3541223870890637 -11.716642532844133 -0.08588937288368248 0.17561473985909223 0.12024068295133229 0.6556062720109416 0.7244874446168926
1770731545.915954113 2.373260250535209 -11.545457523401472 -0.07306234905927322 0.1731322069110881 0.12168056764192067 0.6502338148937236 0.7296677767019533
1770731546.120452404 2.3977041999988375 -11.374276072644546 -0.06291810840889367 0.17257516117239025 0.12382492853526886 0.645034344984478 0.7340407990091451
1770731546.314747334 2.4203000783669135 -11.199979652352724 -0.04671532205563711 0.17110777966625906 0.12342748497685067 0.6384220528967252 0.7402060970196641
1770731546.511862278 2.4388411106632994 -11.039534041666657 -0.03958112813268011 0.16825767233890251 0.12629876241506677 0.6408202172692267 0.7383003639783193
1770731546.713910580 2.451223736179663 -10.915481652392506 -0.023274906183460953 0.1755548987241352 0.12047786156657472 0.6516067845052115 0.7280619209882239
1770731546.916220903 2.453423943213734 -10.763538090930755 -0.008407922029303183 0.17305611576262972 0.12062592574009924 0.6671043421390983 0.7144737668631619
1770731547.118982077 2.416915393639972 -10.6124744716538 -0.028026503288485216 0.17157434819752165 0.12051326865866019 0.674697049221883 0.7076882695714727
1770731547.315929651 2.418935050236789 -10.441460673017106 -0.0091027087031188 0.16874725908035731 0.11958437528728409 0.6750709856732823 0.7081688386550908
1770731547.514586449 2.431649773062056 -10.251605186903252 -0.0013446361054465505 0.16531736637259303 0.1279093363477553 0.6740414224316263 0.7085037268053265
1770731547.720742226 2.4437000905365838 -10.089782260826173 0.015200594503546494 0.1685385072277444 0.12435366058360331 0.6674277686551662 0.7146125609789322
1770731547.914274216 2.4570041708978354 -9.944460863427517 0.03262305950060007 0.17093704660008785 0.1209733999413173 0.6612349723573128 0.7203570461499509
1770731548.113603354 2.464723380836736 -9.780347614276039 0.04868038876477465 0.16897286974535058 0.11695388599118679 0.6556472787429991 0.726564934275294
1770731548.313251734 2.4784023630726852 -9.5975309863618 0.06419222817417447 0.16557122751052258 0.11612765837776787 0.6530441409110369 0.7298177071037003
1770731548.513041496 2.495843063729445 -9.413971934829005 0.0729848275801388 0.15892033020727123 0.1211219007619377 0.6484180446689589 0.7345936653349883
1770731548.714331865 2.5180769396764453 -9.22247544485535 0.09064181992861142 0.1584428065637435 0.11823865994097202 0.6436661483436197 0.7393303631124849
1770731548.913191080 2.536173795533539 -9.02685375572625 0.10783265422289512 0.1553026173705484 0.11613409248231953 0.6406719603469451 0.7429222091352158
1770731549.113392830 2.5074082982925407 -8.879128176830859 0.028723655793511993 0.15911654806110556 0.1132658454142939 0.638400835667118 0.7445113467336908
1770731549.314700365 2.537291358598682 -8.67545988678289 0.03668714852322896 0.15637366221240853 0.1191275130930681 0.6369191041473029 0.7454461537647928
1770731549.515968323 2.5520293246802552 -8.476916257366279 0.04799641867055393 0.15106335478264427 0.11960157680372178 0.6377790952939781 0.7457299452709786
1770731549.713444948 2.5694974297092825 -8.340374318267633 0.05923513954225057 0.1533880013506077 0.11564695494655203 0.6356516725830553 0.7476930212297064
1770731549.914900780 2.589732557091157 -8.19225743081868 0.0686957352096309 0.1547574432178117 0.11687272720752112 0.6378748815055565 0.7453231077512759
1770731550.112604141 2.6047492771289527 -8.033981132328554 0.0820307343706681 0.15412645964968308 0.1138102854126898 0.639276050298236 0.7447270539501094
1770731550.313678026 2.636825913329649 -7.861443241560281 0.08158386846967525 0.15228337985476778 0.1251366860279824 0.6403083679204347 0.7423986637925728
1770731550.512707710 2.6495391401054427 -7.70942164361179 0.09433343349087431 0.151144632534058 0.12088613518786626 0.6402028096496317 0.7434259915366076
1770731550.714487791 2.6698181813370825 -7.567045289056232 0.10152386407772673 0.15252918875309435 0.11963183325750877 0.6382144197604864 0.745053974863259
1770731550.911838770 2.6881367150503737 -7.42580362393254 0.10949661228679974 0.1535607172718686 0.11813691439077231 0.6384825124965119 0.744850895686716
1770731551.112583876 2.6322482188174217 -7.289020315146939 0.014942725287192538 0.15509225368008356 0.11806977288198027 0.6449946677682901 0.738909872806211
1770731551.312661409 2.651056445059681 -7.113374944864523 0.0286212819262206 0.15586482420197276 0.1178820828097459 0.6473209483522231 0.7367398190360631
1770731551.511890411 2.6678073846938304 -6.957101216607185 0.03554898017950925 0.15287129211739314 0.12123062147302836 0.6462687719686107 0.7377466901598365
1770731551.712287188 2.6823932201560536 -6.812476265271101 0.045814486955506384 0.15728311011706678 0.11694822777306983 0.6467529466444012 0.7370859931510114
1770731551.911841869 2.6958659286233324 -6.639033101651297 0.05278631786297838 0.15142660718661222 0.12013624872279467 0.6462880833801732 0.7382065955134353
1770731552.109680176 2.7282982299967813 -6.4935241659548995 0.055641917188042234 0.15501707710804516 0.1290689969707161 0.6460558615391949 0.736154008069431
1770731552.305465937 2.725166478143761 -6.3470413976940385 0.07799612148336821 0.15852772404566953 0.11595613612907972 0.6517373847735681 0.7325718507364392
1770731552.512270689 2.738776833253919 -6.150972366362568 0.08814024697387945 0.15778014526702092 0.11787929058284968 0.6576182124598404 0.7271507307651651
1770731552.710231543 2.7536917818523365 -5.965404755439931 0.09694168378103574 0.15803448295552208 0.12364921831596226 0.6652525532199361 0.7191488117498182
1770731552.910370350 2.7825638418123297 -5.837197208365327 0.11109718539637314 0.16773296908546978 0.1271870904267389 0.664629230750494 0.7169080001942695
1770731553.110561609 2.7447682045366975 -5.7250598085484645 0.08118416968972486 0.16169457834381223 0.11751664266892561 0.6621034484776945 0.7222629199564197
1770731553.313417912 2.764841456518167 -5.563116852490711 0.08223566089912548 0.16009208702391844 0.12754659200396215 0.6587315938915983 0.7239993630864071
1770731553.511747837 2.7736897846297106 -5.398135103997574 0.10154713747133792 0.16297847940290824 0.12147459024904529 0.6597148919678727 0.7235041122835091
1770731553.711078644 2.782513017728748 -5.2260152305981915 0.11618293219481246 0.16409988454792995 0.11469463237276355 0.6582390614197421 0.7256980826883019
1770731553.911535978 2.8092817256507914 -5.072443058262051 0.1246958253361472 0.17030716583461422 0.1216304183891678 0.6572368322170004 0.7240450655623638
1770731554.109891653 2.809188856305709 -4.90508815129662 0.14387586429033195 0.16813002956580098 0.11536319384175475 0.6589539780243157 0.724018840577198
1770731554.309478283 2.846206392746474 -4.683653732508633 0.14038606000673282 0.16405396077832005 0.13442935654299001 0.6560500766066426 0.7243019695105001
1770731554.508866310 2.856038155484393 -4.534088136725891 0.15838085243169986 0.1666467267033659 0.12579703531587189 0.6508046996487298 0.7299706961925974
1770731554.709034443 2.8665482739254857 -4.381537328150146 0.17083174621878716 0.1675635667565831 0.12137404795329255 0.6488529916237972 0.7322435297358937
1770731554.910106182 2.8969825233882007 -4.169175379994917 0.17618416873444764 0.16465004275935383 0.1310800716046672 0.6470632621760276 0.732814787643893
1770731555.109171867 2.871380225008541 -4.039410709332262 0.1092901007998397 0.16480542086487937 0.12565852185951829 0.6415758898513749 0.7385319808234693
1770731555.309581518 2.8915250774697743 -3.893423019867842 0.11834740831054202 0.16735192288110584 0.12552252855351317 0.640352521178387 0.7390440293744363
1770731555.510689497 2.91135251121569 -3.7272442072075016 0.12609961874822728 0.16631359174385857 0.12646202021972705 0.6396248926519057 0.7397480269275682
1770731555.706407785 2.9301014475430236 -3.5662977828993547 0.13417893633223654 0.16482644545458097 0.1269346564884647 0.6377168278079158 0.7416448499056422
1770731555.909456968 2.950418566668695 -3.403293545110242 0.1424852942590451 0.1642296244649305 0.1291873895330949 0.639533187937331 0.7398219720719552
1770731556.111153841 2.9606642008609914 -3.2284570735246154 0.16058486188829058 0.16335692755442907 0.12318059747895355 0.6438301617767229 0.7373084682893947
1770731556.312723398 2.9759943339053994 -3.0485400292189224 0.17161727342663458 0.16514214687231396 0.1209294340783333 0.6488140457855387 0.7329014103488186
1770731556.507802486 2.989778283494596 -2.866407820869399 0.18032262881954364 0.1646458833753742 0.1262095050864555 0.6559551255024029 0.7257311948927723
1770731556.708453894 2.9900313608342834 -2.698733810261336 0.20218576859574622 0.16313892054449403 0.11941684934721827 0.6610881649863201 0.7225563969757451
1770731556.906515598 2.9966545801360294 -2.5317444598890253 0.21829876808289383 0.16329202635584678 0.11740262152149844 0.6623960853265978 0.7216534935358307
1770731557.109391689 2.943305255817364 -2.3869225337132534 0.09719882234943067 0.1643274780910337 0.11949123887865438 0.6620651244973181 0.7213793001603428
1770731557.310068369 2.9597405394714715 -2.246262762978713 0.11114375335106841 0.1666464573951795 0.11986732744531722 0.6599021346888719 0.7227654907933931
1770731557.506529570 2.970839784291219 -2.0979499844053886 0.13129267149644397 0.17037015424535065 0.11338823276795729 0.6567717735540759 0.7257878179432328
1770731557.706481218 2.9924368856318417 -1.917545695162021 0.14275524108796667 0.1721547691434933 0.11470819357738964 0.6537867890441292 0.7278513586294388
1770731557.908447027 3.020926479717548 -1.7602863922476728 0.15202103368323772 0.17943371362594965 0.11763267519145201 0.6513206201535207 0.7278375820913117
1770731558.105509520 3.0409999306971778 -1.6079720164128846 0.1634742007172627 0.17761566398309434 0.1223523602768778 0.6485498324263987 0.7299765001027105
1770731558.306253195 3.07802203739795 -1.4346271730075189 0.15786143839251032 0.1785504178157246 0.13870896609208092 0.6486361077695841 0.7267398232662159
1770731558.505949736 3.1182972395317603 -1.233949091232553 0.15017050432836165 0.17210644228029648 0.16114296416716434 0.6449595600831828 0.7269384316999185
1770731558.706988335 3.1355489621874546 -1.0935442107513373 0.17599465770377232 0.18367255765866466 0.14240278067553425 0.6471865853176694 0.7260408827358457
1770731558.906450272 3.1322728770927912 -1.0130606931512212 0.20736641745226003 0.19741530630864992 0.11757405772098059 0.6503430992565955 0.7240562070967982
1770731559.105960608 3.1434674065787696 -0.892133273668946 0.22846175755815223 0.20185803077432746 0.10862725040003081 0.647479392754525 0.7267901291574219
1770731559.305121422 3.0263148649700207 -0.8035237893328997 -0.01408972603436709 0.20810583330773272 0.11172938808338574 0.645432677986963 0.726378113772968
1770731559.506664515 3.0159546879772647 -0.6777462523910094 0.012142623776150163 0.1994506561767549 0.10746278101454906 0.6541996659024035 0.7215912856877195
1770731559.705919504 3.004649984796264 -0.5483692551411707 0.03741939683139717 0.19562338263161522 0.10150517624195896 0.6644259659741417 0.7141192667217243
1770731559.904618025 2.991431563232863 -0.37565460992696 0.0488697494441559 0.18337969240829594 0.10793752005605778 0.6806189319432888 0.7010558106575785
1770731560.105569601 2.9892349604092145 -0.20935297262554098 0.06453294126903475 0.17923567982208752 0.11650670361620812 0.6976562741291118 0.6837956436388538
1770731560.304505587 2.96914092741688 -0.07818440593877685 0.08897654392416032 0.1773663583109675 0.11266767532000509 0.7231999495276566 0.6578974106049327
1770731560.505420923 2.9583234730970243 0.022514644270828166 0.1063887488944657 0.18351333527352232 0.11049903787810932 0.7372750897023164 0.6407325967275507
1770731560.702852726 2.9219445317401855 0.12878005310451002 0.12948933165680754 0.18431426040304782 0.1042076478478401 0.7545223356817101 0.6211803800020588
1770731560.906417370 2.8813988910307953 0.2331298446340262 0.1504384437413746 0.18199743423046216 0.09947471592399729 0.7679671163209931 0.6059770813116404
1770731561.104616404 2.83819075883955 0.3035295946240475 0.1658244292529134 0.1758932837531382 0.09311001888248961 0.7809972134177204 0.5919758692277777
1770731561.304566860 2.806406403581702 0.4034970898731687 0.17251903573562521 0.17003363805201444 0.09902787649288164 0.7976478111020622 0.5701228034837607
1770731561.503845930 2.7556975436640454 0.46744399772523026 0.19801912726158222 0.16913803403970865 0.08776474768019482 0.8168180619312837 0.5445162331910961
1770731561.699568510 2.7374344108180533 0.5242130412013992 0.21061665301173593 0.1714506715611068 0.08963995535622293 0.8244956731481418 0.5317670830212761
1770731561.905659676 2.6969253927883945 0.6055200798252779 0.22804530192962236 0.1667198883387442 0.09008049348790834 0.8269596381022195 0.5293654129947686
1770731562.105807304 2.6623469542405336 0.7217057266530833 0.24537063443094875 0.16971237247424384 0.09768280845061125 0.8268947371339717 0.5271630423905753
1770731562.303330660 2.605864578326018 0.8151245895743428 0.27637891467754994 0.17109695673045958 0.08519459324351461 0.8240233613763448 0.5333415534023774
1770731562.506021023 2.558070403194233 0.9145621616559722 0.31896079532742994 0.17633972519503927 0.07693200850610366 0.8230601920151324 0.5343759797234078
1770731562.702452421 2.5034879644656614 1.0325211315993128 0.35110971648276457 0.18079847527655812 0.0700003421482142 0.819464442690561 0.5393420905164343
1770731562.915675640 2.428115530758586 1.3178485596257754 0.34330836201484305 0.15185573260637844 0.1233259238114934 0.821763419554472 0.5351966323443627
1770731563.108272314 2.357420050908565 1.5289632400461945 0.3615991416477624 0.13593867515247277 0.1398579967293567 0.8219591470754524 0.5351108089803657
1770731563.303728580 2.219188589182651 1.620278112462337 0.2785435939825991 0.15804903883625265 0.12224718553458659 0.8176613076849959 0.5399130604705096
1770731563.506934166 2.1691251739485864 1.7259247188843894 0.3135828559430448 0.16378111152343924 0.10915631847448358 0.8119247444202143 0.5495806174196602
1770731563.701437950 2.1301508275466894 1.8195279488632412 0.33840973961729826 0.16674955900033872 0.10552847299761994 0.8105598381051576 0.5514082650911992
1770731563.897651911 2.1003645875253856 1.8899326398590066 0.3628627945544216 0.1742889393677718 0.09909467221654346 0.8096834387100054 0.5515581026791792
1770731564.101744890 2.0675920729301955 1.9354540571768346 0.39879081188458376 0.19103808708520978 0.0840220802078775 0.8145441458447292 0.5412601719971707
1770731564.313805342 1.9964254396236445 2.0254977474358795 0.4358399743730048 0.19210708557953843 0.07466995221366675 0.8309289505265279 0.516794296682331
1770731564.502247334 1.90802400960583 2.147506035648222 0.4690272212895584 0.18219059402515173 0.07682598207111298 0.846466286578526 0.4943674560623072
1770731564.703194857 1.8174224445458993 2.2314579518539484 0.5181283656399235 0.18243513428387356 0.05987321656500558 0.861706597482473 0.46967473806044696
1770731564.901707888 1.7067718497406883 2.3376398040366615 0.554400252045357 0.16862446672801631 0.06487776221749204 0.8809946810572262 0.43726998197818767
1770731565.101383924 1.6192186337343433 2.422622466213406 0.5941772205915485 0.17342624886027472 0.062117015285704576 0.8964442424128366 0.40305400737756186
1770731565.306117535 1.5568956199840809 2.461940506617429 0.6342363500148961 0.1821005632676658 0.045436945617786606 0.9077557795001377 0.3751723785336669
1770731565.500134468 1.4881020594351306 2.5024736795917364 0.6597482403528774 0.18455779789739551 0.0416228295581748 0.9195645997100678 0.3443935339911086
1770731565.702462196 1.4081341249067392 2.601134496660639 0.6694423505697283 0.16949115719163482 0.0656264026382344 0.9367592464127829 0.29907864713273596
1770731565.902299643 1.3381848448935094 2.6066976909945145 0.6957229189819112 0.16685463441496687 0.05275712900619087 0.9467864625564058 0.27013257973296606
1770731566.105817318 1.2820684199186227 2.6045730198969235 0.7156926729304215 0.16831467318191723 0.04227578733667485 0.9538454524716932 0.24507505257734274
1770731566.309718609 1.2542759601616296 2.6009953143944387 0.7268190871050945 0.17071091633397345 0.03543251192565725 0.9592871364058534 0.22219475706978048
1770731566.500505924 1.2155959570367152 2.593092550937031 0.7396552223489958 0.1660630589132191 0.027884116457951184 0.9646430848451092 0.202754174739372
1770731566.701247931 1.1533680287282482 2.5994739372214446 0.7585349792507552 0.15867633306972664 0.02536941649642003 0.9706743117571438 0.17880043211625532
1770731566.902261496 1.1000898693245365 2.6132345850669116 0.7803626646114747 0.17288829866904884 0.023626413726572423 0.9746475782016025 0.140048302608358
1770731567.100394964 1.0461969560755495 2.604888822886531 0.7997048468082709 0.17074818853742835 0.014587118571077945 0.9779766129373946 0.11913864457206959
1770731567.300695658 0.9093626415673253 2.5948198217425666 0.6760213829177179 0.1707271463755625 0.012893720488715163 0.9810038417583 0.09120008726893121
1770731567.500104427 0.8891146915863253 2.593355721470828 0.681706302806041 0.17135306690634974 0.010347373645745391 0.9830816057449404 0.06388751651427002
1770731567.699910879 0.8733369735575613 2.5833707094169425 0.687264581359426 0.17237933748232231 0.004882955057486519 0.9841466973490371 0.04143427151565712
1770731567.904438019 0.8587202226960144 2.5744807402784877 0.6894446816105833 0.17169433280241606 0.0012988278318184928 0.9849519269059862 0.01972487804701469
1770731568.108365297 0.8265008845007058 2.565733799270747 0.7017338408150848 0.17112507238699853 -4.531409019177972e-05 0.9852483722247917 0.0013610935178773465
1770731568.302170038 0.7829704807045053 2.5495485385430987 0.7156895341629499 0.16751924947224345 -0.0014933578748384398 0.9856536809679387 -0.02054001297115327
1770731568.499563456 0.738487759603907 2.5371420707200927 0.7340812300786412 0.16714907447364802 -0.002724361965017015 0.9852901921611689 -0.03545422380312023
1770731568.699753523 0.6944195590218332 2.5178374041354177 0.7558786987151964 0.17115457537206652 -0.007407681156016216 0.9840379320272661 -0.048172460188247085
1770731568.902523518 0.6393443718166401 2.4872876356455285 0.7751444394014748 0.17172823563006545 -0.014192561248989748 0.9823916012307482 -0.07221306061823594
1770731569.100242376 0.5762248677827926 2.4532752504921986 0.7921658541074101 0.16745243740671104 -0.021324615982188554 0.9807608904965761 -0.0980459975323569
1770731569.305487156 0.4320266608911618 2.4229082821347108 0.7470818873557243 0.16632784187684319 -0.02858050502514662 0.9771774830848543 -0.1290053111349949
1770731569.500394583 0.3808502946488095 2.385886030657412 0.7593405066223663 0.16401976990446027 -0.03703607708966326 0.9733683595979092 -0.15582002633795178
1770731569.700290203 0.35144323115070586 2.3489482216904323 0.7699303679373469 0.1670731856834118 -0.04511699316944271 0.9652337826671673 -0.19589474814543686
1770731569.899968624 0.3336816380343177 2.3113902563357858 0.7755698597214141 0.16697531445950967 -0.053976903025625286 0.9575777078726797 -0.22858405825035738
1770731570.099503279 0.3084500168049291 2.2750632873015535 0.7777384038905906 0.16066344331843047 -0.06005783514307479 0.9496071216131818 -0.2623482971176064
1770731570.305626392 0.2756345503518891 2.2586721464162194 0.7800827886529688 0.147877199029558 -0.061332319454012976 0.9435547830718957 -0.28995698291246347
1770731570.501125097 0.2461923038829834 2.2445203088673247 0.7830101177698571 0.1366616098861302 -0.06318961357804324 0.9369256408690116 -0.3154378236695271
1770731570.700495243 0.23038905573013224 2.227749250938239 0.7836417478025737 0.1308822614930803 -0.06737021499247689 0.9280955295366048 -0.34200844406605
1770731570.900064945 0.23338104153777905 2.2190253790442767 0.7806399302241157 0.131320319014108 -0.07284600076662162 0.918951307681277 -0.3646600171354133
1770731571.099958420 0.2438177103271757 2.2151061750593883 0.7756493584301956 0.13244717046243465 -0.07781800728719361 0.9105941017153778 -0.3836932195120151
1770731571.300336599 0.2529508846285107 2.2074279904028926 0.7725663748560806 0.13466245464917947 -0.0826266781843052 0.9028786636339631 -0.3998111730737649
1770731571.499073744 0.258214845406203 2.201524977758084 0.7699970930374019 0.13502736084903644 -0.08637649899287038 0.8965538453966371 -0.41291393116286057
1770731571.699973822 0.26039621412881075 2.1983031167648646 0.7689182982753382 0.13691269563876537 -0.08700379728638578 0.8937491548458419 -0.41820772499202524
1770731571.906261683 0.2596864410458588 2.193250376279705 0.7679531709452354 0.13824312013329748 -0.08753400187348845 0.8926338767800637 -0.4200373796180557
1770731572.099491835 0.25781942471951336 2.1916381772911118 0.7659853954507769 0.1364470869242764 -0.08787964002468669 0.8916952685721006 -0.42253864834488886
1770731572.299816132 0.26163114471360815 2.189737587378627 0.7635766566026242 0.1359222014512104 -0.08805288661613399 0.8892460918669813 -0.4278004586375624
1770731572.501734734 0.260006571386048 2.1824970378759936 0.7644696902474352 0.1392289592468303 -0.0884197257468195 0.8895350690996537 -0.4260570499918545
1770731572.698535681 0.2582375906386818 2.168697026340246 0.7699438590555684 0.14478403541073262 -0.08713901342808804 0.8890844774665903 -0.4254094114578439
1770731572.899070263 0.2587985472823342 2.1559628855684707 0.7704955592057061 0.14668328066297495 -0.08890647572676298 0.8865837134884319 -0.42959163484039264
1770731573.092969418 0.2611716432072875 2.1448478085738105 0.7675892103148029 0.14640781206526757 -0.09185806471757862 0.8830386303822744 -0.43631367817796524
1770731573.298235416 0.17092053126184092 2.115546426143137 0.749630140734128 0.1422208581949413 -0.09293133995791966 0.8798242473642413 -0.4438989606857082
1770731573.499326468 0.17526420487101202 2.110106582913565 0.7467266397534558 0.14146679256170536 -0.09430827184116798 0.8775648184399071 -0.44830021849331525
1770731573.699505568 0.17962992146544332 2.1054448953791263 0.7451769400999481 0.14172130258778512 -0.09494695143140876 0.875448921082535 -0.4522049705411407
1770731573.899004459 0.18181762772034604 2.0951285720828903 0.7471555057369456 0.14590414174098454 -0.09422244323154313 0.8740733760699024 -0.45368474281162857
1770731574.096513510 0.18358268533189026 2.0750477091997936 0.7503919984507652 0.14751223654408283 -0.09579799329506347 0.866540415022267 -0.46708735123467426
1770731574.297214508 0.18005330301812217 2.048416616047939 0.7504121933603554 0.14562182836325033 -0.09699953832978106 0.8570975980137459 -0.48452975156021694
1770731574.498676538 0.18636109803598622 2.0389422041708904 0.7441453608083196 -0.14235765518735122 0.10110039964064682 -0.8456494967691802 0.5043708316467627
1770731574.697445154 0.19070979821865164 2.0335628379972595 0.7402604113502287 -0.13899041639964102 0.10337256467261921 -0.836607481547337 0.5196957752772663
1770731574.897252798 0.1902574101827379 2.021562547824491 0.7402812438949279 -0.13764722962623444 0.10299540108313317 -0.8278743227813653 0.5339188076957044
1770731575.097459793 0.16862392990736952 2.000587071919841 0.7440004859929443 -0.12959539579716092 0.10052180660958238 -0.8218394159274504 0.5456009294457912
1770731575.297775030 0.08315361130741872 1.9444126159636088 0.7562011893309657 -0.12203965402237223 0.09778504618093399 -0.8133932020053106 0.5602998362671129
1770731575.494133234 0.09216675186743561 1.927958665426206 0.7593016073836129 -0.12786301885996154 0.09677590894367136 -0.8037634920518738 0.5729308166791502
1770731575.697595596 0.10115445330252282 1.9233016965782812 0.7520560051487886 -0.1261029962289834 0.10024785968786852 -0.7933139565167222 0.587112738207731
1770731575.897076130 0.1092024602174666 1.9253443698156953 0.7466260946329755 -0.12469015312599817 0.10235426081700555 -0.7863252790077083 0.5963795155766105
1770731576.096389532 0.11596281073175385 1.9224789797355673 0.742619888851741 -0.1229366649012748 0.10416457815268254 -0.7787970432996967 0.6062272531227888
1770731576.296216488 0.12196031037936406 1.9158923480555818 0.7399524406256666 -0.12243737275567872 0.10438578999601436 -0.7712836505445608 0.6158199631403476
1770731576.493181944 0.12841010092367755 1.908781289725364 0.7374349095189354 -0.12175097203346025 0.10475147088793965 -0.7631545295253009 0.6259384907646021
1770731576.693416595 0.1326799345553087 1.898447204249912 0.7343081175453252 -0.1200831508845779 0.10569537191248161 -0.7541163028404544 0.6369592820738943
1770731576.897182941 0.13613165363776591 1.884154818909238 0.731456893817261 -0.11771116367743081 0.1068713553204079 -0.7422791927715566 0.65095636976377
1770731577.096356153 0.13796508451130718 1.870998799586927 0.7293496471501183 -0.11644257006198112 0.10856336542602579 -0.7326064485863986 0.6617725553800929
1770731577.296630859 0.09350633916858841 1.782974709474332 0.633192935672935 -0.11628481343526266 0.10593968656082318 -0.7309107956566719 0.6640964039717224
1770731577.495830059 0.09173519527797813 1.768481117651862 0.6333856417341603 -0.11798877545464748 0.10620729090073909 -0.7318562196250787 0.6627104450831062
1770731577.696578026 0.08618396819896068 1.7255525853921 0.6348724776759009 -0.11943464382709965 0.10751697284121574 -0.7378281959462535 0.6555799109731566
1770731577.893523693 0.08130662541745615 1.6407001431447694 0.6281338133458048 -0.1115686221502471 0.11685486603989322 -0.7376689712397421 0.6555470019032306
1770731578.096217155 0.08419874931970828 1.5545848460991132 0.6206917535902938 -0.10049508990817367 0.12444488868602244 -0.7227980819268324 0.6722924507586615
1770731578.296683311 0.09278505375508628 1.4949339581074352 0.617842878341035 -0.1005930143695021 0.11902406941065358 -0.6989062570804658 0.6980289107011889
1770731578.496595860 0.11717817314382062 1.4226585842717991 0.6051196645749324 -0.10207336400651786 0.12614314211078906 -0.685153984675564 0.7100936229413266
1770731578.695035934 0.1343090643461906 1.3566615841848655 0.5916666392670762 -0.1060916153456025 0.1320217522024059 -0.686615765391841 0.7070174091308323
1770731578.895649910 0.1368990961939418 1.2983871192468868 0.583299709501361 -0.09977986476496142 0.13477233150911822 -0.6827493062090396 0.7111496200646452
1770731579.094844580 0.13083478785088332 1.2457068197638503 0.5789642916328925 -0.09032110806602825 0.13612542333117386 -0.6807793534771287 0.7140388213814628
1770731579.292444229 0.13373088411703504 1.1550471146337136 0.5236269446180355 -0.08541069373966127 0.1354306782193512 -0.6774778354216424 0.7179048177191029
1770731579.498326540 0.13465904215453328 1.1010832793931975 0.5199219752856497 -0.08235710619813245 0.1351825738977701 -0.6761775943834882 0.7195323756626512
1770731579.690919638 0.14245696117954942 1.049033931265147 0.5148040239857357 -0.08416876175533548 0.13515300851930176 -0.6743487511217063 0.7210430262427386
1770731579.894400120 0.15287778011152042 0.9961363732571449 0.5059378880111456 -0.08767782166332791 0.13719868619245063 -0.6746408973630295 0.7199644294689717
1770731580.098975420 0.14811371600503653 0.9420096269819007 0.4990368773787503 -0.08337310785622366 0.1394892755762811 -0.6795124657279507 0.7154400574512549
1770731580.294837236 0.14114722181141337 0.9165271215752782 0.4977167748849798 -0.08331928855615783 0.13769275308780746 -0.6865083369394525 0.7090873748799632
1770731580.494709015 0.1244391398253879 0.9043235644949681 0.5001086581905503 -0.0834792661951796 0.13510341471629736 -0.7005834472704482 0.6956731365074388
1770731580.694403648 0.10957528516827209 0.9101775056230353 0.5055249818411112 -0.08823196680939617 0.13170815813246534 -0.7170877595457498 0.6787143922327598
1770731580.894572258 0.09560140368180292 0.9064694907421034 0.5094690449213707 -0.09032489699654182 0.12894355268062166 -0.7316185882043836 0.6632866760296133
1770731581.094238520 0.09930979488971037 0.9047219875520808 0.5078640519880532 -0.09054410396531097 0.129248287878376 -0.729816119765176 0.6651804842660788
1770731581.293647766 0.12443480418541375 0.8266697866842935 0.4471597642363369 -0.08964937833411557 0.1275147425627653 -0.7298568503923621 0.6655914342362784
1770731581.493530989 0.1254018685149716 0.8240061357502344 0.4450596991834324 -0.08952479972204395 0.12748910651442943 -0.7294160996732145 0.6660960827780797
1770731581.693604708 0.12699791008282846 0.820264171280647 0.4432873486133927 -0.08969292733001359 0.12743904291511712 -0.7278822444252468 0.667758869187242
1770731581.893630743 0.12914636921645206 0.8147801778304393 0.44184124998166524 -0.09038898381607227 0.12691431108582477 -0.7261253740472013 0.6696749438429275
1770731582.093964577 0.13346974698231984 0.7918594825959304 0.43970646073972885 -0.09129531341046652 0.1277989540787874 -0.7219758757779862 0.6738571272014353
1770731582.294312716 0.13373804543569845 0.7745664511325263 0.4427024853529412 -0.0935048107414483 0.12706585734899878 -0.7223785729022825 0.673260956595539
1770731582.489846468 0.13457122628787976 0.7385995917968418 0.4384505712681669 -0.094167009870187 0.12772266379083488 -0.7237275944185847 0.6715935262368736
1770731582.697513103 0.13535455212620873 0.705161383202326 0.43453483671366366 -0.0960123328696458 0.12793044549200216 -0.7246060618166805 0.6703443057351759
1770731582.891989231 0.13305621790797906 0.684220276599661 0.43731381921701434 -0.09663975763089219 0.1273870215652791 -0.7239046316268394 0.6711150335753832
1770731583.105023623 0.12716340776615764 0.6462735937831052 0.43407889275802125 -0.09370897179749298 0.12716358064789182 -0.7237706824511478 0.6717172407982185
1770731583.291985512 0.12286484094116146 0.6126056651731592 0.4310787891653287 -0.0908668730638921 0.12761180587020005 -0.7242468789567811 0.6715094166900467
1770731583.493441582 0.14842170839486668 0.5396520767319688 0.4192067906213187 -0.08776213224503562 0.12746338650187453 -0.7252654036740067 0.6708509428172146
1770731583.690949440 0.14818830431605523 0.5475850679677745 0.4196112443022319 -0.08912005952438996 0.12633012597222684 -0.7261840507465164 0.6698918111930301
1770731583.892315865 0.14594544737676562 0.540754974157243 0.41919766736108344 -0.08849076507031148 0.12648164403770631 -0.7274388960519744 0.6685838995439248
1770731584.092839241 0.14420288779580703 0.5325696239927173 0.4186618995963642 -0.087883162713242 0.1265871596873961 -0.7282692900906081 0.6677395314226973
1770731584.293234348 0.1422717573361898 0.5309422179502239 0.4189349086819556 -0.08800954916159016 0.12606026630031342 -0.730142007370729 0.6657745696474111
1770731584.491502047 0.1443031910237793 0.5334350186432497 0.42340843280641915 -0.08786438788068195 0.12636401788636045 -0.729379233400397 0.6665717652361999
1770731584.690336466 0.14470730307817314 0.5329234282717313 0.4228978355047254 -0.08783600979143984 0.12649735371456577 -0.7290141192792581 0.6669495249106213
1770731584.893610954 0.14521442008054075 0.5336139965578145 0.4229214226780858 -0.08786246397586212 0.1265221979623951 -0.7287329176382366 0.6672485710716838
1770731585.092333555 0.1454330717431671 0.5341745922204144 0.4231296453985295 -0.08782391126657295 0.12651729441457357 -0.7286306148735285 0.6673662876507674
1770731585.292516708 0.1456869764150901 0.5340590375596261 0.4232922639978633 -0.08784086514806018 0.12648814475757134 -0.7286107992754557 0.667391215723503
1770731585.491763592 0.17715775123011834 0.4925505418934519 0.43875159375102535 -0.08720361108717935 0.12631572354057596 -0.7287102758127643 0.6673988328762043
1770731585.691380262 0.17738863033205332 0.4926346004654606 0.43891219056831765 -0.0871549773380139 0.12637976460809558 -0.7286908345407769 0.6674142886385762
1770731585.889308214 0.17758727712040567 0.4927480967370631 0.43916185547155284 -0.08711428882465795 0.12638407577868951 -0.7286448762093447 0.6674689584136982
1770731586.090920210 0.17792327597160362 0.49295019044466126 0.4393418254057305 -0.08717386416242515 0.1264086062053623 -0.7286330764497007 0.6674694162188343
