1403637130.538319 0.000000000 0.000000000 0.000000000 0.000000000 0.000000000 0.000000000 1.000000000
1403637130.588319063 -0.000099601 0.000166440 0.000090619 0.000105583 -0.000033203 0.000306461 0.999999947
1403637130.638319016 -0.000232910 0.000246589 -0.000039660 -0.000176146 -0.000406192 0.000221138 0.999999878
1403637130.688318968 0.000012146 0.000233214 0.000113984 0.000130678 0.000050979 -0.000191720 0.999999972
1403637130.738319159 -0.000117749 0.000167744 0.000133508 0.000165910 -0.000029775 0.000330625 0.999999931
1403637130.788318872 0.000108626 0.000310296 0.000045332 -0.000043213 0.000223697 -0.000180619 0.999999958
1403637130.838319063 0.000066380 0.000303882 0.000149850 -0.000039489 0.000062880 -0.000348818 0.999999936
1403637130.888319016 0.000009747 0.000322101 0.000056596 -0.000088127 0.000003230 -0.000147240 0.999999985
1403637130.938319206 -0.000153048 0.000212344 0.000017417 0.000019694 -0.000139395 0.000212608 0.999999967
1403637130.988318920 -0.000052012 0.000254003 0.000079650 0.000037000 -0.000018057 -0.000202789 0.999999979
1403637131.038319111 0.000146878 0.000367626 0.000055186 -0.000056875 0.000213065 -0.000361699 0.999999910
1403637131.088319063 0.000259781 0.000372033 0.000162535 0.000035628 0.000172327 -0.001032284 0.999999452
1403637131.138319016 -0.000110954 0.000197053 0.000043858 0.000092181 -0.000047091 0.000139623 0.999999985
1403637131.188318968 -0.000172055 0.000317112 -0.000054146 -0.000090900 -0.000256703 0.000125680 0.999999955
1403637131.238319159 -0.000151844 0.000277586 0.000000565 -0.000041222 -0.000211509 0.000027914 0.999999976
1403637131.288318872 -0.000226073 0.000202228 -0.000008859 0.000008668 -0.000191108 0.000312913 0.999999933
1403637131.338319063 -0.000101121 0.000227877 0.000089176 0.000000053 -0.000055206 -0.000002372 0.999999998
1403637131.388319016 -0.000090421 0.000285928 -0.000015292 -0.000097151 -0.000092244 0.000179620 0.999999975
1403637131.438319206 -0.000213725 0.000167672 0.000048545 0.000068314 -0.000358183 0.000259649 0.999999900
1403637131.488318920 -0.000182964 0.000233432 0.000032545 0.000011091 -0.000360955 -0.000038377 0.999999934
1403637131.538319111 -0.000055369 0.000287972 0.000022654 0.000001233 -0.000017596 -0.000074904 0.999999997
1403637131.588319063 -0.000170311 0.000214240 0.000029071 0.000058139 -0.000003402 0.000523719 0.999999861
1403637131.638319016 -0.000259431 -0.000071459 -0.000002474 0.000045941 -0.000211654 0.000573337 0.999999812
1403637131.688318968 -0.000266059 -0.000031808 -0.000004066 -0.000045203 -0.000325175 0.000451556 0.999999844
1403637131.738319159 -0.000067130 0.000019706 0.000032063 -0.000010779 -0.000101187 0.000024178 0.999999995
1403637131.788318872 -0.000153172 0.000020454 0.000004389 -0.000038409 -0.000212647 0.000179868 0.999999960
1403637131.838319063 -0.000243103 -0.000041988 -0.000033860 -0.000010464 -0.000246492 0.000484957 0.999999852
1403637131.888319016 -0.000101981 -0.000017940 0.000001402 0.000029344 0.000003126 0.000254373 0.999999967
1403637131.938319206 -0.000139424 -0.000043765 0.000030076 0.000096576 -0.000054251 0.000440406 0.999999897
1403637131.988318920 -0.000093618 0.000069340 -0.000051809 -0.000071487 -0.000179091 0.000027845 0.999999981
1403637132.038319111 0.000068837 0.000067712 0.000070215 0.000011658 0.000038118 -0.000447454 0.999999899
1403637132.088319063 0.000069536 0.000037588 0.000122424 0.000051209 0.000130519 -0.000409762 0.999999906
1403637132.138319016 0.000220262 0.000073731 0.000149262 0.000025283 0.000393464 -0.000779187 0.999999619
1403637132.188318968 0.000098343 0.000035601 0.000075211 0.000016472 0.000224806 -0.000391557 0.999999898
1403637132.238319159 0.000133113 0.000022500 0.000071203 0.000131785 0.000181116 -0.000512832 0.999999843
1403637132.288318872 0.000122765 0.000056564 0.000110213 -0.000032871 0.000112460 -0.000711642 0.999999740
1403637132.338319063 0.000148392 0.000051493 0.000108120 0.000035190 0.000172481 -0.000544132 0.999999836
1403637132.388319016 -0.000125270 -0.000120951 0.000085136 0.000172510 -0.000133322 0.000280644 0.999999937
1403637132.438319206 0.000023069 0.000029453 -0.000014041 0.000039613 0.000039108 -0.000235128 0.999999971
1403637132.488318920 0.000045811 0.000048764 0.000005228 0.000036186 0.000125470 -0.000430094 0.999999899
1403637132.538319111 0.000035988 0.000050032 0.000054027 -0.000020466 0.000046433 -0.000397241 0.999999920
1403637132.588319063 0.000314848 0.000110280 0.000138645 0.000018979 0.000325146 -0.001186808 0.999999243
1403637132.638319016 0.000266725 0.000073599 0.000185908 0.000029800 0.000296940 -0.001040670 0.999999414
1403637132.688318968 0.000028716 -0.000066081 0.000126278 0.000059714 0.000127128 -0.000225990 0.999999965
1403637132.738319159 -0.000040144 -0.000066877 0.000046261 0.000050650 0.000032093 -0.000157775 0.999999986
1403637132.788318872 -0.000049411 -0.000165698 0.000158570 0.000181290 0.000050320 -0.000074314 0.999999980
1403637132.838319063 -0.000035713 -0.000214997 0.000165516 0.000203366 0.000007574 -0.000088419 0.999999975
1403637132.888319016 0.000035337 -0.000370699 0.000144307 0.000461043 0.000207937 0.000379815 0.999999800
1403637132.938319206 0.000277553 -0.000408531 0.000244369 0.000570027 0.000498337 -0.000159969 0.999999701
1403637132.988318920 -0.000142322 -0.000673081 0.000248860 0.000264247 0.000417693 0.001330781 0.999998992
1403637133.038319111 -0.000275101 -0.000812534 0.000484762 -0.000144288 0.000613620 0.001647593 0.999998444
1403637133.088319063 -0.000191103 -0.000926233 -0.000016630 0.000508289 0.000511351 0.000957286 0.999999282
1403637133.138319016 -0.000486686 -0.001787913 -0.001646913 0.001739449 -0.001076591 0.002275634 0.999995318
1403637133.188318968 0.000001991 -0.002522475 -0.002698796 0.001984991 -0.000540991 0.001417822 0.999996878
1403637133.238319159 0.000939464 -0.003112750 -0.002957068 0.002030982 0.001716542 -0.001534188 0.999995287
1403637133.288318872 0.001604105 -0.004506242 -0.004139006 0.001394826 0.003256144 -0.003857331 0.999986286
1403637133.338319063 0.002069223 -0.007382267 -0.005699205 0.000263769 0.004726168 -0.004914535 0.999976720
1403637133.388319016 0.003064025 -0.012235386 -0.007510483 -0.001462710 0.008200480 -0.004912666 0.999953238
1403637133.438319206 0.003710244 -0.016806908 -0.009383472 -0.004342149 0.010747611 -0.004308801 0.999923531
1403637133.488318920 0.003459670 -0.020059382 -0.011505037 -0.008779489 0.010405800 -0.003212788 0.999902154
1403637133.538319111 0.004321320 -0.022502751 -0.012307023 -0.013774335 0.012482327 -0.001647235 0.999825858
1403637133.588319063 0.005794553 -0.024587791 -0.012813863 -0.018506144 0.014541481 0.000028767 0.999722995
1403637133.638319016 0.007854592 -0.027818676 -0.013919751 -0.021649891 0.017079745 0.000650673 0.999619498
1403637133.688318968 0.010119979 -0.032844348 -0.016141584 -0.023344243 0.019731397 -0.000597972 0.999532571
1403637133.738319159 0.012116199 -0.040991711 -0.019975321 -0.023856616 0.021958608 -0.001121587 0.999473573
1403637133.788318872 0.013726233 -0.052538876 -0.024384444 -0.023759678 0.024747616 -0.001144555 0.999410688
1403637133.838319063 0.014949556 -0.068096662 -0.028855920 -0.025036592 0.029866491 -0.000640099 0.999240087
1403637133.888319016 0.015884103 -0.088465336 -0.034055892 -0.027942206 0.034991004 0.000471120 0.998996817
1403637133.938319206 0.015610197 -0.114208566 -0.040589283 -0.030649436 0.038408531 0.002280664 0.998789365
1403637133.988318920 0.014740694 -0.142754474 -0.047925629 -0.031944956 0.042318648 0.002120135 0.998591086
1403637134.038319111 0.012616203 -0.172997274 -0.054596810 -0.031479387 0.045502797 0.001240816 0.998467327
1403637134.088319063 0.012498951 -0.204469702 -0.064543021 -0.030855059 0.049803138 -0.002275779 0.998279737
1403637134.138319016 0.010625319 -0.235277919 -0.071764374 -0.029675743 0.055327553 -0.006141487 0.998008264
1403637134.188318968 0.008580215 -0.265964308 -0.078254830 -0.027212810 0.061277097 -0.010589180 0.997693565
1403637134.238319159 0.007776363 -0.298167951 -0.087602676 -0.021454132 0.067275896 -0.014579132 0.997397174
1403637134.288318872 0.005139655 -0.326431780 -0.094037767 -0.013685496 0.069279279 -0.015902894 0.997376652
1403637134.338319063 0.003144236 -0.351032475 -0.099306386 -0.005042360 0.070202323 -0.016799445 0.997378558
1403637134.388319016 0.001997440 -0.371435688 -0.103378783 0.003827440 0.070982745 -0.016785708 0.997328953
1403637134.438319206 0.001583156 -0.385663352 -0.106276987 0.010576207 0.072935692 -0.014448154 0.997175902
1403637134.488318920 0.001316371 -0.392648224 -0.106725621 0.014763200 0.073171263 -0.009406933 0.997165745
1403637134.538319111 0.002061186 -0.390189093 -0.104735172 0.015066392 0.074106352 -0.005944171 0.997118809
1403637134.588319063 0.004525107 -0.378967927 -0.099996071 0.011953703 0.075337857 -0.005064198 0.997073553
1403637134.638319016 0.008356979 -0.359604509 -0.093368856 0.006151259 0.076656303 -0.006479009 0.997017550
1403637134.688318968 0.013100664 -0.332822479 -0.084709292 -0.001545157 0.077104146 -0.008270884 0.996987540
1403637134.738319159 0.017438537 -0.301004283 -0.074196956 -0.011513982 0.075186531 -0.008712986 0.997064942
1403637134.788318872 0.021474411 -0.265536808 -0.065118147 -0.023806287 0.072536370 -0.008945845 0.997041477
1403637134.838319063 0.023705197 -0.230779372 -0.055462808 -0.037489698 0.070096549 -0.006557376 0.996813923
1403637134.888319016 0.026018730 -0.190204767 -0.046933200 -0.050338238 0.067132075 -0.003337615 0.996467865
1403637134.938319206 0.029002525 -0.156513875 -0.042850119 -0.060914550 0.065998615 0.000911769 0.995958217
1403637134.988318920 0.030337816 -0.125450698 -0.037122765 -0.066980595 0.063415510 0.005814891 0.995719971
1403637135.038319111 0.030947020 -0.098896586 -0.030744595 -0.070074786 0.062185972 0.008418946 0.995565945
1403637135.088319063 0.032387506 -0.080199489 -0.027302864 -0.072260855 0.061261917 0.010168681 0.995450624
1403637135.138319016 0.033908497 -0.064459429 -0.027322851 -0.075237367 0.060727614 0.009241172 0.995271870
1403637135.188318968 0.034545724 -0.055309167 -0.026844585 -0.080067180 0.060859692 0.007324125 0.994902860
1403637135.238319159 0.034741752 -0.055985317 -0.028613257 -0.087887333 0.061198837 0.005491439 0.994233556
1403637135.288318872 0.034906802 -0.065545151 -0.031715502 -0.094694812 0.062092256 0.004889459 0.993556006
1403637135.338319063 0.034998554 -0.085035165 -0.035868619 -0.096385283 0.063678424 0.004368322 0.993295451
1403637135.388319016 0.034509438 -0.113705241 -0.042140416 -0.092147572 0.065637093 0.002831584 0.993575653
1403637135.438319206 0.034004749 -0.149143238 -0.048388741 -0.082960159 0.068026747 -0.000662587 0.994228110
1403637135.488318920 0.031585996 -0.187591067 -0.053662538 -0.071025921 0.071203398 -0.005205881 0.994916224
1403637135.538319111 0.030604977 -0.230932350 -0.064096703 -0.058913571 0.073434072 -0.008962675 0.995518106
1403637135.588319063 0.029857084 -0.274206563 -0.073889926 -0.047968820 0.077193299 -0.013127087 0.995775008
1403637135.638319016 0.027941458 -0.316872461 -0.081483266 -0.037179936 0.081298570 -0.014813722 0.995885911
1403637135.688318968 0.025145329 -0.356687261 -0.088163576 -0.026060246 0.084036521 -0.014816793 0.996011641
1403637135.738319159 0.021713871 -0.393056382 -0.092822673 -0.016306157 0.084639632 -0.012300908 0.996202253
1403637135.788318872 0.019696728 -0.424024396 -0.100565843 -0.008153464 0.083992149 -0.008549226 0.996396382
1403637135.838319063 0.019410212 -0.445201196 -0.103540637 -0.002619794 0.083729974 -0.006076373 0.996466510
1403637135.888319016 0.018925696 -0.458706213 -0.105697844 0.000409014 0.083528908 -0.003286068 0.996499853
1403637135.938319206 0.019760170 -0.460431725 -0.104671987 0.000492478 0.084259388 -0.001980304 0.996441765
1403637135.988318920 0.020576343 -0.452524702 -0.100005548 -0.001750815 0.083576176 -0.001427060 0.996498831
1403637136.038319111 0.021150943 -0.434458632 -0.093726096 -0.005732986 0.082687021 -0.002170652 0.996556711
1403637136.088319063 0.022433902 -0.408328360 -0.085462048 -0.011002080 0.082909100 -0.004100886 0.996487942
1403637136.138319016 0.023007563 -0.375614553 -0.078283261 -0.017178255 0.083352730 -0.004124670 0.996363496
1403637136.188318968 0.026366936 -0.336414534 -0.067127952 -0.025492420 0.084581494 -0.006965792 0.996066055
1403637136.238319159 0.027085563 -0.296245097 -0.056344302 -0.035503652 0.084633589 -0.005762922 0.995762740
1403637136.288318872 0.028141265 -0.254085116 -0.045450240 -0.048030704 0.084196886 -0.005679129 0.995274677
1403637136.338319063 0.029364508 -0.215481350 -0.036294481 -0.061206860 0.084528458 -0.004342921 0.994529939
1403637136.388319016 0.030679172 -0.175949822 -0.028624573 -0.073806703 0.082783646 -0.001199321 0.993829965
1403637136.438319206 0.031350596 -0.145640511 -0.025577112 -0.086232591 0.080631232 0.001096075 0.993006215
1403637136.488318920 0.033083532 -0.118806885 -0.023869463 -0.096071491 0.077370413 0.005950320 0.992345042
1403637136.538319111 0.034172080 -0.100404054 -0.025708752 -0.103255145 0.074915742 0.010366529 0.991775449
1403637136.588319063 0.033665259 -0.090624291 -0.024797452 -0.107847099 0.073881032 0.012059826 0.991345125
1403637136.638319016 0.033288029 -0.089952072 -0.024777447 -0.110667744 0.073670926 0.011223290 0.991059677
1403637136.688318968 0.033189377 -0.100067637 -0.028318482 -0.112256555 0.073923456 0.008535882 0.990888958
1403637136.738319159 0.031997420 -0.121389842 -0.033980546 -0.111691231 0.073551128 0.008798038 0.990978252
1403637136.788318872 0.030944151 -0.152928281 -0.042680360 -0.108763659 0.073386471 0.008099674 0.991321990
1403637136.838319063 0.029583063 -0.191278986 -0.053033830 -0.101310862 0.072747644 0.006709515 0.992168772
1403637136.888319016 0.028680919 -0.235220303 -0.063355352 -0.090416026 0.074215566 0.004395455 0.993125205
1403637136.938319206 0.027004297 -0.282796173 -0.072860341 -0.078191853 0.077192397 0.003380503 0.993939606
1403637136.988318920 0.026333219 -0.329645795 -0.081343684 -0.065767430 0.083268852 0.001333642 0.994353642
1403637137.038319111 0.026232831 -0.377784904 -0.091992446 -0.053366906 0.088613029 0.001648820 0.994634096
1403637137.088319063 0.025575040 -0.418766682 -0.100988857 -0.040629739 0.093291146 0.003243156 0.994804236
1403637137.138319016 0.022631626 -0.454592007 -0.106283160 -0.028274991 0.094130006 0.008118100 0.995125200
1403637137.188318968 0.021172312 -0.478776435 -0.112577746 -0.017919720 0.092748531 0.012377961 0.995451345
1403637137.238319159 0.020587223 -0.492493757 -0.116126795 -0.010503245 0.091047544 0.012560320 0.995711939
1403637137.288318872 0.021878212 -0.495624034 -0.115926592 -0.005669305 0.090798048 0.011777729 0.995783540
1403637137.338319063 0.023378806 -0.488469741 -0.113509882 -0.002201295 0.090957283 0.010548225 0.995796496
1403637137.388319016 0.024894147 -0.471959220 -0.107896644 -0.000524290 0.090145437 0.009132943 0.995886597
1403637137.438319206 0.026303732 -0.447046483 -0.099386374 -0.000960061 0.088405368 0.009129744 0.996042277
1403637137.488318920 0.027893919 -0.414317630 -0.088806595 -0.005617814 0.088321068 0.006352911 0.996055957
1403637137.538319111 0.029263473 -0.375210162 -0.077894197 -0.013702941 0.087863007 0.003093640 0.996033509
1403637137.588319063 0.030744531 -0.331696874 -0.066104008 -0.025112350 0.089648248 -0.001581957 0.995655593
1403637137.638319016 0.030813553 -0.289163936 -0.054656338 -0.039999471 0.092293486 -0.005071468 0.994915190
1403637137.688318968 0.034556734 -0.242085214 -0.049540022 -0.054644577 0.093825086 -0.005114672 0.994074778
1403637137.738319159 0.034020696 -0.202123562 -0.040511112 -0.067983064 0.092540321 -0.002969128 0.993380982
1403637137.788318872 0.033378717 -0.163764043 -0.033894427 -0.078361354 0.089609545 -0.000160987 0.992889521
1403637137.838319063 0.033188582 -0.130389455 -0.030260721 -0.086638280 0.086045972 0.001916172 0.992515102
1403637137.888319016 0.034179699 -0.105994974 -0.028082834 -0.094433866 0.082096311 0.003002356 0.992135790
1403637137.938319206 0.034937679 -0.087247885 -0.029067624 -0.102563926 0.080528952 0.002389085 0.991458532
1403637137.988318920 0.033619408 -0.084591294 -0.028300353 -0.111875408 0.079970566 0.001234457 0.990498399
1403637138.038319111 0.034763772 -0.090259556 -0.032664024 -0.119858839 0.079740643 0.001035504 0.989582850
1403637138.088319063 0.035557903 -0.108103176 -0.037420917 -0.123153885 0.078382444 0.003282341 0.989281830
1403637138.138319016 0.036368465 -0.135865056 -0.044209272 -0.120699798 0.075393801 0.004031787 0.989813658
1403637138.188318968 0.037220168 -0.170607283 -0.049956308 -0.113614721 0.073604819 -0.001489072 0.990793525
1403637138.238319159 0.039135570 -0.212996336 -0.058033659 -0.101991052 0.076810679 -0.011766686 0.991745678
1403637138.288318872 0.040699963 -0.260214109 -0.066504317 -0.086350106 0.080607035 -0.017311711 0.992847657
1403637138.338319063 0.039735361 -0.309619250 -0.076320369 -0.068635718 0.084339953 -0.020060280 0.993867947
1403637138.388319016 0.037124703 -0.357232118 -0.085011537 -0.050412884 0.089111319 -0.020049454 0.994542977
1403637138.438319206 0.034220910 -0.398570111 -0.093598375 -0.033305514 0.094636313 -0.021333186 0.994725895
1403637138.488318920 0.032297256 -0.433612993 -0.096538796 -0.019177221 0.099630268 -0.020886417 0.994620431
1403637138.538319111 0.030315316 -0.459465644 -0.101534109 -0.008402305 0.102731453 -0.019603303 0.994480447
1403637138.588319063 0.029560399 -0.474180386 -0.104878935 -0.000701391 0.104525013 -0.019304440 0.994334636
1403637138.638319016 0.029817782 -0.478710630 -0.105321237 0.003728236 0.103948382 -0.017984554 0.994413088
1403637138.688318968 0.030943346 -0.472583116 -0.101551665 0.004276904 0.102945497 -0.016929160 0.994533728
1403637138.738319159 0.032048902 -0.456641595 -0.095076336 0.002416839 0.101105179 -0.013905647 0.994775620
1403637138.788318872 0.033335018 -0.433364491 -0.086002769 -0.002391563 0.100715480 -0.011547466 0.994845379
1403637138.838319063 0.037185200 -0.403893613 -0.074948894 -0.009622973 0.101757952 -0.009429510 0.994717951
1403637138.888319016 0.039665235 -0.366179491 -0.062409940 -0.018255502 0.102068073 -0.008452021 0.994573983
1403637138.938319206 0.042553901 -0.323799334 -0.050125240 -0.026891685 0.100235548 -0.008137360 0.994566969
1403637138.988318920 0.044636046 -0.281639484 -0.038923957 -0.033455118 0.094669331 -0.003094828 0.994941654
1403637139.038319111 0.045653644 -0.240635554 -0.026781812 -0.039145278 0.088231646 0.001762892 0.995328949
1403637139.088319063 0.046439372 -0.203224276 -0.014627349 -0.043978499 0.082618902 0.006644005 0.995588201
1403637139.138319016 0.044777368 -0.166609307 -0.004237195 -0.048144856 0.078526852 0.009623026 0.995702267
1403637139.188318968 0.042706232 -0.131496888 0.005490860 -0.051999739 0.074320457 0.012633382 0.995797617
1403637139.238319159 0.042843029 -0.103074200 0.010929576 -0.055186372 0.071359464 0.012626680 0.995842788
1403637139.288318872 0.042615423 -0.081047446 0.016070653 -0.056409465 0.068862268 0.012220310 0.995955132
1403637139.338319063 0.042683781 -0.066019236 0.020707278 -0.057448385 0.067054337 0.010576502 0.996037919
1403637139.388319016 0.042606243 -0.054911246 0.025767578 -0.058312943 0.065113183 0.007670521 0.996143081
1403637139.438319206 0.042479535 -0.047336144 0.028794767 -0.058218656 0.060675028 0.005271262 0.996444350
1403637139.488318920 0.042683899 -0.042455823 0.030263634 -0.056461301 0.055882598 0.004100811 0.996831199
1403637139.538319111 0.041772315 -0.038508142 0.032103911 -0.054013566 0.051994095 0.004265474 0.997176491
1403637139.588319063 0.040824727 -0.035182720 0.033939225 -0.050855300 0.050232477 0.003739362 0.997434937
1403637139.638319016 0.040080540 -0.031999156 0.035680177 -0.047700539 0.048947849 0.001434142 0.997660619
1403637139.688318968 0.039676523 -0.028542157 0.037396791 -0.045169316 0.047216512 0.000013196 0.997862883
1403637139.738319159 0.039672612 -0.024576109 0.038840128 -0.043650402 0.045634863 -0.000585164 0.998003887
1403637139.788318872 0.039861346 -0.020739941 0.040247442 -0.042977693 0.045532452 -0.001356330 0.998037010
1403637139.838319063 0.040722983 -0.018671212 0.040676514 -0.039919115 0.044941203 0.000212070 0.998191719
1403637139.888319016 0.042020002 -0.018324626 0.040478460 -0.032626037 0.045518282 0.001011673 0.998430070
1403637139.938319206 0.043285707 -0.017924570 0.040503659 -0.027316893 0.047444954 0.003089313 0.998495478
1403637139.988318920 0.044109915 -0.017277510 0.040097586 -0.023462523 0.049664776 0.006501255 0.998469155
1403637140.038319111 0.045123417 -0.016488457 0.038833833 -0.018450477 0.051853951 0.010697608 0.998426917
1403637140.088319063 0.046287712 -0.016548994 0.037693101 -0.012583406 0.055074064 0.010281980 0.998350032
1403637140.138319016 0.046966115 -0.016931136 0.036280311 -0.006326353 0.058166922 0.010442995 0.998232203
1403637140.188318968 0.047594208 -0.017087776 0.035215713 -0.003305842 0.059974510 0.011562097 0.998127471
1403637140.238319159 0.048843418 -0.016259351 0.034961787 -0.004759226 0.062650119 0.011386935 0.997959243
1403637140.288318872 0.049723944 -0.015820687 0.034882390 -0.004613336 0.063381511 0.012482200 0.997900644
1403637140.338319063 0.050277189 -0.015399268 0.034812050 -0.003954255 0.063126962 0.014886944 0.997886632
1403637140.388319016 0.050027309 -0.015682281 0.034685611 -0.003736228 0.062737022 0.016512902 0.997886482
1403637140.438319206 0.050197683 -0.015545153 0.034705848 -0.003907484 0.062818056 0.015686498 0.997894061
1403637140.488318920 0.049975819 -0.015663179 0.034642250 -0.003725889 0.062623171 0.016749093 0.997889735
1403637140.538319111 0.049962499 -0.015672546 0.034661275 -0.003729441 0.062592483 0.016857532 0.997889822
1403637140.588319063 0.049660975 -0.015793976 0.034644393 -0.003601841 0.062188046 0.018026098 0.997895152
1403637140.638319016 0.049676144 -0.015780650 0.034648175 -0.003620963 0.062187729 0.017913639 0.997897127
1403637140.688318968 0.049632091 -0.015795416 0.034649303 -0.003635273 0.062058260 0.018046576 0.997902740
1403637140.738319159 0.049647656 -0.015785705 0.034641815 -0.003614325 0.062076134 0.017956731 0.997903325
1403637140.788318872 0.049604327 -0.015789217 0.034623242 -0.003621328 0.062013017 0.018039273 0.997905735
1403637140.838319063 0.049610913 -0.015798909 0.034626290 -0.003621740 0.062022960 0.018084551 0.997904296
1403637140.888319016 0.049617500 -0.015808601 0.034629337 -0.003622152 0.062032904 0.018129830 0.997902855
1403637140.938319206 0.049632792 -0.015798278 0.034645832 -0.003610111 0.062074066 0.018084463 0.997901162
1403637140.988318920 0.049617189 -0.015795091 0.034645785 -0.003641984 0.062066723 0.018132279 0.997900635
1403637141.038319111 0.049622837 -0.015791153 0.034632150 -0.003649323 0.062077115 0.018111372 0.997900342
1403637141.088319063 0.049768184 -0.016020752 0.034375787 -0.003617224 0.062061042 0.018129125 0.997901136
1403637141.138319016 0.049785185 -0.016014091 0.034368446 -0.003616665 0.062095724 0.018036918 0.997900652
1403637141.188318968 0.049760216 -0.016014374 0.034364421 -0.003632150 0.062042820 0.018145466 0.997901918
1403637141.238319159 0.049777942 -0.016009480 0.034372047 -0.003627569 0.062060255 0.018065429 0.997902303
1403637141.288318872 0.049771012 -0.016017613 0.034373479 -0.003615199 0.062054781 0.018090346 0.997902237
1403637141.338319063 0.049764083 -0.016025746 0.034374912 -0.003602829 0.062049308 0.018115263 0.997902170
1403637141.388319016 0.049765589 -0.016018200 0.034363531 -0.003622119 0.062052873 0.018076644 0.997902578
1403637141.438319206 0.049764579 -0.016004396 0.034363947 -0.003631506 0.062044491 0.018096215 0.997902711
1403637141.488318920 0.049761339 -0.016017142 0.034357821 -0.003625623 0.062054229 0.018096662 0.997902119
1403637141.538319111 0.049758099 -0.016029888 0.034351695 -0.003619740 0.062063967 0.018097110 0.997901526
1403637141.588319063 0.049775258 -0.016012362 0.034387962 -0.003623664 0.062051120 0.018127299 0.997901763
1403637141.638319016 0.049785072 -0.016010267 0.034403268 -0.003596915 0.062064984 0.018140667 0.997900755
1403637141.688318968 0.049765388 -0.016008264 0.034374688 -0.003594099 0.062045919 0.018192146 0.997901013
1403637141.738319159 0.049771500 -0.016001757 0.034391081 -0.003565174 0.062077478 0.018168138 0.997899592
1403637141.788318872 0.049749381 -0.016002842 0.034356408 -0.003589634 0.062067949 0.018167227 0.997900113
1403637141.838319063 0.049751829 -0.016009112 0.034369423 -0.003568753 0.062060837 0.018184034 0.997900324
1403637141.888319016 0.049761642 -0.015989249 0.034361566 -0.003595082 0.062093701 0.018114619 0.997899448
1403637141.938319206 0.049722224 -0.016007306 0.034345404 -0.003597645 0.062040068 0.018247001 0.997900363
1403637141.988318920 0.049747987 -0.016001173 0.034368880 -0.003561470 0.062087044 0.018162486 0.997899113
1403637142.038319111 0.049731314 -0.015997231 0.034351159 -0.003541527 0.062070239 0.018215169 0.997899269
1403637142.088319063 0.049761206 -0.015996920 0.034354968 -0.003566799 0.062071500 0.018161120 0.997900085
1403637142.138319016 0.049865898 -0.015336403 0.034626921 -0.003503436 0.062017760 0.018293548 0.997901232
1403637142.188318968 0.049883702 -0.015314039 0.034646976 -0.003463763 0.062059183 0.018237281 0.997899826
1403637142.238319159 0.049864116 -0.015311020 0.034644819 -0.003469862 0.062040946 0.018292617 0.997899925
1403637142.288318872 0.049844848 -0.015333123 0.034620350 -0.003469205 0.062050717 0.018282344 0.997899508
1403637142.338319063 0.049839915 -0.015327786 0.034618504 -0.003455513 0.062037110 0.018319357 0.997899723
1403637142.388319016 0.049877075 -0.015315022 0.034625702 -0.003457880 0.062071816 0.018218533 0.997899403
1403637142.438319206 0.049871811 -0.015323442 0.034648716 -0.003484888 0.062023148 0.018306807 0.997900719
1403637142.488318920 0.049877141 -0.015320160 0.034644197 -0.003480178 0.062043095 0.018281689 0.997899956
1403637142.538319111 0.049864942 -0.015319988 0.034645893 -0.003462486 0.062046550 0.018295151 0.997899556
1403637142.588319063 0.049854885 -0.015323952 0.034618276 -0.003451869 0.062063152 0.018267818 0.997899061
1403637142.638319016 0.049833422 -0.015330716 0.034611425 -0.003469450 0.062041223 0.018316030 0.997899480
1403637142.688318968 0.049869248 -0.015318433 0.034621673 -0.003472485 0.062047196 0.018274945 0.997899852
1403637142.738319159 0.049879146 -0.015316949 0.034640153 -0.003471011 0.062045205 0.018276334 0.997899955
1403637142.788318872 0.049862099 -0.015325919 0.034622170 -0.003462030 0.062029031 0.018312414 0.997900330
1403637142.838319063 0.049865567 -0.015328072 0.034626929 -0.003439847 0.062037387 0.018328098 0.997899600
1403637142.888319016 0.049842108 -0.015312313 0.034590579 -0.003418729 0.062049265 0.018331513 0.997898871
1403637142.938319206 0.049826931 -0.015321805 0.034572026 -0.003421551 0.062041516 0.018343364 0.997899125
1403637142.988318920 0.049841960 -0.015314906 0.034587714 -0.003428094 0.062029888 0.018347168 0.997899756
1403637143.038319111 0.049859218 -0.015315439 0.034606288 -0.003408283 0.062038790 0.018335696 0.997899481
1403637143.088319063 0.049856495 -0.015318084 0.034604049 -0.003427635 0.062025294 0.018345658 0.997900071
1403637143.138319016 0.049841962 -0.015318887 0.034601208 -0.003434261 0.062040883 0.018338873 0.997899204
1403637143.188318968 0.049930964 -0.015464758 0.034480579 -0.003432766 0.062058382 0.018332330 0.997898241
1403637143.238319159 0.049941471 -0.015464258 0.034490136 -0.003439525 0.062063621 0.018322232 0.997898077
1403637143.288318872 0.049933573 -0.015472187 0.034502968 -0.003433277 0.062054811 0.018348822 0.997898158
1403637143.338319063 0.049944184 -0.015467043 0.034504606 -0.003437714 0.062055116 0.018327889 0.997898508
1403637143.388319016 0.049950892 -0.015460194 0.034503941 -0.003434244 0.062054638 0.018353415 0.997898081
1403637143.438319206 0.049953244 -0.015463059 0.034495479 -0.003390614 0.062070899 0.018341137 0.997897445
1403637143.488318920 0.049935164 -0.015474154 0.034515290 -0.003383516 0.062077615 0.018368202 0.997896553
1403637143.538319111 0.049912620 -0.015446785 0.034461980 -0.003474226 0.062060927 0.018387793 0.997896919
1403637143.588319063 0.049939938 -0.015485467 0.034502845 -0.003348759 0.062085490 0.018334716 0.997896796
1403637143.638319016 0.049940372 -0.015468616 0.034497180 -0.003415890 0.062064183 0.018355790 0.997897507
1403637143.688318968 0.049937708 -0.015461276 0.034493636 -0.003451347 0.062061263 0.018374079 0.997897230
1403637143.738319159 0.049941948 -0.015461437 0.034501116 -0.003413647 0.062071804 0.018340946 0.997897313
1403637143.788318872 0.049918207 -0.015470943 0.034490070 -0.003397086 0.062069200 0.018364843 0.997897092
1403637143.838319063 0.049918726 -0.015458789 0.034472996 -0.003447542 0.062068958 0.018359993 0.997897024
1403637143.888319016 0.049922037 -0.015478794 0.034477464 -0.003407006 0.062059550 0.018370722 0.997897550
1403637143.938319206 0.049925379 -0.015495847 0.034505441 -0.003409788 0.061869199 0.018308857 0.997910498
1403637143.988318920 0.049922863 -0.015474682 0.034508966 -0.003448353 0.061849270 0.018317854 0.997911435
1403637144.038319111 0.049910013 -0.015492890 0.034496308 -0.003422857 0.061854783 0.018401316 0.997909646
1403637144.088319063 0.049927666 -0.015485437 0.034502714 -0.003414574 0.061915137 0.018390693 0.997906127
1403637144.138319016 0.049924668 -0.015502519 0.034517160 -0.003416651 0.062052107 0.018550867 0.997894648
1403637144.188318968 0.049963547 -0.015479163 0.034523955 -0.003490897 0.062105125 0.018413398 0.997893639
1403637144.238319159 0.049956022 -0.015180457 0.034471662 -0.003491141 0.062100628 0.018600227 0.997890453
1403637144.288318872 0.049963795 -0.015153046 0.034439191 -0.003522210 0.062127994 0.018539336 0.997889773
1403637144.338319063 0.049944036 -0.015198204 0.034454863 -0.003419323 0.062125805 0.018645765 0.997888284
1403637144.388319016 0.049935518 -0.015198223 0.034436469 -0.003361209 0.062066379 0.018584892 0.997893315
1403637144.438319206 0.049903417 -0.015211789 0.034423862 -0.003270792 0.061983738 0.018586198 0.997898728
1403637144.488318920 0.049908529 -0.015212121 0.034411579 -0.003255223 0.061949446 0.018523312 0.997902078
1403637144.538319111 0.049901426 -0.015222289 0.034425965 -0.003243772 0.061937311 0.018566706 0.997902062
1403637144.588319063 0.049999647 -0.015191867 0.034449844 -0.003378335 0.062290516 0.018588736 0.997879220
1403637144.638319016 0.049975803 -0.015199264 0.034454880 -0.003309372 0.062155283 0.018517015 0.997889217
1403637144.688318968 0.049956293 -0.015195588 0.034457451 -0.003388311 0.062140174 0.018575811 0.997888800
1403637144.738319159 0.049939058 -0.015195627 0.034418323 -0.003301939 0.062032953 0.018394614 0.997899117
1403637144.788318872 0.049935459 -0.015219317 0.034425686 -0.003258023 0.062024551 0.018474494 0.997898308
1403637144.838319063 0.049955983 -0.015211805 0.034442313 -0.003260026 0.061999192 0.018363801 0.997901921
1403637144.888319016 0.049914448 -0.015214132 0.034438481 -0.003259335 0.061900185 0.018442354 0.997906621
1403637144.938319206 0.049913498 -0.015180142 0.034552623 -0.003287701 0.061806487 0.018236305 0.997916122
1403637144.988318920 0.049845917 -0.015161524 0.034537844 -0.003403018 0.061598061 0.018235127 0.997928644
1403637145.038319111 0.049896975 -0.015161489 0.034479417 -0.003437100 0.061772259 0.018180419 0.997918758
1403637145.088319063 0.049922637 -0.015168192 0.034501290 -0.003392670 0.061889963 0.018266976 0.997910036
1403637145.138319016 0.049951827 -0.015159123 0.034507268 -0.003454004 0.061981768 0.018291072 0.997903686
1403637145.188318968 0.049978199 -0.015162842 0.034521542 -0.003457881 0.062074752 0.018310526 0.997897536
1403637145.238319159 0.049976777 -0.015173568 0.034521408 -0.003427239 0.062094378 0.018335373 0.997895965
1403637145.288318872 0.050037131 -0.015316843 0.034418973 -0.003462507 0.062146171 0.018316110 0.997892973
1403637145.338319063 0.050006341 -0.015317776 0.034402192 -0.003431193 0.062108094 0.018336701 0.997895073
1403637145.388319016 0.050020782 -0.015320146 0.034398387 -0.003420140 0.062126431 0.018308266 0.997894492
1403637145.438319206 0.050018495 -0.015327091 0.034387996 -0.003408603 0.062091202 0.018305461 0.997896775
1403637145.488318920 0.050029852 -0.015335311 0.034399122 -0.003388781 0.062082253 0.018318401 0.997897162
1403637145.538319111 0.050009595 -0.015327266 0.034415224 -0.003412046 0.062104912 0.018345016 0.997895184
1403637145.588319063 0.050014633 -0.015329020 0.034399234 -0.003385955 0.062088738 0.018296437 0.997897171
1403637145.638319016 0.049997268 -0.015340555 0.034383421 -0.003392934 0.062030359 0.018338176 0.997900012
1403637145.688318968 0.050011771 -0.015326592 0.034408252 -0.003415912 0.062023552 0.018264262 0.997901712
1403637145.738319159 0.049989146 -0.015336197 0.034403118 -0.003383887 0.061990070 0.018308350 0.997903094
1403637145.788318872 0.049999188 -0.015328436 0.034398182 -0.003382581 0.061996869 0.018271282 0.997903355
1403637145.838319063 0.049995026 -0.015345445 0.034400360 -0.003392115 0.062019256 0.018321212 0.997901016
1403637145.888319016 0.050009676 -0.015331379 0.034414424 -0.003393236 0.062058282 0.018297800 0.997899016
1403637145.938319206 0.049998701 -0.015336109 0.034389958 -0.003389190 0.062043258 0.018322780 0.997899506
1403637145.988318920 0.050004406 -0.015325542 0.034402282 -0.003392292 0.062040181 0.018285467 0.997900371
1403637146.038319111 0.049996841 -0.015333680 0.034399694 -0.003399239 0.062022490 0.018322532 0.997900767
1403637146.088319063 0.050022472 -0.015329321 0.034398413 -0.003431473 0.062058360 0.018292244 0.997898982
1403637146.138319016 0.050023441 -0.015330757 0.034428281 -0.003424631 0.062073335 0.018290131 0.997898113
1403637146.188318968 0.050047522 -0.015315313 0.034409425 -0.003422090 0.062106985 0.018139339 0.997898780
1403637146.238319159 0.050228039 -0.015285889 0.034438742 -0.003390133 0.062371523 0.017676491 0.997890696
1403637146.288318872 0.049993604 -0.015375583 0.034415911 -0.003292020 0.062004952 0.018364331 0.997901448
1403637146.338319063 0.050117918 -0.015098437 0.034390316 -0.003332375 0.062202571 0.017812548 0.997899017
1403637146.388319016 0.049982167 -0.015163464 0.034430494 -0.003316367 0.062024055 0.018344105 0.997900552
1403637146.438319206 0.050098923 -0.015084717 0.034408620 -0.003417023 0.062181090 0.017909904 0.997898327
1403637146.488318920 0.049974907 -0.015155305 0.034392131 -0.003377010 0.062059142 0.018355720 0.997897954
1403637146.538319111 0.050079103 -0.015098503 0.034406792 -0.003392428 0.062174054 0.017996532 0.997897291
1403637146.588319063 0.049967860 -0.015133513 0.034396332 -0.003385469 0.062050618 0.018388500 0.997897852
1403637146.638319016 0.050058772 -0.015105027 0.034388130 -0.003374556 0.062158347 0.018053117 0.997897308
1403637146.688318968 0.049979904 -0.015140760 0.034381464 -0.003363063 0.062053163 0.018343045 0.997898606
1403637146.738319159 0.050047243 -0.015096255 0.034416353 -0.003413715 0.062147284 0.018122732 0.997896602
1403637146.788318872 0.049995394 -0.015124584 0.034393394 -0.003360173 0.062071999 0.018258381 0.997898997
1403637146.838319063 0.050027457 -0.015112536 0.034386000 -0.003375810 0.062097913 0.018161981 0.997899091
1403637146.888319016 0.050010071 -0.015118518 0.034385658 -0.003375266 0.062075881 0.018187122 0.997900006
1403637146.938319206 0.050037707 -0.015102345 0.034402404 -0.003398777 0.062107724 0.018135384 0.997898886
1403637146.988318920 0.050068489 -0.015104678 0.034401681 -0.003337749 0.062143628 0.018032911 0.997898714
1403637147.038319111 0.050021278 -0.015114111 0.034400293 -0.003394562 0.062078600 0.018156381 0.997900331
1403637147.088319063 0.050041030 -0.015109354 0.034394247 -0.003403801 0.062119967 0.018104310 0.997898671
1403637147.138319016 0.050045642 -0.015109599 0.034388662 -0.003415101 0.062145859 0.018113911 0.997896846
1403637147.188318968 0.050053039 -0.015113554 0.034407819 -0.003388610 0.062155000 0.018125158 0.997896163
1403637147.238319159 0.050065392 -0.015111597 0.034417119 -0.003376980 0.062176991 0.018081511 0.997895624
1403637147.288318872 0.050060026 -0.015113653 0.034412638 -0.003398378 0.062146742 0.018125481 0.997896638
1403637147.338319063 0.050061666 -0.015112362 0.034417090 -0.003385775 0.062146430 0.018125384 0.997896702
1403637147.388319016 0.050036041 -0.015122635 0.034437545 -0.003378594 0.062096228 0.018183138 0.997898801
1403637147.438319206 0.050068083 -0.015108444 0.034424883 -0.003405886 0.062145286 0.018067439 0.997897756
1403637147.488318920 0.050037275 -0.015112279 0.034413725 -0.003401053 0.062090960 0.018124921 0.997900112
1403637147.538319111 0.050053719 -0.015116193 0.034410221 -0.003380687 0.062107244 0.018024041 0.997900995
1403637147.588319063 0.050028869 -0.015129413 0.034431619 -0.003365698 0.062066086 0.018150162 0.997901320
1403637147.638319016 0.050072665 -0.015116778 0.034420226 -0.003357411 0.062137757 0.017983741 0.997899901
1403637147.688318968 0.050031076 -0.015129822 0.034397643 -0.003359550 0.062079503 0.018098170 0.997901451
1403637147.738319159 0.050057157 -0.015122126 0.034433233 -0.003327203 0.062118986 0.018051351 0.997899950
1403637147.788318872 0.050046616 -0.015120610 0.034411972 -0.003363219 0.062092278 0.018112435 0.997900385
1403637147.838319063 0.050066025 -0.015133586 0.034420751 -0.003343519 0.062127266 0.018062370 0.997899181
1403637147.888319016 0.050051949 -0.015123255 0.034428536 -0.003371427 0.062113521 0.018128879 0.997898736
1403637147.938319206 0.050066565 -0.015129261 0.034423412 -0.003373684 0.062119992 0.018057310 0.997899623
1403637147.988318920 0.050037031 -0.015130607 0.034415802 -0.003348631 0.062098202 0.018148404 0.997899411
1403637148.038319111 0.050053918 -0.015133998 0.034418465 -0.003351615 0.062112124 0.018105182 0.997899320
1403637148.088319063 0.050058540 -0.015140494 0.034410142 -0.003326972 0.062146038 0.018090855 0.997897551
1403637148.138319016 0.050079535 -0.015144347 0.034426800 -0.003302222 0.062180812 0.018032036 0.997896532
1403637148.188318968 0.050068324 -0.015171075 0.034428701 -0.003270035 0.062150504 0.018072660 0.997897791
1403637148.238319159 0.050059727 -0.015142776 0.034370017 -0.003381878 0.062001781 0.017992267 0.997908122
1403637148.288318872 0.050060269 -0.015164503 0.034364560 -0.003302691 0.062006184 0.018007657 0.997907836
1403637148.338319063 0.050052712 -0.015132944 0.034351717 -0.003436401 0.061958687 0.017929264 0.997911746
1403637148.388319016 0.050020190 -0.015160535 0.034367698 -0.003371703 0.061909190 0.017980174 0.997914123
1403637148.438319206 0.050043318 -0.015339805 0.034331537 -0.003406124 0.061784515 0.017924249 0.997922739
1403637148.488318920 0.050039136 -0.015313875 0.034309967 -0.003500184 0.061709436 0.017873514 0.997927969
1403637148.538319111 0.050010094 -0.015322167 0.034289005 -0.003512433 0.061576851 0.017894838 0.997935734
1403637148.588319063 0.050018321 -0.015329368 0.034273141 -0.003578088 0.061440864 0.017798250 0.997945610
1403637148.638319016 0.050014046 -0.015231424 0.034120285 -0.003946538 0.061027654 0.017599727 0.997973096
1403637148.688318968 0.049920935 -0.015279378 0.034054090 -0.003947568 0.060591531 0.017671981 0.997998389
1403637148.738319159 0.049949217 -0.015203838 0.033943789 -0.004200554 0.060388062 0.017333661 0.998015622
1403637148.788318872 0.049859779 -0.015212367 0.033899993 -0.004264609 0.060091001 0.017524721 0.998029944
1403637148.838319063 0.049925589 -0.015183767 0.033842988 -0.004403365 0.059911139 0.017206682 0.998045688
1403637148.888319016 0.049842078 -0.015148424 0.033678928 -0.004691751 0.059379584 0.017235513 0.998075643
1403637148.938319206 0.049870320 -0.015109965 0.033587386 -0.004810770 0.059093713 0.017014575 0.998095834
1403637148.988318920 0.049792187 -0.015133057 0.033516177 -0.004877840 0.058748141 0.017106861 0.998114331
1403637149.038319111 0.049826005 -0.015048255 0.033407980 -0.005143339 0.058557635 0.016702449 0.998131042
1403637149.088319063 0.049768005 -0.015063814 0.033355939 -0.005141960 0.058203499 0.016814963 0.998149874
1403637149.138319016 0.049799333 -0.015044148 0.033297550 -0.005360955 0.057973486 0.016723837 0.998163638
1403637149.188318968 0.049850658 -0.015023218 0.033162047 -0.005470417 0.057711769 0.016471171 0.998182412
1403637149.238319159 0.049842162 -0.015037963 0.033072605 -0.005470857 0.057454890 0.016481004 0.998197066
1403637149.288318872 0.049842757 -0.015018799 0.032961327 -0.005575309 0.057103860 0.016408728 0.998217821
1403637149.338319063 0.049819952 -0.014981490 0.032897567 -0.005719684 0.056738907 0.016249115 0.998240426
1403637149.388319016 0.049860179 -0.014984868 0.032774511 -0.005949402 0.056285524 0.016110658 0.998266994
1403637149.438319206 0.049915608 -0.014929473 0.032521578 -0.006122678 0.055639735 0.015816525 0.998306852
1403637149.488318920 0.049933991 -0.014606202 0.032242792 -0.006536562 0.054857718 0.015474358 0.998352868
1403637149.538319111 0.050013138 -0.014497698 0.032094277 -0.007109039 0.054313349 0.014886065 0.998387664
1403637149.588319063 0.050142132 -0.014246628 0.031755552 -0.009276507 0.052462112 0.013323320 0.998490943
1403637149.638319016 0.050298843 -0.013618496 0.030903815 -0.013974556 0.048678088 0.010813284 0.998658214
1403637149.688318968 0.050260330 -0.012859682 0.029622865 -0.017800222 0.043221629 0.007689251 0.998877329
1403637149.738319159 0.051026465 -0.012320019 0.028744722 -0.019395734 0.040616229 0.005941871 0.998968879
1403637149.788318872 0.051777835 -0.011999826 0.028173033 -0.023308888 0.038426765 0.006354318 0.998969320
1403637149.838319063 0.052791402 -0.012136912 0.027470804 -0.028545052 0.036765870 0.005841730 0.998899056
1403637149.888319016 0.055137542 -0.012063556 0.026201629 -0.037170683 0.036174430 0.007008049 0.998629380
1403637149.938319206 0.059031754 -0.012128943 0.025178815 -0.046066185 0.037091288 0.004341980 0.998240096
1403637149.988318920 0.063878455 -0.013151379 0.023656645 -0.056918781 0.038484315 -0.000282669 0.997636773
1403637150.038319111 0.070593538 -0.016178301 0.021361218 -0.066753129 0.041340620 -0.007357803 0.996885568
1403637150.088319063 0.078191634 -0.021480106 0.020241087 -0.075506888 0.044736931 -0.012817809 0.996058744
1403637150.138319016 0.086496836 -0.029477427 0.020357328 -0.081162254 0.048205131 -0.017743471 0.995376373
1403637150.188318968 0.095368072 -0.039913756 0.021853070 -0.082486851 0.051678061 -0.020729584 0.995035468
1403637150.238319159 0.104189753 -0.052705780 0.025159144 -0.081474068 0.054739783 -0.022513477 0.994916416
1403637150.288318872 0.112516150 -0.067587421 0.029921272 -0.077417262 0.057310947 -0.022719236 0.995090880
1403637150.338319063 0.121362117 -0.084480201 0.038447131 -0.073039061 0.059743180 -0.022415965 0.995285674
1403637150.388319016 0.130206679 -0.102069637 0.048298399 -0.064301975 0.061029771 -0.019883475 0.995864082
1403637150.438319206 0.137865027 -0.120678695 0.054998574 -0.057631589 0.062626256 -0.018348394 0.996202735
1403637150.488318920 0.147210842 -0.135895168 0.070799264 -0.052723781 0.064476129 -0.017771997 0.996366995
1403637150.538319111 0.155153310 -0.153073600 0.079039206 -0.049604554 0.066343231 -0.016947291 0.996418965
1403637150.588319063 0.163067179 -0.170631341 0.084769563 -0.048531187 0.068001854 -0.016636804 0.996365238
1403637150.638319016 0.171578827 -0.186198734 0.096284787 -0.046833959 0.069298866 -0.016055967 0.996366626
1403637150.688318968 0.181420171 -0.202888248 0.108883122 -0.046279011 0.070388009 -0.015841048 0.996319649
1403637150.738319159 0.190383231 -0.217923445 0.120457129 -0.046052422 0.071491625 -0.016405460 0.996242432
1403637150.788318872 0.199126024 -0.234655777 0.131366946 -0.045606390 0.072396539 -0.016860517 0.996190003
1403637150.838319063 0.206486556 -0.250568910 0.141603729 -0.044079998 0.073504981 -0.017657857 0.996163727
1403637150.888319016 0.214846421 -0.265752800 0.153957027 -0.040213164 0.074099777 -0.018446330 0.996268968
1403637150.938319206 0.223525667 -0.280748906 0.169541837 -0.036149141 0.074238411 -0.018773953 0.996408268
1403637150.988318920 0.231004894 -0.293713813 0.181831073 -0.032133742 0.074358449 -0.019134844 0.996530030
1403637151.038319111 0.238774197 -0.308089529 0.192300796 -0.028975732 0.074026480 -0.019611244 0.996642306
1403637151.088319063 0.245494798 -0.318983942 0.204718231 -0.025252948 0.073766790 -0.020451723 0.996745944
1403637151.138319016 0.251827516 -0.329234480 0.216388374 -0.021009300 0.073309866 -0.021339759 0.996859512
1403637151.188318968 0.257689856 -0.338446878 0.227091866 -0.019966245 0.072562288 -0.021813872 0.996925383
1403637151.238319159 0.263088167 -0.348510357 0.235980599 -0.022848005 0.071858421 -0.021393803 0.996923588
1403637151.288318872 0.267474204 -0.359377494 0.243866503 -0.026351852 0.070455950 -0.019695494 0.996972230
1403637151.338319063 0.270087516 -0.370530116 0.253720487 -0.030428803 0.068478534 -0.015792982 0.997063368
1403637151.388319016 0.273932341 -0.386196473 0.258835543 -0.034223312 0.065997839 -0.010064646 0.997181906
1403637151.438319206 0.280183249 -0.404002929 0.260834351 -0.037081000 0.064048658 -0.005274548 0.997243675
1403637151.488318920 0.285928091 -0.421649386 0.264471643 -0.038966239 0.064029893 -0.007247143 0.997160611
1403637151.538319111 0.291840957 -0.439408371 0.267798492 -0.040048866 0.063758931 -0.008206665 0.997127644
1403637151.588319063 0.297714547 -0.456700971 0.271304538 -0.040397850 0.064042351 -0.010036348 0.997078664
1403637151.638319016 0.304533790 -0.472789564 0.275138049 -0.040717823 0.064066947 -0.011972184 0.997042703
1403637151.688318968 0.311814335 -0.489040949 0.279936307 -0.040321844 0.064048520 -0.013756103 0.997036963
1403637151.738319159 0.319148222 -0.502249065 0.284284991 -0.041004627 0.064090131 -0.014633711 0.996993947
1403637151.788318872 0.326087160 -0.513294577 0.289907775 -0.041286678 0.063955283 -0.015312413 0.996980773
1403637151.838319063 0.333131600 -0.523348988 0.295441172 -0.041253347 0.063807714 -0.016058492 0.996979870
1403637151.888319016 0.340183948 -0.533884373 0.301893715 -0.041262623 0.064036614 -0.017236394 0.996945141
1403637151.938319206 0.347904474 -0.542619605 0.307454631 -0.041673940 0.064256451 -0.018151995 0.996897636
1403637151.988318920 0.355608612 -0.554043943 0.312796324 -0.041901772 0.063859216 -0.018247029 0.996911876
1403637152.038319111 0.363100648 -0.564122846 0.319318876 -0.042057520 0.063413228 -0.017692762 0.996943777
1403637152.088319063 0.369557728 -0.576005174 0.324879598 -0.042581296 0.062874191 -0.016778510 0.996971490
1403637152.138319016 0.376126337 -0.589091666 0.331558127 -0.043391596 0.062538277 -0.015949356 0.996971289
1403637152.188318968 0.383113871 -0.601954647 0.337186187 -0.044301088 0.062418046 -0.015218182 0.996950254
1403637152.238319159 0.390475699 -0.613488036 0.342881203 -0.045107654 0.061999303 -0.013994515 0.996958143
1403637152.288318872 0.398909077 -0.623249421 0.349814767 -0.045787038 0.061852657 -0.013681503 0.996940626
1403637152.338319063 0.407231572 -0.632296503 0.356399063 -0.046922712 0.061278512 -0.011980696 0.996945167
1403637152.388319016 0.415218176 -0.639933584 0.364585917 -0.046621243 0.061314408 -0.012827028 0.996946573
1403637152.438319206 0.424344426 -0.645453892 0.372594005 -0.047049156 0.061231980 -0.012754517 0.996932467
1403637152.488318920 0.433161413 -0.649125329 0.382215069 -0.047224237 0.061260515 -0.013454749 0.996913231
1403637152.538319111 0.442976144 -0.652255862 0.391139472 -0.046933470 0.061023554 -0.013381947 0.996942475
1403637152.588319063 0.453278582 -0.653886100 0.400586153 -0.047432364 0.061284522 -0.014060112 0.996893521
1403637152.638319016 0.463178441 -0.655048257 0.411295758 -0.046540648 0.061266960 -0.014232875 0.996934177
1403637152.688318968 0.472787520 -0.655880246 0.423134683 -0.045818447 0.061268914 -0.014070530 0.996969814
1403637152.738319159 0.482958174 -0.657918022 0.434449345 -0.043986356 0.061133910 -0.013655130 0.997066388
1403637152.788318872 0.492767704 -0.660706980 0.446325213 -0.041295621 0.060075268 -0.011389550 0.997274241
1403637152.838319063 0.503032905 -0.665333677 0.456618703 -0.038754518 0.059837553 -0.010657988 0.997398597
1403637152.888319016 0.513408466 -0.671219303 0.466713917 -0.036456221 0.059475739 -0.010494854 0.997508616
1403637152.938319206 0.524192102 -0.679346279 0.475020927 -0.034707131 0.059455777 -0.011818527 0.997557391
1403637152.988318920 0.535672286 -0.687987106 0.483481325 -0.034454266 0.059456027 -0.012458796 0.997558351
1403637153.038319111 0.546312172 -0.697741358 0.493261222 -0.033906786 0.059449508 -0.013203638 0.997567917
1403637153.088319063 0.558188780 -0.706371573 0.501728648 -0.034616862 0.060095959 -0.014235546 0.997490600
1403637153.138319016 0.569980451 -0.714472531 0.509967668 -0.035652145 0.060347478 -0.014973720 0.997428140
1403637153.188318968 0.581438348 -0.720417817 0.519053216 -0.037016131 0.060622390 -0.015229494 0.997357907
1403637153.238319159 0.593373486 -0.723394054 0.526966693 -0.037986000 0.061303971 -0.016726400 0.997255792
1403637153.288318872 0.604962545 -0.725747304 0.537158938 -0.038391158 0.061716440 -0.017637178 0.997199143
1403637153.338319063 0.617309333 -0.731550249 0.545589432 -0.038569276 0.062090913 -0.018780067 0.997148153
1403637153.388319016 0.629364371 -0.734642296 0.553812485 -0.039244635 0.062650905 -0.019938186 0.997064287
1403637153.438319206 0.640724164 -0.738285124 0.563046421 -0.040373563 0.062806077 -0.020540188 0.996997228
1403637153.488318920 0.650962349 -0.742253684 0.572550007 -0.042118201 0.063384019 -0.021513760 0.996867936
1403637153.538319111 0.661310584 -0.748964979 0.580189293 -0.044636867 0.063703706 -0.021729464 0.996733273
1403637153.588319063 0.671088907 -0.756933497 0.587912830 -0.045960703 0.063456803 -0.020756565 0.996709593
1403637153.638319016 0.680657546 -0.766895496 0.594748413 -0.046552069 0.063596383 -0.021233700 0.996663200
1403637153.688318968 0.690308361 -0.778730124 0.603144376 -0.045155195 0.063242003 -0.020901819 0.996757027
1403637153.738319159 0.699227309 -0.791673684 0.610947059 -0.044162796 0.063627913 -0.021597508 0.996762100
1403637153.788318872 0.708718302 -0.805486832 0.618861637 -0.041458657 0.063548878 -0.021423099 0.996887040
1403637153.838319063 0.717354436 -0.817128509 0.626935161 -0.039680699 0.063040956 -0.019964296 0.997021919
1403637153.888319016 0.725957274 -0.827215083 0.635572496 -0.038829608 0.063411288 -0.020373133 0.997023674
1403637153.938319206 0.734104703 -0.835496613 0.644993860 -0.037163193 0.063651479 -0.020910424 0.997060751
1403637153.988318920 0.742121887 -0.843513354 0.655104697 -0.036423210 0.063422646 -0.020092318 0.997119460
1403637154.038319111 0.750868171 -0.848315724 0.664179117 -0.037125750 0.063390709 -0.019992165 0.997097593
1403637154.088319063 0.758332580 -0.850519365 0.673929712 -0.039049745 0.062796374 -0.017989937 0.997099842
1403637154.138319016 0.765567312 -0.850463942 0.684050610 -0.043400411 0.061498429 -0.013645369 0.997069783
1403637154.188318968 0.773639638 -0.849662972 0.693880261 -0.049376766 0.059107763 -0.005186308 0.997016203
1403637154.238319159 0.782138593 -0.848584904 0.704499538 -0.053675223 0.056884348 0.003057835 0.996932190
1403637154.288318872 0.790971329 -0.846557353 0.716598153 -0.057660471 0.055274728 0.009306044 0.996761442
1403637154.338319063 0.801500697 -0.843055851 0.729731942 -0.059315241 0.054592857 0.012334088 0.996669049
1403637154.388319016 0.814995458 -0.838975002 0.742440633 -0.058688586 0.055656544 0.009834248 0.996675116
1403637154.438319206 0.829156426 -0.834715999 0.758029976 -0.054737360 0.057318926 0.005746538 0.996837670
1403637154.488318920 0.844701419 -0.829818822 0.772868717 -0.049938411 0.059015209 0.001372005 0.997006258
1403637154.538319111 0.861552178 -0.823739094 0.788753056 -0.046729837 0.060843522 -0.002509762 0.997049693
1403637154.588319063 0.878660090 -0.819613573 0.804662480 -0.045802393 0.063262266 -0.006910027 0.996921400
1403637154.638319016 0.895812331 -0.817149435 0.820153831 -0.047549063 0.066160670 -0.012096529 0.996601990
1403637154.688318968 0.914148061 -0.813568243 0.835401639 -0.051695692 0.069452201 -0.017425409 0.996092517
1403637154.738319159 0.931716163 -0.810916756 0.851257583 -0.055502450 0.073431423 -0.020400575 0.995545640
1403637154.788318872 0.949540756 -0.809300139 0.867572864 -0.059038577 0.078978178 -0.020950545 0.994906010
1403637154.838319063 0.966974006 -0.808160342 0.886013750 -0.062281844 0.085143025 -0.019048217 0.994237800
1403637154.888319016 0.982439428 -0.809275575 0.906716674 -0.063385886 0.090686281 -0.016106205 0.993729751
1403637154.938319206 0.998843731 -0.811261046 0.925942387 -0.066608569 0.095811884 -0.014431601 0.993063498
1403637154.988318920 1.015477650 -0.818107917 0.945455626 -0.065964722 0.100221384 -0.010862030 0.992716649
1403637155.038319111 1.030273318 -0.824297151 0.966961007 -0.064414948 0.105953966 -0.009279317 0.992239067
1403637155.088319063 1.047113319 -0.833633483 0.987853240 -0.062346669 0.112100064 -0.005411619 0.991724348
1403637155.138319016 1.062159806 -0.844866150 1.011146548 -0.056136780 0.119169596 -0.002536016 0.991282421
1403637155.188318968 1.076155128 -0.860929965 1.034457449 -0.052285808 0.124852874 0.000873145 0.990796241
1403637155.238319159 1.090847049 -0.876917106 1.057295158 -0.048209257 0.129631755 0.001674250 0.990388142
1403637155.288318872 1.105529966 -0.894582992 1.077830138 -0.044746386 0.132658571 0.002779788 0.990147331
1403637155.338319063 1.119363098 -0.911752370 1.100169730 -0.040582557 0.136201842 0.003575603 0.989843083
1403637155.388319016 1.133635618 -0.929718987 1.122714269 -0.036850907 0.140701551 0.005944367 0.989348143
1403637155.438319206 1.147637551 -0.945938297 1.147866886 -0.034209266 0.147039973 0.008459970 0.988502606
1403637155.488318920 1.162075069 -0.958372924 1.172274745 -0.030869991 0.154421398 0.011719605 0.987453151
1403637155.538319111 1.178667453 -0.968891266 1.193503804 -0.029253925 0.160861096 0.015799036 0.986416903
1403637155.588319063 1.192890867 -0.979129673 1.216516418 -0.028461079 0.166342490 0.020630744 0.985441280
1403637155.638319016 1.206387135 -0.987035846 1.242081845 -0.027604107 0.170940169 0.026330912 0.984542612
1403637155.688318968 1.220623516 -0.992545391 1.266474061 -0.028143976 0.175281372 0.031688612 0.983605708
1403637155.738319159 1.235627275 -0.996541739 1.290254081 -0.027289828 0.180873757 0.036255880 0.982458885
1403637155.788318872 1.251412529 -0.999244900 1.313468438 -0.027294644 0.187351366 0.041817818 0.981022802
1403637155.838319063 1.268905586 -1.000083961 1.334360689 -0.026276787 0.195198058 0.047234975 0.979273254
1403637155.888319016 1.289407611 -0.998888953 1.353485081 -0.028472313 0.204665938 0.051584492 0.977056918
1403637155.938319206 1.309455232 -0.999027569 1.372753434 -0.031378601 0.215208748 0.054980136 0.974514116
1403637155.988318920 1.330173369 -0.997180728 1.392697512 -0.031593530 0.226396444 0.058681175 0.971752550
1403637156.038319111 1.351109717 -0.995132397 1.412889061 -0.029624054 0.237383331 0.063416283 0.968891090
1403637156.088319063 1.373662555 -0.992490032 1.431624113 -0.026955028 0.248205859 0.069025767 0.965868895
1403637156.138319016 1.399085468 -0.990433747 1.448481929 -0.024036899 0.259293826 0.074217369 0.962642572
1403637156.188318968 1.423647409 -0.987593518 1.463425048 -0.021969739 0.270922024 0.080034191 0.959016744
1403637156.238319159 1.449647010 -0.984550281 1.480244388 -0.019602927 0.282922067 0.085912286 0.955086336
1403637156.288318872 1.476493605 -0.981611245 1.495312461 -0.018342349 0.295621475 0.090606562 0.950821725
1403637156.338319063 1.505030589 -0.978030119 1.508864071 -0.016971275 0.307866987 0.096654254 0.946355033
1403637156.388319016 1.534194988 -0.974102353 1.521362422 -0.016604626 0.320967583 0.101064615 0.941536001
1403637156.438319206 1.564333127 -0.969249318 1.531534034 -0.016192442 0.333761247 0.105960456 0.936543441
1403637156.488318920 1.594617960 -0.964561051 1.541418425 -0.015017959 0.346689902 0.110226175 0.931359631
1403637156.538319111 1.627241715 -0.958953257 1.549166793 -0.012984015 0.359617494 0.113510234 0.926078884
1403637156.588319063 1.661111831 -0.952356611 1.557373017 -0.012584280 0.372261165 0.116415974 0.920711997
1403637156.638319016 1.694584240 -0.946074179 1.560090646 -0.011181917 0.385017988 0.118984303 0.915138705
1403637156.688318968 1.729406006 -0.937210124 1.565272382 -0.010961499 0.397629921 0.121103943 0.909452652
1403637156.738319159 1.764819360 -0.926478124 1.569556247 -0.010330557 0.409778155 0.122308446 0.903889256
1403637156.788318872 1.799190499 -0.913729162 1.573570533 -0.012999062 0.420209430 0.123027149 0.898954604
1403637156.838319063 1.831095057 -0.901124498 1.576854744 -0.017299165 0.429368120 0.122456433 0.894621807
1403637156.888319016 1.866608437 -0.886196124 1.580583635 -0.021590708 0.436467934 0.122781498 0.891041125
1403637156.938319206 1.905902157 -0.870396537 1.580531053 -0.026021764 0.442161741 0.121149355 0.888334788
1403637156.988318920 1.940186850 -0.853814856 1.580322918 -0.030251514 0.446132797 0.121427914 0.886174721
1403637157.038319111 1.974756168 -0.834652088 1.583535775 -0.033236933 0.448719153 0.122328524 0.884636739
1403637157.088319063 2.009736224 -0.814951476 1.587111917 -0.034786136 0.449900058 0.124092933 0.883731185
1403637157.138319016 2.046563815 -0.797017942 1.590926205 -0.035218856 0.450220111 0.126545892 0.883203046
1403637157.188318968 2.083645744 -0.779274515 1.594437507 -0.034835001 0.449799249 0.128426475 0.883161253
1403637157.238319159 2.120884849 -0.764839236 1.597019720 -0.034007487 0.449313819 0.130067106 0.883200504
1403637157.288318872 2.157072430 -0.753470132 1.598073740 -0.032724496 0.448161573 0.131652930 0.883599354
1403637157.338319063 2.195787851 -0.743034152 1.599068608 -0.031043796 0.446546606 0.133537002 0.884194707
1403637157.388319016 2.234386736 -0.735538863 1.598957513 -0.029259677 0.444390225 0.136921471 0.884824112
1403637157.438319206 2.273222121 -0.730365783 1.597582507 -0.027217224 0.441787436 0.141061596 0.885542043
1403637157.488318920 2.314395010 -0.726147897 1.593000725 -0.025832383 0.439046557 0.143845107 0.886498389
1403637157.538319111 2.356078298 -0.723719079 1.589102712 -0.024509896 0.436667573 0.146245815 0.887317788
1403637157.588319063 2.398737722 -0.722869602 1.583055679 -0.023377004 0.434643053 0.147290107 0.888169216
1403637157.638319016 2.443376593 -0.721937833 1.575722029 -0.023506913 0.433180669 0.147110735 0.888909649
1403637157.688318968 2.490092000 -0.723450417 1.565899851 -0.023427430 0.431707833 0.147170220 0.889618137
1403637157.738319159 2.539037540 -0.725244512 1.554735817 -0.023390000 0.430372716 0.147186313 0.890263120
1403637157.788318872 2.588963035 -0.730351858 1.541842506 -0.020589484 0.430334665 0.144300703 0.890822910
1403637157.838319063 2.638813269 -0.734215479 1.528342223 -0.018232540 0.431109185 0.139691056 0.891234455
1403637157.888319016 2.690668123 -0.736920410 1.512209789 -0.016097636 0.431757344 0.136282929 0.891489442
1403637157.938319206 2.743314214 -0.736246597 1.499509029 -0.014042621 0.432960827 0.131550055 0.891651451
1403637157.988318920 2.796006574 -0.735313502 1.483181713 -0.013894244 0.434122777 0.127295719 0.891706322
1403637158.038319111 2.850149345 -0.730768609 1.466684012 -0.014042690 0.435681084 0.121558781 0.891744503
1403637158.088319063 2.903608856 -0.728529824 1.450544977 -0.014747923 0.437223809 0.117151904 0.891567872
1403637158.138319016 2.956103598 -0.727920744 1.432071579 -0.014648781 0.437657679 0.115037401 0.891631967
1403637158.188318968 3.009874668 -0.727723291 1.412596269 -0.015038174 0.438206783 0.112819859 0.891639136
1403637158.238319159 3.063033878 -0.729668658 1.392226560 -0.013323110 0.438929476 0.112558021 0.891343986
1403637158.288318872 3.116945146 -0.733857274 1.368717194 -0.014000685 0.440581278 0.113112396 0.890448035
1403637158.338319063 3.166645804 -0.736794819 1.344012571 -0.013587184 0.444143440 0.113854884 0.888588239
1403637158.388319016 3.218968655 -0.742120936 1.320871169 -0.012330664 0.448528741 0.117011158 0.885990018
1403637158.438319206 3.271597519 -0.746695375 1.295854963 -0.011317311 0.454365784 0.119608527 0.882676302
1403637158.488318920 3.321087378 -0.746845361 1.273179789 -0.008898778 0.460975108 0.123510366 0.878730875
1403637158.538319111 3.375243943 -0.747093354 1.249261775 -0.006177813 0.467987174 0.128972005 0.874251715
1403637158.588319063 3.428326488 -0.746374322 1.221522206 -0.003312746 0.475192696 0.136364578 0.869244286
1403637158.638319016 3.480870736 -0.742278595 1.194262320 -0.000822978 0.483140970 0.143128370 0.863764086
1403637158.688318968 3.533043570 -0.736688053 1.169419991 0.001293382 0.492621290 0.148116586 0.857545374
1403637158.738319159 3.584673698 -0.727443171 1.141922391 0.002112649 0.502375289 0.152169927 0.851151525
1403637158.788318872 3.639646473 -0.718354511 1.110737477 0.001289228 0.510828390 0.155577897 0.845486968
1403637158.838319063 3.688306088 -0.707631829 1.081831717 -0.002340412 0.518600067 0.158157318 0.840258743
1403637158.888319016 3.739082535 -0.695712264 1.052256238 -0.004019167 0.524506173 0.160668767 0.836099676
1403637158.938319206 3.790607555 -0.684298893 1.020647302 -0.008251257 0.530521474 0.158651070 0.832651620
1403637158.988318920 3.839328704 -0.673045863 0.989257335 -0.012551808 0.535200763 0.158059593 0.829710649
1403637159.038319111 3.888900341 -0.665538186 0.956142683 -0.016468329 0.539181348 0.156907701 0.827280026
1403637159.088319063 3.939118694 -0.660393905 0.921027236 -0.017832872 0.541364894 0.157173059 0.825773982
1403637159.138319016 3.990099719 -0.652273695 0.885593350 -0.016918493 0.542213756 0.158638008 0.824955750
1403637159.188318968 4.039247607 -0.644508947 0.851646194 -0.014013639 0.542018238 0.161733317 0.824537556
1403637159.238319159 4.088944622 -0.638026698 0.816277513 -0.011575875 0.541171024 0.164882860 0.824508074
1403637159.288318872 4.137602269 -0.629264211 0.781223717 -0.009858630 0.539995011 0.167607193 0.824752099
1403637159.338319063 4.187969717 -0.618089587 0.745882822 -0.008666024 0.538787715 0.169654624 0.825136357
1403637159.388319016 4.238156534 -0.603381065 0.709391517 -0.008097543 0.537535135 0.170668155 0.825749835
1403637159.438319206 4.288642902 -0.590405022 0.672598264 -0.008532173 0.536746573 0.169703810 0.826456856
1403637159.488318920 4.340442759 -0.575534436 0.634727828 -0.008100408 0.535453755 0.169368712 0.827368055
1403637159.538319111 4.393502600 -0.558068973 0.597246939 -0.011878039 0.535620895 0.165459349 0.828005056
1403637159.588319063 4.448091687 -0.537740928 0.557035774 -0.015309603 0.535297144 0.162433531 0.828756859
1403637159.638319016 4.501283712 -0.519056416 0.518831487 -0.019227340 0.535534161 0.158797155 0.829226709
1403637159.688318968 4.554258215 -0.503791754 0.480153297 -0.021447588 0.535476197 0.155956234 0.829748695
1403637159.738319159 4.607565653 -0.490727121 0.439711748 -0.023713238 0.535780405 0.152757172 0.830085710
1403637159.788318872 4.664440897 -0.477299298 0.398247734 -0.024206414 0.535644372 0.150700618 0.830535056
1403637159.838319063 4.718557390 -0.465927836 0.357426220 -0.024495961 0.536796731 0.148679551 0.830146739
1403637159.888319016 4.773036446 -0.457573220 0.316995526 -0.025657811 0.539742270 0.147820795 0.828353169
1403637159.938319206 4.828481576 -0.449183105 0.276591203 -0.025957144 0.544067236 0.150864276 0.824958811
1403637159.988318920 4.883165072 -0.435841344 0.234814445 -0.026356443 0.550191582 0.152992131 0.820480328
1403637160.038319111 4.939459287 -0.425076989 0.195102751 -0.023207820 0.557657213 0.155557906 0.815034704
1403637160.088319063 4.995327390 -0.413531533 0.157177723 -0.018370477 0.565782751 0.158448761 0.808978612
1403637160.138319016 5.053331926 -0.403637398 0.115523628 -0.013177345 0.574192028 0.161992672 0.802426474
1403637160.188318968 5.108432741 -0.388892765 0.076548814 -0.009433503 0.584003056 0.164853592 0.794779676
1403637160.238319159 5.164662129 -0.373212648 0.038702455 -0.007885559 0.594779881 0.167174159 0.786274450
1403637160.288318872 5.220368492 -0.356746415 -0.000980377 -0.005913004 0.605541062 0.170815552 0.777243273
1403637160.338319063 5.277371711 -0.341414697 -0.039121221 -0.005616278 0.617184690 0.173692539 0.767386746
1403637160.388319016 5.335976258 -0.324895313 -0.081227263 -0.004823970 0.628528361 0.178402737 0.757034538
1403637160.438319206 5.389001486 -0.307573377 -0.122204797 -0.005868629 0.640949150 0.181564416 0.745777520
1403637160.488318920 5.444054425 -0.287860344 -0.161992252 -0.007998915 0.653651016 0.184536673 0.733909111
1403637160.538319111 5.497216946 -0.265814675 -0.204767273 -0.011316723 0.666043568 0.187501871 0.721873220
1403637160.588319063 5.551435393 -0.245000831 -0.236283530 -0.012465556 0.678709613 0.190670699 0.709113923
1403637160.638319016 5.602877503 -0.222383340 -0.275096142 -0.015357145 0.690316194 0.193513377 0.696979399
1403637160.688318968 5.656962467 -0.201929008 -0.314872641 -0.017727265 0.699136633 0.197897550 0.686826232
1403637160.738319159 5.701697867 -0.168956973 -0.356313350 -0.019459136 0.706066200 0.201645678 0.678550576
1403637160.788318872 5.753695215 -0.151806726 -0.386334489 -0.022836376 0.712539157 0.204325029 0.670833609
1403637160.838319063 5.802006691 -0.134921608 -0.423437876 -0.023937689 0.717075747 0.206562154 0.665252912
1403637160.888319016 5.854052093 -0.117795947 -0.458144715 -0.024280950 0.720469427 0.209203081 0.660733161
1403637160.938319206 5.906727080 -0.107211462 -0.492252934 -0.025594494 0.722607167 0.212779125 0.657197723
1403637160.988318920 5.959109339 -0.102890096 -0.529090935 -0.025240086 0.723498887 0.216896406 0.654880331
1403637161.038319111 6.009766513 -0.093945042 -0.563929872 -0.023248121 0.723632254 0.221136998 0.653386803
1403637161.088319063 6.060740562 -0.091589527 -0.602054161 -0.019618068 0.723328827 0.224929509 0.652546746
1403637161.138319016 6.116147225 -0.094906072 -0.637052420 -0.014042047 0.722915741 0.228715206 0.651832039
1403637161.188318968 6.170181717 -0.098058464 -0.673112672 -0.005256379 0.721669009 0.233648587 0.651593853
1403637161.238319159 6.226882133 -0.109526030 -0.707390918 0.004939525 0.720957813 0.236692897 0.651284812
1403637161.288318872 6.282087664 -0.116662940 -0.744820763 0.013406739 0.719423323 0.240484058 0.651473530
1403637161.338319063 6.334920907 -0.121934613 -0.791590646 0.018903975 0.718126368 0.242175365 0.652141282
1403637161.388319016 6.387088940 -0.129451392 -0.838826433 0.019038662 0.718219386 0.240883454 0.652513298
1403637161.438319206 6.441336614 -0.136511209 -0.885214358 0.015310728 0.720144199 0.237883245 0.651589960
1403637161.488318920 6.495179371 -0.147541574 -0.936789318 0.012970895 0.722542409 0.235759652 0.649755038
1403637161.538319111 6.549547922 -0.156605630 -0.987114686 0.009243969 0.725756123 0.235721886 0.646241280
1403637161.588319063 6.600787028 -0.163021486 -1.040738095 0.008329149 0.729759964 0.235398169 0.641847897
1403637161.638319016 6.654876648 -0.169284274 -1.093356216 0.007399806 0.734151791 0.235131421 0.636929828
1403637161.688318968 6.705502370 -0.174610636 -1.155137522 0.008377433 0.738380062 0.233050544 0.632781279
1403637161.738319159 6.758534549 -0.178185918 -1.205848636 0.010041775 0.743532795 0.228653072 0.628311959
1403637161.788318872 6.811048284 -0.181046285 -1.260185161 0.012407172 0.749198643 0.220984415 0.624270249
1403637161.838319063 6.862819905 -0.183778245 -1.321116614 0.016481675 0.754589959 0.212413198 0.620647228
1403637161.888319016 6.913147217 -0.184220756 -1.379082567 0.020021507 0.760174104 0.203676161 0.616644543
1403637161.938319206 6.961486728 -0.182745473 -1.432098013 0.025683569 0.765064761 0.195691045 0.612961076
1403637161.988318920 7.005418996 -0.181728806 -1.489229609 0.029849133 0.768940206 0.188593548 0.610141346
1403637162.038319111 7.047650670 -0.176923075 -1.545382816 0.033733480 0.772060970 0.182802464 0.607755848
1403637162.088319063 7.088526483 -0.170566392 -1.599567998 0.036104306 0.774194000 0.179984747 0.605743857
1403637162.138319016 7.125157928 -0.163921205 -1.657993743 0.039302848 0.774657411 0.179990508 0.604950079
1403637162.188318968 7.158837136 -0.154042445 -1.708796910 0.042530242 0.773785639 0.184362856 0.604530645
1403637162.238319159 7.189742792 -0.144687253 -1.755136863 0.044784017 0.772108837 0.191140139 0.604406968
1403637162.288318872 7.216629538 -0.130961334 -1.805196029 0.046652258 0.770073444 0.197307135 0.604880444
1403637162.338319063 7.242187161 -0.116132643 -1.851047169 0.046674540 0.768547289 0.202203936 0.605202544
1403637162.388319016 7.263865514 -0.100243729 -1.897770390 0.048296657 0.766462782 0.207903591 0.605787367
1403637162.438319206 7.282645087 -0.082672100 -1.947016885 0.049335317 0.763662356 0.215085338 0.606732337
1403637162.488318920 7.298395050 -0.063100084 -1.994757502 0.043080181 0.761370396 0.222380967 0.607458578
1403637162.538319111 7.312396207 -0.045096726 -2.042637722 0.034745694 0.760190207 0.226730884 0.607862396
1403637162.588319063 7.324955540 -0.029558535 -2.094723917 0.029158814 0.760049366 0.227140379 0.608179228
1403637162.638319016 7.336018779 -0.015283311 -2.151650385 0.026700276 0.761366806 0.222353947 0.608413021
1403637162.688318968 7.346179697 -0.006024137 -2.210106406 0.031567496 0.763623510 0.215641092 0.607767676
1403637162.738319159 7.355033520 0.004403086 -2.265415334 0.041317412 0.767109710 0.208770821 0.605186177
1403637162.788318872 7.360217730 0.018414599 -2.326178094 0.049472581 0.771354740 0.203999323 0.600789984
1403637162.838319063 7.364069866 0.033936447 -2.384998664 0.051539895 0.776826919 0.201923079 0.594231140
1403637162.888319016 7.367995911 0.049106899 -2.446896831 0.052763867 0.783242660 0.200801583 0.586025284
1403637162.938319206 7.366839056 0.067198995 -2.504733497 0.051269871 0.791043895 0.199648501 0.575987355
1403637162.988318920 7.361706096 0.085248941 -2.565540472 0.048376365 0.799180071 0.199792487 0.564848566
1403637163.038319111 7.356312517 0.103096557 -2.622812642 0.045376970 0.807997721 0.200725966 0.552077622
1403637163.088319063 7.345804005 0.126436241 -2.684497846 0.042756395 0.817123801 0.201950635 0.538234638
1403637163.138319016 7.334510958 0.147062885 -2.736205507 0.039417605 0.827502594 0.202579045 0.522156528
1403637163.188318968 7.320883898 0.171735313 -2.793469600 0.037505136 0.837184446 0.204432996 0.505888049
1403637163.238319159 7.303780324 0.197201187 -2.847851571 0.035690311 0.847085899 0.205242731 0.488924435
1403637163.288318872 7.284588443 0.222931421 -2.905951689 0.035110064 0.855735681 0.207084045 0.472863539
1403637163.338319063 7.262391058 0.249392863 -2.954108459 0.036274638 0.863803218 0.209784687 0.456638298
1403637163.388319016 7.238176431 0.277873598 -3.005762684 0.038753804 0.870313036 0.214217864 0.441773776
1403637163.438319206 7.211005336 0.305770870 -3.052627266 0.041365614 0.875994999 0.219938834 0.427257015
1403637163.488318920 7.185222649 0.331322115 -3.098580189 0.044702164 0.880147002 0.227309182 0.414335018
1403637163.538319111 7.153103426 0.362499854 -3.141357808 0.046694378 0.883164031 0.235060822 0.403221205
1403637163.588319063 7.118668399 0.389136805 -3.182329786 0.049096264 0.884443528 0.245048638 0.394081675
1403637163.638319016 7.084018300 0.413059825 -3.223250873 0.048856303 0.884876428 0.256065239 0.386053574
1403637163.688318968 7.045654718 0.436777415 -3.265549872 0.050464774 0.884822842 0.264620132 0.380155272
1403637163.738319159 7.007281052 0.454323266 -3.308794224 0.052006339 0.883898853 0.274349323 0.375167438
1403637163.788318872 6.966002551 0.469118192 -3.354520894 0.052713633 0.883692688 0.280132055 0.371260742
1403637163.838319063 6.923653597 0.484723934 -3.400894298 0.055581066 0.882900512 0.285476615 0.368646895
1403637163.888319016 6.879864044 0.496126797 -3.449231208 0.060196143 0.882197404 0.289243763 0.366663619
1403637163.938319206 6.832699410 0.506618615 -3.501179953 0.064492248 0.882244530 0.289773063 0.365399660
1403637163.988318920 6.785521494 0.515942305 -3.556055493 0.067667580 0.882601272 0.289158878 0.364449223
1403637164.038319111 6.734500889 0.523302226 -3.611512843 0.068202687 0.883031056 0.287948136 0.364266962
1403637164.088319063 6.681010317 0.529379666 -3.668591814 0.068593559 0.884040446 0.284834421 0.364193308
1403637164.138319016 6.626335168 0.534368122 -3.728543749 0.068041228 0.884864332 0.281617743 0.364797138
1403637164.188318968 6.567773835 0.539477286 -3.790127532 0.066545897 0.885736535 0.277941023 0.365774824
1403637164.238319159 6.509195464 0.543293103 -3.852624425 0.062986102 0.886275497 0.275547691 0.366908660
1403637164.288318872 6.447382274 0.547008353 -3.916278354 0.056529223 0.887578349 0.270885621 0.368279923
1403637164.338319063 6.384245236 0.552774605 -3.979644584 0.049957554 0.887870667 0.269066054 0.369855892
1403637164.388319016 6.321680612 0.557055864 -4.042723583 0.046016748 0.887552894 0.268721315 0.371377402
1403637164.438319206 6.256453173 0.565915570 -4.103216939 0.042419983 0.886604027 0.270098066 0.373069536
1403637164.488318920 6.188535650 0.572999754 -4.166687798 0.043414322 0.884735555 0.273184365 0.375137971
1403637164.538319111 6.120815722 0.581789277 -4.227520328 0.048061156 0.882778950 0.276041141 0.377084526
1403637164.588319063 6.052232080 0.594936830 -4.292280086 0.050986046 0.880772542 0.278557789 0.379533544
1403637164.638319016 5.982631912 0.609895475 -4.356464962 0.053502200 0.879054408 0.280662248 0.381614419
1403637164.688318968 5.911162561 0.626840566 -4.421622383 0.051255772 0.878349730 0.280770743 0.383461064
1403637164.738319159 5.838719379 0.644813938 -4.489506404 0.045837915 0.879172690 0.277211128 0.384848357
1403637164.788318872 5.767145642 0.663497323 -4.557194033 0.039233243 0.881587016 0.271144453 0.384377121
1403637164.838319063 5.692552947 0.684759641 -4.626580659 0.034724299 0.884046774 0.265573990 0.383048274
1403637164.888319016 5.620351865 0.707730845 -4.693723353 0.029759706 0.887122722 0.261053952 0.379444950
1403637164.938319206 5.547617434 0.731584751 -4.760687687 0.026816760 0.889900451 0.258692797 0.374748030
1403637164.988318920 5.474097695 0.754494098 -4.826545141 0.025004239 0.892573440 0.257913165 0.369009811
1403637165.038319111 5.400642618 0.781736939 -4.891243865 0.023844921 0.895758247 0.256930204 0.361988195
1403637165.088319063 5.325187498 0.811226539 -4.957400663 0.024569578 0.899310958 0.255363276 0.354154957
1403637165.138319016 5.247708817 0.834840574 -5.022599581 0.026540132 0.903777006 0.252315600 0.344702165
1403637165.188318968 5.174821198 0.860403392 -5.086712594 0.025191767 0.908140055 0.251245391 0.333950250
1403637165.238319159 5.097769624 0.887849959 -5.148115574 0.025051894 0.912257137 0.251321272 0.322485562
1403637165.288318872 5.022180057 0.913083312 -5.208226212 0.022874135 0.915704748 0.254167062 0.310420188
1403637165.338319063 4.948717440 0.939949100 -5.269804874 0.021032601 0.917923648 0.260228715 0.298755454
1403637165.388319016 4.874043246 0.961645871 -5.328805847 0.018099303 0.919492485 0.266869461 0.288074079
1403637165.438319206 4.802867811 0.980742354 -5.385171776 0.016529587 0.920232147 0.274468765 0.278507569
1403637165.488318920 4.725226250 0.998023159 -5.444004112 0.015870003 0.921143446 0.278923097 0.271007011
1403637165.538319111 4.650331334 1.010903452 -5.502882196 0.012464958 0.922446123 0.281455835 0.264046184
1403637165.588319063 4.573826123 1.025355555 -5.560147229 0.010543044 0.923413015 0.284038121 0.257913927
1403637165.638319016 4.501613765 1.038265307 -5.618602966 0.003360803 0.925116492 0.283931988 0.252053183
1403637165.688318968 4.428610886 1.052181627 -5.674744349 -0.003414113 0.926760924 0.282798419 0.247239941
1403637165.738319159 4.360305368 1.065655028 -5.731785254 -0.010866305 0.928134649 0.281585012 0.243223926
1403637165.788318872 4.290632482 1.076514341 -5.786964045 -0.018714840 0.929201840 0.280252628 0.240191923
1403637165.838319063 4.222092932 1.089887096 -5.839776968 -0.026156582 0.930324844 0.278089235 0.237650784
1403637165.888319016 4.155322394 1.103616098 -5.891094601 -0.032312880 0.930632431 0.276803908 0.237189276
1403637165.938319206 4.095267882 1.119212278 -5.941339064 -0.038399593 0.930602470 0.274788267 0.238738188
1403637165.988318920 4.034442031 1.133797681 -5.988809992 -0.044659412 0.929951178 0.273052462 0.242154283
1403637166.038319111 3.981562580 1.152356335 -6.034354147 -0.049278225 0.929043321 0.271199277 0.246781515
1403637166.088319063 3.927934849 1.171923345 -6.079629874 -0.054345100 0.928024702 0.269704847 0.251149474
1403637166.138319016 3.877837251 1.194461635 -6.120125852 -0.057368396 0.927171005 0.268182611 0.255227118
1403637166.188318968 3.831830555 1.223116826 -6.158873555 -0.059539689 0.926274247 0.266994966 0.259200178
1403637166.238319159 3.788492698 1.251451984 -6.195306945 -0.058113370 0.926089198 0.264020598 0.263200981
1403637166.288318872 3.746422338 1.279887031 -6.228867787 -0.053622981 0.926580106 0.259390952 0.267002278
1403637166.338319063 3.709195783 1.306604280 -6.261090148 -0.047524417 0.928648167 0.248250743 0.271524550
1403637166.388319016 3.672493519 1.330587928 -6.292542649 -0.038054379 0.931372536 0.232980883 0.277158750
1403637166.438319206 3.641148016 1.350491946 -6.319846267 -0.029332572 0.933061411 0.220087287 0.283015176
1403637166.488318920 3.607373660 1.370350088 -6.347478044 -0.025285439 0.933285751 0.212538531 0.288384686
1403637166.538319111 3.578652694 1.387385303 -6.367680991 -0.022611027 0.932586723 0.210046726 0.292662123
1403637166.588319063 3.549672274 1.402257592 -6.384157930 -0.024101757 0.930556640 0.213650184 0.296373151
1403637166.638319016 3.521703661 1.415945756 -6.397190955 -0.027640055 0.927466347 0.222324849 0.299355750
1403637166.688318968 3.491735703 1.429317559 -6.407691797 -0.033476309 0.923101379 0.235713559 0.301997182
1403637166.738319159 3.466109000 1.440178893 -6.415626467 -0.042531343 0.919746630 0.244584951 0.304031943
1403637166.788318872 3.439900049 1.450553782 -6.419068123 -0.050869986 0.917106533 0.250428650 0.305962978
1403637166.838319063 3.415060282 1.461979562 -6.423211532 -0.059817151 0.915591395 0.251927423 0.307647329
1403637166.888319016 3.396111685 1.474363916 -6.424352317 -0.069061310 0.915365248 0.248736003 0.308977992
1403637166.938319206 3.381044141 1.487538805 -6.422691722 -0.077712250 0.915722021 0.243306622 0.310186838
1403637166.988318920 3.368094457 1.499069356 -6.418593868 -0.084581575 0.917049345 0.234760417 0.311053053
1403637167.038319111 3.358500590 1.507390818 -6.413718473 -0.091459319 0.918079069 0.226527822 0.312171688
1403637167.088319063 3.354861369 1.511613932 -6.403171378 -0.097075831 0.919103991 0.218085692 0.313468927
1403637167.138319016 3.354184842 1.513200611 -6.389153273 -0.101766198 0.920272992 0.209812097 0.314197621
1403637167.188318968 3.359804951 1.509879530 -6.370638462 -0.105013720 0.921450738 0.202056162 0.314760169
1403637167.238319159 3.365799263 1.502193039 -6.346358540 -0.107506236 0.922228520 0.196752914 0.315000407
1403637167.288318872 3.378416082 1.491828763 -6.318088579 -0.108397059 0.922613485 0.194712651 0.314835543
1403637167.338319063 3.395421913 1.479032201 -6.284827688 -0.108000418 0.922485756 0.196518365 0.314223602
1403637167.388319016 3.417493404 1.465309070 -6.246277063 -0.105237041 0.921782385 0.202369540 0.313510716
1403637167.438319206 3.445722528 1.450233357 -6.200909917 -0.096738152 0.920155307 0.213497505 0.313647505
1403637167.488318920 3.477974837 1.435210686 -6.151469613 -0.082017501 0.918446660 0.225124153 0.314718887
1403637167.538319111 3.507405494 1.419157724 -6.100485708 -0.065226383 0.916001704 0.238094734 0.316223487
1403637167.588319063 3.537799964 1.400845151 -6.046772576 -0.048477879 0.913692527 0.248749036 0.317710212
1403637167.638319016 3.574088267 1.386411384 -5.991312147 -0.032132170 0.911563290 0.256987394 0.319338960
1403637167.688318968 3.607669557 1.373161941 -5.936230861 -0.020722569 0.909398592 0.262615160 0.321866515
1403637167.738319159 3.647902923 1.362901802 -5.879851193 -0.014759755 0.906917493 0.267392389 0.325244709
1403637167.788318872 3.687761386 1.354195577 -5.822463839 -0.011939243 0.903975131 0.272021816 0.329682496
1403637167.838319063 3.726022969 1.346583617 -5.762398852 -0.011355653 0.900539870 0.276224084 0.335558113
1403637167.888319016 3.763497565 1.341137227 -5.705085565 -0.012998918 0.896969654 0.280164798 0.341736965
1403637167.938319206 3.801624343 1.332102801 -5.650162065 -0.016332095 0.894125518 0.282442325 0.347129880
1403637167.988318920 3.843026464 1.324672839 -5.594844926 -0.022637242 0.892635918 0.281029278 0.351726056
1403637168.038319111 3.884767442 1.313160422 -5.543409178 -0.028235286 0.891488440 0.278403699 0.356289924
1403637168.088319063 3.927975876 1.298687178 -5.488612687 -0.029556350 0.890203154 0.277251699 0.360272484
1403637168.138319016 3.975812417 1.286209494 -5.434035546 -0.026743540 0.888198160 0.279485265 0.363698776
1403637168.188318968 4.023325018 1.278341546 -5.381731058 -0.024047036 0.886843039 0.280184449 0.366644022
1403637168.238319159 4.068787301 1.274364967 -5.327692930 -0.021565799 0.886843092 0.277282217 0.368997044
1403637168.288318872 4.117407924 1.273030720 -5.275168010 -0.020743607 0.887243321 0.273618404 0.370812570
1403637168.338319063 4.165658017 1.277249775 -5.223715252 -0.019686716 0.888482015 0.267708570 0.372215346
1403637168.388319016 4.212868865 1.284448150 -5.171243204 -0.018168428 0.890441267 0.259394198 0.373495526
1403637168.438319206 4.261508906 1.289811965 -5.116871010 -0.017106293 0.892292893 0.251838859 0.374296617
1403637168.488318920 4.311425998 1.299062723 -5.061937553 -0.011967078 0.893686190 0.245685863 0.375260229
1403637168.538319111 4.360164914 1.307134717 -5.007232586 -0.008538981 0.893968296 0.243909711 0.375840159
1403637168.588319063 4.407924174 1.314947647 -4.947792032 -0.006530753 0.892933455 0.246714140 0.376509399
1403637168.638319016 4.454814839 1.320458624 -4.889806715 -0.006844311 0.891883234 0.249974080 0.376842688
1403637168.688318968 4.502804847 1.326746433 -4.830885352 -0.008655142 0.891021335 0.253304739 0.376620204
1403637168.738319159 4.550172115 1.329156068 -4.774437724 -0.011270274 0.890249973 0.255986039 0.376562233
1403637168.788318872 4.597618684 1.328816916 -4.717628475 -0.010553763 0.889533983 0.258917378 0.376270783
1403637168.838319063 4.641843032 1.329819357 -4.661088222 -0.013993841 0.889660296 0.259195954 0.375667656
1403637168.888319016 4.688085499 1.326786498 -4.605236875 -0.016851254 0.889604854 0.259501604 0.375470580
1403637168.938319206 4.736686371 1.328420347 -4.551728366 -0.021079708 0.889942993 0.259123888 0.374715794
1403637168.988318920 4.784656811 1.328825855 -4.494787032 -0.023237583 0.890298605 0.258967762 0.373850381
1403637169.038319111 4.831697083 1.327579489 -4.439861306 -0.027071482 0.890781075 0.257732333 0.373296471
1403637169.088319063 4.879519403 1.327508035 -4.382866683 -0.032308064 0.891154168 0.255603559 0.373453154
1403637169.138319016 4.928087322 1.326515961 -4.325602775 -0.033867068 0.891029074 0.252987138 0.375390090
1403637169.188318968 4.979874195 1.321643286 -4.267477686 -0.035290621 0.890175202 0.249698001 0.379464873
1403637169.238319159 5.030490058 1.314386238 -4.207791080 -0.035500444 0.888409074 0.246317528 0.385741768
1403637169.288318872 5.084553806 1.305158363 -4.144977818 -0.034151015 0.885984756 0.242561170 0.393736968
1403637169.338319063 5.137824549 1.291372370 -4.084537974 -0.031808751 0.882516466 0.239444578 0.403508594
1403637169.388319016 5.195322938 1.280818098 -4.022095010 -0.030256434 0.878682327 0.235431399 0.414214887
1403637169.438319206 5.248522292 1.264676122 -3.958282037 -0.029855765 0.873725127 0.231665224 0.426666450
1403637169.488318920 5.304172921 1.247369355 -3.893226646 -0.028604975 0.868515428 0.227037493 0.439677931
1403637169.538319111 5.359730262 1.221690298 -3.831189863 -0.030247592 0.862645333 0.221422668 0.453762179
1403637169.588319063 5.416343080 1.203150976 -3.756510624 -0.029921284 0.856659220 0.214418917 0.468256580
1403637169.638319016 5.468205308 1.175101681 -3.700197796 -0.032960855 0.849320767 0.206503371 0.484689771
1403637169.688318968 5.525361760 1.152284732 -3.622717333 -0.032405550 0.842138725 0.200108965 0.499708566
1403637169.738319159 5.576524826 1.128412314 -3.556156995 -0.032253499 0.833232799 0.195788295 0.516090842
1403637169.788318872 5.631155416 1.108001448 -3.478829356 -0.032183492 0.825087876 0.191620179 0.530543049
1403637169.838319063 5.682483093 1.084877614 -3.406039223 -0.031789790 0.816549941 0.187708142 0.544978217
1403637169.888319016 5.735885696 1.065539331 -3.326806213 -0.035119473 0.809241793 0.181704800 0.557564085
1403637169.938319206 5.786668613 1.042494623 -3.245614042 -0.036315205 0.801802601 0.176419245 0.569798249
1403637169.988318920 5.836933289 1.025020267 -3.164020639 -0.038310133 0.794824658 0.169909157 0.581306266
1403637170.038319111 5.887461606 1.006478578 -3.078621452 -0.040022105 0.787544923 0.165928405 0.592147777
1403637170.088319063 5.933750737 0.988670238 -2.991753177 -0.041294325 0.779868345 0.162662712 0.603026522
1403637170.138319016 5.983822632 0.976385327 -2.905321148 -0.040920182 0.772033547 0.158212361 0.614213798
1403637170.188318968 6.030330461 0.966196386 -2.814467400 -0.039840859 0.764189336 0.153283109 0.625245274
1403637170.238319159 6.075383869 0.949620780 -2.719034263 -0.040233446 0.756492048 0.148667771 0.635609113
1403637170.288318872 6.118116882 0.938050348 -2.623114370 -0.041071983 0.748538222 0.142989984 0.646186883
1403637170.338319063 6.161791704 0.926019557 -2.521974350 -0.038086965 0.739856032 0.138519604 0.657247864
1403637170.388319016 6.203527477 0.907252503 -2.416893497 -0.031313697 0.729528501 0.137718014 0.669209509
1403637170.438319206 6.241612792 0.893775887 -2.310617738 -0.020827929 0.718587062 0.136440873 0.681603052
1403637170.488318920 6.281622157 0.883729962 -2.204716031 -0.008938962 0.706610036 0.135169292 0.694515381
1403637170.538319111 6.319253536 0.871811572 -2.099777192 0.002624286 0.694479392 0.132158169 0.707266361
1403637170.588319063 6.348740156 0.856505619 -1.990664698 0.013997775 0.682684946 0.127987110 0.719280631
1403637170.638319016 6.377510628 0.849095795 -1.882221585 0.023675500 0.670300618 0.123481059 0.731361046
1403637170.688318968 6.404345308 0.841691883 -1.776485002 0.032046184 0.658088040 0.117168152 0.743077922
1403637170.738319159 6.426682705 0.841618734 -1.676078783 0.037793546 0.645065562 0.111113337 0.755060193
1403637170.788318872 6.441554752 0.829191042 -1.567573316 0.041005654 0.631130714 0.108450391 0.766962235
1403637170.838319063 6.452709255 0.825794406 -1.468504906 0.038611138 0.616690199 0.107491314 0.778876111
1403637170.888319016 6.458634141 0.813489818 -1.362553850 0.035966329 0.602022084 0.105273353 0.790691694
1403637170.938319206 6.462426548 0.801087577 -1.271670558 0.031208445 0.586141953 0.103783362 0.802927555
1403637170.988318920 6.464672833 0.788509636 -1.164294172 0.026769584 0.571304739 0.102854203 0.813827560
1403637171.038319111 6.458526543 0.780983896 -1.071778839 0.025211455 0.555554390 0.101549743 0.824870506
1403637171.088319063 6.449635537 0.765169578 -0.974403993 0.023122498 0.539949682 0.102417143 0.835122997
1403637171.138319016 6.435528821 0.751288926 -0.880165826 0.019441888 0.526819086 0.101175065 0.843710418
1403637171.188318968 6.423440507 0.734978010 -0.787696268 0.018122358 0.515568416 0.099657495 0.850840274
1403637171.238319159 6.410950154 0.711140781 -0.707999492 0.018992973 0.504948907 0.098679119 0.857279592
1403637171.288318872 6.389472022 0.693066118 -0.617577436 0.020884022 0.497870483 0.095146551 0.861763293
1403637171.338319063 6.374461896 0.673819746 -0.545004927 0.021780677 0.491301224 0.090628646 0.865987966
1403637171.388319016 6.350289104 0.647894296 -0.461987257 0.019775611 0.488355161 0.084416020 0.868327183
1403637171.438319206 6.321994308 0.628712358 -0.386329603 0.018138754 0.486903199 0.076932211 0.869872229
1403637171.488318920 6.296111348 0.604468687 -0.308837853 0.016072902 0.485466758 0.072960992 0.871057049
1403637171.538319111 6.269291334 0.581064121 -0.242193724 0.013924340 0.483783121 0.069898846 0.872281007
1403637171.588319063 6.239350046 0.556301427 -0.169001684 0.012182116 0.483644850 0.067942141 0.872538320
1403637171.638319016 6.206631673 0.535403790 -0.102578826 0.010351814 0.484292456 0.064260365 0.872481669
1403637171.688318968 6.171531190 0.515863756 -0.035351944 0.009563600 0.485345848 0.062187063 0.872055454
1403637171.738319159 6.134471404 0.500646677 0.034939954 0.009952087 0.487305256 0.060339408 0.871087653
1403637171.788318872 6.093098960 0.483114865 0.101114857 0.009690288 0.489510942 0.058486527 0.869979576
1403637171.838319063 6.051496006 0.470485824 0.164171772 0.009849480 0.491974371 0.056022720 0.868749481
1403637171.888319016 6.004425988 0.456780472 0.230342298 0.010507444 0.494435188 0.054658748 0.867430608
1403637171.938319206 5.954711758 0.445598305 0.294575693 0.010995685 0.496475485 0.054546912 0.866265445
1403637171.988318920 5.902601370 0.434697098 0.358409481 0.012264991 0.498672556 0.053685308 0.865039386
1403637172.038319111 5.846706091 0.424511204 0.421120825 0.012496172 0.500708863 0.053410560 0.863876028
1403637172.088319063 5.786504511 0.415096383 0.485594497 0.013470038 0.502755148 0.053135789 0.862689056
1403637172.138319016 5.722935277 0.405451675 0.548493193 0.014055499 0.503228306 0.057285425 0.862138095
1403637172.188318968 5.655315625 0.397795292 0.608710707 0.015274100 0.502120970 0.065685162 0.862163960
1403637172.238319159 5.586195295 0.389949632 0.668761728 0.013786418 0.499571174 0.078754689 0.862575374
1403637172.288318872 5.514354267 0.381667597 0.728398373 0.012677157 0.496477313 0.093000754 0.862960270
1403637172.338319063 5.441900934 0.371221462 0.785367366 0.011624645 0.494019012 0.105378397 0.862963196
1403637172.388319016 5.364691788 0.359023876 0.839828612 0.011633714 0.491767674 0.116874583 0.862768534
1403637172.438319206 5.287995550 0.345268823 0.891906636 0.011769604 0.490205066 0.126261162 0.862333224
1403637172.488318920 5.211998991 0.329163364 0.942933776 0.012406296 0.488527806 0.136075805 0.861783059
1403637172.538319111 5.134916112 0.311825214 0.988969276 0.013634519 0.487877185 0.141969200 0.861182151
1403637172.588319063 5.059088864 0.294808149 1.031162138 0.014398187 0.487641197 0.146604624 0.860526490
1403637172.638319016 4.984409589 0.278237575 1.072985745 0.015437792 0.487748760 0.150302521 0.859809266
1403637172.688318968 4.910141513 0.259944400 1.109380213 0.015165595 0.487356579 0.154782151 0.859241558
1403637172.738319159 4.836735003 0.240825623 1.142638744 0.014210476 0.487858989 0.158132537 0.858362260
1403637172.788318872 4.764814707 0.221345901 1.174169578 0.010724841 0.489362258 0.163073468 0.856630961
1403637172.838319063 4.694439236 0.203414508 1.200667231 0.004298597 0.491276560 0.170521025 0.854137836
1403637172.888319016 4.623648926 0.185275968 1.225953991 -0.005931603 0.494330556 0.179197903 0.850582288
1403637172.938319206 4.556964409 0.171293332 1.248582886 -0.017365669 0.497496390 0.188365873 0.846589672
1403637172.988318920 4.489973404 0.159463438 1.271707581 -0.027566755 0.500371313 0.197112173 0.842624124
1403637173.038319111 4.429322199 0.151830151 1.293168449 -0.036338911 0.502691484 0.205735697 0.838840616
1403637173.088319063 4.371215185 0.149505267 1.313657249 -0.041689290 0.506635616 0.211557470 0.834760919
1403637173.138319016 4.318460168 0.150780548 1.333885082 -0.045398710 0.511590497 0.218493761 0.829743694
1403637173.188318968 4.270322786 0.150983906 1.352377420 -0.046834058 0.518063344 0.225117040 0.823856335
1403637173.238319159 4.225813488 0.157113404 1.371046764 -0.045200853 0.527116704 0.228561752 0.817229703
1403637173.288318872 4.186330279 0.162661184 1.388307982 -0.040606725 0.537579398 0.230780943 0.809999778
1403637173.338319063 4.153046981 0.168211709 1.402762237 -0.035422866 0.549111509 0.230648426 0.802510483
1403637173.388319016 4.121536421 0.174887237 1.416871812 -0.029699228 0.560311066 0.231582427 0.794694309
1403637173.438319206 4.093415333 0.182928493 1.427800592 -0.024616453 0.571300202 0.232512479 0.786732519
1403637173.488318920 4.069885919 0.193718830 1.436418613 -0.019857399 0.582129101 0.233819509 0.778498446
1403637173.538319111 4.045592531 0.199405802 1.443302193 -0.015933784 0.591939576 0.236351291 0.770384138
1403637173.588319063 4.026490362 0.210580151 1.449149419 -0.011479027 0.601033067 0.240923454 0.761960218
1403637173.638319016 4.010981066 0.224786709 1.451473829 -0.006040725 0.608454538 0.248309273 0.753716850
1403637173.688318968 3.998861474 0.239237265 1.450835057 -0.001846895 0.615124684 0.256263621 0.745618648
1403637173.738319159 3.987953416 0.257671356 1.448718731 0.000975892 0.621360251 0.264929236 0.737375743
1403637173.788318872 3.979716580 0.278017033 1.442536414 0.001695258 0.627142219 0.273746571 0.729213671
1403637173.838319063 3.974276702 0.299693716 1.433731239 0.000626084 0.631953835 0.284434138 0.720923838
1403637173.888319016 3.970782558 0.322115172 1.421964853 -0.003678536 0.636671529 0.293271651 0.713181304
1403637173.938319206 3.971444900 0.344381480 1.404777799 -0.012208546 0.642221275 0.296172380 0.706883800
1403637173.988318920 3.977692214 0.365691133 1.381898319 -0.019616562 0.649637840 0.291139209 0.702014122
1403637174.038319111 3.987602389 0.382694372 1.355585927 -0.026483951 0.659176287 0.277218202 0.698523652
1403637174.088319063 4.002029520 0.393973784 1.325508041 -0.026275590 0.668750465 0.260923396 0.695702085
1403637174.138319016 4.020481101 0.401802434 1.291183770 -0.021943668 0.677861204 0.242115891 0.693831795
1403637174.188318968 4.041687129 0.405606847 1.254732493 -0.013115041 0.684855701 0.226324672 0.692515564
1403637174.238319159 4.062414373 0.406954769 1.217085220 -0.003218155 0.689860834 0.213539716 0.691724268
1403637174.288318872 4.082775335 0.407518107 1.178761317 0.006949095 0.692681248 0.205840963 0.691211905
1403637174.338319063 4.101791415 0.406858421 1.139942463 0.012083047 0.693072126 0.204591098 0.691120475
1403637174.388319016 4.119475926 0.404890441 1.099957412 0.018055026 0.692404241 0.205852215 0.691285215
1403637174.438319206 4.137004039 0.401054449 1.057844352 0.025708601 0.690877836 0.210603369 0.691138991
1403637174.488318920 4.153720410 0.396972367 1.014089680 0.036487596 0.689588932 0.216706440 0.690053678
1403637174.538319111 4.168709550 0.392909234 0.967519472 0.041561222 0.690603125 0.219732162 0.687791949
1403637174.588319063 4.182989997 0.387652177 0.917222073 0.044865192 0.693043270 0.223085847 0.684040091
1403637174.638319016 4.194550290 0.383725687 0.865203860 0.043143013 0.699088249 0.221401874 0.678524510
1403637174.688318968 4.206371559 0.381150079 0.810173334 0.041878279 0.707798559 0.216915797 0.670980586
1403637174.738319159 4.215351145 0.379019040 0.752468908 0.039559815 0.717674560 0.212324689 0.662039632
1403637174.788318872 4.225365180 0.382197867 0.694086453 0.037414245 0.728424094 0.207050317 0.652018926
1403637174.838319063 4.234440245 0.387896047 0.635936798 0.034115883 0.737728528 0.207971362 0.641358432
1403637174.888319016 4.240755499 0.394894044 0.577342765 0.031091724 0.745460057 0.214954415 0.630172364
1403637174.938319206 4.246250270 0.401033528 0.517034868 0.028508428 0.752852344 0.223145811 0.618551991
1403637174.988318920 4.249327971 0.409948654 0.458106397 0.026136784 0.760546698 0.228932239 0.607021926
1403637175.038319111 4.254043774 0.420363030 0.395481500 0.025747568 0.767074694 0.233465867 0.597015214
1403637175.088319063 4.256291942 0.431975142 0.334653451 0.027346942 0.773960550 0.233605080 0.587933567
1403637175.138319016 4.260619738 0.442461661 0.270119935 0.031632183 0.779896560 0.232350987 0.580322134
1403637175.188318968 4.260789335 0.454882725 0.209201759 0.038371080 0.785331711 0.230016203 0.573475640
1403637175.238319159 4.262474796 0.470036723 0.143272520 0.046274732 0.790341964 0.226372134 0.567427428
1403637175.288318872 4.258614489 0.485762854 0.081983157 0.053110159 0.795161234 0.220960468 0.562204940
1403637175.338319063 4.251083697 0.501677937 0.022029850 0.057162403 0.799707573 0.215230547 0.557562614
1403637175.388319016 4.242196589 0.518058718 -0.038913792 0.060484861 0.802923036 0.211145302 0.554142438
1403637175.438319206 4.229208177 0.535927902 -0.100775887 0.062933679 0.803766361 0.212289680 0.552206556
1403637175.488318920 4.214690750 0.555335748 -0.160981912 0.063768699 0.803364402 0.217261083 0.550760213
1403637175.538319111 4.195519976 0.576777314 -0.222512517 0.063991464 0.801594844 0.224515810 0.550402989
1403637175.588319063 4.174874570 0.600441530 -0.282975294 0.062790951 0.799367746 0.232093619 0.550636953
1403637175.638319016 4.149833159 0.623019795 -0.344348017 0.058811132 0.796867482 0.240332489 0.551165820
1403637175.688318968 4.123947833 0.647395038 -0.408681311 0.056095298 0.794965847 0.245889965 0.551743369
1403637175.738319159 4.094865536 0.667333866 -0.473895628 0.054617980 0.793187374 0.250166815 0.552528036
1403637175.788318872 4.065233785 0.687835206 -0.542336262 0.051005237 0.792532077 0.251310404 0.553294183
1403637175.838319063 4.032772718 0.706661676 -0.613604338 0.046854241 0.792924710 0.249251458 0.554029598
1403637175.888319016 3.999410169 0.722414939 -0.683577889 0.040581569 0.794391159 0.245146966 0.554255165
1403637175.938319206 3.964691919 0.737467017 -0.758080204 0.035468772 0.796171628 0.238649199 0.554886714
1403637175.988318920 3.928856198 0.750140061 -0.834411527 0.033981226 0.797840138 0.231839754 0.555469818
1403637176.038319111 3.893694990 0.758499735 -0.909277810 0.037048438 0.798778261 0.226593074 0.556090174
1403637176.088319063 3.855891608 0.767998976 -0.986537093 0.040004684 0.799627714 0.220658726 0.557050152
1403637176.138319016 3.816621076 0.776827560 -1.063866402 0.040324541 0.800536018 0.214352945 0.558183510
1403637176.188318968 3.772681245 0.785257774 -1.142033439 0.042075733 0.800856681 0.209501601 0.559434794
1403637176.238319159 3.727720697 0.798310570 -1.218329292 0.042680205 0.801783029 0.205349683 0.559601538
1403637176.288318872 3.678762491 0.810752951 -1.293166830 0.042958372 0.802818540 0.203698039 0.558698558
1403637176.338319063 3.629623081 0.825061584 -1.365694846 0.043802591 0.803792792 0.203579139 0.557273734
1403637176.388319016 3.579300481 0.843648540 -1.440001467 0.042357149 0.804790281 0.203222041 0.556074885
1403637176.438319206 3.524105153 0.860591506 -1.510579502 0.040731652 0.805275411 0.205826259 0.554534036
1403637176.488318920 3.470277096 0.877686195 -1.581383863 0.035144215 0.807084382 0.207934614 0.551491506
1403637176.538319111 3.413605366 0.897866103 -1.654198864 0.032031130 0.809048310 0.211142136 0.547570851
1403637176.588319063 3.357079966 0.915387840 -1.724903495 0.030899113 0.811290954 0.215991343 0.542402040
1403637176.638319016 3.297896048 0.935434441 -1.796241129 0.029281394 0.813282851 0.221837659 0.537123502
1403637176.688318968 3.237409190 0.957391992 -1.866311971 0.027416615 0.815229946 0.227088327 0.532052024
1403637176.738319159 3.175727348 0.979179862 -1.935831093 0.026050261 0.816536801 0.232911893 0.527580407
1403637176.788318872 3.115924339 1.002550080 -2.004299979 0.024211421 0.818068575 0.236810248 0.523544191
1403637176.838319063 3.054727991 1.027733973 -2.073104421 0.022211380 0.819332797 0.240638425 0.519897653
1403637176.888319016 2.993300341 1.051700613 -2.138663110 0.018939498 0.819607381 0.246251083 0.516957871
1403637176.938319206 2.929743878 1.077743988 -2.206517606 0.015300039 0.819790936 0.250833712 0.514578642
1403637176.988318920 2.867377472 1.106495319 -2.273770511 0.010372356 0.819381137 0.255914849 0.512849448
1403637177.038319111 2.803531860 1.132866585 -2.336997858 0.005787275 0.818052378 0.263873253 0.511006576
1403637177.088319063 2.743631599 1.162853347 -2.402182653 -0.002082202 0.815802150 0.273279738 0.509686866
1403637177.138319016 2.683175284 1.193787545 -2.468936918 -0.007873835 0.812956470 0.283556777 0.508562026
1403637177.188318968 2.622366321 1.223789969 -2.534057407 -0.013209306 0.810634681 0.292083294 0.507330541
1403637177.238319159 2.567559651 1.257332392 -2.601625450 -0.017783055 0.808724298 0.298601191 0.506444569
1403637177.288318872 2.514283542 1.289732327 -2.669847513 -0.020094764 0.807484644 0.302879105 0.505795411
1403637177.338319063 2.464429432 1.326538756 -2.739811465 -0.022816708 0.806284387 0.306524881 0.505398242
1403637177.388319016 2.419552774 1.364835188 -2.809593987 -0.025749242 0.806126003 0.307530364 0.504898919
1403637177.438319206 2.370960515 1.397166778 -2.881441133 -0.031925965 0.806630374 0.306357700 0.504453300
1403637177.488318920 2.329945828 1.437411761 -2.954973157 -0.039609692 0.808021323 0.304173896 0.503001844
1403637177.538319111 2.294878550 1.475766966 -3.030685163 -0.045152913 0.810189461 0.301336319 0.500750111
1403637177.588319063 2.261827645 1.513311286 -3.108329073 -0.053403220 0.812945909 0.296096326 0.498592028
1403637177.638319016 2.232370839 1.548015017 -3.186472039 -0.059543571 0.816016205 0.288963583 0.497063541
1403637177.688318968 2.208270392 1.580990244 -3.266616498 -0.063544723 0.819162223 0.281438074 0.495709523
1403637177.738319159 2.184376204 1.611207023 -3.342388112 -0.067359441 0.822495417 0.273362591 0.494203286
1403637177.788318872 2.168577161 1.639795991 -3.418935404 -0.065928805 0.826001043 0.267291602 0.491864686
1403637177.838319063 2.156215091 1.667566336 -3.494004169 -0.061919520 0.828403516 0.267931066 0.487982101
1403637177.888319016 2.145768989 1.696039358 -3.574178876 -0.058166681 0.831434753 0.269084484 0.482624521
1403637177.938319206 2.141026802 1.724058316 -3.648244813 -0.055922002 0.835545717 0.270127129 0.475149891
1403637177.988318920 2.137340199 1.751392676 -3.721603031 -0.058195792 0.840290649 0.270296377 0.466331152
1403637178.038319111 2.135650362 1.787678973 -3.800158552 -0.063808697 0.846253883 0.266694196 0.456789911
1403637178.088319063 2.137270880 1.816408859 -3.872375348 -0.072590385 0.852907015 0.261302752 0.446095429
1403637178.138319016 2.139998403 1.847761798 -3.945597744 -0.077224706 0.858285286 0.259333856 0.436037457
1403637178.188318968 2.150458893 1.876261179 -4.010538188 -0.082190126 0.863081994 0.258184102 0.426233768
1403637178.238319159 2.161375723 1.909454290 -4.081380390 -0.085825260 0.867880801 0.253445345 0.418547964
1403637178.288318872 2.177200626 1.937174108 -4.145885137 -0.088564978 0.872289049 0.247426506 0.412368990
1403637178.338319063 2.201337906 1.956876034 -4.206772875 -0.091582579 0.876777849 0.239933818 0.406577174
1403637178.388319016 2.226377149 1.975539099 -4.261533656 -0.096562831 0.879957690 0.234634261 0.401617786
1403637178.438319206 2.257326409 1.987381668 -4.313151285 -0.099108564 0.882799047 0.229721462 0.397581922
1403637178.488318920 2.292313626 1.997043902 -4.359878489 -0.100721340 0.884366037 0.228659159 0.394292927
1403637178.538319111 2.330144054 2.003454675 -4.404895980 -0.099059364 0.885448309 0.228717716 0.392245766
1403637178.588319063 2.372397835 2.006479581 -4.445878444 -0.097155957 0.886214173 0.229290014 0.390654899
1403637178.638319016 2.418639835 2.010433097 -4.480851665 -0.088841528 0.886738674 0.231028331 0.390419797
1403637178.688318968 2.468000854 2.013903134 -4.513133966 -0.078217012 0.887093526 0.232419739 0.391060404
1403637178.738319159 2.520438586 2.017603835 -4.543052514 -0.065685300 0.888043264 0.231498557 0.391756328
1403637178.788318872 2.575039473 2.019980701 -4.570793032 -0.053697723 0.888797591 0.229982709 0.392763733
1403637178.838319063 2.629945884 2.023174336 -4.589306489 -0.043373672 0.889687232 0.228035241 0.393160633
1403637178.888319016 2.685414703 2.028498997 -4.606964174 -0.031690303 0.889636183 0.228715724 0.393995311
1403637178.938319206 2.742170591 2.033854836 -4.623717584 -0.022144158 0.889373180 0.229355419 0.394868427
1403637178.988318920 2.798998708 2.039401106 -4.636158799 -0.015158239 0.889500409 0.228462816 0.395428870
1403637179.038319111 2.854282221 2.045227861 -4.647513519 -0.009119078 0.889416356 0.227564141 0.396320514
1403637179.088319063 2.909992388 2.054978462 -4.656505393 -0.007511670 0.888738337 0.229135656 0.396969261
1403637179.138319016 2.962761508 2.066670237 -4.663653166 -0.008689445 0.887262927 0.233480033 0.397713547
1403637179.188318968 3.015975032 2.078007071 -4.665625361 -0.009187088 0.886272304 0.236022062 0.398410073
1403637179.238319159 3.067441392 2.086905266 -4.668797429 -0.012971770 0.884953220 0.239137324 0.399378106
1403637179.288318872 3.119120194 2.091291785 -4.671894356 -0.016018877 0.884108550 0.240746867 0.400170481
1403637179.338319063 3.169901377 2.089864490 -4.674479096 -0.019382696 0.883877127 0.240776445 0.400514967
1403637179.388319016 3.221073767 2.083593605 -4.676216222 -0.021840428 0.883288822 0.241680294 0.401141481
1403637179.438319206 3.272522738 2.073257672 -4.675957548 -0.023445591 0.882953728 0.241914094 0.401647345
1403637179.488318920 3.324317680 2.059843022 -4.675600387 -0.023195911 0.882532278 0.242898630 0.401993760
1403637179.538319111 3.376144926 2.049052586 -4.672679999 -0.022487649 0.882465382 0.242677689 0.402314173
1403637179.588319063 3.427675502 2.037149144 -4.670958242 -0.022445474 0.882861019 0.241546385 0.402129291
1403637179.638319016 3.479430348 2.027806804 -4.664332815 -0.021304086 0.883084149 0.241199398 0.401909657
1403637179.688318968 3.531414317 2.021588503 -4.656580443 -0.021713557 0.883826348 0.239430706 0.401313400
1403637179.738319159 3.583363231 2.022009748 -4.648395294 -0.024073962 0.884717028 0.237309865 0.400475033
1403637179.788318872 3.635087419 2.028977156 -4.635374786 -0.030041524 0.885866860 0.234497483 0.399184599
1403637179.838319063 3.689626868 2.041058690 -4.621322899 -0.038044980 0.887614529 0.229100581 0.397751117
1403637179.888319016 3.744899409 2.058510400 -4.604021209 -0.045197059 0.889494046 0.222792474 0.396385017
1403637179.938319206 3.798263581 2.078511413 -4.582502411 -0.049703304 0.891064239 0.217264607 0.395386132
1403637179.988318920 3.854385443 2.099247175 -4.556782176 -0.050699371 0.891559445 0.215506527 0.395105386
1403637180.038319111 3.912250337 2.116977336 -4.527063546 -0.046749466 0.890941874 0.218787655 0.395182269
1403637180.088319063 3.970667753 2.134933539 -4.493052170 -0.041456260 0.889861474 0.223091221 0.395800761
1403637180.138319016 4.026507857 2.149678186 -4.459464944 -0.033637568 0.888444392 0.227780836 0.397052852
1403637180.188318968 4.084549419 2.162009994 -4.423621661 -0.026506720 0.886646416 0.233519528 0.398276483
1403637180.238319159 4.144261176 2.168625999 -4.386760536 -0.020989211 0.885253152 0.237699352 0.399230921
1403637180.288318872 4.202961698 2.178253385 -4.348847718 -0.015964662 0.883655749 0.241934665 0.400456320
1403637180.338319063 4.260525316 2.179864323 -4.310507520 -0.013044740 0.882509143 0.245002182 0.401224848
1403637180.388319016 4.318929672 2.181754511 -4.272198205 -0.011951777 0.879953920 0.252982083 0.401918300
1403637180.438319206 4.374678750 2.182640833 -4.231275326 -0.014088065 0.877263335 0.261563792 0.402237430
1403637180.488318920 4.432803505 2.183760855 -4.191915710 -0.016884453 0.874145133 0.271794858 0.402135246
1403637180.538319111 4.487756242 2.180333924 -4.158298427 -0.019505667 0.871560578 0.279356592 0.402444508
1403637180.588319063 4.544750258 2.177659089 -4.120857382 -0.022881000 0.870870853 0.281863676 0.402011549
1403637180.638319016 4.603125877 2.174314767 -4.087126757 -0.029011239 0.873232609 0.274819208 0.401369606
1403637180.688318968 4.663634260 2.163852177 -4.051802691 -0.031224202 0.876380390 0.265499569 0.400615076
1403637180.738319159 4.724586317 2.148794181 -4.017977584 -0.029969182 0.878383675 0.260333007 0.399713263
1403637180.788318872 4.789173589 2.135577224 -3.982131713 -0.030297725 0.881064536 0.253555104 0.398142110
1403637180.838319063 4.850396592 2.120535644 -3.947001960 -0.032622282 0.882981760 0.248951226 0.396613522
1403637180.888319016 4.911905211 2.103044900 -3.910944404 -0.038776837 0.885587706 0.242141888 0.394459222
1403637180.938319206 4.975170273 2.082778272 -3.876494643 -0.043552390 0.887050665 0.239183455 0.392473671
1403637180.988318920 5.037854981 2.061407843 -3.838895184 -0.048902463 0.888769898 0.235277748 0.390308850
1403637181.038319111 5.102475065 2.037443302 -3.799587117 -0.055107171 0.890235411 0.232577180 0.387752456
1403637181.088319063 5.168517975 2.010526805 -3.758230343 -0.054733456 0.890955426 0.232467682 0.386214260
1403637181.138319016 5.235402325 1.981397136 -3.715824357 -0.048886371 0.891071828 0.234711540 0.385372046
1403637181.188318968 5.304679299 1.948585665 -3.669701184 -0.039769323 0.890751459 0.238630538 0.384754083
1403637181.238319159 5.371752201 1.914533136 -3.625052818 -0.029706009 0.890733517 0.240465981 0.384561395
1403637181.288318872 5.438049449 1.873906292 -3.580025181 -0.020213811 0.890750915 0.241844849 0.384272400
1403637181.338319063 5.506432512 1.832972956 -3.533648710 -0.014426967 0.891638203 0.240212887 0.383498300
1403637181.388319016 5.574011021 1.791400202 -3.487739053 -0.012234105 0.892921579 0.236857324 0.382674782
1403637181.438319206 5.640037029 1.751025910 -3.438462123 -0.012462581 0.894058366 0.234051309 0.381738533
1403637181.488318920 5.704839375 1.708912240 -3.385586471 -0.014697775 0.894392983 0.234420888 0.380646838
1403637181.538319111 5.770035322 1.663051330 -3.334102365 -0.017281494 0.894217329 0.237087213 0.379297207
1403637181.588319063 5.833475659 1.614504889 -3.281232833 -0.017889374 0.893724860 0.240672379 0.378170134
1403637181.638319016 5.898693773 1.568651070 -3.227440619 -0.019386447 0.893484879 0.243924159 0.376576608
1403637181.688318968 5.961981094 1.516705169 -3.173325020 -0.018910177 0.893419740 0.246023991 0.375387491
1403637181.738319159 6.025940090 1.465903971 -3.119533263 -0.015982230 0.893034114 0.249136973 0.374386710
1403637181.788318872 6.089378500 1.416178647 -3.061314212 -0.011729031 0.893544594 0.249504822 0.373078855
1403637181.838319063 6.154478757 1.368410250 -3.004717807 -0.007564276 0.893984560 0.249464655 0.372158265
1403637181.888319016 6.216607389 1.321411371 -2.946859208 -0.004946460 0.894234729 0.249512081 0.371568976
1403637181.938319206 6.280494601 1.275680912 -2.890178683 -0.003447445 0.894068668 0.250722948 0.371170224
1403637181.988318920 6.342064715 1.230170622 -2.832639781 -0.002387800 0.894210572 0.250361149 0.371080916
1403637182.038319111 6.404850178 1.187311907 -2.773948662 -0.001369673 0.894725067 0.248750752 0.370928890
1403637182.088319063 6.466147310 1.143456798 -2.714468678 0.000818158 0.895834446 0.244385123 0.371154804
1403637182.138319016 6.529031096 1.100838875 -2.652888813 0.004232532 0.896260300 0.242143637 0.371572361
1403637182.188318968 6.589569068 1.058445406 -2.590006956 0.010355907 0.896259623 0.240311967 0.372641386
1403637182.238319159 6.644137521 1.021632589 -2.528680611 0.017333547 0.896070080 0.238043038 0.374290625
1403637182.288318872 6.699387908 0.982618768 -2.465728305 0.024023844 0.895498628 0.236889306 0.376016647
1403637182.338319063 6.752561155 0.943403107 -2.401972771 0.029924900 0.895057755 0.235062092 0.377785559
1403637182.388319016 6.802772709 0.902327063 -2.338477100 0.033021051 0.894986103 0.232955871 0.379000063
1403637182.438319206 6.849094550 0.866115335 -2.273152806 0.038720775 0.894800580 0.229735954 0.380859574
1403637182.488318920 6.891700858 0.828312244 -2.208581305 0.037076568 0.896390124 0.222510317 0.381574675
1403637182.538319111 6.937101591 0.786658177 -2.139894910 0.034315249 0.897351790 0.218237521 0.382040068
1403637182.588319063 6.974181845 0.744056738 -2.074458897 0.030811746 0.898162744 0.214386862 0.382612852
1403637182.638319016 7.008522576 0.700490198 -2.007241362 0.028301219 0.898293168 0.213168340 0.383181008
1403637182.688318968 7.045336031 0.651875046 -1.935587307 0.027936340 0.897965728 0.214368232 0.383305849
1403637182.738319159 7.075158454 0.608093015 -1.865787604 0.030107837 0.897602265 0.214359219 0.383997158
1403637182.788318872 7.103692394 0.561859152 -1.794389615 0.032997425 0.896831417 0.217013492 0.384069947
1403637182.838319063 7.130301260 0.515963256 -1.720592065 0.036933359 0.896226785 0.219375723 0.383780887
1403637182.888319016 7.152462453 0.473655889 -1.646702224 0.040037693 0.895864908 0.220740130 0.383532064
1403637182.938319206 7.171093825 0.432115659 -1.573574132 0.044798676 0.895392359 0.222098390 0.383324807
1403637182.988318920 7.191300532 0.392042066 -1.497245124 0.049912778 0.894787103 0.224199821 0.382882745
1403637183.038319111 7.205604478 0.356670115 -1.419578215 0.055936325 0.893903123 0.226706451 0.382638890
1403637183.088319063 7.216470063 0.327334791 -1.341309612 0.061267683 0.893255689 0.228018189 0.382554898
1403637183.138319016 7.226989851 0.303150854 -1.262485877 0.066279901 0.892282611 0.230519812 0.382490957
1403637183.188318968 7.231852338 0.282284782 -1.180890651 0.069172623 0.891675390 0.232021041 0.382487103
1403637183.238319159 7.236448650 0.265664029 -1.099602504 0.071802951 0.890968545 0.233963210 0.382466476
1403637183.288318872 7.234220346 0.249690258 -1.018506320 0.073617637 0.890344722 0.235665510 0.382529067
1403637183.338319063 7.227114511 0.235718104 -0.938002215 0.075836578 0.889553503 0.237837344 0.382592181
1403637183.388319016 7.221034026 0.224438562 -0.855905597 0.077952051 0.889014641 0.239726347 0.382240402
1403637183.438319206 7.207617709 0.211952163 -0.776587458 0.078594746 0.889069167 0.239902291 0.381871410
1403637183.488318920 7.189618134 0.200290625 -0.698427006 0.079017938 0.889130317 0.239906056 0.381639267
1403637183.538319111 7.168035080 0.194051872 -0.620495448 0.081033689 0.888407524 0.241789486 0.381711222
1403637183.588319063 7.142202606 0.186205681 -0.542914590 0.082822246 0.887986142 0.242635312 0.381771126
1403637183.638319016 7.111419167 0.181858102 -0.465351221 0.085606597 0.887472217 0.243591816 0.381742847
1403637183.688318968 7.077625831 0.175618824 -0.388587296 0.087482296 0.887335591 0.243873188 0.381455456
1403637183.738319159 7.038788214 0.169958186 -0.315432429 0.089929481 0.885847500 0.247883169 0.381760174
1403637183.788318872 7.000002236 0.166001431 -0.240041911 0.092858756 0.883562510 0.254345278 0.382103417
1403637183.838319063 6.952061801 0.160975011 -0.166874736 0.094942760 0.881314327 0.260746147 0.382468790
1403637183.888319016 6.901676492 0.153102926 -0.097307639 0.097530028 0.879100474 0.267013707 0.382588460
1403637183.938319206 6.846863384 0.144393359 -0.031148493 0.100230514 0.877194598 0.272460458 0.382424869
1403637183.988318920 6.786742747 0.135151211 0.032598912 0.102026025 0.875343167 0.277972376 0.382225572
1403637184.038319111 6.723606125 0.125916234 0.091638179 0.104037531 0.873765225 0.282606183 0.381895625
1403637184.088319063 6.655428025 0.111964322 0.147792619 0.104235108 0.873174234 0.285341420 0.381158855
1403637184.138319016 6.583362431 0.098413767 0.200960155 0.101784962 0.873485601 0.286318828 0.380373835
1403637184.188318968 6.504650475 0.086728334 0.249092557 0.098044356 0.873814466 0.287068214 0.380036082
1403637184.238319159 6.424693876 0.073373371 0.291937853 0.090807863 0.875716426 0.284701250 0.379235905
1403637184.288318872 6.341253420 0.067161970 0.334703716 0.079399745 0.877899948 0.282102254 0.378689424
1403637184.338319063 6.254404995 0.066184961 0.374552923 0.066629435 0.879944710 0.279786211 0.378123661
1403637184.388319016 6.168132964 0.069635526 0.417729379 0.054354878 0.881212444 0.279259169 0.377524161
1403637184.438319206 6.079049621 0.077681529 0.458126160 0.043753937 0.881650636 0.279833097 0.377453556
1403637184.488318920 5.993105098 0.088546057 0.502790257 0.035566598 0.881067018 0.282816476 0.377453002
1403637184.538319111 5.901246690 0.102166472 0.542874956 0.029010333 0.880004486 0.286435618 0.377763342
1403637184.588319063 5.813766900 0.111582360 0.581027846 0.022834051 0.878250475 0.292054237 0.377966973
1403637184.638319016 5.724607436 0.120730761 0.619234454 0.017981938 0.876664998 0.296752387 0.378250119
1403637184.688318968 5.637606865 0.127900607 0.652516638 0.014198801 0.874933826 0.301659156 0.378537907
1403637184.738319159 5.548551108 0.139527806 0.686047658 0.011814751 0.872958384 0.306654782 0.379166081
1403637184.788318872 5.460024731 0.152583249 0.717844402 0.009352676 0.871706685 0.310106603 0.379307103
1403637184.838319063 5.376495687 0.160568624 0.744599314 0.007062545 0.870619956 0.313000779 0.379475329
1403637184.888319016 5.294309807 0.162926608 0.771809109 0.005527931 0.869981795 0.315196153 0.379147075
1403637184.938319206 5.213084128 0.165778901 0.793102214 0.001895054 0.869624212 0.316042561 0.379298350
1403637184.988318920 5.131416219 0.171243724 0.809767343 0.002892597 0.868622818 0.318475077 0.379551917
1403637185.038319111 5.052239384 0.172129800 0.824614230 -0.000852659 0.868212277 0.319703666 0.379468419
1403637185.088319063 4.976098554 0.172576632 0.835837236 -0.001383133 0.867694611 0.321109729 0.379463688
1403637185.138319016 4.901173568 0.170958045 0.843747922 -0.000950154 0.867349245 0.322581719 0.379005829
1403637185.188318968 4.830218218 0.169707516 0.847490614 -0.001878106 0.867414573 0.322739126 0.378718745
1403637185.238319159 4.761432487 0.168095259 0.848920317 -0.003624031 0.867061419 0.323943277 0.378486612
1403637185.288318872 4.692547448 0.164055030 0.847780227 -0.006126535 0.866296310 0.326301805 0.378180250
1403637185.338319063 4.625136776 0.158489903 0.843262708 -0.010551076 0.865643037 0.328171430 0.377960738
1403637185.388319016 4.556975887 0.151698874 0.837239434 -0.016485689 0.865097924 0.329784074 0.377592729
1403637185.438319206 4.496149782 0.144587049 0.826849164 -0.021532019 0.864473860 0.331727809 0.377064953
1403637185.488318920 4.437184966 0.135985733 0.812643947 -0.025345374 0.864534453 0.331702438 0.376711141
1403637185.538319111 4.381510605 0.128184670 0.793515665 -0.026857820 0.865294896 0.330042449 0.376318193
1403637185.588319063 4.329566259 0.115697973 0.772650882 -0.025269250 0.866937679 0.326385104 0.375836786
1403637185.638319016 4.280545155 0.102236875 0.748918680 -0.021180377 0.869658027 0.319626353 0.375613234
1403637185.688318968 4.233777686 0.089108866 0.723100380 -0.016880184 0.873189858 0.310633962 0.375181386
1403637185.738319159 4.189378230 0.077607159 0.696984816 -0.013423454 0.876276115 0.302401431 0.374851112
1403637185.788318872 4.149099885 0.073861641 0.672776570 -0.012964737 0.879155818 0.294679727 0.374273725
1403637185.838319063 4.108208737 0.068726035 0.645568618 -0.014350813 0.880895056 0.290027871 0.373767025
1403637185.888319016 4.068448128 0.063214013 0.618908942 -0.014423167 0.882577656 0.285087378 0.373595824
1403637185.938319206 4.030072391 0.059980182 0.592258035 -0.013754461 0.883760619 0.281983917 0.373179654
1403637185.988318920 3.992234773 0.053119802 0.563745553 -0.011527699 0.884847423 0.278649266 0.373184588
1403637186.038319111 3.956298519 0.050867604 0.537463753 -0.008866869 0.886035930 0.275107953 0.373064772
1403637186.088319063 3.920318993 0.048118686 0.510749051 -0.007636013 0.886956234 0.272141628 0.373080775
1403637186.138319016 3.885544859 0.044022712 0.484567438 -0.006474431 0.887300822 0.270855481 0.373219294
1403637186.188318968 3.851623304 0.037806402 0.457534138 -0.005777078 0.887472354 0.270145518 0.373337443
1403637186.238319159 3.821629872 0.037658781 0.436225092 -0.006274343 0.887569600 0.270125282 0.373112812
1403637186.288318872 3.788945568 0.028114742 0.409663580 -0.007357050 0.887527660 0.270053831 0.373244498
1403637186.338319063 3.755878977 0.014447558 0.382530900 -0.006308833 0.888327626 0.267524963 0.373181755
1403637186.388319016 3.724497377 0.000802088 0.355884362 -0.004378880 0.888764140 0.266473893 0.372921967
1403637186.438319206 3.693451806 -0.015226045 0.328263050 -0.001125719 0.888850528 0.266264554 0.372889607
1403637186.488318920 3.662982929 -0.033292819 0.301021842 0.002527863 0.888738655 0.266809643 0.372759745
1403637186.538319111 3.633393609 -0.053377781 0.276306974 0.007415109 0.888730154 0.267021148 0.372563333
1403637186.588319063 3.602474869 -0.073285693 0.249471197 0.009494911 0.888895813 0.266941348 0.372177911
1403637186.638319016 3.571064314 -0.090918363 0.222682081 0.010951556 0.888839111 0.267621397 0.371784731
1403637186.688318968 3.540870768 -0.105055186 0.197844631 0.012367322 0.888520375 0.269399913 0.371217295
1403637186.738319159 3.509623432 -0.118398342 0.172916477 0.014269196 0.887342352 0.273637888 0.370866886
1403637186.788318872 3.478523828 -0.130324814 0.148264709 0.017991624 0.885777975 0.278751167 0.370636570
1403637186.838319063 3.447634404 -0.137052821 0.129225054 0.023938868 0.883889794 0.284343018 0.370560130
1403637186.888319016 3.416912368 -0.144682392 0.104839340 0.030230498 0.881987687 0.289599244 0.370561891
1403637186.938319206 3.385328819 -0.150203809 0.078938081 0.037881661 0.880320468 0.293724648 0.370576152
1403637186.988318920 3.353248986 -0.153140201 0.052789173 0.043555399 0.878956349 0.297055839 0.370535414
1403637187.038319111 3.320427834 -0.152858980 0.026378280 0.048707811 0.878713221 0.297163723 0.370384052
1403637187.088319063 3.286568175 -0.151829732 -0.002862654 0.051291070 0.879219146 0.295360471 0.370277074
1403637187.138319016 3.250425978 -0.149027596 -0.034829241 0.050853379 0.880297565 0.292296575 0.370206488
1403637187.188318968 3.212730203 -0.142242194 -0.066832981 0.047818508 0.881880601 0.289654367 0.368917800
1403637187.238319159 3.174897755 -0.132405325 -0.099870146 0.042721661 0.883095338 0.290121315 0.366260981
1403637187.288318872 3.135503284 -0.122661292 -0.131638542 0.034164573 0.883691493 0.293818093 0.362757572
1403637187.338319063 3.095349824 -0.108578734 -0.166668101 0.026055790 0.884065030 0.297460660 0.359537585
1403637187.388319016 3.056394725 -0.094458530 -0.202008728 0.016649546 0.884522988 0.300218912 0.356665782
1403637187.438319206 3.016358460 -0.079846278 -0.238133638 0.009580440 0.884949600 0.302504412 0.353925843
1403637187.488318920 2.978005283 -0.065250727 -0.274747158 0.005091093 0.885180382 0.304813955 0.351451598
1403637187.538319111 2.940398163 -0.046382256 -0.314072098 0.001755336 0.885126869 0.307239308 0.349501577
1403637187.588319063 2.902701559 -0.030388158 -0.353349903 0.000040678 0.885264246 0.308876935 0.347710012
1403637187.638319016 2.866920816 -0.013318260 -0.394390643 0.000110674 0.885126918 0.310879188 0.346272229
1403637187.688318968 2.833031569 0.007255506 -0.438074436 0.001503499 0.885127753 0.312125363 0.345143967
1403637187.738319159 2.801181616 0.026102521 -0.479904789 0.001908517 0.884807936 0.314302959 0.343983901
1403637187.788318872 2.768816723 0.044233590 -0.525888633 0.001958761 0.884797492 0.315253643 0.343139479
1403637187.838319063 2.737665226 0.066184937 -0.572479206 0.002497025 0.883975421 0.318109968 0.342618255
1403637187.888319016 2.708642619 0.086419717 -0.619624243 0.000538313 0.883977755 0.318771818 0.342005215
1403637187.938319206 2.679860450 0.108890536 -0.669460514 -0.002457595 0.884353162 0.318237105 0.341523924
1403637187.988318920 2.652899817 0.131425454 -0.720207435 -0.003758139 0.885161202 0.316305677 0.341212898
1403637188.038319111 2.627877363 0.155078211 -0.772821733 -0.006281958 0.886291555 0.313509678 0.340821798
1403637188.088319063 2.604639073 0.180417454 -0.826203943 -0.008347176 0.887410133 0.310663621 0.340472753
1403637188.138319016 2.580126850 0.205527562 -0.883174255 -0.009471245 0.888636598 0.307077413 0.340497804
1403637188.188318968 2.559956314 0.231427681 -0.936662248 -0.013746859 0.891018087 0.300473851 0.340019496
1403637188.238319159 2.541503460 0.257481025 -0.992561821 -0.018078682 0.894060800 0.291790896 0.339391396
1403637188.288318872 2.521022218 0.285506338 -1.050483220 -0.019765671 0.896364748 0.284695998 0.339245849
1403637188.338319063 2.505617035 0.309461444 -1.107000717 -0.019059754 0.897636979 0.281292397 0.338761225
1403637188.388319016 2.491445921 0.335398857 -1.162303026 -0.015703450 0.899214817 0.276701235 0.338529972
1403637188.438319206 2.477989952 0.363020125 -1.217718959 -0.011865844 0.900352842 0.273321055 0.338407390
1403637188.488318920 2.464785393 0.393216542 -1.271383859 -0.008617377 0.901703462 0.270176860 0.337433063
1403637188.538319111 2.452656054 0.420440275 -1.323020508 -0.004093874 0.903256380 0.268185904 0.334943984
1403637188.588319063 2.439587420 0.449286358 -1.373965842 0.001074368 0.904350055 0.268821987 0.331488406
1403637188.638319016 2.427828718 0.481186675 -1.424572304 0.005954578 0.906062635 0.268898567 0.326662831
1403637188.688318968 2.417398082 0.512585594 -1.476158080 0.013724617 0.907371481 0.271210744 0.320832296
1403637188.738319159 2.405624523 0.544183246 -1.524911586 0.021827186 0.909092825 0.273264079 0.313688623
1403637188.788318872 2.388441063 0.578949651 -1.579526905 0.030819531 0.910181693 0.276944455 0.306465678
1403637188.838319063 2.374417203 0.614174054 -1.629796466 0.037062084 0.911544670 0.280575086 0.298312485
1403637188.888319016 2.357555197 0.650904562 -1.682018501 0.040668772 0.912932110 0.283232014 0.290999381
1403637188.938319206 2.340459725 0.683949142 -1.732061677 0.042092689 0.914059458 0.285912940 0.284565113
1403637188.988318920 2.322733363 0.715665007 -1.780277222 0.038734591 0.915131992 0.288782546 0.278635442
1403637189.038319111 2.303756070 0.744459164 -1.829268606 0.031471449 0.916183534 0.291130098 0.273606552
1403637189.088319063 2.282369756 0.775655106 -1.881716529 0.024986356 0.916427435 0.294629501 0.269684808
1403637189.138319016 2.260412048 0.803127641 -1.932008056 0.018281976 0.915457106 0.300987382 0.266478241
1403637189.188318968 2.239363072 0.833966900 -1.984427381 0.015170434 0.914501142 0.306261990 0.263933917
1403637189.238319159 2.220247315 0.863498817 -2.035786729 0.014033454 0.913318472 0.311674482 0.261746917
1403637189.288318872 2.202236459 0.895430834 -2.086975373 0.016489802 0.912698710 0.314444045 0.260449791
1403637189.338319063 2.183756472 0.929237718 -2.139532091 0.021321698 0.913040205 0.313806351 0.259670066
1403637189.388319016 2.162092012 0.968443078 -2.195326239 0.025222170 0.914650505 0.308896114 0.259540913
1403637189.438319206 2.144167217 1.005960207 -2.245776658 0.027702384 0.917213332 0.301128706 0.259371902
1403637189.488318920 2.122535417 1.042144027 -2.302229576 0.029023008 0.919077142 0.294996414 0.259676700
1403637189.538319111 2.099081640 1.082545561 -2.362856575 0.027674543 0.920484743 0.289972104 0.260495945
1403637189.588319063 2.078768029 1.117491076 -2.421757530 0.024854219 0.921693778 0.285643480 0.261286528
1403637189.638319016 2.056154322 1.150657481 -2.478576474 0.021518567 0.922578121 0.282572940 0.261799723
1403637189.688318968 2.033299973 1.179399486 -2.536143858 0.018883896 0.923467904 0.279162293 0.262523987
1403637189.738319159 2.009422377 1.207885568 -2.593278459 0.016699892 0.922941290 0.280002111 0.263627211
1403637189.788318872 1.987628105 1.232618838 -2.649596086 0.015241677 0.922387568 0.281304465 0.264266275
1403637189.838319063 1.964137376 1.255277520 -2.706265754 0.012015233 0.921878936 0.282671742 0.264748084
1403637189.888319016 1.941874346 1.273023534 -2.762601422 0.011548000 0.922114723 0.281678145 0.265006611
1403637189.938319206 1.918845715 1.289895358 -2.819391269 0.012756209 0.922451929 0.280365161 0.265169935
1403637189.988318920 1.894344013 1.304431572 -2.875705475 0.011394448 0.923071907 0.278536466 0.265001619
1403637190.038319111 1.870328531 1.316569030 -2.934205963 0.011850600 0.923803010 0.276309475 0.264765247
1403637190.088319063 1.847644134 1.326019772 -2.989561666 0.010807617 0.924751085 0.273895534 0.264007314
1403637190.138319016 1.823835257 1.337040412 -3.046132388 0.011498447 0.925106476 0.272941382 0.263721058
1403637190.188318968 1.798850684 1.344228769 -3.102032514 0.011237684 0.925751006 0.271329576 0.263133141
1403637190.238319159 1.774091307 1.350637821 -3.157679621 0.013214530 0.925902326 0.270931016 0.262919462
1403637190.288318872 1.749833883 1.355620152 -3.213076134 0.013532043 0.926379982 0.270001270 0.262176137
1403637190.338319063 1.723794766 1.356727970 -3.268092181 0.013842447 0.926477210 0.270153874 0.261658653
1403637190.388319016 1.698334770 1.357460350 -3.322822937 0.015166797 0.926450756 0.270725182 0.261087805
1403637190.438319206 1.673589612 1.352933720 -3.376739217 0.017184840 0.926353964 0.271312903 0.260695846
1403637190.488318920 1.646971879 1.350723985 -3.429721247 0.017707478 0.926850013 0.270129139 0.260126405
1403637190.538319111 1.621145083 1.349753913 -3.480059737 0.015589509 0.927180263 0.270045378 0.259170256
1403637190.588319063 1.592524792 1.349269575 -3.533300250 0.012898068 0.927517701 0.269069139 0.259126132
1403637190.638319016 1.566125894 1.350616164 -3.581567268 0.007572579 0.927678099 0.267625440 0.260254924
1403637190.688318968 1.541997934 1.354221967 -3.626854058 0.003004521 0.927205036 0.266039256 0.263637834
1403637190.738319159 1.518391586 1.358252594 -3.669189803 0.002841041 0.925526476 0.266353370 0.269162689
1403637190.788318872 1.495722522 1.360729681 -3.710173850 0.003974607 0.923858012 0.266111207 0.275055269
1403637190.838319063 1.470821782 1.365648928 -3.752401141 0.006307509 0.921861489 0.266433941 0.281326440
1403637190.888319016 1.444655162 1.372025856 -3.792549166 0.009590458 0.920034695 0.266509063 0.287083791
1403637190.938319206 1.419490501 1.379626373 -3.831889587 0.012400573 0.918514124 0.266180142 0.292106423
1403637190.988318920 1.397288254 1.388423082 -3.866736282 0.014549136 0.917362104 0.265584300 0.296141980
1403637191.038319111 1.373324872 1.398924525 -3.901827976 0.015591504 0.916366378 0.264746120 0.299898413
1403637191.088319063 1.349129104 1.411789758 -3.936209146 0.017116877 0.915646057 0.263571568 0.303033561
1403637191.138319016 1.323171562 1.425671401 -3.971785388 0.017739562 0.914995200 0.262927306 0.305513214
1403637191.188318968 1.296412947 1.439958231 -4.005311200 0.017154978 0.914656554 0.261837657 0.307490058
1403637191.238319159 1.270935471 1.455798496 -4.036035884 0.016683716 0.914445170 0.261390921 0.308523049
1403637191.288318872 1.245167469 1.471617899 -4.065800059 0.015147693 0.914341276 0.260787299 0.309419720
1403637191.338319063 1.218192022 1.487926346 -4.095509778 0.015168754 0.914321314 0.259946721 0.310184051
1403637191.388319016 1.191193549 1.504456298 -4.124663883 0.012794558 0.914826235 0.258177135 0.310280237
1403637191.438319206 1.162072665 1.520419896 -4.153332630 0.010988527 0.915137221 0.257059544 0.310360292
1403637191.488318920 1.134726462 1.534628272 -4.180239366 0.010857526 0.915397464 0.256520700 0.310043107
1403637191.538319111 1.104387653 1.547053456 -4.209081231 0.007791303 0.915865947 0.255529154 0.309570208
1403637191.588319063 1.075493676 1.558210843 -4.234827489 0.003885999 0.916275831 0.255259272 0.308652238
1403637191.638319016 1.047638722 1.565956790 -4.259275239 -0.000257107 0.915581579 0.258998596 0.307619949
1403637191.688318968 1.020285527 1.571520431 -4.281880066 -0.003607680 0.914358905 0.264712907 0.306368822
1403637191.738319159 0.992048894 1.574819923 -4.303639361 -0.005511052 0.913274053 0.269372306 0.305513819
1403637191.788318872 0.965961029 1.577335630 -4.325523875 -0.008598712 0.912275841 0.273858818 0.304434230
1403637191.838319063 0.938161740 1.577413107 -4.348011357 -0.014549752 0.912464430 0.274184537 0.303347670
1403637191.888319016 0.913438640 1.576549500 -4.370131506 -0.021204112 0.912915439 0.273463908 0.302247048
1403637191.938319206 0.889602057 1.572794287 -4.393231998 -0.027866564 0.913682664 0.271602823 0.301063697
1403637191.988318920 0.868599501 1.567559578 -4.414130734 -0.033247348 0.914173289 0.270399278 0.300110051
1403637192.038319111 0.849944476 1.559156811 -4.434982076 -0.035222001 0.913536611 0.273392208 0.299110301
1403637192.088319063 0.832475929 1.548599838 -4.454713843 -0.035225806 0.912064519 0.279149229 0.298283697
1403637192.138319016 0.817396964 1.535930795 -4.473509764 -0.035958907 0.910730652 0.284069272 0.297626083
1403637192.188318968 0.804934955 1.521305067 -4.492702866 -0.037553644 0.909789771 0.287532295 0.296980598
1403637192.238319159 0.794145255 1.503820931 -4.512568014 -0.040141473 0.909400551 0.289045442 0.296364695
1403637192.288318872 0.785498732 1.485991496 -4.532329626 -0.045328378 0.909650827 0.288261260 0.295611496
1403637192.338319063 0.779834399 1.467266244 -4.552205990 -0.050200577 0.910272181 0.285942846 0.295162917
1403637192.388319016 0.778077579 1.447557630 -4.571607591 -0.051555054 0.911213147 0.283017845 0.294845003
1403637192.438319206 0.779685246 1.430547048 -4.588648958 -0.049195412 0.911027479 0.284274120 0.294613253
1403637192.488318920 0.783483808 1.414881133 -4.605127352 -0.043030983 0.909777932 0.289344846 0.294502988
1403637192.538319111 0.789796700 1.401062471 -4.621522845 -0.036476934 0.908376122 0.294528087 0.294576748
1403637192.588319063 0.797887684 1.386824750 -4.637280479 -0.030101333 0.906718078 0.300167805 0.294712614
1403637192.638319016 0.807995466 1.375491040 -4.653243227 -0.025702723 0.905282239 0.304802909 0.294785727
1403637192.688318968 0.820198643 1.365984872 -4.669086992 -0.022802166 0.904244568 0.307909647 0.294980461
1403637192.738319159 0.833844611 1.358671262 -4.687561262 -0.020773128 0.903844760 0.309037485 0.295176151
1403637192.788318872 0.849561077 1.352039529 -4.705416272 -0.019965304 0.903909957 0.308675002 0.295411440
1403637192.838319063 0.866182600 1.345942679 -4.725118536 -0.019235931 0.904587154 0.306241884 0.295918854
1403637192.888319016 0.884648140 1.338814194 -4.747040423 -0.018580329 0.905805329 0.302271551 0.296316363
1403637192.938319206 0.904731044 1.329606814 -4.769108104 -0.016659616 0.906751927 0.298857715 0.296997419
1403637192.988318920 0.925673420 1.318783692 -4.791065886 -0.015869729 0.907668717 0.295501082 0.297598323
1403637193.038319111 0.947718329 1.306410136 -4.813016209 -0.012955966 0.907856531 0.294580318 0.298079014
1403637193.088319063 0.970650180 1.293344550 -4.836328549 -0.007414587 0.906826174 0.297392897 0.298611417
1403637193.138319016 0.996600515 1.278537895 -4.857977895 0.001982211 0.904313360 0.304686522 0.298964115
1403637193.188318968 1.022046558 1.263017958 -4.883717282 0.012550317 0.901171407 0.313197685 0.299399056
1403637193.238319159 1.046377389 1.246749755 -4.913516793 0.019065387 0.898742095 0.319412438 0.299791347
1403637193.288318872 1.071576639 1.234688653 -4.941911992 0.022894165 0.897490054 0.322769239 0.299678958
1403637193.338319063 1.094474560 1.228311333 -4.972377399 0.016864318 0.898984493 0.319261003 0.299357459
1403637193.388319016 1.117582767 1.226564097 -5.003940563 0.011104231 0.901311706 0.313220747 0.299009479
1403637193.438319206 1.140984175 1.224841521 -5.035550419 0.004739765 0.903846753 0.306442784 0.298548828
1403637193.488318920 1.165652395 1.227207484 -5.066686821 -0.000985030 0.905831210 0.300689628 0.298420168
1403637193.538319111 1.189634866 1.228564959 -5.098845905 -0.006485975 0.907362439 0.296018361 0.298369679
1403637193.588319063 1.215296170 1.228721455 -5.131868537 -0.011366609 0.908038360 0.293568882 0.298587422
1403637193.638319016 1.240707063 1.227680571 -5.166273068 -0.014563560 0.908558317 0.291650365 0.298746968
1403637193.688318968 1.267429368 1.222855346 -5.199987163 -0.017265174 0.908791018 0.290708875 0.298812901
1403637193.738319159 1.296314183 1.216919594 -5.235824627 -0.020116110 0.909084914 0.289457635 0.298955246
1403637193.788318872 1.324786923 1.209599140 -5.271354834 -0.021598458 0.909209199 0.288845250 0.299066148
1403637193.838319063 1.355099777 1.201137693 -5.307170939 -0.023278451 0.909152708 0.288586236 0.299361740
1403637193.888319016 1.387320272 1.191144658 -5.342765657 -0.023258369 0.909222867 0.288453109 0.299278517
1403637193.938319206 1.420687609 1.180594345 -5.374905563 -0.021558789 0.909861508 0.286798683 0.299054796
1403637193.988318920 1.455324501 1.174529677 -5.409799478 -0.020072445 0.911171310 0.282711182 0.299062416
1403637194.038319111 1.491748601 1.172297914 -5.443614856 -0.017926430 0.912393445 0.278881016 0.299068926
1403637194.088319063 1.528881133 1.174848549 -5.476844474 -0.016044738 0.913241236 0.276423781 0.298869379
1403637194.138319016 1.566576050 1.181084544 -5.507235017 -0.015606928 0.913863418 0.274604161 0.298668097
1403637194.188318968 1.606443613 1.186739039 -5.533759124 -0.015017314 0.914019898 0.274575103 0.298245903
1403637194.238319159 1.644704375 1.194096910 -5.560323046 -0.013936067 0.913266509 0.277171636 0.298204550
1403637194.288318872 1.683549260 1.201894631 -5.587684923 -0.013559250 0.912993231 0.278193702 0.298106980
1403637194.338319063 1.722320260 1.207307070 -5.613842911 -0.014118666 0.912398295 0.280441481 0.297796223
1403637194.388319016 1.763314780 1.210683788 -5.640519187 -0.014651588 0.911937987 0.281923175 0.297781399
1403637194.438319206 1.804737344 1.213533250 -5.667967277 -0.016022957 0.911692671 0.282766250 0.297662537
1403637194.488318920 1.847095595 1.212832025 -5.694484987 -0.014466795 0.911493149 0.283616025 0.297544790
1403637194.538319111 1.891128355 1.212289287 -5.723538120 -0.014612245 0.911214291 0.284490814 0.297556674
1403637194.588319063 1.936042917 1.208625214 -5.751410538 -0.014425386 0.911077859 0.285241917 0.297264349
1403637194.638319016 1.980587722 1.202970361 -5.779055503 -0.015305465 0.911004720 0.285930824 0.296782255
1403637194.688318968 2.024968860 1.196914527 -5.805858627 -0.016519945 0.910134102 0.289055547 0.296361094
1403637194.738319159 2.069877275 1.191148034 -5.833640770 -0.017116391 0.909202614 0.292427633 0.295877871
1403637194.788318872 2.118343147 1.182471854 -5.863336799 -0.017582462 0.908514249 0.294955692 0.295455338
1403637194.838319063 2.165889553 1.176461141 -5.892238161 -0.017357286 0.908080365 0.296842530 0.294912338
1403637194.888319016 2.215119004 1.171864492 -5.918987977 -0.017598949 0.907683358 0.298443313 0.294504310
1403637194.938319206 2.264126513 1.167999691 -5.947531822 -0.014615177 0.908325167 0.296719202 0.294430813
1403637194.988318920 2.315977449 1.167215983 -5.978472448 -0.012128025 0.909656661 0.292957065 0.294200318
1403637195.038319111 2.370533274 1.166878620 -6.006078815 -0.010736964 0.911603184 0.287350261 0.293758709
1403637195.088319063 2.424744528 1.168441610 -6.035347920 -0.008958010 0.913138683 0.282720321 0.293541684
1403637195.138319016 2.477808843 1.170617421 -6.064831477 -0.007373029 0.914659334 0.278081812 0.293282197
1403637195.188318968 2.532814939 1.172891604 -6.089715853 -0.006155141 0.916088293 0.273692615 0.292979022
1403637195.238319159 2.587472475 1.175243456 -6.115339687 -0.005023764 0.917129732 0.270537634 0.292672522
1403637195.288318872 2.642756495 1.179255924 -6.139912785 -0.004508271 0.917953301 0.267938784 0.292489693
1403637195.338319063 2.697452114 1.184712668 -6.162746025 -0.002823759 0.918547623 0.265933127 0.292475404
1403637195.388319016 2.751563271 1.191726822 -6.184517764 -0.003882031 0.918863061 0.264639688 0.292645589
1403637195.438319206 2.804904004 1.196081755 -6.204328196 -0.002267347 0.918608291 0.263805335 0.294211509
1403637195.488318920 2.857606763 1.200471443 -6.223169275 -0.001689849 0.917391981 0.264154623 0.297676725
1403637195.538319111 2.914267857 1.201109986 -6.240749697 -0.001731123 0.915675768 0.265574638 0.301670354
1403637195.588319063 2.967434818 1.201699854 -6.260722410 -0.002164360 0.914448010 0.265170352 0.305720192
1403637195.638319016 3.021206672 1.200313649 -6.279396850 -0.002096317 0.913370535 0.264573394 0.309436247
1403637195.688318968 3.075628821 1.195270532 -6.298234409 -0.001762405 0.912599961 0.263406323 0.312690444
1403637195.738319159 3.127306046 1.189479141 -6.316735016 -0.002616100 0.912190032 0.261606327 0.315380139
1403637195.788318872 3.178548473 1.183756674 -6.333382167 -0.004677632 0.911397152 0.261604556 0.317641948
1403637195.838319063 3.228901379 1.176027296 -6.351060899 -0.009754193 0.911841742 0.257669976 0.319461541
1403637195.888319016 3.276390042 1.169048237 -6.366288853 -0.015575954 0.911929966 0.255430043 0.320775030
1403637195.938319206 3.324508234 1.159318364 -6.379534890 -0.021344692 0.912062774 0.253368210 0.321699317
1403637195.988318920 3.375920323 1.152621817 -6.392799940 -0.028959563 0.912725764 0.249580409 0.322184175
1403637196.038319111 3.427615752 1.147097731 -6.402510193 -0.035850386 0.913541442 0.245317948 0.322452923
1403637196.088319063 3.480287651 1.141185322 -6.410889050 -0.041476075 0.915198140 0.238146684 0.322456598
1403637196.138319016 3.531549640 1.137111070 -6.414234605 -0.046317954 0.917226783 0.229700112 0.322160728
1403637196.188318968 3.587859940 1.132185711 -6.417159340 -0.050361334 0.919533728 0.220004002 0.321744772
1403637196.238319159 3.644407790 1.125608638 -6.415758498 -0.051940569 0.921697633 0.211243461 0.321172620
1403637196.288318872 3.699987005 1.119975235 -6.409286259 -0.053477670 0.923540334 0.203408783 0.320684044
1403637196.338319063 3.760782263 1.115315417 -6.400538213 -0.055701597 0.925176234 0.196628380 0.319817991
1403637196.388319016 3.820909249 1.109459527 -6.385729489 -0.057111797 0.926547057 0.191418059 0.318759973
1403637196.438319206 3.881399537 1.104343779 -6.365658990 -0.057622050 0.927420592 0.188253196 0.318011760
1403637196.488318920 3.943322311 1.100024330 -6.341835253 -0.055900827 0.927695383 0.188169335 0.317566804
1403637196.538319111 4.005226392 1.095876522 -6.312155114 -0.054534149 0.927780366 0.189235271 0.316922122
1403637196.588319063 4.069244566 1.089743553 -6.276697785 -0.050683471 0.927912979 0.190196866 0.316597284
1403637196.638319016 4.132499536 1.084134176 -6.237023510 -0.048292560 0.927530583 0.193531075 0.316070513
1403637196.688318968 4.195453082 1.077413399 -6.193351776 -0.044340377 0.927229757 0.196342556 0.315798210
1403637196.738319159 4.257988934 1.072572157 -6.145937502 -0.040013958 0.927051278 0.198320823 0.315663843
1403637196.788318872 4.323551616 1.067141925 -6.094028905 -0.036004095 0.926540651 0.201880317 0.315389385
1403637196.838319063 4.389429849 1.063554376 -6.037838811 -0.035808124 0.926726634 0.202286015 0.314604342
1403637196.888319016 4.456696838 1.059833015 -5.977537051 -0.036136282 0.927594991 0.200062592 0.313427282
1403637196.938319206 4.522751885 1.055622738 -5.915283697 -0.033470107 0.927834826 0.199929012 0.313098512
1403637196.988318920 4.586366435 1.047628664 -5.847706526 -0.025249656 0.927378537 0.202238393 0.313737369
1403637197.038319111 4.647219577 1.037115390 -5.778079903 -0.018366136 0.925596062 0.206804027 0.316491246
1403637197.088319063 4.713691746 1.023307845 -5.704133900 -0.013244212 0.923294888 0.211179629 0.320553124
1403637197.138319016 4.775853144 1.008232145 -5.627481996 -0.009237806 0.920466217 0.214719871 0.326423013
1403637197.188318968 4.837318955 0.992282752 -5.550735076 -0.005892790 0.916468109 0.219724936 0.334323843
1403637197.238319159 4.897704771 0.972239317 -5.468198178 -0.004100697 0.912310095 0.222068380 0.344033588
1403637197.288318872 4.957687755 0.954605759 -5.387671352 -0.003095037 0.906680868 0.226614003 0.355761602
1403637197.338319063 5.014469525 0.932295906 -5.304702098 -0.002152363 0.900348891 0.230405165 0.369162162
1403637197.388319016 5.065345119 0.910939257 -5.223044457 -0.000387618 0.893475066 0.231730504 0.384711749
1403637197.438319206 5.116418929 0.881364741 -5.138438342 -0.000837269 0.885538399 0.233366038 0.401698065
1403637197.488318920 5.167973074 0.857620388 -5.054508726 -0.004948298 0.877149685 0.232975957 0.419888256
1403637197.538319111 5.214921661 0.827882824 -4.968855849 -0.008472554 0.867895998 0.231535407 0.439404264
1403637197.588319063 5.265140238 0.796556170 -4.883464269 -0.014723905 0.857675541 0.229545973 0.459874460
1403637197.638319016 5.314556744 0.763554713 -4.795898671 -0.018265267 0.847377310 0.226067092 0.480116387
1403637197.688318968 5.359593836 0.727541737 -4.706448359 -0.020009905 0.836684426 0.221626206 0.500440406
1403637197.738319159 5.408640381 0.687778672 -4.616657633 -0.023591152 0.826454533 0.216131326 0.519329965
1403637197.788318872 5.452930965 0.652077457 -4.532414264 -0.025991088 0.816235432 0.208185391 0.538277834
1403637197.838319063 5.501179318 0.611484467 -4.450990597 -0.029449209 0.806275188 0.198350374 0.556516123
1403637197.888319016 5.546504991 0.571787003 -4.352541367 -0.033432672 0.796901449 0.189954705 0.572492399
1403637197.938319206 5.589464041 0.527808602 -4.271242987 -0.034828259 0.786511982 0.183497463 0.588654887
1403637197.988318920 5.627332929 0.482347745 -4.176848618 -0.037201341 0.777175267 0.176556662 0.602861850
1403637198.038319111 5.670667492 0.434740572 -4.090888864 -0.037457064 0.767371037 0.171389630 0.616736780
1403637198.088319063 5.711046210 0.386996726 -3.997519275 -0.037070936 0.757927001 0.166215295 0.629718097
1403637198.138319016 5.749377519 0.334368616 -3.908552832 -0.037337907 0.748272779 0.161770106 0.642280438
1403637198.188318968 5.788486349 0.280652229 -3.809857896 -0.037372867 0.738886210 0.158338846 0.653895441
1403637198.238319159 5.825765473 0.229529312 -3.718009934 -0.038318435 0.729010838 0.155267275 0.665557637
1403637198.288318872 5.861492181 0.173896468 -3.625370006 -0.038020954 0.720373160 0.147910207 0.676564475
1403637198.338319063 5.895470317 0.107017238 -3.535877833 -0.039008872 0.710974938 0.144143192 0.687179515
1403637198.388319016 5.928441952 0.045904088 -3.427570122 -0.040203413 0.704249445 0.134833439 0.695870928
1403637198.438319206 5.958853869 -0.012280936 -3.327396474 -0.040389054 0.698276456 0.127211209 0.703275212
1403637198.488318920 5.988095480 -0.061687426 -3.223356990 -0.041244795 0.693837519 0.119633392 0.708926100
1403637198.538319111 6.016053891 -0.114113698 -3.122981896 -0.041964947 0.690548776 0.112892380 0.713187662
1403637198.588319063 6.041530811 -0.161193364 -3.013946336 -0.042747703 0.688594202 0.106649524 0.715986409
1403637198.638319016 6.066044754 -0.208597606 -2.905059193 -0.043959253 0.687251834 0.101963768 0.717882923
1403637198.688318968 6.092876612 -0.243536156 -2.790447177 -0.043326030 0.685768990 0.099686184 0.719657149
1403637198.738319159 6.114582417 -0.280107795 -2.675060608 -0.042157767 0.684430600 0.099235547 0.721061567
1403637198.788318872 6.135797902 -0.312576796 -2.555862828 -0.039925445 0.683861901 0.098065688 0.721887789
1403637198.838319063 6.157703640 -0.344462494 -2.429184100 -0.034185841 0.683984672 0.095961530 0.722348725
1403637198.888319016 6.174935891 -0.371821482 -2.306983262 -0.027181899 0.684270944 0.094175099 0.722610178
1403637198.938319206 6.189095375 -0.399627117 -2.181423917 -0.017328512 0.683529653 0.096506469 0.723307291
1403637198.988318920 6.199516603 -0.429635635 -2.050682551 -0.006313969 0.681901230 0.098084111 0.724810564
1403637199.038319111 6.206024490 -0.459925896 -1.907136902 0.001898838 0.679190883 0.101752227 0.726871806
1403637199.088319063 6.212301258 -0.493020082 -1.761384705 0.006150352 0.675274136 0.106932679 0.729748187
1403637199.138319016 6.210148582 -0.519971959 -1.634482718 0.008663275 0.669364342 0.111731725 0.734433351
1403637199.188318968 6.204908356 -0.554424875 -1.497298344 0.008898333 0.663159395 0.115816401 0.739409898
1403637199.238319159 6.197786691 -0.587953149 -1.359932413 0.008986854 0.656120797 0.117349832 0.745421863
1403637199.288318872 6.185307927 -0.624180194 -1.228316149 0.008128122 0.649152045 0.115913679 0.751731052
1403637199.338319063 6.169549324 -0.658569757 -1.100371726 0.008766560 0.640826981 0.112445134 0.759355002
1403637199.388319016 6.147078931 -0.697818284 -0.970371522 0.007622274 0.632429460 0.108032361 0.767009706
1403637199.438319206 6.127682769 -0.735189888 -0.839341500 0.008061187 0.622566423 0.103634538 0.775632612
1403637199.488318920 6.106434076 -0.775098653 -0.706061997 0.007691876 0.612738133 0.098765427 0.784052425
1403637199.538319111 6.081998137 -0.812049417 -0.571997179 0.007373633 0.601989537 0.095038661 0.792793718
1403637199.588319063 6.052717709 -0.848388267 -0.442950269 0.008111379 0.591128281 0.090884511 0.801399754
1403637199.638319016 6.020983573 -0.883215521 -0.313507106 0.012414678 0.579129618 0.089497735 0.810212884
1403637199.688318968 5.983368444 -0.918555890 -0.186689398 0.017478082 0.566235051 0.088173193 0.819327695
1403637199.738319159 5.945433288 -0.945496118 -0.059947607 0.022244755 0.552650753 0.087804205 0.828476154
1403637199.788318872 5.908769383 -0.972503490 0.072373191 0.029392547 0.537295882 0.090317617 0.838028604
1403637199.838319063 5.866763430 -0.989560367 0.201815385 0.037505766 0.520918730 0.091118995 0.847899949
1403637199.888319016 5.821987890 -1.005117510 0.329989357 0.047262352 0.503145053 0.093545279 0.857823179
1403637199.938319206 5.780187635 -1.011475824 0.457603879 0.057599622 0.484384961 0.094562217 0.867819959
1403637199.988318920 5.732647223 -1.015259262 0.580637498 0.070540257 0.465043468 0.093445750 0.877511560
1403637200.038319111 5.685341099 -1.016521629 0.699355621 0.081015155 0.445231095 0.091863334 0.886998841
1403637200.088319063 5.630232032 -1.015165461 0.815358240 0.088811755 0.426554508 0.086577162 0.895917473
1403637200.138319016 5.573668239 -1.012451793 0.917957067 0.095161580 0.407617502 0.079569355 0.904688324
1403637200.188318968 5.517771288 -1.003513520 1.019586881 0.092742782 0.390341468 0.072884560 0.913082776
1403637200.238319159 5.457799132 -0.991945252 1.114535438 0.087898639 0.373633002 0.066993298 0.920969113
1403637200.288318872 5.394261275 -0.976303886 1.203909255 0.075949603 0.361899971 0.055882317 0.927435839
1403637200.338319063 5.331682397 -0.961582951 1.287158299 0.058907859 0.351954728 0.047365235 0.932959950
1403637200.388319016 5.268396089 -0.948909350 1.368049915 0.042505422 0.342982788 0.043161903 0.937386338
1403637200.438319206 5.201626677 -0.933428730 1.441836036 0.026422496 0.335060846 0.041638564 0.940905049
1403637200.488318920 5.130886079 -0.920318972 1.513375676 0.011584103 0.329443350 0.040387534 0.943240020
1403637200.538319111 5.063977946 -0.911495305 1.582009703 0.003859497 0.322258343 0.045990217 0.945526078
1403637200.588319063 4.985905101 -0.902722404 1.650532245 0.001774717 0.317312258 0.051929939 0.946896543
1403637200.638319016 4.914310184 -0.897533524 1.712605696 -0.000676416 0.313495257 0.056851057 0.947886187
1403637200.688318968 4.844509862 -0.893274267 1.773376251 -0.001754188 0.311507312 0.060765328 0.948297259
1403637200.738319159 4.767791971 -0.887605527 1.834682603 -0.002646035 0.311136030 0.064652080 0.948160049
1403637200.788318872 4.696070313 -0.885903633 1.889629962 -0.000303896 0.311262418 0.069775976 0.947758898
1403637200.838319063 4.625906151 -0.885816282 1.941408243 0.003282137 0.313233348 0.075647819 0.946652790
1403637200.888319016 4.556511588 -0.886163390 1.991012292 0.005808426 0.316802440 0.078961931 0.945181194
1403637200.938319206 4.486768029 -0.887237518 2.037814549 0.006252478 0.321122002 0.080918375 0.943553805
1403637200.988318920 4.416892484 -0.891900252 2.085976779 0.005907039 0.326025307 0.082540970 0.941732231
1403637201.038319111 4.349962839 -0.894882485 2.125919194 0.006102443 0.331032697 0.083045039 0.939938102
1403637201.088319063 4.283458605 -0.899626502 2.162897628 0.005286246 0.335574537 0.083830521 0.938261280
1403637201.138319016 4.216981118 -0.905798120 2.197155181 0.003645244 0.340417580 0.084145871 0.936494557
1403637201.188318968 4.152121068 -0.912278445 2.229185162 0.003938059 0.344084381 0.086487513 0.934938683
1403637201.238319159 4.082613728 -0.920816330 2.260785846 0.002799670 0.347101053 0.090658502 0.933431335
1403637201.288318872 4.016984604 -0.930244836 2.287496210 0.004286352 0.349424149 0.098389702 0.931774575
1403637201.338319063 3.955369499 -0.939346840 2.311551469 0.006922461 0.350967999 0.110889011 0.929772644
1403637201.388319016 3.892645244 -0.947007320 2.333511201 0.007199714 0.353696509 0.123654647 0.927122684
1403637201.438319206 3.832296595 -0.951797371 2.353633814 0.006923580 0.356867608 0.137058760 0.924019735
1403637201.488318920 3.774385051 -0.953411744 2.371392766 0.006010078 0.360760779 0.149807893 0.920528725
1403637201.538319111 3.720256095 -0.955930163 2.385777688 0.005360744 0.364537848 0.161558570 0.917050843
1403637201.588319063 3.671539412 -0.955132358 2.397383653 0.005940176 0.367849984 0.170719033 0.914060236
1403637201.638319016 3.622940048 -0.952355732 2.407068640 0.007082378 0.370916897 0.178198245 0.911381304
1403637201.688318968 3.579154755 -0.948350142 2.412947067 0.009422660 0.374492006 0.182083574 0.909127341
1403637201.738319159 3.537520020 -0.940950848 2.416386198 0.012054938 0.379767998 0.179088502 0.907501105
1403637201.788318872 3.499780885 -0.933100213 2.415629177 0.013010228 0.385153537 0.173254909 0.906349945
1403637201.838319063 3.462905050 -0.924531669 2.412554755 0.014310863 0.389118141 0.169472161 0.905351566
1403637201.888319016 3.427784223 -0.917209424 2.407770873 0.014943869 0.392251475 0.165754085 0.904677315
1403637201.938319206 3.399072113 -0.911026662 2.394556781 0.014783529 0.393937717 0.163763981 0.904309616
1403637201.988318920 3.371094946 -0.905072039 2.378513322 0.012905757 0.393414209 0.166018315 0.904155197
1403637202.038319111 3.343013224 -0.899776798 2.358545942 0.010360083 0.391594537 0.170728268 0.904100794
1403637202.088319063 3.318269621 -0.894305504 2.335071404 0.005936815 0.388700145 0.176758083 0.904230906
1403637202.138319016 3.300525252 -0.891488043 2.307432682 -0.001268301 0.386047449 0.181196405 0.904507392
1403637202.188318968 3.284982388 -0.887865916 2.276233067 -0.010030304 0.385441590 0.180251145 0.904899828
1403637202.238319159 3.272520298 -0.883417398 2.243642563 -0.020172352 0.387576883 0.172277252 0.905371628
1403637202.288318872 3.263992994 -0.877018356 2.208725732 -0.031254497 0.390323538 0.161728830 0.905822542
1403637202.338319063 3.258355873 -0.869535195 2.173355857 -0.040389661 0.392540896 0.152773619 0.906057692
1403637202.388319016 3.256327600 -0.861153717 2.137794685 -0.047347355 0.394459782 0.144388411 0.906262487
1403637202.438319206 3.262668302 -0.850633882 2.103075880 -0.050790806 0.395795031 0.138066186 0.906479076
1403637202.488318920 3.265964347 -0.841984238 2.068932756 -0.049935498 0.396851367 0.133244702 0.906786242
1403637202.538319111 3.271558291 -0.834632600 2.035213070 -0.047332712 0.397663634 0.129352346 0.907133518
1403637202.588319063 3.279244884 -0.829697222 2.001389679 -0.042629105 0.398003018 0.126900345 0.907564135
1403637202.638319016 3.289762482 -0.826952069 1.967702485 -0.037311557 0.398776532 0.123111400 0.907980566
1403637202.688318968 3.300416108 -0.825235729 1.933351294 -0.033847188 0.399734885 0.119170085 0.908220722
1403637202.738319159 3.311003538 -0.825347076 1.898242182 -0.030093633 0.400574192 0.115082504 0.908510158
1403637202.788318872 3.324046315 -0.826327835 1.862245395 -0.030022875 0.402169460 0.108970288 0.908561406
1403637202.838319063 3.337149176 -0.826723960 1.827150238 -0.030482361 0.404035765 0.103160600 0.908396289
1403637202.888319016 3.351742642 -0.825938010 1.792372046 -0.031903183 0.405861441 0.097552473 0.908153177
1403637202.938319206 3.366081190 -0.823991706 1.758350257 -0.033297964 0.407426041 0.092643163 0.907916577
1403637202.988318920 3.379888594 -0.820739808 1.725764482 -0.034547982 0.408741475 0.089108440 0.907632376
1403637203.038319111 3.396885411 -0.815852570 1.691782385 -0.035022970 0.409404511 0.087028489 0.907517151
1403637203.088319063 3.410479698 -0.810542144 1.660843722 -0.034856715 0.409700017 0.086669667 0.907424528
1403637203.138319016 3.423293616 -0.805121950 1.630910113 -0.033370080 0.409425826 0.088226411 0.907454148
1403637203.188318968 3.436118998 -0.797992492 1.601799681 -0.034445736 0.410236753 0.086451546 0.907218512
1403637203.238319159 3.448533213 -0.790121196 1.573834137 -0.033517808 0.410886869 0.085922259 0.907009318
1403637203.288318872 3.460989879 -0.782211488 1.546684299 -0.033449321 0.411530862 0.085035445 0.906803433
1403637203.338319063 3.472355442 -0.774654771 1.520880322 -0.033105468 0.411866644 0.084631307 0.906701405
1403637203.388319016 3.483702417 -0.765786569 1.495693683 -0.032580936 0.411850774 0.085742457 0.906623215
1403637203.438319206 3.495705173 -0.756525519 1.471027239 -0.033340879 0.412418900 0.084976787 0.906409390
1403637203.488318920 3.505046684 -0.745799868 1.448780069 -0.033244312 0.412738707 0.085058558 0.906259685
1403637203.538319111 3.521464188 -0.735537419 1.427524017 -0.032981576 0.413041048 0.084048703 0.906225758
1403637203.588319063 3.532173108 -0.723993486 1.405699665 -0.032845331 0.413793461 0.082548620 0.906025320
1403637203.638319016 3.542503274 -0.713582514 1.383720907 -0.033606175 0.414772992 0.080771275 0.905709662
1403637203.688318968 3.550735556 -0.699677641 1.364924375 -0.033178708 0.414992191 0.081014811 0.905603255
1403637203.738319159 3.558574680 -0.685710654 1.346890685 -0.031907604 0.415487450 0.081223350 0.905403143
1403637203.788318872 3.566596680 -0.670872232 1.329301445 -0.031700289 0.415817040 0.081523550 0.905232120
1403637203.838319063 3.572552594 -0.655411355 1.313574905 -0.031328198 0.416061938 0.081891961 0.905099284
1403637203.888319016 3.579702050 -0.639831272 1.297634064 -0.030868249 0.416385827 0.081439094 0.905006999
1403637203.938319206 3.582395725 -0.624118244 1.283215823 -0.030498649 0.416830973 0.081248892 0.904831692
1403637203.988318920 3.587932374 -0.606857764 1.269546960 -0.030870345 0.417117484 0.081180845 0.904693151
1403637204.038319111 3.595554410 -0.590904765 1.256570711 -0.031404413 0.417497630 0.080744182 0.904538484
1403637204.088319063 3.599936003 -0.575519295 1.243627010 -0.030979162 0.417509684 0.081676778 0.904463852
1403637204.138319016 3.603057480 -0.562372465 1.230514130 -0.031053449 0.417739630 0.081375701 0.904382264
1403637204.188318968 3.604450871 -0.550650903 1.217622037 -0.031416563 0.417802363 0.082097076 0.904275542
1403637204.238319159 3.605059081 -0.541636120 1.205503321 -0.031506686 0.418295746 0.081456959 0.904102185
1403637204.288318872 3.605313252 -0.533965194 1.193232409 -0.032362500 0.418232479 0.083064867 0.903954916
1403637204.338319063 3.604914115 -0.529616664 1.181052450 -0.031301706 0.417963516 0.084343591 0.903998264
1403637204.388319016 3.603958148 -0.527963902 1.168889249 -0.028893068 0.417766670 0.086463012 0.903969218
1403637204.438319206 3.603075311 -0.527666582 1.156247795 -0.026604443 0.418593739 0.086029483 0.903698187
1403637204.488318920 3.600957145 -0.530345527 1.143780348 -0.022060667 0.418614016 0.088183667 0.903603493
1403637204.538319111 3.597957158 -0.533675265 1.130570669 -0.020314529 0.419347498 0.088432165 0.903279994
1403637204.588319063 3.594647528 -0.537499442 1.116387277 -0.020417267 0.420141171 0.089545152 0.902799090
1403637204.638319016 3.590676931 -0.542617916 1.102017978 -0.021314843 0.420941003 0.090688077 0.902291539
1403637204.688318968 3.585803766 -0.548662515 1.087950201 -0.023595523 0.422558890 0.089612079 0.901585776
1403637204.738319159 3.580916414 -0.554978978 1.073429558 -0.023854028 0.423191431 0.090577242 0.901185753
1403637204.788318872 3.575256459 -0.559537117 1.059868486 -0.025857569 0.424172906 0.091133920 0.900612758
1403637204.838319063 3.568910699 -0.562643133 1.047319101 -0.027036152 0.424603321 0.092717256 0.900213628
1403637204.888319016 3.562626696 -0.563223032 1.034817999 -0.028155477 0.425464787 0.092574677 0.899787149
1403637204.938319206 3.556205269 -0.563465137 1.024213678 -0.030242786 0.425815552 0.093222565 0.899486544
1403637204.988318920 3.549778192 -0.561773812 1.013477230 -0.033434856 0.425830488 0.094774495 0.899204260
1403637205.038319111 3.543220977 -0.558355493 1.003368737 -0.036525120 0.425717112 0.095932615 0.899014900
1403637205.088319063 3.540393103 -0.554944778 0.993850424 -0.038650404 0.425467393 0.096582741 0.898974648
1403637205.138319016 3.534079639 -0.550174460 0.985786112 -0.038817449 0.425452114 0.096830121 0.898948070
1403637205.188318968 3.528247622 -0.544981500 0.978628282 -0.039206455 0.425447474 0.096024907 0.899019754
1403637205.238319159 3.521950321 -0.538620025 0.972884329 -0.040025730 0.423988694 0.096009758 0.899674193
1403637205.288318872 3.516512935 -0.532779674 0.967261459 -0.041001709 0.421542888 0.095235075 0.900861107
1403637205.338319063 3.510106766 -0.528012115 0.963430507 -0.040515837 0.418360354 0.093319796 0.902565508
1403637205.388319016 3.504117099 -0.524120546 0.959588681 -0.040804932 0.415395576 0.091445531 0.904112376
1403637205.438319206 3.497707605 -0.522257359 0.955640353 -0.040204444 0.412791048 0.088977140 0.905577287
1403637205.488318920 3.491468084 -0.522444754 0.952382433 -0.038085444 0.410058095 0.086494979 0.907149644
1403637205.538319111 3.484785688 -0.523366213 0.948882735 -0.035462280 0.407504037 0.084107345 0.908630200
1403637205.588319063 3.478314273 -0.524411581 0.945462319 -0.034234111 0.405540708 0.081638526 0.909780144
1403637205.638319016 3.471643453 -0.524704305 0.943773104 -0.032728360 0.403547633 0.080630874 0.910811081
1403637205.688318968 3.465233513 -0.522738636 0.942469707 -0.032445917 0.402141409 0.079503918 0.911541923
1403637205.738319159 3.457949491 -0.519155815 0.942478447 -0.032518703 0.400701440 0.079764522 0.912150487
1403637205.788318872 3.450590722 -0.513618292 0.943120237 -0.032462685 0.399744211 0.079309590 0.912612036
1403637205.838319063 3.442808106 -0.507477518 0.944184356 -0.032920308 0.399235420 0.078714249 0.912869870
1403637205.888319016 3.434127364 -0.499503481 0.946197631 -0.032608816 0.398423428 0.079307710 0.913184387
1403637205.938319206 3.425611786 -0.491891467 0.948800094 -0.032308050 0.398094438 0.079293910 0.913339742
1403637205.988318920 3.416796197 -0.485283455 0.951370142 -0.031979110 0.397761809 0.078653716 0.913551571
1403637206.038319111 3.407475731 -0.480122008 0.953972723 -0.031258352 0.397197820 0.079190845 0.913775474
1403637206.088319063 3.396236962 -0.476160333 0.957471356 -0.030446173 0.396586798 0.080469290 0.913956583
1403637206.138319016 3.389115536 -0.476450981 0.960994809 -0.029227341 0.395237117 0.083685376 0.914292154
1403637206.188318968 3.377026737 -0.476485579 0.963997461 -0.027065717 0.393492291 0.088062942 0.914700050
1403637206.238319159 3.367306576 -0.480145317 0.963827716 -0.026366185 0.392404979 0.090303879 0.914969052
1403637206.288318872 3.356412838 -0.485145392 0.964114804 -0.024795580 0.391724254 0.092220896 0.915113432
1403637206.338319063 3.344924230 -0.491358385 0.964010239 -0.023341684 0.391417112 0.093696432 0.915133208
1403637206.388319016 3.333708653 -0.498765095 0.962974299 -0.023254129 0.391251560 0.093748580 0.915200888
1403637206.438319206 3.322676521 -0.507873177 0.960680955 -0.023456838 0.391360568 0.094060436 0.915117106
1403637206.488318920 3.312200009 -0.517271741 0.958359321 -0.023404375 0.391604755 0.093654439 0.915055625
1403637206.538319111 3.301392820 -0.526155958 0.955798805 -0.023053879 0.391917177 0.093686024 0.914927524
1403637206.588319063 3.290669096 -0.532976239 0.953239704 -0.023307361 0.392512760 0.092844092 0.914751592
1403637206.638319016 3.280396388 -0.538942694 0.950613027 -0.023815790 0.393138953 0.091839682 0.914570962
1403637206.688318968 3.269899211 -0.543243889 0.948434353 -0.024440738 0.394060360 0.090548416 0.914286644
1403637206.738319159 3.259441799 -0.545440269 0.946369338 -0.024168429 0.394661959 0.089689643 0.914119026
1403637206.788318872 3.249662779 -0.547085367 0.944595868 -0.023495155 0.395371761 0.088525762 0.913943290
1403637206.838319063 3.239358597 -0.545780928 0.943513735 -0.023522050 0.395922199 0.087996449 0.913755411
1403637206.888319016 3.228366485 -0.547638812 0.941059563 -0.022573756 0.396516452 0.087423796 0.913576602
1403637206.938319206 3.216689147 -0.550493867 0.938212476 -0.020889507 0.396655675 0.087184952 0.913579054
1403637206.988318920 3.205079338 -0.554200394 0.934464402 -0.020523072 0.397144532 0.087123938 0.913380777
1403637207.038319111 3.192682833 -0.560093270 0.930159836 -0.020119228 0.397725610 0.087175250 0.913131990
1403637207.088319063 3.180923918 -0.565428784 0.925455650 -0.020677279 0.398049802 0.087889260 0.912909789
1403637207.138319016 3.168588834 -0.569982418 0.920376157 -0.019263015 0.398770641 0.087905497 0.912624532
1403637207.188318968 3.155378861 -0.571405277 0.917900177 -0.019195908 0.399561733 0.088273524 0.912244333
1403637207.238319159 3.142459412 -0.572976967 0.912952417 -0.017525001 0.400114151 0.088196743 0.912043242
1403637207.288318872 3.129013969 -0.571604076 0.908132976 -0.017928153 0.400572691 0.088905785 0.911765245
1403637207.338319063 3.115121973 -0.568319242 0.903525975 -0.018219194 0.400966610 0.089547630 0.911523483
1403637207.388319016 3.101623704 -0.563765696 0.899294009 -0.018408756 0.401463286 0.089282361 0.911327059
1403637207.438319206 3.087527272 -0.558041561 0.894608795 -0.018254750 0.402011814 0.089345568 0.911082123
1403637207.488318920 3.072835698 -0.550040199 0.890411341 -0.018578749 0.402408037 0.090035018 0.910832749
1403637207.538319111 3.058012668 -0.540501015 0.886159176 -0.020141468 0.402402021 0.091808199 0.910625164
1403637207.588319063 3.041709411 -0.529662897 0.882122170 -0.022299672 0.401538759 0.096555136 0.910464966
1403637207.638319016 3.024939072 -0.519400187 0.877304933 -0.026489612 0.399652481 0.103770365 0.910388876
1403637207.688318968 3.010098796 -0.512384339 0.871527694 -0.029919316 0.398336321 0.109166049 0.910228424
1403637207.738319159 2.995926229 -0.507002046 0.864640299 -0.032424079 0.398049049 0.110873619 0.910061907
1403637207.788318872 2.984127401 -0.504348478 0.856644650 -0.032798856 0.398632014 0.109752676 0.909929174
1403637207.838319063 2.972801009 -0.504446641 0.847906869 -0.032546688 0.399804247 0.107223532 0.909725448
1403637207.888319016 2.962344505 -0.506353146 0.838411647 -0.032443726 0.401304053 0.103727391 0.909474073
1403637207.938319206 2.952215497 -0.511101648 0.828766498 -0.031527295 0.402534035 0.100566378 0.909317757
1403637207.988318920 2.942624857 -0.517581068 0.818282205 -0.030950373 0.403562223 0.098037226 0.909158022
1403637208.038319111 2.932827796 -0.525924980 0.807085679 -0.030924566 0.404543009 0.095630438 0.908979342
1403637208.088319063 2.922124641 -0.536120176 0.796738270 -0.031330705 0.405470626 0.093927915 0.908729611
1403637208.138319016 2.912238129 -0.547286998 0.785571167 -0.031938405 0.406033731 0.092871107 0.908565630
1403637208.188318968 2.901739496 -0.560788180 0.774376859 -0.031289604 0.407041993 0.090770401 0.908349333
1403637208.238319159 2.893593169 -0.572422429 0.765004391 -0.032398339 0.407373645 0.091378601 0.908100772
1403637208.288318872 2.883206957 -0.584865577 0.755162476 -0.030396909 0.406549660 0.095844563 0.908078863
1403637208.338319063 2.873495197 -0.595768164 0.745056668 -0.027692068 0.405775978 0.100089241 0.908053494
1403637208.388319016 2.864174586 -0.604270604 0.735120714 -0.025528579 0.405287025 0.103199412 0.907987115
1403637208.438319206 2.855923901 -0.611030083 0.725375476 -0.024117999 0.405864037 0.103604299 0.907721794
1403637208.488318920 2.847823209 -0.614115178 0.716599226 -0.024039167 0.406475160 0.103093399 0.907508575
1403637208.538319111 2.840867501 -0.617875326 0.706905407 -0.023204005 0.407251097 0.101754238 0.907333562
1403637208.588319063 2.833796499 -0.618316198 0.697882195 -0.024101347 0.408588331 0.099157994 0.906996358
1403637208.638319016 2.826733701 -0.618449584 0.688639444 -0.024478459 0.409369723 0.097148333 0.906851386
1403637208.688318968 2.819950319 -0.616276589 0.680082909 -0.024926257 0.410436681 0.094664639 0.906619556
1403637208.738319159 2.813107689 -0.614193956 0.671161042 -0.024176986 0.410983943 0.093114322 0.906552478
1403637208.788318872 2.805983185 -0.610334859 0.662405475 -0.023349453 0.411338486 0.092093758 0.906517618
1403637208.838319063 2.799032246 -0.605350812 0.653772133 -0.023458691 0.411728575 0.091212678 0.906426786
1403637208.888319016 2.790762125 -0.598303640 0.644887636 -0.024736407 0.412460395 0.089462520 0.906234512
1403637208.938319206 2.783495369 -0.589994351 0.636504460 -0.026860264 0.413956376 0.084761015 0.905943826
1403637208.988318920 2.774850065 -0.579272897 0.629327046 -0.029941257 0.416091366 0.078945647 0.905394434
1403637209.038319111 2.765367172 -0.566439534 0.623578763 -0.032845293 0.418150725 0.072989603 0.904844559
1403637209.088319063 2.755863553 -0.554488576 0.618333181 -0.035508767 0.419167478 0.067485655 0.904700746
1403637209.138319016 2.744993902 -0.543730291 0.614370838 -0.035888410 0.417801122 0.063654159 0.905595049
1403637209.188318968 2.732974087 -0.534805707 0.611944705 -0.036626021 0.412395790 0.065202458 0.907930001
1403637209.238319159 2.718218613 -0.526814780 0.609634923 -0.035675321 0.404549579 0.069602995 0.911165371
1403637209.288318872 2.706079150 -0.520468309 0.608835251 -0.037540849 0.395785183 0.073804904 0.914602433
1403637209.338319063 2.689192132 -0.516849716 0.606688686 -0.039520539 0.387773983 0.076519517 0.917722305
1403637209.388319016 2.673990094 -0.515083342 0.604153028 -0.042913290 0.380917378 0.078103952 0.920304392
1403637209.438319206 2.657815057 -0.515026368 0.601872212 -0.047007791 0.375243717 0.079013539 0.922355290
1403637209.488318920 2.642906460 -0.517153407 0.599695175 -0.053723422 0.369796891 0.080333427 0.924072829
1403637209.538319111 2.627400534 -0.519195748 0.598178289 -0.062155986 0.365025375 0.081383839 0.925348464
1403637209.588319063 2.613575201 -0.523830980 0.598185107 -0.071619542 0.360740713 0.082806703 0.926218025
1403637209.638319016 2.598538101 -0.528880221 0.600416840 -0.079733114 0.356981172 0.084578125 0.926851452
1403637209.688318968 2.588229305 -0.538398453 0.604988909 -0.085654795 0.353855660 0.086110385 0.927380412
1403637209.738319159 2.579961570 -0.550779828 0.609528202 -0.090046924 0.351215186 0.087509656 0.927837003
1403637209.788318872 2.570985957 -0.564496098 0.616839507 -0.092834006 0.349800920 0.088079685 0.928042635
1403637209.838319063 2.564401907 -0.578905327 0.627436447 -0.095481910 0.348900213 0.088604870 0.928063049
1403637209.888319016 2.560306217 -0.592668473 0.639575643 -0.097773386 0.347577721 0.090910509 0.928097717
1403637209.938319206 2.557288422 -0.604881607 0.655395663 -0.101411015 0.346929390 0.092742953 0.927768586
1403637209.988318920 2.556538740 -0.613241740 0.673458644 -0.106342592 0.346292888 0.094061149 0.927321406
1403637210.038319111 2.557617990 -0.618128160 0.694497613 -0.112476174 0.345681429 0.095776244 0.926650080
1403637210.088319063 2.559776159 -0.619774365 0.720601286 -0.118494744 0.345521236 0.097369148 0.925793346
1403637210.138319016 2.565852933 -0.618384272 0.750098077 -0.123665583 0.344751160 0.100434808 0.925076381
1403637210.188318968 2.571739712 -0.614052443 0.784193526 -0.129643675 0.344311878 0.102612900 0.924182039
1403637210.238319159 2.583543006 -0.607873073 0.822821655 -0.134635957 0.343832879 0.104537191 0.923430607
1403637210.288318872 2.596675343 -0.603977815 0.863821028 -0.138918719 0.343555555 0.105494583 0.922790368
1403637210.338319063 2.613732176 -0.602227856 0.908601679 -0.141115861 0.343109605 0.106791148 0.922473720
1403637210.388319016 2.634934527 -0.601733897 0.957853931 -0.143051540 0.342836185 0.107588976 0.922184482
1403637210.438319206 2.659555097 -0.603463356 1.011338056 -0.141417179 0.342895931 0.106893744 0.922495143
1403637210.488318920 2.687322090 -0.607322466 1.069509857 -0.135958487 0.343681933 0.104128519 0.923339196
1403637210.538319111 2.717840298 -0.612936171 1.130414485 -0.128161162 0.344346972 0.101045608 0.924548357
1403637210.588319063 2.749150740 -0.617828943 1.195748110 -0.120790305 0.344773375 0.099142068 0.925587312
1403637210.638319016 2.786288760 -0.625092158 1.264952286 -0.113202111 0.344783386 0.097766859 0.926688373
1403637210.688318968 2.822145782 -0.629003682 1.336177692 -0.107223353 0.344853570 0.096095907 0.927547705
1403637210.738319159 2.860979351 -0.634937668 1.409004282 -0.103073458 0.344259390 0.095989674 0.928249599
1403637210.788318872 2.901764808 -0.640991985 1.482924193 -0.097674190 0.342376247 0.099883165 0.929118728
1403637210.838319063 2.943429774 -0.645960541 1.561626326 -0.092402189 0.341150165 0.102908576 0.929778590
1403637210.888319016 2.986921160 -0.651714088 1.641487414 -0.086562539 0.339853437 0.106903251 0.930364586
1403637210.938319206 3.033929680 -0.658228278 1.723418016 -0.077986052 0.338667542 0.110329578 0.931155119
1403637210.988318920 3.082670583 -0.664797503 1.806414414 -0.069322322 0.338297907 0.111857463 0.931792278
1403637211.038319111 3.133370756 -0.669795831 1.889622976 -0.060539029 0.338305016 0.112906699 0.932275077
1403637211.088319063 3.185035869 -0.674325074 1.970943289 -0.052600064 0.338271068 0.114795470 0.932538427
1403637211.138319016 3.237217541 -0.676153766 2.052884656 -0.049100206 0.339589384 0.113020674 0.932466915
1403637211.188318968 3.292293229 -0.677833917 2.134693811 -0.047101874 0.342272636 0.107744438 0.932213490
1403637211.238319159 3.347244243 -0.679087844 2.217084468 -0.043754841 0.344939676 0.102643413 0.931969132
1403637211.288318872 3.406078742 -0.680386251 2.298052911 -0.039707051 0.348121677 0.097056056 0.931565763
1403637211.338319063 3.467505556 -0.682471616 2.377698560 -0.035257406 0.350949383 0.092550883 0.931142191
1403637211.388319016 3.525243117 -0.681505344 2.458919270 -0.030997663 0.353210214 0.089283649 0.930757820
1403637211.438319206 3.582008050 -0.678214382 2.538838324 -0.028949249 0.354870724 0.087380496 0.930372699
1403637211.488318920 3.642535713 -0.675156745 2.617890030 -0.027737925 0.355762855 0.086873292 0.930116353
1403637211.538319111 3.699517750 -0.671251493 2.694209085 -0.029501253 0.355654920 0.088610988 0.929939432
1403637211.588319063 3.755982876 -0.668768827 2.769096081 -0.032167325 0.355641002 0.090452747 0.929678999
1403637211.638319016 3.816531446 -0.664939579 2.843338039 -0.034181053 0.354849055 0.092348054 0.929723422
1403637211.688318968 3.873390974 -0.665997527 2.916574929 -0.035411370 0.354068828 0.094788409 0.929729239
1403637211.738319159 3.929910786 -0.668356911 2.989024309 -0.040078089 0.352483356 0.099779601 0.929619955
1403637211.788318872 3.986844971 -0.674132093 3.060685878 -0.044028899 0.350402951 0.106175528 0.929519223
1403637211.838319063 4.045598949 -0.680081633 3.130120559 -0.046772404 0.348114402 0.113209440 0.929415046
1403637211.888319016 4.105202530 -0.689362105 3.197113524 -0.049628360 0.347266428 0.116392435 0.929190968
1403637211.938319206 4.165925488 -0.698173733 3.266039801 -0.051105359 0.347767175 0.115831653 0.928993683
1403637211.988318920 4.232656103 -0.708964926 3.334893487 -0.050480504 0.348846526 0.112454233 0.929038140
1403637212.038319111 4.298814377 -0.724795347 3.402706493 -0.047792785 0.351272028 0.106353506 0.928984792
1403637212.088319063 4.362242785 -0.741912260 3.469019391 -0.041429485 0.353728042 0.100271561 0.929034813
1403637212.138319016 4.427163810 -0.761921316 3.534217468 -0.034188143 0.355434186 0.095064870 0.929225689
1403637212.188318968 4.491711098 -0.781335911 3.598666848 -0.028070391 0.357514133 0.090146866 0.929122834
1403637212.238319159 4.553263948 -0.801396672 3.661427251 -0.023071735 0.358986322 0.087185546 0.928975347
1403637212.288318872 4.620988236 -0.822812825 3.721179791 -0.020503989 0.359810889 0.084844011 0.928933369
1403637212.338319063 4.684225380 -0.845954214 3.780290584 -0.017619362 0.360694793 0.083528404 0.928768986
1403637212.388319016 4.747733025 -0.869495480 3.837140590 -0.016243791 0.361566195 0.082775119 0.928522647
1403637212.438319206 4.809172410 -0.893460403 3.893937538 -0.015686663 0.362715385 0.081678134 0.928181103
1403637212.488318920 4.869274095 -0.917663235 3.948183643 -0.018149799 0.363212237 0.082264869 0.927890051
1403637212.538319111 4.930006717 -0.944957867 4.000208038 -0.022237871 0.363687740 0.083580273 0.927497193
1403637212.588319063 4.987669916 -0.971494334 4.052558200 -0.026492150 0.364021942 0.085637638 0.927066549
1403637212.638319016 5.049630075 -0.999064950 4.104315988 -0.032001626 0.364406352 0.087193564 0.926596562
1403637212.688318968 5.108024177 -1.026137590 4.155145961 -0.036430206 0.364269182 0.088970532 0.926318005
1403637212.738319159 5.166476118 -1.053878839 4.205036026 -0.040094120 0.364868071 0.088553399 0.925970868
1403637212.788318872 5.226907229 -1.082272259 4.254950738 -0.041828993 0.365174626 0.087745923 0.925850139
1403637212.838319063 5.285746722 -1.111792989 4.304303056 -0.045145441 0.365462067 0.087464442 0.925607551
1403637212.888319016 5.345739823 -1.139987519 4.353951326 -0.046294496 0.365887424 0.085655372 0.925551927
1403637212.938319206 5.404340989 -1.169246091 4.406140319 -0.047375415 0.366418828 0.083231212 0.925508173
1403637212.988318920 5.462760321 -1.198813432 4.456100199 -0.048225757 0.366293443 0.081128835 0.925700547
1403637213.038319111 5.519816041 -1.230175622 4.506121852 -0.048667933 0.365613573 0.081002326 0.925957219
1403637213.088319063 5.576260600 -1.259956718 4.556173781 -0.047878913 0.364315191 0.082347516 0.926391353
1403637213.138319016 5.633069258 -1.287896732 4.609022415 -0.048200031 0.362834194 0.084246941 0.926785066
1403637213.188318968 5.690339996 -1.314610363 4.661344599 -0.047678552 0.361328135 0.085930473 0.927245754
1403637213.238319159 5.749603346 -1.339349046 4.714760907 -0.046808942 0.360358420 0.086512626 0.927613226
1403637213.288318872 5.805722742 -1.362892325 4.768139042 -0.046691673 0.359537631 0.087440909 0.927850563
1403637213.338319063 5.859929420 -1.385589913 4.822279941 -0.045416714 0.359585365 0.086936302 0.927942761
1403637213.388319016 5.917526946 -1.406680508 4.876689017 -0.044174421 0.359658630 0.085626097 0.928096149
1403637213.438319206 5.976413905 -1.427465236 4.931137535 -0.041861620 0.359707751 0.084695525 0.928269684
1403637213.488318920 6.033965646 -1.446426927 4.986938741 -0.040186217 0.360316588 0.083231531 0.928240021
1403637213.538319111 6.088546686 -1.464976411 5.040688769 -0.038858267 0.360838254 0.081091607 0.928283330
1403637213.588319063 6.144819901 -1.482644598 5.093873038 -0.039144582 0.363147826 0.073765619 0.927981676
1403637213.638319016 6.201976139 -1.498963234 5.147256548 -0.040577285 0.364754514 0.068132001 0.927720680
1403637213.688318968 6.256753967 -1.512311619 5.203713619 -0.043952923 0.366387619 0.062555915 0.927316025
1403637213.738319159 6.307553206 -1.523797405 5.260285866 -0.045736957 0.367676822 0.058127761 0.927007578
1403637213.788318872 6.361135975 -1.535964704 5.317185924 -0.049094462 0.368036261 0.056085267 0.926819015
1403637213.838319063 6.412909566 -1.548461306 5.374176111 -0.050726313 0.367969320 0.054356085 0.926860743
1403637213.888319016 6.464763970 -1.557665544 5.432122519 -0.051857385 0.367944263 0.052728166 0.926902137
1403637213.938319206 6.513240449 -1.565704060 5.493648017 -0.053309033 0.367800351 0.052308951 0.926900654
1403637213.988318920 6.561271108 -1.577012994 5.554947105 -0.050938317 0.367707882 0.050222723 0.927186001
1403637214.038319111 6.607122053 -1.586839868 5.618696929 -0.046961058 0.365749872 0.049305528 0.928219077
1403637214.088319063 6.648027158 -1.601456829 5.680666921 -0.041739781 0.361859725 0.049591011 0.929976377
1403637214.138319016 6.690345772 -1.620313945 5.738981588 -0.036843656 0.355981554 0.052830198 0.932270695
1403637214.188318968 6.732981678 -1.638042668 5.805996476 -0.032088024 0.349442509 0.054080653 0.934845214
1403637214.238319159 6.770747660 -1.656208873 5.868294362 -0.028519851 0.342704623 0.053220197 0.937500811
1403637214.288318872 6.806172868 -1.676432182 5.930262032 -0.025174879 0.335547543 0.049942572 0.940361532
1403637214.338319063 6.841661236 -1.697654938 5.989226985 -0.021545382 0.326827023 0.045681742 0.943733581
1403637214.388319016 6.876012700 -1.719476302 6.047103359 -0.018533222 0.317690885 0.037763537 0.947260754
1403637214.438319206 6.906750190 -1.740345639 6.107105882 -0.017559772 0.308041761 0.027700521 0.950807346
1403637214.488318920 6.932874147 -1.762035516 6.165581011 -0.016987660 0.297633977 0.017376155 0.954370737
1403637214.538319111 6.956328897 -1.789211194 6.220340259 -0.016612852 0.287196320 0.006613190 0.957704836
1403637214.588319063 6.978734400 -1.818946138 6.274130303 -0.016904856 0.277770240 -0.004026183 0.960490348
1403637214.638319016 6.996330910 -1.845902387 6.329986928 -0.015684775 0.269584533 -0.015106867 0.962730466
1403637214.688318968 7.012709387 -1.872898502 6.385774350 -0.014331214 0.262451371 -0.025087060 0.964512589
1403637214.738319159 7.023762252 -1.901376293 6.440054990 -0.013904313 0.257140757 -0.035107246 0.965635947
1403637214.788318872 7.031150428 -1.933653746 6.490938899 -0.012330167 0.251896638 -0.041348386 0.966791788
1403637214.838319063 7.032075940 -1.963899403 6.543394997 -0.011650769 0.247513941 -0.044375895 0.967797442
1403637214.888319016 7.027341123 -1.994657535 6.593646860 -0.011533387 0.244101462 -0.045796569 0.968599056
1403637214.938319206 7.023104787 -2.023796571 6.643612976 -0.010740023 0.241287217 -0.046570840 0.969276167
1403637214.988318920 7.014601219 -2.050686543 6.692123192 -0.008875190 0.239197009 -0.046707348 0.969806396
1403637215.038319111 7.000818518 -2.074355828 6.741107365 -0.007042601 0.237610917 -0.046177240 0.970236629
1403637215.088319063 6.983389186 -2.098418242 6.789589674 -0.004395760 0.237069735 -0.046515542 0.970368447
1403637215.138319016 6.962259563 -2.120710706 6.839066612 -0.001916245 0.236833134 -0.046611831 0.970429664
1403637215.188318968 6.939738767 -2.141318978 6.888732135 0.000685869 0.236508788 -0.045837944 0.970547271
1403637215.238319159 6.909452609 -2.159561795 6.935100173 0.003429915 0.235248416 -0.042386997 0.971004511
1403637215.288318872 6.878727169 -2.175331429 6.978630087 0.005585028 0.232415176 -0.039369552 0.971803494
1403637215.338319063 6.841688271 -2.189770134 7.022551640 0.009507867 0.227734805 -0.035502232 0.973029316
1403637215.388319016 6.804617289 -2.205092665 7.061159798 0.013901832 0.221726018 -0.033001675 0.974451231
1403637215.438319206 6.755873552 -2.214349509 7.105259879 0.021108269 0.213473127 -0.028768937 0.976297093
1403637215.488318920 6.705265769 -2.225948233 7.145996592 0.028551824 0.204052579 -0.026465299 0.978185528
1403637215.538319111 6.655599387 -2.240028262 7.180290791 0.033525639 0.193714504 -0.025835286 0.980144510
1403637215.588319063 6.597540898 -2.253647802 7.210905773 0.035277917 0.182886748 -0.026057189 0.982155247
1403637215.638319016 6.545894644 -2.271603989 7.235417585 0.034747852 0.169942966 -0.026289916 0.984490130
1403637215.688318968 6.488044554 -2.282838258 7.256843709 0.032626722 0.156876215 -0.029567674 0.986636257
1403637215.738319159 6.429121250 -2.288585706 7.276606333 0.025856857 0.143076236 -0.031930290 0.988858468
1403637215.788318872 6.364550830 -2.298195118 7.290554267 0.017771042 0.128771262 -0.033516794 0.990948423
1403637215.838319063 6.297155582 -2.311250676 7.303432137 0.009563570 0.114699481 -0.035069618 0.992734954
1403637215.888319016 6.234596647 -2.319324177 7.311025583 0.003711750 0.100727596 -0.036174200 0.994249265
1403637215.938319206 6.172343520 -2.334770935 7.317243638 -0.001322324 0.087725767 -0.035859794 0.995498125
1403637215.988318920 6.099607754 -2.348024675 7.323173138 -0.006188077 0.076659864 -0.035300735 0.996412982
1403637216.038319111 6.028766626 -2.357371000 7.324014102 -0.007759073 0.065005109 -0.033865697 0.997279924
1403637216.088319063 5.959609267 -2.372416123 7.323624264 -0.010189480 0.053606933 -0.033507969 0.997947738
1403637216.138319016 5.888234589 -2.385052080 7.319509556 -0.011389156 0.043049886 -0.032914728 0.998465630
1403637216.188318968 5.822196822 -2.397895788 7.316336273 -0.011170758 0.033784178 -0.032507656 0.998837873
1403637216.238319159 5.753528853 -2.408362417 7.314330868 -0.011668934 0.026233855 -0.031282230 0.999098115
1403637216.288318872 5.685433748 -2.417257808 7.310379252 -0.010131511 0.020040545 -0.029591537 0.999309797
1403637216.338319063 5.617154085 -2.427158589 7.306433304 -0.008465159 0.015899971 -0.028960529 0.999418241
1403637216.388319016 5.553703190 -2.435976823 7.297700518 -0.004957868 0.012469487 -0.028376393 0.999507234
1403637216.438319206 5.493906015 -2.441619734 7.292965493 0.000022450 0.010185404 -0.028371915 0.999545542
1403637216.488318920 5.429476880 -2.443231099 7.283090228 0.004021586 0.009050618 -0.029074111 0.999528193
1403637216.538319111 5.369828403 -2.448084806 7.272990758 0.008282057 0.008258012 -0.028698924 0.999519677
1403637216.588319063 5.307645653 -2.445724548 7.258842240 0.010839742 0.007177743 -0.026181685 0.999572658
1403637216.638319016 5.242324110 -2.441141411 7.249329657 0.013887962 0.007025583 -0.023740867 0.999596987
1403637216.688318968 5.181064712 -2.437840830 7.232606282 0.018412434 0.006773009 -0.020362988 0.999600149
1403637216.738319159 5.121113304 -2.433204712 7.214795493 0.023683768 0.007240305 -0.018492072 0.999522236
1403637216.788318872 5.061584970 -2.428084357 7.193377515 0.028401126 0.008482322 -0.017926798 0.999399848
1403637216.838319063 5.005311365 -2.422519540 7.169398243 0.032828517 0.010180303 -0.018868381 0.999231021
1403637216.888319016 4.953042583 -2.416862902 7.141377543 0.036581871 0.011983707 -0.020298886 0.999052608
1403637216.938319206 4.901888939 -2.411450000 7.107299561 0.038661616 0.014149585 -0.022300290 0.998903281
1403637216.988318920 4.844483737 -2.403462332 7.073739471 0.037601722 0.016328418 -0.022599497 0.998903777
1403637217.038319111 4.791257485 -2.398371896 7.033024775 0.033055750 0.016823512 -0.019334918 0.999124841
1403637217.088319063 4.738018840 -2.392435197 6.990816031 0.027133733 0.016144957 -0.012266041 0.999426158
1403637217.138319016 4.686153960 -2.382616298 6.944228366 0.022196449 0.015632139 -0.005555371 0.999615972
1403637217.188318968 4.636004938 -2.375687360 6.896300703 0.018973532 0.014636923 0.002481250 0.999709762
1403637217.238319159 4.588807493 -2.366109075 6.844943387 0.017375023 0.013760077 0.009974321 0.999704597
1403637217.288318872 4.546006569 -2.354349358 6.792003304 0.015296623 0.013681560 0.014826682 0.999679447
1403637217.338319063 4.504776097 -2.339186687 6.737139530 0.013378160 0.013732802 0.019270674 0.999630470
1403637217.388319016 4.464004385 -2.321483122 6.682272563 0.012720104 0.014154860 0.023174275 0.999550295
1403637217.438319206 4.426298632 -2.301221388 6.625965891 0.011933030 0.014866969 0.026146114 0.999476341
1403637217.488318920 4.392022825 -2.280619780 6.569506841 0.011281457 0.015203053 0.027649601 0.999438390
1403637217.538319111 4.360735052 -2.257616890 6.509355842 0.012736754 0.014662482 0.026135605 0.999469718
1403637217.588319063 4.332232895 -2.233726138 6.447429076 0.014926807 0.012757980 0.022206181 0.999560558
1403637217.638319016 4.306601751 -2.209252622 6.386815882 0.017432164 0.010384823 0.014554144 0.999688177
1403637217.688318968 4.282869047 -2.180641107 6.320987026 0.022269991 0.007280599 0.001535249 0.999724304
1403637217.738319159 4.259753735 -2.152940703 6.252615767 0.026011853 0.002362704 -0.013587920 0.999566491
1403637217.788318872 4.237026449 -2.127297716 6.184047104 0.029650585 -0.004870614 -0.028252308 0.999149101
1403637217.838319063 4.214987306 -2.101609434 6.108313503 0.028301872 -0.015448861 -0.038743747 0.998728821
1403637217.888319016 4.190928175 -2.077681722 6.029105965 0.027755536 -0.026163647 -0.049271397 0.998056824
1403637217.938319206 4.170849994 -2.049554788 5.947158383 0.025365472 -0.036773359 -0.055351818 0.997467037
1403637217.988318920 4.148917019 -2.023110260 5.862165773 0.022542972 -0.046918946 -0.059991732 0.996840719
1403637218.038319111 4.123475263 -1.999982280 5.776513274 0.019791454 -0.055906851 -0.062521006 0.996280004
1403637218.088319063 4.100904520 -1.977537023 5.688218725 0.014994684 -0.064187228 -0.063586935 0.995797098
1403637218.138319016 4.076834899 -1.954092092 5.598244523 0.012524782 -0.070681275 -0.065295867 0.995280733
1403637218.188318968 4.054192813 -1.927117133 5.506654973 0.009928610 -0.076053574 -0.066624311 0.994825853
1403637218.238319159 4.031831349 -1.900510825 5.413288599 0.007717758 -0.079985354 -0.068111342 0.994436335
1403637218.288318872 4.005832508 -1.869603895 5.317659022 0.006776479 -0.083226458 -0.068845435 0.994126623
1403637218.338319063 3.985522263 -1.840103735 5.226879192 0.006807233 -0.084870200 -0.071661735 0.993788361
1403637218.388319016 3.961545009 -1.806589659 5.132703972 0.006938603 -0.086597823 -0.071077586 0.993680356
1403637218.438319206 3.939306195 -1.773201535 5.034738613 0.006747028 -0.087700953 -0.070796240 0.993605009
1403637218.488318920 3.917234762 -1.739292121 4.934349094 0.007851963 -0.088098805 -0.071541929 0.993508279
1403637218.538319111 3.897278829 -1.704402345 4.834481483 0.007527159 -0.088267111 -0.072046224 0.993459411
1403637218.588319063 3.876853284 -1.670490021 4.733788463 0.007595240 -0.087684702 -0.072525436 0.993475599
1403637218.638319016 3.856470472 -1.637063145 4.631706752 0.004815494 -0.086972674 -0.072135026 0.993583969
1403637218.688318968 3.836245971 -1.605646202 4.528229768 0.002425550 -0.085443949 -0.073706432 0.993609989
1403637218.738319159 3.809507386 -1.576105306 4.425016302 -0.002107052 -0.084804436 -0.071801291 0.993804982
1403637218.788318872 3.790134270 -1.546400013 4.315130826 -0.003973295 -0.084084038 -0.070605581 0.993946145
1403637218.838319063 3.772385776 -1.510146924 4.209919770 -0.005842263 -0.081712956 -0.074463287 0.993853148
1403637218.888319016 3.752358644 -1.470027663 4.102376891 -0.007680163 -0.079000723 -0.079126909 0.993699569
1403637218.938319206 3.730288620 -1.432760763 4.000353030 -0.007536766 -0.076829991 -0.083227273 0.993535893
1403637218.988318920 3.713585654 -1.389545718 3.895805841 -0.008308779 -0.074650154 -0.087605703 0.993319465
1403637219.038319111 3.690304971 -1.340339680 3.790452589 -0.008679143 -0.072824629 -0.090925632 0.993153450
1403637219.088319063 3.666099497 -1.292012682 3.683252342 -0.008986687 -0.071872435 -0.092435779 0.993080671
1403637219.138319016 3.638858210 -1.242845312 3.579919518 -0.008514970 -0.071353021 -0.093113733 0.993058948
1403637219.188318968 3.613679620 -1.192189895 3.475589288 -0.009179070 -0.071032725 -0.092930309 0.993093175
1403637219.238319159 3.585655193 -1.146114748 3.366320579 -0.009762155 -0.070901083 -0.091599000 0.993220701
1403637219.288318872 3.555778568 -1.101772954 3.256921167 -0.011381588 -0.070846257 -0.090240918 0.993331689
1403637219.338319063 3.523587837 -1.061021462 3.149348271 -0.012094512 -0.070988838 -0.087913380 0.993521789
1403637219.388319016 3.491194381 -1.018282341 3.038578269 -0.014651916 -0.070470068 -0.087290788 0.993579191
1403637219.438319206 3.457618639 -0.980494095 2.926262781 -0.016759608 -0.070686078 -0.085812253 0.993659323
1403637219.488318920 3.424426303 -0.942775803 2.811633192 -0.025709333 -0.070936330 -0.083621773 0.993636989
1403637219.538319111 3.392022214 -0.905402659 2.697623253 -0.032835100 -0.070801307 -0.082515051 0.993529213
1403637219.588319063 3.355972978 -0.869009156 2.583531701 -0.041675458 -0.070513461 -0.080990754 0.993343599
1403637219.638319016 3.320099824 -0.833994408 2.469074183 -0.048141196 -0.070369685 -0.079243884 0.993202366
1403637219.688318968 3.279571265 -0.800970746 2.364156845 -0.053722950 -0.069577576 -0.078785850 0.993008356
1403637219.738319159 3.239407195 -0.771208970 2.256863662 -0.056362489 -0.069149534 -0.077815732 0.992968440
1403637219.788318872 3.200491834 -0.742914488 2.147227730 -0.059218791 -0.068900384 -0.076640255 0.992910944
1403637219.838319063 3.163079071 -0.713720368 2.041959371 -0.061656279 -0.068450115 -0.077395175 0.992735147
1403637219.888319016 3.122411437 -0.690247919 1.936541059 -0.064815042 -0.068666607 -0.076468553 0.992590786
1403637219.938319206 3.079532465 -0.670118448 1.833345021 -0.064775911 -0.068724391 -0.075862274 0.992635862
1403637219.988318920 3.035901810 -0.652345477 1.733431699 -0.064853608 -0.068616803 -0.075765154 0.992645649
1403637220.038319111 2.991910176 -0.635153891 1.632023312 -0.065807407 -0.068809588 -0.075306342 0.992604443
1403637220.088319063 2.947386915 -0.621451670 1.540187763 -0.066643637 -0.068700036 -0.074598582 0.992609683
1403637220.138319016 2.902893484 -0.609078542 1.442753252 -0.066515271 -0.067918528 -0.076633310 0.992517067
1403637220.188318968 2.857118312 -0.599028462 1.346652783 -0.067285386 -0.068911495 -0.074514639 0.992558034
1403637220.238319159 2.809898830 -0.592177495 1.255791910 -0.067029265 -0.069429412 -0.072157348 0.992713429
1403637220.288318872 2.762864331 -0.587806263 1.165370884 -0.065380473 -0.070536589 -0.067563799 0.993068536
1403637220.338319063 2.715138984 -0.586221124 1.076782735 -0.063510525 -0.071864210 -0.062466464 0.993428351
1403637220.388319016 2.665515064 -0.588988601 0.990384207 -0.061519833 -0.073319812 -0.056130999 0.993825350
1403637220.438319206 2.614088280 -0.589913143 0.912326795 -0.058893865 -0.073991138 -0.051412647 0.994189903
1403637220.488318920 2.568756106 -0.589663081 0.826834566 -0.057411635 -0.074670581 -0.047879456 0.994402216
1403637220.538319111 2.523869987 -0.588496258 0.743622737 -0.054507867 -0.075427963 -0.044162068 0.994680465
1403637220.588319063 2.480213175 -0.585772357 0.662361580 -0.052181006 -0.075861574 -0.040813545 0.994915282
1403637220.638319016 2.437625768 -0.581964676 0.583715667 -0.051933527 -0.075303616 -0.041719996 0.994933021
1403637220.688318968 2.396750773 -0.576898774 0.504684261 -0.052890198 -0.075171150 -0.041234618 0.994912876
1403637220.738319159 2.358049095 -0.570327023 0.427417164 -0.052936336 -0.074606182 -0.042563272 0.994896995
1403637220.788318872 2.321620598 -0.556008925 0.349766938 -0.053874534 -0.074289918 -0.043046804 0.994849494
1403637220.838319063 2.282898811 -0.548578983 0.277118883 -0.054876849 -0.074132040 -0.043196390 0.994800002
1403637220.888319016 2.245812731 -0.539034714 0.206044962 -0.055528061 -0.073503566 -0.043995772 0.994775468
1403637220.938319206 2.209612648 -0.529249511 0.137576775 -0.056730558 -0.073150867 -0.043945946 0.994735818
1403637220.988318920 2.175130217 -0.518036116 0.070526077 -0.057811685 -0.071895800 -0.043656276 0.994777831
1403637221.038319111 2.142723158 -0.505680117 0.003564715 -0.060684068 -0.069085805 -0.044190192 0.994782299
1403637221.088319063 2.111240562 -0.493700739 -0.059785068 -0.062225723 -0.065093157 -0.043036100 0.995006902
1403637221.138319016 2.079701930 -0.480794187 -0.119995664 -0.065201156 -0.059736255 -0.042130082 0.995191160
1403637221.188318968 2.050635361 -0.468201713 -0.180272107 -0.067064369 -0.052943027 -0.041540333 0.995476673
1403637221.238319159 2.019906072 -0.452443452 -0.236331871 -0.068232020 -0.044993452 -0.040285150 0.995839890
1403637221.288318872 1.991300236 -0.436888178 -0.291284576 -0.068834939 -0.036623951 -0.039149855 0.996186592
1403637221.338319063 1.964126659 -0.420497602 -0.344185465 -0.068821754 -0.029290304 -0.036545757 0.996529002
1403637221.388319016 1.936546737 -0.402784063 -0.396900547 -0.069286122 -0.022886269 -0.034432553 0.996739711
1403637221.438319206 1.910529934 -0.384264244 -0.444887305 -0.067727027 -0.017495632 -0.031972916 0.997037956
1403637221.488318920 1.885112877 -0.361363235 -0.490857695 -0.068257289 -0.012725912 -0.030510497 0.997119904
1403637221.538319111 1.860093996 -0.341186812 -0.535292021 -0.068920884 -0.009372319 -0.027023298 0.997212020
1403637221.588319063 1.835207508 -0.319874302 -0.575149744 -0.069488730 -0.005683118 -0.025675464 0.997236075
1403637221.638319016 1.811913161 -0.298267653 -0.615589499 -0.069629417 -0.002268832 -0.025074383 0.997255169
1403637221.688318968 1.789204474 -0.277397391 -0.653623615 -0.070991783 0.000410208 -0.023503127 0.997199880
1403637221.738319159 1.767197920 -0.252169910 -0.690911387 -0.070965419 0.002726606 -0.022382673 0.997223892
1403637221.788318872 1.746233515 -0.229412627 -0.726995604 -0.071131997 0.004665528 -0.020850090 0.997238059
1403637221.838319063 1.725647114 -0.206607207 -0.759898065 -0.071976713 0.007448042 -0.019338406 0.997191008
1403637221.888319016 1.706746453 -0.182335419 -0.789791333 -0.072567676 0.011085934 -0.016738065 0.997161407
1403637221.938319206 1.690286209 -0.159828264 -0.818982092 -0.073462607 0.016317687 -0.013287676 0.997075933
1403637221.988318920 1.673652650 -0.136940195 -0.844351558 -0.073631551 0.023937249 -0.011443310 0.996932522
1403637222.038319111 1.658650124 -0.111820124 -0.868646990 -0.073251318 0.033169709 -0.008177066 0.996728223
1403637222.088319063 1.645241877 -0.085666168 -0.889776129 -0.073915762 0.043880534 -0.005015820 0.996286003
1403637222.138319016 1.634133221 -0.061495136 -0.909913294 -0.073885394 0.055070402 -0.001193230 0.995744332
1403637222.188318968 1.623823301 -0.039702088 -0.928266009 -0.073547044 0.067203645 0.002708001 0.995021190
1403637222.238319159 1.613312804 -0.013665724 -0.942021686 -0.070230990 0.078603829 0.006259321 0.994409306
1403637222.288318872 1.602882730 0.011710855 -0.956402446 -0.066699758 0.088868434 0.007639467 0.993778236
1403637222.338319063 1.594680034 0.035836565 -0.968317242 -0.060562309 0.097271666 0.009928990 0.993363904
1403637222.388319016 1.585925570 0.061766572 -0.977987874 -0.053797741 0.104867758 0.011844748 0.992959344
1403637222.438319206 1.577592064 0.085357109 -0.987774992 -0.047520981 0.111336187 0.013185147 0.992558392
1403637222.488318920 1.570331106 0.106417276 -0.999670890 -0.042257436 0.116780564 0.013265407 0.992169662
1403637222.538319111 1.563161214 0.126326862 -1.011592786 -0.039278748 0.120638467 0.015235888 0.991802101
1403637222.588319063 1.556230807 0.144798969 -1.023304719 -0.037807872 0.123965971 0.016174252 0.991434010
1403637222.638319016 1.550038327 0.160058965 -1.035000320 -0.035983109 0.126947180 0.015737072 0.991131663
1403637222.688318968 1.544241476 0.175396761 -1.048311264 -0.036579412 0.129014145 0.015128260 0.990852377
1403637222.738319159 1.538179849 0.186315840 -1.062578184 -0.038168386 0.130033715 0.015908058 0.990646931
1403637222.788318872 1.531934557 0.197909600 -1.075353819 -0.041707092 0.130937572 0.015925659 0.990384897
1403637222.838319063 1.526087048 0.207576997 -1.088633072 -0.046134489 0.131038565 0.016321949 0.990168722
1403637222.888319016 1.522157696 0.214544304 -1.104220742 -0.051568434 0.130578854 0.017286463 0.989944967
1403637222.938319206 1.517310530 0.219819981 -1.117729605 -0.057871258 0.129943996 0.017754750 0.989671786
1403637222.988318920 1.513064320 0.222487465 -1.130281886 -0.062591024 0.129441610 0.017728257 0.989450829
1403637223.038319111 1.509603578 0.222338781 -1.142180155 -0.066084481 0.128519060 0.018173820 0.989335840
1403637223.088319063 1.506700775 0.219447230 -1.153192140 -0.068796901 0.127596301 0.017775823 0.989277610
1403637223.138319016 1.504132674 0.213857546 -1.162372899 -0.069567822 0.126850272 0.017020917 0.989332914
1403637223.188318968 1.502065454 0.205098004 -1.169966134 -0.069259946 0.125828897 0.016516589 0.989493482
1403637223.238319159 1.500584194 0.193997250 -1.176286162 -0.067377631 0.125075497 0.015111321 0.989741392
1403637223.288318872 1.498516064 0.178336952 -1.185043042 -0.063604047 0.124181319 0.013083435 0.990132491
1403637223.338319063 1.498029715 0.162168612 -1.190125486 -0.058694902 0.122976729 0.011238427 0.990608566
1403637223.388319016 1.497583804 0.144751540 -1.193170726 -0.054644229 0.122171288 0.008805776 0.990964501
1403637223.438319206 1.497666002 0.124978924 -1.196395870 -0.050646863 0.120948285 0.007629790 0.991336569
1403637223.488318920 1.497774819 0.104207260 -1.199087155 -0.047704150 0.119989198 0.006192621 0.991609075
1403637223.538319111 1.498101056 0.082511616 -1.201366020 -0.044935194 0.119346887 0.004825734 0.991823503
1403637223.588319063 1.498301486 0.062088895 -1.202481813 -0.042672112 0.118839754 0.003966489 0.991988140
1403637223.638319016 1.499778710 0.042915166 -1.204483714 -0.040999127 0.118502424 0.002981958 0.992102492
1403637223.688318968 1.500329274 0.026165463 -1.203075811 -0.039989193 0.118185349 0.002531211 0.992182786
1403637223.738319159 1.500862611 0.009389417 -1.202448707 -0.039679195 0.118137650 0.001521502 0.992202974
1403637223.788318872 1.501272944 -0.004448965 -1.201372634 -0.038573747 0.117908315 0.001549386 0.992273800
1403637223.838319063 1.500428837 -0.016445177 -1.199642741 -0.038014349 0.117931110 0.000939190 0.992293445
1403637223.888319016 1.501093127 -0.026930182 -1.197373475 -0.037053777 0.118074061 0.000246265 0.992313193
1403637223.938319206 1.502145701 -0.035421824 -1.195188255 -0.036796968 0.118392143 -0.001150027 0.992284214
1403637223.988318920 1.502645922 -0.042211207 -1.192328669 -0.036342435 0.118343486 -0.000614750 0.992307245
1403637224.038319111 1.503050644 -0.047788413 -1.189026098 -0.035877300 0.118555672 -0.000480894 0.992298917
1403637224.088319063 1.503993885 -0.051496973 -1.186022100 -0.036218004 0.118539712 -0.000408269 0.992288479
1403637224.138319016 1.504801290 -0.053493426 -1.182587118 -0.035629924 0.119016688 -0.001586513 0.992251490
1403637224.188318968 1.505317222 -0.053859148 -1.178391971 -0.035315259 0.119103533 -0.001659697 0.992252199
1403637224.238319159 1.506030800 -0.052710455 -1.174951603 -0.034858027 0.119538567 -0.002694774 0.992213781
1403637224.288318872 1.506431815 -0.050039508 -1.170665196 -0.033925943 0.119737223 -0.003163886 0.992220751
1403637224.338319063 1.506525037 -0.045916622 -1.165910142 -0.033384855 0.119635073 -0.002954328 0.992252071
1403637224.388319016 1.506823416 -0.040352192 -1.161920646 -0.033552401 0.119862349 -0.003767609 0.992216236
1403637224.438319206 1.506664603 -0.032980557 -1.156950076 -0.033372803 0.120504832 -0.004954718 0.992139250
1403637224.488318920 1.506157960 -0.024403786 -1.151674061 -0.033123808 0.120594481 -0.005488448 0.992133893
1403637224.538319111 1.505199851 -0.014595435 -1.146506829 -0.032391571 0.120914189 -0.006181811 0.992115079
1403637224.588319063 1.503823376 -0.004306050 -1.141081276 -0.032000839 0.120705179 -0.005314625 0.992158234
1403637224.638319016 1.501733514 0.004691197 -1.135951516 -0.031329090 0.119778212 -0.002778827 0.992302346
1403637224.688318968 1.499058295 0.011923335 -1.131338700 -0.030264748 0.118314001 0.001673577 0.992513497
1403637224.738319159 1.496016042 0.017767419 -1.127359522 -0.031272736 0.116920683 0.006262538 0.992629009
1403637224.788318872 1.493154231 0.021533594 -1.124479930 -0.031699485 0.116470740 0.007651508 0.992658634
1403637224.838319063 1.490727528 0.024583849 -1.122546132 -0.032296912 0.116705179 0.007525724 0.992612802
1403637224.888319016 1.488829974 0.025034211 -1.126890871 -0.031368369 0.117444350 0.004841676 0.992572117
1403637224.938319206 1.487261643 0.028684166 -1.125901989 -0.030999855 0.118679452 0.001429482 0.992447557
1403637224.988318920 1.485559675 0.034104970 -1.124657779 -0.030782405 0.119431021 -0.000921111 0.992364765
1403637225.038319111 1.483628722 0.040984067 -1.123392963 -0.030750774 0.119796868 -0.002260340 0.992319500
1403637225.088319063 1.481545750 0.049280415 -1.122014934 -0.030847651 0.120339142 -0.004066883 0.992245118
1403637225.138319016 1.478691191 0.058609793 -1.120583365 -0.029499365 0.120547610 -0.005403207 0.992254436
1403637225.188318968 1.475378017 0.069635745 -1.118579763 -0.029057687 0.120481491 -0.005803177 0.992273241
1403637225.238319159 1.471782492 0.082045996 -1.116709449 -0.028408718 0.120200167 -0.006460652 0.992322087
1403637225.288318872 1.467653871 0.095069030 -1.114773317 -0.028346496 0.119461201 -0.005853843 0.992416863
1403637225.338319063 1.463441870 0.107512659 -1.114005772 -0.027360468 0.119361013 -0.006731188 0.992451029
1403637225.388319016 1.458705202 0.118379198 -1.114246485 -0.026513975 0.119008189 -0.007237791 0.992512808
1403637225.438319206 1.453638767 0.127352144 -1.116338546 -0.025221989 0.118411419 -0.007697704 0.992614393
1403637225.488318920 1.447196368 0.134617973 -1.118193662 -0.024660759 0.118139031 -0.008056050 0.992658107
1403637225.538319111 1.439956977 0.140248602 -1.120244157 -0.025028522 0.117830314 -0.008835602 0.992678962
1403637225.588319063 1.431943108 0.143171162 -1.124562043 -0.026563184 0.117278047 -0.008791293 0.992704876
1403637225.638319016 1.421698043 0.147245768 -1.127728804 -0.028345061 0.117251755 -0.009455278 0.992652598
1403637225.688318968 1.412649691 0.147816544 -1.134432368 -0.032290673 0.116842358 -0.008591531 0.992588213
1403637225.738319159 1.403046366 0.146078987 -1.142032703 -0.034518492 0.116797441 -0.009308974 0.992512053
1403637225.788318872 1.392746880 0.142775380 -1.150295306 -0.038367835 0.116708184 -0.009145781 0.992382720
1403637225.838319063 1.381472465 0.137300213 -1.157277939 -0.041769648 0.116402949 -0.007985500 0.992291228
1403637225.888319016 1.369945159 0.129469495 -1.165586243 -0.044386986 0.116126813 -0.007818814 0.992211280
1403637225.938319206 1.357281942 0.119170141 -1.172891249 -0.042011995 0.115758495 -0.008090286 0.992355536
1403637225.988318920 1.344295084 0.106906958 -1.178993988 -0.038253930 0.115734541 -0.008434340 0.992507438
1403637226.038319111 1.331127241 0.093501983 -1.186559134 -0.033784546 0.115421144 -0.008609216 0.992704611
1403637226.088319063 1.317275311 0.081462913 -1.193438951 -0.030869615 0.115398459 -0.008966487 0.992799005
1403637226.138319016 1.303664577 0.070410573 -1.202940955 -0.027643593 0.115203256 -0.008990613 0.992916517
1403637226.188318968 1.289177520 0.061298863 -1.210116850 -0.026173675 0.115348762 -0.009093432 0.992938523
1403637226.238319159 1.274714354 0.053376133 -1.218150772 -0.024937068 0.115324853 -0.009304653 0.992971170
1403637226.288318872 1.259550387 0.047388602 -1.226395755 -0.026134673 0.115666233 -0.010066209 0.992893233
1403637226.338319063 1.244613695 0.042154127 -1.235395939 -0.029913481 0.115784376 -0.010103567 0.992772421
1403637226.388319016 1.227992470 0.040335806 -1.240490961 -0.034911161 0.116194341 -0.010676903 0.992555333
1403637226.438319206 1.212257139 0.038155767 -1.249689822 -0.042172137 0.116407357 -0.010496609 0.992250301
1403637226.488318920 1.195698447 0.036702877 -1.257957287 -0.047904136 0.116258104 -0.009659737 0.992016097
1403637226.538319111 1.178984555 0.036314120 -1.263348680 -0.051790372 0.116412735 -0.010131463 0.991797956
1403637226.588319063 1.162034884 0.037167633 -1.268333445 -0.055400147 0.116633021 -0.011054348 0.991567125
1403637226.638319016 1.144724948 0.037876843 -1.273409642 -0.057083425 0.116640922 -0.011160306 0.991469528
1403637226.688318968 1.126870459 0.039185538 -1.276815784 -0.058007546 0.116541316 -0.010475344 0.991435078
1403637226.738319159 1.106508386 0.042990958 -1.277930041 -0.058912124 0.116229252 -0.009414045 0.991429018
1403637226.788318872 1.088567001 0.045681462 -1.279226287 -0.059330949 0.115627764 -0.008730239 0.991480631
1403637226.838319063 1.070500299 0.048843170 -1.278703221 -0.058871259 0.115680591 -0.008737440 0.991501807
1403637226.888319016 1.051601795 0.052767308 -1.275532005 -0.058372359 0.115170530 -0.006397163 0.991608538
1403637226.938319206 1.032924108 0.056740559 -1.272275453 -0.057214059 0.114385674 -0.002503209 0.991784353
1403637226.988318920 1.014398738 0.061493655 -1.266608984 -0.055073519 0.113228096 0.002556558 0.992038190
1403637227.038319111 0.995886044 0.065858103 -1.260759456 -0.052298525 0.111177817 0.010415639 0.992368818
1403637227.088319063 0.978299606 0.068979663 -1.255234755 -0.049307137 0.109287168 0.017922699 0.992624752
1403637227.138319016 0.959905063 0.072396016 -1.251285085 -0.046281085 0.107782269 0.025018263 0.992781512
1403637227.188318968 0.945133432 0.072998952 -1.246335216 -0.045162995 0.107581439 0.027312385 0.992794325
1403637227.238319159 0.932288120 0.071909302 -1.241026666 -0.044000227 0.107844292 0.028077211 0.992796686
1403637227.288318872 0.921323245 0.069276470 -1.236442601 -0.043763635 0.109788264 0.023561259 0.992711513
1403637227.338319063 0.911749494 0.064738808 -1.232911630 -0.044547544 0.111684630 0.019400984 0.992555118
1403637227.388319016 0.902650735 0.059276873 -1.227938458 -0.044681519 0.113750754 0.015371932 0.992385022
1403637227.438319206 0.894334196 0.054293895 -1.223898696 -0.046553491 0.115406774 0.011682491 0.992158036
1403637227.488318920 0.886625786 0.049582928 -1.219265170 -0.047304087 0.116458771 0.010097990 0.992016990
1403637227.538319111 0.879445755 0.046455022 -1.213823722 -0.047734738 0.117455635 0.009917279 0.991880646
1403637227.588319063 0.872939638 0.043861502 -1.208975549 -0.048634056 0.117674367 0.011332956 0.991795864
1403637227.638319016 0.864142287 0.043966950 -1.202666501 -0.048239259 0.117203639 0.014848404 0.991824483
1403637227.688318968 0.858348155 0.044689934 -1.194655929 -0.049064369 0.117031645 0.017360957 0.991763520
1403637227.738319159 0.853448219 0.045978529 -1.186304654 -0.049012391 0.116571449 0.019916334 0.991772263
1403637227.788318872 0.849745072 0.047946298 -1.177878120 -0.049022681 0.116098958 0.022515817 0.991771570
1403637227.838319063 0.847453798 0.051116280 -1.168604295 -0.048555186 0.117193298 0.020444452 0.991710719
1403637227.888319016 0.846166401 0.054403905 -1.159020475 -0.044394195 0.117731962 0.018511260 0.991879869
1403637227.938319206 0.845615292 0.058472444 -1.148265300 -0.039071350 0.119317317 0.013674953 0.991992844
1403637227.988318920 0.845639937 0.063301905 -1.138190511 -0.034537844 0.120255272 0.009656189 0.992095038
1403637228.038319111 0.845480325 0.069031427 -1.127758113 -0.029704182 0.121442893 0.004794276 0.992142278
1403637228.088319063 0.845330290 0.075584550 -1.117636421 -0.027331968 0.121635968 0.002569349 0.992195068
1403637228.138319016 0.844969165 0.082166294 -1.108189637 -0.023902523 0.121064555 0.001830098 0.992355125
1403637228.188318968 0.844482347 0.088587038 -1.099960044 -0.022530783 0.120639132 0.000616337 0.992440519
1403637228.238319159 0.843358285 0.093585877 -1.092618877 -0.020423460 0.119838524 0.000297580 0.992583257
1403637228.288318872 0.842155616 0.097480044 -1.086832971 -0.019921432 0.119628773 -0.000996355 0.992618305
1403637228.338319063 0.840521191 0.099511514 -1.082476601 -0.018708090 0.118925360 -0.000517610 0.992726799
1403637228.388319016 0.838509259 0.100972486 -1.078524895 -0.019400826 0.119265060 -0.003266881 0.992667508
1403637228.438319206 0.835835721 0.100189199 -1.076537876 -0.018630967 0.119089191 -0.004348853 0.992699219
1403637228.488318920 0.833064138 0.098096032 -1.076755272 -0.017878251 0.119449244 -0.006557142 0.992657670
1403637228.538319111 0.826973578 0.095015729 -1.076262421 -0.017060341 0.119659841 -0.008703783 0.992630199
1403637228.588319063 0.822520126 0.090303814 -1.078948430 -0.016548185 0.120086348 -0.011063766 0.992563862
1403637228.638319016 0.816937511 0.084467662 -1.082553466 -0.016860586 0.120149397 -0.012423901 0.992534881
1403637228.688318968 0.810443569 0.078221777 -1.087839141 -0.020234765 0.120142678 -0.011801036 0.992480240
1403637228.738319159 0.803183150 0.072383025 -1.094029130 -0.024668574 0.119744839 -0.009564376 0.992452093
1403637228.788318872 0.795060789 0.067895711 -1.099760685 -0.029132884 0.118632204 -0.005661565 0.992494646
1403637228.838319063 0.787013262 0.065095453 -1.105649289 -0.033488908 0.117787088 -0.002014996 0.992471982
1403637228.888319016 0.778874157 0.063224298 -1.111373914 -0.036481760 0.117013645 0.001513189 0.992458865
1403637228.938319206 0.770930553 0.062696212 -1.116540485 -0.037125385 0.117369871 0.001658889 0.992392698
1403637228.988318920 0.763526643 0.063022334 -1.121495405 -0.036523728 0.118628475 -0.001254740 0.992265956
1403637229.038319111 0.755828850 0.064024407 -1.126566682 -0.035255887 0.119587691 -0.004064044 0.992189140
1403637229.088319063 0.747787026 0.065675745 -1.131161612 -0.031995771 0.120344093 -0.006299006 0.992196499
1403637229.138319016 0.739734394 0.067855212 -1.136257319 -0.028900700 0.120998726 -0.008523111 0.992195250
1403637229.188318968 0.730895826 0.071826807 -1.141109794 -0.027264348 0.121717522 -0.010940846 0.992129930
1403637229.238319159 0.720314651 0.074501070 -1.144175929 -0.026443423 0.122492568 -0.012012463 0.992044362
1403637229.288318872 0.710593668 0.080767659 -1.149295906 -0.026475967 0.124127977 -0.012481817 0.991834398
1403637229.338319063 0.700461741 0.088820007 -1.153907931 -0.027399645 0.127230140 -0.011846724 0.991423929
1403637229.388319016 0.690125520 0.097496878 -1.159492508 -0.030775449 0.131094828 -0.006664583 0.990869619
1403637229.438319206 0.679746591 0.107180709 -1.165824478 -0.036407061 0.135877170 0.001804278 0.990054880
1403637229.488318920 0.668636832 0.117704263 -1.169887890 -0.042175761 0.141901352 0.013540797 0.988889204
1403637229.538319111 0.658643855 0.128400016 -1.173132675 -0.047186455 0.149130767 0.026847102 0.987326028
1403637229.588319063 0.649965440 0.139651597 -1.176929225 -0.051560354 0.158172404 0.039616298 0.985268273
1403637229.638319016 0.643039640 0.150902358 -1.179974648 -0.054732996 0.168930188 0.052091904 0.982727492
1403637229.688318968 0.638136534 0.162299913 -1.182901453 -0.056951881 0.181235991 0.062791968 0.979779142
1403637229.738319159 0.634546782 0.174390359 -1.183553660 -0.057945453 0.195743228 0.069034922 0.976504528
1403637229.788318872 0.634729186 0.186368434 -1.186476049 -0.056420804 0.213118327 0.067713510 0.973042729
1403637229.838319063 0.637620619 0.198507657 -1.188392653 -0.052393089 0.231040938 0.064679114 0.969376945
1403637229.888319016 0.640784952 0.211591830 -1.186800383 -0.047858122 0.249508580 0.060269475 0.965309618
1403637229.938319206 0.645545675 0.223693163 -1.182313907 -0.043736144 0.267416155 0.057394795 0.960875427
1403637229.988318920 0.650586043 0.236451438 -1.180710346 -0.039212585 0.284535777 0.055883850 0.956231541
1403637230.038319111 0.656451107 0.250073685 -1.181090845 -0.038708487 0.300228462 0.057589481 0.951340094
1403637230.088319063 0.660255491 0.261981823 -1.179371599 -0.039791693 0.314035367 0.063815064 0.946428046
1403637230.138319016 0.663997479 0.272586631 -1.178550840 -0.042938826 0.326297978 0.071618185 0.941571411
1403637230.188318968 0.667836618 0.280442346 -1.178653318 -0.045745708 0.337825418 0.077809117 0.936870887
1403637230.238319159 0.671746070 0.286919147 -1.178047104 -0.047847339 0.347760875 0.082008321 0.932763443
1403637230.288318872 0.675572421 0.291107342 -1.176821522 -0.049940177 0.356461040 0.083768304 0.929206316
1403637230.338319063 0.679773291 0.292237219 -1.175717508 -0.049948135 0.363411492 0.084350547 0.926456829
1403637230.388319016 0.683614945 0.290671890 -1.174255585 -0.047217082 0.368682739 0.085465777 0.924412887
1403637230.438319206 0.687237561 0.287088770 -1.172186558 -0.042248094 0.373790488 0.083887702 0.922745156
1403637230.488318920 0.690280502 0.281436876 -1.170968379 -0.036085840 0.377642065 0.081344945 0.921665494
1403637230.538319111 0.693004165 0.274323003 -1.169867769 -0.029707078 0.381249700 0.079520695 0.920566464
1403637230.588319063 0.695462494 0.265268257 -1.168717714 -0.023002440 0.385977348 0.077304748 0.918975707
1403637230.638319016 0.697594506 0.255135029 -1.168439469 -0.016698382 0.391155728 0.079219896 0.916756548
1403637230.688318968 0.699850239 0.247735369 -1.169245109 -0.012914483 0.397271384 0.081951713 0.913943423
1403637230.738319159 0.700480978 0.236567170 -1.169444069 -0.012305200 0.404019153 0.088178626 0.910407401
1403637230.788318872 0.700741430 0.224825533 -1.172069217 -0.014854336 0.411362793 0.096019848 0.906278208
1403637230.838319063 0.699906395 0.213657336 -1.174341711 -0.020035474 0.419230782 0.107169957 0.901309454
1403637230.888319016 0.699641737 0.203243860 -1.178266657 -0.025702751 0.428915831 0.117016659 0.895364552
1403637230.938319206 0.700446894 0.194245027 -1.182114573 -0.030638488 0.439625294 0.127250359 0.888593400
1403637230.988318920 0.695637699 0.184593026 -1.187385570 -0.034865908 0.452168935 0.135354211 0.880912516
1403637231.038319111 0.699530291 0.177545337 -1.192877085 -0.038119589 0.465818620 0.142897895 0.872433437
1403637231.088319063 0.704522447 0.174434301 -1.195697268 -0.038896373 0.480232370 0.150428488 0.863270070
1403637231.138319016 0.712560750 0.173859939 -1.201424108 -0.039567516 0.495645302 0.156980347 0.853303766
1403637231.188318968 0.720726667 0.176349064 -1.201371811 -0.037882399 0.511216638 0.165292171 0.842556212
1403637231.238319159 0.729389214 0.183013334 -1.200876687 -0.035592921 0.527887292 0.172358786 0.830879413
1403637231.288318872 0.742944525 0.193987569 -1.202850008 -0.033349624 0.544425693 0.179858541 0.818620408
1403637231.338319063 0.753418052 0.206770554 -1.202044209 -0.029890801 0.561827388 0.186518115 0.805398981
1403637231.388319016 0.768034188 0.221290604 -1.200106042 -0.025689631 0.579868711 0.191905623 0.791368784
1403637231.438319206 0.788042761 0.240598803 -1.202175720 -0.021554407 0.597270509 0.198217799 0.776861024
1403637231.488318920 0.809442722 0.260296184 -1.201575448 -0.017887436 0.613828981 0.207479482 0.761476386
1403637231.538319111 0.822792582 0.296194876 -1.198059506 -0.014435446 0.630418672 0.216861523 0.745208022
1403637231.588319063 0.841964742 0.328077945 -1.200072715 -0.012854810 0.646194947 0.226668285 0.728620843
1403637231.638319016 0.865666841 0.365614554 -1.203526636 -0.012172477 0.662316774 0.232991192 0.711971507
1403637231.688318968 0.889527437 0.398634647 -1.204218159 -0.012667318 0.678865338 0.237373142 0.694719643
1403637231.738319159 0.911420645 0.432429389 -1.212309597 -0.010392352 0.693583375 0.242011140 0.678428116
1403637231.788318872 0.938711130 0.471107025 -1.217571412 -0.008021765 0.707965707 0.244991271 0.662343934
1403637231.838319063 0.962939418 0.501054117 -1.227704435 -0.007175918 0.720532252 0.249328734 0.647006153
1403637231.888319016 0.986700141 0.528084257 -1.242667423 -0.007446974 0.731475063 0.254516474 0.632542599
1403637231.938319206 1.013647079 0.556878414 -1.255537365 -0.005809727 0.741441363 0.259663943 0.618712849
1403637231.988318920 1.041363549 0.583079942 -1.272197701 -0.004017793 0.751052464 0.263385686 0.605418891
1403637232.038319111 1.068966423 0.604273302 -1.295877613 0.003282251 0.761220683 0.263136112 0.592698646
1403637232.088319063 1.097710386 0.626106707 -1.317490149 0.012163657 0.771667965 0.261117760 0.579825933
1403637232.138319016 1.128080966 0.645817830 -1.342185299 0.020163340 0.781700812 0.259111405 0.566920242
1403637232.188318968 1.156242054 0.665599133 -1.368027664 0.027508585 0.790689302 0.258354892 0.554352284
1403637232.238319159 1.183314956 0.680174228 -1.393835531 0.030191842 0.799116533 0.257957359 0.542180063
1403637232.288318872 1.209821738 0.699027608 -1.422111883 0.031050454 0.807408441 0.257141319 0.530099822
1403637232.338319063 1.230928916 0.711957013 -1.451790183 0.031132687 0.815928573 0.254879139 0.518003806
1403637232.388319016 1.255114533 0.728567087 -1.485931689 0.029941306 0.824653151 0.251603243 0.505713859
1403637232.438319206 1.275712441 0.741438695 -1.525352441 0.030244152 0.832123023 0.250930745 0.493650004
1403637232.488318920 1.294685231 0.754003059 -1.568755486 0.032275152 0.838675649 0.252790603 0.481329805
1403637232.538319111 1.313698431 0.764458916 -1.608135582 0.036483874 0.842837703 0.261790704 0.468784769
1403637232.588319063 1.324159103 0.767693879 -1.644827542 0.038806801 0.846791280 0.271393971 0.455833162
1403637232.638319016 1.336529448 0.775806185 -1.684719179 0.041390484 0.850439616 0.281597545 0.442427519
1403637232.688318968 1.349963982 0.781800066 -1.730451721 0.044074106 0.854084612 0.290788994 0.428997331
1403637232.738319159 1.362112585 0.794122814 -1.779509601 0.045426344 0.857208676 0.300076993 0.416033089
1403637232.788318872 1.367372577 0.799967084 -1.828177162 0.047252048 0.859978756 0.308989313 0.403397308
1403637232.838319063 1.374806842 0.804609283 -1.880008558 0.044792506 0.862443579 0.316715670 0.392270174
1403637232.888319016 1.379997981 0.813996702 -1.934836576 0.040217959 0.864645827 0.322640950 0.382979017
1403637232.938319206 1.389051683 0.812976476 -1.990131325 0.034646419 0.866200233 0.328810630 0.374673661
1403637232.988318920 1.396191752 0.816557503 -2.051645343 0.028871303 0.867902630 0.332002469 0.368355580
1403637233.038319111 1.401514804 0.822917351 -2.116191622 0.022707644 0.869002100 0.334903585 0.363537207
1403637233.088319063 1.407693700 0.824166103 -2.183304046 0.016544210 0.869803347 0.337360007 0.359661860
1403637233.138319016 1.417322987 0.825385664 -2.248702202 0.010629621 0.870163161 0.339768882 0.356735465
1403637233.188318968 1.425535401 0.831100129 -2.321797452 0.004943466 0.869258451 0.343679498 0.355316351
1403637233.238319159 1.436230799 0.836148868 -2.398281722 0.001208485 0.868378010 0.346862208 0.354407646
1403637233.288318872 1.448156893 0.844315189 -2.475787897 -0.003515713 0.867212309 0.349936077 0.354224777
1403637233.338319063 1.461939566 0.854595504 -2.554487783 -0.006712644 0.865711777 0.353225638 0.354583853
1403637233.388319016 1.477195256 0.873447934 -2.635402688 -0.009859173 0.863995630 0.356500013 0.355418188
1403637233.438319206 1.492466943 0.886775841 -2.723554160 -0.014611473 0.862579971 0.358604531 0.356574101
1403637233.488318920 1.510667230 0.907031818 -2.811429624 -0.022874161 0.863035054 0.355557125 0.358087140
1403637233.538319111 1.531749891 0.930031734 -2.905730562 -0.034857855 0.865546442 0.346238304 0.360185124
1403637233.588319063 1.553016145 0.962801556 -3.002335050 -0.049249331 0.870281793 0.329702620 0.362602105
1403637233.638319016 1.580641034 0.996881998 -3.091401033 -0.063676419 0.876200180 0.308805835 0.364496246
1403637233.688318968 1.612440401 1.029742461 -3.185847439 -0.075892793 0.881364236 0.289033061 0.365919741
1403637233.738319159 1.645349083 1.070417959 -3.278202624 -0.086595050 0.885684007 0.270381610 0.367367556
1403637233.788318872 1.684078991 1.105548838 -3.363658154 -0.095644819 0.889431025 0.254027570 0.367742456
1403637233.838319063 1.726243713 1.146223976 -3.449064954 -0.101659483 0.891944200 0.242060863 0.368113342
1403637233.888319016 1.772677006 1.184711054 -3.528729892 -0.106586466 0.893776639 0.233034164 0.368100154
1403637233.938319206 1.823426462 1.219891853 -3.601206561 -0.110948638 0.894842343 0.227333429 0.367786750
1403637233.988318920 1.878868676 1.255329052 -3.672496586 -0.115246431 0.895429229 0.223332045 0.367488167
1403637234.038319111 1.935116847 1.292494732 -3.738555795 -0.119929275 0.896403933 0.217203501 0.367286805
1403637234.088319063 1.997940126 1.329136407 -3.801515964 -0.123617026 0.897555974 0.210421545 0.367198689
1403637234.138319016 2.062044793 1.362544771 -3.856757125 -0.128950388 0.898863069 0.202984542 0.366352640
1403637234.188318968 2.135504648 1.394416087 -3.906608992 -0.132990194 0.900061269 0.196765277 0.365358380
1403637234.238319159 2.213570552 1.426934132 -3.951844052 -0.133135169 0.901069943 0.193292904 0.364672233
1403637234.288318872 2.292512347 1.457848624 -3.989333005 -0.129721708 0.902287155 0.190859979 0.364173911
1403637234.338319063 2.379712519 1.483645303 -4.019402337 -0.123676660 0.903264586 0.190349743 0.364121059
1403637234.388319016 2.473847430 1.514322519 -4.044813563 -0.114375303 0.903820013 0.191689576 0.365079144
1403637234.438319206 2.565622275 1.538981635 -4.061230010 -0.102668674 0.903549242 0.193650663 0.368181113
1403637234.488318920 2.661394741 1.563537995 -4.072623124 -0.092649029 0.902698776 0.194464498 0.372470986
1403637234.538319111 2.760680234 1.583739269 -4.076638098 -0.080967035 0.901448714 0.194661934 0.378075768
1403637234.588319063 2.858684648 1.606607109 -4.080065878 -0.069470453 0.899189400 0.196006952 0.384985134
1403637234.638319016 2.959455523 1.630445945 -4.077467772 -0.059467891 0.896676444 0.195941441 0.392481688
1403637234.688318968 3.056844969 1.655944389 -4.069328430 -0.050764735 0.893684629 0.195352144 0.400734657
1403637234.738319159 3.162100424 1.676814680 -4.053371137 -0.041646079 0.889937149 0.196848218 0.409302155
1403637234.788318872 3.262966292 1.701201384 -4.033079689 -0.032043244 0.885537506 0.198513118 0.418794817
1403637234.838319063 3.362590324 1.722765760 -4.010506440 -0.023694998 0.880832195 0.200125202 0.428395955
1403637234.888319016 3.459124396 1.744312005 -3.988927712 -0.013644065 0.874790252 0.204038907 0.439231122
1403637234.938319206 3.552653236 1.767426748 -3.967535477 -0.004888274 0.868697093 0.205481086 0.450687240
1403637234.988318920 3.645694756 1.785485906 -3.942739459 -0.000038670 0.862894627 0.206493498 0.461273560
1403637235.038319111 3.737525939 1.797226514 -3.912839532 0.000508725 0.857882742 0.204691319 0.471315613
1403637235.088319063 3.827967775 1.803135907 -3.880142262 -0.000290109 0.852629153 0.203062843 0.481444623
1403637235.138319016 3.913689643 1.820318683 -3.850031346 -0.001201237 0.846983076 0.200395589 0.492402106
1403637235.188318968 3.996489696 1.824603355 -3.815353416 -0.002265264 0.841486621 0.197865041 0.502737069
1403637235.238319159 4.079449401 1.831224371 -3.781965195 -0.003134501 0.836173149 0.196218973 0.512155011
1403637235.288318872 4.158346607 1.837969620 -3.748653303 -0.005968686 0.830923541 0.196424494 0.520526524
1403637235.338319063 4.234337245 1.840112882 -3.709338700 -0.010654760 0.826335492 0.198436035 0.526952817
1403637235.388319016 4.310257090 1.842397802 -3.671822103 -0.015610952 0.821019310 0.205677156 0.532334949
1403637235.438319206 4.385729412 1.843881262 -3.633144627 -0.019738628 0.815536013 0.213163331 0.537654901
1403637235.488318920 4.457583376 1.839324471 -3.592018710 -0.024724340 0.809838145 0.220465317 0.543089247
1403637235.538319111 4.534173367 1.839477997 -3.554675942 -0.027532974 0.804102300 0.226464959 0.548976364
1403637235.588319063 4.606597733 1.832660734 -3.515416998 -0.031949719 0.799435764 0.228336742 0.554746796
1403637235.638319016 4.679814228 1.825403223 -3.474190765 -0.033516477 0.794934075 0.228767252 0.560911764
1403637235.688318968 4.753465848 1.813893543 -3.434435826 -0.033994471 0.790976615 0.226300551 0.567440245
1403637235.738319159 4.827025170 1.798745368 -3.392283392 -0.033496150 0.788090425 0.219426968 0.574145709
1403637235.788318872 4.900643938 1.781805071 -3.348005996 -0.035242082 0.786240564 0.208553735 0.580593757
1403637235.838319063 4.973638545 1.764313760 -3.302516120 -0.037722818 0.785114707 0.192910392 0.587330798
1403637235.888319016 5.046095178 1.743460870 -3.258294129 -0.040971461 0.782611324 0.180205528 0.594446653
1403637235.938319206 5.116602999 1.723667757 -3.212941911 -0.046853487 0.779741275 0.166915872 0.601620634
1403637235.988318920 5.186500988 1.700968852 -3.162972545 -0.050888899 0.774959383 0.159869228 0.609335789
1403637236.038319111 5.255944121 1.674257205 -3.112698824 -0.055640207 0.769971547 0.151410001 0.617351598
1403637236.088319063 5.322019038 1.646805663 -3.058287447 -0.058540619 0.764133763 0.146507755 0.625466278
1403637236.138319016 5.388062733 1.616865528 -2.997267010 -0.061535518 0.758333802 0.141021214 0.633447900
1403637236.188318968 5.455604323 1.584758422 -2.934103685 -0.064612100 0.751660073 0.137718400 0.641767912
1403637236.238319159 5.519051038 1.546434639 -2.868277377 -0.066173491 0.745291871 0.132907450 0.649997466
1403637236.288318872 5.580803663 1.505788867 -2.799531005 -0.065809270 0.737959843 0.130798105 0.658768750
1403637236.338319063 5.643741856 1.464429279 -2.722440668 -0.064999510 0.730704709 0.127972043 0.667434527
1403637236.388319016 5.703410596 1.417866090 -2.647248323 -0.062725046 0.722783974 0.126987495 0.676404517
1403637236.438319206 5.758738907 1.368907197 -2.564328928 -0.059509696 0.715406702 0.127205080 0.684449205
1403637236.488318920 5.816187772 1.314967086 -2.479728941 -0.054846350 0.708460919 0.127846410 0.691903389
1403637236.538319111 5.872681939 1.265422444 -2.393008053 -0.050966446 0.702810512 0.127717957 0.697959834
1403637236.588319063 5.929205971 1.207310295 -2.300274553 -0.047353031 0.698498993 0.128066424 0.702464119
1403637236.638319016 5.981484044 1.160020596 -2.210740217 -0.042865582 0.695513309 0.124824309 0.706287952
1403637236.688318968 6.032249318 1.110340547 -2.117372102 -0.039416105 0.692607972 0.122569110 0.709730499
1403637236.738319159 6.081761947 1.065211788 -2.018097134 -0.033238599 0.689929667 0.117413530 0.713516862
1403637236.788318872 6.132978690 1.018558581 -1.922304612 -0.027320335 0.685859392 0.112968714 0.718393042
1403637236.838319063 6.179619600 0.966804852 -1.820007481 -0.020051408 0.681068292 0.109228788 0.723749262
1403637236.888319016 6.223676804 0.912737120 -1.714432172 -0.010661852 0.675719197 0.104199733 0.729679593
1403637236.938319206 6.264841855 0.861106507 -1.612549673 0.000313627 0.669957921 0.098249307 0.735869118
1403637236.988318920 6.298615544 0.798874784 -1.504082521 0.010373854 0.665712397 0.091297014 0.740529704
1403637237.038319111 6.326875438 0.734646525 -1.396959302 0.022226003 0.661712461 0.084677005 0.744629054
1403637237.088319063 6.349159750 0.679668904 -1.297412909 0.033789530 0.657097151 0.078604934 0.748934487
1403637237.138319016 6.364660827 0.623533472 -1.194074589 0.045740030 0.651386722 0.073384664 0.753802281
1403637237.188318968 6.374065164 0.566396055 -1.088895564 0.055096178 0.644649221 0.071582858 0.759122973
1403637237.238319159 6.375350738 0.515757614 -0.987254269 0.061557038 0.636756293 0.071109073 0.765307555
1403637237.288318872 6.369911878 0.448741382 -0.880658599 0.063600492 0.628831895 0.073137054 0.771476764
1403637237.338319063 6.359240837 0.389636266 -0.781020331 0.063688262 0.621842485 0.073631929 0.777067609
1403637237.388319016 6.340398947 0.327278597 -0.683986665 0.064264873 0.615015756 0.075535062 0.782253220
1403637237.438319206 6.332616785 0.250525452 -0.566819813 0.064348572 0.610254528 0.077656544 0.785759590
1403637237.488318920 6.303210469 0.183344138 -0.469888388 0.063647061 0.605597173 0.078471341 0.789330960
1403637237.538319111 6.268562847 0.119485235 -0.381842573 0.064688261 0.600504611 0.080509080 0.792923659
1403637237.588319063 6.227306371 0.052846728 -0.290695308 0.065450463 0.596531013 0.082793460 0.795620657
1403637237.638319016 6.183365085 -0.013486753 -0.203404158 0.068493852 0.592641260 0.085988889 0.797929095
1403637237.688318968 6.130438942 -0.081388281 -0.118421174 0.071914988 0.588937562 0.089402778 0.799992454
1403637237.738319159 6.072122891 -0.147156397 -0.035878040 0.074567240 0.585721860 0.094324567 0.801543826
1403637237.788318872 6.011806658 -0.214809175 0.046749392 0.076383877 0.583186634 0.100105513 0.802519619
1403637237.838319063 5.947062320 -0.273620128 0.122998553 0.076681339 0.581773858 0.107238866 0.802595151
1403637237.888319016 5.879076476 -0.331630953 0.194891849 0.075396394 0.581698260 0.115625915 0.801606615
1403637237.938319206 5.807792471 -0.385549024 0.260839560 0.074077579 0.582809355 0.124593702 0.799576249
1403637237.988318920 5.733722395 -0.436918277 0.324975159 0.071038977 0.585479466 0.134467941 0.796294940
1403637238.038319111 5.660904142 -0.489264178 0.391241850 0.068154912 0.588891866 0.146603229 0.791876740
1403637238.088319063 5.581146433 -0.534317709 0.452084975 0.067109907 0.592457009 0.161798030 0.786328399
1403637238.138319016 5.503756466 -0.580022708 0.507688307 0.065894656 0.597383000 0.176100396 0.779602525
1403637238.188318968 5.423249262 -0.621689446 0.561504215 0.067119249 0.603208165 0.191038368 0.771452693
1403637238.238319159 5.340331409 -0.657700604 0.604927128 0.069180474 0.609680003 0.205546695 0.762400756
1403637238.288318872 5.259717101 -0.702084133 0.653060078 0.071871861 0.617760142 0.220441714 0.751406876
1403637238.338319063 5.176389518 -0.733254978 0.689366023 0.075189327 0.626021232 0.234575947 0.739877089
1403637238.388319016 5.094497150 -0.769223941 0.726098813 0.080118083 0.636292585 0.246840738 0.726486400
1403637238.438319206 5.012899199 -0.799541872 0.753428550 0.084662334 0.646772387 0.258044550 0.712692626
1403637238.488318920 4.930766724 -0.821024202 0.776696089 0.090100985 0.658011052 0.267247906 0.698198986
1403637238.538319111 4.848119068 -0.844768925 0.789916498 0.092693390 0.669219322 0.275774452 0.683741096
1403637238.588319063 4.758729961 -0.857360878 0.799479689 0.095207048 0.679584398 0.284423036 0.669480545
1403637238.638319016 4.673682411 -0.872833926 0.802828369 0.095394002 0.686566338 0.297545849 0.656500660
1403637238.688318968 4.585965050 -0.884053684 0.797524443 0.090504210 0.691456286 0.311614397 0.645440671
1403637238.738319159 4.499181219 -0.893189273 0.786142741 0.083543116 0.693774654 0.327316184 0.636051407
1403637238.788318872 4.411683534 -0.896749448 0.768085613 0.075449828 0.694808176 0.342962759 0.627634821
1403637238.838319063 4.330880986 -0.907485424 0.749972854 0.065963752 0.694940611 0.359138273 0.619456239
1403637238.888319016 4.253524721 -0.914689978 0.723054782 0.055628239 0.694198506 0.374073205 0.612424012
1403637238.938319206 4.177438967 -0.918054885 0.687935482 0.044893322 0.692849463 0.387778245 0.606277365
1403637238.988318920 4.103754480 -0.918263494 0.639409424 0.034207390 0.691906582 0.398280174 0.601222121
1403637239.038319111 4.035711678 -0.915478130 0.583801953 0.023176876 0.693760622 0.401574603 0.597408462
1403637239.088319063 3.973799972 -0.914181453 0.520685902 0.012503127 0.697514289 0.399794732 0.594543237
1403637239.138319016 3.917909571 -0.911656157 0.449631871 0.003798083 0.705286229 0.389799220 0.592126235
1403637239.188318968 3.868959776 -0.907272250 0.371996407 -0.002441507 0.714886469 0.376129712 0.589455524
1403637239.238319159 3.826280081 -0.901582069 0.285204993 -0.004904591 0.725227739 0.361448930 0.585982375
1403637239.288318872 3.786235296 -0.893700283 0.190495859 -0.005381662 0.734090252 0.349937829 0.581915849
1403637239.338319063 3.748033435 -0.883418115 0.092383470 -0.004936995 0.742186407 0.341919786 0.576390339
1403637239.388319016 3.716392998 -0.871261333 -0.006411217 -0.002648970 0.749635462 0.337681367 0.569219599
1403637239.438319206 3.689332893 -0.864733859 -0.097758314 -0.000540783 0.757469101 0.336016327 0.559761822
1403637239.488318920 3.664088144 -0.840996782 -0.199923725 0.001793697 0.765452361 0.334321110 0.549826211
1403637239.538319111 3.642623247 -0.815890699 -0.305712122 0.004530752 0.774142543 0.332198788 0.538819786
1403637239.588319063 3.623231520 -0.784105694 -0.413024415 0.006843227 0.782948817 0.330439836 0.527023561
1403637239.638319016 3.604411336 -0.753232026 -0.523354572 0.008247863 0.791735535 0.329092212 0.514572765
1403637239.688318968 3.588693472 -0.710536933 -0.630296600 0.011076767 0.801332824 0.326138742 0.501374641
1403637239.738319159 3.573624189 -0.667776243 -0.747825343 0.013208270 0.812051055 0.319040945 0.488478763
1403637239.788318872 3.557484126 -0.616223157 -0.854411928 0.016474292 0.823921857 0.308839725 0.474867766
1403637239.838319063 3.543216760 -0.561724329 -0.973109529 0.017350106 0.836260866 0.296434228 0.460970157
1403637239.888319016 3.536178630 -0.503690164 -1.081571515 0.018604870 0.847949736 0.285356926 0.446325587
1403637239.938319206 3.524250997 -0.451562286 -1.182836083 0.020417744 0.858466959 0.277007741 0.431143025
1403637239.988318920 3.512720972 -0.391026142 -1.299097202 0.020801940 0.868312852 0.269545828 0.415866707
1403637240.038319111 3.502143009 -0.332559995 -1.421412050 0.021217759 0.876763153 0.265171234 0.400649967
1403637240.088319063 3.492385709 -0.274902034 -1.533183134 0.022470927 0.884362060 0.263017385 0.384994362
1403637240.138319016 3.476475773 -0.220105748 -1.646093762 0.022394966 0.891099523 0.263166804 0.369030267
1403637240.188318968 3.464226056 -0.162266804 -1.754524245 0.022857056 0.897116055 0.264377757 0.353220526
1403637240.238319159 3.440449552 -0.097683171 -1.868037990 0.022039339 0.901726807 0.267648191 0.338773493
1403637240.288318872 3.426051907 -0.039486842 -1.975643475 0.019733481 0.904713521 0.275040539 0.324741030
1403637240.338319063 3.415632436 0.011785522 -2.080462463 0.014505775 0.906480388 0.283564899 0.312528136
1403637240.388319016 3.390386195 0.079416518 -2.193155201 0.009121465 0.907007802 0.292310513 0.302998695
1403637240.438319206 3.374214387 0.140312703 -2.299868194 0.001006178 0.907227090 0.300539731 0.294302337
1403637240.488318920 3.357349330 0.201826325 -2.407372202 -0.005809942 0.907163379 0.307152359 0.287538306
1403637240.538319111 3.339748517 0.255625554 -2.523356687 -0.011524391 0.907029324 0.311932082 0.282601079
1403637240.588319063 3.324275818 0.313620222 -2.631253413 -0.012988096 0.907510300 0.313779571 0.278924264
1403637240.638319016 3.310233758 0.364623042 -2.744785108 -0.015662639 0.908001060 0.314178656 0.276731872
1403637240.688318968 3.300098712 0.413935858 -2.857024995 -0.018076869 0.908728826 0.313142636 0.275366731
1403637240.738319159 3.289423640 0.459032803 -2.974035290 -0.017770011 0.909263375 0.312131123 0.274769909
1403637240.788318872 3.284431621 0.505950441 -3.081576167 -0.018672651 0.911011012 0.307334754 0.274327574
1403637240.838319063 3.278697577 0.547379140 -3.195852604 -0.021200860 0.914101388 0.297294493 0.274927554
1403637240.888319016 3.276045982 0.587238339 -3.310279610 -0.019614734 0.917466656 0.286031926 0.275782403
1403637240.938319206 3.273261037 0.631494393 -3.424877388 -0.019475505 0.920090422 0.276317691 0.276952799
1403637240.988318920 3.273092647 0.674166093 -3.539601767 -0.019098229 0.921491590 0.269992319 0.278554583
1403637241.038319111 3.271979568 0.716356686 -3.646040506 -0.017927143 0.921447850 0.268804548 0.279922474
1403637241.088319063 3.275405900 0.762474131 -3.749072535 -0.016200547 0.920510118 0.270267864 0.281698325
1403637241.138319016 3.279320453 0.805701409 -3.850522514 -0.016406237 0.919463953 0.271860507 0.283564349
1403637241.188318968 3.283282432 0.849420800 -3.950945864 -0.016842186 0.918522666 0.273117180 0.285375995
1403637241.238319159 3.291403714 0.894427357 -4.050667723 -0.020533350 0.918479241 0.271658018 0.286663890
1403637241.288318872 3.299129181 0.940593684 -4.147672130 -0.024665529 0.918302706 0.270355543 0.288131276
1403637241.338319063 3.307725697 0.987529635 -4.242173917 -0.027626924 0.918465374 0.267990931 0.289549600
1403637241.388319016 3.316226570 1.034599205 -4.337007365 -0.032570746 0.918749504 0.265099168 0.290793614
1403637241.438319206 3.328695405 1.080402738 -4.428358689 -0.037313216 0.918851416 0.262931603 0.291867730
1403637241.488318920 3.342725186 1.122662602 -4.518677427 -0.041956087 0.919320639 0.259540055 0.292793801
1403637241.538319111 3.355427941 1.165464544 -4.607027674 -0.046525167 0.920431131 0.253642156 0.293781550
1403637241.588319063 3.370938292 1.206362427 -4.691104257 -0.049934270 0.920996878 0.249587643 0.294919189
1403637241.638319016 3.390066491 1.242064084 -4.774444448 -0.050596862 0.921804298 0.245250941 0.295920208
1403637241.688318968 3.411128216 1.275875511 -4.853916098 -0.049501379 0.923096896 0.239164104 0.297055997
1403637241.738319159 3.434861990 1.307980717 -4.930628186 -0.048769959 0.924368667 0.233091704 0.298047506
1403637241.788318872 3.459222994 1.336470060 -5.003877577 -0.046910899 0.925687392 0.227318664 0.298711306
1403637241.838319063 3.487756121 1.360926063 -5.072657151 -0.043091401 0.926921068 0.222265778 0.299263078
1403637241.888319016 3.516083511 1.383069062 -5.137734198 -0.034663292 0.927600538 0.219576965 0.300235997
1403637241.938319206 3.545906779 1.404375117 -5.198227928 -0.021854626 0.928256435 0.216751797 0.301464800
1403637241.988318920 3.576469617 1.421042579 -5.255830819 -0.012185638 0.928837228 0.213907578 0.302252314
1403637242.038319111 3.605097148 1.435267623 -5.310447467 -0.006450956 0.929467705 0.211163085 0.302420769
1403637242.088319063 3.626567877 1.448940490 -5.360331223 -0.006353859 0.929810942 0.210406744 0.301894423
1403637242.138319016 3.654073143 1.461024946 -5.407613099 -0.010053799 0.929877937 0.211242512 0.301002565
1403637242.188318968 3.679902459 1.470009967 -5.450202315 -0.015986627 0.929807353 0.212785902 0.299874764
1403637242.238319159 3.706224379 1.475662962 -5.488309274 -0.021447852 0.929861333 0.213490295 0.298864159
1403637242.288318872 3.734213467 1.479517194 -5.523534781 -0.026353909 0.930105987 0.213555060 0.297661822
1403637242.338319063 3.759235101 1.482568431 -5.555543323 -0.032897291 0.930767480 0.211529141 0.296386721
1403637242.388319016 3.784266481 1.487919190 -5.583217151 -0.039042325 0.931661579 0.208090059 0.295264164
1403637242.438319206 3.814696715 1.495489905 -5.607642331 -0.044253599 0.932742821 0.203635608 0.294219286
1403637242.488318920 3.843123123 1.501057339 -5.626169154 -0.048310995 0.933730213 0.199763824 0.293101266
1403637242.538319111 3.873347721 1.504644130 -5.639473905 -0.049813599 0.934150724 0.196883515 0.293458536
1403637242.588319063 3.904357601 1.506563547 -5.647080154 -0.049091653 0.933931701 0.194198271 0.296055096
1403637242.638319016 3.937187091 1.505069686 -5.650133203 -0.046967212 0.932483288 0.193986465 0.301061871
1403637242.688318968 3.975454925 1.503976317 -5.646637894 -0.044062028 0.930320885 0.194201659 0.307972895
1403637242.738319159 4.009179204 1.497460183 -5.638873790 -0.039151808 0.927287588 0.195251818 0.316988317
1403637242.788318872 4.047453222 1.488849911 -5.627628984 -0.031760435 0.924163687 0.196537715 0.326014847
1403637242.838319063 4.084343578 1.475325520 -5.612616475 -0.024556128 0.921623455 0.195759411 0.334193741
1403637242.888319016 4.119247117 1.458731335 -5.593058994 -0.018553106 0.919106665 0.195144170 0.341785714
1403637242.938319206 4.154814375 1.440416775 -5.569777243 -0.015743842 0.917542791 0.192083849 0.347809077
1403637242.988318920 4.187059277 1.420600176 -5.543802143 -0.013862464 0.916179390 0.189147390 0.353053001
1403637243.038319111 4.217908373 1.402304479 -5.514554759 -0.015923615 0.914637635 0.188423748 0.357324680
1403637243.088319063 4.251054196 1.383041376 -5.480952816 -0.020069811 0.913486435 0.188243493 0.360144587
1403637243.138319016 4.281793516 1.364740064 -5.442297368 -0.024499137 0.912240485 0.189317154 0.362458418
1403637243.188318968 4.312048637 1.346614511 -5.399688432 -0.026640482 0.910306900 0.194436561 0.364453092
1403637243.238319159 4.341400575 1.329751687 -5.354689608 -0.026932247 0.908040745 0.201184992 0.366416781
1403637243.288318872 4.370815799 1.314070637 -5.305721561 -0.025767134 0.906252182 0.206576859 0.367925316
1403637243.338319063 4.399116397 1.300523590 -5.253773955 -0.024595497 0.904634212 0.211576911 0.369143893
1403637243.388319016 4.428189515 1.287308550 -5.199235343 -0.023007678 0.903582067 0.214985742 0.369852979
1403637243.438319206 4.457621190 1.273039361 -5.141044454 -0.020583904 0.902866268 0.218085983 0.369928790
1403637243.488318920 4.486544309 1.256266201 -5.082691197 -0.020026851 0.902617816 0.218940422 0.370060935
1403637243.538319111 4.513856758 1.238884359 -5.022631952 -0.018259673 0.901900499 0.221884499 0.370147731
1403637243.588319063 4.543722258 1.222994243 -4.958479835 -0.015842163 0.900401199 0.227818011 0.370304822
1403637243.638319016 4.571153054 1.203680238 -4.894307494 -0.013211761 0.898855846 0.233784081 0.370443815
1403637243.688318968 4.597857216 1.181056745 -4.829319351 -0.011580464 0.896869785 0.241435275 0.370404495
1403637243.738319159 4.624930710 1.157058813 -4.764735822 -0.007994538 0.895766511 0.246397910 0.369900682
1403637243.788318872 4.651763506 1.131734663 -4.701557196 -0.002686374 0.893453369 0.254869819 0.369831362
1403637243.838319063 4.676962487 1.101747259 -4.637462968 0.004593252 0.890848775 0.263801606 0.369832495
1403637243.888319016 4.705700253 1.070517810 -4.572404774 0.008786353 0.889234363 0.270583272 0.368740750
1403637243.938319206 4.729892704 1.037681838 -4.512944565 0.013967581 0.887499060 0.276354582 0.368481303
1403637243.988318920 4.751789675 1.002874751 -4.454425757 0.015543105 0.887085617 0.278539873 0.367767669
1403637244.038319111 4.776251493 0.969345753 -4.399515021 0.016123116 0.887298377 0.279107445 0.366797860
1403637244.088319063 4.797223755 0.931170924 -4.344346750 0.016632420 0.887638417 0.279360782 0.365758058
1403637244.138319016 4.816942568 0.890967114 -4.291918774 0.015360784 0.888184558 0.279068083 0.364709805
1403637244.188318968 4.839281038 0.852235699 -4.240733075 0.015142055 0.889315014 0.277165982 0.363412358
1403637244.238319159 4.859849359 0.809716046 -4.191392437 0.015218204 0.890066124 0.276218813 0.362289758
1403637244.288318872 4.879102030 0.764958217 -4.143482675 0.015349804 0.889917043 0.277577068 0.361611687
1403637244.338319063 4.896534400 0.721216288 -4.096874357 0.014893704 0.889699425 0.279347158 0.360802267
1403637244.388319016 4.915009358 0.678026875 -4.053309947 0.014797669 0.888533978 0.282306785 0.361374153
1403637244.438319206 4.930571357 0.632266004 -4.010902438 0.012978282 0.887074182 0.284456121 0.363339613
1403637244.488318920 4.946836854 0.586026415 -3.969586251 0.009421288 0.885741493 0.284888048 0.366349625
1403637244.538319111 4.963616778 0.538867158 -3.928673085 0.002760555 0.884616085 0.282931060 0.370670711
1403637244.588319063 4.984571908 0.491205558 -3.890496258 -0.004706393 0.882929561 0.281579575 0.375667650
1403637244.638319016 4.999067233 0.449987883 -3.853277580 -0.012107701 0.880768773 0.279540546 0.382043002
1403637244.688318968 5.017447906 0.405992515 -3.813947733 -0.017947058 0.878171205 0.278059144 0.388814030
1403637244.738319159 5.034921292 0.365151827 -3.775459459 -0.022148568 0.875352877 0.276877339 0.395734408
1403637244.788318872 5.054682221 0.325826695 -3.736889565 -0.025231005 0.872818315 0.275833163 0.401830377
1403637244.838319063 5.076175739 0.288731842 -3.700038372 -0.027464204 0.870468822 0.275211721 0.407171041
1403637244.888319016 5.096941957 0.253719077 -3.661312742 -0.028526464 0.868349417 0.274335812 0.412183689
1403637244.938319206 5.120953928 0.219770602 -3.625773326 -0.028192248 0.865860675 0.275514650 0.416631932
1403637244.988318920 5.146489315 0.187092083 -3.587812524 -0.027288084 0.863458462 0.277761542 0.420170645
1403637245.038319111 5.172152507 0.154522628 -3.554202068 -0.023934963 0.860430064 0.283224099 0.422931829
1403637245.088319063 5.199722235 0.126731809 -3.517544287 -0.017706121 0.856406782 0.292304411 0.425220000
1403637245.138319016 5.227019097 0.101665389 -3.483054721 -0.012714369 0.852543491 0.301080485 0.427034522
1403637245.188318968 5.256816042 0.074743884 -3.453996859 -0.010907613 0.849479457 0.308299922 0.428038356
1403637245.238319159 5.291170285 0.054433099 -3.422472030 -0.013101628 0.849550329 0.307399097 0.428483817
1403637245.288318872 5.321940648 0.034001831 -3.395737533 -0.016152033 0.851307856 0.301965113 0.428755311
1403637245.338319063 5.354749940 0.014316433 -3.370698167 -0.021076698 0.853431921 0.295857859 0.428576547
1403637245.388319016 5.390928548 -0.006611395 -3.348935921 -0.023740916 0.855017693 0.290757775 0.428766872
1403637245.438319206 5.428478427 -0.025194149 -3.327161107 -0.026749249 0.855821325 0.286411703 0.429910077
1403637245.488318920 5.467790755 -0.042151047 -3.303411943 -0.029052618 0.855682193 0.283267624 0.432115011
1403637245.538319111 5.506335268 -0.057465492 -3.279906318 -0.029832912 0.854363690 0.281283210 0.435950042
1403637245.588319063 5.545898820 -0.070079426 -3.256768043 -0.032132750 0.852633522 0.278883491 0.440689871
1403637245.638319016 5.590417465 -0.080595505 -3.230051911 -0.032613334 0.849843211 0.278121972 0.446487465
1403637245.688318968 5.634493800 -0.092968924 -3.211165074 -0.034110400 0.846401670 0.276979791 0.453566851
1403637245.738319159 5.681135664 -0.104785299 -3.188153571 -0.033122150 0.843033031 0.273914914 0.461702125
1403637245.788318872 5.728823003 -0.115467438 -3.168005572 -0.030021849 0.839612966 0.267691852 0.471688275
1403637245.838319063 5.781156503 -0.127273377 -3.143453230 -0.026694095 0.836491877 0.257881908 0.482768772
1403637245.888319016 5.830595101 -0.127634606 -3.122586432 -0.023240157 0.831772497 0.248607064 0.495791223
1403637245.938319206 5.880900031 -0.132724160 -3.098213338 -0.020029954 0.825682275 0.240901110 0.509719763
1403637245.988318920 5.930615439 -0.140715425 -3.073746610 -0.018645942 0.818493353 0.233498209 0.524594650
1403637246.038319111 5.979155060 -0.143804767 -3.054640385 -0.017760695 0.809633396 0.226583190 0.541145434
1403637246.088319063 6.032541925 -0.148059835 -3.032708650 -0.016780073 0.799393777 0.220345993 0.558691025
1403637246.138319016 6.082311143 -0.147479232 -3.003032621 -0.016636020 0.788476670 0.213244372 0.576675490
1403637246.188318968 6.130282982 -0.150983281 -2.978338297 -0.016345416 0.775907554 0.207430036 0.595544352
1403637246.238319159 6.179551032 -0.149988079 -2.953985835 -0.015690365 0.762261521 0.201125972 0.615028072
1403637246.288318872 6.227029927 -0.151800443 -2.919777436 -0.016891564 0.748119290 0.195307512 0.633945723
1403637246.338319063 6.273761755 -0.144564091 -2.889703074 -0.017159798 0.733320856 0.187213006 0.653373824
1403637246.388319016 6.320901891 -0.138505247 -2.863806484 -0.019446826 0.717883744 0.178389808 0.672637961
1403637246.438319206 6.364353997 -0.138790650 -2.830575365 -0.023352549 0.702931697 0.168272971 0.690670613
1403637246.488318920 6.410846923 -0.130269231 -2.797154249 -0.025015833 0.688178454 0.156565195 0.708005624
1403637246.538319111 6.452507437 -0.122752894 -2.768971638 -0.024293733 0.672758937 0.146212242 0.724863579
1403637246.588319063 6.493455181 -0.120552447 -2.724718779 -0.024169472 0.659003654 0.134230577 0.739670314
1403637246.638319016 6.532012915 -0.111494055 -2.686966875 -0.022010083 0.644105093 0.124333467 0.754443752
1403637246.688318968 6.563279623 -0.108565796 -2.644677677 -0.018100126 0.629889335 0.113795746 0.768090059
1403637246.738319159 6.596354753 -0.104953490 -2.598809319 -0.017080367 0.615765764 0.104746119 0.780749022
1403637246.788318872 6.627543123 -0.100378465 -2.554083189 -0.015257921 0.600775992 0.097209656 0.793338318
1403637246.838319063 6.653899928 -0.097622956 -2.508635128 -0.014489064 0.585948145 0.090333192 0.805167531
1403637246.888319016 6.675594309 -0.104918770 -2.458770546 -0.016235135 0.571491160 0.085679594 0.815961568
1403637246.938319206 6.695206679 -0.101794007 -2.419394495 -0.019302183 0.556314028 0.084189845 0.826470930
1403637246.988318920 6.715524605 -0.098671925 -2.376649540 -0.025017947 0.542755864 0.084292050 0.835275419
1403637247.038319111 6.730749341 -0.112142846 -2.324846181 -0.030745040 0.531528803 0.086162538 0.842085441
1403637247.088319063 6.743060503 -0.120990269 -2.283440931 -0.036755339 0.521615220 0.089743189 0.847651324
1403637247.138319016 6.754574199 -0.120057867 -2.240711669 -0.040458437 0.513193836 0.094348487 0.852111240
1403637247.188318968 6.762161749 -0.122743717 -2.189216025 -0.044037524 0.507533346 0.097710851 0.854940459
1403637247.238319159 6.770877439 -0.127689246 -2.137527988 -0.045777188 0.502888862 0.101984469 0.857091833
1403637247.288318872 6.780376435 -0.128081072 -2.085832420 -0.044621512 0.499866951 0.103493268 0.858738083
1403637247.338319063 6.791650795 -0.130270340 -2.036542662 -0.038883570 0.498518257 0.101999082 0.859978955
1403637247.388319016 6.802619696 -0.125677162 -1.992343333 -0.026470910 0.498730249 0.095018994 0.861126483
1403637247.438319206 6.809273123 -0.127232965 -1.939446778 -0.013624998 0.500262913 0.088162792 0.861265754
1403637247.488318920 6.815993294 -0.129179280 -1.888463584 -0.006274470 0.500928611 0.085550749 0.861227164
1403637247.538319111 6.819810667 -0.133011671 -1.831971131 -0.005132974 0.501333530 0.083987655 0.861152958
1403637247.588319063 6.820439987 -0.121105618 -1.782225558 -0.004627841 0.499969196 0.082202531 0.862120717
1403637247.638319016 6.817887255 -0.113566757 -1.728517388 -0.005470479 0.497871059 0.079565555 0.863576172
1403637247.688318968 6.812695954 -0.107232603 -1.675762751 -0.006951965 0.495749899 0.073062431 0.865358648
1403637247.738319159 6.804866803 -0.107187088 -1.619540893 -0.009742638 0.492932363 0.066308823 0.867482511
1403637247.788318872 6.793710698 -0.099286035 -1.562888036 -0.012746837 0.489686742 0.059093407 0.869800197
1403637247.838319063 6.780080756 -0.093945351 -1.511807631 -0.013823412 0.484895835 0.052233062 0.872901283
1403637247.888319016 6.761331089 -0.089340074 -1.456944960 -0.012569720 0.478521446 0.049898331 0.876566817
1403637247.938319206 6.742994664 -0.090730040 -1.410921018 -0.007827834 0.469850868 0.049345361 0.881330768
1403637247.988318920 6.715707301 -0.097274484 -1.358045907 -0.003490881 0.461368563 0.050671555 0.885753497
1403637248.038319111 6.691134671 -0.100550416 -1.311279980 -0.003747177 0.451459702 0.053942191 0.890651635
1403637248.088319063 6.659185711 -0.103215608 -1.262353104 -0.008418167 0.442186357 0.056165506 0.895123341
1403637248.138319016 6.620568243 -0.107055565 -1.208904058 -0.013532029 0.433339409 0.058911425 0.899201471
1403637248.188318968 6.584740368 -0.104702633 -1.152618515 -0.018004060 0.425346646 0.061340095 0.902769892
1403637248.238319159 6.545603662 -0.113266843 -1.101015245 -0.024668683 0.418884433 0.062529273 0.905548109
1403637248.288318872 6.507094972 -0.122280001 -1.048392760 -0.027281163 0.412644871 0.066181661 0.908074851
1403637248.338319063 6.470212994 -0.122756000 -1.001556982 -0.029755382 0.407694377 0.065771995 0.910260379
1403637248.388319016 6.428459642 -0.122999423 -0.947891807 -0.029643902 0.404470226 0.066345678 0.911659655
1403637248.438319206 6.386445007 -0.121504341 -0.892356763 -0.027892051 0.402216034 0.067087672 0.912657405
1403637248.488318920 6.344844683 -0.121591022 -0.839304939 -0.025737622 0.400870315 0.065951441 0.913395299
1403637248.538319111 6.304509917 -0.126683833 -0.788861686 -0.020899543 0.399999911 0.064270137 0.914020038
1403637248.588319063 6.262286232 -0.128727511 -0.737130705 -0.017309643 0.400059103 0.062030148 0.914223906
1403637248.638319016 6.217588481 -0.133222217 -0.687743672 -0.017550107 0.400629387 0.060914429 0.914044594
1403637248.688318968 6.173393087 -0.136948413 -0.639748331 -0.020972563 0.401057746 0.061746622 0.913728729
1403637248.738319159 6.131490943 -0.143205109 -0.593799440 -0.025887932 0.401464612 0.063282739 0.913318825
1403637248.788318872 6.083454498 -0.145467662 -0.547995085 -0.030552231 0.402595150 0.064549549 0.912588112
1403637248.838319063 6.034181390 -0.152107525 -0.501340195 -0.033657172 0.403807981 0.066449022 0.911806359
1403637248.888319016 5.985738219 -0.163837420 -0.453828561 -0.036052889 0.405078939 0.068929934 0.910966468
1403637248.938319206 5.935178634 -0.176159824 -0.407474096 -0.036729654 0.406116699 0.071864192 0.910250348
1403637248.988318920 5.884462747 -0.192835677 -0.362444382 -0.037773636 0.407183793 0.074006742 0.909558966
1403637249.038319111 5.834653398 -0.210194063 -0.315937184 -0.037607774 0.408777328 0.074202850 0.908834797
1403637249.088319063 5.784225170 -0.229356028 -0.270279547 -0.038408470 0.410235584 0.074685171 0.908104443
1403637249.138319016 5.732675465 -0.250783734 -0.224648510 -0.037781962 0.411535411 0.075025348 0.907514367
1403637249.188318968 5.678414723 -0.270096055 -0.176357847 -0.038104037 0.412893757 0.075177120 0.906871120
1403637249.238319159 5.625422238 -0.294942229 -0.129884141 -0.037382845 0.413870264 0.075805237 0.906403604
1403637249.288318872 5.571032098 -0.321331265 -0.084500830 -0.036335340 0.414644473 0.076649263 0.906021299
1403637249.338319063 5.518673519 -0.346572304 -0.042169315 -0.035246744 0.415761474 0.075186279 0.905674935
1403637249.388319016 5.464612278 -0.369332272 0.003716973 -0.035010948 0.416156433 0.076146020 0.905422465
1403637249.438319206 5.409765852 -0.386012206 0.049982284 -0.034550831 0.416178047 0.076877554 0.905368386
1403637249.488318920 5.355251448 -0.398980692 0.099185723 -0.033834505 0.416585900 0.076999490 0.905197488
1403637249.538319111 5.300651511 -0.409043484 0.150095808 -0.033930919 0.416532403 0.077502599 0.905175561
1403637249.588319063 5.245745174 -0.414602444 0.200554362 -0.033514171 0.416122974 0.078028221 0.905334230
1403637249.638319016 5.192209194 -0.415783870 0.251917060 -0.033072950 0.415754804 0.077914655 0.905529364
1403637249.688318968 5.136363084 -0.413391404 0.305225896 -0.030864486 0.415810374 0.076706996 0.905684908
1403637249.738319159 5.080536272 -0.415188481 0.357890753 -0.026133878 0.415341720 0.075427701 0.906156133
1403637249.788318872 5.023987518 -0.413667618 0.409720506 -0.021924236 0.414760209 0.072535701 0.906770020
1403637249.838319063 4.967649094 -0.415060913 0.461632338 -0.017937647 0.412754420 0.070270338 0.907950499
1403637249.888319016 4.907565436 -0.418317057 0.511499003 -0.015818990 0.409147048 0.068851148 0.909729615
1403637249.938319206 4.845924889 -0.421360498 0.559688267 -0.016128642 0.404103327 0.067285916 0.912092634
1403637249.988318920 4.781748015 -0.428570655 0.607601521 -0.017029334 0.397149340 0.069480288 0.914961689
1403637250.038319111 4.716509955 -0.435882706 0.656922444 -0.018629234 0.390254760 0.073429818 0.917585002
1403637250.088319063 4.653689256 -0.443399689 0.703237163 -0.019570331 0.382971200 0.077886994 0.920262831
1403637250.138319016 4.590062991 -0.454245011 0.747973295 -0.022619589 0.376090369 0.080695703 0.922785236
1403637250.188318968 4.524990592 -0.467263191 0.793033706 -0.023598153 0.369355106 0.081844114 0.925376396
1403637250.238319159 4.459918542 -0.475825067 0.840895004 -0.023264042 0.362234039 0.083600217 0.928038948
1403637250.288318872 4.396091292 -0.484254058 0.884467218 -0.022911787 0.355418435 0.085607950 0.930496677
1403637250.338319063 4.331532900 -0.491583867 0.928266592 -0.021444146 0.349310201 0.088384940 0.932582776
1403637250.388319016 4.274160125 -0.494912084 0.971024247 -0.021357661 0.344315113 0.089791980 0.934306349
1403637250.438319206 4.214862916 -0.498885625 1.011221226 -0.021302263 0.339612216 0.093166542 0.935697468
1403637250.488318920 4.158500415 -0.500748328 1.052539323 -0.021529489 0.335274418 0.096860562 0.936880770
1403637250.538319111 4.098919374 -0.500617011 1.093690424 -0.023670402 0.332485479 0.099382388 0.937558670
1403637250.588319063 4.043356548 -0.502715322 1.134613347 -0.025107522 0.330089896 0.101670264 0.938122290
1403637250.638319016 3.989345248 -0.504869889 1.170722549 -0.027982699 0.327379347 0.100157988 0.939152868
1403637250.688318968 3.935840219 -0.508367441 1.206028137 -0.029402485 0.324673826 0.099768557 0.940089695
1403637250.738319159 3.884439912 -0.516284310 1.239047873 -0.030686406 0.322637683 0.098788131 0.940852898
1403637250.788318872 3.831822194 -0.525114994 1.271823167 -0.032377136 0.321409364 0.096484056 0.941455559
1403637250.838319063 3.787233070 -0.535767644 1.302357504 -0.031498737 0.319827205 0.096095759 0.942063689
1403637250.888319016 3.741591770 -0.546708709 1.333288429 -0.029818816 0.318883007 0.095247361 0.942524486
1403637250.938319206 3.698596741 -0.558131906 1.362106207 -0.029739949 0.317591150 0.096661488 0.942819152
1403637250.988318920 3.655434735 -0.573326711 1.389387626 -0.028736157 0.316657113 0.097590287 0.943068737
1403637251.038319111 3.614934647 -0.590011246 1.414455644 -0.028578300 0.314598902 0.098516605 0.943665878
1403637251.088319063 3.575124918 -0.607633869 1.437720007 -0.029331519 0.311114269 0.100309970 0.944608640
1403637251.138319016 3.537991810 -0.625522844 1.459985744 -0.030717704 0.306541175 0.102959306 0.945773922
1403637251.188318968 3.501723510 -0.643671238 1.481447847 -0.031542382 0.302211361 0.104975095 0.946917948
1403637251.238319159 3.468508032 -0.664811204 1.502145497 -0.032553676 0.298226862 0.106225620 0.948006917
1403637251.288318872 3.437907391 -0.687341540 1.520209288 -0.032477965 0.294611690 0.106070294 0.949156587
1403637251.338319063 3.406285077 -0.712814063 1.537336184 -0.031949076 0.291524488 0.101956994 0.950577457
1403637251.388319016 3.377739915 -0.739418541 1.553210962 -0.030603041 0.289882112 0.092482048 0.952091847
1403637251.438319206 3.347052904 -0.765119173 1.568112692 -0.029237574 0.286127525 0.086418693 0.953838568
1403637251.488318920 3.322163570 -0.791820472 1.581344415 -0.028234873 0.281372361 0.079817674 0.955856436
1403637251.538319111 3.297505072 -0.817696013 1.594553747 -0.027345808 0.275367478 0.074932924 0.958024016
1403637251.588319063 3.275343527 -0.839390878 1.607855071 -0.026920260 0.269050768 0.070132400 0.960191872
1403637251.638319016 3.252918964 -0.859642513 1.620869300 -0.026290966 0.263085281 0.066514077 0.962117871
1403637251.688318968 3.233629962 -0.879159906 1.632217009 -0.026141644 0.256914141 0.064750665 0.963908237
1403637251.738319159 3.212209726 -0.897289671 1.644579047 -0.026022010 0.251749541 0.063432478 0.965360733
1403637251.788318872 3.193502677 -0.913209850 1.656429801 -0.025383106 0.247406908 0.062184561 0.966580881
1403637251.838319063 3.174222526 -0.926126023 1.669311898 -0.025551292 0.244572538 0.059501560 0.967466263
1403637251.888319016 3.157622220 -0.939965832 1.679103091 -0.022791578 0.242620539 0.056058837 0.968232010
1403637251.938319206 3.141520834 -0.952974402 1.688223264 -0.020855869 0.241927807 0.049977030 0.968781846
1403637251.988318920 3.125844447 -0.965357122 1.697484084 -0.017423577 0.242139186 0.042917550 0.969135242
1403637252.038319111 3.110140616 -0.976378686 1.705579714 -0.014997091 0.242165114 0.038491724 0.969355215
1403637252.088319063 3.093146154 -0.986055442 1.713512916 -0.011723401 0.241906149 0.034665443 0.969609346
1403637252.138319016 3.077194574 -0.994190622 1.719700612 -0.008481715 0.241278534 0.033360146 0.969845261
1403637252.188318968 3.060007550 -1.001312912 1.725721916 -0.005012271 0.240063401 0.034607127 0.970127202
1403637252.238319159 3.042380759 -1.007804468 1.730471406 -0.004045608 0.238862376 0.036992176 0.970340135
1403637252.288318872 3.017909222 -1.009049554 1.736218498 -0.004221149 0.238175960 0.038821643 0.970436641
1403637252.338319063 2.998985059 -1.009614568 1.738909949 -0.005521702 0.237370144 0.041074513 0.970534806
1403637252.388319016 2.980120078 -1.007758667 1.740480343 -0.008835668 0.236673937 0.043720392 0.970564736
1403637252.438319206 2.962698152 -1.003318335 1.741318624 -0.013479857 0.236039035 0.046662129 0.970528986
1403637252.488318920 2.946061288 -0.997899635 1.740799299 -0.016900413 0.235710579 0.048692780 0.970455518
1403637252.538319111 2.928678463 -0.990602608 1.740153521 -0.019685708 0.235556812 0.050099489 0.970368746
1403637252.588319063 2.911486855 -0.981687794 1.739635927 -0.022095080 0.235542414 0.051608196 0.970241296
1403637252.638319016 2.894590410 -0.971776415 1.739112193 -0.024544642 0.235164315 0.054000883 0.970143912
1403637252.688318968 2.877618761 -0.960286026 1.737385764 -0.029154074 0.234413133 0.057444250 0.970000351
1403637252.738319159 2.862645551 -0.948757762 1.736385989 -0.033985123 0.233132944 0.062303350 0.969851707
1403637252.788318872 2.849016245 -0.938607634 1.732809819 -0.038688458 0.231842166 0.067707457 0.969622666
1403637252.838319063 2.837348208 -0.930335421 1.729260933 -0.042360392 0.231774271 0.068614988 0.969421615
1403637252.888319016 2.826828247 -0.924353995 1.725317958 -0.041485448 0.233137985 0.065185425 0.969369124
1403637252.938319206 2.817407856 -0.921073271 1.721375075 -0.037529896 0.235058691 0.060716248 0.969356723
1403637252.988318920 2.808322126 -0.919456169 1.716621712 -0.034682713 0.236943350 0.055428606 0.969320704
1403637253.038319111 2.800687553 -0.920125978 1.710611992 -0.032222677 0.238495024 0.051487983 0.969242390
1403637253.088319063 2.793365853 -0.922140620 1.703961530 -0.029883052 0.239282336 0.049673426 0.969217993
1403637253.138319016 2.786234451 -0.924667764 1.696703779 -0.028045851 0.240227922 0.047795442 0.969133413
1403637253.188318968 2.779143102 -0.926809779 1.689408685 -0.027264387 0.240789293 0.047056846 0.969052539
1403637253.238319159 2.772828934 -0.927383641 1.681529312 -0.025893563 0.241220479 0.046684883 0.969000890
1403637253.288318872 2.766368611 -0.926825539 1.673939301 -0.026011392 0.241759423 0.046443223 0.968875026
1403637253.338319063 2.755485773 -0.922174704 1.668192118 -0.026028440 0.241852291 0.047707374 0.968789965
1403637253.388319016 2.749198366 -0.917644236 1.660718518 -0.025910666 0.242423608 0.046473214 0.968710314
1403637253.438319206 2.743047897 -0.912048443 1.653026468 -0.024887765 0.241916689 0.048623806 0.968758298
1403637253.488318920 2.737702706 -0.904824204 1.644965850 -0.024438430 0.242423714 0.047745879 0.968686656
1403637253.538319111 2.732077312 -0.895958323 1.636929970 -0.025881088 0.242836910 0.047508296 0.968557363
1403637253.588319063 2.726699707 -0.886888883 1.628494952 -0.026258270 0.243103897 0.047002038 0.968504934
1403637253.638319016 2.720953029 -0.878459069 1.620061329 -0.026811121 0.243807058 0.044914256 0.968412098
1403637253.688318968 2.715386879 -0.872026520 1.610493614 -0.026305393 0.244534153 0.042509848 0.968351169
1403637253.738319159 2.709551230 -0.867060562 1.600070967 -0.026108030 0.245139856 0.040518666 0.968288727
1403637253.788318872 2.703682298 -0.864156875 1.588341602 -0.024920306 0.246215442 0.036905821 0.968191559
1403637253.838319063 2.697064722 -0.862195453 1.576318779 -0.024718427 0.246715327 0.036065772 0.968101135
1403637253.888319016 2.689932265 -0.861291977 1.563205990 -0.024455485 0.246897342 0.034997901 0.968100604
1403637253.938319206 2.682406439 -0.861478251 1.549306170 -0.024204055 0.246909799 0.034981869 0.968104325
1403637253.988318920 2.674116427 -0.863424858 1.534648033 -0.024302767 0.247244056 0.034491801 0.968034125
1403637254.038319111 2.665117164 -0.867084914 1.519801372 -0.023670548 0.247814522 0.032674162 0.967966976
1403637254.088319063 2.655404116 -0.871860237 1.504057949 -0.022979203 0.247340782 0.032558843 0.968108680
1403637254.138319016 2.645300481 -0.876783389 1.488313248 -0.022131780 0.245520646 0.031024768 0.968641967
1403637254.188318968 2.633364009 -0.884080164 1.470821627 -0.022573907 0.242093209 0.030665122 0.969505517
1403637254.238319159 2.620273526 -0.892816650 1.452636051 -0.024735805 0.237995681 0.029098621 0.970515052
1403637254.288318872 2.606416830 -0.901725830 1.433990316 -0.027754859 0.233502961 0.027143500 0.971580808
1403637254.338319063 2.589280150 -0.910987418 1.416614015 -0.031103515 0.229245863 0.025700595 0.972531946
1403637254.388319016 2.572368664 -0.919015118 1.397862685 -0.034589419 0.224713196 0.024558892 0.973501111
1403637254.438319206 2.557202456 -0.927826314 1.378318033 -0.036788443 0.220450073 0.024280803 0.974401775
1403637254.488318920 2.542317149 -0.934829489 1.359988691 -0.039601458 0.217435121 0.022903423 0.975002116
1403637254.538319111 2.526508016 -0.940395767 1.342030696 -0.041055811 0.214047628 0.022733793 0.975695243
1403637254.588319063 2.511155673 -0.944885647 1.324872449 -0.040856928 0.211441962 0.021613605 0.976297014
1403637254.638319016 2.495504722 -0.948469622 1.308723531 -0.039722433 0.209285703 0.021380375 0.976813443
1403637254.688318968 2.479267902 -0.950037727 1.293823559 -0.038631434 0.207780175 0.020018576 0.977207382
1403637254.738319159 2.463333462 -0.950756837 1.279617111 -0.036217886 0.206523797 0.018863089 0.977589060
1403637254.788318872 2.446214142 -0.950020251 1.266206920 -0.033453434 0.205434812 0.018908317 0.977916091
1403637254.838319063 2.431177047 -0.947898689 1.253442795 -0.030718298 0.203973291 0.020125590 0.978287403
1403637254.888319016 2.414277012 -0.944014277 1.240683026 -0.028487222 0.203172790 0.020213619 0.978519650
1403637254.938319206 2.397412307 -0.939155280 1.227723901 -0.026761054 0.202514926 0.020783295 0.978692804
1403637254.988318920 2.380819145 -0.931498839 1.215914389 -0.024469083 0.202409626 0.020292331 0.978784874
1403637255.038319111 2.363479679 -0.923926421 1.202838737 -0.024414306 0.201763020 0.019944081 0.978926892
1403637255.088319063 2.345300974 -0.916665378 1.189729124 -0.023345776 0.199480987 0.019390965 0.979431621
1403637255.138319016 2.325862636 -0.910123888 1.175409535 -0.023595564 0.195676275 0.019406943 0.980192540
1403637255.188318968 2.306281167 -0.904058064 1.161555532 -0.023872359 0.191327226 0.017851666 0.981073555
1403637255.238319159 2.284011857 -0.900313736 1.145672529 -0.023806826 0.186442530 0.016773403 0.982034150
1403637255.288318872 2.263445690 -0.896942603 1.131271546 -0.023040124 0.181719355 0.016333855 0.982944777
1403637255.338319063 2.242187339 -0.895810084 1.113634957 -0.022038307 0.177211328 0.015619875 0.983802052
1403637255.388319016 2.220881983 -0.894699845 1.093788627 -0.023110223 0.171608754 0.015976470 0.984764492
1403637255.438319206 2.195695818 -0.890788595 1.075084581 -0.024103214 0.166330336 0.013936510 0.985676939
1403637255.488318920 2.173799998 -0.886931542 1.054400409 -0.025063344 0.160170784 0.012086004 0.986697054
1403637255.538319111 2.152365176 -0.881087553 1.034807830 -0.025923437 0.153538812 0.009032032 0.987761222
1403637255.588319063 2.130097878 -0.873486574 1.017414554 -0.026736845 0.146596252 0.004739075 0.988823655
1403637255.638319016 2.107353908 -0.865464019 0.999882324 -0.026887095 0.139002497 0.001039861 0.989926416
1403637255.688318968 2.083970650 -0.855783829 0.979461116 -0.028796073 0.130703138 -0.003273285 0.990997861
1403637255.738319159 2.059768600 -0.845910017 0.959321217 -0.031216060 0.121671651 -0.007291750 0.992052618
1403637255.788318872 2.037219591 -0.839394287 0.936078505 -0.033830701 0.112244626 -0.011997008 0.993032074
1403637255.838319063 2.013168623 -0.833989841 0.915578822 -0.036821598 0.102145891 -0.015472144 0.993967303
1403637255.888319016 1.988717011 -0.828865867 0.892970742 -0.039501249 0.091706367 -0.019085172 0.994819255
1403637255.938319206 1.958205234 -0.823954971 0.875814707 -0.040342132 0.082162261 -0.022482804 0.995548291
1403637255.988318920 1.933796781 -0.824215030 0.855660682 -0.041749382 0.072945421 -0.024609196 0.996157790
1403637256.038319111 1.908902483 -0.825535393 0.832957621 -0.042420056 0.065419160 -0.027668338 0.996571791
1403637256.088319063 1.884383063 -0.828846919 0.809823256 -0.043324058 0.059471369 -0.030635271 0.996818771
1403637256.138319016 1.858908171 -0.832041491 0.788191317 -0.042624978 0.054741621 -0.032695646 0.997054392
1403637256.188318968 1.832514791 -0.836115491 0.766894205 -0.040402889 0.051221725 -0.034521440 0.997272386
1403637256.238319159 1.805062968 -0.840313804 0.747241376 -0.036706130 0.048346374 -0.035854968 0.997511759
1403637256.288318872 1.777148901 -0.843578568 0.727437164 -0.034722623 0.046285987 -0.036349121 0.997662612
1403637256.338319063 1.750267462 -0.842319121 0.706077979 -0.033007492 0.045125418 -0.037546629 0.997729649
1403637256.388319016 1.719932598 -0.839895631 0.682858844 -0.031408800 0.044495215 -0.038189963 0.997785142
1403637256.438319206 1.693094212 -0.835992913 0.663149616 -0.030771994 0.044732650 -0.039769416 0.997732664
1403637256.488318920 1.665561655 -0.831020353 0.643955214 -0.029937235 0.045354954 -0.040348794 0.997706703
1403637256.538319111 1.636790117 -0.824784158 0.624484599 -0.028863613 0.045602580 -0.039441291 0.997763339
1403637256.588319063 1.608371514 -0.817002365 0.603676508 -0.028855286 0.046288234 -0.038874795 0.997754239
1403637256.638319016 1.579828002 -0.806307301 0.581196154 -0.031713766 0.047107595 -0.037076349 0.997697577
1403637256.688318968 1.548596135 -0.794942370 0.563414103 -0.036583581 0.046645195 -0.031407513 0.997747180
1403637256.738319159 1.517233005 -0.782191970 0.545879686 -0.042723066 0.045900843 -0.024346014 0.997734997
1403637256.788318872 1.488213230 -0.770222308 0.525577211 -0.047215631 0.045225188 -0.017248972 0.997711301
1403637256.838319063 1.458813884 -0.755660980 0.506147068 -0.049211716 0.044746621 -0.011125427 0.997723495
1403637256.888319016 1.429402258 -0.742851230 0.488048468 -0.049028398 0.044152035 -0.008970353 0.997780711
1403637256.938319206 1.399587632 -0.731342368 0.467221738 -0.045821040 0.043402044 -0.011635975 0.997938525
1403637256.988318920 1.371753555 -0.718310553 0.449224697 -0.043920965 0.041149313 -0.014141337 0.998087023
1403637257.038319111 1.343314866 -0.707680581 0.431808836 -0.041164533 0.037982131 -0.018976288 0.998249838
1403637257.088319063 1.315841718 -0.698681551 0.413637918 -0.039093739 0.034569443 -0.023192190 0.998368046
1403637257.138319016 1.289786444 -0.691011358 0.394464042 -0.038032417 0.031343152 -0.027110694 0.998416823
1403637257.188318968 1.262414895 -0.684840876 0.378589339 -0.037175951 0.028124520 -0.029898220 0.998465351
1403637257.238319159 1.236502593 -0.678967582 0.357465829 -0.037820679 0.024994266 -0.032108592 0.998455768
1403637257.288318872 1.210748381 -0.676454729 0.336892226 -0.039037260 0.021819117 -0.034185396 0.998414432
1403637257.338319063 1.182573601 -0.676772097 0.318942059 -0.040721389 0.019207071 -0.036350331 0.998324351
1403637257.388319016 1.155331979 -0.677556578 0.297767312 -0.041824192 0.017084993 -0.039286800 0.998206085
1403637257.438319206 1.128829683 -0.679002914 0.277273091 -0.042674745 0.015073809 -0.041123026 0.998128520
1403637257.488318920 1.101805139 -0.678328793 0.257285464 -0.043115126 0.013370387 -0.042235023 0.998087432
1403637257.538319111 1.074889299 -0.676469312 0.237970350 -0.043770474 0.012644263 -0.045613785 0.997919662
1403637257.588319063 1.046738861 -0.672359528 0.220113055 -0.045850820 0.011186492 -0.045220825 0.997861534
1403637257.638319016 1.018327950 -0.667797458 0.203015967 -0.048411836 0.009985082 -0.044089296 0.997803952
1403637257.688318968 0.993119286 -0.661032354 0.189024709 -0.052901072 0.008717765 -0.043001862 0.997635363
1403637257.738319159 0.964697408 -0.654655378 0.172914145 -0.055757790 0.006793035 -0.042462670 0.997517842
1403637257.788318872 0.936753947 -0.646995572 0.157720191 -0.059065485 0.003827842 -0.041894636 0.997367262
1403637257.838319063 0.906372736 -0.638524725 0.145284731 -0.062013847 0.000490130 -0.042241989 0.997180855
1403637257.888319016 0.875477292 -0.628044071 0.134417440 -0.064812527 -0.003818948 -0.042474216 0.996985804
1403637257.938319206 0.846428671 -0.616485533 0.123671080 -0.066420168 -0.009388963 -0.042328663 0.996849283
1403637257.988318920 0.814826922 -0.608805328 0.113979220 -0.067640486 -0.015504700 -0.043580735 0.996636889
1403637258.038319111 0.786504428 -0.597983756 0.102943505 -0.068374780 -0.023484787 -0.044246559 0.996401323
1403637258.088319063 0.757639175 -0.586389538 0.094801799 -0.068351609 -0.032306412 -0.045406565 0.996103708
1403637258.138319016 0.726137953 -0.577901312 0.087880780 -0.066149392 -0.041668754 -0.048291495 0.995769002
1403637258.188318968 0.698955041 -0.570737973 0.083094528 -0.061797896 -0.051470534 -0.053240822 0.995337741
1403637258.238319159 0.668844708 -0.566509126 0.076685981 -0.057021845 -0.059807955 -0.059062647 0.994828187
1403637258.288318872 0.635406836 -0.562200750 0.074171562 -0.051827441 -0.067257676 -0.063100138 0.994388603
1403637258.338319063 0.604564577 -0.556740563 0.071476719 -0.047340018 -0.074045239 -0.066772822 0.993890143
1403637258.388319016 0.574935852 -0.548367396 0.068591249 -0.044979422 -0.080434628 -0.068050229 0.993416473
1403637258.438319206 0.545728941 -0.542421360 0.064665859 -0.044544099 -0.086639009 -0.066604537 0.993012256
1403637258.488318920 0.517259990 -0.534285563 0.061511841 -0.046536162 -0.092247463 -0.063883048 0.992594453
1403637258.538319111 0.488554175 -0.526185631 0.058909586 -0.049863923 -0.097045747 -0.060273505 0.992200996
1403637258.588319063 0.460693680 -0.517093088 0.058072071 -0.051080626 -0.100275650 -0.058423641 0.991928547
1403637258.638319016 0.432101582 -0.505316802 0.059938336 -0.049302404 -0.102169592 -0.058083826 0.991845208
1403637258.688318968 0.406760296 -0.495196719 0.058869205 -0.046592011 -0.103336811 -0.058401437 0.991836660
1403637258.738319159 0.380787088 -0.484559699 0.059148509 -0.044748640 -0.104517590 -0.058156950 0.991812181
1403637258.788318872 0.357685470 -0.472693539 0.059624881 -0.042822671 -0.104889504 -0.058616829 0.991830872
1403637258.838319063 0.333216640 -0.461255038 0.060733964 -0.041184558 -0.105286758 -0.058377006 0.991872298
1403637258.888319016 0.309416834 -0.449751766 0.061915098 -0.039487219 -0.105588011 -0.057256898 0.991974586
1403637258.938319206 0.288023015 -0.441589602 0.060919958 -0.039575679 -0.105837275 -0.055523990 0.992043005
1403637258.988318920 0.265623728 -0.434337400 0.060417464 -0.039805104 -0.105667153 -0.054642687 0.992100894
1403637259.038319111 0.244059696 -0.429499559 0.060088696 -0.040104162 -0.105633136 -0.052225160 0.992222671
1403637259.088319063 0.223350145 -0.427426704 0.058447696 -0.040170186 -0.104354235 -0.053349659 0.992295502
1403637259.138319016 0.203281513 -0.428562543 0.055792956 -0.039432399 -0.104023758 -0.053278780 0.992363600
1403637259.188318968 0.183689061 -0.432394323 0.052280725 -0.039608162 -0.103821947 -0.051908320 0.992450363
1403637259.238319159 0.165255794 -0.438300040 0.048075499 -0.038735954 -0.103113988 -0.051568363 0.992576312
1403637259.288318872 0.147458801 -0.444933430 0.044002961 -0.038298340 -0.102932635 -0.050443428 0.992669920
1403637259.338319063 0.130689163 -0.451219461 0.039508730 -0.038870438 -0.102361494 -0.049496908 0.992754385
1403637259.388319016 0.112497751 -0.455297234 0.037688178 -0.038851365 -0.101981116 -0.048263416 0.992855008
1403637259.438319206 0.097152357 -0.460180342 0.033825644 -0.038258101 -0.102491777 -0.044210136 0.993014208
1403637259.488318920 0.082912904 -0.464219225 0.030127285 -0.037858142 -0.103651243 -0.038690525 0.993139579
1403637259.538319111 0.070349702 -0.467296928 0.026358374 -0.037688345 -0.104252833 -0.035296197 0.993209502
1403637259.588319063 0.059120188 -0.469542647 0.022786563 -0.037702250 -0.104547597 -0.033559896 0.993238176
1403637259.638319016 0.049986794 -0.470718720 0.019867936 -0.036807431 -0.103983185 -0.033962296 0.993317307
1403637259.688318968 0.042493051 -0.470578447 0.016438329 -0.037360174 -0.102702682 -0.036819980 0.993328076
1403637259.738319159 0.036157992 -0.469137724 0.013437050 -0.039901417 -0.101361944 -0.040256357 0.993233638
1403637259.788318872 0.029908370 -0.466632068 0.010752346 -0.042740066 -0.099848460 -0.044097451 0.993105728
1403637259.838319063 0.025868687 -0.464268066 0.008092286 -0.044211917 -0.098686334 -0.047274605 0.993011292
1403637259.888319016 0.022336911 -0.461785521 0.005829807 -0.043171803 -0.099153802 -0.045360603 0.993099761
1403637259.938319206 0.019492296 -0.458795691 0.003845451 -0.041032866 -0.100122457 -0.041840654 0.993247782
1403637259.988318920 0.018091549 -0.454364376 0.002380696 -0.039483177 -0.100465457 -0.041200515 0.993302717
1403637260.038319111 0.017868296 -0.448588484 0.001212977 -0.037576503 -0.099941383 -0.043302008 0.993340154
1403637260.088319063 0.018595317 -0.441867921 0.000051323 -0.036210267 -0.099288095 -0.046088548 0.993331031
1403637260.138319016 0.020262839 -0.433778813 -0.001040752 -0.036508600 -0.098326805 -0.049656116 0.993243793
1403637260.188318968 0.022653877 -0.424775601 -0.002295044 -0.037328654 -0.097338824 -0.053320133 0.993120682
1403637260.238319159 0.025531284 -0.414704258 -0.003658582 -0.038687451 -0.096110888 -0.058338963 0.992906110
1403637260.288318872 0.028755256 -0.404459490 -0.004930393 -0.038655920 -0.095056583 -0.062575443 0.992750865
1403637260.338319063 0.032052495 -0.393750618 -0.006013782 -0.038399729 -0.093801193 -0.067549879 0.992554185
1403637260.388319016 0.034727988 -0.382907961 -0.008222304 -0.037081624 -0.092064440 -0.073943026 0.992311202
1403637260.438319206 0.037348634 -0.371573603 -0.009692196 -0.035736286 -0.090844765 -0.079080834 0.992076795
1403637260.488318920 0.038543080 -0.359880374 -0.009398772 -0.038316653 -0.090660962 -0.080359838 0.991894511
1403637260.538319111 0.039228384 -0.347423807 -0.011618354 -0.043617910 -0.090369199 -0.081118755 0.991640375
1403637260.588319063 0.039075448 -0.334859000 -0.014239863 -0.049851053 -0.090606141 -0.080438787 0.991380351
1403637260.638319016 0.038233654 -0.322564214 -0.016144191 -0.055168700 -0.091136249 -0.078776568 0.991183561
1403637260.688318968 0.036364658 -0.310425250 -0.017997358 -0.057393517 -0.091253418 -0.077948591 0.991111908
1403637260.738319159 0.033350530 -0.298957975 -0.018657586 -0.056155084 -0.092292154 -0.075117149 0.991305290
1403637260.788318872 0.030076769 -0.287211698 -0.020218738 -0.052895624 -0.092651600 -0.075024094 0.991458077
1403637260.838319063 0.026105221 -0.275888565 -0.019989383 -0.047997615 -0.093726670 -0.073575171 0.991714795
1403637260.888319016 0.021517290 -0.264144570 -0.019460764 -0.044469856 -0.094607173 -0.072355336 0.991885387
1403637260.938319206 0.016570021 -0.252843237 -0.019003809 -0.040204730 -0.095296289 -0.071229182 0.992082960
1403637260.988318920 0.011746255 -0.241345461 -0.019841942 -0.036746017 -0.095524588 -0.071713036 0.992160281
1403637261.038319111 0.006452524 -0.229196343 -0.019680235 -0.036184733 -0.095843308 -0.071136525 0.992191675
1403637261.088319063 0.001043307 -0.216568687 -0.020689861 -0.039561898 -0.096022663 -0.070684573 0.992077716
1403637261.138319016 -0.004145290 -0.204366831 -0.022451962 -0.045416851 -0.095809374 -0.070746793 0.991843115
1403637261.188318968 -0.009823765 -0.192165626 -0.023461627 -0.051770801 -0.095271060 -0.072081194 0.991487524
1403637261.238319159 -0.016363497 -0.180604345 -0.023974292 -0.057998012 -0.095042400 -0.072604735 0.991126493
1403637261.288318872 -0.023709406 -0.171292137 -0.024915761 -0.061619968 -0.094561334 -0.073689826 0.990873828
1403637261.338319063 -0.030841327 -0.164096350 -0.024707587 -0.060041439 -0.094476660 -0.073825491 0.990968709
1403637261.388319016 -0.038649115 -0.158770491 -0.024039583 -0.055253215 -0.095039492 -0.072074802 0.991322248
1403637261.438319206 -0.046091177 -0.154937441 -0.024486780 -0.050533013 -0.096353979 -0.068064958 0.991730551
1403637261.488318920 -0.054363985 -0.151838383 -0.023786659 -0.047426631 -0.097599117 -0.064713483 0.991986538
1403637261.538319111 -0.062166601 -0.148245650 -0.023184686 -0.049999178 -0.097689367 -0.063474654 0.991931368
1403637261.588319063 -0.069708225 -0.144651386 -0.022502165 -0.056017878 -0.097173685 -0.064184676 0.991614643
1403637261.638319016 -0.076829931 -0.142529872 -0.022007394 -0.062422591 -0.096358243 -0.066250290 0.991175771
1403637261.688318968 -0.084218823 -0.142004947 -0.020428775 -0.066463235 -0.095640966 -0.067558678 0.990894177
1403637261.738319159 -0.091711940 -0.143462993 -0.018150794 -0.067008667 -0.094863172 -0.069213384 0.990818008
1403637261.788318872 -0.099766228 -0.147471803 -0.014976759 -0.062451005 -0.094902219 -0.069190730 0.991113557
1403637261.838319063 -0.107905534 -0.152666147 -0.011149214 -0.055461412 -0.094748620 -0.069228464 0.991541300
1403637261.888319016 -0.116441998 -0.156833682 -0.005999740 -0.049586230 -0.094968336 -0.068001078 0.991916365
1403637261.938319206 -0.124859012 -0.159379412 -0.000320833 -0.044667308 -0.094908856 -0.067147778 0.992213846
1403637261.988318920 -0.132708385 -0.159627855 0.005433977 -0.041068391 -0.094479059 -0.066740763 0.992437789
1403637262.038319111 -0.140744093 -0.157724099 0.011785342 -0.038291395 -0.094801859 -0.064053126 0.992695106
1403637262.088319063 -0.148208275 -0.153558600 0.018167403 -0.035688342 -0.094965488 -0.062093892 0.992900925
1403637262.138319016 -0.155569510 -0.146862621 0.024976566 -0.035694334 -0.095245078 -0.059213492 0.993049874
1403637262.188318968 -0.162189334 -0.138435610 0.031451301 -0.035132762 -0.095542747 -0.056730953 0.993186222
1403637262.238319159 -0.168175903 -0.128285366 0.038129408 -0.034642452 -0.095589311 -0.054714373 0.993312097
1403637262.288318872 -0.173238650 -0.116550083 0.044447541 -0.035093801 -0.094997367 -0.053898256 0.993397656
1403637262.338319063 -0.170966173 -0.121580807 0.039632427 -0.011697012 -0.106580592 -0.019023836 0.994053244
1403637262.388319016 -0.168093866 -0.119005135 0.039063954 -0.011922621 -0.095790433 -0.051916955 0.993975188
1403637262.438319206 -0.171719775 -0.104503372 0.025824537 -0.021993388 -0.080332147 -0.044446922 0.995533781
1403637262.488318920 -0.164235892 -0.105095130 0.014860660 -0.028702255 -0.068653363 -0.031859503 0.996718550
1403637262.538319111 -0.150688938 -0.105693759 0.029142610 -0.009798471 -0.073281201 -0.017342850 0.997112371
1403637262.588319063 -0.130574287 -0.099890756 0.030859879 0.002474706 -0.072185964 -0.019920249 0.997189173
1403637262.638319016 -0.151572786 -0.108297726 0.012274187 0.002626832 -0.068327802 -0.019216600 0.997474377
1403637262.688318968 -0.150384813 -0.107387014 0.036335077 -0.015732087 -0.068332186 -0.022817079 0.997277592
1403637262.738319159 -0.151149354 -0.108311839 0.038524753 -0.019350444 -0.066244753 -0.023347282 0.997342518
1403637262.788318872 -0.149690916 -0.109469083 0.035335182 -0.012584712 -0.067777986 -0.020398996 0.997412478
1403637262.838319063 -0.152428618 -0.111616265 0.014442133 -0.013283571 -0.067918498 -0.021452278 0.997371758
1403637262.888319016 -0.153892568 -0.111514386 0.015335503 -0.015404042 -0.068730425 -0.020704913 0.997301434
1403637262.938319206 -0.152444493 -0.111455938 0.014498903 -0.013887639 -0.067724116 -0.022124688 0.997362059
1403637262.988318920 -0.153225325 -0.111450111 0.014815887 -0.014709817 -0.068501756 -0.020827670 0.997325092
1403637263.038319111 -0.152882529 -0.111389010 0.014702775 -0.014551592 -0.068017620 -0.021703660 0.997341870
1403637263.088319063 -0.153054731 -0.111374598 0.014856748 -0.014718454 -0.068180949 -0.021366247 0.997335555
1403637263.138319016 -0.153051442 -0.111407466 0.014741636 -0.014667786 -0.068246250 -0.021118407 0.997337114
1403637263.188318968 -0.152758370 -0.111366201 0.014760112 -0.014444773 -0.067915456 -0.021737212 0.997349654
1403637263.238319159 -0.153202092 -0.111380957 0.014773867 -0.014828861 -0.068305785 -0.020964239 0.997333909
1403637263.288318872 -0.152963668 -0.111328946 0.014875763 -0.014715201 -0.068031761 -0.021503269 0.997342846
1403637263.338319063 -0.152906084 -0.111367122 0.014721721 -0.014659595 -0.068063219 -0.021408118 0.997343565
1403637263.388319016 -0.153064408 -0.111385202 0.014867089 -0.014721360 -0.068119912 -0.021356933 0.997339882
1403637263.438319206 -0.153064221 -0.111335471 0.014781998 -0.014818943 -0.068145452 -0.021236108 0.997339272
1403637263.488318920 -0.152921324 -0.111363122 0.014857309 -0.014690929 -0.067969167 -0.021653809 0.997344214
1403637263.538319111 -0.153080132 -0.111349524 0.014723753 -0.014784447 -0.068198169 -0.021138937 0.997338245
1403637263.588319063 -0.152996263 -0.111335318 0.014832349 -0.014737423 -0.068031092 -0.021496138 0.997342717
1403637263.638319016 -0.153044234 -0.111370773 0.014809058 -0.014799708 -0.068123036 -0.021281988 0.997340111
1403637263.688318968 -0.152978779 -0.111323965 0.014804154 -0.014817040 -0.068091736 -0.021422392 0.997338985
1403637263.738319159 -0.153015454 -0.111339496 0.014808633 -0.014755411 -0.068040083 -0.021506813 0.997341607
1403637263.788318872 -0.153128337 -0.111373352 0.014801951 -0.014809200 -0.068213208 -0.021052460 0.997338679
1403637263.838319063 -0.152851562 -0.111275222 0.014788953 -0.014779437 -0.067940178 -0.021827006 0.997341106
1403637263.888319016 -0.154146335 -0.111823178 0.015254054 -0.014959561 -0.068102615 -0.021196223 0.997340947
1403637263.938319206 -0.154010302 -0.111784827 0.015253468 -0.014969389 -0.067912368 -0.021639075 0.997344263
1403637263.988318920 -0.154023755 -0.111790743 0.015295006 -0.014961468 -0.067952725 -0.021515132 0.997344314
1403637264.038319111 -0.154063462 -0.111792192 0.015234753 -0.014973427 -0.067985868 -0.021460648 0.997343050
1403637264.088319063 -0.154033944 -0.111748790 0.015222962 -0.015031382 -0.067967772 -0.021610395 0.997340178
1403637264.138319016 -0.154098696 -0.111775280 0.015231912 -0.015006905 -0.068033002 -0.021366158 0.997341361
1403637264.188318968 -0.153978763 -0.111772345 0.015258912 -0.014947446 -0.067901076 -0.021688391 0.997344289
1403637264.238319159 -0.154092078 -0.111768213 0.015227515 -0.015041162 -0.068022490 -0.021408611 0.997340652
1403637264.288318872 -0.154056820 -0.111770291 0.015196688 -0.014965815 -0.067974438 -0.021503259 0.997343025
1403637264.338319063 -0.154025602 -0.111770952 0.015209747 -0.014967234 -0.067932109 -0.021558892 0.997344687
1403637264.388319016 -0.154060793 -0.111752180 0.015183977 -0.015015418 -0.067993178 -0.021505868 0.997340946
1403637264.438319206 -0.154094892 -0.111786310 0.015239719 -0.014987218 -0.067987680 -0.021474938 0.997342411
1403637264.488318920 -0.154004950 -0.111774644 0.015235139 -0.014990418 -0.067943783 -0.021586708 0.997342942
1403637264.538319111 -0.154068900 -0.111768580 0.015238513 -0.015028732 -0.068002711 -0.021469736 0.997340874
1403637264.588319063 -0.154046014 -0.111756817 0.015196634 -0.015031592 -0.067974262 -0.021547659 0.997341090
1403637264.638319016 -0.154050516 -0.111755351 0.015201841 -0.015002109 -0.067964195 -0.021534189 0.997342511
1403637264.688318968 -0.154059279 -0.111749339 0.015209824 -0.015010600 -0.067980767 -0.021495975 0.997342078
1403637264.738319159 -0.154050099 -0.111745361 0.015231885 -0.015031226 -0.067957520 -0.021592532 0.997341266
1403637264.788318872 -0.154098083 -0.111762945 0.015239135 -0.015038936 -0.068017846 -0.021439541 0.997340338
1403637264.838319063 -0.154001674 -0.111751412 0.015205641 -0.015010512 -0.067931354 -0.021634588 0.997342449
1403637264.888319016 -0.154048129 -0.111753398 0.015158559 -0.015035996 -0.067984579 -0.021498408 0.997341383
1403637264.938319206 -0.153634800 -0.110894554 0.011646685 -0.015103159 -0.068295129 -0.021016294 0.997329427
1403637264.988318920 -0.153592893 -0.110864937 0.011673773 -0.015100961 -0.068245406 -0.021117288 0.997330730
1403637265.038319111 -0.153617567 -0.110888586 0.011657160 -0.015097936 -0.068291707 -0.021028072 0.997329492
1403637265.088319063 -0.153600331 -0.110854259 0.011632222 -0.015161327 -0.068286556 -0.021104124 0.997327276
1403637265.138319016 -0.153587532 -0.110856725 0.011638007 -0.015119523 -0.068291195 -0.021070267 0.997328309
1403637265.188318968 -0.153574610 -0.110854451 0.011617982 -0.015084279 -0.068266718 -0.021087100 0.997330163
1403637265.238319159 -0.153620138 -0.110842853 0.011602961 -0.015144443 -0.068289823 -0.021045748 0.997328543
1403637265.288318872 -0.153601268 -0.110844482 0.011632277 -0.015135201 -0.068268122 -0.021118474 0.997328632
1403637265.338319063 -0.153635163 -0.110867739 0.011667281 -0.015126845 -0.068300694 -0.021028870 0.997328422
1403637265.388319016 -0.153594135 -0.110847429 0.011693635 -0.015132798 -0.068271323 -0.021149351 0.997327795
1403637265.438319206 -0.153596349 -0.110847612 0.011599766 -0.015132407 -0.068310789 -0.021023556 0.997327758
1403637265.488318920 -0.153608313 -0.110868252 0.011672827 -0.015122196 -0.068266730 -0.021119372 0.997328905
