1703261658561826816,-0.00010,0.00160,0.00136,0.58186,-0.81328,-0.00172,-0.00211,-0.00242,0.00476,0.00013,
1703261658695253504,-0.00029,0.00191,0.00108,0.58193,-0.81323,-0.00171,-0.00208,-0.00251,0.00447,-0.00093,
1703261658828680448,-0.00031,0.00180,0.00066,0.58201,-0.81317,-0.00167,-0.00202,-0.00241,0.00333,-0.00197,
1703261659028820224,0.00017,0.00241,0.00097,0.58193,-0.81323,-0.00168,-0.00190,-0.00051,0.00448,-0.00046,
1703261659162246912,0.00015,0.00260,0.00095,0.58196,-0.81321,-0.00172,-0.00193,-0.00201,0.00380,-0.00094,
1703261659295674880,0.00005,0.00250,0.00080,0.58203,-0.81317,-0.00174,-0.00193,-0.00273,0.00244,-0.00122,
1703261659429104640,0.00030,0.00230,0.00081,0.58207,-0.81314,-0.00171,-0.00190,-0.00203,0.00097,-0.00122,
1703261659562533888,0.00064,0.00195,0.00116,0.58205,-0.81315,-0.00164,-0.00184,-0.00013,0.00002,0.00082,
1703261659762678016,0.00057,0.00137,0.00124,0.58208,-0.81313,-0.00159,-0.00190,-0.00012,-0.00013,0.00068,
1703261659896107264,0.00067,0.00100,0.00107,0.58214,-0.81308,-0.00158,-0.00188,-0.00107,-0.00196,-0.00021,
1703261660029536256,0.00054,0.00112,0.00132,0.58210,-0.81312,-0.00154,-0.00186,-0.00035,-0.00097,0.00033,
1703261660229679360,0.00075,0.00140,0.00185,0.58203,-0.81317,-0.00154,-0.00182,0.00027,0.00026,0.00170,
1703261660363112448,0.00085,0.00104,0.00169,0.58207,-0.81313,-0.00150,-0.00184,0.00015,-0.00213,0.00181,
1703261660496547584,0.00028,0.00135,0.00173,0.58206,-0.81314,-0.00146,-0.00190,-0.00207,0.00001,0.00104,
1703261660629982208,0.00031,0.00098,0.00162,0.58213,-0.81310,-0.00147,-0.00189,-0.00130,-0.00251,0.00224,
1703261660763417344,0.00034,0.00016,0.00137,0.58219,-0.81305,-0.00146,-0.00194,-0.00274,-0.00409,0.00218,
1703261660896852480,0.00067,-0.00001,0.00156,0.58220,-0.81304,-0.00143,-0.00188,-0.00010,-0.00248,0.00196,
1703261661030287616,0.00082,-0.00001,0.00162,0.58220,-0.81304,-0.00147,-0.00183,-0.00140,-0.00299,0.00099,
1703261661163723264,0.00059,0.00024,0.00143,0.58219,-0.81305,-0.00147,-0.00182,-0.00152,-0.00206,0.00062,
1703261661297158656,0.00082,0.00027,0.00116,0.58221,-0.81304,-0.00147,-0.00176,0.00055,-0.00231,0.00086,
1703261661430595840,0.00072,0.00050,0.00122,0.58220,-0.81304,-0.00148,-0.00177,-0.00162,-0.00091,0.00193,
1703261661564033792,0.00078,0.00084,0.00130,0.58219,-0.81305,-0.00151,-0.00173,-0.00185,-0.00129,0.00100,
1703261661697471488,0.00081,0.00113,0.00155,0.58218,-0.81305,-0.00153,-0.00168,-0.00177,-0.00104,0.00231,
1703261661830909440,0.00076,0.00119,0.00149,0.58220,-0.81305,-0.00148,-0.00163,0.00013,-0.00104,0.00141,
1703261662031066368,0.00032,0.00115,0.00137,0.58220,-0.81305,-0.00143,-0.00169,-0.00213,-0.00069,0.00141,
1703261662164504832,0.00052,0.00080,0.00110,0.58225,-0.81301,-0.00138,-0.00165,-0.00141,-0.00298,0.00180,
1703261662297941248,0.00022,0.00086,0.00104,0.58223,-0.81302,-0.00134,-0.00165,-0.00309,-0.00153,0.00196,
1703261662498092288,0.00043,0.00119,0.00270,0.58236,-0.81293,-0.00135,-0.00153,-0.00159,-0.00667,0.02812,
1703261662631526912,0.00184,0.01623,0.00559,0.58327,-0.81228,-0.00083,-0.00064,-0.00837,0.19903,0.01401,
1703261662764961536,0.00268,0.05558,0.00587,0.58306,-0.81243,-0.00061,-0.00074,-0.01253,0.35550,0.00829,
1703261662898395904,-0.00256,0.11325,0.00612,0.58355,-0.81208,-0.00155,-0.00072,-0.05063,0.50456,0.02128,
1703261663098547968,-0.00216,0.23493,0.00860,0.58384,-0.81187,-0.00207,-0.00016,0.00189,0.69529,0.00209,
1703261663231982592,-0.00345,0.33799,0.00508,0.58362,-0.81202,-0.00237,0.00088,0.01239,0.81731,0.00571,
1703261663365414912,-0.00008,0.45530,0.00565,0.58375,-0.81193,-0.00258,0.00075,0.04521,0.90952,0.02116,
1703261663498846208,0.00537,0.58604,-0.00052,0.58367,-0.81199,-0.00143,0.00045,0.04140,1.10129,-0.10329,
1703261663632277504,0.01253,0.72804,0.00014,0.58351,-0.81210,0.00021,0.00116,0.05359,1.10650,-0.00439,
1703261663765708800,0.02002,0.88248,0.00185,0.58428,-0.81155,0.00112,0.00179,0.07291,1.14263,0.06899,
1703261663899140096,0.02688,1.04771,-0.00430,0.58285,-0.81258,0.00255,0.00183,0.05118,1.28806,-0.05668,
1703261664032571648,0.03274,1.21833,-0.00052,0.58492,-0.81108,0.00323,-0.00116,-0.00965,1.30833,-0.02135,
1703261664166002688,0.03048,1.39878,-0.00160,0.58437,-0.81148,0.00312,-0.00171,-0.02680,1.34187,0.04478,
1703261664366146816,0.01024,1.65891,-0.00239,0.58623,-0.81014,-0.00286,-0.00050,-0.10341,1.41760,-0.07818,
1703261664499571712,-0.01755,1.86086,-0.00860,0.58374,-0.81190,-0.00803,0.00298,-0.23701,1.36809,0.07766,
1703261664632996352,-0.05188,2.04810,-0.01425,0.58329,-0.81211,-0.01492,0.00590,-0.27612,1.44793,-0.02389,
1703261664766420736,-0.06905,2.23428,-0.02941,0.58059,-0.81389,-0.02204,0.00312,-0.00359,1.36473,0.02011,
1703261664899845376,-0.05748,2.42368,-0.05674,0.57495,-0.81788,-0.02245,-0.00170,0.12967,1.37387,0.03281,
1703261665033269760,-0.03733,2.61010,-0.05862,0.57600,-0.81717,-0.02035,-0.00633,0.05684,1.37042,-0.04000,
1703261665166693376,-0.03820,2.79399,-0.04687,0.58032,-0.81411,-0.02034,-0.00661,-0.03021,1.34514,-0.01762,
1703261665300116992,-0.04390,2.97255,-0.04304,0.58177,-0.81303,-0.02141,-0.00796,0.04690,1.29277,-0.01401,
1703261665433548800,-0.03297,3.14583,-0.03563,0.58413,-0.81141,-0.01814,-0.00888,0.10805,1.30499,-0.02876,
1703261665566980096,-0.02338,3.31155,-0.02573,0.58657,-0.80972,-0.01472,-0.00845,0.02188,1.27548,-0.03737,
1703261665700411904,-0.02413,3.47484,0.01218,0.59473,-0.80378,-0.01357,-0.00631,0.01145,1.18122,0.03775,
1703261665833843456,-0.02550,3.63229,0.03149,0.59812,-0.80132,-0.01084,-0.00492,0.01529,1.16629,0.01136,
1703261665967275008,-0.03053,3.78291,0.04254,0.59957,-0.80025,-0.01003,-0.00518,-0.04841,1.08911,0.08321,
1703261666100706560,-0.03972,3.92904,0.04642,0.59983,-0.80003,-0.01149,-0.00508,-0.05011,1.10290,-0.01584,
1703261666234138112,-0.04824,4.06700,0.05467,0.60094,-0.79916,-0.01403,-0.00304,-0.02802,1.05951,-0.02370,
1703261666367569920,-0.04641,4.20489,0.05793,0.60017,-0.79975,-0.01428,-0.00158,0.06379,0.99373,0.02236,
1703261666501001728,-0.03419,4.33096,0.06738,0.60213,-0.79831,-0.01196,-0.00248,0.10230,0.98164,0.02956,
1703261666634434304,-0.02820,4.45278,0.07323,0.60263,-0.79794,-0.01005,-0.00490,0.04254,0.88991,0.03183,
1703261666767866368,-0.02846,4.56737,0.07956,0.60333,-0.79742,-0.01042,-0.00232,-0.04145,0.84732,0.03905,
1703261666901298432,-0.02524,4.67938,0.08556,0.60376,-0.79708,-0.01153,-0.00074,0.08431,0.84194,0.00099,
1703261667034731008,-0.01343,4.78915,0.09005,0.60402,-0.79692,-0.00932,-0.00000,0.03031,0.79340,0.04367,
1703261667168163072,-0.00885,4.89389,0.09659,0.60459,-0.79649,-0.00861,0.00106,0.01957,0.77958,0.02017,
1703261667301595136,-0.00438,4.99483,0.10013,0.60423,-0.79677,-0.00803,0.00150,0.04737,0.72625,0.01901,
1703261667435029504,0.00202,5.08958,0.10571,0.60509,-0.79612,-0.00738,0.00195,0.05548,0.74435,-0.01047,
1703261667568464128,0.00895,5.17857,0.11157,0.60578,-0.79561,-0.00586,0.00207,0.05576,0.64644,0.05340,
1703261667701898496,0.01215,5.26070,0.11840,0.60639,-0.79515,-0.00521,0.00260,0.03320,0.61143,0.02022,
1703261667835333632,0.01640,5.33961,0.12232,0.60630,-0.79522,-0.00435,0.00195,0.04147,0.58564,0.01479,
1703261667968768000,0.02010,5.41547,0.12482,0.60594,-0.79550,-0.00368,0.00101,0.01491,0.55040,0.02440,
1703261668102202880,0.01994,5.48641,0.12668,0.60565,-0.79572,-0.00408,-0.00042,-0.02741,0.53049,0.01287,
1703261668235637760,0.01242,5.55155,0.13064,0.60565,-0.79571,-0.00573,-0.00054,-0.06311,0.47491,0.04162,
1703261668369071360,0.00746,5.61179,0.13268,0.60536,-0.79592,-0.00721,-0.00097,0.01178,0.45118,0.01624,
1703261668502503936,0.01086,5.66720,0.13462,0.60544,-0.79586,-0.00666,-0.00213,0.02024,0.41156,0.01641,
1703261668635936256,0.00483,5.71746,0.13461,0.60506,-0.79613,-0.00817,-0.00333,-0.07094,0.41053,-0.06877,
1703261668769368576,-0.00768,5.76168,0.13485,0.60503,-0.79612,-0.01114,-0.00303,-0.10461,0.28781,0.04351,
1703261668969517312,-0.00812,5.81400,0.13707,0.60448,-0.79654,-0.01108,-0.00319,0.09037,0.21898,0.02360,
1703261669102949888,0.00297,5.84242,0.13833,0.60430,-0.79670,-0.00943,-0.00352,0.04130,0.19540,0.00947,
1703261669236382208,-0.00051,5.86593,0.13727,0.60371,-0.79714,-0.01003,-0.00325,-0.07214,0.15913,0.00091,
1703261669369815808,-0.00914,5.88298,0.13622,0.60339,-0.79735,-0.01169,-0.00317,-0.04664,0.12914,-0.00637,
1703261669503250688,-0.01220,5.89548,0.13536,0.60305,-0.79760,-0.01227,-0.00289,0.01014,0.07696,0.00133,
1703261669636685312,-0.01056,5.90308,0.13492,0.60284,-0.79776,-0.01223,-0.00247,0.01278,0.04516,-0.00148,
1703261669770119936,-0.01034,5.90510,0.13473,0.60298,-0.79766,-0.01206,-0.00246,-0.01230,0.00274,0.00268,
1703261669903554560,-0.01249,5.90320,0.13459,0.60287,-0.79774,-0.01233,-0.00238,-0.01103,-0.02621,0.00038,
1703261670036989696,-0.01234,5.89859,0.13447,0.60294,-0.79769,-0.01230,-0.00222,0.01761,-0.03427,-0.00040,
1703261670170424576,-0.00936,5.89032,0.13325,0.60271,-0.79788,-0.01150,-0.00233,0.01834,-0.10354,0.00113,
1703261670303859712,-0.00875,5.87024,0.13283,0.60267,-0.79791,-0.01107,-0.00247,0.00742,-0.21600,-0.00237,
1703261670437293824,-0.00443,5.83072,0.13280,0.60289,-0.79775,-0.01005,-0.00319,0.04711,-0.36038,-0.03600,
1703261670704161792,-0.00153,5.69470,0.12234,0.60138,-0.79889,-0.01004,-0.00392,-0.01304,-0.64933,-0.07421,
1703261670837596160,0.00288,5.59888,0.11592,0.60041,-0.79964,-0.00883,-0.00363,0.06599,-0.77925,-0.03271,
1703261670971030528,0.01067,5.48819,0.11116,0.60010,-0.79988,-0.00754,-0.00423,0.02322,-0.86479,-0.05582,
1703261671104464896,0.01618,5.36533,0.10647,0.59964,-0.80023,-0.00616,-0.00448,0.04961,-0.95655,-0.02212,
1703261671304616448,0.02913,5.16045,0.10285,0.60032,-0.79973,-0.00392,-0.00500,0.05395,-1.10196,-0.02653,
1703261671438047744,0.03523,5.01416,0.09745,0.59970,-0.80020,-0.00290,-0.00598,0.05594,-1.09616,-0.06365,
1703261671638194176,0.04100,4.78096,0.08979,0.59870,-0.80091,-0.00062,-0.01031,-0.03245,-1.18054,-0.04663,
1703261671771625216,0.03833,4.62084,0.08160,0.59764,-0.80167,0.00016,-0.01193,0.03291,-1.23331,-0.02283,
1703261671905056256,0.03471,4.45833,0.07438,0.59657,-0.80241,0.00004,-0.01548,-0.05399,-1.17497,-0.12701,
1703261672038487040,0.02823,4.28974,0.07237,0.59727,-0.80186,-0.00034,-0.01665,0.00620,-1.24313,-0.08313,
1703261672171918080,0.03318,4.12391,0.06637,0.59524,-0.80334,0.00106,-0.01819,0.06052,-1.32203,0.06574,
1703261672305348096,0.03620,3.95619,0.06284,0.59569,-0.80297,0.00342,-0.01949,-0.07904,-1.17655,-0.07219,
1703261672438790656,0.03130,3.78816,0.05831,0.59655,-0.80223,0.00373,-0.02317,0.03265,-1.22047,-0.06941,
1703261672638954752,0.03724,3.54206,0.05452,0.59553,-0.80294,0.00607,-0.02443,-0.01752,-1.19951,-0.02880,
1703261672772398080,0.02867,3.37704,0.05451,0.59750,-0.80150,0.00585,-0.02344,-0.04510,-1.21189,-0.00015,
1703261672905841408,0.02463,3.21813,0.05186,0.59683,-0.80198,0.00622,-0.02413,-0.00554,-1.23587,0.02655,
1703261673039284992,0.02107,3.05976,0.05333,0.59877,-0.80051,0.00703,-0.02464,-0.05980,-1.14486,-0.02190,
1703261673172728832,0.01119,2.91026,0.05062,0.59897,-0.80034,0.00598,-0.02558,-0.09294,-1.09759,-0.00247,
1703261673306174464,0.00183,2.76168,0.05415,0.59962,-0.79986,0.00477,-0.02563,-0.06741,-1.07191,-0.02131,
1703261673439599616,-0.00560,2.61963,0.05061,0.59925,-0.80013,0.00404,-0.02604,-0.09150,-1.07547,0.00597,
1703261673573024512,-0.01907,2.48031,0.05468,0.60053,-0.79920,0.00209,-0.02533,-0.09192,-0.98941,-0.01319,
1703261673706449152,-0.03745,2.34887,0.04816,0.59962,-0.79986,-0.00108,-0.02607,-0.09456,-1.02831,0.04402,
1703261673839873536,-0.04835,2.21998,0.04467,0.59843,-0.80078,-0.00206,-0.02514,-0.03042,-0.94589,-0.05764,
1703261673973297920,-0.05624,2.09209,0.04347,0.59851,-0.80073,-0.00295,-0.02484,-0.06269,-0.93617,-0.01308,
1703261674106722048,-0.07175,1.97038,0.03955,0.59773,-0.80137,-0.00557,-0.02224,-0.12739,-0.88498,-0.05497,
1703261674240145920,-0.08135,1.85037,0.03756,0.59860,-0.80078,-0.00677,-0.01967,-0.06599,-0.85316,-0.06787,
1703261674373571072,-0.08448,1.73541,0.03127,0.59743,-0.80167,-0.00609,-0.01908,-0.00085,-0.86120,-0.01106,
1703261674506997760,-0.08498,1.62315,0.02802,0.59776,-0.80146,-0.00551,-0.01800,0.00654,-0.82345,-0.01459,
1703261674640423936,-0.08849,1.51618,0.02365,0.59724,-0.80188,-0.00569,-0.01646,-0.03670,-0.81019,0.00525,
1703261674773850368,-0.09062,1.41385,0.02020,0.59707,-0.80201,-0.00495,-0.01626,-0.02514,-0.74952,-0.02254,
1703261674907276288,-0.09567,1.31492,0.01888,0.59730,-0.80184,-0.00518,-0.01589,-0.07358,-0.73264,-0.01445,
1703261675040702464,-0.09973,1.22060,0.01493,0.59726,-0.80190,-0.00557,-0.01441,0.01446,-0.68322,-0.03967,
1703261675174127872,-0.09720,1.12767,0.01316,0.59720,-0.80196,-0.00475,-0.01398,-0.04074,-0.68135,-0.00235,
1703261675374266368,-0.10375,0.99822,0.00895,0.59719,-0.80197,-0.00520,-0.01343,0.01243,-0.60501,-0.03856,
1703261675507691776,-0.10214,0.91461,0.00633,0.59727,-0.80192,-0.00422,-0.01358,0.01433,-0.61524,-0.01216,
1703261675641117184,-0.10454,0.83799,0.00469,0.59739,-0.80183,-0.00463,-0.01314,-0.03761,-0.56633,-0.02612,
1703261675774542336,-0.10719,0.76166,0.00300,0.59759,-0.80168,-0.00471,-0.01305,-0.00180,-0.53704,-0.04137,
1703261675907967232,-0.10915,0.69121,0.00072,0.59748,-0.80176,-0.00466,-0.01310,-0.00858,-0.54006,0.01018,
1703261676041392128,-0.11350,0.62561,-0.00209,0.59714,-0.80201,-0.00492,-0.01338,-0.02915,-0.49114,0.01925,
1703261676174816768,-0.11519,0.56504,-0.00410,0.59728,-0.80191,-0.00485,-0.01319,-0.01271,-0.44479,-0.02029,
1703261676308241408,-0.11617,0.50619,-0.00517,0.59742,-0.80181,-0.00462,-0.01323,-0.01968,-0.42328,-0.02133,
1703261676441692672,-0.11705,0.45506,-0.00624,0.59758,-0.80169,-0.00449,-0.01289,0.01748,-0.39159,-0.00833,
1703261676575144192,-0.11210,0.40366,-0.00778,0.59763,-0.80166,-0.00321,-0.01271,0.03949,-0.38208,-0.00455,
1703261676775322624,-0.11245,0.33387,-0.01034,0.59770,-0.80162,-0.00308,-0.01202,-0.01122,-0.33569,-0.01813,
1703261676908775680,-0.11213,0.29018,-0.01245,0.59761,-0.80169,-0.00277,-0.01218,0.01770,-0.30591,-0.01537,
1703261677042229248,-0.11134,0.25313,-0.01337,0.59766,-0.80166,-0.00218,-0.01211,-0.01558,-0.26518,-0.00980,
1703261677175683072,-0.11422,0.21997,-0.01434,0.59752,-0.80176,-0.00267,-0.01206,-0.02072,-0.23260,-0.00183,
1703261677309137408,-0.11453,0.19196,-0.01552,0.59740,-0.80184,-0.00241,-0.01240,0.00640,-0.19883,-0.00401,
1703261677442568704,-0.11345,0.17040,-0.01729,0.59739,-0.80185,-0.00186,-0.01256,-0.00630,-0.17214,-0.00408,
1703261677576000000,-0.11469,0.14755,-0.01785,0.59751,-0.80177,-0.00200,-0.01247,-0.00435,-0.15662,-0.01112,
1703261677709431296,-0.11396,0.12685,-0.01823,0.59743,-0.80182,-0.00174,-0.01246,0.00162,-0.14732,-0.01005,
1703261677842862336,-0.11460,0.10560,-0.01951,0.59709,-0.80207,-0.00160,-0.01259,-0.01930,-0.18443,-0.01139,
1703261677976293632,-0.11797,0.07392,-0.02298,0.59670,-0.80236,-0.00236,-0.01270,-0.05368,-0.27970,-0.07945,
1703261678176440320,-0.12860,-0.00526,-0.02681,0.59634,-0.80263,-0.00401,-0.01244,-0.01902,-0.45844,-0.02630,
1703261678309871360,-0.12747,-0.06861,-0.02667,0.59689,-0.80222,-0.00340,-0.01262,0.01735,-0.44236,-0.02234,
1703261678443317760,-0.12916,-0.12239,-0.02814,0.59669,-0.80237,-0.00350,-0.01239,-0.04151,-0.39833,-0.01877,
1703261678576767232,-0.13330,-0.17356,-0.02883,0.59680,-0.80229,-0.00457,-0.01194,-0.00476,-0.35958,-0.01379,
1703261678710216960,-0.13251,-0.21590,-0.02903,0.59664,-0.80241,-0.00390,-0.01222,0.00927,-0.33671,0.00712,
1703261678843667456,-0.13492,-0.25657,-0.03048,0.59660,-0.80243,-0.00411,-0.01218,-0.03664,-0.29203,-0.01153,
1703261678977118464,-0.13775,-0.29024,-0.03060,0.59682,-0.80228,-0.00459,-0.01181,0.00477,-0.26361,-0.01148,
1703261679110569472,-0.13738,-0.32485,-0.03137,0.59658,-0.80245,-0.00450,-0.01182,-0.01678,-0.24413,-0.01145,
1703261679244021248,-0.14057,-0.35768,-0.03175,0.59678,-0.80230,-0.00471,-0.01201,-0.03412,-0.22148,-0.00338,
1703261679377462784,-0.14190,-0.38369,-0.03192,0.59657,-0.80246,-0.00487,-0.01198,-0.00203,-0.21508,0.00314,
1703261679510885120,-0.14091,-0.40926,-0.03216,0.59659,-0.80245,-0.00458,-0.01192,-0.00270,-0.17257,-0.00719,
1703261679644306944,-0.14199,-0.43298,-0.03241,0.59660,-0.80244,-0.00454,-0.01199,-0.01830,-0.17102,0.00339,
1703261679777728256,-0.14326,-0.45583,-0.03302,0.59647,-0.80253,-0.00440,-0.01204,-0.00188,-0.16831,0.00229,
1703261679911149568,-0.14294,-0.47632,-0.03371,0.59650,-0.80251,-0.00394,-0.01229,0.00139,-0.18619,-0.00203,
1703261680044570112,-0.14284,-0.50400,-0.03484,0.59640,-0.80258,-0.00375,-0.01251,-0.01385,-0.23931,-0.00314,
1703261680177990912,-0.14421,-0.53798,-0.03635,0.59627,-0.80267,-0.00366,-0.01261,-0.00035,-0.27075,-0.01161,
1703261680311411456,-0.14442,-0.57818,-0.03711,0.59644,-0.80255,-0.00350,-0.01252,-0.00563,-0.30569,-0.01437,
1703261680444829696,-0.14539,-0.61934,-0.03818,0.59621,-0.80273,-0.00368,-0.01218,0.00149,-0.34022,-0.01554,
1703261680578246912,-0.14340,-0.66680,-0.03917,0.59610,-0.80281,-0.00320,-0.01261,0.00120,-0.37061,-0.01398,
1703261680778372096,-0.14632,-0.74842,-0.04108,0.59593,-0.80293,-0.00324,-0.01293,-0.02652,-0.45567,0.00453,
1703261680911788032,-0.15074,-0.80491,-0.04316,0.59563,-0.80315,-0.00347,-0.01295,-0.05695,-0.45039,-0.01496,
1703261681045203968,-0.15684,-0.87015,-0.04531,0.59615,-0.80276,-0.00393,-0.01303,-0.01794,-0.49195,-0.02909,
1703261681178618880,-0.16128,-0.93918,-0.04669,0.59592,-0.80292,-0.00391,-0.01360,-0.03760,-0.56394,0.01357,
1703261681378742784,-0.17252,-1.05114,-0.04960,0.59630,-0.80263,-0.00582,-0.01341,-0.04827,-0.56383,-0.03685,
1703261681512162560,-0.17747,-1.12935,-0.05242,0.59586,-0.80297,-0.00537,-0.01260,-0.06135,-0.61770,-0.02449,
1703261681712291328,-0.20006,-1.25313,-0.05689,0.59591,-0.80295,-0.00923,-0.00845,-0.12803,-0.64180,-0.00639,
1703261681845710080,-0.21675,-1.33942,-0.05966,0.59551,-0.80323,-0.01211,-0.00619,-0.11961,-0.66155,-0.02489,
1703261681979128320,-0.22916,-1.42793,-0.06017,0.59579,-0.80301,-0.01397,-0.00456,-0.09308,-0.67387,-0.01233,
1703261682112546560,-0.23820,-1.51721,-0.05919,0.59639,-0.80255,-0.01536,-0.00187,-0.06132,-0.66809,0.01065,
1703261682245964288,-0.24602,-1.60471,-0.05866,0.59657,-0.80237,-0.01721,-0.00007,-0.08303,-0.65009,0.00117,
1703261682379382784,-0.24972,-1.69093,-0.06101,0.59614,-0.80268,-0.01789,0.00123,0.02739,-0.66786,-0.03629,
1703261682512802560,-0.24425,-1.78015,-0.06538,0.59476,-0.80371,-0.01753,0.00000,0.03932,-0.68582,-0.01276,
1703261682646221824,-0.23858,-1.87167,-0.06776,0.59496,-0.80358,-0.01676,-0.00053,0.02984,-0.67255,-0.04260,
1703261682779640832,-0.23099,-1.96455,-0.06938,0.59453,-0.80392,-0.01568,-0.00238,0.06213,-0.68610,-0.04404,
1703261682913059584,-0.21578,-2.05515,-0.07114,0.59315,-0.80498,-0.01295,-0.00345,0.10000,-0.63858,-0.03220,
1703261683046477824,-0.20118,-2.13884,-0.07477,0.59214,-0.80576,-0.01037,-0.00383,0.09576,-0.59696,-0.05367,
1703261683179895552,-0.19657,-2.23078,-0.07350,0.59360,-0.80466,-0.01175,-0.00383,0.00407,-0.68965,-0.02279,
1703261683313313536,-0.19330,-2.32334,-0.07526,0.59289,-0.80519,-0.01057,-0.00606,0.02112,-0.71716,-0.02670,
1703261683446734592,-0.18536,-2.41809,-0.07737,0.59197,-0.80588,-0.00770,-0.00881,0.02065,-0.71769,0.00380,
1703261683580156160,-0.18386,-2.51405,-0.07792,0.59228,-0.80564,-0.00787,-0.00892,0.02352,-0.70388,-0.03367,
1703261683713577472,-0.17658,-2.61131,-0.07852,0.59295,-0.80515,-0.00644,-0.00993,0.08980,-0.73603,0.00181,
1703261683846998272,-0.17022,-2.70943,-0.07853,0.59277,-0.80528,-0.00470,-0.01098,0.04521,-0.71345,-0.05408,
1703261683980418816,-0.16564,-2.80938,-0.07989,0.59338,-0.80482,-0.00334,-0.01208,0.06373,-0.72648,-0.03586,
1703261684113839360,-0.15825,-2.90958,-0.08121,0.59278,-0.80526,-0.00126,-0.01282,0.01831,-0.74885,-0.02289,
1703261684247259904,-0.15826,-3.01050,-0.08177,0.59336,-0.80483,-0.00096,-0.01309,-0.03349,-0.71258,-0.03405,
1703261684380679424,-0.16320,-3.10917,-0.08486,0.59286,-0.80519,-0.00018,-0.01332,-0.04118,-0.75777,-0.00865,
1703261684514097920,-0.16425,-3.20832,-0.08413,0.59346,-0.80475,0.00052,-0.01305,-0.01173,-0.74586,-0.00571,
1703261684647515904,-0.16572,-3.30732,-0.08817,0.59318,-0.80499,0.00008,-0.01168,-0.04400,-0.76126,-0.00854,
1703261684780934144,-0.17232,-3.40676,-0.09068,0.59294,-0.80518,-0.00073,-0.01079,-0.06670,-0.74293,-0.00859,
1703261684981060352,-0.17957,-3.55586,-0.09433,0.59271,-0.80535,-0.00170,-0.01032,-0.00740,-0.74399,-0.01225,
1703261685114477312,-0.17766,-3.65323,-0.09632,0.59265,-0.80540,-0.00113,-0.00945,-0.00778,-0.67568,-0.04361,
1703261685247894016,-0.16919,-3.74641,-0.09097,0.59383,-0.80455,0.00096,-0.00780,0.10241,-0.61859,-0.00638,
1703261685381311744,-0.16169,-3.82697,-0.09153,0.59339,-0.80488,0.00204,-0.00722,-0.07366,-0.58099,-0.05502,
1703261685514731520,-0.18385,-3.89916,-0.10347,0.59081,-0.80675,-0.00409,-0.00966,-0.20985,-0.61211,0.01270,
1703261685648151296,-0.19311,-3.97300,-0.10804,0.59104,-0.80652,-0.00437,-0.01352,0.03823,-0.48104,-0.07897,
1703261685781571072,-0.18686,-4.04239,-0.10867,0.59103,-0.80647,-0.00094,-0.01708,0.02644,-0.53609,0.00527,
1703261685981699584,-0.19186,-4.14280,-0.10823,0.59189,-0.80589,-0.00318,-0.01450,0.00878,-0.48324,0.00344,
1703261686115118848,-0.18767,-4.20376,-0.11013,0.59128,-0.80634,-0.00256,-0.01420,0.02258,-0.45294,0.00487,
1703261686248537088,-0.18757,-4.25978,-0.11186,0.59159,-0.80610,-0.00157,-0.01506,-0.03348,-0.41118,-0.01638,
1703261686381956352,-0.18946,-4.31204,-0.11388,0.59155,-0.80613,-0.00148,-0.01512,-0.00113,-0.38366,-0.00724,
1703261686515376640,-0.18834,-4.36313,-0.11478,0.59203,-0.80578,-0.00172,-0.01484,-0.01645,-0.38178,-0.00324,
1703261686648796416,-0.19269,-4.41107,-0.11685,0.59196,-0.80582,-0.00251,-0.01515,-0.02765,-0.35906,-0.01486,
1703261686782216192,-0.19199,-4.45887,-0.11821,0.59201,-0.80577,-0.00081,-0.01623,0.04060,-0.34527,-0.01503,
1703261686915635712,-0.18667,-4.50284,-0.12047,0.59227,-0.80557,0.00100,-0.01670,0.01332,-0.33797,0.01050,
1703261687049054720,-0.18970,-4.54472,-0.12158,0.59249,-0.80542,0.00003,-0.01589,-0.03581,-0.31885,-0.00238,
1703261687182473984,-0.19176,-4.58604,-0.12253,0.59272,-0.80526,-0.00048,-0.01579,0.00194,-0.30290,-0.01076,
1703261687315892736,-0.18967,-4.62305,-0.12372,0.59291,-0.80509,0.00031,-0.01691,-0.00900,-0.27433,-0.00324,
1703261687449311744,-0.19259,-4.65765,-0.12418,0.59308,-0.80496,-0.00016,-0.01725,-0.02739,-0.23430,-0.00762,
1703261687582730496,-0.19299,-4.68751,-0.12433,0.59315,-0.80490,-0.00045,-0.01733,0.02001,-0.21079,-0.00013,
1703261687716148736,-0.18948,-4.71032,-0.12494,0.59312,-0.80492,0.00047,-0.01780,0.01757,-0.16081,-0.00539,
1703261687849567232,-0.18905,-4.72932,-0.12510,0.59324,-0.80482,0.00114,-0.01843,-0.00944,-0.13038,-0.00219,
1703261687982984960,-0.18865,-4.74441,-0.12580,0.59322,-0.80483,0.00126,-0.01834,0.00946,-0.10538,-0.00205,
1703261688183111680,-0.18584,-4.76153,-0.12627,0.59335,-0.80474,0.00181,-0.01823,-0.00155,-0.06972,0.00277,
1703261688316528896,-0.18596,-4.76853,-0.12650,0.59330,-0.80477,0.00204,-0.01840,-0.00568,-0.04507,0.00288,
1703261688449953024,-0.18471,-4.76988,-0.12473,0.59394,-0.80430,0.00231,-0.01844,0.02872,0.09532,-0.01245,
1703261688583379712,-0.18790,-4.74268,-0.12431,0.59391,-0.80434,0.00121,-0.01764,-0.03171,0.26139,0.04847,
1703261688716806144,-0.19077,-4.69346,-0.12309,0.59351,-0.80465,0.00021,-0.01672,-0.03824,0.44758,0.00894,
1703261688850232576,-0.19169,-4.62372,-0.12104,0.59441,-0.80401,-0.00014,-0.01568,-0.01236,0.61271,0.01405,
1703261688983659520,-0.18894,-4.53260,-0.12002,0.59304,-0.80504,-0.00003,-0.01477,0.02661,0.70091,0.03913,
1703261689250512896,-0.18314,-4.32072,-0.11405,0.59317,-0.80495,0.00069,-0.01446,0.00065,0.75844,0.02192,
1703261689383935744,-0.18389,-4.21883,-0.11193,0.59355,-0.80468,-0.00121,-0.01334,0.01921,0.74652,0.04733,
1703261689517347328,-0.17670,-4.11892,-0.10979,0.59294,-0.80511,-0.00041,-0.01459,0.05418,0.72224,0.03176,
1703261689650758144,-0.16728,-4.02305,-0.10872,0.59321,-0.80488,0.00245,-0.01606,0.04702,0.73097,-0.01263,
1703261689850873600,-0.16471,-3.88405,-0.10650,0.59235,-0.80555,0.00173,-0.01464,0.01625,0.62888,0.06271,
1703261689984283648,-0.15670,-3.79751,-0.10064,0.59370,-0.80461,0.00068,-0.01053,0.09835,0.63903,0.04602,
1703261690117692928,-0.13524,-3.71293,-0.09936,0.59424,-0.80421,0.00362,-0.01019,0.16213,0.64628,-0.02226,
1703261690251101440,-0.12225,-3.62597,-0.09857,0.59455,-0.80390,0.00730,-0.01451,0.00754,0.65983,0.01869,
1703261690384513024,-0.13168,-3.53705,-0.09793,0.59471,-0.80378,0.00601,-0.01487,-0.13371,0.67860,0.02887,
1703261690517932032,-0.14458,-3.45358,-0.09322,0.59540,-0.80332,0.00084,-0.01339,-0.00891,0.64585,0.00802,
1703261690718059776,-0.12901,-3.32996,-0.09056,0.59556,-0.80318,0.00216,-0.01419,0.10402,0.60064,0.02568,
1703261690851478272,-0.12278,-3.25013,-0.08940,0.59507,-0.80350,0.00386,-0.01614,0.00012,0.57959,0.02785,
1703261690984896256,-0.13014,-3.17348,-0.08793,0.59488,-0.80366,0.00136,-0.01585,-0.06792,0.56998,0.00265,
1703261691118314240,-0.13321,-3.09911,-0.08638,0.59484,-0.80370,-0.00088,-0.01508,0.03658,0.54837,0.01645,
1703261691251731712,-0.12519,-3.02701,-0.08472,0.59542,-0.80325,0.00098,-0.01640,0.04460,0.54128,-0.00323,
1703261691385149696,-0.12783,-2.95679,-0.08268,0.59545,-0.80323,0.00017,-0.01629,-0.06661,0.51887,0.01364,
1703261691518568960,-0.13557,-2.88811,-0.08150,0.59515,-0.80348,-0.00267,-0.01413,-0.02272,0.47384,0.03724,
1703261691651987968,-0.13143,-2.82304,-0.08151,0.59507,-0.80354,-0.00222,-0.01462,0.06382,0.47977,0.00984,
1703261691785406720,-0.12704,-2.76120,-0.07991,0.59476,-0.80375,-0.00061,-0.01596,-0.00378,0.45573,-0.00600,
1703261691918825216,-0.13183,-2.70334,-0.07829,0.59482,-0.80371,-0.00243,-0.01531,-0.04929,0.43920,0.00177,
1703261692052243456,-0.13360,-2.64622,-0.07736,0.59464,-0.80385,-0.00345,-0.01467,0.02592,0.42316,0.01827,
1703261692185661184,-0.12976,-2.58819,-0.07651,0.59453,-0.80393,-0.00245,-0.01521,0.02647,0.44793,0.00106,
1703261692319078912,-0.12752,-2.52770,-0.07533,0.59459,-0.80389,-0.00238,-0.01486,0.00563,0.46717,0.00221,
1703261692452510208,-0.12426,-2.46620,-0.07473,0.59446,-0.80399,-0.00232,-0.01456,0.02727,0.46822,0.00250,
1703261692585946112,-0.12087,-2.40288,-0.07311,0.59443,-0.80402,-0.00212,-0.01420,0.01631,0.47778,0.01148,
1703261692719382784,-0.11580,-2.33881,-0.07028,0.59447,-0.80400,-0.00161,-0.01402,0.05361,0.48135,0.02717,
1703261692852820224,-0.11095,-2.27006,-0.06930,0.59434,-0.80408,-0.00061,-0.01479,0.00190,0.52771,0.02927,
1703261692986257664,-0.11227,-2.19652,-0.07009,0.59340,-0.80479,-0.00117,-0.01382,-0.04651,0.53461,0.01822,
1703261693119696128,-0.11009,-2.12635,-0.06677,0.59380,-0.80452,-0.00263,-0.01239,0.05706,0.55178,0.01472,
1703261693253134848,-0.09543,-2.05079,-0.06495,0.59412,-0.80426,0.00009,-0.01374,0.08645,0.59104,0.03176,
1703261693386571520,-0.09241,-1.96724,-0.06297,0.59421,-0.80417,0.00141,-0.01518,-0.04608,0.65943,0.01404,
1703261693520000512,-0.09579,-1.88056,-0.06019,0.59458,-0.80391,0.00000,-0.01439,0.01715,0.67453,0.01829,
1703261693653429760,-0.08616,-1.79145,-0.05698,0.59481,-0.80373,0.00079,-0.01448,0.10959,0.69388,0.01844,
1703261693786858496,-0.07581,-1.69691,-0.05447,0.59487,-0.80367,0.00227,-0.01546,0.02545,0.73668,0.01874,
1703261693920288000,-0.07445,-1.59703,-0.05379,0.59433,-0.80406,0.00163,-0.01602,-0.00788,0.75106,0.01812,
1703261694053717248,-0.07322,-1.49419,-0.05208,0.59458,-0.80388,0.00115,-0.01611,0.02588,0.80037,0.00614,
1703261694187146752,-0.06657,-1.38793,-0.04865,0.59468,-0.80378,0.00180,-0.01675,0.05601,0.80995,0.01048,
1703261694320576512,-0.05761,-1.27970,-0.04547,0.59506,-0.80349,0.00242,-0.01733,0.06445,0.84876,0.00618,
1703261694454014720,-0.05071,-1.16822,-0.04235,0.59525,-0.80332,0.00257,-0.01834,0.07397,0.84925,0.03665,
1703261694587457280,-0.04584,-1.05567,-0.03900,0.59525,-0.80332,0.00276,-0.01864,0.04006,0.84331,0.05014,
1703261694720900352,-0.03717,-0.94147,-0.03606,0.59523,-0.80332,0.00317,-0.01900,0.10145,0.87986,0.00425,
1703261694854344192,-0.02678,-0.82392,-0.03350,0.59503,-0.80347,0.00466,-0.01867,0.02207,0.89819,0.02448,
1703261694987788800,-0.02819,-0.70503,-0.03045,0.59535,-0.80326,0.00296,-0.01785,-0.03032,0.94421,-0.02323,
1703261695121234176,-0.02871,-0.58471,-0.02840,0.59551,-0.80315,0.00189,-0.01789,0.03142,0.92347,0.01712,
1703261695254680064,-0.02682,-0.46205,-0.02743,0.59518,-0.80339,0.00192,-0.01768,-0.04000,0.92668,0.02378,
1703261695388123136,-0.03916,-0.33890,-0.02600,0.59499,-0.80357,-0.00190,-0.01588,-0.10895,0.93570,0.02573,
1703261695521553152,-0.05293,-0.21541,-0.02340,0.59482,-0.80372,-0.00583,-0.01389,-0.05476,0.91383,0.03839,
1703261695654983680,-0.05445,-0.09197,-0.02136,0.59460,-0.80390,-0.00611,-0.01281,0.02952,0.94089,0.03409,
1703261695788413952,-0.04874,0.03087,-0.01815,0.59533,-0.80336,-0.00566,-0.01267,0.03566,0.93924,0.01013,
1703261695921844736,-0.04154,0.15627,-0.01674,0.59531,-0.80334,-0.00517,-0.01478,0.02645,1.00213,-0.04639,
1703261696055275520,-0.03857,0.28095,-0.01259,0.59545,-0.80321,-0.00455,-0.01616,0.00361,0.95811,0.00129,
1703261696188706304,-0.04214,0.40693,-0.00843,0.59559,-0.80312,-0.00677,-0.01526,0.01650,0.92974,0.04806,
1703261696322137088,-0.03500,0.53161,-0.00620,0.59568,-0.80305,-0.00603,-0.01549,0.08079,0.96493,-0.00536,
1703261696455565056,-0.03327,0.65777,-0.00567,0.59483,-0.80370,-0.00523,-0.01499,-0.07942,0.95181,0.01986,
1703261696588991488,-0.04292,0.77998,-0.00100,0.59551,-0.80321,-0.00807,-0.01242,-0.01986,0.93048,0.00102,
1703261696722418432,-0.04141,0.90316,0.00065,0.59497,-0.80362,-0.00861,-0.01116,0.08837,0.91725,0.02221,
1703261696855844864,-0.03354,1.02513,0.00247,0.59500,-0.80362,-0.00605,-0.01181,0.02108,0.94048,0.01015,
1703261696989271552,-0.04222,1.14758,0.00447,0.59495,-0.80365,-0.00769,-0.01092,-0.11881,0.93929,-0.00047,
1703261697122698496,-0.05766,1.26781,0.00864,0.59568,-0.80309,-0.01078,-0.00931,-0.09119,0.91227,0.00325,
1703261697256125184,-0.06614,1.39059,0.00888,0.59452,-0.80395,-0.01184,-0.00818,-0.04351,0.89073,0.06201,
1703261697389550336,-0.07027,1.50755,0.01323,0.59567,-0.80309,-0.01294,-0.00718,-0.00949,0.91370,-0.00330,
1703261697522971136,-0.06894,1.62610,0.01563,0.59531,-0.80335,-0.01297,-0.00785,-0.01048,0.84874,0.06775,
1703261697656391936,-0.06680,1.74371,0.01751,0.59564,-0.80310,-0.01237,-0.00883,0.02887,0.90267,0.02016,
1703261697789812224,-0.06542,1.85910,0.02182,0.59615,-0.80273,-0.01183,-0.00966,-0.00180,0.87727,0.00919,
1703261697923232512,-0.06755,1.97574,0.02429,0.59612,-0.80274,-0.01247,-0.00982,-0.00912,0.87899,0.01946,
1703261698056652800,-0.06244,2.09102,0.02698,0.59668,-0.80234,-0.01138,-0.00993,0.05128,0.89991,-0.01010,
1703261698190072832,-0.05406,2.20684,0.03049,0.59718,-0.80198,-0.00970,-0.01098,0.04307,0.85369,0.04907,
1703261698323492864,-0.05689,2.32313,0.03299,0.59708,-0.80207,-0.01037,-0.00877,-0.07836,0.88652,0.01319,
1703261698456915456,-0.06310,2.43781,0.03690,0.59739,-0.80184,-0.01148,-0.00666,0.02227,0.86477,0.04096,
1703261698590339072,-0.05852,2.55359,0.03887,0.59720,-0.80199,-0.01025,-0.00685,0.07537,0.90663,-0.03276,
1703261698723762688,-0.05331,2.67086,0.04133,0.59698,-0.80217,-0.00873,-0.00717,-0.00498,0.88747,0.02539,
1703261698857186560,-0.05558,2.78910,0.04152,0.59673,-0.80237,-0.00936,-0.00602,-0.02843,0.88719,0.00912,
1703261698990610176,-0.05257,2.90844,0.04223,0.59589,-0.80299,-0.00870,-0.00648,0.02656,0.89446,0.02075,
1703261699124033536,-0.05087,3.02612,0.04629,0.59706,-0.80212,-0.00846,-0.00683,-0.00246,0.94751,-0.02675,
1703261699257456896,-0.05024,3.14547,0.04908,0.59692,-0.80223,-0.00820,-0.00670,0.00310,0.88730,0.03185,
1703261699390880000,-0.05047,3.26387,0.05172,0.59637,-0.80265,-0.00790,-0.00659,-0.02492,0.85865,0.04681,
1703261699524302080,-0.06097,3.37870,0.05331,0.59636,-0.80264,-0.00939,-0.00567,-0.12868,0.88299,0.02672,
1703261699657723648,-0.07402,3.49104,0.05805,0.59692,-0.80219,-0.01209,-0.00518,-0.06142,0.84979,0.04349,
1703261699791145216,-0.08104,3.60344,0.06052,0.59669,-0.80234,-0.01343,-0.00515,-0.02895,0.86693,-0.00794,
1703261699924567040,-0.08751,3.71660,0.06271,0.59676,-0.80228,-0.01440,-0.00478,-0.07964,0.85196,0.01309,
1703261700057988096,-0.09752,3.83089,0.06457,0.59633,-0.80256,-0.01630,-0.00449,-0.08272,0.84503,0.01644,
1703261700191409664,-0.10905,3.94364,0.06730,0.59671,-0.80225,-0.01794,-0.00398,-0.07059,0.85882,-0.00924,
1703261700324830976,-0.11957,4.05746,0.07084,0.59646,-0.80239,-0.02000,-0.00242,-0.04938,0.82578,0.05282,
1703261700458252544,-0.12639,4.16872,0.07519,0.59719,-0.80181,-0.02156,0.00000,-0.02526,0.85670,0.00666,
1703261700591673344,-0.12318,4.28147,0.07757,0.59703,-0.80195,-0.02051,-0.00019,0.07720,0.83251,0.03388,
1703261700725094400,-0.11067,4.39360,0.08196,0.59703,-0.80203,-0.01727,-0.00105,0.08174,0.81291,0.05200,
1703261700858514944,-0.09574,4.50588,0.08615,0.59790,-0.80143,-0.01482,-0.00138,0.14755,0.83429,0.03669,
1703261700991935744,-0.07810,4.61903,0.09019,0.59854,-0.80100,-0.01155,-0.00205,0.08841,0.84939,0.03101,
1703261701125356288,-0.07721,4.73241,0.09389,0.59910,-0.80060,-0.01086,-0.00186,-0.08852,0.84805,0.03544,
1703261701258776576,-0.08793,4.84385,0.09874,0.59974,-0.80009,-0.01283,0.00000,-0.04691,0.86624,-0.01111,
1703261701392196864,-0.08559,4.95659,0.10112,0.59958,-0.80022,-0.01205,0.00146,0.08913,0.80620,0.05578,
1703261701525615360,-0.07150,5.06753,0.10500,0.60008,-0.79989,-0.00917,0.00064,0.06760,0.84417,0.01500,
1703261701659033856,-0.06857,5.17768,0.10770,0.59983,-0.80008,-0.00829,0.00047,-0.03877,0.79702,0.03957,
1703261701792452096,-0.07443,5.28344,0.11249,0.60009,-0.79988,-0.00917,0.00022,-0.02800,0.78298,0.02041,
1703261701925870080,-0.07268,5.38435,0.11685,0.60038,-0.79966,-0.00880,-0.00059,0.04374,0.72334,0.04694,
1703261702059288064,-0.06933,5.48086,0.12150,0.60092,-0.79927,-0.00780,-0.00152,0.00891,0.71076,0.02722,
1703261702192705792,-0.07061,5.57342,0.12573,0.60139,-0.79891,-0.00856,-0.00294,0.00332,0.66878,0.04588,
1703261702326123264,-0.07064,5.66200,0.12842,0.60171,-0.79866,-0.00842,-0.00307,-0.04411,0.68317,-0.00517,
1703261702459540480,-0.07965,5.74833,0.13051,0.60153,-0.79878,-0.01066,-0.00134,-0.03812,0.61205,0.03670,
1703261702592956928,-0.08124,5.82926,0.13287,0.60143,-0.79884,-0.01160,-0.00089,0.06084,0.59262,0.01394,
1703261702726373120,-0.07145,5.90393,0.13637,0.60194,-0.79849,-0.00920,-0.00112,0.05460,0.55557,0.01129,
1703261702859789568,-0.06938,5.97542,0.13737,0.60158,-0.79876,-0.00915,-0.00130,-0.04205,0.51760,0.01751,
1703261702993205504,-0.07827,6.04218,0.13807,0.60125,-0.79898,-0.01120,-0.00076,-0.05684,0.47166,0.01872,
1703261703126620928,-0.08271,6.10290,0.14065,0.60150,-0.79878,-0.01193,-0.00062,0.00360,0.44630,0.01314,
1703261703260036608,-0.08031,6.15766,0.14461,0.60185,-0.79852,-0.01139,-0.00099,0.03022,0.39510,-0.00841,
1703261703393452544,-0.07762,6.20447,0.14699,0.60178,-0.79859,-0.01067,-0.00178,-0.01051,0.32387,0.02474,
1703261703526870528,-0.08335,6.24567,0.14691,0.60180,-0.79856,-0.01164,-0.00089,-0.07955,0.30567,-0.00402,
1703261703660288256,-0.08854,6.28547,0.14596,0.60121,-0.79898,-0.01330,0.00054,0.02114,0.29114,0.00179,
1703261703793705984,-0.07996,6.32383,0.14576,0.60095,-0.79921,-0.01134,0.00069,0.07677,0.27898,0.00133,
1703261703927123200,-0.07550,6.35881,0.14713,0.60113,-0.79908,-0.01023,0.00084,-0.01512,0.25717,0.00088,
1703261704060540672,-0.07834,6.39092,0.14741,0.60091,-0.79924,-0.01106,0.00130,-0.00688,0.22254,-0.00145,
1703261704193957888,-0.07642,6.41885,0.14849,0.60084,-0.79930,-0.01019,0.00074,0.02201,0.18419,0.00876,
1703261704327374336,-0.07507,6.44190,0.14911,0.60088,-0.79928,-0.01008,0.00105,-0.00830,0.16218,0.00672,
1703261704460793856,-0.07588,6.46171,0.14980,0.60095,-0.79921,-0.01087,0.00176,-0.00073,0.14422,0.00509,
1703261704594214400,-0.07559,6.47889,0.14957,0.60076,-0.79936,-0.01045,0.00133,0.00398,0.11576,0.00330,
1703261704727634688,-0.07662,6.49251,0.14944,0.60077,-0.79936,-0.01040,0.00114,-0.01258,0.09772,0.00350,
1703261704861054976,-0.07729,6.50336,0.14982,0.60086,-0.79928,-0.01084,0.00162,0.00618,0.07569,0.00270,
1703261704994475008,-0.07537,6.51217,0.15010,0.60082,-0.79932,-0.01040,0.00158,0.00875,0.05958,0.00242,
1703261705127895040,-0.07573,6.51832,0.15025,0.60083,-0.79931,-0.01027,0.00143,-0.01414,0.04118,-0.00099,
1703261705261314816,-0.07740,6.52193,0.14964,0.60071,-0.79940,-0.01059,0.00155,-0.00270,0.01195,-0.00892,
1703261705394736384,-0.07648,6.51709,0.14872,0.60058,-0.79950,-0.01042,0.00141,-0.00586,-0.08546,-0.00874,
1703261705528165888,-0.07699,6.49698,0.14665,0.60005,-0.79989,-0.01040,0.00131,0.01916,-0.24524,-0.00671,
1703261705661595136,-0.07504,6.45378,0.14584,0.60035,-0.79968,-0.00977,0.00119,0.01731,-0.38930,-0.02830,
1703261705795024896,-0.07414,6.39189,0.14395,0.60010,-0.79987,-0.00987,0.00084,-0.00656,-0.55400,0.00251,
1703261705928454400,-0.07855,6.31132,0.14270,0.60022,-0.79976,-0.01112,0.00002,-0.06741,-0.66600,0.00725,
1703261706061883904,-0.08660,6.21486,0.14319,0.60141,-0.79884,-0.01233,-0.00057,-0.03551,-0.76019,-0.02579,
1703261706195313408,-0.08212,6.10560,0.13621,0.60068,-0.79941,-0.01104,-0.00017,0.07363,-0.89552,-0.05383,
1703261706328743168,-0.07655,5.98044,0.13305,0.60074,-0.79938,-0.01042,-0.00039,0.01876,-1.00585,-0.02464,
1703261706462168576,-0.07783,5.84565,0.12432,0.59947,-0.80033,-0.01071,-0.00232,-0.03343,-1.05333,-0.05315,
1703261706595591424,-0.07847,5.69742,0.12028,0.60032,-0.79968,-0.01057,-0.00397,0.03808,-1.10851,-0.06531,
1703261706729014272,-0.07129,5.54370,0.11500,0.59939,-0.80040,-0.00891,-0.00412,0.09551,-1.19757,-0.06228,
1703261706862436864,-0.06386,5.38364,0.10908,0.59949,-0.80034,-0.00731,-0.00358,0.00139,-1.18204,-0.07850,
1703261706995859456,-0.06091,5.21824,0.10321,0.59932,-0.80047,-0.00685,-0.00309,0.04019,-1.26813,-0.03107,
1703261707195993344,-0.04879,4.96398,0.09672,0.59936,-0.80046,-0.00418,-0.00414,0.04728,-1.26101,-0.05119,
1703261707329415680,-0.04651,4.79280,0.09136,0.59955,-0.80030,-0.00390,-0.00636,0.02700,-1.28725,-0.05337,
1703261707462839296,-0.04706,4.62302,0.08466,0.59875,-0.80088,-0.00391,-0.00913,0.03816,-1.29550,-0.04395,
1703261707596263168,-0.04468,4.45352,0.07512,0.59755,-0.80175,-0.00291,-0.01115,-0.02887,-1.29466,-0.01263,
1703261707729687040,-0.04699,4.28577,0.06704,0.59681,-0.80229,-0.00282,-0.01169,-0.02323,-1.26401,-0.01745,
1703261707863110656,-0.04371,4.11890,0.05955,0.59659,-0.80243,-0.00154,-0.01370,0.04267,-1.21222,-0.05700,
1703261707996534272,-0.04413,3.95515,0.05631,0.59698,-0.80212,-0.00085,-0.01467,-0.03572,-1.20610,-0.04467,
1703261708129958144,-0.04666,3.79605,0.05134,0.59707,-0.80204,-0.00052,-0.01544,-0.00149,-1.20538,0.01456,
1703261708330094080,-0.03730,3.56390,0.04463,0.59772,-0.80155,0.00278,-0.01558,0.01801,-1.13050,-0.00894,
1703261708463519232,-0.03686,3.41290,0.03999,0.59751,-0.80171,0.00386,-0.01506,-0.00945,-1.15130,-0.01988,
1703261708596945920,-0.03610,3.26610,0.03956,0.59803,-0.80131,0.00409,-0.01568,0.03913,-1.08485,-0.00961,
1703261708730372608,-0.03437,3.12397,0.03457,0.59852,-0.80093,0.00601,-0.01592,-0.00735,-1.05526,-0.00912,
1703261708863799296,-0.03680,2.98372,0.03455,0.59946,-0.80022,0.00670,-0.01617,-0.02392,-1.03621,-0.00804,
1703261708997226240,-0.03810,2.84842,0.03259,0.59990,-0.79987,0.00694,-0.01662,-0.00747,-1.01380,-0.00523,
1703261709130653184,-0.04256,2.71698,0.03373,0.60064,-0.79931,0.00727,-0.01696,-0.06080,-0.96039,-0.02304,
1703261709264080128,-0.04998,2.59325,0.03051,0.60079,-0.79918,0.00662,-0.01772,-0.06382,-0.90263,-0.03796,
1703261709464219904,-0.06292,2.41338,0.03036,0.60153,-0.79865,0.00562,-0.01689,-0.06163,-0.91162,0.03294,
1703261709597645312,-0.06875,2.29923,0.02788,0.60214,-0.79820,0.00560,-0.01671,-0.03974,-0.83131,-0.03605,
1703261709731070976,-0.07605,2.19037,0.02216,0.60160,-0.79860,0.00537,-0.01681,-0.05041,-0.85845,0.00799,
1703261709931209728,-0.08699,2.03049,0.01862,0.60175,-0.79851,0.00509,-0.01585,-0.05186,-0.76224,-0.03032,
1703261710064635648,-0.09029,1.93161,0.01454,0.60151,-0.79870,0.00507,-0.01521,-0.03278,-0.77641,0.01433,
1703261710198061824,-0.09779,1.83709,0.01048,0.60092,-0.79918,0.00361,-0.01409,-0.03448,-0.70803,-0.04316,
1703261710398201600,-0.10065,1.69729,0.00499,0.60044,-0.79954,0.00547,-0.01323,-0.01939,-0.71727,0.02170,
1703261710531634944,-0.10513,1.60836,0.00140,0.60040,-0.79959,0.00469,-0.01233,-0.08314,-0.65591,-0.00533,
1703261710665068544,-0.11038,1.52460,-0.00173,0.60014,-0.79980,0.00399,-0.01154,0.00302,-0.59207,-0.04819,
1703261710798502656,-0.11023,1.44294,-0.00391,0.60035,-0.79964,0.00497,-0.01150,-0.01585,-0.59957,-0.01853,
1703261710931937024,-0.11451,1.36801,-0.00797,0.59999,-0.79992,0.00437,-0.01105,-0.04538,-0.55672,-0.02486,
1703261711065371392,-0.11827,1.29372,-0.01044,0.60007,-0.79987,0.00407,-0.01048,-0.01608,-0.54687,-0.00899,
1703261711198806528,-0.11981,1.22513,-0.01281,0.59995,-0.79996,0.00423,-0.01011,-0.03383,-0.51729,-0.00580,
1703261711332241920,-0.12531,1.15915,-0.01485,0.60022,-0.79977,0.00367,-0.00983,-0.04993,-0.47436,-0.01692,
1703261711465670144,-0.13080,1.09883,-0.01671,0.60009,-0.79987,0.00300,-0.00971,-0.02632,-0.45019,-0.01742,
1703261711665806080,-0.13285,1.01290,-0.01947,0.60005,-0.79991,0.00323,-0.00919,-0.02545,-0.39373,-0.02583,
1703261711799230464,-0.13675,0.96055,-0.02152,0.60025,-0.79975,0.00267,-0.00906,-0.04516,-0.37672,-0.02421,
1703261711932654592,-0.13989,0.91233,-0.02337,0.60008,-0.79989,0.00235,-0.00878,-0.01612,-0.35565,-0.01680,
1703261712066078976,-0.14135,0.86810,-0.02500,0.60009,-0.79987,0.00251,-0.00899,-0.02147,-0.32665,-0.01233,
1703261712199503104,-0.14554,0.82669,-0.02642,0.60010,-0.79987,0.00209,-0.00875,-0.03373,-0.31054,-0.00444,
1703261712332927744,-0.14766,0.78908,-0.02810,0.59987,-0.80005,0.00180,-0.00829,0.00807,-0.27044,-0.01182,
1703261712466353664,-0.14408,0.75886,-0.02907,0.59990,-0.80002,0.00289,-0.00878,0.00536,-0.21337,-0.00811,
1703261712599781120,-0.14589,0.73473,-0.03003,0.59982,-0.80008,0.00284,-0.00888,-0.03398,-0.16004,-0.00958,
1703261712733208064,-0.14870,0.71605,-0.03089,0.59985,-0.80007,0.00213,-0.00844,-0.00866,-0.12181,-0.01195,
1703261712866635776,-0.14857,0.70067,-0.03202,0.59974,-0.80015,0.00238,-0.00854,0.00146,-0.11398,-0.00904,
1703261713000063488,-0.14660,0.68678,-0.03267,0.59952,-0.80030,0.00310,-0.00925,0.00859,-0.15742,-0.00725,
1703261713133491200,-0.14836,0.66357,-0.03344,0.59952,-0.80030,0.00324,-0.00943,-0.06068,-0.18433,-0.00560,
1703261713266918912,-0.15587,0.63871,-0.03391,0.59970,-0.80018,0.00096,-0.00830,-0.04178,-0.18012,-0.00844,
1703261713400344064,-0.15683,0.61548,-0.03412,0.59978,-0.80012,0.00069,-0.00828,0.00833,-0.16557,-0.00195,
1703261713533748992,-0.15527,0.59749,-0.03455,0.59974,-0.80014,0.00189,-0.00915,-0.01426,-0.11495,-0.00612,
1703261713733855232,-0.15799,0.58098,-0.03483,0.59964,-0.80022,0.00128,-0.00895,0.01210,-0.09349,-0.00873,
1703261713867258624,-0.15500,0.56556,-0.03626,0.59918,-0.80056,0.00181,-0.00919,0.00841,-0.16594,-0.01445,
1703261714000661248,-0.15583,0.53358,-0.03794,0.59910,-0.80061,0.00208,-0.00959,-0.01911,-0.31643,-0.01446,
1703261714134063872,-0.15983,0.48102,-0.04037,0.59899,-0.80070,0.00158,-0.00944,-0.02493,-0.48353,-0.01124,
1703261714267465728,-0.15939,0.40792,-0.04261,0.59936,-0.80043,0.00167,-0.00842,0.00500,-0.61463,-0.01178,
1703261714467567616,-0.15767,0.26842,-0.04767,0.59972,-0.80016,0.00326,-0.00855,-0.00854,-0.77647,-0.02962,
1703261714600966656,-0.16402,0.16076,-0.05225,0.59881,-0.80085,0.00278,-0.00826,-0.03849,-0.86458,-0.02365,
1703261714734365184,-0.16559,0.04156,-0.05641,0.59886,-0.80082,0.00289,-0.00687,-0.00739,-0.93434,-0.03342,
1703261714867763200,-0.16634,-0.08888,-0.05959,0.59886,-0.80082,0.00364,-0.00616,0.01928,-1.08671,0.04998,
1703261715001160448,-0.16815,-0.22830,-0.06526,0.59902,-0.80069,0.00421,-0.00714,-0.03955,-1.08766,-0.03390,
1703261715201255168,-0.17053,-0.45474,-0.07119,0.59896,-0.80072,0.00525,-0.00817,0.04439,-1.20413,-0.00091,
1703261715334650880,-0.16912,-0.61458,-0.07475,0.59943,-0.80035,0.00678,-0.00911,-0.01294,-1.23192,-0.03187,
1703261715468046080,-0.17266,-0.77945,-0.08062,0.59909,-0.80059,0.00679,-0.01028,-0.03934,-1.25964,-0.06723,
1703261715601440256,-0.18167,-0.94353,-0.09190,0.59753,-0.80172,0.00538,-0.01334,-0.06321,-1.29955,-0.05301,
1703261715734833664,-0.19535,-1.11418,-0.09567,0.59727,-0.80188,0.00466,-0.01522,-0.11509,-1.27540,-0.05488,
1703261715934922496,-0.20856,-1.37551,-0.10506,0.59763,-0.80165,0.00391,-0.01356,-0.06509,-1.33085,0.00723,
1703261716068314112,-0.22011,-1.55118,-0.10512,0.59862,-0.80094,0.00324,-0.01159,-0.03215,-1.30910,-0.03465,
1703261716201704704,-0.23030,-1.72321,-0.10755,0.59911,-0.80059,0.00230,-0.01059,-0.02233,-1.27749,-0.10071,
1703261716335095040,-0.23587,-1.88972,-0.11343,0.59904,-0.80066,0.00219,-0.00899,-0.06753,-1.22709,-0.05873,
1703261716468483328,-0.24789,-2.05104,-0.11805,0.59865,-0.80096,0.00069,-0.00937,-0.06272,-1.24592,0.06214,
1703261716601868544,-0.24546,-2.20248,-0.12001,0.59810,-0.80136,0.00226,-0.00945,0.01993,-1.12140,-0.06001,
1703261716735252736,-0.24993,-2.34965,-0.12501,0.59793,-0.80147,0.00087,-0.01096,-0.03403,-1.10541,-0.02007,
1703261716935327744,-0.25741,-2.56647,-0.12706,0.59935,-0.80038,0.00119,-0.01334,-0.01992,-1.08583,-0.01323,
1703261717068709888,-0.25816,-2.70285,-0.13171,0.59917,-0.80053,0.00156,-0.01234,-0.07254,-0.99580,-0.03426,
1703261717202091008,-0.26483,-2.83635,-0.13651,0.59960,-0.80022,0.00063,-0.01106,-0.07908,-1.01855,-0.01629,
1703261717335471104,-0.27257,-2.96462,-0.14031,0.59931,-0.80044,-0.00062,-0.01136,-0.01512,-1.00832,-0.00283,
1703261717468855040,-0.27647,-3.08725,-0.14460,0.59925,-0.80049,-0.00032,-0.01049,-0.02871,-0.89711,-0.07436,
1703261717602241792,-0.28032,-3.20562,-0.14973,0.59877,-0.80087,-0.00025,-0.00912,-0.00598,-0.90063,0.01257,
1703261717735627520,-0.27927,-3.31699,-0.15388,0.59803,-0.80143,0.00080,-0.00802,0.00055,-0.83985,-0.05256,
1703261717869012224,-0.28344,-3.42787,-0.15763,0.59830,-0.80124,0.00027,-0.00711,-0.05533,-0.84006,-0.01642,
1703261718002396160,-0.28900,-3.53319,-0.16003,0.59810,-0.80139,-0.00045,-0.00627,-0.02301,-0.78244,-0.01438,
1703261718135779072,-0.29083,-3.63169,-0.16142,0.59821,-0.80132,-0.00075,-0.00592,-0.01643,-0.71593,-0.01637,
1703261718269161216,-0.28216,-3.73011,-0.15551,0.60066,-0.79950,0.00141,-0.00137,0.15135,-0.74175,0.06718,
1703261718402543872,-0.26821,-3.81409,-0.15381,0.60043,-0.79967,0.00271,0.00032,-0.04423,-0.53692,-0.04576,
1703261718535926272,-0.28323,-3.88519,-0.15716,0.59988,-0.80009,-0.00130,0.00045,-0.15892,-0.50775,-0.00760,
1703261718669307904,-0.29597,-3.94613,-0.16569,0.59777,-0.80165,-0.00228,-0.00499,-0.05971,-0.51179,0.01951,
1703261718802688256,-0.29885,-4.00924,-0.16921,0.59777,-0.80164,-0.00119,-0.00637,-0.01243,-0.46987,-0.05624,
1703261719002757376,-0.30241,-4.10527,-0.17550,0.59801,-0.80147,-0.00347,-0.00393,-0.02398,-0.51174,-0.01949,
1703261719136135680,-0.30599,-4.16746,-0.17799,0.59772,-0.80169,-0.00387,-0.00390,-0.01905,-0.45139,-0.03686,
1703261719269512704,-0.30893,-4.22557,-0.18033,0.59757,-0.80180,-0.00292,-0.00492,-0.00171,-0.44964,-0.02347,
1703261719402889984,-0.31442,-4.28119,-0.18581,0.59649,-0.80259,-0.00384,-0.00610,-0.07303,-0.42985,-0.01403,
1703261719536283136,-0.32137,-4.33541,-0.18620,0.59696,-0.80223,-0.00539,-0.00568,-0.04835,-0.42637,-0.02236,
1703261719669675008,-0.32107,-4.39350,-0.18879,0.59672,-0.80242,-0.00485,-0.00578,-0.00561,-0.44669,-0.01402,
1703261719803066624,-0.32231,-4.45192,-0.19173,0.59637,-0.80267,-0.00480,-0.00596,-0.02626,-0.46359,-0.00483,
1703261719936457728,-0.32690,-4.51397,-0.19306,0.59676,-0.80238,-0.00573,-0.00595,-0.04461,-0.46967,-0.00611,
1703261720069847552,-0.32943,-4.57159,-0.19635,0.59655,-0.80253,-0.00606,-0.00627,-0.00744,-0.43109,-0.01890,
1703261720203237120,-0.32824,-4.62789,-0.19864,0.59641,-0.80264,-0.00515,-0.00642,-0.00466,-0.41430,-0.02064,
1703261720336626176,-0.33037,-4.67834,-0.19943,0.59644,-0.80261,-0.00557,-0.00601,-0.04046,-0.36815,-0.01372,
1703261720470020608,-0.33332,-4.72458,-0.20041,0.59645,-0.80261,-0.00635,-0.00561,-0.01393,-0.33575,-0.00676,
1703261720603420416,-0.33448,-4.76419,-0.20479,0.59575,-0.80311,-0.00627,-0.00698,-0.02094,-0.28306,0.00360,
1703261720736819456,-0.33658,-4.79703,-0.20462,0.59581,-0.80307,-0.00640,-0.00705,-0.01421,-0.23083,-0.00299,
1703261720870218240,-0.33735,-4.82497,-0.20402,0.59594,-0.80298,-0.00687,-0.00648,-0.00041,-0.17558,-0.00479,
1703261721003616768,-0.33832,-4.84594,-0.20392,0.59602,-0.80292,-0.00701,-0.00635,-0.01314,-0.13690,-0.00399,
1703261721137014528,-0.33860,-4.85965,-0.20422,0.59611,-0.80285,-0.00688,-0.00651,-0.00956,-0.10475,-0.00300,
1703261721270412544,-0.33869,-4.87239,-0.20428,0.59612,-0.80284,-0.00683,-0.00658,-0.00712,-0.08150,-0.00328,
1703261721403810048,-0.33961,-4.88136,-0.20478,0.59616,-0.80281,-0.00702,-0.00662,-0.00792,-0.05551,-0.00103,
1703261721537225984,-0.33943,-4.88738,-0.20511,0.59615,-0.80281,-0.00686,-0.00671,-0.00064,-0.03777,0.00006,
1703261721670642432,-0.33969,-4.89084,-0.20534,0.59615,-0.80282,-0.00678,-0.00676,-0.01197,-0.01890,0.00389,
1703261721804058624,-0.33970,-4.88182,-0.20399,0.59670,-0.80241,-0.00681,-0.00672,-0.02104,0.18395,-0.00342,
1703261722004183552,-0.33919,-4.82062,-0.20385,0.59623,-0.80276,-0.00692,-0.00604,0.00252,0.45398,-0.00324,
1703261722137600768,-0.33704,-4.75104,-0.20213,0.59633,-0.80268,-0.00660,-0.00656,-0.01541,0.57923,0.02973,
1703261722271017472,-0.33951,-4.66266,-0.19967,0.59605,-0.80289,-0.00714,-0.00654,-0.02918,0.72576,0.02347,
1703261722404434688,-0.34017,-4.55787,-0.19641,0.59623,-0.80275,-0.00798,-0.00598,0.02377,0.82612,0.04676,
1703261722537848832,-0.33515,-4.43919,-0.19017,0.59607,-0.80288,-0.00687,-0.00559,0.04275,0.90392,0.05620,
1703261722671262976,-0.33177,-4.30826,-0.18419,0.59653,-0.80254,-0.00662,-0.00622,0.00724,1.04644,0.01952,
1703261722804677376,-0.32836,-4.16642,-0.18042,0.59670,-0.80242,-0.00583,-0.00525,-0.00452,1.10347,0.05415,
1703261722938091520,-0.31664,-4.01470,-0.16953,0.59773,-0.80168,-0.00438,-0.00380,0.14807,1.15714,0.09781,
1703261723071505664,-0.29289,-3.85439,-0.16490,0.59742,-0.80193,-0.00064,-0.00202,0.22223,1.21808,0.03510,
1703261723204920320,-0.26096,-3.68724,-0.16047,0.60038,-0.79970,0.00429,-0.00055,0.14656,1.38225,-0.05708,
1703261723405042176,-0.20672,-3.41617,-0.15320,0.59900,-0.80056,0.01450,-0.01025,0.26233,1.41224,0.01190,
1703261723538454016,-0.17879,-3.22883,-0.14748,0.59852,-0.80074,0.01832,-0.01604,0.17302,1.40704,0.03496,
1703261723671866112,-0.15397,-3.04062,-0.14342,0.59884,-0.80043,0.01993,-0.01757,0.13838,1.38620,0.07614,
1703261723805278208,-0.13027,-2.85434,-0.14222,0.59766,-0.80127,0.02056,-0.01875,0.16580,1.41233,-0.02797,
1703261723938690304,-0.11407,-2.67725,-0.13792,0.59749,-0.80137,0.02079,-0.01948,0.04595,1.32249,0.00994,
1703261724072102656,-0.10851,-2.50322,-0.13776,0.59600,-0.80250,0.01910,-0.02033,0.08559,1.29845,0.04170,
1703261724205515008,-0.09763,-2.33432,-0.13644,0.59474,-0.80343,0.01835,-0.02125,0.15293,1.24291,0.02766,
1703261724338927360,-0.08046,-2.17590,-0.12925,0.59671,-0.80194,0.01947,-0.02109,0.12351,1.25802,-0.00465,
1703261724472345600,-0.06590,-2.01783,-0.12648,0.59633,-0.80224,0.01933,-0.02069,0.11215,1.15568,0.03623,
1703261724605770752,-0.05547,-1.86150,-0.12305,0.59559,-0.80281,0.01866,-0.02048,0.12459,1.17768,0.02097,
1703261724805909504,-0.03913,-1.63372,-0.12053,0.59592,-0.80255,0.01865,-0.02111,0.06916,1.16926,-0.02853,
1703261724939335680,-0.03648,-1.48098,-0.12038,0.59508,-0.80318,0.01770,-0.02168,0.02545,1.12037,0.01357,
1703261725072762368,-0.03264,-1.33338,-0.11853,0.59462,-0.80357,0.01568,-0.02120,0.06435,1.05090,0.05838,
1703261725206189568,-0.02211,-1.18878,-0.11755,0.59423,-0.80386,0.01589,-0.02140,0.07944,1.05414,0.03360,
1703261725339617280,-0.01400,-1.05038,-0.11508,0.59425,-0.80382,0.01608,-0.02196,0.03604,1.05419,0.01782,
1703261725473045760,-0.01228,-0.91555,-0.11224,0.59516,-0.80325,0.01462,-0.01901,0.00100,1.04457,-0.03998,
1703261725606475264,-0.01560,-0.78301,-0.10779,0.59554,-0.80307,0.01095,-0.01709,0.02116,1.01416,-0.02686,
1703261725739905536,-0.01030,-0.65360,-0.10549,0.59567,-0.80297,0.01112,-0.01705,0.07286,0.95850,0.03968,
1703261725873336064,-0.00081,-0.52476,-0.10610,0.59448,-0.80383,0.01220,-0.01739,0.05443,0.91271,0.06548,
1703261726006767616,-0.00212,-0.40028,-0.10493,0.59413,-0.80415,0.00973,-0.01610,-0.03831,0.93243,0.00309,
1703261726140199680,-0.01234,-0.28149,-0.10200,0.59461,-0.80387,0.00617,-0.01361,-0.03898,0.89359,0.01115,
1703261726340348672,-0.00978,-0.10860,-0.09998,0.59414,-0.80422,0.00604,-0.01368,0.03116,0.85231,0.00332,
1703261726473783808,-0.00398,0.00134,-0.09795,0.59397,-0.80434,0.00592,-0.01410,0.05503,0.80316,0.02625,
1703261726607221504,-0.00000,0.11044,-0.09791,0.59405,-0.80426,0.00540,-0.01519,0.05153,0.80562,0.02677,
1703261726740660736,0.00165,0.21786,-0.09513,0.59476,-0.80373,0.00549,-0.01567,0.01978,0.82357,-0.01722,
1703261726874100480,0.00576,0.32306,-0.09210,0.59508,-0.80349,0.00551,-0.01598,0.01850,0.78420,0.00211,
1703261727007541248,0.00521,0.42495,-0.08956,0.59500,-0.80357,0.00413,-0.01547,-0.00159,0.75994,-0.00168,
1703261727140982784,0.00409,0.52223,-0.08948,0.59470,-0.80380,0.00317,-0.01481,0.04091,0.72614,0.00121,
1703261727274425600,0.01035,0.61649,-0.08816,0.59419,-0.80417,0.00421,-0.01528,0.07922,0.65846,0.04679,
1703261727407868416,0.01138,0.70605,-0.08691,0.59419,-0.80419,0.00416,-0.01410,-0.07851,0.65859,0.03495,
1703261727541306624,-0.00227,0.79218,-0.08562,0.59441,-0.80408,-0.00007,-0.01155,-0.10288,0.64625,-0.00552,
1703261727674745600,-0.00650,0.87448,-0.08368,0.59443,-0.80406,-0.00096,-0.01145,0.00185,0.61030,0.01313,
1703261727808185600,-0.00215,0.95245,-0.08154,0.59445,-0.80405,-0.00011,-0.01160,0.03660,0.58415,0.00656,
1703261727941626624,0.00041,1.02811,-0.07947,0.59445,-0.80406,-0.00050,-0.01090,0.02440,0.57659,-0.00789,
1703261728075067904,-0.00424,1.10153,-0.07631,0.59485,-0.80376,-0.00147,-0.01094,-0.05123,0.54621,0.02473,
1703261728208510720,-0.01179,1.17012,-0.07549,0.59496,-0.80367,-0.00227,-0.01112,-0.05705,0.50402,0.01254,
1703261728341954048,-0.02028,1.23697,-0.07406,0.59495,-0.80368,-0.00435,-0.01064,-0.06565,0.50688,-0.01776,
1703261728475397632,-0.02588,1.30117,-0.07386,0.59467,-0.80391,-0.00589,-0.00811,-0.00282,0.43755,0.05897,
1703261728675565312,-0.02209,1.38524,-0.07087,0.59510,-0.80360,-0.00546,-0.00745,0.04279,0.40553,0.01209,
1703261728809011712,-0.02070,1.43834,-0.07110,0.59507,-0.80361,-0.00466,-0.00846,-0.00853,0.40130,0.01296,
1703261728942459392,-0.02530,1.48964,-0.07023,0.59520,-0.80352,-0.00596,-0.00761,-0.03975,0.39547,0.00672,
1703261729075907840,-0.02557,1.54122,-0.06885,0.59556,-0.80325,-0.00654,-0.00766,0.04797,0.39203,0.01284,
1703261729209358080,-0.02052,1.59479,-0.06720,0.59530,-0.80344,-0.00497,-0.00883,0.01339,0.40112,0.01267,
1703261729342808832,-0.02185,1.64877,-0.06585,0.59553,-0.80326,-0.00571,-0.00905,-0.02680,0.40697,0.01617,
1703261729476254208,-0.02010,1.70178,-0.06455,0.59548,-0.80329,-0.00578,-0.00939,0.03169,0.37483,0.01437,
1703261729609693184,-0.01828,1.75034,-0.06331,0.59557,-0.80322,-0.00510,-0.01008,0.00268,0.35867,-0.00390,
1703261729743133184,-0.02007,1.79444,-0.06129,0.59583,-0.80303,-0.00588,-0.00981,-0.00346,0.32984,0.00433,
1703261729876573952,-0.01800,1.83730,-0.06124,0.59563,-0.80317,-0.00593,-0.00976,0.04425,0.31036,0.00685,
1703261730010015488,-0.01059,1.87698,-0.05930,0.59600,-0.80290,-0.00441,-0.01056,0.03564,0.30512,0.00243,
1703261730143457536,-0.01194,1.91451,-0.05818,0.59608,-0.80284,-0.00471,-0.01039,-0.02516,0.26918,0.01257,
1703261730276900096,-0.01260,1.94973,-0.05676,0.59605,-0.80287,-0.00533,-0.00995,0.02190,0.26975,0.00678,
1703261730410343680,-0.00837,1.98367,-0.05601,0.59632,-0.80267,-0.00416,-0.01056,0.02926,0.26877,0.00609,
1703261730543777024,-0.00626,2.01993,-0.05589,0.59611,-0.80282,-0.00393,-0.01072,0.00888,0.27566,0.00191,
1703261730677211136,-0.00178,2.05686,-0.05570,0.59600,-0.80290,-0.00344,-0.01109,0.05290,0.29622,-0.04334,
1703261730810645248,0.00203,2.09161,-0.05438,0.59648,-0.80254,-0.00245,-0.01172,0.00176,0.23115,0.03314,
1703261730944080128,-0.00573,2.12294,-0.05404,0.59596,-0.80293,-0.00403,-0.01098,-0.09344,0.23652,-0.02544,
1703261731077515264,-0.01528,2.14814,-0.05287,0.59724,-0.80198,-0.00636,-0.00954,-0.02543,0.20184,0.00199,
1703261731210951168,-0.01333,2.17436,-0.05126,0.59683,-0.80230,-0.00566,-0.00936,0.08354,0.21627,0.00759,
1703261731344387584,-0.00768,2.20805,-0.04758,0.59908,-0.80059,-0.00394,-0.01197,-0.00937,0.35227,0.01028,
1703261731477823232,-0.01923,2.26437,-0.04684,0.59833,-0.80115,-0.00594,-0.01068,-0.12134,0.47741,0.03012,
1703261731611258368,-0.02736,2.33898,-0.04415,0.59856,-0.80099,-0.00823,-0.00815,0.00154,0.63756,0.01884,
1703261731744693760,-0.02124,2.43017,-0.04205,0.59876,-0.80086,-0.00758,-0.00757,0.10449,0.74795,0.01126,
1703261731878129920,-0.00934,2.54128,-0.04199,0.59778,-0.80158,-0.00501,-0.00974,0.03891,0.88334,0.03928,
1703261732011566336,-0.00977,2.66622,-0.03930,0.59807,-0.80137,-0.00550,-0.00963,-0.01250,1.00167,0.01901,
1703261732145003264,-0.00740,2.80855,-0.04001,0.59700,-0.80216,-0.00571,-0.01018,0.04469,1.09187,0.02588,
1703261732278440704,0.00249,2.95973,-0.03520,0.59815,-0.80130,-0.00410,-0.01139,0.05957,1.22355,-0.00660,
1703261732411878656,0.01151,3.12521,-0.03361,0.59756,-0.80173,-0.00267,-0.01241,0.05074,1.28109,0.02313,
1703261732545308416,0.01675,3.29985,-0.03074,0.59700,-0.80212,-0.00226,-0.01385,0.03973,1.32549,0.03070,
1703261732678738176,0.01708,3.48114,-0.03189,0.59581,-0.80294,-0.00368,-0.01697,-0.01444,1.37651,-0.07942,
1703261732812168192,0.01382,3.65530,-0.03099,0.59594,-0.80281,-0.00500,-0.01818,-0.10544,1.33407,-0.00909,
1703261732945598464,0.01211,3.82465,-0.02864,0.59524,-0.80331,-0.00623,-0.01832,-0.02736,1.23055,-0.00280,
1703261733079028480,0.00640,3.99110,-0.03092,0.59397,-0.80426,-0.00880,-0.01689,-0.00263,1.27051,-0.03472,
1703261733212459008,0.00102,4.15042,-0.02779,0.59435,-0.80403,-0.01138,-0.01228,-0.03721,1.16521,0.06113,
1703261733345889536,0.00099,4.30659,-0.02264,0.59409,-0.80423,-0.01204,-0.01114,0.07912,1.15179,0.04302,
1703261733479319552,0.01673,4.45536,-0.01379,0.59615,-0.80277,-0.00810,-0.01019,0.13083,1.14397,0.03495,
1703261733612749056,0.03186,4.60407,-0.00993,0.59604,-0.80286,-0.00688,-0.01051,0.14546,1.06285,0.07014,
1703261733746178560,0.03573,4.74976,-0.00461,0.59656,-0.80250,-0.00739,-0.00755,0.02515,1.05757,0.05213,
1703261733946323456,0.04327,4.95996,-0.00045,0.59759,-0.80175,-0.00595,-0.00679,0.06845,1.08717,-0.05298,
1703261734079753472,0.05404,5.09469,0.00587,0.59796,-0.80148,-0.00374,-0.00695,0.10447,0.94844,0.08334,
1703261734213183488,0.06085,5.22700,0.00706,0.59679,-0.80236,-0.00319,-0.00691,-0.00041,0.95434,0.04254,
1703261734346613504,0.05761,5.35205,0.01070,0.59775,-0.80163,-0.00419,-0.00753,-0.08740,0.93715,0.02624,
1703261734480041728,0.03729,5.47223,0.01510,0.59832,-0.80119,-0.00860,-0.00574,-0.17251,0.90744,0.01336,
1703261734613467392,0.02657,5.58528,0.02381,0.59998,-0.79993,-0.01119,-0.00394,-0.02598,0.82693,0.07268,
1703261734746893312,0.03035,5.69375,0.02944,0.60071,-0.79938,-0.01075,-0.00495,0.08278,0.80201,0.03023,
1703261734880318976,0.03883,5.80231,0.02892,0.59913,-0.80058,-0.00873,-0.00574,-0.00316,0.78207,0.02815,
1703261735013744128,0.03419,5.90201,0.03211,0.60008,-0.79986,-0.01070,-0.00467,-0.03355,0.77051,-0.03425,
1703261735147169280,0.03121,6.00148,0.03299,0.59888,-0.80075,-0.01112,-0.00494,-0.00136,0.72019,-0.00435,
1703261735280594944,0.02925,6.09632,0.03342,0.59845,-0.80108,-0.01086,-0.00324,0.01334,0.69286,0.01310,
1703261735414019840,0.02639,6.18326,0.03566,0.59814,-0.80130,-0.01181,-0.00281,-0.02743,0.61594,0.03882,
1703261735547446272,0.01494,6.26640,0.03518,0.59749,-0.80177,-0.01326,-0.00149,-0.13049,0.61584,0.00940,
1703261735680872448,0.00066,6.34481,0.03694,0.59762,-0.80162,-0.01584,0.00102,-0.06147,0.58836,0.00982,
1703261735814298880,0.00254,6.41947,0.03808,0.59728,-0.80188,-0.01555,0.00207,0.05268,0.55788,-0.00556,
1703261735947725056,0.00862,6.48994,0.03978,0.59751,-0.80173,-0.01393,0.00219,0.00329,0.53225,0.00194,
1703261736081151488,0.00533,6.55563,0.04008,0.59683,-0.80223,-0.01448,0.00262,-0.02496,0.45070,0.01965,
1703261736214577664,0.00494,6.61419,0.04214,0.59701,-0.80210,-0.01435,0.00302,0.01838,0.42298,0.02135,
1703261736348003840,0.00887,6.66922,0.04169,0.59706,-0.80207,-0.01356,0.00388,0.03067,0.41218,-0.00283,
1703261736481430272,0.01501,6.72153,0.04134,0.59678,-0.80230,-0.01205,0.00374,0.03219,0.39869,-0.00883,
1703261736681569792,0.01179,6.79749,0.04056,0.59652,-0.80250,-0.01226,0.00377,-0.03393,0.36143,0.01344,
1703261736814995968,0.01155,6.84292,0.04068,0.59632,-0.80264,-0.01240,0.00436,0.02863,0.33301,0.00611,
1703261736948422400,0.01922,6.88284,0.04220,0.59640,-0.80260,-0.01070,0.00447,0.04610,0.29596,-0.00056,
1703261737081848832,0.02152,6.91816,0.04239,0.59661,-0.80246,-0.00977,0.00391,-0.02421,0.25962,-0.00197,
1703261737215275008,0.01823,6.95002,0.04211,0.59650,-0.80253,-0.01050,0.00376,-0.01819,0.22744,0.01209,
1703261737348701440,0.01822,6.97905,0.04221,0.59662,-0.80245,-0.01049,0.00356,0.01311,0.21245,0.00235,
1703261737482129408,0.01887,7.00471,0.04246,0.59649,-0.80254,-0.01038,0.00344,-0.01043,0.18024,-0.00078,
1703261737615559424,0.01670,7.02619,0.04232,0.59653,-0.80251,-0.01089,0.00356,-0.02005,0.15690,-0.00042,
1703261737748989696,0.01600,7.04376,0.04217,0.59657,-0.80248,-0.01095,0.00349,0.00872,0.11948,0.00560,
1703261737882419968,0.01739,7.05826,0.04296,0.59641,-0.80260,-0.01056,0.00336,0.00923,0.09747,0.00187,
1703261738015850496,0.01822,7.06900,0.04341,0.59648,-0.80255,-0.01050,0.00352,-0.00360,0.07515,0.00129,
1703261738149281536,0.01820,7.07665,0.04361,0.59648,-0.80255,-0.01056,0.00359,0.00115,0.05095,-0.00033,
1703261738282712320,0.01836,7.08148,0.04359,0.59650,-0.80254,-0.01039,0.00348,0.00228,0.03172,-0.00041,
1703261738416143360,0.01829,7.08351,0.04305,0.59640,-0.80262,-0.01039,0.00353,-0.00273,-0.00744,-0.00488,
1703261738549571840,0.01876,7.07597,0.04170,0.59631,-0.80268,-0.01042,0.00373,0.00693,-0.10416,-0.01104,
1703261738683000320,0.02050,7.05190,0.03891,0.59577,-0.80309,-0.00989,0.00393,0.01163,-0.27319,-0.00706,
1703261738816428800,0.02193,7.00512,0.03871,0.59576,-0.80310,-0.00935,0.00405,0.00338,-0.44042,-0.00263,
1703261738949857536,0.02344,6.93894,0.03775,0.59599,-0.80293,-0.00905,0.00405,0.02435,-0.54453,-0.03839,
1703261739083286016,0.02572,6.85611,0.03628,0.59596,-0.80295,-0.00878,0.00419,-0.01115,-0.67877,-0.04313,
1703261739216714752,0.02279,6.75792,0.03436,0.59566,-0.80316,-0.01007,0.00401,-0.00742,-0.77859,-0.02485,
1703261739350144000,0.02515,6.64545,0.03611,0.59636,-0.80266,-0.00952,0.00243,0.01513,-0.88638,-0.01413,
1703261739483569920,0.02839,6.52286,0.03147,0.59587,-0.80303,-0.00890,0.00184,0.05312,-0.99241,-0.01724,
1703261739616992000,0.03170,6.38691,0.02903,0.59563,-0.80321,-0.00841,0.00050,0.07131,-1.07458,-0.00848,
1703261739750413568,0.03477,6.24018,0.02723,0.59616,-0.80283,-0.00767,-0.00122,-0.00652,-1.12249,-0.02596,
1703261739883835392,0.03825,6.08596,0.02408,0.59617,-0.80283,-0.00600,-0.00188,0.05003,-1.17274,-0.03698,
1703261740017256192,0.03916,5.92435,0.02023,0.59677,-0.80238,-0.00581,-0.00375,0.03594,-1.20656,-0.04684,
1703261740150677504,0.03716,5.75872,0.01472,0.59680,-0.80235,-0.00537,-0.00561,-0.05554,-1.29134,-0.02733,
1703261740284098304,0.03606,5.59096,0.00722,0.59589,-0.80303,-0.00456,-0.00644,-0.03999,-1.26451,-0.05264,
1703261740417519104,0.03068,5.41969,-0.00032,0.59520,-0.80354,-0.00545,-0.00574,-0.02762,-1.26717,-0.02353,
1703261740550974720,0.03049,5.24610,-0.00517,0.59556,-0.80328,-0.00546,-0.00432,0.04453,-1.25143,-0.05173,
1703261740684436224,0.03446,5.07084,-0.00460,0.59607,-0.80291,-0.00467,-0.00470,0.03760,-1.32084,0.00576,
1703261740884630272,0.03333,4.81506,-0.01048,0.59509,-0.80362,-0.00487,-0.00591,-0.02981,-1.22291,-0.04542,
1703261741018094080,0.03268,4.64725,-0.01543,0.59545,-0.80335,-0.00455,-0.00761,-0.04982,-1.20799,-0.03585,
1703261741151558656,0.02637,4.48473,-0.02057,0.59443,-0.80408,-0.00539,-0.00879,-0.02250,-1.22666,-0.01670,
1703261741285024000,0.01442,4.32429,-0.02682,0.59415,-0.80426,-0.00773,-0.01017,-0.12986,-1.13851,-0.05415,
1703261741418490112,-0.00002,4.16867,-0.03231,0.59354,-0.80468,-0.01027,-0.00934,-0.11492,-1.17143,-0.02965,
1703261741551939584,-0.01317,4.01556,-0.03550,0.59306,-0.80503,-0.01263,-0.00704,-0.10306,-1.12761,-0.00081,
1703261741685389056,-0.02642,3.86643,-0.03966,0.59317,-0.80492,-0.01462,-0.00557,-0.07520,-1.09290,-0.00159,
1703261741818839296,-0.03904,3.72097,-0.04254,0.59369,-0.80451,-0.01649,-0.00498,-0.06876,-1.05183,-0.04596,
1703261741952290304,-0.04580,3.58027,-0.04468,0.59392,-0.80433,-0.01742,-0.00266,-0.02412,-1.02035,-0.05682,
1703261742085741568,-0.04565,3.44483,-0.04824,0.59385,-0.80436,-0.01863,-0.00150,0.01151,-1.02236,0.00701,
1703261742219193344,-0.04235,3.31357,-0.05293,0.59363,-0.80453,-0.01799,-0.00127,0.03498,-1.00943,0.00382,
1703261742352645632,-0.03786,3.18523,-0.05323,0.59449,-0.80391,-0.01759,-0.00143,-0.00168,-0.96411,-0.00946,
1703261742486083840,-0.03987,3.06306,-0.05623,0.59446,-0.80390,-0.01925,-0.00110,0.03168,-0.93806,0.00689,
1703261742686213888,-0.02480,2.88522,-0.05585,0.59532,-0.80331,-0.01689,-0.00058,0.00160,-0.87904,-0.00170,
1703261742819633408,-0.02393,2.77233,-0.05365,0.59601,-0.80278,-0.01783,-0.00056,-0.04704,-0.80465,-0.02520,
1703261742953053184,-0.01931,2.66613,-0.05257,0.59683,-0.80219,-0.01679,-0.00072,0.04459,-0.80284,0.01667,
1703261743086472448,-0.01448,2.56601,-0.05282,0.59647,-0.80247,-0.01657,-0.00098,-0.00156,-0.74653,-0.02638,
1703261743219891456,-0.01744,2.46892,-0.05441,0.59653,-0.80238,-0.01832,-0.00038,-0.01090,-0.72754,0.00484,
1703261743353310464,-0.01205,2.37519,-0.05381,0.59693,-0.80210,-0.01740,-0.00042,0.03840,-0.70212,-0.00021,
1703261743486729728,-0.00786,2.28558,-0.05189,0.59777,-0.80150,-0.01667,-0.00031,-0.01656,-0.65791,-0.00406,
1703261743620148736,-0.00856,2.19851,-0.05290,0.59790,-0.80137,-0.01759,-0.00027,-0.01520,-0.62854,-0.03439,
1703261743753567744,-0.00720,2.11706,-0.05480,0.59814,-0.80120,-0.01746,-0.00126,0.03697,-0.60682,-0.00353,
1703261743886985984,-0.00252,2.03940,-0.05730,0.59752,-0.80169,-0.01624,-0.00168,0.01994,-0.57118,-0.00952,
1703261744020404480,0.00083,1.96776,-0.06018,0.59704,-0.80206,-0.01574,-0.00127,0.01584,-0.53659,-0.03304,
1703261744153822464,0.00301,1.89590,-0.06096,0.59732,-0.80185,-0.01564,-0.00115,0.02175,-0.50479,-0.03161,
1703261744287240448,0.00702,1.82931,-0.06241,0.59757,-0.80168,-0.01494,-0.00151,0.00372,-0.51253,0.01310,
1703261744420658176,0.00821,1.76578,-0.06545,0.59685,-0.80221,-0.01506,-0.00110,-0.00218,-0.48970,0.01045,
1703261744554078208,0.01021,1.70577,-0.06647,0.59682,-0.80223,-0.01516,-0.00110,0.01905,-0.44472,-0.01991,
1703261744754208256,0.01702,1.61951,-0.06776,0.59678,-0.80229,-0.01366,-0.00133,-0.00005,-0.42417,0.01068,
1703261744887628032,0.01636,1.56807,-0.07016,0.59653,-0.80246,-0.01427,-0.00044,0.00962,-0.37677,-0.01824,
1703261745021047808,0.02058,1.51917,-0.07143,0.59635,-0.80261,-0.01355,-0.00060,0.05129,-0.36229,-0.00092,
1703261745287886336,0.02471,1.43536,-0.07320,0.59626,-0.80270,-0.01246,-0.00037,-0.01049,-0.28547,-0.00376,
1703261745421305344,0.02825,1.40038,-0.07428,0.59587,-0.80299,-0.01210,0.00042,0.04545,-0.26333,0.01117,
1703261745554726912,0.03615,1.37186,-0.07504,0.59581,-0.80306,-0.01010,-0.00008,0.03001,-0.21271,0.00082,
1703261745688147968,0.03579,1.34677,-0.07631,0.59567,-0.80316,-0.01037,0.00010,-0.02403,-0.17574,-0.00554,
1703261745821569024,0.03432,1.32404,-0.07778,0.59551,-0.80327,-0.01122,0.00066,0.00451,-0.16684,-0.01066,
1703261746021699840,0.03937,1.28684,-0.07936,0.59545,-0.80333,-0.00995,0.00015,0.02904,-0.22019,-0.00940,
1703261746155120640,0.04266,1.25504,-0.08088,0.59505,-0.80364,-0.00860,-0.00064,0.04223,-0.32112,-0.00870,
1703261746288540928,0.04676,1.20420,-0.08233,0.59511,-0.80360,-0.00801,-0.00113,0.01337,-0.43628,-0.00173,
1703261746421960704,0.04834,1.13784,-0.08222,0.59553,-0.80330,-0.00793,-0.00108,0.01749,-0.55143,0.01410,
1703261746555379200,0.05334,1.06287,-0.08313,0.59537,-0.80342,-0.00668,-0.00153,0.06467,-0.62581,-0.04707,
1703261746688796416,0.06391,0.97003,-0.08550,0.59517,-0.80359,-0.00447,-0.00239,0.08010,-0.74777,-0.03655,
1703261746822213632,0.07244,0.86563,-0.08654,0.59551,-0.80333,-0.00277,-0.00325,0.06167,-0.83341,-0.00741,
1703261746955630336,0.08198,0.74743,-0.08979,0.59563,-0.80324,-0.00115,-0.00466,0.08363,-0.92796,-0.00270,
1703261747089047040,0.09373,0.62130,-0.09501,0.59506,-0.80365,0.00185,-0.00687,0.11939,-1.03887,-0.00698,
1703261747222462976,0.10498,0.48489,-0.09636,0.59512,-0.80357,0.00521,-0.00936,0.07198,-1.05486,-0.07276,
1703261747355878656,0.10717,0.33745,-0.09700,0.59626,-0.80266,0.00643,-0.01292,0.04102,-1.15070,0.03924,
1703261747489297920,0.11802,0.18813,-0.10623,0.59484,-0.80363,0.01065,-0.01532,0.07285,-1.15842,-0.09079,
1703261747622724608,0.11929,0.03074,-0.10577,0.59588,-0.80279,0.01151,-0.01798,-0.01736,-1.18087,-0.08483,
1703261747756151552,0.12340,-0.12977,-0.11029,0.59480,-0.80352,0.01389,-0.01971,0.09271,-1.23654,-0.03223,
1703261747889577984,0.13152,-0.29418,-0.10980,0.59598,-0.80254,0.01709,-0.02109,0.00597,-1.23957,0.04944,
1703261748089718272,0.13382,-0.53207,-0.11662,0.59505,-0.80312,0.02096,-0.02203,-0.02671,-1.20337,0.01026,
1703261748223144704,0.12516,-0.68619,-0.11746,0.59592,-0.80243,0.02216,-0.02232,-0.09944,-1.14616,0.00438,
1703261748356571136,0.11162,-0.83320,-0.12112,0.59459,-0.80343,0.02130,-0.02258,-0.09606,-1.09647,-0.06975,
1703261748489995520,0.09928,-0.97859,-0.12283,0.59463,-0.80342,0.02027,-0.02272,-0.11001,-1.04521,-0.05018,
1703261748623413248,0.08380,-1.11867,-0.12454,0.59409,-0.80384,0.01854,-0.02359,-0.12307,-1.05753,0.01662,
1703261748756831232,0.06640,-1.25279,-0.12862,0.59328,-0.80445,0.01793,-0.02363,-0.14994,-1.01324,-0.02463,
1703261748890248448,0.04457,-1.38351,-0.13166,0.59267,-0.80498,0.01545,-0.02250,-0.14830,-0.98340,-0.04282,
1703261749023665664,0.02936,-1.51492,-0.13177,0.59312,-0.80472,0.01347,-0.02146,-0.12760,-0.96645,0.01633,
1703261749157082880,0.01526,-1.63929,-0.13491,0.59289,-0.80494,0.01186,-0.02034,-0.07473,-0.94785,-0.01127,
1703261749290499328,0.01329,-1.76083,-0.13532,0.59330,-0.80464,0.01313,-0.01943,-0.01209,-0.90039,0.00722,
1703261749423915776,0.01284,-1.87670,-0.13674,0.59369,-0.80436,0.01367,-0.01866,-0.02557,-0.82892,-0.03913,
1703261749557334016,0.00724,-1.98642,-0.13998,0.59326,-0.80468,0.01341,-0.01880,-0.05021,-0.82633,-0.02742,
1703261749690752256,0.00552,-2.09274,-0.14291,0.59307,-0.80477,0.01484,-0.01995,-0.00482,-0.78626,-0.04590,
1703261749890879232,-0.00360,-2.24402,-0.14461,0.59310,-0.80472,0.01447,-0.02098,-0.05145,-0.73754,-0.00070,
1703261750024296448,-0.00588,-2.33637,-0.14770,0.59231,-0.80526,0.01563,-0.02200,0.01584,-0.67868,-0.01255,
1703261750157713920,-0.00707,-2.42368,-0.14929,0.59317,-0.80459,0.01665,-0.02258,-0.06033,-0.62440,-0.01199,
1703261750291130880,-0.01497,-2.50798,-0.15055,0.59329,-0.80454,0.01551,-0.02209,-0.06159,-0.64194,-0.01569,
1703261750424547584,-0.01750,-2.58647,-0.15260,0.59294,-0.80477,0.01610,-0.02256,0.02049,-0.58208,-0.04082,
1703261750557972736,-0.01951,-2.66315,-0.15322,0.59340,-0.80438,0.01722,-0.02348,-0.03323,-0.54002,-0.01105,
1703261750691399936,-0.02320,-2.73269,-0.15465,0.59364,-0.80420,0.01739,-0.02356,-0.01217,-0.53893,0.00763,
1703261750824827136,-0.02546,-2.80164,-0.15470,0.59413,-0.80384,0.01745,-0.02338,-0.02048,-0.48331,-0.02818,
1703261750958254336,-0.02860,-2.86242,-0.15481,0.59425,-0.80374,0.01786,-0.02349,-0.02319,-0.44149,-0.02782,
1703261751091681536,-0.03119,-2.91924,-0.15627,0.59440,-0.80360,0.01847,-0.02387,-0.02719,-0.41664,-0.00845,
1703261751225108736,-0.03593,-2.97003,-0.15736,0.59464,-0.80343,0.01824,-0.02398,-0.04439,-0.40440,0.01125,
1703261751425249280,-0.03890,-3.04423,-0.15857,0.59480,-0.80328,0.01900,-0.02429,0.01192,-0.33262,-0.02112,
1703261751558669056,-0.03926,-3.08457,-0.15995,0.59507,-0.80303,0.02017,-0.02509,-0.02932,-0.30026,-0.01631,
1703261751692087296,-0.04351,-3.12349,-0.16138,0.59521,-0.80296,0.01956,-0.02463,-0.02281,-0.26738,-0.01529,
1703261751825504512,-0.04294,-3.15613,-0.16260,0.59549,-0.80273,0.02010,-0.02461,0.01819,-0.24308,-0.00855,
1703261751958921984,-0.04084,-3.18545,-0.16359,0.59549,-0.80269,0.02138,-0.02495,-0.01682,-0.19707,-0.00842,
1703261752092338688,-0.04484,-3.20912,-0.16420,0.59557,-0.80264,0.02095,-0.02488,-0.03350,-0.15103,-0.00908,
1703261752225755648,-0.04492,-3.22468,-0.16523,0.59569,-0.80256,0.02104,-0.02455,0.01494,-0.11054,-0.00500,
1703261752425880320,-0.04493,-3.23833,-0.16639,0.59565,-0.80258,0.02142,-0.02468,-0.02490,-0.02935,-0.00266,
1703261752559298304,-0.04625,-3.23901,-0.16662,0.59572,-0.80254,0.02114,-0.02445,0.00570,0.01447,-0.00060,
1703261752692716544,-0.04413,-3.23409,-0.16560,0.59624,-0.80215,0.02145,-0.02443,0.00677,0.05929,0.05137,
1703261752826134272,-0.04401,-3.20775,-0.16459,0.59639,-0.80205,0.02105,-0.02430,-0.02412,0.30735,0.00429,
1703261752959552000,-0.04354,-3.15745,-0.16232,0.59681,-0.80176,0.02035,-0.02416,0.03343,0.44584,0.01437,
1703261753092969216,-0.04026,-3.08637,-0.16045,0.59622,-0.80219,0.02019,-0.02442,0.01529,0.59123,0.00471,
1703261753226386432,-0.03764,-3.01206,-0.15961,0.59614,-0.80227,0.01989,-0.02420,0.03881,0.53416,0.01903,
1703261753359802880,-0.03535,-2.94159,-0.15887,0.59559,-0.80272,0.01932,-0.02340,0.00629,0.45819,0.06512,
1703261753493220352,-0.03184,-2.87451,-0.15769,0.59471,-0.80340,0.01848,-0.02289,0.03687,0.46285,0.01553,
1703261753626638336,-0.02513,-2.81437,-0.15587,0.59598,-0.80243,0.01920,-0.02328,0.01882,0.48093,-0.01098,
1703261753760056832,-0.02348,-2.75179,-0.15520,0.59532,-0.80292,0.01894,-0.02360,-0.02141,0.43173,0.02137,
1703261753960183040,-0.02275,-2.66601,-0.15421,0.59527,-0.80298,0.01813,-0.02320,0.03455,0.41139,-0.00563,
1703261754160309248,-0.01436,-2.58653,-0.15388,0.59439,-0.80364,0.01852,-0.02272,0.01588,0.39268,-0.00474,
1703261754293726208,-0.01277,-2.53728,-0.15208,0.59506,-0.80317,0.01816,-0.02220,0.02325,0.38218,-0.00617,
1703261754427143424,-0.01058,-2.49146,-0.15101,0.59460,-0.80352,0.01787,-0.02193,-0.00019,0.31607,0.01547,
1703261754627269632,-0.00970,-2.43070,-0.14924,0.59472,-0.80347,0.01722,-0.02125,0.02016,0.28608,-0.00086,
1703261754760686848,-0.00430,-2.39404,-0.14885,0.59434,-0.80373,0.01782,-0.02157,0.02101,0.25716,0.01580,
1703261754894103808,-0.00407,-2.35827,-0.14900,0.59439,-0.80370,0.01764,-0.02145,-0.01287,0.27495,-0.00010,
1703261755027520512,-0.00223,-2.32623,-0.14821,0.59447,-0.80366,0.01712,-0.02116,0.01516,0.23943,0.00867,
1703261755160936960,0.00088,-2.29465,-0.14659,0.59450,-0.80362,0.01754,-0.02132,0.02122,0.23129,0.00588,
1703261755294352896,0.00165,-2.26473,-0.14477,0.59503,-0.80323,0.01742,-0.02129,-0.01013,0.23893,0.00388,
1703261755427768832,0.00004,-2.23139,-0.14290,0.59541,-0.80301,0.01590,-0.02022,0.00098,0.28452,0.03785,
1703261755561187072,0.00855,-2.18205,-0.14226,0.59543,-0.80295,0.01749,-0.02070,0.08556,0.43264,0.00826,
1703261755694605056,0.01638,-2.11706,-0.14082,0.59591,-0.80257,0.01864,-0.02062,0.02949,0.55989,0.00343,
1703261755828023296,0.01774,-2.03677,-0.13892,0.59536,-0.80305,0.01706,-0.01910,0.00180,0.63095,-0.02540,
1703261755961440512,0.01935,-1.95975,-0.13601,0.59572,-0.80283,0.01601,-0.01829,0.04887,0.56888,0.00274,
1703261756094858240,0.02377,-1.88665,-0.13346,0.59575,-0.80278,0.01643,-0.01869,0.01194,0.57425,0.00183,
1703261756228274944,0.01665,-1.81554,-0.13263,0.59611,-0.80259,0.01430,-0.01744,-0.08440,0.51440,0.02246,
1703261756361692160,0.00338,-1.74614,-0.13136,0.59569,-0.80300,0.01051,-0.01562,-0.09352,0.51680,0.01679,
1703261756495113728,-0.00619,-1.67876,-0.13174,0.59547,-0.80320,0.00833,-0.01448,-0.05212,0.50454,-0.01070,
1703261756628550656,-0.00878,-1.61325,-0.13028,0.59563,-0.80310,0.00781,-0.01393,-0.00511,0.50037,-0.00482,
1703261756761987840,-0.00964,-1.54924,-0.12961,0.59578,-0.80300,0.00725,-0.01344,0.00346,0.48699,-0.00723,
1703261756895426560,-0.00989,-1.48786,-0.12788,0.59575,-0.80304,0.00664,-0.01330,-0.00840,0.44950,0.00704,
1703261757028865536,-0.01411,-1.42987,-0.12656,0.59581,-0.80300,0.00575,-0.01327,-0.03317,0.42430,0.00375,
1703261757162305024,-0.01746,-1.37585,-0.12495,0.59583,-0.80300,0.00464,-0.01284,-0.01175,0.40607,0.00856,
1703261757295745792,-0.01982,-1.32348,-0.12391,0.59596,-0.80290,0.00400,-0.01266,-0.01458,0.38784,0.00108,
1703261757429187072,-0.02286,-1.27471,-0.12284,0.59607,-0.80283,0.00338,-0.01212,-0.02822,0.36131,0.01977,
1703261757562623232,-0.02410,-1.22721,-0.12221,0.59600,-0.80289,0.00278,-0.01159,-0.00889,0.34358,0.01644,
1703261757696058368,-0.02378,-1.18346,-0.12059,0.59621,-0.80275,0.00251,-0.01115,0.00251,0.32830,0.00040,
1703261757829494016,-0.02398,-1.14246,-0.11862,0.59642,-0.80260,0.00213,-0.01061,-0.01499,0.30811,0.00225,
1703261757962929920,-0.02570,-1.10448,-0.11754,0.59656,-0.80250,0.00159,-0.00985,-0.01485,0.28906,0.00537,
1703261758163085568,-0.02658,-1.05071,-0.11707,0.59648,-0.80258,0.00143,-0.00889,0.00362,0.26327,-0.00729,
1703261758296522752,-0.02457,-1.01805,-0.11585,0.59661,-0.80249,0.00144,-0.00821,0.00028,0.25862,-0.00122,
1703261758429961216,-0.02537,-0.98652,-0.11374,0.59682,-0.80234,0.00140,-0.00794,-0.01406,0.22238,0.02333,
1703261758563388928,-0.02564,-0.95679,-0.11132,0.59676,-0.80238,0.00116,-0.00783,0.00533,0.21996,0.00785,
1703261758696813056,-0.02322,-0.92940,-0.11112,0.59683,-0.80233,0.00183,-0.00801,0.01546,0.20196,-0.00168,
1703261758830236928,-0.02355,-0.90460,-0.11070,0.59679,-0.80236,0.00170,-0.00791,-0.01581,0.17234,0.01687,
1703261758963661056,-0.02457,-0.88299,-0.10997,0.59665,-0.80247,0.00132,-0.00771,0.00064,0.16074,0.00394,
1703261759163796736,-0.02354,-0.84895,-0.10751,0.59739,-0.80192,0.00162,-0.00726,-0.04466,0.29831,-0.01131,
1703261759297220352,-0.02440,-0.80248,-0.10614,0.59771,-0.80169,0.00088,-0.00653,0.00811,0.42877,0.03541,
1703261759497356544,-0.01878,-0.69362,-0.10430,0.59724,-0.80204,0.00154,-0.00594,0.01196,0.68670,-0.04354,
1703261759630783232,-0.01862,-0.61213,-0.10445,0.59688,-0.80231,0.00142,-0.00612,0.00372,0.60763,0.00450,
1703261759764209408,-0.02059,-0.53530,-0.10476,0.59664,-0.80249,0.00044,-0.00584,-0.02293,0.55116,0.05149,
1703261759897635840,-0.02314,-0.46078,-0.10431,0.59582,-0.80310,-0.00080,-0.00477,-0.02044,0.52151,0.01739,
1703261760097775360,-0.02127,-0.36321,-0.10100,0.59658,-0.80254,-0.00083,-0.00398,0.03415,0.45903,0.00319,
1703261760231201792,-0.01881,-0.30316,-0.09981,0.59642,-0.80266,-0.00003,-0.00443,0.00062,0.43532,-0.00258,
1703261760364627968,-0.02144,-0.24856,-0.09807,0.59671,-0.80245,-0.00069,-0.00337,-0.03066,0.41332,-0.01530,
1703261760498055936,-0.02119,-0.19817,-0.09632,0.59697,-0.80226,-0.00114,-0.00323,0.03766,0.36483,-0.00332,
1703261760631488512,-0.01661,-0.15219,-0.09499,0.59644,-0.80264,0.00058,-0.00431,-0.01166,0.32195,0.01048,
1703261760764921088,-0.02362,-0.11327,-0.09413,0.59659,-0.80254,-0.00117,-0.00361,-0.06387,0.28480,0.00900,
1703261760898354176,-0.02444,-0.07791,-0.09225,0.59666,-0.80249,-0.00175,-0.00301,0.05406,0.26065,0.01234,
1703261761031787520,-0.01617,-0.04097,-0.09235,0.59671,-0.80245,0.00019,-0.00449,0.03858,0.28979,-0.00210,
1703261761165220608,-0.01952,-0.00483,-0.09119,0.59679,-0.80238,-0.00044,-0.00456,-0.07131,0.26935,0.00930,
1703261761298653952,-0.02841,0.02927,-0.09052,0.59676,-0.80241,-0.00258,-0.00370,-0.02337,0.24743,0.01574,
1703261761432087296,-0.02626,0.06197,-0.08965,0.59689,-0.80231,-0.00181,-0.00405,0.04534,0.23708,0.01066,
1703261761565513472,-0.02206,0.09293,-0.08951,0.59684,-0.80235,-0.00086,-0.00426,-0.00856,0.22747,0.01050,
1703261761698936576,-0.02607,0.12196,-0.08883,0.59691,-0.80230,-0.00191,-0.00384,-0.02420,0.22004,0.00753,
1703261761832359424,-0.02598,0.14950,-0.08802,0.59695,-0.80226,-0.00164,-0.00415,0.01861,0.18780,0.00485,
1703261761965782528,-0.02610,0.17040,-0.08777,0.59688,-0.80231,-0.00125,-0.00452,-0.02230,0.11602,0.00621,
1703261762099205120,-0.03091,0.17938,-0.08778,0.59709,-0.80216,-0.00257,-0.00379,-0.02385,0.03065,-0.00134,
1703261762232627968,-0.03115,0.17734,-0.08782,0.59717,-0.80210,-0.00289,-0.00342,0.01671,-0.05960,-0.00416,
1703261762366050560,-0.02922,0.16415,-0.08825,0.59708,-0.80217,-0.00210,-0.00374,-0.00122,-0.13805,-0.00186,
1703261762499475200,-0.03158,0.14124,-0.08882,0.59720,-0.80208,-0.00259,-0.00332,-0.01677,-0.19925,-0.00747,
1703261762632908032,-0.03237,0.11032,-0.08989,0.59708,-0.80217,-0.00288,-0.00290,0.00680,-0.25866,-0.00624,
1703261762766341120,-0.03095,0.07270,-0.09062,0.59708,-0.80217,-0.00257,-0.00292,0.00110,-0.30261,-0.00305,
1703261762899774464,-0.03156,0.03014,-0.09207,0.59689,-0.80231,-0.00292,-0.00267,-0.01449,-0.33558,-0.01156,
1703261763033207808,-0.03127,-0.01709,-0.09317,0.59702,-0.80222,-0.00274,-0.00266,0.02174,-0.35411,-0.01200,
1703261763166641664,-0.02521,-0.06351,-0.09437,0.59671,-0.80245,-0.00132,-0.00295,0.04268,-0.34616,-0.00903,
1703261763300075520,-0.02427,-0.10756,-0.09632,0.59637,-0.80270,-0.00118,-0.00272,-0.02328,-0.31040,-0.01554,
1703261763433509376,-0.02525,-0.14937,-0.09675,0.59639,-0.80269,-0.00124,-0.00246,0.01990,-0.29997,-0.00242,
1703261763566946816,-0.01745,-0.18692,-0.09815,0.59664,-0.80250,0.00122,-0.00393,0.09662,-0.23559,-0.00281,
1703261763700386048,-0.00799,-0.21238,-0.09843,0.59648,-0.80261,0.00340,-0.00476,0.01538,-0.13770,-0.00013,
1703261763833825536,-0.01355,-0.22593,-0.09887,0.59653,-0.80259,0.00151,-0.00340,-0.06999,-0.05686,-0.00265,
1703261763967265792,-0.01822,-0.23155,-0.09902,0.59650,-0.80261,0.00047,-0.00287,0.01267,-0.01412,0.00189,
1703261764100706560,-0.01356,-0.23102,-0.09913,0.59651,-0.80259,0.00215,-0.00385,0.01701,0.02893,-0.00142,
1703261764234147584,-0.01602,-0.22863,-0.09838,0.59649,-0.80262,0.00142,-0.00341,-0.04520,0.02237,0.00229,
1703261764367588864,-0.01901,-0.22729,-0.09870,0.59645,-0.80264,0.00044,-0.00283,0.01174,0.00743,0.00125,
1703261764501029632,-0.01535,-0.22738,-0.09864,0.59652,-0.80259,0.00155,-0.00346,0.01807,0.00443,0.00001,
1703261764634466816,-0.01577,-0.22659,-0.09880,0.59645,-0.80264,0.00152,-0.00344,-0.02543,0.01085,-0.00022,
1703261764767904256,-0.01826,-0.22917,-0.09942,0.59629,-0.80276,0.00092,-0.00314,0.00290,-0.05537,-0.00201,
1703261764901341952,-0.01691,-0.24328,-0.10061,0.59578,-0.80314,0.00135,-0.00326,0.03066,-0.19016,-0.01681,
1703261765034779904,-0.01386,-0.27924,-0.10085,0.59596,-0.80300,0.00206,-0.00406,0.00623,-0.33820,-0.01368,
1703261765168218112,-0.01219,-0.33436,-0.10128,0.59572,-0.80317,0.00242,-0.00460,0.02372,-0.49699,-0.01307,
1703261765301656576,-0.00751,-0.40807,-0.10383,0.59584,-0.80308,0.00374,-0.00547,0.05188,-0.61663,-0.01953,
1703261765435095296,-0.00307,-0.49855,-0.10618,0.59534,-0.80343,0.00465,-0.00673,0.03391,-0.75955,-0.00758,
1703261765568535296,0.00275,-0.60024,-0.10559,0.59589,-0.80300,0.00646,-0.00741,0.05238,-0.76673,0.00408,
1703261765701977088,0.01005,-0.69752,-0.10593,0.59615,-0.80278,0.00888,-0.00850,0.04655,-0.71561,-0.02409,
1703261765835419136,0.01215,-0.79046,-0.10728,0.59588,-0.80296,0.00971,-0.00949,-0.00894,-0.69238,-0.00661,
1703261765968861440,0.01309,-0.88047,-0.10830,0.59576,-0.80304,0.01025,-0.01000,0.03877,-0.67627,0.01493,
1703261766102304000,0.01963,-0.96743,-0.11113,0.59554,-0.80314,0.01260,-0.01188,0.04531,-0.64700,0.00875,
1703261766235747072,0.02115,-1.05017,-0.11309,0.59489,-0.80359,0.01305,-0.01343,-0.01322,-0.60878,0.01437,
1703261766369190400,0.02147,-1.12302,-0.11450,0.59516,-0.80337,0.01313,-0.01423,0.05523,-0.44811,-0.03609,
1703261766502633984,0.02920,-1.17679,-0.11685,0.59467,-0.80367,0.01535,-0.01567,0.04703,-0.32338,-0.03721,
1703261766702802688,0.02716,-1.22785,-0.11804,0.59474,-0.80359,0.01556,-0.01687,-0.01826,-0.15387,0.00537,
1703261766836249088,0.02864,-1.24171,-0.11882,0.59465,-0.80366,0.01570,-0.01683,0.02116,-0.04791,0.01060,
1703261766969696000,0.02932,-1.23984,-0.11890,0.59449,-0.80377,0.01583,-0.01690,-0.00891,0.06989,0.00101,
1703261767103143424,0.02756,-1.22824,-0.11849,0.59475,-0.80359,0.01529,-0.01689,-0.00382,0.13857,0.00795,
1703261767236591872,0.02827,-1.20580,-0.11772,0.59455,-0.80374,0.01526,-0.01676,0.00920,0.19765,0.01508,
1703261767370040320,0.02872,-1.17254,-0.11477,0.59543,-0.80312,0.01434,-0.01599,0.02281,0.37891,0.02098,
1703261767503487744,0.02715,-1.11436,-0.11512,0.59466,-0.80373,0.01312,-0.01534,-0.01435,0.41561,0.06249,
1703261767636926976,0.02405,-1.05239,-0.11154,0.59521,-0.80335,0.01226,-0.01409,-0.00736,0.52028,-0.01841,
1703261767770366720,0.02233,-0.99022,-0.10935,0.59566,-0.80305,0.01156,-0.01302,-0.00365,0.41033,0.06150,
1703261767903806720,0.02381,-0.92946,-0.10803,0.59542,-0.80325,0.01121,-0.01213,0.02142,0.46546,0.01623,
1703261768037246976,0.02840,-0.86987,-0.10592,0.59626,-0.80261,0.01161,-0.01255,0.02657,0.47354,-0.02233,
1703261768170686976,0.02726,-0.80751,-0.10506,0.59584,-0.80292,0.01131,-0.01256,-0.03637,0.47935,0.01761,
1703261768304128000,0.02336,-0.74265,-0.10413,0.59602,-0.80284,0.00899,-0.01097,-0.02479,0.48978,0.01021,
1703261768437569024,0.02302,-0.67807,-0.10384,0.59596,-0.80292,0.00785,-0.00969,0.01558,0.48331,0.00892,
1703261768571009024,0.02707,-0.61455,-0.10336,0.59572,-0.80308,0.00849,-0.01025,0.00134,0.47252,0.00003,
1703261768704449536,0.02318,-0.55453,-0.10227,0.59593,-0.80294,0.00771,-0.01013,-0.04382,0.44437,0.00933,
1703261768837889792,0.01824,-0.49786,-0.10128,0.59596,-0.80295,0.00570,-0.00895,0.00045,0.41444,0.01716,
1703261768971330816,0.02037,-0.44369,-0.09972,0.59598,-0.80294,0.00569,-0.00841,0.02956,0.40437,0.00403,
1703261769104772096,0.02245,-0.39243,-0.09817,0.59604,-0.80289,0.00590,-0.00847,-0.00782,0.37831,-0.00439,
1703261769238213376,0.01831,-0.34569,-0.09723,0.59604,-0.80290,0.00504,-0.00807,-0.03368,0.33363,0.00634,
1703261769371654912,0.01532,-0.30586,-0.09605,0.59615,-0.80283,0.00401,-0.00745,-0.00007,0.28619,0.00698,
1703261769505096448,0.01804,-0.27068,-0.09540,0.59619,-0.80280,0.00436,-0.00728,0.02179,0.22978,0.00798,
1703261769638536448,0.01911,-0.24474,-0.09447,0.59631,-0.80271,0.00431,-0.00704,-0.01284,0.17034,-0.00388,
1703261769771976448,0.01840,-0.22783,-0.09393,0.59619,-0.80280,0.00414,-0.00700,0.00678,0.09795,-0.00109,
1703261769905417216,0.02153,-0.21803,-0.09414,0.59634,-0.80268,0.00509,-0.00771,0.02555,0.05878,-0.00077,
1703261770038857984,0.02405,-0.21209,-0.09435,0.59636,-0.80266,0.00547,-0.00776,0.00081,0.04392,-0.00159,
1703261770172299008,0.02331,-0.20696,-0.09445,0.59641,-0.80262,0.00516,-0.00762,-0.00155,0.04310,-0.00228,
1703261770305739776,0.02362,-0.20245,-0.09459,0.59643,-0.80261,0.00539,-0.00779,0.00867,0.03434,-0.00181,
1703261770439181312,0.02413,-0.19887,-0.09458,0.59639,-0.80264,0.00553,-0.00790,0.00135,0.02752,-0.00068,
1703261770572621312,0.02351,-0.19680,-0.09477,0.59649,-0.80257,0.00530,-0.00780,0.00443,0.01903,-0.00174,
1703261770706060288,0.02412,-0.19542,-0.09485,0.59652,-0.80254,0.00547,-0.00785,0.00515,0.01299,-0.00084,
1703261770839499776,0.02397,-0.19445,-0.09484,0.59648,-0.80257,0.00548,-0.00791,-0.00165,0.00881,-0.00129,
1703261770972939264,0.02316,-0.19464,-0.09518,0.59658,-0.80249,0.00538,-0.00788,0.00421,0.00124,-0.00164,
1703261771106378496,0.02350,-0.19500,-0.09561,0.59662,-0.80247,0.00547,-0.00786,0.00203,0.00077,-0.00138,
1703261771239818496,0.02278,-0.19520,-0.09595,0.59666,-0.80243,0.00548,-0.00791,-0.00219,0.00443,-0.00117,
1703261771373258496,0.02263,-0.19508,-0.09598,0.59667,-0.80243,0.00544,-0.00792,0.00519,0.00637,-0.00034,
1703261771506698240,0.02298,-0.19451,-0.09619,0.59668,-0.80242,0.00543,-0.00791,0.00103,0.00751,0.00020,
1703261771640136704,0.02235,-0.19416,-0.09659,0.59676,-0.80236,0.00538,-0.00799,-0.00229,0.00498,-0.00050,
1703261771773575424,0.02303,-0.19461,-0.09639,0.59678,-0.80235,0.00542,-0.00793,0.00553,0.00021,0.00084,
1703261771907014400,0.02319,-0.19495,-0.09603,0.59672,-0.80239,0.00541,-0.00791,0.00196,0.00062,0.00124,
1703261772107172864,0.02270,-0.19507,-0.09629,0.59677,-0.80235,0.00538,-0.00795,0.00010,0.00199,0.00100,
1703261772240612096,0.02296,-0.19497,-0.09457,0.59750,-0.80181,0.00526,-0.00800,0.02787,0.05304,0.03575,
1703261772374051584,0.02360,-0.17389,-0.09484,0.59693,-0.80224,0.00516,-0.00758,0.00397,0.23267,0.02063,
1703261772507490816,0.02473,-0.13433,-0.09364,0.59745,-0.80185,0.00497,-0.00759,0.00592,0.37261,0.01856,
1703261772640929280,0.02815,-0.07449,-0.09131,0.59745,-0.80185,0.00529,-0.00822,0.01899,0.52425,0.02298,
1703261772774367232,0.03030,0.00804,-0.08992,0.59746,-0.80183,0.00538,-0.00923,0.00044,0.69106,0.02175,
1703261772907805952,0.02754,0.10714,-0.08860,0.59747,-0.80183,0.00406,-0.00910,0.00733,0.79978,0.02469,
1703261773041244672,0.03290,0.22156,-0.08377,0.59769,-0.80164,0.00474,-0.01032,0.09352,0.90919,0.03187,
1703261773174683136,0.05022,0.34900,-0.08053,0.59749,-0.80173,0.00744,-0.01369,0.14904,1.00722,-0.01058,
1703261773308122112,0.07809,0.48832,-0.07902,0.59682,-0.80215,0.01111,-0.01552,0.24892,1.07073,0.04209,
1703261773441560832,0.12487,0.63462,-0.07595,0.59649,-0.80220,0.01777,-0.01918,0.42984,1.12430,0.03378,
1703261773574998528,0.18769,0.78280,-0.06582,0.59808,-0.80054,0.02723,-0.02650,0.58917,1.17273,-0.06330,
1703261773708435200,0.27083,0.94045,-0.06424,0.59717,-0.80031,0.04040,-0.03565,0.66175,1.14043,0.07889,
1703261773841872128,0.36362,1.10399,-0.06517,0.59559,-0.80019,0.05419,-0.04504,0.71127,1.13999,0.12090,
1703261773975309312,0.46900,1.26494,-0.06418,0.59421,-0.79944,0.06821,-0.05622,0.87166,1.13131,0.04468,
1703261774108746240,0.59638,1.41933,-0.06083,0.59324,-0.79716,0.08687,-0.07112,1.02711,1.14346,0.01104,
1703261774242183424,0.74015,1.56254,-0.05834,0.59224,-0.79405,0.10701,-0.08542,1.18861,1.05704,-0.05308,
1703261774375620352,0.90905,1.68971,-0.06185,0.58864,-0.79150,0.13036,-0.10014,1.44284,0.82220,0.01373,
1703261774509057024,1.09965,1.79157,-0.05987,0.58610,-0.78620,0.15690,-0.11728,1.48792,0.62450,0.01601,
1703261774642490112,1.30508,1.87909,-0.06669,0.58133,-0.78062,0.18546,-0.13525,1.42867,0.59189,0.07888,
1703261774775923200,1.50509,1.96769,-0.07913,0.57444,-0.77577,0.21177,-0.15281,1.51354,0.60454,-0.09455,
1703261774909356288,1.70666,2.04519,-0.09405,0.56666,-0.77075,0.23635,-0.17023,1.51387,0.41897,0.03322,
1703261775042789376,1.92190,2.09128,-0.10198,0.55960,-0.76280,0.26354,-0.18850,1.64785,0.28432,-0.12545,
1703261775176222208,2.13048,2.11927,-0.10030,0.55327,-0.75293,0.28803,-0.20983,1.56182,0.20302,-0.00520,
1703261775309655040,2.34831,2.13156,-0.11695,0.54139,-0.74586,0.31615,-0.22502,1.58939,-0.02883,-0.03731,
1703261775443087872,2.55753,2.12485,-0.11669,0.53480,-0.73447,0.34035,-0.24228,1.60184,-0.10061,-0.06895,
1703261775576523776,2.75967,2.10964,-0.12035,0.52620,-0.72318,0.36337,-0.26095,1.54514,-0.14081,-0.09622,
1703261775709961728,2.95321,2.08854,-0.11876,0.51953,-0.71053,0.38524,-0.27717,1.46945,-0.09482,-0.13145,
1703261775843399680,3.13300,2.06419,-0.12437,0.50794,-0.70144,0.40337,-0.29542,1.40854,-0.24768,-0.10622,
1703261775976837632,3.31532,2.01758,-0.12858,-0.49640,0.68999,-0.42554,0.31051,1.37228,-0.36862,-0.07643,
1703261776110275840,3.48902,1.96040,-0.12886,-0.48729,0.67598,-0.44525,0.32763,1.32104,-0.39220,-0.11207,
1703261776243713536,3.66087,1.89729,-0.12933,-0.47934,0.66287,-0.46436,0.33942,1.23686,-0.54466,-0.02079,
1703261776377152000,3.82630,1.81666,-0.13050,-0.46952,0.64901,-0.48352,0.35292,1.19031,-0.64878,0.00007,
1703261776510590208,3.98841,1.72466,-0.13781,-0.45857,0.63422,-0.50363,0.36582,1.13769,-0.64919,-0.00051,
1703261776644030976,4.13987,1.63871,-0.13704,-0.44755,0.62047,-0.52014,0.37970,1.10101,-0.62513,0.00486,
1703261776777472000,4.28228,1.55461,-0.13861,-0.43778,0.60677,-0.53494,0.39246,1.04108,-0.64209,-0.02634,
1703261776910912768,4.41230,1.45420,-0.13721,-0.42770,0.59335,-0.55093,0.40184,0.91656,-0.79093,0.01518,
1703261777044354304,4.53115,1.33468,-0.14343,-0.41580,0.57649,-0.56744,0.41568,0.98106,-1.05941,-0.14987,
1703261777244516352,4.70756,1.16178,-0.14444,0.40008,-0.55376,0.58973,-0.43070,0.85731,-0.86615,-0.01976,
1703261777377957888,4.81845,1.03643,-0.15350,0.38750,-0.53850,0.60426,-0.44129,0.81845,-0.94177,-0.05184,
1703261777511398912,4.91996,0.91088,-0.15527,0.37561,-0.52258,0.61778,-0.45186,0.79777,-0.93345,-0.13048,
1703261777644835584,5.00955,0.79330,-0.15783,0.36503,-0.50961,0.62941,-0.45924,0.56993,-0.82694,0.05187,
1703261777778272000,5.08743,0.66592,-0.15674,0.35326,-0.49322,0.64162,-0.46932,0.53934,-0.92097,0.05850,
1703261777911708672,5.15494,0.53858,-0.15989,0.34032,-0.47686,0.65373,-0.47898,0.56504,-1.01973,-0.12106,
1703261778111862784,5.24975,0.35809,-0.16274,0.32578,-0.45687,0.66812,-0.48863,0.39884,-0.86453,0.06680,
1703261778245298944,5.29955,0.22819,-0.16116,0.31422,-0.44021,0.67820,-0.49752,0.34176,-1.04178,-0.00948,
1703261778378734592,5.34082,0.09596,-0.16443,0.30184,-0.42286,0.68883,-0.50557,0.33427,-1.01530,-0.05604,
1703261778512171008,5.38462,-0.03186,-0.16572,0.29133,-0.40853,0.69753,-0.51155,0.33668,-0.95588,-0.01998,
1703261778645611008,5.42523,-0.15971,-0.16690,0.28004,-0.39366,0.70639,-0.51732,0.25108,-0.99178,-0.02078,
1703261778779051520,5.45361,-0.28987,-0.16577,0.26860,-0.37712,0.71443,-0.52462,0.17127,-0.99593,0.00971,
1703261778912491776,5.47716,-0.42414,-0.17004,0.25678,-0.36044,0.72386,-0.52931,0.17288,-0.96798,-0.05019,
1703261779045932032,5.49499,-0.54792,-0.16865,0.24888,-0.34650,0.73017,-0.53371,0.10237,-0.90984,0.04200,
1703261779179372544,5.50708,-0.67009,-0.16741,0.23837,-0.33170,0.73587,-0.54004,0.02614,-0.93964,-0.00705,
1703261779312813312,5.51418,-0.79713,-0.16987,0.22558,-0.31404,0.74367,-0.54539,0.10720,-0.91927,-0.03311,
1703261779446253824,5.52464,-0.91134,-0.16898,0.21741,-0.30174,0.74915,-0.54814,0.06708,-0.78715,0.00574,
1703261779579692544,5.52142,-1.02550,-0.16465,0.21121,-0.28813,0.75357,-0.55181,-0.11583,-0.89385,-0.00005,
1703261779713130496,5.51380,-1.14013,-0.16354,0.20005,-0.27213,0.75977,-0.55558,0.02011,-0.79704,0.00700,
1703261779846567936,5.52040,-1.23712,-0.16112,0.18965,-0.26215,0.76233,-0.56050,0.04963,-0.70769,-0.01523,
1703261779980005376,5.52731,-1.34062,-0.16895,0.17804,-0.25292,0.76717,-0.56195,-0.02718,-0.78366,-0.02566,
1703261780113443328,5.51341,-1.45013,-0.16994,0.16703,-0.23986,0.77116,-0.56558,-0.17248,-0.85648,-0.01576,
1703261780246881280,5.48547,-1.56536,-0.16760,0.15598,-0.22447,0.77556,-0.56903,-0.25276,-0.86302,0.01212,
1703261780380319232,5.45266,-1.67889,-0.16370,0.14510,-0.20855,0.77928,-0.57286,-0.21897,-0.84687,0.00989,
1703261780513757696,5.42280,-1.79403,-0.16589,0.13279,-0.19340,0.78366,-0.57518,-0.21863,-0.86547,-0.00302,
1703261780647206144,5.39242,-1.90745,-0.16701,0.12077,-0.17949,0.78708,-0.57767,-0.24346,-0.83152,-0.03288,
1703261780780654336,5.35655,-2.02272,-0.17086,0.10891,-0.16545,0.79092,-0.57898,-0.25563,-0.86538,-0.03385,
1703261780914103296,5.31919,-2.13469,-0.17073,0.09928,-0.15170,0.79365,-0.58073,-0.29744,-0.82377,0.00770,
1703261781047552256,5.27158,-2.24821,-0.17098,0.08959,-0.13671,0.79659,-0.58200,-0.41590,-0.85233,-0.01635,
1703261781181001472,5.21499,-2.36107,-0.16884,0.07734,-0.12037,0.79887,-0.58424,-0.45330,-0.83019,0.00153,
1703261781314451200,5.15729,-2.47579,-0.17310,0.06666,-0.10375,0.80200,-0.58445,-0.41828,-0.82606,0.02009,
1703261781447900928,5.09621,-2.58816,-0.17603,0.05773,-0.08836,0.80372,-0.58556,-0.48944,-0.82652,0.00752,
1703261781581347584,5.01987,-2.69819,-0.17317,0.04396,-0.07067,0.80476,-0.58774,-0.61844,-0.82038,-0.01374,
1703261781714791680,4.93672,-2.81102,-0.17323,0.02864,-0.05062,0.80644,-0.58845,-0.60215,-0.86433,-0.00668,
1703261781848236288,4.85843,-2.92335,-0.17319,0.01763,-0.03381,0.80787,-0.58813,-0.64304,-0.79123,0.08517,
1703261781981680896,4.77205,-3.02951,-0.17122,0.00659,-0.01747,0.80791,-0.58901,-0.72709,-0.81498,-0.01588,
1703261782115125760,4.67254,-3.12956,-0.16130,-0.00599,0.00249,0.80625,-0.59154,-0.77367,-0.72687,0.05586,
1703261782248570880,4.57026,-3.22313,-0.15630,-0.02034,0.02134,0.80501,-0.59253,-0.75051,-0.68949,0.04793,
1703261782382016512,4.48097,-3.31842,-0.15678,-0.03375,0.03563,0.80463,-0.59174,-0.59867,-0.74702,-0.05448,
1703261782515461376,4.40060,-3.41217,-0.15885,-0.04403,0.04841,0.80403,-0.59097,-0.64705,-0.63319,0.08465,
1703261782648905472,4.28486,-3.49645,-0.16532,-0.05621,0.06819,0.80381,-0.58829,-1.00257,-0.56697,-0.02803,
1703261782782349824,4.15423,-3.56876,-0.16253,-0.07013,0.08912,0.80104,-0.58777,-0.96405,-0.57062,-0.02053,
1703261782915794432,4.03548,-3.64522,-0.15588,-0.08083,0.10692,0.79842,-0.58700,-0.80072,-0.54470,0.09875,
1703261783049239040,3.91692,-3.71804,-0.15710,-0.09494,0.12394,0.79650,-0.58414,-1.02753,-0.46057,0.02771,
1703261783182683904,3.79548,-3.77670,-0.15309,-0.10783,0.14310,0.79292,-0.58238,-0.80037,-0.44071,0.01654,
1703261783316129024,3.68196,-3.84011,-0.16151,-0.12246,0.15841,0.79125,-0.57778,-0.88323,-0.50612,-0.13840,
1703261783449574144,3.56430,-3.90230,-0.16539,-0.13285,0.17309,0.78844,-0.57511,-0.90263,-0.49493,-0.06544,
1703261783583019008,3.44337,-3.95697,-0.16841,-0.13776,0.18864,0.78594,-0.57248,-0.89523,-0.33151,0.01602,
1703261783716463616,3.32388,-3.99609,-0.16012,-0.15195,0.20312,0.77991,-0.57218,-0.97289,-0.28359,0.03555,
1703261783849908224,3.18998,-4.02827,-0.16053,-0.16626,0.22320,0.77435,-0.56826,-1.05920,-0.24044,-0.08148,
1703261783983353344,3.05039,-4.05944,-0.16784,-0.17837,0.24193,0.77022,-0.56251,-1.08688,-0.22341,-0.02331,
1703261784116798208,2.91652,-4.08850,-0.16284,-0.19341,0.25558,0.76376,-0.56030,-1.05994,-0.23346,0.01703,
1703261784250243328,2.77262,-4.12153,-0.16728,-0.20471,0.27352,0.75953,-0.55352,-1.03371,-0.16792,0.04763,
1703261784383688704,2.62762,-4.13749,-0.16103,-0.21974,0.29049,0.75179,-0.54968,-1.16924,-0.05451,-0.00823,
1703261784517133824,2.46198,-4.13920,-0.16947,-0.23040,0.31319,0.74495,-0.54211,-1.15030,0.02553,0.06107,
1703261784650577664,2.30514,-4.13200,-0.16409,-0.24754,0.33122,0.73550,-0.53671,-1.25847,0.02603,-0.07012,
1703261784784021504,2.14791,-4.12888,-0.15693,-0.26002,0.34881,0.72622,-0.53229,-1.12456,-0.03285,-0.00227,
1703261784917465600,1.98637,-4.11402,-0.16380,-0.26995,0.36885,0.71917,-0.52333,-1.11317,0.21258,0.06521,
1703261785050909952,1.83638,-4.08696,-0.16493,-0.27910,0.38631,0.71096,-0.51711,-1.12549,0.22479,-0.00731,
1703261785184354304,1.69699,-4.05390,-0.15647,-0.29341,0.39985,0.69972,-0.51423,-1.10074,0.24970,0.02152,
1703261785317798656,1.53733,-4.01285,-0.16704,-0.30745,0.42059,0.68926,-0.50348,-1.22723,0.30978,-0.05044,
1703261785451243520,1.37832,-3.97048,-0.16690,-0.32129,0.43790,0.67816,-0.49509,-1.22593,0.37315,-0.02000,
1703261785584685312,1.21860,-3.91170,-0.16469,-0.33313,0.45549,0.66692,-0.48659,-1.17725,0.56477,0.05925,
1703261785718125056,1.06175,-3.82915,-0.16137,-0.34901,0.47440,0.65183,-0.47777,-1.23004,0.69162,-0.05871,
1703261785851564544,0.90162,-3.73933,-0.16508,-0.36093,0.49528,0.63735,-0.46713,-1.17903,0.59840,-0.03943,
1703261785985004544,0.74448,-3.66427,-0.17199,-0.37242,0.50998,0.62608,-0.45744,-1.16284,0.57330,0.00362,
1703261786118444800,0.58657,-3.57361,-0.17747,-0.38466,0.52849,0.61286,-0.44401,-1.11982,0.71817,0.00221,
1703261786251884544,0.43922,-3.46690,-0.17569,-0.39708,0.54616,0.59615,-0.43432,-1.08305,0.82988,0.00737,
1703261786385324288,0.30171,-3.34914,-0.17372,-0.40757,0.56271,0.58096,-0.42395,-0.91616,0.90087,0.09079,
1703261786518764544,0.16965,-3.22682,-0.17971,-0.42209,0.57768,0.56526,-0.41063,-1.01844,0.97654,-0.02169,
1703261786718929920,-0.02758,-3.02674,-0.17698,-0.44221,0.60342,0.53652,-0.39050,-0.93891,1.13940,0.00991,
1703261786852373760,-0.14183,-2.87033,-0.17576,-0.45244,0.61891,0.51830,-0.37897,-0.80482,1.26341,-0.02731,
1703261786985817600,-0.24704,-2.70748,-0.17724,-0.46319,0.63410,0.49950,-0.36588,-0.75125,1.18671,0.00702,
1703261787119261696,-0.35811,-2.54753,-0.18822,-0.47191,0.65120,0.48084,-0.34933,-0.79660,1.14315,0.02309,
1703261787252705792,-0.45033,-2.39806,-0.17811,-0.48836,0.66209,0.46172,-0.33159,-0.67282,1.18443,0.00353,
1703261787386150144,-0.53310,-2.22998,-0.18192,0.50070,-0.67449,-0.44126,0.31568,-0.62918,1.40555,-0.19126,
1703261787519594496,-0.59944,-2.04688,-0.17924,0.50953,-0.68809,-0.42003,0.30080,-0.46010,1.42512,-0.05832,
1703261787653037568,-0.65280,-1.84713,-0.18152,0.51797,-0.70243,-0.39675,0.28443,-0.35700,1.49868,0.01014,
1703261787786480896,-0.69868,-1.64630,-0.18058,0.52704,-0.71565,-0.37243,0.26716,-0.32520,1.45807,0.02013,
1703261787919924224,-0.74007,-1.44667,-0.18194,0.53527,-0.72705,-0.35039,0.24922,-0.24290,1.48536,-0.01351,
1703261788053367552,-0.77182,-1.24517,-0.18942,0.54084,-0.73816,-0.32877,0.23350,-0.21594,1.52032,-0.07981,
1703261788186810880,-0.79521,-1.04510,-0.19523,0.54409,-0.74900,-0.30711,0.22058,-0.07354,1.35368,0.16534,
1703261788320254464,-0.80179,-0.84799,-0.20111,0.55047,-0.75857,-0.28456,0.20144,0.09813,1.44140,0.09643,
1703261788453698048,-0.78572,-0.64945,-0.20176,0.55646,-0.76812,-0.25857,0.18301,0.12722,1.41633,0.01813,
1703261788587139840,-0.75916,-0.45522,-0.20043,0.56291,-0.77468,-0.23560,0.16581,0.24415,1.46596,-0.00620,
1703261788720579584,-0.72449,-0.25922,-0.19990,0.56864,-0.78077,-0.21162,0.14920,0.33531,1.51808,-0.09141,
1703261788854019328,-0.67440,-0.06545,-0.20425,0.57215,-0.78780,-0.18646,0.13136,0.44761,1.41514,-0.03908,
1703261788987459072,-0.62486,0.12056,-0.21005,0.57561,-0.79306,-0.16431,0.11282,0.29932,1.33574,-0.03284,
1703261789120898816,-0.56762,0.29716,-0.20904,0.57906,-0.79672,-0.14252,0.09807,0.58974,1.38497,-0.10248,
1703261789254338304,-0.47455,0.46964,-0.20671,0.58212,-0.80052,-0.11641,0.08216,0.73267,1.27362,-0.01099,
1703261789387778048,-0.38168,0.64003,-0.21201,0.58315,-0.80458,-0.09267,0.06322,0.66369,1.18336,0.07526,
1703261789521217792,-0.29067,0.80502,-0.21258,0.58439,-0.80715,-0.07046,0.04510,0.67612,1.27940,-0.06531,
1703261789654654720,-0.18927,0.96442,-0.21291,0.58621,-0.80831,-0.04737,0.02739,0.86767,1.17423,-0.05027,
1703261789788091648,-0.06988,1.11723,-0.21181,0.58828,-0.80831,-0.02256,0.00732,0.98561,1.18090,-0.06100,
1703261789921528320,0.06140,1.26753,-0.21657,0.58742,-0.80920,0.00405,-0.01081,0.95046,1.04953,0.07000,
1703261790054964992,0.19149,1.41015,-0.21843,0.58631,-0.80912,0.02700,-0.02889,0.97345,1.00240,0.03779,
1703261790188401664,0.33443,1.54009,-0.21698,0.58605,-0.80723,0.05124,-0.04787,1.18731,0.95387,-0.04835,
1703261790321838080,0.49865,1.65465,-0.21389,0.58548,-0.80403,0.07860,-0.06764,1.28160,0.78145,0.06314,
1703261790455274240,0.67044,1.75612,-0.21043,0.58455,-0.79979,0.10535,-0.08683,1.23979,0.73494,0.02390,
1703261790588709120,0.84383,1.85187,-0.21191,0.58212,-0.79567,0.13236,-0.10262,1.26090,0.62976,0.10278,
1703261790722141696,1.01526,1.93636,-0.21188,0.57924,-0.79077,0.15519,-0.12276,1.40688,0.55755,-0.04738,
1703261790855574016,1.19991,2.00771,-0.21091,0.57635,-0.78411,0.18128,-0.14190,1.38348,0.51059,-0.01739,
1703261790989006336,1.38348,2.07272,-0.21314,0.57076,-0.77831,0.20625,-0.16100,1.39385,0.47392,-0.03859,
1703261791122438144,1.56580,2.13054,-0.21737,0.56523,-0.77190,0.22960,-0.17880,1.42229,0.33525,-0.00806,
1703261791255869952,1.76271,2.16910,-0.22137,0.55909,-0.76443,0.25506,-0.19497,1.47568,0.28497,-0.11506,
1703261791389301248,1.95499,2.20072,-0.22266,0.55321,-0.75639,0.27867,-0.21016,1.33160,0.17861,0.10184,
1703261791522732544,2.15545,2.21983,-0.23231,0.54381,-0.74916,0.30296,-0.22637,1.54398,0.02485,-0.13275,
1703261791656163840,2.36074,2.21253,-0.23441,0.53693,-0.73801,0.32889,-0.24264,1.55282,-0.09262,-0.05643,
1703261791789594624,2.55864,2.19548,-0.23410,0.52908,-0.72678,0.35259,-0.25989,1.47363,-0.10604,-0.06534,
1703261791923025408,2.75437,2.18225,-0.24063,0.52074,-0.71647,0.37452,-0.27428,1.34687,-0.08604,0.04775,
1703261792056455936,2.94732,2.16451,-0.24496,0.51133,-0.70626,0.39522,-0.28905,1.36888,-0.17532,0.02873,
1703261792189886208,3.14298,2.11911,-0.25109,-0.49877,0.69455,-0.41889,0.30555,1.37330,-0.42569,0.02245,
1703261792323315712,3.33764,2.05539,-0.25334,-0.48663,0.68059,-0.44137,0.32433,1.39408,-0.51244,-0.00201,
1703261792523462656,3.61330,1.95943,-0.24936,-0.47150,0.65933,-0.47027,0.34902,1.39661,-0.56333,-0.04462,
1703261792656897280,3.79326,1.86673,-0.24943,-0.46108,0.64343,-0.49085,0.36397,1.30318,-0.80593,-0.01202,
1703261792790331648,3.97145,1.76011,-0.25368,-0.45022,0.62638,-0.51215,0.37768,1.32611,-0.77968,-0.02374,
1703261792923766016,4.13893,1.65618,-0.24978,-0.43872,0.60965,-0.53022,0.39334,1.25107,-0.75358,-0.02488,
1703261793057199616,4.30292,1.54350,-0.24984,-0.42698,0.59305,-0.55016,0.40411,1.12852,-0.90841,-0.03422,
1703261793190633472,4.45484,1.41560,-0.25666,-0.41148,0.57564,-0.56707,0.42161,1.19506,-1.12018,-0.08633,
1703261793324067328,4.60103,1.26147,-0.25552,0.39867,-0.55372,0.58885,-0.43326,0.96743,-1.10686,0.04954,
1703261793457500928,4.74083,1.10412,-0.26456,0.38336,-0.53596,0.60613,-0.44541,0.99684,-1.15557,-0.03876,
1703261793590934784,4.87287,0.94726,-0.26606,0.36883,-0.51851,0.62306,-0.45487,0.89304,-1.22502,0.00248,
1703261793724368640,4.98835,0.78094,-0.26635,0.35463,-0.49729,0.63811,-0.46878,0.90881,-1.30031,-0.13243,
1703261793857802240,5.09237,0.60936,-0.26486,0.33844,-0.47551,0.65304,-0.48258,0.73109,-1.28004,-0.02726,
1703261793991235840,5.18909,0.43732,-0.27081,0.32370,-0.45581,0.66845,-0.49054,0.56814,-1.24455,0.14533,
1703261794191385856,5.29766,0.15310,-0.27124,0.29872,-0.42167,0.68905,-0.50810,0.44084,-1.48278,-0.01726,
1703261794324818944,5.36146,-0.04249,-0.27150,0.28214,-0.39935,0.70236,-0.51730,0.45425,-1.47508,-0.05483,
1703261794458251776,5.41338,-0.23768,-0.27219,0.26645,-0.37704,0.71327,-0.52735,0.29881,-1.49272,0.04899,
1703261794658400768,5.46313,-0.53465,-0.27170,0.24311,-0.34273,0.73066,-0.53811,0.23141,-1.42812,-0.01839,
1703261794791833344,5.48491,-0.73962,-0.27751,0.22385,-0.31863,0.74263,-0.54485,0.05859,-1.47672,0.05948,
1703261794925265664,5.49044,-0.93224,-0.27473,0.20907,-0.29436,0.75214,-0.55130,0.05477,-1.41788,-0.03374,
1703261795058697984,5.49017,-1.12066,-0.27537,0.19179,-0.27266,0.76029,-0.55752,-0.12220,-1.38199,0.05506,
1703261795192130048,5.47717,-1.30705,-0.27776,0.17299,-0.25049,0.76849,-0.56280,-0.16284,-1.38610,0.03143,
1703261795325562112,5.45489,-1.49272,-0.28064,0.15552,-0.22828,0.77563,-0.56754,-0.22381,-1.37308,0.00272,
1703261795458993664,5.41287,-1.67373,-0.27845,0.13861,-0.20543,0.78091,-0.57338,-0.37487,-1.40472,-0.06570,
1703261795592427776,5.35748,-1.84926,-0.27840,0.11770,-0.18208,0.78754,-0.57687,-0.46071,-1.35712,-0.08593,
1703261795792573184,5.27808,-2.10448,-0.28253,0.09495,-0.14934,0.79519,-0.57997,-0.40573,-1.27508,-0.07683,
1703261795926003456,5.21464,-2.26905,-0.28280,0.08003,-0.12895,0.79814,-0.58304,-0.65449,-1.25297,-0.04970,
1703261796059433472,5.12483,-2.43157,-0.28170,0.06364,-0.10401,0.80155,-0.58536,-0.73273,-1.17706,0.00550,
1703261796192862720,5.03085,-2.58448,-0.28031,0.04444,-0.08142,0.80323,-0.58841,-0.72020,-1.13238,0.00019,
1703261796326292224,4.92705,-2.73847,-0.27958,0.02789,-0.05574,0.80617,-0.58840,-0.72872,-1.08418,0.03448,
1703261796459721216,4.81893,-2.87982,-0.27389,0.01166,-0.03393,0.80645,-0.59021,-0.89866,-1.03165,0.03883,
1703261796593153024,4.69875,-3.01244,-0.26447,-0.00182,-0.01039,0.80582,-0.59207,-0.90230,-0.89720,0.10487,
1703261796726587648,4.58137,-3.13920,-0.26553,-0.01811,0.01072,0.80609,-0.59142,-0.86447,-0.93857,-0.06378,
1703261796926740224,4.43226,-3.31838,-0.27003,-0.03784,0.03756,0.80536,-0.59038,-0.81779,-0.81622,0.01624,
1703261797060174848,4.30279,-3.42395,-0.27879,-0.05174,0.06011,0.80531,-0.58753,-1.08043,-0.70023,0.04034,
1703261797193610240,4.16265,-3.51350,-0.27326,-0.06686,0.08207,0.80215,-0.58766,-1.10759,-0.61798,0.03143,
1703261797327044864,4.03109,-3.59865,-0.26761,-0.08000,0.10150,0.79962,-0.58643,-0.94922,-0.66019,-0.02994,
1703261797460479744,3.89438,-3.67719,-0.26838,-0.09396,0.12427,0.79749,-0.58287,-0.88085,-0.51234,0.11308,
1703261797593916160,3.77794,-3.74398,-0.26215,-0.11382,0.13876,0.79294,-0.58226,-1.03161,-0.60457,-0.23951,
1703261797727354880,3.64634,-3.81402,-0.27597,-0.12486,0.15852,0.79219,-0.57595,-0.84568,-0.44404,0.07994,
1703261797860793344,3.52861,-3.87510,-0.27447,-0.13171,0.17359,0.78900,-0.57446,-0.90704,-0.41255,0.00722,
1703261797994232064,3.41325,-3.92159,-0.26962,-0.14200,0.18708,0.78400,-0.57461,-0.89345,-0.23569,0.17386,
1703261798127671040,3.28241,-3.95652,-0.26624,-0.15735,0.20775,0.77931,-0.56988,-1.07903,-0.23647,-0.06532,
1703261798261109504,3.14619,-3.98373,-0.26880,-0.17022,0.22723,0.77380,-0.56623,-1.03638,-0.21978,-0.01171,
1703261798394548480,3.02136,-4.01689,-0.26702,-0.18237,0.24017,0.77006,-0.56220,-0.87904,-0.24516,0.08446,
1703261798527986944,2.89433,-4.05391,-0.27322,-0.19198,0.25564,0.76597,-0.55774,-0.94927,-0.35183,-0.11795,
1703261798661419264,2.77260,-4.08460,-0.26814,-0.20485,0.26978,0.76029,-0.55426,-0.93845,-0.11328,0.05270,
1703261798861568000,2.56115,-4.08494,-0.26852,-0.22482,0.29865,0.74982,-0.54593,-1.07890,0.02488,-0.05187,
1703261798994999808,2.42429,-4.08344,-0.26708,-0.23778,0.31493,0.74295,-0.54064,-0.99644,-0.04551,-0.02974,
1703261799128431872,2.29753,-4.09697,-0.26579,-0.24692,0.32805,0.73705,-0.53681,-0.90795,-0.13233,0.07142,
1703261799261863424,2.16536,-4.10248,-0.27015,-0.25667,0.34288,0.73163,-0.53035,-0.98492,0.12940,0.01286,
1703261799395295232,2.03376,-4.07279,-0.26664,-0.26611,0.36177,0.72228,-0.52594,-0.92812,0.17378,-0.00423,
1703261799528726528,1.91576,-4.05167,-0.26652,-0.27315,0.37508,0.71578,-0.52189,-0.84626,0.08154,-0.03443,
1703261799662161408,1.80733,-4.04340,-0.26534,-0.28203,0.38483,0.70994,-0.51802,-0.81689,0.06084,0.02199,
1703261799795595776,1.69031,-4.02045,-0.26383,-0.29521,0.39956,0.70100,-0.51166,-0.97431,0.23663,-0.02808,
1703261799929030400,1.56480,-3.98608,-0.26733,-0.30629,0.41546,0.69205,-0.50463,-0.92835,0.29364,0.01895,
1703261800062465024,1.44180,-3.94941,-0.26689,-0.31470,0.42777,0.68471,-0.49915,-0.93908,0.28280,-0.03475,
1703261800195899392,1.31771,-3.90659,-0.26666,-0.32406,0.44209,0.67554,-0.49314,-0.86939,0.36598,0.06577,
1703261800329333760,1.19976,-3.85664,-0.26507,-0.33570,0.45725,0.66487,-0.48598,-0.90077,0.38655,-0.01758,
1703261800462768384,1.08155,-3.80299,-0.26646,-0.34642,0.47069,0.65525,-0.47864,-0.88037,0.40259,-0.02210,
1703261800596201984,0.96465,-3.74678,-0.26983,-0.35383,0.48376,0.64648,-0.47207,-0.83263,0.42389,0.00745,
1703261800729634304,0.84812,-3.68898,-0.27701,-0.36183,0.49694,0.63720,-0.46487,-0.87523,0.42416,-0.01975,
1703261800863066880,0.73205,-3.63214,-0.28263,-0.37251,0.50983,0.62762,-0.45541,-0.86790,0.43081,-0.03497,
1703261800996499200,0.62017,-3.57510,-0.28550,-0.38043,0.52191,0.61852,-0.44756,-0.79621,0.45327,0.01621,
1703261801129931776,0.51663,-3.50624,-0.28638,-0.38677,0.53262,0.60888,-0.44270,-0.79370,0.60778,-0.07244,
1703261801263364096,0.41920,-3.41939,-0.28490,-0.39418,0.54610,0.59672,-0.43626,-0.72396,0.67157,0.01962,
1703261801396796160,0.32718,-3.33713,-0.28463,-0.40404,0.55823,0.58472,-0.42806,-0.71509,0.59766,-0.00646,
1703261801530228736,0.23117,-3.26001,-0.28804,-0.41492,0.56924,0.57366,-0.41800,-0.72472,0.59391,0.00167,
1703261801663651072,0.13362,-3.17899,-0.28595,-0.42482,0.58002,0.56236,-0.40847,-0.72545,0.66029,-0.00589,
1703261801797072384,0.04356,-3.07949,-0.28524,-0.43264,0.59169,0.54965,-0.40076,-0.63965,0.82369,0.01180,
1703261801930493696,-0.03477,-2.96464,-0.28209,-0.44191,0.60409,0.53485,-0.39209,-0.58569,0.86208,-0.03479,
1703261802063914240,-0.11535,-2.85928,-0.28036,-0.45001,0.61586,0.52111,-0.38296,-0.64401,0.70896,-0.02160,
1703261802197334784,-0.20090,-2.77018,-0.28385,-0.45545,0.62541,0.51113,-0.37440,-0.62127,0.64193,-0.00647,
1703261802330755072,-0.27987,-2.67680,-0.28827,-0.46110,0.63474,0.50156,-0.36459,-0.49429,0.82766,0.02386,
1703261802464174336,-0.33996,-2.56560,-0.28477,-0.47127,0.64511,0.48676,-0.35327,-0.42946,0.87937,0.01144,
1703261802597601280,-0.40047,-2.45317,-0.28247,-0.48083,0.65546,0.47205,-0.34109,-0.47083,0.76391,0.02757,
1703261802731036416,-0.46253,-2.34576,-0.28360,-0.48926,0.66341,0.45947,-0.33076,-0.53527,0.89231,-0.12599,
1703261802864472064,-0.52464,-2.22704,-0.28806,-0.49310,0.67234,0.44784,-0.32288,-0.41006,0.98374,-0.02283,
1703261802997907712,-0.56870,-2.08825,-0.28761,-0.49907,0.68349,0.43098,-0.31310,-0.31043,1.06003,0.00611,
1703261803131343360,-0.61383,-1.94940,-0.28711,0.50698,-0.69432,-0.41336,0.30005,-0.36888,1.03930,-0.03538,
1703261803264779008,-0.66045,-1.81501,-0.28755,0.51335,-0.70341,-0.39814,0.28839,-0.32802,1.01008,0.00433,
1703261803398214656,-0.69787,-1.67656,-0.28858,0.51901,-0.71197,-0.38312,0.27738,-0.20658,1.07222,0.00398,
1703261803531650304,-0.72513,-1.53214,-0.28973,0.52589,-0.72100,-0.36572,0.26429,-0.20523,1.10203,-0.02038,
1703261803665088000,-0.76204,-1.39313,-0.29757,0.53094,-0.72886,-0.35144,0.25172,-0.31306,1.01340,-0.06950,
1703261803798525696,-0.80134,-1.25315,-0.30506,0.53312,-0.73713,-0.33811,0.24106,-0.26491,1.07706,-0.00218,
1703261803931963392,-0.81312,-1.10852,-0.29833,0.53966,-0.74368,-0.31986,0.23108,0.02186,1.16898,-0.04467,
1703261804132120320,-0.80429,-0.87646,-0.29991,0.54822,-0.75590,-0.29027,0.20934,0.02429,1.17107,-0.05501,
1703261804265558528,-0.80505,-0.72894,-0.30077,0.55248,-0.76217,-0.27332,0.19788,-0.03212,1.09179,0.00193,
1703261804398996480,-0.80058,-0.58162,-0.30426,0.55692,-0.76793,-0.25742,0.18400,0.10487,1.14851,-0.00002,
1703261804532435456,-0.78589,-0.42897,-0.30507,0.56192,-0.77395,-0.23802,0.16909,0.14879,1.15463,-0.00682,
1703261804665870592,-0.75847,-0.27432,-0.30689,0.56506,-0.78014,-0.21858,0.15590,0.30818,1.18194,-0.04233,
1703261804799305984,-0.71576,-0.11795,-0.31211,0.56817,-0.78578,-0.19898,0.14191,0.29731,1.16454,0.00123,
1703261804932741376,-0.68037,0.03382,-0.31524,0.57178,-0.79005,-0.18054,0.12763,0.21349,1.10898,-0.02105,
1703261805066176768,-0.65124,0.17714,-0.31265,0.57591,-0.79259,-0.16485,0.11379,0.31067,1.17863,-0.09750,
1703261805199612416,-0.58481,0.32535,-0.31385,0.57822,-0.79680,-0.14230,0.10256,0.59846,1.05673,-0.01757,
1703261805333047808,-0.50160,0.47258,-0.31455,0.58030,-0.80073,-0.11984,0.08791,0.57840,1.10733,-0.01629,
1703261805466483456,-0.42676,0.61119,-0.31442,0.58302,-0.80306,-0.09953,0.07270,0.59036,1.02656,-0.03778,
1703261805599918336,-0.36019,0.74222,-0.31748,0.58301,-0.80622,-0.08158,0.05876,0.43820,0.92327,0.00519,
1703261805733352960,-0.30970,0.86170,-0.31685,0.58480,-0.80678,-0.06863,0.04900,0.37979,0.93118,-0.05795,
1703261805866787072,-0.25378,0.97137,-0.31709,0.58598,-0.80747,-0.05535,0.03954,0.48510,0.83830,-0.03687,
1703261806000221440,-0.19143,1.07283,-0.31426,0.58731,-0.80783,-0.04084,0.02856,0.44178,0.76005,0.00093,
1703261806133655808,-0.14081,1.17124,-0.31573,0.58734,-0.80856,-0.02953,0.01984,0.31205,0.71273,0.03987,
1703261806267090176,-0.10266,1.26300,-0.31792,0.58673,-0.80937,-0.02202,0.01392,0.29607,0.66446,0.03088,
1703261806400524288,-0.06783,1.34164,-0.31590,0.58756,-0.80900,-0.01463,0.00927,0.27947,0.54632,0.01044,
1703261806533958400,-0.02816,1.41078,-0.31433,0.58835,-0.80858,-0.00645,0.00240,0.30663,0.56421,-0.03746,
1703261806667393280,0.00364,1.47943,-0.31524,0.58811,-0.80878,-0.00019,-0.00096,0.17837,0.52386,-0.00150,
1703261806800828160,0.02491,1.54313,-0.31442,0.58906,-0.80807,0.00351,-0.00448,0.19120,0.49120,-0.00824,
1703261806934262784,0.04770,1.60516,-0.31486,0.58850,-0.80841,0.00783,-0.00877,0.16382,0.44092,0.00945,
1703261807067697408,0.06585,1.66302,-0.31482,0.58849,-0.80835,0.01102,-0.01129,0.12339,0.42784,0.00635,
1703261807201132032,0.07771,1.71773,-0.31537,0.58829,-0.80844,0.01235,-0.01323,0.07952,0.40967,-0.00906,
1703261807334566656,0.08548,1.76909,-0.31591,0.58814,-0.80851,0.01373,-0.01476,0.06732,0.37629,0.00967,
1703261807468001024,0.09316,1.81643,-0.31568,0.58794,-0.80861,0.01505,-0.01566,0.04917,0.32737,0.02131,
1703261807601434880,0.09682,1.85842,-0.31549,0.58802,-0.80856,0.01504,-0.01551,0.02722,0.30085,0.01005,
1703261807734867200,0.09958,1.89548,-0.31363,0.58791,-0.80861,0.01554,-0.01638,0.04305,0.25533,0.00598,
1703261807868299264,0.10350,1.92771,-0.31392,0.58807,-0.80845,0.01663,-0.01747,0.02201,0.22971,-0.00079,
1703261808001731328,0.10300,1.95552,-0.31361,0.58829,-0.80830,0.01616,-0.01732,0.00324,0.20438,-0.00559,
1703261808135163648,0.10426,1.97939,-0.31311,0.58840,-0.80825,0.01550,-0.01666,0.01670,0.17675,-0.00218,
1703261808268595200,0.10764,2.00113,-0.31261,0.58871,-0.80799,0.01626,-0.01728,0.06050,0.16450,0.00198,
1703261808402027008,0.11592,2.02198,-0.31253,0.58867,-0.80799,0.01768,-0.01763,0.04205,0.14347,0.00654,
1703261808535458560,0.11699,2.03979,-0.31260,0.58880,-0.80791,0.01718,-0.01720,-0.01958,0.12926,0.00284,
1703261808668892672,0.11360,2.05362,-0.31329,0.58892,-0.80784,0.01639,-0.01717,0.00163,0.09440,-0.00260,
1703261808802326528,0.11733,2.06394,-0.31307,0.58886,-0.80787,0.01712,-0.01754,0.04370,0.05820,-0.00026,
1703261808935760384,0.12063,2.06993,-0.31333,0.58891,-0.80782,0.01749,-0.01749,0.00960,0.02906,-0.00147,
1703261809069194240,0.11897,2.07124,-0.31304,0.58897,-0.80780,0.01690,-0.01721,-0.00819,0.00024,0.00074,
1703261809202628352,0.11862,2.06950,-0.31314,0.58882,-0.80789,0.01711,-0.01744,0.00520,-0.02973,-0.00918,
1703261809336062208,0.11749,2.05901,-0.31394,0.58869,-0.80799,0.01706,-0.01754,-0.02830,-0.12924,0.00036,
1703261809469496320,0.11178,2.03291,-0.31464,0.58823,-0.80835,0.01601,-0.01692,-0.03489,-0.28864,0.01185,
1703261809602929408,0.10606,1.98678,-0.31588,0.58770,-0.80874,0.01581,-0.01727,-0.04623,-0.41778,-0.00189,
1703261809736361728,0.09817,1.92269,-0.31605,0.58766,-0.80877,0.01555,-0.01726,-0.05620,-0.54476,-0.01016,
1703261809869794048,0.09069,1.84351,-0.31650,0.58764,-0.80882,0.01498,-0.01609,-0.06210,-0.62571,-0.01716,
1703261810003226368,0.08051,1.76145,-0.31802,0.58754,-0.80897,0.01277,-0.01443,-0.06783,-0.59613,0.00425,
1703261810136658688,0.07135,1.68319,-0.31761,0.58751,-0.80903,0.01206,-0.01291,-0.05452,-0.57288,0.01106,
1703261810270090752,0.06304,1.60947,-0.31808,0.58732,-0.80918,0.01180,-0.01195,-0.09148,-0.53025,-0.00139,
1703261810403523072,0.04809,1.54015,-0.31798,0.58732,-0.80924,0.00952,-0.00968,-0.13395,-0.50911,0.00560,
1703261810536955136,0.03332,1.47510,-0.31860,0.58683,-0.80964,0.00697,-0.00771,-0.10662,-0.47520,0.00061,
1703261810670390016,0.02203,1.41211,-0.31683,0.58726,-0.80937,0.00526,-0.00549,-0.06933,-0.44010,-0.01447,
1703261810803825152,0.01584,1.35242,-0.31547,0.58739,-0.80928,0.00458,-0.00389,0.01279,-0.41596,-0.01941,
1703261810937260032,0.01674,1.29752,-0.31744,0.58691,-0.80963,0.00532,-0.00357,-0.01420,-0.40799,0.00858,
1703261811070695424,0.01080,1.24371,-0.31979,0.58650,-0.80993,0.00412,-0.00269,-0.05460,-0.39820,-0.00926,
1703261811204130304,0.00699,1.19056,-0.32068,0.58653,-0.80992,0.00347,-0.00251,-0.01482,-0.37594,-0.01035,
1703261811337565696,0.00581,1.14063,-0.32311,0.58602,-0.81028,0.00390,-0.00302,-0.02562,-0.36570,-0.01380,
1703261811471000576,0.00040,1.09247,-0.32382,0.58601,-0.81029,0.00270,-0.00243,-0.05641,-0.35646,0.00396,
1703261811604457728,-0.00490,1.04658,-0.32356,0.58608,-0.81025,0.00184,-0.00127,-0.01844,-0.33032,0.02053,
1703261811737955328,-0.00730,1.00546,-0.32366,0.58609,-0.81024,0.00231,-0.00094,-0.02541,-0.27310,0.00097,
1703261811871454464,-0.01410,0.97010,-0.32464,0.58600,-0.81031,0.00105,0.00060,-0.04716,-0.23382,0.00023,
1703261812004955648,-0.01968,0.93909,-0.32463,0.58600,-0.81030,-0.00045,0.00245,-0.02115,-0.21454,0.00150,
1703261812138458368,-0.02113,0.91276,-0.32537,0.58598,-0.81032,-0.00089,0.00315,-0.02972,-0.17684,0.00501,
1703261812271962368,-0.02475,0.89124,-0.32527,0.58592,-0.81036,-0.00105,0.00326,-0.02228,-0.14265,0.00901,
1703261812405468160,-0.02604,0.87465,-0.32491,0.58591,-0.81037,-0.00155,0.00354,0.00687,-0.10593,0.00533,
1703261812538975488,-0.02493,0.86286,-0.32550,0.58606,-0.81026,-0.00170,0.00374,-0.00145,-0.06779,0.00518,
1703261812672410880,-0.02598,0.85602,-0.32530,0.58597,-0.81032,-0.00169,0.00357,-0.01136,-0.04050,0.00846,
1703261812805834496,-0.02625,0.85249,-0.32548,0.58603,-0.81028,-0.00158,0.00342,0.00417,-0.00779,0.00397,
1703261812939257600,-0.02523,0.85244,-0.32567,0.58606,-0.81026,-0.00171,0.00369,0.00071,0.01595,0.00239,
1703261813072680448,-0.02528,0.85505,-0.32594,0.58604,-0.81027,-0.00191,0.00381,0.00073,0.03254,0.00208,
1703261813206103040,-0.02459,0.85940,-0.32630,0.58606,-0.81026,-0.00168,0.00369,0.00450,0.04394,0.00023,
1703261813339525120,-0.02420,0.86660,-0.32484,0.58693,-0.80963,-0.00165,0.00372,0.01588,0.14013,0.00559,
1703261813472947200,-0.02368,0.89449,-0.32812,0.58530,-0.81081,-0.00167,0.00393,-0.05845,0.20136,-0.01718,
1703261813606372864,-0.02265,0.91916,-0.32679,0.58656,-0.80989,-0.00200,0.00343,0.03673,0.22726,-0.02047,
1703261813739805440,-0.01906,0.94461,-0.32745,0.58545,-0.81070,-0.00076,0.00241,0.02023,0.14255,0.00811,
1703261813873237760,-0.01926,0.96504,-0.32780,0.58634,-0.81007,-0.00049,0.00181,0.00032,0.18679,-0.01615,
1703261814006670592,-0.02225,0.98241,-0.32715,0.58609,-0.81024,-0.00113,0.00177,-0.01263,0.09265,0.01355,
1703261814140102912,-0.02143,0.99737,-0.32781,0.58616,-0.81020,-0.00124,0.00136,0.02178,0.11857,-0.00454,
1703261814273535488,-0.02010,1.01011,-0.32692,0.58663,-0.80985,-0.00092,0.00093,-0.01223,0.08805,0.00820,
1703261814406967808,-0.02178,1.02364,-0.32668,0.58650,-0.80995,-0.00127,0.00083,-0.00800,0.10087,0.00538,
1703261814540400128,-0.02196,1.03604,-0.32648,0.58678,-0.80975,-0.00155,0.00087,0.00738,0.10579,-0.01004,
1703261814673823744,-0.02186,1.04760,-0.32620,0.58673,-0.80978,-0.00184,0.00114,-0.00212,0.08244,0.00656,
1703261814807244544,-0.02422,1.05792,-0.32660,0.58664,-0.80984,-0.00205,0.00108,-0.01234,0.06549,0.00152,
1703261814940665344,-0.02498,1.06513,-0.32614,0.58681,-0.80972,-0.00206,0.00086,-0.00313,0.04835,-0.00214,
1703261815074085376,-0.02479,1.06874,-0.32601,0.58670,-0.80980,-0.00219,0.00096,0.00007,0.01038,0.00701,
1703261815207505408,-0.02466,1.06914,-0.32599,0.58663,-0.80985,-0.00234,0.00116,-0.00247,-0.00423,-0.00297,
1703261815340924672,-0.02456,1.07310,-0.32426,0.58735,-0.80933,-0.00226,0.00103,-0.03924,0.13748,-0.00461,
1703261815474343936,-0.02623,1.09928,-0.32416,0.58734,-0.80933,-0.00272,0.00153,-0.00527,0.28632,-0.00525,
1703261815607764736,-0.02355,1.14468,-0.32385,0.58727,-0.80939,-0.00241,0.00157,0.02782,0.40479,0.02663,
1703261815741189120,-0.02279,1.20639,-0.32707,0.58553,-0.81064,-0.00237,0.00092,-0.02955,0.40653,0.01299,
1703261815874612736,-0.02501,1.25945,-0.32382,0.58659,-0.80988,-0.00270,0.00035,-0.02913,0.42574,-0.02095,
1703261816008036608,-0.02641,1.30672,-0.32078,0.58642,-0.81000,-0.00329,0.00084,0.01303,0.30565,0.02019,
1703261816141459968,-0.02318,1.34437,-0.31983,0.58703,-0.80956,-0.00268,0.00071,0.04075,0.29439,-0.01304,
1703261816274883072,-0.02265,1.37686,-0.32002,0.58714,-0.80948,-0.00195,0.00017,-0.02169,0.20996,0.02462,
1703261816408305920,-0.03346,1.40693,-0.31996,0.58675,-0.80975,-0.00402,0.00085,-0.11114,0.21751,0.00517,
1703261816541728512,-0.04711,1.43372,-0.31938,0.58745,-0.80922,-0.00756,0.00242,-0.09351,0.21543,-0.01113,
1703261816675231744,-0.05675,1.46361,-0.31856,0.58758,-0.80910,-0.00958,0.00326,-0.05088,0.28245,-0.03310,
1703261816808758016,-0.05952,1.50433,-0.31884,0.58786,-0.80891,-0.00894,0.00313,-0.01253,0.35287,-0.06151,
1703261816942286592,-0.07491,1.54404,-0.31904,0.58757,-0.80908,-0.01102,0.00542,-0.18575,0.27793,0.02059,
1703261817075817216,-0.10414,1.57585,-0.31710,0.58850,-0.80826,-0.01741,0.00869,-0.20887,0.23952,0.01468,
1703261817209350144,-0.12563,1.60441,-0.31775,0.58827,-0.80829,-0.02183,0.01167,-0.08815,0.18010,0.02475,
1703261817342885376,-0.13368,1.63016,-0.31873,0.58776,-0.80861,-0.02301,0.01256,-0.06988,0.17540,0.00014,
1703261817476422912,-0.14584,1.65149,-0.31826,0.58811,-0.80826,-0.02535,0.01413,-0.11149,0.15425,0.00372,
1703261817609924608,-0.16031,1.67043,-0.31892,0.58807,-0.80816,-0.02832,0.01570,-0.07717,0.13088,0.00767,
1703261817743334656,-0.16546,1.68837,-0.31833,0.58816,-0.80806,-0.02895,0.01626,-0.01620,0.12739,-0.00608,
1703261817876743936,-0.16910,1.70363,-0.31929,0.58827,-0.80797,-0.02933,0.01655,-0.03588,0.09009,0.00776,
1703261818010152704,-0.17315,1.71559,-0.31932,0.58816,-0.80799,-0.03029,0.01725,-0.03099,0.07989,-0.00797,
1703261818143560192,-0.17582,1.72377,-0.31913,0.58819,-0.80795,-0.03074,0.01755,0.00231,0.04948,-0.00155,
1703261818276966912,-0.17483,1.72951,-0.31890,0.58810,-0.80804,-0.03032,0.01732,0.00280,0.02096,0.00245,
1703261818410372608,-0.17585,1.73120,-0.31936,0.58809,-0.80803,-0.03062,0.01736,-0.01680,-0.00915,-0.00948,
1703261818543777280,-0.17685,1.72336,-0.32014,0.58796,-0.80812,-0.03080,0.01738,0.00542,-0.11536,0.00064,
1703261818677188864,-0.17197,1.69981,-0.32082,0.58757,-0.80844,-0.02997,0.01716,0.04988,-0.27656,0.00816,
1703261818810601472,-0.16471,1.65495,-0.32132,0.58731,-0.80867,-0.02920,0.01651,0.05865,-0.42043,0.00021,
1703261818944013312,-0.15680,1.59095,-0.32212,0.58729,-0.80873,-0.02828,0.01585,0.09088,-0.55430,-0.00443,
1703261819077424640,-0.14235,1.51326,-0.32304,0.58703,-0.80902,-0.02540,0.01536,0.11766,-0.60502,-0.02154,
1703261819210835456,-0.13164,1.43549,-0.32327,0.58700,-0.80908,-0.02442,0.01512,0.05222,-0.54327,-0.03571,
1703261819344245504,-0.12124,1.36024,-0.32411,0.58696,-0.80913,-0.02314,0.01602,0.11516,-0.52127,-0.03001,
1703261819477654528,-0.10447,1.28864,-0.32359,0.58744,-0.80889,-0.01988,0.01488,0.14155,-0.52472,0.01637,
1703261819611066624,-0.09297,1.22295,-0.32664,0.58642,-0.80970,-0.01764,0.01334,0.04266,-0.49319,-0.00444,
1703261819811194112,-0.08875,1.12416,-0.32786,0.58656,-0.80960,-0.01814,0.01306,0.00889,-0.49961,-0.00014,
1703261819944611840,-0.08449,1.06037,-0.32702,0.58651,-0.80965,-0.01782,0.01224,0.04307,-0.45914,0.00510,
1703261820078029056,-0.07553,1.00207,-0.32854,0.58613,-0.80998,-0.01595,0.01142,0.06301,-0.42803,0.01504,
1703261820211445760,-0.06534,0.94786,-0.33010,0.58557,-0.81042,-0.01437,0.01127,0.06058,-0.41153,0.02726,
1703261820344861952,-0.05939,0.89682,-0.33062,0.58559,-0.81041,-0.01375,0.01188,0.03476,-0.35587,0.00431,
1703261820478277888,-0.05605,0.85018,-0.32937,0.58577,-0.81028,-0.01359,0.01163,0.01359,-0.32712,0.00534,
1703261820611692544,-0.05557,0.81333,-0.32863,0.58627,-0.80992,-0.01354,0.01164,-0.00624,-0.17900,-0.01827,
1703261820745104384,-0.05496,0.79392,-0.32871,0.58626,-0.80991,-0.01401,0.01203,0.00188,-0.06173,-0.01060,
1703261820878515712,-0.05352,0.79054,-0.32935,0.58612,-0.81001,-0.01384,0.01200,-0.00564,0.03824,0.00433,
1703261821011926016,-0.05418,0.80162,-0.32978,0.58622,-0.80995,-0.01371,0.01186,-0.00722,0.13646,0.00180,
1703261821145335808,-0.05511,0.82523,-0.32994,0.58622,-0.80995,-0.01367,0.01199,-0.01554,0.21513,0.00396,
1703261821278745344,-0.05820,0.85779,-0.33021,0.58618,-0.80996,-0.01432,0.01231,-0.02987,0.28481,-0.00132,
1703261821412153600,-0.06134,0.89833,-0.33100,0.58627,-0.80988,-0.01466,0.01267,-0.02514,0.34708,-0.00313,
1703261821545561856,-0.06546,0.94695,-0.33067,0.58637,-0.80981,-0.01511,0.01233,-0.04077,0.39606,0.00204,
1703261821678976256,-0.07279,1.00035,-0.33062,0.58653,-0.80967,-0.01624,0.01207,-0.06683,0.40158,0.03064,
1703261821812391424,-0.08168,1.05652,-0.32977,0.58691,-0.80936,-0.01770,0.01250,-0.06198,0.43346,0.01416,
1703261821945806592,-0.08837,1.11586,-0.32994,0.58675,-0.80945,-0.01850,0.01308,-0.02859,0.44128,0.00334,
1703261822079220736,-0.08982,1.17410,-0.32889,0.58654,-0.80961,-0.01835,0.01315,-0.01209,0.40998,0.01915,
1703261822212634368,-0.09378,1.22461,-0.32874,0.58638,-0.80972,-0.01863,0.01291,-0.03605,0.33669,-0.00335,
1703261822346047488,-0.09967,1.26420,-0.32748,0.58683,-0.80937,-0.01950,0.01333,-0.04514,0.27185,0.00597,
1703261822479459840,-0.10427,1.29590,-0.32780,0.58671,-0.80943,-0.02015,0.01351,-0.02337,0.20042,0.00108,
1703261822612872704,-0.10637,1.32064,-0.32706,0.58668,-0.80944,-0.02056,0.01368,-0.01009,0.16308,0.00183,
1703261822746285056,-0.10759,1.33850,-0.32710,0.58668,-0.80943,-0.02096,0.01398,-0.00794,0.10575,0.00854,
1703261822879696896,-0.10876,1.35071,-0.32648,0.58679,-0.80934,-0.02112,0.01411,-0.00961,0.09616,0.00045,
1703261823013107712,-0.10994,1.36174,-0.32582,0.58703,-0.80916,-0.02134,0.01411,-0.01221,0.08879,0.00360,
1703261823146518272,-0.11099,1.37327,-0.32572,0.58696,-0.80921,-0.02147,0.01405,-0.01098,0.08691,0.00040,
1703261823279928064,-0.11174,1.38365,-0.32492,0.58700,-0.80918,-0.02161,0.01383,-0.00604,0.07820,0.00015,
1703261823413337344,-0.11226,1.39096,-0.32568,0.58710,-0.80911,-0.02171,0.01380,-0.00355,0.03912,0.00389,
1703261823546745856,-0.11265,1.39433,-0.32582,0.58711,-0.80909,-0.02189,0.01384,0.00040,0.01382,-0.00004,
1703261823680155136,-0.11238,1.39447,-0.32557,0.58713,-0.80908,-0.02168,0.01364,0.00548,-0.00978,0.00150,
1703261823813563904,-0.11176,1.39302,-0.32565,0.58710,-0.80911,-0.02162,0.01365,0.00027,-0.01166,0.00024,
1703261823946971648,-0.11228,1.39149,-0.32592,0.58713,-0.80908,-0.02181,0.01376,-0.00098,-0.00899,-0.00088,
1703261824080379136,-0.11199,1.38970,-0.32643,0.58719,-0.80905,-0.02163,0.01364,0.00261,-0.01068,-0.00050,
1703261824213785344,-0.11169,1.38807,-0.32673,0.58721,-0.80903,-0.02157,0.01363,-0.00152,-0.00735,-0.00020,
1703261824347191040,-0.11249,1.38685,-0.32737,0.58726,-0.80900,-0.02166,0.01365,-0.00344,-0.00775,0.00035,
1703261824480596480,-0.11182,1.38559,-0.32765,0.58727,-0.80899,-0.02155,0.01367,0.00160,-0.00647,0.00153,
1703261824614005504,-0.11206,1.38410,-0.32795,0.58732,-0.80896,-0.02147,0.01357,-0.00299,-0.00653,0.00149,
1703261824747428096,-0.11275,1.38304,-0.32675,0.58811,-0.80838,-0.02166,0.01361,0.00608,0.03634,0.04226,
1703261824880850432,-0.11298,1.40160,-0.32710,0.58775,-0.80865,-0.02122,0.01369,-0.02599,0.21995,-0.00178,
1703261825014272256,-0.11994,1.43881,-0.32549,0.58861,-0.80799,-0.02254,0.01335,-0.06070,0.36306,0.01660,
1703261825147693824,-0.13091,1.49497,-0.32480,0.58789,-0.80846,-0.02403,0.01424,-0.09747,0.48061,0.01187,
1703261825281115136,-0.14198,1.56831,-0.32330,0.58922,-0.80746,-0.02530,0.01361,-0.06018,0.65880,-0.02377,
1703261825414535936,-0.14867,1.65978,-0.32099,0.58878,-0.80777,-0.02567,0.01353,-0.07252,0.69981,0.05857,
1703261825547956224,-0.15671,1.76699,-0.32219,0.58871,-0.80778,-0.02658,0.01419,-0.07387,0.85606,0.02851,
1703261825681363456,-0.17174,1.88682,-0.32292,0.58894,-0.80754,-0.02802,0.01573,-0.19947,0.95069,-0.00471,
1703261825814764288,-0.20381,2.01883,-0.32178,0.58924,-0.80711,-0.03207,0.01843,-0.31236,1.04381,0.00204,
1703261825948164352,-0.25004,2.15953,-0.31803,0.58975,-0.80630,-0.03909,0.02336,-0.32997,1.07263,0.04418,
1703261826081563136,-0.30650,2.31388,-0.32410,0.58769,-0.80716,-0.04671,0.03050,-0.45737,1.15578,0.02118,
1703261826214961408,-0.37360,2.47243,-0.32475,0.58707,-0.80669,-0.05544,0.03895,-0.63464,1.25546,-0.07480,
1703261826348358656,-0.45968,2.63250,-0.32333,0.58681,-0.80555,-0.06700,0.04745,-0.71455,1.22561,-0.04970,
1703261826481754880,-0.57047,2.79089,-0.32544,0.58468,-0.80497,-0.08233,0.05827,-0.91128,1.22891,-0.09031,
1703261826615152128,-0.69136,2.94498,-0.32323,0.58386,-0.80272,-0.09880,0.07070,-0.88287,1.14230,0.07667,
1703261826748553216,-0.82756,3.09429,-0.32472,0.58093,-0.80110,-0.11685,0.08431,-1.18312,1.09873,-0.03875,
1703261826881954048,-0.98498,3.23158,-0.32621,0.57744,-0.79873,-0.13855,0.09693,-1.19916,0.92427,0.06128,
1703261827015353088,-1.15932,3.34811,-0.32478,0.57431,-0.79454,-0.16061,0.11435,-1.45010,0.79453,0.00678,
1703261827148751872,-1.35561,3.44226,-0.32235,0.57038,-0.78826,-0.18645,0.13620,-1.48575,0.65681,0.07534,
1703261827282149888,-1.55072,3.53054,-0.32088,0.56534,-0.78198,-0.21131,0.15571,-1.39140,0.60052,0.13044,
1703261827415546880,-1.74373,3.61093,-0.31567,0.56089,-0.77509,-0.23386,0.17304,-1.46912,0.55943,-0.00194,
1703261827548943104,-1.93704,3.67210,-0.30609,0.55735,-0.76647,-0.25551,0.19131,-1.52266,0.39349,0.02375,
1703261827749083904,-2.24018,3.72865,-0.29990,0.54727,-0.75407,-0.29139,0.21671,-1.49832,0.23267,0.05570,
1703261827882519808,-2.43490,3.74551,-0.29514,0.54188,-0.74350,-0.31525,0.23277,-1.43876,0.17294,0.00032,
1703261828015956736,-2.61770,3.76654,-0.29465,0.53542,-0.73614,-0.33238,0.24688,-1.41369,0.14047,-0.00951,
1703261828149394176,-2.80298,3.77239,-0.29547,0.52867,-0.72678,-0.35250,0.26085,-1.37496,-0.01633,0.05813,
1703261828282832896,-2.98749,3.76124,-0.29149,0.52138,-0.71564,-0.37448,0.27530,-1.32461,-0.11396,0.11972,
1703261828416272384,-3.16089,3.74424,-0.28825,0.51401,-0.70543,-0.39102,0.29199,-1.35790,-0.11619,-0.14061,
1703261828549712896,-3.33982,3.72348,-0.29555,0.50580,-0.69656,-0.41041,0.30088,-1.17649,-0.11006,0.13973,
1703261828683127552,-3.50067,3.71211,-0.29926,0.50041,-0.68775,-0.42360,0.31169,-1.36627,-0.12710,-0.20969,
1703261828816530944,-3.66639,3.67396,-0.30540,-0.49231,0.67830,0.44119,-0.32078,-1.19253,-0.37737,0.01398,
1703261828949933312,-3.82620,3.60872,-0.30708,-0.48311,0.66543,0.46078,-0.33391,-1.21669,-0.46442,-0.00125,
1703261829150035456,-4.04702,3.52916,-0.30224,-0.47174,0.64914,0.48309,-0.35028,-1.06951,-0.37743,0.01056,
1703261829283436032,-4.18433,3.47412,-0.30488,-0.46441,0.63971,0.49654,-0.35852,-1.03237,-0.46048,0.06347,
1703261829416835840,-4.31284,3.40809,-0.29814,-0.45485,0.62673,0.51044,-0.37386,-1.03441,-0.57737,-0.01992,
1703261829550234624,-4.43867,3.34017,-0.30193,-0.44621,0.61560,0.52528,-0.38213,-0.95659,-0.52451,0.01841,
1703261829683639808,-4.55166,3.26851,-0.30087,-0.43929,0.60625,0.53684,-0.38895,-0.84312,-0.58270,-0.04658,
1703261829817046784,-4.65876,3.18752,-0.29864,-0.43001,0.59334,0.54944,-0.40143,-0.82089,-0.68990,0.06967,
1703261829950453504,-4.76644,3.10368,-0.29508,-0.41992,0.57889,0.56434,-0.41240,-0.83773,-0.60778,-0.00085,
1703261830083859712,-4.86553,3.03006,-0.29356,-0.41345,0.56964,0.57509,-0.41694,-0.67937,-0.53311,0.05042,
1703261830283967744,-5.00292,2.89908,-0.29319,-0.40019,0.55418,0.58938,-0.43053,-0.69412,-0.70214,0.06714,
1703261830417372160,-5.09927,2.81475,-0.29377,-0.38955,0.54267,0.60110,-0.43866,-0.73720,-0.57931,0.00964,
1703261830550776576,-5.19034,2.74606,-0.29004,-0.38384,0.53319,0.60873,-0.44478,-0.69100,-0.42987,-0.02987,
1703261830684178176,-5.27094,2.68089,-0.28712,-0.37865,0.52589,0.61415,-0.45043,-0.55620,-0.67754,0.04686,
1703261830817577728,-5.33740,2.57829,-0.28808,-0.37137,0.51292,0.62505,-0.45641,-0.47949,-0.81232,0.04662,
1703261830950976512,-5.40125,2.47272,-0.28624,-0.36117,0.49853,0.63624,-0.46501,-0.52544,-0.72254,0.01827,
1703261831084374528,-5.47871,2.38555,-0.28790,-0.35308,0.48880,0.64427,-0.47046,-0.62093,-0.62230,-0.00908,
1703261831217771520,-5.55328,2.29272,-0.28712,-0.34515,0.47881,0.65167,-0.47637,-0.50675,-0.80608,0.02425,
1703261831351167744,-5.61370,2.17783,-0.28648,-0.33475,0.46411,0.66262,-0.48319,-0.43320,-0.87690,0.04136,
1703261831484563456,-5.67020,2.06755,-0.28169,-0.32617,0.45047,0.67108,-0.49025,-0.48236,-0.80350,-0.01858,
1703261831684660736,-5.75342,1.91214,-0.27377,-0.31150,0.43229,0.68208,-0.50085,-0.41297,-0.73605,0.07319,
1703261831818062080,-5.80674,1.81936,-0.27329,-0.30317,0.42295,0.68862,-0.50497,-0.33626,-0.80611,0.02187,
1703261832018162432,-5.86464,1.68761,-0.26267,-0.29838,0.40789,0.69597,-0.51012,-0.20416,-0.65912,0.04913,
1703261832151562240,-5.88693,1.58063,-0.26869,-0.28660,0.39478,0.70392,-0.51624,-0.20972,-0.89825,-0.06378,
1703261832284961024,-5.92062,1.48030,-0.26105,-0.27869,0.38123,0.71033,-0.52194,-0.34857,-0.62741,0.04215,
1703261832418358784,-5.96972,1.39105,-0.26564,-0.27065,0.37370,0.71515,-0.52503,-0.37984,-0.72566,-0.02597,
1703261832551756288,-6.00895,1.29101,-0.26897,-0.26320,0.36428,0.72058,-0.52800,-0.26953,-0.85365,-0.06919,
1703261832685191936,-6.03118,1.17511,-0.27340,-0.25387,0.35098,0.72801,-0.53138,-0.12251,-0.97302,-0.03011,
1703261832818648576,-6.04028,1.05818,-0.26510,-0.24405,0.33409,0.73500,-0.53722,-0.09785,-0.82196,0.06706,
1703261832952107776,-6.06251,0.95799,-0.26365,-0.23686,0.32362,0.73971,-0.54037,-0.20022,-0.72159,-0.01319,
1703261833085569024,-6.07970,0.85210,-0.26636,-0.22766,0.31332,0.74406,-0.54440,-0.04586,-0.95368,-0.00821,
1703261833219032064,-6.08402,0.72899,-0.26479,-0.21624,0.29738,0.75031,-0.54940,-0.04626,-0.95669,0.01212,
1703261833352497408,-6.09867,0.61265,-0.26244,-0.20880,0.28477,0.75521,-0.55224,-0.16116,-0.77095,0.07204,
1703261833552699392,-6.11344,0.44984,-0.25731,-0.19723,0.26855,0.76155,-0.55590,0.04210,-0.85644,-0.00184,
1703261833686129152,-6.09909,0.34078,-0.25243,-0.18900,0.25374,0.76530,-0.56055,0.09584,-0.83457,0.00851,
1703261833819538944,-6.08838,0.23014,-0.25637,-0.17696,0.24140,0.77007,-0.56338,0.02706,-0.80569,0.02109,
1703261833952948224,-6.08843,0.11845,-0.25818,-0.16589,0.22943,0.77359,-0.56693,-0.05603,-0.86224,-0.01617,
1703261834086357248,-6.08696,-0.00110,-0.25958,-0.15531,0.21689,0.77769,-0.56924,0.06372,-0.91346,0.02164,
1703261834219766016,-6.06475,-0.12570,-0.26198,-0.14738,0.20232,0.78259,-0.57000,0.23832,-0.95094,-0.01892,
1703261834353174528,-6.02525,-0.24820,-0.26076,-0.13764,0.18544,0.78622,-0.57318,0.35931,-0.97390,0.05674,
1703261834553286400,-5.96614,-0.43130,-0.25995,-0.11620,0.15851,0.79190,-0.57816,0.30897,-0.99167,-0.05004,
1703261834686695936,-5.93696,-0.55233,-0.26114,-0.10323,0.14443,0.79585,-0.57889,0.19544,-0.91323,-0.05036,
1703261834820106496,-5.91488,-0.66572,-0.26192,-0.09454,0.13403,0.79867,-0.57898,0.15342,-0.82719,0.01055,
1703261834953516544,-5.88413,-0.78293,-0.26175,-0.08521,0.12300,0.80103,-0.57963,0.33494,-0.88295,0.01182,
1703261835086926336,-5.82564,-0.90197,-0.25977,-0.07330,0.10525,0.80398,-0.58065,0.49517,-0.88287,0.06433,
1703261835220335616,-5.76741,-1.01542,-0.25415,-0.06185,0.08939,0.80537,-0.58273,0.42923,-0.83276,0.05009,
1703261835353744896,-5.71311,-1.13359,-0.25713,-0.05314,0.07514,0.80700,-0.58334,0.42164,-0.89800,-0.04023,
1703261835487153408,-5.65680,-1.24283,-0.25257,-0.04637,0.06121,0.80748,-0.58487,0.44639,-0.75318,0.09724,
1703261835620562688,-5.58259,-1.34935,-0.24802,-0.02910,0.04311,0.80740,-0.58771,0.63289,-0.88831,-0.02668,
1703261835753975552,-5.51136,-1.45960,-0.24136,-0.01618,0.02617,0.80681,-0.59000,0.52448,-0.84993,0.01394,
1703261835887388160,-5.42886,-1.57459,-0.24207,-0.00806,0.01079,0.80822,-0.58872,0.66220,-0.77871,0.10294,
1703261836020800512,-5.33103,-1.68274,-0.24113,0.00587,-0.00754,0.80772,-0.58949,0.79443,-0.84279,0.04352,
1703261836154212864,-5.23147,-1.79443,-0.23615,0.02317,-0.02811,0.80650,-0.59011,0.71070,-0.91010,-0.00905,
1703261836287624960,-5.13965,-1.91087,-0.23317,0.03481,-0.04396,0.80648,-0.58860,0.69130,-0.81144,0.07908,
1703261836421037056,-5.02392,-2.01971,-0.23069,0.04681,-0.06204,0.80490,-0.58830,1.04625,-0.81484,-0.01066,
1703261836554448640,-4.88542,-2.12151,-0.23186,0.06238,-0.08555,0.80293,-0.58659,1.06959,-0.78451,0.01876,
1703261836687859968,-4.75565,-2.22258,-0.22756,0.08016,-0.10490,0.80004,-0.58525,1.00836,-0.79778,-0.02119,
1703261836887976960,-4.54547,-2.37382,-0.22480,0.10394,-0.13394,0.79645,-0.58045,1.19521,-0.71490,-0.01584,
1703261837021387264,-4.38216,-2.46008,-0.21891,0.11842,-0.15781,0.79193,-0.57785,1.22031,-0.63544,0.07164,
1703261837154798080,-4.21687,-2.54183,-0.21983,0.13421,-0.17962,0.78818,-0.57315,1.26396,-0.61818,0.02497,
1703261837288208128,-4.04779,-2.61615,-0.21749,0.15051,-0.20166,0.78251,-0.56953,1.34996,-0.56610,-0.05448,
1703261837421618176,-3.87268,-2.67834,-0.21510,0.16511,-0.22378,0.77621,-0.56583,1.31373,-0.36039,0.14075,
1703261837555027968,-3.68287,-2.72893,-0.21741,0.18175,-0.24873,0.76997,-0.55879,1.38522,-0.38208,0.02311,
1703261837755147776,-3.40775,-2.79413,-0.21016,0.20543,-0.27994,0.75790,-0.55228,1.42944,-0.22471,0.10905,
1703261837888561920,-3.21268,-2.82057,-0.20292,0.22445,-0.30231,0.74843,-0.54596,1.57040,-0.14283,0.00130,
1703261838021976064,-3.02185,-2.83763,-0.19624,0.24071,-0.32416,0.73892,-0.53942,1.43990,-0.09746,-0.00510,
1703261838155389952,-2.82785,-2.84778,-0.19775,0.25604,-0.34558,0.72990,-0.53129,1.51905,0.07136,0.09322,
1703261838288804352,-2.63520,-2.84016,-0.18891,0.27324,-0.36724,0.71802,-0.52433,1.44719,0.13212,0.05452,
1703261838422217984,-2.43673,-2.81774,-0.18792,0.28776,-0.39049,0.70600,-0.51602,1.47066,0.23144,0.10641,
1703261838555631872,-2.24620,-2.78435,-0.17727,0.30383,-0.40970,0.69209,-0.51073,1.44720,0.26957,0.06026,
1703261838689046272,-2.04377,-2.73472,-0.18214,0.31748,-0.43318,0.67944,-0.49993,1.51060,0.42725,-0.01115,
1703261838822461440,-1.84684,-2.67652,-0.18006,0.33334,-0.45368,0.66564,-0.48987,1.60251,0.45975,-0.15260,
1703261838955876352,-1.65493,-2.60995,-0.17851,0.34771,-0.47394,0.65192,-0.47903,1.43391,0.55575,0.03856,
1703261839089291264,-1.46407,-2.53537,-0.17973,0.36189,-0.49440,0.63734,-0.46733,1.38860,0.57879,0.08150,
1703261839289413120,-1.18393,-2.39161,-0.18308,0.38267,-0.52523,0.61382,-0.44825,1.46249,0.86072,-0.12686,
1703261839422828288,-1.01117,-2.28069,-0.17179,0.39670,-0.54271,0.59694,-0.43790,1.34114,0.85656,0.02952,
1703261839556242944,-0.85027,-2.15473,-0.16380,0.41339,-0.56153,0.57722,-0.42497,1.15779,0.88491,0.11218,
1703261839689659136,-0.68079,-2.02659,-0.17953,-0.42320,0.58189,-0.56019,0.41047,1.21307,1.05359,0.04112,
1703261839823076608,-0.52751,-1.89053,-0.17490,-0.43794,0.59707,-0.54313,0.39590,1.10139,1.15517,-0.01286,
1703261839956494080,-0.38613,-1.73702,-0.16934,-0.44799,0.61605,-0.52229,0.38340,0.98454,1.13137,0.08740,
1703261840089911808,-0.24608,-1.58978,-0.18425,-0.45742,0.63299,-0.50583,0.36637,0.99383,1.09663,-0.06968,
1703261840223329024,-0.12293,-1.44341,-0.17998,-0.47135,0.64568,-0.48871,0.34942,0.90839,1.23101,0.00775,
1703261840356746752,-0.01038,-1.27406,-0.17960,-0.48018,0.66022,-0.46843,0.33780,0.82673,1.38701,0.02999,
1703261840490163968,0.08214,-1.08850,-0.17655,-0.48840,0.67558,-0.44752,0.32371,0.64213,1.50418,-0.02310,
1703261840623582976,0.16129,-0.89162,-0.17835,-0.49774,0.69121,-0.42350,0.30844,0.59632,1.54218,-0.02917,
1703261840757012992,0.23637,-0.70054,-0.17648,0.50713,-0.70528,0.40086,-0.29105,0.53916,1.43265,0.04868,
1703261840890444032,0.30463,-0.51461,-0.17612,0.51736,-0.71564,0.38049,-0.27463,0.50963,1.50089,-0.02405,
1703261841023875840,0.35780,-0.31628,-0.17405,0.52582,-0.72646,0.35852,-0.25928,0.36740,1.51428,-0.02260,
1703261841157307648,0.39063,-0.10550,-0.17058,0.53313,-0.73943,0.33323,-0.24077,0.20652,1.51278,0.04567,
1703261841290740224,0.42137,0.08769,-0.16749,0.54457,-0.74643,0.31162,-0.22175,0.26664,1.51501,0.00245,
1703261841424173568,0.43800,0.28898,-0.16648,0.54943,-0.75647,0.28871,-0.20620,0.09275,1.52396,0.02278,
1703261841557607168,0.43414,0.49501,-0.16338,0.55436,-0.76598,0.26417,-0.19023,-0.12746,1.55361,0.05973,
1703261841691034880,0.41843,0.69826,-0.16164,0.56152,-0.77310,0.24066,-0.17057,-0.12962,1.64077,-0.05877,
1703261841824459264,0.39710,0.89985,-0.15849,0.56656,-0.77971,0.21660,-0.15542,-0.13418,1.51824,0.00449,
1703261841957883904,0.36721,1.10341,-0.16120,0.57104,-0.78599,0.19360,-0.13660,-0.37599,1.59409,-0.01108,
1703261842091308544,0.31358,1.30829,-0.16168,0.57510,-0.79227,0.16624,-0.11808,-0.50669,1.50635,0.06241,
1703261842224733440,0.24804,1.50638,-0.16327,0.57740,-0.79820,0.14024,-0.09903,-0.53855,1.46799,0.02977,
1703261842358158336,0.17439,1.68950,-0.15517,0.58250,-0.80059,0.11554,-0.07999,-0.58287,1.40279,0.05771,
1703261842491583488,0.09073,1.86839,-0.14870,0.58710,-0.80202,0.09151,-0.06081,-0.67736,1.36818,0.03753,
1703261842691721728,-0.06535,2.13010,-0.14457,0.58967,-0.80507,0.05320,-0.03626,-0.87349,1.27504,0.04584,
1703261842825147904,-0.18227,2.29328,-0.14055,0.59174,-0.80543,0.02845,-0.01757,-0.92055,1.26333,-0.01092,
1703261842958574336,-0.30594,2.45712,-0.14847,0.58972,-0.80760,0.00309,0.00150,-0.93935,1.14338,0.09246,
1703261843092000768,-0.43196,2.61111,-0.15246,0.58881,-0.80777,-0.02104,0.01920,-0.91404,1.17962,-0.03242,
1703261843292141056,-0.62583,2.83663,-0.16081,0.58669,-0.80712,-0.05226,0.04023,-1.09125,1.08046,-0.04338,
1703261843425567744,-0.77590,2.97402,-0.15827,0.58543,-0.80492,-0.07655,0.05927,-1.12506,1.04582,-0.02409,
1703261843558994944,-0.92782,3.10721,-0.16498,0.58204,-0.80369,-0.09951,0.07355,-1.14274,0.97483,-0.05438,
1703261843692422912,-1.08579,3.22439,-0.16446,0.57938,-0.80091,-0.12226,0.08898,-1.29199,0.84110,0.03441,
1703261843825851136,-1.26040,3.32263,-0.16190,0.57642,-0.79657,-0.14883,0.10517,-1.29948,0.68774,0.09451,
1703261843959280128,-1.43153,3.41676,-0.16060,0.57217,-0.79213,-0.17146,0.12551,-1.33841,0.71895,-0.09377,
1703261844092709120,-1.59954,3.50374,-0.15718,0.56822,-0.78689,-0.19213,0.14496,-1.22791,0.62278,0.12089,
1703261844226138112,-1.77199,3.58300,-0.16151,0.56325,-0.78192,-0.21417,0.15963,-1.35816,0.59553,-0.08287,
1703261844359567616,-1.94628,3.64372,-0.15313,0.56054,-0.77454,-0.23460,0.17562,-1.36917,0.41569,0.10163,
1703261844492997632,-2.13363,3.68207,-0.14475,0.55658,-0.76569,-0.25861,0.19250,-1.39542,0.26684,0.05001,
1703261844626427392,-2.32150,3.70990,-0.14616,0.55054,-0.75740,-0.28254,0.20836,-1.34619,0.22850,0.07798,
1703261844759856640,-2.50069,3.74189,-0.14537,0.54461,-0.75037,-0.30113,0.22285,-1.39779,0.25405,-0.04337,
1703261844893286400,-2.67326,3.76040,-0.13577,0.53994,-0.74100,-0.31918,0.23981,-1.36747,0.10444,-0.01097,
1703261845026716160,-2.85746,3.76506,-0.14043,0.53074,-0.73208,-0.34297,0.25446,-1.35437,-0.01316,0.08505,
1703261845160146432,-3.02812,3.75928,-0.12978,0.52680,-0.72135,-0.36242,0.26605,-1.25291,0.01078,0.04139,
1703261845293576960,-3.19015,3.74121,-0.12135,0.52110,-0.71125,-0.37758,0.28287,-1.44969,-0.18631,-0.23128,
1703261845427007744,-3.37217,3.71791,-0.14056,0.51105,-0.70240,-0.39988,0.29250,-1.16573,-0.05367,0.11424,
1703261845560438528,-3.53288,3.71306,-0.13577,0.50466,-0.69352,-0.41351,0.30555,-1.29638,-0.07020,-0.08931,
1703261845693867008,-3.70189,3.69098,-0.14318,-0.49700,0.68481,0.43064,-0.31397,-1.27379,-0.24683,0.03524,
1703261845827293696,-3.87272,3.63558,-0.14790,-0.48813,0.67299,0.44980,-0.32635,-1.31752,-0.50830,-0.05577,
1703261845960720640,-4.03503,3.57249,-0.14307,-0.47878,0.65920,0.46903,-0.34093,-1.25139,-0.37635,-0.03541,
1703261846094147584,-4.19514,3.52571,-0.15082,-0.47059,0.65007,0.48421,-0.34857,-1.14332,-0.30942,0.03157,
1703261846227575040,-4.34545,3.46574,-0.14279,-0.46212,0.63830,0.49780,-0.36224,-1.19545,-0.57903,-0.04751,
1703261846361002496,-4.49742,3.38493,-0.14491,-0.45212,0.62424,0.51564,-0.37419,-1.11766,-0.65112,0.07576,
1703261846494430208,-4.64540,3.29428,-0.14886,-0.44088,0.61104,0.53247,-0.38566,-1.09659,-0.70299,-0.00335,
1703261846627858688,-4.78785,3.20354,-0.14232,-0.43096,0.59643,0.54684,-0.39940,-1.14194,-0.72660,-0.05119,
1703261846761291520,-4.92665,3.11056,-0.14364,-0.42142,0.58281,0.56191,-0.40865,-0.99170,-0.75139,0.10074,
1703261846894724608,-5.05393,3.00959,-0.14113,-0.40842,0.57017,0.57467,-0.42173,-1.02081,-0.92598,-0.10368,
1703261847028158208,-5.18031,2.88918,-0.14382,-0.39577,0.55301,0.59250,-0.43184,-0.93193,-0.80360,0.03925,
1703261847161592064,-5.30658,2.79134,-0.14338,-0.38683,0.54017,0.60353,-0.44083,-0.95840,-0.70950,0.05819,
1703261847295026176,-5.42695,2.69059,-0.14298,-0.37897,0.53011,0.61254,-0.44739,-0.81787,-0.88832,0.02274,
1703261847428460800,-5.53416,2.55276,-0.14543,-0.36629,0.51251,0.62699,-0.45831,-0.82101,-1.15262,0.02147,
1703261847561895936,-5.63379,2.40915,-0.14369,-0.35333,0.49296,0.64134,-0.46992,-0.78720,-1.06238,0.00406,
1703261847695330048,-5.73128,2.27810,-0.13606,-0.34222,0.47811,0.65145,-0.47948,-0.75565,-1.04744,-0.03690,
1703261847895481856,-5.86115,2.05986,-0.13549,-0.32338,0.45319,0.66863,-0.49293,-0.61020,-1.16427,0.01260,
1703261848028916992,-5.93511,1.90964,-0.13442,-0.30975,0.43468,0.68205,-0.49991,-0.59134,-1.04528,0.01455,
1703261848162352640,-6.00715,1.77109,-0.13372,-0.30179,0.42008,0.69111,-0.50481,-0.50325,-1.06831,0.02031,
1703261848295788288,-6.06163,1.61994,-0.13816,-0.28755,0.40452,0.70103,-0.51209,-0.35345,-1.28611,-0.06697,
1703261848429224192,-6.10103,1.46074,-0.12850,-0.27614,0.38119,0.71147,-0.52178,-0.42142,-1.08916,-0.00470,
1703261848562661120,-6.15513,1.30652,-0.14133,-0.26247,0.36635,0.72289,-0.52376,-0.40525,-1.07689,0.02955,
1703261848696096000,-6.20011,1.16645,-0.13338,-0.24919,0.35336,0.72814,-0.53184,-0.24023,-1.14808,0.07011,
1703261848829530112,-6.22964,1.02272,-0.11897,-0.24065,0.33486,0.73441,-0.53907,-0.18797,-1.02959,0.08378,
1703261848962964480,-6.24448,0.86236,-0.12433,-0.22539,0.31612,0.74366,-0.54428,-0.04171,-1.29894,-0.05011,
1703261849096399360,-6.26051,0.71092,-0.12508,-0.21350,0.29896,0.75021,-0.54974,-0.21909,-1.15998,-0.03832,
1703261849229834496,-6.28439,0.56636,-0.12345,-0.20545,0.28489,0.75640,-0.55181,-0.09879,-1.08982,0.03703,
1703261849363269888,-6.28795,0.42948,-0.12066,-0.19697,0.26964,0.76154,-0.55548,0.04204,-1.09837,-0.08052,
1703261849496705536,-6.27279,0.28114,-0.12706,-0.18107,0.25025,0.76912,-0.55949,0.09985,-1.08857,0.04562,
1703261849630140928,-6.26834,0.14098,-0.12494,-0.16793,0.23419,0.77306,-0.56510,-0.05804,-1.11180,-0.05822,
1703261849763568640,-6.26795,-0.00097,-0.12440,-0.15761,0.22093,0.77745,-0.56739,0.07746,-1.10452,-0.01139,
1703261849896996096,-6.24466,-0.14952,-0.12458,-0.14451,0.20397,0.78264,-0.57008,0.25652,-1.12559,0.03453,
1703261850030423808,-6.20495,-0.29877,-0.12307,-0.12929,0.18335,0.78838,-0.57283,0.26823,-1.10928,0.00676,
1703261850163851520,-6.17314,-0.43600,-0.12165,-0.11388,0.16669,0.79290,-0.57494,0.22184,-1.00671,0.01682,
1703261850297279488,-6.14543,-0.56725,-0.11755,-0.10081,0.15180,0.79522,-0.57829,0.21514,-0.97198,0.05895,
1703261850430707456,-6.11055,-0.70111,-0.12068,-0.09305,0.13829,0.79910,-0.57763,0.36225,-0.99586,0.00901,
1703261850564135424,-6.04356,-0.82947,-0.11824,-0.08060,0.11931,0.80224,-0.57938,0.60531,-0.98312,-0.00537,
1703261850697567488,-5.97189,-0.95110,-0.11167,-0.06299,0.09665,0.80406,-0.58326,0.42585,-0.92660,0.01142,
1703261850831002368,-5.92144,-1.07643,-0.11372,-0.05579,0.08021,0.80642,-0.58322,0.33909,-0.90888,0.03392,
1703261850964437760,-5.86891,-1.19163,-0.10632,-0.05029,0.07060,0.80592,-0.58564,0.57238,-0.84045,0.10861,
1703261851097873408,-5.77582,-1.30544,-0.10244,-0.03386,0.04885,0.80668,-0.58799,0.76380,-0.88737,0.00944,
1703261851231309312,-5.69187,-1.41696,-0.09948,-0.01840,0.02719,0.80711,-0.58949,0.47569,-0.85996,-0.02382,
1703261851364745728,-5.63624,-1.52963,-0.10294,-0.00699,0.01671,0.80868,-0.58797,0.42696,-0.81483,-0.00586,
1703261851498182400,-5.56800,-1.63450,-0.10027,0.00359,0.00442,0.80830,-0.58874,0.62894,-0.77143,0.01054,
1703261851631619072,-5.47306,-1.73157,-0.10166,0.01248,-0.01519,0.80891,-0.58761,0.73560,-0.67581,0.02740,
1703261851765052416,-5.37019,-1.82182,-0.10461,0.02545,-0.03363,0.80848,-0.58702,0.76498,-0.70199,-0.01107,
1703261851898486016,-5.27512,-1.91523,-0.10229,0.03870,-0.05068,0.80748,-0.58643,0.63362,-0.72953,-0.00841,
1703261852031919360,-5.18876,-2.01011,-0.10022,0.05013,-0.06411,0.80598,-0.58632,0.68748,-0.73906,-0.01894,
1703261852165353472,-5.07965,-2.09849,-0.10064,0.06083,-0.08198,0.80480,-0.58470,0.88885,-0.61582,0.04395,
1703261852298787584,-4.96005,-2.17427,-0.09416,0.07539,-0.10054,0.80104,-0.58527,0.91949,-0.61170,-0.00555,
1703261852432221952,-4.84155,-2.25575,-0.09912,0.08818,-0.11858,0.79993,-0.58161,0.80368,-0.61902,0.00237,
1703261852565656320,-4.73506,-2.33334,-0.09681,0.09878,-0.13229,0.79784,-0.57982,0.87727,-0.59190,-0.00848,
1703261852699089664,-4.61172,-2.40468,-0.09679,0.11256,-0.15037,0.79489,-0.57695,0.98245,-0.52021,-0.02166,
1703261852832522496,-4.48260,-2.46706,-0.09449,0.12563,-0.16894,0.79088,-0.57462,0.98645,-0.45019,0.06105,
1703261852965954816,-4.34968,-2.52763,-0.09256,0.13750,-0.18698,0.78695,-0.57171,1.00077,-0.45271,-0.02120,
1703261853099387648,-4.21604,-2.58626,-0.09538,0.15056,-0.20424,0.78297,-0.56795,0.97848,-0.40372,0.08685,
1703261853232820480,-4.07954,-2.63966,-0.09441,0.16359,-0.22086,0.77887,-0.56375,1.05882,-0.37695,-0.02798,
1703261853366253568,-3.93437,-2.67989,-0.08949,0.17724,-0.23985,0.77267,-0.56039,1.08252,-0.30813,-0.01920,
1703261853499686656,-3.79410,-2.71903,-0.08791,0.19122,-0.25601,0.76704,-0.55637,1.04748,-0.28451,0.04078,
1703261853633119232,-3.64789,-2.75312,-0.08946,0.19963,-0.27338,0.76165,-0.55255,1.09910,-0.17877,0.05526,
1703261853766551808,-3.49446,-2.77189,-0.08478,0.21333,-0.29125,0.75413,-0.54859,1.25341,-0.08286,-0.01219,
1703261853899983872,-3.33899,-2.78206,-0.08162,0.22913,-0.31169,0.74514,-0.54325,1.12421,-0.12913,0.02881,
1703261854033416192,-3.18741,-2.79945,-0.08057,0.24182,-0.32887,0.73813,-0.53715,1.04118,-0.14456,0.12506,
1703261854166849024,-3.04469,-2.80945,-0.07231,0.25631,-0.34207,0.73067,-0.53237,1.17678,0.00262,-0.04023,
1703261854300281600,-2.88573,-2.80031,-0.07596,0.26878,-0.36184,0.72164,-0.52542,1.16720,0.15012,0.08637,
1703261854433714176,-2.73413,-2.78283,-0.07100,0.28125,-0.37952,0.71178,-0.51983,1.14205,0.09487,-0.03133,
1703261854567147008,-2.58235,-2.76709,-0.07091,0.29456,-0.39573,0.70279,-0.51256,1.13031,0.16555,0.01685,
1703261854700602368,-2.43104,-2.74499,-0.06889,0.30512,-0.41196,0.69337,-0.50639,1.14317,0.23988,0.04002,
1703261854834084864,-2.28233,-2.70696,-0.06097,0.31798,-0.42764,0.68176,-0.50122,1.12577,0.33120,0.04129,
1703261854967569152,-2.12659,-2.65908,-0.06418,0.32926,-0.44661,0.67073,-0.49219,1.14258,0.33285,-0.02940,
1703261855101054464,-1.97646,-2.61472,-0.06398,0.33965,-0.46216,0.66031,-0.48479,1.13908,0.34117,-0.03933,
1703261855234541056,-1.82597,-2.55847,-0.06455,0.34981,-0.47852,0.64971,-0.47595,1.12806,0.46819,0.00763,
1703261855368029440,-1.68193,-2.49383,-0.06196,0.36339,-0.49443,0.63695,-0.46668,1.12922,0.43603,-0.02354,
1703261855501518848,-1.53786,-2.43328,-0.06250,0.37488,-0.50946,0.62572,-0.45650,1.03053,0.44869,0.03270,
1703261855635008768,-1.39608,-2.35857,-0.06131,0.38654,-0.52424,0.61360,-0.44638,1.07975,0.64118,-0.02522,
1703261855768435968,-1.25261,-2.26542,-0.06927,0.39510,-0.54140,0.59961,-0.43733,1.11401,0.70877,-0.06678,
1703261855901863424,-1.11997,-2.16732,-0.06238,0.40584,-0.55558,0.58543,-0.42884,0.99543,0.80793,-0.02846,
1703261856035290368,-0.98815,-2.05525,-0.06494,-0.41531,0.57375,-0.56949,0.41714,0.89900,0.73600,0.08739,
1703261856168717312,-0.86419,-1.95075,-0.06554,-0.42811,0.58754,-0.55427,0.40534,1.00774,0.80491,-0.12748,
1703261856302144000,-0.74269,-1.84571,-0.06596,-0.43597,0.60011,-0.54137,0.39588,0.84524,0.86293,0.04822,
1703261856435570688,-0.62947,-1.71770,-0.06632,-0.44641,0.61536,-0.52503,0.38261,0.82901,0.99574,-0.00572,
1703261856568997376,-0.52243,-1.58954,-0.06226,-0.45644,0.62979,-0.50743,0.37088,0.73866,0.85548,0.11006,
1703261856702425344,-0.41578,-1.47001,-0.06550,-0.46464,0.64132,-0.49373,0.35925,0.81457,0.93999,-0.06829,
1703261856835854080,-0.32236,-1.34172,-0.06448,-0.47384,0.65272,-0.47857,0.34698,0.61674,0.97262,0.12243,
1703261856969282560,-0.24006,-1.19938,-0.06030,-0.48377,0.66451,-0.46074,0.33484,0.60251,1.06305,0.00127,
1703261857102711296,-0.15979,-1.05837,-0.05950,-0.48998,0.67551,-0.44490,0.32507,0.56841,1.11660,0.01777,
1703261857236139776,-0.08828,-0.91632,-0.06210,-0.49493,0.68610,-0.42993,0.31539,0.50235,1.10567,-0.03555,
1703261857369568256,-0.02973,-0.76135,-0.06410,0.50301,-0.69772,0.41123,-0.30176,0.43237,1.19606,0.01514,
1703261857502996992,0.02484,-0.60402,-0.06334,0.51153,-0.70891,0.39193,-0.28664,0.40057,1.17342,0.01354,
1703261857636425472,0.07428,-0.44790,-0.06337,0.51864,-0.71899,0.37400,-0.27236,0.34850,1.15052,0.01194,
1703261857769850880,0.11766,-0.28974,-0.06362,0.52473,-0.72840,0.35597,-0.25956,0.27491,1.23171,0.01540,
1703261857903276544,0.14693,-0.12930,-0.05904,0.53256,-0.73569,0.33827,-0.24641,0.18429,1.26493,0.02677,
1703261858036701696,0.16828,0.04374,-0.05879,0.53754,-0.74564,0.31786,-0.23246,0.12129,1.27763,0.04391,
1703261858170126592,0.18186,0.20963,-0.05436,0.54585,-0.75259,0.29753,-0.21709,0.14880,1.18513,0.02908,
1703261858303551488,0.20254,0.37453,-0.05733,0.54829,-0.76027,0.28069,-0.20635,0.09795,1.22036,0.00413,
1703261858436976384,0.21245,0.54303,-0.05938,0.55314,-0.76625,0.26331,-0.19382,0.00787,1.30491,0.09444,
1703261858570401280,0.21882,0.71477,-0.06304,0.55782,-0.77265,0.24438,-0.17926,0.08542,1.27354,0.01630,
1703261858703828224,0.23205,0.88316,-0.06029,0.56289,-0.77689,0.22799,-0.16618,0.14181,1.33017,-0.07794,
1703261858837257472,0.24464,1.05082,-0.05862,0.56515,-0.78111,0.21458,-0.15630,0.04029,1.27503,-0.00691,
1703261858970686720,0.22978,1.22915,-0.05877,0.56886,-0.78585,0.19572,-0.14330,-0.17045,1.34904,0.07167,
1703261859104115968,0.19157,1.41278,-0.05658,0.57329,-0.79112,0.17197,-0.12604,-0.32433,1.35780,0.02578,
1703261859237545472,0.14734,1.59703,-0.05677,0.57649,-0.79529,0.14989,-0.11273,-0.41250,1.42228,-0.01633,
1703261859370974464,0.07972,1.77707,-0.05281,0.58017,-0.79852,0.12752,-0.09749,-0.61445,1.34513,0.05666,
1703261859504403712,-0.00568,1.95565,-0.05180,0.58261,-0.80263,0.10064,-0.07885,-0.60707,1.33255,0.03640,
1703261859637832960,-0.07996,2.11740,-0.03677,0.58853,-0.80242,0.07913,-0.05910,-0.60578,1.29270,0.03319,
1703261859771264768,-0.15152,2.28227,-0.03701,0.58993,-0.80409,0.05965,-0.04322,-0.58833,1.28690,-0.02936,
1703261859904697088,-0.23288,2.44964,-0.03894,0.58946,-0.80629,0.04031,-0.02857,-0.61834,1.21124,0.02333,
1703261860038129408,-0.31808,2.61853,-0.04513,0.58924,-0.80748,0.02111,-0.01782,-0.64005,1.29933,-0.05397,
1703261860171561728,-0.41211,2.78489,-0.05240,0.58849,-0.80848,0.00281,-0.00580,-0.83174,1.21992,-0.00326,
1703261860304994048,-0.50642,2.93912,-0.05049,0.58971,-0.80739,-0.01701,0.00864,-0.68466,1.19872,-0.08453,
1703261860438426368,-0.58098,3.09091,-0.05282,0.58804,-0.80805,-0.03115,0.01731,-0.44707,1.08340,0.02769,
1703261860571858944,-0.63415,3.23847,-0.05430,0.58736,-0.80814,-0.03794,0.02190,-0.42220,1.08093,-0.00766,
1703261860705290496,-0.68928,3.38164,-0.05710,0.58688,-0.80790,-0.04641,0.02677,-0.45333,1.05594,-0.04288,
1703261860838721280,-0.75258,3.51710,-0.06199,0.58430,-0.80897,-0.05707,0.02992,-0.47085,0.90378,0.04971,
1703261860972152064,-0.81325,3.64083,-0.06484,0.58401,-0.80830,-0.06583,0.03541,-0.41856,0.93530,-0.00033,
1703261861105582592,-0.85497,3.75942,-0.06300,0.58474,-0.80708,-0.07093,0.04093,-0.24889,0.90409,-0.04932,
1703261861239013376,-0.87332,3.87875,-0.06445,0.58438,-0.80729,-0.07122,0.04135,-0.07933,0.87164,0.00974,
1703261861372444160,-0.88775,3.99329,-0.06337,0.58405,-0.80756,-0.07035,0.04216,-0.18248,0.80834,0.01152,
1703261861505874944,-0.91554,4.09552,-0.06147,0.58442,-0.80685,-0.07386,0.04466,-0.21628,0.75829,0.00199,
1703261861639305472,-0.93938,4.19184,-0.05973,0.58407,-0.80689,-0.07523,0.04626,-0.16119,0.69449,-0.00052,
1703261861772733952,-0.95302,4.28069,-0.05861,0.58501,-0.80626,-0.07451,0.04637,-0.06776,0.68988,-0.01526,
1703261861906161664,-0.95311,4.36884,-0.05823,0.58546,-0.80627,-0.07192,0.04473,0.01551,0.64407,0.00689,
1703261862039589888,-0.95456,4.45065,-0.05378,0.58629,-0.80597,-0.06887,0.04396,-0.05725,0.56987,0.04353,
1703261862173017600,-0.96000,4.52261,-0.05235,0.58663,-0.80577,-0.06820,0.04418,-0.02087,0.54027,-0.00734,
1703261862306445056,-0.95625,4.59175,-0.05296,0.58659,-0.80610,-0.06552,0.04268,0.04486,0.51561,-0.02281,
1703261862439872256,-0.95298,4.65695,-0.05284,0.58707,-0.80610,-0.06227,0.04101,-0.03876,0.49052,-0.02290,
1703261862573299712,-0.95993,4.71700,-0.05275,0.58708,-0.80613,-0.06191,0.04078,-0.09651,0.42713,0.01984,
1703261862706731520,-0.96891,4.76974,-0.05210,0.58702,-0.80614,-0.06243,0.04053,-0.05353,0.38025,0.00725,
1703261862840168960,-0.97392,4.81726,-0.05244,0.58717,-0.80609,-0.06210,0.03992,-0.03479,0.34553,-0.00700,
1703261862973606400,-0.97856,4.85860,-0.05152,0.58687,-0.80633,-0.06188,0.03979,-0.04587,0.28875,-0.00218,
1703261863107044352,-0.98360,4.89318,-0.05206,0.58716,-0.80604,-0.06252,0.04028,-0.04462,0.25684,0.00056,
1703261863240482048,-0.98708,4.92294,-0.05145,0.58711,-0.80609,-0.06240,0.04023,-0.02546,0.21276,0.00621,
1703261863373920512,-0.98808,4.94838,-0.05183,0.58717,-0.80608,-0.06213,0.04009,-0.01892,0.18278,-0.00124,
1703261863507358208,-0.98952,4.96843,-0.05089,0.58707,-0.80616,-0.06197,0.04013,-0.01935,0.13191,0.00059,
1703261863640796928,-0.99113,4.98271,-0.05088,0.58708,-0.80612,-0.06217,0.04042,-0.01916,0.08707,0.00174,
1703261863774233856,-0.99183,4.99074,-0.05078,0.58716,-0.80607,-0.06218,0.04046,-0.00460,0.04295,-0.00228,
1703261863907671040,-0.99146,4.99233,-0.05069,0.58719,-0.80605,-0.06205,0.04046,-0.00274,-0.00837,0.00057,
1703261864041108224,-0.99149,4.98798,-0.04980,0.58721,-0.80603,-0.06206,0.04048,-0.00181,-0.03883,-0.00067,
1703261864174545408,-0.98989,4.98101,-0.05021,0.58734,-0.80595,-0.06194,0.04046,0.00554,-0.05418,-0.00090,
1703261864307982848,-0.98785,4.97153,-0.05101,0.58713,-0.80613,-0.06179,0.04031,0.00969,-0.09843,-0.00168,
1703261864441420288,-0.98549,4.95166,-0.05128,0.58707,-0.80618,-0.06177,0.04022,0.01365,-0.19352,-0.01111,
1703261864574858240,-0.97731,4.91491,-0.05164,0.58711,-0.80625,-0.06079,0.03960,0.07204,-0.33859,-0.01764,
1703261864708296448,-0.96703,4.85999,-0.05222,0.58711,-0.80634,-0.05998,0.03898,0.08907,-0.48260,-0.00029,
1703261864841736448,-0.95529,4.78783,-0.05139,0.58676,-0.80667,-0.05914,0.03864,0.12362,-0.60480,0.01096,
1703261864975176704,-0.93690,4.70095,-0.05328,0.58661,-0.80689,-0.05764,0.03859,0.13250,-0.70007,-0.01968,
1703261865108616704,-0.92198,4.60251,-0.05263,0.58606,-0.80735,-0.05714,0.03814,0.11568,-0.76935,-0.00529,
1703261865242057216,-0.90779,4.49248,-0.04971,0.58676,-0.80688,-0.05692,0.03752,0.08202,-0.83547,-0.04149,
1703261865442218496,-0.90279,4.30941,-0.05903,0.58456,-0.80830,-0.05970,0.03698,-0.03579,-0.99214,0.02475,
1703261865575659520,-0.91047,4.17543,-0.06147,0.58374,-0.80842,-0.06489,0.03866,-0.04669,-1.03555,-0.03926,
1703261865709093888,-0.90825,4.03158,-0.06630,0.58328,-0.80834,-0.06790,0.04203,0.00646,-1.09526,-0.02375,
1703261865842518272,-0.90313,3.88027,-0.06770,0.58276,-0.80838,-0.07090,0.04350,0.03046,-1.17301,-0.00207,
1703261865975942400,-0.89399,3.72532,-0.07015,0.58247,-0.80831,-0.07360,0.04414,0.10741,-1.14242,-0.01739,
1703261866109366528,-0.88247,3.56733,-0.07082,0.58262,-0.80791,-0.07635,0.04475,0.11215,-1.18242,-0.01442,
1703261866242789888,-0.86690,3.40821,-0.07054,0.58291,-0.80745,-0.07827,0.04589,0.11959,-1.19954,-0.00038,
1703261866376212992,-0.84454,3.24499,-0.06688,0.58425,-0.80632,-0.07830,0.04865,0.13144,-1.26984,0.13020,
1703261866509636096,-0.82035,3.08552,-0.06819,0.58322,-0.80677,-0.07956,0.05138,0.20059,-1.22154,-0.03523,
1703261866643058176,-0.79548,2.92469,-0.06848,0.58391,-0.80618,-0.07975,0.05258,0.14692,-1.17984,-0.05001,
1703261866776485376,-0.76835,2.76146,-0.06390,0.58516,-0.80516,-0.08007,0.05382,0.26629,-1.23204,0.07546,
1703261866909911808,-0.73555,2.60576,-0.06213,0.58490,-0.80531,-0.07999,0.05442,0.19702,-1.16530,-0.03863,
1703261867110051584,-0.69053,2.37673,-0.05877,0.58603,-0.80453,-0.07990,0.05400,0.26545,-1.05806,-0.05526,
1703261867243477504,-0.65463,2.23379,-0.06037,0.58595,-0.80494,-0.07771,0.05202,0.24853,-1.06349,-0.03307,
1703261867376903424,-0.62605,2.09295,-0.05906,0.58627,-0.80476,-0.07757,0.05141,0.20219,-1.05211,0.01361,
1703261867510329344,-0.60107,1.95700,-0.05971,0.58594,-0.80498,-0.07792,0.05105,0.24009,-1.02465,0.03670,
1703261867643754752,-0.56504,1.82861,-0.05765,0.58640,-0.80506,-0.07475,0.04925,0.26079,-0.90610,-0.06128,
1703261867777181440,-0.52058,1.70543,-0.05871,0.58676,-0.80534,-0.06985,0.04746,0.38466,-0.92915,-0.01535,
1703261867910607616,-0.47636,1.58708,-0.06061,0.58589,-0.80650,-0.06463,0.04602,0.27882,-0.91169,0.04547,
1703261868044034048,-0.45018,1.46913,-0.06176,0.58610,-0.80652,-0.06319,0.04484,0.17482,-0.88280,0.02876,
1703261868177459968,-0.42285,1.35450,-0.06523,0.58624,-0.80666,-0.06088,0.04383,0.25338,-0.84926,-0.03789,
1703261868310885632,-0.39215,1.24249,-0.06728,0.58634,-0.80693,-0.05773,0.04175,0.24963,-0.83095,-0.02977,
1703261868511024128,-0.35196,1.07925,-0.06830,0.58613,-0.80746,-0.05329,0.04042,0.19491,-0.78493,-0.00753,
1703261868644449280,-0.32328,0.97645,-0.07082,0.58578,-0.80793,-0.05102,0.03876,0.19931,-0.75315,-0.02445,
1703261868777899520,-0.29991,0.87458,-0.06789,0.58613,-0.80781,-0.04936,0.03829,0.17669,-0.75874,0.02270,
1703261868911350016,-0.27450,0.77958,-0.06854,0.58573,-0.80835,-0.04605,0.03704,0.20112,-0.72760,0.03622,
1703261869044801024,-0.24960,0.68586,-0.07057,0.58555,-0.80870,-0.04323,0.03543,0.10975,-0.71622,0.02389,
1703261869178252544,-0.23591,0.59359,-0.06930,0.58584,-0.80857,-0.04300,0.03409,0.10383,-0.67128,-0.01277,
1703261869311704064,-0.21600,0.50401,-0.06940,0.58604,-0.80860,-0.04063,0.03265,0.17338,-0.65400,-0.01058,
1703261869445156096,-0.19967,0.41926,-0.06686,0.58644,-0.80850,-0.03867,0.03017,0.07680,-0.63406,0.02461,
1703261869578608640,-0.19194,0.33813,-0.06851,0.58677,-0.80832,-0.03913,0.02802,0.05413,-0.55952,-0.05899,
1703261869712048640,-0.18146,0.26388,-0.06984,0.58622,-0.80885,-0.03760,0.02632,0.13330,-0.54884,-0.00656,
1703261869845474560,-0.16300,0.19311,-0.07062,0.58589,-0.80925,-0.03515,0.02467,0.14328,-0.54151,0.01471,
1703261870045612288,-0.14983,0.09406,-0.06880,0.58567,-0.80943,-0.03512,0.02426,0.03860,-0.45947,0.00368,
1703261870245749760,-0.12884,0.00763,-0.07041,0.58540,-0.80985,-0.03143,0.02139,0.11340,-0.42549,0.00249,
1703261870379174400,-0.11942,-0.04679,-0.06893,0.58589,-0.80959,-0.02961,0.02043,0.02308,-0.39332,-0.00015,
1703261870512599040,-0.11472,-0.09692,-0.06858,0.58625,-0.80930,-0.03006,0.02081,0.04444,-0.34088,0.01497,
1703261870646022912,-0.11046,-0.13433,-0.06834,0.58622,-0.80933,-0.02995,0.02092,0.03281,-0.24362,0.01420,
1703261870779482880,-0.10777,-0.15729,-0.06864,0.58621,-0.80936,-0.02947,0.02052,0.01139,-0.12375,0.00713,
1703261870912950272,-0.10689,-0.16441,-0.06884,0.58632,-0.80932,-0.02888,0.02006,0.00416,0.00306,0.00462,
1703261871046418944,-0.10924,-0.15394,-0.06849,0.58624,-0.80936,-0.02908,0.02020,-0.03202,0.10816,0.00136,
1703261871179889152,-0.11280,-0.13485,-0.06899,0.58617,-0.80938,-0.02983,0.02047,-0.02562,0.16022,0.00085,
1703261871313361152,-0.11345,-0.11368,-0.06958,0.58576,-0.80972,-0.02915,0.01991,-0.00308,0.11547,-0.00558,
1703261871446834432,-0.11287,-0.10479,-0.06990,0.58565,-0.80984,-0.02833,0.01929,-0.00647,-0.00353,-0.00129,
1703261871580309248,-0.11329,-0.11245,-0.06995,0.58573,-0.80976,-0.02879,0.01960,0.00407,-0.11510,-0.00755,
1703261871713779200,-0.11045,-0.13220,-0.06952,0.58583,-0.80968,-0.02880,0.01985,0.02570,-0.16869,-0.00473,
1703261871847242240,-0.10636,-0.15493,-0.06936,0.58596,-0.80961,-0.02829,0.01965,0.01218,-0.16192,0.00198,
1703261871980706304,-0.10492,-0.17178,-0.06931,0.58613,-0.80948,-0.02825,0.01968,0.00813,-0.09188,-0.00446,
1703261872114170624,-0.10151,-0.18151,-0.06903,0.58608,-0.80954,-0.02775,0.01953,0.02294,-0.06527,0.00215,
1703261872247635968,-0.10004,-0.18578,-0.06894,0.58609,-0.80954,-0.02747,0.01943,-0.01324,-0.00793,-0.00265,
1703261872381101568,-0.10193,-0.18447,-0.06928,0.58604,-0.80957,-0.02784,0.01949,-0.00355,0.01836,-0.00262,
1703261872514568192,-0.10105,-0.18109,-0.06948,0.58594,-0.80965,-0.02759,0.01944,-0.00346,0.01667,-0.00094,
1703261872648035072,-0.10228,-0.17860,-0.06962,0.58602,-0.80959,-0.02784,0.01947,-0.01386,0.01476,-0.00211,
1703261872781481472,-0.10282,-0.17684,-0.06970,0.58598,-0.80961,-0.02791,0.01964,-0.00170,0.00627,-0.00225,
1703261872914924288,-0.10217,-0.17611,-0.06957,0.58593,-0.80965,-0.02784,0.01962,-0.00300,0.00047,-0.00029,
1703261873048367360,-0.10290,-0.17630,-0.06952,0.58598,-0.80961,-0.02799,0.01970,-0.00493,0.00249,-0.00117,
1703261873181810176,-0.10292,-0.17526,-0.06964,0.58597,-0.80961,-0.02797,0.01968,-0.00130,0.01029,-0.00047,
1703261873315253248,-0.10281,-0.17314,-0.06999,0.58594,-0.80963,-0.02799,0.01972,-0.00585,0.01215,0.00061,
1703261873515418368,-0.10316,-0.17024,-0.07014,0.58595,-0.80962,-0.02809,0.01978,-0.00443,0.01139,0.00104,
1703261873648861952,-0.10337,-0.16829,-0.06993,0.58591,-0.80965,-0.02818,0.01981,-0.00576,0.00670,0.00237,
1703261873782305536,-0.10342,-0.16655,-0.06985,0.58589,-0.80966,-0.02828,0.01984,-0.00290,0.00646,0.00095,
1703261873915749120,-0.10287,-0.16559,-0.06979,0.58588,-0.80966,-0.02840,0.01994,-0.00303,0.00012,0.00198,
1703261874115915008,-0.10310,-0.16513,-0.06969,0.58586,-0.80967,-0.02838,0.01991,-0.00092,0.00006,0.00106,
1703261874249359104,-0.10351,-0.16537,-0.06984,0.58592,-0.80963,-0.02834,0.01988,-0.00301,-0.00300,0.00205,
1703261874382803200,-0.10284,-0.16546,-0.06965,0.58588,-0.80965,-0.02838,0.01998,0.00194,-0.00349,0.00265,
1703261874516247552,-0.10237,-0.16561,-0.06977,0.58590,-0.80964,-0.02831,0.01997,0.00189,-0.00258,0.00141,
1703261874716417536,-0.10263,-0.16594,-0.06985,0.58591,-0.80964,-0.02838,0.01995,-0.00065,-0.00481,0.00230,
1703261874849872896,-0.10205,-0.16592,-0.06965,0.58588,-0.80966,-0.02835,0.01997,0.00145,-0.00239,0.00363,
1703261874983328256,-0.10234,-0.16618,-0.06988,0.58594,-0.80961,-0.02837,0.01994,-0.00103,-0.00368,0.00257,
1703261875116784384,-0.10186,-0.16595,-0.07001,0.58591,-0.80963,-0.02844,0.02004,0.00122,-0.00229,0.00309,
1703261875250241024,-0.10164,-0.16569,-0.07008,0.58591,-0.80963,-0.02844,0.02004,0.00168,-0.00274,0.00389,
1703261875383697664,-0.10190,-0.16567,-0.07011,0.58594,-0.80961,-0.02844,0.02001,0.00164,-0.00436,0.00384,
1703261875517154816,-0.10202,-0.16564,-0.07014,0.58594,-0.80960,-0.02846,0.02005,0.00050,-0.00523,0.00329,
1703261875650612736,-0.10233,-0.16568,-0.07008,0.58594,-0.80961,-0.02842,0.01997,0.00030,-0.00580,0.00398,
1703261875784069376,-0.10215,-0.16572,-0.06998,0.58592,-0.80962,-0.02837,0.01998,0.00235,-0.00597,0.00470,
1703261875917526016,-0.10243,-0.16593,-0.07013,0.58596,-0.80959,-0.02842,0.01999,0.00179,-0.00803,0.00447,
1703261876050983680,-0.10248,-0.16607,-0.07017,0.58597,-0.80959,-0.02836,0.01993,0.00216,-0.00751,0.00509,
1703261876184441344,-0.10251,-0.16607,-0.07026,0.58598,-0.80958,-0.02837,0.01994,0.00037,-0.00556,0.00454,
1703261876317899776,-0.10288,-0.16607,-0.07030,0.58597,-0.80959,-0.02840,0.01992,-0.00044,-0.00489,0.00550,
1703261876451357952,-0.10262,-0.16552,-0.07008,0.58594,-0.80962,-0.02837,0.01995,0.00084,-0.00314,0.00569,
1703261876584817408,-0.10280,-0.16534,-0.07041,0.58599,-0.80958,-0.02840,0.01996,0.00141,-0.00667,0.00433,
1703261876718278912,-0.10281,-0.16533,-0.07047,0.58599,-0.80957,-0.02842,0.01998,0.00197,-0.00700,0.00456,
1703261876851744768,-0.10298,-0.16535,-0.07044,0.58600,-0.80957,-0.02841,0.01994,0.00183,-0.00654,0.00409,
1703261876985211648,-0.10281,-0.16536,-0.07036,0.58598,-0.80958,-0.02839,0.01993,0.00244,-0.00600,0.00484,
1703261877118679296,-0.10303,-0.16555,-0.07061,0.58603,-0.80955,-0.02843,0.01994,0.00110,-0.00759,0.00376,
1703261877252147456,-0.10274,-0.16555,-0.07071,0.58602,-0.80955,-0.02840,0.01995,0.00373,-0.00568,0.00419,
1703261877385616384,-0.10267,-0.16573,-0.07073,0.58602,-0.80956,-0.02838,0.01993,0.00294,-0.00544,0.00568,
1703261877519085312,-0.10281,-0.16565,-0.07084,0.58603,-0.80954,-0.02845,0.01997,0.00334,-0.00502,0.00475,
1703261877652555520,-0.10288,-0.16564,-0.07104,0.58607,-0.80952,-0.02845,0.01993,0.00302,-0.00755,0.00503,
1703261877786026496,-0.10275,-0.16553,-0.07103,0.58607,-0.80951,-0.02848,0.01993,0.00352,-0.00738,0.00535,
1703261877919497984,-0.10265,-0.16562,-0.07098,0.58605,-0.80952,-0.02851,0.01995,0.00507,-0.00785,0.00645,
1703261878052970752,-0.10259,-0.16560,-0.07075,0.58604,-0.80953,-0.02849,0.01995,0.00476,-0.00746,0.00606,
1703261878186443776,-0.10215,-0.16563,-0.07059,0.58601,-0.80956,-0.02848,0.01999,0.00852,-0.00869,0.00625,
1703261878386655232,-0.10214,-0.16615,-0.07028,0.58598,-0.80958,-0.02845,0.01995,0.00460,-0.00751,0.00474,
1703261878520130048,-0.10187,-0.16593,-0.07004,0.58593,-0.80962,-0.02845,0.01998,0.00699,-0.00573,0.00705,
1703261878653605888,-0.10186,-0.16620,-0.07026,0.58598,-0.80958,-0.02845,0.02000,0.00736,-0.00860,0.00591,
1703261878787082752,-0.10186,-0.16629,-0.07000,0.58594,-0.80960,-0.02845,0.02001,0.00638,-0.00781,0.00756,
1703261878920561408,-0.10204,-0.16641,-0.06966,0.58594,-0.80961,-0.02845,0.02003,0.00570,-0.00901,0.00750,
1703261879054040576,-0.10145,-0.16593,-0.06941,0.58589,-0.80964,-0.02846,0.02011,0.01113,-0.00553,0.00735,
1703261879187521280,-0.10193,-0.16643,-0.06976,0.58595,-0.80960,-0.02843,0.02007,0.00742,-0.01161,0.00763,
1703261879321002496,-0.10195,-0.16649,-0.06951,0.58592,-0.80962,-0.02842,0.02008,0.00736,-0.00901,0.00816,
1703261879454484736,-0.10179,-0.16652,-0.06938,0.58592,-0.80962,-0.02839,0.02010,0.00821,-0.01029,0.00816,
1703261879587968000,-0.10185,-0.16628,-0.06913,0.58588,-0.80965,-0.02838,0.02009,0.00778,-0.00761,0.00864,
1703261879721449728,-0.10227,-0.16679,-0.06915,0.58590,-0.80964,-0.02836,0.02005,0.00797,-0.01143,0.00897,
1703261879921668864,-0.10237,-0.16667,-0.06903,0.58591,-0.80963,-0.02840,0.02001,0.00439,-0.00545,0.00499,
1703261880055148800,-0.10203,-0.16639,-0.06920,0.58592,-0.80962,-0.02841,0.02005,0.01049,-0.00752,0.00827,
1703261880188630016,-0.10271,-0.16617,-0.06919,0.58591,-0.80963,-0.02840,0.02000,0.00420,-0.00756,0.00837,
1703261880322112000,-0.10241,-0.16600,-0.06903,0.58588,-0.80965,-0.02843,0.02006,0.01086,-0.00692,0.00967,
1703261880455595008,-0.10246,-0.16635,-0.06903,0.58592,-0.80962,-0.02838,0.02003,0.00938,-0.01096,0.00834,
1703261880589078784,-0.10263,-0.16609,-0.06905,0.58593,-0.80962,-0.02839,0.02001,0.00626,-0.00855,0.00698,
1703261880722561536,-0.10256,-0.16600,-0.06979,0.58598,-0.80958,-0.02837,0.02002,0.00933,-0.00954,0.00553,
1703261880856042496,-0.10262,-0.16623,-0.06989,0.58599,-0.80958,-0.02840,0.02004,0.00874,-0.01001,0.00782,
1703261880989524480,-0.10495,-0.16534,-0.06976,0.58592,-0.80963,-0.02844,0.01966,0.00076,0.00191,-0.00118,
1703261881123007488,-0.10519,-0.16509,-0.07021,0.58596,-0.80960,-0.02846,0.01964,-0.00134,0.00138,-0.00321,
1703261881256491520,-0.10498,-0.16520,-0.07009,0.58594,-0.80961,-0.02848,0.01964,0.00152,-0.00096,0.00129,
1703261881389976320,-0.10510,-0.16521,-0.06986,0.58592,-0.80963,-0.02849,0.01965,-0.00153,-0.00066,0.00199,
1703261881523461888,-0.10516,-0.16536,-0.06959,0.58592,-0.80963,-0.02849,0.01964,-0.00028,-0.00237,0.00179,
1703261881656948480,-0.10494,-0.16540,-0.06949,0.58589,-0.80965,-0.02850,0.01966,0.00217,-0.00174,0.00145,
1703261881790428416,-0.10484,-0.16587,-0.06890,0.58584,-0.80968,-0.02852,0.01968,-0.00017,-0.00380,0.00428,
1703261881923907328,-0.10455,-0.16567,-0.06892,0.58584,-0.80969,-0.02851,0.01970,0.00158,0.00140,-0.00014,
1703261882057386496,-0.10487,-0.16596,-0.06869,0.58583,-0.80969,-0.02849,0.01964,-0.00356,-0.00271,0.00198,
1703261882190866432,-0.10518,-0.16602,-0.06914,0.58588,-0.80966,-0.02851,0.01956,-0.00349,-0.00041,-0.00280,
1703261882324347136,-0.10538,-0.16614,-0.06976,0.58594,-0.80962,-0.02852,0.01955,-0.00233,-0.00127,-0.00464,
1703261882524569344,-0.10545,-0.16585,-0.06910,0.58586,-0.80967,-0.02849,0.01956,-0.00134,0.00032,0.00372,
1703261882658051584,-0.10547,-0.16584,-0.06928,0.58587,-0.80967,-0.02849,0.01956,-0.00102,-0.00035,-0.00135,
1703261882791529216,-0.10605,-0.16613,-0.06878,0.58583,-0.80970,-0.02851,0.01953,-0.00637,-0.00327,0.00399,
1703261882925006848,-0.10627,-0.16629,-0.06916,0.58587,-0.80967,-0.02852,0.01947,-0.00209,-0.00195,-0.00274,
1703261883058484480,-0.10578,-0.16685,-0.06902,0.58587,-0.80967,-0.02858,0.01951,0.00279,-0.00441,0.00169,
1703261883191963136,-0.10546,-0.16653,-0.06933,0.58588,-0.80966,-0.02856,0.01955,0.00218,0.00279,-0.00174,
1703261883325441792,-0.10561,-0.16635,-0.07008,0.58596,-0.80960,-0.02858,0.01950,-0.00065,0.00220,-0.00490,
1703261883458921472,-0.10509,-0.16578,-0.07060,0.58599,-0.80958,-0.02860,0.01955,0.00439,0.00288,-0.00327,
1703261883592401152,-0.10549,-0.16522,-0.07072,0.58598,-0.80959,-0.02856,0.01953,-0.00237,0.00264,-0.00013,
1703261883725877760,-0.10544,-0.16536,-0.07106,0.58603,-0.80955,-0.02857,0.01952,0.00055,-0.00237,-0.00200,
1703261883859344640,-0.10480,-0.16496,-0.07094,0.58599,-0.80957,-0.02857,0.01957,0.00428,0.00076,0.00129,
1703261883992811776,-0.10530,-0.16521,-0.07090,0.58600,-0.80957,-0.02858,0.01952,-0.00507,-0.00276,0.00043,
1703261884126279168,-0.10496,-0.16528,-0.07109,0.58601,-0.80956,-0.02858,0.01952,0.00119,-0.00122,-0.00206,
1703261884259746560,-0.10514,-0.16509,-0.07086,0.58599,-0.80958,-0.02852,0.01952,-0.00248,-0.00051,0.00256,
1703261884393214464,-0.10492,-0.16495,-0.07090,0.58599,-0.80958,-0.02851,0.01955,0.00117,0.00030,-0.00084,
1703261884526682112,-0.10468,-0.16479,-0.07038,0.58595,-0.80961,-0.02852,0.01956,0.00076,0.00044,0.00400,
1703261884660150016,-0.10498,-0.16516,-0.07066,0.58597,-0.80960,-0.02845,0.01953,-0.00208,-0.00370,-0.00046,
1703261884793619968,-0.10518,-0.16508,-0.07105,0.58600,-0.80957,-0.02846,0.01952,-0.00245,0.00074,-0.00341,
1703261884927090688,-0.10567,-0.16501,-0.07067,0.58596,-0.80960,-0.02845,0.01949,-0.00406,0.00024,0.00322,
1703261885060561920,-0.10496,-0.16477,-0.07050,0.58593,-0.80963,-0.02845,0.01958,0.00520,0.00088,0.00259,
1703261885194033920,-0.10502,-0.16465,-0.07070,0.58598,-0.80959,-0.02849,0.01959,-0.00049,-0.00023,-0.00150,
1703261885327506176,-0.10483,-0.16461,-0.07060,0.58598,-0.80959,-0.02850,0.01961,0.00117,-0.00115,0.00064,
1703261885460978944,-0.10477,-0.16437,-0.07030,0.58595,-0.80961,-0.02847,0.01965,-0.00080,0.00070,0.00222,
1703261885594452480,-0.10484,-0.16427,-0.07033,0.58595,-0.80961,-0.02847,0.01963,-0.00105,-0.00040,-0.00021,
1703261885727920128,-0.10497,-0.16442,-0.07030,0.58597,-0.80960,-0.02846,0.01962,-0.00121,-0.00241,0.00036,
1703261885861373184,-0.10506,-0.16445,-0.07041,0.58596,-0.80960,-0.02848,0.01960,-0.00046,-0.00147,0.00002,
1703261885994825728,-0.10479,-0.16461,-0.07047,0.58597,-0.80959,-0.02847,0.01961,0.00062,-0.00152,0.00005,
1703261886128278016,-0.10477,-0.16443,-0.06910,0.58629,-0.80935,-0.02854,0.01977,-0.00975,0.01518,0.03878,
1703261886261730048,-0.10697,-0.14941,-0.06849,0.58666,-0.80908,-0.02881,0.01986,-0.05510,0.21841,-0.00953,
1703261886395181312,-0.11283,-0.11059,-0.06755,0.58630,-0.80928,-0.02995,0.02034,-0.03304,0.33881,0.02894,
1703261886528632832,-0.11878,-0.05372,-0.06864,0.58641,-0.80921,-0.02967,0.02048,-0.05485,0.52487,-0.02084,
1703261886662083328,-0.12880,0.02403,-0.06714,0.58626,-0.80928,-0.03062,0.02062,-0.07536,0.61942,0.02950,
1703261886862256384,-0.14958,0.17115,-0.06709,0.58653,-0.80892,-0.03300,0.02326,-0.07780,0.81604,0.01588,
1703261886995703808,-0.16113,0.28809,-0.06410,0.58691,-0.80858,-0.03408,0.02383,-0.10432,0.90072,0.03676,
1703261887329320960,-0.20335,0.64168,-0.06558,0.58580,-0.80910,-0.03703,0.02876,-0.10134,1.14619,0.02760,
1703261887529489664,-0.22071,0.88303,-0.06512,0.58631,-0.80865,-0.03806,0.02971,-0.11056,1.25928,0.02140,
1703261887662935296,-0.23468,1.05540,-0.06510,0.58569,-0.80915,-0.03852,0.02765,-0.09695,1.27201,0.03963,
1703261887796383744,-0.24741,1.23416,-0.06609,0.58561,-0.80920,-0.03813,0.02828,-0.13417,1.40189,-0.02659,
1703261887929832192,-0.26324,1.41582,-0.06365,0.58601,-0.80887,-0.03949,0.02766,-0.10693,1.39876,-0.00457,
1703261888063281152,-0.27774,1.60240,-0.06531,0.58547,-0.80929,-0.03937,0.02689,-0.14193,1.42657,-0.01906,
1703261888196729344,-0.30207,1.78714,-0.06295,0.58662,-0.80840,-0.03999,0.02782,-0.23456,1.45315,-0.01414,
1703261888330177792,-0.33759,1.97441,-0.06384,0.58639,-0.80833,-0.04362,0.02909,-0.16946,1.42202,0.00948,
1703261888463625984,-0.35852,2.16418,-0.06289,0.58689,-0.80784,-0.04446,0.03121,-0.13913,1.47564,-0.01479,
1703261888663798016,-0.39117,2.45062,-0.06579,0.58625,-0.80815,-0.04560,0.03362,-0.18767,1.45443,-0.04342,
1703261888797233664,-0.41945,2.64133,-0.06660,0.58635,-0.80796,-0.04684,0.03472,-0.23096,1.44746,-0.03866,
1703261888997378816,-0.45031,2.92790,-0.06834,0.58562,-0.80847,-0.04664,0.03538,-0.04616,1.45734,-0.03820,
1703261889130808064,-0.46190,3.11563,-0.06900,0.58585,-0.80844,-0.04537,0.03392,-0.03753,1.41371,-0.02242,
1703261889264236288,-0.48049,3.30109,-0.06788,0.58496,-0.80915,-0.04513,0.03251,-0.13395,1.35032,0.00169,
1703261889397663488,-0.51078,3.48018,-0.06793,0.58440,-0.80937,-0.04787,0.03315,-0.20118,1.31260,-0.00345,
1703261889531089664,-0.54802,3.65763,-0.07253,0.58343,-0.80976,-0.05144,0.03535,-0.28861,1.31459,0.00267,
1703261889664515072,-0.58360,3.82701,-0.07237,0.58405,-0.80907,-0.05390,0.03722,-0.25108,1.33576,-0.11034,
1703261889864651776,-0.63214,4.07548,-0.07189,0.58297,-0.80930,-0.05901,0.04123,-0.11452,1.24855,-0.03308,
1703261889998074624,-0.64092,4.24076,-0.06476,0.58511,-0.80794,-0.05609,0.04172,-0.04319,1.26957,-0.05856,
1703261890131496192,-0.64700,4.40500,-0.06543,0.58495,-0.80827,-0.05307,0.04150,-0.05527,1.17806,0.02552,
1703261890331626752,-0.67420,4.64084,-0.06443,0.58497,-0.80823,-0.05303,0.04193,-0.09327,1.17156,-0.05118,
1703261890465046016,-0.68043,4.79345,-0.06076,0.58557,-0.80800,-0.05023,0.04160,0.01188,1.12055,0.01388,
1703261890598463744,-0.68425,4.94571,-0.05954,0.58525,-0.80843,-0.04744,0.04083,-0.04047,1.06815,0.04909,
1703261890731881984,-0.69979,5.09076,-0.05884,0.58485,-0.80879,-0.04704,0.04004,-0.09949,1.04526,0.01752,
1703261890865302016,-0.71755,5.22905,-0.05670,0.58534,-0.80847,-0.04726,0.03891,-0.10594,1.04246,0.00180,
1703261890998720768,-0.73220,5.36183,-0.05485,0.58580,-0.80823,-0.04675,0.03762,-0.12416,1.00964,0.01918,
1703261891132138240,-0.74185,5.49111,-0.05203,0.58720,-0.80731,-0.04529,0.03744,-0.08259,1.00756,-0.09019,
1703261891265554688,-0.75816,5.61559,-0.05407,0.58635,-0.80783,-0.04685,0.03765,-0.07107,0.90095,0.03729,
1703261891465677312,-0.77421,5.79587,-0.05627,0.58618,-0.80806,-0.04582,0.03654,-0.07906,0.91062,-0.01807,
1703261891599090944,-0.78490,5.90782,-0.05422,0.58691,-0.80752,-0.04610,0.03629,-0.03374,0.82015,0.00500,
1703261891732505088,-0.79195,6.01612,-0.05585,0.58672,-0.80774,-0.04523,0.03550,-0.00133,0.84381,-0.04523,
1703261891999331840,-0.79754,6.21916,-0.05740,0.58618,-0.80830,-0.04245,0.03523,0.05031,0.73810,0.01162,
1703261892132743680,-0.79019,6.31715,-0.06173,0.58564,-0.80899,-0.03822,0.03309,-0.00791,0.68468,0.02683,
1703261892266153984,-0.79850,6.40821,-0.06113,0.58532,-0.80917,-0.03881,0.03364,-0.06249,0.68359,0.01134,
1703261892399563264,-0.80377,6.49590,-0.06435,0.58520,-0.80921,-0.03884,0.03485,0.02796,0.67874,-0.07680,
1703261892532971008,-0.79924,6.57774,-0.06033,0.58616,-0.80868,-0.03627,0.03388,0.06268,0.62376,-0.01875,
1703261892733083136,-0.78842,6.70235,-0.06800,0.58479,-0.80999,-0.03208,0.03015,-0.01434,0.65236,-0.05049,
1703261892866499072,-0.80143,6.78164,-0.06942,0.58522,-0.80956,-0.03384,0.03139,-0.11834,0.61286,-0.01233,
1703261892999914240,-0.80914,6.86212,-0.07025,0.58505,-0.80966,-0.03437,0.03138,0.03611,0.60683,0.00431,
1703261893133327872,-0.80200,6.94446,-0.07070,0.58515,-0.80979,-0.03123,0.02949,0.01364,0.61813,-0.01128,
1703261893333446656,-0.81146,7.06437,-0.07045,0.58497,-0.80990,-0.03169,0.02968,-0.04108,0.57207,0.00277,
1703261893533563136,-0.81767,7.18044,-0.06995,0.58552,-0.80958,-0.03082,0.02829,0.02638,0.59619,-0.05001,
1703261893666972928,-0.81947,7.26245,-0.07110,0.58550,-0.80961,-0.03036,0.02823,0.00071,0.67169,-0.06222,
1703261893800386304,-0.82126,7.34871,-0.07394,0.58560,-0.80957,-0.02941,0.02848,0.01458,0.68789,-0.02234,
1703261893933798912,-0.82024,7.43791,-0.07564,0.58554,-0.80974,-0.02739,0.02677,0.01031,0.68872,-0.00883,
1703261894067210496,-0.82330,7.52690,-0.07424,0.58573,-0.80963,-0.02765,0.02548,-0.00917,0.65966,0.00721,
1703261894200620800,-0.82391,7.61436,-0.07498,0.58540,-0.80995,-0.02690,0.02375,-0.00076,0.63192,0.03705,
1703261894334030592,-0.83628,7.70555,-0.07954,0.58419,-0.81077,-0.02748,0.02483,-0.14660,0.68085,0.00287,
1703261894467438848,-0.84814,7.79558,-0.07837,0.58523,-0.80986,-0.03000,0.02723,-0.00853,0.70191,-0.01622,
1703261894600846592,-0.83892,7.89298,-0.07904,0.58554,-0.80980,-0.02708,0.02526,0.09241,0.73683,-0.01169,
1703261894734254848,-0.83978,7.99346,-0.07853,0.58547,-0.81000,-0.02434,0.02292,-0.09601,0.75505,0.00633,
1703261894867668224,-0.85591,8.09342,-0.07903,0.58562,-0.80978,-0.02675,0.02425,-0.08297,0.77753,-0.01477,
1703261895001080576,-0.86214,8.19804,-0.08313,0.58409,-0.81076,-0.02777,0.02702,-0.00461,0.74936,0.02634,
1703261895134492160,-0.85166,8.30065,-0.08271,0.58558,-0.80986,-0.02462,0.02498,0.12721,0.82152,-0.02449,
1703261895267902976,-0.84477,8.41029,-0.08334,0.58547,-0.81011,-0.02117,0.02231,-0.04452,0.81114,0.01391,
1703261895401312512,-0.85702,8.52192,-0.08359,0.58545,-0.81005,-0.02310,0.02325,-0.11071,0.84387,0.00909,
1703261895534721280,-0.86549,8.63513,-0.08392,0.58604,-0.80958,-0.02389,0.02371,-0.00909,0.88673,-0.03066,
1703261895668129280,-0.86597,8.74975,-0.08278,0.58627,-0.80951,-0.02195,0.02248,0.02681,0.83128,0.03529,
1703261895801542144,-0.86532,8.86443,-0.08291,0.58668,-0.80930,-0.02054,0.02028,-0.00878,0.82982,0.04350,
1703261895934956544,-0.87309,8.97973,-0.08408,0.58642,-0.80946,-0.02071,0.02159,-0.12537,0.90124,-0.04544,
1703261896068370176,-0.88764,9.09801,-0.08458,0.58641,-0.80935,-0.02286,0.02352,-0.07006,0.90655,0.00990,
1703261896201782784,-0.89554,9.21824,-0.08655,0.58527,-0.81023,-0.02267,0.02183,-0.01753,0.87837,0.02643,
1703261896335194880,-0.90032,9.33715,-0.08568,0.58623,-0.80960,-0.02128,0.02076,-0.07316,0.93862,-0.01119,
1703261896468605952,-0.90532,9.45598,-0.08346,0.58714,-0.80894,-0.02168,0.02044,-0.02111,0.87059,0.02325,
1703261896602016768,-0.91678,9.58146,-0.08661,0.58634,-0.80940,-0.02403,0.02241,-0.06811,0.92533,0.00455,
1703261896735427584,-0.92355,9.70749,-0.08741,0.58649,-0.80931,-0.02365,0.02213,-0.02307,0.94229,0.01026,
1703261896868842240,-0.92601,9.83446,-0.08936,0.58637,-0.80944,-0.02286,0.02138,-0.00016,0.95281,-0.00859,
1703261897002256384,-0.92939,9.96270,-0.08957,0.58644,-0.80941,-0.02255,0.02076,-0.03280,0.97460,-0.01507,
1703261897135669504,-0.93579,10.09028,-0.08778,0.58677,-0.80918,-0.02252,0.02044,-0.03366,0.95377,-0.01377,
1703261897269082112,-0.93682,10.22010,-0.09342,0.58536,-0.81018,-0.02178,0.02194,0.00679,0.95206,0.00191,
1703261897402493952,-0.93342,10.34645,-0.09245,0.58627,-0.80959,-0.02022,0.02101,0.02019,0.97664,-0.04132,
1703261897535905024,-0.93790,10.47386,-0.09154,0.58632,-0.80961,-0.01958,0.01933,-0.05264,0.95311,-0.05058,
1703261897669315328,-0.94462,10.60172,-0.09515,0.58548,-0.81019,-0.01965,0.02047,-0.05624,0.90921,0.04480,
1703261897802731520,-0.94850,10.72725,-0.09619,0.58574,-0.81000,-0.01970,0.02073,-0.01760,0.92645,0.01768,
1703261897936149760,-0.95131,10.85159,-0.09641,0.58608,-0.80977,-0.01938,0.02031,-0.01325,0.95681,-0.03911,
1703261898069568000,-0.95523,10.97382,-0.09615,0.58631,-0.80961,-0.01968,0.01961,-0.04955,0.92988,0.00190,
1703261898202985216,-0.96090,11.09669,-0.09748,0.58602,-0.80984,-0.01951,0.01918,-0.06118,0.92464,0.00270,
1703261898336402432,-0.97589,11.21679,-0.09612,0.58669,-0.80926,-0.02163,0.02051,-0.10862,0.89717,0.02491,
1703261898469818880,-1.00000,11.33874,-0.09837,0.58628,-0.80944,-0.02488,0.02165,-0.20235,0.89789,0.00159,
1703261898603234816,-1.02902,11.45939,-0.10086,0.58619,-0.80931,-0.02877,0.02368,-0.20091,0.91592,0.00342,
1703261898736652800,-1.05113,11.57823,-0.09940,0.58697,-0.80860,-0.03136,0.02550,-0.16869,0.89572,0.01510,
1703261898870078208,-1.06456,11.69929,-0.09991,0.58616,-0.80911,-0.03273,0.02603,-0.07994,0.90400,-0.02744,
1703261899003503616,-1.06949,11.81881,-0.09885,0.58687,-0.80860,-0.03192,0.02723,-0.05016,0.93043,-0.03681,
1703261899136929024,-1.07135,11.93964,-0.10008,0.58633,-0.80902,-0.03097,0.02710,-0.01567,0.88287,0.01875,
1703261899270353920,-1.07682,12.05928,-0.09930,0.58685,-0.80871,-0.03029,0.02604,-0.04917,0.90303,-0.01023,
1703261899403779072,-1.08586,12.18085,-0.10174,0.58661,-0.80889,-0.02995,0.02614,-0.05924,0.89692,-0.00305,
1703261899537203712,-1.08767,12.30010,-0.10430,0.58563,-0.80961,-0.02911,0.02691,-0.01366,0.87435,-0.02868,
1703261899737340672,-1.08926,12.47039,-0.10486,0.58624,-0.80918,-0.02799,0.02767,-0.02247,0.82919,0.01309,
1703261899870763264,-1.10070,12.58406,-0.10555,0.58571,-0.80967,-0.02724,0.02526,-0.12952,0.85572,0.00479,
1703261900004185600,-1.12261,12.69414,-0.10542,0.58651,-0.80900,-0.02950,0.02559,-0.12235,0.84383,0.00832,
1703261900137607936,-1.13285,12.80570,-0.10745,0.58656,-0.80886,-0.03091,0.02725,-0.02630,0.85397,-0.01533,
1703261900271030272,-1.13347,12.91812,-0.10976,0.58655,-0.80891,-0.02943,0.02728,-0.01967,0.84126,0.01626,
1703261900404452096,-1.13822,13.03128,-0.10925,0.58700,-0.80866,-0.02830,0.02639,-0.11017,0.84400,0.00548,
1703261900537873920,-1.15512,13.14712,-0.11024,0.58632,-0.80906,-0.03044,0.02706,-0.12573,0.84025,0.01646,
1703261900671295744,-1.16618,13.25787,-0.10674,0.58723,-0.80833,-0.03128,0.02812,-0.04698,0.83897,-0.00031,
1703261900804718592,-1.16982,13.37294,-0.10881,0.58694,-0.80862,-0.03021,0.02699,-0.05711,0.87547,-0.02073,
1703261900938141696,-1.18053,13.48699,-0.10874,0.58664,-0.80879,-0.03093,0.02763,-0.11654,0.84546,-0.01418,
1703261901071565056,-1.19350,13.59786,-0.10625,0.58690,-0.80848,-0.03189,0.02994,-0.08587,0.80733,0.06580,
1703261901204988416,-1.20085,13.70627,-0.10237,0.58815,-0.80761,-0.03198,0.02860,-0.04961,0.86294,-0.07336,
1703261901338411520,-1.21113,13.81905,-0.10643,0.58729,-0.80829,-0.03198,0.02702,-0.13973,0.81774,0.02407,
1703261901471834368,-1.24079,13.92818,-0.10761,0.58719,-0.80809,-0.03576,0.03034,-0.34746,0.83916,-0.03959,
1703261901605256960,-1.28128,14.03729,-0.10835,0.58670,-0.80798,-0.04249,0.03390,-0.23335,0.83130,-0.02425,
1703261901738680320,-1.30240,14.14918,-0.10971,0.58603,-0.80835,-0.04352,0.03526,-0.07990,0.82290,0.03319,
1703261901872105472,-1.31235,14.25835,-0.10673,0.58660,-0.80789,-0.04324,0.03675,-0.07094,0.80479,0.01953,
1703261902005531392,-1.32026,14.36810,-0.10592,0.58709,-0.80757,-0.04287,0.03632,-0.10360,0.85088,-0.03702,
1703261902138956544,-1.33250,14.48144,-0.10738,0.58721,-0.80756,-0.04228,0.03513,-0.09415,0.85062,-0.01453,
1703261902272381952,-1.34652,14.59625,-0.10755,0.58690,-0.80770,-0.04287,0.03648,-0.07249,0.85745,-0.00184,
1703261902405807360,-1.35186,14.71149,-0.10668,0.58720,-0.80752,-0.04208,0.03661,-0.02445,0.86012,-0.00633,
1703261902539232768,-1.35769,14.83055,-0.10909,0.58651,-0.80816,-0.04092,0.03484,-0.06001,0.88536,0.00418,
1703261902672658176,-1.36805,14.94612,-0.10703,0.58711,-0.80773,-0.04070,0.03484,-0.09046,0.87990,-0.00020,
1703261902806083328,-1.37716,15.06482,-0.10780,0.58701,-0.80785,-0.04039,0.03414,-0.05600,0.89783,-0.01246,
1703261902939508224,-1.38143,15.18401,-0.10855,0.58726,-0.80775,-0.03885,0.03401,-0.03655,0.88662,0.00997,
1703261903072933376,-1.38891,15.30295,-0.10927,0.58635,-0.80839,-0.03845,0.03501,-0.04795,0.85960,0.01923,
1703261903206358528,-1.39473,15.41682,-0.10698,0.58690,-0.80806,-0.03763,0.03435,-0.06491,0.85487,0.00036,
1703261903339783168,-1.39875,15.52620,-0.10533,0.58685,-0.80842,-0.03570,0.02797,-0.05109,0.78870,0.00476,
1703261903473208064,-1.41900,15.63283,-0.10776,0.58806,-0.80742,-0.03683,0.02996,-0.20554,0.88325,-0.10256,
1703261903606632960,-1.44820,15.74840,-0.11328,0.58660,-0.80808,-0.04171,0.03431,-0.14993,0.81583,0.07177,
1703261903740057856,-1.45573,15.86441,-0.11366,0.58615,-0.80838,-0.04150,0.03502,-0.01265,0.88277,-0.02077,
1703261903873481472,-1.45906,15.97615,-0.10997,0.58729,-0.80773,-0.04003,0.03257,-0.06511,0.81707,0.00447,
1703261904006905344,-1.48269,16.08961,-0.11377,0.58667,-0.80799,-0.04204,0.03469,-0.23598,0.84316,0.02864,
1703261904140328960,-1.51535,16.20067,-0.11268,0.58747,-0.80698,-0.04733,0.03775,-0.15734,0.85695,-0.01466,
1703261904273752576,-1.51937,16.31604,-0.11213,0.58740,-0.80718,-0.04604,0.03605,0.05023,0.88038,-0.03651,
1703261904407175680,-1.51851,16.43358,-0.11285,0.58747,-0.80738,-0.04266,0.03477,-0.04418,0.87607,0.01395,
1703261904540599296,-1.53346,16.55405,-0.11405,0.58700,-0.80761,-0.04410,0.03533,-0.13201,0.89462,0.00014,
1703261904674022656,-1.54756,16.67214,-0.11231,0.58731,-0.80732,-0.04519,0.03559,-0.05519,0.87305,0.00221,
1703261904807445248,-1.55286,16.79300,-0.11441,0.58705,-0.80761,-0.04343,0.03537,-0.03618,0.92712,-0.02142,
1703261904940867584,-1.56050,16.91116,-0.11302,0.58739,-0.80739,-0.04290,0.03530,-0.05957,0.89945,0.00566,
1703261905074289920,-1.57483,17.03272,-0.11270,0.58762,-0.80711,-0.04408,0.03644,-0.12891,0.91669,-0.00872,
1703261905207712000,-1.59302,17.15437,-0.11263,0.58687,-0.80768,-0.04519,0.03458,-0.10474,0.87777,0.02606,
1703261905341133824,-1.60691,17.27199,-0.11241,0.58786,-0.80700,-0.04418,0.03499,-0.10153,0.85880,0.02263,
1703261905474555648,-1.62405,17.39159,-0.11336,0.58843,-0.80634,-0.04676,0.03713,-0.03348,0.94184,-0.01530,
1703261905607977728,-1.63014,17.51491,-0.11399,0.58806,-0.80665,-0.04543,0.03791,-0.01827,0.92183,-0.00736,
1703261905741399296,-1.64042,17.63574,-0.11475,0.58817,-0.80673,-0.04386,0.03631,-0.12397,0.88825,0.01262,
1703261905874820352,-1.66360,17.75634,-0.11510,0.58814,-0.80662,-0.04540,0.03748,-0.19931,0.91906,-0.02279,
1703261906008241664,-1.68709,17.87462,-0.11436,0.58768,-0.80679,-0.04820,0.03732,-0.13289,0.88325,0.01049,
1703261906141662976,-1.71000,17.98708,-0.11011,0.58923,-0.80557,-0.04946,0.03769,-0.20008,0.87508,-0.02618,
1703261906275084032,-1.73808,18.10731,-0.11334,0.58751,-0.80654,-0.05285,0.03909,-0.11874,0.84276,0.06511,
1703261906408505088,-1.74504,18.22611,-0.11215,0.58858,-0.80587,-0.05182,0.03821,0.00671,0.94033,-0.05230,
1703261906541925888,-1.74197,18.34379,-0.11061,0.58922,-0.80571,-0.04818,0.03634,-0.00481,0.88860,-0.04165,
1703261906675346688,-1.75185,18.46211,-0.10707,0.58959,-0.80545,-0.04789,0.03665,-0.09294,0.86453,0.02730,
1703261906808766720,-1.75937,18.58114,-0.10793,0.58918,-0.80589,-0.04680,0.03478,-0.01805,0.88878,-0.01425,
1703261906942185984,-1.76273,18.69974,-0.10407,0.58969,-0.80573,-0.04380,0.03378,-0.03366,0.86235,0.03256,
1703261907075604736,-1.77257,18.81909,-0.10783,0.58843,-0.80676,-0.04373,0.03124,-0.08550,0.86898,-0.01188,
1703261907209023488,-1.79010,18.93608,-0.10712,0.58915,-0.80623,-0.04479,0.02971,-0.12932,0.91353,-0.03419,
1703261907342441984,-1.80427,19.05699,-0.10831,0.58902,-0.80625,-0.04581,0.03033,-0.03023,0.90174,-0.01482,
1703261907475860480,-1.80242,19.17990,-0.10841,0.58889,-0.80646,-0.04412,0.02995,0.06023,0.90398,0.02523,
1703261907609278976,-1.79632,19.30340,-0.10986,0.58874,-0.80685,-0.04066,0.02710,0.06220,0.90590,-0.00147,
1703261907742697216,-1.78766,19.42688,-0.11008,0.58899,-0.80699,-0.03684,0.02249,0.09419,0.92527,-0.02624,
1703261907876116224,-1.77484,19.55166,-0.11024,0.58906,-0.80718,-0.03321,0.01925,0.10764,0.91314,0.00541,
1703261908009534976,-1.76485,19.67451,-0.11035,0.58802,-0.80815,-0.03002,0.01522,0.08128,0.87809,0.01868,
1703261908142953984,-1.75751,19.79262,-0.10852,0.58967,-0.80709,-0.02679,0.01324,0.06641,0.93470,-0.07427,
1703261908276372736,-1.75145,19.91514,-0.11064,0.58904,-0.80758,-0.02487,0.01512,0.01041,0.93615,-0.03441,
1703261908409790720,-1.75066,20.03836,-0.11027,0.58868,-0.80786,-0.02452,0.01467,0.03407,0.89920,0.02573,
1703261908543208960,-1.75506,20.15970,-0.11332,0.58810,-0.80832,-0.02316,0.01493,-0.07125,0.92672,-0.02985,
1703261908676627200,-1.76448,20.28186,-0.11655,0.58649,-0.80947,-0.02387,0.01463,-0.02405,0.88688,-0.00212,
1703261908810043648,-1.76625,20.39894,-0.11840,0.58700,-0.80914,-0.02296,0.01369,-0.00277,0.86522,0.02374,
1703261908943458048,-1.76933,20.51676,-0.11610,0.58784,-0.80854,-0.02224,0.01428,-0.09150,0.89352,0.01452,
1703261909076872448,-1.78172,20.63590,-0.11482,0.58850,-0.80801,-0.02411,0.01429,-0.09797,0.94327,-0.04729,
1703261909210286336,-1.78580,20.75480,-0.11672,0.58611,-0.80982,-0.02260,0.01218,-0.02388,0.86112,0.00489,
1703261909343700224,-1.79652,20.86789,-0.11427,0.58764,-0.80868,-0.02297,0.01392,-0.13253,0.88281,-0.01635,
1703261909477113600,-1.81309,20.98629,-0.11451,0.58725,-0.80876,-0.02749,0.01693,-0.12497,0.89227,0.02099,
1703261909610526976,-1.81903,21.09773,-0.11022,0.58841,-0.80794,-0.02779,0.01519,0.01443,0.79655,0.04919,
1703261909743940608,-1.82155,21.20431,-0.10583,0.58942,-0.80732,-0.02444,0.01479,-0.12560,0.80168,-0.00865,
1703261909877357568,-1.85142,21.31931,-0.11673,0.58726,-0.80865,-0.02965,0.01800,-0.22660,0.89421,-0.05210,
1703261910010774016,-1.87090,21.42926,-0.11407,0.58714,-0.80859,-0.03452,0.01591,-0.02047,0.79194,0.03162,
1703261910144190208,-1.87096,21.53485,-0.11220,0.58890,-0.80748,-0.03126,0.01431,-0.05258,0.84122,-0.03209,
1703261910277606400,-1.88647,21.64977,-0.12069,0.58652,-0.80907,-0.03326,0.01726,-0.14766,0.86748,-0.04956,
1703261910411022336,-1.90158,21.75743,-0.11446,0.58811,-0.80775,-0.03634,0.01864,-0.10266,0.84395,-0.01130,
1703261910544438016,-1.90624,21.86905,-0.11598,0.58735,-0.80837,-0.03533,0.01747,-0.03034,0.81933,0.00613,
1703261910677853696,-1.91068,21.98008,-0.11798,0.58773,-0.80812,-0.03412,0.01870,-0.05329,0.86318,-0.04828,
1703261910811270912,-1.91312,22.09477,-0.11644,0.58777,-0.80808,-0.03434,0.01874,-0.06444,0.87093,-0.01366,
1703261910944689152,-1.91748,22.21311,-0.11929,0.58747,-0.80836,-0.03336,0.01795,-0.02918,0.92058,-0.07320,
1703261911078106880,-1.92308,22.33582,-0.12442,0.58656,-0.80904,-0.03236,0.01891,-0.04849,0.93264,-0.02540,
1703261911211524864,-1.92708,22.45843,-0.12322,0.58656,-0.80906,-0.03180,0.01908,-0.02889,0.90485,0.00856,
1703261911344942592,-1.93422,22.58296,-0.12615,0.58527,-0.81001,-0.03121,0.01922,-0.08605,0.93536,-0.02814,
1703261911478360064,-1.94723,22.70439,-0.12631,0.58475,-0.81037,-0.03216,0.01822,-0.07142,0.93877,-0.01565,
1703261911611777536,-1.95793,22.82091,-0.12297,0.58515,-0.81015,-0.03205,0.01529,-0.11178,0.87400,0.00166,
1703261911745194752,-1.97326,22.93477,-0.12097,0.58674,-0.80892,-0.03310,0.01712,-0.11987,0.89530,0.00082,
1703261911878610432,-1.98588,23.05478,-0.12234,0.58645,-0.80897,-0.03607,0.01857,-0.03553,0.88921,-0.00814,
1703261912012025600,-1.99007,23.17013,-0.11837,0.58688,-0.80877,-0.03558,0.01440,-0.01205,0.80866,0.07727,
1703261912145440768,-2.00090,23.28001,-0.11923,0.58752,-0.80838,-0.03370,0.01449,-0.17850,0.86258,-0.08550,
1703261912278855936,-2.03217,23.39700,-0.12666,0.58583,-0.80925,-0.03935,0.01931,-0.20610,0.87595,-0.03326,
1703261912412270848,-2.04799,23.51398,-0.12770,0.58500,-0.80969,-0.04220,0.02006,-0.02180,0.81736,0.03446,
1703261912545685248,-2.05338,23.62666,-0.12480,0.58586,-0.80921,-0.04048,0.01737,-0.05031,0.81028,0.05729,
1703261912679099904,-2.06855,23.73618,-0.12594,0.58647,-0.80877,-0.04025,0.01780,-0.19675,0.84868,-0.07446,
1703261912812515584,-2.09907,23.84830,-0.12868,0.58628,-0.80857,-0.04517,0.02134,-0.16094,0.82560,0.04071,
1703261912945931520,-2.10788,23.96290,-0.13000,0.58682,-0.80809,-0.04530,0.02431,0.01647,0.92106,-0.08843,
1703261913079347456,-2.10218,24.08365,-0.12973,0.58682,-0.80825,-0.04265,0.02349,0.07024,0.87540,0.00798,
1703261913212763136,-2.10629,24.20655,-0.13432,0.58563,-0.80923,-0.04071,0.02286,-0.13417,0.87533,0.02485,
1703261913346179072,-2.12840,24.31963,-0.12826,0.58735,-0.80785,-0.04330,0.02301,-0.17860,0.84025,-0.00903,
1703261913479594240,-2.15830,24.43886,-0.13484,0.58496,-0.80924,-0.04759,0.02635,-0.16466,0.81505,0.10420,
1703261913613009408,-2.16647,24.54936,-0.12858,0.58686,-0.80796,-0.04720,0.02385,-0.01306,0.86450,-0.05870,
1703261913746424832,-2.17284,24.66362,-0.13333,0.58590,-0.80875,-0.04562,0.02397,-0.06916,0.81187,0.03623,
1703261913879840256,-2.18092,24.77448,-0.13144,0.58597,-0.80869,-0.04611,0.02291,-0.08830,0.85196,-0.03401,
1703261914013255168,-2.19457,24.88570,-0.13451,0.58531,-0.80921,-0.04551,0.02279,-0.11312,0.82814,-0.00246,
1703261914146669824,-2.20827,24.99772,-0.13282,0.58619,-0.80844,-0.04603,0.02616,0.03012,0.86245,0.01749,
1703261914280084480,-2.19653,25.11273,-0.13046,0.58682,-0.80815,-0.04317,0.02594,0.12934,0.90797,-0.06209,
1703261914413499136,-2.18736,25.23122,-0.13672,0.58527,-0.80964,-0.03870,0.02088,0.01701,0.81230,0.00953,
1703261914546913280,-2.20854,25.34115,-0.13694,0.58546,-0.80949,-0.03857,0.02206,-0.34220,0.85217,-0.07226,
1703261914680327424,-2.25048,25.45338,-0.13900,0.58555,-0.80879,-0.04695,0.02794,-0.19794,0.85440,0.01148,
1703261914813743104,-2.24668,25.57121,-0.13869,0.58543,-0.80900,-0.04509,0.02746,0.17826,0.85688,0.03357,
1703261914947160576,-2.23426,25.68937,-0.13648,0.58624,-0.80885,-0.03967,0.02243,0.04887,0.84175,0.03609,
1703261915080577536,-2.24422,25.79949,-0.13236,0.58744,-0.80805,-0.03802,0.02302,-0.25273,0.83635,0.00023,
1703261915213994752,-2.28327,25.91673,-0.14512,0.58414,-0.81001,-0.04609,0.02350,-0.24077,0.89767,-0.06911,
1703261915347411712,-2.30106,26.02795,-0.14325,0.58572,-0.80875,-0.04698,0.02559,-0.07757,0.88419,-0.03676,
1703261915480828416,-2.29627,26.14903,-0.14760,0.58360,-0.81051,-0.04418,0.02317,0.11938,0.83994,0.06312,
1703261915614245376,-2.29133,26.26635,-0.14778,0.58327,-0.81102,-0.04050,0.02016,-0.07076,0.85249,0.01266,
1703261915747662336,-2.31566,26.38161,-0.14799,0.58318,-0.81094,-0.04311,0.02073,-0.21122,0.86919,0.00110,
1703261915881080064,-2.34294,26.49319,-0.14479,0.58502,-0.80935,-0.04639,0.02379,-0.14335,0.87102,-0.02135,
1703261916014497536,-2.35986,26.61221,-0.14843,0.58464,-0.80941,-0.04815,0.02707,-0.04310,0.89816,0.01932,
1703261916147915008,-2.36470,26.73197,-0.14992,0.58366,-0.81005,-0.04809,0.02925,-0.00748,0.87402,0.02267,
1703261916281332480,-2.36726,26.85714,-0.15159,0.58314,-0.81065,-0.04584,0.02640,-0.02358,0.91498,-0.01013,
1703261916414749952,-2.38101,26.97419,-0.14968,0.58523,-0.80927,-0.04399,0.02530,-0.13819,0.90670,-0.01178,
1703261916548167168,-2.40195,27.09780,-0.14921,0.58558,-0.80878,-0.04729,0.02704,-0.08770,0.91195,0.01938,
1703261916681584128,-2.41403,27.22047,-0.15116,0.58554,-0.80867,-0.04822,0.02947,-0.06335,0.95330,-0.02564,
1703261916815003904,-2.42892,27.34366,-0.15200,0.58441,-0.80955,-0.04829,0.02746,-0.09237,0.89749,-0.01373,
1703261916948425472,-2.45324,27.46094,-0.14859,0.58574,-0.80862,-0.04882,0.02560,-0.20838,0.85354,0.05587,
1703261917081847040,-2.47304,27.57711,-0.15108,0.58654,-0.80780,-0.05112,0.02858,-0.01717,0.93935,-0.06899,
1703261917215268864,-2.46405,27.69637,-0.14685,0.58756,-0.80714,-0.04833,0.03093,0.18590,0.91265,0.00457,
1703261917348690432,-2.44510,27.82064,-0.14798,0.58732,-0.80776,-0.04229,0.02817,0.10483,0.90832,0.00240,
1703261917482112256,-2.43849,27.94269,-0.14772,0.58728,-0.80814,-0.03729,0.02482,-0.02797,0.91621,-0.01547,
1703261917615533824,-2.45023,28.06410,-0.14938,0.58647,-0.80870,-0.03806,0.02474,-0.10946,0.89615,0.00117,
1703261917748955648,-2.44967,28.18500,-0.14712,0.58741,-0.80807,-0.03734,0.02392,0.06052,0.96755,-0.06135,
1703261917882381056,-2.43398,28.30784,-0.14586,0.58778,-0.80808,-0.03239,0.02184,0.13688,0.93092,-0.02072,
1703261918015806208,-2.42781,28.43262,-0.14798,0.58710,-0.80874,-0.02940,0.01985,-0.04958,0.91232,0.02158,
1703261918149231616,-2.44733,28.55191,-0.14553,0.58732,-0.80849,-0.03210,0.01911,-0.17531,0.91123,-0.00246,
1703261918282657024,-2.47082,28.67026,-0.14813,0.58681,-0.80869,-0.03462,0.02170,-0.16273,0.92228,-0.02918,
1703261918416082944,-2.48402,28.78942,-0.14880,0.58733,-0.80827,-0.03561,0.02182,-0.03287,0.93984,-0.03519,
1703261918549508864,-2.48537,28.91025,-0.14699,0.58776,-0.80803,-0.03447,0.02063,-0.01970,0.90369,-0.01237,
1703261918682934528,-2.48965,29.03230,-0.14735,0.58818,-0.80779,-0.03333,0.02041,-0.05841,0.93698,-0.03794,
1703261918816360192,-2.49894,29.15484,-0.15020,0.58717,-0.80852,-0.03329,0.02061,-0.02759,0.89872,0.01306,
1703261918949786112,-2.50077,29.27639,-0.15067,0.58602,-0.80941,-0.03224,0.02004,0.02988,0.88277,0.03133,
1703261919083211776,-2.50018,29.39478,-0.14926,0.58665,-0.80902,-0.03074,0.01928,-0.03179,0.90103,0.00659,
1703261919216637952,-2.50649,29.51210,-0.14721,0.58680,-0.80889,-0.03109,0.01973,-0.09788,0.89471,0.00531,
1703261919350064384,-2.51419,29.63126,-0.14779,0.58665,-0.80905,-0.03110,0.01752,-0.03957,0.93460,-0.04733,
1703261919483490816,-2.51923,29.75007,-0.14865,0.58647,-0.80925,-0.03015,0.01646,-0.02384,0.87592,0.02110,
1703261919616917248,-2.52205,29.86895,-0.14854,0.58650,-0.80920,-0.03045,0.01658,0.00094,0.89466,0.00078,
1703261919750343424,-2.52474,29.98699,-0.14830,0.58704,-0.80875,-0.03098,0.01834,0.01249,0.88872,0.00240,
1703261919883755264,-2.52296,30.10882,-0.15041,0.58659,-0.80915,-0.02937,0.01795,-0.00477,0.92019,-0.00289,
1703261920017166592,-2.52623,30.22832,-0.15066,0.58704,-0.80894,-0.02764,0.01512,-0.03212,0.91198,-0.01707,
1703261920150577664,-2.53457,30.34848,-0.15155,0.58742,-0.80864,-0.02827,0.01546,-0.02889,0.90209,-0.00536,
1703261920283988992,-2.53384,30.47050,-0.15452,0.58690,-0.80902,-0.02800,0.01597,0.02650,0.89947,0.00183,
1703261920417399808,-2.53484,30.59093,-0.15375,0.58760,-0.80855,-0.02709,0.01543,-0.02496,0.92740,-0.03184,
1703261920550810880,-2.54240,30.70868,-0.15304,0.58753,-0.80862,-0.02702,0.01484,-0.02194,0.91189,-0.03166,
1703261920684221184,-2.54964,30.82766,-0.15225,0.58735,-0.80875,-0.02706,0.01486,-0.04628,0.89086,-0.00892,
1703261920817625856,-2.56399,30.94508,-0.15376,0.58705,-0.80888,-0.02867,0.01644,-0.18074,0.90349,-0.05125,
1703261920951023104,-2.58152,31.06125,-0.15699,0.58664,-0.80910,-0.03033,0.01707,-0.10377,0.89546,-0.02132,
1703261921084420352,-2.59109,31.17584,-0.15663,0.58685,-0.80895,-0.03042,0.01665,-0.03475,0.85347,0.01808,
1703261921217816832,-2.59856,31.29055,-0.15795,0.58686,-0.80895,-0.03057,0.01598,-0.03682,0.87835,-0.00690,
1703261921351213056,-2.60476,31.40815,-0.15927,0.58688,-0.80894,-0.03040,0.01664,-0.08263,0.88255,-0.00909,
1703261921484608512,-2.62117,31.52528,-0.15950,0.58671,-0.80897,-0.03224,0.01737,-0.13441,0.88156,-0.01832,
1703261921618003456,-2.63882,31.63978,-0.15878,0.58652,-0.80909,-0.03323,0.01648,-0.11752,0.85580,-0.00714,
1703261921751393536,-2.65524,31.75563,-0.15905,0.58660,-0.80896,-0.03408,0.01782,-0.10146,0.87665,-0.00255,
1703261921884778752,-2.66733,31.87006,-0.15920,0.58629,-0.80905,-0.03628,0.01981,-0.07012,0.86547,0.01039,
1703261922018163200,-2.67340,31.98400,-0.15935,0.58630,-0.80901,-0.03627,0.02091,-0.02010,0.86150,0.01315,
1703261922151546880,-2.68239,32.10136,-0.16113,0.58611,-0.80922,-0.03517,0.02020,-0.11191,0.88609,-0.03125,
1703261922284929536,-2.70182,32.21608,-0.16004,0.58657,-0.80885,-0.03622,0.01969,-0.14745,0.87138,-0.02279,
1703261922418311680,-2.72179,32.32972,-0.15916,0.58715,-0.80824,-0.03918,0.02161,-0.13287,0.86764,-0.00352,
1703261922551692800,-2.73970,32.44803,-0.16146,0.58642,-0.80858,-0.04180,0.02353,-0.11568,0.86215,0.01848,
1703261922685072896,-2.75290,32.56662,-0.16417,0.58600,-0.80892,-0.04139,0.02324,-0.09068,0.86785,0.01155,
1703261922818468608,-2.76702,32.68305,-0.16331,0.58695,-0.80819,-0.04178,0.02406,-0.11906,0.87884,0.01391,
1703261922951844352,-2.78341,32.80062,-0.16256,0.58685,-0.80809,-0.04412,0.02553,-0.11630,0.89338,-0.02184,
1703261923085219328,-2.79670,32.91864,-0.16152,0.58698,-0.80795,-0.04459,0.02609,-0.09199,0.88150,0.00714,
1703261923218593536,-2.80871,33.03507,-0.16057,0.58745,-0.80768,-0.04395,0.02483,-0.03845,0.89906,-0.05253,
1703261923351966720,-2.81296,33.15459,-0.16349,0.58704,-0.80800,-0.04296,0.02595,-0.01496,0.89332,0.01161,
1703261923485338368,-2.81487,33.27508,-0.16383,0.58674,-0.80832,-0.04141,0.02529,-0.00885,0.89014,0.01598,
1703261923618709504,-2.82646,33.39274,-0.16498,0.58686,-0.80827,-0.04089,0.02494,-0.15113,0.90481,-0.00061,
1703261923752080384,-2.84733,33.50678,-0.15918,0.58761,-0.80758,-0.04380,0.02482,-0.14589,0.81458,0.04139,
1703261923885461248,-2.86681,33.62680,-0.16930,0.58542,-0.80899,-0.04506,0.02807,-0.15214,0.92140,-0.05964,
1703261924018841344,-2.87562,33.74486,-0.16772,0.58619,-0.80841,-0.04490,0.02896,-0.02014,0.89008,0.00166,
1703261924152220416,-2.87896,33.86468,-0.16929,0.58556,-0.80902,-0.04300,0.02745,-0.04743,0.87018,0.02579,
1703261924285598976,-2.89176,33.98151,-0.17007,0.58601,-0.80872,-0.04326,0.02654,-0.12183,0.88062,0.00606,
1703261924418976256,-2.91115,34.09762,-0.17111,0.58603,-0.80859,-0.04481,0.02746,-0.16265,0.88885,0.00659,
1703261924552353024,-2.92627,34.20853,-0.16513,0.58782,-0.80727,-0.04602,0.02603,-0.07179,0.85507,-0.02834,
1703261924685728768,-2.94154,34.32348,-0.17241,0.58612,-0.80839,-0.04652,0.02832,-0.11697,0.86461,-0.02929,
1703261924819095552,-2.95108,34.43488,-0.16961,0.58633,-0.80825,-0.04662,0.02802,-0.00553,0.82589,0.04357,
1703261924952451328,-2.95185,34.54704,-0.16827,0.58678,-0.80810,-0.04412,0.02686,-0.01815,0.82147,0.01763,
1703261925085805056,-2.95748,34.66057,-0.16678,0.58696,-0.80797,-0.04363,0.02753,-0.08145,0.84221,0.02009,
1703261925219157760,-2.96850,34.77468,-0.16417,0.58761,-0.80740,-0.04480,0.02874,-0.10018,0.84601,0.00771,
1703261925352508672,-2.97658,34.88944,-0.16198,0.58785,-0.80728,-0.04401,0.02807,-0.03801,0.86375,0.00407,
1703261925485858048,-2.98573,35.00481,-0.16225,0.58778,-0.80744,-0.04299,0.02655,-0.06235,0.84964,0.02586,
1703261925619205632,-2.99512,35.11780,-0.16406,0.58710,-0.80801,-0.04295,0.02412,-0.05370,0.85204,-0.03459,
1703261925819228160,-3.02111,35.28395,-0.16827,0.58770,-0.80737,-0.04462,0.02764,-0.09896,0.86708,-0.02207,
1703261925952579584,-3.02456,35.40281,-0.17082,0.58706,-0.80778,-0.04509,0.02874,0.07571,0.89696,0.00145,
1703261926085929216,-3.01527,35.52242,-0.17133,0.58712,-0.80802,-0.04046,0.02737,0.02008,0.87280,0.01600,
1703261926219277568,-3.02371,35.64059,-0.17377,0.58696,-0.80821,-0.03998,0.02584,-0.13928,0.88486,0.00537,
1703261926352624128,-3.04842,35.75538,-0.17185,0.58795,-0.80733,-0.04293,0.02630,-0.19100,0.88125,-0.03293,
1703261926485969664,-3.06746,35.87413,-0.17799,0.58569,-0.80883,-0.04451,0.02795,-0.09132,0.83283,0.04666,
1703261926619313408,-3.08478,35.98832,-0.17581,0.58655,-0.80811,-0.04533,0.02925,-0.13003,0.86704,0.02296,
1703261926752656384,-3.09978,36.10341,-0.17468,0.58673,-0.80781,-0.04708,0.03121,-0.07184,0.85514,0.02841,
1703261926886020352,-3.10717,36.21793,-0.17317,0.58717,-0.80755,-0.04602,0.03132,-0.06678,0.86020,0.02933,
1703261927019383296,-3.11736,36.33402,-0.17515,0.58702,-0.80777,-0.04538,0.02931,-0.10797,0.87956,-0.03893,
1703261927152744704,-3.13351,36.44953,-0.17768,0.58651,-0.80803,-0.04684,0.03002,-0.11602,0.84941,0.01444,
1703261927286105344,-3.14281,36.56373,-0.17636,0.58614,-0.80826,-0.04746,0.03002,-0.01314,0.84220,-0.00983,
1703261927419464960,-3.13825,36.67820,-0.17738,0.58620,-0.80851,-0.04349,0.02809,0.02202,0.83150,0.02531,
1703261927552823552,-3.13912,36.78957,-0.17720,0.58685,-0.80824,-0.04114,0.02568,-0.03452,0.87027,-0.02817,
1703261927686180864,-3.14684,36.89981,-0.17758,0.58705,-0.80808,-0.04135,0.02591,-0.05499,0.80572,0.03237,
1703261927819549696,-3.15120,37.01410,-0.18117,0.58603,-0.80881,-0.04081,0.02694,-0.02738,0.83788,0.00363,
1703261927952934144,-3.15243,37.13059,-0.18148,0.58634,-0.80866,-0.03949,0.02685,0.01957,0.88989,-0.03308,
1703261928086318080,-3.14810,37.24620,-0.18021,0.58744,-0.80805,-0.03637,0.02553,0.01079,0.88785,-0.00030,
1703261928219701504,-3.15548,37.36227,-0.17711,0.58799,-0.80773,-0.03530,0.02431,-0.11627,0.84335,0.04233,
1703261928353084416,-3.17119,37.47686,-0.17481,0.58882,-0.80706,-0.03702,0.02401,-0.13060,0.91029,-0.04562,
1703261928486466560,-3.18632,37.59648,-0.17475,0.58815,-0.80752,-0.03789,0.02358,-0.10960,0.84712,0.05419,
1703261928619848448,-3.20037,37.71664,-0.17678,0.58758,-0.80792,-0.03847,0.02299,-0.09337,0.92327,-0.04539,
1703261928753229568,-3.21637,37.83640,-0.17791,0.58714,-0.80813,-0.03987,0.02437,-0.12834,0.87033,0.01129,
1703261928886610688,-3.23040,37.95314,-0.17657,0.58767,-0.80767,-0.04108,0.02495,-0.10389,0.92022,-0.01835,
1703261929019991040,-3.24321,38.07133,-0.17404,0.58856,-0.80704,-0.04080,0.02463,-0.10469,0.91203,-0.03929,
1703261929153371392,-3.25862,38.19338,-0.17721,0.58711,-0.80805,-0.04178,0.02475,-0.11151,0.89921,-0.01223,
1703261929286750720,-3.27173,38.31453,-0.17800,0.58707,-0.80801,-0.04218,0.02636,-0.13071,0.92330,-0.02732,
1703261929420129536,-3.28572,38.43538,-0.17675,0.58756,-0.80764,-0.04270,0.02573,-0.10194,0.90074,0.00352,
1703261929553508096,-3.29446,38.55836,-0.17643,0.58704,-0.80808,-0.04200,0.02484,-0.06407,0.86028,0.04069,
1703261929686885888,-3.30538,38.68218,-0.17738,0.58673,-0.80825,-0.04236,0.02606,-0.08436,0.88221,0.02655,
1703261929820280576,-3.31415,38.80483,-0.17675,0.58650,-0.80840,-0.04232,0.02683,-0.01900,0.90796,-0.00400,
1703261929953700864,-3.31587,38.92713,-0.17644,0.58610,-0.80878,-0.04021,0.02732,-0.01987,0.90183,-0.00694,
1703261930087121408,-3.32629,39.04590,-0.17884,0.58487,-0.80959,-0.04098,0.02832,-0.12425,0.87708,-0.00747,
1703261930220542976,-3.34000,39.16230,-0.17923,0.58581,-0.80891,-0.04172,0.02744,-0.05896,0.91900,-0.02732,
1703261930353964800,-3.34595,39.28374,-0.17917,0.58537,-0.80941,-0.03902,0.02591,-0.04090,0.85677,0.05132,
1703261930487387136,-3.34909,39.40038,-0.17710,0.58645,-0.80869,-0.03810,0.02525,0.00761,0.91517,-0.02453,
1703261930620809984,-3.35121,39.52044,-0.17549,0.58660,-0.80863,-0.03782,0.02414,-0.03375,0.86636,0.04713,
1703261930754235648,-3.35750,39.63649,-0.17673,0.58625,-0.80896,-0.03636,0.02387,-0.07352,0.87733,-0.00188,
1703261930887633920,-3.37728,39.74686,-0.17222,0.58702,-0.80814,-0.03925,0.02766,-0.11408,0.79385,0.06358,
1703261931021031424,-3.38760,39.86385,-0.17582,0.58643,-0.80862,-0.03945,0.02615,-0.04781,0.86734,0.02519,
1703261931154429440,-3.39727,39.97726,-0.17231,0.58753,-0.80789,-0.03797,0.02603,-0.13786,0.85102,0.02182,
1703261931287827200,-3.41309,40.08975,-0.17227,0.58800,-0.80751,-0.03973,0.02465,-0.07590,0.87570,-0.01924,
1703261931421224960,-3.42287,40.20613,-0.17341,0.58754,-0.80781,-0.03979,0.02545,-0.06732,0.89610,-0.00967,
1703261931554622720,-3.42568,40.32243,-0.17120,0.58778,-0.80770,-0.03835,0.02561,0.02092,0.86394,0.02800,
1703261931688020480,-3.42170,40.44089,-0.17282,0.58732,-0.80823,-0.03622,0.02271,0.03389,0.91002,-0.06346,
1703261931821430272,-3.42089,40.56112,-0.17698,0.58653,-0.80891,-0.03443,0.02158,-0.03404,0.85159,0.03073,
1703261931954852864,-3.41428,40.68351,-0.17958,0.58610,-0.80942,-0.03117,0.01888,0.05668,0.90840,0.02919,
1703261932088275968,-3.40837,40.80594,-0.18130,0.58630,-0.80945,-0.02787,0.01623,0.02295,0.94884,-0.05584,
1703261932221699840,-3.41092,40.92985,-0.18371,0.58521,-0.81021,-0.02780,0.01781,-0.07135,0.90139,-0.01598,
1703261932355124224,-3.41410,41.05088,-0.18512,0.58545,-0.81003,-0.02815,0.01764,0.00771,0.94039,-0.04941,
1703261932488549120,-3.41466,41.17257,-0.18441,0.58606,-0.80969,-0.02627,0.01573,-0.05125,0.94056,-0.03241,
1703261932621975296,-3.42414,41.29769,-0.18872,0.58513,-0.81036,-0.02617,0.01608,-0.10215,0.93157,-0.02269,
1703261932755401728,-3.43421,41.41686,-0.18706,0.58557,-0.80994,-0.02844,0.01716,-0.02739,0.88633,0.01276,
1703261932888817408,-3.43132,41.54042,-0.18876,0.58519,-0.81032,-0.02629,0.01550,0.00508,0.91030,-0.00247,
1703261933022237184,-3.43672,41.66192,-0.18806,0.58531,-0.81028,-0.02588,0.01406,-0.05595,0.89639,0.01051,
1703261933155657728,-3.44160,41.78572,-0.18761,0.58535,-0.81028,-0.02536,0.01330,-0.04637,0.93366,-0.00910,
1703261933289079040,-3.45278,41.90907,-0.18827,0.58553,-0.81009,-0.02651,0.01424,-0.08649,0.93555,-0.02566,
1703261933422500864,-3.46328,42.03214,-0.19021,0.58491,-0.81044,-0.02836,0.01643,-0.05283,0.89518,0.01929,
1703261933622634752,-3.46746,42.21771,-0.19013,0.58631,-0.80951,-0.02660,0.01497,-0.05427,0.93105,0.00468,
1703261933756058624,-3.47885,42.34256,-0.18965,0.58644,-0.80940,-0.02703,0.01515,-0.12117,0.91448,0.00443,
1703261933889489664,-3.48894,42.46832,-0.19110,0.58664,-0.80920,-0.02808,0.01608,-0.07932,0.92767,0.02896,
1703261934022923520,-3.49610,42.59064,-0.18898,0.58722,-0.80880,-0.02818,0.01471,-0.05401,0.90411,-0.01722,
1703261934156358912,-3.50792,42.71482,-0.19329,0.58668,-0.80918,-0.02836,0.01514,-0.08740,0.91794,0.00342,
1703261934289795072,-3.52345,42.83563,-0.19391,0.58676,-0.80902,-0.03031,0.01656,-0.13630,0.89859,-0.00232,
1703261934423232512,-3.53805,42.95598,-0.19283,0.58698,-0.80878,-0.03205,0.01754,-0.11773,0.92085,-0.03424,
1703261934556671488,-3.55409,43.07627,-0.19395,0.58673,-0.80888,-0.03331,0.01882,-0.12242,0.93378,-0.06356,
1703261934690111488,-3.56698,43.19515,-0.19280,0.58696,-0.80866,-0.03437,0.01894,-0.07181,0.89975,-0.00701,
1703261934823550720,-3.57434,43.31481,-0.19336,0.58716,-0.80856,-0.03375,0.01818,-0.07816,0.89467,-0.00321,
1703261934956989184,-3.58395,43.43665,-0.19623,0.58620,-0.80925,-0.03393,0.01808,-0.09227,0.89035,0.00296,
1703261935090429440,-3.59732,43.55436,-0.19334,0.58708,-0.80854,-0.03591,0.01771,-0.09674,0.87863,0.00605,
1703261935223870720,-3.61112,43.67700,-0.20048,0.58551,-0.80958,-0.03651,0.02045,-0.10428,0.93713,-0.07456,
1703261935357313536,-3.61956,43.79886,-0.20154,0.58528,-0.80972,-0.03670,0.02127,0.01643,0.89457,0.00384,
1703261935490757888,-3.61563,43.92244,-0.20360,0.58474,-0.81028,-0.03373,0.01966,0.01691,0.88632,0.02490,
1703261935624203776,-3.62233,44.04411,-0.20472,0.58435,-0.81059,-0.03347,0.01889,-0.07915,0.90391,0.01504,
1703261935757650688,-3.63659,44.16272,-0.20373,0.58429,-0.81054,-0.03550,0.01902,-0.07692,0.90034,-0.00887,
1703261935891074560,-3.64623,44.27936,-0.20357,0.58446,-0.81042,-0.03511,0.01951,-0.06033,0.90198,-0.06386,
1703261936024496640,-3.65248,44.39802,-0.20427,0.58388,-0.81087,-0.03441,0.01955,-0.02055,0.84946,0.04974,
1703261936157919232,-3.65744,44.51563,-0.20601,0.58379,-0.81096,-0.03392,0.01960,-0.06288,0.88538,0.00904,
1703261936291342848,-3.66943,44.63206,-0.20482,0.58396,-0.81081,-0.03466,0.01916,-0.06372,0.86086,-0.00108,
1703261936424766976,-3.68257,44.74980,-0.20537,0.58366,-0.81098,-0.03553,0.01982,-0.12240,0.85322,0.02419,
1703261936558192128,-3.69619,44.86524,-0.20643,0.58411,-0.81057,-0.03673,0.02096,-0.09204,0.88885,-0.02356,
1703261936691618304,-3.70727,44.97999,-0.20573,0.58426,-0.81042,-0.03740,0.02126,-0.07440,0.85653,0.01342,
1703261936825037568,-3.71938,45.09348,-0.20614,0.58454,-0.81023,-0.03748,0.02116,-0.13304,0.86414,-0.00360,
1703261936958443776,-3.74128,45.20561,-0.20444,0.58472,-0.80996,-0.04018,0.02107,-0.16302,0.83242,0.00961,
1703261937091850240,-3.76530,45.31761,-0.20311,0.58579,-0.80898,-0.04295,0.02349,-0.15039,0.84866,0.01830,
1703261937225257472,-3.77665,45.43115,-0.20397,0.58600,-0.80872,-0.04405,0.02510,-0.01378,0.86046,0.00861,
1703261937358664448,-3.77542,45.54662,-0.20396,0.58641,-0.80860,-0.04158,0.02360,0.00114,0.86396,0.00605,
1703261937492072448,-3.77875,45.66459,-0.20760,0.58595,-0.80905,-0.03956,0.02305,-0.05069,0.88899,-0.02543,
1703261937625480192,-3.78533,45.78215,-0.20922,0.58566,-0.80928,-0.03928,0.02291,-0.04349,0.89104,-0.04205,
1703261937758888448,-3.78732,45.89806,-0.20822,0.58649,-0.80874,-0.03807,0.02296,-0.03191,0.87764,-0.01194,
1703261937892281600,-3.79312,46.01653,-0.21025,0.58621,-0.80896,-0.03761,0.02282,-0.01941,0.89655,-0.01326,
1703261938025671168,-3.79457,46.13582,-0.21131,0.58595,-0.80925,-0.03597,0.02189,0.01645,0.89257,-0.02359,
1703261938159060480,-3.80051,46.25651,-0.21270,0.58516,-0.80988,-0.03467,0.02185,-0.09009,0.86950,0.02667,
1703261938292449792,-3.81554,46.37351,-0.21254,0.58518,-0.80978,-0.03610,0.02254,-0.11919,0.89397,-0.01557,
1703261938425838848,-3.83105,46.49226,-0.21350,0.58513,-0.80973,-0.03724,0.02387,-0.09655,0.88833,0.00065,
1703261938559227392,-3.84291,46.61134,-0.21501,0.58476,-0.81000,-0.03707,0.02416,-0.07937,0.89884,-0.01484,
1703261938759310592,-3.86627,46.78782,-0.21541,0.58461,-0.81007,-0.03788,0.02409,-0.13632,0.87501,-0.00158,
1703261938892687616,-3.88597,46.90182,-0.21399,0.58550,-0.80934,-0.03956,0.02448,-0.18253,0.87300,-0.02029,
1703261939026061056,-3.90880,47.01704,-0.21514,0.58491,-0.80960,-0.04216,0.02565,-0.11488,0.85129,0.01375,
1703261939159433984,-3.92016,47.12744,-0.21167,0.58575,-0.80903,-0.04286,0.02324,-0.07174,0.84783,-0.02575,
1703261939292806400,-3.93229,47.23270,-0.20903,0.58664,-0.80847,-0.04195,0.02172,-0.10642,0.78524,0.02072,
1703261939426178048,-3.94506,47.34337,-0.21362,0.58581,-0.80897,-0.04267,0.02416,-0.02923,0.83756,-0.01186,
1703261939559548928,-3.94324,47.45743,-0.21502,0.58532,-0.80933,-0.04177,0.02511,0.04784,0.81227,0.05437,
1703261939692919040,-3.94359,47.57149,-0.21579,0.58519,-0.80963,-0.03914,0.02275,-0.02903,0.85393,-0.02732,
1703261939826291968,-3.95136,47.68593,-0.21596,0.58565,-0.80938,-0.03772,0.02237,-0.06908,0.83947,0.02475,
1703261939959670016,-3.95173,47.79897,-0.21815,0.58584,-0.80926,-0.03704,0.02277,0.01620,0.85504,0.02446,
1703261940093047552,-3.94047,47.90972,-0.21363,0.58716,-0.80848,-0.03415,0.02069,0.11908,0.85642,-0.02453,
1703261940226424576,-3.93245,48.02362,-0.21665,0.58661,-0.80907,-0.03045,0.01897,0.00193,0.86616,-0.00638,
1703261940359801344,-3.94026,48.13686,-0.21681,0.58684,-0.80888,-0.03095,0.01920,-0.09427,0.86647,0.00837,
1703261940493177088,-3.94972,48.25211,-0.21964,0.58637,-0.80916,-0.03199,0.02002,-0.03809,0.86592,0.00460,
1703261940693239808,-3.95697,48.42730,-0.22212,0.58629,-0.80931,-0.03093,0.01796,-0.05395,0.89418,-0.03385,
1703261940826606080,-3.96874,48.54242,-0.22019,0.58705,-0.80873,-0.03187,0.01792,-0.10238,0.87915,0.00121,
1703261940959946496,-3.98268,48.65516,-0.21913,0.58716,-0.80857,-0.03347,0.01842,-0.09270,0.84365,0.01861,
1703261941093284608,-4.00038,48.76883,-0.21619,0.58762,-0.80816,-0.03481,0.01922,-0.17067,0.88070,-0.03497,
1703261941226621440,-4.02249,48.88507,-0.21536,0.58779,-0.80787,-0.03783,0.02042,-0.10014,0.86971,-0.00045,
1703261941359956224,-4.02818,49.00411,-0.21689,0.58702,-0.80846,-0.03733,0.02013,0.00466,0.89398,-0.03240,
1703261941493289216,-4.02707,49.12131,-0.21949,0.58643,-0.80907,-0.03479,0.01735,-0.01868,0.87737,-0.03266,
1703261941626620416,-4.03648,49.23567,-0.21743,0.58716,-0.80854,-0.03436,0.01807,-0.11430,0.85648,0.01965,
1703261941759950080,-4.05040,49.35271,-0.21900,0.58694,-0.80854,-0.03701,0.01997,-0.03614,0.87219,0.01692,
1703261941893288704,-4.04714,49.47249,-0.22274,0.58629,-0.80910,-0.03434,0.02096,0.08260,0.90331,0.01126,
1703261942026628096,-4.04022,49.59106,-0.21886,0.58692,-0.80883,-0.03011,0.02028,0.02270,0.89097,-0.02268,
1703261942159964928,-4.04147,49.71413,-0.22482,0.58586,-0.80969,-0.02932,0.01772,-0.05832,0.89097,0.02795,
1703261942293300736,-4.05409,49.83434,-0.22537,0.58639,-0.80926,-0.03009,0.01842,-0.10175,0.94675,-0.05162,
1703261942426633984,-4.06870,49.95403,-0.22713,0.58593,-0.80951,-0.03165,0.01933,-0.07859,0.91545,-0.01603,
1703261942559965952,-4.07549,50.07105,-0.22515,0.58738,-0.80851,-0.03184,0.01666,-0.00689,0.89363,0.01198,
1703261942693295360,-4.07608,50.18453,-0.22596,0.58663,-0.80923,-0.02940,0.01226,-0.01572,0.76465,0.03903,
1703261942826630912,-4.08904,50.29146,-0.22589,0.58768,-0.80840,-0.02965,0.01536,-0.20251,0.91559,-0.15715,
1703261942959980800,-4.11290,50.40763,-0.23682,0.58476,-0.81025,-0.03506,0.01783,-0.08778,0.85876,0.02386,
1703261943093329152,-4.10923,50.52259,-0.23662,0.58591,-0.80954,-0.03265,0.01717,0.10944,0.89575,-0.00628,
1703261943226675712,-4.10275,50.64427,-0.23888,0.58463,-0.81065,-0.02890,0.01469,-0.00661,0.88032,0.01389,
1703261943360020992,-4.11244,50.76304,-0.23966,0.58469,-0.81065,-0.02855,0.01303,-0.12735,0.90291,-0.03282,
1703261943493364736,-4.13024,50.88103,-0.23821,0.58526,-0.81014,-0.03066,0.01415,-0.10670,0.86934,0.02646,
1703261943626707200,-4.14120,51.00070,-0.24038,0.58513,-0.81013,-0.03212,0.01663,-0.04105,0.93257,-0.04735,
1703261943826724352,-4.15100,51.18088,-0.24056,0.58516,-0.81004,-0.03287,0.01868,-0.04388,0.90457,-0.03350,
1703261943960085504,-4.16145,51.30133,-0.24206,0.58543,-0.80974,-0.03427,0.02043,-0.04411,0.89330,0.02752,
1703261944093446144,-4.16817,51.42602,-0.24084,0.58507,-0.81010,-0.03270,0.01925,-0.08494,0.91782,-0.00686,
1703261944226805760,-4.18289,51.55011,-0.23879,0.58565,-0.80965,-0.03349,0.01883,-0.11056,0.92182,0.02695,
1703261944360164096,-4.19809,51.67364,-0.24103,0.58553,-0.80962,-0.03570,0.02012,-0.06090,0.95360,-0.02287,
1703261944493521408,-4.20574,51.80045,-0.24294,0.58414,-0.81065,-0.03561,0.01906,-0.00997,0.91035,-0.02009,
1703261944693555712,-4.21582,51.98297,-0.24090,0.58577,-0.80952,-0.03424,0.01936,-0.09738,0.97512,-0.03273,
1703261944826915840,-4.22816,52.10923,-0.23874,0.58631,-0.80901,-0.03577,0.02145,-0.05328,0.96548,-0.03617,
1703261944960287232,-4.23426,52.23664,-0.23724,0.58611,-0.80913,-0.03626,0.02156,0.01010,0.93670,0.02373,
1703261945093658368,-4.23477,52.36382,-0.23732,0.58619,-0.80926,-0.03357,0.01891,-0.01791,0.93255,0.02443,
1703261945227028736,-4.24062,52.48790,-0.23491,0.58718,-0.80855,-0.03168,0.02153,-0.07981,0.92125,0.02710,
1703261945427082240,-4.24996,52.67853,-0.24262,0.58586,-0.80949,-0.03278,0.02038,0.01700,0.97972,-0.01945,
1703261945560450560,-4.25514,52.80699,-0.24433,0.58530,-0.81003,-0.03128,0.01696,-0.07817,0.95253,0.00498,
1703261945693817856,-4.27351,52.93265,-0.24390,0.58589,-0.80955,-0.03248,0.01754,-0.14526,0.96459,-0.02045,
1703261945827192064,-4.29068,53.05719,-0.24583,0.58511,-0.80995,-0.03493,0.02023,-0.06312,0.91993,0.02206,
1703261945960589568,-4.29461,53.18259,-0.24689,0.58479,-0.81022,-0.03391,0.02023,0.00317,0.95910,0.01153,
1703261946093987584,-4.29832,53.30827,-0.24566,0.58526,-0.81001,-0.03196,0.01848,-0.04816,0.96025,-0.02686,
1703261946227385856,-4.30903,53.43341,-0.24556,0.58489,-0.81024,-0.03273,0.01846,-0.08272,0.93234,0.00404,
1703261946360784640,-4.31453,53.55802,-0.24650,0.58514,-0.81009,-0.03242,0.01801,-0.03707,0.96062,-0.04033,
1703261946494183424,-4.31827,53.68381,-0.24931,0.58495,-0.81029,-0.03148,0.01654,-0.05859,0.94781,0.01470,
1703261946627582720,-4.32772,53.80992,-0.25013,0.58463,-0.81050,-0.03178,0.01673,-0.02061,0.94252,-0.02122,
1703261946760982784,-4.32870,53.93441,-0.24915,0.58509,-0.81021,-0.03056,0.01722,-0.02353,0.94900,-0.01584,
1703261946894378496,-4.33742,54.05832,-0.25209,0.58390,-0.81104,-0.03057,0.01822,-0.14172,0.90552,-0.00148,
1703261947027773440,-4.35909,54.17759,-0.25582,0.58260,-0.81181,-0.03377,0.02014,-0.13352,0.84884,0.02337,
1703261947161168128,-4.37413,54.29436,-0.25539,0.58452,-0.81036,-0.03473,0.02138,-0.09672,0.94993,-0.04548,
1703261947294563328,-4.39111,54.41326,-0.25279,0.58515,-0.80988,-0.03564,0.02039,-0.14388,0.85758,0.04621,
1703261947494655744,-4.42307,54.58287,-0.25141,0.58610,-0.80905,-0.03838,0.02135,-0.24413,0.88392,-0.05244,
1703261947628050944,-4.44127,54.69876,-0.25073,0.58564,-0.80916,-0.04171,0.02335,-0.02493,0.86959,0.01315,
1703261947761446144,-4.43602,54.81643,-0.25022,0.58618,-0.80892,-0.03888,0.02305,0.06294,0.88758,-0.03608,
1703261947894854912,-4.43182,54.93106,-0.24710,0.58625,-0.80905,-0.03611,0.02102,-0.00031,0.80478,0.04733,
1703261948028268800,-4.43704,55.03836,-0.23934,0.58791,-0.80787,-0.03494,0.02208,-0.10039,0.81425,0.00071,
1703261948161683456,-4.45469,55.14686,-0.24407,0.58648,-0.80871,-0.03721,0.02527,-0.11854,0.74486,0.09892,
1703261948295099136,-4.46455,55.24877,-0.23778,0.58854,-0.80723,-0.03726,0.02473,-0.04832,0.83003,-0.05969,
1703261948428515584,-4.47587,55.35873,-0.24468,0.58748,-0.80806,-0.03689,0.02351,-0.12179,0.80642,-0.00479,
1703261948561933056,-4.49873,55.46944,-0.24771,0.58655,-0.80849,-0.04022,0.02625,-0.17476,0.82572,0.02515,
1703261948695351296,-4.51657,55.57720,-0.24522,0.58712,-0.80792,-0.04233,0.02758,-0.10988,0.84984,-0.04570,
1703261948828769536,-4.53209,55.69251,-0.25220,0.58573,-0.80886,-0.04217,0.02968,-0.08975,0.86413,-0.03312,
1703261948962192896,-4.54300,55.80891,-0.25148,0.58531,-0.80917,-0.04225,0.02943,-0.12488,0.85013,0.03936,
1703261949095617792,-4.55158,55.91758,-0.24504,0.58711,-0.80799,-0.04247,0.02566,-0.06497,0.78894,0.02926,
1703261949295756288,-4.60611,56.07556,-0.25167,0.58488,-0.80902,-0.04971,0.03050,-0.37785,0.88535,-0.18685,
1703261949429183488,-4.63261,56.17794,-0.25494,0.58503,-0.80877,-0.05277,0.02924,-0.07912,0.74846,0.05904,
1703261949562611712,-4.63371,56.28802,-0.25820,0.58392,-0.80984,-0.04963,0.02689,0.04749,0.81023,0.03433,
1703261949696041472,-4.63650,56.39704,-0.25637,0.58506,-0.80905,-0.04825,0.02842,-0.06017,0.82979,-0.03544,
1703261949829471232,-4.65340,56.50825,-0.26254,0.58283,-0.81057,-0.05044,0.02740,-0.18484,0.78755,0.01127,
1703261949962902016,-4.67664,56.60795,-0.25891,0.58362,-0.80996,-0.05207,0.02550,-0.17966,0.69362,0.06629,
1703261950096334336,-4.70116,56.70265,-0.25705,0.58526,-0.80852,-0.05411,0.02880,-0.12846,0.76994,-0.09113,
1703261950229767680,-4.71254,56.80682,-0.26208,0.58389,-0.80930,-0.05565,0.03186,-0.01588,0.75732,0.02707,
1703261950363202816,-4.70716,56.91441,-0.26383,0.58400,-0.80945,-0.05214,0.03183,-0.02371,0.79949,0.01598,
1703261950496639488,-4.71624,57.02294,-0.26008,0.58500,-0.80880,-0.05082,0.03203,-0.12941,0.82684,0.02165,
1703261950630077184,-4.73892,57.13005,-0.25697,0.58543,-0.80821,-0.05379,0.03441,-0.16569,0.79668,-0.00823,
1703261950763516416,-4.75326,57.24061,-0.26155,0.58500,-0.80849,-0.05401,0.03462,-0.08218,0.86024,-0.01879,
1703261950896955648,-4.75448,57.35313,-0.25858,0.58676,-0.80719,-0.05258,0.03741,0.05082,0.83882,0.02047,
1703261951030396928,-4.73917,57.46601,-0.25651,0.58633,-0.80798,-0.04751,0.03360,0.11902,0.78081,0.03282,
1703261951163839488,-4.74139,57.57580,-0.25994,0.58630,-0.80842,-0.04301,0.02928,-0.13190,0.89225,-0.09790,
1703261951297284096,-4.76527,57.68412,-0.25737,0.58654,-0.80797,-0.04577,0.03249,-0.10872,0.78748,0.01053,
1703261951430730240,-4.75987,57.79641,-0.25770,0.58596,-0.80831,-0.04661,0.03326,0.20568,0.79702,0.04249,
1703261951564177920,-4.72992,57.90954,-0.25846,0.58662,-0.80853,-0.03714,0.02773,0.14397,0.85332,0.00754,
1703261951697627904,-4.74051,58.02314,-0.25816,0.58703,-0.80844,-0.03464,0.02481,-0.27412,0.84439,0.02702,
1703261951831074816,-4.77161,58.13119,-0.25103,0.58899,-0.80672,-0.03986,0.02654,-0.18465,0.82652,0.00039,
1703261951964511488,-4.77933,58.24604,-0.25809,0.58617,-0.80872,-0.04070,0.02681,0.05593,0.86642,-0.05292,
1703261952097949440,-4.76472,58.35421,-0.25523,0.58815,-0.80756,-0.03597,0.02508,0.11557,0.85826,-0.06202,
1703261952231388928,-4.75541,58.47345,-0.26078,0.58663,-0.80884,-0.03213,0.02492,-0.00051,0.87157,0.04651,
1703261952364829696,-4.76434,58.58239,-0.24967,0.58866,-0.80735,-0.03233,0.02481,-0.11680,0.78549,0.06509,
1703261952498272256,-4.78649,58.69915,-0.26346,0.58533,-0.80962,-0.03527,0.02578,-0.14516,0.91161,-0.10062,
1703261952631716096,-4.79779,58.81157,-0.25983,0.58686,-0.80841,-0.03600,0.02796,0.01331,0.83247,0.05208,
1703261952765161216,-4.79219,58.92838,-0.25966,0.58718,-0.80837,-0.03232,0.02689,0.00694,0.89738,-0.06465,
1703261952898598656,-4.79694,59.05206,-0.27013,0.58401,-0.81072,-0.03194,0.02545,-0.03898,0.85588,0.02898,
1703261953032034816,-4.79761,59.16664,-0.26662,0.58474,-0.81045,-0.02909,0.01994,-0.00051,0.85311,0.00486,
1703261953165472768,-4.79997,59.28226,-0.26325,0.58742,-0.80865,-0.02777,0.01588,0.04036,0.85305,0.04945,
1703261953298911488,-4.78992,59.40239,-0.26203,0.58772,-0.80848,-0.02502,0.01788,0.08131,0.93688,-0.10975,
1703261953432352000,-4.77335,59.53041,-0.26663,0.58699,-0.80916,-0.02201,0.01493,0.10017,0.97259,-0.01761,
1703261953565793536,-4.76399,59.65747,-0.26316,0.58744,-0.80898,-0.01769,0.01240,0.03966,0.93224,0.00945,
1703261953699236352,-4.76372,59.78830,-0.26908,0.58467,-0.81105,-0.01702,0.00856,0.06693,0.93114,-0.00897,
1703261953832677632,-4.76256,59.91390,-0.26984,0.58544,-0.81050,-0.01582,0.01017,-0.05104,0.99155,-0.07975,
1703261953966109184,-4.75549,60.04555,-0.27277,0.58551,-0.81045,-0.01611,0.00942,0.13301,0.97516,0.02363,
1703261954099542016,-4.73697,60.17615,-0.27438,0.58486,-0.81104,-0.01078,0.00688,0.04716,0.97215,-0.04303,
1703261954232975616,-4.73248,60.30382,-0.27556,0.58539,-0.81069,-0.00978,0.00335,0.00129,0.94399,0.03600,
1703261954366410752,-4.74086,60.43268,-0.27542,0.58513,-0.81085,-0.00998,0.00658,-0.18925,0.98140,-0.01581,
1703261954499846400,-4.76319,60.55568,-0.27201,0.58600,-0.81012,-0.01608,0.00772,-0.10122,0.87532,0.07684,
1703261954633283072,-4.76588,60.67316,-0.26517,0.58791,-0.80875,-0.01517,0.00767,0.01020,0.85149,0.08099,
1703261954766721024,-4.78973,60.79044,-0.26183,0.58866,-0.80802,-0.01777,0.01598,-0.33199,0.94066,-0.07106,
1703261954900151040,-4.83563,60.90932,-0.26420,0.58824,-0.80797,-0.02778,0.01964,-0.29377,0.86714,0.03763,
1703261955033578240,-4.86850,61.03285,-0.26853,0.58606,-0.80940,-0.03086,0.02137,-0.21249,0.84756,0.11879,
1703261955167005440,-4.89530,61.15232,-0.26563,0.58759,-0.80809,-0.03430,0.02368,-0.16673,0.92534,-0.01568,
1703261955300434176,-4.91501,61.27713,-0.26617,0.58713,-0.80819,-0.03720,0.02669,-0.13440,0.96641,-0.03164,
1703261955433862912,-4.92621,61.40017,-0.26402,0.58783,-0.80761,-0.03844,0.02729,0.01407,0.88572,0.04002,
1703261955567292672,-4.92660,61.52837,-0.26546,0.58791,-0.80780,-0.03468,0.02490,-0.03476,0.95493,-0.00272,
1703261955700723200,-4.93791,61.65849,-0.26407,0.58851,-0.80740,-0.03424,0.02418,-0.08476,0.97245,0.02802,
1703261955834153216,-4.95167,61.78288,-0.26025,0.58868,-0.80712,-0.03613,0.02639,-0.11918,0.92885,-0.01240,
1703261955967578880,-4.95487,61.90777,-0.26288,0.58881,-0.80721,-0.03589,0.02083,0.07281,0.95675,-0.03582,
1703261956101005312,-4.96851,62.03123,-0.26736,0.58683,-0.80864,-0.03487,0.02278,-0.18364,0.84957,0.01471,
1703261956234432512,-4.98645,62.15100,-0.27163,0.58572,-0.80916,-0.03847,0.02656,-0.00467,0.88846,0.02590,
1703261956367860224,-4.97523,62.26655,-0.26593,0.58630,-0.80912,-0.03322,0.02193,0.11106,0.87657,-0.01218,
1703261956501288960,-4.97251,62.38516,-0.26731,0.58693,-0.80891,-0.02810,0.01969,-0.12591,0.87784,0.03564,
1703261956634717696,-4.98768,62.50642,-0.26860,0.58564,-0.80961,-0.03203,0.02326,-0.08255,0.90902,-0.03526,
1703261956768147712,-4.99194,62.61970,-0.26580,0.58690,-0.80854,-0.03443,0.02505,0.07816,0.87297,-0.03326,
1703261956901564672,-4.98105,62.74231,-0.27166,0.58550,-0.80992,-0.02827,0.02035,0.00665,0.86661,0.02184,
1703261957034974976,-4.99585,62.85923,-0.27271,0.58609,-0.80959,-0.02704,0.01837,-0.25265,0.90870,-0.03114,
1703261957168385536,-5.02925,62.97498,-0.27118,0.58676,-0.80876,-0.03374,0.02221,-0.19334,0.90464,-0.00925,
1703261957301795840,-5.03375,63.09150,-0.27134,0.58628,-0.80902,-0.03493,0.02323,0.11463,0.88122,0.00678,
1703261957435205376,-5.01954,63.21062,-0.27111,0.58621,-0.80939,-0.02938,0.01953,0.05466,0.89939,0.00203,
1703261957568615424,-5.02139,63.33344,-0.27361,0.58517,-0.81022,-0.02716,0.01936,-0.13983,0.92561,-0.04292,
1703261957702025216,-5.03497,63.45099,-0.27260,0.58625,-0.80929,-0.03075,0.02039,-0.01746,0.88627,-0.00135,
1703261957835435008,-5.02574,63.57262,-0.27280,0.58606,-0.80965,-0.02709,0.01624,0.10445,0.89369,0.01267,
1703261957968844800,-5.01409,63.69285,-0.26762,0.58815,-0.80836,-0.02153,0.01338,0.00709,0.91334,-0.00086,
1703261958102255104,-5.01375,63.81805,-0.27341,0.58673,-0.80942,-0.02107,0.01203,-0.06105,0.92962,-0.02712,
1703261958235665152,-5.01234,63.93443,-0.27071,0.58724,-0.80907,-0.02086,0.01094,0.06587,0.88673,-0.03391,
1703261958369074944,-5.00929,64.05576,-0.27411,0.58647,-0.80961,-0.01926,0.01481,0.01976,0.89574,0.00574,
1703261958502484224,-4.99437,64.17658,-0.27541,0.58608,-0.81001,-0.01669,0.01117,0.12986,0.90902,-0.00019,
1703261958635893760,-4.98416,64.28806,-0.26768,0.58904,-0.80799,-0.01198,0.00645,0.01339,0.86563,-0.01343,
1703261958769303040,-4.99929,64.40762,-0.27133,0.58763,-0.80900,-0.01305,0.00705,-0.20036,0.87671,0.00703,
1703261958902711040,-5.02661,64.52293,-0.26938,0.58832,-0.80836,-0.01839,0.00931,-0.13173,0.88681,0.05253,
1703261959036118272,-5.03914,64.63280,-0.25996,0.59040,-0.80676,-0.02052,0.01207,-0.02156,0.82786,0.03174,
1703261959169525248,-5.04513,64.75662,-0.27592,0.58647,-0.80963,-0.01999,0.01214,-0.08004,0.93576,-0.10267,
1703261959302931712,-5.05882,64.87288,-0.27498,0.58677,-0.80945,-0.01987,0.00953,-0.15732,0.85361,0.03706,
1703261959436338432,-5.08358,64.98750,-0.26948,0.58876,-0.80786,-0.02328,0.01350,-0.14685,0.82769,0.09192,
1703261959569744640,-5.08989,65.10825,-0.27411,0.58730,-0.80879,-0.02652,0.01520,0.14534,0.95069,-0.10861,
1703261959703150336,-5.06408,65.23047,-0.27641,0.58630,-0.80982,-0.01932,0.00910,0.15783,0.88295,0.00608,
1703261959836556544,-5.06462,65.34675,-0.27326,0.58634,-0.80989,-0.01474,0.00843,-0.21978,0.80841,0.12462,
1703261959969960704,-5.09614,65.46017,-0.27307,0.58719,-0.80906,-0.02287,0.01022,-0.14661,0.94160,-0.06644,
1703261960103364352,-5.10593,65.58237,-0.27899,0.58590,-0.80994,-0.02379,0.01241,-0.08655,0.92770,-0.03945,
1703261960236768000,-5.11126,65.70415,-0.28169,0.58516,-0.81041,-0.02411,0.01565,-0.01827,0.90469,0.00612,
1703261960370171136,-5.11240,65.82410,-0.27757,0.58644,-0.80948,-0.02370,0.01642,-0.00215,0.88907,0.05523,
1703261960503574016,-5.12073,65.94627,-0.28349,0.58520,-0.81043,-0.02300,0.01450,-0.16558,0.95012,-0.10353,
1703261960636976128,-5.14520,66.06990,-0.28325,0.58576,-0.80991,-0.02597,0.01598,-0.12730,0.97031,-0.01661,
1703261960770378240,-5.15470,66.19399,-0.28253,0.58485,-0.81049,-0.02706,0.01806,0.03531,0.85584,0.07491,
1703261960903786240,-5.14793,66.31635,-0.28379,0.58516,-0.81039,-0.02462,0.01580,0.06481,0.96694,-0.10334,
1703261961037197312,-5.15302,66.44242,-0.28239,0.58627,-0.80963,-0.02320,0.01569,-0.09780,0.95960,0.00357,
1703261961170608384,-5.16475,66.56690,-0.28016,0.58592,-0.80985,-0.02498,0.01509,-0.07071,0.90369,0.00888,
1703261961304019200,-5.17416,66.69272,-0.28667,0.58399,-0.81112,-0.02619,0.01857,-0.09665,0.89891,0.00548,
1703261961437430016,-5.17688,66.81543,-0.28521,0.58569,-0.80989,-0.02619,0.01905,-0.00371,0.97840,-0.04476,
1703261961570840832,-5.17655,66.93864,-0.28335,0.58620,-0.80959,-0.02349,0.01955,-0.06091,0.90946,0.04018,
1703261961704251648,-5.18949,67.06499,-0.28652,0.58537,-0.81015,-0.02551,0.01869,-0.07536,0.94934,-0.03936,
1703261961837661440,-5.19353,67.19183,-0.28639,0.58633,-0.80946,-0.02490,0.01927,0.03211,1.00821,-0.07314,
1703261961971067648,-5.19223,67.31754,-0.27901,0.58771,-0.80850,-0.02339,0.01940,0.02459,0.91713,0.05580,
1703261962104473344,-5.19337,67.45102,-0.29158,0.58463,-0.81079,-0.02221,0.01848,-0.03286,0.96312,-0.02964,
1703261962237878784,-5.19523,67.57289,-0.28685,0.58625,-0.80969,-0.02176,0.01534,-0.00960,0.92689,0.00001,
1703261962371284480,-5.20701,67.69910,-0.28555,0.58666,-0.80932,-0.02283,0.01775,-0.16655,0.95739,-0.00160,
1703261962504689408,-5.22448,67.82950,-0.29711,0.58289,-0.81194,-0.02508,0.01932,-0.16588,0.92863,-0.01103,
1703261962638094080,-5.24159,67.95233,-0.29350,0.58528,-0.81010,-0.02750,0.02076,-0.08090,0.95944,-0.01876,
1703261962771498752,-5.24738,68.08161,-0.29336,0.58437,-0.81077,-0.02639,0.02130,-0.00277,0.95591,0.02504,
1703261962904904448,-5.25258,68.20505,-0.29032,0.58514,-0.81031,-0.02517,0.01921,-0.07438,0.93031,-0.02848,
1703261963038309888,-5.26569,68.33148,-0.29360,0.58434,-0.81082,-0.02495,0.02240,-0.17746,0.89675,0.09713,
1703261963171715072,-5.28696,68.45456,-0.29149,0.58464,-0.81046,-0.02927,0.02194,-0.09841,0.96257,-0.10200,
1703261963305120256,-5.30485,68.57665,-0.29111,0.58446,-0.81057,-0.02989,0.02212,-0.16559,0.93393,0.00880,
1703261963438524928,-5.32607,68.69598,-0.28635,0.58563,-0.80963,-0.03280,0.02154,-0.11328,0.85113,0.10228,
1703261963571929344,-5.34366,68.80987,-0.28299,0.58682,-0.80864,-0.03422,0.02395,-0.17477,0.88787,-0.09895,
1703261963705334016,-5.36178,68.93379,-0.29134,0.58373,-0.81071,-0.03706,0.02502,-0.06793,0.89286,0.00685,
1703261963838738176,-5.36433,69.05094,-0.28792,0.58574,-0.80936,-0.03490,0.02511,-0.01903,0.93054,-0.06951,
1703261963972144896,-5.36868,69.17155,-0.28899,0.58472,-0.81011,-0.03416,0.02565,-0.05000,0.86900,0.04645,
1703261964105551104,-5.37778,69.28993,-0.29255,0.58451,-0.81031,-0.03384,0.02444,-0.09543,0.91435,-0.09873,
1703261964238957056,-5.39177,69.41348,-0.30198,0.58290,-0.81141,-0.03447,0.02556,-0.05186,0.89999,0.01243,
1703261964372363008,-5.39871,69.53578,-0.29619,0.58478,-0.81007,-0.03436,0.02518,-0.05463,0.91987,0.01764,
1703261964505768704,-5.40397,69.65876,-0.30006,0.58475,-0.81016,-0.03301,0.02470,-0.07510,0.94680,-0.07944,
1703261964639174144,-5.41840,69.78608,-0.30167,0.58366,-0.81090,-0.03417,0.02502,-0.09786,0.90350,0.04787,
1703261964772579584,-5.42821,69.90251,-0.29577,0.58654,-0.80881,-0.03419,0.02512,-0.06755,0.90456,-0.01122,
1703261964905987840,-5.44323,70.02439,-0.30349,0.58406,-0.81040,-0.03569,0.02919,-0.05002,0.86623,-0.00725,
1703261965039397888,-5.43604,70.14380,-0.30166,0.58554,-0.80953,-0.03227,0.02783,0.12065,0.91078,0.02235,
1703261965172808448,-5.42394,70.26456,-0.30222,0.58528,-0.81005,-0.02703,0.02287,0.02855,0.91468,-0.03212,
1703261965306218752,-5.43077,70.38326,-0.30353,0.58421,-0.81092,-0.02589,0.02106,-0.12154,0.85948,0.01587,
1703261965439628544,-5.44917,70.49635,-0.30310,0.58485,-0.81036,-0.02913,0.02025,-0.05553,0.85070,0.00961,
1703261965573039104,-5.45438,70.61308,-0.30361,0.58532,-0.81001,-0.02821,0.02208,0.01158,0.86841,0.03453,
1703261965706449152,-5.45217,70.72519,-0.29694,0.58720,-0.80865,-0.02732,0.02310,0.04554,0.87261,-0.03071,
1703261965839859456,-5.44372,70.84563,-0.30843,0.58432,-0.81095,-0.02375,0.01899,-0.00223,0.83634,0.01816,
1703261965973269248,-5.46188,70.95631,-0.30513,0.58565,-0.80999,-0.02438,0.01826,-0.27429,0.84183,0.01480,
1703261966106679296,-5.49499,71.06715,-0.30138,0.58810,-0.80793,-0.03070,0.02126,-0.16930,0.91068,-0.04258,
1703261966240089088,-5.50755,71.18210,-0.30163,0.58702,-0.80863,-0.03265,0.02167,0.00783,0.79721,0.07211,
1703261966373498880,-5.51311,71.29180,-0.30078,0.58722,-0.80861,-0.03037,0.02011,-0.08376,0.82696,0.00334,
1703261966506908672,-5.52560,71.40388,-0.29983,0.58863,-0.80751,-0.03074,0.02234,-0.05190,0.86028,0.00398,
1703261966640318720,-5.52602,71.51880,-0.30297,0.58631,-0.80927,-0.02972,0.02114,0.08371,0.84132,-0.03142,
1703261966773728256,-5.52234,71.62852,-0.30235,0.58733,-0.80864,-0.02695,0.02032,-0.04998,0.83666,0.00137,
1703261966907138816,-5.53156,71.74781,-0.30840,0.58597,-0.80951,-0.02912,0.02195,0.01004,0.87081,0.00097,
1703261967040550144,-5.52341,71.86381,-0.30686,0.58622,-0.80944,-0.02684,0.02085,0.10427,0.89808,-0.05692,
1703261967173961728,-5.50924,71.97992,-0.30600,0.58618,-0.80973,-0.02094,0.01674,0.03754,0.83175,0.03343,
1703261967307373056,-5.50969,72.09596,-0.30631,0.58604,-0.80993,-0.01932,0.01429,-0.03445,0.85982,0.03078,
1703261967440784640,-5.50959,72.21072,-0.30381,0.58664,-0.80943,-0.01950,0.01698,0.02347,0.83668,0.03685,
1703261967574196224,-5.49282,72.32665,-0.30997,0.58447,-0.81109,-0.01761,0.01464,0.29348,0.88362,-0.11600,
1703261967707607808,-5.45468,72.43922,-0.31239,0.58586,-0.81032,-0.00764,0.00952,0.18064,0.85442,0.02405,
1703261967841019392,-5.44809,72.55538,-0.31390,0.58556,-0.81057,-0.00375,0.00880,-0.10449,0.88761,-0.02677,
1703261967974430464,-5.45814,72.67383,-0.31520,0.58530,-0.81075,-0.00695,0.00744,-0.03819,0.89078,0.02033,
1703261968107842304,-5.45306,72.78810,-0.30851,0.58703,-0.80952,-0.00579,0.00624,0.10833,0.80766,0.11119,
1703261968241253888,-5.43973,72.89648,-0.30530,0.58681,-0.80972,-0.00197,0.00236,0.06446,0.81493,-0.08361,
1703261968374665216,-5.44829,73.01004,-0.31640,0.58523,-0.81086,-0.00257,0.00355,-0.21524,0.89172,-0.04741,
1703261968508076800,-5.47773,73.12019,-0.31448,0.58520,-0.81078,-0.01063,0.00794,-0.11892,0.78401,0.09513,
1703261968641488640,-5.46769,73.22987,-0.31225,0.58668,-0.80976,-0.00777,0.00554,0.11722,0.90633,-0.08075,
1703261968774900224,-5.45793,73.34155,-0.30739,0.58786,-0.80895,-0.00331,0.00453,0.03458,0.81597,0.07182,
1703261968908312576,-5.46597,73.45016,-0.30910,0.58715,-0.80944,-0.00641,0.00534,-0.14396,0.87350,-0.06970,
1703261969041725696,-5.48650,73.56157,-0.30844,0.58792,-0.80880,-0.01086,0.00789,-0.12636,0.85082,0.03520,
1703261969175138816,-5.49471,73.67158,-0.30605,0.58886,-0.80810,-0.01145,0.00874,0.00309,0.89642,-0.10625,
1703261969308551680,-5.49024,73.79238,-0.31325,0.58713,-0.80939,-0.00973,0.00844,0.06196,0.89083,0.00884,
1703261969441964800,-5.49345,73.90785,-0.31632,0.58680,-0.80960,-0.01050,0.00994,-0.02713,0.81909,0.01658,
1703261969575378176,-5.49482,74.02455,-0.31949,0.58693,-0.80956,-0.00888,0.00704,-0.02785,0.86978,-0.01533,
1703261969708791552,-5.50455,74.13905,-0.31779,0.58789,-0.80887,-0.00878,0.00559,-0.09133,0.88077,-0.02346,
1703261969842204928,-5.51822,74.25343,-0.32049,0.58797,-0.80877,-0.01215,0.00598,-0.13700,0.89637,-0.06026,
1703261969975620864,-5.52907,74.37184,-0.32836,0.58648,-0.80976,-0.01511,0.01015,-0.06516,0.95165,-0.07825,
1703261970109036800,-5.53017,74.49085,-0.33158,0.58368,-0.81177,-0.01479,0.01168,0.04445,0.83433,0.01394,
1703261970242452992,-5.52077,74.60158,-0.32833,0.58539,-0.81064,-0.01126,0.00764,0.01906,0.83272,0.04567,
1703261970375869184,-5.52882,74.71605,-0.32534,0.58677,-0.80966,-0.01039,0.00684,-0.19684,0.87904,-0.01348,
1703261970509285632,-5.55576,74.83285,-0.32828,0.58494,-0.81086,-0.01599,0.00976,-0.15840,0.84711,0.05463,
1703261970642702080,-5.56844,74.95027,-0.32373,0.58571,-0.81021,-0.01842,0.01233,-0.00870,0.91465,0.00710,
1703261970776119040,-5.56800,75.06730,-0.32149,0.58534,-0.81054,-0.01711,0.00992,0.00541,0.88409,-0.04596,
1703261970909533440,-5.57446,75.18082,-0.32045,0.58565,-0.81037,-0.01581,0.00854,-0.16259,0.90056,-0.00726,
1703261971042947072,-5.60438,75.28998,-0.31994,0.58443,-0.81102,-0.02239,0.01363,-0.20904,0.76280,0.04729,
1703261971176360448,-5.61796,75.40148,-0.32147,0.58577,-0.80989,-0.02627,0.01658,0.08712,0.88005,0.01906,
1703261971309773824,-5.60616,75.51977,-0.32392,0.58511,-0.81060,-0.02034,0.01253,0.11147,0.85312,0.02531,
1703261971443187456,-5.60402,75.63674,-0.32329,0.58584,-0.81015,-0.01701,0.01244,-0.07335,0.84416,0.05253,
1703261971576601344,-5.60761,75.75344,-0.32486,0.58558,-0.81025,-0.01924,0.01484,-0.01630,0.91375,-0.06156,
1703261971710014976,-5.60362,75.86800,-0.32477,0.58540,-0.81044,-0.01853,0.01259,0.05807,0.83434,0.03217,
1703261971843428864,-5.60700,75.98581,-0.32593,0.58650,-0.80974,-0.01497,0.01028,-0.10856,0.93160,0.01727,
1703261971976849664,-5.62459,76.10583,-0.32435,0.58758,-0.80886,-0.01823,0.01275,-0.07083,0.89777,0.06612,
1703261972110270208,-5.62299,76.22673,-0.32011,0.58775,-0.80869,-0.02021,0.01302,0.09086,0.90795,-0.04521,
1703261972243691264,-5.60635,76.34251,-0.32339,0.58734,-0.80914,-0.01573,0.00885,0.04637,0.80527,0.06080,
1703261972443823360,-5.62924,76.51713,-0.32577,0.58810,-0.80856,-0.01596,0.01017,-0.19823,0.89093,0.04684,
1703261972643955456,-5.63683,76.69432,-0.32877,0.58698,-0.80926,-0.02038,0.01207,0.19609,0.86012,0.00494,
1703261972777377536,-5.60782,76.81374,-0.33157,0.58677,-0.80964,-0.01187,0.00558,0.14291,0.86338,0.01833,
1703261972910798080,-5.61420,76.92995,-0.32771,0.58700,-0.80952,-0.00996,0.00156,-0.20949,0.84720,-0.01245,
1703261973044217344,-5.64977,77.04276,-0.32943,0.58632,-0.80988,-0.01758,0.00493,-0.24507,0.85431,-0.02186,
1703261973177636352,-5.66760,77.15010,-0.32740,0.58749,-0.80890,-0.02116,0.00896,-0.01160,0.84744,0.01180,
1703261973311055872,-5.66323,77.26424,-0.32660,0.58677,-0.80946,-0.01968,0.00993,0.02974,0.83150,-0.02615,
1703261973444475904,-5.66263,77.36949,-0.32049,0.58786,-0.80859,-0.02001,0.01429,-0.03952,0.76747,0.05545,
1703261973577895680,-5.65934,77.47624,-0.31948,0.58824,-0.80842,-0.01730,0.01178,0.02708,0.71973,0.08623,
1703261973711315712,-5.66569,77.57563,-0.31575,0.58855,-0.80830,-0.01508,0.00534,-0.16135,0.73853,-0.01298,
1703261973844735744,-5.69922,77.67567,-0.31763,0.59140,-0.80606,-0.02180,0.00670,-0.21942,0.80357,-0.01811,
1703261973978156032,-5.71170,77.79149,-0.32796,0.58696,-0.80915,-0.02508,0.01153,0.04674,0.82810,0.00239,
1703261974111576576,-5.68999,77.89497,-0.32349,0.58688,-0.80937,-0.02027,0.00932,0.19399,0.76201,0.02433,
1703261974244997376,-5.67924,77.99601,-0.32299,0.58811,-0.80862,-0.01508,0.00565,-0.15203,0.85121,-0.16360,
1703261974378418176,-5.72019,78.11134,-0.34296,0.58426,-0.81122,-0.02258,0.00724,-0.32831,0.84600,0.02858,
1703261974511839488,-5.74795,78.21703,-0.33414,0.58789,-0.80835,-0.02945,0.00946,-0.02912,0.84506,-0.04194,
1703261974645260800,-5.73733,78.32989,-0.33588,0.58816,-0.80826,-0.02618,0.01025,0.17888,0.86841,-0.01178,
1703261974778682368,-5.71787,78.45199,-0.33682,0.58824,-0.80840,-0.01973,0.00845,0.02872,0.95384,-0.02331,
1703261974912099584,-5.72856,78.57641,-0.33823,0.58662,-0.80957,-0.02008,0.00831,-0.17964,0.88939,-0.01993,
1703261975045520128,-5.75903,78.69194,-0.33191,0.58849,-0.80799,-0.02597,0.01244,-0.14888,0.89147,0.07345,
1703261975178940416,-5.77776,78.81303,-0.33095,0.58890,-0.80756,-0.02906,0.01375,-0.08077,0.96663,-0.14004,
1703261975312361216,-5.78837,78.94503,-0.34112,0.58565,-0.80998,-0.02850,0.01213,-0.10955,0.94732,0.03995,
1703261975445782272,-5.80770,79.07156,-0.34237,0.58568,-0.80989,-0.02972,0.01359,-0.19475,0.92271,0.03585,
1703261975645914112,-5.83269,79.26024,-0.34418,0.58465,-0.81046,-0.03320,0.01508,-0.02683,0.91906,0.03524,
1703261975779335680,-5.84435,79.38780,-0.34646,0.58495,-0.81021,-0.03404,0.01515,-0.11202,0.99603,-0.07004,
1703261975912756992,-5.85500,79.52373,-0.34968,0.58404,-0.81085,-0.03412,0.01611,-0.08310,1.02509,-0.02440,
1703261976046178304,-5.87060,79.65736,-0.35031,0.58380,-0.81094,-0.03446,0.01924,-0.14711,0.91295,0.08352,
1703261976179599616,-5.88702,79.78693,-0.34756,0.58541,-0.80962,-0.03777,0.01942,-0.06683,1.06739,-0.09052,
1703261976313020928,-5.89427,79.91737,-0.34280,0.58611,-0.80931,-0.03417,0.01805,-0.13223,0.97120,0.02028,
1703261976446442752,-5.90967,80.05351,-0.34984,0.58485,-0.81017,-0.03512,0.01841,-0.10077,0.96516,0.10084,
1703261976579865088,-5.92445,80.18279,-0.34598,0.58670,-0.80863,-0.03819,0.02095,0.00423,1.10831,-0.15395,
1703261976713287168,-5.91479,80.32148,-0.34941,0.58478,-0.81026,-0.03461,0.01788,0.14326,1.01614,-0.00964,
1703261976846709504,-5.89948,80.45514,-0.35126,0.58388,-0.81122,-0.02827,0.01442,0.00400,0.93574,0.05048,
1703261976980131840,-5.89619,80.58636,-0.34588,0.58608,-0.80973,-0.02542,0.01429,-0.04218,1.00140,0.06051,
1703261977113554688,-5.89885,80.72141,-0.34782,0.58553,-0.81017,-0.02629,0.00921,0.01947,1.00736,-0.04807,
1703261977246977536,-5.90474,80.85315,-0.34691,0.58688,-0.80920,-0.02582,0.00972,-0.11318,1.04508,-0.06544,
1703261977380400896,-5.91580,80.98340,-0.34685,0.58642,-0.80943,-0.02758,0.01318,-0.05736,0.93531,0.04919,
1703261977513824512,-5.91373,81.11448,-0.35264,0.58607,-0.80976,-0.02642,0.01046,-0.01132,1.06903,-0.11754,
1703261977647248384,-5.91814,81.24904,-0.35621,0.58565,-0.81009,-0.02518,0.01127,-0.06075,1.03208,-0.03072,
1703261977780672512,-5.93066,81.38303,-0.35782,0.58440,-0.81093,-0.02721,0.01094,-0.07823,0.97270,0.01785,
1703261977914094848,-5.93916,81.51605,-0.36089,0.58358,-0.81157,-0.02603,0.01058,-0.12256,0.98916,0.00670,
1703261978047516160,-5.94770,81.64340,-0.36031,0.58532,-0.81034,-0.02627,0.00789,-0.00571,0.99268,-0.02723,
1703261978180937216,-5.95443,81.76608,-0.35394,0.58500,-0.81056,-0.02570,0.01062,-0.04615,0.84628,0.10136,
1703261978314358528,-5.95292,81.89116,-0.36368,0.58583,-0.80994,-0.02644,0.01005,0.10231,0.97744,-0.06397,
1703261978447780096,-5.93023,82.01995,-0.36460,0.58536,-0.81048,-0.02039,0.00714,0.19771,0.96132,-0.01577,
1703261978581201664,-5.91506,82.14435,-0.36051,0.58678,-0.80959,-0.01495,0.00537,0.07492,0.91732,0.01118,
1703261978714623488,-5.91066,82.26552,-0.36353,0.58602,-0.81014,-0.01568,0.00401,0.06116,0.94500,-0.10894,
1703261978848045312,-5.88844,82.38778,-0.36921,0.58515,-0.81086,-0.00997,-0.00166,0.08937,0.88266,0.01295,
1703261978981465344,-5.89410,82.50606,-0.36758,0.58570,-0.81047,-0.00894,-0.00439,-0.13420,0.84802,0.07339,
1703261979114885376,-5.91849,82.61899,-0.36756,0.58542,-0.81059,-0.01460,-0.00398,-0.17288,0.84964,-0.01671,
1703261979248305152,-5.93601,82.72827,-0.36737,0.58726,-0.80919,-0.01847,-0.00076,0.00340,0.88222,-0.04339,
1703261979381725184,-5.92489,82.84502,-0.36523,0.58677,-0.80962,-0.01459,-0.00155,0.13240,0.79939,0.11845,
1703261979515145728,-5.91174,82.95952,-0.36079,0.58794,-0.80879,-0.01161,-0.00685,0.07405,0.91439,-0.07680,
1703261979648566016,-5.91486,83.07163,-0.35575,0.58844,-0.80843,-0.01070,-0.00807,-0.14248,0.76464,0.05902,
1703261979781986560,-5.93089,83.18177,-0.35788,0.58755,-0.80904,-0.01410,-0.00641,-0.11493,0.82956,-0.03343,
1703261979915407104,-5.93723,83.28934,-0.36500,0.58596,-0.81017,-0.01545,-0.00546,0.01750,0.82214,-0.05495,
1703261980048828672,-5.94185,83.39611,-0.36643,0.58482,-0.81101,-0.01540,-0.00443,-0.06642,0.76864,0.01085,
1703261980182249728,-5.94851,83.49813,-0.36606,0.58644,-0.80983,-0.01597,-0.00441,-0.10824,0.82643,-0.04361,
1703261980315671552,-5.96012,83.60459,-0.36583,0.58639,-0.80984,-0.01689,-0.00378,-0.08063,0.77884,0.02614,
1703261980449093120,-5.97503,83.71097,-0.36264,0.58772,-0.80882,-0.02008,-0.00153,-0.04673,0.77465,0.02510,
1703261980582514688,-5.98155,83.81963,-0.36957,0.58515,-0.81062,-0.02212,0.00198,-0.04780,0.78830,0.00422,
1703261980715936512,-5.97769,83.92359,-0.36917,0.58571,-0.81025,-0.02122,0.00037,0.17021,0.77490,0.03099,
1703261980849358080,-5.96652,84.02706,-0.36468,0.58662,-0.80973,-0.01462,-0.00319,-0.02840,0.76720,0.01975,
1703261980982785280,-5.98681,84.13598,-0.36795,0.58589,-0.81017,-0.01852,-0.00256,-0.21502,0.79353,0.00735,
1703261981116212480,-6.01235,84.24206,-0.36854,0.58561,-0.81022,-0.02463,-0.00126,-0.05597,0.78249,0.00679,
1703261981249639936,-6.01300,84.34899,-0.36718,0.58625,-0.80982,-0.02244,0.00033,0.00477,0.78193,0.07134,
1703261981383067648,-6.00730,84.45291,-0.36051,0.58872,-0.80806,-0.02115,-0.00005,-0.00944,0.83105,-0.06949,
1703261981516495616,-6.01017,84.56768,-0.36661,0.58621,-0.80986,-0.02208,0.00263,-0.04533,0.87532,-0.04149,
1703261981649924096,-6.00846,84.67517,-0.36301,0.58696,-0.80934,-0.02105,0.00010,0.02214,0.84728,-0.02535,
1703261981783352576,-6.01717,84.78593,-0.36987,0.58430,-0.81130,-0.01981,-0.00128,-0.17982,0.79654,0.03626,
1703261981916776448,-6.03990,84.89291,-0.37198,0.58545,-0.81034,-0.02432,0.00338,-0.12018,0.85914,-0.09389,
1703261982050194944,-6.04251,85.00859,-0.37610,0.58447,-0.81094,-0.02679,0.00729,0.11897,0.87909,0.00095,
1703261982183613696,-6.02347,85.12608,-0.37349,0.58502,-0.81075,-0.01980,0.00703,0.13842,0.89011,0.04647,
1703261982317032448,-6.02095,85.24964,-0.37647,0.58508,-0.81078,-0.01692,0.00502,-0.06019,0.96899,-0.09731,
1703261982450450944,-6.03504,85.37942,-0.38746,0.58171,-0.81315,-0.01965,0.00324,-0.12333,0.92363,0.00967,
1703261982583869952,-6.05117,85.50043,-0.38681,0.58375,-0.81165,-0.02118,0.00426,-0.10096,0.99252,-0.07019,
1703261982717288448,-6.05563,85.62676,-0.38400,0.58312,-0.81207,-0.02230,0.00371,0.01362,0.91898,0.01981,
1703261982850707200,-6.04345,85.74681,-0.38320,0.58349,-0.81186,-0.02014,0.00290,0.14007,0.88686,0.06399,
1703261982984127232,-6.03518,85.86823,-0.38206,0.58359,-0.81188,-0.01647,-0.00022,0.01234,0.96493,-0.08165,
1703261983117547008,-6.03743,85.99770,-0.38500,0.58321,-0.81216,-0.01599,0.00118,-0.04975,0.97641,-0.00395,
1703261983250967040,-6.04266,86.12209,-0.38441,0.58165,-0.81322,-0.01835,0.00332,0.00147,0.89405,0.05875,
1703261983384387328,-6.03502,86.25027,-0.39080,0.58183,-0.81316,-0.01553,0.00059,0.07821,0.98358,-0.03232,
1703261983517807360,-6.02518,86.37556,-0.38667,0.58201,-0.81311,-0.01045,-0.00143,0.01344,0.91205,-0.00153,
1703261983651227136,-6.03688,86.49399,-0.38537,0.58300,-0.81236,-0.01349,-0.00210,-0.06892,0.92906,-0.00658,
1703261983784647424,-6.04205,86.61525,-0.38371,0.58553,-0.81054,-0.01343,0.00008,-0.02653,0.96620,-0.03350,
1703261983918068224,-6.04229,86.73871,-0.37696,0.58638,-0.80990,-0.01396,0.00464,0.01952,0.91226,0.04217,
1703261984051489024,-6.03152,86.86279,-0.38578,0.58424,-0.81146,-0.01228,0.00633,0.11354,0.90514,-0.04258,
1703261984184909824,-6.02487,86.98402,-0.38676,0.58694,-0.80958,-0.00892,0.00287,0.06229,1.03839,-0.10650,
1703261984318330880,-6.03571,87.10895,-0.38723,0.58636,-0.81000,-0.00861,0.00013,-0.15045,0.88810,0.05993,
1703261984451751936,-6.05819,87.23431,-0.39038,0.58613,-0.81009,-0.01315,0.00519,-0.21527,0.98181,-0.01128,
1703261984585173248,-6.07688,87.35345,-0.38553,0.58727,-0.80916,-0.01873,0.00561,-0.07003,0.93265,-0.07329,
1703261984718594560,-6.08989,87.47708,-0.39129,0.58496,-0.81079,-0.01879,0.00959,-0.02894,0.86751,0.06147,
1703261984852015616,-6.08894,87.59992,-0.38762,0.58659,-0.80966,-0.01749,0.00732,0.09726,0.92202,0.06588,
1703261984985436160,-6.08547,87.71893,-0.38212,0.58744,-0.80910,-0.01492,0.00669,-0.04086,0.90714,-0.00285,
1703261985118856960,-6.09928,87.83749,-0.38239,0.58824,-0.80845,-0.01700,0.00992,-0.09555,0.95515,-0.09940,
1703261985252277504,-6.10182,87.96512,-0.39298,0.58558,-0.81040,-0.01646,0.00895,0.05530,0.96788,-0.08558,
1703261985385698304,-6.09649,88.08564,-0.39284,0.58523,-0.81070,-0.01540,0.00638,-0.00796,0.83227,0.07493,
1703261985519119104,-6.09876,88.20590,-0.39336,0.58534,-0.81065,-0.01395,0.00462,-0.16260,0.89824,-0.00976,
1703261985652539648,-6.12430,88.32777,-0.39691,0.58432,-0.81126,-0.01918,0.00829,-0.17619,0.90932,-0.01396,
1703261985785960704,-6.12989,88.44769,-0.39733,0.58426,-0.81125,-0.02059,0.00934,0.08960,0.90006,-0.02064,
1703261985919383808,-6.12143,88.56828,-0.39423,0.58610,-0.81003,-0.01626,0.00852,-0.01149,0.95002,-0.05173,
1703261986052809984,-6.12831,88.69076,-0.39565,0.58621,-0.80996,-0.01720,0.00541,-0.08960,0.90603,-0.01623,
1703261986186236672,-6.14551,88.81016,-0.39960,0.58540,-0.81044,-0.02023,0.00883,-0.16254,0.91520,-0.04105,
1703261986319663360,-6.15526,88.93209,-0.40296,0.58456,-0.81099,-0.02206,0.01017,-0.02869,0.89429,-0.02032,
1703261986453090304,-6.15202,89.04340,-0.39291,0.58668,-0.80954,-0.02024,0.00632,0.03017,0.81682,0.09809,
1703261986586517248,-6.14721,89.15966,-0.38851,0.58786,-0.80874,-0.01736,0.00689,0.00669,0.92693,-0.07674,
1703261986719944704,-6.14852,89.27916,-0.39242,0.58597,-0.81009,-0.01826,0.00733,0.04155,0.88859,-0.06596,
1703261986853372672,-6.14839,89.39256,-0.39540,0.58528,-0.81064,-0.01690,0.00516,-0.00438,0.79938,0.09982,
1703261986986793472,-6.15189,89.49737,-0.39151,0.58750,-0.80902,-0.01684,0.00731,0.03898,0.75192,0.01040,
1703261987120214784,-6.13482,89.61005,-0.39456,0.58864,-0.80825,-0.01430,0.00572,0.17660,0.88845,-0.04638,
1703261987253635328,-6.11576,89.72307,-0.39712,0.58761,-0.80910,-0.00833,0.00046,0.01378,0.80476,0.02239,
1703261987387056384,-6.13739,89.82852,-0.39204,0.58862,-0.80834,-0.01071,-0.00012,-0.30720,0.83124,-0.04021,
1703261987520477184,-6.16619,89.93452,-0.39268,0.58959,-0.80750,-0.01739,0.00562,-0.09505,0.84746,-0.07534,
1703261987653898496,-6.15366,90.04778,-0.39519,0.58868,-0.80818,-0.01552,0.00810,0.25591,0.83111,0.02538,
1703261987787319296,-6.11855,90.15756,-0.39360,0.58792,-0.80888,-0.00621,0.00439,0.12316,0.80167,-0.01441,
1703261987920742400,-6.12696,90.27310,-0.39855,0.58649,-0.80992,-0.00687,0.00054,-0.21068,0.83770,0.02261,
1703261988054168064,-6.16551,90.38075,-0.39318,0.58734,-0.80921,-0.01419,0.00049,-0.28918,0.83173,-0.01613,
1703261988187594240,-6.18922,90.48711,-0.39226,0.58936,-0.80762,-0.01968,0.00375,-0.04612,0.82311,0.02147,
1703261988321020672,-6.18093,90.59564,-0.39172,0.58841,-0.80834,-0.01844,0.00423,0.07516,0.79459,-0.02567,
1703261988454446848,-6.16580,90.70001,-0.39376,0.58857,-0.80833,-0.01353,0.00127,0.10728,0.80815,-0.06088,
1703261988587873536,-6.16247,90.81278,-0.39848,0.58673,-0.80971,-0.01032,-0.00319,-0.08981,0.80959,0.02160,
1703261988721300480,-6.17463,90.91869,-0.39155,0.58851,-0.80837,-0.01376,-0.00102,-0.11154,0.75945,0.04376,
1703261988854727424,-6.18360,91.02403,-0.39196,0.58818,-0.80853,-0.01778,0.00222,0.05707,0.83170,-0.07908,
1703261988988153344,-6.16845,91.13551,-0.39861,0.58723,-0.80932,-0.01239,0.00025,0.12474,0.79627,0.04187,
1703261989121579008,-6.15895,91.24878,-0.39888,0.58784,-0.80893,-0.00842,-0.00216,0.01011,0.87673,-0.02803,
1703261989255004928,-6.16493,91.36188,-0.39897,0.58695,-0.80956,-0.00966,-0.00260,-0.09350,0.84252,-0.03334,
1703261989388430848,-6.17976,91.47767,-0.40359,0.58604,-0.81019,-0.01209,-0.00010,-0.12542,0.85041,0.04015,
1703261989521857280,-6.18610,91.59281,-0.40188,0.58771,-0.80895,-0.01362,0.00165,-0.06339,0.91830,-0.00473,
1703261989655283456,-6.19554,91.71415,-0.40219,0.58786,-0.80882,-0.01525,0.00291,-0.12085,0.87265,-0.00568,
1703261989788709888,-6.20767,91.84123,-0.41375,0.58525,-0.81065,-0.01733,0.00565,-0.03539,0.97235,-0.06671,
1703261989922136064,-6.20565,91.96307,-0.40825,0.58680,-0.80959,-0.01494,0.00203,0.02960,0.91612,0.03340,
1703261990055561472,-6.21259,92.08399,-0.40016,0.58777,-0.80889,-0.01472,-0.00121,-0.18353,0.85773,0.11101,
1703261990188987136,-6.23567,92.20144,-0.39680,0.58784,-0.80873,-0.01987,-0.00180,-0.15714,0.90314,-0.05570,
1703261990322413056,-6.24243,92.32120,-0.40569,0.58658,-0.80963,-0.02052,0.00087,0.10696,0.86376,0.00839,
1703261990455839232,-6.22336,92.43416,-0.39132,0.58895,-0.80798,-0.01708,-0.00230,0.16216,0.82543,0.06856,
1703261990589265152,-6.20656,92.55358,-0.39722,0.58746,-0.80913,-0.01306,-0.00619,0.03771,0.89560,-0.03378,
1703261990722691072,-6.21271,92.67123,-0.39943,0.58731,-0.80923,-0.01268,-0.00725,-0.02418,0.85831,0.01374,
1703261990856117504,-6.21208,92.79078,-0.40059,0.58821,-0.80859,-0.01309,-0.00389,0.08152,0.95209,-0.08400,
1703261990989549568,-6.18696,92.91589,-0.40719,0.58666,-0.80976,-0.00973,-0.00488,0.29349,0.86920,0.05534,
1703261991122983168,-6.15752,93.03869,-0.40509,0.58799,-0.80880,-0.00295,-0.00960,0.12062,0.96572,-0.06661,
1703261991256417280,-6.15664,93.16912,-0.40787,0.58689,-0.80961,-0.00244,-0.00956,-0.09311,0.89952,0.07307,
1703261991389851648,-6.16754,93.29028,-0.40394,0.58775,-0.80895,-0.00495,-0.01068,-0.03626,0.93516,-0.02800,
1703261991523286272,-6.17271,93.41525,-0.40893,0.58793,-0.80886,-0.00576,-0.00778,0.01277,0.94460,-0.02607,
1703261991656721408,-6.16655,93.54535,-0.41031,0.58773,-0.80901,-0.00569,-0.00665,0.11062,1.00787,-0.03177,
1703261991790156800,-6.15718,93.67970,-0.41600,0.58627,-0.81008,-0.00309,-0.00745,-0.01499,0.99007,0.02172,
1703261991923588608,-6.16482,93.80662,-0.41466,0.58580,-0.81037,-0.00341,-0.01144,-0.13684,0.91340,0.01324,
1703261992057015040,-6.18972,93.93176,-0.41430,0.58668,-0.80972,-0.00827,-0.00972,-0.17593,0.93458,0.03936,
1703261992190441216,-6.20713,94.05287,-0.41034,0.58646,-0.80983,-0.01315,-0.00826,-0.05168,0.92311,-0.07608,
1703261992323867392,-6.20941,94.17371,-0.41543,0.58576,-0.81036,-0.01304,-0.00546,0.03482,0.91510,0.01128,
1703261992457294080,-6.20197,94.29318,-0.41105,0.58637,-0.80993,-0.01128,-0.00726,0.03811,0.90939,-0.00270,
1703261992590720768,-6.20341,94.41287,-0.40732,0.58683,-0.80963,-0.01030,-0.00363,-0.12933,0.87379,0.03733,
1703261992724147456,-6.21530,94.53513,-0.40913,0.58695,-0.80948,-0.01409,-0.00488,-0.05612,0.96560,-0.10028,
1703261992857574144,-6.21308,94.65499,-0.41198,0.58640,-0.80990,-0.01251,-0.00678,-0.01197,0.86520,0.04520,
1703261992991001600,-6.21964,94.77572,-0.41122,0.58606,-0.81015,-0.01283,-0.00573,-0.11125,0.87424,0.06436,
1703261993124429568,-6.22948,94.89433,-0.41210,0.58538,-0.81059,-0.01492,-0.00729,-0.01493,0.87416,-0.00371,
1703261993257857280,-6.23230,95.01414,-0.41283,0.58578,-0.81031,-0.01443,-0.00693,0.02576,0.87974,0.02855,
1703261993391285504,-6.22769,95.13776,-0.41395,0.58626,-0.80999,-0.01396,-0.00415,0.05763,0.94089,-0.01908,
1703261993524713472,-6.21371,95.26004,-0.40789,0.58859,-0.80834,-0.01176,-0.00300,0.05609,0.99185,-0.10335,
1703261993658142208,-6.20904,95.39123,-0.41474,0.58657,-0.80981,-0.01044,-0.00599,0.00002,0.92544,0.06355,
1703261993791570688,-6.21285,95.51620,-0.41758,0.58676,-0.80969,-0.00871,-0.00609,-0.10956,0.92846,0.00878,
1703261993925000960,-6.23180,95.63781,-0.41397,0.58684,-0.80956,-0.01339,-0.00756,-0.12372,0.92299,-0.01347,
1703261994058435840,-6.24258,95.75530,-0.41543,0.58736,-0.80915,-0.01531,-0.00695,-0.03091,0.85241,0.06530,
1703261994191871488,-6.23968,95.87467,-0.41542,0.58698,-0.80942,-0.01530,-0.00787,0.08518,0.90571,-0.04546,
1703261994325306880,-6.22896,95.99182,-0.41937,0.58766,-0.80899,-0.01203,-0.00709,0.06733,0.94061,-0.13439,
1703261994458742784,-6.22184,96.11296,-0.42684,0.58503,-0.81093,-0.01111,-0.00450,0.07413,0.86156,0.05489,
1703261994592179200,-6.20592,96.22697,-0.42453,0.58655,-0.80983,-0.00855,-0.00798,0.13281,0.86818,0.00338,
1703261994725615616,-6.20780,96.34524,-0.42814,0.58531,-0.81072,-0.00625,-0.00973,-0.11315,0.90278,-0.01293,
1703261994859052544,-6.22914,96.45692,-0.41998,0.58741,-0.80917,-0.01112,-0.00840,-0.05518,0.79451,0.09799,
1703261994992484608,-6.23243,96.56782,-0.41897,0.58734,-0.80918,-0.01320,-0.00973,0.00282,0.84525,-0.05193,
1703261995125916160,-6.23639,96.68594,-0.42634,0.58670,-0.80968,-0.01294,-0.00574,-0.05302,0.93661,-0.06830,
1703261995259348224,-6.23955,96.80743,-0.43079,0.58478,-0.81106,-0.01406,-0.00367,0.05884,0.83369,-0.01813,
1703261995392780032,-6.23127,96.91987,-0.42686,0.58630,-0.81001,-0.01160,-0.00177,0.04403,0.87705,-0.01074,
1703261995526212096,-6.22575,97.03906,-0.43242,0.58513,-0.81086,-0.01042,-0.00466,0.05780,0.86715,-0.01458,
1703261995659644672,-6.22745,97.15432,-0.43566,0.58491,-0.81104,-0.00811,-0.00497,-0.14337,0.91151,-0.04579,
1703261995793077248,-6.25271,97.26926,-0.43290,0.58563,-0.81047,-0.01326,-0.00193,-0.20087,0.88310,0.02851,
1703261995926506496,-6.26955,97.38083,-0.42579,0.58635,-0.80986,-0.01810,-0.00090,-0.07697,0.82166,0.02233,
1703261996059929856,-6.28409,97.49475,-0.43627,0.58422,-0.81136,-0.01921,0.00025,-0.17707,0.90968,-0.11712,
1703261996260064768,-6.30321,97.66166,-0.42660,0.58730,-0.80905,-0.02148,0.00667,0.02324,0.86538,-0.01396,
1703261996393488128,-6.28681,97.78093,-0.43083,0.58644,-0.80972,-0.02057,0.00468,0.19802,0.92898,-0.08717,
1703261996526911232,-6.26435,97.90143,-0.43385,0.58574,-0.81039,-0.01337,0.00273,0.09070,0.84902,0.07880,
1703261996660334848,-6.27505,98.02664,-0.43770,0.58513,-0.81084,-0.01286,0.00165,-0.12537,0.94199,-0.00717,
1703261996793758208,-6.28901,98.14478,-0.43676,0.58476,-0.81103,-0.01699,0.00143,-0.01420,0.86027,0.00580,
1703261996927180544,-6.28414,98.26027,-0.43418,0.58603,-0.81016,-0.01450,-0.00049,0.03848,0.92953,0.00930,
1703261997060600832,-6.28388,98.37658,-0.42659,0.58879,-0.80817,-0.01395,-0.00177,0.00987,0.88459,0.05856,
1703261997194021120,-6.28051,98.49927,-0.43326,0.58609,-0.81014,-0.01316,-0.00156,-0.05630,0.89538,-0.03875,
1703261997327441664,-6.28384,98.61502,-0.43288,0.58796,-0.80877,-0.01396,0.00031,0.01231,0.87241,0.03291,
1703261997460862208,-6.27050,98.73722,-0.43154,0.58800,-0.80878,-0.01048,-0.00346,0.08641,0.87798,0.05975,
1703261997594282240,-6.27085,98.85648,-0.43150,0.58847,-0.80847,-0.00861,-0.00136,-0.22221,0.98369,-0.13167,
1703261997727702528,-6.29683,98.97952,-0.43538,0.58689,-0.80952,-0.01518,0.00225,-0.13566,0.89527,-0.01450,
1703261997861123072,-6.30213,99.09300,-0.42959,0.58664,-0.80970,-0.01479,0.00298,0.00456,0.81873,0.06180,
1703261997994545664,-6.30237,99.20950,-0.43049,0.58868,-0.80822,-0.01497,0.00383,-0.03420,0.94657,-0.04943,
1703261998194680064,-6.30539,99.39433,-0.43312,0.58785,-0.80880,-0.01575,0.00542,-0.01695,0.92937,-0.02390,
1703261998328102912,-6.30645,99.51649,-0.43124,0.58835,-0.80849,-0.01323,0.00461,-0.07917,0.87699,0.08939,
1703261998461525760,-6.32239,99.63812,-0.43008,0.58881,-0.80809,-0.01574,0.00606,-0.07865,0.92314,0.00259,
1703261998594948608,-6.32648,99.76119,-0.43023,0.58912,-0.80782,-0.01738,0.00770,0.03158,0.95250,-0.03404,
1703261998728371200,-6.31781,99.88613,-0.43359,0.58829,-0.80848,-0.01540,0.00649,0.03465,0.92823,0.01504,
1703261998861793792,-6.32098,100.01385,-0.43617,0.58712,-0.80935,-0.01451,0.00450,-0.06342,0.95800,-0.02929,
1703261998995211520,-6.34353,100.13451,-0.43318,0.58826,-0.80845,-0.01783,0.00671,-0.18341,0.86941,0.06028,
1703261999128628224,-6.35905,100.26272,-0.43959,0.58787,-0.80860,-0.02141,0.01043,-0.04061,1.00149,-0.02016,
1703261999262044672,-6.36158,100.39194,-0.44230,0.58680,-0.80936,-0.02187,0.01143,0.04743,0.99253,-0.05607,
1703261999395460608,-6.36133,100.51990,-0.44226,0.58791,-0.80863,-0.01910,0.01016,-0.07241,0.99198,0.00285,
1703261999528876800,-6.37231,100.65354,-0.44268,0.58771,-0.80877,-0.01977,0.00971,-0.04886,0.98251,0.04296,
1703261999662292480,-6.38019,100.78487,-0.44436,0.58704,-0.80918,-0.02113,0.01304,-0.03593,0.97736,0.01880,
1703261999795707648,-6.37055,100.91032,-0.44051,0.58938,-0.80752,-0.01913,0.01310,0.13144,0.98410,-0.00283,
1703261999929129728,-6.35378,101.04403,-0.44107,0.58879,-0.80812,-0.01375,0.00864,0.10576,0.98395,-0.01301,
1703262000062566912,-6.34892,101.17771,-0.44271,0.58812,-0.80865,-0.01180,0.00751,-0.03615,0.99811,0.00975,
1703262000196004352,-6.35326,101.30810,-0.44255,0.58805,-0.80864,-0.01379,0.00987,-0.00707,0.96334,0.01093,
1703262000329442048,-6.35335,101.43683,-0.44145,0.58810,-0.80859,-0.01402,0.01062,0.03646,0.98081,-0.01487,
1703262000462880256,-6.35505,101.56629,-0.44364,0.58796,-0.80876,-0.01258,0.00739,-0.06331,0.97257,0.00369,
1703262000596318208,-6.37363,101.69767,-0.44558,0.58798,-0.80873,-0.01419,0.00657,-0.13160,0.98398,0.02887,
1703262000729757184,-6.39265,101.82544,-0.44383,0.58835,-0.80835,-0.01822,0.00901,-0.08367,0.90931,0.03993,
1703262000863196160,-6.39371,101.95779,-0.44682,0.58788,-0.80870,-0.01789,0.00907,0.01244,0.98057,0.00180,
1703262000996643328,-6.38987,102.08816,-0.44321,0.58933,-0.80770,-0.01480,0.00944,-0.05246,0.93670,0.06456,
1703262001130093312,-6.39895,102.21646,-0.43987,0.59024,-0.80699,-0.01692,0.00993,-0.07165,1.00830,-0.05472,
1703262001263543552,-6.40164,102.34790,-0.44241,0.58944,-0.80757,-0.01726,0.01025,-0.01040,0.94011,0.07217,
1703262001396994560,-6.40159,102.47886,-0.44508,0.58823,-0.80845,-0.01711,0.00990,0.01743,0.95098,0.01657,
1703262001530446336,-6.40200,102.60631,-0.44554,0.58874,-0.80809,-0.01678,0.00928,-0.01664,1.00220,-0.07671,
1703262001663898368,-6.40855,102.73485,-0.45042,0.58724,-0.80917,-0.01681,0.01072,-0.05754,0.91513,0.03679,
1703262001797351424,-6.41202,102.86212,-0.45051,0.58734,-0.80911,-0.01665,0.00976,0.00415,0.93400,0.00993,
1703262001930807296,-6.41228,102.98808,-0.44989,0.58749,-0.80902,-0.01558,0.00979,-0.01119,0.92569,0.00212,
1703262002064272128,-6.41154,103.11351,-0.45113,0.58665,-0.80963,-0.01572,0.00953,-0.00525,0.88974,0.03596,
1703262002264471552,-6.42120,103.30125,-0.44800,0.58786,-0.80876,-0.01589,0.00876,-0.09241,0.91861,0.03366,
1703262002397938688,-6.43155,103.42750,-0.44905,0.58671,-0.80955,-0.01757,0.00946,-0.01699,0.91070,0.01339,
1703262002531406848,-6.43002,103.54828,-0.44335,0.58817,-0.80848,-0.01657,0.01146,0.01131,0.88928,0.05758,
1703262002664876288,-6.42477,103.66968,-0.43650,0.58962,-0.80748,-0.01462,0.01073,0.00413,0.95122,-0.08854,
1703262002798346752,-6.43096,103.79373,-0.44314,0.58669,-0.80960,-0.01511,0.01059,-0.10829,0.85927,0.03961,
1703262002931817984,-6.44165,103.91283,-0.44167,0.58773,-0.80881,-0.01652,0.01155,-0.03530,0.90193,0.03896,
1703262003065291008,-6.45049,104.03048,-0.43853,0.58784,-0.80867,-0.01806,0.01283,-0.02824,0.88442,-0.04379,
1703262003198764800,-6.44592,104.15290,-0.44253,0.58628,-0.80986,-0.01673,0.01054,0.00894,0.87424,0.03626,
1703262003332240128,-6.44883,104.27072,-0.44018,0.58726,-0.80918,-0.01633,0.00939,-0.09871,0.92148,-0.03645,
1703262003465716224,-6.46772,104.38819,-0.43680,0.58793,-0.80860,-0.01959,0.01104,-0.14347,0.90204,-0.02312,
1703262003599193344,-6.47649,104.50753,-0.43706,0.58779,-0.80865,-0.02068,0.01258,-0.00475,0.88636,-0.00759,
1703262003732671744,-6.47098,104.62469,-0.43634,0.58722,-0.80911,-0.01870,0.01297,0.07737,0.84541,0.01173,
1703262003866151168,-6.45892,104.74074,-0.43500,0.58838,-0.80838,-0.01512,0.01002,0.09644,0.92672,-0.08731,
1703262003999631360,-6.44735,104.85949,-0.43810,0.58771,-0.80896,-0.01175,0.00653,0.00933,0.89897,-0.03076,
1703262004133114112,-6.44716,104.97476,-0.43729,0.58745,-0.80915,-0.01144,0.00601,-0.03810,0.81683,0.07779,
1703262004266598144,-6.44670,105.08837,-0.43719,0.58767,-0.80901,-0.01117,0.00539,0.05874,0.87192,-0.03959,
1703262004400083456,-6.43667,105.20428,-0.44179,0.58601,-0.81023,-0.00991,0.00560,0.08681,0.85648,-0.04001,
1703262004533570048,-6.42275,105.31543,-0.44479,0.58621,-0.81010,-0.00778,0.00622,0.08979,0.83391,0.00383,
1703262004667057920,-6.41027,105.43087,-0.44545,0.58627,-0.81010,-0.00415,0.00230,0.02264,0.86882,0.02613,
1703262004800547328,-6.41002,105.54898,-0.44665,0.58622,-0.81015,-0.00239,0.00091,-0.03452,0.91146,-0.04524,
1703262004934037248,-6.41082,105.66481,-0.44701,0.58641,-0.81000,-0.00463,0.00209,0.08184,0.87239,0.00235,
1703262005067526912,-6.39832,105.77749,-0.44259,0.58742,-0.80928,-0.00159,0.00231,0.04216,0.83964,0.03002,
1703262005201017856,-6.39693,105.89491,-0.44781,0.58637,-0.81004,-0.00034,-0.00208,-0.01293,0.90272,-0.03597,
1703262005334510336,-6.40450,106.01130,-0.44731,0.58627,-0.81011,-0.00169,-0.00175,-0.05373,0.88585,-0.04347,
1703262005468004352,-6.40700,106.12816,-0.44901,0.58640,-0.81001,-0.00369,-0.00012,-0.00413,0.88004,-0.01540,
1703262005601499648,-6.40009,106.24726,-0.45287,0.58547,-0.81069,-0.00243,0.00068,0.04646,0.86576,-0.00203,
1703262005734996224,-6.39506,106.36425,-0.45139,0.58628,-0.81010,-0.00105,0.00058,-0.01313,0.89636,-0.03283,
1703262005868494336,-6.39936,106.48051,-0.44906,0.58716,-0.80947,-0.00219,0.00037,-0.04617,0.87361,0.01883,
1703262006001984000,-6.40450,106.59953,-0.45334,0.58600,-0.81030,-0.00302,0.00025,-0.01355,0.87756,0.01606,
1703262006135474688,-6.40395,106.71612,-0.45374,0.58604,-0.81028,-0.00300,0.00113,0.03006,0.87066,0.00398,
1703262006268966400,-6.39936,106.83250,-0.45239,0.58688,-0.80967,-0.00176,-0.00094,0.01862,0.87996,-0.01199,
1703262006402459648,-6.40526,106.95134,-0.45250,0.58674,-0.80977,-0.00237,-0.00197,-0.07411,0.88636,-0.02414,
1703262006535954176,-6.41160,107.07129,-0.45334,0.58691,-0.80964,-0.00366,-0.00075,-0.03404,0.90544,-0.01114,
1703262006669450240,-6.40835,107.19269,-0.45370,0.58702,-0.80956,-0.00337,-0.00051,0.07055,0.89877,-0.00815,
1703262006802947584,-6.39661,107.31396,-0.45492,0.58682,-0.80971,-0.00065,-0.00208,0.07091,0.91554,-0.01765,
1703262006936441600,-6.39630,107.43413,-0.45559,0.58609,-0.81024,-0.00114,-0.00154,-0.07434,0.85586,0.04465,
1703262007069926656,-6.40220,107.55360,-0.45648,0.58606,-0.81026,-0.00309,-0.00190,-0.04551,0.88976,-0.00780,
1703262007203412736,-6.40192,107.67216,-0.45404,0.58732,-0.80935,-0.00274,-0.00188,-0.00348,0.89595,0.00696,
1703262007336900352,-6.38994,107.79242,-0.45137,0.58757,-0.80917,-0.00088,-0.00327,0.10085,0.88545,0.00838,
1703262007537133568,-6.38562,107.97058,-0.45200,0.58753,-0.80920,-0.00088,-0.00215,-0.08903,0.88313,-0.00498,
1703262007670624256,-6.39524,108.09050,-0.45472,0.58682,-0.80971,-0.00276,-0.00104,-0.05484,0.88889,-0.01195,
1703262007804116224,-6.39594,108.20848,-0.45840,0.58697,-0.80960,-0.00228,-0.00097,0.03774,0.89425,-0.02265,
1703262008004337664,-6.38725,108.38853,-0.45954,0.58627,-0.81012,-0.00071,0.00088,0.01277,0.89086,-0.01436,
1703262008137809152,-6.39455,108.50742,-0.45970,0.58604,-0.81028,-0.00201,-0.00004,-0.11017,0.89082,0.01606,
1703262008271281152,-6.41256,108.62665,-0.45881,0.58654,-0.80990,-0.00519,0.00081,-0.14472,0.90710,-0.00206,
1703262008404753920,-6.42875,108.74654,-0.46126,0.58633,-0.81002,-0.00856,0.00380,-0.10928,0.90546,-0.00509,
1703262008538227200,-6.43550,108.86803,-0.46426,0.58620,-0.81008,-0.01013,0.00651,-0.01335,0.91230,0.00151,
1703262008671701504,-6.43137,108.99018,-0.46310,0.58679,-0.80968,-0.00839,0.00591,0.02748,0.91303,-0.00271,
1703262008805176320,-6.43111,109.10896,-0.46050,0.58712,-0.80945,-0.00770,0.00491,-0.04934,0.87614,0.03747,
1703262008938647808,-6.43888,109.23041,-0.46366,0.58662,-0.80979,-0.00913,0.00579,-0.05511,0.93114,-0.06424,
1703262009072110080,-6.44508,109.35093,-0.46498,0.58588,-0.81029,-0.01067,0.00767,-0.03176,0.90133,-0.00968,
1703262009205573120,-6.44977,109.47113,-0.46559,0.58576,-0.81036,-0.01116,0.00865,-0.02402,0.91987,-0.01871,
1703262009339036160,-6.45496,109.59254,-0.46386,0.58600,-0.81019,-0.01134,0.00843,-0.05194,0.89850,0.02969,
1703262009472499968,-6.46341,109.71651,-0.46337,0.58600,-0.81018,-0.01225,0.00850,-0.06621,0.94255,-0.02605,
1703262009605964288,-6.47102,109.83808,-0.46235,0.58631,-0.80991,-0.01350,0.00972,-0.08712,0.94349,-0.01768,
1703262009739428864,-6.47803,109.96175,-0.46234,0.58656,-0.80969,-0.01453,0.01141,-0.00217,0.92485,0.01290,
1703262009872893696,-6.47860,110.08807,-0.46499,0.58609,-0.81007,-0.01360,0.01046,0.01061,0.94071,-0.00221,
1703262010073081600,-6.48685,110.27671,-0.46622,0.58572,-0.81036,-0.01308,0.00852,-0.08540,0.93055,0.00951,
1703262010206539520,-6.49382,110.40051,-0.46306,0.58663,-0.80969,-0.01440,0.00848,-0.03852,0.93894,0.00281,
1703262010339997184,-6.49704,110.52701,-0.46420,0.58673,-0.80960,-0.01453,0.00960,0.01235,0.95740,-0.01223,
1703262010473455616,-6.49636,110.65586,-0.46522,0.58609,-0.81008,-0.01371,0.00922,-0.00791,0.94260,0.01081,
1703262010606914304,-6.49898,110.78407,-0.46797,0.58563,-0.81042,-0.01327,0.00828,-0.04792,0.92913,0.00283,
1703262010740373248,-6.50603,110.90676,-0.46672,0.58654,-0.80976,-0.01391,0.00871,-0.05224,0.92409,-0.00278,
1703262010873832704,-6.51235,111.03153,-0.46899,0.58621,-0.80994,-0.01551,0.01011,-0.02116,0.92473,0.00244,
1703262011007282432,-6.50905,111.15648,-0.46756,0.58633,-0.80989,-0.01465,0.00962,0.06476,0.91940,0.01387,
1703262011140728832,-6.50183,111.27925,-0.46738,0.58675,-0.80962,-0.01248,0.00873,-0.01031,0.91762,0.01353,
1703262011274175232,-6.50473,111.40073,-0.46609,0.58734,-0.80920,-0.01289,0.00799,-0.04598,0.93230,0.00472,
1703262011407621120,-6.50945,111.52293,-0.46347,0.58761,-0.80901,-0.01334,0.00562,0.00474,0.92408,-0.02870,
1703262011541067264,-6.51157,111.64498,-0.46540,0.58702,-0.80945,-0.01288,0.00644,-0.02589,0.91952,-0.00738,
1703262011674513408,-6.50423,111.76739,-0.46696,0.58685,-0.80957,-0.01216,0.00708,0.07814,0.90972,0.01700,
1703262011807959552,-6.50049,111.89017,-0.46716,0.58665,-0.80973,-0.01162,0.00699,-0.03868,0.88893,0.03582,
1703262011941402624,-6.51094,112.01540,-0.46909,0.58628,-0.80997,-0.01313,0.00680,-0.04505,0.91705,-0.01018,
1703262012074835712,-6.51473,112.13925,-0.47197,0.58583,-0.81030,-0.01299,0.00682,-0.00941,0.93424,-0.00745,
1703262012208268288,-6.51464,112.25975,-0.47121,0.58666,-0.80970,-0.01261,0.00700,0.00341,0.92827,-0.03040,
1703262012341699840,-6.51571,112.38165,-0.47211,0.58633,-0.80995,-0.01222,0.00683,-0.03023,0.91577,0.00598,
1703262012475131392,-6.52196,112.50429,-0.47095,0.58651,-0.80982,-0.01281,0.00621,-0.05007,0.88755,0.05264,
1703262012608561920,-6.52501,112.62473,-0.47273,0.58633,-0.80994,-0.01268,0.00704,-0.03751,0.93366,-0.04279,
1703262012741992192,-6.52458,112.74457,-0.47310,0.58623,-0.81000,-0.01271,0.00818,0.05174,0.91172,-0.01355,
1703262012875421440,-6.51850,112.86340,-0.47392,0.58600,-0.81020,-0.01103,0.00765,0.03918,0.87999,0.02214,
1703262013008843520,-6.51894,112.98199,-0.47592,0.58602,-0.81019,-0.01046,0.00723,-0.04654,0.90754,-0.02191,
1703262013142262016,-6.52352,113.09878,-0.47470,0.58653,-0.80983,-0.01133,0.00617,-0.00990,0.84307,0.04713,
1703262013275679232,-6.52426,113.21402,-0.47736,0.58613,-0.81012,-0.01062,0.00702,0.01510,0.85554,0.00155,
1703262013409095680,-6.52287,113.32880,-0.47760,0.58599,-0.81022,-0.01058,0.00708,0.02945,0.86954,0.00153,
1703262013542511104,-6.52401,113.44467,-0.47754,0.58618,-0.81009,-0.01027,0.00685,-0.05050,0.88199,-0.01321,
1703262013675924992,-6.53660,113.56226,-0.47650,0.58634,-0.80994,-0.01199,0.00809,-0.13221,0.86892,0.00979,
1703262013809337856,-6.54894,113.67794,-0.47563,0.58626,-0.80993,-0.01389,0.01070,-0.05686,0.84457,0.03985,
1703262013942752000,-6.55343,113.79080,-0.47335,0.58774,-0.80888,-0.01409,0.00892,-0.00136,0.89345,-0.05234,
1703262014076165632,-6.55667,113.91000,-0.47477,0.58673,-0.80964,-0.01336,0.00755,-0.05606,0.83370,0.05739,
1703262014209577984,-6.56605,114.02784,-0.47484,0.58673,-0.80960,-0.01503,0.00843,-0.06186,0.86023,0.03647,
1703262014342989056,-6.57117,114.14421,-0.47474,0.58617,-0.81000,-0.01520,0.00816,-0.01674,0.83167,0.00774,
1703262014476398848,-6.57834,114.26047,-0.47515,0.58694,-0.80944,-0.01514,0.00836,-0.07220,0.88925,-0.01510,
1703262014609807616,-6.58694,114.37724,-0.47644,0.58690,-0.80941,-0.01726,0.01062,-0.04093,0.87350,-0.00129,
1703262014743214592,-6.58503,114.49639,-0.47835,0.58661,-0.80965,-0.01619,0.00975,0.06695,0.89686,-0.00822,
1703262014876620800,-6.57876,114.61422,-0.47979,0.58680,-0.80958,-0.01322,0.00847,-0.00143,0.88490,-0.00574,
1703262015010023168,-6.58239,114.73285,-0.48064,0.58628,-0.80995,-0.01374,0.00793,0.00989,0.90008,-0.05115,
1703262015143422464,-6.58187,114.84768,-0.48232,0.58634,-0.80988,-0.01315,0.01095,-0.00349,0.88591,-0.04562,
1703262015276820224,-6.56975,114.96254,-0.47986,0.58703,-0.80944,-0.01013,0.01016,0.10567,0.86361,-0.01851,
1703262015410215936,-6.56664,115.08250,-0.48600,0.58579,-0.81040,-0.00795,0.00625,-0.01410,0.88089,0.01209,
1703262015543609856,-6.57766,115.20226,-0.48673,0.58552,-0.81057,-0.00969,0.00673,-0.11898,0.89910,-0.00906,
1703262015677002240,-6.58376,115.32074,-0.48667,0.58529,-0.81070,-0.01099,0.00872,-0.01917,0.89163,-0.02301,
1703262015810392832,-6.57667,115.44055,-0.48683,0.58579,-0.81037,-0.01015,0.00708,0.11259,0.89132,0.00152,
1703262015943785216,-6.56819,115.56276,-0.48842,0.58534,-0.81075,-0.00649,0.00495,-0.03388,0.89958,0.01324,
1703262016143888128,-6.57471,115.74392,-0.48558,0.58597,-0.81029,-0.00713,0.00418,-0.02511,0.89424,0.00914,
1703262016277288448,-6.57797,115.86642,-0.48537,0.58596,-0.81029,-0.00814,0.00484,-0.00649,0.90498,0.01564,
1703262016410686976,-6.57366,115.99046,-0.48534,0.58583,-0.81038,-0.00770,0.00508,0.02479,0.89343,0.01732,
1703262016544083968,-6.57141,116.11487,-0.48611,0.58617,-0.81015,-0.00690,0.00444,0.01510,0.91274,0.02154,
1703262016744176896,-6.56936,116.29935,-0.48841,0.58606,-0.81023,-0.00607,0.00386,0.02232,0.90804,0.01513,
1703262016944269312,-6.55721,116.47778,-0.48348,0.58788,-0.80893,-0.00435,0.00455,0.05303,0.90979,-0.03088,
1703262017077673472,-6.55308,116.60034,-0.49454,0.58465,-0.81127,-0.00320,0.00465,-0.06368,0.88020,-0.00733,
1703262017211075840,-6.55512,116.71605,-0.49159,0.58669,-0.80979,-0.00401,0.00334,0.06313,0.92755,-0.02279,
1703262017344476672,-6.54855,116.83715,-0.49045,0.58689,-0.80966,-0.00212,0.00127,0.01963,0.91221,-0.01664,
1703262017477876736,-6.54825,116.95880,-0.49348,0.58637,-0.81003,-0.00296,0.00050,-0.02381,0.92245,-0.00783,
1703262017611275264,-6.55175,117.07996,-0.49320,0.58680,-0.80972,-0.00439,0.00107,-0.03354,0.91039,0.00828,
1703262017744672000,-6.55195,117.19941,-0.49057,0.58718,-0.80944,-0.00447,-0.00029,0.00389,0.88243,0.00330,
1703262017878067968,-6.54968,117.32221,-0.49684,0.58610,-0.81023,-0.00324,0.00093,-0.00786,0.92811,-0.01421,
1703262018011472640,-6.54927,117.44127,-0.49289,0.58715,-0.80947,-0.00328,0.00063,-0.00026,0.91646,-0.05245,
1703262018144879360,-6.55783,117.56564,-0.49829,0.58574,-0.81048,-0.00469,0.00129,-0.08771,0.90966,-0.00018,
1703262018278285312,-6.56535,117.68436,-0.49737,0.58665,-0.80982,-0.00624,0.00143,-0.00042,0.91218,-0.05057,
1703262018411689984,-6.56196,117.80556,-0.49928,0.58612,-0.81020,-0.00546,0.00208,0.04580,0.87589,0.03281,
1703262018545093632,-6.55988,117.92420,-0.49987,0.58590,-0.81036,-0.00547,0.00208,-0.02190,0.89031,-0.01913,
1703262018678496000,-6.56077,118.03670,-0.49808,0.58601,-0.81028,-0.00533,0.00391,-0.03652,0.84359,0.01582,
1703262018811897600,-6.56360,118.14941,-0.50081,0.58599,-0.81030,-0.00627,0.00174,0.00276,0.83731,-0.02567,
1703262018945299712,-6.57094,118.26733,-0.50434,0.58557,-0.81059,-0.00680,0.00155,-0.09379,0.89160,-0.02501,
1703262019078706176,-6.58696,118.38722,-0.50564,0.58472,-0.81116,-0.01001,0.00423,-0.08102,0.87257,-0.00983,
1703262019212111616,-6.58178,118.50751,-0.50703,0.58411,-0.81162,-0.00922,0.00349,0.10078,0.87745,0.01380,
1703262019345516800,-6.57157,118.62575,-0.50626,0.58451,-0.81136,-0.00628,0.00080,0.01209,0.87507,-0.00487,
1703262019478920704,-6.58327,118.74517,-0.50729,0.58394,-0.81175,-0.00818,0.00077,-0.12431,0.86632,0.02429,
1703262019612323584,-6.60117,118.85975,-0.50471,0.58520,-0.81081,-0.01106,0.00089,-0.09684,0.86736,-0.00031,
1703262019745725696,-6.61035,118.97752,-0.50880,0.58468,-0.81116,-0.01266,0.00106,0.02975,0.86430,-0.00511,
1703262019879126784,-6.60060,119.08854,-0.50278,0.58522,-0.81081,-0.01037,-0.00023,0.09041,0.79578,0.05390,
1703262020012538880,-6.59230,119.20287,-0.50937,0.58450,-0.81135,-0.00838,-0.00192,0.03642,0.86189,-0.01813,
1703262020145955840,-6.59236,119.31664,-0.50911,0.58409,-0.81164,-0.00858,-0.00308,-0.01483,0.82750,0.00106,
1703262020279372288,-6.59930,119.42957,-0.50942,0.58443,-0.81139,-0.00914,-0.00286,-0.03860,0.83961,0.00387,
1703262020412788480,-6.60166,119.54159,-0.50883,0.58423,-0.81153,-0.00939,-0.00204,0.04730,0.84281,0.00830,
1703262020546203904,-6.58939,119.65062,-0.50499,0.58442,-0.81143,-0.00628,-0.00059,0.15189,0.75768,0.07609,
1703262020679618816,-6.57254,119.75444,-0.50003,0.58628,-0.81010,-0.00354,-0.00080,0.11354,0.76007,0.05752,
1703262020813033216,-6.56103,119.86166,-0.49903,0.58729,-0.80937,-0.00028,-0.00424,0.03187,0.80960,0.00545,
1703262020946449664,-6.56772,119.97643,-0.50569,0.58594,-0.81033,-0.00057,-0.00538,-0.14078,0.82334,0.03190,
1703262021079873792,-6.58364,120.08986,-0.50471,0.58745,-0.80923,-0.00538,-0.00329,-0.11199,0.90408,-0.06733,
1703262021213298176,-6.59049,120.20639,-0.50679,0.58602,-0.81025,-0.00791,-0.00361,-0.00192,0.82310,0.02801,
1703262021346722048,-6.59553,120.32118,-0.50745,0.58671,-0.80975,-0.00752,-0.00285,-0.11132,0.90886,-0.02453,
1703262021480146176,-6.60388,120.43527,-0.50625,0.58730,-0.80932,-0.00899,-0.00216,-0.00327,0.84331,0.04155,
1703262021613570048,-6.60995,120.54884,-0.50284,0.58826,-0.80860,-0.01037,-0.00135,-0.01959,0.88980,-0.03341,
1703262021746993664,-6.61025,120.66659,-0.50677,0.58611,-0.81017,-0.00967,-0.00170,-0.04543,0.82541,0.02093,
1703262021880417536,-6.61379,120.77389,-0.50119,0.58707,-0.80945,-0.01190,-0.00114,0.00944,0.78135,0.03707,
1703262022013844736,-6.61379,120.88702,-0.50652,0.58670,-0.80974,-0.01013,-0.00169,-0.04333,0.82673,-0.01277,
1703262022147273472,-6.62241,120.99876,-0.50460,0.58760,-0.80908,-0.01051,-0.00206,-0.10405,0.85399,0.00644,
1703262022280702464,-6.63527,121.11397,-0.50451,0.58795,-0.80877,-0.01421,0.00077,-0.06536,0.87020,-0.00876,
1703262022414131456,-6.64378,121.22968,-0.50195,0.58749,-0.80905,-0.01669,0.00344,-0.02950,0.83008,0.03732,
1703262022547560448,-6.64756,121.33985,-0.50284,0.58690,-0.80947,-0.01670,0.00484,-0.01703,0.83093,-0.05229,
1703262022680989696,-6.65522,121.44981,-0.51030,0.58447,-0.81118,-0.01779,0.00811,-0.06058,0.79512,0.00560,
1703262022814419456,-6.65237,121.55366,-0.50890,0.58519,-0.81069,-0.01703,0.00652,0.16542,0.75305,0.03648,
1703262022947848448,-6.62514,121.65456,-0.50643,0.58684,-0.80965,-0.00893,-0.00115,0.22070,0.76059,-0.02111,
1703262023081277696,-6.61200,121.76156,-0.51010,0.58610,-0.81022,-0.00530,-0.00214,-0.06052,0.82297,-0.03767,
1703262023214706688,-6.62558,121.87255,-0.51403,0.58511,-0.81090,-0.00973,-0.00055,-0.11768,0.85048,-0.00733,
1703262023348135680,-6.63493,121.98319,-0.51485,0.58502,-0.81093,-0.01178,0.00016,0.00085,0.82857,0.01748,
1703262023481565184,-6.62960,122.09584,-0.51603,0.58457,-0.81128,-0.00991,-0.00088,0.06182,0.82921,-0.01097,
1703262023614994432,-6.63009,122.20507,-0.51616,0.58444,-0.81137,-0.01050,0.00077,-0.02240,0.79009,0.03750,
1703262023748424192,-6.62773,122.31369,-0.51444,0.58582,-0.81038,-0.01034,0.00056,0.09059,0.84761,-0.00535,
1703262023881854208,-6.61571,122.42892,-0.51676,0.58508,-0.81095,-0.00623,-0.00141,0.06630,0.83996,0.03441,
1703262024015283456,-6.61140,122.54367,-0.51550,0.58567,-0.81053,-0.00513,-0.00127,-0.02681,0.85497,0.01154,
1703262024148712704,-6.61378,122.65602,-0.51333,0.58646,-0.80994,-0.00755,-0.00032,0.02319,0.86154,0.01385,
1703262024282142208,-6.60893,122.77172,-0.51079,0.58722,-0.80940,-0.00604,-0.00198,0.04797,0.91381,-0.02187,
1703262024415571712,-6.60576,122.88691,-0.51240,0.58628,-0.81009,-0.00443,-0.00358,0.00721,0.88311,-0.05787,
1703262024549001472,-6.59755,123.00027,-0.51729,0.58536,-0.81072,-0.00239,-0.00893,0.04202,0.81313,0.02165,
1703262024682431488,-6.60425,123.11282,-0.51619,0.58618,-0.81013,-0.00222,-0.00917,-0.14621,0.85617,0.02069,
1703262024815861248,-6.62162,123.23188,-0.51801,0.58629,-0.81004,-0.00879,-0.00459,-0.07434,0.90300,-0.01080,
1703262024949291264,-6.62137,123.34995,-0.51597,0.58704,-0.80950,-0.00923,-0.00274,0.04721,0.93197,-0.01326,
1703262025082720256,-6.61089,123.47145,-0.51450,0.58757,-0.80914,-0.00557,-0.00541,0.11024,0.91386,-0.04031,
1703262025216149248,-6.60095,123.59771,-0.51476,0.58733,-0.80931,-0.00260,-0.00743,0.04703,0.95971,0.00318,
1703262025349578496,-6.59991,123.72299,-0.51585,0.58743,-0.80923,-0.00334,-0.00746,0.00309,0.94501,0.01772,
1703262025483008000,-6.59434,123.84818,-0.51426,0.58793,-0.80888,-0.00282,-0.00658,0.06824,0.96614,-0.01830,
1703262025616437248,-6.58069,123.97747,-0.51870,0.58658,-0.80985,-0.00038,-0.00828,0.10392,0.91754,0.04426,
1703262025749866752,-6.57698,124.10607,-0.51834,0.58669,-0.80977,0.00086,-0.00881,-0.01361,0.99682,-0.06847,
1703262025883296512,-6.57910,124.23597,-0.51963,0.58644,-0.80995,-0.00014,-0.00830,-0.00966,0.96133,0.02142,
1703262026016726272,-6.57325,124.36340,-0.51871,0.58619,-0.81013,0.00095,-0.00822,0.03067,0.98187,-0.03301,
1703262026150156288,-6.56553,124.49043,-0.51747,0.58625,-0.81009,0.00201,-0.00793,-0.03010,0.85847,0.12743,
1703262026283586560,-6.56480,124.61817,-0.51747,0.58732,-0.80931,0.00074,-0.00894,0.03147,1.04653,-0.08747,
1703262026417016576,-6.55991,124.74764,-0.51498,0.58828,-0.80862,0.00177,-0.00759,0.02364,0.99970,-0.03425,
1703262026550447104,-6.56295,124.87957,-0.51388,0.58846,-0.80851,0.00080,-0.00560,-0.07405,0.95595,0.05935,
1703262026683877632,-6.57406,125.01517,-0.52351,0.58608,-0.81022,-0.00204,-0.00675,-0.09980,1.02567,-0.09411,
1703262026817308416,-6.58651,125.14814,-0.52417,0.58641,-0.80997,-0.00479,-0.00675,-0.06611,1.00560,-0.02354,
1703262026950739200,-6.58880,125.28478,-0.52801,0.58544,-0.81068,-0.00465,-0.00560,-0.00134,1.04282,-0.07561,
1703262027084169984,-6.58687,125.42341,-0.53176,0.58434,-0.81149,-0.00440,-0.00434,0.03005,1.02141,0.00281,
1703262027217601280,-6.58301,125.55810,-0.53038,0.58457,-0.81132,-0.00418,-0.00418,0.03951,1.01828,-0.04870,
1703262027351032576,-6.58510,125.69822,-0.53398,0.58356,-0.81205,-0.00413,-0.00489,-0.05340,1.04248,-0.01346,
1703262027484463872,-6.59112,125.83808,-0.53924,0.58326,-0.81225,-0.00558,-0.00460,-0.01990,1.09372,-0.06006,
1703262027617895424,-6.58990,125.97717,-0.54072,0.58236,-0.81290,-0.00621,-0.00239,0.06174,1.00952,0.01115,
1703262027751326720,-6.58351,126.11691,-0.54347,0.58276,-0.81262,-0.00494,-0.00421,0.00413,1.08156,-0.03494,
1703262027884758784,-6.58946,126.25731,-0.54608,0.58207,-0.81311,-0.00486,-0.00498,-0.10782,1.05282,-0.03226,
1703262028018184192,-6.60121,126.39304,-0.54746,0.58221,-0.81299,-0.00781,-0.00356,-0.07603,1.04237,-0.03405,
1703262028151605248,-6.59795,126.52732,-0.54889,0.58161,-0.81343,-0.00815,-0.00249,0.06694,1.01966,-0.03245,
1703262028285026816,-6.59191,126.66011,-0.54850,0.58251,-0.81279,-0.00576,-0.00425,-0.00485,0.98527,0.02364,
1703262028418448128,-6.59575,126.79546,-0.54916,0.58251,-0.81279,-0.00495,-0.00581,-0.06761,1.02276,0.00413,
1703262028551869440,-6.60531,126.92885,-0.54726,0.58369,-0.81192,-0.00723,-0.00602,-0.01180,1.01473,0.01293,
1703262028752001024,-6.59945,127.13171,-0.54835,0.58378,-0.81186,-0.00733,-0.00508,0.06485,1.00819,0.00799,
1703262028885422080,-6.58687,127.26466,-0.54738,0.58450,-0.81136,-0.00366,-0.00620,0.01908,0.97639,0.00219,
1703262029018848000,-6.58465,127.39981,-0.55241,0.58366,-0.81196,-0.00372,-0.00684,0.02042,1.02975,-0.02045,
1703262029152277248,-6.57693,127.53194,-0.55208,0.58415,-0.81161,-0.00294,-0.00744,0.07656,1.00039,-0.02292,
1703262029285706752,-6.56691,127.66340,-0.55173,0.58409,-0.81164,-0.00056,-0.00948,0.03669,0.97984,0.01145,
1703262029419136256,-6.56655,127.79208,-0.54998,0.58537,-0.81070,-0.00072,-0.01034,-0.02682,0.94445,0.00489,
1703262029552565760,-6.56788,127.92223,-0.55171,0.58442,-0.81139,-0.00211,-0.00997,-0.00493,0.97444,-0.01315,
1703262029685995520,-6.56152,128.05026,-0.55267,0.58533,-0.81074,-0.00158,-0.00959,0.07329,0.96175,-0.01537,
1703262029819425280,-6.55408,128.18002,-0.55228,0.58506,-0.81092,0.00004,-0.01076,0.02811,0.95681,-0.01588,
1703262029952854784,-6.55836,128.30767,-0.55390,0.58487,-0.81106,-0.00113,-0.01043,-0.07616,0.95339,-0.01227,
1703262030086284288,-6.56937,128.43283,-0.55491,0.58483,-0.81110,-0.00423,-0.00872,-0.06499,0.92316,0.01258,
1703262030219713536,-6.57511,128.55662,-0.55467,0.58460,-0.81126,-0.00563,-0.00802,-0.01123,0.93418,-0.01352,
1703262030353142528,-6.57814,128.67815,-0.55540,0.58488,-0.81106,-0.00538,-0.00780,-0.01977,0.92869,-0.02413,
1703262030486571776,-6.58075,128.79757,-0.55616,0.58484,-0.81110,-0.00604,-0.00684,-0.01844,0.89428,-0.00270,
1703262030620001280,-6.58211,128.91575,-0.55419,0.58530,-0.81076,-0.00678,-0.00651,-0.00359,0.87259,0.01667,
1703262030820145664,-6.58585,129.09303,-0.55362,0.58554,-0.81058,-0.00788,-0.00641,-0.03309,0.85605,0.03622,
1703262030953574656,-6.58791,129.20887,-0.55356,0.58611,-0.81016,-0.00851,-0.00662,-0.02721,0.88422,-0.03183,
1703262031087003392,-6.58662,129.32513,-0.55578,0.58598,-0.81026,-0.00748,-0.00647,0.02220,0.85518,-0.02189,
1703262031220431872,-6.58534,129.44183,-0.55703,0.58601,-0.81024,-0.00738,-0.00606,0.01787,0.83547,0.02598,
1703262031353860608,-6.58542,129.55679,-0.55717,0.58598,-0.81027,-0.00761,-0.00585,-0.01023,0.82430,0.01897,
1703262031487288832,-6.58977,129.66659,-0.55560,0.58623,-0.81007,-0.00867,-0.00648,-0.02260,0.79046,0.04451,
1703262031620717824,-6.59170,129.76884,-0.55256,0.58703,-0.80949,-0.00839,-0.00698,-0.05459,0.74741,-0.00625,
1703262031754146560,-6.60506,129.87271,-0.55786,0.58609,-0.81016,-0.01136,-0.00351,-0.11925,0.79538,-0.05403,
1703262031887575296,-6.60334,129.97751,-0.56039,0.58620,-0.81008,-0.01163,-0.00114,0.14174,0.81021,-0.03505,
1703262032087718912,-6.57027,130.13631,-0.56039,0.58577,-0.81045,-0.00383,-0.00564,0.05335,0.78342,-0.00825,
1703262032221148416,-6.57873,130.24294,-0.56250,0.58536,-0.81074,-0.00520,-0.00527,-0.12977,0.78474,-0.00114,
1703262032354577920,-6.59695,130.34772,-0.56223,0.58577,-0.81041,-0.00974,-0.00222,-0.10553,0.78494,0.00072,
1703262032488007424,-6.60377,130.45253,-0.56212,0.58559,-0.81052,-0.01188,-0.00127,0.02145,0.77342,0.01866,
1703262032621437184,-6.59863,130.55648,-0.56189,0.58581,-0.81039,-0.00983,-0.00240,0.02486,0.77331,0.01270,
1703262032754866688,-6.59905,130.66156,-0.56207,0.58592,-0.81031,-0.00982,-0.00294,-0.02312,0.76574,0.02002,
1703262032888296704,-6.60388,130.76730,-0.56460,0.58531,-0.81073,-0.01079,-0.00303,-0.00694,0.76276,0.00026,
1703262033021724928,-6.60577,130.87278,-0.56547,0.58505,-0.81092,-0.01093,-0.00361,-0.00522,0.77682,0.00457,
1703262033155152640,-6.60514,130.97747,-0.56475,0.58579,-0.81039,-0.01046,-0.00313,-0.00439,0.80972,-0.01948,
1703262033288580096,-6.60660,131.08688,-0.56599,0.58560,-0.81052,-0.01133,-0.00197,-0.01372,0.80438,0.02195,
1703262033422007808,-6.60683,131.19466,-0.56354,0.58634,-0.80999,-0.01132,-0.00146,0.02983,0.80191,-0.00065,
1703262033555435776,-6.60576,131.30339,-0.56577,0.58522,-0.81080,-0.01055,-0.00416,0.00951,0.79640,-0.02386,
1703262033688862976,-6.60890,131.40771,-0.57025,0.58396,-0.81169,-0.01018,-0.00716,-0.07369,0.76275,-0.06254,
1703262033822290688,-6.62604,131.50285,-0.57321,0.58333,-0.81208,-0.01348,-0.00825,-0.09476,0.70255,0.04293,
1703262033955718400,-6.62814,131.60015,-0.57336,0.58419,-0.81145,-0.01462,-0.00733,0.09273,0.74971,-0.00638,
1703262034089146112,-6.61444,131.70220,-0.57014,0.58574,-0.81039,-0.01307,-0.00342,0.10831,0.80593,-0.01015,
1703262034222574336,-6.59861,131.81073,-0.56995,0.58530,-0.81074,-0.00989,-0.00501,0.08095,0.81928,-0.00948,
1703262034356002048,-6.59677,131.92277,-0.57206,0.58523,-0.81080,-0.00807,-0.00735,-0.00247,0.85576,-0.02639,
1703262034489430272,-6.59898,132.03639,-0.57343,0.58445,-0.81136,-0.00755,-0.00815,-0.01496,0.83682,0.00284,
1703262034622857728,-6.59705,132.14767,-0.57368,0.58474,-0.81115,-0.00723,-0.00778,0.04771,0.85713,-0.02861,
1703262034756285952,-6.59332,132.26201,-0.57744,0.58380,-0.81184,-0.00664,-0.00752,0.02068,0.82947,0.00819,
1703262034889713664,-6.59390,132.37595,-0.57984,0.58330,-0.81219,-0.00591,-0.00905,-0.02671,0.83739,0.01395,
1703262035023140096,-6.60055,132.48982,-0.57892,0.58427,-0.81149,-0.00651,-0.00840,-0.06636,0.87622,-0.00566,
1703262035156564736,-6.60425,132.60738,-0.58040,0.58427,-0.81149,-0.00821,-0.00622,-0.03115,0.87960,0.00857,
1703262035289989120,-6.59734,132.72485,-0.57882,0.58461,-0.81126,-0.00759,-0.00611,0.02017,0.88983,0.00419,
1703262035490125312,-6.60402,132.90204,-0.58048,0.58446,-0.81136,-0.00838,-0.00546,-0.07187,0.87594,-0.00748,
1703262035623549440,-6.61025,133.02499,-0.57975,0.58375,-0.81186,-0.00885,-0.00571,-0.00706,0.93848,-0.04238,
1703262035756973824,-6.61433,133.14289,-0.57754,0.58416,-0.81156,-0.01011,-0.00536,-0.01065,0.85981,0.01592,
1703262035890397440,-6.60840,133.26271,-0.57907,0.58412,-0.81158,-0.00772,-0.00902,0.01366,0.90129,-0.01861,
1703262036023823616,-6.61464,133.38582,-0.58334,0.58362,-0.81194,-0.00755,-0.00881,-0.06613,0.94908,-0.06408,
1703262036157250560,-6.61386,133.50424,-0.58194,0.58494,-0.81098,-0.00846,-0.00882,0.06487,0.91534,-0.01050,
1703262036290678272,-6.59997,133.62778,-0.58346,0.58491,-0.81101,-0.00686,-0.00990,0.13121,0.92135,-0.01181,
1703262036424105728,-6.58056,133.75265,-0.58422,0.58443,-0.81133,-0.00370,-0.01298,0.15469,0.90812,0.02317,
1703262036557533184,-6.55698,133.87466,-0.58209,0.58524,-0.81068,0.00062,-0.01712,0.22004,0.89621,0.01751,
1703262036690960640,-6.52441,133.99506,-0.58081,0.58569,-0.81020,0.00603,-0.02230,0.29755,0.89868,-0.02334,
1703262036824388352,-6.48403,134.11353,-0.58310,0.58455,-0.81077,0.01278,-0.02809,0.34922,0.84056,0.02019,
1703262036957815552,-6.43969,134.22389,-0.57630,0.58609,-0.80934,0.02128,-0.03181,0.31814,0.80910,0.02157,
1703262037157958144,-6.37783,134.38744,-0.57132,0.58729,-0.80805,0.02994,-0.03526,0.28619,0.78018,0.02063,
1703262037291386368,-6.34347,134.48848,-0.57192,0.58652,-0.80812,0.03432,-0.04195,0.19494,0.73041,-0.00653,
1703262037424814592,-6.32911,134.58051,-0.57058,0.58672,-0.80763,0.03725,-0.04582,-0.06069,0.68772,0.01715,
1703262037624957440,-6.35435,134.70850,-0.56957,0.58820,-0.80723,0.02790,-0.04033,-0.04822,0.60616,0.00896,
1703262037758385920,-6.34845,134.78647,-0.57104,0.58845,-0.80712,0.02744,-0.03912,0.10024,0.59850,-0.01349,
1703262037891814400,-6.33654,134.86706,-0.57324,0.58812,-0.80732,0.02910,-0.03880,0.06785,0.57957,0.00190,
1703262038025242112,-6.33724,134.94468,-0.56919,0.58949,-0.80650,0.02801,-0.03579,-0.04931,0.57139,0.00654,
1703262038158669824,-6.34714,135.01813,-0.56944,0.58916,-0.80693,0.02499,-0.03356,-0.10518,0.53238,-0.00097,
1703262038292097024,-6.36367,135.09083,-0.57062,0.58903,-0.80718,0.02183,-0.03205,-0.15546,0.54066,0.01093,
1703262038425524736,-6.38551,135.16569,-0.57084,0.58946,-0.80715,0.01653,-0.02783,-0.15105,0.57428,0.00165,
1703262038558952192,-6.40600,135.24428,-0.57355,0.58905,-0.80770,0.01125,-0.02285,-0.16181,0.60104,-0.02212,
1703262038692379648,-6.43419,135.32470,-0.57728,0.58866,-0.80812,0.00554,-0.01981,-0.28692,0.62607,-0.03197,
1703262038825807104,-6.48356,135.40646,-0.58081,0.58817,-0.80858,-0.00413,-0.01571,-0.41013,0.64316,-0.05709,
1703262038959235072,-6.54115,135.49400,-0.58715,0.58685,-0.80951,-0.01579,-0.00755,-0.38533,0.66241,-0.01138,
1703262039092662784,-6.58890,135.58398,-0.58838,0.58619,-0.80982,-0.02407,0.00032,-0.38251,0.68598,-0.02004,
1703262039226091008,-6.64756,135.67340,-0.58750,0.58639,-0.80927,-0.03355,0.00979,-0.51188,0.68252,-0.04223,
1703262039359518720,-6.72417,135.76334,-0.58864,0.58534,-0.80917,-0.04695,0.02062,-0.63130,0.62066,0.04346,
1703262039492946944,-6.80827,135.84937,-0.58670,0.58535,-0.80786,-0.06168,0.03040,-0.59930,0.61542,0.04710,
1703262039626374656,-6.89646,135.93460,-0.58955,0.58333,-0.80775,-0.07517,0.04009,-0.64502,0.61176,-0.00242,
1703262039759803136,-6.98609,136.01746,-0.58852,0.58294,-0.80603,-0.08931,0.05020,-0.66226,0.67360,-0.05086,
1703262039893230848,-7.07385,136.10053,-0.59050,0.58115,-0.80518,-0.10229,0.05905,-0.71506,0.54173,0.06444,
1703262040026658048,-7.17417,136.17542,-0.58277,0.58193,-0.80151,-0.11733,0.07195,-0.78575,0.54122,0.03348,
1703262040160084224,-7.29011,136.25148,-0.58776,0.57832,-0.79980,-0.13495,0.08746,-0.78368,0.52477,0.04521,
1703262040293510400,-7.39541,136.32692,-0.58654,0.57624,-0.79731,-0.14799,0.10168,-0.75683,0.61805,-0.03478,
1703262040426936832,-7.49084,136.40676,-0.58605,0.57469,-0.79518,-0.15937,0.10965,-0.68137,0.55625,0.00862,
1703262040560363008,-7.58446,136.48322,-0.59296,0.57134,-0.79406,-0.16969,0.11932,-0.79512,0.57165,-0.10473,
1703262040693788928,-7.69684,136.54613,-0.59425,0.56964,-0.79037,-0.18425,0.12990,-0.94962,0.38406,-0.00319,
1703262040827215360,-7.83294,136.59422,-0.60025,0.56532,-0.78684,-0.20326,0.14134,-1.03600,0.33102,0.01164,
1703262040960641280,-7.95966,136.63725,-0.59620,0.56322,-0.78190,-0.21878,0.15349,-0.91496,0.37159,-0.03100,
1703262041094067200,-8.08209,136.68165,-0.59628,0.55899,-0.77793,-0.23540,0.16413,-0.86815,0.30750,-0.01203,
1703262041227492864,-8.19539,136.72414,-0.59751,0.55472,-0.77367,-0.24855,0.17874,-0.82123,0.33321,0.02064,
1703262041360918784,-8.30817,136.75979,-0.58990,0.55351,-0.76734,-0.25986,0.19312,-1.00939,0.23014,-0.07774,
1703262041494344192,-8.44867,136.78300,-0.59889,0.54857,-0.76272,-0.27731,0.20106,-1.07885,0.16339,-0.04784,
1703262041627769600,-8.59611,136.79718,-0.59676,0.54548,-0.75497,-0.29534,0.21273,-1.01980,0.06181,0.14321,
1703262041761195776,-8.73097,136.81223,-0.58478,0.54021,-0.74654,-0.31015,0.23379,-1.06267,0.09481,0.02674,
1703262041894621184,-8.86511,136.83431,-0.58050,0.53385,-0.74012,-0.32585,0.24707,-0.90668,0.23294,0.06395,
1703262042028047104,-8.99137,136.86249,-0.58003,0.52864,-0.73615,-0.33516,0.25745,-1.04773,0.13510,-0.04520,
1703262042161474048,-9.12990,136.86788,-0.57910,0.52397,-0.73016,-0.34943,0.26499,-1.12681,-0.07909,-0.06427,
1703262042294900736,-9.27834,136.84828,-0.58549,0.51731,-0.72219,-0.36939,0.27275,-1.07313,-0.16866,0.02768,
1703262042428327424,-9.41416,136.82684,-0.58510,0.51479,-0.71315,-0.38556,0.27882,-0.94288,-0.10188,0.03823,
1703262042561754112,-9.54194,136.80603,-0.57948,0.51084,-0.70502,-0.39799,0.28912,-0.97133,-0.25425,0.10006,
1703262042695180544,-9.66977,136.77334,-0.57700,0.50483,-0.69480,-0.41349,0.30237,-1.04655,-0.24238,-0.13506,
1703262042828607232,-9.80673,136.74477,-0.58562,-0.49651,0.68655,0.42938,-0.31267,-0.99533,-0.19237,0.05053,
1703262042962034688,-9.93870,136.71840,-0.58381,-0.48935,0.67874,0.44075,-0.32496,-0.99246,-0.20692,-0.00109,
1703262043095462656,-10.06790,136.68566,-0.58203,-0.48398,0.67006,0.45477,-0.33162,-0.92792,-0.26319,0.04849,
1703262043228890880,-10.19073,136.63833,-0.58075,-0.47605,0.66058,0.46877,-0.34243,-0.90543,-0.41433,0.07385,
1703262043362318848,-10.30746,136.58745,-0.57124,-0.46894,0.64847,0.48223,-0.35643,-0.93831,-0.35653,-0.02280,
1703262043495747072,-10.42978,136.54375,-0.57701,-0.46302,0.63992,0.49364,-0.36392,-0.98385,-0.34438,-0.10406,
1703262043629175296,-10.56131,136.48272,-0.58480,-0.45394,0.63103,0.50840,-0.37050,-0.96108,-0.50704,-0.01150,
1703262043762603520,-10.68825,136.40957,-0.58749,-0.44553,0.61885,0.52262,-0.38131,-0.98890,-0.56513,-0.00672,
1703262043896031744,-10.81444,136.32725,-0.58983,-0.43224,0.60621,0.53821,-0.39497,-0.95679,-0.65428,-0.04178,
1703262044029457920,-10.93326,136.25083,-0.59048,-0.42138,0.59554,0.55432,-0.40062,-0.80913,-0.38754,0.05589,
1703262044162882560,-11.03985,136.20304,-0.59798,-0.41665,0.59141,0.56172,-0.40139,-0.74078,-0.37930,-0.03632,
1703262044296307200,-11.13557,136.14156,-0.59613,-0.41036,0.58382,0.56953,-0.40793,-0.64001,-0.59349,0.10017,
1703262044429731584,-11.22482,136.05200,-0.58857,-0.40141,0.56827,0.58303,-0.41954,-0.65416,-0.66728,0.05668,
1703262044563155968,-11.30599,135.97610,-0.58143,-0.39396,0.55723,0.59192,-0.42886,-0.59558,-0.50969,0.05499,
1703262044696580096,-11.39262,135.89674,-0.57985,-0.38770,0.54728,0.59933,-0.43701,-0.65801,-0.65079,0.03882,
1703262044830003968,-11.46981,135.81061,-0.56691,-0.38571,0.53572,0.60747,-0.44182,-0.50500,-0.68919,0.06730,
1703262044963427840,-11.53444,135.70276,-0.56426,-0.37771,0.52159,0.61925,-0.44923,-0.48250,-0.83820,0.00123,
1703262045096854016,-11.59792,135.61351,-0.56147,-0.36659,0.51009,0.62883,-0.45824,-0.49864,-0.56955,0.02058,
1703262045230280192,-11.66721,135.54930,-0.55708,-0.36021,0.50280,0.63366,-0.46466,-0.54013,-0.42870,0.02249,
1703262045363706624,-11.74529,135.48184,-0.56407,-0.35175,0.49669,0.63917,-0.47014,-0.58366,-0.59729,-0.04914,
1703262045497132800,-11.81524,135.39959,-0.56666,-0.34297,0.48629,0.64715,-0.47653,-0.51519,-0.65529,0.01144,
1703262045630558976,-11.88033,135.31264,-0.56509,-0.33424,0.47680,0.65353,-0.48357,-0.52937,-0.71707,-0.05479,
1703262045763985408,-11.94633,135.21355,-0.56323,-0.32928,0.46497,0.66124,-0.48800,-0.46646,-0.73194,0.09818,
1703262045897411584,-11.99951,135.10285,-0.55133,-0.31982,0.45058,0.66874,-0.49748,-0.38903,-0.99462,-0.00408,
1703262046030840832,-12.04725,134.97019,-0.55420,-0.30848,0.43270,0.68179,-0.50277,-0.39601,-0.95228,-0.01995,
1703262046164273408,-12.09689,134.85181,-0.55917,-0.29769,0.42013,0.69068,-0.50776,-0.39056,-0.82511,-0.00311,
1703262046297706240,-12.15252,134.75151,-0.55645,-0.28900,0.40976,0.69585,-0.51417,-0.39499,-0.74735,0.05503,
1703262046431139072,-12.20165,134.63985,-0.56298,-0.28161,0.39894,0.70329,-0.51664,-0.28085,-0.99927,-0.08642,
1703262046564572160,-12.22720,134.51686,-0.55732,-0.27691,0.38306,0.71204,-0.51922,-0.13415,-0.90328,0.09680,
1703262046698005248,-12.24724,134.39490,-0.55554,-0.27145,0.36699,0.72019,-0.52245,-0.18178,-0.90333,-0.01787,
1703262046831438592,-12.27580,134.28262,-0.55592,-0.26147,0.35365,0.72741,-0.52673,-0.22057,-0.83609,0.01605,
1703262046964871936,-12.30726,134.17511,-0.55744,-0.25056,0.34196,0.73402,-0.53057,-0.21470,-0.81881,-0.03409,
1703262047098298112,-12.32791,134.06362,-0.55504,-0.24084,0.32878,0.74010,-0.53493,-0.13166,-0.83231,-0.00517,
1703262047231724032,-12.33990,133.94748,-0.54989,-0.22884,0.31421,0.74588,-0.54089,-0.05958,-0.91616,0.03184,
1703262047365150208,-12.35093,133.83133,-0.54573,-0.21751,0.30019,0.75088,-0.54658,-0.08658,-0.88482,-0.02270,
1703262047498576384,-12.35960,133.70951,-0.54997,-0.20521,0.28687,0.75765,-0.54915,-0.05367,-0.86196,0.03615,
1703262047632002304,-12.36955,133.59648,-0.54816,-0.19488,0.27470,0.76138,-0.55395,-0.09623,-0.81326,-0.01329,
1703262047765428480,-12.37846,133.48606,-0.54780,-0.18614,0.26385,0.76512,-0.55707,0.00234,-0.83361,0.02035,
1703262047898854400,-12.36586,133.36773,-0.54741,-0.17185,0.24797,0.76972,-0.56260,0.17049,-0.91355,0.01286,
1703262048032281344,-12.35064,133.25752,-0.54129,-0.15949,0.23170,0.77411,-0.56713,0.05615,-0.81161,0.01305,
1703262048165709824,-12.34728,133.15305,-0.54253,-0.15388,0.22263,0.77751,-0.56766,0.00625,-0.77115,-0.05794,
1703262048299137792,-12.33300,133.04418,-0.54676,-0.14900,0.21244,0.78126,-0.56771,0.21327,-0.88872,-0.01059,
1703262048432566272,-12.29674,132.93101,-0.53973,-0.13924,0.19427,0.78508,-0.57143,0.29423,-0.82325,0.08025,
1703262048565994752,-12.26181,132.82031,-0.53291,-0.13050,0.17702,0.78822,-0.57475,0.17865,-0.77064,0.07422,
1703262048699422720,-12.23950,132.72173,-0.52304,-0.12578,0.16625,0.78907,-0.57785,0.19911,-0.68961,0.07871,
1703262048832851456,-12.19807,132.62098,-0.52205,-0.11539,0.15174,0.79229,-0.57960,0.40969,-0.76349,-0.01235,
1703262048966279936,-12.14825,132.51661,-0.52596,-0.10203,0.13325,0.79633,-0.58111,0.26048,-0.77252,-0.04654,
1703262049099701760,-12.12843,132.42075,-0.52729,-0.09269,0.12351,0.79905,-0.58109,0.05426,-0.66210,-0.00145,
1703262049233123840,-12.11853,132.33282,-0.52524,-0.08632,0.11737,0.80038,-0.58152,0.08531,-0.61975,0.02518,
1703262049366545408,-12.10163,132.25042,-0.51863,-0.08189,0.11064,0.80056,-0.58323,0.20186,-0.60479,0.02215,
1703262049499966976,-12.05894,132.16260,-0.51564,-0.07530,0.09880,0.80160,-0.58481,0.43314,-0.66799,0.06692,
1703262049633388288,-12.00309,132.07669,-0.50415,-0.06707,0.08319,0.80168,-0.58813,0.40816,-0.63792,0.04641,
1703262049766809344,-11.94907,131.98416,-0.50935,-0.05560,0.06897,0.80386,-0.58819,0.39710,-0.73848,-0.07038,
1703262049900230656,-11.89973,131.88560,-0.51224,-0.04615,0.05665,0.80527,-0.58839,0.36215,-0.76467,0.00068,
1703262050033656576,-11.84379,131.77900,-0.51645,-0.03301,0.04280,0.80695,-0.58814,0.48725,-0.80943,-0.01260,
1703262050167087616,-11.78266,131.67773,-0.51303,-0.02180,0.02892,0.80782,-0.58832,0.48146,-0.76358,0.00530,
1703262050300518912,-11.71275,131.58028,-0.51031,-0.01350,0.01371,0.80801,-0.58885,0.57532,-0.69608,0.05834,
1703262050433950464,-11.62891,131.49135,-0.50015,-0.00352,-0.00272,0.80687,-0.59071,0.74462,-0.68956,-0.01426,
1703262050567381760,-11.53024,131.39426,-0.51272,0.00800,-0.02103,0.80887,-0.58756,0.68059,-0.71903,-0.00416,
1703262050700813568,-11.45038,131.29019,-0.51617,0.01749,-0.03520,0.80917,-0.58625,0.49410,-0.81447,-0.05853,
1703262050834245376,-11.37757,131.18158,-0.51777,0.02641,-0.04785,0.80938,-0.58474,0.55422,-0.73606,0.08407,
1703262050967673600,-11.29428,131.07969,-0.51197,0.04010,-0.06057,0.80757,-0.58528,0.69481,-0.80020,-0.01058,
1703262051101162496,-11.20313,130.97174,-0.50757,0.05231,-0.07488,0.80514,-0.58601,0.66007,-0.85975,-0.01721,
1703262051234652672,-11.11349,130.84960,-0.51452,0.06056,-0.08577,0.80496,-0.58396,0.70106,-0.94561,-0.05929,
1703262051368144640,-11.01344,130.72542,-0.51858,0.06610,-0.09933,0.80478,-0.58146,0.67000,-0.85177,0.13508,
1703262051501638144,-10.91998,130.60560,-0.51604,0.07346,-0.11063,0.80240,-0.58182,0.68958,-0.92744,-0.02507,
1703262051635133184,-10.83478,130.48569,-0.51127,0.07796,-0.12043,0.80065,-0.58171,0.53836,-0.88304,0.10039,
1703262051768630016,-10.75973,130.36704,-0.50068,0.08376,-0.12668,0.79837,-0.58270,0.58170,-0.87083,0.08422,
1703262051902128128,-10.67838,130.24081,-0.50025,0.09256,-0.13595,0.79669,-0.58158,0.59905,-0.96799,0.05326,
1703262052035598592,-10.60494,130.10741,-0.49832,0.09944,-0.14140,0.79480,-0.58172,0.54474,-1.07841,-0.03087,
1703262052169032704,-10.53567,129.96465,-0.49438,0.10294,-0.14347,0.79334,-0.58261,0.44291,-1.13662,-0.01318,
1703262052302466816,-10.47108,129.80969,-0.49780,0.10536,-0.14500,0.79448,-0.58023,0.42055,-1.13249,0.04820,
1703262052435901184,-10.41857,129.64988,-0.49336,0.10851,-0.14354,0.79491,-0.57944,0.33560,-1.20895,0.01792,
1703262052569335552,-10.37480,129.48254,-0.48847,0.10651,-0.13908,0.79340,-0.58295,0.28408,-1.25965,0.01482,
1703262052702769664,-10.32435,129.30795,-0.49691,0.10152,-0.13579,0.79592,-0.58118,0.36580,-1.22958,0.07772,
1703262052836204288,-10.28393,129.14456,-0.48377,0.09643,-0.13279,0.79354,-0.58597,0.35268,-1.25596,-0.00365,
1703262052969639424,-10.25752,128.96781,-0.48843,0.09023,-0.12744,0.79580,-0.58508,0.09261,-1.41356,-0.09119,
1703262053103066112,-10.24659,128.78730,-0.48437,0.08550,-0.11931,0.79720,-0.58560,-0.09714,-1.37870,0.01178,
1703262053236492288,-10.26208,128.58815,-0.49894,0.07728,-0.10639,0.80044,-0.58482,-0.16038,-1.52670,-0.08922,
1703262053369918464,-10.28974,128.38905,-0.49997,0.06511,-0.09037,0.80306,-0.58540,-0.17189,-1.46406,-0.00018,
1703262053503344896,-10.31195,128.19509,-0.50135,0.05773,-0.07785,0.80461,-0.58583,-0.22620,-1.41463,0.10888,
1703262053636771072,-10.34049,127.99721,-0.50064,0.05179,-0.06740,0.80553,-0.58642,-0.33158,-1.51406,-0.09323,
1703262053770196992,-10.37823,127.79956,-0.50740,0.04900,-0.05451,0.80768,-0.58504,-0.23622,-1.43520,0.01611,
1703262053903623168,-10.40731,127.60548,-0.51210,0.04186,-0.04428,0.80835,-0.58554,-0.19413,-1.47359,-0.00803,
1703262054037049600,-10.43207,127.41693,-0.50159,0.03633,-0.03563,0.80705,-0.58828,-0.20684,-1.35383,0.11965,
1703262054170476544,-10.46272,127.21891,-0.50775,0.02958,-0.02610,0.80904,-0.58643,-0.19125,-1.41306,0.00786,
1703262054303902976,-10.48704,127.02461,-0.51122,0.02099,-0.01917,0.80865,-0.58760,-0.23185,-1.47646,0.01115,
1703262054504042752,-10.55799,126.74340,-0.50892,0.01191,-0.00278,0.80864,-0.58818,-0.53222,-1.40362,-0.02782,
1703262054637469440,-10.64098,126.56999,-0.49298,0.00208,0.01259,0.80565,-0.59226,-0.69566,-1.23731,0.06097,
1703262054770895872,-10.72802,126.39820,-0.49135,-0.00935,0.02964,0.80584,-0.59132,-0.49876,-1.21973,0.10962,
1703262054904322048,-10.77200,126.22564,-0.49034,-0.01700,0.03692,0.80509,-0.59176,-0.10922,-1.34631,-0.03898,
1703262055037750016,-10.78389,126.04676,-0.49301,-0.01652,0.03548,0.80481,-0.59224,-0.05415,-1.34087,-0.02470,
1703262055171179520,-10.80455,125.87049,-0.49782,-0.01454,0.03431,0.80645,-0.59012,-0.25250,-1.23866,0.03028,
1703262055371323392,-10.87303,125.62034,-0.50369,-0.01899,0.04492,0.80719,-0.58828,-0.25462,-1.24292,0.00063,
1703262055504752640,-10.89628,125.44944,-0.49995,-0.01896,0.04532,0.80570,-0.59028,-0.11390,-1.30474,-0.00003,
1703262055638181888,-10.89909,125.27255,-0.49842,-0.01657,0.04254,0.80657,-0.58937,0.04606,-1.23840,0.10738,
1703262055771610880,-10.89909,125.09136,-0.50806,-0.01701,0.03903,0.80823,-0.58733,-0.05010,-1.43070,-0.14869,
1703262055905040384,-10.89554,124.92080,-0.50497,-0.01608,0.03573,0.80761,-0.58841,-0.00525,-1.29217,-0.01417,
1703262056038468864,-10.89261,124.74623,-0.50525,-0.01606,0.03127,0.80881,-0.58701,-0.06761,-1.32938,-0.01448,
1703262056171895296,-10.89736,124.58991,-0.48185,-0.01169,0.03032,0.80381,-0.59400,-0.00920,-1.24485,0.11007,
1703262056305321984,-10.89940,124.41434,-0.48865,-0.00934,0.02757,0.80647,-0.59056,0.00335,-1.28192,-0.09157,
1703262056438748672,-10.90334,124.24445,-0.49101,-0.00852,0.02683,0.80670,-0.59028,-0.02447,-1.25925,0.11119,
1703262056572174848,-10.90448,124.07631,-0.48775,-0.01156,0.02460,0.80538,-0.59214,-0.04840,-1.34451,-0.10159,
1703262056705601024,-10.90639,123.90563,-0.48328,-0.01254,0.02370,0.80551,-0.59197,-0.03981,-1.18209,0.16768,
1703262056839027200,-10.90102,123.73479,-0.48588,-0.00638,0.01985,0.80732,-0.58975,0.00864,-1.32586,-0.12793,
1703262056972453376,-10.91283,123.57296,-0.47739,-0.00334,0.01900,0.80528,-0.59258,-0.15573,-1.23675,-0.00166,
1703262057105879552,-10.93455,123.41273,-0.47131,-0.00691,0.02298,0.80491,-0.59292,-0.19087,-1.19693,0.01808,
1703262057239305728,-10.93867,123.26042,-0.47170,-0.00634,0.02403,0.80375,-0.59445,0.07484,-1.23114,-0.14103,
1703262057372731648,-10.91687,123.09186,-0.48252,-0.00438,0.01606,0.80683,-0.59054,0.04896,-1.25923,-0.02174,
1703262057506157312,-10.92257,122.93622,-0.47959,0.00331,0.01592,0.80845,-0.58834,-0.10233,-1.02500,0.15666,
1703262057639583232,-10.95936,122.79990,-0.46523,0.00193,0.02107,0.80462,-0.59342,-0.33081,-1.08188,-0.04715,
1703262057773008896,-10.98321,122.64817,-0.47181,-0.00025,0.02640,0.80631,-0.59090,-0.00484,-1.10021,-0.01857,
1703262057906434304,-10.96191,122.51135,-0.45852,-0.00054,0.01972,0.80389,-0.59445,0.20169,-0.95258,0.15485,
1703262058039860480,-10.93817,122.36903,-0.46344,-0.00181,0.01424,0.80415,-0.59425,0.18151,-1.14012,-0.14703,
1703262058173287936,-10.92509,122.22402,-0.47455,-0.00019,0.01084,0.80726,-0.59010,-0.01568,-1.00003,0.05695,
1703262058306714880,-10.93432,122.09140,-0.47320,-0.00145,0.00981,0.80625,-0.59149,-0.18414,-1.01840,-0.04893,
1703262058440141824,-10.94691,121.95765,-0.47593,0.00041,0.01206,0.80795,-0.58913,-0.05798,-0.93018,0.05735,
1703262058573568512,-10.94738,121.82858,-0.47499,0.00257,0.01150,0.80800,-0.58906,-0.01577,-0.95976,-0.03636,
1703262058706995200,-10.95482,121.70372,-0.47841,-0.00240,0.01389,0.80832,-0.58857,-0.02747,-0.93183,-0.04266,
1703262058840421888,-10.93423,121.58858,-0.46978,0.00552,0.00889,0.80711,-0.59031,0.32131,-0.83227,0.04827,
1703262058973848320,-10.91458,121.48110,-0.46257,0.01040,-0.00023,0.80608,-0.59171,-0.02260,-0.77141,0.07998,
1703262059107269376,-10.92237,121.37427,-0.46103,0.00889,0.00143,0.80553,-0.59249,-0.06424,-0.87961,-0.11282,
1703262059240688640,-10.92558,121.26456,-0.46958,0.01099,0.00432,0.80834,-0.58860,0.03301,-0.70528,0.05279,
1703262059374107136,-10.92647,121.16532,-0.46765,0.01245,0.00223,0.80783,-0.58928,-0.08036,-0.71483,0.00649,
1703262059507525632,-10.93705,121.06792,-0.47038,0.00891,0.00438,0.80788,-0.58927,-0.05620,-0.69404,0.00451,
1703262059640943872,-10.93713,120.97388,-0.46678,0.00409,0.00766,0.80728,-0.59011,0.12409,-0.73782,-0.01416,
1703262059774361856,-10.90948,120.88289,-0.46765,0.00388,0.00260,0.80855,-0.58841,0.25615,-0.61574,0.04291,
1703262059907779328,-10.88391,120.80510,-0.46097,0.00821,-0.00488,0.80722,-0.59018,0.11995,-0.59636,0.05931,
1703262060041201152,-10.88014,120.72088,-0.45913,0.01034,-0.00651,0.80629,-0.59140,-0.04014,-0.63930,0.01398,
1703262060174631168,-10.88471,120.62349,-0.46461,0.00954,-0.00363,0.80733,-0.59001,-0.00775,-0.74165,-0.03721,
1703262060308061184,-10.88111,120.53025,-0.45633,0.00942,-0.00432,0.80667,-0.59092,0.01115,-0.62249,0.10768,
1703262060441490688,-10.87974,120.44065,-0.45459,0.00822,-0.00425,0.80635,-0.59136,0.05453,-0.71032,-0.04939,
1703262060641635072,-10.85766,120.30826,-0.45282,0.00609,-0.00928,0.80674,-0.59080,0.08209,-0.54684,0.04666,
1703262060775064832,-10.84554,120.23621,-0.44712,0.00777,-0.01121,0.80501,-0.59311,0.09803,-0.55688,0.00611,
1703262060908494592,-10.83428,120.15944,-0.45221,0.01202,-0.01321,0.80619,-0.59138,0.03231,-0.53523,0.01369,
1703262061041923328,-10.83782,120.08169,-0.44950,0.01114,-0.01155,0.80564,-0.59219,-0.09982,-0.62093,-0.00296,
1703262061175351040,-10.84850,119.99474,-0.45448,0.00704,-0.00655,0.80655,-0.59108,-0.01004,-0.65059,-0.00560,
1703262061308778752,-10.84008,119.91057,-0.45238,0.00865,-0.00795,0.80652,-0.59110,0.09416,-0.57897,0.05025,
1703262061442206464,-10.83082,119.83354,-0.44852,0.01154,-0.01193,0.80634,-0.59122,-0.03925,-0.56346,-0.00491,
1703262061575633664,-10.84311,119.75214,-0.45506,0.01115,-0.00829,0.80768,-0.58945,-0.08642,-0.59894,-0.01524,
1703262061709060864,-10.84340,119.67284,-0.45253,0.01141,-0.00664,0.80668,-0.59084,0.10927,-0.58378,0.01509,
1703262061842488064,-10.82676,119.58766,-0.45554,0.01356,-0.00992,0.80721,-0.59002,0.09379,-0.65602,-0.03482,
1703262061975915008,-10.83147,119.50209,-0.45702,0.01300,-0.00936,0.80733,-0.58988,-0.18472,-0.65622,-0.01505,
1703262062109344768,-10.85493,119.41311,-0.45702,0.00952,-0.00352,0.80748,-0.58981,-0.15896,-0.64047,0.03572,
1703262062242775040,-10.85854,119.32095,-0.45900,0.00701,-0.00221,0.80789,-0.58929,0.10679,-0.70210,-0.02516,
1703262062376205056,-10.83801,119.22511,-0.46035,0.00536,-0.00680,0.80777,-0.58943,0.17841,-0.75261,-0.02883,
1703262062509635328,-10.82175,119.12949,-0.45792,0.00586,-0.00949,0.80769,-0.58951,0.04351,-0.71343,-0.00993,
1703262062643065344,-10.83175,119.03264,-0.45908,0.00457,-0.00644,0.80747,-0.58986,-0.11474,-0.72315,0.03268,
1703262062776495616,-10.83922,118.92904,-0.46012,0.00914,-0.00528,0.80740,-0.58991,0.01746,-0.80593,-0.08588,
1703262062909925632,-10.84366,118.82545,-0.46594,0.01439,-0.00741,0.80935,-0.58710,-0.09935,-0.68757,0.07183,
1703262063043354624,-10.85679,118.73025,-0.45727,0.01222,-0.00311,0.80692,-0.59053,-0.00996,-0.68780,0.08751,
1703262063176781056,-10.85370,118.63707,-0.45391,0.00063,-0.00081,0.80714,-0.59036,0.17847,-0.70948,-0.06567,
1703262063310207488,-10.81595,118.54941,-0.45211,-0.00046,-0.00735,0.80750,-0.58982,0.41142,-0.65207,0.02747,
1703262063443633408,-10.77655,118.46302,-0.44649,0.01226,-0.01824,0.80577,-0.59182,0.08604,-0.70226,-0.01534,
1703262063577059072,-10.79483,118.36336,-0.44605,0.01966,-0.01693,0.80478,-0.59300,-0.38344,-0.76521,0.02829,
1703262063710484992,-10.84885,118.24434,-0.46171,0.01575,-0.00378,0.80888,-0.58775,-0.38148,-0.85828,-0.09505,
1703262063843910144,-10.86618,118.14069,-0.45327,0.01479,0.00160,0.80717,-0.59013,0.08436,-0.76055,0.05655,
1703262063977335552,-10.84177,118.03207,-0.45304,0.01845,-0.00410,0.80747,-0.58961,0.21301,-0.79987,0.04271,
1703262064110759936,-10.82054,117.92620,-0.45440,0.02105,-0.01009,0.80763,-0.58923,0.07713,-0.83492,-0.08570,
1703262064244184320,-10.81736,117.81626,-0.45918,0.02095,-0.01111,0.80755,-0.58932,-0.03262,-0.89166,-0.03176,
1703262064377608192,-10.81473,117.69943,-0.46050,0.01870,-0.01024,0.80815,-0.58859,-0.00253,-0.83083,0.03968,
1703262064511032320,-10.81433,117.58232,-0.45315,0.01528,-0.00714,0.80723,-0.59000,0.11859,-0.90981,0.03696,
1703262064644455936,-10.80762,117.46831,-0.44494,0.01364,-0.00906,0.80580,-0.59196,-0.00320,-0.87264,-0.01188,
1703262064777879296,-10.80687,117.33946,-0.45650,0.01357,-0.01011,0.80769,-0.58937,0.01141,-0.97333,-0.05714,
1703262064911302400,-10.80653,117.21111,-0.45904,0.01200,-0.00978,0.80846,-0.58835,-0.03194,-0.90134,0.07616,
1703262065044725248,-10.80805,117.08673,-0.45615,0.01168,-0.00762,0.80850,-0.58833,0.04023,-0.94529,-0.03472,
1703262065178147840,-10.81582,116.96787,-0.45870,0.00325,-0.00521,0.80952,-0.58705,-0.09904,-0.88888,-0.02965,
1703262065311570176,-10.81219,116.84799,-0.46260,0.00362,-0.00405,0.80998,-0.58643,0.09494,-0.85443,0.04447,
1703262065444991744,-10.80317,116.72905,-0.46187,0.01317,-0.00852,0.80899,-0.58762,-0.01196,-0.92131,-0.01363,
1703262065578413312,-10.82337,116.60822,-0.45895,0.01303,-0.00551,0.80762,-0.58954,-0.22441,-0.91782,-0.00904,
1703262065711834112,-10.85209,116.48486,-0.45430,0.01090,0.00398,0.80850,-0.58839,-0.08590,-0.90438,0.06731,
1703262065845254912,-10.84528,116.36163,-0.45615,0.01262,0.00256,0.80866,-0.58814,0.16942,-0.94945,-0.08579,
1703262065978675456,-10.82414,116.23327,-0.46245,0.01038,-0.00258,0.80964,-0.58683,0.10613,-0.89620,0.11039,
1703262066112095232,-10.80934,116.12373,-0.44006,0.00752,-0.00421,0.80591,-0.59198,0.14078,-0.83051,0.09362,
1703262066245515264,-10.79698,116.00510,-0.44595,0.01002,-0.00626,0.80742,-0.58986,0.03094,-0.88922,-0.04449,
1703262066378934784,-10.80774,115.88855,-0.44778,0.01486,-0.00581,0.80790,-0.58911,-0.21264,-0.83940,0.00977,
1703262066512353536,-10.84962,115.77579,-0.44397,0.00709,0.00199,0.80696,-0.59057,-0.37800,-0.79763,0.04119,
1703262066645772544,-10.87749,115.65883,-0.44268,-0.00079,0.01126,0.80613,-0.59164,0.07678,-0.94662,-0.05572,
1703262066779191040,-10.84001,115.53145,-0.44844,0.00478,0.00258,0.80810,-0.58902,0.37707,-0.82741,0.06251,
1703262066912608768,-10.82121,115.42544,-0.44042,0.01041,-0.00590,0.80654,-0.59106,-0.11558,-0.78032,0.00988,
1703262067046037504,-10.85956,115.31611,-0.44413,0.00571,0.00335,0.80706,-0.59043,-0.31283,-0.79027,-0.03757,
1703262067179489792,-10.88230,115.21172,-0.44212,0.00337,0.01006,0.80657,-0.59104,-0.00018,-0.74357,0.03998,
1703262067312943872,-10.86679,115.11031,-0.43875,0.00895,0.00583,0.80592,-0.59192,0.20973,-0.74328,0.01690,
1703262067446398976,-10.84564,115.00821,-0.43943,0.01455,-0.00098,0.80571,-0.59212,0.00714,-0.70403,0.06567,
1703262067579855360,-10.86530,114.90899,-0.44032,0.01005,0.00385,0.80607,-0.59173,-0.21275,-0.72558,-0.02896,
1703262067713313536,-10.88387,114.80793,-0.44188,0.00454,0.01034,0.80607,-0.59171,-0.00183,-0.70015,0.10184,
1703262067846772480,-10.86223,114.70710,-0.43527,0.00893,0.00429,0.80482,-0.59343,0.20932,-0.80260,-0.04725,
1703262067980232960,-10.84547,114.59671,-0.44318,0.01097,-0.00077,0.80667,-0.59090,0.05613,-0.83742,-0.07772,
1703262068113666560,-10.84950,114.49147,-0.44393,0.00990,0.00123,0.80760,-0.58964,-0.10196,-0.71784,0.05902,
1703262068247094016,-10.86536,114.38784,-0.44131,0.00852,0.00523,0.80726,-0.59011,-0.10737,-0.74436,0.05845,
1703262068380521216,-10.87118,114.28318,-0.43476,0.00991,0.00541,0.80612,-0.59164,0.01908,-0.79204,-0.00092,
1703262068513948672,-10.87750,114.17097,-0.43872,0.00969,0.00392,0.80696,-0.59051,-0.11936,-0.83901,-0.03332,
1703262068647376128,-10.89869,114.05860,-0.43489,0.00143,0.00885,0.80590,-0.59199,-0.18638,-0.88564,-0.02007,
1703262068780803328,-10.92040,113.94245,-0.42769,-0.00254,0.01588,0.80561,-0.59223,-0.07881,-0.84832,0.02064,
1703262068914230784,-10.94130,113.82628,-0.43225,-0.00552,0.01563,0.80716,-0.59010,-0.27858,-0.81912,0.01074,
1703262069047656960,-10.98543,113.71022,-0.43277,-0.01164,0.02166,0.80628,-0.59102,-0.38216,-0.90472,-0.00758,
1703262069181080832,-11.03226,113.58618,-0.43070,-0.01727,0.03240,0.80617,-0.59055,-0.25103,-0.96173,-0.07037,
1703262069314504192,-11.06559,113.46253,-0.42734,-0.02026,0.03735,0.80572,-0.59077,-0.20960,-0.91556,0.04325,
1703262069447927552,-11.09494,113.33684,-0.43818,-0.02358,0.04046,0.80786,-0.58750,-0.16068,-0.89694,0.01126,
1703262069581350656,-11.10751,113.21539,-0.43499,-0.02466,0.04203,0.80715,-0.58833,-0.00791,-0.94512,-0.01468,
1703262069714773760,-11.10831,113.09413,-0.43162,-0.02355,0.03826,0.80631,-0.58979,-0.06297,-0.92253,0.03636,
1703262069848196608,-11.12756,112.97626,-0.42658,-0.02518,0.04077,0.80525,-0.59099,-0.15040,-0.87341,0.06200,
1703262069981618944,-11.14358,112.84948,-0.42912,-0.02745,0.04398,0.80582,-0.58989,-0.06247,-0.99109,-0.05783,
1703262070115042304,-11.15358,112.72971,-0.42063,-0.02600,0.04209,0.80473,-0.59158,-0.12822,-0.88509,0.03599,
1703262070248465152,-11.17494,112.60694,-0.41774,-0.02252,0.04201,0.80360,-0.59326,-0.19745,-0.95445,-0.02056,
1703262070381888256,-11.20618,112.47713,-0.41801,-0.02361,0.04617,0.80389,-0.59251,-0.21322,-0.93732,0.09077,
1703262070515310848,-11.23021,112.35119,-0.41564,-0.02385,0.04855,0.80327,-0.59315,-0.13032,-1.02975,-0.13277,
1703262070648733440,-11.23949,112.21457,-0.42227,-0.02461,0.04717,0.80480,-0.59116,0.03528,-0.93850,0.13949,
1703262070782155776,-11.23607,112.08589,-0.40894,-0.02193,0.04442,0.80263,-0.59441,0.04502,-1.02929,-0.01791,
1703262070915577856,-11.23019,111.94796,-0.41455,-0.01834,0.04002,0.80409,-0.59288,0.05592,-1.04514,-0.04690,
1703262071049000704,-11.21928,111.80757,-0.42068,-0.01657,0.03528,0.80572,-0.59102,0.04848,-1.00552,0.06925,
1703262071182424832,-11.21478,111.68101,-0.40661,-0.01513,0.03498,0.80279,-0.59505,0.00228,-0.93868,0.05422,
1703262071315848704,-11.20886,111.54472,-0.41543,-0.01667,0.03119,0.80508,-0.59212,0.04446,-1.03118,-0.07575,
1703262071449272576,-11.18999,111.41331,-0.41216,-0.01114,0.02622,0.80476,-0.59292,0.26263,-0.98443,0.04070,
1703262071582696192,-11.16470,111.28445,-0.40606,-0.00460,0.01728,0.80445,-0.59375,0.09034,-0.96860,-0.02868,
1703262071716119808,-11.17096,111.14897,-0.41696,-0.00205,0.01613,0.80660,-0.59088,-0.12342,-1.00180,-0.07862,
1703262071849543680,-11.19257,111.01167,-0.41950,-0.00123,0.02217,0.80717,-0.58990,-0.14972,-0.97183,0.08375,
1703262071982966784,-11.19757,110.87944,-0.41195,0.00029,0.02117,0.80578,-0.59183,-0.05042,-0.98617,0.00191,
1703262072116392704,-11.20593,110.73942,-0.42029,0.00012,0.02169,0.80775,-0.58912,-0.00155,-1.01916,0.03464,
1703262072249819392,-11.20676,110.60835,-0.41317,0.00032,0.02096,0.80510,-0.59277,-0.02312,-0.99199,0.02108,
1703262072383245824,-11.20501,110.46788,-0.41712,-0.00175,0.01969,0.80657,-0.59080,0.03633,-1.06750,-0.04399,
1703262072516672256,-11.19199,110.33868,-0.40829,0.00363,0.01594,0.80543,-0.59247,0.11109,-0.95787,0.06024,
1703262072716811776,-11.17833,110.13771,-0.41330,0.00730,0.00936,0.80582,-0.59204,-0.04260,-1.08770,-0.09511,
1703262072850238208,-11.17765,110.00091,-0.42303,0.01094,0.01114,0.81018,-0.58597,0.02587,-0.87588,0.12798,
1703262072983664128,-11.17267,109.87676,-0.41631,0.00986,0.00988,0.80737,-0.58988,0.01480,-1.05522,-0.12238,
1703262073117086464,-11.16612,109.74610,-0.41299,0.01019,0.00840,0.80739,-0.58986,0.09525,-0.95426,0.05307,
1703262073250507520,-11.15876,109.61811,-0.41129,0.00753,0.00585,0.80797,-0.58915,0.02808,-0.89392,0.10406,
1703262073383928320,-11.15352,109.50421,-0.39565,0.00924,0.00556,0.80384,-0.59474,0.11758,-0.95949,-0.06244,
1703262073517348864,-11.15707,109.36273,-0.41907,0.00781,0.00519,0.80772,-0.58950,-0.10532,-1.05455,-0.17429,
1703262073650769152,-11.17365,109.23197,-0.41878,0.01064,0.00786,0.80801,-0.58902,-0.13591,-0.91460,0.08891,
1703262073784189440,-11.18618,109.09858,-0.41764,0.01153,0.01058,0.80788,-0.58914,-0.01371,-1.02187,-0.02324,
1703262073917609472,-11.17752,108.97002,-0.40755,0.01435,0.00806,0.80683,-0.59055,0.12627,-0.92712,0.03231,
1703262074051030784,-11.16238,108.83942,-0.40921,0.01598,0.00364,0.80820,-0.58867,0.06008,-0.90018,0.06317,
1703262074184455424,-11.15819,108.72520,-0.39870,0.01482,0.00328,0.80524,-0.59275,-0.01176,-0.94850,-0.06895,
1703262074317879808,-11.15764,108.59482,-0.40838,0.01387,0.00465,0.80737,-0.58986,-0.01942,-0.88782,0.05303,
1703262074451304448,-11.15877,108.47603,-0.39958,0.01150,0.00479,0.80606,-0.59170,0.00130,-0.88162,0.02780,
1703262074584728832,-11.14962,108.35026,-0.40714,0.01121,0.00449,0.80722,-0.59012,0.17865,-0.93731,0.03131,
1703262074718152960,-11.13532,108.22440,-0.40231,0.01340,0.00027,0.80613,-0.59159,0.06742,-1.02531,-0.03101,
1703262074918289408,-11.15237,108.03479,-0.39765,0.00908,0.00373,0.80701,-0.59046,-0.11470,-0.98211,-0.13176,
1703262075051712256,-11.15209,107.90933,-0.40401,0.00641,0.00601,0.80829,-0.58872,0.10334,-0.89945,0.01308,
1703262075185130240,-11.12970,107.78629,-0.40203,0.00856,0.00041,0.80747,-0.58984,0.18513,-0.90207,0.06955,
1703262075318547712,-11.12089,107.66696,-0.39477,0.00812,-0.00299,0.80622,-0.59155,0.00205,-0.89783,0.03658,
1703262075451964928,-11.11767,107.54841,-0.39238,0.00771,-0.00221,0.80528,-0.59284,0.01182,-0.91581,-0.04623,
1703262075585381632,-11.11366,107.42982,-0.39041,0.01112,-0.00180,0.80551,-0.59248,0.02168,-0.83401,0.09251,
1703262075718798336,-11.10938,107.31054,-0.39644,0.00869,-0.00339,0.80697,-0.59052,0.02637,-0.94294,-0.14325,
1703262075852214528,-11.10554,107.19377,-0.39771,0.00882,-0.00145,0.80716,-0.59026,0.06239,-0.86486,-0.00070,
1703262075985630208,-11.09188,107.07543,-0.40298,0.00707,-0.00495,0.80764,-0.58962,0.07767,-0.88984,0.00038,
1703262076119051008,-11.08364,106.95103,-0.40709,0.01166,-0.00635,0.80883,-0.58789,0.08884,-0.90954,0.00132,
1703262076252473344,-11.08101,106.83335,-0.40234,0.01156,-0.00730,0.80793,-0.58912,-0.01699,-0.86222,0.02036,
1703262076385895680,-11.07393,106.71784,-0.39691,0.01163,-0.00675,0.80661,-0.59093,0.10937,-0.83990,0.09229,
1703262076519317760,-11.05471,106.59792,-0.39429,0.01403,-0.01034,0.80522,-0.59272,0.12145,-0.95022,-0.05272,
1703262076652740096,-11.04590,106.46883,-0.40243,0.01442,-0.01175,0.80759,-0.58945,0.02376,-0.89795,0.01760,
1703262076786161920,-11.04458,106.35063,-0.39743,0.01246,-0.01106,0.80636,-0.59120,0.08202,-0.89382,0.03545,
1703262076919583744,-11.02966,106.23112,-0.38998,0.01366,-0.01357,0.80472,-0.59335,0.17675,-0.94323,-0.04677,
1703262077053005824,-11.00397,106.10160,-0.40244,0.01427,-0.01788,0.80810,-0.58860,0.17120,-0.93007,-0.07298,
1703262077186428672,-10.98795,105.98851,-0.39300,0.01519,-0.01994,0.80687,-0.59020,0.07037,-0.78322,0.14109,
1703262077319851520,-10.98884,105.86932,-0.39287,0.01118,-0.01830,0.80609,-0.59141,-0.02465,-0.95584,-0.10428,
1703262077453274368,-10.98396,105.74606,-0.39385,0.00941,-0.01798,0.80706,-0.59011,0.09205,-0.83072,0.09291,
1703262077586696960,-10.97101,105.63182,-0.38882,0.01691,-0.02102,0.80613,-0.59112,0.08563,-0.90417,-0.09133,
1703262077720119296,-10.98407,105.51857,-0.38934,0.01533,-0.02084,0.80608,-0.59124,-0.27110,-0.84862,-0.03095,
1703262077853541888,-11.02380,105.39387,-0.39768,0.00760,-0.00874,0.80747,-0.58980,-0.23176,-0.91533,-0.00779,
1703262077986964224,-11.04687,105.26483,-0.39934,0.00713,-0.00232,0.80730,-0.59009,-0.12769,-0.98323,-0.02072,
1703262078120382720,-11.06640,105.13061,-0.40925,0.00627,-0.00089,0.80915,-0.58756,-0.24328,-1.03033,-0.15389,
1703262078253799936,-11.10580,105.00753,-0.40812,0.00185,0.00655,0.80989,-0.58654,-0.28748,-0.80481,0.10809,
1703262078387216640,-11.13732,104.89111,-0.40367,-0.00467,0.01323,0.80839,-0.58848,-0.10441,-0.88307,0.05210,
1703262078520633344,-11.13441,104.77237,-0.39218,-0.00074,0.01177,0.80633,-0.59135,0.11884,-0.86118,0.05746,
1703262078654049792,-11.12901,104.65464,-0.39016,0.00060,0.00790,0.80700,-0.59050,-0.00836,-0.80862,0.07141,
1703262078787465984,-11.13556,104.53890,-0.39376,-0.00149,0.00962,0.80739,-0.58994,-0.06289,-0.83072,0.03018,
1703262078920881920,-11.13154,104.42802,-0.39202,-0.00009,0.00913,0.80746,-0.58985,0.08538,-0.82721,-0.03596,
1703262079054299904,-11.11686,104.31568,-0.40268,0.00219,0.00417,0.80943,-0.58720,0.03222,-0.77934,-0.05768,
1703262079187723520,-11.12440,104.21209,-0.40118,0.00046,0.00560,0.80826,-0.58880,-0.15744,-0.74652,0.07395,
1703262079321146624,-11.13779,104.10870,-0.39560,0.00022,0.00938,0.80766,-0.58958,-0.05970,-0.75111,0.00192,
1703262079454570240,-11.14199,104.00871,-0.39266,0.00036,0.00894,0.80713,-0.59031,0.00305,-0.76619,-0.03167,
1703262079587993600,-11.14042,103.90069,-0.40355,0.00055,0.00853,0.80913,-0.58757,0.02462,-0.75035,0.05280,
1703262079721416960,-11.14407,103.80239,-0.39346,0.00022,0.00806,0.80662,-0.59101,-0.12361,-0.79667,-0.00092,
1703262079854840320,-11.16449,103.69148,-0.40224,-0.00040,0.01198,0.80814,-0.58887,-0.10372,-0.84360,-0.07888,
1703262079988263936,-11.17280,103.57822,-0.40474,0.00260,0.01262,0.80867,-0.58812,-0.03222,-0.76529,0.11559,
1703262080121687552,-11.18016,103.46758,-0.40306,0.00328,0.01308,0.80722,-0.59010,-0.09002,-0.89911,-0.08905,
1703262080255111424,-11.20221,103.36062,-0.40017,0.00018,0.01815,0.80731,-0.58985,-0.13917,-0.67382,0.16988,
1703262080455247616,-11.19245,103.20004,-0.40817,0.00140,0.01562,0.80882,-0.58785,0.24384,-0.79032,0.00936,
1703262080588671488,-11.16236,103.09430,-0.40529,0.00510,0.00781,0.80887,-0.58791,0.09794,-0.80558,-0.00162,
1703262080722095616,-11.16217,102.98932,-0.40737,0.00563,0.00887,0.81012,-0.58616,-0.04890,-0.73208,0.04004,
1703262080855519232,-11.17292,102.89485,-0.39996,0.00349,0.01072,0.80894,-0.58779,-0.09250,-0.65300,0.04243,
1703262080988943104,-11.16875,102.80963,-0.39629,0.00257,0.01088,0.80787,-0.58926,0.14121,-0.64100,-0.03964,
1703262081122368512,-11.14256,102.71154,-0.40681,-0.00045,0.00552,0.80876,-0.58812,0.24523,-0.79471,-0.03554,
1703262081322507776,-11.11129,102.55706,-0.40206,-0.00153,-0.00126,0.80791,-0.58931,0.00474,-0.77722,-0.01484,
1703262081455933696,-11.11678,102.44903,-0.40794,0.00347,-0.00017,0.80919,-0.58754,-0.13210,-0.83382,-0.08393,
1703262081589359872,-11.14250,102.33894,-0.40769,0.00326,0.00353,0.80833,-0.58871,-0.23328,-0.82911,0.00126,
1703262081722786560,-11.16239,102.21122,-0.41427,0.00325,0.00963,0.81013,-0.58616,-0.00630,-0.93859,-0.02360,
1703262081856212736,-11.15084,102.09540,-0.40447,0.00198,0.00617,0.80782,-0.58939,0.10790,-0.91119,0.00018,
1703262081989639680,-11.12925,101.96708,-0.40694,0.00653,0.00195,0.80808,-0.58903,0.19582,-0.95975,0.04465,
1703262082123064320,-11.10449,101.84095,-0.40414,0.01075,-0.00417,0.80786,-0.58927,0.11517,-0.94128,0.00475,
1703262082256487936,-11.09485,101.72023,-0.40067,0.01189,-0.00601,0.80909,-0.58754,0.02086,-0.82713,0.11680,
1703262082389911296,-11.08546,101.60598,-0.39582,0.00947,-0.00632,0.80652,-0.59109,0.10561,-0.97121,-0.09597,
1703262082523334912,-11.06867,101.48120,-0.39328,0.00946,-0.00878,0.80641,-0.59121,0.10589,-0.84162,0.13400,
1703262082656758528,-11.05898,101.35565,-0.39040,0.01330,-0.01074,0.80628,-0.59128,0.03208,-0.97922,-0.09189,
1703262082790182144,-11.05893,101.22032,-0.40526,0.01306,-0.01017,0.80972,-0.58658,0.00779,-0.98296,-0.06278,
1703262082923605760,-11.05222,101.09555,-0.40124,0.01134,-0.01028,0.80890,-0.58775,0.12617,-0.89614,0.08953,
1703262083057029120,-11.04053,100.96742,-0.39804,0.00994,-0.01008,0.80849,-0.58834,0.17086,-0.95065,0.04668,
1703262083190451968,-11.02065,100.83733,-0.39468,0.01322,-0.01423,0.80682,-0.59048,0.17602,-1.05825,-0.09677,
1703262083323874816,-11.02490,100.70388,-0.38949,0.01704,-0.01422,0.80580,-0.59177,-0.13714,-0.92213,0.15090,
1703262083457297664,-11.03953,100.56732,-0.38882,0.01422,-0.01073,0.80574,-0.59200,-0.10021,-1.03495,-0.03106,
1703262083590720256,-11.03698,100.43211,-0.38711,0.01025,-0.00834,0.80513,-0.59296,0.18341,-1.02041,-0.05729,
1703262083724143104,-11.00922,100.28944,-0.39846,0.01264,-0.01306,0.80736,-0.58978,0.21192,-1.06488,-0.02458,
1703262083857565696,-10.99853,100.15066,-0.39751,0.01265,-0.01646,0.80697,-0.59023,-0.10166,-1.10198,-0.05547,
1703262083990988288,-11.02553,100.01484,-0.39451,0.00883,-0.00978,0.80805,-0.58896,-0.21422,-0.96040,0.01506,
1703262084124410880,-11.04483,99.88031,-0.40241,0.00583,-0.00433,0.80842,-0.58856,-0.06862,-1.07581,-0.12048,
1703262084257833472,-11.03292,99.75190,-0.39636,0.00387,-0.00712,0.80915,-0.58754,0.12540,-0.80888,0.17991,
1703262084391256064,-11.01576,99.64439,-0.37570,0.00794,-0.01074,0.80490,-0.59326,0.12624,-0.82250,0.05163,
1703262084524678656,-11.00972,99.51546,-0.39605,0.01327,-0.01285,0.80749,-0.58959,-0.02975,-1.03645,-0.20002,
1703262084658100992,-11.02466,99.38494,-0.40293,0.00949,-0.00949,0.80905,-0.58759,-0.16155,-0.89808,0.03928,
1703262084791523584,-11.03231,99.25966,-0.39816,0.00962,-0.00532,0.80954,-0.58695,0.10555,-0.90252,0.02838,
1703262084924945920,-11.01547,99.13863,-0.39322,0.01253,-0.00976,0.80783,-0.58920,0.01713,-0.97676,-0.02794,
1703262085058367744,-11.01926,99.00834,-0.40034,0.01506,-0.00906,0.81000,-0.58616,-0.12702,-0.90716,0.02298,
1703262085191788544,-11.03568,98.88088,-0.40409,0.00888,-0.00507,0.81172,-0.58396,-0.09419,-0.88884,0.02241,
1703262085325208576,-11.02966,98.76765,-0.39724,0.00452,-0.00450,0.80905,-0.58770,0.16407,-0.94865,-0.08964,
1703262085458629120,-11.01202,98.63595,-0.40975,0.00652,-0.00843,0.81092,-0.58507,0.05533,-0.96249,0.03905,
1703262085592049664,-11.02558,98.51333,-0.40346,0.00469,-0.00866,0.80886,-0.58792,-0.32682,-1.00888,-0.12115,
1703262085725469952,-11.06927,98.37597,-0.41950,0.00316,0.00201,0.81306,-0.58217,-0.26002,-0.91106,0.06361,
1703262085858889472,-11.09644,98.25424,-0.40363,0.00110,0.00822,0.80932,-0.58731,-0.05907,-0.92757,0.05393,
1703262085992309760,-11.09135,98.12219,-0.41373,0.00253,0.00591,0.81100,-0.58501,0.17601,-1.04922,-0.13956,
1703262086125731840,-11.07097,97.99851,-0.41213,0.00467,0.00035,0.81161,-0.58418,0.08655,-0.85495,0.13106,
1703262086259155456,-11.07105,97.87756,-0.41170,0.00282,0.00005,0.81017,-0.58619,-0.08948,-0.96181,-0.08471,
1703262086392578816,-11.08499,97.74918,-0.41215,0.00125,0.00332,0.80971,-0.58683,-0.06093,-1.00776,0.00102,
1703262086526002176,-11.08482,97.62782,-0.40061,0.00391,0.00285,0.80863,-0.58830,0.02464,-0.83246,0.11896,
1703262086659425280,-11.07569,97.50609,-0.40613,0.00502,-0.00039,0.80956,-0.58702,0.10217,-0.94993,-0.12427,
1703262086792848640,-11.06455,97.38116,-0.41056,0.00535,-0.00163,0.81031,-0.58597,0.08635,-0.85748,0.13714,
1703262086926272000,-11.06059,97.25991,-0.40570,0.00257,-0.00251,0.80890,-0.58794,-0.05169,-0.94365,-0.03950,
1703262087059695360,-11.07056,97.13575,-0.40405,0.00045,0.00022,0.80792,-0.58929,-0.06505,-0.97507,-0.03612,
1703262087193118976,-11.06690,97.00709,-0.40284,0.00188,-0.00154,0.80818,-0.58893,0.05835,-0.90948,0.06460,
1703262087326542592,-11.05720,96.88000,-0.40466,0.00283,-0.00534,0.80844,-0.58855,-0.00607,-0.94339,-0.01748,
1703262087459966720,-11.05744,96.75182,-0.40655,0.00036,-0.00260,0.80868,-0.58824,0.05986,-0.98316,-0.06000,
1703262087593390592,-11.05080,96.62057,-0.41118,0.00298,-0.00356,0.81054,-0.58567,0.01209,-0.90589,0.02280,
1703262087726813952,-11.05640,96.50197,-0.40611,0.00358,-0.00459,0.80799,-0.58916,-0.12425,-0.95207,-0.01544,
1703262087860237824,-11.07427,96.37867,-0.39691,0.00641,-0.00032,0.80721,-0.59022,-0.11197,-0.88530,0.07946,
1703262087993661440,-11.08565,96.24779,-0.40890,0.00395,0.00136,0.80893,-0.58789,-0.08856,-0.96510,-0.09036,
1703262088127086080,-11.09024,96.12053,-0.41046,-0.00132,0.00282,0.80890,-0.58794,0.04201,-0.97459,0.01594,
1703262088260511232,-11.08423,96.00528,-0.40029,0.00054,0.00248,0.80858,-0.58838,0.05142,-0.79839,0.05860,
1703262088393936640,-11.08209,95.89326,-0.40368,0.00299,0.00045,0.80888,-0.58797,-0.04691,-0.80241,0.04735,
1703262088527361792,-11.08982,95.77154,-0.40863,0.00397,0.00235,0.80795,-0.58923,0.00256,-1.00840,-0.17531,
1703262088660787456,-11.08349,95.64635,-0.40870,0.00671,0.00098,0.80832,-0.58870,0.05657,-0.84518,0.13710,
1703262088794212864,-11.07616,95.52511,-0.40951,0.00416,-0.00134,0.80871,-0.58819,0.07060,-0.91693,-0.04697,
1703262088927638528,-11.07323,95.40420,-0.41146,0.00512,-0.00057,0.80843,-0.58857,0.09352,-0.92551,-0.05663,
1703262089061063936,-11.06161,95.28077,-0.41251,0.01009,-0.00394,0.80898,-0.58774,0.03987,-0.90927,0.00635,
1703262089194487808,-11.06989,95.16412,-0.40613,0.00856,-0.00325,0.80821,-0.58882,-0.15850,-0.85980,0.01905,
1703262089327911680,-11.08633,95.04073,-0.41461,0.00716,0.00268,0.80954,-0.58702,0.00981,-0.94045,-0.02495,
1703262089461335296,-11.07595,94.92073,-0.41073,0.01056,-0.00070,0.80907,-0.58762,0.08256,-0.87321,0.03424,
1703262089594759168,-11.07247,94.79536,-0.41621,0.01001,-0.00216,0.81024,-0.58601,0.00831,-0.96123,-0.11194,
1703262089861606912,-11.07465,94.55654,-0.41475,0.01293,-0.00024,0.80925,-0.58732,-0.01878,-0.95403,-0.00613,
1703262089995030784,-11.07180,94.43074,-0.41575,0.00753,0.00028,0.81003,-0.58635,0.07559,-0.94263,-0.04710,
1703262090128455168,-11.05077,94.31238,-0.41285,0.00997,-0.00314,0.81054,-0.58558,0.21432,-0.82478,0.09084,
1703262090261879552,-11.01919,94.20076,-0.40907,0.01619,-0.01141,0.80976,-0.58642,0.17142,-0.80469,0.03953,
1703262090395303936,-11.01169,94.08466,-0.40787,0.01750,-0.01181,0.80752,-0.58947,-0.05886,-0.95042,-0.03014,
1703262090528728576,-11.00919,93.95951,-0.40617,0.01605,-0.01039,0.80738,-0.58972,0.04649,-0.92678,0.00804,
1703262090662152960,-10.99605,93.83323,-0.40497,0.01539,-0.01256,0.80849,-0.58818,0.14627,-0.86018,0.10407,
1703262090795577600,-10.97846,93.71371,-0.40057,0.01450,-0.01529,0.80633,-0.59109,0.16339,-0.96735,-0.04948,
1703262090929002496,-10.96450,93.58748,-0.40222,0.02027,-0.01803,0.80742,-0.58935,0.00769,-0.88893,0.04530,
1703262091062427136,-10.97729,93.46824,-0.39965,0.01568,-0.01637,0.80633,-0.59103,-0.21466,-0.89673,0.01508,
1703262091195851008,-10.99355,93.35025,-0.39284,0.01131,-0.00831,0.80615,-0.59155,0.01587,-0.80386,0.10418,
1703262091329274880,-10.97099,93.22951,-0.39808,0.01311,-0.01193,0.80644,-0.59105,0.32715,-0.98649,-0.17170,
1703262091462698752,-10.92933,93.10265,-0.40520,0.01849,-0.02128,0.80723,-0.58957,0.19513,-0.86676,0.10396,
1703262091596122624,-10.91818,92.97826,-0.40247,0.02002,-0.02327,0.80650,-0.59044,-0.09378,-0.92941,0.01774,
1703262091729546496,-10.93075,92.85516,-0.39720,0.01838,-0.01811,0.80627,-0.59099,-0.02827,-0.92988,-0.02195,
1703262091862970368,-10.93218,92.73387,-0.39340,0.01711,-0.01465,0.80587,-0.59167,0.06149,-0.89502,0.00960,
1703262091996394752,-10.90644,92.61693,-0.39133,0.02001,-0.01968,0.80606,-0.59117,0.19608,-0.84475,0.01344,
1703262092129819136,-10.87995,92.50077,-0.39847,0.02008,-0.02552,0.80690,-0.58980,0.13041,-0.88191,-0.06716,
1703262092263244032,-10.87407,92.38596,-0.40013,0.02242,-0.02459,0.80659,-0.59018,0.05387,-0.87708,-0.00301,
1703262092396668672,-10.87151,92.26549,-0.40233,0.02325,-0.02351,0.80725,-0.58928,0.05222,-0.86275,0.04762,
1703262092530093568,-10.86177,92.14621,-0.40229,0.02288,-0.02449,0.80760,-0.58877,0.08846,-0.88618,-0.02494,
1703262092663518976,-10.84587,92.02562,-0.40287,0.02294,-0.02510,0.80725,-0.58923,0.11518,-0.92121,-0.01105,
1703262092796943872,-10.83052,91.90418,-0.40304,0.02461,-0.02683,0.80721,-0.58914,0.11546,-0.90383,0.01733,
1703262092930369024,-10.82406,91.78077,-0.40322,0.02287,-0.02684,0.80839,-0.58759,0.00544,-0.89167,0.02640,
1703262093063793920,-10.81654,91.66694,-0.39710,0.02018,-0.02673,0.80748,-0.58895,0.02934,-0.83114,0.04351,
1703262093197217280,-10.81252,91.54780,-0.39539,0.01939,-0.02611,0.80597,-0.59106,-0.03534,-0.96490,-0.06450,
1703262093330640896,-10.83023,91.42493,-0.39361,0.01769,-0.02244,0.80581,-0.59149,-0.21366,-0.93321,-0.01348,
1703262093464064000,-10.86518,91.29561,-0.39809,0.01258,-0.01352,0.80767,-0.58935,-0.25115,-0.89669,0.05428,
1703262093597487616,-10.89900,91.16923,-0.39908,0.00655,-0.00511,0.80772,-0.58951,-0.26386,-0.98004,-0.04618,
1703262093730910976,-10.92339,91.04493,-0.40052,0.00797,-0.00056,0.80919,-0.58749,-0.15594,-0.86449,0.03227,
1703262093931046400,-10.96892,90.86330,-0.40057,0.00511,0.00501,0.80725,-0.59016,-0.32298,-0.92632,0.00597,
1703262094064469760,-11.00478,90.74585,-0.39604,-0.00034,0.01611,0.80729,-0.58994,-0.07839,-0.87630,-0.00149,
1703262094197890560,-10.99522,90.61860,-0.40686,-0.00426,0.01279,0.80898,-0.58768,0.17723,-0.90746,0.03778,
1703262094331311360,-10.98438,90.49748,-0.40242,-0.00177,0.00713,0.80754,-0.58977,-0.01399,-0.95453,-0.04232,
1703262094464732160,-11.00637,90.37469,-0.40123,-0.00048,0.00972,0.80741,-0.58992,-0.26171,-0.95835,-0.06582,
1703262094598152960,-11.04303,90.24936,-0.40076,-0.00140,0.01647,0.80745,-0.58971,-0.21549,-0.87827,0.08141,
1703262094731573248,-11.06065,90.12049,-0.39698,0.00003,0.01918,0.80694,-0.59033,-0.01347,-1.03347,-0.07870,
1703262094864993536,-11.05649,89.98869,-0.40121,-0.00018,0.01698,0.80769,-0.58936,0.13044,-0.95083,0.03738,
1703262094998413824,-11.03896,89.85731,-0.40383,0.00166,0.01336,0.80851,-0.58833,0.14186,-0.91797,0.09587,
1703262095131836416,-11.02474,89.73649,-0.39113,0.00499,0.00880,0.80629,-0.59143,0.04453,-0.94192,0.00087,
1703262095265260544,-11.02398,89.60476,-0.39950,0.00430,0.00785,0.80748,-0.58983,-0.02673,-1.00747,-0.08199,
1703262095398684672,-11.02210,89.47291,-0.40149,0.00803,0.00714,0.80800,-0.58909,0.05238,-1.00041,-0.03025,
1703262095532108800,-11.02051,89.33848,-0.40735,0.01109,0.00583,0.80970,-0.58671,-0.01943,-0.94263,0.06755,
1703262095732245248,-11.01964,89.13946,-0.40266,0.00976,0.00661,0.80899,-0.58770,0.05461,-0.93955,0.10046,
1703262095865669376,-11.00646,89.01642,-0.39115,0.01127,0.00363,0.80633,-0.59134,0.10143,-0.99469,-0.01752,
1703262095999093504,-10.99644,88.88389,-0.39679,0.01079,0.00176,0.80737,-0.58994,0.10054,-0.97552,-0.00063,
1703262096132517888,-10.98478,88.74934,-0.40052,0.01066,-0.00074,0.80822,-0.58879,0.07947,-0.99132,0.02341,
1703262096265942016,-10.98487,88.61766,-0.39946,0.01146,-0.00130,0.80781,-0.58933,-0.06031,-1.00208,-0.01652,
1703262096399366400,-10.99651,88.48663,-0.40158,0.01256,0.00074,0.80843,-0.58846,-0.07445,-0.91378,0.07832,
1703262096532790784,-11.00306,88.35048,-0.40220,0.01367,0.00179,0.80848,-0.58836,-0.01179,-1.01089,0.02341,
1703262096666215168,-11.00893,88.21665,-0.40104,0.01264,0.00357,0.80801,-0.58903,-0.05497,-1.04214,-0.07365,
1703262096799639552,-11.00671,88.09049,-0.39369,0.01691,0.00285,0.80731,-0.58987,0.01546,-0.91817,0.06712,
1703262096933063936,-11.01247,87.95876,-0.40041,0.01391,0.00331,0.80825,-0.58867,-0.09975,-0.98369,-0.01886,
1703262097066488320,-11.02042,87.82798,-0.39736,0.01241,0.00679,0.80699,-0.59040,-0.00906,-1.06570,-0.05046,
1703262097199913216,-11.01466,87.68864,-0.40065,0.01139,0.00481,0.80816,-0.58884,0.10035,-0.96922,0.04649,
1703262097333338112,-11.00733,87.54929,-0.40067,0.01289,0.00276,0.80828,-0.58866,0.03850,-1.07801,-0.04877,
1703262097466763264,-11.00754,87.41383,-0.39865,0.01344,0.00231,0.80860,-0.58821,-0.04660,-0.96706,0.03767,
1703262097600188416,-11.01152,87.28315,-0.39826,0.01258,0.00321,0.80798,-0.58907,0.04196,-1.00912,-0.01770,
1703262097733613568,-11.00622,87.15114,-0.39414,0.01182,0.00286,0.80759,-0.58962,0.05050,-0.92608,0.14692,
1703262097867038464,-10.99332,87.02293,-0.38613,0.01244,-0.00015,0.80620,-0.59151,0.05590,-1.07325,-0.13961,
1703262098000463872,-11.00020,86.89179,-0.38642,0.00986,0.00056,0.80648,-0.59118,-0.14740,-0.93751,0.02921,
1703262098133889280,-11.01638,86.75448,-0.39770,0.00891,0.00481,0.80872,-0.58810,-0.09997,-0.95829,0.03069,
1703262098267314432,-11.02376,86.62087,-0.39449,0.00920,0.00490,0.80802,-0.58906,-0.01812,-1.04427,-0.08007,
1703262098467452160,-11.02548,86.41974,-0.39699,0.01094,0.00439,0.80881,-0.58795,-0.00902,-0.95351,0.05121,
1703262098600877824,-11.03533,86.28500,-0.39684,0.00753,0.00638,0.80862,-0.58825,-0.08994,-0.99878,-0.00010,
1703262098734303232,-11.03745,86.14895,-0.39707,0.00680,0.00706,0.80841,-0.58853,0.08297,-1.01797,-0.01029,
1703262098867728640,-11.02334,86.01266,-0.39725,0.00940,0.00396,0.80866,-0.58818,0.12107,-1.04326,-0.02099,
1703262099001154304,-11.00926,85.87596,-0.39724,0.01203,0.00026,0.80876,-0.58802,0.05076,-1.00983,0.03664,
1703262099134580480,-11.00568,85.73970,-0.39769,0.01296,0.00049,0.80863,-0.58818,0.02257,-1.05591,-0.04396,
1703262099268007168,-10.99820,85.60121,-0.40048,0.01156,-0.00055,0.80922,-0.58740,0.06423,-1.01277,-0.00180,
1703262099401433600,-10.98221,85.46771,-0.39909,0.01313,-0.00272,0.80986,-0.58647,0.15050,-1.03852,-0.04241,
1703262099534860288,-10.96569,85.34538,-0.39244,0.01444,-0.00680,0.80815,-0.58876,0.05519,-0.91956,0.02895,
1703262099668287232,-10.96204,85.21394,-0.39473,0.01584,-0.00654,0.80892,-0.58767,0.00723,-0.91314,0.10634,
1703262099801714176,-10.96080,85.08464,-0.39286,0.01550,-0.00603,0.80847,-0.58831,0.01629,-0.96963,0.03680,
1703262099935141120,-10.95683,84.95772,-0.39148,0.01655,-0.00665,0.80783,-0.58915,0.01645,-0.96829,0.00523,
1703262100135281408,-10.94061,84.76194,-0.39153,0.01601,-0.00862,0.80804,-0.58884,0.14565,-0.98384,-0.00716,
1703262100268707584,-10.92053,84.63354,-0.39233,0.01763,-0.01214,0.80813,-0.58862,0.14667,-0.99265,-0.01604,
1703262100402134016,-10.90478,84.50788,-0.38770,0.02112,-0.01509,0.80754,-0.58924,0.04877,-0.94833,-0.01192,
1703262100535560704,-10.90213,84.38176,-0.38734,0.02272,-0.01381,0.80742,-0.58938,0.02562,-0.90206,0.08616,
1703262100668987136,-10.89089,84.25227,-0.38964,0.02239,-0.01528,0.80780,-0.58883,0.10012,-0.96024,0.01683,
1703262100802413568,-10.87848,84.12880,-0.38108,0.02552,-0.01627,0.80668,-0.59022,0.10139,-0.91352,0.07736,
1703262100935840256,-10.87497,84.00795,-0.37199,0.02505,-0.01740,0.80496,-0.59255,-0.08681,-0.92592,-0.01414,
1703262101069266688,-10.89633,83.87529,-0.38101,0.02061,-0.01089,0.80720,-0.58982,-0.16811,-0.88668,0.08618,
1703262101202691584,-10.91529,83.75482,-0.37215,0.01746,-0.00657,0.80527,-0.59262,-0.13125,-0.90849,0.01913,
1703262101336116480,-10.92490,83.62846,-0.37603,0.01551,-0.00544,0.80628,-0.59130,-0.00969,-0.94212,-0.02357,
1703262101469541376,-10.92046,83.50243,-0.38723,0.01849,-0.00589,0.80810,-0.58873,0.05194,-0.93541,-0.06114,
1703262101602965760,-10.92018,83.38480,-0.38667,0.01863,-0.00693,0.80773,-0.58922,-0.07675,-0.89673,-0.01963,
1703262101736390656,-10.92790,83.26585,-0.38685,0.01618,-0.00426,0.80739,-0.58978,-0.06187,-0.86566,0.05225,
1703262101869815040,-10.92992,83.14915,-0.38419,0.01498,-0.00222,0.80700,-0.59036,0.01236,-0.86390,0.01498,
1703262102003240192,-10.92524,83.03027,-0.38847,0.01465,-0.00363,0.80716,-0.59014,0.04613,-0.93624,-0.06950,
1703262102136665856,-10.92121,82.91045,-0.38784,0.01637,-0.00437,0.80715,-0.59010,0.00253,-0.91668,-0.03066,
1703262102270092544,-10.91907,82.78736,-0.39445,0.01576,-0.00493,0.80846,-0.58832,-0.00735,-0.93332,-0.03689,
1703262102403519488,-10.91606,82.66875,-0.39073,0.01607,-0.00451,0.80786,-0.58914,0.01796,-0.85729,0.05121,
1703262102536946176,-10.91671,82.54664,-0.39447,0.01422,-0.00404,0.80898,-0.58765,-0.03506,-0.89799,-0.00919,
1703262102670372864,-10.92128,82.42947,-0.39823,0.01556,-0.00266,0.81067,-0.58529,-0.03649,-0.81239,0.05012,
1703262102803800064,-10.92625,82.31965,-0.39596,0.01499,-0.00370,0.80929,-0.58721,-0.07399,-0.86564,-0.02260,
1703262102937227008,-10.93233,82.20245,-0.39550,0.01236,-0.00085,0.80989,-0.58645,0.00725,-0.83063,0.03639,
1703262103070654208,-10.92893,82.09092,-0.39348,0.01267,-0.00118,0.81000,-0.58629,0.05795,-0.80461,0.02827,
1703262103204081152,-10.93284,81.98045,-0.39398,0.01190,-0.00141,0.80974,-0.58666,-0.08960,-0.82690,0.00607,
1703262103337508096,-10.94061,81.87388,-0.38582,0.01055,0.00109,0.80821,-0.58880,0.00734,-0.81740,0.00472,
1703262103470935552,-10.94174,81.76106,-0.38838,0.00977,0.00062,0.80870,-0.58813,-0.04728,-0.89851,-0.05805,
1703262103604362752,-10.95106,81.64738,-0.38941,0.00849,0.00217,0.80882,-0.58799,-0.12319,-0.83745,0.00512,
1703262103737790464,-10.96522,81.53910,-0.38413,0.00841,0.00488,0.80825,-0.58876,-0.11365,-0.82584,-0.02426,
1703262103871217664,-10.97814,81.43374,-0.38280,0.00652,0.00650,0.80731,-0.59006,-0.09160,-0.78555,0.01124,
1703262104004645376,-10.98967,81.32101,-0.38696,0.00425,0.00902,0.80791,-0.58923,-0.04954,-0.79811,0.07544,
1703262104138074624,-10.99327,81.20871,-0.38724,0.00212,0.00849,0.80721,-0.59020,-0.00229,-0.83006,0.04389,
1703262104271506176,-10.99068,81.09679,-0.38445,0.00183,0.00779,0.80747,-0.58986,0.03884,-0.82529,-0.03149,
1703262104404937472,-10.98635,80.98782,-0.38397,0.00349,0.00597,0.80704,-0.59045,0.05110,-0.84396,-0.02454,
1703262104538369280,-10.98141,80.88218,-0.37805,0.00470,0.00492,0.80626,-0.59152,0.06981,-0.76177,0.06398,
1703262104671801088,-10.97365,80.77460,-0.38187,0.00450,0.00319,0.80685,-0.59073,0.04479,-0.79019,0.01097,
1703262104805233152,-10.96731,80.66810,-0.37701,0.00389,0.00206,0.80608,-0.59179,0.06107,-0.76578,0.05409,
1703262104938665472,-10.95777,80.56194,-0.37235,0.00583,0.00036,0.80568,-0.59232,0.06881,-0.77668,0.01208,
1703262105072097280,-10.94959,80.46020,-0.37028,0.00941,-0.00179,0.80511,-0.59305,0.02522,-0.78788,-0.03945,
1703262105205523712,-10.95286,80.35298,-0.37449,0.00729,-0.00079,0.80627,-0.59150,-0.05998,-0.78508,-0.02254,
1703262105338950144,-10.95580,80.24642,-0.37405,0.00695,0.00028,0.80661,-0.59105,-0.03548,-0.76306,0.02050,
1703262105472376832,-10.96016,80.14214,-0.37237,0.00526,0.00067,0.80646,-0.59126,-0.08426,-0.74903,0.03103,
1703262105605803264,-10.96159,80.03805,-0.37357,0.00566,0.00136,0.80657,-0.59111,0.03759,-0.79321,-0.01765,
1703262105739229696,-10.95586,79.93428,-0.37381,0.00902,-0.00054,0.80664,-0.59097,-0.00996,-0.77292,0.01535,
1703262105872656640,-10.96771,79.83130,-0.37366,0.00879,0.00107,0.80699,-0.59050,-0.16101,-0.72150,0.03427,
1703262106006083072,-10.98359,79.72648,-0.37249,0.00683,0.00570,0.80703,-0.59044,-0.03450,-0.76271,0.01698,
1703262106139508992,-10.98215,79.62094,-0.37257,0.00494,0.00593,0.80679,-0.59078,0.04686,-0.79653,0.01277,
1703262106272934656,-10.97793,79.51806,-0.36759,0.00376,0.00439,0.80657,-0.59111,-0.00485,-0.73370,0.03755,
1703262106406360064,-10.97516,79.42253,-0.36251,0.00529,0.00387,0.80506,-0.59316,0.04067,-0.76966,-0.06318,
1703262106539785728,-10.96903,79.31676,-0.36979,0.00483,0.00204,0.80688,-0.59070,0.03249,-0.76011,-0.02847,
1703262106673211136,-10.95918,79.21687,-0.36850,0.00511,0.00102,0.80711,-0.59037,0.11550,-0.73931,0.02966,
1703262106806636800,-10.94799,79.11575,-0.36670,0.00741,-0.00153,0.80668,-0.59093,0.06472,-0.77722,-0.00319,
1703262106940062208,-10.94760,79.01146,-0.36900,0.00825,-0.00247,0.80813,-0.58894,-0.01602,-0.73289,-0.02375,
1703262107073487872,-10.94920,78.91034,-0.36877,0.00833,-0.00141,0.80812,-0.58896,0.03955,-0.76934,-0.02895,
1703262107206913792,-10.94009,78.80963,-0.36692,0.00939,-0.00294,0.80787,-0.58928,0.07549,-0.71552,0.06855,
1703262107340339968,-10.93208,78.70782,-0.36535,0.01007,-0.00440,0.80700,-0.59044,0.07240,-0.80661,-0.00942,
1703262107540478976,-10.91104,78.55362,-0.35987,0.00882,-0.00791,0.80667,-0.59088,0.11891,-0.77676,-0.00962,
1703262107673905152,-10.89882,78.44702,-0.36551,0.00931,-0.00967,0.80791,-0.58915,0.02831,-0.77105,0.01704,
1703262107807331328,-10.90754,78.34088,-0.36597,0.00958,-0.00854,0.80766,-0.58951,-0.11102,-0.81597,-0.01991,
1703262107940757248,-10.92115,78.23129,-0.36614,0.00945,-0.00641,0.80773,-0.58944,-0.04415,-0.83013,-0.01108,
1703262108074183680,-10.91969,78.11777,-0.36776,0.01034,-0.00636,0.80777,-0.58937,0.05934,-0.86207,-0.02376,
1703262108207610624,-10.91445,78.00014,-0.37235,0.01055,-0.00745,0.80815,-0.58884,-0.03182,-0.88684,-0.02129,
1703262108341037568,-10.92295,77.88552,-0.37099,0.00789,-0.00521,0.80811,-0.58895,-0.08801,-0.86079,-0.00331,
1703262108474464768,-10.92677,77.77203,-0.37148,0.00676,-0.00335,0.80824,-0.58881,0.06656,-0.85675,0.00258,
1703262108607891712,-10.91050,77.65825,-0.37222,0.00891,-0.00715,0.80794,-0.58916,0.13145,-0.88738,-0.01967,
1703262108741319168,-10.89541,77.54015,-0.37286,0.01185,-0.01034,0.80762,-0.58950,0.07202,-0.88204,0.03782,
1703262108874746368,-10.88784,77.41902,-0.37332,0.01311,-0.01146,0.80809,-0.58879,0.05579,-0.89631,0.01264,
1703262109008173568,-10.87831,77.29572,-0.37352,0.01494,-0.01227,0.80810,-0.58873,0.10021,-0.90637,0.03152,
1703262109141600256,-10.86375,77.17135,-0.37070,0.01694,-0.01537,0.80794,-0.58882,0.06653,-0.95494,-0.00589,
1703262109275026432,-10.85557,77.04968,-0.36267,0.01831,-0.01541,0.80691,-0.59019,0.06950,-0.94218,-0.01105,
1703262109408452608,-10.84461,76.92867,-0.35980,0.01661,-0.01595,0.80713,-0.58992,0.10771,-0.88825,0.02470,
1703262109541878528,-10.82462,76.80516,-0.35920,0.01874,-0.01868,0.80700,-0.58996,0.14108,-0.93585,0.01413,
1703262109675304448,-10.81824,76.68198,-0.35732,0.01942,-0.02037,0.80633,-0.59080,-0.06714,-0.93744,0.00843,
1703262109808730368,-10.83165,76.55533,-0.35727,0.01773,-0.01590,0.80644,-0.59083,-0.10543,-0.94166,0.00551,
1703262109942156544,-10.83798,76.42554,-0.35886,0.01538,-0.01369,0.80628,-0.59117,0.02571,-0.97238,-0.00625,
1703262110075582208,-10.82330,76.29272,-0.36087,0.01525,-0.01646,0.80713,-0.58995,0.15629,-0.96054,0.03192,
1703262110209011712,-10.80845,76.16550,-0.35820,0.01507,-0.01802,0.80625,-0.59111,0.08081,-0.97442,-0.01378,
1703262110342440960,-10.80045,76.03274,-0.35855,0.01631,-0.01853,0.80682,-0.59029,0.05339,-0.96035,0.00858,
1703262110475870720,-10.79467,75.89989,-0.35891,0.01759,-0.02027,0.80661,-0.59048,-0.00131,-0.99638,0.00005,
1703262110609300480,-10.79103,75.76641,-0.35494,0.01710,-0.01941,0.80617,-0.59111,0.07641,-0.95539,0.03461,
1703262110742729984,-10.77730,75.63393,-0.35472,0.01822,-0.01997,0.80604,-0.59124,0.12461,-0.99424,0.00364,
1703262110876160000,-10.76810,75.49710,-0.35625,0.01854,-0.02116,0.80646,-0.59061,-0.02024,-1.02441,-0.01502,
1703262111009590016,-10.77398,75.36164,-0.35787,0.01716,-0.01903,0.80741,-0.58943,-0.07760,-0.95783,0.02452,
1703262111143016960,-10.77879,75.23686,-0.35137,0.01600,-0.01696,0.80625,-0.59112,0.01470,-0.96416,-0.04158,
1703262111276441856,-10.77680,75.10447,-0.35721,0.01611,-0.01663,0.80759,-0.58929,0.01375,-0.94403,0.00883,
1703262111409866496,-10.78681,74.97126,-0.36078,0.01599,-0.01396,0.80816,-0.58857,-0.14833,-0.97256,0.01110,
1703262111543291136,-10.80456,74.83844,-0.36066,0.01258,-0.00982,0.80827,-0.58860,-0.14686,-0.97399,-0.00471,
1703262111676715520,-10.81505,74.70435,-0.35973,0.00995,-0.00635,0.80810,-0.58893,-0.01058,-1.02737,-0.06302,
1703262111810140160,-10.82007,74.57046,-0.35950,0.01047,-0.00528,0.80800,-0.58906,-0.06541,-1.00852,0.01382,
1703262111943564544,-10.83966,74.43456,-0.35804,0.00825,-0.00205,0.80803,-0.58908,-0.16024,-0.99804,-0.01096,
1703262112076989184,-10.85526,74.29946,-0.35641,0.00703,0.00143,0.80777,-0.58946,-0.08935,-0.94594,0.07472,
1703262112210411776,-10.86224,74.16374,-0.35583,0.00760,0.00207,0.80800,-0.58913,0.01286,-0.94543,0.07671,
1703262112343833856,-10.86055,74.03048,-0.35819,0.00417,0.00082,0.80850,-0.58848,0.04010,-0.94995,0.03719,
1703262112477256192,-10.84749,73.91136,-0.34625,0.00508,-0.00032,0.80611,-0.59174,0.17171,-0.90421,0.04853,
1703262112610678528,-10.82660,73.78857,-0.34501,0.00861,-0.00576,0.80571,-0.59221,0.06827,-0.89524,0.02584,
1703262112744100608,-10.82312,73.66015,-0.35302,0.01065,-0.00660,0.80810,-0.58892,-0.00522,-0.86211,0.05445,
1703262112877522432,-10.82917,73.54382,-0.34570,0.00990,-0.00455,0.80618,-0.59158,-0.01895,-0.93902,-0.04090,
1703262113010944256,-10.82585,73.42248,-0.34533,0.00698,-0.00528,0.80669,-0.59091,0.10752,-0.88609,0.02232,
1703262113144366336,-10.81796,73.30942,-0.33875,0.00615,-0.00651,0.80570,-0.59225,0.01645,-0.80256,0.07887,
1703262113277788160,-10.80905,73.19509,-0.34011,0.01037,-0.00807,0.80633,-0.59132,0.06643,-0.83453,0.00117,
1703262113411209984,-10.80540,73.07741,-0.33884,0.01286,-0.00892,0.80567,-0.59215,-0.02135,-0.89757,0.00159,
1703262113544631552,-10.80847,72.95266,-0.34431,0.01190,-0.00694,0.80723,-0.59007,-0.02388,-0.83771,0.06825,
1703262113678053120,-10.80602,72.83426,-0.33982,0.01106,-0.00727,0.80658,-0.59097,-0.01063,-0.91159,-0.03909,
1703262113811474688,-10.80765,72.72018,-0.33548,0.01357,-0.00688,0.80611,-0.59157,-0.02354,-0.84324,0.01065,
1703262113944896256,-10.81535,72.60937,-0.33516,0.01506,-0.00588,0.80633,-0.59125,-0.07969,-0.82817,-0.01539,
1703262114078317312,-10.82313,72.50143,-0.33786,0.01341,-0.00484,0.80741,-0.58982,-0.04951,-0.77698,-0.00344,
1703262114211744512,-10.82813,72.39547,-0.34114,0.00762,-0.00271,0.80744,-0.58989,-0.00157,-0.81143,-0.08440,
1703262114345171968,-10.81775,72.29314,-0.34264,0.00459,-0.00250,0.80781,-0.58943,0.18133,-0.74664,0.03219,
1703262114478599168,-10.79589,72.19661,-0.34297,0.01036,-0.00880,0.80777,-0.58934,0.06565,-0.70940,-0.02003,
1703262114612026368,-10.80987,72.09800,-0.34536,0.01056,-0.00858,0.80776,-0.58935,-0.24652,-0.72424,-0.01391,
1703262114745453568,-10.83405,71.99471,-0.34211,0.00864,-0.00107,0.80765,-0.58959,-0.07189,-0.74993,0.05459,
1703262114878881024,-10.82724,71.89033,-0.34047,0.01108,-0.00228,0.80714,-0.59025,0.12755,-0.79554,-0.02212,
1703262115012308224,-10.81565,71.78369,-0.33859,0.01169,-0.00679,0.80680,-0.59067,-0.01045,-0.76635,0.03708,
1703262115145734656,-10.81521,71.67579,-0.33726,0.01047,-0.00539,0.80667,-0.59088,0.01375,-0.78480,0.04274,
1703262115279160320,-10.81396,71.56591,-0.33923,0.00980,-0.00463,0.80767,-0.58954,-0.01879,-0.78426,0.02126,
1703262115412585728,-10.81967,71.45925,-0.33812,0.00988,-0.00421,0.80755,-0.58970,-0.08808,-0.78022,0.00698,
1703262115546011136,-10.83364,71.34854,-0.33768,0.00861,-0.00135,0.80708,-0.59037,-0.07182,-0.83247,0.02391,
1703262115679436800,-10.83701,71.23789,-0.33532,0.00872,-0.00098,0.80682,-0.59073,-0.00736,-0.81049,0.02527,
1703262115812862464,-10.84580,71.12355,-0.34047,0.00732,0.00012,0.80833,-0.58868,-0.10939,-0.82455,0.00861,
1703262115946287872,-10.85536,71.01646,-0.33644,0.00774,0.00166,0.80759,-0.58969,-0.01544,-0.76226,0.05263,
1703262116079713792,-10.86365,70.91308,-0.33117,0.00694,0.00281,0.80718,-0.59026,-0.08622,-0.78678,-0.05509,
1703262116213131776,-10.87133,70.80849,-0.33503,0.00160,0.00554,0.80790,-0.58928,0.02548,-0.77495,0.00386,
1703262116346548992,-10.85493,70.70907,-0.33068,0.00509,0.00194,0.80657,-0.59111,0.20892,-0.74786,0.01667,
1703262116479966720,-10.84095,70.60778,-0.32605,0.00929,-0.00333,0.80640,-0.59128,-0.03509,-0.73251,0.02309,
1703262116613383424,-10.86355,70.50430,-0.32898,0.00835,0.00206,0.80641,-0.59129,-0.22481,-0.78375,-0.02725,
1703262116746800384,-10.87805,70.39455,-0.33149,0.00330,0.00678,0.80676,-0.59084,-0.00981,-0.81241,0.06409,
1703262116880217088,-10.85391,70.28951,-0.32239,0.00678,0.00191,0.80517,-0.59301,0.25034,-0.80074,0.00572,
1703262117013633536,-10.83392,70.17740,-0.32634,0.00893,-0.00390,0.80596,-0.59189,0.02762,-0.85910,-0.04830,
1703262117147050496,-10.83911,70.06156,-0.33115,0.00823,-0.00164,0.80686,-0.59068,-0.04431,-0.86018,0.00768,
1703262117280467456,-10.83920,69.94540,-0.33103,0.00931,-0.00079,0.80677,-0.59079,0.03953,-0.88863,-0.02248,
1703262117413884160,-10.83328,69.82626,-0.32963,0.01044,-0.00276,0.80673,-0.59082,0.02762,-0.91257,-0.03300,
1703262117547300864,-10.83349,69.70406,-0.32914,0.01143,-0.00226,0.80686,-0.59062,-0.01713,-0.88158,0.01662,
1703262117680717312,-10.83598,69.58157,-0.32913,0.01089,-0.00175,0.80717,-0.59021,-0.00955,-0.94713,-0.06845,
1703262117880841216,-10.82653,69.39263,-0.33307,0.01084,-0.00322,0.80836,-0.58858,0.12426,-0.90777,0.00424,
1703262118014257152,-10.81229,69.27619,-0.32540,0.01368,-0.00638,0.80743,-0.58977,0.08506,-0.82565,0.07415,
1703262118147672320,-10.81085,69.16160,-0.33043,0.01042,-0.00671,0.80848,-0.58839,-0.01590,-0.88687,-0.09183,
1703262118281086976,-10.80721,69.04337,-0.33593,0.00896,-0.00602,0.80975,-0.58667,0.08460,-0.86383,0.02044,
1703262118414501120,-10.79337,68.93042,-0.33534,0.01226,-0.00990,0.80926,-0.58724,0.06836,-0.85763,0.00077,
1703262118547915008,-10.79198,68.81631,-0.33537,0.01694,-0.01126,0.80901,-0.58745,-0.02477,-0.80982,0.07774,
1703262118681328896,-10.79924,68.70272,-0.32996,0.01655,-0.00786,0.80895,-0.58759,-0.02788,-0.80127,0.07794,
1703262118814742016,-10.79574,68.60060,-0.31408,0.01976,-0.00808,0.80605,-0.59146,-0.00229,-0.76454,0.07591,
1703262118948155136,-10.81179,68.49274,-0.31337,0.01629,-0.00523,0.80556,-0.59227,-0.18911,-0.85848,-0.11263,
1703262119081567744,-10.83548,68.36897,-0.33212,0.01263,0.00068,0.80844,-0.58844,-0.10960,-0.92955,-0.12482,
1703262119214985472,-10.84239,68.24812,-0.33402,0.01373,0.00091,0.80897,-0.58769,-0.00379,-0.84917,0.05104,
1703262119348402432,-10.84730,68.13058,-0.33279,0.01510,0.00061,0.80845,-0.58837,-0.07547,-0.85412,0.05464,
1703262119481819904,-10.85827,68.00811,-0.33788,0.01258,0.00270,0.80910,-0.58753,-0.14778,-0.92243,-0.05000,
1703262119615236864,-10.87150,67.88923,-0.33085,0.01150,0.00717,0.80785,-0.58924,0.00055,-0.87978,0.05593,
1703262119748653568,-10.86770,67.75878,-0.34283,0.01334,0.00603,0.80981,-0.58651,0.13424,-0.98672,-0.05596,
1703262119882070016,-10.84873,67.63713,-0.33581,0.02060,0.00081,0.80923,-0.58713,0.12640,-0.88010,0.07374,
1703262120015486208,-10.84066,67.52426,-0.32940,0.01964,-0.00124,0.80751,-0.58952,-0.05260,-0.90760,-0.01451,
1703262120148902144,-10.84764,67.39881,-0.33605,0.01130,0.00284,0.80882,-0.58794,0.06596,-0.95313,-0.07270,
1703262120282317312,-10.82320,67.27420,-0.33953,0.01246,-0.00049,0.80928,-0.58730,0.34840,-0.91863,0.04915,
1703262120415732480,-10.78288,67.15200,-0.33643,0.01966,-0.01217,0.80844,-0.58813,0.13009,-0.95320,-0.00671,
1703262120549147392,-10.78489,67.02270,-0.34576,0.02197,-0.01128,0.81089,-0.58468,-0.12466,-0.96315,-0.12000,
1703262120682562048,-10.80961,66.90527,-0.34252,0.02527,-0.00462,0.81165,-0.58358,-0.16744,-0.74070,0.15360,
1703262120815976704,-10.82782,66.79759,-0.33412,0.02339,-0.00169,0.80935,-0.58686,-0.08856,-0.85605,-0.03339,
1703262120949391104,-10.82297,66.67943,-0.33720,0.01782,-0.00067,0.80939,-0.58700,0.15867,-0.90291,-0.00104,
1703262121082805504,-10.79138,66.55652,-0.34401,0.01491,-0.00667,0.81008,-0.58609,0.23470,-0.91374,-0.01393,
1703262121216219136,-10.76736,66.43522,-0.34278,0.01908,-0.01159,0.80985,-0.58621,0.05930,-0.94192,-0.00760,
1703262121349632768,-10.78089,66.31223,-0.34073,0.01771,-0.00932,0.80880,-0.58775,-0.21767,-0.99545,-0.06962,
1703262121483046144,-10.80381,66.18919,-0.33714,0.01563,-0.00393,0.80958,-0.58679,-0.16777,-0.83184,0.11791,
1703262121616459008,-10.81444,66.06523,-0.33621,0.01321,-0.00052,0.80852,-0.58831,0.04338,-1.02699,-0.08881,
1703262121749871872,-10.80280,65.94408,-0.32751,0.01867,-0.00258,0.80800,-0.58889,0.12903,-0.82350,0.15504,
1703262121883284224,-10.80170,65.82595,-0.32428,0.01756,-0.00507,0.80738,-0.58974,-0.13316,-0.90053,-0.05538,
1703262122016696576,-10.82303,65.70789,-0.32472,0.01307,0.00098,0.80645,-0.59116,-0.09952,-0.94584,-0.03703,
1703262122150109440,-10.81699,65.58285,-0.32527,0.01178,0.00194,0.80726,-0.59008,0.15226,-0.89316,0.06927,
1703262122283522816,-10.79462,65.46089,-0.32415,0.01339,-0.00416,0.80638,-0.59123,0.12561,-0.93472,-0.03217,
1703262122416935680,-10.78341,65.32801,-0.33584,0.01293,-0.00642,0.80819,-0.58874,0.00937,-1.01381,-0.10822,
1703262122550348288,-10.77814,65.20360,-0.33396,0.01898,-0.00628,0.80913,-0.58729,0.02233,-0.83549,0.12561,
1703262122683760640,-10.77746,65.08350,-0.33446,0.02103,-0.00705,0.80899,-0.58740,-0.01654,-0.90536,-0.01024,
1703262122817172736,-10.78216,64.96882,-0.33058,0.01509,-0.00555,0.80693,-0.59043,0.00217,-0.92368,-0.08501,
1703262122950584576,-10.77519,64.84340,-0.33276,0.01115,-0.00392,0.80758,-0.58964,0.14953,-0.86182,0.11719,
1703262123083996416,-10.75405,64.72331,-0.33001,0.01490,-0.00883,0.80708,-0.59019,0.14984,-0.89843,0.01458,
1703262123217413632,-10.74821,64.59402,-0.33820,0.01759,-0.01184,0.80827,-0.58843,-0.00409,-0.96300,-0.03746,
1703262123350830592,-10.74828,64.47053,-0.33574,0.01668,-0.01010,0.80801,-0.58885,0.02149,-0.93425,0.00794,
1703262123484247296,-10.74192,64.34702,-0.33518,0.01593,-0.00877,0.80855,-0.58814,0.06020,-0.95070,-0.04946,
1703262123617664000,-10.73560,64.22414,-0.33937,0.01647,-0.01060,0.80938,-0.58695,0.01907,-0.89270,-0.00477,
1703262123751080448,-10.73872,64.10453,-0.33571,0.01822,-0.01009,0.80934,-0.58698,-0.01329,-0.85697,0.05125,
1703262123884497152,-10.73913,63.98551,-0.33287,0.01655,-0.00931,0.80813,-0.58870,-0.02434,-0.95343,-0.06573,
1703262124017913344,-10.73927,63.86367,-0.32847,0.01634,-0.00670,0.80820,-0.58864,0.07423,-0.88522,0.02571,
1703262124151330560,-10.72998,63.74380,-0.33116,0.01522,-0.00935,0.80769,-0.58933,0.05585,-0.94135,-0.06299,
1703262124284748032,-10.72030,63.61638,-0.33370,0.01335,-0.01019,0.80845,-0.58832,0.15872,-0.91031,0.06432,
1703262124418165248,-10.70020,63.48978,-0.33285,0.01751,-0.01388,0.80873,-0.58775,0.11563,-0.90394,0.01774,
1703262124551582720,-10.70041,63.36636,-0.33118,0.01762,-0.01531,0.80836,-0.58822,-0.10340,-0.92629,0.00520,
1703262124751708160,-10.72130,63.17995,-0.33551,0.01484,-0.00735,0.81077,-0.58514,0.03666,-0.85921,0.03345,
1703262124885125376,-10.71040,63.07000,-0.32522,0.01708,-0.01048,0.80729,-0.58982,0.07741,-0.91355,-0.03752,
1703262125018542336,-10.69719,62.94845,-0.32728,0.01855,-0.01226,0.80760,-0.58931,0.10808,-0.90966,-0.00202,
1703262125151958784,-10.68661,62.82627,-0.32730,0.01856,-0.01241,0.80792,-0.58887,0.10112,-0.91070,0.03994,
1703262125285374208,-10.67177,62.70679,-0.32774,0.02211,-0.01609,0.80834,-0.58807,0.04762,-0.83548,0.06679,
1703262125418789888,-10.67319,62.58650,-0.32483,0.01961,-0.01601,0.80685,-0.59022,-0.06343,-0.99219,-0.07958,
1703262125552205056,-10.67021,62.46520,-0.32287,0.02049,-0.01349,0.80808,-0.58856,0.10590,-0.84298,0.05340,
1703262125685619968,-10.65647,62.34803,-0.32840,0.02197,-0.01643,0.80913,-0.58698,0.18722,-0.92797,-0.13734,
1703262125819035136,-10.64536,62.23308,-0.33413,0.02635,-0.02147,0.80968,-0.58588,-0.03773,-0.80814,0.09314,
1703262125952450048,-10.65591,62.11503,-0.33159,0.02540,-0.01824,0.80941,-0.58641,-0.14308,-0.83690,0.05674,
1703262126085864704,-10.66326,62.00121,-0.32499,0.01845,-0.01268,0.80782,-0.58900,0.06591,-0.86531,0.00200,
1703262126219281408,-10.64433,61.87953,-0.32967,0.01634,-0.01443,0.80876,-0.58774,0.28127,-0.91188,-0.02612,
1703262126352698624,-10.61347,61.75981,-0.32907,0.02072,-0.02252,0.80871,-0.58741,0.17682,-0.86822,-0.00137,
1703262126486115328,-10.60336,61.64483,-0.32920,0.02293,-0.02599,0.80804,-0.58810,-0.03408,-0.87056,-0.01675,
1703262126686241024,-10.61870,61.47193,-0.31942,0.02018,-0.01704,0.80757,-0.58918,0.00972,-0.81985,0.06348,
1703262126819657984,-10.60902,61.35885,-0.32122,0.02044,-0.01935,0.80750,-0.58919,0.12002,-0.86969,-0.06787,
1703262127019783168,-10.59686,61.17870,-0.33069,0.02122,-0.02234,0.80901,-0.58699,0.02328,-0.88736,-0.00363,
1703262127153200640,-10.59753,61.05834,-0.32820,0.02336,-0.01982,0.80913,-0.58683,0.00952,-0.77144,0.14992,
1703262127286618624,-10.59307,60.94767,-0.31872,0.02222,-0.02058,0.80713,-0.58960,0.02131,-0.91818,-0.09716,
1703262127420036864,-10.58674,60.82395,-0.33134,0.02063,-0.01973,0.80954,-0.58637,0.10663,-0.85974,-0.00042,
1703262127553455104,-10.57478,60.71146,-0.32175,0.02144,-0.02157,0.80761,-0.58893,0.03848,-0.83173,0.06485,
1703262127686872832,-10.56943,60.58831,-0.32943,0.01883,-0.02205,0.80860,-0.58764,0.04321,-0.96998,-0.08407,
1703262127820291072,-10.56115,60.46451,-0.33024,0.01893,-0.02205,0.80875,-0.58744,0.09941,-0.91546,-0.02613,
1703262127953708800,-10.55178,60.34129,-0.32842,0.02026,-0.02312,0.80896,-0.58706,0.06421,-0.90679,0.02199,
1703262128087127040,-10.55002,60.22312,-0.32673,0.01865,-0.02320,0.80736,-0.58931,-0.04397,-0.97165,-0.07825,
1703262128220544256,-10.55307,60.09712,-0.32727,0.01586,-0.01946,0.80792,-0.58876,0.06072,-0.87693,0.06846,
1703262128420670208,-10.53509,59.91238,-0.33002,0.01864,-0.02238,0.80822,-0.58816,0.06332,-0.94881,-0.09819,
1703262128554087168,-10.53931,59.79051,-0.33204,0.01866,-0.02178,0.80928,-0.58673,-0.06707,-0.85627,0.04095,
1703262128687504128,-10.54612,59.67009,-0.32806,0.01481,-0.01795,0.80829,-0.58832,0.03503,-0.91929,-0.01331,
1703262128820921088,-10.52520,59.54677,-0.32538,0.01484,-0.02026,0.80745,-0.58940,0.20839,-0.91569,-0.01809,
1703262128954337792,-10.50117,59.42232,-0.32727,0.01692,-0.02542,0.80831,-0.58797,0.05394,-0.85534,0.04427,
1703262129087754752,-10.50743,59.30921,-0.32140,0.02133,-0.02357,0.80740,-0.58914,-0.10891,-0.81153,0.06162,
1703262129221172224,-10.52715,59.18846,-0.32662,0.01579,-0.01777,0.80797,-0.58874,-0.08314,-0.95804,-0.10835,
1703262129354590464,-10.53116,59.06853,-0.32610,0.01419,-0.01504,0.80792,-0.58893,0.07871,-0.84808,0.06217,
1703262129488008192,-10.52289,58.94610,-0.32861,0.01480,-0.01660,0.80763,-0.58927,0.06786,-0.94395,-0.02534,
1703262129621426176,-10.51954,58.82071,-0.32886,0.01423,-0.01721,0.80751,-0.58943,0.00603,-0.93273,-0.01818,
1703262129754843904,-10.51604,58.69315,-0.33577,0.01288,-0.01709,0.80858,-0.58800,0.04844,-0.93608,0.01458,
1703262129888261888,-10.50831,58.56706,-0.33428,0.01355,-0.01824,0.80764,-0.58923,0.03471,-0.95051,-0.02376,
1703262130021679360,-10.50574,58.43636,-0.34227,0.01343,-0.01788,0.80962,-0.58652,0.00353,-1.00327,-0.14286,
1703262130155099136,-10.50896,58.32108,-0.33337,0.01570,-0.01697,0.80838,-0.58820,-0.09114,-0.75722,0.18312,
1703262130288523008,-10.52234,58.20716,-0.32938,0.01345,-0.01350,0.80812,-0.58871,-0.10634,-0.86547,-0.06730,
1703262130421946880,-10.52728,58.08833,-0.33537,0.00988,-0.01076,0.80944,-0.58701,0.03398,-0.83983,0.02426,
1703262130555371264,-10.52041,57.96992,-0.33874,0.00807,-0.01214,0.81007,-0.58615,-0.01409,-0.86111,-0.00321,
1703262130688795904,-10.53050,57.85927,-0.33283,0.00865,-0.01004,0.80869,-0.58808,-0.14269,-0.84357,0.00586,
1703262130888932864,-10.56355,57.68257,-0.33674,0.00901,-0.00352,0.81075,-0.58532,-0.16715,-0.80182,0.01941,
1703262131022358016,-10.58529,57.56761,-0.33856,0.00398,0.00102,0.81039,-0.58587,-0.14663,-0.90823,-0.07258,
1703262131155782912,-10.59400,57.45370,-0.33098,0.00365,0.00466,0.81016,-0.58618,0.02743,-0.73466,0.18269,
1703262131289208064,-10.59275,57.35167,-0.32111,0.00193,0.00199,0.80825,-0.58884,-0.06471,-0.84636,-0.10403,
1703262131489346816,-10.61903,57.18552,-0.32854,-0.00256,0.00790,0.80917,-0.58751,-0.13311,-0.72181,0.14347,
1703262131622772480,-10.62274,57.07735,-0.32561,-0.00481,0.00871,0.80899,-0.58774,0.11155,-0.84013,-0.06011,
1703262131756198656,-10.60324,56.96804,-0.32195,-0.00304,0.00330,0.80788,-0.58933,0.19626,-0.81080,0.02780,
1703262131889625088,-10.58877,56.85616,-0.32445,-0.00131,-0.00012,0.80805,-0.58911,0.07132,-0.84459,0.01916,
1703262132023051776,-10.58772,56.74717,-0.32184,-0.00132,-0.00011,0.80809,-0.58906,-0.02595,-0.79281,-0.01019,
1703262132156476160,-10.59213,56.64390,-0.32391,-0.00141,-0.00034,0.80872,-0.58819,0.02222,-0.72904,0.03685,
1703262132289896192,-10.58255,56.53840,-0.32768,-0.00089,-0.00234,0.80942,-0.58722,0.16772,-0.74323,0.05196,
1703262132423316480,-10.56271,56.44714,-0.31714,0.00101,-0.00644,0.80809,-0.58902,0.10024,-0.60823,0.11167,
1703262132556736512,-10.56893,56.35374,-0.31674,-0.00091,-0.00563,0.80762,-0.58967,-0.15498,-0.77362,-0.12702,
1703262132690156800,-10.58743,56.25197,-0.32671,-0.00222,-0.00129,0.80946,-0.58716,-0.05338,-0.68400,0.01903,
1703262132823576832,-10.58623,56.15436,-0.32122,-0.00071,-0.00155,0.80880,-0.58807,0.08428,-0.71554,0.01804,
1703262132956997120,-10.57505,56.05622,-0.32148,0.00210,-0.00487,0.80890,-0.58792,0.07045,-0.72776,-0.02048,
1703262133090417408,-10.57277,55.95854,-0.32031,0.00317,-0.00551,0.80797,-0.58918,-0.00991,-0.74786,-0.00785,
1703262133223841792,-10.57551,55.85307,-0.32756,-0.00047,-0.00225,0.80985,-0.58664,0.04749,-0.73611,-0.02204,
1703262133357266944,-10.56134,55.76003,-0.32508,0.00333,-0.00533,0.80988,-0.58656,0.14819,-0.65595,0.03889,
1703262133490692096,-10.55783,55.67348,-0.32276,0.00610,-0.00913,0.80938,-0.58718,-0.05406,-0.66761,-0.01103,
1703262133624117504,-10.57326,55.57629,-0.32805,0.00180,-0.00404,0.80937,-0.58728,-0.09322,-0.78619,-0.07930,
1703262133757543680,-10.56993,55.47907,-0.33027,-0.00062,-0.00171,0.81116,-0.58483,0.14427,-0.65166,0.07290,
1703262133890969344,-10.55540,55.39405,-0.31910,0.00130,-0.00603,0.80892,-0.58788,0.05854,-0.66232,0.02471,
1703262134024395264,-10.55215,55.30666,-0.31742,0.00130,-0.00786,0.80856,-0.58836,-0.02638,-0.64045,0.02286,
1703262134224532736,-10.54431,55.15653,-0.33146,0.00408,-0.00794,0.81026,-0.58600,0.08021,-0.77839,-0.02273,
1703262134357957376,-10.53813,55.05404,-0.33042,0.00640,-0.00956,0.81019,-0.58605,0.00258,-0.75363,0.00932,
1703262134491381760,-10.53919,54.94824,-0.33171,0.00535,-0.00888,0.80982,-0.58659,-0.01065,-0.82868,-0.01493,
1703262134624806144,-10.53478,54.83796,-0.33185,0.00473,-0.00666,0.81021,-0.58609,0.10701,-0.83145,-0.02058,
1703262134758231040,-10.51105,54.73411,-0.32779,0.00991,-0.01251,0.80999,-0.58622,0.12956,-0.74838,0.05427,
1703262134891655680,-10.51151,54.62891,-0.32349,0.01043,-0.01422,0.80847,-0.58827,-0.13702,-0.79758,0.01075,
1703262135025080576,-10.52847,54.51633,-0.32430,0.00869,-0.00722,0.80882,-0.58794,0.00888,-0.87727,-0.03192,
1703262135158505984,-10.51237,54.40535,-0.32261,0.00846,-0.01092,0.80964,-0.58676,0.17546,-0.75103,0.07872,
1703262135291931136,-10.49595,54.30103,-0.31477,0.01276,-0.01476,0.80799,-0.58887,0.08638,-0.81021,0.06788,
1703262135425356544,-10.48907,54.19148,-0.31187,0.01208,-0.01520,0.80745,-0.58961,0.01509,-0.84751,-0.01379,
1703262135558782464,-10.48430,54.07784,-0.31912,0.01004,-0.01465,0.80931,-0.58712,0.09537,-0.84918,-0.00146,
1703262135692208640,-10.47019,53.97193,-0.31230,0.01135,-0.01730,0.80658,-0.59077,0.11517,-0.85297,-0.00747,
1703262135825634560,-10.45385,53.85399,-0.31816,0.01083,-0.02045,0.80769,-0.58915,0.08715,-0.88200,0.00765,
1703262135959060992,-10.43857,53.74153,-0.31867,0.01370,-0.02170,0.80888,-0.58741,0.15700,-0.82306,-0.04609,
1703262136092487424,-10.42308,53.63763,-0.31617,0.01437,-0.02533,0.80858,-0.58766,0.04287,-0.74647,0.04033,
1703262136292624384,-10.40915,53.47222,-0.31942,0.01801,-0.02611,0.80733,-0.58924,0.14495,-0.89615,-0.00815,
1703262136426049024,-10.38987,53.35452,-0.31344,0.02014,-0.02799,0.80688,-0.58971,0.11185,-0.85144,0.07292,
1703262136559473920,-10.37294,53.24094,-0.30542,0.02233,-0.02967,0.80517,-0.59189,0.15640,-0.88646,0.01558,
1703262136692898816,-10.35255,53.11879,-0.31000,0.02459,-0.03164,0.80600,-0.59055,0.20064,-0.92054,-0.01805,
1703262136826323712,-10.33344,52.99357,-0.31475,0.02605,-0.03416,0.80704,-0.58893,0.09550,-0.92454,-0.01135,
1703262136959748864,-10.32849,52.87290,-0.30540,0.02833,-0.03322,0.80570,-0.59072,-0.00631,-0.85046,0.14069,
1703262137093174016,-10.33265,52.75308,-0.29916,0.02309,-0.02997,0.80489,-0.59222,-0.06061,-0.96558,-0.12760,
1703262137226593792,-10.32616,52.62025,-0.31389,0.02308,-0.02774,0.80791,-0.58820,0.09776,-0.89179,0.01577,
1703262137360012032,-10.31596,52.49730,-0.30640,0.02381,-0.03037,0.80589,-0.59080,-0.00970,-0.97954,-0.00598,
1703262137493430016,-10.32433,52.36536,-0.30977,0.01916,-0.02662,0.80638,-0.59049,-0.04453,-1.02844,-0.09603,
1703262137626848512,-10.32663,52.23361,-0.31244,0.02093,-0.02240,0.80865,-0.58749,0.08241,-0.86608,0.13339,
1703262137760266240,-10.31808,52.11908,-0.29596,0.02024,-0.02571,0.80419,-0.59347,0.00915,-0.97984,-0.05431,
1703262137893684480,-10.31522,51.98243,-0.31441,0.01515,-0.02405,0.80857,-0.58772,0.04725,-0.91543,0.03805,
1703262138027102208,-10.29721,51.86482,-0.30289,0.01530,-0.02395,0.80613,-0.59106,0.21245,-0.89612,0.03279,
1703262138160522496,-10.26554,51.74128,-0.30099,0.02126,-0.03113,0.80552,-0.59136,0.18172,-0.96796,-0.01737,
1703262138293948416,-10.26890,51.61129,-0.30293,0.01856,-0.02955,0.80681,-0.58977,-0.18358,-0.90379,0.04906,
1703262138427374848,-10.28093,51.48424,-0.30028,0.01636,-0.02335,0.80650,-0.59055,0.00844,-0.94266,0.01429,
1703262138560801024,-10.27281,51.35661,-0.29483,0.01918,-0.02440,0.80501,-0.59245,0.12872,-0.99690,-0.03389,
1703262138694227456,-10.25628,51.22011,-0.30481,0.02325,-0.02836,0.80788,-0.58820,0.03332,-0.92042,0.03569,
1703262138827654144,-10.26349,51.09263,-0.30059,0.02108,-0.02598,0.80654,-0.59023,-0.15726,-0.98276,0.02013,
1703262138961080832,-10.27984,50.96213,-0.29637,0.01631,-0.01793,0.80614,-0.59123,-0.04076,-0.98015,-0.05029,
1703262139094507520,-10.26931,50.82587,-0.30627,0.01671,-0.01920,0.80745,-0.58939,0.14167,-1.05395,-0.03892,
1703262139227938048,-10.26616,50.69748,-0.29394,0.01642,-0.02133,0.80483,-0.59290,-0.04736,-0.95779,0.08725,
1703262139361369600,-10.28040,50.55894,-0.29878,0.01252,-0.01735,0.80686,-0.59036,-0.13357,-1.00348,-0.04525,
1703262139494801664,-10.29407,50.42015,-0.30925,0.00709,-0.01327,0.80699,-0.59037,0.00136,-1.10798,-0.10270,
1703262139628234240,-10.28197,50.27317,-0.31456,0.00533,-0.01477,0.80833,-0.58852,0.13144,-1.06159,-0.01069,
1703262139761666816,-10.27127,50.13395,-0.30953,0.01032,-0.01722,0.80805,-0.58877,-0.05635,-1.04584,0.00567,
1703262139895099904,-10.29871,49.99304,-0.30963,0.00761,-0.01144,0.80802,-0.58900,-0.28988,-1.05007,-0.00501,
1703262140028532992,-10.32098,49.85002,-0.30906,0.00631,-0.00544,0.80862,-0.58827,-0.03930,-1.02575,0.03844,
1703262140161964800,-10.30767,49.71068,-0.30736,0.00828,-0.00888,0.80865,-0.58817,0.17303,-0.98144,0.04477,
1703262140295392256,-10.28461,49.57514,-0.30433,0.01162,-0.01348,0.80782,-0.58916,0.15174,-1.08923,-0.06179,
1703262140428820224,-10.27386,49.43402,-0.31022,0.01238,-0.01394,0.80785,-0.58910,0.05112,-1.11220,-0.06795,
1703262140562247680,-10.26576,49.29299,-0.31237,0.01426,-0.01571,0.80894,-0.58751,0.00149,-0.98617,0.05410,
1703262140695676160,-10.26132,49.14954,-0.31257,0.01521,-0.01534,0.80915,-0.58721,0.06508,-1.04093,0.07573,
1703262140829104128,-10.24673,49.00809,-0.31251,0.01750,-0.01708,0.80976,-0.58625,0.15010,-1.07622,-0.05131,
1703262140962532608,-10.22969,48.87132,-0.30885,0.01773,-0.01998,0.80846,-0.58794,0.13010,-1.03334,0.05874,
1703262141095961088,-10.20754,48.72908,-0.30889,0.01582,-0.02228,0.80751,-0.58922,0.18115,-1.08529,-0.02071,
1703262141229388544,-10.18412,48.58424,-0.30856,0.01790,-0.02497,0.80741,-0.58919,0.17739,-1.11810,-0.03650,
1703262141362815232,-10.17646,48.44227,-0.30796,0.01988,-0.02723,0.80750,-0.58890,-0.06221,-1.08721,-0.02619,
1703262141496242176,-10.19166,48.29543,-0.31148,0.01811,-0.02325,0.80851,-0.58774,-0.12983,-1.07932,-0.00300,
1703262141629669120,-10.20149,48.14994,-0.31060,0.01500,-0.01858,0.80870,-0.58773,-0.01352,-1.06417,0.01729,
1703262141763096064,-10.19640,48.00387,-0.31296,0.01471,-0.01822,0.80944,-0.58673,0.08320,-1.09544,-0.04533,
1703262141896523776,-10.19580,47.86360,-0.31201,0.01634,-0.01805,0.80841,-0.58811,-0.03584,-1.06517,0.02510,
1703262142029950976,-10.20659,47.72393,-0.30848,0.01442,-0.01544,0.80779,-0.58910,-0.09842,-1.03572,0.02400,
1703262142163377920,-10.21309,47.57966,-0.31295,0.01102,-0.01293,0.80853,-0.58821,0.03037,-1.06926,-0.00274,
1703262142296803840,-10.20232,47.43892,-0.31082,0.01242,-0.01438,0.80808,-0.58877,0.13255,-1.05892,-0.03706,
1703262142430230016,-10.18385,47.29903,-0.30964,0.01432,-0.01791,0.80794,-0.58882,0.12428,-1.05641,0.00304,
1703262142563656192,-10.17300,47.15967,-0.31208,0.01503,-0.01927,0.80764,-0.58918,0.07656,-1.02616,-0.00549,
1703262142697082368,-10.16431,47.02157,-0.30773,0.01517,-0.01891,0.80705,-0.58998,0.05069,-1.00819,0.03614,
1703262142830508544,-10.15861,46.88140,-0.30973,0.01325,-0.01958,0.80746,-0.58945,-0.02259,-1.02357,0.03017,
1703262142963934976,-10.16842,46.74568,-0.30792,0.01161,-0.01646,0.80642,-0.59100,-0.06994,-1.01348,0.03340,
1703262143097361152,-10.17206,46.60702,-0.30497,0.01113,-0.01508,0.80688,-0.59042,0.05217,-1.02442,-0.00602,
1703262143230784000,-10.16662,46.46626,-0.31060,0.01117,-0.01564,0.80752,-0.58953,0.06827,-1.03200,0.01109,
1703262143364205312,-10.15964,46.32810,-0.31087,0.01123,-0.01629,0.80720,-0.58995,0.01413,-1.04635,-0.02602,
1703262143497626624,-10.15840,46.19218,-0.30793,0.01101,-0.01620,0.80701,-0.59021,-0.03165,-0.98270,-0.00443,
1703262143631047936,-10.16494,46.06115,-0.30865,0.01015,-0.01374,0.80694,-0.59039,-0.05446,-0.96109,-0.02366,
1703262143764469248,-10.17045,45.92352,-0.31572,0.01087,-0.01147,0.80816,-0.58875,-0.01502,-0.98635,0.02463,
1703262143897890304,-10.17454,45.79255,-0.31574,0.01000,-0.01064,0.80795,-0.58907,-0.04278,-0.97270,-0.01156,
1703262144031311616,-10.17642,45.66448,-0.31138,0.00813,-0.00965,0.80768,-0.58949,0.02922,-0.93763,0.02093,
1703262144164733696,-10.17350,45.53862,-0.31121,0.00799,-0.01008,0.80745,-0.58979,0.04049,-0.92723,-0.01891,
1703262144298158336,-10.16709,45.40979,-0.31591,0.01069,-0.01136,0.80851,-0.58827,0.02420,-0.93381,0.02781,
1703262144431583232,-10.17178,45.28817,-0.31250,0.01067,-0.01024,0.80785,-0.58920,-0.07875,-0.91218,0.01094,
1703262144565008128,-10.18366,45.16947,-0.30983,0.00637,-0.00669,0.80773,-0.58947,-0.09583,-0.84327,0.03720,
1703262144698433024,-10.18004,45.05108,-0.31239,0.00769,-0.00609,0.80851,-0.58840,0.12971,-0.88202,-0.04484,
1703262144831857920,-10.15607,44.93749,-0.30861,0.00915,-0.01294,0.80733,-0.58988,0.16049,-0.85335,-0.01279,
1703262144965282560,-10.14237,44.82519,-0.30745,0.00947,-0.01459,0.80715,-0.59009,0.09033,-0.84518,-0.02529,
1703262145098707712,-10.13257,44.71016,-0.30996,0.01183,-0.01498,0.80725,-0.58990,0.08434,-0.83564,0.00313,
1703262145232132352,-10.12253,44.59937,-0.30754,0.01375,-0.01712,0.80698,-0.59018,0.08822,-0.83052,-0.02613,
1703262145365556736,-10.11201,44.48784,-0.31106,0.01475,-0.01842,0.80787,-0.58888,0.06165,-0.82240,-0.01742,
1703262145498981120,-10.10573,44.38053,-0.30732,0.01569,-0.01871,0.80726,-0.58969,0.00443,-0.76510,0.05917,
1703262145632405504,-10.10952,44.27808,-0.30259,0.01302,-0.01766,0.80653,-0.59079,-0.03786,-0.78583,-0.04022,
1703262145765829888,-10.10995,44.18031,-0.30165,0.01155,-0.01579,0.80625,-0.59125,0.13539,-0.70561,0.03517,
1703262145899254016,-10.08062,44.08528,-0.30262,0.01495,-0.02152,0.80629,-0.59095,0.22213,-0.71346,-0.02849,
1703262146032678656,-10.06574,43.99135,-0.30776,0.01678,-0.02491,0.80717,-0.58956,-0.04879,-0.71547,-0.05196,
1703262146166103040,-10.07528,43.89932,-0.30662,0.01684,-0.02121,0.80732,-0.58950,-0.04879,-0.65101,0.04069,
1703262146299526656,-10.07538,43.80198,-0.30655,0.01798,-0.02076,0.80708,-0.58981,0.04240,-0.72484,0.01091,
1703262146432950528,-10.06808,43.70560,-0.30506,0.02053,-0.02130,0.80714,-0.58961,0.05152,-0.70792,0.01541,
1703262146566374400,-10.06263,43.61168,-0.30582,0.02037,-0.02173,0.80716,-0.58958,0.00046,-0.72317,-0.05585,
1703262146699797760,-10.05755,43.51507,-0.30937,0.01770,-0.02040,0.80757,-0.58915,0.12220,-0.71739,-0.00830,
1703262146833221632,-10.03439,43.41866,-0.31035,0.02105,-0.02429,0.80790,-0.58845,0.20281,-0.70079,0.00102,
1703262146966645504,-10.02021,43.32398,-0.30993,0.02294,-0.02797,0.80738,-0.58892,-0.02844,-0.74146,-0.02076,
1703262147100069376,-10.02504,43.22793,-0.31046,0.02126,-0.02480,0.80783,-0.58851,-0.00740,-0.70242,0.00906,
1703262147233492992,-10.01394,43.13164,-0.31264,0.02287,-0.02546,0.80793,-0.58829,0.13948,-0.73178,-0.00034,
1703262147366917120,-9.99570,43.03569,-0.31062,0.02543,-0.03005,0.80772,-0.58826,0.06139,-0.66574,0.05681,
1703262147500341504,-9.98879,42.94334,-0.30722,0.02702,-0.03018,0.80678,-0.58946,0.04562,-0.69435,0.02997,
1703262147633765376,-9.97577,42.84814,-0.30651,0.02529,-0.03060,0.80632,-0.59014,0.13570,-0.73360,-0.03519,
1703262147767189248,-9.95705,42.75193,-0.30723,0.02741,-0.03280,0.80649,-0.58970,0.13452,-0.71171,0.01947,
1703262147900613376,-9.94495,42.65833,-0.30827,0.02624,-0.03483,0.80753,-0.58821,0.02581,-0.67105,-0.00413,
1703262148034037248,-9.93663,42.57133,-0.30483,0.02138,-0.03311,0.80714,-0.58904,0.11815,-0.63124,-0.00512,
1703262148167460864,-9.91064,42.48682,-0.30132,0.02199,-0.03637,0.80657,-0.58962,0.23743,-0.62465,0.03793,
1703262148300882944,-9.88773,42.40333,-0.30005,0.02837,-0.04178,0.80566,-0.59022,0.09707,-0.67604,-0.03470,
1703262148434304768,-9.89444,42.31262,-0.30031,0.03005,-0.04020,0.80611,-0.58963,-0.16165,-0.65337,0.04498,
1703262148567726336,-9.90986,42.21664,-0.30228,0.02703,-0.03363,0.80672,-0.58936,-0.04527,-0.70292,-0.00992,
1703262148701147904,-9.89538,42.11713,-0.30444,0.02745,-0.03381,0.80713,-0.58877,0.24608,-0.78563,-0.07019,
1703262148834568960,-9.86926,42.02129,-0.30021,0.03100,-0.03891,0.80585,-0.59003,0.12723,-0.74673,-0.00787,
1703262148967990272,-9.86469,41.91626,-0.30480,0.03041,-0.03852,0.80618,-0.58963,-0.02723,-0.82162,-0.01400,
1703262149101411840,-9.86379,41.80965,-0.30246,0.02753,-0.03564,0.80594,-0.59029,0.06004,-0.79639,0.01833,
1703262149234834176,-9.84424,41.70933,-0.29073,0.02942,-0.03744,0.80425,-0.59239,0.23779,-0.72806,0.07128,
1703262149368257280,-9.81535,41.60274,-0.29761,0.03241,-0.04294,0.80477,-0.59114,0.11737,-0.82313,-0.01738,
1703262149501680384,-9.81348,41.49242,-0.29764,0.03511,-0.04179,0.80476,-0.59109,-0.05418,-0.86524,-0.02098,
1703262149635103488,-9.82924,41.37644,-0.29939,0.02903,-0.03606,0.80565,-0.59057,-0.09716,-0.83600,-0.00540,
1703262149768526336,-9.82982,41.25899,-0.30004,0.02678,-0.03235,0.80633,-0.58997,0.13890,-0.84095,0.07308,
1703262149901949440,-9.81021,41.14685,-0.29440,0.02522,-0.03576,0.80543,-0.59107,0.14593,-0.83406,0.01601,
1703262150035372544,-9.80158,41.03083,-0.29524,0.02454,-0.03651,0.80573,-0.59064,-0.05096,-0.86756,0.00897,
1703262150168795392,-9.81547,40.91508,-0.29176,0.02011,-0.03189,0.80544,-0.59147,-0.11170,-0.89748,-0.05483,
1703262150302218752,-9.82316,40.79637,-0.29809,0.01718,-0.02778,0.80711,-0.58950,0.02423,-0.85248,-0.03060,
1703262150435642112,-9.81848,40.67711,-0.30071,0.02013,-0.02778,0.80713,-0.58937,-0.01469,-0.92638,-0.01224,
1703262150569065216,-9.83695,40.55630,-0.29932,0.01861,-0.02479,0.80697,-0.58978,-0.20904,-0.92087,-0.04151,
1703262150702488064,-9.86416,40.43046,-0.29825,0.01587,-0.01698,0.80699,-0.59011,-0.14678,-0.99344,-0.04709,
1703262150835911424,-9.86853,40.30120,-0.30078,0.01014,-0.01563,0.80659,-0.59081,0.03625,-0.95679,0.00199,
1703262150969334528,-9.86137,40.17194,-0.30126,0.01123,-0.01557,0.80748,-0.58958,0.11260,-0.89751,0.10424,
1703262151102758144,-9.84472,40.05096,-0.29951,0.01330,-0.01958,0.80646,-0.59082,0.08499,-0.93869,-0.07568,
1703262151236181760,-9.84661,39.92185,-0.30425,0.01159,-0.01767,0.80762,-0.58933,-0.08752,-0.90950,0.07111,
1703262151369606144,-9.85666,39.79183,-0.30784,0.00806,-0.01549,0.80775,-0.58926,-0.13479,-1.02816,-0.11076,
1703262151503030016,-9.86208,39.65800,-0.31448,0.00936,-0.01309,0.80915,-0.58738,0.04012,-1.02646,-0.08132,
1703262151636454144,-9.85142,39.53030,-0.30771,0.00924,-0.01581,0.80770,-0.58930,0.06818,-0.95672,0.01536,
1703262151769878272,-9.84477,39.39275,-0.31740,0.00821,-0.01621,0.80965,-0.58664,0.02367,-0.99888,0.00027,
1703262151903302144,-9.83999,39.26179,-0.31381,0.00622,-0.01572,0.80931,-0.58713,0.04958,-0.97630,0.00920,
1703262152036726272,-9.82931,39.13442,-0.30855,0.00652,-0.01653,0.80806,-0.58883,0.09918,-0.91156,0.06888,
1703262152170150144,-9.82008,39.00053,-0.31836,0.01160,-0.01800,0.80976,-0.58637,0.00973,-1.01995,-0.07469,
1703262152303573248,-9.81763,38.87297,-0.31028,0.01484,-0.01839,0.80828,-0.58833,-0.05668,-0.93673,0.09920,
1703262152436996096,-9.82207,38.74390,-0.31151,0.01376,-0.01608,0.80854,-0.58807,0.00030,-0.93428,0.01910,
1703262152570418944,-9.81761,38.61515,-0.31706,0.00700,-0.01519,0.80891,-0.58769,0.09374,-1.02700,-0.13219,
1703262152703841792,-9.79614,38.48666,-0.31593,0.00774,-0.01706,0.80930,-0.58710,0.23191,-0.89525,0.01793,
1703262152837264640,-9.77151,38.36151,-0.31633,0.01202,-0.02398,0.80793,-0.58867,0.05693,-0.96307,0.02918,
1703262152970687232,-9.76833,38.23173,-0.31891,0.01542,-0.02487,0.80945,-0.58646,-0.05413,-0.91788,-0.00256,
1703262153104110080,-9.78024,38.10844,-0.31494,0.00971,-0.01905,0.80824,-0.58846,-0.00490,-0.95168,-0.02607,
1703262153237529856,-9.77239,37.98312,-0.31125,0.00850,-0.01819,0.80724,-0.58989,0.14107,-0.94734,0.01470,
1703262153370948096,-9.75683,37.86341,-0.30230,0.00944,-0.02126,0.80564,-0.59195,0.11066,-0.87798,0.02338,
1703262153504365568,-9.74584,37.73183,-0.31219,0.01021,-0.02336,0.80735,-0.58952,-0.04462,-0.97257,-0.03121,
1703262153637783296,-9.75541,37.60291,-0.31342,0.00839,-0.02017,0.80768,-0.58921,-0.04935,-0.94476,-0.03226,
1703262153771200512,-9.75576,37.47501,-0.31420,0.00862,-0.01882,0.80871,-0.58785,0.07323,-0.90992,0.03750,
1703262153904617728,-9.73985,37.35636,-0.30773,0.01177,-0.02084,0.80656,-0.59067,0.14145,-0.90423,-0.00889,
1703262154038034432,-9.72640,37.23560,-0.30959,0.01770,-0.02384,0.80797,-0.58847,-0.01550,-0.85772,0.04853,
1703262154171451904,-9.73144,37.11493,-0.31488,0.01702,-0.02206,0.80828,-0.58814,-0.08986,-0.94355,-0.11280,
1703262154304873728,-9.72915,36.99244,-0.31820,0.01303,-0.01967,0.80912,-0.58717,0.13786,-0.82003,0.08772,
1703262154438295296,-9.70120,36.87427,-0.31614,0.01374,-0.02324,0.80863,-0.58770,0.29414,-0.85610,0.01703,
1703262154571717376,-9.66831,36.75713,-0.31707,0.01650,-0.02938,0.80858,-0.58742,0.13569,-0.83662,0.06972,
1703262154705138944,-9.65715,36.63810,-0.31757,0.01942,-0.03029,0.80791,-0.58821,-0.00016,-0.92310,-0.02521,
1703262154838560512,-9.65617,36.51378,-0.31871,0.01836,-0.02965,0.80851,-0.58745,0.02957,-0.90943,-0.01861,
1703262154971982080,-9.63949,36.39012,-0.31908,0.01899,-0.03081,0.80884,-0.58691,0.23978,-0.92303,-0.01119,
1703262155105403648,-9.61167,36.27349,-0.31810,0.02074,-0.03584,0.80877,-0.58667,0.13355,-0.83506,0.05249,
1703262155238826496,-9.60835,36.15349,-0.31814,0.02056,-0.03495,0.80798,-0.58781,-0.08345,-0.92517,-0.04223,
1703262155372250368,-9.62133,36.02983,-0.31902,0.02005,-0.03067,0.80824,-0.58772,-0.06776,-0.91242,-0.01106,
1703262155505674240,-9.62413,35.90288,-0.32102,0.01730,-0.02843,0.80860,-0.58741,0.05425,-0.92963,0.01611,
1703262155639098112,-9.61508,35.77902,-0.32097,0.01504,-0.02873,0.80885,-0.58712,0.06168,-0.93792,-0.02346,
1703262155772521984,-9.60242,35.65613,-0.32136,0.01640,-0.02970,0.80964,-0.58594,0.11466,-0.88894,0.00904,
1703262155905946112,-9.58980,35.53911,-0.32314,0.02090,-0.03234,0.80904,-0.58650,0.02369,-0.91557,-0.04978,
1703262156039369984,-9.59330,35.41351,-0.32607,0.02182,-0.03006,0.80923,-0.58632,-0.05339,-0.91528,0.04189,
1703262156172794112,-9.59380,35.28809,-0.32560,0.01831,-0.02752,0.81004,-0.58544,0.01168,-0.89998,0.01128,
1703262156306218240,-9.59083,35.16726,-0.32439,0.01564,-0.02623,0.80962,-0.58616,-0.02422,-0.90284,-0.00783,
1703262156439642368,-9.60205,35.04494,-0.32031,0.01489,-0.02410,0.80851,-0.58780,-0.16040,-0.93277,0.00274,
1703262156573066496,-9.62306,34.92103,-0.31692,0.01362,-0.01956,0.80812,-0.58853,-0.14317,-0.90577,0.02672,
1703262156706490624,-9.63499,34.79691,-0.31737,0.00734,-0.01601,0.80838,-0.58839,-0.04339,-0.88723,0.04927,
1703262156839914496,-9.62758,34.68070,-0.31428,0.00818,-0.01493,0.80742,-0.58973,0.17699,-0.90017,-0.01919,
1703262156973338624,-9.60335,34.56155,-0.31617,0.01190,-0.02069,0.80736,-0.58958,0.11421,-0.90893,0.00006,
1703262157106762752,-9.60229,34.44157,-0.31922,0.01206,-0.02045,0.80780,-0.58898,-0.08480,-0.91006,-0.01039,
1703262157240182528,-9.60907,34.32223,-0.31477,0.01038,-0.01732,0.80713,-0.59004,-0.02437,-0.88965,0.02191,
1703262157373600000,-9.60032,34.19995,-0.31644,0.01052,-0.01765,0.80725,-0.58986,0.13855,-0.92174,-0.01602,
1703262157507017728,-9.57600,34.07852,-0.31572,0.01295,-0.02203,0.80735,-0.58952,0.15166,-0.91685,-0.03941,
1703262157640434688,-9.56185,33.96399,-0.31006,0.01620,-0.02377,0.80648,-0.59056,0.12102,-0.84641,0.05316,
1703262157773851904,-9.55323,33.84800,-0.31351,0.01680,-0.02502,0.80690,-0.58992,0.03231,-0.89637,-0.04256,
1703262157907268864,-9.54635,33.73126,-0.31194,0.01799,-0.02419,0.80648,-0.59049,0.08253,-0.90851,-0.06904,
1703262158040685568,-9.53163,33.61444,-0.31172,0.01741,-0.02647,0.80697,-0.58974,0.10982,-0.82900,0.03556,
1703262158174103296,-9.51188,33.49838,-0.31345,0.01879,-0.02863,0.80701,-0.58955,0.11577,-0.86307,0.00755,
1703262158307526144,-9.50762,33.38513,-0.30939,0.01470,-0.02856,0.80674,-0.59004,-0.04120,-0.81755,0.03275,
1703262158440948992,-9.50528,33.27527,-0.30975,0.01535,-0.02675,0.80633,-0.59066,0.10805,-0.86321,-0.08514,
1703262158574371840,-9.48484,33.15910,-0.31824,0.01482,-0.03042,0.80839,-0.58767,0.09475,-0.79946,0.04779,
1703262158707794688,-9.47855,33.05042,-0.31255,0.01411,-0.02978,0.80721,-0.58935,-0.00013,-0.77273,0.04109,
1703262158841217792,-9.48512,32.93623,-0.31889,0.01423,-0.02756,0.80851,-0.58767,-0.04478,-0.83919,-0.03962,
1703262158974640640,-9.49443,32.81793,-0.32150,0.01468,-0.02556,0.80858,-0.58765,-0.12704,-0.86132,0.00737,
1703262159108063744,-9.50898,32.69858,-0.32261,0.01176,-0.02153,0.80929,-0.58689,-0.12452,-0.84554,0.00461,
1703262159241478400,-9.51722,32.58782,-0.31900,0.00699,-0.01793,0.80886,-0.58769,-0.00305,-0.81096,0.03875,
1703262159374888192,-9.50433,32.47906,-0.31834,0.00801,-0.01951,0.80757,-0.58940,0.16117,-0.89387,-0.10912,
1703262159508297728,-9.48741,32.36494,-0.32245,0.00943,-0.02399,0.80879,-0.58754,0.01088,-0.80624,0.03465,
1703262159641706496,-9.49513,32.25500,-0.32481,0.00925,-0.02013,0.80869,-0.58782,-0.06395,-0.83932,-0.04181,
1703262159775115264,-9.50542,32.14116,-0.32673,0.01116,-0.01644,0.80917,-0.58723,-0.06486,-0.78136,0.05453,
1703262159908523264,-9.51131,32.03202,-0.32298,0.01028,-0.01628,0.80810,-0.58873,-0.04629,-0.84967,-0.02689,
1703262160041931264,-9.51357,31.92861,-0.31742,0.00725,-0.01411,0.80789,-0.58912,0.06433,-0.74167,0.02625,
1703262160175336448,-9.49613,31.81885,-0.32803,0.01031,-0.01662,0.80881,-0.58775,0.15828,-0.91060,-0.08924,
1703262160308716288,-9.48524,31.70541,-0.33447,0.01020,-0.01949,0.81004,-0.58596,-0.03565,-0.83781,-0.01838,
1703262160442095360,-9.49697,31.59581,-0.33717,0.00695,-0.01581,0.81024,-0.58584,-0.05312,-0.87498,-0.07546,
1703262160575473152,-9.49805,31.48319,-0.33526,0.00789,-0.01534,0.80987,-0.58636,0.09302,-0.85834,-0.01441,
1703262160708849920,-9.48333,31.37009,-0.33329,0.01169,-0.01988,0.80925,-0.58701,0.08933,-0.83188,0.03439,
1703262160842225664,-9.48226,31.25395,-0.33389,0.01181,-0.01932,0.80927,-0.58699,-0.05539,-0.85526,0.02007,
1703262160975600128,-9.49007,31.13705,-0.33533,0.01037,-0.01565,0.80973,-0.58651,-0.04150,-0.82301,0.04304,
1703262161108973824,-9.49193,31.02305,-0.33459,0.00879,-0.01507,0.81009,-0.58604,-0.00328,-0.82087,0.00828,
1703262161242335744,-9.49081,30.91116,-0.34058,0.00603,-0.01358,0.81104,-0.58480,0.07638,-0.83347,-0.04265,
1703262161375686400,-9.46975,30.80174,-0.33789,0.00700,-0.01734,0.80933,-0.58706,0.19586,-0.87815,-0.01378,
1703262161509035264,-9.45030,30.68533,-0.33963,0.00908,-0.02312,0.80976,-0.58623,0.02429,-0.84722,0.02559,
1703262161642382848,-9.45023,30.56620,-0.34346,0.01259,-0.02199,0.80960,-0.58643,-0.00909,-0.92986,-0.03098,
1703262161775728128,-9.45140,30.44013,-0.34569,0.01283,-0.02103,0.81046,-0.58527,-0.00850,-0.92665,-0.02660,
1703262161909072128,-9.44455,30.31400,-0.35203,0.01275,-0.02118,0.81278,-0.58205,0.12142,-0.86351,0.02650,
1703262162042414080,-9.42472,30.19904,-0.34946,0.01328,-0.02287,0.81073,-0.58482,0.21009,-0.89522,-0.00896,
1703262162175755520,-9.39715,30.07393,-0.34988,0.01776,-0.02808,0.81034,-0.58501,0.13774,-0.94719,-0.01321,
1703262162309079552,-9.40326,29.95198,-0.34689,0.01914,-0.02768,0.81008,-0.58535,-0.17995,-0.89103,0.02385,
1703262162442401280,-9.42363,29.82867,-0.34591,0.01486,-0.02048,0.81007,-0.58578,-0.09212,-0.92299,0.01549,
1703262162575720192,-9.41594,29.70369,-0.34799,0.01356,-0.01921,0.81069,-0.58501,0.18026,-0.93458,-0.01481,
1703262162709036800,-9.39067,29.58110,-0.35029,0.01559,-0.02527,0.81069,-0.58472,0.14653,-0.91521,0.02127,
1703262162909007616,-9.37892,29.39672,-0.34996,0.02020,-0.02598,0.81098,-0.58415,0.03116,-0.87607,0.05144,
1703262163042318336,-9.37886,29.27967,-0.34368,0.01936,-0.02519,0.80857,-0.58754,-0.02355,-0.94293,-0.10291,
1703262163242277632,-9.37519,29.09417,-0.34692,0.01573,-0.02199,0.80862,-0.58771,0.20693,-0.92008,0.02814,
1703262163442225664,-9.33754,28.91133,-0.34070,0.02014,-0.02873,0.80838,-0.58761,0.12656,-0.91441,0.04597,
1703262163575520768,-9.33721,28.79466,-0.33295,0.01874,-0.02885,0.80643,-0.59033,-0.06184,-0.91520,0.00997,
1703262163708813056,-9.33937,28.66539,-0.34114,0.01649,-0.02544,0.80828,-0.58801,0.07540,-0.89895,0.02007,
1703262163842102272,-9.32253,28.54138,-0.34041,0.01589,-0.02774,0.80766,-0.58878,0.14724,-0.96582,-0.05601,
1703262163975388672,-9.30143,28.42153,-0.33959,0.01974,-0.03110,0.80697,-0.58944,0.12477,-0.93567,-0.01076,
1703262164108672256,-9.28842,28.29950,-0.34187,0.01959,-0.03266,0.80812,-0.58779,0.03765,-0.87006,0.01258,
1703262164241961984,-9.28032,28.18171,-0.34084,0.01788,-0.03101,0.80800,-0.58810,0.10828,-0.85774,0.01984,
1703262164375252736,-9.26038,28.06509,-0.34066,0.02068,-0.03400,0.80686,-0.58940,0.15272,-0.88622,0.01986,
1703262164508540928,-9.24572,27.94543,-0.33899,0.02214,-0.03683,0.80641,-0.58979,0.04084,-0.89618,0.00751,
1703262164641825792,-9.23951,27.82554,-0.33841,0.02044,-0.03525,0.80688,-0.58930,0.05048,-0.84430,0.07232,
1703262164775107840,-9.22634,27.70723,-0.33798,0.02053,-0.03510,0.80722,-0.58884,0.21358,-0.86468,0.00945,
1703262164908387072,-9.20833,27.59327,-0.33671,0.02050,-0.03797,0.80654,-0.58961,0.07394,-0.88623,-0.05846,
1703262165108300288,-9.19349,27.41792,-0.33716,0.02139,-0.03729,0.80688,-0.58916,0.09354,-0.85337,0.03588,
1703262165241597696,-9.17649,27.29752,-0.33861,0.02476,-0.03944,0.80741,-0.58815,0.12904,-0.84835,0.04884,
1703262165374907392,-9.16320,27.18369,-0.33426,0.02540,-0.04091,0.80720,-0.58830,0.00782,-0.84194,0.03582,
1703262165508215040,-9.15856,27.07039,-0.33468,0.02256,-0.03924,0.80702,-0.58878,0.03701,-0.85500,-0.02040,
1703262165641519872,-9.14518,26.95725,-0.33328,0.02455,-0.04019,0.80703,-0.58862,0.14425,-0.79387,0.06662,
1703262165774822656,-9.12419,26.84304,-0.34008,0.02478,-0.04269,0.80802,-0.58708,0.12896,-0.81504,0.03250,
1703262165908123136,-9.10636,26.73578,-0.33409,0.02352,-0.04381,0.80614,-0.58963,0.17249,-0.89245,-0.05788,
1703262166041421056,-9.08823,26.63018,-0.32952,0.02658,-0.04504,0.80599,-0.58962,0.12113,-0.73395,0.10790,
1703262166174718976,-9.07712,26.52893,-0.32416,0.02749,-0.04645,0.80515,-0.59061,0.05036,-0.76562,0.01439,
1703262166308044800,-9.07518,26.42287,-0.32690,0.02567,-0.04401,0.80527,-0.59072,0.06267,-0.80201,-0.04190,
1703262166508031488,-9.04624,26.26284,-0.32892,0.02866,-0.04722,0.80514,-0.59050,0.12902,-0.80973,-0.00863,
1703262166641353216,-9.03240,26.15157,-0.33139,0.02880,-0.04780,0.80594,-0.58936,0.05823,-0.81938,0.00068,
1703262166774672896,-9.02312,26.04238,-0.32822,0.03007,-0.04641,0.80575,-0.58967,0.11453,-0.83604,-0.00598,
1703262166907991296,-9.00708,25.93492,-0.32439,0.03111,-0.04814,0.80464,-0.59099,0.17301,-0.83055,0.01162,
1703262167041307904,-8.98466,25.82548,-0.32119,0.03249,-0.05163,0.80455,-0.59074,0.15253,-0.84541,-0.02944,
1703262167174635776,-8.96781,25.72029,-0.31601,0.03347,-0.05093,0.80351,-0.59217,0.18226,-0.80748,-0.01526,
1703262167307975680,-8.93934,25.61092,-0.31977,0.03595,-0.05489,0.80437,-0.59049,0.18817,-0.81252,-0.02991,
1703262167441314816,-8.92233,25.50125,-0.32691,0.03880,-0.05700,0.80488,-0.58942,0.03778,-0.84062,-0.04220,
1703262167574652160,-8.91525,25.38751,-0.32698,0.03752,-0.05466,0.80459,-0.59012,0.08104,-0.87861,-0.03050,
1703262167707988224,-8.89621,25.27388,-0.32685,0.03576,-0.05343,0.80465,-0.59025,0.21852,-0.84910,-0.00347,
1703262167841323008,-8.86292,25.16188,-0.32880,0.03560,-0.05750,0.80516,-0.58918,0.25935,-0.81840,0.02608,
1703262168041322752,-8.82677,24.99883,-0.33198,0.03828,-0.06127,0.80634,-0.58702,0.08856,-0.74315,0.05253,
1703262168174668544,-8.82056,24.89823,-0.33089,0.04003,-0.06136,0.80630,-0.58695,-0.04921,-0.74681,-0.00480,
1703262168308026880,-8.82515,24.79690,-0.32946,0.03710,-0.05614,0.80628,-0.58769,0.01587,-0.78057,-0.02189,
1703262168441384448,-8.81874,24.69622,-0.32649,0.03501,-0.05391,0.80583,-0.58864,0.06538,-0.75211,0.00544,
1703262168574741504,-8.81782,24.59403,-0.32524,0.03468,-0.05400,0.80581,-0.58869,-0.08249,-0.75038,0.00865,
1703262168708098048,-8.83376,24.48598,-0.32721,0.03172,-0.04955,0.80647,-0.58834,-0.12376,-0.79786,-0.01866,
1703262168841453824,-8.84467,24.37844,-0.32925,0.02855,-0.04458,0.80727,-0.58781,-0.00639,-0.81749,-0.01509,
1703262168974808832,-8.83398,24.26979,-0.33065,0.02721,-0.04490,0.80746,-0.58758,0.13519,-0.81716,-0.01809,
1703262169108163328,-8.82566,24.16250,-0.33212,0.02520,-0.04515,0.80787,-0.58708,-0.01562,-0.79948,-0.00615,
1703262169241531648,-8.84227,24.05546,-0.33151,0.02073,-0.03906,0.80756,-0.58813,-0.20148,-0.82630,-0.00216,
1703262169374910464,-8.86270,23.94447,-0.33209,0.01752,-0.03327,0.80769,-0.58841,-0.13033,-0.85851,-0.06090,
1703262169508289280,-8.87183,23.82883,-0.33519,0.01463,-0.03013,0.80877,-0.58717,-0.04821,-0.85750,0.00557,
1703262169641668096,-8.88212,23.71347,-0.33530,0.01177,-0.02675,0.80838,-0.58794,-0.14890,-0.88816,-0.00236,
1703262169775046912,-8.91062,23.59440,-0.33406,0.00790,-0.02023,0.80835,-0.58830,-0.28831,-0.87115,0.00682,
1703262169908425728,-8.93994,23.47041,-0.33742,0.00441,-0.01367,0.80931,-0.58720,-0.21667,-0.93066,-0.02995,
1703262170041804800,-8.96150,23.34557,-0.33844,0.00358,-0.00911,0.80889,-0.58788,-0.15444,-0.95061,-0.01279,
1703262170175183104,-8.97705,23.21610,-0.34468,0.00067,-0.00563,0.81090,-0.58515,-0.05942,-0.94635,-0.02662,
1703262170308572416,-8.97587,23.09284,-0.34632,-0.00135,-0.00559,0.81111,-0.58486,0.07160,-0.87780,0.02370,
1703262170441962496,-8.96013,22.96867,-0.35149,0.00144,-0.00807,0.81174,-0.58396,0.11911,-0.94707,-0.08109,
1703262170575352320,-8.94054,22.84743,-0.35060,0.00118,-0.01342,0.81055,-0.58552,0.07083,-0.88641,0.10005,
1703262170708743168,-8.93357,22.73368,-0.33986,0.00159,-0.01305,0.80918,-0.58741,0.09895,-0.85282,-0.00584,
1703262170842134272,-8.91582,22.61358,-0.35134,0.00380,-0.01559,0.81069,-0.58526,0.16518,-0.90902,-0.06241,
1703262170975525888,-8.90492,22.49401,-0.34981,0.00548,-0.01779,0.81044,-0.58552,0.03547,-0.87994,-0.00190,
1703262171108918016,-8.90315,22.37032,-0.35143,0.00713,-0.01760,0.81047,-0.58548,0.02588,-0.90921,0.03705,
1703262171242316800,-8.89777,22.24425,-0.35341,0.00928,-0.01805,0.81055,-0.58531,0.06317,-0.96547,-0.01066,
1703262171375723008,-8.88095,22.11816,-0.35143,0.01191,-0.02072,0.81004,-0.58589,0.17167,-0.94717,0.02233,
1703262171509131008,-8.86245,21.98549,-0.35311,0.01456,-0.02393,0.81054,-0.58501,0.05553,-0.99601,-0.02810,
1703262171642539520,-8.85353,21.85908,-0.34987,0.01405,-0.02303,0.81014,-0.58561,0.09089,-0.94749,-0.01118,
1703262171775949312,-8.83013,21.73276,-0.34777,0.01544,-0.02622,0.80879,-0.58730,0.19346,-0.96303,0.01761,
1703262171909359872,-8.80797,21.60655,-0.34389,0.01677,-0.03042,0.80763,-0.58866,0.13775,-0.95557,-0.00357,
1703262172042771456,-8.79291,21.47778,-0.34831,0.01729,-0.03176,0.80825,-0.58773,0.08121,-0.96396,0.00371,
1703262172176182784,-8.79075,21.34744,-0.34641,0.01821,-0.03024,0.80761,-0.58866,-0.03248,-1.00042,-0.05433,
1703262172309604864,-8.80369,21.21870,-0.34679,0.01628,-0.02684,0.80817,-0.58811,-0.12217,-0.94296,-0.02074,
1703262172443029248,-8.81986,21.09840,-0.34411,0.01359,-0.02005,0.80889,-0.58745,-0.04849,-0.79078,0.11627,
1703262172576454400,-8.81366,20.98388,-0.34306,0.01227,-0.02164,0.80775,-0.58900,0.02442,-0.89317,-0.08199,
1703262172709881344,-8.80710,20.86867,-0.34680,0.01615,-0.02290,0.80772,-0.58890,0.08905,-0.85827,-0.05817,
1703262172843310080,-8.79670,20.74387,-0.35892,0.01991,-0.02447,0.80974,-0.58594,-0.02759,-0.89866,0.01541,
1703262172976740096,-8.80420,20.62663,-0.35459,0.01853,-0.02103,0.80868,-0.58758,-0.08372,-0.87523,0.01520,
1703262173110172160,-8.81053,20.50998,-0.35327,0.01637,-0.01814,0.80873,-0.58767,-0.02527,-0.86915,0.00576,
1703262173243612160,-8.80756,20.39202,-0.35295,0.01507,-0.01835,0.80863,-0.58784,-0.00876,-0.91148,-0.03254,
1703262173377061376,-8.81397,20.27339,-0.35418,0.01271,-0.01715,0.80863,-0.58793,-0.12590,-0.88842,-0.01657,
1703262173510512640,-8.83366,20.15169,-0.35603,0.00821,-0.01213,0.80880,-0.58790,-0.10607,-0.95943,-0.05499,
1703262173643966464,-8.83686,20.02512,-0.36189,0.00763,-0.01077,0.80999,-0.58629,0.07502,-0.89544,0.04774,
1703262173844151552,-8.84483,19.84056,-0.36016,0.00254,-0.00828,0.80928,-0.58736,-0.11234,-0.96729,-0.02865,
1703262173977611264,-8.85677,19.71516,-0.36210,0.00043,-0.00530,0.81015,-0.58619,-0.11465,-0.88871,0.04917,
1703262174111073280,-8.86583,19.59341,-0.35935,0.00196,-0.00430,0.80946,-0.58716,-0.06106,-0.93987,-0.03041,
1703262174311255296,-8.86682,19.40801,-0.36512,0.00198,-0.00492,0.81117,-0.58479,0.09334,-0.82676,0.06307,
1703262174444709888,-8.85213,19.28594,-0.36334,0.00349,-0.00722,0.80954,-0.58701,0.11755,-0.93286,0.02512,
1703262174578166784,-8.83674,19.16205,-0.36451,0.00387,-0.00953,0.80907,-0.58762,0.14432,-0.95405,-0.03841,
1703262174711626496,-8.81467,19.03392,-0.36513,0.00718,-0.01312,0.80975,-0.58658,0.18250,-0.95134,-0.03383,
1703262174845089024,-8.80143,18.91725,-0.35777,0.01203,-0.01548,0.80809,-0.58873,0.01670,-0.84956,0.07739,
1703262174978554112,-8.79528,18.79862,-0.35707,0.01182,-0.01642,0.80809,-0.58872,0.00005,-0.83265,0.06571,
1703262175112021504,-8.79047,18.67864,-0.36186,0.01146,-0.01566,0.80819,-0.58861,0.14561,-0.95986,-0.11326,
1703262175245486848,-8.76792,18.55202,-0.36695,0.01277,-0.01912,0.80880,-0.58763,0.22189,-0.93412,0.04397,
1703262175378955264,-8.74635,18.42552,-0.36624,0.01394,-0.02263,0.80852,-0.58787,0.11612,-0.95167,0.04114,
1703262175512426496,-8.73739,18.29774,-0.36405,0.01584,-0.02385,0.80776,-0.58882,0.04475,-0.97819,-0.01194,
1703262175645900800,-8.73454,18.16545,-0.36541,0.01588,-0.02370,0.80824,-0.58816,0.02327,-0.98098,-0.00236,
1703262175779377664,-8.72345,18.03093,-0.36861,0.01835,-0.02472,0.80938,-0.58647,0.09824,-0.97177,-0.01184,
1703262175912858112,-8.71311,17.90560,-0.36536,0.01942,-0.02575,0.80732,-0.58923,0.03751,-0.95331,-0.01195,
1703262176046341120,-8.70697,17.77315,-0.36427,0.01356,-0.02435,0.80796,-0.58858,0.08613,-0.91969,0.05392,
1703262176179827456,-8.69061,17.64744,-0.36386,0.01629,-0.02475,0.80762,-0.58896,0.23117,-0.95771,-0.07967,
1703262176313303808,-8.66811,17.51989,-0.36817,0.02141,-0.03039,0.80828,-0.58762,0.05007,-0.93164,0.06612,
1703262176446782976,-8.66829,17.39541,-0.36243,0.01758,-0.02987,0.80771,-0.58856,-0.09880,-0.88569,0.02789,
1703262176580264704,-8.68142,17.28006,-0.35847,0.01456,-0.02198,0.80756,-0.58919,0.05309,-0.85957,-0.05411,
1703262176713749760,-8.64951,17.15661,-0.37621,0.01988,-0.02880,0.81099,-0.58401,0.37470,-0.89679,-0.09352,
1703262176847237888,-8.61721,17.04781,-0.37178,0.02482,-0.03704,0.80843,-0.58690,0.12583,-0.87163,-0.02196,
1703262176980728832,-8.61887,16.93146,-0.36831,0.02324,-0.03333,0.80903,-0.58637,-0.04670,-0.85132,0.06491,
1703262177114222592,-8.62162,16.81434,-0.36870,0.01903,-0.02872,0.80809,-0.58805,0.09054,-0.94241,-0.07627,
1703262177247710464,-8.59882,16.70118,-0.36317,0.02236,-0.03258,0.80791,-0.58798,0.24385,-0.78236,0.06305,
1703262177447933952,-8.56732,16.52795,-0.37429,0.02460,-0.03815,0.80867,-0.58651,0.06670,-0.85542,0.02686,
1703262177581419520,-8.55694,16.41462,-0.36761,0.02584,-0.03667,0.80799,-0.58749,0.13167,-0.83643,0.00624,
1703262177714907392,-8.53381,16.30274,-0.36505,0.02788,-0.03968,0.80705,-0.58849,0.21351,-0.82762,-0.01063,
1703262177848398336,-8.51441,16.18923,-0.36992,0.02711,-0.04240,0.80792,-0.58715,0.03796,-0.83019,0.00763,
1703262178048638976,-8.50548,16.01980,-0.37095,0.02563,-0.04003,0.80862,-0.58641,0.09066,-0.78560,0.05810,
1703262178182137344,-8.49222,15.90675,-0.36836,0.02793,-0.04205,0.80754,-0.58764,0.10762,-0.85906,0.02162,
1703262178315619328,-8.47625,15.79358,-0.37017,0.02742,-0.04429,0.80837,-0.58637,0.07877,-0.85808,-0.09068,
1703262178449103616,-8.46709,15.68744,-0.37222,0.02652,-0.04194,0.80831,-0.58667,0.08007,-0.78962,-0.01147,
1703262178582590464,-8.44472,15.58144,-0.36787,0.02855,-0.04402,0.80745,-0.58760,0.17097,-0.77306,0.03413,
1703262178716079104,-8.42306,15.47556,-0.36226,0.02917,-0.04839,0.80658,-0.58841,0.09861,-0.76805,0.03880,
1703262178849570048,-8.41695,15.36911,-0.36480,0.03029,-0.04696,0.80709,-0.58777,0.00883,-0.80666,-0.04900,
1703262178983063296,-8.41208,15.26479,-0.36899,0.03091,-0.04626,0.80804,-0.58650,-0.03068,-0.74198,0.01842,
1703262179116558848,-8.42008,15.16350,-0.36421,0.02731,-0.04189,0.80727,-0.58807,-0.04314,-0.72700,0.04157,
1703262179250045440,-8.41243,15.06813,-0.36106,0.02869,-0.04092,0.80713,-0.58825,0.17531,-0.73889,-0.06365,
1703262179383522304,-8.40553,14.96652,-0.36646,0.02970,-0.04133,0.80715,-0.58815,-0.03136,-0.80495,-0.02081,
1703262179517000192,-8.41877,14.85630,-0.36766,0.02589,-0.03622,0.80777,-0.58781,-0.13667,-0.79980,0.00899,
1703262179650480128,-8.42529,14.74279,-0.37304,0.02509,-0.03265,0.80881,-0.58662,0.08074,-0.85856,-0.06420,
1703262179783961344,-8.41160,14.63632,-0.37251,0.02464,-0.03487,0.80839,-0.58709,0.17514,-0.79899,-0.00511,
1703262179917443840,-8.39739,14.52598,-0.37547,0.02195,-0.03623,0.80856,-0.58689,0.02101,-0.81414,0.04304,
1703262180050928128,-8.40099,14.41669,-0.37244,0.01981,-0.03339,0.80814,-0.58771,-0.06474,-0.80996,0.02717,
1703262180251171328,-8.40502,14.25688,-0.36449,0.01828,-0.03159,0.80757,-0.58864,0.03391,-0.77266,0.04893,
1703262180384696576,-8.40059,14.15253,-0.36445,0.01618,-0.03040,0.80770,-0.58858,0.02023,-0.80349,-0.03165,
1703262180518224128,-8.39945,14.04334,-0.36652,0.01664,-0.02886,0.80752,-0.58889,-0.10215,-0.81849,0.02396,
1703262180651754240,-8.42145,13.92855,-0.37009,0.01379,-0.02409,0.80827,-0.58816,-0.22207,-0.88084,-0.05637,
1703262180785286656,-8.44143,13.81869,-0.36981,0.01122,-0.01837,0.80888,-0.58758,0.08516,-0.78190,0.00080,
1703262180918821888,-8.42861,13.72011,-0.37195,0.01188,-0.02069,0.80899,-0.58733,0.17531,-0.73209,-0.00281,
1703262181119128832,-8.41422,13.57138,-0.36933,0.01817,-0.02485,0.80858,-0.58758,-0.12894,-0.73090,0.03961,
1703262181252641024,-8.44473,13.47684,-0.36494,0.01625,-0.01758,0.80795,-0.58877,-0.25327,-0.74685,-0.06058,
1703262181452856832,-8.47315,13.33073,-0.37398,0.00307,-0.00715,0.80986,-0.58658,0.16658,-0.69917,0.03584,
1703262181586335232,-8.44466,13.23358,-0.37293,0.00700,-0.01391,0.80887,-0.58778,0.20133,-0.71845,0.04973,
1703262181719814912,-8.43437,13.13741,-0.37013,0.01508,-0.01920,0.80808,-0.58856,-0.02634,-0.73716,-0.02058,
1703262181853295872,-8.46280,13.03496,-0.37308,0.01629,-0.01450,0.80848,-0.58812,-0.29527,-0.77420,-0.00534,
1703262181986778112,-8.48455,12.92897,-0.37006,0.01114,-0.00560,0.80814,-0.58886,0.04783,-0.79609,0.00220,
1703262182120261120,-8.45613,12.81956,-0.37094,0.01126,-0.00964,0.80857,-0.58822,0.41092,-0.81976,-0.02132,
1703262182253739264,-8.41406,12.71944,-0.36779,0.01658,-0.01997,0.80731,-0.58956,0.16020,-0.76730,0.05226,
1703262182387209216,-8.42009,12.60843,-0.37049,0.01523,-0.01921,0.80814,-0.58849,-0.15206,-0.86976,-0.04846,
1703262182520680192,-8.43698,12.49997,-0.36440,0.01473,-0.01249,0.80771,-0.58927,0.04774,-0.80024,0.04795,
1703262182654152192,-8.41958,12.38825,-0.36815,0.01413,-0.01600,0.80771,-0.58919,0.22865,-0.86839,-0.03919,
1703262182787624960,-8.38293,12.27738,-0.36392,0.01843,-0.02266,0.80635,-0.59072,0.29344,-0.89927,-0.03484,
1703262182921098496,-8.36074,12.15698,-0.37074,0.02022,-0.02610,0.80769,-0.58868,0.10703,-0.87018,0.00218,
1703262183054572800,-8.35535,12.03689,-0.37413,0.02330,-0.02665,0.80871,-0.58714,0.00984,-0.88393,-0.01767,
1703262183188048128,-8.35460,11.91552,-0.37458,0.02708,-0.02545,0.80913,-0.58645,0.04007,-0.89603,0.00655,
1703262183321509120,-8.33885,11.80252,-0.37178,0.03070,-0.02839,0.80879,-0.58661,0.10142,-0.82985,0.01990,
1703262183454970368,-8.32744,11.68154,-0.37802,0.02711,-0.02779,0.80921,-0.58623,0.13019,-0.94130,0.01010,
1703262183588432640,-8.30471,11.56081,-0.37486,0.02548,-0.02835,0.80788,-0.58812,0.18702,-0.96348,-0.06926,
1703262183721895168,-8.28524,11.43173,-0.37877,0.02626,-0.03103,0.80848,-0.58711,0.12467,-0.97392,-0.02331,
1703262183922090240,-8.26065,11.24904,-0.37591,0.03258,-0.03499,0.80800,-0.58723,0.10053,-0.87671,0.03549,
1703262184055554304,-8.24888,11.12701,-0.37744,0.02924,-0.03531,0.80765,-0.58788,0.14312,-0.98123,-0.14133,
1703262184189018880,-8.23249,11.00235,-0.38367,0.02721,-0.03536,0.80928,-0.58573,0.19836,-0.87302,0.04205,
1703262184322471936,-8.21585,10.88944,-0.37156,0.03107,-0.03751,0.80708,-0.58843,0.09693,-0.81938,0.08676,
1703262184455924992,-8.21899,10.77879,-0.35998,0.03176,-0.03641,0.80550,-0.59062,-0.06259,-0.87957,-0.06248,
1703262184589378304,-8.22321,10.66192,-0.37392,0.03089,-0.03379,0.80854,-0.58665,0.03093,-0.83552,-0.06089,
1703262184722832128,-8.21172,10.54919,-0.37667,0.02982,-0.03410,0.80861,-0.58661,0.18329,-0.82953,0.04783,
1703262184856286208,-8.18412,10.43974,-0.37417,0.02952,-0.03671,0.80788,-0.58746,0.20950,-0.83262,0.00672,
1703262184989740544,-8.16343,10.32388,-0.38338,0.02865,-0.03902,0.80949,-0.58514,0.15289,-0.90263,-0.17997,
1703262185123195392,-8.14813,10.21490,-0.39006,0.03609,-0.04289,0.81121,-0.58207,0.14177,-0.71730,0.06493,
1703262185323371008,-8.14680,10.06422,-0.37750,0.03854,-0.04095,0.80745,-0.58725,0.02810,-0.80024,-0.02915,
1703262185456818944,-8.13730,9.94640,-0.39088,0.03427,-0.03923,0.81028,-0.58373,0.17715,-0.84671,-0.01519,
1703262185590267136,-8.10819,9.83755,-0.38862,0.03443,-0.04317,0.80935,-0.58472,0.19448,-0.82377,0.00726,
1703262185723715584,-8.09003,9.72974,-0.37663,0.03513,-0.04458,0.80701,-0.58780,0.09266,-0.78321,0.14816,
1703262185857164032,-8.07974,9.61579,-0.37667,0.03508,-0.04444,0.80800,-0.58646,0.07043,-0.86232,-0.13078,
1703262185990612736,-8.07542,9.49547,-0.38911,0.03377,-0.04381,0.80954,-0.58446,0.00834,-0.90475,-0.04889,
1703262186124061696,-8.06148,9.37573,-0.38744,0.03351,-0.04311,0.80851,-0.58594,0.22003,-0.92490,-0.04530,
1703262186257507840,-8.02128,9.25464,-0.38884,0.03726,-0.04812,0.80942,-0.58407,0.34399,-0.90051,-0.03846,
1703262186390945792,-7.98672,9.14019,-0.39129,0.04091,-0.05596,0.80977,-0.58264,0.09551,-0.82793,0.02876,
1703262186524383488,-7.98593,9.02695,-0.39041,0.03904,-0.05358,0.80908,-0.58395,-0.05248,-0.86877,-0.00319,
1703262186657821184,-7.99158,8.90853,-0.39019,0.03232,-0.04604,0.80851,-0.58579,0.00149,-0.96081,-0.10938,
1703262186791258624,-7.96586,8.79119,-0.39062,0.03273,-0.04749,0.80906,-0.58489,0.32977,-0.83814,0.02614,
1703262186924695552,-7.92336,8.68350,-0.38668,0.03449,-0.05601,0.80752,-0.58617,0.23601,-0.83710,0.00172,
1703262187058132736,-7.89427,8.56586,-0.39167,0.03740,-0.05823,0.80859,-0.58428,0.18723,-0.89739,-0.03961,
1703262187191569152,-7.88151,8.44670,-0.39249,0.03847,-0.05755,0.80852,-0.58438,0.08220,-0.94268,-0.03765,
1703262187325001728,-7.87750,8.32733,-0.38577,0.03592,-0.05531,0.80742,-0.58628,0.08161,-0.89121,0.02304,
1703262187458433024,-7.85245,8.20725,-0.38191,0.03595,-0.05738,0.80662,-0.58718,0.26602,-0.88040,-0.00377,
1703262187591864064,-7.82259,8.07949,-0.39070,0.03926,-0.06049,0.80843,-0.58416,0.11016,-0.88826,0.05125,
1703262187725294336,-7.82750,7.95757,-0.38593,0.03638,-0.05752,0.80732,-0.58617,-0.14683,-0.90764,0.06315,
1703262187858724352,-7.85113,7.83667,-0.37488,0.03207,-0.04802,0.80596,-0.58915,-0.15040,-0.84975,0.12623,
1703262187992153856,-7.86129,7.70544,-0.38535,0.02991,-0.04385,0.80809,-0.58666,-0.16065,-1.04440,-0.14791,
1703262188125582592,-7.89273,7.57591,-0.38804,0.02407,-0.03759,0.80775,-0.58784,-0.38022,-1.02309,-0.06355,
1703262188259009024,-7.94078,7.43861,-0.39451,0.01530,-0.02540,0.80885,-0.58727,-0.28784,-1.02247,-0.02660,
1703262188392430336,-7.96306,7.30276,-0.39248,0.01101,-0.01893,0.80807,-0.58869,-0.07594,-1.01424,0.04031,
1703262188525850624,-7.96836,7.16027,-0.39716,0.00868,-0.01830,0.80856,-0.58807,-0.06207,-1.10249,-0.10527,
1703262188659270400,-7.97747,7.01878,-0.39704,0.00516,-0.01554,0.80857,-0.58817,-0.04463,-1.06649,-0.00710,
1703262188792689408,-7.98394,6.88181,-0.39382,0.00455,-0.01299,0.80776,-0.58935,-0.06043,-1.03657,0.01047,
1703262188926107136,-7.99153,6.73905,-0.40308,0.00374,-0.01148,0.80887,-0.58786,-0.04280,-1.05412,0.00207,
1703262189059524096,-7.98030,6.59928,-0.40493,0.00575,-0.01385,0.81031,-0.58581,0.10416,-0.95841,0.09517,
1703262189192940800,-7.96773,6.46116,-0.40435,0.00686,-0.01485,0.80966,-0.58667,0.08970,-1.11301,-0.07722,
1703262189326361600,-7.96361,6.32007,-0.40258,0.00654,-0.01380,0.80885,-0.58781,0.04073,-1.08330,-0.01854,
1703262189459782400,-7.95905,6.17658,-0.40549,0.01017,-0.01471,0.81126,-0.58442,0.03266,-0.96722,0.05346,
1703262189659912448,-7.95259,5.97604,-0.40280,0.01196,-0.01551,0.81000,-0.58611,0.14716,-1.01475,-0.01738,
1703262189793331712,-7.93118,5.84198,-0.40324,0.00989,-0.01750,0.80900,-0.58746,0.18121,-1.01519,0.04733,
1703262189926749952,-7.89823,5.70175,-0.40521,0.01169,-0.02209,0.80939,-0.58674,0.20877,-1.04278,0.00894,
1703262190060167680,-7.86918,5.56868,-0.40223,0.01671,-0.02822,0.80972,-0.58589,0.18179,-0.97278,-0.02524,
1703262190193584640,-7.86211,5.43589,-0.40184,0.01809,-0.02934,0.80821,-0.58789,0.00293,-1.02885,0.02591,
1703262190326994944,-7.85949,5.29621,-0.40387,0.01684,-0.02706,0.80942,-0.58636,0.05491,-0.98989,0.03810,
1703262190460401408,-7.84461,5.16222,-0.40351,0.01830,-0.02863,0.80944,-0.58622,0.14053,-0.99470,0.01563,
1703262190593807104,-7.83447,5.02487,-0.40561,0.01952,-0.02983,0.80898,-0.58676,0.05598,-1.03543,0.00878,
1703262190727211008,-7.83076,4.88691,-0.40273,0.02007,-0.02773,0.80884,-0.58704,0.02110,-1.04461,-0.02024,
1703262190860613632,-7.82253,4.75020,-0.40319,0.02173,-0.02941,0.80917,-0.58644,0.03855,-0.99485,0.03178,
1703262190994014976,-7.82159,4.61908,-0.39927,0.02288,-0.02728,0.80728,-0.58910,0.05801,-1.03939,-0.01463,
1703262191127415040,-7.81172,4.48427,-0.40326,0.02155,-0.02691,0.80804,-0.58811,0.13744,-1.00855,-0.02160,
1703262191260815872,-7.79255,4.35223,-0.40262,0.02396,-0.02964,0.80803,-0.58790,0.18071,-0.93903,0.05661,
1703262191394219264,-7.77790,4.22256,-0.40082,0.02812,-0.03102,0.80741,-0.58850,0.07619,-0.96176,0.05107,
1703262191527621376,-7.77103,4.09334,-0.40259,0.02529,-0.03125,0.80692,-0.58929,0.06210,-1.07367,-0.17605,
1703262191727721728,-7.74008,3.89694,-0.40691,0.02738,-0.03331,0.80820,-0.58733,0.28476,-0.98250,-0.03281,
1703262191861120256,-7.70234,3.76922,-0.40406,0.03135,-0.03937,0.80758,-0.58761,0.26105,-0.98684,-0.01839,
1703262191994517248,-7.67609,3.63817,-0.40683,0.03237,-0.04232,0.80793,-0.58686,0.16579,-0.97567,-0.00799,
1703262192127912704,-7.65129,3.50810,-0.40779,0.03471,-0.04391,0.80822,-0.58621,0.21481,-0.96807,0.01391,
1703262192261314560,-7.62081,3.38374,-0.40630,0.03654,-0.04798,0.80731,-0.58704,0.18489,-0.94229,-0.03806,
1703262192394726400,-7.59764,3.25984,-0.40437,0.03967,-0.04963,0.80756,-0.58636,0.15283,-0.92437,0.01106,
1703262192528137216,-7.58072,3.14090,-0.40832,0.03828,-0.05178,0.80842,-0.58507,0.04941,-0.93757,-0.08599,
1703262192661547008,-7.57014,3.02174,-0.40997,0.04069,-0.05016,0.80888,-0.58442,0.11577,-0.89907,0.01009,
1703262192794955520,-7.56195,2.90050,-0.40601,0.03603,-0.04827,0.80805,-0.58602,0.06451,-0.93072,-0.01230,
1703262192928363008,-7.55653,2.78112,-0.40425,0.03516,-0.04548,0.80765,-0.58685,0.05635,-0.91586,-0.01555,
1703262193061769472,-7.54259,2.66029,-0.40773,0.03690,-0.04765,0.80865,-0.58519,0.09276,-0.86242,0.02737,
1703262193195174912,-7.53136,2.54165,-0.40704,0.03746,-0.04895,0.80834,-0.58548,0.04742,-0.87691,-0.00524,
1703262193328589312,-7.53039,2.42268,-0.40374,0.03475,-0.04501,0.80807,-0.58633,0.01007,-0.91906,-0.01118,
1703262193462004224,-7.52546,2.30217,-0.40565,0.03166,-0.04281,0.80854,-0.58603,0.04591,-0.87916,0.04044,
1703262193595418368,-7.51346,2.18085,-0.40699,0.03179,-0.04383,0.80875,-0.58565,0.12479,-0.88381,0.00988,
1703262193728832000,-7.49850,2.06213,-0.40432,0.03255,-0.04496,0.80786,-0.58676,0.13138,-0.92639,-0.04786,
1703262193928950528,-7.47457,1.88694,-0.39425,0.03335,-0.04488,0.80620,-0.58899,0.12205,-0.87017,0.00912,
1703262194062361600,-7.46003,1.76787,-0.39923,0.03267,-0.04600,0.80681,-0.58811,0.12819,-0.94106,-0.11027,
1703262194195771904,-7.44089,1.64907,-0.40374,0.03253,-0.04773,0.80790,-0.58649,0.18729,-0.79993,0.06257,
1703262194329196544,-7.42457,1.53649,-0.39953,0.03191,-0.04910,0.80682,-0.58789,0.11093,-0.87120,0.01421,
1703262194462624512,-7.41719,1.41933,-0.40144,0.03043,-0.04743,0.80687,-0.58804,0.02320,-0.88290,-0.01233,
1703262194596051712,-7.41678,1.30720,-0.39874,0.02754,-0.04585,0.80624,-0.58916,-0.04975,-0.86446,-0.03495,
1703262194729478912,-7.42667,1.19143,-0.40146,0.02549,-0.04229,0.80728,-0.58810,-0.08645,-0.82797,0.04474,
1703262194862905344,-7.44463,1.07994,-0.40078,0.02117,-0.03730,0.80703,-0.58896,-0.14510,-0.82852,-0.01136,
1703262194996331264,-7.46299,0.96858,-0.40049,0.01659,-0.03213,0.80714,-0.58925,-0.17557,-0.85238,-0.05615,
1703262195129757184,-7.50157,0.85433,-0.41037,0.01390,-0.02282,0.80876,-0.58753,-0.40229,-0.82657,-0.04662,
1703262195263185408,-7.56401,0.74641,-0.40788,0.00536,-0.01064,0.80794,-0.58914,-0.52205,-0.79002,0.03448,
1703262195396621056,-7.63196,0.63652,-0.40809,-0.00484,0.00307,0.80783,-0.58939,-0.42061,-0.79742,0.01350,
1703262195530056704,-7.68199,0.52403,-0.40888,-0.01217,0.01202,0.80822,-0.58863,-0.24851,-0.81436,0.00787,
1703262195663492096,-7.71216,0.40934,-0.41051,-0.01593,0.01571,0.80861,-0.58792,-0.13936,-0.84993,-0.02365,
1703262195796927232,-7.74193,0.29892,-0.41270,-0.01717,0.01855,0.80900,-0.58727,-0.29343,-0.79115,-0.03103,
1703262195930362368,-7.79646,0.19894,-0.41421,-0.02226,0.02800,0.80859,-0.58728,-0.46988,-0.71195,-0.02266,
1703262196063797760,-7.87145,0.10656,-0.41159,-0.03269,0.04179,0.80722,-0.58787,-0.53447,-0.70230,-0.00596,
1703262196197232384,-7.94471,0.01338,-0.41124,-0.04061,0.05397,0.80641,-0.58749,-0.52311,-0.68841,0.01084,
1703262196330697216,-8.01477,-0.08125,-0.41484,-0.04755,0.06314,0.80677,-0.58555,-0.53794,-0.68509,-0.03897,
1703262196464171008,-8.09085,-0.16954,-0.41354,-0.05810,0.07435,0.80550,-0.58504,-0.57760,-0.64643,0.00200,
1703262196597646336,-8.15834,-0.25563,-0.41303,-0.06668,0.08569,0.80489,-0.58341,-0.35714,-0.65396,0.01964,
1703262196731123200,-8.20113,-0.34704,-0.41115,-0.06794,0.08805,0.80391,-0.58427,-0.25165,-0.74528,-0.02006,
1703262196864602112,-8.25076,-0.43578,-0.40792,-0.07197,0.09043,0.80374,-0.58365,-0.44072,-0.60218,0.03296,
1703262196998082560,-8.31443,-0.51454,-0.40596,-0.08011,0.10048,0.80225,-0.58300,-0.43553,-0.62432,-0.03188,
1703262197131564544,-8.35849,-0.60024,-0.40807,-0.08178,0.10563,0.80204,-0.58214,-0.22513,-0.65591,0.00120,
1703262197265040384,-8.38807,-0.68602,-0.40877,-0.08189,0.10509,0.80234,-0.58180,-0.25515,-0.61542,-0.01735,
1703262197398499584,-8.42582,-0.76794,-0.41186,-0.08264,0.10767,0.80248,-0.58104,-0.28756,-0.61525,0.01788,
1703262197531959552,-8.46035,-0.85276,-0.41122,-0.08299,0.11001,0.80135,-0.58210,-0.22889,-0.68627,0.00358,
1703262197665420288,-8.48928,-0.94466,-0.40908,-0.08425,0.11014,0.80126,-0.58203,-0.19953,-0.67480,0.02334,
1703262197798881792,-8.51670,-1.03963,-0.40831,-0.08423,0.11030,0.80064,-0.58286,-0.16991,-0.77709,-0.01543,
1703262197932344320,-8.54638,-1.14236,-0.41127,-0.08101,0.10942,0.80113,-0.58281,-0.25280,-0.79481,-0.04392,
1703262198065807360,-8.58299,-1.24466,-0.41086,-0.08171,0.11054,0.80110,-0.58253,-0.26715,-0.76704,-0.01144,
1703262198199271168,-8.60999,-1.35349,-0.41147,-0.08231,0.11111,0.80148,-0.58182,-0.11463,-0.84111,0.00224,
1703262198332733440,-8.62061,-1.46669,-0.41035,-0.07954,0.10740,0.80173,-0.58255,-0.06294,-0.85758,0.02120,
1703262198466196224,-8.62790,-1.58374,-0.41088,-0.07464,0.10158,0.80292,-0.58260,-0.04129,-0.90743,0.00039,
1703262198599660032,-8.63484,-1.70281,-0.41126,-0.07117,0.09720,0.80351,-0.58298,-0.00891,-0.91395,-0.00191,
1703262198733124608,-8.62705,-1.82557,-0.41147,-0.06653,0.09070,0.80446,-0.58327,0.16006,-0.94453,0.01186,
1703262198866590208,-8.60756,-1.94965,-0.41082,-0.06151,0.08189,0.80525,-0.58403,0.17481,-0.96402,-0.01176,
1703262199000057088,-8.58327,-2.07452,-0.41156,-0.05621,0.07338,0.80653,-0.58393,0.22150,-0.92118,0.01540,
1703262199133523968,-8.54940,-2.19950,-0.41336,-0.04632,0.06270,0.80773,-0.58437,0.27485,-0.93931,-0.00205,
1703262199266990848,-8.50938,-2.32241,-0.41309,-0.03874,0.05042,0.80816,-0.58552,0.33458,-0.93908,-0.01726,
1703262199400455424,-8.45115,-2.44091,-0.40805,-0.03070,0.03704,0.80802,-0.58719,0.48314,-0.88294,0.02596,
1703262199533921536,-8.38506,-2.55062,-0.40437,-0.02054,0.02356,0.80787,-0.58853,0.53400,-0.79233,0.03172,
1703262199667387648,-8.30506,-2.65978,-0.41001,-0.00659,0.00701,0.80866,-0.58820,0.61838,-0.84200,-0.04191,
1703262199800855040,-8.23122,-2.76673,-0.41103,0.00307,-0.00728,0.80842,-0.58856,0.53245,-0.83186,-0.03788,
1703262199934323200,-8.15711,-2.87005,-0.41216,0.01427,-0.01991,0.80827,-0.58831,0.64964,-0.78526,-0.02526,
1703262200067791872,-8.06872,-2.96752,-0.41287,0.02652,-0.03654,0.80740,-0.58828,0.68345,-0.71563,0.02684,
1703262200201262080,-7.97477,-3.06134,-0.41294,0.03762,-0.05252,0.80662,-0.58752,0.70547,-0.66647,0.02038,
1703262200334727424,-7.87757,-3.15056,-0.41306,0.05014,-0.06839,0.80555,-0.58642,0.71323,-0.64436,0.07527,
1703262200468193536,-7.78483,-3.23542,-0.40830,0.06330,-0.08297,0.80316,-0.58655,0.71718,-0.65928,-0.02270,
1703262200601660672,-7.68158,-3.31852,-0.41028,0.07270,-0.09863,0.80221,-0.58434,0.82092,-0.57568,0.04309,
1703262200735128064,-7.56830,-3.39310,-0.40842,0.08348,-0.11549,0.80020,-0.58256,0.86981,-0.57378,-0.01312,
1703262200868596736,-7.45827,-3.46322,-0.40117,0.09669,-0.13140,0.79679,-0.58182,0.83212,-0.51545,0.05354,
1703262201002065920,-7.34992,-3.52859,-0.39512,0.10800,-0.14745,0.79358,-0.58036,0.80061,-0.49084,-0.03516,
1703262201135536128,-7.24020,-3.58845,-0.39415,0.12012,-0.16231,0.79096,-0.57758,0.81257,-0.43106,0.02040,
1703262201269005568,-7.13385,-3.64446,-0.39124,0.12907,-0.17592,0.78826,-0.57536,0.80594,-0.39552,0.02497,
1703262201402472704,-7.01888,-3.69289,-0.38677,0.13973,-0.19072,0.78378,-0.57428,0.91134,-0.38129,-0.00646,
1703262201535940608,-6.90027,-3.73824,-0.38372,0.15175,-0.20684,0.77947,-0.57150,0.88719,-0.34368,0.01147,
1703262201669409280,-6.78012,-3.78335,-0.38375,0.16314,-0.22201,0.77568,-0.56782,0.92844,-0.33259,-0.00221,
1703262201802878720,-6.65940,-3.82207,-0.38267,0.17254,-0.23579,0.77163,-0.56499,0.94673,-0.24571,0.02385,
1703262201936348928,-6.53010,-3.85323,-0.38063,0.18537,-0.25273,0.76652,-0.56055,0.94434,-0.26717,0.01278,
1703262202069819904,-6.40392,-3.88818,-0.38274,0.19819,-0.26818,0.76159,-0.55568,0.94991,-0.28225,-0.03732,
1703262202203291648,-6.27568,-3.91635,-0.38278,0.20828,-0.28293,0.75674,-0.55128,0.94392,-0.18769,-0.01390,
1703262202336759552,-6.14670,-3.93884,-0.38285,0.21978,-0.29685,0.75147,-0.54669,0.98686,-0.11105,0.03877,
1703262202470227456,-6.01986,-3.95705,-0.38314,0.23290,-0.31120,0.74559,-0.54130,0.91926,-0.12702,0.01766,
1703262202603696640,-5.89497,-3.97306,-0.38173,0.24392,-0.32428,0.73914,-0.53761,0.99438,-0.12287,-0.03884,
1703262202737166080,-5.76644,-3.97906,-0.38249,0.25121,-0.33821,0.73295,-0.53413,0.93254,-0.01740,0.02881,
1703262202870636544,-5.63547,-3.97460,-0.38343,0.26066,-0.35344,0.72645,-0.52859,0.97486,0.06260,0.01387,
1703262203004107776,-5.50311,-3.96369,-0.38270,0.27264,-0.37044,0.71796,-0.52247,0.96687,0.04821,-0.01501,
1703262203137579520,-5.37361,-3.95689,-0.38456,0.28187,-0.38522,0.71076,-0.51670,0.94368,0.05884,0.03157,
1703262203337782784,-5.17109,-3.92685,-0.38339,0.29439,-0.40584,0.69898,-0.50996,1.03083,0.27338,0.04594,
1703262203471249664,-5.03395,-3.88910,-0.37881,0.30905,-0.42212,0.68835,-0.50247,1.03345,0.26375,0.01638,
1703262203604716544,-4.90007,-3.86150,-0.37615,0.32190,-0.43774,0.67834,-0.49459,1.01375,0.12862,-0.02266,
1703262203738184192,-4.76979,-3.84190,-0.37290,0.33165,-0.44883,0.67137,-0.48767,0.99654,0.21486,0.03203,
1703262203871652608,-4.63466,-3.79842,-0.36958,0.34151,-0.46266,0.66176,-0.48104,1.05551,0.46486,0.00008,
1703262204005121536,-4.49794,-3.73076,-0.36442,0.35245,-0.48100,0.64834,-0.47337,0.94402,0.44116,0.10435,
1703262204138591232,-4.36959,-3.66921,-0.35558,0.36653,-0.49470,0.63613,-0.46504,1.03455,0.42433,-0.06103,
1703262204272059904,-4.23350,-3.61551,-0.35600,0.37280,-0.50859,0.62697,-0.45745,0.98733,0.40578,0.06025,
1703262204405525504,-4.10143,-3.54115,-0.35055,0.38454,-0.52257,0.61429,-0.44910,1.01180,0.64320,-0.03148,
1703262204538991104,-3.96641,-3.45118,-0.35338,0.39581,-0.53964,0.60064,-0.43744,1.00710,0.70459,-0.02993,
1703262204672457728,-3.83153,-3.36378,-0.35318,0.40629,-0.55355,0.58788,-0.42768,0.99014,0.63340,0.04070,
1703262204805924608,-3.69798,-3.27093,-0.35630,0.41526,-0.56776,0.57554,-0.41709,0.97082,0.76526,0.01362,
1703262204939391744,-3.57276,-3.16437,-0.35368,-0.42620,0.58158,-0.56031,0.40765,0.96486,0.88940,-0.05769,
1703262205072859648,-3.44812,-3.03998,-0.35506,-0.43717,0.59702,-0.54417,0.39538,0.92383,0.94275,0.01576,
1703262205206328064,-3.32310,-2.91878,-0.35778,-0.44744,0.61111,-0.52916,0.38254,0.94464,0.92974,-0.01083,
1703262205339791872,-3.20285,-2.78753,-0.36080,-0.45590,0.62566,-0.51286,0.37104,0.85394,1.03271,-0.01465,
1703262205539985408,-3.04489,-2.56284,-0.36330,-0.47002,0.64797,-0.48545,0.35150,0.78578,1.16367,0.00195,
1703262205673448192,-2.94699,-2.40874,-0.35956,-0.47992,0.66080,-0.46667,0.33948,0.71466,1.23616,0.00461,
1703262205806911232,-2.85844,-2.24252,-0.35700,-0.48848,0.67494,-0.44685,0.32583,0.57985,1.27191,0.04722,
1703262205940374528,-2.77439,-2.06908,-0.36243,-0.49645,0.68843,-0.42660,0.31243,0.56071,1.32834,0.06253,
1703262206073838336,-2.70386,-1.89675,-0.35449,0.50583,-0.70020,0.40630,-0.29794,0.47349,1.30830,0.06048,
1703262206207302144,-2.64255,-1.71641,-0.35679,0.51631,-0.71167,0.38528,-0.28021,0.46096,1.45198,-0.08998,
1703262206340762880,-2.58137,-1.53149,-0.35872,0.52515,-0.72263,0.36533,-0.26182,0.45894,1.43105,-0.01866,
1703262206474222848,-2.52085,-1.34067,-0.36447,0.53133,-0.73367,0.34598,-0.24437,0.35753,1.47513,-0.00196,
1703262206607683072,-2.48303,-1.13863,-0.36078,0.53791,-0.74351,0.32344,-0.23072,0.19849,1.57239,-0.02717,
1703262206741143296,-2.47263,-0.92588,-0.35771,0.54589,-0.75373,0.29775,-0.21270,0.03786,1.61346,0.00319,
1703262206874603776,-2.46775,-0.71423,-0.35478,0.55207,-0.76384,0.27223,-0.19407,0.03018,1.53859,0.03797,
1703262207008064256,-2.46223,-0.51084,-0.35951,0.55610,-0.77187,0.25082,-0.17904,-0.00740,1.53965,-0.03481,
1703262207141524736,-2.47634,-0.30952,-0.35670,0.56223,-0.77861,0.22840,-0.15969,-0.22492,1.55854,0.02253,
1703262207274987008,-2.51757,-0.10268,-0.35437,0.56847,-0.78598,0.19952,-0.13882,-0.34834,1.53782,0.01714,
1703262207408453376,-2.56264,0.10077,-0.35379,0.57236,-0.79208,0.17500,-0.11993,-0.40220,1.53406,0.02385,
1703262207541919744,-2.62210,0.29829,-0.34880,0.57813,-0.79521,0.15041,-0.10387,-0.51343,1.49758,0.01443,
1703262207675386368,-2.69816,0.49611,-0.34702,0.57923,-0.80091,0.12398,-0.08759,-0.57738,1.37217,0.05930,
1703262207808853504,-2.76826,0.68228,-0.35480,0.58023,-0.80535,0.10073,-0.06779,-0.54071,1.38776,-0.03835,
1703262207942320640,-2.84770,0.85922,-0.34845,0.58392,-0.80661,0.07768,-0.04887,-0.63410,1.41166,-0.02126,
1703262208075787776,-2.93555,1.03470,-0.34484,0.58552,-0.80814,0.05532,-0.03179,-0.66631,1.29876,0.02469,
1703262208209255680,-3.03979,1.20641,-0.34315,0.58529,-0.81002,0.03125,-0.01798,-0.76030,1.23286,0.06435,
1703262208342751744,-3.13957,1.37278,-0.34395,0.58617,-0.81011,0.01049,-0.00224,-0.72714,1.28367,-0.02621,
1703262208476258816,-3.23185,1.53876,-0.34497,0.58601,-0.81016,-0.00769,0.01334,-0.71674,1.24783,0.02432,
1703262208609767168,-3.33132,1.70556,-0.34670,0.58556,-0.80985,-0.02599,0.02424,-0.75810,1.28699,-0.07009,
1703262208743276544,-3.43979,1.86539,-0.34249,0.58528,-0.80880,-0.04448,0.03605,-0.77879,1.18842,0.01598,
1703262208876787456,-3.54101,2.02458,-0.34262,0.58516,-0.80733,-0.06066,0.04617,-0.77073,1.18872,0.06114,
1703262209010299392,-3.64266,2.18747,-0.34274,0.58457,-0.80595,-0.07474,0.05608,-0.73675,1.19183,0.05760,
1703262209143812864,-3.74008,2.34778,-0.33687,0.58481,-0.80375,-0.08843,0.06448,-0.70161,1.23339,-0.07021,
1703262209277331968,-3.83732,2.51461,-0.34354,0.58270,-0.80318,-0.10012,0.07308,-0.70583,1.26961,-0.00967,
1703262209410869504,-3.91914,2.68554,-0.34006,0.58242,-0.80184,-0.10722,0.07967,-0.57368,1.27287,0.03199,
1703262209544409344,-3.97858,2.86394,-0.33768,0.58265,-0.80124,-0.10974,0.08061,-0.37138,1.38199,-0.03988,
1703262209677950720,-4.02042,3.05264,-0.33667,0.58318,-0.80118,-0.10755,0.08025,-0.28887,1.45969,-0.05092,
1703262209811494144,-4.06492,3.24814,-0.33855,0.58254,-0.80178,-0.10708,0.07951,-0.29225,1.49040,-0.08278,
1703262209945039872,-4.10387,3.44020,-0.34008,0.58195,-0.80252,-0.10573,0.07816,-0.29238,1.45442,-0.01642,
1703262210078587136,-4.14390,3.63279,-0.34554,0.58152,-0.80349,-0.10438,0.07305,-0.39314,1.50043,-0.09658,
1703262210212136448,-4.18510,3.82745,-0.34348,0.58257,-0.80303,-0.10342,0.07110,-0.25801,1.41638,0.05729,
1703262210345700864,-4.20713,4.02351,-0.34796,0.58186,-0.80447,-0.10018,0.06501,-0.01491,1.51513,-0.09996,
1703262210479272960,-4.19084,4.22134,-0.35127,0.58363,-0.80493,-0.08981,0.05824,0.30462,1.53962,-0.07891,
1703262210612847872,-4.14257,4.42011,-0.34914,0.58508,-0.80620,-0.07349,0.04819,0.49585,1.45953,-0.02990,
1703262210746425344,-4.08154,4.62117,-0.34964,0.58585,-0.80766,-0.05506,0.03779,0.39087,1.38935,0.04050,
1703262210946796800,-4.00697,4.91054,-0.34956,0.58794,-0.80766,-0.03623,0.02631,0.29283,1.33897,0.05919,
1703262211080381184,-3.96866,5.10131,-0.35534,0.58685,-0.80895,-0.02762,0.02103,0.24301,1.34434,0.05037,
1703262211213968640,-3.93879,5.28024,-0.35683,0.58857,-0.80803,-0.02081,0.01528,0.18747,1.38381,-0.02786,
1703262211347563264,-3.91804,5.45690,-0.35559,0.58960,-0.80750,-0.01446,0.01083,0.08960,1.41816,-0.11530,
1703262211481162496,-3.91488,5.63636,-0.35612,0.58980,-0.80738,-0.01378,0.00903,0.01736,1.30562,0.02196,
1703262211681568000,-3.91105,5.89686,-0.35909,0.58979,-0.80739,-0.01300,0.00983,-0.01906,1.28769,-0.01995,
1703262211815175680,-3.92037,6.07011,-0.36016,0.58983,-0.80735,-0.01461,0.00838,-0.08013,1.29592,-0.00295,
1703262211948786944,-3.94899,6.24397,-0.36767,0.58718,-0.80914,-0.01845,0.01285,-0.22254,1.21609,0.04374,
1703262212082401024,-3.97262,6.40558,-0.36504,0.58727,-0.80888,-0.02299,0.01754,-0.12196,1.22026,-0.05905,
1703262212216018944,-3.98717,6.56181,-0.36395,0.58691,-0.80906,-0.02477,0.01877,-0.05474,1.18529,0.01615,
1703262212349634048,-3.98995,6.71619,-0.35970,0.58766,-0.80856,-0.02309,0.01887,-0.03468,1.20638,-0.10573,
1703262212483255552,-3.98479,6.87229,-0.36377,0.58591,-0.80989,-0.02096,0.01869,0.03618,1.14125,0.04869,
1703262212616880640,-3.97184,7.02433,-0.36315,0.58603,-0.80991,-0.01808,0.01705,0.12004,1.17925,-0.04608,
1703262212750509568,-3.96704,7.17092,-0.36162,0.58736,-0.80900,-0.01548,0.01689,-0.08882,1.19329,-0.11711,
1703262212884142080,-3.97764,7.32094,-0.36090,0.58617,-0.80982,-0.01650,0.01776,-0.14774,1.08246,0.03867,
1703262213017778432,-3.99362,7.47330,-0.36548,0.58503,-0.81059,-0.01927,0.01784,-0.08632,1.06250,0.09721,
1703262213151418368,-4.00025,7.62059,-0.36550,0.58528,-0.81039,-0.01888,0.01895,-0.04452,1.08655,0.04775,
1703262213285059840,-4.00799,7.76216,-0.36673,0.58513,-0.81057,-0.01936,0.01503,-0.06788,1.06273,-0.01382,
1703262213418699264,-4.02783,7.90485,-0.36755,0.58530,-0.81035,-0.02110,0.01792,-0.25859,1.14013,-0.08499,
1703262213552342528,-4.05560,8.04435,-0.36809,0.58562,-0.80989,-0.02576,0.02132,-0.19150,1.07416,-0.00904,
1703262213685990144,-4.07384,8.18380,-0.36581,0.58535,-0.81002,-0.02799,0.02120,-0.09533,1.02512,0.02983,
1703262213819641344,-4.08946,8.32252,-0.37156,0.58330,-0.81141,-0.02826,0.02409,-0.13722,1.01962,0.00998,
1703262213953296640,-4.11112,8.46008,-0.37123,0.58447,-0.81033,-0.03224,0.02676,-0.13922,1.05393,-0.02977,
1703262214086956288,-4.12143,8.59721,-0.36938,0.58445,-0.81033,-0.03273,0.02685,-0.04414,1.03528,0.00269,
1703262214220619776,-4.12858,8.73545,-0.37598,0.58370,-0.81091,-0.03118,0.02728,-0.03390,1.06650,-0.04639,
1703262214354275072,-4.13956,8.86937,-0.37478,0.58433,-0.81038,-0.03228,0.02823,-0.02939,0.99309,0.00316,
1703262214487931136,-4.14972,9.00610,-0.37540,0.58446,-0.81030,-0.03217,0.02790,-0.10058,0.99713,0.04861,
1703262214621591296,-4.16568,9.14086,-0.37550,0.58415,-0.81045,-0.03326,0.02883,-0.14897,0.95801,0.06256,
1703262214755256064,-4.18046,9.27523,-0.37671,0.58410,-0.81044,-0.03454,0.02863,-0.03816,1.03045,-0.02852,
1703262214888924672,-4.18720,9.40717,-0.37630,0.58453,-0.81019,-0.03328,0.02835,-0.06490,0.99433,-0.04430,
1703262215022597376,-4.20038,9.53785,-0.37540,0.58525,-0.80965,-0.03328,0.02898,-0.13265,1.01011,-0.04460,
1703262215156274432,-4.21811,9.66922,-0.37885,0.58450,-0.81009,-0.03518,0.02950,-0.09470,0.95757,0.01943,
1703262215289943808,-4.23014,9.79910,-0.37976,0.58412,-0.81039,-0.03526,0.02873,-0.03601,0.97056,-0.00567,
1703262215423590144,-4.23752,9.92316,-0.37701,0.58535,-0.80959,-0.03372,0.02809,-0.06410,0.94834,0.00166,
1703262215557240320,-4.24710,10.04531,-0.37494,0.58584,-0.80918,-0.03428,0.02917,-0.10868,0.89163,0.02484,
1703262215690894080,-4.26109,10.16970,-0.37988,0.58523,-0.80951,-0.03617,0.02984,-0.09119,0.97193,-0.04159,
1703262215824551936,-4.27168,10.29267,-0.37884,0.58505,-0.80968,-0.03538,0.02958,-0.10640,0.90208,-0.01205,
1703262215958213120,-4.28729,10.41649,-0.38135,0.58528,-0.80945,-0.03673,0.02995,-0.14211,0.95455,-0.01966,
1703262216091878144,-4.30459,10.54006,-0.38156,0.58531,-0.80933,-0.03812,0.03070,-0.12479,0.89128,0.03709,
1703262216225547008,-4.32010,10.66421,-0.38414,0.58507,-0.80947,-0.03876,0.03085,-0.08993,0.92633,-0.02935,
1703262216359172608,-4.33063,10.78796,-0.38466,0.58460,-0.80975,-0.03892,0.03215,-0.06835,0.89583,0.01960,
1703262216559594752,-4.34764,10.96231,-0.37886,0.58591,-0.80879,-0.03893,0.03253,-0.13144,0.87027,-0.04006,
1703262216693212928,-4.36814,11.08194,-0.39006,0.58340,-0.81058,-0.04002,0.03184,-0.18032,0.86727,-0.00379,
1703262216826833408,-4.39642,11.19405,-0.38753,0.58404,-0.80984,-0.04378,0.03377,-0.17624,0.84837,0.00950,
1703262216960456960,-4.41759,11.30648,-0.38719,0.58449,-0.80928,-0.04653,0.03562,-0.11152,0.85748,-0.01974,
1703262217094082816,-4.42432,11.41973,-0.38757,0.58481,-0.80917,-0.04495,0.03494,-0.01738,0.85254,0.00002,
1703262217227711232,-4.42550,11.53320,-0.38862,0.58431,-0.80970,-0.04260,0.03402,-0.03387,0.83629,-0.00838,
1703262217361299712,-4.42965,11.64455,-0.38955,0.58413,-0.80991,-0.04149,0.03346,-0.05224,0.81413,0.00331,
1703262217494877696,-4.44159,11.74873,-0.38921,0.58408,-0.80982,-0.04271,0.03501,-0.06965,0.74281,0.04507,
1703262217628457728,-4.44408,11.85623,-0.39267,0.58433,-0.80985,-0.04116,0.03172,-0.02223,0.84351,-0.05713,
1703262217762038784,-4.44920,11.95759,-0.39048,0.58507,-0.80937,-0.03969,0.03230,-0.07882,0.74688,0.00622,
1703262217895621376,-4.44660,12.05606,-0.38606,0.58720,-0.80792,-0.03821,0.03182,0.01891,0.78542,-0.03109,
1703262218029204992,-4.44589,12.16007,-0.39200,0.58563,-0.80927,-0.03626,0.02835,-0.09236,0.76969,-0.03325,
1703262218162790656,-4.46509,12.26056,-0.39174,0.58540,-0.80935,-0.03838,0.02813,-0.20207,0.74449,0.00325,
1703262218296365568,-4.49085,12.35865,-0.39293,0.58596,-0.80863,-0.04224,0.03121,-0.18251,0.75249,0.00867,
1703262218429905920,-4.50432,12.45873,-0.39276,0.58521,-0.80902,-0.04370,0.03321,-0.03328,0.75341,-0.02118,
1703262218630217216,-4.50479,12.59816,-0.39584,0.58410,-0.80994,-0.04119,0.03353,0.02880,0.65327,0.02186,
1703262218763758080,-4.50459,12.68746,-0.39523,0.58514,-0.80955,-0.03716,0.02927,-0.09497,0.67525,0.01800,
1703262218897299456,-4.52497,12.77802,-0.39404,0.58577,-0.80891,-0.03926,0.03153,-0.19232,0.69733,-0.01826,
1703262219030841088,-4.54254,12.86927,-0.39336,0.58616,-0.80829,-0.04369,0.03423,-0.03751,0.69793,-0.00443,
1703262219164382720,-4.54012,12.96463,-0.39439,0.58564,-0.80888,-0.04112,0.03246,0.03661,0.70679,0.00509,
1703262219297916928,-4.54391,13.05555,-0.39200,0.58636,-0.80849,-0.03863,0.03225,-0.10772,0.68014,0.02224,
1703262219431427072,-4.55997,13.14449,-0.39106,0.58622,-0.80842,-0.04060,0.03387,-0.10411,0.65572,0.01261,
1703262219564936704,-4.57039,13.23694,-0.39442,0.58573,-0.80875,-0.04164,0.03338,-0.01924,0.73653,-0.07211,
1703262219698445056,-4.57264,13.33170,-0.39584,0.58533,-0.80916,-0.03986,0.03249,-0.02213,0.69380,0.00359,
1703262219831952896,-4.57719,13.42705,-0.39760,0.58476,-0.80969,-0.03863,0.03112,-0.03846,0.70043,-0.00168,
1703262219965459712,-4.58473,13.51950,-0.40017,0.58399,-0.81030,-0.03814,0.03020,-0.06992,0.68625,-0.00717,
1703262220098965760,-4.59050,13.60912,-0.40015,0.58395,-0.81034,-0.03781,0.03050,-0.05960,0.69047,0.00638,
1703262220232471296,-4.59394,13.69441,-0.39616,0.58527,-0.80933,-0.03819,0.03135,-0.01350,0.64543,-0.00291,
1703262220365959168,-4.59391,13.78693,-0.39753,0.58546,-0.80935,-0.03606,0.02971,-0.04191,0.71774,-0.02649,
1703262220499436544,-4.59809,13.88329,-0.40040,0.58462,-0.81011,-0.03436,0.02773,-0.01051,0.68639,0.02108,
1703262220632911616,-4.59893,13.97899,-0.40076,0.58460,-0.81016,-0.03360,0.02765,-0.02270,0.70653,0.02042,
1703262220766385152,-4.60595,14.07419,-0.40030,0.58511,-0.80970,-0.03427,0.02921,-0.10266,0.73208,-0.00789,
1703262220899856384,-4.62250,14.16914,-0.40083,0.58516,-0.80959,-0.03583,0.02957,-0.11844,0.71348,0.00968,
1703262221033326080,-4.63787,14.26336,-0.39992,0.58535,-0.80940,-0.03633,0.03022,-0.10644,0.71662,0.00309,
1703262221166793984,-4.65043,14.35928,-0.40068,0.58509,-0.80951,-0.03774,0.03078,-0.09480,0.72495,-0.02539,
1703262221300257792,-4.65962,14.45432,-0.39903,0.58547,-0.80918,-0.03832,0.03137,-0.05463,0.71667,0.00875,
1703262221433703424,-4.66898,14.55075,-0.39837,0.58586,-0.80891,-0.03845,0.03083,-0.08913,0.72112,-0.01541,
1703262221567146240,-4.68760,14.65147,-0.40319,0.58459,-0.80975,-0.04014,0.03084,-0.20112,0.74007,-0.00314,
1703262221700585984,-4.70948,14.74871,-0.40379,0.58440,-0.80961,-0.04342,0.03348,-0.13714,0.73637,0.00547,
1703262221834023168,-4.71827,14.84715,-0.40325,0.58456,-0.80949,-0.04320,0.03390,-0.01334,0.74251,0.00462,
1703262221967457024,-4.72473,14.94760,-0.40190,0.58534,-0.80900,-0.04193,0.03357,-0.09466,0.79183,-0.02350,
1703262222100888320,-4.74156,15.04931,-0.40129,0.58541,-0.80880,-0.04399,0.03473,-0.12704,0.77236,0.01543,
1703262222234316288,-4.75551,15.15095,-0.40172,0.58558,-0.80857,-0.04497,0.03590,-0.07174,0.79246,-0.01898,
1703262222367734784,-4.76588,15.25552,-0.40231,0.58514,-0.80892,-0.04456,0.03562,-0.07569,0.80266,-0.02180,
1703262222501146112,-4.77855,15.35735,-0.40163,0.58535,-0.80881,-0.04424,0.03523,-0.12650,0.79568,-0.02126,
1703262222634553344,-4.79708,15.46139,-0.40031,0.58549,-0.80851,-0.04610,0.03724,-0.11158,0.78295,0.01325,
1703262222834657280,-4.81631,15.62315,-0.39882,0.58574,-0.80825,-0.04652,0.03843,-0.08422,0.80953,0.01908,
1703262222968054784,-4.82800,15.73553,-0.40190,0.58498,-0.80883,-0.04641,0.03788,-0.11408,0.83600,-0.00821,
1703262223101448192,-4.84800,15.84551,-0.39958,0.58559,-0.80821,-0.04809,0.03966,-0.14778,0.84336,-0.00741,
1703262223234838016,-4.86713,15.95740,-0.40089,0.58535,-0.80831,-0.04916,0.03979,-0.12654,0.85615,-0.00504,
1703262223368238080,-4.88767,16.06945,-0.39840,0.58586,-0.80796,-0.05032,0.03776,-0.16544,0.81716,0.04281,
1703262223501636864,-4.91188,16.17647,-0.39713,0.58628,-0.80757,-0.05185,0.03767,-0.25657,0.83052,-0.01474,
1703262223635031040,-4.94586,16.28465,-0.40182,0.58559,-0.80755,-0.05616,0.04236,-0.24877,0.84120,-0.02369,
1703262223768420864,-4.96422,16.39717,-0.40219,0.58574,-0.80721,-0.05787,0.04438,-0.04632,0.87206,0.00515,
1703262223901806336,-4.96594,16.51047,-0.39804,0.58674,-0.80692,-0.05445,0.04069,0.01433,0.84929,0.01172,
1703262224035187200,-4.97614,16.62503,-0.39762,0.58733,-0.80663,-0.05236,0.04052,-0.17269,0.89421,-0.05809,
1703262224168563712,-4.99810,16.74530,-0.40170,0.58561,-0.80762,-0.05471,0.04268,-0.10973,0.86770,0.04722,
1703262224301949440,-5.00246,16.86556,-0.40215,0.58596,-0.80751,-0.05307,0.04197,0.04846,0.90932,0.00118,
1703262224435379712,-4.99882,16.98878,-0.40348,0.58594,-0.80794,-0.04881,0.03901,0.00048,0.91583,-0.01293,
1703262224568806400,-5.00441,17.11216,-0.40368,0.58597,-0.80810,-0.04716,0.03725,-0.08332,0.92537,0.00250,
1703262224702229760,-5.01946,17.23511,-0.40463,0.58534,-0.80849,-0.04764,0.03805,-0.16178,0.94046,-0.02166,
1703262224835650048,-5.03283,17.35322,-0.40224,0.58645,-0.80763,-0.04870,0.03794,-0.05589,0.92790,-0.01703,
1703262224969066496,-5.04069,17.47342,-0.40037,0.58705,-0.80735,-0.04719,0.03640,-0.06651,0.92142,0.01067,
1703262225102479872,-5.05163,17.59698,-0.40305,0.58645,-0.80784,-0.04677,0.03572,-0.11192,0.93489,-0.02587,
1703262225235890176,-5.06891,17.72100,-0.40538,0.58544,-0.80852,-0.04844,0.03473,-0.11380,0.93523,-0.03634,
1703262225369335296,-5.08648,17.83934,-0.40574,0.58553,-0.80863,-0.04744,0.03192,-0.14973,0.85842,0.01787,
1703262225502792960,-5.11278,17.95732,-0.40437,0.58751,-0.80688,-0.04943,0.03642,-0.24177,0.85950,0.01835,
1703262225636247552,-5.13500,18.07879,-0.40446,0.58788,-0.80618,-0.05444,0.03889,-0.05935,0.93232,-0.01941,
1703262225769700352,-5.13481,18.20207,-0.40631,0.58744,-0.80685,-0.05086,0.03626,0.06672,0.93402,-0.02467,
1703262225903150336,-5.13335,18.32290,-0.40618,0.58807,-0.80683,-0.04565,0.03347,-0.04542,0.87542,0.03288,
1703262226036598272,-5.15172,18.44491,-0.40870,0.58764,-0.80692,-0.04811,0.03532,-0.16923,0.88218,0.05434,
1703262226170043904,-5.17174,18.56529,-0.40841,0.58767,-0.80661,-0.05127,0.03734,-0.14379,0.89025,0.03145,
1703262226303498496,-5.18858,18.68493,-0.40759,0.58829,-0.80620,-0.05064,0.03737,-0.13436,0.95880,-0.07938,
1703262226436991744,-5.20645,18.80779,-0.40628,0.58813,-0.80637,-0.05086,0.03572,-0.08199,0.90815,0.01601,
1703262226570483712,-5.21337,18.93235,-0.40520,0.58774,-0.80676,-0.04994,0.03471,-0.02799,0.89359,0.03173,
1703262226703974656,-5.22582,19.05460,-0.40368,0.58798,-0.80661,-0.04924,0.03506,-0.12328,0.88520,0.06774,
1703262226837464320,-5.23219,19.17383,-0.39961,0.58949,-0.80564,-0.04895,0.03249,0.03662,0.96330,-0.06326,
1703262226970953216,-5.22382,19.29780,-0.39771,0.58965,-0.80590,-0.04385,0.03018,0.04644,0.91850,0.01452,
1703262227104440576,-5.22235,19.42398,-0.40391,0.58798,-0.80737,-0.04147,0.02680,-0.01376,0.92815,-0.02181,
1703262227237927168,-5.23044,19.54489,-0.40359,0.58826,-0.80724,-0.04117,0.02497,-0.13959,0.92045,-0.00769,
1703262227371437824,-5.25004,19.66321,-0.40029,0.58933,-0.80636,-0.04344,0.02437,-0.09499,0.91446,-0.02925,
1703262227504957952,-5.25194,19.78774,-0.40363,0.58874,-0.80684,-0.04235,0.02475,0.12218,0.91192,0.02365,
1703262227638478080,-5.23036,19.91232,-0.40396,0.58856,-0.80734,-0.03631,0.02197,0.16987,0.92753,-0.00536,
1703262227771997952,-5.21803,20.03733,-0.40335,0.58882,-0.80744,-0.03148,0.01866,-0.00517,0.94129,-0.01208,
1703262227905518080,-5.22887,20.16145,-0.40331,0.58890,-0.80736,-0.03240,0.01761,-0.09134,0.92481,-0.00453,
1703262228039038208,-5.23545,20.28856,-0.40477,0.58757,-0.80831,-0.03333,0.01666,0.02425,0.91070,0.01286,
1703262228172558080,-5.23225,20.40939,-0.40316,0.58933,-0.80717,-0.03092,0.01461,0.01488,0.90043,-0.00424,
1703262228306084096,-5.22792,20.53202,-0.40570,0.58874,-0.80766,-0.02875,0.01550,-0.00989,0.91801,0.01076,
1703262228439633408,-5.23441,20.65458,-0.40524,0.58903,-0.80741,-0.02958,0.01586,-0.04085,0.90381,0.04313,
1703262228573183232,-5.24577,20.77754,-0.40627,0.58853,-0.80775,-0.02999,0.01663,-0.08013,0.92334,-0.02360,
1703262228706734592,-5.25531,20.90070,-0.40820,0.58723,-0.80866,-0.03087,0.01650,-0.00523,0.91562,-0.02508,
1703262228840286976,-5.25790,21.02054,-0.40963,0.58738,-0.80862,-0.02973,0.01560,-0.05293,0.88914,0.01255,
1703262228973839872,-5.26695,21.14028,-0.40638,0.58844,-0.80784,-0.02947,0.01638,-0.12580,0.92129,-0.00938,
1703262229107394304,-5.28365,21.26127,-0.40676,0.58898,-0.80734,-0.03196,0.01698,-0.07745,0.93728,-0.02251,
1703262229240949504,-5.29112,21.38569,-0.41035,0.58624,-0.80940,-0.03095,0.01545,-0.07540,0.88379,0.01667,
1703262229374519808,-5.30650,21.50401,-0.40922,0.58825,-0.80787,-0.03161,0.01760,-0.20900,0.92711,-0.01615,
1703262229508097024,-5.33675,21.62628,-0.40863,0.58760,-0.80796,-0.03810,0.02173,-0.24950,0.87008,0.05634,
1703262229641676288,-5.35886,21.74211,-0.40280,0.58885,-0.80691,-0.04136,0.02114,-0.09695,0.85441,0.03850,
1703262229775257856,-5.37605,21.85601,-0.40114,0.58954,-0.80643,-0.04008,0.02260,-0.23683,0.89966,-0.09815,
1703262229908841472,-5.40297,21.97887,-0.40614,0.58728,-0.80778,-0.04406,0.02560,-0.15991,0.88979,0.05066,
1703262230042426880,-5.41506,22.09500,-0.40050,0.58846,-0.80692,-0.04555,0.02279,-0.00090,0.82838,0.04503,
1703262230176014336,-5.42714,22.21299,-0.40295,0.58820,-0.80713,-0.04438,0.02438,-0.21413,0.92991,-0.10198,
1703262230309597952,-5.45658,22.33152,-0.40247,0.58812,-0.80685,-0.04903,0.02674,-0.18084,0.84086,0.08349,
1703262230443172608,-5.47277,22.45008,-0.40166,0.58772,-0.80712,-0.05000,0.02541,-0.04715,0.85971,0.00210,
1703262230576749824,-5.48310,22.56450,-0.40081,0.58837,-0.80669,-0.04867,0.02669,-0.13832,0.85514,-0.00695,
1703262230710329344,-5.50577,22.68388,-0.40429,0.58726,-0.80721,-0.05185,0.02919,-0.15886,0.83092,0.09091,
1703262230843911424,-5.52248,22.80013,-0.40420,0.58823,-0.80648,-0.05200,0.02962,-0.16873,0.93839,-0.10931,
1703262230977495552,-5.54152,22.92170,-0.40937,0.58723,-0.80715,-0.05258,0.03010,-0.09580,0.88788,0.01409,
1703262231111082496,-5.54756,23.04251,-0.40908,0.58705,-0.80735,-0.05162,0.02997,-0.01708,0.91926,-0.00740,
1703262231244671488,-5.54974,23.16289,-0.40682,0.58830,-0.80664,-0.04964,0.02772,-0.03772,0.94896,-0.06009,
1703262231378249984,-5.55970,23.28414,-0.41019,0.58725,-0.80747,-0.04878,0.02724,-0.11859,0.94019,-0.06218,
1703262231511826432,-5.57438,23.40652,-0.41652,0.58409,-0.80979,-0.04957,0.02498,-0.09941,0.89107,-0.03679,
1703262231645405184,-5.59171,23.52056,-0.41480,0.58510,-0.80898,-0.05016,0.02641,-0.16739,0.84298,0.03415,
1703262231778986496,-5.60923,23.64025,-0.41517,0.58487,-0.80891,-0.05241,0.02913,-0.09017,0.90788,-0.00810,
1703262231912570368,-5.61517,23.75919,-0.41534,0.58458,-0.80929,-0.05188,0.02493,0.02176,0.82194,0.07600,
1703262232046156800,-5.61526,23.87080,-0.40857,0.58638,-0.80842,-0.04707,0.02018,-0.11595,0.81444,0.00898,
1703262232179745792,-5.64055,23.98745,-0.41695,0.58477,-0.80926,-0.05059,0.02430,-0.15831,0.91894,-0.07449,
1703262232313327360,-5.64592,24.10558,-0.41819,0.58411,-0.80970,-0.05167,0.02329,0.11942,0.90590,-0.00997,
1703262232446885888,-5.63169,24.22233,-0.41609,0.58531,-0.80934,-0.04488,0.01926,0.06407,0.87444,0.01918,
1703262232580445696,-5.63249,24.33804,-0.41368,0.58586,-0.80912,-0.04286,0.01593,-0.10072,0.87038,0.00102,
1703262232714007808,-5.65295,24.45526,-0.41945,0.58506,-0.80947,-0.04565,0.01935,-0.17468,0.88668,-0.02364,
1703262232847571712,-5.67363,24.57331,-0.41726,0.58633,-0.80837,-0.04818,0.02068,-0.10536,0.91521,-0.01641,
1703262232981137408,-5.68457,24.69828,-0.42007,0.58582,-0.80871,-0.04784,0.02260,-0.10534,0.91465,0.02051,
1703262233114705152,-5.69655,24.82524,-0.42290,0.58562,-0.80884,-0.04825,0.02215,-0.11920,0.94896,-0.01756,
1703262233248274688,-5.71293,24.94999,-0.42045,0.58632,-0.80830,-0.04932,0.02119,-0.09781,0.91827,0.02684,
1703262233381822976,-5.72775,25.07672,-0.42664,0.58534,-0.80895,-0.04932,0.02358,-0.14417,0.97697,-0.03586,
1703262233515363328,-5.73989,25.20039,-0.42083,0.58618,-0.80830,-0.05026,0.02291,-0.04651,0.94188,-0.01413,
1703262233648904960,-5.75096,25.32497,-0.42449,0.58556,-0.80876,-0.04957,0.02392,-0.17464,0.93027,-0.00479,
1703262233782447872,-5.77910,25.44861,-0.42488,0.58518,-0.80882,-0.05288,0.02413,-0.21353,0.95636,-0.06483,
1703262233915991808,-5.80678,25.57058,-0.42642,0.58480,-0.80892,-0.05438,0.02654,-0.18998,0.88775,0.03409,
1703262234049537024,-5.81973,25.69721,-0.42508,0.58539,-0.80839,-0.05431,0.02949,-0.01750,0.95770,0.03303,
1703262234183083008,-5.81938,25.82684,-0.42714,0.58581,-0.80828,-0.05192,0.02850,-0.02416,0.99837,-0.07328,
1703262234316625152,-5.83098,25.95508,-0.42952,0.58495,-0.80909,-0.05066,0.02521,-0.16789,0.89664,0.01058,
1703262234450146560,-5.86554,26.08132,-0.43821,0.58410,-0.80934,-0.05413,0.02946,-0.27475,0.94587,0.00308,
1703262234583668480,-5.88309,26.20793,-0.43519,0.58460,-0.80878,-0.05681,0.02993,0.01160,0.98356,-0.01886,
1703262234717190656,-5.88143,26.33545,-0.43333,0.58526,-0.80868,-0.05249,0.02741,-0.04560,0.96019,0.02390,
1703262234850713600,-5.89321,26.45577,-0.42560,0.58799,-0.80687,-0.05061,0.02591,-0.14432,0.90023,0.02019,
1703262234984236544,-5.93467,26.58721,-0.44072,0.58372,-0.80950,-0.05653,0.02808,-0.35755,0.96050,-0.09947,
1703262235117760000,-5.97460,26.71039,-0.44047,0.58500,-0.80809,-0.06129,0.03176,-0.27406,0.98525,-0.05954,
1703262235251284224,-5.99463,26.84088,-0.44267,0.58305,-0.80946,-0.06187,0.03156,-0.04629,0.90473,0.08919,
1703262235384793088,-6.00150,26.97091,-0.44377,0.58305,-0.80975,-0.05917,0.02912,-0.07125,0.95637,-0.00452,
1703262235518294016,-6.02412,27.09903,-0.44544,0.58268,-0.80992,-0.06016,0.02981,-0.25735,0.92103,-0.00129,
1703262235651795456,-6.06145,27.22294,-0.44782,0.58345,-0.80883,-0.06451,0.03484,-0.25893,0.99926,-0.07010,
1703262235785296128,-6.08061,27.35119,-0.44781,0.58340,-0.80861,-0.06583,0.03828,-0.07956,0.98178,-0.05484,
1703262235918796800,-6.07407,27.48103,-0.44834,0.58417,-0.80847,-0.06199,0.03573,0.09829,1.00528,-0.03597,
1703262236052297216,-6.06692,27.61043,-0.44750,0.58470,-0.80875,-0.05557,0.03088,-0.05717,0.95890,0.02117,
1703262236185797120,-6.08314,27.74179,-0.44815,0.58535,-0.80825,-0.05619,0.03074,-0.13846,0.98868,0.01642,
1703262236319293440,-6.08847,27.87499,-0.44758,0.58565,-0.80804,-0.05616,0.03060,0.06760,1.03577,-0.04060,
1703262236452775168,-6.07134,28.01052,-0.44922,0.58509,-0.80902,-0.04963,0.02613,0.13600,1.00585,-0.00751,
1703262236586255872,-6.06548,28.13946,-0.44741,0.58533,-0.80932,-0.04385,0.02181,-0.07662,0.94132,0.02241,
1703262236719735552,-6.08873,28.26606,-0.44706,0.58583,-0.80869,-0.04713,0.02442,-0.22996,0.97147,0.01994,
1703262236853214208,-6.11146,28.39138,-0.44691,0.58667,-0.80770,-0.05088,0.02903,-0.12332,0.98342,-0.04608,
1703262236986692096,-6.12095,28.52134,-0.44760,0.58662,-0.80773,-0.05008,0.03059,-0.02109,0.96249,0.01950,
1703262237120168704,-6.12258,28.65568,-0.45009,0.58565,-0.80870,-0.04680,0.02859,-0.02398,0.96157,-0.00580,
1703262237253644288,-6.13363,28.78824,-0.45058,0.58602,-0.80846,-0.04651,0.02852,-0.15228,1.02478,-0.05128,
1703262237387111680,-6.15557,28.91824,-0.45255,0.58580,-0.80842,-0.04843,0.03087,-0.14774,0.99608,-0.01462,
1703262237520572416,-6.16542,29.05172,-0.45453,0.58551,-0.80868,-0.04755,0.03101,0.00330,0.98297,0.01866,
1703262237654031872,-6.17261,29.18691,-0.45430,0.58533,-0.80900,-0.04578,0.02843,-0.10496,0.96095,0.02111,
1703262237787489024,-6.19384,29.31603,-0.45434,0.58558,-0.80867,-0.04752,0.02987,-0.22782,1.00418,-0.04566,
1703262237920944640,-6.22190,29.44411,-0.45458,0.58515,-0.80867,-0.05141,0.03166,-0.17463,0.95283,-0.00792,
1703262238054398464,-6.24048,29.57071,-0.45222,0.58578,-0.80819,-0.05226,0.03106,-0.11762,0.97228,0.00794,
1703262238187850240,-6.25250,29.69936,-0.45290,0.58606,-0.80803,-0.05127,0.03138,-0.09367,0.97036,-0.03315,
1703262238321299200,-6.26624,29.82793,-0.45418,0.58568,-0.80823,-0.05198,0.03243,-0.09568,0.95144,0.01359,
1703262238454739456,-6.27780,29.95729,-0.45588,0.58415,-0.80935,-0.05181,0.03214,-0.07580,0.90658,0.03659,
1703262238588176384,-6.29626,30.08226,-0.45589,0.58474,-0.80891,-0.05195,0.03228,-0.14451,0.96366,-0.03428,
1703262238721611264,-6.31414,30.20715,-0.45281,0.58581,-0.80798,-0.05362,0.03346,-0.09196,0.96227,-0.03298,
1703262238855043584,-6.32619,30.33688,-0.45757,0.58421,-0.80929,-0.05233,0.03184,-0.10805,0.92261,0.00655,
1703262238988473088,-6.34301,30.46073,-0.45853,0.58449,-0.80914,-0.05164,0.03145,-0.15369,0.92575,0.01732,
1703262239121900032,-6.36247,30.58434,-0.45800,0.58487,-0.80866,-0.05347,0.03377,-0.14229,0.94570,-0.01898,
1703262239255324672,-6.37312,30.70626,-0.45750,0.58525,-0.80823,-0.05476,0.03532,-0.03733,0.94386,-0.01900,
1703262239388749056,-6.38211,30.83032,-0.45897,0.58439,-0.80912,-0.05253,0.03234,-0.10169,0.85280,0.08417,
1703262239522169088,-6.40431,30.95118,-0.45903,0.58481,-0.80884,-0.05210,0.03243,-0.19795,0.90244,0.03841,
1703262239655586560,-6.42734,31.07058,-0.45653,0.58559,-0.80800,-0.05553,0.03369,-0.05239,0.91806,-0.02512,
1703262239789000448,-6.42182,31.19318,-0.45676,0.58519,-0.80851,-0.05290,0.03258,0.14272,0.90895,0.01935,
1703262239922411264,-6.40548,31.31746,-0.46002,0.58448,-0.80957,-0.04661,0.02844,0.09825,0.87338,-0.00210,
1703262240055818752,-6.40169,31.43717,-0.46095,0.58528,-0.80929,-0.04298,0.02543,-0.01883,0.94747,-0.05580,
1703262240189223168,-6.40682,31.55633,-0.46122,0.58541,-0.80923,-0.04291,0.02470,0.00554,0.88941,-0.00480,
1703262240322627584,-6.39924,31.67528,-0.46369,0.58524,-0.80960,-0.03955,0.02199,0.15040,0.90746,-0.02562,
1703262240456040192,-6.37985,31.79563,-0.46583,0.58494,-0.81020,-0.03284,0.01857,0.10154,0.88889,-0.00491,
1703262240589449472,-6.37836,31.91407,-0.46490,0.58560,-0.80984,-0.03119,0.01608,-0.08361,0.87933,-0.00965,
1703262240722855936,-6.39491,32.03041,-0.46473,0.58616,-0.80933,-0.03343,0.01676,-0.14305,0.87721,-0.01131,
1703262240856259072,-6.40959,32.14687,-0.46624,0.58557,-0.80965,-0.03500,0.01839,-0.04973,0.87484,-0.00726,
1703262240989659136,-6.41548,32.26570,-0.46667,0.58538,-0.80987,-0.03420,0.01671,-0.04498,0.87084,-0.01729,
1703262241123056384,-6.42668,32.38121,-0.46772,0.58513,-0.81006,-0.03384,0.01659,-0.14503,0.85419,-0.01582,
1703262241256450304,-6.44646,32.49425,-0.46689,0.58561,-0.80953,-0.03698,0.01895,-0.14147,0.86597,-0.00293,
1703262241389854976,-6.45652,32.60811,-0.46786,0.58497,-0.80991,-0.03815,0.02021,-0.05651,0.83232,0.01144,
1703262241523260928,-6.46454,32.72050,-0.46588,0.58536,-0.80967,-0.03775,0.01886,-0.07086,0.84219,0.00535,
1703262241656663552,-6.47829,32.83354,-0.46602,0.58525,-0.80977,-0.03774,0.01825,-0.13711,0.81951,0.00555,
1703262241790063360,-6.49925,32.94462,-0.46557,0.58491,-0.80987,-0.04037,0.01878,-0.14805,0.81211,0.02121,
1703262241923460608,-6.51376,33.05362,-0.46500,0.58545,-0.80938,-0.04189,0.01974,-0.07143,0.83167,-0.01388,
1703262242056854784,-6.52462,33.16526,-0.46711,0.58471,-0.80993,-0.04175,0.01971,-0.07260,0.80302,0.00866,
1703262242190246144,-6.54027,33.27518,-0.46855,0.58459,-0.80997,-0.04226,0.02037,-0.12117,0.81083,0.00989,
1703262242323640832,-6.55856,33.38586,-0.46748,0.58578,-0.80895,-0.04443,0.02214,-0.11139,0.83743,0.00575,
1703262242457048320,-6.57357,33.49528,-0.46500,0.58610,-0.80864,-0.04568,0.02221,-0.07077,0.80601,0.00995,
1703262242590453504,-6.58867,33.60444,-0.46449,0.58624,-0.80853,-0.04571,0.02260,-0.13456,0.81510,-0.03202,
1703262242723855872,-6.60451,33.71323,-0.46706,0.58602,-0.80861,-0.04613,0.02445,-0.12034,0.84047,-0.02518,
1703262242857256192,-6.61382,33.82405,-0.46875,0.58543,-0.80894,-0.04670,0.02661,-0.02570,0.85237,-0.04626,
1703262242990653440,-6.61881,33.93751,-0.47063,0.58483,-0.80946,-0.04534,0.02623,-0.07033,0.84745,-0.01847,
1703262243124048384,-6.63521,34.05117,-0.47033,0.58514,-0.80923,-0.04539,0.02630,-0.16258,0.86051,-0.01667,
1703262243257441024,-6.65502,34.16366,-0.46747,0.58545,-0.80885,-0.04783,0.02683,-0.11441,0.82764,0.00425,
1703262243390844160,-6.66784,34.27902,-0.47201,0.58437,-0.80951,-0.04828,0.02945,-0.10171,0.87800,-0.02768,
1703262243524250368,-6.68035,34.39159,-0.47147,0.58465,-0.80930,-0.04843,0.02952,-0.10338,0.82392,0.00894,
1703262243657654528,-6.69760,34.50510,-0.47268,0.58444,-0.80943,-0.04925,0.02894,-0.14824,0.85330,-0.00565,
1703262243791056384,-6.71683,34.61834,-0.47436,0.58410,-0.80956,-0.05084,0.02919,-0.12273,0.83778,-0.01093,
1703262243924456704,-6.73332,34.73050,-0.47521,0.58420,-0.80942,-0.05168,0.02957,-0.12126,0.83804,0.00839,
1703262244057854208,-6.75169,34.84131,-0.47199,0.58503,-0.80872,-0.05309,0.02976,-0.15435,0.84124,-0.00820,
1703262244191250176,-6.77282,34.95239,-0.47266,0.58514,-0.80848,-0.05454,0.03153,-0.15469,0.89920,-0.08631,
1703262244324647168,-6.79174,35.06532,-0.47490,0.58412,-0.80915,-0.05559,0.03164,-0.08764,0.84240,0.00092,
1703262244458061568,-6.80501,35.17750,-0.47516,0.58393,-0.80939,-0.05464,0.03033,-0.09901,0.82304,0.00934,
1703262244591474432,-6.82304,35.29000,-0.47428,0.58423,-0.80908,-0.05536,0.03177,-0.15985,0.82775,0.01726,
1703262244724886272,-6.84223,35.40291,-0.47444,0.58448,-0.80863,-0.05747,0.03469,-0.13732,0.84532,0.00526,
1703262244858295808,-6.85984,35.51760,-0.47432,0.58485,-0.80818,-0.05873,0.03671,-0.13012,0.87261,-0.01228,
1703262244991704576,-6.87870,35.63341,-0.47532,0.58495,-0.80806,-0.05893,0.03743,-0.15831,0.87581,-0.00000,
1703262245125111040,-6.89942,35.74819,-0.47380,0.58494,-0.80799,-0.06022,0.03714,-0.15056,0.87365,-0.02423,
1703262245258515968,-6.91997,35.86319,-0.47634,0.58498,-0.80780,-0.06091,0.03935,-0.18611,0.89446,-0.02780,
1703262245391932672,-6.94096,35.98087,-0.47762,0.58474,-0.80780,-0.06256,0.04032,-0.11773,0.87939,0.00100,
1703262245525353984,-6.95880,36.09978,-0.47795,0.58466,-0.80788,-0.06235,0.04018,-0.14463,0.87892,0.01427,
1703262245658774272,-6.98173,36.21655,-0.47617,0.58509,-0.80745,-0.06342,0.04080,-0.19414,0.87342,-0.00188,
1703262245792193792,-7.00619,36.33095,-0.47443,0.58519,-0.80723,-0.06554,0.04044,-0.15096,0.85658,0.01766,
1703262245925612288,-7.02660,36.44502,-0.47700,0.58466,-0.80762,-0.06531,0.04060,-0.20001,0.86664,-0.05808,
1703262246059029760,-7.06006,36.55747,-0.47745,0.58457,-0.80727,-0.06860,0.04336,-0.24060,0.82136,0.03522,
1703262246192446208,-7.09009,36.67077,-0.47489,0.58499,-0.80652,-0.07170,0.04660,-0.19892,0.86055,0.02065,
1703262246325862400,-7.11475,36.78353,-0.47172,0.58537,-0.80603,-0.07258,0.04879,-0.18256,0.85783,0.00198,
1703262246459279616,-7.13934,36.89446,-0.46724,0.58592,-0.80547,-0.07307,0.05081,-0.18385,0.83344,0.01129,
1703262246592695808,-7.16686,37.00712,-0.47192,0.58488,-0.80610,-0.07475,0.05025,-0.21849,0.82988,-0.02114,
1703262246726111232,-7.20016,37.11684,-0.47311,0.58433,-0.80622,-0.07746,0.05066,-0.22941,0.78938,0.01582,
1703262246859525376,-7.23223,37.22207,-0.47163,0.58419,-0.80578,-0.07931,0.05617,-0.27477,0.78263,-0.00083,
1703262246992938496,-7.25786,37.32168,-0.46304,0.58542,-0.80449,-0.08172,0.05826,-0.14635,0.74821,0.02003,
1703262247126350336,-7.27546,37.42913,-0.46824,0.58502,-0.80514,-0.08054,0.05501,-0.13136,0.80343,-0.03088,
1703262247259761408,-7.30185,37.53189,-0.46753,0.58552,-0.80466,-0.08107,0.05585,-0.23504,0.77372,0.01847,
1703262247393175296,-7.32796,37.63483,-0.46513,0.58562,-0.80417,-0.08337,0.05846,-0.10383,0.74008,0.04188,
1703262247526590208,-7.33545,37.74250,-0.47103,0.58346,-0.80598,-0.08178,0.05731,0.00991,0.75728,-0.01316,
1703262247726710272,-7.33406,37.89085,-0.46705,0.58445,-0.80617,-0.07585,0.05248,0.01051,0.70028,0.04615,
1703262247860122112,-7.33704,37.98308,-0.46101,0.58647,-0.80541,-0.07145,0.04767,-0.08660,0.69250,0.02324,
1703262247993533440,-7.34306,38.07501,-0.45931,0.58718,-0.80494,-0.07100,0.04752,0.03896,0.72905,-0.04783,
1703262248126943232,-7.32243,38.16986,-0.46311,0.58590,-0.80636,-0.06732,0.04451,0.28727,0.64839,-0.01188,
1703262248260352512,-7.28812,38.26165,-0.46339,0.58669,-0.80697,-0.05619,0.03792,0.18836,0.68627,0.03911,
1703262248393762048,-7.28305,38.35443,-0.46462,0.58622,-0.80771,-0.05149,0.03593,-0.07495,0.72052,-0.07998,
1703262248527170304,-7.28834,38.44487,-0.46464,0.58642,-0.80754,-0.05255,0.03520,0.06676,0.72035,-0.03962,
1703262248660577024,-7.26347,38.54146,-0.46692,0.58674,-0.80788,-0.04620,0.03058,0.25586,0.71966,0.01732,
1703262248793983232,-7.23055,38.64224,-0.46830,0.58678,-0.80864,-0.03550,0.02313,0.12697,0.75429,-0.00156,
1703262248927387648,-7.22500,38.74532,-0.46964,0.58723,-0.80849,-0.03301,0.02040,-0.03700,0.79612,-0.02370,
1703262249060791552,-7.23335,38.85196,-0.47501,0.58523,-0.80985,-0.03455,0.02152,-0.08503,0.78863,-0.02060,
1703262249194193920,-7.24083,38.95302,-0.47505,0.58601,-0.80920,-0.03538,0.02302,-0.00943,0.79941,-0.02589,
1703262249327597056,-7.23797,39.06110,-0.47694,0.58592,-0.80947,-0.03234,0.02009,0.00823,0.82302,-0.00403,
1703262249461009920,-7.24355,39.17025,-0.47826,0.58583,-0.80964,-0.03080,0.01838,-0.13048,0.84631,-0.04060,
1703262249594421504,-7.26325,39.27708,-0.47696,0.58643,-0.80903,-0.03389,0.02048,-0.19521,0.80844,0.03847,
1703262249727832576,-7.28585,39.38799,-0.47681,0.58655,-0.80867,-0.03790,0.02403,-0.13363,0.84398,-0.00122,
1703262249861242880,-7.30093,39.50103,-0.47662,0.58621,-0.80876,-0.03949,0.02668,-0.11387,0.85686,-0.02524,
1703262249994651648,-7.31526,39.61295,-0.47637,0.58610,-0.80874,-0.04033,0.02846,-0.15799,0.84055,-0.00341,
1703262250128059904,-7.33931,39.72315,-0.47685,0.58566,-0.80887,-0.04345,0.02892,-0.17568,0.81396,0.02136,
1703262250261466624,-7.35687,39.83679,-0.47913,0.58593,-0.80867,-0.04441,0.02783,-0.08898,0.86309,0.00111,
1703262250394877952,-7.36005,39.95520,-0.48020,0.58592,-0.80884,-0.04251,0.02590,0.02352,0.89818,-0.00165,
1703262250528291328,-7.35452,40.07394,-0.47779,0.58693,-0.80832,-0.03952,0.02405,0.07144,0.92611,-0.02544,
1703262250661703680,-7.34601,40.19889,-0.47891,0.58698,-0.80848,-0.03607,0.02254,0.05637,0.94213,-0.00770,
1703262250795115264,-7.34196,40.32555,-0.47966,0.58632,-0.80909,-0.03348,0.02195,0.01057,0.93570,0.01031,
1703262250928525824,-7.34085,40.44960,-0.47757,0.58812,-0.80789,-0.03195,0.02017,0.03417,0.97290,-0.02305,
1703262251061936128,-7.33833,40.57961,-0.47742,0.58754,-0.80846,-0.02947,0.01794,-0.01652,0.94788,0.01379,
1703262251195345152,-7.34773,40.70997,-0.47861,0.58741,-0.80855,-0.02958,0.01803,-0.12534,0.97563,0.00554,
1703262251328754944,-7.36569,40.83884,-0.47822,0.58747,-0.80838,-0.03180,0.01941,-0.16230,0.99159,-0.00581,
1703262251462169344,-7.38205,40.96841,-0.47789,0.58752,-0.80827,-0.03316,0.02052,-0.07745,0.99115,-0.01639,
1703262251595583744,-7.39319,41.09913,-0.47744,0.58766,-0.80816,-0.03322,0.02077,-0.04810,1.00777,-0.00885,
1703262251728997120,-7.40296,41.23320,-0.48121,0.58666,-0.80888,-0.03351,0.02057,-0.10194,0.98153,0.00387,
1703262251862409472,-7.41985,41.36729,-0.48063,0.58723,-0.80842,-0.03459,0.02059,-0.17320,1.04215,-0.03924,
1703262251995821824,-7.44330,41.50437,-0.48172,0.58740,-0.80816,-0.03721,0.02121,-0.13749,1.00544,0.00927,
1703262252129233152,-7.45762,41.64139,-0.48292,0.58728,-0.80822,-0.03770,0.02128,-0.05230,1.02460,0.00781,
1703262252262643712,-7.46141,41.78061,-0.48371,0.58702,-0.80845,-0.03676,0.02139,-0.04292,1.00179,0.02820,
1703262252396062976,-7.47064,41.92102,-0.48579,0.58657,-0.80878,-0.03629,0.02214,-0.09934,1.06295,-0.04323,
1703262252529487360,-7.48666,42.05859,-0.48644,0.58607,-0.80900,-0.03820,0.02437,-0.12907,1.01519,-0.00787,
1703262252662911744,-7.49585,42.19613,-0.48580,0.58623,-0.80888,-0.03836,0.02390,-0.04706,1.04194,-0.00389,
1703262252796335616,-7.50597,42.33293,-0.48425,0.58650,-0.80876,-0.03742,0.02276,-0.07033,1.03823,-0.03332,
1703262252929759488,-7.51589,42.47189,-0.48316,0.58616,-0.80902,-0.03746,0.02250,-0.04035,1.02161,0.01100,
1703262253063182848,-7.52250,42.61315,-0.48626,0.58568,-0.80939,-0.03675,0.02287,-0.01711,1.03940,0.02058,
1703262253196605952,-7.52823,42.75311,-0.48656,0.58646,-0.80889,-0.03571,0.02214,-0.00994,1.05953,0.00294,
1703262253330029824,-7.53268,42.89430,-0.48683,0.58660,-0.80888,-0.03464,0.02034,-0.03606,1.04601,-0.01393,
1703262253463464448,-7.54183,43.03563,-0.48746,0.58683,-0.80875,-0.03453,0.01927,-0.11245,1.05235,-0.00396,
1703262253596899584,-7.56089,43.17683,-0.48838,0.58677,-0.80868,-0.03660,0.01981,-0.16333,1.04365,0.00665,
1703262253730334208,-7.58403,43.31603,-0.48837,0.58706,-0.80831,-0.03955,0.02066,-0.13576,1.03465,0.01806,
1703262253863769088,-7.60186,43.45476,-0.48739,0.58754,-0.80792,-0.04039,0.02059,-0.13486,1.05118,-0.00298,
1703262253997203712,-7.61666,43.59721,-0.48964,0.58717,-0.80818,-0.04047,0.02094,-0.08276,1.04787,-0.00705,
1703262254130638848,-7.63115,43.73979,-0.49097,0.58723,-0.80810,-0.04068,0.02201,-0.07489,1.03851,0.00019,
1703262254264073984,-7.64643,43.88191,-0.49065,0.58722,-0.80803,-0.04188,0.02254,-0.09816,1.05434,0.00731,
1703262254397514496,-7.66383,44.01943,-0.48959,0.58758,-0.80778,-0.04213,0.02177,-0.13240,1.04630,-0.02412,
1703262254530959616,-7.67992,44.15695,-0.49409,0.58667,-0.80844,-0.04184,0.02215,-0.09681,1.02854,-0.01505,
1703262254664405248,-7.69062,44.29497,-0.49755,0.58605,-0.80885,-0.04197,0.02328,-0.05545,1.04443,0.01101,
1703262254797851136,-7.69711,44.43267,-0.49689,0.58623,-0.80876,-0.04083,0.02386,-0.10258,1.05796,-0.05527,
1703262254931297280,-7.71264,44.57080,-0.49768,0.58601,-0.80886,-0.04163,0.02475,-0.14304,1.01761,-0.03582,
1703262255064743936,-7.73922,44.70691,-0.49845,0.58526,-0.80925,-0.04401,0.02539,-0.21861,0.98292,0.03534,
1703262255198191104,-7.77286,44.84058,-0.50042,0.58488,-0.80926,-0.04778,0.02719,-0.25602,0.98010,0.00625,
1703262255331637760,-7.80641,44.97544,-0.50318,0.58387,-0.80970,-0.05126,0.02922,-0.22559,0.99736,0.00749,
1703262255465082624,-7.83189,45.10966,-0.50190,0.58428,-0.80926,-0.05302,0.03009,-0.14852,0.98990,-0.00645,
1703262255598528256,-7.84830,45.24434,-0.50215,0.58427,-0.80925,-0.05308,0.03037,-0.06255,0.99921,0.00124,
1703262255731973632,-7.85893,45.38168,-0.50430,0.58389,-0.80958,-0.05166,0.03132,-0.07936,1.01737,-0.01492,
1703262255865419776,-7.87093,45.51533,-0.50499,0.58413,-0.80946,-0.05134,0.03050,-0.11912,1.00063,-0.02138,
1703262255998866432,-7.89126,45.64456,-0.50478,0.58433,-0.80933,-0.05155,0.02963,-0.19475,0.97215,-0.01882,
1703262256132313600,-7.92136,45.77008,-0.50649,0.58455,-0.80892,-0.05396,0.03216,-0.26119,0.96810,-0.01239,
1703262256265761024,-7.95201,45.89476,-0.50408,0.58597,-0.80745,-0.05819,0.03570,-0.19885,0.99250,-0.04275,
1703262256399195904,-7.97539,46.02442,-0.50598,0.58523,-0.80786,-0.05946,0.03650,-0.15022,0.92400,0.03351,
1703262256532621056,-8.00545,46.14912,-0.50595,0.58583,-0.80725,-0.06112,0.03751,-0.28350,0.92179,0.04025,
1703262256666046208,-8.03872,46.27515,-0.50754,0.58544,-0.80716,-0.06460,0.03965,-0.21650,0.98151,-0.05866,
1703262256799471104,-8.05352,46.40351,-0.50761,0.58575,-0.80699,-0.06397,0.03969,-0.03669,0.97304,-0.03956,
1703262256932896256,-8.06134,46.53473,-0.50808,0.58572,-0.80726,-0.06155,0.03846,-0.09636,0.96290,0.00653,
1703262257066321408,-8.08276,46.66247,-0.50911,0.58542,-0.80738,-0.06232,0.03930,-0.22208,0.94900,0.00616,
1703262257199746048,-8.11023,46.78371,-0.50582,0.58661,-0.80631,-0.06397,0.04062,-0.19230,0.95702,-0.06085,
1703262257333170432,-8.13286,46.90877,-0.50756,0.58552,-0.80698,-0.06450,0.04231,-0.14980,0.88486,0.06667,
1703262257466577920,-8.15055,47.03039,-0.50701,0.58564,-0.80691,-0.06492,0.04137,-0.09623,0.89647,-0.00130,
1703262257599985152,-8.16279,47.14843,-0.50701,0.58570,-0.80703,-0.06306,0.04093,-0.14657,0.85070,0.01663,
1703262257733391872,-8.18935,47.26098,-0.50778,0.58518,-0.80712,-0.06485,0.04373,-0.25992,0.81801,0.01665,
1703262257866797824,-8.21751,47.37183,-0.50951,0.58492,-0.80697,-0.06736,0.04622,-0.16728,0.84373,-0.02501,
1703262258000203264,-8.23781,47.48204,-0.50726,0.58521,-0.80689,-0.06809,0.04271,-0.13928,0.77310,0.08182,
1703262258133608448,-8.26178,47.58048,-0.50393,0.58682,-0.80574,-0.06845,0.04171,-0.19027,0.75754,-0.03585,
1703262258267012864,-8.27640,47.68399,-0.51178,0.58479,-0.80709,-0.06871,0.04364,0.01448,0.78513,-0.00588,
1703262258400411392,-8.26848,47.78547,-0.50806,0.58558,-0.80701,-0.06565,0.03888,0.11752,0.75318,-0.05013,
1703262258533804544,-8.26348,47.88393,-0.50897,0.58594,-0.80733,-0.06018,0.03562,-0.06229,0.69040,0.03420,
1703262258667196672,-8.27946,47.98325,-0.51434,0.58486,-0.80795,-0.06099,0.03790,-0.12064,0.74350,-0.05321,
1703262258800587776,-8.28604,48.08354,-0.51692,0.58432,-0.80829,-0.06132,0.03844,0.06944,0.71336,0.04807,
1703262258933978624,-8.27222,48.17802,-0.51244,0.58542,-0.80815,-0.05534,0.03330,0.11203,0.68449,0.01201,
1703262259067367936,-8.27183,48.26736,-0.51121,0.58635,-0.80779,-0.05127,0.03233,-0.14768,0.67667,-0.04263,
1703262259200756480,-8.29663,48.34948,-0.50957,0.58690,-0.80694,-0.05568,0.03595,-0.22551,0.61781,-0.00841,
1703262259334145024,-8.32099,48.43130,-0.51214,0.58640,-0.80685,-0.05971,0.03952,-0.12474,0.62270,0.03275,
1703262259467522304,-8.32790,48.51078,-0.50828,0.58743,-0.80628,-0.05848,0.03781,-0.02425,0.59009,-0.01086,
1703262259600898816,-8.33696,48.59180,-0.50893,0.58733,-0.80643,-0.05723,0.03787,-0.10441,0.61303,-0.04757,
1703262259734273792,-8.34660,48.67638,-0.51250,0.58659,-0.80684,-0.05789,0.03976,-0.00212,0.62467,0.02238,
1703262259867647488,-8.33940,48.76263,-0.51303,0.58663,-0.80708,-0.05464,0.03880,0.07349,0.65924,-0.04691,
1703262260001019648,-8.33449,48.85125,-0.51590,0.58613,-0.80774,-0.05104,0.03751,0.00427,0.63985,-0.01124,
1703262260134390784,-8.34001,48.93388,-0.51362,0.58640,-0.80759,-0.05093,0.03670,-0.06614,0.56437,0.05803,
1703262260267760896,-8.34897,49.00546,-0.50795,0.58816,-0.80636,-0.05102,0.03531,-0.08206,0.56247,-0.03075,
1703262260401130752,-8.36227,49.08132,-0.51276,0.58764,-0.80675,-0.05194,0.03358,-0.09943,0.61048,-0.07265,
1703262260534496768,-8.37133,49.16215,-0.51735,0.58660,-0.80750,-0.05170,0.03406,-0.02854,0.59328,0.02675,
1703262260667861504,-8.37093,49.24507,-0.51793,0.58632,-0.80785,-0.05004,0.03311,0.04210,0.60835,-0.00617,
1703262260801224960,-8.36331,49.32952,-0.51880,0.58625,-0.80829,-0.04633,0.02884,0.02208,0.62148,-0.01333,
1703262260934586624,-8.36734,49.41546,-0.52006,0.58626,-0.80839,-0.04510,0.02791,-0.09655,0.66153,-0.02083,
1703262261067946752,-8.38368,49.50248,-0.51904,0.58621,-0.80827,-0.04703,0.02904,-0.13490,0.64608,0.01681,
1703262261201305344,-8.40040,49.58945,-0.51817,0.58645,-0.80797,-0.04886,0.02951,-0.09797,0.66365,0.01570,
1703262261334664192,-8.40804,49.67930,-0.51897,0.58618,-0.80824,-0.04822,0.02870,-0.04222,0.67744,-0.00386,
1703262261468020224,-8.41826,49.77293,-0.52105,0.58537,-0.80883,-0.04815,0.02842,-0.11895,0.70711,-0.03020,
1703262261601374976,-8.43495,49.86687,-0.52019,0.58570,-0.80848,-0.04953,0.02938,-0.12458,0.70240,0.00441,
1703262261734727936,-8.45126,49.96197,-0.51661,0.58634,-0.80789,-0.05115,0.03009,-0.12170,0.73003,0.02114,
1703262261868078848,-8.46472,50.05618,-0.51315,0.58717,-0.80727,-0.05127,0.03016,-0.08154,0.72410,-0.00606,
1703262262001428480,-8.47423,50.15614,-0.51533,0.58632,-0.80788,-0.04994,0.03258,-0.04447,0.75043,0.00449,
1703262262134776320,-8.48318,50.25658,-0.51455,0.58653,-0.80773,-0.04955,0.03321,-0.08786,0.79378,-0.04249,
1703262262268122624,-8.50262,50.36464,-0.51971,0.58531,-0.80851,-0.05113,0.03316,-0.18492,0.80128,-0.00401,
1703262262401468672,-8.53093,50.47254,-0.51963,0.58540,-0.80819,-0.05391,0.03490,-0.20786,0.81359,0.02277,
1703262262534814976,-8.55521,50.58189,-0.52050,0.58373,-0.80902,-0.05673,0.03907,-0.15344,0.79604,-0.00414,
1703262262668159744,-8.56715,50.68552,-0.51860,0.58422,-0.80850,-0.05719,0.04179,-0.03399,0.78860,0.00533,
1703262262801502464,-8.57378,50.79165,-0.51253,0.58589,-0.80751,-0.05403,0.04180,-0.16728,0.85451,-0.05396,
1703262262934843648,-8.60196,50.90182,-0.51793,0.58467,-0.80816,-0.05724,0.04208,-0.23895,0.79803,0.02456,
1703262263134851328,-8.63399,51.06680,-0.51662,0.58587,-0.80717,-0.05837,0.04281,-0.09256,0.90063,-0.06237,
1703262263268187648,-8.64241,51.18940,-0.52541,0.58334,-0.80919,-0.05681,0.04129,-0.06292,0.86515,0.02988,
1703262263468194816,-8.66858,51.36556,-0.52918,0.58383,-0.80867,-0.05920,0.04125,-0.11856,0.89862,0.00143,
1703262263601531136,-8.67515,51.48716,-0.52853,0.58386,-0.80902,-0.05654,0.03737,-0.02391,0.92843,-0.03676,
1703262263734865408,-8.67633,51.60216,-0.52378,0.58451,-0.80876,-0.05390,0.03670,0.05079,0.82990,0.06288,
1703262263868197632,-8.65563,51.72422,-0.52763,0.58389,-0.80986,-0.04844,0.02916,0.18382,0.94309,-0.13309,
1703262264001528064,-8.63034,51.84807,-0.53787,0.58236,-0.81143,-0.04012,0.02872,0.06273,0.86434,0.05100,
1703262264134856192,-8.63207,51.96867,-0.53459,0.58476,-0.80974,-0.03947,0.02862,-0.10844,0.98205,-0.05362,
1703262264334846976,-8.65492,52.16002,-0.53671,0.58442,-0.81002,-0.03997,0.02688,-0.11090,0.99812,-0.04470,
1703262264468177920,-8.67255,52.28316,-0.53382,0.58564,-0.80904,-0.04122,0.02789,-0.13935,0.94849,-0.01244,
1703262264601506304,-8.69329,52.41008,-0.54184,0.58313,-0.81059,-0.04415,0.03102,-0.06095,0.92062,0.02496,
1703262264734832640,-8.69231,52.53360,-0.53888,0.58472,-0.80975,-0.04116,0.02672,0.08640,0.96683,-0.02735,
1703262264868156928,-8.68950,52.65799,-0.53793,0.58503,-0.80987,-0.03556,0.02427,-0.11357,0.89795,0.06199,
1703262265001479168,-8.71151,52.78475,-0.54136,0.58479,-0.80976,-0.04053,0.02585,-0.14246,0.99657,-0.12555,
1703262265134799104,-8.71113,52.91403,-0.53927,0.58550,-0.80934,-0.03948,0.02432,0.02149,0.97797,-0.00095,
1703262265268116992,-8.70133,53.04185,-0.53649,0.58636,-0.80909,-0.03381,0.02029,0.01659,0.95785,0.02703,
1703262265401441536,-8.70943,53.16961,-0.53525,0.58599,-0.80939,-0.03236,0.02140,-0.08748,0.97282,-0.02730,
1703262265534771712,-8.71252,53.30015,-0.54381,0.58472,-0.81023,-0.03431,0.02103,0.12781,0.97700,-0.03960,
1703262265668099840,-8.69237,53.43501,-0.54744,0.58422,-0.81097,-0.02797,0.01503,0.10486,1.01777,-0.04004,
1703262265801426176,-8.69521,53.56328,-0.54420,0.58525,-0.81041,-0.02450,0.01111,-0.16319,0.95274,0.02624,
1703262265934750464,-8.71555,53.69417,-0.54723,0.58558,-0.81000,-0.02897,0.01271,-0.09612,1.00107,-0.00328,
1703262266068072704,-8.70434,53.82202,-0.54413,0.58673,-0.80926,-0.02747,0.00983,0.21377,1.00128,-0.04048,
1703262266201393152,-8.67418,53.95112,-0.54621,0.58683,-0.80946,-0.01920,0.00643,0.17628,0.97807,-0.04565,
1703262266334710016,-8.65839,54.08526,-0.54837,0.58643,-0.80986,-0.01471,0.00436,0.03758,0.97563,0.02161,
1703262266468055808,-8.66286,54.22413,-0.55661,0.58435,-0.81134,-0.01547,0.00518,-0.06816,1.02095,0.00153,
1703262266601399808,-8.67739,54.35225,-0.55457,0.58552,-0.81041,-0.01904,0.00548,-0.02001,0.97206,0.01211,
1703262266734742528,-8.68007,54.48581,-0.55761,0.58513,-0.81073,-0.01754,0.00499,-0.08121,0.99655,-0.01294,
1703262266868083456,-8.69197,54.61876,-0.56212,0.58454,-0.81114,-0.01817,0.00569,-0.13143,0.95494,0.06738,
1703262267001423360,-8.71864,54.74608,-0.56302,0.58322,-0.81193,-0.02319,0.00871,-0.25460,0.93153,-0.01118,
1703262267134761472,-8.74804,54.86580,-0.56078,0.58389,-0.81122,-0.02900,0.01231,-0.17029,0.90219,0.01514,
1703262267268098048,-8.76397,54.98713,-0.55914,0.58600,-0.80969,-0.02929,0.01215,-0.09013,0.94737,-0.02427,
1703262267401447424,-8.78197,55.11041,-0.55729,0.58634,-0.80938,-0.03123,0.01165,-0.19642,0.90895,-0.00754,
1703262267534811136,-8.81460,55.23169,-0.55693,0.58634,-0.80909,-0.03644,0.01549,-0.22405,0.91081,-0.00626,
1703262267668174080,-8.83462,55.35520,-0.55840,0.58599,-0.80919,-0.03918,0.01703,-0.09920,0.90028,0.02642,
1703262267801536000,-8.84364,55.47716,-0.55987,0.58531,-0.80977,-0.03808,0.01552,-0.08079,0.88379,0.00613,
1703262267934897408,-8.86150,55.59492,-0.55747,0.58692,-0.80848,-0.03945,0.01818,-0.16237,0.88542,-0.00493,
1703262268068257792,-8.88218,55.71032,-0.55592,0.58654,-0.80847,-0.04363,0.02085,-0.13486,0.83768,0.04824,
1703262268201617408,-8.89787,55.82076,-0.55043,0.58830,-0.80706,-0.04403,0.02488,-0.17275,0.87240,-0.05432,
1703262268334974464,-8.92318,55.93981,-0.56035,0.58513,-0.80925,-0.04612,0.02468,-0.16854,0.86711,-0.03156,
1703262268468364288,-8.94249,56.05306,-0.55468,0.58666,-0.80804,-0.04731,0.02561,-0.14865,0.87839,-0.03453,
1703262268601753856,-8.96177,56.17153,-0.55544,0.58666,-0.80786,-0.04933,0.02758,-0.12079,0.89649,-0.02818,
1703262268735143936,-8.98298,56.29169,-0.55804,0.58537,-0.80860,-0.05156,0.02894,-0.15451,0.87923,-0.00067,
1703262268868533248,-9.00746,56.41103,-0.55976,0.58578,-0.80814,-0.05352,0.03019,-0.20129,0.90431,-0.02803,
1703262269001923072,-9.02920,56.53271,-0.56362,0.58478,-0.80873,-0.05482,0.03143,-0.15752,0.91477,-0.01243,
1703262269135313152,-9.04741,56.64974,-0.56268,0.58531,-0.80827,-0.05562,0.03196,-0.15170,0.92728,-0.02063,
1703262269268702720,-9.06784,56.76650,-0.56044,0.58529,-0.80824,-0.05661,0.03126,-0.18510,0.84740,0.01178,
1703262269402112512,-9.09778,56.88331,-0.55714,0.58643,-0.80712,-0.06022,0.03217,-0.21759,0.86748,0.04818,
1703262269535553280,-9.12708,57.00127,-0.55799,0.58598,-0.80716,-0.06289,0.03408,-0.19613,0.86002,0.01398,
1703262269668995584,-9.14732,57.12187,-0.56019,0.58503,-0.80773,-0.06367,0.03554,-0.11967,0.94082,-0.06182,
1703262269802439168,-9.15953,57.24218,-0.55842,0.58543,-0.80757,-0.06239,0.03493,-0.05244,0.88991,-0.01841,
1703262269935884544,-9.16569,57.36339,-0.56085,0.58403,-0.80887,-0.05955,0.03296,-0.07821,0.86366,0.01688,
1703262270069331456,-9.18495,57.47663,-0.55938,0.58513,-0.80788,-0.06055,0.03595,-0.22397,0.88836,-0.04333,
1703262270202779648,-9.21261,57.59322,-0.55897,0.58463,-0.80771,-0.06524,0.03945,-0.17579,0.84360,0.02785,
1703262270336230400,-9.23011,57.70758,-0.55859,0.58508,-0.80720,-0.06561,0.04250,-0.09058,0.83802,0.03918,
1703262270469665280,-9.24250,57.82595,-0.56149,0.58485,-0.80767,-0.06292,0.04074,-0.10167,0.90914,-0.03260,
1703262270603101696,-9.25754,57.94103,-0.55765,0.58637,-0.80669,-0.06169,0.04024,-0.08615,0.88717,0.01029,
1703262270736540160,-9.28253,58.04876,-0.54478,0.58855,-0.80482,-0.06570,0.03955,-0.09965,0.71452,0.15796,
1703262270869979648,-9.29802,58.15490,-0.54316,0.59022,-0.80358,-0.06511,0.04082,-0.21044,0.88567,-0.16694,
1703262271003421184,-9.32629,58.27648,-0.55898,0.58583,-0.80649,-0.06711,0.04336,-0.23480,0.87549,-0.06250,
1703262271136864256,-9.34581,58.38992,-0.55791,0.58700,-0.80559,-0.06779,0.04311,-0.08884,0.90105,-0.03037,
1703262271403749120,-9.38123,58.62462,-0.56237,0.58541,-0.80706,-0.06665,0.03879,-0.28127,0.85511,0.00839,
1703262271537186304,-9.41235,58.73436,-0.55857,0.58680,-0.80569,-0.07024,0.04000,-0.19947,0.80846,0.03506,
1703262271670625280,-9.43081,58.84966,-0.56253,0.58594,-0.80603,-0.07019,0.04533,-0.08442,0.86640,-0.01280,
1703262271804066304,-9.43393,58.96184,-0.55841,0.58638,-0.80579,-0.06852,0.04653,0.05871,0.83917,-0.02304,
1703262271937508608,-9.42439,59.08073,-0.56961,0.58521,-0.80721,-0.06341,0.04385,0.02065,0.90117,-0.04683,
1703262272137675776,-9.45735,59.24687,-0.56691,0.58594,-0.80678,-0.06393,0.04119,-0.23791,0.81363,-0.03797,
1703262272271122688,-9.48201,59.35636,-0.57059,0.58406,-0.80776,-0.06650,0.04443,-0.13832,0.80839,-0.00578,
1703262272404553216,-9.49191,59.46360,-0.56755,0.58532,-0.80675,-0.06652,0.04604,-0.06950,0.81407,0.02119,
1703262272537959168,-9.49825,59.57588,-0.57200,0.58395,-0.80802,-0.06373,0.04518,-0.04960,0.87817,-0.10563,
1703262272671365632,-9.50748,59.68907,-0.57684,0.58144,-0.81008,-0.06190,0.04334,-0.06585,0.78661,0.00819,
1703262272804773376,-9.51289,59.79116,-0.57476,0.58402,-0.80856,-0.06004,0.03930,-0.05931,0.76424,0.01982,
1703262272938181888,-9.53313,59.89730,-0.57123,0.58585,-0.80726,-0.06047,0.03813,-0.16554,0.80885,0.00416,
1703262273138296064,-9.53704,60.06648,-0.57524,0.58567,-0.80729,-0.06030,0.04049,0.16967,0.84781,0.01432,
1703262273271706880,-9.50370,60.18761,-0.58038,0.58501,-0.80875,-0.05069,0.03329,0.19058,0.85087,0.04551,
1703262273405105920,-9.48531,60.30688,-0.57797,0.58600,-0.80876,-0.04250,0.02649,0.02990,0.88449,-0.00314,
1703262273538486016,-9.48372,60.43083,-0.57957,0.58543,-0.80937,-0.04053,0.02339,0.05193,0.93303,-0.02454,
1703262273671866624,-9.47705,60.55266,-0.58123,0.58482,-0.80982,-0.03980,0.02440,0.10828,0.88890,-0.02090,
1703262273805247488,-9.45329,60.67718,-0.58138,0.58566,-0.80960,-0.03430,0.01940,0.16068,0.94511,-0.00232,
1703262273938628352,-9.43807,60.80148,-0.58223,0.58579,-0.80989,-0.02760,0.01301,0.02003,0.90572,0.00091,
1703262274072009472,-9.45020,60.91893,-0.58074,0.58623,-0.80953,-0.02882,0.01267,-0.19988,0.85895,0.04983,
1703262274205390848,-9.47669,61.03219,-0.58362,0.58602,-0.80937,-0.03451,0.01766,-0.19427,0.90754,-0.03858,
1703262274338771968,-9.49505,61.14459,-0.58206,0.58638,-0.80898,-0.03650,0.01942,-0.04698,0.84537,0.03975,
1703262274472122624,-9.49871,61.26357,-0.58420,0.58606,-0.80937,-0.03368,0.01819,-0.04334,0.87421,0.01204,
1703262274605467904,-9.50711,61.38296,-0.58062,0.58647,-0.80907,-0.03384,0.01771,-0.09070,0.87162,-0.00509,
1703262274738812160,-9.52299,61.50084,-0.58113,0.58666,-0.80878,-0.03669,0.01905,-0.15535,0.90986,-0.01945,
1703262274872155904,-9.53905,61.61613,-0.58244,0.58665,-0.80866,-0.03846,0.02081,-0.06917,0.89077,-0.03065,
1703262275005498880,-9.54946,61.73197,-0.58279,0.58726,-0.80825,-0.03859,0.01914,-0.03283,0.85922,0.00986,
1703262275138840832,-9.56157,61.84372,-0.57797,0.58798,-0.80780,-0.03835,0.01644,-0.11437,0.83889,0.00573,
1703262275272182272,-9.58394,61.95267,-0.57769,0.58837,-0.80731,-0.04090,0.02010,-0.19161,0.85319,-0.02740,
1703262275405517312,-9.60476,62.06260,-0.57642,0.58811,-0.80730,-0.04385,0.02192,-0.07569,0.80664,0.02678,
1703262275538834688,-9.60844,62.17612,-0.57942,0.58814,-0.80745,-0.04135,0.02001,-0.00417,0.91309,-0.08530,
1703262275672150016,-9.61456,62.29167,-0.57830,0.58882,-0.80702,-0.04005,0.02003,-0.09583,0.88491,-0.02783,
1703262275805464064,-9.62827,62.40782,-0.57817,0.58876,-0.80698,-0.04159,0.02051,-0.10386,0.87132,-0.01369,
1703262275938776320,-9.64063,62.52482,-0.58249,0.58765,-0.80782,-0.04174,0.01872,-0.07264,0.84751,-0.00021,
1703262276072087040,-9.65428,62.64299,-0.58321,0.58710,-0.80826,-0.04131,0.01802,-0.13853,0.85729,0.01150,
1703262276205396224,-9.67288,62.75610,-0.58254,0.58772,-0.80756,-0.04389,0.02245,-0.13420,0.89233,-0.04886,
1703262276338703872,-9.68471,62.87283,-0.58459,0.58724,-0.80777,-0.04584,0.02366,-0.01302,0.84346,0.03571,
1703262276472001536,-9.68864,62.99062,-0.58384,0.58717,-0.80802,-0.04344,0.02126,-0.07370,0.89694,-0.00615,
1703262276605294336,-9.71095,63.10009,-0.57868,0.58763,-0.80763,-0.04561,0.01867,-0.20730,0.75054,0.06688,
1703262276738585088,-9.73838,63.20645,-0.57764,0.58849,-0.80672,-0.04950,0.02100,-0.16118,0.82026,-0.02227,
1703262276871873280,-9.75078,63.31601,-0.57980,0.58810,-0.80689,-0.05061,0.02238,0.02301,0.81392,0.00149,
1703262277005159680,-9.74351,63.42718,-0.58223,0.58727,-0.80779,-0.04676,0.02008,0.03051,0.83638,-0.05738,
1703262277138443776,-9.75205,63.53569,-0.58201,0.58750,-0.80780,-0.04482,0.01719,-0.14431,0.79625,-0.00470,
1703262277271725568,-9.78060,63.64124,-0.58252,0.58708,-0.80782,-0.04857,0.01997,-0.20739,0.78410,-0.00545,
1703262277405006080,-9.80073,63.74878,-0.58254,0.58739,-0.80735,-0.05145,0.02281,-0.09747,0.82174,0.01957,
1703262277538277888,-9.81176,63.85953,-0.58068,0.58771,-0.80715,-0.05078,0.02275,-0.09262,0.83830,-0.03878,
1703262277738180096,-9.83344,64.03342,-0.58913,0.58574,-0.80852,-0.05061,0.02551,-0.11028,0.87150,0.01392,
1703262277938076160,-9.85450,64.20387,-0.58148,0.58759,-0.80714,-0.05154,0.02441,-0.13944,0.84644,0.03029,
1703262278071336704,-9.88083,64.31951,-0.58279,0.58686,-0.80747,-0.05378,0.02627,-0.17946,0.88780,-0.04448,
1703262278271222272,-9.91026,64.49587,-0.58103,0.58738,-0.80683,-0.05624,0.02918,-0.05063,0.91232,-0.00513,
1703262278404486656,-9.91261,64.61918,-0.58058,0.58714,-0.80727,-0.05268,0.02854,-0.01875,0.92067,-0.00757,
1703262278537762560,-9.91608,64.74217,-0.58303,0.58454,-0.80943,-0.04992,0.02557,-0.06490,0.86082,0.03128,
1703262278671036160,-9.93409,64.85773,-0.58059,0.58573,-0.80849,-0.05084,0.02613,-0.16160,0.86851,0.03014,
1703262278804306944,-9.96038,64.97737,-0.58161,0.58513,-0.80863,-0.05439,0.02808,-0.15731,0.85509,0.01587,
1703262278937574912,-9.98100,65.09778,-0.58044,0.58559,-0.80822,-0.05538,0.02806,-0.12922,0.91072,-0.00439,
1703262279070840320,-9.99455,65.21837,-0.57772,0.58620,-0.80785,-0.05502,0.02686,-0.04136,0.86997,0.05303,
1703262279204103168,-10.00109,65.33749,-0.57799,0.58690,-0.80745,-0.05323,0.02728,-0.06193,0.97881,-0.13042,
1703262279337363200,-10.01275,65.46273,-0.58217,0.58558,-0.80842,-0.05331,0.02672,-0.10539,0.88797,0.07556,
1703262279470659072,-10.02481,65.58659,-0.58204,0.58652,-0.80772,-0.05267,0.02836,-0.10838,0.93189,0.03692,
1703262279603961344,-10.03799,65.71289,-0.58525,0.58606,-0.80797,-0.05360,0.02926,-0.02363,1.02527,-0.10869,
1703262279737262080,-10.03607,65.84275,-0.58608,0.58457,-0.80939,-0.04935,0.02693,-0.01955,0.97911,-0.03500,
1703262279870560768,-10.04708,65.96768,-0.58434,0.58534,-0.80890,-0.04812,0.02730,-0.11719,0.89741,0.05849,
1703262280003857408,-10.07128,66.09170,-0.58349,0.58545,-0.80853,-0.05165,0.02935,-0.15573,0.95934,-0.03639,
1703262280137152256,-10.08100,66.21975,-0.58898,0.58453,-0.80930,-0.05061,0.02821,-0.04644,0.98046,-0.01845,
1703262280270444800,-10.09229,66.34496,-0.59001,0.58454,-0.80938,-0.04975,0.02736,-0.11813,0.92408,0.03019,
1703262280403744768,-10.10413,66.46943,-0.58761,0.58474,-0.80922,-0.05009,0.02693,-0.01951,0.94210,-0.00041,
1703262280537062912,-10.10764,66.59362,-0.58910,0.58569,-0.80861,-0.04868,0.02743,0.00627,0.99427,-0.04307,
1703262280670379520,-10.10911,66.72141,-0.58762,0.58494,-0.80936,-0.04655,0.02491,-0.01888,0.89826,0.06450,
1703262280937008640,-10.14428,66.96923,-0.59353,0.58422,-0.80976,-0.04811,0.02572,-0.13553,0.91644,-0.00498,
1703262281070320640,-10.15839,67.09395,-0.59080,0.58517,-0.80905,-0.04869,0.02541,-0.11690,0.95361,0.01217,
1703262281203630848,-10.17371,67.21706,-0.59006,0.58563,-0.80873,-0.04824,0.02574,-0.19013,0.94333,-0.04949,
1703262281336939776,-10.20626,67.33856,-0.59213,0.58574,-0.80818,-0.05309,0.03049,-0.18959,0.89587,0.03394,
1703262281470268160,-10.22052,67.46301,-0.59497,0.58479,-0.80876,-0.05446,0.03105,0.01168,0.89789,0.03478,
1703262281603600896,-10.21353,67.58668,-0.59476,0.58511,-0.80890,-0.04859,0.03114,0.00644,0.94975,-0.01031,
1703262281736932352,-10.21893,67.70469,-0.59503,0.58584,-0.80841,-0.04840,0.03052,-0.02041,0.90583,-0.00899,
1703262281870262272,-10.22874,67.83015,-0.59813,0.58575,-0.80846,-0.04823,0.03113,-0.10497,0.92534,0.01664,
1703262282003591424,-10.23726,67.95183,-0.59585,0.58648,-0.80800,-0.04711,0.03088,-0.07949,0.90922,0.04116,
1703262282136919296,-10.24306,68.07737,-0.60168,0.58464,-0.80943,-0.04590,0.03011,-0.05810,0.86959,0.02084,
1703262282270245632,-10.25784,68.19557,-0.60100,0.58629,-0.80818,-0.04695,0.03003,-0.13354,0.94266,-0.07529,
1703262282403579904,-10.27537,68.32114,-0.60233,0.58546,-0.80873,-0.04769,0.03039,-0.13966,0.92865,-0.03396,
1703262282536934912,-10.29260,68.44478,-0.60798,0.58383,-0.80991,-0.04804,0.02988,-0.12674,0.89622,-0.00084,
1703262282670289408,-10.31418,68.56385,-0.60629,0.58481,-0.80906,-0.05005,0.03026,-0.11678,0.89388,-0.00522,
1703262282803643648,-10.33367,68.68557,-0.61027,0.58367,-0.80973,-0.05153,0.03191,-0.09617,0.88404,0.02055,
1703262282936997632,-10.34639,68.80516,-0.60937,0.58340,-0.81004,-0.05113,0.02933,-0.08756,0.88349,-0.02582,
1703262283070350848,-10.35766,68.92025,-0.60927,0.58446,-0.80935,-0.04990,0.02951,-0.10767,0.87911,0.02426,
1703262283203703552,-10.37064,69.03722,-0.60843,0.58450,-0.80922,-0.05086,0.03069,-0.06948,0.86968,0.00368,
1703262283337056000,-10.38044,69.15348,-0.60779,0.58424,-0.80940,-0.05080,0.03073,-0.07546,0.87297,-0.00218,
1703262283470428928,-10.39920,69.26218,-0.60472,0.58517,-0.80867,-0.05195,0.03038,-0.10869,0.81767,0.00848,
1703262283603809024,-10.40691,69.37113,-0.59907,0.58588,-0.80832,-0.05005,0.02922,-0.03174,0.77922,0.07222,
1703262283737189888,-10.40304,69.48524,-0.60776,0.58454,-0.80947,-0.04779,0.02799,0.09530,0.86761,-0.07776,
1703262283870571264,-10.39583,69.59253,-0.60700,0.58458,-0.80959,-0.04550,0.02755,0.05233,0.79986,-0.00945,
1703262284003952640,-10.39942,69.70364,-0.61461,0.58279,-0.81104,-0.04274,0.02711,-0.15189,0.81830,-0.02415,
1703262284137334528,-10.43074,69.80466,-0.61049,0.58416,-0.80984,-0.04639,0.02757,-0.31509,0.76974,-0.00069,
1703262284270717184,-10.46239,69.90873,-0.61413,0.58330,-0.81003,-0.05088,0.03214,-0.19323,0.77574,-0.01365,
1703262284404103680,-10.47583,70.01400,-0.61421,0.58390,-0.80941,-0.05265,0.03395,-0.00204,0.81532,-0.00009,
1703262284537508608,-10.47934,70.12515,-0.61595,0.58355,-0.80997,-0.04907,0.03182,-0.12273,0.80835,0.02723,
1703262284670915328,-10.50790,70.23004,-0.61488,0.58368,-0.80981,-0.05119,0.03014,-0.30515,0.74659,0.03425,
1703262284804323072,-10.55122,70.33638,-0.61827,0.58301,-0.80958,-0.05801,0.03636,-0.28714,0.84620,-0.05452,
1703262284937732096,-10.56574,70.43932,-0.60950,0.58449,-0.80819,-0.06039,0.03948,0.07421,0.75157,0.10292,
1703262285071142400,-10.55293,70.54912,-0.61194,0.58436,-0.80896,-0.05336,0.03535,0.05718,0.81850,-0.06606,
1703262285204553984,-10.57338,70.65719,-0.61458,0.58361,-0.80938,-0.05350,0.03808,-0.27951,0.85621,-0.08342,
1703262285337967616,-10.61112,70.76434,-0.61963,0.58197,-0.81006,-0.06000,0.03893,-0.19551,0.79057,-0.01238,
1703262285471408896,-10.62716,70.86529,-0.61631,0.58322,-0.80926,-0.05916,0.03805,-0.09603,0.76633,0.01904,
1703262285671590144,-10.65421,71.02298,-0.61667,0.58231,-0.80954,-0.06161,0.04197,-0.16072,0.78264,-0.03077,
1703262285805048064,-10.67136,71.13225,-0.62198,0.58149,-0.81008,-0.06296,0.04097,-0.06147,0.85571,-0.05609,
1703262285938509568,-10.68208,71.24003,-0.61853,0.58293,-0.80944,-0.05833,0.03995,-0.10574,0.80325,0.05570,
1703262286071974400,-10.70274,71.34774,-0.61549,0.58386,-0.80849,-0.05996,0.04297,-0.17217,0.87764,-0.08111,
1703262286205442304,-10.71548,71.46320,-0.62272,0.58124,-0.81034,-0.06115,0.04199,-0.01841,0.81752,0.04037,
1703262286338913536,-10.72863,71.57525,-0.61922,0.58368,-0.80881,-0.05939,0.04033,-0.18017,0.86726,0.00739,
1703262286472392448,-10.75613,71.68897,-0.61785,0.58446,-0.80815,-0.06109,0.03965,-0.22937,0.86173,0.00529,
1703262286605879296,-10.78208,71.80145,-0.61569,0.58460,-0.80787,-0.06377,0.03894,-0.09571,0.85207,0.02547,
1703262286739370496,-10.78557,71.91506,-0.61730,0.58530,-0.80758,-0.06103,0.03903,-0.02293,0.88070,-0.01663,
1703262286872865536,-10.78629,72.03591,-0.61485,0.58561,-0.80748,-0.05781,0.04106,-0.02584,0.88924,0.02310,
1703262287006364672,-10.78375,72.15853,-0.61932,0.58458,-0.80861,-0.05533,0.03680,0.08122,0.91469,-0.05239,
1703262287139867904,-10.78353,72.28199,-0.62002,0.58526,-0.80858,-0.05058,0.03345,-0.12069,0.95528,-0.04665,
1703262287273374720,-10.79922,72.40494,-0.61975,0.58553,-0.80823,-0.05143,0.03564,-0.08986,0.88788,0.06364,
1703262287406871040,-10.80321,72.52800,-0.62512,0.58452,-0.80906,-0.05159,0.03319,0.09823,0.96988,-0.07790,
1703262287540336640,-10.78314,72.65139,-0.62683,0.58343,-0.81060,-0.04256,0.02703,0.08714,0.84805,0.00033,
1703262287673806080,-10.77966,72.76820,-0.62586,0.58474,-0.81004,-0.03673,0.02369,-0.08703,0.87337,0.06464,
1703262287807278592,-10.80071,72.88466,-0.62762,0.58445,-0.80983,-0.04197,0.02884,-0.15278,0.93527,-0.09994,
1703262287940754944,-10.79674,73.00209,-0.62906,0.58430,-0.80988,-0.04241,0.03001,0.14432,0.84111,0.05364,
1703262288074234624,-10.77701,73.12499,-0.62801,0.58462,-0.81026,-0.03354,0.02398,0.09089,0.94153,-0.03016,
1703262288207718144,-10.77836,73.24928,-0.63144,0.58375,-0.81117,-0.02907,0.01982,-0.13446,0.91384,0.00613,
1703262288341204992,-10.79728,73.36776,-0.62813,0.58449,-0.81046,-0.03244,0.02157,-0.14770,0.86279,0.10168,
1703262288474681088,-10.81111,73.48057,-0.61807,0.58659,-0.80874,-0.03598,0.02367,-0.05618,0.87063,-0.03462,
1703262288608157696,-10.81890,73.60052,-0.62912,0.58440,-0.81038,-0.03512,0.02283,-0.10604,0.94173,-0.09489,
1703262288741637632,-10.83862,73.71822,-0.62974,0.58314,-0.81121,-0.03639,0.02383,-0.17884,0.85004,0.03635,
1703262288875121152,-10.84888,73.83051,-0.62534,0.58620,-0.80899,-0.03700,0.02302,-0.05487,0.92485,-0.06325,
1703262289008608000,-10.85951,73.95044,-0.62268,0.58641,-0.80879,-0.03719,0.02435,-0.09983,0.83987,0.09252,
1703262289142098432,-10.87109,74.06883,-0.62497,0.58570,-0.80919,-0.03861,0.02595,-0.14253,0.91589,-0.09450,
1703262289275592448,-10.88044,74.18963,-0.62792,0.58585,-0.80911,-0.03828,0.02560,-0.03211,0.88742,0.03988,
1703262289409083392,-10.89449,74.30996,-0.62935,0.58587,-0.80909,-0.03814,0.02589,-0.15323,0.98805,-0.12318,
1703262289542556928,-10.91386,74.43353,-0.62896,0.58482,-0.80966,-0.04023,0.02872,-0.17245,0.90393,0.00649,
1703262289676033792,-10.93132,74.55200,-0.62713,0.58593,-0.80866,-0.04342,0.02954,-0.03843,0.89313,0.01220,
1703262289809513472,-10.93346,74.67673,-0.62767,0.58489,-0.80972,-0.03857,0.02765,-0.04398,0.90250,0.03287,
1703262289942996736,-10.95429,74.79645,-0.62513,0.58578,-0.80899,-0.04076,0.02718,-0.23207,0.88488,0.02330,
1703262290076483072,-10.98130,74.91159,-0.62145,0.58701,-0.80766,-0.04574,0.03180,-0.20327,0.93420,-0.07430,
1703262290209972480,-11.00891,75.03649,-0.63349,0.58326,-0.81005,-0.04908,0.03477,-0.16112,0.93023,-0.05111,
1703262290343464960,-11.01634,75.15281,-0.63304,0.58247,-0.81075,-0.04732,0.03442,0.00822,0.85228,0.03586,
1703262290476935936,-11.01536,75.27119,-0.62888,0.58522,-0.80912,-0.04347,0.03088,0.00480,0.92131,-0.00916,
1703262290610401280,-11.02676,75.39636,-0.63414,0.58388,-0.81017,-0.04300,0.02924,-0.15887,0.93374,-0.00286,
1703262290743868672,-11.05624,75.51749,-0.63210,0.58501,-0.80903,-0.04673,0.03231,-0.22648,0.92128,0.00871,
1703262290877338624,-11.08271,75.63929,-0.62672,0.58477,-0.80890,-0.05050,0.03426,-0.15578,0.89142,0.01478,
1703262291010810880,-11.09798,75.76215,-0.62940,0.58414,-0.80952,-0.04949,0.03191,-0.10978,0.91574,0.01943,
1703262291144285696,-11.12399,75.87939,-0.62941,0.58281,-0.81024,-0.05148,0.03452,-0.23951,0.84612,-0.00201,
1703262291277762816,-11.15162,75.99196,-0.62918,0.58416,-0.80871,-0.05698,0.03872,-0.05828,0.90320,0.00740,
1703262291411236352,-11.15897,76.11657,-0.63327,0.58317,-0.80969,-0.05389,0.03758,-0.02384,0.92190,-0.01307,
1703262291544687872,-11.16603,76.23787,-0.62828,0.58431,-0.80903,-0.04994,0.03949,-0.09501,0.84410,0.11784,
1703262291678141184,-11.17840,76.35688,-0.62550,0.58459,-0.80872,-0.05159,0.03960,-0.04790,0.92929,-0.08527,
1703262291811596032,-11.17624,76.47805,-0.62916,0.58443,-0.80929,-0.04847,0.03395,0.05498,0.88489,0.03116,
1703262291945052672,-11.18894,76.59959,-0.62846,0.58574,-0.80859,-0.04573,0.03150,-0.18757,0.90334,0.04056,
1703262292078511104,-11.21312,76.72184,-0.62837,0.58598,-0.80803,-0.04968,0.03527,-0.10465,0.87527,0.10501,
1703262292211971072,-11.21232,76.84407,-0.62456,0.58674,-0.80748,-0.04905,0.03600,0.07061,0.94767,-0.09663,
1703262292345432320,-11.19600,76.96488,-0.63136,0.58648,-0.80839,-0.04181,0.02833,0.11892,0.87218,0.02445,
1703262292478876416,-11.21038,77.08294,-0.63174,0.58681,-0.80831,-0.03906,0.02759,-0.29366,0.90439,-0.03238,
1703262292612314368,-11.25141,77.20148,-0.63652,0.58492,-0.80905,-0.04741,0.03268,-0.27103,0.85037,0.02828,
1703262292745752832,-11.26386,77.31413,-0.63626,0.58585,-0.80819,-0.05023,0.03299,0.07809,0.90664,-0.05465,
1703262292879192576,-11.24728,77.43616,-0.63741,0.58535,-0.80932,-0.04124,0.02563,0.06850,0.89255,-0.00575,
1703262293012632832,-11.25525,77.55187,-0.63386,0.58629,-0.80886,-0.03798,0.02406,-0.22977,0.85083,0.02324,
1703262293146074112,-11.28660,77.66674,-0.63433,0.58587,-0.80870,-0.04557,0.02615,-0.16182,0.84170,0.02596,
1703262293279515904,-11.29259,77.78510,-0.63616,0.58552,-0.80891,-0.04570,0.02746,0.04591,0.91877,-0.03314,
1703262293412953600,-11.28647,77.90355,-0.63765,0.58364,-0.81048,-0.04075,0.02889,0.04794,0.80530,0.04069,
1703262293546371584,-11.28224,78.01421,-0.63126,0.58593,-0.80891,-0.03879,0.02896,0.05157,0.89854,-0.04028,
1703262293679789568,-11.27788,78.12469,-0.62430,0.58744,-0.80814,-0.03593,0.02287,0.02336,0.82107,0.05150,
1703262293813207296,-11.28089,78.23471,-0.62750,0.58725,-0.80846,-0.03288,0.02118,-0.19003,0.81610,-0.03071,
1703262293946624768,-11.30765,78.34818,-0.63603,0.58574,-0.80917,-0.03817,0.02643,-0.16717,0.91395,-0.07954,
1703262294080042240,-11.31440,78.45772,-0.63499,0.58480,-0.80979,-0.03965,0.02598,0.09076,0.76213,0.05306,
1703262294280167936,-11.30596,78.61747,-0.63938,0.58501,-0.81025,-0.03066,0.01796,-0.22892,0.83435,-0.11892,
1703262294413583872,-11.35509,78.72697,-0.64659,0.58356,-0.81079,-0.04068,0.02058,-0.33668,0.73908,0.14530,
1703262294546995200,-11.38097,78.83056,-0.63820,0.58652,-0.80814,-0.04746,0.02535,0.03779,0.86497,-0.07374,
1703262294680405504,-11.36647,78.94607,-0.63924,0.58678,-0.80829,-0.04149,0.02511,0.13091,0.88523,-0.01318,
1703262294813815296,-11.36340,79.06662,-0.63988,0.58649,-0.80883,-0.03698,0.02118,-0.09939,0.85901,0.03701,
1703262294947224832,-11.39120,79.18278,-0.64154,0.58509,-0.80965,-0.04038,0.02255,-0.27751,0.80877,0.04730,
1703262295080633856,-11.41954,79.28971,-0.63678,0.58662,-0.80811,-0.04565,0.02750,-0.13906,0.82944,0.05401,
1703262295214041856,-11.43005,79.40171,-0.63906,0.58696,-0.80784,-0.04633,0.02682,-0.03005,0.94735,-0.17901,
1703262295414153984,-11.44467,79.58107,-0.64826,0.58395,-0.81019,-0.04433,0.02508,-0.15527,0.92405,-0.07326,
1703262295547560960,-11.46725,79.69112,-0.64704,0.58495,-0.80925,-0.04713,0.02698,-0.10454,0.88953,-0.04727,
1703262295680967680,-11.48386,79.80658,-0.65084,0.58281,-0.81069,-0.04828,0.02787,-0.04828,0.79749,0.10145,
1703262295814373376,-11.49466,79.92298,-0.65057,0.58280,-0.81077,-0.04826,0.02565,-0.05212,0.82324,0.03433,
1703262295947778816,-11.50894,80.03628,-0.64858,0.58469,-0.80937,-0.04824,0.02702,-0.16041,0.94424,-0.10814,
1703262296081184256,-11.53234,80.15521,-0.65223,0.58301,-0.81033,-0.05134,0.02871,-0.09239,0.90280,-0.00555,
1703262296214588672,-11.54236,80.26721,-0.64747,0.58489,-0.80895,-0.05091,0.03009,-0.01806,0.80878,0.07619,
1703262296347992320,-11.54094,80.39096,-0.65266,0.58349,-0.81031,-0.04757,0.02621,0.00361,0.88712,0.01936,
1703262296481404160,-11.55849,80.50516,-0.65119,0.58473,-0.80953,-0.04684,0.02361,-0.22708,0.88757,-0.05461,
1703262296614819072,-11.59694,80.61676,-0.64945,0.58520,-0.80868,-0.05262,0.02864,-0.30288,0.83790,0.01482,
1703262296814941184,-11.62117,80.79259,-0.65605,0.58405,-0.80926,-0.05459,0.03164,0.03348,0.93412,-0.06313,
1703262296948355328,-11.61872,80.91393,-0.65551,0.58384,-0.80978,-0.04985,0.03021,0.00029,0.93691,-0.04475,
1703262297081769472,-11.63574,81.02675,-0.65415,0.58420,-0.80943,-0.05135,0.02992,-0.16189,0.80069,0.04626,
1703262297215183360,-11.66603,81.14239,-0.65690,0.58346,-0.80974,-0.05394,0.03152,-0.25858,0.85426,0.04280,
1703262297348596736,-11.69276,81.25527,-0.65295,0.58515,-0.80844,-0.05664,0.02846,-0.12522,0.92716,-0.09496,
1703262297482011392,-11.70619,81.36997,-0.64938,0.58625,-0.80768,-0.05566,0.02944,-0.13349,0.88159,-0.01045,
1703262297615426048,-11.72745,81.49094,-0.65350,0.58395,-0.80892,-0.05851,0.03493,-0.13343,0.86426,0.01078,
1703262297748840448,-11.73824,81.60763,-0.65289,0.58438,-0.80854,-0.05842,0.03663,-0.04925,0.92410,-0.05975,
1703262297882254592,-11.75263,81.73190,-0.65921,0.58367,-0.80936,-0.05612,0.03356,-0.11477,0.88765,0.02274,
1703262298015668480,-11.77723,81.85606,-0.66287,0.58324,-0.80957,-0.05740,0.03346,-0.16856,0.94756,-0.04065,
1703262298149081856,-11.79860,81.97590,-0.66278,0.58350,-0.80924,-0.05954,0.03322,-0.10269,0.90111,-0.00367,
1703262298282495232,-11.80901,82.09817,-0.66488,0.58238,-0.81020,-0.05835,0.03174,-0.13507,0.86993,0.03244,
1703262298415908608,-11.82408,82.21809,-0.66353,0.58368,-0.80931,-0.05826,0.03063,-0.08328,0.93928,-0.00551,
1703262298549323008,-11.83840,82.33215,-0.65471,0.58526,-0.80809,-0.05729,0.03427,-0.11493,0.85631,-0.01527,
1703262298682736896,-11.85040,82.45378,-0.66272,0.58514,-0.80806,-0.05884,0.03446,0.02203,0.93668,-0.01462,
1703262298816150528,-11.84303,82.57840,-0.66470,0.58467,-0.80885,-0.05385,0.03184,0.09029,0.92561,-0.02474,
1703262298949563648,-11.84019,82.70121,-0.66454,0.58537,-0.80877,-0.04893,0.02891,0.00030,0.97152,-0.02879,
1703262299082976768,-11.85141,82.81891,-0.66199,0.58496,-0.80892,-0.04976,0.03154,-0.10991,0.85215,-0.00919,
1703262299216389632,-11.85430,82.94080,-0.66894,0.58364,-0.81013,-0.04829,0.02670,0.00654,0.87658,0.05214,
1703262299349801984,-11.85685,83.06076,-0.66712,0.58522,-0.80932,-0.04389,0.02442,-0.02615,0.89473,0.01974,
1703262299483216640,-11.86717,83.18208,-0.66865,0.58424,-0.81002,-0.04468,0.02297,-0.04672,0.90028,-0.03485,
1703262299616632320,-11.88126,83.29867,-0.66736,0.58644,-0.80832,-0.04604,0.02430,-0.13331,0.97817,-0.09270,
1703262299750047744,-11.89785,83.41973,-0.66552,0.58643,-0.80828,-0.04628,0.02543,-0.12308,0.88623,0.06067,
1703262299883462912,-11.91116,83.53928,-0.66308,0.58748,-0.80752,-0.04669,0.02468,-0.12224,0.93150,-0.05415,
1703262300016877824,-11.92970,83.66295,-0.66691,0.58620,-0.80840,-0.04775,0.02400,-0.16874,0.88164,0.05967,
1703262300150292736,-11.94914,83.78527,-0.66734,0.58572,-0.80864,-0.04918,0.02470,-0.09144,0.89275,0.03500,
1703262300283707648,-11.96308,83.90754,-0.66826,0.58563,-0.80871,-0.04933,0.02423,-0.04617,0.96465,-0.07839,
1703262300417122304,-11.97738,84.02658,-0.66740,0.58604,-0.80838,-0.05019,0.02384,-0.04137,0.86144,0.03899,
1703262300550537728,-11.99119,84.15133,-0.67108,0.58494,-0.80921,-0.04951,0.02398,-0.09638,0.83600,0.08305,
1703262300683953408,-12.00398,84.27170,-0.67001,0.58571,-0.80858,-0.04976,0.02592,-0.08346,0.94178,-0.00818,
1703262300817368832,-12.01086,84.39609,-0.67246,0.58449,-0.80951,-0.04928,0.02532,-0.05091,0.90739,-0.05581,
1703262300950783744,-12.01634,84.51493,-0.66922,0.58594,-0.80861,-0.04751,0.02383,-0.03512,0.91295,0.01811,
1703262301084198656,-12.03087,84.63261,-0.66752,0.58684,-0.80799,-0.04730,0.02295,-0.15533,0.90949,-0.07538,
1703262301217613312,-12.04268,84.75526,-0.67251,0.58456,-0.80963,-0.04815,0.02175,-0.09016,0.86176,0.03999,
1703262301351027968,-12.04667,84.87226,-0.67434,0.58492,-0.80950,-0.04614,0.02122,-0.01295,0.90540,0.00120,
1703262301484445696,-12.04682,84.98641,-0.66855,0.58630,-0.80857,-0.04408,0.02293,-0.01473,0.86283,-0.00029,
1703262301617865472,-12.04621,85.10487,-0.67485,0.58449,-0.80999,-0.04274,0.02162,-0.00032,0.84112,0.00893,
1703262301751285248,-12.05397,85.21855,-0.67783,0.58515,-0.80957,-0.04195,0.02066,-0.08428,0.88472,-0.02446,
1703262301884705280,-12.06311,85.33418,-0.67899,0.58476,-0.81002,-0.03989,0.01803,-0.10317,0.80827,0.02489,
1703262302018125312,-12.07883,85.44783,-0.68012,0.58531,-0.80954,-0.04156,0.01814,-0.17116,0.89640,-0.09517,
1703262302151545088,-12.09148,85.56440,-0.68227,0.58522,-0.80940,-0.04415,0.02110,-0.09791,0.90063,-0.01629,
1703262302284965120,-12.09761,85.68045,-0.67985,0.58595,-0.80884,-0.04302,0.02418,-0.06923,0.89625,-0.01785,
1703262302418386432,-12.10556,85.79663,-0.67948,0.58653,-0.80849,-0.04212,0.02344,-0.07666,0.88549,-0.05415,
1703262302551818240,-12.12017,85.92059,-0.69193,0.58316,-0.81093,-0.04315,0.02143,-0.12950,0.86450,0.00043,
1703262302685250560,-12.14399,86.03438,-0.68937,0.58451,-0.80980,-0.04568,0.02208,-0.19582,0.89884,-0.06476,
1703262302818683648,-12.16932,86.15120,-0.69073,0.58400,-0.80993,-0.04866,0.02433,-0.10260,0.89504,0.00656,
1703262302952117248,-12.17994,86.26475,-0.69138,0.58367,-0.81008,-0.04947,0.02563,-0.01905,0.81459,0.04630,
1703262303085551616,-12.17937,86.37854,-0.68880,0.58423,-0.80993,-0.04564,0.02459,-0.03622,0.80879,0.04408,
1703262303218986496,-12.18881,86.49372,-0.69323,0.58384,-0.81030,-0.04509,0.02268,-0.11650,0.90382,-0.07220,
1703262303352422400,-12.20799,86.60830,-0.69505,0.58231,-0.81112,-0.04804,0.02625,-0.11846,0.80974,0.01884,
1703262303485846016,-12.21389,86.71933,-0.69283,0.58379,-0.81012,-0.04762,0.02517,-0.00889,0.89746,-0.08266,
1703262303619261952,-12.21959,86.83556,-0.69202,0.58425,-0.80998,-0.04509,0.02365,-0.07822,0.85038,0.02270,
1703262303752677632,-12.23539,86.94755,-0.68595,0.58466,-0.80951,-0.04595,0.02734,-0.14235,0.81039,0.05895,
1703262303886093568,-12.25521,87.05755,-0.69059,0.58412,-0.80962,-0.05033,0.02810,-0.03731,0.82245,0.00371,
1703262304019508992,-12.26585,87.16886,-0.69138,0.58449,-0.80943,-0.04872,0.02860,-0.15415,0.83342,0.01021,
1703262304152924416,-12.27867,87.27964,-0.68978,0.58516,-0.80887,-0.04848,0.03122,-0.07868,0.85015,0.00908,
1703262304286339584,-12.28453,87.39327,-0.69289,0.58437,-0.80934,-0.04864,0.03351,0.00289,0.81930,-0.01555,
1703262304419755264,-12.28278,87.50720,-0.69111,0.58654,-0.80799,-0.04614,0.03155,0.03500,0.90273,-0.00253,
1703262304553175808,-12.28966,87.62322,-0.69229,0.58618,-0.80857,-0.04237,0.02844,-0.19021,0.83362,0.01029,
1703262304686596352,-12.31497,87.73743,-0.69199,0.58665,-0.80803,-0.04555,0.02918,-0.17378,0.88244,-0.01311,
1703262304820017408,-12.31787,87.85394,-0.69276,0.58610,-0.80849,-0.04566,0.02719,0.07310,0.84640,0.01753,
1703262304953437952,-12.30825,87.97159,-0.69599,0.58518,-0.80947,-0.04057,0.02595,0.02885,0.87301,-0.03236,
1703262305086859008,-12.31552,88.08709,-0.69769,0.58521,-0.80943,-0.04071,0.02632,-0.05010,0.83920,0.03928,
1703262305286990080,-12.32835,88.26242,-0.69406,0.58608,-0.80888,-0.04031,0.02461,-0.05652,0.83626,-0.00061,
1703262305420411136,-12.33338,88.37488,-0.69396,0.58691,-0.80828,-0.03905,0.02625,-0.01057,0.87958,-0.05663,
1703262305553832192,-12.32291,88.49616,-0.70291,0.58542,-0.80962,-0.03547,0.02335,0.13104,0.91612,-0.06765,
1703262305687253760,-12.31008,88.61580,-0.70695,0.58348,-0.81127,-0.03137,0.02037,0.01402,0.82206,0.06314,
1703262305820674816,-12.30638,88.73036,-0.70439,0.58412,-0.81100,-0.02966,0.01443,0.00587,0.87367,-0.04713,
1703262305954096128,-12.31852,88.84382,-0.70697,0.58413,-0.81098,-0.02939,0.01531,-0.15112,0.89171,-0.06309,
1703262306087517440,-12.33343,88.95856,-0.70710,0.58447,-0.81057,-0.03259,0.01785,0.00567,0.87631,-0.01704,
1703262306220939264,-12.32387,89.07423,-0.70569,0.58503,-0.81033,-0.02979,0.01509,0.10034,0.81772,0.05549,
1703262306354360832,-12.32274,89.18793,-0.70378,0.58553,-0.81013,-0.02572,0.01304,-0.20257,0.86847,-0.02511,
1703262306487785216,-12.35974,89.29688,-0.70595,0.58568,-0.80975,-0.03247,0.01536,-0.30461,0.80192,0.00712,
1703262306621211648,-12.39080,89.40706,-0.71148,0.58490,-0.80992,-0.03815,0.02151,-0.11085,0.88189,-0.08025,
1703262306754638336,-12.38517,89.51967,-0.70669,0.58539,-0.80980,-0.03462,0.01876,0.14026,0.79310,0.08076,
1703262306888065024,-12.37857,89.62998,-0.70389,0.58652,-0.80925,-0.02997,0.01472,-0.13072,0.81769,0.01801,
1703262307021492480,-12.40854,89.73747,-0.69784,0.58787,-0.80796,-0.03467,0.02043,-0.34033,0.82143,-0.00337,
1703262307154919680,-12.45213,89.84868,-0.70655,0.58520,-0.80932,-0.04429,0.02397,-0.21499,0.83048,-0.08328,
1703262307288347136,-12.46834,89.95456,-0.70633,0.58428,-0.81005,-0.04346,0.02354,-0.06607,0.72527,0.09057,
1703262307421778944,-12.47771,90.05456,-0.70427,0.58659,-0.80840,-0.04322,0.02323,-0.00886,0.78439,-0.03897,
1703262307555260672,-12.48344,90.16439,-0.70538,0.58727,-0.80785,-0.04292,0.02535,-0.08031,0.85852,-0.03941,
1703262307755486976,-12.50039,90.32442,-0.69694,0.58918,-0.80658,-0.04291,0.02109,-0.15024,0.80660,-0.02198,
1703262307888973056,-12.52411,90.43082,-0.69758,0.58913,-0.80651,-0.04495,0.02116,-0.15980,0.78401,0.01999,
1703262308022460672,-12.53632,90.54484,-0.70392,0.58795,-0.80718,-0.04635,0.02504,0.01517,0.82468,0.02585,
1703262308155950080,-12.52785,90.66360,-0.70427,0.58710,-0.80797,-0.04304,0.02532,0.11925,0.85938,0.00585,
1703262308289440768,-12.52351,90.77819,-0.70394,0.58707,-0.80829,-0.03859,0.02295,-0.09353,0.85988,-0.04493,
1703262308422927104,-12.55033,90.89100,-0.70413,0.58652,-0.80859,-0.04154,0.02136,-0.32690,0.79504,0.07241,
1703262308623049472,-12.61283,91.04636,-0.70057,0.58923,-0.80579,-0.05286,0.02675,-0.22361,0.80192,-0.01625,
1703262308756464128,-12.62580,91.15567,-0.70266,0.58748,-0.80691,-0.05405,0.02888,-0.00342,0.81489,-0.01765,
1703262308889878784,-12.61754,91.26330,-0.70535,0.58725,-0.80754,-0.04820,0.02651,0.05421,0.82861,-0.05543,
1703262309023292928,-12.62684,91.37926,-0.71225,0.58524,-0.80924,-0.04538,0.02365,-0.21423,0.82286,-0.01485,
1703262309156707072,-12.66087,91.48253,-0.70618,0.58697,-0.80753,-0.05184,0.02584,-0.22194,0.77014,0.02067,
1703262309290120960,-12.68270,91.59078,-0.70916,0.58524,-0.80842,-0.05562,0.02942,-0.09010,0.82091,-0.03840,
1703262309423535104,-12.68209,91.70370,-0.71277,0.58481,-0.80903,-0.05127,0.02893,-0.00625,0.84301,0.00469,
1703262309556949504,-12.68517,91.81653,-0.71069,0.58537,-0.80882,-0.04900,0.02753,-0.09524,0.86796,-0.02890,
1703262309690363904,-12.70288,91.92648,-0.71080,0.58419,-0.80964,-0.05042,0.02585,-0.14458,0.83268,-0.06464,
1703262309823777792,-12.72622,92.03363,-0.70925,0.58502,-0.80885,-0.05262,0.02712,-0.14212,0.79510,0.03654,
1703262309957191680,-12.73733,92.14840,-0.71226,0.58465,-0.80900,-0.05341,0.02910,-0.04518,0.86302,0.00252,
1703262310090605568,-12.74232,92.26443,-0.71014,0.58545,-0.80845,-0.05260,0.02992,-0.06633,0.87491,-0.03732,
1703262310224018944,-12.75563,92.38057,-0.71374,0.58481,-0.80885,-0.05267,0.03127,-0.07530,0.91147,-0.05779,
1703262310357432320,-12.75881,92.49938,-0.71431,0.58499,-0.80906,-0.05002,0.02666,0.05327,0.88711,0.01900,
1703262310490847488,-12.75709,92.61700,-0.71269,0.58477,-0.80960,-0.04610,0.02172,-0.08856,0.83217,0.07551,
1703262310624263936,-12.77571,92.72622,-0.70639,0.58594,-0.80863,-0.04918,0.01960,-0.17439,0.81095,-0.01675,
1703262310757679872,-12.79244,92.83623,-0.71110,0.58556,-0.80873,-0.05100,0.02184,-0.06481,0.90293,-0.12326,
1703262310891095808,-12.77874,92.95194,-0.70809,0.58650,-0.80835,-0.04664,0.02055,0.21376,0.81922,0.09614,
1703262311024511744,-12.75211,93.06152,-0.70026,0.58840,-0.80750,-0.03895,0.01457,0.14019,0.80403,0.02056,
1703262311157927424,-12.75073,93.17490,-0.70342,0.58707,-0.80865,-0.03582,0.01201,-0.10281,0.83105,-0.00075,
1703262311291342848,-12.76710,93.28617,-0.70335,0.58841,-0.80755,-0.03764,0.01467,-0.12305,0.82220,0.03867,
1703262311424758528,-12.76023,93.40393,-0.70871,0.58699,-0.80863,-0.03607,0.01591,0.22862,0.88446,-0.03645,
1703262311558170624,-12.72928,93.52047,-0.70519,0.58764,-0.80858,-0.02822,0.00886,0.18933,0.85374,0.01895,
1703262311691582464,-12.72902,93.63692,-0.70570,0.58819,-0.80830,-0.02496,0.00790,-0.25340,0.85165,0.04484,
1703262311824994048,-12.76795,93.75290,-0.70213,0.58832,-0.80786,-0.03381,0.01024,-0.29932,0.82196,0.05698,
1703262311958405120,-12.79276,93.86446,-0.70029,0.58940,-0.80690,-0.03735,0.01104,-0.10002,0.85737,-0.02795,
1703262312158520832,-12.80374,94.04534,-0.70572,0.58897,-0.80721,-0.03626,0.01452,-0.01878,0.91250,0.04765,
1703262312291931392,-12.80788,94.17385,-0.71124,0.58744,-0.80835,-0.03532,0.01538,-0.07267,0.94865,-0.04139,
1703262312425341440,-12.82262,94.29452,-0.70809,0.58688,-0.80879,-0.03630,0.01122,-0.11538,0.86529,0.03362,
1703262312558757376,-12.84339,94.41039,-0.71006,0.58715,-0.80859,-0.03604,0.01192,-0.24448,0.88484,-0.04651,
1703262312692173312,-12.87818,94.52914,-0.70895,0.58633,-0.80878,-0.04389,0.01273,-0.15479,0.85347,0.03824,
1703262312825588992,-12.89552,94.64086,-0.71037,0.58578,-0.80901,-0.04582,0.01637,-0.07802,0.82685,-0.05361,
1703262312959004416,-12.90591,94.75938,-0.71960,0.58387,-0.81042,-0.04432,0.01861,-0.05870,0.87937,0.01987,
1703262313159127552,-12.91799,94.93242,-0.71328,0.58522,-0.80951,-0.04292,0.01901,-0.16276,0.81165,0.08762,
1703262313292542720,-12.93912,95.04730,-0.70884,0.58684,-0.80815,-0.04565,0.02090,-0.19259,0.92506,-0.09419,
1703262313492665600,-12.97074,95.22770,-0.71598,0.58541,-0.80904,-0.04863,0.01976,-0.18636,0.86172,0.03515,
1703262313626081024,-12.99426,95.34069,-0.71528,0.58535,-0.80894,-0.05069,0.02049,-0.20108,0.88169,-0.07034,
1703262313826203904,-13.02519,95.50929,-0.71379,0.58566,-0.80852,-0.05303,0.02219,-0.15251,0.83882,0.00848,
1703262313959618560,-13.04840,95.62458,-0.71330,0.58595,-0.80798,-0.05596,0.02661,-0.14362,0.85430,0.03278,
1703262314093033472,-13.06059,95.74117,-0.71277,0.58665,-0.80742,-0.05616,0.02749,-0.03038,0.90454,-0.11342,
1703262314226448128,-13.06704,95.86952,-0.71660,0.58493,-0.80881,-0.05458,0.02637,0.06615,0.87547,0.07369,
1703262314359862528,-13.05693,95.99199,-0.71589,0.58537,-0.80903,-0.04832,0.02183,0.05551,0.90932,0.00064,
1703262314493278464,-13.05669,96.11359,-0.71593,0.58507,-0.80942,-0.04642,0.01923,0.00196,0.87308,0.00941,
1703262314626695936,-13.06441,96.22759,-0.71774,0.58449,-0.80995,-0.04524,0.01739,-0.12458,0.86070,-0.05738,
1703262314760112896,-13.07933,96.34362,-0.71937,0.58592,-0.80875,-0.04666,0.02105,-0.06745,0.86959,0.02068,
1703262314893530112,-13.07393,96.46267,-0.71945,0.58579,-0.80889,-0.04600,0.02086,0.14841,0.87247,0.01438,
1703262315026947072,-13.05952,96.58200,-0.72300,0.58499,-0.80983,-0.04020,0.01865,0.00712,0.86930,0.00761,
1703262315160363520,-13.06941,96.69482,-0.72289,0.58548,-0.80954,-0.03936,0.01752,-0.15339,0.85345,-0.03441,
1703262315293780224,-13.08883,96.80975,-0.72519,0.58591,-0.80915,-0.04078,0.01802,-0.15881,0.86397,0.01412,
1703262315427196672,-13.10437,96.92583,-0.72425,0.58525,-0.80955,-0.04199,0.01838,-0.09519,0.79903,0.07004,
1703262315560612352,-13.12023,97.04000,-0.72631,0.58492,-0.80973,-0.04358,0.01732,-0.13001,0.82592,0.04747,
1703262315694028288,-13.14070,97.15162,-0.72590,0.58455,-0.80991,-0.04526,0.01755,-0.14779,0.85239,-0.07163,
1703262315827443712,-13.16181,97.26222,-0.72812,0.58493,-0.80940,-0.04799,0.02060,-0.21292,0.88306,-0.06329,
1703262315960859136,-13.18039,97.37467,-0.72643,0.58522,-0.80899,-0.04987,0.02378,-0.12687,0.81031,0.05036,
1703262316094274560,-13.20005,97.49315,-0.73040,0.58482,-0.80910,-0.05174,0.02580,-0.14305,0.94853,-0.09159,
1703262316227689472,-13.21725,97.61370,-0.73095,0.58499,-0.80892,-0.05199,0.02694,-0.13397,0.89479,-0.00201,
1703262316361104128,-13.23327,97.73454,-0.73270,0.58413,-0.80958,-0.05185,0.02605,-0.10970,0.88167,-0.02287,
1703262316494518784,-13.24709,97.85230,-0.73230,0.58473,-0.80913,-0.05142,0.02736,-0.08298,0.85328,0.03802,
1703262316694640128,-13.25984,98.03392,-0.73349,0.58455,-0.80927,-0.05118,0.02761,-0.02535,0.92965,-0.04811,
1703262316828054272,-13.26979,98.15396,-0.73450,0.58489,-0.80911,-0.04976,0.02768,-0.14832,0.90668,0.00417,
1703262316961467648,-13.29311,98.27544,-0.73507,0.58466,-0.80906,-0.05211,0.02961,-0.12473,0.92644,-0.01551,
1703262317094881280,-13.30529,98.39658,-0.73560,0.58495,-0.80879,-0.05191,0.03140,-0.08007,0.93321,-0.00063,
1703262317228294656,-13.31598,98.51920,-0.73315,0.58513,-0.80876,-0.05069,0.03113,-0.07534,0.88472,0.05334,
1703262317361707776,-13.33162,98.63823,-0.73063,0.58625,-0.80797,-0.05095,0.03010,-0.09914,0.91901,-0.04523,
1703262317495122432,-13.34421,98.76321,-0.73412,0.58525,-0.80877,-0.05054,0.02842,-0.08992,0.87982,0.04322,
1703262317628538368,-13.36160,98.88095,-0.73065,0.58664,-0.80765,-0.05155,0.02994,-0.15769,0.89067,0.03730,
1703262317761954048,-13.38161,98.99911,-0.72669,0.58773,-0.80667,-0.05348,0.03149,-0.11697,0.91462,-0.05215,
1703262317895369728,-13.39584,99.12235,-0.73044,0.58677,-0.80747,-0.05267,0.03033,-0.10973,0.90951,0.01135,
1703262318028785408,-13.41022,99.24280,-0.72614,0.58763,-0.80681,-0.05239,0.03171,-0.10021,0.86528,0.05565,
1703262318162200576,-13.42266,99.36141,-0.72894,0.58693,-0.80724,-0.05348,0.03181,-0.08195,0.96805,-0.11321,
1703262318295615744,-13.42933,99.47976,-0.72675,0.58815,-0.80651,-0.05258,0.02934,-0.02995,0.85250,0.05042,
1703262318429030656,-13.43599,99.59876,-0.72727,0.58788,-0.80682,-0.04993,0.03066,-0.09193,0.85216,0.01684,
1703262318562444544,-13.44426,99.71896,-0.73072,0.58776,-0.80691,-0.05054,0.02954,-0.03781,0.90148,-0.03302,
1703262318695857664,-13.45415,99.83912,-0.72937,0.58720,-0.80742,-0.04918,0.02908,-0.10140,0.86582,0.03157,
1703262318829270528,-13.47147,99.95613,-0.72596,0.58831,-0.80659,-0.04925,0.02978,-0.15126,0.87117,0.02599,
1703262318962683392,-13.48891,100.07266,-0.72489,0.58755,-0.80701,-0.04991,0.03215,-0.13397,0.84451,0.02208,
1703262319096096000,-13.50566,100.18563,-0.72539,0.58734,-0.80704,-0.05108,0.03341,-0.12003,0.84088,0.00760,
1703262319229508352,-13.52471,100.29683,-0.72453,0.58758,-0.80673,-0.05233,0.03480,-0.19526,0.82138,-0.00920,
1703262319362920192,-13.54809,100.41180,-0.72600,0.58714,-0.80686,-0.05492,0.03502,-0.15524,0.85215,0.00064,
1703262319563041024,-13.55745,100.58762,-0.72811,0.58639,-0.80773,-0.05217,0.03166,0.00485,0.82574,0.02266,
1703262319696455424,-13.55993,100.70194,-0.72737,0.58751,-0.80705,-0.05102,0.02997,-0.00767,0.88588,-0.04988,
1703262319829870080,-13.56851,100.81938,-0.73167,0.58644,-0.80782,-0.05051,0.03100,-0.13615,0.87472,-0.04027,
1703262319963283968,-13.58361,100.93576,-0.73300,0.58665,-0.80757,-0.05127,0.03227,-0.10009,0.85450,0.02406,
1703262320096697856,-13.59385,101.05050,-0.73300,0.58678,-0.80759,-0.05048,0.03071,-0.06943,0.85760,-0.02421,
1703262320230111488,-13.60395,101.16399,-0.73480,0.58651,-0.80781,-0.04990,0.03114,-0.08043,0.85434,-0.00924,
1703262320363524608,-13.60990,101.27267,-0.73315,0.58694,-0.80747,-0.04966,0.03201,0.03304,0.82362,-0.00220,
1703262320496939776,-13.59694,101.38637,-0.73427,0.58681,-0.80800,-0.04422,0.02878,0.13334,0.82328,0.03224,
1703262320630356480,-13.58691,101.49769,-0.73204,0.58737,-0.80792,-0.03929,0.02689,-0.00880,0.85345,-0.02904,
1703262320763772928,-13.59169,101.60660,-0.73264,0.58706,-0.80811,-0.03971,0.02738,-0.04692,0.83393,-0.02464,
1703262320897189376,-13.59322,101.71714,-0.73446,0.58656,-0.80857,-0.03861,0.02593,0.01751,0.83004,-0.00193,
1703262321030605568,-13.59014,101.82768,-0.73186,0.58703,-0.80841,-0.03544,0.02466,0.00714,0.81026,0.01175,
1703262321164021504,-13.58701,101.93954,-0.73305,0.58711,-0.80848,-0.03393,0.02265,0.01034,0.84316,-0.01180,
1703262321297437440,-13.59296,102.05520,-0.73511,0.58662,-0.80888,-0.03403,0.02078,-0.08838,0.83611,0.01997,
1703262321430853120,-13.60557,102.17052,-0.73405,0.58701,-0.80858,-0.03481,0.02008,-0.09466,0.85972,0.00362,
1703262321564272896,-13.61339,102.28444,-0.73356,0.58710,-0.80855,-0.03484,0.01881,-0.02945,0.85290,-0.00290,
1703262321697692672,-13.62093,102.40031,-0.73486,0.58749,-0.80826,-0.03495,0.01865,-0.10056,0.88549,-0.02011,
1703262321831112192,-13.63602,102.51719,-0.73198,0.58802,-0.80783,-0.03534,0.01989,-0.14069,0.85848,0.05556,
1703262321964531712,-13.64931,102.63232,-0.72959,0.58864,-0.80727,-0.03686,0.02139,-0.03746,0.89000,-0.02866,
1703262322164660992,-13.64825,102.81164,-0.73300,0.58796,-0.80795,-0.03360,0.01995,-0.04910,0.90063,-0.00981,
1703262322298080000,-13.65820,102.93023,-0.73480,0.58749,-0.80823,-0.03462,0.02054,-0.10717,0.86959,0.02649,
1703262322431499008,-13.67489,103.05062,-0.73698,0.58675,-0.80866,-0.03663,0.02124,-0.13658,0.90441,-0.02209,
1703262322564921344,-13.68949,103.16798,-0.73870,0.58650,-0.80875,-0.03782,0.02241,-0.08167,0.88235,-0.00691,
1703262322698343680,-13.69481,103.28808,-0.73814,0.58659,-0.80875,-0.03692,0.02158,-0.01226,0.90630,0.00866,
1703262322831766016,-13.70153,103.41181,-0.73897,0.58610,-0.80919,-0.03555,0.02111,-0.10096,0.90926,0.00019,
1703262322965188608,-13.72244,103.53373,-0.74162,0.58523,-0.80965,-0.03847,0.02234,-0.15555,0.88922,0.01230,
1703262323098611200,-13.73736,103.65511,-0.74374,0.58541,-0.80947,-0.03978,0.02188,-0.05924,0.90613,-0.00907,
1703262323232033536,-13.74698,103.77660,-0.74001,0.58607,-0.80909,-0.03834,0.02059,-0.09909,0.89155,0.01997,
1703262323365456128,-13.76123,103.89687,-0.74044,0.58601,-0.80908,-0.03926,0.02103,-0.15935,0.88483,0.00655,
1703262323498893568,-13.77330,104.01615,-0.73677,0.58685,-0.80836,-0.04008,0.02349,-0.03570,0.89478,0.02682,
1703262323632349952,-13.77568,104.13598,-0.73545,0.58754,-0.80795,-0.03814,0.02373,-0.01203,0.93893,-0.05467,
1703262323765807872,-13.78793,104.25656,-0.73831,0.58637,-0.80878,-0.03876,0.02356,-0.14430,0.86472,0.04448,
1703262323899267584,-13.81342,104.37830,-0.74007,0.58619,-0.80873,-0.04160,0.02459,-0.19704,0.86746,0.05069,
1703262324032728832,-13.83402,104.49898,-0.73982,0.58640,-0.80839,-0.04396,0.02674,-0.11900,0.93055,-0.04199,
1703262324166192128,-13.84530,104.62257,-0.73950,0.58560,-0.80899,-0.04362,0.02652,-0.08811,0.88304,0.01594,
1703262324299656960,-13.85829,104.74556,-0.73889,0.58601,-0.80879,-0.04295,0.02471,-0.13812,0.91601,0.01530,
1703262324433124864,-13.88212,104.86697,-0.73765,0.58685,-0.80803,-0.04497,0.02594,-0.19617,0.94286,-0.05307,
1703262324566555648,-13.90324,104.99002,-0.73600,0.58660,-0.80803,-0.04721,0.02742,-0.08750,0.94641,-0.03107,
1703262324699986432,-13.90724,105.11196,-0.73342,0.58717,-0.80768,-0.04568,0.02822,0.02203,0.88432,0.05667,
1703262324833417984,-13.90397,105.23845,-0.73724,0.58609,-0.80882,-0.04185,0.02373,-0.00082,0.90387,0.02632,
1703262324966849280,-13.91130,105.36472,-0.73997,0.58582,-0.80914,-0.04012,0.02237,-0.12775,0.97542,-0.05062,
1703262325100281344,-13.92488,105.48481,-0.73331,0.58733,-0.80796,-0.04167,0.02246,-0.10970,0.91287,-0.03542,
1703262325233713152,-13.93661,105.61038,-0.73773,0.58555,-0.80916,-0.04271,0.02396,-0.10801,0.91518,-0.02247,
1703262325367145216,-13.94672,105.73134,-0.74166,0.58433,-0.80986,-0.04362,0.02796,-0.05497,0.88341,-0.00976,
1703262325500576256,-13.95044,105.85202,-0.74243,0.58506,-0.80946,-0.04262,0.02561,-0.04710,0.92909,-0.01330,
1703262325634005248,-13.96011,105.97504,-0.74234,0.58559,-0.80927,-0.03996,0.02398,-0.11432,0.96747,-0.04986,
1703262325767435008,-13.97723,106.09689,-0.74372,0.58475,-0.80973,-0.04211,0.02512,-0.09223,0.87548,0.03360,
1703262325900864768,-13.97763,106.21985,-0.74210,0.58515,-0.80950,-0.04070,0.02560,-0.02411,0.92187,0.01185,
1703262326034294272,-13.98439,106.34455,-0.74484,0.58478,-0.80989,-0.03903,0.02400,-0.08081,0.92282,-0.00236,
1703262326167724288,-14.00314,106.46718,-0.74323,0.58493,-0.80973,-0.04043,0.02371,-0.15359,0.92644,-0.03903,
1703262326301154560,-14.02664,106.58870,-0.74560,0.58432,-0.80990,-0.04417,0.02618,-0.20383,0.89106,0.03047,
1703262326434584576,-14.04380,106.71146,-0.74658,0.58351,-0.81031,-0.04546,0.02900,-0.08710,0.90269,0.00780,
1703262326568015616,-14.04358,106.83200,-0.74481,0.58435,-0.80989,-0.04287,0.02789,0.05757,0.92622,-0.02710,
1703262326701446656,-14.04052,106.95423,-0.74370,0.58503,-0.80965,-0.03968,0.02526,-0.01484,0.91488,-0.00035,
1703262326834877952,-14.05202,107.07565,-0.74672,0.58362,-0.81066,-0.03974,0.02549,-0.15508,0.87664,0.03700,
1703262326968309504,-14.06757,107.19449,-0.74642,0.58388,-0.81034,-0.04189,0.02612,-0.03531,0.88632,0.01095,
1703262327101741056,-14.06351,107.31463,-0.74480,0.58502,-0.80979,-0.03845,0.02271,0.04052,0.93340,-0.05242,
1703262327235172608,-14.06156,107.43594,-0.74398,0.58570,-0.80950,-0.03546,0.02012,-0.03578,0.91354,-0.02775,
1703262327368604672,-14.07197,107.55755,-0.74326,0.58573,-0.80944,-0.03663,0.01976,-0.04137,0.89689,0.02693,
1703262327502035968,-14.07018,107.68012,-0.74462,0.58518,-0.80992,-0.03513,0.01910,0.06616,0.90963,0.01774,
1703262327635465984,-14.05917,107.80084,-0.74661,0.58507,-0.81022,-0.03080,0.01696,0.09109,0.91560,-0.01258,
1703262327768896512,-14.05880,107.91868,-0.74672,0.58510,-0.81026,-0.02953,0.01612,-0.04480,0.84868,0.03050,
1703262327902326784,-14.06652,108.03590,-0.75010,0.58444,-0.81075,-0.02974,0.01519,-0.13091,0.85128,0.02223,
1703262328035757568,-14.07983,108.14973,-0.74704,0.58600,-0.80956,-0.03073,0.01662,-0.10924,0.90888,-0.03225,
1703262328169188352,-14.08824,108.26795,-0.74487,0.58651,-0.80914,-0.03141,0.01767,-0.06051,0.88007,-0.01136,
1703262328369335040,-14.10742,108.44799,-0.74769,0.58585,-0.80953,-0.03310,0.01875,-0.10323,0.91811,-0.03336,
1703262328502762496,-14.12213,108.56389,-0.74548,0.58639,-0.80911,-0.03387,0.01835,-0.11965,0.84978,0.01007,
1703262328636185088,-14.13448,108.68046,-0.74819,0.58585,-0.80946,-0.03416,0.01980,-0.07773,0.88286,0.00328,
1703262328769607680,-14.14414,108.79616,-0.74776,0.58567,-0.80949,-0.03511,0.02184,-0.02790,0.86604,0.00955,
1703262328903030016,-14.15255,108.91280,-0.74968,0.58517,-0.80988,-0.03479,0.02130,-0.14015,0.87401,0.01049,
1703262329036452352,-14.17435,109.02466,-0.74761,0.58580,-0.80935,-0.03697,0.02054,-0.22689,0.85477,-0.00003,
1703262329169874944,-14.20700,109.13922,-0.74896,0.58564,-0.80914,-0.04200,0.02333,-0.25360,0.85194,0.00518,
1703262329303297280,-14.23245,109.25622,-0.74972,0.58535,-0.80903,-0.04585,0.02707,-0.12604,0.86969,-0.01979,
1703262329436718848,-14.24283,109.37552,-0.75055,0.58524,-0.80912,-0.04543,0.02754,-0.03694,0.87756,0.01866,
1703262329570150400,-14.25044,109.49417,-0.74980,0.58532,-0.80915,-0.04387,0.02752,-0.10881,0.87895,0.00862,
1703262329703582208,-14.26833,109.61232,-0.75046,0.58499,-0.80928,-0.04534,0.02812,-0.13772,0.88916,-0.05337,
1703262329837014272,-14.28441,109.73215,-0.75502,0.58411,-0.80979,-0.04654,0.02971,-0.08785,0.88956,-0.00234,
1703262329970446336,-14.29228,109.85038,-0.75601,0.58430,-0.80965,-0.04585,0.03095,-0.05922,0.91560,-0.04908,
1703262330103878400,-14.30481,109.96599,-0.75817,0.58452,-0.80950,-0.04579,0.03078,-0.11604,0.89082,-0.03273,
1703262330237311232,-14.32402,110.08251,-0.75800,0.58496,-0.80910,-0.04694,0.03111,-0.12927,0.87718,0.00501,
1703262330370743808,-14.33932,110.20159,-0.75978,0.58416,-0.80964,-0.04748,0.03125,-0.09860,0.85998,0.00517,
1703262330504176128,-14.35732,110.31810,-0.75921,0.58436,-0.80937,-0.04880,0.03275,-0.14460,0.88113,0.01206,
1703262330637608448,-14.37782,110.43599,-0.75679,0.58487,-0.80877,-0.05103,0.03498,-0.14997,0.88679,0.00727,
1703262330771041280,-14.39515,110.55421,-0.75563,0.58476,-0.80881,-0.05159,0.03483,-0.11558,0.90050,-0.00474,
1703262330904474624,-14.40798,110.67222,-0.75456,0.58541,-0.80845,-0.05063,0.03364,-0.07429,0.89053,-0.01234,
1703262331037907968,-14.41937,110.79074,-0.75558,0.58547,-0.80846,-0.05030,0.03306,-0.09982,0.88117,0.01362,
1703262331171341568,-14.43629,110.91044,-0.75561,0.58566,-0.80818,-0.05188,0.03401,-0.11890,0.90658,-0.00306,
1703262331304775424,-14.44551,111.03083,-0.75637,0.58526,-0.80853,-0.05130,0.03347,0.01145,0.90595,-0.00516,
1703262331438209280,-14.44521,111.15242,-0.75717,0.58528,-0.80879,-0.04832,0.03110,-0.01551,0.91550,-0.02072,
1703262331571646464,-14.45222,111.26984,-0.75772,0.58517,-0.80901,-0.04712,0.02932,-0.07544,0.88380,0.00624,
1703262331705083904,-14.46247,111.38897,-0.75860,0.58511,-0.80902,-0.04743,0.02962,-0.05760,0.89389,-0.01618,
1703262331838521600,-14.46644,111.51014,-0.75851,0.58498,-0.80917,-0.04640,0.02976,0.00935,0.88355,0.01158,
1703262331971959552,-14.46818,111.63085,-0.75809,0.58543,-0.80898,-0.04420,0.02950,-0.05354,0.90709,-0.00971,
1703262332105398016,-14.48709,111.74871,-0.75804,0.58571,-0.80867,-0.04597,0.02977,-0.15756,0.86221,-0.00467,
1703262332238836480,-14.50641,111.86499,-0.75852,0.58598,-0.80843,-0.04719,0.02894,-0.10188,0.88486,-0.01331,
1703262332372275456,-14.51898,111.98054,-0.75931,0.58615,-0.80840,-0.04644,0.02752,-0.08400,0.88906,-0.03386,
1703262332505710336,-14.53222,112.09611,-0.76171,0.58541,-0.80882,-0.04749,0.02902,-0.12052,0.84979,0.01659,
1703262332639141888,-14.53688,112.21131,-0.76089,0.58557,-0.80870,-0.04739,0.02945,-0.03277,0.86995,-0.02371,
1703262332772572928,-14.54053,112.32402,-0.75864,0.58597,-0.80852,-0.04593,0.02856,-0.05549,0.83682,0.00076,
1703262332906004480,-14.54948,112.43875,-0.75873,0.58631,-0.80837,-0.04542,0.02677,-0.08612,0.86185,-0.01548,
1703262333039436032,-14.56047,112.55601,-0.76142,0.58607,-0.80857,-0.04556,0.02587,-0.07041,0.84980,0.01597,
1703262333172867840,-14.56548,112.67257,-0.76200,0.58624,-0.80851,-0.04496,0.02481,-0.00327,0.87980,-0.04326,
1703262333306299136,-14.55996,112.79053,-0.76506,0.58607,-0.80892,-0.04120,0.02164,0.05101,0.86994,-0.00428,
1703262333439731200,-14.55864,112.90570,-0.76219,0.58671,-0.80865,-0.03891,0.01865,-0.02557,0.82676,0.02093,
1703262333573162496,-14.56221,113.02022,-0.76401,0.58630,-0.80898,-0.03783,0.01935,-0.03686,0.86982,-0.03155,
1703262333706594304,-14.55508,113.13413,-0.76437,0.58609,-0.80927,-0.03505,0.01885,0.10942,0.85064,-0.01169,
1703262333840026112,-14.54632,113.24867,-0.76653,0.58520,-0.81013,-0.03105,0.01640,-0.03666,0.82713,0.02652,
1703262333973458176,-14.56295,113.35841,-0.76570,0.58573,-0.80967,-0.03300,0.01639,-0.19213,0.83677,-0.01477,
1703262334106890240,-14.58596,113.46607,-0.76601,0.58590,-0.80939,-0.03606,0.01770,-0.13993,0.81202,-0.00147,
1703262334240322304,-14.59466,113.57548,-0.76517,0.58583,-0.80942,-0.03624,0.01806,-0.05482,0.82999,-0.02474,
1703262334373754624,-14.60464,113.68647,-0.76655,0.58538,-0.80971,-0.03674,0.01906,-0.10429,0.81652,0.02528,
1703262334507208192,-14.62100,113.79770,-0.76639,0.58513,-0.80975,-0.03891,0.02039,-0.14418,0.79362,0.00925,
1703262334707450880,-14.64923,113.96151,-0.76945,0.58542,-0.80934,-0.04131,0.02328,-0.14802,0.81666,0.00816,
1703262334840948480,-14.66596,114.07157,-0.77087,0.58522,-0.80935,-0.04335,0.02441,-0.09671,0.82274,-0.02312,
1703262334974447616,-14.68289,114.18061,-0.77228,0.58461,-0.80974,-0.04439,0.02425,-0.15718,0.80249,0.02153,
1703262335107948288,-14.70842,114.28840,-0.77013,0.58538,-0.80903,-0.04654,0.02535,-0.16234,0.80349,-0.00055,
1703262335241450752,-14.72315,114.39791,-0.76758,0.58568,-0.80868,-0.04825,0.02611,-0.06426,0.81384,0.03524,
1703262335374955008,-14.72835,114.50742,-0.76844,0.58497,-0.80930,-0.04689,0.02554,-0.02180,0.80620,-0.00964,
1703262335508433408,-14.74164,114.61679,-0.76858,0.58537,-0.80897,-0.04677,0.02690,-0.12981,0.83868,-0.00415,
1703262335641860608,-14.75391,114.73120,-0.77046,0.58515,-0.80897,-0.04814,0.02898,-0.03479,0.87118,-0.03643,
1703262335775287808,-14.76110,114.84664,-0.77189,0.58522,-0.80900,-0.04651,0.02944,-0.07162,0.86590,-0.00316,
1703262335908714752,-14.77705,114.96369,-0.77159,0.58479,-0.80934,-0.04669,0.02849,-0.14650,0.85294,0.00161,
1703262336042141952,-14.79805,115.08008,-0.77315,0.58440,-0.80947,-0.04836,0.02977,-0.11983,0.85180,-0.00258,
1703262336175568640,-14.81171,115.19944,-0.77347,0.58415,-0.80960,-0.04875,0.03080,-0.04234,0.86457,-0.00641,
1703262336308995328,-14.82039,115.31699,-0.77308,0.58450,-0.80938,-0.04816,0.03082,-0.08228,0.88950,-0.01120,
1703262336442422016,-14.83426,115.43442,-0.77467,0.58411,-0.80969,-0.04779,0.03048,-0.13188,0.85628,0.00133,
1703262336575850752,-14.85704,115.55120,-0.77492,0.58420,-0.80949,-0.04959,0.03131,-0.18714,0.88586,-0.00827,
1703262336709280000,-14.87689,115.66933,-0.77486,0.58402,-0.80948,-0.05153,0.03187,-0.11942,0.87476,-0.00286,
1703262336842708992,-14.89402,115.78809,-0.77783,0.58322,-0.80996,-0.05245,0.03265,-0.11100,0.86618,0.00191,
1703262336976137984,-14.90456,115.90672,-0.77910,0.58393,-0.80959,-0.05124,0.03102,-0.08222,0.90505,-0.02371,
1703262337109566720,-14.91771,116.02724,-0.78180,0.58333,-0.81006,-0.05089,0.03069,-0.09723,0.89331,-0.02430,
1703262337242995456,-14.92885,116.14423,-0.78088,0.58378,-0.80975,-0.05060,0.03080,-0.09509,0.89822,-0.03860,
1703262337376424192,-14.94067,116.26122,-0.78070,0.58390,-0.80962,-0.05113,0.03103,-0.09094,0.88227,0.00446,
1703262337509857280,-14.95300,116.38045,-0.78013,0.58382,-0.80967,-0.05088,0.03156,-0.08128,0.89215,0.01740,
1703262337643300096,-14.96685,116.50041,-0.77932,0.58393,-0.80955,-0.05122,0.03215,-0.09862,0.90179,-0.00178,
1703262337776743168,-14.98572,116.61771,-0.77892,0.58396,-0.80947,-0.05172,0.03280,-0.15860,0.88145,0.01384,
1703262337910186496,-15.00600,116.73728,-0.77775,0.58458,-0.80884,-0.05283,0.03535,-0.12906,0.90710,-0.01632,
1703262338043630080,-15.01917,116.85798,-0.77621,0.58510,-0.80839,-0.05335,0.03620,-0.04761,0.90422,-0.01578,
1703262338177074176,-15.02835,116.98129,-0.78181,0.58375,-0.80956,-0.05171,0.03426,-0.13578,0.91991,-0.02573,
1703262338310518528,-15.05064,117.09944,-0.77933,0.58507,-0.80847,-0.05341,0.03477,-0.18735,0.91693,-0.01271,
1703262338443962880,-15.07274,117.22074,-0.77812,0.58518,-0.80833,-0.05482,0.03404,-0.13712,0.91055,0.01248,
1703262338577410816,-15.08892,117.34230,-0.77853,0.58517,-0.80834,-0.05517,0.03344,-0.11652,0.87718,0.03115,
1703262338710859008,-15.10528,117.46495,-0.77857,0.58529,-0.80817,-0.05628,0.03349,-0.12620,0.92685,-0.00031,
1703262338844308224,-15.12083,117.58419,-0.77869,0.58512,-0.80826,-0.05660,0.03403,-0.11502,0.89261,-0.00485,
1703262338977757440,-15.12802,117.70754,-0.78529,0.58382,-0.80931,-0.05482,0.03417,-0.05184,0.93485,-0.01324,
1703262339111207168,-15.13168,117.82946,-0.78375,0.58455,-0.80896,-0.05272,0.03320,-0.02573,0.92155,-0.02438,
1703262339244657408,-15.13807,117.95327,-0.78219,0.58438,-0.80922,-0.05187,0.03128,-0.09158,0.91650,0.01384,
1703262339378108160,-15.14920,118.07401,-0.78316,0.58469,-0.80905,-0.05152,0.03037,-0.11106,0.91360,-0.03406,
1703262339511559168,-15.16193,118.19605,-0.78811,0.58376,-0.80971,-0.05150,0.03075,-0.06407,0.89268,0.01612,
1703262339645012736,-15.16777,118.31319,-0.78598,0.58444,-0.80928,-0.05060,0.03055,-0.03393,0.90700,-0.02147,
1703262339778466304,-15.16813,118.42693,-0.78150,0.58504,-0.80898,-0.04778,0.03147,-0.04709,0.84944,0.01290,
1703262339911920384,-15.17169,118.54190,-0.78588,0.58391,-0.80997,-0.04690,0.02815,-0.03990,0.87844,-0.07359,
1703262340045375232,-15.17955,118.65780,-0.79054,0.58377,-0.81021,-0.04548,0.02653,-0.19621,0.88684,-0.06095,
1703262340178830336,-15.20341,118.77223,-0.78918,0.58366,-0.81006,-0.04822,0.02868,-0.19418,0.88829,-0.04763,
1703262340312285952,-15.21665,118.88778,-0.79280,0.58337,-0.81020,-0.04939,0.02869,-0.03335,0.87231,0.00340,
1703262340445742080,-15.22302,119.00435,-0.79292,0.58282,-0.81075,-0.04792,0.02666,-0.06542,0.85121,0.01743,
1703262340579192064,-15.23861,119.11880,-0.79232,0.58353,-0.81025,-0.04818,0.02579,-0.13999,0.87456,-0.01033,
1703262340712640768,-15.25657,119.23208,-0.79306,0.58264,-0.81084,-0.04966,0.02445,-0.11375,0.83074,0.00139,
1703262340846090240,-15.26729,119.34306,-0.79249,0.58372,-0.81009,-0.04938,0.02430,-0.04763,0.86151,-0.00784,
1703262340979540224,-15.26843,119.45311,-0.78652,0.58461,-0.80957,-0.04775,0.02328,0.03700,0.73507,0.12823,
1703262341112989952,-15.26627,119.56400,-0.78995,0.58395,-0.81025,-0.04539,0.02086,0.02998,0.88623,-0.11381,
1703262341246440448,-15.26214,119.67758,-0.79248,0.58408,-0.81035,-0.04307,0.01801,0.01570,0.87534,-0.03739,
1703262341379891456,-15.26129,119.78981,-0.79327,0.58417,-0.81042,-0.04118,0.01625,-0.01843,0.85599,-0.01645,
1703262341513340672,-15.25980,119.90400,-0.79487,0.58389,-0.81071,-0.03977,0.01527,0.05729,0.85702,-0.01183,
1703262341646787072,-15.24795,120.01680,-0.79606,0.58307,-0.81149,-0.03624,0.01425,0.10668,0.80557,0.02910,
1703262341780233472,-15.22688,120.11850,-0.78999,0.58433,-0.81083,-0.03082,0.01279,0.18651,0.74805,0.04970,
1703262341913679872,-15.20325,120.21929,-0.78951,0.58547,-0.81025,-0.02542,0.00828,0.11069,0.79499,-0.05441,
1703262342047127040,-15.19995,120.32610,-0.79310,0.58498,-0.81072,-0.02260,0.00390,-0.14854,0.76368,0.01830,
1703262342180573952,-15.22246,120.42807,-0.79290,0.58647,-0.80952,-0.02663,0.00459,-0.18656,0.80877,-0.02321,
1703262342314021632,-15.24321,120.53287,-0.79408,0.58662,-0.80924,-0.03085,0.00717,-0.07890,0.79213,0.00367,
1703262342447469312,-15.24858,120.63809,-0.79343,0.58626,-0.80950,-0.03139,0.00571,-0.00285,0.76871,0.00405,
1703262342580912128,-15.25417,120.73672,-0.78959,0.58726,-0.80883,-0.02996,0.00442,-0.10968,0.74841,0.01133,
1703262342714353920,-15.27021,120.83778,-0.78887,0.58696,-0.80895,-0.03250,0.00548,-0.12247,0.77464,-0.04527,
1703262342847795456,-15.28272,120.93867,-0.79094,0.58676,-0.80900,-0.03444,0.00684,-0.02788,0.75637,-0.01003,
1703262342981237504,-15.28388,121.04100,-0.79219,0.58625,-0.80946,-0.03225,0.00660,-0.04754,0.77614,-0.02398,
1703262343114679296,-15.30006,121.14032,-0.79355,0.58619,-0.80938,-0.03477,0.00831,-0.09925,0.73451,0.01675,
1703262343248121600,-15.31149,121.24104,-0.79416,0.58675,-0.80895,-0.03555,0.00848,-0.06587,0.77676,-0.02172,
1703262343381563648,-15.32466,121.34420,-0.79726,0.58595,-0.80953,-0.03564,0.00734,-0.11424,0.74798,0.03142,
1703262343515004672,-15.34422,121.44181,-0.79321,0.58697,-0.80866,-0.03853,0.00702,-0.17201,0.75432,-0.03148,
1703262343648441600,-15.36232,121.54317,-0.79783,0.58592,-0.80925,-0.04128,0.01094,-0.10478,0.78315,-0.03655,
1703262343781878528,-15.37085,121.64572,-0.79532,0.58622,-0.80898,-0.04173,0.01286,-0.05428,0.77769,-0.01897,
1703262343915315200,-15.37471,121.74829,-0.80088,0.58413,-0.81044,-0.04157,0.01548,0.01255,0.69282,0.03460,
1703262344048752128,-15.37952,121.84514,-0.80016,0.58443,-0.81023,-0.04088,0.01713,-0.06983,0.75206,-0.06673,
1703262344182188544,-15.39191,121.94502,-0.80327,0.58395,-0.81057,-0.04108,0.01710,-0.08599,0.71902,0.05591,
1703262344315625216,-15.39955,122.04653,-0.80128,0.58503,-0.80991,-0.03964,0.01430,-0.09667,0.78708,-0.02623,
1703262344449061888,-15.41862,122.14930,-0.80183,0.58518,-0.80968,-0.04193,0.01510,-0.16665,0.79628,-0.00334,
1703262344582492672,-15.43819,122.25544,-0.80334,0.58493,-0.80970,-0.04447,0.01638,-0.12092,0.82188,-0.01111,
1703262344715921664,-15.45301,122.36376,-0.80340,0.58459,-0.80991,-0.04503,0.01667,-0.09830,0.82114,0.01511,
1703262344849350144,-15.46789,122.47201,-0.80087,0.58519,-0.80942,-0.04577,0.01724,-0.15080,0.81426,0.00944,
1703262344982778368,-15.49019,122.58290,-0.80212,0.58494,-0.80934,-0.04910,0.02011,-0.16875,0.83322,0.00961,
1703262345116206080,-15.50866,122.69481,-0.79930,0.58536,-0.80888,-0.05106,0.02167,-0.12641,0.83954,0.02627,
1703262345249633280,-15.52687,122.80954,-0.79803,0.58540,-0.80877,-0.05157,0.02312,-0.14850,0.85523,0.01899,
1703262345383060224,-15.54886,122.92503,-0.79608,0.58638,-0.80787,-0.05359,0.02503,-0.16132,0.88987,-0.01638,
1703262345516488192,-15.56804,123.04337,-0.79563,0.58600,-0.80808,-0.05494,0.02443,-0.14154,0.86353,0.01544,
1703262345649917952,-15.58970,123.16043,-0.79287,0.58705,-0.80721,-0.05534,0.02699,-0.19216,0.88639,0.01719,
1703262345783347456,-15.61388,123.27945,-0.79245,0.58667,-0.80727,-0.05840,0.02678,-0.14668,0.93496,-0.06168,
1703262345916776960,-15.63032,123.40055,-0.79690,0.58515,-0.80847,-0.05796,0.02509,-0.15260,0.87909,0.02245,
1703262346050205696,-15.65371,123.51982,-0.79852,0.58555,-0.80797,-0.05965,0.02761,-0.21671,0.92459,-0.02432,
1703262346183634432,-15.68113,123.64176,-0.79977,0.58519,-0.80788,-0.06334,0.02950,-0.18955,0.92409,-0.01785,
1703262346317063168,-15.70805,123.76325,-0.79734,0.58592,-0.80712,-0.06482,0.03236,-0.19273,0.89007,0.06175,
1703262346450491136,-15.72806,123.88766,-0.79789,0.58635,-0.80674,-0.06496,0.03377,-0.11957,0.99255,-0.06403,
1703262346583917824,-15.74346,124.01242,-0.79336,0.58732,-0.80610,-0.06483,0.03264,-0.11731,0.89992,0.07350,
1703262346717343488,-15.76555,124.13478,-0.79123,0.58768,-0.80577,-0.06470,0.03434,-0.17877,0.89796,0.01664,
1703262346850768640,-15.77917,124.25728,-0.79009,0.58789,-0.80561,-0.06495,0.03400,0.00609,0.96842,-0.07298,
1703262346984193024,-15.76875,124.38549,-0.79577,0.58627,-0.80737,-0.05939,0.03021,0.07142,0.92276,0.01106,
1703262347117617152,-15.77141,124.51308,-0.79734,0.58614,-0.80777,-0.05557,0.02932,-0.11769,0.96508,-0.03064,
1703262347251041024,-15.79038,124.63870,-0.79463,0.58618,-0.80760,-0.05691,0.03052,-0.12782,0.91144,0.04172,
1703262347384464384,-15.80019,124.76618,-0.80047,0.58501,-0.80855,-0.05623,0.02921,-0.06397,0.95869,-0.04341,
1703262347517887744,-15.80892,124.89002,-0.79786,0.58615,-0.80783,-0.05429,0.02982,-0.12038,0.89371,0.03088,
1703262347651311872,-15.83214,125.01551,-0.80016,0.58582,-0.80788,-0.05691,0.03018,-0.17649,0.99533,-0.07084,
1703262347784735488,-15.85306,125.14270,-0.80170,0.58564,-0.80786,-0.05777,0.03229,-0.14264,0.94592,0.00463,
1703262347918158592,-15.85970,125.27273,-0.80305,0.58611,-0.80778,-0.05541,0.02998,0.01781,0.99139,-0.04292,
1703262348051581184,-15.85476,125.40880,-0.81077,0.58394,-0.80972,-0.05149,0.02671,-0.00180,0.97011,-0.01258,
1703262348185003264,-15.85550,125.53980,-0.80944,0.58526,-0.80891,-0.04994,0.02534,-0.05897,0.99221,-0.02112,
1703262348318424832,-15.86170,125.67492,-0.81620,0.58359,-0.81022,-0.04873,0.02414,-0.02352,0.97565,-0.01117,
1703262348451846400,-15.86288,125.80638,-0.81932,0.58232,-0.81123,-0.04713,0.02431,0.05251,0.97960,-0.00930,
1703262348585266176,-15.85065,125.93480,-0.82023,0.58367,-0.81052,-0.04376,0.02170,0.14811,0.97738,-0.02258,
1703262348718684416,-15.84657,126.07184,-0.82343,0.58244,-0.81173,-0.03928,0.01764,-0.05238,0.98288,-0.02574,
1703262348918810880,-15.86924,126.27410,-0.83141,0.58069,-0.81287,-0.04061,0.02002,-0.11537,0.98173,0.01762,
1703262349052227584,-15.87322,126.40649,-0.83014,0.58229,-0.81171,-0.04099,0.01960,0.07035,1.02515,-0.03823,
1703262349185643776,-15.87226,126.54312,-0.83407,0.58083,-0.81300,-0.03701,0.01696,-0.09205,1.00072,-0.01190,
1703262349319059200,-15.89189,126.67475,-0.83470,0.58174,-0.81230,-0.03836,0.01683,-0.15783,1.03856,-0.05093,
1703262349452473856,-15.91170,126.80678,-0.83427,0.58141,-0.81237,-0.04077,0.01889,-0.13994,0.94809,0.04477,
1703262349585888512,-15.92142,126.94156,-0.83713,0.58062,-0.81292,-0.04123,0.01835,0.01363,0.96347,0.04097,
1703262349719302912,-15.92058,127.07585,-0.83723,0.58173,-0.81237,-0.03776,0.01518,0.01817,1.05386,-0.03444,
1703262349852716544,-15.92546,127.21273,-0.83771,0.58202,-0.81226,-0.03558,0.01475,-0.14129,1.00386,-0.01192,
1703262349986129152,-15.94698,127.34732,-0.83739,0.58231,-0.81188,-0.03833,0.01701,-0.19178,1.01092,0.01444,
1703262350119540992,-15.96559,127.48228,-0.83662,0.58242,-0.81164,-0.04114,0.01830,-0.08596,0.99792,0.02473,
1703262350252952320,-15.97082,127.61676,-0.83332,0.58360,-0.81089,-0.03914,0.01807,-0.03842,1.02580,0.00366,
1703262350386362624,-15.97835,127.75417,-0.83777,0.58338,-0.81111,-0.03850,0.01721,-0.09723,1.07818,-0.06908,
1703262350519780864,-15.99298,127.88919,-0.83758,0.58372,-0.81080,-0.03972,0.01716,-0.10831,1.05546,-0.05396,
1703262350653228544,-16.01013,128.02781,-0.83909,0.58315,-0.81117,-0.04077,0.01672,-0.09615,1.00491,0.03227,
1703262350786677248,-16.02504,128.16080,-0.83861,0.58406,-0.81048,-0.04121,0.01707,-0.11257,0.98875,0.01980,
1703262350920127232,-16.03934,128.29838,-0.84089,0.58383,-0.81060,-0.04196,0.01747,-0.06406,1.04535,-0.01210,
1703262351053577984,-16.04844,128.43537,-0.84184,0.58409,-0.81043,-0.04148,0.01797,-0.07860,1.03041,-0.01670,
1703262351187029504,-16.06094,128.57402,-0.84400,0.58368,-0.81077,-0.04110,0.01684,-0.09208,1.04077,-0.02928,
1703262351320482560,-16.07780,128.71049,-0.84809,0.58366,-0.81074,-0.04171,0.01742,-0.16205,1.02743,-0.02083,
1703262351453936128,-16.09859,128.84608,-0.84977,0.58370,-0.81052,-0.04451,0.01946,-0.16112,1.00569,-0.00003,
1703262351587364352,-16.11921,128.97927,-0.85166,0.58337,-0.81060,-0.04670,0.02050,-0.13034,0.98771,0.01596,
1703262351720782080,-16.13645,129.11102,-0.85196,0.58351,-0.81045,-0.04714,0.02175,-0.12700,0.98889,0.00075,
1703262351854198784,-16.15338,129.24009,-0.84932,0.58423,-0.80987,-0.04804,0.02203,-0.16142,0.99218,-0.01706,
1703262351987615232,-16.17285,129.36910,-0.84756,0.58500,-0.80919,-0.04945,0.02322,-0.17036,0.98702,-0.02098,
1703262352121030656,-16.19452,129.49891,-0.84695,0.58514,-0.80892,-0.05203,0.02358,-0.11875,0.93710,0.04074,
1703262352254445568,-16.21272,129.62997,-0.85008,0.58460,-0.80926,-0.05258,0.02399,-0.11912,0.95876,0.01340,
1703262352387859712,-16.22688,129.76090,-0.85118,0.58442,-0.80938,-0.05253,0.02424,-0.08214,0.96462,-0.00878,
1703262352521274624,-16.23149,129.89121,-0.85032,0.58490,-0.80917,-0.05096,0.02325,0.01093,0.98525,-0.04097,
1703262352654693632,-16.22510,130.02017,-0.84890,0.58508,-0.80934,-0.04727,0.02059,0.03559,0.92346,0.03548,
1703262352788111872,-16.22354,130.14142,-0.84748,0.58589,-0.80896,-0.04456,0.01791,-0.03224,0.89718,-0.02483,
1703262352921529344,-16.24598,130.25829,-0.84770,0.58625,-0.80853,-0.04623,0.02133,-0.30756,0.91953,-0.11286,
1703262353054946304,-16.28058,130.37579,-0.85256,0.58519,-0.80887,-0.05143,0.02526,-0.14690,0.91046,-0.02607,
1703262353188362752,-16.28062,130.49417,-0.85006,0.58569,-0.80876,-0.04853,0.02277,0.05117,0.87999,-0.00455,
1703262353321778432,-16.28285,130.61620,-0.85314,0.58515,-0.80937,-0.04571,0.02103,-0.12572,0.88038,-0.00631,
1703262353455193856,-16.30879,130.73275,-0.85280,0.58565,-0.80871,-0.04934,0.02369,-0.24991,0.85040,0.01055,
1703262353588618240,-16.33201,130.84644,-0.85271,0.58560,-0.80849,-0.05291,0.02495,-0.08306,0.85798,-0.00340,
1703262353722046208,-16.33419,130.95811,-0.85096,0.58628,-0.80821,-0.05049,0.02305,0.01398,0.84447,0.00331,
1703262353855473408,-16.33304,131.06768,-0.84868,0.58673,-0.80813,-0.04783,0.01966,-0.00963,0.83004,-0.02150,
1703262353988901120,-16.33944,131.17596,-0.85083,0.58624,-0.80860,-0.04657,0.01793,-0.09141,0.80941,-0.01763,
1703262354122328576,-16.34796,131.28246,-0.85242,0.58604,-0.80874,-0.04662,0.01801,-0.04152,0.81053,-0.01308,
1703262354255755776,-16.34540,131.39184,-0.85357,0.58617,-0.80876,-0.04464,0.01797,0.04706,0.81387,-0.01269,
1703262354389182464,-16.34595,131.50226,-0.85526,0.58608,-0.80889,-0.04346,0.01786,-0.05323,0.81159,-0.01655,
1703262354522610432,-16.35929,131.60719,-0.85712,0.58554,-0.80925,-0.04406,0.01778,-0.14355,0.77720,-0.00541,
1703262354656043264,-16.37456,131.70679,-0.85784,0.58547,-0.80927,-0.04514,0.01637,-0.08134,0.76557,-0.04471,
1703262354789476352,-16.38302,131.80365,-0.85787,0.58457,-0.81001,-0.04422,0.01430,-0.07942,0.66502,0.02995,
1703262354922909184,-16.40220,131.89381,-0.85563,0.58505,-0.80951,-0.04695,0.01407,-0.17960,0.63633,0.05089,
1703262355056342272,-16.42225,131.97718,-0.85362,0.58696,-0.80783,-0.05073,0.01773,-0.10447,0.67634,-0.02329,
1703262355189775104,-16.42991,132.07097,-0.85568,0.58624,-0.80824,-0.05174,0.01964,-0.00344,0.69055,0.01310,
1703262355323208448,-16.42888,132.16209,-0.85525,0.58663,-0.80818,-0.04866,0.01824,-0.02692,0.71760,-0.05433,
1703262355456641536,-16.43066,132.25607,-0.85775,0.58584,-0.80892,-0.04605,0.01755,-0.01419,0.70359,-0.02398,
1703262355590077952,-16.43690,132.34705,-0.85734,0.58604,-0.80875,-0.04649,0.01791,-0.00352,0.65980,0.02288,
1703262355723516416,-16.43329,132.43838,-0.85622,0.58603,-0.80884,-0.04520,0.01725,0.04134,0.68834,-0.02735,
1703262355856954880,-16.43584,132.52857,-0.85583,0.58610,-0.80889,-0.04395,0.01571,-0.08661,0.68753,-0.03714,
1703262355990393856,-16.45185,132.61733,-0.85782,0.58513,-0.80961,-0.04422,0.01431,-0.13487,0.62422,0.01081,
1703262356123832832,-16.46773,132.70297,-0.85943,0.58462,-0.80989,-0.04559,0.01446,-0.10937,0.62854,0.01283,
1703262356257272320,-16.47892,132.78729,-0.85756,0.58558,-0.80909,-0.04724,0.01544,-0.05225,0.62547,0.01506,
1703262356390712064,-16.48801,132.87412,-0.85741,0.58605,-0.80865,-0.04828,0.01719,-0.07985,0.67365,-0.02223,
1703262356524152064,-16.49744,132.96603,-0.86123,0.58517,-0.80926,-0.04842,0.01826,-0.04246,0.69250,0.00657,
1703262356657593344,-16.50246,133.05787,-0.86137,0.58557,-0.80910,-0.04647,0.01719,-0.04236,0.70341,-0.00967,
1703262356791034880,-16.51422,133.15102,-0.85926,0.58599,-0.80870,-0.04802,0.01792,-0.09584,0.68090,0.01357,
1703262356924476928,-16.52239,133.24162,-0.85880,0.58605,-0.80857,-0.04906,0.01880,-0.06666,0.66441,-0.00093,
1703262357057919232,-16.53236,133.33726,-0.86325,0.58509,-0.80929,-0.04853,0.01908,-0.13070,0.71909,-0.02174,
1703262357191361792,-16.54788,133.43082,-0.86228,0.58515,-0.80921,-0.04935,0.01848,-0.10758,0.68855,0.00770,
1703262357324804608,-16.55994,133.52350,-0.86341,0.58521,-0.80917,-0.04969,0.01754,-0.05682,0.71047,-0.02761,
1703262357458247680,-16.57005,133.61944,-0.86626,0.58465,-0.80960,-0.04925,0.01781,-0.08787,0.71999,-0.01229,
1703262357591689472,-16.58090,133.71648,-0.86758,0.58452,-0.80964,-0.04971,0.01848,-0.08704,0.74159,-0.02636,
1703262357725130752,-16.59361,133.81494,-0.86788,0.58490,-0.80934,-0.05004,0.01880,-0.11162,0.72321,0.01828,
1703262357858572544,-16.61012,133.91745,-0.86830,0.58532,-0.80889,-0.05173,0.02068,-0.10313,0.78953,-0.01406,
1703262357992014592,-16.62198,134.02230,-0.86940,0.58480,-0.80923,-0.05225,0.02062,-0.09574,0.76949,0.01162,
1703262358125457152,-16.63790,134.12653,-0.86710,0.58516,-0.80895,-0.05263,0.02036,-0.15025,0.77364,0.02662,
1703262358258899968,-16.65256,134.23042,-0.86429,0.58596,-0.80833,-0.05320,0.02031,-0.09631,0.77571,0.00982,
1703262358392342784,-16.66472,134.33780,-0.86488,0.58603,-0.80824,-0.05374,0.02072,-0.08678,0.82048,-0.00400,
1703262358525786112,-16.67242,134.44375,-0.86242,0.58660,-0.80792,-0.05300,0.01865,-0.05841,0.77790,0.02728,
1703262358659230464,-16.68319,134.54981,-0.86399,0.58721,-0.80755,-0.05182,0.01876,-0.13155,0.79477,0.01128,
1703262358792675328,-16.70078,134.66006,-0.86507,0.58699,-0.80752,-0.05412,0.02052,-0.09919,0.81030,0.03166,
1703262358926120192,-16.70796,134.77097,-0.86314,0.58756,-0.80717,-0.05355,0.01982,-0.02281,0.84274,-0.00493,
1703262359059566080,-16.71614,134.88096,-0.86243,0.58760,-0.80731,-0.05124,0.01891,-0.08904,0.81473,-0.01750,
1703262359193011712,-16.73108,134.98858,-0.85727,0.58865,-0.80644,-0.05201,0.02079,-0.08337,0.78371,0.03426,
1703262359326457856,-16.74087,135.10268,-0.86669,0.58681,-0.80778,-0.05296,0.01872,-0.04350,0.87040,-0.06498,
1703262359459904256,-16.75708,135.21423,-0.86549,0.58800,-0.80691,-0.05250,0.01979,-0.19164,0.86312,-0.02884,
1703262359593347584,-16.78641,135.32698,-0.86553,0.58751,-0.80699,-0.05669,0.01977,-0.19670,0.79363,0.05278,
1703262359726789888,-16.81149,135.43400,-0.86305,0.58822,-0.80638,-0.05793,0.01999,-0.20704,0.81280,-0.03833,
1703262359860232704,-16.83853,135.54644,-0.87198,0.58691,-0.80702,-0.06068,0.02405,-0.12912,0.86887,-0.06558,
1703262359993675520,-16.84746,135.66032,-0.87239,0.58672,-0.80716,-0.06068,0.02395,-0.02443,0.85162,0.01181,
1703262360127118848,-16.85796,135.77440,-0.87424,0.58695,-0.80714,-0.05928,0.02254,-0.16011,0.82213,0.02356,
1703262360260562176,-16.88513,135.88825,-0.87761,0.58617,-0.80749,-0.06165,0.02368,-0.20369,0.83575,-0.01905,
1703262360394006016,-16.90469,136.00169,-0.87729,0.58635,-0.80717,-0.06326,0.02581,-0.09024,0.86648,-0.03723,
1703262360527449600,-16.91102,136.11585,-0.87902,0.58580,-0.80774,-0.06101,0.02599,-0.05167,0.83291,-0.02045,
1703262360660892416,-16.92224,136.22928,-0.87938,0.58659,-0.80728,-0.06000,0.02469,-0.16248,0.86727,-0.04583,
1703262360794335744,-16.95071,136.34463,-0.88486,0.58532,-0.80789,-0.06347,0.02625,-0.26625,0.81801,0.03723,
1703262360927779328,-16.97671,136.45758,-0.88480,0.58522,-0.80767,-0.06624,0.02817,-0.16502,0.89579,-0.02477,
1703262361061223424,-16.99007,136.57154,-0.88274,0.58499,-0.80784,-0.06549,0.02980,-0.06324,0.83664,-0.00750,
1703262361194667520,-17.00185,136.68605,-0.88453,0.58497,-0.80780,-0.06551,0.03120,-0.08846,0.84245,0.01937,
1703262361328111872,-17.02042,136.80109,-0.88165,0.58629,-0.80684,-0.06587,0.03055,-0.22244,0.85404,0.02430,
1703262361461556480,-17.04959,136.91681,-0.88123,0.58591,-0.80694,-0.06816,0.03028,-0.20466,0.84886,0.01105,
1703262361595000064,-17.06319,137.02900,-0.88085,0.58662,-0.80660,-0.06779,0.02591,-0.05268,0.87243,-0.06845,
1703262361728443136,-17.07370,137.14288,-0.88267,0.58691,-0.80655,-0.06621,0.02521,-0.14748,0.83473,0.01213,
1703262361861886208,-17.09135,137.25731,-0.88654,0.58593,-0.80688,-0.06923,0.02883,-0.05128,0.85653,0.02516,
1703262361995329792,-17.09086,137.37390,-0.88952,0.58575,-0.80732,-0.06646,0.02670,0.02891,0.87846,-0.05473,
1703262362128773632,-17.08383,137.49214,-0.89242,0.58617,-0.80761,-0.06016,0.02363,0.07533,0.90264,-0.02629,
1703262362262217728,-17.07391,137.61231,-0.89328,0.58618,-0.80798,-0.05591,0.02083,0.11441,0.87800,0.02616,
1703262362395662080,-17.06041,137.73354,-0.89374,0.58566,-0.80874,-0.05138,0.01733,0.07123,0.88057,0.01187,
1703262362529105152,-17.05616,137.84682,-0.88921,0.58755,-0.80768,-0.04761,0.01298,-0.03757,0.83864,0.00653,
1703262362662538752,-17.06932,137.96460,-0.89002,0.58794,-0.80736,-0.04775,0.01453,-0.18192,0.90148,-0.04554,
1703262362795972352,-17.09143,138.08286,-0.88859,0.58798,-0.80703,-0.05195,0.01648,-0.07931,0.86048,0.03382,
1703262362929406208,-17.09513,138.19928,-0.89053,0.58783,-0.80716,-0.05062,0.01936,-0.00258,0.87164,-0.02408,
1703262363062839808,-17.09461,138.31771,-0.89504,0.58735,-0.80772,-0.04762,0.01860,-0.03643,0.90832,-0.03945,
1703262363262990336,-17.12372,138.49649,-0.89654,0.58633,-0.80830,-0.04975,0.01987,-0.18095,0.85096,0.01542,
1703262363396423936,-17.14513,138.60713,-0.89327,0.58720,-0.80748,-0.05173,0.02219,-0.09734,0.83859,0.02567,
1703262363529857792,-17.15140,138.72083,-0.88705,0.58845,-0.80674,-0.04983,0.02043,-0.03288,0.82150,0.08372,
1703262363663295232,-17.16201,138.83995,-0.88971,0.58755,-0.80751,-0.04892,0.01768,-0.09178,0.87218,-0.03460,
1703262363796732416,-17.17663,138.95725,-0.89071,0.58705,-0.80787,-0.04964,0.01584,-0.13748,0.83272,0.01208,
1703262363930169600,-17.19969,139.07082,-0.88934,0.58771,-0.80719,-0.05201,0.01811,-0.17892,0.85242,0.00973,
1703262364063607296,-17.21792,139.18561,-0.88653,0.58808,-0.80663,-0.05502,0.02179,-0.03931,0.86851,0.00430,
1703262364197044480,-17.21974,139.30368,-0.88429,0.58842,-0.80657,-0.05266,0.02088,-0.00229,0.84785,0.04080,
1703262364330481920,-17.22867,139.42160,-0.88652,0.58810,-0.80698,-0.05076,0.01876,-0.15980,0.87034,-0.01274,
1703262364463919360,-17.25262,139.53619,-0.88761,0.58775,-0.80708,-0.05325,0.01817,-0.15502,0.84357,-0.00308,
1703262364597355776,-17.26791,139.65075,-0.88755,0.58799,-0.80680,-0.05465,0.01907,-0.06919,0.88683,-0.04059,
1703262364730791680,-17.27428,139.76272,-0.88485,0.58795,-0.80692,-0.05365,0.01755,-0.03075,0.80365,0.02034,
1703262364864227584,-17.28616,139.87271,-0.88724,0.58804,-0.80680,-0.05339,0.02087,-0.13373,0.83350,-0.03182,
1703262364997663488,-17.30089,139.98822,-0.89024,0.58813,-0.80653,-0.05497,0.02435,-0.10112,0.88873,-0.01453,
1703262365131099392,-17.30995,140.10740,-0.89074,0.58782,-0.80683,-0.05381,0.02436,-0.06723,0.89822,-0.03778,
1703262365264535296,-17.32397,140.22680,-0.89164,0.58717,-0.80735,-0.05324,0.02439,-0.14021,0.88624,-0.02867,
1703262365397970944,-17.33923,140.34490,-0.89508,0.58649,-0.80770,-0.05416,0.02673,-0.12098,0.87176,-0.02417,
1703262365531406336,-17.35416,140.46080,-0.89504,0.58689,-0.80725,-0.05552,0.02885,-0.08011,0.89213,-0.01618,
1703262365664838144,-17.36654,140.58150,-0.89746,0.58634,-0.80772,-0.05490,0.02797,-0.07853,0.89531,0.03260,
1703262365798269440,-17.38018,140.69813,-0.89187,0.58730,-0.80716,-0.05397,0.02574,-0.10661,0.86585,0.02045,
1703262365931700992,-17.39165,140.81237,-0.89090,0.58748,-0.80700,-0.05399,0.02644,-0.02637,0.83063,-0.01696,
1703262366065132032,-17.38051,140.93294,-0.89838,0.58562,-0.80859,-0.05033,0.02662,0.16615,0.89721,-0.02120,
1703262366198563072,-17.35693,141.05156,-0.89662,0.58603,-0.80886,-0.04298,0.02148,0.14318,0.90198,-0.05641,
1703262366331993856,-17.34926,141.16971,-0.89636,0.58663,-0.80874,-0.03820,0.01854,-0.06016,0.82393,0.07012,
1703262366465424896,-17.36297,141.28738,-0.89948,0.58599,-0.80914,-0.04064,0.01583,-0.12994,0.93082,-0.09655,
1703262366598851072,-17.38587,141.40201,-0.90022,0.58527,-0.80952,-0.04285,0.01756,-0.20540,0.81243,0.05098,
1703262366732274176,-17.41340,141.50316,-0.88978,0.58769,-0.80754,-0.04628,0.01887,-0.18789,0.79435,0.00547,
1703262366865697024,-17.43453,141.61251,-0.89660,0.58666,-0.80809,-0.04869,0.02102,-0.11276,0.84594,-0.03993,
1703262366999119360,-17.44882,141.72519,-0.89865,0.58572,-0.80861,-0.05006,0.02412,-0.14499,0.86849,-0.04883,
1703262367132541184,-17.47456,141.83697,-0.89938,0.58557,-0.80847,-0.05185,0.02804,-0.28121,0.84450,-0.00987,
1703262367265962752,-17.51520,141.95061,-0.90342,0.58424,-0.80890,-0.05674,0.03358,-0.29873,0.84388,0.01023,
1703262367399384320,-17.55846,142.05779,-0.89827,0.58592,-0.80701,-0.06258,0.03894,-0.36686,0.85497,-0.08452,
1703262367532806144,-17.61683,142.16762,-0.90509,0.58369,-0.80775,-0.07046,0.04346,-0.47161,0.78456,0.01515,
1703262367666234624,-17.67633,142.26690,-0.90031,0.58367,-0.80676,-0.07749,0.04968,-0.44959,0.73936,0.00880,
1703262367799663104,-17.73933,142.36106,-0.90649,0.58155,-0.80702,-0.08663,0.05490,-0.50343,0.63643,-0.03792,
1703262367933091072,-17.80955,142.44393,-0.90401,0.58200,-0.80474,-0.09656,0.06590,-0.59063,0.67500,-0.04906,
1703262368066519040,-17.88415,142.53026,-0.90567,0.58076,-0.80346,-0.10783,0.07445,-0.56261,0.63961,-0.01609,
1703262368199947008,-17.95677,142.61420,-0.90602,0.57919,-0.80279,-0.11683,0.08014,-0.54661,0.58958,0.04397,
1703262368333373952,-18.04012,142.68699,-0.90440,0.57845,-0.80098,-0.12710,0.08758,-0.74845,0.49418,-0.03355,
1703262368466801152,-18.15305,142.74514,-0.90819,0.57582,-0.79880,-0.14459,0.09717,-0.91895,0.41810,-0.05448,
1703262368600228864,-18.26748,142.79699,-0.90653,0.57406,-0.79525,-0.16147,0.10936,-0.78702,0.39942,0.03433,
1703262368733656064,-18.36143,142.85575,-0.90619,0.57134,-0.79287,-0.17390,0.12119,-0.61322,0.47495,-0.01906,
1703262368867083520,-18.44645,142.92097,-0.91069,0.56774,-0.79156,-0.18371,0.13170,-0.66680,0.47719,-0.03070,
1703262369000510464,-18.53443,142.97734,-0.90680,0.56638,-0.78887,-0.19287,0.14035,-0.71444,0.35235,0.03867,
1703262369133937408,-18.64196,143.01501,-0.90496,0.56409,-0.78466,-0.20709,0.15240,-0.83743,0.23980,0.01523,
1703262369267363840,-18.75070,143.04619,-0.90057,0.56215,-0.77991,-0.22222,0.16233,-0.74025,0.23090,0.04592,
1703262369400790016,-18.84759,143.07557,-0.89958,0.55894,-0.77672,-0.23397,0.17193,-0.71180,0.21233,-0.03669,
1703262369534216192,-18.94150,143.10221,-0.90026,0.55618,-0.77333,-0.24670,0.17821,-0.64042,0.24980,-0.01608,
1703262369667642112,-19.03264,143.12911,-0.89979,0.55292,-0.76978,-0.25689,0.18898,-0.74441,0.15992,0.00190,
1703262369801067776,-19.13869,143.15004,-0.90584,0.54836,-0.76597,-0.27177,0.19682,-0.76055,0.16222,0.00420,
1703262369934493184,-19.23964,143.17281,-0.90534,0.54702,-0.76180,-0.28135,0.20314,-0.79426,0.16642,0.00715,
1703262370067918848,-19.35418,143.18513,-0.90417,0.54447,-0.75681,-0.29405,0.21055,-0.90227,0.03127,0.00013,
1703262370201343744,-19.47531,143.18840,-0.90613,0.53958,-0.75033,-0.31098,0.22170,-0.81317,0.04735,0.11375,
1703262370334768640,-19.56346,143.20534,-0.88927,0.53916,-0.74343,-0.31848,0.23492,-0.61534,0.14885,0.10723,
1703262370468192768,-19.66242,143.21576,-0.88881,0.53402,-0.73872,-0.32886,0.24692,-0.79797,-0.01208,-0.02131,
1703262370601618176,-19.76217,143.21525,-0.88899,0.52957,-0.73353,-0.34094,0.25542,-0.65608,0.07137,0.03813,
1703262370735044352,-19.85003,143.22691,-0.88858,0.52618,-0.73004,-0.34762,0.26331,-0.72422,0.10778,-0.06407,
1703262370868469504,-19.95192,143.23496,-0.89110,0.52091,-0.72558,-0.35873,0.27113,-0.80244,0.02227,-0.03031,
1703262371001894656,-20.05279,143.23321,-0.89074,0.51697,-0.72006,-0.37068,0.27723,-0.74827,-0.02264,-0.00123,
1703262371135319552,-20.15393,143.22237,-0.88841,0.51370,-0.71470,-0.38112,0.28295,-0.74406,-0.13232,0.07033,
1703262371268744448,-20.25481,143.20437,-0.88851,0.50993,-0.70864,-0.39189,0.29020,-0.82311,-0.16663,-0.07051,
1703262371402168832,-20.36115,143.18151,-0.89155,0.50566,-0.70144,-0.40514,0.29691,-0.81470,-0.16769,-0.00761,
1703262371535593216,-20.46914,143.16193,-0.89132,0.50151,-0.69384,-0.41714,0.30507,-0.84142,-0.16261,0.00832,
1703262371669018624,-20.57213,143.13858,-0.88377,0.50058,-0.68672,-0.42712,0.30888,-0.78218,-0.22401,0.04600,
1703262371802444288,-20.67978,143.09067,-0.88470,-0.49714,0.67848,0.44118,-0.31284,-0.78061,-0.42268,0.03002,
1703262371935869440,-20.78661,143.03951,-0.88886,-0.49006,0.66857,0.45596,-0.32396,-0.83218,-0.28557,-0.04542,
1703262372069294336,-20.89456,143.01804,-0.89285,-0.48340,0.66137,0.46520,-0.33542,-0.85370,-0.12482,-0.06191,
1703262372202718976,-21.01215,142.99323,-0.89655,-0.47732,0.65455,0.47691,-0.34102,-0.80793,-0.21072,0.04728,
1703262372336143360,-21.11282,142.95574,-0.89246,-0.47300,0.64795,0.48495,-0.34820,-0.75565,-0.40868,0.00611,
1703262372536279808,-21.27074,142.85896,-0.90424,-0.45795,0.63330,0.50658,-0.36414,-0.85112,-0.42979,-0.13010,
1703262372669709824,-21.37749,142.82261,-0.90867,-0.45170,0.62604,0.51577,-0.37151,-0.77558,-0.14590,0.03351,
1703262372803140096,-21.49047,142.79307,-0.91044,-0.44742,0.62075,0.52261,-0.37600,-0.85722,-0.34512,-0.08500,
1703262372936570112,-21.59648,142.73253,-0.91629,-0.43711,0.61247,0.53431,-0.38513,-0.85558,-0.61353,-0.12975,
1703262373069999616,-21.70458,142.64750,-0.92833,-0.42659,0.60086,0.55045,-0.39242,-0.82105,-0.55440,-0.04343,
1703262373203429632,-21.81060,142.58216,-0.92817,-0.41783,0.59222,0.56069,-0.40040,-0.83760,-0.45507,-0.06930,
1703262373336859392,-21.91956,142.52158,-0.93760,-0.40767,0.58470,0.57153,-0.40655,-0.80613,-0.43652,-0.04300,
1703262373470288896,-22.01600,142.46406,-0.93839,-0.40245,0.57797,0.57986,-0.40958,-0.70895,-0.51776,-0.05157,
1703262373603717376,-22.09917,142.38314,-0.93698,-0.39927,0.56728,0.58905,-0.41448,-0.60267,-0.73167,0.06984,
1703262373737143808,-22.17519,142.28035,-0.93286,-0.39164,0.55237,0.60172,-0.42359,-0.59170,-0.77798,0.02813,
1703262373870570496,-22.25493,142.19248,-0.92942,-0.38399,0.54040,0.61121,-0.43237,-0.64943,-0.56665,-0.00418,
1703262374003996928,-22.34247,142.11891,-0.93294,-0.37885,0.53208,0.61824,-0.43720,-0.65203,-0.60873,0.03025,
1703262374137422848,-22.41275,142.03589,-0.91583,-0.37002,0.52006,0.62441,-0.45026,-0.53225,-0.69173,0.06589,
1703262374270849280,-22.48304,141.93659,-0.91258,-0.35876,0.50528,0.63567,-0.46033,-0.54767,-0.66604,0.08721,
1703262374404274944,-22.56611,141.84274,-0.91634,-0.34541,0.49552,0.64392,-0.46959,-0.69823,-0.81844,-0.09839,
1703262374537700608,-22.65111,141.73154,-0.91809,-0.33932,0.48243,0.65296,-0.47515,-0.68259,-0.87732,-0.05208,
1703262374737841664,-22.77660,141.53272,-0.92501,-0.32495,0.46171,0.66924,-0.48306,-0.50825,-1.04372,0.13073,
1703262374871268864,-22.83894,141.38558,-0.91272,-0.31061,0.44124,0.67997,-0.49645,-0.47065,-1.11897,0.07904,
1703262375004695808,-22.89821,141.24373,-0.90559,-0.30036,0.42258,0.69072,-0.50411,-0.49992,-1.01561,-0.00357,
1703262375138122752,-22.95631,141.11786,-0.90829,-0.28990,0.41179,0.69759,-0.50967,-0.45227,-1.05700,-0.12860,
1703262375271549440,-23.00934,140.97296,-0.91611,-0.28076,0.39552,0.70723,-0.51435,-0.37202,-0.99165,0.12762,
1703262375404976384,-23.05299,140.82619,-0.90840,-0.27188,0.37830,0.71648,-0.51925,-0.25093,-1.17779,0.00915,
1703262375538403072,-23.08088,140.67604,-0.90809,-0.26085,0.36148,0.72364,-0.52691,-0.20933,-1.21946,-0.02149,
1703262375671830016,-23.10572,140.51577,-0.90339,-0.24617,0.34101,0.73271,-0.53502,-0.22346,-1.14396,0.05193,
1703262375805256704,-23.13898,140.37005,-0.89501,-0.23651,0.32446,0.73907,-0.54089,-0.26675,-1.03931,0.02702,
1703262375938683136,-23.15882,140.21732,-0.89602,-0.22337,0.30895,0.74605,-0.54595,-0.05747,-1.20591,0.00250,
1703262376072109824,-23.16235,140.05669,-0.90104,-0.20390,0.28878,0.75576,-0.55123,-0.04698,-1.11839,0.04266,
1703262376205536000,-23.17953,139.93262,-0.88777,-0.19101,0.27454,0.75938,-0.55811,-0.26104,-0.78978,0.05956,
1703262376338962176,-23.20144,139.81900,-0.88050,-0.18111,0.26610,0.76130,-0.56286,-0.01548,-0.93150,0.06204,
1703262376472388608,-23.18481,139.68755,-0.87876,-0.17217,0.25079,0.76652,-0.56561,0.28457,-1.18581,-0.10221,
1703262376605815296,-23.14308,139.54868,-0.87924,-0.16900,0.23002,0.77391,-0.56532,0.25612,-0.93360,0.11263,
1703262376739242752,-23.10744,139.42104,-0.87459,-0.16024,0.21141,0.77747,-0.57024,0.22634,-0.96960,0.01912,
1703262376872670208,-23.08543,139.29361,-0.87240,-0.14722,0.19473,0.78218,-0.57324,0.14313,-0.94420,-0.01679,
1703262377006097408,-23.07095,139.17419,-0.87459,-0.13580,0.18256,0.78566,-0.57530,0.14994,-0.91315,-0.03184,
1703262377139524608,-23.04087,139.04500,-0.87651,-0.12254,0.16658,0.79021,-0.57689,0.26857,-0.96069,0.01665,
1703262377272951808,-23.00409,138.91779,-0.87478,-0.10957,0.15019,0.79370,-0.57920,0.26818,-0.93093,0.05163,
1703262377406379264,-22.97599,138.80515,-0.86789,-0.10262,0.13791,0.79572,-0.58075,0.25005,-0.73808,0.09141,
1703262377539806464,-22.92580,138.69606,-0.86672,-0.09300,0.12282,0.79844,-0.58203,0.48145,-0.85801,-0.01935,
1703262377739950336,-22.84120,138.53422,-0.86415,-0.07941,0.09698,0.80109,-0.58528,0.29298,-0.86960,-0.07458,
1703262377873379840,-22.79879,138.42190,-0.86696,-0.06838,0.08451,0.80257,-0.58656,0.35757,-0.84258,0.02513,
1703262378006809344,-22.73483,138.30005,-0.86719,-0.05543,0.06625,0.80520,-0.58667,0.52293,-0.89330,-0.00622,
1703262378140238848,-22.67102,138.18901,-0.86797,-0.04335,0.05184,0.80674,-0.58704,0.49858,-0.82241,-0.01829,
1703262378273668352,-22.60499,138.08105,-0.86864,-0.03012,0.03702,0.80793,-0.58734,0.44650,-0.76029,0.04563,
1703262378407097856,-22.54662,137.97466,-0.86752,-0.01852,0.02267,0.80889,-0.58723,0.43545,-0.76226,-0.00948,
1703262378540525568,-22.48204,137.87138,-0.87177,-0.00574,0.00966,0.81011,-0.58617,0.50943,-0.79251,-0.03635,
1703262378673951488,-22.41630,137.77505,-0.87329,-0.00083,-0.00443,0.81167,-0.58410,0.37806,-0.62687,0.02587,
1703262378807377152,-22.36252,137.69417,-0.86547,0.00309,-0.01415,0.81077,-0.58518,0.44686,-0.58795,0.05030,
1703262378940802816,-22.30072,137.62246,-0.85249,0.01659,-0.02656,0.80707,-0.58962,0.46879,-0.56275,0.05825,
1703262379074227968,-22.24285,137.53562,-0.84992,0.03116,-0.03909,0.80610,-0.58967,0.30463,-0.66151,0.07176,
1703262379207653376,-22.21500,137.44021,-0.84815,0.03544,-0.04169,0.80586,-0.58957,0.18910,-0.75560,-0.05882,
1703262379341078272,-22.18077,137.33999,-0.84873,0.03622,-0.04433,0.80622,-0.58884,0.39288,-0.73974,0.03069,
1703262379474503424,-22.11039,137.23862,-0.84663,0.04377,-0.05629,0.80545,-0.58836,0.56107,-0.75717,0.02133,
1703262379674645760,-22.02773,137.08869,-0.83779,0.05351,-0.06917,0.80418,-0.58791,0.32207,-0.69241,0.13632,
1703262379808073728,-21.99038,136.99444,-0.82215,0.05845,-0.07172,0.80113,-0.59130,0.32581,-0.76693,-0.03115,
1703262379941501696,-21.92315,136.89382,-0.83307,0.06283,-0.08121,0.80232,-0.58800,0.61965,-0.72844,-0.08024,
1703262380074929664,-21.83005,136.79390,-0.84237,0.07705,-0.09555,0.80092,-0.58605,0.68527,-0.85480,-0.06503,
1703262380208357632,-21.76109,136.67583,-0.84922,0.08466,-0.10441,0.80141,-0.58282,0.41377,-0.91071,-0.02207,
1703262380341785600,-21.69880,136.55702,-0.84542,0.08586,-0.10958,0.79995,-0.58370,0.52802,-0.85348,0.06992,
1703262380475213568,-21.60495,136.44563,-0.84087,0.09123,-0.12021,0.79830,-0.58305,0.81309,-0.83863,-0.03659,
1703262380608642560,-21.51199,136.33660,-0.83912,0.10138,-0.13153,0.79525,-0.58309,0.63453,-0.90122,-0.02392,
1703262380742072064,-21.43675,136.20760,-0.84377,0.10569,-0.13848,0.79509,-0.58094,0.46661,-0.99225,0.02417,
1703262380875501568,-21.36367,136.06679,-0.85094,0.11091,-0.14214,0.79699,-0.57646,0.49561,-1.00299,0.00836,
1703262381008931328,-21.29572,135.92080,-0.86217,0.10529,-0.14449,0.79809,-0.57540,0.52085,-1.13815,-0.14467,
1703262381142361344,-21.21984,135.78097,-0.85732,0.10229,-0.14606,0.79667,-0.57751,0.59164,-0.97465,0.12849,
1703262381275790848,-21.13608,135.64351,-0.85895,0.10299,-0.15303,0.79630,-0.57609,0.53182,-1.02831,-0.01136,
1703262381409220864,-21.08813,135.49447,-0.86273,0.10446,-0.15185,0.79615,-0.57635,0.20098,-1.17456,-0.04573,
1703262381542650624,-21.06221,135.33629,-0.86237,0.10254,-0.14622,0.79678,-0.57727,0.11430,-1.17823,0.03755,
1703262381676078592,-21.03743,135.17599,-0.86170,0.09909,-0.13961,0.79832,-0.57739,0.20709,-1.20529,-0.03980,
1703262381809506304,-21.00590,135.02208,-0.85639,0.09458,-0.13577,0.79814,-0.57930,0.19873,-1.13400,0.05788,
1703262381942933760,-20.97162,134.86507,-0.84973,0.09031,-0.13174,0.79692,-0.58259,0.30804,-1.14953,0.07976,
1703262382076361728,-20.91654,134.70557,-0.84965,0.09129,-0.13190,0.79683,-0.58252,0.57070,-1.15494,0.02795,
1703262382276503040,-20.81284,134.47246,-0.83927,0.09400,-0.13917,0.79418,-0.58402,0.40805,-1.22057,0.01879,
1703262382409931008,-20.76976,134.30228,-0.83277,0.09337,-0.13479,0.79314,-0.58655,0.27882,-1.33193,0.00747,
1703262382543358208,-20.74005,134.12307,-0.83089,0.08913,-0.12905,0.79364,-0.58783,0.19417,-1.25521,0.11980,
1703262382676782848,-20.71534,133.93476,-0.82712,0.08272,-0.12188,0.79474,-0.58880,0.09938,-1.33939,0.09004,
1703262382810207488,-20.69716,133.74528,-0.83371,0.07280,-0.11550,0.79626,-0.58935,0.10481,-1.46840,-0.15019,
1703262382943631616,-20.69356,133.54643,-0.84595,0.06197,-0.10562,0.79973,-0.58773,-0.05765,-1.49716,-0.05216,
1703262383077055488,-20.70137,133.35365,-0.84262,0.05524,-0.09506,0.80079,-0.58876,-0.12363,-1.41832,0.04579,
1703262383210479360,-20.70786,133.16931,-0.83125,0.04864,-0.08689,0.79979,-0.59197,-0.06309,-1.45250,-0.07073,
1703262383343902720,-20.69805,132.97917,-0.84097,0.04875,-0.08157,0.80155,-0.59033,0.16746,-1.32828,0.04453,
1703262383477326336,-20.68278,132.78651,-0.84162,0.04657,-0.07878,0.80330,-0.58850,0.11812,-1.40710,-0.01390,
1703262383610753536,-20.66816,132.59984,-0.84034,0.04504,-0.07467,0.80360,-0.58875,0.18486,-1.26341,0.15773,
1703262383744184832,-20.63403,132.40676,-0.84538,0.04798,-0.07558,0.80506,-0.58641,0.38978,-1.37941,-0.05729,
1703262383877615872,-20.58848,132.23048,-0.83569,0.05129,-0.07869,0.80299,-0.58855,0.29853,-1.29581,0.02722,
1703262384011047424,-20.55374,132.04347,-0.84550,0.05033,-0.08020,0.80503,-0.58563,0.18063,-1.34291,0.05857,
1703262384144478720,-20.53250,131.86523,-0.83666,0.04902,-0.07657,0.80412,-0.58748,0.21331,-1.40590,-0.08370,
1703262384277910528,-20.50342,131.68646,-0.83524,0.04904,-0.07584,0.80387,-0.58791,0.22328,-1.33555,-0.02099,
1703262384411342080,-20.48114,131.50806,-0.83427,0.04769,-0.07571,0.80433,-0.58741,0.04985,-1.25431,0.06514,
1703262384544773632,-20.47010,131.32444,-0.84635,0.04741,-0.07093,0.80716,-0.58413,0.13234,-1.41576,-0.14879,
1703262384678201856,-20.46069,131.15060,-0.83585,0.04639,-0.06857,0.80459,-0.58803,0.03170,-1.30593,0.05243,
1703262384945058304,-20.44040,130.79029,-0.83059,0.04169,-0.06034,0.80425,-0.58974,0.10936,-1.35401,-0.00291,
1703262385078486784,-20.42705,130.61538,-0.82763,0.04308,-0.06034,0.80474,-0.58899,0.04857,-1.19501,0.13510,
1703262385211914752,-20.43293,130.43210,-0.84058,0.03871,-0.05419,0.80626,-0.58780,-0.05981,-1.40682,-0.12114,
1703262385345343232,-20.43901,130.24911,-0.84613,0.03058,-0.04853,0.80717,-0.58753,-0.01719,-1.38871,-0.12879,
1703262385478771200,-20.43363,130.06960,-0.85024,0.02812,-0.04484,0.80830,-0.58639,0.13045,-1.21651,0.10405,
1703262385612199424,-20.40548,129.88845,-0.85611,0.03064,-0.04851,0.80979,-0.58391,0.15767,-1.30106,0.02504,
1703262385745627904,-20.39283,129.72570,-0.84616,0.02884,-0.04929,0.80713,-0.58761,0.05058,-1.27880,-0.06287,
1703262385879056384,-20.39563,129.55756,-0.84444,0.02841,-0.04333,0.80777,-0.58722,0.00743,-1.18150,0.16243,
1703262386012484864,-20.39003,129.39241,-0.84678,0.02669,-0.04146,0.80774,-0.58748,0.17265,-1.25404,0.00874,
1703262386145913344,-20.35849,129.23507,-0.84363,0.03036,-0.04457,0.80669,-0.58851,0.37576,-1.21905,-0.08520,
1703262386279341824,-20.31042,129.08099,-0.84701,0.03276,-0.05191,0.80741,-0.58679,0.25067,-1.11312,0.08869,
1703262386412770304,-20.28376,128.93053,-0.84415,0.03445,-0.05450,0.80756,-0.58625,0.08399,-1.09006,0.01859,
1703262386546199040,-20.27988,128.77914,-0.84839,0.03494,-0.05095,0.80779,-0.58623,0.06916,-1.19361,-0.08115,
1703262386679625216,-20.27759,128.63885,-0.83818,0.03528,-0.04889,0.80498,-0.59023,0.04609,-0.93455,0.21311,
1703262386813051392,-20.25914,128.49537,-0.84315,0.03736,-0.04825,0.80601,-0.58875,0.30383,-1.19876,-0.27724,
1703262386946477824,-20.20947,128.35061,-0.84781,0.03720,-0.05533,0.80559,-0.58871,0.31752,-1.01669,0.11286,
1703262387079904000,-20.17794,128.20596,-0.84797,0.03770,-0.05787,0.80679,-0.58679,0.04881,-1.06634,0.02306,
1703262387213329920,-20.17435,128.06835,-0.84332,0.03516,-0.05465,0.80578,-0.58863,-0.08062,-1.12123,-0.08003,
1703262387346756352,-20.17100,127.93611,-0.83214,0.03635,-0.05121,0.80550,-0.58925,0.07112,-0.83448,0.20870,
1703262387480182528,-20.14745,127.80523,-0.83612,0.03816,-0.05285,0.80571,-0.58872,0.27535,-1.01969,-0.15642,
1703262387613609216,-20.12155,127.68056,-0.83706,0.03577,-0.05596,0.80576,-0.58850,0.11959,-0.90080,0.05737,
1703262387747037440,-20.11517,127.55572,-0.84095,0.03712,-0.05328,0.80636,-0.58785,0.00070,-0.95377,-0.02328,
1703262387880465152,-20.12479,127.42860,-0.84339,0.03564,-0.04979,0.80720,-0.58710,-0.12869,-0.92168,-0.02865,
1703262388013893376,-20.13485,127.30668,-0.84369,0.03734,-0.04494,0.80878,-0.58521,-0.01326,-0.83161,0.03297,
1703262388147321344,-20.13186,127.19159,-0.84057,0.03884,-0.04338,0.80683,-0.58791,0.04593,-0.89354,-0.00858,
1703262388280749312,-20.12389,127.06638,-0.84983,0.03450,-0.04203,0.80960,-0.58446,0.08604,-0.85944,-0.00350,
1703262388414177280,-20.11032,126.95398,-0.84688,0.03167,-0.04169,0.80908,-0.58536,0.13702,-0.79621,0.05056,
1703262388547602944,-20.09274,126.84473,-0.83939,0.03465,-0.04282,0.80618,-0.58911,0.18734,-0.84890,0.03196,
1703262388681063936,-20.07784,126.73275,-0.83419,0.03735,-0.04585,0.80528,-0.58994,0.05000,-0.83505,0.02737,
1703262388814525952,-20.07524,126.61951,-0.83751,0.03372,-0.04368,0.80587,-0.58951,0.04707,-0.86061,-0.06442,
1703262388947988736,-20.06218,126.50817,-0.83793,0.03223,-0.04240,0.80581,-0.58977,0.18527,-0.84029,-0.02413,
1703262389081452544,-20.04299,126.39532,-0.83935,0.03360,-0.04464,0.80688,-0.58807,0.11005,-0.83595,-0.02035,
1703262389214917120,-20.03415,126.28814,-0.84049,0.03246,-0.04579,0.80805,-0.58643,0.00794,-0.73217,0.04002,
1703262389348382720,-20.02903,126.18205,-0.83853,0.03440,-0.04364,0.80715,-0.58773,0.11517,-0.83438,-0.02863,
1703262389481849088,-20.01499,126.07593,-0.83860,0.03499,-0.04523,0.80689,-0.58793,0.10084,-0.77616,-0.01781,
1703262389615297792,-20.00104,125.97224,-0.83706,0.03529,-0.04551,0.80703,-0.58770,0.12367,-0.74014,0.05699,
1703262389748722944,-19.98790,125.87269,-0.83702,0.03547,-0.04640,0.80666,-0.58812,0.07400,-0.73557,0.02662,
1703262389882148352,-19.98035,125.77134,-0.83747,0.03562,-0.04544,0.80694,-0.58781,0.04321,-0.74215,0.01513,
1703262390015572992,-19.97181,125.67181,-0.83411,0.03548,-0.04387,0.80700,-0.58785,0.08135,-0.70957,0.01302,
1703262390148997888,-19.96029,125.57192,-0.83236,0.03725,-0.04502,0.80654,-0.58829,0.06595,-0.75328,0.00682,
1703262390282422528,-19.95177,125.46687,-0.83354,0.03601,-0.04522,0.80606,-0.58900,0.03109,-0.80929,0.00446,
1703262390415847168,-19.94184,125.35576,-0.83366,0.03488,-0.04314,0.80662,-0.58846,0.09222,-0.82995,-0.00029,
1703262390549272064,-19.93284,125.24764,-0.82937,0.03592,-0.04340,0.80589,-0.58938,0.01302,-0.80904,0.04109,
1703262390682694400,-19.93654,125.13787,-0.82841,0.03362,-0.04086,0.80688,-0.58834,-0.06646,-0.76330,0.04254,
1703262390816116480,-19.93998,125.03590,-0.82674,0.03114,-0.03698,0.80679,-0.58886,-0.00433,-0.75407,-0.01239,
1703262390949538304,-19.92215,124.92859,-0.83013,0.03161,-0.03837,0.80708,-0.58834,0.25940,-0.76453,0.06090,
1703262391082960128,-19.89152,124.82422,-0.82343,0.03416,-0.04339,0.80542,-0.59012,0.17698,-0.82591,-0.02830,
1703262391216381696,-19.87688,124.71168,-0.82729,0.03519,-0.04277,0.80628,-0.58894,0.10311,-0.87165,-0.02145,
1703262391349803264,-19.86119,124.60153,-0.82517,0.03567,-0.04406,0.80618,-0.58894,0.11676,-0.81536,0.02063,
1703262391483224320,-19.85012,124.49126,-0.81749,0.03870,-0.04459,0.80519,-0.59006,0.02049,-0.73125,0.19408,
1703262391616645376,-19.85398,124.38302,-0.80607,0.03733,-0.04155,0.80344,-0.59276,-0.09745,-0.91445,-0.06508,
1703262391750064896,-19.86543,124.26715,-0.81363,0.03221,-0.03656,0.80464,-0.59176,-0.05468,-0.88479,-0.04671,
1703262391883484672,-19.85800,124.14841,-0.81475,0.03203,-0.03519,0.80543,-0.59078,0.12824,-0.83368,0.06877,
1703262392016903936,-19.84088,124.03660,-0.80734,0.03392,-0.03869,0.80330,-0.59334,0.00927,-0.89842,-0.06175,
1703262392150322944,-19.84987,123.91002,-0.81882,0.02997,-0.03460,0.80568,-0.59058,-0.08624,-0.91058,-0.00613,
1703262392283741696,-19.84845,123.78561,-0.81562,0.02566,-0.03175,0.80567,-0.59096,0.05707,-0.90040,0.06410,
1703262392417160448,-19.83786,123.66384,-0.81200,0.02937,-0.03247,0.80497,-0.59169,0.10878,-0.99688,-0.14865,
1703262392550578176,-19.83807,123.54349,-0.80895,0.03289,-0.03248,0.80427,-0.59247,-0.05038,-0.88935,0.09157,
1703262392684002048,-19.84407,123.41755,-0.81071,0.03108,-0.02927,0.80456,-0.59233,-0.03012,-0.85227,0.11246,
1703262392817425408,-19.84467,123.29242,-0.80470,0.02517,-0.02604,0.80441,-0.59297,0.05825,-0.93259,0.01813,
1703262392950848768,-19.82739,123.16762,-0.80601,0.02761,-0.02608,0.80436,-0.59292,0.29134,-0.95188,-0.10218,
1703262393084272128,-19.78308,123.04092,-0.81564,0.03118,-0.03686,0.80522,-0.59100,0.16764,-0.95209,0.02435,
1703262393217695232,-19.77361,122.91234,-0.81835,0.03205,-0.03644,0.80677,-0.58887,-0.01691,-0.92389,0.01760,
1703262393351118336,-19.77968,122.78778,-0.81048,0.03468,-0.03176,0.80681,-0.58894,-0.05434,-0.82362,0.16605,
1703262393484541184,-19.78571,122.66475,-0.80317,0.03446,-0.02961,0.80516,-0.59132,0.00360,-0.96791,-0.06623,
1703262393617964032,-19.77929,122.53835,-0.80103,0.03359,-0.02780,0.80506,-0.59158,0.18694,-0.98093,-0.01394,
1703262393751387136,-19.73974,122.42136,-0.79045,0.03545,-0.03542,0.80357,-0.59310,0.23800,-0.76470,0.17946,
1703262393884809984,-19.71446,122.30365,-0.78759,0.03417,-0.03792,0.80254,-0.59442,0.21375,-0.95497,-0.10186,
1703262394018232576,-19.68717,122.17166,-0.79575,0.03444,-0.03913,0.80500,-0.59098,0.24464,-0.93324,0.02970,
1703262394151654912,-19.65764,122.05476,-0.78768,0.03850,-0.04508,0.80298,-0.59304,0.19960,-0.90293,-0.00034,
1703262394285077248,-19.64161,121.92790,-0.79171,0.04135,-0.04603,0.80429,-0.59101,0.16485,-0.97752,-0.06518,
1703262394418499584,-19.61995,121.80416,-0.79037,0.04478,-0.04689,0.80377,-0.59140,0.18647,-0.94486,-0.04818,
1703262394551921664,-19.59507,121.67667,-0.79930,0.04287,-0.04916,0.80688,-0.58710,0.13825,-0.84031,0.05306,
1703262394685343488,-19.56266,121.55950,-0.79771,0.04307,-0.05034,0.80518,-0.58932,0.44332,-0.94440,-0.03666,
1703262394818765056,-19.51335,121.44641,-0.78740,0.05136,-0.05926,0.80381,-0.58969,0.26964,-0.79072,0.08740,
1703262394952186624,-19.49912,121.33712,-0.78255,0.05183,-0.06190,0.80237,-0.59134,0.02269,-0.82989,-0.02086,
1703262395085607680,-19.50938,121.21839,-0.79066,0.04920,-0.05430,0.80529,-0.58834,0.02667,-0.83742,-0.05993,
1703262395219028736,-19.50203,121.11119,-0.78947,0.04823,-0.05316,0.80615,-0.58735,0.04471,-0.75621,0.05573,
1703262395352449536,-19.49944,121.00604,-0.78797,0.04523,-0.05220,0.80518,-0.58900,-0.05841,-0.84052,-0.05140,
1703262395485870336,-19.50169,120.89329,-0.78622,0.04005,-0.04619,0.80526,-0.58976,0.10801,-0.84705,0.00211,
1703262395619293184,-19.48848,120.78385,-0.78875,0.03624,-0.04613,0.80691,-0.58776,0.18788,-0.77266,-0.01088,
1703262395752717568,-19.46912,120.68327,-0.78619,0.03804,-0.04940,0.80605,-0.58855,0.13348,-0.73942,0.06734,
1703262395886141696,-19.46618,120.57593,-0.78596,0.03766,-0.04954,0.80520,-0.58972,-0.04504,-0.90566,-0.12328,
1703262396019566080,-19.47600,120.45952,-0.78816,0.03754,-0.04389,0.80629,-0.58869,-0.01276,-0.84483,-0.01102,
1703262396152990208,-19.48187,120.34382,-0.78823,0.03131,-0.03975,0.80603,-0.58971,-0.00850,-0.88504,-0.02648,
1703262396286414080,-19.46583,120.23147,-0.78779,0.03001,-0.04064,0.80707,-0.58829,0.23719,-0.76317,0.08193,
1703262396419837952,-19.45236,120.13517,-0.77212,0.02891,-0.04277,0.80360,-0.59293,0.01150,-0.72292,0.10836,
1703262396553261568,-19.44376,120.03163,-0.77041,0.03115,-0.04215,0.80385,-0.59252,0.09211,-0.74963,-0.01888,
1703262396686697472,-19.43021,119.91579,-0.78488,0.03197,-0.04141,0.80582,-0.58984,0.15512,-0.93974,-0.15967,
1703262396820135680,-19.40971,119.80279,-0.79027,0.03247,-0.04442,0.80696,-0.58804,0.09665,-0.74394,0.08586,
1703262396953573632,-19.40130,119.69162,-0.79180,0.03203,-0.04420,0.80836,-0.58615,0.00109,-0.76346,0.07244,
1703262397087012096,-19.39725,119.59120,-0.78034,0.03052,-0.04229,0.80482,-0.59122,0.07454,-0.84044,-0.03675,
1703262397220450560,-19.38249,119.47870,-0.78458,0.03152,-0.04321,0.80655,-0.58874,0.11084,-0.79174,0.01064,
1703262397353889792,-19.36338,119.37131,-0.78618,0.03410,-0.04604,0.80650,-0.58846,0.06534,-0.81196,-0.00167,
1703262397487328768,-19.35551,119.26599,-0.78221,0.03433,-0.04446,0.80645,-0.58863,0.10235,-0.74442,0.02819,
1703262397687471872,-19.32043,119.11258,-0.78375,0.03241,-0.04713,0.80622,-0.58884,0.29583,-0.76915,0.00052,
1703262397820892928,-19.29289,119.01041,-0.78197,0.03239,-0.05121,0.80620,-0.58853,0.09631,-0.75100,0.00091,
1703262397954313728,-19.28367,118.90822,-0.78220,0.03362,-0.05031,0.80559,-0.58937,0.08443,-0.78249,0.01363,
1703262398087734272,-19.27541,118.80054,-0.78350,0.04032,-0.05127,0.80638,-0.58779,0.03521,-0.79209,-0.01141,
1703262398221154560,-19.27597,118.69554,-0.77755,0.04096,-0.05052,0.80529,-0.58931,-0.04392,-0.82128,0.03751,
1703262398354574592,-19.27774,118.59512,-0.76835,0.03172,-0.04477,0.80520,-0.59046,0.01250,-0.62406,0.11076,
1703262398487994368,-19.25571,118.50338,-0.77027,0.02313,-0.04450,0.80605,-0.58972,0.36797,-0.66528,-0.07782,
1703262398621415424,-19.21075,118.41695,-0.77233,0.03050,-0.05353,0.80578,-0.58900,0.28165,-0.63456,-0.02366,
1703262398754837760,-19.20843,118.32105,-0.77523,0.03653,-0.05493,0.80552,-0.58888,-0.19589,-0.76700,0.00084,
1703262398888259584,-19.24213,118.21369,-0.77457,0.03420,-0.04470,0.80603,-0.58920,-0.17575,-0.80109,-0.01240,
1703262399021681664,-19.25299,118.10415,-0.77364,0.03248,-0.03878,0.80687,-0.58857,0.04804,-0.81176,0.01285,
1703262399155103488,-19.23461,117.99749,-0.77373,0.03750,-0.04178,0.80737,-0.58737,0.17154,-0.76927,0.00708,
1703262399288525056,-19.23707,117.89649,-0.77375,0.03569,-0.04175,0.80665,-0.58847,-0.15746,-0.81371,-0.02851,
1703262399421946624,-19.25430,117.78915,-0.77425,0.03143,-0.03378,0.80746,-0.58812,-0.05958,-0.74096,0.05571,
1703262399555367936,-19.25543,117.68547,-0.76959,0.03346,-0.03146,0.80643,-0.58954,0.04477,-0.76998,0.01891,
1703262399755502080,-19.25769,117.53433,-0.76757,0.02820,-0.03014,0.80558,-0.59105,-0.06994,-0.82027,-0.09633,
1703262399888924928,-19.26170,117.42687,-0.77404,0.02214,-0.02511,0.80651,-0.59027,0.10897,-0.77523,0.03750,
1703262400022347264,-19.24153,117.31475,-0.77515,0.02465,-0.02866,0.80677,-0.58965,0.14300,-0.79960,0.06942,
1703262400155769856,-19.24415,117.20355,-0.77569,0.02496,-0.02942,0.80680,-0.58956,-0.19676,-0.80911,-0.02667,
1703262400289192192,-19.27032,117.09064,-0.77519,0.02151,-0.02210,0.80684,-0.58997,-0.14879,-0.81186,0.05678,
1703262400422614272,-19.27069,116.97479,-0.77746,0.01841,-0.01919,0.80804,-0.58853,0.15547,-0.81292,0.03538,
1703262400556036352,-19.23877,116.86230,-0.77552,0.01863,-0.02489,0.80643,-0.59051,0.23023,-0.84968,-0.01658,
1703262400689452800,-19.21685,116.74353,-0.77512,0.02015,-0.02737,0.80710,-0.58943,0.10589,-0.87561,0.02716,
1703262400889575168,-19.20393,116.57039,-0.76578,0.02278,-0.02770,0.80567,-0.59128,0.08708,-0.83330,0.05703,
1703262401022989824,-19.18524,116.45763,-0.76368,0.02491,-0.02918,0.80564,-0.59117,0.24025,-0.82971,-0.00401,
1703262401156403712,-19.15237,116.34200,-0.77288,0.02505,-0.03464,0.80645,-0.58976,0.14250,-0.91772,-0.11309,
1703262401289817600,-19.13407,116.22920,-0.77521,0.02312,-0.03520,0.80765,-0.58815,0.11837,-0.78687,0.01079,
1703262401423230976,-19.11434,116.12225,-0.77228,0.02348,-0.03628,0.80735,-0.58848,0.27135,-0.80593,-0.02345,
1703262401556643840,-19.07939,116.01885,-0.77471,0.03247,-0.04363,0.80771,-0.58706,0.24550,-0.75820,-0.05578,
1703262401690056448,-19.06866,115.92136,-0.77036,0.03596,-0.04675,0.80676,-0.58793,-0.09309,-0.72115,0.04903,
1703262401823468544,-19.08403,115.81508,-0.77021,0.02924,-0.03797,0.80672,-0.58899,-0.08213,-0.79411,0.02293,
1703262401956880128,-19.07434,115.70768,-0.76929,0.02667,-0.03531,0.80690,-0.58903,0.26954,-0.78748,-0.00898,
1703262402090291200,-19.04051,115.60254,-0.76696,0.03373,-0.04351,0.80580,-0.58962,0.23048,-0.81892,-0.02965,
1703262402223702016,-19.02744,115.49288,-0.76382,0.03712,-0.04578,0.80549,-0.58967,-0.01690,-0.81746,0.00993,
1703262402357112320,-19.03270,115.37700,-0.76684,0.03417,-0.04081,0.80559,-0.59008,-0.01270,-0.89403,-0.03894,
1703262402490522112,-19.02472,115.26227,-0.76383,0.03336,-0.03835,0.80554,-0.59035,0.19113,-0.83300,-0.00578,
1703262402623931392,-18.99563,115.15376,-0.75867,0.03773,-0.04280,0.80356,-0.59248,0.23686,-0.81491,0.04342,
1703262402757339904,-18.96594,115.03767,-0.76921,0.03854,-0.04687,0.80590,-0.58894,0.22797,-0.82778,-0.05423,
1703262402890747648,-18.94307,114.93119,-0.76399,0.03857,-0.04836,0.80534,-0.58958,0.14918,-0.75997,0.04949,
1703262403024155136,-18.92249,114.82599,-0.76075,0.04018,-0.04826,0.80538,-0.58942,0.14960,-0.68738,0.11397,
1703262403224265216,-18.88643,114.67105,-0.75234,0.04244,-0.05225,0.80385,-0.59101,0.17227,-0.76744,0.01396,
1703262403357671168,-18.86415,114.56320,-0.75505,0.04206,-0.05386,0.80417,-0.59045,0.17028,-0.78036,0.02777,
1703262403491076864,-18.83374,114.45384,-0.75451,0.04064,-0.05603,0.80423,-0.59027,0.28093,-0.80718,-0.03872,
1703262403624482560,-18.79993,114.34856,-0.74944,0.04567,-0.06020,0.80333,-0.59072,0.20750,-0.77595,0.02210,
1703262403757889280,-18.78448,114.24004,-0.74965,0.04828,-0.06068,0.80382,-0.58979,0.07408,-0.78956,0.01048,
1703262403891295232,-18.77460,114.12924,-0.74884,0.04548,-0.05890,0.80374,-0.59031,0.11697,-0.77896,0.05262,
1703262404024700416,-18.74771,114.01604,-0.74850,0.04328,-0.05944,0.80418,-0.58982,0.26813,-0.77614,0.06949,
1703262404158105344,-18.72176,113.91010,-0.74139,0.04843,-0.06271,0.80244,-0.59144,0.08652,-0.81478,-0.02328,
1703262404291509760,-18.73394,113.79475,-0.74181,0.04559,-0.05918,0.80275,-0.59162,-0.26614,-0.87394,-0.00890,
1703262404424913664,-18.76682,113.67768,-0.74098,0.03666,-0.04742,0.80316,-0.59274,-0.19794,-0.84207,0.06499,
1703262404558317056,-18.77444,113.55872,-0.73625,0.03409,-0.04101,0.80377,-0.59255,0.12204,-0.78827,0.10376,
1703262404691734784,-18.75657,113.45117,-0.72955,0.03549,-0.04380,0.80224,-0.59433,0.24433,-0.86550,-0.08647,
1703262404825156096,-18.72817,113.33473,-0.74425,0.03749,-0.04808,0.80400,-0.59150,0.18635,-0.89023,-0.04845,
1703262404958578176,-18.71161,113.21925,-0.73933,0.03710,-0.04799,0.80403,-0.59148,0.03338,-0.83526,0.04297,
1703262405092000256,-18.70184,113.10344,-0.73931,0.03800,-0.04689,0.80433,-0.59112,0.15445,-0.86729,-0.04291,
1703262405292134400,-18.67451,112.93842,-0.73537,0.03994,-0.04885,0.80435,-0.59080,0.13769,-0.80080,0.02696,
1703262405492269056,-18.65126,112.77750,-0.73554,0.03830,-0.04720,0.80473,-0.59051,0.16713,-0.83437,-0.02120,
1703262405625687296,-18.63301,112.67097,-0.73643,0.04156,-0.04955,0.80431,-0.59068,0.05945,-0.82791,-0.03235,
1703262405759092224,-18.63653,112.56186,-0.73396,0.04285,-0.04777,0.80451,-0.59046,-0.00374,-0.72135,0.07495,
1703262405892496896,-18.63491,112.45616,-0.72923,0.03856,-0.04491,0.80376,-0.59200,0.08710,-0.82039,-0.04146,
1703262406025900800,-18.61171,112.35136,-0.72597,0.03961,-0.04628,0.80409,-0.59138,0.18708,-0.73999,0.04472,
1703262406159304704,-18.59533,112.25002,-0.72320,0.04046,-0.04937,0.80354,-0.59182,-0.01106,-0.76952,0.00168,
1703262406292707584,-18.59700,112.13962,-0.72753,0.03669,-0.04603,0.80407,-0.59161,0.07776,-0.81102,0.01434,
1703262406426110208,-18.58134,112.02451,-0.72868,0.03621,-0.04539,0.80466,-0.59089,0.18379,-0.85441,0.00582,
1703262406559512320,-18.56115,111.91158,-0.72460,0.03976,-0.04804,0.80440,-0.59081,0.11096,-0.84991,-0.02550,
1703262406692914432,-18.56269,111.80199,-0.71984,0.03880,-0.04566,0.80325,-0.59262,-0.07433,-0.86086,0.00335,
1703262406826316032,-18.55485,111.68381,-0.71922,0.03706,-0.04339,0.80341,-0.59268,0.12675,-0.85410,0.02639,
1703262407026417408,-18.52184,111.51681,-0.71384,0.03969,-0.04643,0.80316,-0.59263,0.20411,-0.81084,0.01263,
1703262407159817984,-18.49760,111.40533,-0.71863,0.03921,-0.04833,0.80406,-0.59129,0.21710,-0.85278,-0.06567,
1703262407293217280,-18.47504,111.29151,-0.72480,0.04172,-0.05130,0.80546,-0.58896,0.07401,-0.82071,0.00847,
1703262407426616320,-18.47261,111.17389,-0.72941,0.03917,-0.05021,0.80586,-0.58867,-0.02142,-0.89670,-0.01611,
1703262407560014848,-18.46194,111.05595,-0.72627,0.03939,-0.04841,0.80527,-0.58962,0.17276,-0.87504,-0.01193,
1703262407693414656,-18.43733,110.93883,-0.72517,0.04197,-0.05158,0.80628,-0.58778,0.14078,-0.81731,0.04439,
1703262407826813952,-18.43136,110.82878,-0.72212,0.04076,-0.04997,0.80596,-0.58845,-0.01890,-0.81535,0.01497,
1703262407960212480,-18.43125,110.72340,-0.72017,0.04092,-0.04533,0.80737,-0.58688,0.05652,-0.68779,0.05150,
1703262408093610496,-18.42292,110.64170,-0.70283,0.04506,-0.04694,0.80366,-0.59152,0.00376,-0.59995,0.12287,
1703262408227007744,-18.43543,110.54958,-0.70412,0.04297,-0.04267,0.80233,-0.59380,-0.13913,-0.75435,-0.10056,
1703262408360404480,-18.44741,110.44027,-0.71273,0.03731,-0.03638,0.80410,-0.59221,0.04645,-0.80803,0.00344,
1703262408493800704,-18.42842,110.32758,-0.72008,0.03711,-0.03905,0.80458,-0.59140,0.17510,-0.90868,-0.11630,
1703262408627197696,-18.41118,110.20834,-0.73049,0.03944,-0.04161,0.80659,-0.58833,0.06528,-0.85608,0.00445,
1703262408760598784,-18.41345,110.09189,-0.73057,0.03781,-0.03932,0.80680,-0.58829,-0.07837,-0.86908,0.00581,
1703262408960699904,-18.42485,109.91862,-0.73344,0.03154,-0.03192,0.80898,-0.58612,0.03550,-0.81723,0.02517,
1703262409094099200,-18.41387,109.80554,-0.73387,0.02989,-0.03255,0.80816,-0.58730,0.09902,-0.89126,0.00369,
1703262409227498752,-18.39909,109.68764,-0.72919,0.03192,-0.03371,0.80720,-0.58845,0.11634,-0.94258,-0.06495,
1703262409360897792,-18.38896,109.56769,-0.72257,0.03165,-0.03309,0.80578,-0.59044,0.02725,-0.87660,0.10605,
1703262409494296064,-18.37695,109.43980,-0.72536,0.03019,-0.03246,0.80684,-0.58910,0.14188,-0.93023,-0.04099,
1703262409627696128,-18.35722,109.30959,-0.73246,0.03153,-0.03449,0.80802,-0.58729,0.18280,-0.97564,-0.00930,
1703262409761100032,-18.33366,109.18685,-0.72505,0.03690,-0.03783,0.80636,-0.58906,0.12106,-0.90111,0.05401,
1703262409894503680,-18.31771,109.06215,-0.73217,0.04401,-0.03933,0.80808,-0.58610,0.13312,-0.94454,-0.13194,
1703262410027906560,-18.30605,108.94531,-0.73807,0.04890,-0.04115,0.81084,-0.58177,-0.00731,-0.78526,0.06648,
1703262410161309440,-18.30988,108.83866,-0.72751,0.04555,-0.03643,0.80846,-0.58565,0.04248,-0.82112,0.00882,
1703262410294711808,-18.28984,108.72793,-0.72587,0.04144,-0.03449,0.80760,-0.58727,0.30612,-0.79834,0.05499,
1703262410428113920,-18.24843,108.61422,-0.72189,0.03904,-0.04014,0.80647,-0.58861,0.26935,-0.84780,0.06012,
1703262410561515520,-18.22423,108.49663,-0.71999,0.04041,-0.04404,0.80599,-0.58891,0.03920,-0.88418,0.01234,
1703262410694912768,-18.22724,108.37636,-0.71627,0.03943,-0.04152,0.80558,-0.58972,-0.04741,-0.94756,-0.05004,
1703262410828306944,-18.22932,108.24753,-0.72130,0.03642,-0.03744,0.80716,-0.58802,0.02680,-0.87646,0.08894,
1703262410961700608,-18.22640,108.12447,-0.71660,0.03389,-0.03589,0.80612,-0.58969,-0.05301,-0.96408,-0.03379,
1703262411095093760,-18.23105,107.99857,-0.71508,0.03084,-0.03302,0.80646,-0.58956,-0.04548,-0.97773,-0.06227,
1703262411228486400,-18.23153,107.87362,-0.71498,0.03102,-0.03089,0.80693,-0.58903,-0.00621,-0.85430,0.11641,
1703262411361878272,-18.23760,107.74773,-0.71261,0.02762,-0.02855,0.80599,-0.59060,-0.13465,-1.01999,-0.05860,
1703262411495269632,-18.24601,107.61479,-0.71569,0.02593,-0.02442,0.80743,-0.58889,-0.01825,-0.97837,-0.04782,
1703262411628663040,-18.24051,107.48678,-0.71737,0.02446,-0.02409,0.80806,-0.58810,0.11639,-0.90370,0.06751,
1703262411762064896,-18.22107,107.36043,-0.71266,0.02489,-0.02544,0.80697,-0.58951,0.15242,-0.99779,-0.02035,
1703262411962167040,-18.18989,107.16826,-0.71287,0.02866,-0.03043,0.80713,-0.58889,0.09125,-0.99063,-0.07558,
1703262412095567872,-18.18601,107.03881,-0.71243,0.02655,-0.02812,0.80619,-0.59039,0.07487,-0.97095,0.01133,
1703262412228968704,-18.16436,106.90398,-0.71786,0.02872,-0.02981,0.80754,-0.58836,0.15056,-0.96079,0.05636,
1703262412362368768,-18.14302,106.77338,-0.70911,0.03022,-0.03398,0.80529,-0.59113,0.06320,-1.01417,-0.00133,
1703262412495768832,-18.13746,106.63498,-0.71646,0.02549,-0.03130,0.80751,-0.58846,0.05320,-0.99565,-0.03133,
1703262412629171200,-18.12289,106.49954,-0.71751,0.02465,-0.03157,0.80731,-0.58877,0.11531,-1.09776,-0.09180,
1703262412762582016,-18.11636,106.36133,-0.71242,0.02323,-0.03314,0.80646,-0.58991,-0.03503,-1.03471,0.05602,
1703262412895993344,-18.12998,106.22083,-0.71241,0.02568,-0.02799,0.80771,-0.58835,-0.09872,-0.99326,0.04964,
1703262413029404416,-18.14566,106.07919,-0.71998,0.02234,-0.02396,0.80828,-0.58789,-0.10105,-1.10094,-0.04818,
1703262413162815488,-18.15387,105.93832,-0.71366,0.01671,-0.01838,0.80785,-0.58886,0.01446,-1.00644,0.02199,
1703262413296227072,-18.13369,105.79361,-0.72342,0.01912,-0.02002,0.80966,-0.58625,0.33168,-1.08338,-0.04452,
1703262413429638656,-18.09360,105.66392,-0.70909,0.02639,-0.03003,0.80766,-0.58829,0.21513,-0.89123,0.14664,
1703262413563050240,-18.07557,105.53283,-0.70798,0.03179,-0.03331,0.80660,-0.58930,0.02455,-1.00746,-0.01110,
1703262413696452864,-18.07314,105.39154,-0.71438,0.02754,-0.02992,0.80739,-0.58861,0.04078,-1.01844,-0.03044,
1703262413829852160,-18.05801,105.24134,-0.72126,0.02941,-0.02800,0.80785,-0.58799,0.20685,-1.14666,-0.08601,
1703262413963250688,-18.03056,105.09016,-0.73036,0.03500,-0.03262,0.80989,-0.58463,0.18351,-1.09294,-0.01021,
1703262414096648960,-18.01051,104.95108,-0.72138,0.03302,-0.03570,0.80868,-0.58623,0.14611,-1.00168,0.10003,
1703262414296745728,-17.96515,104.75243,-0.70671,0.03393,-0.03970,0.80504,-0.59091,0.29404,-1.01172,0.01415,
1703262414430143488,-17.93633,104.61908,-0.69746,0.03871,-0.04394,0.80392,-0.59185,0.23933,-0.95859,0.04882,
1703262414563540736,-17.91143,104.47530,-0.71362,0.03808,-0.04651,0.80653,-0.58813,0.10217,-1.10896,-0.17190,
1703262414696946432,-17.89192,104.33699,-0.71269,0.03990,-0.04683,0.80719,-0.58708,0.09663,-0.96153,0.08752,
1703262414830354688,-17.86842,104.20881,-0.70482,0.04257,-0.04756,0.80432,-0.59076,0.26812,-1.05650,-0.08823,
1703262414963763200,-17.82707,104.07027,-0.71449,0.04384,-0.05248,0.80793,-0.58530,0.33520,-0.89826,0.06158,
1703262415097171456,-17.78862,103.94811,-0.70746,0.04673,-0.05760,0.80540,-0.58807,0.23020,-0.96548,0.00529,
1703262415230580224,-17.76440,103.81855,-0.70316,0.04798,-0.05892,0.80469,-0.58881,0.12070,-0.94099,0.04451,
1703262415363988992,-17.74615,103.68884,-0.69923,0.05267,-0.05833,0.80395,-0.58948,0.16353,-0.96385,-0.04706,
1703262415497397248,-17.72864,103.55719,-0.70140,0.05766,-0.05937,0.80349,-0.58954,0.03646,-0.95467,0.04715,
1703262415630807040,-17.72532,103.42110,-0.70770,0.05076,-0.05603,0.80579,-0.58736,0.00229,-0.97097,0.00408,
1703262415764220416,-17.71285,103.28837,-0.71355,0.04510,-0.05148,0.80781,-0.58545,0.21937,-0.96076,-0.09055,
1703262415897634048,-17.68389,103.16741,-0.70751,0.04194,-0.05530,0.80654,-0.58709,0.19630,-0.87138,0.02242,
1703262416031047936,-17.67111,103.04685,-0.70890,0.04308,-0.05536,0.80792,-0.58510,0.09412,-0.78047,0.13374,
1703262416164462080,-17.67293,102.93730,-0.69876,0.04094,-0.05349,0.80495,-0.58951,-0.07766,-0.93113,-0.13506,
1703262416297876480,-17.68185,102.81136,-0.70621,0.03525,-0.04654,0.80726,-0.58730,0.01820,-0.89420,0.00870,
1703262416431291136,-17.66790,102.69454,-0.70643,0.03305,-0.04652,0.80715,-0.58759,0.17747,-0.91334,-0.04355,
1703262416564705536,-17.64673,102.57747,-0.70701,0.03140,-0.04809,0.80732,-0.58731,0.07208,-0.80629,0.08980,
1703262416698120960,-17.64054,102.45850,-0.70690,0.03101,-0.04687,0.80754,-0.58713,-0.01904,-0.90956,-0.04969,
1703262416831537152,-17.64451,102.33812,-0.71106,0.03239,-0.04522,0.80791,-0.58668,-0.06452,-0.90592,-0.03257,
1703262416964953856,-17.65955,102.21429,-0.71546,0.02938,-0.04036,0.80954,-0.58494,-0.11339,-0.87127,0.03287,
1703262417165078784,-17.66605,102.03882,-0.71406,0.02766,-0.03550,0.80876,-0.58642,0.01313,-0.85015,0.03300,
1703262417298495744,-17.66850,101.92095,-0.71346,0.02653,-0.03484,0.80861,-0.58671,-0.08545,-0.87881,0.02337,
1703262417431913216,-17.68087,101.80809,-0.70578,0.02478,-0.02974,0.80774,-0.58827,-0.04785,-0.82640,0.00833,
1703262417565330176,-17.68811,101.69343,-0.70879,0.01653,-0.02576,0.80803,-0.58834,0.01097,-0.87239,-0.05517,
1703262417698750208,-17.67640,101.58748,-0.69812,0.01865,-0.02608,0.80687,-0.58986,0.21017,-0.69104,0.15677,
1703262417832171520,-17.64040,101.48779,-0.69084,0.02771,-0.03512,0.80521,-0.59129,0.25498,-0.75308,-0.02904,
1703262417965592832,-17.64403,101.38384,-0.69793,0.02935,-0.03432,0.80646,-0.58956,-0.21437,-0.81991,-0.13264,
1703262418099014656,-17.67244,101.26780,-0.71330,0.02150,-0.02300,0.81009,-0.58547,-0.10444,-0.72915,0.07998,
1703262418232436736,-17.65471,101.17192,-0.70106,0.02115,-0.02345,0.80738,-0.58919,0.33436,-0.75006,-0.01025,
1703262418365859072,-17.60430,101.06870,-0.70599,0.02758,-0.03568,0.80805,-0.58738,0.28207,-0.75457,-0.00608,
1703262418499281920,-17.59550,100.96939,-0.70302,0.02561,-0.03646,0.80749,-0.58820,-0.05530,-0.77316,-0.05375,
1703262418632705536,-17.60003,100.86140,-0.70579,0.02526,-0.03109,0.80767,-0.58828,0.02278,-0.80830,0.03048,
1703262418766131712,-17.58541,100.75314,-0.70174,0.03053,-0.03357,0.80664,-0.58930,0.15241,-0.76219,0.09269,
1703262418899558144,-17.56779,100.64403,-0.69753,0.03199,-0.03703,0.80537,-0.59075,0.11490,-0.84796,0.00155,
1703262419032985088,-17.55074,100.54427,-0.68841,0.03156,-0.03665,0.80423,-0.59234,0.19040,-0.69403,0.09296,
1703262419166412288,-17.51930,100.43875,-0.69509,0.03245,-0.04029,0.80516,-0.59080,0.23258,-0.81194,-0.07648,
1703262419299840512,-17.49653,100.32745,-0.70705,0.03355,-0.04378,0.80678,-0.58827,0.08497,-0.85199,-0.06355,
1703262419433268480,-17.48653,100.21729,-0.70500,0.03356,-0.04341,0.80683,-0.58823,0.08601,-0.82689,0.01952,
1703262419566697472,-17.46756,100.11198,-0.69819,0.03610,-0.04462,0.80644,-0.58852,0.15219,-0.76362,0.02950,
1703262419700125184,-17.44850,100.00770,-0.69771,0.03634,-0.04607,0.80620,-0.58873,0.16737,-0.74848,-0.01592,
1703262419833553664,-17.42176,99.89861,-0.70703,0.03562,-0.04843,0.80813,-0.58593,0.22523,-0.78627,0.00527,
1703262419966982400,-17.39610,99.80037,-0.69635,0.03838,-0.05216,0.80657,-0.58758,0.09142,-0.64552,0.17638,
1703262420100411648,-17.38876,99.71190,-0.67474,0.04270,-0.05207,0.80253,-0.59280,0.08155,-0.71057,0.04557,
1703262420233841664,-17.38182,99.59957,-0.69897,0.04068,-0.05051,0.80647,-0.58770,0.02000,-0.87489,-0.23967,
1703262420367271680,-17.37379,99.48250,-0.71039,0.04096,-0.04824,0.80843,-0.58518,0.15440,-0.85505,-0.02926,
1703262420500702720,-17.35343,99.37827,-0.70205,0.04439,-0.05083,0.80786,-0.58550,0.19149,-0.70909,0.12152,
1703262420634133504,-17.32681,99.27533,-0.69721,0.04497,-0.05398,0.80589,-0.58788,0.14589,-0.84745,-0.02917,
1703262420767564800,-17.31300,99.15707,-0.70330,0.04587,-0.05248,0.80804,-0.58499,0.07699,-0.82621,0.01903,
1703262420900996096,-17.30413,99.04445,-0.70389,0.04627,-0.05307,0.80826,-0.58460,0.02738,-0.88294,-0.05506,
1703262421034428160,-17.29953,98.93490,-0.70400,0.03993,-0.05050,0.80870,-0.58469,0.10688,-0.77315,0.05042,
1703262421167860736,-17.26795,98.82582,-0.70681,0.03870,-0.05162,0.80833,-0.58519,0.28398,-0.87783,-0.07783,
1703262421301293824,-17.23534,98.70788,-0.71038,0.04149,-0.05710,0.80745,-0.58570,0.14722,-0.86606,0.08087,
1703262421434727424,-17.24248,98.58353,-0.70961,0.03945,-0.05447,0.80719,-0.58645,-0.13801,-1.02348,-0.13541,
1703262421568162048,-17.25577,98.44980,-0.71906,0.03821,-0.04678,0.81013,-0.58313,-0.02199,-0.87998,0.11523,
1703262421701594880,-17.24034,98.32802,-0.70936,0.03930,-0.04599,0.80780,-0.58634,0.23141,-0.93622,0.01345,
1703262421835028480,-17.20267,98.19733,-0.71677,0.04139,-0.05143,0.80914,-0.58390,0.33805,-0.98301,-0.10257,
1703262421968462592,-17.16631,98.07528,-0.71411,0.04217,-0.05605,0.80910,-0.58348,0.20156,-0.87603,0.06563,
1703262422101896960,-17.13833,97.95170,-0.71156,0.04471,-0.05721,0.80713,-0.58589,0.20536,-0.93254,0.09671,
1703262422235332096,-17.11809,97.82482,-0.70666,0.04070,-0.05824,0.80579,-0.58792,0.18784,-1.01110,-0.06262,
1703262422368767744,-17.09279,97.70367,-0.69829,0.04388,-0.05904,0.80502,-0.58867,0.18587,-0.87995,0.07520,
1703262422502204160,-17.06647,97.57722,-0.70437,0.04426,-0.06273,0.80580,-0.58719,0.09582,-0.99391,-0.07743,
1703262422635639808,-17.06271,97.44648,-0.70207,0.04378,-0.05942,0.80577,-0.58761,-0.03568,-0.92666,0.10193,
1703262422769074176,-17.06282,97.31169,-0.70762,0.03751,-0.05461,0.80734,-0.58635,0.14972,-1.00077,-0.05896,
1703262422902509056,-17.03692,97.18989,-0.69843,0.03701,-0.05715,0.80377,-0.59103,0.23890,-1.04742,-0.05323,
1703262423035944192,-17.01146,97.05588,-0.69774,0.03959,-0.06054,0.80433,-0.58976,0.07314,-0.93189,0.06768,
1703262423169380096,-17.01186,96.92039,-0.70041,0.03516,-0.05728,0.80440,-0.59027,-0.08370,-0.98914,0.03872,
1703262423302816512,-17.00750,96.77772,-0.70571,0.03481,-0.05151,0.80606,-0.58856,0.16499,-1.00498,-0.03616,
1703262423436253440,-16.98604,96.64534,-0.70389,0.03553,-0.05404,0.80570,-0.58878,0.13571,-0.97913,0.02393,
1703262423569691136,-16.96247,96.51165,-0.69946,0.03722,-0.05621,0.80437,-0.59030,0.18917,-1.03323,-0.00245,
1703262423703127296,-16.93846,96.36858,-0.70485,0.03793,-0.05651,0.80590,-0.58812,0.15333,-1.03414,-0.00067,
1703262423836563712,-16.92093,96.23084,-0.70189,0.03615,-0.05781,0.80549,-0.58867,0.07713,-1.00897,-0.02636,
1703262423970000384,-16.91659,96.09203,-0.70467,0.03614,-0.05512,0.80738,-0.58634,0.03122,-0.88729,0.15813,
1703262424103437568,-16.90470,95.96600,-0.70087,0.03780,-0.05449,0.80517,-0.58932,0.09128,-1.01652,-0.05929,
1703262424236875776,-16.89472,95.82592,-0.71058,0.03723,-0.05412,0.80683,-0.58712,0.06902,-1.05240,-0.08257,
1703262424370314240,-16.88430,95.68532,-0.71186,0.03641,-0.05241,0.80737,-0.58659,0.05680,-1.08713,-0.02508,
1703262424503753216,-16.86441,95.55369,-0.70619,0.03808,-0.05359,0.80574,-0.58861,0.13933,-0.99045,0.02682,
1703262424637192192,-16.83958,95.41400,-0.71298,0.03898,-0.05607,0.80805,-0.58514,0.20328,-0.91781,0.08553,
1703262424770628608,-16.81405,95.28230,-0.70807,0.04160,-0.05708,0.80667,-0.58676,0.15392,-1.00343,0.04045,
1703262424904065792,-16.79314,95.14997,-0.70674,0.04386,-0.05849,0.80595,-0.58746,0.15958,-1.02684,-0.08958,
1703262425104222720,-16.77877,94.94195,-0.71616,0.04221,-0.05617,0.80786,-0.58517,0.07015,-1.07630,-0.06083,
1703262425237661440,-16.76014,94.81024,-0.70640,0.04236,-0.05566,0.80546,-0.58851,0.20711,-1.03407,-0.06164,
1703262425371100416,-16.73191,94.67344,-0.70843,0.04499,-0.05883,0.80692,-0.58600,0.19466,-0.94785,0.08485,
1703262425504539904,-16.71496,94.53989,-0.71396,0.04376,-0.05931,0.80756,-0.58517,0.09887,-0.98370,0.04030,
1703262425637979904,-16.69308,94.41307,-0.70732,0.04552,-0.05816,0.80718,-0.58567,0.18265,-0.90270,0.02363,
1703262425771419648,-16.66968,94.28282,-0.70839,0.04691,-0.06100,0.80613,-0.58671,0.12862,-0.93777,0.05420,
1703262425904859392,-16.65252,94.15162,-0.70442,0.04923,-0.05996,0.80528,-0.58780,0.15187,-1.00924,-0.01091,
1703262426038300160,-16.63202,94.01651,-0.70509,0.04636,-0.05907,0.80548,-0.58785,0.23268,-0.97811,0.01891,
1703262426171741440,-16.59921,93.89268,-0.69540,0.04458,-0.06212,0.80413,-0.58951,0.29117,-0.88102,0.07346,
1703262426305183488,-16.55311,93.76746,-0.69500,0.04758,-0.06793,0.80332,-0.58975,0.32121,-0.92676,0.04227,
1703262426438625792,-16.52411,93.63417,-0.69890,0.04948,-0.07052,0.80480,-0.58726,0.07543,-0.97310,0.01352,
1703262426572068864,-16.53274,93.51614,-0.68471,0.04887,-0.06471,0.80239,-0.59127,-0.10349,-0.86529,0.03728,
1703262426705506048,-16.53965,93.38010,-0.69962,0.04107,-0.05918,0.80499,-0.58889,0.01226,-1.02367,-0.05112,
1703262426838940416,-16.52588,93.24862,-0.69739,0.04125,-0.05681,0.80472,-0.58949,0.18504,-0.98184,-0.03659,
1703262426972375040,-16.51480,93.11721,-0.69599,0.04124,-0.05750,0.80456,-0.58964,-0.01289,-0.97684,0.02099,
1703262427105809920,-16.52142,92.98573,-0.69812,0.03697,-0.05244,0.80543,-0.58921,-0.04831,-1.01161,-0.05704,
1703262427239245056,-16.51677,92.86486,-0.68775,0.03886,-0.04759,0.80461,-0.59062,0.22531,-0.86215,0.04559,
1703262427372680448,-16.49148,92.74366,-0.69034,0.04104,-0.05287,0.80436,-0.59036,0.13188,-0.92978,-0.02026,
1703262427506116096,-16.48132,92.61180,-0.70249,0.03905,-0.05246,0.80691,-0.58704,-0.07382,-0.97300,-0.06930,
1703262427639552000,-16.48597,92.48981,-0.69669,0.03783,-0.04709,0.80531,-0.58976,0.01579,-0.92831,0.05167,
1703262427772987904,-16.46648,92.36053,-0.69751,0.04115,-0.04780,0.80621,-0.58826,0.23293,-0.89812,0.03619,
1703262427906423808,-16.43707,92.23770,-0.69665,0.04085,-0.05283,0.80601,-0.58812,0.19863,-0.89878,0.00711,
1703262428039860224,-16.41446,92.11880,-0.69173,0.04032,-0.05216,0.80508,-0.58949,0.18335,-0.83045,0.11247,
1703262428173297152,-16.39946,91.99118,-0.69735,0.04009,-0.05285,0.80590,-0.58832,0.02930,-1.01575,-0.10727,
1703262428306734336,-16.41297,91.86629,-0.69232,0.03735,-0.04833,0.80630,-0.58835,-0.16765,-0.83917,0.08823,
1703262428440172032,-16.43001,91.74058,-0.69516,0.03144,-0.04068,0.80680,-0.58858,0.03808,-0.97623,-0.03763,
1703262428573609728,-16.41122,91.62053,-0.68560,0.03467,-0.04218,0.80441,-0.59156,0.26727,-0.95293,-0.01446,
1703262428707046912,-16.37779,91.49429,-0.68933,0.03637,-0.04935,0.80521,-0.58981,0.14135,-0.95541,-0.04230,
1703262428840483328,-16.36692,91.36876,-0.68955,0.03615,-0.04621,0.80527,-0.58999,0.04127,-0.94764,0.00033,
1703262428973920000,-16.36187,91.24456,-0.68942,0.03773,-0.04310,0.80703,-0.58773,0.02162,-0.84149,0.06591,
1703262429107357440,-16.35711,91.12647,-0.68608,0.04449,-0.04452,0.80522,-0.58963,0.03589,-0.96440,-0.05546,
1703262429240794880,-16.35263,90.99974,-0.68997,0.04021,-0.04467,0.80580,-0.58912,-0.03643,-0.91786,0.03155,
1703262429374232832,-16.33718,90.87728,-0.68765,0.03575,-0.04069,0.80586,-0.58962,0.29256,-0.91785,-0.06736,
1703262429507670784,-16.30235,90.75410,-0.69303,0.03405,-0.04594,0.80667,-0.58823,0.24175,-0.86270,0.06915,
1703262429641107712,-16.28120,90.63409,-0.69210,0.03766,-0.05023,0.80586,-0.58876,-0.00066,-0.91174,0.02452,
1703262429774537728,-16.29413,90.50594,-0.69205,0.03851,-0.04610,0.80607,-0.58876,-0.18066,-0.97863,-0.05427,
1703262429907967488,-16.31543,90.37659,-0.68885,0.03617,-0.03813,0.80557,-0.59017,-0.11940,-0.93577,0.06602,
1703262430041397248,-16.32072,90.24139,-0.69296,0.03353,-0.03408,0.80731,-0.58818,0.01231,-1.03949,-0.10225,
1703262430174826752,-16.31746,90.11004,-0.69262,0.03094,-0.03262,0.80655,-0.58945,0.08455,-1.04926,-0.07650,
1703262430308256512,-16.30975,89.97618,-0.68943,0.03119,-0.03252,0.80649,-0.58952,0.04977,-0.93751,0.11101,
1703262430441686272,-16.31033,89.84187,-0.68994,0.03022,-0.03074,0.80703,-0.58893,-0.05424,-0.98666,0.00869,
1703262430575116032,-16.31028,89.70711,-0.69062,0.03003,-0.02863,0.80749,-0.58841,0.03989,-0.99433,-0.01295,
1703262430708546048,-16.29679,89.56884,-0.69365,0.03383,-0.03007,0.80849,-0.58676,0.12064,-1.01090,-0.01482,
1703262430841976576,-16.28604,89.44073,-0.68550,0.03680,-0.03073,0.80649,-0.58931,0.04184,-0.94841,0.05975,
1703262430975406848,-16.27660,89.29964,-0.69962,0.03541,-0.02971,0.80996,-0.58467,0.10272,-1.02367,-0.11882,
1703262431108837376,-16.26052,89.17135,-0.69251,0.03477,-0.03030,0.80676,-0.58907,0.20493,-1.01557,-0.00217,
1703262431242268160,-16.22217,89.03603,-0.69511,0.03785,-0.03489,0.80826,-0.58657,0.37064,-0.91476,0.07593,
1703262431375698688,-16.18031,88.90820,-0.69188,0.03990,-0.04236,0.80695,-0.58775,0.23757,-1.04381,-0.09939,
1703262431509128960,-16.16009,88.77125,-0.69833,0.04207,-0.04319,0.80824,-0.58576,0.11410,-0.98320,0.03307,
1703262431642558976,-16.14125,88.64512,-0.68807,0.04538,-0.04405,0.80696,-0.58721,0.16978,-0.93288,0.07393,
1703262431775982336,-16.11970,88.51332,-0.68862,0.04567,-0.04578,0.80668,-0.58745,0.11938,-0.95173,0.04861,
1703262431909405440,-16.10561,88.38048,-0.68713,0.04519,-0.04423,0.80671,-0.58756,0.16666,-1.01171,-0.03503,
1703262432042828288,-16.08283,88.25466,-0.68404,0.05101,-0.04700,0.80626,-0.58748,0.14405,-0.90641,0.03200,
1703262432176251136,-16.07357,88.12439,-0.68707,0.04781,-0.04721,0.80612,-0.58793,0.01998,-1.02681,-0.07900,
1703262432309673728,-16.06525,87.99326,-0.68375,0.04574,-0.04338,0.80532,-0.58948,0.12246,-0.99845,0.00982,
1703262432443096320,-16.04204,87.85523,-0.68944,0.04452,-0.04478,0.80721,-0.58688,0.18749,-0.92098,0.11866,
1703262432576518656,-16.01187,87.71879,-0.69198,0.04760,-0.04860,0.80675,-0.58696,0.19420,-1.06340,-0.03448,
1703262432709934592,-15.98719,87.58595,-0.68694,0.05181,-0.05093,0.80688,-0.58623,0.16633,-0.95586,0.00870,
1703262432843345408,-15.97048,87.45426,-0.68728,0.05048,-0.05073,0.80656,-0.58680,0.09957,-1.02436,-0.02830,
1703262432976755968,-15.94671,87.32161,-0.68080,0.05046,-0.05006,0.80577,-0.58794,0.22997,-0.92625,0.12567,
1703262433110165760,-15.90917,87.18635,-0.67914,0.04970,-0.05506,0.80555,-0.58787,0.23669,-1.06207,-0.08853,
1703262433243575040,-15.87409,87.05431,-0.67468,0.05028,-0.05773,0.80421,-0.58939,0.27972,-1.03520,-0.06500,
1703262433376984064,-15.83604,86.91949,-0.67693,0.05328,-0.06174,0.80475,-0.58799,0.24448,-0.98373,0.04878,
1703262433510392576,-15.80750,86.78334,-0.67702,0.05421,-0.06379,0.80491,-0.58746,0.21836,-0.99293,0.05849,
1703262433643800832,-15.77981,86.64772,-0.67722,0.05615,-0.06482,0.80578,-0.58597,0.20933,-0.96736,0.04252,
1703262433777202432,-15.75530,86.51345,-0.67417,0.05691,-0.06507,0.80489,-0.58709,0.15967,-0.99909,0.07165,
1703262433910603264,-15.72436,86.38281,-0.66451,0.05710,-0.06770,0.80286,-0.58955,0.20468,-1.02477,-0.08440,
1703262434044003584,-15.70559,86.23757,-0.67848,0.05532,-0.06622,0.80535,-0.58649,0.09059,-1.00241,0.07996,
1703262434177402624,-15.69648,86.09541,-0.67936,0.05353,-0.06386,0.80585,-0.58622,-0.00021,-1.07937,-0.04634,
1703262434310801664,-15.70269,85.95441,-0.67619,0.05104,-0.05868,0.80573,-0.58715,-0.06833,-1.08916,-0.02353,
1703262434444199680,-15.70618,85.81041,-0.68135,0.04665,-0.05401,0.80697,-0.58627,0.01459,-1.05044,0.02188,
1703262434577597184,-15.69202,85.67118,-0.68197,0.04825,-0.05335,0.80755,-0.58540,0.16392,-1.03607,-0.01497,
1703262434710992896,-15.67123,85.53344,-0.68341,0.04832,-0.05465,0.80699,-0.58605,0.12378,-1.04160,0.02444,
1703262434844385536,-15.65508,85.40045,-0.67615,0.04790,-0.05409,0.80580,-0.58776,0.12366,-0.99362,0.06376,
1703262434977777664,-15.64133,85.26731,-0.67393,0.04780,-0.05267,0.80570,-0.58803,0.12841,-1.00346,-0.00302,
1703262435111169024,-15.62330,85.12732,-0.67761,0.04702,-0.05309,0.80578,-0.58795,0.16758,-1.07561,-0.01790,
1703262435244559616,-15.59549,84.98930,-0.67562,0.04614,-0.05600,0.80526,-0.58847,0.19579,-1.02477,0.00152,
1703262435377948928,-15.57872,84.84754,-0.68068,0.04629,-0.05531,0.80736,-0.58563,0.10419,-1.00323,0.02854,
1703262435511337728,-15.57383,84.71407,-0.67786,0.04565,-0.05387,0.80568,-0.58813,-0.04593,-1.05209,-0.08328,
1703262435644725504,-15.58026,84.57444,-0.67615,0.04453,-0.04829,0.80580,-0.58854,0.00665,-1.02032,0.01793,
1703262435778110976,-15.57800,84.43216,-0.67936,0.04191,-0.04582,0.80722,-0.58698,0.03800,-1.02211,0.06284,
1703262435911495424,-15.56895,84.30813,-0.66031,0.04588,-0.04403,0.80340,-0.59204,0.12752,-0.95156,0.06655,
1703262436044878592,-15.55253,84.16927,-0.67128,0.04337,-0.04545,0.80527,-0.58957,0.12084,-1.05642,-0.08887,
1703262436178260736,-15.53627,84.03605,-0.66569,0.04406,-0.04500,0.80434,-0.59082,0.14681,-0.96100,0.03981,
1703262436311641856,-15.51609,83.90339,-0.66479,0.04475,-0.04612,0.80440,-0.59060,0.18169,-0.95937,0.07468,
1703262436445021952,-15.48920,83.76791,-0.67651,0.04781,-0.04904,0.80639,-0.58741,0.15968,-1.00787,-0.08182,
1703262436578401024,-15.46712,83.63750,-0.67467,0.04941,-0.05157,0.80583,-0.58782,0.10955,-0.96310,0.01481,
1703262436711779072,-15.46103,83.50607,-0.67342,0.04755,-0.04846,0.80561,-0.58854,0.04909,-0.97218,0.06224,
1703262436845155328,-15.44547,83.37529,-0.67158,0.04533,-0.04759,0.80544,-0.58902,0.16426,-0.97863,-0.00352,
1703262436978530048,-15.42389,83.23913,-0.67727,0.04480,-0.04894,0.80625,-0.58785,0.13436,-1.01689,-0.00076,
1703262437111904000,-15.41386,83.10456,-0.67689,0.04525,-0.04944,0.80617,-0.58788,-0.00776,-1.06625,-0.09425,
1703262437245276160,-15.41874,82.96434,-0.67994,0.04285,-0.04544,0.80758,-0.58644,-0.03856,-0.96087,0.07093,
1703262437445332480,-15.41996,82.75700,-0.68081,0.03883,-0.03955,0.80825,-0.58623,0.07297,-1.05767,-0.04992,
1703262437578702336,-15.40177,82.62878,-0.68166,0.04149,-0.04300,0.80926,-0.58440,0.09470,-0.89835,0.06616,
1703262437712073216,-15.40326,82.49942,-0.68116,0.04023,-0.04002,0.80850,-0.58575,-0.04838,-1.02411,-0.00918,
1703262437845443584,-15.40345,82.36932,-0.68142,0.03763,-0.03622,0.80927,-0.58511,0.09288,-0.92802,0.03463,
1703262437978812672,-15.38759,82.24255,-0.68082,0.03827,-0.03793,0.80915,-0.58513,0.10812,-0.92394,0.05729,
1703262438112180480,-15.37079,82.11535,-0.67530,0.03866,-0.03839,0.80777,-0.58698,0.14164,-0.94855,0.01022,
1703262438245546752,-15.35484,81.98857,-0.67918,0.03677,-0.03958,0.80772,-0.58708,0.09656,-0.99912,-0.02712,
1703262438378912256,-15.34149,81.86664,-0.67349,0.04005,-0.03938,0.80664,-0.58837,0.14837,-0.87072,0.06363,
1703262438512275968,-15.32478,81.74043,-0.67319,0.04088,-0.04146,0.80651,-0.58834,0.08463,-0.94203,-0.01004,
1703262438645638656,-15.31286,81.61765,-0.67442,0.03790,-0.04056,0.80658,-0.58852,0.11586,-0.97237,-0.06701,
1703262438779005184,-15.28900,81.49638,-0.67005,0.03799,-0.04223,0.80578,-0.58949,0.21911,-0.93803,-0.03338,
1703262438912370688,-15.25801,81.37564,-0.66852,0.03823,-0.04676,0.80525,-0.58985,0.19996,-0.91672,0.00133,
1703262439045734656,-15.23983,81.25139,-0.67083,0.03972,-0.04731,0.80602,-0.58866,0.06206,-0.86402,0.07774,
1703262439179097088,-15.23265,81.13500,-0.66235,0.03973,-0.04613,0.80474,-0.59049,0.05104,-0.87071,0.02437,
1703262439312458496,-15.22160,81.01709,-0.66686,0.03873,-0.04596,0.80572,-0.58924,0.09155,-0.87351,-0.01899,
1703262439445818624,-15.21081,80.90171,-0.66392,0.03731,-0.04628,0.80489,-0.59044,0.10109,-0.85869,0.01380,
1703262439579177216,-15.19662,80.78788,-0.66097,0.03733,-0.04613,0.80493,-0.59039,0.10545,-0.80913,0.05694,
1703262439712539136,-15.18668,80.67597,-0.65947,0.03960,-0.04611,0.80485,-0.59036,0.00251,-0.83591,-0.01451,
1703262439845900032,-15.19116,80.55959,-0.66376,0.03980,-0.04324,0.80633,-0.58853,0.00245,-0.85913,-0.03293,
1703262439979259136,-15.18452,80.45211,-0.65872,0.03826,-0.04340,0.80512,-0.59028,0.06246,-0.78130,0.03199,
1703262440112617472,-15.16998,80.34512,-0.65779,0.03414,-0.04368,0.80528,-0.59029,0.15968,-0.76640,0.03079,
1703262440245973760,-15.14493,80.24300,-0.66085,0.03587,-0.04561,0.80613,-0.58888,0.19984,-0.67859,0.06195,
1703262440379329280,-15.12660,80.14741,-0.65923,0.04143,-0.04917,0.80486,-0.58997,0.01933,-0.74738,-0.02331,
1703262440512683008,-15.13677,80.04761,-0.65999,0.04103,-0.04639,0.80512,-0.58987,-0.09335,-0.73457,-0.00896,
1703262440646058496,-15.14442,79.95135,-0.65637,0.03875,-0.03992,0.80512,-0.59050,0.04187,-0.72720,-0.00679,
1703262440779419904,-15.12816,79.85468,-0.66014,0.03564,-0.04080,0.80550,-0.59012,0.16479,-0.70244,0.00753,
1703262440912780288,-15.10276,79.76445,-0.65864,0.03699,-0.04497,0.80517,-0.59018,0.20061,-0.68980,-0.00286,
1703262441046139136,-15.08374,79.67547,-0.65848,0.03743,-0.04745,0.80465,-0.59066,0.12284,-0.70575,-0.05603,
1703262441179496704,-15.07395,79.58372,-0.65985,0.03817,-0.04705,0.80547,-0.58953,0.04353,-0.64140,0.01354,
1703262441312853248,-15.06947,79.50393,-0.65832,0.03812,-0.04541,0.80603,-0.58890,0.07084,-0.55467,0.01460,
1703262441446208256,-15.05354,79.43110,-0.66086,0.03734,-0.04699,0.80595,-0.58893,0.11991,-0.52589,0.00708,
1703262441579561984,-15.03584,79.35682,-0.66019,0.03874,-0.04892,0.80535,-0.58951,0.12305,-0.57089,0.00167,
1703262441712921856,-15.02469,79.27886,-0.66038,0.04049,-0.04991,0.80518,-0.58953,0.04131,-0.59387,-0.00847,
1703262441846287616,-15.02197,79.19946,-0.66020,0.03918,-0.04832,0.80601,-0.58863,0.01853,-0.56801,-0.00415,
1703262441979652096,-15.01345,79.12337,-0.66154,0.04044,-0.04797,0.80661,-0.58774,0.07499,-0.57434,-0.04992,
1703262442113015552,-15.00495,79.04858,-0.66127,0.04197,-0.04901,0.80679,-0.58731,0.02316,-0.55407,0.01797,
1703262442246378240,-15.00453,78.97597,-0.65710,0.04053,-0.04658,0.80580,-0.58895,0.04273,-0.55674,0.02040,
1703262442379739648,-14.99015,78.90401,-0.65573,0.03942,-0.04710,0.80563,-0.58923,0.13849,-0.53665,-0.00185,
1703262442513100032,-14.97794,78.83099,-0.65485,0.03885,-0.04799,0.80590,-0.58882,0.05283,-0.51818,0.03424,
1703262442646459904,-14.97589,78.76182,-0.65425,0.03734,-0.04669,0.80572,-0.58927,0.04589,-0.53658,-0.00434,
1703262442779821312,-14.96778,78.68828,-0.65830,0.03668,-0.04712,0.80616,-0.58868,0.12939,-0.57168,-0.04529,
1703262442913181696,-14.95075,78.61623,-0.65734,0.03805,-0.04914,0.80570,-0.58906,0.16650,-0.54254,-0.00608,
1703262443046541312,-14.93369,78.54607,-0.65525,0.04041,-0.05165,0.80493,-0.58973,0.10136,-0.53238,0.00913,
1703262443179899648,-14.92489,78.47134,-0.65747,0.04087,-0.05241,0.80486,-0.58973,0.02255,-0.60072,-0.04259,
1703262443313256960,-14.92464,78.38823,-0.66461,0.04089,-0.05042,0.80600,-0.58835,0.03613,-0.60528,-0.01472,
1703262443446613248,-14.91354,78.30751,-0.66346,0.04154,-0.05149,0.80589,-0.58836,0.10494,-0.59577,0.01440,
1703262443579968512,-14.90137,78.22472,-0.66395,0.04167,-0.05209,0.80560,-0.58869,0.12090,-0.62632,0.01306,
1703262443713328384,-14.88297,78.13847,-0.66397,0.04174,-0.05380,0.80591,-0.58811,0.11552,-0.62780,0.02596,
1703262443846691328,-14.86834,78.05580,-0.66054,0.04181,-0.05497,0.80544,-0.58863,0.10293,-0.60443,0.00968,
1703262443980053504,-14.85358,77.96695,-0.66314,0.04358,-0.05543,0.80578,-0.58800,0.11855,-0.67887,-0.00366,
1703262444113414656,-14.84015,77.87349,-0.66599,0.04377,-0.05586,0.80598,-0.58767,0.11763,-0.75293,-0.07019,
1703262444246775296,-14.82582,77.77476,-0.66789,0.04541,-0.05635,0.80610,-0.58734,0.14910,-0.77063,-0.00035,
1703262444380134912,-14.80700,77.67490,-0.66679,0.04650,-0.05837,0.80575,-0.58754,0.12308,-0.73017,0.05222,
1703262444513493248,-14.79063,77.56874,-0.66778,0.04540,-0.05808,0.80625,-0.58696,0.18788,-0.76671,0.00046,
1703262444646851072,-14.76462,77.46469,-0.66800,0.04776,-0.05919,0.80588,-0.58717,0.22243,-0.80232,-0.00448,
1703262444780221440,-14.74378,77.36237,-0.65788,0.05165,-0.06117,0.80430,-0.58880,0.11554,-0.74786,0.07874,
1703262444913591296,-14.73392,77.24839,-0.66234,0.05116,-0.06035,0.80483,-0.58821,0.05721,-0.87258,-0.07018,
1703262445046960640,-14.72387,77.13984,-0.65656,0.05154,-0.05893,0.80432,-0.58901,0.09894,-0.73998,0.12134,
1703262445180329216,-14.71401,77.03341,-0.65141,0.04908,-0.05722,0.80335,-0.59071,0.11576,-0.84710,-0.02082,
1703262445313697536,-14.68722,76.91922,-0.65824,0.04921,-0.05899,0.80406,-0.58956,0.28851,-0.87956,-0.05451,
1703262445447065088,-14.65428,76.80082,-0.66139,0.05040,-0.06311,0.80444,-0.58852,0.23246,-0.86883,-0.00219,
1703262445580432128,-14.63097,76.68173,-0.65655,0.04888,-0.06393,0.80370,-0.58956,0.14157,-0.90026,-0.00437,
1703262445713808896,-14.60691,76.56058,-0.65768,0.04934,-0.06280,0.80381,-0.58951,0.29169,-0.91149,-0.00518,
1703262445847197440,-14.57243,76.43560,-0.65562,0.05050,-0.06760,0.80350,-0.58930,0.17389,-0.92031,0.03185,
1703262445980586240,-14.54785,76.30641,-0.65498,0.05313,-0.06898,0.80333,-0.58913,0.17289,-0.92696,0.05234,
1703262446113974528,-14.51849,76.17352,-0.65595,0.05417,-0.06997,0.80390,-0.58815,0.27378,-0.96596,0.03844,
1703262446247363328,-14.48358,76.04171,-0.65486,0.05448,-0.07238,0.80333,-0.58860,0.26904,-1.01560,-0.04658,
1703262446380751872,-14.44634,75.90930,-0.65362,0.05466,-0.07393,0.80326,-0.58850,0.24667,-0.99473,-0.02316,
1703262446514140672,-14.41701,75.77517,-0.65383,0.05705,-0.07526,0.80368,-0.58752,0.18301,-1.00531,-0.01359,
1703262446647528704,-14.40485,75.63974,-0.65129,0.05736,-0.07481,0.80300,-0.58848,-0.00590,-0.99311,0.01872,
1703262446780929280,-14.39685,75.49846,-0.65319,0.05587,-0.07070,0.80497,-0.58643,0.15064,-1.03137,-0.03912,
1703262446914330368,-14.36911,75.36632,-0.65460,0.05491,-0.07046,0.80443,-0.58730,0.25950,-0.94489,0.04091,
1703262447047732480,-14.32988,75.22852,-0.65652,0.05575,-0.07376,0.80463,-0.58653,0.24898,-1.02226,0.01558,
1703262447181134592,-14.30475,75.09088,-0.65500,0.05710,-0.07478,0.80371,-0.58754,0.15080,-1.06004,-0.02648,
1703262447314537216,-14.29165,74.94874,-0.65035,0.05674,-0.07071,0.80345,-0.58842,0.14742,-1.03642,0.02316,
1703262447447940608,-14.26598,74.80314,-0.65165,0.05428,-0.07164,0.80428,-0.58741,0.20934,-1.03119,0.08223,
1703262447581344256,-14.23525,74.65787,-0.65299,0.05478,-0.07310,0.80485,-0.58641,0.21104,-1.04752,0.05842,
1703262447714748928,-14.21166,74.51700,-0.64612,0.05570,-0.07241,0.80353,-0.58821,0.13514,-1.10361,-0.02836,
1703262447848155648,-14.19430,74.37823,-0.63853,0.05358,-0.07169,0.80207,-0.59049,0.14795,-1.10816,-0.09317,
1703262447981563648,-14.17378,74.23483,-0.64059,0.05417,-0.06950,0.80344,-0.58883,0.27565,-0.98403,0.09627,
1703262448114971648,-14.12709,74.09863,-0.63626,0.05780,-0.07471,0.80243,-0.58923,0.34564,-1.00941,0.05449,
1703262448248380928,-14.09014,73.95911,-0.63665,0.05985,-0.07754,0.80323,-0.58756,0.20180,-0.99267,0.05224,
1703262448381790720,-14.06566,73.82202,-0.62956,0.05841,-0.07705,0.80228,-0.58906,0.25199,-1.03459,0.02970,
1703262448515200768,-14.03840,73.69090,-0.62066,0.05437,-0.07678,0.80018,-0.59234,0.20591,-0.95701,0.09170,
1703262448648612352,-13.99621,73.55528,-0.62565,0.05668,-0.08097,0.80123,-0.59014,0.33188,-0.97874,0.05694,
1703262448782019072,-13.97818,73.42216,-0.62207,0.05878,-0.08005,0.79968,-0.59216,0.06147,-1.15017,-0.11904,
1703262448915426560,-13.98083,73.27589,-0.62133,0.05544,-0.07440,0.80130,-0.59102,-0.02957,-1.00350,0.09478,
1703262449048834816,-13.97791,73.13084,-0.62194,0.05293,-0.06964,0.80219,-0.59063,0.06662,-1.10696,-0.06740,
1703262449182243584,-13.97167,72.98926,-0.62339,0.05200,-0.06768,0.80277,-0.59014,0.02813,-1.02209,-0.01506,
1703262449315653120,-13.97834,72.85486,-0.62900,0.05094,-0.06394,0.80418,-0.58874,-0.04958,-1.01806,-0.04849,
1703262449449063424,-13.99137,72.72396,-0.62911,0.04254,-0.05643,0.80425,-0.59007,-0.12477,-0.97242,-0.01744,
1703262449582474240,-13.98744,72.59257,-0.63174,0.03753,-0.04992,0.80548,-0.58932,0.20106,-0.94962,0.01587,
1703262449715881472,-13.95082,72.46812,-0.62902,0.04052,-0.05690,0.80428,-0.59013,0.21219,-0.89668,0.04025,
1703262449849284864,-13.94524,72.33687,-0.63303,0.04240,-0.05697,0.80492,-0.58912,-0.06340,-0.99311,-0.02345,
1703262449982688768,-13.95712,72.20195,-0.63298,0.04208,-0.05035,0.80532,-0.58920,0.00799,-1.04044,-0.06103,
1703262450116092928,-13.95084,72.06927,-0.62870,0.03666,-0.04817,0.80489,-0.59033,0.11261,-0.95243,0.07430,
1703262450249497856,-13.92069,71.94046,-0.62646,0.03722,-0.05024,0.80466,-0.59044,0.32610,-0.98589,-0.02506,
1703262450382903040,-13.88614,71.81161,-0.62761,0.04002,-0.05558,0.80506,-0.58923,0.19116,-0.91115,0.03558,
1703262450516308992,-13.87436,71.67621,-0.62782,0.04086,-0.05501,0.80502,-0.58928,0.02250,-1.00595,0.03456,
1703262450649715200,-13.86615,71.54379,-0.62355,0.04096,-0.05364,0.80431,-0.59037,0.06402,-0.98526,-0.00749,
1703262450783120896,-13.85339,71.40666,-0.62818,0.04089,-0.05334,0.80638,-0.58756,0.12860,-0.90506,0.05432,
1703262450916527104,-13.84201,71.28322,-0.61998,0.04339,-0.05263,0.80591,-0.58810,0.05874,-0.91875,0.06863,
1703262451049933824,-13.83271,71.15695,-0.62168,0.03786,-0.05197,0.80644,-0.58781,0.04648,-0.96883,-0.04955,
1703262451183341312,-13.81748,71.03233,-0.61983,0.03993,-0.05052,0.80605,-0.58834,0.22515,-0.92056,-0.00063,
1703262451316749312,-13.79515,70.91259,-0.61501,0.04391,-0.05383,0.80528,-0.58881,0.12743,-0.90890,0.00281,
1703262451450157824,-13.78499,70.78482,-0.61896,0.04301,-0.05410,0.80599,-0.58788,0.01376,-0.95404,0.00110,
1703262451583567104,-13.78515,70.65879,-0.60942,0.04315,-0.04811,0.80487,-0.58993,0.10034,-0.90370,0.10475,
1703262451716972032,-13.76440,70.53223,-0.60992,0.04170,-0.05029,0.80437,-0.59052,0.22255,-0.99722,-0.09503,
1703262451850371584,-13.74226,70.39782,-0.61440,0.04146,-0.05216,0.80562,-0.58867,0.11882,-1.00744,-0.06143,
1703262451983771648,-13.73121,70.26825,-0.61129,0.04167,-0.05091,0.80548,-0.58896,0.02384,-0.99499,0.00920,
1703262452117171712,-13.73001,70.13300,-0.61280,0.04048,-0.04811,0.80568,-0.58900,0.01658,-1.02594,-0.03641,
1703262452250572544,-13.72088,69.99343,-0.61743,0.04142,-0.04636,0.80670,-0.58768,0.10658,-1.05487,-0.05339,
1703262452383973376,-13.70523,69.86078,-0.61284,0.03882,-0.04722,0.80557,-0.58933,0.07467,-0.98951,-0.02737,
1703262452517374720,-13.68573,69.72659,-0.61960,0.03917,-0.04709,0.80752,-0.58665,0.22198,-0.99865,-0.04656,
1703262452650776576,-13.66484,69.59838,-0.61669,0.03911,-0.04944,0.80689,-0.58733,0.14596,-0.97998,-0.07410,
1703262452784176896,-13.65489,69.47019,-0.62209,0.03634,-0.04832,0.80822,-0.58577,0.14118,-0.91518,0.02565,
1703262452917577216,-13.63074,69.35270,-0.61692,0.03793,-0.05045,0.80756,-0.58640,0.22064,-0.89568,0.00316,
1703262453050978048,-13.60376,69.23775,-0.61633,0.04484,-0.05460,0.80747,-0.58566,0.14827,-0.88152,-0.01331,
1703262453184379136,-13.59670,69.12014,-0.61289,0.04356,-0.05405,0.80671,-0.58686,-0.05849,-0.92158,0.01167,
1703262453317780480,-13.60097,69.00305,-0.60790,0.04522,-0.04827,0.80746,-0.58620,-0.00737,-0.78882,0.07371,
1703262453451182336,-13.60137,68.88988,-0.60433,0.04362,-0.04736,0.80634,-0.58793,-0.00447,-0.88334,-0.04389,
1703262453584584448,-13.59229,68.77352,-0.60820,0.04328,-0.04625,0.80703,-0.58711,0.18625,-0.83041,0.03440,
1703262453717988864,-13.56048,68.65872,-0.60871,0.04550,-0.05040,0.80660,-0.58719,0.22803,-0.87286,-0.05512,
1703262453851401472,-13.53963,68.53725,-0.61973,0.04856,-0.05249,0.80760,-0.58538,0.06909,-0.84907,0.04409,
1703262453984814592,-13.53406,68.42032,-0.61793,0.04957,-0.05018,0.80728,-0.58594,0.05706,-0.87275,-0.02084,
1703262454118228224,-13.52874,68.30255,-0.61977,0.04825,-0.04859,0.80777,-0.58550,0.04541,-0.88216,0.02355,
1703262454251642624,-13.51354,68.18804,-0.61900,0.04795,-0.04828,0.80739,-0.58608,0.15120,-0.88786,-0.05958,
1703262454385057792,-13.48889,68.07135,-0.61726,0.05299,-0.05063,0.80790,-0.58475,0.20065,-0.78393,0.08208,
1703262454518473216,-13.47328,67.96235,-0.61326,0.05664,-0.05326,0.80783,-0.58427,-0.00085,-0.78321,-0.01568,
1703262454651889408,-13.47812,67.85560,-0.61845,0.05076,-0.04887,0.80852,-0.58423,-0.01776,-0.76509,0.03472,
1703262454785282304,-13.46502,67.74895,-0.62378,0.04568,-0.04551,0.80891,-0.58438,0.27392,-0.79125,-0.01189,
1703262454918671360,-13.42331,67.64638,-0.62098,0.04903,-0.05178,0.80788,-0.58502,0.34213,-0.76691,-0.00357,
1703262455052060672,-13.39514,67.54620,-0.62038,0.05488,-0.05881,0.80689,-0.58520,0.05335,-0.79140,-0.00452,
1703262455185449472,-13.40051,67.43789,-0.62492,0.05402,-0.05481,0.80879,-0.58304,-0.07448,-0.79543,-0.01782,
1703262455318838272,-13.39787,67.34000,-0.62080,0.05469,-0.05100,0.80886,-0.58323,0.06956,-0.71944,-0.04937,
1703262455452227328,-13.38983,67.25170,-0.61777,0.05615,-0.05132,0.80861,-0.58341,0.03469,-0.62342,0.05271,
1703262455585616128,-13.38513,67.16218,-0.61893,0.05271,-0.04947,0.80823,-0.58441,0.03650,-0.63324,0.03973,
1703262455719004416,-13.37239,67.07398,-0.61727,0.04924,-0.04744,0.80751,-0.58588,0.18696,-0.66629,-0.01662,
1703262455852390912,-13.34446,66.98457,-0.62190,0.04620,-0.05044,0.80834,-0.58473,0.21848,-0.66424,-0.04234,
1703262455985777920,-13.31415,66.89885,-0.62183,0.04711,-0.05448,0.80763,-0.58527,0.22785,-0.66015,0.00081,
1703262456119164416,-13.28914,66.81065,-0.62102,0.05110,-0.05878,0.80689,-0.58555,0.10004,-0.67428,-0.00254,
1703262456252550912,-13.28402,66.71640,-0.62132,0.05008,-0.05777,0.80646,-0.58633,-0.01092,-0.72072,-0.02668,
1703262456385937152,-13.27048,66.61954,-0.62152,0.04853,-0.05547,0.80757,-0.58514,0.16488,-0.65205,0.02123,
1703262456519323392,-13.24553,66.52992,-0.61817,0.04963,-0.05819,0.80592,-0.58706,0.19971,-0.68707,0.01703,
1703262456652709120,-13.22338,66.43501,-0.62115,0.05100,-0.06087,0.80678,-0.58549,0.15369,-0.69966,-0.03187,
1703262456786093824,-13.20576,66.34898,-0.62065,0.05476,-0.06197,0.80733,-0.58427,0.10179,-0.58550,0.06286,
1703262456919478016,-13.19828,66.26804,-0.61361,0.05646,-0.06118,0.80579,-0.58632,0.01980,-0.61521,0.03774,
1703262457052861696,-13.19222,66.17873,-0.61613,0.05288,-0.05877,0.80633,-0.58615,0.11787,-0.65511,0.01497,
1703262457186245120,-13.17312,66.08792,-0.61434,0.05361,-0.05953,0.80538,-0.58732,0.19022,-0.70613,0.00049,
1703262457319628288,-13.14943,65.99559,-0.61147,0.05669,-0.06235,0.80499,-0.58728,0.15917,-0.65086,0.06192,
1703262457453010944,-13.13405,65.90153,-0.60905,0.05613,-0.06267,0.80473,-0.58765,0.12536,-0.71452,-0.04310,
1703262457586393600,-13.11759,65.80259,-0.61364,0.05496,-0.06221,0.80539,-0.58690,0.19756,-0.72170,-0.01617,
1703262457719776512,-13.08555,65.70543,-0.62069,0.05711,-0.06716,0.80642,-0.58473,0.24829,-0.74386,-0.07107,
1703262457853159936,-13.06073,65.61637,-0.62032,0.06310,-0.07044,0.80630,-0.58390,0.16031,-0.64093,0.03823,
1703262457986543104,-13.05343,65.52810,-0.61690,0.06508,-0.06924,0.80553,-0.58489,-0.02050,-0.70969,-0.02240,
1703262458119926016,-13.06005,65.43212,-0.61694,0.05856,-0.06298,0.80568,-0.58607,-0.01749,-0.72278,0.01077,
1703262458253308416,-13.03979,65.33228,-0.61914,0.05264,-0.06241,0.80569,-0.58668,0.30934,-0.77146,-0.01861,
1703262458386691072,-12.99387,65.23233,-0.61376,0.05376,-0.06878,0.80508,-0.58671,0.31612,-0.71427,0.06283,
1703262458520073216,-12.97106,65.13482,-0.60767,0.05577,-0.07075,0.80372,-0.58815,0.06386,-0.77342,-0.00009,
1703262458653455104,-12.96679,65.02359,-0.61090,0.05394,-0.06790,0.80470,-0.58731,0.04287,-0.86524,-0.03409,
1703262458786833920,-12.95164,64.91189,-0.60880,0.05425,-0.06727,0.80510,-0.58681,0.17979,-0.82374,0.00320,
1703262458920211200,-12.92576,64.80116,-0.60776,0.05342,-0.06907,0.80487,-0.58699,0.18296,-0.85908,-0.01878,
1703262459053588736,-12.89578,64.68801,-0.61070,0.05673,-0.07091,0.80642,-0.58432,0.24538,-0.80368,0.00914,
1703262459186964992,-12.87120,64.57538,-0.61255,0.05895,-0.07382,0.80616,-0.58410,0.10157,-0.86424,0.01204,
1703262459320341248,-12.85696,64.46018,-0.60839,0.06062,-0.07178,0.80570,-0.58483,0.13287,-0.82668,0.05860,
1703262459453716736,-12.83691,64.34372,-0.60647,0.06021,-0.07042,0.80559,-0.58519,0.22441,-0.83537,0.05302,
1703262459587091968,-12.81350,64.23229,-0.59915,0.06230,-0.07171,0.80446,-0.58636,0.21183,-0.88473,-0.06227,
1703262459720467456,-12.78687,64.11302,-0.60398,0.05886,-0.07419,0.80412,-0.58688,0.22491,-0.89971,-0.00866,
1703262459853842432,-12.74608,63.98920,-0.60830,0.05838,-0.07594,0.80528,-0.58511,0.39733,-0.88831,0.00447,
1703262459987217152,-12.70261,63.87204,-0.60411,0.06266,-0.08095,0.80360,-0.58630,0.24968,-0.89165,0.05586,
1703262460120591360,-12.68176,63.75239,-0.59872,0.06444,-0.08128,0.80300,-0.58688,0.11569,-0.90555,0.03154,
1703262460253964544,-12.66709,63.62156,-0.60761,0.05985,-0.07837,0.80604,-0.58358,0.12535,-0.93690,-0.01742,
1703262460387337728,-12.64366,63.50475,-0.59959,0.06110,-0.07866,0.80425,-0.58588,0.23324,-0.91341,-0.02308,
1703262460520709632,-12.61831,63.37694,-0.59980,0.06284,-0.07857,0.80385,-0.58626,0.23944,-0.97975,0.03345,
1703262460654081280,-12.59133,63.24678,-0.59831,0.06172,-0.07819,0.80442,-0.58565,0.20640,-0.94001,0.04842,
1703262460787455488,-12.56215,63.12248,-0.59281,0.06532,-0.07986,0.80304,-0.58693,0.18283,-0.93842,0.03580,
1703262460920829184,-12.53758,62.98772,-0.59799,0.06466,-0.08008,0.80301,-0.58701,0.20689,-1.04038,-0.05300,
1703262461120888832,-12.49621,62.79389,-0.60189,0.06628,-0.08169,0.80438,-0.58473,0.19900,-0.98650,-0.12339,
1703262461254260736,-12.48675,62.66752,-0.60280,0.06707,-0.08112,0.80473,-0.58423,-0.00349,-0.90299,0.06006,
1703262461387632384,-12.49205,62.53105,-0.60489,0.06003,-0.07409,0.80519,-0.58529,-0.00518,-0.98611,0.01804,
1703262461521003264,-12.47431,62.40417,-0.59850,0.05567,-0.07099,0.80406,-0.58767,0.21575,-0.89319,0.03876,
1703262461654373632,-12.44643,62.27692,-0.60425,0.05490,-0.07385,0.80519,-0.58583,0.19091,-0.96529,-0.07727,
1703262461787750656,-12.43007,62.16015,-0.60313,0.05615,-0.07552,0.80464,-0.58626,0.10295,-0.90201,-0.05920,
1703262461921129728,-12.42531,62.04503,-0.60138,0.05359,-0.07198,0.80436,-0.58732,0.01429,-0.84402,0.03730,
1703262462054508032,-12.41517,61.93717,-0.59380,0.05282,-0.06837,0.80437,-0.58781,0.15173,-0.73812,0.06519,
1703262462187886336,-12.39112,61.83727,-0.59121,0.05376,-0.07082,0.80362,-0.58846,0.19366,-0.75232,-0.06680,
1703262462321264384,-12.37130,61.73328,-0.60027,0.05379,-0.07319,0.80479,-0.58657,0.05873,-0.75915,-0.03800,
1703262462454641664,-12.36381,61.63417,-0.60087,0.05300,-0.07093,0.80557,-0.58584,0.09344,-0.68460,-0.01306,
1703262462588018688,-12.34754,61.54546,-0.59872,0.05484,-0.07079,0.80568,-0.58555,0.17550,-0.55351,0.08962,
1703262462721398528,-12.32862,61.47042,-0.59356,0.05793,-0.07312,0.80481,-0.58616,0.04659,-0.52282,0.05260,
1703262462854787328,-12.32869,61.39740,-0.59426,0.05461,-0.06999,0.80483,-0.58682,0.00294,-0.55240,-0.05922,
1703262462988175872,-12.31629,61.32342,-0.59981,0.05146,-0.06921,0.80607,-0.58550,0.19434,-0.52121,-0.03703,
1703262463121564416,-12.28709,61.25881,-0.59992,0.05441,-0.07415,0.80546,-0.58548,0.13765,-0.44899,0.03205,
1703262463254952960,-12.28589,61.19669,-0.59755,0.05547,-0.07298,0.80507,-0.58606,-0.09472,-0.43277,0.05961,
1703262463388341760,-12.29312,61.13625,-0.59774,0.05282,-0.06836,0.80547,-0.58630,0.04740,-0.44020,-0.03897,
1703262463521730048,-12.27323,61.08268,-0.60066,0.05184,-0.07044,0.80547,-0.58615,0.25495,-0.39342,-0.03502,
1703262463655118592,-12.24388,61.03266,-0.60180,0.05415,-0.07557,0.80528,-0.58556,0.17650,-0.37023,-0.01154,
1703262463788512768,-12.23594,60.98214,-0.60213,0.05492,-0.07599,0.80532,-0.58538,-0.01313,-0.37822,-0.01779,
1703262463921908992,-12.24068,60.93318,-0.60237,0.05378,-0.07328,0.80588,-0.58506,-0.00820,-0.33275,-0.00882,
1703262464055305728,-12.23273,60.89010,-0.60152,0.05364,-0.07345,0.80595,-0.58496,0.13357,-0.28945,-0.00692,
1703262464188702464,-12.21481,60.85494,-0.60147,0.05478,-0.07608,0.80583,-0.58468,0.10967,-0.23861,0.00401,
1703262464322099712,-12.20919,60.82621,-0.60084,0.05506,-0.07626,0.80589,-0.58455,-0.02488,-0.19251,0.00077,
1703262464455496704,-12.21382,60.80220,-0.60048,0.05531,-0.07463,0.80609,-0.58446,-0.01592,-0.13885,-0.00360,
1703262464588894464,-12.21175,60.78737,-0.60062,0.05580,-0.07476,0.80598,-0.58455,0.05133,-0.09065,-0.00308,
1703262464788994048,-12.20527,60.77080,-0.60029,0.05535,-0.07497,0.80587,-0.58471,-0.00532,-0.07236,-0.00007,
1703262464922396160,-12.20770,60.76127,-0.60003,0.05497,-0.07425,0.80581,-0.58493,-0.01833,-0.08689,0.00009,
1703262465055798784,-12.20975,60.74489,-0.60014,0.05495,-0.07362,0.80568,-0.58519,0.00721,-0.16415,-0.00057,
1703262465189201920,-12.20619,60.71855,-0.60051,0.05442,-0.07326,0.80557,-0.58543,0.05340,-0.24279,-0.00855,
1703262465322605312,-12.19910,60.68163,-0.60204,0.05336,-0.07302,0.80561,-0.58550,0.04814,-0.30723,-0.00738,
1703262465456009472,-12.19258,60.63850,-0.60307,0.05315,-0.07306,0.80571,-0.58538,0.06425,-0.33890,0.00071,
1703262465589413376,-12.18279,60.59219,-0.60141,0.05394,-0.07365,0.80574,-0.58518,0.04861,-0.33700,0.02806,
1703262465722818048,-12.17654,60.54824,-0.59523,0.05373,-0.07301,0.80493,-0.58641,0.05298,-0.31233,0.05821,
1703262465856225024,-12.16801,60.50566,-0.58864,0.05378,-0.07291,0.80411,-0.58754,0.07729,-0.31705,0.03218,
1703262465989632512,-12.16134,60.45873,-0.58615,0.05438,-0.07285,0.80386,-0.58783,0.02004,-0.38580,-0.01542,
1703262466123040512,-12.16220,60.40434,-0.58920,0.05417,-0.07039,0.80463,-0.58709,-0.02127,-0.44418,-0.04030,
1703262466256449024,-12.16149,60.34537,-0.59261,0.05249,-0.06834,0.80568,-0.58606,0.06331,-0.44876,-0.02324,
1703262466389858048,-12.14664,60.29160,-0.59251,0.05210,-0.06969,0.80572,-0.58587,0.14063,-0.37475,0.03185,
1703262466523267072,-12.12957,60.24084,-0.58951,0.05144,-0.07110,0.80506,-0.58667,0.09458,-0.37516,0.03319,
1703262466656677120,-12.11726,60.18787,-0.58701,0.04971,-0.07070,0.80449,-0.58765,0.09779,-0.42396,0.00938,
1703262466790088960,-12.09870,60.13294,-0.58586,0.04944,-0.07232,0.80410,-0.58800,0.16108,-0.42031,-0.01691,
1703262466923502336,-12.08085,60.07659,-0.58538,0.05094,-0.07462,0.80386,-0.58792,0.10657,-0.44546,-0.00813,
1703262467056916736,-12.07164,60.01745,-0.58486,0.05083,-0.07433,0.80362,-0.58829,0.08665,-0.44102,-0.01373,
1703262467190331648,-12.05543,59.95844,-0.58715,0.05050,-0.07537,0.80413,-0.58750,0.16044,-0.40602,0.00123,
1703262467323747328,-12.03830,59.90796,-0.58979,0.05382,-0.07785,0.80449,-0.58638,0.08362,-0.33746,-0.02360,
1703262467457163520,-12.03506,59.86845,-0.58851,0.05558,-0.07791,0.80464,-0.58599,-0.02326,-0.26057,-0.00441,
1703262467590580480,-12.03889,59.83834,-0.58685,0.05570,-0.07551,0.80459,-0.58638,-0.00027,-0.19327,0.00920,
1703262467723997184,-12.03475,59.81606,-0.58567,0.05607,-0.07539,0.80432,-0.58672,0.05889,-0.13811,0.01155,
1703262467857410816,-12.02935,59.80012,-0.58543,0.05653,-0.07595,0.80407,-0.58695,0.01298,-0.11122,0.00251,
1703262467990825216,-12.03162,59.78707,-0.58548,0.05602,-0.07485,0.80386,-0.58743,-0.02720,-0.08890,0.00161,
1703262468124240128,-12.03402,59.77590,-0.58524,0.05575,-0.07388,0.80390,-0.58752,0.01564,-0.06726,0.00054,
1703262468257655808,-12.03042,59.76758,-0.58515,0.05579,-0.07437,0.80372,-0.58770,0.03522,-0.05947,0.00184,
1703262468391072000,-12.02800,59.76024,-0.58404,0.05544,-0.07456,0.80358,-0.58790,0.00595,-0.05713,-0.00233,
1703262468524488704,-12.02799,59.75212,-0.58395,0.05520,-0.07423,0.80364,-0.58788,0.00646,-0.05782,-0.00363,
1703262468657906176,-12.02763,59.74554,-0.58421,0.05540,-0.07437,0.80352,-0.58801,0.01119,-0.04799,0.00103,
1703262468791324416,-12.02690,59.73900,-0.58456,0.05543,-0.07439,0.80350,-0.58803,0.00735,-0.04645,0.00153,
1703262468924743936,-12.02600,59.73304,-0.58489,0.05527,-0.07425,0.80343,-0.58816,0.00933,-0.04626,-0.00198,
1703262469058164224,-12.02458,59.72762,-0.58503,0.05525,-0.07437,0.80343,-0.58814,0.00622,-0.04077,-0.00027,
1703262469191585024,-12.02417,59.72242,-0.58533,0.05515,-0.07423,0.80346,-0.58814,0.00034,-0.03892,-0.00132,
1703262469325006592,-12.02423,59.71775,-0.58557,0.05507,-0.07404,0.80344,-0.58819,0.00897,-0.03404,-0.00029,
1703262469525140224,-12.02180,59.71154,-0.58581,0.05497,-0.07426,0.80345,-0.58816,0.00450,-0.03109,-0.00044,
1703262469658563840,-12.02106,59.70709,-0.58628,0.05480,-0.07427,0.80343,-0.58820,0.00165,-0.03076,-0.00203,
1703262469791990528,-12.02078,59.70337,-0.58661,0.05483,-0.07429,0.80344,-0.58819,0.01240,-0.02430,-0.00107,
1703262469925419776,-12.01937,59.70071,-0.58692,0.05478,-0.07440,0.80338,-0.58825,0.00888,-0.02247,-0.00162,
1703262470058850560,-12.01929,59.69757,-0.58711,0.05478,-0.07442,0.80338,-0.58826,0.00076,-0.02153,-0.00130,
1703262470192282368,-12.01953,59.69465,-0.58758,0.05482,-0.07439,0.80337,-0.58827,0.00724,-0.01711,-0.00146,
1703262470325715200,-12.01864,59.69261,-0.58788,0.05483,-0.07450,0.80332,-0.58832,0.01003,-0.01286,-0.00096,
1703262470525867264,-12.01858,59.69002,-0.58808,0.05483,-0.07454,0.80332,-0.58831,-0.00081,-0.00989,-0.00102,
1703262470659302912,-12.01863,59.68895,-0.58818,0.05473,-0.07449,0.80328,-0.58839,0.00404,-0.00778,-0.00083,
1703262470792728064,-12.01819,59.68777,-0.58808,0.05455,-0.07432,0.80327,-0.58843,0.00214,-0.01943,0.00028,
1703262470926149888,-12.01822,59.68201,-0.58816,0.05426,-0.07395,0.80331,-0.58845,0.00249,-0.07060,-0.00157,
1703262471059572224,-12.01686,59.66958,-0.58880,0.05402,-0.07381,0.80340,-0.58838,0.02682,-0.12698,-0.00416,
1703262471192995072,-12.01157,59.64949,-0.58931,0.05403,-0.07442,0.80353,-0.58811,0.05336,-0.17689,-0.00391,
1703262471326418688,-12.00661,59.62136,-0.59091,0.05442,-0.07504,0.80371,-0.58775,0.03706,-0.22912,-0.00350,
1703262471526555648,-11.99916,59.56802,-0.59108,0.05388,-0.07434,0.80396,-0.58755,0.03692,-0.29948,0.00908,
1703262471659980800,-11.99276,59.52506,-0.58981,0.05370,-0.07394,0.80371,-0.58796,0.07220,-0.35323,0.00757,
1703262471793402880,-11.98054,59.47338,-0.58901,0.05321,-0.07435,0.80323,-0.58862,0.10746,-0.42573,0.00177,
1703262471926824960,-11.96594,59.41288,-0.59102,0.05342,-0.07522,0.80319,-0.58854,0.11002,-0.47774,-0.00166,
1703262472126959360,-11.94906,59.31075,-0.58930,0.05250,-0.07518,0.80272,-0.58926,0.10145,-0.53257,0.01175,
1703262472260382976,-11.93017,59.23363,-0.59286,0.05133,-0.07626,0.80352,-0.58814,0.20004,-0.58086,-0.00670,
1703262472393807104,-11.90231,59.15750,-0.59360,0.05367,-0.07930,0.80350,-0.58756,0.21291,-0.54507,0.00396,
1703262472593944832,-11.88260,59.05024,-0.59193,0.05506,-0.08005,0.80323,-0.58769,-0.00851,-0.51642,0.00212,
1703262472727369216,-11.87995,58.98016,-0.59444,0.05297,-0.07736,0.80415,-0.58699,0.11892,-0.49539,-0.04574,
1703262472860791296,-11.86047,58.91936,-0.59755,0.05634,-0.08009,0.80489,-0.58529,0.16961,-0.40618,-0.01857,
1703262472994213888,-11.84894,58.86870,-0.59520,0.05934,-0.08222,0.80419,-0.58565,-0.05320,-0.36143,0.01819,
1703262473194348800,-11.86662,58.79792,-0.59339,0.05595,-0.07400,0.80485,-0.58619,-0.02293,-0.28054,0.01196,
1703262473327772672,-11.85654,58.76343,-0.59314,0.05611,-0.07437,0.80461,-0.58645,0.20169,-0.17513,0.02268,
1703262473461197568,-11.83059,58.74291,-0.59264,0.05911,-0.08049,0.80390,-0.58632,0.15102,-0.12115,0.00341,
1703262473594622720,-11.82648,58.72863,-0.59291,0.05903,-0.08048,0.80380,-0.58646,-0.07452,-0.10435,-0.01067,
1703262473728047360,-11.83818,58.71734,-0.59303,0.05736,-0.07693,0.80423,-0.58652,-0.04702,-0.03333,-0.00177,
1703262473861468672,-11.83618,58.71582,-0.59328,0.05815,-0.07795,0.80421,-0.58634,0.07832,0.03187,0.00083,
1703262473994891008,-11.83007,58.72252,-0.59321,0.05889,-0.07954,0.80388,-0.58650,0.00349,0.05249,-0.00261,
1703262474128313344,-11.83598,58.72902,-0.59360,0.05822,-0.07815,0.80405,-0.58652,-0.04774,0.05327,-0.00471,
1703262474261736448,-11.84013,58.73617,-0.59403,0.05836,-0.07790,0.80410,-0.58647,0.00136,0.05768,-0.00201,
1703262474395159808,-11.84009,58.74433,-0.59411,0.05876,-0.07838,0.80401,-0.58649,0.00019,0.05664,-0.00090,
1703262474595296000,-11.84446,58.75387,-0.59449,0.05834,-0.07740,0.80414,-0.58649,-0.01655,0.04296,-0.00183,
1703262474728719360,-11.84644,58.75996,-0.59508,0.05854,-0.07746,0.80409,-0.58652,-0.00594,0.04345,-0.00015,
1703262474862138880,-11.84860,58.76546,-0.59555,0.05871,-0.07745,0.80411,-0.58649,-0.01090,0.03675,-0.00098,
1703262474995558656,-11.85050,58.77005,-0.59563,0.05854,-0.07700,0.80419,-0.58645,-0.00393,0.02947,-0.00032,
1703262475128978944,-11.85115,58.77373,-0.59601,0.05854,-0.07695,0.80418,-0.58647,-0.00287,0.02221,-0.00023,
1703262475262399744,-11.85282,58.77615,-0.59668,0.05867,-0.07689,0.80415,-0.58650,-0.00817,0.01266,-0.00086,
1703262475395820544,-11.85397,58.77736,-0.59666,0.05862,-0.07665,0.80421,-0.58645,0.00527,0.00575,0.00160,
1703262475529242112,-11.85331,58.77801,-0.59653,0.05864,-0.07663,0.80421,-0.58646,0.00706,-0.00051,0.00126,
1703262475662663424,-11.85365,58.77754,-0.59645,0.05867,-0.07664,0.80424,-0.58642,-0.00176,-0.00568,0.00087,
1703262475796082944,-11.85403,58.77727,-0.59710,0.05863,-0.07654,0.80424,-0.58644,0.00416,0.00011,-0.00896,
1703262475929502208,-11.85574,58.78115,-0.59674,0.05841,-0.07617,0.80421,-0.58654,-0.01349,0.04713,0.00805,
1703262476062921216,-11.85757,58.78504,-0.59748,0.05862,-0.07623,0.80432,-0.58636,-0.00735,0.02690,-0.00071,
1703262476196340992,-11.86057,58.79028,-0.59848,0.05855,-0.07590,0.80454,-0.58611,-0.02778,0.07038,-0.00843,
1703262476329761024,-11.86534,58.80406,-0.60002,0.05802,-0.07522,0.80513,-0.58544,-0.05578,0.16417,-0.03595,
1703262476463181312,-11.87564,58.83421,-0.60298,0.05718,-0.07418,0.80590,-0.58460,-0.07480,0.27997,-0.03632,
1703262476596601600,-11.88460,58.87962,-0.60513,0.05611,-0.07456,0.80644,-0.58390,-0.05068,0.40463,-0.02844,
1703262476730021376,-11.89406,58.94189,-0.60366,0.05435,-0.07432,0.80566,-0.58518,-0.10595,0.49502,0.09312,
1703262476863437312,-11.90553,58.99548,-0.59966,0.05178,-0.07285,0.80524,-0.58617,-0.08771,0.36761,0.02544,
1703262476996853504,-11.91924,59.04220,-0.59768,0.05036,-0.07098,0.80464,-0.58734,-0.08588,0.32359,0.00626,
1703262477130269696,-11.92984,59.07962,-0.59826,0.05021,-0.07040,0.80507,-0.58684,-0.05737,0.25898,-0.01420,
1703262477263685888,-11.93447,59.11352,-0.59843,0.04999,-0.07109,0.80482,-0.58712,-0.02212,0.24160,0.01087,
1703262477397102848,-11.93789,59.14183,-0.59906,0.04995,-0.07159,0.80530,-0.58641,-0.02762,0.20717,0.01508,
1703262477530519296,-11.94265,59.16549,-0.59859,0.04904,-0.07109,0.80493,-0.58705,-0.04631,0.13914,-0.00479,
1703262477663936256,-11.94908,59.18370,-0.59785,0.04851,-0.07046,0.80511,-0.58692,-0.03179,0.13401,0.01281,
1703262477797350656,-11.95345,59.19763,-0.59668,0.04849,-0.07032,0.80504,-0.58704,-0.01965,0.07638,-0.00115,
1703262477930763776,-11.95657,59.20574,-0.59504,0.04853,-0.07021,0.80500,-0.58710,-0.01356,0.03993,0.00060,
1703262478064176896,-11.95781,59.20878,-0.59599,0.04827,-0.06977,0.80507,-0.58708,-0.00391,0.00836,0.00312,
1703262478197590016,-11.95709,59.20763,-0.59628,0.04825,-0.06979,0.80501,-0.58717,0.01077,-0.02765,-0.00471,
1703262478331003136,-11.95455,59.20300,-0.59673,0.04849,-0.07020,0.80498,-0.58713,0.01962,-0.02774,0.02315,
1703262478464416256,-11.94962,59.18484,-0.59720,0.04877,-0.07059,0.80486,-0.58722,0.09252,-0.22415,0.01427,
1703262478597829376,-11.93735,59.14523,-0.59707,0.04991,-0.07208,0.80485,-0.58696,0.07582,-0.35493,0.02684,
1703262478731242240,-11.92787,59.08458,-0.59595,0.05091,-0.07172,0.80460,-0.58727,0.06456,-0.53749,0.01508,
1703262478864654592,-11.91408,59.00573,-0.59649,0.05039,-0.07150,0.80459,-0.58735,0.16561,-0.66539,-0.01641,
1703262478998066688,-11.88081,58.91052,-0.60042,0.05202,-0.07507,0.80582,-0.58508,0.28658,-0.74118,0.01137,
1703262479131478784,-11.84999,58.81186,-0.59094,0.05739,-0.07920,0.80345,-0.58728,0.15623,-0.80063,0.07426,
1703262479264890624,-11.83557,58.69266,-0.58940,0.05642,-0.07825,0.80378,-0.58705,0.09401,-0.94627,-0.00247,
1703262479398302720,-11.81757,58.56456,-0.58779,0.05302,-0.07465,0.80397,-0.58758,0.24591,-1.07135,-0.16690,
1703262479531714560,-11.78358,58.42499,-0.59207,0.05162,-0.07555,0.80500,-0.58617,0.28729,-1.07040,0.02320,
1703262479665126656,-11.75813,58.27664,-0.59171,0.05266,-0.07689,0.80469,-0.58633,0.08470,-1.23297,-0.09173,
1703262479798539264,-11.75970,58.12084,-0.58659,0.05485,-0.07235,0.80492,-0.58639,-0.13991,-1.12751,0.11894,
1703262479931951872,-11.77665,57.95168,-0.59470,0.04751,-0.06398,0.80721,-0.58486,-0.12566,-1.27598,-0.02879,
1703262480065364736,-11.78022,57.78994,-0.58115,0.04504,-0.05609,0.80510,-0.58876,0.13147,-1.25022,0.05652,
1703262480198777600,-11.75919,57.61490,-0.59217,0.03982,-0.05765,0.80726,-0.58602,0.15780,-1.20587,0.10207,
1703262480332190464,-11.74267,57.44154,-0.58500,0.03847,-0.05717,0.80619,-0.58764,0.07717,-1.37177,-0.08663,
1703262480465603328,-11.74689,57.25790,-0.58424,0.03599,-0.05056,0.80641,-0.58808,0.00465,-1.38774,0.04195,
1703262480599016192,-11.73845,57.06991,-0.59090,0.03155,-0.04888,0.80857,-0.58552,0.15407,-1.38429,-0.06358,
1703262480732429056,-11.71420,56.89796,-0.58327,0.03240,-0.04980,0.80648,-0.58827,0.20623,-1.21750,0.18168,
1703262480865843712,-11.67599,56.71936,-0.58840,0.03514,-0.05400,0.80715,-0.58682,0.30637,-1.36639,-0.06291,
1703262480999258624,-11.65080,56.54886,-0.57896,0.04132,-0.05512,0.80492,-0.58937,0.29427,-1.32364,-0.04304,
1703262481132673280,-11.62685,56.37259,-0.58579,0.03968,-0.05694,0.80455,-0.58981,0.15099,-1.39900,-0.10963,
1703262481266088192,-11.60494,56.19554,-0.58634,0.04139,-0.05519,0.80655,-0.58713,0.23293,-1.20094,0.09317,
1703262481399503104,-11.57513,56.02578,-0.58944,0.03864,-0.05745,0.80669,-0.58691,0.20257,-1.28678,-0.00500,
1703262481532917760,-11.55227,55.86394,-0.57428,0.03967,-0.05718,0.80460,-0.58973,0.20534,-1.20664,0.04933,
1703262481666332416,-11.52651,55.69907,-0.58603,0.04196,-0.05799,0.80527,-0.58857,0.25648,-1.27481,-0.18613,
1703262481799747584,-11.49587,55.53635,-0.59076,0.04652,-0.06142,0.80735,-0.58502,0.19680,-1.11142,0.08792,
1703262481933162752,-11.47315,55.37880,-0.59115,0.04542,-0.06235,0.80648,-0.58620,0.11093,-1.16020,0.05039,
1703262482066577920,-11.44210,55.23016,-0.58632,0.04669,-0.06123,0.80684,-0.58573,0.31624,-1.09650,0.02446,
1703262482199993344,-11.40396,55.08266,-0.58313,0.04633,-0.06538,0.80535,-0.58736,0.23940,-1.10263,0.01841,
1703262482333408512,-11.37544,54.93058,-0.58505,0.04938,-0.06623,0.80738,-0.58422,0.23177,-1.06390,0.03019,
1703262482466824192,-11.35145,54.80154,-0.57226,0.05287,-0.07005,0.80355,-0.58873,0.07412,-0.94434,0.09474,
1703262482600239616,-11.34195,54.66183,-0.57750,0.05208,-0.06780,0.80507,-0.58698,0.06520,-1.09116,-0.13648,
1703262482733655040,-11.31818,54.53378,-0.57324,0.05128,-0.06717,0.80398,-0.58862,0.25728,-0.86798,0.09070,
1703262482867069952,-11.28267,54.39965,-0.57884,0.04927,-0.06964,0.80513,-0.58693,0.25280,-0.95597,0.00554,
1703262483000485120,-11.24441,54.27865,-0.58027,0.05179,-0.07280,0.80625,-0.58478,0.30549,-0.85560,-0.02587,
1703262483133900288,-11.21301,54.16233,-0.57798,0.05258,-0.07750,0.80535,-0.58535,0.19092,-0.82798,0.02626,
1703262483267315456,-11.19545,54.04617,-0.58002,0.05414,-0.07720,0.80406,-0.58703,0.10712,-0.93780,-0.06949,
1703262483400730624,-11.17289,53.92443,-0.57858,0.05504,-0.07624,0.80491,-0.58591,0.11077,-0.85170,0.09382,
1703262483534146048,-11.15696,53.82054,-0.56298,0.05627,-0.07604,0.80213,-0.58962,0.09209,-0.82320,0.05648,
1703262483667561216,-11.14316,53.70549,-0.56549,0.05569,-0.07408,0.80306,-0.58865,0.17247,-0.84639,-0.03041,
1703262483800972800,-11.11344,53.58586,-0.57524,0.05682,-0.07642,0.80520,-0.58531,0.21413,-0.85961,-0.01738,
1703262483934381056,-11.08833,53.47421,-0.57053,0.05844,-0.07842,0.80423,-0.58622,0.11288,-0.84687,0.04669,
1703262484067789568,-11.07518,53.36074,-0.56633,0.05656,-0.07671,0.80382,-0.58719,0.07812,-0.89293,-0.04906,
1703262484201197824,-11.06057,53.24570,-0.57051,0.05460,-0.07393,0.80542,-0.58553,0.23335,-0.80670,0.02161,
1703262484334605568,-11.02598,53.14060,-0.56597,0.05951,-0.07948,0.80496,-0.58497,0.22226,-0.74770,0.03857,
1703262484468013824,-11.01777,53.03027,-0.56515,0.05963,-0.07823,0.80449,-0.58576,0.00697,-0.84414,-0.00706,
1703262484601421568,-11.00911,52.91597,-0.56682,0.05560,-0.07403,0.80576,-0.58496,0.17073,-0.81663,-0.03362,
1703262484734830336,-10.97910,52.81263,-0.56591,0.05725,-0.07701,0.80549,-0.58479,0.23468,-0.78012,-0.00113,
1703262484868246272,-10.95952,52.71189,-0.56066,0.05959,-0.07933,0.80393,-0.58639,0.03909,-0.77171,0.02220,
1703262485001662464,-10.95513,52.60097,-0.56623,0.05401,-0.07484,0.80565,-0.58516,0.06794,-0.78468,-0.00923,
1703262485135078912,-10.93374,52.49744,-0.56755,0.04971,-0.07305,0.80626,-0.58493,0.26180,-0.70156,0.05759,
1703262485268495104,-10.89157,52.40157,-0.56406,0.05581,-0.07909,0.80420,-0.58642,0.31734,-0.73771,0.00307,
1703262485401911808,-10.86613,52.29994,-0.56382,0.05973,-0.08399,0.80354,-0.58627,0.00563,-0.80599,-0.01656,
1703262485535328256,-10.86863,52.19296,-0.57059,0.05691,-0.07867,0.80600,-0.58389,0.01363,-0.75911,-0.02080,
1703262485668744448,-10.85311,52.09585,-0.56746,0.05558,-0.07616,0.80519,-0.58548,0.24922,-0.70360,0.02722,
1703262485802160640,-10.81983,52.00333,-0.55773,0.05929,-0.07993,0.80256,-0.58821,0.24702,-0.74563,0.04311,
1703262485935576576,-10.79840,51.90136,-0.55626,0.05972,-0.08189,0.80215,-0.58846,0.10620,-0.85115,-0.09613,
1703262486068992512,-10.78690,51.78919,-0.56569,0.05893,-0.07954,0.80491,-0.58508,0.07923,-0.78798,0.01448,
1703262486202408704,-10.76764,51.68402,-0.56369,0.05897,-0.07994,0.80408,-0.58616,0.14823,-0.78939,-0.00882,
1703262486335824640,-10.74978,51.57623,-0.55771,0.05900,-0.07786,0.80357,-0.58714,0.14882,-0.81897,0.06632,
1703262486469240832,-10.72508,51.47279,-0.55675,0.06055,-0.07960,0.80316,-0.58731,0.16813,-0.83587,-0.06272,
1703262486602657280,-10.70134,51.36231,-0.55830,0.06074,-0.08128,0.80361,-0.58644,0.16843,-0.80767,0.03739,
1703262486736073216,-10.68186,51.24948,-0.55221,0.06022,-0.07951,0.80245,-0.58832,0.18585,-0.83869,0.04852,
1703262486869488640,-10.65170,51.13203,-0.55427,0.05928,-0.08145,0.80332,-0.58697,0.21755,-0.86098,-0.02880,
1703262487002904576,-10.62051,51.01653,-0.56040,0.06022,-0.08521,0.80351,-0.58608,0.22526,-0.87058,-0.04406,
1703262487136320000,-10.59098,50.89090,-0.56862,0.05715,-0.08570,0.80431,-0.58521,0.27541,-0.95463,-0.02197,
1703262487269735936,-10.55575,50.76922,-0.56624,0.05894,-0.08549,0.80464,-0.58461,0.25906,-0.89316,0.02350,
1703262487403151360,-10.53195,50.65066,-0.56439,0.06174,-0.08753,0.80459,-0.58409,0.08429,-0.87127,0.02499,
1703262487536567296,-10.52820,50.52683,-0.56536,0.06132,-0.08426,0.80449,-0.58475,0.08457,-0.98416,-0.07026,
1703262487669983232,-10.50680,50.40225,-0.56390,0.06009,-0.08295,0.80482,-0.58461,0.24407,-0.90358,0.01570,
1703262487803399424,-10.46745,50.28380,-0.56480,0.06165,-0.08626,0.80451,-0.58440,0.31227,-0.86710,0.03261,
1703262487936816384,-10.43777,50.16028,-0.56390,0.06339,-0.08776,0.80410,-0.58456,0.16852,-0.95951,-0.02194,
1703262488070233088,-10.42520,50.03059,-0.56403,0.06183,-0.08526,0.80434,-0.58476,0.03611,-1.04089,-0.08445,
1703262488203650560,-10.41510,49.90103,-0.56871,0.06188,-0.08340,0.80595,-0.58280,0.07325,-0.91236,0.02282,
1703262488337067264,-10.40251,49.77386,-0.56848,0.06021,-0.08191,0.80548,-0.58384,0.13569,-1.00873,-0.03207,
1703262488470484736,-10.39227,49.64317,-0.56996,0.05914,-0.07816,0.80626,-0.58338,0.08005,-0.98989,-0.03632,
1703262488603901952,-10.38866,49.51416,-0.57138,0.05626,-0.07586,0.80643,-0.58374,-0.04122,-0.97750,0.01015,
1703262488737318656,-10.39519,49.38314,-0.56727,0.05184,-0.07046,0.80515,-0.58658,-0.01269,-0.99134,-0.00888,
1703262488870735360,-10.38295,49.24975,-0.56929,0.04894,-0.06748,0.80509,-0.58726,0.19872,-0.99502,-0.00076,
1703262489004151808,-10.35231,49.11522,-0.57318,0.05120,-0.07015,0.80617,-0.58527,0.21163,-0.97064,0.03725,
1703262489137568512,-10.33431,48.98316,-0.57400,0.05344,-0.07141,0.80538,-0.58601,0.06160,-1.03456,-0.09211,
1703262489270984960,-10.33035,48.84380,-0.58103,0.05185,-0.06779,0.80713,-0.58418,0.04514,-0.98805,0.04292,
1703262489404401664,-10.31354,48.71295,-0.57913,0.05051,-0.06592,0.80663,-0.58519,0.19119,-0.96889,0.01933,
1703262489537818368,-10.28133,48.57963,-0.58181,0.05139,-0.06872,0.80723,-0.58396,0.23718,-0.96694,-0.00351,
1703262489671235072,-10.26078,48.45187,-0.57833,0.05327,-0.06906,0.80617,-0.58522,0.09894,-0.98702,0.00258,
1703262489804651520,-10.25381,48.32472,-0.57314,0.05120,-0.06614,0.80498,-0.58738,0.07160,-0.97194,-0.00347,
1703262489938068480,-10.23551,48.19121,-0.57795,0.04883,-0.06561,0.80653,-0.58551,0.19954,-0.97135,-0.00734,
1703262490071484928,-10.20416,48.06621,-0.57330,0.05052,-0.06830,0.80554,-0.58642,0.25881,-0.95088,-0.01882,
1703262490204901632,-10.17729,47.94114,-0.57180,0.05202,-0.07045,0.80529,-0.58638,0.15984,-0.93883,0.01609,
1703262490338318336,-10.16273,47.81431,-0.57204,0.05155,-0.06891,0.80557,-0.58622,0.08637,-0.94129,-0.00500,
1703262490471735040,-10.15156,47.69021,-0.57073,0.05134,-0.06704,0.80569,-0.58629,0.09209,-0.90913,0.05110,
1703262490605152256,-10.13776,47.57460,-0.56228,0.05188,-0.06641,0.80417,-0.58839,0.09819,-0.89504,0.00246,
1703262490738568960,-10.12544,47.45082,-0.57052,0.04836,-0.06537,0.80586,-0.58649,0.12459,-0.90093,-0.01745,
1703262490871985408,-10.09942,47.33722,-0.56757,0.04738,-0.06626,0.80469,-0.58808,0.25880,-0.87750,-0.04013,
1703262491005401600,-10.06678,47.22061,-0.56529,0.05070,-0.06978,0.80412,-0.58817,0.25123,-0.89075,-0.03079,
1703262491138818048,-10.04538,47.10060,-0.56917,0.05067,-0.07175,0.80465,-0.58721,0.06841,-0.90774,-0.00931,
1703262491272234752,-10.03495,46.98066,-0.56991,0.05022,-0.06937,0.80494,-0.58714,0.08840,-0.88693,-0.00062,
1703262491405651200,-10.01950,46.85793,-0.56872,0.04979,-0.06854,0.80515,-0.58699,0.14109,-0.88172,0.02600,
1703262491539067648,-10.00035,46.73995,-0.56904,0.05071,-0.06916,0.80530,-0.58664,0.12676,-0.87678,0.00708,
1703262491672484352,-9.98252,46.62352,-0.57120,0.05106,-0.06916,0.80526,-0.58665,0.14523,-0.82912,0.01609,
1703262491805901312,-9.96186,46.50774,-0.57342,0.05086,-0.06914,0.80526,-0.58668,0.17764,-0.86591,0.00553,
1703262491939318784,-9.94132,46.39641,-0.57315,0.05071,-0.06997,0.80527,-0.58657,0.12617,-0.83932,-0.01447,
1703262492072735744,-9.92156,46.28701,-0.57154,0.05082,-0.07023,0.80540,-0.58635,0.20259,-0.80671,0.01209,
1703262492206153472,-9.89053,46.18186,-0.56783,0.05240,-0.07355,0.80428,-0.58734,0.25676,-0.80057,-0.00663,
1703262492339570432,-9.86064,46.07314,-0.57236,0.05553,-0.07539,0.80489,-0.58599,0.17621,-0.81789,-0.00422,
1703262492472988416,-9.84142,45.96682,-0.57122,0.05698,-0.07618,0.80532,-0.58515,0.07052,-0.80395,-0.00794,
1703262492606405632,-9.83442,45.86264,-0.56799,0.05651,-0.07376,0.80444,-0.58672,0.12457,-0.77697,0.02995,
1703262492739823616,-9.81242,45.75787,-0.56762,0.05293,-0.07319,0.80480,-0.58663,0.23964,-0.73298,0.03958,
1703262492873239040,-9.77006,45.65513,-0.56927,0.05702,-0.07711,0.80483,-0.58571,0.32587,-0.74943,0.00145,
1703262493006654720,-9.73953,45.55491,-0.56476,0.05879,-0.08261,0.80339,-0.58676,0.03776,-0.77279,0.03515,
1703262493140070400,-9.73946,45.44726,-0.56365,0.05639,-0.07776,0.80379,-0.58710,0.05215,-0.80294,0.01243,
1703262493273486336,-9.72302,45.33612,-0.56483,0.05614,-0.07567,0.80415,-0.58691,0.21400,-0.82999,-0.01268,
1703262493406902016,-9.69559,45.22650,-0.56130,0.05761,-0.07807,0.80373,-0.58703,0.19181,-0.78875,0.04995,
1703262493540317696,-9.67770,45.11250,-0.56281,0.05756,-0.07856,0.80373,-0.58697,0.06830,-0.89613,-0.07133,
1703262493673733632,-9.66789,44.99558,-0.56387,0.05705,-0.07535,0.80456,-0.58630,0.13482,-0.82909,0.05143,
1703262493807150080,-9.64300,44.88681,-0.55713,0.05544,-0.07716,0.80336,-0.58787,0.25902,-0.82722,0.01168,
1703262493940567296,-9.60449,44.78482,-0.55284,0.05584,-0.08080,0.80244,-0.58859,0.37630,-0.72764,0.04374,
1703262494073984512,-9.55230,44.68453,-0.55486,0.06097,-0.08729,0.80217,-0.58753,0.37056,-0.78935,-0.05250,
1703262494207401472,-9.51687,44.58245,-0.55521,0.06356,-0.09024,0.80214,-0.58685,0.14724,-0.77640,0.00328,
1703262494340819200,-9.49784,44.47365,-0.55392,0.06614,-0.08935,0.80181,-0.58715,0.15758,-0.80385,0.02207,
1703262494474236160,-9.47789,44.36189,-0.55175,0.06784,-0.08889,0.80194,-0.58684,0.15240,-0.82594,0.03383,
1703262494607653888,-9.45545,44.25121,-0.54985,0.06815,-0.08861,0.80228,-0.58639,0.17190,-0.81633,-0.02229,
1703262494741071104,-9.43480,44.13499,-0.55683,0.06400,-0.08749,0.80340,-0.58549,0.18473,-0.88232,-0.03969,
1703262494874487296,-9.40270,44.01969,-0.55819,0.06574,-0.08863,0.80345,-0.58505,0.28576,-0.86584,-0.03909,
1703262495007903488,-9.37682,43.90807,-0.55657,0.06765,-0.09080,0.80301,-0.58511,0.14998,-0.87169,-0.00447,
1703262495141319424,-9.36088,43.79169,-0.55666,0.06792,-0.08896,0.80302,-0.58534,0.12648,-0.88308,0.00499,
1703262495274735872,-9.33670,43.67388,-0.55589,0.06763,-0.08903,0.80334,-0.58493,0.21209,-0.84457,0.04231,
1703262495408151808,-9.30813,43.56055,-0.55058,0.06979,-0.09036,0.80197,-0.58635,0.23709,-0.87107,0.03100,
1703262495541568000,-9.27186,43.44344,-0.54937,0.06864,-0.09299,0.80151,-0.58671,0.24559,-0.87579,-0.00877,
1703262495674984448,-9.24076,43.32594,-0.54951,0.06823,-0.09374,0.80252,-0.58525,0.21601,-0.88585,-0.01239,
1703262495808402688,-9.21768,43.21290,-0.54816,0.06363,-0.09239,0.80251,-0.58600,0.16465,-0.82595,0.03260,
1703262495941821696,-9.18430,43.10518,-0.54340,0.06319,-0.09307,0.80190,-0.58678,0.30569,-0.76988,0.05730,
1703262496075240192,-9.14460,42.99716,-0.54479,0.06991,-0.09849,0.80159,-0.58555,0.24225,-0.83906,0.01075,
1703262496208658944,-9.12631,42.88277,-0.54212,0.07291,-0.09896,0.80086,-0.58610,0.04143,-0.92411,-0.05737,
1703262496342077952,-9.11708,42.75979,-0.54495,0.07060,-0.09396,0.80204,-0.58559,0.07272,-0.94296,-0.04020,
1703262496475496704,-9.09345,42.64370,-0.54355,0.07001,-0.09275,0.80199,-0.58592,0.22295,-0.85810,-0.00694,
1703262496608915712,-9.06270,42.52311,-0.54661,0.06919,-0.09444,0.80198,-0.58577,0.22550,-0.87279,0.03751,
1703262496742338048,-9.03716,42.40484,-0.54080,0.06933,-0.09452,0.80094,-0.58715,0.18532,-0.88539,0.04051,
1703262496875762688,-9.01270,42.28492,-0.54316,0.06949,-0.09446,0.80147,-0.58642,0.22382,-0.94204,-0.08725,
1703262497009187840,-8.98571,42.16267,-0.54455,0.07223,-0.09507,0.80159,-0.58583,0.14997,-0.85783,0.09623,
1703262497142613504,-8.97056,42.03793,-0.54815,0.06994,-0.09264,0.80312,-0.58440,0.11307,-0.89832,0.01404,
1703262497276039168,-8.94681,41.91524,-0.54827,0.06834,-0.09055,0.80277,-0.58539,0.27806,-0.90577,0.01276,
1703262497409465088,-8.91324,41.79923,-0.54331,0.06571,-0.09301,0.80170,-0.58677,0.26334,-0.87396,-0.04173,
1703262497542891264,-8.88246,41.68146,-0.54359,0.06546,-0.09435,0.80128,-0.58716,0.19057,-0.88620,0.01758,
1703262497676317952,-8.86637,41.56283,-0.54354,0.06264,-0.09269,0.80173,-0.58712,0.07819,-0.91150,-0.05717,
1703262497809741824,-8.85315,41.44517,-0.54611,0.06114,-0.08961,0.80292,-0.58613,0.11816,-0.89381,-0.02408,
1703262497943172352,-8.83605,41.32252,-0.54729,0.06280,-0.08939,0.80300,-0.58588,0.05932,-0.88106,0.02136,
1703262498076603136,-8.84023,41.19345,-0.54875,0.06125,-0.08401,0.80405,-0.58540,-0.11033,-0.95156,0.00598,
1703262498210034688,-8.84951,41.06788,-0.54732,0.05719,-0.07646,0.80386,-0.58711,-0.00422,-0.93721,-0.01742,
1703262498343466240,-8.83705,40.94031,-0.55012,0.05221,-0.07502,0.80465,-0.58667,0.16877,-0.91379,0.00194,
1703262498476898304,-8.81358,40.82282,-0.53959,0.05581,-0.07474,0.80358,-0.58784,0.23090,-0.83023,0.08890,
1703262498610331136,-8.78031,40.71002,-0.54038,0.05506,-0.07889,0.80314,-0.58798,0.15646,-0.89815,-0.06550,
1703262498743763456,-8.76920,40.58946,-0.54041,0.05383,-0.07527,0.80346,-0.58812,0.07969,-0.88294,0.04858,
1703262498877197824,-8.75219,40.46610,-0.54243,0.05322,-0.07568,0.80384,-0.58760,0.15905,-0.89408,0.00687,
1703262499010632192,-8.72348,40.34311,-0.54987,0.05470,-0.07693,0.80545,-0.58509,0.25666,-0.92944,-0.04076,
1703262499144067584,-8.69339,40.22650,-0.54235,0.05442,-0.07944,0.80383,-0.58701,0.19361,-0.88659,0.01243,
1703262499277503232,-8.66852,40.10077,-0.55061,0.05342,-0.08000,0.80519,-0.58517,0.19747,-0.91610,-0.02251,
1703262499410939136,-8.64578,39.97721,-0.54907,0.05114,-0.07943,0.80579,-0.58462,0.19559,-0.87637,0.01041,
1703262499544375552,-8.61867,39.86339,-0.54534,0.05075,-0.08000,0.80479,-0.58595,0.23011,-0.83327,0.08140,
1703262499677812736,-8.59145,39.74604,-0.54625,0.05365,-0.08167,0.80472,-0.58556,0.21886,-0.90274,-0.09063,
1703262499811248128,-8.57012,39.62574,-0.54841,0.05813,-0.08225,0.80511,-0.58451,0.07675,-0.84954,0.11666,
1703262499944681984,-8.56377,39.50634,-0.54322,0.05805,-0.07893,0.80459,-0.58569,0.09844,-0.90306,-0.05197,
1703262500078115584,-8.54438,39.39180,-0.54198,0.05662,-0.07809,0.80435,-0.58627,0.26079,-0.89753,-0.05881,
1703262500211549952,-8.50988,39.27645,-0.54796,0.05281,-0.07974,0.80493,-0.58561,0.27701,-0.84763,0.00452,
1703262500344984832,-8.46579,39.16617,-0.54649,0.05550,-0.08374,0.80464,-0.58520,0.29796,-0.78693,0.00821,
1703262500478419968,-8.43491,39.05414,-0.54881,0.05936,-0.08806,0.80374,-0.58543,0.11820,-0.89559,-0.00754,
1703262500611855360,-8.42152,38.93486,-0.55038,0.06130,-0.08664,0.80486,-0.58390,0.07232,-0.86201,-0.01789,
1703262500745290240,-8.41744,38.82216,-0.54601,0.05668,-0.08119,0.80360,-0.58687,0.07856,-0.87318,0.00441,
1703262500878731008,-8.38707,38.70625,-0.54663,0.05684,-0.08172,0.80328,-0.58722,0.33663,-0.84642,0.04061,
1703262501012172288,-8.34287,38.59521,-0.53806,0.05661,-0.08745,0.80195,-0.58823,0.29791,-0.77586,0.08879,
1703262501145613568,-8.30514,38.47817,-0.54646,0.06005,-0.08950,0.80287,-0.58632,0.22533,-0.91013,-0.03748,
1703262501279055872,-8.28717,38.35751,-0.54689,0.05862,-0.08872,0.80312,-0.58625,0.08079,-0.91149,-0.02383,
1703262501412498688,-8.27344,38.23337,-0.54937,0.05738,-0.08668,0.80413,-0.58529,0.14634,-0.94297,-0.03011,
1703262501746108416,-8.20947,37.94618,-0.54546,0.06339,-0.08837,0.80295,-0.58605,0.03904,-0.86851,0.01783,
1703262501879550976,-8.20853,37.82626,-0.55088,0.06170,-0.08383,0.80376,-0.58577,0.03287,-0.96250,-0.12548,
1703262502012994048,-8.19371,37.70338,-0.55764,0.05887,-0.08168,0.80487,-0.58485,0.27184,-0.81501,0.05372,
1703262502146437888,-8.15477,37.59104,-0.55314,0.05836,-0.08474,0.80416,-0.58545,0.34514,-0.83809,-0.01727,
1703262502279882496,-8.11414,37.47890,-0.55318,0.05943,-0.08872,0.80374,-0.58532,0.22402,-0.84653,0.03504,
1703262502413327104,-8.08505,37.36298,-0.55317,0.06138,-0.08940,0.80335,-0.58555,0.17141,-0.87062,-0.00177,
1703262502546772736,-8.06270,37.24018,-0.55506,0.06209,-0.09003,0.80374,-0.58485,0.16233,-0.91637,-0.01767,
1703262502680218880,-8.03961,37.11751,-0.55532,0.06136,-0.08930,0.80377,-0.58499,0.22202,-0.93440,-0.01838,
1703262502813664512,-8.00791,36.99718,-0.55652,0.06110,-0.09058,0.80449,-0.58383,0.21793,-0.85541,0.04062,
1703262502947110144,-7.98275,36.87898,-0.55576,0.06173,-0.09115,0.80354,-0.58498,0.17458,-0.89749,0.00178,
1703262503080556288,-7.96333,36.75769,-0.55743,0.06233,-0.09075,0.80385,-0.58455,0.12314,-0.90682,-0.01045,
1703262503214003200,-7.95205,36.63205,-0.55744,0.05960,-0.08755,0.80392,-0.58524,0.10778,-0.96554,-0.02629,
1703262503347450624,-7.93396,36.50790,-0.55707,0.05652,-0.08590,0.80421,-0.58538,0.15328,-0.90097,0.03537,
1703262503480898560,-7.91402,36.38756,-0.55576,0.05672,-0.08532,0.80487,-0.58455,0.17876,-0.87534,0.02365,
1703262503614347520,-7.88819,36.27393,-0.55866,0.06047,-0.08769,0.80435,-0.58453,0.15761,-0.87995,-0.04971,
1703262503747796224,-7.87482,36.15211,-0.56119,0.06051,-0.08590,0.80442,-0.58469,0.08954,-0.95097,-0.03022,
1703262503881241600,-7.85877,36.02951,-0.55904,0.05843,-0.08296,0.80497,-0.58458,0.14405,-0.86307,0.01585,
1703262504014686976,-7.83524,35.91210,-0.56114,0.05608,-0.08267,0.80539,-0.58427,0.20383,-0.86098,0.01451,
1703262504148133376,-7.80779,35.79695,-0.55834,0.05829,-0.08464,0.80391,-0.58581,0.17988,-0.88495,0.01301,
1703262504281580032,-7.79629,35.67792,-0.55472,0.06109,-0.08334,0.80356,-0.58619,0.05582,-0.87273,0.04204,
1703262504481751552,-7.77415,35.49739,-0.55510,0.05473,-0.07975,0.80405,-0.58664,0.21675,-0.81696,0.08274,
1703262504615199744,-7.73734,35.38490,-0.55555,0.05660,-0.08187,0.80375,-0.58658,0.33614,-0.83573,0.02110,
1703262504748648704,-7.69789,35.27126,-0.55568,0.05949,-0.08726,0.80317,-0.58632,0.21296,-0.89790,-0.03820,
1703262504882095872,-7.68880,35.15241,-0.55764,0.05880,-0.08460,0.80345,-0.58639,0.03536,-0.91995,-0.00226,
1703262505015543296,-7.67900,35.03486,-0.55278,0.05556,-0.08144,0.80278,-0.58806,0.13497,-0.86582,0.00615,
1703262505148991232,-7.64907,34.91672,-0.55507,0.05601,-0.08256,0.80320,-0.58729,0.26549,-0.86455,-0.00232,
1703262505282440192,-7.61389,34.80040,-0.55561,0.05829,-0.08618,0.80292,-0.58694,0.21033,-0.87982,-0.00046,
1703262505415889664,-7.59761,34.68813,-0.54871,0.05815,-0.08528,0.80203,-0.58830,0.07761,-0.82851,0.04695,
1703262505549339648,-7.58576,34.56923,-0.55569,0.05699,-0.08291,0.80356,-0.58666,0.10278,-0.86193,0.01242,
1703262505682790144,-7.56843,34.45441,-0.55030,0.05727,-0.08200,0.80318,-0.58728,0.12485,-0.84910,-0.00625,
1703262505816238848,-7.54971,34.34530,-0.53935,0.05760,-0.08233,0.80147,-0.58953,0.07788,-0.79080,0.07790,
1703262505949685760,-7.53416,34.22979,-0.54812,0.05530,-0.08026,0.80357,-0.58717,0.15020,-0.82857,-0.03515,
1703262506083133184,-7.50913,34.11707,-0.54768,0.05310,-0.08112,0.80345,-0.58743,0.19090,-0.79617,0.01829,
1703262506216581632,-7.48456,34.00678,-0.54965,0.05413,-0.08265,0.80390,-0.58650,0.17575,-0.87654,-0.08811,
1703262506350029824,-7.46606,33.89200,-0.55215,0.05378,-0.08267,0.80434,-0.58593,0.09659,-0.84759,0.01406,
1703262506483479296,-7.44948,33.77477,-0.55478,0.05255,-0.08024,0.80524,-0.58514,0.16131,-0.83207,0.01840,
1703262506616929024,-7.42808,33.65727,-0.55292,0.05353,-0.08110,0.80472,-0.58565,0.10911,-0.88630,-0.00456,
1703262506750378752,-7.41103,33.53477,-0.55513,0.05448,-0.08104,0.80508,-0.58507,0.18242,-0.88375,0.02232,
1703262506883824384,-7.38053,33.42147,-0.55288,0.05116,-0.08255,0.80546,-0.58463,0.25267,-0.78290,0.05410,
1703262507017270272,-7.33864,33.31960,-0.54899,0.04990,-0.08521,0.80360,-0.58692,0.35222,-0.76938,-0.01450,
1703262507150716672,-7.28707,33.21457,-0.55463,0.05449,-0.09271,0.80262,-0.58671,0.29969,-0.84181,-0.05459,
1703262507284163584,-7.26121,33.10100,-0.55483,0.05623,-0.09386,0.80339,-0.58532,0.08590,-0.86335,-0.05667,
1703262507417611008,-7.25827,32.98421,-0.55918,0.05507,-0.08832,0.80541,-0.58351,-0.00828,-0.82183,0.04222,
1703262507551058432,-7.24491,32.87006,-0.55523,0.05731,-0.08590,0.80496,-0.58427,0.19223,-0.82597,0.02535,
1703262507684506624,-7.22692,32.75676,-0.55203,0.05750,-0.08728,0.80484,-0.58422,0.03501,-0.82455,0.02480,
1703262507817957888,-7.21748,32.65343,-0.54833,0.05550,-0.08421,0.80418,-0.58576,0.17251,-0.79032,-0.04766,
1703262507951412992,-7.18850,32.53826,-0.56048,0.05790,-0.08475,0.80515,-0.58412,0.25200,-0.87637,-0.03540,
1703262508084868608,-7.16557,32.42521,-0.55749,0.05728,-0.08629,0.80506,-0.58408,0.13307,-0.82338,0.03308,
1703262508218325248,-7.14833,32.30755,-0.56207,0.05634,-0.08520,0.80520,-0.58413,0.19049,-0.89081,0.02060,
1703262508351782400,-7.12506,32.18896,-0.55862,0.05670,-0.08576,0.80456,-0.58491,0.15508,-0.92915,-0.01174,
1703262508485240064,-7.10447,32.06663,-0.55679,0.05816,-0.08561,0.80417,-0.58531,0.10937,-0.95597,-0.02654,
1703262508618698240,-7.08869,31.94073,-0.55632,0.05762,-0.08399,0.80462,-0.58499,0.11334,-0.91729,0.01998,
1703262508752158464,-7.07020,31.81457,-0.55756,0.05579,-0.08224,0.80529,-0.58450,0.12026,-0.94172,-0.01309,
1703262508885599744,-7.04924,31.69359,-0.56131,0.05256,-0.08155,0.80615,-0.58370,0.13002,-0.94720,-0.05293,
1703262509085762560,-7.00499,31.51476,-0.56293,0.05348,-0.08336,0.80532,-0.58451,0.26847,-0.93797,-0.02229,
1703262509219204608,-6.96976,31.39422,-0.56216,0.05609,-0.08721,0.80429,-0.58512,0.22520,-0.95686,-0.03518,
1703262509352646912,-6.94064,31.26489,-0.57063,0.06036,-0.08879,0.80581,-0.58237,0.14315,-0.97366,-0.02427,
1703262509486089472,-6.92269,31.13586,-0.57200,0.05991,-0.08751,0.80625,-0.58200,0.07413,-1.01027,-0.07742,
1703262509619531776,-6.90566,31.01004,-0.57413,0.05698,-0.08503,0.80752,-0.58089,0.16135,-0.88278,0.01805,
1703262509752974848,-6.88077,30.88393,-0.57450,0.05841,-0.08390,0.80659,-0.58220,0.24242,-0.99288,-0.03762,
1703262509886415104,-6.85699,30.75647,-0.57225,0.06029,-0.08555,0.80622,-0.58229,0.11522,-0.94037,0.04507,
1703262510019855616,-6.84841,30.63332,-0.56367,0.05777,-0.08268,0.80514,-0.58445,0.10351,-0.93345,-0.01705,
1703262510153295872,-6.82328,30.51047,-0.56890,0.05908,-0.08124,0.80595,-0.58339,0.30841,-0.94972,-0.06361,
1703262510286736384,-6.79496,30.39113,-0.56875,0.06084,-0.08348,0.80590,-0.58297,0.13882,-0.89984,0.01405,
1703262510420177152,-6.78287,30.26680,-0.57444,0.05840,-0.08204,0.80677,-0.58222,0.08843,-0.99563,-0.11470,
1703262510553618176,-6.77106,30.14479,-0.57284,0.05927,-0.07848,0.80698,-0.58233,0.16811,-0.84887,0.07056,
1703262510687059200,-6.74333,30.02764,-0.57259,0.05958,-0.08013,0.80643,-0.58284,0.24679,-0.89757,-0.01184,
1703262510820499456,-6.70811,29.91373,-0.56541,0.05684,-0.08276,0.80504,-0.58467,0.26731,-0.83157,0.05475,
1703262510953939456,-6.67217,29.80270,-0.56576,0.06027,-0.08392,0.80501,-0.58419,0.35217,-0.82876,-0.00992,
1703262511087379456,-6.62902,29.69405,-0.56210,0.06290,-0.08989,0.80323,-0.58548,0.26812,-0.87176,-0.04429,
1703262511220819200,-6.60949,29.57721,-0.56237,0.06181,-0.08902,0.80341,-0.58548,0.11582,-0.83482,0.05096,
1703262511354259200,-6.58359,29.46132,-0.56443,0.06216,-0.08762,0.80371,-0.58524,0.31278,-0.86262,-0.05388,
1703262511487699200,-6.54162,29.34931,-0.56226,0.06396,-0.09291,0.80244,-0.58598,0.27801,-0.82303,0.04329,
1703262511621138944,-6.51677,29.23428,-0.56248,0.06477,-0.09264,0.80275,-0.58551,0.14295,-0.87125,-0.02355,
1703262511754576640,-6.50161,29.11790,-0.56231,0.06357,-0.09111,0.80340,-0.58498,0.10131,-0.89924,-0.05855,
1703262511888041472,-6.48522,29.00714,-0.56468,0.06211,-0.08867,0.80438,-0.58416,0.26171,-0.77732,0.02904,
1703262512021506816,-6.44078,28.90058,-0.56195,0.06666,-0.09332,0.80280,-0.58511,0.34842,-0.79692,0.00689,
1703262512154972672,-6.40430,28.79236,-0.56162,0.06928,-0.09749,0.80187,-0.58541,0.14979,-0.82333,0.00646,
1703262512288439552,-6.38798,28.67662,-0.56229,0.06654,-0.09492,0.80199,-0.58598,0.11577,-0.84841,0.02662,
1703262512421906688,-6.36575,28.56098,-0.56336,0.06724,-0.09282,0.80307,-0.58476,0.24632,-0.80393,0.00897,
1703262512555374592,-6.33513,28.45721,-0.56199,0.06941,-0.09627,0.80226,-0.58505,0.15860,-0.82160,-0.02327,
1703262512688843008,-6.32259,28.34381,-0.56696,0.06585,-0.09342,0.80318,-0.58467,0.09364,-0.83440,-0.01764,
1703262512822326528,-6.29520,28.23961,-0.56238,0.06032,-0.09204,0.80320,-0.58546,0.28999,-0.71258,0.04095,
1703262512955830272,-6.24268,28.14600,-0.55948,0.06564,-0.09854,0.80029,-0.58780,0.45933,-0.76881,-0.09175,
1703262513089335552,-6.20619,28.04032,-0.56557,0.06943,-0.10422,0.80144,-0.58482,0.02145,-0.78885,0.04625,
1703262513222842368,-6.21844,27.93175,-0.56464,0.06557,-0.09548,0.80368,-0.58369,-0.05257,-0.75114,0.00907,
1703262513356351232,-6.20172,27.82982,-0.56434,0.06402,-0.09271,0.80334,-0.58477,0.38955,-0.76669,-0.04039,
1703262513489861120,-6.15157,27.73025,-0.56600,0.06645,-0.09998,0.80246,-0.58450,0.32200,-0.76592,0.01169,
1703262513623372544,-6.11860,27.63029,-0.56380,0.06776,-0.10198,0.80152,-0.58529,0.18362,-0.79208,0.02167,
1703262513756881408,-6.09791,27.52348,-0.56377,0.06851,-0.10112,0.80235,-0.58422,0.12456,-0.76171,0.06411,
1703262513890424576,-6.08354,27.41691,-0.56041,0.06862,-0.09930,0.80127,-0.58600,0.12781,-0.82694,0.00984,
1703262514023969536,-6.06273,27.30993,-0.55542,0.06724,-0.09902,0.80058,-0.58715,0.15485,-0.76838,0.03914,
1703262514157517824,-6.03628,27.20233,-0.55981,0.06806,-0.09955,0.80140,-0.58584,0.22512,-0.79846,0.00217,
1703262514291068416,-6.00052,27.10019,-0.55407,0.06788,-0.10246,0.80037,-0.58678,0.29167,-0.71795,0.09136,
1703262514424621312,-5.96789,27.00551,-0.54880,0.06584,-0.10337,0.79933,-0.58826,0.25005,-0.69759,-0.00060,
1703262514558176768,-5.92409,26.90852,-0.55438,0.07083,-0.10754,0.79829,-0.58834,0.30530,-0.84228,-0.15466,
1703262514691734784,-5.89851,26.80231,-0.55077,0.07318,-0.10860,0.79801,-0.58825,0.07034,-0.79994,0.07377,
1703262514825303808,-5.88614,26.68851,-0.55198,0.07088,-0.10397,0.79955,-0.58726,0.08855,-0.78208,0.03825,
1703262514958886144,-5.85701,26.57995,-0.55445,0.06764,-0.10353,0.80086,-0.58594,0.29599,-0.79402,0.00133,
1703262515092472064,-5.81136,26.48182,-0.54725,0.07146,-0.10832,0.79824,-0.58819,0.38657,-0.75370,-0.02412,
1703262515226061568,-5.76528,26.38042,-0.55223,0.07551,-0.11477,0.79832,-0.58635,0.16664,-0.81241,-0.04146,
1703262515359654144,-5.75867,26.26811,-0.55237,0.07311,-0.10998,0.79917,-0.58642,-0.04172,-0.85669,0.01185,
1703262515493250304,-5.75700,26.15106,-0.55600,0.07011,-0.10306,0.80056,-0.58615,0.09819,-0.88576,-0.03100,
1703262515626850048,-5.73472,26.03441,-0.55667,0.06891,-0.10272,0.80063,-0.58625,0.20482,-0.85845,0.01011,
1703262515760452864,-5.71219,25.91789,-0.55363,0.06642,-0.10241,0.80084,-0.58630,0.10829,-0.81843,0.08387,
1703262515894014720,-5.69659,25.80274,-0.55527,0.06598,-0.10003,0.80200,-0.58517,0.15869,-0.86217,-0.10299,
1703262516027579392,-5.67538,25.69267,-0.55908,0.06804,-0.10073,0.80281,-0.58371,0.10552,-0.82134,-0.01437,
1703262516161146624,-5.66751,25.57481,-0.55929,0.06689,-0.09643,0.80289,-0.58446,0.08049,-0.89893,0.02330,
1703262516294716928,-5.65110,25.45404,-0.56071,0.06336,-0.09383,0.80389,-0.58390,0.15403,-0.88279,-0.00065,
1703262516428289792,-5.62275,25.34517,-0.55593,0.06061,-0.09454,0.80340,-0.58476,0.22762,-0.78533,0.01337,
1703262516561865472,-5.59116,25.23629,-0.55419,0.06222,-0.09664,0.80180,-0.58644,0.25897,-0.81651,-0.00887,
1703262516695443968,-5.55978,25.12747,-0.55594,0.06435,-0.09903,0.80227,-0.58516,0.20834,-0.83659,-0.02732,
1703262516829006080,-5.52876,25.01874,-0.55806,0.06624,-0.09981,0.80241,-0.58463,0.19957,-0.80312,0.05596,
1703262516962545408,-5.50449,24.90401,-0.56095,0.06383,-0.09808,0.80322,-0.58407,0.16897,-0.83641,0.01859,
1703262517096087040,-5.46926,24.79409,-0.55601,0.06195,-0.09826,0.80192,-0.58604,0.34069,-0.82754,0.00447,
1703262517229630464,-5.42281,24.67964,-0.55957,0.06682,-0.10317,0.80162,-0.58506,0.28134,-0.88739,-0.04339,
1703262517363175936,-5.40254,24.55728,-0.55965,0.06810,-0.10379,0.80180,-0.58456,0.01686,-0.93056,0.04670,
1703262517496723200,-5.41483,24.43738,-0.55002,0.06297,-0.09500,0.80144,-0.58712,-0.07393,-0.87068,0.00966,
1703262517630272512,-5.39580,24.31538,-0.56196,0.06185,-0.09147,0.80369,-0.58472,0.41218,-0.89964,-0.09989,
1703262517763824384,-5.32993,24.20161,-0.57029,0.06316,-0.10097,0.80408,-0.58247,0.51349,-0.81154,0.00537,
1703262517897348608,-5.27573,24.09760,-0.56372,0.06895,-0.10693,0.80134,-0.58452,0.31612,-0.86890,-0.03084,
1703262518030874368,-5.25140,23.97381,-0.57134,0.06883,-0.10652,0.80242,-0.58313,0.07452,-0.96309,-0.04390,
1703262518164401920,-5.23958,23.84089,-0.57747,0.06907,-0.10221,0.80446,-0.58106,0.10672,-0.92474,0.06037,
1703262518297931264,-5.21690,23.72072,-0.56442,0.06748,-0.10089,0.80258,-0.58406,0.20001,-0.88354,0.09365,
1703262518498227712,-5.15090,23.53718,-0.57608,0.06746,-0.10506,0.80422,-0.58106,0.31283,-0.86000,0.07538,
1703262518631760384,-5.12264,23.41126,-0.57598,0.06832,-0.10470,0.80384,-0.58156,0.09921,-0.97858,-0.01873,
1703262518765294592,-5.11001,23.27863,-0.57527,0.06777,-0.10102,0.80379,-0.58234,0.11725,-0.99732,-0.04724,
1703262518898801664,-5.08701,23.14783,-0.57506,0.06672,-0.09941,0.80391,-0.58258,0.24071,-0.98631,-0.03043,
1703262519032309504,-5.05084,23.02063,-0.57503,0.06854,-0.10047,0.80310,-0.58330,0.26534,-0.98574,0.00291,
1703262519165818624,-5.01602,22.88863,-0.58160,0.07234,-0.10315,0.80474,-0.58010,0.17511,-0.95681,-0.00955,
1703262519299328512,-5.00996,22.76109,-0.57825,0.06902,-0.09859,0.80369,-0.58275,0.01589,-0.97473,-0.00695,
1703262519432839680,-5.00041,22.62490,-0.57668,0.06485,-0.09366,0.80444,-0.58300,0.11771,-0.98317,0.02589,
1703262519566351616,-4.98125,22.49232,-0.57726,0.06237,-0.09273,0.80530,-0.58224,0.14974,-0.95033,0.00510,
1703262519699864064,-4.96318,22.36366,-0.57728,0.06080,-0.09171,0.80504,-0.58293,0.10283,-0.93635,0.06925,
1703262519833365504,-4.95331,22.23086,-0.57366,0.06308,-0.08821,0.80395,-0.58473,0.08163,-1.05227,-0.05036,
1703262519966854656,-4.95056,22.09318,-0.57596,0.05856,-0.08510,0.80555,-0.58346,-0.06460,-0.97181,0.06408,
1703262520100344064,-4.93692,21.96111,-0.57462,0.06089,-0.08035,0.80481,-0.58491,0.26028,-1.02302,-0.02909,
1703262520233833728,-4.89737,21.82827,-0.57403,0.06182,-0.08423,0.80422,-0.58508,0.30080,-0.99036,-0.01061,
1703262520367323648,-4.86016,21.69619,-0.57504,0.06302,-0.08685,0.80450,-0.58418,0.20253,-0.98832,-0.00152,
1703262520500814080,-4.83223,21.56392,-0.57399,0.06210,-0.08589,0.80409,-0.58499,0.22285,-0.99596,0.02352,
1703262520634305024,-4.81009,21.43075,-0.57451,0.06159,-0.08486,0.80410,-0.58517,0.14799,-0.99487,-0.00261,
1703262520767795968,-4.78961,21.29842,-0.57617,0.06190,-0.08428,0.80476,-0.58431,0.12920,-0.97626,0.04669,
1703262520901271808,-4.76826,21.16939,-0.57511,0.06070,-0.08395,0.80449,-0.58487,0.14276,-1.00870,-0.06825,
1703262521034743808,-4.74644,21.03940,-0.57828,0.05935,-0.08223,0.80518,-0.58429,0.22471,-0.95042,0.00746,
1703262521168215808,-4.71224,20.91249,-0.58226,0.05974,-0.08437,0.80541,-0.58363,0.26824,-0.94037,0.02196,
1703262521301687808,-4.67907,20.78663,-0.58278,0.06042,-0.08647,0.80551,-0.58312,0.19918,-0.94661,0.00839,
1703262521435159296,-4.65789,20.66104,-0.58426,0.06067,-0.08568,0.80618,-0.58228,0.11580,-0.92105,0.01491,
1703262521568630784,-4.64910,20.53981,-0.57999,0.05984,-0.08294,0.80521,-0.58410,0.07063,-0.93232,-0.00834,
1703262521702101760,-4.63603,20.41130,-0.58397,0.05676,-0.08031,0.80614,-0.58349,0.15213,-0.94578,-0.03886,
1703262521835566592,-4.60758,20.28925,-0.58195,0.05757,-0.08165,0.80521,-0.58451,0.25156,-0.90439,-0.01086,
1703262521969015808,-4.58081,20.16833,-0.57900,0.05744,-0.08327,0.80483,-0.58483,0.18243,-0.89322,0.04923,
1703262522102464768,-4.56205,20.04612,-0.58109,0.05571,-0.08133,0.80545,-0.58441,0.16238,-0.90720,0.01337,
1703262522235912448,-4.53913,19.92563,-0.58019,0.05623,-0.08168,0.80521,-0.58463,0.19435,-0.87651,0.01649,
1703262522369359616,-4.51627,19.80992,-0.57739,0.05790,-0.08305,0.80486,-0.58477,0.14961,-0.87359,-0.02905,
1703262522502805248,-4.49788,19.69589,-0.57275,0.05963,-0.08156,0.80358,-0.58657,0.17605,-0.92278,-0.06761,
1703262522636250368,-4.47162,19.57996,-0.58112,0.05983,-0.08364,0.80482,-0.58455,0.15658,-0.83077,0.02369,
1703262522769694464,-4.44854,19.46473,-0.58159,0.05897,-0.08369,0.80453,-0.58502,0.19358,-0.88616,-0.00741,
1703262522903133440,-4.42008,19.34774,-0.58024,0.05783,-0.08367,0.80384,-0.58609,0.23103,-0.87368,-0.00776,
1703262523036569344,-4.39203,19.22925,-0.58028,0.05878,-0.08473,0.80374,-0.58597,0.17695,-0.87406,0.00749,
1703262523170004224,-4.37297,19.11043,-0.58103,0.06021,-0.08460,0.80370,-0.58590,0.12667,-0.91032,-0.02527,
1703262523303437824,-4.35249,18.98854,-0.58159,0.06061,-0.08369,0.80436,-0.58509,0.15686,-0.88284,0.01897,
1703262523436869888,-4.32756,18.87137,-0.57966,0.06159,-0.08423,0.80417,-0.58517,0.18129,-0.86798,-0.00572,
1703262523570300928,-4.30396,18.75315,-0.58053,0.05992,-0.08391,0.80416,-0.58540,0.21378,-0.87684,0.01063,
1703262523703730176,-4.27425,18.63460,-0.58206,0.06099,-0.08420,0.80464,-0.58459,0.28380,-0.91636,-0.05727,
1703262523837159168,-4.24469,18.52138,-0.58077,0.06256,-0.08738,0.80384,-0.58506,0.13457,-0.86028,-0.00590,
1703262523970587648,-4.22801,18.40283,-0.58321,0.06106,-0.08544,0.80456,-0.58451,0.16626,-0.88513,0.00044,
1703262524104014336,-4.20171,18.28686,-0.58346,0.06058,-0.08460,0.80461,-0.58461,0.27033,-0.89669,-0.04537,
1703262524237439744,-4.17004,18.17547,-0.58360,0.06312,-0.08821,0.80453,-0.58393,0.22062,-0.81877,0.01435,
1703262524370863360,-4.14855,18.06174,-0.58434,0.06339,-0.08892,0.80457,-0.58373,0.13211,-0.85796,-0.00917,
1703262524504285696,-4.12775,17.94683,-0.58457,0.06138,-0.08649,0.80450,-0.58440,0.23514,-0.88548,-0.03480,
1703262524637706240,-4.09062,17.83342,-0.58468,0.06228,-0.08818,0.80413,-0.58456,0.32801,-0.88312,-0.06181,
1703262524771125504,-4.05302,17.72055,-0.58455,0.06351,-0.09211,0.80382,-0.58426,0.23592,-0.85611,-0.00003,
1703262524904539904,-4.02790,17.60730,-0.58555,0.06420,-0.09295,0.80383,-0.58403,0.14283,-0.84658,0.01814,
1703262525037949184,-4.00623,17.49352,-0.58571,0.06460,-0.09206,0.80357,-0.58449,0.18193,-0.85638,0.00292,
1703262525171356160,-3.97920,17.37732,-0.58598,0.06586,-0.09332,0.80376,-0.58388,0.21575,-0.84429,0.03076,
1703262525304760832,-3.95357,17.26420,-0.58612,0.06707,-0.09343,0.80380,-0.58368,0.21367,-0.83922,0.02571,
1703262525438163456,-3.92882,17.15133,-0.58541,0.06636,-0.09330,0.80342,-0.58431,0.17700,-0.87800,-0.01170,
1703262525571563776,-3.90183,17.03508,-0.58503,0.06628,-0.09315,0.80373,-0.58390,0.20179,-0.86303,0.01494,
1703262525704962048,-3.87632,16.91981,-0.58318,0.06601,-0.09377,0.80323,-0.58453,0.17619,-0.88224,-0.01410,
1703262525905048320,-3.83998,16.74802,-0.58210,0.06457,-0.09349,0.80288,-0.58521,0.20346,-0.85841,0.00405,
1703262526038432512,-3.81570,16.63466,-0.58253,0.06448,-0.09329,0.80270,-0.58550,0.17626,-0.85283,0.00637,
1703262526171813888,-3.79429,16.51939,-0.58209,0.06410,-0.09295,0.80280,-0.58546,0.13907,-0.86587,0.01426,
1703262526305192192,-3.77402,16.40321,-0.58449,0.06396,-0.09168,0.80335,-0.58492,0.15705,-0.86818,0.00212,
1703262526438567424,-3.75362,16.28688,-0.58436,0.06395,-0.09109,0.80314,-0.58530,0.15452,-0.89268,-0.01413,
1703262526571939584,-3.73379,16.17015,-0.58503,0.06382,-0.09033,0.80333,-0.58518,0.16175,-0.89222,-0.02357,
1703262526705308928,-3.71132,16.05453,-0.58299,0.06177,-0.08997,0.80310,-0.58577,0.12927,-0.85505,0.01443,
1703262526838679296,-3.69372,15.93964,-0.58695,0.06224,-0.08803,0.80358,-0.58535,0.14230,-0.89234,-0.08059,
1703262526972042496,-3.67104,15.82205,-0.58976,0.06427,-0.08826,0.80383,-0.58476,0.19506,-0.87746,0.01866,
1703262527105402112,-3.64869,15.70428,-0.59083,0.06390,-0.08782,0.80410,-0.58449,0.17589,-0.85576,0.02117,
1703262527238757888,-3.62156,15.58768,-0.59096,0.06340,-0.08796,0.80417,-0.58443,0.20336,-0.86977,-0.00312,
1703262527372110080,-3.59477,15.47307,-0.58841,0.06411,-0.08871,0.80366,-0.58494,0.17146,-0.88759,-0.02239,
1703262527505458688,-3.57288,15.35655,-0.58943,0.06451,-0.08883,0.80401,-0.58440,0.15928,-0.86954,0.00518,
1703262527638803200,-3.55287,15.23890,-0.58987,0.06279,-0.08747,0.80448,-0.58414,0.16645,-0.86348,0.01841,
1703262527772144384,-3.52957,15.12353,-0.58956,0.06095,-0.08664,0.80459,-0.58430,0.18369,-0.85173,0.00634,
1703262527905516288,-3.50614,15.01063,-0.58750,0.06126,-0.08689,0.80377,-0.58536,0.20923,-0.86390,-0.02970,
1703262528038892288,-3.47721,14.89757,-0.58969,0.06275,-0.08894,0.80399,-0.58459,0.23029,-0.82900,0.01760,
1703262528172264704,-3.44433,14.78584,-0.58829,0.06410,-0.09002,0.80324,-0.58532,0.23852,-0.86273,-0.01134,
1703262528305634560,-3.41177,14.67220,-0.58802,0.06557,-0.09119,0.80330,-0.58489,0.23317,-0.83926,0.02290,
1703262528439001344,-3.38020,14.56063,-0.58705,0.06709,-0.09270,0.80283,-0.58512,0.23170,-0.83667,0.02648,
1703262528572364800,-3.34997,14.44948,-0.58484,0.06838,-0.09352,0.80221,-0.58569,0.24271,-0.85780,-0.00444,
1703262528705725440,-3.31650,14.33742,-0.58351,0.07021,-0.09499,0.80185,-0.58574,0.26053,-0.78529,0.04871,
1703262528839100928,-3.28092,14.22365,-0.58686,0.07067,-0.09691,0.80182,-0.58540,0.28278,-0.86868,0.00450,
1703262528972513024,-3.25137,14.11661,-0.57913,0.06706,-0.09701,0.80136,-0.58644,0.11727,-0.74183,0.04620,
1703262529105923328,-3.22764,14.02345,-0.56750,0.06576,-0.09610,0.79882,-0.59019,0.27835,-0.65783,0.06262,
1703262529239331840,-3.17712,13.92594,-0.58008,0.07607,-0.10257,0.80016,-0.58604,0.47125,-0.76769,-0.24731,
1703262529372739072,-3.13624,13.83054,-0.58540,0.08038,-0.11065,0.80058,-0.58340,0.06000,-0.71945,0.08342,
1703262529506144512,-3.13558,13.72455,-0.58588,0.07579,-0.10432,0.80119,-0.58436,-0.01237,-0.82466,0.00474,
1703262529639548416,-3.11631,13.62059,-0.58410,0.07386,-0.09884,0.80160,-0.58499,0.30361,-0.78901,-0.04761,
1703262529772950528,-3.07233,13.52410,-0.58258,0.07746,-0.10445,0.80087,-0.58454,0.30495,-0.69121,0.02974,
1703262529906387712,-3.04788,13.42175,-0.58639,0.07741,-0.10675,0.80049,-0.58467,0.12014,-0.81714,-0.02164,
1703262530039833344,-3.02588,13.31443,-0.58681,0.07552,-0.10464,0.80065,-0.58507,0.23626,-0.79849,-0.01308,
1703262530173278464,-2.98850,13.20768,-0.58722,0.07608,-0.10555,0.80052,-0.58500,0.32558,-0.78187,-0.00906,
1703262530306723584,-2.94926,13.10172,-0.58830,0.07825,-0.10895,0.80002,-0.58478,0.26097,-0.80291,-0.00419,
1703262530440168704,-2.92173,12.99290,-0.58628,0.08037,-0.10973,0.79998,-0.58441,0.17223,-0.82660,-0.00663,
1703262530573613056,-2.90264,12.88170,-0.58966,0.08093,-0.10798,0.80137,-0.58275,0.13137,-0.83079,-0.00959,
1703262530707057920,-2.88171,12.77231,-0.58994,0.07843,-0.10586,0.80131,-0.58356,0.19389,-0.81138,0.02753,
1703262530840514304,-2.84971,12.66001,-0.59233,0.07667,-0.10460,0.80207,-0.58297,0.27366,-0.85398,-0.03594,
1703262530973999360,-2.81339,12.54964,-0.59387,0.07555,-0.10750,0.80296,-0.58137,0.23826,-0.83167,-0.07618,
1703262531107485440,-2.79604,12.44008,-0.60019,0.07119,-0.10432,0.80614,-0.57809,0.16811,-0.77787,-0.01504,
1703262531240973568,-2.76706,12.34049,-0.59496,0.07298,-0.10301,0.80359,-0.58164,0.31753,-0.70867,0.03801,
1703262531374462720,-2.71983,12.23494,-0.59680,0.07579,-0.11092,0.80143,-0.58280,0.23127,-0.86323,-0.01993,
1703262531507953664,-2.69174,12.12174,-0.59887,0.07732,-0.11022,0.80204,-0.58190,0.16891,-0.84237,0.00807,
1703262531641445888,-2.66863,12.00670,-0.59653,0.07620,-0.10706,0.80240,-0.58214,0.20417,-0.85524,-0.05812,
1703262531774939648,-2.64547,11.89538,-0.59317,0.07599,-0.10619,0.80155,-0.58350,0.21242,-0.85635,-0.04261,
1703262531908436480,-2.62022,11.77976,-0.59740,0.07501,-0.10640,0.80204,-0.58290,0.23241,-0.82455,0.00938,
1703262532041936640,-2.59875,11.66415,-0.59798,0.07367,-0.10513,0.80252,-0.58266,0.09842,-0.88015,0.03309,
1703262532175438080,-2.57841,11.54987,-0.59130,0.07294,-0.10321,0.80140,-0.58462,0.19492,-0.85975,-0.02792,
1703262532308941824,-2.55015,11.42799,-0.59540,0.07150,-0.10318,0.80248,-0.58333,0.23500,-0.89195,0.01453,
1703262532442446848,-2.51756,11.31381,-0.59131,0.07457,-0.10444,0.80211,-0.58322,0.18780,-0.79778,0.10828,
1703262532575954176,-2.49752,11.19964,-0.59090,0.07250,-0.10338,0.80168,-0.58426,0.13596,-0.97722,-0.17614,
1703262532709462784,-2.48174,11.07479,-0.59956,0.07073,-0.09959,0.80337,-0.58281,0.19659,-0.86357,0.04976,
1703262532842966528,-2.44963,10.95455,-0.60049,0.07087,-0.10077,0.80360,-0.58227,0.24380,-0.87770,0.03871,
1703262533043202560,-2.40453,10.77336,-0.60218,0.07071,-0.10109,0.80340,-0.58252,0.20873,-0.89876,-0.00763,
1703262533176695040,-2.37928,10.64992,-0.60236,0.06944,-0.10005,0.80319,-0.58314,0.17785,-0.95227,-0.01620,
1703262533310188800,-2.35354,10.52399,-0.60342,0.06916,-0.09914,0.80334,-0.58312,0.19772,-0.95448,-0.02023,
1703262533443683840,-2.32525,10.39963,-0.60661,0.07003,-0.10019,0.80412,-0.58176,0.21486,-0.91708,-0.00075,
1703262533577180416,-2.29840,10.27656,-0.60707,0.06952,-0.10026,0.80400,-0.58198,0.20682,-0.91469,0.00445,
1703262533710678272,-2.27068,10.15457,-0.60638,0.06758,-0.09931,0.80367,-0.58282,0.20537,-0.91900,0.00406,
1703262533844172800,-2.24540,10.03213,-0.60380,0.06907,-0.09790,0.80403,-0.58239,0.16231,-0.90391,0.01087,
1703262533977658368,-2.22349,9.91156,-0.60753,0.06855,-0.09856,0.80357,-0.58298,0.16230,-0.92946,-0.05862,
1703262534111144960,-2.19445,9.78961,-0.60827,0.06772,-0.09775,0.80396,-0.58267,0.28553,-0.90704,0.01285,
1703262534244632832,-2.15060,9.67568,-0.60835,0.07123,-0.10072,0.80404,-0.58163,0.32967,-0.82762,0.00880,
1703262534378122496,-2.12079,9.56338,-0.60873,0.07072,-0.10262,0.80278,-0.58310,0.06519,-0.89659,0.01977,
1703262534511613184,-2.10911,9.44529,-0.60330,0.06997,-0.09715,0.80295,-0.58389,0.14296,-0.81833,0.07548,
1703262534645104640,-2.07904,9.32782,-0.60873,0.06873,-0.09849,0.80375,-0.58272,0.33643,-0.83601,-0.06406,
1703262534778597888,-2.03553,9.21770,-0.60753,0.07080,-0.10274,0.80272,-0.58315,0.36194,-0.83429,-0.02800,
1703262534912082688,-1.99431,9.10678,-0.60877,0.07164,-0.10471,0.80230,-0.58328,0.32197,-0.83850,0.00690,
1703262535045567232,-1.96124,8.99322,-0.60790,0.07225,-0.10507,0.80210,-0.58342,0.20545,-0.85853,0.00433,
1703262535179053056,-1.93964,8.87843,-0.60841,0.07334,-0.10484,0.80223,-0.58315,0.16764,-0.84573,0.00457,
1703262535312540160,-1.91813,8.76319,-0.60821,0.07218,-0.10373,0.80214,-0.58361,0.19701,-0.85559,-0.00412,
1703262535446028032,-1.88575,8.64827,-0.60864,0.07026,-0.10362,0.80205,-0.58399,0.26928,-0.84318,0.00715,
1703262535579517184,-1.85350,8.53907,-0.60321,0.06949,-0.10523,0.80112,-0.58507,0.20455,-0.84297,0.00947,
1703262535713007104,-1.82755,8.43155,-0.60691,0.07434,-0.10618,0.80178,-0.58340,0.15280,-0.82015,-0.04210,
1703262535846493440,-1.81648,8.31931,-0.60900,0.07177,-0.10359,0.80156,-0.58449,0.08482,-0.89058,-0.03850,
1703262535979967232,-1.78340,8.20692,-0.60949,0.06936,-0.10243,0.80157,-0.58496,0.32916,-0.83445,-0.02029,
1703262536113441792,-1.73623,8.10297,-0.60570,0.07242,-0.10627,0.80099,-0.58471,0.26991,-0.75700,0.05975,
1703262536246917120,-1.71246,7.99295,-0.61095,0.07286,-0.10744,0.80150,-0.58373,0.08518,-0.84759,-0.02740,
1703262536380393216,-1.69399,7.87955,-0.61517,0.07352,-0.10523,0.80326,-0.58163,0.21257,-0.83034,-0.08885,
1703262536580608768,-1.64845,7.72924,-0.60900,0.07631,-0.10687,0.80124,-0.58376,0.17573,-0.76178,0.04719,
1703262536714086912,-1.62594,7.61803,-0.61263,0.07210,-0.10455,0.80220,-0.58339,0.19820,-0.83329,-0.05064,
1703262536847561984,-1.59257,7.50910,-0.61324,0.07183,-0.10478,0.80214,-0.58347,0.30426,-0.81128,-0.00554,
1703262536981029120,-1.55681,7.40022,-0.61508,0.07479,-0.10818,0.80173,-0.58304,0.23761,-0.82591,0.00672,
1703262537114496512,-1.53143,7.28794,-0.61472,0.07622,-0.10787,0.80180,-0.58281,0.12620,-0.84026,0.02363,
1703262537247964928,-1.51078,7.17365,-0.61557,0.07474,-0.10544,0.80232,-0.58274,0.20757,-0.85427,-0.03336,
1703262537381433344,-1.47289,7.06309,-0.61404,0.07452,-0.10703,0.80202,-0.58289,0.34553,-0.81171,-0.00338,
1703262537514902528,-1.42465,6.95614,-0.61570,0.07340,-0.11058,0.80245,-0.58177,0.37652,-0.75782,0.01382,
1703262537648372480,-1.37923,6.85856,-0.61057,0.07479,-0.11334,0.80100,-0.58306,0.31482,-0.72171,0.03249,
1703262537781842432,-1.34440,6.75231,-0.60888,0.07678,-0.11652,0.79997,-0.58359,0.14959,-0.82494,0.03026,
1703262537915299584,-1.32333,6.63683,-0.60944,0.07686,-0.11494,0.80051,-0.58316,0.17008,-0.84660,0.03131,
1703262538048752384,-1.29994,6.52221,-0.61163,0.07594,-0.11261,0.80193,-0.58178,0.21353,-0.85472,-0.03961,
1703262538182204672,-1.27170,6.41289,-0.60902,0.07673,-0.11267,0.80087,-0.58311,0.15973,-0.85160,0.00256,
1703262538315657472,-1.25156,6.29211,-0.61240,0.07372,-0.11006,0.80198,-0.58248,0.11243,-0.88840,0.01248,
1703262538449110016,-1.23544,6.17213,-0.61133,0.07332,-0.10624,0.80244,-0.58260,0.13147,-0.89823,0.00278,
1703262538582562560,-1.22096,6.05519,-0.60950,0.07595,-0.10568,0.80257,-0.58219,0.07596,-0.85369,0.01627,
1703262538716015360,-1.21920,5.93749,-0.60737,0.07399,-0.10106,0.80162,-0.58457,0.04628,-0.91570,-0.04990,
1703262538849467648,-1.20177,5.81540,-0.60986,0.07029,-0.09708,0.80277,-0.58412,0.22707,-0.88979,-0.01698,
1703262538982919168,-1.16604,5.69661,-0.61153,0.07094,-0.09817,0.80312,-0.58338,0.27315,-0.85754,0.06849,
1703262539116370432,-1.13149,5.58194,-0.60938,0.07527,-0.10062,0.80210,-0.58382,0.21710,-0.87170,0.03133,
1703262539249821440,-1.10927,5.46690,-0.60535,0.07571,-0.10029,0.80120,-0.58505,0.14031,-0.89564,-0.03684,
1703262539383272704,-1.09054,5.34046,-0.61634,0.07131,-0.09731,0.80368,-0.58271,0.18226,-0.88578,0.02686,
1703262539516723712,-1.05091,5.22397,-0.61526,0.07162,-0.09924,0.80294,-0.58336,0.36844,-0.86794,-0.00590,
1703262539650174976,-1.00270,5.10934,-0.61417,0.07483,-0.10434,0.80211,-0.58321,0.32387,-0.86147,-0.00308,
1703262539783625728,-0.96841,4.99073,-0.61707,0.07532,-0.10610,0.80184,-0.58320,0.21796,-0.91994,-0.03634,
1703262539917072640,-0.94216,4.86861,-0.61889,0.07499,-0.10393,0.80238,-0.58289,0.24163,-0.90844,-0.01627,
1703262540050517504,-0.90762,4.75141,-0.61675,0.07538,-0.10527,0.80182,-0.58337,0.25060,-0.88303,0.01774,
1703262540183962112,-0.87510,4.63548,-0.61712,0.07707,-0.10628,0.80168,-0.58316,0.23732,-0.90295,-0.03445,
1703262540317406720,-0.84529,4.51775,-0.62262,0.07893,-0.10684,0.80332,-0.58055,0.15230,-0.83146,0.00852,
1703262540450850816,-0.82503,4.40274,-0.62091,0.07986,-0.10512,0.80344,-0.58057,0.16281,-0.85395,-0.00683,
1703262540584294912,-0.79871,4.28769,-0.61779,0.07797,-0.10383,0.80274,-0.58202,0.24972,-0.89205,-0.04025,
1703262540717738752,-0.76639,4.17438,-0.61379,0.07899,-0.10278,0.80222,-0.58278,0.28278,-0.79172,0.11513,
1703262540851181312,-0.73019,4.06352,-0.61231,0.07923,-0.10625,0.80195,-0.58251,0.20156,-0.88794,-0.07281,
1703262540984621312,-0.71302,3.94837,-0.61554,0.07882,-0.10491,0.80247,-0.58208,0.03183,-0.84607,0.01519,
1703262541118061056,-0.70755,3.83093,-0.61794,0.07525,-0.09938,0.80316,-0.58258,0.10889,-0.86491,-0.00056,
1703262541251500032,-0.67859,3.71871,-0.61821,0.07343,-0.09937,0.80276,-0.58336,0.33185,-0.83097,-0.01332,
1703262541384939008,-0.63176,3.60876,-0.61804,0.07467,-0.10425,0.80233,-0.58295,0.31258,-0.83940,-0.00348,
1703262541518377472,-0.59657,3.49848,-0.61583,0.07663,-0.10559,0.80198,-0.58293,0.20710,-0.80553,0.04287,
1703262541651815168,-0.57984,3.38104,-0.61708,0.07392,-0.10293,0.80245,-0.58310,0.06354,-0.88851,0.01838,
1703262541785252608,-0.56129,3.26935,-0.60787,0.07468,-0.10008,0.80132,-0.58506,0.21050,-0.83355,0.00026,
1703262541918683648,-0.52861,3.16016,-0.60610,0.07502,-0.10191,0.80086,-0.58533,0.26633,-0.85397,-0.05689,
1703262542052111360,-0.48817,3.04986,-0.61256,0.07387,-0.10434,0.80203,-0.58344,0.33283,-0.80566,-0.02200,
1703262542185538048,-0.44717,2.94410,-0.60983,0.07421,-0.10693,0.80066,-0.58482,0.28990,-0.81252,-0.00514,
1703262542318963712,-0.41452,2.83511,-0.60938,0.07485,-0.10866,0.80125,-0.58359,0.18129,-0.77558,0.04403,
1703262542452389120,-0.39330,2.73310,-0.60519,0.07514,-0.10809,0.80043,-0.58480,0.19629,-0.76140,-0.00914,
1703262542585812736,-0.36990,2.62492,-0.61127,0.07476,-0.10707,0.80156,-0.58348,0.19855,-0.79413,0.01106,
1703262542719235584,-0.34271,2.52073,-0.60922,0.07474,-0.10746,0.80115,-0.58397,0.15802,-0.77385,0.01093,
1703262542852656896,-0.32090,2.41549,-0.60814,0.07353,-0.10610,0.80117,-0.58435,0.18186,-0.79023,-0.01490,
1703262542986068992,-0.29131,2.30783,-0.61202,0.07456,-0.10610,0.80141,-0.58389,0.19878,-0.83528,0.00196,
1703262543119479296,-0.26758,2.19519,-0.61444,0.07458,-0.10578,0.80241,-0.58258,0.10877,-0.80245,0.04228,
1703262543252888576,-0.25154,2.08102,-0.61512,0.07271,-0.10267,0.80246,-0.58329,0.17150,-0.87905,-0.03600,
1703262543452999680,-0.20858,1.91230,-0.61604,0.07181,-0.10265,0.80261,-0.58320,0.27022,-0.83238,-0.00622,
1703262543586404608,-0.17360,1.80240,-0.61570,0.07331,-0.10494,0.80175,-0.58379,0.26413,-0.88276,-0.06022,
1703262543719808000,-0.14292,1.69104,-0.61642,0.07531,-0.10607,0.80246,-0.58236,0.20055,-0.81556,0.01502,
1703262543853214464,-0.12058,1.58090,-0.61708,0.07545,-0.10567,0.80250,-0.58235,0.13654,-0.83332,0.00877,
1703262543986631680,-0.10209,1.46877,-0.61772,0.07206,-0.10306,0.80232,-0.58349,0.21770,-0.81790,0.01819,
1703262544120047104,-0.06875,1.35619,-0.61946,0.07072,-0.10272,0.80282,-0.58304,0.32096,-0.81515,0.00016,
1703262544253461248,-0.02808,1.24713,-0.61878,0.07115,-0.10677,0.80272,-0.58240,0.28906,-0.83399,-0.04626,
1703262544386873856,-0.00045,1.13871,-0.61805,0.07082,-0.10698,0.80259,-0.58257,0.22678,-0.83474,-0.04103,
1703262544520285440,0.02679,1.03189,-0.61738,0.07040,-0.10641,0.80250,-0.58285,0.21336,-0.78548,-0.00014,
1703262544653695488,0.06012,0.92268,-0.61822,0.07227,-0.10778,0.80262,-0.58221,0.27556,-0.84383,-0.02867,
1703262544787104256,0.08910,0.81617,-0.61438,0.07293,-0.10834,0.80236,-0.58238,0.19557,-0.75822,0.04528,
1703262544920525568,0.11868,0.71046,-0.61403,0.07389,-0.10808,0.80201,-0.58278,0.20242,-0.78350,0.02459,
1703262545053951232,0.15194,0.59961,-0.61392,0.07648,-0.10982,0.80177,-0.58245,0.26734,-0.81829,-0.00129,
1703262545187375872,0.18681,0.48585,-0.61600,0.07784,-0.11192,0.80186,-0.58176,0.24679,-0.83656,0.00744,
1703262545320799488,0.21610,0.37117,-0.61433,0.07715,-0.11129,0.80189,-0.58193,0.25049,-0.84989,0.00418,
1703262545454222336,0.24989,0.25938,-0.61368,0.07824,-0.11230,0.80162,-0.58196,0.27028,-0.83203,0.01226,
1703262545587644672,0.28004,0.14901,-0.61473,0.07906,-0.11388,0.80147,-0.58175,0.16128,-0.82339,0.02735,
1703262545721065728,0.29270,0.03194,-0.61563,0.07578,-0.10947,0.80186,-0.58249,0.07295,-0.89657,0.01809,
1703262545854488832,0.30385,-0.08762,-0.61631,0.07305,-0.10469,0.80259,-0.58271,0.09772,-0.88534,0.00350,
1703262545987921408,0.31127,-0.20767,-0.61632,0.07056,-0.10145,0.80266,-0.58350,0.03249,-0.92671,-0.02082,
1703262546121353984,0.30683,-0.33095,-0.61708,0.06647,-0.09603,0.80341,-0.58386,-0.08639,-0.94952,-0.03549,
1703262546254785280,0.29268,-0.45578,-0.61738,0.06142,-0.08843,0.80424,-0.58447,-0.13350,-0.94377,-0.01347,
1703262546388216576,0.27116,-0.58300,-0.62091,0.05587,-0.08017,0.80547,-0.58453,-0.20455,-0.96279,-0.03329,
1703262546521647104,0.24189,-0.71014,-0.62148,0.04898,-0.07109,0.80639,-0.58505,-0.26925,-0.93697,0.00477,
1703262546655077120,0.21065,-0.83558,-0.62117,0.04469,-0.06158,0.80718,-0.58538,-0.21483,-0.86814,0.07220,
1703262546788506624,0.17801,-0.96049,-0.62360,0.03943,-0.05266,0.80775,-0.58585,-0.22728,-0.93215,-0.01953,
1703262546921945600,0.15577,-1.08294,-0.62047,0.03227,-0.04534,0.80751,-0.58723,-0.13140,-0.96784,-0.08195,
1703262547122109952,0.15436,-1.26282,-0.62527,0.03124,-0.04244,0.80801,-0.58681,0.04279,-0.87671,-0.01743,
1703262547255552768,0.15336,-1.38071,-0.62314,0.02913,-0.04092,0.80780,-0.58732,-0.11833,-0.90087,-0.01261,
1703262547388995328,0.14284,-1.49848,-0.62189,0.02600,-0.03590,0.80734,-0.58842,-0.03298,-0.90906,-0.07884,
1703262547522438144,0.14560,-1.61393,-0.61990,0.02608,-0.03464,0.80757,-0.58817,0.05858,-0.85930,0.02813,
1703262547655880704,0.15530,-1.72278,-0.61891,0.02624,-0.03472,0.80699,-0.58895,0.09434,-0.84089,-0.00263,
1703262547789323008,0.17595,-1.83093,-0.61609,0.02756,-0.03664,0.80699,-0.58878,0.19442,-0.77299,0.02467,
1703262547922769408,0.20845,-1.93722,-0.61675,0.03048,-0.04115,0.80670,-0.58874,0.26111,-0.84404,-0.05372,
1703262548056217600,0.24040,-2.04312,-0.61490,0.03440,-0.04537,0.80641,-0.58861,0.24023,-0.81599,-0.00398,
1703262548189666304,0.27142,-2.14926,-0.61288,0.03837,-0.04826,0.80591,-0.58881,0.30186,-0.81796,-0.00273,
1703262548323115264,0.31700,-2.25040,-0.60658,0.04337,-0.05489,0.80458,-0.58971,0.37013,-0.74706,0.05552,
1703262548456564224,0.37416,-2.34934,-0.60672,0.04769,-0.06298,0.80447,-0.58871,0.48873,-0.73180,-0.02024,
1703262548590013696,0.45184,-2.44508,-0.61021,0.05657,-0.07453,0.80358,-0.58780,0.63604,-0.72766,-0.01313,
1703262548723463424,0.53267,-2.53681,-0.60886,0.06578,-0.08757,0.80217,-0.58696,0.53297,-0.69705,0.04038,
1703262548856914432,0.60194,-2.63057,-0.60830,0.07180,-0.09611,0.80131,-0.58609,0.53943,-0.71248,-0.01405,
1703262548990371840,0.68752,-2.71811,-0.60670,0.07886,-0.10714,0.79996,-0.58512,0.71801,-0.60504,0.01779,
1703262549123829248,0.79094,-2.79693,-0.60666,0.09046,-0.12275,0.79781,-0.58331,0.81827,-0.62793,-0.05331,
1703262549257287424,0.89252,-2.87589,-0.60903,0.10146,-0.13702,0.79624,-0.58045,0.71542,-0.60472,-0.02566,
1703262549390746112,0.99287,-2.95131,-0.60989,0.11066,-0.14971,0.79458,-0.57792,0.82746,-0.52203,0.01448,
1703262549590934784,1.16317,-3.04341,-0.60658,0.12736,-0.17261,0.78894,-0.57581,0.93059,-0.39055,0.01536,
1703262549724394496,1.28584,-3.09858,-0.61012,0.13899,-0.18929,0.78551,-0.57256,0.89258,-0.45296,-0.02425,
1703262549924583936,1.45739,-3.18401,-0.60982,0.15562,-0.20967,0.78063,-0.56784,0.86048,-0.40213,-0.00104,
1703262550058043648,1.57632,-3.23257,-0.60967,0.16612,-0.22449,0.77704,-0.56411,0.91146,-0.32772,-0.02753,
1703262550191504128,1.69741,-3.26973,-0.60914,0.17748,-0.24058,0.77258,-0.56013,0.89748,-0.28113,-0.01927,
1703262550324964864,1.81366,-3.30864,-0.60947,0.18728,-0.25320,0.76856,-0.55689,0.87408,-0.30585,0.00679,
1703262550458426112,1.93116,-3.34338,-0.60699,0.19553,-0.26502,0.76442,-0.55425,0.92932,-0.21281,0.00250,
1703262550591887872,2.05850,-3.36618,-0.60686,0.20732,-0.28066,0.75892,-0.54980,0.94516,-0.14997,-0.00440,
1703262550725350400,2.18300,-3.38860,-0.60460,0.21746,-0.29569,0.75314,-0.54594,0.85014,-0.18979,0.05905,
1703262550858813184,2.30363,-3.40458,-0.60247,0.22696,-0.30857,0.74766,-0.54248,0.94519,-0.04631,0.02249,
1703262550992277248,2.43144,-3.40448,-0.59827,0.23765,-0.32414,0.74052,-0.53860,0.95561,-0.01088,0.02379,
1703262551125741824,2.55280,-3.40701,-0.59261,0.24780,-0.33837,0.73346,-0.53492,0.86575,-0.09412,-0.01428,
1703262551259206656,2.66989,-3.41144,-0.58969,0.25926,-0.35022,0.72745,-0.53004,0.89495,-0.02786,0.00140,
1703262551392672512,2.78973,-3.40884,-0.58691,0.26844,-0.36346,0.72077,-0.52567,0.88256,0.04942,0.03969,
1703262551526139136,2.91225,-3.39468,-0.58351,0.27984,-0.37681,0.71340,-0.52035,0.91431,0.12824,0.04969,
1703262551659606016,3.03529,-3.37882,-0.58056,0.29048,-0.39044,0.70549,-0.51524,0.90792,0.05350,0.02908,
1703262551793073664,3.15488,-3.36767,-0.57653,0.29914,-0.40188,0.69837,-0.51117,0.88345,0.08281,0.02659,
1703262551926537728,3.27507,-3.34478,-0.57150,0.30920,-0.41421,0.69084,-0.50554,0.91012,0.25719,0.00137,
1703262552060001024,3.39744,-3.30793,-0.56650,0.31890,-0.42921,0.68065,-0.50081,0.88847,0.22993,0.04859,
1703262552193465088,3.51425,-3.27548,-0.56710,0.32772,-0.44208,0.67274,-0.49456,0.88362,0.27427,0.03193,
1703262552326929664,3.63250,-3.23559,-0.56677,0.33630,-0.45523,0.66402,-0.48861,0.85973,0.30066,0.01581,
1703262552460394496,3.75093,-3.19276,-0.56751,0.34537,-0.46850,0.65492,-0.48199,0.88208,0.31378,-0.02391,
1703262552593860096,3.87293,-3.14336,-0.57130,0.35430,-0.48300,0.64542,-0.47394,0.92240,0.40747,-0.00008,
1703262552727326208,3.99580,-3.08346,-0.57396,0.36400,-0.49710,0.63495,-0.46608,0.94563,0.47118,-0.01170,
1703262552860791808,4.11824,-3.02088,-0.57609,0.37330,-0.51070,0.62472,-0.45777,0.90707,0.45083,0.00456,
1703262552994256384,4.24209,-2.96148,-0.57805,0.38199,-0.52362,0.61450,-0.44978,0.92089,0.44239,-0.01274,
1703262553127721472,4.36491,-2.89392,-0.57971,0.39072,-0.53668,0.60377,-0.44132,0.93179,0.56936,0.00319,
1703262553261187072,4.48430,-2.81557,-0.57971,0.39969,-0.54953,0.59210,-0.43321,0.91510,0.62170,-0.04383,
1703262553394653184,4.60198,-2.73132,-0.57842,0.40827,-0.56222,0.58036,-0.42474,0.84811,0.64363,0.00372,
1703262553528119552,4.71507,-2.63855,-0.58050,-0.41654,0.57612,-0.56760,0.41521,0.82963,0.72134,0.00952,
1703262553661586944,4.82253,-2.54290,-0.58179,-0.42475,0.58916,-0.55550,0.40485,0.80806,0.72088,-0.01164,
1703262553795054592,4.92791,-2.44894,-0.58402,-0.43099,0.60163,-0.54424,0.39508,0.76204,0.65630,0.00574,
1703262553928516864,5.03095,-2.35333,-0.59109,-0.43542,0.61335,-0.53334,0.38698,0.79198,0.78650,-0.08083,
1703262554061976832,5.12480,-2.24491,-0.58974,-0.44451,0.62528,-0.51908,0.37682,0.64984,0.85965,0.05044,
1703262554195437056,5.21397,-2.12717,-0.58325,-0.45589,0.63690,-0.50334,0.36492,0.67070,0.83676,0.04494,
1703262554328897536,5.30547,-2.00743,-0.58563,-0.46347,0.64902,-0.48879,0.35362,0.64805,0.92425,0.02690,
1703262554462358528,5.38600,-1.88377,-0.57331,-0.47542,0.65802,-0.47361,0.34159,0.56883,0.96349,0.08411,
1703262554595819520,5.46594,-1.74592,-0.57465,-0.48365,0.66990,-0.45703,0.32930,0.59730,1.09275,-0.01319,
1703262554729281024,5.54016,-1.60319,-0.57026,-0.49219,0.68008,-0.44042,0.31824,0.53222,1.11464,0.00116,
1703262554862742016,5.61182,-1.44898,-0.57369,-0.49978,0.69173,-0.42351,0.30393,0.48128,1.20491,0.07579,
1703262554996200704,5.67524,-1.29446,-0.57049,0.50868,-0.70185,0.40457,-0.29152,0.48596,1.24752,-0.10331,
1703262555129659648,5.73103,-1.13134,-0.57428,0.51532,-0.71274,0.38662,-0.27744,0.36589,1.20368,0.09870,
1703262555263119104,5.77986,-0.96200,-0.57868,0.52217,-0.72347,0.36725,-0.26280,0.32472,1.26617,0.03642,
1703262555396578304,5.82209,-0.78792,-0.58326,0.52829,-0.73381,0.34727,-0.24868,0.28862,1.32055,-0.02202,
1703262555530038272,5.85147,-0.61061,-0.58199,0.53526,-0.74203,0.32763,-0.23569,0.17387,1.41544,-0.06463,
1703262555663498496,5.86664,-0.42483,-0.58114,0.54249,-0.75076,0.30559,-0.22061,0.09977,1.40345,0.02091,
1703262555796958720,5.87877,-0.23614,-0.58630,0.54703,-0.76049,0.28387,-0.20453,0.08643,1.33630,0.07157,
1703262555930412032,5.87779,-0.04889,-0.58647,0.55153,-0.76828,0.26216,-0.19192,-0.05263,1.38540,-0.00779,
1703262556063861504,5.86201,0.13594,-0.58025,0.55786,-0.77434,0.24026,-0.17740,-0.16241,1.46696,-0.11064,
1703262556197311232,5.84367,0.31894,-0.58148,0.56138,-0.78164,0.21877,-0.16133,-0.16095,1.28159,0.11706,
1703262556330760704,5.82339,0.49767,-0.58739,0.56614,-0.78716,0.19925,-0.14201,-0.22055,1.48073,-0.10445,
1703262556464210432,5.78904,0.67600,-0.58302,0.57214,-0.79117,0.17722,-0.12368,-0.28581,1.44179,-0.13826,
1703262556597660160,5.73874,0.86000,-0.58621,0.57277,-0.79758,0.15461,-0.10905,-0.41452,1.34154,0.00704,
1703262556731109888,5.67149,1.03594,-0.58325,0.57616,-0.80115,0.13227,-0.09323,-0.54297,1.33065,0.05146,
1703262556864559616,5.59557,1.20979,-0.57965,0.57966,-0.80420,0.10780,-0.07515,-0.57690,1.31031,-0.01647,
1703262556998010112,5.51498,1.38424,-0.58038,0.58130,-0.80734,0.08412,-0.05671,-0.66399,1.26806,0.04670,
1703262557131461120,5.42367,1.55089,-0.57993,0.58347,-0.80888,0.06101,-0.03941,-0.72979,1.28442,-0.03012,
1703262557264911872,5.31396,1.71272,-0.57832,0.58457,-0.81019,0.03691,-0.02244,-0.86536,1.23016,-0.02148,
1703262557398362624,5.19402,1.86760,-0.57658,0.58556,-0.81054,0.01161,-0.00368,-0.90728,1.17244,0.00301,
1703262557531813120,5.06974,2.02210,-0.57686,0.58548,-0.81047,-0.01256,0.01378,-0.95387,1.14668,0.00011,
1703262557665264128,4.94484,2.17053,-0.57760,0.58442,-0.81020,-0.03449,0.02899,-0.95020,1.10837,0.01007,
1703262557798714880,4.81540,2.31663,-0.58512,0.58207,-0.81023,-0.05599,0.03976,-0.95949,1.07380,-0.03324,
1703262557932162816,4.68764,2.45511,-0.57827,0.58221,-0.80749,-0.07609,0.05658,-1.00221,1.03934,-0.06115,
1703262558065609216,4.56661,2.59100,-0.57875,0.58051,-0.80543,-0.09545,0.07195,-0.83238,1.05651,0.01421,
1703262558199055104,4.45491,2.72548,-0.57698,0.57999,-0.80309,-0.10941,0.08181,-0.84494,0.96865,0.06346,
1703262558332500992,4.33174,2.85552,-0.57559,0.57895,-0.80033,-0.12433,0.09403,-1.01230,0.97282,-0.03798,
1703262558465946624,4.20467,2.98042,-0.57393,0.57649,-0.79766,-0.14185,0.10615,-0.88039,0.88041,0.06421,
1703262558599392768,4.09094,3.10441,-0.57530,0.57448,-0.79542,-0.15566,0.11421,-0.83586,0.94534,-0.00209,
1703262558732837888,3.98872,3.22356,-0.57375,0.57395,-0.79305,-0.16451,0.12080,-0.80250,0.89342,0.00774,
1703262558866283264,3.88865,3.33879,-0.57032,0.57386,-0.79023,-0.17377,0.12661,-0.73670,0.88261,-0.03798,
1703262558999726592,3.79639,3.45607,-0.57480,0.57205,-0.78899,-0.18090,0.13237,-0.65073,0.90848,-0.01350,
1703262559133169664,3.71829,3.57802,-0.57331,0.57227,-0.78756,-0.18465,0.13475,-0.51649,0.90191,0.00323,
1703262559266612480,3.65024,3.69999,-0.57503,0.57159,-0.78766,-0.18644,0.13456,-0.47584,0.86889,0.05558,
1703262559400055296,3.58569,3.81925,-0.57441,0.57234,-0.78684,-0.18738,0.13488,-0.45033,0.88001,-0.01482,
1703262559533497344,3.52703,3.93824,-0.57900,0.57159,-0.78734,-0.18817,0.13405,-0.35452,0.92000,-0.05176,
1703262559666939392,3.47913,4.05001,-0.57552,0.57252,-0.78677,-0.18683,0.13530,-0.33621,0.85587,-0.04000,
1703262559800381184,3.44138,4.16455,-0.57782,0.57301,-0.78753,-0.18396,0.13270,-0.23592,0.84056,0.02860,
1703262559933821440,3.40748,4.27964,-0.58037,0.57223,-0.78947,-0.18035,0.12944,-0.24172,0.78858,0.01462,
1703262560067260928,3.37405,4.38273,-0.57808,0.57423,-0.78876,-0.17835,0.12770,-0.26150,0.79018,-0.02383,
1703262560200700160,3.34101,4.48393,-0.57882,0.57472,-0.78916,-0.17646,0.12565,-0.22014,0.73689,0.01505,
1703262560334138880,3.31554,4.58542,-0.58201,0.57472,-0.79026,-0.17310,0.12343,-0.16067,0.76253,-0.01862,
1703262560467577344,3.29689,4.68465,-0.58365,0.57557,-0.79087,-0.16902,0.12114,-0.13328,0.74904,-0.01297,
1703262560601015296,3.27149,4.77896,-0.58461,0.57512,-0.79196,-0.16642,0.11972,-0.21045,0.66901,0.01404,
1703262560734453248,3.24184,4.86665,-0.58175,0.57585,-0.79197,-0.16523,0.11778,-0.20899,0.65275,0.00519,
1703262560867890944,3.21639,4.95025,-0.57886,0.57688,-0.79171,-0.16361,0.11676,-0.16719,0.62270,-0.01636,
1703262561001330176,3.19663,5.03571,-0.58191,0.57642,-0.79267,-0.16160,0.11531,-0.13022,0.62092,0.01677,
1703262561134768640,3.17707,5.11958,-0.58336,0.57642,-0.79331,-0.15903,0.11448,-0.13485,0.59779,0.01777,
1703262561268207360,3.15720,5.19958,-0.58342,0.57634,-0.79427,-0.15660,0.11156,-0.11642,0.56679,0.02151,
1703262561401645056,3.13736,5.27336,-0.58296,0.57683,-0.79458,-0.15494,0.10913,-0.12540,0.52684,0.00337,
1703262561535083008,3.12457,5.34329,-0.58385,0.57673,-0.79511,-0.15330,0.10806,-0.02691,0.53616,-0.02537,
1703262561668520448,3.12571,5.41191,-0.58337,0.57706,-0.79617,-0.14835,0.10540,0.05792,0.50301,-0.00737,
1703262561801957632,3.12889,5.47492,-0.58174,0.57831,-0.79684,-0.14285,0.10100,0.00907,0.46243,0.00313,
1703262561935395072,3.12495,5.53275,-0.58245,0.57827,-0.79775,-0.13969,0.09839,-0.02422,0.40457,0.01759,
1703262562068832512,3.12404,5.58134,-0.58251,0.57825,-0.79828,-0.13795,0.09664,0.07239,0.35063,-0.00086,
1703262562202269696,3.13821,5.62589,-0.58237,0.57888,-0.79914,-0.13235,0.09353,0.14540,0.31956,0.00701,
1703262562335706624,3.15368,5.66413,-0.58250,0.57941,-0.80007,-0.12667,0.09010,0.06793,0.24555,0.00026,
1703262562469143296,3.15671,5.69359,-0.58257,0.57962,-0.80043,-0.12463,0.08841,0.01758,0.20749,-0.01575,
1703262562602579712,3.16074,5.71690,-0.58287,0.57957,-0.80091,-0.12282,0.08692,0.06757,0.15414,-0.00642,
1703262562736015360,3.16952,5.73404,-0.58352,0.57979,-0.80137,-0.12003,0.08515,0.05120,0.10945,-0.00174,
1703262562869451520,3.17259,5.74501,-0.58277,0.57991,-0.80149,-0.11904,0.08458,-0.00956,0.05670,-0.00233,
1703262563002889216,3.16922,5.74833,-0.58366,0.57991,-0.80139,-0.11963,0.08460,-0.00823,0.01608,-0.00110,
1703262563136326656,3.17022,5.74709,-0.58399,0.58009,-0.80133,-0.11935,0.08442,0.01661,-0.00868,-0.00649,
1703262563269763840,3.17086,5.74189,-0.58454,0.58022,-0.80120,-0.11948,0.08448,-0.00553,-0.04082,-0.00239,
1703262563403200512,3.16938,5.73491,-0.58526,0.58022,-0.80101,-0.12040,0.08503,-0.00412,-0.04845,-0.00903,
1703262563536637184,3.17022,5.72319,-0.58594,0.58003,-0.80105,-0.12082,0.08538,0.01074,-0.13098,-0.00261,
1703262563670073344,3.16889,5.69623,-0.58710,0.57972,-0.80090,-0.12253,0.08640,-0.00178,-0.27865,-0.01150,
1703262563803508992,3.16785,5.65018,-0.58660,0.58002,-0.80008,-0.12519,0.08819,-0.01567,-0.36637,-0.00174,
1703262563936946944,3.16228,5.59886,-0.58511,0.58002,-0.79912,-0.12935,0.09085,-0.06346,-0.36965,-0.01677,
1703262564070385152,3.15534,5.54842,-0.58526,0.57983,-0.79835,-0.13363,0.09263,0.01107,-0.37231,0.01450,
1703262564203823360,3.16181,5.50012,-0.58423,0.57984,-0.79808,-0.13488,0.09308,0.08846,-0.36550,0.01211,
1703262564337261056,3.17276,5.45231,-0.58207,0.58010,-0.79776,-0.13518,0.09374,0.06907,-0.32831,-0.00415,
1703262564470698240,3.17987,5.40938,-0.58194,0.57979,-0.79755,-0.13674,0.09521,0.04644,-0.30703,-0.00340,
1703262564604135168,3.18635,5.37085,-0.58075,0.57948,-0.79724,-0.13882,0.09661,0.06821,-0.26801,0.00713,
1703262564737571840,3.19721,5.33848,-0.58012,0.57959,-0.79713,-0.13880,0.09693,0.09038,-0.23140,0.01938,
1703262564871008256,3.20767,5.31248,-0.57919,0.57971,-0.79729,-0.13780,0.09631,0.06899,-0.18355,0.00486,
1703262565004444416,3.21378,5.29010,-0.57888,0.57969,-0.79724,-0.13830,0.09615,0.03128,-0.15843,0.00155,
1703262565137880320,3.21942,5.27122,-0.57883,0.57972,-0.79711,-0.13878,0.09632,0.06614,-0.12480,0.00261,
1703262565271315968,3.23049,5.25573,-0.57846,0.57986,-0.79727,-0.13767,0.09578,0.08573,-0.11410,0.01459,
1703262565404751616,3.23937,5.24052,-0.57786,0.57995,-0.79733,-0.13720,0.09543,0.04612,-0.12464,0.00373,
1703262565538186496,3.24643,5.22042,-0.57798,0.57971,-0.79738,-0.13780,0.09558,0.08404,-0.19080,0.00193,
1703262565671621120,3.26429,5.18969,-0.57799,0.57975,-0.79766,-0.13686,0.09434,0.19851,-0.29075,-0.00445,
1703262565805055488,3.29672,5.14627,-0.58025,0.57941,-0.79869,-0.13331,0.09281,0.31586,-0.38572,-0.00353,
1703262565938489088,3.34089,5.08760,-0.57884,0.58002,-0.79924,-0.12935,0.08984,0.38049,-0.49716,0.01092,
1703262566071921664,3.39318,5.01822,-0.57815,0.58039,-0.80026,-0.12392,0.08589,0.44332,-0.56751,0.00372,
1703262566205353728,3.45672,4.93757,-0.57832,0.58099,-0.80151,-0.11661,0.08023,0.51663,-0.64683,-0.01509,
1703262566338785536,3.52371,4.84490,-0.57917,0.58158,-0.80266,-0.10958,0.07407,0.51170,-0.74331,0.00354,
1703262566472217088,3.59053,4.74169,-0.57944,0.58239,-0.80357,-0.10203,0.06852,0.48518,-0.78623,-0.05021,
1703262566672363264,3.68655,4.56745,-0.57945,0.58370,-0.80452,-0.09085,0.06163,0.43235,-0.86150,-0.04622,
1703262566805794048,3.73999,4.44746,-0.58061,0.58402,-0.80512,-0.08528,0.05848,0.34980,-0.90592,0.01864,
1703262566939228928,3.78489,4.32949,-0.57812,0.58474,-0.80512,-0.08065,0.05784,0.32348,-0.84127,-0.03314,
1703262567072666880,3.82082,4.21651,-0.57980,0.58419,-0.80592,-0.07788,0.05610,0.23504,-0.85817,0.05066,
1703262567206105088,3.84007,4.10678,-0.58337,0.58330,-0.80658,-0.07805,0.05571,0.09838,-0.80208,-0.01826,
1703262567339542784,3.85719,3.99827,-0.58358,0.58334,-0.80646,-0.07791,0.05723,0.14370,-0.73888,-0.02937,
1703262567472980480,3.87406,3.89448,-0.58504,0.58270,-0.80676,-0.07801,0.05924,0.05120,-0.78238,0.00973,
1703262567606417920,3.87660,3.79201,-0.58591,0.58299,-0.80602,-0.08145,0.06174,-0.00737,-0.74076,0.00186,
1703262567739855360,3.87622,3.69283,-0.58932,0.58216,-0.80615,-0.08434,0.06404,-0.00205,-0.72138,-0.01197,
1703262567940012544,3.87190,3.55214,-0.58989,0.58151,-0.80565,-0.09048,0.06780,-0.04613,-0.66158,-0.01440,
1703262568073452544,3.87028,3.46303,-0.58927,0.58091,-0.80534,-0.09471,0.07072,0.02683,-0.66276,0.04769,
1703262568206892032,3.87854,3.38103,-0.58657,0.58144,-0.80460,-0.09638,0.07253,0.07531,-0.58179,0.02485,
1703262568340331776,3.88762,3.30687,-0.58563,0.58175,-0.80407,-0.09785,0.07388,0.07306,-0.54532,0.02303,
1703262568473771264,3.89615,3.24123,-0.58728,0.58093,-0.80449,-0.09922,0.07391,0.09524,-0.47239,0.01708,
1703262568607210752,3.90743,3.18594,-0.58838,0.58045,-0.80483,-0.09947,0.07366,0.10193,-0.37656,0.00875,
1703262568740649984,3.91896,3.14272,-0.58913,0.57994,-0.80530,-0.09903,0.07313,0.06414,-0.30856,0.00349,
1703262568874089216,3.92611,3.10883,-0.59009,0.58028,-0.80506,-0.09907,0.07305,0.04459,-0.24923,-0.00898,
1703262569007529984,3.93330,3.07732,-0.58960,0.58044,-0.80489,-0.09948,0.07316,0.06644,-0.24206,-0.00600,
1703262569140970752,3.94270,3.04697,-0.58968,0.58045,-0.80493,-0.09909,0.07310,0.08741,-0.23528,-0.00874,
1703262569274411776,3.95315,3.01978,-0.59105,0.58096,-0.80484,-0.09733,0.07243,0.08067,-0.20938,-0.00488,
1703262569407852288,3.96207,2.99390,-0.59125,0.58089,-0.80497,-0.09687,0.07221,0.04245,-0.17454,0.00136,
1703262569541292800,3.96692,2.97375,-0.59161,0.58085,-0.80491,-0.09724,0.07263,0.04743,-0.12044,-0.00478,
1703262569674733312,3.97290,2.96013,-0.59177,0.58097,-0.80490,-0.09674,0.07250,0.03328,-0.08721,0.00182,
1703262569808174080,3.97439,2.95283,-0.59199,0.58108,-0.80486,-0.09650,0.07236,0.01173,-0.04747,-0.00016,
1703262569941616896,3.97489,2.94946,-0.59205,0.58112,-0.80480,-0.09668,0.07246,0.02096,-0.00697,-0.00748,
1703262570075060480,3.97990,2.94931,-0.59294,0.58090,-0.80513,-0.09565,0.07188,0.04566,-0.03669,-0.00916,
1703262570208504320,3.98295,2.93840,-0.59375,0.58059,-0.80540,-0.09545,0.07168,0.02378,-0.15725,0.00158,
1703262570341948416,3.98550,2.90889,-0.59268,0.58071,-0.80510,-0.09689,0.07214,0.05949,-0.27510,-0.00733,
1703262570475392256,3.99839,2.86391,-0.59097,0.58100,-0.80493,-0.09642,0.07226,0.13303,-0.37200,0.01550,
1703262570608836608,4.01551,2.81652,-0.58960,0.58147,-0.80486,-0.09499,0.07122,0.12027,-0.33140,-0.00646,
1703262570742280704,4.02876,2.77714,-0.58909,0.58175,-0.80487,-0.09362,0.07071,0.09878,-0.27997,0.00760,
1703262570942446080,4.04426,2.72834,-0.58848,0.58137,-0.80504,-0.09375,0.07162,0.06804,-0.20266,-0.00923,
1703262571075888384,4.05155,2.70223,-0.58776,0.58142,-0.80499,-0.09375,0.07171,0.03447,-0.18477,-0.00847,
1703262571209330688,4.05692,2.68083,-0.58694,0.58156,-0.80497,-0.09355,0.07118,0.04101,-0.15354,-0.00347,
1703262571342773248,4.06346,2.66078,-0.58678,0.58172,-0.80493,-0.09312,0.07085,0.04894,-0.13515,-0.00155,
1703262571476215552,4.07088,2.64231,-0.58693,0.58150,-0.80518,-0.09253,0.07060,0.07837,-0.15688,0.00018,
1703262571676379392,4.08011,2.61081,-0.58604,0.58191,-0.80493,-0.09225,0.07036,0.02808,-0.14339,0.00950,
1703262571809822208,4.08611,2.59739,-0.58620,0.58201,-0.80491,-0.09185,0.07028,0.05479,-0.06419,-0.00082,
1703262571943262464,4.09034,2.59390,-0.58764,0.58197,-0.80502,-0.09124,0.07024,0.00630,-0.02405,0.00016,
1703262572076701952,4.08766,2.59564,-0.58850,0.58188,-0.80502,-0.09160,0.07050,-0.01043,0.02847,-0.00204,
1703262572210140928,4.08664,2.60147,-0.58865,0.58198,-0.80500,-0.09135,0.07025,-0.00206,0.05755,-0.00261,
1703262572343579904,4.08288,2.61125,-0.58889,0.58185,-0.80508,-0.09151,0.07020,-0.02578,0.06427,-0.00205,
1703262572477018880,4.08210,2.61986,-0.58910,0.58185,-0.80504,-0.09171,0.07041,0.01456,0.04038,-0.00599,
1703262572610457344,4.08744,2.61930,-0.58826,0.58184,-0.80518,-0.09079,0.07004,0.03279,-0.04252,-0.00234,
1703262572743896320,4.09040,2.60766,-0.58734,0.58196,-0.80515,-0.09052,0.06971,0.03303,-0.10964,0.00007,
1703262572877335040,4.09757,2.58948,-0.58613,0.58208,-0.80514,-0.09002,0.06946,0.06722,-0.14513,-0.00114,
1703262573010776576,4.10594,2.56856,-0.58639,0.58187,-0.80534,-0.08953,0.06953,0.06064,-0.17756,0.00399,
1703262573144218112,4.10962,2.54445,-0.58652,0.58154,-0.80553,-0.08991,0.06957,0.03648,-0.18196,-0.00790,
1703262573277659904,4.11445,2.51841,-0.58628,0.58163,-0.80542,-0.09020,0.06979,0.05440,-0.18715,0.00043,
1703262573411101696,4.12078,2.49390,-0.58722,0.58127,-0.80560,-0.09071,0.07006,0.05215,-0.21030,0.00176,
1703262573544542976,4.12460,2.46312,-0.58826,0.58117,-0.80548,-0.09190,0.07077,0.04251,-0.25793,-0.00574,
1703262573677984768,4.12847,2.42440,-0.59221,0.58036,-0.80600,-0.09318,0.06984,0.03221,-0.30378,-0.05544,
1703262573811426048,4.13381,2.37844,-0.59178,0.58056,-0.80583,-0.09396,0.06896,0.05165,-0.35265,-0.00833,
1703262573944867328,4.14359,2.33196,-0.59058,0.57992,-0.80621,-0.09432,0.06940,0.10529,-0.37811,0.00994,
1703262574078308352,4.15528,2.27709,-0.59043,0.58002,-0.80600,-0.09531,0.06976,0.09303,-0.43838,-0.01723,
1703262574278469376,4.17144,2.18871,-0.58851,0.57988,-0.80610,-0.09485,0.07033,0.05571,-0.38434,-0.03427,
1703262574411909888,4.18251,2.14364,-0.58880,0.58092,-0.80536,-0.09492,0.07019,0.06901,-0.23925,-0.03006,
1703262574545350656,4.18684,2.11205,-0.58896,0.57958,-0.80614,-0.09601,0.07077,0.03201,-0.24158,0.01605,
1703262574678791168,4.19105,2.09377,-0.58834,0.58018,-0.80567,-0.09614,0.07105,0.03558,-0.03191,-0.01895,
1703262574812231680,4.19276,2.09351,-0.58870,0.58024,-0.80575,-0.09537,0.07073,-0.01546,0.02489,0.01753,
1703262574945673472,4.18450,2.11363,-0.58920,0.57961,-0.80611,-0.09603,0.07084,-0.06619,0.17894,-0.01089,
1703262575079117056,4.17617,2.14108,-0.58922,0.57998,-0.80571,-0.09683,0.07125,-0.05248,0.24601,0.00041,
1703262575212560128,4.16827,2.18090,-0.58851,0.57972,-0.80598,-0.09643,0.07088,-0.05947,0.31815,0.01965,
1703262575346003456,4.16123,2.22684,-0.58656,0.58038,-0.80561,-0.09589,0.07044,-0.04921,0.36580,0.00670,
1703262575479446784,4.15641,2.27349,-0.58539,0.58054,-0.80574,-0.09429,0.06970,-0.02469,0.32315,0.00626,
1703262575612890368,4.15077,2.31561,-0.58565,0.58065,-0.80582,-0.09331,0.06923,-0.05006,0.28122,-0.00589,
1703262575746333952,4.14285,2.35048,-0.58671,0.58075,-0.80571,-0.09353,0.06932,-0.05291,0.24658,-0.01083,
1703262575946512128,4.13085,2.39643,-0.58801,0.58085,-0.80562,-0.09382,0.06919,-0.05152,0.20293,-0.01047,
1703262576079980544,4.12447,2.41992,-0.58850,0.58085,-0.80561,-0.09391,0.06918,-0.02989,0.15549,-0.01207,
1703262576213449728,4.12123,2.43639,-0.58946,0.58079,-0.80562,-0.09408,0.06934,-0.00106,0.07894,-0.00560,
1703262576346919424,4.12218,2.44309,-0.59008,0.58087,-0.80564,-0.09360,0.06911,0.00668,0.02002,-0.00932,
1703262576480389632,4.12125,2.44299,-0.59020,0.58094,-0.80554,-0.09395,0.06923,-0.01103,-0.01085,-0.00569,
1703262576613860608,4.12019,2.44058,-0.59029,0.58090,-0.80546,-0.09453,0.06961,0.00463,-0.01060,-0.00450,
1703262576747332352,4.12230,2.43984,-0.59022,0.58097,-0.80546,-0.09426,0.06952,0.01288,0.00194,-0.00450,
1703262576880805888,4.12213,2.43977,-0.59037,0.58100,-0.80543,-0.09431,0.06955,-0.00774,0.00021,0.00004,
1703262577014313472,4.12062,2.43980,-0.59031,0.58096,-0.80537,-0.09480,0.06984,0.00226,0.00192,-0.00181,
1703262577147822592,4.12181,2.43975,-0.59025,0.58099,-0.80539,-0.09456,0.06972,0.01572,-0.00493,-0.00147,
1703262577281333248,4.12311,2.43825,-0.59026,0.58102,-0.80539,-0.09439,0.06966,0.00625,-0.01443,0.00162,
1703262577481602304,4.12261,2.43662,-0.59016,0.58105,-0.80531,-0.09474,0.06989,0.00683,0.00266,-0.00016,
1703262577615117568,4.12305,2.43761,-0.58997,0.58100,-0.80538,-0.09455,0.06974,0.00641,0.00622,0.00389,
1703262577748634112,4.12256,2.43831,-0.59000,0.58103,-0.80536,-0.09457,0.06975,0.00262,0.00327,0.00263,
1703262577882152448,4.12290,2.43883,-0.58976,0.58102,-0.80536,-0.09456,0.06976,0.00929,0.00016,0.00305,
1703262578015695872,4.12375,2.43854,-0.58978,0.58103,-0.80537,-0.09445,0.06971,0.00626,-0.00551,0.00399,
1703262578149241344,4.12329,2.43821,-0.58954,0.58100,-0.80539,-0.09453,0.06966,0.00504,-0.00178,0.00445,
1703262578282789376,4.12362,2.43850,-0.58946,0.58100,-0.80541,-0.09442,0.06962,0.00858,-0.00144,0.00341,
1703262578416340224,4.12260,2.43745,-0.58946,0.58105,-0.80533,-0.09469,0.06975,-0.00501,-0.01257,0.00375,
1703262578549893376,4.12220,2.43519,-0.58913,0.58104,-0.80530,-0.09489,0.06985,0.00918,-0.02059,0.00469,
1703262578683449088,4.12406,2.43221,-0.58878,0.58108,-0.80532,-0.09454,0.06979,0.01195,-0.02422,0.00381,
1703262578817007104,4.12396,2.42937,-0.58870,0.58108,-0.80528,-0.09471,0.06992,0.00507,-0.01676,0.00285,
1703262578950572288,4.12411,2.42906,-0.58858,0.58102,-0.80530,-0.09484,0.07005,0.00881,0.00134,0.00384,
1703262579084144128,4.12429,2.42944,-0.58894,0.58111,-0.80528,-0.09465,0.06985,0.00026,0.00743,0.00312,
1703262579217718784,4.12334,2.43034,-0.58932,0.58112,-0.80527,-0.09471,0.06979,0.00104,0.00567,0.00358,
1703262579351296768,4.12355,2.43168,-0.58941,0.58110,-0.80527,-0.09473,0.06992,0.01049,0.00431,0.00292,
1703262579484877568,4.12376,2.43203,-0.58981,0.58114,-0.80527,-0.09455,0.06983,0.00543,0.00007,0.00200,
1703262579618461952,4.12299,2.43225,-0.58973,0.58114,-0.80528,-0.09452,0.06974,0.00280,0.00085,0.00340,
1703262579752048896,4.12307,2.43297,-0.59011,0.58113,-0.80530,-0.09444,0.06972,0.01443,0.00888,0.00272,
1703262579885639936,4.12496,2.43551,-0.59020,0.58117,-0.80536,-0.09389,0.06944,0.01284,0.02336,0.00097,
1703262580019243776,4.12389,2.43911,-0.59045,0.58114,-0.80541,-0.09378,0.06930,-0.00890,0.02437,0.00222,
1703262580152851456,4.12177,2.44163,-0.59085,0.58115,-0.80538,-0.09398,0.06932,0.00520,0.01652,0.00223,
1703262580286462720,4.12348,2.44394,-0.59077,0.58114,-0.80543,-0.09363,0.06923,0.01309,0.00745,0.00124,
1703262580486887168,4.12367,2.44333,-0.59080,0.58114,-0.80539,-0.09393,0.06938,0.00381,-0.00743,0.00151,
1703262580620508160,4.12337,2.44281,-0.59088,0.58113,-0.80537,-0.09401,0.06945,0.01066,-0.00097,0.00166,
1703262580754133248,4.12409,2.44139,-0.59140,0.58122,-0.80535,-0.09375,0.06936,0.00352,-0.00285,0.00183,
1703262580887761664,4.12380,2.44191,-0.59153,0.58119,-0.80534,-0.09389,0.06945,0.00649,0.00775,0.00000,
1703262581021386496,4.12519,2.44301,-0.59212,0.58121,-0.80532,-0.09384,0.06955,0.01081,0.00621,0.00032,
1703262581155015936,4.12496,2.44226,-0.59224,0.58124,-0.80531,-0.09381,0.06951,0.00344,-0.00470,0.00273,
1703262581288649216,4.12409,2.44036,-0.59177,0.58124,-0.80533,-0.09375,0.06942,0.01012,-0.00720,0.00268,
1703262581422286848,4.12540,2.43961,-0.59108,0.58122,-0.80534,-0.09370,0.06946,0.00760,-0.00202,0.00250,
1703262581555928832,4.12572,2.43944,-0.59060,0.58119,-0.80536,-0.09373,0.06950,0.00563,0.00107,0.00247,
1703262581689574400,4.12555,2.43951,-0.59041,0.58114,-0.80540,-0.09369,0.06947,0.01117,0.00345,0.00197,
1703262581823224576,4.12540,2.43931,-0.59023,0.58113,-0.80544,-0.09351,0.06931,0.00936,-0.00289,0.00194,
1703262581956867328,4.12663,2.43874,-0.58993,0.58108,-0.80548,-0.09347,0.06935,0.01274,-0.00671,0.00340,
1703262582090510592,4.12637,2.43695,-0.58978,0.58111,-0.80546,-0.09353,0.06930,0.01232,-0.01013,0.00381,
1703262582224158208,4.12714,2.43596,-0.58956,0.58112,-0.80545,-0.09349,0.06931,0.01090,-0.00534,0.00296,
1703262582357810176,4.12675,2.43576,-0.58941,0.58110,-0.80547,-0.09354,0.06922,0.00497,-0.00161,0.00330,
1703262582491466496,4.12684,2.43598,-0.58937,0.58109,-0.80547,-0.09358,0.06925,0.00709,0.00147,0.00302,
1703262582625127424,4.12691,2.43648,-0.58937,0.58109,-0.80547,-0.09357,0.06930,0.00618,0.00094,0.00233,
1703262582758791936,4.12679,2.43695,-0.58929,0.58105,-0.80550,-0.09353,0.06931,0.01135,0.00051,0.00279,
1703262582892460032,4.12646,2.43754,-0.58912,0.58102,-0.80553,-0.09350,0.06928,0.00869,0.00041,0.00283,
1703262583026119424,4.12576,2.43737,-0.58902,0.58102,-0.80553,-0.09351,0.06926,0.00558,-0.00353,0.00353,
1703262583159783168,4.12520,2.43683,-0.58920,0.58104,-0.80553,-0.09349,0.06916,0.00711,-0.00391,0.00238,
1703262583293451520,4.12580,2.43649,-0.58959,0.58107,-0.80549,-0.09354,0.06921,0.01043,-0.00277,0.00206,
1703262583427124480,4.12598,2.43748,-0.58950,0.58102,-0.80552,-0.09360,0.06925,0.00930,0.00257,0.00218,
1703262583560802048,4.12554,2.43731,-0.58998,0.58108,-0.80549,-0.09355,0.06916,0.00599,-0.00551,0.00247,
1703262583694484224,4.12571,2.43686,-0.59021,0.58112,-0.80546,-0.09358,0.06918,0.00736,-0.00478,0.00165,
1703262583828170496,4.12608,2.43761,-0.59006,0.58106,-0.80549,-0.09357,0.06927,0.00704,0.00141,0.00267,
1703262583961847040,4.12632,2.43710,-0.59053,0.58110,-0.80546,-0.09357,0.06928,0.00835,-0.00477,0.00269,
1703262584095519232,4.12612,2.43700,-0.59053,0.58112,-0.80545,-0.09357,0.06926,0.00767,-0.00061,0.00299,
1703262584296036352,4.12671,2.43709,-0.59082,0.58116,-0.80541,-0.09359,0.06930,0.00633,-0.00280,0.00072,
1703262584429719552,4.12671,2.43703,-0.59100,0.58117,-0.80541,-0.09357,0.06933,0.00837,-0.00272,0.00252,
1703262584563407360,4.12643,2.43692,-0.59106,0.58118,-0.80541,-0.09352,0.06929,0.00599,-0.00286,0.00356,
1703262584697100288,4.12628,2.43711,-0.59115,0.58116,-0.80541,-0.09354,0.06935,0.00536,-0.00055,0.00266,
1703262584830797312,4.12655,2.43726,-0.59153,0.58122,-0.80537,-0.09352,0.06938,0.01006,-0.00254,0.00213,
1703262584964460032,4.12674,2.43749,-0.59144,0.58120,-0.80538,-0.09355,0.06940,0.01029,-0.00290,0.00364,
1703262585098100224,4.12647,2.43773,-0.59150,0.58120,-0.80538,-0.09359,0.06938,0.00746,-0.00155,0.00268,
1703262585231742976,4.12651,2.43771,-0.59173,0.58123,-0.80536,-0.09358,0.06938,0.00607,-0.00368,0.00348,
1703262585365389824,4.12639,2.43749,-0.59177,0.58125,-0.80534,-0.09359,0.06939,0.00548,-0.00468,0.00347,
1703262585499040000,4.12659,2.43776,-0.59138,0.58119,-0.80538,-0.09359,0.06943,0.00836,-0.00208,0.00407,
1703262585632692992,4.12717,2.43784,-0.59135,0.58119,-0.80539,-0.09354,0.06948,0.01120,-0.00353,0.00371,
1703262585766349824,4.12679,2.43784,-0.59153,0.58118,-0.80539,-0.09352,0.06947,0.00818,-0.00276,0.00390,
1703262585900004352,4.12666,2.43823,-0.59186,0.58121,-0.80537,-0.09349,0.06949,0.01063,-0.00202,0.00221,
1703262586033609984,4.12570,2.43845,-0.59179,0.58120,-0.80538,-0.09353,0.06939,0.00483,-0.00342,0.00441,
1703262586167218176,4.12620,2.43922,-0.59005,0.58087,-0.80562,-0.09343,0.06953,0.01010,0.00137,0.00208,
1703262586300828416,4.12571,2.43987,-0.59017,0.58088,-0.80561,-0.09348,0.06950,-0.00412,0.00518,-0.00112,
1703262586434440960,4.12459,2.43905,-0.59119,0.58098,-0.80556,-0.09338,0.06941,-0.00836,-0.00429,-0.00752,
1703262586568055552,4.12368,2.43964,-0.59146,0.58103,-0.80552,-0.09351,0.06935,-0.00700,0.00628,-0.00154,
1703262586701672448,4.12331,2.43989,-0.59185,0.58103,-0.80552,-0.09343,0.06936,-0.00003,0.00140,-0.00349,
1703262586835292160,4.12160,2.43987,-0.59207,0.58105,-0.80552,-0.09338,0.06922,-0.01112,-0.00075,-0.00132,
1703262586968882432,4.12137,2.43946,-0.59260,0.58112,-0.80548,-0.09337,0.06921,-0.00088,-0.00180,-0.00360,
1703262587102450944,4.12179,2.43939,-0.59287,0.58115,-0.80546,-0.09332,0.06925,0.00314,0.00023,-0.00198,
1703262587236020224,4.12357,2.43914,-0.59267,0.58111,-0.80547,-0.09330,0.06941,0.01197,-0.00274,0.00139,
1703262587369590784,4.12277,2.43812,-0.59262,0.58116,-0.80546,-0.09326,0.06926,-0.00659,-0.00870,0.00070,
1703262587503162112,4.12366,2.43833,-0.59241,0.58112,-0.80549,-0.09319,0.06936,0.00868,0.00146,0.00175,
1703262587636734464,4.12530,2.43863,-0.59214,0.58108,-0.80549,-0.09321,0.06952,0.00594,-0.00110,0.00170,
1703262587770307584,4.12539,2.43815,-0.59220,0.58110,-0.80548,-0.09327,0.06953,0.00279,-0.00319,0.00017,
1703262587903879424,4.12575,2.43835,-0.59283,0.58116,-0.80544,-0.09324,0.06957,0.00544,0.00162,-0.00425,
1703262588037411840,4.12645,2.43820,-0.59256,0.58114,-0.80544,-0.09323,0.06961,0.00787,-0.00087,0.00236,
1703262588170943744,4.12627,2.43817,-0.59296,0.58117,-0.80542,-0.09322,0.06962,-0.00013,-0.00048,-0.00326,
1703262588304475648,4.12604,2.43779,-0.59253,0.58114,-0.80545,-0.09320,0.06958,-0.00136,-0.00337,0.00341,
1703262588438006784,4.12682,2.43820,-0.59272,0.58114,-0.80544,-0.09323,0.06968,0.00671,0.00330,-0.00239,
1703262588571537920,4.12657,2.43803,-0.59233,0.58111,-0.80546,-0.09323,0.06969,0.00048,-0.00070,0.00353,
1703262588705068800,4.12652,2.43793,-0.59225,0.58112,-0.80545,-0.09327,0.06965,0.00096,-0.00040,0.00150,
1703262588838599168,4.12567,2.43821,-0.59235,0.58112,-0.80546,-0.09320,0.06962,-0.00483,0.00211,-0.00115,
1703262588972113152,4.12625,2.43791,-0.59237,0.58111,-0.80547,-0.09318,0.06969,0.00599,-0.00271,-0.00122,
1703262589105610240,4.12615,2.44446,-0.58936,0.58119,-0.80545,-0.09288,0.06955,-0.03038,0.11745,0.01907,
1703262589239105280,4.11837,2.47148,-0.58866,0.58154,-0.80515,-0.09329,0.06959,-0.07944,0.29741,-0.01202,
1703262589372599040,4.10697,2.51955,-0.58864,0.58105,-0.80542,-0.09396,0.06965,-0.07316,0.41494,-0.01014,
1703262589506091264,4.09836,2.57063,-0.58978,0.58096,-0.80558,-0.09340,0.06933,-0.04257,0.38132,-0.01155,
1703262589639581952,4.08920,2.61983,-0.58702,0.58150,-0.80550,-0.09171,0.06798,-0.05656,0.35656,0.03794,
1703262589773071360,4.07566,2.66906,-0.58795,0.57988,-0.80668,-0.09199,0.06738,-0.12296,0.29574,0.02558,
1703262589906558464,4.05972,2.70609,-0.58944,0.58097,-0.80557,-0.09383,0.06869,-0.07622,0.29654,-0.01761,
1703262590040020736,4.05729,2.74422,-0.58932,0.58036,-0.80612,-0.09310,0.06849,0.01073,0.24583,0.00055,
1703262590173480192,4.05763,2.78064,-0.58928,0.58082,-0.80619,-0.09094,0.06668,-0.04439,0.27121,-0.01510,
1703262590306937088,4.04844,2.81286,-0.59042,0.58088,-0.80618,-0.09107,0.06599,-0.10171,0.21472,0.00491,
1703262590440390912,4.03459,2.84182,-0.59194,0.58050,-0.80624,-0.09258,0.06653,-0.06732,0.20238,-0.00048,
1703262590573841920,4.02907,2.86805,-0.59213,0.58073,-0.80603,-0.09274,0.06681,-0.00888,0.18491,-0.00720,
1703262590707290112,4.02980,2.89200,-0.59190,0.58048,-0.80637,-0.09169,0.06638,-0.01514,0.13991,0.00667,
1703262590840736000,4.02591,2.90967,-0.59214,0.58062,-0.80626,-0.09165,0.06656,-0.05089,0.12577,-0.01055,
1703262590974172928,4.02057,2.92294,-0.59254,0.58074,-0.80607,-0.09225,0.06696,-0.01355,0.09185,-0.00058,
1703262591107597824,4.01995,2.93412,-0.59266,0.58061,-0.80623,-0.09180,0.06675,0.00429,0.06555,-0.00129,
1703262591241019136,4.01920,2.94076,-0.59233,0.58077,-0.80615,-0.09161,0.06653,-0.01703,0.04065,-0.00314,
1703262591374436096,4.01729,2.94359,-0.59202,0.58061,-0.80619,-0.09213,0.06677,-0.00567,0.00499,0.00512,
1703262591507849216,4.01969,2.94260,-0.59156,0.58061,-0.80625,-0.09166,0.06672,0.02969,-0.01613,-0.00026,
1703262591707961088,4.02476,2.93325,-0.59123,0.58063,-0.80637,-0.09087,0.06615,0.02886,-0.08447,0.00489,
1703262591841364224,4.02810,2.91883,-0.59146,0.58068,-0.80637,-0.09073,0.06596,0.03332,-0.12483,-0.00060,
1703262591974779392,4.03438,2.89950,-0.59161,0.58080,-0.80634,-0.09047,0.06568,0.04571,-0.16151,-0.00339,
1703262592108203776,4.04176,2.87590,-0.59229,0.58077,-0.80640,-0.09016,0.06561,0.04823,-0.20469,0.00234,
1703262592241624064,4.04801,2.84621,-0.59283,0.58088,-0.80628,-0.09044,0.06561,0.06498,-0.24194,0.00010,
1703262592375040512,4.05932,2.81265,-0.59211,0.58100,-0.80636,-0.08941,0.06501,0.11407,-0.26287,0.00172,
1703262592508453120,4.07529,2.77633,-0.59171,0.58119,-0.80653,-0.08713,0.06429,0.11276,-0.26748,-0.00984,
1703262592641861888,4.08654,2.73782,-0.59124,0.58114,-0.80655,-0.08684,0.06491,0.07099,-0.30031,0.00330,
1703262592775266304,4.09381,2.69631,-0.59130,0.58104,-0.80649,-0.08778,0.06525,0.06679,-0.32741,0.02333,
1703262592908670464,4.10364,2.65363,-0.59232,0.58125,-0.80632,-0.08784,0.06535,0.09403,-0.32216,0.01015,
1703262593042117120,4.11864,2.61291,-0.59179,0.58157,-0.80632,-0.08628,0.06458,0.11357,-0.28834,0.00681,
1703262593175560960,4.13197,2.57971,-0.59158,0.58143,-0.80663,-0.08485,0.06394,0.06731,-0.22646,-0.00215,
1703262593309001472,4.13744,2.55117,-0.59208,0.58128,-0.80661,-0.08566,0.06448,0.02076,-0.19835,0.00215,
1703262593442438656,4.14296,2.52661,-0.59226,0.58093,-0.80677,-0.08617,0.06490,0.06801,-0.17817,0.00483,
1703262593575873024,4.15431,2.50269,-0.59264,0.58140,-0.80672,-0.08437,0.06374,0.07107,-0.17797,0.00321,
1703262593709303552,4.15912,2.47740,-0.59282,0.58143,-0.80679,-0.08401,0.06308,0.02355,-0.19950,0.00639,
1703262593842731776,4.16403,2.45272,-0.59269,0.58149,-0.80668,-0.08444,0.06328,0.05671,-0.17806,0.00476,
1703262593976180224,4.17094,2.43086,-0.59230,0.58160,-0.80661,-0.08437,0.06328,0.03945,-0.14735,-0.00251,
1703262594109647872,4.17617,2.41458,-0.59168,0.58165,-0.80661,-0.08421,0.06307,0.02420,-0.10209,-0.00008,
1703262594243112960,4.18089,2.40383,-0.59144,0.58153,-0.80684,-0.08327,0.06240,0.04109,-0.06381,-0.00104,
1703262594443306752,4.18408,2.39487,-0.59166,0.58157,-0.80684,-0.08303,0.06236,-0.00715,-0.02582,0.00521,
1703262594576765696,4.18285,2.39422,-0.59180,0.58154,-0.80679,-0.08349,0.06270,0.00701,0.01050,-0.00077,
1703262594710222848,4.18390,2.39623,-0.59212,0.58159,-0.80684,-0.08291,0.06232,-0.00017,0.01835,0.00134,
1703262594843677696,4.18203,2.39858,-0.59217,0.58152,-0.80693,-0.08274,0.06202,-0.01182,0.01599,0.00282,
1703262594977149696,4.18057,2.40133,-0.59180,0.58154,-0.80687,-0.08305,0.06222,-0.00187,0.02536,-0.00038,
1703262595110636544,4.18009,2.40385,-0.59180,0.58154,-0.80684,-0.08328,0.06239,-0.00900,0.01433,0.00022,
1703262595244121344,4.17930,2.40590,-0.59176,0.58151,-0.80688,-0.08319,0.06220,-0.00187,0.01078,-0.00015,
1703262595377604608,4.18024,2.40716,-0.59169,0.58151,-0.80691,-0.08297,0.06211,0.00238,0.00300,0.00182,
1703262595511086592,4.17922,2.40776,-0.59153,0.58146,-0.80689,-0.08335,0.06238,-0.00478,0.00008,0.00297,
1703262595644567040,4.17918,2.40798,-0.59155,0.58148,-0.80686,-0.08340,0.06250,0.00598,0.00219,0.00048,
1703262595778045440,4.18005,2.40838,-0.59168,0.58148,-0.80690,-0.08316,0.06230,0.00017,-0.00123,0.00162,
1703262595911523840,4.17902,2.40812,-0.59180,0.58150,-0.80689,-0.08320,0.06224,0.00179,-0.00154,0.00251,
1703262596045035776,4.17968,2.40863,-0.59154,0.58146,-0.80688,-0.08337,0.06245,0.00439,0.00390,0.00102,
1703262596178547456,4.17941,2.40909,-0.59182,0.58150,-0.80683,-0.08348,0.06252,-0.00369,0.00436,0.00049,
1703262596312058368,4.17878,2.40960,-0.59160,0.58148,-0.80687,-0.08337,0.06238,0.00255,0.00738,0.00204,
1703262596445568512,4.17859,2.41056,-0.59099,0.58143,-0.80692,-0.08327,0.06232,0.00044,0.00839,0.00231,
1703262596579078144,4.17814,2.41165,-0.59088,0.58140,-0.80691,-0.08350,0.06251,-0.00092,0.00621,0.00176,
1703262596712587008,4.17853,2.41282,-0.59081,0.58134,-0.80693,-0.08360,0.06264,0.00555,0.00644,0.00189,
1703262596846095616,4.17800,2.41276,-0.59100,0.58141,-0.80691,-0.08344,0.06241,0.00308,0.00279,0.00073,
1703262597046385408,4.17799,2.41261,-0.59094,0.58138,-0.80692,-0.08351,0.06246,0.00294,0.00015,0.00096,
1703262597179920896,4.17889,2.41332,-0.59103,0.58136,-0.80692,-0.08356,0.06262,0.00561,0.00569,0.00004,
1703262597313456896,4.17845,2.41323,-0.59156,0.58142,-0.80689,-0.08346,0.06247,0.00382,0.00221,0.00089,
1703262597446992640,4.17879,2.41348,-0.59142,0.58138,-0.80692,-0.08350,0.06254,0.00296,0.00445,0.00031,
