1689715534288268504
1689715534388132504
1689715534488175504
1689715534588150504
1689715534688233504
1689715534788197504
1689715534888229504
1689715534988147504
1689715535088286504
1689715535188199504
1689715535288144504
1689715535388153504
1689715535488142504
1689715535588146504
1689715535688140504
1689715535788150504
1689715535888240504
1689715535988170504
1689715536088136504
1689715536188138504
1689715536288164504
1689715536388126504
1689715536488159504
1689715536588234504
1689715536688137504
1689715536788168504
1689715536888188504
1689715536988154504
1689715537088166504
1689715537188144504
1689715537288228504
1689715537388138504
1689715537488121504
1689715537588149504
1689715537688129504
1689715537788125504
1689715537888148504
1689715537988158504
1689715538088160504
1689715538188151504
1689715538288143504
1689715538388167504
1689715538488144504
1689715538588150504
1689715538688126504
1689715538788179504
1689715538888156504
1689715538988152504
1689715539088162504
1689715539188258504
1689715539288151504
1689715539388180504
1689715539488149504
1689715539588419504
1689715539688215504
1689715539788146504
1689715539888148504
1689715539988173504
1689715540088145504
1689715540188160504
1689715540288143504
1689715540388183504
1689715540488160504
1689715540588144504
1689715540688138504
1689715540788131504
1689715540888148504
1689715540988146504
1689715541088344504
1689715541188146504
1689715541288372504
1689715541388142504
1689715541488135504
1689715541621524504
1689715541688148504
1689715541788273504
1689715541888150504
1689715541988203504
1689715542088177504
1689715542188139504
1689715542288147504
1689715542388291504
1689715542488177504
1689715542588167504
1689715542688134504
1689715542788152504
1689715542888138504
1689715542988139504
1689715543088147504
1689715543188141504
1689715543288129504
1689715543388140504
1689715543488133504
1689715543588139504
1689715543688136504
1689715543788152504
1689715543888161504
1689715543988144504
1689715544088159504
1689715544188136504
1689715544288148504
1689715544388147504
1689715544488155504
1689715544588146504
1689715544688134504
1689715544788160504
1689715544888233504
1689715544988139504
1689715545088134504
1689715545188136504
1689715545288144504
1689715545388141504
1689715545488148504
1689715545588138504
1689715545688318504
1689715545788143504
1689715545888132504
1689715545988125504
1689715546088138504
1689715546188205504
1689715546288156504
1689715546388142504
1689715546488144504
1689715546588130504
1689715546688291504
1689715546788152504
1689715546888862504
1689715546988156504
1689715547088295504
1689715547188141504
1689715547288147504
1689715547388140504
1689715547488155504
1689715547588149504
1689715547688135504
1689715547788131504
1689715547888150504
1689715547988149504
1689715548088170504
1689715548188160504
1689715548288140504
1689715548388144504
1689715548488135504
1689715548588518504
1689715548688129504
1689715548788140504
1689715548888125504
1689715548988147504
1689715549088151504
1689715549221526504
1689715549254695504
1689715549388145504
1689715549488162504
1689715549588143504
1689715549688151504
1689715549821528504
1689715549888148504
1689715549989741504
1689715550088339504
1689715550188621504
1689715550288150504
1689715550388061504
1689715550488619504
1689715550588800504
1689715550688524504
1689715550789069504
1689715550888265504
1689715550987995504
1689715551088141504
1689715551188139504
1689715551288141504
1689715551389137504
1689715551488131504
1689715551588170504
1689715551688145504
1689715551788138504
1689715551888131504
1689715551988141504
1689715552088144504
1689715552188130504
1689715552288139504
1689715552388147504
1689715552488131504
1689715552588186504
1689715552688212504
1689715552788392504
1689715552888128504
1689715552988168504
1689715553088169504
1689715553189392504
1689715553288183504
1689715553388139504
1689715553488375504
1689715553588135504
1689715553688143504
1689715553788210504
1689715553888140504
1689715553988157504
1689715554088140504
1689715554188135504
1689715554288137504
1689715554388133504
1689715554488118504
1689715554588118504
1689715554688155504
1689715554788152504
1689715554888141504
1689715554988729504
1689715555088132504
1689715555189240504
1689715555288159504
1689715555388151504
1689715555521595504
1689715555588588504
1689715555688142504
1689715555788145504
1689715555888132504
1689715555988146504
1689715556088138504
1689715556188139504
1689715556288135504
1689715556388148504
1689715556488171504
1689715556588277504
1689715556688148504
1689715556788233504
1689715556888142504
1689715556988143504
1689715557088132504
1689715557188153504
1689715557288559504
1689715557388142504
1689715557488223504
1689715557588349504
1689715557688237504
1689715557788158504
1689715557888175504
1689715557988142504
1689715558088148504
1689715558188155504
1689715558288151504
1689715558388154504
1689715558488150504
1689715558588130504
1689715558688139504
1689715558788144504
1689715558888142504
1689715558988177504
1689715559088147504
1689715559188143504
1689715559288148504
1689715559388144504
1689715559488137504
1689715559588253504
1689715559688125504
1689715559788144504
1689715559888161504
1689715559988277504
1689715560088160504
1689715560188190504
1689715560288141504
1689715560388135504
1689715560488138504
1689715560588137504
1689715560688157504
1689715560788296504
1689715560888521504
1689715560989458504
1689715561088139504
1689715561188160504
1689715561288150504
1689715561421624504
1689715561488133504
1689715561588257504
1689715561688243504
1689715561788326504
1689715561888330504
1689715561988274504
1689715562088217504
1689715562188405504
1689715562288374504
1689715562388137504
1689715562488196504
1689715562588147504
1689715562688218504
1689715562788139504
1689715562888133504
1689715562988153504
1689715563088194504
1689715563188168504
1689715563288185504
1689715563388147504
1689715563488142504
1689715563588123504
1689715563688151504
1689715563788139504
1689715563888133504
1689715563988135504
1689715564088187504
1689715564188218504
1689715564288155504
1689715564388137504
1689715564488135504
1689715564589595504
1689715564688147504
1689715564788140504
1689715564888153504
1689715564988183504
1689715565088164504
1689715565188200504
1689715565288141504
1689715565388693504
1689715565488137504
1689715565588146504
1689715565688246504
1689715565788167504
1689715565888158504
1689715565988588504
1689715566088169504
1689715566188132504
1689715566288145504
1689715566389477504
1689715566488145504
1689715566588146504
1689715566688144504
1689715566788143504
1689715566888133504
1689715566988129504
1689715567088182504
1689715567188129504
1689715567288158504
1689715567388671504
1689715567488141504
1689715567588168504
1689715567688306504
1689715567788183504
1689715567888113504
1689715567988167504
1689715568088173504
1689715568188100504
1689715568288138504
1689715568388156504
1689715568488145504
1689715568588177504
1689715568688148504
1689715568788158504
1689715568888145504
1689715568988143504
1689715569089441504
1689715569188156504
1689715569288142504
1689715569388156504
1689715569488144504
1689715569588188504
1689715569688133504
1689715569788148504
1689715569888166504
1689715569988146504
1689715570088190504
1689715570188134504
1689715570288146504
1689715570388200504
1689715570488151504
1689715570588141504
1689715570688142504
1689715570788207504
1689715570888140504
1689715570988146504
1689715571088179504
1689715571188215504
1689715571288201504
1689715571388138504
1689715571488157504
1689715571588129504
1689715571688136504
1689715571788122504
1689715571888135504
1689715571988146504
1689715572088140504
1689715572188129504
1689715572288151504
1689715572388127504
1689715572488146504
1689715572588143504
1689715572688155504
1689715572788220504
1689715572888146504
1689715572988132504
1689715573088201504
1689715573188149504
1689715573288146504
1689715573388144504
1689715573488171504
1689715573588207504
1689715573688150504
1689715573788170504
1689715573888341504
1689715573988172504
1689715574088138504
1689715574188131504
1689715574288157504
1689715574388151504
1689715574488161504
1689715574588140504
1689715574688153504
1689715574788178504
1689715574888148504
1689715574988166504
1689715575088207504
1689715575188172504
1689715575288229504
1689715575388243504
1689715575488137504
1689715575588271504
1689715575688169504
1689715575788203504
1689715575888151504
1689715575988134504
1689715576088148504
1689715576188139504
1689715576288174504
1689715576388147504
1689715576488136504
1689715576588141504
1689715576688190504
1689715576788155504
1689715576888168504
1689715576988144504
1689715577088137504
1689715577188191504
1689715577288227504
1689715577388151504
1689715577488106504
1689715577588139504
1689715577688145504
1689715577788138504
1689715577888137504
1689715577988142504
1689715578088155504
1689715578188143504
1689715578288147504
1689715578388130504
1689715578488132504
1689715578588111504
1689715578688133504
1689715578788204504
1689715578888141504
1689715578988134504
1689715579088146504
1689715579188138504
1689715579288131504
1689715579388282504
1689715579488145504
1689715579588184504
1689715579688204504
1689715579788182504
1689715579888135504
1689715579988145504
1689715580088144504
1689715580188138504
1689715580288137504
1689715580388132504
1689715580488140504
1689715580588145504
1689715580688148504
1689715580788151504
1689715580888127504
1689715580988158504
1689715581088130504
1689715581188174504
1689715581288149504
1689715581388169504
1689715581488146504
1689715581588139504
1689715581688139504
1689715581788235504
1689715581888163504
1689715581988149504
1689715582088141504
1689715582188154504
1689715582288140504
1689715582388148504
1689715582488136504
1689715582588145504
1689715582688142504
1689715582788326504
1689715582888129504
1689715582988143504
1689715583088138504
1689715583188138504
1689715583288124504
1689715583388151504
1689715583488144504
1689715583588157504
1689715583688135504
1689715583788142504
1689715583888130504
1689715583988224504
1689715584088146504
1689715584188227504
1689715584288154504
1689715584388151504
1689715584488143504
1689715584588155504
1689715584688122504
1689715584789013504
1689715584888169504
1689715584988141504
1689715585088153504
1689715585188218504
1689715585289173504
1689715585388218504
1689715585488658504
1689715585588569504
1689715585688281504
1689715585788146504
1689715585888134504
1689715585988110504
1689715586088138504
1689715586188160504
1689715586288136504
1689715586388148504
1689715586488207504
1689715586588159504
1689715586688124504
1689715586788171504
1689715586888263504
1689715586988305504
1689715587088143504
1689715587188149504
1689715587288153504
1689715587388129504
1689715587488139504
1689715587588159504
1689715587688146504
1689715587788123504
1689715587888155504
1689715587988137504
1689715588088129504
1689715588188138504
1689715588288139504
1689715588388137504
1689715588488247504
1689715588588142504
1689715588688150504
1689715588788223504
1689715588888135504
1689715588988148504
1689715589088157504
1689715589188146504
1689715589288227504
1689715589388142504
1689715589488146504
1689715589588140504
1689715589688135504
1689715589788146504
1689715589888142504
1689715589988145504
1689715590088145504
1689715590188149504
1689715590288141504
1689715590388149504
1689715590488157504
1689715590588160504
1689715590688163504
1689715590788140504
1689715590888143504
1689715590988217504
1689715591088132504
1689715591188135504
1689715591288201504
1689715591388141504
1689715591488138504
1689715591588114504
1689715591688153504
1689715591788142504
1689715591888155504
1689715591988128504
1689715592088234504
1689715592188138504
1689715592288149504
1689715592388160504
1689715592488145504
1689715592588162504
1689715592688139504
1689715592788152504
1689715592888142504
1689715592988138504
1689715593088149504
1689715593188148504
1689715593288160504
1689715593388168504
1689715593488138504
1689715593588152504
1689715593688146504
1689715593788141504
1689715593888151504
1689715593988142504
1689715594088144504
1689715594188146504
1689715594288135504
1689715594388156504
1689715594488209504
1689715594588155504
1689715594688137504
1689715594788142504
1689715594888151504
1689715594988139504
1689715595088174504
1689715595188141504
1689715595288162504
1689715595388135504
1689715595488348504
1689715595588149504
1689715595688139504
1689715595788129504
1689715595888147504
1689715595988140504
1689715596088148504
1689715596188148504
1689715596288132504
1689715596388159504
1689715596488154504
1689715596588150504
1689715596688140504
1689715596788148504
1689715596888151504
1689715596988138504
1689715597088158504
1689715597188129504
1689715597288135504
1689715597388145504
1689715597488145504
1689715597588146504
1689715597688151504
1689715597788136504
1689715597888155504
1689715597988136504
1689715598088154504
1689715598188152504
1689715598288147504
1689715598388137504
1689715598488142504
1689715598588184504
1689715598688171504
1689715598788169504
1689715598888173504
1689715598988151504
1689715599088145504
1689715599188144504
1689715599288156504
1689715599388147504
1689715599488149504
1689715599588158504
1689715599688232504
1689715599788140504
1689715599888151504
1689715599988161504
1689715600088218504
1689715600188172504
1689715600288142504
1689715600388170504
1689715600488221504
1689715600588137504
1689715600688141504
1689715600788131504
1689715600888151504
1689715600988155504
1689715601088197504
1689715601188134504
1689715601288154504
1689715601388130504
1689715601488127504
1689715601588143504
1689715601688151504
1689715601788137504
1689715601888139504
1689715601988142504
1689715602088138504
1689715602188140504
1689715602288235504
1689715602388190504
1689715602488237504
1689715602588162504
1689715602688151504
1689715602788210504
1689715602888154504
1689715602988175504
1689715603088121504
1689715603188161504
1689715603288125504
1689715603388230504
1689715603488155504
1689715603588149504
1689715603688145504
1689715603788135504
1689715603888138504
1689715603988177504
1689715604088154504
1689715604188138504
1689715604288251504
1689715604388145504
1689715604488140504
1689715604588151504
1689715604688139504
1689715604788412504
1689715604888155504
1689715604988139504
1689715605088144504
1689715605188146504
1689715605288218504
1689715605388220504
1689715605488153504
1689715605588146504
1689715605688139504
1689715605788158504
1689715605888136504
1689715605988165504
1689715606088401504
1689715606188142504
1689715606288155504
1689715606388182504
1689715606488133504
1689715606588327504
1689715606688147504
1689715606788138504
1689715606888134504
1689715606988222504
1689715607088150504
1689715607188131504
1689715607288180504
1689715607388346504
1689715607488142504
1689715607588140504
1689715607688128504
1689715607788128504
1689715607888205504
1689715607988142504
1689715608089301504
1689715608188140504
1689715608288140504
1689715608388232504
1689715608488137504
1689715608588143504
1689715608688130504
1689715608788149504
1689715608888147504
1689715608988135504
1689715609088151504
1689715609188164504
1689715609288131504
1689715609388142504
1689715609488147504
1689715609588148504
1689715609688295504
1689715609788143504
1689715609888129504
1689715609988151504
1689715610088147504
1689715610188156504
1689715610288148504
1689715610388153504
1689715610488150504
1689715610588149504
1689715610689428504
1689715610788146504
1689715610888132504
1689715610988127504
1689715611088149504
1689715611188141504
1689715611288162504
1689715611388180504
1689715611488148504
1689715611588158504
1689715611688124504
1689715611788152504
1689715611888142504
1689715611988136504
1689715612088134504
1689715612188128504
1689715612288153504
1689715612388145504
1689715612488153504
1689715612588194504
1689715612688131504
1689715612788124504
1689715612888166504
1689715612988149504
1689715613088144504
1689715613188156504
1689715613288197504
1689715613388140504
1689715613488133504
1689715613588146504
1689715613688159504
1689715613788132504
1689715613888198504
1689715613988235504
1689715614088263504
1689715614188212504
1689715614288144504
1689715614388149504
1689715614488148504
1689715614588133504
1689715614688148504
1689715614788146504
1689715614888151504
1689715614988161504
1689715615088147504
1689715615189932504
1689715615288156504
1689715615388149504
1689715615488140504
1689715615588139504
1689715615688173504
1689715615788128504
1689715615888191504
1689715615988137504
1689715616088138504
1689715616188144504
1689715616288135504
1689715616388152504
1689715616488136504
1689715616588188504
1689715616688149504
1689715616788166504
1689715616888143504
1689715616988141504
1689715617088207504
1689715617188167504
1689715617288152504
1689715617388157504
1689715617488040504
1689715617588147504
1689715617688158504
1689715617788148504
1689715617888140504
1689715617988137504
1689715618088231504
1689715618188179504
1689715618288150504
1689715618388367504
1689715618488208504
1689715618588146504
1689715618688250504
1689715618788159504
1689715618888106504
1689715618988140504
1689715619088152504
1689715619188132504
1689715619288178504
1689715619388155504
1689715619488146504
1689715619588196504
1689715619688145504
1689715619787833504
1689715619888277504
1689715619988520504
1689715620088176504
1689715620188121504
1689715620288176504
1689715620388070504
1689715620488303504
1689715620588119504
1689715620688110504
1689715620788130504
1689715620888149504
1689715620988123504
1689715621088019504
1689715621188018504
1689715621288041504
1689715621388021504
1689715621488020504
1689715621588016504
1689715621688017504
1689715621788012504
1689715621888097504
1689715621988018504
1689715622088027504
1689715622188013504
1689715622288024504
1689715622388017504
1689715622488032504
1689715622588022504
1689715622688028504
1689715622788015504
1689715622888001504
1689715622988019504
1689715623088036504
1689715623188098504
1689715623288039504
1689715623388018504
1689715623488005504
1689715623588010504
1689715623688010504
1689715623788000504
1689715623888032504
1689715623988023504
1689715624088024504
1689715624188016504
1689715624288025504
1689715624388024504
1689715624488006504
1689715624621317504
1689715624688030504
1689715624787977504
1689715624888017504
1689715624988010504
1689715625088057504
1689715625188060504
1689715625288001504
1689715625388023504
1689715625488060504
1689715625588124504
1689715625688058504
1689715625788022504
1689715625888021504
1689715625988009504
1689715626088019504
1689715626188059504
1689715626288026504
1689715626388014504
1689715626488010504
1689715626587891504
1689715626687896504
1689715626787915504
1689715626887900504
1689715626987893504
1689715627087942504
1689715627187901504
1689715627287945504
1689715627387887504
1689715627487889504
1689715627587901504
1689715627687885504
1689715627787899504
1689715627887885504
1689715627987883504
1689715628087882504
1689715628187902504
1689715628287892504
1689715628387914504
1689715628487890504
1689715628587893504
1689715628687883504
1689715628788005504
1689715628887894504
1689715628987888504
1689715629087928504
1689715629187913504
1689715629287885504
1689715629387922504
1689715629487961504
1689715629587944504
1689715629687903504
1689715629787889504
1689715629887886504
1689715629988063504
1689715630087900504
1689715630187906504
1689715630287898504
1689715630387901504
1689715630487923504
1689715630587938504
1689715630687894504
1689715630787880504
1689715630887899504
1689715630987939504
1689715631087922504
1689715631187898504
1689715631287894504
1689715631387895504
1689715631487931504
1689715631587898504
1689715631687897504
1689715631787893504
1689715631887888504
1689715631987888504
1689715632087896504
1689715632187902504
1689715632287879504
1689715632387914504
1689715632487894504
1689715632587878504
1689715632687889504
1689715632787896504
1689715632887886504
1689715632987884504
1689715633087940504
1689715633187894504
1689715633287891504
1689715633387892504
1689715633487900504
1689715633587908504
1689715633688045504
1689715633787890504
1689715633887898504
1689715633987895504
1689715634087875504
1689715634187894504
1689715634287894504
1689715634387902504
1689715634487913504
1689715634588088504
1689715634687898504
1689715634788166504
1689715634887963504
1689715634987874504
1689715635087899504
1689715635187887504
1689715635287896504
1689715635387894504
1689715635487916504
1689715635587923504
1689715635687888504
1689715635787881504
1689715635887898504
1689715635987900504
1689715636087898504
1689715636187897504
1689715636287884504
1689715636388016504
1689715636487901504
1689715636587896504
1689715636687887504
1689715636787912504
1689715636887884504
1689715636987879504
1689715637087894504
1689715637187915504
1689715637287899504
1689715637387899504
1689715637487920504
1689715637588003504
1689715637687912504
1689715637787900504
1689715637887885504
1689715637987887504
1689715638087890504
1689715638187892504
1689715638287892504
1689715638387870504
1689715638487885504
1689715638587955504
1689715638687885504
1689715638787895504
1689715638887965504
1689715638987875504
1689715639087902504
1689715639187901504
1689715639287981504
1689715639387896504
1689715639487912504
1689715639587903504
1689715639687876504
1689715639787898504
1689715639887887504
1689715639987907504
1689715640087902504
1689715640187882504
1689715640287929504
1689715640387883504
1689715640487885504
1689715640587877504
1689715640687899504
1689715640787893504
1689715640887918504
1689715640987889504
1689715641087893504
1689715641187892504
1689715641287876504
1689715641387895504
1689715641487857504
1689715641587885504
1689715641687884504
1689715641787922504
1689715641887890504
1689715641987887504
1689715642087891504
1689715642187876504
1689715642287902504
1689715642387888504
1689715642487881504
1689715642587911504
1689715642687899504
1689715642787925504
1689715642887905504
1689715642987897504
1689715643087908504
1689715643187942504
1689715643287883504
1689715643387891504
1689715643487899504
1689715643587888504
1689715643687896504
1689715643787886504
1689715643887900504
1689715643987905504
1689715644087898504
1689715644187902504
1689715644287899504
1689715644387930504
1689715644487896504
1689715644587892504
1689715644687892504
1689715644787896504
1689715644887893504
1689715644987889504
1689715645087906504
1689715645187898504
1689715645287892504
1689715645387893504
1689715645487893504
1689715645587916504
1689715645687904504
1689715645787889504
1689715645887908504
1689715645987937504
1689715646087906504
1689715646187895504
1689715646287899504
1689715646387994504
1689715646487901504
1689715646587898504
1689715646687898504
1689715646787897504
1689715646887898504
1689715646987904504
1689715647087890504
1689715647187891504
1689715647287892504
1689715647387903504
1689715647487892504
1689715647587894504
1689715647687909504
1689715647787895504
1689715647887908504
1689715647987910504
1689715648087898504
1689715648187906504
1689715648287902504
1689715648387897504
1689715648487915504
1689715648587887504
1689715648687896504
1689715648787925504
1689715648887895504
1689715648987940504
1689715649087937504
1689715649187904504
1689715649287932504
1689715649387890504
1689715649487909504
1689715649587903504
1689715649687904504
1689715649787889504
1689715649887891504
1689715649987915504
1689715650087980504
1689715650187898504
1689715650287905504
1689715650388062504
1689715650487888504
1689715650587896504
1689715650687903504
1689715650787904504
1689715650887894504
1689715650987883504
1689715651087911504
1689715651187898504
1689715651287885504
1689715651387890504
1689715651487900504
1689715651587893504
1689715651687890504
1689715651787889504
1689715651887873504
1689715651987895504
1689715652087902504
1689715652187890504
1689715652287992504
1689715652387890504
1689715652487906504
1689715652587899504
1689715652687900504
1689715652787893504
1689715652887913504
1689715652987886504
1689715653087909504
1689715653187895504
1689715653287948504
1689715653387906504
1689715653487894504
1689715653587903504
1689715653687892504
1689715653787913504
1689715653887942504
1689715653988006504
1689715654121729504
1689715654187922504
1689715654287922504
1689715654387918504
1689715654487926504
1689715654588158504
1689715654687872504
1689715654787898504
1689715654888001504
1689715654987878504
1689715655087913504
1689715655187903504
1689715655287900504
1689715655387901504
1689715655487898504
1689715655587894504
1689715655687934504
1689715655787919504
1689715655887902504
1689715655987893504
1689715656087894504
1689715656187888504
1689715656287890504
1689715656387939504
1689715656487909504
1689715656587910504
1689715656687911504
1689715656787890504
1689715656887894504
1689715656987935504
1689715657087896504
1689715657187880504
1689715657287894504
1689715657387912504
1689715657487895504
1689715657587888504
1689715657687975504
1689715657788042504
1689715657887883504
1689715657987957504
1689715658087932504
1689715658187894504
1689715658287937504
1689715658387895504
1689715658487912504
1689715658587982504
1689715658687894504
1689715658787911504
1689715658887884504
1689715658987893504
1689715659087894504
1689715659187903504
1689715659287897504
1689715659387887504
1689715659487890504
1689715659587901504
1689715659687914504
1689715659787888504
1689715659887892504
1689715659987882504
1689715660087917504
1689715660187882504
1689715660287898504
1689715660387936504
1689715660487905504
1689715660587907504
1689715660687901504
1689715660787894504
1689715660887891504
1689715660987893504
1689715661087909504
1689715661187901504
1689715661287881504
1689715661387895504
1689715661487881504
1689715661587913504
1689715661687894504
1689715661787883504
1689715661887882504
1689715661987930504
1689715662087932504
1689715662187898504
1689715662287891504
1689715662387900504
1689715662487902504
1689715662587904504
1689715662688099504
1689715662787883504
1689715662887880504
1689715662987887504
1689715663087890504
1689715663187879504
1689715663287890504
1689715663387917504
1689715663487948504
1689715663587886504
1689715663687888504
1689715663787900504
1689715663887992504
1689715663987890504
1689715664087909504
1689715664187908504
1689715664287910504
1689715664387886504
1689715664487898504
1689715664587858504
1689715664687918504
1689715664787889504
1689715664887888504
1689715664987901504
1689715665087898504
1689715665187891504
1689715665287894504
1689715665387888504
1689715665487892504
1689715665587920504
1689715665687905504
1689715665787883504
1689715665887891504
1689715665987885504
1689715666087886504
1689715666187917504
1689715666287918504
1689715666387897504
1689715666487893504
1689715666587904504
1689715666687905504
1689715666787899504
1689715666887937504
1689715666987885504
1689715667087894504
1689715667187903504
1689715667287901504
1689715667387900504
1689715667487899504
1689715667587976504
1689715667687897504
1689715667787886504
1689715667887912504
1689715667987887504
1689715668087912504
1689715668187902504
1689715668287892504
1689715668388020504
1689715668488021504
1689715668588562504
1689715668688032504
1689715668788013504
1689715668888019504
1689715668988019504
1689715669088027504
1689715669188018504
1689715669288018504
1689715669388015504
1689715669488003504
1689715669588344504
1689715669688577504
1689715669788030504
1689715669888022504
1689715669988088504
1689715670088032504
1689715670188033504
1689715670288018504
1689715670388011504
1689715670488038504
1689715670588036504
1689715670688106504
1689715670788061504
1689715670888050504
1689715670988017504
1689715671088048504
1689715671188039504
1689715671288014504
1689715671388111504
1689715671488036504
1689715671588010504
1689715671688033504
1689715671788019504
1689715671888249504
1689715671988015504
1689715672088020504
1689715672188008504
1689715672288101504
1689715672388015504
1689715672488179504
1689715672588014504
1689715672688017504
1689715672788021504
1689715672888020504
1689715672988113504
1689715673088025504
1689715673188013504
1689715673288012504
1689715673388031504
1689715673488008504
1689715673588030504
1689715673688030504
1689715673788028504
1689715673888027504
1689715673988023504
1689715674088051504
1689715674188020504
1689715674288009504
1689715674388029504
1689715674488018504
1689715674588021504
1689715674688030504
1689715674788024504
1689715674888018504
1689715674988023504
1689715675088020504
1689715675188025504
1689715675288017504
1689715675388032504
1689715675488039504
1689715675588021504
1689715675688045504
1689715675788017504
1689715675888045504
1689715675988016504
1689715676121415504
1689715676188042504
1689715676288195504
1689715676388039504
1689715676488015504
1689715676588015504
1689715676688012504
1689715676788026504
1689715676888013504
1689715676988015504
1689715677088028504
1689715677188018504
1689715677288018504
1689715677388025504
1689715677488016504
1689715677588021504
1689715677688104504
1689715677788014504
1689715677888026504
1689715677988023504
1689715678088012504
1689715678188015504
1689715678288014504
1689715678388013504
1689715678488032504
1689715678588017504
1689715678688019504
1689715678788007504
1689715678888012504
1689715678988112504
1689715679088019504
1689715679188017504
1689715679288016504
1689715679388039504
1689715679488012504
1689715679588057504
1689715679688049504
1689715679788053504
1689715679888037504
1689715679988010504
1689715680088031504
1689715680188059504
1689715680288014504
1689715680388018504
1689715680488038504
1689715680588024504
1689715680688033504
1689715680788020504
1689715680888023504
1689715680988006504
1689715681088030504
1689715681188032504
1689715681288018504
1689715681388016504
1689715681488032504
1689715681588041504
1689715681688030504
1689715681788031504
1689715681888019504
1689715681988001504
1689715682088024504
1689715682188028504
1689715682288033504
1689715682388027504
1689715682488008504
1689715682588009504
1689715682688015504
1689715682788022504
1689715682888000504
1689715682988007504
1689715683088020504
1689715683188014504
1689715683288019504
1689715683388020504
1689715683488015504
1689715683588030504
1689715683688044504
1689715683788016504
1689715683888022504
1689715683988009504
1689715684088013504
1689715684188021504
1689715684288083504
1689715684388017504
1689715684488026504
1689715684588043504
1689715684688059504
1689715684788018504
1689715684888018504
1689715684988039504
1689715685088029504
1689715685188020504
1689715685288015504
1689715685388007504
1689715685488038504
1689715685588041504
1689715685688024504
1689715685788031504
1689715685888024504
1689715685988021504
1689715686088022504
1689715686188021504
1689715686288019504
1689715686388113504
1689715686488012504
1689715686588019504
1689715686688018504
1689715686788013504
1689715686888036504
1689715686988003504
1689715687088012504
1689715687188018504
1689715687288011504
1689715687388014504
1689715687488018504
1689715687588074504
1689715687688049504
1689715687788195504
1689715687888028504
1689715687988040504
1689715688088258504
1689715688188184504
1689715688288092504
1689715688388162504
1689715688487984504
1689715688587995504
1689715688688021504
1689715688788002504
1689715688888011504
1689715688988002504
1689715689088026504
1689715689188033504
1689715689288019504
1689715689388018504
1689715689488028504
1689715689588019504
1689715689688009504
1689715689788025504
1689715689887977504
1689715689988023504
1689715690088070504
1689715690188027504
1689715690288025504
1689715690388020504
1689715690488020504
1689715690588029504
1689715690687996504
1689715690788022504
1689715690888004504
1689715690988067504
1689715691088022504
1689715691188022504
1689715691288031504
1689715691388004504
1689715691488020504
1689715691588006504
1689715691688027504
1689715691788021504
1689715691888014504
1689715691988079504
1689715692088011504
1689715692188016504
1689715692288011504
1689715692388016504
1689715692488157504
1689715692588065504
1689715692688030504
1689715692788038504
1689715692888054504
1689715692988072504
1689715693088032504
1689715693188255504
1689715693288105504
1689715693387987504
1689715693488009504
1689715693588006504
1689715693688027504
1689715693788015504
1689715693888061504
1689715693988016504
1689715694088029504
1689715694188018504
1689715694288017504
1689715694388016504
1689715694488021504
1689715694588012504
1689715694688025504
1689715694788000504
1689715694888019504
1689715694988033504
1689715695088035504
1689715695188033504
1689715695288021504
1689715695388017504
1689715695488017504
1689715695588014504
1689715695688027504
1689715695788019504
1689715695888026504
1689715695988020504
1689715696088015504
1689715696188078504
1689715696288014504
1689715696388024504
1689715696488027504
1689715696588050504
1689715696688026504
1689715696788028504
1689715696888031504
1689715696988018504
1689715697088168504
1689715697188033504
1689715697288029504
1689715697388038504
1689715697488034504
1689715697588039504
1689715697688020504
1689715697822594504
1689715697888084504
1689715697988032504
1689715698088072504
1689715698188029504
1689715698288025504
1689715698388027504
1689715698488055504
1689715698588017504
1689715698688038504
1689715698788021504
1689715698888025504
1689715698988005504
1689715699088024504
1689715699188033504
1689715699288110504
1689715699388035504
1689715699488021504
1689715699588016504
1689715699688024504
1689715699788015504
1689715699888029504
1689715699988013504
1689715700088024504
1689715700188019504
1689715700288018504
1689715700388024504
1689715700488029504
1689715700588037504
1689715700688002504
1689715700788019504
1689715700888042504
1689715700988011504
1689715701088027504
1689715701188020504
1689715701288016504
1689715701388019504
1689715701488020504
1689715701588025504
1689715701688022504
1689715701788007504
1689715701888022504
1689715701988030504
1689715702088101504
1689715702188021504
1689715702288008504
1689715702388034504
1689715702488014504
1689715702588021504
1689715702688023504
1689715702788025504
1689715702888026504
1689715702988029504
1689715703088164504
1689715703188019504
1689715703288026504
1689715703388017504
1689715703488010504
1689715703588021504
1689715703688022504
1689715703788022504
1689715703888061504
1689715703988019504
1689715704088019504
1689715704188028504
1689715704288047504
1689715704388021504
1689715704488023504
1689715704588019504
1689715704688041504
1689715704788089504
1689715704889142504
1689715704988035504
1689715705088006504
1689715705222618504
1689715705288018504
1689715705388038504
1689715705488115504
1689715705588241504
1689715705688074504
1689715705788014504
1689715705888023504
1689715705988051504
1689715706088022504
1689715706188024504
1689715706288072504
1689715706388039504
1689715706488021504
1689715706588029504
1689715706688017504
1689715706788014504
1689715706888015504
1689715706988006504
1689715707088020504
1689715707188013504
1689715707288023504
1689715707388023504
1689715707488022504
1689715707588028504
1689715707688086504
1689715707788026504
1689715707888020504
1689715707988032504
1689715708087998504
1689715708188039504
1689715708288016504
1689715708388018504
1689715708488016504
1689715708588015504
1689715708688031504
1689715708788035504
1689715708888025504
1689715708988066504
1689715709088064504
1689715709188015504
1689715709287994504
1689715709388032504
1689715709488010504
1689715709588019504
1689715709688014504
1689715709788011504
1689715709888024504
1689715709988026504
1689715710088027504
1689715710188020504
1689715710288010504
1689715710388005504
1689715710488036504
1689715710588024504
1689715710688027504
1689715710788029504
1689715710888019504
1689715710988017504
1689715711088025504
1689715711188024504
1689715711288017504
1689715711388002504
1689715711488019504
1689715711588018504
1689715711688010504
1689715711788019504
1689715711888023504
1689715711988029504
1689715712088022504
1689715712188015504
1689715712288029504
1689715712388018504
1689715712488015504
1689715712588021504
1689715712688020504
1689715712788031504
1689715712888019504
1689715712988002504
1689715713088016504
1689715713188032504
1689715713288030504
1689715713388019504
1689715713488006504
1689715713588030504
1689715713688027504
1689715713787991504
1689715713888017504
1689715713988021504
1689715714088011504
1689715714188074504
1689715714288020504
1689715714388023504
1689715714488058504
1689715714588031504
1689715714688066504
1689715714788008504
1689715714888021504
1689715714988052504
1689715715088021504
1689715715188034504
1689715715288013504
1689715715388077504
1689715715488006504
1689715715588019504
1689715715688035504
1689715715788022504
1689715715888011504
1689715715988030504
1689715716088033504
1689715716188016504
1689715716288016504
1689715716388098504
1689715716488019504
1689715716588022504
1689715716688064504
1689715716788030504
1689715716888049504
1689715716988009504
1689715717088020504
1689715717188031504
1689715717288007504
1689715717388020504
1689715717488032504
1689715717588026504
1689715717688038504
1689715717788026504
1689715717888023504
1689715717988025504
1689715718088025504
1689715718188020504
1689715718288021504
1689715718388025504
1689715718488021504
1689715718588024504
1689715718688026504
1689715718788019504
1689715718888043504
1689715718988010504
1689715719088023504
1689715719188015504
1689715719288025504
1689715719388031504
1689715719488009504
1689715719588020504
1689715719688142504
1689715719788637504
1689715719888002504
1689715719988011504
1689715720088089504
1689715720188018504
1689715720288036504
1689715720388013504
1689715720488022504
1689715720588018504
1689715720688018504
1689715720788029504
1689715720888023504
1689715720988024504
1689715721088008504
1689715721188024504
1689715721288020504
1689715721388479504
1689715721488136504
1689715721588041504
1689715721688286504
1689715721788098504
1689715721888060504
1689715721988168504
1689715722088503504
1689715722188684504
1689715722288008504
1689715722388006504
1689715722488019504
1689715722588015504
1689715722688010504
1689715722788009504
1689715722888017504
1689715722988013504
1689715723087994504
1689715723188023504
1689715723288007504
1689715723388026504
1689715723488013504
1689715723588017504
1689715723688028504
1689715723788011504
1689715723888018504
1689715723988018504
1689715724088015504
1689715724188007504
1689715724288020504
1689715724388021504
1689715724488020504
1689715724588021504
1689715724688026504
1689715724788029504
1689715724888029504
1689715724988022504
1689715725088039504
1689715725188026504
1689715725288012504
1689715725388033504
1689715725488020504
1689715725588028504
1689715725688013504
1689715725788021504
1689715725888033504
1689715725988023504
1689715726088010504
1689715726188025504
1689715726288014504
1689715726388012504
1689715726488018504
1689715726588026504
1689715726688133504
1689715726788013504
1689715726888024504
1689715726988027504
1689715727088027504
1689715727188018504
1689715727288005504
1689715727388026504
1689715727488033504
1689715727588018504
1689715727688029504
1689715727788011504
1689715727888127504
1689715727988003504
1689715728088015504
1689715728188010504
1689715728288087504
1689715728388032504
1689715728488151504
1689715728588024504
1689715728688050504
1689715728788022504
1689715728888016504
1689715728988024504
1689715729088070504
1689715729188020504
1689715729288001504
1689715729388011504
1689715729488032504
1689715729588034504
1689715729688036504
1689715729788021504
1689715729888019504
1689715729988174504
1689715730088014504
1689715730188017504
1689715730288019504
1689715730388026504
1689715730488015504
1689715730588028504
1689715730688028504
1689715730787948504
1689715730888019504
1689715730988065504
1689715731088009504
1689715731188023504
1689715731288067504
1689715731388030504
1689715731488011504
1689715731588018504
1689715731688040504
1689715731788016504
1689715731888092504
1689715731988020504
1689715732088026504
1689715732188020504
1689715732288012504
1689715732388015504
1689715732488022504
1689715732588021504
1689715732688002504
1689715732788019504
1689715732888029504
1689715732988017504
1689715733088022504
1689715733188016504
1689715733288007504
1689715733388018504
1689715733488015504
1689715733588022504
1689715733688029504
1689715733788011504
1689715733888011504
1689715733988026504
1689715734088016504
1689715734188030504
1689715734288034504
1689715734388008504
1689715734488010504
1689715734588028504
1689715734688039504
1689715734788020504
1689715734888031504
1689715734988015504
1689715735089035504
1689715735188040504
1689715735288020504
1689715735388026504
1689715735488028504
1689715735588020504
1689715735688048504
1689715735788030504
1689715735888020504
1689715735988019504
1689715736088022504
1689715736188024504
1689715736287984504
1689715736388038504
1689715736488017504
1689715736588007504
1689715736688025504
1689715736787986504
1689715736888116504
1689715736988014504
1689715737087976504
1689715737188071504
1689715737288014504
1689715737388040504
1689715737488016504
1689715737588172504
1689715737688038504
1689715737788035504
1689715737888043504
1689715737988095504
1689715738088021504
1689715738188024504
1689715738288170504
1689715738388052504
1689715738488004504
1689715738588116504
1689715738688029504
1689715738788042504
1689715738887897504
1689715738987946504
1689715739087900504
1689715739187888504
1689715739287893504
1689715739387898504
1689715739487899504
1689715739587897504
1689715739687903504
1689715739787887504
1689715739887897504
1689715739987905504
1689715740087896504
1689715740187893504
1689715740288778504
1689715740387920504
1689715740487903504
1689715740587934504
1689715740687898504
1689715740787934504
1689715740887904504
1689715740987906504
1689715741087907504
1689715741187899504
1689715741287884504
1689715741387896504
1689715741487893504
1689715741587883504
1689715741687897504
1689715741787887504
1689715741887889504
1689715741987903504
1689715742087898504
1689715742187874504
1689715742287898504
1689715742387893504
1689715742487932504
1689715742587909504
1689715742687888504
1689715742787909504
1689715742887906504
1689715742987882504
1689715743087896504
1689715743187816504
1689715743287772504
1689715743387783504
1689715743487769504
1689715743587792504
1689715743687845504
1689715743787764504
1689715743887770504
1689715743987779504
1689715744087991504
1689715744187766504
1689715744287781504
1689715744387796504
1689715744487785504
1689715744587758504
1689715744687775504
1689715744787778504
1689715744887785504
1689715744987800504
1689715745087776504
1689715745187783504
1689715745287765504
1689715745387769504
1689715745487795504
1689715745587793504
1689715745687765504
1689715745787791504
1689715745887793504
1689715745987773504
1689715746088669504
1689715746187758504
1689715746287780504
1689715746387835504
1689715746487743504
1689715746587763504
1689715746687762504
1689715746787788504
1689715746887788504
1689715746987752504
1689715747087762504
1689715747187792504
1689715747287779504
1689715747387748504
1689715747487794504
1689715747587787504
1689715747687769504
1689715747787779504
1689715747887854504
1689715747987766504
1689715748087775504
1689715748187773504
1689715748287755504
1689715748387785504
1689715748487650504
1689715748587768504
1689715748687791504
1689715748788788504
1689715748887766504
1689715748989200504
1689715749087803504
1689715749187779504
1689715749287768504
1689715749387768504
1689715749487779504
1689715749587770504
1689715749687799504
1689715749787837504
1689715749887770504
1689715749987775504
1689715750087796504
1689715750187764504
1689715750287810504
1689715750387780504
1689715750487765504
1689715750588465504
1689715750687801504
1689715750787783504
1689715750887762504
1689715750987768504
1689715751087763504
1689715751187750504
1689715751287761504
1689715751387775504
1689715751487745504
1689715751587753504
1689715751688886504
1689715751787772504
1689715751887778504
1689715751988250504
1689715752087764504
1689715752187774504
1689715752287800504
1689715752387760504
1689715752487777504
1689715752587767504
1689715752687777504
1689715752789253504
1689715752887728504
1689715752987770504
1689715753087768504
1689715753187750504
1689715753287766504
1689715753388482504
1689715753487769504
1689715753587758504
1689715753687780504
1689715753787773504
1689715753887764504
1689715753987769504
1689715754087760504
1689715754187760504
1689715754287765504
1689715754389271504
1689715754487999504
1689715754587979504
1689715754687798504
1689715754787786504
1689715754887920504
1689715754988125504
1689715755087798504
1689715755187791504
1689715755287784504
1689715755387729504
1689715755487766504
1689715755587774504
1689715755687779504
1689715755787900504
1689715755887843504
1689715755987764504
1689715756087763504
1689715756187771504
1689715756287913504
1689715756387783504
1689715756487764504
1689715756587765504
1689715756687797504
1689715756787765504
1689715756887765504
1689715756987780504
1689715757087766504
1689715757187781504
1689715757287778504
1689715757387735504
1689715757487749504
1689715757587771504
1689715757687767504
1689715757787771504
1689715757887791504
1689715757987777504
1689715758087766504
1689715758187833504
1689715758287778504
1689715758387783504
1689715758487806504
1689715758587778504
1689715758687768504
1689715758787780504
1689715758887763504
1689715758987768504
1689715759087786504
1689715759187774504
1689715759287810504
1689715759387780504
1689715759487774504
1689715759587769504
1689715759687770504
1689715759787756504
1689715759887765504
1689715759987775504
1689715760087766504
1689715760187769504
1689715760287828504
1689715760387778504
1689715760487853504
1689715760587759504
1689715760687784504
1689715760787768504
1689715760887810504
1689715760987850504
1689715761087769504
1689715761188408504
1689715761287755504
1689715761387766504
1689715761487770504
1689715761587765504
1689715761687754504
1689715761787797504
1689715761887776504
1689715761987773504
1689715762087769504
1689715762187778504
1689715762287760504
1689715762387795504
1689715762487765504
1689715762587788504
1689715762687839504
1689715762787767504
1689715762887767504
1689715762987801504
1689715763087774504
1689715763187778504
1689715763287766504
1689715763387762504
1689715763487785504
1689715763587830504
1689715763687777504
1689715763787794504
1689715763887775504
1689715763987772504
1689715764087759504
1689715764187876504
1689715764287761504
1689715764387931504
1689715764487779504
1689715764587771504
1689715764687793504
1689715764787765504
1689715764887765504
1689715764987777504
1689715765087792504
1689715765187768504
1689715765287805504
1689715765387785504
1689715765487853504
1689715765587791504
1689715765687781504
1689715765787765504
1689715765887793504
1689715765987770504
1689715766087770504
1689715766187885504
1689715766287753504
1689715766387784504
1689715766487781504
1689715766587758504
1689715766687770504
1689715766787771504
1689715766887820504
1689715766987776504
1689715767087767504
1689715767187781504
1689715767287750504
1689715767388061504
1689715767487767504
1689715767587783504
1689715767687776504
1689715767787781504
1689715767887782504
1689715767987860504
1689715768087805504
1689715768187776504
1689715768287876504
1689715768387771504
1689715768487773504
1689715768587796504
1689715768687769504
1689715768787781504
1689715768887811504
1689715768987770504
1689715769087777504
1689715769187753504
1689715769287756504
1689715769387780504
1689715769487823504
1689715769587774504
1689715769687768504
1689715769787760504
1689715769887772504
1689715769987768504
1689715770087770504
1689715770187753504
1689715770287761504
1689715770387756504
1689715770487783504
1689715770587767504
1689715770687758504
1689715770787766504
1689715770887788504
1689715770989056504
1689715771087766504
1689715771187792504
1689715771287712504
1689715771387795504
1689715771487897504
1689715771587855504
1689715771687980504
1689715771788111504
1689715771887780504
1689715771987763504
1689715772087762504
1689715772187756504
1689715772287759504
1689715772387798504
1689715772487766504
1689715772587747504
1689715772687778504
1689715772787797504
1689715772887766504
1689715772987776504
1689715773087767504
1689715773187774504
1689715773287759504
1689715773387773504
1689715773487769504
1689715773587761504
1689715773687770504
1689715773787770504
1689715773887767504
1689715773987780504
1689715774087756504
1689715774187769504
1689715774287780504
1689715774387767504
1689715774487774504
1689715774587756504
1689715774687757504
1689715774787774504
1689715774887781504
1689715774987772504
1689715775087760504
1689715775187766504
1689715775287781504
1689715775387780504
1689715775487796504
1689715775587765504
1689715775687834504
1689715775787768504
1689715775887861504
1689715775987765504
1689715776087774504
1689715776187764504
1689715776287746504
1689715776387759504
1689715776487767504
1689715776587761504
1689715776687820504
1689715776787796504
1689715776887785504
1689715776987807504
1689715777087765504
1689715777187788504
1689715777287763504
1689715777387782504
1689715777487789504
1689715777587764504
1689715777687766504
1689715777787762504
1689715777887971504
1689715777987768504
1689715778087769504
1689715778187774504
1689715778287781504
1689715778387808504
1689715778487779504
1689715778587760504
1689715778688045504
1689715778787933504
1689715778887895504
1689715778987890504
1689715779087866504
1689715779187908504
1689715779287909504
1689715779387899504
1689715779487897504
1689715779587901504
1689715779687894504
1689715779787950504
1689715779887889504
1689715779987881504
1689715780087907504
1689715780187908504
1689715780287896504
1689715780387904504
1689715780487884504
1689715780588010504
1689715780687895504
1689715780787885504
1689715780887861504
1689715780987944504
1689715781087884504
1689715781187975504
1689715781287888504
1689715781387892504
1689715781487898504
1689715781587886504
1689715781687925504
1689715781787927504
1689715781887899504
1689715781987855504
1689715782087879504
1689715782187954504
1689715782287902504
1689715782387888504
1689715782487899504
1689715782587865504
1689715782687898504
1689715782787841504
1689715782887905504
1689715782987898504
1689715783087883504
1689715783187891504
1689715783287881504
1689715783387907504
1689715783487896504
1689715783587919504
1689715783687886504
1689715783787901504
1689715783887900504
1689715783987899504
1689715784087898504
1689715784187932504
1689715784287914504
1689715784387891504
1689715784487897504
1689715784587955504
1689715784687893504
1689715784787884504
1689715784887890504
1689715784987888504
1689715785087877504
1689715785187882504
1689715785287871504
1689715785387948504
1689715785487899504
1689715785587963504
1689715785687903504
1689715785787900504
1689715785887914504
1689715785987922504
1689715786087889504
1689715786187879504
1689715786287892504
1689715786387911504
1689715786487899504
1689715786587877504
1689715786687893504
1689715786787891504
1689715786887908504
1689715786987922504
1689715787087891504
1689715787187895504
1689715787287907504
1689715787387883504
1689715787488249504
1689715787587932504
1689715787688210504
1689715787787914504
1689715787887909504
1689715787987893504
1689715788088116504
1689715788187906504
1689715788287942504
1689715788387898504
1689715788488068504
1689715788587906504
1689715788687857504
1689715788787970504
1689715788887894504
1689715788988258504
1689715789091778504
1689715789187882504
1689715789287895504
1689715789387914504
1689715789487923504
1689715789587883504
1689715789687898504
1689715789787881504
1689715789887888504
1689715789987889504
1689715790087906504
1689715790187892504
1689715790287885504
1689715790387909504
1689715790487901504
1689715790587895504
1689715790687943504
1689715790787893504
1689715790887950504
1689715790987895504
1689715791087899504
1689715791187893504
1689715791287881504
1689715791387899504
1689715791487925504
1689715791587900504
1689715791687888504
1689715791787884504
1689715791887895504
1689715791987886504
1689715792087897504
1689715792187922504
1689715792287906504
1689715792387892504
1689715792487960504
1689715792587904504
1689715792687948504
1689715792788112504
1689715792887919504
1689715792987897504
1689715793087883504
1689715793188006504
1689715793287887504
1689715793387891504
1689715793487927504
1689715793587898504
1689715793687894504
1689715793787907504
1689715793887909504
1689715793987891504
1689715794087922504
1689715794187888504
1689715794287895504
1689715794387908504
1689715794487876504
1689715794588361504
1689715794688012504
1689715794788046504
1689715794887908504
1689715794987965504
1689715795087976504
1689715795187922504
1689715795287907504
1689715795387899504
1689715795487906504
1689715795587923504
1689715795687900504
1689715795787910504
1689715795887895504
1689715795987902504
1689715796087890504
1689715796187892504
1689715796287886504
1689715796387884504
1689715796488035504
1689715796587886504
1689715796687887504
1689715796787899504
1689715796887995504
1689715796987894504
1689715797087888504
1689715797187913504
1689715797287902504
1689715797387895504
1689715797487902504
1689715797587912504
1689715797687912504
1689715797787931504
1689715797888735504
1689715797987893504
1689715798087913504
1689715798187921504
1689715798287884504
1689715798387897504
1689715798487898504
1689715798587956504
1689715798687980504
1689715798787937504
1689715798887951504
1689715798987914504
1689715799087995504
1689715799187924504
1689715799287897504
1689715799387901504
1689715799487900504
1689715799587908504
1689715799687888504
1689715799787934504
1689715799887921504
1689715799987962504
1689715800087913504
1689715800187915504
1689715800287903504
1689715800387909504
1689715800487921504
1689715800587912504
1689715800687893504
1689715800787908504
1689715800887900504
1689715800987874504
1689715801087905504
1689715801187908504
1689715801287890504
1689715801387877504
1689715801487898504
1689715801587890504
1689715801687888504
1689715801787853504
1689715801887897504
1689715801987901504
1689715802087892504
1689715802187895504
1689715802287895504
1689715802387915504
1689715802488879504
1689715802587894504
1689715802687907504
1689715802787907504
1689715802887903504
1689715802987891504
1689715803088002504
1689715803187896504
1689715803287893504
1689715803387878504
1689715803487898504
1689715803587889504
1689715803687891504
1689715803787896504
1689715803887876504
1689715803987887504
1689715804087908504
1689715804187983504
1689715804287887504
1689715804387894504
1689715804487880504
1689715804587880504
1689715804687904504
1689715804787935504
1689715804887915504
1689715804987906504
1689715805087867504
1689715805188613504
1689715805287916504
1689715805387896504
1689715805488025504
1689715805587916504
1689715805688102504
1689715805787671504
1689715805887983504
1689715805988134504
1689715806088093504
1689715806187912504
1689715806287887504
1689715806387882504
1689715806487868504
1689715806587892504
1689715806687892504
1689715806787894504
1689715806887954504
1689715806987887504
1689715807087892504
1689715807187889504
1689715807287947504
1689715807387891504
1689715807487904504
1689715807587995504
1689715807687905504
1689715807787897504
1689715807887989504
1689715807988114504
1689715808087992504
1689715808187915504
1689715808287896504
1689715808387881504
1689715808487890504
1689715808587886504
1689715808687886504
1689715808787885504
1689715808887899504
1689715808987890504
1689715809087825504
1689715809187889504
1689715809287878504
1689715809387879504
1689715809487879504
1689715809587885504
1689715809687903504
1689715809787982504
1689715809887900504
1689715809987895504
1689715810087871504
1689715810187900504
1689715810287913504
1689715810387857504
1689715810487900504
1689715810587961504
1689715810687908504
1689715810787907504
1689715810887868504
1689715810987910504
1689715811087903504
1689715811187898504
1689715811287917504
1689715811387928504
1689715811488255504
1689715811587899504
1689715811687893504
1689715811787896504
1689715811887904504
1689715811987902504
1689715812087933504
1689715812187881504
1689715812287901504
1689715812387887504
1689715812487897504
1689715812587866504
1689715812687891504
1689715812787890504
1689715812887980504
1689715812987889504
1689715813087889504
1689715813187898504
1689715813287890504
1689715813387908504
1689715813487892504
1689715813587911504
1689715813687868504
1689715813787881504
1689715813887874504
1689715813987904504
1689715814087898504
1689715814187895504
1689715814287887504
1689715814387883504
1689715814487905504
1689715814587886504
1689715814687894504
1689715814787902504
1689715814887902504
1689715814988008504
1689715815087917504
1689715815187891504
1689715815287893504
1689715815387881504
1689715815487911504
1689715815587883504
1689715815687871504
1689715815787895504
1689715815887900504
1689715815987899504
1689715816087885504
1689715816187901504
1689715816287931504
1689715816387903504
1689715816487896504
1689715816587887504
1689715816687905504
1689715816787894504
1689715816887894504
1689715816987899504
1689715817087887504
1689715817187893504
1689715817287897504
1689715817387885504
1689715817487897504
1689715817587907504
1689715817687901504
1689715817787961504
1689715817887885504
1689715817987909504
1689715818087912504
1689715818187904504
1689715818287915504
1689715818387898504
1689715818487894504
1689715818587915504
1689715818687892504
1689715818787905504
1689715818887885504
1689715818987984504
1689715819087877504
1689715819188416504
1689715819287917504
1689715819387892504
1689715819487909504
1689715819588039504
1689715819687899504
1689715819787898504
1689715819887884504
1689715819987887504
1689715820087893504
1689715820187900504
1689715820287936504
1689715820387878504
1689715820487900504
1689715820587893504
1689715820687889504
1689715820787904504
1689715820887881504
1689715820987899504
1689715821087892504
1689715821187928504
1689715821287898504
1689715821387880504
1689715821487958504
1689715821587910504
1689715821687898504
1689715821787904504
1689715821888057504
1689715821987965504
1689715822088719504
1689715822187895504
1689715822287888504
1689715822387903504
1689715822487883504
1689715822587976504
1689715822687920504
1689715822787894504
1689715822888093504
1689715822987958504
1689715823087862504
1689715823188160504
1689715823288336504
1689715823387882504
1689715823488162504
1689715823587932504
1689715823687916504
1689715823788129504
1689715823887953504
1689715823988066504
1689715824088504504
1689715824187990504
1689715824289033504
1689715824387966504
1689715824487886504
1689715824587895504
1689715824687885504
1689715824787903504
1689715824887899504
1689715824987890504
1689715825087897504
1689715825187909504
1689715825287884504
1689715825387890504
1689715825487890504
1689715825587894504
1689715825687897504
1689715825787870504
1689715825887893504
1689715825987917504
1689715826087938504
1689715826187918504
1689715826287889504
1689715826387891504
1689715826488113504
1689715826587952504
1689715826687845504
1689715826787902504
1689715826887896504
1689715826987888504
1689715827087905504
1689715827187972504
1689715827288044504
1689715827387891504
1689715827487903504
1689715827587891504
1689715827687889504
1689715827787892504
1689715827887891504
1689715827987887504
1689715828087903504
1689715828187920504
1689715828288429504
1689715828387948504
1689715828488001504
1689715828588593504
1689715828687903504
1689715828789081504
1689715828887890504
1689715828987903504
1689715829087899504
1689715829187853504
1689715829288063504
1689715829387878504
1689715829487884504
1689715829587903504
1689715829687896504
1689715829787898504
1689715829887905504
1689715829987904504
1689715830089097504
1689715830187900504
1689715830287920504
1689715830387900504
1689715830487920504
1689715830587894504
1689715830688079504
1689715830787901504
1689715830887887504
1689715830987968504
1689715831087897504
1689715831187895504
1689715831287901504
1689715831387878504
1689715831487898504
1689715831587895504
1689715831687886504
1689715831787905504
1689715831887892504
1689715831987902504
1689715832087921504
1689715832187887504
1689715832288230504
1689715832387898504
1689715832487873504
1689715832587892504
1689715832687911504
1689715832787900504
1689715832887970504
1689715832987902504
1689715833088054504
1689715833187841504
1689715833287921504
1689715833387880504
1689715833487949504
1689715833587895504
1689715833687878504
1689715833787915504
1689715833887898504
1689715833987881504
1689715834087905504
1689715834187945504
1689715834287930504
1689715834387889504
1689715834487894504
1689715834588030504
1689715834687903504
1689715834787963504
1689715834887898504
1689715834987878504
1689715835087922504
1689715835187894504
1689715835287993504
1689715835387891504
1689715835487882504
1689715835587883504
1689715835687904504
1689715835787910504
1689715835887915504
1689715835987877504
1689715836087885504
1689715836187946504
1689715836287899504
1689715836387900504
1689715836487881504
1689715836587886504
1689715836687908504
1689715836787908504
1689715836888114504
1689715836987919504
1689715837087980504
1689715837187915504
1689715837287971504
1689715837387903504
1689715837488079504
1689715837588031504
1689715837687889504
1689715837787946504
1689715837887891504
1689715837987896504
1689715838087899504
1689715838187845504
1689715838287908504
1689715838387909504
1689715838487947504
1689715838587922504
1689715838687902504
1689715838787908504
1689715838887935504
1689715838987902504
1689715839087901504
1689715839187904504
1689715839287909504
1689715839387917504
1689715839487926504
1689715839587898504
1689715839687947504
1689715839788060504
1689715839888221504
1689715839988410504
1689715840087887504
1689715840187914504
1689715840287923504
1689715840387913504
1689715840489583504
1689715840587887504
1689715840687905504
1689715840787920504
1689715840887896504
1689715840987897504
1689715841087939504
1689715841187909504
1689715841287904504
1689715841387936504
1689715841488103504
1689715841587898504
1689715841687905504
1689715841787923504
1689715841887897504
1689715841987892504
1689715842087925504
1689715842187885504
1689715842288039504
1689715842387886504
1689715842487897504
1689715842587890504
1689715842688040504
1689715842787895504
1689715842887969504
1689715842987928504
1689715843087881504
1689715843187968504
1689715843287912504
1689715843387891504
1689715843487888504
1689715843587973504
1689715843687892504
1689715843787946504
1689715843887873504
1689715843987873504
1689715844087776504
1689715844187785504
1689715844288004504
1689715844387749504
1689715844487769504
1689715844587871504
1689715844687835504
1689715844787814504
1689715844887768504
1689715844987757504
1689715845087779504
1689715845187781504
1689715845287923504
1689715845387845504
1689715845487774504
1689715845587774504
1689715845687761504
1689715845787787504
1689715845887786504
1689715845987789504
1689715846087786504
1689715846187764504
1689715846287761504
1689715846387783504
1689715846487788504
1689715846587784504
1689715846687832504
1689715846787777504
1689715846888174504
1689715846987793504
1689715847087828504
1689715847187795504
1689715847287757504
1689715847387751504
1689715847487777504
1689715847587763504
1689715847687772504
1689715847787783504
1689715847887810504
1689715847987790504
1689715848087929504
1689715848187783504
1689715848288211504
1689715848387649504
1689715848487665504
1689715848587655504
1689715848687666504
1689715848787635504
1689715848887648504
1689715848987645504
1689715849087727504
1689715849187625504
1689715849287642504
1689715849387645504
1689715849487643504
1689715849587663504
1689715849687637504
1689715849787643504
1689715849887673504
1689715849987651504
1689715850087664504
1689715850187622504
1689715850287641504
1689715850387646504
1689715850487643504
1689715850587665504
1689715850687667504
1689715850787658504
1689715850887651504
1689715850987624504
1689715851087643504
1689715851187652504
1689715851287632504
1689715851387693504
1689715851487730504
1689715851587643504
1689715851687680504
1689715851787659504
1689715851887727504
1689715851987677504
1689715852087658504
1689715852187679504
1689715852287679504
1689715852387651504
1689715852487698504
1689715852587675504
1689715852687663504
1689715852787644504
1689715852887642504
1689715852987648504
1689715853087645504
1689715853187632504
1689715853287696504
1689715853387660504
1689715853487672504
1689715853587634504
1689715853687629504
1689715853787690504
1689715853887648504
1689715853987666504
1689715854087642504
1689715854187638504
1689715854287691504
1689715854387635504
1689715854487649504
1689715854587661504
1689715854687628504
1689715854787649504
1689715854887679504
1689715854987646504
1689715855087635504
1689715855187679504
1689715855287651504
1689715855387660504
1689715855487679504
1689715855587631504
1689715855687668504
1689715855787643504
1689715855887645504
1689715855987639504
1689715856087641504
1689715856187638504
1689715856287644504
1689715856387654504
1689715856487631504
1689715856587638504
1689715856687630504
1689715856787636504
1689715856887668504
1689715856987648504
1689715857087679504
1689715857187655504
1689715857287666504
1689715857387693504
1689715857488699504
1689715857587658504
1689715857687671504
1689715857787665504
1689715857887639504
1689715857987672504
1689715858087683504
1689715858187639504
1689715858287735504
1689715858387672504
1689715858487653504
1689715858587650504
1689715858687646504
1689715858787657504
1689715858887652504
1689715858987650504
1689715859087855504
1689715859187686504
1689715859287638504
1689715859387664504
1689715859487630504
1689715859587655504
1689715859687611504
1689715859787644504
1689715859887634504
1689715859987658504
1689715860087619504
1689715860187680504
1689715860287648504
1689715860387633504
1689715860487644504
1689715860587687504
1689715860687643504
1689715860787643504
1689715860887650504
1689715860987668504
1689715861087638504
1689715861187641504
1689715861287643504
1689715861387638504
1689715861487656504
1689715861587642504
1689715861687660504
1689715861787655504
1689715861887635504
1689715861987651504
1689715862087645504
1689715862187627504
1689715862287664504
1689715862387630504
1689715862487662504
1689715862587652504
1689715862687657504
1689715862787670504
1689715862887651504
1689715862987664504
1689715863087619504
1689715863187673504
1689715863287643504
1689715863387635504
1689715863487645504
1689715863587634504
1689715863687645504
1689715863787671504
1689715863887586504
1689715863987629504
1689715864087644504
1689715864187643504
1689715864287647504
1689715864387654504
1689715864487651504
1689715864587634504
1689715864687880504
1689715864787650504
1689715864887683504
1689715864987642504
1689715865087660504
1689715865187801504
1689715865287755504
1689715865387627504
1689715865487697504
1689715865587830504
1689715865687645504
1689715865787651504
1689715865887647504
1689715865987652504
1689715866087696504
1689715866187696504
1689715866287638504
1689715866387654504
1689715866487668504
1689715866587631504
1689715866687639504
1689715866787644504
1689715866887646504
1689715866987642504
1689715867087659504
1689715867187671504
1689715867287714504
1689715867387662504
1689715867487725504
1689715867587662504
1689715867687866504
1689715867787646504
1689715867887667504
1689715867987654504
1689715868087643504
1689715868187711504
1689715868287645504
1689715868387690504
1689715868487634504
1689715868587635504
1689715868687641504
1689715868787666504
1689715868887641504
1689715868987658504
1689715869087644504
1689715869187645504
1689715869287656504
1689715869387639504
1689715869487672504
1689715869587640504
1689715869687713504
1689715869787652504
1689715869887662504
1689715869987628504
1689715870087645504
1689715870187661504
1689715870287671504
1689715870388224504
1689715870487949504
1689715870587665504
1689715870687662504
1689715870787671504
1689715870887830504
1689715870987646504
1689715871087660504
1689715871187649504
1689715871287654504
1689715871387644504
1689715871487647504
1689715871588214504
1689715871687666504
1689715871787646504
1689715871887652504
1689715871987728504
1689715872087673504
1689715872187662504
1689715872287651504
1689715872387984504
1689715872487664504
1689715872587641504
1689715872687624504
1689715872788499504
1689715872887643504
1689715872987631504
1689715873087683504
1689715873188324504
1689715873287654504
1689715873387655504
1689715873487652504
1689715873587668504
1689715873687627504
1689715873787640504
1689715873887654504
1689715873987644504
1689715874087644504
1689715874189022504
1689715874287654504
1689715874387723504
1689715874487435504
1689715874587731504
1689715874687734504
1689715874787776504
1689715874887567504
1689715874991078504
1689715875087600504
1689715875187455504
1689715875287657504
1689715875387628504
1689715875487656504
1689715875587645504
1689715875687640504
1689715875787649504
1689715875888903504
1689715875987669504
1689715876087642504
1689715876187649504
1689715876287650504
1689715876387652504
1689715876487691504
1689715876587658504
1689715876687636504
1689715876787637504
1689715876887641504
1689715876987658504
1689715877087658504
1689715877187669504
1689715877287646504
1689715877387649504
1689715877487686504
1689715877587638504
1689715877687650504
1689715877787648504
1689715877887661504
1689715877987685504
1689715878087723504
1689715878187654504
1689715878287685504
1689715878387643504
1689715878487648504
1689715878587645504
1689715878687811504
1689715878787626504
1689715878887648504
1689715878987674504
1689715879087724504
1689715879187653504
1689715879287649504
1689715879387643504
1689715879487636504
1689715879587641504
1689715879687645504
1689715879787648504
1689715879887796504
1689715879987621504
1689715880087645504
1689715880187656504
1689715880287651504
1689715880387687504
1689715880487645504
1689715880587660504
1689715880687659504
1689715880787709504
1689715880887655504
1689715880987679504
1689715881087668504
1689715881187642504
1689715881287695504
1689715881387717504
1689715881487663504
1689715881587646504
1689715881688087504
1689715881787658504
1689715881887651504
1689715881987649504
1689715882087649504
1689715882187643504
1689715882288214504
1689715882387799504
1689715882487782504
1689715882587825504
1689715882687783504
1689715882787798504
1689715882887775504
1689715882987863504
1689715883087778504
1689715883187772504
1689715883287850504
1689715883387784504
1689715883487775504
1689715883587800504
1689715883687762504
1689715883789057504
1689715883887785504
1689715883987787504
1689715884088294504
1689715884187799504
1689715884287762504
1689715884387855504
1689715884487772504
1689715884587826504
1689715884687775504
1689715884787779504
1689715884887772504
1689715884987781504
1689715885087768504
1689715885187775504
1689715885287790504
1689715885387794504
1689715885487765504
1689715885587778504
1689715885687777504
1689715885787783504
1689715885887730504
1689715885987776504
1689715886087770504
1689715886187784504
1689715886288454504
1689715886388223504
1689715886487799504
1689715886587762504
1689715886687773504
1689715886787792504
1689715886887762504
1689715886987782504
1689715887087795504
1689715887187786504
1689715887287774504
1689715887387814504
1689715887487783504
1689715887587772504
1689715887687895504
1689715887787813504
1689715887887799504
1689715887987750504
1689715888087769504
1689715888188665504
1689715888287933504
1689715888387776504
1689715888487814504
1689715888587773504
1689715888687775504
1689715888787846504
1689715888887772504
1689715888987781504
1689715889087882504
1689715889188058504
1689715889287780504
1689715889387778504
1689715889487775504
1689715889587788504
1689715889687846504
1689715889788069504
1689715889887773504
1689715889987780504
1689715890087774504
1689715890187758504
1689715890287773504
1689715890387769504
1689715890487770504
1689715890587843504
1689715890687798504
1689715890787769504
1689715890887914504
1689715890987757504
1689715891087793504
1689715891187768504
1689715891287762504
1689715891387783504
1689715891488220504
1689715891587787504
1689715891688017504
1689715891787801504
1689715891887774504
1689715891987783504
1689715892087767504
1689715892187797504
1689715892287839504
1689715892387869504
1689715892487761504
1689715892587767504
1689715892687784504
1689715892787773504
1689715892887768504
1689715892987770504
1689715893087794504
1689715893187850504
1689715893287792504
1689715893387795504
1689715893487757504
1689715893588658504
1689715893687886504
1689715893787775504
1689715893887800504
1689715893988162504
1689715894087781504
1689715894187800504
1689715894287778504
1689715894387773504
1689715894487793504
1689715894587798504
1689715894687787504
1689715894787936504
1689715894887762504
1689715894988143504
1689715895087871504
1689715895187762504
1689715895287793504
1689715895387777504
1689715895487771504
1689715895587793504
1689715895687821504
1689715895787765504
1689715895887762504
1689715895987740504
1689715896087764504
1689715896187784504
1689715896287766504
1689715896387769504
1689715896487760504
1689715896587771504
1689715896687762504
1689715896787793504
1689715896887765504
1689715896987771504
1689715897087783504
1689715897188283504
1689715897287799504
1689715897387776504
1689715897487898504
1689715897587771504
1689715897687768504
1689715897787788504
1689715897887771504
1689715897987847504
1689715898087779504
1689715898187759504
1689715898287792504
1689715898387769504
1689715898487771504
1689715898588088504
1689715898687800504
1689715898789080504
1689715898887768504
1689715898987779504
1689715899087793504
1689715899187855504
1689715899288693504
1689715899387776504
1689715899487780504
1689715899587776504
1689715899687757504
1689715899787774504
1689715899887789504
1689715899987767504
1689715900087766504
1689715900187794504
1689715900288095504
1689715900387766504
1689715900487759504
1689715900587802504
1689715900687785504
1689715900787800504
1689715900887768504
1689715900987798504
1689715901087764504
1689715901187944504
1689715901287821504
1689715901387887504
1689715901489101504
1689715901587768504
1689715901687763504
1689715901787777504
1689715901887773504
1689715901987828504
1689715902087865504
1689715902187755504
1689715902287796504
1689715902387781504
1689715902489440504
1689715902587776504
1689715902687788504
1689715902787776504
1689715902887775504
1689715902987763504
1689715903087753504
1689715903187774504
1689715903287826504
1689715903387772504
1689715903487773504
1689715903587779504
1689715903687802504
1689715903787773504
1689715903887769504
1689715903987781504
1689715904087771504
1689715904187771504
1689715904287767504
1689715904387765504
1689715904487774504
1689715904587773504
1689715904687770504
1689715904787820504
1689715904887771504
1689715904987819504
1689715905087851504
1689715905187804504
1689715905288672504
1689715905387844504
1689715905487783504
1689715905587767504
1689715905687769504
1689715905787813504
1689715905887830504
1689715905987796504
1689715906087834504
1689715906187799504
1689715906288062504
1689715906387394504
1689715906487786504
1689715906587774504
1689715906687761504
1689715906788081504
1689715906887773504
1689715906987897504
1689715907087786504
1689715907187778504
1689715907288034504
1689715907387835504
1689715907487781504
1689715907587931504
1689715907687748504
1689715907787789504
1689715907887824504
1689715907987958504
1689715908087768504
1689715908187798504
1689715908287803504
1689715908387775504
1689715908487775504
1689715908587998504
1689715908688218504
1689715908787805504
1689715908887633504
1689715908987730504
1689715909087852504
1689715909187743504
1689715909288428504
1689715909387781504
1689715909487763504
1689715909587773504
1689715909687763504
1689715909787762504
1689715909887797504
1689715909987766504
1689715910087773504
1689715910187755504
1689715910287781504
1689715910387789504
1689715910487837504
1689715910587860504
1689715910687765504
1689715910787810504
1689715910887782504
1689715910987817504
1689715911087782504
1689715911187766504
1689715911287768504
1689715911387749504
1689715911487776504
1689715911587810504
1689715911687950504
1689715911787781504
1689715911887804504
1689715911987771504
1689715912087781504
1689715912187792504
1689715912287762504
1689715912387782504
1689715912487771504
1689715912587761504
1689715912687849504
1689715912787795504
1689715912887777504
1689715912987767504
1689715913087772504
1689715913187816504
1689715913287805504
1689715913387769504
1689715913487790504
1689715913588639504
1689715913687767504
1689715913787875504
1689715913887765504
1689715913987764504
1689715914087764504
1689715914187797504
1689715914287802504
1689715914387786504
1689715914488654504
1689715914588095504
1689715914687769504
1689715914787783504
1689715914887797504
1689715914987849504
1689715915087864504
1689715915187779504
1689715915287770504
1689715915387755504
1689715915487782504
1689715915587781504
1689715915687773504
1689715915787773504
1689715915887777504
1689715915987768504
1689715916087775504
1689715916187776504
1689715916287852504
1689715916387825504
1689715916487770504
1689715916587759504
1689715916687799504
1689715916787819504
1689715916887790504
1689715916987791504
1689715917087773504
1689715917187816504
1689715917287780504
1689715917387859504
1689715917487971504
1689715917587807504
1689715917687945504
1689715917787779504
1689715917887793504
1689715917987789504
1689715918087784504
1689715918187797504
1689715918288660504
1689715918387805504
1689715918487795504
1689715918587972504
1689715918687783504
1689715918787776504
1689715918888140504
1689715918987767504
1689715919087820504
1689715919187779504
1689715919287767504
1689715919387874504
1689715919487873504
1689715919587835504
1689715919687773504
1689715919787764504
1689715919887799504
1689715919987769504
1689715920087824504
1689715920188449504
1689715920287800504
1689715920387784504
1689715920487804504
1689715920588688504
1689715920687762504
1689715920787829504
1689715920887872504
1689715920987796504
1689715921087779504
1689715921187859504
1689715921287864504
1689715921387835504
1689715921487772504
1689715921587781504
1689715921687934504
1689715921787794504
1689715921888388504
1689715921987764504
1689715922087776504
1689715922188735504
1689715922287800504
1689715922388022504
1689715922487798504
1689715922587907504
1689715922688096504
1689715922787728504
1689715922887857504
1689715922987709504
1689715923087772504
1689715923187782504
1689715923287760504
1689715923387846504
1689715923487783504
1689715923587812504
1689715923688062504
1689715923787772504
1689715923887807504
1689715923987775504
1689715924087783504
1689715924187769504
1689715924287799504
1689715924387873504
1689715924488358504
1689715924587789504
1689715924687809504
1689715924787799504
1689715924887821504
1689715924987788504
1689715925087979504
1689715925188029504
1689715925287368504
1689715925387797504
1689715925489230504
1689715925587773504
1689715925689034504
1689715925787830504
1689715925888280504
1689715925987799504
1689715926087800504
1689715926187758504
1689715926287773504
1689715926387789504
1689715926487795504
1689715926587792504
1689715926688026504
1689715926787802504
1689715926887811504
1689715926987771504
1689715927087787504
1689715927187820504
1689715927287768504
1689715927387785504
1689715927487776504
1689715927587927504
1689715927687790504
1689715927787778504
1689715927887777504
1689715927987783504
1689715928087790504
1689715928187848504
1689715928287786504
1689715928387786504
1689715928487811504
1689715928587777504
1689715928687800504
1689715928787783504
1689715928887799504
1689715928987825504
1689715929087768504
1689715929188076504
1689715929287813504
1689715929387775504
1689715929487804504
1689715929587828504
1689715929687902504
1689715929787791504
1689715929887750504
1689715929987874504
1689715930087770504
1689715930187886504
1689715930287882504
1689715930387776504
1689715930487793504
1689715930587789504
1689715930687832504
1689715930787757504
1689715930887771504
1689715930987766504
1689715931087775504
1689715931187774504
1689715931287776504
1689715931387781504
1689715931487781504
1689715931587763504
1689715931687793504
1689715931787790504
1689715931887768504
1689715931987777504
1689715932087794504
1689715932187783504
1689715932287791504
1689715932387780504
1689715932487866504
1689715932621164504
1689715932687776504
1689715932788222504
1689715932888421504
1689715932987773504
1689715933087770504
1689715933187783504
1689715933287779504
1689715933387787504
1689715933487913504
1689715933587782504
1689715933687779504
1689715933787828504
1689715933887782504
1689715933987757504
1689715934087766504
1689715934187815504
1689715934287776504
1689715934387769504
1689715934488034504
1689715934587760504
1689715934687793504
1689715934787800504
1689715934888736504
1689715934988562504
1689715935088276504
1689715935187809504
1689715935287786504
1689715935387794504
1689715935488529504
1689715935588531504
1689715935687793504
1689715935787802504
1689715935887769504
1689715935988052504
1689715936087811504
1689715936187772504
1689715936287884504
1689715936387779504
1689715936487912504
1689715936587771504
1689715936687784504
1689715936787774504
1689715936887808504
1689715936987774504
1689715937087780504
1689715937187778504
1689715937288711504
1689715937387789504
1689715937487794504
1689715937587786504
1689715937687790504
1689715937787770504
1689715937887788504
1689715937987864504
1689715938087904504
1689715938187773504
1689715938287787504
1689715938387770504
1689715938488136504
1689715938587848504
1689715938687807504
1689715938787844504
1689715938887814504
1689715938987789504
1689715939087774504
1689715939187781504
1689715939287791504
1689715939387899504
1689715939487788504
1689715939587774504
1689715939687792504
1689715939787778504
1689715939887802504
1689715939987782504
1689715940088259504
1689715940187773504
1689715940287776504
1689715940387853504
1689715940487784504
1689715940587742504
1689715940687828504
1689715940787776504
1689715940887795504
1689715940987803504
1689715941087786504
1689715941187828504
1689715941287798504
1689715941387779504
1689715941487850504
1689715941587791504
1689715941687771504
1689715941787763504
1689715941887710504
1689715941987851504
1689715942087784504
1689715942187826504
1689715942287954504
1689715942387911504
1689715942488092504
1689715942588479504
1689715942687780504
1689715942787948504
1689715942888104504
1689715942988214504
1689715943088327504
1689715943187790504
1689715943287827504
1689715943387835504
1689715943487789504
1689715943587791504
1689715943687786504
1689715943787861504
1689715943887790504
1689715943987788504
1689715944088010504
1689715944187774504
1689715944287772504
1689715944387779504
1689715944488042504
1689715944587868504
1689715944687771504
1689715944787778504
1689715944887784504
1689715944987954504
1689715945087867504
1689715945187781504
1689715945287797504
1689715945387650504
1689715945487656504
1689715945587727504
1689715945687646504
1689715945787720504
1689715945887730504
1689715945987667504
1689715946087671504
1689715946187661504
1689715946287637504
1689715946387660504
1689715946487689504
1689715946587672504
1689715946687648504
1689715946787759504
1689715946887665504
1689715946987674504
1689715947087652504
1689715947187654504
1689715947287665504
1689715947387656504
1689715947487622504
1689715947587647504
1689715947691365504
1689715947787650504
1689715947887674504
1689715947987666504
1689715948087682504
1689715948187779504
1689715948287924504
1689715948387793504
1689715948487665504
1689715948587691504
1689715948687663504
1689715948787672504
1689715948887673504
1689715948987652504
1689715949087689504
1689715949187650504
1689715949287645504
1689715949387672504
1689715949487539504
1689715949587562504
1689715949687548504
1689715949787596504
1689715949887531504
1689715949988125504
1689715950087583504
1689715950187527504
1689715950287560504
1689715950387544504
1689715950488576504
1689715950587524504
1689715950687525504
1689715950787529504
1689715950887528504
1689715950987523504
1689715951087533504
1689715951187594504
1689715951287524504
1689715951387536504
1689715951487530504
1689715951587545504
1689715951687897504
1689715951787526504
1689715951887588504
1689715951988388504
1689715952087647504
1689715952187825504
1689715952287538504
1689715952387615504
1689715952487546504
1689715952587685504
1689715952687570504
1689715952787586504
1689715952887565504
1689715952987552504
1689715953087520504
1689715953187532504
1689715953287582504
1689715953387541504
1689715953487522504
1689715953587863504
1689715953687538504
1689715953787902504
1689715953887840504
1689715953987526504
1689715954087521504
1689715954187650504
1689715954287774504
1689715954387564504
1689715954487521504
1689715954587946504
1689715954687528504
1689715954787531504
1689715954887560504
1689715954988255504
1689715955087841504
1689715955187555504
1689715955287543504
1689715955387546504
1689715955487538504
1689715955587527504
1689715955687783504
1689715955787521504
1689715955887723504
1689715955987571504
1689715956088039504
1689715956187538504
1689715956287527504
1689715956387573504
1689715956487516504
1689715956587566504
1689715956687656504
1689715956787547504
1689715956888076504
1689715956987360504
1689715957087532504
1689715957187522504
1689715957287555504
1689715957387565504
1689715957487530504
1689715957587521504
1689715957687546504
1689715957787558504
1689715957887541504
1689715957987544504
1689715958087572504
1689715958187757504
1689715958287545504
1689715958387642504
1689715958487632504
1689715958587512504
1689715958687536504
1689715958787520504
1689715958887603504
1689715958987686504
1689715959087650504
1689715959187554504
1689715959287541504
1689715959387505504
1689715959487571504
1689715959587623504
1689715959687598504
1689715959787550504
1689715959888491504
1689715959987547504
1689715960087538504
1689715960187591504
1689715960287736504
1689715960388930504
1689715960487556504
1689715960587559504
1689715960687526504
1689715960821025504
1689715960887567504
1689715960987554504
1689715961087534504
1689715961187540504
1689715961287530504
1689715961387534504
1689715961487614504
1689715961587547504
1689715961687520504
1689715961787706504
1689715961887599504
1689715961987547504
1689715962087563504
1689715962187539504
1689715962287537504
1689715962387540504
1689715962487521504
1689715962587662504
1689715962687527504
1689715962787521504
1689715962887554504
1689715962987666504
1689715963087544504
1689715963187553504
1689715963287536504
1689715963387567504
1689715963487656504
1689715963587540504
1689715963687526504
1689715963787531504
1689715963887545504
1689715963987850504
1689715964087544504
1689715964187551504
1689715964287543504
1689715964387763504
1689715964487555504
1689715964587523504
1689715964687520504
1689715964787551504
1689715964887522504
1689715964987558504
1689715965087660504
1689715965188030504
1689715965287548504
1689715965387578504
1689715965487634504
1689715965587533504
1689715965687532504
1689715965787543504
1689715965887586504
1689715965987606504
1689715966087544504
1689715966187563504
1689715966287533504
1689715966387540504
1689715966487531504
1689715966587702504
1689715966687554504
1689715966787527504
1689715966887720504
1689715966987572504
1689715967087536504
1689715967187564504
1689715967287642504
1689715967387580504
1689715967487564504
1689715967587524504
1689715967687557504
1689715967787529504
1689715967887753504
1689715967987535504
1689715968087524504
1689715968187517504
1689715968288081504
1689715968387588504
1689715968487538504
1689715968587531504
1689715968687588504
1689715968788048504
1689715968887567504
1689715968987562504
1689715969087527504
1689715969187542504
1689715969287905504
1689715969387588504
1689715969487526504
1689715969587534504
1689715969687553504
1689715969787585504
1689715969887523504
1689715969987536504
1689715970087542504
1689715970187688504
1689715970287530504
1689715970387560504
1689715970487532504
1689715970587555504
1689715970687552504
1689715970787515504
1689715970887564504
1689715970987560504
1689715971087620504
1689715971187543504
1689715971287513504
1689715971387627504
1689715971487523504
1689715971587559504
1689715971687655504
1689715971787531504
1689715971887551504
1689715971987549504
1689715972087634504
1689715972187758504
1689715972287790504
1689715972387594504
1689715972487891504
1689715972587522504
1689715972687610504
1689715972787565504
1689715972887580504
1689715972987542504
1689715973087583504
1689715973187586504
1689715973287950504
1689715973387569504
1689715973487556504
1689715973587537504
1689715973687645504
1689715973787644504
1689715973887993504
1689715973987595504
1689715974087528504
1689715974187535504
1689715974287565504
1689715974387518504
1689715974487822504
1689715974587525504
1689715974687650504
1689715974787539504
1689715974887632504
1689715974987570504
1689715975087529504
1689715975187520504
1689715975287531504
1689715975387604504
1689715975487515504
1689715975587616504
1689715975687642504
1689715975787533504
1689715975887834504
1689715975987647504
1689715976087808504
1689715976187606504
1689715976288826504
1689715976387434504
1689715976487522504
1689715976585358504
1689715976688018504
1689715976788550504
1689715976887506504
1689715976987701504
1689715977087555504
1689715977187530504
1689715977287516504
1689715977387552504
1689715977488313504
1689715977587522504
1689715977687579504
1689715977787522504
1689715977887515504
1689715977987527504
1689715978087526504
1689715978187549504
1689715978287526504
1689715978387549504
1689715978487509504
1689715978587528504
1689715978687572504
1689715978787532504
1689715978887616504
1689715978987546504
1689715979087522504
1689715979189026504
1689715979287527504
1689715979388501504
1689715979488946504
1689715979587529504
1689715979687526504
1689715979787523504
1689715979887550504
1689715979987510504
1689715980087560504
1689715980187523504
1689715980287525504
1689715980387524504
1689715980487531504
1689715980588284504
1689715980688998504
1689715980788317504
1689715980887580504
1689715980987509504
1689715981087526504
1689715981188952504
1689715981287543504
1689715981387574504
1689715981487574504
1689715981589411504
1689715981687544504
1689715981787573504
1689715981887603504
1689715981987516504
1689715982087846504
1689715982187527504
1689715982287660504
1689715982388117504
1689715982488176504
1689715982587644504
1689715982687655504
1689715982787653504
1689715982887807504
1689715982988021504
1689715983087665504
1689715983187683504
1689715983287680504
1689715983387821504
1689715983487648504
1689715983587652504
1689715983687700504
1689715983787666504
1689715983887690504
1689715983987687504
1689715984087677504
1689715984187749504
1689715984287942504
1689715984387667504
1689715984487646504
1689715984587649504
1689715984687764504
1689715984788820504
1689715984887897504
1689715984987667504
1689715985087642504
1689715985187666504
1689715985287687504
1689715985387692504
1689715985487687504
1689715985587697504
1689715985687642504
1689715985787663504
1689715985888277504
1689715985987683504
1689715986087863504
1689715986187692504
1689715986287643504
1689715986388060504
1689715986487641504
1689715986587653504
1689715986687687504
1689715986787665504
1689715986887695504
1689715986987644504
1689715987087665504
1689715987187662504
1689715987287640504
1689715987387660504
1689715987487708504
1689715987588348504
1689715987687797504
1689715987787650504
1689715987887668504
1689715987987668504
1689715988087665504
1689715988187657504
1689715988288014504
1689715988387667504
1689715988487648504
1689715988588758504
1689715988687668504
1689715988787656504
1689715988887789504
1689715988987643504
1689715989087710504
1689715989187644504
1689715989287978504
1689715989387674504
1689715989487678504
1689715989587717504
1689715989687943504
1689715989787658504
1689715989887759504
1689715989987715504
1689715990087646504
1689715990187789504
1689715990287692504
1689715990387969504
1689715990487645504
1689715990588103504
1689715990687662504
1689715990787676504
1689715990887693504
1689715990987998504
1689715991088185504
1689715991187712504
1689715991287660504
1689715991387659504
1689715991487665504
1689715991587667504
1689715991687700504
1689715991787648504
1689715991887672504
1689715991987701504
1689715992087879504
1689715992188531504
1689715992287643504
1689715992387649504
1689715992487683504
1689715992587720504
1689715992687645504
1689715992787661504
1689715992888712504
1689715992987655504
1689715993087648504
1689715993187931504
1689715993287751504
1689715993387939504
1689715993487662504
1689715993587686504
1689715993687671504
1689715993787689504
1689715993887658504
1689715993987653504
1689715994087829504
1689715994187750504
1689715994287665504
1689715994387757504
1689715994487655504
1689715994587646504
1689715994687649504
1689715994787653504
1689715994887655504
1689715994987657504
1689715995087658504
1689715995187737504
1689715995287723504
1689715995387652504
1689715995487657504
1689715995587655504
1689715995687651504
1689715995787660504
1689715995888350504
1689715995987687504
1689715996087660504
1689715996187647504
1689715996287653504
1689715996387824504
1689715996487888504
1689715996587666504
1689715996687703504
1689715996787770504
1689715996887837504
1689715996987649504
1689715997088659504
1689715997187660504
1689715997287652504
1689715997388177504
1689715997487665504
1689715997587653504
1689715997687741504
1689715997787649504
1689715997888585504
1689715997987704504
1689715998087659504
1689715998187686504
1689715998287690504
1689715998387720504
1689715998487647504
1689715998587705504
1689715998687766504
1689715998787718504
1689715998887647504
1689715998987687504
1689715999087648504
1689715999187668504
1689715999288575504
1689715999387639504
1689715999487652504
1689715999587666504
1689715999687807504
1689715999787682504
1689715999887647504
1689715999988126504
1689716000088829504
1689716000187800504
1689716000288052504
1689716000389327504
1689716000487753504
1689716000587661504
1689716000687683504
1689716000787664504
1689716000887685504
1689716000987697504
1689716001087660504
1689716001187656504
1689716001287669504
1689716001387640504
1689716001487656504
1689716001589241504
1689716001687681504
1689716001787647504
1689716001888045504
1689716001987866504
1689716002087656504
1689716002188012504
1689716002287781504
1689716002387661504
1689716002487706504
1689716002587659504
1689716002687755504
1689716002788149504
1689716002888154504
1689716002987731504
1689716003087735504
1689716003187765504
1689716003287650504
1689716003387651504
1689716003488701504
1689716003587664504
1689716003687640504
1689716003787699504
1689716003887667504
1689716003987663504
1689716004087852504
1689716004188088504
1689716004287656504
1689716004387672504
1689716004487707504
1689716004587653504
1689716004687708504
1689716004787678504
1689716004887697504
1689716004989099504
1689716005087668504
1689716005187654504
1689716005287639504
1689716005387656504
1689716005487795504
1689716005589059504
1689716005687648504
1689716005787647504
1689716005887646504
1689716005987741504
1689716006087662504
1689716006187688504
1689716006287658504
1689716006387755504
1689716006487745504
1689716006587667504
1689716006688123504
1689716006787658504
1689716006887695504
1689716006987692504
1689716007087649504
1689716007187652504
1689716007291179504
1689716007387647504
1689716007487647504
1689716007588474504
1689716007687644504
1689716007787742504
1689716007887651504
1689716007989112504
1689716008087664504
1689716008187830504
1689716008287694504
1689716008387694504
1689716008487977504
1689716008587644504
1689716008687727504
1689716008787787504
1689716008887661504
1689716008987640504
1689716009087653504
1689716009187645504
1689716009287798504
1689716009387866504
1689716009487857504
1689716009587652504
1689716009687911504
1689716009787654504
1689716009887653504
1689716009989033504
1689716010087694504
1689716010187718504
1689716010287675504
1689716010387739504
1689716010488711504
1689716010587672504
1689716010687675504
1689716010787729504
1689716010887661504
1689716010987677504
1689716011087701504
1689716011187643504
1689716011287665504
1689716011388481504
1689716011489047504
1689716011587635504
1689716011687637504
1689716011787646504
1689716011887679504
1689716011987670504
1689716012089088504
1689716012188000504
1689716012287657504
1689716012387642504
1689716012487654504
1689716012587646504
1689716012687660504
1689716012787761504
1689716012887651504
1689716012987645504
1689716013087662504
1689716013187642504
1689716013287693504
1689716013387878504
1689716013487643504
1689716013587704504
1689716013687654504
1689716013787791504
1689716013887650504
1689716013987787504
1689716014087670504
1689716014187647504
1689716014287651504
1689716014387646504
1689716014487659504
1689716014587725504
1689716014687648504
1689716014787682504
1689716014887652504
1689716014987642504
1689716015087655504
1689716015187693504
1689716015287662504
1689716015387647504
1689716015487650504
1689716015587664504
1689716015687771504
1689716015787885504
1689716015887667504
1689716015988170504
1689716016087648504
1689716016187658504
1689716016290505504
1689716016387654504
1689716016488614504
1689716016587683504
1689716016687711504
1689716016787669504
1689716016887683504
1689716016987688504
1689716017087648504
1689716017187651504
1689716017287714504
1689716017387721504
1689716017487660504
1689716017587703504
1689716017687645504
1689716017787642504
1689716017887682504
1689716017987710504
1689716018087948504
1689716018187670504
1689716018287699504
1689716018387836504
1689716018487678504
1689716018588883504
1689716018688102504
1689716018787983504
1689716018887695504
1689716018987679504
1689716019087658504
1689716019188658504
1689716019287715504
1689716019390023504
1689716019487655504
1689716019587652504
1689716019687655504
1689716019788538504
1689716019887669504
1689716019987765504
1689716020087698504
1689716020187669504
1689716020287682504
1689716020387736504
1689716020487643504
1689716020587631504
1689716020687656504
1689716020787654504
1689716020887648504
1689716020987654504
1689716021087927504
1689716021187889504
1689716021288561504
1689716021387671504
1689716021487648504
1689716021587774504
1689716021687687504
1689716021787846504
1689716021887682504
1689716021987682504
1689716022087664504
1689716022187657504
1689716022287650504
1689716022387669504
1689716022487671504
1689716022589143504
1689716022687649504
1689716022787644504
1689716022887669504
1689716022987757504
1689716023087710504
1689716023187649504
1689716023287695504
1689716023387664504
1689716023487733504
1689716023587654504
1689716023687688504
1689716023787762504
1689716023887678504
1689716023988627504
1689716024087876504
1689716024187727504
1689716024287646504
1689716024387795504
1689716024487809504
1689716024587757504
1689716024687657504
1689716024787785504
1689716024887781504
1689716024987707504
1689716025087651504
1689716025187627504
1689716025287686504
1689716025387652504
1689716025487649504
1689716025587658504
1689716025687901504
1689716025787646504
1689716025887751504
1689716025987681504
1689716026087697504
1689716026187930504
1689716026287707504
1689716026387674504
1689716026487665504
1689716026587725504
1689716026687667504
1689716026787831504
1689716026887650504
1689716026987632504
1689716027087662504
1689716027189701504
1689716027287734504
1689716027387649504
1689716027487652504
1689716027587685504
1689716027688044504
1689716027787710504
1689716027887738504
1689716027987691504
1689716028087677504
1689716028187645504
1689716028288458504
1689716028387642504
1689716028487691504
1689716028587727504
1689716028688289504
1689716028790181504
1689716028887782504
1689716028987669504
1689716029087664504
1689716029187661504
1689716029288419504
1689716029387685504
1689716029487664504
1689716029587723504
1689716029687662504
1689716029787643504
1689716029887644504
1689716029987646504
1689716030087687504
1689716030187649504
1689716030287678504
1689716030387649504
1689716030487655504
1689716030587705504
1689716030688768504
1689716030787772504
1689716030887949504
1689716030988383504
1689716031087693504
1689716031187651504
1689716031287718504
1689716031387643504
1689716031487674504
1689716031587645504
1689716031687649504
1689716031787727504
1689716031887651504
1689716031987654504
1689716032087704504
1689716032187689504
1689716032287683504
1689716032387652504
1689716032487719504
1689716032587780504
1689716032687663504
1689716032787746504
1689716032887640504
1689716032987694504
1689716033087688504
1689716033187663504
1689716033288563504
1689716033388010504
1689716033487651504
1689716033587648504
1689716033687646504
1689716033788460504
1689716033887735504
1689716033987719504
1689716034087732504
1689716034187666504
1689716034287682504
1689716034387688504
1689716034487757504
1689716034587714504
1689716034687661504
1689716034787655504
1689716034887673504
1689716034987670504
1689716035087857504
1689716035187646504
1689716035287646504
1689716035387653504
1689716035487672504
1689716035587657504
1689716035687657504
1689716035787659504
1689716035887670504
1689716035987664504
1689716036087845504
1689716036187660504
1689716036287967504
1689716036387820504
1689716036487849504
1689716036587668504
1689716036687649504
1689716036787836504
1689716036887640504
1689716036987693504
1689716037089292504
1689716037187659504
1689716037287717504
1689716037387963504
1689716037487648504
1689716037587661504
1689716037687672504
1689716037788180504
1689716037887734504
1689716037987769504
1689716038088154504
1689716038187657504
1689716038287698504
1689716038387726504
1689716038487654504
1689716038588199504
1689716038687769504
1689716038787658504
1689716038887741504
1689716038987660504
1689716039087634504
1689716039187741504
1689716039288225504
1689716039387642504
1689716039487672504
1689716039588555504
1689716039687695504
1689716039787696504
1689716039887733504
1689716039987660504
1689716040087733504
1689716040187687504
1689716040289153504
1689716040387695504
1689716040487806504
1689716040587764504
1689716040687949504
1689716040787664504
1689716040887726504
1689716040987641504
1689716041087657504
1689716041187854504
1689716041287802504
1689716041387822504
1689716041487778504
1689716041587718504
1689716041688117504
1689716041787688504
1689716041887697504
1689716041987665504
1689716042088254504
1689716042187643504
1689716042287671504
1689716042387791504
1689716042487715504
1689716042587679504
1689716042687708504
1689716042787660504
1689716042887760504
1689716042987663504
1689716043087710504
1689716043187705504
1689716043287667504
1689716043387842504
1689716043487653504
1689716043588032504
1689716043688345504
1689716043787552504
1689716043887548504
1689716043987533504
1689716044087540504
1689716044187631504
1689716044287536504
1689716044387683504
1689716044487536504
1689716044587738504
1689716044687593504
1689716044787531504
1689716044888784504
1689716044987533504
1689716045087536504
1689716045187741504
1689716045287523504
1689716045387521504
1689716045487531504
1689716045587535504
1689716045687532504
1689716045788782504
1689716045887550504
1689716045987572504
1689716046087568504
1689716046187799504
1689716046287530504
1689716046388611504
1689716046487604504
1689716046587624504
1689716046687754504
1689716046787541504
1689716046887543504
1689716046987671504
1689716047087601504
1689716047187618504
1689716047287543504
1689716047387722504
1689716047487631504
1689716047587554504
1689716047687521504
1689716047787585504
1689716047887411504
1689716047987418504
1689716048087397504
1689716048187397504
1689716048287401504
1689716048387400504
1689716048487783504
1689716048587389504
1689716048687398504
1689716048787484504
1689716048887405504
1689716048987519504
1689716049087442504
1689716049187659504
1689716049288019504
1689716049387408504
1689716049487398504
1689716049587625504
1689716049687543504
1689716049788217504
1689716049887398504
1689716049987420504
1689716050087430504
1689716050188788504
1689716050287620504
1689716050387625504
1689716050487405504
1689716050587406504
1689716050687395504
1689716050787439504
1689716050887587504
1689716050988700504
1689716051087472504
1689716051187406504
1689716051287915504
1689716051387396504
1689716051487371504
1689716051588403504
1689716051687427504
1689716051787501504
1689716051887394504
1689716051987397504
1689716052087416504
1689716052187402504
1689716052287389504
1689716052387403504
1689716052488453504
1689716052587391504
1689716052687404504
1689716052787437504
1689716052887396504
1689716052987396504
1689716053087406504
1689716053187384504
1689716053287564504
1689716053387427504
1689716053487393504
1689716053587428504
1689716053687898504
1689716053787435504
1689716053888393504
1689716053987415504
1689716054087406504
1689716054187395504
1689716054287404504
1689716054387404504
1689716054487400504
1689716054587394504
1689716054688562504
1689716054787854504
1689716054887438504
1689716054987423504
1689716055087656504
1689716055187407504
1689716055287394504
1689716055387430504
1689716055487406504
1689716055587399504
1689716055687387504
1689716055787406504
1689716055887409504
1689716055987657504
1689716056087418504
1689716056187409504
1689716056287420504
1689716056387708504
1689716056487400504
1689716056587787504
1689716056687472504
1689716056787407504
1689716056887549504
1689716056987410504
1689716057087418504
1689716057187410504
1689716057287393504
1689716057387914504
1689716057487454504
1689716057587399504
1689716057687405504
1689716057787446504
1689716057887508504
1689716057987432504
1689716058087399504
1689716058187409504
1689716058287551504
1689716058387410504
1689716058487515504
1689716058587407504
1689716058687423504
1689716058787437504
1689716058887397504
1689716058987448504
1689716059087403504
1689716059188185504
1689716059287471504
1689716059387403504
1689716059489666504
1689716059587405504
1689716059687420504
1689716059787908504
1689716059887508504
1689716059987439504
1689716060087395504
1689716060187401504
1689716060287403504
1689716060387430504
1689716060487397504
1689716060587420504
1689716060687415504
1689716060788253504
1689716060887393504
1689716060987513504
1689716061087420504
1689716061187467504
1689716061287643504
1689716061387591504
1689716061487387504
1689716061587676504
1689716061687639504
1689716061787402504
1689716061887394504
1689716061987409504
1689716062087496504
1689716062187428504
1689716062287464504
1689716062387419504
1689716062488472504
1689716062587392504
1689716062687411504
1689716062787461504
1689716062887918504
1689716062987410504
1689716063087506504
1689716063187319504
1689716063287409504
1689716063387404504
1689716063487400504
1689716063587405504
1689716063687414504
1689716063787433504
1689716063887413504
1689716063987436504
1689716064087424504
1689716064187403504
1689716064287426504
1689716064387425504
1689716064487363504
1689716064587400504
1689716064687455504
1689716064787471504
1689716064887416504
1689716064987383504
1689716065087431504
1689716065187403504
1689716065287409504
1689716065387394504
1689716065487423504
1689716065587542504
1689716065687385504
1689716065787350504
1689716065887396504
1689716065987486504
1689716066087443504
1689716066187891504
1689716066287429504
1689716066387941504
1689716066487268504
1689716066587467504
1689716066687421504
1689716066787852504
1689716066887393504
1689716066987506504
1689716067087398504
1689716067187415504
1689716067287522504
1689716067387666504
1689716067487412504
1689716067588151504
1689716067687385504
1689716067787417504
1689716067887428504
1689716067987406504
1689716068087422504
1689716068187387504
1689716068287416504
1689716068387396504
1689716068487397504
1689716068587395504
1689716068687403504
1689716068787410504
1689716068887402504
1689716068987412504
1689716069087389504
1689716069187394504
1689716069287526504
1689716069387396504
1689716069491537504
1689716069588466504
1689716069687397504
1689716069787467504
1689716069887412504
1689716069987408504
1689716070087400504
1689716070187394504
1689716070287436504
1689716070387400504
1689716070487420504
1689716070587429504
1689716070687445504
1689716070787423504
1689716070887432504
1689716070987472504
1689716071087405504
1689716071187568504
1689716071287397504
1689716071387404504
1689716071488709504
1689716071587391504
1689716071687398504
1689716071787395504
1689716071887400504
1689716071987397504
1689716072087401504
1689716072187601504
1689716072287401504
1689716072387531504
1689716072487434504
1689716072587395504
1689716072687722504
1689716072787437504
1689716072887399504
1689716072987424504
1689716073087434504
1689716073187407504
1689716073287519504
1689716073387405504
1689716073487426504
1689716073587399504
1689716073687632504
1689716073787790504
1689716073887399504
1689716073987366504
1689716074087674504
1689716074187402504
1689716074287401504
1689716074387407504
1689716074487402504
1689716074587671504
1689716074687435504
1689716074787397504
1689716074887475504
1689716074987414504
1689716075087422504
1689716075187433504
1689716075287409504
1689716075387402504
1689716075487661504
1689716075588008504
1689716075687377504
1689716075787410504
1689716075887394504
1689716075987393504
1689716076087407504
1689716076187442504
1689716076287531504
1689716076387397504
1689716076487407504
1689716076587419504
1689716076687396504
1689716076787644504
1689716076887397504
1689716076987408504
1689716077087428504
1689716077187389504
1689716077287435504
1689716077387397504
1689716077487497504
1689716077587424504
1689716077687570504
1689716077787397504
1689716077888347504
1689716077987424504
1689716078087412504
1689716078187418504
1689716078287398504
1689716078387458504
1689716078487417504
1689716078587793504
1689716078687409504
1689716078787402504
1689716078887401504
1689716078987879504
1689716079087422504
1689716079187416504
1689716079287410504
1689716079387391504
1689716079487449504
1689716079587392504
1689716079687444504
1689716079787422504
1689716079887421504
1689716080021061504
1689716080087779504
1689716080187563504
1689716080287872504
1689716080387541504
1689716080487612504
1689716080587565504
1689716080687565504
1689716080787617504
1689716080887525504
1689716080987531504
1689716081087530504
1689716081187728504
1689716081287522504
1689716081387529504
1689716081487538504
1689716081587893504
1689716081687542504
1689716081788176504
1689716081887535504
1689716081987573504
1689716082088255504
1689716082187528504
1689716082287537504
1689716082387529504
1689716082487520504
1689716082587823504
1689716082687556504
1689716082787544504
1689716082887552504
1689716082988233504
1689716083088164504
1689716083189236504
1689716083287540504
1689716083388646504
1689716083487541504
1689716083587520504
1689716083687522504
1689716083787562504
1689716083887525504
1689716083987518504
1689716084087523504
1689716084187979504
1689716084287525504
1689716084387555504
1689716084487505504
1689716084587519504
1689716084687553504
1689716084788034504
1689716084887660504
1689716084988489504
1689716085087524504
1689716085187532504
1689716085287670504
1689716085387526504
1689716085488461504
1689716085587550504
1689716085687603504
1689716085787532504
1689716085887514504
1689716085987591504
1689716086087557504
1689716086187518504
1689716086287533504
1689716086387635504
1689716086487524504
1689716086587540504
1689716086687524504
1689716086787515504
1689716086887534504
1689716086987545504
1689716087087542504
1689716087187530504
1689716087288212504
1689716087388158504
1689716087487787504
1689716087587537504
1689716087688110504
1689716087787520504
1689716087887517504
1689716087987535504
1689716088087536504
1689716088187530504
1689716088287537504
1689716088387578504
1689716088487530504
1689716088587680504
1689716088687537504
1689716088787726504
1689716088887521504
1689716088987540504
1689716089087548504
1689716089187589504
1689716089287528504
1689716089387524504
1689716089487510504
1689716089587527504
1689716089687520504
1689716089787521504
1689716089887525504
1689716089987543504
1689716090087541504
1689716090187521504
1689716090287535504
1689716090387540504
1689716090487554504
1689716090590018504
1689716090687539504
1689716090787530504
1689716090887544504
1689716090987505504
1689716091087541504
1689716091187533504
1689716091287563504
1689716091387542504
1689716091487557504
1689716091587536504
1689716091688256504
1689716091787533504
1689716091887521504
1689716091987549504
1689716092088501504
1689716092187520504
1689716092288331504
1689716092387553504
1689716092487514504
1689716092587525504
1689716092687729504
1689716092787592504
1689716092887526504
1689716092987530504
1689716093087531504
1689716093187540504
1689716093287595504
1689716093387532504
1689716093487539504
1689716093587528504
1689716093687547504
1689716093787536504
1689716093887717504
1689716093987516504
1689716094088108504
1689716094187547504
1689716094287631504
1689716094387524504
1689716094489048504
1689716094587518504
1689716094687700504
1689716094787512504
1689716094887528504
1689716094987529504
1689716095087523504
1689716095187529504
1689716095287519504
1689716095387528504
1689716095487525504
1689716095587518504
1689716095687635504
1689716095787517504
1689716095887524504
1689716095987577504
1689716096087824504
1689716096187977504
1689716096288139504
1689716096387540504
1689716096487567504
1689716096587541504
1689716096687820504
1689716096787529504
1689716096887534504
1689716096987545504
1689716097087532504
1689716097187544504
1689716097287521504
1689716097387525504
1689716097487524504
1689716097587524504
1689716097687525504
1689716097787573504
1689716097887532504
1689716097987523504
1689716098087678504
1689716098187517504
1689716098287536504
1689716098387529504
1689716098487524504
1689716098587531504
1689716098687536504
1689716098787536504
1689716098887542504
1689716098987598504
1689716099087609504
1689716099187523504
1689716099287538504
1689716099387548504
1689716099487556504
1689716099587531504
1689716099687518504
1689716099787521504
1689716099887535504
1689716099987524504
1689716100087529504
1689716100187511504
1689716100287528504
1689716100387539504
1689716100487524504
1689716100587526504
1689716100687622504
1689716100787500504
1689716100887535504
1689716100987518504
1689716101087607504
1689716101187506504
1689716101287530504
1689716101387598504
1689716101487779504
1689716101587534504
1689716101687526504
1689716101787576504
1689716101887562504
1689716101988133504
1689716102087558504
1689716102187699504
1689716102287552504
1689716102390314504
1689716102487528504
1689716102587522504
1689716102687520504
1689716102787529504
1689716102888173504
1689716102987523504
1689716103087831504
1689716103187540504
1689716103287643504
1689716103387517504
1689716103487619504
1689716103587531504
1689716103687555504
1689716103787522504
1689716103887597504
1689716103987522504
1689716104087538504
1689716104187548504
1689716104287612504
1689716104387531504
1689716104487535504
1689716104587535504
1689716104687526504
1689716104787552504
1689716104887612504
1689716104987540504
1689716105087537504
1689716105187529504
1689716105287637504
1689716105387571504
1689716105487529504
1689716105587536504
1689716105687535504
1689716105787537504
1689716105887504504
1689716105987516504
1689716106089017504
1689716106188531504
1689716106287533504
1689716106387649504
1689716106487519504
1689716106587637504
1689716106688224504
1689716106787548504
1689716106887538504
1689716106987521504
1689716107087688504
1689716107187531504
1689716107287891504
1689716107387536504
1689716107487583504
1689716107587540504
1689716107687531504
1689716107787537504
1689716107887530504
1689716107987534504
1689716108088080504
1689716108187725504
1689716108287550504
1689716108387533504
1689716108487525504
1689716108587549504
1689716108687569504
1689716108787528504
1689716108887556504
1689716108988072504
1689716109087554504
1689716109187522504
1689716109287675504
1689716109387529504
1689716109487540504
1689716109587529504
1689716109687527504
1689716109787521504
1689716109887548504
1689716109987571504
1689716110087541504
1689716110187926504
1689716110287648504
1689716110387584504
1689716110487523504
1689716110587901504
1689716110688166504
1689716110787598504
1689716110887542504
1689716110987538504
1689716111087516504
1689716111187796504
1689716111289389504
1689716111387738504
1689716111487518504
1689716111587681504
1689716111687569504
1689716111787535504
1689716111887528504
1689716111987807504
1689716112087515504
1689716112187552504
1689716112287630504
1689716112387526504
1689716112487614504
1689716112587579504
1689716112687573504
1689716112787691504
1689716112887523504
1689716112987524504
1689716113087532504
1689716113187526504
1689716113287566504
1689716113387521504
1689716113487639504
1689716113587640504
1689716113687751504
1689716113787565504
1689716113887537504
1689716113987835504
1689716114087522504
1689716114187531504
1689716114287881504
1689716114387525504
1689716114487525504
1689716114587525504
1689716114687694504
1689716114787522504
1689716114887523504
1689716114987725504
1689716115087523504
1689716115187542504
1689716115287540504
1689716115387529504
1689716115487529504
1689716115587531504
1689716115687573504
1689716115787672504
1689716115887535504
1689716115987552504
1689716116087532504
1689716116187833504
1689716116287525504
1689716116388699504
1689716116487521504
1689716116587587504
1689716116687788504
1689716116787735504
1689716116887555504
1689716116988021504
1689716117087529504
1689716117187523504
1689716117287526504
1689716117387551504
1689716117487524504
1689716117587568504
1689716117687766504
1689716117787591504
1689716117887541504
1689716117988282504
1689716118088227504
1689716118186928504
1689716118288402504
1689716118387652504
1689716118488066504
1689716118587544504
1689716118687776504
1689716118788525504
1689716118887759504
1689716118987793504
1689716119087523504
1689716119187542504
1689716119287549504
1689716119387531504
1689716119487659504
1689716119587515504
1689716119687597504
1689716119787835504
1689716119887520504
1689716119987535504
1689716120087536504
1689716120187652504
1689716120287641504
1689716120387728504
1689716120487552504
1689716120587541504
1689716120687551504
1689716120787546504
1689716120888620504
1689716120987533504
1689716121087520504
1689716121187527504
1689716121288505504
1689716121387527504
1689716121487828504
1689716121587526504
1689716121687628504
1689716121787553504
1689716121887525504
1689716121987579504
1689716122087525504
1689716122187550504
1689716122287647504
1689716122387519504
1689716122488346504
1689716122587521504
1689716122687635504
1689716122787539504
1689716122887528504
1689716122987531504
1689716123087527504
1689716123187608504
1689716123287627504
1689716123387525504
1689716123487545504
1689716123587543504
1689716123687533504
1689716123787991504
1689716123888303504
1689716123987715504
1689716124088154504
1689716124187517504
1689716124287528504
1689716124387527504
1689716124487529504
1689716124587545504
1689716124687522504
1689716124787687504
1689716124887527504
1689716124987523504
1689716125087529504
1689716125187545504
1689716125287573504
1689716125387522504
1689716125487586504
1689716125587593504
1689716125687528504
1689716125787537504
1689716125887541504
1689716125987545504
1689716126087517504
1689716126187642504
1689716126287557504
1689716126387536504
1689716126487577504
1689716126588277504
1689716126687533504
1689716126787550504
1689716126887544504
1689716126987518504
1689716127087530504
1689716127187527504
1689716127287530504
1689716127387524504
1689716127487534504
1689716127587524504
1689716127687538504
1689716127787531504
1689716127887619504
1689716127987519504
1689716128087533504
1689716128187528504
1689716128287533504
1689716128387515504
1689716128487521504
1689716128587541504
1689716128687590504
1689716128787535504
1689716128887544504
1689716128987514504
1689716129087550504
1689716129187527504
1689716129287578504
1689716129387549504
1689716129487506504
1689716129587602504
1689716129687554504
1689716129787539504
1689716129887505504
1689716129987534504
1689716130087546504
1689716130187590504
1689716130287537504
1689716130387545504
1689716130487533504
1689716130587523504
1689716130687532504
1689716130787567504
1689716130887536504
1689716130987535504
1689716131087511504
1689716131187530504
1689716131287527504
1689716131387528504
1689716131487560504
1689716131587537504
1689716131687549504
1689716131787566504
1689716131887529504
1689716131987536504
1689716132087672504
1689716132187539504
1689716132287529504
1689716132387588504
1689716132487660504
1689716132587593504
1689716132687568504
1689716132787529504
1689716132887547504
1689716132987403504
1689716133087538504
1689716133187524504
1689716133287647504
1689716133387512504
1689716133487529504
1689716133587521504
1689716133687524504
1689716133787518504
1689716133887633504
1689716133987523504
1689716134087520504
1689716134187539504
1689716134287529504
1689716134387532504
1689716134487529504
1689716134588215504
1689716134687577504
1689716134787530504
1689716134887544504
1689716134988071504
1689716135087643504
1689716135187614504
1689716135287547504
1689716135387872504
1689716135488233504
1689716135587628504
1689716135687585504
1689716135787533504
1689716135887552504
1689716135987535504
1689716136087539504
1689716136187534504
1689716136287525504
1689716136387524504
1689716136487531504
1689716136587611504
1689716136687527504
1689716136787524504
1689716136887522504
1689716136987532504
1689716137087558504
1689716137187565504
1689716137287528504
1689716137387554504
1689716137487540504
1689716137587548504
1689716137687556504
1689716137787519504
1689716137887556504
1689716137987531504
1689716138087796504
1689716138187528504
1689716138287548504
1689716138387618504
1689716138487792504
1689716138588233504
1689716138688020504
1689716138787712504
1689716138887556504
1689716138987530504
1689716139087532504
1689716139187533504
1689716139287531504
1689716139387613504
1689716139487604504
1689716139587577504
1689716139687545504
1689716139787567504
1689716139887555504
1689716139987528504
1689716140087537504
1689716140187398504
1689716140287408504
1689716140387423504
1689716140488995504
1689716140587421504
1689716140687869504
1689716140787457504
1689716140887993504
1689716140987410504
1689716141087574504
1689716141187731504
1689716141287408504
1689716141387392504
1689716141487414504
1689716141587414504
1689716141687410504
1689716141787446504
1689716141887489504
1689716141987392504
1689716142087439504
1689716142187607504
1689716142287388504
1689716142387406504
1689716142487457504
1689716142587421504
1689716142687402504
1689716142787426504
1689716142887397504
1689716142988307504
1689716143087606504
1689716143187570504
1689716143287441504
1689716143387471504
1689716143487397504
1689716143587434504
1689716143687413504
1689716143787400504
1689716143887403504
1689716143987283504
1689716144087279504
1689716144188340504
1689716144287295504
1689716144387276504
1689716144487288504
1689716144587301504
1689716144687316504
1689716144787305504
1689716144887309504
1689716144987282504
1689716145087278504
1689716145187280504
1689716145287312504
1689716145387283504
1689716145487325504
1689716145587309504
1689716145687281504
1689716145787326504
1689716145887404504
1689716145987287504
1689716146087297504
1689716146187275504
1689716146287458504
1689716146387297504
1689716146487312504
1689716146587281504
1689716146687742504
1689716146787655504
1689716146887285504
1689716146987307504
1689716147087517504
1689716147187282504
1689716147287511504
1689716147387300504
1689716147487278504
1689716147587279504
1689716147687348504
1689716147787285504
1689716147887542504
1689716147987302504
1689716148087294504
1689716148187272504
1689716148287288504
1689716148387363504
1689716148487863504
1689716148587305504
1689716148687535504
1689716148787302504
1689716148887282504
1689716148987285504
1689716149087312504
1689716149187278504
1689716149287271504
1689716149387294504
1689716149487316504
1689716149587554504
1689716149687282504
1689716149787336504
1689716149887372504
1689716149987277504
1689716150087300504
1689716150188556504
1689716150287295504
1689716150387381504
1689716150487277504
1689716150587274504
1689716150687274504
1689716150787570504
1689716150887296504
1689716150987285504
1689716151087282504
1689716151187432504
1689716151287293504
1689716151387182504
1689716151487305504
1689716151591437504
1689716151689045504
1689716151787340504
1689716151889005504
1689716151987419504
1689716152090358504
1689716152187278504
1689716152287288504
1689716152387269504
1689716152487341504
1689716152587276504
1689716152687286504
1689716152787856504
1689716152887277504
1689716152987229504
1689716153088349504
1689716153187286504
1689716153287294504
1689716153387277504
1689716153488156504
1689716153587465504
1689716153687280504
1689716153787299504
1689716153887991504
1689716153987276504
1689716154087285504
1689716154187271504
1689716154287295504
1689716154387282504
1689716154487286504
1689716154587307504
1689716154687265504
1689716154787315504
1689716154887270504
1689716154987325504
1689716155087291504
1689716155187277504
1689716155287338504
1689716155387265504
1689716155487435504
1689716155587402504
1689716155687393504
1689716155787294504
1689716155887283504
1689716155987284504
1689716156087397504
1689716156187292504
1689716156287713504
1689716156387274504
1689716156487290504
1689716156587289504
1689716156687538504
1689716156787278504
1689716156887295504
1689716156987464504
1689716157087369504
1689716157187273504
1689716157287271504
1689716157387271504
1689716157487310504
1689716157587286504
1689716157687279504
1689716157787288504
1689716157887275504
1689716157987641504
1689716158087272504
1689716158187947504
1689716158287342504
1689716158387299504
1689716158487358504
1689716158587312504
1689716158687318504
1689716158787276504
1689716158887279504
1689716158987276504
1689716159087276504
1689716159187282504
1689716159287294504
1689716159388530504
1689716159487276504
1689716159587280504
1689716159687279504
1689716159787276504
1689716159887280504
1689716159987275504
1689716160087284504
1689716160187285504
1689716160287280504
1689716160387287504
1689716160487282504
1689716160587365504
1689716160687288504
1689716160788619504
1689716160887371504
1689716160987280504
1689716161088048504
1689716161187273504
1689716161287287504
1689716161387268504
1689716161487282504
1689716161587260504
1689716161687279504
1689716161787289504
1689716161887292504
1689716161987319504
1689716162087323504
1689716162187287504
1689716162288228504
1689716162387835504
1689716162487344504
1689716162587321504
1689716162687593504
1689716162787280504
1689716162887295504
1689716162987269504
1689716163087510504
1689716163187289504
1689716163287331504
1689716163387276504
1689716163487275504
1689716163587299504
1689716163687287504
1689716163787250504
1689716163887282504
1689716163987299504
1689716164087302504
1689716164187268504
1689716164287276504
1689716164387277504
1689716164487272504
1689716164587278504
1689716164688007504
1689716164787278504
1689716164887784504
1689716164987296504
1689716165087269504
1689716165187351504
1689716165287281504
1689716165387284504
1689716165487380504
1689716165587928504
1689716165687272504
1689716165787299504
1689716165887498504
1689716165987283504
1689716166087386504
1689716166187321504
1689716166287287504
1689716166387296504
1689716166487276504
1689716166587311504
1689716166687284504
1689716166787270504
1689716166887270504
1689716166987459504
1689716167087290504
1689716167187328504
1689716167287271504
1689716167387265504
1689716167487305504
1689716167587298504
1689716167687276504
1689716167787301504
1689716167887474504
1689716167987483504
1689716168087322504
1689716168187424504
1689716168321552504
1689716168387478504
1689716168487502504
1689716168587361504
1689716168687280504
1689716168787293504
1689716168887699504
1689716168987278504
1689716169087265504
1689716169187273504
1689716169287272504
1689716169387287504
1689716169487284504
1689716169588145504
1689716169688330504
1689716169787280504
1689716169887598504
1689716169988986504
1689716170087296504
1689716170187338504
1689716170287287504
1689716170387291504
1689716170487264504
1689716170587312504
1689716170687280504
1689716170787288504
1689716170887277504
1689716170987310504
1689716171087274504
1689716171187293504
1689716171287283504
1689716171387362504
1689716171487278504
1689716171587298504
1689716171687268504
1689716171787319504
1689716171887300504
1689716171987271504
1689716172087303504
1689716172187332504
1689716172287301504
1689716172387280504
1689716172487294504
1689716172587275504
1689716172687373504
1689716172787301504
1689716172887311504
1689716172987252504
1689716173087275504
1689716173187300504
1689716173287271504
1689716173387352504
1689716173487300504
1689716173587286504
1689716173687312504
1689716173787284504
1689716173887324504
1689716173987293504
1689716174089420504
1689716174187336504
1689716174287293504
1689716174387264504
1689716174487300504
1689716174587251504
1689716174687275504
1689716174787413504
1689716174887297504
1689716174987279504
1689716175087292504
1689716175187305504
1689716175287287504
1689716175387291504
1689716175487666504
1689716175587289504
1689716175687293504
1689716175787300504
1689716175887476504
1689716175987411504
1689716176087408504
1689716176187394504
1689716176287403504
1689716176387411504
1689716176487415504
1689716176587450504
1689716176687425504
1689716176787395504
1689716176887413504
1689716176987424504
1689716177087404504
1689716177187413504
1689716177287462504
1689716177388030504
1689716177487424504
1689716177588311504
1689716177687397504
1689716177787411504
1689716177887491504
1689716177987407504
1689716178087527504
1689716178187414504
1689716178287399504
1689716178387408504
1689716178487400504
1689716178587447504
1689716178687565504
1689716178787522504
1689716178887468504
1689716178987411504
1689716179087447504
1689716179189030504
1689716179287404504
1689716179387433504
1689716179487444504
1689716179587813504
1689716179687425504
1689716179787411504
1689716179887455504
1689716179987403504
1689716180087444504
1689716180187398504
1689716180287416504
1689716180387409504
1689716180487406504
1689716180587400504
1689716180687412504
1689716180788435504
1689716180887599504
1689716180987395504
1689716181087435504
1689716181187399504
1689716181287394504
1689716181387420504
1689716181487600504
1689716181587399504
1689716181687437504
1689716181787489504
1689716181887410504
1689716181987389504
1689716182087414504
1689716182187412504
1689716182287433504
1689716182387477504
1689716182487384504
1689716182587407504
1689716182687399504
1689716182787419504
1689716182887415504
1689716182987422504
1689716183087420504
1689716183187470504
1689716183287409504
1689716183387413504
1689716183487401504
1689716183587574504
1689716183687857504
1689716183787928504
1689716183887524504
1689716183987456504
1689716184087392504
1689716184188058504
1689716184287465504
1689716184387643504
1689716184489061504
1689716184587430504
1689716184687396504
1689716184787402504
1689716184887413504
1689716184987411504
1689716185087406504
1689716185187411504
1689716185287426504
1689716185387433504
1689716185487401504
1689716185587678504
1689716185687474504
1689716185788031504
1689716185888513504
1689716185987408504
1689716186087400504
1689716186187501504
1689716186287418504
1689716186387409504
1689716186487402504
1689716186587430504
1689716186688011504
1689716186787440504
1689716186887397504
1689716186987423504
1689716187088547504
1689716187187429504
1689716187287399504
1689716187388025504
1689716187487776504
1689716187587407504
1689716187687399504
1689716187787410504
1689716187887414504
1689716187987407504
1689716188087406504
1689716188187449504
1689716188287417504
1689716188387671504
1689716188487460504
1689716188587409504
1689716188687406504
1689716188787736504
1689716188920783504
1689716188987272504
1689716189087416504
1689716189187406504
1689716189288432504
1689716189387503504
1689716189487409504
1689716189587415504
1689716189687397504
1689716189787403504
1689716189887386504
1689716189987406504
1689716190087440504
1689716190187423504
1689716190287398504
1689716190387403504
1689716190487434504
1689716190587379504
1689716190687418504
1689716190787463504
1689716190887402504
1689716190987436504
1689716191087409504
1689716191187402504
1689716191287481504
1689716191387401504
1689716191487412504
1689716191587405504
1689716191687417504
1689716191787413504
1689716191887414504
1689716191987494504
1689716192087395504
1689716192188049504
1689716192287644504
1689716192387427504
1689716192489476504
1689716192587413504
1689716192687397504
1689716192787526504
1689716192887414504
1689716192987486504
1689716193087519504
1689716193187402504
1689716193288309504
1689716193387401504
1689716193487396504
1689716193587400504
1689716193687407504
1689716193787405504
1689716193887413504
1689716193987420504
1689716194087405504
1689716194187569504
1689716194287602504
1689716194387396504
1689716194487573504
1689716194587415504
1689716194687413504
1689716194787398504
1689716194887410504
1689716194987413504
1689716195087408504
1689716195187408504
1689716195287389504
1689716195387422504
1689716195487401504
1689716195587406504
1689716195687411504
1689716195787422504
1689716195887418504
1689716195987426504
1689716196087404504
1689716196187411504
1689716196287389504
1689716196387435504
1689716196487409504
1689716196587464504
1689716196687397504
1689716196787411504
1689716196887392504
1689716196987403504
1689716197087418504
1689716197187479504
1689716197287451504
1689716197387409504
1689716197487407504
1689716197587429504
1689716197687402504
1689716197787775504
1689716197887387504
1689716197987421504
1689716198087420504
1689716198187516504
1689716198287405504
1689716198387394504
1689716198487397504
1689716198587450504
1689716198687394504
1689716198787406504
1689716198887449504
1689716198987413504
1689716199087448504
1689716199187406504
1689716199287410504
1689716199387405504
1689716199487451504
1689716199587508504
1689716199687403504
1689716199787405504
1689716199887381504
1689716199987496504
1689716200087398504
1689716200187407504
1689716200287449504
1689716200387445504
1689716200487415504
1689716200587434504
1689716200687394504
1689716200787388504
1689716200887496504
1689716200987464504
1689716201087390504
1689716201187409504
1689716201287406504
1689716201387464504
1689716201487739504
1689716201587402504
1689716201687464504
1689716201787402504
1689716201887400504
1689716201987447504
1689716202087704504
1689716202187420504
1689716202287409504
1689716202387428504
1689716202487418504
1689716202587403504
1689716202687859504
1689716202787448504
1689716202887399504
1689716202987436504
1689716203087613504
1689716203187463504
1689716203287409504
1689716203387392504
1689716203487412504
1689716203587402504
1689716203687422504
1689716203787402504
1689716203887487504
1689716203987432504
1689716204087478504
1689716204187571504
1689716204287868504
1689716204387442504
1689716204487456504
1689716204587514504
1689716204687386504
1689716204787560504
1689716204887636504
1689716204987412504
1689716205087397504
1689716205187417504
1689716205287446504
1689716205387423504
1689716205487408504
1689716205587414504
1689716205687441504
1689716205787427504
1689716205887513504
1689716205987419504
1689716206087531504
1689716206187440504
1689716206287405504
1689716206387392504
1689716206487357504
1689716206587422504
1689716206687376504
1689716206787396504
1689716206887419504
1689716206987405504
1689716207087406504
1689716207187417504
1689716207287490504
1689716207387399504
1689716207487425504
1689716207587579504
1689716207687471504
1689716207787431504
1689716207887405504
1689716207987399504
1689716208087403504
1689716208187415504
1689716208287498504
1689716208387399504
1689716208487392504
1689716208588192504
1689716208687399504
1689716208787408504
1689716208887399504
1689716208987400504
1689716209087468504
1689716209187392504
1689716209287402504
1689716209387392504
1689716209487420504
1689716209587506504
1689716209687413504
1689716209787401504
1689716209887417504
1689716209987420504
1689716210087406504
1689716210187533504
1689716210291175504
1689716210387429504
1689716210487413504
1689716210587431504
1689716210687402504
1689716210787471504
1689716210887494504
1689716210987494504
1689716211087419504
1689716211187642504
1689716211287418504
1689716211387397504
1689716211487483504
1689716211587430504
1689716211688233504
1689716211787632504
1689716211887402504
1689716211987437504
1689716212087399504
1689716212187412504
1689716212287412504
1689716212387404504
1689716212487421504
1689716212587411504
1689716212687413504
1689716212787410504
1689716212887468504
1689716212987433504
1689716213087424504
1689716213187405504
1689716213287389504
1689716213387412504
1689716213487416504
1689716213587399504
1689716213687428504
1689716213787408504
1689716213887438504
1689716213987426504
1689716214087407504
1689716214187967504
1689716214287423504
1689716214387412504
1689716214487417504
1689716214587583504
1689716214687445504
1689716214787554504
1689716214887386504
1689716214988229504
1689716215087414504
1689716215187412504
1689716215287539504
1689716215387407504
1689716215487449504
1689716215587398504
1689716215687402504
1689716215787405504
1689716215887405504
1689716215987482504
1689716216087414504
1689716216189381504
1689716216287417504
1689716216387394504
1689716216487438504
1689716216587468504
1689716216687397504
1689716216788317504
1689716216887444504
1689716216987400504
1689716217087985504
1689716217187419504
1689716217287400504
1689716217387455504
1689716217487399504
1689716217587531504
1689716217687401504
1689716217787434504
1689716217887409504
1689716217987430504
1689716218088135504
1689716218187430504
1689716218287414504
1689716218387410504
1689716218487414504
1689716218588261504
1689716218687378504
1689716218787488504
1689716218887474504
1689716218987404504
1689716219087782504
1689716219187499504
1689716219287417504
1689716219387395504
1689716219487416504
1689716219587509504
1689716219687397504
1689716219787407504
1689716219887399504
1689716219987417504
1689716220087416504
1689716220187410504
1689716220287465504
1689716220387896504
1689716220487429504
1689716220587382504
1689716220687414504
1689716220787404504
1689716220887403504
1689716220987432504
1689716221087400504
1689716221187791504
1689716221287455504
1689716221387406504
1689716221487423504
1689716221587965504
1689716221687677504
1689716221787738504
1689716221887763504
1689716221987419504
1689716222087398504
1689716222187430504
1689716222287407504
1689716222387411504
1689716222487409504
1689716222587392504
1689716222687398504
1689716222787476504
1689716222887408504
1689716222987617504
1689716223088643504
1689716223187410504
1689716223287415504
1689716223387566504
1689716223487394504
1689716223587409504
1689716223687665504
1689716223787277504
1689716223887418504
1689716223987424504
1689716224088058504
1689716224187450504
1689716224287423504
1689716224387604504
1689716224487408504
1689716224587395504
1689716224687465504
1689716224787443504
1689716224887472504
1689716224987379504
1689716225087798504
1689716225187403504
1689716225287442504
1689716225387407504
1689716225487389504
1689716225587399504
1689716225687404504
1689716225787397504
1689716225887470504
1689716225987404504
1689716226087535504
1689716226187415504
1689716226287403504
1689716226387411504
1689716226487410504
1689716226587748504
1689716226687407504
1689716226787405504
1689716226887421504
1689716226987392504
1689716227087533504
1689716227187580504
1689716227287421504
1689716227387405504
1689716227487472504
1689716227587669504
1689716227687427504
1689716227787395504
1689716227887400504
1689716227987596504
1689716228087557504
1689716228187401504
1689716228287402504
1689716228387420504
1689716228487405504
1689716228587532504
1689716228687397504
1689716228787470504
1689716228887414504
1689716228987409504
1689716229087405504
1689716229187546504
1689716229287420504
1689716229387825504
1689716229487546504
1689716229587414504
1689716229687402504
1689716229787479504
1689716229887796504
1689716229987401504
1689716230087681504
1689716230187448504
1689716230287441504
1689716230387409504
1689716230487447504
1689716230587407504
1689716230687415504
1689716230787440504
1689716230887405504
1689716230987692504
1689716231087432504
1689716231187404504
1689716231287407504
1689716231387412504
1689716231487417504
1689716231587415504
1689716231687422504
1689716231787404504
1689716231887400504
1689716231987415504
1689716232087389504
1689716232187402504
1689716232287413504
1689716232387402504
1689716232487415504
1689716232587403504
1689716232687416504
1689716232787399504
1689716232887394504
1689716232987404504
1689716233087395504
1689716233187392504
1689716233287439504
1689716233387408504
1689716233487408504
1689716233587417504
1689716233687404504
1689716233787399504
1689716233887424504
1689716233987610504
1689716234087417504
1689716234187588504
1689716234287416504
1689716234387406504
1689716234487410504
1689716234587391504
1689716234687404504
1689716234787416504
1689716234887407504
1689716234987400504
1689716235087270504
1689716235187282504
1689716235287279504
1689716235387285504
1689716235487332504
1689716235587342504
1689716235687289504
1689716235787339504
1689716235887370504
1689716235988038504
1689716236087349504
1689716236187314504
1689716236287275504
1689716236387287504
1689716236487626504
1689716236587439504
1689716236687278504
1689716236787361504
1689716236887270504
1689716236987664504
1689716237087295504
1689716237187274504
1689716237287306504
1689716237387277504
1689716237487289504
1689716237587304504
1689716237687642504
1689716237787281504
1689716237887291504
1689716237987277504
1689716238087341504
1689716238187258504
1689716238287331504
1689716238387278504
1689716238487295504
1689716238587277504
1689716238687341504
1689716238787295504
1689716238887311504
1689716238987153504
1689716239087249504
1689716239187272504
1689716239287198504
1689716239387423504
1689716239487146504
1689716239587336504
1689716239687165504
1689716239787157504
1689716239887170504
1689716239987218504
1689716240087157504
1689716240187153504
1689716240287153504
1689716240387156504
1689716240487167504
1689716240587142504
1689716240687152504
1689716240787154504
1689716240887157504
1689716240987350504
1689716241087264504
1689716241186989504
1689716241287152504
1689716241387174504
1689716241487157504
1689716241587145504
1689716241687160504
1689716241787219504
1689716241887149504
1689716241987625504
1689716242087153504
1689716242187179504
1689716242287154504
1689716242387149504
1689716242487160504
1689716242587167504
1689716242687182504
1689716242787158504
1689716242887176504
1689716242987195504
1689716243087278504
1689716243187190504
1689716243287146504
1689716243387207504
1689716243487294504
1689716243587207504
1689716243687153504
1689716243787685504
1689716243887159504
1689716243987155504
1689716244087162504
1689716244187165504
1689716244287163504
1689716244387174504
1689716244487165504
1689716244587242504
1689716244687184504
1689716244787166504
1689716244887197504
1689716244987848504
1689716245087157504
1689716245187361504
1689716245287197504
1689716245387139504
1689716245487423504
1689716245587179504
1689716245687179504
1689716245787197504
1689716245887161504
1689716245987182504
1689716246087166504
1689716246187152504
1689716246287347504
1689716246387462504
1689716246487159504
1689716246587206504
1689716246687236504
1689716246787155504
1689716246887156504
1689716246987158504
1689716247087157504
1689716247187150504
1689716247287151504
1689716247387145504
1689716247487150504
1689716247587177504
1689716247687199504
1689716247787162504
1689716247887244504
1689716247987155504
1689716248087166504
1689716248187157504
1689716248287175504
1689716248387235504
1689716248487164504
1689716248587156504
1689716248687177504
1689716248787152504
1689716248887168504
1689716248987276504
1689716249087153504
1689716249187157504
1689716249287174504
1689716249387167504
1689716249487162504
1689716249587404504
1689716249687169504
1689716249787152504
1689716249887150504
1689716249987279504
1689716250087137504
1689716250187161504
1689716250287450504
1689716250387160504
1689716250487148504
1689716250587194504
1689716250687156504
1689716250787160504
1689716250887194504
1689716250987308504
1689716251087152504
1689716251187171504
1689716251287848504
1689716251387181504
1689716251487305504
1689716251587333504
1689716251687234504
1689716251787134504
1689716251887200504
1689716251987155504
1689716252087152504
1689716252187245504
1689716252287159504
1689716252387151504
1689716252487599504
1689716252587150504
1689716252687150504
1689716252787328504
1689716252887180504
1689716252987144504
1689716253087164504
1689716253187291504
1689716253287160504
1689716253387243504
1689716253487148504
1689716253587238504
1689716253687388504
1689716253787217504
1689716253887176504
1689716253987161504
1689716254087148504
1689716254187320504
1689716254287177504
1689716254387159504
1689716254487176504
1689716254587276504
1689716254687158504
1689716254787164504
1689716254887167504
1689716254987223504
1689716255087150504
1689716255187142504
1689716255287182504
1689716255387150504
1689716255487174504
1689716255587135504
1689716255687155504
1689716255787169504
1689716255887153504
1689716255987154504
1689716256087156504
1689716256187157504
1689716256287186504
1689716256387164504
1689716256487764504
1689716256587144504
1689716256687387504
1689716256787374504
1689716256887146504
1689716256987204504
1689716257087160504
1689716257187240504
1689716257287165504
1689716257387212504
1689716257487150504
1689716257587835504
1689716257687167504
1689716257787147504
1689716257887165504
1689716257987159504
1689716258087142504
1689716258188405504
1689716258287168504
1689716258387168504
1689716258487265504
1689716258587561504
1689716258687165504
1689716258787174504
1689716258887456504
1689716258987147504
1689716259087162504
1689716259187164504
1689716259287153504
1689716259387536504
1689716259487154504
1689716259587152504
1689716259687245504
1689716259787166504
1689716259889056504
1689716259987647504
1689716260088935504
1689716260187214504
1689716260287160504
1689716260387144504
1689716260487135504
1689716260587223504
1689716260687163504
1689716260787159504
1689716260887182504
1689716260987180504
1689716261087615504
1689716261187153504
1689716261287167504
1689716261387157504
1689716261487177504
1689716261587141504
1689716261687805504
1689716261787148504
1689716261887169504
1689716261987279504
1689716262087215504
1689716262187144504
1689716262287231504
1689716262387159504
1689716262487224504
1689716262587162504
1689716262687451504
1689716262787440504
1689716262887181504
1689716262987145504
1689716263087298504
1689716263187150504
1689716263287246504
1689716263387485504
1689716263487174504
1689716263587143504
1689716263687763504
1689716263787471504
1689716263887164504
1689716263987146504
1689716264087144504
1689716264187188504
1689716264287162504
1689716264387170504
1689716264487470504
1689716264587299504
1689716264687161504
1689716264787153504
1689716264887232504
1689716264987161504
1689716265087167504
1689716265187176504
1689716265287163504
1689716265387383504
1689716265487209504
1689716265587156504
1689716265687409504
1689716265787155504
1689716265887150504
1689716265987153504
1689716266087277504
1689716266187148504
1689716266287154504
1689716266387154504
1689716266487302504
1689716266587142504
1689716266687138504
1689716266787341504
1689716266887143504
1689716266987154504
1689716267087167504
1689716267187173504
1689716267287168504
1689716267387162504
1689716267487157504
1689716267587155504
1689716267687162504
1689716267787455504
1689716267887247504
1689716267987148504
1689716268087251504
1689716268187166504
1689716268287253504
1689716268387175504
1689716268487167504
1689716268587161504
1689716268687150504
1689716268787204504
1689716268887151504
1689716268987250504
1689716269087159504
1689716269187154504
1689716269287253504
1689716269387285504
1689716269487152504
1689716269587736504
1689716269687164504
1689716269787159504
1689716269887163504
1689716269987182504
1689716270087181504
1689716270187163504
1689716270287153504
1689716270387268504
1689716270487284504
1689716270587400504
1689716270687365504
1689716270787368504
1689716270887286504
1689716270987453504
1689716271087565504
1689716271187276504
1689716271287292504
1689716271387434504
1689716271487307504
1689716271587271504
1689716271687654504
1689716271787283504
1689716271887278504
1689716271988090504
1689716272087269504
1689716272187368504
1689716272287265504
1689716272387388504
1689716272487284504
1689716272587376504
1689716272687262504
1689716272787279504
1689716272887375504
1689716272987271504
1689716273087293504
1689716273187344504
1689716273287269504
1689716273387508504
1689716273487274504
1689716273587293504
1689716273687352504
1689716273787276504
1689716273887299504
1689716273987292504
1689716274087277504
1689716274187290504
1689716274287300504
1689716274387290504
1689716274487518504
1689716274587280504
1689716274687298504
1689716274787290504
1689716274887297504
1689716274987271504
1689716275087275504
1689716275187298504
1689716275287332504
1689716275387289504
1689716275487299504
1689716275587270504
1689716275687264504
1689716275787281504
1689716275887278504
1689716275987275504
1689716276087279504
1689716276187301504
1689716276287363504
1689716276387273504
1689716276487293504
1689716276587304504
1689716276687272504
1689716276787273504
1689716276887300504
1689716276987269504
1689716277087285504
1689716277187279504
1689716277287663504
1689716277387331504
1689716277487278504
1689716277587234504
1689716277687319504
1689716277787274504
1689716277887269504
1689716277987425504
1689716278087273504
1689716278187282504
1689716278287283504
1689716278387270504
1689716278487321504
1689716278587288504
1689716278687281504
1689716278787318504
1689716278887702504
1689716278987286504
1689716279087404504
1689716279187899504
1689716279287780504
1689716279387412504
1689716279487670504
1689716279587290504
1689716279687274504
1689716279787277504
1689716279887265504
1689716279987280504
1689716280087263504
1689716280187262504
1689716280287274504
1689716280387290504
1689716280487286504
1689716280587289504
1689716280687287504
1689716280787443504
1689716280887270504
1689716280987276504
1689716281087295504
1689716281187273504
1689716281287272504
1689716281387282504
1689716281487341504
1689716281587283504
1689716281687339504
1689716281787271504
1689716281887348504
1689716281987269504
1689716282087280504
1689716282187470504
1689716282287355504
1689716282387286504
1689716282487297504
1689716282587257504
1689716282687744504
1689716282787274504
1689716282888618504
1689716282987357504
1689716283087274504
1689716283187340504
1689716283287367504
1689716283387282504
1689716283487300504
1689716283587432504
1689716283687277504
1689716283787284504
1689716283887286504
1689716283987296504
1689716284087354504
1689716284187290504
1689716284287306504
1689716284387284504
1689716284487279504
1689716284587278504
1689716284687262504
1689716284787291504
1689716284887338504
1689716284987317504
1689716285087298504
1689716285187289504
1689716285287306504
1689716285387352504
1689716285487287504
1689716285587274504
1689716285687277504
1689716285787378504
1689716285887278504
1689716285987299504
1689716286087285504
1689716286187277504
1689716286287274504
1689716286387292504
1689716286487296504
1689716286587286504
1689716286687343504
1689716286787315504
1689716286887283504
1689716286987739504
1689716287087323504
1689716287187352504
1689716287287275504
1689716287387293504
1689716287487267504
1689716287587309504
1689716287687290504
1689716287787341504
1689716287887296504
1689716287987278504
1689716288087335504
1689716288187576504
1689716288287282504
1689716288387270504
1689716288487281504
1689716288587277504
1689716288687287504
1689716288787284504
1689716288887281504
1689716288987291504
1689716289087292504
1689716289189154504
1689716289287279504
1689716289387284504
1689716289487280504
1689716289587407504
1689716289687263504
1689716289787443504
1689716289887266504
1689716289987290504
1689716290087649504
1689716290187285504
1689716290287297504
1689716290387352504
1689716290487274504
1689716290587377504
1689716290687287504
1689716290787279504
1689716290887279504
1689716290987273504
1689716291087270504
1689716291187300504
1689716291287272504
1689716291387423504
1689716291487268504
1689716291587279504
1689716291687311504
1689716291787280504
1689716291887274504
1689716291987287504
1689716292087421504
1689716292187281504
1689716292287311504
1689716292387268504
1689716292487271504
1689716292587308504
1689716292687299504
1689716292787278504
1689716292887307504
1689716292987290504
1689716293087297504
1689716293187310504
1689716293287297504
1689716293387265504
1689716293487295504
1689716293587431504
1689716293687278504
1689716293787270504
1689716293887307504
1689716293987452504
1689716294087284504
1689716294187301504
1689716294287304504
1689716294387348504
1689716294487296504
1689716294587279504
1689716294687287504
1689716294787275504
1689716294887281504
1689716294987308504
1689716295087403504
1689716295187334504
1689716295287297504
1689716295387316504
1689716295487299504
1689716295587856504
1689716295687304504
1689716295787853504
1689716295887266504
1689716295987328504
1689716296087310504
1689716296187278504
1689716296287773504
1689716296389145504
1689716296487287504
1689716296587557504
1689716296687274504
1689716296787285504
1689716296887347504
1689716296987288504
1689716297087283504
1689716297187269504
1689716297287281504
1689716297387279504
1689716297487297504
1689716297587414504
1689716297687273504
1689716297787297504
1689716297887293504
1689716297987280504
1689716298087394504
1689716298187300504
1689716298287283504
1689716298387298504
1689716298487275504
1689716298587310504
1689716298687274504
1689716298787291504
1689716298887297504
1689716298987332504
1689716299087283504
1689716299187269504
1689716299287286504
1689716299387286504
1689716299487264504
1689716299587318504
1689716299687262504
1689716299787267504
1689716299887276504
1689716299987370504
1689716300087274504
1689716300188128504
1689716300287284504
1689716300387320504
1689716300487286504
1689716300587283504
1689716300687374504
1689716300787457504
1689716300887273504
1689716300987276504
1689716301087291504
1689716301187280504
1689716301287292504
1689716301387270504
1689716301487290504
1689716301589208504
1689716301687452504
1689716301787290504
1689716301887273504
1689716301987324504
1689716302087437504
1689716302187292504
1689716302287390504
1689716302387485504
1689716302487342504
1689716302587281504
1689716302687274504
1689716302787275504
1689716302887278504
1689716302987276504
1689716303087286504
1689716303187281504
1689716303287307504
1689716303387367504
