t_s,vram_mib,gpu_util_pct,cpu_pct,ram_mib
0.0,571,0,52.9,3821
1.0,572,14,4.4,4136
2.0,576,4,8.9,4215
3.1,576,4,6.8,4219
4.1,576,4,6.9,4205
5.1,576,7,6.9,4246
6.1,576,18,8.2,4293
7.1,576,28,7.8,4280
8.2,576,17,7.4,4271
9.2,576,17,6.9,4279
10.2,576,16,6.9,4265
11.3,576,17,7.0,4277
12.3,576,20,6.7,4284
13.3,576,26,6.9,4286
14.3,576,24,7.1,4308
15.4,576,28,7.0,4326
16.4,576,10,6.6,4319
17.4,576,11,7.0,4343
18.4,576,10,6.6,4374
19.5,576,10,6.9,4391
20.5,576,10,6.9,4386
21.5,576,11,6.4,4373
22.5,576,11,6.7,4358
23.5,576,12,6.5,4369
24.6,576,11,6.5,4363
25.6,576,11,6.6,4366
26.6,576,12,6.9,4370
27.6,576,11,6.8,4372
28.7,576,10,6.9,4399
29.7,576,7,6.6,4397
30.7,576,11,7.4,4418
31.7,576,11,6.6,4423
32.8,576,11,6.8,4457
33.8,576,10,6.7,4454
34.8,576,11,6.7,4459
35.8,576,11,6.7,4443
36.8,576,14,7.1,4470
37.9,576,11,6.8,4457
38.9,576,11,6.9,4468
39.9,576,11,6.8,4463
40.9,576,11,6.9,4491
42.0,576,11,6.5,4509
43.0,576,12,7.0,4536
44.0,576,10,7.3,4580
45.0,576,11,7.4,4582
46.1,576,11,6.9,4578
47.1,576,10,6.9,4568
48.1,576,2,7.0,4535
49.1,576,11,7.1,4554
50.1,576,11,6.9,4581
51.2,576,11,7.0,4584
52.2,576,8,6.8,4575
53.2,576,10,7.1,4582
54.2,576,11,7.9,4504
55.3,576,10,7.6,4568
56.3,576,11,7.6,4556
57.3,576,11,7.7,4558
58.3,576,11,7.6,4590
59.3,576,11,7.6,4611
60.4,576,10,7.4,4596
61.4,576,11,7.3,4600
62.4,576,10,7.8,4583
63.4,576,11,7.5,4574
64.5,576,12,7.4,4563
65.5,576,11,7.8,4576
66.5,576,20,7.5,4576
67.5,576,10,7.6,4608
68.6,576,11,7.5,4585
69.6,576,14,7.6,4560
70.6,576,11,7.7,4584
71.6,576,10,7.5,4605
72.7,576,11,7.8,4585
73.7,576,19,7.9,4581
74.7,576,10,7.8,4573
75.7,576,12,7.6,4556
76.8,576,17,7.3,4586
77.8,576,11,7.4,4589
78.8,576,18,7.8,4580
79.8,576,11,7.7,4585
80.8,576,11,7.9,4606
81.9,576,11,7.8,4624
82.9,576,11,7.7,4644
83.9,576,12,7.7,4641
84.9,576,11,8.0,4635
86.0,576,11,7.9,4632
87.0,576,21,8.1,4612
88.0,576,11,7.9,4606
89.0,576,21,7.9,4607
90.1,576,11,7.8,4623
91.1,576,10,8.0,4643
92.1,576,18,7.9,4622
93.1,576,11,8.0,4634
94.2,576,22,7.9,4639
95.2,576,19,8.0,4632
96.2,576,10,8.3,4620
97.2,576,11,7.8,4641
98.2,576,19,7.8,4630
99.3,576,17,7.8,4623
100.3,576,22,8.0,4632
101.3,576,13,8.1,4616
102.3,576,13,7.8,4625
103.4,576,12,7.9,4605
104.4,576,11,8.0,4639
105.4,576,21,8.0,4661
106.4,576,21,7.8,4664
107.5,576,13,8.1,4648
108.5,576,11,7.8,4661
109.5,576,22,8.2,4633
110.5,576,11,7.8,4658
111.6,576,21,8.0,4666
112.6,576,18,8.1,4661
113.6,576,23,8.0,4660
114.6,576,11,7.9,4663
115.6,576,21,7.9,4661
116.7,576,10,7.8,4648
117.7,576,11,8.1,4639
118.7,576,21,8.0,4642
119.7,576,10,8.1,4669
120.8,576,11,8.5,4635
121.8,576,13,8.2,4636
122.8,576,12,8.0,4619
123.8,576,10,8.1,4619
124.8,576,18,8.1,4632
125.9,576,15,7.9,4632
126.9,576,11,8.0,4629
127.9,576,22,8.0,4629
128.9,576,11,8.0,4634
130.0,576,20,8.1,4628
131.0,576,16,7.7,4624
132.0,576,11,8.1,4634
133.0,576,12,8.0,4651
134.1,576,21,7.8,4643
135.1,576,21,8.1,4651
136.1,576,22,7.7,4658
137.1,576,11,8.1,4660
138.2,576,11,7.9,4666
139.2,576,10,8.0,4658
140.2,576,11,8.0,4653
141.2,576,11,7.4,4662
142.2,576,10,7.4,4671
143.3,576,11,7.2,4649
144.3,576,10,7.6,4655
145.3,576,11,8.2,4668
146.3,576,11,7.5,4678
147.4,576,10,7.5,4661
148.4,576,12,7.3,4685
149.4,576,11,7.1,4681
150.4,576,11,6.9,4684
151.5,576,4,7.0,4716
152.5,576,10,6.9,4686
153.5,576,10,6.5,4698
154.5,576,7,6.8,4725
155.5,576,4,6.7,4737
156.6,576,4,7.0,4754
157.6,576,9,6.9,4757
158.6,576,10,6.7,4760
159.6,576,12,6.8,4753
160.7,576,11,6.7,4767
161.7,576,10,6.6,4758
162.7,576,11,6.9,4771
163.7,576,10,7.0,4768
164.8,576,11,6.8,4785
165.8,576,11,6.9,4779
166.8,576,7,7.3,4767
167.8,576,10,6.9,4789
168.9,576,9,6.7,4804
169.9,576,11,7.1,4808
170.9,576,11,6.9,4810
171.9,576,11,7.0,4816
173.0,576,0,6.6,4808
174.0,576,11,6.8,4818
175.0,576,11,6.6,4852
176.0,576,11,7.2,4861
177.0,576,11,6.8,4796
178.1,576,11,6.6,4814
179.1,576,11,6.4,4825
180.1,576,11,6.5,4850
181.1,576,10,6.9,4849
182.1,576,11,6.4,4860
183.2,576,10,7.1,4884
184.2,576,11,6.8,4909
185.2,576,11,7.0,4940
186.2,576,7,6.8,4901
187.3,576,11,6.7,4877
188.3,576,10,6.8,4873
189.3,576,11,6.6,4856
190.3,576,11,7.3,4863
191.4,576,11,6.4,4883
192.4,576,0,6.6,4888
193.4,576,10,6.5,4911
194.4,576,12,6.2,4932
195.5,576,10,6.6,4932
196.5,576,10,6.6,4932
197.5,576,11,6.8,4915
198.5,576,11,6.5,4915
199.5,576,11,6.4,4933
200.6,576,1,6.7,4931
201.6,576,13,6.7,4936
202.6,576,12,6.7,4969
203.6,576,0,6.6,4957
204.7,576,4,6.4,4959
205.7,576,11,6.3,4978
206.7,576,10,6.3,4986
207.7,576,10,6.6,4991
208.8,576,11,6.2,4982
209.8,576,11,6.6,5014
210.8,576,11,6.7,5016
211.8,576,11,6.4,5001
212.8,576,11,6.7,5017
213.9,576,0,6.5,5043
214.9,576,11,6.2,5041
215.9,576,11,7.0,5039
216.9,576,11,6.7,5048
218.0,576,10,6.5,5059
219.0,576,10,6.8,5078
220.0,576,10,6.4,5099
221.0,576,3,6.6,5111
222.0,576,0,6.7,5111
223.1,576,11,6.6,5110
224.1,576,9,6.8,5066
225.1,576,0,6.2,5079
226.1,576,11,6.8,5121
227.2,576,11,6.6,5115
228.2,576,10,6.6,5106
229.2,576,11,6.6,5116
230.2,576,11,6.5,5117
231.3,576,7,6.6,5151
232.3,576,10,6.7,5124
233.3,576,7,6.8,5173
234.3,576,11,6.8,5144
235.4,576,10,7.1,5169
236.4,576,10,7.1,5201
237.4,576,11,7.3,5173
238.4,576,11,7.5,5221
239.4,576,11,7.7,5245
240.5,576,9,7.2,5290
241.5,576,11,7.3,5300
242.5,576,11,7.5,5294
243.5,576,10,7.6,5309
244.6,576,11,7.1,5291
245.6,576,10,6.9,5349
246.6,576,7,7.2,5301
247.6,576,10,7.2,5325
248.7,576,10,7.2,5294
249.7,576,11,7.4,5310
250.7,576,11,7.7,5360
251.7,576,18,7.2,5340
252.8,577,10,7.5,5307
253.8,576,14,7.7,5282
254.8,576,11,7.6,5300
255.8,576,12,7.7,5315
256.9,576,11,7.3,5355
257.9,576,11,7.3,5328
258.9,576,11,7.4,5319
259.9,576,11,7.6,5327
260.9,576,11,8.0,5328
262.0,576,11,7.5,5316
263.0,576,10,7.2,5310
264.0,576,11,7.6,5299
265.0,576,11,7.4,5277
266.1,576,11,7.6,5304
267.1,576,11,7.5,5338
268.1,576,18,7.4,5312
269.1,576,10,7.6,5287
270.2,576,11,7.5,5281
271.2,576,10,7.8,5279
272.2,576,10,7.3,5284
273.2,576,14,7.1,5302
274.2,576,10,7.6,5293
275.3,576,11,7.5,5290
276.3,576,11,7.5,5301
277.3,576,11,7.6,5300
278.3,576,11,7.3,5270
279.4,576,11,7.7,5303
280.4,576,18,7.9,5273
281.4,576,11,7.7,5289
282.4,576,14,7.5,5296
283.5,576,16,7.4,5291
284.5,576,10,7.2,5307
285.5,576,1,7.0,5314
286.5,576,4,6.8,5309
287.5,576,11,6.8,5289
288.6,576,10,6.7,5289
289.6,576,8,7.0,5296
290.6,576,5,6.7,5296
291.6,576,12,6.9,5307
292.7,576,0,6.5,5304
293.7,576,11,6.8,5300
294.7,576,2,6.9,5318
295.7,576,12,6.6,5324
296.8,576,11,6.8,5339
297.8,576,7,6.9,5345
298.8,576,11,7.1,5356
299.8,576,10,7.2,5366
300.8,576,11,7.3,5378
301.9,576,12,7.2,5398
302.9,576,11,7.4,5398
303.9,576,2,6.9,5393
304.9,576,11,6.6,5420
306.0,576,7,6.8,5409
307.0,576,11,6.8,5407
308.0,576,11,7.0,5397
309.0,576,11,7.1,5418
310.0,576,11,6.8,5402
311.1,576,11,7.0,5424
312.1,576,10,6.4,5429
313.1,576,11,6.4,5475
314.1,576,11,6.5,5478
315.2,576,0,6.7,5486
316.2,573,11,6.4,5509
317.2,573,12,6.7,5500
318.2,573,11,6.7,5482
319.3,573,11,7.3,5533
320.3,573,11,7.2,5529
321.3,573,11,7.3,5478
322.3,573,11,7.7,5559
323.3,573,11,7.7,5532
324.4,573,10,7.5,5589
325.4,573,10,8.1,5632
326.4,573,11,7.8,5581
327.4,573,12,7.4,5549
328.5,573,11,7.5,5535
329.5,573,11,8.0,5537
330.5,573,9,7.3,5555
331.5,573,12,7.6,5594
332.6,573,10,7.3,5582
333.6,573,12,7.5,5574
334.6,573,11,7.6,5600
335.6,573,11,7.5,5669
336.6,573,10,7.9,5656
337.7,573,11,7.8,5680
338.7,573,11,7.3,5694
339.7,573,11,7.0,5642
340.7,573,11,6.9,5608
341.8,573,11,7.0,5626
342.8,573,11,7.0,5639
343.8,573,11,6.8,5651
344.8,573,11,6.6,5668
345.9,573,10,7.3,5690
346.9,573,11,6.7,5710
347.9,573,10,6.6,5662
348.9,573,2,6.6,5645
349.9,573,9,7.0,5649
351.0,573,11,6.7,5655
352.0,573,10,7.1,5654
353.0,573,11,6.9,5662
354.0,573,11,7.4,5687
355.1,573,11,7.6,5721
356.1,573,12,7.4,5739
357.1,573,12,7.4,5767
358.1,573,10,7.5,5750
359.2,573,10,7.6,5711
360.2,573,16,7.3,5681
361.2,573,11,7.5,5718
362.2,573,11,7.1,5709
363.2,573,11,7.0,5689
364.3,573,11,6.9,5699
365.3,573,11,6.9,5697
366.3,573,11,6.8,5700
367.3,573,10,6.6,5709
368.4,573,11,7.3,5716
369.4,573,2,6.8,5723
370.4,573,10,7.0,5723
371.4,573,11,6.5,5720
372.5,573,10,7.0,5722
373.5,573,11,6.9,5741
374.5,573,11,7.2,5761
375.5,573,11,7.2,5733
376.6,573,12,7.2,5742
377.6,573,12,7.6,5745
378.6,573,11,7.2,5731
379.6,573,11,7.3,5731
380.6,573,17,7.7,5752
381.7,573,10,7.3,5737
382.7,573,14,7.5,5772
383.7,573,11,7.4,5755
384.7,573,10,7.5,5749
385.8,573,10,7.3,5786
386.8,573,11,7.4,5777
387.8,573,14,7.6,5786
388.8,573,12,7.2,5792
389.9,573,11,7.6,5791
390.9,573,10,7.2,5772
391.9,573,11,7.0,5782
392.9,573,11,6.9,5791
393.9,573,11,6.9,5832
395.0,573,12,6.9,5830
396.0,573,2,7.2,5895
397.0,573,11,7.3,5900
398.0,573,12,7.8,5913
399.1,573,10,7.2,5923
400.1,573,11,7.4,5906
401.1,573,11,7.5,5878
402.1,573,11,7.7,5844
403.2,573,11,7.4,5864
404.2,573,10,7.2,5884
405.2,573,11,7.4,5853
406.2,573,11,7.4,5884
407.2,573,12,7.4,5899
408.3,573,11,7.5,5850
409.3,573,12,7.2,5842
410.3,573,10,7.5,5890
411.3,573,11,7.9,5871
412.4,573,11,7.5,5923
413.4,573,11,7.0,5875
414.4,573,8,6.8,5891
415.4,573,4,6.9,5898
416.4,573,11,7.0,5913
417.5,573,10,7.0,5895
418.5,573,10,6.7,5905
419.5,573,10,6.7,5911
420.5,573,2,6.7,5923
421.6,573,11,6.7,5940
422.6,573,1,6.7,5917
423.6,573,10,6.9,5910
424.6,573,8,6.8,5937
425.7,573,10,6.7,5936
426.7,573,10,6.8,5967
427.7,573,10,7.0,5991
428.7,573,11,6.5,5982
429.7,573,11,6.3,6024
430.8,573,10,6.7,6011
431.8,573,10,6.7,6002
432.8,573,5,6.8,6002
433.8,573,11,6.6,6003
434.9,573,11,7.3,6002
435.9,573,0,6.7,6026
436.9,573,12,6.8,6032
437.9,573,8,6.5,6035
439.0,573,11,6.7,6035
440.0,573,10,6.7,6016
441.0,573,11,6.7,6009
442.0,573,10,6.6,6027
443.0,573,11,6.6,6032
444.1,573,11,6.9,6026
445.1,573,10,6.6,6035
446.1,573,11,6.8,6048
447.1,573,10,6.8,6045
448.2,573,10,6.7,6036
449.2,573,11,6.8,6052
450.2,573,11,6.8,6069
451.2,573,10,6.5,6087
452.3,573,5,6.7,6100
453.3,573,11,7.2,6127
454.3,573,9,7.0,6153
455.3,573,11,7.3,6184
456.4,573,11,6.9,6164
457.4,573,10,7.4,6149
458.4,573,11,7.0,6199
459.4,573,11,7.5,6164
460.4,573,11,6.9,6178
461.5,573,11,6.9,6166
462.5,573,11,6.7,6180
463.5,573,11,6.8,6161
464.5,573,2,6.9,6188
465.6,573,10,6.8,6186
466.6,573,2,6.6,6186
467.6,573,11,6.7,6182
468.6,573,10,6.4,6192
469.7,573,11,6.8,6187
470.7,573,8,6.9,6201
471.7,573,11,7.3,6184
472.7,573,11,7.4,6213
473.8,573,15,7.2,6216
474.8,573,10,7.4,6198
475.8,573,11,7.2,6216
476.8,573,7,7.1,6252
477.8,573,12,7.1,6305
478.9,573,4,6.8,6266
479.9,573,11,6.8,6276
480.9,573,11,6.8,6257
481.9,573,11,6.7,6264
483.0,573,0,6.6,6286
484.0,573,7,6.8,6279
485.0,573,10,6.6,6309
486.0,573,3,6.6,6316
487.1,573,11,6.8,6309
488.1,573,0,6.4,6306
489.1,573,11,6.7,6315
490.1,573,11,6.4,6296
491.1,573,10,7.0,6304
492.2,573,11,6.6,6336
493.2,573,11,6.8,6334
494.2,573,11,6.8,6352
495.2,573,11,6.9,6308
496.3,573,11,6.9,6324
497.3,573,5,6.8,6351
498.3,573,11,7.1,6369
499.3,573,11,7.0,6372
500.4,573,11,6.8,6367
501.4,573,11,6.9,6379
502.4,573,11,6.4,6372
503.4,573,0,6.6,6354
504.4,573,0,6.6,6347
505.5,573,11,6.9,6345
506.5,573,11,6.6,6372
507.5,573,10,6.7,6397
508.5,573,10,7.0,6395
509.6,573,11,6.8,6425
510.6,573,0,6.5,6431
511.6,573,1,6.8,6421
512.6,573,11,6.6,6427
513.6,573,4,6.9,6427
514.7,573,11,6.6,6452
515.7,573,10,6.3,6450
516.7,573,7,6.7,6479
517.7,573,10,6.8,6467
518.8,573,7,6.8,6485
519.8,573,11,6.8,6494
520.8,573,11,7.0,6461
521.8,573,11,6.8,6479
522.9,573,11,6.7,6471
523.9,573,9,7.0,6469
524.9,573,11,6.8,6478
525.9,573,11,7.4,6480
526.9,573,12,7.2,6492
528.0,573,13,7.5,6508
529.0,573,11,7.9,6516
530.0,573,12,7.2,6516
531.0,573,11,7.2,6514
532.1,573,11,7.8,6517
533.1,573,17,7.7,6513
534.1,573,10,7.4,6473
535.1,573,14,7.5,6457
536.2,573,21,7.4,6486
537.2,573,21,7.7,6507
538.2,573,10,7.6,6503
539.2,573,11,7.7,6509
540.2,573,12,7.5,6483
541.3,573,12,7.8,6493
542.3,573,12,7.6,6497
543.3,573,22,7.7,6522
544.3,573,10,7.5,6531
545.4,573,11,7.7,6540
546.4,573,11,7.6,6517
547.4,573,12,7.6,6533
548.4,573,15,7.6,6527
549.4,573,21,7.9,6516
550.5,573,11,7.7,6523
551.5,573,11,8.0,6510
552.5,573,10,8.5,6504
553.5,573,11,7.8,6515
554.6,573,11,7.6,6503
555.6,573,15,8.0,6486
556.6,573,11,7.8,6502
557.6,573,22,7.7,6485
558.7,573,11,8.0,6484
559.7,573,22,7.9,6508
560.7,573,20,7.8,6520
561.7,573,11,7.9,6502
562.7,573,11,7.5,6505
563.8,573,11,7.7,6493
564.8,573,12,6.9,6489
565.8,573,11,7.7,6500
566.8,573,11,7.3,6498
567.9,573,19,7.8,6492
568.9,573,10,7.6,6486
569.9,573,17,7.8,6497
570.9,573,14,7.8,6496
572.0,573,11,7.8,6501
573.0,573,22,8.0,6511
574.0,573,17,8.4,6493
575.0,573,12,7.6,6482
576.0,573,11,7.8,6477
577.1,573,11,7.8,6483
578.1,573,11,7.9,6496
579.1,573,11,7.7,6494
580.1,573,10,7.4,6508
581.2,573,11,6.9,6529
582.2,573,10,7.1,6533
583.2,573,10,6.8,6552
584.2,573,11,7.0,6564
585.3,573,10,7.0,6524
586.3,573,2,7.0,6571
587.3,573,11,7.0,6567
588.3,573,5,7.2,6560
589.3,573,11,7.0,6584
590.4,573,8,7.2,6603
591.4,573,11,7.5,6621
592.4,573,11,7.0,6612
593.4,573,10,7.3,6662
594.5,573,13,7.1,6639
595.5,573,11,7.3,6613
596.5,573,18,8.5,6674
597.5,573,11,7.9,6644
598.6,573,11,8.2,6603
599.6,573,11,8.0,6632
600.6,573,10,7.8,6639
601.6,573,17,8.1,6646
602.7,573,12,7.6,6646
603.7,573,10,7.8,6631
604.7,573,17,7.7,6631
605.7,573,19,7.9,6621
606.7,573,22,8.1,6602
607.8,573,11,8.0,6617
608.8,573,10,8.1,6620
609.8,573,13,8.1,6637
610.8,573,18,8.1,6616
611.9,573,11,7.8,6601
612.9,573,14,7.6,6584
613.9,573,10,7.5,6621
614.9,573,11,7.5,6664
616.0,568,11,7.6,6673
617.0,568,11,7.5,6685
618.0,568,11,8.4,6657
619.0,568,11,7.7,6663
620.0,568,11,7.6,6694
621.1,568,14,7.7,6653
622.1,568,14,7.7,6682
623.1,568,10,7.6,6691
624.1,568,11,7.6,6734
625.2,568,13,7.5,6721
626.2,568,11,7.2,6701
627.2,568,18,7.3,6709
628.2,568,11,7.4,6715
629.3,568,11,7.1,6702
630.3,568,11,7.1,6697
631.3,568,10,7.4,6706
632.3,568,14,7.4,6713
633.4,568,12,7.4,6689
634.4,568,11,7.2,6676
635.4,568,10,7.5,6695
636.4,568,18,7.9,6699
637.5,568,11,7.5,6670
638.5,568,10,7.4,6682
639.5,568,11,7.4,6687
640.5,568,11,7.4,6686
641.6,568,11,7.0,6674
642.6,568,17,7.3,6657
643.6,568,11,7.2,6654
644.6,568,12,7.3,6688
645.6,568,11,7.5,6706
646.7,568,10,7.5,6703
647.7,568,10,7.5,6691
648.7,568,15,7.5,6687
649.7,568,10,7.5,6687
650.8,568,10,7.5,6678
651.8,568,10,7.3,6687
652.8,568,11,7.5,6688
653.8,568,10,7.3,6677
654.9,568,11,7.3,6678
655.9,568,18,7.8,6651
656.9,568,10,7.5,6681
657.9,568,11,7.2,6679
658.9,568,10,7.1,6678
660.0,568,11,7.5,6666
661.0,568,11,7.3,6657
662.0,568,11,7.2,6657
663.0,568,18,7.4,6702
664.1,568,19,7.0,6717
665.1,568,11,7.1,6725
666.1,568,10,7.3,6767
667.1,568,11,7.4,6808
668.2,568,12,7.6,6808
669.2,568,11,7.2,6817
670.2,568,10,7.5,6819
671.2,568,11,7.3,6806
672.2,568,20,7.5,6827
673.3,568,12,7.3,6852
674.3,568,16,7.4,6898
675.3,568,11,7.7,6900
676.3,568,11,7.5,6914
677.4,568,10,7.2,6924
678.4,568,10,7.6,6848
679.4,568,11,7.7,6849
680.4,568,11,7.7,6833
681.5,568,12,7.7,6899
682.5,568,11,7.2,6894
683.5,568,11,7.4,6892
684.5,568,10,7.4,6907
685.6,568,17,7.2,6897
686.6,568,11,7.2,6891
687.6,568,11,7.4,6896
688.6,568,18,7.2,6899
689.6,568,12,7.3,6904
690.7,568,11,7.0,6895
691.7,568,10,6.8,6860
692.7,568,11,6.5,6832
693.7,568,10,7.1,6872
694.8,568,11,6.7,6864
695.8,568,10,7.3,6868
696.8,568,11,7.1,6859
697.8,568,10,7.0,6855
698.9,568,7,6.8,6845
699.9,568,10,6.6,6853
700.9,568,10,6.7,6845
701.9,568,8,6.7,6824
703.0,568,11,6.7,6826
704.0,568,11,6.7,6822
705.0,568,0,7.0,6818
706.0,568,11,6.7,6841
707.0,568,11,6.6,6839
708.1,568,11,6.7,6836
709.1,568,11,6.8,6845
710.1,568,11,6.9,6838
711.1,568,11,7.0,6858
712.2,568,11,6.9,6880
713.2,568,11,6.9,6879
714.2,568,11,7.1,6872
715.2,568,11,7.1,6869
716.2,568,10,7.1,6854
717.3,568,18,7.0,6855
718.3,568,11,7.5,6847
719.3,568,19,7.1,6846
720.3,568,11,7.0,6846
721.4,568,10,7.0,6838
722.4,568,10,6.9,6853
723.4,568,10,7.3,6847
724.4,568,10,6.8,6851
725.5,568,10,7.2,6851
726.5,568,11,7.1,6853
727.5,568,11,7.0,6861
728.5,568,10,7.0,6851
729.5,568,11,7.2,6847
730.6,568,13,7.5,6872
731.6,568,11,7.2,6864
732.6,568,11,7.0,6871
733.6,568,16,7.2,6897
734.7,568,11,7.3,6881
735.7,568,11,7.3,6879
736.7,568,12,7.2,6870
737.7,568,16,7.3,6891
738.8,568,11,7.5,6893
739.8,568,11,7.4,6891
740.8,568,11,7.3,6871
741.8,568,10,7.2,6896
742.9,568,10,7.1,6884
743.9,568,10,7.2,6876
744.9,568,19,7.2,6895
745.9,568,11,7.1,6918
746.9,568,10,7.3,6910
748.0,568,10,7.1,6882
749.0,568,11,7.3,6913
750.0,568,12,7.0,6885
751.0,568,12,7.3,6890
752.1,568,11,7.2,6880
753.1,568,12,7.2,6884
754.1,568,11,7.4,6849
755.1,568,18,7.4,6846
756.1,568,10,7.3,6871
757.2,568,11,7.5,6846
758.2,568,11,7.6,6861
759.2,568,11,7.4,6849
760.2,568,11,7.2,6860
761.3,568,11,7.3,6832
762.3,568,11,6.9,6831
763.3,568,11,7.4,6827
764.3,568,11,7.1,6850
765.4,568,13,7.5,6862
766.4,568,11,7.2,6866
767.4,568,18,7.6,6876
768.4,568,11,7.5,6884
769.5,568,12,7.6,6888
770.5,568,21,7.9,6910
771.5,568,20,7.4,6909
772.5,568,14,7.9,6910
773.6,568,11,7.5,6870
774.6,568,11,7.5,6861
775.6,568,11,7.6,6886
776.6,568,11,8.1,6859
777.6,568,11,7.7,6865
778.7,568,10,7.4,6888
779.7,568,19,7.6,6894
780.7,568,13,7.6,6882
781.7,568,11,7.7,6878
782.8,568,10,7.4,6881
783.8,568,10,7.7,6892
784.8,568,20,7.5,6891
785.8,568,11,7.8,6891
786.8,568,13,9.2,6938
787.9,568,19,7.9,6946
788.9,568,11,7.5,6946
789.9,568,15,7.9,6928
790.9,568,10,7.6,6931
792.0,568,20,7.8,6930
793.0,568,22,7.8,6941
794.0,568,10,8.2,6963
795.0,568,21,7.8,6918
796.1,568,19,8.0,6935
797.1,568,13,7.7,6926
798.1,568,11,8.4,6921
799.1,568,11,7.9,6920
800.2,568,14,7.8,6952
801.2,568,13,7.9,6874
802.2,568,17,8.0,6909
803.2,568,11,7.8,6927
804.2,568,11,7.9,6932
805.3,568,14,8.0,6889
806.3,568,11,7.8,6924
807.3,568,19,8.1,6952
808.3,568,11,7.7,6950
809.4,568,19,8.0,6906
810.4,568,23,7.7,6922
811.4,568,19,7.9,6904
812.4,568,11,7.9,6934
813.5,568,10,8.0,6955
814.5,568,11,7.9,6913
815.5,568,17,7.9,6909
816.5,568,10,7.9,6942
817.5,568,11,7.9,6913
818.6,568,11,7.8,6911
819.6,568,11,7.9,6920
820.6,568,11,8.4,6885
821.6,568,20,7.9,6848
822.7,568,11,7.9,6879
823.7,568,11,7.8,6904
824.7,568,11,7.8,6908
825.7,568,11,7.9,6923
826.8,568,10,7.8,6941
827.8,568,11,7.7,6972
828.8,568,22,7.7,6974
829.8,568,14,7.9,6970
830.8,568,10,7.7,6930
831.9,568,22,7.9,6951
832.9,568,11,7.6,6972
833.9,568,11,7.7,6987
834.9,568,10,7.3,6954
836.0,568,10,7.3,6944
837.0,568,11,7.2,6933
838.0,568,11,7.2,6971
839.0,568,11,6.9,7003
840.0,568,11,7.2,7005
841.1,568,11,7.2,7020
842.1,568,10,7.5,6996
843.1,568,12,6.9,6992
844.1,568,11,7.2,6976
845.2,568,11,7.0,6996
846.2,568,11,7.4,6976
847.2,568,11,6.8,6947
848.2,568,21,7.1,6963
849.3,568,10,7.1,6973
850.3,568,11,7.2,6996
851.3,568,11,7.1,6996
852.3,568,11,7.2,7003
853.4,568,11,7.1,6991
854.4,568,10,7.2,6988
855.4,568,11,7.2,6992
856.4,568,10,7.2,6965
857.4,568,11,7.3,6980
858.5,568,10,7.1,6971
859.5,568,11,7.1,6977
860.5,568,11,7.1,6972
861.5,568,11,6.9,6994
862.6,568,10,7.4,6982
863.6,568,11,7.0,6965
864.6,568,10,6.9,6926
865.6,568,11,6.8,6926
866.7,568,11,7.0,6953
867.7,568,10,6.6,6982
868.7,568,12,7.0,7014
869.7,568,11,7.0,7038
870.7,568,11,6.8,7036
871.8,568,17,7.0,7037
872.8,568,11,7.0,7004
873.8,568,12,6.9,6995
874.8,568,10,7.0,6966
875.9,568,10,6.8,6983
876.9,568,11,7.2,6951
877.9,568,11,6.8,7020
878.9,568,11,7.1,7005
879.9,568,20,7.0,6984
881.0,568,11,7.0,6997
882.0,568,11,7.1,6980
883.0,568,11,6.8,6987
884.0,568,11,6.7,6993
885.1,568,15,7.3,6992
886.1,568,11,7.0,6966
887.1,568,11,7.0,6979
888.1,568,11,6.7,6986
889.2,568,11,7.2,6994
890.2,568,11,6.8,6999
891.2,568,11,7.0,6991
892.2,568,17,6.7,7024
893.2,568,11,6.9,7025
894.3,568,11,6.7,6985
895.3,568,11,7.0,7017
896.3,568,11,6.9,7013
897.3,568,11,6.9,7005
898.4,568,12,7.1,6990
899.4,568,11,7.0,7013
900.4,568,11,7.0,6988
901.4,568,10,6.9,6985
902.5,568,12,6.8,7015
903.5,568,11,6.7,6965
904.5,568,10,7.1,6978
905.5,568,11,6.5,6997
906.6,568,10,6.8,6990
907.6,568,12,7.2,6995
908.6,568,11,6.7,6976
909.6,568,10,6.8,6979
910.6,568,11,7.2,6974
911.7,568,10,6.9,6988
912.7,568,11,6.8,6965
913.7,568,11,6.8,6975
914.7,568,12,7.2,6971
915.8,568,13,7.5,6981
916.8,568,11,7.6,6995
917.8,568,15,7.8,6989
918.8,568,14,7.5,6975
919.9,568,11,7.7,7001
920.9,568,11,7.7,6993
921.9,568,10,7.8,6963
922.9,568,10,7.8,6976
924.0,568,11,7.7,6963
925.0,568,12,7.9,6978
926.0,568,11,8.0,6980
927.0,568,23,7.9,7008
928.0,568,11,7.7,7014
929.1,568,11,8.4,7018
930.1,568,11,8.0,7027
931.1,568,10,7.8,7015
932.1,568,10,7.6,7021
933.2,568,11,7.8,6998
934.2,568,13,7.8,6994
935.2,568,13,7.7,6991
936.2,568,10,7.5,6982
937.2,568,11,7.9,6964
938.3,568,12,7.8,7010
939.3,568,23,8.1,7017
940.3,568,18,7.4,6999
941.3,568,22,8.0,7011
942.4,568,18,7.8,7029
943.4,568,13,7.8,7025
944.4,568,13,8.2,7024
945.4,568,10,7.7,7002
946.5,568,14,7.8,6973
947.5,568,11,7.9,6959
948.5,568,10,7.7,6978
949.5,568,12,7.7,6945
950.5,568,12,7.7,6954
951.6,568,14,8.7,6987
952.6,568,12,7.7,6953
953.6,568,11,7.8,6948
954.6,568,11,7.8,6942
955.7,568,10,7.7,6940
956.7,568,10,7.7,6921
957.7,568,17,7.6,6928
958.7,568,11,7.8,6931
959.7,568,18,7.9,6962
960.8,568,19,7.8,6987
961.8,568,10,7.6,7003
962.8,568,11,7.7,7020
963.8,568,11,7.6,6975
964.9,568,20,7.7,6948
965.9,568,11,7.5,6931
966.9,568,18,7.8,6963
967.9,568,11,7.6,6944
968.9,568,18,7.7,6953
970.0,568,11,7.7,6929
971.0,568,11,8.3,6941
972.0,568,24,7.7,6949
973.0,568,11,7.6,6993
974.1,568,11,7.6,7005
975.1,568,11,7.8,7016
976.1,568,20,7.6,6986
977.1,568,15,7.6,6963
978.1,568,15,7.7,6947
979.2,568,10,7.9,6929
980.2,568,20,7.8,6936
981.2,568,11,7.7,6921
982.2,568,21,7.6,6939
983.3,568,10,7.6,6931
984.3,568,10,7.6,6942
985.3,568,18,7.8,6927
986.3,568,21,7.8,6918
987.4,568,11,7.5,6945
988.4,568,21,8.0,6971
989.4,568,16,7.9,6962
990.4,568,11,7.8,7003
991.4,568,11,8.4,7040
992.5,568,11,7.5,7004
993.5,568,21,7.9,6995
994.5,568,17,7.6,7006
995.5,568,10,7.7,6942
996.6,568,22,7.7,6947
997.6,568,11,7.6,7011
998.6,568,15,7.7,6968
999.6,568,11,7.6,6989
1000.7,568,11,7.6,6980
1001.7,568,13,7.8,6983
1002.7,568,10,7.9,6983
1003.7,568,12,8.0,6990
1004.7,568,18,7.9,7025
1005.8,568,11,7.9,7009
1006.8,568,21,7.6,7005
1007.8,568,17,7.8,7044
1008.8,568,10,7.7,7036
1009.9,568,12,8.1,7041
1010.9,568,10,7.6,7071
1011.9,568,10,7.9,7044
1012.9,568,12,8.7,7039
1013.9,568,10,7.8,7038
1015.0,568,10,7.7,7057
1016.0,568,13,7.7,7011
1017.0,568,18,7.8,7017
1018.0,568,22,7.8,6985
1019.1,568,11,7.6,6954
1020.1,568,14,7.9,6981
1021.1,568,23,7.9,7013
1022.1,568,12,8.0,7046
1023.2,568,11,7.7,7053
1024.2,568,17,7.7,7059
1025.2,568,14,7.8,7082
1026.2,568,11,7.9,7087
1027.3,568,21,7.7,7077
1028.3,568,21,7.9,7069
1029.3,568,10,7.9,7046
1030.3,568,18,7.9,7038
1031.4,568,11,8.2,7039
1032.4,568,11,7.5,7069
1033.4,568,11,8.0,7063
1034.4,568,12,7.9,7034
1035.5,568,10,8.3,7077
1036.5,568,11,7.9,7045
1037.5,568,11,7.9,7031
1038.5,568,11,7.7,7058
1039.5,568,22,7.9,7096
1040.6,568,11,7.9,7068
1041.6,568,10,7.7,7035
1042.6,568,11,8.2,6992
1043.6,568,10,7.7,7024
1044.7,568,11,8.1,7025
1045.7,568,11,7.6,7033
1046.7,568,15,7.9,7042
1047.7,568,11,7.8,7057
1048.8,568,18,7.8,7010
1049.8,568,11,8.0,7009
1050.8,568,11,8.0,7047
1051.8,568,11,7.9,7047
1052.9,568,11,7.8,7049
1053.9,568,11,7.9,7028
1054.9,568,13,7.7,7039
1055.9,568,10,8.0,7045
1056.9,568,13,8.9,7028
1058.0,568,10,8.2,7029
1059.0,568,11,7.9,7050
1060.0,568,11,8.0,7031
1061.0,568,11,7.8,7008
1062.1,568,22,7.9,7006
1063.1,568,14,8.0,7003
1064.1,568,10,8.1,6991
1065.1,568,10,7.6,6986
1066.1,568,11,8.0,7012
1067.2,568,13,7.9,7047
1068.2,568,10,7.7,7052
1069.2,568,10,8.0,7010
1070.2,568,17,7.7,7045
1071.3,568,11,8.1,7041
1072.3,568,21,8.0,7053
1073.3,568,15,8.0,7054
1074.3,568,11,7.9,7078
1075.4,568,15,7.7,7074
1076.4,568,12,7.9,7100
1077.4,568,12,7.9,7090
1078.4,568,11,7.6,7071
1079.5,568,10,7.7,7028
1080.5,568,11,8.0,6992
1081.5,568,10,7.9,7038
1082.5,568,11,7.9,7062
1083.5,568,11,7.8,7002
1084.6,568,10,7.9,7014
1085.6,568,11,7.9,7017
1086.6,568,10,8.0,7008
1087.6,568,10,7.6,7057
1088.7,568,10,7.7,7027
1089.7,568,19,8.0,7034
1090.7,568,11,8.0,7042
1091.7,568,10,7.7,7053
1092.8,568,11,7.8,7128
1093.8,568,10,8.2,7093
1094.8,568,23,8.0,7114
1095.8,568,22,7.8,7095
1096.8,568,11,7.6,7066
1097.9,568,12,8.0,7060
1098.9,572,15,8.1,7016
1099.9,572,12,7.9,7006
1100.9,572,11,8.0,6986
1102.0,572,11,8.0,6980
1103.0,572,10,7.8,6943
1104.0,572,17,8.0,6943
1105.0,572,12,7.7,6949
1106.1,572,11,8.0,6939
1107.1,572,20,8.3,6936
1108.1,572,12,8.0,6943
1109.1,572,21,7.9,6945
1110.1,572,11,7.7,6924
1111.2,572,11,8.0,6937
1112.2,572,11,8.0,6932
1113.2,572,11,7.9,6926
1114.2,572,20,7.8,6924
1115.3,572,11,8.5,6912
1116.3,572,11,7.8,6909
1117.3,572,14,7.7,6913
1118.3,572,11,7.7,6908
1119.4,572,20,8.0,6919
1120.4,572,10,8.1,6910
1121.4,572,22,7.9,6919
1122.4,572,11,7.8,6914
1123.4,572,11,7.9,6916
1124.5,572,10,7.9,6913
1125.5,572,14,8.0,6911
1126.5,572,10,7.9,6914
1127.6,572,10,7.5,6914
1128.6,572,21,7.7,6919
1129.6,572,11,7.8,6914
1130.6,572,10,7.8,6924
1131.6,572,11,7.7,6925
1132.7,572,11,7.8,6936
1133.7,572,11,7.9,6912
1134.7,572,11,7.8,7023
1135.7,572,20,7.9,7014
1136.8,572,11,8.5,6973
1137.8,572,10,7.9,6951
1138.8,572,11,8.1,6943
1139.8,572,13,8.0,6926
1140.9,572,18,7.9,7013
1141.9,572,11,8.0,7020
1142.9,572,21,8.3,6976
1143.9,572,17,7.7,6971
1145.0,572,21,7.9,6941
1146.0,572,12,8.0,6926
1147.0,572,14,7.8,6912
1148.0,572,11,7.9,6904
1149.1,572,11,8.0,6970
1150.1,572,22,7.9,6989
1151.1,572,11,8.0,6966
1152.1,572,11,7.8,6967
1153.1,572,18,8.0,6957
1154.2,572,11,8.1,6936
1155.2,572,10,7.9,6972
1156.2,572,11,7.8,7008
1157.2,572,18,7.9,7001
1158.3,572,22,8.5,6974
1159.3,572,10,7.6,6951
1160.3,572,21,8.3,6929
1161.3,572,11,8.1,6988
1162.3,572,11,7.7,6980
1163.4,572,11,8.1,7047
1164.4,572,10,8.0,7015
1165.4,572,11,8.1,6984
1166.4,572,11,8.1,6969
1167.5,572,10,8.3,6829
1168.5,572,11,7.9,6984
1169.5,572,22,8.0,7014
1170.5,572,14,7.9,7049
1171.6,572,10,7.6,7033
1172.6,572,11,8.1,6993
1173.6,572,22,8.1,6978
1174.6,572,19,7.6,6951
1175.7,572,10,7.7,6946
1176.7,572,11,7.8,6919
1177.7,572,14,7.9,6907
1178.7,572,11,7.6,6907
1179.8,572,11,7.7,6930
1180.8,572,11,8.4,6943
1181.8,572,10,7.9,6969
1182.8,572,10,7.5,6957
1183.8,572,11,7.6,6932
1184.9,572,11,7.7,6913
1185.9,572,10,7.7,6940
1186.9,572,10,7.8,6957
1187.9,572,10,7.4,6956
1189.0,572,11,7.6,6950
1190.0,572,11,7.5,6964
1191.0,572,10,7.5,6958
1192.0,572,11,7.8,6963
1193.0,572,22,7.7,6943
1194.1,572,10,7.8,6862
1195.1,572,10,7.5,6902
1196.1,572,12,7.5,6926
1197.1,572,10,7.5,6958
1198.2,572,11,7.6,6960
1199.2,572,10,7.7,6963
1200.2,572,11,7.4,6973
1201.2,572,11,8.1,6957
1202.3,572,10,7.5,6940
1203.3,572,15,7.8,6915
1204.3,572,12,7.6,6906
1205.3,572,7,7.5,6907
1206.3,572,18,7.5,6909
1207.4,572,10,7.7,6948
1208.4,572,11,7.5,6956
1209.4,572,15,7.8,6952
1210.4,572,11,7.7,6938
1211.5,572,10,7.5,6925
1212.5,572,11,7.6,6926
1213.5,572,10,7.9,6954
1214.5,572,10,7.9,6951
1215.6,572,11,7.6,6957
1216.6,572,13,7.6,6966
1217.6,572,11,7.1,6961
1218.6,572,11,7.0,6946
1219.6,572,11,7.3,6938
1220.7,572,11,7.3,6942
1221.7,572,11,7.4,6936
1222.7,572,10,7.4,6943
1223.7,572,19,7.5,6957
1224.8,572,11,7.3,6969
1225.8,572,10,7.6,6954
1226.8,572,11,7.4,6952
1227.8,572,11,7.4,6955
1228.9,572,10,7.4,6968
1229.9,572,11,7.6,6973
1230.9,572,21,7.7,6995
1231.9,572,11,7.4,6989
1233.0,572,10,7.4,6978
1234.0,572,14,7.7,6957
1235.0,572,18,7.7,6945
1236.0,572,10,7.8,6862
1237.0,572,12,7.7,6891
1238.1,572,11,7.3,6915
1239.1,572,11,7.4,6929
1240.1,572,19,8.0,6936
1241.1,572,11,7.5,6932
1242.2,572,12,7.5,6930
1243.2,572,11,7.4,6949
1244.2,572,17,7.3,6957
1245.2,572,11,7.5,6949
1246.3,572,11,7.5,6923
1247.3,572,18,7.5,6861
1248.3,572,11,7.6,6910
1249.3,572,15,7.3,6922
1250.4,572,10,7.6,6923
1251.4,572,10,7.3,6959
1252.4,572,11,7.6,6983
1253.4,572,11,7.6,6970
1254.5,572,10,7.5,6974
1255.5,572,11,7.5,6961
1256.5,572,11,7.7,6957
1257.5,572,17,7.2,6941
1258.5,572,10,7.6,6941
1259.6,572,17,7.7,6981
1260.6,572,11,7.8,6984
1261.6,572,11,7.6,6954
1262.6,572,11,7.5,6961
1263.7,572,10,7.7,6963
1264.7,572,11,7.5,6951
1265.7,572,11,7.5,6944
1266.7,572,10,7.7,6944
1267.8,572,11,7.6,6973
1268.8,572,15,7.5,6985
1269.8,572,11,7.7,6992
1270.8,572,10,7.7,6974
1271.9,572,17,7.6,6988
1272.9,572,11,7.3,6999
1273.9,572,10,7.2,7010
1274.9,572,11,7.4,7014
1275.9,572,10,7.3,7011
1277.0,572,11,7.3,7009
1278.0,572,11,7.2,7018
1279.0,572,10,6.9,6998
1280.0,572,11,7.2,6982
1281.1,572,11,7.9,6966
1282.1,572,19,7.5,6954
1283.1,572,10,7.2,6992
1284.1,572,10,7.5,6974
1285.1,572,11,7.6,6977
1286.2,572,11,7.6,6984
1287.2,572,11,7.6,6978
1288.2,572,11,7.5,6974
1289.2,572,10,7.3,6969
1290.3,572,11,7.7,7002
1291.3,572,10,7.4,7009
1292.3,572,19,7.7,7002
1293.3,572,10,7.6,7000
1294.4,572,11,7.4,6996
1295.4,572,10,7.5,6992
1296.4,572,11,7.3,6963
1297.4,572,11,7.6,6960
1298.4,572,11,7.3,6969
1299.5,572,11,7.8,6965
1300.5,572,11,7.7,6950
1301.5,572,12,7.2,6957
1302.5,572,10,7.7,6959
1303.6,572,11,7.3,6970
1304.6,572,11,7.8,6972
1305.6,572,11,7.2,6961
1306.6,572,14,7.6,6946
1307.7,572,11,7.6,6990
1308.7,572,10,7.6,6994
1309.7,572,12,7.7,6984
1310.7,572,10,7.5,6997
1311.8,572,11,7.5,6992
1312.8,572,3,7.4,6997
1313.8,572,12,7.6,6989
1314.8,572,1,7.4,6970
1315.8,572,12,7.4,6968
1316.9,572,10,7.5,6990
1317.9,572,10,7.7,6985
1318.9,572,10,7.2,7016
1319.9,572,11,7.4,7013
1321.0,572,12,8.0,6986
1322.0,572,11,7.5,6986
1323.0,572,9,7.6,6968
1324.0,572,11,7.4,6966
1325.1,572,11,7.7,6977
1326.1,572,11,7.6,6980
1327.1,572,10,7.5,6997
1328.1,572,10,7.4,7009
1329.2,572,17,7.5,7009
1330.2,572,11,7.6,7003
1331.2,572,11,7.6,6982
1332.2,572,11,7.6,6987
1333.2,572,11,7.6,6985
1334.3,572,11,7.3,6982
1335.3,572,10,7.7,7012
1336.3,572,12,7.6,7007
1337.3,572,11,7.6,7009
1338.4,572,10,7.4,7005
1339.4,572,10,7.6,6985
1340.4,572,10,7.6,6983
1341.4,572,11,8.1,6993
1342.5,572,10,7.6,6998
1343.5,572,11,7.4,7006
1344.5,572,12,7.7,6998
1345.5,572,14,7.5,6998
1346.6,572,10,7.6,6986
1347.6,572,10,7.6,6988
1348.6,572,15,7.6,6973
1349.6,572,11,7.6,6984
1350.7,572,12,7.7,6992
1351.7,572,10,7.5,6993
1352.7,573,11,7.8,7013
1353.7,573,5,7.6,6995
1354.7,573,14,7.6,6987
1355.8,573,11,7.6,6984
1356.8,573,11,7.5,6992
1357.8,573,11,7.5,7005
1358.8,574,11,7.7,7016
1359.9,572,11,7.4,7013
1360.9,572,11,8.4,6997
1361.9,572,21,7.5,6979
1362.9,572,21,8.0,6975
1364.0,572,19,7.7,6885
1365.0,572,11,8.2,6933
1366.0,572,11,7.9,6957
1367.0,572,11,7.9,6945
1368.1,572,22,7.6,6949
1369.1,572,10,7.9,6969
1370.1,572,11,7.7,6981
1371.1,572,10,7.9,6960
1372.1,572,12,7.6,6955
1373.2,572,13,7.6,6898
1374.2,572,11,7.7,6944
1375.2,572,18,7.7,6966
1376.2,572,20,7.5,7006
1377.3,572,18,7.9,7031
1378.3,572,10,7.8,7024
1379.3,572,11,7.9,7002
1380.3,572,10,8.2,6979
1381.4,572,10,7.8,6960
1382.4,572,21,7.8,6963
1383.4,572,14,7.9,6998
1384.4,572,16,7.7,7026
1385.4,572,11,7.9,7019
1386.5,572,11,7.8,7019
1387.5,572,10,7.9,6998
1388.5,572,15,8.0,6991
1389.5,572,10,7.7,7008
1390.6,572,17,8.0,7026
1391.6,572,14,7.8,7024
1392.6,572,18,7.8,7020
1393.6,572,10,8.2,7032
1394.7,572,18,7.8,7050
1395.7,572,11,7.9,7072
1396.7,572,21,8.0,7070
1397.7,572,18,8.3,7105
1398.8,572,11,7.6,7088
1399.8,572,21,8.0,7052
1400.8,572,21,8.5,7015
1401.8,572,22,7.7,7017
1402.9,572,10,7.7,7005
1403.9,572,11,7.5,6979
1404.9,572,12,7.7,6997
1405.9,572,11,7.8,7029
1407.0,572,11,7.8,7046
1408.0,572,11,7.7,7043
1409.0,572,11,7.8,7025
1410.0,572,11,7.9,7014
1411.1,572,15,7.4,6991
1412.1,572,10,7.9,7051
1413.1,572,11,7.6,7065
1414.1,572,16,7.7,7075
1415.2,572,10,7.4,7067
1416.2,572,11,6.9,7034
1417.2,572,7,7.0,7024
1418.2,572,11,7.0,7025
1419.2,572,4,7.5,7005
1420.3,572,11,8.1,6997
1421.3,572,10,7.7,7046
1422.3,572,11,7.4,7064
1423.3,572,10,7.8,7048
1424.4,572,11,7.3,7046
1425.4,572,11,7.8,7023
1426.4,572,10,7.5,6953
1427.4,572,10,7.7,7053
1428.5,572,11,7.5,7055
1429.5,572,11,7.1,7070
1430.5,572,10,7.4,7086
1431.5,572,11,7.2,7064
1432.5,572,11,7.6,7094
1433.6,574,4,7.6,7124
1434.6,574,14,7.6,7172
1435.6,574,15,7.6,7149
1436.6,574,15,7.9,7130
1437.7,574,15,7.8,7124
1438.7,570,15,7.6,7103
1439.7,570,15,7.5,7122
1440.7,570,15,7.8,7185
1441.8,572,14,8.3,7175
1442.8,572,15,7.5,7171
1443.8,571,15,7.7,7150
1444.8,571,18,8.2,7139
1445.9,571,20,8.0,7137
1446.9,571,24,7.7,7163
1447.9,572,14,7.9,7163
1448.9,592,14,9.0,7244
1450.0,598,13,9.5,7354
1451.0,597,11,7.9,7341
1452.0,596,10,7.9,7331
1453.1,596,11,7.9,7337
1454.1,587,15,8.1,7348
1455.1,586,19,7.7,7345
1456.1,586,12,7.7,7358
1457.1,586,11,7.7,7356
1458.2,586,17,7.5,7345
1459.2,573,10,7.5,7341
1460.2,573,11,7.7,7361
1461.2,573,11,8.2,7371
1462.3,572,2,8.0,7371
1463.3,572,2,7.5,7365
1464.3,569,4,7.5,7350
1465.3,567,5,7.5,7336
1466.3,567,7,7.8,7332
1467.4,567,11,7.5,7340
1468.4,567,11,7.9,7397
1469.4,567,15,8.2,7413
1470.4,567,12,7.8,7424
1471.5,567,11,7.5,7432
1472.5,567,10,7.6,7452
1473.5,567,12,7.5,7433
1474.5,567,10,7.6,7435
1475.6,567,11,7.7,7421
1476.6,567,11,7.5,7432
1477.6,567,10,7.6,7453
1478.6,567,11,7.3,7473
1479.7,567,10,7.0,7461
1480.7,567,3,7.2,7446
1481.7,567,10,7.2,7445
1482.7,567,7,8.1,7429
1483.8,567,4,7.0,7462
1484.8,567,11,7.2,7514
1485.8,567,11,7.4,7494
1486.8,567,17,7.4,7476
1487.8,567,15,7.6,7448
1488.9,567,10,7.4,7435
1489.9,567,10,7.6,7433
1490.9,567,11,7.1,7427
1491.9,567,10,7.2,7458
1493.0,567,10,7.2,7465
1494.0,567,0,7.0,7485
1495.0,567,11,7.0,7475
1496.0,567,11,7.2,7447
1497.1,567,11,7.2,7496
1498.1,567,11,7.0,7519
1499.1,567,11,6.9,7526
1500.1,567,11,7.2,7518
1501.1,567,11,7.5,7509
1502.2,567,13,7.4,7529
1503.2,567,10,7.4,7508
1504.2,567,10,7.8,7492
1505.2,567,10,7.8,7498
1506.3,573,15,8.2,7526
1507.3,585,15,7.8,7541
1508.3,584,12,7.8,7556
1509.3,584,15,7.6,7548
1510.4,585,15,7.8,7522
1511.4,585,14,7.9,7513
1512.4,585,12,7.7,7524
1513.4,580,11,7.6,7530
1514.4,580,11,7.7,7539
1515.5,580,10,7.3,7549
1516.5,567,12,7.5,7548
1517.5,567,10,7.6,7549
1518.5,567,10,7.4,7544
1519.6,567,11,7.5,7554
1520.6,567,11,7.5,7578
1521.6,567,11,7.4,7582
1522.6,567,10,7.7,7563
1523.7,585,11,7.9,7566
1524.7,583,11,7.5,7569
1525.7,580,10,7.6,7600
1526.7,579,11,8.1,7613
1527.8,579,11,7.6,7587
1528.8,574,11,7.5,7582
1529.8,574,11,7.7,7580
1530.8,574,11,7.7,7623
1531.8,574,10,7.6,7639
1532.9,574,10,7.7,7632
1533.9,574,10,7.8,7617
1534.9,574,10,7.6,7601
1535.9,574,11,7.7,7601
1537.0,574,11,7.7,7640
1538.0,574,11,7.6,7630
1539.0,574,14,7.6,7655
1540.0,574,11,7.5,7640
1541.1,574,11,7.6,7634
1542.1,574,11,7.5,7611
1543.1,574,14,7.5,7678
1544.1,574,11,7.4,7663
1545.1,574,12,7.6,7665
1546.2,574,11,7.8,7672
1547.2,574,11,8.0,7668
1548.2,574,11,7.4,7647
1549.2,574,10,7.6,7639
1550.3,574,10,7.6,7635
1551.3,574,17,7.4,7678
1552.3,574,11,7.6,7700
1553.3,574,11,7.6,7682
1554.4,574,12,7.9,7666
1555.4,573,10,7.8,7655
1556.4,573,11,7.8,7621
1557.4,573,11,7.8,7674
1558.5,573,11,7.6,7701
1559.5,582,22,7.8,7694
1560.5,582,17,7.9,7682
1561.5,580,11,7.4,7660
1562.6,580,11,7.8,7648
1563.6,580,10,7.9,7705
1564.6,574,12,7.9,7692
1565.6,574,10,8.5,7699
1566.6,574,11,7.5,7704
1567.7,574,11,7.7,7699
1568.7,574,11,7.8,7677
1569.7,574,10,7.7,7664
1570.7,574,10,8.0,7745
1571.8,574,12,7.5,7760
1572.8,574,10,7.7,7749
1573.8,574,11,7.7,7727
1574.8,574,19,8.0,7720
1575.9,574,11,7.8,7734
1576.9,574,10,7.6,7747
1577.9,574,10,7.8,7769
1578.9,574,11,7.6,7753
1579.9,574,17,7.4,7736
1581.0,574,10,7.6,7724
1582.0,574,10,7.6,7714
1583.0,574,11,7.6,7752
1584.0,574,11,7.4,7747
1585.1,574,7,7.4,7764
1586.1,574,11,8.0,7748
1587.1,574,12,7.6,7736
1588.1,574,13,7.6,7725
1589.2,574,11,7.5,7742
1590.2,574,11,7.7,7768
1591.2,574,10,7.5,7781
1592.2,574,11,7.5,7782
1593.2,574,10,7.5,7773
1594.3,574,11,7.5,7750
1595.3,574,11,7.6,7746
1596.3,574,11,7.4,7755
1597.3,574,11,7.6,7776
1598.4,574,11,7.4,7760
1599.4,574,11,7.5,7760
1600.4,574,11,7.3,7764
1601.4,574,11,7.5,7753
1602.5,574,11,7.6,7749
1603.5,574,11,7.6,7783
1604.5,574,10,7.3,7789
1605.5,574,11,7.8,7794
1606.5,574,11,7.3,7805
1607.6,574,11,7.6,7809
1608.6,574,11,8.0,7789
1609.6,574,11,7.2,7779
1610.6,574,10,7.7,7783
1611.7,574,11,7.5,7785
1612.7,574,17,7.8,7801
1613.7,574,10,7.6,7816
1614.7,574,10,8.1,7803
1615.8,574,11,7.8,7790
1616.8,574,13,7.8,7783
1617.8,574,11,7.7,7796
1618.8,574,11,7.5,7806
1619.8,574,11,7.2,7812
1620.9,574,11,7.6,7833
1621.9,574,11,7.7,7810
1622.9,574,17,7.6,7792
1623.9,574,16,7.9,7819
1625.0,574,10,7.4,7829
1626.0,574,10,7.7,7855
1627.0,574,9,7.5,7842
1628.0,574,11,7.9,7846
1629.0,574,11,8.0,7829
1630.1,574,11,7.6,7839
1631.1,574,12,7.9,7903
1632.1,574,11,7.5,7890
1633.1,574,11,7.6,7886
1634.2,574,13,7.6,7881
1635.2,574,11,7.4,7899
1636.2,574,11,8.0,7954
1637.2,574,11,7.7,7956
1638.3,574,11,7.8,7987
1639.3,574,11,7.6,7985
1640.3,574,20,7.6,8007
1641.3,574,10,7.5,7984
1642.4,574,11,7.6,7975
1643.4,574,12,7.7,7957
1644.4,574,11,7.4,7945
1645.4,574,11,7.2,7940
1646.5,574,7,7.4,7951
1647.5,574,7,7.7,7947
1648.5,574,11,7.5,7962
1649.5,574,16,7.8,7955
1650.6,574,11,7.8,7934
1651.6,574,10,7.6,7935
1652.6,574,11,7.5,7929
1653.6,574,10,7.6,7903
1654.7,574,11,7.6,7895
1655.7,574,10,7.8,7909
1656.7,574,18,7.7,7956
1657.7,574,11,7.7,7958
1658.8,574,11,7.6,7959
1659.8,574,10,7.8,7960
1660.8,574,11,7.6,7969
1661.8,574,12,7.7,7982
1662.8,574,11,7.6,7995
1663.9,574,11,7.6,7975
1664.9,574,12,7.7,7966
1665.9,574,8,7.7,7958
1666.9,574,10,7.6,8008
1668.0,574,11,7.8,8010
1669.0,574,10,7.7,7997
1670.0,574,11,7.7,8015
1671.0,574,10,7.8,8007
1672.1,574,11,8.4,7986
1673.1,574,12,7.7,7982
1674.1,574,10,7.7,7965
1675.1,574,11,7.8,7952
1676.2,574,11,7.8,8032
1677.2,574,11,7.6,8039
1678.2,574,5,7.6,8028
1679.2,574,11,7.7,8027
1680.2,574,11,7.7,8088
1681.3,574,11,7.7,8074
1682.3,574,10,7.8,8066
1683.3,574,11,7.5,8057
1684.3,574,11,7.6,8043
1685.4,574,11,7.6,8031
1686.4,574,11,7.7,8036
1687.4,574,10,7.8,8066
1688.4,574,14,7.8,8083
1689.5,574,11,7.7,8085
1690.5,574,11,8.0,8075
1691.5,574,10,7.9,8068
1692.5,574,10,7.5,8085
1693.5,574,11,7.8,8095
1694.6,574,11,8.3,8109
1695.6,574,11,7.9,8107
1696.6,574,11,7.8,8087
1697.6,574,11,7.5,8070
1698.7,574,11,7.9,8067
1699.7,574,11,7.8,8066
1700.7,574,11,7.9,8073
1701.7,574,11,7.7,8076
1702.8,574,11,7.8,8078
1703.8,574,10,7.7,8085
1704.8,574,11,7.9,8070
1705.8,574,10,7.7,8064
1706.8,574,11,7.7,8074
1707.9,574,11,7.8,8082
1708.9,574,10,7.7,8086
1709.9,574,9,7.7,8095
1710.9,574,11,7.7,8082
1712.0,574,12,7.7,8070
1713.0,574,10,7.7,8086
1714.0,574,11,8.0,8081
1715.0,574,13,8.1,8106
1716.1,574,11,7.5,8095
1717.1,574,12,7.6,8100
1718.1,574,11,7.7,8089
1719.1,574,10,7.7,8074
1720.2,574,11,7.6,8067
1721.2,574,11,7.7,8077
1722.2,574,19,7.7,8089
1723.2,574,11,7.7,8077
1724.2,574,7,7.6,8087
1725.3,574,11,7.8,8087
1726.3,574,10,7.8,8091
1727.3,574,12,7.9,8118
1728.3,574,11,7.6,8110
1729.4,574,10,7.7,8125
1730.4,574,11,7.7,8114
1731.4,574,11,7.5,8103
1732.4,574,12,7.8,8085
1733.5,574,11,7.5,8115
1734.5,574,10,7.8,8119
1735.5,574,0,8.1,8112
1736.5,574,12,7.8,8134
1737.6,574,12,7.5,8130
1738.6,574,0,7.7,8109
1739.6,574,10,7.6,8107
1740.6,574,6,7.8,8097
1741.6,574,11,7.5,8090
1742.7,574,11,7.3,8130
1743.7,574,11,7.4,8134
1744.7,574,11,7.7,8128
1745.7,574,10,7.7,8121
1746.8,574,10,7.7,8094
1747.8,574,11,7.7,8126
1748.8,574,8,7.5,8161
1749.8,574,10,7.8,8196
1750.9,574,11,8.0,8174
1751.9,574,11,7.9,8163
1752.9,574,11,7.8,8158
1753.9,574,10,7.4,8169
1755.0,574,11,7.6,8211
1756.0,574,11,7.6,8213
1757.0,574,11,7.7,8203
1758.0,574,12,8.0,8192
1759.0,574,11,7.7,8184
1760.1,574,10,7.5,8187
1761.1,574,11,7.8,8214
1762.1,574,11,7.5,8204
1763.1,574,11,7.4,8224
1764.2,574,10,7.6,8219
1765.2,574,10,7.4,8213
1766.2,574,11,7.6,8245
1767.2,574,11,7.6,8254
1768.2,574,11,7.3,8263
1769.3,574,10,7.5,8266
1770.3,574,11,7.6,8262
1771.3,574,11,7.6,8243
1772.3,574,10,7.4,8257
1773.4,574,10,7.8,8260
1774.4,574,11,7.7,8271
1775.4,574,11,7.8,8279
1776.4,574,11,7.5,8274
1777.5,574,11,7.6,8258
1778.5,574,11,7.5,8248
1779.5,574,10,7.9,8226
1780.5,574,11,7.5,8215
1781.5,574,10,7.7,8225
1782.6,574,3,7.3,8241
1783.6,574,10,7.4,8270
1784.6,574,8,7.6,8260
1785.6,574,11,7.4,8253
1786.7,574,10,7.4,8241
1787.7,574,11,7.7,8279
1788.7,574,12,7.8,8295
1789.7,574,10,7.4,8322
1790.8,574,8,7.7,8303
1791.8,574,11,7.5,8291
1792.8,574,11,7.6,8277
1793.8,574,11,7.4,8275
1794.8,574,11,7.6,8289
1795.9,574,11,7.6,8364
1796.9,574,11,7.4,8352
1797.9,574,10,7.4,8324
1798.9,574,11,7.7,8311
1800.0,574,10,7.6,8304
1801.0,574,4,7.6,8306
1802.0,574,10,7.6,8354
1803.0,574,9,8.0,8367
1804.1,574,11,7.3,8366
1805.1,574,11,7.4,8341
1806.1,574,11,7.7,8337
1807.1,574,12,7.5,8308
1808.1,574,11,7.6,8311
1809.2,574,0,7.4,8397
1810.2,574,10,7.6,8395
1811.2,574,12,7.4,8408
1812.2,574,11,7.3,8378
1813.3,574,0,7.6,8363
1814.3,574,11,7.5,8350
1815.3,574,11,7.7,8345
1816.3,574,12,7.7,8339
1817.4,574,11,7.6,8327
1818.4,574,11,7.6,8358
1819.4,574,11,7.6,8392
1820.4,574,1,7.5,8384
1821.4,574,11,7.7,8372
1822.5,574,11,7.2,8351
1823.5,574,10,7.5,8344
1824.5,574,10,7.3,8378
1825.5,574,11,7.8,8400
1826.6,574,10,8.0,8389
1827.6,574,11,7.7,8399
1828.6,574,11,7.3,8379
1829.6,574,7,7.6,8370
1830.7,574,11,7.5,8361
1831.7,574,11,7.4,8352
1832.7,574,11,7.6,8368
1833.7,574,6,7.5,8396
1834.8,574,11,7.4,8402
1835.8,574,11,7.9,8432
1836.8,574,11,7.3,8417
1837.8,574,11,7.6,8424
1838.8,574,10,7.5,8450
1839.9,574,12,7.5,8451
1840.9,574,11,7.5,8475
1841.9,574,10,7.6,8487
1842.9,574,8,7.4,8479
1844.0,574,5,7.5,8457
1845.0,574,10,7.6,8458
1846.0,574,1,7.6,8502
1847.0,574,11,7.3,8526
1848.0,574,11,7.4,8532
1849.1,574,11,7.6,8518
1850.1,574,10,7.5,8502
1851.1,574,11,7.6,8502
1852.1,574,10,7.4,8478
1853.2,574,0,7.4,8464
1854.2,574,11,7.5,8458
1855.2,574,11,7.6,8454
1856.2,574,11,7.5,8475
1857.3,574,11,7.5,8498
1858.3,574,11,7.4,8511
1859.3,574,10,7.7,8512
1860.3,574,11,7.4,8500
1861.4,574,10,7.6,8494
1862.4,574,11,7.3,8504
1863.4,574,7,7.4,8510
1864.4,574,12,7.4,8516
1865.5,574,11,7.6,8537
1866.5,574,11,7.4,8524
1867.5,574,12,7.6,8516
1868.5,574,11,7.5,8519
1869.6,574,11,7.5,8540
1870.6,574,11,7.6,8581
1871.6,574,2,7.7,8580
1872.6,574,11,7.8,8564
1873.6,574,11,7.4,8551
1874.7,574,6,7.6,8549
1875.7,574,11,7.6,8540
1876.7,574,10,7.6,8568
1877.7,574,10,7.5,8567
1878.8,574,9,7.4,8588
1879.8,574,11,7.8,8586
1880.8,574,6,7.6,8572
1881.8,574,11,7.6,8566
1882.8,574,12,7.5,8563
1883.9,574,11,7.5,8576
1884.9,574,0,7.2,8586
1885.9,574,5,7.6,8613
1886.9,574,11,7.6,8604
1888.0,574,11,7.6,8589
1889.0,574,11,7.7,8605
1890.0,574,10,7.7,8623
1891.0,574,11,7.5,8628
1892.1,574,10,7.3,8639
1893.1,574,8,7.3,8640
1894.1,574,9,7.5,8605
1895.1,574,9,7.4,8599
1896.1,574,11,7.7,8586
1897.2,574,10,7.5,8580
1898.2,574,11,7.3,8584
1899.2,574,11,7.3,8624
1900.2,574,10,7.4,8634
1901.3,574,11,7.5,8612
1902.3,574,12,7.4,8605
1903.3,574,10,7.6,8597
1904.3,574,11,7.1,8583
1905.4,574,10,7.4,8559
1906.4,574,12,7.9,8581
1907.4,574,11,7.7,8608
1908.4,574,11,7.4,8629
1909.5,574,11,7.7,8609
1910.5,574,10,7.6,8591
1911.5,574,11,7.5,8577
1912.5,574,11,7.6,8576
1913.5,574,11,7.2,8580
1914.6,574,10,7.7,8649
1915.6,574,12,7.4,8657
1916.6,574,8,7.6,8642
1917.6,574,10,7.3,8624
1918.7,574,11,8.0,8607
1919.7,574,11,7.8,8597
1920.7,574,11,7.3,8584
1921.7,574,11,7.3,8588
1922.8,574,11,7.6,8595
1923.8,574,10,7.4,8614
1924.8,574,10,7.6,8620
1925.8,574,11,7.5,8599
1926.9,574,11,7.7,8595
1927.9,574,12,7.5,8585
1928.9,574,0,7.3,8578
1929.9,574,11,7.6,8623
1931.0,574,12,7.7,8629
1932.0,574,11,7.4,8640
1933.0,574,10,7.7,8635
1934.0,574,11,7.6,8614
1935.0,574,7,7.6,8605
1936.1,574,11,7.5,8602
1937.1,574,11,7.5,8620
1938.1,574,11,7.5,8619
1939.1,574,10,7.5,8652
1940.2,574,11,8.0,8624
1941.2,574,11,7.6,8624
1942.2,574,11,7.7,8619
1943.2,574,10,7.5,8607
1944.2,574,11,7.7,8606
1945.3,574,10,7.3,8643
1946.3,574,11,7.7,8644
1947.3,574,10,7.4,8650
1948.3,574,10,7.6,8624
1949.4,574,11,7.6,8616
1950.4,574,11,7.4,8605
1951.4,574,11,7.8,8603
1952.4,574,11,7.3,8623
1953.4,574,4,7.2,8663
1954.5,574,11,7.6,8656
1955.5,574,10,7.2,8650
1956.5,574,11,7.6,8645
1957.5,574,11,7.5,8624
1958.6,574,11,7.6,8651
1959.6,574,11,7.2,8628
1960.6,574,11,7.5,8648
1961.6,574,10,6.9,8651
1962.7,574,10,7.5,8645
1963.7,574,11,7.1,8634
1964.7,574,11,6.9,8618
1965.7,574,10,7.0,8603
1966.8,574,11,6.9,8602
1967.8,574,10,6.9,8631
1968.8,574,0,6.9,8661
1969.8,574,11,6.9,8653
1970.8,574,12,7.5,8635
1971.9,574,10,6.7,8625
1972.9,574,11,7.2,8612
1973.9,574,10,7.4,8613
1974.9,574,11,6.9,8642
1976.0,574,11,7.2,8641
1977.0,574,10,7.3,8649
1978.0,574,10,7.3,8632
1979.0,574,11,7.1,8630
1980.0,574,11,7.4,8628
1981.1,574,11,7.4,8631
1982.1,574,11,7.3,8640
1983.1,574,11,7.3,8666
1984.1,574,7,7.0,8674
1985.2,574,11,7.7,8642
1986.2,574,11,7.1,8634
1987.2,574,11,7.2,8627
1988.2,574,12,7.1,8621
1989.3,574,10,7.6,8607
1990.3,574,9,7.2,8617
1991.3,574,0,7.3,8660
1992.3,574,0,7.4,8673
1993.4,574,0,7.6,8677
1994.4,574,0,7.3,8678
1995.4,574,11,7.4,8668
1996.4,574,11,7.3,8655
1997.5,574,11,7.3,8661
1998.5,574,11,7.2,8673
1999.5,574,11,7.4,8748
2000.5,574,0,7.3,8736
2001.5,574,11,7.2,8713
2002.6,574,0,7.1,8717
2003.6,574,10,7.3,8699
2004.6,574,11,7.2,8692
2005.6,574,10,7.3,8719
2006.7,574,12,7.4,8774
2007.7,574,10,7.4,8773
2008.7,574,11,7.2,8751
2009.7,574,11,7.3,8747
2010.8,574,10,7.4,8741
2011.8,574,11,7.8,8725
2012.8,574,11,7.2,8716
2013.8,574,11,6.7,8727
2014.9,574,10,7.3,8756
2015.9,574,10,7.4,8765
2016.9,574,11,7.3,8768
2017.9,574,10,7.2,8771
2018.9,574,0,7.3,8768
2020.0,574,0,7.2,8767
2021.0,574,11,7.0,8749
2022.0,574,11,7.4,8769
2023.0,574,10,7.3,8805
2024.1,574,4,7.1,8832
2025.1,574,6,7.2,8811
2026.1,574,10,7.3,8816
2027.1,574,2,7.2,8813
2028.2,574,0,7.1,8809
2029.2,574,0,7.2,8819
2030.2,574,11,7.3,8829
2031.2,574,12,7.3,8837
2032.3,574,7,7.2,8860
2033.3,574,5,7.3,8860
2034.3,574,0,7.3,8847
2035.3,574,11,7.2,8844
2036.3,574,10,7.0,8860
2037.4,574,11,7.3,8877
2038.4,574,0,7.3,8876
2039.4,574,10,7.3,8871
2040.4,574,11,7.0,8869
2041.5,574,10,7.3,8887
2042.5,574,10,7.5,8883
2043.5,574,0,7.2,8859
2044.5,574,11,7.4,8862
2045.5,574,10,6.9,8883
2046.6,574,10,7.1,8892
2047.6,573,10,7.5,8918
2048.6,573,11,7.3,8924
2049.6,573,2,7.3,8908
2050.7,573,0,7.4,8897
2051.7,573,0,7.3,8892
2052.7,573,5,6.9,8898
2053.7,573,11,7.2,8921
2054.7,573,8,6.9,8924
2055.8,573,11,7.1,8958
2056.8,573,8,7.3,8942
2057.8,573,0,7.2,8936
2058.8,573,2,6.9,8940
2059.9,573,11,6.9,8926
2060.9,573,8,6.9,8936
2061.9,573,7,7.1,8957
2062.9,573,9,7.1,8972
2064.0,573,8,7.1,8986
2065.0,573,9,7.5,8959
2066.0,573,12,7.0,8973
2067.0,573,11,6.9,8962
2068.1,573,0,7.1,8947
2069.1,573,10,7.2,8938
2070.1,573,0,7.0,9002
2071.1,573,11,7.0,9038
2072.1,573,4,7.1,9008
2073.2,573,0,7.2,9015
2074.2,573,11,7.0,9005
2075.2,573,11,7.3,8996
2076.2,573,11,7.1,8990
2077.3,573,11,7.0,8974
2078.3,573,20,6.7,9000
2079.3,573,11,7.3,9012
2080.3,573,7,7.2,9037
2081.4,573,12,7.4,9037
2082.4,573,11,6.7,9031
2083.4,573,11,7.2,9016
2084.4,573,11,7.1,9023
2085.4,573,11,6.9,9038
2086.5,573,0,7.2,9044
2087.5,573,0,6.9,9070
2088.5,573,7,7.2,9064
2089.5,573,11,6.9,9058
2090.6,573,11,6.8,9045
2091.6,573,11,7.4,9041
2092.6,573,11,6.7,9036
2093.6,573,11,7.1,9040
2094.7,573,11,7.1,9046
2095.7,573,0,6.8,9086
2096.7,573,11,6.8,9095
2097.7,573,10,7.1,9088
2098.8,573,11,7.3,9074
2099.8,573,11,7.1,9058
2100.8,573,11,7.3,9070
2101.8,573,3,7.1,9066
2102.8,573,0,6.9,9124
2103.9,573,4,7.5,9120
2104.9,573,0,6.4,9102
2105.9,573,10,7.3,9091
2106.9,573,10,7.0,9086
2108.0,573,10,7.2,9069
2109.0,573,11,6.9,9063
2110.0,573,11,7.1,9067
2111.0,573,11,6.1,9095
2112.0,571,10,7.0,9141
2113.1,571,0,7.1,9111
2114.1,567,0,6.1,9113
2115.1,566,0,6.1,9093
2116.1,566,5,7.4,9085
2117.2,566,7,6.4,9068
2118.2,566,0,6.4,9078
2119.2,566,0,6.0,9090
2120.2,566,12,6.8,9097
2121.3,566,0,6.1,9107
2122.3,566,0,6.0,9107
2123.3,566,0,6.1,9110
2124.3,566,0,6.1,9104
2125.4,566,7,6.4,9089
2126.4,566,11,6.9,9074
2127.4,566,11,6.1,9063
2128.4,566,11,6.2,9069
2129.4,566,11,6.6,9093
2130.5,566,0,6.1,9095
2131.5,566,0,6.2,9124
2132.5,566,8,7.0,9118
2133.5,566,11,6.6,9105
2134.6,566,11,6.7,9091
2135.6,566,0,6.6,9072
2136.6,566,0,6.1,9086
2137.6,566,11,6.2,9131
2138.7,566,6,6.5,9152
2139.7,566,11,6.3,9143
2140.7,566,10,6.5,9123
2141.7,566,12,7.5,9111
2142.7,566,0,6.7,9112
2143.8,566,11,6.0,9078
2144.8,566,11,6.5,9076
2145.8,566,11,5.9,9082
2146.8,566,2,6.2,9073
2147.9,566,0,6.1,9097
2148.9,566,0,6.3,9128
2149.9,566,5,6.3,9143
2150.9,566,8,6.2,9118
2152.0,566,0,6.0,9111
2153.0,566,10,6.3,9115
2154.0,566,11,6.3,9102
2155.0,566,10,6.8,9086
2156.1,566,0,6.3,9080
2157.1,566,11,6.9,9110
2158.1,566,0,6.5,9120
2159.1,566,11,6.4,9136
2160.1,566,0,6.7,9138
2161.2,566,11,6.4,9113
2162.2,566,7,7.1,9094
2163.2,566,0,6.7,9092
2164.2,566,11,6.7,9087
2165.3,566,11,6.7,9073
2166.3,566,0,6.9,9068
2167.3,566,0,7.3,9063
2168.3,566,8,7.1,9086
2169.3,566,11,7.1,9112
2170.4,566,11,6.7,9139
2171.4,566,11,7.1,9120
2172.4,566,11,6.3,9109
2173.4,566,11,6.6,9101
2174.5,566,10,6.2,9095
2175.5,566,10,6.8,9108
2176.5,566,0,6.2,9135
2177.5,566,0,6.3,9161
2178.5,566,0,6.3,9138
2179.6,566,10,6.4,9119
2180.6,566,0,6.1,9124
2181.6,566,10,5.9,9113
2182.6,566,11,6.4,9101
2183.7,566,12,6.1,9100
2184.7,566,11,6.1,9156
2185.7,566,11,6.6,9159
2186.7,566,0,6.3,9163
2187.8,566,11,6.7,9163
2188.8,566,10,6.3,9147
2189.8,566,11,6.6,9134
2190.8,566,0,6.1,9118
2191.9,566,10,6.2,9110
2192.9,566,3,7.6,9094
2193.9,566,11,7.0,9086
2194.9,566,0,6.5,9089
2195.9,566,1,6.6,9140
2197.0,566,0,7.1,9164
2198.0,566,10,6.7,9143
2199.0,566,3,6.7,9130
2200.0,566,10,6.5,9119
2201.1,566,11,6.7,9102
2202.1,566,11,6.3,9106
2203.1,566,10,7.1,9145
2204.1,566,0,6.0,9182
2205.1,566,0,6.6,9162
2206.2,566,11,6.0,9146
2207.2,566,11,9.2,9149
2208.2,566,0,7.2,9139
2209.2,566,0,6.1,9142
2210.3,566,0,6.3,9167
2211.3,566,11,6.4,9209
2212.3,566,0,6.4,9193
2213.3,566,11,6.3,9187
2214.4,566,5,6.0,9161
2215.4,566,11,6.0,9147
2216.4,566,0,6.0,9152
2217.4,566,0,6.3,9129
2218.4,566,10,6.2,9132
2219.5,566,10,6.6,9120
2220.5,566,2,6.3,9161
2221.5,566,11,6.2,9167
2222.5,566,11,6.4,9139
2223.6,566,0,6.2,9163
2224.6,566,11,6.1,9165
2225.6,566,10,6.1,9129
2226.6,566,11,5.9,9122
2227.6,566,10,6.4,9113
2228.7,566,0,6.1,9111
2229.7,566,0,6.2,9112
2230.7,566,0,6.2,9152
2231.7,566,0,6.2,9172
2232.8,566,11,6.2,9189
2233.8,566,11,5.9,9189
2234.8,566,10,6.2,9171
2235.8,566,11,6.0,9150
2236.9,566,3,5.8,9151
2237.9,566,0,6.4,9139
2238.9,566,0,6.1,9117
2239.9,566,0,6.0,9123
2240.9,566,5,6.7,9159
2242.0,566,0,5.9,9174
2243.0,566,11,6.0,9177
2244.0,566,0,6.1,9167
2245.0,566,0,6.0,9157
2246.1,566,0,6.0,9132
2247.1,566,0,6.9,9119
2248.1,566,0,5.9,9115
2249.1,566,0,6.2,9114
2250.1,566,0,6.4,9132
2251.2,566,0,6.3,9140
2252.2,566,1,5.8,9132
2253.2,566,11,6.4,9160
2254.2,566,7,6.8,9156
2255.3,566,12,6.1,9142
2256.3,566,12,6.3,9135
2257.3,566,11,6.2,9124
2258.3,566,0,6.3,9124
2259.4,566,0,6.0,9166
2260.4,566,12,6.1,9174
2261.4,566,0,6.3,9169
2262.4,566,8,5.9,9166
2263.5,566,11,6.6,9150
2264.5,566,0,6.1,9141
2265.5,566,0,6.2,9123
2266.5,566,11,6.5,9123
2267.6,566,11,6.2,9153
2268.6,566,9,6.7,9177
2269.6,566,0,5.9,9182
2270.6,566,0,6.2,9166
2271.6,566,0,6.3,9161
2272.7,566,0,6.7,9131
2273.7,566,0,6.3,9126
2274.7,566,10,6.5,9111
2275.7,566,0,6.1,9103
2276.8,566,11,6.0,9096
2277.8,566,11,6.6,9119
2278.8,566,0,6.1,9144
2279.8,566,0,6.2,9174
2280.9,566,0,5.9,9156
2281.9,566,10,6.4,9145
2282.9,566,10,6.5,9135
2283.9,566,4,6.0,9112
2284.9,566,10,6.0,9106
2286.0,566,12,6.0,9173
2287.0,566,11,6.3,9179
2288.0,566,0,6.1,9172
2289.0,566,0,6.0,9177
2290.0,566,11,6.7,9158
2291.1,566,0,6.1,9144
2292.1,566,10,6.7,9131
2293.1,566,0,6.0,9129
2294.1,566,2,6.8,9141
2295.2,566,0,6.7,9151
2296.2,566,11,6.1,9156
2297.2,566,0,6.0,9181
2298.2,566,11,6.5,9184
2299.3,566,0,6.4,9169
2300.3,566,11,6.0,9167
2301.3,566,0,6.1,9167
2302.3,566,12,6.5,9159
2303.4,566,0,7.3,9173
2304.4,566,0,5.9,9162
2305.4,566,0,6.1,9148
2306.4,566,0,6.3,9140
2307.4,566,3,6.4,9153
2308.5,566,11,6.3,9172
2309.5,566,11,6.1,9173
2310.5,566,11,6.0,9186
2311.5,566,0,6.3,9190
2312.6,566,0,6.0,9175
2313.6,566,10,6.1,9185
2314.6,566,9,6.5,9198
2315.6,566,0,6.0,9233
2316.7,566,0,6.5,9208
2317.7,566,6,6.5,9214
2318.7,566,3,6.0,9201
2319.7,566,8,6.1,9189
2320.7,566,11,5.9,9177
2321.8,566,11,6.3,9177
2322.8,566,2,5.9,9156
2323.8,566,0,6.1,9153
2324.8,566,10,6.7,9159
2325.9,566,0,5.9,9153
2326.9,566,0,6.5,9165
2327.9,566,0,6.3,9177
2328.9,566,5,6.5,9178
2330.0,566,12,6.1,9175
2331.0,566,0,6.4,9172
2332.0,566,11,6.6,9152
2333.0,566,0,6.2,9155
2334.1,566,11,6.6,9150
2335.1,566,11,6.6,9167
2336.1,566,11,6.4,9176
2337.1,566,0,6.3,9181
2338.1,566,10,6.8,9187
2339.2,566,0,5.8,9180
2340.2,566,11,6.3,9171
2341.2,566,0,5.9,9169
2342.2,566,0,6.2,9162
2343.3,566,5,6.4,9181
2344.3,567,11,6.0,9181
2345.3,566,0,6.0,9207
2346.3,566,0,6.2,9210
2347.4,564,11,6.1,9191
2348.4,564,10,6.8,9185
2349.4,564,0,5.9,9173
2350.4,564,0,6.5,9201
2351.4,564,10,6.4,9212
2352.5,564,0,6.3,9224
2353.5,564,10,6.3,9225
2354.5,564,10,6.2,9215
2355.5,564,11,6.1,9209
2356.6,564,11,6.2,9195
2357.6,564,6,6.7,9184
2358.6,564,3,6.1,9176
2359.6,564,0,5.8,9177
2360.7,564,0,6.1,9194
2361.7,564,10,6.1,9207
2362.7,564,11,5.9,9218
2363.7,564,11,6.3,9212
2364.7,564,3,6.4,9214
2365.8,564,0,5.8,9202
2366.8,564,0,6.4,9180
2367.8,564,10,6.1,9179
2368.8,564,11,5.9,9173
2369.9,564,0,6.4,9179
2370.9,564,0,6.3,9184
2371.9,564,7,6.0,9191
2372.9,564,0,6.3,9199
2374.0,564,11,5.8,9202
2375.0,564,0,6.1,9196
2376.0,564,0,5.9,9179
2377.0,564,0,6.1,9166
2378.1,564,0,5.9,9168
2379.1,564,11,6.8,9153
2380.1,564,11,6.1,9162
2381.1,564,10,6.4,9164
2382.2,564,0,6.3,9175
2383.2,564,0,6.1,9191
2384.2,564,0,6.4,9189
2385.2,564,0,6.2,9178
2386.2,564,10,7.0,9162
2387.3,564,7,6.2,9149
2388.3,564,0,6.5,9141
2389.3,564,10,6.0,9146
2390.3,564,0,6.2,9167
2391.4,564,11,6.0,9164
2392.4,564,0,6.6,9169
2393.4,564,0,6.0,9191
2394.4,564,11,6.3,9178
2395.4,564,11,6.2,9165
2396.5,564,0,6.3,9153
2397.5,564,10,6.3,9149
2398.5,564,0,6.3,9153
2399.5,564,11,6.5,9165
2400.6,564,11,6.0,9170
2401.6,564,10,6.0,9181
2402.6,564,11,6.1,9169
2403.6,564,0,6.0,9172
2404.6,564,11,6.7,9166
2405.7,564,0,6.0,9155
2406.7,564,0,6.2,9150
2407.7,564,11,6.6,9135
2408.7,564,4,6.5,9135
2409.8,564,12,6.5,9155
2410.8,564,8,6.2,9165
2411.8,564,11,6.1,9163
2412.8,564,0,6.1,9173
2413.9,564,0,6.1,9156
2414.9,564,0,6.2,9151
2415.9,564,0,6.0,9149
2416.9,563,0,6.1,9147
2418.0,563,0,6.2,9157
2419.0,563,11,6.3,9155
2420.0,563,11,6.1,9162
2421.0,563,11,6.1,9159
2422.1,563,0,6.0,9160
2423.1,563,0,6.2,9168
2424.1,563,0,6.1,9159
2425.1,563,11,6.7,9151
2426.1,563,10,6.6,9158
2427.2,563,0,6.7,9188
2428.2,563,11,6.4,9211
2429.2,563,0,6.6,9207
2430.2,563,11,6.1,9196
2431.3,563,0,6.7,9186
2432.3,563,11,6.3,9180
2433.3,563,0,6.6,9168
2434.3,563,0,7.2,9158
2435.4,563,0,6.6,9169
2436.4,563,11,6.6,9168
2437.4,563,0,6.4,9190
2438.4,563,0,5.9,9188
2439.5,563,11,6.2,9185
2440.5,563,11,6.6,9184
2441.5,563,0,6.1,9172
2442.5,563,11,6.7,9168
2443.6,563,3,6.7,9153
2444.6,563,4,6.2,9152
2445.6,563,0,6.7,9151
2446.6,563,11,5.8,9164
2447.6,563,11,6.5,9181
2448.7,580,11,7.1,9211
2449.7,578,10,6.5,9195
2450.7,575,11,6.5,9193
2451.7,574,2,6.1,9186
2452.8,574,10,6.1,9176
2453.8,571,0,6.6,9168
2454.8,571,11,6.2,9176
2455.8,571,11,6.3,9204
2456.8,571,10,6.2,9212
2457.9,571,11,6.0,9214
2458.9,571,11,6.2,9195
2459.9,571,0,6.6,9190
2460.9,571,0,6.1,9182
2462.0,571,0,6.5,9173
2463.0,571,11,7.1,9170
2464.0,571,0,6.2,9163
2465.0,571,11,6.9,9168
2466.1,571,3,5.9,9182
2467.1,571,0,6.2,9180
2468.1,571,0,6.5,9183
2469.1,571,10,6.3,9195
2470.1,571,12,5.9,9194
2471.2,571,0,6.2,9181
2472.2,571,0,6.4,9177
2473.2,571,0,6.1,9188
2474.2,571,11,5.8,9189
2475.3,571,11,6.0,9195
2476.3,571,2,6.6,9195
2477.3,571,0,6.1,9197
2478.3,571,8,5.9,9204
2479.4,570,11,6.3,9193
2480.4,570,0,5.9,9190
2481.4,570,0,6.0,9182
2482.4,570,0,5.9,9177
2483.4,570,0,6.1,9189
2484.5,570,0,6.0,9196
2485.5,570,0,6.3,9198
2486.5,570,0,6.5,9181
2487.5,570,0,6.2,9206
2488.6,570,0,6.1,9200
2489.6,570,0,5.9,9185
2490.6,570,11,6.5,9168
2491.6,570,0,6.3,9166
2492.7,570,0,6.0,9186
2493.7,570,11,6.2,9207
2494.7,570,0,6.7,9199
2495.7,570,0,6.2,9217
2496.7,570,0,6.0,9213
2497.8,570,0,6.4,9204
2498.8,570,11,5.9,9190
2499.8,570,11,6.3,9177
2500.8,570,4,6.3,9185
2501.9,570,12,6.3,9193
2502.9,570,11,6.3,9194
2503.9,570,10,6.3,9207
2504.9,570,11,5.9,9223
2505.9,570,11,6.1,9217
2507.0,570,0,6.7,9209
2508.0,570,0,6.0,9198
2509.0,570,0,5.8,9191
2510.0,570,0,6.3,9192
2511.1,570,3,6.8,9192
2512.1,570,12,6.0,9201
2513.1,570,0,5.9,9196
2514.1,570,0,6.6,9213
2515.2,570,11,6.5,9213
2516.2,570,0,6.1,9212
2517.2,570,10,6.3,9209
2518.2,570,0,6.1,9194
2519.2,570,0,6.4,9176
2520.3,570,10,6.5,9173
2521.3,570,11,6.5,9180
2522.3,570,11,6.6,9186
2523.3,570,11,6.4,9208
2524.4,570,0,6.0,9228
2525.4,570,10,5.9,9225
2526.4,570,3,6.3,9209
2527.4,570,11,6.0,9207
2528.5,570,10,5.9,9192
2529.5,570,0,6.3,9201
2530.5,570,0,6.2,9233
2531.5,570,11,6.2,9230
2532.5,582,17,6.1,9234
2533.6,580,0,5.9,9232
2534.6,577,7,6.5,9218
2535.6,576,0,6.2,9217
2536.6,576,0,6.0,9221
2537.7,572,0,6.2,9224
2538.7,572,11,6.3,9248
2539.7,572,11,5.8,9257
2540.7,572,11,6.5,9260
2541.8,572,0,6.0,9261
2542.8,572,0,6.5,9247
2543.8,572,0,6.3,9234
2544.8,572,11,6.0,9219
2545.9,572,0,6.5,9205
2546.9,572,0,6.1,9192
2547.9,572,0,6.2,9189
2548.9,572,0,5.9,9197
2549.9,572,8,6.0,9223
2551.0,572,10,6.2,9243
2552.0,572,10,6.0,9245
2553.0,572,0,6.3,9233
2554.0,572,11,6.2,9225
2555.1,572,0,6.0,9218
2556.1,572,11,6.0,9212
2557.1,572,0,6.0,9210
2558.1,572,0,6.0,9218
2559.2,572,11,6.2,9233
2560.2,572,9,6.3,9229
2561.2,572,11,6.5,9258
2562.2,572,0,6.4,9254
2563.3,571,12,5.9,9238
2564.3,571,11,6.7,9237
2565.3,571,10,6.2,9249
2566.3,571,0,6.3,9257
2567.4,571,0,6.5,9243
2568.4,571,0,6.4,9264
2569.4,571,4,6.7,9258
2570.4,571,2,6.1,9278
2571.4,571,11,6.6,9255
2572.5,571,0,6.4,9250
2573.5,571,11,5.9,9227
2574.5,571,11,6.0,9228
2575.5,571,12,6.2,9212
2576.6,571,10,6.1,9207
2577.6,571,11,6.0,9192
2578.6,571,11,6.3,9183
2579.6,571,10,6.2,9186
2580.6,571,7,6.1,9199
2581.7,571,10,5.9,9227
2582.7,571,11,6.3,9254
2583.7,571,2,6.8,9243
2584.7,571,11,6.4,9246
2585.8,571,11,5.8,9228
2586.8,571,11,5.9,9218
2587.8,571,11,6.7,9219
2588.8,571,0,6.0,9229
2589.9,571,0,5.9,9247
2590.9,571,11,6.1,9258
2591.9,571,0,6.5,9263
2592.9,571,10,6.0,9255
2594.0,571,11,6.0,9248
2595.0,571,11,7.1,9230
2596.0,571,5,6.4,9219
2597.0,571,11,6.6,9220
2598.0,571,11,5.8,9214
2599.1,571,11,6.0,9214
2600.1,571,11,6.3,9212
2601.1,571,11,6.5,9235
2602.1,571,0,5.7,9259
2603.2,571,0,6.4,9263
2604.2,571,11,6.2,9260
2605.2,571,11,7.1,9260
2606.2,571,1,6.5,9248
2607.3,571,7,5.9,9241
2608.3,571,11,6.6,9212
2609.3,571,11,6.8,9212
2610.3,571,0,6.4,9207
2611.3,571,0,6.5,9206
2612.4,571,0,6.6,9212
2613.4,571,10,6.1,9208
2614.4,571,11,6.9,9244
2615.4,571,0,6.1,9258
2616.5,571,0,6.3,9237
2617.5,571,11,6.1,9236
2618.5,571,0,6.7,9226
2619.5,571,0,6.2,9229
2620.5,571,0,6.1,9242
2621.6,571,0,6.4,9233
2622.6,571,0,6.7,9240
2623.6,571,10,6.5,9274
2624.6,571,0,5.9,9274
2625.7,571,0,6.0,9246
2626.7,571,0,6.2,9238
2627.7,571,11,6.1,9234
2628.7,571,0,6.4,9262
2629.8,571,0,6.1,9264
2630.8,571,10,6.4,9272
2631.8,571,0,6.0,9272
2632.8,571,10,6.5,9272
2633.8,571,0,6.5,9273
2634.9,571,0,6.0,9262
2635.9,571,0,6.3,9247
2636.9,571,0,6.0,9224
2637.9,571,0,6.1,9221
2639.0,571,0,6.1,9210
2640.0,571,11,6.0,9206
2641.0,571,10,6.0,9215
2642.0,571,10,6.6,9238
2643.0,571,0,6.0,9247
2644.1,571,0,6.0,9250
2645.1,571,0,6.3,9263
2646.1,571,11,6.2,9252
2647.1,571,0,5.9,9237
2648.2,571,0,6.9,9220
2649.2,571,11,6.2,9201
2650.2,571,0,6.3,9203
2651.2,571,0,6.3,9235
2652.3,571,0,6.2,9240
2653.3,571,0,6.0,9252
2654.3,571,0,6.2,9253
2655.3,571,0,6.0,9255
2656.3,571,0,6.2,9245
2657.4,571,0,6.0,9239
2658.4,571,10,6.4,9223
2659.4,571,0,6.4,9221
2660.4,571,0,6.8,9231
2661.5,571,0,6.2,9285
2662.5,571,0,6.4,9294
2663.5,571,11,6.2,9280
2664.5,571,12,7.2,9260
2665.5,571,0,6.3,9257
2666.6,571,11,6.2,9244
2667.6,571,0,6.1,9243
2668.6,571,11,6.1,9262
2669.6,571,11,6.3,9278
2670.7,571,0,6.1,9292
2671.7,571,10,6.8,9295
2672.7,571,0,6.0,9282
2673.7,571,10,6.6,9264
2674.8,571,11,6.7,9253
2675.8,571,11,6.3,9235
2676.8,571,11,6.2,9235
2677.8,571,10,6.1,9222
2678.8,571,0,5.9,9212
2679.9,571,10,6.2,9232
2680.9,571,11,6.1,9270
2681.9,571,11,6.4,9284
2682.9,571,11,6.1,9285
2684.0,571,4,6.2,9263
2685.0,571,0,5.8,9267
2686.0,571,0,6.3,9256
2687.0,571,0,6.1,9234
2688.1,571,0,6.3,9144
2689.1,571,0,6.0,9271
2690.1,571,3,7.2,9257
2691.1,571,0,6.2,9255
2692.1,571,0,6.0,9285
2693.2,571,0,6.1,9307
2694.2,571,10,6.1,9294
2695.2,571,0,6.0,9268
2696.2,571,5,6.0,9238
2697.3,571,11,6.1,9254
2698.3,571,0,5.8,9229
2699.3,571,0,6.0,9225
2700.3,571,0,6.1,9219
2701.4,571,0,6.8,9199
2702.4,571,10,6.1,9194
2703.4,571,11,6.6,9188
2704.4,571,11,6.2,9204
2705.4,571,7,6.3,9221
2706.5,571,11,6.4,9232
2707.5,571,0,5.9,9235
2708.5,571,0,6.1,9235
2709.5,571,11,6.4,9234
2710.6,571,0,6.3,9211
2711.6,571,0,6.1,9194
2712.6,571,0,5.9,9211
2713.6,571,0,6.2,9239
2714.7,571,0,6.2,9261
2715.7,571,0,6.4,9263
2716.7,571,0,5.7,9253
2717.7,571,0,6.1,9239
2718.7,571,11,6.0,9240
2719.8,571,0,5.8,9224
2720.8,571,0,5.8,9207
2721.8,571,0,6.1,9204
2722.8,571,0,6.0,9214
2723.9,571,0,6.0,9258
2724.9,571,10,6.3,9269
2725.9,571,11,6.3,9298
2726.9,571,11,5.6,9269
2728.0,571,11,6.2,9268
2729.0,571,0,6.2,9255
2730.0,571,11,6.4,9237
2731.0,571,10,6.0,9223
2732.0,571,11,6.8,9213
2733.1,571,11,5.9,9194
2734.1,571,0,6.2,9226
2735.1,571,0,5.8,9238
2736.1,571,0,6.0,9240
2737.2,571,11,6.1,9247
2738.2,571,11,6.0,9259
2739.2,571,11,5.8,9251
2740.2,571,0,6.3,9235
2741.3,571,11,5.8,9229
2742.3,571,11,6.0,9229
2743.3,571,7,6.6,9254
2744.3,571,5,6.1,9282
2745.3,571,11,6.0,9278
2746.4,571,11,6.5,9289
2747.4,571,4,5.9,9272
2748.4,571,0,6.1,9251
2749.4,571,11,5.9,9244
2750.5,571,11,6.1,9234
2751.5,571,11,5.8,9229
2752.5,571,0,6.5,9266
2753.5,571,0,6.3,9255
2754.6,571,0,5.9,9293
2755.6,571,0,6.7,9278
2756.6,571,0,6.4,9266
2757.6,571,6,6.0,9255
2758.7,571,11,6.9,9251
2759.7,571,0,5.7,9246
2760.7,571,11,6.1,9250
2761.7,571,11,6.1,9247
2762.7,571,0,5.8,9306
2763.8,571,0,6.1,9299
2764.8,571,1,6.6,9285
2765.8,571,0,6.5,9272
2766.8,571,10,6.0,9276
2767.9,571,12,6.3,9250
2768.9,571,8,6.5,9251
2769.9,571,11,6.1,9242
2770.9,571,12,6.2,9244
2771.9,571,0,6.4,9255
2773.0,571,11,6.2,9268
2774.0,571,0,6.0,9277
2775.0,571,0,6.1,9281
2776.0,571,4,6.6,9269
2777.1,571,0,6.0,9258
2778.1,571,0,6.1,9244
2779.1,571,0,5.9,9239
2780.1,571,0,6.1,9251
2781.2,571,0,6.1,9275
2782.2,571,0,5.8,9282
2783.2,571,0,6.4,9282
2784.2,571,0,6.0,9305
2785.2,571,7,5.9,9294
2786.3,571,11,6.3,9268
2787.3,571,11,6.0,9264
2788.3,571,11,6.5,9317
2789.3,571,0,6.0,9323
2790.4,571,11,6.0,9314
2791.4,571,0,5.9,9323
2792.4,571,0,6.7,9316
2793.4,571,11,6.1,9300
2794.4,571,11,6.0,9271
2795.5,571,10,5.9,9271
2796.5,571,10,6.1,9261
2797.5,571,11,5.8,9253
2798.5,571,11,5.9,9242
2799.6,571,0,6.1,9251
2800.6,571,0,6.1,9259
2801.6,571,0,5.7,9275
2802.6,571,11,6.4,9305
2803.7,571,9,6.1,9289
2804.7,571,11,6.0,9282
2805.7,571,11,6.1,9270
2806.7,571,0,6.2,9255
2807.7,571,0,5.9,9257
2808.8,571,0,6.6,9244
2809.8,571,0,6.0,9252
2810.8,571,0,5.9,9263
2811.8,571,0,6.6,9271
2812.9,571,0,6.3,9292
2813.9,571,0,6.0,9282
2814.9,571,11,6.2,9286
2815.9,571,0,6.1,9266
2817.0,571,0,5.9,9253
2818.0,571,0,6.0,9242
2819.0,571,0,6.2,9256
2820.0,571,11,6.3,9280
2821.0,571,11,5.9,9310
2822.1,571,11,6.3,9294
2823.1,571,11,6.4,9284
2824.1,571,11,6.1,9279
2825.1,571,11,6.0,9268
2826.2,571,11,6.1,9255
2827.2,571,0,6.3,9237
2828.2,571,0,5.9,9236
2829.2,571,0,6.2,9249
2830.3,571,11,6.2,9283
2831.3,571,0,6.3,9289
2832.3,571,11,6.0,9292
2833.3,571,12,6.0,9277
2834.4,571,10,7.1,9261
2835.4,571,11,6.1,9262
2836.4,571,10,5.8,9246
2837.4,571,10,6.5,9236
2838.4,571,10,6.2,9269
2839.5,571,10,6.6,9272
2840.5,571,0,6.0,9296
2841.5,571,11,6.2,9297
2842.5,571,4,6.8,9287
2843.6,571,0,6.1,9269
2844.6,571,0,5.9,9253
2845.6,571,0,6.2,9245
2846.6,571,0,6.2,9246
2847.7,571,0,6.0,9249
2848.7,571,0,6.0,9296
2849.7,571,0,6.1,9308
2850.7,571,0,6.1,9291
2851.8,571,0,6.1,9292
2852.8,571,0,5.7,9259
2853.8,571,0,6.0,9255
2854.8,571,11,6.2,9253
2855.8,571,8,6.1,9255
2856.9,571,7,6.1,9293
2857.9,571,0,5.9,9298
2858.9,571,3,6.7,9322
2859.9,571,0,6.0,9297
2861.0,571,0,6.0,9284
2862.0,571,0,5.7,9273
2863.0,571,0,6.6,9258
2864.0,571,6,5.9,9257
2865.1,571,0,6.0,9251
2866.1,571,12,5.9,9278
2867.1,571,11,6.6,9305
2868.1,571,0,6.0,9326
2869.2,571,11,6.2,9328
2870.2,571,11,5.7,9306
2871.2,571,12,5.9,9279
2872.2,571,0,6.1,9280
2873.2,571,0,6.2,9269
2874.3,571,11,6.2,9267
2875.3,571,11,5.9,9255
2876.3,571,11,5.8,9255
2877.3,571,11,5.8,9291
2878.4,571,11,6.4,9284
2879.4,571,0,6.3,9312
2880.4,571,0,6.4,9305
2881.4,571,0,6.1,9291
2882.5,571,11,6.9,9287
2883.5,571,10,6.1,9274
2884.5,571,0,6.5,9265
2885.5,571,5,6.0,9260
2886.6,571,10,6.1,9323
2887.6,571,10,6.2,9301
2888.6,571,11,6.7,9327
2889.6,571,7,6.6,9317
2890.6,571,10,6.5,9292
2891.7,571,0,5.9,9283
2892.7,571,0,6.3,9279
2893.7,571,0,6.6,9274
2894.7,571,0,6.1,9262
2895.8,571,0,6.7,9259
2896.8,571,11,6.2,9260
2897.8,571,3,6.4,9317
2898.8,571,0,6.2,9339
2899.8,571,0,6.0,9311
2900.9,571,0,6.2,9304
2901.9,571,11,6.8,9296
2902.9,571,11,6.8,9302
2903.9,571,11,6.8,9339
2905.0,571,0,6.5,9377
2906.0,571,11,5.9,9366
2907.0,571,0,6.2,9364
2908.0,571,0,7.0,9345
2909.1,571,0,6.7,9325
2910.1,571,11,6.7,9324
2911.1,571,3,6.9,9305
2912.1,571,0,6.3,9311
2913.2,571,4,6.0,9287
2914.2,571,8,6.0,9273
2915.2,571,10,6.5,9260
2916.2,571,11,7.3,9249
2917.2,571,11,7.3,9282
2918.3,571,5,6.8,9299
2919.3,571,0,6.5,9330
2920.3,571,0,6.9,9342
2921.3,571,0,6.5,9331
2922.4,571,10,6.7,9313
2923.4,571,3,6.5,9283
2924.4,571,11,6.5,9305
2925.4,571,10,6.7,9290
2926.4,571,11,7.1,9276
2927.5,571,4,6.7,9267
2928.5,571,9,6.6,9251
2929.5,571,11,6.6,9245
2930.5,571,0,6.3,9239
2931.6,571,8,7.2,9236
2932.6,571,10,7.3,9281
2933.6,571,11,6.2,9289
2934.6,571,10,6.4,9314
2935.7,571,0,6.2,9297
2936.7,571,0,6.0,9285
2937.7,571,0,6.7,9282
2938.7,571,0,6.0,9269
2939.8,571,10,6.9,9266
2940.8,571,11,7.1,9249
2941.8,571,3,7.5,9241
2942.8,571,0,6.4,9253
2943.8,571,11,6.0,9270
2944.9,571,11,6.2,9287
2945.9,571,10,6.0,9297
2946.9,571,0,6.3,9293
2947.9,571,0,6.4,9288
2949.0,571,11,6.2,9278
2950.0,571,11,6.0,9274
2951.0,571,11,7.2,9261
2952.0,571,0,7.0,9250
2953.1,571,0,7.1,9257
2954.1,571,0,6.5,9269
2955.1,571,0,6.2,9300
2956.1,571,0,6.2,9321
2957.1,571,8,7.1,9319
2958.2,571,11,7.2,9303
2959.2,571,0,6.1,9302
2960.2,571,11,6.0,9293
2961.2,571,0,6.2,9285
2962.3,571,10,7.1,9285
2963.3,571,11,7.3,9263
2964.3,593,26,7.7,9263
2965.3,612,25,11.5,9374
2966.3,651,39,12.1,9485
2967.4,656,13,8.5,9487
2968.4,638,42,8.9,9480
2969.4,623,27,7.0,9470
2970.4,621,6,7.1,9478
2971.4,590,14,6.9,9463
2972.5,592,10,7.8,9461
2973.5,590,0,6.5,9484
2974.5,591,38,9.1,9501
2975.5,589,92,8.9,9511
2976.6,589,2,7.6,9541
2977.6,584,7,7.7,9511
2978.6,583,5,7.2,9532
2979.6,603,11,7.2,9510
2980.6,636,32,8.8,9513
2981.6,645,0,6.6,9501
2982.7,643,0,6.9,9512
2983.7,643,79,7.0,9514
2984.7,643,0,7.3,9522
2985.7,592,0,7.1,9518
2986.7,592,66,7.5,9565
2987.8,592,0,7.1,9566
2988.8,592,0,7.1,9562
2989.8,592,1,7.0,9549
2990.8,592,0,8.4,9443
2991.9,592,90,8.3,9445
2992.9,592,5,7.3,9475
2993.9,592,0,7.2,9476
2994.9,592,1,7.0,9490
2995.9,592,1,7.1,9457
2997.0,592,0,6.0,9459
2998.0,592,2,7.5,9442
2999.0,592,0,6.4,9433
3000.0,592,2,6.7,9432
3001.0,592,0,6.5,9419
3002.1,592,2,7.2,9409
3003.1,592,2,7.4,9396
3004.1,592,0,6.8,9384
3005.1,592,0,6.4,9378
3006.1,592,2,6.8,9361
3007.2,597,2,6.8,9349
3008.2,597,2,7.0,9341
3009.2,596,2,6.4,9337
3010.2,596,0,7.1,9369
3011.2,596,2,6.8,9399
3012.3,592,2,6.9,9417
3013.3,592,2,6.8,9411
3014.3,609,82,7.2,9394
3015.3,610,0,5.9,9376
3016.3,609,7,6.6,9369
3017.4,608,1,6.4,9362
3018.4,608,0,6.4,9352
3019.4,604,13,6.0,9339
3020.4,592,2,6.8,9329
3021.5,592,13,6.8,9331
3022.5,592,2,7.0,9387
3023.5,592,2,7.0,9382
3024.5,592,15,7.1,9397
3025.6,590,0,6.9,9406
3026.6,590,0,6.3,9410
3027.6,590,13,6.2,9396
3028.6,590,2,6.8,9384
3029.7,590,0,7.3,9375
3030.7,590,13,6.6,9383
3031.7,590,2,7.2,9420
3032.7,590,2,7.0,9382
3033.7,590,15,7.2,9374
3034.8,594,2,7.0,9395
3035.8,606,2,6.7,9401
3036.8,606,12,6.2,9416
3037.8,603,2,6.8,9403
3038.9,598,2,7.6,9376
3039.9,605,14,6.9,9380
3040.9,605,0,6.3,9376
3041.9,603,2,6.3,9368
3043.0,602,15,7.0,9375
3044.0,602,2,6.9,9384
3045.0,598,0,6.9,9413
3046.0,598,14,6.7,9413
3047.0,598,2,7.3,9408
3048.1,598,0,6.1,9388
3049.1,598,14,6.9,9388
3050.1,598,2,7.3,9389
3051.1,598,0,6.5,9380
3052.2,598,13,6.7,9366
3053.2,598,0,6.3,9361
3054.2,603,2,7.1,9359
3055.2,599,13,6.9,9370
3056.3,599,2,7.5,9418
3057.3,599,0,7.2,9416
3058.3,598,14,7.1,9428
3059.3,598,0,7.5,9420
3060.3,598,0,8.2,9470
3061.4,598,15,6.5,9497
3062.4,598,2,6.8,9514
3063.4,598,2,7.1,9491
3064.4,598,2,7.0,9493
3065.5,598,2,7.4,9482
3066.5,598,13,6.9,9463
3067.5,596,2,7.0,9441
3068.5,596,2,7.2,9446
3069.6,596,13,6.5,9436
3070.6,596,0,6.8,9464
3071.6,596,0,6.1,9499
3072.6,596,15,6.9,9514
3073.6,596,3,6.9,9512
3074.7,596,2,6.4,9495
3075.7,596,12,6.0,9491
3076.7,596,2,6.2,9480
3077.7,596,2,6.1,9480
3078.8,596,13,6.3,9446
3079.8,596,0,5.7,9447
3080.8,596,0,6.4,9442
3081.8,596,15,6.3,9458
3082.9,596,0,6.1,9469
3083.9,596,0,6.4,9491
3084.9,601,12,6.4,9509
3085.9,601,0,6.0,9491
3086.9,600,0,6.1,9478
3088.0,600,13,5.9,9466
3089.0,600,0,6.0,9459
3090.0,596,2,5.8,9446
3091.0,596,12,6.2,9435
3092.1,602,2,6.1,9424
3093.1,612,100,6.6,9477
3094.1,611,0,6.1,9515
3095.1,609,10,6.2,9511
3096.1,608,0,5.9,9499
3097.2,608,16,6.3,9478
3098.2,598,30,6.3,9475
3099.2,598,0,6.0,9463
3100.2,598,40,6.0,9456
3101.2,598,2,6.0,9433
3102.3,598,2,5.8,9433
3103.3,598,0,5.9,9423
3104.3,598,0,6.0,9466
3105.3,598,0,5.8,9493
3106.3,598,0,6.0,9493
3107.4,598,0,6.0,9501
3108.4,598,0,5.7,9487
3109.4,598,0,5.9,9470
3110.4,598,3,6.4,9461
3111.5,598,2,6.0,9446
3112.5,598,2,5.9,9436
3113.5,598,2,6.5,9435
3114.5,598,0,6.0,9463
3115.5,598,0,5.9,9473
3116.6,598,0,5.8,9504
3117.6,598,3,5.9,9472
3118.6,598,0,5.8,9471
3119.6,598,0,6.0,9463
3120.6,598,0,6.2,9447
3121.7,598,2,6.0,9440
3122.7,598,0,5.8,9445
3123.7,598,0,6.0,9465
3124.7,598,2,5.8,9495
3125.7,598,0,6.7,9520
3126.8,597,0,6.9,9495
3127.8,608,1,7.6,9483
3128.8,612,0,8.1,9483
3129.8,614,7,8.4,9472
3130.9,613,0,7.6,9470
3131.9,612,45,9.1,9538
3132.9,601,14,7.4,9557
3133.9,603,34,7.5,9543
3134.9,599,1,6.7,9537
3136.0,599,1,7.0,9523
3137.0,599,16,7.2,9518
3138.0,599,2,7.2,9505
3139.0,598,2,7.0,9495
3140.1,598,15,7.2,9485
3141.1,598,2,6.9,9490
3142.1,598,2,7.6,9514
3143.1,598,13,6.2,9535
3144.2,598,2,6.2,9542
3145.2,598,0,6.0,9559
3146.2,598,13,6.1,9537
3147.2,598,0,6.0,9531
3148.3,598,0,6.5,9520
3149.3,598,15,6.0,9506
3150.3,598,0,5.9,9496
3151.3,598,0,5.9,9481
3152.3,598,12,6.0,9469
3153.4,624,90,7.7,9509
3154.4,625,26,6.6,9499
3155.4,621,0,6.2,9499
3156.4,621,52,6.4,9490
3157.5,621,1,6.3,9522
3158.5,616,0,6.5,9554
3159.5,600,61,6.6,9557
3160.5,612,0,6.1,9537
3161.5,612,0,5.8,9552
3162.6,606,0,6.2,9525
3163.6,605,82,6.4,9516
3164.6,618,37,6.8,9507
3165.6,700,6,10.1,9631
3166.6,717,13,7.6,9676
3167.7,694,49,7.7,9748
3168.7,693,0,7.2,9763
3169.7,693,11,7.1,9791
3170.7,692,21,7.3,9787
3171.7,663,22,7.2,9773
3172.8,711,59,7.6,9747
3173.8,702,0,7.2,9741
3174.8,693,40,7.9,9714
3175.8,692,3,6.9,9701
3176.8,679,6,6.8,9694
3177.9,690,2,7.2,9684
3178.9,681,1,6.5,9685
3179.9,667,1,6.8,9675
3180.9,653,7,6.6,9668
3182.0,653,14,6.9,9700
3183.0,709,31,8.3,9742
3184.0,713,53,7.5,9742
3185.0,688,11,8.2,9788
3186.0,688,6,8.7,9763
3187.1,674,13,7.1,9762
3188.1,683,1,8.4,9765
3189.1,673,48,7.5,9747
3190.1,683,7,8.0,9749
3191.2,662,15,7.8,9736
3192.2,680,5,7.9,9739
3193.2,694,78,8.6,9760
3194.2,689,0,8.7,9784
3195.2,682,29,9.4,9791
3196.3,734,38,9.8,9786
3197.3,775,22,7.4,9848
3198.3,795,31,8.0,9867
3199.3,787,24,7.7,9875
3200.3,786,19,8.3,9859
3201.4,859,32,9.5,9875
3202.4,859,27,8.7,9896
3203.4,839,5,7.4,9924
3204.4,831,17,8.3,9921
3205.5,818,5,7.5,9907
3206.5,712,2,7.9,9938
3207.5,707,1,7.9,9976
3208.5,708,100,7.9,9971
3209.5,704,1,7.0,9958
3210.6,699,0,7.1,9960
3211.6,699,1,7.0,9946
3212.6,698,2,7.2,9956
3213.6,658,2,6.9,9976
3214.7,658,2,7.2,10000
3215.7,658,2,7.2,10024
3216.7,658,2,7.1,9976
3217.7,658,2,7.2,9991
3218.7,658,2,7.4,9993
3219.8,658,0,7.3,9983
3220.8,658,0,7.3,9972
3221.8,658,2,7.2,9946
3222.8,654,2,7.2,9953
3223.9,654,0,6.9,9950
3224.9,654,0,6.4,9975
3225.9,654,2,6.3,9981
3226.9,654,0,6.2,10010
3228.0,654,2,7.3,10006
3229.0,654,2,7.3,9996
3230.0,654,2,7.0,9990
3231.0,654,2,7.1,9979
3232.1,654,2,7.9,9968
3233.1,654,2,7.2,9969
3234.1,654,2,7.4,9967
3235.1,654,2,7.2,9981
3236.1,645,2,7.0,10006
3237.2,645,2,7.2,10000
3238.2,645,2,7.2,10017
3239.2,645,2,6.9,10021
3240.2,645,2,7.1,10016
3241.3,645,0,6.9,10001
3242.3,645,2,7.2,9994
3243.3,645,0,6.9,9983
3244.3,645,0,7.2,9986
3245.4,645,2,7.1,10003
3246.4,645,2,7.2,10045
3247.4,645,2,7.1,10061
3248.4,645,3,7.1,10060
3249.5,645,2,7.2,10048
3250.5,645,2,7.1,10040
3251.5,640,2,7.2,10024
3252.5,640,0,7.2,10015
3253.5,640,2,7.2,10021
3254.6,640,2,7.2,10017
3255.6,640,2,7.1,10063
3256.6,639,3,7.1,10068
3257.6,639,2,6.9,10067
3258.7,639,2,7.1,10089
3259.7,639,2,7.1,10077
3260.7,639,2,7.3,10065
3261.7,639,2,6.8,10062
3262.8,639,2,7.6,10051
3263.8,639,2,7.3,10045
3264.8,638,2,7.1,10046
3265.8,638,2,7.1,10081
3266.9,638,2,7.1,10098
3267.9,638,2,7.2,10102
3268.9,638,2,7.1,10120
3269.9,638,2,6.9,10111
3270.9,638,0,7.1,10105
3272.0,638,2,7.0,10091
3273.0,627,5,8.1,10093
3274.0,627,2,7.2,10094
3275.0,627,2,7.2,10091
3276.1,627,2,6.8,10117
3277.1,627,2,7.1,10127
3278.1,627,2,6.7,10131
3279.1,627,4,7.2,10141
3280.2,627,2,7.1,10133
3281.2,627,2,7.1,10132
3282.2,627,4,6.7,10131
3283.2,627,0,7.6,10139
3284.3,627,2,7.1,10139
3285.3,627,4,7.6,10152
3286.3,627,0,6.9,10168
3287.3,627,0,7.1,10169
3288.3,627,8,7.2,10164
3289.4,627,2,7.0,10161
3290.4,627,2,7.2,10151
3291.4,627,5,7.4,10151
3292.4,627,0,7.0,10159
3293.5,627,8,7.6,10167
3294.5,627,0,7.0,10188
3295.5,627,2,7.0,10207
3296.5,627,8,7.2,10206
3297.6,627,0,7.3,10211
3298.6,627,0,7.0,10202
3299.6,627,9,6.9,10186
3300.6,627,0,7.1,10198
3301.6,627,0,7.3,10194
3302.7,627,7,6.9,10233
3303.7,627,2,6.8,10249
3304.7,627,2,7.1,10260
3305.7,627,8,7.1,10252
3306.8,627,2,7.2,10259
3307.8,627,2,7.2,10251
3308.8,627,8,6.9,10246
3309.8,627,2,7.0,10276
3310.9,627,0,6.8,10286
3311.9,627,10,6.7,10285
3312.9,659,0,7.6,10311
3313.9,659,0,7.1,10308
3315.0,655,1,7.0,10315
3316.0,654,1,6.7,10298
3317.0,652,2,7.0,10300
3318.0,645,5,7.1,10296
3319.0,645,2,7.1,10282
3320.1,645,6,7.3,10312
3321.1,645,13,7.3,10331
3322.1,645,2,7.1,10351
3323.1,645,2,7.2,10362
3324.1,645,14,7.1,10349
3325.2,642,2,7.7,10338
3326.2,642,2,7.3,10340
3327.2,642,16,7.2,10329
3328.2,642,2,7.1,10327
3329.3,642,3,7.1,10330
3330.3,642,17,7.3,10340
3331.3,642,2,7.0,10373
3332.3,642,3,7.1,10378
3333.4,642,17,7.1,10403
3334.4,642,2,7.1,10385
3335.4,642,2,6.9,10394
3336.4,642,16,6.9,10380
3337.5,642,2,7.2,10370
3338.5,642,16,7.1,10384
3339.5,642,2,7.2,10422
3340.5,642,2,7.0,10432
3341.5,642,16,7.0,10443
3342.6,642,3,6.9,10450
3343.6,642,0,6.6,10444
3344.6,642,18,6.8,10443
3345.6,642,2,7.1,10439
3346.7,642,0,7.0,10433
3347.7,642,16,7.0,10451
3348.7,642,2,7.2,10474
3349.7,642,2,7.3,10494
3350.8,642,18,7.0,10500
3351.8,642,2,7.1,10500
3352.8,642,2,7.2,10499
3353.8,642,16,8.3,10471
3354.8,642,0,7.4,10445
3355.9,642,2,6.7,10444
3356.9,642,18,7.3,10451
3357.9,642,2,7.1,10447
3358.9,642,0,6.8,10455
3360.0,642,17,7.2,10445
3361.0,642,0,7.0,10434
3362.0,642,2,7.2,10440
3363.0,642,16,7.1,10458
3364.1,642,2,7.1,10486
3365.1,642,2,7.0,10489
3366.1,642,18,7.2,10494
3367.1,642,0,7.1,10515
3368.1,642,0,7.0,10495
3369.2,642,16,7.0,10486
3370.2,642,2,6.8,10489
3371.2,642,0,6.6,10493
3372.2,642,18,7.0,10520
3373.3,642,0,7.0,10564
3374.3,641,0,7.0,10571
3375.3,641,18,6.9,10557
3376.3,641,2,7.0,10546
3377.4,641,0,6.7,10551
3378.4,641,2,6.9,10548
3379.4,641,0,6.8,10537
3380.4,641,2,7.0,10537
3381.5,641,0,6.5,10539
3382.5,641,2,6.7,10546
3383.5,641,2,6.8,10560
3384.5,641,0,7.1,10572
3385.5,641,3,6.9,10594
3386.6,641,2,7.5,10584
3387.6,641,1,6.7,10580
3388.6,646,2,7.0,10575
3389.6,645,3,7.1,10567
3390.7,645,2,7.0,10562
3391.7,645,0,7.2,10564
3392.7,645,2,7.0,10554
3393.7,641,2,7.0,10544
3394.8,641,0,7.2,10610
3395.8,641,0,7.1,10636
3396.8,641,2,6.5,10633
3397.8,641,0,6.6,10624
3398.9,641,2,7.2,10617
3399.9,641,2,7.1,10610
3400.9,641,0,7.1,10613
3401.9,641,2,6.6,10621
3402.9,641,0,7.0,10667
3404.0,641,2,7.6,10658
3405.0,641,2,6.9,10693
3406.0,641,0,7.0,10683
3407.0,641,2,7.2,10689
3408.1,641,2,6.9,10671
3409.1,641,2,7.0,10674
3410.1,641,2,7.2,10654
3411.1,641,2,6.6,10649
3412.2,641,0,6.8,10676
3413.2,641,2,7.0,10685
3414.2,656,0,7.2,10708
3415.2,656,2,6.6,10714
3416.3,654,2,7.0,10711
3417.3,654,2,6.9,10706
3418.3,654,2,7.5,10706
3419.3,642,0,6.9,10702
3420.4,642,2,7.2,10694
3421.4,642,2,6.9,10688
3422.4,642,0,6.7,10693
3423.4,642,0,6.9,10713
3424.5,642,2,7.2,10731
3425.5,642,0,6.9,10734
3426.5,642,2,7.0,10764
3427.5,642,2,7.0,10756
3428.5,642,3,6.8,10742
3429.6,642,0,7.0,10754
3430.6,642,2,7.2,10753
3431.6,642,0,6.8,10749
3432.6,642,2,7.2,10763
3433.7,642,3,6.8,10799
3434.7,642,0,7.3,10810
3435.7,642,3,7.3,10824
3436.7,642,0,6.8,10807
3437.8,642,2,6.8,10807
3438.8,642,2,7.0,10801
3439.8,674,33,8.2,10798
3440.8,664,0,7.0,10817
3441.8,663,0,6.7,10827
3442.9,663,1,6.9,10843
3443.9,663,0,6.6,10864
3444.9,645,2,6.9,10852
3445.9,645,2,6.8,10837
3447.0,645,2,6.7,10845
3448.0,645,2,6.9,10833
3449.0,645,2,6.9,10830
3450.0,645,0,7.0,10826
3451.1,645,2,7.5,10813
3452.1,645,2,7.2,10826
3453.1,645,0,7.0,10853
3454.1,645,0,7.1,10861
3455.1,666,2,6.9,10884
3456.2,664,0,7.0,10892
3457.2,663,0,6.7,10885
3458.2,663,2,6.8,10881
3459.2,669,0,7.7,10868
3460.3,684,42,10.9,10865
3461.3,684,0,7.1,10862
3462.3,682,0,6.7,10869
3463.4,682,0,6.6,10878
3464.4,682,1,6.6,10899
3465.4,647,0,6.9,10902
3466.4,647,0,6.7,10940
3467.5,647,2,7.0,10921
3468.5,647,2,7.1,10923
3469.5,647,0,6.4,10918
3470.5,647,2,7.2,10911
3471.6,647,0,6.4,10908
3472.6,647,0,7.2,10898
3473.6,651,29,6.9,10916
3474.6,651,0,6.6,10939
3475.6,649,0,6.7,10956
3476.7,649,2,6.5,10980
3477.7,649,0,7.0,10960
3478.7,647,2,6.7,10949
3479.7,647,2,6.5,10956
3480.8,647,2,7.2,10943
3481.8,647,0,7.2,10941
3482.8,647,0,6.5,10923
3483.8,647,0,6.7,10924
3484.9,647,0,6.4,10927
3485.9,647,2,7.1,11005
3486.9,647,0,7.2,11003
3487.9,647,0,5.8,10992
3489.0,647,0,6.9,11005
3490.0,647,2,7.1,11012
3491.0,647,2,6.5,10995
3492.0,647,0,6.5,11001
3493.0,647,2,6.8,10986
3494.1,647,0,6.7,10977
3495.1,647,2,6.5,10975
3496.1,647,0,6.7,10964
3497.1,647,2,6.6,10977
3498.2,647,0,6.2,11001
3499.2,641,0,6.2,11007
3500.2,641,2,6.7,11018
3501.2,645,0,7.3,11032
3502.3,650,0,7.1,11031
3503.3,648,2,6.7,11020
3504.3,648,2,6.7,11020
3505.3,648,0,6.5,11012
3506.4,645,2,7.2,11007
3507.4,645,2,7.2,11002
3508.4,644,0,6.7,11004
3509.4,644,2,7.3,11038
3510.4,644,0,6.7,11054
3511.5,640,2,6.4,11063
3512.5,640,2,7.1,11067
3513.5,640,0,7.0,11058
3514.5,640,2,6.9,11060
3515.6,640,2,6.2,11048
3516.6,640,0,6.9,11062
3517.6,640,3,7.5,11080
3518.6,655,0,6.9,11096
3519.7,655,2,7.0,11109
3520.7,654,2,6.4,11123
3521.7,653,0,6.5,11116
3522.7,653,2,6.9,11120
3523.8,653,0,6.9,11103
3524.8,641,0,6.6,11105
3525.8,641,2,6.3,11082
3526.8,641,3,6.3,11092
3527.8,641,0,6.4,11086
3528.9,641,2,6.8,11101
3529.9,641,0,7.0,11139
3530.9,640,2,7.1,11115
3531.9,640,0,6.6,11125
3533.0,640,0,7.0,11143
3534.0,640,2,6.9,11130
3535.0,640,2,6.6,11132
3536.0,640,0,6.7,11137
3537.1,640,2,6.3,11130
3538.1,640,2,7.0,11121
3539.1,640,0,7.2,11116
3540.1,640,0,6.6,11117
3541.2,640,0,6.5,11121
3542.2,640,2,6.8,11144
3543.2,640,2,7.0,11146
3544.2,640,2,7.2,11146
3545.2,640,2,6.3,11168
3546.3,644,2,7.1,11178
3547.3,645,2,6.9,11165
3548.3,652,0,6.9,11171
3549.3,668,2,11.2,11210
3550.4,676,0,7.7,11237
3551.4,674,1,7.9,11229
3552.4,675,3,6.7,11240
3553.4,675,1,6.3,11232
3554.4,674,1,6.5,11235
3555.5,652,2,6.5,11229
3556.5,652,2,7.0,11222
3557.5,652,2,7.8,11207
3558.5,640,2,6.7,11206
3559.6,640,0,6.4,11209
3560.6,640,2,6.7,11211
3561.6,640,0,7.1,11230
3562.6,640,2,6.6,11258
3563.7,640,0,6.4,11255
3564.7,640,0,6.4,11277
3565.7,640,2,6.8,11275
3566.7,600,2,5.9,11267
3567.8,600,0,6.7,11275
3568.8,600,0,7.0,11303
3569.8,600,2,6.8,11314
3570.8,600,0,6.3,11345
3571.8,596,1,7.0,11347
3572.9,586,0,6.2,11338
3573.9,586,0,6.3,11323
3574.9,586,0,6.3,11326
3575.9,586,0,6.2,11320
3577.0,586,1,6.5,11311
3578.0,586,0,7.0,11302
3579.0,586,3,6.3,11298
3580.0,586,1,6.5,11313
3581.0,586,1,6.8,11320
3582.1,586,3,6.5,11345
3583.1,586,0,6.2,11344
3584.1,586,0,6.3,11358
3585.1,586,1,7.0,11357
3586.2,586,0,6.6,11360
3587.2,586,0,6.8,11356
3588.2,586,6,6.9,11349
3589.2,586,0,5.8,11341
3590.3,586,2,6.3,11347
3591.3,586,4,6.7,11353
3592.3,586,1,6.8,11372
3593.3,586,1,6.8,11380
3594.3,586,6,6.6,11387
3595.4,586,0,6.1,11409
3596.4,586,0,6.5,11402
3597.4,590,6,9.0,11433
3598.4,630,0,8.4,11455
3599.5,629,0,6.0,11488
3600.5,635,0,5.9,11496
3601.5,634,0,6.2,11478
3602.5,633,8,6.5,11484
3603.6,624,0,6.1,11484
3604.6,607,2,6.6,11472
3605.6,607,6,5.7,11464
3606.6,595,2,7.1,11449
3607.7,595,0,5.8,11453
3608.7,595,8,6.7,11481
3609.7,595,0,6.7,11501
3610.7,595,2,6.4,11495
3611.8,595,2,5.8,11520
3612.8,595,0,6.1,11512
3613.8,595,3,5.8,11513
3614.8,595,2,7.1,11514
3615.8,595,8,6.8,11503
3616.9,576,0,6.0,11518
3617.9,576,2,6.2,11520
3618.9,576,8,5.8,11543
3619.9,576,2,6.1,11548
3621.0,576,0,5.8,11542
3622.0,576,9,6.1,11567
3623.0,576,0,6.3,11576
3624.0,576,0,5.9,11575
3625.1,576,5,6.4,11577
3626.1,576,0,6.1,11566
3627.1,576,0,6.1,11557
3628.1,576,8,6.1,11552
3629.1,576,2,6.5,11571
3630.2,576,0,5.9,11588
3631.2,576,6,6.7,11593
3632.2,576,2,6.3,11606
3633.2,576,1,6.0,11602
3634.3,576,4,6.1,11599
3635.3,576,0,6.1,11609
3636.3,576,2,6.3,11603
3637.3,576,1,5.9,11598
3638.4,576,2,6.3,11602
3639.4,576,0,6.1,11592
3640.4,576,0,6.3,11589
3641.4,576,2,6.2,11585
3642.5,576,2,6.0,11587
3643.5,576,0,6.2,11602
3644.5,576,0,5.8,11621
3645.5,576,1,6.6,11626
3646.6,576,2,6.7,11644
3647.6,576,2,6.2,11651
3648.6,576,0,5.6,11652
3649.6,576,2,6.0,11647
3650.7,576,0,6.2,11641
3651.7,576,0,6.5,11645
3652.7,576,0,6.2,11641
3653.7,576,2,6.3,11660
3654.8,576,0,6.1,11677
3655.8,576,2,6.2,11700
3656.8,576,0,5.6,11721
3657.8,576,0,5.9,11707
3658.8,576,2,5.8,11707
3659.9,576,0,5.7,11701
3660.9,576,0,6.0,11690
3661.9,576,0,7.0,11698
3662.9,576,2,6.2,11681
3664.0,576,0,6.2,11673
3665.0,576,0,5.9,11677
3666.0,576,0,5.8,11671
3667.0,576,0,6.2,11670
3668.1,576,0,6.1,11675
3669.1,576,0,5.6,11690
3670.1,576,0,5.9,11698
3671.1,576,0,6.3,11726
3672.1,576,0,6.5,11731
3673.2,576,2,5.8,11732
3674.2,576,0,5.7,11727
3675.2,576,3,6.1,11727
3676.2,576,2,5.7,11715
3677.3,576,3,5.8,11717
3678.3,576,0,5.8,11716
3679.3,576,2,5.8,11743
3680.3,576,0,6.1,11739
3681.4,576,2,5.8,11782
3682.4,576,0,6.3,11782
3683.4,576,0,6.9,11778
3684.4,576,2,5.9,11771
3685.5,576,0,5.7,11767
3686.5,576,2,5.9,11768
3687.5,576,0,6.0,11751
3688.5,576,2,6.0,11748
3689.6,576,0,6.6,11777
3690.6,576,0,6.0,11819
3691.6,576,0,6.0,11828
3692.6,576,0,6.1,11827
3693.6,576,0,6.0,11833
3694.7,576,2,6.1,11826
3695.7,579,0,6.1,11809
3696.7,579,0,5.6,11794
3697.7,578,0,5.7,11787
3698.8,578,0,5.7,11794
3699.8,578,0,6.1,11792
3700.8,574,0,5.9,11788
3701.8,574,3,7.1,11794
3702.8,574,0,6.0,11812
3703.9,574,0,5.6,11839
3704.9,574,0,5.8,11865
3705.9,574,2,6.4,11870
3706.9,574,0,6.0,11861
3708.0,574,0,5.6,11849
3709.0,574,0,5.8,11836
3710.0,574,0,5.8,11835
3711.0,574,0,5.7,11830
3712.1,574,0,5.5,11818
3713.1,574,0,5.9,11819
3714.1,574,2,6.2,11828
3715.1,574,0,6.2,11859
3716.2,574,2,5.8,11874
3717.2,574,0,5.6,11884
3718.2,574,2,5.4,11888
3719.2,574,0,5.8,11885
3720.2,574,2,5.8,11870
3721.3,574,3,5.6,11879
3722.3,574,0,5.6,11872
3723.3,574,0,5.6,11866
3724.3,574,2,5.9,11866
3725.4,574,2,5.7,11861
3726.4,574,0,5.7,11855
3727.4,574,2,5.7,11857
3728.4,574,0,6.0,11869
3729.5,574,0,5.7,11893
3730.5,574,2,5.6,11896
3731.5,574,0,5.6,11907
3732.5,574,0,5.5,11932
3733.5,574,0,5.7,11926
3734.6,574,0,5.8,11915
3735.6,574,0,5.8,11911
3736.6,574,0,6.0,11905
3737.6,574,2,5.9,11895
3738.7,574,0,5.5,11893
3739.7,574,0,5.7,11904
3740.7,574,0,5.6,11921
3741.7,574,2,5.8,11950
3742.8,574,0,6.1,11962
3743.8,574,2,5.9,11970
3744.8,574,0,6.0,11967
3745.8,574,0,5.6,11960
3746.9,574,2,5.7,11953
3747.9,574,0,6.0,11949
3748.9,574,0,5.7,11938
3749.9,574,0,5.7,11932
3750.9,574,0,5.6,11930
3752.0,574,0,5.8,11937
3753.0,574,0,6.0,11947
3754.0,574,0,5.8,11971
3755.0,574,0,5.5,11975
3756.1,574,2,5.8,11993
3757.1,574,0,5.4,11997
3758.1,574,2,6.3,11994
3759.1,574,2,5.9,11998
3760.2,574,0,5.6,11989
3761.2,574,0,5.9,11971
3762.2,574,0,5.5,11980
3763.2,574,0,5.9,11960
3764.3,574,2,5.6,11959
3765.3,574,0,5.9,11951
3766.3,574,0,5.8,11947
3767.3,574,2,5.7,11943
3768.4,574,0,5.6,11952
3769.4,574,2,5.7,12000
3770.4,574,0,5.4,12000
3771.4,574,0,5.4,12019
3772.4,574,0,5.2,12017
3773.5,574,0,5.6,11998
3774.5,574,0,5.3,11999
3775.5,574,0,5.7,11992
3776.5,574,0,5.4,11984
3777.6,577,0,5.9,11983
3778.6,577,0,5.6,12003
3779.6,577,0,5.6,11999
3780.6,577,0,5.5,12021
3781.7,577,2,5.5,12058
3782.7,577,0,5.4,12061
3783.7,577,3,5.4,12047
3784.7,577,0,5.6,12037
3785.7,577,0,5.5,12018
3786.8,577,0,5.4,12025
3787.8,577,0,5.5,12018
3788.8,577,2,5.5,12003
3789.8,577,0,5.6,11999
3790.9,577,0,5.5,12015
3791.9,577,0,5.6,12061
3792.9,577,0,5.4,12100
3793.9,577,3,5.6,12085
3795.0,577,0,5.5,12076
3796.0,577,0,5.6,12068
3797.0,577,0,5.5,12047
3798.0,577,0,5.7,12045
3799.1,577,0,5.3,12043
3800.1,577,0,5.4,12040
3801.1,577,0,5.3,12033
3802.1,577,0,5.6,12027
3803.1,577,0,5.5,12046
3804.2,577,0,5.7,12045
3805.2,577,2,5.6,12071
3806.2,577,0,5.6,12094
3807.2,577,0,5.4,12082
3808.3,577,2,5.5,12078
3809.3,577,0,5.4,12082
3810.3,577,2,5.5,12069
3811.3,577,0,5.4,12067
3812.4,577,0,5.6,12057
3813.4,577,0,5.5,12050
3814.4,577,2,5.7,12053
3815.4,577,0,5.7,12047
3816.5,577,0,5.6,12071
3817.5,577,2,5.8,12084
3818.5,577,0,5.4,12123
3819.5,577,0,5.8,12134
3820.5,577,0,5.8,12116
3821.6,577,0,5.5,12119
3822.6,577,0,5.8,12111
3823.6,577,0,5.6,12103
3824.6,577,0,5.5,12100
3825.7,577,2,6.0,12086
3826.7,577,0,5.4,12082
3827.7,577,0,5.7,12079
3828.7,577,0,5.4,12079
3829.8,577,0,5.7,12078
3830.8,577,0,5.5,12080
3831.8,577,0,5.5,12075
3832.8,577,0,5.5,12088
3833.9,577,0,5.5,12126
3834.9,577,0,5.3,12102
3835.9,577,0,5.5,12106
3836.9,577,0,5.6,12104
3837.9,577,19,5.6,12095
3839.0,577,0,5.6,12095
3840.0,577,2,5.6,12097
3841.0,577,16,5.3,12092
3842.0,577,2,5.4,12099
3843.1,577,0,5.2,12103
3844.1,577,16,5.6,12126
3845.1,577,0,5.1,12139
3846.1,577,0,5.3,12144
3847.2,577,16,5.4,12146
3848.2,577,0,5.3,12139
3849.2,577,2,5.1,12129
3850.2,577,16,5.5,12116
3851.2,577,0,5.4,12114
3852.3,577,2,5.3,12120
3853.3,577,16,5.3,12121
3854.3,577,0,5.2,12126
3855.3,577,0,5.4,12126
3856.4,577,16,5.5,12142
3857.4,577,2,5.3,12151
3858.4,577,0,5.2,12154
3859.4,577,16,5.2,12156
3860.5,577,2,5.4,12147
3861.5,577,0,5.2,12137
3862.5,577,0,5.2,12134
3863.5,577,0,5.3,12131
3864.6,577,16,5.5,12124
3865.6,577,0,5.7,12141
3866.6,577,0,5.9,12135
3867.6,599,16,5.6,12161
3868.7,597,0,5.5,12158
3869.7,597,2,5.5,12170
3870.7,597,16,5.7,12174
3871.7,577,0,5.2,12178
3872.7,577,2,5.6,12170
3873.8,572,16,5.3,12161
3874.8,572,0,5.4,12149
3875.8,572,2,5.2,12141
3876.8,572,16,5.4,12145
3877.9,572,0,5.4,12136
3878.9,572,0,5.6,12140
3879.9,572,16,5.4,12158
3880.9,572,0,5.6,12174
3882.0,572,0,5.5,12171
3883.0,572,16,5.4,12177
3884.0,572,0,5.4,12182
3885.0,572,0,5.4,12192
3886.0,572,16,5.6,12184
3887.1,572,0,5.6,12184
3888.1,572,0,5.3,12182
3889.1,572,16,5.7,12182
3890.1,572,0,5.8,12199
3891.2,572,0,5.5,12211
3892.2,572,18,5.5,12227
3893.2,572,0,5.4,12228
3894.2,572,0,5.3,12238
3895.3,572,16,5.6,12249
3896.3,572,3,5.5,12246
3897.3,572,0,5.5,12233
3898.3,572,12,5.5,12236
3899.4,572,2,5.4,12228
3900.4,572,0,5.5,12220
3901.4,572,12,5.6,12218
3902.4,572,0,5.6,12209
3903.5,572,0,5.5,12209
3904.5,585,12,5.4,12208
3905.5,585,0,5.5,12208
3906.5,584,13,5.4,12220
3907.5,584,0,6.1,12219
3908.6,584,0,5.4,12235
3909.6,572,12,5.3,12240
3910.6,572,0,5.7,12247
3911.6,572,0,5.3,12262
3912.7,572,12,5.5,12266
3913.7,572,0,5.7,12255
3914.7,572,0,5.3,12255
3915.7,576,11,5.6,12240
3916.8,576,0,5.5,12238
3917.8,576,0,5.3,12234
3918.8,576,10,5.4,12233
3919.8,576,2,5.2,12239
3920.9,572,0,5.2,12270
3921.9,572,8,5.2,12277
3922.9,572,0,5.4,12280
3923.9,572,0,5.4,12313
3925.0,572,9,5.7,12308
3926.0,572,0,5.3,12305
3927.0,572,0,5.4,12306
3928.0,572,10,5.4,12293
3929.0,572,0,5.5,12291
3930.1,572,0,5.2,12279
3931.1,572,9,5.5,12281
3932.1,572,0,5.6,12268
3933.1,572,0,5.4,12264
3934.2,572,7,5.5,12273
3935.2,572,0,5.4,12295
3936.2,572,0,5.7,12316
3937.2,572,5,5.6,12332
3938.3,572,0,5.4,12349
3939.3,572,0,5.7,12342
3940.3,572,8,5.2,12329
3941.3,572,0,5.4,12325
3942.3,572,0,5.4,12322
3943.4,572,3,5.3,12316
3944.4,572,0,5.4,12308
3945.4,572,0,5.5,12294
3946.4,572,2,5.3,12319
3947.5,572,2,6.0,12328
3948.5,572,0,5.3,12355
3949.5,572,1,5.2,12351
3950.5,572,0,5.4,12355
3951.6,572,0,5.0,12352
3952.6,572,0,5.3,12363
3953.6,572,0,5.0,12351
3954.6,572,2,5.2,12342
3955.7,572,0,5.1,12323
3956.7,572,0,5.1,12322
3957.7,572,0,5.0,12314
3958.7,572,0,5.3,12309
3959.8,572,2,5.2,12297
3960.8,572,0,5.1,12291
3961.8,572,0,5.3,12296
3962.8,572,2,5.3,12320
3963.8,572,0,5.1,12344
3964.9,572,0,5.3,12362
3965.9,572,0,5.1,12357
3966.9,572,0,5.3,12365
3967.9,572,0,5.2,12365
3969.0,572,2,5.2,12349
3970.0,572,0,5.3,12339
3971.0,572,0,5.1,12334
3972.0,572,0,5.4,12327
3973.1,572,0,4.9,12315
3974.1,572,2,5.2,12321
3975.1,572,0,5.2,12325
3976.1,572,0,5.2,12336
3977.2,572,2,5.2,12345
3978.2,572,0,5.0,12357
3979.2,572,0,5.2,12377
3980.2,572,0,5.4,12359
3981.2,572,0,5.2,12373
3982.3,572,0,5.2,12362
3983.3,572,0,5.2,12361
3984.3,572,0,5.2,12366
3985.3,572,0,5.3,12351
3986.4,572,0,5.1,12345
3987.4,572,0,5.2,12350
3988.4,572,2,5.2,12340
3989.4,572,0,5.2,12341
3990.5,572,0,5.2,12343
3991.5,572,0,5.2,12337
3992.5,572,0,5.0,12350
3993.5,572,0,5.7,12362
3994.6,572,0,5.1,12358
3995.6,572,2,5.8,12391
3996.6,572,0,5.5,12376
3997.6,572,0,5.1,12362
3998.6,572,0,5.6,12374
3999.7,572,3,5.3,12368
4000.7,572,0,5.4,12363
4001.7,572,0,5.5,12356
4002.7,572,0,5.5,12345
4003.8,572,0,5.3,12342
4004.8,572,0,5.6,12350
4005.8,572,0,5.5,12347
4006.8,572,2,5.5,12356
4007.8,572,0,5.5,12384
4008.9,572,0,5.3,12388
4009.9,572,2,5.1,12386
4010.9,572,0,5.4,12389
4011.9,572,0,5.3,12403
4013.0,572,2,5.4,12394
4014.0,572,0,5.3,12381
4015.0,572,0,5.2,12385
4016.0,572,0,5.2,12377
4017.1,572,3,5.4,12366
4018.1,572,0,5.4,12360
4019.1,572,0,5.2,12374
4020.1,572,0,5.5,12400
4021.2,572,2,5.6,12400
4022.2,572,0,5.2,12428
4023.2,572,0,5.4,12420
4024.2,572,0,5.7,12409
4025.3,594,2,5.2,12420
4026.3,590,0,5.6,12432
4027.3,590,0,5.4,12422
4028.3,590,0,5.5,12416
4029.3,590,3,5.2,12416
4030.4,586,0,5.7,12400
4031.4,586,0,5.4,12416
4032.4,586,0,5.4,12429
4033.4,586,0,6.3,12429
4034.5,586,2,5.5,12438
4035.5,586,0,5.5,12496
4036.5,586,0,5.3,12473
4037.5,586,0,5.3,12485
4038.5,586,2,6.0,12468
4039.6,586,0,5.6,12469
4040.6,586,0,5.3,12455
4041.6,586,2,5.6,12457
4042.6,586,0,5.6,12447
4043.7,586,0,5.3,12438
4044.7,586,0,5.4,12442
4045.7,586,2,5.4,12444
4046.7,586,0,5.1,12435
4047.7,586,0,5.2,12439
4048.8,586,0,5.5,12460
4049.8,586,0,5.5,12474
4050.8,586,2,5.2,12478
4051.8,586,0,5.4,12486
4052.9,586,0,5.3,12497
4053.9,586,0,5.4,12493
4054.9,586,0,5.1,12497
4055.9,586,2,5.3,12488
4056.9,585,0,5.6,12490
4058.0,585,0,5.4,12477
4059.0,585,0,5.4,12477
4060.0,585,0,5.3,12478
4061.0,585,0,5.2,12495
4062.1,585,0,5.5,12512
4063.1,581,2,5.1,12518
4064.1,581,2,5.5,12518
4065.1,581,0,5.5,12512
4066.2,581,0,5.2,12544
4067.2,581,0,5.2,12545
4068.2,581,0,5.2,12542
4069.2,581,0,5.4,12541
4070.3,581,0,5.5,12528
4071.3,581,0,5.2,12530
4072.3,581,0,5.5,12527
4073.3,581,0,5.5,12524
4074.3,581,0,5.1,12544
4075.4,581,16,5.1,12552
4076.4,581,0,5.5,12600
4077.4,581,0,5.2,12612
4078.4,581,16,5.4,12594
4079.5,581,0,5.2,12584
4080.5,581,0,5.2,12588
4081.5,581,16,5.6,12588
4082.5,581,0,5.4,12581
4083.6,581,16,5.0,12572
4084.6,581,0,5.2,12580
4085.6,581,2,5.4,12573
4086.6,581,18,5.8,12567
4087.7,581,0,5.3,12566
4088.7,581,0,5.4,12618
4089.7,590,16,5.3,12642
4090.7,590,0,5.3,12619
4091.8,589,0,5.2,12635
4092.8,589,16,5.3,12631
4093.8,589,0,5.4,12627
4094.8,581,0,5.3,12623
4095.9,581,16,5.5,12609
4096.9,581,0,5.4,12617
4097.9,581,2,5.3,12600
4098.9,581,18,5.0,12601
4100.0,581,0,5.3,12610
4101.0,581,0,5.7,12661
4102.0,581,16,5.4,12686
4103.0,581,0,5.3,12692
4104.0,581,0,5.4,12684
4105.1,581,16,5.2,12677
4106.1,581,0,5.4,12679
4107.1,581,0,5.4,12671
4108.1,581,19,5.3,12671
4109.2,586,2,5.2,12681
4110.2,586,0,5.5,12694
4111.2,585,16,5.2,12708
4112.2,585,0,5.3,12723
4113.3,585,0,5.4,12732
4114.3,581,16,5.1,12721
4115.3,581,2,5.5,12730
4116.3,581,3,5.4,12737
4117.3,581,16,5.3,12731
4118.4,581,0,5.2,12728
4119.4,581,0,5.4,12716
4120.4,581,16,5.2,12713
4121.4,581,0,5.5,12711
4122.5,581,0,5.3,12702
4123.5,581,16,5.2,12707
4124.5,596,2,5.5,12727
4125.5,596,40,5.5,12751
4126.6,592,0,5.3,12763
4127.6,591,0,5.3,12787
4128.6,591,16,5.7,12762
4129.6,586,0,5.3,12764
4130.7,586,0,5.3,12769
4131.7,586,16,5.3,12762
4132.7,586,0,5.5,12753
4133.7,586,0,5.4,12761
4134.7,586,16,5.6,12774
4135.8,586,2,5.6,12791
4136.8,586,0,5.8,12808
4137.8,586,16,5.3,12817
4138.8,586,0,5.4,12810
4139.9,586,0,5.5,12820
4140.9,586,16,5.4,12826
4141.9,586,0,5.5,12823
4142.9,586,0,5.3,12806
4144.0,586,16,5.1,12805
4145.0,586,2,5.4,12809
4146.0,586,3,5.4,12793
4147.0,586,16,5.4,12786
4148.0,586,0,5.2,12790
4149.1,586,0,5.7,12791
4150.1,586,16,5.3,12793
4151.1,586,0,5.5,12830
4152.1,586,0,5.2,12833
4153.2,586,16,5.4,12844
4154.2,586,2,5.1,12847
4155.2,586,2,5.5,12842
4156.2,585,16,5.1,12850
4157.3,585,0,5.2,12828
4158.3,585,0,5.3,12834
4159.3,585,16,5.3,12825
4160.3,585,2,5.4,12827
4161.3,585,2,5.3,12817
4162.4,585,16,5.4,12820
4163.4,585,0,5.4,12826
4164.4,581,0,5.3,12840
4165.4,581,16,5.6,12853
4166.5,581,0,5.1,12863
4167.5,581,2,5.2,12866
4168.5,581,18,5.2,12883
4169.5,581,0,5.4,12879
4170.6,581,17,5.1,12871
4171.6,581,0,5.0,12860
4172.6,581,2,5.2,12848
4173.6,569,16,5.3,12847
4174.6,569,0,4.9,12849
4175.7,569,0,5.1,12839
4176.7,569,18,5.1,12850
4177.7,569,0,5.2,12854
4178.7,569,0,4.8,12879
4179.8,569,16,5.3,12866
4180.8,569,0,5.2,12884
4181.8,569,2,5.0,12878
4182.8,569,16,5.1,12894
4183.9,569,0,5.3,12886
4184.9,569,0,5.1,12884
4185.9,569,18,5.1,12875
4186.9,569,0,5.5,12860
4188.0,569,0,5.1,12860
4189.0,569,16,5.0,12856
4190.0,569,2,5.1,12845
4191.0,569,0,5.2,12832
4192.0,569,16,5.1,12831
4193.1,569,0,5.0,12824
4194.1,569,2,5.4,12818
4195.1,569,16,5.1,12818
4196.1,569,0,5.0,12831
4197.2,569,0,5.2,12854
4198.2,569,16,5.2,12875
4199.2,569,2,4.9,12861
4200.2,569,0,4.9,12876
4201.3,569,14,5.2,12869
4202.3,578,0,5.6,12866
4203.3,576,0,5.0,12863
4204.3,574,2,4.9,12844
4205.3,574,0,5.2,12844
4206.4,574,0,5.2,12837
4207.4,573,15,4.8,12828
4208.4,573,2,4.8,12826
4209.4,573,0,5.1,12828
4210.5,573,15,5.5,12827
4211.5,573,0,4.8,12857
4212.5,573,0,4.9,12857
4213.5,573,13,5.2,12879
4214.5,573,0,5.0,12889
4215.6,573,11,4.8,12890
4216.6,573,2,5.1,12877
4217.6,573,0,5.2,12871
4218.6,573,11,4.8,12862
4219.7,573,0,5.0,12847
4220.7,573,0,5.1,12846
4221.7,573,10,5.3,12840
4222.7,573,0,4.7,12834
4223.8,573,0,5.2,12831
4224.8,573,10,4.9,12840
4225.8,573,2,5.0,12863
4226.8,573,0,5.0,12924
4227.8,573,9,5.3,12908
4228.9,573,0,5.0,12907
4229.9,573,3,4.8,12880
4230.9,573,8,5.0,12876
4231.9,573,0,5.1,12881
4233.0,573,0,4.8,12871
4234.0,573,10,5.6,12865
4235.0,573,0,5.0,12854
4236.0,573,0,5.1,12853
4237.1,573,8,4.8,12853
4238.1,573,0,5.1,12849
4239.1,573,2,5.1,12856
4240.1,573,7,4.8,12870
4241.2,573,0,4.9,12886
4242.2,573,0,5.2,12901
4243.2,573,7,5.1,12901
4244.2,573,2,5.1,12896
4245.2,573,0,5.0,12889
4246.3,573,6,5.2,12876
4247.3,573,0,5.1,12878
4248.3,573,0,5.2,12870
4249.3,573,7,4.9,12862
4250.4,573,0,5.4,12856
4251.4,573,0,5.1,12850
4252.4,573,2,5.0,12850
4253.4,573,2,5.3,12852
4254.4,573,0,5.2,12878
4255.5,573,2,5.0,12907
4256.5,573,0,5.2,12923
4257.5,573,2,5.2,12908
4258.5,573,1,5.2,12902
4259.6,573,0,4.9,12907
4260.6,573,2,5.3,12886
4261.6,573,0,5.2,12884
4262.6,573,0,5.0,12882
4263.7,573,0,5.1,12871
4264.7,573,2,5.3,12857
4265.7,573,0,4.9,12865
4266.7,573,0,5.3,12914
4267.8,573,0,5.1,12908
4268.8,573,2,4.9,12924
4269.8,573,0,5.2,12930
4270.8,573,0,5.4,12927
4271.9,573,0,5.1,12921
4272.9,573,2,5.0,12904
4273.9,573,0,5.1,12896
4274.9,573,0,5.1,12886
4275.9,573,0,5.0,12896
4277.0,573,2,5.1,12885
4278.0,573,0,5.3,12889
4279.0,573,0,5.2,12899
4280.0,573,0,5.4,12913
4281.1,573,2,5.2,12935
4282.1,573,0,5.2,12958
4283.1,573,0,4.8,12955
4284.1,573,0,5.3,12936
4285.2,573,0,5.0,12932
4286.2,573,2,5.3,12912
4287.2,573,0,4.9,12918
4288.2,573,0,5.0,12914
4289.3,573,0,5.1,12905
4290.3,573,2,4.9,12904
4291.3,573,0,5.1,12887
4292.3,573,0,5.1,12870
4293.3,573,2,5.0,12886
4294.4,573,0,5.2,12862
4295.4,573,0,5.0,12869
4296.4,573,0,4.9,12853
4297.4,573,0,5.3,12875
4298.5,573,0,5.1,12907
4299.5,573,0,4.8,12942
4300.5,573,2,5.4,12937
4301.5,573,0,4.9,12928
4302.6,573,2,5.2,12909
4303.6,587,0,5.1,12903
4304.6,585,0,4.9,12898
4305.6,585,18,5.3,12889
4306.7,585,0,5.1,12880
4307.7,573,0,4.8,12878
4308.7,573,16,5.1,12884
4309.7,573,0,5.1,12900
4310.8,573,0,4.7,12886
4311.8,573,16,5.3,12926
4312.8,573,2,5.3,12944
4313.8,573,0,4.8,12948
4314.8,573,16,5.4,12929
4315.9,573,0,5.1,12919
4316.9,573,2,5.2,12924
4317.9,573,16,5.0,12916
4318.9,573,0,5.2,12899
4320.0,573,0,5.1,12894
4321.0,573,16,5.1,12891
4322.0,573,2,5.1,12874
4323.0,573,0,5.5,12872
4324.1,573,16,5.3,12871
4325.1,573,0,5.2,12875
4326.1,573,0,5.1,12910
4327.1,573,18,5.9,12949
4328.2,573,2,5.2,12955
4329.2,573,0,5.3,12947
4330.2,573,16,5.0,12938
4331.2,573,0,5.4,12912
4332.2,573,0,5.6,12920
4333.3,573,18,5.3,12907
4334.3,573,2,5.4,12904
4335.3,573,0,5.3,12895
4336.3,573,16,5.2,12897
4337.4,573,0,5.6,12888
4338.4,573,0,5.2,12920
4339.4,573,16,5.5,12946
4340.4,573,0,5.2,12966
4341.5,573,2,5.3,12977
4342.5,573,16,5.4,12961
4343.5,573,0,5.2,12953
4344.5,573,0,5.4,12945
4345.5,573,16,5.1,12938
4346.6,573,3,5.3,12931
4347.6,573,16,5.2,12929
4348.6,573,0,5.3,12936
4349.6,573,0,5.3,12947
4350.7,573,16,5.0,12953
4351.7,573,0,5.3,12967
4352.7,573,2,5.2,12976
4353.7,573,16,5.1,12995
4354.8,573,0,5.0,12982
4355.8,573,0,5.2,12972
4356.8,573,18,5.4,12970
4357.8,573,0,5.0,12976
4358.8,573,0,5.1,12947
4359.9,573,16,5.4,12945
4360.9,573,0,5.3,12940
4361.9,573,0,5.0,12935
4362.9,573,19,5.1,12937
4364.0,573,0,5.4,12939
4365.0,573,0,5.3,12959
4366.0,573,16,5.0,12953
4367.0,573,2,5.3,12965
4368.0,573,0,5.2,12956
4369.1,573,16,4.9,12971
4370.1,573,0,5.0,12972
4371.1,573,0,5.1,12979
4372.1,573,16,4.9,12978
4373.2,573,0,5.3,12960
4374.2,573,3,5.2,12959
4375.2,573,16,5.2,12944
4376.2,573,0,5.2,12932
4377.3,573,2,5.2,12931
4378.3,573,16,4.9,12926
4379.3,573,0,5.3,12925
4380.3,573,0,5.0,12926
4381.3,573,16,4.9,12959
4382.4,573,0,5.1,12957
4383.4,573,0,5.2,12992
4384.4,573,17,4.9,12964
4385.4,573,0,5.3,12967
4386.5,573,0,5.1,12960
4387.5,578,18,5.1,12955
4388.5,578,0,5.1,12947
4389.5,577,0,4.9,12943
4390.5,577,18,5.2,12937
4391.6,577,0,5.2,12934
4392.6,573,18,5.0,12931
4393.6,573,0,5.3,12943
4394.6,573,0,5.0,12949
4395.7,573,15,5.4,12943
4396.7,573,0,5.2,12949
4397.7,573,0,4.9,12953
4398.7,573,16,5.3,12951
4399.8,573,2,5.0,12965
4400.8,573,0,4.9,12969
4401.8,573,16,5.1,12961
4402.8,573,0,5.0,12956
4403.9,573,0,4.9,12948
4404.9,573,16,4.9,12946
4405.9,573,0,5.1,12936
4406.9,573,2,5.6,12985
4408.0,573,16,5.0,12992
4409.0,573,0,4.9,12995
4410.0,573,2,4.9,12995
4411.0,573,16,5.0,13002
4412.0,573,0,5.0,13004
4413.1,573,0,5.0,12997
4414.1,573,18,5.2,12984
4415.1,573,0,4.8,12985
4416.1,573,0,5.2,12977
4417.2,573,19,5.3,12975
4418.2,573,0,5.5,12969
4419.2,573,0,5.4,12977
4420.2,573,16,5.3,13011
4421.3,573,2,4.9,13023
4422.3,573,0,5.2,13043
4423.3,573,16,5.2,13014
4424.3,573,2,4.8,13029
4425.4,573,0,5.2,13009
4426.4,573,16,5.1,13007
4427.4,573,3,4.9,13003
4428.4,573,0,5.2,12992
4429.4,573,16,4.8,12984
4430.5,573,2,5.2,12977
4431.5,573,0,4.9,12966
4432.5,573,16,5.0,12961
4433.5,573,0,5.3,12952
4434.6,573,0,4.8,12954
4435.6,573,0,5.1,12952
4436.6,573,0,5.0,12973
4437.6,573,18,5.1,12975
4438.7,573,0,4.8,12980
4439.7,573,0,4.9,12978
4440.7,573,18,5.1,12991
4441.7,573,0,5.0,12983
4442.7,573,0,5.1,12992
4443.8,573,18,4.9,12988
4444.8,573,0,4.8,12980
4445.8,573,0,5.2,12971
4446.8,573,16,4.8,12963
4447.9,573,0,5.1,12959
4448.9,573,3,4.8,12956
4449.9,573,16,5.1,12959
4450.9,573,0,4.9,12964
4452.0,573,2,5.2,12979
4453.0,573,16,5.0,12985
4454.0,573,0,4.9,12988
4455.0,573,0,5.0,13000
4456.1,574,16,4.8,13006
4457.1,574,2,5.2,12999
4458.1,574,0,5.2,12988
4459.1,574,16,5.5,12975
4460.1,574,2,5.1,12982
4461.2,574,0,4.7,12976
4462.2,574,16,5.5,12968
4463.2,574,0,4.7,12964
4464.2,573,0,5.1,12954
4465.3,573,18,4.9,12948
4466.3,573,0,5.1,12946
4467.3,573,0,5.0,12949
4468.3,573,16,4.7,12956
4469.4,573,0,5.1,12966
4470.4,573,0,4.9,12987
4471.4,573,16,5.1,12979
4472.4,573,0,5.0,12985
4473.4,568,2,4.9,12986
4474.5,568,16,5.1,12989
4475.5,568,0,4.7,12991
4476.5,568,2,5.2,12983
4477.5,568,16,5.0,12975
4478.6,568,0,4.9,12968
4479.6,568,18,5.1,12967
4480.6,568,0,5.0,12966
4481.6,568,0,4.7,12966
4482.6,568,17,5.2,12975
4483.7,568,0,4.9,12986
4484.7,568,0,4.9,13010
4485.7,570,16,5.1,13011
4486.7,570,1,5.1,13000
4487.8,570,0,5.0,13000
4488.8,570,16,5.1,13005
4489.8,570,0,4.8,13001
4490.8,570,0,5.0,12994
4491.8,570,18,5.0,12986
4492.9,570,0,5.2,12984
4493.9,570,0,4.8,12984
4494.9,570,18,4.8,12973
4495.9,570,0,5.3,12979
4497.0,570,0,4.8,12986
4498.0,570,18,5.1,12991
4499.0,570,0,5.2,12991
4500.0,570,0,4.8,13009
4501.1,570,16,5.3,13006
4502.1,570,0,4.7,13016
4503.1,570,0,5.2,13013
4504.1,570,16,5.5,13009
4505.1,570,0,5.0,13002
4506.2,570,0,5.1,12994
4507.2,570,16,4.9,12995
4508.2,570,0,5.1,12973
4509.2,570,2,4.9,12982
4510.3,570,16,4.9,12972
4511.3,570,0,5.3,12973
4512.3,570,0,5.3,12981
4513.3,570,18,4.7,12996
4514.4,570,0,5.2,12994
4515.4,570,0,5.1,12987
4516.4,570,13,4.8,12992
4517.4,570,2,5.1,13000
4518.4,570,0,4.9,13009
4519.5,570,14,4.8,13007
4520.5,570,2,5.1,13009
4521.5,570,0,5.0,13016
4522.5,570,14,4.9,13009
4523.6,570,2,4.9,13001
4524.6,570,10,5.1,12994
4525.6,570,0,4.8,12990
4526.6,570,2,5.4,12989
4527.7,570,11,4.7,12989
4528.7,570,0,5.2,12991
4529.7,570,2,5.1,13006
4530.7,570,11,5.0,13021
4531.8,570,0,5.1,13029
4532.8,570,0,5.1,13033
4533.8,570,11,5.1,13032
4534.8,570,0,5.2,13028
4535.8,570,2,4.8,13033
4536.9,570,9,5.3,13023
4537.9,570,0,5.0,13028
4538.9,570,0,5.2,13006
4539.9,570,10,5.2,12997
4541.0,570,2,4.8,13002
4542.0,570,0,5.0,12996
4543.0,570,6,5.1,12988
4544.0,570,2,4.9,12989
4545.1,570,0,5.1,12987
4546.1,570,8,5.1,12995
4547.1,570,0,5.0,13005
4548.1,570,0,5.0,13007
4549.2,570,8,5.4,13018
4550.2,570,0,5.0,13008
4551.2,570,0,5.2,13009
4552.2,570,8,5.0,13026
4553.2,570,0,5.0,13033
4554.3,570,2,5.1,13034
4555.3,570,10,5.0,13018
4556.3,570,0,5.1,13011
4557.3,570,2,5.1,13011
4558.4,570,10,5.1,13002
4559.4,570,0,5.1,12997
4560.4,570,2,4.6,12993
4561.4,570,10,5.2,12981
4562.4,570,0,5.0,12981
4563.5,570,3,4.8,12974
4564.5,570,13,5.0,12980
4565.5,570,0,4.9,12988
4566.5,570,2,5.1,13001
4567.6,570,15,5.1,13007
4568.6,570,0,4.8,13010
4569.6,570,16,5.2,13017
4570.6,570,0,5.1,13038
4571.6,570,0,4.9,13037
4572.7,570,17,5.0,13026
4573.7,592,0,5.3,13014
4574.7,592,0,5.1,13007
4575.7,590,16,5.1,13000
4576.8,590,0,5.0,13001
4577.8,590,0,5.1,12999
4578.8,570,18,5.2,12997
4579.8,570,0,5.0,12996
4580.9,570,0,5.0,13003
4581.9,570,18,5.1,13002
4582.9,570,0,4.8,13010
4583.9,570,0,5.1,13023
4585.0,570,16,5.2,13039
4586.0,570,2,5.0,13047
4587.0,570,0,5.3,13040
4588.0,570,16,4.8,13032
4589.0,570,3,5.2,13035
4590.1,570,0,5.1,13026
4591.1,570,16,4.9,13022
4592.1,570,2,5.2,13009
4593.1,570,0,5.1,13013
4594.2,570,16,4.9,13006
4595.2,570,2,5.6,12990
4596.2,570,0,4.9,12989
4597.2,570,16,5.0,12985
4598.3,570,0,5.2,12986
4599.3,623,0,5.9,12999
4600.3,623,2,5.4,13005
4601.3,614,0,5.4,13024
4602.4,613,1,4.9,13035
4603.4,654,16,7.1,13046
4604.4,656,71,5.9,13037
4605.4,669,0,5.0,13033
4606.5,669,4,5.0,13028
4607.5,665,0,5.1,13017
4608.5,644,0,5.0,13019
4609.5,642,20,5.1,13006
4610.6,598,0,5.0,13012
4611.6,598,0,5.3,13005
4612.6,598,0,5.1,12997
4613.6,598,0,5.1,12991
4614.6,598,16,5.0,12993
4615.7,598,0,5.3,12993
4616.7,598,0,5.1,12992
4617.7,598,16,5.1,13006
4618.7,598,0,5.1,13013
4619.8,598,0,4.9,13005
4620.8,598,16,5.1,13009
4621.8,598,0,5.0,13008
4622.8,598,0,5.0,13019
4623.8,598,16,5.1,13032
4624.9,598,0,4.7,13029
4625.9,598,0,5.3,13026
4626.9,598,16,5.0,13019
4627.9,598,2,4.8,13012
4629.0,598,0,5.1,13007
4630.0,598,16,4.9,12989
4631.0,598,0,4.6,12991
4632.0,598,0,5.1,12993
4633.1,598,16,4.9,12993
4634.1,598,0,4.9,13008
4635.1,602,2,5.1,13013
4636.1,602,16,5.1,13021
4637.1,602,0,4.7,13034
4638.2,602,0,5.1,13035
4639.2,602,16,4.9,13033
4640.2,598,0,4.9,13052
4641.2,598,0,5.7,13035
4642.3,598,18,4.8,13025
4643.3,598,0,5.1,13025
4644.3,598,0,5.2,13018
4645.3,598,19,4.7,13013
4646.4,598,0,5.1,13004
4647.4,598,0,5.1,12995
4648.4,598,18,4.9,12996
4649.4,598,0,6.0,12998
4650.5,598,0,5.0,12995
4651.5,598,16,4.8,13017
4652.5,598,2,4.9,13015
4653.5,598,0,5.3,13030
4654.5,598,16,4.7,13037
4655.6,598,2,5.2,13035
4656.6,598,0,4.9,13029
4657.6,598,2,5.0,13045
4658.6,598,0,5.0,13023
4659.7,598,16,5.1,13022
4660.7,594,0,5.0,13032
4661.7,594,0,4.8,13025
4662.7,594,18,5.3,13014
4663.8,594,0,4.8,13009
4664.8,594,0,4.9,12999
4665.8,594,16,5.0,12999
4666.8,590,0,4.8,12991
4667.9,590,0,5.0,12994
4668.9,590,18,4.9,13014
4669.9,590,0,4.8,13034
4670.9,590,0,5.0,13049
4671.9,590,18,5.0,13056
4673.0,590,0,4.9,13044
4674.0,590,0,5.1,13061
4675.0,590,18,4.8,13048
4676.0,590,0,5.0,13022
4677.1,590,0,4.9,13027
4678.1,590,16,4.7,13029
4679.1,590,2,5.1,13012
4680.1,590,0,5.1,13020
4681.2,590,16,5.0,13022
4682.2,590,2,5.2,13021
4683.2,590,0,4.7,13029
4684.2,590,16,5.0,13034
4685.2,590,2,5.0,13061
4686.3,590,0,5.0,13057
4687.3,590,16,5.7,13049
4688.3,590,2,4.9,13059
4689.3,590,0,5.0,13065
4690.4,590,16,5.1,13058
4691.4,590,0,5.0,13048
4692.4,590,0,5.1,13043
4693.4,590,16,4.8,13041
4694.5,590,0,5.1,13036
4695.5,590,0,4.8,13022
4696.5,590,16,4.9,13021
4697.5,590,2,5.1,13018
4698.6,590,0,4.8,13011
4699.6,590,16,5.1,13009
4700.6,590,2,5.2,13006
4701.6,590,16,7.6,13086
4702.6,591,2,7.3,13157
4703.7,591,0,5.0,13157
4704.7,591,16,6.1,13155
4705.7,591,2,5.1,13150
4706.7,591,0,5.1,13152
4707.8,591,15,5.1,13139
4708.8,590,0,5.2,13141
4709.8,591,0,5.3,13126
4710.8,591,18,4.9,13124
4711.8,591,0,5.0,13124
4712.9,595,0,5.2,13116
4713.9,595,18,4.8,13137
4714.9,594,0,5.3,13162
4715.9,594,0,4.9,13169
4717.0,595,20,5.1,13190
4718.0,591,0,5.3,13179
4719.0,591,0,4.8,13179
4720.0,591,18,5.2,13153
4721.1,591,0,5.5,13160
4722.1,591,0,4.8,13151
4723.1,591,16,5.2,13147
4724.1,591,0,4.7,13147
4725.1,591,0,5.1,13136
4726.2,591,16,5.1,13136
4727.2,591,0,5.0,13129
4728.2,591,0,5.2,13124
4729.2,591,16,4.7,13125
4730.3,591,0,5.1,13126
4731.3,591,2,5.0,13138
4732.3,591,16,5.8,13132
4733.3,591,0,4.9,13127
4734.3,591,2,5.0,13123
4735.4,591,16,5.3,13125
4736.4,591,0,5.0,13148
4737.4,591,2,5.2,13168
4738.4,591,16,5.3,13162
4739.5,591,0,4.7,13152
4740.5,591,2,5.2,13149
4741.5,591,16,5.1,13144
4742.5,591,0,5.0,13129
4743.6,591,2,5.1,13126
4744.6,591,16,5.0,13120
4745.6,591,0,5.1,13112
4746.6,591,16,5.2,13100
4747.6,591,0,4.8,13100
4748.7,591,2,5.2,13101
4749.7,591,16,4.8,13103
4750.7,591,0,5.4,13093
4751.7,591,2,5.0,13102
4752.8,591,16,4.7,13107
4753.8,591,0,5.0,13119
4754.8,591,2,4.9,13131
4755.8,591,16,5.0,13119
4756.9,591,0,5.1,13141
4757.9,591,2,5.0,13143
4758.9,591,16,4.9,13144
4759.9,591,0,4.9,13134
4761.0,591,2,5.0,13127
4762.0,591,16,6.0,13136
4763.0,591,0,4.7,13150
4764.0,591,2,5.0,13158
4765.1,591,16,5.2,13163
4766.1,591,0,4.8,13164
4767.1,591,2,5.2,13174
4768.1,591,16,4.9,13178
4769.1,591,0,5.2,13177
4770.2,591,0,4.9,13173
4771.2,591,0,4.8,13168
4772.2,591,2,5.1,13156
4773.2,579,0,5.0,13157
4774.3,579,0,5.1,13155
4775.3,579,2,5.0,13150
4776.3,579,0,4.9,13140
4777.3,579,0,5.0,13145
4778.4,579,0,5.5,13119
4779.4,579,0,4.9,13127
4780.4,579,0,5.2,13121
4781.4,579,0,5.1,13130
4782.5,579,2,5.0,13148
4783.5,579,0,5.3,13128
4784.5,579,0,5.1,13153
4785.5,579,2,5.1,13157
4786.5,579,0,5.1,13149
4787.6,579,0,5.1,13165
4788.6,579,0,5.0,13167
4789.6,579,2,4.8,13163
4790.6,579,0,5.1,13161
4791.7,579,0,5.5,13159
4792.7,579,2,5.0,13145
4793.7,579,0,5.3,13144
4794.7,579,0,5.0,13093
4795.8,579,2,5.3,13096
4796.8,579,0,5.0,13094
4797.8,579,0,5.1,13108
4798.8,579,2,4.8,13108
4799.9,579,0,4.8,13101
4800.9,579,0,5.1,13090
4801.9,579,2,4.8,13093
4802.9,605,52,5.6,13080
4803.9,602,0,4.9,13074
4805.0,601,0,4.9,13073
4806.0,601,0,5.2,13063
4807.0,601,0,5.0,13066
4808.0,595,2,4.7,13062
4809.0,595,0,5.2,13076
4810.1,595,0,5.1,13078
4811.1,595,2,5.1,13085
4812.1,595,0,5.0,13098
4813.1,595,0,4.9,13097
4814.2,595,0,4.9,13104
4815.2,595,0,4.8,13105
4816.2,595,0,5.2,13102
4817.2,595,0,5.1,13108
4818.3,595,0,5.0,13101
4819.3,595,2,5.1,13092
4820.3,595,0,4.7,13088
4821.3,595,0,5.3,13080
4822.3,595,2,4.9,13073
4823.4,595,0,5.6,13055
4824.4,595,0,4.8,13055
4825.4,595,0,5.0,13055
4826.4,595,0,5.2,13061
4827.5,595,2,5.0,13067
4828.5,595,4,5.0,13072
4829.5,595,0,5.0,13074
4830.5,595,0,4.8,13084
4831.6,595,3,5.2,13104
4832.6,595,0,4.9,13090
4833.6,595,0,5.3,13103
4834.6,594,0,4.9,13099
4835.6,594,0,4.9,13102
4836.7,594,6,5.2,13090
4837.7,594,0,5.0,13089
4838.7,594,0,5.1,13076
4839.7,594,5,5.2,13075
4840.8,594,0,4.9,13067
4841.8,594,2,5.3,13065
4842.8,594,5,4.9,13067
4843.8,594,0,5.0,13074
4844.9,594,3,5.1,13076
4845.9,594,8,4.8,13097
4846.9,594,0,5.1,13117
4847.9,594,2,4.9,13122
4848.9,594,8,4.8,13111
4850.0,598,0,5.0,13102
4851.0,598,2,4.9,13105
4852.0,597,8,5.0,13102
4853.0,597,0,5.0,13094
4854.1,597,2,4.9,13087
4855.1,593,8,5.0,13077
4856.1,593,0,5.1,13071
4857.1,593,0,5.0,13072
4858.2,593,10,5.2,13074
4859.2,593,0,4.8,13086
4860.2,593,0,5.1,13098
4861.2,593,11,4.8,13104
4862.2,593,0,4.8,13099
4863.3,593,0,5.0,13111
4864.3,593,15,4.9,13123
4865.3,593,0,5.2,13127
4866.3,593,0,5.1,13124
4867.4,593,13,5.2,13109
4868.4,589,0,5.0,13104
4869.4,589,0,5.0,13098
4870.4,589,14,5.3,13098
4871.4,589,0,5.1,13091
4872.5,589,0,5.0,13092
4873.5,589,16,5.2,13095
4874.5,589,0,5.2,13100
4875.6,589,0,4.9,13108
4876.6,589,17,5.1,13125
4877.6,589,0,4.8,13134
4878.6,589,17,5.2,13132
4879.6,589,0,5.1,13134
4880.7,589,0,4.9,13128
4881.7,589,16,5.2,13138
4882.7,589,0,5.1,13133
4883.7,589,2,5.0,13123
4884.8,589,16,4.9,13117
4885.8,589,0,5.0,13108
4886.8,589,2,5.1,13103
4887.8,589,16,5.0,13088
4888.9,589,0,5.2,13087
4889.9,589,0,5.0,13087
4890.9,589,16,4.9,13072
4891.9,589,0,5.0,13072
4892.9,589,0,4.9,13076
4894.0,589,16,5.2,13081
4895.0,589,2,4.8,13102
4896.0,589,0,5.1,13091
4897.0,589,16,4.8,13095
4898.1,589,2,5.2,13127
4899.1,589,0,5.0,13119
4900.1,589,16,4.8,13130
4901.1,589,0,5.2,13115
4902.2,589,0,4.8,13116
4903.2,589,16,5.1,13105
4904.2,589,0,4.9,13105
4905.2,589,0,4.9,13094
4906.2,589,16,5.2,13085
4907.3,589,0,4.9,13084
4908.3,589,0,5.2,13083
4909.3,589,16,5.0,13074
4910.3,589,0,4.9,13074
4911.4,589,0,5.2,13077
4912.4,589,18,5.3,13068
4913.4,589,0,5.1,13078
4914.4,589,0,5.1,13099
4915.4,589,18,5.0,13107
4916.5,589,0,5.1,13120
4917.5,589,0,4.7,13112
4918.5,589,18,5.0,13116
4919.5,589,0,5.0,13106
4920.6,589,0,4.8,13115
4921.6,589,16,5.1,13099
4922.6,589,0,5.0,13096
4923.6,589,18,5.0,13086
4924.7,589,0,5.0,13082
4925.7,589,0,5.0,13080
4926.7,589,16,4.9,13075
4927.7,589,0,4.9,13072
4928.7,589,3,5.1,13068
4929.8,589,16,4.8,13069
4930.8,590,0,5.2,13097
4931.8,590,2,5.1,13115
4932.8,590,16,4.9,13123
4933.9,590,0,5.3,13112
4934.9,586,0,4.9,13133
4935.9,586,16,5.1,13113
4936.9,586,0,5.0,13108
4938.0,586,0,5.0,13105
4939.0,586,16,5.2,13107
4940.0,586,0,4.7,13100
4941.0,586,0,5.1,13089
4942.0,586,16,5.0,13087
4943.1,586,2,5.2,13082
4944.1,586,0,5.3,13089
4945.1,586,16,4.8,13096
4946.1,586,0,5.2,13105
4947.2,586,0,5.3,13114
4948.2,586,16,4.8,13127
4949.2,586,0,5.2,13120
4950.2,586,2,5.2,13145
4951.3,586,16,4.8,13141
4952.3,586,0,5.1,13127
4953.3,586,0,5.2,13123
4954.3,586,18,5.0,13113
4955.4,586,0,5.0,13109
4956.4,586,0,5.2,13103
4957.4,586,18,5.2,13088
4958.4,586,0,5.1,13096
4959.5,586,0,5.0,13095
4960.5,586,16,4.7,13100
4961.5,586,0,5.2,13118
4962.5,586,0,4.9,13128
4963.5,591,18,5.4,13130
4964.6,591,7,5.9,13166
4965.6,637,0,6.4,13170
4966.6,642,21,5.3,13152
4967.6,642,1,5.4,13151
4968.7,641,18,5.0,13144
4969.7,639,0,5.5,13135
4970.7,638,0,4.7,13127
4971.7,613,16,5.6,13110
4972.8,608,0,6.1,13114
4973.8,596,0,4.9,13101
4974.8,593,8,5.2,13098
4975.8,591,0,4.9,13095
4976.8,591,0,5.0,13095
4977.9,591,16,5.1,13096
4978.9,591,0,4.8,13098
4979.9,591,0,5.1,13116
4980.9,591,16,5.0,13120
4982.0,591,0,5.1,13115
4983.0,591,0,5.1,13109
4984.0,591,18,4.8,13132
4985.0,591,0,5.1,13124
4986.0,591,0,4.9,13135
4987.1,591,18,5.1,13132
4988.1,591,0,5.0,13128
4989.1,591,0,4.7,13121
4990.1,591,18,5.1,13116
4991.2,591,0,5.3,13116
4992.2,595,0,5.0,13110
4993.2,595,16,5.2,13119
4994.2,595,0,4.9,13124
4995.3,595,0,5.1,13152
4996.3,595,16,5.2,13158
4997.3,591,0,4.9,13153
4998.3,591,0,5.1,13164
4999.3,591,16,5.0,13169
5000.4,591,2,4.9,13161
5001.4,591,0,5.1,13149
5002.4,591,16,4.8,13140
5003.4,591,2,5.5,13146
5004.5,591,0,5.1,13137
5005.5,591,16,5.0,13126
5006.5,591,0,5.0,13124
5007.5,599,0,5.7,13112
5008.5,599,1,4.6,13108
5009.6,597,0,5.2,13104
5010.6,597,0,4.9,13098
5011.6,597,0,4.8,13097
5012.6,594,2,5.0,13104
5013.7,594,0,5.0,13099
5014.7,594,3,4.9,13111
5015.7,594,0,5.1,13117
5016.7,594,0,4.7,13117
5017.8,594,2,5.1,13128
5018.8,594,0,4.9,13129
5019.8,594,0,4.7,13137
5020.8,594,0,5.0,13147
5021.8,594,0,5.0,13127
5022.9,594,0,4.9,13113
5023.9,594,0,5.1,13120
5024.9,594,0,4.8,13122
5025.9,594,0,5.0,13110
5027.0,594,2,5.0,13104
5028.0,594,0,5.1,13099
5029.0,594,0,5.2,13098
5030.0,594,2,4.9,13119
5031.1,594,0,5.2,13121
5032.1,594,0,5.0,13128
5033.1,594,2,5.1,13135
5034.1,594,0,5.1,13142
5035.2,594,0,4.9,13147
5036.2,594,2,5.1,13152
5037.2,594,0,4.9,13151
5038.2,594,0,5.0,13127
5039.2,594,0,5.1,13138
5040.3,594,0,4.8,13129
5041.3,594,2,5.2,13121
5042.3,594,0,4.8,13118
5043.3,594,0,5.0,13111
5044.4,594,2,5.0,13113
5045.4,594,0,4.8,13117
5046.4,594,0,5.1,13130
5047.4,594,2,4.7,13142
5048.5,594,0,5.0,13150
5049.5,594,0,5.5,13142
5050.5,594,2,5.0,13156
5051.5,594,0,5.1,13149
5052.5,594,0,4.8,13151
5053.6,594,2,5.2,13145
5054.6,594,0,4.7,13134
5055.6,594,2,5.1,13133
5056.6,594,0,4.9,13136
5057.7,594,2,5.1,13127
5058.7,594,0,5.3,13121
5059.7,594,0,5.0,13113
5060.7,594,2,5.0,13105
5061.8,594,0,5.1,13105
5062.8,594,0,5.2,13116
5063.8,594,2,5.2,13123
5064.8,593,0,4.8,13138
5065.8,593,0,5.3,13169
5066.9,593,0,4.8,13160
5067.9,593,0,5.1,13169
5068.9,593,2,5.0,13172
5069.9,589,0,5.1,13164
5071.0,589,0,4.9,13149
5072.0,589,0,4.9,13152
5073.0,589,0,5.1,13147
5074.0,580,1,4.9,13143
5075.1,580,0,5.1,13130
5076.1,580,0,5.1,13127
5077.1,580,2,5.1,13113
5078.1,580,0,5.2,13120
5079.1,580,0,4.9,13113
5080.2,580,2,5.2,13104
5081.2,580,0,5.0,13129
5082.2,580,0,5.2,13137
5083.2,580,2,5.1,13138
5084.3,580,0,5.0,13166
5085.3,580,0,5.0,13176
5086.3,580,2,5.2,13168
5087.3,580,0,5.0,13174
5088.4,580,0,5.0,13161
5089.4,580,0,4.8,13153
5090.4,580,0,5.2,13143
5091.4,580,2,4.8,13139
5092.4,580,0,5.3,13129
5093.5,580,0,5.3,13132
5094.5,580,2,5.5,13119
5095.5,580,0,5.0,13115
5096.5,580,0,4.8,13121
5097.6,580,0,5.1,13123
5098.6,580,0,5.1,13129
5099.6,580,0,4.6,13152
5100.6,580,2,5.2,13148
5101.7,580,0,5.1,13147
5102.7,580,2,5.1,13147
5103.7,580,0,5.1,13173
5104.7,580,0,4.8,13164
5105.7,580,2,5.2,13159
5106.8,580,0,4.8,13154
5107.8,580,0,5.2,13138
5108.8,580,3,5.1,13138
5109.8,580,0,4.8,13132
5110.9,580,0,5.4,13131
5111.9,580,0,4.9,13126
5112.9,580,0,5.0,13144
5113.9,580,2,5.0,13152
5115.0,580,0,5.1,13173
5116.0,580,0,5.0,13203
5117.0,580,2,4.8,13198
5118.0,580,0,5.2,13189
5119.0,580,0,4.7,13188
5120.1,580,0,5.3,13182
5121.1,580,0,5.0,13176
5122.1,580,0,5.1,13167
5123.1,580,0,5.3,13161
5124.2,580,0,4.8,13156
5125.2,580,2,5.1,13160
5126.2,580,0,5.1,13144
5127.2,580,0,5.1,13134
5128.2,580,4,5.0,13137
5129.3,580,0,4.8,13146
5130.3,580,0,5.2,13175
5131.3,580,3,5.1,13171
5132.3,580,0,5.1,13169
5133.4,580,0,5.2,13168
5134.4,580,3,4.9,13193
5135.4,580,0,5.2,13198
5136.4,580,0,5.1,13198
5137.5,580,5,5.4,13183
5138.5,580,0,5.5,13198
5139.5,580,0,5.0,13209
5140.5,580,4,4.9,13204
5141.5,601,0,5.3,13192
5142.6,601,0,4.8,13214
5143.6,599,6,5.1,13212
5144.6,599,0,5.1,13228
5145.6,599,0,5.1,13207
5146.7,579,0,5.0,13202
5147.7,579,0,4.8,13204
5148.7,579,10,5.3,13199
5149.7,579,0,4.9,13193
5150.8,579,0,5.2,13179
5151.8,579,7,5.0,13174
5152.8,579,0,5.0,13173
5153.8,579,0,5.1,13160
5154.8,579,6,5.0,13163
5155.9,579,0,5.1,13148
5156.9,579,0,5.1,13147
5157.9,579,8,4.9,13164
5158.9,579,0,5.4,13165
5160.0,587,2,5.6,13181
5161.0,585,8,5.1,13220
5162.0,585,0,5.0,13220
5163.0,585,2,5.2,13212
5164.1,585,8,4.8,13207
5165.1,579,0,4.9,13189
5166.1,579,0,5.3,13184
5167.1,579,8,4.7,13194
5168.2,579,2,5.0,13179
5169.2,579,0,5.2,13176
5170.2,579,9,4.9,13171
5171.2,579,0,5.9,13244
5172.2,579,0,4.9,13252
5173.3,579,11,4.9,13256
5174.3,579,0,5.2,13254
5175.3,579,2,4.7,13251
5176.3,579,10,5.0,13245
5177.4,579,0,4.9,13245
5178.4,579,3,4.8,13225
5179.4,579,13,4.9,13229
5180.4,579,0,5.0,13224
5181.5,579,2,5.2,13214
5182.5,579,14,5.2,13205
5183.5,579,0,4.9,13209
5184.5,579,2,5.1,13234
5185.6,579,15,4.9,13234
5186.6,579,0,4.8,13237
5187.6,579,0,5.1,13257
5188.6,579,17,5.1,13276
5189.6,579,0,4.9,13263
5190.7,579,16,5.4,13274
5191.7,579,0,4.9,13272
5192.7,579,2,5.0,13257
5193.7,579,16,5.1,13251
5194.8,579,0,4.9,13239
5195.8,579,0,5.1,13230
5196.8,579,16,5.0,13233
5197.8,579,0,5.2,13246
5198.9,579,0,5.1,13253
5199.9,579,16,4.8,13276
5200.9,579,0,5.1,13294
5201.9,579,0,4.9,13266
5203.0,579,16,4.9,13305
5204.0,579,0,5.3,13289
5205.0,579,0,4.7,13281
5206.0,579,16,5.1,13281
5207.0,579,0,5.0,13284
5208.1,579,2,5.1,13263
5209.1,579,16,5.2,13267
5210.1,579,0,4.8,13249
5211.1,579,2,5.1,13244
5212.2,579,16,4.8,13244
5213.2,579,0,5.1,13236
5214.2,579,2,5.0,13231
5215.2,579,16,4.7,13238
5216.3,579,0,5.1,13248
5217.3,579,2,5.1,13270
5218.3,579,16,4.8,13285
5219.3,579,0,5.2,13280
5220.3,579,2,4.5,13294
5221.4,579,17,5.1,13303
5222.4,579,0,4.9,13298
5223.4,579,2,4.8,13280
5224.4,579,16,5.2,13282
5225.4,579,0,4.9,13284
5226.5,579,0,5.6,13261
5227.5,579,16,5.0,13261
5228.5,579,0,5.1,13243
5229.5,579,0,5.1,13247
5230.6,579,16,5.0,13238
5231.6,579,2,5.2,13229
5232.6,579,0,4.6,13224
5233.6,579,16,5.1,13232
5234.6,579,0,5.2,13264
5235.7,579,16,4.8,13301
5236.7,579,2,5.0,13307
5237.7,579,0,4.7,13304
5238.7,579,16,5.2,13301
5239.8,579,2,5.1,13296
5240.8,579,0,4.6,13286
5241.8,579,16,4.9,13283
5242.8,579,2,4.8,13271
5243.9,579,0,5.0,13251
5244.9,579,2,5.0,13246
5245.9,579,0,4.6,13251
5246.9,579,0,5.0,13244
5247.9,579,2,5.0,13246
5249.0,579,0,5.0,13231
5250.0,579,0,5.0,13271
5251.0,579,2,4.9,13276
5252.0,579,0,4.9,13311
5253.1,579,0,4.9,13323
5254.1,579,2,4.7,13317
5255.1,579,0,5.2,13302
5256.1,579,0,4.9,13301
5257.2,579,2,5.0,13293
5258.2,579,0,4.9,13285
5259.2,579,0,5.1,13263
5260.2,579,0,5.0,13276
5261.3,579,0,4.9,13263
5262.3,579,2,5.2,13263
5263.3,579,0,4.9,13257
5264.3,579,0,5.1,13266
5265.3,579,2,4.9,13270
5266.4,579,0,5.0,13300
5267.4,579,0,5.0,13319
5268.4,579,0,4.9,13311
5269.4,579,0,5.1,13325
5270.5,579,0,4.8,13319
5271.5,579,0,5.0,13316
5272.5,579,0,5.4,13306
5273.5,579,0,4.9,13286
5274.6,579,2,5.0,13273
5275.6,579,0,5.0,13273
5276.6,579,0,4.8,13275
5277.6,579,2,5.1,13267
5278.7,579,0,4.8,13248
5279.7,579,0,5.2,13251
5280.7,579,0,5.0,13252
5281.7,579,2,5.0,13236
5282.7,579,0,4.8,13230
5283.8,579,0,4.9,13227
5284.8,579,0,5.1,13229
5285.8,579,0,4.8,13220
5286.8,579,0,5.0,13225
5287.9,579,0,5.0,13244
5288.9,579,0,4.9,13272
5289.9,579,0,5.3,13289
5290.9,579,0,4.7,13287
5292.0,579,0,5.0,13269
5293.0,579,0,4.7,13285
5294.0,579,0,5.2,13274
5295.0,579,0,5.1,13254
5296.1,579,2,4.8,13267
5297.1,579,0,5.0,13265
5298.1,579,0,4.8,13252
5299.1,579,0,5.0,13239
5300.2,579,0,5.1,13241
5301.2,579,0,5.0,13243
5302.2,579,0,5.1,13244
5303.2,579,0,4.9,13289
5304.2,579,2,5.3,13312
5305.3,579,0,4.8,13304
5306.3,579,0,5.1,13306
5307.3,579,0,4.7,13291
5308.3,579,0,5.3,13289
5309.4,579,2,4.9,13276
5310.4,579,0,4.9,13267
5311.4,579,0,5.0,13266
5312.4,579,2,4.7,13258
5313.5,579,0,5.0,13249
5314.5,579,0,4.9,13245
5315.5,579,0,5.2,13262
5316.5,579,0,5.5,13263
5317.5,579,2,4.9,13288
5318.6,579,0,5.1,13319
5319.6,579,0,4.7,13333
5320.6,579,2,5.1,13328
5321.6,579,0,4.9,13317
5322.7,579,2,5.0,13299
5323.7,579,0,5.1,13286
5324.7,579,0,4.7,13297
5325.7,579,0,5.2,13279
5326.8,579,0,4.7,13276
5327.8,579,0,5.3,13276
5328.8,579,0,5.0,13261
5329.8,579,0,5.1,13258
5330.9,579,2,4.9,13254
5331.9,579,0,4.8,13239
5332.9,579,0,5.3,13234
5333.9,579,2,5.0,13230
5334.9,579,0,4.9,13229
5336.0,579,0,5.1,13223
5337.0,579,0,4.7,13230
5338.0,579,0,5.2,13239
5339.0,579,2,4.8,13257
5340.1,579,0,5.0,13296
5341.1,579,0,4.8,13278
5342.1,579,2,5.1,13296
5343.1,579,0,5.2,13292
5344.2,579,0,4.7,13279
5345.2,579,2,4.9,13273
5346.2,579,0,4.8,13266
5347.2,579,0,5.2,13255
5348.2,579,0,5.0,13244
5349.3,579,0,4.9,13249
5350.3,579,0,5.3,13243
5351.3,579,0,4.8,13242
5352.3,579,0,5.0,13244
5353.4,579,2,5.0,13271
5354.4,579,0,4.9,13277
5355.4,579,0,5.1,13280
5356.4,579,2,4.7,13299
5357.4,579,0,5.0,13286
5358.5,579,0,5.0,13286
5359.5,579,2,4.7,13297
5360.5,579,0,5.2,13296
5361.5,579,0,4.8,13287
5362.6,579,2,5.5,13282
5363.6,579,0,5.2,13282
5364.6,579,0,4.6,13286
5365.6,579,0,4.8,13278
5366.6,579,0,4.9,13273
5367.7,579,0,4.8,13264
5368.7,579,2,4.9,13268
5369.7,579,0,5.0,13262
5370.7,579,0,4.9,13254
5371.8,579,0,4.8,13251
5372.8,579,0,5.0,13257
5373.8,579,2,5.1,13253
5374.8,575,0,4.8,13270
5375.9,575,0,4.9,13272
5376.9,575,0,5.1,13284
5377.9,575,2,4.7,13283
5378.9,575,0,5.0,13291
5379.9,575,0,4.9,13303
5381.0,575,0,5.0,13302
5382.0,575,0,4.8,13294
5383.0,575,0,5.1,13293
5384.0,575,0,4.9,13289
5385.1,575,2,5.0,13288
5386.1,575,0,5.1,13277
5387.1,575,0,4.7,13273
5388.1,575,2,5.0,13261
5389.2,575,0,5.0,13264
5390.2,575,0,4.6,13259
5391.2,575,0,5.0,13259
5392.2,575,2,4.8,13265
5393.3,575,0,4.9,13257
5394.3,575,0,4.9,13262
5395.3,575,2,5.0,13270
5396.3,575,0,4.7,13279
5397.3,575,0,4.8,13271
5398.4,575,0,5.1,13290
5399.4,575,2,4.6,13303
5400.4,575,0,4.8,13317
5401.4,575,0,5.0,13329
5402.5,575,0,4.9,13328
5403.5,575,3,4.9,13325
5404.5,575,0,5.0,13312
5405.5,575,0,4.7,13313
5406.6,575,2,4.9,13311
5407.6,575,0,4.8,13306
5408.6,575,0,5.3,13288
5409.6,575,0,5.0,13295
5410.6,575,2,5.2,13291
5411.7,575,0,4.8,13288
5412.7,575,2,4.9,13282
5413.7,575,0,5.0,13274
5414.7,575,0,4.8,13272
5415.8,575,0,5.0,13271
5416.8,575,2,5.1,13264
5417.8,575,0,4.8,13268
5418.8,575,0,4.8,13267
5419.8,575,0,5.0,13258
5420.9,575,2,5.0,13262
5421.9,575,0,4.9,13278
5422.9,595,0,5.6,13301
5423.9,593,0,4.9,13300
5425.0,593,1,5.0,13321
5426.0,593,0,4.8,13317
5427.0,593,0,5.1,13326
5428.0,588,0,4.9,13334
5429.0,588,2,4.9,13310
5430.1,588,0,5.0,13313
5431.1,588,0,5.1,13322
5432.1,588,0,4.8,13308
5433.1,588,0,5.0,13303
5434.2,588,2,5.0,13304
5435.2,588,0,5.1,13298
5436.2,588,0,4.8,13288
5437.2,588,0,5.0,13288
5438.2,588,2,4.9,13289
5439.3,588,0,5.2,13287
5440.3,588,2,5.0,13276
5441.3,588,0,5.2,13274
5442.3,588,0,5.1,13270
5443.4,588,2,4.8,13266
5444.4,588,0,5.0,13269
5445.4,588,0,5.1,13270
5446.4,588,2,4.9,13272
5447.4,588,0,4.9,13295
5448.5,588,0,5.0,13294
5449.5,588,5,6.3,13307
5450.5,588,0,4.8,13319
5451.5,588,2,5.1,13316
5452.6,592,5,5.2,13317
5453.6,590,0,5.4,13326
5454.6,590,0,4.8,13320
5455.6,590,7,5.1,13321
5456.7,590,0,4.9,13319
5457.7,588,5,5.1,13299
5458.7,588,2,5.1,13300
5459.7,588,0,5.1,13302
5460.7,588,8,4.9,13298
5461.8,588,0,5.0,13288
5462.8,588,2,4.9,13284
5463.8,588,7,4.9,13280
5464.8,588,0,4.9,13283
5465.9,588,0,5.1,13278
5466.9,588,9,5.0,13284
5467.9,588,0,5.0,13290
5468.9,588,0,5.0,13308
5470.0,588,5,5.0,13318
5471.0,588,2,5.0,13330
5472.0,588,0,5.2,13340
5473.0,588,8,5.0,13334
5474.0,588,0,4.9,13334
5475.1,588,2,5.0,13326
5476.1,588,8,5.2,13328
5477.1,588,0,4.7,13312
5478.1,588,2,5.0,13312
5479.2,588,9,5.2,13310
5480.2,588,0,4.7,13299
5481.2,588,0,5.1,13295
5482.2,588,12,5.0,13288
5483.3,588,0,5.1,13283
5484.3,587,0,5.1,13283
5485.3,587,11,5.2,13306
5486.3,587,2,4.9,13309
5487.3,587,0,4.7,13308
5488.4,587,12,5.0,13317
5489.4,587,2,4.7,13332
5490.4,587,0,5.0,13340
5491.4,583,14,5.2,13339
5492.5,583,0,4.6,13335
5493.5,583,3,5.1,13328
5494.5,583,14,5.0,13320
5495.5,583,0,4.9,13314
5496.6,583,2,5.1,13305
5497.6,583,15,4.9,13302
5498.6,583,0,4.6,13294
5499.6,583,0,5.0,13294
5500.7,583,0,5.2,13278
5501.7,583,0,4.8,13275
5502.7,583,0,5.3,13274
5503.7,583,0,5.0,13280
5504.7,583,2,5.0,13285
5505.8,583,0,5.1,13299
5506.8,597,9,4.8,13308
5507.8,597,0,5.1,13308
5508.8,595,3,5.0,13326
5509.9,595,0,4.8,13322
5510.9,595,0,5.1,13315
5511.9,583,3,4.9,13304
5512.9,583,0,4.9,13311
5514.0,583,0,5.2,13303
5515.0,583,0,4.8,13295
5516.0,583,0,4.9,13290
5517.0,583,0,5.2,13287
5518.1,583,3,4.7,13285
5519.1,583,0,5.0,13294
5520.1,583,0,5.0,13304
5521.1,583,0,4.6,13314
5522.1,583,2,5.0,13320
5523.2,583,0,4.9,13326
5524.2,583,0,4.7,13340
5525.2,583,0,5.2,13341
5526.2,583,0,5.0,13337
5527.3,583,0,4.9,13318
5528.3,583,2,5.1,13316
5529.3,583,0,4.6,13317
5530.3,583,0,5.0,13305
5531.4,583,0,5.2,13298
5532.4,583,0,4.8,13292
5533.4,583,0,5.1,13298
5534.4,583,0,5.0,13286
5535.5,583,0,4.8,13281
5536.5,583,0,5.0,13277
5537.5,583,0,4.7,13272
5538.5,583,0,5.0,13307
5539.5,583,0,5.0,13294
5540.6,583,0,4.9,13312
5541.6,583,2,4.9,13306
5542.6,583,0,4.9,13320
5543.6,583,0,4.6,13350
5544.7,583,0,5.0,13341
5545.7,583,0,5.0,13336
5546.7,583,2,4.9,13329
5547.7,583,0,5.7,13309
5548.8,583,0,4.7,13312
5549.8,583,2,5.0,13305
5550.8,583,0,5.1,13303
5551.8,583,0,5.0,13290
5552.9,583,2,5.0,13287
5553.9,583,0,4.9,13279
5554.9,583,0,5.1,13284
5555.9,583,0,4.9,13278
5556.9,583,0,5.2,13277
5558.0,583,0,5.0,13305
5559.0,583,0,4.7,13314
5560.0,583,0,5.1,13303
5561.0,583,2,4.8,13316
5562.1,583,0,5.3,13309
5563.1,583,0,5.0,13325
5564.1,583,2,4.9,13319
5565.1,583,0,5.1,13319
5566.2,583,0,4.7,13301
5567.2,583,2,5.1,13307
5568.2,583,0,5.1,13295
5569.2,583,0,4.8,13291
5570.2,583,2,4.9,13289
5571.3,583,0,4.9,13277
5572.3,589,0,5.5,13288
5573.4,589,0,5.1,13300
5574.4,588,0,5.0,13303
5575.4,586,0,5.0,13309
5576.4,585,0,4.9,13307
5577.4,585,0,4.8,13327
5578.5,585,0,5.0,13349
5579.5,585,2,4.8,13338
5580.5,585,0,5.1,13336
5581.5,585,0,4.9,13325
5582.6,585,2,4.9,13320
5583.6,585,0,5.0,13305
5584.6,585,0,4.7,13306
5585.6,585,2,5.0,13300
5586.6,585,0,5.1,13294
5587.7,585,0,5.0,13287
5588.7,585,2,5.0,13289
5589.7,585,0,5.0,13293
5590.7,585,2,5.4,13318
5591.8,585,0,5.0,13324
5592.8,585,0,5.4,13317
5593.8,585,0,5.1,13330
5594.8,585,0,4.9,13336
5595.8,585,0,5.1,13331
5596.9,585,2,5.1,13337
5597.9,585,0,4.8,13338
5598.9,585,0,5.0,13326
5599.9,585,2,5.0,13320
5601.0,585,0,5.0,13313
5602.0,585,0,5.1,13303
5603.0,585,0,5.1,13312
5604.0,585,0,4.8,13303
5605.0,585,0,5.1,13299
5606.1,585,0,4.6,13300
5607.1,585,0,5.1,13317
5608.1,585,0,5.0,13317
5609.1,585,2,5.1,13344
5610.2,585,0,5.1,13357
5611.2,585,0,4.8,13358
5612.2,585,2,5.1,13345
5613.2,585,0,4.9,13344
5614.3,585,0,5.0,13329
5615.3,585,2,5.1,13332
5616.3,585,0,5.0,13324
5617.3,585,0,5.1,13318
5618.4,585,2,5.0,13311
5619.4,585,0,4.8,13311
5620.4,585,0,5.1,13300
5621.4,585,2,4.8,13300
5622.4,585,0,5.3,13298
5623.5,585,0,5.1,13325
5624.5,585,2,5.0,13331
5625.5,585,0,5.1,13340
5626.5,585,0,4.8,13344
5627.6,585,2,5.0,13330
5628.6,585,0,5.1,13339
5629.6,585,0,4.8,13333
5630.6,585,0,5.3,13356
5631.7,585,0,5.1,13350
5632.7,585,0,4.9,13333
5633.7,585,0,5.2,13324
5634.7,585,0,4.8,13328
5635.8,585,2,5.1,13321
5636.8,585,0,5.2,13313
5637.8,585,0,5.0,13303
5638.8,585,0,5.6,13292
5639.9,585,2,5.1,13289
5640.9,585,0,4.9,13287
5641.9,585,0,5.1,13281
5642.9,585,2,5.2,13278
5643.9,585,0,4.9,13282
5645.0,585,0,5.1,13320
5646.0,585,2,5.0,13326
5647.0,585,0,4.9,13355
5648.0,585,0,5.1,13345
5649.1,585,0,5.3,13333
5650.1,585,0,4.9,13353
5651.1,585,2,5.2,13360
5652.1,585,0,5.0,13339
5653.2,585,0,4.8,13351
5654.2,585,2,5.2,13369
5655.2,585,0,5.3,13340
5656.2,585,0,5.0,13335
5657.2,585,0,5.2,13349
5658.3,585,2,5.1,13347
5659.3,585,0,5.0,13352
5660.3,585,0,5.0,13351
5661.3,585,2,4.9,13344
5662.4,585,0,4.9,13326
5663.4,585,0,5.2,13344
5664.4,585,2,5.3,13342
5665.4,585,0,4.9,13337
5666.4,585,0,5.2,13328
5667.5,589,0,5.3,13316
5668.5,589,2,4.8,13317
5669.5,589,0,5.1,13312
5670.5,589,0,5.1,13311
5671.6,589,0,5.1,13311
5672.6,585,0,5.1,13304
5673.6,585,0,5.2,13301
5674.6,585,0,5.0,13315
5675.7,571,0,5.2,13316
5676.7,571,0,5.1,13326
5677.7,571,0,4.9,13364
5678.7,571,2,5.1,13364
5679.7,571,0,5.2,13390
5680.8,571,0,4.9,13362
5681.8,571,0,5.0,13361
5682.8,571,0,5.0,13367
5683.8,571,2,5.2,13362
5684.9,571,0,5.3,13362
5685.9,571,0,5.2,13344
5686.9,571,0,5.2,13339
5687.9,571,2,4.9,13327
5689.0,571,0,5.1,13338
5690.0,571,0,5.0,13330
5691.0,571,0,5.1,13326
5692.0,571,2,4.9,13315
5693.0,571,0,5.0,13302
5694.1,571,0,5.5,13311
5695.1,571,0,5.2,13305
5696.1,571,0,4.9,13312
5697.1,571,0,5.0,13288
5698.2,571,2,5.2,13286
5699.2,571,0,5.1,13293
5700.2,571,0,4.7,13308
5701.2,571,0,5.4,13327
5702.3,571,2,5.0,13335
5703.3,571,0,5.3,13357
5704.3,571,0,5.1,13357
5705.3,571,0,5.1,13351
5706.4,571,2,5.1,13365
5707.4,571,0,5.1,13350
5708.4,571,0,5.0,13343
5709.4,571,0,5.2,13342
5710.4,571,0,5.2,13341
5711.5,571,0,5.1,13338
5712.5,571,2,5.0,13327
5713.5,571,0,5.3,13326
5714.5,571,0,5.0,13318
5715.6,571,0,5.1,13314
5716.6,571,0,4.9,13316
5717.6,571,2,5.3,13316
5718.6,571,0,5.1,13335
5719.7,571,0,5.1,13338
5720.7,571,0,4.9,13369
5721.7,571,2,5.3,13393
5722.7,571,2,5.1,13385
5723.8,571,0,5.2,13384
5724.8,571,0,5.1,13377
5725.8,571,16,5.1,13381
5726.8,571,3,5.2,13371
5727.8,571,2,5.0,13380
5728.9,571,16,5.3,13370
5729.9,571,0,5.1,13370
5730.9,571,0,5.1,13355
5731.9,571,16,5.1,13346
5733.0,571,0,5.0,13350
5734.0,571,2,5.7,13344
5735.0,571,16,4.8,13337
5736.0,571,0,5.3,13329
5737.1,571,0,5.1,13339
5738.1,571,16,4.9,13344
5739.1,571,2,4.9,13316
5740.1,571,0,5.2,13322
5741.2,571,16,5.2,13318
5742.2,571,0,4.9,13319
5743.2,571,0,4.9,13320
5744.2,571,16,5.2,13316
5745.3,571,2,5.1,13312
5746.3,571,0,5.3,13298
5747.3,571,16,4.8,13304
5748.3,571,0,5.1,13294
5749.3,571,2,5.0,13298
5750.4,571,16,5.2,13302
5751.4,571,0,4.8,13313
5752.4,571,0,5.0,13331
5753.4,571,14,5.2,13342
5754.5,571,0,5.1,13368
5755.5,571,0,5.3,13366
5756.5,571,16,4.9,13372
5757.5,571,3,4.9,13371
5758.6,571,0,5.1,13364
5759.6,571,14,5.1,13357
5760.6,571,0,5.2,13364
5761.6,571,0,4.7,13356
5762.6,571,13,5.0,13344
5763.7,571,2,5.0,13347
5764.7,571,0,4.9,13340
5765.7,571,0,5.1,13336
5766.7,571,0,4.8,13344
5767.8,571,11,4.9,13337
5768.8,571,2,5.1,13329
5769.8,571,0,5.0,13321
5770.8,571,8,5.3,13333
5771.9,571,0,4.8,13362
5772.9,571,0,4.9,13389
5773.9,571,9,5.1,13382
5774.9,571,2,5.1,13390
5775.9,571,0,5.0,13413
5777.0,571,10,4.9,13408
5778.0,571,0,5.0,13381
5779.0,571,0,5.1,13410
5780.0,571,11,5.1,13397
5781.1,571,0,5.5,13390
5782.1,571,2,5.3,13380
5783.1,571,10,4.9,13391
5784.1,571,0,5.2,13379
5785.2,571,0,5.3,13384
5786.2,571,8,5.0,13384
5787.2,571,0,4.9,13370
5788.2,571,0,5.2,13369
5789.2,571,9,5.1,13366
5790.3,571,0,5.1,13355
5791.3,571,0,5.2,13358
5792.3,571,7,5.0,13352
5793.3,571,0,5.0,13346
5794.4,571,2,4.9,13346
5795.4,571,7,5.0,13347
5796.4,571,0,4.8,13317
5797.4,571,0,4.9,13329
5798.5,571,4,5.0,13314
5799.5,571,0,5.3,13314
5800.5,571,2,4.9,13318
5801.5,571,4,5.0,13310
5802.6,571,0,5.1,13320
5803.6,571,0,5.2,13319
5804.6,571,1,5.2,13321
5805.6,571,0,4.9,13313
5806.6,571,0,5.0,13356
5807.7,571,2,5.0,13349
5808.7,571,0,5.0,13368
5809.7,571,0,5.0,13387
5810.7,571,0,4.9,13395
5811.8,571,0,5.0,13382
5812.8,571,2,5.0,13360
5813.8,571,0,5.0,13364
5814.8,571,0,5.2,13381
5815.9,571,0,4.8,13364
5816.9,571,0,5.2,13370
5817.9,571,2,5.0,13361
5818.9,571,2,4.9,13353
5820.0,571,0,5.0,13345
5821.0,571,0,5.1,13346
5822.0,571,0,4.9,13341
5823.0,571,2,5.1,13336
5824.0,597,2,4.9,13340
5825.1,597,2,4.8,13328
5826.1,593,1,4.9,13319
5827.1,593,0,5.1,13319
5828.1,606,0,5.0,13329
5829.2,603,0,5.3,13335
5830.2,602,0,4.9,13360
5831.2,602,2,5.7,13366
5832.2,602,2,4.9,13356
5833.3,590,0,5.2,13395
5834.3,590,0,4.9,13395
5835.3,590,0,5.1,13382
5836.3,590,0,5.0,13379
5837.4,590,0,4.9,13383
5838.4,590,2,5.2,13375
5839.4,590,0,4.9,13371
5840.4,590,0,5.2,13363
5841.4,590,0,5.1,13371
5842.5,590,2,5.0,13360
5843.5,590,0,4.9,13355
5844.5,590,0,5.2,13353
5845.5,590,0,5.0,13345
5846.6,590,0,5.3,13340
5847.6,590,0,5.0,13345
5848.6,590,2,5.2,13333
5849.6,590,0,5.1,13329
5850.7,590,0,5.1,13320
5851.7,590,0,5.4,13318
5852.7,590,0,5.1,13318
5853.7,590,0,5.0,13321
5854.8,590,2,5.1,13351
5855.8,589,2,5.0,13331
5856.8,589,0,5.1,13338
5857.8,589,0,4.9,13383
5858.8,589,0,5.2,13388
5859.9,589,2,5.2,13391
5860.9,589,0,5.3,13383
5861.9,589,0,5.1,13391
5862.9,589,0,5.0,13386
5864.0,589,0,5.2,13388
5865.0,589,0,5.2,13368
5866.0,589,2,5.1,13363
5867.0,589,1,5.1,13369
5868.1,589,0,5.1,13359
5869.1,589,0,5.2,13353
5870.1,589,0,4.9,13354
5871.1,589,2,5.2,13334
5872.2,589,0,5.0,13341
5873.2,589,0,5.1,13332
5874.2,663,0,5.6,13314
5875.3,710,1,8.1,13337
5876.3,702,26,6.3,13358
5877.4,688,0,5.5,13392
5878.4,688,0,4.8,13399
5879.4,688,0,5.6,13403
5880.4,691,0,6.7,13411
5881.4,718,31,9.7,13397
5882.5,689,10,5.4,13392
5883.5,685,0,5.4,13409
5884.5,684,14,5.0,13402
5885.5,684,0,5.3,13372
5886.5,612,0,5.1,13386
5887.6,616,13,6.6,13384
5888.6,617,39,5.8,13371
5889.6,616,0,5.6,13376
5890.6,714,45,8.3,13361
5891.6,718,24,6.2,13369
5892.7,699,3,5.7,13361
5893.7,695,7,5.7,13358
5894.7,696,0,7.6,13361
5895.7,703,26,7.2,13389
5896.7,703,39,7.0,13448
5897.8,685,26,7.0,13433
5898.8,684,8,7.0,13448
5899.8,683,0,5.9,13437
5900.8,645,2,7.7,13435
5901.8,739,20,8.8,13439
5902.9,737,0,4.9,13438
5903.9,718,0,5.5,13451
5904.9,738,1,5.9,13486
5906.0,746,0,6.7,13481
5907.0,689,0,4.9,13517
5908.0,688,0,5.0,13516
5909.0,688,0,4.9,13509
5910.1,688,0,5.3,13511
5911.1,703,27,6.0,13500
5912.1,776,0,5.6,13490
5913.1,773,20,5.1,13478
5914.1,766,12,7.8,13421
5915.2,765,2,5.7,13427
5916.2,760,17,5.7,13424
5917.2,751,0,5.2,13457
5918.2,740,0,5.0,13468
5919.2,739,1,5.3,13443
5920.3,739,0,5.3,13442
5921.3,687,0,4.9,13450
5922.3,687,0,5.0,13434
5923.3,687,0,5.1,13427
5924.4,687,0,4.8,13428
5925.4,687,0,5.1,13412
5926.4,687,0,5.1,13409
5927.4,687,0,5.6,13415
5928.5,687,2,5.3,13393
5929.5,687,0,5.3,13406
5930.5,687,0,5.2,13393
5931.5,691,0,7.0,13389
5932.6,691,2,5.0,13375
5933.6,691,0,5.2,13369
5934.6,691,0,5.1,13374
5935.6,691,0,5.1,13366
5936.6,687,0,5.1,13366
5937.7,687,0,4.9,13344
5938.7,687,0,5.2,13348
5939.7,687,2,5.3,13349
5940.7,687,0,4.8,13350
5941.8,688,0,5.5,13339
5942.8,684,2,6.6,13362
5943.8,684,0,5.2,13376
5944.8,684,0,5.0,13392
5945.9,682,0,5.1,13395
5946.9,681,2,5.1,13424
5947.9,681,0,5.0,13411
5948.9,703,0,7.5,13403
5950.0,726,0,5.5,13413
5951.0,724,0,5.0,13410
5952.0,720,6,5.3,13388
5953.0,720,0,5.2,13396
5954.0,718,1,4.9,13381
5955.1,718,0,5.2,13385
5956.1,685,0,5.1,13374
5957.1,685,18,6.2,13272
5958.1,673,0,6.5,13350
5959.2,685,0,5.3,13357
5960.2,685,18,4.8,13332
5961.2,681,2,5.1,13347
5962.2,681,0,5.0,13344
5963.3,681,16,4.7,13319
5964.3,675,3,5.2,13315
5965.3,675,0,5.0,13309
5966.3,675,16,4.8,13302
5967.3,675,0,5.1,13313
5968.4,675,2,5.1,13309
5969.4,675,16,4.9,13293
5970.4,675,0,5.2,13294
5971.4,675,0,5.1,13291
5972.5,675,16,4.8,13292
5973.5,675,0,5.2,13269
5974.5,675,0,5.3,13273
5975.5,672,18,5.2,13266
5976.6,672,0,4.9,13257
5977.6,672,0,5.3,13254
5978.6,672,16,4.9,13253
5979.6,672,2,4.9,13250
5980.6,672,0,5.1,13237
5981.7,672,16,4.8,13240
5982.7,672,0,5.0,13224
5983.7,672,2,5.1,13227
5984.7,672,0,4.8,13234
5985.8,672,2,5.1,13228
5986.8,672,16,5.2,13218
5987.8,672,0,5.0,13218
5988.8,672,0,4.9,13219
5989.9,672,18,5.1,13254
5990.9,672,0,5.3,13265
5991.9,672,0,4.9,13298
5992.9,672,16,5.2,13297
5994.0,672,2,5.2,13286
5995.0,672,0,4.7,13292
5996.0,672,16,5.0,13289
5997.0,672,2,5.1,13280
5998.0,672,0,5.0,13270
5999.1,672,16,4.8,13262
6000.1,672,0,5.0,13254
6001.1,672,0,5.2,13255
6002.1,676,16,4.9,13250
6003.2,686,0,5.4,13239
6004.2,682,0,5.1,13241
6005.2,681,5,5.0,13249
6006.2,681,0,5.0,13239
6007.2,677,0,4.8,13237
6008.3,671,16,5.2,13235
6009.3,671,0,5.2,13243
6010.3,671,0,5.2,13306
6011.3,671,16,5.2,13324
6012.4,671,2,5.1,13328
6013.4,671,0,4.7,13302
6014.4,671,16,5.2,13312
6015.4,671,0,4.9,13328
6016.5,671,2,5.2,13325
6017.5,671,16,4.7,13346
6018.5,670,0,4.9,13338
6019.5,670,0,5.0,13352
6020.5,670,16,5.1,13364
6021.6,670,2,4.7,13363
6022.6,670,0,5.0,13332
6023.6,670,16,5.9,13391
6024.6,670,0,5.0,13389
6025.7,670,2,5.2,13368
6026.7,670,16,5.1,13371
6027.7,670,0,5.2,13359
6028.7,670,0,5.1,13344
6029.7,670,2,5.2,13353
6030.8,670,0,5.2,13340
6031.8,670,16,4.8,13339
6032.8,670,0,5.0,13346
6033.8,676,3,5.2,13328
6034.9,676,18,5.4,13324
6035.9,675,0,4.9,13326
6036.9,675,0,5.2,13320
6037.9,675,18,5.0,13302
6039.0,671,0,5.0,13309
6040.0,671,0,5.1,13293
6041.0,667,18,5.3,13289
6042.0,667,0,5.2,13296
6043.1,667,2,5.0,13292
6044.1,667,18,5.2,13270
6045.1,667,0,5.1,13279
6046.1,667,0,5.2,13264
6047.2,667,18,5.0,13271
6048.2,667,2,5.3,13264
6049.2,667,0,5.3,13258
6050.2,667,18,5.4,13249
6051.2,667,0,5.4,13246
6052.3,667,0,5.2,13246
6053.3,667,18,5.4,13248
6054.3,667,0,5.5,13283
6055.3,667,2,5.4,13283
6056.4,667,17,5.5,13329
6057.4,667,0,5.1,13324
6058.4,667,0,5.1,13338
6059.4,667,17,5.5,13314
6060.5,667,0,5.3,13321
6061.5,667,2,5.1,13306
6062.5,667,17,5.0,13279
6063.5,667,0,5.1,13304
6064.6,667,0,5.1,13296
6065.6,671,20,7.8,13282
6066.6,722,0,6.4,13345
6067.6,722,0,5.0,13364
6068.6,726,16,5.4,13333
6069.7,725,0,5.3,13351
6070.7,735,0,5.9,13366
6071.7,733,2,5.1,13372
6072.7,693,0,4.9,13359
6073.8,693,10,5.0,13363
6074.8,680,0,4.8,13363
6075.8,675,0,5.0,13365
6076.8,675,15,5.0,13349
6077.8,675,0,5.0,13350
6078.9,675,0,4.7,13339
6079.9,675,14,5.0,13346
6080.9,675,0,4.9,13333
6081.9,675,2,5.1,13327
6083.0,675,14,4.8,13323
6084.0,675,0,4.9,13316
6085.0,675,0,5.1,13309
6086.0,686,14,5.8,13300
6087.0,723,30,7.7,13298
6088.1,721,14,7.1,13304
6089.1,714,2,6.3,13310
6090.1,714,0,5.4,13323
6091.1,711,0,5.1,13353
6092.1,711,0,5.1,13360
6093.2,706,0,5.0,13373
6094.2,703,0,4.9,13367
6095.2,687,0,5.1,13376
6096.2,687,0,5.3,13366
6097.3,687,0,4.8,13370
6098.3,687,0,5.2,13352
6099.3,687,3,5.0,13356
6100.3,687,0,5.2,13345
6101.3,687,0,4.9,13338
6102.4,687,0,5.0,13324
6103.4,687,0,5.2,13325
6104.4,687,2,5.2,13331
6105.4,687,0,5.0,13322
6106.5,687,0,5.1,13313
6107.5,687,0,5.1,13311
6108.5,687,0,5.1,13316
6109.5,687,0,4.9,13316
6110.6,687,3,4.9,13316
6111.6,687,0,5.1,13326
6112.6,687,0,5.1,13345
6113.6,687,0,4.9,13380
6114.6,687,3,5.1,13394
6115.7,687,0,5.0,13385
6116.7,687,0,5.0,13370
6117.7,687,0,4.8,13365
6118.7,694,0,6.1,13359
6119.7,694,0,5.0,13361
6120.8,690,0,4.9,13358
6121.8,690,0,5.0,13353
6122.8,690,0,4.9,13349
6123.8,687,0,4.9,13341
6124.8,687,0,4.9,13345
6125.9,687,0,5.2,13332
6126.9,687,0,4.8,13330
6127.9,687,0,5.0,13319
6128.9,687,0,5.0,13318
6130.0,687,0,5.0,13311
6131.0,685,2,5.3,13323
6132.0,685,0,4.8,13334
6133.0,685,0,5.0,13358
6134.0,685,0,5.0,13357
6135.1,685,0,5.1,13360
6136.1,685,2,4.9,13402
6137.1,685,0,4.9,13373
6138.1,685,0,5.1,13373
6139.1,685,0,4.8,13372
6140.2,685,2,5.0,13378
6141.2,685,0,5.1,13354
6142.2,685,0,5.1,13356
6143.2,685,0,4.9,13349
6144.2,685,0,5.2,13356
6145.3,685,2,5.2,13346
6146.3,685,0,4.8,13338
6147.3,685,0,5.2,13332
6148.3,685,0,5.0,13369
6149.4,685,2,5.2,13396
6150.4,685,0,5.1,13415
6151.4,685,0,5.1,13401
6152.4,685,0,5.2,13430
6153.4,685,2,4.7,13405
6154.5,685,0,5.1,13413
6155.5,685,0,5.0,13405
6156.5,685,0,5.2,13396
6157.5,685,2,5.0,13385
6158.5,685,0,5.1,13385
6159.6,685,0,5.2,13380
6160.6,685,0,4.7,13366
6161.6,684,3,5.1,13358
6162.6,684,0,5.0,13356
6163.7,684,0,5.0,13358
6164.7,684,0,4.8,13355
6165.7,684,2,5.1,13334
6166.7,684,0,5.8,13325
6167.7,684,0,4.9,13325
6168.8,684,0,4.9,13321
6169.8,684,2,5.2,13307
6170.8,684,0,5.2,13310
6171.8,684,0,4.8,13309
6172.8,684,0,5.0,13304
6173.9,684,0,5.2,13301
6174.9,684,2,5.0,13316
6175.9,684,0,4.9,13340
6176.9,684,0,4.8,13350
6177.9,684,0,5.2,13383
6179.0,684,0,5.0,13375
6180.0,684,0,5.2,13345
6181.0,684,2,5.0,13375
6182.0,684,0,5.1,13374
6183.1,684,0,5.0,13360
6184.1,684,0,5.2,13349
6185.1,684,0,4.8,13345
6186.1,684,2,4.9,13337
6187.1,684,0,5.1,13334
6188.2,684,0,5.1,13328
6189.2,684,0,4.8,13322
6190.2,684,0,5.0,13322
6191.2,684,2,5.2,13323
6192.2,684,2,4.8,13353
6193.3,684,0,5.1,13359
6194.3,686,0,5.0,13364
6195.3,686,0,4.9,13401
6196.3,686,0,5.0,13382
6197.4,686,1,5.6,13384
6198.4,686,0,5.0,13377
6199.4,686,0,5.1,13361
6200.4,686,0,5.3,13354
6201.4,686,1,5.0,13361
6202.5,686,1,6.2,13349
6203.5,686,0,5.0,13344
6204.5,686,0,5.0,13333
6205.5,686,0,5.1,13338
6206.6,686,0,4.9,13368
6207.6,686,1,5.0,13391
6208.6,686,0,5.1,13389
6209.6,589,0,7.1,13305
6210.6,707,2,6.4,13438
6211.7,712,0,5.2,13436
6212.7,707,0,5.0,13422
6213.7,707,0,4.8,13398
6214.7,707,0,5.4,13414
6215.7,671,2,4.9,13394
6216.8,663,0,5.1,13389
6217.8,663,0,4.9,13396
6218.8,663,2,5.2,13396
6219.8,663,0,5.0,13383
6220.9,663,0,5.0,13377
6221.9,663,2,5.0,13368
6222.9,663,0,5.1,13351
6223.9,663,0,4.8,13343
6224.9,663,0,5.1,13350
6226.0,663,2,5.1,13345
6227.0,663,0,4.9,13330
6228.0,663,0,5.2,13328
6229.0,663,0,5.1,13325
6230.0,663,2,4.8,13321
6231.1,663,0,5.0,13326
6232.1,663,0,5.2,13336
6233.1,663,0,5.1,13347
6234.1,663,2,4.7,13349
6235.1,663,0,5.3,13397
6236.2,663,0,5.2,13395
6237.2,663,0,4.9,13387
6238.2,663,0,5.2,13382
6239.2,663,0,5.2,13373
6240.2,663,0,4.9,13372
6241.3,663,2,5.1,13363
6242.3,663,0,5.1,13357
6243.3,663,0,4.9,13354
6244.3,663,0,5.2,13341
6245.3,663,2,5.3,13341
6246.4,663,0,4.7,13346
6247.4,663,0,5.2,13387
6248.4,663,2,5.1,13392
6249.4,663,0,4.6,13412
6250.4,663,0,5.2,13391
6251.5,663,0,5.1,13392
6252.5,662,2,4.7,13387
6253.5,662,0,5.0,13398
6254.5,662,0,5.1,13404
6255.5,662,2,4.8,13400
6256.6,662,0,5.0,13392
6257.6,662,0,5.1,13369
6258.6,662,2,4.9,13376
6259.6,662,0,5.0,13373
6260.6,662,0,5.1,13365
6261.7,662,0,5.2,13353
6262.7,662,2,5.1,13351
6263.7,662,0,5.0,13348
6264.7,662,0,4.8,13338
6265.7,662,0,4.8,13339
6266.8,662,0,5.2,13335
6267.8,662,0,4.7,13333
6268.8,662,2,5.2,13334
6269.8,662,0,4.9,13345
6270.9,662,0,5.0,13358
6271.9,662,0,4.8,13358
6272.9,662,2,5.1,13388
6273.9,662,0,5.1,13384
6274.9,662,0,4.9,13378
6276.0,662,0,5.3,13389
6277.0,662,2,5.1,13379
6278.0,662,0,4.7,13380
6279.0,662,0,5.1,13373
6280.0,662,0,4.9,13362
6281.1,662,2,4.9,13360
6282.1,662,0,5.1,13354
6283.1,662,0,5.2,13336
6284.1,662,2,4.9,13350
6285.1,662,0,5.1,13340
6286.2,662,0,5.1,13330
6287.2,662,0,4.8,13336
6288.2,662,2,5.0,13364
6289.2,662,0,5.0,13403
6290.2,662,0,4.7,13396
6291.3,662,0,5.1,13374
6292.3,662,2,5.1,13407
6293.3,662,0,5.1,13393
6294.3,662,0,4.8,13395
6295.4,662,0,5.2,13387
6296.4,662,2,4.8,13380
6297.4,662,0,4.7,13365
6298.4,662,0,5.0,13378
6299.4,662,1,5.2,13364
6300.5,662,0,4.8,13355
6301.5,662,0,5.2,13357
6302.5,662,0,5.1,13354
6303.5,662,2,4.8,13350
6304.5,662,0,5.0,13348
6305.6,662,0,5.2,13368
6306.6,662,2,4.8,13374
6307.6,662,0,5.2,13390
6308.6,662,0,5.5,13382
6309.6,662,2,5.0,13376
6310.7,662,0,5.1,13371
6311.7,662,0,5.1,13348
6312.7,662,0,4.9,13353
6313.7,662,2,5.2,13367
6314.7,662,0,4.9,13367
6315.8,662,2,5.1,13366
6316.8,662,0,5.1,13359
6317.8,662,0,4.8,13355
6318.8,662,2,5.1,13353
6319.8,662,0,5.0,13349
6320.9,662,0,4.7,13351
6321.9,662,2,5.3,13345
6322.9,662,0,5.2,13355
6323.9,662,0,4.9,13369
6324.9,662,0,5.1,13391
6326.0,662,2,5.2,13397
6327.0,662,0,4.8,13394
6328.0,662,0,5.2,13414
6329.0,662,0,5.1,13397
6330.1,662,0,5.1,13401
6331.1,662,0,5.0,13398
6332.1,662,0,5.2,13384
6333.1,662,2,4.9,13377
6334.1,662,0,5.1,13379
6335.2,662,0,5.0,13365
6336.2,662,0,5.0,13367
6337.2,662,2,5.1,13369
6338.2,662,0,5.2,13364
6339.2,662,0,5.4,13358
6340.3,662,0,4.9,13353
6341.3,662,0,5.2,13390
6342.3,662,2,5.0,13395
6343.3,662,0,5.2,13391
6344.3,662,0,4.9,13403
6345.4,662,0,4.9,13399
6346.4,662,0,5.2,13409
6347.4,662,2,5.2,13403
6348.4,662,0,5.0,13405
6349.4,662,0,5.1,13395
6350.5,662,0,5.2,13392
6351.5,662,0,5.3,13382
6352.5,662,2,4.9,13376
6353.5,662,0,5.3,13376
6354.5,662,0,5.8,13364
6355.6,662,0,5.0,13359
6356.6,662,0,3.3,13367
6357.6,662,0,3.3,13375
6358.6,662,0,3.2,13399
