t_s,vram_mib,gpu_util_pct,cpu_pct,ram_mib
0.0,997,33,10.9,8788
1.0,997,14,9.1,8809
2.1,997,20,8.1,8798
3.1,995,40,10.6,8928
4.1,995,14,11.0,9126
5.1,995,14,8.4,9168
6.2,995,51,9.8,9592
7.2,995,8,9.0,9700
8.2,995,57,8.4,9778
9.2,995,14,8.3,9843
10.3,995,14,8.3,9891
11.3,995,40,7.9,9905
12.3,995,14,8.2,9923
13.3,995,14,8.1,9944
14.4,995,47,8.2,9988
15.4,995,14,8.2,10025
16.4,995,17,8.4,10061
17.4,995,40,8.3,10111
18.5,995,15,8.4,10110
19.5,995,36,8.7,10163
20.5,995,25,9.0,10198
21.5,995,9,8.8,10267
22.6,995,30,8.6,10268
23.6,995,49,8.3,10294
24.6,995,28,10.0,10362
25.6,995,38,8.2,10370
26.7,995,14,7.9,10416
27.7,995,14,8.8,10458
28.7,995,32,7.9,10442
29.8,995,11,8.2,10434
30.8,989,7,9.6,10425
31.8,989,0,7.9,10414
32.8,989,0,8.2,10437
33.8,989,31,9.5,10471
34.9,989,30,8.0,10475
35.9,989,29,8.1,10455
36.9,989,29,9.8,10452
37.9,989,30,8.1,10434
39.0,989,29,8.8,10426
40.0,989,26,10.0,10448
41.0,989,30,9.1,10458
42.1,989,19,8.9,10468
43.1,989,46,9.1,10450
44.1,989,15,9.0,10475
45.1,989,26,8.6,10508
46.2,989,11,10.3,10500
47.2,989,0,8.4,10493
48.2,989,0,8.6,10473
49.2,989,0,9.4,10490
50.3,989,31,8.4,10500
51.3,989,0,8.1,10512
52.3,989,30,9.2,10499
53.4,989,29,8.3,10489
54.4,989,29,10.0,10488
55.4,989,0,9.1,10523
56.4,989,9,8.7,10540
57.5,989,0,8.4,10550
58.5,989,0,8.6,10624
59.5,989,0,8.9,10610
60.6,989,0,8.9,10662
61.6,991,23,9.3,10727
62.6,991,16,14.8,10795
63.7,996,4,8.9,10834
64.7,994,13,10.3,10869
65.7,994,48,11.5,10913
66.7,994,18,11.2,10941
67.7,1006,13,13.1,11055
68.8,1006,5,8.2,11031
69.8,1024,73,9.3,11062
70.8,1024,15,12.5,11029
71.8,1028,5,9.4,11132
72.8,1060,30,14.3,11136
73.9,1053,4,14.2,11133
74.9,1055,34,18.3,11224
75.9,1050,2,11.0,11198
76.9,1048,18,10.2,11217
78.0,1018,22,8.3,11224
79.0,1012,7,8.5,11273
80.0,1005,65,11.1,11277
81.0,1002,58,8.3,11275
82.1,998,30,8.0,11268
83.1,997,12,8.6,11264
84.1,997,9,8.3,11251
85.1,997,32,8.1,11236
86.2,997,9,9.2,11207
87.2,996,21,8.3,11246
88.2,996,0,11.8,11119
89.3,996,18,8.7,11132
90.3,996,24,7.7,11122
91.3,996,8,9.4,11213
92.3,996,8,9.0,11148
93.4,996,32,8.2,11210
94.4,1013,68,12.8,11252
95.4,1013,7,12.7,11272
96.4,1011,6,8.4,11304
97.4,1011,13,8.2,11282
98.5,1011,7,9.7,11292
99.5,997,0,8.3,11292
100.5,997,0,10.1,11281
101.5,997,0,9.3,11280
102.6,997,9,8.6,11285
103.6,996,0,8.5,11279
104.6,996,0,9.3,11318
105.6,996,40,8.7,11336
106.7,996,29,8.9,11302
107.7,996,29,7.9,11352
108.7,996,50,10.4,11370
109.7,996,29,8.0,11454
110.8,996,30,7.9,11519
111.8,996,55,7.9,11530
112.8,996,33,8.1,11591
113.9,996,27,8.2,11627
114.9,996,45,7.9,11666
115.9,996,31,8.7,11758
116.9,996,31,8.8,11856
118.0,996,44,8.7,11866
119.0,996,31,9.3,11971
120.0,996,1,9.0,11943
121.1,996,52,8.8,12056
122.1,996,17,9.6,12064
123.1,996,16,8.6,12111
124.2,996,18,8.4,12187
125.2,997,0,8.3,12260
126.2,996,34,9.2,12266
127.2,996,29,8.4,12248
128.3,996,29,8.1,12230
129.3,996,47,10.5,12234
130.3,996,42,8.6,12278
131.4,996,9,8.5,12331
132.4,996,29,9.8,12307
133.4,996,18,8.0,12299
134.4,996,14,10.2,12281
135.5,996,14,10.6,12283
136.5,996,32,9.1,12277
137.5,996,0,8.8,12265
138.6,996,23,9.7,12272
139.6,996,28,8.8,12329
140.6,996,28,8.7,12336
141.6,996,40,9.8,12329
142.7,996,14,8.5,12325
143.7,996,15,9.1,12315
144.7,996,36,8.6,12294
145.7,996,34,8.3,12315
146.8,996,3,7.9,12356
147.8,996,0,7.8,12353
148.8,996,0,7.6,12350
149.8,996,0,7.7,12312
150.9,996,0,8.0,12310
151.9,996,0,8.0,12302
152.9,996,0,8.1,12286
153.9,996,0,8.2,12332
154.9,996,0,8.1,12327
156.0,996,0,8.5,12304
157.0,996,0,8.1,12365
158.0,996,0,8.3,12381
159.0,996,0,8.5,12423
160.0,996,0,8.6,12414
161.1,996,0,8.5,12411
162.1,996,0,8.7,12425
163.1,996,0,8.8,12424
164.1,996,0,8.9,12394
165.2,996,12,8.6,12375
166.2,996,18,12.8,12365
167.2,1021,68,10.2,12379
168.2,1064,69,10.2,11902
169.3,1064,2,13.9,11970
170.3,1075,32,11.5,12009
171.3,1071,25,12.2,12100
172.3,1071,8,13.5,12051
173.3,1071,0,10.0,12080
174.4,1068,0,9.7,12057
175.4,1070,55,10.3,11980
176.4,1063,12,9.5,11964
177.4,1063,22,11.4,11954
178.5,1065,44,15.0,11889
179.5,1063,33,14.5,11972
180.5,1063,19,12.0,11975
181.5,1047,23,11.3,11996
182.6,1057,8,9.8,11955
183.6,1057,3,9.5,11997
184.6,1057,49,11.5,12009
185.6,1047,11,10.2,12006
186.6,1047,14,12.0,11964
187.7,1047,26,14.3,11955
188.7,1047,55,13.3,11879
189.7,1047,14,13.2,11904
190.7,1047,19,13.1,11888
191.8,1047,20,13.1,11852
192.8,1047,22,12.3,11887
193.8,1047,55,16.0,11883
194.8,1047,16,12.8,11957
195.8,1047,11,12.6,11939
196.9,1047,21,13.0,11964
197.9,1047,22,12.6,11948
198.9,1047,24,12.5,11956
199.9,1047,63,14.0,11934
201.0,1047,20,13.2,11916
202.0,1047,13,13.5,11888
203.0,1047,21,13.4,11929
204.0,1047,53,12.7,11920
205.0,1047,17,13.2,11949
206.1,1047,14,14.3,11939
207.1,1047,52,12.7,11932
208.1,1047,17,12.7,11906
209.1,1047,12,13.5,11916
210.2,1047,55,12.6,11933
211.2,1047,16,12.8,11903
212.2,1047,13,13.7,11911
213.2,1047,21,13.0,11914
214.3,1047,12,12.3,11950
215.3,1047,19,12.4,11958
216.3,1047,51,11.7,11960
217.3,1047,13,11.9,11968
218.3,1047,20,12.0,11958
219.4,1047,56,13.5,11956
220.4,1047,12,12.2,11965
221.4,1047,21,12.4,11965
222.4,1047,53,12.4,11958
223.4,1047,13,12.2,11963
224.5,1047,55,12.4,11957
225.5,1047,14,12.3,11967
226.5,1047,14,12.7,12000
227.5,1057,12,14.0,11997
228.6,1057,4,12.8,11974
229.6,1057,0,12.3,11950
230.6,1057,0,14.2,11958
231.6,1057,0,12.6,11993
232.7,1057,0,12.1,11972
233.7,1057,3,13.3,11979
234.7,1057,6,12.5,12004
235.7,1057,6,12.0,12031
236.8,1057,6,13.1,12039
237.8,1047,7,12.3,12073
238.8,1047,11,12.3,12093
239.8,1047,1,13.7,12130
240.9,1047,21,12.5,12192
241.9,1047,3,12.2,12209
242.9,1047,14,13.4,12233
243.9,1047,51,12.3,12259
245.0,1047,0,14.0,12253
246.0,1047,13,13.6,12228
247.0,1047,7,12.2,12227
248.0,1056,2,15.3,12253
249.1,1066,5,14.2,12273
250.1,1055,71,12.4,12279
251.1,1055,12,13.6,12325
252.1,1055,11,13.4,12383
253.1,1055,8,12.0,12395
254.2,1055,24,12.2,12436
255.2,1055,28,13.8,12458
256.2,1055,22,11.8,12531
257.2,1055,23,11.7,12545
258.2,1055,52,13.2,12579
259.3,1055,12,11.9,12617
260.3,1047,14,12.4,12640
261.3,1047,23,13.2,12638
262.3,1047,39,13.0,12663
263.4,1062,27,12.9,12697
264.4,1092,17,15.5,12720
265.4,1094,12,13.9,12786
266.4,1091,2,12.2,12780
267.5,1093,17,14.9,12865
268.5,1095,65,12.9,12856
269.5,1086,9,12.3,12840
270.5,1094,31,15.3,12923
271.5,1093,4,13.3,12944
272.6,1091,9,14.1,12897
273.6,1091,16,17.6,12923
274.6,1089,11,15.2,12901
275.6,1089,31,15.6,12881
276.7,1089,33,15.1,12858
277.7,1096,15,16.5,12871
278.7,1096,16,15.8,12906
279.7,1096,25,15.5,12907
280.8,1095,28,14.2,12910
281.8,1095,26,15.4,12879
282.8,1095,9,15.5,12877
283.8,1096,2,10.5,12940
284.8,1096,3,8.2,12915
285.9,1098,2,10.3,12935
286.9,1089,0,9.5,13014
287.9,1089,2,9.1,13034
288.9,1089,2,10.0,13029
290.0,1095,79,10.1,13025
291.0,1096,1,10.1,12997
292.0,1096,3,10.0,13048
293.0,1096,12,8.2,13111
294.0,1096,4,8.5,13138
295.1,1096,6,9.4,13176
296.1,1062,6,9.4,13199
297.1,1062,4,8.6,13202
298.1,1062,0,10.0,13253
299.2,1062,0,8.6,13227
300.2,1062,0,8.0,13242
301.2,1062,0,9.2,13257
302.2,1060,6,9.0,13336
303.3,1060,0,8.1,13334
304.3,1043,7,9.3,13320
305.3,1043,0,8.7,13315
306.3,1042,0,8.5,13316
307.3,1042,3,8.5,13346
308.4,1041,6,8.4,13342
309.4,1039,0,8.6,13358
310.4,1038,0,8.1,13368
311.4,1038,0,8.5,13360
312.5,1038,7,8.8,13352
313.5,1038,6,8.6,13362
314.5,1038,9,8.3,13375
315.5,1038,9,8.1,13392
316.5,1038,0,8.3,13414
317.6,1038,6,8.0,13413
318.6,1038,6,8.2,13384
319.6,1038,6,9.1,13389
320.6,1038,6,8.5,13401
321.7,1038,6,9.5,13448
322.7,1038,0,9.7,13403
323.7,1038,0,8.1,13495
324.7,1038,0,7.8,13440
325.8,1038,7,9.2,13470
326.8,1038,0,7.5,13458
327.8,1038,6,8.1,13478
328.8,1038,4,8.9,13503
329.9,1038,6,22.4,13662
330.9,1120,6,23.4,14034
331.9,1120,1,16.9,14290
332.9,1120,1,14.9,14223
333.9,1122,1,18.7,14483
335.0,1374,7,25.7,15773
336.0,1388,1,22.4,16044
337.0,1392,1,22.6,16178
338.0,1392,3,23.7,16186
339.1,1396,1,22.4,16164
340.1,1396,2,22.6,16167
341.1,1398,2,25.0,16217
342.1,1398,3,23.3,16274
343.1,1398,3,21.7,16294
344.2,1398,3,23.1,16314
345.2,1398,2,23.2,16261
346.2,1398,3,21.8,16259
347.2,1398,3,26.8,16266
348.2,1390,4,23.4,16263
349.3,1390,1,22.1,16481
350.3,1390,1,23.7,16536
351.3,1390,0,21.9,16534
352.3,1390,1,22.8,16481
353.3,1390,1,25.3,16562
354.4,1390,1,23.4,16593
355.4,1390,1,22.1,16568
356.4,1390,1,24.6,16527
357.4,1404,2,23.8,16620
358.4,1423,1,25.3,16619
359.5,1433,16,23.7,16586
360.5,1432,1,22.8,16631
361.5,1437,1,22.3,16613
362.5,1436,1,24.4,16605
363.5,1436,1,22.3,16590
364.6,1408,3,22.7,16582
365.6,1408,6,24.2,16574
366.6,1403,0,22.2,16663
367.6,1403,6,23.3,16676
368.7,1403,6,24.0,16699
369.7,1403,7,22.6,16686
370.7,1403,7,22.3,16670
371.7,1403,6,23.9,16650
372.8,1403,7,23.6,16661
373.8,1403,6,23.1,16657
374.8,1403,6,24.4,16692
375.9,1403,6,23.7,16737
376.9,1403,0,23.5,16727
377.9,1403,0,23.2,16701
378.9,1403,0,24.9,16717
380.0,1403,13,23.8,16784
381.0,1403,0,22.9,16780
382.0,1403,0,22.4,16801
383.0,1403,0,22.5,16791
384.1,1403,6,23.0,16867
385.1,1403,7,24.3,16836
386.1,1403,7,23.4,16806
387.1,1403,6,23.9,16884
388.2,1419,0,25.3,16940
389.2,1421,13,23.2,16932
390.2,1427,19,23.5,16911
391.2,1429,13,23.1,16996
392.2,1435,12,23.7,17011
393.3,1439,10,24.6,17125
394.3,1443,11,23.0,17103
395.3,1447,9,21.9,17111
396.3,1453,11,31.0,17077
397.4,1455,13,23.0,17073
398.4,1455,1,26.3,17179
399.4,1445,1,24.1,17273
400.4,1445,1,24.3,17242
401.4,1445,1,23.1,17310
402.5,1445,1,24.5,17301
403.5,1445,1,23.9,17264
404.5,1418,0,24.4,17252
405.5,1418,0,25.6,17217
406.5,1418,1,23.1,17280
407.6,1418,1,23.9,17275
408.6,1418,1,25.6,17265
409.6,1418,1,24.2,17354
410.6,1418,1,23.9,17419
411.6,1418,1,26.6,17558
412.7,1418,1,24.3,17534
413.7,1418,1,24.2,17579
414.7,1418,4,26.5,17634
415.7,1418,6,23.8,17616
416.8,1418,3,25.8,17599
417.8,1418,0,26.1,17570
418.8,1418,7,24.4,17574
419.8,1418,9,25.1,17599
420.9,1418,3,25.5,17683
421.9,1418,7,23.9,17665
422.9,1418,7,25.4,17665
423.9,1418,7,23.7,17671
425.0,1418,7,24.0,17703
426.0,1418,7,24.0,17715
427.0,1416,7,25.7,17708
428.0,1672,7,24.6,17684
429.1,1422,3,24.8,17690
430.1,1422,1,25.8,17707
431.1,1422,1,24.5,17698
432.1,1422,1,24.5,17697
433.1,1422,2,25.4,17740
434.2,1422,1,24.8,17713
435.2,1422,1,23.8,17701
436.2,1422,1,26.4,17739
437.2,1422,1,24.3,17745
438.2,1422,1,23.4,17760
439.3,1422,1,25.4,17761
440.3,1422,1,25.2,17724
441.3,1422,1,25.3,17747
442.3,1422,1,25.7,17747
443.4,1422,1,24.6,17715
444.4,1422,1,23.5,17719
445.4,1422,0,25.7,17720
446.4,1422,9,24.9,17721
447.4,1422,7,24.6,17743
448.5,1422,7,25.2,17772
449.5,1422,7,24.9,17778
450.5,1422,8,24.8,17768
451.5,1422,7,26.1,17784
452.6,1449,10,25.7,17749
453.6,1449,3,24.2,17758
454.6,1449,13,25.3,17741
455.6,1455,5,24.9,17771
456.7,1455,5,26.7,17761
457.7,1448,1,25.4,17775
458.7,1448,0,24.8,17775
459.8,1448,0,24.2,17763
460.8,1442,0,26.6,17680
461.8,1422,7,24.2,17705
462.8,1422,7,26.0,17692
463.9,1422,7,24.7,17684
464.9,1422,7,25.0,17652
465.9,1422,7,24.4,17644
467.0,1430,7,26.1,17634
468.0,1436,9,25.1,17619
469.0,1442,9,24.5,17580
470.0,1446,8,23.8,17588
471.0,1452,9,24.8,17619
472.1,1454,6,24.8,17552
473.1,1460,9,24.7,17546
474.1,1466,7,25.6,17570
475.1,1462,1,24.7,17569
476.1,1462,1,26.8,17545
477.2,1462,1,24.3,17555
478.2,1462,1,24.1,17544
479.2,1462,1,26.4,17521
480.2,1462,1,23.7,17526
481.3,1462,1,24.5,17485
482.3,1462,1,25.8,17522
483.3,1462,1,23.6,17603
484.3,1462,1,24.9,17640
485.3,1462,0,26.2,17648
486.4,1462,1,23.4,17620
487.4,1462,1,25.9,17579
488.4,1462,1,24.5,17573
489.4,1462,1,24.9,17588
490.4,1462,1,23.4,17582
491.5,1462,1,27.1,17578
492.5,1462,6,24.0,17601
493.5,1462,8,25.5,17637
494.5,1462,7,26.2,17564
495.6,1462,7,24.2,17624
496.6,1462,7,23.7,17610
497.6,1462,7,24.9,17628
498.7,1460,1,23.7,17647
499.7,1492,1,24.4,17627
500.7,1492,6,24.4,17567
501.7,1464,0,23.8,17567
502.7,3430,4,25.1,17593
503.8,3452,15,25.9,17661
504.8,4036,15,35.3,17856
505.8,4036,18,37.9,17841
506.8,4036,19,40.8,17852
507.8,4049,20,37.3,17836
508.9,4049,27,38.2,17784
509.9,4049,23,41.2,17771
510.9,4049,20,36.8,17772
511.9,4055,16,37.8,17789
513.0,4036,19,38.5,17758
514.0,4036,17,37.0,17798
515.0,4036,19,37.5,17829
516.0,4036,19,38.6,17820
517.1,4036,18,39.9,17858
518.1,4036,43,37.5,17808
519.1,4052,19,40.2,17759
520.1,4036,39,36.9,17734
521.2,4036,19,38.2,17823
522.2,4036,14,39.6,17804
523.2,4042,16,35.4,17766
524.2,4036,16,35.3,17804
525.2,4042,22,35.5,17766
526.3,4036,29,35.6,17808
527.3,4036,18,34.8,17851
528.3,4036,20,37.3,17845
529.3,4036,17,37.9,17773
530.4,4036,17,34.8,17816
531.4,4036,18,36.5,17801
532.4,4036,15,34.9,17843
533.4,4055,20,39.1,17837
534.5,4055,15,37.3,17900
535.5,4055,15,37.3,17957
536.5,4055,18,37.1,17926
537.5,4055,17,36.6,17889
538.6,4036,15,36.7,17816
539.6,4036,15,35.7,17941
540.6,4036,17,36.3,17886
541.6,4036,14,36.5,17879
542.6,4036,18,35.9,17906
543.7,4036,16,35.8,17845
544.7,4042,32,40.0,17867
545.7,4042,31,40.2,17968
546.7,4042,34,39.6,17917
547.7,4042,17,36.5,17842
548.8,4042,18,36.3,17815
549.8,4042,18,37.0,17790
550.8,4042,17,34.8,18019
551.8,4042,18,36.8,17968
552.9,4036,15,37.5,17905
553.9,4036,11,34.1,17868
554.9,4052,13,36.2,17892
555.9,4036,18,36.9,17855
557.0,4036,44,35.9,17916
558.0,4036,17,34.9,17859
559.0,4042,14,39.2,17835
560.0,4036,15,36.9,17878
561.1,4036,17,37.6,17926
562.1,4036,15,36.8,17908
563.1,4042,15,36.5,17920
564.1,4036,19,36.3,17882
565.2,4036,16,37.0,17930
566.2,4036,14,36.4,17872
567.2,4036,15,36.7,17885
568.2,4036,16,37.7,17939
569.2,4036,15,36.4,17898
570.3,4055,35,38.8,17859
571.3,4055,20,38.6,17869
572.3,4013,18,39.0,18032
573.3,4013,45,36.9,18118
574.4,4013,19,38.9,18178
575.4,4013,19,36.7,18130
576.4,4013,21,39.6,18073
577.4,3994,21,39.3,18066
578.4,4028,37,43.6,18127
579.5,4028,21,38.1,18053
580.5,4027,23,40.2,18039
581.5,4027,19,38.9,17971
582.5,4027,19,39.4,17994
583.6,4000,19,37.6,17970
584.6,3994,20,38.7,18016
585.6,3994,18,38.7,17997
586.6,3994,21,38.5,18031
587.7,3994,40,39.7,18001
588.7,3994,23,38.5,18070
589.7,3994,20,38.8,18019
590.8,3994,20,38.5,18075
591.8,3994,19,38.0,18031
592.8,4000,19,40.8,18103
593.8,3994,19,39.7,18048
594.8,3994,46,38.6,18103
595.9,4000,19,42.2,18062
596.9,3994,20,39.2,18047
597.9,4018,19,38.7,18079
598.9,3994,20,39.5,18045
600.0,3994,19,39.4,18103
601.0,3994,46,37.3,18028
602.0,3994,37,39.5,18087
603.0,3994,19,36.4,18052
604.1,3994,18,37.7,18071
605.1,3994,17,38.9,18083
606.1,3994,18,36.9,18050
607.1,4013,19,37.3,18130
608.1,4013,28,39.7,18057
609.2,4013,16,36.7,18104
610.2,4013,17,37.2,18045
611.2,4013,18,37.8,18076
612.2,4007,17,37.5,18030
613.3,4000,15,35.3,18027
614.3,4000,15,37.7,18058
615.3,3994,16,37.1,18056
616.3,3994,14,35.5,18050
617.4,3994,15,39.2,18148
618.4,4000,18,36.9,18098
619.4,3994,19,36.0,18129
620.4,3994,15,37.6,18106
621.4,4000,32,39.1,18133
622.5,3994,41,38.5,18166
623.5,4000,19,39.5,18131
624.5,3994,18,37.9,18129
625.5,3998,17,37.4,18101
626.6,3994,16,37.3,18154
627.6,3994,18,38.2,18210
628.6,3994,28,39.7,18194
629.6,3994,21,40.0,18159
630.7,3994,18,39.7,18145
631.7,3994,17,39.1,18166
632.7,3994,19,38.2,18159
633.7,3994,42,39.3,18167
634.7,4010,20,40.0,18148
635.8,3994,16,38.1,18160
636.8,3994,21,39.1,18209
637.8,3994,37,40.5,18339
638.8,3994,21,38.9,18266
639.9,4000,16,38.2,18205
640.9,4007,20,43.0,18242
641.9,4013,15,40.7,18431
642.9,4013,17,39.0,18381
644.0,4013,15,37.8,18290
645.0,4019,18,39.0,18237
646.0,4013,18,38.7,18237
647.0,4013,14,42.9,18281
648.1,4013,17,40.0,18245
649.1,4013,15,38.0,18293
650.1,4019,18,39.6,18415
651.1,4013,28,45.6,18341
652.2,4007,18,42.2,18308
653.2,4007,26,43.3,18287
654.2,4007,19,41.9,18246
655.2,4007,16,42.2,18167
656.3,4007,34,40.7,18256
657.3,4007,23,38.2,18423
658.3,4007,19,40.0,18342
659.3,4007,19,37.6,18324
660.4,4007,18,41.2,18249
661.4,4000,19,39.8,18175
662.4,4000,19,38.1,18159
663.4,3994,20,40.4,18148
664.4,4000,16,38.1,18146
665.5,3994,38,37.0,18261
666.5,4000,15,38.4,18273
667.5,3994,18,38.3,18226
668.5,3994,17,37.5,18178
669.6,4000,23,38.1,18092
670.6,3994,18,36.8,18100
671.6,3994,14,40.0,18151
672.6,3994,18,41.4,18209
673.7,4000,19,36.5,18304
674.7,3994,25,37.0,18222
675.7,4018,24,40.4,18154
676.7,4000,17,36.8,18174
677.7,3994,14,37.8,18135
678.8,3994,21,39.4,18090
679.8,3994,16,38.0,18021
680.8,3994,17,38.5,18105
681.8,4010,16,41.0,18164
682.9,4000,41,38.4,18141
683.9,3994,36,36.7,18081
684.9,3994,21,40.4,18032
685.9,4000,18,40.2,18106
687.0,3994,16,39.3,18054
688.0,4000,17,41.9,18036
689.0,3994,20,39.4,17980
690.0,4015,19,40.4,18011
691.1,4034,39,43.0,18063
692.1,4028,23,40.5,18087
693.1,4028,38,39.0,18067
694.1,4028,19,39.3,18043
695.2,4020,21,40.1,18017
696.2,4000,18,38.3,18109
697.2,3996,42,38.6,18046
698.2,4010,16,39.2,18073
699.3,3994,28,37.9,18060
700.3,4000,18,39.6,18132
701.3,3994,44,38.6,18174
702.3,4000,44,37.3,18156
703.4,3994,18,37.4,18097
704.4,3994,32,38.2,18042
705.4,3994,20,38.4,18055
706.4,4010,20,38.9,18106
707.5,3994,19,39.2,18066
708.5,3994,30,39.1,18009
709.5,3994,39,38.9,18059
710.5,4010,17,38.9,18003
711.5,3994,26,38.6,17978
712.6,3994,28,40.3,18083
713.6,3994,15,39.0,18017
714.6,3994,21,38.3,17966
715.6,3994,21,40.0,17986
716.7,3994,19,38.9,17968
717.7,3994,20,39.0,17996
718.7,3994,18,40.0,17938
719.7,3994,17,37.9,17852
720.8,3994,18,35.9,17942
721.8,3994,20,38.2,17220
722.8,3994,17,37.3,17426
723.8,3994,42,37.3,17355
724.9,3994,16,39.2,17429
725.9,3994,17,35.8,17492
726.9,3994,23,37.9,17516
727.9,3994,14,36.0,17491
728.9,3994,15,36.8,17384
730.0,3994,19,36.6,17268
731.0,3994,17,35.6,17234
732.0,3994,14,37.8,17162
733.0,3994,40,37.2,17097
734.0,3994,35,38.3,17120
735.1,3994,19,37.3,17130
736.1,3994,31,36.2,17136
737.1,4000,19,38.4,17077
738.1,3994,17,37.0,17104
739.2,3994,18,37.5,17180
740.2,3994,17,37.8,17103
741.2,3994,15,37.5,16990
742.2,3994,15,37.1,17181
743.3,3994,18,37.4,17209
744.3,3994,37,35.6,17198
745.3,3994,16,36.1,17120
746.3,3994,27,35.8,17082
747.4,4000,15,36.9,17144
748.4,3994,17,38.1,17142
749.4,3994,27,35.1,17134
750.4,3994,18,41.0,17149
751.4,3994,25,36.6,17164
752.5,3994,17,38.7,17096
753.5,4010,17,38.3,17144
754.5,3994,16,36.5,17200
755.5,3994,17,36.8,17156
756.6,3994,19,37.1,17093
757.6,3994,16,35.7,17112
758.6,3994,15,37.3,17101
759.6,3994,19,37.1,17163
760.7,3994,16,36.2,17111
761.7,3994,17,38.5,17120
762.7,3994,17,36.5,17085
763.7,3923,16,39.0,17102
764.8,3932,16,36.9,17048
765.8,3951,28,40.5,17251
766.8,3958,52,38.2,17227
767.8,3958,18,38.5,17142
768.8,3958,16,37.6,17096
769.9,3950,44,38.6,17024
770.9,3956,23,37.8,17085
771.9,3924,16,37.2,17296
772.9,3924,19,37.5,17199
774.0,3924,46,39.1,17149
775.0,3948,54,37.0,17110
776.0,3924,7,39.2,17052
777.0,3924,44,39.1,17060
778.1,3940,43,37.7,17175
779.1,3924,50,37.2,17195
780.1,3924,16,38.5,17128
781.1,3940,46,38.5,17233
782.2,3924,36,38.2,17143
783.2,3924,13,38.1,16997
784.2,3924,16,38.4,17149
785.2,3930,17,37.4,17179
786.2,3930,20,38.0,17087
787.3,3930,17,37.3,17056
788.3,3930,21,37.4,17020
789.3,3924,23,38.8,17044
790.3,3924,44,39.1,17094
791.4,3924,42,39.0,17038
792.4,3930,19,38.7,17019
793.4,3924,15,37.3,17085
794.4,3928,17,35.9,17116
795.5,3924,18,40.0,17198
796.5,3924,20,39.4,17131
797.5,3924,19,39.4,17120
798.5,3930,19,40.5,17133
799.6,3924,18,38.0,17108
800.6,3924,17,39.2,17031
801.6,3930,17,42.0,17012
802.6,3940,11,40.4,16987
803.6,3930,15,38.4,16967
804.7,3924,17,39.5,17058
805.7,3940,8,39.5,17091
806.7,3924,9,35.6,17116
807.7,3924,13,35.1,17066
808.7,3940,18,34.1,17158
809.8,3924,44,35.0,17293
810.8,3940,47,33.6,17272
811.8,3924,46,32.3,17239
812.8,3924,27,33.8,17199
813.9,3924,21,33.6,17192
814.9,3924,11,33.0,17145
815.9,3924,33,32.4,17174
816.9,3930,14,37.5,17137
818.0,3924,24,39.6,17078
819.0,3924,12,40.6,17145
820.0,3924,39,39.2,17088
821.0,3924,43,40.0,17141
822.0,3924,24,40.4,17119
823.1,3940,50,40.8,17201
824.1,3924,37,41.6,17316
825.1,3940,21,40.1,17279
826.1,3924,48,39.7,17267
827.2,3924,48,42.0,17312
828.2,3930,20,41.2,17322
829.2,3924,37,41.2,17292
830.2,3924,21,40.7,17260
831.3,3924,23,40.9,17217
832.3,3940,23,39.3,17149
833.3,3930,20,41.2,17136
834.3,3930,20,40.4,17117
835.4,3924,47,41.2,17200
836.4,3924,22,41.3,17232
837.4,3930,18,41.7,17219
838.4,3944,18,42.4,17246
839.5,3960,20,48.5,17202
840.5,4062,43,42.6,17270
841.5,4046,19,42.4,17259
842.5,4057,20,38.2,17238
843.6,4031,18,39.4,17194
844.6,4023,41,38.0,17161
845.6,4039,22,37.4,17202
846.6,4023,20,37.7,17286
847.6,4023,38,38.2,17258
848.7,4023,21,40.0,17223
849.7,4023,17,37.5,17161
850.7,4023,17,39.6,17080
851.7,4023,17,38.2,17157
852.7,4039,20,38.7,17297
853.8,4023,17,36.3,17267
854.8,4023,20,38.1,17211
855.8,4023,18,37.1,17116
856.8,4029,17,36.2,17164
857.9,4023,21,36.2,17168
858.9,4023,17,37.0,17271
859.9,4023,19,39.0,17230
860.9,4023,20,36.2,17199
862.0,4023,20,38.6,17154
863.0,4023,18,38.1,17210
864.0,4023,43,38.2,17212
865.0,4023,19,38.3,17162
866.1,4023,18,38.5,17129
867.1,4023,21,37.9,17309
868.1,4023,31,38.5,17257
869.1,4023,17,39.7,17163
870.1,4023,17,36.4,17190
871.2,4025,17,38.3,17284
872.2,4029,37,37.2,17282
873.2,4023,39,37.0,17225
874.2,4023,23,39.5,17173
875.3,4029,26,39.7,17241
876.3,4039,23,40.2,17170
877.3,4039,22,39.5,17144
878.3,4023,16,39.0,17183
879.3,4023,25,38.4,17163
880.4,4023,22,40.3,17091
881.4,4023,22,39.5,17137
882.4,4039,28,40.8,17091
883.4,4023,24,41.2,17051
884.5,4023,49,40.9,16913
885.5,4023,14,39.6,17000
886.5,4023,24,40.7,16988
887.5,4023,22,40.0,17054
888.6,4029,46,38.4,17157
889.6,4023,33,39.8,17132
890.6,4023,22,40.0,17193
891.6,4023,21,41.3,17090
892.7,4023,23,39.8,16793
893.7,4014,20,42.4,17124
894.7,4045,26,42.6,17081
895.8,4039,19,40.2,17077
896.8,4069,38,43.3,16976
897.8,4045,47,39.7,16896
898.8,4045,25,41.0,16930
899.9,4038,45,39.9,17004
900.9,4038,30,40.1,17093
901.9,4018,20,38.7,17027
902.9,4018,29,39.9,16981
904.0,4018,23,38.8,17014
905.0,4018,19,38.1,16980
906.0,4018,21,38.0,16918
907.0,4034,19,37.9,16881
908.0,4018,17,38.1,16870
909.1,4042,28,37.4,16898
910.1,4018,18,37.1,17032
911.1,4024,18,35.7,16953
912.1,4018,19,37.0,16905
913.2,4034,17,36.7,16920
914.2,4018,39,38.4,16939
915.2,4018,13,36.4,16875
916.2,4018,15,36.3,17010
917.3,4018,19,35.1,16967
918.3,4024,21,36.8,16971
919.3,4018,43,36.6,17036
920.3,4018,19,36.5,16980
921.4,4018,19,36.8,17036
922.4,4018,37,37.7,16901
923.4,4018,17,38.1,17038
924.4,4018,22,39.4,16967
925.5,4018,18,35.3,17110
926.5,4042,39,38.7,17036
927.5,4018,18,37.1,16980
928.5,4018,40,36.7,16916
929.5,4018,43,37.5,17077
930.6,4024,16,38.3,17194
931.6,4018,17,36.5,17071
932.6,4018,16,36.7,17074
933.6,4018,19,37.8,17120
934.7,4018,17,37.5,16908
935.7,4018,16,37.9,17218
936.7,4018,15,35.9,17161
937.7,4018,20,37.8,17081
938.8,4018,37,35.8,17042
939.8,4018,25,36.7,16991
940.8,4018,15,37.3,16960
941.8,4018,17,37.6,17026
942.9,4034,21,37.1,17128
943.9,4024,15,36.9,17065
944.9,4024,44,37.3,16967
945.9,4018,17,38.8,17039
946.9,4018,16,37.4,17146
948.0,4018,46,36.3,17078
949.0,4018,20,38.2,16964
950.0,4018,21,38.9,17010
951.0,4018,17,37.8,16952
952.1,4033,18,38.9,17259
953.1,4027,19,37.0,17195
954.1,4048,16,41.2,17195
955.1,4048,57,37.9,17242
956.2,4054,29,38.6,17159
957.2,4048,19,37.1,17159
958.2,4048,20,36.3,17078
959.2,4044,21,38.7,17087
960.3,4034,39,37.2,17128
961.3,4020,18,39.3,17082
962.3,4020,44,36.9,17089
963.3,4020,18,37.2,17141
964.4,4026,18,38.9,17100
965.4,4020,38,37.2,17105
966.4,4020,38,38.2,17136
967.4,4020,17,37.8,17193
968.4,4020,17,38.1,17135
969.5,4020,18,36.9,17080
970.5,4020,43,39.0,16949
971.5,4020,18,38.7,17063
972.5,4026,17,37.9,17167
973.6,4020,20,38.0,17236
974.6,4020,29,38.6,17200
975.6,4026,18,35.3,17192
976.6,4026,17,36.6,17153
977.6,4022,18,39.0,17128
978.7,4020,46,39.0,17083
979.7,4020,16,36.2,17081
980.7,4020,16,38.6,17061
981.7,4020,18,38.5,16966
982.8,4020,19,38.5,17181
983.8,4020,19,36.8,17101
984.8,4020,18,37.9,17149
985.8,4020,19,36.9,17121
986.9,4020,19,38.4,17094
987.9,4020,18,39.2,17098
988.9,4020,19,38.4,17123
989.9,4020,18,37.3,17083
991.0,4020,26,37.5,17067
992.0,4020,44,37.7,17055
993.0,4026,18,37.6,17094
994.0,4020,19,37.6,17291
995.1,4020,15,37.6,17289
996.1,4020,37,37.6,17335
997.1,4026,20,39.1,17258
998.1,4020,45,38.5,17277
999.1,4020,18,36.4,17267
1000.2,4020,17,38.6,17212
1001.2,4020,19,38.1,17220
1002.2,4020,18,39.4,17167
1003.2,4020,16,36.6,17165
1004.2,4020,19,37.4,17146
1005.3,4020,15,37.3,17109
1006.3,4020,19,37.2,17076
1007.3,4020,44,37.1,17103
1008.3,4020,16,38.2,17219
1009.4,4020,39,37.8,17407
1010.4,4026,19,37.1,17363
1011.4,4020,18,37.8,17371
1012.4,4020,18,38.0,17386
1013.5,4020,19,38.1,17353
1014.5,4020,26,36.6,17338
1015.5,4020,19,38.3,17319
1016.5,4020,20,38.0,17233
1017.5,4026,17,39.0,17248
1018.6,4020,17,35.7,17245
1019.6,4020,18,39.4,17236
1020.6,4020,19,38.2,17211
1021.6,4047,27,40.6,17250
1022.7,4054,31,39.2,17217
1023.7,4053,22,37.4,17314
1024.7,4080,33,45.8,17257
1025.7,4077,24,38.3,17209
1026.8,4078,24,42.4,17466
1027.8,4087,29,41.7,17487
1028.8,4103,28,38.5,17438
1029.8,4070,25,41.7,17535
1030.9,4066,27,39.4,17547
1031.9,4054,27,41.5,17475
1032.9,4051,51,39.8,17618
1033.9,4051,26,38.8,17580
1035.0,4057,28,40.4,17512
1036.0,4051,16,38.4,17461
1037.0,4054,27,37.8,17345
1038.0,4050,16,40.1,17467
1039.0,4056,45,39.8,17364
1040.1,4066,36,36.7,17462
1041.1,4046,18,39.0,17354
1042.1,4050,19,40.0,17358
1043.1,4043,31,39.5,17258
1044.2,4046,20,38.1,17240
1045.2,4044,23,39.0,17189
1046.2,4052,17,39.6,17262
1047.2,4045,28,37.2,17327
1048.3,4043,23,37.3,17286
1049.3,4041,19,38.6,17262
1050.3,4040,21,37.7,17232
1051.3,4041,26,41.8,17236
1052.4,4052,12,39.1,17190
1053.4,4059,27,37.9,17270
1054.4,4058,17,39.6,17136
1055.4,4056,18,37.4,17117
1056.5,4061,17,35.9,17058
1057.5,4056,52,42.7,17175
1058.5,4056,16,38.3,17293
1059.5,4060,19,38.6,17295
1060.5,4053,19,37.0,17219
1061.6,4067,18,38.5,17185
1062.6,4091,31,37.9,17124
1063.6,4089,28,37.7,17063
1064.6,4084,19,38.8,17022
1065.7,4083,40,38.8,16898
1066.7,4083,16,39.3,17051
1067.7,4089,18,38.2,17070
1068.7,4074,18,37.0,17058
1069.8,4074,18,37.0,16995
1070.8,4074,22,38.4,17051
1071.8,4077,19,40.9,16983
1072.8,4077,18,38.5,17081
1073.8,4077,18,37.8,17155
1074.9,4093,25,38.4,17128
1075.9,4076,16,37.6,17058
1076.9,4070,19,38.5,17025
1077.9,4085,15,38.3,16970
1079.0,4069,19,36.3,17012
1080.0,4085,18,38.6,16920
1081.0,4093,31,43.7,16832
1082.1,4093,31,42.0,17016
1083.1,4093,19,41.3,17094
1084.1,4092,52,40.4,16728
1085.1,4092,17,41.8,17072
1086.1,4093,29,42.8,17119
1087.2,4099,29,38.2,17088
1088.2,4093,19,39.4,17018
1089.2,4086,31,39.6,17072
1090.2,4087,24,41.2,16540
1091.3,4087,20,39.8,16628
1092.3,4087,31,39.1,16676
1093.3,4087,18,39.0,16501
1094.3,4087,19,38.4,16792
1095.4,4093,45,38.0,16781
1096.4,4087,34,39.0,16715
1097.4,4087,17,39.0,16689
1098.4,4103,30,38.6,16606
1099.5,4087,19,38.7,16581
1100.5,4094,28,38.7,16468
1101.5,4099,16,37.5,16464
1102.5,4093,20,38.3,16385
1103.5,4093,46,36.6,16375
1104.6,4084,17,38.1,16290
1105.6,4071,36,37.5,16243
1106.6,4065,18,37.5,16300
1107.6,4071,21,37.5,16266
1108.7,4065,19,37.4,16199
1109.7,4065,15,36.4,16270
1110.7,4065,19,36.9,16416
1111.7,4065,19,37.3,16478
1112.8,4065,19,37.6,16357
1113.8,4065,18,36.2,16378
1114.8,4065,18,36.5,16314
1115.8,4071,17,36.7,16263
1116.9,4065,43,37.5,16205
1117.9,4071,19,37.7,16114
1118.9,4065,17,36.4,16045
1119.9,4065,18,38.5,16183
1121.0,4065,18,37.4,16123
1122.0,4065,20,37.2,16136
1123.0,4065,16,37.4,16076
1124.0,4071,18,38.0,15914
1125.1,4065,19,38.1,15911
1126.1,4071,15,35.7,16050
1127.1,4065,34,36.4,16083
1128.1,4065,28,36.6,16042
1129.1,4071,20,36.1,15978
1130.2,4065,38,36.5,15990
1131.2,4065,17,36.1,15962
1132.2,4065,17,35.4,15920
1133.2,4065,46,36.4,15841
1134.3,4065,18,36.3,15877
1135.3,4065,20,35.8,15915
1136.3,4065,16,36.6,15797
1137.3,4065,17,35.8,15988
1138.4,4065,17,36.5,15940
1139.4,4065,19,36.7,15870
1140.4,4081,20,38.1,15811
1141.4,4065,15,37.7,15865
1142.4,4065,17,36.8,15895
1143.5,4081,18,34.0,15815
1144.5,4065,18,35.3,15641
1145.5,4065,19,36.3,15727
1146.5,4065,16,36.5,15871
1147.6,4065,19,36.5,15928
1148.6,4065,17,36.2,15853
1149.6,4081,17,36.6,15811
1150.6,4065,17,37.1,15679
1151.7,4065,17,37.3,15818
1152.7,4065,18,35.8,15839
1153.7,4065,19,35.3,15783
1154.7,4065,18,37.2,15703
1155.8,4065,16,37.3,15664
1156.8,4065,17,35.9,15632
1157.8,4065,18,38.7,15575
1158.8,4065,18,38.1,15751
1159.9,4080,16,39.7,15789
1160.9,4100,32,39.8,15738
1161.9,4095,15,36.1,15525
1162.9,4117,18,37.6,15774
1164.0,4093,16,35.2,15711
1165.0,4093,17,38.6,15657
1166.0,4063,18,36.3,15595
1167.0,4069,14,35.7,15743
1168.1,4063,16,34.4,15809
1169.1,4070,17,38.9,15672
1170.1,4076,18,36.7,15712
1171.1,4069,19,37.7,15714
1172.2,4068,18,35.5,15646
1173.2,4068,19,37.0,15591
1174.2,4063,17,35.9,15554
1175.2,4070,20,37.7,15483
1176.2,4064,17,36.5,15561
1177.3,4064,19,38.3,15653
1178.3,4080,42,37.5,15601
1179.3,4066,24,36.5,15534
1180.3,4082,22,37.6,15534
1181.3,4066,43,37.5,15685
1182.4,4066,19,40.6,15651
1183.4,4066,15,36.7,15568
1184.4,4070,26,39.0,15456
1185.4,4071,56,39.8,15513
1186.5,4080,19,39.6,15449
1187.5,4080,19,37.5,15569
1188.5,4073,18,39.9,15480
1189.5,4073,16,36.1,15542
1190.6,4073,21,38.2,15481
1191.6,4070,37,40.1,15470
1192.6,4070,27,37.0,15345
1193.6,4076,26,39.3,15481
1194.6,4071,56,41.4,15377
1195.7,4074,20,40.2,15496
1196.7,4080,19,38.3,15442
1197.7,4079,15,37.9,15395
1198.7,4078,17,35.9,15487
1199.8,4073,20,37.2,15479
1200.8,4073,20,38.8,15546
1201.8,4061,24,37.9,15483
1202.8,4061,26,38.9,15433
1203.9,4061,23,37.3,15382
1204.9,4061,25,38.7,15388
1205.9,4065,26,39.4,15468
1206.9,4059,49,37.4,15393
1208.0,4059,26,38.4,15324
1209.0,4059,28,37.4,15409
1210.0,4065,22,39.0,15343
1211.0,4073,25,39.8,15412
1212.1,4073,20,41.8,15348
1213.1,4071,19,37.4,15304
1214.1,4071,27,36.5,15394
1215.1,4070,14,37.1,15363
1216.2,4068,18,37.8,15388
1217.2,4060,18,36.8,15423
1218.2,4061,16,37.8,15435
1219.2,4058,18,36.6,15431
1220.3,4058,17,35.7,15522
1221.3,4057,18,36.7,15421
1222.3,4057,22,35.4,15400
1223.3,4057,21,37.5,15301
1224.3,4057,19,38.3,15323
1225.4,4057,15,36.5,15267
1226.4,4067,30,37.4,15230
1227.4,4061,25,37.3,15215
1228.4,4061,42,37.5,15309
1229.5,4076,27,38.2,15314
1230.5,4060,25,37.3,15452
1231.5,3987,24,36.8,15391
1232.5,3987,52,36.5,15415
1233.5,3987,29,38.8,15353
1234.6,4011,25,39.2,15237
1235.6,3987,25,38.4,15288
1236.6,3996,30,39.6,15279
1237.6,4001,28,39.7,15211
1238.7,3994,28,38.7,15227
1239.7,4000,25,39.3,15066
1240.7,3994,24,38.5,15156
1241.7,3993,24,38.2,15179
1242.8,3987,20,38.1,15142
1243.8,3993,25,39.6,14988
1244.8,3986,48,39.2,15127
1245.8,3986,25,38.2,15063
1246.8,4003,25,38.2,15001
1247.9,3993,26,37.8,14999
1248.9,3987,19,37.7,14980
1249.9,3993,46,36.5,15041
1250.9,4007,15,43.0,14980
1252.0,4014,28,37.5,14927
1253.0,4007,27,38.7,14859
1254.0,4006,26,37.0,14879
1255.0,4012,21,36.5,14849
1256.1,4010,26,38.8,14983
1257.1,4012,22,36.9,14941
1258.1,3988,50,35.8,14921
1259.1,3988,20,39.5,14845
1260.2,3987,21,38.8,14833
1261.2,4003,24,38.5,14765
1262.2,4044,32,38.4,14845
1263.2,4052,15,39.3,14943
1264.3,4051,16,37.2,14910
1265.3,4051,26,35.8,14838
1266.3,4040,13,37.9,14860
1267.3,4040,19,36.0,14872
1268.4,4040,40,36.5,14922
1269.4,4040,19,36.8,14929
1270.4,4040,43,36.9,14912
1271.4,4047,28,38.4,14935
1272.5,4041,31,37.1,14846
1273.5,4047,14,36.9,14871
1274.5,4042,26,36.9,14926
1275.5,4045,46,37.8,14977
1276.5,4044,16,36.4,14962
1277.6,4044,15,35.3,14874
1278.6,4044,22,35.4,14955
1279.6,4050,17,36.7,15011
1280.6,4039,24,35.5,14995
1281.7,4040,32,37.6,15031
1282.7,4069,31,36.9,14998
1283.7,4069,18,36.6,14969
1284.7,4088,15,38.7,14914
1285.7,4096,23,39.2,15024
1286.8,4089,22,37.2,15063
1287.8,4078,17,36.4,15044
1288.8,4084,45,36.7,15020
1289.8,4078,26,36.4,14983
1290.9,4065,17,34.8,15021
1291.9,4062,18,37.1,15038
1292.9,4069,22,39.8,14990
1293.9,4075,25,38.3,14991
1295.0,4091,41,39.1,15129
1296.0,4081,17,36.5,15134
1297.0,4075,44,37.5,15148
1298.0,4091,20,35.3,15071
1299.0,4075,16,34.6,15069
1300.1,4072,17,38.2,15130
1301.1,4072,18,36.1,15040
1302.1,4056,17,36.3,15043
1303.1,4056,38,36.4,15084
1304.2,4056,18,36.1,15004
1305.2,4056,17,37.2,15010
1306.2,4062,18,34.6,15115
1307.2,4062,17,35.2,15022
1308.3,4056,43,35.1,14979
1309.3,4058,18,36.2,14927
1310.3,4062,19,35.3,14835
1311.3,4056,18,36.3,15067
1312.3,4056,19,37.1,15150
1313.4,4056,18,36.4,15103
1314.4,4056,14,35.9,15004
1315.4,4056,38,37.0,15097
1316.4,4056,19,36.2,15022
1317.5,4056,17,35.9,14974
1318.5,4056,35,34.5,14913
1319.5,4056,29,37.8,14937
1320.5,4065,56,39.9,15045
1321.6,4065,43,38.0,15102
1322.6,4065,14,35.8,15120
1323.6,4064,17,36.8,15139
1324.6,4064,18,36.6,15267
1325.7,4057,14,37.8,15184
1326.7,4050,18,37.9,15308
1327.7,4044,42,38.4,15373
1328.7,4044,37,39.0,14865
1329.7,4057,44,38.3,15111
1330.8,4057,15,38.8,15171
1331.8,4063,17,38.7,15129
1332.8,4057,34,37.7,15094
1333.8,4057,40,36.2,15021
1334.9,4057,20,38.3,14973
1335.9,4063,40,37.1,15014
1336.9,4050,30,39.4,15174
1337.9,4056,18,38.7,15035
1339.0,4056,17,36.9,15136
1340.0,4050,28,39.5,15134
1341.0,4050,16,37.0,15047
1342.0,4050,19,37.0,15010
1343.1,4050,32,35.5,14932
1344.1,4050,15,37.4,14942
1345.1,4050,17,35.3,15075
1346.1,4050,19,37.7,15014
1347.1,4056,18,35.5,14961
1348.2,4056,17,36.3,14971
1349.2,4050,19,39.4,15015
1350.2,4050,20,37.2,15007
1351.2,4050,15,39.2,15003
1352.3,4056,28,39.6,15023
1353.3,4056,26,41.4,14990
1354.3,4056,22,37.4,14923
1355.3,4056,30,40.2,15018
1356.4,4056,52,39.4,15012
1357.4,4056,32,40.2,14957
1358.4,4063,28,41.3,14892
1359.4,4063,22,39.8,14749
1360.4,4063,30,42.0,14700
1361.5,4063,22,38.6,14773
1362.5,4063,30,39.5,14725
1363.5,4046,31,41.2,14696
1364.5,4062,24,40.9,14657
1365.6,4046,26,38.0,14632
1366.6,4052,20,41.6,14570
1367.6,4045,22,37.1,14579
1368.6,4045,36,39.0,14529
1369.7,4039,23,38.1,14489
1370.7,4066,57,39.7,14516
1371.7,4060,30,39.4,14350
1372.7,4066,37,36.7,14248
1373.8,4060,28,37.7,14255
1374.8,4066,24,39.1,14327
1375.8,4046,24,37.2,14246
1376.8,4042,20,33.8,14222
1377.9,4033,44,35.0,14141
1378.9,4039,14,36.5,14039
1379.9,4033,40,37.4,14085
1380.9,4039,47,39.0,14280
1381.9,4039,18,38.9,14164
1383.0,4045,14,36.0,14185
1384.0,4039,25,38.2,14114
1385.0,4039,19,38.4,14004
1386.0,4039,30,38.8,14217
1387.1,4033,33,39.7,14258
1388.1,4045,25,40.5,14229
1389.1,4039,17,36.8,14121
1390.1,4039,31,39.2,14096
1391.1,4039,21,40.2,14089
1392.2,4039,28,41.1,14234
1393.2,4039,42,37.5,14018
1394.2,4046,18,41.8,14172
1395.2,4046,20,38.7,14156
1396.3,4052,18,41.2,14084
1397.3,4046,34,41.6,14076
1398.3,4046,21,36.7,14220
1399.3,4045,16,37.9,14160
1400.4,4039,32,39.3,14143
1401.4,4045,28,42.1,14084
1402.4,4043,18,39.1,14131
1403.4,4039,26,36.1,14200
1404.5,4039,19,37.6,14105
1405.5,4039,18,37.2,14193
1406.5,4033,17,37.5,14158
1407.5,4026,25,37.3,14103
1408.6,4026,18,38.3,14043
1409.6,4032,19,36.2,14124
1410.6,4026,20,36.9,14142
1411.6,4030,20,37.8,14093
1412.6,4026,14,36.7,14029
1413.7,4026,23,37.5,14095
1414.7,4026,16,36.8,14270
1415.7,4026,18,37.8,14208
1416.7,4026,17,37.6,14202
1417.8,4026,38,38.5,14129
1418.8,4026,20,36.3,14087
1419.8,4026,16,36.8,14065
1420.8,4036,14,40.6,14129
1421.9,4036,18,38.9,14344
1422.9,4035,24,38.9,14241
1423.9,4035,42,38.3,14269
1424.9,4035,40,40.3,14195
1425.9,4037,18,38.0,14151
1427.0,4041,18,37.9,14065
1428.0,4035,11,38.8,14165
1429.0,4041,35,35.7,14129
1430.0,4043,25,39.1,14093
1431.0,4036,15,38.3,13968
1432.1,4036,17,38.0,13895
1433.1,4035,18,36.2,14026
1434.1,4035,29,39.4,13928
1435.1,4074,26,45.2,13895
1436.2,4073,31,38.0,13988
1437.2,4074,26,40.0,14006
1438.2,4086,25,39.5,14075
1439.2,4069,31,37.6,14096
1440.3,4065,19,37.7,14039
1441.3,4051,17,36.7,13955
1442.3,4053,28,37.5,13927
1443.3,4105,47,40.8,13900
1444.4,4097,21,37.6,13850
1445.4,4131,34,36.9,13838
1446.4,4116,38,36.1,14080
1447.4,4115,24,36.2,14054
1448.4,4106,18,37.9,14028
1449.5,4130,21,34.8,13967
1450.5,4126,53,35.4,13909
1451.5,4127,24,40.0,13845
1452.5,4138,29,36.9,13919
1453.6,4150,34,43.0,13953
1454.6,4149,29,37.8,14060
1455.6,4139,33,39.9,14016
1456.6,4147,37,38.9,13985
1457.6,4164,43,40.8,13919
1458.7,4134,34,36.4,13872
1459.7,4133,43,37.3,13817
1460.7,4136,28,38.3,13829
1461.7,4136,24,39.3,13931
1462.8,4136,15,37.9,13944
1463.8,4135,25,36.0,13893
1464.8,4135,19,37.6,13892
1465.8,4135,31,37.6,13841
1466.9,4122,18,37.2,13803
1467.9,4121,21,39.1,13711
1468.9,4127,19,36.0,13827
1469.9,4153,29,39.5,13955
1471.0,4151,30,38.9,13885
1472.0,4150,55,37.7,13951
1473.0,4153,55,38.5,13886
1474.0,4165,17,38.5,13852
1475.0,4139,34,38.4,13845
1476.1,4118,39,37.2,13897
1477.1,4111,20,35.7,13853
1478.1,4112,25,36.4,13897
1479.1,4106,17,36.6,13856
1480.2,4106,17,35.5,13875
1481.2,4106,19,36.9,13799
1482.2,4106,19,36.2,13765
1483.2,4106,17,36.0,13883
1484.3,4106,17,35.3,14040
1485.3,4110,19,37.9,14015
1486.3,4134,20,40.1,13930
1487.3,4132,24,37.4,13878
1488.4,4128,15,38.8,13867
1489.4,4128,16,36.3,13944
1490.4,4128,18,37.0,13849
1491.4,4125,17,37.5,13888
1492.4,4119,15,38.5,13821
1493.5,4119,18,36.4,13782
1494.5,4119,18,35.9,13830
1495.5,4119,20,36.9,13888
1496.5,4119,18,35.6,14009
1497.6,4119,29,37.3,13960
1498.6,4127,46,38.0,13855
1499.6,4133,47,40.1,13938
1500.6,4132,17,37.8,14074
1501.7,4132,18,38.2,14099
1502.7,4116,24,37.2,14131
1503.7,4116,18,37.2,14049
1504.7,4116,18,38.6,14030
1505.8,4116,15,35.7,14045
1506.8,4109,19,39.0,14015
1507.8,4109,21,39.0,13953
1508.8,4109,25,36.3,14058
1509.9,4109,17,35.8,14001
1510.9,4116,35,38.1,13951
1511.9,4116,18,37.7,14145
1512.9,4116,19,36.8,14107
1513.9,4122,17,36.6,14022
1515.0,4116,17,38.5,13984
1516.0,4103,16,36.9,14078
1517.0,4103,19,36.0,14223
1518.1,4103,16,38.4,14107
1519.1,4112,46,37.4,14262
1520.1,4136,18,36.9,14164
1521.1,4111,18,40.4,14299
1522.1,4117,42,37.7,14363
1523.2,4111,31,37.1,14378
1524.2,4111,24,36.3,14374
1525.2,4135,17,38.1,14348
1526.2,4111,45,37.1,14331
1527.3,4111,21,37.3,14350
1528.3,4103,20,36.4,14439
1529.3,4109,20,37.1,14378
1530.3,4103,17,37.8,14311
1531.4,4103,29,37.2,14271
1532.4,4103,19,37.5,14406
1533.4,4103,44,37.3,14343
1534.4,4103,17,38.6,14260
1535.5,4103,19,35.4,14293
1536.5,4103,30,37.6,14278
1537.5,4103,23,36.5,14217
1538.5,4103,16,38.5,14300
1539.6,4109,18,37.3,14291
1540.6,4103,16,36.8,14340
1541.6,4103,15,37.1,14417
1542.6,4103,34,38.4,14306
1543.6,4109,15,36.7,14462
1544.7,4103,21,38.5,14521
1545.7,4119,39,36.5,14517
1546.7,4109,15,37.3,14426
1547.7,4103,16,37.5,14362
1548.8,4103,40,37.2,14433
1549.8,4103,25,37.1,14340
1550.8,4103,17,34.6,14395
1551.8,4103,19,37.2,14555
1552.8,4103,41,36.6,14502
1553.9,4103,16,36.6,14507
1554.9,4103,18,37.1,14454
1555.9,4109,19,37.6,14479
1556.9,4103,19,38.8,14489
1558.0,4103,20,38.1,14639
1559.0,4103,17,37.1,14539
1560.0,4103,44,36.8,14504
1561.0,4146,17,38.9,14436
1562.1,4147,47,40.8,14367
1563.1,4168,19,39.0,14431
1564.1,4148,15,38.4,14475
1565.1,4140,17,37.1,14394
1566.1,4140,18,36.7,14399
1567.2,4131,28,39.3,14528
1568.2,4126,14,38.3,14465
1569.2,4126,30,37.5,14540
1570.2,4128,11,35.9,14522
1571.3,4126,36,36.6,14433
1572.3,4116,16,36.3,14393
1573.3,4116,19,38.5,14323
1574.3,4116,14,37.4,14418
1575.4,4116,17,38.1,14498
1576.4,4116,18,37.8,14483
1577.4,4116,33,36.3,14609
1578.4,4116,20,36.0,14499
1579.5,4132,16,36.6,14462
1580.5,4116,14,37.5,14417
1581.5,4116,20,35.7,14352
1582.5,4122,18,36.0,14407
1583.5,4116,31,38.0,14561
1584.6,4122,20,37.0,14520
1585.6,4116,16,35.1,14536
1586.6,4116,20,36.7,14453
1587.6,4122,17,35.8,14395
1588.7,4116,39,38.2,14476
1589.7,4122,21,37.7,14422
1590.7,4116,16,35.5,14411
1591.7,4116,17,35.8,14395
1592.7,4122,18,38.3,14547
1593.8,4116,19,38.1,14425
1594.8,4132,18,38.4,14377
1595.8,4116,40,37.4,14489
1596.8,4116,15,37.2,14728
1597.9,4116,16,36.7,14623
1598.9,4116,16,37.0,14537
1599.9,4122,43,36.0,14514
1600.9,4122,21,36.3,14451
1602.0,4116,17,38.4,14403
1603.0,4116,37,37.9,14631
1604.0,4116,20,36.3,14692
1605.0,4116,17,38.5,14644
1606.1,4116,18,38.7,14601
1607.1,4116,25,37.7,14543
1608.1,4116,17,37.0,14477
1609.1,4122,27,40.1,14459
1610.2,4116,20,38.6,14540
1611.2,4116,20,36.8,14588
1612.2,4116,19,36.9,14621
1613.2,4122,15,36.0,14575
1614.2,4116,18,36.1,14585
1615.3,4116,17,36.5,14510
1616.3,4116,18,35.1,14550
1617.3,4116,18,37.3,14506
1618.3,4116,18,38.5,14584
1619.4,4116,20,37.3,14651
1620.4,4116,21,36.5,14667
1621.4,4116,19,39.7,14692
1622.4,4116,18,37.6,14621
1623.5,4116,43,35.3,14545
1624.5,4098,15,37.9,14667
1625.5,4094,46,36.6,14706
1626.5,4094,17,38.2,14750
1627.6,4094,18,36.3,14796
1628.6,4094,15,35.3,14748
1629.6,4094,19,36.6,14877
1630.6,4094,19,36.4,14875
1631.6,4100,19,38.2,14913
1632.7,4094,17,39.5,14951
1633.7,4094,24,38.7,14869
1634.7,4118,19,37.3,14848
1635.7,4094,19,38.7,14619
1636.8,4094,20,38.3,14866
1637.8,4094,18,37.8,14784
1638.8,4094,18,37.9,14764
1639.9,4094,35,37.0,14786
1640.9,4101,34,41.9,14711
1641.9,4101,34,41.7,14660
1642.9,4100,19,38.2,14773
1644.0,4100,19,39.0,14941
1645.0,4100,17,38.3,14879
1646.0,4093,18,37.9,14866
1647.0,4089,17,37.6,14746
1648.0,4080,19,37.0,14896
1649.1,4080,18,38.3,14901
1650.1,4080,43,36.7,14813
1651.1,4080,18,36.6,14767
1652.1,4080,18,38.3,14716
1653.2,4086,15,38.8,14748
1654.2,4080,17,39.4,14707
1655.2,4080,19,39.0,14710
1656.2,4080,16,38.0,14848
1657.3,4080,18,39.2,14881
1658.3,4080,18,38.2,14888
1659.3,4080,18,39.0,14835
1660.3,4080,17,37.3,14788
1661.3,4115,35,39.6,14791
1662.4,4109,21,38.9,14872
1663.4,4088,16,39.9,14939
1664.4,4102,18,42.1,15005
1665.4,4099,30,39.3,15072
1666.5,4106,32,39.9,15135
1667.5,4101,18,40.7,15119
1668.5,4098,29,40.4,15122
1669.5,4081,15,39.7,15021
1670.6,4075,19,39.5,14981
1671.6,4075,17,39.0,14829
1672.6,4077,19,38.2,14984
1673.6,4075,17,37.4,14917
1674.6,4065,18,39.6,14861
1675.7,4065,15,38.4,14950
1676.7,4065,19,38.8,15002
1677.7,4065,14,36.1,14956
1678.8,4065,16,38.6,14879
1679.8,4065,13,36.3,14823
1680.8,4065,13,38.9,14854
1681.8,4065,26,37.8,14834
1682.8,4071,17,36.7,14935
1683.9,4071,19,38.7,14904
1684.9,4065,17,37.7,14885
1685.9,4071,18,37.3,14908
1686.9,4071,37,37.4,14853
1688.0,4081,18,37.0,15181
1689.0,4065,20,37.3,15088
1690.0,4065,19,37.3,15112
1691.0,4065,20,37.5,15120
1692.1,4071,18,38.2,15034
1693.1,4065,22,36.9,15037
1694.1,4071,19,39.0,15021
1695.1,4065,18,37.4,15085
1696.1,4071,15,38.6,15108
1697.2,4065,18,39.2,15190
1698.2,4065,33,40.7,15321
1699.2,4072,34,43.2,15328
1700.2,4072,32,42.6,15238
1701.3,4072,44,42.8,15137
1702.3,4072,26,42.5,15309
1703.3,4072,31,43.4,15256
1704.3,4072,15,40.9,15220
1705.4,4072,25,41.7,14954
1706.4,4072,15,42.3,15124
1707.4,4072,17,39.4,15292
1708.4,4072,26,40.1,15224
1709.5,4072,22,42.4,15153
1710.5,4065,17,41.3,15225
1711.5,4065,17,40.7,15301
1712.5,4084,21,38.7,15211
1713.5,4078,21,39.4,15309
1714.6,4084,16,40.4,15432
1715.6,4078,17,39.2,15267
1716.6,4094,14,41.8,15373
1717.6,4059,17,38.7,15396
1718.7,4065,17,38.4,15191
1719.7,4072,18,42.3,15443
1720.7,4072,27,42.4,15111
1721.7,4072,22,40.7,15284
1722.8,4078,25,42.5,15418
1723.8,4071,21,40.7,15640
1724.8,4071,31,41.1,15317
1725.8,4071,20,36.8,15331
1726.9,4071,45,38.8,15473
1727.9,4071,23,38.7,15448
1728.9,4065,19,39.8,15397
1729.9,4066,21,41.1,15232
1731.0,4060,24,40.6,15204
1732.0,4058,28,39.0,15143
1733.0,4058,25,39.6,15100
1734.0,4074,30,38.1,15234
1735.1,4054,28,39.2,15102
1736.1,4054,22,40.1,15330
1737.1,4054,20,37.9,15238
1738.1,4054,23,38.6,15248
1739.2,4054,18,37.5,15297
1740.2,4054,18,36.5,15235
1741.2,4054,18,37.2,15309
1742.2,4054,15,38.2,15325
1743.3,4060,20,37.7,15345
1744.3,4054,21,38.3,15286
1745.3,4060,17,37.1,15255
1746.3,4054,17,37.8,15233
1747.4,4054,18,37.1,15235
1748.4,4060,17,37.9,15473
1749.4,4054,15,37.1,15298
1750.4,4054,20,36.1,15416
1751.4,4060,15,37.5,15281
1752.5,4054,20,37.9,15414
1753.5,4054,17,37.0,15486
1754.5,4054,21,37.4,15620
1755.5,4054,21,39.6,15584
1756.6,4054,31,37.3,15514
1757.6,4054,18,38.1,15436
1758.6,4054,18,37.1,15356
1759.6,4054,20,36.7,15326
1760.7,4054,19,37.5,15396
1761.7,4081,19,39.2,15377
1762.7,4075,18,37.4,15557
1763.7,4081,16,35.5,15543
1764.8,4075,30,37.2,15448
1765.8,4075,17,36.7,15658
1766.8,4067,18,35.8,15674
1767.8,4054,19,37.0,15679
1768.8,4054,41,36.3,15751
1769.9,4054,18,35.6,15752
1770.9,4054,18,36.7,15637
1771.9,4054,19,36.8,15720
1772.9,4060,34,38.4,15648
1774.0,4067,30,37.8,15606
1775.0,4073,45,36.4,15675
1776.0,4073,15,35.6,15751
1777.0,4067,43,36.6,15630
1778.1,4067,37,38.2,15594
1779.1,4054,20,36.5,15532
1780.1,4054,20,38.7,15535
1781.1,4054,37,37.1,15545
1782.2,4054,20,38.7,15713
1783.2,4054,16,36.6,15712
1784.2,4054,17,36.2,15702
1785.2,4054,19,35.9,15737
1786.2,4054,17,35.3,15655
1787.3,4054,19,35.7,15791
1788.3,4054,18,36.0,15857
1789.3,4054,16,36.6,15593
1790.3,4054,16,36.7,15690
1791.4,4054,19,35.0,15807
1792.4,4060,17,36.5,15742
1793.4,4060,24,35.1,15775
1794.4,4060,17,36.4,15710
1795.5,4060,18,36.8,15645
1796.5,4056,17,36.8,15618
1797.5,4054,19,37.0,15724
1798.5,4060,18,37.4,15772
1799.5,4054,17,36.0,15864
1800.6,4054,20,38.3,15901
1801.6,4054,20,38.1,15805
1802.6,4054,20,38.7,15887
1803.6,4054,44,37.6,15823
1804.7,4060,19,38.1,15899
1805.7,4054,18,37.6,15814
1806.7,4054,18,37.8,15873
1807.7,4078,17,36.4,15887
1808.8,4054,21,36.0,15795
1809.8,4054,19,37.2,15736
1810.8,4054,18,36.3,15686
1811.8,4054,17,38.3,15697
1812.9,4054,20,39.0,15717
1813.9,4077,17,41.5,15939
1814.9,4071,44,38.4,15857
1815.9,4077,21,38.4,15810
1817.0,4071,19,37.1,15745
1818.0,4071,19,38.6,15698
1819.0,4066,19,39.1,15717
1820.0,4050,21,38.7,15744
1821.0,4069,17,38.3,15784
1822.1,4063,29,38.5,15784
1823.1,4087,17,37.5,16108
1824.1,4063,19,37.3,15872
1825.1,4063,18,36.6,15715
1826.2,4063,18,38.1,16005
1827.2,4056,18,37.7,15972
1828.2,4050,22,37.6,15893
1829.2,4050,21,38.8,15853
1830.3,4050,19,38.5,15784
1831.3,3970,20,37.3,15726
1832.3,3970,45,37.2,15758
1833.3,3970,43,38.0,15879
1834.4,3976,21,39.5,15927
1835.4,3970,17,38.4,15947
1836.4,3970,17,38.5,15905
1837.4,3970,22,37.1,15920
1838.5,3970,21,37.5,15888
1839.5,3970,14,37.9,15855
1840.5,3970,20,37.6,15810
1841.5,3976,20,38.4,15743
1842.5,3970,27,38.0,15769
1843.6,3970,20,38.8,15829
1844.6,3970,25,38.0,15809
1845.6,3970,17,38.2,15760
1846.6,3986,21,39.4,15860
1847.7,3970,22,37.5,15864
1848.7,3970,20,37.4,15716
1849.7,3970,21,39.6,15880
1850.7,3970,43,38.6,15815
1851.8,3970,22,38.1,15767
1852.8,3976,24,36.2,15813
1853.8,3986,20,38.9,15853
1854.8,3970,18,37.9,15838
1855.9,3976,19,39.5,15795
1856.9,3970,16,37.8,15833
1857.9,3970,20,38.5,15940
1858.9,3976,22,38.3,15888
1860.0,3970,17,39.0,15829
1861.0,3970,46,38.4,15867
1862.0,3976,39,39.0,16017
1863.0,3970,20,39.7,16056
1864.1,3970,20,38.4,16034
1865.1,3976,23,44.2,16024
1866.1,3970,21,41.1,15908
1867.1,3970,35,37.4,15907
1868.1,3970,35,38.7,15818
1869.2,3970,19,39.1,15751
1870.2,3970,31,38.5,15847
1871.2,3970,27,37.3,15842
1872.2,3970,20,38.1,15815
1873.3,3970,19,36.5,15775
1874.3,3976,28,39.5,15836
1875.3,3976,27,37.7,15859
1876.3,3970,20,38.0,15795
1877.4,3970,47,39.2,15740
1878.4,3970,22,38.4,15912
1879.4,3976,19,38.6,15897
1880.4,3976,20,38.4,15787
1881.5,3970,16,37.4,15953
1882.5,3970,37,38.8,15902
1883.5,3976,20,38.1,15919
1884.5,3970,19,39.1,15883
1885.5,3976,21,37.9,15974
1886.6,3970,18,38.0,15988
1887.6,3987,31,39.2,15963
1888.6,3993,17,40.5,15973
1889.6,3999,16,39.0,15908
1890.7,3998,17,39.8,15834
1891.7,4004,20,41.2,15939
1892.7,3987,15,39.6,15893
1893.7,3987,36,37.6,15901
1894.8,4002,17,41.6,15925
1895.8,4008,18,39.6,15974
1896.8,4002,24,36.5,15942
1897.8,4002,41,40.0,15946
1898.8,3994,21,39.6,15919
1899.9,3981,19,37.5,15968
1900.9,3981,19,37.5,16021
1901.9,3981,26,40.7,16104
1902.9,3981,19,37.4,16109
1904.0,3981,17,38.4,16065
1905.0,3981,33,39.0,16040
1906.0,3988,19,39.3,16072
1907.0,3988,28,40.4,16001
1908.1,3988,19,37.2,16022
1909.1,3988,18,37.6,15956
1910.1,3988,19,38.0,15908
1911.1,3994,20,37.6,15857
1912.1,3975,14,38.3,16030
1913.2,3981,23,38.5,16061
1914.2,3975,21,37.0,16051
1915.2,3981,18,39.8,16181
1916.2,3975,22,37.8,16094
1917.3,3975,21,37.2,16137
1918.3,3981,21,38.2,16156
1919.3,3975,17,38.8,16238
1920.3,3975,19,37.1,16108
1921.4,3991,33,38.9,16280
1922.4,3996,29,42.2,16106
1923.4,4036,33,44.0,16257
1924.4,4035,19,41.9,16611
1925.5,4032,18,39.8,16506
1926.5,4034,19,39.0,16529
1927.5,4032,49,40.2,16457
1928.5,4037,30,40.3,16399
1929.6,4020,31,40.2,16334
1930.6,4017,21,38.9,16382
1931.6,4036,15,37.0,16460
1932.6,4012,18,37.0,16397
1933.7,4012,12,36.8,16446
1934.7,4009,19,38.7,16416
1935.7,4009,20,37.7,16371
1936.7,4003,19,37.8,16427
1937.8,4009,43,37.1,16457
1938.8,4003,16,36.9,16464
1939.8,4003,18,36.0,16456
1940.8,4003,17,37.7,16414
1941.9,4003,17,37.4,16371
1942.9,4005,18,36.1,16406
1943.9,4009,15,37.2,16383
1944.9,4003,45,36.9,16497
1946.0,4003,38,37.8,16423
1947.0,4029,28,42.3,16454
1948.0,4013,25,37.3,16481
1949.0,4012,36,36.1,16449
1950.0,4012,18,36.4,16469
1951.1,4012,18,37.3,16509
1952.1,4011,11,36.6,16495
1953.1,3991,41,36.8,16451
1954.1,4001,33,35.1,16372
1955.2,3998,36,36.4,16397
1956.2,3998,33,37.8,16317
1957.2,3998,14,37.0,16419
1958.2,4004,14,36.8,16373
1959.3,3998,18,36.5,16349
1960.3,3998,42,36.8,16392
1961.3,3991,41,36.5,16384
1962.3,3985,19,37.8,16329
1963.4,3985,21,35.6,16350
1964.4,3948,37,39.1,16438
1965.4,3964,21,38.7,16370
1966.4,3948,45,37.8,16378
1967.4,3948,19,37.4,16414
1968.5,3948,36,37.5,16283
1969.5,3954,16,37.0,16445
1970.5,3948,13,37.4,16399
1971.5,3948,14,35.3,16460
1972.6,3948,14,36.1,16477
1973.6,3948,41,36.7,16564
1974.6,3948,17,36.3,16538
1975.6,3948,44,38.5,16530
1976.7,3948,20,37.5,16529
1977.7,3948,17,35.1,16530
1978.7,3948,17,38.8,16552
1979.7,3954,14,36.6,16547
1980.7,3954,19,36.3,16581
1981.8,3948,32,37.1,16573
1982.8,3950,22,37.4,16605
1983.8,3948,19,41.0,16564
1984.8,3948,17,38.3,16676
1985.9,3954,18,37.6,16662
1986.9,3948,16,38.2,16558
1987.9,3964,18,37.1,16575
1988.9,3972,20,37.9,16591
1990.0,3948,19,36.4,16691
1991.0,3948,14,36.4,16629
1992.0,3954,27,38.3,16588
1993.0,3948,15,37.9,16510
1994.1,3948,15,38.4,16547
1995.1,3948,29,37.1,16701
1996.1,3950,47,36.7,16691
1997.1,3948,20,37.3,16677
1998.2,3948,17,37.6,16624
1999.2,3948,14,37.3,16489
2000.2,3973,18,40.8,16662
2001.2,3973,25,36.6,16753
2002.3,3979,19,37.7,16774
2003.3,3979,21,37.2,16675
2004.3,3979,18,37.9,16816
2005.3,3953,18,37.9,16674
2006.3,3947,19,37.8,16678
2007.4,3947,23,38.9,16676
2008.4,3947,18,38.1,16710
2009.4,3947,14,37.2,16479
2010.4,3953,42,36.1,16759
2011.5,3947,16,37.6,16693
2012.5,3953,35,36.4,16692
2013.5,3947,19,36.5,16604
2014.5,3947,18,37.0,16450
2015.6,3947,18,37.2,16657
2016.6,3947,41,35.6,16664
2017.6,3947,15,36.6,16630
2018.6,3947,17,36.7,16445
2019.7,3953,44,37.0,16678
2020.7,3947,16,35.4,16642
2021.7,3947,15,35.5,16640
2022.7,3947,14,35.4,16626
2023.7,3947,18,36.5,16579
2024.8,3947,23,34.5,16620
2025.8,3963,16,37.3,16621
2026.8,3953,18,36.4,16564
2027.8,3947,47,37.4,16611
2028.9,3947,43,37.9,16479
2029.9,3947,20,37.1,16533
2030.9,3953,16,36.4,16513
2031.9,3947,15,35.4,16601
2033.0,3953,24,36.0,16633
2034.0,3947,23,35.6,16635
2035.0,3947,40,37.0,16638
2036.0,3953,37,37.4,16675
2037.0,3947,13,37.6,16735
2038.1,3953,22,36.9,16723
2039.1,3947,15,37.1,16686
2040.1,3953,22,34.6,16630
2041.1,3947,14,36.0,16578
2042.2,3947,45,37.4,16478
2043.2,3947,36,36.8,16436
2044.2,3953,21,37.2,16685
2045.2,3947,17,36.5,16671
2046.3,3947,18,36.8,16615
2047.3,3947,22,37.3,16511
2048.3,3947,44,37.1,16555
2049.3,3963,26,36.5,16589
2050.3,3947,13,37.7,16485
2051.4,3947,23,37.3,16666
2052.4,3947,16,37.3,16675
2053.4,3947,18,36.0,16633
2054.4,3971,18,36.8,16577
2055.5,3947,22,35.4,16526
2056.5,3947,15,35.5,16560
2057.5,3947,16,36.4,16604
2058.5,3953,32,36.0,16591
2059.6,3947,15,35.2,16565
2060.6,3947,43,37.2,16540
2061.6,3953,20,36.3,16720
2062.6,3947,16,36.9,16769
2063.7,3947,14,36.6,16739
2064.7,3953,23,35.6,16617
2065.7,3947,18,36.9,16655
2066.7,3953,17,36.5,16587
2067.8,3947,19,37.1,16562
2068.8,3947,34,39.1,16658
2069.8,3947,15,38.1,16689
2070.8,3947,15,36.8,16734
2071.9,3953,38,36.4,16661
2072.9,3947,44,36.2,16602
2073.9,3947,34,36.8,16578
2074.9,3947,44,36.8,16774
2075.9,3947,18,37.2,16841
2077.0,3947,18,38.6,16764
2078.0,3947,33,35.9,16703
2079.0,3947,15,36.3,16636
2080.0,3947,19,36.5,16624
2081.1,3947,19,36.8,16649
2082.1,3947,18,36.6,16725
2083.1,3947,18,36.6,16755
2084.1,3947,17,37.6,16816
2085.2,3947,20,37.8,16735
2086.2,3947,19,37.8,16723
2087.2,3947,16,37.4,16687
2088.2,3947,20,37.9,16726
2089.3,3947,19,36.9,16794
2090.3,3947,19,38.2,16857
2091.3,3947,16,37.4,16783
2092.3,3947,17,36.7,16739
2093.4,3953,17,37.6,16816
2094.4,3947,19,37.4,16750
2095.4,3947,18,38.4,16693
2096.4,3947,40,38.3,16666
2097.5,3947,20,39.1,16753
2098.5,3947,18,38.7,16685
2099.5,3947,18,37.9,16727
2100.5,3947,17,38.5,16782
2101.5,3953,19,37.3,16843
2102.6,3947,18,38.6,16792
2103.6,3947,19,37.7,16710
2104.6,3947,44,38.5,16761
2105.6,3947,18,37.7,16889
2106.7,3947,45,37.4,16831
2107.7,3947,14,37.8,16899
2108.7,3971,20,37.0,16845
2109.7,3947,19,37.0,16773
2110.8,3947,22,41.7,16823
2111.8,3951,16,41.4,16967
2112.8,3947,18,39.7,16819
2113.8,3947,20,36.8,17023
2114.9,3947,47,36.9,17061
2115.9,3947,16,38.0,16969
2116.9,3953,17,37.2,16899
2117.9,3947,19,38.1,16944
2119.0,3947,32,38.6,17048
2120.0,3947,19,37.7,17246
2121.0,3947,41,37.7,17196
2122.0,3947,18,37.2,17134
2123.0,3947,16,37.8,16961
2124.1,3947,18,38.6,17075
2125.1,3947,24,37.8,16999
2126.1,3947,20,37.8,16917
2127.1,3947,22,38.5,17036
2128.2,3947,15,38.9,17110
2129.2,3947,15,39.0,17229
2130.2,3947,40,35.6,17377
2131.2,3953,19,36.8,17287
2132.3,3946,20,37.1,17263
2133.3,3950,20,40.6,17210
2134.3,3955,18,38.4,17140
2135.3,3949,15,38.6,17089
2136.4,3949,30,39.0,17237
2137.4,3949,18,38.2,17246
2138.4,3949,17,36.2,17198
2139.4,3949,15,38.6,17107
2140.4,3949,16,37.4,17120
2141.5,3941,15,38.3,17189
2142.5,3941,37,37.8,17176
2143.5,3947,19,38.8,17192
2144.5,3941,30,37.0,17232
2145.6,3941,18,38.3,17341
2146.6,3941,45,37.3,17271
2147.6,3941,25,39.7,17211
2148.6,3941,17,39.0,17104
2149.7,3941,16,37.7,17298
2150.7,3941,18,38.7,17221
2151.7,3951,17,38.4,17207
2152.7,3969,17,41.4,17398
2153.8,3977,50,41.5,17339
2154.8,3976,18,36.9,17396
2155.8,3976,44,39.9,17310
2156.8,3985,28,36.4,17176
2157.9,3970,18,37.8,17270
2158.9,3951,36,37.8,17352
2159.9,3951,34,38.0,17251
2160.9,3957,39,39.3,17500
2162.0,3951,19,37.1,17492
2163.0,3992,30,43.3,17428
2164.0,3989,27,39.3,17238
2165.0,3985,17,37.9,17360
2166.1,3987,19,38.7,17357
2167.1,3987,30,38.5,17444
2168.1,3974,22,39.0,17645
2169.1,3980,19,39.0,17546
2170.2,3993,19,38.4,17473
2171.2,3976,26,36.4,17458
2172.2,3976,19,38.6,17412
2173.2,3969,39,36.6,17506
2174.2,3954,19,38.6,17568
2175.3,3985,18,39.0,17489
2176.3,3991,55,37.2,17653
2177.3,4078,19,39.4,17595
2178.3,4089,27,41.7,17439
2179.4,4112,17,42.7,17595
2180.4,4091,16,39.5,17506
2181.4,4076,44,39.2,17502
2182.4,4076,34,38.4,17631
2183.5,4072,19,38.9,17443
2184.5,4056,17,37.5,17618
2185.5,4056,20,38.6,17577
2186.5,4056,43,38.5,17737
2187.5,4056,26,39.7,17827
2188.6,4062,16,40.0,17730
2189.6,4072,19,39.6,17717
2190.6,4056,42,37.5,17648
2191.6,4056,18,38.0,17664
2192.7,4056,18,38.4,17718
2193.7,4056,21,37.1,17718
2194.7,4080,20,39.6,17630
2195.7,4056,18,37.6,17582
2196.8,4056,23,38.2,17742
2197.8,4056,24,40.8,17693
2198.8,4056,47,42.8,17866
2199.8,4056,46,38.3,17758
2200.9,4062,17,39.0,17743
2201.9,4062,16,38.5,17808
2202.9,4056,22,38.7,17707
2203.9,4062,19,39.1,17757
2204.9,4056,22,39.7,17695
2206.0,4062,19,36.6,17668
2207.0,4056,45,37.2,17705
2208.0,4062,15,40.3,17829
2209.0,4056,16,37.9,17928
2210.1,4062,21,37.5,17986
2211.1,4056,45,40.2,17815
2212.1,4084,29,41.7,17920
2213.1,4124,53,44.3,17906
2214.2,4121,50,37.5,17844
2215.2,4115,18,39.3,17765
2216.2,4115,16,37.4,17713
2217.2,4115,20,39.3,17858
2218.2,4115,42,36.8,17760
2219.3,4106,23,38.5,17881
2220.3,4119,20,40.8,17924
2221.3,4113,49,40.2,17987
2222.3,4112,17,42.4,17960
2223.4,4112,17,38.4,17952
2224.4,4112,37,37.0,17985
2225.4,4118,26,38.8,18021
2226.4,4111,16,37.5,17949
2227.5,4098,20,37.7,17995
2228.5,4098,15,38.3,17880
2229.5,4098,17,36.6,17618
2230.5,4098,18,37.2,17674
2231.6,4098,15,39.1,17926
2232.6,4098,17,36.2,18021
2233.6,4098,21,39.0,17969
2234.6,4098,18,37.7,17926
2235.7,4114,18,38.4,17839
2236.7,4098,37,38.9,17789
2237.7,4098,19,38.2,17846
2238.7,4098,18,38.6,17899
2239.8,4098,14,38.1,17970
2240.8,4104,21,36.4,17889
2241.8,4098,26,36.9,17919
2242.8,4098,24,37.0,17976
2243.9,4104,17,39.4,17975
2244.9,4098,18,37.8,17848
2245.9,4114,20,38.4,17798
2246.9,4098,20,39.6,17908
2248.0,4104,18,40.2,17996
2249.0,4098,24,39.0,17928
2250.0,4104,16,39.5,17986
2251.0,4098,18,39.4,17962
2252.1,4098,24,38.6,17991
2253.1,4104,38,40.4,17875
2254.1,4104,14,41.0,18011
2255.1,4104,40,40.2,18126
2256.1,4104,25,40.9,18193
2257.2,4098,24,40.9,18137
2258.2,4114,23,41.1,18193
2259.2,4098,45,40.1,18175
2260.2,4098,14,40.0,18153
2261.3,4098,30,39.1,18091
2262.3,4098,32,39.1,18178
2263.3,4098,18,40.1,18084
2264.3,4098,24,38.3,17980
2265.4,4098,34,39.5,18113
2266.4,4114,16,40.4,18213
2267.4,4098,18,36.5,18312
2268.4,4098,24,36.1,18300
2269.5,4098,14,37.1,18348
2270.5,4104,37,36.9,18268
2271.5,4098,26,37.6,18231
2272.5,4098,13,36.9,18276
2273.6,4104,18,37.2,18253
2274.6,4100,18,35.3,18272
2275.6,4104,18,37.8,18285
2276.6,4098,17,36.2,18322
2277.6,4104,44,38.3,18341
2278.7,4104,22,37.7,18335
2279.7,4098,18,36.3,18384
2280.7,4098,37,39.4,18373
2281.7,4104,29,37.3,18321
2282.8,4098,20,38.1,18258
2283.8,4098,17,36.0,18301
2284.8,4098,18,38.5,18283
2285.8,4098,43,37.3,18283
2286.9,4097,37,37.8,18411
2287.9,4105,49,39.1,18328
2288.9,4120,31,45.0,18374
2289.9,4103,25,38.7,18465
2291.0,4109,18,38.1,18521
2292.0,4109,41,37.0,18476
2293.0,4103,19,36.4,18568
2294.0,4122,20,40.9,18511
2295.1,4112,32,41.4,18494
2296.1,4124,33,41.0,18643
2297.1,4118,34,43.9,18687
2298.1,4118,26,41.4,18781
2299.2,4118,33,42.2,18708
2300.2,4124,34,44.8,18740
2301.2,4112,34,40.7,18753
2302.2,4118,19,41.8,18624
2303.3,4131,23,41.4,18636
2304.3,4125,45,40.0,18684
2305.3,4125,17,39.4,18716
2306.3,4125,19,41.6,18625
2307.4,4125,25,40.2,18480
2308.4,4135,20,40.9,18595
2309.4,4104,33,41.7,18572
2310.4,4110,25,41.1,18534
2311.5,4110,40,43.1,18711
2312.5,4106,35,38.3,18715
2313.5,4110,21,38.4,18693
2314.5,4104,27,40.8,18614
2315.5,4104,25,40.9,18707
2316.6,4097,24,41.9,18826
2317.6,4091,42,41.2,18804
2318.6,4111,18,42.8,18704
2319.6,4117,25,41.3,18733
2320.7,4111,23,42.4,18631
2321.7,4111,26,43.9,18614
2322.7,4127,32,44.7,18542
2323.7,4110,27,41.2,18601
2324.8,4104,49,41.1,18617
2325.8,4104,34,38.9,18565
2326.8,4104,8,41.4,18585
2327.8,4110,27,40.9,18625
2328.9,4091,21,39.5,18580
2329.9,4091,20,40.3,18532
2330.9,4097,24,40.7,18680
2331.9,4091,18,39.5,18592
2333.0,4097,41,41.5,18578
2334.0,4091,23,40.1,18582
2335.0,4091,5,41.0,18687
2336.0,4091,26,39.9,18634
2337.1,4091,21,40.2,18659
2338.1,4091,21,39.2,18605
2339.1,4091,22,39.6,18567
2340.1,4098,41,40.4,18623
2341.2,4098,22,41.1,18624
2342.2,4098,24,40.8,18436
2343.2,4098,22,39.8,18600
2344.2,4104,17,41.0,18596
2345.3,4104,37,43.8,18758
2346.3,4104,29,41.5,18703
2347.3,4120,45,44.6,18781
2348.3,4104,23,40.1,18652
2349.4,4110,23,42.1,18648
2350.4,4104,28,39.7,18789
2351.4,4110,36,42.2,18723
2352.4,4116,31,42.7,18682
2353.4,4110,41,43.8,18794
2354.5,4116,32,43.1,18740
2355.5,4126,22,40.9,18681
2356.5,4104,35,44.5,18606
2357.5,4104,20,42.2,18534
2358.6,4116,31,41.5,18793
2359.6,4114,24,40.8,18752
2360.6,4110,26,42.2,18736
2361.6,4110,29,41.8,18770
2362.7,4110,32,45.1,18833
2363.7,4104,18,42.2,18876
2364.7,4104,36,41.6,18989
2365.7,4104,42,41.1,19017
2366.8,4110,32,42.6,18910
2367.8,4104,30,42.4,18930
2368.8,4104,18,40.1,18908
2369.8,4104,22,41.9,18941
2370.9,4110,27,44.5,18915
2371.9,4104,20,39.4,18949
2372.9,4104,24,40.2,18873
2373.9,4104,32,44.2,18847
2375.0,4104,24,43.0,18778
2376.0,4106,19,39.4,18686
2377.0,4110,20,39.7,18650
2378.0,4104,22,37.5,18752
2379.1,4104,19,38.2,18780
2380.1,4120,15,38.4,18703
2381.1,4103,19,39.2,18623
2382.1,4097,16,38.3,18757
2383.2,4103,21,38.9,18802
2384.2,4097,46,39.6,18791
2385.2,4113,24,37.8,18799
2386.2,4097,32,38.5,18753
2387.2,4097,21,43.9,18788
2388.3,4097,33,38.8,18743
2389.3,4097,18,39.2,18794
2390.3,4104,26,41.1,18866
2391.4,4120,18,40.9,18813
2392.4,4110,24,40.7,18757
2393.4,4104,40,38.1,18763
2394.4,4104,20,39.5,18698
2395.4,4104,33,41.9,18777
2396.5,4110,20,38.2,18751
2397.5,4104,39,39.3,18831
2398.5,4104,30,42.3,18929
2399.5,4104,35,38.5,18918
2400.6,4097,19,38.4,18865
2401.6,4097,30,37.7,18784
2402.6,4113,29,40.7,18801
2403.6,4104,24,38.9,18659
2404.7,4104,17,38.2,18958
2405.7,4110,17,40.7,18938
2406.7,4110,20,36.9,18914
2407.7,4104,18,37.8,18855
2408.8,4101,33,41.0,18797
2409.8,4097,28,41.1,18877
2410.8,4104,29,41.2,18909
2411.8,4104,31,39.1,18915
2412.9,4128,17,37.3,18860
2413.9,4110,19,37.3,18678
2414.9,4110,19,39.3,18898
2415.9,4121,20,39.7,18799
2417.0,4097,18,39.4,18741
2418.0,4097,19,39.0,18849
2419.0,4104,36,38.3,18865
2420.0,4118,31,38.8,18960
2421.1,4118,19,39.4,18924
2422.1,4118,18,29.9,18880
2423.1,4118,1,20.8,18959
2424.1,4117,18,24.8,18780
2425.2,1281,1,22.4,18983
2426.2,993,1,21.4,14541
2427.2,993,8,20.2,14529
2428.2,993,1,21.3,14562
2429.3,967,4,21.6,14586
2430.3,967,6,18.8,14570
2431.3,967,7,18.0,14547
2432.3,967,7,20.3,14572
2433.4,967,7,19.9,14579
2434.4,967,7,19.2,14556
2435.4,967,7,24.3,14567
2436.4,967,8,20.0,14488
2437.5,967,7,19.7,14446
2438.5,967,7,19.4,14469
2439.5,967,0,19.7,14473
2440.5,967,0,19.9,14522
2441.6,967,0,19.7,14520
2442.6,967,7,19.9,14549
2443.6,967,7,19.1,14517
2444.6,967,7,19.2,14523
2445.7,967,7,20.2,14517
2446.7,967,7,19.3,14521
2447.7,960,22,21.4,14554
2448.7,976,3,21.6,14553
2449.8,976,1,19.3,14568
2450.8,976,4,20.8,14508
2451.8,976,5,19.4,14525
2452.8,970,8,18.9,14542
2453.8,951,0,20.3,14499
2454.9,957,0,21.3,14521
2455.9,957,9,20.3,14577
2457.0,970,1,23.3,14616
2458.0,970,16,24.5,14653
2459.0,970,2,22.4,14652
2460.1,976,3,22.5,14599
2461.1,976,10,20.5,14593
2462.1,976,3,19.7,14574
2463.1,976,13,20.6,14576
2464.2,976,4,19.9,14553
2465.2,970,6,20.3,14550
2466.2,951,7,19.8,14547
2467.2,951,0,19.5,14551
2468.3,957,0,21.1,14613
2469.3,957,13,21.3,14630
2470.3,957,4,20.9,14725
2471.3,957,20,22.8,14730
2472.3,964,16,23.0,14777
2473.4,964,45,22.2,14722
2474.4,964,10,21.3,14709
2475.4,964,21,21.6,14662
2476.4,964,11,20.9,14679
2477.4,964,13,20.9,14677
2478.5,964,29,20.5,14695
2479.5,964,18,21.0,14730
2480.5,964,16,21.5,14713
2481.5,964,3,19.7,14685
2482.6,964,27,24.2,14679
2483.6,964,5,20.2,14689
2484.6,964,50,19.4,14680
2485.7,957,8,18.9,14710
2486.7,957,7,19.5,14700
2487.7,964,90,21.1,14720
2488.8,964,1,20.6,14699
2489.8,964,17,21.8,14757
2490.8,964,3,19.4,14707
2491.8,964,4,20.2,14687
2492.8,957,73,20.0,14737
2493.9,964,47,21.6,14793
2494.9,964,0,22.6,14832
2495.9,964,9,21.1,14816
2496.9,970,31,22.9,14778
2497.9,970,9,19.6,14733
2499.0,970,5,18.5,14761
2500.0,970,8,19.3,14729
2501.0,970,7,18.7,14707
2502.0,970,8,18.3,14700
2503.1,951,8,20.1,14683
2504.1,951,7,19.7,14675
2505.1,951,8,20.4,14683
2506.1,951,7,20.2,14712
2507.2,951,7,20.3,14732
2508.2,951,0,19.6,14758
2509.2,951,0,19.3,14745
2510.2,951,7,19.5,14747
2511.3,951,7,19.6,14758
2512.3,951,7,19.0,14783
2513.3,951,7,18.3,14780
2514.3,951,7,19.5,14788
2515.4,951,7,19.9,14782
2516.4,951,7,19.8,14797
2517.4,951,7,20.3,14800
2518.4,951,0,18.3,14788
2519.5,951,7,19.0,14781
2520.5,951,10,19.6,14765
2521.5,951,7,18.3,14748
2522.6,951,7,18.6,14774
2523.6,951,7,20.8,14796
2524.6,915,27,18.0,14843
2525.6,915,27,18.6,14848
2526.7,915,29,20.4,14904
2527.7,915,7,18.7,14868
2528.7,915,7,19.3,14844
2529.8,915,7,20.1,14866
2530.8,915,7,18.9,14859
2531.8,915,7,18.5,14829
2532.8,915,0,18.9,14812
2533.8,915,0,18.8,14869
2534.9,936,54,21.4,14996
2535.9,936,11,21.0,15029
2536.9,936,1,19.4,15005
2537.9,936,3,18.7,14994
2539.0,936,5,19.3,15001
2540.0,928,1,18.7,15022
2541.0,922,1,18.9,15005
2542.0,922,4,16.8,15003
2543.0,922,6,20.1,15010
2544.1,915,6,19.8,15036
2545.1,922,36,19.5,15066
2546.1,922,7,18.9,15086
2547.2,922,7,17.9,15071
2548.2,922,0,18.5,15055
2549.2,922,7,19.2,15118
2550.2,915,8,19.3,14947
2551.3,922,7,21.4,15130
2552.3,922,7,19.8,15110
2553.3,935,1,20.0,15177
2554.3,935,3,20.2,15189
2555.4,935,8,18.6,15194
2556.4,935,7,18.6,15154
2557.4,935,7,18.5,15122
2558.4,928,12,22.0,15177
2559.4,928,17,21.3,15333
2560.5,935,47,21.5,15240
2561.5,935,0,22.8,15351
2562.5,935,3,21.1,15392
2563.5,935,31,19.3,15120
2564.6,935,16,20.6,15423
2565.6,922,4,19.8,15175
2566.6,922,4,18.5,15306
2567.7,922,8,20.2,15417
2568.7,922,18,21.0,15387
2569.7,922,8,20.7,15381
2570.7,922,1,20.6,15460
2571.8,922,13,20.6,15439
2572.8,928,40,21.3,15429
2573.8,928,10,19.9,15280
2574.8,928,25,20.7,15486
2575.9,928,4,19.8,15502
2576.9,928,5,20.0,15552
2577.9,922,41,21.9,15499
2578.9,922,1,20.4,15508
2580.0,922,6,19.4,15564
2581.0,922,40,20.8,15417
2582.0,935,16,22.0,15601
2583.0,935,19,22.2,15711
2584.0,935,3,20.1,15652
2585.1,935,16,19.8,15654
2586.1,935,4,19.1,15656
2587.1,928,6,19.5,15682
2588.1,921,0,19.3,15647
2589.2,921,35,20.4,15576
2590.2,921,15,23.1,15700
2591.3,921,31,23.3,15672
2592.3,921,4,19.0,15585
2593.3,921,16,20.6,15716
2594.3,928,30,22.8,15768
2595.4,928,12,22.8,15845
2596.4,928,3,18.9,15856
2597.4,928,3,21.4,15822
2598.4,928,57,21.6,15787
2599.4,928,11,21.9,15661
2600.5,921,12,22.2,15794
2601.5,934,10,24.2,15942
2602.5,934,1,22.3,16001
2603.5,934,25,23.0,16034
2604.5,934,6,24.6,16150
2605.6,934,14,23.3,16208
2606.6,921,12,23.2,16246
2607.6,928,26,24.9,16307
2608.6,928,16,24.0,16301
2609.6,928,8,21.6,16283
2610.7,928,52,22.4,16456
2611.7,928,9,20.9,16491
2612.7,928,6,20.5,16592
2613.7,921,7,20.9,16563
2614.8,921,34,22.5,16731
2615.8,921,0,22.3,16790
2616.8,921,20,21.8,16846
2617.8,942,45,24.1,16977
2618.8,942,3,21.6,16949
2619.9,942,56,21.8,17088
2620.9,942,4,20.2,17171
2621.9,942,14,20.1,17252
2622.9,935,17,21.6,17320
2624.0,935,47,20.0,17403
2625.0,915,30,22.0,17444
2626.0,919,7,21.8,17480
2627.0,917,0,21.8,17587
2628.1,916,1,21.5,17613
2629.1,916,3,20.9,17612
2630.1,916,6,20.8,17734
2631.1,916,6,20.6,17754
2632.2,916,7,21.7,17887
2633.2,916,7,20.3,17912
2634.2,916,7,21.4,18031
2635.2,916,7,20.3,18015
2636.3,916,7,21.1,18072
2637.3,916,8,20.9,18190
2638.3,916,7,21.0,18304
2639.3,929,7,23.2,18365
2640.4,929,1,21.9,18478
2641.4,929,3,20.6,18375
2642.4,929,5,20.1,18553
2643.4,929,7,21.7,18577
2644.5,916,7,20.5,18612
2645.5,916,7,20.5,18797
2646.5,916,8,20.1,18842
2647.5,916,7,21.2,18828
2648.6,935,7,23.7,19053
2649.7,935,17,21.7,18954
2650.7,935,1,21.6,19109
2651.7,935,4,20.7,19125
2652.7,935,5,21.3,19239
2653.8,938,45,21.8,19301
2654.8,917,1,21.0,19379
2655.8,916,0,20.5,19299
2656.8,916,7,21.4,19517
2657.9,916,7,21.2,19468
2658.9,916,7,20.3,19518
2659.9,916,7,20.0,19695
2661.0,920,7,22.5,19726
2662.0,917,5,20.7,19784
2663.0,916,4,20.6,19936
2664.0,916,7,20.0,19935
2665.1,916,7,21.2,20076
2666.1,916,7,20.7,20143
2667.1,916,1,20.4,20229
2668.1,916,0,21.6,20319
2669.2,916,7,20.9,20255
2670.2,916,3,20.8,20197
2671.2,916,7,19.3,20098
2672.3,916,7,21.8,20099
2673.3,916,8,20.6,20083
2674.3,916,7,20.7,19977
2675.3,929,7,21.3,19997
2676.4,929,1,21.5,20001
2677.4,929,3,20.5,19959
2678.4,928,21,21.9,19877
2679.5,928,35,22.4,19910
2680.5,928,3,24.4,19887
2681.5,928,9,22.6,19827
2682.5,928,2,21.7,19844
2683.5,928,6,21.9,19830
2684.6,928,3,21.5,19866
2685.6,928,3,20.8,19919
2686.6,928,7,20.9,20003
2687.7,928,7,20.5,20047
2688.7,915,7,20.8,20130
2689.7,915,8,19.3,20231
2690.7,915,7,21.1,20232
2691.8,915,7,21.0,20327
2692.8,915,0,20.1,20380
2693.8,915,7,20.4,20437
2694.8,915,0,21.1,20535
2695.8,915,3,19.7,20545
2696.9,915,7,21.2,20614
2697.9,915,7,20.1,20674
2698.9,915,7,20.7,20771
2699.9,915,8,20.4,20829
2701.0,915,7,20.3,20896
2702.0,915,7,21.3,20969
2703.0,915,7,20.4,21017
2704.0,915,7,20.4,21071
2705.1,915,7,21.2,21133
2706.1,915,8,19.8,21212
2707.1,915,7,20.6,21293
2708.1,915,0,20.7,21357
2709.2,915,0,20.7,21419
2710.2,915,7,20.2,21492
2711.2,915,4,21.5,21564
2712.3,915,7,20.7,21595
2713.3,915,7,20.8,21660
2714.3,915,7,21.8,21743
2715.3,915,7,21.4,21844
2716.4,915,7,21.4,21923
2717.4,915,8,19.5,22015
2718.4,915,7,20.5,22058
2719.4,915,0,21.3,22115
2720.5,915,7,20.7,22211
2721.5,915,7,20.5,22218
2722.5,915,7,21.3,22330
2723.5,915,7,21.8,22378
2724.6,915,7,21.7,22439
2725.6,915,7,21.1,22439
2726.6,915,7,21.2,22492
2727.7,915,7,21.5,22458
2728.7,915,7,20.2,22394
2729.7,915,7,20.1,22495
2730.7,915,7,20.7,22565
2731.8,819,7,20.3,22630
2732.8,819,7,20.2,22672
2733.8,819,8,20.1,22759
2734.8,819,0,20.3,22856
2735.9,819,0,21.0,22905
2736.9,819,7,20.0,22998
2737.9,819,7,20.2,23001
2738.9,819,7,20.9,23045
2740.0,819,7,21.0,23115
2741.0,819,7,21.0,23188
2742.0,819,7,20.5,23238
2743.0,819,7,20.5,23305
2744.1,819,49,21.5,23431
2745.1,819,7,20.1,23442
2746.1,819,7,20.2,23522
2747.1,819,9,20.9,23583
2748.2,844,1,22.9,23669
2749.2,844,0,23.3,23662
2750.2,843,5,22.1,23781
2751.2,843,32,21.1,23878
2752.2,843,3,22.7,23948
2753.3,836,16,24.1,23910
2754.3,836,4,20.4,24058
2755.3,836,3,19.5,24087
2756.3,836,5,21.5,24146
2757.4,836,7,20.3,24220
2758.4,816,7,19.7,24281
2759.4,842,92,22.2,24327
2760.4,842,0,20.5,24397
2761.5,851,71,23.0,24500
2762.5,851,14,22.0,24559
2763.5,850,3,21.7,24573
2764.5,850,13,23.9,24669
2765.5,845,4,21.1,24722
2766.6,837,4,21.3,24802
2767.6,818,7,21.9,24855
2768.6,818,7,24.2,25031
2769.6,818,7,23.8,25170
2770.7,818,8,23.6,25106
2771.7,818,3,22.5,25230
2772.7,818,3,21.0,25313
2773.7,818,0,19.2,25366
2774.8,818,7,20.4,25426
2775.8,818,2,21.3,25486
2776.8,818,7,19.8,25566
2777.8,818,8,20.7,25569
2778.9,818,8,19.9,25627
2779.9,818,7,19.5,25717
2780.9,818,7,20.5,25696
2781.9,818,7,19.6,25761
2783.0,818,8,19.8,25867
2784.0,818,7,20.6,25809
2785.0,818,7,19.1,25837
2786.1,818,7,20.1,25995
2787.1,818,0,19.8,26077
2788.1,818,0,20.4,26121
2789.1,818,8,19.6,26123
2790.2,818,7,20.4,26043
2791.2,818,7,20.0,26047
2792.2,818,7,21.0,26118
2793.2,818,7,20.3,25996
2794.3,818,7,19.7,26116
2795.3,818,7,21.0,26239
2796.3,818,7,20.5,26294
2797.4,818,7,20.4,26188
2798.4,818,7,20.0,26361
2799.4,818,0,21.1,26418
2800.4,818,7,21.1,26501
2801.5,818,0,19.1,26518
2802.5,818,7,21.1,26622
2803.5,818,54,20.7,26638
2804.6,818,7,20.3,26760
2805.6,818,7,20.7,26765
2806.6,818,7,20.4,26896
2807.6,818,7,20.3,26840
2808.7,818,7,19.6,26942
2809.7,818,7,20.4,26851
2810.7,818,7,20.0,27053
2811.7,818,7,20.9,27122
2812.8,818,7,19.9,27185
2813.8,818,3,20.6,27243
2814.8,818,0,20.3,27330
2815.9,818,7,20.6,27455
2816.9,818,8,20.0,27453
2817.9,818,7,20.3,27438
2818.9,818,7,19.9,27447
2820.0,818,7,21.6,27494
2821.0,818,7,21.0,27562
2822.0,818,8,20.0,27575
2823.0,818,7,21.8,27595
2824.1,818,7,19.9,27653
2825.1,818,7,21.1,27490
2826.1,818,5,20.3,27710
2827.2,818,0,21.1,27712
2828.2,818,10,20.4,27735
2829.2,818,7,20.8,27861
2830.2,818,7,20.6,27914
2831.3,818,7,21.0,27919
2832.3,818,7,20.6,27937
2833.3,818,7,21.0,27824
2834.4,818,8,20.5,28043
2835.4,818,7,19.9,28079
2836.4,818,7,19.2,27994
2837.5,818,7,20.5,28147
2838.5,818,7,19.7,28104
2839.5,818,7,20.7,28271
2840.5,818,8,19.4,28332
2841.6,818,0,20.6,28385
2842.6,818,0,18.6,28361
2843.6,818,7,20.2,28251
2844.7,818,7,19.9,28194
2845.7,818,7,19.5,28280
2846.7,818,7,20.8,28081
2847.8,818,7,19.7,28204
2848.8,818,7,20.0,28160
2849.8,818,7,21.1,27992
2850.8,818,7,19.4,27963
2851.9,818,7,20.1,28015
2852.9,818,7,19.6,27945
2853.9,818,0,20.2,27969
2854.9,818,0,20.0,27915
2856.0,818,7,19.9,28020
2857.0,818,7,19.7,28147
2858.0,818,7,20.6,28197
2859.0,818,7,20.7,28208
2860.1,818,7,18.8,28299
2861.1,818,7,19.7,28344
2862.1,818,7,20.3,28406
2863.1,818,7,19.5,28450
2864.2,818,46,19.3,28478
2865.2,818,7,19.8,28407
2866.2,818,6,19.4,28374
2867.2,818,8,18.0,28201
2868.3,818,11,19.9,28330
2869.3,818,8,20.4,28309
2870.3,818,7,20.9,28238
2871.4,818,8,18.8,28215
2872.4,818,7,18.5,28304
2873.4,818,7,18.7,28331
2874.5,844,18,21.2,28385
2875.5,844,2,20.7,28396
2876.5,844,3,19.7,28447
2877.5,844,4,18.1,28472
2878.5,844,7,19.8,28414
2879.6,844,14,21.4,28476
2880.6,818,0,19.7,28614
2881.6,818,0,20.1,28657
2882.7,818,0,20.7,28756
2883.7,817,8,19.2,28694
2884.7,817,7,20.8,28717
2885.8,817,7,19.0,28696
2886.8,817,7,20.8,28615
2887.8,817,7,20.9,28474
2888.8,817,7,20.4,28538
2889.9,817,7,19.0,28506
2890.9,817,7,20.6,28447
2891.9,817,7,19.7,28424
2892.9,817,7,19.5,28387
2894.0,817,7,19.9,28322
2895.0,817,7,18.8,28239
2896.0,817,9,20.1,28238
2897.1,817,0,21.0,28226
2898.1,817,0,19.9,28179
2899.1,817,0,21.0,28097
2900.1,817,0,20.1,28044
2901.2,817,0,19.9,28014
2902.2,817,0,21.5,27973
2903.2,817,0,20.8,28182
2904.2,817,7,20.0,28202
2905.3,817,8,30.8,28232
2906.3,817,8,20.2,28353
2907.3,817,8,19.7,28413
2908.3,817,0,20.3,28490
2909.4,817,9,19.6,28400
2910.4,817,8,21.4,28377
2911.4,817,0,19.7,28318
2912.4,817,0,19.8,28233
2913.5,817,0,20.7,28204
2914.5,817,8,20.1,28112
2915.5,817,7,19.3,28131
2916.6,817,8,29.7,27619
2917.6,817,7,26.9,27489
2918.6,817,7,26.3,27101
2919.6,817,7,29.6,27019
2920.7,817,7,28.4,27133
2921.7,817,7,39.3,27106
2922.7,817,0,33.4,27118
2923.8,795,27,30.1,27222
2924.8,795,19,21.4,27173
2925.8,795,7,24.0,27243
2926.8,795,15,21.6,27374
2927.9,795,7,20.2,27447
2928.9,795,0,19.0,27481
2929.9,795,7,20.6,27532
2930.9,795,7,20.0,27564
2932.0,795,7,22.2,27747
2933.0,795,7,49.2,27749
2934.0,795,7,40.3,27803
2935.1,795,14,51.6,27842
2936.1,808,7,42.3,27868
2937.2,816,13,46.2,27964
2938.2,823,15,36.5,27904
2939.2,823,16,21.8,27921
2940.3,823,3,20.6,28003
2941.3,815,5,21.0,28048
2942.3,815,6,19.2,28084
2943.3,815,8,21.1,28153
2944.3,796,7,20.5,28163
2945.4,796,7,19.9,28194
2946.4,796,0,20.9,28347
2947.5,796,7,19.6,28391
2948.5,796,0,21.3,28478
2949.5,796,7,21.3,28384
2950.6,796,7,19.6,28445
2951.6,796,7,19.8,28667
2952.6,796,7,20.4,28680
2953.6,796,7,21.4,28726
2954.7,796,7,20.3,28790
2955.7,796,7,20.1,28845
2956.7,796,7,20.9,28883
2957.7,796,7,19.9,28873
2958.8,796,7,20.0,28981
2959.8,796,7,19.8,29061
2960.8,796,0,19.3,29109
2961.8,796,0,21.5,29139
2962.9,796,3,20.5,29223
2963.9,796,7,20.1,29257
2964.9,796,7,19.9,29312
2966.0,796,7,20.2,29378
2967.0,796,7,19.9,29334
2968.0,796,7,18.6,29455
2969.1,796,7,21.7,29576
2970.1,770,7,21.5,29503
2971.1,734,7,22.7,29502
2972.1,734,7,21.0,29476
2973.2,734,3,20.5,29568
2974.2,734,7,22.5,29641
2975.2,734,0,20.7,29723
2976.3,753,3,22.2,29750
2977.3,753,17,23.2,29869
2978.3,753,1,20.9,29898
2979.3,753,3,19.9,29931
2980.4,753,4,21.2,29964
2981.4,753,5,20.1,30004
2982.4,734,7,22.0,30106
2983.4,734,27,21.3,30037
2984.5,734,7,20.0,30158
2985.5,734,4,22.6,30148
2986.5,734,7,20.8,30187
2987.5,734,12,19.7,30345
2988.6,734,7,21.0,30339
2989.6,734,7,19.7,30350
2990.6,734,7,19.8,30454
2991.6,734,7,19.9,30459
2992.7,734,7,21.4,30533
2993.7,734,7,20.9,30651
2994.8,734,7,21.6,30673
2995.8,734,7,20.7,30708
2996.8,734,8,24.0,30754
2997.9,734,14,24.6,30812
2999.0,734,7,49.4,30825
3000.1,734,0,75.8,30841
3001.5,734,0,74.0,30826
3002.8,734,0,76.4,30847
3005.1,734,0,74.1,30834
3007.5,734,0,88.7,30850
3013.6,734,0,87.1,30136
3018.5,734,7,25.8,9540
3019.5,734,7,21.5,5558
3020.6,734,7,27.2,5682
3021.6,734,7,36.9,5736
3022.6,734,7,17.2,5678
3023.6,734,7,31.4,5691
3024.7,734,7,30.5,5679
3025.7,734,7,16.8,5701
3026.7,734,8,32.3,5717
3027.8,734,7,16.3,5714
3028.8,734,8,31.0,5674
3029.8,734,0,16.0,5706
3030.8,734,7,33.0,5714
3031.9,734,7,17.3,5762
3032.9,761,97,36.5,5908
3033.9,761,1,20.5,5855
3034.9,761,3,14.7,5719
3036.0,761,4,12.3,5659
3037.0,761,5,12.3,5650
3038.0,753,6,12.6,5561
3039.0,734,7,11.7,5575
3040.1,734,7,13.4,5539
3041.1,734,7,12.9,5561
3042.1,734,0,13.3,5594
3043.1,734,0,14.3,5749
3044.2,879,42,12.2,5756
3045.2,879,29,12.7,5799
3046.2,879,7,12.3,5818
3047.3,879,7,12.6,5855
3048.3,879,8,12.3,5849
3049.3,879,8,13.8,5829
3050.3,879,8,12.8,5868
3051.4,879,7,12.2,5876
3052.4,879,7,12.4,5886
3053.4,879,7,13.0,5858
3054.4,879,11,12.4,5848
3055.5,885,7,12.5,5848
3056.6,885,8,13.3,5842
3057.6,885,14,13.6,5893
3058.6,885,10,13.6,5871
3059.6,904,16,14.5,5941
3060.6,904,1,12.7,5917
3061.7,904,3,14.4,5881
3062.7,904,1,11.9,5867
3063.7,904,1,12.5,5861
3064.7,904,5,13.5,5867
3065.8,898,8,12.3,5841
3066.8,878,7,13.2,5835
3067.8,878,0,12.6,5849
3068.9,878,10,12.1,5841
3069.9,878,0,13.3,5826
3070.9,900,7,12.6,5873
3071.9,906,1,13.5,5913
3073.0,906,16,13.3,5870
3074.0,906,2,11.8,5877
3075.0,906,4,13.4,5897
3076.0,898,5,13.4,5892
3077.0,898,7,12.7,5881
3078.1,885,7,13.0,5891
3079.1,885,7,12.6,5938
3080.1,885,7,11.8,5913
3081.2,879,8,12.4,5939
3082.2,879,7,12.8,5922
3083.2,879,0,12.4,5929
3084.2,879,7,13.4,5868
3085.2,879,7,12.8,5867
3086.3,879,7,12.4,5859
3087.3,879,8,12.2,5895
3088.3,879,7,12.2,5884
3089.4,879,7,11.8,5898
3090.4,879,7,12.6,5895
3091.4,879,7,12.0,5913
3092.4,879,7,12.5,5898
3093.5,879,7,13.5,5893
3094.5,879,0,12.5,5893
3095.5,879,7,12.7,5906
3096.5,879,0,11.8,5886
3097.6,879,6,13.0,5910
3098.6,879,7,12.7,5921
3099.6,879,7,12.9,5921
3100.6,879,7,11.8,5921
3101.7,879,7,12.6,5902
3102.7,879,7,13.3,5915
3103.7,879,52,12.8,5949
3104.8,879,7,12.9,5914
3105.8,879,8,12.4,5915
3106.8,879,7,11.9,5950
3107.8,879,7,12.2,5939
3108.9,879,7,12.6,5916
3109.9,879,0,11.9,5928
3110.9,879,2,13.8,5942
3111.9,879,7,12.0,5975
3113.0,879,7,12.4,5957
3114.0,879,7,11.5,5950
3115.0,879,7,12.8,5958
3116.0,879,7,12.0,5950
3117.1,879,7,12.6,5974
3118.1,879,7,12.5,5950
3119.1,879,7,13.7,5943
3120.1,879,7,14.0,5941
3121.2,879,0,12.1,5927
3122.2,879,0,12.5,5952
3123.2,879,8,11.9,5929
3124.2,879,7,12.3,5939
3125.3,879,7,12.6,5937
3126.3,879,7,12.3,5943
3127.3,879,7,12.0,5945
3128.4,879,8,13.6,5963
3129.4,879,7,12.9,5949
3130.4,879,7,13.1,5939
3131.4,879,8,12.4,5917
3132.5,879,7,13.0,5914
3133.5,879,6,12.6,5934
3134.5,879,7,12.2,5945
3135.6,879,10,12.8,5940
3136.6,879,0,12.0,5947
3137.6,879,7,12.6,5960
3138.6,879,7,12.5,5961
3139.7,879,7,12.1,5944
3140.7,879,7,12.1,5934
3141.7,879,7,12.8,5948
3142.7,879,7,12.1,5955
3143.8,879,7,13.0,5929
3144.8,879,7,11.7,5937
3145.8,879,7,12.7,5907
3146.8,879,7,14.3,5922
3147.9,902,93,13.9,5967
3148.9,962,0,13.1,5977
3149.9,960,42,13.1,5984
3150.9,960,8,12.9,5968
3151.9,960,0,12.9,6017
3153.0,945,14,13.2,6024
3154.0,945,51,12.4,6059
3155.0,945,14,12.8,6038
3156.1,945,14,13.4,5987
3157.1,945,28,12.7,6000
3158.1,945,0,13.2,6001
3159.2,954,14,12.9,6016
3160.2,954,1,12.8,6024
3161.2,935,3,15.8,6090
3162.2,917,20,15.1,6138
3163.3,917,0,12.1,6179
3164.3,917,0,13.3,6184
3165.3,913,0,12.3,6208
3166.3,909,0,12.4,6216
3167.3,909,0,12.3,6203
3168.4,909,0,13.4,6194
3169.4,909,0,11.5,6174
3170.4,909,0,13.0,6200
3171.5,909,0,12.6,6208
3172.5,909,0,13.3,6224
3173.5,909,0,13.4,6206
3174.5,909,8,13.1,6212
3175.6,909,7,12.0,6214
3176.6,909,7,12.5,6195
3177.6,909,7,13.6,6196
3178.6,909,7,11.7,6199
3179.7,909,7,12.1,6193
3180.7,909,7,12.5,6213
3181.7,909,7,11.7,6205
3182.7,909,7,12.4,6195
3183.8,909,7,12.3,6190
3184.8,909,0,13.0,6224
3185.8,909,0,13.0,6217
3186.8,909,2,12.9,6222
3187.9,909,7,13.3,6241
3188.9,909,7,14.4,6254
3189.9,909,0,13.4,6225
3190.9,909,7,13.2,6250
3192.0,909,7,12.3,6219
3193.0,909,7,12.3,6213
3194.0,909,7,12.5,6227
3195.0,909,7,12.8,6237
3196.1,909,7,12.9,6228
3197.1,909,7,12.5,6255
3198.1,909,7,12.8,6217
3199.1,909,0,12.7,6235
3200.2,909,0,12.1,6244
3201.2,909,0,12.3,6187
3202.2,909,0,12.4,6201
3203.3,909,8,11.4,6220
3204.3,909,7,12.0,6232
3205.3,909,7,12.8,6227
3206.3,909,7,12.0,6256
3207.4,909,7,13.5,6239
3208.4,909,7,12.3,6255
3209.4,909,7,12.4,6279
3210.4,909,7,13.1,6310
3211.5,909,7,12.2,6289
3212.5,909,0,11.7,6318
3213.5,909,0,12.8,6307
3214.5,909,7,12.2,6316
3215.6,909,10,11.9,6310
3216.6,909,7,12.8,6283
3217.6,909,7,11.3,6266
3218.7,909,7,13.3,6261
3219.7,909,7,12.0,6260
3220.7,909,7,12.3,6289
3221.7,909,7,13.0,6299
3222.8,909,7,13.6,6325
3223.8,903,8,12.2,6287
3224.8,903,8,12.6,6300
3225.8,903,7,11.8,6286
3226.9,903,0,13.0,6317
3227.9,903,4,12.9,6328
3228.9,903,0,12.9,6353
3229.9,903,4,12.5,6357
3231.0,903,7,12.0,6342
3232.0,903,7,13.0,6317
3233.0,903,7,12.0,6330
3234.1,903,7,13.4,6328
3235.1,903,7,12.2,6317
3236.1,903,7,13.1,6340
3237.1,903,7,11.8,6323
3238.2,903,7,12.3,6348
3239.2,903,7,11.9,6365
3240.2,903,7,12.4,6341
3241.3,903,0,13.4,6322
3242.3,903,7,11.8,6323
3243.3,903,0,12.6,6337
3244.3,903,7,13.2,6350
3245.4,903,6,13.2,6341
3246.4,903,7,12.7,6389
3247.4,903,7,12.0,6387
3248.4,903,7,12.8,6374
3249.5,903,7,12.0,6371
3250.5,903,7,12.5,6356
3251.5,903,7,11.5,6350
3252.5,903,7,11.7,6348
3253.6,903,7,13.3,6315
3254.6,903,0,12.7,6336
3255.6,903,0,12.7,6351
3256.6,903,7,12.1,6376
3257.7,903,7,11.4,6341
3258.7,903,7,13.2,6338
3259.7,903,7,12.2,6377
3260.8,903,7,12.6,6391
3261.8,903,7,13.1,6369
3262.8,903,7,12.0,6375
3263.8,903,7,12.5,6387
3264.9,903,7,13.2,6399
3265.9,903,7,11.8,6405
3266.9,903,7,12.1,6366
3267.9,903,8,12.9,6340
3269.0,903,0,12.4,6348
3270.0,903,7,13.2,6366
3271.0,903,7,12.8,6383
3272.0,903,7,13.0,6394
3273.1,903,7,11.9,6422
3274.1,903,7,11.9,6399
3275.1,903,7,13.2,6400
3276.2,903,7,11.7,6404
3277.2,903,7,11.7,6379
3278.2,903,7,12.6,6404
3279.2,903,7,12.4,6392
3280.3,903,7,12.6,6400
3281.3,903,7,12.3,6435
3282.3,903,0,12.9,6424
3283.3,903,0,12.8,6404
3284.4,903,4,12.5,6405
3285.4,903,7,13.1,6356
3286.4,903,7,13.2,6388
3287.4,903,7,12.9,6370
3288.5,903,7,12.6,6357
3289.5,903,7,13.5,6384
3290.5,903,7,12.5,6365
3291.6,903,7,12.5,6369
3292.6,903,7,12.9,6393
3293.6,903,5,11.9,6406
3294.6,903,7,12.7,6389
3295.6,903,7,13.1,6393
3296.7,903,7,12.0,6403
3297.7,903,7,12.6,6404
3298.7,903,7,12.4,6424
3299.8,903,7,12.7,6407
3300.8,903,7,13.1,6401
3301.8,903,7,12.7,6422
3302.8,903,7,12.0,6436
3303.9,903,7,13.1,6439
3304.9,903,7,12.4,6428
3305.9,903,5,13.1,6442
3307.0,903,7,13.5,6408
3308.0,903,10,13.1,6446
3309.0,903,0,13.2,6453
3310.0,903,7,13.0,6436
3311.1,903,0,12.4,6428
3312.1,903,0,12.4,6419
3313.1,903,7,13.3,6465
3314.1,903,7,11.9,6481
3315.2,903,7,12.9,6464
3316.2,903,7,13.2,6463
3317.2,903,7,12.9,6472
3318.2,903,7,13.0,6494
3319.3,903,5,12.5,6477
3320.3,903,0,12.6,6478
3321.3,903,7,13.0,6464
3322.3,903,7,12.9,6419
3323.4,903,6,12.4,6423
3324.4,903,7,12.4,6449
3325.4,903,0,13.2,6474
3326.5,903,0,11.9,6455
3327.5,903,7,12.2,6467
3328.5,903,7,12.9,6499
3329.5,903,7,12.2,6460
3330.6,903,7,12.6,6462
3331.6,903,7,13.4,6450
3332.6,903,7,12.9,6485
3333.6,903,7,11.5,6467
3334.7,903,8,12.8,6474
3335.7,903,0,12.3,6499
3336.7,903,7,12.4,6481
3337.7,903,7,12.3,6473
3338.8,903,0,13.5,6515
3339.8,903,0,12.5,6511
3340.8,903,7,11.8,6522
3341.8,903,7,13.2,6544
3342.9,903,7,12.8,6502
3343.9,903,8,13.3,6501
3344.9,903,7,12.8,6460
3346.0,903,7,12.7,6482
3347.0,903,5,12.2,6515
3348.0,903,7,13.8,6439
3349.0,903,8,12.7,6452
3350.1,903,1,13.1,6434
3351.1,903,7,12.4,6456
3352.1,903,7,13.3,6460
3353.2,903,0,11.6,6452
3354.2,903,0,13.2,6451
3355.2,903,7,12.2,6439
3356.2,903,7,12.2,6461
3357.3,903,7,12.8,6476
3358.3,903,7,11.9,6519
3359.3,903,7,13.1,6497
3360.3,903,7,12.9,6441
3361.4,903,0,12.7,6457
3362.4,903,0,12.8,6457
3363.4,903,7,12.4,6474
3364.5,903,7,12.2,6459
3365.5,903,7,12.4,6469
3366.5,903,7,12.3,6477
3367.5,903,0,11.8,6474
3368.6,903,7,13.1,6480
3369.6,903,7,12.4,6477
3370.6,903,7,12.3,6482
3371.6,903,7,13.1,6509
3372.7,903,7,12.1,6485
3373.7,903,7,12.4,6506
3374.7,903,0,12.2,6514
3375.7,903,0,11.5,6525
3376.8,903,5,13.0,6519
3377.8,903,7,12.5,6519
3378.8,903,7,11.8,6512
3379.8,903,7,13.4,6503
3380.9,903,0,11.7,6516
3381.9,903,0,12.2,6499
3382.9,903,7,12.1,6492
3383.9,903,7,11.6,6498
3385.0,903,7,13.4,6495
3386.0,903,7,11.5,6514
3387.0,903,5,12.2,6509
3388.0,903,0,12.8,6525
3389.1,903,0,12.8,6523
3390.1,903,7,13.0,6547
3391.1,903,7,12.9,6531
3392.2,903,7,12.4,6503
3393.2,903,7,12.7,6492
3394.2,903,7,12.0,6491
3395.2,903,0,12.7,6504
3396.3,903,0,13.6,6492
3397.3,903,7,12.4,6522
3398.3,903,7,12.7,6536
3399.3,903,7,12.9,6569
3400.4,903,7,12.6,6548
3401.4,903,0,13.1,6505
3402.4,903,0,12.5,6530
3403.5,903,0,12.2,6513
3404.5,903,8,12.7,6557
3405.5,903,7,12.5,6555
3406.5,903,7,12.6,6569
3407.6,903,7,12.6,6565
3408.6,903,0,12.1,6574
3409.6,903,0,13.2,6558
3410.6,903,7,12.8,6554
3411.7,903,7,12.3,6551
3412.7,903,7,12.5,6560
3413.7,903,7,12.8,6566
3414.7,903,3,12.7,6557
3415.8,903,7,12.9,6563
3416.8,903,7,12.4,6598
3417.8,903,1,12.0,6591
3418.8,903,7,13.0,6601
3419.9,903,7,13.4,6602
3420.9,903,7,14.3,6605
3421.9,903,7,14.3,6597
3423.0,903,0,13.8,6587
3424.0,903,0,12.7,6577
3425.0,903,7,12.5,6572
3426.0,903,7,13.1,6563
3427.1,903,7,12.9,6564
3428.1,903,7,12.9,6526
3429.1,903,0,13.1,6569
3430.1,903,0,12.9,6571
3431.2,903,7,12.8,6573
3432.2,903,7,12.2,6593
3433.2,903,7,13.0,6619
3434.2,903,7,12.5,6585
3435.3,903,7,13.1,6600
3436.3,903,7,12.5,6586
3437.3,903,7,13.7,6572
3438.3,903,7,12.3,6583
3439.4,903,7,12.8,6584
3440.4,903,7,12.2,6547
3441.4,903,7,13.3,6559
3442.4,903,0,12.9,6586
3443.5,903,7,14.0,6574
3444.5,903,7,13.8,6593
3445.5,903,7,14.2,6603
3446.5,903,7,14.4,6608
3447.6,903,7,14.6,6602
3448.6,903,7,14.0,6615
3449.6,903,7,14.1,6592
3450.7,903,7,14.2,6569
3451.7,903,7,14.1,6564
3452.7,903,7,14.5,6566
3453.7,903,7,14.4,6570
3454.8,903,10,14.3,6597
3455.8,903,0,13.9,6595
3456.8,903,7,14.2,6587
3457.8,903,7,13.7,6611
3458.9,903,7,14.2,6590
3459.9,903,7,14.1,6618
3460.9,903,7,14.2,6653
3462.0,903,7,13.8,6665
3463.0,903,7,13.9,6668
3464.0,903,8,14.3,6664
3465.0,903,7,13.4,6653
3466.1,903,7,14.3,6644
3467.1,903,0,13.8,6645
3468.1,903,0,14.2,6638
3469.1,903,7,13.8,6637
3470.2,903,7,13.3,6667
3471.2,903,7,13.4,6661
3472.2,903,7,12.9,6657
3473.2,903,7,13.8,6690
3474.3,903,7,13.3,6700
3475.3,903,7,13.2,6678
3476.3,903,7,13.1,6716
3477.3,903,7,12.6,6698
3478.4,903,7,12.1,6724
3479.4,903,7,12.3,6733
3480.4,903,7,13.3,6691
3481.5,903,7,12.5,6686
3482.5,903,0,12.8,6680
3483.5,903,0,12.4,6680
3484.5,903,7,12.3,6676
3485.6,903,7,12.7,6684
3486.6,903,7,13.0,6695
3487.6,903,7,12.2,6680
3488.6,903,7,12.1,6699
3489.7,903,7,12.3,6720
3490.7,903,7,12.3,6731
3491.7,903,7,12.5,6759
3492.7,903,6,11.8,6727
3493.8,903,7,12.2,6738
3494.8,903,0,11.9,6757
3495.8,903,7,11.9,6799
3496.8,903,7,13.0,6790
3497.9,903,7,11.6,6786
3498.9,903,7,12.3,6794
3499.9,903,7,12.1,6782
3501.0,903,7,11.9,6780
3502.0,903,7,12.6,6771
3503.0,903,7,13.5,6782
3504.0,903,7,12.7,6767
3505.1,903,7,12.8,6747
3506.1,903,7,12.5,6733
3507.1,903,0,11.9,6757
3508.1,903,7,13.0,6780
3509.2,903,7,12.8,6760
3510.2,903,7,11.9,6761
3511.2,903,4,12.5,6737
3512.2,903,7,13.5,6750
3513.3,903,7,12.7,6750
3514.3,903,7,11.8,6741
3515.3,903,7,12.5,6748
3516.4,903,7,13.0,6757
3517.4,903,7,12.2,6728
3518.4,903,7,11.9,6741
3519.4,903,7,12.8,6755
3520.5,903,7,13.2,6763
3521.5,903,0,12.4,6724
3522.5,903,7,12.0,6722
3523.5,903,0,12.2,6743
3524.6,903,8,12.7,6755
3525.6,903,7,12.6,6786
3526.6,903,7,11.7,6756
3527.6,903,7,13.0,6757
3528.7,903,7,11.7,6776
3529.7,903,7,13.3,6794
3530.7,903,7,12.2,6797
3531.7,903,7,11.7,6785
3532.8,903,6,12.8,6781
3533.8,903,7,12.7,6763
3534.8,903,7,12.1,6752
3535.8,903,5,12.0,6757
3536.9,903,7,12.6,6765
3537.9,903,7,12.4,6753
3538.9,903,7,12.0,6749
3539.9,903,7,11.6,6764
3541.0,903,7,11.7,6793
3542.0,903,7,12.4,6773
3543.0,903,7,12.4,6772
3544.0,903,7,12.2,6774
3545.1,903,7,12.1,6750
3546.1,903,7,11.7,6722
3547.1,903,7,11.7,6752
3548.2,903,0,12.5,6758
3549.2,903,7,11.1,6768
3550.2,903,0,12.2,6798
3551.2,903,7,12.5,6806
3552.3,903,7,11.9,6809
3553.3,903,7,13.1,6799
3554.3,903,7,12.4,6802
3555.3,903,7,12.1,6811
3556.4,903,7,12.4,6817
3557.4,903,7,12.5,6813
3558.4,903,7,11.9,6825
3559.5,903,7,12.6,6812
3560.5,903,7,12.5,6833
3561.5,903,5,12.1,6814
3562.5,903,0,12.3,6792
3563.6,903,7,12.6,6816
3564.6,903,0,14.4,6827
3565.6,903,0,13.4,6838
3566.6,903,0,11.4,6808
3567.7,903,0,12.9,6786
3568.7,903,7,12.7,6791
3569.7,903,7,12.4,6823
3570.8,903,7,12.1,6849
3571.8,903,7,12.5,6845
3572.8,903,8,12.4,6849
3573.8,903,2,13.1,6859
3574.9,903,0,12.6,6833
3575.9,903,3,12.6,6847
3576.9,903,3,11.6,6835
3577.9,903,7,11.9,6842
3579.0,903,7,11.9,6837
3580.0,903,7,12.6,6809
3581.0,903,7,12.0,6798
3582.1,903,7,12.6,6828
3583.1,903,0,12.2,6839
3584.1,903,7,12.9,6809
3585.1,903,7,12.6,6850
3586.2,903,7,12.3,6874
3587.2,903,7,12.6,6845
3588.2,903,0,12.9,6860
3589.2,903,7,12.5,6872
3590.3,903,10,13.0,6855
3591.3,903,14,13.3,6887
3592.3,903,7,13.2,6912
3593.3,903,7,12.5,6904
3594.4,903,7,13.6,6894
3595.4,903,7,12.1,6881
3596.4,903,7,12.5,6881
3597.5,903,7,12.7,6902
3598.5,903,0,11.6,6902
3599.5,903,7,12.3,6911
3600.5,903,7,12.7,6893
3601.6,903,0,12.7,6886
3602.6,903,8,12.5,6869
3603.6,903,0,12.7,6875
3604.6,903,6,12.7,6866
3605.7,903,6,13.3,6830
3606.7,903,7,13.0,6849
3607.7,903,7,21.9,6987
3608.7,903,7,16.1,7272
3609.8,904,7,20.4,7455
3610.8,904,7,20.8,7515
3611.8,904,0,20.5,7512
3612.8,904,0,20.1,7487
3613.9,904,8,19.7,7526
3614.9,904,7,19.9,7518
3615.9,904,0,19.2,7541
3617.0,904,7,19.4,7526
3618.0,904,7,20.3,7528
3619.0,904,7,19.8,7542
3620.0,904,7,19.7,7508
3621.0,904,7,20.2,7498
3622.1,904,7,20.1,7481
3623.1,904,7,19.3,7514
3624.1,904,7,20.0,7543
3625.1,904,0,19.4,7592
3626.2,904,7,20.2,7574
3627.2,904,7,20.3,7585
3628.2,904,7,20.0,7593
3629.2,821,8,20.5,7597
3630.3,800,3,20.3,7561
3631.3,800,6,19.0,7599
3632.3,699,6,19.7,7676
3633.4,699,7,19.3,7709
3634.4,699,7,20.0,7680
3635.4,699,7,20.0,7686
3636.4,699,7,19.2,7667
3637.5,699,7,20.5,7685
3638.5,699,7,20.5,7700
3639.5,699,0,20.3,7723
3640.5,699,2,19.4,7722
3641.6,699,6,20.3,7708
3642.6,699,6,19.8,7721
3643.6,699,2,19.8,7686
3644.6,699,7,20.4,7684
3645.7,699,10,19.2,7677
3646.7,699,11,21.1,7698
3647.7,699,10,18.8,7698
3648.7,699,11,20.5,7671
3649.8,699,7,19.9,7646
3650.8,699,7,20.2,7702
3651.8,699,9,21.3,7695
3652.9,699,0,19.2,7697
3653.9,699,7,20.4,7683
3654.9,699,7,20.6,7678
3655.9,699,7,20.1,7698
3657.0,699,7,20.1,7678
3658.0,699,7,19.7,7710
3659.0,699,7,19.7,7702
3660.0,699,14,19.5,7675
3661.1,699,14,20.3,7677
3662.1,699,14,18.7,7701
3663.1,699,14,20.4,7736
3664.2,699,15,20.3,7750
3665.2,699,15,21.9,7761
3666.2,699,14,20.0,7751
3667.2,699,0,20.6,7738
3668.3,699,7,21.2,7705
3669.3,699,5,20.8,7712
3670.3,699,7,21.4,7708
3671.3,699,7,20.2,7677
3672.4,699,7,20.1,7680
3673.4,699,7,21.1,7737
3674.4,699,7,21.6,7699
3675.4,699,7,19.3,7768
3676.5,699,14,22.2,7775
3677.5,699,15,22.2,7753
3678.5,699,15,20.8,7735
3679.6,699,15,20.3,7734
3680.6,699,9,21.6,7722
3681.6,699,11,20.6,7731
3682.6,699,7,21.3,7760
3683.7,699,7,20.5,7714
3684.7,699,7,20.6,7688
3685.7,699,7,20.8,7708
3686.7,699,7,21.5,7699
3687.8,699,7,21.0,7688
3688.8,699,7,20.4,7659
3689.8,699,14,20.7,7656
3690.8,699,14,20.9,7675
3691.9,699,15,20.4,7709
3692.9,699,15,21.1,7709
3693.9,699,15,21.8,7699
3694.9,699,7,21.0,7736
3696.0,699,7,21.9,7729
3697.0,699,7,21.8,7723
3698.0,699,7,20.6,7702
3699.0,699,7,21.0,7700
3700.1,699,7,20.9,7709
3701.1,699,7,21.0,7660
3702.1,699,7,22.2,7465
3703.2,699,7,21.5,7523
3704.2,699,7,21.0,7662
3705.2,699,14,21.5,7495
3706.2,699,14,21.2,7645
3707.3,698,14,25.0,7698
3708.3,755,0,23.4,7581
3709.3,755,0,23.7,7823
3710.3,755,0,21.8,7823
3711.4,744,13,22.5,7874
3712.4,871,100,29.5,7936
3713.4,871,3,22.7,7909
3714.4,871,21,22.3,7952
3715.4,871,5,21.1,7785
3716.5,871,3,21.9,7935
3717.5,871,12,25.0,8107
3718.5,871,15,23.2,8179
3719.6,871,19,23.7,8197
3720.6,889,68,24.5,8132
3721.7,889,11,22.7,8171
3722.7,904,12,22.6,8189
3723.7,898,4,22.1,8217
3724.7,898,33,22.6,8227
3725.8,956,31,22.4,8095
3726.8,956,0,15.7,8187
3727.8,1137,9,27.0,8261
3728.9,1137,9,22.8,8321
3729.9,1137,2,21.0,8273
3730.9,1137,12,21.3,8259
3731.9,1139,11,20.7,8290
3732.9,1077,1,22.0,8321
3734.0,1077,4,22.0,8298
3735.0,1077,9,20.7,8323
3736.0,1077,9,20.3,8336
3737.0,1077,9,20.6,8306
3738.1,1078,1,22.8,8338
3739.1,1020,2,21.3,8301
3740.1,1020,5,20.5,8281
3741.1,1020,6,20.9,8323
3742.2,1020,9,22.1,8274
3743.2,1020,12,21.0,8272
3744.2,1020,10,22.1,8308
3745.2,1020,10,19.7,8292
3746.3,1020,9,20.5,8333
3747.3,1020,3,21.7,8303
3748.3,1020,6,22.0,8302
3749.4,1020,10,20.8,8287
3750.4,1020,9,19.8,8253
3751.4,1020,10,23.0,8337
3752.4,1020,9,22.1,8304
3753.5,1020,3,20.3,8257
3754.5,1020,9,21.2,8294
3755.5,1020,10,22.0,8299
3756.5,1020,10,20.8,8325
3757.6,1020,9,21.3,8316
3758.6,1020,12,21.6,8313
3759.6,1020,9,20.5,8299
3760.7,1020,9,21.1,8265
3761.7,1020,10,21.3,8322
3762.7,1020,9,20.7,8298
3763.8,1020,8,20.7,8299
3764.8,1020,29,20.2,8313
3765.8,1020,9,20.1,8307
3766.8,1020,2,20.2,8348
3767.9,1020,9,19.7,8333
3768.9,1020,9,19.1,8349
3769.9,1020,7,20.4,8359
3771.0,1020,9,20.5,8345
3772.0,1020,9,19.7,8370
3773.0,1020,9,20.2,8334
3774.0,1020,2,20.1,8316
3775.1,1020,2,20.8,8368
3776.1,1020,9,19.2,8370
3777.1,1020,7,19.3,8410
3778.1,1020,9,21.9,8394
3779.2,1020,10,20.4,8406
3780.2,1020,9,21.0,8427
3781.2,1020,3,19.3,8400
3782.3,1020,2,20.0,8435
3783.3,1020,9,19.5,8423
3784.3,1020,9,20.3,8420
3785.3,1020,2,20.4,8423
3786.4,1020,10,20.0,8423
3787.4,1020,12,20.1,8409
3788.4,1020,9,19.9,8465
3789.4,1020,7,20.9,8439
3790.5,1020,9,19.5,8407
3791.5,1020,9,19.2,8413
3792.5,1020,9,20.7,8431
3793.5,1020,9,19.9,8385
3794.6,1020,9,19.7,8399
3795.6,1020,3,19.4,8431
3796.6,1041,7,21.9,8492
3797.7,1041,76,19.7,8441
3798.7,1041,1,21.0,8409
3799.8,1041,1,19.7,8361
3800.8,1041,2,20.0,8366
3801.8,1041,8,19.1,8380
3802.9,1028,9,20.0,8405
3803.9,1028,9,20.8,8440
3804.9,1028,9,18.2,8278
3805.9,1028,7,19.2,8389
3807.0,1028,9,20.7,8386
3808.0,1028,9,20.2,8418
3809.0,1028,0,20.2,8416
3810.0,1028,9,20.1,8436
3811.1,1028,9,19.2,8406
3812.1,1028,9,19.5,8436
3813.1,1028,10,20.1,8416
3814.2,1028,2,18.8,8409
3815.2,1028,3,20.0,8444
3816.2,1028,7,20.5,8433
3817.2,1028,9,20.9,8415
3818.3,1028,11,19.7,8442
3819.3,1028,9,19.4,8429
3820.3,1028,9,19.5,8405
3821.3,1028,10,19.1,8430
3822.4,1028,9,19.9,8438
3823.4,1028,2,19.7,8414
3824.4,1028,21,19.1,8414
3825.4,1028,7,19.4,8431
3826.5,1028,2,19.1,8453
3827.5,1028,9,19.5,8450
3828.5,1028,7,19.3,8448
3829.6,1028,10,19.8,8450
3830.6,1028,9,18.8,8450
3831.6,1028,9,19.7,8477
3832.6,1028,11,20.5,8474
3833.7,1028,9,19.1,8482
3834.7,1028,9,19.5,8494
3835.7,1028,7,21.9,8482
3836.8,1041,9,21.6,8469
3837.8,1055,60,23.1,8488
3838.8,1055,15,24.1,8504
3839.8,1055,3,19.9,8472
3840.8,1055,5,19.5,8445
3841.9,1055,2,19.2,8424
3842.9,1047,10,20.9,8381
3843.9,1028,14,20.2,8360
3844.9,1028,9,20.4,8400
3846.0,1028,11,19.7,8367
3847.0,1028,17,20.1,8404
3848.0,1028,11,19.8,8394
3849.0,1028,16,20.9,8374
3850.1,1028,17,19.6,8376
3851.1,1028,2,19.0,8371
3852.1,1054,91,20.8,8373
3853.1,1054,1,21.0,8403
3854.2,1054,1,20.4,8394
3855.2,1054,4,19.2,8422
3856.2,1054,6,20.2,8414
3857.2,1054,23,22.0,8460
3858.3,1041,1,19.8,8419
3859.3,1041,7,20.0,8403
3860.3,1041,12,20.6,8387
3861.3,1041,14,19.6,8396
3862.3,1028,18,20.4,8393
3863.4,1028,17,20.5,8402
3864.4,1028,17,20.7,8403
3865.4,1028,9,21.7,8413
3866.5,1028,10,20.4,8385
3867.5,1028,15,20.1,8392
3868.5,1028,13,21.8,8399
3869.5,1028,9,20.5,8426
3870.6,1028,9,20.5,8402
3871.6,1028,10,20.6,8459
3872.6,1028,9,20.7,8447
3873.6,1028,9,19.9,8467
3874.7,1028,16,20.9,8498
3875.7,1028,16,20.7,8494
3876.7,1028,17,21.4,8514
3877.8,1028,15,21.0,8524
3878.8,1028,16,21.1,8531
3879.8,1028,9,20.6,8519
3880.9,1028,17,21.5,8526
3881.9,1028,17,20.3,8507
3882.9,1028,16,22.0,8494
3883.9,1028,16,19.6,8497
3885.0,1028,17,21.1,8483
3886.0,1028,9,21.3,8490
3887.0,1124,42,23.2,8486
3888.0,1124,5,21.4,8510
3889.1,1126,20,21.3,8509
3890.1,1126,18,21.9,8518
3891.1,1124,28,21.9,8487
3892.1,1123,11,21.7,8508
3893.1,1124,36,21.2,8511
3894.2,1124,11,21.1,8483
3895.2,1124,12,22.5,8474
3896.2,1124,21,21.7,8486
3897.2,1124,25,22.2,8500
3898.3,1124,13,20.1,8490
3899.3,1124,16,21.6,8496
3900.3,1124,27,20.5,8501
3901.3,1124,49,21.8,8540
3902.4,1124,26,22.0,8530
3903.4,1124,52,20.9,8542
3904.4,1124,32,20.5,8549
3905.5,1124,46,22.0,8512
3906.5,1124,23,21.2,8537
3907.5,1124,27,20.5,8530
3908.5,1124,13,20.2,8546
3909.6,1124,26,20.9,8557
3910.6,1124,16,20.0,8534
3911.6,1124,28,21.7,8551
3912.6,1124,23,19.9,8530
3913.7,1124,39,21.0,8549
3914.7,1124,7,19.8,8548
3915.7,1124,5,20.7,8531
3916.7,1124,11,21.2,8517
3917.8,1129,14,20.9,8566
3918.8,1129,17,19.9,8552
3919.8,1128,15,19.6,8533
3920.8,1128,2,21.0,8521
3921.9,1124,10,20.3,8538
3922.9,1124,10,20.0,8515
3923.9,1124,12,19.9,8473
3924.9,1124,12,19.8,8513
3925.9,1124,7,19.4,8563
3927.0,1124,7,19.6,8554
3928.0,1124,9,20.5,8582
3929.0,1124,11,19.2,8556
3930.0,1124,10,20.1,8554
3931.1,1124,10,20.0,8578
3932.1,1124,9,19.8,8599
3933.1,1124,9,19.8,8590
3934.1,1124,2,20.2,8572
3935.2,1124,4,20.2,8584
3936.2,1124,5,20.0,8612
3937.2,1124,9,19.4,8564
3938.2,1124,9,20.3,8602
3939.3,1124,16,20.8,8578
3940.3,1124,16,20.4,8576
3941.3,1124,16,20.6,8601
3942.4,1124,17,20.5,8584
3943.4,1124,16,20.9,8598
3944.4,1124,36,20.1,8581
3945.4,1124,38,22.4,8560
3946.4,1124,33,20.2,8520
3947.5,1124,29,21.2,8581
3948.5,1124,14,21.0,8582
3949.5,1124,10,21.2,8578
3950.6,1124,7,22.3,8619
3951.6,1124,10,20.3,8630
3952.6,1124,9,20.9,8635
3953.6,1137,9,22.8,8670
3954.7,1137,2,21.2,8678
3955.7,1137,3,20.2,8664
3956.7,1137,8,21.5,8682
3957.7,1137,13,21.7,8655
3958.8,1124,20,20.8,8689
3959.8,1124,10,21.4,8700
3960.8,1124,16,21.7,8703
3961.8,1124,10,20.1,8714
3962.9,1124,9,20.8,8713
3963.9,1124,12,20.2,8747
3964.9,1124,10,20.4,8733
3966.0,1151,13,23.7,8811
3967.0,1151,2,20.9,8777
3968.0,1151,3,21.9,8735
3969.0,1151,5,19.4,8781
3970.1,1151,9,20.0,8787
3971.1,1149,17,20.5,8772
3972.1,1149,16,18.8,8723
3973.1,1124,17,21.2,8717
3974.2,1124,16,20.7,8752
3975.2,1124,14,19.6,8737
3976.2,1150,14,22.9,8777
3977.2,1150,1,20.3,8740
3978.2,1149,3,20.9,8757
3979.3,1155,33,22.4,8781
3980.3,1158,76,22.9,8721
3981.3,1157,21,22.9,8751
3982.3,1157,3,20.2,8777
3983.4,1157,14,21.3,8765
3984.4,1151,75,24.7,8827
3985.4,1151,17,23.5,8780
3986.5,1151,16,24.6,8799
3987.5,1151,34,21.0,8787
3988.5,1157,4,22.7,8768
3989.5,1157,14,21.0,8782
3990.6,1157,3,20.4,8794
3991.6,1150,6,21.1,8794
3992.6,1150,15,19.9,8792
3993.6,1149,28,21.5,8819
3994.6,1149,4,22.1,8799
3995.7,1149,4,20.5,8795
3996.7,1149,14,21.8,8807
3997.7,1149,16,20.3,8808
3998.7,1143,8,20.9,8797
3999.8,1124,9,20.4,8806
4000.8,1124,10,21.5,8808
4001.8,1124,14,21.6,8789
4002.9,1130,16,21.4,8793
4003.9,1130,45,20.3,8806
4004.9,1130,19,21.6,8817
4005.9,1130,43,22.8,8818
4007.0,1130,18,20.0,8802
4008.0,1143,3,21.8,8837
4009.0,1143,3,21.7,8804
4010.0,1143,5,20.5,8778
4011.1,1143,2,21.7,8733
4012.1,1143,2,20.7,8759
4013.1,1124,5,20.5,8752
4014.1,1124,2,21.3,8761
4015.2,1124,6,21.8,8792
4016.2,1124,9,20.6,8789
4017.2,1124,11,20.7,8793
4018.2,1124,9,20.5,8786
4019.3,1124,2,20.0,8760
4020.3,1124,9,20.2,8653
4021.3,1124,9,20.1,8716
4022.3,1124,17,20.0,8744
4023.4,1124,10,20.8,8748
4024.4,1124,16,20.6,8690
4025.4,1124,10,20.4,8716
4026.5,1124,0,22.0,8683
4027.5,1124,9,22.1,8694
4028.5,1130,9,20.2,8742
4029.5,1130,9,21.0,8736
4030.6,1130,9,21.1,8788
4031.6,1130,9,20.9,8791
4032.6,1130,21,22.8,8809
4033.6,1137,78,22.6,8799
4034.7,1137,6,20.8,8771
4035.7,1137,4,21.7,8769
4036.7,1137,5,21.1,8799
4037.7,1137,8,19.9,8795
4038.8,1130,9,20.3,8635
4039.8,1130,7,20.2,8685
4040.8,1130,9,20.6,8714
4041.8,1124,2,19.9,8750
4042.9,1124,7,20.6,8773
4043.9,1124,9,20.3,8814
4044.9,1124,9,20.5,8811
4045.9,1124,9,21.0,8773
4047.0,1130,10,22.5,8847
4048.0,1130,0,20.7,8801
4049.0,1130,16,23.2,8900
4050.0,1130,4,21.9,8855
4051.1,1143,5,20.5,8723
4052.1,1143,1,21.8,8768
4053.1,1143,0,19.1,8823
4054.1,1143,6,18.6,8832
4055.2,1143,8,20.9,8805
4056.2,1143,9,19.3,8778
4057.2,1124,9,20.6,8835
4058.2,1124,9,19.8,8828
4059.3,1130,9,20.9,8796
4060.3,1130,7,21.0,8817
4061.3,1130,2,21.1,8838
4062.3,1130,2,19.7,8824
4063.4,1130,10,21.1,8814
4064.4,1150,29,21.9,8840
4065.4,1158,1,21.5,8889
4066.4,1158,16,23.9,8879
4067.5,1157,18,21.8,8901
4068.5,1157,1,19.9,8921
4069.5,1157,5,20.1,8915
4070.5,1143,6,20.4,8861
4071.6,1137,5,21.0,8892
4072.6,1130,16,22.8,8898
4073.6,1130,3,21.4,8868
4074.7,1143,4,23.5,8933
4075.7,1143,10,23.9,8895
4076.7,1143,1,19.6,8864
4077.7,1143,3,20.4,8847
4078.7,1143,5,20.3,8910
4079.8,1130,5,22.4,8884
4080.8,1130,4,23.3,8977
4081.8,1130,60,22.6,8923
4082.9,1152,6,23.9,8877
4083.9,1152,36,22.3,8951
4084.9,1151,4,23.0,8903
4085.9,1151,4,20.4,8930
4086.9,1151,14,20.5,8939
4088.0,1144,3,21.8,8919
4089.0,1144,0,21.6,8973
4090.0,1144,1,19.9,8961
4091.1,1144,7,20.7,8943
4092.1,1144,9,21.1,8904
4093.1,1124,9,19.0,8854
4094.1,1124,9,19.5,8952
4095.2,1124,2,21.4,8916
4096.2,1124,2,19.5,8877
4097.2,1124,8,19.6,8889
4098.3,1124,7,20.7,8912
4099.3,1124,10,21.2,8976
4100.3,1124,9,21.0,8953
4101.3,1124,9,20.7,8914
4102.4,1124,9,22.2,8899
4103.4,1124,3,22.1,8951
4104.4,1144,38,21.9,8999
4105.4,1144,1,20.2,8971
4106.4,1144,1,20.7,9062
4107.5,1144,4,21.5,9023
4108.5,1144,9,21.0,8967
4109.5,1144,52,21.0,8908
4110.6,1144,1,20.1,8893
4111.6,1144,4,21.4,8956
4112.6,1144,6,20.6,8996
4113.6,1144,9,21.3,8963
4114.7,1124,9,20.9,8958
4115.7,1124,10,21.5,8969
4116.7,1124,9,19.7,8948
4117.8,1124,9,20.2,8923
4118.8,1124,10,20.6,8939
4119.8,1124,8,20.1,8970
4120.8,1124,13,21.0,8967
4121.9,1124,7,21.5,8991
4122.9,1124,9,20.8,8957
4123.9,1124,10,21.3,9012
4125.0,1124,10,20.8,9057
4126.0,1124,10,21.1,9086
4127.0,1124,10,21.8,9038
4128.0,1124,9,20.7,8976
4129.1,1124,10,21.8,9056
4130.1,1124,8,19.7,9048
4131.1,1124,8,20.4,9037
4132.1,1124,2,19.6,9044
4133.2,1124,2,21.6,9033
4134.2,1124,7,21.1,8983
4135.2,1124,9,19.8,8975
4136.3,1124,7,20.3,9042
4137.3,1124,9,19.8,9019
4138.3,1124,9,20.7,9004
4139.3,1124,8,19.5,9031
4140.4,1124,9,20.6,9048
4141.4,1124,10,20.1,9058
4142.4,1124,9,20.8,9048
4143.5,1124,7,20.2,9043
4144.5,1124,11,20.5,9046
4145.5,1124,7,20.1,9070
4146.5,1124,9,20.8,9072
4147.6,1124,0,19.9,9075
4148.6,1124,8,20.4,9073
4149.6,1124,9,21.6,9018
4150.6,1124,10,20.1,9020
4151.7,1124,10,20.4,9052
4152.7,1124,9,21.3,9033
4153.7,1124,9,22.2,9073
4154.7,1124,9,21.2,9012
4155.8,1124,9,21.4,8992
4156.8,1124,9,21.5,9087
4157.8,1124,11,20.7,9030
4158.9,1124,10,21.4,9050
4159.9,1124,9,22.4,9116
4160.9,1172,7,24.0,9103
4161.9,1172,2,23.4,9111
4163.0,1172,1,22.0,9124
4164.0,1171,6,21.9,9116
4165.0,1171,9,21.0,9102
4166.0,1155,9,22.6,9130
4167.0,1129,11,21.5,9127
4168.1,1129,9,20.6,9093
4169.1,1129,7,22.3,9050
4170.1,1129,10,21.0,9077
4171.2,1129,10,22.1,9072
4172.2,1148,49,24.5,9120
4173.2,1148,3,23.1,9086
4174.2,1148,4,22.1,9139
4175.2,1148,4,22.7,9245
4176.3,1148,56,25.6,9214
4177.3,1148,2,22.6,9176
4178.3,1148,5,21.9,9248
4179.3,1148,6,21.1,9220
4180.4,1148,9,21.8,9149
4181.4,1148,34,23.2,9101
4182.4,1148,1,22.9,9141
4183.4,1148,2,24.1,9137
4184.5,1148,3,21.2,9117
4185.5,1148,10,22.7,9160
4186.5,1148,5,22.3,9129
4187.5,1129,9,22.7,9165
4188.6,1129,2,21.1,9187
4189.6,1129,9,21.4,9272
4190.6,1129,9,23.6,9265
4191.6,1129,10,21.8,9263
4192.7,1129,9,22.3,9229
4193.7,1129,9,20.8,9175
4194.7,1129,9,22.1,9258
4195.7,1129,9,23.7,9239
4196.8,1142,15,23.5,9201
4197.8,1142,2,21.2,9142
4198.8,1142,2,21.3,9102
4199.9,1142,7,20.8,9086
4200.9,1142,2,21.2,9173
4201.9,1135,4,21.5,9196
4202.9,1129,7,22.2,9169
4204.0,1129,9,20.4,9140
4205.0,1135,11,23.0,9136
4206.0,1142,88,24.9,9189
4207.0,1142,3,22.2,9153
4208.1,1142,4,22.0,9104
4209.1,1142,5,22.2,9112
4210.1,1142,7,21.4,9128
4211.1,1142,9,21.1,9124
4212.2,1135,9,23.7,9194
4213.2,1129,10,21.3,9176
4214.2,1135,9,22.1,9160
4215.2,1142,2,24.0,9213
4216.3,1142,2,21.8,9209
4217.3,1142,1,22.7,9275
4218.4,1142,3,21.4,9237
4219.4,1142,4,20.3,9227
4220.4,1142,6,20.8,9183
4221.5,1135,9,20.9,9151
4222.5,1129,9,20.5,9127
4223.5,1129,10,21.6,9097
4224.5,1129,9,21.7,9146
4225.6,1129,11,21.8,9195
4226.6,1129,7,22.3,9141
4227.6,1129,11,21.5,9188
4228.6,1129,4,21.9,9149
4229.7,1129,2,21.3,9168
4230.7,1129,4,21.6,9150
4231.7,1129,9,21.5,9139
4232.7,1037,6,21.9,9170
4233.8,1037,10,21.3,9145
4234.8,1047,9,23.0,9182
4235.9,1047,2,22.5,9184
4236.9,1046,4,23.0,9144
4237.9,1059,2,24.4,9205
4238.9,1066,12,24.2,9165
4239.9,1074,29,23.4,9247
4241.0,1065,35,24.4,9190
4242.0,1064,19,22.1,9156
4243.0,1064,15,23.7,9183
4244.0,884,34,22.2,9296
4245.1,876,2,22.3,9279
4246.1,876,5,22.4,9244
4247.1,876,7,21.5,9229
4248.1,876,8,21.1,9174
4249.2,857,16,21.9,9235
4250.2,857,16,21.5,9247
4251.2,857,17,20.8,9207
4252.2,857,17,22.1,9196
4253.3,857,18,21.5,9209
4254.3,857,9,21.5,9202
4255.3,857,10,22.8,9258
4256.4,857,9,21.9,9225
4257.4,857,10,20.9,9219
4258.4,857,8,21.1,9220
4259.4,857,9,19.9,9237
4260.5,857,9,21.0,9221
4261.5,857,9,19.0,9237
4262.5,857,10,19.8,9255
4263.6,857,9,21.8,9275
4264.6,870,18,20.8,9223
4265.7,883,57,21.3,9269
4266.7,883,2,20.6,9246
4267.8,883,8,20.3,9251
4268.8,883,6,19.9,9257
4269.8,883,11,20.6,9257
4270.8,857,10,21.2,9303
4271.9,857,9,20.0,9317
4272.9,857,9,19.9,9356
4273.9,857,16,22.8,9339
4274.9,857,10,20.6,9345
4276.0,857,9,20.6,9304
4277.0,857,9,19.6,9351
4278.0,857,9,19.6,9363
4279.0,857,16,20.4,9350
4280.1,857,18,20.9,9294
4281.1,857,13,19.7,9302
4282.1,857,11,19.6,9317
4283.1,857,28,21.1,9333
4284.1,870,9,20.6,9340
4285.2,870,8,22.0,9359
4286.2,870,1,21.3,9403
4287.2,870,33,23.1,9378
4288.2,870,16,21.0,9393
4289.3,863,31,21.5,9465
4290.3,863,4,21.0,9444
4291.3,870,74,23.1,9401
4292.3,870,11,22.6,9432
4293.3,870,15,22.4,9431
4294.4,870,41,20.5,9456
4295.4,870,20,23.5,9482
4296.4,869,20,23.0,9435
4297.4,869,7,22.1,9431
4298.5,869,9,22.7,9481
4299.5,869,18,22.5,9473
4300.5,869,12,21.9,9555
4301.6,876,10,21.8,9556
4302.6,876,6,22.4,9562
4303.6,890,2,22.8,9549
4304.6,890,6,22.3,9503
4305.6,890,22,20.8,9490
4306.7,890,4,20.1,9470
4307.7,890,6,20.7,9498
4308.7,882,6,20.2,9529
4309.7,856,15,21.4,9528
4310.8,856,18,20.7,9511
4311.8,856,12,20.6,9513
4312.8,856,16,21.1,9484
4313.8,856,9,20.0,9461
4314.9,856,16,20.9,9475
4315.9,856,17,22.6,9476
4316.9,856,9,20.2,9439
4317.9,856,9,20.7,9454
4319.0,856,9,20.5,9461
4320.0,856,10,20.5,9434
4321.0,856,9,20.6,9506
4322.1,856,16,21.3,9477
4323.1,856,7,21.3,9447
4324.1,856,8,21.2,9509
4325.1,856,10,20.4,9516
4326.2,856,14,20.8,9510
4327.2,856,12,20.5,9486
4328.2,856,11,22.7,9475
4329.2,856,9,20.5,9304
4330.3,856,9,20.0,9409
4331.3,856,9,21.2,9398
4332.3,856,9,20.4,9430
4333.3,856,2,20.0,9401
4334.4,856,9,20.3,9464
4335.4,856,9,19.3,9506
4336.4,856,10,21.7,9497
4337.4,856,9,19.6,9462
4338.5,856,7,19.5,9472
4339.5,856,10,20.2,9494
4340.5,856,9,19.8,9496
4341.5,856,17,20.3,9476
4342.6,856,16,19.8,9485
4343.6,856,16,19.8,9356
4344.6,856,15,20.2,9437
4345.6,856,16,19.3,9491
4346.7,856,16,19.6,9530
4347.7,856,10,20.7,9523
4348.7,856,5,20.9,9553
4349.8,856,13,19.8,9539
4350.8,856,8,19.1,9541
4351.8,856,9,20.2,9546
4352.9,856,7,18.8,9580
4353.9,856,16,18.6,9543
4354.9,856,7,19.9,9538
4355.9,856,16,20.0,9548
4356.9,856,16,20.0,9564
4358.0,856,17,20.6,9538
4359.0,856,12,19.7,9422
4360.0,856,14,19.3,9537
4361.1,856,9,20.4,9550
4362.1,856,9,19.3,9559
4363.1,856,9,20.1,9564
4364.2,856,9,20.3,9539
4365.2,856,9,20.1,9570
4366.2,856,10,20.6,9620
4367.2,856,9,19.6,9653
4368.3,856,9,19.8,9667
4369.3,856,9,19.8,9668
4370.3,856,16,20.8,9677
4371.3,856,16,20.3,9668
4372.4,856,20,20.0,9651
4373.4,856,18,20.2,9681
4374.4,856,17,19.8,9685
4375.5,856,9,19.0,9717
4376.5,856,9,20.1,9686
4377.5,856,9,21.8,9698
4378.5,856,17,20.1,9755
4379.6,856,9,20.1,9729
4380.6,856,9,20.8,9753
4381.6,856,9,20.7,9642
4382.6,856,7,19.9,9701
4383.7,856,9,20.3,9744
4384.7,856,10,19.3,9786
4385.7,856,16,20.7,9750
4386.8,856,16,20.9,9709
4387.8,856,16,21.3,9703
4388.8,856,9,20.3,9695
4389.8,856,8,20.8,9661
4390.9,856,15,20.6,9711
4391.9,856,16,20.3,9733
4392.9,856,16,20.2,9701
4393.9,856,16,20.9,9691
4395.0,856,18,20.0,9793
4396.0,856,14,20.7,9766
4397.0,856,9,19.7,9722
4398.0,856,9,20.6,9723
4399.1,856,7,20.2,9647
4400.1,856,9,20.0,9773
4401.1,856,9,22.0,9803
4402.2,856,11,19.3,9773
4403.2,856,9,22.6,9726
4404.2,867,12,25.2,9715
4405.3,867,2,23.9,9727
4406.3,867,2,24.6,9689
4407.3,867,8,26.5,9675
4408.4,867,12,25.0,9697
4409.4,848,8,25.2,9689
4410.4,848,5,24.1,9720
4411.4,848,9,25.1,9717
4412.5,848,9,25.2,9791
4413.5,848,9,24.3,9757
4414.5,848,3,23.5,9768
4415.6,848,8,25.0,9793
4416.6,848,0,26.8,9700
4417.6,848,9,23.1,9735
4418.6,848,9,25.1,9739
4419.7,848,11,24.6,9749
4420.7,848,9,23.9,9782
4421.7,848,9,23.9,9696
4422.8,848,7,24.5,9713
4423.8,848,7,25.2,9747
4424.8,848,13,23.4,9784
4425.8,848,9,24.2,9808
4426.9,848,9,25.4,9760
4427.9,848,2,24.5,9754
4428.9,848,9,23.7,9757
4429.9,848,9,24.4,9730
4431.0,848,10,24.1,9730
4432.0,848,9,24.5,9736
4433.0,848,9,20.9,9729
4434.0,848,9,20.9,9790
4435.1,848,7,20.8,9771
4436.1,848,10,20.0,9863
4437.1,848,9,21.4,9828
4438.1,848,9,20.2,9856
4439.2,848,9,20.7,9874
4440.2,848,9,20.2,9897
4441.2,848,9,20.8,9904
4442.2,848,3,21.9,9855
4443.3,848,2,20.4,9834
4444.3,848,10,21.5,9806
4445.3,848,9,20.5,9735
4446.3,848,8,20.7,9720
4447.4,848,9,21.1,9828
4448.4,848,9,22.2,9809
4449.4,861,99,21.2,9858
4450.4,861,2,22.3,9799
4451.5,861,1,22.0,9775
4452.5,861,6,21.6,9747
4453.5,861,9,22.0,9849
4454.5,848,9,21.1,9917
4455.5,861,3,23.3,9884
4456.6,861,0,21.8,9859
4457.6,861,0,20.8,9833
4458.6,861,4,23.3,9822
4459.6,867,24,22.3,9926
4460.7,867,12,22.5,9922
4461.7,867,13,22.0,9867
4462.7,867,3,20.8,9848
4463.7,867,7,21.1,9820
4464.7,867,10,21.4,9780
4465.8,848,11,20.9,9798
4466.8,848,9,21.3,9798
4467.8,848,9,20.2,9846
4468.9,848,9,21.5,9850
4469.9,848,12,21.6,9820
4470.9,848,10,22.7,9788
4471.9,848,9,21.6,9839
4473.0,848,10,22.4,9813
4474.0,848,10,23.4,9782
4475.0,848,9,21.5,9844
4476.0,848,9,21.0,9820
4477.1,848,9,21.0,9840
4478.1,848,9,22.1,9852
4479.1,848,10,20.0,9813
4480.1,848,9,20.7,9849
4481.2,848,10,22.2,9863
4482.2,848,13,21.9,9909
4483.2,848,12,21.3,9897
4484.2,848,9,20.4,9876
4485.3,848,19,20.6,9937
4486.3,848,24,20.9,9895
4487.3,848,29,21.4,9870
4488.3,848,9,21.7,9873
4489.4,848,9,20.0,9895
4490.4,848,7,21.8,9847
4491.4,848,7,21.5,9936
4492.5,848,11,21.8,9937
4493.5,848,7,20.2,9962
4494.5,848,9,21.4,9942
4495.5,848,2,21.6,9904
4496.6,848,9,20.8,9947
4497.6,848,7,21.0,9920
4498.6,848,10,20.8,9925
4499.7,848,9,21.0,9955
4500.7,848,9,21.1,9972
4501.7,848,9,20.6,9927
4502.7,848,9,21.0,10005
4503.8,848,9,21.5,9967
4504.8,848,11,20.2,9931
4505.8,848,9,20.3,9904
4506.8,848,9,21.5,9913
4507.9,848,9,20.2,9917
4508.9,879,10,24.1,9849
4509.9,879,2,22.0,9902
4510.9,879,4,21.0,9915
4512.0,879,6,21.4,9952
4513.0,879,9,21.0,9973
4514.0,875,2,21.3,9931
4515.0,856,1,21.5,9903
4516.1,855,5,21.5,9965
4517.1,855,7,20.6,9951
4518.1,846,8,19.8,9906
4519.1,846,20,21.1,9890
4520.2,846,28,20.6,9936
4521.2,846,30,21.6,9923
4522.2,846,9,20.8,9900
4523.2,846,3,20.0,9861
4524.3,846,9,20.1,9919
4525.3,846,10,20.1,9901
4526.3,846,9,20.8,9873
4527.4,846,9,20.9,9894
4528.4,846,9,20.0,9921
4529.4,846,9,20.0,9891
4530.4,846,9,20.7,9851
4531.4,846,10,20.2,9937
4532.5,845,9,20.7,9887
4533.5,845,7,20.1,9855
4534.5,845,10,20.6,9904
4535.5,845,2,19.3,9903
4536.6,845,11,20.1,9991
4537.6,845,3,21.7,9982
4538.6,845,9,19.1,9940
4539.6,845,11,20.1,9929
4540.7,845,9,20.1,10004
4541.7,845,9,20.0,9959
4542.7,845,9,19.2,10020
4543.8,845,10,20.2,9957
4544.8,845,30,20.0,9939
4545.8,845,9,19.8,9967
4546.8,845,9,21.5,9965
4547.9,845,6,20.2,9979
4548.9,845,7,20.3,9968
4549.9,845,7,20.7,9946
4550.9,845,7,21.1,9952
4552.0,845,10,20.4,9977
4553.0,845,10,19.9,9968
4554.0,845,7,20.5,10043
4555.0,845,7,19.5,10003
4556.1,845,9,20.3,9956
4557.1,845,2,21.4,10000
4558.1,845,2,21.1,10007
4559.2,845,10,20.7,9997
4560.2,845,9,19.8,10002
4561.2,845,9,20.5,10043
4562.2,845,2,19.2,9982
4563.3,845,7,20.3,10069
4564.3,845,9,20.8,10039
4565.3,845,9,20.4,9999
4566.4,845,10,20.6,9975
4567.4,845,9,19.8,9973
4568.4,855,9,21.5,9986
4569.5,872,15,25.0,9918
4570.5,872,3,20.3,9995
4571.6,872,5,20.1,10029
4572.6,872,1,20.2,9987
4573.6,872,7,19.4,10012
4574.6,852,9,21.6,10022
4575.7,852,8,21.2,9990
4576.7,852,2,19.9,9965
4577.7,852,7,20.8,9942
4578.7,852,10,21.2,9981
4579.8,852,9,19.7,9985
4580.8,852,9,20.4,9948
4581.8,852,9,21.6,9999
4582.8,852,9,20.8,9987
4583.9,852,9,20.0,10013
4584.9,852,2,22.0,9992
4585.9,852,2,20.4,10015
4587.0,852,10,20.0,9951
4588.0,852,7,20.6,10007
4589.0,852,10,19.4,9997
4590.0,852,9,20.4,10017
4591.0,852,9,21.4,10045
4592.1,852,9,19.6,10019
4593.1,852,9,20.2,10020
4594.1,852,9,19.7,10010
4595.1,852,9,19.1,10077
4596.2,852,9,20.7,10043
4597.2,852,10,19.2,10017
4598.2,852,9,19.3,10029
4599.2,852,2,20.4,10020
4600.3,852,2,20.0,10031
4601.3,852,9,21.1,10097
4602.3,852,10,20.6,10075
4603.3,852,11,20.3,10089
4604.4,852,10,20.2,10108
4605.4,852,10,20.3,10077
4606.4,852,9,19.8,10039
4607.5,852,10,20.9,10002
4608.5,852,11,20.1,10062
4609.5,852,12,20.7,10050
4610.6,852,9,22.8,10051
4611.6,852,9,21.3,10080
4612.6,852,9,21.7,10053
4613.6,852,2,20.0,10066
4614.7,852,2,21.7,10085
4615.7,852,11,20.7,10118
4616.7,852,9,21.5,10088
4617.8,852,11,21.7,10079
4618.8,852,9,20.3,10120
4619.8,852,9,20.3,10133
4620.8,852,10,21.2,10095
4621.9,852,9,20.7,10096
4622.9,852,7,21.3,10078
4623.9,852,12,21.1,10116
4624.9,852,11,20.7,10139
4626.0,852,9,20.9,10143
4627.0,852,2,20.3,10113
4628.0,852,2,20.5,10074
4629.1,852,10,21.0,10025
4630.1,852,9,21.3,9931
4631.1,852,9,22.5,10035
4632.1,852,9,19.7,10030
4633.2,852,9,21.5,10075
4634.2,852,9,21.6,10077
4635.2,852,9,19.8,10058
4636.2,852,9,20.5,10074
4637.3,852,8,20.2,10122
4638.3,852,9,21.7,10178
4639.3,852,8,19.7,10191
4640.3,852,9,21.6,10162
4641.4,852,5,21.4,10215
4642.4,852,3,21.3,10221
