1403638518.077829361 0.000000000 0.000000000 0.000000000 -0.000000000 -0.000000000 -0.000000000 1.000000000
1403638518.127829552 -0.000047991 -0.000032133 -0.000087893 -0.000035407 0.000011894 0.000083053 1.000000000
1403638518.177829266 -0.000012362 -0.000059768 -0.000057250 -0.000051289 0.000012477 -0.000064114 1.000000000
1403638518.227829456 -0.000077422 -0.000063278 -0.000007974 -0.000078566 0.000062678 -0.000077606 1.000000000
1403638518.277829409 -0.000054016 -0.000075317 -0.000007070 -0.000019917 0.000021506 -0.000009625 1.000000000
1403638518.327829599 -0.000054638 -0.000056262 -0.000093776 -0.000041701 -0.000027538 0.000075586 1.000000000
1403638518.377829313 0.000049259 -0.000026044 0.000213577 -0.000020588 -0.000002176 -0.000044674 1.000000000
1403638518.427829504 0.000176582 0.000006247 0.000178663 0.000025291 -0.000021555 -0.000079108 1.000000000
1403638518.477829456 -0.000007781 0.000044323 0.000193098 -0.000010652 -0.000022082 -0.000008707 1.000000000
1403638518.527829409 -0.000013799 0.000051253 0.000160738 0.000020229 -0.000001530 -0.000056721 1.000000000
1403638518.577829361 0.000005342 0.000058364 -0.000183656 -0.000002367 -0.000021957 0.000041612 1.000000000
1403638518.627829552 -0.000041545 -0.000038562 -0.000021862 0.000010201 0.000024099 0.000115847 1.000000000
1403638518.677829266 -0.000034481 -0.000029416 0.000053442 -0.000061997 0.000029503 0.000011703 1.000000000
1403638518.727829456 0.000001807 -0.000032608 0.000090345 -0.000010517 -0.000004997 0.000085914 1.000000000
1403638518.777829409 0.000037034 0.000038472 -0.000177526 -0.000030972 0.000051059 0.000037830 1.000000000
1403638518.827829599 0.000140111 0.000038316 0.000479465 -0.000062034 0.000036728 -0.000043818 1.000000000
1403638518.877829313 -0.000072398 -0.000011386 -0.000101948 -0.000077572 0.000079780 -0.000058174 1.000000000
1403638518.927829504 -0.000034546 0.000023345 -0.000001566 -0.000003658 0.000026737 0.000045847 1.000000000
1403638518.977829456 0.000110655 0.000033510 0.000310292 -0.000032826 0.000035630 0.000023573 1.000000000
1403638519.027829409 -0.000062770 0.000082753 0.000042890 -0.000021463 0.000034149 -0.000017884 1.000000000
1403638519.077829361 -0.000025213 -0.000006203 0.000087543 0.000010269 0.000042577 0.000015023 1.000000000
1403638519.127829552 -0.000064358 0.000051827 0.000235126 -0.000019078 -0.000038525 0.000026306 1.000000000
1403638519.177829266 -0.000020523 -0.000004653 -0.000006242 -0.000021341 -0.000054787 0.000048082 1.000000000
1403638519.227829456 -0.000006222 -0.000029482 0.000076281 0.000003039 -0.000015902 0.000072603 1.000000000
1403638519.277829409 -0.000040656 -0.000052610 0.000028530 -0.000048855 0.000026757 0.000037566 1.000000000
1403638519.327829599 0.000019983 0.000011080 0.000089119 0.000005970 0.000022417 0.000019051 1.000000000
1403638519.377829313 -0.000082421 0.000025171 -0.000084572 0.000038439 0.000098772 -0.000225351 1.000000000
1403638519.427829504 -0.000035981 0.000104773 0.000100675 -0.000005384 0.000005132 0.000050757 1.000000000
1403638519.477829456 -0.000024690 0.000089127 0.000043835 0.000015013 -0.000007874 0.000006383 1.000000000
1403638519.527829409 -0.000082437 -0.000010740 -0.000039934 -0.000020717 0.000016145 -0.000009078 1.000000000
1403638519.577829361 0.000005686 0.000058994 0.000042036 -0.000009825 0.000017041 -0.000051670 1.000000000
1403638519.627829552 -0.000038159 -0.000082761 -0.000130999 -0.000086816 0.000031733 -0.000008428 1.000000000
1403638519.677829266 -0.000038586 0.000028468 0.000192231 -0.000035823 0.000037590 0.000041222 1.000000000
1403638519.727829456 0.000090944 0.000043415 0.000347183 0.000015937 -0.000043925 0.000017333 1.000000000
1403638519.777829409 -0.000071380 -0.000030112 -0.000048671 -0.000044502 0.000006474 -0.000152878 1.000000000
1403638519.827829599 -0.000085640 -0.000101501 -0.000212406 -0.000079037 -0.000003160 -0.000111862 1.000000000
1403638519.877829313 -0.000112657 -0.000051024 -0.000166512 -0.000055062 -0.000024752 0.000121309 1.000000000
1403638519.927829504 0.000040007 0.000030996 0.000218901 0.000017391 -0.000044191 0.000007016 1.000000000
1403638519.977829456 -0.000071303 0.000036559 -0.000160942 -0.000086543 0.000019993 0.000036853 1.000000000
1403638520.027829409 -0.000071583 0.000076534 -0.000041029 -0.000007922 0.000003605 -0.000027667 1.000000000
1403638520.077829361 0.000017386 0.000018453 0.000233536 -0.000034205 0.000011968 0.000043856 1.000000000
1403638520.127829552 0.000005469 -0.000007266 0.000032359 -0.000002578 0.000008350 0.000042132 1.000000000
1403638520.177829266 0.000050473 -0.000050308 -0.000010904 -0.000041852 -0.000002505 -0.000016742 1.000000000
1403638520.227829456 0.000149894 0.000079002 0.000058636 0.000019245 -0.000094700 0.000104806 1.000000000
1403638520.277829409 -0.000028236 0.000029136 0.000240969 0.000027547 -0.000034395 0.000085181 1.000000000
1403638520.327829599 -0.000034003 0.000018257 -0.000075459 0.000004486 -0.000019445 -0.000025326 1.000000000
1403638520.377829313 -0.000059972 0.000046122 0.000171302 0.000021848 0.000015194 0.000025210 1.000000000
1403638520.427829504 -0.000070153 -0.000028289 -0.000056565 -0.000046430 0.000036861 0.000012795 1.000000000
1403638520.477829456 -0.000067291 0.000034510 0.000063575 -0.000016396 0.000041584 0.000040616 1.000000000
1403638520.527829409 -0.000053413 0.000031814 0.000124979 0.000027050 0.000098806 0.000148010 1.000000000
1403638520.577829361 0.000033170 0.000030359 0.000239373 -0.000053237 -0.000025453 0.000114463 1.000000000
1403638520.627829552 0.000032344 0.000088229 -0.000007388 0.000025319 -0.000048455 0.000085056 1.000000000
1403638520.677829266 0.000080159 0.000069932 0.000354449 0.000063167 -0.000021690 0.000009165 1.000000000
1403638520.727829456 -0.000084571 -0.000049845 -0.000259490 -0.000053323 -0.000009391 -0.000106916 1.000000000
1403638520.777829409 -0.000052083 0.000071917 -0.000211353 0.000018732 0.000004405 0.000014230 1.000000000
1403638520.827829599 -0.000088585 0.000050462 0.000141624 0.000008156 -0.000045265 0.000171823 1.000000000
1403638520.877829313 -0.000089150 -0.000049683 -0.000105754 -0.000048193 0.000022443 0.000002157 1.000000000
1403638520.927829504 -0.000048478 -0.000015369 -0.000053194 0.000012700 -0.000022512 -0.000004970 1.000000000
1403638520.977829456 0.000116343 0.000127890 0.000299960 0.000043537 -0.000038027 -0.000012025 1.000000000
1403638521.027829409 -0.000011514 0.000002163 0.000005379 0.000035791 -0.000002602 0.000019786 1.000000000
1403638521.077829361 0.000099751 0.000105273 -0.000080631 0.000048010 -0.000082838 -0.000048790 1.000000000
1403638521.127829552 0.000084161 0.000024197 -0.000048188 -0.000021548 -0.000050645 -0.000050213 1.000000000
1403638521.177829266 -0.000010144 0.000026547 0.000324531 -0.000002874 -0.000091832 0.000066726 1.000000000
1403638521.227829456 -0.000027675 0.000048448 -0.000028541 0.000002104 0.000083326 -0.000067044 1.000000000
1403638521.277829409 0.000185190 0.000030062 -0.000136171 -0.000007038 0.000064366 -0.000198019 1.000000000
1403638521.327829599 0.000289618 0.000068111 0.000225430 -0.000113980 0.000007152 -0.000349186 0.999999940
1403638521.377829313 -0.000062278 -0.000026807 0.000045197 -0.000060039 -0.000048774 -0.000022185 1.000000000
1403638521.427829504 -0.000002343 0.000027899 -0.000010277 -0.000024838 -0.000055326 -0.000021340 1.000000000
1403638521.477829456 0.000005336 0.000050570 0.000102335 0.000042027 -0.000100958 0.000071562 1.000000000
1403638521.527829409 -0.000140980 -0.000024795 -0.000010952 -0.000070905 0.000098460 0.000279164 1.000000000
1403638521.577829361 -0.000185357 -0.000181690 0.000122769 0.000132472 -0.000191746 0.001317616 0.999999106
1403638521.627829552 0.000079785 0.000053141 0.000276589 0.000039913 0.000036113 0.000137800 1.000000000
1403638521.677829266 -0.000056093 0.000032190 0.000049525 0.000053841 -0.000093815 0.000042536 1.000000000
1403638521.727829456 -0.000107153 0.000008064 0.000029909 0.000026906 -0.000122466 0.000307941 0.999999940
1403638521.777829409 0.000081526 -0.000082477 -0.000047057 -0.000093668 0.000096425 0.000132941 1.000000000
1403638521.827829599 -0.000058359 -0.000081809 -0.000173274 -0.000049512 -0.000138631 0.000027306 1.000000000
1403638521.877829313 -0.000071914 -0.000122928 0.000172047 0.000110606 -0.000257405 0.000206473 0.999999940
1403638521.927829504 -0.000510572 -0.000295558 -0.000536209 0.000072401 -0.000897410 0.000366132 0.999999523
1403638521.977829456 -0.000610232 -0.000728358 0.000224228 0.000967545 -0.002120975 -0.000364380 0.999997258
1403638522.027829409 -0.001298557 -0.000727591 0.000654741 -0.000324501 -0.003666354 -0.000773316 0.999992907
1403638522.077829361 -0.001126929 -0.001978494 0.000594135 -0.002657169 -0.003744365 -0.002362268 0.999986708
1403638522.127829552 -0.002545631 -0.005524238 -0.001652611 -0.005341749 -0.004821214 -0.002502073 0.999970973
1403638522.177829266 -0.004100420 -0.011786979 -0.003167321 -0.004750800 -0.007137323 -0.001094141 0.999962628
1403638522.227829456 -0.004639735 -0.020137331 -0.008646167 -0.001568895 -0.009378119 -0.000006895 0.999954820
1403638522.277829409 -0.004643889 -0.033715762 -0.010922457 0.003547177 -0.012683387 0.000955734 0.999912858
1403638522.327829599 -0.005055704 -0.049954206 -0.017114038 0.008800805 -0.015848996 0.001978431 0.999833763
1403638522.377829313 -0.006012268 -0.068556629 -0.022965115 0.012106095 -0.018800968 0.002818597 0.999746025
1403638522.427829504 -0.005033487 -0.088555418 -0.030891871 0.012354932 -0.023552960 0.004684649 0.999635279
1403638522.477829456 -0.004751056 -0.109756097 -0.038764764 0.010036278 -0.028101387 0.007541796 0.999526262
1403638522.527829409 -0.004901995 -0.132580787 -0.045939874 0.006422986 -0.031853259 0.011029281 0.999411047
1403638522.577829361 -0.004961213 -0.155180603 -0.053846158 0.003795034 -0.036249720 0.015156783 0.999220610
1403638522.627829552 -0.005234837 -0.177720964 -0.059366938 0.004353462 -0.039505739 0.016729029 0.999069870
1403638522.677829266 -0.004899132 -0.200880185 -0.065827429 0.007884332 -0.042154465 0.015023553 0.998967111
1403638522.727829456 -0.005556433 -0.224271148 -0.071377173 0.012836070 -0.044908181 0.011412282 0.998843491
1403638522.777829409 -0.006189334 -0.248890609 -0.079315342 0.017879449 -0.048864845 0.010258046 0.998592675
1403638522.827829599 -0.006957317 -0.273480356 -0.085902229 0.022519000 -0.054100264 0.013029221 0.998196542
1403638522.877829313 -0.006904143 -0.298357099 -0.093207404 0.027021380 -0.058734875 0.019009955 0.997726738
1403638522.927829504 -0.006843381 -0.322927535 -0.100243755 0.031139029 -0.061687518 0.024659412 0.997304857
1403638522.977829456 -0.003525570 -0.345806062 -0.108379826 0.035093691 -0.062906943 0.027927639 0.997011185
1403638523.027829409 -0.001396480 -0.364972800 -0.114734285 0.037797209 -0.063468084 0.029502809 0.996831417
1403638523.077829361 0.001087198 -0.379404426 -0.120397717 0.039358024 -0.063033864 0.029349344 0.996803105
1403638523.127829552 0.003429642 -0.388963848 -0.124446459 0.040308166 -0.063508503 0.029131044 0.996741354
1403638523.177829266 0.005124840 -0.395170212 -0.127458826 0.041177060 -0.062646456 0.028675236 0.996773601
1403638523.227829456 0.009728391 -0.393969148 -0.130463064 0.043182012 -0.059890885 0.026832396 0.996909499
1403638523.277829409 0.014588783 -0.387943834 -0.128436550 0.045905340 -0.055017937 0.023438310 0.997154176
1403638523.327829599 0.016395591 -0.375082523 -0.121726379 0.047794499 -0.052028716 0.022218442 0.997253776
1403638523.377829313 0.019574644 -0.359689713 -0.115222715 0.047929235 -0.050923415 0.021588670 0.997318149
1403638523.427829504 0.022041081 -0.338018149 -0.104348995 0.046542168 -0.049706690 0.019741649 0.997483552
1403638523.477829456 0.023276335 -0.314641058 -0.093432099 0.042301632 -0.048487153 0.017239124 0.997778773
1403638523.527829409 0.029418068 -0.292107195 -0.091465965 0.035056494 -0.047312174 0.013538794 0.998172998
1403638523.577829361 0.032197680 -0.267429054 -0.083005339 0.026484637 -0.045822587 0.009523298 0.998553038
1403638523.627829552 0.034515057 -0.241293848 -0.074495025 0.017622720 -0.043317609 0.005984329 0.998888016
1403638523.677829266 0.037826862 -0.216314554 -0.067152932 0.010406168 -0.041969366 0.003183561 0.999059677
1403638523.727829456 0.040640220 -0.192037031 -0.059846129 0.005246049 -0.041202199 0.000893871 0.999136686
1403638523.777829409 0.042983539 -0.168796495 -0.053487804 0.002166923 -0.040898319 -0.001339952 0.999160051
1403638523.827829599 0.045157541 -0.146479964 -0.047543317 0.000959857 -0.040874980 -0.002902511 0.999159575
1403638523.877829313 0.047922533 -0.125781268 -0.044054344 0.001252181 -0.039629441 -0.005676451 0.999197543
1403638523.927829504 0.050403424 -0.106651522 -0.040379416 0.001850473 -0.037050083 -0.010540911 0.999256134
1403638523.977829456 0.051839624 -0.091048196 -0.038188133 0.001300271 -0.035364348 -0.015685540 0.999250591
1403638524.027829409 0.053167231 -0.079844028 -0.036778554 -0.000633702 -0.034124970 -0.021627879 0.999183357
1403638524.077829361 0.052925393 -0.075101197 -0.036732387 -0.004305619 -0.034147244 -0.026767699 0.999049008
1403638524.127829552 0.053235114 -0.077476770 -0.039817255 -0.008821619 -0.035085611 -0.030007338 0.998894811
1403638524.177829266 0.053274512 -0.087116495 -0.045465626 -0.012970762 -0.037447851 -0.030523596 0.998748124
1403638524.227829456 0.054170959 -0.103944421 -0.052783582 -0.015063260 -0.040369745 -0.029561261 0.998633862
1403638524.277829409 0.054658562 -0.125541657 -0.060820762 -0.014946819 -0.042914093 -0.027898531 0.998577356
1403638524.327829599 0.055049144 -0.151001334 -0.069534637 -0.013271803 -0.046425138 -0.024725197 0.998527586
1403638524.377829313 0.055024311 -0.178515837 -0.077621751 -0.010149697 -0.049470596 -0.021214709 0.998498678
1403638524.427829504 0.055595830 -0.208181381 -0.087907687 -0.005137824 -0.051976539 -0.017598011 0.998480022
1403638524.477829456 0.056205735 -0.237624809 -0.096041940 0.001626424 -0.053804405 -0.015536775 0.998429298
1403638524.527829409 0.056280583 -0.269341439 -0.105612978 0.009196259 -0.055242121 -0.013979323 0.998332798
1403638524.577829361 0.055797361 -0.297887117 -0.112261854 0.017056163 -0.055062875 -0.012528337 0.998258591
1403638524.627829552 0.056402706 -0.327800632 -0.121347852 0.023427973 -0.053030409 -0.010774205 0.998259962
1403638524.677829266 0.056431226 -0.353791952 -0.126572743 0.028536793 -0.048361138 -0.010315560 0.998368919
1403638524.727829456 0.053194102 -0.376429766 -0.129549891 0.032431636 -0.042037636 -0.011837845 0.998519421
1403638524.777829409 0.051726274 -0.393000245 -0.131382897 0.035717171 -0.034357823 -0.013281768 0.998682857
1403638524.827829599 0.048835915 -0.408503920 -0.133906022 0.037585478 -0.028475596 -0.014356217 0.998784482
1403638524.877829313 0.046376381 -0.417557657 -0.130921781 0.038574312 -0.029408453 -0.013240429 0.998735189
1403638524.927829504 0.044119224 -0.427283585 -0.133911073 0.039422564 -0.031651955 -0.012302037 0.998645484
1403638524.977829456 0.036713872 -0.429435670 -0.138754502 0.040867753 -0.035445537 -0.011741934 0.998466671
1403638525.027829409 0.033271521 -0.429259092 -0.138320446 0.042823177 -0.036599066 -0.012841609 0.998329520
1403638525.077829361 0.034445059 -0.421948105 -0.135052860 0.044987492 -0.035365034 -0.015478537 0.998241365
1403638525.127829552 0.032956246 -0.408457249 -0.128315330 0.046746239 -0.035212170 -0.018253924 0.998119116
1403638525.177829266 0.039140467 -0.393837869 -0.124743722 0.047167603 -0.036076210 -0.020572485 0.998023331
1403638525.227829456 0.041028418 -0.373703867 -0.110086806 0.045985725 -0.037302531 -0.023008114 0.997980237
1403638525.277829409 0.039508991 -0.349734664 -0.100143626 0.042285122 -0.038900081 -0.024805633 0.998039782
1403638525.327829599 0.043026153 -0.323420823 -0.091089621 0.035680976 -0.041093487 -0.026387770 0.998169303
1403638525.377829313 0.043025281 -0.297462404 -0.083216883 0.026645571 -0.044235073 -0.027199376 0.998295307
1403638525.427829504 0.040324505 -0.271719009 -0.074082240 0.015803110 -0.047472693 -0.026438951 0.998397529
1403638525.477829456 0.039418284 -0.246209711 -0.066808611 0.004546583 -0.052399274 -0.024365915 0.998318613
1403638525.527829409 0.038551722 -0.222352326 -0.059509300 -0.005092001 -0.055686012 -0.022253672 0.998187304
1403638525.577829361 0.037905287 -0.199878126 -0.052983720 -0.012182033 -0.057398021 -0.020560028 0.998065352
1403638525.627829552 0.038652048 -0.180564418 -0.046753868 -0.016118748 -0.057721600 -0.018825756 0.998025060
1403638525.677829266 0.038510699 -0.163159356 -0.039996877 -0.017552506 -0.056569800 -0.017511198 0.998090744
1403638525.727829456 0.039120182 -0.147554040 -0.034831140 -0.016872581 -0.053907704 -0.016353808 0.998269439
1403638525.777829409 0.038922857 -0.134220243 -0.029902982 -0.014431559 -0.050928958 -0.014382030 0.998494446
1403638525.827829599 0.038900733 -0.122889854 -0.024631966 -0.010927922 -0.046896715 -0.014000823 0.998741865
1403638525.877829313 0.039485388 -0.113655411 -0.020632198 -0.007362773 -0.042498656 -0.014562487 0.998963296
1403638525.927829504 0.042830016 -0.106816724 -0.020711506 -0.005115256 -0.037721906 -0.016857458 0.999133050
1403638525.977829456 0.047861431 -0.102090731 -0.019701960 -0.004723778 -0.034603395 -0.018494023 0.999218822
1403638526.027829409 0.056448802 -0.099251792 -0.020464670 -0.005468161 -0.032466304 -0.020060344 0.999256551
1403638526.077829361 0.067216106 -0.098659694 -0.021263761 -0.007318358 -0.029750494 -0.019337198 0.999343514
1403638526.127829552 0.080740973 -0.100472219 -0.023548761 -0.009690879 -0.026622271 -0.016251959 0.999466479
1403638526.177829266 0.096513040 -0.104510196 -0.027906138 -0.011477113 -0.023157025 -0.012533824 0.999587417
1403638526.227829456 0.114824556 -0.109575950 -0.032320768 -0.011496835 -0.019483576 -0.009641287 0.999697626
1403638526.277829409 0.132683754 -0.114802614 -0.034973372 -0.009594454 -0.015209623 -0.006976594 0.999813974
1403638526.327829599 0.153315857 -0.120896369 -0.040094450 -0.006417465 -0.011936977 -0.004375766 0.999898612
1403638526.377829313 0.174595818 -0.125865355 -0.045017727 -0.002173963 -0.008425561 -0.001316287 0.999961317
1403638526.427829504 0.197316423 -0.130959168 -0.052703191 0.002327164 -0.004463665 0.002454216 0.999984384
1403638526.477829456 0.221226469 -0.134609997 -0.059344344 0.006736838 -0.000985742 0.007497950 0.999948740
1403638526.527829409 0.247517958 -0.138159305 -0.067278214 0.011126567 0.002836779 0.012007133 0.999862015
1403638526.577829361 0.273969412 -0.139065951 -0.070885755 0.015861398 0.006322303 0.016323302 0.999720991
1403638526.627829552 0.304230511 -0.141006351 -0.079419851 0.020407390 0.010312170 0.018836763 0.999561131
1403638526.677829266 0.332991868 -0.140144452 -0.080844931 0.024527036 0.014750388 0.020571480 0.999378681
1403638526.727829456 0.367509544 -0.140636846 -0.093349732 0.027153604 0.019084042 0.021542599 0.999216974
1403638526.777829409 0.400701016 -0.139304757 -0.099222340 0.029310700 0.025056405 0.020339385 0.999049246
1403638526.827829599 0.433724314 -0.136706635 -0.104622446 0.030562153 0.029973309 0.018832380 0.998905838
1403638526.877829313 0.463471025 -0.133439377 -0.107763737 0.030255228 0.033471346 0.018416082 0.998811841
1403638526.927829504 0.497896612 -0.131464839 -0.118019924 0.028187286 0.036021836 0.019588765 0.998761296
1403638526.977829456 0.529045641 -0.128932238 -0.124904558 0.024443017 0.040380422 0.021140411 0.998661697
1403638527.027829409 0.559889972 -0.128473282 -0.132654160 0.019715685 0.046394389 0.024119029 0.998437345
1403638527.077829361 0.586121261 -0.126341939 -0.134680033 0.015241155 0.054196030 0.027755698 0.998028159
1403638527.127829552 0.613553524 -0.127091885 -0.142357454 0.011743744 0.061608020 0.031946164 0.997519970
1403638527.177829266 0.638274610 -0.117814243 -0.143103376 0.010835201 0.069220006 0.035645310 0.996905506
1403638527.227829456 0.660872877 -0.120554738 -0.149722576 0.011272227 0.077374667 0.039450705 0.996157527
1403638527.277829409 0.679740608 -0.122464314 -0.152297512 0.013493849 0.086676754 0.040659834 0.995314956
1403638527.327829599 0.692959607 -0.124234632 -0.150218025 0.016719194 0.096186996 0.040671036 0.994391441
1403638527.377829313 0.702247977 -0.126342267 -0.148880884 0.020158805 0.104644410 0.039373577 0.993525505
1403638527.427829504 0.706540585 -0.128068164 -0.143869817 0.022975251 0.111565672 0.038057759 0.992762268
1403638527.477829456 0.705995858 -0.130993187 -0.145150065 0.024634941 0.115852691 0.037106797 0.992267311
1403638527.527829409 0.700301170 -0.133279637 -0.140405878 0.025310997 0.118284822 0.036483444 0.991986454
1403638527.577829361 0.688700855 -0.134754792 -0.133716270 0.025426593 0.119181216 0.036393188 0.991879523
1403638527.627829552 0.672760427 -0.137357876 -0.127713323 0.025222821 0.118416876 0.035950251 0.991992354
1403638527.677829266 0.652191162 -0.138993546 -0.119551644 0.025241520 0.115900151 0.034415711 0.992343485
1403638527.727829456 0.629387140 -0.141681805 -0.112153426 0.025245443 0.112322636 0.032397985 0.992822587
1403638527.777829409 0.604136765 -0.145540550 -0.106028266 0.024508443 0.107627273 0.031516485 0.993389368
1403638527.827829599 0.576890528 -0.149438828 -0.096685767 0.022796795 0.101320140 0.032908052 0.994048119
1403638527.877829313 0.548465312 -0.154030889 -0.087025635 0.021104768 0.093871973 0.035003200 0.994744956
1403638527.927829504 0.519310474 -0.159333125 -0.078614138 0.020336596 0.087621562 0.036926065 0.995261431
1403638527.977829456 0.489829421 -0.164483443 -0.071123771 0.020953411 0.083269276 0.036978740 0.995620310
1403638528.027829409 0.459255964 -0.168370694 -0.061739814 0.022668758 0.079576723 0.035517581 0.995937884
1403638528.077829361 0.427437603 -0.173332587 -0.052780129 0.024488356 0.074593492 0.034472406 0.996317089
1403638528.127829552 0.397443384 -0.176582247 -0.044667162 0.025406348 0.068517342 0.033702955 0.996756792
1403638528.177829266 0.368137956 -0.178945929 -0.035831880 0.025261952 0.062429488 0.032472927 0.997201085
1403638528.227829456 0.343337089 -0.181654334 -0.026518110 0.024612512 0.054759376 0.031811140 0.997689188
1403638528.277829409 0.319334865 -0.184202403 -0.015135119 0.024186743 0.046738155 0.030806314 0.998139083
1403638528.327829599 0.297652960 -0.187038064 -0.000190928 0.024336495 0.040567767 0.029449416 0.998446167
1403638528.377829313 0.279045135 -0.189995170 0.018134223 0.025662325 0.037028138 0.028086783 0.998589754
1403638528.427829504 0.264806628 -0.192180037 0.035216030 0.027129188 0.036499105 0.026001090 0.998626947
1403638528.477829456 0.253072470 -0.198104173 0.051860079 0.027206751 0.036991853 0.024481302 0.998645186
1403638528.527829409 0.244484991 -0.204268113 0.070799567 0.025723942 0.038514011 0.024977706 0.998614669
1403638528.577829361 0.233391181 -0.207879290 0.091835521 0.023767836 0.040964723 0.027399244 0.998502076
1403638528.627829552 0.222191364 -0.210937470 0.109955072 0.022088431 0.043025885 0.031419542 0.998335540
1403638528.677829266 0.217361540 -0.215775758 0.128896028 0.021548893 0.044809710 0.034462720 0.998168409
1403638528.727829456 0.216314226 -0.225437105 0.140850499 0.021569118 0.048031177 0.035104867 0.997995794
1403638528.777829409 0.213193521 -0.234998584 0.150666907 0.022193780 0.051832974 0.035657905 0.997772157
1403638528.827829599 0.207776576 -0.237599075 0.162194356 0.023219898 0.053435083 0.039016351 0.997538626
1403638528.877829313 0.210015863 -0.249413922 0.157845333 0.023443487 0.052981142 0.044034638 0.997348666
1403638528.927829504 0.211263612 -0.248954594 0.163927630 0.024234725 0.052469056 0.049058691 0.997122347
1403638528.977829456 0.205034032 -0.254236996 0.154293329 0.023883952 0.051427905 0.053468041 0.996958315
1403638529.027829409 0.204660654 -0.257848293 0.143651873 0.023028446 0.050916400 0.055981521 0.996866703
1403638529.077829361 0.199641809 -0.261250377 0.131338984 0.022337297 0.053315729 0.053969327 0.996868014
1403638529.127829552 0.194800347 -0.260738373 0.116900519 0.021870349 0.058066711 0.046926402 0.996969342
1403638529.177829266 0.180374414 -0.251185745 0.107847944 0.021486269 0.063932568 0.038687959 0.996972561
1403638529.227829456 0.177338406 -0.249787241 0.086622164 0.019941757 0.067193076 0.032332972 0.997016549
1403638529.277829409 0.166501597 -0.239861518 0.069459528 0.018041100 0.069985867 0.027370967 0.997009277
1403638529.327829599 0.155857027 -0.229557753 0.053647701 0.014360644 0.070863262 0.023817072 0.997098327
1403638529.377829313 0.145894989 -0.216398373 0.041047368 0.008838131 0.071057715 0.021357687 0.997204423
1403638529.427829504 0.133909196 -0.202406734 0.032488078 0.000731570 0.070545338 0.019879812 0.997310281
1403638529.477829456 0.125019386 -0.186376855 0.021393361 -0.009217414 0.068708286 0.019948918 0.997394741
1403638529.527829409 0.117125079 -0.170071408 0.013715519 -0.019429253 0.066372953 0.020481789 0.997395456
1403638529.577829361 0.110402353 -0.154019877 0.005867840 -0.027844567 0.065151349 0.018749991 0.997310698
1403638529.627829552 0.104284823 -0.138572931 0.002711296 -0.033314288 0.065190159 0.017167177 0.997168839
1403638529.677829266 0.094278321 -0.132285506 0.000864090 -0.035560269 0.065088034 0.015684878 0.997122347
1403638529.727829456 0.089003757 -0.119275495 0.000160937 -0.033561062 0.064278513 0.015640629 0.997244895
1403638529.777829409 0.083960988 -0.107783116 0.000663026 -0.028783757 0.064514816 0.015456256 0.997381806
1403638529.827829599 0.079318479 -0.097168326 0.002755757 -0.022310248 0.063867517 0.016737688 0.997568607
1403638529.877829313 0.075487062 -0.087903947 0.004320631 -0.016765449 0.064395607 0.016700625 0.997643828
1403638529.927829504 0.072752312 -0.080495767 0.007105793 -0.013362783 0.064328760 0.017044498 0.997693777
1403638529.977829456 0.070949085 -0.075174168 0.011330444 -0.012103769 0.064564869 0.016862152 0.997697651
1403638530.027829409 0.070152774 -0.071275055 0.017246259 -0.012705912 0.065002091 0.016588449 0.997666419
1403638530.077829361 0.069917627 -0.068246454 0.024649052 -0.014664504 0.065182075 0.017150884 0.997618258
1403638530.127829552 0.069779739 -0.065874271 0.032072525 -0.016535120 0.066473119 0.018410662 0.997481346
1403638530.177829266 0.070278198 -0.064266466 0.040541101 -0.017684329 0.068852462 0.019646835 0.997276604
1403638530.227829456 0.071424820 -0.062801771 0.049877089 -0.017959384 0.071813993 0.021676641 0.997020721
1403638530.277829409 0.072878450 -0.061274391 0.059325542 -0.017635534 0.073994249 0.023723060 0.996820450
1403638530.327829599 0.074328944 -0.059157904 0.067189008 -0.017165806 0.076198496 0.025835887 0.996610105
1403638530.377829313 0.076511152 -0.057207592 0.076022550 -0.016814031 0.079289086 0.026323996 0.996362269
1403638530.427829504 0.078543738 -0.055787846 0.083230831 -0.016664712 0.081319146 0.027362881 0.996173143
1403638530.477829456 0.080671363 -0.054948643 0.089781992 -0.016859069 0.081664190 0.029478665 0.996081173
1403638530.527829409 0.082638100 -0.053936876 0.095140696 -0.016471997 0.081577159 0.031954415 0.996018469
1403638530.577829361 0.085115083 -0.052665260 0.099625409 -0.017066900 0.083298884 0.032513078 0.995847881
1403638530.627829552 0.086875580 -0.051275600 0.103763334 -0.019193383 0.084511541 0.032903723 0.995694160
1403638530.677829266 0.088585123 -0.049249303 0.106056884 -0.022886541 0.085389726 0.033423740 0.995523870
1403638530.727829456 0.089732312 -0.047232158 0.108740360 -0.026707759 0.085798748 0.034828804 0.995345294
1403638530.777829409 0.090788200 -0.044929463 0.110944696 -0.029324975 0.086530395 0.034487918 0.995220125
1403638530.827829599 0.091519713 -0.043000851 0.113212563 -0.030321466 0.086186707 0.034979474 0.995202959
1403638530.877829313 0.092044465 -0.041554473 0.114927977 -0.030158460 0.084425196 0.035805542 0.995329559
1403638530.927829504 0.092513733 -0.040289920 0.116234154 -0.028609762 0.083660364 0.036210608 0.995425224
1403638530.977829456 0.092303008 -0.039380256 0.117304064 -0.026282674 0.083714440 0.036129240 0.995487690
1403638531.027829409 0.092211969 -0.038196336 0.118468165 -0.023426961 0.082529634 0.036329053 0.995650709
1403638531.077829361 0.092009865 -0.037390139 0.118620388 -0.019625526 0.083575994 0.034627862 0.995706201
1403638531.127829552 0.091149077 -0.037621424 0.118333139 -0.016751846 0.083674081 0.033974860 0.995773017
1403638531.177829266 0.090326667 -0.037707668 0.118541233 -0.015442108 0.082997762 0.032536801 0.995898783
1403638531.227829456 0.089862950 -0.036802579 0.119224638 -0.016231062 0.084029518 0.030046210 0.995877981
1403638531.277829409 0.089331731 -0.036274564 0.119762830 -0.013189572 0.084547326 0.029485457 0.995895743
1403638531.327829599 0.088654049 -0.036238369 0.119674124 -0.009305604 0.084643461 0.030084202 0.995913565
1403638531.377829313 0.088423498 -0.036033601 0.119961888 -0.010631750 0.084549904 0.030153947 0.995906174
1403638531.427829504 0.088841416 -0.036014613 0.119807191 -0.010526634 0.084753387 0.029447634 0.995911181
1403638531.477829456 0.088770606 -0.036233310 0.119655021 -0.008873962 0.084767826 0.029977852 0.995910168
1403638531.527829409 0.088714965 -0.036093619 0.119549118 -0.009211892 0.084674478 0.029940004 0.995916128
1403638531.577829361 0.088943742 -0.035835441 0.119345441 -0.009362609 0.084483765 0.029064804 0.995956898
1403638531.627829552 0.088896960 -0.035741884 0.119362041 -0.009375950 0.084334321 0.029003914 0.995971203
1403638531.677829266 0.088732779 -0.035814568 0.119263947 -0.009471379 0.084099673 0.029904550 0.995963514
1403638531.727829456 0.088923715 -0.035767600 0.119445391 -0.009490206 0.084353872 0.029348696 0.995958388
1403638531.777829409 0.088693939 -0.035872467 0.119515307 -0.009394012 0.084332578 0.029508933 0.995956361
1403638531.827829599 0.088689946 -0.035787195 0.119356669 -0.009535779 0.084551215 0.029279293 0.995943248
1403638531.877829313 0.088678189 -0.035764065 0.119388297 -0.009501942 0.084332034 0.029514702 0.995955229
1403638531.927829504 0.088604227 -0.035784490 0.119313359 -0.009507863 0.084410235 0.029442851 0.995950699
1403638531.977829456 0.088712402 -0.035802383 0.119476922 -0.009467556 0.084440559 0.029490948 0.995947003
1403638532.027829409 0.088644646 -0.035758864 0.119398601 -0.009345381 0.084266573 0.029781936 0.995954216
1403638532.077829361 0.088837996 -0.035737753 0.119356662 -0.009523813 0.084356971 0.029353522 0.995957673
1403638532.127829552 0.088666432 -0.035811368 0.119376391 -0.009452783 0.084217012 0.029709000 0.995959640
1403638532.177829266 0.088774696 -0.035705209 0.119454429 -0.009449050 0.084363133 0.029368021 0.995957434
1403638532.227829456 0.088661283 -0.035798296 0.119245172 -0.009465214 0.084278189 0.029548282 0.995959103
1403638532.277829409 0.088663027 -0.035731744 0.119238652 -0.009395150 0.084335595 0.029471839 0.995957196
1403638532.327829599 0.088648230 -0.035744809 0.119203709 -0.009426329 0.084339038 0.029521327 0.995955169
1403638532.377829313 0.088667370 -0.035800777 0.119218297 -0.009552328 0.084340140 0.029395657 0.995957553
1403638532.427829504 0.088688597 -0.035731837 0.119437873 -0.009456174 0.084382907 0.029432256 0.995953798
1403638532.477829456 0.088623412 -0.035778712 0.119331002 -0.009479010 0.084267981 0.029468693 0.995962203
1403638532.527829409 0.088777885 -0.035821438 0.119265154 -0.009510797 0.084369294 0.029518280 0.995951891
1403638532.577829361 0.088665664 -0.035763688 0.119340971 -0.009412092 0.084288083 0.029464148 0.995961249
1403638532.627829552 0.088559344 -0.035801426 0.119285889 -0.009540319 0.084598340 0.029080784 0.995945036
1403638532.677829266 0.088546097 -0.035852183 0.119088694 -0.009516863 0.084425755 0.029446770 0.995949149
1403638532.727829456 0.088594124 -0.035749637 0.119258642 -0.009443725 0.084417827 0.029309530 0.995954514
1403638532.777829409 0.088699475 -0.035707828 0.119450711 -0.009452373 0.084285654 0.029368268 0.995963931
1403638532.827829599 0.088558048 -0.035788681 0.119182967 -0.009548078 0.084419399 0.029283430 0.995954216
1403638532.877829313 0.088595368 -0.035748042 0.119506001 -0.009525452 0.084417075 0.029189013 0.995957375
1403638532.927829504 0.088589936 -0.035705928 0.119411141 -0.009452627 0.084286585 0.029462421 0.995961070
1403638532.977829456 0.088672988 -0.035783287 0.119381309 -0.009459021 0.084336728 0.029466702 0.995956600
1403638533.027829409 0.088674977 -0.035721172 0.119394302 -0.009366903 0.084273115 0.029581601 0.995959461
1403638533.077829361 0.088616803 -0.035727546 0.119541243 -0.009409900 0.084350884 0.029331122 0.995959878
1403638533.127829552 0.088673152 -0.035736315 0.119368166 -0.009467213 0.084277414 0.029479537 0.995961249
1403638533.177829266 0.088727586 -0.035768084 0.119264483 -0.009489306 0.084292479 0.029366454 0.995963037
1403638533.227829456 0.088662550 -0.035728894 0.119372152 -0.009330356 0.084162742 0.029738443 0.995964527
1403638533.277829409 0.088804483 -0.035784971 0.119449511 -0.009451777 0.084228940 0.029550675 0.995963395
1403638533.327829599 0.088707976 -0.035734653 0.119605437 -0.009453138 0.084377795 0.029312585 0.995957792
1403638533.377829313 0.088701338 -0.035740033 0.119335800 -0.009425859 0.084340602 0.029458104 0.995956898
1403638533.427829504 0.088710740 -0.035812579 0.119253628 -0.009443657 0.084267102 0.029562751 0.995959878
1403638533.477829456 0.088709727 -0.035812259 0.119345538 -0.009400979 0.084370866 0.029358134 0.995957494
1403638533.527829409 0.088770308 -0.035769209 0.119345471 -0.009391851 0.084274732 0.029563541 0.995959640
1403638533.577829361 0.088701889 -0.035761844 0.119240925 -0.009489170 0.084292762 0.029500509 0.995959103
1403638533.627829552 0.088602342 -0.035761870 0.119147919 -0.009432808 0.084295399 0.029520405 0.995958805
1403638533.677829266 0.088624671 -0.035785321 0.119303845 -0.009437568 0.084371716 0.029666530 0.995947957
1403638533.727829456 0.088707857 -0.035738286 0.119335391 -0.009440524 0.084294260 0.029398147 0.995962441
1403638533.777829409 0.088682160 -0.035737760 0.119335286 -0.009424654 0.084287062 0.029644581 0.995955884
1403638533.827829599 0.088734709 -0.035749100 0.119449101 -0.009454732 0.084274307 0.029409107 0.995963693
1403638533.877829313 0.088626981 -0.035796538 0.119295649 -0.009534994 0.084222734 0.029156838 0.995974660
1403638533.927829504 0.088718526 -0.035742890 0.119358487 -0.009533713 0.084384397 0.029487111 0.995951295
1403638533.977829456 0.088719502 -0.035728920 0.119485490 -0.009448445 0.084291123 0.029486118 0.995960057
1403638534.027829409 0.088720761 -0.035747286 0.119381629 -0.009478421 0.084340021 0.029437345 0.995957077
1403638534.077829361 0.088780291 -0.035778023 0.119228318 -0.009564578 0.084670536 0.029559804 0.995924532
1403638534.127829552 0.088683248 -0.035775855 0.119402446 -0.009609477 0.084568650 0.029489120 0.995934844
1403638534.177829266 0.088616706 -0.035776120 0.119303547 -0.009473811 0.084413633 0.029745104 0.995941699
1403638534.227829456 0.088646628 -0.035736781 0.119309835 -0.009554078 0.084491275 0.029658996 0.995936871
1403638534.277829409 0.088604197 -0.035767920 0.119204178 -0.009477686 0.084250271 0.029552976 0.995961249
1403638534.327829599 0.088635646 -0.035756599 0.119453065 -0.009420979 0.084341854 0.029827679 0.995945752
1403638534.377829313 0.088644266 -0.035802588 0.119525813 -0.009480963 0.084340058 0.029589938 0.995952487
1403638534.427829504 0.088690810 -0.035764109 0.119521171 -0.009442165 0.084256977 0.029848842 0.995952189
1403638534.477829456 0.088717088 -0.035831183 0.119428791 -0.009463095 0.084490977 0.030216236 0.995921075
1403638534.527829409 0.088620424 -0.035832688 0.119445354 -0.009516857 0.084732577 0.029632086 0.995917559
1403638534.577829361 0.088559650 -0.035744194 0.119305052 -0.009383976 0.084386215 0.029437706 0.995953977
1403638534.627829552 0.088542596 -0.035808798 0.119158037 -0.009509996 0.084452726 0.029370144 0.995949209
1403638534.677829266 0.088588849 -0.035860367 0.119031489 -0.009540236 0.084113009 0.029524572 0.995973051
1403638534.727829456 0.088604771 -0.035865724 0.119049892 -0.009571304 0.084168874 0.029423503 0.995971024
1403638534.777829409 0.088629089 -0.035760477 0.119131416 -0.009393333 0.084114410 0.029478496 0.995975733
1403638534.827829599 0.088656321 -0.035772812 0.119423345 -0.009489700 0.084174000 0.029625710 0.995965362
1403638534.877829313 0.088528194 -0.035805121 0.119269080 -0.009578018 0.084514871 0.029218139 0.995947778
1403638534.927829504 0.088708833 -0.035774022 0.119322635 -0.009586260 0.084452890 0.029370131 0.995948434
1403638534.977829456 0.088678420 -0.035755083 0.119270988 -0.009463606 0.084408641 0.029513467 0.995949149
1403638535.027829409 0.088698179 -0.035788756 0.119355850 -0.009535756 0.084441990 0.029339856 0.995950758
1403638535.077829361 0.088681005 -0.035743792 0.119395211 -0.009550383 0.084490798 0.029423639 0.995944023
1403638535.127829552 0.088673092 -0.035719100 0.119495593 -0.009456773 0.084415525 0.029608063 0.995945752
1403638535.177829266 0.088709593 -0.035730757 0.119366512 -0.009503311 0.084453158 0.029414324 0.995947897
1403638535.227829456 0.088628158 -0.035814133 0.119265407 -0.009631304 0.084568441 0.029262014 0.995941341
1403638535.277829409 0.088631593 -0.035753958 0.119350761 -0.009485218 0.084354363 0.029388038 0.995957196
1403638535.327829599 0.088659495 -0.035804451 0.119456515 -0.009577796 0.084409378 0.029447937 0.995949864
1403638535.377829313 0.088729434 -0.035779610 0.119351879 -0.009483394 0.084368028 0.029527245 0.995951951
1403638535.427829504 0.088662609 -0.035795577 0.119362436 -0.009502904 0.084447578 0.029308418 0.995951474
1403638535.477829456 0.088741273 -0.035760835 0.119343221 -0.009535579 0.084381424 0.029207224 0.995959759
1403638535.527829409 0.088602416 -0.035776023 0.119352713 -0.009545432 0.084407210 0.029461266 0.995949984
1403638535.577829361 0.088607945 -0.035678402 0.119435251 -0.009409078 0.084408976 0.029482059 0.995950520
1403638535.627829552 0.088682726 -0.035737254 0.119554348 -0.009440639 0.084285177 0.029556267 0.995958567
1403638535.677829266 0.088677317 -0.035797037 0.119352512 -0.009498658 0.084344156 0.029448969 0.995956182
1403638535.727829456 0.088611074 -0.035730734 0.119377896 -0.009492056 0.084386125 0.029439429 0.995952964
1403638535.777829409 0.088646851 -0.035767905 0.119191915 -0.009524625 0.084353723 0.029281117 0.995960057
1403638535.827829599 0.088714719 -0.035786234 0.119465172 -0.009485120 0.084391437 0.029474864 0.995951533
1403638535.877829313 0.088672385 -0.035772450 0.119270705 -0.009461780 0.084356368 0.029369527 0.995957851
1403638535.927829504 0.088668235 -0.035729527 0.119387016 -0.009488095 0.084372476 0.029545082 0.995950997
1403638535.977829456 0.088640712 -0.035722580 0.119342007 -0.009466531 0.084278375 0.029355185 0.995964766
1403638536.027829409 0.088604793 -0.035718232 0.119344637 -0.009458466 0.084362678 0.029268669 0.995960295
1403638536.077829361 0.088668726 -0.035773661 0.119275838 -0.009469045 0.084371150 0.029358696 0.995956838
1403638536.127829552 0.088643245 -0.035821248 0.119426697 -0.009536803 0.084307946 0.029338589 0.995962083
1403638536.177829266 0.088723995 -0.035721887 0.119461551 -0.009392345 0.084228806 0.029435279 0.995967329
1403638536.227829456 0.088673994 -0.035753515 0.119481459 -0.009479288 0.084249355 0.029630618 0.995958984
1403638536.277829409 0.088639274 -0.035711277 0.119284585 -0.009468027 0.084273614 0.029487390 0.995961249
1403638536.327829599 0.088644743 -0.035699129 0.119540662 -0.009430632 0.084350161 0.029326972 0.995959938
1403638536.377829313 0.088632070 -0.035709675 0.119546436 -0.009515921 0.084373988 0.029339656 0.995956719
1403638536.427829504 0.088686466 -0.035760920 0.119488589 -0.009547560 0.084386803 0.029496342 0.995950699
1403638536.477829456 0.088621333 -0.035777591 0.119248688 -0.009526889 0.084464133 0.029333452 0.995949149
1403638536.527829409 0.088743418 -0.035710000 0.119346529 -0.009389699 0.084185712 0.029521517 0.995968401
1403638536.577829361 0.088698603 -0.035755038 0.119374357 -0.009486407 0.084339336 0.029493069 0.995955408
1403638536.627829552 0.088740267 -0.035769194 0.119310632 -0.009491987 0.084166840 0.029616747 0.995966196
1403638536.677829266 0.088674881 -0.035771422 0.119338810 -0.009522401 0.084259689 0.029457746 0.995962858
1403638536.727829456 0.088677511 -0.035772301 0.119250074 -0.009525248 0.084262252 0.029453987 0.995962739
1403638536.777829409 0.088695049 -0.035775252 0.119426161 -0.009515906 0.084320098 0.029590782 0.995953798
1403638536.827829599 0.088694409 -0.035771620 0.119466238 -0.009519273 0.084397689 0.029402103 0.995952845
1403638536.877829313 0.088659331 -0.035800546 0.119383939 -0.009507723 0.084265567 0.029545112 0.995959818
1403638536.927829504 0.088634007 -0.035763167 0.119374067 -0.009466432 0.084449351 0.029233173 0.995953918
1403638536.977829456 0.088619739 -0.035785131 0.119192533 -0.009484574 0.084263623 0.029565867 0.995959699
1403638537.027829409 0.088679843 -0.035745837 0.119445257 -0.009495699 0.084355474 0.029461494 0.995954812
1403638537.077829361 0.088644952 -0.035818681 0.119226754 -0.009495967 0.084280290 0.029626882 0.995956302
1403638537.127829552 0.088697001 -0.035780132 0.119420424 -0.009558829 0.084332108 0.029272677 0.995961785
1403638537.177829266 0.088598028 -0.035813086 0.119324222 -0.009509919 0.084344506 0.029379480 0.995958030
1403638537.227829456 0.088653050 -0.035775475 0.119341008 -0.009510702 0.084334292 0.029369509 0.995959222
1403638537.277829409 0.088622630 -0.035826910 0.119320408 -0.009558065 0.084392197 0.029417394 0.995952487
1403638537.327829599 0.088566780 -0.035797391 0.119289793 -0.009511442 0.084483877 0.029499631 0.995942712
1403638537.377829313 0.088574074 -0.035784967 0.119363055 -0.009565083 0.084461838 0.029246019 0.995951533
1403638537.427829504 0.088751435 -0.035799075 0.119303979 -0.009390377 0.084240369 0.029644076 0.995960116
1403638537.477829456 0.088720493 -0.035793226 0.119385794 -0.009416274 0.084304892 0.029497288 0.995958805
1403638537.527829409 0.088625327 -0.035782769 0.119219005 -0.009433432 0.084250696 0.029603358 0.995960116
1403638537.577829361 0.088591181 -0.035794429 0.119264029 -0.009480843 0.084388874 0.029276125 0.995957673
1403638537.627829552 0.088699840 -0.035792034 0.119486608 -0.009322177 0.084297732 0.029555688 0.995958626
1403638537.677829266 0.088705264 -0.035859477 0.119272560 -0.009432378 0.084419325 0.029439595 0.995950699
1403638537.727829456 0.088685580 -0.035824530 0.119406529 -0.009421413 0.084447697 0.029455850 0.995947897
1403638537.777829409 0.088661365 -0.035816640 0.119407244 -0.009411606 0.084422193 0.029478913 0.995949507
1403638537.827829599 0.088710614 -0.035848647 0.119186185 -0.009434998 0.084352441 0.029422531 0.995956838
1403638537.877829313 0.088753372 -0.035858486 0.119446032 -0.009420397 0.084329970 0.029390195 0.995959818
1403638537.927829504 0.088648297 -0.035887867 0.119312778 -0.009460110 0.084445678 0.029434141 0.995948315
1403638537.977829456 0.088680454 -0.035837751 0.119490243 -0.009482371 0.084437072 0.029631224 0.995943010
1403638538.027829409 0.088745035 -0.035893042 0.119406059 -0.009442874 0.084464185 0.029521933 0.995944321
1403638538.077829361 0.088637553 -0.035961371 0.119379327 -0.009474444 0.084525473 0.029405113 0.995942354
1403638538.127829552 0.088732176 -0.035844382 0.119450636 -0.009429848 0.084448561 0.029519215 0.995945871
1403638538.177829266 0.088748947 -0.035924904 0.119545519 -0.009476605 0.084363796 0.029609328 0.995949984
1403638538.227829456 0.088738933 -0.035879884 0.119370326 -0.009500773 0.084366679 0.029453449 0.995954096
1403638538.277829409 0.088683628 -0.035985980 0.119456738 -0.009367575 0.084399022 0.029539667 0.995950043
1403638538.327829599 0.088714361 -0.035894416 0.119306110 -0.009453084 0.084425516 0.029411996 0.995950818
1403638538.377829313 0.088728972 -0.035990465 0.119323559 -0.009475753 0.084537283 0.029246388 0.995945930
1403638538.427829504 0.088689998 -0.036114007 0.119495258 -0.009474646 0.084482923 0.029584542 0.995940626
1403638538.477829456 0.088704780 -0.036043473 0.119407125 -0.009434483 0.084460534 0.029460866 0.995946586
1403638538.527829409 0.088669568 -0.036171485 0.119353443 -0.009340208 0.084506989 0.029707588 0.995936155
1403638538.577829361 0.088672057 -0.036113203 0.119375996 -0.009510644 0.084711909 0.029310953 0.995928884
1403638538.627829552 0.088760518 -0.036056060 0.119549848 -0.008793246 0.084525689 0.029941333 0.995932579
1403638538.677829266 0.088746585 -0.036159344 0.119365565 -0.009040199 0.084326252 0.030048130 0.995944023
1403638538.727829456 0.088849664 -0.036302511 0.119258478 -0.008386638 0.084577590 0.029562199 0.995942950
1403638538.777829409 0.088732541 -0.036540572 0.119185597 -0.007669573 0.084247254 0.029463783 0.995979726
1403638538.827829599 0.088622101 -0.036689300 0.120066859 -0.007376639 0.083785124 0.029606765 0.996016681
1403638538.877829313 0.088315479 -0.037476242 0.120501265 -0.005812562 0.083140291 0.029745642 0.996076882
1403638538.927829504 0.088431336 -0.039151400 0.121344209 -0.002101351 0.083372906 0.029073771 0.996092021
1403638538.977829456 0.088347688 -0.041172359 0.123157382 0.002707073 0.083549254 0.028833736 0.996082783
1403638539.027829409 0.088685937 -0.043354426 0.125591144 0.006107511 0.084699109 0.029064741 0.995963931
1403638539.077829361 0.089053810 -0.046366844 0.128291756 0.012367693 0.085651323 0.029275298 0.995818198
1403638539.127829552 0.089314654 -0.050634008 0.131379649 0.017673068 0.085601270 0.030176127 0.995715618
1403638539.177829266 0.089748338 -0.055854417 0.134185150 0.021688048 0.085576475 0.030138265 0.995639563
1403638539.227829456 0.090034954 -0.063712619 0.136350662 0.026380479 0.085179925 0.029887507 0.995567799
1403638539.277829409 0.090431541 -0.073491037 0.137478709 0.028223304 0.084927984 0.029522376 0.995549738
1403638539.327829599 0.090875402 -0.085219324 0.137920126 0.028028272 0.084511831 0.029928481 0.995578527
1403638539.377829313 0.091456711 -0.098278984 0.137173548 0.026704125 0.084379978 0.029197533 0.995647788
1403638539.427829504 0.092151865 -0.113052823 0.136142418 0.025428930 0.083823159 0.029263051 0.995726287
1403638539.477829456 0.092871726 -0.129463300 0.133543894 0.023167459 0.083344407 0.028885128 0.995832682
1403638539.527829409 0.093610443 -0.146624133 0.131741703 0.022104006 0.082841031 0.028541695 0.995908737
1403638539.577829361 0.094428964 -0.163980767 0.129528254 0.021711746 0.082329758 0.027817579 0.995980263
1403638539.627829552 0.095244549 -0.181355894 0.129116297 0.021047410 0.081584312 0.028151257 0.996046484
1403638539.677829266 0.096035942 -0.194786206 0.130802199 0.020790765 0.080888480 0.028481165 0.996099293
1403638539.727829456 0.096795097 -0.206518680 0.131623745 0.020020483 0.080514036 0.027592020 0.996170402
1403638539.777829409 0.097440816 -0.214646220 0.133575693 0.018771891 0.080110133 0.026665397 0.996252477
1403638539.827829599 0.103213504 -0.212800965 0.135921687 0.017927988 0.079400346 0.026808633 0.996320963
1403638539.877829313 0.104641557 -0.217731863 0.139058083 0.015048430 0.078660123 0.026959199 0.996423244
1403638539.927829504 0.104274407 -0.225972444 0.144119740 0.011234161 0.077785820 0.026996911 0.996541202
1403638539.977829456 0.104149759 -0.233693093 0.149057522 0.006857994 0.077000372 0.027773395 0.996620595
1403638540.027829409 0.107603371 -0.237360269 0.156985477 0.001638472 0.076499745 0.028421141 0.996663153
1403638540.077829361 0.106972769 -0.248716578 0.159781739 -0.004037159 0.076319367 0.027841130 0.996686518
1403638540.127829552 0.105231524 -0.257099062 0.171282321 -0.009312131 0.076226644 0.028450442 0.996641099
1403638540.177829266 0.109623455 -0.267822295 0.181243390 -0.011509605 0.075861715 0.027818168 0.996663749
1403638540.227829456 0.109497838 -0.278855532 0.193899184 -0.009461164 0.075832397 0.026848802 0.996714175
1403638540.277829409 0.108050086 -0.289444506 0.206762880 -0.004009430 0.075984336 0.026156368 0.996757865
1403638540.327829599 0.110778555 -0.298431695 0.221966341 0.001951184 0.076018892 0.025466198 0.996779263
1403638540.377829313 0.113578998 -0.308543712 0.239314273 0.007222867 0.075405434 0.023907183 0.996840179
1403638540.427829504 0.109166473 -0.328874767 0.255424351 0.010068474 0.073567465 0.022457490 0.996986568
1403638540.477829456 0.107519396 -0.339416683 0.274672419 0.011479761 0.069961816 0.020620745 0.997270465
1403638540.527829409 0.106801830 -0.351622939 0.291114241 0.011784258 0.064563632 0.018069046 0.997680426
1403638540.577829361 0.109734863 -0.362068355 0.311992079 0.012076080 0.057459865 0.015211393 0.998158932
1403638540.627829552 0.105161749 -0.365707189 0.340626538 0.012853802 0.049712136 0.011595950 0.998613596
1403638540.677829266 0.105941497 -0.379828990 0.351900041 0.013174541 0.041224740 0.005506930 0.999047935
1403638540.727829456 0.106125325 -0.393206537 0.366544843 0.014761361 0.031865608 -0.002226512 0.999380767
1403638540.777829409 0.100320950 -0.406171679 0.392993778 0.015005356 0.021486448 -0.009963174 0.999606967
1403638540.827829599 0.096944898 -0.418289512 0.409357637 0.015841484 0.010107088 -0.018957933 0.999643683
1403638540.877829313 0.089197114 -0.426417083 0.433700114 0.015866529 -0.002165323 -0.027453866 0.999494851
1403638540.927829504 0.093243420 -0.437283099 0.454268694 0.016561449 -0.015426009 -0.035772022 0.999103725
1403638540.977829456 0.078431018 -0.453449279 0.479467332 0.016588312 -0.028362883 -0.041669436 0.998591065
1403638541.027829409 0.070830375 -0.468479663 0.497675568 0.016976506 -0.039972879 -0.046203800 0.997987628
1403638541.077829361 0.066367373 -0.479847342 0.519031942 0.017970676 -0.050693739 -0.049986523 0.997300625
1403638541.127829552 0.057548523 -0.484961003 0.545037806 0.019187113 -0.059260096 -0.053007852 0.996649504
1403638541.177829266 0.051997069 -0.494128197 0.567634761 0.019235956 -0.066484556 -0.055584434 0.996052325
1403638541.227829456 0.037242290 -0.505429924 0.591006398 0.018646065 -0.071797527 -0.057694755 0.995574594
1403638541.277829409 0.027490441 -0.512739897 0.616235852 0.019059021 -0.075622596 -0.059756342 0.995161951
1403638541.327829599 0.012786508 -0.527143896 0.638137698 0.018424660 -0.078498617 -0.060546838 0.994903326
1403638541.377829313 -0.004465537 -0.535520315 0.662608147 0.018602172 -0.079769075 -0.061158817 0.994761586
1403638541.427829504 -0.013782297 -0.551337898 0.682743549 0.017989291 -0.081324868 -0.060018744 0.994716287
1403638541.477829456 -0.032839686 -0.563368559 0.706686199 0.018904859 -0.081288934 -0.060569633 0.994668841
1403638541.527829409 -0.058891647 -0.576215804 0.738877714 0.020500740 -0.080211431 -0.061290547 0.994680524
1403638541.577829361 -0.077394120 -0.601483524 0.756717741 0.021247372 -0.080700085 -0.061617222 0.994605184
1403638541.627829552 -0.097315595 -0.613667309 0.777791977 0.022861047 -0.082351975 -0.062514365 0.994377971
1403638541.677829266 -0.125318125 -0.641445935 0.795608878 0.023458339 -0.085668929 -0.061441459 0.994150639
1403638541.727829456 -0.141468942 -0.660805881 0.816007912 0.024532454 -0.090802468 -0.062090434 0.993628621
1403638541.777829409 -0.170173749 -0.688281834 0.830926716 0.024203630 -0.097171813 -0.060827300 0.993112206
1403638541.827829599 -0.198514193 -0.712889493 0.844299257 0.024172492 -0.104199976 -0.060557894 0.992416680
1403638541.877829313 -0.227023780 -0.738847375 0.865380883 0.024274409 -0.111760139 -0.061579701 0.991528332
1403638541.927829504 -0.257627368 -0.763092458 0.882468700 0.022953058 -0.120168753 -0.063685164 0.990442812
1403638541.977829456 -0.281563818 -0.784575522 0.892257929 0.022337198 -0.129473448 -0.066766001 0.989080429
1403638542.027829409 -0.309626400 -0.805540085 0.910438478 0.021381494 -0.139815435 -0.069202371 0.987524986
1403638542.077829361 -0.342028677 -0.827063143 0.931028068 0.020533882 -0.150472164 -0.072892703 0.985709488
1403638542.127829552 -0.367236584 -0.845656216 0.945661426 0.020213094 -0.161944389 -0.077634960 0.983533561
1403638542.177829266 -0.397042274 -0.861925662 0.960574031 0.020288218 -0.174350545 -0.080972448 0.981139064
1403638542.227829456 -0.430314928 -0.874942005 0.976309597 0.019317906 -0.186611459 -0.085754678 0.978493333
1403638542.277829409 -0.458469242 -0.895567417 0.993608594 0.018134397 -0.199409649 -0.092393532 0.975382209
1403638542.327829599 -0.497723937 -0.912374258 1.018581748 0.018263899 -0.211712629 -0.097510330 0.972283900
1403638542.377829313 -0.521382511 -0.925148129 1.044920206 0.022361163 -0.223048702 -0.102514178 0.969144046
1403638542.427829504 -0.555621505 -0.938057840 1.058951497 0.029173998 -0.231715366 -0.108991496 0.966218293
1403638542.477829456 -0.582920253 -0.948820829 1.082425833 0.037911978 -0.239201114 -0.116100408 0.963258147
1403638542.527829409 -0.616540790 -0.963111222 1.101851225 0.044975385 -0.243277997 -0.124450319 0.960887730
1403638542.577829361 -0.647363365 -0.968792737 1.120079994 0.052472051 -0.246053308 -0.133550182 0.958576500
1403638542.627829552 -0.682372928 -0.980909050 1.134394884 0.054167535 -0.249173149 -0.138296232 0.957002044
1403638542.677829266 -0.715127349 -0.987983108 1.147678971 0.054874822 -0.251744539 -0.140973076 0.955897570
1403638542.727829456 -0.751214683 -0.999767840 1.161686420 0.051365871 -0.255099773 -0.139312387 0.955446422
1403638542.777829409 -0.790403843 -1.013579011 1.169768572 0.046579175 -0.258847058 -0.134862110 0.955322385
1403638542.827829599 -0.821662188 -1.024951220 1.180831432 0.042969055 -0.261748105 -0.131450415 0.955176651
1403638542.877829313 -0.855024278 -1.043003798 1.185198069 0.037416179 -0.263832301 -0.128304377 0.955264688
1403638542.927829504 -0.893261909 -1.060004950 1.188676834 0.033270668 -0.265345156 -0.125196174 0.955411494
1403638542.977829456 -0.927529097 -1.078323007 1.194705009 0.029845456 -0.266267776 -0.123228148 0.955523729
1403638543.027829409 -0.970935941 -1.095442176 1.194684982 0.026810175 -0.266616881 -0.121075325 0.955791593
1403638543.077829361 -1.011602879 -1.109971046 1.193796277 0.024796413 -0.266816020 -0.119526185 0.955985308
1403638543.127829552 -1.053783298 -1.129484415 1.195398092 0.023737004 -0.266464561 -0.117691562 0.956337750
1403638543.177829266 -1.090759873 -1.140751243 1.198836327 0.023771031 -0.265931815 -0.117366023 0.956525207
1403638543.227829456 -1.130409718 -1.156375527 1.200742841 0.023061013 -0.265285969 -0.116634883 0.956811368
1403638543.277829409 -1.170617819 -1.165531874 1.212502956 0.023970548 -0.265253842 -0.115040377 0.956990957
1403638543.327829599 -1.209309340 -1.175068140 1.215786695 0.023217427 -0.264551848 -0.114524618 0.957265615
1403638543.377829313 -1.255646944 -1.182490468 1.219506860 0.022837147 -0.264183939 -0.114471786 0.957382679
1403638543.427829504 -1.293513298 -1.195599079 1.224622011 0.022159891 -0.266261548 -0.115210488 0.956734180
1403638543.477829456 -1.336886644 -1.203762412 1.228856564 0.021797113 -0.268745929 -0.116961524 0.955835044
1403638543.527829409 -1.374368310 -1.202436447 1.238707066 0.021835055 -0.273886979 -0.118918836 0.954131842
1403638543.577829361 -1.417894483 -1.213982701 1.236251712 0.021337871 -0.279434502 -0.123115115 0.951999843
1403638543.627829552 -1.459443927 -1.216404080 1.244593620 0.021549864 -0.286664337 -0.128804743 0.949088275
1403638543.677829266 -1.504114747 -1.223666191 1.250236750 0.021976078 -0.295426548 -0.133794799 0.945695102
1403638543.727829456 -1.546708584 -1.224532962 1.257637501 0.022563681 -0.305378199 -0.139639184 0.941666603
1403638543.777829409 -1.590983987 -1.228957176 1.264408708 0.023800932 -0.315953821 -0.145618856 0.937231004
1403638543.827829599 -1.633111119 -1.238193274 1.267601609 0.025703967 -0.326469690 -0.153101221 0.932371676
1403638543.877829313 -1.681326866 -1.244144201 1.264532447 0.026931051 -0.337750316 -0.157891676 0.927507222
1403638543.927829504 -1.726439834 -1.254629850 1.262946129 0.027476659 -0.349367440 -0.162717968 0.922339618
1403638543.977829456 -1.770017743 -1.266936421 1.262284279 0.027565995 -0.359638244 -0.165006980 0.917972326
1403638544.027829409 -1.819063425 -1.279880166 1.270984650 0.026111778 -0.369873524 -0.166171372 0.913728058
1403638544.077829361 -1.866143227 -1.293410301 1.267721176 0.023409430 -0.378428429 -0.166310400 0.910266399
1403638544.127829552 -1.919377208 -1.308635950 1.262111902 0.022752885 -0.384289801 -0.167249203 0.907651544
1403638544.177829266 -1.963064194 -1.323690891 1.268912196 0.021288903 -0.390983105 -0.165592268 0.905128837
1403638544.227829456 -2.012835503 -1.339025497 1.270007491 0.021471351 -0.394967884 -0.165512919 0.903407395
1403638544.277829409 -2.064486265 -1.346435785 1.268809080 0.021313043 -0.398155510 -0.164493263 0.902197301
1403638544.327829599 -2.112903833 -1.357637882 1.280297875 0.020989763 -0.400325388 -0.165406406 0.901076972
1403638544.377829313 -2.162582159 -1.365545988 1.280959129 0.020383829 -0.400928855 -0.165899977 0.900731802
1403638544.427829504 -2.207537651 -1.373892069 1.289119720 0.019024212 -0.401675344 -0.166134760 0.900385618
1403638544.477829456 -2.256071806 -1.383921981 1.292868376 0.018793428 -0.401020288 -0.167181790 0.900488675
1403638544.527829409 -2.305796862 -1.389809608 1.301797748 0.020727202 -0.400912911 -0.166727290 0.900578320
1403638544.577829361 -2.356234312 -1.397487402 1.312839746 0.023476344 -0.402073115 -0.165651202 0.900192082
1403638544.627829552 -2.408041477 -1.408839703 1.316327333 0.028511116 -0.403730065 -0.164106339 0.899587870
1403638544.677829266 -2.452749252 -1.414023399 1.325717211 0.033548541 -0.405631065 -0.162601590 0.898831904
1403638544.727829456 -2.500166655 -1.430631161 1.331681013 0.034979649 -0.406804472 -0.162315175 0.898298681
1403638544.777829409 -2.543910742 -1.441293478 1.331966400 0.033526752 -0.407057762 -0.162752569 0.898160160
1403638544.827829599 -2.587810755 -1.452421427 1.342097878 0.031351238 -0.407175928 -0.164588213 0.897850573
1403638544.877829313 -2.635819197 -1.465632558 1.345937133 0.027172878 -0.407028019 -0.165821522 0.897826850
1403638544.927829504 -2.686283112 -1.467923999 1.353489518 0.026117498 -0.406881660 -0.166561604 0.897787571
1403638544.977829456 -2.729450703 -1.484440088 1.360829949 0.024901206 -0.407560229 -0.166078895 0.897603691
1403638545.027829409 -2.775198460 -1.491588116 1.373146415 0.025612105 -0.408380330 -0.165623039 0.897295177
1403638545.077829361 -2.821782827 -1.496366024 1.378958464 0.026495503 -0.408610344 -0.165277258 0.897228599
1403638545.127829552 -2.868602991 -1.503106833 1.390234947 0.026825678 -0.409068376 -0.165558070 0.896958172
1403638545.177829266 -2.912381649 -1.505731106 1.403514981 0.026278088 -0.409202725 -0.166477814 0.896742880
1403638545.227829456 -2.959725618 -1.506428361 1.414217353 0.025788009 -0.409113884 -0.167828962 0.896545768
1403638545.277829409 -3.002203465 -1.505897284 1.425344825 0.026701445 -0.409495234 -0.168094039 0.896295249
1403638545.327829599 -3.051717043 -1.507216930 1.441555738 0.028680490 -0.409872890 -0.167742446 0.896127343
1403638545.377829313 -3.096269608 -1.503270149 1.450558424 0.031309053 -0.410316646 -0.166794628 0.896013200
1403638545.427829504 -3.135873556 -1.501168489 1.472393513 0.030437147 -0.411344618 -0.166060865 0.895708144
1403638545.477829456 -3.184419870 -1.497853518 1.478419304 0.029937286 -0.412594289 -0.165968910 0.895167053
1403638545.527829409 -3.227684259 -1.495489478 1.490544081 0.029261626 -0.415716082 -0.166933432 0.893564284
1403638545.577829361 -3.271878242 -1.491550922 1.498830438 0.028170180 -0.419923067 -0.169181764 0.891206324
1403638545.627829552 -3.317707062 -1.492697239 1.510306835 0.026826078 -0.426513910 -0.170562670 0.887848377
1403638545.677829266 -3.360886097 -1.492256165 1.521615982 0.026603490 -0.433793992 -0.173733890 0.883703291
1403638545.727829456 -3.402546883 -1.493610263 1.523455024 0.024841256 -0.441176414 -0.177690983 0.879302144
1403638545.777829409 -3.447794676 -1.492762685 1.528624058 0.025552666 -0.449873239 -0.182442188 0.873885632
1403638545.827829599 -3.488920927 -1.503783107 1.537215114 0.025678996 -0.460071832 -0.187260032 0.867529988
1403638545.877829313 -3.536998510 -1.513929367 1.544268847 0.024672734 -0.470332146 -0.192322373 0.860924542
1403638545.927829504 -3.578190088 -1.520335913 1.548572302 0.025530420 -0.480587006 -0.198982418 0.853692174
1403638545.977829456 -3.623136520 -1.528832197 1.550921440 0.025233146 -0.490891129 -0.205062032 0.846368015
1403638546.027829409 -3.667364836 -1.543206096 1.557945967 0.026146458 -0.499538809 -0.211350217 0.839707375
1403638546.077829361 -3.712212324 -1.553657651 1.563609838 0.027334142 -0.507152498 -0.217249498 0.833577812
1403638546.127829552 -3.756947517 -1.568467736 1.573930979 0.027719593 -0.514234960 -0.221153244 0.828181922
1403638546.177829266 -3.797487974 -1.577445388 1.567389488 0.027482903 -0.520520508 -0.222849593 0.823796809
1403638546.227829456 -3.841572285 -1.586223006 1.574832439 0.026676847 -0.525326550 -0.224902421 0.820206821
1403638546.277829409 -3.884261608 -1.590100288 1.579004288 0.026398942 -0.529142976 -0.226448968 0.817332089
1403638546.327829599 -3.933973074 -1.596088767 1.586863041 0.024682133 -0.533151507 -0.225583568 0.815016806
1403638546.377829313 -3.979737520 -1.597867489 1.596344709 0.023438474 -0.535840392 -0.224612296 0.813557029
1403638546.427829504 -4.027624130 -1.602022767 1.599958658 0.021595495 -0.537686408 -0.223954201 0.812570930
1403638546.477829456 -4.070361137 -1.602074504 1.611498833 0.021539824 -0.538914502 -0.224270716 0.811671078
1403638546.527829409 -4.118503094 -1.601213694 1.616163969 0.021068970 -0.539793015 -0.224703431 0.810979724
1403638546.577829361 -4.167562485 -1.604650855 1.625787258 0.021438144 -0.541493297 -0.226422057 0.809356928
1403638546.627829552 -4.215831280 -1.605870843 1.627715111 0.021705979 -0.544217765 -0.227769181 0.807141304
1403638546.677829266 -4.262434483 -1.610199928 1.631247759 0.022286255 -0.547491014 -0.229285717 0.804478109
1403638546.727829456 -4.308329582 -1.616868615 1.636953592 0.022550052 -0.550658286 -0.230435669 0.801976621
1403638546.777829409 -4.358051777 -1.625899792 1.639668465 0.023278764 -0.552721739 -0.232582778 0.799913824
1403638546.827829599 -4.405742168 -1.636138439 1.645430088 0.024152102 -0.554648876 -0.234840006 0.797891915
1403638546.877829313 -4.454987526 -1.649104714 1.647238731 0.024441499 -0.556116760 -0.236456499 0.796382487
1403638546.927829504 -4.500305653 -1.657464266 1.646036148 0.025338979 -0.556874573 -0.238428116 0.795236290
1403638546.977829456 -4.552020550 -1.667009592 1.649291515 0.026699712 -0.557215571 -0.241038173 0.794165373
1403638547.027829409 -4.601561546 -1.672561646 1.650023937 0.027707985 -0.557669938 -0.242549315 0.793351352
1403638547.077829361 -4.651003361 -1.679806828 1.655714273 0.029052498 -0.557523668 -0.244844258 0.792700768
1403638547.127829552 -4.702139378 -1.679328442 1.656925917 0.030854730 -0.556762576 -0.247714847 0.792275786
1403638547.177829266 -4.756524086 -1.685182095 1.660824776 0.031195549 -0.556655943 -0.249127716 0.791894257
1403638547.227829456 -4.806583881 -1.685472846 1.662034988 0.032082487 -0.556279242 -0.250626147 0.791650593
1403638547.277829409 -4.859148026 -1.684807539 1.664855719 0.033334874 -0.555841565 -0.251564413 0.791608751
1403638547.327829599 -4.911209106 -1.682067633 1.667663097 0.033565726 -0.555594444 -0.251918018 0.791659951
1403638547.377829313 -4.966001034 -1.681634784 1.664139032 0.030922873 -0.556984246 -0.247834235 0.792079866
1403638547.427829504 -5.017360687 -1.678143263 1.663034439 0.028287871 -0.557588160 -0.245616794 0.792444170
1403638547.477829456 -5.074878216 -1.671881795 1.659638882 0.026245859 -0.558578849 -0.241991997 0.792931736
1403638547.527829409 -5.125789165 -1.666768312 1.663352489 0.023622571 -0.559277534 -0.239583462 0.793253124
1403638547.577829361 -5.181317806 -1.662621856 1.661400318 0.021468626 -0.559409857 -0.237559184 0.793829620
1403638547.627829552 -5.235457420 -1.652038455 1.663536310 0.020667449 -0.559486508 -0.236154601 0.794215918
1403638547.677829266 -5.290340424 -1.643710375 1.666235924 0.020471988 -0.559075892 -0.235692263 0.794647336
1403638547.727829456 -5.346566677 -1.636126876 1.665636778 0.021146296 -0.558176517 -0.236757472 0.794945121
1403638547.777829409 -5.402325630 -1.624363065 1.665590286 0.022301124 -0.557539701 -0.237496048 0.795140207
1403638547.827829599 -5.461218834 -1.608306170 1.667118073 0.025495430 -0.555768967 -0.240984976 0.795233965
1403638547.877829313 -5.515722752 -1.596322298 1.670872211 0.027378533 -0.555730522 -0.241054237 0.795177341
1403638547.927829504 -5.575724602 -1.584504724 1.667879105 0.025903916 -0.555545926 -0.241147414 0.795327425
1403638547.977829456 -5.634658813 -1.575479150 1.665499210 0.026860589 -0.555965185 -0.241207734 0.794984281
1403638548.027829409 -5.695343494 -1.566516519 1.661893845 0.024776563 -0.557241082 -0.241181463 0.794166207
1403638548.077829361 -5.750639915 -1.559432745 1.662162304 0.023772268 -0.559679091 -0.241538227 0.792372048
1403638548.127829552 -5.813757896 -1.552196145 1.646242142 0.023431167 -0.562112093 -0.242446348 0.790380180
1403638548.177829266 -5.875368595 -1.550438166 1.639140129 0.022293504 -0.566097021 -0.243780717 0.787151933
1403638548.227829456 -5.936939716 -1.546687484 1.631827831 0.022187669 -0.571064651 -0.244666472 0.783282340
1403638548.277829409 -5.997379303 -1.548495889 1.620862007 0.020369215 -0.576580524 -0.247086570 0.778516769
1403638548.327829599 -6.055856228 -1.550123930 1.610366344 0.020645382 -0.583138824 -0.248751312 0.773075521
1403638548.377829313 -6.119840622 -1.551265478 1.595563889 0.019572182 -0.589440584 -0.252227873 0.767175257
1403638548.427829504 -6.183010578 -1.557806492 1.576759338 0.019438701 -0.595911145 -0.255262077 0.761152625
1403638548.477829456 -6.244785786 -1.560034037 1.564793587 0.019483436 -0.602134049 -0.256743520 0.755736649
1403638548.527829409 -6.305998802 -1.563061476 1.549659252 0.019501904 -0.607421517 -0.258218944 0.750987172
1403638548.577829361 -6.369918346 -1.565083981 1.538865566 0.020141019 -0.612192214 -0.259853035 0.746519625
1403638548.627829552 -6.433726311 -1.563875437 1.523938656 0.020430908 -0.615956962 -0.261068553 0.742982447
1403638548.677829266 -6.501329899 -1.568772554 1.511641502 0.019952537 -0.619281590 -0.261778384 0.739975870
1403638548.727829456 -6.564120293 -1.571515799 1.495049000 0.019997949 -0.621426880 -0.263284624 0.737638116
1403638548.777829409 -6.628916740 -1.566003323 1.486557961 0.020268882 -0.623752356 -0.263549894 0.735570252
1403638548.827829599 -6.695807457 -1.571988344 1.469053268 0.019338479 -0.625023723 -0.264682323 0.734108150
1403638548.877829313 -6.760163307 -1.571925879 1.461539268 0.019662047 -0.626340866 -0.265174180 0.732798219
1403638548.927829504 -6.826802254 -1.573650599 1.445339203 0.019488571 -0.627624273 -0.264338046 0.732006490
1403638548.977829456 -6.895767212 -1.582124710 1.428813457 0.019175397 -0.627852619 -0.265123993 0.731534481
1403638549.027829409 -6.959701538 -1.590276480 1.412222862 0.019148471 -0.627691031 -0.266603053 0.731136203
1403638549.077829361 -7.028011322 -1.599013567 1.401577950 0.018746421 -0.628623128 -0.265252918 0.730836868
1403638549.127829552 -7.098805428 -1.613059044 1.383617401 0.018191501 -0.628968596 -0.264422625 0.730854571
1403638549.177829266 -7.168627739 -1.620707750 1.362895012 0.019108539 -0.628957570 -0.263824135 0.731056809
1403638549.227829456 -7.234782219 -1.634094000 1.339790344 0.018618383 -0.628736138 -0.263700932 0.731304467
1403638549.277829409 -7.304867268 -1.646636724 1.325285912 0.018272392 -0.628998578 -0.262497127 0.731520534
1403638549.327829599 -7.373958588 -1.661756039 1.307189465 0.017394364 -0.629324317 -0.260956675 0.731812894
1403638549.377829313 -7.445554733 -1.680622101 1.283862114 0.016473563 -0.629459977 -0.259374052 0.732279897
1403638549.427829504 -7.513599873 -1.697988272 1.267842770 0.015939299 -0.629882753 -0.257597893 0.732555151
1403638549.477829456 -7.583112717 -1.706084013 1.248885632 0.014995375 -0.629829228 -0.256258219 0.733090758
1403638549.527829409 -7.653953552 -1.719577074 1.230122566 0.014890937 -0.629710853 -0.255640835 0.733410060
1403638549.577829361 -7.723777771 -1.737192631 1.217601776 0.015835134 -0.630245864 -0.254220814 0.733424366
1403638549.627829552 -7.794404507 -1.748523235 1.201846123 0.017077124 -0.630430937 -0.253252894 0.733572304
1403638549.677829266 -7.864470482 -1.758337259 1.186039925 0.017546954 -0.630326331 -0.252393156 0.733947277
1403638549.727829456 -7.934329987 -1.769618273 1.173444748 0.019082880 -0.629576564 -0.254125088 0.733954847
1403638549.777829409 -8.009768486 -1.781999826 1.155512333 0.017617976 -0.629282355 -0.254047573 0.734270632
1403638549.827829599 -8.078009605 -1.794434071 1.138794422 0.016471131 -0.629189253 -0.253865093 0.734440088
1403638549.877829313 -8.144870758 -1.809419155 1.129788399 0.015659956 -0.628897011 -0.254614294 0.734448791
1403638549.927829504 -8.215095520 -1.820297003 1.112035751 0.015952274 -0.628304124 -0.255297691 0.734712660
1403638549.977829456 -8.287764549 -1.840457201 1.093449593 0.014398812 -0.628382206 -0.254772395 0.734860241
1403638550.027829409 -8.357722282 -1.868342876 1.077614784 0.013799865 -0.628513217 -0.254720151 0.734777749
1403638550.077829361 -8.429200172 -1.881309271 1.055694103 0.013584355 -0.628273726 -0.254222929 0.735158682
1403638550.127829552 -8.497558594 -1.904943228 1.043959618 0.012316176 -0.629094958 -0.253209382 0.734828472
1403638550.177829266 -8.569589615 -1.931822062 1.025507927 0.012310822 -0.629082322 -0.253813654 0.734630883
1403638550.227829456 -8.643719673 -1.962633610 1.006525040 0.011485188 -0.629227817 -0.254386812 0.734321415
1403638550.277829409 -8.715583801 -1.990900755 0.987460613 0.012034105 -0.628970623 -0.255224794 0.734242201
1403638550.327829599 -8.783263206 -2.015468836 0.972556591 0.012725117 -0.629129946 -0.255463451 0.734010935
1403638550.377829313 -8.857340813 -2.045392990 0.954720020 0.013298686 -0.629216313 -0.255703688 0.733843148
1403638550.427829504 -8.928356171 -2.069169044 0.941240311 0.012848988 -0.630328417 -0.253737450 0.733579099
1403638550.477829456 -8.997444153 -2.097970963 0.929303646 0.011929103 -0.630934358 -0.252988040 0.733332634
1403638550.527829409 -9.072841644 -2.117763758 0.911340714 0.010191282 -0.631528139 -0.251017123 0.733524919
1403638550.577829361 -9.142575264 -2.144745827 0.899676323 0.010322523 -0.632501841 -0.249070257 0.733347714
1403638550.627829552 -9.213119507 -2.162406921 0.891860008 0.011468220 -0.633775055 -0.245862439 0.733313978
1403638550.677829266 -9.288299561 -2.183933020 0.879428864 0.013390716 -0.634658158 -0.243528008 0.733296633
1403638550.727829456 -9.359064102 -2.199572086 0.871904373 0.013931789 -0.635560811 -0.241304368 0.733239830
1403638550.777829409 -9.429430008 -2.220479250 0.863962173 0.014886790 -0.635865569 -0.239934340 0.733406425
1403638550.827829599 -9.497467041 -2.241453409 0.856833458 0.017891977 -0.636710882 -0.237371847 0.733439744
1403638550.877829313 -9.571985245 -2.259675741 0.852663040 0.021659931 -0.638294160 -0.233456686 0.733218610
1403638550.927829504 -9.638352394 -2.274628401 0.849973679 0.026397251 -0.639222860 -0.229742736 0.733427405
1403638550.977829456 -9.711425781 -2.294560194 0.845270157 0.029438712 -0.640235662 -0.226865157 0.733323872
1403638551.027829409 -9.773731232 -2.308763504 0.846337318 0.031779565 -0.641322315 -0.224064469 0.733137727
1403638551.077829361 -9.837903023 -2.321602583 0.845132828 0.034033380 -0.641816437 -0.221924797 0.733255029
1403638551.127829552 -9.902908325 -2.336707115 0.839670181 0.033590052 -0.642338097 -0.219970822 0.733407378
1403638551.177829266 -9.963915825 -2.354267597 0.838682175 0.032893375 -0.643727720 -0.217191458 0.733048856
1403638551.227829456 -10.025204659 -2.377302170 0.839496613 0.031787395 -0.644279897 -0.216582805 0.732792556
1403638551.277829409 -10.073808670 -2.404244184 0.845145226 0.030161673 -0.644207120 -0.216347590 0.732994676
1403638551.327829599 -10.129818916 -2.425910234 0.847179413 0.027380535 -0.642111719 -0.217370957 0.734637916
1403638551.377829313 -10.182478905 -2.443986893 0.850268364 0.024458906 -0.638763905 -0.215833604 0.738104582
1403638551.427829504 -10.235361099 -2.473213673 0.856215477 0.021133084 -0.633789003 -0.214774460 0.742789984
1403638551.477829456 -10.283827782 -2.494080782 0.863378525 0.018271705 -0.627439797 -0.212115064 0.748994410
1403638551.527829409 -10.337551117 -2.518799067 0.871710777 0.014794444 -0.620480359 -0.207967758 0.755999148
1403638551.577829361 -10.387134552 -2.539113522 0.886678696 0.013465093 -0.613156736 -0.202200219 0.763526499
1403638551.627829552 -10.429642677 -2.557495356 0.897276878 0.009529472 -0.605206430 -0.196219131 0.771448314
1403638551.677829266 -10.479775429 -2.578078985 0.911221504 0.007056329 -0.596814632 -0.190539062 0.779395521
1403638551.727829456 -10.524843216 -2.599185705 0.928428650 0.006512937 -0.587891042 -0.185265481 0.787412524
1403638551.777829409 -10.565224648 -2.616683960 0.950129986 0.006231252 -0.578688085 -0.180305153 0.795343518
1403638551.827829599 -10.613838196 -2.630397320 0.972394943 0.006729086 -0.569607377 -0.175463408 0.802941382
1403638551.877829313 -10.646212578 -2.654051304 0.998326778 0.008492080 -0.561515868 -0.172822922 0.809172511
1403638551.927829504 -10.684504509 -2.677959919 1.026791573 0.012486396 -0.553525329 -0.173233390 0.814520776
1403638551.977829456 -10.725366592 -2.697956562 1.045325756 0.017315073 -0.546556532 -0.173121303 0.819149077
1403638552.027829409 -10.758157730 -2.732996464 1.073949337 0.021597849 -0.540549099 -0.174362242 0.822762430
1403638552.077829361 -10.798509598 -2.759708881 1.099082470 0.024712656 -0.535426259 -0.174933553 0.825897276
1403638552.127829552 -10.824981689 -2.791372776 1.129900455 0.024714973 -0.531760991 -0.175982967 0.828039587
1403638552.177829266 -10.856379509 -2.823214293 1.158634663 0.022534786 -0.529151917 -0.176161155 0.829733551
1403638552.227829456 -10.883390427 -2.855492353 1.183788300 0.020765265 -0.526781440 -0.176936731 0.831121802
1403638552.277829409 -10.910932541 -2.887598753 1.214242935 0.019068850 -0.525297821 -0.177262247 0.832031727
1403638552.327829599 -10.941350937 -2.918929100 1.239733696 0.018636117 -0.524327338 -0.176702350 0.832772374
1403638552.377829313 -10.963603020 -2.951067924 1.270207882 0.018525355 -0.525175512 -0.173759833 0.832859635
1403638552.427829504 -10.984668732 -2.983126163 1.306176186 0.021908438 -0.526743710 -0.169423372 0.832680583
1403638552.477829456 -11.006804466 -3.015905380 1.339066505 0.024623046 -0.528459370 -0.165204912 0.832365274
1403638552.527829409 -11.029981613 -3.053228140 1.369338512 0.026936417 -0.529508233 -0.162282646 0.832201779
1403638552.577829361 -11.051098824 -3.073090553 1.405782223 0.030280450 -0.530741274 -0.159457460 0.831847429
1403638552.627829552 -11.062595367 -3.096895456 1.451941490 0.032640751 -0.532181263 -0.158489555 0.831022799
1403638552.677829266 -11.081405640 -3.126788139 1.485858917 0.033026416 -0.532174945 -0.159783602 0.830763757
1403638552.727829456 -11.094703674 -3.145585060 1.524500847 0.032928880 -0.532643318 -0.159899473 0.830445111
1403638552.777829409 -11.109378815 -3.180792809 1.556084633 0.032389402 -0.532323837 -0.162081063 0.830248177
1403638552.827829599 -11.117982864 -3.206375599 1.599864960 0.032301016 -0.532912314 -0.163613260 0.829573333
1403638552.877829313 -11.122898102 -3.230861187 1.645405293 0.032806560 -0.533083677 -0.166830823 0.828802168
1403638552.927829504 -11.126827240 -3.252352476 1.692826748 0.032824289 -0.533383071 -0.170696333 0.827821195
1403638552.977829456 -11.133296013 -3.274208784 1.739555359 0.034758832 -0.533127010 -0.174395144 0.827135861
1403638553.027829409 -11.140803337 -3.296433210 1.774940491 0.034808245 -0.532114208 -0.178769067 0.826852202
1403638553.077829361 -11.141493797 -3.314722300 1.828883171 0.036535159 -0.532937050 -0.181283087 0.825699627
1403638553.127829552 -11.140654564 -3.330392122 1.875681877 0.037845898 -0.534371197 -0.180177554 0.824955344
1403638553.177829266 -11.135675430 -3.354047298 1.929826260 0.040762842 -0.537274599 -0.177277014 0.823557734
1403638553.227829456 -11.135145187 -3.372662067 1.966409683 0.044340014 -0.539035439 -0.173170418 0.823095858
1403638553.277829409 -11.135843277 -3.380639076 2.015912533 0.049278013 -0.540792108 -0.170278639 0.822265625
1403638553.327829599 -11.130990028 -3.404148340 2.052085400 0.052787378 -0.541583419 -0.168885916 0.821814179
1403638553.377829313 -11.117444992 -3.449138403 2.104108810 0.054419294 -0.542745829 -0.171215922 0.820457637
1403638553.427829504 -11.108545303 -3.461565018 2.141769409 0.059671476 -0.541569889 -0.173416391 0.820407271
1403638553.477829456 -11.093476295 -3.475349903 2.187014580 0.063958988 -0.541039526 -0.175129622 0.820070207
1403638553.527829409 -11.076828003 -3.478647470 2.214992046 0.068363711 -0.539590955 -0.176118776 0.820457339
1403638553.577829361 -11.062515259 -3.521671295 2.253989697 0.070685573 -0.539071441 -0.178883299 0.820003927
1403638553.627829552 -11.029323578 -3.546726465 2.295207024 0.072087683 -0.539063990 -0.180539101 0.819523633
1403638553.677829266 -11.003487587 -3.572477818 2.330999851 0.072263844 -0.538860500 -0.181797326 0.819363832
1403638553.727829456 -10.980452538 -3.601721764 2.359332561 0.072283089 -0.538215399 -0.183037251 0.819510102
1403638553.777829409 -10.949614525 -3.634967327 2.392179966 0.071038574 -0.537958980 -0.184688956 0.819416702
1403638553.827829599 -10.919170380 -3.663116693 2.426886559 0.070021436 -0.537633359 -0.185796514 0.819467545
1403638553.877829313 -10.884227753 -3.694203615 2.456151009 0.068540365 -0.537257433 -0.186888218 0.819591045
1403638553.927829504 -10.849424362 -3.724307775 2.481271267 0.067503527 -0.536445677 -0.188008204 0.819952607
1403638553.977829456 -10.817151070 -3.753230333 2.494824886 0.063559540 -0.535706460 -0.187470913 0.820873678
1403638554.027829409 -10.778941154 -3.778069973 2.518905163 0.060097296 -0.535561383 -0.187386870 0.821248174
1403638554.077829361 -10.733438492 -3.807071924 2.560336113 0.058554199 -0.535878003 -0.189122945 0.820755005
1403638554.127829552 -10.698153496 -3.830417395 2.576066971 0.056799747 -0.534863651 -0.189945281 0.821349859
1403638554.177829266 -10.660243988 -3.867530346 2.605706215 0.052297499 -0.533335090 -0.195060283 0.821443975
1403638554.227829456 -10.612506866 -3.876150846 2.642483711 0.048027139 -0.532222390 -0.199592561 0.821337700
1403638554.277829409 -10.571581841 -3.897288084 2.666969299 0.043032698 -0.530552208 -0.203928322 0.821630001
1403638554.327829599 -10.527442932 -3.925610065 2.692539692 0.039228946 -0.529237449 -0.208386332 0.821549773
1403638554.377829313 -10.475899696 -3.953786135 2.735447884 0.035974525 -0.529465139 -0.211728916 0.820696890
1403638554.427829504 -10.435500145 -3.952775240 2.749394894 0.035421029 -0.528090596 -0.212867051 0.821312010
1403638554.477829456 -10.397782326 -3.975244284 2.778491020 0.033770017 -0.527720511 -0.214949027 0.821077108
1403638554.527829409 -10.358043671 -3.980440617 2.795718193 0.033830449 -0.527133822 -0.214727134 0.821509480
1403638554.577829361 -10.315631866 -4.000846863 2.827623844 0.032208044 -0.528291345 -0.213921845 0.821041107
1403638554.627829552 -10.276424408 -4.012920380 2.836731911 0.029871225 -0.528194249 -0.212011024 0.821687222
1403638554.677829266 -10.227355957 -4.034502983 2.887330532 0.028035410 -0.531689405 -0.207646817 0.820611477
1403638554.727829456 -10.177782059 -4.053784370 2.899670601 0.027775414 -0.531890094 -0.205705002 0.820979297
1403638554.777829409 -10.136741638 -4.072772503 2.920350075 0.026061913 -0.533685207 -0.201708227 0.820862234
1403638554.827829599 -10.098137856 -4.089642048 2.946787357 0.026272474 -0.534297943 -0.200991482 0.820632637
1403638554.877829313 -10.057000160 -4.111322403 2.968930721 0.026247215 -0.535106599 -0.198750466 0.820652366
1403638554.927829504 -10.016269684 -4.134360313 2.996537685 0.026299516 -0.535858810 -0.197302550 0.820509255
1403638554.977829456 -9.975868225 -4.157557011 3.014767170 0.026180493 -0.535470307 -0.194966331 0.821324766
1403638555.027829409 -9.936277390 -4.173421383 3.038357258 0.026673695 -0.533310473 -0.193677217 0.823017418
1403638555.077829361 -9.894561768 -4.193120003 3.065052986 0.026515301 -0.529970586 -0.193524972 0.825212896
1403638555.127829552 -9.857585907 -4.212970734 3.085930347 0.026216906 -0.524950683 -0.193335027 0.828469157
1403638555.177829266 -9.813106537 -4.228638172 3.108301163 0.025360186 -0.519945204 -0.191958249 0.831965089
1403638555.227829456 -9.772544861 -4.243561745 3.143284321 0.024983896 -0.515155315 -0.189712405 0.835464001
1403638555.277829409 -9.728397369 -4.256348610 3.169944286 0.023995593 -0.510383308 -0.187702462 0.838868797
1403638555.327829599 -9.690194130 -4.269541740 3.203956127 0.024157986 -0.506275773 -0.186595470 0.841595709
1403638555.377829313 -9.647465706 -4.279484749 3.226530552 0.026357267 -0.501316190 -0.187736794 0.844240665
1403638555.427829504 -9.609077454 -4.290116787 3.259409428 0.027106686 -0.497617334 -0.188381717 0.846259177
1403638555.477829456 -9.568705559 -4.302158356 3.289889812 0.028063474 -0.494715780 -0.188373312 0.847929418
1403638555.527829409 -9.531438828 -4.311161518 3.321309090 0.027774801 -0.492891580 -0.187156975 0.849269509
1403638555.577829361 -9.497056961 -4.320162773 3.351079464 0.028739234 -0.490972936 -0.187352940 0.850304961
1403638555.627829552 -9.454440117 -4.332027912 3.380493641 0.028069424 -0.489752173 -0.187048405 0.851098061
1403638555.677829266 -9.392608643 -4.343424797 3.412528038 0.027701011 -0.489773154 -0.186366990 0.851247489
1403638555.727829456 -9.351131439 -4.358516216 3.441073895 0.026604971 -0.489731431 -0.185696349 0.851453006
1403638555.777829409 -9.310273170 -4.376957417 3.467871189 0.025581473 -0.489098430 -0.186998174 0.851563275
1403638555.827829599 -9.269719124 -4.397736073 3.496397972 0.025243146 -0.489140332 -0.187532499 0.851431847
1403638555.877829313 -9.231219292 -4.413778305 3.526529312 0.025203943 -0.489259213 -0.188263819 0.851203203
1403638555.927829504 -9.189388275 -4.433948517 3.549482822 0.025615785 -0.488824874 -0.189555138 0.851153910
1403638555.977829456 -9.154306412 -4.455101967 3.581777096 0.026966987 -0.489250660 -0.190273330 0.850707173
1403638556.027829409 -9.114109993 -4.482038498 3.603361607 0.027043382 -0.488908201 -0.191114247 0.850713193
1403638556.077829361 -9.070475578 -4.507098675 3.637986183 0.026358940 -0.489113510 -0.192388371 0.850329280
1403638556.127829552 -9.032625198 -4.530559540 3.654654980 0.023442619 -0.488568693 -0.192928329 0.850605607
1403638556.177829266 -8.995703697 -4.552586555 3.677519321 0.018259849 -0.488095611 -0.192957163 0.850997567
1403638556.227829456 -8.957423210 -4.574485779 3.707859516 0.015223502 -0.487522244 -0.194721758 0.850983977
1403638556.277829409 -8.919041634 -4.588971138 3.740097046 0.013021229 -0.487956434 -0.194551751 0.850810587
1403638556.327829599 -8.880774498 -4.610907078 3.767335415 0.010790682 -0.487476021 -0.195590794 0.850879014
1403638556.377829313 -8.844771385 -4.629836082 3.795431137 0.008981601 -0.487385452 -0.195912972 0.850877702
1403638556.427829504 -8.810728073 -4.646404743 3.826416492 0.007303827 -0.487025231 -0.196613774 0.850938380
1403638556.477829456 -8.772719383 -4.662445545 3.855492592 0.004012560 -0.486225992 -0.198100850 0.851072490
1403638556.527829409 -8.744089127 -4.683001518 3.884089470 0.000924204 -0.485353678 -0.198941574 0.851383150
1403638556.577829361 -8.714172363 -4.704358578 3.920453548 -0.001606479 -0.485795945 -0.197815597 0.851392329
1403638556.627829552 -8.683005333 -4.721592903 3.944518566 -0.003873291 -0.486639023 -0.193331957 0.851933300
1403638556.677829266 -8.653647423 -4.748781204 3.985714436 -0.005830402 -0.488735825 -0.188358858 0.851835847
1403638556.727829456 -8.627182961 -4.767634392 4.022983551 -0.002396417 -0.490278810 -0.184266329 0.851860881
1403638556.777829409 -8.601559639 -4.791191101 4.055073738 0.000807211 -0.491371959 -0.180908844 0.851953566
1403638556.827829599 -8.574371338 -4.826216698 4.091379642 0.002233800 -0.492852360 -0.177331105 0.851848185
1403638556.877829313 -8.549811363 -4.850060463 4.127655983 0.003962240 -0.494001389 -0.174389735 0.851783514
1403638556.927829504 -8.520475388 -4.883625984 4.160464287 0.005228707 -0.494468302 -0.171748653 0.852042377
1403638556.977829456 -8.500841141 -4.910082817 4.206133366 0.006640140 -0.495389998 -0.170164049 0.851814985
1403638557.027829409 -8.472047806 -4.945792675 4.247089863 0.007295386 -0.495559990 -0.171051800 0.851532936
1403638557.077829361 -8.446252823 -4.975662231 4.286831379 0.008088739 -0.495080173 -0.172517598 0.851509154
1403638557.127829552 -8.417414665 -5.001098156 4.331501007 0.010046515 -0.494731247 -0.174038962 0.851381540
1403638557.177829266 -8.391650200 -5.028115273 4.376576900 0.010823986 -0.494776130 -0.174480572 0.851255596
1403638557.227829456 -8.366397858 -5.053441048 4.424664021 0.012043350 -0.494512618 -0.175474465 0.851188064
1403638557.277829409 -8.336761475 -5.079634666 4.464988708 0.012307088 -0.494301885 -0.175830945 0.851233065
1403638557.327829599 -8.311808586 -5.100568771 4.518453598 0.013145360 -0.494209945 -0.176817283 0.851069629
1403638557.377829313 -8.283270836 -5.125451565 4.568956375 0.014143298 -0.493953198 -0.178931460 0.850760698
1403638557.427829504 -8.254763603 -5.149181843 4.616200924 0.016087372 -0.493113130 -0.180972233 0.850781798
1403638557.477829456 -8.232052803 -5.174776554 4.668015957 0.018980529 -0.491825521 -0.185332671 0.850528836
1403638557.527829409 -8.203164101 -5.198874950 4.716117382 0.021325532 -0.490858316 -0.188216239 0.850398719
1403638557.577829361 -8.177177429 -5.225835800 4.772585392 0.023981746 -0.490422636 -0.190590784 0.850050449
1403638557.627829552 -8.151024818 -5.258587360 4.806914330 0.025197009 -0.489227653 -0.192141443 0.850354731
1403638557.677829266 -8.123949051 -5.292239189 4.857892990 0.025946625 -0.488982052 -0.193822607 0.850091875
1403638557.727829456 -8.098196983 -5.324626446 4.902131557 0.026471876 -0.488800257 -0.193470314 0.850260437
1403638557.777829409 -8.073431015 -5.357384205 4.944178104 0.026465224 -0.488384515 -0.193508565 0.850490868
1403638557.827829599 -8.048496246 -5.385378838 4.992666245 0.027506791 -0.487428308 -0.195108622 0.850640774
1403638557.877829313 -8.022713661 -5.413355827 5.035722733 0.027182335 -0.486737698 -0.196459174 0.850735784
1403638557.927829504 -7.996945381 -5.438867092 5.082143784 0.027306154 -0.485949159 -0.198162422 0.850787580
1403638557.977829456 -7.974245071 -5.465360165 5.125589371 0.025026439 -0.485203803 -0.199150816 0.851052344
1403638558.027829409 -7.949554443 -5.485793114 5.175481319 0.022627426 -0.485246509 -0.199732125 0.850958824
1403638558.077829361 -7.926213264 -5.504862785 5.220446587 0.018974284 -0.484975874 -0.200336516 0.851060390
1403638558.127829552 -7.905448437 -5.526238441 5.274889946 0.013866010 -0.484487265 -0.201574057 0.851144969
1403638558.177829266 -7.886480808 -5.549318314 5.315969944 0.007949122 -0.483442992 -0.202794582 0.851524532
1403638558.227829456 -7.864433765 -5.569832325 5.366352558 0.003067440 -0.482821047 -0.204156026 0.851583660
1403638558.277829409 -7.848896980 -5.593321800 5.413557053 0.001782071 -0.481800318 -0.206578448 0.851581335
1403638558.327829599 -7.828506470 -5.625389099 5.443861008 -0.000730558 -0.479759961 -0.208643749 0.852231026
1403638558.377829313 -7.815731049 -5.650240421 5.502275944 -0.001071366 -0.479178369 -0.211401284 0.851878226
1403638558.427829504 -7.804871082 -5.681137085 5.548304081 -0.004715093 -0.477454811 -0.215097487 0.851908326
1403638558.477829456 -7.782270432 -5.715809345 5.601285934 -0.007896644 -0.476920903 -0.217728004 0.851515532
1403638558.527829409 -7.774251938 -5.750105858 5.642552853 -0.010395269 -0.476385444 -0.217876047 0.851750493
1403638558.577829361 -7.766558647 -5.786087990 5.685954094 -0.012160163 -0.476937652 -0.216134235 0.851861954
1403638558.627829552 -7.764340878 -5.821494102 5.728020191 -0.011850017 -0.477881551 -0.211862385 0.852410197
1403638558.677829266 -7.765697479 -5.860334396 5.773120880 -0.012449263 -0.479827970 -0.206049562 0.852733135
1403638558.727829456 -7.769803047 -5.902757168 5.815066814 -0.012282326 -0.481588691 -0.199620634 0.853272021
1403638558.777829409 -7.764813423 -5.938735008 5.864675999 -0.010914933 -0.483023912 -0.196514577 0.853200376
1403638558.827829599 -7.770531178 -5.978330612 5.904625416 -0.010536692 -0.483376205 -0.193214014 0.853759289
1403638558.877829313 -7.772770405 -6.014477253 5.957736015 -0.008458435 -0.483550936 -0.193537802 0.853610039
1403638558.927829504 -7.781009197 -6.049705505 6.009028912 -0.004336917 -0.483630657 -0.192672566 0.853791535
1403638558.977829456 -7.781561375 -6.084598541 6.060506821 0.000922658 -0.484181345 -0.191836536 0.853678226
1403638559.027829409 -7.788698673 -6.125473499 6.110156059 0.004112643 -0.483828872 -0.192618847 0.853692412
1403638559.077829361 -7.796702385 -6.148169518 6.171053886 0.008562561 -0.484599233 -0.191878140 0.853389204
1403638559.127829552 -7.804771423 -6.178769588 6.229558945 0.011522264 -0.485166937 -0.191668034 0.853079021
1403638559.177829266 -7.810001850 -6.214468002 6.296384335 0.013582329 -0.486349046 -0.192051604 0.852288902
1403638559.227829456 -7.818273544 -6.237796307 6.344856739 0.016087215 -0.485289484 -0.193524852 0.852515996
1403638559.277829409 -7.823532581 -6.264240265 6.404811382 0.017817400 -0.485374600 -0.194775671 0.852148175
1403638559.327829599 -7.841750622 -6.280645370 6.463737488 0.019860804 -0.484802037 -0.196108416 0.852123320
1403638559.377829313 -7.848748207 -6.302678108 6.524856567 0.021584902 -0.484176576 -0.199298471 0.851696670
1403638559.427829504 -7.861869812 -6.320427418 6.582003117 0.024169795 -0.483473182 -0.201520056 0.851504147
1403638559.477829456 -7.871281624 -6.339415550 6.637900352 0.025241598 -0.483268946 -0.202058449 0.851461351
1403638559.527829409 -7.879270554 -6.355817318 6.694757938 0.027183793 -0.483120501 -0.203285590 0.851193607
1403638559.577829361 -7.889904976 -6.370892525 6.751843929 0.028822096 -0.483353376 -0.204032585 0.850828707
1403638559.627829552 -7.900626183 -6.384280682 6.806738377 0.029739106 -0.483578712 -0.203356177 0.850831151
1403638559.677829266 -7.909931183 -6.399950981 6.860500336 0.030118704 -0.483674705 -0.203506753 0.850727201
1403638559.727829456 -7.924656868 -6.413585663 6.918605328 0.030677177 -0.484284461 -0.203390181 0.850388169
1403638559.777829409 -7.936392307 -6.428863525 6.970367432 0.031259086 -0.484489679 -0.204029053 0.850096941
1403638559.827829599 -7.947539330 -6.448318958 7.021270752 0.029290032 -0.485260189 -0.203273237 0.849908590
1403638559.877829313 -7.958547592 -6.464937210 7.075269699 0.029755371 -0.485466868 -0.202111453 0.850051522
1403638559.927829504 -7.976947784 -6.481358051 7.122768879 0.029632591 -0.483826250 -0.200774640 0.851307034
1403638559.977829456 -7.987789154 -6.502415180 7.171153069 0.028553687 -0.480896443 -0.198243678 0.853594124
1403638560.027829409 -8.008460999 -6.514780998 7.215806007 0.028130760 -0.475136936 -0.194712892 0.857636571
1403638560.077829361 -8.017379761 -6.535588264 7.282005310 0.027027490 -0.469504416 -0.190677539 0.861671209
1403638560.127829552 -8.033865929 -6.550191879 7.335321426 0.026722020 -0.461087376 -0.186004192 0.867229462
1403638560.177829266 -8.045706749 -6.557607651 7.385931492 0.027855869 -0.450960636 -0.180911094 0.873573065
1403638560.227829456 -8.059604645 -6.568197250 7.440710545 0.027577801 -0.440403402 -0.175793871 0.879989147
1403638560.277829409 -8.070659637 -6.580067158 7.492393017 0.028544113 -0.428972274 -0.170255139 0.886668682
1403638560.327829599 -8.087460518 -6.585273266 7.546139717 0.032145105 -0.417176723 -0.163482755 0.893422425
1403638560.377829313 -8.104089737 -6.590352535 7.602255344 0.035189129 -0.405580372 -0.156086177 0.899946392
1403638560.427829504 -8.115216255 -6.600258350 7.651976585 0.037585914 -0.392941058 -0.149793297 0.906502426
1403638560.477829456 -8.124317169 -6.605502129 7.704018593 0.040442251 -0.380699009 -0.142380416 0.912776291
1403638560.527829409 -8.133485794 -6.613561630 7.757214546 0.042012639 -0.368511319 -0.135442540 0.918743551
1403638560.577829361 -8.137321472 -6.617541790 7.796464443 0.042313043 -0.356076092 -0.126559392 0.924879611
1403638560.627829552 -8.149098396 -6.611881256 7.860788822 0.042494304 -0.344223738 -0.117217556 0.930572033
1403638560.677829266 -8.159102440 -6.612605095 7.911929131 0.041606162 -0.332351625 -0.108254284 0.935998142
1403638560.727829456 -8.167904854 -6.612927914 7.961443901 0.039726399 -0.322337151 -0.098520860 0.940645695
1403638560.777829409 -8.176281929 -6.618785381 8.008565903 0.039482590 -0.311737567 -0.091585748 0.944919527
1403638560.827829599 -8.185786247 -6.616774559 8.057909012 0.040212944 -0.300060064 -0.085563563 0.949223816
1403638560.877829313 -8.187220573 -6.618589401 8.105215073 0.041512720 -0.289702892 -0.077791721 0.953046381
1403638560.927829504 -8.181307793 -6.631474018 8.147756577 0.042108275 -0.279362470 -0.072186753 0.956542015
1403638560.977829456 -8.183892250 -6.644317627 8.192910194 0.044629861 -0.267672837 -0.067886375 0.960078597
1403638561.027829409 -8.179624557 -6.655282021 8.234587669 0.048022803 -0.256649941 -0.063443400 0.963223577
1403638561.077829361 -8.177354813 -6.663674355 8.274663925 0.050122850 -0.245747447 -0.058022961 0.966296673
1403638561.127829552 -8.169030190 -6.678452492 8.311229706 0.053092770 -0.235282958 -0.054063674 0.968968689
1403638561.177829266 -8.155440331 -6.697325230 8.347854614 0.054893356 -0.226670146 -0.049712807 0.971151948
1403638561.227829456 -8.143770218 -6.710810661 8.381705284 0.057375789 -0.219109744 -0.046155348 0.972917616
1403638561.277829409 -8.133378029 -6.721637726 8.419788361 0.060121749 -0.213103250 -0.042326279 0.974259198
1403638561.327829599 -8.111702919 -6.744612217 8.444959641 0.058795370 -0.207828373 -0.041175552 0.975528121
1403638561.377829313 -8.096170425 -6.759830952 8.475309372 0.055235658 -0.202710629 -0.043450985 0.976713598
1403638561.427829504 -8.077592850 -6.770106316 8.507059097 0.051028769 -0.197874054 -0.047776300 0.977731764
1403638561.477829456 -8.052302361 -6.779256344 8.529683113 0.047408991 -0.193736389 -0.053659543 0.978437185
1403638561.527829409 -8.038193703 -6.786501884 8.562036514 0.044852849 -0.190073416 -0.058679078 0.978987873
1403638561.577829361 -8.009993553 -6.795141697 8.587995529 0.042299848 -0.188289791 -0.062596448 0.979203463
1403638561.627829552 -7.988047123 -6.800119877 8.616462708 0.040423591 -0.186954021 -0.065429337 0.979353487
1403638561.677829266 -7.966587543 -6.802433968 8.645003319 0.039793931 -0.186632723 -0.067223310 0.979319036
1403638561.727829456 -7.939104557 -6.809347153 8.670889854 0.038802728 -0.187039003 -0.068726763 0.979176879
1403638561.777829409 -7.920437336 -6.807531357 8.701667786 0.039240185 -0.187157303 -0.069981925 0.979047954
1403638561.827829599 -7.897171021 -6.808222771 8.720617294 0.039489184 -0.186324745 -0.070907503 0.979130208
1403638561.877829313 -7.871310234 -6.810400009 8.751431465 0.040225640 -0.185160786 -0.071641222 0.979267538
1403638561.927829504 -7.850752354 -6.811719894 8.776352882 0.040185895 -0.181841657 -0.072750837 0.979809225
1403638561.977829456 -7.824742317 -6.809114933 8.802379608 0.040389199 -0.178134680 -0.071077347 0.980604351
1403638562.027829409 -7.797565460 -6.805140972 8.832272530 0.040731069 -0.173303753 -0.069497257 0.981568635
1403638562.077829361 -7.774078369 -6.802860737 8.854753494 0.040827114 -0.167144403 -0.067796461 0.982751012
1403638562.127829552 -7.746614933 -6.803886890 8.878175735 0.040906124 -0.161310613 -0.065568715 0.983873188
1403638562.177829266 -7.728818417 -6.800848007 8.896798134 0.041144494 -0.155132502 -0.063695237 0.984979212
1403638562.227829456 -7.696727753 -6.804281712 8.918449402 0.041772779 -0.150747076 -0.062489357 0.985710680
1403638562.277829409 -7.681838989 -6.810460567 8.933905602 0.041727543 -0.144984543 -0.060751393 0.986685216
1403638562.327829599 -7.638150692 -6.812988281 8.959757805 0.042675741 -0.140777335 -0.057450637 0.987451255
1403638562.377829313 -7.620167732 -6.819277763 8.978620529 0.043596361 -0.134053007 -0.054164950 0.988531947
1403638562.427829504 -7.597015381 -6.823997498 8.996167183 0.043937419 -0.126709729 -0.050030295 0.989702582
1403638562.477829456 -7.571356773 -6.829750061 9.006052971 0.043621421 -0.118339032 -0.045301262 0.990979791
1403638562.527829409 -7.542625427 -6.838852406 9.019300461 0.043071762 -0.109328754 -0.040004846 0.992265940
1403638562.577829361 -7.524910927 -6.846312046 9.035796165 0.043824200 -0.099103719 -0.033947926 0.993531823
1403638562.627829552 -7.495805264 -6.851054192 9.041625977 0.044373471 -0.089159913 -0.026264105 0.994681776
1403638562.677829266 -7.480767250 -6.860048294 9.055307388 0.043311745 -0.077942766 -0.018846398 0.995838225
1403638562.727829456 -7.427975655 -6.875081062 9.060298920 0.043634385 -0.068790264 -0.010889670 0.996616960
1403638562.777829409 -7.402895927 -6.886958122 9.067352295 0.042935666 -0.057588376 -0.002268631 0.997414172
1403638562.827829599 -7.377898216 -6.892165184 9.077196121 0.043512870 -0.044787947 0.003629145 0.998041928
1403638562.877829313 -7.343350410 -6.900654316 9.082864761 0.043187294 -0.033084672 0.010530061 0.998463511
1403638562.927829504 -7.318820953 -6.904369831 9.088019371 0.043007486 -0.020219145 0.016260998 0.998737812
1403638562.977829456 -7.290335655 -6.906453609 9.098374367 0.043169294 -0.008176094 0.021489760 0.998803198
1403638563.027829409 -7.260114193 -6.900687695 9.106771469 0.044058245 0.002751834 0.028403265 0.998621345
1403638563.077829361 -7.225868702 -6.909496784 9.111049652 0.043181203 0.012459667 0.036270551 0.998330951
1403638563.127829552 -7.194694042 -6.902043819 9.112159729 0.042834338 0.021686140 0.044532627 0.997853637
1403638563.177829266 -7.160173416 -6.896648884 9.118552208 0.043089826 0.032777157 0.046030816 0.997471929
1403638563.227829456 -7.125089645 -6.892721653 9.124725342 0.045118574 0.041563127 0.049953494 0.996865809
1403638563.277829409 -7.099391460 -6.891164303 9.129817963 0.046862353 0.050611287 0.050732624 0.996327639
1403638563.327829599 -7.050750732 -6.881489754 9.133609772 0.051893681 0.055712752 0.053326853 0.995670378
1403638563.377829313 -7.014724255 -6.876643658 9.135635376 0.058821715 0.060561083 0.054805927 0.994921505
1403638563.427829504 -6.977955341 -6.865326881 9.140455246 0.065247588 0.064034216 0.057649061 0.994142354
1403638563.477829456 -6.918130398 -6.849751472 9.142434120 0.068203866 0.064275429 0.059717685 0.993806183
1403638563.527829409 -6.882498741 -6.838660240 9.137856483 0.068438292 0.067263767 0.057957817 0.993696451
1403638563.577829361 -6.839186668 -6.825883865 9.136142731 0.066849820 0.068823576 0.056188025 0.993799448
1403638563.627829552 -6.793190479 -6.810110569 9.131674767 0.064110488 0.069501162 0.055043876 0.993996799
1403638563.677829266 -6.749805450 -6.797393322 9.123902321 0.061282612 0.068773098 0.056216590 0.994160175
1403638563.727829456 -6.703636646 -6.787805557 9.110965729 0.059270162 0.067752711 0.056946713 0.994310737
1403638563.777829409 -6.659883499 -6.777380466 9.096016884 0.057313137 0.066654548 0.058194153 0.994427443
1403638563.827829599 -6.609846115 -6.772419453 9.084367752 0.056751065 0.064786397 0.059104752 0.994529426
1403638563.877829313 -6.564701557 -6.764163971 9.064111710 0.057978377 0.063714720 0.059410546 0.994509637
1403638563.927829504 -6.516202927 -6.758403778 9.040890694 0.058030523 0.061779454 0.060073577 0.994588852
1403638563.977829456 -6.463161469 -6.750537872 9.019457817 0.060228847 0.059914537 0.060607065 0.994539857
1403638564.027829409 -6.403784752 -6.748052120 8.994093895 0.058777593 0.056946501 0.060691830 0.994795859
1403638564.077829361 -6.353808880 -6.737979889 8.970314026 0.058853712 0.054692280 0.060830228 0.994909406
1403638564.127829552 -6.300763130 -6.730791092 8.943703651 0.058808181 0.052645754 0.059809092 0.995084405
1403638564.177829266 -6.248242378 -6.717897892 8.918371201 0.058956094 0.051092736 0.057963967 0.995265782
1403638564.227829456 -6.185928345 -6.706904888 8.888998032 0.060400564 0.049392227 0.055509716 0.995404899
1403638564.277829409 -6.136182308 -6.695328236 8.859213829 0.061694615 0.048927076 0.052947141 0.995488107
1403638564.327829599 -6.076036930 -6.680132389 8.830126762 0.062621921 0.048057847 0.049289104 0.995660365
1403638564.377829313 -6.017742634 -6.667653084 8.793987274 0.064510845 0.046332933 0.048724096 0.995649338
1403638564.427829504 -5.935125828 -6.651130676 8.762650490 0.066518143 0.044552360 0.045892023 0.995733082
1403638564.477829456 -5.876876831 -6.641871452 8.723151207 0.067176491 0.043553311 0.044571541 0.995793045
1403638564.527829409 -5.812252045 -6.632458687 8.683650017 0.066527061 0.042318549 0.044511460 0.995892644
1403638564.577829361 -5.753889084 -6.626614094 8.637758255 0.063956276 0.041203365 0.045994967 0.996040404
1403638564.627829552 -5.682323933 -6.611135006 8.596781731 0.062975019 0.039573722 0.047612127 0.996092975
1403638564.677829266 -5.618478298 -6.598753452 8.555722237 0.061406575 0.038208067 0.050939079 0.996079683
1403638564.727829456 -5.550861359 -6.581874371 8.511203766 0.060803749 0.037341546 0.053107180 0.996036232
1403638564.777829409 -5.481103897 -6.564990044 8.466774940 0.060392547 0.036745798 0.055764981 0.995938182
1403638564.827829599 -5.413663387 -6.548087597 8.419945717 0.060064923 0.036626663 0.057197273 0.995881081
1403638564.877829313 -5.343271255 -6.525177956 8.378277779 0.060758349 0.036327653 0.058929656 0.995749056
1403638564.927829504 -5.270863533 -6.494801998 8.335760117 0.061544780 0.036285415 0.060148183 0.995629370
1403638564.977829456 -5.199290752 -6.465036869 8.294332504 0.061601784 0.035909750 0.061306801 0.995568812
1403638565.027829409 -5.123428822 -6.429129601 8.254066467 0.061346699 0.035611831 0.061725151 0.995569468
1403638565.077829361 -5.047040462 -6.392645836 8.205563545 0.060365923 0.035118639 0.062735528 0.995583713
1403638565.127829552 -4.970953941 -6.347815037 8.164525986 0.059744611 0.035135459 0.062910736 0.995609581
1403638565.177829266 -4.893542290 -6.299376488 8.122188568 0.059199039 0.034974799 0.063237041 0.995627105
1403638565.227829456 -4.810896397 -6.249864101 8.084266663 0.058526829 0.034940206 0.062693663 0.995702446
1403638565.277829409 -4.731893063 -6.201839447 8.036532402 0.057528742 0.035684783 0.061988909 0.995778322
1403638565.327829599 -4.654623508 -6.156449318 7.988593578 0.056474499 0.036751091 0.061032370 0.995858967
1403638565.377829313 -4.564279079 -6.100242138 7.953907967 0.055845968 0.037185822 0.059230249 0.995987058
1403638565.427829504 -4.478488445 -6.044765949 7.909803391 0.055860296 0.037487932 0.058262013 0.996032119
1403638565.477829456 -4.398166180 -5.999548435 7.860335827 0.056632012 0.039332043 0.056670625 0.996009231
1403638565.527829409 -4.309494972 -5.950099468 7.812610626 0.058857989 0.041271709 0.053917095 0.995954514
1403638565.577829361 -4.225667953 -5.892479897 7.764989376 0.061485361 0.043897782 0.050354928 0.995869935
1403638565.627829552 -4.139084816 -5.846290112 7.715801716 0.062438991 0.046854060 0.045569330 0.995906413
1403638565.677829266 -4.054865360 -5.798342228 7.667272091 0.062475357 0.050720103 0.039019808 0.995992899
1403638565.727829456 -3.964595795 -5.750762463 7.607299805 0.060941581 0.053713858 0.033722077 0.996124387
1403638565.777829409 -3.878674030 -5.706015110 7.548751354 0.057994481 0.055922180 0.030268312 0.996289790
1403638565.827829599 -3.789984226 -5.660551548 7.496981144 0.056156926 0.057419304 0.028431579 0.996363938
1403638565.877829313 -3.703050852 -5.619887829 7.430486202 0.054106183 0.059833996 0.024319192 0.996444225
1403638565.927829504 -3.620386839 -5.584193230 7.367236137 0.050991554 0.061294585 0.023748117 0.996533453
1403638565.977829456 -3.534291983 -5.540166855 7.304474831 0.050497193 0.062186982 0.023220116 0.996515751
1403638566.027829409 -3.454938889 -5.501134396 7.242330074 0.048686497 0.062651686 0.024355585 0.996549726
1403638566.077829361 -3.371382475 -5.456810474 7.186951160 0.048381101 0.063808441 0.022775056 0.996528506
1403638566.127829552 -3.292232275 -5.412862778 7.127426624 0.048103429 0.063208662 0.024368741 0.996542513
1403638566.177829266 -3.211378336 -5.370468140 7.068909168 0.047367226 0.063078217 0.025158778 0.996566355
1403638566.227829456 -3.129807711 -5.322420597 7.007342339 0.047861189 0.063299619 0.024123862 0.996554375
1403638566.277829409 -3.051004171 -5.270106792 6.952809334 0.047614537 0.063060634 0.024107479 0.996581674
1403638566.327829599 -2.966694355 -5.211287022 6.894987583 0.046248201 0.062374383 0.024841020 0.996671200
1403638566.377829313 -2.896910906 -5.154357910 6.837999344 0.046257485 0.062620178 0.023589207 0.996685803
1403638566.427829504 -2.811974049 -5.098982811 6.781466961 0.046210758 0.061323930 0.024112046 0.996756017
1403638566.477829456 -2.737899065 -5.039452553 6.723674297 0.045435000 0.059947766 0.026086768 0.996825695
1403638566.527829409 -2.661970139 -4.983514309 6.667015076 0.045310691 0.059339132 0.024846213 0.996899426
1403638566.577829361 -2.583999634 -4.924499035 6.608710766 0.039528716 0.057930131 0.025173550 0.997220039
1403638566.627829552 -2.520662308 -4.855827332 6.557828903 0.034204565 0.057023443 0.025452120 0.997462094
1403638566.677829266 -2.444387913 -4.787045479 6.505178928 0.024052631 0.056048714 0.024555165 0.997836232
1403638566.727829456 -2.375520706 -4.713816643 6.451539993 0.013596613 0.055129670 0.025778743 0.998053789
1403638566.777829409 -2.303246737 -4.633376598 6.404825687 0.005276235 0.054177471 0.023417085 0.998242795
1403638566.827829599 -2.232330084 -4.569753647 6.354094505 -0.002774381 0.053174738 0.022972627 0.998317122
1403638566.877829313 -2.164143801 -4.498304367 6.308218479 -0.008970389 0.052011520 0.023364779 0.998332858
1403638566.927829504 -2.100410223 -4.432218075 6.265135288 -0.013727712 0.051958904 0.021303210 0.998327672
1403638566.977829456 -2.027579784 -4.355023861 6.224047184 -0.015269599 0.050526369 0.020858055 0.998388112
1403638567.027829409 -1.967194200 -4.290866852 6.184561253 -0.012213740 0.050626520 0.020445971 0.998433650
1403638567.077829361 -1.897802472 -4.221846104 6.148347378 0.000267853 0.050366566 0.019483076 0.998540699
1403638567.127829552 -1.828265071 -4.156785965 6.112802982 0.011124032 0.051100120 0.016800033 0.998490274
1403638567.177829266 -1.759260058 -4.097221851 6.079270363 0.022272393 0.050986163 0.016292116 0.998318076
1403638567.227829456 -1.688436985 -4.035447121 6.049587727 0.030613137 0.051480088 0.014391653 0.998100996
1403638567.277829409 -1.635295749 -3.971714258 6.018426895 0.037015289 0.053392529 0.012971872 0.997803032
1403638567.327829599 -1.567278028 -3.907817125 5.986907482 0.039754480 0.054223590 0.011484713 0.997671068
1403638567.377829313 -1.508885622 -3.836224079 5.954102993 0.040321037 0.055430796 0.010693364 0.997590780
1403638567.427829504 -1.452899814 -3.773015976 5.918166637 0.040477086 0.057363063 0.009860172 0.997483850
1403638567.477829456 -1.372250795 -3.696514130 5.883769035 0.039141700 0.056895055 0.010486314 0.997557461
1403638567.527829409 -1.321455479 -3.638381004 5.859121799 0.036803350 0.058266938 0.009797093 0.997574329
1403638567.577829361 -1.263099551 -3.578380346 5.827256680 0.033137321 0.059058905 0.010805286 0.997645915
1403638567.627829552 -1.215735555 -3.524780273 5.790506840 0.029736549 0.061208788 0.009854711 0.997633338
1403638567.677829266 -1.147740602 -3.468808651 5.757590771 0.026930917 0.061700996 0.009417694 0.997686863
1403638567.727829456 -1.101035476 -3.408327818 5.721896172 0.024634091 0.063562393 0.008974138 0.997633457
1403638567.777829409 -1.057404757 -3.357702494 5.688210964 0.021562183 0.065150529 0.008287847 0.997608066
1403638567.827829599 -1.004766583 -3.311988115 5.655073643 0.017331772 0.065800451 0.007925356 0.997650802
1403638567.877829313 -0.956487238 -3.262306690 5.622374535 0.015487516 0.065764643 0.010704265 0.997657537
1403638567.927829504 -0.897796810 -3.228662491 5.580917835 0.014034361 0.065317579 0.012167298 0.997691691
1403638567.977829456 -0.846463442 -3.185425520 5.557728767 0.013024651 0.065763324 0.011951110 0.997678697
1403638568.027829409 -0.818444371 -3.149630547 5.522671223 0.012833217 0.067500025 0.011371265 0.997572005
1403638568.077829361 -0.756644905 -3.116618395 5.486263275 0.012811771 0.067905411 0.008544599 0.997572899
1403638568.127829552 -0.704757571 -3.069222689 5.448793411 0.014534580 0.067931674 0.008574287 0.997547269
1403638568.177829266 -0.645533979 -3.044585705 5.423193932 0.014151736 0.067873493 0.006866342 0.997569978
1403638568.227829456 -0.631648898 -3.026286602 5.364735126 0.014034105 0.070375934 0.007987713 0.997389853
1403638568.277829409 -0.586807549 -2.996680260 5.335570812 0.013397049 0.070866339 0.007779822 0.997365534
1403638568.327829599 -0.548031569 -2.966783047 5.304040909 0.013792395 0.071246132 0.007527571 0.997335017
1403638568.377829313 -0.507827520 -2.933758736 5.275585651 0.013064140 0.071364887 0.007651031 0.997335434
1403638568.427829504 -0.469407827 -2.912350655 5.247777939 0.011216639 0.071627900 0.007871211 0.997337341
1403638568.477829456 -0.428069443 -2.886183262 5.221872807 0.010469937 0.071486287 0.007560674 0.997358024
1403638568.527829409 -0.391036898 -2.849299431 5.195479870 0.009975347 0.071721464 0.007089842 0.997349679
1403638568.577829361 -0.354670048 -2.815166950 5.169506550 0.008772261 0.071896531 0.006382477 0.997353137
1403638568.627829552 -0.335019618 -2.789846420 5.146148205 0.006932092 0.072979644 0.006316053 0.997289360
1403638568.677829266 -0.294795901 -2.764515162 5.122661114 0.004687735 0.072621800 0.004496738 0.997338414
1403638568.727829456 -0.260646492 -2.731177330 5.104031086 0.004308254 0.072564870 0.004015875 0.997346401
1403638568.777829409 -0.230801880 -2.697743893 5.084855080 0.003190943 0.072247095 0.004877470 0.997369766
1403638568.827829599 -0.200278714 -2.674654484 5.065512180 0.004629353 0.071661636 0.005680365 0.997402132
1403638568.877829313 -0.177001312 -2.653398752 5.045323372 0.004060611 0.071780473 0.007075928 0.997387052
1403638568.927829504 -0.159675390 -2.642750740 5.020361423 0.003929819 0.073216364 0.004969337 0.997295976
1403638568.977829456 -0.118368268 -2.614311695 5.010581493 0.005049653 0.072008438 0.004676540 0.997380316
1403638569.027829409 -0.093868658 -2.593800783 4.995597839 0.006482003 0.072154269 0.005258966 0.997358620
1403638569.077829361 -0.072266482 -2.578994751 4.968766212 0.005673909 0.072947867 0.003068133 0.997314930
1403638569.127829552 -0.050880067 -2.570815086 4.950712204 0.005816883 0.072985657 0.003208231 0.997310936
1403638569.177829266 -0.041298475 -2.561896086 4.931024075 0.003941054 0.074330159 0.002740699 0.997222185
1403638569.227829456 -0.013426403 -2.551927805 4.931621075 0.002755833 0.074401863 0.000991826 0.997224033
1403638569.277829409 -0.014062326 -2.549956560 4.903026581 0.000772488 0.076300897 0.000749038 0.997084260
1403638569.327829599 0.005120177 -2.531271219 4.894584656 0.001315184 0.076703586 0.000724292 0.997052848
1403638569.377829313 0.021165654 -2.516683340 4.893580914 0.001915414 0.076803021 0.000086725 0.997044444
1403638569.427829504 0.030625474 -2.527795792 4.875264168 0.001533384 0.077777445 -0.000618125 0.996969461
1403638569.477829456 0.043956846 -2.505355835 4.875782967 0.003385577 0.077617392 -0.000930410 0.996977091
1403638569.527829409 0.084967196 -2.475539446 4.872832775 0.006131311 0.075222306 -0.000939905 0.997147560
1403638569.577829361 0.076316632 -2.470993757 4.864935875 0.006575773 0.077133939 -0.001064772 0.996998549
1403638569.627829552 0.090371884 -2.461421251 4.867497444 0.007717484 0.076542258 -0.000329347 0.997036457
1403638569.677829266 0.098652110 -2.454152822 4.862592220 0.008448909 0.076654047 -0.000167607 0.997021973
1403638569.727829456 0.120784514 -2.442187786 4.863431931 0.009890696 0.075870804 -0.000635883 0.997068465
1403638569.777829409 0.112631179 -2.439900637 4.851500511 0.010241733 0.077096269 -0.000713656 0.996970832
1403638569.827829599 0.114281125 -2.434563398 4.851946354 0.011167518 0.076866746 -0.001380160 0.996977925
1403638569.877829313 0.121452257 -2.440274000 4.844707012 0.012359758 0.077136934 -0.002667871 0.996940374
1403638569.927829504 0.124388561 -2.435873508 4.841575623 0.014279272 0.077055581 -0.002289190 0.996921957
1403638569.977829456 0.134449303 -2.434088707 4.849093437 0.015564990 0.076016031 -0.001647980 0.996983767
1403638570.027829409 0.142930910 -2.425756931 4.850929737 0.017315201 0.074849643 -0.000494798 0.997044384
1403638570.077829361 0.136100620 -2.437000513 4.846706867 0.016790129 0.074587256 0.000953225 0.997072756
1403638570.127829552 0.132652402 -2.430674553 4.849840164 0.016850810 0.073559284 0.003195442 0.997143388
1403638570.177829266 0.118341431 -2.431737423 4.840086937 0.016825892 0.072620034 0.005963779 0.997199893
1403638570.227829456 0.104842812 -2.436274290 4.844186306 0.016986579 0.071615040 0.010051618 0.997237027
1403638570.277829409 0.099507667 -2.429163456 4.855150700 0.017392619 0.069694012 0.014953854 0.997304738
1403638570.327829599 0.081902564 -2.428484440 4.846920967 0.017564496 0.068898022 0.020028831 0.997268021
1403638570.377829313 0.081150964 -2.401415825 4.846115112 0.019069433 0.069196828 0.024079120 0.997130096
1403638570.427829504 0.081304967 -2.395000935 4.859127998 0.019100791 0.070789799 0.030470591 0.996842802
1403638570.477829456 0.083277971 -2.390878201 4.871462822 0.018728243 0.073210962 0.039919954 0.996341288
1403638570.527829409 0.085156664 -2.367238998 4.886732578 0.020897174 0.076348938 0.052593034 0.995473802
1403638570.577829361 0.075754829 -2.362962723 4.887907028 0.021752758 0.082514010 0.065555580 0.994193554
1403638570.627829552 0.069696248 -2.344118357 4.896726131 0.024142917 0.090390451 0.078426279 0.992520094
1403638570.677829266 0.058326967 -2.332877159 4.898880959 0.027178202 0.100762233 0.088514931 0.990592480
1403638570.727829456 0.056763075 -2.310188055 4.907397270 0.034075417 0.112134673 0.097906910 0.988270700
1403638570.777829409 0.067153603 -2.306373596 4.910580635 0.041137945 0.122646339 0.107784159 0.985722184
1403638570.827829599 0.091123596 -2.300973415 4.928564548 0.047729854 0.133849472 0.114116691 0.983251572
1403638570.877829313 0.102138661 -2.298777103 4.939709663 0.052571062 0.146143124 0.120968901 0.980431020
1403638570.927829504 0.123698466 -2.271112442 4.937779903 0.057331104 0.157583058 0.125403956 0.977831602
1403638570.977829456 0.144264549 -2.244046926 4.932130814 0.060797952 0.169809163 0.129410729 0.975049436
1403638571.027829409 0.149475276 -2.248988867 4.941708088 0.060009394 0.183548853 0.135153577 0.971824229
1403638571.077829361 0.210355014 -2.180515528 4.940967083 0.059965912 0.192438692 0.136467412 0.969921768
1403638571.127829552 0.208019435 -2.154823065 4.937829018 0.055077057 0.207136393 0.136818945 0.967130661
1403638571.177829266 0.228261411 -2.145044804 4.900421143 0.048044041 0.218960866 0.134660602 0.965201855
1403638571.227829456 0.250583082 -2.109490871 4.898211002 0.044896781 0.229973301 0.132107884 0.963142872
1403638571.277829409 0.298959404 -2.107959986 4.878901958 0.039665036 0.238323167 0.129933819 0.961637139
1403638571.327829599 0.331920743 -2.090587854 4.867981911 0.037087366 0.246041834 0.126925543 0.960196853
1403638571.377829313 0.392165810 -2.028646231 4.875829220 0.039595708 0.249465778 0.126822263 0.959226310
1403638571.427829504 0.424771219 -2.017945528 4.854456902 0.039761171 0.253862023 0.127020344 0.958039165
1403638571.477829456 0.454391778 -1.996158123 4.835611820 0.041940808 0.257197917 0.127287894 0.957020342
1403638571.527829409 0.484004080 -1.991621971 4.816610813 0.042588659 0.261553735 0.126272321 0.955945194
1403638571.577829361 0.527519464 -1.974111199 4.791286469 0.042405810 0.265058309 0.127123788 0.954874575
1403638571.627829552 0.567866266 -1.956624389 4.766842842 0.041101206 0.269513667 0.128661647 0.953477502
1403638571.677829266 0.581964493 -1.935805321 4.749696732 0.038953371 0.276792198 0.131098196 0.951147735
1403638571.727829456 0.621694207 -1.911194921 4.725218773 0.036405932 0.283242047 0.134213224 0.948912799
1403638571.777829409 0.675169051 -1.893116713 4.696784973 0.032914560 0.289271593 0.138318062 0.946629167
1403638571.827829599 0.690685034 -1.868731260 4.674008369 0.031003542 0.298835725 0.142169848 0.943145692
1403638571.877829313 0.744508147 -1.832080126 4.647282124 0.030763913 0.305325001 0.148557320 0.940085649
1403638571.927829504 0.794146538 -1.805103421 4.616738319 0.030729288 0.313225448 0.154284269 0.936558545
1403638571.977829456 0.820979774 -1.803111792 4.595577717 0.029280167 0.323433697 0.160529450 0.932074964
1403638572.027829409 0.862109780 -1.782050133 4.566967964 0.029522052 0.332881331 0.164691314 0.928006113
1403638572.077829361 0.895834267 -1.763662338 4.542058468 0.030468212 0.342580289 0.171951920 0.923115969
1403638572.127829552 0.944092870 -1.746280074 4.508393764 0.030741489 0.352463692 0.174117506 0.918970883
1403638572.177829266 0.993603349 -1.733860970 4.469630241 0.030004488 0.363192290 0.175570861 0.914530516
1403638572.227829456 1.046955585 -1.723351836 4.429489136 0.027259106 0.373072743 0.178521276 0.910057068
1403638572.277829409 1.091652989 -1.718808413 4.398651123 0.023132363 0.383845121 0.181642503 0.905060112
1403638572.327829599 1.139889717 -1.699601650 4.361014366 0.020026932 0.394114792 0.184951022 0.900036454
1403638572.377829313 1.169893861 -1.699525356 4.326048851 0.015964771 0.406095356 0.188381150 0.894060552
1403638572.427829504 1.214222074 -1.685156107 4.287841797 0.012612621 0.416012764 0.190951839 0.888994813
1403638572.477829456 1.306377530 -1.652688265 4.246360779 0.010114943 0.421858341 0.192118794 0.886015594
1403638572.527829409 1.352385044 -1.632637024 4.214166164 0.008033481 0.429715872 0.193004578 0.882059515
1403638572.577829361 1.404223323 -1.610740900 4.178153992 0.007600748 0.436065555 0.192709997 0.879006207
1403638572.627829552 1.452884674 -1.601026654 4.148677826 0.005594340 0.440918356 0.193309784 0.876465142
1403638572.677829266 1.509941936 -1.585396051 4.108281136 0.004023931 0.444010109 0.194037020 0.874750555
1403638572.727829456 1.570625901 -1.564847708 4.075945377 0.001760916 0.447392225 0.191958144 0.873492599
1403638572.777829409 1.631195784 -1.540707350 4.041049480 -0.000226290 0.449587613 0.189634591 0.872874379
1403638572.827829599 1.690129399 -1.525860548 4.000778198 -0.002904319 0.450799257 0.188074872 0.872582138
1403638572.877829313 1.748724699 -1.528715730 3.962393045 -0.006380654 0.451433092 0.187464073 0.872367322
1403638572.927829504 1.802978992 -1.524604797 3.931311131 -0.007583121 0.451754659 0.187086001 0.872272372
1403638572.977829456 1.862151027 -1.505119562 3.902555943 -0.008779491 0.451750517 0.185173020 0.872671425
1403638573.027829409 1.918343306 -1.494902968 3.858510256 -0.009995070 0.450527042 0.184931055 0.873341918
1403638573.077829361 1.985708952 -1.495895863 3.833911896 -0.012020401 0.449730843 0.185023397 0.873707116
1403638573.127829552 2.024492502 -1.486629725 3.814645767 -0.012930240 0.450374842 0.184118584 0.873553514
1403638573.177829266 2.079455853 -1.479794979 3.791918278 -0.013283859 0.449410707 0.183335185 0.874209285
1403638573.227829456 2.149189472 -1.460728884 3.761148930 -0.012033504 0.447451562 0.183304116 0.875238240
1403638573.277829409 2.226980686 -1.457872748 3.722632885 -0.013016116 0.445630997 0.185554162 0.875678718
1403638573.327829599 2.288809299 -1.452041626 3.695546389 -0.012287590 0.444537967 0.185167313 0.876326501
1403638573.377829313 2.349693537 -1.446884632 3.671952248 -0.013576615 0.444572419 0.185332805 0.876254976
1403638573.427829504 2.414172411 -1.441447973 3.651690960 -0.014906785 0.445669591 0.184508204 0.875849962
1403638573.477829456 2.478905678 -1.437649250 3.633074760 -0.015164656 0.447261810 0.183660045 0.875211954
1403638573.527829409 2.543608427 -1.437603474 3.609495640 -0.015986366 0.448131204 0.182879522 0.874915957
1403638573.577829361 2.609177351 -1.438723803 3.590432644 -0.015928274 0.448636174 0.182908803 0.874652088
1403638573.627829552 2.673571825 -1.441738844 3.571707249 -0.016185669 0.449521333 0.182517871 0.874274492
1403638573.677829266 2.742012024 -1.450522184 3.557816505 -0.018616347 0.451660335 0.181682691 0.873297095
1403638573.727829456 2.808896065 -1.462239623 3.539149284 -0.018596990 0.454304218 0.182033241 0.871851921
1403638573.777829409 2.871359825 -1.470168114 3.525631666 -0.017382167 0.459510982 0.180213228 0.869523287
1403638573.827829599 2.955767155 -1.479894161 3.507822990 -0.013349092 0.465463877 0.179549307 0.866560638
1403638573.877829313 3.023849487 -1.489943504 3.496391058 -0.008785573 0.473765612 0.178117558 0.862405479
1403638573.927829504 3.097183943 -1.498015165 3.483289480 -0.003499824 0.482345104 0.178489596 0.857596934
1403638573.977829456 3.166399002 -1.502619028 3.476645947 0.004115598 0.490983129 0.182467878 0.851835787
1403638574.027829409 3.238325357 -1.508790135 3.467947721 0.012643094 0.499249250 0.189098045 0.845477521
1403638574.077829361 3.312317848 -1.516269207 3.461051464 0.021615939 0.507588863 0.197473899 0.838385642
1403638574.127829552 3.385124207 -1.519635677 3.449791670 0.030944489 0.516111732 0.205846071 0.830842137
1403638574.177829266 3.460702896 -1.521386743 3.442966700 0.038957883 0.525166512 0.214574650 0.822581470
1403638574.227829456 3.522755146 -1.525838614 3.436619759 0.044134222 0.535582662 0.220782682 0.813915551
1403638574.277829409 3.587985516 -1.525187850 3.426148891 0.047236048 0.545317292 0.227423698 0.805404484
1403638574.327829599 3.659894228 -1.519146919 3.417815208 0.047459465 0.555734217 0.232471004 0.796783805
1403638574.377829313 3.722163677 -1.516933441 3.405375719 0.045690294 0.566101849 0.236948639 0.788223684
1403638574.427829504 3.788364887 -1.507972002 3.392391920 0.043669410 0.576639652 0.240146622 0.779685438
1403638574.477829456 3.859800339 -1.501263380 3.383346796 0.041608319 0.586751819 0.245104477 0.770658731
1403638574.527829409 3.921432734 -1.493232250 3.370316505 0.040299300 0.595570743 0.248443976 0.762854636
1403638574.577829361 3.983079433 -1.486763835 3.354520559 0.039858740 0.602937698 0.250898391 0.756258905
1403638574.627829552 4.043432236 -1.482477307 3.336106300 0.039329536 0.609856069 0.251279235 0.750591457
1403638574.677829266 4.101458073 -1.478503585 3.315705538 0.035924599 0.616169512 0.250456810 0.745865881
1403638574.727829456 4.162162781 -1.476603627 3.295894146 0.031924412 0.621899664 0.248059496 0.742083728
1403638574.777829409 4.221395493 -1.474763155 3.272101641 0.026090352 0.625977397 0.246571898 0.739374042
1403638574.827829599 4.275896549 -1.476617336 3.251452208 0.020817082 0.628445268 0.247090667 0.737271607
1403638574.877829313 4.334851265 -1.472051620 3.229372501 0.017539660 0.629220784 0.250040978 0.735699117
1403638574.927829504 4.389435291 -1.468163848 3.207657814 0.013867849 0.629449666 0.252068013 0.734889448
1403638574.977829456 4.447375298 -1.465820551 3.190050602 0.010806735 0.629689932 0.252990365 0.734417915
1403638575.027829409 4.501334190 -1.463372111 3.170249462 0.011049286 0.628345609 0.257050484 0.734155893
1403638575.077829361 4.557882309 -1.457550526 3.151891708 0.012957368 0.626480699 0.261575848 0.734119952
1403638575.127829552 4.612572670 -1.452175498 3.132826805 0.015679464 0.625045657 0.264751941 0.734151542
1403638575.177829266 4.665882111 -1.445954919 3.115562916 0.018108206 0.623665273 0.267404318 0.734308362
1403638575.227829456 4.721650124 -1.436023474 3.094174862 0.020850906 0.622553706 0.268763721 0.734682381
1403638575.277829409 4.778447151 -1.425981879 3.076459885 0.022037413 0.621398807 0.269949347 0.735190630
1403638575.327829599 4.834045410 -1.413616419 3.057142735 0.021800593 0.620135367 0.271196455 0.735805333
1403638575.377829313 4.889075279 -1.402251601 3.037648201 0.018698994 0.618831515 0.271915823 0.736722291
1403638575.427829504 4.946551323 -1.386071682 3.020125389 0.015650464 0.617321491 0.272650599 0.737787843
1403638575.477829456 4.998641014 -1.373765945 2.996077538 0.011959602 0.616240323 0.271678537 0.739118159
1403638575.527829409 5.052399635 -1.360508680 2.975239754 0.010319394 0.614654958 0.272190064 0.740273833
1403638575.577829361 5.111621857 -1.342784524 2.954002380 0.006429827 0.614061177 0.270178735 0.741546333
1403638575.627829552 5.168280125 -1.330223680 2.931733608 0.001542370 0.613946795 0.267212927 0.742740989
1403638575.677829266 5.232669830 -1.317170739 2.906476021 -0.001584860 0.614162326 0.264102578 0.743674636
1403638575.727829456 5.293605328 -1.306246758 2.881907463 -0.006198061 0.613593638 0.262389213 0.744725764
1403638575.777829409 5.354413986 -1.298501253 2.856077194 -0.010714279 0.613317549 0.260877460 0.745432615
1403638575.827829599 5.417659760 -1.293218851 2.830940723 -0.014737576 0.612722278 0.259894431 0.746196449
1403638575.877829313 5.482888222 -1.287837267 2.804667473 -0.015786242 0.612060368 0.259289593 0.746928334
1403638575.927829504 5.550911427 -1.286973476 2.779283047 -0.016033366 0.611346722 0.259611398 0.747395575
1403638575.977829456 5.617745399 -1.289512634 2.754840374 -0.015706202 0.611397207 0.258741260 0.747662842
1403638576.027829409 5.689712048 -1.291119099 2.729189396 -0.015619832 0.610977054 0.258257538 0.748175204
1403638576.077829361 5.756896019 -1.298388004 2.702558994 -0.015755767 0.611214697 0.257076472 0.748385012
1403638576.127829552 5.830729961 -1.306375027 2.677243710 -0.015300108 0.611416578 0.257243067 0.748172283
1403638576.177829266 5.903941154 -1.313362837 2.649924278 -0.012894913 0.611748934 0.256541252 0.748186886
1403638576.227829456 5.976430893 -1.319084406 2.626757622 -0.013385677 0.612608671 0.254561692 0.748150885
1403638576.277829409 6.050363541 -1.325744390 2.604146957 -0.013956229 0.613773763 0.251938760 0.748073518
1403638576.327829599 6.124934196 -1.329527855 2.581428051 -0.015290553 0.614741087 0.249139547 0.748190641
1403638576.377829313 6.200080872 -1.332890749 2.562685013 -0.016937515 0.615862429 0.246722162 0.748033941
1403638576.427829504 6.276795864 -1.336747169 2.544010639 -0.019490242 0.616447449 0.245454997 0.747906804
1403638576.477829456 6.351853371 -1.338561773 2.526163578 -0.021880735 0.617444992 0.242532983 0.747971117
1403638576.527829409 6.428874016 -1.340656996 2.513190269 -0.026554132 0.618814468 0.239370570 0.747706711
1403638576.577829361 6.506209373 -1.342814445 2.497290134 -0.029625146 0.619369268 0.237735718 0.747653604
1403638576.627829552 6.583039761 -1.344715595 2.489970684 -0.032121550 0.620301723 0.235523418 0.747477651
1403638576.677829266 6.661395550 -1.348086596 2.481328964 -0.032673653 0.620965362 0.234068155 0.747359753
1403638576.727829456 6.739026070 -1.350065708 2.475946426 -0.030848932 0.621876001 0.231804028 0.747385859
1403638576.777829409 6.822170734 -1.353475571 2.470959663 -0.028480439 0.623272061 0.227787241 0.747551918
1403638576.827829599 6.901146412 -1.354263067 2.468862057 -0.023659924 0.624245644 0.225498930 0.747601390
1403638576.877829313 6.980741024 -1.356081486 2.470900059 -0.019392826 0.624846578 0.224596143 0.747494042
1403638576.927829504 7.061627865 -1.356054068 2.472492695 -0.013530227 0.624743760 0.225519940 0.747430921
1403638576.977829456 7.140247345 -1.358424187 2.477716923 -0.008096571 0.624272406 0.227358311 0.747346461
1403638577.027829409 7.217915058 -1.360287189 2.483943939 -0.004856890 0.623444736 0.230191693 0.747198105
1403638577.077829361 7.295093060 -1.362582207 2.489325047 -0.001322194 0.622949481 0.232364014 0.746953309
1403638577.127829552 7.372750282 -1.367884159 2.494884491 0.001485819 0.622392893 0.233973444 0.746914625
1403638577.177829266 7.452345848 -1.372855902 2.501214027 0.003443762 0.621777713 0.235879809 0.746820807
1403638577.227829456 7.528448105 -1.379072666 2.509064674 0.004316649 0.621665597 0.236952037 0.746570230
1403638577.277829409 7.614286900 -1.387668848 2.516158104 0.002515235 0.621929646 0.235476151 0.746825397
1403638577.327829599 7.690786362 -1.397920132 2.522714615 -0.000136114 0.623165250 0.232428297 0.746754467
1403638577.377829313 7.766245842 -1.410453558 2.530929565 -0.005141178 0.624772429 0.227606565 0.746879041
1403638577.427829504 7.839509964 -1.423794031 2.536614895 -0.008066797 0.625487626 0.225151688 0.746998608
1403638577.477829456 7.911925316 -1.441707611 2.543691635 -0.009456652 0.626383960 0.222628906 0.746987343
1403638577.527829409 7.984809399 -1.456962109 2.554232121 -0.009035689 0.625437796 0.224303603 0.747284412
1403638577.577829361 8.056526184 -1.476021290 2.564193249 -0.009375206 0.625092208 0.225476086 0.747216523
1403638577.627829552 8.133409500 -1.485009670 2.581963539 -0.007518299 0.624351263 0.227301165 0.747304022
1403638577.677829266 8.215224266 -1.500564575 2.596358776 -0.006986207 0.623423398 0.228972316 0.747573495
1403638577.727829456 8.286335945 -1.511739254 2.613202572 -0.006726102 0.623088658 0.229800940 0.747600675
1403638577.777829409 8.358543396 -1.521843433 2.630955696 -0.005597928 0.622060895 0.231999412 0.747786880
1403638577.827829599 8.431473732 -1.532251596 2.653182507 -0.005736898 0.621752203 0.232232764 0.747970104
1403638577.877829313 8.497594833 -1.540745735 2.670805454 -0.005550051 0.621527851 0.231816649 0.748286963
1403638577.927829504 8.570220947 -1.549475908 2.691646099 -0.005417412 0.621336102 0.231790632 0.748455226
1403638577.977829456 8.644125938 -1.556830883 2.716344357 -0.005624040 0.621410847 0.230492249 0.748792589
1403638578.027829409 8.712875366 -1.567173481 2.737375736 -0.004752553 0.621146917 0.230216146 0.749102473
1403638578.077829361 8.781949043 -1.578804493 2.760191441 -0.003000618 0.620474041 0.231204107 0.749364853
1403638578.127829552 8.852139473 -1.600052357 2.783027172 -0.001253981 0.619745255 0.232021108 0.749720335
1403638578.177829266 8.918226242 -1.619381428 2.802468777 0.002803119 0.618176460 0.235545963 0.749912083
1403638578.227829456 8.987870216 -1.638723850 2.826392651 0.008357192 0.616099536 0.240524471 0.749999702
1403638578.277829409 9.057321548 -1.658128500 2.848785400 0.011613175 0.614393651 0.244775414 0.749980390
1403638578.327829599 9.124150276 -1.677249670 2.870552063 0.014649649 0.613425851 0.247190520 0.749927342
1403638578.377829313 9.191577911 -1.696139574 2.893634796 0.015797297 0.613568723 0.247321948 0.749743760
1403638578.427829504 9.259192467 -1.710695028 2.915186882 0.015669003 0.613611758 0.247704461 0.749584973
1403638578.477829456 9.326207161 -1.725164175 2.938895702 0.016174018 0.613906562 0.247583151 0.749372959
1403638578.527829409 9.390224457 -1.740981579 2.959562302 0.016008276 0.613981187 0.248049334 0.749161124
1403638578.577829361 9.457030296 -1.749700069 2.980990410 0.016419958 0.614230514 0.248234421 0.748886526
1403638578.627829552 9.525620461 -1.760574102 3.005048752 0.016937884 0.614772022 0.247416839 0.748701215
1403638578.677829266 9.593932152 -1.769515514 3.027300835 0.016044352 0.615466416 0.245789617 0.748686314
1403638578.727829456 9.664805412 -1.773875713 3.054987907 0.013926427 0.616690755 0.243480548 0.748475730
1403638578.777829409 9.724531174 -1.785423040 3.075057983 0.011148291 0.617945433 0.240142837 0.748565674
1403638578.827829599 9.786530495 -1.791616678 3.094752312 0.007179582 0.618758976 0.237475649 0.748793125
1403638578.877829313 9.851704597 -1.797762871 3.119725227 0.006196971 0.620119810 0.234148920 0.748723805
1403638578.927829504 9.918843269 -1.802366734 3.144721985 0.004788528 0.620555222 0.232909814 0.748759866
1403638578.977829456 9.981194496 -1.807464361 3.165578842 0.004114822 0.620764792 0.231073499 0.749159038
1403638579.027829409 10.043157578 -1.818672419 3.191878319 0.003570256 0.621033847 0.230046362 0.749254942
1403638579.077829361 10.105878830 -1.827934265 3.215206146 0.003778887 0.620702684 0.229801357 0.749603391
1403638579.127829552 10.165161133 -1.842324495 3.239568710 0.003749144 0.620853484 0.228826374 0.749776900
1403638579.177829266 10.227809906 -1.857264757 3.260121346 0.004184836 0.620652437 0.229122594 0.749850631
1403638579.227829456 10.288289070 -1.876221895 3.285591125 0.004436673 0.620430589 0.229139462 0.750027597
1403638579.277829409 10.350735664 -1.891490459 3.310243607 0.006512894 0.619414926 0.231085345 0.750254869
1403638579.327829599 10.410999298 -1.911532164 3.332804680 0.008057700 0.618777692 0.232123688 0.750445127
1403638579.377829313 10.466973305 -1.930738688 3.354866982 0.012615335 0.616744637 0.237427086 0.750396848
1403638579.427829504 10.518611908 -1.951430321 3.374354362 0.016413271 0.615440607 0.240743175 0.750337481
1403638579.477829456 10.577886581 -1.967989445 3.399794579 0.020126974 0.614250362 0.243841290 0.750221908
1403638579.527829409 10.636870384 -1.983153820 3.424108505 0.023155309 0.612760901 0.245177954 0.750916600
1403638579.577829361 10.696186066 -1.996765614 3.451802254 0.027843937 0.611861587 0.242074445 0.752495885
1403638579.627829552 10.755580902 -2.011689663 3.473917961 0.033284701 0.610050738 0.237153724 0.755306840
1403638579.677829266 10.807874680 -2.027968884 3.498126030 0.036654189 0.607150257 0.230859146 0.759426892
1403638579.727829456 10.851817131 -2.038912296 3.520053864 0.037251011 0.602685988 0.222886667 0.765312731
1403638579.777829409 10.911428452 -2.043451548 3.550566673 0.037371349 0.595688701 0.216109306 0.772693396
1403638579.827829599 10.969331741 -2.042238235 3.579448700 0.033410158 0.586669564 0.210131660 0.781375229
1403638579.877829313 11.014291763 -2.051290035 3.606821060 0.028286707 0.575624228 0.204435632 0.791241229
1403638579.927829504 11.048492432 -2.062810421 3.632459641 0.025866095 0.562857449 0.199441791 0.801714122
1403638579.977829456 11.087487221 -2.070587635 3.656922340 0.024401257 0.548379719 0.193713233 0.813117146
1403638580.027829409 11.141324997 -2.067938328 3.684004784 0.027686559 0.533629835 0.183814570 0.825036287
1403638580.077829361 11.179571152 -2.074871302 3.712875366 0.032560959 0.518252671 0.172556221 0.837005556
1403638580.127829552 11.206674576 -2.087300062 3.727683544 0.038604435 0.500725985 0.162847772 0.849272609
1403638580.177829266 11.263766289 -2.077370644 3.782581329 0.043323182 0.482333213 0.153296590 0.861381412
1403638580.227829456 11.296566010 -2.080564022 3.797468185 0.046116468 0.461745918 0.145511910 0.873779356
1403638580.277829409 11.317412376 -2.082214594 3.820798397 0.046449237 0.441604167 0.138884217 0.885177612
1403638580.327829599 11.343006134 -2.081160784 3.838912964 0.045646988 0.421169072 0.135268122 0.895676017
1403638580.377829313 11.375867844 -2.072743893 3.862334013 0.045637995 0.401816666 0.134116441 0.904695213
1403638580.427829504 11.389086723 -2.083953381 3.917358398 0.044196744 0.385848641 0.135438755 0.911495388
1403638580.477829456 11.410394669 -2.080293179 3.921840906 0.042684238 0.371744812 0.134870797 0.917493224
1403638580.527829409 11.435047150 -2.086012363 3.944620371 0.042155709 0.360494494 0.134389386 0.922066271
1403638580.577829361 11.442556381 -2.071236134 3.968434095 0.041953981 0.350527763 0.133408114 0.926052094
1403638580.627829552 11.487638474 -2.055604458 4.004148960 0.040228318 0.339877069 0.132113978 0.930274785
1403638580.677829266 11.502399445 -2.056517601 4.013457298 0.035505589 0.329639018 0.129615799 0.934493065
1403638580.727829456 11.529029846 -2.045502186 4.040377140 0.031642567 0.320012331 0.126901746 0.938342631
1403638580.777829409 11.547882080 -2.040940285 4.064123154 0.027676960 0.313106388 0.122915529 0.941323638
1403638580.827829599 11.572837830 -2.039173603 4.082975388 0.024679443 0.307081312 0.120627686 0.943684816
1403638580.877829313 11.594437599 -2.038797855 4.092942715 0.021301495 0.302859157 0.116909124 0.945597649
1403638580.927829504 11.616728783 -2.039014339 4.106499672 0.021506388 0.298992455 0.115985923 0.946936250
1403638580.977829456 11.638968468 -2.047140360 4.122522831 0.021343436 0.296180934 0.116914146 0.947709024
1403638581.027829409 11.658777237 -2.058159113 4.134211063 0.020851696 0.294730872 0.116492100 0.948223948
1403638581.077829361 11.691243172 -2.061795473 4.150942326 0.020797467 0.293866903 0.116231769 0.948525131
1403638581.127829552 11.708478928 -2.067148924 4.158393860 0.020957366 0.294300437 0.114597455 0.948586106
1403638581.177829266 11.732743263 -2.085179090 4.170043468 0.020515935 0.295224756 0.113306098 0.948463619
1403638581.227829456 11.758980751 -2.098287106 4.176549911 0.019682806 0.296039551 0.112438537 0.948330522
1403638581.277829409 11.775075912 -2.110787392 4.191876411 0.019318916 0.298319548 0.111081339 0.947783291
1403638581.327829599 11.805044174 -2.115223408 4.204130173 0.019611610 0.299602628 0.111072294 0.947373569
1403638581.377829313 11.810377121 -2.130815983 4.207792282 0.020401498 0.301693201 0.110013030 0.946816862
1403638581.427829504 11.842154503 -2.143903732 4.223371506 0.021373153 0.302998841 0.109707564 0.946413875
1403638581.477829456 11.853112221 -2.158427954 4.223925114 0.022732139 0.304647774 0.110077284 0.945809722
1403638581.527829409 11.886959076 -2.171893120 4.236882687 0.022237984 0.305922419 0.110214472 0.945393980
1403638581.577829361 11.896528244 -2.180371761 4.247020721 0.022889970 0.307918429 0.109993070 0.944756031
1403638581.627829552 11.923819542 -2.188093901 4.265165329 0.026038790 0.310069740 0.109153241 0.944067955
1403638581.677829266 11.953403473 -2.222316980 4.278495789 0.028408183 0.312117070 0.106952831 0.943576753
1403638581.727829456 11.967959404 -2.232743025 4.285960197 0.032372355 0.313644052 0.106196329 0.943028033
1403638581.777829409 11.980710983 -2.246376514 4.294256687 0.033502702 0.314771563 0.107019715 0.942519665
1403638581.827829599 12.009770393 -2.266979694 4.316102028 0.033799663 0.316013515 0.106475942 0.942155004
1403638581.877829313 12.024103165 -2.268402100 4.321864128 0.038402565 0.316746652 0.105883203 0.941799164
1403638581.927829504 12.038640022 -2.274012089 4.328907490 0.044878379 0.318004727 0.104140818 0.941282988
1403638581.977829456 12.069992065 -2.282500029 4.361042023 0.050604358 0.319433600 0.102097437 0.940732419
1403638582.027829409 12.075893402 -2.293876410 4.365116119 0.050258223 0.319712937 0.102256916 0.940638840
1403638582.077829361 12.074398041 -2.284259558 4.375543594 0.047681481 0.319453806 0.103964381 0.940673828
1403638582.127829552 12.091505051 -2.305127621 4.376806259 0.039665729 0.318910807 0.105381586 0.941072464
1403638582.177829266 12.124876022 -2.318415165 4.385907173 0.034572382 0.316916078 0.108843155 0.941553056
1403638582.227829456 12.132724762 -2.328204632 4.387100220 0.029584821 0.316902459 0.109096736 0.941698253
1403638582.277829409 12.137940407 -2.341183901 4.399259090 0.029632632 0.317322969 0.108925425 0.941574931
1403638582.327829599 12.152492523 -2.350736380 4.404972076 0.032890506 0.317823619 0.106465623 0.941579282
1403638582.377829313 12.155686378 -2.367796898 4.405823708 0.036075663 0.317936569 0.105637386 0.941517770
1403638582.427829504 12.162127495 -2.388470888 4.409425735 0.037134640 0.318533003 0.103886776 0.941469789
1403638582.477829456 12.164076805 -2.412147045 4.409705162 0.037981540 0.318927050 0.103012674 0.941398680
1403638582.527829409 12.163208008 -2.431957245 4.408707619 0.039180927 0.318994939 0.102547444 0.941377282
1403638582.577829361 12.169126511 -2.455530167 4.407698631 0.039281715 0.319088191 0.101895995 0.941412210
1403638582.627829552 12.167446136 -2.483172655 4.404582977 0.039456531 0.319184482 0.102381311 0.941319644
1403638582.677829266 12.171479225 -2.500047207 4.401850700 0.038075875 0.318846405 0.102439798 0.941484630
1403638582.727829456 12.168101311 -2.524134874 4.398291588 0.036256615 0.318617851 0.103668049 0.941499412
1403638582.777829409 12.161831856 -2.574282169 4.390323639 0.033762548 0.318595707 0.104354344 0.941523790
1403638582.827829599 12.166075706 -2.590495110 4.387557030 0.032538172 0.318458974 0.104260802 0.941623569
1403638582.877829313 12.156008720 -2.621465683 4.383418083 0.031723529 0.318985850 0.104836464 0.941409111
1403638582.927829504 12.152103424 -2.648489237 4.378850937 0.030036028 0.318923324 0.105768681 0.941381335
1403638582.977829456 12.147519112 -2.665807247 4.377336979 0.028253770 0.318682760 0.106782869 0.941403508
1403638583.027829409 12.144546509 -2.686137676 4.373071194 0.025939295 0.318512052 0.107677557 0.941425979
1403638583.077829361 12.134670258 -2.712779999 4.371423721 0.023544274 0.318703532 0.108781591 0.941297174
1403638583.127829552 12.124495506 -2.737311125 4.374650955 0.021258594 0.319051474 0.108737342 0.941238821
1403638583.177829266 12.121411324 -2.777399778 4.363822937 0.019466784 0.318919480 0.109689504 0.941211820
1403638583.227829456 12.113182068 -2.799053907 4.363033772 0.018207476 0.318728864 0.110824294 0.941168666
1403638583.277829409 12.106138229 -2.802843332 4.374819756 0.018790593 0.318653077 0.111291043 0.941127777
1403638583.327829599 12.095772743 -2.816389322 4.379013538 0.019102231 0.319161683 0.110261478 0.941070318
1403638583.377829313 12.086757660 -2.832264900 4.377409458 0.019443648 0.318511903 0.110993579 0.941197455
1403638583.427829504 12.076608658 -2.853682756 4.384678841 0.018211806 0.318943858 0.110857077 0.941091895
1403638583.477829456 12.067878723 -2.862385035 4.396868706 0.017790759 0.318975747 0.110876665 0.941086829
1403638583.527829409 12.056682587 -2.879221439 4.394923210 0.017422369 0.318568379 0.111002728 0.941216886
1403638583.577829361 12.048930168 -2.895814896 4.400125504 0.018118450 0.318802387 0.110740900 0.941155314
1403638583.627829552 12.040667534 -2.915463924 4.408802032 0.017697481 0.318954229 0.109875843 0.941213250
1403638583.677829266 12.022663116 -2.941521406 4.409591675 0.017197670 0.319584161 0.108334251 0.941187501
1403638583.727829456 12.012102127 -2.963510513 4.414055347 0.017261473 0.319457710 0.108235262 0.941240668
1403638583.777829409 12.002291679 -2.980519772 4.418712139 0.017913425 0.319313109 0.108462907 0.941251397
1403638583.827829599 11.990558624 -3.004106045 4.424804211 0.017844841 0.319595814 0.107713476 0.941242754
1403638583.877829313 11.979581833 -3.021196365 4.434008598 0.019252775 0.319532454 0.107429624 0.941268981
1403638583.927829504 11.965644836 -3.038130283 4.447680473 0.019401744 0.319600165 0.107529424 0.941231549
1403638583.977829456 11.951078415 -3.053901911 4.446352005 0.018963709 0.319753855 0.106926091 0.941256940
1403638584.027829409 11.939570427 -3.070712328 4.464014530 0.020573169 0.319993794 0.106353849 0.941206455
1403638584.077829361 11.917474747 -3.081466675 4.482599258 0.025276432 0.321526766 0.103338309 0.940905392
1403638584.127829552 11.907688141 -3.090676308 4.486791611 0.033108916 0.322032958 0.100839011 0.940760434
1403638584.177829266 11.895110130 -3.112109184 4.495324135 0.040753175 0.322851121 0.098019369 0.940477848
1403638584.227829456 11.882082939 -3.111783504 4.504283905 0.049965709 0.323620081 0.095071800 0.940071762
1403638584.277829409 11.860134125 -3.120472431 4.521079063 0.056633212 0.323690087 0.094762683 0.939700782
1403638584.327829599 11.832679749 -3.116661549 4.534716606 0.060105667 0.324741066 0.092783406 0.939319909
1403638584.377829313 11.823002815 -3.133388996 4.547710896 0.061409608 0.324434698 0.092877060 0.939332128
1403638584.427829504 11.802856445 -3.137191296 4.552617073 0.061483305 0.324178845 0.093026057 0.939400911
1403638584.477829456 11.765884399 -3.138278008 4.575625420 0.061541378 0.324963003 0.091788977 0.939247847
1403638584.527829409 11.738824844 -3.139391422 4.582700253 0.062225718 0.324377328 0.093062893 0.939279914
1403638584.577829361 11.709827423 -3.145596504 4.583232880 0.061151497 0.324479014 0.092081167 0.939412057
1403638584.627829552 11.680920601 -3.144812584 4.590620041 0.060453631 0.323886096 0.093111642 0.939560235
1403638584.677829266 11.649480820 -3.154208660 4.592529774 0.058560569 0.323171675 0.094474122 0.939790130
1403638584.727829456 11.615530014 -3.154331446 4.595236778 0.055139486 0.322564363 0.095623493 0.940089405
1403638584.777829409 11.580370903 -3.165788651 4.599028587 0.047785748 0.321377516 0.098614849 0.940589309
1403638584.827829599 11.541848183 -3.193940163 4.596765518 0.040619779 0.320507020 0.101167277 0.940951884
1403638584.877829313 11.507635117 -3.196410179 4.592977524 0.034502078 0.318304539 0.106215701 0.941387355
1403638584.927829504 11.472705841 -3.188805103 4.585681438 0.031665500 0.317707568 0.107742742 0.941515148
1403638584.977829456 11.433025360 -3.206211329 4.590160370 0.028454309 0.317759514 0.108877145 0.941469610
1403638585.027829409 11.393129349 -3.212222099 4.587446690 0.026196811 0.317302823 0.109629802 0.941601813
1403638585.077829361 11.358088493 -3.223476410 4.580525875 0.025524929 0.317479670 0.109513894 0.941574216
1403638585.127829552 11.321928978 -3.227141857 4.584225178 0.025529960 0.316800833 0.111375317 0.941584349
1403638585.177829266 11.283593178 -3.231711626 4.581302643 0.025846526 0.316436797 0.112166226 0.941604257
1403638585.227829456 11.241386414 -3.232385635 4.581405640 0.027285382 0.316961706 0.111489259 0.941467524
1403638585.277829409 11.205460548 -3.229871511 4.591856003 0.029213089 0.317243516 0.110689715 0.941409051
1403638585.327829599 11.167397499 -3.228184462 4.589285374 0.031678114 0.317331433 0.110147245 0.941363275
1403638585.377829313 11.126791954 -3.240287304 4.589663506 0.032066677 0.317314565 0.109756462 0.941401482
1403638585.427829504 11.093243599 -3.231266975 4.584295750 0.032245304 0.316865951 0.109902427 0.941529453
1403638585.477829456 11.055233002 -3.222866297 4.584266663 0.031960934 0.316739917 0.109958440 0.941574991
1403638585.527829409 11.005321503 -3.231913805 4.599849701 0.030235831 0.317430347 0.109422423 0.941461921
1403638585.577829361 10.969723701 -3.231089592 4.601191998 0.028970340 0.316608280 0.110608310 0.941639960
1403638585.627829552 10.931994438 -3.232150078 4.591575623 0.027188452 0.316315472 0.110275723 0.941830516
1403638585.677829266 10.891755104 -3.236873150 4.588942528 0.024701251 0.316058457 0.110807292 0.941922843
1403638585.727829456 10.847497940 -3.244697332 4.592409611 0.020298533 0.315816641 0.111869857 0.941983581
1403638585.777829409 10.804640770 -3.254000664 4.590784073 0.016015250 0.314702958 0.114361666 0.942139566
1403638585.827829599 10.763752937 -3.257527590 4.586956024 0.012676047 0.314321667 0.115542516 0.942173660
1403638585.877829313 10.729057312 -3.272699118 4.585294724 0.009409098 0.313446879 0.117630355 0.942245066
1403638585.927829504 10.687179565 -3.281591654 4.583177567 0.008762520 0.313007653 0.119828366 0.942120254
1403638585.977829456 10.649842262 -3.303145409 4.572772980 0.009432784 0.312824875 0.120453663 0.942094803
1403638586.027829409 10.616303444 -3.319971561 4.577701569 0.013107126 0.313407838 0.119901970 0.941927433
1403638586.077829361 10.579156876 -3.330868244 4.576368332 0.016928717 0.314439952 0.118718490 0.941672385
1403638586.127829552 10.538307190 -3.345192194 4.583767891 0.019686235 0.315554261 0.118250109 0.941304922
1403638586.177829266 10.502420425 -3.364422798 4.583128929 0.021196529 0.315861106 0.117081344 0.941315353
1403638586.227829456 10.473265648 -3.381507397 4.576438904 0.022818156 0.316240847 0.116200268 0.941259086
1403638586.277829409 10.436990738 -3.394765854 4.588062286 0.024985759 0.317245692 0.114789516 0.941038966
1403638586.327829599 10.407064438 -3.394735336 4.588653564 0.028631426 0.318194240 0.112756088 0.940860689
1403638586.377829313 10.369686127 -3.416005611 4.594764233 0.029768541 0.319967985 0.108365379 0.940739751
1403638586.427829504 10.328217506 -3.423113823 4.592923641 0.031823855 0.322241455 0.104145125 0.940373123
1403638586.477829456 10.295633316 -3.430406332 4.604093552 0.032108162 0.324052691 0.099854596 0.940206409
1403638586.527829409 10.260881424 -3.433654308 4.607336044 0.033057597 0.325184047 0.097003311 0.940081358
1403638586.577829361 10.222434044 -3.441303015 4.607872009 0.033155844 0.324945062 0.097723849 0.940085888
1403638586.627829552 10.183281898 -3.429816723 4.626716137 0.033099975 0.324256182 0.099858850 0.940101385
1403638586.677829266 10.144576073 -3.426170588 4.635942459 0.033042368 0.323999703 0.101175748 0.940051019
1403638586.727829456 10.107515335 -3.431640387 4.639177799 0.033337038 0.322615087 0.104062364 0.940201700
1403638586.777829409 10.064505577 -3.442457438 4.638488770 0.032883983 0.321875274 0.105508946 0.940310001
1403638586.827829599 10.024500847 -3.434650421 4.649507999 0.034693137 0.321108490 0.107353784 0.940298378
1403638586.877829313 9.983556747 -3.435266256 4.657014847 0.035207760 0.320473224 0.107727557 0.940453172
1403638586.927829504 9.939637184 -3.425775290 4.667474747 0.035900809 0.320791811 0.106969081 0.940405011
1403638586.977829456 9.901652336 -3.419165850 4.682823181 0.035994854 0.320602834 0.107350111 0.940422356
1403638587.027829409 9.857258797 -3.411692142 4.695318222 0.036371600 0.320417315 0.107611381 0.940441251
1403638587.077829361 9.813285828 -3.412264824 4.695856571 0.036148731 0.320075572 0.108284749 0.940488935
1403638587.127829552 9.772922516 -3.403103590 4.717061043 0.036064290 0.320095956 0.108445972 0.940466642
1403638587.177829266 9.726510048 -3.392850399 4.720495224 0.034667600 0.320031017 0.108280614 0.940560281
1403638587.227829456 9.685052872 -3.401417971 4.726459503 0.032216188 0.319603503 0.108067825 0.940817297
1403638587.277829409 9.639623642 -3.398533583 4.738299370 0.031389099 0.319616973 0.108588345 0.940780759
1403638587.327829599 9.597300529 -3.402066708 4.742442131 0.029241860 0.319516897 0.108839884 0.940854847
1403638587.377829313 9.553362846 -3.405924320 4.747535706 0.028495846 0.319152355 0.109381244 0.940938652
1403638587.427829504 9.510102272 -3.410410881 4.744470596 0.028228182 0.318693757 0.110392988 0.940984011
1403638587.477829456 9.463695526 -3.408353567 4.750530243 0.028445458 0.318445742 0.111720316 0.940904737
1403638587.527829409 9.419548988 -3.415370464 4.756747723 0.028877174 0.318352699 0.111969724 0.940893471
1403638587.577829361 9.375753403 -3.414939880 4.757634163 0.028314656 0.318114609 0.113122776 0.940853238
1403638587.627829552 9.328396797 -3.414808273 4.767157555 0.028760862 0.318328798 0.113641664 0.940704644
1403638587.677829266 9.283190727 -3.415232897 4.762254715 0.028553529 0.318243712 0.113749862 0.940726697
1403638587.727829456 9.241612434 -3.412276745 4.782439232 0.028874183 0.318476140 0.113287650 0.940693974
1403638587.777829409 9.193981171 -3.409031391 4.782066345 0.029037971 0.318714082 0.113870166 0.940538049
1403638587.827829599 9.151128769 -3.407298565 4.794867039 0.029254088 0.318754435 0.114586778 0.940430641
1403638587.877829313 9.103220940 -3.405511856 4.793664932 0.029286273 0.318517208 0.115099430 0.940447390
1403638587.927829504 9.063150406 -3.402887344 4.801954269 0.029295497 0.318559885 0.115194052 0.940421104
1403638587.977829456 9.019357681 -3.395466328 4.813947678 0.029493386 0.318542868 0.115325548 0.940404534
1403638588.027829409 8.974589348 -3.393902302 4.818391800 0.029745409 0.318543434 0.115196444 0.940412223
1403638588.077829361 8.929386139 -3.376837015 4.830548286 0.030247590 0.319052249 0.113745511 0.940400302
1403638588.127829552 8.886272430 -3.369771004 4.840865135 0.029319398 0.320224255 0.111369245 0.940315783
1403638588.177829266 8.843048096 -3.360963583 4.850200653 0.028182982 0.322081029 0.106261201 0.940307558
1403638588.227829456 8.796410561 -3.351910591 4.853885651 0.027017601 0.322854161 0.103782460 0.940353453
1403638588.277829409 8.753108978 -3.344672441 4.861457825 0.026496805 0.323100984 0.102385044 0.940436661
1403638588.327829599 8.707853317 -3.335917234 4.869459629 0.026283147 0.322977424 0.102633975 0.940457880
1403638588.377829313 8.664580345 -3.337666512 4.872673035 0.025601331 0.323039383 0.101437956 0.940585196
1403638588.427829504 8.617690086 -3.336406708 4.875172138 0.025687864 0.322551310 0.102456249 0.940640032
1403638588.477829456 8.568523407 -3.329472303 4.885600567 0.026037224 0.322377324 0.103256710 0.940602541
1403638588.527829409 8.520865440 -3.331565380 4.888683319 0.026485246 0.321794808 0.104807995 0.940617919
1403638588.577829361 8.474466324 -3.333936453 4.888435364 0.027325541 0.321107745 0.106041245 0.940690398
1403638588.627829552 8.427991867 -3.337237835 4.897465706 0.027969612 0.320443571 0.107143097 0.940773070
1403638588.677829266 8.382103920 -3.339864731 4.902174950 0.029344425 0.319857746 0.108428717 0.940783322
1403638588.727829456 8.332639694 -3.356028795 4.897054195 0.030515863 0.319371879 0.109724641 0.940760851
1403638588.777829409 8.288088799 -3.369880199 4.893108368 0.030619327 0.319202185 0.109885029 0.940796375
1403638588.827829599 8.235934258 -3.367140055 4.902381897 0.031790249 0.319053620 0.110926718 0.940685689
1403638588.877829313 8.189570427 -3.368325233 4.904566765 0.032319453 0.318521917 0.113104098 0.940588534
1403638588.927829504 8.139513016 -3.374980211 4.912513733 0.032197114 0.318980813 0.112824574 0.940470755
1403638588.977829456 8.089225769 -3.379946470 4.910374165 0.031888332 0.319004774 0.113137484 0.940435588
1403638589.027829409 8.042456627 -3.377088308 4.914052963 0.031788301 0.319124639 0.113631114 0.940338790
1403638589.077829361 7.996606827 -3.370846033 4.921636581 0.031578705 0.319344580 0.113330282 0.940307498
1403638589.127829552 7.946653366 -3.367922544 4.924772263 0.031330202 0.319867790 0.112351663 0.940255404
1403638589.177829266 7.893887520 -3.368243933 4.930299759 0.031410225 0.320558667 0.111772768 0.940086424
1403638589.227829456 7.846338272 -3.360826254 4.937069893 0.031572353 0.320162416 0.112219572 0.940162778
1403638589.277829409 7.797734261 -3.353108644 4.941294670 0.032938812 0.320437431 0.111791439 0.940073192
1403638589.327829599 7.747678280 -3.345296383 4.945836067 0.032604255 0.320456803 0.111904509 0.940064847
1403638589.377829313 7.699346542 -3.344892502 4.948081493 0.033064887 0.320412487 0.111623846 0.940097153
1403638589.427829504 7.650571823 -3.339824438 4.951043129 0.032081909 0.320156127 0.112862654 0.940070629
1403638589.477829456 7.602319241 -3.333579063 4.955095768 0.031523630 0.320293278 0.112125091 0.940131128
1403638589.527829409 7.554109573 -3.333667278 4.955862999 0.031560693 0.319890976 0.112550139 0.940216064
1403638589.577829361 7.504089832 -3.335498810 4.953491211 0.031330548 0.319913507 0.112896241 0.940174580
1403638589.627829552 7.458343029 -3.334069014 4.955251694 0.031701218 0.319830447 0.112075277 0.940288603
1403638589.677829266 7.409123898 -3.334331512 4.955331802 0.030721230 0.319536060 0.113211565 0.940285146
1403638589.727829456 7.361121178 -3.336405277 4.950756073 0.028930815 0.319707394 0.113347560 0.940267324
1403638589.777829409 7.312438488 -3.339943647 4.949480057 0.027930599 0.319879740 0.113463312 0.940224946
1403638589.827829599 7.259768009 -3.346562147 4.943319321 0.027276399 0.319850981 0.114390895 0.940141559
1403638589.877829313 7.210807800 -3.344905376 4.942236423 0.026740750 0.320463777 0.114014305 0.939993978
1403638589.927829504 7.162621498 -3.343801498 4.939739227 0.026362350 0.320723832 0.113625795 0.939962983
1403638589.977829456 7.116458893 -3.345191002 4.938893795 0.026434427 0.320871055 0.114447206 0.939811110
1403638590.027829409 7.067220211 -3.344116688 4.934001923 0.026761852 0.320598453 0.115462996 0.939770579
1403638590.077829361 7.020432949 -3.338696480 4.937330723 0.026586864 0.321043104 0.115131572 0.939664423
1403638590.127829552 6.973706245 -3.337145805 4.939099312 0.027517900 0.321427733 0.115319446 0.939483106
1403638590.177829266 6.924928188 -3.334435701 4.935419559 0.027754387 0.321566194 0.114921935 0.939477444
1403638590.227829456 6.874618053 -3.325498581 4.936932564 0.028815163 0.322043628 0.115062155 0.939264774
1403638590.277829409 6.822996140 -3.323820353 4.934751511 0.029022848 0.322190017 0.115464970 0.939158797
1403638590.327829599 6.778242588 -3.316126108 4.936763287 0.029015446 0.322408706 0.115212731 0.939114928
1403638590.377829313 6.730992317 -3.302194118 4.940365314 0.028518725 0.322482288 0.115764856 0.939036965
1403638590.427829504 6.681755066 -3.293977261 4.940589428 0.027148351 0.322903216 0.115069896 0.939018428
1403638590.477829456 6.629925728 -3.287581444 4.940703392 0.026859123 0.322836190 0.115762480 0.938964665
1403638590.527829409 6.589357376 -3.280487061 4.939832687 0.026691964 0.322353303 0.116755433 0.939012289
1403638590.577829361 6.543381691 -3.270799637 4.937106133 0.025171187 0.321846962 0.117104046 0.939184546
1403638590.627829552 6.493001461 -3.266886234 4.935517311 0.023303092 0.321763039 0.117397867 0.939224839
1403638590.677829266 6.449725628 -3.258436203 4.934992790 0.022478387 0.320872933 0.118938185 0.939355671
1403638590.727829456 6.401602745 -3.260557652 4.932213783 0.021545669 0.320733845 0.119796634 0.939315915
1403638590.777829409 6.359655380 -3.261485100 4.928046703 0.020656446 0.320274144 0.120189473 0.939442575
1403638590.827829599 6.309903145 -3.261041880 4.925322533 0.019692352 0.320682168 0.119553737 0.939405143
1403638590.877829313 6.262357235 -3.266367674 4.920347214 0.018992105 0.320880651 0.119747758 0.939327180
1403638590.927829504 6.222711563 -3.262155056 4.914717197 0.018987514 0.320180058 0.120702408 0.939444065
1403638590.977829456 6.176477909 -3.271060705 4.909848690 0.018215014 0.320151627 0.121131338 0.939413846
1403638591.027829409 6.137209892 -3.275516748 4.906012535 0.017334757 0.319829851 0.122485690 0.939364552
1403638591.077829361 6.090658665 -3.281154156 4.904994011 0.016282205 0.319800943 0.122787923 0.939353704
1403638591.127829552 6.047769547 -3.283096313 4.901911259 0.012589033 0.319783419 0.123291641 0.939350426
1403638591.177829266 6.007704258 -3.288062572 4.896983624 0.008592403 0.319469988 0.124355279 0.939361989
1403638591.227829456 5.966737270 -3.294042110 4.893356323 0.003137060 0.319038987 0.125935122 0.939332068
1403638591.277829409 5.923651695 -3.296970606 4.892322540 -0.002644860 0.318611562 0.127705276 0.939239681
1403638591.327829599 5.889417171 -3.294818401 4.892691612 -0.007137063 0.317438930 0.130468905 0.939233482
1403638591.377829313 5.854738235 -3.294333935 4.895292759 -0.010247611 0.316782922 0.132108375 0.939197004
1403638591.427829504 5.814254284 -3.293932199 4.896495342 -0.013181573 0.316519320 0.133775085 0.939013362
1403638591.477829456 5.781738281 -3.293625355 4.902086258 -0.015453452 0.315633178 0.135508463 0.939028502
1403638591.527829409 5.748095036 -3.288148403 4.908915043 -0.018086551 0.315088063 0.137208685 0.938917637
1403638591.577829361 5.718033314 -3.286958456 4.917019844 -0.020901054 0.314516783 0.138673156 0.938835561
1403638591.627829552 5.693493366 -3.285895586 4.925588608 -0.022245107 0.313820004 0.140010476 0.938839316
1403638591.677829266 5.662065506 -3.282261848 4.942987919 -0.021607844 0.314179152 0.140279174 0.938694000
1403638591.727829456 5.638988018 -3.279075146 4.958603382 -0.020072287 0.314387619 0.140386671 0.938642144
1403638591.777829409 5.614828587 -3.275652885 4.973367691 -0.018152690 0.315159619 0.138160110 0.938752711
1403638591.827829599 5.595610142 -3.275310755 4.989671230 -0.015571635 0.315188348 0.138204291 0.938782990
1403638591.877829313 5.574629307 -3.275666714 5.007467747 -0.013639616 0.315586537 0.137120038 0.938838243
1403638591.927829504 5.561336994 -3.283101559 5.024114609 -0.010690001 0.315501243 0.136606365 0.938979983
1403638591.977829456 5.544996738 -3.287774086 5.044771194 -0.008968868 0.315899163 0.136221319 0.938920140
1403638592.027829409 5.534837246 -3.295931578 5.061606884 -0.005565395 0.315609843 0.135894120 0.939091206
1403638592.077829361 5.518871784 -3.311862469 5.079779625 -0.004298398 0.315800667 0.135240451 0.939128041
1403638592.127829552 5.507461071 -3.317502260 5.094729900 -0.002014800 0.315156162 0.134241998 0.939495444
1403638592.177829266 5.495402813 -3.334871292 5.112791538 0.002601899 0.313352138 0.134296909 0.940089405
1403638592.227829456 5.490510941 -3.346700907 5.130784035 0.009034162 0.310439736 0.133370116 0.941147208
1403638592.277829409 5.480445862 -3.372686863 5.145912647 0.015993722 0.306497991 0.132554814 0.942460835
1403638592.327829599 5.469695568 -3.389922380 5.162860394 0.022079805 0.301789492 0.131207407 0.944044650
1403638592.377829313 5.461184502 -3.414766312 5.179270267 0.027027514 0.294913530 0.130098894 0.946239889
1403638592.427829504 5.460422516 -3.443542719 5.192694664 0.029618608 0.286284953 0.127455637 0.949167371
1403638592.477829456 5.454417229 -3.466097355 5.209094048 0.030576879 0.277525544 0.124960169 0.952065945
1403638592.527829409 5.451445580 -3.487190247 5.214293003 0.028581019 0.269540846 0.121378027 0.954881310
1403638592.577829361 5.447598934 -3.517849207 5.229330063 0.024891878 0.263217121 0.117598571 0.957218766
1403638592.627829552 5.449070930 -3.546852589 5.236297607 0.021150274 0.256634504 0.114661410 0.959449947
1403638592.677829266 5.447747707 -3.574357271 5.244071960 0.017176880 0.251407027 0.112118110 0.961212277
1403638592.727829456 5.449811935 -3.603184938 5.248896599 0.012845252 0.246561363 0.109967642 0.962782264
1403638592.777829409 5.450740814 -3.631411076 5.258001328 0.008186444 0.242531538 0.108827867 0.963985443
1403638592.827829599 5.451776505 -3.657544613 5.263312340 0.004502517 0.239136115 0.108606167 0.964882612
1403638592.877829313 5.462192535 -3.686822891 5.270881653 0.001523021 0.236165926 0.107642449 0.965731025
1403638592.927829504 5.464951038 -3.713804007 5.279166698 -0.000515347 0.234751597 0.106442548 0.966209888
1403638592.977829456 5.469558239 -3.733586788 5.294614792 -0.001398993 0.233843952 0.104641199 0.966625750
1403638593.027829409 5.477965355 -3.762549400 5.308192253 -0.002112556 0.232773706 0.104751423 0.966870785
1403638593.077829361 5.488361359 -3.786276340 5.324350357 -0.002723736 0.232106626 0.104252189 0.967083573
1403638593.127829552 5.494767189 -3.803083658 5.340072632 -0.001245368 0.232000098 0.104003899 0.967138886
1403638593.177829266 5.507274628 -3.831845045 5.351942062 0.000997285 0.231910259 0.103335850 0.967232347
1403638593.227829456 5.520554066 -3.857300520 5.370591164 0.004443928 0.233274058 0.100425795 0.967201233
1403638593.277829409 5.531425953 -3.881546736 5.390120983 0.006865484 0.235537112 0.095891967 0.967098713
1403638593.327829599 5.544752121 -3.918563366 5.406292915 0.008919469 0.237728849 0.092231944 0.966901600
1403638593.377829313 5.557743549 -3.948732615 5.423671722 0.012178335 0.240349263 0.086908743 0.966711402
1403638593.427829504 5.574470043 -3.979569435 5.441212177 0.016161364 0.243035138 0.081403583 0.966460705
1403638593.477829456 5.586697578 -4.006771564 5.453606606 0.019785866 0.244812027 0.079315834 0.966118336
1403638593.527829409 5.599379063 -4.032794952 5.473366261 0.022729345 0.246624231 0.077254467 0.965759635
1403638593.577829361 5.613078117 -4.057886124 5.492640972 0.024593066 0.247824579 0.075571902 0.965539753
1403638593.627829552 5.621377945 -4.088542938 5.517531395 0.025092158 0.249158576 0.074745052 0.965247929
1403638593.677829266 5.634624004 -4.113007545 5.529552460 0.025357250 0.249767438 0.073761076 0.965159357
1403638593.727829456 5.642067432 -4.130393982 5.550140381 0.028251700 0.250428677 0.073743075 0.964908957
1403638593.777829409 5.649720669 -4.156468868 5.570807934 0.030869545 0.251236826 0.073031038 0.964672863
1403638593.827829599 5.655972004 -4.181331158 5.599494457 0.038693149 0.250594765 0.074510530 0.964444578
1403638593.877829313 5.664254665 -4.211128235 5.621401310 0.049205493 0.248164475 0.075090565 0.964548945
1403638593.927829504 5.667152882 -4.241425991 5.635702133 0.054924920 0.245073378 0.075530380 0.964996099
1403638593.977829456 5.673224926 -4.251193523 5.653457642 0.057537422 0.241064742 0.076164581 0.965803444
1403638594.027829409 5.675829887 -4.267618656 5.664951801 0.055070214 0.236652449 0.077802420 0.966907263
1403638594.077829361 5.676610947 -4.298547745 5.677699566 0.050506286 0.232780248 0.079098180 0.967990696
1403638594.127829552 5.675326824 -4.318924427 5.686077595 0.046572637 0.230399027 0.078695871 0.968790174
1403638594.177829266 5.677639961 -4.340649605 5.696381092 0.042115409 0.228333637 0.076609559 0.969649971
1403638594.227829456 5.677433014 -4.365500450 5.702021599 0.039568529 0.227163523 0.074754439 0.970176756
1403638594.277829409 5.679443359 -4.386841297 5.705461502 0.039113101 0.225694850 0.072567545 0.970703900
1403638594.327829599 5.672338009 -4.416914940 5.717844009 0.039180327 0.225441247 0.070739523 0.970895052
1403638594.377829313 5.675091267 -4.436394691 5.723399162 0.040753815 0.225161240 0.066942289 0.971164465
1403638594.427829504 5.668928146 -4.462122917 5.731243134 0.041763660 0.225523159 0.062998801 0.971301377
1403638594.477829456 5.663256168 -4.486735821 5.733813286 0.042879745 0.225601330 0.060128305 0.971416473
1403638594.527829409 5.657096386 -4.513826847 5.737343311 0.042679388 0.223664820 0.062436018 0.971727490
1403638594.577829361 5.650702953 -4.542695522 5.737459660 0.042640727 0.222034410 0.064842947 0.971945465
1403638594.627829552 5.642865658 -4.564522266 5.733121872 0.042635430 0.220172688 0.067926273 0.972158551
1403638594.677829266 5.634644032 -4.591336727 5.741583347 0.042549871 0.219098896 0.070660502 0.972210050
1403638594.727829456 5.627753258 -4.610849380 5.738092422 0.042213216 0.218420416 0.072455704 0.972245276
1403638594.777829409 5.616643429 -4.630373001 5.737863064 0.042200297 0.218379945 0.073260702 0.972194552
1403638594.827829599 5.609019756 -4.656900406 5.732670307 0.041529071 0.217970774 0.074398503 0.972228885
1403638594.877829313 5.600710869 -4.681864738 5.732665062 0.040980358 0.217917606 0.075300939 0.972194612
1403638594.927829504 5.588422775 -4.694113255 5.732684612 0.039983992 0.218390718 0.075478636 0.972116172
1403638594.977829456 5.577634335 -4.720563889 5.737422943 0.037082326 0.219177678 0.075452380 0.972056091
1403638595.027829409 5.571066856 -4.731713295 5.726071358 0.036481883 0.218129903 0.077499531 0.972153425
1403638595.077829361 5.555296421 -4.747224331 5.722990513 0.034713112 0.218847081 0.078049481 0.972012997
1403638595.127829552 5.546578407 -4.759624481 5.727245331 0.034088869 0.218842939 0.078923248 0.971965492
1403638595.177829266 5.533465862 -4.763303757 5.727597237 0.033944439 0.219198644 0.079063684 0.971878946
1403638595.227829456 5.525431156 -4.768821716 5.723382473 0.033616889 0.219342530 0.078833424 0.971876621
1403638595.277829409 5.512006760 -4.777447224 5.731936932 0.032871529 0.219694406 0.079052985 0.971804798
1403638595.327829599 5.497767925 -4.780357361 5.728327751 0.033232648 0.220249921 0.078521691 0.971709847
1403638595.377829313 5.489656448 -4.780015945 5.734555721 0.033389132 0.219777539 0.079695992 0.971715808
1403638595.427829504 5.476269245 -4.782272339 5.732097149 0.033276100 0.220121071 0.079418913 0.971664608
1403638595.477829456 5.463242531 -4.784452438 5.731731892 0.032703709 0.220206276 0.079769500 0.971635997
1403638595.527829409 5.456731319 -4.785030842 5.732534409 0.031934898 0.219721735 0.079627320 0.971782982
1403638595.577829361 5.441299438 -4.778076172 5.731763363 0.031544641 0.219729051 0.079470344 0.971806884
1403638595.627829552 5.430297852 -4.778383732 5.736526489 0.031614374 0.219851583 0.078457505 0.971859217
1403638595.677829266 5.415761948 -4.785507679 5.736214638 0.030897526 0.220938385 0.076606788 0.971783459
1403638595.727829456 5.397003174 -4.794005394 5.741254330 0.029680435 0.222488448 0.074173249 0.971656501
1403638595.777829409 5.386317730 -4.795301437 5.733811855 0.029071836 0.223142654 0.072111465 0.971680045
1403638595.827829599 5.374812603 -4.798236370 5.734039307 0.028324760 0.223418638 0.071163125 0.971708655
1403638595.877829313 5.360274315 -4.800373554 5.733348370 0.028252622 0.223889038 0.070884943 0.971622825
1403638595.927829504 5.350861073 -4.796524525 5.730868340 0.028454442 0.223999366 0.070039876 0.971652746
1403638595.977829456 5.334492683 -4.787809849 5.730862617 0.028695570 0.224752218 0.068343639 0.971592665
1403638596.027829409 5.322786331 -4.778609753 5.735557556 0.028987393 0.225794375 0.065440156 0.971542239
1403638596.077829361 5.307366371 -4.768507481 5.733365536 0.026902672 0.227961928 0.060221657 0.971433461
1403638596.127829552 5.291497231 -4.760649204 5.737908363 0.025870746 0.230209142 0.054132730 0.971289992
1403638596.177829266 5.274333477 -4.746453285 5.742349625 0.023993064 0.232766703 0.047408801 0.971080065
1403638596.227829456 5.254346848 -4.735649109 5.742724895 0.022283267 0.235193118 0.040828060 0.970835090
1403638596.277829409 5.235936165 -4.730957508 5.742240906 0.019986127 0.237318024 0.033515524 0.970647991
1403638596.327829599 5.211860657 -4.727230072 5.744547844 0.019148761 0.239352882 0.028096193 0.970337212
1403638596.377829313 5.186684132 -4.726846695 5.749827862 0.019010583 0.240965605 0.022576943 0.970084786
1403638596.427829504 5.157918930 -4.729920387 5.747712135 0.018426221 0.241700500 0.019352831 0.969982922
1403638596.477829456 5.124416351 -4.730331421 5.751017570 0.019301811 0.242852226 0.015233776 0.969751596
1403638596.527829409 5.088668346 -4.743853569 5.755373001 0.017890731 0.244201198 0.011177241 0.969495118
1403638596.577829361 5.052134991 -4.750073910 5.759418964 0.016816128 0.245309010 0.007171718 0.969272554
1403638596.627829552 5.012852669 -4.762035370 5.760376930 0.016364794 0.246459499 0.002277673 0.969012260
1403638596.677829266 4.965001106 -4.779641151 5.764870644 0.014860088 0.248202294 -0.002618128 0.968590796
1403638596.727829456 4.921774864 -4.787270069 5.764483452 0.014756758 0.248580128 -0.005267261 0.968484700
1403638596.777829409 4.863538265 -4.813280582 5.774836063 0.014198196 0.249346897 -0.007803468 0.968278766
1403638596.827829599 4.806424141 -4.829195499 5.783875465 0.014537841 0.250225514 -0.010601588 0.968020439
1403638596.877829313 4.743786335 -4.854069710 5.786436558 0.015231152 0.250321627 -0.011979602 0.967968822
1403638596.927829504 4.677826881 -4.881821156 5.791303635 0.015615772 0.250857592 -0.013837745 0.967799187
1403638596.977829456 4.602531910 -4.901167393 5.801403999 0.017248685 0.251646012 -0.014158198 0.967562139
1403638597.027829409 4.533329964 -4.925866604 5.806606770 0.017240027 0.252041757 -0.015047372 0.967445791
1403638597.077829361 4.449642181 -4.944423676 5.821677685 0.018211253 0.253370076 -0.017008115 0.967048466
1403638597.127829552 4.363183022 -4.967257023 5.838862419 0.019633900 0.254329115 -0.017593291 0.966758370
1403638597.177829266 4.280004501 -4.988472462 5.853216171 0.020611532 0.255262643 -0.018814702 0.966468990
1403638597.227829456 4.189116478 -5.003532410 5.863092899 0.023626359 0.255082786 -0.016228402 0.966494262
1403638597.277829409 4.095294952 -5.018769741 5.883196831 0.026399927 0.254597962 -0.014083565 0.966583967
1403638597.327829599 3.993674278 -5.036530495 5.907369614 0.028102592 0.254556894 -0.011194598 0.966584623
1403638597.377829313 3.895034313 -5.050963879 5.923311234 0.030264331 0.253504157 -0.007726634 0.966829896
1403638597.427829504 3.786795139 -5.073412895 5.944285393 0.032215793 0.252504021 -0.003642716 0.967052579
1403638597.477829456 3.680395603 -5.090387821 5.972764969 0.036442704 0.250851303 0.002832212 0.967335284
1403638597.527829409 3.564068556 -5.097542286 6.006179333 0.042596005 0.248351216 0.010708802 0.967673838
1403638597.577829361 3.451105356 -5.109634399 6.025317669 0.047130920 0.245805636 0.017767943 0.968009591
1403638597.627829552 3.338213682 -5.122174740 6.052884102 0.049556315 0.244783744 0.021848440 0.968063951
1403638597.677829266 3.205052853 -5.135874271 6.076696396 0.050860923 0.245220438 0.023953307 0.967836022
1403638597.727829456 3.085086823 -5.149292946 6.113228798 0.050055671 0.246068835 0.023013426 0.967685401
1403638597.777829409 2.965862989 -5.143695354 6.128514767 0.048264097 0.245645180 0.017329132 0.968002498
1403638597.827829599 2.844997168 -5.153747082 6.154619217 0.046251692 0.244099349 0.011698644 0.968576014
1403638597.877829313 2.712332964 -5.152414799 6.185750008 0.044854552 0.243258685 0.005575444 0.968907773
1403638597.927829504 2.580930710 -5.154413223 6.205041409 0.043170504 0.241741061 0.000221071 0.969380021
1403638597.977829456 2.455690861 -5.164577007 6.221807003 0.042757619 0.238371029 -0.002246925 0.970229864
1403638598.027829409 2.319949627 -5.173933506 6.243653297 0.042321634 0.235492215 -0.003469137 0.970948160
1403638598.077829361 2.179977417 -5.181676388 6.272871017 0.044522509 0.231820047 -0.000821458 0.971738935
1403638598.127829552 2.036815643 -5.190131664 6.301884174 0.045423061 0.225633889 0.008191050 0.973118186
1403638598.177829266 1.893751264 -5.202741623 6.315126419 0.045992818 0.218977302 0.018879985 0.974462509
1403638598.227829456 1.759237289 -5.220382214 6.330696106 0.046574797 0.212768689 0.028167887 0.975585401
1403638598.277829409 1.603623867 -5.227938652 6.355812550 0.045107771 0.209152386 0.035929687 0.976181209
1403638598.327829599 1.464621902 -5.235404968 6.375908852 0.044643264 0.205149129 0.042297311 0.976796746
1403638598.377829313 1.322313786 -5.248133659 6.389274597 0.043007519 0.202358261 0.046557710 0.977258384
1403638598.427829504 1.180850863 -5.251367569 6.416175365 0.041799538 0.201333776 0.048895601 0.977408230
1403638598.477829456 1.023480296 -5.262638569 6.437547684 0.039481468 0.200829074 0.050623585 0.977520406
1403638598.527829409 0.892812192 -5.267452240 6.453099251 0.039098624 0.197922528 0.051308874 0.978092730
1403638598.577829361 0.753220499 -5.261749268 6.466479301 0.037160821 0.194602102 0.051483970 0.978825152
1403638598.627829552 0.604364574 -5.263915062 6.491822720 0.035435252 0.191271052 0.050027136 0.979620874
1403638598.677829266 0.463768095 -5.268074036 6.494088650 0.034725498 0.186230347 0.047138862 0.980760098
1403638598.727829456 0.327575415 -5.272633553 6.509846687 0.034010716 0.179873869 0.045137309 0.982064843
1403638598.777829409 0.188322127 -5.273723602 6.510510921 0.033363853 0.172474071 0.042754799 0.983520031
1403638598.827829599 0.032521926 -5.266399384 6.541214943 0.035616796 0.166654825 0.039159346 0.984593451
1403638598.877829313 -0.095598169 -5.272090912 6.539330006 0.035200968 0.157237187 0.035982747 0.986277223
1403638598.927829504 -0.230519652 -5.268925190 6.560432911 0.034720697 0.149041951 0.031432480 0.987721086
1403638598.977829456 -0.387725353 -5.274720669 6.588021755 0.034795847 0.141493022 0.027553629 0.988943815
1403638599.027829409 -0.510615289 -5.278075695 6.600090027 0.035072014 0.130911097 0.025273662 0.990451217
1403638599.077829361 -0.652387679 -5.283006191 6.607520103 0.035674121 0.121799871 0.020205678 0.991707563
1403638599.127829552 -0.778985441 -5.283103943 6.613575459 0.036033727 0.111748099 0.015993752 0.992954254
1403638599.177829266 -0.915680885 -5.290363789 6.623713493 0.036462270 0.101568267 0.012189824 0.994085431
1403638599.227829456 -1.045842767 -5.296241760 6.626090527 0.035771210 0.091721624 0.006829795 0.995118618
1403638599.277829409 -1.184689283 -5.300515175 6.634651661 0.035334527 0.081986524 0.002421955 0.996003926
1403638599.327829599 -1.314347029 -5.302812576 6.635967731 0.034518212 0.070567124 -0.001022174 0.996909142
1403638599.377829313 -1.454457164 -5.312600136 6.645264149 0.031888243 0.061993912 -0.005148299 0.997553706
1403638599.427829504 -1.580367327 -5.320831299 6.646711349 0.030611979 0.053754020 -0.009193270 0.998042583
1403638599.477829456 -1.708604693 -5.336256504 6.654188633 0.028720513 0.046443518 -0.011525964 0.998441458
1403638599.527829409 -1.843314886 -5.350869179 6.668402195 0.027025348 0.041827418 -0.014700362 0.998651087
1403638599.577829361 -1.967799067 -5.361993790 6.662391663 0.024845362 0.036805931 -0.015152377 0.998898625
1403638599.627829552 -2.094702482 -5.371308804 6.672736645 0.023949955 0.033025615 -0.015984191 0.999039650
1403638599.677829266 -2.238629580 -5.368241310 6.690892220 0.023084307 0.031579863 -0.017332450 0.999084294
1403638599.727829456 -2.369888544 -5.382518768 6.696782112 0.022083083 0.030382514 -0.017567819 0.999139965
1403638599.777829409 -2.496546745 -5.389521599 6.696980953 0.021775385 0.029771037 -0.017997794 0.999157488
1403638599.827829599 -2.608513594 -5.385353565 6.706210136 0.021873893 0.028023986 -0.014840088 0.999257743
1403638599.877829313 -2.761356592 -5.388767719 6.716203690 0.020102359 0.029388279 -0.014572769 0.999259651
1403638599.927829504 -2.885378122 -5.393721581 6.728934765 0.019080060 0.028973456 -0.011460896 0.999332368
1403638599.977829456 -3.004297972 -5.422723293 6.739291191 0.018485701 0.028287496 -0.006985156 0.999404550
1403638600.027829409 -3.137643099 -5.408113003 6.747225761 0.019542236 0.027994804 -0.002586982 0.999413729
1403638600.077829361 -3.265435219 -5.408056259 6.760417461 0.017137030 0.027358536 0.002562840 0.999475479
1403638600.127829552 -3.391980410 -5.409072399 6.778976440 0.016122637 0.026275463 0.009780942 0.999476850
1403638600.177829266 -3.516774893 -5.408549786 6.793047905 0.014164535 0.023838626 0.019272599 0.999429703
1403638600.227829456 -3.629916430 -5.403092861 6.802257061 0.011125394 0.022167290 0.026422091 0.999343216
1403638600.277829409 -3.754179955 -5.405021191 6.821818352 0.009868221 0.020882733 0.033721898 0.999164343
1403638600.327829599 -3.878733397 -5.401996613 6.841819763 0.007590957 0.020249052 0.039539915 0.998983979
1403638600.377829313 -3.980747938 -5.403337955 6.855767727 0.006475553 0.018880986 0.045145851 0.998780966
1403638600.427829504 -4.091336727 -5.400734425 6.869437218 0.004720303 0.017413905 0.050594807 0.998556316
1403638600.477829456 -4.202422619 -5.404535770 6.885739803 0.003756082 0.017039526 0.053834878 0.998397470
1403638600.527829409 -4.298387051 -5.403437614 6.915895939 0.003399054 0.017757799 0.053865254 0.998384535
1403638600.577829361 -4.399814606 -5.410382271 6.932078362 0.002989518 0.018783757 0.053452365 0.998389304
1403638600.627829552 -4.500754833 -5.419697285 6.955887318 0.000654013 0.019040398 0.055215362 0.998292744
1403638600.677829266 -4.596669197 -5.429312706 6.980853558 0.000004544 0.018543659 0.058105022 0.998138309
1403638600.727829456 -4.684543133 -5.438733578 7.005744934 -0.003006010 0.019277118 0.056548163 0.998209238
1403638600.777829409 -4.770856857 -5.454691887 7.023524284 -0.006676936 0.018695999 0.057318125 0.998158574
1403638600.827829599 -4.839030266 -5.470867157 7.035086155 -0.010389781 0.019380497 0.051394761 0.998436272
1403638600.877829313 -4.915340424 -5.488997459 7.053610325 -0.013118360 0.021730727 0.043636236 0.998724997
1403638600.927829504 -4.990951538 -5.506154060 7.080154896 -0.015634980 0.025301769 0.032226358 0.999037981
1403638600.977829456 -5.064111710 -5.524069309 7.105739594 -0.016280942 0.028225249 0.022930617 0.999205947
1403638601.027829409 -5.137718201 -5.538615704 7.134310246 -0.016890440 0.030496310 0.015564511 0.999270976
1403638601.077829361 -5.207092285 -5.555736542 7.165929794 -0.016901987 0.031540621 0.010872264 0.999300480
1403638601.127829552 -5.275099754 -5.571592331 7.200299263 -0.014717075 0.032701857 0.007169147 0.999331057
1403638601.177829266 -5.340147972 -5.588443756 7.230272293 -0.014380139 0.034217644 0.001433862 0.999309897
1403638601.227829456 -5.404847145 -5.604144096 7.264144897 -0.009680805 0.035869941 -0.003772605 0.999302506
1403638601.277829409 -5.472246647 -5.621953487 7.299483299 -0.003387305 0.038019322 -0.010251657 0.999218762
1403638601.327829599 -5.542641163 -5.637698650 7.337388992 0.003161066 0.037829857 -0.013159769 0.999192536
1403638601.377829313 -5.606676579 -5.654570580 7.382498741 0.006115441 0.033718366 -0.012250180 0.999337614
1403638601.427829504 -5.683361053 -5.673454285 7.424445152 0.011694280 0.027902195 -0.009463524 0.999497473
1403638601.477829456 -5.752560616 -5.691635132 7.464893341 0.014740555 0.020748500 -0.008786248 0.999637485
1403638601.527829409 -5.822064877 -5.716897964 7.502357483 0.019062459 0.013085275 -0.011223787 0.999669731
1403638601.577829361 -5.889111996 -5.740052223 7.539221764 0.022670245 0.004066020 -0.015076052 0.999621093
1403638601.627829552 -5.956753731 -5.765315056 7.577082634 0.024223078 -0.005469228 -0.019107398 0.999509037
1403638601.677829266 -6.027918816 -5.789243221 7.618633747 0.026326820 -0.016137794 -0.025650710 0.999193966
1403638601.727829456 -6.091122627 -5.815157413 7.651813984 0.027037406 -0.028549405 -0.031793728 0.998720706
1403638601.777829409 -6.158966541 -5.844728470 7.676187515 0.028845645 -0.041072398 -0.039739478 0.997948825
1403638601.827829599 -6.228129864 -5.869095325 7.723254681 0.031371176 -0.055156287 -0.047214005 0.996867359
1403638601.877829313 -6.290169716 -5.897417545 7.760957718 0.034218393 -0.069389008 -0.056227013 0.995415926
1403638601.927829504 -6.368081093 -5.926059246 7.785658360 0.034652986 -0.082282886 -0.063168138 0.994001269
1403638601.977829456 -6.441009998 -5.961924553 7.824638367 0.034699921 -0.093946561 -0.067759901 0.992662370
1403638602.027829409 -6.503552914 -5.989187717 7.857686996 0.033972479 -0.104779482 -0.072473586 0.991269231
1403638602.077829361 -6.568315506 -6.014866829 7.894481659 0.033825450 -0.113718398 -0.075565420 0.990057528
1403638602.127829552 -6.636579514 -6.035606861 7.925876617 0.035675224 -0.120657571 -0.080370337 0.988792062
1403638602.177829266 -6.699746609 -6.056879520 7.956310272 0.038374435 -0.127849996 -0.085142300 0.987386763
1403638602.227829456 -6.776370049 -6.081170082 7.987206459 0.041858319 -0.134691864 -0.090990752 0.985812664
1403638602.277829409 -6.857269287 -6.109165668 8.018216133 0.044635136 -0.143170193 -0.095526032 0.984065473
1403638602.327829599 -6.937254906 -6.127123833 8.047457695 0.050509200 -0.153851256 -0.097396843 0.981983960
1403638602.377829313 -7.019213676 -6.149599075 8.075546265 0.057240337 -0.167886898 -0.093987502 0.979644835
1403638602.427829504 -7.099305153 -6.175534725 8.096809387 0.069577359 -0.183939397 -0.086981095 0.976606190
1403638602.477829456 -7.168552399 -6.189712524 8.120002747 0.086550392 -0.200199917 -0.080089614 0.972632885
1403638602.527829409 -7.232872963 -6.221732140 8.137322426 0.099975154 -0.217250109 -0.071686596 0.968332887
1403638602.577829361 -7.306978226 -6.240756989 8.150999069 0.112356625 -0.232593939 -0.064829066 0.963884473
1403638602.627829552 -7.374707699 -6.262331009 8.162884712 0.118619092 -0.245961204 -0.062308636 0.959974110
1403638602.677829266 -7.446550369 -6.286087990 8.165555954 0.119661160 -0.256765157 -0.064387806 0.956873596
1403638602.727829456 -7.501917839 -6.305095196 8.164115906 0.119146414 -0.267658353 -0.067489855 0.953733861
1403638602.777829409 -7.555153370 -6.324983120 8.158502579 0.117664292 -0.276892990 -0.074311577 0.950769782
1403638602.827829599 -7.608281612 -6.344726562 8.149782181 0.116088308 -0.286307454 -0.080378547 0.947676599
1403638602.877829313 -7.655735970 -6.364828587 8.139560699 0.113228001 -0.297186047 -0.084115997 0.944343448
1403638602.927829504 -7.698473454 -6.387261391 8.118956566 0.107913032 -0.308658093 -0.087229513 0.940997362
1403638602.977829456 -7.743039131 -6.404335022 8.102972031 0.101531297 -0.322284818 -0.086425796 0.937205672
1403638603.027829409 -7.778698444 -6.421268463 8.079351425 0.098098040 -0.334698468 -0.086699530 0.933186471
1403638603.077829361 -7.810914040 -6.435669899 8.055870056 0.097293228 -0.346271634 -0.088196494 0.928897977
1403638603.127829552 -7.835328579 -6.452338696 8.031030655 0.098279968 -0.357118160 -0.088949226 0.924605727
1403638603.177829266 -7.866604805 -6.460779667 8.004838943 0.098266877 -0.364462703 -0.093307123 0.921305776
1403638603.227829456 -7.890475273 -6.463808060 7.977500916 0.091037847 -0.369521439 -0.099622779 0.919370115
1403638603.277829409 -7.913621902 -6.466605186 7.957589626 0.079450101 -0.372811556 -0.108172789 0.918149173
1403638603.327829599 -7.929488659 -6.468193531 7.929683208 0.065674007 -0.374434233 -0.116665296 0.917537570
1403638603.377829313 -7.944737434 -6.465562344 7.904324532 0.053748552 -0.375405759 -0.123737477 0.916990042
1403638603.427829504 -7.957808018 -6.461039543 7.879311562 0.043861035 -0.376315951 -0.128538847 0.916482627
1403638603.477829456 -7.967595100 -6.456491470 7.858567238 0.037295084 -0.377212405 -0.131322488 0.916010022
1403638603.527829409 -7.975922108 -6.454668522 7.833529472 0.035409410 -0.378288656 -0.134161592 0.915229261
1403638603.577829361 -7.987179756 -6.447542667 7.808789253 0.038058389 -0.380761743 -0.134335771 0.914071143
1403638603.627829552 -7.995880604 -6.441269875 7.785962105 0.042945020 -0.383263916 -0.133594960 0.912916720
1403638603.677829266 -8.004416466 -6.432751656 7.765482903 0.049239606 -0.384117544 -0.135072172 0.912022352
1403638603.727829456 -8.009649277 -6.421405792 7.742739677 0.055798400 -0.383636028 -0.139433444 0.911190629
1403638603.777829409 -8.017384529 -6.407587051 7.722581863 0.063031539 -0.382418066 -0.143973127 0.910524726
1403638603.827829599 -8.020832062 -6.393325329 7.702629566 0.068655431 -0.381715715 -0.147445172 0.909856856
1403638603.877829313 -8.025197983 -6.379095078 7.680382729 0.075145252 -0.379898936 -0.151708350 0.909403503
1403638603.927829504 -8.027511597 -6.356726646 7.658292770 0.080531918 -0.378567636 -0.155237049 0.908901930
1403638603.977829456 -8.029413223 -6.342482090 7.631669521 0.086309113 -0.377406985 -0.157379106 0.908485889
1403638604.027829409 -8.033086777 -6.315361977 7.607343197 0.089013927 -0.375326812 -0.160781562 0.908490837
1403638604.077829361 -8.033265114 -6.293517590 7.577960491 0.092721783 -0.373760670 -0.163258150 0.908323944
1403638604.127829552 -8.030005455 -6.269663811 7.543919086 0.094076805 -0.373389542 -0.164447486 0.908122718
1403638604.177829266 -8.032900810 -6.244794369 7.511181831 0.093672246 -0.373556167 -0.164643541 0.908060491
1403638604.227829456 -8.027539253 -6.223740578 7.469927788 0.091782987 -0.375282019 -0.161483020 0.908109367
1403638604.277829409 -8.025126457 -6.202278137 7.426894665 0.087152988 -0.376913697 -0.157663524 0.908560812
1403638604.327829599 -8.023044586 -6.181314468 7.379555225 0.081255414 -0.378495812 -0.154260501 0.909033716
1403638604.377829313 -8.019481659 -6.158607960 7.331346512 0.074736774 -0.379486591 -0.152222589 0.909523308
1403638604.427829504 -8.012066841 -6.140411377 7.281588554 0.067917518 -0.379770666 -0.151657313 0.910033882
1403638604.477829456 -8.011329651 -6.119769096 7.235419750 0.061791904 -0.378590524 -0.154513568 0.910481513
1403638604.527829409 -8.005479813 -6.101943016 7.179847717 0.055981621 -0.378056437 -0.154951870 0.911004603
1403638604.577829361 -7.992756844 -6.086751938 7.123384476 0.053669412 -0.377683520 -0.156598717 0.911016822
1403638604.627829552 -7.988597870 -6.062606335 7.071755409 0.050541703 -0.377887934 -0.155776367 0.911251903
1403638604.677829266 -7.977885723 -6.046631336 7.019655228 0.047804106 -0.379126132 -0.153628036 0.911250055
1403638604.727829456 -7.970975399 -6.023189068 6.962471008 0.045490231 -0.379807174 -0.151152223 0.911498904
1403638604.777829409 -7.964756966 -5.998837471 6.914150238 0.044324894 -0.380863875 -0.148637027 0.911529064
1403638604.827829599 -7.953493118 -5.971973419 6.857292175 0.041850466 -0.381325275 -0.147011071 0.911716759
1403638604.877829313 -7.946791649 -5.952904701 6.803710461 0.038825225 -0.380987018 -0.147753671 0.911871970
1403638604.927829504 -7.941354275 -5.929445267 6.746177673 0.034660086 -0.379972994 -0.149364218 0.912200391
1403638604.977829456 -7.932638168 -5.910277843 6.693372726 0.028449237 -0.379462659 -0.151046917 0.912350595
1403638605.027829409 -7.924668789 -5.889775276 6.639748573 0.021886807 -0.378977627 -0.152466878 0.912497044
1403638605.077829361 -7.915476799 -5.875395775 6.584499359 0.016828490 -0.378195852 -0.154263422 0.912626684
1403638605.127829552 -7.905270100 -5.859354019 6.532901764 0.012102192 -0.377764910 -0.155535251 0.912664294
1403638605.177829266 -7.896753311 -5.847418785 6.477798939 0.009656318 -0.377296805 -0.157045677 0.912628412
1403638605.227829456 -7.885850906 -5.838040352 6.426484108 0.008459290 -0.376663685 -0.159103200 0.912545443
1403638605.277829409 -7.882239342 -5.823465347 6.377737999 0.008084371 -0.375778437 -0.161180153 0.912549317
1403638605.327829599 -7.878840923 -5.814929008 6.328510284 0.010106939 -0.374170363 -0.164750770 0.912552297
1403638605.377829313 -7.872557163 -5.802602768 6.281173229 0.015862331 -0.372884840 -0.168663815 0.912281692
1403638605.427829504 -7.867505074 -5.787439823 6.235324860 0.023211082 -0.371367157 -0.172891676 0.911951900
1403638605.477829456 -7.866480827 -5.772234440 6.190119743 0.033138424 -0.369644582 -0.177322075 0.911494255
1403638605.527829409 -7.861551285 -5.761013985 6.142115593 0.040071115 -0.368694037 -0.180427819 0.910991192
1403638605.577829361 -7.860980511 -5.746867180 6.097109795 0.046303824 -0.367360413 -0.184336379 0.910451770
1403638605.627829552 -7.863022804 -5.727641106 6.052586079 0.051841039 -0.365881056 -0.187759057 0.910049558
1403638605.677829266 -7.867249012 -5.708015919 6.008097649 0.055664118 -0.365184039 -0.189790189 0.909682333
1403638605.727829456 -7.875857353 -5.684864044 5.966062069 0.057661403 -0.364469230 -0.191136360 0.909562707
1403638605.777829409 -7.878101349 -5.671150684 5.910529137 0.057118263 -0.364430100 -0.191685453 0.909497142
1403638605.827829599 -7.884426594 -5.650425434 5.856687546 0.056591410 -0.363686353 -0.192498088 0.909656107
1403638605.877829313 -7.891466618 -5.638428211 5.801826477 0.057106078 -0.363072336 -0.194250196 0.909496725
1403638605.927829504 -7.901301384 -5.622120857 5.745171547 0.057384156 -0.362222701 -0.195517406 0.909546435
1403638605.977829456 -7.914242744 -5.609665871 5.685936451 0.058494657 -0.360636264 -0.198292911 0.909505308
1403638606.027829409 -7.923312187 -5.597792149 5.625576973 0.058478598 -0.359837651 -0.199481770 0.909562647
1403638606.077829361 -7.933215618 -5.580354214 5.566596985 0.058646243 -0.359312654 -0.200362980 0.909565747
1403638606.127829552 -7.951518536 -5.561946869 5.504169941 0.058889758 -0.358035028 -0.201766700 0.909743488
1403638606.177829266 -7.967359066 -5.540732861 5.442941666 0.059089031 -0.357256979 -0.203469083 0.909657300
1403638606.227829456 -7.991079807 -5.515274048 5.380209923 0.058905352 -0.356142223 -0.204443604 0.909887731
1403638606.277829409 -8.009339333 -5.493071079 5.314153671 0.057444312 -0.355431259 -0.205083311 0.910115182
1403638606.327829599 -8.035804749 -5.462407112 5.248412132 0.053184118 -0.355910838 -0.202200040 0.910831571
1403638606.377829313 -8.058780670 -5.433530331 5.183658600 0.044504482 -0.357310772 -0.197782874 0.911718309
1403638606.427829504 -8.079957008 -5.402623177 5.119472027 0.036948737 -0.359006405 -0.192968220 0.912421227
1403638606.477829456 -8.107642174 -5.370489597 5.053599358 0.027907599 -0.360804617 -0.187322319 0.913209498
1403638606.527829409 -8.141812325 -5.332638741 4.988036633 0.019719442 -0.362178355 -0.182102799 0.913934708
1403638606.577829361 -8.169325829 -5.300189495 4.926223278 0.013038479 -0.364046246 -0.179575115 0.913812459
1403638606.627829552 -8.201200485 -5.263174534 4.858901978 0.007518779 -0.366170347 -0.178139031 0.913306832
1403638606.677829266 -8.228279114 -5.224277020 4.795329094 0.003871392 -0.369428933 -0.178254053 0.911993861
1403638606.727829456 -8.265943527 -5.177257538 4.742822647 -0.000230012 -0.373511970 -0.180439353 0.909906805
1403638606.777829409 -8.300407410 -5.142317772 4.686060905 -0.003346036 -0.379232585 -0.182665691 0.907085896
1403638606.827829599 -8.339363098 -5.104272842 4.632277012 -0.005903015 -0.385769844 -0.186210513 0.903588653
1403638606.877829313 -8.374478340 -5.064006805 4.570922852 -0.008278455 -0.393465281 -0.188341141 0.899802268
1403638606.927829504 -8.415144920 -5.026807785 4.524632454 -0.008380326 -0.402295113 -0.192587152 0.894985259
1403638606.977829456 -8.460247993 -4.990141869 4.464851379 -0.009956375 -0.411307544 -0.195047796 0.890327692
1403638607.027829409 -8.502719879 -4.960741520 4.419384480 -0.009794461 -0.421867996 -0.197400436 0.884852886
1403638607.077829361 -8.542732239 -4.936556339 4.356674671 -0.010475921 -0.431124777 -0.199266076 0.879951537
1403638607.127829552 -8.591258049 -4.908398628 4.303961754 -0.010727533 -0.440692842 -0.196351111 0.875854492
1403638607.177829266 -8.641536713 -4.885738373 4.253370762 -0.005416961 -0.448425025 -0.196293339 0.871983171
1403638607.227829456 -8.691831589 -4.862365723 4.203863621 0.000549644 -0.455989420 -0.193520442 0.868690550
1403638607.277829409 -8.740825653 -4.843873978 4.158433914 0.009091893 -0.461945295 -0.192638844 0.865687132
1403638607.327829599 -8.795927048 -4.817491055 4.107971668 0.013899869 -0.467229486 -0.188764274 0.863638580
1403638607.377829313 -8.845425606 -4.791645050 4.076946259 0.018154817 -0.472854704 -0.185524017 0.861196697
1403638607.427829504 -8.898420334 -4.767610073 4.030534744 0.020280169 -0.475659072 -0.184276745 0.859871686
1403638607.477829456 -8.949866295 -4.740392685 3.999305725 0.019592857 -0.478209913 -0.183313772 0.858677804
1403638607.527829409 -8.993844032 -4.711761951 3.955537796 0.019273542 -0.479613245 -0.182423249 0.858091831
1403638607.577829361 -9.045209885 -4.683029652 3.923684597 0.019364046 -0.480376422 -0.183281556 0.857479751
1403638607.627829552 -9.090414047 -4.655515671 3.873462200 0.019728551 -0.480379283 -0.182777643 0.857577324
1403638607.677829266 -9.141274452 -4.621437550 3.863791943 0.022028513 -0.481908679 -0.182429388 0.856737018
1403638607.727829456 -9.187851906 -4.597563744 3.825222492 0.023868369 -0.480792701 -0.183420002 0.857103169
1403638607.777829409 -9.231494904 -4.566755295 3.795742989 0.024393380 -0.480318099 -0.183802187 0.857272565
1403638607.827829599 -9.278432846 -4.533605099 3.768995285 0.023512956 -0.480064571 -0.183297545 0.857547283
1403638607.877829313 -9.324732780 -4.495059490 3.753368378 0.022092346 -0.480639279 -0.181057394 0.857738972
1403638607.927829504 -9.369392395 -4.466734886 3.717374325 0.017458843 -0.480156690 -0.178827837 0.858583391
1403638607.977829456 -9.411539078 -4.436661720 3.698804855 0.014931737 -0.480333656 -0.176958144 0.858919382
1403638608.027829409 -9.455493927 -4.396721840 3.677807808 0.016348587 -0.480266780 -0.174533218 0.859426975
1403638608.077829361 -9.498236656 -4.361237526 3.658503056 0.019280359 -0.479409754 -0.174383759 0.859874904
1403638608.127829552 -9.540606499 -4.330595970 3.644555092 0.022543920 -0.478525907 -0.174854726 0.860192180
1403638608.177829266 -9.579032898 -4.290222168 3.631506443 0.026523916 -0.476795793 -0.177002504 0.860600054
1403638608.227829456 -9.619207382 -4.254698753 3.616592884 0.031123912 -0.476033449 -0.177189156 0.860829592
1403638608.277829409 -9.658446312 -4.218146801 3.599632740 0.035579015 -0.474942416 -0.177305281 0.861235559
1403638608.327829599 -9.698558807 -4.183208466 3.585632801 0.040575869 -0.474641919 -0.176099166 0.861427784
1403638608.377829313 -9.735321045 -4.142305374 3.575338364 0.046254486 -0.474436045 -0.176105618 0.861253679
1403638608.427829504 -9.770620346 -4.100965500 3.565498829 0.047611360 -0.474880755 -0.175488114 0.861060619
1403638608.477829456 -9.806166649 -4.061270714 3.558519363 0.046779796 -0.474751979 -0.175939769 0.861085057
1403638608.527829409 -9.840702057 -4.018112183 3.540039539 0.044631969 -0.473811716 -0.176776811 0.861545384
1403638608.577829361 -9.874105453 -3.975403786 3.529043198 0.044389911 -0.473332047 -0.177277565 0.861718714
1403638608.627829552 -9.907082558 -3.933144093 3.520940781 0.046404254 -0.474550158 -0.173698500 0.861671507
1403638608.677829266 -9.936893463 -3.890213966 3.508199215 0.049336959 -0.475748271 -0.171253964 0.861337125
1403638608.727829456 -9.966799736 -3.849627018 3.497479439 0.050894238 -0.476481736 -0.169852078 0.861118555
1403638608.777829409 -9.995145798 -3.813426495 3.481804371 0.048330151 -0.475779116 -0.170589834 0.861508906
1403638608.827829599 -10.021472931 -3.769994497 3.466289043 0.045823045 -0.475496322 -0.171320543 0.861657023
1403638608.877829313 -10.043211937 -3.735656977 3.456085205 0.042674519 -0.475720912 -0.172515377 0.861456394
1403638608.927829504 -10.064892769 -3.698338747 3.437484741 0.039161477 -0.475245684 -0.173492059 0.861689270
1403638608.977829456 -10.086116791 -3.664871931 3.418828011 0.035652138 -0.475198925 -0.173428997 0.861880183
1403638609.027829409 -10.101457596 -3.634682655 3.398710728 0.032599237 -0.475115865 -0.173287824 0.862075210
1403638609.077829361 -10.116930962 -3.604537487 3.383721828 0.030885778 -0.474963993 -0.174132273 0.862051845
1403638609.127829552 -10.142336845 -3.582358122 3.375592232 0.029773673 -0.475117475 -0.174456954 0.861940742
1403638609.177829266 -10.158329964 -3.549171686 3.355024338 0.030034229 -0.475808918 -0.171478137 0.862148046
1403638609.227829456 -10.180091858 -3.522798061 3.347194672 0.030085811 -0.478170067 -0.166172862 0.861878633
1403638609.277829409 -10.195356369 -3.495414257 3.331798077 0.029811708 -0.479518443 -0.162221789 0.861891747
1403638609.327829599 -10.210074425 -3.468596935 3.322279453 0.029815283 -0.479704738 -0.161815822 0.861864328
1403638609.377829313 -10.221408844 -3.442407131 3.313564777 0.029692888 -0.479081750 -0.163587898 0.861880541
1403638609.427829504 -10.234719276 -3.409524441 3.303374290 0.030199025 -0.478215694 -0.165109560 0.862053752
1403638609.477829456 -10.246073723 -3.377510548 3.296225548 0.030193336 -0.477151215 -0.167290136 0.862223387
1403638609.527829409 -10.254718781 -3.343818903 3.287349224 0.030553885 -0.476188958 -0.168966874 0.862415671
1403638609.577829361 -10.262915611 -3.307305574 3.282121658 0.031009439 -0.475132525 -0.170908511 0.862599492
1403638609.627829552 -10.276000023 -3.270612240 3.289976597 0.031135406 -0.475708485 -0.170408860 0.862376273
1403638609.677829266 -10.276740074 -3.224987030 3.283185005 0.033152126 -0.474807829 -0.172179610 0.862445712
1403638609.727829456 -10.294639587 -3.197127104 3.284600258 0.033005916 -0.474316150 -0.173822284 0.862392366
1403638609.777829409 -10.299650192 -3.167481661 3.284204483 0.032178797 -0.474293470 -0.174239829 0.862351835
1403638609.827829599 -10.303319931 -3.135251522 3.283235550 0.031215372 -0.474783570 -0.173609406 0.862244725
1403638609.877829313 -10.306886673 -3.103787899 3.292507172 0.032088235 -0.475428581 -0.173832685 0.861812174
1403638609.927829504 -10.310069084 -3.079287052 3.289415359 0.031759508 -0.475532115 -0.173656881 0.861802697
1403638609.977829456 -10.309928894 -3.041541338 3.285108566 0.033351470 -0.475732595 -0.172333732 0.861897469
1403638610.027829409 -10.308914185 -3.009551048 3.277487755 0.035162844 -0.476122379 -0.170385972 0.861997545
1403638610.077829361 -10.317520142 -2.991918564 3.265729904 0.037548278 -0.476190150 -0.168559387 0.862218559
1403638610.127829552 -10.315207481 -2.962369680 3.274668694 0.040530633 -0.477578372 -0.166693762 0.861678243
1403638610.177829266 -10.323742867 -2.945401192 3.248626709 0.043285895 -0.475708395 -0.167059496 0.862507403
1403638610.227829456 -10.320079803 -2.931041718 3.260105133 0.044201851 -0.477487177 -0.165493160 0.861779749
1403638610.277829409 -10.322685242 -2.913240194 3.257922649 0.044632267 -0.477548838 -0.164657146 0.861883461
1403638610.327829599 -10.325530052 -2.890691996 3.272287846 0.045187514 -0.478577584 -0.164418504 0.861329377
1403638610.377829313 -10.312975883 -2.856420994 3.265649319 0.045444902 -0.478394479 -0.163374484 0.861616135
1403638610.427829504 -10.309451103 -2.822406292 3.266129971 0.046764232 -0.478473216 -0.162106231 0.861741364
1403638610.477829456 -10.308500290 -2.799087048 3.257478714 0.048141588 -0.477401465 -0.162947908 0.862101078
1403638610.527829409 -10.302802086 -2.769272089 3.255259991 0.051367272 -0.477068454 -0.162469774 0.862189472
1403638610.577829361 -10.293390274 -2.738336086 3.246650696 0.056626834 -0.477527827 -0.159394294 0.862179875
1403638610.627829552 -10.275235176 -2.703015804 3.256557465 0.063847438 -0.479259163 -0.156287029 0.861283064
1403638610.677829266 -10.265356064 -2.677525997 3.263562202 0.065255433 -0.480256230 -0.154458940 0.860951900
1403638610.727829456 -10.239875793 -2.648120165 3.269827843 0.062373385 -0.480599225 -0.156757250 0.860558569
1403638610.777829409 -10.232454300 -2.629127026 3.253003120 0.055037320 -0.479463905 -0.158374459 0.861395836
1403638610.827829599 -10.200456619 -2.614099026 3.250912666 0.047989424 -0.479279101 -0.162157983 0.861216187
1403638610.877829313 -10.177931786 -2.572874546 3.263532162 0.044207465 -0.479916006 -0.163622960 0.860786796
1403638610.927829504 -10.149864197 -2.573100090 3.253036022 0.041595317 -0.479954064 -0.165460870 0.860544443
1403638610.977829456 -10.125769615 -2.552533150 3.250913143 0.041628215 -0.480300456 -0.165072009 0.860424280
1403638611.027829409 -10.096487045 -2.524958611 3.244373322 0.043478265 -0.481224895 -0.162488654 0.860307992
1403638611.077829361 -10.070579529 -2.505752087 3.250823975 0.046292618 -0.482356399 -0.161795452 0.859657884
1403638611.127829552 -10.047596931 -2.484254360 3.236170292 0.046589263 -0.482437015 -0.160232559 0.859889269
1403638611.177829266 -10.016027451 -2.457889080 3.244966984 0.046745718 -0.483311266 -0.161031708 0.859240294
1403638611.227829456 -9.985094070 -2.426911354 3.242630959 0.047550794 -0.483202845 -0.161153242 0.859234333
1403638611.277829409 -9.951247215 -2.405042648 3.243270874 0.047219109 -0.483335763 -0.162067503 0.859005868
1403638611.327829599 -9.924908638 -2.386953354 3.245090008 0.047938094 -0.482515901 -0.164726898 0.858921111
1403638611.377829313 -9.889987946 -2.354929924 3.236433029 0.051857229 -0.480043948 -0.169413507 0.859166920
1403638611.427829504 -9.848757744 -2.338674068 3.234211445 0.056566343 -0.477042675 -0.176798776 0.859053493
1403638611.477829456 -9.809870720 -2.315658331 3.235740662 0.059407119 -0.474801183 -0.182645917 0.858880162
1403638611.527829409 -9.771120071 -2.291692972 3.223031044 0.061797805 -0.471852332 -0.187883660 0.859206736
1403638611.577829361 -9.728923798 -2.280086756 3.227532864 0.060583651 -0.470645100 -0.191874951 0.859073281
1403638611.627829552 -9.695286751 -2.259669065 3.201269150 0.059042238 -0.468674630 -0.193081558 0.859987020
1403638611.677829266 -9.652258873 -2.243803263 3.198600769 0.057337824 -0.468921274 -0.193031058 0.859979212
1403638611.727829456 -9.613018990 -2.233025312 3.192010403 0.052376512 -0.470251828 -0.190692276 0.860090911
1403638611.777829409 -9.572210312 -2.213404179 3.172812939 0.047382627 -0.471372187 -0.186386436 0.860710859
1403638611.827829599 -9.533993721 -2.193905354 3.174242496 0.043329895 -0.473133922 -0.182883933 0.860709250
1403638611.877829313 -9.487416267 -2.170210123 3.163591385 0.038735010 -0.474112511 -0.179682672 0.861063957
1403638611.927829504 -9.453968048 -2.147483826 3.152519226 0.035851046 -0.474292725 -0.177671999 0.861506701
1403638611.977829456 -9.414010048 -2.124006033 3.142184734 0.033556242 -0.474775493 -0.176124513 0.861650944
1403638612.027829409 -9.372294426 -2.103107929 3.138983727 0.031551372 -0.475195497 -0.175238356 0.861675918
1403638612.077829361 -9.335495949 -2.077474594 3.119953156 0.030674316 -0.473961532 -0.175995722 0.862232625
1403638612.127829552 -9.290421486 -2.057709932 3.113021851 0.028986268 -0.475046843 -0.173075318 0.862284899
1403638612.177829266 -9.249838829 -2.041990757 3.100122452 0.028679999 -0.474323601 -0.173812732 0.862544954
1403638612.227829456 -9.211136818 -2.021275997 3.089713573 0.028454032 -0.474205494 -0.173335433 0.862713337
1403638612.277829409 -9.173102379 -2.006450176 3.069866180 0.029301222 -0.473691344 -0.173022702 0.863030195
1403638612.327829599 -9.127867699 -2.000574589 3.068420410 0.028645189 -0.473832786 -0.173967004 0.862784684
1403638612.377829313 -9.089521408 -1.996674299 3.067960262 0.030025717 -0.473723859 -0.174844652 0.862620175
1403638612.427829504 -9.048026085 -1.984097838 3.060319424 0.031024093 -0.473538965 -0.174726263 0.862710297
1403638612.477829456 -9.010390282 -1.969357967 3.046212196 0.033124670 -0.472349256 -0.174673617 0.863294959
1403638612.527829409 -8.965868950 -1.956154823 3.043845177 0.035731591 -0.471629232 -0.175739676 0.863368273
1403638612.577829361 -8.926718712 -1.940270782 3.034441948 0.037880775 -0.470349312 -0.176756695 0.863767147
1403638612.627829552 -8.881991386 -1.920626879 3.028205395 0.039688893 -0.468463093 -0.179811344 0.864080489
1403638612.677829266 -8.839382172 -1.903214812 3.021834373 0.042403758 -0.466760159 -0.181971803 0.864420712
1403638612.727829456 -8.800874710 -1.885470748 3.017765999 0.043675650 -0.465307087 -0.183353469 0.864848793
1403638612.777829409 -8.761777878 -1.860661387 3.011615276 0.045514498 -0.464093953 -0.183578208 0.865357935
1403638612.827829599 -8.719395638 -1.837772727 3.004450798 0.047302280 -0.463314474 -0.182595208 0.865887582
1403638612.877829313 -8.678104401 -1.814774394 2.995169640 0.049071070 -0.462729394 -0.181472868 0.866337776
1403638612.927829504 -8.638205528 -1.801992416 2.996805668 0.049050830 -0.463085383 -0.180105582 0.866434038
1403638612.977829456 -8.596021652 -1.784887552 2.988103390 0.048628051 -0.462817281 -0.179455206 0.866736054
1403638613.027829409 -8.553082466 -1.769118667 2.979775906 0.045470752 -0.462720722 -0.179152668 0.867021561
1403638613.077829361 -8.511099815 -1.757726789 2.969644547 0.044235416 -0.463011473 -0.178153366 0.867136121
1403638613.127829552 -8.470822334 -1.743703365 2.953485489 0.043183513 -0.462372839 -0.178444549 0.867469966
1403638613.177829266 -8.427746773 -1.724928856 2.940089703 0.040885400 -0.462333024 -0.178068832 0.867679775
1403638613.227829456 -8.384387970 -1.718752861 2.920841217 0.040714484 -0.462034643 -0.178196996 0.867820323
1403638613.277829409 -8.343479156 -1.703873277 2.903095245 0.040309630 -0.461479902 -0.178525046 0.868067026
1403638613.327829599 -8.301059723 -1.697616220 2.891780853 0.040106472 -0.461561322 -0.179114848 0.867911577
1403638613.377829313 -8.259035110 -1.690279126 2.873300552 0.040923093 -0.461288571 -0.179476798 0.867943704
1403638613.427829504 -8.216366768 -1.686389804 2.856624126 0.040772427 -0.461195201 -0.179899961 0.867912769
1403638613.477829456 -8.175918579 -1.668682456 2.830511808 0.042322043 -0.460644871 -0.178192332 0.868483007
1403638613.527829409 -8.135016441 -1.655776262 2.814372540 0.043353356 -0.459513903 -0.176378474 0.869401038
1403638613.577829361 -8.090524673 -1.642699003 2.801279783 0.043765087 -0.457742900 -0.175004363 0.870591462
1403638613.627829552 -8.051766396 -1.629894853 2.778226614 0.044192418 -0.457321078 -0.170271307 0.871729434
1403638613.677829266 -8.008033752 -1.616415381 2.766871929 0.045055699 -0.456978977 -0.167377546 0.872424841
1403638613.727829456 -7.965786934 -1.603106141 2.751410484 0.047915146 -0.456965923 -0.162701368 0.873163581
1403638613.777829409 -7.922255516 -1.580328822 2.741491079 0.050498679 -0.455779105 -0.159195244 0.874283910
1403638613.827829599 -7.879676819 -1.566253662 2.729332447 0.052080866 -0.452829748 -0.156957671 0.876126289
1403638613.877829313 -7.833406448 -1.539734721 2.716111183 0.053403217 -0.448615432 -0.154283032 0.878686070
1403638613.927829504 -7.788169384 -1.513067722 2.700568199 0.053769689 -0.442916363 -0.152486473 0.881862760
1403638613.977829456 -7.740993977 -1.486722469 2.689065456 0.053375002 -0.436183363 -0.150100917 0.885643840
1403638614.027829409 -7.692013741 -1.458426476 2.674058437 0.053805433 -0.427676201 -0.149299234 0.889892042
1403638614.077829361 -7.642656803 -1.436153531 2.663821697 0.052267678 -0.419296086 -0.146739453 0.894386113
1403638614.127829552 -7.590578556 -1.412093639 2.655230045 0.050595537 -0.409684181 -0.145342797 0.899152160
1403638614.177829266 -7.541481972 -1.382353663 2.644832850 0.048504900 -0.399897784 -0.143968254 0.903881729
1403638614.227829456 -7.490346909 -1.359781623 2.631357908 0.047142848 -0.390802324 -0.141816258 0.908261657
1403638614.277829409 -7.442566395 -1.337788105 2.614314556 0.045065161 -0.382676631 -0.138991192 0.912255049
1403638614.327829599 -7.387757778 -1.313110352 2.595139742 0.043908246 -0.375570655 -0.137604609 0.915469170
1403638614.377829313 -7.339181900 -1.301243901 2.582551479 0.041614491 -0.370201141 -0.135740057 0.918038130
1403638614.427829504 -7.287131310 -1.282765388 2.562764406 0.040527016 -0.365783840 -0.132740051 0.920293391
1403638614.477829456 -7.233565807 -1.269783735 2.544810772 0.039295599 -0.362328053 -0.130532637 0.922027946
1403638614.527829409 -7.178209782 -1.255437136 2.524338961 0.038082231 -0.359032482 -0.127600297 0.923776805
1403638614.577829361 -7.129693031 -1.245884299 2.508726597 0.037346829 -0.354537785 -0.125755265 0.925793648
1403638614.627829552 -7.076456547 -1.237440825 2.483138561 0.036633089 -0.350312173 -0.121215880 0.928033531
1403638614.677829266 -7.021558285 -1.231623650 2.461220264 0.035159871 -0.345099986 -0.117287099 0.930544734
1403638614.727829456 -6.967244148 -1.226615548 2.436094999 0.031321548 -0.340202361 -0.110583611 0.933302045
1403638614.777829409 -6.913385391 -1.222993493 2.414778471 0.026259081 -0.334041357 -0.104506284 0.936378837
1403638614.827829599 -6.853980541 -1.220996976 2.394629955 0.022333652 -0.326425761 -0.099240765 0.939733326
1403638614.877829313 -6.799794674 -1.220048070 2.374809265 0.017220778 -0.317933977 -0.094150983 0.943269372
1403638614.927829504 -6.738702774 -1.226621628 2.354786634 0.015229461 -0.307631612 -0.090570226 0.947062790
1403638614.977829456 -6.679415703 -1.231631756 2.336597204 0.012738464 -0.296543598 -0.085590683 0.951090872
1403638615.027829409 -6.622105122 -1.239318013 2.317830563 0.012114215 -0.283903182 -0.081275247 0.955325425
1403638615.077829361 -6.561838627 -1.248040318 2.297713995 0.012832751 -0.269341677 -0.078412376 0.959761441
1403638615.127829552 -6.495284081 -1.260061741 2.278465271 0.014851188 -0.254463851 -0.075560428 0.964011550
1403638615.177829266 -6.439370632 -1.271908998 2.266703844 0.020498017 -0.238906220 -0.072426148 0.968120933
1403638615.227829456 -6.373306751 -1.290742278 2.249618769 0.024062440 -0.222214162 -0.071595199 0.972067893
1403638615.277829409 -6.311085701 -1.303472161 2.239048004 0.028394772 -0.205885947 -0.068422876 0.975767970
1403638615.327829599 -6.252367973 -1.320791602 2.228812695 0.030249937 -0.190019101 -0.063532420 0.979255497
1403638615.377829313 -6.185534000 -1.333246231 2.213966370 0.032081105 -0.174076885 -0.059004925 0.982439041
1403638615.427829504 -6.120769978 -1.341440678 2.198141098 0.035033252 -0.158281535 -0.054324355 0.985275865
1403638615.477829456 -6.060002804 -1.348959208 2.180263996 0.036443666 -0.142115071 -0.049356416 0.987946928
1403638615.527829409 -6.002651215 -1.356345177 2.171370029 0.036478575 -0.127062917 -0.044135969 0.990240633
1403638615.577829361 -5.943510532 -1.361801386 2.161371708 0.037521940 -0.113536805 -0.038359616 0.992083788
1403638615.627829552 -5.877654076 -1.368878603 2.140077353 0.037913818 -0.101835579 -0.035129391 0.993457675
1403638615.677829266 -5.809594154 -1.379872322 2.147702456 0.036783356 -0.093823440 -0.030780820 0.994432867
1403638615.727829456 -5.745389938 -1.381574869 2.135406971 0.037528098 -0.086581126 -0.027822601 0.995148838
1403638615.777829409 -5.687470913 -1.393670797 2.122851133 0.036794133 -0.080530822 -0.024392938 0.995774090
1403638615.827829599 -5.627642155 -1.403137565 2.109180689 0.036549922 -0.074853763 -0.022095051 0.996279538
1403638615.877829313 -5.567038059 -1.412783980 2.093507528 0.036238045 -0.069921687 -0.017461527 0.996741176
1403638615.927829504 -5.504421711 -1.426487803 2.083904028 0.035984620 -0.064444058 -0.014247415 0.997170627
1403638615.977829456 -5.443710804 -1.428796887 2.066384077 0.035493553 -0.057669647 -0.012078550 0.997631490
1403638616.027829409 -5.379874706 -1.440974116 2.048792839 0.034919620 -0.051095910 -0.009688376 0.998036027
1403638616.077829361 -5.322504520 -1.441066504 2.037908792 0.035766207 -0.043527063 -0.006260276 0.998392284
1403638616.127829552 -5.261674881 -1.448898673 2.018731594 0.034650166 -0.035680410 -0.004364387 0.998752832
1403638616.177829266 -5.197067261 -1.444900751 2.008831501 0.034211408 -0.027740166 -0.000807824 0.999029279
1403638616.227829456 -5.138254642 -1.449557185 1.998037577 0.032685585 -0.018672328 0.002283693 0.999288678
1403638616.277829409 -5.076975346 -1.441343904 1.987252355 0.032388654 -0.008703212 0.006888105 0.999413788
1403638616.327829599 -5.014647007 -1.425594211 1.978138447 0.031972270 0.001951232 0.011414297 0.999421656
1403638616.377829313 -4.952716827 -1.411835670 1.972919703 0.031551640 0.012969024 0.015503389 0.999297798
1403638616.427829504 -4.890271187 -1.391651392 1.966353178 0.031060781 0.023099279 0.019982463 0.999050736
1403638616.477829456 -4.831470013 -1.376712441 1.962988853 0.030259375 0.032013897 0.024429493 0.998730600
1403638616.527829409 -4.772527695 -1.347671628 1.961959600 0.029862132 0.039857671 0.028598163 0.998349547
1403638616.577829361 -4.712735653 -1.325397015 1.953896999 0.027584117 0.046584420 0.031292021 0.998043060
1403638616.627829552 -4.655827045 -1.309480309 1.952343822 0.023278667 0.052827079 0.033428974 0.997772515
1403638616.677829266 -4.591619015 -1.280723095 1.946409345 0.018672252 0.056641858 0.036305558 0.997559547
1403638616.727829456 -4.528202534 -1.256922841 1.937411785 0.010522217 0.058510222 0.041298065 0.997376740
1403638616.777829409 -4.473341942 -1.239066601 1.939879298 0.002137871 0.059809133 0.046708088 0.997114241
1403638616.827829599 -4.407618523 -1.217789531 1.932637453 -0.004719335 0.059516847 0.051333785 0.996895373
1403638616.877829313 -4.346838474 -1.191098452 1.933066368 -0.008814578 0.059785325 0.054971363 0.996657550
1403638616.927829504 -4.281384945 -1.168238163 1.934603810 -0.008342373 0.060593374 0.054400500 0.996644080
1403638616.977829456 -4.214542389 -1.153633833 1.929915667 -0.005734556 0.062422402 0.049759232 0.996792138
1403638617.027829409 -4.148812294 -1.131045938 1.932327628 -0.001634778 0.063564099 0.046567030 0.996889412
1403638617.077829361 -4.080484390 -1.120920897 1.936020851 0.002072229 0.064112440 0.042770971 0.997023582
1403638617.127829552 -4.012118340 -1.105367661 1.936421037 0.006070290 0.065167353 0.036888920 0.997173846
1403638617.177829266 -3.942057371 -1.101397634 1.934813023 0.007327288 0.064724222 0.033292357 0.997320831
1403638617.227829456 -3.878077507 -1.092508554 1.940423131 0.006579175 0.064571783 0.030072827 0.997438133
1403638617.277829409 -3.813062191 -1.093440652 1.937469363 0.003275016 0.063550875 0.028560257 0.997564495
1403638617.327829599 -3.745856524 -1.085827827 1.941299915 0.001097166 0.062173005 0.028471414 0.997658610
1403638617.377829313 -3.682503462 -1.084669352 1.943101645 -0.003021290 0.061350472 0.026639743 0.997756183
1403638617.427829504 -3.616164446 -1.085429430 1.946108580 -0.005979398 0.060506023 0.025309935 0.997829020
1403638617.477829456 -3.546619654 -1.087709188 1.956439137 -0.007468915 0.059214998 0.024501730 0.997916639
1403638617.527829409 -3.495818615 -1.100570798 1.965186715 -0.009119120 0.059168063 0.022225710 0.997958899
1403638617.577829361 -3.430287838 -1.105005741 1.971968293 -0.008427512 0.058042571 0.022191955 0.998031914
1403638617.627829552 -3.359396219 -1.129837871 1.971045732 -0.008590669 0.056887779 0.020364339 0.998135924
1403638617.677829266 -3.316753626 -1.142437220 1.989586115 -0.006432283 0.057660297 0.017918529 0.998154759
1403638617.727829456 -3.257040501 -1.161255479 1.998998284 -0.004810482 0.057571009 0.015296889 0.998212636
1403638617.777829409 -3.195911407 -1.181985617 2.008378983 -0.003219615 0.056442965 0.015508084 0.998280227
1403638617.827829599 -3.133427620 -1.203471303 2.019571066 -0.004243501 0.056031920 0.013076908 0.998334348
1403638617.877829313 -3.077345848 -1.229258776 2.029679060 -0.002989997 0.055537168 0.012337656 0.998375952
1403638617.927829504 -3.018872261 -1.258263588 2.041399717 -0.002177771 0.054514501 0.013009856 0.998425841
1403638617.977829456 -2.961728811 -1.282867074 2.054995537 -0.001072584 0.053611856 0.013047940 0.998476028
1403638618.027829409 -2.907224178 -1.309491634 2.068220377 -0.001120905 0.053121265 0.012600635 0.998508036
1403638618.077829361 -2.849302769 -1.336541891 2.085180283 -0.000658611 0.052239649 0.012371755 0.998557746
1403638618.127829552 -2.793593645 -1.357686520 2.103830814 -0.001178013 0.050988168 0.013374481 0.998609066
1403638618.177829266 -2.738945007 -1.382575154 2.123461246 -0.000772857 0.050278839 0.013680452 0.998641312
1403638618.227829456 -2.680826187 -1.400341868 2.145006657 -0.000313714 0.049559925 0.012764371 0.998689592
1403638618.277829409 -2.634737492 -1.424205661 2.161890745 -0.000659170 0.049776807 0.012278263 0.998684704
1403638618.327829599 -2.575796604 -1.444761872 2.189908504 0.000575252 0.049093116 0.011451584 0.998728454
1403638618.377829313 -2.522293806 -1.461654544 2.214622259 0.001060627 0.048814394 0.011427827 0.998741984
1403638618.427829504 -2.474366665 -1.480687618 2.238397121 0.001225020 0.048454914 0.010800486 0.998766243
1403638618.477829456 -2.425268173 -1.507559061 2.264739752 0.000500516 0.047937766 0.010501854 0.998794973
1403638618.527829409 -2.380922556 -1.523422003 2.297692537 0.001931022 0.047865685 0.009907051 0.998802841
1403638618.577829361 -2.328488827 -1.536514997 2.331116438 0.002927992 0.048526146 0.009578190 0.998771727
1403638618.627829552 -2.278206348 -1.553791165 2.356627941 0.003209808 0.050726194 0.010182863 0.998655558
1403638618.677829266 -2.229731083 -1.572354913 2.390370846 0.003331829 0.053437252 0.009814195 0.998517454
1403638618.727829456 -2.187777042 -1.608346462 2.421372414 0.002385482 0.055922791 0.009648723 0.998385668
1403638618.777829409 -2.140571594 -1.634944439 2.453691959 0.002901743 0.057482518 0.010582166 0.998286247
1403638618.827829599 -2.097425222 -1.656934023 2.489320278 0.004521402 0.059285276 0.011884437 0.998160064
1403638618.877829313 -2.051990986 -1.683996558 2.518227816 0.006225447 0.061932087 0.011795469 0.997991323
1403638618.927829504 -2.009997129 -1.716174245 2.548484325 0.008628010 0.065944590 0.013390853 0.997696161
1403638618.977829456 -1.965864658 -1.745177984 2.589671612 0.012428080 0.072243474 0.015567510 0.997188151
1403638619.027829409 -1.919544816 -1.770121455 2.626006842 0.015540940 0.079775579 0.018207569 0.996525407
1403638619.077829361 -1.875719428 -1.789279580 2.665505648 0.017713156 0.089454964 0.020279827 0.995626926
1403638619.127829552 -1.827211142 -1.821867824 2.693164587 0.019596778 0.099628121 0.023382882 0.994556904
1403638619.177829266 -1.785831809 -1.848173857 2.722746372 0.020140195 0.110520884 0.027861081 0.993279099
1403638619.227829456 -1.744969249 -1.862380505 2.767889500 0.022435600 0.122857876 0.033383012 0.991608918
1403638619.277829409 -1.709115267 -1.880439520 2.805294514 0.022930846 0.135722548 0.040048998 0.989671528
1403638619.327829599 -1.669074655 -1.893508911 2.844777584 0.023978129 0.149570540 0.045719612 0.987402380
1403638619.377829313 -1.630659819 -1.902855039 2.896677494 0.025274292 0.162676051 0.051749405 0.984997332
1403638619.427829504 -1.591198206 -1.915511608 2.935629368 0.026287125 0.173463970 0.057811301 0.982790470
1403638619.477829456 -1.557911038 -1.922086358 2.975471497 0.027376931 0.183185071 0.063452400 0.980646491
1403638619.527829409 -1.518257618 -1.933219075 3.022376060 0.028638482 0.190566376 0.068522014 0.978861094
1403638619.577829361 -1.482483506 -1.942943454 3.058584690 0.029148020 0.197034389 0.073020510 0.977238894
1403638619.627829552 -1.448568702 -1.953308225 3.095972300 0.029739236 0.201128721 0.079937071 0.975844741
1403638619.677829266 -1.421846151 -1.962686896 3.143602133 0.031677473 0.203340545 0.088840812 0.974554479
1403638619.727829456 -1.390995860 -1.974764466 3.180112600 0.031336110 0.205297247 0.095243856 0.973550081
1403638619.777829409 -1.350939751 -1.970829248 3.221006155 0.033827808 0.206448644 0.100482665 0.972696245
1403638619.827829599 -1.315744400 -1.983910322 3.256479979 0.034413043 0.207746059 0.104038060 0.972025454
1403638619.877829313 -1.281645894 -1.986149669 3.293571234 0.035435062 0.209521055 0.106022164 0.971393168
1403638619.927829504 -1.249953151 -1.991106987 3.330425024 0.035681345 0.211044475 0.107956335 0.970841169
1403638619.977829456 -1.214068890 -1.983406544 3.370576859 0.036112733 0.212824538 0.108027555 0.970428646
1403638620.027829409 -1.173132658 -1.988599539 3.402260065 0.037098356 0.214096636 0.108111344 0.970102251
1403638620.077829361 -1.137753010 -1.986103654 3.437958241 0.039535630 0.215251192 0.107917063 0.969772100
1403638620.127829552 -1.103564739 -1.992666841 3.469841242 0.041269805 0.217393696 0.105971135 0.969436407
1403638620.177829266 -1.064822435 -2.002763271 3.495660305 0.043484487 0.218707800 0.104725868 0.969179332
1403638620.227829456 -1.023578405 -2.009916782 3.518091917 0.043881696 0.219134018 0.103943191 0.969149411
1403638620.277829409 -0.979602039 -2.009859085 3.541582823 0.042492796 0.219741434 0.102360711 0.969242215
1403638620.327829599 -0.940043688 -2.012722015 3.563689709 0.041750450 0.220658347 0.099715173 0.969341934
1403638620.377829313 -0.906751752 -2.023353577 3.588540077 0.040336747 0.221281245 0.098760977 0.969357491
1403638620.427829504 -0.862498045 -2.033972979 3.609755993 0.039794497 0.221094444 0.097509593 0.969549119
1403638620.477829456 -0.826631665 -2.046295881 3.625153780 0.038552847 0.220948011 0.096269563 0.969756663
1403638620.527829409 -0.785363197 -2.056516886 3.640735865 0.037841659 0.220396608 0.095105372 0.970024943
1403638620.577829361 -0.748596847 -2.067353010 3.655797720 0.036520541 0.219722897 0.095088854 0.970230043
1403638620.627829552 -0.702937484 -2.060413361 3.671369076 0.035546526 0.218155667 0.095464237 0.970582962
1403638620.677829266 -0.666837990 -2.067827463 3.685163975 0.033562131 0.216977939 0.096563324 0.970808804
1403638620.727829456 -0.628818274 -2.071102381 3.702435732 0.030404147 0.215653360 0.098411582 0.971022367
1403638620.777829409 -0.587898672 -2.079814434 3.719684601 0.027678685 0.214237541 0.098922946 0.971365273
1403638620.827829599 -0.547225475 -2.075598955 3.735595465 0.025511494 0.213643238 0.097599298 0.971689343
1403638620.877829313 -0.505492330 -2.069825411 3.751380444 0.023619059 0.214389428 0.093263313 0.971998632
1403638620.927829504 -0.466554135 -2.077552319 3.767077923 0.022636037 0.214546010 0.089853443 0.972308636
1403638620.977829456 -0.431311071 -2.074868679 3.785599470 0.022577085 0.215496287 0.085479580 0.972494185
1403638621.027829409 -0.383422971 -2.072644711 3.798641682 0.024601866 0.215296164 0.082244501 0.972768366
1403638621.077829361 -0.344832301 -2.068547964 3.813671350 0.026048834 0.215426356 0.079397902 0.972938299
1403638621.127829552 -0.302361608 -2.067911625 3.829428673 0.027303312 0.214227989 0.079465941 0.973163009
1403638621.177829266 -0.260695696 -2.066639662 3.842414141 0.029071907 0.213283047 0.078711689 0.973380566
1403638621.227829456 -0.223871604 -2.069724560 3.852519512 0.030811856 0.212768316 0.077575468 0.973530889
1403638621.277829409 -0.185280696 -2.080754280 3.864503622 0.031206623 0.212401211 0.076334603 0.973696589
1403638621.327829599 -0.144592896 -2.080489635 3.878496170 0.030373257 0.212441951 0.074477173 0.973857820
1403638621.377829313 -0.102401435 -2.084626198 3.882656336 0.030467341 0.211677119 0.073206022 0.974117756
1403638621.427829504 -0.067661032 -2.097450495 3.895749331 0.032097198 0.211243927 0.072857678 0.974185646
1403638621.477829456 -0.031414986 -2.100045919 3.905349255 0.033166889 0.211331740 0.071140982 0.974257588
1403638621.527829409 0.003234699 -2.098764658 3.915129423 0.036103487 0.210724980 0.070254609 0.974348962
1403638621.577829361 0.036495268 -2.095270395 3.930377007 0.037667945 0.210456163 0.069217652 0.974422038
1403638621.627829552 0.073737219 -2.088194847 3.938506842 0.039801918 0.209780231 0.069057554 0.974494338
1403638621.677829266 0.104892917 -2.087682962 3.948387861 0.039790876 0.209366992 0.068624705 0.974614203
1403638621.727829456 0.136880726 -2.085227966 3.962070942 0.040948421 0.209561050 0.067761220 0.974584997
1403638621.777829409 0.170815736 -2.077858210 3.970850468 0.042483598 0.209414229 0.067080699 0.974597931
1403638621.827829599 0.203207254 -2.070637226 3.981109619 0.045046501 0.209552720 0.065689325 0.974547803
1403638621.877829313 0.232656971 -2.059050798 3.988317251 0.048707344 0.209692225 0.064325929 0.974432647
1403638621.927829504 0.257976741 -2.046758890 4.000450611 0.051485505 0.210165888 0.063528419 0.974240065
1403638621.977829456 0.280348539 -2.046985626 4.010865688 0.052543059 0.210334405 0.063305646 0.974161744
1403638622.027829409 0.305211008 -2.048514128 4.016765594 0.052327190 0.209954634 0.063951872 0.974213123
1403638622.077829361 0.334665775 -2.028377056 4.023231506 0.052710172 0.209391579 0.065364227 0.974219918
1403638622.127829552 0.359894574 -2.006432772 4.029684544 0.052404407 0.208599493 0.067075200 0.974289954
1403638622.177829266 0.376440465 -1.988339305 4.037333488 0.052061636 0.208293661 0.068617783 0.974266410
1403638622.227829456 0.400083333 -1.981288314 4.039274216 0.051537957 0.207897589 0.070124812 0.974271536
1403638622.277829409 0.423703671 -1.964330077 4.038156509 0.052895330 0.206820220 0.072543606 0.974250972
1403638622.327829599 0.440792382 -1.960814476 4.035368919 0.051292568 0.207128093 0.073430486 0.974204838
1403638622.377829313 0.455915868 -1.948048830 4.034936905 0.050698295 0.208053634 0.072759442 0.974089086
1403638622.427829504 0.476415306 -1.938876987 4.027153492 0.049793307 0.208732858 0.071626194 0.974074423
1403638622.477829456 0.490512669 -1.933346629 4.020904541 0.048990361 0.210005850 0.069508269 0.973994970
1403638622.527829409 0.508227468 -1.923952699 4.009043217 0.049626965 0.210474849 0.068787023 0.973912656
1403638622.577829361 0.519882739 -1.926376462 4.001951218 0.048692875 0.212288097 0.066394985 0.973732233
1403638622.627829552 0.533900261 -1.917953968 3.986869097 0.051692545 0.213584185 0.064162485 0.973443806
1403638622.677829266 0.550804973 -1.918769598 3.975777626 0.055280723 0.214280874 0.062869541 0.973177910
1403638622.727829456 0.560654998 -1.918438315 3.958161592 0.064563841 0.215493277 0.060774870 0.972471416
1403638622.777829409 0.575834930 -1.918715954 3.935047626 0.073498130 0.215752214 0.059993125 0.971828103
1403638622.827829599 0.581196606 -1.924074411 3.914321423 0.079662561 0.216962069 0.058906715 0.971139252
1403638622.877829313 0.587849498 -1.918897033 3.888646364 0.081276916 0.217366204 0.058659267 0.970930040
1403638622.927829504 0.591131926 -1.930113435 3.863278389 0.079044461 0.217333034 0.060416501 0.971014082
1403638622.977829456 0.590876579 -1.925304174 3.837981462 0.074315660 0.217570052 0.061427522 0.971270919
1403638623.027829409 0.600069344 -1.922607780 3.808949947 0.069002450 0.216389626 0.064489737 0.971728027
1403638623.077829361 0.601815104 -1.917239189 3.778134823 0.063378491 0.215791330 0.066786014 0.972088933
1403638623.127829552 0.602566481 -1.908695459 3.746439695 0.059564814 0.214722097 0.070078559 0.972335100
1403638623.177829266 0.604117513 -1.900272369 3.715024710 0.056870200 0.213360205 0.072695591 0.972604096
1403638623.227829456 0.595182002 -1.885960221 3.685975075 0.054806333 0.213184655 0.074586615 0.972617805
1403638623.277829409 0.593343794 -1.874038935 3.652379751 0.051434677 0.212382674 0.076370969 0.972838938
1403638623.327829599 0.594141781 -1.852516055 3.617264509 0.049368665 0.211744294 0.077368155 0.973006368
1403638623.377829313 0.589619339 -1.841249943 3.584748507 0.047236700 0.211160630 0.079064369 0.973102689
1403638623.427829504 0.592475653 -1.815385818 3.548851013 0.044902027 0.211442500 0.077646874 0.973266125
1403638623.477829456 0.585829258 -1.806389093 3.517076254 0.044233054 0.211319759 0.078654721 0.973242462
1403638623.527829409 0.580335855 -1.788503885 3.482899189 0.043446273 0.211286500 0.079245463 0.973237216
1403638623.577829361 0.576921821 -1.771215439 3.445448637 0.043874923 0.212126985 0.077408768 0.973182976
1403638623.627829552 0.582157791 -1.754117370 3.401729584 0.044386454 0.212296143 0.076601751 0.973186791
1403638623.677829266 0.571847975 -1.736782074 3.366869450 0.043363973 0.212945700 0.076152436 0.973126233
1403638623.727829456 0.567657769 -1.722692609 3.324366093 0.043222070 0.213840127 0.074877366 0.973035276
1403638623.777829409 0.564828277 -1.719115138 3.282060862 0.040853001 0.214394733 0.074792415 0.973022223
1403638623.827829599 0.551959455 -1.708767533 3.243479729 0.041102249 0.215485409 0.073756680 0.972849786
1403638623.877829313 0.546740115 -1.700013161 3.199185610 0.038933806 0.216118634 0.074196242 0.972765088
1403638623.927829504 0.550650001 -1.685788631 3.151846886 0.038229663 0.216341719 0.073619522 0.972787261
1403638623.977829456 0.540345252 -1.676468372 3.111168861 0.037031509 0.217182651 0.073874868 0.972626805
1403638624.027829409 0.533496439 -1.662706137 3.065649986 0.036954332 0.217570618 0.074582495 0.972489059
1403638624.077829361 0.527856290 -1.649770260 3.024008274 0.036239516 0.217333421 0.076963365 0.972383440
1403638624.127829552 0.517353177 -1.632946014 2.978684425 0.036403149 0.217431501 0.078327723 0.972246468
1403638624.177829266 0.508412600 -1.626070738 2.936966181 0.036223695 0.217148617 0.080448903 0.972143173
1403638624.227829456 0.504238546 -1.615523338 2.894932270 0.035352673 0.216967970 0.082218684 0.972067535
1403638624.277829409 0.498907506 -1.594165683 2.852342606 0.036261499 0.216655031 0.083930135 0.971957564
1403638624.327829599 0.485567272 -1.582862854 2.810780525 0.036055516 0.217457741 0.084351741 0.971749425
1403638624.377829313 0.473817229 -1.553427815 2.773612976 0.036841486 0.217820019 0.085526071 0.971536160
1403638624.427829504 0.475535870 -1.540111542 2.730062485 0.036241822 0.217871889 0.085615613 0.971539199
1403638624.477829456 0.468274802 -1.509471893 2.688487053 0.036941513 0.218713507 0.085318096 0.971349955
1403638624.527829409 0.459480584 -1.490333200 2.650299072 0.041362580 0.218476579 0.088046029 0.970981538
1403638624.577829361 0.451246202 -1.472037315 2.609147310 0.049701799 0.218075112 0.091287836 0.970381200
1403638624.627829552 0.455617607 -1.453833342 2.565916300 0.056562766 0.217660174 0.091279589 0.970099330
1403638624.677829266 0.454465479 -1.430696011 2.521857262 0.056458037 0.217429072 0.088553779 0.970409930
1403638624.727829456 0.441181242 -1.399407506 2.482341528 0.053456221 0.217537865 0.083030887 0.971043587
1403638624.777829409 0.438577980 -1.376314878 2.432918549 0.048315790 0.215980887 0.077950843 0.972081065
1403638624.827829599 0.425797105 -1.363476753 2.386963606 0.042610310 0.214742586 0.074017942 0.972929239
1403638624.877829313 0.413766384 -1.329642534 2.340196133 0.039954949 0.212940902 0.069982871 0.973736227
1403638624.927829504 0.397330463 -1.313424945 2.291507483 0.037454873 0.210037380 0.070660420 0.974417031
1403638624.977829456 0.393121421 -1.294286251 2.239884853 0.036345318 0.205949143 0.072281390 0.975212574
1403638625.027829409 0.375467896 -1.276095510 2.190160036 0.036720611 0.203299582 0.073047817 0.975697160
1403638625.077829361 0.374842674 -1.257181883 2.139371872 0.036354937 0.199151903 0.076005988 0.976340055
1403638625.127829552 0.367067307 -1.236152172 2.089738131 0.036287036 0.196188614 0.078463070 0.976748109
1403638625.177829266 0.357846260 -1.214671254 2.038807154 0.035898630 0.193873420 0.079741754 0.977121115
1403638625.227829456 0.349466801 -1.197038412 1.989190459 0.035171576 0.192220837 0.080082417 0.977446139
1403638625.277829409 0.339444101 -1.171524286 1.939311624 0.035126146 0.191402406 0.079569139 0.977650285
1403638625.327829599 0.332465172 -1.150733352 1.892127514 0.035046171 0.190482974 0.079599984 0.977830231
1403638625.377829313 0.322644234 -1.130480289 1.842740893 0.034871183 0.189977199 0.079444133 0.977947533
1403638625.427829504 0.314884484 -1.108755469 1.794459581 0.035552278 0.189662650 0.078759067 0.978039443
1403638625.477829456 0.310179740 -1.089698195 1.747493267 0.036129475 0.189038649 0.079408944 0.978086591
1403638625.527829409 0.307601362 -1.072934508 1.691905379 0.035974588 0.189008191 0.078536905 0.978168607
1403638625.577829361 0.297097415 -1.054628611 1.641064405 0.035411298 0.189012825 0.078672715 0.978177309
1403638625.627829552 0.287963808 -1.043177247 1.587257981 0.033337146 0.189567864 0.077810057 0.978211820
1403638625.677829266 0.279980212 -1.025407791 1.535430551 0.032620091 0.189278677 0.078350104 0.978248894
1403638625.727829456 0.275290251 -1.009645820 1.480855227 0.028632382 0.188956991 0.079246730 0.978363633
1403638625.777829409 0.272180498 -0.997305572 1.427317023 0.024652433 0.188496873 0.080138594 0.978488147
1403638625.827829599 0.267304897 -0.981510818 1.378531575 0.020900076 0.188635364 0.080690466 0.978503406
1403638625.877829313 0.259020597 -0.968080401 1.328449965 0.019941909 0.189101130 0.080354348 0.978461266
1403638625.927829504 0.256863952 -0.951352239 1.275880218 0.018808791 0.189576209 0.079888336 0.978429854
1403638625.977829456 0.255285054 -0.934041619 1.225396276 0.018915320 0.189717978 0.079954125 0.978394985
1403638626.027829409 0.247250870 -0.912586749 1.182435751 0.017535711 0.190170735 0.080838427 0.978260040
1403638626.077829361 0.244976297 -0.894291937 1.131682873 0.016689993 0.189763695 0.082517646 0.978213727
1403638626.127829552 0.242617130 -0.874240637 1.087984920 0.016523739 0.189817160 0.083181389 0.978149951
1403638626.177829266 0.245187864 -0.852249324 1.042226791 0.015893767 0.189893693 0.082506716 0.978202641
1403638626.227829456 0.240691066 -0.827315927 1.001302481 0.016833814 0.190727651 0.081785761 0.978085220
1403638626.277829409 0.243880510 -0.809367061 0.960212588 0.018167604 0.191673443 0.079591617 0.978057504
1403638626.327829599 0.248079866 -0.784729123 0.917757869 0.019797970 0.193344116 0.075087607 0.978053212
1403638626.377829313 0.243580386 -0.760330796 0.879345536 0.021566080 0.195264027 0.070930585 0.977944732
1403638626.427829504 0.244291678 -0.738861561 0.838810325 0.023409434 0.195942849 0.068302520 0.977953553
1403638626.477829456 0.243864521 -0.714950681 0.800960779 0.023400052 0.196088418 0.067725547 0.977964818
1403638626.527829409 0.244415671 -0.690548301 0.760984004 0.021001088 0.196245462 0.066536590 0.978069305
1403638626.577829361 0.240452588 -0.666524470 0.725769579 0.019379737 0.196240813 0.066661917 0.978095174
1403638626.627829552 0.239068493 -0.636733592 0.695585489 0.017720757 0.195874423 0.067551695 0.978139043
1403638626.677829266 0.237527400 -0.613975644 0.656470716 0.016440202 0.195500970 0.067583546 0.978233933
1403638626.727829456 0.235207453 -0.589036167 0.622972012 0.013025885 0.194786951 0.069259137 0.978310585
1403638626.777829409 0.235636428 -0.573006153 0.585233152 0.009436372 0.194021046 0.070582390 0.978409469
1403638626.827829599 0.235152721 -0.556651711 0.549955010 0.007001578 0.193669960 0.071153454 0.978458047
1403638626.877829313 0.235620350 -0.541075587 0.513177812 0.004639803 0.193331450 0.070948511 0.978553951
1403638626.927829504 0.234589621 -0.530788004 0.480773747 0.002731415 0.193176761 0.071104765 0.978580356
1403638626.977829456 0.232734457 -0.519249737 0.449370772 0.002822729 0.192888707 0.071477853 0.978609681
1403638627.027829409 0.229102746 -0.506525338 0.420070678 0.002749761 0.192803800 0.071044415 0.978658199
1403638627.077829361 0.228114843 -0.492642015 0.392307937 0.002932113 0.192308322 0.071247905 0.978740394
1403638627.127829552 0.230717883 -0.479070097 0.360700786 0.003372494 0.191924483 0.071384430 0.978804350
1403638627.177829266 0.226686254 -0.465682894 0.335304797 0.003287257 0.191770032 0.071720466 0.978810310
1403638627.227829456 0.229248568 -0.452217847 0.308336467 0.003572953 0.191438302 0.071514964 0.978889346
1403638627.277829409 0.233138263 -0.443631500 0.284609407 0.002942694 0.191769764 0.069906227 0.978942752
1403638627.327829599 0.232577175 -0.431856483 0.263547540 0.003208242 0.192190602 0.068207592 0.978979230
1403638627.377829313 0.237529859 -0.409549087 0.242126524 0.004535173 0.192247763 0.067193955 0.979032815
1403638627.427829504 0.238563538 -0.393802255 0.221318543 0.004117685 0.192337811 0.066783510 0.979045033
1403638627.477829456 0.241230667 -0.377355695 0.203742489 0.004112386 0.192069173 0.066866942 0.979092121
1403638627.527829409 0.235506624 -0.363649994 0.187380075 0.004773984 0.192485109 0.067156650 0.978987575
1403638627.577829361 0.239314541 -0.350352168 0.170816436 0.005874806 0.193054855 0.066056013 0.978944302
1403638627.627829552 0.238991499 -0.338145792 0.156941637 0.007912312 0.194168895 0.063974582 0.978847921
1403638627.677829266 0.238529772 -0.322158307 0.142652109 0.011101984 0.194524005 0.063668206 0.978766322
1403638627.727829456 0.238397613 -0.309282005 0.131919891 0.013320713 0.194916978 0.063193373 0.978691280
1403638627.777829409 0.237272531 -0.294931978 0.121386923 0.014289873 0.195539594 0.062237211 0.978614688
1403638627.827829599 0.242820308 -0.281293035 0.110432215 0.015510377 0.195527241 0.062363844 0.978590488
1403638627.877829313 0.240010798 -0.270207971 0.099484533 0.015060905 0.196082368 0.061637171 0.978532434
1403638627.927829504 0.241029173 -0.258656651 0.089977190 0.013221855 0.196047157 0.061926458 0.978547812
1403638627.977829456 0.239095017 -0.243183553 0.081365757 0.011556907 0.196318895 0.061412554 0.978546798
1403638628.027829409 0.233287781 -0.232541472 0.066929765 0.010189839 0.197033703 0.061135814 0.978435636
1403638628.077829361 0.230103910 -0.220805258 0.057683140 0.009299713 0.197295099 0.061140586 0.978391588
1403638628.127829552 0.231134385 -0.209265351 0.051613346 0.008383214 0.197549328 0.061267823 0.978340566
1403638628.177829266 0.227846533 -0.200197637 0.044914506 0.007899798 0.198122695 0.060998686 0.978245497
1403638628.227829456 0.224567324 -0.191813886 0.039169177 0.007847292 0.198231876 0.061688337 0.978180528
1403638628.277829409 0.220894143 -0.184352651 0.033795137 0.007310071 0.198734567 0.061526924 0.978092909
1403638628.327829599 0.216398984 -0.176975578 0.029713051 0.006524459 0.198479220 0.062825307 0.978067696
1403638628.377829313 0.210926488 -0.171253309 0.025018066 0.006381451 0.198558778 0.063309878 0.978021264
1403638628.427829504 0.206041545 -0.166835800 0.022123765 0.007244671 0.197620824 0.065805636 0.978040516
1403638628.477829456 0.201346740 -0.164551750 0.019508848 0.011272592 0.196203917 0.070437886 0.977964997
1403638628.527829409 0.195534527 -0.162657291 0.016609058 0.017669545 0.194439232 0.075574309 0.977839291
1403638628.577829361 0.190306008 -0.161992759 0.013583682 0.023940837 0.192994550 0.079715751 0.977663279
1403638628.627829552 0.186100468 -0.161621168 0.010957955 0.029409830 0.192062736 0.083031163 0.977421522
1403638628.677829266 0.182529598 -0.161558449 0.010090951 0.030856749 0.190869614 0.085921548 0.977360845
1403638628.727829456 0.178753674 -0.158050522 0.005390794 0.030431274 0.191083446 0.085713439 0.977350652
1403638628.777829409 0.176094159 -0.154109567 0.002991809 0.028931126 0.191798136 0.084616378 0.977351785
1403638628.827829599 0.174555093 -0.150107592 0.001552156 0.027772211 0.192815229 0.081963144 0.977411449
1403638628.877829313 0.172632515 -0.143429041 -0.001354319 0.027770743 0.193980634 0.079411045 0.977391541
1403638628.927829504 0.171365768 -0.136368483 -0.003880210 0.027537787 0.195051610 0.077315457 0.977353036
1403638628.977829456 0.170211688 -0.128616840 -0.005292374 0.026517026 0.196268961 0.074229069 0.977376819
1403638629.027829409 0.168796614 -0.122134127 -0.008369621 0.025660614 0.197275311 0.071585774 0.977394223
1403638629.077829361 0.167889342 -0.116348565 -0.011830956 0.024483681 0.198253185 0.068718560 0.977432370
1403638629.127829552 0.166467220 -0.111329943 -0.014725165 0.023395922 0.198450595 0.067632608 0.977494717
1403638629.177829266 0.164762661 -0.106667459 -0.018201208 0.022483030 0.198895290 0.066009022 0.977536678
1403638629.227829456 0.162349209 -0.103421822 -0.022306165 0.021569157 0.198944807 0.065487817 0.977582335
1403638629.277829409 0.159878790 -0.100537755 -0.024265792 0.021773631 0.199000970 0.064978927 0.977600336
1403638629.327829599 0.156891778 -0.097987324 -0.027846567 0.019960200 0.199477836 0.064400502 0.977580070
1403638629.377829313 0.153946102 -0.096471623 -0.031440936 0.016294841 0.199458405 0.064912088 0.977618158
1403638629.427829504 0.150165617 -0.093967274 -0.033322487 0.012583953 0.199394226 0.065713204 0.977632523
1403638629.477829456 0.146236852 -0.092786603 -0.035572931 0.008010838 0.199088350 0.066938139 0.977660000
1403638629.527829409 0.141978964 -0.092096880 -0.037049945 0.004108073 0.198290035 0.069343366 0.977678776
1403638629.577829361 0.137184203 -0.092593521 -0.038314767 0.002549037 0.197669104 0.071250863 0.977672696
1403638629.627829552 0.133435130 -0.093855329 -0.036350779 0.003689858 0.195488945 0.077923462 0.977598310
1403638629.677829266 0.128651872 -0.096460834 -0.035880663 0.006348195 0.193354115 0.084684491 0.977446914
1403638629.727829456 0.125930309 -0.099465303 -0.033217587 0.010821672 0.191719830 0.089942075 0.977259874
1403638629.777829409 0.124029055 -0.102881901 -0.031364147 0.016170356 0.191071227 0.092724718 0.977052987
1403638629.827829599 0.122433387 -0.105788872 -0.030473340 0.021277709 0.190561056 0.094928518 0.976843059
1403638629.877829313 0.123201631 -0.105819859 -0.024752794 0.027214117 0.190948531 0.095036678 0.976609468
1403638629.927829504 0.124802157 -0.103543438 -0.019927543 0.031728670 0.193440720 0.089509368 0.976505101
1403638629.977829456 0.127108648 -0.098674968 -0.014565658 0.036653340 0.196221203 0.083064348 0.976347327
1403638630.027829409 0.129233271 -0.092121191 -0.010684399 0.041517891 0.198527455 0.077264987 0.976162553
1403638630.077829361 0.131369218 -0.082486473 -0.004918630 0.042534649 0.200300813 0.072880670 0.976093650
1403638630.127829552 0.133199707 -0.069762997 0.001497059 0.040713884 0.201212361 0.069803625 0.976208746
1403638630.177829266 0.134082556 -0.055311952 0.004490501 0.037635084 0.201883867 0.067656361 0.976344764
1403638630.227829456 0.135174945 -0.040473707 0.011781565 0.033816151 0.202158704 0.066754259 0.976489782
1403638630.277829409 0.136686325 -0.022686057 0.016881024 0.030088443 0.202096000 0.066621915 0.976633728
1403638630.327829599 0.135628447 -0.007152610 0.013684098 0.025399936 0.201812088 0.067988671 0.976731420
1403638630.377829313 0.133547306 0.007599335 -0.005963436 0.013436425 0.193617299 0.082691416 0.977493763
1403638630.427829504 0.132123560 -0.014767882 0.030604592 0.013781891 0.194711819 0.078100614 0.977649093
1403638630.477829456 0.128222853 -0.029998459 0.060648642 0.028798416 0.198355183 0.068777561 0.977289915
1403638630.527829409 0.111366764 -0.053685948 0.043037374 0.028070876 0.199306458 0.067153923 0.977230489
1403638630.577829361 0.138897985 -0.033864148 0.040952772 0.029455295 0.197919875 0.069472946 0.977309406
1403638630.627829552 0.160733864 -0.011413699 0.034844458 0.030526618 0.198078185 0.066886336 0.977424860
1403638630.677829266 0.151887298 0.171255231 0.094817474 0.003111008 0.192165598 0.069101706 0.978921711
1403638630.727829456 0.162169546 0.090698503 0.062623605 -0.008975736 0.183701992 0.069632120 0.980471551
1403638630.777829409 0.158906460 -0.047004696 -0.011137665 -0.016714226 0.190699548 0.062549815 0.979511023
1403638630.827829599 0.147921726 -0.030098008 0.046613380 -0.010938695 0.190559715 0.066876210 0.979333937
1403638630.877829313 0.138381332 -0.010903476 0.076156929 -0.010959872 0.189041629 0.066315353 0.979665995
1403638630.927829504 0.129785314 -0.019590961 0.078169316 -0.010890923 0.189859793 0.066358067 0.979505658
1403638630.977829456 0.132523999 -0.022376204 0.094601832 -0.010963453 0.189719617 0.066960797 0.979490995
1403638631.027829409 0.133863926 -0.021618282 0.088005155 -0.011127264 0.189530790 0.066529043 0.979555130
1403638631.077829361 0.134374022 -0.022150921 0.083916284 -0.011283494 0.189830035 0.065248869 0.979581475
1403638631.127829552 0.134399340 -0.022087649 0.081862330 -0.011335665 0.189231887 0.066945881 0.979582131
1403638631.177829266 0.134467185 -0.022106424 0.084159397 -0.011386191 0.189711392 0.065769397 0.979568422
1403638631.227829456 0.134091586 -0.022143487 0.083754621 -0.011555790 0.189460546 0.066199191 0.979586124
1403638631.277829409 0.134289756 -0.022113238 0.084143832 -0.011285440 0.189682350 0.065358393 0.979602814
1403638631.327829599 0.134156406 -0.022349294 0.084324613 -0.010932902 0.189489827 0.066834196 0.979544461
1403638631.377829313 0.134180605 -0.022191487 0.083769187 -0.011637121 0.189735413 0.065844327 0.979555845
1403638631.427829504 0.134268939 -0.022281148 0.083783627 -0.011269685 0.189574361 0.066156141 0.979570329
1403638631.477829456 0.134178713 -0.022186786 0.084035806 -0.011506831 0.189656451 0.066149890 0.979552090
1403638631.527829409 0.134431526 -0.022147000 0.083660662 -0.011344081 0.189530537 0.066205718 0.979574561
1403638631.577829361 0.134188920 -0.021968203 0.083800644 -0.011328661 0.189529553 0.066212922 0.979574442
1403638631.627829552 0.134263381 -0.022184260 0.084524199 -0.011427276 0.189552516 0.065891996 0.979590476
1403638631.677829266 0.134223387 -0.022450246 0.084101111 -0.011324724 0.189519837 0.066343084 0.979567647
