1703614227.723224640 -0.002655236 -0.002719026 0.000682214 -0.811517819 0.000579618 0.000195558 0.584327353
1703614227.803097010 -0.003474167 0.001518798 0.001594787 -0.811378050 0.000355725 0.000327175 0.584521536
1703614227.867992878 -0.004191479 0.011128388 0.000495833 -0.811482156 0.000221919 0.000618676 0.584376829
1703614228.002778053 -0.006140671 0.044196334 0.001175265 -0.811799457 -0.000200683 0.000916414 0.583935580
1703614228.067674398 -0.299664006 0.383738781 -0.171975784 -0.576220867 -0.571905590 0.412185512 0.413517367
1703614228.202459335 -0.349866852 0.381547078 -0.171616195 -0.579742720 -0.567417069 0.410385882 0.416556929
1703614228.267355442 -0.374993892 0.387489259 -0.167411481 -0.575086811 -0.571500742 0.414167145 0.413675764
1703614228.402140617 -0.451137095 0.383353578 -0.162092134 -0.575691852 -0.569201733 0.413997558 0.416166194
1703614228.467036963 -0.492496095 0.383967763 -0.160571978 -0.573602340 -0.570632358 0.416008569 0.415085459
1703614228.601818085 -0.595367746 0.379313367 -0.157544370 -0.574825867 -0.569552453 0.415471809 0.415413531
1703614228.651736498 -0.629001957 0.380301182 -0.149363565 -0.572363817 -0.570479001 0.417506494 0.415501744
1703614228.801491976 -0.738853938 0.382475971 -0.128216163 -0.572211913 -0.567122770 0.420640045 0.417141754
1703614228.851411343 -0.780807979 0.386426619 -0.124528741 -0.572367441 -0.566384212 0.420363189 0.418209547
1703614229.001166821 -0.923608808 0.378307538 -0.140532402 -0.572637548 -0.567915637 0.417414631 0.418716006
1703614229.071053267 -1.005630470 0.378271499 -0.163625332 -0.575256422 -0.570710701 0.414106360 0.414590481
1703614229.200840950 -1.157451259 0.360921054 -0.173099768 -0.573380049 -0.575265237 0.413033505 0.411956975
1703614229.250759602 -1.214729423 0.363284485 -0.164648874 -0.572082918 -0.574797461 0.414114958 0.413325313
1703614229.400515318 -1.384693275 0.367624134 -0.148053459 -0.570779987 -0.573370403 0.418164831 0.413031186
1703614229.450433493 -1.445142421 0.367309492 -0.150551844 -0.571032951 -0.573797678 0.417287124 0.412975846
1703614229.600193262 -1.628341963 0.360775013 -0.152747723 -0.570828580 -0.574299300 0.419915385 0.409885492
1703614229.665088654 -1.713588464 0.361741121 -0.151406704 -0.570955698 -0.573837797 0.421130406 0.409107510
1703614229.804863214 -1.896146423 0.356923056 -0.147530524 -0.569171174 -0.574332849 0.421348129 0.410672263
1703614229.854782820 -1.966164302 0.357030720 -0.148590748 -0.570554324 -0.574758195 0.420509193 0.409014425
1703614230.004541397 -2.170343786 0.340286357 -0.155953741 -0.568994347 -0.577576263 0.421460093 0.406229594
1703614230.054460764 -2.243655249 0.335298437 -0.157398117 -0.568589893 -0.579803290 0.419601768 0.405546589
1703614230.204219341 -2.442315633 0.320692807 -0.150359003 -0.567413096 -0.581944601 0.416285735 0.407540239
1703614230.254138470 -2.515568684 0.318069795 -0.159792462 -0.569510038 -0.581647317 0.416032529 0.405292055
1703614230.403896093 -2.709624793 0.297456269 -0.151788175 -0.559806919 -0.579346835 0.425591576 0.412122880
1703614230.433847904 -2.760084094 0.296023285 -0.155651148 -0.559713584 -0.579761668 0.424257971 0.413040295
1703614230.603576183 -3.016258467 0.313143445 -0.170795646 -0.568102921 -0.584023144 0.415838143 0.404047866
1703614230.653496027 -3.081657106 0.317937807 -0.166207762 -0.569094234 -0.581550786 0.417199541 0.404814746
1703614230.803256750 -3.288280017 0.311380086 -0.176520736 -0.569339898 -0.582385841 0.417223340 0.403241239
1703614230.853176594 -3.357797166 0.303376322 -0.181111598 -0.567737661 -0.584644506 0.417221809 0.402232161
1703614231.002937317 -3.562409274 0.277777819 -0.181639451 -0.564747354 -0.588482579 0.420000196 0.397930290
1703614231.052856922 -3.633384862 0.277543921 -0.180963624 -0.565434538 -0.588151234 0.420327416 0.397097938
1703614231.202617645 -3.832090437 0.272868221 -0.178669109 -0.564517067 -0.587727933 0.418426245 0.401018498
1703614231.267513752 -3.917597250 0.269516497 -0.175707601 -0.564767423 -0.586711838 0.418282392 0.402301898
1703614231.412281513 -4.107399809 0.251444173 -0.177354180 -0.563892365 -0.589328127 0.417730332 0.400273817
1703614231.601973772 -4.343297329 0.240406118 -0.173844564 -0.560472592 -0.589685840 0.422018899 0.400051413
1703614231.651891708 -4.402084453 0.239178112 -0.172078456 -0.560120839 -0.589593227 0.421332853 0.401401420
1703614231.801645041 -4.590150697 0.244292532 -0.185240867 -0.564162127 -0.587169477 0.418755363 0.401991350
1703614231.861546516 -4.663372159 0.242827428 -0.186748722 -0.565722660 -0.587508284 0.417722677 0.400374393
1703614232.001316547 -4.821263596 0.242416159 -0.178506890 -0.564152933 -0.585990706 0.419455672 0.402992928
1703614232.051234484 -4.882000566 0.243382748 -0.182316078 -0.564915210 -0.586006574 0.418369454 0.403031141
1703614232.200988293 -5.057497706 0.250536367 -0.183898950 -0.566628100 -0.582993363 0.418543206 0.404812204
1703614232.265881062 -5.130376434 0.250432695 -0.180827862 -0.566435524 -0.582124390 0.419342298 0.405504659
1703614232.410643101 -5.289890888 0.247133817 -0.178911949 -0.565380956 -0.582714935 0.420014023 0.405432976
1703614232.610321760 -5.502081303 0.247241844 -0.182612543 -0.567647393 -0.582529679 0.415826207 0.406846623
1703614232.800020695 -5.692552818 0.228060501 -0.183759668 -0.566715392 -0.584914338 0.414958169 0.405608924
1703614232.869909525 -5.750314649 0.219901702 -0.174499109 -0.563259483 -0.585770072 0.417981040 0.406083769
1703614233.004696131 -5.864778897 0.212469482 -0.167825497 -0.560688299 -0.586192155 0.422842661 0.403994397
1703614233.054616690 -5.904473189 0.212337596 -0.167973623 -0.560736480 -0.586646704 0.423040232 0.403059806
1703614233.204379559 -6.035914750 0.218462788 -0.178547937 -0.564377936 -0.585215496 0.419372159 0.403890283
1703614233.254300356 -6.074987511 0.218625355 -0.180548100 -0.565073418 -0.585033631 0.418271729 0.404322203
1703614233.404063225 -6.203138886 0.209053785 -0.186281851 -0.565509851 -0.585320063 0.415320941 0.406334282
1703614233.468960524 -6.254116392 0.204558832 -0.184334736 -0.564406853 -0.585826842 0.416139021 0.406300541
1703614233.603745699 -6.363961497 0.197772207 -0.180623458 -0.562966354 -0.586268810 0.419146342 0.404566572
1703614233.653665543 -6.400187875 0.198050957 -0.181489337 -0.562676368 -0.587338940 0.419136901 0.403425994
1703614233.803426743 -6.515525205 0.211865728 -0.182419730 -0.565474652 -0.585262520 0.416898587 0.404847835
1703614233.853346586 -6.546709005 0.214696916 -0.179390903 -0.565498759 -0.583606149 0.417284906 0.406802561
1703614234.003107548 -6.659005425 0.209885563 -0.178319423 -0.566241936 -0.582102202 0.417199211 0.408009699
1703614234.053027868 -6.693256454 0.206678501 -0.178757747 -0.565370725 -0.583308800 0.417169639 0.407524575
1703614234.202787876 -6.806640116 0.205193063 -0.184111498 -0.565436390 -0.584665271 0.417235912 0.405416333
1703614234.252708912 -6.839873970 0.207302513 -0.184891343 -0.565847455 -0.584892053 0.416872602 0.404889093
1703614234.402468920 -6.945958847 0.210669635 -0.184603649 -0.567764695 -0.583428774 0.414763076 0.406479651
1703614234.467365980 -6.986221499 0.208257945 -0.181687870 -0.567025757 -0.583151776 0.415625828 0.407026987
1703614234.602149963 -7.080512110 0.197960566 -0.179853979 -0.565732282 -0.583850079 0.415854058 0.407592288
1703614234.667046070 -7.122690109 0.196108103 -0.180023581 -0.565217703 -0.584687120 0.415593877 0.407371635
1703614234.801831007 -7.215142466 0.198963540 -0.180164397 -0.565907783 -0.583873571 0.415856550 0.407312367
1703614234.851752043 -7.246234136 0.200822891 -0.178167719 -0.565792417 -0.583672654 0.416662643 0.406936624
1703614235.001512051 -7.348431274 0.210544926 -0.173434311 -0.566997887 -0.581519489 0.416674484 0.408326897
1703614235.071399689 -7.392258349 0.214299763 -0.172166673 -0.567774308 -0.581007648 0.415506818 0.409165653
1703614235.201192856 -7.476150478 0.212908131 -0.172538118 -0.569350712 -0.580811314 0.413787939 0.408995753
1703614235.271080732 -7.516878015 0.208304878 -0.171447228 -0.568221738 -0.582028163 0.414041358 0.408579279
1703614235.400874138 -7.596103663 0.202016037 -0.171317801 -0.566977510 -0.583419636 0.414574885 0.407781431
1703614235.470761776 -7.636859589 0.204108132 -0.168621262 -0.566586452 -0.582639938 0.415519181 0.408478034
1703614235.600563288 -7.724323870 0.209906754 -0.168463722 -0.567666018 -0.580402152 0.414934587 0.410752872
1703614235.670456886 -7.771776060 0.211759160 -0.167629618 -0.567437600 -0.579650917 0.415225266 0.411834144
1703614235.800260544 -7.870800513 0.211316126 -0.167358330 -0.567627437 -0.579146604 0.415435739 0.412069715
1703614235.870154381 -7.922861742 0.210553297 -0.166948932 -0.567244088 -0.579562545 0.416427706 0.411010179
1703614236.004950762 -8.029029301 0.209522447 -0.168715367 -0.567464965 -0.580375904 0.417570012 0.408390265
1703614236.069852352 -8.078338997 0.212356616 -0.169080909 -0.567307769 -0.580391777 0.417326138 0.408835144
1703614236.204649210 -8.190303824 0.213059600 -0.174821999 -0.569062261 -0.579993586 0.415106245 0.409221687
1703614236.269551277 -8.240285084 0.206151404 -0.172707851 -0.568020968 -0.580698368 0.416054709 0.408705351
1703614236.404348612 -8.346479428 0.191966697 -0.168358113 -0.565616514 -0.582387864 0.418098368 0.407548880
1703614236.454273224 -8.385076044 0.194106608 -0.168695014 -0.565287602 -0.582132114 0.418815753 0.407634020
1703614236.604038954 -8.511133110 0.213483899 -0.169698479 -0.568361371 -0.578530811 0.416729557 0.410614087
1703614236.668935537 -8.564182995 0.220129889 -0.168945511 -0.569794325 -0.577024874 0.416455717 0.411024765
1703614236.803721666 -8.677535307 0.227555515 -0.165553186 -0.570703406 -0.575607154 0.415359192 0.412856838
1703614236.853642225 -8.717226054 0.229823899 -0.164004385 -0.570415288 -0.575469219 0.415282993 0.413523413
1703614237.003404856 -8.841524480 0.232566934 -0.162796943 -0.571178694 -0.574918272 0.413823459 0.414697510
1703614237.068301439 -8.896182987 0.232129997 -0.164429623 -0.571522423 -0.575502607 0.413014230 0.414219887
1703614237.203087568 -9.010526034 0.221831902 -0.167080527 -0.570142898 -0.577403032 0.414286129 0.412201187
1703614237.267984629 -9.065988927 0.219119397 -0.167198743 -0.569708709 -0.578542332 0.414507599 0.410979570
1703614237.402770042 -9.180470270 0.214531070 -0.168873884 -0.569358778 -0.578907765 0.413163868 0.412300860
1703614237.452691317 -9.225346359 0.213894553 -0.172586487 -0.570089763 -0.579573658 0.411424195 0.412094854
1703614237.602520943 -9.353734725 0.204885718 -0.165417144 -0.569099788 -0.578870480 0.413106154 0.412768342
1703614237.667460203 -9.410258392 0.204055899 -0.162610238 -0.568360554 -0.578842178 0.414120265 0.412810392
1703614237.802336693 -9.528107896 0.206013516 -0.159581805 -0.568065376 -0.578606843 0.415917975 0.411737887
1703614237.867277622 -9.585788661 0.205323496 -0.161362020 -0.567877169 -0.578953367 0.416224004 0.411200800
1703614238.002156258 -9.713287095 0.202732024 -0.169715196 -0.568726523 -0.579355833 0.415589795 0.410100089
1703614238.052113056 -9.759622904 0.202585518 -0.169396415 -0.568539150 -0.579020107 0.415663616 0.410758699
1703614238.201982021 -9.899907489 0.196382976 -0.160819475 -0.567830049 -0.577982801 0.417814351 0.411018352
1703614238.266927004 -9.963043704 0.192936674 -0.163946201 -0.567520257 -0.579409242 0.417623283 0.409629688
1703614238.401812553 -10.092546502 0.181871058 -0.166657814 -0.565797781 -0.581286683 0.418623698 0.408329356
1703614238.466759205 -10.156834309 0.177984931 -0.168714069 -0.565738852 -0.581799187 0.418539930 0.407766580
1703614238.601562262 -10.288645341 0.164997606 -0.166963826 -0.564933637 -0.582648287 0.418570641 0.407639029
1703614238.651480198 -10.336073151 0.161208917 -0.166240584 -0.564395689 -0.583327020 0.418772456 0.407205997
1703614238.811214209 -10.487838567 0.150333401 -0.169361996 -0.563339397 -0.585884795 0.419207513 0.404540223
1703614239.000898600 -10.662624425 0.149687081 -0.160955843 -0.563450253 -0.583467401 0.418820835 0.408263043
1703614239.070781469 -10.726272377 0.146711018 -0.156846900 -0.563430846 -0.583248181 0.419127938 0.408287905
1703614239.210547924 -10.855692325 0.134921811 -0.157279723 -0.561149490 -0.584158805 0.420215308 0.409009579
1703614239.400230169 -11.040765455 0.114038233 -0.160948208 -0.559683818 -0.587297148 0.420301800 0.406426477
1703614239.470113516 -11.106179084 0.112273280 -0.158436380 -0.559456115 -0.586856736 0.421046252 0.406605558
1703614239.604889631 -11.227583764 0.112691653 -0.149919799 -0.559431659 -0.585498143 0.423087127 0.406479306
1703614239.654806376 -11.272956043 0.114317764 -0.148121943 -0.559381446 -0.584357998 0.424832082 0.406369080
1703614239.804557085 -11.418371815 0.121722434 -0.156304406 -0.560711803 -0.583739131 0.424337368 0.405941744
1703614239.869448662 -11.484381552 0.124005492 -0.161859579 -0.562662540 -0.583530426 0.422242050 0.405727444
1703614240.004224062 -11.614258167 0.113308866 -0.159837454 -0.562463962 -0.584114527 0.421227212 0.406216871
1703614240.069115400 -11.676123589 0.107405575 -0.157164980 -0.561344484 -0.584244640 0.422446043 0.406312579
1703614240.203890085 -11.804757487 0.096236106 -0.155725143 -0.558797593 -0.585243276 0.424118535 0.406643612
1703614240.268781424 -11.869190804 0.093766563 -0.157717103 -0.559152801 -0.585985866 0.423187655 0.406055315
1703614240.403555632 -11.995390741 0.087555620 -0.151955893 -0.559279870 -0.585641430 0.423589902 0.405957803
1703614240.468446732 -12.052726306 0.086158980 -0.147704802 -0.558792011 -0.585021159 0.424625556 0.406441717
1703614240.603223801 -12.173761498 0.080411904 -0.147839230 -0.557905849 -0.585258996 0.426232595 0.405633757
1703614240.668117046 -12.235131470 0.076102423 -0.152302182 -0.557918929 -0.586463991 0.425482235 0.404661986
1703614240.802895069 -12.359891606 0.069958701 -0.156897716 -0.559572683 -0.587670135 0.421449811 0.404848468
1703614240.852812529 -12.400689437 0.069487843 -0.152926307 -0.559798534 -0.586441552 0.421905389 0.405842027
1703614241.002564669 -12.527741432 0.055224691 -0.154444451 -0.559085594 -0.587292715 0.421957983 0.405539180
1703614241.067458153 -12.582199240 0.046224936 -0.153929922 -0.557316386 -0.588950248 0.423074202 0.404406073
1703614241.202234507 -12.688718434 0.034099539 -0.143762170 -0.553945886 -0.589852616 0.426536448 0.404084775
1703614241.267128229 -12.739905902 0.033250919 -0.139184870 -0.553842128 -0.588852326 0.427624542 0.404535644
1703614241.401904106 -12.843019732 0.034483350 -0.131813840 -0.555532609 -0.586506195 0.429298839 0.403852090
1703614241.466797352 -12.892463749 0.034040626 -0.132736598 -0.556305136 -0.586787170 0.429289528 0.402387765
1703614241.601575136 -12.994730593 0.032088960 -0.138547322 -0.556214574 -0.587684044 0.430019849 0.400419457
1703614241.671460867 -13.049885509 0.030166921 -0.141604409 -0.555957314 -0.588152343 0.429309321 0.400851336
1703614241.801247358 -13.153817338 0.024710158 -0.143315227 -0.556264541 -0.587022783 0.428020869 0.403450304
1703614241.871132851 -13.210484327 0.021072892 -0.142418538 -0.556528638 -0.586657970 0.427200573 0.404484823
1703614242.005910158 -13.318602092 0.004858286 -0.142456978 -0.555365672 -0.588531199 0.427936678 0.402579430
1703614242.075795650 -13.374092845 -0.005916902 -0.143468066 -0.553767169 -0.590681660 0.428124257 0.401430841
1703614242.205580950 -13.473122365 -0.007395789 -0.143949348 -0.553495976 -0.590590873 0.430105233 0.399817600
1703614242.275466204 -13.528361534 -0.003210718 -0.144023038 -0.554616160 -0.589239872 0.429813743 0.400571385
1703614242.400259972 -13.628856442 0.006972366 -0.140806229 -0.557815611 -0.586114330 0.428580559 0.402032884
1703614242.470143795 -13.682807024 0.009473982 -0.141587409 -0.559099029 -0.585403426 0.428124639 0.401771574
1703614242.604922533 -13.788259293 0.004888011 -0.145377943 -0.559439772 -0.586363555 0.426729778 0.401380890
1703614242.669814587 -13.836701039 0.000548668 -0.144982119 -0.558471452 -0.587275301 0.426872171 0.401244947
1703614242.804591417 -13.936083870 -0.014799650 -0.137408432 -0.555099950 -0.587506455 0.429954866 0.402292213
1703614242.869483471 -13.988249195 -0.018365111 -0.139442320 -0.554776738 -0.588244922 0.429078780 0.402594191
1703614243.004259586 -14.096779128 -0.016039257 -0.144114073 -0.557981427 -0.587333061 0.424884297 0.403942988
1703614243.069151402 -14.141626192 -0.013153021 -0.143234959 -0.558932095 -0.585995505 0.424709553 0.404754218
1703614243.203927279 -14.244535131 -0.016052013 -0.140817932 -0.558219688 -0.585787324 0.426088580 0.404589314
1703614243.268818855 -14.292792715 -0.015730972 -0.140622334 -0.557532501 -0.586432854 0.426343424 0.404333159
1703614243.403594255 -14.392652944 -0.008468425 -0.143288138 -0.559770512 -0.585900589 0.424645881 0.403798649
1703614243.453510761 -14.429163403 -0.006102397 -0.145567328 -0.561087714 -0.585802872 0.423717608 0.403086792
1703614243.603255749 -14.536037137 -0.010994588 -0.144653387 -0.561915776 -0.585995396 0.423652546 0.401719525
1703614243.668143511 -14.579597037 -0.015392863 -0.143146328 -0.561015030 -0.586991192 0.424000784 0.401156842
1703614243.802910328 -14.667449909 -0.028588979 -0.134713049 -0.558083602 -0.587222353 0.425043204 0.403795587
1703614243.852823496 -14.699612684 -0.030710024 -0.129837431 -0.557407276 -0.586194814 0.426240346 0.404959179
1703614244.012546539 -14.817547039 -0.053774384 -0.131362685 -0.555167969 -0.588027625 0.426813619 0.404774225
1703614244.202215910 -14.950411262 -0.089111302 -0.131423855 -0.550386426 -0.593149441 0.431955177 0.398325556
1703614244.252128363 -14.982053232 -0.092501861 -0.131182225 -0.549743070 -0.594222562 0.432073833 0.397484976
1703614244.401866674 -15.081396729 -0.078851598 -0.131938383 -0.553715555 -0.590060641 0.430442228 0.399933761
1703614244.456770897 -15.120991332 -0.073459653 -0.135506966 -0.555464465 -0.588985287 0.429111556 0.400523198
1703614244.601537466 -15.231935391 -0.085160305 -0.135119698 -0.554705795 -0.589590829 0.430746447 0.398925599
1703614244.671431303 -15.285370563 -0.095549266 -0.134507232 -0.552295000 -0.592369928 0.431814335 0.396994308
1703614244.801233292 -15.378514196 -0.106791354 -0.129532481 -0.550445939 -0.593077057 0.436235285 0.393659305
1703614244.851157188 -15.416189021 -0.105978959 -0.131990072 -0.550953861 -0.592954464 0.435595455 0.393841906
1703614245.000929594 -15.536879570 -0.094785939 -0.135477998 -0.555233889 -0.589541339 0.428667188 0.400500662
1703614245.050853491 -15.575326858 -0.094374485 -0.136438434 -0.556450570 -0.588898747 0.427862511 0.400617898
1703614245.205618143 -15.699034337 -0.111479387 -0.136168345 -0.554183180 -0.590692834 0.427895148 0.401084431
1703614245.260535240 -15.744405615 -0.119103599 -0.134121537 -0.552607370 -0.591695624 0.428558266 0.401072557
1703614245.400322676 -15.861863348 -0.126211856 -0.134842463 -0.551723315 -0.592621864 0.429990714 0.399385398
1703614245.450247765 -15.904113217 -0.124606432 -0.135543070 -0.552346449 -0.592768887 0.429439328 0.398898873
1703614245.600003719 -16.029519632 -0.116023033 -0.133394609 -0.554472905 -0.590158135 0.429004085 0.400285732
1703614245.669884682 -16.090960249 -0.111807892 -0.134412872 -0.555344231 -0.588770240 0.429340597 0.400760579
1703614245.804654360 -16.212310833 -0.114413299 -0.135519737 -0.556351231 -0.589175098 0.426158461 0.402162874
1703614245.869543076 -16.267120900 -0.117127489 -0.132905003 -0.556090141 -0.588990123 0.425218513 0.403786585
1703614246.004312038 -16.384613328 -0.131996485 -0.133993012 -0.555719782 -0.590116576 0.423743211 0.404202476
1703614246.054225922 -16.427534412 -0.134868623 -0.132388909 -0.555201128 -0.590088917 0.423906142 0.404784338
1703614246.203968525 -16.564273872 -0.145558954 -0.135925868 -0.555712660 -0.591444346 0.424066047 0.401926627
1703614246.253882170 -16.608171013 -0.149262594 -0.136404545 -0.555169036 -0.593081224 0.424023299 0.400307687
1703614246.403623819 -16.732439237 -0.147185053 -0.132632399 -0.554096720 -0.591918790 0.426033819 0.401377824
1703614246.453537464 -16.778497235 -0.141439524 -0.132673977 -0.555146707 -0.590185159 0.425510863 0.403031163
1703614246.608273983 -16.924433303 -0.131736902 -0.132075956 -0.559192020 -0.586627532 0.423619310 0.404622173
1703614246.663181305 -16.976388712 -0.137611926 -0.137909757 -0.559270377 -0.587905681 0.422985191 0.403320076
1703614246.802944183 -17.105222472 -0.153795493 -0.137101104 -0.555947110 -0.590108484 0.425114054 0.402458481
1703614246.852859020 -17.151976015 -0.154054974 -0.135034863 -0.555086214 -0.589717343 0.425242558 0.404081077
1703614247.002604723 -17.296951883 -0.143224515 -0.139208719 -0.557453859 -0.587550046 0.422477696 0.406869432
1703614247.067493916 -17.360208286 -0.137189892 -0.138278756 -0.559035405 -0.586242323 0.421032119 0.408082479
1703614247.202264071 -17.488563179 -0.134812811 -0.140470059 -0.559907092 -0.584790637 0.421887817 0.408086546
1703614247.267153263 -17.555751506 -0.138792297 -0.141797916 -0.559329835 -0.585610165 0.422535555 0.407031417
1703614247.406914949 -17.694998322 -0.148217285 -0.139993432 -0.557083715 -0.587378875 0.423259768 0.406810719
1703614247.476794720 -17.763277695 -0.149731470 -0.139646435 -0.557069263 -0.586796728 0.423819896 0.407087376
1703614247.601583719 -17.888934766 -0.150017250 -0.145470197 -0.558943163 -0.586556381 0.420750673 0.408047820
1703614247.651498795 -17.940065999 -0.148593144 -0.146322193 -0.560585596 -0.586082050 0.419737251 0.407519644
1703614247.801241398 -18.083588097 -0.153603890 -0.147773828 -0.559865930 -0.586269618 0.419796203 0.408177930
1703614247.851155281 -18.132003212 -0.157135552 -0.145939121 -0.558884630 -0.586375098 0.420883762 0.408251237
1703614248.000895977 -18.274960340 -0.154245576 -0.147484784 -0.557829825 -0.586893305 0.418832144 0.411049596
1703614248.050810337 -18.325625395 -0.146157189 -0.150329625 -0.560609670 -0.585975627 0.417074853 0.410363169
1703614248.205542088 -18.469287595 -0.126646626 -0.150257514 -0.564274484 -0.582131292 0.415649179 0.412253836
1703614248.260447025 -18.524205989 -0.119599684 -0.157755765 -0.565379967 -0.582865574 0.412363257 0.413000920
1703614248.400203943 -18.654237703 -0.090286607 -0.167016002 -0.570373151 -0.578471381 0.409064393 0.415585915
1703614248.450116396 -18.705490094 -0.084929973 -0.170613191 -0.572794412 -0.577572929 0.408824632 0.413737228
1703614248.604851007 -18.853271254 -0.070418159 -0.171790893 -0.573047235 -0.576988505 0.409983319 0.413055457
1703614248.654767513 -18.901314596 -0.062543970 -0.166502273 -0.573926036 -0.575216568 0.410286676 0.414004407
1703614248.804514647 -19.043569652 -0.054941537 -0.166961439 -0.575529221 -0.573231660 0.409695642 0.415115720
1703614248.854429722 -19.094522340 -0.057843243 -0.166878735 -0.575285714 -0.574151029 0.408562141 0.415299795
1703614249.004176378 -19.239198534 -0.074957785 -0.167476423 -0.572655447 -0.576519627 0.410234341 0.414003194
1703614249.069065571 -19.304649129 -0.080147965 -0.164962479 -0.571244076 -0.577059987 0.411031733 0.414409088
1703614249.203836918 -19.439810448 -0.093447991 -0.169029774 -0.569420553 -0.579528568 0.412954594 0.411552397
1703614249.268726349 -19.504878281 -0.099747897 -0.166086495 -0.568348243 -0.580742276 0.413414001 0.410861957
1703614249.403496742 -19.628609279 -0.108585072 -0.160818375 -0.566140182 -0.580863607 0.415240419 0.411895810
1703614249.453411341 -19.677593898 -0.110152853 -0.159192021 -0.566235866 -0.580454225 0.415762500 0.411814740
1703614249.603168011 -19.821682254 -0.125605629 -0.168901983 -0.564659540 -0.584366525 0.418051003 0.406089557
1703614249.653091669 -19.871965702 -0.124990116 -0.170234923 -0.564425908 -0.584359797 0.419464057 0.404965341
1703614249.802858829 -20.016584190 -0.123157360 -0.175101143 -0.566270602 -0.584569344 0.416401124 0.405248555
1703614249.852782488 -20.064819625 -0.126321278 -0.175096476 -0.567317450 -0.584636915 0.416381012 0.403704646
1703614250.002549887 -20.191024719 -0.143730669 -0.160343273 -0.561790459 -0.584464624 0.419951427 0.407962477
1703614250.052473307 -20.237802331 -0.145100143 -0.156593437 -0.561763696 -0.584682933 0.418975158 0.408689656
1703614250.212226152 -20.387057006 -0.144688000 -0.167974569 -0.563668875 -0.584979809 0.416213465 0.408463430
1703614250.406925201 -20.557912452 -0.131213985 -0.163437406 -0.565014676 -0.583733606 0.417393542 0.407180703
1703614250.476816893 -20.616309290 -0.124626401 -0.167431554 -0.566629129 -0.582859471 0.416897819 0.406697032
1703614250.611601830 -20.729822771 -0.117762829 -0.166413005 -0.567850023 -0.580613063 0.415599717 0.409526188
1703614250.801289797 -20.882457292 -0.142061301 -0.151873720 -0.563314014 -0.581685866 0.418958344 0.410843985
1703614250.851207495 -20.927316087 -0.148253603 -0.152233950 -0.561960010 -0.583105248 0.418975621 0.410668536
1703614251.010945320 -21.068017502 -0.152711882 -0.155202833 -0.561990037 -0.584286730 0.419941803 0.407952322
1703614251.200633049 -21.231965285 -0.139735563 -0.155617064 -0.565222031 -0.581878407 0.417298837 0.409637956
1703614251.250550508 -21.276048172 -0.137750074 -0.155712565 -0.565984629 -0.581815681 0.415375314 0.410627887
1703614251.410286427 -21.414900825 -0.151300532 -0.156468433 -0.564234040 -0.583456938 0.416023120 0.410052086
1703614251.614947557 -21.594483152 -0.163021240 -0.146582731 -0.560957310 -0.583885759 0.419943075 0.409941619
1703614251.804630995 -21.774849296 -0.164272379 -0.150586018 -0.562634752 -0.583605543 0.416535236 0.411515617
1703614251.854548693 -21.820942052 -0.169282849 -0.148641102 -0.561776384 -0.584520558 0.417564758 0.410344593
1703614252.004298925 -21.951209486 -0.196198320 -0.150121985 -0.556948741 -0.591263392 0.419497316 0.405262510
1703614252.054215431 -21.992230602 -0.197518699 -0.147728029 -0.555481079 -0.591630597 0.420585592 0.405612829
1703614252.203965425 -22.126234311 -0.199548657 -0.150445734 -0.556373444 -0.590520267 0.420543046 0.406051661
1703614252.253881693 -22.172342916 -0.200181610 -0.153072816 -0.557420130 -0.591118100 0.419420646 0.404905560
1703614252.403631210 -22.304034453 -0.203451108 -0.146420505 -0.557228832 -0.589864456 0.419579740 0.406827722
1703614252.453547001 -22.349930509 -0.203526219 -0.146521614 -0.557187454 -0.589473392 0.419456240 0.407577875
1703614252.603293896 -22.491443108 -0.200099754 -0.147720137 -0.559503998 -0.588621267 0.418034467 0.407096383
1703614252.653208256 -22.535663369 -0.200092122 -0.144796249 -0.559541414 -0.588547753 0.417853705 0.407336752
1703614252.802951813 -22.672082521 -0.195425918 -0.145710060 -0.560545236 -0.587356194 0.417122753 0.408424226
1703614252.852866888 -22.719753073 -0.192544262 -0.145251932 -0.561441069 -0.586756920 0.417676068 0.407488583
1703614253.007600546 -22.865879766 -0.195938413 -0.141779097 -0.559901731 -0.587515582 0.419103731 0.407047364
1703614253.077479839 -22.933010493 -0.196416429 -0.142350112 -0.559865761 -0.587735720 0.418174067 0.407734600
1703614253.202265024 -23.057201848 -0.200860899 -0.144993070 -0.561123218 -0.587314911 0.416693978 0.408127503
1703614253.252178669 -23.104768245 -0.204504606 -0.142648909 -0.560689590 -0.587417823 0.416871032 0.408394451
1703614253.401919603 -23.250609671 -0.211597327 -0.141527557 -0.559785673 -0.588863205 0.416971075 0.407449689
1703614253.456825018 -23.302735447 -0.210217803 -0.140527510 -0.559442802 -0.588924974 0.417481561 0.407308572
1703614253.601600170 -23.437892003 -0.197405639 -0.133407959 -0.560614626 -0.585451729 0.419054807 0.409085056
1703614253.651533842 -23.490396075 -0.193098183 -0.140002378 -0.562518453 -0.585339436 0.416687108 0.409050837
1703614253.806328297 -23.645026975 -0.196096153 -0.141538624 -0.563749375 -0.584709103 0.414465393 0.410512297
1703614253.861256599 -23.701818993 -0.205727875 -0.144989599 -0.563577771 -0.587259454 0.412778986 0.408803056
1703614254.006067038 -23.838770016 -0.232853697 -0.135423099 -0.556857375 -0.589888214 0.416936450 0.410007019
1703614254.075977325 -23.907121515 -0.242177012 -0.134135559 -0.555433156 -0.591620665 0.416780439 0.409601103
1703614254.205810547 -24.034285214 -0.256996264 -0.138493050 -0.554600891 -0.593210542 0.419740460 0.405385064
1703614254.275722265 -24.101275053 -0.263281723 -0.134149710 -0.553413550 -0.593483779 0.421207416 0.405086113
1703614254.410552740 -24.231313087 -0.261421510 -0.137719860 -0.554862334 -0.594149267 0.419189792 0.404220679
1703614254.600289583 -24.411473128 -0.244687640 -0.137468820 -0.557810709 -0.590688551 0.418960845 0.405470171
1703614254.650208235 -24.458651124 -0.245829490 -0.134739414 -0.557416684 -0.590244292 0.418903630 0.406716197
1703614254.804953575 -24.607765105 -0.253747182 -0.135563084 -0.557696658 -0.590597954 0.418187177 0.406556243
1703614254.854871035 -24.654233408 -0.255815236 -0.131120667 -0.557003732 -0.589620785 0.419180317 0.407899539
1703614255.004624844 -24.800114734 -0.261369361 -0.133663442 -0.557583502 -0.590411623 0.418370842 0.406793058
1703614255.054543257 -24.848814969 -0.261809333 -0.133224976 -0.558053657 -0.590423318 0.417828370 0.406688917
1703614255.214279413 -24.999168517 -0.260795099 -0.129488848 -0.558513730 -0.589620093 0.416734281 0.408341890
1703614255.408958197 -25.181423760 -0.274107640 -0.133244500 -0.556457493 -0.591135125 0.416992514 0.408694954
1703614255.463867903 -25.234605409 -0.280234745 -0.133382662 -0.556641830 -0.591521407 0.417508205 0.407356351
1703614255.603637218 -25.366949240 -0.291482009 -0.129977163 -0.555368342 -0.592083903 0.417485062 0.408299988
1703614255.658547401 -25.419259354 -0.292785390 -0.127978324 -0.555323634 -0.591650084 0.417513288 0.408960259
1703614255.808300734 -25.561797261 -0.291819689 -0.130481332 -0.556542218 -0.591695222 0.415500798 0.409287932
1703614255.863209724 -25.610994066 -0.289857179 -0.127502720 -0.556641933 -0.590245090 0.415932779 0.410804596
1703614256.002979994 -25.738411756 -0.292808329 -0.125425852 -0.557094101 -0.590916480 0.415655637 0.409504905
1703614256.052897453 -25.783621961 -0.294577978 -0.124203081 -0.556493549 -0.590538867 0.416537076 0.409970291
1703614256.202650309 -25.916514053 -0.300983597 -0.123057917 -0.555812597 -0.590573309 0.416337166 0.411046090
1703614256.252567530 -25.964472549 -0.304403726 -0.126140757 -0.556626435 -0.591206175 0.414989736 0.410397112
1703614256.402320147 -26.099792281 -0.311296647 -0.125011132 -0.556784194 -0.591081673 0.416192270 0.409142776
1703614256.452238321 -26.143621532 -0.312757069 -0.121900956 -0.555981370 -0.590886090 0.416719507 0.409979508
1703614256.601991653 -26.274270914 -0.308484933 -0.119457212 -0.556758770 -0.589945177 0.417521090 0.409463674
1703614256.666884899 -26.330740360 -0.308707015 -0.120675639 -0.557400241 -0.589956056 0.417002265 0.409103818
1703614256.801664114 -26.445065774 -0.314131704 -0.120680415 -0.556770518 -0.589666605 0.418216701 0.409138944
1703614256.851581812 -26.489880483 -0.316007404 -0.121846027 -0.556787340 -0.589971885 0.418580779 0.408302785
1703614257.001335859 -26.616261371 -0.307846812 -0.120266350 -0.558299431 -0.589006881 0.417553796 0.408682600
1703614257.071221590 -26.674486858 -0.302585524 -0.122082977 -0.559203555 -0.588078230 0.414155957 0.412225937
1703614257.201007843 -26.778995445 -0.300064568 -0.125194255 -0.561394535 -0.585405552 0.412441672 0.414763043
1703614257.250926256 -26.823129815 -0.308089000 -0.127322821 -0.561224297 -0.586781136 0.411352085 0.414131197
1703614257.400680065 -26.942618073 -0.333557185 -0.126590434 -0.556291945 -0.590920721 0.415760602 0.410481541
1703614257.470565319 -27.001130360 -0.336061060 -0.129945745 -0.555973538 -0.592104489 0.417405225 0.407527394
1703614257.605344057 -27.107788484 -0.320679738 -0.130451352 -0.558971290 -0.590056888 0.417239105 0.406565487
1703614257.675230742 -27.162342554 -0.312682214 -0.131773173 -0.560765351 -0.588315214 0.416358767 0.407520316
1703614257.805020332 -27.264941491 -0.312550698 -0.134613520 -0.561946131 -0.587662387 0.416173839 0.407024325
1703614257.874906063 -27.318807191 -0.321016944 -0.133734768 -0.560710184 -0.588988270 0.416477387 0.406501530
1703614258.004695415 -27.417784047 -0.329546961 -0.133138350 -0.559235815 -0.590237376 0.416143224 0.407062601
1703614258.054614067 -27.457106217 -0.329576153 -0.132952819 -0.559423794 -0.589970679 0.415890869 0.407448649
1703614258.204371452 -27.573347301 -0.324780160 -0.133445339 -0.560383399 -0.588805070 0.415683963 0.408026811
1703614258.269265652 -27.624846855 -0.324789438 -0.132853159 -0.560526898 -0.587981086 0.416218052 0.408473221
1703614258.404046297 -27.735842010 -0.322283811 -0.136831372 -0.560772211 -0.588375756 0.415936888 0.407854143
1703614258.468940735 -27.788970540 -0.320865230 -0.135300145 -0.561059746 -0.588086707 0.416480945 0.407320033
1703614258.603720427 -27.899679547 -0.319449800 -0.136083236 -0.561806391 -0.587644386 0.417672508 0.405705966
1703614258.668613195 -27.955496090 -0.321977439 -0.141576393 -0.562005072 -0.588713084 0.416595205 0.404988444
1703614258.803391695 -28.073263104 -0.322134254 -0.149132385 -0.563253998 -0.588694519 0.414125843 0.405812128
1703614258.853310108 -28.117010970 -0.320780946 -0.149798468 -0.564295357 -0.588039577 0.413748493 0.405699877
1703614259.003063440 -28.247123918 -0.318178669 -0.149495813 -0.564817889 -0.586793568 0.414145294 0.406371427
1703614259.067955971 -28.303925642 -0.319234958 -0.149587838 -0.564079632 -0.587065677 0.414496562 0.406645619
1703614259.202733994 -28.422710080 -0.321056512 -0.149390767 -0.564185784 -0.586658291 0.414443398 0.407140174
1703614259.267626524 -28.478628424 -0.322503569 -0.145625532 -0.563887651 -0.586046146 0.414182459 0.408697349
1703614259.402404070 -28.596978678 -0.324139101 -0.145920604 -0.564294295 -0.584952487 0.413276105 0.410615876
1703614259.452322245 -28.644054657 -0.325761202 -0.149541326 -0.565316858 -0.585137010 0.413962773 0.408247905
1703614259.602072954 -28.775870173 -0.337519541 -0.145466155 -0.561996613 -0.587695821 0.415608243 0.407484009
1703614259.651988506 -28.820712660 -0.337951610 -0.147704889 -0.561843898 -0.587653990 0.416102115 0.407250847
1703614259.811719418 -28.969599437 -0.342239175 -0.158551333 -0.563983631 -0.588045298 0.415137576 0.404704811
1703614260.001397848 -29.146719458 -0.339315031 -0.160559703 -0.565346032 -0.587066473 0.414525595 0.404852259
1703614260.071279764 -29.210040000 -0.335073558 -0.159076465 -0.566034660 -0.585444462 0.414610294 0.406150034
1703614260.201060057 -29.331924520 -0.337304402 -0.160625083 -0.566949260 -0.585093646 0.414782049 0.405203424
1703614260.250974894 -29.379291263 -0.335407477 -0.163293353 -0.566961970 -0.584658654 0.415519079 0.405058363
1703614260.405711412 -29.529305638 -0.338921343 -0.162013600 -0.566885390 -0.585220947 0.415049006 0.404835424
1703614260.460618258 -29.580461527 -0.339152317 -0.159041849 -0.566759593 -0.584345281 0.415741142 0.405565605
1703614260.600387812 -29.717672677 -0.342100872 -0.163486219 -0.566938292 -0.583963661 0.415071583 0.406550116
1703614260.650310516 -29.767513868 -0.338554701 -0.163206950 -0.568275389 -0.583402000 0.415451830 0.405098711
1703614260.800076962 -29.908733883 -0.336900004 -0.156614320 -0.567310516 -0.582342857 0.416777176 0.406610822
1703614260.850000143 -29.957016878 -0.334616092 -0.156063014 -0.567682302 -0.581656373 0.417215255 0.406625256
1703614261.009752274 -30.113536487 -0.346093524 -0.160860226 -0.567387229 -0.582992385 0.417131946 0.405206800
1703614261.064667702 -30.169042237 -0.349801547 -0.166796350 -0.567374333 -0.585163312 0.414337562 0.404962528
1703614261.204452991 -30.301546591 -0.359404154 -0.158888889 -0.565571372 -0.584044289 0.415522553 0.407875348
1703614261.264360666 -30.360957054 -0.365074631 -0.160660508 -0.565068050 -0.584644639 0.415710590 0.407521103
1703614261.404145241 -30.501171449 -0.389222399 -0.170436196 -0.563625572 -0.588265007 0.415258752 0.404760009
1703614261.469046116 -30.564368877 -0.395294206 -0.170165176 -0.562812911 -0.588788294 0.416408714 0.403947713
1703614261.603832006 -30.689379082 -0.391580525 -0.160409679 -0.561459285 -0.586979161 0.419157278 0.405618184
1703614261.668723345 -30.753212474 -0.384479007 -0.163947872 -0.562824480 -0.586543773 0.418447938 0.405088052
1703614261.808489799 -30.889277885 -0.379367160 -0.170628710 -0.565514566 -0.585733051 0.416568342 0.404451339
1703614261.863398075 -30.942300638 -0.387116847 -0.172618824 -0.564946718 -0.586004185 0.417348611 0.404047568
1703614262.003164291 -31.079203063 -0.415834617 -0.176127306 -0.562016359 -0.589158548 0.420043249 0.400741172
1703614262.053081274 -31.125694490 -0.421033238 -0.172483469 -0.560210686 -0.589825825 0.421084310 0.401195075
1703614262.202830553 -31.267279701 -0.431209654 -0.174682770 -0.559875220 -0.590744318 0.421037192 0.400360551
1703614262.252746582 -31.312032325 -0.431988570 -0.174121513 -0.560270757 -0.590459832 0.421810613 0.399411658
1703614262.402495146 -31.447835656 -0.442077255 -0.176571661 -0.559804118 -0.591438854 0.422978521 0.397377153
1703614262.452412128 -31.491902494 -0.443229595 -0.179263961 -0.559665882 -0.591630268 0.423958011 0.396241506
1703614262.602163076 -31.626405517 -0.453550356 -0.186870281 -0.559453723 -0.593196288 0.424525469 0.393583309
1703614262.652081251 -31.670881149 -0.455282422 -0.188917171 -0.559232877 -0.593641797 0.424079891 0.393705794
1703614262.801836967 -31.802369040 -0.466935410 -0.190460858 -0.558696851 -0.593388080 0.425785401 0.393007897
1703614262.851755142 -31.845867213 -0.468660936 -0.189262755 -0.558206675 -0.593443609 0.426057981 0.393325041
1703614263.001511574 -31.975191768 -0.473722658 -0.192269418 -0.559315312 -0.593039681 0.423021598 0.395629936
1703614263.071396828 -32.033899564 -0.477897117 -0.195952233 -0.559664595 -0.593538377 0.420771478 0.396785962
1703614263.201184750 -32.141088158 -0.494672296 -0.197136303 -0.557753636 -0.593810983 0.421868239 0.397902735
1703614263.271070719 -32.200838611 -0.503299011 -0.199037275 -0.556309073 -0.595059458 0.424008146 0.395779673
1703614263.400858879 -32.311189809 -0.506011218 -0.203607785 -0.556050856 -0.597127556 0.424150403 0.392864562
1703614263.470743895 -32.364571448 -0.499668592 -0.202934250 -0.557295202 -0.595886117 0.423698178 0.393473821
1703614263.605523586 -32.466016677 -0.479316904 -0.197414384 -0.561222503 -0.590365082 0.422395189 0.397593608
1703614263.660434246 -32.509968938 -0.474928603 -0.199755655 -0.562510046 -0.589045236 0.421080479 0.399123274
1703614263.800206900 -32.630073295 -0.476451944 -0.211403512 -0.564107398 -0.589041516 0.418676020 0.399403713
1703614263.870091915 -32.686689042 -0.481864236 -0.209752065 -0.562242675 -0.589657424 0.420218754 0.399504063
1703614264.004871607 -32.799500564 -0.489972631 -0.213591544 -0.560377796 -0.592339437 0.419959585 0.398427740
1703614264.054790497 -32.839989999 -0.488047412 -0.214494548 -0.561067061 -0.591932221 0.419943580 0.398079626
1703614264.209537029 -32.966190890 -0.482750725 -0.216892459 -0.563865138 -0.589002177 0.417060319 0.401488770
1703614264.264447451 -33.014589723 -0.483388677 -0.220625475 -0.565192740 -0.589064665 0.415224428 0.401433258
1703614264.409210920 -33.131996290 -0.491164389 -0.217439937 -0.563815464 -0.588926982 0.417366222 0.401350930
1703614264.464120388 -33.180372239 -0.494002218 -0.222633341 -0.563638402 -0.589999887 0.417207379 0.400187316
1703614264.603888512 -33.298989788 -0.492127667 -0.224054046 -0.563306212 -0.589580146 0.417267556 0.401209609
1703614264.668776512 -33.353942405 -0.490374723 -0.223229929 -0.563626986 -0.588419731 0.418032294 0.401666332
1703614264.803546429 -33.473236664 -0.490940223 -0.228110567 -0.564853872 -0.588095994 0.416825179 0.401671477
1703614264.868434429 -33.528152082 -0.491515427 -0.229791641 -0.565063584 -0.587964660 0.417130656 0.401251443
1703614265.003202438 -33.643650198 -0.496786725 -0.231206222 -0.564526716 -0.588425919 0.416624654 0.401856222
1703614265.068090439 -33.699512061 -0.498957087 -0.233274394 -0.564588300 -0.588565738 0.415549144 0.402677703
1703614265.202858686 -33.813502563 -0.505662075 -0.230833209 -0.565055431 -0.587439583 0.414435392 0.404809094
1703614265.267746449 -33.866899243 -0.510578193 -0.228748934 -0.564537926 -0.587184659 0.414930721 0.405393146
1703614265.402513266 -33.986146284 -0.524112907 -0.231123588 -0.562649459 -0.589264856 0.416784518 0.403092026
1703614265.467400312 -34.040798325 -0.526332956 -0.230026660 -0.561586080 -0.590204555 0.417605825 0.402349390
1703614265.602177143 -34.153168259 -0.518535004 -0.231576007 -0.562921938 -0.589262989 0.417936172 0.401518839
1703614265.667076826 -34.207868577 -0.513404558 -0.232040618 -0.564034243 -0.587472281 0.417467528 0.403066439
1703614265.801869869 -34.328548023 -0.514132910 -0.235557131 -0.565732505 -0.585805424 0.415146878 0.405501922
1703614265.866769791 -34.386654598 -0.520229633 -0.236706024 -0.565363083 -0.586448593 0.415165774 0.405067911
1703614266.001564503 -34.507781210 -0.536217955 -0.237675688 -0.563491751 -0.588818144 0.415376879 0.404020158
1703614266.051487684 -34.551472150 -0.538579134 -0.237123075 -0.562719065 -0.588772412 0.416800196 0.403697780
1703614266.201259375 -34.686368000 -0.529567994 -0.235477589 -0.563918547 -0.587225166 0.415877550 0.405226282
1703614266.271153212 -34.748491796 -0.524056472 -0.236052799 -0.565240050 -0.585724674 0.415286951 0.406161347
1703614266.400956392 -34.864201070 -0.533403528 -0.233577525 -0.563720470 -0.585414542 0.417609600 0.406338859
1703614266.450880289 -34.912245913 -0.542196317 -0.234771694 -0.562234053 -0.587724623 0.416522389 0.406179438
1703614266.600650549 -35.048981748 -0.565129839 -0.234601351 -0.559469284 -0.590130737 0.419724161 0.403201517
1703614266.650572062 -35.095149798 -0.568181223 -0.233971399 -0.558781479 -0.590547593 0.419738928 0.403529469
1703614266.810321569 -35.239518668 -0.561696628 -0.231962608 -0.560607071 -0.588414334 0.416576889 0.407372040
1703614267.005016565 -35.417526043 -0.565200624 -0.226615286 -0.561489028 -0.587074642 0.417135243 0.407518864
1703614267.074907780 -35.479704220 -0.566877840 -0.224593349 -0.560814426 -0.587490020 0.417126031 0.407858469
1703614267.209697008 -35.599669772 -0.566255794 -0.223232284 -0.560858566 -0.586678280 0.419475790 0.406554211
1703614267.279588223 -35.659990037 -0.567381057 -0.221102542 -0.560199726 -0.587266823 0.419388522 0.406702856
1703614267.404392958 -35.770027084 -0.556973566 -0.222986210 -0.561892393 -0.585819004 0.416980988 0.408925284
1703614267.454315901 -35.813552753 -0.553823706 -0.222623767 -0.563085545 -0.585105601 0.415580671 0.409730169
1703614267.604080915 -35.940536528 -0.561515909 -0.216107122 -0.562372334 -0.583787742 0.416618205 0.411531897
1703614267.654000759 -35.987091998 -0.569564007 -0.218670961 -0.561359661 -0.585147227 0.416848593 0.410749685
1703614267.803762436 -36.118355917 -0.583555038 -0.214230688 -0.558628429 -0.587001718 0.418326053 0.410324962
1703614267.868658543 -36.175312822 -0.580810108 -0.212290164 -0.559000121 -0.586192916 0.418960971 0.410327229
1703614268.003443241 -36.293580548 -0.568768233 -0.212181896 -0.560580831 -0.584839948 0.418231960 0.410844733
1703614268.068340540 -36.351655402 -0.564889069 -0.215185770 -0.561867551 -0.584615406 0.417033687 0.410624630
1703614268.203125477 -36.468857080 -0.571639889 -0.214978864 -0.562098288 -0.584679611 0.415144707 0.412128789
1703614268.268021822 -36.525151637 -0.580414458 -0.212337223 -0.560773078 -0.585331583 0.415211390 0.412940667
1703614268.402806759 -36.634397488 -0.601775217 -0.206626088 -0.558775927 -0.586858730 0.415392105 0.413298553
1703614268.452727795 -36.675542765 -0.608199960 -0.203105217 -0.557719128 -0.586876125 0.417310888 0.412767987
1703614268.602488279 -36.800710549 -0.615877230 -0.204895501 -0.556095707 -0.589656749 0.417683185 0.410613249
1703614268.652407646 -36.839848669 -0.609820644 -0.200200395 -0.557090530 -0.587872745 0.417685074 0.411819081
1703614268.802166462 -36.961027006 -0.601774864 -0.197928946 -0.559443088 -0.584634473 0.418222768 0.412693203
1703614268.867062569 -37.012972836 -0.607614336 -0.196224662 -0.558451782 -0.585755465 0.418006292 0.412665582
1703614269.001845360 -37.116424606 -0.627779496 -0.192522708 -0.554876255 -0.588937801 0.419661665 0.411276908
1703614269.051764965 -37.160319626 -0.631525195 -0.195420913 -0.555218818 -0.589865073 0.419932991 0.409203547
1703614269.201524734 -37.281868556 -0.627802029 -0.198671953 -0.556897027 -0.588816244 0.419580262 0.408795224
1703614269.251444101 -37.323683096 -0.623387345 -0.199201102 -0.558550168 -0.588193583 0.419191355 0.407834067
1703614269.401202917 -37.446423959 -0.602801385 -0.197409065 -0.561243564 -0.585003815 0.417206173 0.410749568
1703614269.451122999 -37.487050274 -0.599127391 -0.196930435 -0.562182209 -0.584078834 0.416143355 0.411858941
1703614269.600881577 -37.602664573 -0.606326209 -0.192441835 -0.562147107 -0.583638367 0.414967857 0.413713142
1703614269.650800467 -37.644953567 -0.612663930 -0.191506223 -0.561309939 -0.584079872 0.416068610 0.413120766
1703614269.800557852 -37.765747139 -0.639233039 -0.196578662 -0.558139925 -0.588516157 0.418710493 0.408423897
1703614269.850477457 -37.806960797 -0.639819309 -0.195978744 -0.557797921 -0.589086844 0.419048435 0.407721203
1703614270.000235081 -37.925515713 -0.617564803 -0.197056828 -0.561345329 -0.586112223 0.418685205 0.407512679
1703614270.050153732 -37.967986445 -0.614480721 -0.198055850 -0.562304302 -0.585064285 0.417498911 0.408911132
1703614270.204903841 -38.097821221 -0.614203945 -0.199381357 -0.563827014 -0.583386127 0.415472700 0.411268965
1703614270.269798279 -38.152710788 -0.623762158 -0.196700922 -0.562328609 -0.584420519 0.415090486 0.412236681
1703614270.404579878 -38.269380107 -0.646569836 -0.198224098 -0.559802657 -0.588004926 0.414933212 0.410733030
1703614270.454499722 -38.310454937 -0.650734073 -0.195125300 -0.558845623 -0.588578492 0.415229936 0.410914867
1703614270.604256630 -38.438965555 -0.646222975 -0.196905865 -0.559806089 -0.588126934 0.414885788 0.410601552
1703614270.669150114 -38.494435287 -0.642371452 -0.196806392 -0.560270486 -0.587117553 0.415097533 0.411198249
1703614270.803930998 -38.616095841 -0.637548209 -0.200104506 -0.562363125 -0.586174235 0.412653377 0.412146421
1703614270.868824720 -38.674399263 -0.639347836 -0.199741046 -0.562688146 -0.586359680 0.410849092 0.413240123
1703614271.003604412 -38.788630638 -0.659360518 -0.194706222 -0.560805797 -0.587485743 0.410304408 0.414738052
1703614271.068499088 -38.846297467 -0.669296908 -0.194997746 -0.558898655 -0.588454756 0.411172331 0.415079038
1703614271.203278780 -38.970765249 -0.672789621 -0.199915222 -0.558177407 -0.589700549 0.412692074 0.412766879
1703614271.268172264 -39.030901881 -0.664812702 -0.200888166 -0.559227953 -0.589076969 0.413062399 0.411863905
1703614271.402951956 -39.154338942 -0.644925909 -0.201625018 -0.562156425 -0.585953182 0.413054770 0.412340611
1703614271.467846394 -39.215663453 -0.639126491 -0.202044025 -0.563864892 -0.585035679 0.411008098 0.413354547
1703614271.602625847 -39.337686352 -0.638253552 -0.200026681 -0.565049759 -0.583199319 0.408492287 0.416810959
1703614271.657535553 -39.388606918 -0.642243422 -0.199685798 -0.564934214 -0.583309006 0.408675700 0.416634264
1703614271.802297831 -39.521262300 -0.662875382 -0.200629209 -0.561693177 -0.586767693 0.412151579 0.412717245
1703614271.852215528 -39.566937469 -0.663794312 -0.200107938 -0.560621953 -0.587863607 0.412529510 0.412236352
1703614272.011953115 -39.710155143 -0.653081293 -0.197622149 -0.562008930 -0.585131482 0.412700773 0.414059395
1703614272.201641083 -39.882910142 -0.638747337 -0.197245157 -0.566348663 -0.581352336 0.408760561 0.417364898
1703614272.271526337 -39.945860536 -0.638527672 -0.197442923 -0.566665941 -0.581251105 0.408348145 0.417478931
1703614272.401313066 -40.062307058 -0.648719417 -0.199404990 -0.564423045 -0.583562323 0.408726952 0.416921959
1703614272.471198082 -40.126230244 -0.652256140 -0.199615445 -0.563724070 -0.584212368 0.409241524 0.416452226
1703614272.600983620 -40.240281128 -0.656915582 -0.196050405 -0.562634465 -0.583994935 0.410455961 0.417035106
1703614272.650902033 -40.285569929 -0.655274387 -0.195118192 -0.563118079 -0.583307130 0.410520010 0.417281849
1703614272.800655127 -40.416309621 -0.656570905 -0.193348102 -0.563645648 -0.582872784 0.408043685 0.419598918
1703614272.860556364 -40.467836903 -0.656079214 -0.193690912 -0.564196061 -0.582702075 0.407382700 0.419738529
1703614273.000326395 -40.589772391 -0.663765832 -0.197201564 -0.563395077 -0.583020623 0.408835174 0.418959116
1703614273.070210457 -40.652386599 -0.666672247 -0.198910914 -0.562406585 -0.583675284 0.409716217 0.418514775
1703614273.204988956 -40.768407299 -0.661251687 -0.195081696 -0.562466903 -0.582930845 0.410457658 0.418744701
1703614273.269881248 -40.824845505 -0.656606323 -0.194215154 -0.563218021 -0.581742807 0.410991500 0.418863646
1703614273.404658794 -40.940328542 -0.651155827 -0.196352140 -0.564775154 -0.580513191 0.410655222 0.418802757
1703614273.454576969 -40.983327516 -0.647792911 -0.197287651 -0.565442271 -0.580100379 0.409992973 0.419123311
1703614273.604329586 -41.105964058 -0.639688339 -0.197450463 -0.567426286 -0.577805188 0.408608965 0.420959960
1703614273.654246569 -41.147467149 -0.640363759 -0.195546775 -0.567223960 -0.577860180 0.408346052 0.421412023
1703614273.803999662 -41.271124730 -0.647909631 -0.196191100 -0.565383506 -0.578880697 0.410153403 0.420728910
1703614273.868892193 -41.325733693 -0.648914808 -0.196422944 -0.564753195 -0.579373289 0.410462121 0.420596324
1703614274.003669024 -41.438082824 -0.644496101 -0.200540901 -0.565831924 -0.579116814 0.410279449 0.419676926
1703614274.068562031 -41.491421670 -0.641173611 -0.200481250 -0.566376856 -0.578598783 0.410614896 0.419328169
1703614274.203338623 -41.599494323 -0.636569858 -0.200597990 -0.567348917 -0.577463288 0.410862799 0.419336522
1703614274.268230915 -41.652538838 -0.634344376 -0.200246478 -0.566985098 -0.577192617 0.409531820 0.421497651
1703614274.403008223 -41.765359997 -0.624694366 -0.202324109 -0.568954269 -0.575214826 0.407804073 0.423219542
1703614274.452925205 -41.809359098 -0.620656106 -0.204290410 -0.570210672 -0.574907718 0.407489346 0.422247958
1703614274.602676630 -41.935932507 -0.622751910 -0.204548456 -0.569571473 -0.576016169 0.408088569 0.421019513
1703614274.667569399 -41.991628869 -0.622685324 -0.205274515 -0.569390455 -0.576710807 0.407915104 0.420481181
1703614274.802345276 -42.103328154 -0.621513778 -0.204741846 -0.569346748 -0.576139581 0.408253853 0.420994365
1703614274.867238045 -42.158845299 -0.619514644 -0.203881019 -0.569929026 -0.575950310 0.407863973 0.420843350
1703614275.002013683 -42.267929057 -0.621520925 -0.196661751 -0.568349808 -0.574979808 0.409405612 0.422804638
1703614275.066905260 -42.324393798 -0.616997012 -0.196878729 -0.568528715 -0.575187608 0.409104704 0.422572664
1703614275.206672907 -42.445682383 -0.608063288 -0.201575183 -0.570734311 -0.574621712 0.406936138 0.422463270
1703614275.276556969 -42.503206983 -0.603537438 -0.198663443 -0.571372887 -0.573750036 0.407280324 0.422453143
1703614275.401348352 -42.608671871 -0.611742722 -0.199553816 -0.569737655 -0.574685377 0.408697778 0.422021146
1703614275.451265574 -42.653658383 -0.612453613 -0.202716129 -0.569435216 -0.575753125 0.408371434 0.421289266
1703614275.601015806 -42.786917714 -0.612412743 -0.206981869 -0.569811406 -0.576691602 0.407981094 0.419872820
1703614275.670899153 -42.849319168 -0.608901852 -0.208961945 -0.570429125 -0.576302084 0.407645636 0.419894698
1703614275.800682306 -42.965573570 -0.606729897 -0.209954957 -0.570985011 -0.576019606 0.407376414 0.419788028
1703614275.870564938 -43.027816543 -0.604277525 -0.209977866 -0.571006595 -0.576511044 0.406941687 0.419505599
1703614276.000348806 -43.143790816 -0.603565367 -0.208562065 -0.570715664 -0.575713051 0.409054042 0.418942602
1703614276.070230961 -43.207446705 -0.599917050 -0.207815219 -0.571010168 -0.575537512 0.409755301 0.418096344
1703614276.200013638 -43.324476008 -0.591527915 -0.206538053 -0.571241795 -0.574516316 0.411408899 0.417560214
1703614276.269896746 -43.390232915 -0.589868528 -0.208924261 -0.570865215 -0.575299052 0.410374553 0.418015111
1703614276.404670477 -43.520120659 -0.596106948 -0.210373993 -0.570240636 -0.575665036 0.409634194 0.419088548
1703614276.469562054 -43.582548636 -0.600590633 -0.209646353 -0.569393833 -0.576713457 0.409594629 0.418837071
1703614276.604336262 -43.714153274 -0.614864063 -0.211657391 -0.566925900 -0.579003056 0.411000818 0.417646757
1703614276.669228554 -43.776773337 -0.613408346 -0.211543284 -0.566608711 -0.579625759 0.411295034 0.416923186
1703614276.804003954 -43.904837181 -0.600422665 -0.213908287 -0.568107848 -0.578573963 0.412558883 0.415091327
1703614276.868895531 -43.967712503 -0.595171987 -0.217595176 -0.569121819 -0.578236103 0.412967924 0.413764253
1703614277.003671646 -44.096355278 -0.593373856 -0.216443882 -0.569150998 -0.577736957 0.412837891 0.414550389
1703614277.068562984 -44.159214815 -0.594932554 -0.216042773 -0.569092256 -0.577657819 0.412556182 0.415021499
1703614277.203337908 -44.290095031 -0.603342722 -0.218931993 -0.568252683 -0.578665004 0.412499971 0.414824632
1703614277.268230200 -44.352794052 -0.607226100 -0.217634914 -0.567161071 -0.579147731 0.413630637 0.414518904
1703614277.403005123 -44.486885332 -0.611645908 -0.222221553 -0.566285871 -0.581039997 0.414974635 0.411714568
1703614277.467896223 -44.550018290 -0.611501266 -0.220980928 -0.566079214 -0.581090770 0.416394223 0.410492012
1703614277.602671623 -44.683059079 -0.610787858 -0.223118573 -0.565962052 -0.581518050 0.416714403 0.409722856
1703614277.667561531 -44.747391623 -0.610943525 -0.221280882 -0.566190531 -0.581023077 0.416775162 0.410047473
1703614277.802333593 -44.880270656 -0.615503519 -0.221722845 -0.566216439 -0.581371344 0.416295654 0.410005162
1703614277.852249622 -44.929737688 -0.619778195 -0.221384711 -0.565612518 -0.582224474 0.416156030 0.409769814
1703614278.001995564 -45.077306033 -0.625899988 -0.222464752 -0.564263548 -0.583526970 0.417088115 0.408828115
1703614278.066886187 -45.141177379 -0.629338830 -0.221419662 -0.563848255 -0.583878411 0.417080168 0.408907422
1703614278.201657534 -45.272870881 -0.633029011 -0.221199489 -0.563939993 -0.583516045 0.417101244 0.409276510
1703614278.251573324 -45.320526691 -0.635886326 -0.218961559 -0.563567828 -0.583336073 0.417658863 0.409476988
1703614278.401318550 -45.464339553 -0.646302727 -0.219432563 -0.561963886 -0.585574019 0.418820655 0.407294633
1703614278.471200228 -45.528482007 -0.651386487 -0.217468820 -0.560305478 -0.586679848 0.419902912 0.406873533
1703614278.600980282 -45.645469567 -0.660809645 -0.212931027 -0.558876752 -0.586888252 0.423612445 0.404686856
1703614278.650896311 -45.691499852 -0.667701375 -0.213076329 -0.558078850 -0.587691733 0.423739151 0.404489253
1703614278.800646067 -45.832481518 -0.668183296 -0.219551378 -0.559580769 -0.587680190 0.419441294 0.406903377
1703614278.870527983 -45.895539321 -0.667038751 -0.215369400 -0.561293083 -0.585239051 0.420750590 0.406711530
1703614279.000310659 -46.019002825 -0.662853675 -0.221197311 -0.562005273 -0.585654563 0.420398064 0.405492631
1703614279.070193291 -46.084469900 -0.662850876 -0.223045794 -0.562116363 -0.586296708 0.419847261 0.404981039
1703614279.204967022 -46.212783265 -0.654843372 -0.224149181 -0.562355354 -0.585747994 0.419933580 0.405353589
1703614279.269858599 -46.273387733 -0.656781239 -0.222928377 -0.562697525 -0.585321696 0.419945765 0.405481888
1703614279.404632092 -46.394710178 -0.666521763 -0.218535132 -0.561434490 -0.585563009 0.421079318 0.405708619
1703614279.454548597 -46.441831101 -0.674425115 -0.221615169 -0.560766731 -0.586801358 0.420778728 0.405154416
1703614279.604297400 -46.580291069 -0.686313766 -0.225118916 -0.560117990 -0.588442207 0.420035452 0.404442610
1703614279.669190407 -46.640319267 -0.690957397 -0.226508839 -0.559914833 -0.588609566 0.419802593 0.404722055
1703614279.803966761 -46.766103993 -0.699192394 -0.228459901 -0.559145675 -0.589989728 0.419343457 0.404251530
1703614279.868859768 -46.824724695 -0.704371157 -0.229228278 -0.558693403 -0.590643064 0.419794828 0.403453534
1703614280.003636122 -46.947948217 -0.709055604 -0.231255053 -0.558383387 -0.591399068 0.420222997 0.402327937
1703614280.068528414 -47.005192399 -0.710630521 -0.229674160 -0.558882041 -0.590874930 0.420725296 0.401880464
1703614280.203305483 -47.125013473 -0.703631694 -0.228207742 -0.560262896 -0.589176311 0.421116822 0.402041521
1703614280.268197536 -47.182463000 -0.699701524 -0.226819135 -0.561623872 -0.588362165 0.419679802 0.402836757
1703614280.402974606 -47.298722585 -0.687509009 -0.225207756 -0.564091027 -0.584885202 0.418274588 0.405902677
1703614280.467866421 -47.355734663 -0.694647683 -0.222417019 -0.563940054 -0.585076192 0.417923929 0.406198296
1703614280.602642775 -47.472760569 -0.698958531 -0.219973823 -0.561955301 -0.585769370 0.419190120 0.406644966
1703614280.667532206 -47.529206835 -0.701816584 -0.218303827 -0.561556057 -0.585522448 0.420332783 0.406372500
1703614280.802303076 -47.651389788 -0.698161118 -0.222654567 -0.562582445 -0.585237080 0.420855819 0.404819629
1703614280.867193222 -47.710163103 -0.692517376 -0.222748880 -0.563586787 -0.583812324 0.420281287 0.406074800
1703614281.001963139 -47.838098591 -0.684244908 -0.222581769 -0.566004521 -0.581460639 0.418302998 0.408123766
1703614281.051878691 -47.883909885 -0.688143486 -0.221134306 -0.566249128 -0.581242056 0.418645359 0.407744603
1703614281.201622725 -48.019265204 -0.722896362 -0.222558542 -0.561980196 -0.586202380 0.419652577 0.405508007
1703614281.251538038 -48.065807507 -0.735757115 -0.224870977 -0.560246335 -0.588543100 0.419281636 0.404899954
1703614281.401281595 -48.201559011 -0.746617639 -0.223277575 -0.558609911 -0.588924782 0.418756118 0.407143565
1703614281.451195478 -48.249070273 -0.747576214 -0.225371595 -0.560026667 -0.589159271 0.416846302 0.406817705
1703614281.600941181 -48.389605477 -0.749121698 -0.224844169 -0.560474922 -0.588174433 0.415849599 0.408641418
1703614281.670826435 -48.454603969 -0.753728506 -0.222993221 -0.559921390 -0.588316453 0.416018019 0.409024201
1703614281.800613165 -48.579795337 -0.767066629 -0.224609502 -0.558974496 -0.589509924 0.416873495 0.407727913
1703614281.870498419 -48.647252104 -0.774501832 -0.223018812 -0.558494485 -0.590238615 0.417049766 0.407150807
1703614282.000285387 -48.770007517 -0.782235929 -0.221594629 -0.558028122 -0.590587628 0.418904751 0.405375971
1703614282.055195332 -48.823027929 -0.785509063 -0.223517692 -0.558356967 -0.591559586 0.418608113 0.403809364
1703614282.204948902 -48.966672810 -0.789267264 -0.224261766 -0.558536839 -0.591484914 0.418833941 0.403435652
1703614282.254867315 -49.013098698 -0.792366620 -0.221381603 -0.558682193 -0.591185380 0.418315329 0.404210760
1703614282.404621124 -49.159383201 -0.802248122 -0.225756202 -0.559453870 -0.591645646 0.416391469 0.404456353
1703614282.469514132 -49.219025322 -0.810499501 -0.222769037 -0.558791000 -0.592134120 0.417048757 0.403980366
1703614282.604294300 -49.346242322 -0.831662013 -0.222896127 -0.555456883 -0.594409182 0.419949706 0.402228318
1703614282.654214621 -49.394731252 -0.835720796 -0.222008687 -0.555101350 -0.594565525 0.420870187 0.401525358
1703614282.803973913 -49.537080815 -0.841505448 -0.219680717 -0.555550621 -0.593730742 0.421547558 0.401428660
1703614282.863877773 -49.594860323 -0.844436680 -0.217278509 -0.556444444 -0.593401136 0.421071676 0.401177412
1703614283.003654003 -49.727250001 -0.858660164 -0.217374497 -0.555488799 -0.593863227 0.422210928 0.400620262
1703614283.053573847 -49.776318383 -0.866996653 -0.220008403 -0.554936781 -0.595435913 0.421511192 0.399786891
1703614283.203334808 -49.914682610 -0.889525419 -0.214028474 -0.552352648 -0.596441465 0.423397046 0.399873821
1703614283.268231392 -49.978335605 -0.899198302 -0.216806797 -0.552101113 -0.597528460 0.422998642 0.399019109
1703614283.403015614 -50.106874690 -0.913260080 -0.215324986 -0.551403024 -0.598394707 0.423465666 0.398190042
1703614283.467912436 -50.167889649 -0.919141882 -0.212928024 -0.550591393 -0.598448965 0.423786151 0.398890026
1703614283.602696419 -50.298794800 -0.926646040 -0.215233961 -0.551348051 -0.598474577 0.424899062 0.396616053
1703614283.667592049 -50.358821038 -0.929828743 -0.212433055 -0.550785929 -0.598106721 0.425914158 0.396863126
1703614283.802374125 -50.486703035 -0.930443333 -0.214376083 -0.552100362 -0.597622022 0.424568820 0.397208291
1703614283.852293015 -50.534501219 -0.930193802 -0.215593902 -0.552671175 -0.597569717 0.423342682 0.397801432
1703614284.002051830 -50.675683326 -0.927513245 -0.213894636 -0.554354049 -0.596141417 0.420863881 0.400225678
1703614284.051970720 -50.721187546 -0.924291308 -0.211661739 -0.554826114 -0.595016746 0.420582495 0.401538814
1703614284.211713076 -50.866255623 -0.903673727 -0.206300540 -0.557928344 -0.591111055 0.416923305 0.406790661
1703614284.401408195 -51.043308363 -0.873067205 -0.208811288 -0.564166351 -0.585508940 0.413331357 0.409942434
1703614284.471295834 -51.107535843 -0.859255970 -0.209173794 -0.565845874 -0.583738261 0.412980352 0.410506174
1703614284.601086855 -51.228172484 -0.838907148 -0.208815943 -0.568556767 -0.580896728 0.412003520 0.411770924
1703614284.651006699 -51.276382762 -0.836064809 -0.209354725 -0.569180985 -0.580779888 0.410689588 0.412385488
1703614284.800767899 -51.413196391 -0.836239594 -0.207568803 -0.569456327 -0.579572022 0.409581381 0.414799778
1703614284.850687742 -51.460535132 -0.835785195 -0.205083025 -0.570269943 -0.578723353 0.410329234 0.414127265
1703614285.000449181 -51.597985056 -0.844435827 -0.205711230 -0.568749741 -0.580153761 0.410675025 0.413873615
1703614285.050370216 -51.644506857 -0.843512863 -0.203291923 -0.568395869 -0.580122432 0.411182226 0.413900081
1703614285.200131178 -51.778112594 -0.844102719 -0.199328886 -0.567614986 -0.580479765 0.413698644 0.411958618
1703614285.250052214 -51.823179614 -0.845009610 -0.197939788 -0.567278250 -0.580852374 0.413648821 0.411947278
1703614285.404806137 -51.957443703 -0.847775551 -0.194968443 -0.567592290 -0.579991702 0.413834852 0.412540098
1703614285.469702482 -52.011616713 -0.846857044 -0.191871502 -0.567370305 -0.579135014 0.414617728 0.413262280
1703614285.604488134 -52.129617737 -0.833797816 -0.190950091 -0.568292607 -0.577446653 0.414110264 0.414863310
1703614285.654409170 -52.174303207 -0.826383796 -0.193541058 -0.570146680 -0.576732732 0.413191279 0.414228302
1703614285.804172277 -52.302178247 -0.822824227 -0.189473592 -0.569805576 -0.574950933 0.414243624 0.416119275
1703614285.854093075 -52.348873577 -0.824578572 -0.191051391 -0.569641126 -0.575868272 0.412955758 0.416355932
1703614286.003856421 -52.475830915 -0.831610413 -0.186191948 -0.568126187 -0.576899093 0.413186743 0.416769466
1703614286.053777218 -52.517423411 -0.829109177 -0.186969935 -0.568365275 -0.576349591 0.413335061 0.417056580
1703614286.203541040 -52.647854222 -0.816207315 -0.190453755 -0.570435689 -0.574993160 0.412228237 0.417197642
1703614286.268439054 -52.703175949 -0.814744562 -0.191595846 -0.570728937 -0.574997439 0.411683027 0.417329020
1703614286.403226137 -52.821401967 -0.817596425 -0.193733047 -0.571050435 -0.575394850 0.411981449 0.416045014
1703614286.468124151 -52.878515674 -0.820223670 -0.192973495 -0.570373710 -0.575894720 0.412444524 0.415822820
1703614286.602907419 -52.991422825 -0.824150931 -0.187308434 -0.568833597 -0.575408371 0.414795827 0.416266702
1703614286.652828217 -53.035685984 -0.824081623 -0.187798749 -0.569195573 -0.575848877 0.414316718 0.415639420
1703614286.802588940 -53.169298438 -0.819012810 -0.189582414 -0.570016065 -0.576024860 0.414412930 0.414172633
1703614286.852509737 -53.213418868 -0.818292147 -0.189201627 -0.569634806 -0.576516304 0.413881813 0.414544309
1703614287.002270937 -53.337024452 -0.815000035 -0.182282422 -0.570431021 -0.575498948 0.415776498 0.412964060
1703614287.052191973 -53.377730799 -0.817128119 -0.180458551 -0.569600626 -0.575638664 0.416536555 0.413149554
1703614287.201953173 -53.503872749 -0.816282733 -0.185046646 -0.570398320 -0.576610342 0.414731330 0.412509628
1703614287.266850471 -53.556692013 -0.813356864 -0.183437871 -0.570727821 -0.575967580 0.414718584 0.412964402
1703614287.401637077 -53.669368302 -0.810458362 -0.184595707 -0.571925612 -0.576243568 0.413643762 0.411999130
1703614287.471525192 -53.725845162 -0.811246623 -0.183434814 -0.571344409 -0.576699399 0.413977619 0.411832370
1703614287.601318598 -53.832265724 -0.808114622 -0.184731021 -0.571161282 -0.576668442 0.413461339 0.412647572
1703614287.651237488 -53.876437379 -0.807208823 -0.188188103 -0.572070989 -0.576851593 0.412765479 0.411827249
1703614287.800993443 -54.005379358 -0.811491759 -0.191449046 -0.572093141 -0.577865515 0.412231627 0.410908713
1703614287.870879412 -54.065917926 -0.813820522 -0.192349891 -0.571949746 -0.578927269 0.412189309 0.409654340
1703614288.000667572 -54.170391749 -0.817337627 -0.188709877 -0.570636565 -0.579867739 0.413342214 0.408993313
1703614288.050585747 -54.210529339 -0.815906174 -0.187688651 -0.570866109 -0.579423635 0.413655060 0.408986098
1703614288.200341702 -54.334741218 -0.816212736 -0.186482774 -0.570977667 -0.578755865 0.414493595 0.408926903
1703614288.270227671 -54.392999563 -0.817721667 -0.186273302 -0.570800244 -0.579184002 0.414369323 0.408694309
1703614288.400015831 -54.502198418 -0.820606397 -0.186059453 -0.570356761 -0.579394094 0.414398170 0.408986315
1703614288.469902039 -54.561563841 -0.820923618 -0.184774290 -0.570375658 -0.579083347 0.414819651 0.408972791
1703614288.604685307 -54.674404591 -0.821103511 -0.181433797 -0.570261470 -0.579172453 0.415742222 0.408068046
1703614288.669582844 -54.728596737 -0.820164003 -0.182038831 -0.570240955 -0.579265447 0.416005588 0.407696144
1703614288.804368734 -54.840567134 -0.818885914 -0.177152408 -0.569858058 -0.578462489 0.417438546 0.407906854
1703614288.869266272 -54.896596322 -0.820241842 -0.178139733 -0.569622426 -0.578428192 0.416616428 0.409123295
1703614289.004053354 -55.015275592 -0.831750254 -0.183063085 -0.570095084 -0.580448437 0.415292210 0.406944207
1703614289.068950415 -55.069054306 -0.840450254 -0.181754496 -0.568593029 -0.581491756 0.417021648 0.405785967
1703614289.203737736 -55.180236678 -0.845778775 -0.182079702 -0.566806788 -0.582827337 0.418654568 0.404685943
1703614289.253659487 -55.222159067 -0.844987936 -0.182189387 -0.566992353 -0.582344572 0.419182086 0.404574901
1703614289.403422594 -55.348872511 -0.850161606 -0.185922243 -0.567561846 -0.582358879 0.418529405 0.404431483
1703614289.468319654 -55.404873992 -0.857905665 -0.184772057 -0.566549366 -0.582881245 0.418982285 0.404629602
1703614289.603104830 -55.518291966 -0.874233920 -0.181959090 -0.563412442 -0.584351213 0.419662186 0.406181892
1703614289.668004036 -55.576219663 -0.876658291 -0.182808365 -0.563014635 -0.584555730 0.419170242 0.406946467
1703614289.802793980 -55.694747153 -0.873752827 -0.180813278 -0.563103676 -0.583711481 0.417767708 0.409469534
1703614289.852716923 -55.738524066 -0.871158628 -0.179072822 -0.563693200 -0.582952399 0.417101151 0.410418210
1703614290.002483845 -55.866066238 -0.878274788 -0.181098103 -0.563282268 -0.583471136 0.417886642 0.409445081
1703614290.067383766 -55.924452838 -0.885220736 -0.186738308 -0.562508135 -0.585478797 0.417679811 0.407851383
1703614290.202175617 -56.046570057 -0.888389272 -0.191738329 -0.562637827 -0.586229825 0.418657330 0.405585143
1703614290.267074347 -56.104133482 -0.886020745 -0.190774070 -0.563052217 -0.585443850 0.418704381 0.406096466
1703614290.401866674 -56.226539538 -0.869947982 -0.189316592 -0.566692944 -0.581537446 0.418649068 0.406701689
1703614290.466765881 -56.284148691 -0.865608022 -0.188987928 -0.567502890 -0.580713324 0.418055470 0.407359950
1703614290.601557970 -56.407702804 -0.855235030 -0.189888833 -0.569216276 -0.579351019 0.417462305 0.407517425
1703614290.671447515 -56.470193476 -0.852203807 -0.188031254 -0.569542734 -0.578840557 0.418132959 0.407098897
1703614290.801242352 -56.588538927 -0.850416160 -0.188954446 -0.569517085 -0.578362525 0.417232859 0.408734414
1703614290.871132135 -56.654869351 -0.853234510 -0.192134391 -0.569325983 -0.578911455 0.415652097 0.409832633
1703614291.000927210 -56.778932722 -0.863293108 -0.192195472 -0.569094600 -0.579842832 0.414948868 0.409549830
1703614291.050849199 -56.824334923 -0.866535679 -0.189550334 -0.568426489 -0.579406959 0.416130701 0.409895282
1703614291.200613499 -56.962757445 -0.877328629 -0.189843039 -0.566836507 -0.580685989 0.419257049 0.407091738
1703614291.250534534 -57.009761808 -0.880950121 -0.190447269 -0.565884765 -0.581791549 0.418907271 0.407197402
1703614291.400299311 -57.152936028 -0.885348222 -0.193785988 -0.566042438 -0.582414998 0.417818125 0.407206020
1703614291.470189571 -57.218213443 -0.886812348 -0.193803514 -0.566316617 -0.581798614 0.417246015 0.408291104
1703614291.604976892 -57.346403124 -0.895229540 -0.194251000 -0.566522135 -0.581795804 0.416111849 0.409166522
1703614291.669873714 -57.408141007 -0.902666293 -0.194408353 -0.566006930 -0.582867998 0.415756821 0.408714226
1703614291.804659367 -57.529193671 -0.921092857 -0.192157885 -0.562602579 -0.585251976 0.417647220 0.408079971
1703614291.869555473 -57.589212902 -0.925299787 -0.190902472 -0.561636746 -0.585471144 0.418901506 0.407810290
1703614292.004341364 -57.717214116 -0.930786307 -0.190685824 -0.561311057 -0.585737015 0.419710715 0.407044178
1703614292.069238424 -57.777614614 -0.934346762 -0.190001789 -0.560964209 -0.586003106 0.419943949 0.406898753
1703614292.204023361 -57.900290116 -0.936230527 -0.185635569 -0.560792998 -0.585250453 0.421316998 0.406798609
1703614292.268920422 -57.958595320 -0.935358021 -0.184124483 -0.560969547 -0.584835807 0.421547895 0.406912298
1703614292.403705597 -58.078532034 -0.934712303 -0.184426744 -0.561906246 -0.584390686 0.420294575 0.407555353
1703614292.453626633 -58.122187108 -0.935579661 -0.183696483 -0.561819688 -0.584364393 0.419927573 0.408090342
1703614292.603389263 -58.255057641 -0.940640033 -0.185548085 -0.561962866 -0.584282635 0.421364388 0.406526250
1703614292.653309107 -58.300590120 -0.940696164 -0.186355637 -0.562065040 -0.584397355 0.421394085 0.406189177
1703614292.803070784 -58.437496097 -0.933655114 -0.187004036 -0.564149606 -0.582964346 0.420455148 0.406331468
1703614292.852990627 -58.483859750 -0.932914658 -0.189286710 -0.565465249 -0.582652691 0.420135838 0.405278634
1703614293.002752781 -58.618649620 -0.942299677 -0.187901134 -0.563980703 -0.583633985 0.420694620 0.405355615
1703614293.067649841 -58.678601383 -0.948511703 -0.188248029 -0.563169044 -0.584502269 0.421209868 0.404697384
1703614293.202435732 -58.803460027 -0.962526767 -0.191679813 -0.562264349 -0.585879476 0.421435094 0.403728254
1703614293.252356052 -58.847865255 -0.967772562 -0.190946902 -0.561679478 -0.586637245 0.422034309 0.402815030
1703614293.402118206 -58.981082449 -0.974450809 -0.187625377 -0.559998912 -0.586173350 0.422012560 0.405841621
1703614293.452038288 -59.028730410 -0.977757923 -0.190152671 -0.560388587 -0.586519707 0.420697390 0.406168647
1703614293.601800680 -59.163712374 -0.994548920 -0.186088795 -0.559222642 -0.587722386 0.419933907 0.406826681
1703614293.651721239 -59.209285080 -0.998106630 -0.187350413 -0.558824694 -0.588341346 0.419683560 0.406737178
1703614293.801480293 -59.342797918 -0.994471342 -0.187599142 -0.559268342 -0.587167555 0.420071737 0.407422287
1703614293.871368170 -59.405931886 -0.988078379 -0.188954461 -0.560466321 -0.586913560 0.418652554 0.407602767
1703614294.001160622 -59.519074298 -0.977612918 -0.191199847 -0.562614583 -0.585457344 0.417779016 0.407633687
1703614294.051079988 -59.562818666 -0.973908008 -0.192755828 -0.563563467 -0.585452872 0.416910684 0.407218167
1703614294.200839996 -59.689165275 -0.960711431 -0.191330849 -0.565376946 -0.582468751 0.415542301 0.410370148
1703614294.250760555 -59.734095135 -0.958093687 -0.193082449 -0.566528934 -0.582003808 0.414427575 0.410568288
1703614294.400519848 -59.863725365 -0.950510020 -0.191522175 -0.567738929 -0.580358766 0.413719682 0.411937174
1703614294.470407724 -59.924322937 -0.946019658 -0.192076700 -0.568284479 -0.579989124 0.413690242 0.411735050
1703614294.600200415 -60.034539103 -0.934320031 -0.193215317 -0.569127303 -0.579208245 0.413465654 0.411895708
1703614294.670088053 -60.094344921 -0.928489349 -0.194565462 -0.569992413 -0.578833298 0.412526352 0.412168255
1703614294.804871321 -60.211406770 -0.918957177 -0.197578522 -0.572083192 -0.577458975 0.409996809 0.413720401
1703614294.869767666 -60.266751734 -0.914704975 -0.195797269 -0.572783151 -0.576484475 0.409270266 0.414828835
1703614295.004551649 -60.382630699 -0.906632102 -0.194989402 -0.574191081 -0.574460750 0.408041343 0.416895324
1703614295.069447041 -60.439772233 -0.905494746 -0.194832228 -0.574331263 -0.573917383 0.408115999 0.417377251
1703614295.204231262 -60.558701778 -0.915567364 -0.192290960 -0.572584457 -0.575803520 0.409817300 0.415508275
1703614295.269127369 -60.616260504 -0.923502705 -0.192978744 -0.570618621 -0.577511153 0.410116295 0.415547690
1703614295.403910398 -60.740722278 -0.934001933 -0.193730079 -0.569210170 -0.578408502 0.410255125 0.416093883
1703614295.468806744 -60.799922675 -0.941883975 -0.193226210 -0.568349218 -0.579237480 0.410196874 0.416175003
1703614295.603590727 -60.923207879 -0.955751898 -0.192963342 -0.566841457 -0.580735217 0.410528089 0.415817337
1703614295.668487072 -60.982048436 -0.958766730 -0.191793347 -0.566221920 -0.581203230 0.411396721 0.415148504
1703614295.803270102 -61.102499539 -0.959733938 -0.189342006 -0.565613373 -0.580970031 0.412715529 0.414995455
1703614295.868166208 -61.161921083 -0.958243549 -0.190318380 -0.566269096 -0.580646254 0.412936521 0.414334006
1703614296.002950430 -61.286795294 -0.958174337 -0.193212662 -0.567219918 -0.580457357 0.413099118 0.413134287
1703614296.067845345 -61.346256814 -0.960320656 -0.192082494 -0.566915554 -0.580469957 0.413558509 0.413074744
1703614296.202629566 -61.471618957 -0.968942850 -0.192884007 -0.565768596 -0.581221964 0.414504040 0.412641886
1703614296.267525911 -61.533426490 -0.973969384 -0.193420857 -0.565373577 -0.582264727 0.414434067 0.411782600
1703614296.402308941 -61.657270259 -0.981098353 -0.190245136 -0.564463153 -0.582356054 0.416412295 0.410905800
1703614296.467205048 -61.717417459 -0.983817575 -0.189951138 -0.563791852 -0.582740011 0.416159692 0.411538501
1703614296.601989031 -61.846689586 -0.980892562 -0.192368944 -0.565000731 -0.581988720 0.415556738 0.411553036
1703614296.651908159 -61.895510090 -0.980654471 -0.193384302 -0.565806453 -0.581928960 0.415072928 0.411018502
1703614296.801667213 -62.036663807 -0.987945077 -0.192753772 -0.564983924 -0.582774966 0.416437804 0.409568138
1703614296.851587057 -62.084364287 -0.992068946 -0.192278394 -0.564396638 -0.583569058 0.416731403 0.408948075
1703614297.001346111 -62.224086430 -1.004075426 -0.192237215 -0.562927029 -0.585025457 0.416813762 0.408808834
1703614297.071233511 -62.288745110 -1.005596935 -0.190690614 -0.562796361 -0.584337284 0.417419860 0.409354193
1703614297.201023817 -62.408805424 -1.003864122 -0.188874641 -0.563660425 -0.583514902 0.416210663 0.410567859
1703614297.255935431 -62.460610152 -1.002528388 -0.190131452 -0.564278389 -0.582733651 0.416427660 0.410608568
1703614297.400702953 -62.597609087 -1.008703306 -0.191263053 -0.563819885 -0.583558385 0.416475712 0.410017962
1703614297.470590115 -62.664817509 -1.013813793 -0.190723539 -0.563447789 -0.584552974 0.416581904 0.409003579
1703614297.600380659 -62.781567093 -1.025444110 -0.186345080 -0.560775544 -0.585981290 0.418590748 0.408581084
1703614297.670269012 -62.846485820 -1.028637420 -0.184437771 -0.560120172 -0.586003621 0.418847627 0.409184327
1703614297.800063133 -62.967926715 -1.030712611 -0.185583925 -0.560955159 -0.585499885 0.419696202 0.407890050
1703614297.854974747 -63.019802836 -1.031556279 -0.185384888 -0.560878780 -0.585220356 0.420026327 0.408056386
1703614298.004736900 -63.161588695 -1.021724354 -0.186205565 -0.562635179 -0.583260821 0.418511407 0.409995941
1703614298.054657936 -63.209599030 -1.016178865 -0.185956012 -0.564399257 -0.582011992 0.418467061 0.409390814
1703614298.204419851 -63.353549964 -1.016566403 -0.185633611 -0.564994198 -0.582035509 0.418245881 0.408762285
1703614298.254340887 -63.400332800 -1.019769509 -0.183559886 -0.563543329 -0.582195406 0.418854867 0.409912217
1703614298.404101849 -63.545781974 -1.028398924 -0.190082641 -0.563234690 -0.584126987 0.418085120 0.408371375
1703614298.454022884 -63.595023157 -1.028864659 -0.191531250 -0.563869970 -0.584034437 0.418192923 0.407515781
1703614298.603785038 -63.739813714 -1.034091696 -0.191526259 -0.563631963 -0.584115717 0.417183783 0.408760970
1703614298.668680429 -63.802596100 -1.035667283 -0.191017286 -0.563710127 -0.583678094 0.417535479 0.408919184
1703614298.803465128 -63.933943613 -1.037710211 -0.194236478 -0.564224932 -0.584350690 0.417601834 0.407177117
1703614298.868361473 -63.994942195 -1.038999545 -0.191595073 -0.563636773 -0.584313833 0.418051179 0.407583298
1703614299.003145933 -64.120955935 -1.045079499 -0.191947224 -0.563211015 -0.584691639 0.417675341 0.408015133
1703614299.068041563 -64.183257222 -1.050517554 -0.193073938 -0.563605245 -0.584979122 0.418115111 0.406605840
1703614299.202826262 -64.307116143 -1.062227551 -0.191012547 -0.561677026 -0.585879323 0.419426416 0.406627371
1703614299.252746820 -64.355246709 -1.063327194 -0.191856137 -0.562064818 -0.586471295 0.418059927 0.406645371
1703614299.402507305 -64.492101134 -1.062174622 -0.192457705 -0.563152048 -0.585644148 0.417105467 0.407312819
1703614299.452427864 -64.537590226 -1.063525970 -0.191815090 -0.563376100 -0.585796722 0.416664367 0.407235037
1703614299.602188826 -64.671291158 -1.073505252 -0.192940623 -0.562161985 -0.587103556 0.418014424 0.405644251
1703614299.667084455 -64.728130988 -1.077457467 -0.189891853 -0.561025727 -0.587014738 0.420043311 0.405249860
1703614299.801870346 -64.848601518 -1.078641592 -0.190235800 -0.561344816 -0.586781825 0.419726692 0.405473294
1703614299.866767406 -64.906423058 -1.078968466 -0.190467896 -0.561808915 -0.586231005 0.419404772 0.405960082
1703614300.001553059 -65.030243831 -1.079199389 -0.195001628 -0.563559508 -0.585915058 0.417683899 0.405763954
1703614300.071441650 -65.092345835 -1.081859473 -0.193867359 -0.563364018 -0.586085166 0.417440122 0.406040522
1703614300.201234818 -65.202697453 -1.090817929 -0.189270369 -0.561561021 -0.586007669 0.419822887 0.406193273
1703614300.271123648 -65.264921027 -1.094688637 -0.189291664 -0.561149538 -0.586302598 0.420828143 0.405295118
1703614300.400917768 -65.378417233 -1.084801342 -0.190992188 -0.563284326 -0.584940918 0.419251728 0.405934575
1703614300.450837612 -65.422671137 -1.078979651 -0.193574465 -0.564908646 -0.583835003 0.417859324 0.406704433
1703614300.600599527 -65.555300888 -1.075249655 -0.195835230 -0.567145356 -0.581981427 0.416477294 0.407664603
1703614300.650520563 -65.600443795 -1.081039455 -0.196055404 -0.566300391 -0.583126160 0.416739141 0.406935176
1703614300.800281763 -65.730481944 -1.098471229 -0.195251125 -0.563443271 -0.585767337 0.418091972 0.405718388
1703614300.870170355 -65.790461178 -1.098222191 -0.193359022 -0.563311809 -0.585362339 0.417927665 0.406653667
1703614301.004955769 -65.904002816 -1.094400604 -0.192857382 -0.565309114 -0.583590428 0.416341368 0.408053529
1703614301.069852829 -65.958337707 -1.097416589 -0.192696908 -0.565256000 -0.583700003 0.416187721 0.408127113
1703614301.204638243 -66.070311807 -1.109986106 -0.192600258 -0.563322223 -0.585559891 0.417188559 0.407113489
1703614301.269534111 -66.123433366 -1.112462052 -0.190215782 -0.562698408 -0.585536807 0.417890950 0.407288968
1703614301.404319525 -66.236869192 -1.111999678 -0.192964251 -0.564071689 -0.585371454 0.416908629 0.406633231
1703614301.469216585 -66.288282330 -1.108844500 -0.189222706 -0.564204067 -0.584006650 0.417164825 0.408146435
1703614301.604002237 -66.400730859 -1.101906610 -0.190198607 -0.565998345 -0.582458635 0.416968463 0.408074886
1703614301.668900490 -66.455012192 -1.102895477 -0.190358203 -0.565336236 -0.582689040 0.416809184 0.408825790
1703614301.803688049 -66.570113699 -1.106455980 -0.191458076 -0.565056298 -0.583585974 0.415605357 0.409158866
1703614301.868586063 -66.623410119 -1.104316598 -0.189307897 -0.565336489 -0.582747288 0.415531572 0.410041176
1703614302.003375053 -66.737722044 -1.092478056 -0.190465193 -0.567647690 -0.579920075 0.414337177 0.412060080
1703614302.053297043 -66.779818955 -1.087861307 -0.190110121 -0.568317923 -0.579345439 0.413848524 0.412435450
1703614302.203062534 -66.905041695 -1.074176839 -0.189049617 -0.569564919 -0.578062208 0.413796785 0.412567701
1703614302.267961264 -66.960671831 -1.070201889 -0.190179152 -0.569788132 -0.578261397 0.413811851 0.411964797
1703614302.402749300 -67.075499460 -1.058785137 -0.190102007 -0.570603748 -0.576135966 0.414543065 0.413077181
1703614302.467648029 -67.133852067 -1.052006178 -0.190040161 -0.571823692 -0.575096308 0.413509278 0.413874352
1703614302.602437258 -67.256317132 -1.040544239 -0.190063867 -0.573973853 -0.573029303 0.411045050 0.416213167
1703614302.667350531 -67.315643650 -1.036987991 -0.190237781 -0.574520532 -0.572705011 0.410834336 0.416113298
1703614302.802181244 -67.440245010 -1.034497140 -0.190571558 -0.574251913 -0.572520926 0.411277585 0.416299505
1703614302.867099047 -67.501517705 -1.034918263 -0.190809252 -0.573674959 -0.573374308 0.411034083 0.416160938
1703614303.001932383 -67.630489723 -1.039826138 -0.190561954 -0.573420561 -0.574066964 0.411005659 0.415584322
1703614303.051869869 -67.677698995 -1.041864699 -0.191001981 -0.573113251 -0.574565901 0.410516973 0.415801686
1703614303.201685190 -67.820227775 -1.046742043 -0.189843591 -0.572569862 -0.574534397 0.411245563 0.415873860
1703614303.251624584 -67.868214730 -1.045687692 -0.189466282 -0.572761991 -0.574582785 0.411891037 0.414902516
1703614303.401441813 -68.013131080 -1.044595428 -0.192263505 -0.571968513 -0.576130459 0.411697223 0.414042403
1703614303.471356869 -68.080994369 -1.042914153 -0.192236530 -0.571847126 -0.575907893 0.411765984 0.414451128
1703614303.601200819 -68.210143886 -1.046023027 -0.192316826 -0.571996555 -0.575837253 0.410830255 0.415270876
1703614303.671113253 -68.281102042 -1.048541454 -0.193999778 -0.571966690 -0.576527671 0.410075792 0.415099741
1703614303.800956488 -68.410617321 -1.047972964 -0.192930816 -0.571528475 -0.576058351 0.410521194 0.415913847
1703614303.870872021 -68.482687470 -1.046761649 -0.195667573 -0.572031607 -0.576881194 0.409888016 0.414704404
1703614304.000716925 -68.612732423 -1.051576637 -0.195667565 -0.570988792 -0.577889012 0.411750617 0.412889232
1703614304.070633888 -68.682630375 -1.055258582 -0.194643043 -0.570161131 -0.578708247 0.412489150 0.412147730
1703614304.200479269 -68.812792116 -1.060054947 -0.196723135 -0.570009932 -0.579318824 0.411998546 0.411989775
1703614304.270397902 -68.882551646 -1.060112503 -0.196624439 -0.570611337 -0.579188884 0.411406771 0.411931314
1703614304.405240059 -69.015962009 -1.060560350 -0.197798973 -0.570918388 -0.578954298 0.411455597 0.411786846
1703614304.460175037 -69.071515284 -1.061536263 -0.198436369 -0.570834289 -0.579354825 0.411607087 0.411188287
1703614304.600013971 -69.209832411 -1.063167137 -0.197455370 -0.569619463 -0.579820472 0.413286547 0.410531507
1703614304.669908762 -69.279954489 -1.063444172 -0.196953988 -0.569580877 -0.580063066 0.413667536 0.409858065
1703614304.804680347 -69.413580333 -1.062634313 -0.197419721 -0.569786850 -0.579660802 0.413580385 0.410228675
1703614304.869569540 -69.478729951 -1.062731872 -0.199017001 -0.570298874 -0.579901666 0.412820880 0.409941669
1703614305.004341841 -69.610054914 -1.068867208 -0.198134860 -0.569326813 -0.580453198 0.413001752 0.410329889
1703614305.069230795 -69.673845651 -1.073015906 -0.197442998 -0.568646869 -0.580885509 0.413712777 0.409944511
1703614305.204001188 -69.803291512 -1.085189309 -0.195052989 -0.566207105 -0.582557716 0.415418330 0.409223206
1703614305.268890858 -69.865537748 -1.088561263 -0.193760334 -0.565599340 -0.583003011 0.415950811 0.408888492
1703614305.403660774 -69.995084042 -1.091965294 -0.196190820 -0.565718799 -0.583586638 0.416167665 0.407668187
1703614305.453575611 -70.041033857 -1.093017100 -0.193612769 -0.565238845 -0.583399697 0.416866081 0.407887867
1703614305.603319407 -70.178607481 -1.097000118 -0.193143062 -0.564724015 -0.583524886 0.417272730 0.408006083
1703614305.668210506 -70.238290180 -1.100255130 -0.191831736 -0.563977491 -0.583834282 0.417004607 0.408869268
1703614305.802983046 -70.362987851 -1.106210914 -0.192870812 -0.563924957 -0.584586650 0.416955302 0.407915883
1703614305.867874384 -70.421155306 -1.108061671 -0.191521978 -0.563392525 -0.584399603 0.417549833 0.408311283
1703614306.002647400 -70.542942418 -1.110666813 -0.193161406 -0.563558799 -0.584862794 0.417737458 0.407225256
1703614306.067538261 -70.600589633 -1.112425997 -0.192664740 -0.563093949 -0.584829622 0.418160682 0.407481486
1703614306.202311039 -70.719139601 -1.116982101 -0.192006605 -0.562462583 -0.585402820 0.418460545 0.407222486
1703614306.267200947 -70.776773891 -1.119332533 -0.192420890 -0.562442292 -0.585553323 0.418673796 0.406814732
1703614306.401973248 -70.892449125 -1.123933361 -0.190065886 -0.561885443 -0.585575548 0.419618611 0.406578712
1703614306.466863632 -70.948009821 -1.125645739 -0.188390343 -0.561677046 -0.585393746 0.420142906 0.406587010
1703614306.601635218 -71.063739462 -1.128397187 -0.189743861 -0.561795089 -0.585552516 0.420348837 0.405982001
1703614306.671518564 -71.122850930 -1.132401378 -0.187224694 -0.561095467 -0.585832168 0.419994124 0.406912134
1703614306.801303864 -71.230914010 -1.138463415 -0.186179781 -0.560893840 -0.585770778 0.419830626 0.407446858
1703614306.871187925 -71.289947622 -1.143943242 -0.186499411 -0.560684192 -0.586370388 0.420029447 0.406667269
1703614307.000972986 -71.395920297 -1.151476563 -0.185748972 -0.559526622 -0.587167503 0.421028336 0.406078099
1703614307.070856571 -71.453799674 -1.154900925 -0.186252018 -0.559313492 -0.587602849 0.420877154 0.405898670
1703614307.200640440 -71.559099956 -1.160029043 -0.185152857 -0.559017311 -0.587799147 0.420864063 0.406036019
1703614307.270524025 -71.615830300 -1.162275776 -0.185600828 -0.559187645 -0.587583499 0.421098354 0.405870651
1703614307.400308132 -71.723453770 -1.166212202 -0.187924827 -0.559536969 -0.587731031 0.421259312 0.405007664
1703614307.470191717 -71.780120733 -1.169709292 -0.188006699 -0.559449670 -0.588174521 0.421281034 0.404461482
1703614307.604966879 -71.887818788 -1.172229864 -0.186996056 -0.559245779 -0.587909214 0.421879816 0.404505050
1703614307.669858217 -71.940003685 -1.174276059 -0.185629538 -0.559255395 -0.587721953 0.422189975 0.404440272
1703614307.804630756 -72.049907352 -1.177698047 -0.185689992 -0.559564629 -0.587826718 0.421903022 0.404159641
1703614307.869521141 -72.100339150 -1.181662035 -0.183699424 -0.558996047 -0.587635272 0.422402633 0.404702634
1703614308.004293442 -72.208364204 -1.187202052 -0.183572221 -0.558655878 -0.588429754 0.421765456 0.404682511
1703614308.069183588 -72.259013493 -1.189690330 -0.182528170 -0.558666757 -0.588116296 0.422403924 0.404457169
1703614308.203955173 -72.366106945 -1.195490085 -0.180827806 -0.558100221 -0.588454516 0.421935024 0.405236056
1703614308.268844128 -72.417769477 -1.199521851 -0.180769996 -0.558058933 -0.588686845 0.421529301 0.405377693
1703614308.403614998 -72.526219311 -1.204396369 -0.182032916 -0.557988890 -0.588877464 0.422167928 0.404531792
1703614308.468504667 -72.578318422 -1.207021655 -0.182888473 -0.557973286 -0.589355756 0.422111173 0.403915540
1703614308.603274822 -72.687566501 -1.203634836 -0.184141950 -0.559208612 -0.588734151 0.421117936 0.404150359
1703614308.668169737 -72.737499300 -1.201374175 -0.182315347 -0.559847586 -0.587404904 0.421291360 0.405018208
1703614308.804456472 -72.847324937 -1.194300171 -0.182151585 -0.561847515 -0.585882250 0.419985004 0.405810245
1703614308.870255232 -72.897832282 -1.193379430 -0.179961323 -0.562063161 -0.585217111 0.420103268 0.406348595
1703614309.001883745 -73.005474166 -1.192756860 -0.185360914 -0.562751239 -0.585657711 0.418792656 0.406114268
1703614309.067715168 -73.058360918 -1.194580474 -0.186545328 -0.563044351 -0.585809592 0.418520264 0.405769602
1703614309.209542751 -73.172945398 -1.200221576 -0.184889693 -0.563113082 -0.585523410 0.417986194 0.406636860
1703614309.280474901 -73.231967959 -1.202504321 -0.186202881 -0.563290227 -0.585319536 0.417830609 0.406844864
1703614309.412239790 -73.343595406 -1.204837807 -0.186106155 -0.563455248 -0.585402166 0.417369020 0.406971238
1703614309.615041256 -73.517831242 -1.208287475 -0.185636744 -0.563520002 -0.585086523 0.418193190 0.406489144
1703614309.816022396 -73.693913059 -1.214257802 -0.184009509 -0.563494129 -0.584608441 0.417571071 0.407850142
1703614310.015399694 -73.871269326 -1.233605622 -0.186212987 -0.561971151 -0.586373633 0.417816046 0.407165985
1703614310.209777594 -74.047867455 -1.236158323 -0.187149242 -0.562663864 -0.586698595 0.416739800 0.406844041
1703614310.279550552 -74.111891969 -1.235578521 -0.188796841 -0.563342691 -0.586013509 0.416168554 0.407476275
1703614310.414108038 -74.240181517 -1.239546214 -0.194395945 -0.564268717 -0.586379097 0.414494156 0.407375704
1703614310.613440275 -74.429578868 -1.249263112 -0.195798729 -0.563878530 -0.586840737 0.415166788 0.406565481
1703614310.812804699 -74.619935674 -1.252128186 -0.196276730 -0.564061996 -0.586885252 0.414376042 0.407053144
1703614311.012184620 -74.812325632 -1.248143733 -0.197523661 -0.566011388 -0.584995041 0.413104392 0.408358508
1703614311.216532946 -75.009245941 -1.243857128 -0.193273089 -0.566625484 -0.583195928 0.412306591 0.410878747
1703614311.425848961 -75.219902005 -1.243605713 -0.203566965 -0.567981880 -0.584088188 0.410269267 0.409776405
1703614311.610233307 -75.407333565 -1.231227048 -0.204629340 -0.570440785 -0.581977799 0.407099476 0.412515658
1703614311.809596777 -75.604048417 -1.218485263 -0.196417036 -0.571729288 -0.578444567 0.407565693 0.415232116
1703614311.864425898 -75.660259283 -1.214956659 -0.196249216 -0.571649028 -0.578748995 0.405837049 0.416609265
1703614312.008969545 -75.803042063 -1.198891972 -0.191703316 -0.572845069 -0.575468502 0.406528752 0.418830400
1703614312.078746080 -75.875246080 -1.188809986 -0.191749330 -0.574812535 -0.573830498 0.406194185 0.418706811
1703614312.213310242 -76.011462834 -1.178562266 -0.191422224 -0.575960858 -0.572492196 0.405837388 0.419306320
1703614312.412652016 -76.215035315 -1.177539979 -0.189135654 -0.574433318 -0.572649898 0.405837137 0.421182473
1703614312.611978769 -76.420179621 -1.174749683 -0.186182122 -0.574306007 -0.572098906 0.406366020 0.421594721
1703614312.811335802 -76.615076582 -1.155996457 -0.171737634 -0.574962613 -0.569176492 0.409502459 0.421620505
1703614313.005734205 -76.812873234 -1.146390647 -0.176205064 -0.578053455 -0.567954662 0.404347943 0.424009960
1703614313.060561895 -76.868049339 -1.160338411 -0.172618955 -0.575873896 -0.569207363 0.406116114 0.423605873
1703614313.210088253 -77.020464358 -1.206367562 -0.168044144 -0.567622932 -0.577435802 0.410926295 0.418941144
1703614313.409441233 -77.216283629 -1.204190994 -0.158887029 -0.567880169 -0.576818241 0.413094209 0.417308046
1703614313.479212046 -77.285078926 -1.207435682 -0.159345182 -0.567882343 -0.577534649 0.411702504 0.417689385
1703614313.608781338 -77.410326684 -1.220862316 -0.156925245 -0.566569577 -0.578831769 0.411846862 0.417534262
1703614313.678546190 -77.479000298 -1.230763121 -0.159377801 -0.565616054 -0.580577313 0.412016949 0.416233704
1703614313.808153629 -77.602154507 -1.246214850 -0.154812561 -0.563325130 -0.583025259 0.414791437 0.413151800
1703614313.862986326 -77.652790600 -1.248924308 -0.153605921 -0.562087589 -0.583355710 0.415999073 0.413156663
1703614314.007540226 -77.789430121 -1.245561942 -0.153469951 -0.564166119 -0.583366186 0.415216162 0.411091257
1703614314.077321768 -77.852637379 -1.244494264 -0.151786122 -0.563778983 -0.582747247 0.414493089 0.413224375
1703614314.211896896 -77.979090762 -1.245867640 -0.147952481 -0.564656955 -0.581770087 0.413519314 0.414376479
1703614314.406269550 -78.157291481 -1.262352517 -0.142765138 -0.562034066 -0.584124677 0.415860324 0.412281774
1703614314.461090088 -78.206831266 -1.263004800 -0.141939282 -0.561944457 -0.584076287 0.416689072 0.411635197
1703614314.605612278 -78.337884054 -1.255735800 -0.142360537 -0.563617003 -0.583244263 0.415251153 0.411981169
1703614314.675379753 -78.401110902 -1.249850866 -0.143756454 -0.565441783 -0.581814990 0.414742604 0.412013932
1703614314.804971933 -78.517324863 -1.251356153 -0.139051192 -0.565135453 -0.581569371 0.414702148 0.412820923
1703614314.869770050 -78.577257935 -1.255437702 -0.140997782 -0.564687592 -0.582680700 0.414430734 0.412138682
1703614315.004344940 -78.699430627 -1.260742058 -0.141339489 -0.563783491 -0.583987275 0.413945611 0.412014647
1703614315.069138050 -78.757642762 -1.258987931 -0.141045730 -0.564445794 -0.583198319 0.414083202 0.412087087
1703614315.208686113 -78.881583322 -1.255135782 -0.141943744 -0.566762746 -0.582621863 0.411874266 0.411936091
1703614315.263506413 -78.926968446 -1.255415022 -0.139772114 -0.566415828 -0.581203643 0.413563320 0.412723655
1703614315.408029079 -79.055920054 -1.264000180 -0.141367157 -0.565300262 -0.583464906 0.413523683 0.411099115
1703614315.477794886 -79.117454403 -1.266447596 -0.139382412 -0.564791844 -0.583698215 0.414309927 0.410674873
1703614315.607356071 -79.232570166 -1.266531295 -0.139487885 -0.565266830 -0.583096063 0.414413088 0.410772668
1703614315.677116394 -79.294855691 -1.266564157 -0.139642951 -0.565657734 -0.582866883 0.413957260 0.411019358
1703614315.801727533 -79.405982484 -1.270497206 -0.138367726 -0.565714737 -0.583348601 0.413774805 0.410440807
1703614315.871516228 -79.468206048 -1.275602556 -0.139117951 -0.564888364 -0.584193206 0.413454898 0.410699989
1703614316.001116276 -79.584097449 -1.280804243 -0.138535621 -0.564960695 -0.584091312 0.413622286 0.410576858
1703614316.050961256 -79.626955545 -1.283108483 -0.136512010 -0.564575418 -0.583755326 0.414470401 0.410729355
1703614316.205473661 -79.764384400 -1.286122223 -0.140863931 -0.564745006 -0.584673195 0.413598817 0.410068715
1703614316.275251627 -79.826920410 -1.287097735 -0.141749916 -0.564901724 -0.584868032 0.413022372 0.410156004
1703614316.404833794 -79.942071765 -1.292729738 -0.138656430 -0.564743531 -0.585140936 0.413417732 0.409585899
1703614316.469621420 -79.999754306 -1.296948371 -0.139936523 -0.563828933 -0.585605520 0.413372852 0.410226761
1703614316.604177952 -80.120409517 -1.300473915 -0.138709397 -0.563875512 -0.585469430 0.413797570 0.409928682
1703614316.668962002 -80.179002659 -1.303153374 -0.138820032 -0.563579881 -0.585467556 0.414067381 0.410065437
1703614316.803552389 -80.301168853 -1.304918087 -0.139032021 -0.563712174 -0.585285462 0.414235146 0.409974093
1703614316.868356705 -80.361067152 -1.306111603 -0.140009671 -0.563978378 -0.584927489 0.414251125 0.410102704
1703614317.007928848 -80.488195621 -1.312807883 -0.139664937 -0.563544842 -0.585124621 0.414804437 0.409858107
1703614317.077712297 -80.551670248 -1.314778023 -0.139904943 -0.563073854 -0.585278977 0.415006083 0.410080852
1703614317.202322483 -80.663925576 -1.316432672 -0.138142325 -0.563128278 -0.585431188 0.415016508 0.409778189
1703614317.267117500 -80.723409041 -1.318554846 -0.139067631 -0.563190152 -0.585334346 0.415088400 0.409758679
1703614317.401685715 -80.844834627 -1.325445585 -0.138058800 -0.562424139 -0.585990411 0.415509547 0.409446142
1703614317.471459389 -80.908641170 -1.327783739 -0.138342880 -0.562385439 -0.586209368 0.415180930 0.409519217
1703614317.601034880 -81.023655487 -1.327032060 -0.136153998 -0.562753599 -0.585320318 0.415369264 0.410093754
1703614317.670803308 -81.087842336 -1.328363252 -0.137707887 -0.563097528 -0.584977321 0.415833901 0.409639933
1703614317.800405979 -81.206987745 -1.330882796 -0.137806197 -0.562989720 -0.585160908 0.415946647 0.409411374
1703614317.870196342 -81.271375769 -1.330225935 -0.137822617 -0.563388692 -0.584553554 0.415943676 0.409733063
1703614318.004785299 -81.392024558 -1.330548175 -0.134724089 -0.563586903 -0.583531634 0.416001789 0.410856601
1703614318.069585562 -81.452582901 -1.334877821 -0.137162784 -0.563511032 -0.583903348 0.415794353 0.410642488
1703614318.204164982 -81.574790597 -1.350788342 -0.136205277 -0.561575124 -0.585894786 0.416624991 0.409614814
1703614318.268960476 -81.632759486 -1.356039308 -0.135707581 -0.560699811 -0.586232036 0.417627712 0.409310171
1703614318.403530359 -81.753290093 -1.360246002 -0.134685949 -0.560755911 -0.586382880 0.418480354 0.408144729
1703614318.468321085 -81.810129876 -1.363362763 -0.133050156 -0.559972728 -0.586337166 0.419060889 0.408689667
1703614318.602881432 -81.927992481 -1.363517417 -0.129727727 -0.559932203 -0.586118090 0.419526182 0.408582053
1703614318.667667389 -81.984435460 -1.365757921 -0.128272101 -0.559373546 -0.585925246 0.419402311 0.409749367
1703614318.802268267 -82.101184812 -1.370147026 -0.126125189 -0.559758091 -0.585345028 0.419667243 0.409782239
1703614318.867084503 -82.158232899 -1.377709843 -0.128222247 -0.559386757 -0.586082111 0.420162763 0.408726642
1703614319.001698256 -82.272474198 -1.394330745 -0.126851897 -0.557036691 -0.588205251 0.421098227 0.407922776
1703614319.051554203 -82.316294502 -1.398760560 -0.128953272 -0.556765885 -0.588921915 0.420633407 0.407737984
1703614319.201117754 -82.439306500 -1.402296398 -0.126372811 -0.556879802 -0.588652468 0.421086633 0.407503626
1703614319.250969648 -82.480086897 -1.404316836 -0.126810005 -0.557026408 -0.588459566 0.421281218 0.407380725
1703614319.400524378 -82.601258933 -1.412256936 -0.127837916 -0.556534256 -0.589506881 0.420814880 0.407021002
1703614319.470313787 -82.655672372 -1.418953755 -0.126552444 -0.555863774 -0.589773495 0.421364434 0.406982437
1703614319.604903698 -82.760941925 -1.432039068 -0.127306724 -0.554683863 -0.590809647 0.423240856 0.405138188
1703614319.669704914 -82.812671702 -1.439192510 -0.128535164 -0.553886077 -0.591757521 0.423836385 0.404222673
1703614319.804327726 -82.918448905 -1.437633866 -0.127141862 -0.554336741 -0.591201363 0.423622583 0.404642599
1703614319.869149923 -82.968342851 -1.436021590 -0.127153059 -0.555240710 -0.590101500 0.423082267 0.405572890
1703614320.003778219 -83.072702003 -1.442502199 -0.130435242 -0.555786052 -0.590018740 0.422726902 0.405316810
1703614320.068597317 -83.121330145 -1.448770839 -0.130026161 -0.554848237 -0.590411179 0.422865596 0.405885158
1703614320.203217506 -83.224120352 -1.455925855 -0.131394850 -0.554144979 -0.590988569 0.423514161 0.405329013
1703614320.268033266 -83.273933712 -1.459027888 -0.133594057 -0.554304230 -0.591083376 0.423848986 0.404622417
1703614320.402646542 -83.376099132 -1.459116541 -0.134176498 -0.554950102 -0.590349500 0.423992466 0.404658178
1703614320.467458725 -83.424871642 -1.460399723 -0.135729088 -0.555360251 -0.590061201 0.423485407 0.405046762
1703614320.602064848 -83.528530697 -1.462748297 -0.140196781 -0.556466352 -0.589943023 0.422672618 0.404549485
1703614320.666873693 -83.577588878 -1.465927002 -0.141244128 -0.556623576 -0.590055098 0.422442288 0.404410298
1703614320.801480055 -83.680027844 -1.469881004 -0.143135898 -0.556458421 -0.590221245 0.421528089 0.405347970
1703614320.871274471 -83.733772993 -1.472393654 -0.143810698 -0.557010879 -0.589881502 0.421179651 0.405445921
1703614321.005871534 -83.834722608 -1.482272601 -0.143102493 -0.555897770 -0.589817822 0.422111607 0.406096536
1703614321.075660229 -83.888656316 -1.482398189 -0.144818619 -0.556259606 -0.590181018 0.421241678 0.405976681
1703614321.200279236 -83.981436835 -1.480758710 -0.144180665 -0.556881271 -0.589126205 0.420962868 0.406944503
1703614321.270062923 -84.033686653 -1.483907781 -0.145235309 -0.557094921 -0.588888952 0.420557852 0.407413971
1703614321.404642582 -84.136557607 -1.487303473 -0.149410873 -0.557809749 -0.588880431 0.420307007 0.406706457
1703614321.469437599 -84.185932051 -1.483890875 -0.150045397 -0.558219140 -0.588148056 0.420276191 0.407236024
1703614321.604006529 -84.291430787 -1.472176040 -0.153429389 -0.561086397 -0.586101981 0.418041429 0.408543616
1703614321.668797016 -84.342289062 -1.466059721 -0.154704844 -0.562477604 -0.584992390 0.417452803 0.408822707
1703614321.803388834 -84.447481946 -1.465374010 -0.157107864 -0.563473639 -0.583951741 0.416363049 0.410048331
1703614321.868196726 -84.497612249 -1.467836572 -0.155365128 -0.563344156 -0.583844220 0.417283943 0.409442791
1703614322.002792835 -84.604972962 -1.485229019 -0.157814295 -0.561365868 -0.586232612 0.417635530 0.408387379
1703614322.067595959 -84.655269419 -1.488439929 -0.159026265 -0.561110210 -0.586052666 0.418130041 0.408490972
1703614322.202183247 -84.766994293 -1.491724786 -0.161718426 -0.562043324 -0.586007161 0.418296249 0.407100917
1703614322.266981125 -84.818783241 -1.492419942 -0.160534119 -0.561634296 -0.584915129 0.419863173 0.407622528
1703614322.401559114 -84.934100889 -1.488799025 -0.164302113 -0.563107859 -0.584628593 0.417779470 0.408141228
1703614322.451401234 -84.976562241 -1.489000728 -0.165487292 -0.563782795 -0.584369150 0.417503906 0.407862900
1703614322.600920916 -85.101926391 -1.498163619 -0.162572431 -0.562382098 -0.584397990 0.418491409 0.408742346
1703614322.650759459 -85.144483694 -1.498788717 -0.163161825 -0.562336601 -0.584231960 0.418834020 0.408691361
1703614322.800304413 -85.276609358 -1.504908279 -0.165968001 -0.562216709 -0.585023358 0.418201974 0.408371340
1703614322.870099545 -85.337934364 -1.505030143 -0.167669222 -0.562546049 -0.584480970 0.418308612 0.408585173
1703614323.004697800 -85.460269824 -1.499864186 -0.169632226 -0.564447950 -0.583436716 0.417357664 0.408427093
1703614323.069502354 -85.517904172 -1.494630688 -0.170271782 -0.565247684 -0.582181260 0.416812660 0.409667236
1703614323.204091549 -85.636695935 -1.484505002 -0.171991413 -0.568085467 -0.579950290 0.414570648 0.411178479
1703614323.268891573 -85.692247009 -1.484278093 -0.170335032 -0.568236384 -0.579383938 0.414078752 0.412262600
1703614323.403472424 -85.807522019 -1.494486335 -0.168899451 -0.567008375 -0.580122796 0.414838957 0.412150075
1703614323.453315496 -85.852039601 -1.499583318 -0.170846109 -0.566306637 -0.580962067 0.415428471 0.411338128
1703614323.602838516 -85.988652094 -1.501984224 -0.172973478 -0.565623848 -0.581981836 0.415719983 0.410540741
1703614323.667629957 -86.046781290 -1.500923216 -0.172588588 -0.565642033 -0.581425114 0.415939262 0.411082057
1703614323.802222252 -86.173210032 -1.500108666 -0.178311352 -0.567155410 -0.581393819 0.413708765 0.411291900
1703614323.857060909 -86.224600891 -1.500461022 -0.178582013 -0.567958129 -0.581416262 0.412735801 0.411129971
1703614324.001627684 -86.353209302 -1.497329176 -0.176212759 -0.567947296 -0.579548873 0.414277939 0.412229016
1703614324.051475763 -86.401948943 -1.492127087 -0.177695317 -0.568857878 -0.579116084 0.413670765 0.412191429
1703614324.201018333 -86.545140442 -1.471852431 -0.180764570 -0.571054596 -0.576641695 0.413008132 0.413285963
1703614324.270801306 -86.614778045 -1.463271829 -0.183106407 -0.572913617 -0.575448022 0.412035904 0.413347282
1703614324.400394678 -86.742185825 -1.457807772 -0.184493593 -0.574313359 -0.574623590 0.410255178 0.414321836
1703614324.450236797 -86.790303241 -1.458313638 -0.183646589 -0.574318460 -0.574095558 0.410858678 0.414448722
1703614324.604741812 -86.941833905 -1.464457095 -0.185903081 -0.573501406 -0.575147419 0.410132647 0.414840686
1703614324.654580355 -86.991036870 -1.465740713 -0.185344749 -0.573390489 -0.575061820 0.410561975 0.414687972
1703614324.804821014 -87.141793110 -1.459871667 -0.187415025 -0.573572772 -0.575152940 0.410523536 0.414347436
1703614324.850040913 -87.185255022 -1.456111854 -0.185561273 -0.573607118 -0.573915460 0.411603685 0.414943762
1703614325.000810385 -87.338631476 -1.445827277 -0.189800860 -0.576015234 -0.573158613 0.409643001 0.414594098
1703614325.071190357 -87.408647418 -1.444699950 -0.188919181 -0.576273221 -0.572649693 0.409814870 0.414768943
1703614325.201928139 -87.541535492 -1.455028139 -0.190654579 -0.574958820 -0.574108007 0.410279767 0.414116970
1703614325.267314434 -87.608246874 -1.457743682 -0.188959289 -0.573945204 -0.574187875 0.411556978 0.414144951
1703614325.403151989 -87.748441517 -1.460235603 -0.190594710 -0.574057324 -0.575350129 0.410534150 0.413391013
1703614325.468572378 -87.814805940 -1.459833811 -0.189387354 -0.573935390 -0.574831096 0.411054405 0.413765219
1703614325.604480028 -87.958217167 -1.466321881 -0.194979304 -0.573897125 -0.576648726 0.410927760 0.411408206
1703614325.654828548 -88.007993797 -1.468019224 -0.192071435 -0.572919745 -0.576663235 0.412633506 0.411042661
1703614325.800163746 -88.156004958 -1.472736038 -0.185579304 -0.571666602 -0.576251981 0.414249886 0.411737760
1703614325.850084782 -88.204836357 -1.476099898 -0.180775102 -0.570364788 -0.575633842 0.415864233 0.412779152
1703614326.004838705 -88.366539812 -1.494842063 -0.189454177 -0.568578273 -0.578747199 0.415183230 0.411574188
1703614326.054759741 -88.418290208 -1.500782769 -0.188174466 -0.567982604 -0.579479080 0.416049902 0.410490240
1703614326.204522848 -88.565632988 -1.519554770 -0.179141724 -0.564598543 -0.581123265 0.419377210 0.409447179
1703614326.254443169 -88.616729377 -1.521425505 -0.180029898 -0.563956931 -0.581353875 0.419558657 0.409817990
1703614326.404206276 -88.772747620 -1.521890208 -0.186706457 -0.565451815 -0.581990725 0.420133142 0.406250149
1703614326.454127550 -88.822593229 -1.523599105 -0.184357954 -0.564235601 -0.581788033 0.420133902 0.408225889
1703614326.603889942 -88.974895614 -1.527265511 -0.183437426 -0.565431586 -0.580899773 0.418580685 0.409429829
1703614326.653811216 -89.025648462 -1.530675762 -0.183496430 -0.565425176 -0.580854672 0.418833673 0.409243906
1703614326.803639412 -89.175397277 -1.542200156 -0.185674961 -0.563844171 -0.582166973 0.419719661 0.408652386
1703614326.853728294 -89.225535575 -1.542583814 -0.183559449 -0.563894923 -0.582609924 0.419100943 0.408586089
1703614327.004004240 -89.369642166 -1.534915170 -0.182626791 -0.565433877 -0.580461439 0.419654472 0.408948864
1703614327.069128036 -89.432396039 -1.533021177 -0.183126403 -0.565725694 -0.579889203 0.419048756 0.409976940
1703614327.204393387 -89.562501815 -1.533016474 -0.184838604 -0.567165610 -0.579227338 0.419055656 0.408914683
1703614327.254494905 -89.610443469 -1.534654169 -0.183043747 -0.566307441 -0.579262960 0.419240063 0.409863484
1703614327.404808283 -89.756149844 -1.529574453 -0.188229268 -0.567990539 -0.579189158 0.417256168 0.409663225
1703614327.464938402 -89.815101796 -1.526722514 -0.190077258 -0.569323761 -0.579069320 0.416176557 0.409079762
1703614327.600238323 -89.938636805 -1.518441326 -0.187126510 -0.570031717 -0.577475279 0.416091688 0.410431298
1703614327.670398235 -90.004948044 -1.511691659 -0.186454504 -0.570701013 -0.576409135 0.414024540 0.413081763
1703614327.805637360 -90.132399648 -1.508154730 -0.184681782 -0.572695511 -0.575291717 0.411858748 0.414043071
1703614327.875501394 -90.194225344 -1.516842910 -0.182297207 -0.570947715 -0.577223956 0.412486708 0.413141534
1703614328.005248547 -90.302758403 -1.521421480 -0.176257257 -0.567533341 -0.577976169 0.414074932 0.415200440
1703614328.060140848 -90.352076774 -1.515475921 -0.175748051 -0.568536085 -0.576711046 0.413966702 0.415695392
1703614328.204855919 -90.482423620 -1.503105875 -0.180291055 -0.572239639 -0.573974385 0.412972479 0.415390097
1703614328.254757643 -90.529048635 -1.501482920 -0.181739777 -0.572555279 -0.573883473 0.412564326 0.415486329
1703614328.409450531 -90.671530733 -1.502019028 -0.178646107 -0.571743628 -0.574345661 0.412868110 0.415663577
1703614328.464340687 -90.721521461 -1.502719707 -0.178254881 -0.571343485 -0.574085429 0.413193122 0.416249908
1703614328.604060888 -90.850999558 -1.503321787 -0.175532637 -0.570931983 -0.573236342 0.414634054 0.416551759
1703614328.653960705 -90.899079092 -1.501449632 -0.175898537 -0.571813058 -0.573722001 0.414313708 0.414990414
1703614328.803659678 -91.032196458 -1.492451894 -0.172171448 -0.572083279 -0.572644487 0.413873706 0.416542398
1703614328.868535519 -91.091533624 -1.487012801 -0.175110176 -0.573103941 -0.572022306 0.411738861 0.418107001
1703614329.003275871 -91.213683136 -1.491239965 -0.173589425 -0.573440647 -0.571222421 0.412316653 0.418169521
1703614329.053179741 -91.260225910 -1.498495402 -0.173845624 -0.572302060 -0.572489004 0.413638779 0.416688916
1703614329.202889919 -91.399751679 -1.514994310 -0.176084351 -0.568415989 -0.576804517 0.415268261 0.414429830
1703614329.252791643 -91.445059251 -1.511111155 -0.175493753 -0.568872343 -0.576158805 0.415165961 0.414804187
1703614329.402499437 -91.583701392 -1.498404610 -0.174975835 -0.571576887 -0.573140575 0.414381595 0.416050042
1703614329.452401638 -91.629971474 -1.500036913 -0.175972080 -0.571296392 -0.573416665 0.413969093 0.416465306
1703614329.607096672 -91.774440915 -1.513965324 -0.173260151 -0.569229807 -0.575401159 0.413224332 0.417296758
1703614329.676957846 -91.840056122 -1.522605306 -0.174541656 -0.568641407 -0.576781855 0.413717078 0.415701602
1703614329.806701422 -91.959786129 -1.538034017 -0.175849586 -0.566238866 -0.579796074 0.414842286 0.413661621
1703614329.876567125 -92.024290180 -1.541083357 -0.179320552 -0.566530075 -0.580857970 0.415218512 0.411389450
1703614330.001327991 -92.136608737 -1.544177740 -0.178157982 -0.565531769 -0.580838925 0.416637801 0.411354961
1703614330.071192741 -92.200484139 -1.544652987 -0.178970398 -0.565435773 -0.580211960 0.417348048 0.411651642
1703614330.200941086 -92.325021688 -1.548639887 -0.180885490 -0.566324660 -0.580734539 0.416048348 0.411007964
1703614330.270804882 -92.387779210 -1.552973713 -0.179613247 -0.565300340 -0.580906852 0.416642347 0.411572484
1703614330.400551319 -92.511873425 -1.561484334 -0.185716918 -0.565652421 -0.583237696 0.416447258 0.407974032
1703614330.450453520 -92.554505742 -1.564996309 -0.182061292 -0.564132865 -0.583204890 0.418053184 0.408482194
1703614330.605149031 -92.699028372 -1.565729356 -0.187927215 -0.565155561 -0.583861462 0.417221573 0.406978064
1703614330.660040140 -92.749901409 -1.564614551 -0.187998692 -0.565613723 -0.583782998 0.416293842 0.407403934
1703614330.804755926 -92.882558328 -1.566679805 -0.187489540 -0.565981179 -0.582589298 0.416360454 0.408532725
1703614330.854658604 -92.929368366 -1.571570503 -0.187802202 -0.565552899 -0.583083356 0.416410221 0.408370231
1703614331.004364729 -93.066828372 -1.581576642 -0.184209664 -0.563660019 -0.584248072 0.418353349 0.407335302
1703614331.054266691 -93.112921979 -1.582927125 -0.183151701 -0.563489710 -0.584442717 0.418826785 0.406804845
1703614331.203969955 -93.249770407 -1.580892314 -0.184295111 -0.564203545 -0.583489908 0.418945358 0.407061020
1703614331.268840790 -93.308521131 -1.579148566 -0.182862923 -0.565280595 -0.582114675 0.419055999 0.407421679
1703614331.403572321 -93.433020658 -1.577762935 -0.185034215 -0.566658963 -0.581404055 0.416826610 0.408806216
1703614331.468441963 -93.492918283 -1.577979157 -0.185972226 -0.567029488 -0.581634281 0.415443325 0.409372650
1703614331.603169680 -93.612263780 -1.577117988 -0.183557653 -0.566735231 -0.581114780 0.415272110 0.410689499
1703614331.653068781 -93.656729921 -1.579113134 -0.183108960 -0.566477295 -0.580946201 0.416173590 0.410371208
1703614331.802765608 -93.793521626 -1.596626941 -0.184761480 -0.564051425 -0.583899093 0.418022422 0.407633529
1703614331.867640495 -93.848415990 -1.602682342 -0.179800624 -0.562208318 -0.584545030 0.418936901 0.408314570
1703614332.007369757 -93.967496407 -1.607505872 -0.176550832 -0.561707023 -0.583686365 0.420067616 0.409070465
1703614332.062262774 -94.016062186 -1.606932248 -0.178903824 -0.562634723 -0.583754817 0.418972199 0.408821205
1703614332.201989889 -94.135449651 -1.607088786 -0.179549938 -0.563625587 -0.582618373 0.419909158 0.408115581
1703614332.266861677 -94.190573410 -1.611732072 -0.179321002 -0.562950824 -0.583159620 0.421072108 0.407074327
1703614332.401596546 -94.303194291 -1.622945372 -0.183488051 -0.561000859 -0.585955065 0.422429961 0.404336031
1703614332.451496840 -94.346311373 -1.626404881 -0.185803118 -0.560902163 -0.586430564 0.422139840 0.404086515
1703614332.601199389 -94.468956274 -1.637325596 -0.186298016 -0.561217546 -0.585906841 0.420546180 0.406065203
1703614332.651099920 -94.510404106 -1.640432907 -0.185431038 -0.561817256 -0.586069290 0.419937834 0.405630833
1703614332.800801277 -94.626549750 -1.647708621 -0.183250470 -0.560050794 -0.586739470 0.422827488 0.404100009
1703614332.850705624 -94.667728710 -1.649339533 -0.184836318 -0.559562488 -0.587935138 0.422207430 0.403686738
1703614333.000417709 -94.786352890 -1.649745330 -0.187507595 -0.560718843 -0.587600076 0.422288280 0.402483713
1703614333.050320387 -94.825485800 -1.650783797 -0.186470550 -0.561517901 -0.586746324 0.422607327 0.402280308
1703614333.200030088 -94.942699070 -1.656916256 -0.185867489 -0.562151407 -0.586123375 0.421167536 0.403810713
1703614333.254922628 -94.986941450 -1.659012444 -0.189022757 -0.562677950 -0.586135786 0.420754384 0.403489917
1703614333.404628754 -95.102566233 -1.669599024 -0.188896535 -0.561335625 -0.587739847 0.422085953 0.401631219
1703614333.454530716 -95.140325171 -1.674208220 -0.187405852 -0.560003145 -0.588714806 0.422282287 0.401856971
1703614333.604235411 -95.261045622 -1.673530650 -0.192893597 -0.560991365 -0.589062729 0.421595149 0.400688557
1703614333.654135227 -95.298678583 -1.669241670 -0.191259104 -0.562485889 -0.587309449 0.421623529 0.401136929
1703614333.803838253 -95.414773330 -1.660242667 -0.187324548 -0.564895753 -0.583732095 0.419348754 0.405334741
1703614333.868713617 -95.467495877 -1.660116328 -0.188599407 -0.565712607 -0.583771129 0.417934507 0.405599880
1703614334.003453016 -95.573277422 -1.672336153 -0.189123080 -0.564530308 -0.585940619 0.417940711 0.404109744
1703614334.068327665 -95.621618772 -1.677782349 -0.187250254 -0.563102653 -0.586717451 0.418947800 0.403931648
1703614334.203065872 -95.725419652 -1.682289981 -0.187449277 -0.562598957 -0.587349658 0.419319222 0.403328877
1703614334.267939091 -95.773877316 -1.682005438 -0.186249747 -0.562397203 -0.586542021 0.420325921 0.403737494
1703614334.412654877 -95.886532213 -1.673673517 -0.185724792 -0.564664428 -0.584884843 0.418017577 0.405370335
1703614334.602279186 -96.031697321 -1.664089282 -0.180974019 -0.567314728 -0.580922708 0.416745231 0.408663944
1703614334.652180195 -96.069495084 -1.662774623 -0.179520105 -0.567814816 -0.579944398 0.417478662 0.408610324
1703614334.801882267 -96.188079770 -1.659914415 -0.182942577 -0.568904510 -0.579895005 0.416793175 0.407863815
1703614334.851786375 -96.227634150 -1.658655241 -0.183724670 -0.569260246 -0.580109755 0.415948177 0.407924697
1703614335.011476994 -96.351637144 -1.659791800 -0.181413344 -0.569107259 -0.579427918 0.415870617 0.409184367
1703614335.206098557 -96.512648998 -1.666467103 -0.185661367 -0.569821981 -0.580282900 0.414022751 0.408851841
1703614335.275961399 -96.569663083 -1.664504468 -0.185922796 -0.570343392 -0.579654290 0.414719512 0.408309986
1703614335.405705929 -96.679714360 -1.666114831 -0.185530870 -0.569769803 -0.579674915 0.416119656 0.407656469
1703614335.460597277 -96.725679483 -1.667454554 -0.182649521 -0.569075232 -0.579890033 0.415497086 0.408953667
1703614335.600319862 -96.836199327 -1.668141144 -0.177125338 -0.569433460 -0.578116382 0.415449489 0.411009374
1703614335.650220633 -96.879193109 -1.672365155 -0.176692644 -0.569347621 -0.578555997 0.415821460 0.410132610
1703614335.804912329 -97.011921261 -1.689910855 -0.178527865 -0.566484194 -0.581683755 0.417555439 0.407905777
1703614335.864795685 -97.064210098 -1.692616142 -0.178891606 -0.565809752 -0.582575017 0.417183052 0.407950946
1703614336.004523993 -97.189590867 -1.691601989 -0.185164520 -0.568044897 -0.581983998 0.416461853 0.406422374
1703614336.069397211 -97.246177233 -1.691118893 -0.182786594 -0.568763557 -0.581423090 0.416343422 0.406341435
1703614336.204133034 -97.358262593 -1.690789909 -0.175432923 -0.568226372 -0.579902287 0.416878190 0.408711025
1703614336.269004107 -97.417360527 -1.693130182 -0.176983481 -0.568539844 -0.580634777 0.416618774 0.407497851
1703614336.403737783 -97.536919821 -1.697350950 -0.177330034 -0.567585762 -0.580862210 0.417414065 0.407689827
1703614336.468608618 -97.596521219 -1.699424267 -0.178795328 -0.567745012 -0.581721799 0.416178722 0.407505364
1703614336.603338957 -97.715091536 -1.708583342 -0.178085191 -0.567379701 -0.582199914 0.416706511 0.406791370
1703614336.653239012 -97.759963675 -1.711655201 -0.179040790 -0.567146363 -0.582811904 0.417113277 0.405822377
1703614336.802937984 -97.890587813 -1.711586940 -0.181395989 -0.566994571 -0.583361000 0.417011467 0.405349893
1703614336.852841854 -97.935149389 -1.706578807 -0.180808076 -0.568624570 -0.582069363 0.416525906 0.405422650
1703614337.002550602 -98.065934031 -1.703808401 -0.174487154 -0.569235703 -0.579414954 0.415779299 0.409116853
1703614337.067424059 -98.124602304 -1.707983196 -0.173165542 -0.568355131 -0.579542614 0.416612637 0.409312489
1703614337.202160597 -98.249170234 -1.720362655 -0.174424865 -0.567128243 -0.581733266 0.417602506 0.406890785
1703614337.267032862 -98.308713959 -1.722515299 -0.174638036 -0.566501747 -0.581851287 0.418512613 0.406659617
1703614337.411746502 -98.445623484 -1.711366148 -0.177984006 -0.569026239 -0.581565153 0.415504524 0.406628950
1703614337.601368189 -98.617805385 -1.696465027 -0.172349405 -0.571753434 -0.577006993 0.415271102 0.409525156
1703614337.651268482 -98.665527479 -1.695231221 -0.171076271 -0.572377043 -0.577128866 0.414200466 0.409566559
1703614337.800968647 -98.800028968 -1.700230506 -0.163746339 -0.569929388 -0.576768379 0.417495824 0.410141399
1703614337.870833158 -98.867990671 -1.701095230 -0.165777344 -0.569168427 -0.577681970 0.417482750 0.409925600
1703614338.000581264 -98.992117667 -1.699570993 -0.168025745 -0.569770695 -0.578536878 0.416801278 0.408574510
1703614338.050484180 -99.039552068 -1.699314207 -0.168190862 -0.569731662 -0.578138365 0.416624533 0.409372523
1703614338.200191498 -99.182477997 -1.707748253 -0.171400876 -0.570228487 -0.578883559 0.415214266 0.409060400
1703614338.250092268 -99.226767235 -1.711463233 -0.166637993 -0.568871497 -0.578189187 0.416328230 0.410795921
1703614338.404787540 -99.372592322 -1.726239039 -0.164554793 -0.567311331 -0.579856595 0.416447446 0.410482285
1703614338.469658613 -99.433383754 -1.730522164 -0.165475614 -0.566550293 -0.580425845 0.418071791 0.409075276
1703614338.604389668 -99.560946998 -1.735242593 -0.166093451 -0.565142010 -0.581779560 0.418574804 0.408585591
1703614338.669259548 -99.624556512 -1.736383294 -0.168395869 -0.565751487 -0.581624742 0.418030293 0.408519997
1703614338.803989649 -99.751021427 -1.744347648 -0.166965712 -0.565380661 -0.581891068 0.416388703 0.410326627
1703614338.868863821 -99.813688505 -1.748761943 -0.168146436 -0.565721605 -0.582197257 0.415801042 0.410018187
1703614339.013581276 -99.950864518 -1.761277276 -0.168985289 -0.564245110 -0.583211726 0.419079983 0.407263436
1703614339.203208923 -100.131154846 -1.741778572 -0.167980207 -0.565308043 -0.581393432 0.419478985 0.407977787
1703614339.253110647 -100.181771367 -1.733355549 -0.171282942 -0.567794565 -0.579853347 0.418138497 0.408092667
1703614339.402812719 -100.329254345 -1.726171720 -0.171748166 -0.570879401 -0.577470857 0.417881732 0.407429719
1703614339.452713490 -100.378248904 -1.733435910 -0.172248112 -0.569726602 -0.579180178 0.416999358 0.407521111
1703614339.602414131 -100.519180104 -1.755753542 -0.167597067 -0.565860402 -0.581907202 0.420669107 0.405245008
1703614339.652313709 -100.568779118 -1.760703436 -0.168446631 -0.564731034 -0.582723592 0.420802551 0.405508677
1703614339.802010775 -100.717591439 -1.761922345 -0.169208682 -0.565126186 -0.582420177 0.420236216 0.405981101
1703614339.866884470 -100.781516017 -1.761857654 -0.168686357 -0.565088613 -0.581389492 0.420496871 0.407238872
1703614340.011602402 -100.932320763 -1.765121483 -0.173482849 -0.566688730 -0.581883876 0.417905997 0.406976185
1703614340.211208344 -101.133837191 -1.775213280 -0.168766487 -0.565261572 -0.582473151 0.419705005 0.406266037
1703614340.400831461 -101.326826068 -1.778231458 -0.170607368 -0.564712582 -0.582487761 0.419438554 0.407282466
1703614340.450731754 -101.378295966 -1.778852604 -0.171447385 -0.565731298 -0.582087105 0.418350619 0.407560376
1703614340.600430489 -101.530479407 -1.789971404 -0.170028276 -0.565562790 -0.582124480 0.416906913 0.409216870
1703614340.650331020 -101.581664168 -1.798770569 -0.171126234 -0.563863064 -0.583206751 0.417368028 0.409551291
1703614340.800027132 -101.736140834 -1.821294054 -0.172275322 -0.560472156 -0.587177965 0.419746976 0.406085553
1703614340.869891882 -101.806860637 -1.827281497 -0.169665749 -0.559092037 -0.588089112 0.420798633 0.405580820
1703614341.004628181 -101.946113264 -1.821532052 -0.172886137 -0.560759047 -0.586665221 0.419709335 0.406469292
1703614341.054530621 -101.997595012 -1.818948807 -0.173340553 -0.562157552 -0.585781449 0.418459763 0.407099998
1703614341.214215279 -102.160121281 -1.816712652 -0.174565710 -0.564809620 -0.583825099 0.416445706 0.408302975
1703614341.403838634 -102.351651805 -1.838559100 -0.176263273 -0.561391573 -0.586864382 0.417688007 0.407389775
1703614341.453738928 -102.404496267 -1.844548791 -0.177254984 -0.560933003 -0.588204895 0.416937228 0.406856873
1703614341.603438854 -102.557207600 -1.851088016 -0.175367827 -0.560357785 -0.587802870 0.417943338 0.407198115
1703614341.668308258 -102.624658520 -1.853804672 -0.175463781 -0.560245426 -0.587253721 0.418584829 0.407486038
1703614341.803035021 -102.768213422 -1.860369822 -0.176929862 -0.560438843 -0.587759468 0.418103606 0.406984626
1703614341.867908478 -102.835830439 -1.863588007 -0.177171198 -0.560919182 -0.587928454 0.418052670 0.406130236
1703614342.002645254 -102.973610426 -1.862653875 -0.176441317 -0.560682905 -0.586698275 0.419692973 0.406543507
1703614342.052547455 -103.026666610 -1.857127685 -0.176783965 -0.561826236 -0.585747818 0.418550366 0.407512413
1703614342.207242012 -103.189124169 -1.841468728 -0.184792549 -0.566752017 -0.583418194 0.414839332 0.407828017
1703614342.262132883 -103.242804521 -1.842436547 -0.182008773 -0.565986773 -0.582955462 0.414554857 0.409836763
1703614342.411834002 -103.394011724 -1.867466477 -0.182397158 -0.563619669 -0.585989625 0.414494088 0.408832091
1703614342.606443882 -103.582639399 -1.900428812 -0.182699640 -0.558791973 -0.590672091 0.416531778 0.406643936
1703614342.676302195 -103.648689124 -1.903281361 -0.181853655 -0.558227808 -0.590705559 0.416640648 0.407258183
1703614342.801049471 -103.771890472 -1.898747586 -0.190972898 -0.561028902 -0.590576461 0.413351006 0.406948351
1703614342.871032238 -103.835576994 -1.899456242 -0.186924481 -0.561466457 -0.588983141 0.413814921 0.408180706
1703614343.011026859 -103.966271851 -1.904283259 -0.183945109 -0.561545119 -0.587947943 0.414510978 0.408858098
1703614343.201039314 -104.146359122 -1.914305014 -0.185399286 -0.560332902 -0.589507290 0.414477789 0.408309144
1703614343.271049261 -104.211636863 -1.918088546 -0.184445059 -0.559981036 -0.589243030 0.414678359 0.408969130
1703614343.401077747 -104.330323804 -1.923736207 -0.182437834 -0.559453405 -0.588825670 0.413827438 0.411148477
1703614343.471096516 -104.396640243 -1.928836432 -0.184398677 -0.559758885 -0.589461688 0.413242406 0.410409093
1703614343.601140022 -104.514899416 -1.938442227 -0.183307189 -0.558341694 -0.590103413 0.415235195 0.409404747
1703614343.651160240 -104.560540927 -1.942412938 -0.182866441 -0.557864471 -0.590704860 0.415677472 0.408738596
1703614343.806231499 -104.700569922 -1.946541370 -0.182931022 -0.557066715 -0.590925317 0.417356927 0.407795463
1703614343.861145496 -104.749615130 -1.945056189 -0.183414309 -0.557150665 -0.590412266 0.417089733 0.408696278
1703614344.005912066 -104.880980203 -1.941502998 -0.183430159 -0.559424480 -0.588506642 0.415802999 0.409648691
1703614344.075798512 -104.942902487 -1.940877345 -0.182736683 -0.559853090 -0.588008676 0.415240808 0.410347885
1703614344.200596571 -105.051659909 -1.939328188 -0.179229222 -0.560330030 -0.586255399 0.414743328 0.412701873
1703614344.270484209 -105.114897876 -1.939394824 -0.182067734 -0.561369622 -0.586242858 0.413209521 0.412845432
1703614344.400274038 -105.224377938 -1.937967913 -0.176393215 -0.561611226 -0.585279152 0.411691663 0.415392729
1703614344.470160484 -105.282230097 -1.936955428 -0.174361183 -0.561878303 -0.584481564 0.410155163 0.417668309
1703614344.604942560 -105.396191411 -1.936197261 -0.175506788 -0.563284616 -0.583035676 0.408908983 0.419014661
1703614344.669837475 -105.450774988 -1.941866590 -0.173691840 -0.562360564 -0.583528407 0.409605455 0.418889682
1703614344.804619551 -105.566907717 -1.951453019 -0.176791218 -0.560944209 -0.586437252 0.408658335 0.417649745
1703614344.864521980 -105.615744238 -1.954259776 -0.173671646 -0.560278894 -0.586680127 0.409410778 0.417464734
1703614345.004296064 -105.733708336 -1.953729619 -0.175049468 -0.561348955 -0.585776831 0.410074011 0.416643926
1703614345.069190979 -105.787421000 -1.953185310 -0.172594680 -0.561734788 -0.584956820 0.410469104 0.416886868
1703614345.203973293 -105.894732064 -1.950003793 -0.165702232 -0.562357294 -0.583312662 0.410676224 0.418145490
1703614345.268868446 -105.946574679 -1.949692752 -0.163047547 -0.562337175 -0.582685289 0.410654074 0.419067998
1703614345.403649569 -106.056598528 -1.950475656 -0.165173411 -0.562749159 -0.582905209 0.407583231 0.421201627
1703614345.453568935 -106.095411497 -1.951065296 -0.162734233 -0.563011013 -0.582569845 0.407212592 0.421673904
1703614345.603326797 -106.212151228 -1.955941285 -0.161021636 -0.562377891 -0.582903635 0.407454304 0.421823957
1703614345.668221712 -106.262538335 -1.957379575 -0.161401399 -0.561645212 -0.583170890 0.407254426 0.422623003
1703614345.803002834 -106.371297509 -1.959797577 -0.166108519 -0.562002675 -0.584321480 0.405656809 0.422094721
1703614345.867899895 -106.423463436 -1.963295001 -0.166304395 -0.561608822 -0.584712542 0.405205431 0.422510748
1703614346.002683878 -106.531203987 -1.965902758 -0.165630166 -0.561551081 -0.584305177 0.405517745 0.422851278
1703614346.062588692 -106.580095073 -1.964817545 -0.167619650 -0.562406189 -0.584741278 0.404447600 0.422136299
1703614346.202365160 -106.682894210 -1.955607092 -0.155963639 -0.562324472 -0.581981621 0.408314804 0.422335887
1703614346.267261505 -106.731619364 -1.950692985 -0.153413138 -0.562735266 -0.580919701 0.409260048 0.422335807
1703614346.402046680 -106.836610606 -1.940048242 -0.155966979 -0.564240607 -0.580755057 0.407459821 0.422294442
1703614346.451966047 -106.873093616 -1.938632476 -0.155031882 -0.564908849 -0.580115423 0.408255481 0.421511033
1703614346.601727009 -106.983646352 -1.939786582 -0.157316008 -0.565029815 -0.579784718 0.406236049 0.423749055
1703614346.651647568 -107.021750940 -1.938594019 -0.156635693 -0.565868486 -0.578935903 0.405654754 0.424346906
1703614346.801408768 -107.137060181 -1.946384806 -0.155264839 -0.564860803 -0.579656542 0.405655544 0.424704775
1703614346.851328373 -107.175066492 -1.947664948 -0.152614445 -0.563598632 -0.579231712 0.406856389 0.425811091
1703614347.001085281 -107.296999174 -1.943604120 -0.157646898 -0.564287601 -0.580143158 0.405438988 0.425008995
1703614347.051004648 -107.339033300 -1.940111489 -0.160024756 -0.565587967 -0.579626014 0.405425436 0.423997819
1703614347.200762510 -107.459509377 -1.932578094 -0.156638012 -0.565960306 -0.578417755 0.407050625 0.423593698
1703614347.270648956 -107.519071420 -1.931805647 -0.159660616 -0.566501710 -0.579337434 0.406018106 0.422602944
1703614347.400438786 -107.623164523 -1.925655255 -0.160302369 -0.567116644 -0.578966152 0.405115028 0.423153307
1703614347.470326185 -107.681778479 -1.924477197 -0.160543550 -0.567530591 -0.578599130 0.404905400 0.423300949
1703614347.600116014 -107.789059246 -1.923347873 -0.160189636 -0.567841117 -0.578702775 0.404230235 0.423388096
1703614347.670003176 -107.848178390 -1.924799358 -0.161776235 -0.567842849 -0.579122218 0.403541683 0.423469085
1703614347.804784536 -107.959162983 -1.926245119 -0.158862013 -0.567022404 -0.578105424 0.405789956 0.423809183
1703614347.869680405 -108.014893201 -1.927322513 -0.156122302 -0.567151449 -0.577789409 0.406199475 0.423675134
1703614348.004465580 -108.129036647 -1.930624012 -0.151810263 -0.566306010 -0.577713200 0.406318915 0.424793951
1703614348.069361925 -108.188900019 -1.932151291 -0.158511885 -0.566564838 -0.578920140 0.404558755 0.424485535
1703614348.209138632 -108.318256679 -1.937373304 -0.163565256 -0.567047048 -0.580098488 0.404285719 0.422488398
1703614348.264050722 -108.369519386 -1.944306336 -0.168228763 -0.566825201 -0.582445860 0.403840221 0.419975104
1703614348.403827667 -108.490685928 -1.950664005 -0.168355833 -0.564778749 -0.584121297 0.405879045 0.418436945
1703614348.453747988 -108.536170941 -1.945943596 -0.168803215 -0.565933549 -0.583339290 0.406191767 0.417663428
1703614348.603509426 -108.662867056 -1.921028045 -0.162396989 -0.569925765 -0.577962105 0.407614889 0.418323475
1703614348.653429985 -108.707838893 -1.912962525 -0.164460599 -0.571632484 -0.576286925 0.406508954 0.419380679
1703614348.803190231 -108.848074523 -1.904701961 -0.173359369 -0.574186590 -0.575995870 0.401775900 0.420849907
1703614348.853110075 -108.894223997 -1.908911132 -0.173029328 -0.573333957 -0.576615288 0.402466691 0.420503919
1703614349.002869606 -109.030667865 -1.931239710 -0.167819183 -0.568173587 -0.579232354 0.406209747 0.420312142
1703614349.052789211 -109.080094338 -1.934403267 -0.169782362 -0.568408232 -0.580404140 0.405491888 0.419069738
1703614349.202547789 -109.219828572 -1.930274704 -0.169236764 -0.568250434 -0.579677371 0.405555481 0.420226536
1703614349.252467871 -109.268849938 -1.928535055 -0.169407437 -0.568217968 -0.579268983 0.404618843 0.421733775
1703614349.402227163 -109.417603025 -1.929546205 -0.176258085 -0.569790896 -0.579437869 0.404547345 0.419441935
1703614349.452147007 -109.469466166 -1.934971693 -0.181358772 -0.569685053 -0.581177894 0.404031814 0.417671509
1703614349.601906538 -109.613713734 -1.934300211 -0.172465074 -0.568274497 -0.580459884 0.405533400 0.419133726
1703614349.651826382 -109.662432138 -1.927316888 -0.171020713 -0.570180703 -0.579264434 0.405988042 0.417756377
1703614349.801584959 -109.808930754 -1.909282950 -0.182600233 -0.571887707 -0.579038657 0.406410868 0.415317819
1703614349.851504803 -109.858387133 -1.904772136 -0.184495649 -0.571801178 -0.578264135 0.406359791 0.416564190
1703614350.001264811 -110.012030419 -1.899166386 -0.185610851 -0.572974049 -0.575590535 0.405994820 0.419004155
1703614350.051185131 -110.063958170 -1.907321206 -0.183884175 -0.571380080 -0.576176077 0.406473018 0.419911442
1703614350.205936670 -110.230249000 -1.928355883 -0.188227733 -0.569117790 -0.579682558 0.408222973 0.416445768
1703614350.260848522 -110.287925109 -1.928508848 -0.188926798 -0.569860728 -0.580426271 0.409812583 0.412816838
1703614350.400624752 -110.415526519 -1.896375663 -0.176695198 -0.570163872 -0.574822055 0.415577656 0.414473131
1703614350.450544596 -110.468375543 -1.877082131 -0.182251885 -0.573287915 -0.572370008 0.412634863 0.416492510
1703614350.600304127 -110.626443764 -1.843336584 -0.192234445 -0.581160546 -0.566229334 0.408360148 0.418185066
1703614350.650224209 -110.679735262 -1.846688720 -0.192264884 -0.580942870 -0.566874230 0.408162398 0.417806709
1703614350.804976225 -110.838068344 -1.864444825 -0.192088981 -0.576177467 -0.570092804 0.410358894 0.417874741
1703614350.854903221 -110.891066724 -1.865629246 -0.192746932 -0.575690440 -0.571655181 0.408850781 0.417889830
1703614351.014679193 -111.055512071 -1.855054237 -0.195299608 -0.577627269 -0.568786891 0.408269503 0.419695393
1703614351.209407806 -111.268255683 -1.864189992 -0.201089619 -0.574954197 -0.572567627 0.411111352 0.415429224
1703614351.264332294 -111.327801000 -1.863374830 -0.203531695 -0.574584819 -0.573349398 0.411846415 0.414131964
1703614351.404138565 -111.476139642 -1.853281918 -0.202866159 -0.574554397 -0.570300833 0.413262963 0.416962742
1703614351.469048977 -111.550798827 -1.851373731 -0.204383403 -0.575789817 -0.569870296 0.411478678 0.417611339
1703614351.603863001 -111.703755118 -1.856715882 -0.207604677 -0.575899159 -0.570229695 0.410067229 0.418357648
1703614351.653794765 -111.759151513 -1.858046853 -0.206068941 -0.575046718 -0.570359421 0.410451428 0.418976166
1703614351.803590059 -111.918973239 -1.860656577 -0.201775690 -0.574790149 -0.571055039 0.409671188 0.419144301
1703614351.843530655 -111.962259264 -1.868150071 -0.204941976 -0.573932870 -0.572975933 0.410476109 0.416904073
1703614352.003271103 -112.132198947 -1.894712580 -0.218322317 -0.569444086 -0.580816957 0.412820746 0.409834268
1703614352.053189993 -112.182515384 -1.887023918 -0.215123728 -0.570343326 -0.578494285 0.413614588 0.411066691
1703614352.202944994 -112.343492041 -1.859730511 -0.223776986 -0.577350946 -0.572155906 0.413503337 0.410266370
1703614352.257856131 -112.402984451 -1.857199673 -0.224720249 -0.578498993 -0.572457927 0.412925879 0.408806868
1703614352.412603855 -112.562878427 -1.872368821 -0.219541694 -0.574645226 -0.574901078 0.417827570 0.405822298
1703614352.602294445 -112.762549865 -1.893768351 -0.227931158 -0.572139412 -0.578439513 0.418024021 0.404128867
1703614352.652213097 -112.818414250 -1.894319155 -0.231669330 -0.572848013 -0.578831750 0.416635922 0.403996865
1703614352.801967859 -112.976557682 -1.897811529 -0.230521440 -0.572736774 -0.577688343 0.417946227 0.404437532
1703614352.851886511 -113.031312061 -1.901775202 -0.231735920 -0.572600035 -0.579679926 0.416854422 0.402905416
1703614353.001642466 -113.183727902 -1.908735101 -0.226799365 -0.570112339 -0.579742749 0.419575745 0.403517609
1703614353.051561356 -113.237124788 -1.912013598 -0.229342236 -0.570187443 -0.580457926 0.419590511 0.402366350
1703614353.201316357 -113.389928250 -1.929375784 -0.225545052 -0.567464196 -0.581837108 0.420044137 0.403748546
1703614353.261219025 -113.453658817 -1.931566110 -0.229299672 -0.568169828 -0.582615064 0.418396823 0.403344558
1703614353.400990963 -113.595575910 -1.942698533 -0.234895770 -0.569649095 -0.583550957 0.416132088 0.402246534
1703614353.470877171 -113.661961247 -1.949531496 -0.231717927 -0.569022636 -0.583440161 0.416749743 0.402654281
1703614353.600665331 -113.790185078 -1.963790771 -0.233580225 -0.566176641 -0.585229393 0.420169392 0.400509989
1703614353.655575275 -113.844234512 -1.968626223 -0.233525389 -0.564733436 -0.587158337 0.420711416 0.399153024
1703614353.810322285 -113.991538968 -1.973638429 -0.229440687 -0.563316873 -0.586867190 0.424681887 0.397374253
1703614354.000031233 -114.177620530 -1.975551223 -0.232665679 -0.565456945 -0.585535768 0.424389359 0.396610615
1703614354.069925547 -114.241692678 -1.976591411 -0.229860088 -0.566210318 -0.584810238 0.425044403 0.395904178
1703614354.204720259 -114.369056673 -1.979797305 -0.230152495 -0.565728855 -0.584965624 0.425134024 0.396266504
1703614354.254644632 -114.412954792 -1.979671208 -0.227865129 -0.565379873 -0.584476537 0.425968492 0.396589991
1703614354.404417753 -114.548866381 -1.972008762 -0.224203594 -0.565965116 -0.582864790 0.424792934 0.399378376
1703614354.454342127 -114.591978388 -1.966075948 -0.222466622 -0.567423327 -0.580964662 0.424823686 0.400044579
1703614354.604114771 -114.730964681 -1.966880604 -0.222860352 -0.568801861 -0.580103113 0.424817003 0.399343631
1703614354.654039383 -114.776478805 -1.969186343 -0.223712556 -0.569113497 -0.581418165 0.423529081 0.398353942
1703614354.803813457 -114.906621004 -1.984114220 -0.219574012 -0.566175397 -0.582040508 0.424350854 0.400750070
1703614354.868711233 -114.964574374 -1.992469037 -0.217896350 -0.565419249 -0.583000337 0.423763910 0.401043424
1703614355.003492355 -115.085414716 -2.012839494 -0.219364688 -0.563418933 -0.585663052 0.422999321 0.400786065
1703614355.068387032 -115.140042635 -2.017636375 -0.216881772 -0.562953888 -0.586138721 0.422350420 0.401428003
1703614355.203166962 -115.255403098 -2.024917081 -0.216944439 -0.562542840 -0.585424367 0.422965250 0.402398137
1703614355.268061161 -115.311651242 -2.028534710 -0.218983580 -0.562419953 -0.585617319 0.424238404 0.400946291
1703614355.402842522 -115.434003196 -2.034118418 -0.220100136 -0.561539732 -0.586803725 0.425721618 0.398867924
1703614355.467736721 -115.489294815 -2.034230763 -0.217602848 -0.561820831 -0.586174703 0.426149672 0.398939881
1703614355.602517605 -115.608575142 -2.033400278 -0.216959051 -0.563623795 -0.584792109 0.421902251 0.402920461
1703614355.667411804 -115.662466284 -2.034836299 -0.216289536 -0.564488275 -0.584021872 0.421430704 0.403320719
1703614355.802192688 -115.779440358 -2.040135150 -0.216587223 -0.563700519 -0.585167354 0.420788286 0.403432908
1703614355.852110386 -115.816648304 -2.036988168 -0.213570466 -0.563720245 -0.584878967 0.420882949 0.403724687
1703614356.001867533 -115.945330098 -2.010598653 -0.215204780 -0.567360823 -0.581742676 0.419294620 0.404807580
1703614356.066761732 -115.998869706 -2.001669891 -0.216267410 -0.569177585 -0.580014137 0.417840008 0.406239099
1703614356.201542854 -116.113506414 -1.985839789 -0.214234397 -0.572534381 -0.576362071 0.416120406 0.408478828
1703614356.271429062 -116.171697107 -1.985373369 -0.214279016 -0.572874721 -0.576534796 0.415223494 0.408670569
1703614356.401218414 -116.277806810 -1.979649502 -0.211056380 -0.573740845 -0.575982499 0.414431817 0.409037740
1703614356.471104145 -116.331847208 -1.973883890 -0.209844562 -0.574364815 -0.575226870 0.414343123 0.409315139
1703614356.605885267 -116.439063417 -1.952984876 -0.208935181 -0.577207258 -0.572116803 0.413076647 0.410952345
1703614356.675770998 -116.497663912 -1.942108594 -0.207987867 -0.578453065 -0.570505153 0.411801602 0.412717050
1703614356.800567865 -116.600831425 -1.937206129 -0.206945150 -0.580495823 -0.568387623 0.407958917 0.416568878
1703614356.850486755 -116.640651794 -1.942781857 -0.205243797 -0.579919429 -0.568605547 0.407413008 0.417607267
1703614357.000243425 -116.767853962 -1.969167506 -0.203025645 -0.575584391 -0.572692162 0.407841281 0.417602427
1703614357.050162077 -116.808705585 -1.973496601 -0.202258551 -0.574181068 -0.573864213 0.408408571 0.417370825
1703614357.204909801 -116.940745471 -1.967045993 -0.206073686 -0.574598075 -0.573921880 0.408579832 0.416549214
1703614357.269804239 -116.995231180 -1.958261144 -0.206142213 -0.575950219 -0.572309362 0.408544180 0.416935238
1703614357.404584885 -117.114769829 -1.952754831 -0.214533627 -0.578314829 -0.572853336 0.407823383 0.413607424
1703614357.454503775 -117.154466820 -1.955915991 -0.212190192 -0.576499154 -0.573687911 0.408479716 0.414337095
1703614357.604259491 -117.282781747 -1.960387534 -0.207877614 -0.575171531 -0.573311535 0.409373100 0.415818782
1703614357.654177189 -117.326805487 -1.962751573 -0.208425251 -0.575420618 -0.573562379 0.408600215 0.415888416
1703614357.803932905 -117.459562696 -1.967144263 -0.207652682 -0.574818767 -0.573295493 0.408141971 0.417535380
1703614357.868827105 -117.517157454 -1.964967516 -0.204831618 -0.575309053 -0.572794728 0.408520639 0.417176917
1703614358.003607988 -117.637467249 -1.962560059 -0.205031178 -0.574844400 -0.572715420 0.408971622 0.417484341
1703614358.068501949 -117.695833239 -1.961251892 -0.202088592 -0.575080187 -0.572513499 0.409445205 0.416972056
1703614358.203282833 -117.814317061 -1.959158333 -0.198410738 -0.574504687 -0.571870179 0.410454471 0.417655349
1703614358.253201485 -117.861770389 -1.958062976 -0.202463183 -0.575752652 -0.572839046 0.409080831 0.415953345
1703614358.402957201 -117.995915828 -1.960634850 -0.201430868 -0.574850153 -0.573573046 0.410251818 0.415035792
1703614358.452874660 -118.040345306 -1.961950269 -0.199265406 -0.573714598 -0.573674196 0.410805176 0.415918964
1703614358.602630377 -118.183355000 -1.963436126 -0.208487735 -0.574487655 -0.575188479 0.408288698 0.415237869
1703614358.667524099 -118.243688730 -1.965961609 -0.207466504 -0.574104242 -0.575020853 0.407905370 0.416375489
1703614358.802304506 -118.371718904 -1.976868458 -0.207403981 -0.573272542 -0.576440629 0.406588665 0.416845837
1703614358.867198467 -118.432888166 -1.978589933 -0.206572794 -0.572997803 -0.576489768 0.406641531 0.417103981
1703614359.001980305 -118.561141753 -1.975609246 -0.206825616 -0.572816341 -0.576037462 0.407578928 0.417063184
1703614359.051899195 -118.609606789 -1.974625754 -0.206447676 -0.572605469 -0.576120197 0.407545117 0.417271462
1703614359.206647635 -118.763006448 -1.973127490 -0.208251370 -0.572864762 -0.576088542 0.405218871 0.419220255
1703614359.261558056 -118.819104181 -1.976322578 -0.209272253 -0.573353702 -0.576407096 0.404124413 0.419170432
1703614359.401332140 -118.954670617 -1.995531168 -0.210990478 -0.571252773 -0.578787000 0.404169872 0.418715407
1703614359.451250076 -119.005228481 -2.000330415 -0.209525133 -0.570180377 -0.579946249 0.404921688 0.417845800
1703614359.601006508 -119.147183456 -2.015638550 -0.207131001 -0.567131617 -0.582726490 0.408500001 0.414631542
1703614359.670893192 -119.213626034 -2.012959909 -0.205470929 -0.567129462 -0.582586334 0.408790345 0.414545281
1703614359.800681829 -119.333165343 -2.002947994 -0.203415394 -0.569554564 -0.580006651 0.408182774 0.415435562
1703614359.850600719 -119.380774208 -2.004450478 -0.200578710 -0.570236689 -0.579752492 0.408168002 0.414868712
1703614360.000357389 -119.514246837 -2.012407748 -0.199513937 -0.568485494 -0.581130357 0.409726287 0.413806865
1703614360.050276041 -119.559266438 -2.011091317 -0.197050242 -0.568328252 -0.580649894 0.410515427 0.413915188
1703614360.200032473 -119.693424492 -2.002094912 -0.195539802 -0.570195741 -0.579098939 0.410959057 0.413078551
1703614360.254942656 -119.740905384 -1.999959507 -0.190647723 -0.569578477 -0.578305483 0.410922023 0.415073750
1703614360.404698849 -119.879534949 -1.987960734 -0.194028319 -0.572105227 -0.575619522 0.407474768 0.418714806
1703614360.454617262 -119.925985724 -1.990553145 -0.190849692 -0.571932226 -0.574980445 0.408001198 0.419316156
1703614360.604372978 -120.067918346 -2.008667418 -0.193025963 -0.569666776 -0.578087710 0.409031846 0.417117864
1703614360.669267178 -120.129106801 -2.013287097 -0.190202448 -0.568026303 -0.579140817 0.410133799 0.416812068
1703614360.804046392 -120.254909383 -2.006985741 -0.191351565 -0.568703750 -0.578621675 0.410821315 0.415931302
1703614360.868941784 -120.316503922 -1.999404015 -0.191567467 -0.570053527 -0.576760638 0.410364688 0.417117449
1703614361.003724337 -120.444979186 -1.994230954 -0.192635304 -0.572528739 -0.574919621 0.408174091 0.418416280
1703614361.053643942 -120.492853768 -1.997699643 -0.191382674 -0.572096197 -0.574797290 0.408330016 0.419023406
1703614361.203403234 -120.633475388 -2.023221633 -0.192253573 -0.568108982 -0.579356022 0.408354945 0.418144740
1703614361.253323078 -120.680448496 -2.029070225 -0.189989165 -0.566694721 -0.580208939 0.408804311 0.418442011
1703614361.403081894 -120.813968174 -2.035573336 -0.187592124 -0.566258610 -0.580976128 0.410006533 0.416788396
1703614361.453001499 -120.860894349 -2.037770291 -0.191300965 -0.566440561 -0.581611088 0.409814089 0.415843776
1703614361.602760553 -120.992819143 -2.041302282 -0.191093448 -0.567345961 -0.581577859 0.408697994 0.415754381
1703614361.667655706 -121.051414258 -2.043126033 -0.193316363 -0.567814813 -0.581819520 0.408216843 0.415248592
1703614361.802438736 -121.169125796 -2.048227230 -0.194390596 -0.566889238 -0.583082038 0.409264025 0.413708697
1703614361.867333889 -121.226887796 -2.048518862 -0.195340669 -0.566585136 -0.583745872 0.409029850 0.413420635
1703614362.002115726 -121.342933540 -2.048325383 -0.194187041 -0.566930678 -0.582935635 0.409664953 0.413461338
1703614362.052036047 -121.387280845 -2.050795975 -0.193740168 -0.567274032 -0.582904320 0.410183803 0.412519058
1703614362.201793432 -121.514813688 -2.060957636 -0.190076042 -0.565210514 -0.583865479 0.411358274 0.412822658
1703614362.266688585 -121.570807244 -2.060970783 -0.189294690 -0.564753944 -0.583497870 0.411608346 0.413717038
1703614362.401470900 -121.689195644 -2.058005530 -0.188396333 -0.566593064 -0.582235863 0.411656025 0.412932219
1703614362.451390266 -121.730483069 -2.058351057 -0.184142018 -0.565580891 -0.581430401 0.413017054 0.414094020
1703614362.601148367 -121.862820900 -2.054387408 -0.189865902 -0.566787899 -0.581696706 0.412123386 0.412958513
1703614362.651067972 -121.907095461 -2.052145662 -0.188754306 -0.567108728 -0.581424028 0.412078423 0.412946926
1703614362.800826073 -122.040465066 -2.043057797 -0.189812940 -0.568390166 -0.579733570 0.412046711 0.413592935
1703614362.850745678 -122.086249202 -2.041267465 -0.190074612 -0.568895786 -0.579494874 0.411915381 0.413363031
1703614363.000494003 -122.223604917 -2.039932538 -0.189597290 -0.569682915 -0.578941057 0.411708449 0.413261155
1703614363.050408840 -122.268784482 -2.039362843 -0.189516947 -0.569617674 -0.578804750 0.411926199 0.413325023
1703614363.200156689 -122.400362648 -2.034685157 -0.189246679 -0.570254381 -0.578901954 0.410528514 0.413701352
1703614363.250072479 -122.445189546 -2.030421943 -0.191114049 -0.571571759 -0.578665122 0.408486187 0.414235968
1703614363.404811859 -122.577610931 -2.021391961 -0.190600378 -0.573882702 -0.575994053 0.405504827 0.417678501
1703614363.454727411 -122.619968509 -2.018642754 -0.189628989 -0.574099362 -0.575704162 0.404670974 0.418588155
1703614363.604474068 -122.741167648 -2.000760816 -0.183602305 -0.575146625 -0.572734639 0.406903296 0.419059782
1703614363.654388428 -122.785076070 -1.994880060 -0.185064814 -0.576008470 -0.572513740 0.406501999 0.418567060
1703614363.804134607 -122.905302038 -1.973468812 -0.179134117 -0.577591394 -0.568893446 0.406170624 0.421632367
1703614363.854056358 -122.947373103 -1.969827566 -0.180731652 -0.579194856 -0.567957334 0.405171912 0.421655674
1703614364.003815174 -123.073874381 -1.988105392 -0.180690196 -0.577462226 -0.569853712 0.405433587 0.421221713
1703614364.068710804 -123.129423908 -1.994302187 -0.181199517 -0.575347984 -0.572504197 0.406182511 0.419796866
1703614364.203493595 -123.240114382 -1.996020100 -0.178795631 -0.573378680 -0.574356458 0.407857081 0.418334973
1703614364.253413439 -123.278648631 -1.989495147 -0.176719241 -0.573935657 -0.573039293 0.408476416 0.418773026
1703614364.403172016 -123.398144220 -1.972618769 -0.176906771 -0.577707979 -0.570040950 0.407754851 0.418381151
1703614364.453091860 -123.437200501 -1.973542710 -0.176337914 -0.577181172 -0.570343387 0.407314760 0.419124089
1703614364.602850437 -123.560319953 -1.982986321 -0.174685985 -0.575317383 -0.571349064 0.409317843 0.418364743
1703614364.667745590 -123.615816713 -1.989709796 -0.175054986 -0.574504677 -0.573100848 0.410228865 0.416187545
1703614364.802528620 -123.719511183 -1.997219007 -0.162881885 -0.571585238 -0.573098120 0.411967924 0.418486905
1703614364.867423296 -123.772508900 -1.999830799 -0.164645524 -0.571746623 -0.573636959 0.411030864 0.418449598
1703614365.002205133 -123.887150496 -2.007950671 -0.168292736 -0.571024433 -0.575022683 0.410405654 0.418147355
1703614365.052124262 -123.928486679 -2.008943115 -0.169853985 -0.570837679 -0.575575812 0.410923741 0.417131284
1703614365.201881409 -124.053000677 -2.013026155 -0.167122102 -0.569746554 -0.576258462 0.413071484 0.415556252
1703614365.251800299 -124.095166017 -2.014960719 -0.169018480 -0.570003450 -0.576629097 0.412919872 0.414839887
1703614365.401557446 -124.226977122 -2.027537586 -0.172152757 -0.569346047 -0.577865341 0.412627499 0.414313014
1703614365.451475382 -124.268351272 -2.032683508 -0.170752851 -0.568395442 -0.578556776 0.412968194 0.414313830
1703614365.601233244 -124.399569665 -2.043735957 -0.170017360 -0.566971593 -0.580487597 0.414488728 0.412039388
1703614365.651150942 -124.436022591 -2.047667026 -0.166630091 -0.565909915 -0.580332233 0.416693976 0.411493132
1703614365.800907373 -124.564450264 -2.058844610 -0.166249481 -0.564177078 -0.582387448 0.417014803 0.410643079
1703614365.850826502 -124.605151047 -2.061590635 -0.167424489 -0.564389252 -0.582669801 0.416481578 0.410492108
1703614366.000576735 -124.730033503 -2.073327842 -0.166327068 -0.563240421 -0.582945283 0.417021556 0.411130207
1703614366.050493240 -124.772435032 -2.075501087 -0.167886719 -0.563077725 -0.583472875 0.416623106 0.411008597
1703614366.200242996 -124.902747333 -2.073425175 -0.171091409 -0.563842902 -0.583263397 0.416527266 0.410353540
1703614366.270126581 -124.961605880 -2.070041785 -0.170962470 -0.564466224 -0.582323661 0.416793651 0.410560700
1703614366.404900074 -125.078706994 -2.069017196 -0.169614394 -0.565303188 -0.581862011 0.417373592 0.409473064
1703614366.469790936 -125.134177924 -2.069811365 -0.169996862 -0.565184905 -0.581842709 0.417636453 0.409395746
1703614366.604565144 -125.251866637 -2.074956612 -0.168497283 -0.565046752 -0.582046263 0.418688602 0.408220737
1703614366.654481411 -125.292635055 -2.077743364 -0.169743843 -0.565359732 -0.582705166 0.418962302 0.406563221
1703614366.804229736 -125.418056298 -2.076687496 -0.171327752 -0.565377196 -0.583888849 0.417314467 0.406535453
1703614366.854146481 -125.458486996 -2.075669082 -0.170059730 -0.565433013 -0.582552196 0.417079425 0.408611306
1703614367.003921986 -125.592133344 -2.086729860 -0.170377429 -0.566293268 -0.581227735 0.415657283 0.410749652
1703614367.053847075 -125.636585888 -2.093685423 -0.171389303 -0.565919549 -0.582379228 0.415887547 0.409398396
1703614367.203623533 -125.772527339 -2.109023893 -0.173304400 -0.562907841 -0.585282306 0.419357652 0.405855324
1703614367.268526793 -125.831325359 -2.109585388 -0.173807369 -0.562377796 -0.585577507 0.420061739 0.405435979
1703614367.403326988 -125.957756847 -2.105202305 -0.175060604 -0.564379272 -0.584528215 0.419077148 0.405187792
1703614367.468230724 -126.015871729 -2.105119804 -0.173361508 -0.565217249 -0.583171368 0.419527206 0.405508989
1703614367.603031635 -126.140552769 -2.119183708 -0.175853608 -0.564442958 -0.584732090 0.419256182 0.404619307
1703614367.652958155 -126.185619911 -2.126453948 -0.178895403 -0.563484558 -0.586741148 0.418139656 0.404201937
1703614367.802738190 -126.325148656 -2.147253026 -0.179724634 -0.561407324 -0.588259400 0.419541300 0.403432513
1703614367.852664709 -126.371317850 -2.155267994 -0.180525286 -0.560921931 -0.589317274 0.419567300 0.402535735
1703614368.002424479 -126.512333263 -2.175419145 -0.183238987 -0.558362155 -0.591515105 0.420049985 0.402367488
1703614368.067320347 -126.572436704 -2.181425645 -0.182460459 -0.557767322 -0.592060283 0.420626785 0.401787685
1703614368.202103376 -126.699359060 -2.190890011 -0.182066918 -0.557169722 -0.592649101 0.421975362 0.400332034
1703614368.252022982 -126.743340727 -2.194637137 -0.180553938 -0.556374306 -0.593074338 0.422352690 0.400410621
1703614368.401783705 -126.882905229 -2.196623244 -0.180803468 -0.556858717 -0.592301879 0.422472893 0.400753674
1703614368.466679335 -126.941870885 -2.198889684 -0.181462176 -0.557962869 -0.592255959 0.422585511 0.399163878
1703614368.606454849 -127.068972002 -2.205595708 -0.178523674 -0.557473556 -0.591724887 0.423707032 0.399446170
1703614368.651381969 -127.111692795 -2.210295359 -0.179555234 -0.557238733 -0.592360961 0.422773232 0.399820309
1703614368.801141500 -127.253600108 -2.221905151 -0.179611603 -0.557062254 -0.591693016 0.423034695 0.400777578
1703614368.871029854 -127.323774613 -2.228033762 -0.184228293 -0.557228548 -0.592576492 0.421848715 0.400491084
1703614369.000820875 -127.452076098 -2.241212720 -0.183129989 -0.555826582 -0.593493131 0.423345421 0.399501400
1703614369.070708752 -127.520350771 -2.246183710 -0.184105480 -0.555249498 -0.594110560 0.424141338 0.398540792
1703614369.200499773 -127.649380509 -2.252491306 -0.182386846 -0.555242540 -0.594171053 0.424338616 0.398250198
1703614369.270387650 -127.716176472 -2.257184736 -0.179912433 -0.555487939 -0.593680730 0.424353622 0.398623060
1703614369.400178432 -127.838751182 -2.268997108 -0.176483443 -0.554454511 -0.593049901 0.426222064 0.399007220
1703614369.465074062 -127.902619060 -2.274714924 -0.179577141 -0.554032081 -0.593207020 0.426992017 0.398536953
1703614369.604849577 -128.046273827 -2.286286148 -0.185306539 -0.554013593 -0.595182329 0.425029386 0.397714666
1703614369.654769182 -128.095591192 -2.289706545 -0.185964718 -0.553795063 -0.594988791 0.424705490 0.398653500
1703614369.804528236 -128.248065479 -2.311245018 -0.184028546 -0.552461257 -0.595610941 0.424215848 0.400093840
1703614369.859439611 -128.302588148 -2.320010175 -0.184596206 -0.552051976 -0.596535008 0.424555415 0.398920167
1703614370.004214525 -128.446184374 -2.325260822 -0.181367561 -0.551475928 -0.596806541 0.425949517 0.397823154
1703614370.054138422 -128.491490071 -2.320865570 -0.177839624 -0.551992380 -0.595053121 0.426197475 0.399464527
1703614370.203905821 -128.639453734 -2.280852045 -0.178820601 -0.560037708 -0.588215627 0.422758895 0.402038627
1703614370.258821487 -128.690668570 -2.274601881 -0.177249360 -0.561221454 -0.586439311 0.421918406 0.403861702
1703614370.403597593 -128.837336379 -2.278776173 -0.184815515 -0.562861904 -0.586852667 0.420645377 0.402303232
1703614370.453520536 -128.885573305 -2.286997594 -0.181683380 -0.561495201 -0.588081820 0.420275385 0.402804559
1703614370.603290081 -129.031167834 -2.290879422 -0.182162706 -0.561524063 -0.586711038 0.418650541 0.406438937
1703614370.668190241 -129.096964103 -2.287423414 -0.185147959 -0.563479954 -0.585659585 0.417686513 0.406240285
1703614370.802983284 -129.230190814 -2.275311996 -0.183034279 -0.565906683 -0.582911079 0.417244915 0.407272611
1703614370.867882967 -129.296534996 -2.272330146 -0.185245065 -0.566985600 -0.582499378 0.417124228 0.406483926
1703614371.002669573 -129.434038764 -2.275186369 -0.187382776 -0.567031466 -0.583390944 0.416892372 0.405377692
1703614371.072559595 -129.504909898 -2.275821505 -0.188687231 -0.567433724 -0.583440664 0.416889695 0.404745528
1703614371.202353477 -129.635223940 -2.278945011 -0.189333378 -0.567557630 -0.582963024 0.415768856 0.406409533
1703614371.257267237 -129.691610546 -2.281645729 -0.191940634 -0.567693285 -0.583536521 0.413938266 0.407264748
1703614371.402037621 -129.836699714 -2.290889984 -0.186328739 -0.567200474 -0.582029021 0.413881009 0.410156497
1703614371.456951141 -129.890417689 -2.294513203 -0.184095247 -0.566376097 -0.581738495 0.415210333 0.410364254
1703614371.601721764 -130.034098276 -2.303084667 -0.182744950 -0.565071191 -0.583765273 0.416221600 0.408255111
1703614371.651642799 -130.082620774 -2.301979687 -0.183964344 -0.565265212 -0.583713341 0.416813259 0.407456358
1703614371.801405907 -130.227610036 -2.300410842 -0.186242708 -0.566350992 -0.583153020 0.416774408 0.406790120
1703614371.871294737 -130.296795855 -2.301616768 -0.188723181 -0.567046763 -0.583013493 0.416096664 0.406714644
1703614372.001090050 -130.422322989 -2.312216118 -0.187209250 -0.566201234 -0.583114020 0.415529400 0.408325262
1703614372.070979118 -130.490824322 -2.317487893 -0.186505072 -0.565889839 -0.583407995 0.415713494 0.408149596
1703614372.200774431 -130.618198302 -2.332677004 -0.184654334 -0.563365033 -0.585283329 0.416434241 0.408222717
1703614372.250695467 -130.665682269 -2.338775187 -0.182237191 -0.561954874 -0.586045028 0.416639643 0.408863488
1703614372.400459051 -130.814758456 -2.342739847 -0.187613525 -0.562222573 -0.586341981 0.417657390 0.407027228
1703614372.450380087 -130.861429201 -2.342542664 -0.185964107 -0.562527816 -0.585924765 0.417870684 0.406987368
1703614372.600143671 -131.008947612 -2.340160339 -0.191683384 -0.564153870 -0.585118433 0.417780527 0.405988008
1703614372.670032740 -131.076487412 -2.339180211 -0.192500902 -0.564526877 -0.585079154 0.418155013 0.405139696
1703614372.804820299 -131.208548447 -2.332934736 -0.194263506 -0.566344104 -0.584594588 0.417597805 0.403875719
1703614372.854741573 -131.252110018 -2.329736978 -0.191101470 -0.566039355 -0.583643302 0.417258687 0.406023562
1703614373.004502058 -131.391118996 -2.320634405 -0.191497677 -0.568665337 -0.580368213 0.416023794 0.408309532
1703614373.054422140 -131.439486557 -2.324795111 -0.194320011 -0.569227416 -0.581012932 0.415734294 0.406901854
1703614373.204182386 -131.580495577 -2.343084492 -0.193620451 -0.566512952 -0.583702049 0.414881487 0.407711105
1703614373.269078255 -131.642149850 -2.346872004 -0.195600849 -0.566621250 -0.584066617 0.414682748 0.407240425
1703614373.403862715 -131.768634049 -2.347760406 -0.192871208 -0.566147997 -0.583936752 0.414297361 0.408475228
1703614373.468758821 -131.829230585 -2.345276118 -0.192799160 -0.566911329 -0.582975019 0.414512278 0.408572201
1703614373.613526344 -131.962888350 -2.342608746 -0.190607702 -0.567436845 -0.581274579 0.414647425 0.410125350
1703614373.803223610 -132.139869483 -2.339072863 -0.187384559 -0.568446999 -0.579878239 0.415269150 0.410074102
1703614373.868119717 -132.201084512 -2.339657176 -0.188029169 -0.568316040 -0.580350252 0.414502675 0.410363250
1703614374.012886763 -132.333101387 -2.339586235 -0.187718742 -0.569206649 -0.579562781 0.413037789 0.411716599
1703614374.202582359 -132.503427884 -2.348365557 -0.182287786 -0.568658037 -0.579050717 0.412343827 0.413885095
1703614374.252503395 -132.549657738 -2.351529245 -0.183562454 -0.568202439 -0.580231527 0.411272095 0.413923455
1703614374.402263165 -132.677040054 -2.363307159 -0.172995536 -0.565100958 -0.579829057 0.415838812 0.414170563
1703614374.452182055 -132.724535861 -2.365270732 -0.176462049 -0.565041305 -0.580833294 0.415351705 0.413332758
1703614374.601941824 -132.860170880 -2.365073404 -0.177637360 -0.565473462 -0.580511826 0.415007499 0.413539066
1703614374.666838408 -132.918341215 -2.369893410 -0.176263365 -0.565097848 -0.581087943 0.414182943 0.414069698
1703614374.801621437 -133.038524443 -2.382079238 -0.178436754 -0.564848907 -0.581860910 0.415120341 0.412381736
1703614374.871510267 -133.099790845 -2.385941941 -0.177875350 -0.564435591 -0.581842207 0.416831005 0.411246913
1703614375.001313448 -133.209778842 -2.387749556 -0.170360570 -0.563254459 -0.581255783 0.418229178 0.412274767
1703614375.051238298 -133.253445529 -2.385804099 -0.168832818 -0.563452674 -0.580498185 0.418257723 0.413041668
1703614375.201012373 -133.391391280 -2.382789966 -0.176472012 -0.565618716 -0.579993428 0.415412642 0.413661006
1703614375.250937223 -133.436108578 -2.384912043 -0.175998343 -0.565470042 -0.580100961 0.414957154 0.414170337
1703614375.400712013 -133.569561819 -2.390909912 -0.173049634 -0.564589816 -0.580348269 0.415224752 0.414756111
1703614375.475599289 -133.637233807 -2.391828161 -0.174155915 -0.564571056 -0.580498665 0.415564937 0.414230135
1703614375.605405092 -133.753213271 -2.386128747 -0.175351481 -0.565821791 -0.579790389 0.415310140 0.413770820
1703614375.650337219 -133.793693248 -2.382201329 -0.176359949 -0.566736592 -0.579141573 0.414839217 0.413899864
1703614375.810097933 -133.937080156 -2.369197059 -0.177371571 -0.569422814 -0.576902598 0.412809935 0.415366115
1703614376.004791260 -134.112354841 -2.369271120 -0.178988430 -0.570566767 -0.577312064 0.410641225 0.415377093
1703614376.054709911 -134.156649751 -2.370850322 -0.178845587 -0.569573227 -0.577349208 0.411043268 0.416290359
1703614376.204468727 -134.295760237 -2.365982370 -0.180945939 -0.571373751 -0.576719722 0.409329929 0.416383727
1703614376.254388332 -134.341520199 -2.362618739 -0.182585207 -0.572018531 -0.576306088 0.408501044 0.416884865
1703614376.404147148 -134.479321239 -2.357681131 -0.182745785 -0.572950064 -0.575284943 0.407922834 0.417581632
1703614376.469042540 -134.538892511 -2.359398700 -0.182966083 -0.573011051 -0.575807305 0.408018757 0.416683306
1703614376.603825331 -134.658848513 -2.362757083 -0.178931299 -0.572011316 -0.576021697 0.409258066 0.416545190
1703614376.668721676 -134.716605495 -2.359303078 -0.177749342 -0.572479313 -0.575376456 0.409660432 0.416398488
1703614376.803503752 -134.837171429 -2.344751502 -0.175567716 -0.574513665 -0.573511284 0.410863040 0.414982431
1703614376.868398905 -134.892966213 -2.338887965 -0.171969188 -0.575136840 -0.572371616 0.412295712 0.414271161
1703614377.003185272 -135.008421683 -2.335098210 -0.169912629 -0.574369394 -0.571293930 0.412389808 0.416722558
1703614377.053106308 -135.055117326 -2.336349699 -0.174875965 -0.574981581 -0.571196670 0.411626846 0.416765984
1703614377.202868938 -135.199579252 -2.355394524 -0.178262987 -0.572865501 -0.573878528 0.410832565 0.416779506
1703614377.267765760 -135.262711737 -2.362950537 -0.181063958 -0.571880913 -0.575614410 0.411417029 0.415158162
1703614377.402552605 -135.393096115 -2.373114680 -0.186624283 -0.569843914 -0.578205280 0.413405890 0.412373785
1703614377.452473640 -135.440944088 -2.372639916 -0.186923688 -0.569526083 -0.578791794 0.413596656 0.411798380
1703614377.602236271 -135.570257481 -2.358825693 -0.173787115 -0.570515971 -0.574515252 0.415402667 0.414589407
1703614377.652157545 -135.616240005 -2.357618583 -0.175456054 -0.571273435 -0.573717217 0.415926659 0.414125864
1703614377.801920414 -135.761983058 -2.371298940 -0.183926754 -0.570597667 -0.576460566 0.413967512 0.413209895
1703614377.851841450 -135.809648221 -2.377136228 -0.185056267 -0.569611162 -0.577753734 0.413780825 0.412951784
1703614378.001601458 -135.952822675 -2.385984001 -0.186159829 -0.568088828 -0.579156159 0.414950472 0.411909375
1703614378.071489096 -136.012762647 -2.383983383 -0.180598415 -0.567146077 -0.578397011 0.416010531 0.413203901
1703614378.201281786 -136.124791843 -2.359271547 -0.173191677 -0.570470688 -0.573264814 0.415812348 0.415969636
1703614378.271169186 -136.187741930 -2.345791375 -0.176073829 -0.573378479 -0.571317790 0.414418013 0.416041841
1703614378.400961876 -136.306911027 -2.334867170 -0.178336068 -0.575476861 -0.570117526 0.413077341 0.416124380
1703614378.450880766 -136.353447613 -2.335428884 -0.177759869 -0.574948426 -0.570410777 0.413146042 0.416384679
1703614378.600641727 -136.491640269 -2.347911027 -0.176203387 -0.572785596 -0.573269598 0.414071175 0.414516213
1703614378.670529366 -136.556745421 -2.347099300 -0.179475211 -0.573683238 -0.573789090 0.414641958 0.411977753
1703614378.800322056 -136.671758224 -2.333405263 -0.181348384 -0.575818326 -0.573083541 0.414707795 0.409909692
1703614378.850242138 -136.711669072 -2.324633140 -0.176504141 -0.575885506 -0.570244760 0.417038134 0.411407332
1703614379.004989862 -136.855123519 -2.306418528 -0.175996075 -0.578415937 -0.565895968 0.415737214 0.415161807
1703614379.054908037 -136.903376549 -2.307275864 -0.175485606 -0.578001949 -0.565692671 0.415026894 0.416723201
1703614379.204662800 -137.048490892 -2.324890206 -0.171327350 -0.574927734 -0.567955974 0.416085257 0.416841902
1703614379.254580975 -137.097491023 -2.333454709 -0.169338935 -0.572806794 -0.569085928 0.417098405 0.417207986
1703614379.404335499 -137.250173868 -2.339233768 -0.181469683 -0.573819743 -0.573861175 0.414401369 0.411929314
1703614379.454253435 -137.295275029 -2.337266532 -0.178811560 -0.572768802 -0.572425645 0.415693385 0.414081864
1703614379.604007483 -137.440876937 -2.327770014 -0.172352013 -0.574184030 -0.569494694 0.413915381 0.417926490
1703614379.653925419 -137.488295992 -2.325731096 -0.171490281 -0.574299855 -0.568829137 0.413439448 0.419143068
1703614379.803679228 -137.637159453 -2.345678971 -0.175961771 -0.573280616 -0.572349886 0.417548671 0.411604239
1703614379.853596926 -137.684367094 -2.356210690 -0.176857597 -0.570603644 -0.575887187 0.418333671 0.409588049
1703614380.013342381 -137.842688532 -2.351646770 -0.195261780 -0.572277964 -0.578617992 0.417808128 0.403900384
1703614380.203040838 -138.018940388 -2.327879100 -0.186566690 -0.577109118 -0.571317801 0.417433258 0.407787336
1703614380.252961397 -138.066831080 -2.330631998 -0.186151024 -0.576859124 -0.571297167 0.417365482 0.408239088
1703614380.402723551 -138.211505169 -2.361539559 -0.183960927 -0.572986747 -0.575919841 0.419289102 0.405214972
1703614380.452644348 -138.258624669 -2.371393964 -0.182199202 -0.570551582 -0.577931680 0.421673954 0.403307504
1703614380.602406740 -138.394888546 -2.379857314 -0.173391505 -0.566447402 -0.579838672 0.423166379 0.404789663
1703614380.652327299 -138.438782046 -2.376339487 -0.171566431 -0.567524309 -0.578140186 0.424320311 0.404502606
1703614380.802089930 -138.582187142 -2.370523093 -0.180206757 -0.570217595 -0.576667306 0.422918140 0.404285739
1703614380.852009535 -138.629841705 -2.369687377 -0.180760833 -0.570319577 -0.576804109 0.421273745 0.405661227
1703614381.001769781 -138.778472460 -2.377542906 -0.184180120 -0.571096810 -0.577447551 0.419835699 0.405142870
1703614381.051689148 -138.824436451 -2.384257529 -0.179118827 -0.569306954 -0.577372113 0.421143340 0.406410288
1703614381.201447725 -138.975394988 -2.404079511 -0.186105417 -0.566893542 -0.581020123 0.422043071 0.403642137
1703614381.251367092 -139.027044181 -2.410603577 -0.187603677 -0.565745518 -0.581972285 0.423142901 0.402728635
1703614381.401125431 -139.171733050 -2.416682770 -0.183150693 -0.565359932 -0.582222389 0.422073911 0.404028280
1703614381.451045036 -139.221286037 -2.419136726 -0.185469672 -0.566087652 -0.582137091 0.420653606 0.404613051
1703614381.600803137 -139.366727846 -2.428767525 -0.177683241 -0.565138745 -0.582750278 0.421486138 0.404190237
1703614381.650722742 -139.411629878 -2.429874911 -0.173586902 -0.563454667 -0.582322881 0.422764268 0.405819262
1703614381.800480843 -139.563571520 -2.421705550 -0.182676440 -0.566194802 -0.581645452 0.420710905 0.405110292
1703614381.850400448 -139.610331452 -2.422111070 -0.182067654 -0.566494427 -0.581952042 0.419363752 0.405647542
1703614382.000157118 -139.758411354 -2.416432825 -0.186333134 -0.568847356 -0.580224573 0.419542122 0.404643718
1703614382.065051556 -139.822798934 -2.416369439 -0.188678668 -0.569214235 -0.580713997 0.419349324 0.403624273
1703614382.204823732 -139.962030410 -2.410177802 -0.190764204 -0.570340076 -0.580931723 0.419528405 0.401530134
1703614382.254742384 -140.011389078 -2.407558285 -0.192298994 -0.570406565 -0.581016455 0.417760286 0.403153287
1703614382.404498577 -140.156838798 -2.405684801 -0.196356932 -0.574381951 -0.579017145 0.412782511 0.405506003
1703614382.469393253 -140.215718755 -2.412527255 -0.190765833 -0.573085725 -0.578250316 0.414754209 0.406421296
1703614382.604172707 -140.338288283 -2.423854573 -0.180028494 -0.568058605 -0.579401348 0.418518730 0.407977415
1703614382.654091120 -140.385534049 -2.423993272 -0.179375609 -0.567640400 -0.579425113 0.419152535 0.407875063
1703614382.803846359 -140.533652893 -2.411527475 -0.184553428 -0.570675657 -0.577982108 0.418748096 0.406098522
1703614382.853765011 -140.581051206 -2.406662595 -0.182123243 -0.570685563 -0.576958793 0.418243591 0.408054944
1703614383.003526449 -140.725341436 -2.393627304 -0.179289089 -0.573463075 -0.573704496 0.416849826 0.410170058
1703614383.068422794 -140.787533834 -2.391014564 -0.179315570 -0.574326458 -0.573217740 0.416485127 0.410013026
1703614383.203207731 -140.916502986 -2.388632819 -0.177458543 -0.573843529 -0.572799717 0.416059852 0.411701697
1703614383.253129244 -140.966739858 -2.388009058 -0.179521276 -0.574968168 -0.573008428 0.416455092 0.409436324
1703614383.402890205 -141.111158062 -2.395040314 -0.177940924 -0.572941916 -0.574716558 0.416608278 0.409726716
1703614383.452811480 -141.158318856 -2.393242415 -0.176275430 -0.573032613 -0.574317486 0.415660955 0.411119228
1703614383.602573395 -141.304106556 -2.382895559 -0.181288458 -0.577005798 -0.571399281 0.413587333 0.411719187
1703614383.652494192 -141.352061137 -2.383263509 -0.179817586 -0.576399903 -0.571336776 0.413344048 0.412897249
1703614383.802255869 -141.496750225 -2.386550379 -0.176703960 -0.574745498 -0.571810778 0.416811034 0.411057915
1703614383.867152691 -141.558931229 -2.386237959 -0.173532220 -0.574007819 -0.571966505 0.418351223 0.410306709
1703614384.001933813 -141.690694036 -2.380540530 -0.174737180 -0.574508818 -0.571521241 0.416345154 0.412261812
1703614384.051852465 -141.739488334 -2.380398498 -0.173915797 -0.575430548 -0.570607841 0.416223660 0.412364209
1703614384.201608419 -141.882244518 -2.405832143 -0.167511012 -0.572475374 -0.573236468 0.417606685 0.411432321
1703614384.251527071 -141.930365840 -2.414176577 -0.167895091 -0.571536402 -0.575159024 0.416863877 0.410807432
1703614384.401282787 -142.067385566 -2.421660511 -0.166817669 -0.569590966 -0.576847151 0.417372269 0.410626210
1703614384.451201439 -142.114487631 -2.421301020 -0.168282990 -0.570292302 -0.576986013 0.416984684 0.409850710
1703614384.600956678 -142.251647910 -2.425688878 -0.167784705 -0.570195359 -0.576562655 0.419299420 0.408216554
1703614384.650875330 -142.298020215 -2.426827094 -0.167583907 -0.569730650 -0.577431127 0.418992846 0.407952540
1703614384.800630569 -142.432026368 -2.406354798 -0.167570327 -0.573067029 -0.574385146 0.419129807 0.407438448
1703614384.850548983 -142.477034549 -2.398074335 -0.169641983 -0.574647285 -0.573447684 0.418120295 0.407570449
1703614385.000305176 -142.608757097 -2.384955490 -0.167821923 -0.576794314 -0.570115487 0.415845686 0.411520372
1703614385.070191622 -142.669648630 -2.382702234 -0.164895900 -0.577189694 -0.569015875 0.415573169 0.412761350
1703614385.204972506 -142.792925936 -2.383533221 -0.167752340 -0.577394977 -0.569794839 0.416141206 0.410822807
1703614385.254890919 -142.836926047 -2.382966883 -0.165126952 -0.577029318 -0.569967057 0.415871185 0.411370730
1703614385.404646635 -142.966894194 -2.371758001 -0.166138436 -0.579111403 -0.567664515 0.415662404 0.411839468
1703614385.469540834 -143.021406894 -2.371139189 -0.162256418 -0.578502906 -0.567000877 0.416292180 0.412971202
1703614385.604321003 -143.141959585 -2.370032510 -0.165032792 -0.579424343 -0.568217372 0.414486626 0.411821911
1703614385.669214725 -143.194134433 -2.368927953 -0.160140987 -0.578630302 -0.568160897 0.415314386 0.412182154
1703614385.803994894 -143.302521566 -2.369476240 -0.157916595 -0.577373923 -0.568475416 0.416306493 0.412509342
1703614385.868888617 -143.356923680 -2.373337395 -0.157868108 -0.577205397 -0.568746977 0.415419128 0.413264751
1703614386.003669262 -143.472976974 -2.386165856 -0.164343917 -0.577733756 -0.570170386 0.414647301 0.411335694
1703614386.053587675 -143.513598702 -2.389313797 -0.162944499 -0.576880314 -0.570395292 0.416235133 0.410617374
1703614386.203343153 -143.637369294 -2.386003669 -0.163348659 -0.576355831 -0.571774898 0.416812474 0.408845673
1703614386.253261805 -143.677602924 -2.382556484 -0.162308601 -0.576211460 -0.571502616 0.416186645 0.410065591
1703614386.403017044 -143.799997964 -2.380394004 -0.162523046 -0.578410561 -0.570107217 0.413258705 0.411869188
1703614386.467911005 -143.852278598 -2.388243435 -0.160127768 -0.577852153 -0.570214370 0.413724634 0.412036878
1703614386.602690935 -143.959719021 -2.407689881 -0.158485561 -0.574129479 -0.573846829 0.415930961 0.409971455
1703614386.667584419 -144.008909138 -2.414854728 -0.154287737 -0.571504671 -0.575161897 0.419111067 0.408554912
1703614386.802364349 -144.113164188 -2.407743156 -0.156909509 -0.570209112 -0.576503461 0.422337429 0.405137538
1703614386.852282524 -144.151701659 -2.398452092 -0.156438475 -0.572031068 -0.574875802 0.422360645 0.404857698
1703614387.002037287 -144.265263329 -2.374118799 -0.150590500 -0.577729700 -0.568697025 0.417859895 0.410128267
1703614387.066931009 -144.313099661 -2.371910444 -0.150819691 -0.578805447 -0.567808651 0.416130269 0.411598335
1703614387.201710224 -144.413536276 -2.385194917 -0.150128132 -0.576437752 -0.570014512 0.418224284 0.409745558
1703614387.251628399 -144.453055511 -2.390633180 -0.153628708 -0.575207720 -0.571776712 0.419921082 0.407276019
1703614387.401382923 -144.569631338 -2.392800240 -0.156716446 -0.573255207 -0.574401004 0.419727212 0.406535388
1703614387.451301098 -144.610005585 -2.386583222 -0.157778602 -0.574632185 -0.573127035 0.418407919 0.407747553
1703614387.601055145 -144.724031244 -2.384595081 -0.153598069 -0.576705485 -0.570522436 0.418544100 0.408332917
1703614387.650973320 -144.762287165 -2.387833873 -0.153924352 -0.576000643 -0.571403443 0.419092270 0.407532862
1703614387.800727367 -144.876573346 -2.402499464 -0.156032498 -0.572040431 -0.576481310 0.419483092 0.405552684
1703614387.850645304 -144.914863542 -2.403064176 -0.158801976 -0.572004410 -0.576947327 0.418423478 0.406035134
1703614388.000401974 -145.030862641 -2.404426480 -0.155519963 -0.573546676 -0.574637017 0.415122343 0.410499634
1703614388.070289373 -145.086049791 -2.405242160 -0.156421559 -0.574070391 -0.573918135 0.414354105 0.411548097
1703614388.200078726 -145.189322271 -2.414434283 -0.150977973 -0.571771528 -0.574807498 0.416794865 0.411042212
1703614388.269965887 -145.244518426 -2.420086605 -0.149239641 -0.569840183 -0.576578770 0.417805821 0.410216264
1703614388.404746532 -145.354156754 -2.422142645 -0.153097567 -0.568860439 -0.577742481 0.418659737 0.409066561
1703614388.469642401 -145.409756655 -2.419647685 -0.153439810 -0.569558963 -0.576949573 0.418062643 0.409823627
1703614388.604423046 -145.524456029 -2.418003376 -0.153060269 -0.571144425 -0.575461709 0.415375174 0.412433427
1703614388.669318914 -145.579538137 -2.417638522 -0.153292636 -0.571462170 -0.575189485 0.414531282 0.413221322
1703614388.804100513 -145.693928272 -2.418133955 -0.151875042 -0.571654424 -0.575604012 0.414730577 0.412176890
1703614388.854019642 -145.732759379 -2.418535485 -0.147615777 -0.571075880 -0.575385929 0.416637161 0.411359755
1703614389.003775358 -145.851470874 -2.421158215 -0.148421082 -0.569839219 -0.576434955 0.419221243 0.408973785
1703614389.068670750 -145.907030531 -2.416750883 -0.155893945 -0.570854872 -0.577243577 0.417639840 0.408033739
1703614389.203451633 -146.016207716 -2.400157261 -0.152919420 -0.574005556 -0.573682719 0.418194343 0.408067703
1703614389.268345594 -146.072116997 -2.398312140 -0.155893138 -0.574955351 -0.572981871 0.418917923 0.406971613
1703614389.403125525 -146.189957268 -2.402407231 -0.155376380 -0.573460068 -0.573783062 0.420205022 0.406625489
1703614389.453045368 -146.233395497 -2.403414631 -0.154224678 -0.572497524 -0.573447605 0.420315831 0.408336909
1703614389.602801561 -146.373278855 -2.406623266 -0.159535467 -0.574082303 -0.573839956 0.418500811 0.407423964
1703614389.652719975 -146.419467968 -2.409401121 -0.161780366 -0.574051606 -0.574416763 0.418233660 0.406928424
1703614389.802476168 -146.563327789 -2.416114300 -0.168425465 -0.572757402 -0.576483635 0.415589677 0.408534940
1703614389.852394581 -146.612923902 -2.417190439 -0.170381903 -0.573829906 -0.576127821 0.415701812 0.407416220
1703614390.002151728 -146.760812361 -2.427829781 -0.166132086 -0.571549562 -0.577796185 0.414801765 0.409172534
1703614390.067046165 -146.826079558 -2.431744361 -0.165474467 -0.571046632 -0.578792791 0.413444153 0.409839703
1703614390.201827526 -146.962687401 -2.440540335 -0.173927946 -0.572080367 -0.579881731 0.413836627 0.406448616
1703614390.251746893 -147.011223484 -2.444849694 -0.171155968 -0.571151469 -0.579874968 0.415744568 0.405817047
1703614390.401503563 -147.157190318 -2.436899374 -0.163564340 -0.569136442 -0.579207840 0.417117288 0.408185199
1703614390.451422691 -147.207528617 -2.428537979 -0.164515614 -0.571068191 -0.577594565 0.416554152 0.408348232
1703614390.601179361 -147.360554394 -2.409559279 -0.167906975 -0.575741580 -0.574140669 0.411896138 0.411370510
1703614390.651098490 -147.411768750 -2.413954627 -0.171678506 -0.575082576 -0.575264310 0.410458674 0.412158564
1703614390.800855160 -147.568213572 -2.428704752 -0.181925741 -0.572883905 -0.578486931 0.410813800 0.410352194
1703614390.850773811 -147.626204286 -2.431701067 -0.189055169 -0.573764101 -0.579971387 0.410479058 0.407351064
1703614391.000537634 -147.778713651 -2.424255879 -0.180660392 -0.572669237 -0.577887286 0.414941745 0.407332271
1703614391.050459623 -147.834315651 -2.418040102 -0.184257831 -0.574277960 -0.577704377 0.413491807 0.406800937
1703614391.200226307 -147.992530294 -2.400661043 -0.181926932 -0.577443480 -0.573624200 0.413435655 0.408148581
1703614391.250148773 -148.043617394 -2.401580496 -0.176380647 -0.576792403 -0.572593181 0.414921526 0.409008190
1703614391.404907703 -148.209890422 -2.404497118 -0.178666101 -0.575861344 -0.573397023 0.414221983 0.409902080
1703614391.454830408 -148.259935251 -2.407463881 -0.173005963 -0.574304418 -0.572982103 0.415150360 0.411723358
1703614391.604598045 -148.415789286 -2.413633378 -0.172140919 -0.574418398 -0.573672345 0.414755264 0.411000748
1703614391.634551287 -148.446758793 -2.417688213 -0.172834739 -0.574029759 -0.574027697 0.414590658 0.411213601
1703614391.804289103 -148.615023370 -2.432894150 -0.165230654 -0.570401615 -0.574719262 0.417637988 0.412211449
1703614391.869188547 -148.685349261 -2.438456534 -0.170542712 -0.569249698 -0.576313678 0.418754117 0.410441609
1703614392.003971577 -148.821203014 -2.436378400 -0.166786849 -0.568184052 -0.576259570 0.423355165 0.407261826
1703614392.053890705 -148.874501289 -2.435855784 -0.168807975 -0.568475697 -0.575914933 0.423121971 0.407584556
1703614392.203647375 -149.027175599 -2.438970929 -0.170098503 -0.569643087 -0.574775370 0.419850408 0.410932675
1703614392.253566504 -149.079523152 -2.444135356 -0.169504206 -0.569535970 -0.574397120 0.420293095 0.411157442
1703614392.403322935 -149.234600203 -2.468366925 -0.171387770 -0.565107650 -0.577207788 0.421052928 0.412551748
1703614392.453241825 -149.289458704 -2.474063519 -0.173171854 -0.564690085 -0.578220957 0.422152474 0.410576329
1703614392.602998495 -149.447728015 -2.494702256 -0.174410958 -0.560579832 -0.583042331 0.423647841 0.407841144
1703614392.652917147 -149.499046815 -2.499871068 -0.173042679 -0.559025985 -0.583229692 0.423681774 0.409666729
1703614392.802673817 -149.653467720 -2.504152458 -0.170359386 -0.561065418 -0.581810475 0.423110115 0.409487482
1703614392.852592468 -149.705257419 -2.508347650 -0.171714082 -0.561460858 -0.582804323 0.422094430 0.408579391
1703614393.002342463 -149.850417557 -2.509136956 -0.168293728 -0.560428997 -0.582882006 0.424135725 0.407770515
1703614393.042276382 -149.890660250 -2.507144929 -0.170836333 -0.561338751 -0.582598045 0.423767573 0.407307462
1703614393.202007055 -150.046513357 -2.501877353 -0.179830819 -0.565521994 -0.581145396 0.421829366 0.405604350
1703614393.251923084 -150.098726957 -2.512037720 -0.185810507 -0.565060618 -0.583573018 0.419899199 0.404763750
1703614393.401671171 -150.245380514 -2.529290767 -0.189658475 -0.562365570 -0.587082155 0.420355665 0.402964792
1703614393.451586962 -150.295000855 -2.531007298 -0.193348940 -0.562603286 -0.587457170 0.419845606 0.402618037
1703614393.601334572 -150.442470935 -2.516284489 -0.195984493 -0.566925059 -0.583529440 0.418531648 0.403634278
1703614393.651250362 -150.491066304 -2.514126441 -0.197407129 -0.568063989 -0.583213668 0.417189526 0.403878721
1703614393.800997496 -150.630904653 -2.507146840 -0.191813081 -0.567609729 -0.580573401 0.418983310 0.406456279
1703614393.850913048 -150.679637442 -2.505637475 -0.190260775 -0.568204830 -0.579278279 0.419560030 0.406877535
1703614394.000669241 -150.828858111 -2.509204418 -0.193748319 -0.568623137 -0.580150941 0.417210865 0.407464977
1703614394.050589085 -150.876470499 -2.511995856 -0.191484873 -0.567564232 -0.579881763 0.417906891 0.408609611
1703614394.200349331 -151.019150319 -2.526480500 -0.183448944 -0.564643402 -0.580255177 0.420194865 0.409778029
1703614394.250269175 -151.069285389 -2.530165691 -0.182789091 -0.565023450 -0.581050382 0.419212259 0.409133275
1703614394.400029659 -151.216637109 -2.536876979 -0.191494497 -0.564821798 -0.582256471 0.416227997 0.410740786
1703614394.444957972 -151.262917295 -2.540985269 -0.195837160 -0.566410200 -0.583592886 0.414241866 0.408659400
1703614394.604702473 -151.413418516 -2.567941789 -0.197532178 -0.562755084 -0.587978838 0.414537289 0.407119685
1703614394.654621363 -151.458962603 -2.573483723 -0.195305201 -0.561764086 -0.587985370 0.416250763 0.406730401
1703614394.804382801 -151.597325429 -2.583155197 -0.193653833 -0.559889392 -0.589372246 0.416690885 0.406857383
1703614394.854301691 -151.642047098 -2.582610619 -0.190739079 -0.560165874 -0.587707060 0.417739116 0.407809559
1703614395.004061699 -151.781988878 -2.589895068 -0.191404361 -0.559538830 -0.587450922 0.417036322 0.409754095
1703614395.053982019 -151.829284686 -2.594791963 -0.190998395 -0.558893025 -0.587907096 0.416218522 0.410811362
1703614395.203742981 -151.967443190 -2.616488910 -0.188998029 -0.556166401 -0.589954015 0.416114375 0.411681942
1703614395.268638611 -152.024442047 -2.625463641 -0.184383389 -0.554905654 -0.589894736 0.418278552 0.411274810
1703614395.403423071 -152.145006889 -2.630013462 -0.187140845 -0.554994413 -0.590957797 0.420331262 0.407518975
1703614395.453342915 -152.186946418 -2.625550005 -0.186713793 -0.555536845 -0.590075657 0.420856462 0.407516100
1703614395.603102207 -152.318416091 -2.586619425 -0.188031733 -0.562372788 -0.583919548 0.419168163 0.408745471
1703614395.653023243 -152.360734840 -2.579103577 -0.187628381 -0.564108515 -0.582072691 0.418152023 0.410026647
1703614395.802783489 -152.495556799 -2.568656608 -0.194448571 -0.567595288 -0.580386444 0.414432765 0.411378959
1703614395.867679358 -152.549994344 -2.575227539 -0.191281317 -0.566337919 -0.580717712 0.415343636 0.411725594
1703614396.002463579 -152.665558455 -2.586402072 -0.191661995 -0.564824096 -0.582526212 0.414544973 0.412055115
1703614396.052385092 -152.709023768 -2.588078487 -0.193939268 -0.565452943 -0.583227911 0.413739637 0.411008135
1703614396.202145576 -152.829354871 -2.589255779 -0.192917065 -0.564145517 -0.582562158 0.413520852 0.413958539
1703614396.252066135 -152.873481631 -2.588100625 -0.193901410 -0.565370156 -0.581720221 0.412793998 0.414197159
1703614396.401827574 -153.002115973 -2.595110482 -0.194013963 -0.565376123 -0.581629760 0.412622430 0.414486901
1703614396.451748371 -153.044466252 -2.597862433 -0.190265853 -0.563937614 -0.582211825 0.411917688 0.416326286
1703614396.601511240 -153.169531178 -2.589939946 -0.187451307 -0.564720986 -0.580884808 0.412804055 0.416240145
1703614396.651431799 -153.211012957 -2.587308635 -0.184992989 -0.565423180 -0.580193433 0.412907896 0.416148145
1703614396.801193953 -153.328475434 -2.578810039 -0.173587200 -0.565943468 -0.577396444 0.412818413 0.419407076
1703614396.871082067 -153.379380733 -2.575587699 -0.166053628 -0.565701309 -0.575570643 0.412548501 0.422497573
1703614397.000874043 -153.482298657 -2.566558072 -0.173084395 -0.567985641 -0.574550403 0.407930972 0.425295742
1703614397.050794840 -153.524413368 -2.569269646 -0.178316162 -0.568609264 -0.575580800 0.405572660 0.425324659
1703614397.200554848 -153.645829689 -2.591082462 -0.187236776 -0.567279999 -0.579456144 0.404807169 0.422557849
1703614397.250474930 -153.687185478 -2.599260659 -0.189749360 -0.566288924 -0.581493670 0.405383075 0.420531246
1703614397.400234938 -153.796804315 -2.591018456 -0.189459715 -0.565790346 -0.581939972 0.408594937 0.417465364
1703614397.450154781 -153.835526386 -2.580221891 -0.191268738 -0.567097480 -0.580086326 0.409094932 0.417781809
1703614397.604906321 -153.964146067 -2.556240942 -0.199540520 -0.571621236 -0.577523467 0.410007346 0.414258113
1703614397.654826403 -154.003737336 -2.558499671 -0.196089551 -0.570723273 -0.577060063 0.411076845 0.415081266
1703614397.804586172 -154.131354467 -2.576307123 -0.197242356 -0.569102102 -0.578365010 0.411016971 0.415549952
1703614397.869482279 -154.187005392 -2.583961169 -0.195907872 -0.568622209 -0.578730170 0.412326234 0.414399869
1703614398.004267693 -154.300762515 -2.591570216 -0.193933977 -0.566511049 -0.580181695 0.414336847 0.413254654
1703614398.054188013 -154.346669001 -2.589080255 -0.196879082 -0.566298559 -0.580997257 0.411506066 0.415223900
1703614398.203949928 -154.475495172 -2.572481067 -0.191520096 -0.570103253 -0.576937527 0.410013999 0.417149724
1703614398.253870487 -154.517225285 -2.574286374 -0.189758843 -0.569739573 -0.576603180 0.409069039 0.419032353
1703614398.403632879 -154.647219102 -2.602751938 -0.190959146 -0.566053666 -0.580467805 0.411609296 0.416194861
1703614398.453554392 -154.693209090 -2.614585973 -0.192151353 -0.563916230 -0.583509952 0.411850986 0.414600274
1703614398.603316784 -154.823826986 -2.615195251 -0.190550607 -0.563783806 -0.584394214 0.412761486 0.412624743
1703614398.668213606 -154.879721720 -2.605636189 -0.188389028 -0.565716803 -0.582207461 0.413071076 0.412760533
1703614398.802999973 -154.993587669 -2.583242773 -0.186781799 -0.570639503 -0.579527503 0.413704984 0.409104653
1703614398.867897034 -155.043502078 -2.578549893 -0.182001562 -0.570452375 -0.578863068 0.414420174 0.409582172
1703614399.002684116 -155.150120532 -2.565634518 -0.182209233 -0.573138681 -0.576197544 0.413461478 0.410558215
1703614399.067581892 -155.204140809 -2.568907051 -0.182441152 -0.573515737 -0.575807890 0.413262183 0.410778944
1703614399.202369690 -155.317470329 -2.589135755 -0.181662835 -0.571164790 -0.578747137 0.415003910 0.408159636
1703614399.267267227 -155.373533506 -2.595498478 -0.180143444 -0.568642708 -0.579431631 0.418203146 0.407443966
1703614399.402055740 -155.492559617 -2.601522768 -0.177092173 -0.566007575 -0.581858546 0.420675380 0.405102804
1703614399.451977015 -155.535800052 -2.599728665 -0.174461292 -0.565354762 -0.580636791 0.421138485 0.407280354
1703614399.601742029 -155.671743755 -2.599699385 -0.169864876 -0.566992200 -0.577777993 0.419485224 0.410760980
1703614399.651663542 -155.717486592 -2.605894181 -0.168576984 -0.566349270 -0.578558292 0.419096699 0.410946182
1703614399.801428556 -155.853632616 -2.628208663 -0.163764778 -0.562488490 -0.580576033 0.422244343 0.410180305
1703614399.851350307 -155.901260003 -2.633936186 -0.164461756 -0.561929730 -0.581843012 0.423107133 0.408257323
1703614400.001113176 -156.041357973 -2.629624527 -0.159299185 -0.561887072 -0.580370602 0.426278366 0.407111332
1703614400.071002483 -156.108741522 -2.625934613 -0.158373852 -0.563110307 -0.579582497 0.425152100 0.407721232
1703614400.200795650 -156.230920413 -2.618992195 -0.162048651 -0.566663703 -0.578140050 0.421930035 0.408192818
1703614400.250716209 -156.279662715 -2.622337595 -0.166109732 -0.566387923 -0.578719773 0.421037418 0.408675467
1703614400.400478125 -156.432863240 -2.645407433 -0.173398010 -0.563959609 -0.583123340 0.420621242 0.406195150
1703614400.470367432 -156.500705419 -2.654143563 -0.169468668 -0.562466345 -0.584239799 0.421948700 0.405283557
1703614400.600160837 -156.629290190 -2.650740878 -0.173803373 -0.563428183 -0.584751054 0.422578058 0.402545243
1703614400.650081635 -156.677340034 -2.646127160 -0.176193260 -0.563780770 -0.584508684 0.421953499 0.403058415
1703614400.804836273 -156.829881377 -2.617623683 -0.186638905 -0.570141380 -0.580188086 0.421087120 0.401255815
1703614400.854757071 -156.879524405 -2.615791996 -0.183989864 -0.571073278 -0.578875692 0.421950147 0.400919341
1703614401.004519224 -157.034719217 -2.628740016 -0.190312273 -0.570024686 -0.581501258 0.417206139 0.403568063
1703614401.054440022 -157.085446605 -2.634337129 -0.190770232 -0.569834074 -0.581748453 0.417312515 0.403370959
1703614401.204202414 -157.236375270 -2.654373781 -0.187927376 -0.567701075 -0.585111877 0.417604999 0.401205241
1703614401.254123211 -157.282940885 -2.656762607 -0.182506557 -0.565997950 -0.584984536 0.418338070 0.403029369
1703614401.403885841 -157.430359109 -2.651639700 -0.181611806 -0.567655477 -0.583097736 0.418012163 0.403769887
1703614401.453806639 -157.481416405 -2.652593698 -0.183455581 -0.569001920 -0.583511115 0.417198524 0.402115637
1703614401.603569269 -157.633466276 -2.643547820 -0.187809870 -0.570766148 -0.582206904 0.417275017 0.401425816
1703614401.653491259 -157.685036773 -2.642092136 -0.189156372 -0.571440983 -0.582068694 0.416911429 0.401043761
1703614401.803254128 -157.841071435 -2.641448261 -0.192005058 -0.571901873 -0.582510560 0.417064109 0.399583814
1703614401.853175163 -157.892970431 -2.641220082 -0.191164594 -0.571993961 -0.582109511 0.417100150 0.399998612
1703614402.002936363 -158.047565449 -2.638256670 -0.185396703 -0.571775791 -0.578779465 0.414095106 0.408181355
1703614402.052857876 -158.103351810 -2.637685155 -0.189617851 -0.573771739 -0.578560189 0.412020385 0.407790757
1703614402.202620029 -158.258110161 -2.645310115 -0.178924097 -0.571814716 -0.578720095 0.413182119 0.409135087
1703614402.252540827 -158.309188192 -2.646422678 -0.177733481 -0.571145935 -0.578711974 0.414801289 0.408441750
1703614402.402302980 -158.458102357 -2.630665922 -0.170811488 -0.570589556 -0.575042364 0.417932944 0.411200550
1703614402.452223539 -158.510148774 -2.625550797 -0.172643931 -0.572846347 -0.574619271 0.416889696 0.409710553
1703614402.601985931 -158.662987848 -2.622711693 -0.174234165 -0.572588284 -0.573298431 0.413982964 0.414836922
1703614402.651906729 -158.715502779 -2.625746526 -0.173768796 -0.573141151 -0.573176642 0.413519328 0.414704139
1703614402.801668882 -158.869990412 -2.652754091 -0.171164643 -0.570314949 -0.576003813 0.415257813 0.412942387
1703614402.851589918 -158.921924945 -2.660939326 -0.173616613 -0.569109626 -0.578948662 0.414336001 0.411410207
1703614403.001351357 -159.066937016 -2.662780837 -0.169706735 -0.566680425 -0.579917451 0.417845754 0.409846278
1703614403.041288376 -159.109009625 -2.658094789 -0.175664105 -0.568593895 -0.580474434 0.416570364 0.407700314
1703614403.201032639 -159.265607635 -2.638450624 -0.172407286 -0.571808862 -0.575704388 0.416597173 0.409933993
1703614403.250954151 -159.313386408 -2.638018635 -0.168080679 -0.571676064 -0.574964637 0.416384824 0.411370662
1703614403.400715113 -159.456412729 -2.646349329 -0.162719365 -0.569944702 -0.574497265 0.419342446 0.411421732
1703614403.470602751 -159.530773188 -2.654522808 -0.174631788 -0.569104179 -0.577995493 0.416971616 0.410093058
1703614403.600396395 -159.659882419 -2.663041442 -0.177120464 -0.568864175 -0.578735481 0.419861988 0.406416911
1703614403.650316715 -159.711311974 -2.669374572 -0.178628139 -0.568093062 -0.580241054 0.420074738 0.405126903
1703614403.800077677 -159.860188079 -2.678457383 -0.178353556 -0.567873190 -0.581582289 0.422051334 0.401440846
1703614403.854989767 -159.912393969 -2.681859040 -0.178319556 -0.568414945 -0.581924348 0.422874764 0.399306195
1703614404.004751205 -160.041881576 -2.706494005 -0.170244054 -0.564833100 -0.583977445 0.428066387 0.395844769
1703614404.054671764 -160.086124652 -2.719134272 -0.170797922 -0.563107767 -0.586636471 0.428875696 0.393488159
1703614404.204433680 -160.210087360 -2.764216847 -0.170845766 -0.557101269 -0.591758861 0.433142224 0.389676071
1703614404.254354239 -160.252829381 -2.780963825 -0.172210570 -0.555825654 -0.593279916 0.433419210 0.388876037
1703614404.404117107 -160.377970945 -2.821677301 -0.170300643 -0.552270449 -0.596023635 0.435933407 0.386930539
1703614404.459029436 -160.424720468 -2.839106811 -0.170204913 -0.550044987 -0.598339050 0.436172466 0.386257005
1703614404.603799820 -160.540930498 -2.864328575 -0.162067090 -0.545803070 -0.600749063 0.440358453 0.383775983
1703614404.653720379 -160.581594215 -2.868922848 -0.163035892 -0.545812088 -0.600937579 0.441565110 0.382077798
1703614404.803482771 -160.704222583 -2.898723994 -0.167335372 -0.543713846 -0.603285212 0.441896411 0.380985260
1703614404.853403330 -160.743817707 -2.913315302 -0.168830783 -0.542361431 -0.604757162 0.440397645 0.382312395
1703614405.003165722 -160.858191192 -2.976296826 -0.166781680 -0.536610834 -0.608992301 0.442432778 0.381353415
1703614405.053086758 -160.894122391 -3.004543648 -0.169161394 -0.533319639 -0.612419172 0.443807785 0.378876721
1703614405.202849388 -161.000082082 -3.093388795 -0.176007381 -0.522345934 -0.623852611 0.446549665 0.372231167
1703614405.267746449 -161.043680879 -3.121657864 -0.173100053 -0.518265302 -0.626175024 0.449870031 0.370030907
1703614405.402533293 -161.144029683 -3.166167379 -0.174381941 -0.512952007 -0.630617901 0.454833579 0.363768769
1703614405.467431068 -161.191890984 -3.181709762 -0.176229395 -0.512082474 -0.631674766 0.456051167 0.361629456
1703614405.602216959 -161.296812941 -3.213631183 -0.178676420 -0.511832742 -0.633175893 0.454528558 0.361274580
1703614405.667115211 -161.341236930 -3.231272657 -0.174891654 -0.510946399 -0.632311377 0.455842618 0.362385992
1703614405.801902056 -161.441348309 -3.284814578 -0.175190238 -0.507231616 -0.635420160 0.458429166 0.358887179
1703614405.851823330 -161.475276803 -3.310388393 -0.177370324 -0.503910390 -0.638556197 0.459375417 0.356783588
1703614406.001586199 -161.578810572 -3.381318337 -0.173451591 -0.494911300 -0.645902693 0.462722674 0.351795740
1703614406.051507235 -161.609336934 -3.403200877 -0.170875765 -0.493378592 -0.646539470 0.463806085 0.351351952
1703614406.201270342 -161.704517316 -3.482492136 -0.169406230 -0.486621693 -0.651375860 0.465799234 0.349198926
1703614406.271160126 -161.745935477 -3.521408721 -0.171840196 -0.481573323 -0.654737035 0.467428535 0.347731383
1703614406.400954247 -161.838110164 -3.580275165 -0.181344057 -0.475564359 -0.660359364 0.468254569 0.344240773
1703614406.470844269 -161.884054526 -3.607064365 -0.178871668 -0.473535859 -0.660902149 0.471322368 0.341800182
1703614406.600638628 -161.980280819 -3.648630123 -0.178876018 -0.471756525 -0.662336559 0.472332534 0.340085344
1703614406.670528889 -162.030617873 -3.670870302 -0.179662336 -0.471675544 -0.662424091 0.472943519 0.339176847
1703614406.800323248 -162.128340800 -3.702434927 -0.177082228 -0.471286022 -0.662534359 0.473975553 0.338060473
1703614406.870213270 -162.178679380 -3.718080103 -0.174920759 -0.471816565 -0.661982902 0.473858231 0.338564829
1703614407.000008821 -162.278037687 -3.744599237 -0.174686412 -0.472985463 -0.660833103 0.471521693 0.342420289
1703614407.069897652 -162.324561257 -3.767904575 -0.168929826 -0.471869681 -0.659820625 0.473087581 0.343749746
1703614407.204684734 -162.433263718 -3.808766137 -0.170807162 -0.470200816 -0.660594499 0.472819526 0.344917086
1703614407.254606009 -162.474531321 -3.820620892 -0.174561717 -0.470844826 -0.660477924 0.471910604 0.345506069
1703614407.404369354 -162.616375095 -3.830722816 -0.176997903 -0.476217033 -0.656879299 0.470844743 0.346456566
1703614407.469267845 -162.676258779 -3.838764011 -0.181725667 -0.478263323 -0.656511699 0.468409182 0.347634033
1703614407.604054451 -162.807232746 -3.845722823 -0.186201341 -0.483556004 -0.653469467 0.465547873 0.349880588
1703614407.653976679 -162.851576534 -3.853433586 -0.185084612 -0.484680837 -0.652253726 0.464259594 0.352296171
1703614407.803740501 -162.995618329 -3.849554024 -0.182375510 -0.491459765 -0.646880481 0.458501165 0.360263271
1703614407.853661776 -163.040117561 -3.849585999 -0.180680998 -0.494308781 -0.643826712 0.458824438 0.361422369
1703614408.003424883 -163.186188111 -3.829505605 -0.181603515 -0.501708638 -0.639230032 0.454150867 0.365267572
1703614408.053345442 -163.229058594 -3.823012012 -0.178628208 -0.503936660 -0.636495992 0.452970604 0.368426827
1703614408.203107357 -163.376356721 -3.776897401 -0.187221798 -0.516484802 -0.626541409 0.442953392 0.380107360
1703614408.258020878 -163.427836320 -3.765385963 -0.185561648 -0.521510360 -0.622178177 0.440606136 0.383128559
1703614408.402790308 -163.568582975 -3.724616687 -0.186117879 -0.529889002 -0.615141916 0.433677408 0.390822177
1703614408.452711105 -163.615919506 -3.708252073 -0.186068491 -0.533921907 -0.612080613 0.432237341 0.391734095
1703614408.602474451 -163.750271212 -3.619568201 -0.186355441 -0.546434060 -0.600364536 0.423086464 0.402455073
1703614408.652395010 -163.793709111 -3.589390444 -0.183300456 -0.552180928 -0.594938411 0.419157854 0.406756934
1703614408.802157164 -163.921074568 -3.495593341 -0.185239893 -0.566285691 -0.580056866 0.407036894 0.420922221
1703614408.852078199 -163.965959843 -3.472335795 -0.186966883 -0.569599571 -0.576034947 0.403388043 0.425462283
1703614409.001837015 -164.095048745 -3.390267729 -0.186909669 -0.579806994 -0.566029535 0.393788812 0.434010123
1703614409.051755667 -164.136014840 -3.360087037 -0.186169599 -0.582950958 -0.561688844 0.390710359 0.438199999
1703614409.201511145 -164.243241039 -3.230793256 -0.189244449 -0.598555767 -0.544636199 0.380650133 0.447445953
1703614409.271397352 -164.293461245 -3.166323711 -0.194177385 -0.607068280 -0.536200933 0.374524554 0.451318093
1703614409.401185751 -164.380020515 -3.044343341 -0.194662906 -0.621770875 -0.519339409 0.365034464 0.458734560
1703614409.451104164 -164.413459330 -3.007187169 -0.186972486 -0.624912270 -0.513121737 0.363835618 0.462400670
1703614409.600858927 -164.496719829 -2.878109222 -0.182597403 -0.637002763 -0.497082612 0.352481712 0.472115451
1703614409.650777102 -164.525767183 -2.834022221 -0.179001233 -0.640234512 -0.490986012 0.348541148 0.477023661
1703614409.800531387 -164.592388993 -2.697404105 -0.174002382 -0.652757633 -0.472842435 0.334784255 0.488105528
1703614409.850449562 -164.620848007 -2.651956785 -0.176177018 -0.657234791 -0.467967846 0.330534955 0.489688848
1703614410.000208378 -164.693374821 -2.537481869 -0.188041337 -0.667454992 -0.455818254 0.321974408 0.493017275
1703614410.070098400 -164.733445119 -2.490014746 -0.190784302 -0.670496941 -0.452386199 0.319425038 0.493708644
1703614410.204885721 -164.774679084 -2.380396910 -0.188285098 -0.678719374 -0.437894601 0.314828761 0.498468837
1703614410.254806995 -164.787178298 -2.331944149 -0.182249088 -0.682426596 -0.430406366 0.311749552 0.501853084
1703614410.404570580 -164.806297122 -2.197413622 -0.189010124 -0.693901555 -0.411642512 0.292310455 0.513425430
1703614410.444507360 -164.822625233 -2.162130670 -0.188883698 -0.695916346 -0.407674907 0.288455490 0.516037829
1703614410.604255438 -164.897335098 -2.080879176 -0.196443245 -0.699613162 -0.403391289 0.279580864 0.519279724
1703614410.659169436 -164.927149613 -2.044463300 -0.196338868 -0.700105178 -0.402109466 0.277603946 0.520669536
1703614410.803941488 -164.956178014 -1.945688995 -0.195508312 -0.707446397 -0.389039531 0.270737698 0.524279446
1703614410.853862762 -164.965543561 -1.907480007 -0.191273782 -0.709627775 -0.384165618 0.269042770 0.525795766
1703614411.003625393 -164.981839998 -1.825610790 -0.196432330 -0.715860783 -0.374523931 0.260856715 0.528421176
1703614411.033577442 -164.994364364 -1.802396015 -0.195303122 -0.716400941 -0.373378206 0.259681118 0.529078561
1703614411.203307390 -165.025662281 -1.723011570 -0.197725069 -0.720150172 -0.365862119 0.250421806 0.533683014
1703614411.253227711 -165.038822126 -1.680962601 -0.197452491 -0.722948477 -0.360957462 0.247880165 0.534425518
1703614411.402989149 -165.079906211 -1.599278487 -0.208702477 -0.728322124 -0.355114082 0.241257722 0.534074512
1703614411.452909708 -165.097383967 -1.563866971 -0.209632760 -0.728882113 -0.354221086 0.240067807 0.534439646
1703614411.602671146 -165.104774251 -1.464371966 -0.207948211 -0.734519264 -0.341190560 0.234213245 0.537786769
1703614411.652592659 -165.106515636 -1.416274034 -0.205513025 -0.737251541 -0.334249826 0.229963045 0.540235335
1703614411.802354336 -165.099977154 -1.298737644 -0.202980418 -0.744716438 -0.316058261 0.218303857 0.545754550
1703614411.867250681 -165.107789863 -1.240551053 -0.202004515 -0.746814380 -0.310867912 0.213921858 0.547601006
1703614412.002035618 -165.113544153 -1.131296164 -0.199774543 -0.751410490 -0.298404447 0.205177437 0.551578899
1703614412.061940193 -165.116262355 -1.069830731 -0.199689832 -0.754341641 -0.291837170 0.198642248 0.553480814
1703614412.201716423 -165.105190154 -0.945993999 -0.198449935 -0.760979393 -0.273839662 0.181238322 0.559530940
1703614412.251636505 -165.101094440 -0.889491568 -0.196535173 -0.763777601 -0.266191146 0.177198060 0.560702147
1703614412.401396990 -165.079488463 -0.768728061 -0.189321322 -0.768312441 -0.249001774 0.170524768 0.564460285
1703614412.451317072 -165.072474541 -0.717600129 -0.184157337 -0.769044054 -0.244288940 0.168166654 0.566227987
1703614412.601077318 -165.024069892 -0.583962124 -0.198242200 -0.776213526 -0.226346654 0.156389747 0.567275948
1703614412.650998592 -165.015063800 -0.527097860 -0.199680460 -0.778398064 -0.219653710 0.151637461 0.568203116
1703614412.805750847 -165.015520181 -0.388535095 -0.185708726 -0.780608961 -0.206137227 0.144359253 0.572116684
1703614412.860662460 -165.025289894 -0.350301525 -0.190556819 -0.782774356 -0.205208213 0.140360892 0.570484633
1703614413.000435352 -165.007227703 -0.230755331 -0.192617478 -0.786239910 -0.194038131 0.129350784 0.572227561
1703614413.050352573 -164.987446488 -0.167658109 -0.191571053 -0.789156403 -0.185363627 0.124903770 0.572076520
1703614413.200103521 -164.912018991 -0.035346505 -0.176729058 -0.792724514 -0.161074685 0.109207651 0.577681988
1703614413.269987583 -164.884896555 0.039711230 -0.174212092 -0.794123965 -0.151764245 0.098833283 0.580143710
1703614413.404763460 -164.853488324 0.157366737 -0.172752586 -0.798099923 -0.138739075 0.086760286 0.579879845
1703614413.469655037 -164.844175673 0.225196515 -0.169215432 -0.797939287 -0.133947967 0.083378054 0.581720669
1703614413.604430676 -164.795063419 0.349371006 -0.175540090 -0.801392709 -0.119221841 0.072714337 0.581608549
1703614413.654347420 -164.763456244 0.410302612 -0.174634697 -0.803410851 -0.110518530 0.067410506 0.581181970
1703614413.804097176 -164.652052679 0.541191567 -0.168846339 -0.805534175 -0.083512339 0.052274553 0.584301080
1703614413.854013920 -164.618162626 0.601806961 -0.164689687 -0.804937120 -0.075249304 0.046616206 0.586720294
1703614414.003769159 -164.515225171 0.739217856 -0.164294594 -0.808208769 -0.053173975 0.031912549 0.585621638
1703614414.053689480 -164.483139158 0.801557934 -0.166783180 -0.808722966 -0.046822414 0.026367686 0.585729946
1703614414.203451395 -164.375152646 0.937048144 -0.166089763 -0.809139361 -0.025459858 0.010609649 0.586969101
1703614414.253371716 -164.331109252 0.999889936 -0.169098370 -0.809855641 -0.016397959 0.004038608 0.586386082
1703614414.408124447 -164.182795103 1.151902312 -0.169169260 -0.811261660 0.011833428 -0.012368712 0.584432634
1703614414.463037491 -164.130279182 1.202249884 -0.166595042 -0.810203660 0.019986123 -0.018071625 0.585528821
1703614414.602814436 -163.994009155 1.278664631 -0.151699581 -0.805815555 0.042272406 -0.036817281 0.589507271
1703614414.652734756 -163.941321383 1.332935844 -0.153062230 -0.804902639 0.051323089 -0.040718579 0.589779348
1703614414.802496195 -163.782289398 1.437714398 -0.155326424 -0.804603356 0.077183503 -0.056948221 0.586014545
1703614414.862400532 -163.722910677 1.492340875 -0.153916308 -0.803804986 0.085092803 -0.064816306 0.585197066
1703614415.002177715 -163.580225446 1.572184597 -0.145857536 -0.798634150 0.106051642 -0.084333678 0.586365393
1703614415.052099466 -163.528593379 1.615150809 -0.140070474 -0.796377428 0.112817962 -0.092181748 0.586990311
1703614415.201860905 -163.365101313 1.695392480 -0.147435304 -0.794409975 0.136662454 -0.107057832 0.582043629
1703614415.251781464 -163.312468494 1.735002411 -0.142739194 -0.791885124 0.142439483 -0.111028384 0.583353788
1703614415.401543140 -163.144611930 1.789190507 -0.145079141 -0.788552920 0.163955839 -0.125819326 0.579199683
1703614415.451463938 -163.086554190 1.817540399 -0.136766321 -0.784921710 0.173136472 -0.130594675 0.580402190
1703614415.601225615 -162.925555858 1.863433631 -0.152851803 -0.781454065 0.195618498 -0.152981043 0.572415713
1703614415.641161919 -162.881086174 1.898893499 -0.156199711 -0.780605170 0.200425992 -0.157709686 0.570624786
1703614415.800907850 -162.723816498 1.957042733 -0.146800519 -0.775278093 0.216411005 -0.170582457 0.568341253
1703614415.840844154 -162.667505494 1.984952361 -0.150016797 -0.774423173 0.222977243 -0.173745111 0.566005772
1703614416.000590324 -162.457840230 1.991283140 -0.142288853 -0.765636278 0.252332137 -0.192230417 0.559622238
1703614416.050510883 -162.388781617 2.009683511 -0.142917750 -0.762661548 0.260569396 -0.200256620 0.557089076
1703614416.200273037 -162.214078386 2.020113998 -0.129182080 -0.753845047 0.281590072 -0.216949381 0.552591751
1703614416.250193596 -162.151783608 2.045678100 -0.129929364 -0.751596554 0.286131311 -0.220035078 0.552101492
1703614416.404948235 -161.972280087 2.061000170 -0.130968405 -0.746566249 0.305488754 -0.229750543 0.544545815
1703614416.459860563 -161.903401370 2.067921299 -0.122330961 -0.741767602 0.313077355 -0.237103012 0.543641018
1703614416.614615202 -161.707947684 2.049057243 -0.121421136 -0.730347144 0.339461882 -0.255548274 0.534839938
1703614416.814298153 -161.490024469 2.052550662 -0.123751389 -0.722402268 0.358245759 -0.268834038 0.526804707
1703614417.003995657 -161.303908416 2.046520785 -0.123745181 -0.714144774 0.375045368 -0.275981339 0.522659080
1703614417.053915739 -161.236313639 2.051399833 -0.125393130 -0.711443110 0.381328701 -0.279013537 0.520181285
1703614417.203676224 -161.070366950 2.011285908 -0.115739460 -0.699065746 0.400242614 -0.293150425 0.514952193
1703614417.253596544 -161.006176427 2.013801683 -0.111301158 -0.695050653 0.405246342 -0.298481126 0.513409203
1703614417.403356791 -160.843064836 1.992061580 -0.114808798 -0.687370479 0.420177086 -0.310123522 0.504773654
1703614417.453276873 -160.779157583 1.997661514 -0.113105652 -0.684563832 0.424158246 -0.312719313 0.503655412
1703614417.603037357 -160.624841036 1.989956211 -0.113313960 -0.678794552 0.432264527 -0.325379689 0.496501151
1703614417.652957201 -160.555388398 1.994278532 -0.116661044 -0.676181554 0.436737240 -0.328712651 0.493950487
1703614417.802717686 -160.399000996 1.984744554 -0.102685392 -0.668435452 0.445842396 -0.339427036 0.489088838
1703614417.842653513 -160.343583636 1.987355911 -0.099041218 -0.665045515 0.447110578 -0.343924923 0.489410096
1703614418.002398968 -160.157189246 1.961755374 -0.121109131 -0.659160471 0.462569345 -0.346961995 0.480785241
1703614418.042335272 -160.096598211 1.968794307 -0.125963514 -0.659688464 0.465234476 -0.347845839 0.476834652
1703614418.212064743 -159.908140480 1.969378262 -0.114845266 -0.653647125 0.470862818 -0.354180429 0.474963016
1703614418.401762962 -159.721573808 1.975062103 -0.115443585 -0.651127109 0.475743120 -0.357105774 0.471357017
1703614418.436707497 -159.651481663 1.982281734 -0.121585910 -0.650577825 0.478676228 -0.354475088 0.471131589
1703614418.601445675 -159.514870014 1.978645953 -0.111064937 -0.646822026 0.481107543 -0.358435482 0.470829910
1703614418.651366234 -159.444521635 1.979585364 -0.114760093 -0.645207479 0.484194361 -0.359693217 0.468917818
1703614418.801128149 -159.291932507 2.006852942 -0.124774019 -0.645194138 0.487117327 -0.359228568 0.466257515
1703614418.851048946 -159.223146787 2.023707838 -0.123760409 -0.646024350 0.485923247 -0.359044670 0.466495512
1703614419.000810862 -159.074935628 2.055422082 -0.115577670 -0.646495658 0.483864339 -0.360087764 0.467178197
1703614419.050731421 -159.004239579 2.066662416 -0.116778408 -0.645101784 0.484345815 -0.362994437 0.466355936
1703614419.200493336 -158.833859076 2.111367258 -0.136846080 -0.648192298 0.486100371 -0.362735797 0.460408423
1703614419.250414133 -158.758396045 2.128789939 -0.138302041 -0.648757838 0.485849563 -0.362223729 0.460279741
1703614419.400175810 -158.596530430 2.166504385 -0.131410646 -0.649254195 0.485024552 -0.361669795 0.460885163
1703614419.450096369 -158.521653442 2.179171298 -0.132091503 -0.649024688 0.484889109 -0.362580964 0.460634942
1703614419.604850054 -158.347530966 2.206096267 -0.140311017 -0.650332692 0.486213648 -0.359363431 0.459914779
1703614419.654770851 -158.269141484 2.208869179 -0.146913103 -0.648522354 0.489693553 -0.358437051 0.459501753
1703614419.804533005 -158.103977201 2.246161033 -0.144505845 -0.648127265 0.489032659 -0.359031254 0.460298454
1703614419.854453564 -158.025765638 2.258486620 -0.149738357 -0.648260455 0.489987433 -0.357372955 0.460386000
1703614420.004214287 -157.860582797 2.299798386 -0.143538313 -0.650638829 0.485616513 -0.356335890 0.462461295
1703614420.054135084 -157.783098673 2.305152102 -0.148026372 -0.650325970 0.487193832 -0.356295606 0.461271877
1703614420.203896523 -157.600898611 2.302925938 -0.156504618 -0.645525253 0.493520659 -0.360458756 0.458043657
1703614420.253817081 -157.522587465 2.300015125 -0.160143961 -0.643861285 0.496035404 -0.364016087 0.454844822
1703614420.403578758 -157.338988668 2.294650394 -0.163617809 -0.639161370 0.503010633 -0.367396502 0.451079657
1703614420.453499556 -157.265310946 2.298060315 -0.162662783 -0.637885192 0.502695990 -0.370791962 0.450458149
1703614420.603261232 -157.088029727 2.317666251 -0.161887989 -0.636593434 0.504332085 -0.368578461 0.452269683
1703614420.653181553 -157.018892091 2.328439813 -0.156136788 -0.636009495 0.501838892 -0.371218535 0.453703040
1703614420.802942276 -156.848655516 2.374872490 -0.153792490 -0.639167537 0.498111348 -0.369892367 0.454455259
1703614420.852864027 -156.776069760 2.383502033 -0.156563706 -0.639032076 0.499024402 -0.367827307 0.455319365
1703614421.002624750 -156.601796901 2.410694361 -0.156314604 -0.638962775 0.498603843 -0.366940938 0.456590766
1703614421.052545309 -156.530031515 2.406788784 -0.152616540 -0.636651496 0.499751286 -0.369362380 0.456612481
1703614421.202307224 -156.345417738 2.379028951 -0.156201004 -0.630914298 0.507055246 -0.376597164 0.450573748
1703614421.252227783 -156.272627139 2.363335166 -0.158566712 -0.626755958 0.512657659 -0.375221315 0.451185171
1703614421.406981230 -156.075696038 2.341287321 -0.159623971 -0.622385570 0.516656776 -0.383006204 0.446103380
1703614421.461893559 -156.011264189 2.332922607 -0.159357670 -0.619866127 0.518518583 -0.385880923 0.444972333
1703614421.601671219 -155.835056146 2.303572948 -0.165614907 -0.613983931 0.525653988 -0.391507040 0.439811158
1703614421.651591778 -155.763107258 2.293000175 -0.165109696 -0.612212153 0.527524111 -0.394864669 0.437031447
1703614421.801353455 -155.576820567 2.264599939 -0.165351906 -0.606019633 0.533253102 -0.395852503 0.437815178
1703614421.851274252 -155.505482752 2.254528218 -0.163805993 -0.605081760 0.534029729 -0.397699682 0.436489719
1703614422.001036167 -155.320495553 2.223378898 -0.170514374 -0.601878885 0.540708057 -0.397186208 0.433150922
1703614422.050956011 -155.253176482 2.220004479 -0.170115247 -0.602389811 0.540644124 -0.399677778 0.430218690
1703614422.200717926 -155.088476363 2.222748509 -0.160535302 -0.599898109 0.541215823 -0.404399138 0.428566248
1703614422.250638962 -155.026131278 2.224415512 -0.159656731 -0.599316103 0.541383124 -0.403139948 0.430351837
1703614422.400401115 -154.863858438 2.262853802 -0.170509917 -0.607057292 0.534936099 -0.394988646 0.435096292
1703614422.450321674 -154.799993584 2.267751385 -0.178689315 -0.609555768 0.533641753 -0.391810589 0.436065026
1703614422.600084066 -154.632872715 2.259037184 -0.181825262 -0.607154190 0.535702616 -0.389362207 0.439071258
1703614422.669972658 -154.546507121 2.245990379 -0.182955401 -0.603904735 0.539836824 -0.389797290 0.438101983
1703614422.804758787 -154.394804209 2.245305019 -0.188423129 -0.602893982 0.541343445 -0.394154939 0.433714198
1703614422.854679585 -154.331725452 2.250914658 -0.192503153 -0.604197580 0.540571283 -0.394206618 0.432815336
1703614423.004440546 -154.172171989 2.301390054 -0.191047420 -0.609760496 0.532167031 -0.394999791 0.434701684
1703614423.054360867 -154.107902123 2.314865820 -0.198485360 -0.612576058 0.530646545 -0.392004690 0.435312692
1703614423.204121828 -153.941660899 2.320876156 -0.204713215 -0.613584543 0.530242514 -0.390007109 0.436178106
1703614423.259033680 -153.871767465 2.310639554 -0.210622154 -0.612929468 0.533612158 -0.387857824 0.434904404
1703614423.403802872 -153.717383452 2.280600988 -0.211858114 -0.607900199 0.536955324 -0.391353578 0.434716809
1703614423.453722239 -153.655048012 2.274195145 -0.217105355 -0.607894127 0.539939612 -0.389483832 0.432703467
1703614423.603483200 -153.507733641 2.284476339 -0.213819350 -0.607570620 0.538866460 -0.390940807 0.433181447
1703614423.653403521 -153.453018713 2.295824139 -0.215954893 -0.610017502 0.537511195 -0.389545156 0.432683410
1703614423.808156013 -153.316283986 2.328115999 -0.206382410 -0.613666271 0.530704388 -0.390316016 0.435224044
1703614423.878044844 -153.256041648 2.336666888 -0.208976388 -0.614480084 0.529788931 -0.390430926 0.435088046
1703614424.007837296 -153.144089893 2.345284699 -0.210447740 -0.614614193 0.527615364 -0.390953549 0.437066064
1703614424.077726364 -153.082750439 2.348435455 -0.214910972 -0.614921024 0.526740237 -0.390126844 0.438426622
1703614424.202526093 -152.971931054 2.353014447 -0.221425663 -0.615992141 0.526425818 -0.385078468 0.441751190
1703614424.252446175 -152.925019351 2.354494762 -0.224999797 -0.616125293 0.526015274 -0.383842683 0.443127917
1703614424.402207375 -152.798796849 2.339896273 -0.222527624 -0.613706588 0.528312861 -0.380580759 0.446551263
1703614424.452127695 -152.755348497 2.334195580 -0.222268151 -0.612676625 0.529448120 -0.381624272 0.445729690
1703614424.601887703 -152.631791461 2.296179322 -0.225171089 -0.605760295 0.535215580 -0.391671782 0.439536078
1703614424.651808023 -152.589400868 2.287387549 -0.222982093 -0.602635689 0.538568042 -0.393154404 0.438411115
1703614424.801568985 -152.464221863 2.292351209 -0.238934251 -0.603096147 0.539480591 -0.396715604 0.433419496
1703614424.851489544 -152.418447216 2.304426207 -0.242370065 -0.606235009 0.537438940 -0.396109975 0.432128901
1703614425.006242275 -152.283152303 2.322253639 -0.249906618 -0.609599917 0.534068119 -0.390812908 0.436376508
1703614425.061154127 -152.240208602 2.321365184 -0.246818513 -0.609302895 0.532919606 -0.390480092 0.438488281
1703614425.205923557 -152.108670572 2.283745660 -0.248224481 -0.602910269 0.538936790 -0.390722749 0.439752292
1703614425.260835648 -152.055403307 2.267406796 -0.252993536 -0.600965840 0.542323479 -0.391344515 0.437692556
1703614425.400612593 -151.931350734 2.253135556 -0.256854519 -0.597677973 0.545646455 -0.395003183 0.434768298
1703614425.450532913 -151.884669127 2.255314494 -0.258438139 -0.598550367 0.546302237 -0.394318554 0.433363821
1703614425.610277414 -151.754144669 2.265397354 -0.249954395 -0.599715710 0.543427093 -0.396808763 0.433094524
1703614425.804967403 -151.593145994 2.243005850 -0.259268370 -0.598157610 0.547366794 -0.399112900 0.428142452
1703614425.854886770 -151.555000882 2.238782362 -0.258063251 -0.596959415 0.548235255 -0.399840097 0.428025068
1703614426.004649162 -151.440122952 2.239419777 -0.261148367 -0.596460052 0.548879615 -0.401672126 0.426176111
1703614426.069544792 -151.391035975 2.242410441 -0.257250805 -0.596476853 0.548149070 -0.401951458 0.426828990
1703614426.204330683 -151.290559035 2.233238130 -0.257581913 -0.595544568 0.547768899 -0.402547362 0.428055514
1703614426.254251242 -151.249994514 2.225437598 -0.259289183 -0.595029696 0.549144837 -0.401990467 0.427531605
1703614426.404013157 -151.131925219 2.202864598 -0.266568447 -0.593213976 0.552847972 -0.399031927 0.428053523
1703614426.468909979 -151.083993354 2.199622476 -0.263991927 -0.592786997 0.552416456 -0.399825693 0.428461258
1703614426.603694916 -150.980992883 2.197757030 -0.268505854 -0.592731141 0.553220194 -0.400319581 0.427037990
1703614426.653615475 -150.944720159 2.201686076 -0.266412818 -0.592935907 0.552504872 -0.400481284 0.427527915
1703614426.803377628 -150.831963096 2.214261621 -0.269423104 -0.594702275 0.549882341 -0.402157138 0.426882012
1703614426.853298426 -150.793652771 2.214962702 -0.266692505 -0.594036689 0.549307149 -0.404293760 0.426530917
1703614427.003059387 -150.681377194 2.218946137 -0.256862696 -0.592262468 0.547695653 -0.412117271 0.423572894
1703614427.047988176 -150.647136547 2.223128921 -0.254784356 -0.592025940 0.547563428 -0.411875146 0.424309372
1703614427.202741385 -150.527240772 2.258332125 -0.274770429 -0.599492541 0.542392136 -0.402123796 0.429785897
1703614427.242677689 -150.491989552 2.257795497 -0.282425130 -0.601320743 0.544178593 -0.396286964 0.430394778
1703614427.402423620 -150.370687609 2.219205184 -0.282110146 -0.596182135 0.547691536 -0.397960767 0.431541506
1703614427.442359924 -150.339185967 2.212772946 -0.281212770 -0.595117380 0.549558188 -0.398763539 0.429893874
1703614427.602105856 -150.219249500 2.216311998 -0.273826882 -0.592817253 0.549676055 -0.401777698 0.430114660
1703614427.667002439 -150.168573990 2.226741682 -0.272112317 -0.594896405 0.547899281 -0.400972913 0.430261976
1703614427.801787376 -150.067329952 2.245676175 -0.277683986 -0.598505635 0.544433529 -0.397722515 0.432666082
1703614427.866683722 -150.014102330 2.249376146 -0.281533770 -0.600088115 0.544033323 -0.397084745 0.431561935
1703614428.001469135 -149.904218502 2.245543837 -0.292232270 -0.599493177 0.547044095 -0.398200194 0.427536307
1703614428.051389694 -149.863734588 2.247518003 -0.291864128 -0.598939725 0.547671746 -0.398298427 0.427416925
1703614428.206142187 -149.740905723 2.272905806 -0.285472507 -0.601695387 0.543131377 -0.393456039 0.433777955
1703614428.261054277 -149.693905559 2.280213971 -0.288275383 -0.603851189 0.540906179 -0.391413840 0.435407227
1703614428.410815239 -149.565014430 2.270937563 -0.298405298 -0.604333342 0.541761440 -0.389855981 0.435072486
1703614428.610496283 -149.385216796 2.270727034 -0.297243103 -0.601694023 0.545400113 -0.390295366 0.433788597
1703614428.800193310 -149.216750949 2.288541795 -0.295529533 -0.604079202 0.541664552 -0.390520407 0.434950161
1703614428.850113869 -149.171372909 2.286654734 -0.292362386 -0.602905330 0.541643023 -0.390639926 0.436495644
1703614429.004864693 -149.031649616 2.282943987 -0.297515040 -0.602780243 0.545020614 -0.391434922 0.431725851
1703614429.054782391 -148.987288835 2.284681785 -0.295348392 -0.602223513 0.545503398 -0.393269061 0.430223581
1703614429.204538822 -148.856045653 2.307389327 -0.301522783 -0.603331881 0.542511510 -0.390908701 0.434582892
1703614429.254457474 -148.808065480 2.316108426 -0.299486024 -0.605599643 0.539364323 -0.389894277 0.436254114
1703614429.414197206 -148.650209481 2.318797508 -0.302618230 -0.607776342 0.538509121 -0.386462887 0.437335433
1703614429.608878613 -148.452861993 2.302493210 -0.307377271 -0.602948162 0.546470534 -0.388288068 0.432499532
1703614429.663788557 -148.404178448 2.301666122 -0.300361238 -0.602003801 0.545969062 -0.390204287 0.432723723
1703614429.808552265 -148.260872761 2.311081770 -0.295721651 -0.602825874 0.541987281 -0.390127314 0.436636499
1703614429.863462210 -148.204457200 2.315865340 -0.296934380 -0.603224018 0.541311983 -0.388122712 0.438705916
1703614430.003233910 -148.063128536 2.319965806 -0.303666615 -0.604781212 0.541094545 -0.386157406 0.438564519
1703614430.053152800 -148.010304379 2.317532573 -0.301195518 -0.604547739 0.541166352 -0.388257209 0.436940901
1703614430.202908993 -147.852215115 2.306943128 -0.299387927 -0.600065307 0.545021093 -0.391296545 0.435615253
1703614430.252827883 -147.797633018 2.309730481 -0.299501785 -0.600041106 0.545198274 -0.390922044 0.435763087
1703614430.402584791 -147.641019377 2.330229974 -0.297600651 -0.603909828 0.541861213 -0.388216418 0.436998121
1703614430.452503681 -147.587527544 2.333606316 -0.295857354 -0.604318334 0.540420857 -0.388230839 0.438202538
1703614430.602260590 -147.433421030 2.327301788 -0.292185153 -0.602579938 0.542257083 -0.388670950 0.437937857
1703614430.652178288 -147.378749301 2.328824294 -0.293175882 -0.603445072 0.543057409 -0.388876633 0.435565908
1703614430.801934719 -147.230871587 2.339397470 -0.291215618 -0.604305811 0.540937231 -0.391299473 0.434840340
1703614430.856845140 -147.172090652 2.341936928 -0.291704838 -0.604467586 0.540980401 -0.391788724 0.434120651
1703614431.001611710 -147.031971080 2.350332211 -0.275368598 -0.601695412 0.539080638 -0.391284576 0.440739240
1703614431.051532269 -146.979974569 2.355737250 -0.271606483 -0.602813466 0.537816909 -0.390238828 0.441681509
1703614431.201293230 -146.833055794 2.351922379 -0.277059482 -0.604357828 0.536421067 -0.386765218 0.444316015
1703614431.251213789 -146.778321702 2.346141900 -0.282477250 -0.603785218 0.538633864 -0.385934221 0.443138520
1703614431.400975704 -146.618459907 2.346254316 -0.302845634 -0.604491655 0.543246755 -0.385553963 0.436830565
1703614431.450896263 -146.565914410 2.352927008 -0.300402994 -0.605883915 0.542844377 -0.385522698 0.435427275
1703614431.600657225 -146.418237086 2.365577530 -0.295323827 -0.606546189 0.539490364 -0.385669963 0.438532266
1703614431.650577784 -146.364126187 2.364259046 -0.296799941 -0.606831258 0.539765115 -0.385763766 0.437716531
1703614431.800339937 -146.203660513 2.334387187 -0.300442542 -0.602980952 0.546548973 -0.384750514 0.435505722
1703614431.850260496 -146.153299237 2.327605152 -0.296288943 -0.600918823 0.546810653 -0.387345854 0.435726827
1703614432.000021696 -145.995141476 2.315131333 -0.298620803 -0.599599652 0.549152286 -0.388757708 0.433335285
1703614432.054935217 -145.938867476 2.316322658 -0.295272032 -0.600058085 0.548527328 -0.389522562 0.432805082
1703614432.204696894 -145.783753547 2.309184351 -0.295618605 -0.599271464 0.549924982 -0.391665306 0.430179630
1703614432.254617691 -145.734105302 2.304021265 -0.290483855 -0.597540243 0.550695556 -0.392736914 0.430624870
1703614432.404380083 -145.588115126 2.275545851 -0.281441649 -0.592260696 0.554613842 -0.396246373 0.429673790
1703614432.454301119 -145.539842646 2.271450137 -0.276193369 -0.591200208 0.555031910 -0.397498090 0.429438192
1703614432.614047050 -145.391204359 2.259173899 -0.271773707 -0.591195859 0.556589057 -0.398978630 0.426042405
1703614432.803746223 -145.235547419 2.236551350 -0.266961988 -0.590339662 0.557560925 -0.396143987 0.428596361
1703614432.853667259 -145.197451461 2.230827309 -0.261087360 -0.589278745 0.556698220 -0.398128904 0.429337896
1703614433.003427982 -145.090623250 2.220035074 -0.246998360 -0.584438251 0.555949219 -0.403971003 0.431462426
1703614433.053347349 -145.049579947 2.229273007 -0.246870092 -0.585505089 0.555072712 -0.403898974 0.431211890
1703614433.203104973 -144.926688775 2.256052516 -0.246947433 -0.588889081 0.550173096 -0.404060396 0.432729027
1703614433.243041515 -144.898498750 2.260617059 -0.242040294 -0.589845386 0.549357350 -0.403482467 0.433002103
1703614433.402783155 -144.756677752 2.250844210 -0.256070141 -0.590903673 0.549547670 -0.402591348 0.432146288
1703614433.452702522 -144.718299169 2.252418120 -0.252383361 -0.590461743 0.549893432 -0.402988927 0.431939890
1703614433.607452631 -144.578584335 2.260027173 -0.254294587 -0.591662091 0.548799102 -0.402518779 0.432127467
1703614433.662363768 -144.530196736 2.263982865 -0.253755127 -0.592059072 0.547861498 -0.402066357 0.433193351
1703614433.807130337 -144.412132927 2.276525607 -0.244430208 -0.593540645 0.544782270 -0.401164207 0.435877345
1703614433.862041473 -144.368868490 2.276015171 -0.243079446 -0.592623324 0.544627648 -0.401594399 0.436921342
1703614434.006809950 -144.232846338 2.275922784 -0.258291327 -0.594285591 0.546602994 -0.400709782 0.432991310
1703614434.061723471 -144.181419672 2.276560563 -0.260222806 -0.594715948 0.547567222 -0.399716393 0.432099391
1703614434.201501131 -144.063811140 2.283045925 -0.257260553 -0.595025605 0.546965701 -0.400417879 0.431785333
1703614434.251420975 -144.021692166 2.284069997 -0.253850988 -0.594798761 0.547201447 -0.399080959 0.433035100
1703614434.406174898 -143.900621133 2.279129962 -0.243414375 -0.594252686 0.545358681 -0.397616815 0.437434022
1703614434.476064205 -143.844201194 2.272837967 -0.247121015 -0.595039754 0.546739532 -0.396505528 0.435645430
1703614434.600866318 -143.744970220 2.261458743 -0.252760290 -0.593621030 0.549681213 -0.393579890 0.436531221
1703614434.670754671 -143.693341391 2.265354389 -0.247697563 -0.593560357 0.548691761 -0.393620615 0.437819901
1703614434.805541039 -143.592318470 2.278472897 -0.255680346 -0.597094539 0.548318821 -0.391038601 0.435790538
1703614434.875429392 -143.541095802 2.280547654 -0.262142686 -0.598395697 0.549691913 -0.389779676 0.433397272
1703614435.000230551 -143.449647275 2.283877515 -0.267537973 -0.599181725 0.550227941 -0.389976962 0.431449235
1703614435.070119619 -143.400461326 2.289320341 -0.263523738 -0.599731417 0.549740564 -0.389538555 0.431702738
1703614435.214888573 -143.295614917 2.291284148 -0.259745531 -0.600096948 0.547870078 -0.387696673 0.435216407
1703614435.404586554 -143.152406747 2.283440930 -0.264348170 -0.599321439 0.549151820 -0.389775774 0.432805889
1703614435.454507351 -143.113301292 2.287773602 -0.260539733 -0.598212672 0.548882216 -0.391575406 0.433057286
1703614435.604269266 -142.995058673 2.308054194 -0.251242835 -0.598859832 0.546012694 -0.393507880 0.434037542
1703614435.654189587 -142.954962694 2.316754050 -0.245361371 -0.600536435 0.544374648 -0.393784073 0.433527780
1703614435.803951740 -142.841802971 2.316984794 -0.238653822 -0.600282438 0.543527120 -0.393181962 0.435485028
1703614435.853871346 -142.801804707 2.315521328 -0.238071226 -0.599927452 0.544018560 -0.393614299 0.434969702
1703614436.003632069 -142.682682442 2.308724629 -0.242805146 -0.599137163 0.546434848 -0.393648163 0.432995081
1703614436.053550959 -142.642731320 2.317017811 -0.239439097 -0.599548619 0.545074665 -0.393960555 0.433854981
1703614436.203308105 -142.521659508 2.333737320 -0.234377477 -0.600679168 0.541317304 -0.393548729 0.437355132
1703614436.253226995 -142.478252546 2.335325566 -0.232185926 -0.600300896 0.541700996 -0.392879121 0.438000983
1703614436.407975674 -142.344413207 2.335591553 -0.234625227 -0.601170979 0.543016262 -0.393616758 0.434502751
1703614436.462887049 -142.295782968 2.335578810 -0.237233222 -0.601369691 0.543970281 -0.391357336 0.435075009
1703614436.612642765 -142.167329504 2.338961268 -0.245456856 -0.602894465 0.544484956 -0.388011671 0.435317517
1703614436.812318325 -141.997327361 2.330386054 -0.238706353 -0.599954311 0.547823780 -0.391173523 0.432350790
1703614437.002011299 -141.836281246 2.344929652 -0.237049653 -0.600506350 0.543896168 -0.391523508 0.436209153
1703614437.051932335 -141.790371878 2.348447171 -0.235783478 -0.601145616 0.542784275 -0.392054276 0.436236889
1703614437.201695442 -141.646263377 2.348151423 -0.249062771 -0.602372640 0.546055384 -0.389449431 0.432781540
1703614437.251616478 -141.602283883 2.351921195 -0.244509900 -0.601324313 0.545515337 -0.389886708 0.434523236
1703614437.401379824 -141.462331680 2.367274078 -0.244653254 -0.603398644 0.543411590 -0.391676770 0.432669884
1703614437.451299906 -141.414576694 2.372111479 -0.242333325 -0.603615098 0.543592531 -0.390679290 0.433042336
1703614437.606055975 -141.275707502 2.382462705 -0.236050750 -0.605006284 0.542558460 -0.388384910 0.434459292
1703614437.675944805 -141.215756461 2.379529192 -0.234694067 -0.604790787 0.543427783 -0.386407145 0.435435262
1703614437.810732126 -141.095460528 2.362821238 -0.236753401 -0.602444139 0.545538262 -0.389667056 0.433138142
1703614438.005424261 -140.913334755 2.363678259 -0.235477430 -0.600903652 0.548266625 -0.391833182 0.429866568
1703614438.060335875 -140.867542528 2.368915127 -0.234201783 -0.602330144 0.546814971 -0.390701395 0.430748425
1703614438.200111866 -140.746854462 2.366129415 -0.229689964 -0.603017802 0.544908846 -0.390227683 0.432627132
1703614438.265007496 -140.687694038 2.355668556 -0.229989883 -0.601326169 0.547561274 -0.390310346 0.431556860
1703614438.404783487 -140.574650312 2.334443450 -0.218825965 -0.595358426 0.549447599 -0.396822532 0.431494564
1703614438.454703569 -140.530846021 2.329685108 -0.218271349 -0.594201257 0.550136715 -0.396998412 0.432049445
1703614438.604463577 -140.393314592 2.326291761 -0.214385037 -0.595082702 0.550149537 -0.396911659 0.430898132
1703614438.654383659 -140.351906946 2.323263567 -0.208801232 -0.594168685 0.549763955 -0.398289959 0.431379504
1703614438.804143667 -140.229189554 2.308714376 -0.205866236 -0.591826064 0.551694165 -0.400485458 0.430100983
1703614438.864046812 -140.179381704 2.307137183 -0.202407993 -0.591136332 0.551757593 -0.400974080 0.430512698
1703614439.013808489 -140.055476930 2.301708363 -0.193932357 -0.588240656 0.550886261 -0.403932676 0.432822886
1703614439.203512192 -139.889566479 2.289518691 -0.196709354 -0.588415814 0.552014129 -0.403085172 0.431937003
1703614439.253434420 -139.846136220 2.285802213 -0.192913720 -0.586974776 0.552381458 -0.403988106 0.432584035
1703614439.408193350 -139.706958005 2.292777326 -0.198653944 -0.588653901 0.552645843 -0.403204545 0.430691597
1703614439.463107347 -139.655672500 2.298359154 -0.200987924 -0.590638480 0.552387318 -0.400860158 0.430494564
1703614439.602889299 -139.537303817 2.303236838 -0.200910913 -0.592707077 0.549905802 -0.396849821 0.434525200
1703614439.652811527 -139.492717356 2.297978325 -0.199408696 -0.591513537 0.550376709 -0.397415933 0.435037688
1703614439.802578449 -139.356446008 2.269255636 -0.195734443 -0.585593071 0.554980433 -0.402416475 0.432595024
1703614439.852500677 -139.309839696 2.271011162 -0.194555674 -0.585424810 0.555344374 -0.402865741 0.431937048
1703614440.002265930 -139.172800444 2.290565989 -0.198252748 -0.589537292 0.551870976 -0.399714552 0.433719360
1703614440.052186489 -139.124087688 2.296906480 -0.199885421 -0.592236338 0.550778871 -0.397094056 0.433837603
1703614440.201949120 -138.996435900 2.296582811 -0.195255965 -0.593319179 0.549175552 -0.399619955 0.432067652
1703614440.251869917 -138.950595159 2.294179178 -0.198976389 -0.592492484 0.550014854 -0.401889083 0.430024977
1703614440.401632547 -138.821533513 2.294670043 -0.197763359 -0.591043090 0.552197198 -0.400750893 0.430284837
1703614440.451553583 -138.775423171 2.301273224 -0.199762786 -0.593318192 0.551023125 -0.399812694 0.429530963
1703614440.601315975 -138.649265248 2.320727221 -0.207516537 -0.599468001 0.547187455 -0.395995083 0.429432066
1703614440.651236773 -138.610750032 2.326771268 -0.205038736 -0.599804885 0.546442583 -0.395379025 0.430476515
1703614440.800998449 -138.485234776 2.327570705 -0.205531860 -0.599890195 0.546688332 -0.395380320 0.430044210
1703614440.850919485 -138.441935685 2.325121696 -0.207852629 -0.599296910 0.547607861 -0.395130080 0.429931463
1703614441.010666370 -138.306187908 2.311317279 -0.211305735 -0.597763880 0.550213913 -0.392105460 0.431504696
1703614441.210348606 -138.134011263 2.294184766 -0.209887537 -0.596045986 0.551772992 -0.389292649 0.434427188
1703614441.400046825 -137.967203438 2.283000188 -0.217770222 -0.593809703 0.553569785 -0.394701988 0.430303231
1703614441.454959154 -137.919219974 2.283140931 -0.215250042 -0.592823866 0.555120802 -0.394638579 0.429722179
1703614441.604720831 -137.782992164 2.298921217 -0.211516733 -0.595468692 0.551146872 -0.393571335 0.432152480
1703614441.654641628 -137.738014582 2.304807028 -0.211146522 -0.596956866 0.549355926 -0.394029321 0.431962337
1703614441.804403543 -137.600202432 2.306206473 -0.217908045 -0.597833085 0.551360228 -0.391670873 0.430338737
1703614441.854324102 -137.558808041 2.308990840 -0.213025957 -0.596777691 0.550134503 -0.393680144 0.431537206
1703614442.009077787 -137.419702996 2.309721302 -0.215125996 -0.596872283 0.551025868 -0.393314992 0.430601077
1703614442.063990593 -137.373841265 2.310007867 -0.213148736 -0.596596215 0.551420637 -0.392555537 0.431170950
1703614442.203768492 -137.249510602 2.312763218 -0.206318982 -0.595439146 0.548611415 -0.398508391 0.430893028
1703614442.253689528 -137.198447656 2.315675946 -0.212705121 -0.596365561 0.550950491 -0.396359134 0.428603676
1703614442.403451920 -137.059897094 2.333735781 -0.214731425 -0.598652044 0.548111589 -0.396836993 0.428613831
1703614442.453372717 -137.010421154 2.338044036 -0.215670879 -0.599625527 0.547281421 -0.396453943 0.428668338
1703614442.603135347 -136.869321212 2.334381308 -0.207920556 -0.598026746 0.547025041 -0.395761371 0.431857098
1703614442.653056145 -136.821514878 2.334186502 -0.206720768 -0.598131301 0.546766538 -0.396004708 0.431816594
1703614442.802818537 -136.675479922 2.326600129 -0.207103501 -0.596176218 0.547571473 -0.397032604 0.432555788
1703614442.867715597 -136.610152799 2.330312660 -0.206905045 -0.596427690 0.547911907 -0.396878683 0.431918817
1703614443.002502203 -136.474934005 2.343776452 -0.215327284 -0.598755916 0.547074098 -0.394656361 0.431795834
1703614443.052423000 -136.425704118 2.350179955 -0.215377199 -0.600113860 0.546477757 -0.392805099 0.432353524
1703614443.202186108 -136.280146936 2.355009179 -0.218057153 -0.601096167 0.544715204 -0.392646517 0.433356041
1703614443.252106905 -136.233246017 2.354496397 -0.214065363 -0.600048400 0.545754511 -0.392920856 0.433251811
1703614443.401868582 -136.082814393 2.359033932 -0.211978178 -0.599264116 0.546265785 -0.395883183 0.430990390
1703614443.451789618 -136.033747394 2.366336892 -0.208816072 -0.599940334 0.545104731 -0.396694640 0.430773480
1703614443.601552486 -135.891931614 2.377025233 -0.206333665 -0.601324696 0.542879657 -0.394403452 0.433746706
1703614443.651473522 -135.838111108 2.377793414 -0.212669360 -0.601963855 0.543904087 -0.391772634 0.433960903
1703614443.801236629 -135.690507615 2.368632162 -0.212233287 -0.600364475 0.544827192 -0.391744313 0.435042781
1703614443.851157427 -135.636094495 2.370832299 -0.215936572 -0.601431384 0.545921769 -0.390762074 0.433075876
1703614444.000920296 -135.490832635 2.379113577 -0.211604945 -0.600523135 0.543694491 -0.393475016 0.434678820
1703614444.050841331 -135.433617543 2.385441347 -0.218868339 -0.602328665 0.544567457 -0.390247655 0.433996810
1703614444.200603485 -135.292974633 2.395896967 -0.203655064 -0.602300440 0.539963755 -0.391378477 0.438743901
1703614444.250524282 -135.238442974 2.395385060 -0.206401808 -0.602420633 0.541375454 -0.389512083 0.438500098
1703614444.400286674 -135.093072241 2.396703997 -0.203728286 -0.601313136 0.541820014 -0.392482668 0.436819117
1703614444.450207233 -135.039803567 2.401174037 -0.208968816 -0.602255099 0.542657069 -0.391851553 0.435045355
1703614444.604961157 -134.888133020 2.407753605 -0.201985409 -0.601567206 0.541607453 -0.390980283 0.438078397
1703614444.654882193 -134.839308463 2.406377429 -0.198572524 -0.600686496 0.540699311 -0.393414353 0.438229547
1703614444.804644585 -134.686725231 2.401282521 -0.203818297 -0.600328021 0.543841725 -0.393710733 0.434550692
1703614444.854565144 -134.636826461 2.407393316 -0.200825042 -0.599682137 0.542998457 -0.394209072 0.436042679
1703614445.004327774 -134.488813557 2.439995968 -0.205245965 -0.605360726 0.538002949 -0.393846446 0.434713923
1703614445.054249287 -134.437852432 2.452906638 -0.207834635 -0.607666586 0.536921565 -0.392192146 0.434329222
1703614445.204013348 -134.293286453 2.484449396 -0.209796726 -0.611654335 0.533554892 -0.390099210 0.434765176
1703614445.253934860 -134.248320176 2.488379654 -0.203456246 -0.609489475 0.532111019 -0.391187150 0.438580731
1703614445.403699160 -134.101391747 2.481476467 -0.207197850 -0.608745694 0.533336202 -0.389636171 0.439505210
1703614445.453620672 -134.051687869 2.473390159 -0.206855158 -0.606943317 0.535260411 -0.388833230 0.440368961
1703614445.603384972 -133.905288310 2.433970671 -0.208613238 -0.601025444 0.541672725 -0.394528882 0.435552564
1703614445.653306484 -133.853287474 2.428641480 -0.210656837 -0.599650385 0.544632501 -0.394736962 0.433563820
1703614445.803071022 -133.709274277 2.424793233 -0.209484448 -0.599866786 0.545590595 -0.395225617 0.431610302
1703614445.852992535 -133.663282534 2.425524599 -0.206255539 -0.600309335 0.544874541 -0.395912759 0.431269666
1703614446.007748365 -133.524973829 2.412986921 -0.209654228 -0.599266051 0.547535779 -0.394469162 0.430672556
1703614446.077636957 -133.465846366 2.397597608 -0.207375279 -0.596484879 0.549788716 -0.396148227 0.430121772
1703614446.202437401 -133.353136201 2.389465681 -0.217749400 -0.594918033 0.552830376 -0.394852951 0.429583818
1703614446.252357721 -133.307936444 2.396621439 -0.214271520 -0.595267528 0.550459372 -0.395236470 0.431786038
1703614446.402118206 -133.166875953 2.410369427 -0.217348163 -0.600111802 0.546968815 -0.390594360 0.433736080
1703614446.452038050 -133.121237353 2.407627943 -0.213662500 -0.598161841 0.546799000 -0.391004976 0.436266402
1703614446.601797581 -132.979442933 2.394312287 -0.217473866 -0.595636526 0.550399177 -0.392306508 0.434020137
1703614446.661701918 -132.919825759 2.392425414 -0.217089377 -0.594650162 0.551646015 -0.392566057 0.433554782
1703614446.801477671 -132.788267287 2.397736003 -0.215140806 -0.594616953 0.549568720 -0.397892981 0.431376955
1703614446.851397991 -132.736806819 2.401912259 -0.215214724 -0.595025152 0.550299929 -0.396762161 0.430923247
1703614447.001157999 -132.597115286 2.429152604 -0.214100924 -0.599049916 0.545952073 -0.395088691 0.432412371
1703614447.056070805 -132.544653350 2.436404511 -0.212566321 -0.600199155 0.544952415 -0.393403611 0.433614390
1703614447.200838089 -132.428756629 2.434222775 -0.201592893 -0.598695301 0.542995246 -0.395319348 0.436397424
1703614447.250758171 -132.383657034 2.436111588 -0.201064372 -0.598410505 0.543564724 -0.394900441 0.436458360
1703614447.400518179 -132.248965812 2.446936866 -0.211587595 -0.599388710 0.543757091 -0.391470909 0.437963388
1703614447.450438261 -132.205448740 2.452003455 -0.211281648 -0.600424926 0.543051489 -0.391414879 0.437469292
1703614447.610182285 -132.064684388 2.446303667 -0.205107586 -0.598271183 0.544362343 -0.394582967 0.435942098
1703614447.804870605 -131.910369641 2.454855890 -0.200261432 -0.598834829 0.542536818 -0.393913554 0.438044246
1703614447.854790449 -131.866565097 2.459603490 -0.203084344 -0.600152214 0.541946232 -0.393023644 0.437771649
1703614448.004550219 -131.747524026 2.454515523 -0.202794464 -0.598906541 0.542189509 -0.393966909 0.438328150
1703614448.069450617 -131.691763307 2.459956858 -0.208353405 -0.599333791 0.542596231 -0.394055311 0.437159867
1703614448.204242468 -131.577986656 2.462959304 -0.213413779 -0.599619187 0.542841100 -0.394114593 0.436410425
1703614448.254165173 -131.537316899 2.464695391 -0.209581403 -0.598813360 0.542501290 -0.395328168 0.436841562
1703614448.403934002 -131.414100619 2.476898784 -0.208737586 -0.599788884 0.541233905 -0.395949438 0.436512540
1703614448.468833685 -131.364132312 2.484781909 -0.209208088 -0.600403277 0.540163291 -0.394958672 0.437889452
1703614448.603626013 -131.243279764 2.483618321 -0.217600025 -0.600956549 0.540950386 -0.391915301 0.438892132
1703614448.668525934 -131.183677264 2.480257321 -0.219496309 -0.600501494 0.542635484 -0.391675804 0.437646834
1703614448.803318262 -131.068124008 2.474321019 -0.216518505 -0.598669506 0.544052877 -0.394842748 0.435546202
1703614448.868218184 -131.011264451 2.476426696 -0.214911317 -0.598421734 0.544819240 -0.394551092 0.435192900
1703614449.003009319 -130.901692472 2.489199172 -0.210341135 -0.599939701 0.542350425 -0.394223227 0.436481865
1703614449.067905188 -130.850292600 2.495685847 -0.210387741 -0.601109654 0.541322934 -0.394302494 0.436075919
1703614449.207681656 -130.736950619 2.502849638 -0.211459676 -0.601320564 0.541967707 -0.395093315 0.434264730
1703614449.262594223 -130.692432005 2.508447831 -0.211057605 -0.601974714 0.541542675 -0.395521679 0.433498070
1703614449.402370453 -130.581938838 2.514348124 -0.208555409 -0.601298285 0.539312027 -0.394870437 0.437790187
1703614449.452290535 -130.538962167 2.512289730 -0.208367049 -0.601971767 0.539053594 -0.394974466 0.437088532
1703614449.602050781 -130.413366682 2.488845278 -0.210540345 -0.598566782 0.544682779 -0.395695373 0.434124003
1703614449.651970863 -130.373655525 2.488441746 -0.209228305 -0.597556548 0.545415690 -0.397477323 0.432966136
1703614449.801731110 -130.256824220 2.506545820 -0.208818034 -0.599075126 0.544157906 -0.397051183 0.432841225
1703614449.871619701 -130.202196990 2.517609021 -0.210669339 -0.601181173 0.542664637 -0.394197590 0.434401368
1703614450.001411676 -130.096881556 2.523001885 -0.211592970 -0.602594496 0.540508921 -0.393577044 0.435691508
1703614450.071300030 -130.039984001 2.516535689 -0.211682516 -0.601157153 0.542496571 -0.394787471 0.434108743
1703614450.201091766 -129.930958515 2.499548052 -0.211372434 -0.597189779 0.546080718 -0.400780358 0.429575747
1703614450.251011848 -129.890587458 2.501910135 -0.214343499 -0.597200171 0.547143622 -0.401898078 0.427157754
1703614450.400772333 -129.767191452 2.530533073 -0.218430004 -0.601165453 0.543549761 -0.400902966 0.427118913
1703614450.450692177 -129.728244078 2.543309812 -0.215207851 -0.602931076 0.540555457 -0.400147620 0.429133775
1703614450.600452423 -129.603566238 2.543499943 -0.222284666 -0.604503495 0.538222776 -0.399359643 0.430585234
1703614450.650372267 -129.559711787 2.536450199 -0.226110496 -0.603284984 0.541197678 -0.398470043 0.429387850
1703614450.800132275 -129.425361741 2.514767835 -0.224392376 -0.599152387 0.545918997 -0.400417082 0.427381593
1703614450.850052595 -129.383734506 2.518610961 -0.223133348 -0.599029616 0.546425774 -0.400334704 0.426983040
1703614451.004804850 -129.259214836 2.555415914 -0.216220239 -0.602730127 0.541357472 -0.399920915 0.428616080
1703614451.054724216 -129.219922094 2.564271348 -0.214066131 -0.604198708 0.538985382 -0.399788126 0.429660487
1703614451.204481602 -129.095467495 2.557327246 -0.215840045 -0.603614219 0.538811384 -0.398816562 0.431598792
1703614451.254400730 -129.050291215 2.550197997 -0.216158540 -0.602072896 0.540616486 -0.397858668 0.432377755
1703614451.404157877 -128.914260140 2.531108586 -0.217873093 -0.599840749 0.543661407 -0.397634088 0.431868594
1703614451.454077005 -128.868549998 2.528312115 -0.218061267 -0.598735368 0.544741533 -0.397553169 0.432115840
1703614451.603833914 -128.732762539 2.537725512 -0.217942773 -0.599111682 0.544519673 -0.397428460 0.431988585
1703614451.653753042 -128.688490921 2.541826595 -0.217974161 -0.599749611 0.544307188 -0.397004962 0.431760524
1703614451.808502436 -128.542848558 2.547235425 -0.218049710 -0.600573315 0.542978555 -0.396760720 0.432512327
1703614451.878388405 -128.477255699 2.541893633 -0.219773165 -0.599839105 0.543812127 -0.396696870 0.432542497
1703614452.003185749 -128.349699483 2.531275410 -0.228516992 -0.599215059 0.546323868 -0.396518509 0.430400530
1703614452.068081617 -128.287194689 2.533160949 -0.231063599 -0.599400948 0.547280084 -0.396460195 0.428978236
1703614452.202863693 -128.155072021 2.551384045 -0.231554045 -0.600690464 0.545338503 -0.396491978 0.429617266
1703614452.252783060 -128.105785925 2.561449032 -0.232576861 -0.602373557 0.544095068 -0.394371171 0.430787691
1703614452.407531738 -127.949571360 2.585620997 -0.237910537 -0.607021317 0.539487563 -0.393121703 0.431200206
1703614452.462442398 -127.891989288 2.582178347 -0.240723054 -0.605931745 0.540368749 -0.394965583 0.429942467
1703614452.602216482 -127.745033974 2.568136720 -0.242962190 -0.602974234 0.545319826 -0.398070462 0.424956785
1703614452.652135849 -127.693349011 2.562539586 -0.241986088 -0.601194563 0.546891411 -0.397901776 0.425616093
1703614452.801892519 -127.542343359 2.564540475 -0.241988280 -0.603298098 0.545369604 -0.394968326 0.427321216
1703614452.856802940 -127.484904803 2.568027309 -0.243522592 -0.604508951 0.543580218 -0.395220910 0.427656295
1703614453.001568317 -127.339258672 2.557637440 -0.242411838 -0.602621239 0.545872004 -0.394928283 0.427671660
1703614453.051488400 -127.286421337 2.551718513 -0.242382774 -0.600770851 0.548103777 -0.394369086 0.427936513
1703614453.201247692 -127.133025237 2.549347287 -0.245262777 -0.600541617 0.548937085 -0.394635576 0.426943327
1703614453.271136045 -127.061841356 2.552765157 -0.243853664 -0.601380927 0.548400518 -0.393800951 0.427222031
1703614453.405919552 -126.925251845 2.552528872 -0.238968049 -0.601066036 0.547960152 -0.393854377 0.428179895
1703614453.460830927 -126.872284250 2.545100145 -0.236347335 -0.598988753 0.549751423 -0.393837456 0.428809869
1703614453.600606203 -126.738400547 2.525178055 -0.225285417 -0.594520976 0.550707191 -0.399322554 0.428728232
1703614453.650525808 -126.684463055 2.521337288 -0.226346693 -0.593793617 0.551734952 -0.400542919 0.427273979
1703614453.800286055 -126.525827475 2.514910193 -0.232026574 -0.593264583 0.554309626 -0.401049309 0.424190317
1703614453.870172977 -126.452749216 2.520427302 -0.232109799 -0.594413077 0.553531774 -0.400839562 0.423796312
1703614454.004956722 -126.319859560 2.523285671 -0.222742762 -0.594270899 0.551494588 -0.403112799 0.424494863
1703614454.054876089 -126.268087544 2.523878104 -0.218856750 -0.593567629 0.550762552 -0.404342864 0.425258663
1703614454.204633474 -126.115128101 2.523664437 -0.211631723 -0.593026552 0.549929961 -0.404951610 0.426509953
1703614454.254552841 -126.064919739 2.525384932 -0.207581444 -0.592743278 0.549701438 -0.404991084 0.427160342
1703614454.404309988 -125.912212477 2.524561375 -0.203266208 -0.592731837 0.549550203 -0.405929076 0.426479928
1703614454.454229355 -125.862702506 2.523383408 -0.198737475 -0.592014031 0.549257919 -0.407570962 0.426287504
1703614454.603986502 -125.715120720 2.514353851 -0.192061410 -0.590007504 0.551402060 -0.408300148 0.425602987
1703614454.653905630 -125.669662092 2.513970065 -0.184854932 -0.588766435 0.549601135 -0.411086918 0.426966301
1703614454.803663492 -125.526755884 2.507810244 -0.182954718 -0.589246923 0.550139540 -0.410936247 0.425753392
1703614454.853582621 -125.481437347 2.504783589 -0.177083808 -0.587580261 0.549504567 -0.412387735 0.427469910
1703614455.003339291 -125.341897802 2.499854885 -0.177441525 -0.587610226 0.550875541 -0.410020922 0.427940655
1703614455.053265333 -125.293749665 2.500181819 -0.176821373 -0.588499472 0.551140914 -0.408662352 0.427676450
1703614455.203043461 -125.164703853 2.499152352 -0.174448625 -0.589765049 0.549626521 -0.406430702 0.430002277
1703614455.267947197 -125.105637021 2.496017279 -0.175453272 -0.589480810 0.550251225 -0.405463425 0.430505953
1703614455.402748346 -124.990979780 2.486750797 -0.172923287 -0.587656981 0.551471218 -0.405691023 0.431223333
1703614455.457666636 -124.942389330 2.488730278 -0.172382981 -0.587107374 0.551791440 -0.404961237 0.432247076
1703614455.602454185 -124.818848137 2.500159376 -0.174062996 -0.590132533 0.550138665 -0.400312465 0.434558366
1703614455.667359352 -124.765110174 2.510359599 -0.175233658 -0.592406085 0.547732191 -0.399784207 0.434990879
1703614455.802160740 -124.651993475 2.520340550 -0.174923868 -0.593553712 0.546835312 -0.399459336 0.434853275
1703614455.867065430 -124.598825853 2.522782877 -0.172021660 -0.593077964 0.547643729 -0.400158830 0.433840737
1703614456.001869440 -124.497516322 2.523775760 -0.164266941 -0.592836568 0.547431744 -0.402401153 0.432361655
1703614456.066762447 -124.450998734 2.527090236 -0.160513900 -0.592609326 0.546702636 -0.402399576 0.433595429
1703614456.201539755 -124.349640887 2.533175718 -0.164522685 -0.595314493 0.545597350 -0.397457470 0.435834540
1703614456.251457214 -124.311657806 2.534613299 -0.165608682 -0.595517849 0.545443806 -0.396383421 0.436726149
1703614456.401209116 -124.201208482 2.534655713 -0.165473294 -0.595679238 0.545930738 -0.397199967 0.435152916
1703614456.471093655 -124.148252322 2.542412624 -0.165595619 -0.596003440 0.545952623 -0.396315533 0.435487808
1703614456.600878239 -124.058026386 2.562536910 -0.160841102 -0.599069845 0.542457728 -0.395267142 0.436599153
1703614456.670762777 -124.005655212 2.569355520 -0.164838807 -0.600783755 0.541965931 -0.393245558 0.436680363
1703614456.800546885 -123.916233552 2.569041124 -0.162269080 -0.600429702 0.541621025 -0.392894742 0.437909306
1703614456.870431185 -123.865853419 2.567882097 -0.162192939 -0.600054873 0.542410295 -0.393486211 0.436913976
1703614457.000215769 -123.775590712 2.568851300 -0.162866297 -0.599668774 0.543343866 -0.394552068 0.435319963
1703614457.070102692 -123.726455316 2.576513041 -0.162825619 -0.600255672 0.542678978 -0.394301696 0.435567248
1703614457.204886198 -123.634232811 2.591023822 -0.160964894 -0.602451169 0.540270776 -0.392737234 0.436941121
1703614457.269781828 -123.588044476 2.595502671 -0.161673242 -0.603144598 0.539863713 -0.392125390 0.437037119
1703614457.404564857 -123.493757279 2.592229527 -0.161088472 -0.601945572 0.541035232 -0.392735898 0.436693165
1703614457.469461441 -123.446655518 2.594768797 -0.162597854 -0.601825146 0.541540789 -0.392604131 0.436350849
1703614457.604244709 -123.347381427 2.605229597 -0.165812869 -0.603701343 0.540555372 -0.390839258 0.436565291
1703614457.669140100 -123.299286946 2.609951029 -0.165582761 -0.603960733 0.540037515 -0.390229818 0.437391821
1703614457.803923130 -123.198653335 2.613997479 -0.166236392 -0.604526199 0.540505159 -0.390868848 0.435458140
1703614457.868818521 -123.151547297 2.617612586 -0.165390522 -0.603991880 0.540931994 -0.392070431 0.434588500
1703614458.003601551 -123.051049761 2.629159357 -0.164036759 -0.604085064 0.540515373 -0.391539863 0.435454823
1703614458.068495750 -123.006357880 2.638577005 -0.164197278 -0.605194214 0.539176888 -0.390381229 0.436612807
1703614458.203276873 -122.896550268 2.632567535 -0.163021331 -0.605158734 0.539263963 -0.391177947 0.435840680
1703614458.253195524 -122.856339770 2.629562418 -0.165049788 -0.604655805 0.541381781 -0.391473803 0.433642002
1703614458.402951717 -122.741548294 2.632897865 -0.161989507 -0.602230913 0.543931135 -0.394956219 0.430658140
1703614458.452871323 -122.704326181 2.644085416 -0.160891224 -0.603114349 0.542671660 -0.394238378 0.431667294
1703614458.602627277 -122.586730179 2.677707844 -0.157871290 -0.608904785 0.535725629 -0.390030119 0.436015505
1703614458.652545929 -122.547733923 2.679363186 -0.156752061 -0.608858950 0.534770460 -0.390237830 0.437064950
1703614458.802301407 -122.421165210 2.665418322 -0.156509740 -0.605565607 0.538997518 -0.392437053 0.434471093
1703614458.867195368 -122.367941451 2.667611560 -0.156194969 -0.604509166 0.539962718 -0.393491467 0.433789577
1703614459.001975536 -122.253373914 2.685483320 -0.156766721 -0.606755163 0.538236621 -0.392972303 0.433269295
1703614459.051895380 -122.212925756 2.691077046 -0.153993956 -0.607015674 0.536743983 -0.393009992 0.434719466
1703614459.201651573 -122.081947422 2.692461032 -0.154529484 -0.606937489 0.537777247 -0.391969929 0.434490612
1703614459.271537304 -122.021436741 2.686798762 -0.152123288 -0.605419835 0.539175361 -0.393879614 0.433146168
1703614459.401326656 -121.907991259 2.668410790 -0.149161263 -0.601007620 0.543164412 -0.397491902 0.431001683
1703614459.451245308 -121.863816139 2.666928419 -0.148878247 -0.600124145 0.544497830 -0.397367503 0.430664824
1703614459.601001263 -121.729336851 2.682197474 -0.148183050 -0.601289138 0.542492522 -0.396804198 0.432087567
1703614459.670887709 -121.662279686 2.690836748 -0.150690953 -0.602922220 0.541129436 -0.396350783 0.431937248
1703614459.800676823 -121.541027672 2.694545029 -0.145872655 -0.603049622 0.540551265 -0.398428397 0.430569734
1703614459.850595236 -121.491411826 2.693273368 -0.146464552 -0.602466458 0.541649375 -0.399191845 0.429297091
1703614460.000350714 -121.350239605 2.700761287 -0.144903732 -0.601527605 0.542887658 -0.398670600 0.429533798
1703614460.065245152 -121.289817400 2.708884933 -0.142690375 -0.602183130 0.540586566 -0.399301268 0.430929391
1703614460.200026035 -121.158485973 2.722847612 -0.145583874 -0.605483242 0.538936238 -0.397550967 0.429989539
1703614460.254937172 -121.106425344 2.721654527 -0.143852418 -0.604695563 0.539457728 -0.398093804 0.429941808
1703614460.404693365 -120.962614943 2.714420419 -0.143620546 -0.602846729 0.542234392 -0.399464654 0.427768251
1703614460.454612017 -120.915350212 2.714157695 -0.142235982 -0.602225545 0.542214767 -0.400363609 0.427827676
1703614460.604368210 -120.773373811 2.714784511 -0.139764959 -0.602166743 0.542008000 -0.401182900 0.427404751
1703614460.654286861 -120.725618523 2.712127742 -0.140706076 -0.601385365 0.542795662 -0.401224793 0.427465996
1703614460.804043770 -120.580452690 2.705169059 -0.137908917 -0.599410165 0.544792434 -0.402900761 0.426121620
1703614460.853962183 -120.532437228 2.707665118 -0.138321038 -0.599579409 0.544231073 -0.403912319 0.425642938
1703614461.008709192 -120.385661256 2.713116937 -0.141205038 -0.600763255 0.544554682 -0.401495320 0.425846472
1703614461.063621283 -120.334348979 2.712832792 -0.141120091 -0.600888923 0.544060556 -0.402043415 0.425783638
1703614461.203395844 -120.213576829 2.709293560 -0.138607198 -0.599580581 0.544511463 -0.402189596 0.426912078
1703614461.253315210 -120.168825174 2.708665830 -0.135300049 -0.599202946 0.544862071 -0.402115286 0.427064925
1703614461.403073788 -120.039368933 2.709979503 -0.134003238 -0.598211497 0.543929015 -0.403889842 0.427968723
1703614461.452994108 -119.988511884 2.713931995 -0.141277502 -0.599737465 0.544438936 -0.402660334 0.426340091
1703614461.602752447 -119.850690539 2.717027282 -0.139874777 -0.600140404 0.544224115 -0.403835358 0.424933655
1703614461.667647600 -119.788476312 2.712834457 -0.139654610 -0.598208041 0.545166717 -0.405047158 0.425296590
1703614461.802430391 -119.662989921 2.713816626 -0.137675380 -0.597980812 0.545570366 -0.405613773 0.424557878
1703614461.852349758 -119.616261692 2.715244775 -0.135038842 -0.597564066 0.544807998 -0.405658408 0.426078265
1703614462.002108097 -119.471277051 2.712111169 -0.144624862 -0.599250465 0.545729512 -0.403671774 0.424414042
1703614462.067004204 -119.412228735 2.705934927 -0.140612296 -0.598056537 0.546815009 -0.404987421 0.423446470
1703614462.201786757 -119.285224349 2.708878797 -0.144406316 -0.597121751 0.547472335 -0.407042305 0.421943384
1703614462.251706600 -119.235666243 2.714895540 -0.147929285 -0.598208586 0.546565299 -0.406903015 0.421714118
1703614462.401464939 -119.093099327 2.726747681 -0.145713235 -0.601193419 0.544100079 -0.405689366 0.421826641
1703614462.451384306 -119.043049513 2.725970223 -0.148033840 -0.600856128 0.544710662 -0.405198597 0.421990883
1703614462.601142645 -118.907094449 2.720423862 -0.142996349 -0.599727725 0.546513774 -0.405068340 0.421389357
1703614462.666038513 -118.852156400 2.717516066 -0.139237519 -0.597826937 0.546220239 -0.407421470 0.422201550
1703614462.800820351 -118.724324411 2.714522978 -0.152598355 -0.598618866 0.548573711 -0.404669759 0.420671752
1703614462.850739479 -118.678774296 2.713141624 -0.151277545 -0.598341125 0.548641804 -0.404026263 0.421595598
1703614463.000498772 -118.550170673 2.712341946 -0.143523460 -0.598371507 0.547054645 -0.406571107 0.421168244
1703614463.050417662 -118.500223375 2.715474250 -0.149025482 -0.599809680 0.548225158 -0.404933722 0.419173239
1703614463.200178623 -118.373715874 2.719649753 -0.151633723 -0.601743498 0.546755046 -0.402852893 0.420325146
1703614463.235122919 -118.342605194 2.721435876 -0.150979913 -0.601138787 0.545260740 -0.404224536 0.421812053
1703614463.404851437 -118.186204935 2.710811464 -0.153555773 -0.599334449 0.547384856 -0.403636435 0.422191504
1703614463.454770327 -118.138460149 2.705436673 -0.154000973 -0.599028789 0.548640793 -0.403053577 0.421551426
1703614463.604531288 -117.997400141 2.686147074 -0.153659188 -0.595450943 0.551220336 -0.404685658 0.421691634
1703614463.654451132 -117.947740720 2.680824131 -0.156900897 -0.595238625 0.553248258 -0.403865943 0.420118606
1703614463.809202671 -117.806304997 2.662945417 -0.154638905 -0.591861988 0.555244194 -0.406233421 0.419973428
1703614463.864115238 -117.752750580 2.665077538 -0.155521778 -0.592498642 0.554787117 -0.407892074 0.418067782
1703614464.003890753 -117.622586593 2.669658926 -0.151412778 -0.592392800 0.552939357 -0.410885624 0.417734177
1703614464.053811550 -117.573551314 2.674331716 -0.152268154 -0.592709395 0.553281269 -0.409363694 0.418326161
1703614464.203574657 -117.428532485 2.690020846 -0.153016478 -0.594778097 0.550421511 -0.408717425 0.419791902
1703614464.253495693 -117.380963474 2.687128566 -0.150634467 -0.594539830 0.551365409 -0.407184178 0.420380328
1703614464.403258324 -117.242678296 2.674753794 -0.151861821 -0.593322064 0.552587196 -0.406696645 0.420968121
1703614464.468155384 -117.180284651 2.670348832 -0.157035393 -0.594122009 0.553274443 -0.406734793 0.418895257
1703614464.602941990 -117.059992925 2.677390761 -0.151954270 -0.592935054 0.551908574 -0.407054468 0.422056404
1703614464.667839050 -116.998478650 2.687444047 -0.155010244 -0.594776036 0.550286078 -0.406143099 0.422462404
1703614464.807618618 -116.871424647 2.706341739 -0.152629308 -0.597364071 0.547204015 -0.404113657 0.424754147
1703614464.862531424 -116.819023857 2.712194474 -0.157035580 -0.598970139 0.547134940 -0.403328562 0.423325171
1703614465.002311230 -116.695774246 2.717528239 -0.158618658 -0.598583883 0.546843523 -0.404287066 0.423333751
1703614465.067206860 -116.635875570 2.718246995 -0.157347701 -0.598062283 0.546797503 -0.404667041 0.423767133
1703614465.201988935 -116.510624162 2.716904712 -0.161560987 -0.598690536 0.546613055 -0.404111566 0.423648028
1703614465.266884089 -116.449811120 2.714588820 -0.162106969 -0.598137774 0.547130534 -0.403377848 0.424459295
1703614465.401666164 -116.324335114 2.709826184 -0.161750480 -0.597686560 0.547772323 -0.402531429 0.425070237
1703614465.471553802 -116.260547776 2.708051312 -0.165114720 -0.597255524 0.548158869 -0.402915315 0.424814010
1703614465.601343155 -116.140139440 2.704577290 -0.162792518 -0.595715310 0.549155347 -0.403558457 0.425079106
1703614465.651263475 -116.091150110 2.707848470 -0.165826269 -0.596312779 0.549562179 -0.403309284 0.423950589
1703614465.801021338 -115.952445686 2.716402629 -0.167367889 -0.597226909 0.548812536 -0.404082802 0.422897043
1703614465.850940466 -115.905352772 2.717338852 -0.167954503 -0.597447143 0.549057545 -0.402771690 0.423518228
1703614466.000698328 -115.769927896 2.710554013 -0.168631240 -0.596956614 0.548430868 -0.401460944 0.426257545
1703614466.070585966 -115.705024151 2.701358170 -0.170066662 -0.596445588 0.549538615 -0.400837592 0.426132838
1703614466.200376272 -115.592075259 2.691502422 -0.168796918 -0.594281122 0.551661587 -0.402647228 0.424705370
1703614466.250295639 -115.551890989 2.692557155 -0.166847378 -0.593142063 0.551527465 -0.404003638 0.425183499
1703614466.400054216 -115.417304422 2.713013424 -0.168391929 -0.595608187 0.550120561 -0.402670668 0.424823009
1703614466.469941854 -115.361017635 2.723394186 -0.168390380 -0.597615950 0.548039053 -0.401909340 0.425414216
1703614466.604724884 -115.243347005 2.740239433 -0.173584106 -0.601297536 0.545339572 -0.399897197 0.425591654
1703614466.669619799 -115.188110036 2.739660316 -0.171977878 -0.600834186 0.545422303 -0.399901227 0.426135895
1703614466.804402590 -115.070776418 2.728772298 -0.176292701 -0.598785339 0.548048752 -0.400516756 0.425070596
1703614466.869297743 -115.012054459 2.724714322 -0.177523025 -0.598072354 0.548810470 -0.401267497 0.424382991
1703614467.004080534 -114.898566317 2.728161740 -0.175097686 -0.597617533 0.548468768 -0.401487339 0.425256642
1703614467.053999662 -114.855836797 2.731622566 -0.174302421 -0.597954003 0.547499303 -0.401847125 0.425692861
1703614467.203757524 -114.723088512 2.736727521 -0.178309897 -0.598726358 0.547372329 -0.400609962 0.425936545
1703614467.268653393 -114.666021696 2.736770759 -0.175770734 -0.598236050 0.547066863 -0.401199381 0.426462814
1703614467.403434515 -114.551747841 2.732614089 -0.177323465 -0.597666353 0.548143190 -0.402452860 0.424694796
1703614467.463337660 -114.502101266 2.728253332 -0.177055083 -0.596292558 0.549408227 -0.402582459 0.424868390
1703614467.603111982 -114.382438036 2.732262942 -0.178386661 -0.596816026 0.549038604 -0.401811389 0.425340864
1703614467.653031349 -114.339775948 2.735497973 -0.178531545 -0.596869395 0.547751110 -0.402336961 0.426427739
1703614467.802788496 -114.213489362 2.738833261 -0.178887178 -0.597435064 0.547438636 -0.401824580 0.426519976
1703614467.867683172 -114.159518556 2.739094568 -0.175464475 -0.596829358 0.547138028 -0.402572474 0.427048124
1703614468.002464771 -114.050482376 2.743995167 -0.178234249 -0.597170947 0.546702680 -0.403362057 0.426382563
1703614468.067360163 -113.996366996 2.746028146 -0.180020118 -0.597603705 0.546933305 -0.402584228 0.426215568
1703614468.202144146 -113.887985189 2.746339902 -0.181440631 -0.597531210 0.547159603 -0.403219181 0.425425803
1703614468.267039537 -113.834867106 2.743917553 -0.182425558 -0.596792284 0.547910529 -0.404168108 0.424595292
1703614468.401823521 -113.726840110 2.741125897 -0.182266503 -0.595896099 0.548583586 -0.404186757 0.424967003
1703614468.466718912 -113.676399391 2.744309882 -0.182170765 -0.596692759 0.547777533 -0.404625316 0.424471294
1703614468.601502657 -113.569127432 2.750248427 -0.185730146 -0.597534453 0.546884176 -0.405808579 0.423308011
1703614468.651422501 -113.526931756 2.752600085 -0.187464314 -0.597742350 0.546913988 -0.405101618 0.423652985
1703614468.801182032 -113.408657112 2.758813552 -0.189271299 -0.598380223 0.545677779 -0.403248317 0.426107574
1703614468.871070385 -113.351737728 2.757146596 -0.190068891 -0.598463485 0.545238716 -0.404137537 0.425710055
1703614469.000861406 -113.244827658 2.740123171 -0.192966026 -0.595680210 0.548773797 -0.405071305 0.424181146
1703614469.070749760 -113.187838588 2.732861556 -0.192562761 -0.594112563 0.549988027 -0.406635127 0.423309940
1703614469.200541019 -113.089860825 2.737262167 -0.193582325 -0.594264908 0.549752277 -0.408106997 0.421983807
1703614469.270429134 -113.035283057 2.742010406 -0.195662538 -0.595118835 0.549200587 -0.406262566 0.423276523
1703614469.400220394 -112.935197298 2.746265129 -0.199407865 -0.596550698 0.547599474 -0.403354736 0.426106838
1703614469.470108747 -112.879155510 2.740523167 -0.200077823 -0.596015975 0.547941168 -0.404200271 0.425614350
1703614469.604892492 -112.776714107 2.728356600 -0.200851908 -0.592899329 0.551075476 -0.405662338 0.424528295
1703614469.669788122 -112.725101357 2.728262323 -0.202503683 -0.592469164 0.551213377 -0.405931005 0.424692974
1703614469.804572105 -112.620443891 2.735018189 -0.207296649 -0.593833141 0.550496362 -0.405794448 0.423847641
1703614469.869467497 -112.566934223 2.734663551 -0.209569885 -0.593862693 0.550747875 -0.405300431 0.423952168
1703614470.004251242 -112.466080041 2.731636931 -0.210129874 -0.593497091 0.551401900 -0.405966762 0.422975337
1703614470.069146872 -112.415613945 2.728818741 -0.211872145 -0.592998373 0.551861828 -0.407406377 0.421688863
1703614470.203931332 -112.315289607 2.733633216 -0.210473883 -0.592592287 0.551821023 -0.408040537 0.421699965
1703614470.268827200 -112.267728159 2.741718429 -0.207430471 -0.593254943 0.549937275 -0.407779113 0.423478171
1703614470.403611660 -112.165086658 2.756853903 -0.212082393 -0.596677656 0.546828956 -0.405955384 0.424445632
1703614470.468507290 -112.112477803 2.760559111 -0.216081116 -0.597414428 0.546272387 -0.405264234 0.424786277
1703614470.603291750 -112.006252936 2.764040102 -0.217488950 -0.597454034 0.546920670 -0.404145867 0.424961852
1703614470.668187618 -111.953843574 2.765511061 -0.218223928 -0.597461495 0.546916671 -0.405001459 0.424141174
1703614470.812955141 -111.835276281 2.761449907 -0.221720985 -0.596496728 0.548175793 -0.406838491 0.422110644
1703614471.002652168 -111.678938965 2.762199628 -0.223450134 -0.596616604 0.547762323 -0.406672853 0.422637263
1703614471.052573442 -111.635317616 2.760440142 -0.225973074 -0.596435208 0.548066391 -0.406527308 0.422639116
1703614471.202342987 -111.512069743 2.755039068 -0.223355950 -0.594729123 0.549281114 -0.406466116 0.423524291
1703614471.267242908 -111.455338005 2.752376268 -0.226161207 -0.594626323 0.549893134 -0.406941827 0.422416176
1703614471.402036428 -111.340898788 2.744278094 -0.224855907 -0.592871644 0.551305846 -0.407737196 0.422274150
1703614471.451959848 -111.297585238 2.740089267 -0.225757515 -0.592543271 0.551736666 -0.407314805 0.422579901
1703614471.601729631 -111.167061364 2.718492285 -0.228697744 -0.590545478 0.554191116 -0.409220488 0.420317543
1703614471.651654482 -111.123096059 2.712669556 -0.228242713 -0.589305043 0.555302574 -0.410065456 0.419767722
1703614471.801425934 -110.991440705 2.709427692 -0.228528601 -0.587896879 0.556021437 -0.411126883 0.419752436
1703614471.851350069 -110.945166682 2.710544392 -0.228406510 -0.588147721 0.555689700 -0.411384451 0.419587952
1703614472.006114244 -110.805311006 2.719047284 -0.229881414 -0.589513204 0.554093879 -0.409867613 0.421263213
1703614472.051043510 -110.763594198 2.719930637 -0.229339383 -0.590147159 0.553604698 -0.410355394 0.420543243
1703614472.200803280 -110.624310139 2.716632543 -0.237206806 -0.590155005 0.555333416 -0.410941992 0.417670380
1703614472.270690203 -110.562234640 2.722588213 -0.234827828 -0.590262775 0.554353162 -0.411364628 0.418403598
1703614472.400480509 -110.442989023 2.740718036 -0.239832401 -0.592866573 0.551687231 -0.410516002 0.419078797
1703614472.450400114 -110.396290054 2.745885690 -0.237706271 -0.593432160 0.550907907 -0.409635446 0.420163720
1703614472.600158691 -110.257872874 2.751969063 -0.242511180 -0.594615555 0.549248282 -0.409208348 0.421078609
1703614472.650078058 -110.207802437 2.750646615 -0.244530899 -0.594689437 0.549628942 -0.409790629 0.419909681
1703614472.804828167 -110.053830164 2.761267871 -0.256365760 -0.596671886 0.549877666 -0.409318588 0.417223568
1703614472.854748487 -110.004750449 2.767419871 -0.258359155 -0.597479190 0.549174111 -0.408943242 0.417362958
1703614473.004505634 -109.869552303 2.781327952 -0.245567801 -0.597705851 0.545884398 -0.405920772 0.424247883
1703614473.054426670 -109.820770430 2.780684144 -0.247680904 -0.598319925 0.545931222 -0.404654724 0.424531415
1703614473.204187393 -109.680189359 2.744246360 -0.254200548 -0.593599116 0.551583861 -0.406212170 0.422358860
1703614473.254107952 -109.632175727 2.734848552 -0.254511949 -0.591472270 0.553849103 -0.406615991 0.421989526
1703614473.403869867 -109.490038063 2.728189985 -0.255077706 -0.589356547 0.555181245 -0.411395316 0.418552911
1703614473.453790426 -109.443597785 2.734337732 -0.254957621 -0.590087859 0.554414432 -0.411265839 0.418666175
1703614473.603552580 -109.302639970 2.756612610 -0.256865010 -0.593081478 0.550603813 -0.407850837 0.422785403
1703614473.653473139 -109.255206080 2.759869072 -0.257013113 -0.593713683 0.549569348 -0.407977866 0.423121324
1703614473.803235292 -109.109425088 2.755991669 -0.259248197 -0.594179778 0.550420144 -0.406314237 0.422961934
1703614473.868132114 -109.047652800 2.755283478 -0.256708474 -0.593117203 0.550069766 -0.407208535 0.424047692
1703614474.002918243 -108.914887075 2.761732551 -0.260811198 -0.593491390 0.550354237 -0.406604936 0.423734127
1703614474.052838802 -108.865793200 2.764892860 -0.258608667 -0.593871026 0.549549713 -0.407137491 0.423735036
1703614474.202600241 -108.715542485 2.774802046 -0.265789471 -0.595553629 0.549131071 -0.403964358 0.424951456
1703614474.252520800 -108.665685697 2.780848976 -0.264594806 -0.596598245 0.548064747 -0.402553276 0.426199984
1703614474.402282476 -108.519130513 2.794060876 -0.268215287 -0.596501861 0.545095368 -0.402403372 0.430265146
1703614474.452202797 -108.466072169 2.797969194 -0.271397890 -0.597130382 0.545168512 -0.402516226 0.429193766
1703614474.601964712 -108.308458133 2.808829250 -0.268959136 -0.597536711 0.545179053 -0.403118824 0.428047770
1703614474.651885033 -108.254693810 2.814848569 -0.275104138 -0.599281533 0.545737862 -0.399683326 0.428118056
1703614474.801646709 -108.107641564 2.833741088 -0.271944124 -0.603002946 0.540942966 -0.397217470 0.431261447
1703614474.851567030 -108.057318967 2.834384442 -0.275094735 -0.603330042 0.540746908 -0.397082271 0.431174341
1703614475.001328945 -107.901980684 2.829009053 -0.275509067 -0.601061946 0.543085541 -0.398484753 0.430107584
1703614475.051249266 -107.849823896 2.827924626 -0.279595255 -0.599915149 0.544301359 -0.398991574 0.429701720
1703614475.201009989 -107.693529233 2.837742348 -0.278824238 -0.599967819 0.545154599 -0.398411753 0.429084089
1703614475.250930071 -107.639700247 2.841494790 -0.279693208 -0.600229239 0.544371615 -0.397737451 0.430336293
1703614475.400691032 -107.481335407 2.841965115 -0.283419904 -0.601928859 0.543743260 -0.394861802 0.431403608
1703614475.470578671 -107.409925465 2.838283947 -0.282829871 -0.601075191 0.544493530 -0.394342690 0.432121804
1703614475.600371599 -107.282822973 2.838740735 -0.273175830 -0.598846740 0.544381545 -0.397450995 0.432508985
1703614475.650291920 -107.230651582 2.843169418 -0.273740191 -0.599266831 0.544874079 -0.396855243 0.431853469
1703614475.800052404 -107.084698162 2.859583883 -0.273358380 -0.600943177 0.542632707 -0.395526750 0.433561569
1703614475.854964256 -107.028049959 2.864864914 -0.274563399 -0.601409377 0.542083777 -0.394011853 0.434978850
1703614476.004724979 -106.877658050 2.871948417 -0.279003101 -0.602754295 0.540771678 -0.392367089 0.436235394
1703614476.059637070 -106.820764377 2.870371473 -0.283646472 -0.602554231 0.541607543 -0.392267011 0.435564301
1703614476.204406738 -106.673646739 2.875345041 -0.282801368 -0.601710343 0.543513642 -0.392594729 0.434058709
1703614476.269303322 -106.609964434 2.882909364 -0.281433605 -0.602115005 0.542263358 -0.394164304 0.433638643
1703614476.404088974 -106.475742981 2.894762233 -0.282549427 -0.603065633 0.541761112 -0.394316752 0.432806006
1703614476.454009295 -106.427748342 2.900154522 -0.279002343 -0.603407666 0.541030056 -0.394503226 0.433073748
1703614476.603770733 -106.281287217 2.900317167 -0.280689765 -0.602706795 0.541546720 -0.395930163 0.432100654
1703614476.653691053 -106.233423504 2.897535861 -0.279368888 -0.601772048 0.542225136 -0.396492582 0.432036962
1703614476.803452730 -106.091348829 2.902503227 -0.275997005 -0.601271423 0.541723586 -0.396468695 0.433382978
1703614476.853373289 -106.044422761 2.903088642 -0.275314916 -0.600839359 0.541077689 -0.396669415 0.434603697
1703614477.003134727 -105.903521337 2.899975847 -0.274624650 -0.600249935 0.541289492 -0.396259454 0.435527435
1703614477.053055286 -105.853786406 2.896703845 -0.275465389 -0.599207805 0.543059623 -0.395276822 0.435651794
1703614477.202815294 -105.708885179 2.890700329 -0.279032736 -0.597536290 0.546023171 -0.395296150 0.434223482
1703614477.267710924 -105.647652386 2.890693584 -0.280395303 -0.598168353 0.546652397 -0.395617772 0.432264221
1703614477.402495146 -105.525456542 2.887136198 -0.280650701 -0.597160995 0.547449453 -0.396774512 0.431587568
1703614477.467390776 -105.465599149 2.888240690 -0.282602285 -0.597311225 0.547666043 -0.396995517 0.430901108
1703614477.602174997 -105.351029394 2.896698566 -0.276530640 -0.596887191 0.546625644 -0.398712734 0.431224121
1703614477.667070866 -105.294198511 2.900101661 -0.274041187 -0.597365018 0.545915165 -0.398723567 0.431452414
1703614477.801853895 -105.177778930 2.896366298 -0.275157573 -0.596603240 0.545873779 -0.398994944 0.432307097
1703614477.851773977 -105.132270423 2.894080868 -0.278326334 -0.596292975 0.547045141 -0.398852125 0.431385309
1703614478.001533747 -104.995827694 2.887162444 -0.280829118 -0.594647652 0.550001684 -0.399164254 0.429604721
1703614478.056445837 -104.951005293 2.890059511 -0.274746679 -0.594314509 0.549037445 -0.400789328 0.429786066
1703614478.201208591 -104.828608910 2.906743450 -0.275425196 -0.596228573 0.546429444 -0.401541535 0.429756615
1703614478.251127005 -104.788129008 2.916111145 -0.273884863 -0.597298541 0.544968352 -0.400464366 0.431129030
1703614478.400881767 -104.658350964 2.938527794 -0.282752080 -0.601006592 0.542453171 -0.396661654 0.432660566
1703614478.450800180 -104.617024372 2.938454605 -0.279913868 -0.600317253 0.542347499 -0.397439799 0.433035786
1703614478.600554943 -104.489252386 2.924273550 -0.279868226 -0.597133247 0.546173516 -0.399774985 0.430472225
1703614478.650473118 -104.447803029 2.928762563 -0.279499186 -0.597632516 0.546294920 -0.399836472 0.429567261
1703614478.800227880 -104.321569012 2.955804294 -0.287084541 -0.601364421 0.543461767 -0.397372991 0.430238129
1703614478.870112658 -104.263013379 2.965858726 -0.285839092 -0.602984805 0.541722883 -0.396807023 0.430685302
1703614479.004891634 -104.147238271 2.970157442 -0.291256863 -0.603737946 0.541206370 -0.395348122 0.431620226
1703614479.069786310 -104.088276143 2.966944689 -0.295510371 -0.603460154 0.541963837 -0.395263831 0.431135183
1703614479.204571962 -103.977360892 2.959293950 -0.288838470 -0.600648186 0.544034120 -0.395860832 0.431906048
1703614479.264476776 -103.930770379 2.958098496 -0.283568556 -0.599654297 0.543992785 -0.397327456 0.431992439
1703614479.404254198 -103.816732402 2.957842360 -0.285056854 -0.598798476 0.545030958 -0.398039675 0.431214630
1703614479.469150543 -103.765148321 2.965290703 -0.283689926 -0.599466944 0.544220276 -0.397259514 0.432028416
1703614479.603936434 -103.651885173 2.981626681 -0.286911055 -0.601932744 0.541880256 -0.395787262 0.432891676
1703614479.653857231 -103.609089925 2.980411891 -0.286702213 -0.601547214 0.541599799 -0.397189469 0.432494084
1703614479.803618908 -103.488378325 2.961741940 -0.278911987 -0.597290015 0.545303959 -0.398749222 0.432304624
1703614479.853538513 -103.448021572 2.959373448 -0.275532316 -0.596427738 0.545817119 -0.398838809 0.432764638
1703614480.003300428 -103.320504074 2.949640610 -0.278189123 -0.596152123 0.547172524 -0.399167419 0.431126718
1703614480.068197250 -103.269508993 2.949815270 -0.276123555 -0.595778590 0.547604294 -0.400014319 0.430309136
1703614480.202982903 -103.161456229 2.955570696 -0.278793622 -0.595593687 0.549233960 -0.401398859 0.427187515
1703614480.267879486 -103.111193462 2.961082187 -0.275093892 -0.595959754 0.548721994 -0.402567402 0.426234245
1703614480.402665138 -103.003406643 2.969819904 -0.274224430 -0.596891165 0.546472334 -0.402682653 0.427709722
1703614480.467561483 -102.951333592 2.973147638 -0.271500422 -0.597678164 0.544785689 -0.401873183 0.429519860
1703614480.602347136 -102.838565272 2.959731919 -0.273412349 -0.596444057 0.546950796 -0.401106548 0.429200246
1703614480.652267933 -102.799722715 2.954450742 -0.269404630 -0.595033423 0.548181911 -0.403051355 0.427763279
1703614480.802029610 -102.680426445 2.940984425 -0.264619547 -0.590239760 0.551030801 -0.407072526 0.426935640
1703614480.866925955 -102.627167174 2.941254740 -0.263556156 -0.590249866 0.550975366 -0.407777840 0.426319686
1703614481.001710892 -102.514056074 2.946814319 -0.263744583 -0.591443508 0.550036952 -0.406379715 0.427211255
1703614481.071600199 -102.455651413 2.950532223 -0.261782321 -0.591955483 0.549080781 -0.405981544 0.428109784
1703614481.201392651 -102.347115069 2.945995331 -0.260317293 -0.591258355 0.549925110 -0.405499595 0.428446040
1703614481.271281481 -102.290477006 2.941876596 -0.257779481 -0.590194507 0.551202247 -0.405314333 0.428446985
1703614481.401073933 -102.181213354 2.939011149 -0.264444847 -0.590495017 0.553118232 -0.405888569 0.425006267
1703614481.470963001 -102.124802855 2.944069988 -0.261049011 -0.590578881 0.552410480 -0.405962928 0.425738590
1703614481.600755453 -102.018750445 2.963403325 -0.258143584 -0.593100700 0.548402226 -0.404999936 0.428324188
1703614481.670643330 -101.957558343 2.973382508 -0.258516042 -0.595519494 0.547226883 -0.403784799 0.427617945
1703614481.800436735 -101.849130989 2.979414809 -0.258887836 -0.596085456 0.547444287 -0.403317318 0.426991830
1703614481.870324612 -101.791908666 2.982708872 -0.257096152 -0.596151507 0.547405681 -0.403217268 0.427043600
1703614482.000118494 -101.686511479 2.986069458 -0.254995423 -0.596338182 0.546977968 -0.402466188 0.428038366
1703614482.070006132 -101.629426544 2.988311655 -0.251912393 -0.596352348 0.546487086 -0.402705117 0.428420741
1703614482.204791069 -101.520711670 2.992836485 -0.249799826 -0.596700985 0.545853494 -0.403256127 0.428224700
1703614482.269686937 -101.469659591 2.994546566 -0.247867134 -0.596473497 0.545371553 -0.404496652 0.427985624
1703614482.404471636 -101.360849639 3.000758556 -0.247319451 -0.597077140 0.545609949 -0.405180254 0.426189669
1703614482.469367981 -101.306947650 3.004802957 -0.248962847 -0.597002991 0.545851496 -0.403601564 0.427480235
1703614482.604152679 -101.196273735 3.005001539 -0.245672197 -0.596814201 0.544883768 -0.402156729 0.430330633
1703614482.654071808 -101.151771715 2.999553321 -0.246092074 -0.596511749 0.545818307 -0.401682984 0.430008011
1703614482.803832531 -101.024358500 2.979916263 -0.248470330 -0.593965974 0.549390971 -0.402585559 0.428134151
1703614482.858745337 -100.978785934 2.978387300 -0.247275744 -0.593523512 0.549514479 -0.404100260 0.427161162
1703614483.003514051 -100.855296875 2.984625074 -0.244884720 -0.593460173 0.549920849 -0.403463599 0.427327985
1703614483.068409443 -100.800942261 2.982225824 -0.239423838 -0.593026998 0.549535690 -0.404194347 0.427734070
1703614483.203194857 -100.685957384 2.964305672 -0.240852487 -0.591250565 0.552006363 -0.404707581 0.426524933
1703614483.268090963 -100.630823898 2.960003847 -0.238293362 -0.590178816 0.552914988 -0.405017034 0.426538608
1703614483.402876377 -100.514049879 2.955421092 -0.240052916 -0.589307607 0.554321938 -0.404541257 0.426368509
1703614483.452796936 -100.470567080 2.954851838 -0.238884059 -0.589311808 0.554406417 -0.404670723 0.426129937
1703614483.602558136 -100.343610282 2.952094142 -0.234902922 -0.588881976 0.554518763 -0.406087727 0.425229018
1703614483.657470226 -100.296754407 2.953666849 -0.231473172 -0.588618385 0.554064952 -0.407265460 0.425059139
1703614483.802239895 -100.172690573 2.957247104 -0.231089135 -0.588723256 0.553595218 -0.408062910 0.424761019
1703614483.852159500 -100.127962517 2.958568996 -0.230538530 -0.589340212 0.553695942 -0.407548759 0.424267519
1703614484.001921892 -99.999423677 2.951080896 -0.234101481 -0.589087334 0.555143998 -0.406441961 0.423787903
1703614484.066817999 -99.941620472 2.947560188 -0.236097421 -0.588456576 0.555925939 -0.406195549 0.423875435
1703614484.201602697 -99.824441681 2.942317278 -0.236083035 -0.588276599 0.557313120 -0.406958793 0.421565261
1703614484.251523495 -99.781929818 2.942954583 -0.233206893 -0.588714034 0.557008036 -0.408504990 0.419858913
1703614484.401285172 -99.661289795 2.940627640 -0.227531854 -0.586568675 0.556856169 -0.409950967 0.421649857
1703614484.451205492 -99.615307092 2.944996187 -0.230967128 -0.588018065 0.556716656 -0.407891301 0.421812763
1703614484.600967169 -99.485086060 2.947046570 -0.228596520 -0.589033491 0.554376519 -0.406547674 0.424764890
1703614484.650887966 -99.438569806 2.946284622 -0.228134612 -0.588765699 0.555013754 -0.405658152 0.425154263
1703614484.800649643 -99.304508777 2.952820675 -0.228683485 -0.589639924 0.554748040 -0.405488243 0.424451006
1703614484.870537758 -99.240997521 2.955495936 -0.229344957 -0.590094762 0.554878860 -0.404543617 0.424549272
1703614485.000331163 -99.127335008 2.957203283 -0.228884877 -0.590783021 0.554687428 -0.403720006 0.424626232
1703614485.070220232 -99.065458205 2.954001664 -0.227099506 -0.589922133 0.555807795 -0.404005878 0.424085867
1703614485.200635910 -98.954636406 2.954240138 -0.221034964 -0.589055531 0.555271767 -0.405960753 0.424125822
1703614485.271018744 -98.890804364 2.956909459 -0.220700662 -0.589829294 0.554917928 -0.404983675 0.424447547
1703614485.401745558 -98.771063660 2.963281076 -0.223538641 -0.591943986 0.553625685 -0.402909595 0.425164411
1703614485.467117548 -98.714195634 2.964360831 -0.218335121 -0.591937099 0.552801172 -0.403596738 0.425594888
1703614485.602907896 -98.592371483 2.962524393 -0.218641730 -0.591756942 0.554366740 -0.403212899 0.424170481
1703614485.653207064 -98.549083991 2.962968485 -0.215085158 -0.590728580 0.554217358 -0.403510904 0.425513589
1703614485.804122448 -98.411749149 2.970390524 -0.215597230 -0.592390509 0.553001777 -0.402161251 0.426062022
1703614485.869529724 -98.349039582 2.970429220 -0.217205279 -0.593086089 0.552893251 -0.401522872 0.425837208
1703614486.005390882 -98.220241538 2.968899661 -0.213127481 -0.592686610 0.552919020 -0.400873727 0.426970016
1703614486.075847626 -98.156576367 2.969927566 -0.207756850 -0.592363018 0.552623238 -0.401289072 0.427411620
1703614486.205928326 -98.037356021 2.977320262 -0.209708160 -0.594451843 0.552373553 -0.400226097 0.425828060
1703614486.275767803 -97.975824082 2.980900586 -0.208392286 -0.594283745 0.551534144 -0.399522343 0.427806983
1703614486.410454512 -97.847822030 2.979763359 -0.208737078 -0.594065544 0.552194626 -0.399571678 0.427211539
1703614486.609985828 -97.661020230 2.987646730 -0.201506270 -0.593715998 0.550925481 -0.400493454 0.428471027
1703614486.674831867 -97.598951486 3.001357244 -0.204137638 -0.596475167 0.549266566 -0.398872940 0.428280273
1703614486.804521322 -97.476742887 3.033091487 -0.202359147 -0.599715088 0.544524244 -0.396737004 0.431781092
1703614486.854401112 -97.426470193 3.042095913 -0.205427021 -0.601390072 0.544096540 -0.395074249 0.431515091
1703614487.004038334 -97.280868905 3.055107058 -0.205398533 -0.602692460 0.543552935 -0.393618871 0.431713087
1703614487.068879604 -97.217737209 3.056359652 -0.203471651 -0.602431255 0.543535052 -0.395037247 0.430803672
1703614487.203564644 -97.085367213 3.058199003 -0.202225538 -0.601461358 0.544353676 -0.395596010 0.430612480
1703614487.268416643 -97.023137392 3.066753796 -0.198088851 -0.602155451 0.542671584 -0.396272100 0.431143582
1703614487.408093691 -96.884509494 3.088971403 -0.198869151 -0.604841031 0.540323721 -0.393181425 0.433158137
1703614487.462965488 -96.832676012 3.093524544 -0.194873361 -0.605150558 0.539215245 -0.394009993 0.433354181
1703614487.607625484 -96.687489905 3.088943408 -0.192829520 -0.602782990 0.541066379 -0.395391107 0.433088574
1703614487.662495375 -96.632008291 3.089902268 -0.193679476 -0.602454357 0.541834287 -0.395056831 0.432890811
1703614487.807151318 -96.483043832 3.100047617 -0.196945092 -0.604395005 0.541286925 -0.394599920 0.431284181
1703614487.862019300 -96.429501946 3.104183633 -0.196705699 -0.604628663 0.541141568 -0.394712570 0.431035927
1703614488.006669044 -96.283084633 3.115473761 -0.193666556 -0.604488468 0.539785241 -0.394775087 0.432872056
1703614488.061535835 -96.227456116 3.117028796 -0.194140353 -0.604775445 0.539649234 -0.394417370 0.432966862
1703614488.201207876 -96.081437179 3.106434547 -0.196413782 -0.603630232 0.542601886 -0.393494210 0.431712916
1703614488.251093388 -96.034099743 3.104060554 -0.192285116 -0.601750984 0.543176297 -0.395299190 0.431965061
1703614488.405736685 -95.871970871 3.085179856 -0.198045144 -0.599204183 0.547732655 -0.396970637 0.428202755
1703614488.460608721 -95.819062725 3.086171186 -0.194295163 -0.598096455 0.547622438 -0.397372465 0.429517660
1703614488.605268955 -95.670570188 3.105468627 -0.195825565 -0.600496663 0.545118562 -0.396835193 0.429850370
1703614488.660139084 -95.614151602 3.113617178 -0.197068015 -0.601448437 0.544673437 -0.395324718 0.430475309
1703614488.804795742 -95.467024229 3.129342185 -0.190832371 -0.602934934 0.541739714 -0.397155623 0.430412545
1703614488.854676247 -95.415251484 3.133083222 -0.192399130 -0.602831081 0.542224502 -0.396923044 0.430162032
1703614489.004314184 -95.264702832 3.154939558 -0.189523769 -0.604764639 0.538997773 -0.397835635 0.430659888
1703614489.054192781 -95.211292519 3.160499642 -0.192515697 -0.605764000 0.538852535 -0.396439428 0.430724624
1703614489.213820219 -95.043716945 3.169573945 -0.201753410 -0.607011605 0.539386809 -0.393464202 0.431027497
1703614489.408363819 -94.844787653 3.163123219 -0.196399142 -0.603374708 0.542432078 -0.396682837 0.429358975
1703614489.463233471 -94.791475825 3.169372251 -0.194811804 -0.603270557 0.542143890 -0.396139503 0.430369762
1703614489.602900505 -94.649195626 3.189423694 -0.198296421 -0.606466688 0.539227381 -0.394766027 0.430803633
1703614489.652780533 -94.601806294 3.196639844 -0.196302095 -0.607113155 0.537943003 -0.395661152 0.430677601
1703614489.802418232 -94.454770741 3.207335391 -0.198983999 -0.606799907 0.538183761 -0.395498105 0.430967936
1703614489.857283831 -94.402331726 3.210631585 -0.197240507 -0.606301931 0.538143657 -0.395333336 0.431869108
1703614490.001928091 -94.262369414 3.205573179 -0.198283140 -0.605099496 0.538878073 -0.394637183 0.433274181
1703614490.066766977 -94.198249226 3.198762694 -0.198727755 -0.603990076 0.540447987 -0.394958066 0.432573795
1703614490.206440210 -94.066733609 3.180319830 -0.192368491 -0.599083182 0.544583205 -0.396954614 0.432383520
1703614490.276281834 -94.002549220 3.177018659 -0.191131520 -0.597755409 0.544984774 -0.399018117 0.431815480
1703614490.400994778 -93.881535758 3.170682463 -0.197626255 -0.597754368 0.546870513 -0.399377028 0.429092469
1703614490.470834017 -93.820334434 3.172358391 -0.196262412 -0.597814926 0.546691895 -0.401243771 0.427491196
1703614490.605520010 -93.696436884 3.172476359 -0.200852921 -0.597398573 0.547731301 -0.403009994 0.425074478
1703614490.660392046 -93.647943203 3.175519336 -0.199132962 -0.597290069 0.547395786 -0.403333232 0.425352478
1703614490.805050135 -93.516074267 3.184788825 -0.198759664 -0.598498095 0.545755215 -0.404104056 0.425030808
1703614490.874883413 -93.454584869 3.184009257 -0.195417583 -0.597450590 0.545291992 -0.404565085 0.426657390
1703614491.004571915 -93.335085751 3.176136999 -0.197931392 -0.596763618 0.546753840 -0.403242436 0.426999954
1703614491.069415569 -93.278449880 3.170772830 -0.194858806 -0.595473322 0.547307228 -0.404381580 0.427015056
1703614491.204113245 -93.163097948 3.166534799 -0.191102960 -0.594202467 0.548627022 -0.405913753 0.425635811
1703614491.258996010 -93.115991141 3.171063406 -0.191511330 -0.594308441 0.548428424 -0.405842406 0.425811793
1703614491.403686047 -92.994321947 3.187876538 -0.190744381 -0.596459523 0.545548355 -0.404758693 0.427531790
1703614491.453577280 -92.950715673 3.192144994 -0.191177799 -0.597515883 0.545051854 -0.404674224 0.426769279
1703614491.603251934 -92.821325051 3.185472493 -0.195006705 -0.596309861 0.546810457 -0.404741801 0.426141935
1703614491.668109655 -92.764080224 3.181431333 -0.195462168 -0.595354196 0.548168880 -0.404942555 0.425541758
1703614491.802812815 -92.649193599 3.175816342 -0.192830657 -0.594488484 0.549050256 -0.405054639 0.425509106
1703614491.852701187 -92.607531164 3.179791844 -0.190650124 -0.594913138 0.548030529 -0.405759436 0.425558665
1703614492.002367020 -92.481644283 3.190001284 -0.191816742 -0.595788085 0.547340425 -0.404376184 0.426538296
1703614492.067220926 -92.426843042 3.195705915 -0.191642150 -0.596434416 0.547157339 -0.402115706 0.428004431
1703614492.206907749 -92.314262461 3.196427372 -0.189545354 -0.596709701 0.546222115 -0.402633306 0.428328559
1703614492.261782169 -92.267777075 3.190907610 -0.191677019 -0.595582015 0.548110218 -0.403112193 0.427033737
1703614492.401461124 -92.152931704 3.183155257 -0.192105160 -0.592896575 0.550599043 -0.404889895 0.425885568
1703614492.471300125 -92.092315348 3.185775950 -0.194708970 -0.593463379 0.551084002 -0.404635643 0.424708885
1703614492.600996971 -91.984893665 3.186046472 -0.192037541 -0.593191805 0.550182930 -0.406353718 0.424616158
1703614492.650879860 -91.942535072 3.185365107 -0.190877920 -0.592602144 0.550591584 -0.406505262 0.424764734
1703614492.800524950 -91.814642545 3.181300960 -0.192066076 -0.591995026 0.552289323 -0.406903783 0.423022108
1703614492.870358944 -91.757842526 3.179564025 -0.188158973 -0.591279502 0.552058844 -0.407448759 0.423798409
1703614493.000046968 -91.651609724 3.172276812 -0.187785794 -0.590980721 0.552149303 -0.407644532 0.423909035
1703614493.069877148 -91.595116422 3.169184423 -0.186249352 -0.590779820 0.552764382 -0.408215124 0.422837031
1703614493.204564810 -91.489302718 3.167479729 -0.185410363 -0.589990598 0.553949785 -0.410091968 0.420565463
1703614493.269416332 -91.439006505 3.168716383 -0.183544912 -0.589185941 0.554320929 -0.410556581 0.420751149
1703614493.404105425 -91.335012971 3.174028887 -0.181995921 -0.589874226 0.553022975 -0.409511889 0.422509169
1703614493.468954802 -91.281720644 3.177216655 -0.182635160 -0.591208779 0.552126157 -0.408437375 0.422856709
1703614493.603640318 -91.174315209 3.174389759 -0.183562710 -0.590992521 0.552023530 -0.406801289 0.424865360
1703614493.668487310 -91.121608701 3.172082419 -0.182447353 -0.590027913 0.552801835 -0.406880868 0.425117810
1703614493.803167105 -91.011991818 3.164593899 -0.178142206 -0.588213188 0.554016911 -0.408745837 0.424260944
1703614493.853047848 -90.970950972 3.164186559 -0.177785974 -0.587676852 0.554156709 -0.409555646 0.424040601
1703614494.002687693 -90.853534536 3.176251334 -0.173308505 -0.589049913 0.552839929 -0.412036774 0.421442653
1703614494.052566767 -90.816003026 3.182727598 -0.172065659 -0.589324618 0.552171918 -0.411370910 0.422583297
1703614494.202214241 -90.701772854 3.210668889 -0.174390421 -0.594086465 0.547123214 -0.407630147 0.426092859
1703614494.252099514 -90.659954567 3.215293182 -0.177977887 -0.595659910 0.546749923 -0.404993635 0.426888685
1703614494.401751757 -90.539882607 3.208454646 -0.177083735 -0.594015131 0.547839955 -0.405265057 0.427525017
1703614494.471588612 -90.481201539 3.201828636 -0.176990674 -0.592274645 0.549402379 -0.406950754 0.426331860
1703614494.601282597 -90.368905478 3.196021171 -0.178466079 -0.590735224 0.551552854 -0.406947818 0.425693337
1703614494.651164293 -90.326897481 3.197294990 -0.176446462 -0.590630940 0.551358728 -0.406815946 0.426215241
1703614494.800806284 -90.201994075 3.201989858 -0.168348609 -0.590827642 0.549358834 -0.406624395 0.428700560
1703614494.850685120 -90.159319655 3.201249300 -0.166852890 -0.590547348 0.549366737 -0.406651099 0.429051164
1703614495.000321627 -90.026926899 3.196676608 -0.171541542 -0.589578807 0.551563465 -0.407450684 0.426800323
1703614495.070151091 -89.964517193 3.201551725 -0.173063677 -0.590085227 0.551936953 -0.406886286 0.426155576
1703614495.204832792 -89.847618226 3.218485091 -0.170501961 -0.592260251 0.549593365 -0.406075965 0.426939385
1703614495.269684076 -89.790869947 3.225017164 -0.167699417 -0.593101442 0.548009000 -0.406224595 0.427666218
1703614495.404373646 -89.673054363 3.232022032 -0.167771491 -0.594058779 0.547478620 -0.405236233 0.427954347
1703614495.469222546 -89.616881743 3.235610742 -0.166135259 -0.593990315 0.546976731 -0.405272102 0.428656604
1703614495.603907108 -89.496108158 3.243834842 -0.166663058 -0.594999024 0.546343791 -0.402923760 0.430275571
1703614495.668753862 -89.437684567 3.247920579 -0.166918020 -0.595842255 0.545619877 -0.402025503 0.430867093
1703614495.803432941 -89.316687971 3.256261307 -0.168119263 -0.597035144 0.545144519 -0.401241366 0.430548322
1703614495.853313446 -89.271092276 3.261616044 -0.168459824 -0.597380080 0.545141195 -0.400811364 0.430474585
1703614496.002952337 -89.135657749 3.278313083 -0.170271708 -0.599314013 0.544151046 -0.401991077 0.427931685
1703614496.067794323 -89.078100825 3.278959150 -0.168429736 -0.598393257 0.544779903 -0.402193196 0.428230079
1703614496.202479839 -88.954362318 3.282451323 -0.170550698 -0.597955462 0.544586801 -0.400324747 0.430830104
1703614496.267331600 -88.892116456 3.285600281 -0.172125722 -0.599417566 0.544159217 -0.399355216 0.430238003
1703614496.402020931 -88.769342870 3.287002265 -0.168173586 -0.598538663 0.543632046 -0.399864148 0.431653021
1703614496.466870546 -88.706963728 3.289605475 -0.169766849 -0.599084700 0.544375603 -0.399369208 0.430414871
1703614496.601556301 -88.581680159 3.292473562 -0.171295449 -0.599283514 0.545733927 -0.399062197 0.428699328
1703614496.671391249 -88.519145437 3.293010289 -0.169258778 -0.598870096 0.545088866 -0.399924978 0.429293312
1703614496.801084518 -88.398637891 3.282818178 -0.169221477 -0.597376647 0.546346579 -0.401126239 0.428654054
1703614496.870917082 -88.333584695 3.275579466 -0.167602065 -0.595601299 0.548036323 -0.401893298 0.428248828
1703614497.000604391 -88.212899251 3.275230491 -0.167690952 -0.594613556 0.548477959 -0.402953307 0.428059902
1703614497.070435524 -88.144074815 3.283535644 -0.170490225 -0.595984019 0.548185127 -0.401783001 0.427628970
1703614497.200127602 -88.023671284 3.298439720 -0.168176768 -0.597039510 0.546732874 -0.401638796 0.428150984
1703614497.269964457 -87.958313489 3.303639343 -0.167096462 -0.597335591 0.546020377 -0.402402804 0.427929811
1703614497.404647589 -87.834528702 3.311171871 -0.164992950 -0.597555103 0.545484272 -0.401672794 0.428991578
1703614497.469493866 -87.773957241 3.316173215 -0.166100589 -0.598214241 0.544841649 -0.400806439 0.429699311
1703614497.604172468 -87.646309467 3.323680130 -0.171614582 -0.599727515 0.544826949 -0.398788489 0.429486023
1703614497.654052496 -87.599650567 3.324271872 -0.170566394 -0.599206706 0.544813838 -0.399364436 0.429694372
1703614497.803689718 -87.459003422 3.316558804 -0.171763818 -0.597171631 0.547187060 -0.399264718 0.429604527
1703614497.868530989 -87.398177326 3.312637535 -0.171990842 -0.596182257 0.548031408 -0.399592020 0.429598078
1703614498.003198147 -87.273783969 3.305038731 -0.170949975 -0.594611532 0.549265666 -0.400534184 0.429321233
1703614498.053074598 -87.228012623 3.302795109 -0.170199168 -0.594031088 0.549407197 -0.401811066 0.428750121
1703614498.202717066 -87.090533131 3.298905024 -0.175753434 -0.593449625 0.552031232 -0.400173022 0.427715577
1703614498.267568588 -87.032286056 3.301652654 -0.176546516 -0.593781342 0.551558978 -0.400273371 0.427770546
1703614498.402258158 -86.913361490 3.306529702 -0.175976361 -0.593825245 0.551264561 -0.401434204 0.427000636
1703614498.467107296 -86.854420822 3.312546132 -0.175928437 -0.593965940 0.550880006 -0.400927754 0.427776364
1703614498.601792097 -86.730991616 3.325927266 -0.177523642 -0.595706800 0.548839290 -0.399656892 0.429165715
1703614498.671626568 -86.666676238 3.332414987 -0.177744593 -0.596759703 0.548086953 -0.399262887 0.429031113
1703614498.801318645 -86.550311545 3.342355831 -0.174365726 -0.597295709 0.547043011 -0.400313080 0.428638796
1703614498.851199150 -86.504238414 3.345668371 -0.173767787 -0.597290872 0.546828673 -0.400644274 0.428609592
1703614499.000837088 -86.369977491 3.349461022 -0.171821056 -0.597251388 0.546381882 -0.400663535 0.429215971
1703614499.070667744 -86.306022557 3.350058223 -0.171523041 -0.597094817 0.546631453 -0.401114667 0.428694365
1703614499.200361967 -86.187151814 3.357643246 -0.174963030 -0.597633115 0.546865285 -0.401334342 0.427438611
1703614499.270202637 -86.122890484 3.366641225 -0.175418333 -0.598510429 0.546199132 -0.401054389 0.427325581
1703614499.404891014 -85.998887418 3.381374097 -0.174924913 -0.599691797 0.544110800 -0.400711415 0.428653180
1703614499.454775095 -85.952016397 3.383116267 -0.174130322 -0.599429301 0.543558535 -0.400794178 0.429642478
1703614499.604424715 -85.810111628 3.383980431 -0.173119311 -0.599522934 0.543537141 -0.399557473 0.430689510
1703614499.669271469 -85.747095656 3.382152810 -0.174423496 -0.599215623 0.544240799 -0.398447177 0.431256810
1703614499.803951263 -85.620632758 3.378237194 -0.171080275 -0.597755647 0.545622450 -0.397590547 0.432326364
1703614499.868795633 -85.560355901 3.374037030 -0.169528736 -0.596229872 0.546480995 -0.398557358 0.432458661
1703614500.003470421 -85.433074161 3.362492934 -0.169128998 -0.593492816 0.548960723 -0.401038703 0.430785748
1703614500.068312407 -85.371433789 3.360517159 -0.168654008 -0.592963406 0.549731342 -0.401641163 0.429970030
1703614500.202996016 -85.244724565 3.359809328 -0.166582176 -0.592300161 0.549821029 -0.402356811 0.430100397
1703614500.267847538 -85.182922990 3.363042818 -0.166633722 -0.592416968 0.549848067 -0.401340531 0.430853824
1703614500.402535915 -85.053469856 3.366066571 -0.170751923 -0.593304316 0.550202283 -0.401171148 0.429335703
1703614500.452419996 -85.005997663 3.366135347 -0.172053789 -0.593473837 0.551270140 -0.400805403 0.428071333
1703614500.602069616 -84.867821429 3.361376066 -0.170747689 -0.590796893 0.552822066 -0.402014416 0.428638781
1703614500.666916370 -84.805863658 3.361539487 -0.170879720 -0.590639095 0.553159088 -0.401437448 0.428962070
1703614500.801595926 -84.679860109 3.358923706 -0.172033986 -0.590932806 0.553276773 -0.400747407 0.429050985
1703614500.871428967 -84.615201617 3.357431227 -0.170818825 -0.590766341 0.553769580 -0.401198860 0.428221739
1703614501.001115322 -84.498139474 3.358070570 -0.170161210 -0.589648260 0.554642072 -0.402779897 0.427148048
1703614501.070944548 -84.435839330 3.365635887 -0.168805334 -0.589891827 0.553890850 -0.403583124 0.427028362
1703614501.200887203 -84.319502466 3.376890950 -0.167127003 -0.591387297 0.552707240 -0.404038714 0.426061603
1703614501.271000862 -84.255958109 3.378695406 -0.166309417 -0.591829322 0.552524381 -0.404456094 0.425288291
1703614501.401231050 -84.141561583 3.376513887 -0.166287919 -0.590539373 0.553601200 -0.404338075 0.425793002
1703614501.451325178 -84.095146917 3.381439951 -0.166241182 -0.591149038 0.553214835 -0.403426143 0.426313861
1703614501.601627588 -83.958673360 3.390918290 -0.163890857 -0.593621619 0.550745872 -0.400432925 0.428889065
1703614501.666767597 -83.899113103 3.391324952 -0.164591521 -0.594254827 0.550702376 -0.398882768 0.429512085
1703614501.802075863 -83.773504779 3.382039097 -0.168575986 -0.592645642 0.553013909 -0.397941343 0.429638741
1703614501.867234468 -83.713934744 3.377732039 -0.167555111 -0.591152993 0.554367312 -0.399346480 0.428646021
1703614502.002578259 -83.589489702 3.374967169 -0.166808443 -0.589425493 0.556817706 -0.400576981 0.426696277
1703614502.067752600 -83.530213759 3.381576668 -0.165435344 -0.590155140 0.556087383 -0.400355546 0.426847947
1703614502.202843428 -83.408091426 3.399429773 -0.161601559 -0.592750093 0.552192104 -0.399365647 0.429229876
1703614502.267740965 -83.347717619 3.404177618 -0.159957172 -0.593384653 0.551183445 -0.398699529 0.430267532
1703614502.402524948 -83.223826172 3.408924778 -0.156265095 -0.593280171 0.550280627 -0.397598354 0.432579957
1703614502.452445269 -83.175898092 3.410223426 -0.157053942 -0.593605791 0.550472226 -0.397398140 0.432073157
1703614502.602206469 -83.033221770 3.414816564 -0.161318858 -0.593278920 0.551591259 -0.396108595 0.432279061
1703614502.652126789 -82.987351770 3.419253254 -0.160120501 -0.593866081 0.551045471 -0.396282868 0.432009092
1703614502.801887989 -82.847627103 3.419716184 -0.159421836 -0.593457100 0.551819414 -0.396752534 0.431151287
1703614502.866784096 -82.788010610 3.418150531 -0.158385597 -0.592548715 0.552782542 -0.397080123 0.430865242
1703614503.001569271 -82.664737584 3.414902296 -0.154746886 -0.591539171 0.553181120 -0.398822990 0.430130539
1703614503.071458340 -82.600275045 3.413454653 -0.154569988 -0.591469400 0.553675943 -0.399124097 0.429309740
1703614503.201250792 -82.481299885 3.413020642 -0.153705500 -0.591202992 0.554094141 -0.399589687 0.428703612
1703614503.271139383 -82.418400077 3.413344118 -0.151770235 -0.591041979 0.553797021 -0.400875883 0.428108357
1703614503.400931597 -82.301037235 3.407953300 -0.150639112 -0.590304675 0.555862345 -0.400832420 0.426486595
1703614503.450851917 -82.258872353 3.406420575 -0.148210825 -0.589479164 0.555802574 -0.401863348 0.426736057
1703614503.600612640 -82.127026636 3.394148493 -0.143990611 -0.586715106 0.557081676 -0.403464149 0.427366437
1703614503.650532961 -82.082901606 3.390157406 -0.143053036 -0.586122203 0.557511147 -0.403268836 0.427804078
1703614503.800293684 -81.946239046 3.376356809 -0.143028975 -0.585130513 0.558966440 -0.403435854 0.427104570
1703614503.850213766 -81.902458043 3.373334088 -0.142617426 -0.584606666 0.559482578 -0.404326448 0.426303194
1703614504.004966021 -81.764742510 3.368178997 -0.142005350 -0.583872261 0.561881089 -0.406045014 0.422504759
1703614504.069863319 -81.711188624 3.367351564 -0.139058289 -0.583468119 0.561882099 -0.407159190 0.421989164
1703614504.204644918 -81.600810816 3.362771156 -0.133823713 -0.583026760 0.561785379 -0.408977221 0.420968666
1703614504.269538879 -81.549593437 3.361488620 -0.132980483 -0.583427460 0.561186841 -0.409369795 0.420830250
1703614504.404318810 -81.439190763 3.349547608 -0.130267035 -0.580905992 0.562683811 -0.410033596 0.421672394
1703614504.454236984 -81.397983646 3.349848565 -0.128988826 -0.580498677 0.562958673 -0.409857894 0.422037114
1703614504.603992224 -81.266382005 3.345872665 -0.132584378 -0.580778577 0.564427927 -0.409795027 0.419744441
1703614504.668885708 -81.213393817 3.344504617 -0.129720762 -0.580225455 0.564383745 -0.410462797 0.419916305
1703614504.803665400 -81.102906060 3.343872133 -0.124576336 -0.579947943 0.563843831 -0.411933369 0.419584817
1703614504.853583813 -81.060604599 3.345059241 -0.124729858 -0.580648342 0.563732412 -0.411979636 0.418719536
1703614505.003338099 -80.936116525 3.352548873 -0.118699539 -0.581583511 0.561625040 -0.411940373 0.420289262
1703614505.068232775 -80.881637023 3.355483620 -0.118104851 -0.582366268 0.560737610 -0.411925111 0.420405241
1703614505.203012943 -80.765866901 3.356555634 -0.116567957 -0.582813371 0.559999775 -0.410562458 0.422098679
1703614505.267908573 -80.709024611 3.355398402 -0.119269786 -0.583320032 0.560343887 -0.409622014 0.421855751
1703614505.402692318 -80.590436009 3.344473563 -0.120324982 -0.582390330 0.562466831 -0.409314882 0.420611335
1703614505.452612162 -80.548294778 3.342885866 -0.120137714 -0.582524258 0.562388199 -0.410464405 0.419409078
1703614505.602371454 -80.423649106 3.335385103 -0.117122119 -0.580275317 0.563961567 -0.410379774 0.420495362
1703614505.667266846 -80.367824304 3.342732173 -0.116534637 -0.581459151 0.562376824 -0.409963093 0.421387976
1703614505.802050352 -80.248398828 3.357871284 -0.116220152 -0.584546900 0.559922812 -0.406681602 0.423558072
1703614505.866945505 -80.192645908 3.359147078 -0.113636458 -0.584801294 0.559060316 -0.407051915 0.423990268
1703614506.006720543 -80.067893947 3.349762074 -0.116814014 -0.583379483 0.561092258 -0.408019513 0.422331545
1703614506.076608419 -80.001671221 3.346213821 -0.116928711 -0.583121715 0.562523283 -0.407233385 0.421541922
1703614506.201409101 -79.890691180 3.347055712 -0.110642682 -0.582595217 0.561874149 -0.408337885 0.422066851
1703614506.271298170 -79.825397399 3.350052738 -0.112554388 -0.583516790 0.561292056 -0.408214878 0.421687085
1703614506.401090622 -79.707625896 3.362886815 -0.107030165 -0.585695737 0.558581408 -0.405902785 0.424488213
1703614506.451010942 -79.664002197 3.368997928 -0.103482196 -0.586018320 0.556809316 -0.405387071 0.426857397
1703614506.600771904 -79.523786147 3.396691752 -0.108408217 -0.591475712 0.552965229 -0.401937451 0.427588849
1703614506.670660973 -79.459115813 3.403893466 -0.108388370 -0.592538964 0.552479041 -0.401532297 0.427125626
1703614506.800453424 -79.342773523 3.406501908 -0.105383421 -0.591857133 0.552411427 -0.403107407 0.426674546
1703614506.870342255 -79.275988996 3.409270145 -0.109211018 -0.592752714 0.553288594 -0.402118858 0.425225088
1703614507.000134706 -79.159349745 3.419929067 -0.105054732 -0.593942555 0.551346372 -0.401040839 0.427101470
1703614507.050055265 -79.113517163 3.426256816 -0.105697702 -0.594985389 0.550086665 -0.399694279 0.428534165
1703614507.204808950 -78.972449956 3.432444708 -0.103905609 -0.596095807 0.548424646 -0.397661471 0.431005279
1703614507.269706249 -78.912595778 3.432849247 -0.102973330 -0.595591936 0.549106256 -0.398148276 0.430384149
1703614507.404494047 -78.790984115 3.431598705 -0.103636604 -0.593422556 0.551479218 -0.398945536 0.429607731
1703614507.454415798 -78.743806629 3.438389186 -0.105265216 -0.594440793 0.550993981 -0.398365865 0.429360472
1703614507.604180098 -78.608331733 3.455074831 -0.099893493 -0.597123132 0.546488212 -0.397603850 0.432094639
1703614507.654100895 -78.560009075 3.457725747 -0.102364213 -0.597694113 0.546487323 -0.396425166 0.432389225
1703614507.803867102 -78.422797892 3.462661113 -0.097947861 -0.597236383 0.546518237 -0.396623854 0.432800229
1703614507.868765116 -78.362229553 3.467305074 -0.096684798 -0.596698384 0.546430478 -0.396572762 0.433698993
1703614508.013538122 -78.226631935 3.484917981 -0.100090453 -0.599210912 0.544447392 -0.394383952 0.434723612
1703614508.203241587 -78.055968311 3.479107434 -0.090416187 -0.598142864 0.545262640 -0.393108118 0.436325310
1703614508.268138885 -78.002227762 3.471486210 -0.084050982 -0.595437082 0.546703715 -0.394095171 0.437331367
1703614508.402925014 -77.882444408 3.461475435 -0.089954423 -0.593968988 0.549359564 -0.396277865 0.434014706
1703614508.467823267 -77.821733963 3.462627920 -0.094737654 -0.594284951 0.550383856 -0.396453483 0.432119941
1703614508.602609396 -77.705503829 3.480481442 -0.087620218 -0.595824654 0.547316391 -0.397358551 0.433063427
1703614508.667507887 -77.646053190 3.495008473 -0.087858673 -0.598180611 0.545203936 -0.397450566 0.432395274
1703614508.802294016 -77.527436131 3.512075820 -0.084223823 -0.599666833 0.542663979 -0.397407789 0.433569539
1703614508.852215290 -77.481214038 3.515748369 -0.087340362 -0.599427634 0.543072191 -0.396523613 0.434198263
1703614509.001978874 -77.345642325 3.512162837 -0.086576734 -0.598994505 0.544326251 -0.394934346 0.434673876
1703614509.066877127 -77.286794988 3.506750273 -0.086699637 -0.597547406 0.545513160 -0.395525954 0.434639747
1703614509.201663494 -77.163109397 3.492243218 -0.087496644 -0.594818773 0.549072130 -0.396332796 0.433163638
1703614509.271553755 -77.100290712 3.494392879 -0.088124619 -0.594363931 0.549547867 -0.396555532 0.432980795
1703614509.401348591 -76.984989787 3.505723336 -0.084329259 -0.594943881 0.548469184 -0.395565426 0.434455206
1703614509.471238852 -76.924405887 3.512692806 -0.082277867 -0.595399894 0.547339458 -0.395914097 0.434937365
1703614509.601033688 -76.808839300 3.515521256 -0.084375337 -0.595761621 0.547839505 -0.395895431 0.433828048
1703614509.670924187 -76.747517804 3.518020851 -0.084086576 -0.595343342 0.548254156 -0.396245963 0.433558326
1703614509.800719023 -76.637337384 3.531751557 -0.081646542 -0.596482721 0.547026630 -0.396205702 0.433579602
1703614509.870609283 -76.575947177 3.544022135 -0.083455901 -0.597634919 0.545758398 -0.395656108 0.434092754
1703614510.005396128 -76.457937433 3.563148033 -0.087022050 -0.599214364 0.544192151 -0.392271914 0.436943696
1703614510.075286627 -76.397695368 3.565140327 -0.085477343 -0.599754624 0.544127948 -0.390464472 0.437900290
1703614510.200089931 -76.295978033 3.561585292 -0.086180590 -0.600036258 0.545241246 -0.386312829 0.439807766
1703614510.250010967 -76.257151853 3.562552239 -0.086485157 -0.599746854 0.544867516 -0.386763562 0.440269290
1703614510.414750576 -76.121529800 3.550276711 -0.090984576 -0.595396517 0.548882233 -0.392971013 0.435666231
1703614510.604450703 -75.966994815 3.574050477 -0.082899470 -0.595973542 0.547605673 -0.395548221 0.434148786
1703614510.669348001 -75.912636589 3.588923302 -0.084642688 -0.598558378 0.545209975 -0.394271923 0.434768446
1703614510.804135561 -75.798644476 3.606279436 -0.084571160 -0.601070381 0.542184816 -0.391517184 0.437566356
1703614510.869033575 -75.742313759 3.608287449 -0.086277807 -0.600453618 0.542075220 -0.390664567 0.439307527
1703614511.008812904 -75.616530404 3.599113289 -0.093927002 -0.598983728 0.544999145 -0.390281878 0.438034794
1703614511.063726187 -75.565268535 3.590136347 -0.094027462 -0.596875675 0.547166404 -0.390153814 0.438324488
1703614511.203505039 -75.437592478 3.591205708 -0.091717815 -0.595525933 0.548283063 -0.390762942 0.438222397
1703614511.253426313 -75.392028341 3.595822657 -0.094055044 -0.595774629 0.548066879 -0.390856067 0.438071709
1703614511.403189421 -75.252577571 3.610640671 -0.094599523 -0.597631333 0.547358833 -0.387885986 0.439066691
1703614511.468086958 -75.194670811 3.616611331 -0.095357711 -0.598178210 0.546160757 -0.388510958 0.439261304
1703614511.602874041 -75.068588608 3.616283774 -0.099115728 -0.597780723 0.547999410 -0.389099495 0.436985625
1703614511.667771578 -75.010798352 3.618690216 -0.099885072 -0.597568460 0.548776323 -0.389642053 0.435815963
1703614511.802558899 -74.892642892 3.617484665 -0.094876815 -0.595792805 0.548457079 -0.394776885 0.434024166
1703614511.867456913 -74.834865535 3.613892386 -0.097111987 -0.594340440 0.550263214 -0.395266968 0.433282658
1703614512.002243757 -74.714409646 3.597893718 -0.093577446 -0.591974775 0.551982855 -0.398738952 0.431147355
1703614512.052164793 -74.669111218 3.590150666 -0.098299204 -0.590811899 0.554534319 -0.397668745 0.430456221
1703614512.211913347 -74.529593582 3.566308816 -0.099117205 -0.587163919 0.557558758 -0.400112756 0.429274441
1703614512.401614904 -74.359291609 3.551026000 -0.099809446 -0.584785746 0.560895280 -0.403083694 0.425377071
1703614512.451536655 -74.317033933 3.550019978 -0.100079655 -0.583747428 0.561325596 -0.403530693 0.425811572
1703614512.606294394 -74.176795491 3.552590437 -0.103753067 -0.583946215 0.560974347 -0.403837145 0.425711357
1703614512.661207676 -74.124746681 3.550820544 -0.104456540 -0.583763902 0.561255977 -0.402990835 0.426391629
1703614512.800988436 -73.994299068 3.546386385 -0.102427117 -0.583382572 0.561056810 -0.403619979 0.426580524
1703614512.850910187 -73.947866620 3.545523426 -0.104047087 -0.582876296 0.561361813 -0.403974553 0.426535694
1703614513.000675440 -73.803238596 3.557082213 -0.109095726 -0.584107052 0.561434341 -0.401428583 0.427159836
1703614513.050597191 -73.755361369 3.561294762 -0.111656864 -0.584867282 0.560673912 -0.401686326 0.426876004
1703614513.205352783 -73.608042885 3.560177864 -0.112837302 -0.584395043 0.561510675 -0.401926628 0.426196176
1703614513.260265350 -73.554617760 3.556268506 -0.111944198 -0.584111122 0.562096836 -0.402445012 0.425322650
1703614513.405032873 -73.424009368 3.542056854 -0.107030544 -0.580540343 0.563623988 -0.407364057 0.423503761
1703614513.459945440 -73.371515628 3.541516848 -0.108674254 -0.580358747 0.564858090 -0.406401904 0.423032569
1703614513.604712963 -73.234549307 3.572807084 -0.108331531 -0.584606830 0.559832671 -0.403891082 0.426256061
1703614513.664617062 -73.176978605 3.585563941 -0.109773269 -0.587511879 0.557363112 -0.402291945 0.427009770
1703614513.804392576 -73.042584077 3.589341013 -0.110383167 -0.588824098 0.556267408 -0.401230960 0.427628891
1703614513.854312420 -72.995173582 3.584120006 -0.112139163 -0.587278786 0.557590365 -0.401179873 0.428078640
1703614514.004071951 -72.845093895 3.564843794 -0.115042104 -0.584419277 0.562111920 -0.403483867 0.423892754
1703614514.053992033 -72.797759693 3.561315033 -0.113509583 -0.583559160 0.562695966 -0.405321794 0.422547275
1703614514.203752518 -72.648996966 3.566905038 -0.113912041 -0.583131293 0.563177586 -0.405072511 0.422735333
1703614514.253673792 -72.600206062 3.572156664 -0.113047086 -0.584140472 0.561919938 -0.404310005 0.423744395
1703614514.403437614 -72.451919887 3.580769424 -0.108367774 -0.586618925 0.558023594 -0.404305368 0.425470416
1703614514.453358889 -72.402584052 3.578260975 -0.108422599 -0.586230699 0.558280637 -0.404276538 0.425695641
1703614514.603122711 -72.254455128 3.563442170 -0.106231696 -0.583152860 0.561412602 -0.407740339 0.422488400
1703614514.653044224 -72.207335426 3.559697995 -0.104204300 -0.581071618 0.562214253 -0.408462157 0.423591282
1703614514.802808285 -72.061115941 3.568295799 -0.100379594 -0.582372822 0.559659182 -0.408781762 0.424877591
1703614514.852729797 -72.011512217 3.570151321 -0.103784407 -0.583886617 0.559099930 -0.408467894 0.423836840
1703614515.002493858 -71.864568255 3.571705824 -0.107757511 -0.585047219 0.559076637 -0.405341978 0.425265736
1703614515.052415371 -71.814297256 3.570383738 -0.111759218 -0.585656524 0.559435897 -0.405291558 0.424000786
1703614515.202179670 -71.673787435 3.561200575 -0.108653300 -0.582889887 0.561628831 -0.408187755 0.422131724
1703614515.252101421 -71.623473982 3.564814353 -0.113929068 -0.583772415 0.561958098 -0.406859703 0.421755908
1703614515.401866436 -71.478744602 3.576431817 -0.113560945 -0.585875870 0.559490015 -0.403745338 0.425100096
1703614515.466764688 -71.419208617 3.579324636 -0.110705665 -0.586449445 0.557203716 -0.404934446 0.426179731
1703614515.601553679 -71.290097274 3.576374744 -0.112918027 -0.586179463 0.557836547 -0.404505930 0.426130234
1703614515.651475430 -71.243259757 3.576569508 -0.112467639 -0.585474166 0.557786134 -0.405463832 0.426255451
1703614515.801240921 -71.100344503 3.584641343 -0.112402447 -0.586671371 0.557688885 -0.406415849 0.423823037
1703614515.871131897 -71.036164221 3.591470399 -0.112278598 -0.586474455 0.556505336 -0.405624313 0.426401737
1703614516.000928402 -70.911538571 3.608072367 -0.113786581 -0.590156028 0.553537305 -0.402862220 0.427801762
1703614516.050850391 -70.864738340 3.608061167 -0.113690663 -0.590593395 0.552887275 -0.403049799 0.427862084
1703614516.200615883 -70.725022795 3.591702529 -0.113158788 -0.587786308 0.555562301 -0.403926136 0.427435917
1703614516.250537634 -70.677021212 3.590986060 -0.115587395 -0.587747514 0.556178355 -0.405066571 0.425604947
1703614516.410287619 -70.526328436 3.596033974 -0.116585728 -0.587601989 0.556332821 -0.406118916 0.424599954
1703614516.604983091 -70.348089662 3.614417454 -0.117520171 -0.590839220 0.553254423 -0.403640666 0.426488888
1703614516.654905081 -70.302684773 3.617645385 -0.117805950 -0.591248862 0.552896833 -0.403139915 0.426858389
1703614516.804670572 -70.169526178 3.622060363 -0.116875632 -0.590706357 0.552144038 -0.401924026 0.429720884
1703614516.864577055 -70.112484399 3.622509883 -0.121641608 -0.591698738 0.552918284 -0.400828683 0.428381070
1703614517.004358292 -69.988184065 3.624092323 -0.120707347 -0.590902561 0.553358565 -0.401473016 0.428308161
1703614517.054280281 -69.945012253 3.626743486 -0.118417380 -0.589987237 0.552803982 -0.401727080 0.430044382
1703614517.204046011 -69.806954403 3.635234341 -0.123983991 -0.592516447 0.551586463 -0.400340730 0.429422792
1703614517.263951778 -69.754433893 3.633647660 -0.124139470 -0.592151388 0.552002930 -0.400836780 0.428928169
1703614517.403731108 -69.633475300 3.629953970 -0.125473359 -0.590798229 0.553733169 -0.401936340 0.427532700
1703614517.453652620 -69.588526167 3.630976022 -0.127309936 -0.590660897 0.554274691 -0.401298172 0.427620216
1703614517.603416443 -69.460340118 3.632929148 -0.126520278 -0.590728819 0.553838836 -0.402964435 0.426522767
1703614517.653337955 -69.415228867 3.633682940 -0.129629560 -0.590951231 0.554620680 -0.402779814 0.425371562
1703614517.803102016 -69.287006041 3.644929197 -0.129475629 -0.591496243 0.553456659 -0.400586841 0.428191667
1703614517.853023767 -69.242920728 3.651004930 -0.129961853 -0.592757061 0.551762195 -0.400789070 0.428445642
1703614518.002787828 -69.113610348 3.656126250 -0.131103163 -0.593691748 0.551279061 -0.400384921 0.428151165
1703614518.052709341 -69.070744844 3.655247123 -0.130756771 -0.593035517 0.551781058 -0.401471157 0.427396128
1703614518.202473879 -68.942835086 3.651312543 -0.128615955 -0.591255117 0.552807892 -0.403962021 0.426187174
1703614518.267371893 -68.886310951 3.653667811 -0.130274783 -0.591657939 0.552732310 -0.403742028 0.425934562
1703614518.402160645 -68.770676819 3.663411694 -0.131710957 -0.592825218 0.551265592 -0.401894861 0.427954470
1703614518.467058659 -68.713092966 3.668866901 -0.134664093 -0.593662687 0.550958105 -0.400913846 0.428109645
1703614518.601847649 -68.595232597 3.677105222 -0.136005929 -0.594003603 0.550757132 -0.399854287 0.428885592
1703614518.666745663 -68.539433661 3.679733942 -0.134918617 -0.593936307 0.550699068 -0.399739109 0.429160627
1703614518.801534653 -68.421042563 3.688134113 -0.137226362 -0.594724469 0.549559090 -0.399369399 0.429874046
1703614518.871425629 -68.358345580 3.693065838 -0.138987606 -0.595529360 0.549339668 -0.398251010 0.430077718
1703614519.001221895 -68.244246129 3.700421420 -0.139360570 -0.596080473 0.549137974 -0.397894592 0.429901673
1703614519.071113110 -68.183378028 3.701610319 -0.138722663 -0.595166007 0.548972398 -0.398602811 0.430723264
1703614519.200909138 -68.067091954 3.701368796 -0.139083869 -0.594853588 0.549825616 -0.399997586 0.428769090
1703614519.270799875 -68.007005710 3.701747352 -0.138384199 -0.594246552 0.550051927 -0.400627149 0.428732784
1703614519.405588388 -67.887594103 3.705087538 -0.142461964 -0.594624675 0.550456438 -0.398715868 0.429470445
1703614519.460501671 -67.840335711 3.705495669 -0.140456631 -0.594508767 0.549801080 -0.399490881 0.429750084
1703614519.600281954 -67.718679145 3.699620738 -0.138750188 -0.592663002 0.551356099 -0.401577072 0.428360681
1703614519.670172691 -67.657357992 3.695390488 -0.138698882 -0.591414737 0.552623075 -0.402907000 0.427202875
1703614519.814944744 -67.529642365 3.683699494 -0.138834112 -0.589386180 0.554652490 -0.404556451 0.425815247
1703614520.004647017 -67.362665591 3.668815045 -0.138637930 -0.587195459 0.557022276 -0.406467341 0.423924495
1703614520.069546223 -67.305320642 3.665357510 -0.140488181 -0.586799104 0.558072743 -0.406970900 0.422606569
1703614520.204333305 -67.187128543 3.654437469 -0.143849716 -0.584893753 0.560421478 -0.408166952 0.420983139
1703614520.269231319 -67.130540256 3.649129474 -0.143326123 -0.584035024 0.561340411 -0.409025615 0.420116746
1703614520.414000988 -67.010567435 3.641693579 -0.139085681 -0.582049287 0.561723915 -0.411058327 0.420375930
1703614520.603699684 -66.851279234 3.667666358 -0.140726326 -0.586833376 0.557722398 -0.408521721 0.421523806
1703614520.653621674 -66.810131610 3.673270294 -0.139276134 -0.587517681 0.556081371 -0.408368038 0.422885361
1703614520.803382874 -66.677663813 3.687492740 -0.145892867 -0.589335525 0.555245112 -0.405486986 0.424224950
1703614520.853303432 -66.633550885 3.687163954 -0.146475423 -0.589562813 0.555642646 -0.404806119 0.424038848
1703614521.003065586 -66.501980407 3.675692589 -0.147228057 -0.587843350 0.557927653 -0.406832325 0.421478812
1703614521.052986383 -66.461514918 3.671011093 -0.146459286 -0.586125234 0.558996894 -0.408149092 0.421181673
1703614521.202748775 -66.337082685 3.679376983 -0.147891765 -0.585156724 0.559903905 -0.409162806 0.420339178
1703614521.252670050 -66.292839763 3.686927253 -0.150529686 -0.586758293 0.558942316 -0.408495006 0.420035740
1703614521.402434111 -66.164854274 3.710757880 -0.149705930 -0.590249340 0.554065792 -0.405358575 0.424618936
1703614521.462339878 -66.110100589 3.715085392 -0.153046257 -0.591825382 0.553586291 -0.403052155 0.425245689
1703614521.602119446 -65.988452617 3.713426412 -0.152402300 -0.591945485 0.553245190 -0.402274237 0.426257833
1703614521.662025452 -65.936006684 3.708458640 -0.151876090 -0.590913760 0.554069888 -0.403273687 0.425673373
1703614521.806796551 -65.809554536 3.704140998 -0.151866249 -0.588972317 0.555642657 -0.405274946 0.424411434
1703614521.876687050 -65.746587419 3.710624620 -0.153550361 -0.589528639 0.555544506 -0.404844693 0.424178099
1703614522.011475086 -65.625558787 3.729872620 -0.154097068 -0.591779680 0.552560740 -0.402237868 0.427408630
1703614522.211159945 -65.442277560 3.748299353 -0.157585879 -0.595783075 0.549139023 -0.399719112 0.428618119
1703614522.400855780 -65.268653110 3.748802493 -0.159605395 -0.593950176 0.552708346 -0.402494793 0.423951193
1703614522.450775623 -65.225101227 3.748106980 -0.158706271 -0.592772524 0.553593898 -0.402416824 0.424517644
1703614522.600535631 -65.091033461 3.759431759 -0.157558402 -0.593871207 0.550881415 -0.400840743 0.427987564
1703614522.650455475 -65.043425936 3.763294072 -0.159170433 -0.595218917 0.549459345 -0.399606802 0.429095878
1703614522.810199499 -64.891937320 3.766546991 -0.157995847 -0.596138692 0.547833968 -0.398846974 0.430601550
1703614523.014870882 -64.698573694 3.768380363 -0.156844581 -0.593690019 0.550827643 -0.401596302 0.427599672
1703614523.204566240 -64.517653370 3.780693651 -0.157693995 -0.594946443 0.548838077 -0.400756166 0.429196914
1703614523.269461870 -64.452717008 3.778563189 -0.159857402 -0.595192693 0.549503993 -0.399292193 0.429367866
1703614523.404245853 -64.320610898 3.760072464 -0.161094620 -0.592950691 0.552128814 -0.399460271 0.428946083
1703614523.454165697 -64.272730839 3.754304392 -0.159661863 -0.591664621 0.552749266 -0.401631907 0.427893721
1703614523.603924990 -64.128947071 3.742936815 -0.155358887 -0.588860546 0.555258538 -0.405712716 0.424650922
1703614523.653844833 -64.080095424 3.741096534 -0.157039855 -0.587539623 0.555569142 -0.406305226 0.425506972
1703614523.803603888 -63.932685650 3.741131730 -0.155380371 -0.587370431 0.555537806 -0.407088709 0.425032358
1703614523.853523731 -63.881202054 3.740376213 -0.157764111 -0.588077723 0.555563097 -0.407009924 0.424095695
1703614524.008275032 -63.727114335 3.720089672 -0.160375114 -0.586128933 0.558866906 -0.407699237 0.421784290
1703614524.078161955 -63.658157321 3.708407994 -0.163533412 -0.584554366 0.560892784 -0.408592046 0.420414103
1703614524.202968836 -63.537226722 3.693326978 -0.161291390 -0.581804280 0.562852319 -0.409692501 0.420539060
1703614524.267887115 -63.473111927 3.693282376 -0.164077695 -0.582516312 0.562883942 -0.409508007 0.419689893
1703614524.402716398 -63.342648729 3.692831788 -0.163356659 -0.582891469 0.562589180 -0.410808469 0.418290989
1703614524.467635393 -63.281840646 3.690584707 -0.162230749 -0.582275343 0.562997282 -0.411638179 0.417784029
1703614524.602467299 -63.155605508 3.682748844 -0.166663858 -0.581398750 0.564597505 -0.411692843 0.416790299
1703614524.667386532 -63.094699921 3.679063503 -0.168027728 -0.581132885 0.565297227 -0.410791033 0.417102316
1703614524.802218676 -62.970196800 3.673869835 -0.170432623 -0.581733609 0.565125448 -0.410047633 0.417229164
1703614524.867139578 -62.911251196 3.672189525 -0.169565680 -0.581624907 0.565000905 -0.409920182 0.417674380
1703614525.011961699 -62.781452867 3.667384074 -0.167990390 -0.580565559 0.565223474 -0.410241218 0.418531002
1703614525.201723099 -62.611749416 3.660470582 -0.169219772 -0.579809202 0.566543445 -0.411010695 0.417037196
1703614525.251641512 -62.567648509 3.661047456 -0.168396910 -0.579893715 0.566392509 -0.411497742 0.416644228
1703614525.401400089 -62.438857348 3.662197192 -0.171576290 -0.580636823 0.566417584 -0.411684622 0.415388700
1703614525.451319218 -62.397725713 3.663862848 -0.168538294 -0.580024699 0.565871391 -0.411679667 0.416990132
1703614525.601076841 -62.267514151 3.672734463 -0.172614240 -0.582562242 0.564197906 -0.408851339 0.418500348
1703614525.670963049 -62.207235111 3.674988811 -0.171797830 -0.583109159 0.563344850 -0.407969441 0.419746618
1703614525.800752163 -62.095818023 3.676028858 -0.172479323 -0.583997995 0.562619387 -0.408173895 0.419284914
1703614525.850671053 -62.053037397 3.677333403 -0.171785998 -0.583534480 0.562588453 -0.408614648 0.419542384
1703614526.000428200 -61.922035600 3.682064644 -0.172659363 -0.583885418 0.562327825 -0.407895009 0.420103437
1703614526.070315123 -61.861841981 3.684843406 -0.171498968 -0.584133983 0.561435649 -0.408178283 0.420675636
1703614526.200104713 -61.748588281 3.687556759 -0.173716712 -0.585175764 0.560296882 -0.406893356 0.421988775
1703614526.269992828 -61.687429344 3.689128610 -0.173025423 -0.585766941 0.559997883 -0.406476647 0.421967058
1703614526.404776812 -61.568813744 3.686702560 -0.177623759 -0.585533646 0.561031578 -0.406162212 0.421219866
1703614526.469672680 -61.512238108 3.687024937 -0.176205851 -0.584960589 0.561018597 -0.406491077 0.421715838
1703614526.604456186 -61.393969884 3.693528806 -0.173960490 -0.585218610 0.559638226 -0.406270612 0.423401022
1703614526.669352055 -61.334593239 3.702445005 -0.174976907 -0.586885648 0.558110640 -0.405232583 0.424104118
1703614526.804135561 -61.211454745 3.718574314 -0.177721244 -0.589528314 0.555911555 -0.403242217 0.425222794
1703614526.869030952 -61.153609145 3.722841380 -0.175821917 -0.589497781 0.555761061 -0.402572548 0.426095473
1703614527.008806229 -61.029090620 3.725107570 -0.176563720 -0.589142098 0.555590633 -0.403686955 0.425755188
1703614527.078694105 -60.965844532 3.723173390 -0.178260142 -0.588940734 0.556508387 -0.403310991 0.425191100
1703614527.203494072 -60.854096042 3.723151890 -0.181410236 -0.589037885 0.556693867 -0.402213378 0.425852916
1703614527.268389702 -60.794873728 3.725053865 -0.180929981 -0.589398534 0.556315650 -0.402200795 0.425860055
1703614527.403173208 -60.676122851 3.724700103 -0.178955823 -0.588422113 0.556681804 -0.402228014 0.426705296
1703614527.468068361 -60.617375992 3.727873134 -0.179235164 -0.588495824 0.556095918 -0.402691962 0.426929947
1703614527.602851629 -60.493912847 3.731640035 -0.181848585 -0.589369593 0.555703515 -0.403000885 0.425942922
1703614527.652770996 -60.448716115 3.733440181 -0.180295604 -0.589277038 0.555544203 -0.403332476 0.425964934
1703614527.812513828 -60.303255283 3.737257907 -0.182304685 -0.589238227 0.555637933 -0.402847184 0.426355421
1703614528.002207518 -60.130523707 3.745802382 -0.183567911 -0.590194573 0.554355389 -0.401960308 0.427537576
1703614528.067102432 -60.069443118 3.748342746 -0.184242430 -0.590382269 0.554691103 -0.401511084 0.427265029
1703614528.201884747 -59.947400714 3.755431300 -0.184787058 -0.590594759 0.554513014 -0.401002310 0.427680132
1703614528.266777277 -59.887135103 3.759235048 -0.186676884 -0.591026531 0.554298879 -0.399924398 0.428370013
1703614528.401554346 -59.768756069 3.765440214 -0.182643958 -0.592080895 0.552638423 -0.401629440 0.427463191
1703614528.471438169 -59.707331340 3.768184386 -0.180590195 -0.591594800 0.552724068 -0.402401334 0.427299501
1703614528.601223707 -59.588579046 3.784533463 -0.184613743 -0.592877637 0.551707542 -0.400227512 0.428873914
1703614528.651140928 -59.542912152 3.790651013 -0.183630260 -0.593885767 0.550712050 -0.399827309 0.429131747
1703614528.800892353 -59.408329367 3.800737063 -0.182383610 -0.594988758 0.549076463 -0.398208557 0.431199909
1703614528.870775461 -59.343807417 3.804922851 -0.182721870 -0.595489321 0.548986303 -0.397581214 0.431202604
1703614529.000560045 -59.226241966 3.810369722 -0.180828939 -0.594994269 0.548798962 -0.397714616 0.432000699
1703614529.050477028 -59.180573720 3.815200586 -0.180724422 -0.595468852 0.548283431 -0.397899621 0.431831006
1703614529.200227261 -59.045273507 3.827800375 -0.182607744 -0.597150503 0.547432321 -0.396604266 0.431780253
1703614529.250148058 -58.999978273 3.831140850 -0.182029207 -0.596968899 0.547084138 -0.396745523 0.432342537
1703614529.404898405 -58.856403402 3.839010800 -0.182559167 -0.597200148 0.546967089 -0.396762285 0.432155847
1703614529.469794035 -58.795985735 3.842471610 -0.183037997 -0.597333521 0.546958025 -0.396865141 0.431888461
1703614529.604576826 -58.671567511 3.848538877 -0.179942692 -0.596984341 0.546689584 -0.397362169 0.432253979
1703614529.669472218 -58.610829530 3.853669768 -0.180916871 -0.596998582 0.546189972 -0.397701456 0.432553764
1703614529.804253817 -58.481956012 3.859648481 -0.180471636 -0.597218714 0.545952348 -0.397018260 0.433177035
1703614529.869150162 -58.419476781 3.861251031 -0.182093078 -0.597212479 0.546487586 -0.396600081 0.432893693
1703614530.008924246 -58.287981409 3.866275236 -0.180296366 -0.596622737 0.546877463 -0.397081889 0.432772831
1703614530.068826675 -58.230116793 3.871706158 -0.182523865 -0.597313037 0.546612121 -0.396598755 0.432598834
1703614530.203609467 -58.094651504 3.883850047 -0.190235573 -0.599830203 0.546610490 -0.394508196 0.431026661
1703614530.268504858 -58.034186501 3.885497911 -0.188481602 -0.599123115 0.546948923 -0.394993092 0.431136668
1703614530.403288603 -57.904986541 3.890637568 -0.187598793 -0.597919484 0.547074474 -0.395332608 0.432335448
1703614530.468184948 -57.841873885 3.894156169 -0.187110272 -0.598587190 0.546918902 -0.395620589 0.431343761
1703614530.602967262 -57.712106635 3.899225086 -0.186405781 -0.598176335 0.547107466 -0.395163767 0.432092686
1703614530.667862892 -57.650677979 3.903413103 -0.184400960 -0.598162852 0.546483480 -0.396214827 0.431938444
1703614530.802645922 -57.519787908 3.913136774 -0.185143141 -0.598400989 0.546655782 -0.395735826 0.431829675
1703614530.867541313 -57.458581958 3.919223129 -0.184684691 -0.598829330 0.546434052 -0.395715226 0.431535307
1703614531.002324104 -57.330705326 3.921354075 -0.183866632 -0.597958318 0.546750470 -0.396580193 0.431548286
1703614531.067219496 -57.270042444 3.917973262 -0.183016598 -0.596926775 0.547788771 -0.396880508 0.431383530
1703614531.211986780 -57.131932076 3.902898438 -0.181684757 -0.594238991 0.550139690 -0.399146208 0.430010056
1703614531.411666632 -56.944655554 3.908261783 -0.179933137 -0.593205467 0.550902040 -0.401275650 0.428476451
1703614531.601363182 -56.765618938 3.929775566 -0.181421339 -0.595593728 0.548407680 -0.399993390 0.429560725
1703614531.671251774 -56.699669910 3.930007519 -0.182066941 -0.595542485 0.548959154 -0.399858734 0.429052432
1703614531.806036472 -56.575057831 3.917963883 -0.180668242 -0.592833500 0.551526722 -0.401423277 0.428049143
1703614531.875923872 -56.509433565 3.912547425 -0.180320720 -0.591533913 0.552563173 -0.402257288 0.427727302
1703614532.005716801 -56.389469157 3.914807227 -0.178488477 -0.591106931 0.552684019 -0.401657103 0.428724321
1703614532.075604200 -56.323583684 3.921831530 -0.180714062 -0.592171438 0.551926024 -0.401089969 0.428762741
1703614532.200404406 -56.207532971 3.937542715 -0.181642767 -0.593656141 0.550666863 -0.400080753 0.429271223
1703614532.250325203 -56.162768691 3.943647650 -0.180673537 -0.594196419 0.549977060 -0.399666205 0.429793873
1703614532.400087118 -56.026016357 3.957627177 -0.182395114 -0.595537847 0.548929679 -0.398083047 0.430744435
1703614532.489944220 -55.944846930 3.961615299 -0.182707034 -0.595484201 0.548753604 -0.397459852 0.431617556
1703614532.604761600 -55.839745125 3.966375436 -0.183870215 -0.595733486 0.549165502 -0.396963791 0.431206000
1703614532.669658184 -55.782275362 3.972251201 -0.182813582 -0.596115924 0.548642778 -0.396517543 0.431753107
1703614532.804444313 -55.660970575 3.990613890 -0.186113669 -0.598301061 0.546783754 -0.393933700 0.433450813
1703614532.869340897 -55.602805433 3.997120673 -0.185799252 -0.598850611 0.546345883 -0.393141257 0.433963217
1703614533.004126787 -55.486722497 4.011155646 -0.182650234 -0.598788891 0.544991044 -0.393633114 0.435304028
1703614533.069023371 -55.428739061 4.020078654 -0.182926277 -0.599524857 0.544606550 -0.392892688 0.435441141
1703614533.213793516 -55.303280170 4.044857566 -0.181577854 -0.602223181 0.541852271 -0.391879558 0.436066244
1703614533.403490543 -55.139494888 4.058441249 -0.182531868 -0.602713335 0.540866830 -0.392447920 0.436101293
1703614533.493348360 -55.062721534 4.056195960 -0.181974431 -0.601854465 0.541876182 -0.392214651 0.436244282
1703614533.603172779 -54.969611246 4.046948745 -0.181099849 -0.600123758 0.543239366 -0.392513918 0.436663818
1703614533.668069363 -54.913533426 4.040491690 -0.182989404 -0.598918268 0.544825530 -0.392867206 0.436024550
1703614533.807846546 -54.794050391 4.020655695 -0.181524774 -0.595191514 0.549024431 -0.396416762 0.432634935
1703614533.877735615 -54.735486749 4.012780145 -0.181058400 -0.593547722 0.550423045 -0.397985551 0.431674732
1703614534.002536535 -54.630508878 4.017141223 -0.181186316 -0.593592950 0.549757948 -0.398590502 0.431901863
1703614534.067433119 -54.576072776 4.019155883 -0.180745606 -0.594244201 0.549516103 -0.398222541 0.431653438
1703614534.202218533 -54.463273042 4.016965728 -0.179924322 -0.593076008 0.549821423 -0.399427004 0.431758406
1703614534.267114639 -54.406592509 4.014380733 -0.183895043 -0.592767460 0.551337073 -0.399123477 0.430528303
1703614534.401899815 -54.292390894 4.011259538 -0.183027895 -0.591246993 0.552464196 -0.398702058 0.431563407
1703614534.466796398 -54.238060718 4.009153027 -0.182473506 -0.590857744 0.552874587 -0.398255688 0.431982898
1703614534.601580381 -54.123596065 4.002836435 -0.183337616 -0.589637771 0.554363350 -0.399063146 0.430995569
1703614534.671469212 -54.066244177 4.001438264 -0.183275134 -0.588932619 0.555236136 -0.399866375 0.430090788
1703614534.801261663 -53.954847837 3.999403958 -0.184972634 -0.587832239 0.555885554 -0.401309182 0.429412913
1703614534.871150494 -53.895237104 3.998962787 -0.186093684 -0.587964473 0.556509639 -0.400824124 0.428876231
1703614535.010926008 -53.779801290 3.994673207 -0.183790932 -0.587088433 0.556934481 -0.402289396 0.428152307
1703614535.200622559 -53.618941662 3.998084808 -0.185970072 -0.586640498 0.557718996 -0.403735089 0.426380611
1703614535.270511150 -53.559661943 4.003831884 -0.186250451 -0.587342951 0.557098211 -0.403085103 0.426839831
1703614535.400303364 -53.452679426 4.009284940 -0.182564821 -0.587652693 0.555413978 -0.403907160 0.427830142
1703614535.470191002 -53.394323695 4.006977753 -0.184606939 -0.587507923 0.556409948 -0.403334004 0.427275195
1703614535.609966993 -53.278224422 4.000178475 -0.185748003 -0.586327794 0.557990803 -0.402651553 0.427478315
1703614535.679855824 -53.219214256 3.997657602 -0.185656019 -0.585741776 0.558200326 -0.403133329 0.427554074
1703614535.804655790 -53.114321294 3.995198317 -0.185658629 -0.585033539 0.559007182 -0.403829882 0.426811616
1703614535.869551420 -53.060364230 3.995257255 -0.185377481 -0.585165780 0.559456279 -0.404785814 0.425133069
1703614536.004334688 -52.948629041 4.003456425 -0.186125786 -0.584973601 0.559040680 -0.404455154 0.426257473
1703614536.069230795 -52.893744057 4.009566221 -0.187983737 -0.586466789 0.558205190 -0.402857692 0.426813016
1703614536.204014778 -52.779279642 4.012490598 -0.189230058 -0.587094063 0.557798754 -0.402825231 0.426512538
1703614536.268911839 -52.724849755 4.009940246 -0.188531362 -0.586048368 0.558580110 -0.403193168 0.426580403
1703614536.408689976 -52.605855640 4.011454243 -0.188411558 -0.586254226 0.558632802 -0.402424617 0.426954098
1703614536.478578568 -52.545668086 4.013765249 -0.190875010 -0.587214701 0.558511078 -0.401001644 0.427132243
1703614536.603380680 -52.438170483 4.020701584 -0.192747344 -0.587855990 0.557990620 -0.400381215 0.427512205
1703614536.668277502 -52.383704299 4.018404985 -0.190906552 -0.587422510 0.558214801 -0.400877174 0.427350585
1703614536.803063869 -52.264891258 4.027556578 -0.191952224 -0.587065335 0.558132354 -0.402140841 0.426761423
1703614536.867960930 -52.207736725 4.030072112 -0.191887615 -0.587466880 0.557986273 -0.401545795 0.426960138
1703614537.002747297 -52.088206124 4.030886432 -0.191296463 -0.588197549 0.557215322 -0.401642302 0.426870226
1703614537.067643166 -52.030424680 4.027756163 -0.190560269 -0.587555951 0.557414572 -0.402305276 0.426869376
1703614537.202429533 -51.907621331 4.028600557 -0.192054837 -0.587132886 0.558461399 -0.402897382 0.425522666
1703614537.267326355 -51.848862723 4.027541571 -0.192959360 -0.586660770 0.559345859 -0.402878795 0.425029442
1703614537.402112722 -51.728020288 4.026929117 -0.192116688 -0.585659675 0.560048739 -0.403332682 0.425054000
1703614537.467009544 -51.669720384 4.027179533 -0.191943652 -0.585815881 0.559860829 -0.402720629 0.425666185
1703614537.601794958 -51.548796105 4.030609741 -0.190578434 -0.586856969 0.557861474 -0.402677660 0.426895978
1703614537.666691542 -51.489564482 4.028685053 -0.190895549 -0.586514901 0.558477616 -0.402121205 0.427084955
1703614537.811462402 -51.358734236 4.027316390 -0.190516593 -0.585919859 0.559272925 -0.403895051 0.425182904
1703614538.011144400 -51.177828862 4.032347103 -0.190746864 -0.585669668 0.558945086 -0.403092621 0.426717435
1703614538.200842619 -51.000522790 4.026919785 -0.193864964 -0.585579856 0.560055655 -0.402802470 0.425657216
1703614538.270729065 -50.936530931 4.022928497 -0.192434140 -0.585032771 0.560506548 -0.403832986 0.424838776
1703614538.400519848 -50.816798288 4.017333412 -0.193259102 -0.583051541 0.562016925 -0.405375953 0.424096938
1703614538.450438023 -50.769902518 4.017024119 -0.191979881 -0.583096473 0.562209606 -0.405464885 0.423694570
1703614538.600195646 -50.628199619 4.020490008 -0.192988869 -0.583479448 0.561496482 -0.405693586 0.423894030
1703614538.670082569 -50.562067857 4.021256176 -0.191020228 -0.583369093 0.560894032 -0.405963919 0.424584129
1703614538.804862976 -50.431836675 4.021843231 -0.190889554 -0.584164875 0.560908796 -0.405861455 0.423567234
1703614538.869757652 -50.369306384 4.018464309 -0.190803083 -0.583559855 0.561229819 -0.406780907 0.423093701
1703614539.004538774 -50.239348984 4.008469515 -0.189451309 -0.581773583 0.562561782 -0.407537742 0.423056412
1703614539.069433212 -50.176237340 4.006136121 -0.188814573 -0.581992499 0.562569224 -0.408044215 0.422256460
1703614539.204212904 -50.049609303 4.004973046 -0.186220053 -0.581112132 0.562371281 -0.407805177 0.423960105
1703614539.254132986 -49.998335875 4.006849688 -0.190542007 -0.582141425 0.562751366 -0.406295103 0.423493271
1703614539.403892756 -49.857005185 4.000566880 -0.190417445 -0.581054656 0.563877810 -0.408584077 0.421279425
1703614539.458804131 -49.804149046 3.994656520 -0.189382299 -0.579732299 0.565412529 -0.409078493 0.420563812
1703614539.608563662 -49.660793905 3.984876415 -0.189513660 -0.578014829 0.566622824 -0.410407079 0.420004121
1703614539.663475037 -49.608788773 3.984571638 -0.187923473 -0.578324491 0.566299948 -0.410288185 0.420129453
1703614539.803250313 -49.479299318 3.988078415 -0.187041863 -0.579972745 0.564496970 -0.410909188 0.419676572
1703614539.868146658 -49.418361860 3.987932566 -0.187860105 -0.579677006 0.564780821 -0.410208706 0.420387929
1703614540.002929211 -49.290220199 3.993314237 -0.190832579 -0.580884995 0.564238226 -0.409217430 0.420415202
1703614540.067824364 -49.227939624 3.992229340 -0.190971391 -0.580813346 0.564290051 -0.409266731 0.420396644
1703614540.202606916 -49.096611352 3.988654807 -0.192697278 -0.580909521 0.564584013 -0.408484625 0.420629684
1703614540.267514467 -49.034135351 3.986455511 -0.190368411 -0.580657115 0.564235868 -0.409794664 0.420170838
1703614540.402322769 -48.901862553 3.980102271 -0.193139364 -0.579988811 0.565268892 -0.410507246 0.419008186
1703614540.452252388 -48.851546302 3.980061757 -0.193021021 -0.579900396 0.565767140 -0.410363392 0.418598805
1703614540.602041960 -48.706314426 3.985356871 -0.190645627 -0.579892649 0.564617128 -0.410886113 0.419648206
1703614540.666951180 -48.638104809 3.990529633 -0.193713575 -0.581304980 0.563993171 -0.409672987 0.419719271
1703614540.801763058 -48.503724349 3.999201457 -0.193072831 -0.584025199 0.561794021 -0.409319084 0.419237323
1703614540.851693630 -48.453750618 3.998673209 -0.193482252 -0.584034979 0.562350472 -0.409369056 0.418428090
1703614541.001487017 -48.307614105 3.992405278 -0.195138493 -0.581876996 0.563715580 -0.411184957 0.417816752
1703614541.071390629 -48.236710881 3.995525496 -0.192678499 -0.582086579 0.562588793 -0.411844573 0.418393490
1703614541.201212883 -48.104807484 3.998069554 -0.196088823 -0.584544498 0.561950380 -0.409909813 0.417724126
1703614541.256127357 -48.053683490 4.000421148 -0.188555137 -0.583677635 0.560534622 -0.410893587 0.419866427
1703614541.400900841 -47.907760610 4.003049983 -0.195195872 -0.585375684 0.561094616 -0.409121599 0.418482567
1703614541.450822592 -47.860325851 4.000248604 -0.191859068 -0.584160240 0.561892295 -0.408934817 0.419292473
1703614541.600586653 -47.718991176 3.991008103 -0.187246429 -0.581698456 0.562789025 -0.411058363 0.419435862
1703614541.670477390 -47.649375146 3.992511140 -0.189439303 -0.582213264 0.562605246 -0.410501664 0.419513331
1703614541.800273418 -47.520985643 3.999429709 -0.191825043 -0.584325014 0.561253191 -0.408760875 0.420087705
1703614541.870163202 -47.449971463 4.001747729 -0.193590512 -0.585034582 0.560931631 -0.407841951 0.420422628
1703614542.014935493 -47.306799454 4.002676231 -0.191390260 -0.585050874 0.560451359 -0.409375413 0.419549186
1703614542.204637766 -47.121663996 4.009116614 -0.189787434 -0.585245853 0.559704371 -0.409975321 0.419688628
1703614542.269535542 -47.059983639 4.011818831 -0.186427904 -0.585282044 0.559151300 -0.410956673 0.419415505
1703614542.404323101 -46.933945935 4.012420891 -0.184456694 -0.584852198 0.558559958 -0.410849212 0.420905696
1703614542.469220638 -46.870767224 4.012155544 -0.185446992 -0.585379082 0.558481660 -0.410982256 0.420146582
1703614542.609000921 -46.738899295 4.008784831 -0.183904345 -0.584666976 0.558492460 -0.411788903 0.420333913
1703614542.663914204 -46.687986889 4.006029716 -0.182717755 -0.584011246 0.558808488 -0.412591986 0.420037845
1703614542.803694248 -46.560929402 4.012524753 -0.180139085 -0.584065366 0.558306717 -0.412843892 0.420382182
1703614542.853615999 -46.514184513 4.019747581 -0.178927124 -0.584687112 0.557161581 -0.413129633 0.420756294
1703614543.003380537 -46.376115413 4.036228332 -0.182404697 -0.588294118 0.554912513 -0.411157833 0.420632109
1703614543.068278551 -46.318559437 4.039738715 -0.181581409 -0.588663672 0.554149178 -0.411205134 0.421074944
1703614543.203066111 -46.199039495 4.032212516 -0.180395722 -0.587341097 0.555169877 -0.411784145 0.421011475
1703614543.267963171 -46.139622326 4.029233290 -0.184043621 -0.587423094 0.556492584 -0.410797786 0.420113427
1703614543.402749538 -46.024798212 4.021389432 -0.182980390 -0.586207611 0.556895124 -0.411180403 0.420902759
1703614543.452670336 -45.979828830 4.020703729 -0.182454758 -0.585732949 0.557564210 -0.410733799 0.421113775
1703614543.602431536 -45.851870919 4.020644718 -0.179977332 -0.585479385 0.556895897 -0.410494942 0.422581060
1703614543.652352571 -45.808273042 4.021704482 -0.179366413 -0.585345626 0.556821745 -0.410588006 0.422773618
1703614543.807106495 -45.673310570 4.024147331 -0.181657246 -0.585402780 0.557223688 -0.410777792 0.421979801
1703614543.876995087 -45.611346874 4.025825306 -0.184300308 -0.585707181 0.557971634 -0.409809862 0.421509941
1703614544.001796961 -45.505779972 4.035240195 -0.180308428 -0.586343877 0.555822480 -0.410597099 0.422696405
1703614544.051717758 -45.459385961 4.039518621 -0.180570371 -0.587141871 0.556472463 -0.409563040 0.421735625
1703614544.201478958 -45.339586127 4.046913331 -0.178194534 -0.588216501 0.554613212 -0.409463017 0.422783124
1703614544.271367073 -45.281227345 4.056642590 -0.178359330 -0.589348496 0.553250529 -0.408884903 0.423550869
1703614544.401157856 -45.171697497 4.072449101 -0.181670316 -0.592127874 0.551274246 -0.406162547 0.424868535
1703614544.471044779 -45.113624856 4.075154352 -0.181441783 -0.592543904 0.551035042 -0.405544998 0.425188615
1703614544.600835323 -45.006110159 4.065484911 -0.183046886 -0.591092648 0.552933722 -0.405435751 0.424847775
1703614544.670722961 -44.946968889 4.064926027 -0.184938270 -0.590816639 0.554184390 -0.405356326 0.423676303
1703614544.800513029 -44.841131513 4.071294705 -0.181737260 -0.590583250 0.553124610 -0.406730965 0.424068996
1703614544.870399475 -44.783632386 4.076816274 -0.180269974 -0.590875098 0.552557743 -0.406870100 0.424267936
1703614545.000189543 -44.674739800 4.084119330 -0.181666653 -0.591723467 0.551791365 -0.406013044 0.424903560
1703614545.070076704 -44.614734943 4.087822551 -0.183714423 -0.592096708 0.551834806 -0.405475392 0.424840608
1703614545.204857826 -44.500167157 4.089703906 -0.183970335 -0.591733362 0.552093226 -0.405319575 0.425159664
1703614545.269753933 -44.446741699 4.093372799 -0.181734746 -0.591357736 0.551695348 -0.405917081 0.425628470
1703614545.404538393 -44.330060656 4.098936900 -0.184205644 -0.592233628 0.551703519 -0.404620299 0.425634786
1703614545.469434500 -44.276365633 4.104093287 -0.182925238 -0.592426168 0.550987879 -0.404343084 0.426556283
1703614545.604219675 -44.158301876 4.111306563 -0.186014138 -0.593762672 0.550839312 -0.402885159 0.426269270
1703614545.669116020 -44.103987035 4.116635534 -0.183211086 -0.593462505 0.550615647 -0.403474379 0.426418912
1703614545.803900003 -43.989760343 4.125056666 -0.179357368 -0.593514719 0.549359565 -0.403846432 0.427612447
1703614545.853820086 -43.947151829 4.132340965 -0.179474841 -0.594551366 0.548356673 -0.403524815 0.427763200
1703614546.003579855 -43.814590725 4.146674411 -0.183410025 -0.596746146 0.547022396 -0.400475529 0.429278332
1703614546.068475962 -43.757700435 4.148019756 -0.184714726 -0.596880538 0.547698830 -0.400607706 0.428104053
1703614546.203260660 -43.641890451 4.139799201 -0.183283605 -0.593752620 0.550409634 -0.403382752 0.426367702
1703614546.268157005 -43.582992303 4.139899547 -0.185960152 -0.593084141 0.552171341 -0.402745500 0.425621985
1703614546.402940750 -43.460435629 4.146527412 -0.186953192 -0.593813196 0.551497491 -0.401429649 0.426720802
1703614546.467836618 -43.403058114 4.149060188 -0.185171345 -0.594213664 0.550710398 -0.401715116 0.426911167
1703614546.602621078 -43.280816556 4.151289164 -0.185320603 -0.593790892 0.550704682 -0.401448163 0.427757060
1703614546.652541161 -43.236819139 4.155163768 -0.184661454 -0.593615354 0.551405545 -0.400491089 0.427994888
1703614546.802300215 -43.098324487 4.161851746 -0.184912957 -0.593817704 0.551340563 -0.401341463 0.427000173
1703614546.867196321 -43.038862812 4.165888607 -0.185173976 -0.593939359 0.551602738 -0.400942790 0.426866884
1703614547.001980543 -42.915385371 4.174428381 -0.182459852 -0.593881939 0.550527320 -0.400964449 0.428312296
1703614547.066876173 -42.855659612 4.181056205 -0.182932992 -0.594601299 0.550429840 -0.400167421 0.428184915
1703614547.201659441 -42.733937523 4.190407947 -0.175070098 -0.594539070 0.548999936 -0.403186591 0.427273844
1703614547.271546841 -42.671580765 4.193665849 -0.172987094 -0.594387766 0.549227749 -0.404717387 0.425741589
1703614547.401338816 -42.552269177 4.199029579 -0.176652752 -0.593934115 0.549889900 -0.404606651 0.425625215
1703614547.471227646 -42.488353124 4.202853831 -0.180136040 -0.594738627 0.550340483 -0.402320610 0.426086194
1703614547.601019382 -42.368597717 4.197406529 -0.177539735 -0.594434055 0.550478350 -0.402895760 0.425789556
1703614547.670907021 -42.302961174 4.192346731 -0.181552549 -0.593600362 0.552581892 -0.402744004 0.424369096
1703614547.800698757 -42.185182551 4.190407193 -0.175648041 -0.591522354 0.553059920 -0.404919385 0.424577816
1703614547.850618601 -42.137852756 4.192141511 -0.177014698 -0.591756005 0.553018785 -0.404548061 0.424659770
1703614548.000378609 -41.995922418 4.182960147 -0.175363579 -0.591032466 0.553870112 -0.406065019 0.423107225
1703614548.050297499 -41.948987296 4.174113707 -0.176700312 -0.589209683 0.555726531 -0.406909780 0.422403129
1703614548.200057507 -41.806286818 4.141490647 -0.174018722 -0.583741787 0.561337162 -0.409754112 0.419818633
1703614548.269946337 -41.743004573 4.134474174 -0.172800464 -0.582224175 0.562684031 -0.410464345 0.419429031
1703614548.404733896 -41.615740376 4.126891093 -0.174055984 -0.581908857 0.563428298 -0.411170191 0.418174256
1703614548.469631433 -41.558533098 4.127891121 -0.171367636 -0.582049723 0.562964681 -0.412041524 0.417744744
1703614548.604418278 -41.433625368 4.134514722 -0.172594086 -0.582779661 0.562308135 -0.411666573 0.417980932
1703614548.669315577 -41.373989225 4.137246455 -0.173087757 -0.583198398 0.562209633 -0.411364970 0.417826303
1703614548.804103374 -41.249352919 4.140473175 -0.175336838 -0.584118991 0.561810854 -0.410462487 0.417964252
1703614548.869000673 -41.190515164 4.139219560 -0.172049062 -0.583598820 0.561566557 -0.410762903 0.418723367
1703614549.003787279 -41.066274890 4.131067311 -0.171543849 -0.583055396 0.562648003 -0.410691040 0.418098672
1703614549.068685055 -41.009081709 4.128114013 -0.170991661 -0.582332690 0.563372223 -0.411616948 0.417219205
1703614549.203472614 -40.892153822 4.133424518 -0.168036753 -0.581702208 0.563385613 -0.411430461 0.418263277
1703614549.253392220 -40.847169979 4.139482459 -0.169138604 -0.583004985 0.562359280 -0.410798050 0.418452136
1703614549.403153181 -40.712864023 4.153821477 -0.174163859 -0.586555943 0.560557373 -0.408545436 0.418112646
1703614549.468049288 -40.657702410 4.154319543 -0.171561968 -0.586009724 0.560417026 -0.408898369 0.418721249
1703614549.602833033 -40.540018497 4.150936193 -0.166838194 -0.585330355 0.560807174 -0.410208099 0.417867208
1703614549.667729139 -40.487922690 4.151192235 -0.158454528 -0.584502884 0.559544921 -0.412197911 0.418758573
1703614549.802513838 -40.363085968 4.164792654 -0.167413515 -0.587551243 0.558292229 -0.409996689 0.418325278
1703614549.867409945 -40.304021395 4.174928926 -0.168848680 -0.588738265 0.557260218 -0.407416077 0.420547791
1703614550.002193689 -40.179987856 4.185631765 -0.167288265 -0.590384897 0.555586683 -0.406936959 0.420917358
1703614550.067089558 -40.122182863 4.182000845 -0.163451807 -0.588812471 0.556450033 -0.408382577 0.420579250
1703614550.201873302 -39.997742910 4.178591211 -0.163031572 -0.586977441 0.557579476 -0.408534376 0.421500029
1703614550.266769171 -39.933607522 4.179640486 -0.167214606 -0.588410392 0.557924259 -0.408018889 0.419540603
1703614550.401553869 -39.808288189 4.183566785 -0.163748762 -0.588376690 0.556665007 -0.408569348 0.420723221
1703614550.451474190 -39.759474354 4.186752125 -0.164831417 -0.588947683 0.556447733 -0.408172246 0.420597153
1703614550.601233721 -39.613633011 4.185374320 -0.166835207 -0.588222266 0.556827784 -0.408085540 0.421193040
1703614550.671122313 -39.544494800 4.185986218 -0.167425867 -0.588404873 0.557281387 -0.407543300 0.420862945
1703614550.800914049 -39.419550576 4.189445096 -0.165090028 -0.588191222 0.556638113 -0.407628089 0.421929423
1703614550.850834131 -39.369574870 4.190549920 -0.166027606 -0.588656856 0.556847601 -0.407114507 0.421499268
1703614551.000593424 -39.222677111 4.192602446 -0.167872455 -0.588207993 0.557200570 -0.406641509 0.422115583
1703614551.050513506 -39.172325985 4.191621225 -0.168898873 -0.588212592 0.558141417 -0.405785723 0.421689522
1703614551.200273514 -39.025869757 4.192347490 -0.167244344 -0.587415607 0.557690643 -0.405354691 0.423806118
1703614551.250192642 -38.975924527 4.195998483 -0.168159985 -0.588906661 0.556956296 -0.405303820 0.422749858
1703614551.404944897 -38.824488963 4.198790479 -0.170767828 -0.589853787 0.558686624 -0.403797804 0.420581857
1703614551.454863787 -38.779097723 4.201533295 -0.171158153 -0.589527238 0.558943264 -0.404121467 0.420387801
1703614551.604623318 -38.638145420 4.219355890 -0.168242099 -0.590085717 0.556397365 -0.404263958 0.422837406
1703614551.654543161 -38.587305491 4.226675682 -0.171088029 -0.592476736 0.555959273 -0.401893063 0.422329931
1703614551.804301739 -38.450013867 4.237077615 -0.160302909 -0.593875144 0.551711924 -0.403213829 0.424670313
1703614551.869197369 -38.384724315 4.237458303 -0.165590818 -0.594066832 0.553068968 -0.402345219 0.423459136
1703614552.003980637 -38.259027498 4.237118591 -0.161569024 -0.591746949 0.553909228 -0.403767600 0.424254452
1703614552.068876266 -38.194382258 4.238931258 -0.166062706 -0.592440513 0.554580536 -0.403042601 0.423097304
1703614552.203658581 -38.066304087 4.241093967 -0.160880626 -0.592009994 0.553525316 -0.404222698 0.423955071
1703614552.268555641 -38.003732083 4.242180149 -0.162984851 -0.592375178 0.553435887 -0.403836416 0.423929849
1703614552.403339624 -37.877276482 4.244286248 -0.155655923 -0.592064463 0.552192902 -0.406283419 0.423646614
1703614552.453259945 -37.829630656 4.246051316 -0.156799357 -0.592138217 0.552492192 -0.406128167 0.423302045
1703614552.603020668 -37.684881529 4.252078848 -0.160203009 -0.592516843 0.552717982 -0.404356317 0.424172833
1703614552.667915821 -37.623517264 4.249527801 -0.159103738 -0.592004277 0.552960005 -0.404583667 0.424356247
1703614552.802700758 -37.495205097 4.235980208 -0.157566403 -0.589927695 0.555121347 -0.405050653 0.423980628
1703614552.867596865 -37.434198301 4.234126812 -0.156131436 -0.589369551 0.555424866 -0.405469281 0.423959211
1703614553.002380848 -37.306991440 4.248434694 -0.155600098 -0.590960799 0.553964125 -0.405548865 0.423579037
1703614553.067276955 -37.245836494 4.255785068 -0.156493384 -0.592247227 0.553299321 -0.405373873 0.422818054
1703614553.202061653 -37.121611942 4.266477636 -0.154716202 -0.592875483 0.552183638 -0.404699334 0.424040495
1703614553.266959429 -37.063328937 4.268853435 -0.153383400 -0.592879555 0.551639958 -0.404418795 0.425008974
1703614553.401749372 -36.936186301 4.264737396 -0.159275145 -0.592609540 0.552730406 -0.402384675 0.425898586
1703614553.471641064 -36.870821725 4.263770386 -0.160323035 -0.592781894 0.553457806 -0.401039874 0.425982515
1703614553.601439476 -36.752870310 4.258630306 -0.162594056 -0.591746373 0.555129064 -0.402864610 0.423518663
1703614553.651361704 -36.707948199 4.258013479 -0.163995199 -0.590930339 0.556530034 -0.403336569 0.422368639
1703614553.801129580 -36.576448444 4.271443742 -0.160258472 -0.590088133 0.555919535 -0.405106853 0.422655774
1703614553.871020794 -36.513873976 4.281024423 -0.159496417 -0.591140155 0.554170347 -0.404012076 0.424526544
1703614554.000819445 -36.391093894 4.293042583 -0.164040706 -0.595203602 0.551269356 -0.401596979 0.424917210
1703614554.050741911 -36.348076427 4.296692994 -0.163741000 -0.595052722 0.550281127 -0.401818978 0.426197663
1703614554.200509310 -36.204388728 4.302236734 -0.168339896 -0.595469848 0.551471370 -0.400512531 0.425305421
1703614554.270398378 -36.142861094 4.305313277 -0.165329803 -0.594441471 0.551347020 -0.402014999 0.425487652
1703614554.400187731 -36.019328342 4.311623084 -0.168069576 -0.594335045 0.551547774 -0.400771908 0.426547518
1703614554.470073938 -35.954191629 4.317164635 -0.168775156 -0.594996141 0.550911779 -0.399436465 0.427698859
1703614554.604855776 -35.826239033 4.320629046 -0.165448225 -0.595861648 0.549578085 -0.400130293 0.427561192
1703614554.669750214 -35.765608618 4.322012352 -0.164365631 -0.594802047 0.549951541 -0.400964548 0.427774776
1703614554.804530621 -35.635504855 4.336958133 -0.168357046 -0.595634184 0.550373770 -0.399576670 0.427372340
1703614554.869426012 -35.574192953 4.347218858 -0.168397067 -0.596458298 0.549245172 -0.399453087 0.427790218
1703614555.004206181 -35.444938959 4.366561914 -0.166428449 -0.599007569 0.546327929 -0.398758799 0.428610716
1703614555.069100618 -35.382069332 4.372591343 -0.170754020 -0.599910713 0.546839243 -0.396862526 0.428455498
1703614555.203881741 -35.253411370 4.377052724 -0.165255032 -0.598464080 0.545699000 -0.396843345 0.431935997
1703614555.268777370 -35.187729703 4.378291012 -0.167910964 -0.598759114 0.546179286 -0.395973493 0.431718317
1703614555.403563261 -35.051924550 4.377520571 -0.167246800 -0.597785328 0.547063576 -0.396103896 0.431828495
1703614555.453482628 -35.003296416 4.381939025 -0.166920743 -0.597411837 0.546772377 -0.396249932 0.432579537
1703614555.603244305 -34.849961728 4.399989092 -0.170542335 -0.598929711 0.546142095 -0.396090660 0.431421144
1703614555.653165102 -34.800942257 4.404524533 -0.169079251 -0.598864527 0.545850757 -0.396338613 0.431652560
1703614555.802925587 -34.648517959 4.404329592 -0.169650898 -0.598277800 0.546413606 -0.396940724 0.431200542
1703614555.867821932 -34.584784936 4.397130452 -0.170238047 -0.596005584 0.548072509 -0.397508185 0.431718788
1703614556.002607584 -34.445916158 4.368813559 -0.170921255 -0.592252940 0.552891598 -0.399403439 0.428980452
1703614556.052528143 -34.395107534 4.362407280 -0.171660647 -0.591109164 0.554011121 -0.400527776 0.428064404
1703614556.202289820 -34.249212185 4.376341547 -0.169204340 -0.591453229 0.552979680 -0.400136510 0.429286995
1703614556.267185926 -34.184499435 4.384653357 -0.172349852 -0.592963807 0.552230605 -0.399770850 0.428507352
1703614556.401969671 -34.051654199 4.393174235 -0.174891643 -0.593460463 0.553064152 -0.399533471 0.426963380
1703614556.451889992 -34.004798787 4.396048568 -0.175178556 -0.593069189 0.553027868 -0.399918019 0.427193975
1703614556.601650476 -33.858963109 4.390670794 -0.173672828 -0.592050232 0.554384550 -0.399430689 0.427304831
1703614556.651570559 -33.814513559 4.388345390 -0.173087330 -0.591132388 0.554767164 -0.400403220 0.427168765
1703614556.801330090 -33.675680147 4.373790978 -0.170224112 -0.588632784 0.557156327 -0.402438734 0.425595274
1703614556.871218443 -33.611875252 4.372433898 -0.171693761 -0.588504573 0.558220068 -0.401732055 0.425045974
1703614557.001010418 -33.499815119 4.381808870 -0.169830592 -0.588242929 0.557136469 -0.402792831 0.425825253
1703614557.070898294 -33.436820412 4.386883878 -0.171127331 -0.588946320 0.556886511 -0.402290671 0.425654628
1703614557.200691223 -33.323645398 4.385857137 -0.171586492 -0.588301519 0.556816239 -0.402344150 0.426586667
1703614557.250618219 -33.278970358 4.389207370 -0.173217020 -0.589009153 0.556629108 -0.402315529 0.425880815
1703614557.400459766 -33.145065304 4.395636502 -0.175592751 -0.589571062 0.556553489 -0.401542357 0.425931816
1703614557.450407505 -33.102127831 4.399287400 -0.176911714 -0.589859027 0.556745177 -0.400854518 0.425930501
1703614557.600251198 -32.973265696 4.401816226 -0.177966751 -0.589339986 0.557179887 -0.401937608 0.425058952
1703614557.650199890 -32.933114354 4.401019977 -0.176048151 -0.588564314 0.557423982 -0.402662790 0.425127311
1703614557.800046444 -32.810155593 4.386959249 -0.172401669 -0.586000534 0.558270803 -0.404069143 0.426222022
1703614557.869976521 -32.751875259 4.381594946 -0.174180863 -0.585538508 0.559086257 -0.404981844 0.424919898
1703614558.004841566 -32.639040392 4.376030474 -0.175615533 -0.584559745 0.560630519 -0.405213190 0.424011316
1703614558.069777489 -32.586716211 4.373971782 -0.176083605 -0.583965455 0.560983683 -0.405886265 0.423719240
1703614558.204646349 -32.474301725 4.363592864 -0.177384228 -0.582452828 0.562981002 -0.407231549 0.421857274
1703614558.254585028 -32.433509896 4.357356465 -0.177086193 -0.581226764 0.563611317 -0.408227575 0.421743973
1703614558.404339075 -32.311187637 4.324340034 -0.178540964 -0.576898117 0.568303547 -0.410585025 0.419093759
1703614558.454255819 -32.272293051 4.315895975 -0.180843527 -0.575404665 0.570469842 -0.410257876 0.418523722
1703614558.604009867 -32.148948117 4.293098325 -0.181690535 -0.573032790 0.572381140 -0.412893735 0.416571742
1703614558.668902636 -32.097884390 4.288048805 -0.181007307 -0.571659872 0.573249897 -0.412885484 0.417271044
1703614558.803679705 -31.985747373 4.286919853 -0.183449104 -0.572694986 0.573144810 -0.413583023 0.415300569
1703614558.868572474 -31.932310387 4.283043696 -0.185261555 -0.573213166 0.573451872 -0.413668501 0.414074858
1703614559.003349304 -31.819897710 4.265060124 -0.186739562 -0.571110255 0.575052608 -0.414365463 0.414063808
1703614559.053267002 -31.775390195 4.258473858 -0.188709401 -0.570712669 0.576437800 -0.413645257 0.413405508
1703614559.203018665 -31.649833688 4.251126304 -0.188712543 -0.570044723 0.577236018 -0.414070702 0.412786927
1703614559.267911434 -31.595593871 4.252273640 -0.187339853 -0.569898003 0.576726890 -0.415128726 0.412638465
1703614559.402689219 -31.480635461 4.271274584 -0.189926196 -0.573080153 0.574347285 -0.413432620 0.413252712
1703614559.467582226 -31.425729098 4.285956610 -0.188700452 -0.575092080 0.571574518 -0.412738958 0.414991835
1703614559.602359533 -31.314855716 4.296471468 -0.190078323 -0.577493713 0.568672730 -0.410122492 0.418224676
1703614559.652277470 -31.271479370 4.293097944 -0.192952930 -0.577765530 0.569481362 -0.409056068 0.417793135
1703614559.802029848 -31.142886647 4.276764283 -0.192658531 -0.576025415 0.570861004 -0.409128843 0.418241587
1703614559.851947546 -31.101336657 4.276227649 -0.192241564 -0.576153308 0.570512302 -0.409894379 0.417791428
1703614560.001699209 -30.972550453 4.289887580 -0.190640352 -0.577500378 0.568269841 -0.411021355 0.417880542
1703614560.071583986 -30.913007983 4.303221029 -0.190271062 -0.579709736 0.565887442 -0.410002472 0.419053693
1703614560.201368093 -30.796378258 4.321156306 -0.194885720 -0.583299116 0.562987625 -0.407694103 0.420229215
1703614560.271252871 -30.735361199 4.321754820 -0.194210894 -0.583230175 0.562554014 -0.407501261 0.421091755
1703614560.401040077 -30.617380099 4.317699582 -0.194422481 -0.582405295 0.562596688 -0.407224046 0.422442440
1703614560.450958252 -30.570319245 4.318100400 -0.196543890 -0.582615055 0.562877113 -0.406037891 0.422921133
1703614560.600711823 -30.424880311 4.319890324 -0.201072294 -0.583650345 0.563069563 -0.404759491 0.422462657
1703614560.650629044 -30.378262553 4.319671391 -0.202001299 -0.583046884 0.563550191 -0.404096611 0.423288841
1703614560.800383329 -30.232744236 4.321257204 -0.199473304 -0.583512466 0.562744499 -0.405391687 0.422480071
1703614560.850300312 -30.185439019 4.323890397 -0.201020938 -0.583283439 0.562669021 -0.403842644 0.424376155
1703614561.000054121 -30.034301591 4.348294610 -0.206839625 -0.588163057 0.559181160 -0.400059597 0.425832088
1703614561.054962635 -29.981593016 4.355078502 -0.205154499 -0.588699410 0.557600120 -0.400257978 0.426976183
1703614561.204715967 -29.831774008 4.365611069 -0.206159012 -0.589560250 0.556949077 -0.400600314 0.426316579
1703614561.254632950 -29.781326594 4.364095275 -0.206777136 -0.589126601 0.557485173 -0.400905379 0.425928405
1703614561.404387236 -29.630584141 4.354817934 -0.209973067 -0.587867623 0.558951198 -0.400504623 0.426123531
1703614561.469280720 -29.565191018 4.352031872 -0.209549396 -0.587892141 0.558448420 -0.401586433 0.425730583
1703614561.604058981 -29.427954078 4.355521091 -0.213828423 -0.588524527 0.558720590 -0.401214032 0.424849955
1703614561.653977394 -29.375035066 4.357039402 -0.217314940 -0.588996718 0.559600864 -0.400469753 0.423737792
1703614561.803730488 -29.227563950 4.368756634 -0.211545783 -0.588674679 0.558609276 -0.401717215 0.424312477
1703614561.853648424 -29.178137110 4.375392501 -0.209978962 -0.589000572 0.557135790 -0.402174446 0.425363083
1703614562.003401279 -29.023541125 4.385808052 -0.213586755 -0.591597701 0.555876722 -0.400081038 0.425380292
1703614562.053318262 -28.974060845 4.385193001 -0.212962343 -0.590865755 0.555974460 -0.400346880 0.426019288
1703614562.203071833 -28.816789806 4.392346239 -0.217996757 -0.591017734 0.556192963 -0.399436365 0.426377786
1703614562.267965078 -28.751863574 4.402582640 -0.213923863 -0.591540141 0.554186452 -0.399705686 0.428010516
1703614562.402743578 -28.604689451 4.423485938 -0.225608024 -0.596234017 0.552757095 -0.396946021 0.425908966
1703614562.452661991 -28.555685914 4.426768327 -0.220376872 -0.595849145 0.552300557 -0.398051495 0.426008097
1703614562.602416754 -28.402522598 4.441191129 -0.223253054 -0.597225791 0.552093222 -0.396630156 0.425674698
1703614562.652334929 -28.353932346 4.442748083 -0.219254916 -0.596489351 0.551121673 -0.398435372 0.426279967
1703614562.802089214 -28.200488471 4.431763900 -0.218971662 -0.595048903 0.553008350 -0.398690475 0.425610706
1703614562.852007627 -28.152299130 4.425057330 -0.213960497 -0.593273104 0.553618291 -0.400339073 0.425749268
1703614563.001761198 -28.001910491 4.400165147 -0.211954987 -0.588874988 0.557158477 -0.403853430 0.423914009
1703614563.071646214 -27.933491833 4.394728124 -0.209057003 -0.587838601 0.558009177 -0.406145262 0.422039766
1703614563.201432943 -27.811207776 4.393652252 -0.203897481 -0.585619507 0.557911434 -0.409382051 0.422126711
1703614563.251350403 -27.759225134 4.397783999 -0.206738433 -0.586570319 0.557780432 -0.409708699 0.420660234
1703614563.401106596 -27.611006354 4.405677492 -0.208650549 -0.588266646 0.557887622 -0.408630821 0.419195190
1703614563.451024532 -27.566407068 4.406613425 -0.205218056 -0.588166449 0.557656942 -0.409410647 0.418881708
1703614563.600780249 -27.432732465 4.397738108 -0.203587729 -0.585649116 0.558798161 -0.410387903 0.419930349
1703614563.650697708 -27.388813151 4.398046916 -0.203174890 -0.585905535 0.558352024 -0.410168952 0.420379772
1703614563.800452471 -27.259219401 4.400676068 -0.197058624 -0.586037776 0.556220345 -0.411963001 0.421266113
1703614563.850370884 -27.213823690 4.398590424 -0.197128153 -0.584790076 0.557206045 -0.411203106 0.422438157
1703614564.000125170 -27.081101764 4.402714512 -0.198162207 -0.585169003 0.556673423 -0.411705330 0.422126355
1703614564.050043344 -27.036210561 4.403536900 -0.197630669 -0.584922028 0.556487487 -0.411751945 0.422667996
1703614564.204788923 -26.897854155 4.400087332 -0.197105769 -0.585201672 0.557253952 -0.411666605 0.421352160
1703614564.269682884 -26.844449026 4.398834480 -0.195618102 -0.584669625 0.557108851 -0.411782657 0.422168451
1703614564.404463530 -26.732571069 4.405829834 -0.191561150 -0.585197193 0.555411457 -0.412131668 0.423331841
1703614564.459374189 -26.685224838 4.407326741 -0.194521696 -0.585465547 0.555605440 -0.411325010 0.423490761
1703614564.604138613 -26.564161145 4.409495503 -0.190905225 -0.585424157 0.554670044 -0.410629841 0.425444276
1703614564.669033289 -26.508537735 4.408780973 -0.191395067 -0.585573361 0.554410429 -0.410197071 0.425994458
1703614564.803813219 -26.395749200 4.397859864 -0.190867211 -0.584319485 0.556215738 -0.410673961 0.424901977
1703614564.868707657 -26.347555519 4.397264977 -0.186204399 -0.583184835 0.556225175 -0.412212690 0.424958469
1703614565.003487825 -26.241640169 4.417158215 -0.189314306 -0.585331632 0.554688914 -0.411370780 0.424830754
1703614565.053406477 -26.202954578 4.430689122 -0.192008852 -0.587615367 0.553036588 -0.410093985 0.425066626
1703614565.203161955 -26.092997558 4.450631992 -0.185863794 -0.590996848 0.548243014 -0.410040471 0.426637007
1703614565.253080606 -26.057171348 4.449917064 -0.182957693 -0.590332084 0.547997505 -0.411273719 0.426685708
1703614565.402835369 -25.954567752 4.448337174 -0.176913149 -0.588481224 0.548439715 -0.413276430 0.426739172
1703614565.452752829 -25.918912083 4.454899569 -0.180900737 -0.589209524 0.548053688 -0.410898149 0.428523048
1703614565.602508545 -25.801700359 4.481155104 -0.189018462 -0.594490127 0.544558116 -0.406485523 0.429892390
1703614565.652426004 -25.764531594 4.481316226 -0.186717701 -0.594113227 0.544423283 -0.407647888 0.429483366
1703614565.802181482 -25.646705662 4.467188256 -0.189175480 -0.591016966 0.548731491 -0.406883629 0.428996980
1703614565.852098703 -25.609806722 4.469477254 -0.186305875 -0.590622582 0.548681263 -0.407159897 0.429342119
1703614566.001852512 -25.491456224 4.477793485 -0.189585745 -0.591940571 0.547774794 -0.406208164 0.429585920
1703614566.066745996 -25.441500918 4.486347587 -0.186687645 -0.593023422 0.546261251 -0.406224102 0.430004472
1703614566.201524496 -25.334306199 4.490657452 -0.187188493 -0.592767248 0.546551477 -0.405391669 0.430773801
1703614566.271409750 -25.278057312 4.494730060 -0.186465152 -0.592878746 0.546234518 -0.405461708 0.430956432
1703614566.401197910 -25.168855619 4.497058203 -0.188379800 -0.593155314 0.546859531 -0.404764355 0.430438433
1703614566.471083403 -25.110661719 4.496613658 -0.189547731 -0.592891401 0.548023092 -0.403834955 0.430195079
1703614566.600871563 -25.007993255 4.503007699 -0.183815080 -0.592554011 0.547134517 -0.404302633 0.431350142
1703614566.670756817 -24.951822403 4.504978327 -0.182403150 -0.592739772 0.547062317 -0.404069001 0.431405408
1703614566.800544739 -24.847968945 4.510351210 -0.181465841 -0.592568620 0.546528200 -0.401929613 0.434306278
1703614566.850462198 -24.804279002 4.514107674 -0.186362353 -0.593934976 0.546962150 -0.400447147 0.433261738
1703614567.000216246 -24.679266818 4.513704558 -0.187541583 -0.593249243 0.548469734 -0.400830866 0.431938541
1703614567.050134659 -24.639474262 4.519178073 -0.185954848 -0.593753206 0.548543692 -0.400893249 0.431093438
1703614567.204881191 -24.511889688 4.540018371 -0.188553910 -0.595629745 0.546617381 -0.399307091 0.432421660
1703614567.254798412 -24.471575463 4.546317733 -0.187735963 -0.596388574 0.545562385 -0.398914820 0.433069647
1703614567.404553413 -24.346532475 4.550079574 -0.188271716 -0.596947813 0.547198783 -0.397914021 0.431151055
1703614567.454472065 -24.307723426 4.549489227 -0.187323963 -0.596969849 0.547760744 -0.400519987 0.427982367
1703614567.604227066 -24.195362218 4.561948783 -0.183942104 -0.595061453 0.549125979 -0.403252127 0.426321766
1703614567.654145479 -24.157166132 4.570420463 -0.182485743 -0.594285542 0.548253738 -0.401117206 0.430520058
1703614567.803900003 -24.031230040 4.601408566 -0.179907329 -0.600428193 0.542352327 -0.397152846 0.433139188
1703614567.853817463 -23.989881903 4.602866667 -0.180284828 -0.600902783 0.542106716 -0.397051091 0.432881721
1703614568.003572464 -23.861232600 4.582010800 -0.174902186 -0.595502160 0.547291918 -0.399091280 0.431943149
1703614568.068464994 -23.803173602 4.577133810 -0.173711351 -0.593529161 0.549209305 -0.399548155 0.431802671
1703614568.203243732 -23.684386420 4.590558494 -0.171074709 -0.594228925 0.549680161 -0.399740560 0.430059519
1703614568.253161907 -23.643753998 4.597555281 -0.167558279 -0.594251169 0.548312777 -0.399887948 0.431634424
1703614568.402916670 -23.505023204 4.618351216 -0.168251626 -0.597702314 0.545080073 -0.397966432 0.432738231
1703614568.467810631 -23.442568050 4.620752581 -0.167156018 -0.597995855 0.545387243 -0.396592689 0.433206592
1703614568.602589607 -23.317913872 4.616656545 -0.164927308 -0.597034197 0.547269017 -0.397339641 0.431471900
1703614568.652508020 -23.270638869 4.615079429 -0.162462629 -0.595900595 0.548368436 -0.398330017 0.430729309
1703614568.802260876 -23.130519260 4.616371883 -0.161483414 -0.594504178 0.549952499 -0.400029803 0.429060820
1703614568.867154598 -23.069492088 4.618536596 -0.158877919 -0.594547070 0.550148227 -0.399145134 0.429574058
1703614569.001933098 -22.937931388 4.623427557 -0.157163701 -0.595310900 0.549657412 -0.398141252 0.430075813
1703614569.051851034 -22.887869167 4.626106597 -0.155560166 -0.595695114 0.549662219 -0.397890587 0.429769540
1703614569.201604605 -22.744120935 4.635074430 -0.149794742 -0.595124528 0.549249114 -0.398447898 0.430571109
1703614569.251522541 -22.697873704 4.638372225 -0.146960122 -0.595126611 0.548348244 -0.399530663 0.430713094
1703614569.401278496 -22.544066150 4.640856659 -0.145829494 -0.594874953 0.549744384 -0.399824922 0.429004585
1703614569.471164465 -22.473926811 4.645145335 -0.140946335 -0.594278892 0.549013065 -0.400796130 0.429860112
1703614569.600953341 -22.342869933 4.658370746 -0.142300987 -0.595533131 0.548073266 -0.398956829 0.431032985
1703614569.650871277 -22.292273846 4.664943010 -0.142245608 -0.596550557 0.547209046 -0.397973667 0.431632544
1703614569.800627232 -22.136259592 4.677459146 -0.137317162 -0.597498311 0.545855464 -0.397306070 0.432649359
1703614569.850545883 -22.083768283 4.675513529 -0.139358219 -0.597095724 0.546824387 -0.397488860 0.431812913
1703614570.000301600 -21.928793683 4.660332066 -0.130137669 -0.592140212 0.549926064 -0.400489768 0.431925039
1703614570.050220251 -21.873597576 4.657720046 -0.135505424 -0.592492546 0.551970268 -0.399793316 0.429472596
1703614570.204967022 -21.709564963 4.665061122 -0.131192567 -0.591824015 0.552108156 -0.399134781 0.430827514
1703614570.259877205 -21.649024852 4.670423700 -0.133042857 -0.592842877 0.552096869 -0.398410206 0.430111240
1703614570.404641151 -21.500200250 4.672865907 -0.127092218 -0.592645888 0.550916886 -0.398831836 0.431502727
1703614570.454559803 -21.447795593 4.670456469 -0.128015638 -0.592227501 0.551971925 -0.398452285 0.431079294
1703614570.604315042 -21.291338268 4.663063141 -0.124724403 -0.589635437 0.553898897 -0.400874254 0.429913824
1703614570.669209003 -21.219308087 4.657587854 -0.125698838 -0.588755438 0.555780943 -0.401138862 0.428441584
1703614570.803987980 -21.077567543 4.658702554 -0.123866777 -0.588381729 0.555750329 -0.401439127 0.428713354
1703614570.853905439 -21.022094700 4.662786286 -0.124308246 -0.589396445 0.555904912 -0.400285061 0.428197886
1703614571.003659725 -20.865299919 4.672607816 -0.123436401 -0.590625971 0.554684272 -0.401229231 0.427201856
1703614571.068553209 -20.796390718 4.672841052 -0.120676047 -0.590017426 0.555297712 -0.402629117 0.425926850
1703614571.203331709 -20.658771498 4.660897758 -0.117663701 -0.587241187 0.557465971 -0.404080548 0.425556564
1703614571.253249884 -20.608226179 4.658488327 -0.118765714 -0.586991307 0.557522087 -0.404017058 0.425887949
1703614571.403005838 -20.453160156 4.654262461 -0.114250200 -0.587683220 0.556636959 -0.404640947 0.425499040
1703614571.467900276 -20.388196354 4.645381054 -0.114579700 -0.586066824 0.559319435 -0.404235891 0.424594856
1703614571.602680445 -20.255358112 4.638974647 -0.110553007 -0.583274176 0.561300531 -0.405671570 0.424456744
1703614571.652599335 -20.203893424 4.641724920 -0.111114727 -0.584119090 0.561269976 -0.405736162 0.423271862
1703614571.802354574 -20.054699030 4.644511210 -0.109934633 -0.584852406 0.561045017 -0.405357294 0.422920343
1703614571.867247581 -19.993282219 4.639961527 -0.104236554 -0.582512729 0.561535143 -0.407203921 0.423724168
1703614572.002027035 -19.862467669 4.639540483 -0.102822470 -0.582666191 0.562217402 -0.407007304 0.422796354
1703614572.051945686 -19.815164160 4.640369312 -0.103183310 -0.583024363 0.562005094 -0.406458311 0.423112877
1703614572.201700449 -19.672181595 4.649896237 -0.100828760 -0.585329633 0.559978495 -0.405019777 0.423995619
1703614572.271586657 -19.607349395 4.647890153 -0.101162871 -0.584878559 0.560256603 -0.405128336 0.424146957
1703614572.401372910 -19.484909389 4.645628330 -0.096663448 -0.584107022 0.561310942 -0.407761230 0.421283505
1703614572.451291323 -19.443213621 4.643928922 -0.091805029 -0.582286201 0.561231186 -0.408681329 0.423015258
1703614572.601044655 -19.305019549 4.650794369 -0.093013690 -0.584137166 0.560600063 -0.407157319 0.422769746
1703614572.650962830 -19.262664651 4.647428973 -0.091269740 -0.583152878 0.560193655 -0.407485338 0.424348311
1703614572.800715923 -19.126400341 4.642033538 -0.090230977 -0.583616746 0.561261619 -0.407401594 0.422375225
1703614572.850632906 -19.083253346 4.641237717 -0.090510566 -0.583517004 0.561364184 -0.408046314 0.421753915
1703614573.000386477 -18.953229838 4.645461495 -0.085724906 -0.583072613 0.560936735 -0.409190248 0.421828934
1703614573.050303221 -18.907618051 4.648112666 -0.087211153 -0.584208905 0.561253507 -0.408023280 0.420964914
1703614573.200055361 -18.778286163 4.640435208 -0.086036832 -0.583546104 0.561448776 -0.408414533 0.421244331
1703614573.254964590 -18.730401476 4.634540050 -0.090036205 -0.582800432 0.562981378 -0.408176683 0.420460960
1703614573.404761791 -18.610914154 4.624051565 -0.080850972 -0.580175921 0.564982232 -0.411993112 0.417675297
1703614573.454695463 -18.571700507 4.624224929 -0.079857819 -0.579565461 0.564807609 -0.412785345 0.417976674
1703614573.604497671 -18.452023503 4.633858002 -0.078049491 -0.581225680 0.563014134 -0.412458893 0.418413020
1703614573.669412613 -18.399727709 4.638860134 -0.076074043 -0.582181242 0.562251811 -0.410411467 0.420119425
1703614573.804237366 -18.291350769 4.632889920 -0.075602613 -0.582704945 0.561614212 -0.410300275 0.420354741
1703614573.854173183 -18.251067425 4.629309761 -0.079267493 -0.582161242 0.562535488 -0.410073566 0.420097350
1703614574.013967514 -18.121070270 4.624902633 -0.078878179 -0.581065876 0.564305374 -0.410407477 0.418912396
1703614574.203728676 -17.963663895 4.631272210 -0.077781118 -0.582531618 0.563257491 -0.410422352 0.418271927
1703614574.268643856 -17.911873785 4.633343632 -0.076145194 -0.582174706 0.562902857 -0.409703793 0.419947363
1703614574.403429985 -17.794008421 4.646050853 -0.076040896 -0.585727319 0.561602203 -0.407848000 0.418552842
1703614574.468327045 -17.744753291 4.648540826 -0.070577856 -0.585103150 0.560985359 -0.408756401 0.419366111
1703614574.603113174 -17.634457806 4.655608340 -0.068610247 -0.585595088 0.560375802 -0.408542750 0.419702484
1703614574.653034449 -17.592799668 4.656222867 -0.065754518 -0.585010624 0.560082326 -0.408859240 0.420600142
1703614574.802796602 -17.464106860 4.654764989 -0.067741740 -0.585410074 0.560592329 -0.407370794 0.420809129
1703614574.867693901 -17.407952947 4.653731024 -0.067706949 -0.585649609 0.560826506 -0.407632522 0.419909386
1703614575.002479792 -17.291782076 4.656374590 -0.061820741 -0.585130018 0.560318199 -0.407259878 0.421670215
1703614575.062384367 -17.239413859 4.661225774 -0.061104452 -0.585951878 0.559295111 -0.406984145 0.422153148
1703614575.202162981 -17.115948635 4.666882365 -0.057602022 -0.587017776 0.557340197 -0.407444916 0.422812814
1703614575.252083302 -17.070663694 4.669501585 -0.058991844 -0.587029332 0.557429521 -0.406740126 0.423357252
1703614575.401844501 -16.933077847 4.675160804 -0.059300681 -0.587579835 0.558493998 -0.404886117 0.422967639
1703614575.451765060 -16.889315222 4.677060862 -0.059632946 -0.587608142 0.558120905 -0.405587138 0.422749098
1703614575.601526260 -16.751283959 4.676323598 -0.060318709 -0.587593113 0.558987099 -0.405052301 0.422137880
1703614575.671415806 -16.688088303 4.681475176 -0.060675889 -0.588253909 0.558087605 -0.404184842 0.423237731
1703614575.801208019 -16.575802096 4.686288900 -0.048564572 -0.587922565 0.555966697 -0.407384555 0.423421673
1703614575.851128817 -16.531985354 4.689008646 -0.049628783 -0.587887510 0.555981203 -0.408025433 0.422833801
1703614576.000889778 -16.393862557 4.711197242 -0.057672479 -0.590573222 0.554878937 -0.402926450 0.425420862
1703614576.050810575 -16.345333924 4.719604201 -0.063099574 -0.593282340 0.553894916 -0.401128579 0.424632019
1703614576.200571537 -16.210752343 4.709189417 -0.055239108 -0.590763809 0.554374059 -0.402321660 0.426385749
1703614576.250492096 -16.162400982 4.708894841 -0.058934173 -0.591156822 0.555475877 -0.401966539 0.424738818
1703614576.400251865 -16.023003821 4.708041125 -0.055179967 -0.589050266 0.556863704 -0.403787824 0.424120257
1703614576.450171232 -15.976138655 4.712648662 -0.056351968 -0.589114750 0.556561750 -0.404330287 0.423910190
1703614576.604923248 -15.829404301 4.728711681 -0.053304851 -0.590400470 0.554238871 -0.402451037 0.426942294
1703614576.669819355 -15.766102852 4.735186698 -0.055200960 -0.592623253 0.552925137 -0.401515182 0.426446985
1703614576.804603100 -15.637482569 4.729815591 -0.053890335 -0.591604443 0.553510323 -0.401670485 0.426955883
1703614576.869498730 -15.574125927 4.730677781 -0.056765367 -0.591303244 0.554575309 -0.402014511 0.425665401
1703614577.004282475 -15.443367105 4.743328537 -0.056640530 -0.591728422 0.554606671 -0.403140647 0.423965250
1703614577.069178104 -15.381178701 4.754287380 -0.057662965 -0.592657204 0.553391457 -0.402500650 0.424862990
1703614577.203961611 -15.248763354 4.770794110 -0.059241598 -0.595468318 0.550636628 -0.400075150 0.426798149
1703614577.268856764 -15.184536497 4.773742087 -0.061426439 -0.596058078 0.550026383 -0.399076499 0.427695795
1703614577.403642893 -15.052079610 4.772765094 -0.060742635 -0.595011728 0.550328690 -0.398916857 0.428911085
1703614577.453562498 -15.000381407 4.774817394 -0.064906717 -0.595282688 0.551332632 -0.398064805 0.428036518
1703614577.603323698 -14.851646430 4.782493127 -0.066600312 -0.595212746 0.552886747 -0.400038671 0.424272429
1703614577.653244495 -14.803039845 4.788327270 -0.070175289 -0.595524482 0.552723091 -0.400843823 0.423287143
1703614577.803005695 -14.655529631 4.809676081 -0.068337988 -0.597415731 0.549107624 -0.398817182 0.427223731
1703614577.852926254 -14.605818276 4.817707614 -0.069671370 -0.599085226 0.547369160 -0.397656596 0.428197533
1703614578.002687454 -14.456699990 4.825148748 -0.070256089 -0.599931211 0.546727583 -0.395126647 0.430170228
1703614578.052608252 -14.408133647 4.825368203 -0.070784678 -0.599130403 0.547349146 -0.395753049 0.429919989
1703614578.202369213 -14.260705791 4.818246245 -0.068090177 -0.595987248 0.549875228 -0.398586309 0.428445315
1703614578.252289772 -14.211356639 4.817999138 -0.070622012 -0.595218035 0.550830116 -0.398637996 0.428239911
1703614578.402052879 -14.063117127 4.825559599 -0.068898417 -0.595589525 0.549951932 -0.398632565 0.428856699
1703614578.466950655 -13.997661500 4.830430639 -0.074593950 -0.596905700 0.549179194 -0.399007071 0.427667107
1703614578.601737738 -13.862457996 4.830924952 -0.074411515 -0.595863693 0.550407073 -0.399410112 0.427165162
1703614578.671627522 -13.793727522 4.830381154 -0.075737990 -0.594996195 0.550927701 -0.400612679 0.426576696
1703614578.801422834 -13.664831011 4.831888764 -0.076231527 -0.594304635 0.551606185 -0.401284661 0.426031970
1703614578.871312141 -13.596950023 4.836501491 -0.078010153 -0.594550758 0.551137648 -0.401351565 0.426231875
1703614579.001107931 -13.469465473 4.838703453 -0.079907175 -0.594728003 0.551446777 -0.401069332 0.425850262
1703614579.070997238 -13.402910008 4.838292670 -0.080536329 -0.593839637 0.551710455 -0.401463676 0.426376566
1703614579.200793028 -13.276389178 4.835209951 -0.083352888 -0.593026626 0.553207039 -0.401274714 0.425746401
1703614579.270682573 -13.210003217 4.836273454 -0.084681905 -0.592933760 0.553228039 -0.401433800 0.425698481
1703614579.400476456 -13.085559780 4.836759676 -0.086076508 -0.592502452 0.553387988 -0.402594235 0.424994660
1703614579.470365286 -13.018551987 4.839287396 -0.087721333 -0.592228364 0.553410529 -0.403751887 0.424248471
1703614579.600159168 -12.894409414 4.844481195 -0.089699879 -0.592457781 0.553994218 -0.403229461 0.423662821
1703614579.670047760 -12.827632691 4.845095635 -0.092960867 -0.592665625 0.553916952 -0.402808281 0.423873751
1703614579.814817905 -12.692558683 4.833080568 -0.093011555 -0.591462479 0.555733890 -0.401694100 0.424233226
1703614580.004516125 -12.518211053 4.831870632 -0.096323092 -0.590219992 0.556620318 -0.402590636 0.423951604
1703614580.069413185 -12.458204495 4.833131311 -0.096912965 -0.590662017 0.557020426 -0.402062261 0.423311428
1703614580.204198837 -12.337066291 4.831005831 -0.097929912 -0.590040547 0.556197887 -0.404682015 0.422762972
1703614580.254119635 -12.292818837 4.826191247 -0.098865409 -0.588124139 0.557351896 -0.405406928 0.423218718
1703614580.403880119 -12.157266076 4.824252575 -0.104060070 -0.587246903 0.558928270 -0.404435410 0.423287446
1703614580.453800440 -12.109914800 4.828928138 -0.109783167 -0.589290442 0.558670289 -0.403118779 0.422042098
1703614580.603560925 -11.974470054 4.836218421 -0.111428968 -0.590371984 0.557436372 -0.402136210 0.423098192
1703614580.653481483 -11.931434524 4.835976356 -0.111945554 -0.589563874 0.557428605 -0.402679604 0.423717978
1703614580.803241730 -11.793278150 4.834481024 -0.117374980 -0.589580152 0.558894266 -0.403454611 0.421018789
1703614580.868138075 -11.736334111 4.838935277 -0.117812448 -0.589715753 0.558225811 -0.403566899 0.421607676
1703614581.002922535 -11.614568746 4.853842027 -0.120249498 -0.591719132 0.555619824 -0.403036591 0.422748845
1703614581.067818880 -11.555992336 4.858933848 -0.121954090 -0.592270893 0.555181890 -0.402611207 0.422956823
1703614581.202603102 -11.432615748 4.861169956 -0.124737825 -0.592196860 0.555458787 -0.403162789 0.422170795
1703614581.267499447 -11.374418042 4.857070399 -0.127087380 -0.591137066 0.556590561 -0.403529212 0.421815234
1703614581.402274609 -11.252363019 4.845927158 -0.128472439 -0.588854370 0.558744455 -0.404210489 0.421508061
1703614581.467165947 -11.193390850 4.846905890 -0.132160868 -0.589125562 0.558946807 -0.403849580 0.421206667
1703614581.601940155 -11.070706406 4.852052860 -0.132802278 -0.589435002 0.557911974 -0.403958544 0.422040403
1703614581.666831255 -11.011096761 4.855406507 -0.137096449 -0.590022561 0.558258044 -0.402950722 0.421725087
1703614581.801604986 -10.888865064 4.862092391 -0.138023614 -0.590826959 0.557399559 -0.401615215 0.423006449
1703614581.871487379 -10.826504639 4.861075132 -0.140162630 -0.590515829 0.557331439 -0.402204019 0.422971217
1703614582.001269341 -10.708277679 4.860904329 -0.141136498 -0.589650065 0.557922664 -0.402936391 0.422702457
1703614582.071151018 -10.643595255 4.865627985 -0.146732413 -0.590653954 0.557964019 -0.402129875 0.422013772
1703614582.200932503 -10.526292249 4.871193805 -0.145929147 -0.590628974 0.557266235 -0.401700798 0.423377170
1703614582.270814419 -10.462864144 4.871716945 -0.148845313 -0.590863985 0.557504777 -0.401379004 0.423040271
1703614582.400610447 -10.345439278 4.869345063 -0.149338519 -0.589721048 0.557918226 -0.401659639 0.423822927
1703614582.470500469 -10.282003768 4.871619459 -0.153194762 -0.590568738 0.558120723 -0.400773017 0.423214854
1703614582.600297213 -10.165871074 4.871926445 -0.153011283 -0.589769977 0.557884036 -0.402342019 0.423152072
1703614582.650218010 -10.121457742 4.872215779 -0.153684068 -0.589340037 0.558140245 -0.403285404 0.422514698
1703614582.804975510 -9.977930359 4.877234223 -0.155893220 -0.589451067 0.558426179 -0.403634819 0.421647452
1703614582.869874001 -9.919696247 4.881863642 -0.157220419 -0.590319969 0.557524395 -0.403633849 0.421626137
1703614583.004662752 -9.796309995 4.892219588 -0.158596492 -0.591220955 0.556113379 -0.403239934 0.422602943
1703614583.069561243 -9.738929230 4.898169276 -0.159128505 -0.592043441 0.555447077 -0.402929348 0.422624004
1703614583.204349756 -9.613499717 4.898561584 -0.169058534 -0.592500407 0.556586304 -0.400998277 0.422321365
1703614583.269248247 -9.557400609 4.893014923 -0.167206370 -0.591094996 0.557270499 -0.401289125 0.423111491
1703614583.404039145 -9.435607226 4.877659654 -0.168544758 -0.588771714 0.559857549 -0.401753822 0.422494094
1703614583.468938828 -9.381426483 4.875112796 -0.165060929 -0.587548548 0.559611171 -0.403735269 0.422634446
1703614583.603729725 -9.261249840 4.878208876 -0.167325923 -0.588130150 0.560108980 -0.403136805 0.421736379
1703614583.668629408 -9.209658141 4.880879374 -0.164685805 -0.588190730 0.558975261 -0.404343290 0.422000978
1703614583.803420544 -9.092044970 4.880513981 -0.169805833 -0.587598160 0.560552709 -0.402802962 0.422207101
1703614583.853343725 -9.052109416 4.884888803 -0.168486111 -0.587859184 0.559511091 -0.403553272 0.422508787
1703614584.003111839 -8.927964903 4.892528224 -0.165074244 -0.588235363 0.557650207 -0.405357322 0.422718400
1703614584.053035021 -8.886076691 4.895170677 -0.165829072 -0.588335438 0.557636150 -0.404292947 0.423616040
1703614584.202803373 -8.756232902 4.903427512 -0.170689574 -0.589769320 0.556445575 -0.402677392 0.424725075
1703614584.267703295 -8.699613126 4.906377161 -0.173351075 -0.590197996 0.556127214 -0.402091622 0.425101371
1703614584.402486563 -8.577545170 4.907873039 -0.179292359 -0.589987092 0.557259241 -0.401279828 0.424678548
1703614584.467381954 -8.517157266 4.907710840 -0.184847804 -0.589909924 0.558384420 -0.400185906 0.424339912
1703614584.602163792 -8.393676476 4.910616040 -0.186056581 -0.589797988 0.557998860 -0.400350258 0.424847357
1703614584.667058945 -8.333175480 4.912069956 -0.189269686 -0.590254851 0.558167768 -0.400136828 0.424191551
1703614584.801840782 -8.210398404 4.910785778 -0.188219196 -0.588910450 0.558378567 -0.402770958 0.423288807
1703614584.866735935 -8.151447016 4.914295140 -0.188507028 -0.588941302 0.558500873 -0.402459762 0.423380511
1703614585.001517534 -8.032704998 4.924272490 -0.184204867 -0.589165282 0.556268652 -0.403177798 0.425320023
1703614585.051435947 -7.988702383 4.926526322 -0.184362441 -0.589381044 0.555624518 -0.403167876 0.425872098
1703614585.201194286 -7.852482564 4.922743541 -0.189334428 -0.588547352 0.557020732 -0.402065454 0.426243229
1703614585.251112700 -7.806564660 4.922528317 -0.192617528 -0.588717841 0.557925522 -0.400988378 0.425838863
1703614585.400876045 -7.670923344 4.926881300 -0.197076223 -0.589353334 0.557720280 -0.399612967 0.426521058
1703614585.450796604 -7.626273493 4.929502923 -0.196551834 -0.589242851 0.557359675 -0.400048099 0.426737125
1703614585.600560188 -7.488808945 4.933636336 -0.200329540 -0.589826018 0.558808749 -0.400171623 0.423911220
1703614585.650481939 -7.448622270 4.935719723 -0.198142689 -0.589318773 0.558226515 -0.400713219 0.424871108
1703614585.800246716 -7.319409154 4.939891454 -0.200848101 -0.590830300 0.557587107 -0.399263580 0.424976198
1703614585.870136499 -7.263045078 4.940218939 -0.199209768 -0.590359126 0.557505914 -0.400067097 0.424981854
1703614586.004923820 -7.150528697 4.943084160 -0.200335114 -0.589705459 0.558386710 -0.400386162 0.424432179
1703614586.069821835 -7.099298950 4.946546129 -0.199452789 -0.588979404 0.557874746 -0.400797912 0.425722989
1703614586.204608440 -6.983976289 4.954491665 -0.200684833 -0.589958294 0.556534747 -0.400010067 0.426860906
1703614586.269506454 -6.930698116 4.956922176 -0.199695361 -0.590070208 0.555848860 -0.400186153 0.427434483
1703614586.404293299 -6.815987474 4.960489274 -0.199267053 -0.589572871 0.555378242 -0.400628276 0.428317433
1703614586.469189167 -6.760829011 4.962635248 -0.200371351 -0.589613526 0.555745439 -0.400312032 0.428080803
1703614586.603975058 -6.647809985 4.967966252 -0.199265113 -0.588916458 0.555050835 -0.400732359 0.429545750
1703614586.653896332 -6.603091816 4.970894126 -0.203083072 -0.589951450 0.555131808 -0.400201084 0.428514941
1703614586.803658009 -6.475175861 4.975577875 -0.204113242 -0.589862497 0.555226705 -0.400041911 0.428663051
1703614586.868555069 -6.418898205 4.982049517 -0.206516739 -0.591414950 0.555194886 -0.398757882 0.427760619
1703614587.003340960 -6.310595013 4.987628396 -0.205192470 -0.590946500 0.554759260 -0.399549572 0.428234209
1703614587.068238258 -6.257929286 4.990885348 -0.206923895 -0.590794694 0.554517395 -0.399610978 0.428699376
1703614587.203025103 -6.145174911 4.994789815 -0.208320757 -0.591366447 0.554653830 -0.398297585 0.428956743
1703614587.267921209 -6.093208785 4.995393679 -0.207783705 -0.590363517 0.554422599 -0.398949923 0.430029602
1703614587.402706385 -5.978808262 4.999931106 -0.206069772 -0.590442013 0.554313298 -0.399506323 0.429545917
1703614587.452626944 -5.941799322 5.000169541 -0.202645561 -0.589686592 0.554002292 -0.400487666 0.430070707
1703614587.602387667 -5.815671598 5.001769620 -0.209490242 -0.589829795 0.555217550 -0.398228434 0.430404925
1703614587.667284250 -5.765295414 5.002648285 -0.208537478 -0.589679192 0.555141513 -0.398682346 0.430289133
1703614587.802069187 -5.657396357 5.005762777 -0.209460715 -0.588857360 0.555156056 -0.399071278 0.431034661
1703614587.851989746 -5.616035527 5.008802529 -0.210872459 -0.589573148 0.555394619 -0.398787476 0.430010314
1703614588.001750469 -5.498644448 5.018966748 -0.206418432 -0.590042307 0.553986560 -0.399700584 0.430335230
1703614588.051671028 -5.458955435 5.021170145 -0.207802352 -0.590106548 0.554039848 -0.399136692 0.430701765
1703614588.201431990 -5.338781097 5.029974848 -0.210113307 -0.590789156 0.553714243 -0.398052320 0.431187964
1703614588.271321297 -5.285654884 5.034212030 -0.208820004 -0.590941009 0.553039509 -0.398129255 0.431774388
1703614588.401113749 -5.185626490 5.035707492 -0.206127738 -0.590450341 0.553448490 -0.399130471 0.430996556
1703614588.471003056 -5.134940629 5.037952142 -0.205110829 -0.589883093 0.553457009 -0.399903730 0.431045569
1703614588.600795984 -5.036519278 5.045308964 -0.204429840 -0.590234230 0.552754715 -0.399909671 0.431460351
1703614588.670684338 -4.984550422 5.051116394 -0.204532187 -0.590761395 0.552309213 -0.399395401 0.431785620
1703614588.800477982 -4.885469322 5.066731932 -0.204713480 -0.591976453 0.550182380 -0.399374845 0.432854434
1703614588.850399017 -4.847931929 5.072104643 -0.202948115 -0.592554815 0.549401917 -0.399519280 0.432921089
1703614589.000160217 -4.726783501 5.080403223 -0.208044105 -0.593431389 0.549307528 -0.399942791 0.431446623
1703614589.050081015 -4.689471311 5.082099452 -0.206727293 -0.592796711 0.549427557 -0.399470096 0.432602661
1703614589.204833984 -4.559399042 5.085899071 -0.210403779 -0.593097358 0.549544635 -0.398590216 0.432853391
1703614589.269730806 -4.506123642 5.085387569 -0.211865463 -0.592706658 0.550120741 -0.398208545 0.433008017
1703614589.404515982 -4.387783770 5.085699114 -0.217570852 -0.591861943 0.551990333 -0.396305077 0.433530160
1703614589.469412565 -4.332510564 5.087439876 -0.218859741 -0.592200966 0.552388272 -0.395757658 0.433060144
1703614589.604197741 -4.223589928 5.084698560 -0.213130179 -0.590132948 0.552608216 -0.398282477 0.433287816
1703614589.669094563 -4.168959259 5.086512031 -0.214042251 -0.590370978 0.552947472 -0.398319248 0.432496217
1703614589.803879738 -4.056240076 5.093597839 -0.213864736 -0.591124989 0.552243700 -0.398525260 0.432175612
1703614589.853800535 -4.017650244 5.094937949 -0.211579006 -0.590775655 0.551803879 -0.399001440 0.432775294
1703614590.003561735 -3.895467525 5.099333825 -0.210618067 -0.590456047 0.551872171 -0.398542673 0.433546423
1703614590.068458557 -3.843001072 5.101203506 -0.211100447 -0.590458519 0.551821578 -0.398558077 0.433593292
1703614590.203243732 -3.729143311 5.104316027 -0.214292726 -0.590153760 0.553042533 -0.399701870 0.431394149
1703614590.268140316 -3.677841659 5.108309061 -0.211741515 -0.590026637 0.553099485 -0.399454277 0.431724227
1703614590.402921438 -3.567037028 5.115660044 -0.213168115 -0.590783638 0.552486912 -0.397933590 0.432876152
1703614590.467815638 -3.515002322 5.117150450 -0.213307608 -0.590870547 0.552584368 -0.397546081 0.432989176
1703614590.602595806 -3.404795949 5.114525751 -0.215100158 -0.590000076 0.554259569 -0.398547156 0.431110665
1703614590.667490005 -3.352677325 5.114249729 -0.214932421 -0.589323562 0.554886512 -0.400008943 0.429873869
1703614590.802269697 -3.238937852 5.127820835 -0.216951427 -0.590236307 0.554630539 -0.399904994 0.429047857
1703614590.867163897 -3.185218587 5.137154852 -0.217799830 -0.591676557 0.553442175 -0.398528882 0.429878287
1703614591.001943350 -3.071945528 5.142652516 -0.217030106 -0.592416681 0.551863800 -0.400222569 0.429314240
1703614591.051862001 -3.030031523 5.142638693 -0.216850681 -0.592228288 0.552700703 -0.399991201 0.428712756
1703614591.201617002 -2.900601108 5.140428905 -0.215978325 -0.590226670 0.553916310 -0.400870658 0.429082643
1703614591.271502256 -2.841083076 5.140673635 -0.215312092 -0.589740177 0.553956850 -0.401592677 0.429024072
1703614591.401298046 -2.730620865 5.143295595 -0.207696023 -0.588512761 0.552533000 -0.402622776 0.431572606
1703614591.451220036 -2.686604000 5.144848639 -0.208031195 -0.588655263 0.552242441 -0.402200033 0.432143958
1703614591.600984573 -2.547247208 5.150135456 -0.214162503 -0.589792057 0.553295437 -0.401214261 0.430158814
1703614591.670874834 -2.486371642 5.149371023 -0.212061207 -0.589074618 0.554168193 -0.402284449 0.429017401
1703614591.805663109 -2.369796355 5.148028546 -0.212076652 -0.587910780 0.555501095 -0.403705473 0.427552733
1703614591.875553131 -2.306984663 5.150757058 -0.215787055 -0.589010476 0.555831626 -0.402785516 0.426475897
1703614592.010342598 -2.190771768 5.153852946 -0.214079408 -0.589075667 0.554937450 -0.401619434 0.428644510
1703614592.200044870 -2.022866413 5.144559537 -0.214494689 -0.587632355 0.557356464 -0.402124961 0.427009957
1703614592.269935369 -1.966280325 5.138718980 -0.208558775 -0.585667511 0.557839535 -0.404083891 0.427229247
1703614592.404722214 -1.847484631 5.132428737 -0.210991394 -0.584071903 0.559907713 -0.403182276 0.427559840
1703614592.454643488 -1.806034822 5.131504068 -0.206198859 -0.583770023 0.559612409 -0.403146733 0.428391439
1703614592.604406595 -1.674049214 5.128069679 -0.198009755 -0.582888720 0.559228590 -0.406343852 0.427070015
1703614592.669303894 -1.619264141 5.128919538 -0.192455509 -0.582233404 0.559040035 -0.408762504 0.425901065
1703614592.804090738 -1.495738563 5.136510074 -0.195676734 -0.582867080 0.559310351 -0.408331395 0.425092189
1703614592.854012251 -1.450877790 5.136037497 -0.193515909 -0.582847724 0.558834027 -0.408779771 0.425314190
1703614593.003775358 -1.314324526 5.116566124 -0.188794637 -0.581202389 0.561577033 -0.409587102 0.423170682
1703614593.053696871 -1.271852725 5.106334986 -0.186088292 -0.578902788 0.562584402 -0.411022060 0.423593224
1703614593.203459978 -1.132096969 5.072906801 -0.186867143 -0.574499803 0.568542822 -0.413019885 0.419670836
1703614593.268357515 -1.077802987 5.064304368 -0.180201425 -0.572837824 0.569318834 -0.415843177 0.418099682
1703614593.403143883 -0.959787948 5.052203537 -0.176699936 -0.570005504 0.572583661 -0.418358616 0.414991258
1703614593.453064919 -0.920219803 5.054849852 -0.169081705 -0.569261666 0.571225979 -0.420021294 0.416202052
1703614593.602827549 -0.784812183 5.082523727 -0.167043197 -0.574746836 0.566009787 -0.415358004 0.420448242
1703614593.652748823 -0.740105165 5.089794988 -0.163849592 -0.576351969 0.563357143 -0.414838909 0.422321935
1703614593.802511454 -0.595607745 5.108015041 -0.163801930 -0.579574579 0.560790676 -0.412151877 0.423955134
1703614593.852432728 -0.547906132 5.113993044 -0.163498322 -0.580060619 0.560362580 -0.411445917 0.424541770
1703614594.002195358 -0.390013587 5.147891021 -0.178234386 -0.585879746 0.557567830 -0.406775723 0.424731150
1703614594.052115440 -0.337160278 5.157276663 -0.181374495 -0.588502394 0.557273430 -0.403712125 0.424414628
1703614594.201879501 -0.205814984 5.174651078 -0.153351603 -0.587751396 0.552519987 -0.405525451 0.429905885
1703614594.251799583 -0.156836090 5.179713887 -0.154979611 -0.588825747 0.552883668 -0.404287669 0.429133278
1703614594.401564121 -0.022995666 5.197030519 -0.145741609 -0.589763980 0.550387482 -0.404045077 0.431276760
1703614594.451486588 0.022022330 5.203184033 -0.146108114 -0.590017215 0.549872601 -0.403704263 0.431905866
1703614594.601252079 0.157809585 5.240055922 -0.148474204 -0.593099939 0.546502693 -0.399307803 0.436028149
1703614594.671142817 0.222497517 5.265527946 -0.148011885 -0.597238018 0.543094522 -0.396843699 0.436886905
1703614594.800940514 0.338551770 5.313633689 -0.145976222 -0.603144113 0.536294645 -0.392762408 0.440843423
1703614594.850861788 0.383005701 5.332054851 -0.144874947 -0.605199638 0.533829944 -0.391358982 0.442263650
1703614595.000627995 0.519129074 5.389964243 -0.149115057 -0.611558355 0.528176299 -0.386551059 0.444527226
1703614595.050550222 0.561563565 5.406864870 -0.147204666 -0.613350866 0.526365697 -0.386742054 0.444038795
1703614595.200316668 0.686653134 5.455209139 -0.146153006 -0.617625808 0.521864689 -0.384332689 0.445515423
1703614595.255230904 0.734175701 5.470037623 -0.150360753 -0.618884757 0.520800037 -0.382400320 0.446675468
1703614595.400004148 0.865028833 5.492798046 -0.159938356 -0.622155984 0.520022349 -0.378532654 0.446331398
1703614595.469893932 0.927526858 5.499635682 -0.160109409 -0.622018689 0.520097937 -0.379097144 0.445955427
1703614595.604682207 1.048685303 5.505958498 -0.159510492 -0.620258785 0.521997243 -0.378529605 0.446669067
1703614595.669579983 1.103805782 5.512741381 -0.157916772 -0.619597774 0.522089910 -0.378258877 0.447706317
1703614595.804367542 1.224275418 5.519691542 -0.157764636 -0.618087938 0.521072951 -0.379627218 0.449814913
1703614595.854289055 1.274149796 5.522280388 -0.164736054 -0.618336389 0.522043468 -0.381196192 0.447012518
1703614596.009046555 1.429216933 5.523607136 -0.173493339 -0.617138972 0.528928254 -0.384371461 0.437759033
1703614596.078936577 1.495213968 5.527090594 -0.175246989 -0.616893096 0.530345223 -0.386707212 0.434320601
1703614596.208732128 1.612606484 5.529718867 -0.176667895 -0.615877026 0.531038857 -0.389461023 0.432450382
1703614596.278623343 1.678421383 5.522975251 -0.177918655 -0.614419448 0.532480758 -0.390480649 0.431830807
1703614596.413410902 1.810447417 5.484641887 -0.185213100 -0.609448964 0.540724820 -0.392050139 0.427183003
1703614596.603111506 1.994184254 5.398091681 -0.184387387 -0.596604337 0.554170966 -0.401857644 0.418889293
1703614596.668008566 2.055116359 5.375329584 -0.182729152 -0.591989177 0.557417556 -0.405151314 0.417955613
1703614596.802797079 2.190830667 5.317086870 -0.186164246 -0.584601067 0.566020325 -0.409460213 0.412558986
1703614596.852717876 2.240411484 5.295802223 -0.188846060 -0.581547137 0.569657269 -0.411253992 0.410077647
1703614597.002481461 2.375837843 5.212049681 -0.187054223 -0.571110869 0.579523367 -0.420513649 0.401439053
1703614597.052403212 2.416624899 5.181235706 -0.182925520 -0.565914138 0.582806403 -0.426111134 0.398129610
1703614597.202167273 2.544221421 5.066949720 -0.183792858 -0.550522677 0.596006051 -0.438164024 0.386928750
1703614597.252088785 2.584153442 5.035160866 -0.181799461 -0.545780474 0.599589904 -0.441473725 0.384339137
1703614597.401848316 2.698620087 4.923699970 -0.180248927 -0.532957585 0.609536632 -0.450017707 0.376703293
1703614597.451767683 2.736638289 4.885109880 -0.183261678 -0.528163373 0.614119124 -0.451863285 0.373792354
1703614597.601524115 2.839120556 4.737690892 -0.185616781 -0.509535451 0.629555820 -0.462793456 0.360354423
1703614597.651442289 2.871166615 4.692027428 -0.184971517 -0.502680440 0.634896224 -0.466961684 0.355198459
1703614597.801198721 2.963949779 4.562072300 -0.180442604 -0.485825968 0.646042566 -0.478248469 0.343337346
1703614597.851117611 2.997590087 4.522774212 -0.180321332 -0.481847866 0.648638806 -0.481691934 0.339209691
1703614598.000873566 3.077815980 4.371817182 -0.183884151 -0.464971522 0.660894163 -0.489755573 0.327352820
1703614598.070759296 3.106974167 4.295834121 -0.182564634 -0.454531503 0.667401426 -0.495004491 0.320853553
1703614598.200547695 3.164516010 4.155206537 -0.187857687 -0.437246033 0.679180616 -0.503252736 0.307028145
1703614598.250466347 3.191278856 4.109376302 -0.188154102 -0.432397191 0.682220319 -0.506598859 0.301605209
1703614598.400227547 3.257980499 3.965437202 -0.188467059 -0.416912645 0.691932467 -0.512540771 0.291058869
1703614598.470117331 3.282553652 3.895482801 -0.192130379 -0.409513014 0.696906294 -0.514945041 0.285398518
1703614598.604905605 3.313819769 3.759756787 -0.190835844 -0.393011085 0.706104990 -0.520686649 0.275396885
1703614598.669803619 3.330124659 3.695810393 -0.189824650 -0.385084191 0.710057169 -0.523567472 0.270935572
1703614598.804591179 3.357055184 3.564288161 -0.189259674 -0.369432193 0.717249421 -0.530166791 0.260760996
1703614598.869489431 3.370761540 3.497509515 -0.191811842 -0.361814457 0.721734461 -0.531766294 0.255762145
1703614599.004277945 3.387634287 3.357795064 -0.196251576 -0.345114244 0.730593846 -0.536461552 0.243593500
1703614599.054199934 3.392807209 3.306706979 -0.192666339 -0.338489754 0.733063247 -0.539116751 0.239574815
1703614599.203964949 3.404703238 3.169389497 -0.191212529 -0.322365926 0.739933608 -0.545380529 0.226138329
1703614599.253885984 3.412349524 3.124313356 -0.188436521 -0.317898233 0.741009232 -0.548390689 0.221616074
1703614599.403651714 3.421493752 2.990300664 -0.192518304 -0.302995747 0.747747782 -0.552055670 0.210478903
1703614599.468550444 3.424185086 2.926869267 -0.196373513 -0.296088217 0.751259687 -0.553020174 0.205205598
1703614599.603340387 3.420499746 2.807840685 -0.191952788 -0.281065100 0.755424954 -0.559106287 0.194256810
1703614599.668239355 3.418866501 2.745400004 -0.192484597 -0.274148029 0.758032823 -0.561026681 0.188356472
1703614599.803029299 3.411236069 2.621363367 -0.195190286 -0.259624116 0.763086419 -0.564546999 0.177710778
1703614599.852950811 3.410150333 2.572550672 -0.193411175 -0.254954141 0.764304744 -0.566177097 0.174011891
1703614600.002717972 3.386670685 2.434543940 -0.195216369 -0.237610041 0.770319388 -0.568299974 0.164877677
1703614600.052640676 3.379289780 2.384076579 -0.194080337 -0.231709771 0.771479532 -0.570320063 0.160825805
1703614600.202407598 3.343410631 2.244018315 -0.195823714 -0.212272267 0.776924159 -0.574006311 0.147804233
1703614600.267307043 3.327524497 2.177707751 -0.195609260 -0.203883777 0.779332528 -0.575442747 0.141201491
1703614600.407086134 3.294034526 2.038484937 -0.192983929 -0.187599486 0.782862580 -0.579385716 0.127455112
1703614600.476974964 3.274361329 1.980403146 -0.192611908 -0.179586122 0.784154505 -0.581544498 0.121064177
1703614600.601777315 3.236117904 1.860736852 -0.196888668 -0.164583218 0.788159893 -0.582794890 0.109847454
1703614600.651697159 3.217942571 1.807275150 -0.191880046 -0.157198947 0.788471791 -0.585076229 0.106238091
1703614600.801459074 3.144117195 1.659634476 -0.198897153 -0.134835166 0.794102183 -0.585602255 0.091056022
1703614600.851379871 3.120938692 1.605757590 -0.195192380 -0.128158955 0.795382000 -0.585972990 0.087054072
1703614601.001141548 3.048963192 1.471720828 -0.191042960 -0.108809143 0.797278158 -0.589015214 0.074626989
1703614601.051061392 3.026817838 1.417885869 -0.189862347 -0.103149324 0.797759442 -0.590114580 0.068592072
1703614601.200823069 2.952116484 1.281236787 -0.199646493 -0.083563506 0.802306230 -0.588509016 0.054580144
1703614601.250743866 2.925594298 1.228133097 -0.200836745 -0.076900003 0.802987569 -0.588828134 0.050781700
1703614601.400509834 2.841448551 1.110948139 -0.193955805 -0.058280429 0.803499083 -0.591259641 0.037478695
1703614601.450432777 2.808187692 1.062390293 -0.192798934 -0.051161328 0.803511974 -0.592244954 0.031574364
1703614601.600201845 2.697298174 0.950808442 -0.195033321 -0.027949869 0.804784356 -0.592630831 0.018156063
1703614601.650125265 2.665909898 0.902983309 -0.195544904 -0.022182472 0.805587899 -0.591910178 0.013357227
1703614601.804886580 2.568600322 0.786464624 -0.206376666 0.003876730 -0.808023439 0.589136969 0.000851769
1703614601.854809999 2.533953281 0.740272480 -0.204372241 -0.002049237 -0.807475037 0.589864237 0.006328263
1703614602.004579544 2.413227535 0.635122172 -0.202493648 -0.023559247 -0.806424111 0.590421178 0.022977104
1703614602.054503202 2.368715218 0.591571973 -0.198933873 -0.031315061 -0.805954562 0.590484022 0.028021954
1703614602.204273224 2.228900400 0.494883129 -0.201928568 -0.054540077 -0.804679832 0.589635493 0.042962009
1703614602.269173861 2.171845774 0.444669651 -0.198762557 -0.063390663 -0.803749048 0.589590193 0.048502534
1703614602.403960943 2.048020339 0.357653735 -0.202884086 -0.082238681 -0.801892311 0.588361413 0.063532422
1703614602.453881264 1.999035483 0.316922402 -0.199464928 -0.089482581 -0.800594552 0.588243023 0.070791083
1703614602.603641272 1.857265405 0.222970066 -0.206487464 -0.111305688 -0.799223039 0.584682414 0.083666315
1703614602.643577337 1.819103158 0.185018646 -0.203912034 -0.114546856 -0.798449782 0.584385291 0.088604711
1703614602.803321838 1.648753867 0.105687315 -0.206675249 -0.137825961 -0.794795908 0.581985931 0.102936127
1703614602.853241205 1.588822777 0.072021511 -0.204429327 -0.146424090 -0.792838766 0.581487827 0.108805256
1703614603.003001213 1.410632742 0.009770652 -0.207581092 -0.171886277 -0.787955552 0.577531811 0.126641868
1703614603.052921295 1.351598624 -0.020756181 -0.202879175 -0.179124868 -0.785243510 0.577694246 0.132575526
1703614603.207674026 1.171105240 -0.104233858 -0.208579989 -0.200972350 -0.782115364 0.570380946 0.150237306
1703614603.262585878 1.114231023 -0.114649028 -0.202069739 -0.208086390 -0.778216195 0.571172070 0.157613691
1703614603.402362823 0.951791683 -0.149751490 -0.203389117 -0.228348160 -0.772657696 0.566488273 0.173055597
1703614603.452283621 0.885136575 -0.169158495 -0.199511715 -0.236622084 -0.769732673 0.565359611 0.178578028
1703614603.602045298 0.700246387 -0.176028311 -0.189854780 -0.260520450 -0.759393883 0.562700004 0.197024699
1703614603.651966572 0.628786531 -0.192111348 -0.190990059 -0.269311226 -0.757322380 0.559152209 0.203182388
1703614603.801728249 0.442226394 -0.202570684 -0.196758605 -0.290786648 -0.748589404 0.554030137 0.219334533
1703614603.841664791 0.384950412 -0.220559097 -0.199265491 -0.296936271 -0.747844422 0.551238460 0.220666562
1703614604.001410961 0.194383173 -0.215511880 -0.190479359 -0.318310108 -0.736650273 0.547579242 0.237027475
1703614604.051331758 0.124472437 -0.222527536 -0.189644347 -0.326186797 -0.733353456 0.544303056 0.243985789
1703614604.201093435 -0.053469998 -0.211844041 -0.184714489 -0.346499581 -0.722965831 0.537655719 0.261122148
1703614604.251014471 -0.112957831 -0.224109559 -0.178717976 -0.350038509 -0.720493260 0.535541055 0.267503799
1703614604.400777102 -0.270881538 -0.232332120 -0.182879397 -0.363540690 -0.715107053 0.528932546 0.276930372
1703614604.450697184 -0.327901958 -0.243904986 -0.177923704 -0.366986758 -0.712441439 0.528119993 0.280779608
1703614604.605453014 -0.507490012 -0.241274740 -0.181284435 -0.384396901 -0.703640022 0.522067970 0.290817429
1703614604.660366297 -0.565452103 -0.226745255 -0.182931553 -0.390532193 -0.700214220 0.519451325 0.295558745
1703614604.805137396 -0.739569022 -0.218852061 -0.184602533 -0.406509500 -0.693060735 0.514510736 0.299492149
1703614604.860050440 -0.789400130 -0.207080914 -0.177927213 -0.410111697 -0.689134320 0.515415488 0.302074758
1703614605.004822016 -0.935481230 -0.195994104 -0.177125808 -0.419645370 -0.683012047 0.510628614 0.310886998
1703614605.054743290 -0.984691562 -0.193890678 -0.184621965 -0.423020079 -0.682055903 0.506280998 0.315489001
1703614605.204506397 -1.156733486 -0.232023272 -0.191501583 -0.431579263 -0.679070855 0.497203940 0.324638808
1703614605.244443417 -1.207253588 -0.248895276 -0.187521681 -0.432764240 -0.678366383 0.496702678 0.325300802
1703614605.414174795 -1.392950430 -0.276107792 -0.182922505 -0.436549672 -0.674731429 0.497133157 0.327139889
1703614605.603873730 -1.599908059 -0.236827065 -0.173713587 -0.452070042 -0.663329528 0.495131102 0.332372992
1703614605.653795004 -1.666966681 -0.238856175 -0.173077665 -0.455767232 -0.660778134 0.492457294 0.336354428
1703614605.803557396 -1.827756497 -0.249384484 -0.175123798 -0.464310232 -0.655987024 0.486446389 0.342734509
1703614605.843493938 -1.883364280 -0.267649021 -0.178744362 -0.465650587 -0.657545221 0.483277471 0.342413053
1703614606.003240824 -2.034972626 -0.322371313 -0.181189408 -0.463133000 -0.661282520 0.480928131 0.341937692
1703614606.053161621 -2.096908387 -0.337903989 -0.180389081 -0.462807832 -0.661396434 0.480226308 0.343141895
1703614606.207915545 -2.273079836 -0.351833925 -0.185861720 -0.469995471 -0.659022154 0.475324162 0.344762235
1703614606.262829304 -2.324275179 -0.343948688 -0.184392468 -0.473567916 -0.656311114 0.475603554 0.344659847
1703614606.402605057 -2.468630542 -0.318806864 -0.183476004 -0.478382738 -0.649526170 0.477396360 0.348365362
1703614606.452524900 -2.536650899 -0.311823260 -0.183585446 -0.482257259 -0.647767069 0.475248016 0.349234999
1703614606.602283001 -2.701648145 -0.276584277 -0.186145576 -0.494751653 -0.638900413 0.465892905 0.360514723
1703614606.642218590 -2.759960678 -0.278291747 -0.190050788 -0.499428600 -0.637493837 0.462907318 0.360401853
1703614606.811944485 -2.948452806 -0.306803936 -0.185872973 -0.500242605 -0.636633156 0.461689792 0.362350792
1703614607.006630182 -3.174618123 -0.325015670 -0.187116991 -0.501192043 -0.636441198 0.461742010 0.361307976
1703614607.061541319 -3.234746549 -0.322467323 -0.192148539 -0.504513654 -0.635635262 0.459803590 0.360575159
1703614607.201314449 -3.393858292 -0.330600623 -0.193045503 -0.508621034 -0.632211704 0.457673883 0.363521145
1703614607.251233578 -3.462213401 -0.339043090 -0.194520372 -0.509791808 -0.632784885 0.455785664 0.363256150
1703614607.400994539 -3.628088572 -0.371647799 -0.192135158 -0.508350366 -0.634429345 0.455342941 0.362962970
1703614607.450914621 -3.693365352 -0.381904411 -0.186922455 -0.507594455 -0.633641417 0.456744412 0.363635759
1703614607.600677729 -3.859798877 -0.417264718 -0.183297753 -0.505918236 -0.634641228 0.457592673 0.363161390
1703614607.650597572 -3.925048266 -0.423998714 -0.178626744 -0.506007280 -0.633423039 0.458506304 0.364010790
1703614607.800360680 -4.094357291 -0.441720162 -0.176404499 -0.506915438 -0.631861608 0.461376751 0.361827501
1703614607.850281715 -4.162012487 -0.446757665 -0.172798217 -0.506708838 -0.631402247 0.461199259 0.363142672
1703614608.000043631 -4.332547357 -0.466952489 -0.170454128 -0.508305626 -0.629958091 0.460367072 0.364472706
1703614608.054956436 -4.403681416 -0.477329132 -0.168436564 -0.508628526 -0.628837724 0.461141712 0.364977343
1703614608.204719782 -4.574046253 -0.525880707 -0.173383558 -0.505816594 -0.632916812 0.462157691 0.360522054
1703614608.254639626 -4.639882811 -0.536683705 -0.171131960 -0.504461142 -0.633481825 0.462807080 0.360595813
1703614608.404402494 -4.812642933 -0.561603256 -0.168084028 -0.505072920 -0.633025654 0.463030604 0.360253419
1703614608.469299555 -4.894230203 -0.572345310 -0.168339599 -0.505196786 -0.632498409 0.462620981 0.361529803
1703614608.604085207 -5.047990751 -0.604261145 -0.165600780 -0.504838314 -0.633230816 0.462291883 0.361169249
1703614608.654006004 -5.113340124 -0.617663916 -0.166861360 -0.503684775 -0.634704311 0.460900947 0.361970168
1703614608.803767920 -5.278213554 -0.644800747 -0.160410810 -0.503149672 -0.634352212 0.463233961 0.360349796
1703614608.853688717 -5.342574963 -0.649226218 -0.161023856 -0.503810921 -0.634907664 0.461340676 0.360876149
1703614609.003450394 -5.511395280 -0.642570118 -0.160104876 -0.509293905 -0.630503612 0.458869027 0.364038637
1703614609.053371668 -5.572945284 -0.639445785 -0.157425754 -0.510733035 -0.629338972 0.457319430 0.365982465
1703614609.203133106 -5.733753361 -0.633540263 -0.153845498 -0.514506523 -0.626124106 0.456174607 0.367636192
1703614609.253053904 -5.792533431 -0.629836420 -0.151788988 -0.515359804 -0.625577206 0.455313427 0.368438754
1703614609.412798882 -5.967636309 -0.599955825 -0.154549530 -0.522447602 -0.620449209 0.450390618 0.373148193
1703614609.612479687 -6.176504042 -0.540610806 -0.157023735 -0.535101961 -0.609725836 0.443217008 0.381390850
1703614609.802175045 -6.366646262 -0.513537663 -0.157822660 -0.539673981 -0.606227731 0.438344599 0.386126850
1703614609.852095127 -6.419689373 -0.507640305 -0.156412089 -0.540345192 -0.605453160 0.437011284 0.387910663
1703614610.001854420 -6.561969766 -0.501474274 -0.153899024 -0.542508701 -0.603201561 0.434778539 0.390896159
1703614610.051774502 -6.615812536 -0.498621022 -0.158382369 -0.543517557 -0.603427927 0.433230894 0.390863653
1703614610.206526279 -6.762781767 -0.485355786 -0.155678128 -0.544773001 -0.601494571 0.431877498 0.393584154
1703614610.276413918 -6.826148804 -0.472888759 -0.157256445 -0.547311085 -0.600028035 0.430451744 0.393863211
1703614610.406203270 -6.945243819 -0.436420216 -0.157454792 -0.553127621 -0.595585234 0.427238724 0.395973657
1703614610.461113453 -6.990332305 -0.420042838 -0.156639409 -0.555002210 -0.593240945 0.426075788 0.398117006
1703614610.600885630 -7.107172237 -0.377071291 -0.150565557 -0.560769650 -0.587127001 0.423789597 0.401524174
1703614610.650804520 -7.151087113 -0.363599250 -0.149723204 -0.561846115 -0.585546932 0.422995524 0.403160663
1703614610.805551529 -7.285171857 -0.328389649 -0.149971288 -0.566755844 -0.582312879 0.420202886 0.403892386
1703614610.875437021 -7.340530001 -0.317369493 -0.146539157 -0.567553698 -0.580690582 0.420014024 0.405301701
1703614611.000233173 -7.445052528 -0.301089617 -0.147418474 -0.569240244 -0.578997719 0.418110111 0.407321889
1703614611.070118427 -7.503410651 -0.292563494 -0.144118182 -0.569557849 -0.577995099 0.417813486 0.408604226
1703614611.214881420 -7.621418278 -0.279826366 -0.138809267 -0.569655424 -0.577133964 0.416495015 0.411024316
1703614611.404574156 -7.776572675 -0.284581771 -0.140050543 -0.567364562 -0.579444723 0.418031759 0.409378449
1703614611.469469547 -7.833887271 -0.287609321 -0.140906743 -0.565664714 -0.580806412 0.420901733 0.406852643
1703614611.614238977 -7.960204520 -0.277349706 -0.140302751 -0.564727966 -0.581159108 0.421154010 0.407388901
1703614611.808927059 -8.137347087 -0.268511692 -0.138327343 -0.565032983 -0.580114160 0.421746840 0.407841750
1703614611.878815889 -8.203648450 -0.273388161 -0.139400217 -0.564372867 -0.581562760 0.421925817 0.406505386
1703614612.003615618 -8.315988549 -0.272582729 -0.134962566 -0.563061371 -0.582530515 0.421078815 0.407814569
1703614612.053536177 -8.361401675 -0.264806007 -0.136064429 -0.563698216 -0.581517664 0.420538934 0.408935853
1703614612.203296185 -8.500669040 -0.240830937 -0.136095646 -0.567533747 -0.577994227 0.418271864 0.410946185
1703614612.253216505 -8.546594230 -0.232723656 -0.135960257 -0.568288166 -0.577469430 0.417523765 0.411401900
1703614612.402984142 -8.685146441 -0.226998552 -0.129443180 -0.566982790 -0.576886292 0.421009363 0.410467828
1703614612.452908039 -8.733845831 -0.227006611 -0.130853930 -0.566563404 -0.578634993 0.420280907 0.409330445
1703614612.602682352 -8.874199013 -0.228564909 -0.126263804 -0.564854220 -0.579507344 0.421014550 0.409704402
1703614612.652607203 -8.921713345 -0.221757326 -0.125866955 -0.565438335 -0.579140462 0.420853820 0.409582563
1703614612.807374239 -9.068630891 -0.202095508 -0.127381951 -0.567188810 -0.578073244 0.419746496 0.409806122
1703614612.877268791 -9.135933184 -0.197709199 -0.123895225 -0.567300098 -0.577802675 0.419982880 0.409791469
1703614613.002080679 -9.256369023 -0.191149121 -0.125997569 -0.567704311 -0.578481751 0.418818618 0.409465071
1703614613.052005768 -9.303392577 -0.187232987 -0.126385438 -0.567799443 -0.579215254 0.417462884 0.409680635
1703614613.211766958 -9.451023728 -0.177221056 -0.121084306 -0.567842889 -0.577187856 0.418530093 0.411389345
1703614613.401474237 -9.632301663 -0.157333604 -0.115260435 -0.567734692 -0.576287542 0.420615744 0.410673088
1703614613.471361399 -9.701085643 -0.146326628 -0.115893668 -0.568681995 -0.575893309 0.419608903 0.410945317
1703614613.601152897 -9.827813454 -0.136864676 -0.115211175 -0.569448702 -0.574555293 0.419417538 0.411950628
1703614613.651072502 -9.876497214 -0.133341081 -0.116266651 -0.568970957 -0.575043829 0.419558315 0.411785703
1703614613.800831318 -10.026633071 -0.143882890 -0.111380081 -0.565613190 -0.577820529 0.420407375 0.411658590
1703614613.870719433 -10.100040877 -0.143230716 -0.115892574 -0.565367537 -0.579232360 0.420736289 0.409671082
1703614614.005501986 -10.232913048 -0.126714253 -0.110603170 -0.565626672 -0.577995728 0.422673948 0.409064959
1703614614.075389147 -10.300991510 -0.113063256 -0.106086724 -0.567302155 -0.575836703 0.424185625 0.408224094
1703614614.200188398 -10.423135977 -0.099362267 -0.103671930 -0.568077954 -0.575355698 0.423041826 0.409009624
1703614614.270075798 -10.491731580 -0.093995458 -0.108328186 -0.568612050 -0.575535638 0.422638777 0.408430570
1703614614.404858351 -10.620685980 -0.119188534 -0.100866354 -0.564038574 -0.579421379 0.424845609 0.406985946
1703614614.469754219 -10.684063389 -0.133929511 -0.100405600 -0.560393428 -0.582648121 0.426258867 0.405935651
1703614614.604538202 -10.810752556 -0.167544476 -0.095893313 -0.554385404 -0.588358253 0.429965780 0.402020917
1703614614.669433832 -10.872012795 -0.176934645 -0.093911299 -0.552145219 -0.589473264 0.432259545 0.401009495
1703614614.804216623 -11.003325207 -0.208787221 -0.098878679 -0.548656532 -0.594574038 0.433790594 0.396589767
1703614614.854136467 -11.050093587 -0.221940234 -0.098060447 -0.546450327 -0.596204024 0.436442852 0.394272037
1703614615.003895044 -11.185591596 -0.268340113 -0.091278662 -0.538456722 -0.603126703 0.441303165 0.389299442
1703614615.053814650 -11.234806994 -0.278134091 -0.095413049 -0.537200288 -0.604569943 0.442728801 0.387172110
1703614615.208565712 -11.380200528 -0.298378399 -0.094176629 -0.534556513 -0.606993527 0.445500921 0.383845180
1703614615.278452635 -11.444582776 -0.303957328 -0.093434786 -0.533982797 -0.606979214 0.446401655 0.383619823
1703614615.413235426 -11.573607180 -0.316697399 -0.095622330 -0.533906320 -0.608570984 0.445176968 0.382626274
1703614615.607921839 -11.756317556 -0.341054057 -0.095659416 -0.531612506 -0.610423677 0.446232214 0.381638428
1703614615.662834167 -11.806583323 -0.344571739 -0.090443228 -0.530654292 -0.610426394 0.447048056 0.382012665
1703614615.802608252 -11.936925166 -0.345442589 -0.089288364 -0.531048625 -0.609816590 0.447024048 0.382466449
1703614615.867503405 -11.999522293 -0.349614319 -0.090654059 -0.531852259 -0.610261722 0.446599728 0.381133163
1703614616.007278204 -12.126307003 -0.367806119 -0.092733842 -0.529294334 -0.611932601 0.446859772 0.381709765
1703614616.062189341 -12.177305677 -0.372884355 -0.093985694 -0.529518179 -0.612753907 0.446311702 0.380721700
1703614616.201964140 -12.297119245 -0.374940570 -0.083856266 -0.529594814 -0.611720984 0.447349124 0.381058435
1703614616.266859293 -12.355805213 -0.371247039 -0.085120513 -0.530845350 -0.610821477 0.446078770 0.382248700
1703614616.401642084 -12.470139110 -0.361963351 -0.077906030 -0.533014172 -0.607964842 0.445921393 0.383964523
1703614616.471530437 -12.533069065 -0.364713386 -0.080557848 -0.533263372 -0.608943148 0.444428414 0.383799172
1703614616.601320982 -12.645200443 -0.359425150 -0.075167586 -0.533287683 -0.607530880 0.444602511 0.385796687
1703614616.671209574 -12.706198454 -0.358199092 -0.072172499 -0.533664584 -0.606603994 0.445079422 0.386183911
1703614616.801001072 -12.816239392 -0.351815105 -0.066097608 -0.534561236 -0.605188696 0.443176017 0.389340398
1703614616.850920916 -12.858220558 -0.353524552 -0.066081333 -0.535182397 -0.604452850 0.443022482 0.389804610
1703614617.005671501 -12.992917642 -0.361978306 -0.073217284 -0.535654284 -0.605784718 0.444304240 0.385607449
1703614617.060584068 -13.041074758 -0.356419476 -0.070857825 -0.535669851 -0.605606085 0.444093619 0.386108713
1703614617.200358391 -13.163780970 -0.334615645 -0.067607081 -0.539427669 -0.601783527 0.443021255 0.388080588
1703614617.260262489 -13.217988628 -0.334581966 -0.068475192 -0.540720966 -0.601037593 0.441984235 0.388618816
1703614617.400038481 -13.342386711 -0.341641267 -0.063800820 -0.540395537 -0.600673444 0.440706498 0.391077818
1703614617.469926596 -13.401860924 -0.350261797 -0.064058634 -0.539550890 -0.600523024 0.441889214 0.391140458
1703614617.604710579 -13.522995341 -0.348630988 -0.060152591 -0.539535682 -0.601506104 0.441032661 0.390617263
1703614617.669606924 -13.579928185 -0.345201769 -0.059921191 -0.540112889 -0.600303257 0.441268768 0.391402530
1703614617.804392099 -13.703706570 -0.333129637 -0.059745501 -0.543063595 -0.598355864 0.440163486 0.391546035
1703614617.869288445 -13.759881955 -0.329841000 -0.056499632 -0.543318189 -0.597396592 0.438750838 0.394233891
1703614618.004072428 -13.880774970 -0.329176280 -0.054723819 -0.544836206 -0.596514984 0.437522952 0.394838003
1703614618.068969011 -13.936680537 -0.336460493 -0.053813729 -0.543540446 -0.597050935 0.439840690 0.393235467
1703614618.203753233 -14.055589586 -0.342973861 -0.052284563 -0.541336097 -0.599431005 0.440131858 0.392328494
1703614618.268649340 -14.112548783 -0.340018544 -0.052633426 -0.542338951 -0.598688612 0.439799320 0.392449955
1703614618.403431654 -14.232778126 -0.331918431 -0.052606370 -0.544435521 -0.596803841 0.438277146 0.394117092
1703614618.468324900 -14.290625590 -0.334141444 -0.053652757 -0.544721242 -0.596608119 0.437101122 0.395322818
1703614618.608093739 -14.413661973 -0.346396038 -0.054957394 -0.543979628 -0.598329996 0.435594454 0.395404669
1703614618.677978039 -14.474902950 -0.348655251 -0.057228412 -0.544258543 -0.598920914 0.435023232 0.394754563
1703614618.802773714 -14.586547175 -0.345248199 -0.054005492 -0.545176599 -0.598571860 0.434652613 0.394425291
1703614618.852690220 -14.628667850 -0.347518346 -0.052727266 -0.544401251 -0.598081284 0.436398360 0.394312727
1703614619.002442122 -14.765178978 -0.346710145 -0.050490225 -0.543730430 -0.598669369 0.436732938 0.393975313
1703614619.067334890 -14.822939929 -0.348218592 -0.050251871 -0.543891901 -0.598124646 0.436920026 0.394372157
1703614619.202112436 -14.947032788 -0.356743107 -0.049608314 -0.544049735 -0.598603468 0.435434183 0.395070685
1703614619.252030134 -14.991374721 -0.359676395 -0.049619988 -0.543954751 -0.598620043 0.434793010 0.395881688
1703614619.406777382 -15.131245114 -0.375848790 -0.050982829 -0.542413582 -0.600502040 0.436639671 0.393103808
1703614619.476665020 -15.193447879 -0.383055341 -0.048101823 -0.540626414 -0.601521340 0.437665384 0.392866604
1703614619.601464272 -15.306428082 -0.393679901 -0.049009712 -0.539456899 -0.603140995 0.438599536 0.390944550
1703614619.671353102 -15.367704988 -0.398099050 -0.052570935 -0.539557000 -0.603259728 0.438460579 0.390779049
1703614619.801145315 -15.485881016 -0.398339058 -0.048203668 -0.539886826 -0.603082979 0.438156570 0.390937279
1703614619.871032715 -15.550443461 -0.403180319 -0.050568467 -0.539944233 -0.603201812 0.439243129 0.389452529
1703614620.000824690 -15.669752591 -0.419881508 -0.047974162 -0.537498850 -0.604423832 0.442082899 0.387723520
1703614620.050744772 -15.717227058 -0.429823108 -0.051040227 -0.536322161 -0.605771574 0.442039543 0.387298829
1703614620.200505257 -15.856390844 -0.457771742 -0.050248375 -0.533676816 -0.608700461 0.442970361 0.385292180
1703614620.270393133 -15.923162029 -0.469382286 -0.053394592 -0.532717566 -0.610135028 0.442786314 0.384561467
1703614620.400185347 -16.042831719 -0.478391306 -0.049847485 -0.532139195 -0.610240223 0.443232307 0.384681518
1703614620.470073223 -16.106483683 -0.484069840 -0.052462151 -0.532136455 -0.610170788 0.443385813 0.384618543
1703614620.604858637 -16.231591481 -0.484649159 -0.045651102 -0.532618874 -0.608686932 0.444369165 0.385166716
1703614620.669755220 -16.293986231 -0.490563464 -0.048548123 -0.532803216 -0.609106441 0.443820030 0.384881615
1703614620.804539442 -16.420450784 -0.505531630 -0.044641621 -0.531650865 -0.610319124 0.443326245 0.385123051
1703614620.869436026 -16.481295004 -0.511149190 -0.046013596 -0.530977658 -0.610471144 0.443439271 0.385680336
1703614621.004220486 -16.611323650 -0.509110095 -0.047840434 -0.532429083 -0.610298925 0.443110254 0.384327720
1703614621.069116592 -16.672130048 -0.509780102 -0.048648257 -0.532788675 -0.609411268 0.443882326 0.384346997
1703614621.208893776 -16.805975408 -0.525234637 -0.050838829 -0.532284259 -0.610154200 0.442743211 0.385180177
1703614621.278782845 -16.872998659 -0.532668679 -0.047138389 -0.531827001 -0.609807295 0.443455017 0.385542154
1703614621.403582811 -16.992705994 -0.547718025 -0.046380561 -0.530250767 -0.611239949 0.444032947 0.384778627
1703614621.453503132 -17.042106473 -0.549581141 -0.049067176 -0.530263285 -0.612171568 0.442838130 0.384657263
1703614621.603264093 -17.185788518 -0.522100638 -0.044482630 -0.534355838 -0.606493940 0.442347872 0.388532236
1703614621.668159246 -17.250197179 -0.510710170 -0.045401850 -0.537391767 -0.604064779 0.441160678 0.389477968
1703614621.807935953 -17.386175149 -0.505432517 -0.045423411 -0.538404668 -0.602580266 0.440320172 0.391325417
1703614621.877824783 -17.454032225 -0.510136831 -0.047117423 -0.538395145 -0.603303048 0.439667927 0.390958071
1703614622.002624512 -17.574377853 -0.528520213 -0.045896378 -0.535878592 -0.604813025 0.440332015 0.391334967
1703614622.052544832 -17.626381449 -0.536577929 -0.051359603 -0.535922951 -0.606616976 0.439030386 0.389941990
1703614622.202305555 -17.770684461 -0.547921315 -0.049485994 -0.534676676 -0.607595706 0.439496187 0.389604173
1703614622.252226114 -17.821220243 -0.551248761 -0.054262496 -0.535177855 -0.608516141 0.438605040 0.388482161
1703614622.406977177 -17.970663141 -0.555908443 -0.053506828 -0.535912907 -0.607355402 0.440150221 0.387536520
1703614622.461889982 -18.021774907 -0.561821971 -0.052797486 -0.534753455 -0.607861981 0.439942822 0.388578007
1703614622.601664782 -18.158345928 -0.571265881 -0.050548409 -0.534413834 -0.608555437 0.439949715 0.387951520
1703614622.651584625 -18.206716196 -0.574761123 -0.050683569 -0.533816373 -0.607909548 0.441247531 0.388312602
1703614622.806336403 -18.361536602 -0.587877688 -0.053326572 -0.532890291 -0.609031730 0.441614729 0.387407694
1703614622.861249208 -18.416888795 -0.591749338 -0.052730175 -0.532607219 -0.609549364 0.441556656 0.387048889
1703614623.001024008 -18.556294250 -0.593861341 -0.051652370 -0.533068119 -0.609097623 0.441011515 0.387746450
1703614623.070911407 -18.627035332 -0.592046547 -0.056384012 -0.534556629 -0.607677189 0.440025724 0.389043707
1703614623.205695629 -18.764461192 -0.573383575 -0.057188291 -0.538546662 -0.604493971 0.438641269 0.390062006
1703614623.260607243 -18.821002069 -0.564147039 -0.061042756 -0.540500269 -0.603491051 0.437377557 0.390331761
1703614623.400383472 -18.960262721 -0.531948697 -0.056408590 -0.545125318 -0.599135412 0.435787812 0.392382630
1703614623.450303078 -19.011894091 -0.529871381 -0.060922279 -0.545996053 -0.599088771 0.434128532 0.393081890
1703614623.600064754 -19.154799464 -0.528340942 -0.053430022 -0.546126268 -0.597816926 0.432824551 0.396262452
1703614623.669953823 -19.223501280 -0.531604726 -0.056075060 -0.545773132 -0.597768663 0.432325497 0.397365046
1703614623.804738522 -19.355247941 -0.537664866 -0.055526664 -0.545370191 -0.598852401 0.431446846 0.397241458
1703614623.854658842 -19.403362024 -0.538054012 -0.057765443 -0.545201635 -0.598440471 0.431829388 0.397677708
1703614624.004419565 -19.549241485 -0.541774030 -0.057908951 -0.544442238 -0.599016519 0.432476684 0.397147047
1703614624.054340124 -19.599996696 -0.543056835 -0.061765098 -0.544561637 -0.599836436 0.431727883 0.396560094
1703614624.209093571 -19.750592587 -0.544330012 -0.062022797 -0.544903810 -0.599529523 0.433354514 0.394775955
1703614624.278981686 -19.819213446 -0.541277221 -0.062964846 -0.545685737 -0.599390976 0.431823102 0.395583548
1703614624.403782368 -19.940425794 -0.544670918 -0.060504129 -0.546171219 -0.598504642 0.432519519 0.395494702
1703614624.468678236 -20.002496267 -0.554188073 -0.060539162 -0.544507652 -0.599749586 0.433382961 0.394957036
1703614624.603461742 -20.132361874 -0.561799551 -0.064759189 -0.543247956 -0.601681474 0.433749570 0.393347648
1703614624.668357372 -20.197587764 -0.563133743 -0.069392582 -0.544158324 -0.601767007 0.434375906 0.391261752
1703614624.803140879 -20.324872778 -0.566257536 -0.065825462 -0.543819293 -0.601189125 0.433588069 0.393489007
1703614624.853060961 -20.372690726 -0.570776564 -0.066281845 -0.543394342 -0.601497535 0.433606237 0.393584725
1703614625.002820969 -20.513030394 -0.587245098 -0.062451641 -0.540594189 -0.603006495 0.436679212 0.391729952
1703614625.067716837 -20.574567479 -0.592161457 -0.062932520 -0.539662567 -0.603531296 0.437753495 0.391006605
1703614625.202500343 -20.700723193 -0.589442970 -0.064018505 -0.539849470 -0.602919155 0.436497720 0.393091316
1703614625.257411957 -20.753559413 -0.587306986 -0.065862150 -0.541375568 -0.602769110 0.434562628 0.393366517
1703614625.407171965 -20.886871235 -0.576343536 -0.064203896 -0.543140749 -0.599839698 0.434947023 0.394982975
1703614625.477059603 -20.949725875 -0.569576815 -0.066549009 -0.543937029 -0.599417988 0.434096235 0.395463074
1703614625.601859570 -21.060698365 -0.553183114 -0.067075162 -0.546407439 -0.597516141 0.432815052 0.396338874
1703614625.666754723 -21.117390332 -0.552765755 -0.067349168 -0.546716444 -0.596953486 0.432429892 0.397180128
1703614625.801538944 -21.234474824 -0.563796806 -0.069767796 -0.545165851 -0.598112748 0.431784129 0.398268505
1703614625.871426582 -21.294317228 -0.574708222 -0.072476641 -0.544068199 -0.599762175 0.432355483 0.396665937
1703614626.011202335 -21.413349582 -0.581567050 -0.072892298 -0.542138620 -0.601578272 0.434702019 0.393984079
1703614626.200898170 -21.570345828 -0.558931176 -0.067090349 -0.545913336 -0.596311620 0.433355967 0.398238229
1703614626.240833998 -21.605413412 -0.563693373 -0.071215148 -0.546908031 -0.596391553 0.433849099 0.396211662
1703614626.400576591 -21.733957556 -0.608163973 -0.073588443 -0.539021177 -0.603524141 0.437884520 0.391754935
1703614626.450496197 -21.776331536 -0.613775513 -0.074518915 -0.537919393 -0.604347783 0.438451121 0.391365684
1703614626.605245590 -21.907072364 -0.606036972 -0.076817691 -0.540303080 -0.602234645 0.438353846 0.391448489
1703614626.660156488 -21.955080886 -0.598611889 -0.078674416 -0.541717880 -0.601269966 0.437148046 0.392323530
1703614626.804921627 -22.076063207 -0.601011983 -0.077324328 -0.542393301 -0.600578998 0.437406264 0.392160853
1703614626.854840755 -22.118567248 -0.608314373 -0.080317458 -0.541387629 -0.601786960 0.437491536 0.391603174
1703614627.004597187 -22.240237578 -0.627002711 -0.078687902 -0.538332186 -0.604893913 0.438451592 0.389951295
1703614627.069491863 -22.293695121 -0.627602999 -0.080348575 -0.538735575 -0.604419681 0.437786125 0.390876115
1703614627.204273701 -22.404232131 -0.631486509 -0.080712103 -0.539319999 -0.603927429 0.437362549 0.391304995
1703614627.254191637 -22.445773034 -0.634800496 -0.082464249 -0.539172624 -0.604146512 0.437885563 0.390584315
1703614627.413933516 -22.574600000 -0.641117157 -0.083801464 -0.538648544 -0.605190513 0.439447915 0.387927466
1703614627.603627443 -22.727519517 -0.646124568 -0.083821819 -0.538709113 -0.605039246 0.438398418 0.389264472
1703614627.653547287 -22.769850467 -0.651067988 -0.087276042 -0.538926855 -0.605537031 0.437159880 0.389581811
1703614627.813289642 -22.897382833 -0.667218925 -0.087343959 -0.537567926 -0.606395099 0.437024661 0.390275743
1703614628.002984285 -23.053494048 -0.672750340 -0.089461208 -0.537254210 -0.607303416 0.437446237 0.388820350
1703614628.052903175 -23.094998446 -0.675288912 -0.091076863 -0.537426699 -0.607462967 0.437127256 0.388691457
1703614628.202661991 -23.219854383 -0.679495872 -0.091907380 -0.538538885 -0.607187335 0.435283813 0.389650371
1703614628.267557383 -23.271828656 -0.686772623 -0.093773584 -0.538352770 -0.606652123 0.436035493 0.389900686
1703614628.407334805 -23.391238858 -0.698173462 -0.094323809 -0.536464590 -0.607678338 0.436852699 0.389990386
1703614628.462248564 -23.439930193 -0.699559520 -0.097744629 -0.537485631 -0.608090681 0.436600450 0.388220257
1703614628.602030277 -23.561722908 -0.698657968 -0.093599786 -0.537471114 -0.607468497 0.437154420 0.388590839
1703614628.666929007 -23.618069410 -0.700903782 -0.095818412 -0.537729693 -0.606817969 0.437136999 0.389268512
1703614628.806710243 -23.742616154 -0.708917917 -0.094961569 -0.537434545 -0.607225799 0.437118499 0.389060865
1703614628.876601934 -23.802776392 -0.716583083 -0.094726370 -0.536455297 -0.607716411 0.437654746 0.389043445
1703614629.001407146 -23.913732016 -0.728680667 -0.092975258 -0.535352234 -0.608776016 0.438180989 0.388313234
1703614629.071299076 -23.975570200 -0.731810892 -0.092711563 -0.535289486 -0.608273277 0.438309152 0.389042252
1703614629.201097727 -24.091180246 -0.736537372 -0.089895527 -0.535219153 -0.608242805 0.437377772 0.390233049
1703614629.251020193 -24.133584079 -0.740467424 -0.088760907 -0.534932563 -0.608106291 0.437602401 0.390586777
1703614629.400785208 -24.263890500 -0.759879711 -0.090208838 -0.532833463 -0.609965549 0.438617423 0.389416597
1703614629.470672846 -24.325602552 -0.768428335 -0.091065466 -0.531723653 -0.611305072 0.438253566 0.389242698
1703614629.600464821 -24.437186213 -0.767440905 -0.090291758 -0.532112386 -0.609883009 0.438555253 0.390600069
1703614629.650384903 -24.481602866 -0.766482641 -0.090358870 -0.532852978 -0.609502462 0.437535853 0.391327011
1703614629.800145626 -24.608799589 -0.764183592 -0.087582343 -0.534162566 -0.607770871 0.437888011 0.391840542
1703614629.850065708 -24.652617922 -0.765211847 -0.089469625 -0.534264278 -0.607737211 0.438098107 0.391519108
1703614630.004817724 -24.784284108 -0.757938583 -0.087715701 -0.535376626 -0.606470940 0.437567776 0.392554848
1703614630.054736853 -24.827900083 -0.750642954 -0.089207271 -0.537003913 -0.605000895 0.436630942 0.393642141
1703614630.204497099 -24.958436494 -0.727145729 -0.090155458 -0.541658295 -0.600622642 0.434566425 0.396245827
1703614630.269392967 -25.017268023 -0.723659370 -0.092565038 -0.542651159 -0.600150712 0.433841827 0.396396408
1703614630.414160728 -25.146204697 -0.721818363 -0.091066852 -0.542527703 -0.599012500 0.434988779 0.397029570
1703614630.613840342 -25.330422216 -0.726228913 -0.095502905 -0.543701432 -0.599216960 0.434097052 0.396090313
1703614630.803534985 -25.504748463 -0.735379755 -0.093410551 -0.542685292 -0.599833382 0.433468445 0.397237580
1703614630.868430614 -25.565393424 -0.739603159 -0.095691178 -0.542537085 -0.600235127 0.434252689 0.395974626
1703614631.003213406 -25.688862581 -0.755762821 -0.095784586 -0.539922336 -0.602542402 0.435144980 0.395063757
1703614631.058125973 -25.741205502 -0.762124025 -0.099070196 -0.539659471 -0.604187417 0.433696034 0.394503448
1703614631.207884550 -25.873112467 -0.775124568 -0.096320721 -0.539181479 -0.603537857 0.432761531 0.397168535
1703614631.262796164 -25.924192185 -0.784199732 -0.098826306 -0.538250087 -0.604363190 0.433390532 0.396490385
1703614631.402571678 -26.049218759 -0.801915451 -0.093284320 -0.534654716 -0.606825933 0.436477995 0.394199926
1703614631.452492237 -26.098982506 -0.804708366 -0.099770752 -0.534544224 -0.608118148 0.435700687 0.393217119
1703614631.602251768 -26.235723100 -0.800875729 -0.097407865 -0.535792296 -0.606833005 0.435685975 0.393520076
1703614631.652171850 -26.284603806 -0.797235468 -0.102841039 -0.538100897 -0.606339346 0.434643004 0.392282399
1703614631.801932335 -26.421923503 -0.799662166 -0.102593518 -0.538130096 -0.605643113 0.435307709 0.392580715
1703614631.851852894 -26.469253684 -0.804667136 -0.104266343 -0.537511621 -0.606659425 0.435293785 0.391873602
1703614632.001612186 -26.606282870 -0.817795669 -0.104654382 -0.535348878 -0.608183777 0.437035438 0.390530535
1703614632.051532507 -26.653122377 -0.819418386 -0.104765637 -0.535222132 -0.607553958 0.438366628 0.390192461
1703614632.201292038 -26.792744012 -0.826893399 -0.107715668 -0.535524659 -0.608411242 0.438392921 0.388407965
1703614632.251212120 -26.840705030 -0.830644037 -0.110860261 -0.535468320 -0.609262927 0.438275747 0.387281209
1703614632.410956860 -26.988748303 -0.828237085 -0.110237299 -0.536502346 -0.607309388 0.439200679 0.387870216
1703614632.605644464 -27.171625440 -0.838552510 -0.110264172 -0.536684837 -0.606903233 0.439043015 0.388431568
1703614632.675531864 -27.238763202 -0.847189440 -0.115797691 -0.536212509 -0.608355756 0.439103324 0.386739822
1703614632.805323839 -27.358792162 -0.861180057 -0.113688622 -0.533671450 -0.610242762 0.439237647 0.387128976
1703614632.860235453 -27.410450622 -0.861941215 -0.115381379 -0.534226585 -0.610172024 0.438314851 0.387520513
1703614633.005002737 -27.542546062 -0.860005883 -0.112293767 -0.535658018 -0.607486462 0.438735787 0.389283438
1703614633.059915543 -27.593845010 -0.861132635 -0.113750576 -0.536348561 -0.608114056 0.437883285 0.388311401
1703614633.204682827 -27.723598614 -0.867737036 -0.113663843 -0.535082336 -0.608843512 0.438595248 0.388111683
1703614633.269577980 -27.783393670 -0.868924349 -0.113556233 -0.534691520 -0.608334717 0.439486283 0.388440032
1703614633.404361725 -27.909991006 -0.863457766 -0.116944439 -0.537006799 -0.607554152 0.437739334 0.388440375
1703614633.469257355 -27.969217761 -0.865620591 -0.115703685 -0.537073566 -0.606602189 0.438143745 0.389378772
1703614633.604039907 -28.093027658 -0.882348613 -0.115275458 -0.535574287 -0.608023348 0.437821863 0.389589281
1703614633.653959751 -28.138271657 -0.888175695 -0.116945556 -0.535195762 -0.608053173 0.438793501 0.388969276
1703614633.803719044 -28.277958141 -0.897988876 -0.119105046 -0.534426219 -0.609658255 0.439632655 0.386559901
1703614633.853637695 -28.323937302 -0.898111692 -0.119235855 -0.534603025 -0.609172299 0.440022176 0.386638334
1703614634.003396749 -28.466932548 -0.899045883 -0.126756652 -0.536439724 -0.609087954 0.439381669 0.384951990
1703614634.068292141 -28.527163838 -0.905286203 -0.126833793 -0.536120758 -0.608904562 0.440270851 0.384670436
1703614634.203074455 -28.653830235 -0.917972525 -0.125944626 -0.534986375 -0.609664393 0.441154225 0.384033665
1703614634.252994061 -28.702118491 -0.925096506 -0.127654749 -0.534589288 -0.610558399 0.440573408 0.383833044
1703614634.402753353 -28.842411743 -0.925302194 -0.128277183 -0.535572797 -0.609893304 0.440629106 0.383455249
1703614634.452673197 -28.887289070 -0.927578570 -0.125084845 -0.535418632 -0.608792980 0.441893406 0.383963819
1703614634.602431059 -29.025091729 -0.935843446 -0.128392559 -0.536001495 -0.609054762 0.440057923 0.384842460
1703614634.667326689 -29.083853234 -0.938181990 -0.129178773 -0.536839509 -0.608747272 0.438347665 0.386110639
1703614634.802109003 -29.199358539 -0.947556577 -0.125066742 -0.534877947 -0.609082217 0.439419683 0.387084973
1703614634.852028608 -29.247614526 -0.948982454 -0.130062835 -0.535376062 -0.609996249 0.438704767 0.385765700
1703614635.001787424 -29.382230020 -0.950866449 -0.131147282 -0.535372005 -0.609750410 0.439926673 0.384767171
1703614635.066681623 -29.442215469 -0.949836169 -0.132160390 -0.536043361 -0.609421684 0.439193631 0.385190448
1703614635.201464653 -29.563701366 -0.936357121 -0.129841924 -0.538635351 -0.606374730 0.437453260 0.388350731
1703614635.271351337 -29.625755986 -0.934151022 -0.129718912 -0.539483228 -0.605193433 0.436894537 0.389643323
1703614635.401141644 -29.747423616 -0.936396451 -0.141923326 -0.541910338 -0.605270751 0.437222029 0.385768584
1703614635.451061249 -29.795096401 -0.943585982 -0.147135490 -0.540932935 -0.607216226 0.435785132 0.385708872
1703614635.600819111 -29.925700652 -0.954377652 -0.136144717 -0.538560894 -0.607058648 0.437158059 0.387717414
1703614635.650738478 -29.972930306 -0.959535815 -0.138614987 -0.538745220 -0.607464617 0.437251504 0.386718825
1703614635.800497293 -30.111833542 -0.970000717 -0.140109737 -0.537731546 -0.607847455 0.438426799 0.386197097
1703614635.870383978 -30.178692233 -0.974333776 -0.142946861 -0.538225282 -0.608017792 0.438094311 0.385618056
1703614636.000174522 -30.304556326 -0.979529190 -0.141353692 -0.538552303 -0.607869134 0.437839125 0.385685668
1703614636.050094128 -30.352416770 -0.984014321 -0.143472945 -0.538544643 -0.608268585 0.437432823 0.385527588
1703614636.204844236 -30.504558097 -0.995742620 -0.149312943 -0.538768595 -0.609148321 0.438088304 0.383073573
1703614636.254762888 -30.552072754 -1.001273435 -0.147506886 -0.538247703 -0.609733798 0.438364460 0.382558108
1703614636.404521704 -30.692826646 -1.012805635 -0.145920655 -0.536795952 -0.610108813 0.438053632 0.384351867
1703614636.454441309 -30.739685663 -1.015132923 -0.147518005 -0.537627471 -0.609582293 0.437615226 0.384524439
1703614636.604199886 -30.881733250 -1.032192664 -0.143596048 -0.536416712 -0.609854883 0.439020145 0.384181527
1703614636.669095755 -30.945079089 -1.039193468 -0.148442320 -0.535795076 -0.611432928 0.438219230 0.383454454
1703614636.803878307 -31.072932033 -1.046362533 -0.145517403 -0.535189925 -0.611678533 0.440032481 0.381827882
1703614636.853798151 -31.119219140 -1.050429080 -0.148256714 -0.535151151 -0.611572732 0.440230596 0.381823339
1703614637.003557682 -31.265081931 -1.058735012 -0.150148704 -0.535752358 -0.612323088 0.438822466 0.381398336
1703614637.053476572 -31.311695450 -1.064496982 -0.148851297 -0.535335128 -0.612754962 0.438828560 0.381283559
1703614637.203235865 -31.446644280 -1.078193763 -0.150030149 -0.532947906 -0.612436736 0.443377705 0.379873642
1703614637.253155708 -31.496345749 -1.080148317 -0.154203813 -0.533155024 -0.614538281 0.440103553 0.379996427
1703614637.402914286 -31.632791847 -1.057719828 -0.151640105 -0.538655602 -0.609230102 0.436470634 0.384944424
1703614637.452834368 -31.678631952 -1.054101076 -0.154413252 -0.540712416 -0.607341180 0.435463454 0.386184354
1703614637.602593422 -31.814704266 -1.048312656 -0.150066194 -0.541703183 -0.605784161 0.436355477 0.386234525
1703614637.652513504 -31.860863583 -1.048742939 -0.153342153 -0.541340662 -0.606369396 0.436273543 0.385916879
1703614637.802272797 -32.001238524 -1.040803741 -0.154892294 -0.543208467 -0.604751453 0.434878735 0.387402540
1703614637.867168427 -32.062255661 -1.042586299 -0.157517583 -0.543701427 -0.604455421 0.433544754 0.388666114
1703614638.001952887 -32.189029598 -1.048918584 -0.155221005 -0.543569076 -0.603634457 0.434207736 0.389386369
1703614638.066848516 -32.251209425 -1.052151727 -0.159124815 -0.543868271 -0.604850603 0.433315558 0.388073034
1703614638.201631784 -32.374157223 -1.040720737 -0.159110290 -0.544938701 -0.602978586 0.432233531 0.390682494
1703614638.251552105 -32.420628794 -1.031038123 -0.162772600 -0.547291286 -0.601543247 0.429882488 0.392197675
1703614638.401310921 -32.557542858 -0.985835451 -0.162871832 -0.554373339 -0.594879191 0.425169948 0.397516622
1703614638.471198320 -32.620453267 -0.967563815 -0.162923427 -0.557015906 -0.591735970 0.424743808 0.398966816
1703614638.600989342 -32.739968296 -0.935871113 -0.163763543 -0.560286931 -0.588895120 0.420951631 0.402592618
1703614638.670877457 -32.801678241 -0.913709784 -0.167132282 -0.563398864 -0.586218070 0.418165998 0.405052210
1703614638.800668716 -32.918411797 -0.860114900 -0.165314100 -0.570935557 -0.579020738 0.413110603 0.410008787
1703614638.870555878 -32.977064598 -0.833943520 -0.164921719 -0.574093699 -0.575120896 0.410929931 0.413266224
1703614639.000346899 -33.087591968 -0.796094100 -0.161126040 -0.577013265 -0.570323478 0.409642743 0.417108672
1703614639.050266743 -33.132214972 -0.783768126 -0.164870741 -0.577903146 -0.569442836 0.409674156 0.417049033
1703614639.200025320 -33.266440824 -0.752770577 -0.166295359 -0.580530671 -0.568088622 0.408387275 0.416508453
1703614639.254936695 -33.313344608 -0.737562846 -0.167367969 -0.581972282 -0.566488316 0.407290446 0.417748422
1703614639.404696226 -33.444961851 -0.706493803 -0.171362389 -0.585776582 -0.563365977 0.404416585 0.419442247
1703614639.469592094 -33.501192293 -0.697791981 -0.172623445 -0.585385455 -0.562818005 0.404259319 0.420873099
1703614639.604375601 -33.625499002 -0.688978572 -0.177437915 -0.585087148 -0.564495923 0.403483285 0.419784017
1703614639.669271231 -33.684684598 -0.681924793 -0.177433780 -0.585060914 -0.564315574 0.404369336 0.419210091
1703614639.804054737 -33.808734380 -0.673004588 -0.178269052 -0.584476114 -0.564574107 0.405714504 0.418377211
1703614639.853974581 -33.855489762 -0.671847432 -0.179045132 -0.583618622 -0.565817550 0.405525128 0.418077954
1703614640.003734827 -33.991730904 -0.680280232 -0.175865296 -0.580635714 -0.567861986 0.408964435 0.416104582
1703614640.053653717 -34.038488776 -0.680507895 -0.175635296 -0.579830265 -0.568326526 0.410610744 0.414970650
1703614640.203413963 -34.179386995 -0.699679976 -0.180295190 -0.576320032 -0.573839864 0.410798824 0.412076884
1703614640.253334284 -34.223549162 -0.700155395 -0.181682675 -0.575845110 -0.574967577 0.410729223 0.411237401
1703614640.403093576 -34.347635770 -0.739853432 -0.173056316 -0.569778544 -0.578678578 0.416659414 0.408507585
1703614640.467989922 -34.405164816 -0.756053764 -0.172162489 -0.566007943 -0.581578947 0.420854193 0.405318004
1703614640.602774143 -34.517631873 -0.787559849 -0.167695596 -0.558803471 -0.587745797 0.425142822 0.401929273
1703614640.652694464 -34.563151441 -0.793554595 -0.171890381 -0.558067671 -0.589168312 0.425274024 0.400728311
1703614640.802454948 -34.692445641 -0.813011319 -0.173057853 -0.556091534 -0.591571147 0.425021808 0.400202757
1703614640.852376223 -34.734575771 -0.817258502 -0.172454539 -0.555146348 -0.591641656 0.426267004 0.400086396
1703614641.002136707 -34.862866355 -0.843865222 -0.172050590 -0.550691604 -0.596169897 0.429517861 0.396023508
1703614641.067033052 -34.918532152 -0.849407636 -0.172289127 -0.549273193 -0.597263907 0.430906058 0.394835097
1703614641.201817274 -35.033154104 -0.852006514 -0.171760105 -0.548603375 -0.597686958 0.431262278 0.394737235
1703614641.266713858 -35.089673628 -0.848194825 -0.171203643 -0.549552659 -0.596237201 0.430936163 0.395963506
1703614641.401498079 -35.205548171 -0.859176722 -0.173899735 -0.549266488 -0.597132873 0.430194588 0.395817223
1703614641.451418400 -35.249379889 -0.866667591 -0.175716379 -0.547446254 -0.598706605 0.430615501 0.395503844
1703614641.601179600 -35.374516650 -0.898430369 -0.171717566 -0.542382152 -0.602860110 0.432393965 0.394229309
1703614641.671067715 -35.437089755 -0.910354759 -0.175272704 -0.541473006 -0.604265820 0.433466901 0.392143148
1703614641.800860405 -35.544790180 -0.940842114 -0.169796946 -0.537080350 -0.607077548 0.436509276 0.390462804
1703614641.850780725 -35.589836409 -0.947917603 -0.172030132 -0.535851917 -0.608530936 0.436353971 0.390061579
1703614642.000540972 -35.718733355 -0.963447343 -0.171152471 -0.535156539 -0.608968774 0.438446131 0.387981316
1703614642.050461531 -35.763552348 -0.966183375 -0.172083584 -0.535055896 -0.609069834 0.438791567 0.387570751
1703614642.200221777 -35.892772647 -0.968738675 -0.172848592 -0.536286299 -0.608961451 0.436719601 0.388379900
1703614642.250142097 -35.936661583 -0.974138691 -0.174055689 -0.536155095 -0.608977333 0.437137704 0.388065652
1703614642.404895067 -36.066278780 -0.989107534 -0.166912521 -0.533780862 -0.609583636 0.438612690 0.388721868
1703614642.469791174 -36.122328076 -0.991563853 -0.166928961 -0.533888046 -0.609254482 0.439050100 0.388596886
1703614642.604575634 -36.238561957 -1.001618194 -0.165783512 -0.533276257 -0.609047659 0.441209963 0.387312731
1703614642.669472218 -36.297123636 -1.005506315 -0.166943237 -0.533029614 -0.609447037 0.440714181 0.387588378
1703614642.804256678 -36.417945238 -1.014409371 -0.168573483 -0.533397059 -0.609099101 0.440688941 0.387658509
1703614642.864161491 -36.472575489 -1.020878418 -0.168904711 -0.533026604 -0.609708557 0.440719575 0.387174859
1703614643.003938437 -36.597285890 -1.033477522 -0.165403699 -0.530985552 -0.610303116 0.441811846 0.387797297
1703614643.053858995 -36.644678868 -1.037894240 -0.166601394 -0.530966578 -0.610665114 0.441832070 0.387229950
1703614643.203619480 -36.777134318 -1.055836914 -0.160850498 -0.528758459 -0.611120320 0.442018088 0.389315369
1703614643.268515825 -36.838108595 -1.063625811 -0.163074976 -0.528991967 -0.611432476 0.441715687 0.388850972
1703614643.403300762 -36.963770900 -1.074048122 -0.166775023 -0.529362689 -0.612726723 0.440146472 0.388087863
1703614643.458212852 -37.013917249 -1.076294708 -0.168468185 -0.529460839 -0.612690310 0.440271956 0.387869061
1703614643.602982283 -37.142836127 -1.069096569 -0.162808475 -0.530841532 -0.611548939 0.440662466 0.387339328
1703614643.652902842 -37.187659644 -1.066187291 -0.164213873 -0.532088161 -0.610103901 0.440463811 0.388132774
1703614643.802664518 -37.319121712 -1.055425832 -0.159726362 -0.535199678 -0.606670968 0.438883103 0.391015681
1703614643.867560387 -37.376234891 -1.061339472 -0.159484988 -0.534755324 -0.606505573 0.439236518 0.391483096
1703614644.002346277 -37.497377146 -1.075213520 -0.162231334 -0.533128323 -0.609129910 0.437498156 0.391574140
1703614644.067242861 -37.555810881 -1.078029830 -0.162841932 -0.532995872 -0.609140469 0.437143715 0.392133474
1703614644.202027798 -37.677161636 -1.074321313 -0.161778892 -0.534774533 -0.607958671 0.436994038 0.391712476
1703614644.266924620 -37.735860205 -1.071656007 -0.163897223 -0.535464939 -0.607585693 0.436465345 0.391937402
1703614644.401709557 -37.855324749 -1.069334067 -0.161758014 -0.536473464 -0.605860253 0.437250352 0.392354057
1703614644.451630116 -37.900597850 -1.075424234 -0.161581250 -0.535651780 -0.606809507 0.436977523 0.392313697
1703614644.601390839 -38.034844200 -1.090267971 -0.162907382 -0.534456476 -0.607729159 0.437170248 0.392305644
1703614644.671280146 -38.099252805 -1.094728016 -0.163539125 -0.534598845 -0.607513941 0.437455472 0.392127016
1703614644.801073074 -38.218288520 -1.099204503 -0.162945037 -0.534462790 -0.607698995 0.437282242 0.392218942
1703614644.870961428 -38.284365846 -1.102783401 -0.166054414 -0.534790629 -0.607808350 0.436607505 0.392354278
1703614645.000754595 -38.406325772 -1.112361103 -0.166697758 -0.534879632 -0.608873991 0.435431781 0.391886981
1703614645.070642710 -38.471338395 -1.116266368 -0.168028319 -0.534888711 -0.609065076 0.435134135 0.391908261
1703614645.200436115 -38.592327938 -1.122330563 -0.169172018 -0.534592021 -0.608711568 0.436027488 0.391869401
1703614645.250356674 -38.639957522 -1.127823247 -0.171448998 -0.534201274 -0.609449596 0.435357865 0.391999641
1703614645.400116444 -38.783179481 -1.138955366 -0.170629716 -0.533401853 -0.610786948 0.435612830 0.390721423
1703614645.470002651 -38.848361828 -1.145184745 -0.169025470 -0.532753034 -0.611014241 0.436696102 0.390041430
1703614645.604781389 -38.975915564 -1.149704512 -0.170765703 -0.533630096 -0.610906842 0.437000926 0.388666878
1703614645.669675350 -39.036200029 -1.150414652 -0.170526732 -0.534130389 -0.610188513 0.436940843 0.389175289
1703614645.804454088 -39.164353908 -1.156929048 -0.172374734 -0.534602654 -0.609642297 0.435119525 0.391417005
1703614645.869347572 -39.225271562 -1.163921621 -0.169518348 -0.534003051 -0.609645451 0.435592311 0.391704614
1703614646.004126549 -39.352959282 -1.184572014 -0.172597063 -0.531477809 -0.612403790 0.436163240 0.390198109
1703614646.069020033 -39.415863774 -1.187529381 -0.173215914 -0.531032630 -0.612916064 0.436590425 0.389521561
1703614646.203798294 -39.544429351 -1.171683001 -0.170875796 -0.533334524 -0.610339625 0.435974530 0.391108728
1703614646.268691778 -39.607135748 -1.164173834 -0.171408197 -0.535806394 -0.608325105 0.434730517 0.392251772
1703614646.403473854 -39.732076779 -1.168194312 -0.164620197 -0.536234879 -0.606626157 0.436385754 0.392459341
1703614646.468370438 -39.792876242 -1.180958837 -0.166645192 -0.533743430 -0.608811882 0.436524832 0.392316345
1703614646.603154898 -39.918671053 -1.207124914 -0.167485641 -0.530542027 -0.612318594 0.438453377 0.389036931
1703614646.653075218 -39.963008489 -1.215892416 -0.167013390 -0.529977772 -0.612439499 0.439342675 0.388612192
1703614646.802835464 -40.096904512 -1.217109726 -0.164250609 -0.530949763 -0.610770662 0.439085762 0.390198976
1703614646.867733002 -40.156000662 -1.214951778 -0.165088986 -0.532060804 -0.609921839 0.439163180 0.389926086
1703614647.002517223 -40.279341060 -1.205837003 -0.168041194 -0.532889252 -0.609040292 0.437184123 0.392388851
1703614647.067413568 -40.338603145 -1.202883213 -0.168816566 -0.534376375 -0.608485083 0.434985745 0.393668890
1703614647.202198267 -40.457049109 -1.196312487 -0.168623291 -0.537111650 -0.605721877 0.434334415 0.394924929
1703614647.252117634 -40.500812455 -1.196251557 -0.169734659 -0.537217925 -0.605031920 0.434620913 0.395522363
1703614647.401878595 -40.636336419 -1.192657959 -0.172670849 -0.537385687 -0.605748062 0.434876116 0.393914551
1703614647.451799154 -40.679182329 -1.193189393 -0.171721876 -0.536978666 -0.605404506 0.435817332 0.393957549
1703614647.601559877 -40.813668977 -1.188918724 -0.176888534 -0.538413875 -0.604340880 0.432316426 0.397473405
1703614647.651480198 -40.859443100 -1.190315063 -0.180214273 -0.540449214 -0.604077520 0.430685655 0.396881423
1703614647.801240921 -40.985708017 -1.209529010 -0.174239410 -0.537843748 -0.604505811 0.432679480 0.397599416
1703614647.851161718 -41.030227910 -1.215238677 -0.175761306 -0.536739789 -0.605483879 0.432983559 0.397271832
1703614648.000922441 -41.159513852 -1.218714222 -0.174762036 -0.535523426 -0.606369968 0.435597224 0.394696314
1703614648.070810556 -41.218880330 -1.217059721 -0.177312386 -0.536195394 -0.605856115 0.435361378 0.394833305
1703614648.200603724 -41.333197477 -1.200890816 -0.179295006 -0.539712472 -0.603354160 0.433817521 0.395571187
1703614648.250524521 -41.373027909 -1.206685047 -0.179466407 -0.540093758 -0.602910255 0.433932523 0.395601469
1703614648.400285006 -41.500283216 -1.221102592 -0.179614041 -0.537734958 -0.604682429 0.433375439 0.396719048
1703614648.470171452 -41.561342664 -1.225276096 -0.181412646 -0.537875065 -0.605125492 0.433077465 0.396178575
1703614648.604953289 -41.673980042 -1.236926621 -0.181541530 -0.536971495 -0.606244557 0.434180745 0.394482232
1703614648.659863949 -41.718592680 -1.238787748 -0.181382817 -0.536320533 -0.606084178 0.434520406 0.395239512
1703614648.804628849 -41.844926265 -1.230148402 -0.186376196 -0.538747005 -0.605283276 0.432662094 0.395205430
1703614648.854547024 -41.884492475 -1.228899926 -0.184040276 -0.538977111 -0.603807094 0.433323440 0.396423340
1703614649.004304409 -42.014306122 -1.219972201 -0.189685680 -0.541319286 -0.602849260 0.429854895 0.398460749
1703614649.069199324 -42.067692105 -1.213430389 -0.189259302 -0.542967356 -0.601425676 0.429292536 0.398975594
1703614649.203979969 -42.177953359 -1.196442652 -0.186182777 -0.544736315 -0.598811491 0.428785840 0.401035969
1703614649.268874407 -42.229984649 -1.192802396 -0.186563203 -0.545229412 -0.597452556 0.427906328 0.403325559
1703614649.403655767 -42.345269804 -1.183704016 -0.184773525 -0.547673961 -0.595532600 0.428449694 0.402274800
1703614649.468552589 -42.398537813 -1.191139198 -0.187841206 -0.546390238 -0.596440551 0.428231789 0.402906827
1703614649.603338003 -42.521189409 -1.196771706 -0.194931204 -0.546406233 -0.597872979 0.424414591 0.404796720
1703614649.653258801 -42.562843160 -1.199287959 -0.193236265 -0.546660697 -0.597211219 0.424487916 0.405352749
1703614649.803020000 -42.696820594 -1.206901076 -0.198509888 -0.546289580 -0.598151712 0.422725091 0.406307424
1703614649.852941036 -42.742856600 -1.207912038 -0.198189344 -0.546621131 -0.598230308 0.423383360 0.405058475
1703614650.002702475 -42.866965745 -1.214720270 -0.187560579 -0.543805660 -0.598237182 0.428970072 0.402954533
1703614650.052623272 -42.909678265 -1.215537673 -0.187553621 -0.543231026 -0.598309217 0.429421901 0.403141371
1703614650.202384949 -43.046247411 -1.219649103 -0.194459780 -0.545100479 -0.598717754 0.428328984 0.401169292
1703614650.252305984 -43.088042031 -1.223069447 -0.192095180 -0.544027685 -0.598170517 0.429264321 0.402440124
1703614650.402067184 -43.226558617 -1.227783854 -0.196174161 -0.544523649 -0.598523117 0.428409503 0.402155904
1703614650.451986074 -43.270120467 -1.231246152 -0.193517624 -0.544045890 -0.598510825 0.429491701 0.401666205
1703614650.601741791 -43.406286897 -1.241187520 -0.195019293 -0.542101355 -0.599716829 0.430042045 0.401907558
1703614650.651660681 -43.453090591 -1.241021220 -0.194672755 -0.542820169 -0.599126537 0.430367690 0.401468938
1703614650.801416159 -43.592119183 -1.250869645 -0.197001869 -0.542445429 -0.599865926 0.430131502 0.401124318
1703614650.871301889 -43.657158951 -1.255545968 -0.197319366 -0.541709893 -0.600708553 0.429884887 0.401121689
1703614651.001090527 -43.776720222 -1.261156260 -0.197753667 -0.542022845 -0.600999305 0.430361888 0.399749567
1703614651.051009178 -43.821967303 -1.264003973 -0.198746528 -0.541685606 -0.601351116 0.430700156 0.399313054
1703614651.200764656 -43.959531271 -1.266720055 -0.201582993 -0.542710573 -0.601775047 0.430419081 0.397581993
1703614651.250683308 -44.001740080 -1.268553112 -0.197003037 -0.541980716 -0.601124034 0.431991032 0.397857446
1703614651.400439024 -44.136179719 -1.275506682 -0.199859524 -0.541102196 -0.601495039 0.430543147 0.400055908
1703614651.450360537 -44.181750134 -1.273571676 -0.198849419 -0.542138884 -0.600900297 0.429871235 0.400268640
1703614651.600124598 -44.313893357 -1.271151813 -0.197165986 -0.542511571 -0.599481488 0.430477420 0.401238499
1703614651.650046110 -44.361174874 -1.269734437 -0.198946524 -0.542244460 -0.599948931 0.429414495 0.402039075
1703614651.804802656 -44.500685368 -1.259882518 -0.197383778 -0.544986503 -0.597729481 0.428730010 0.402367690
1703614651.869699717 -44.559772995 -1.260193016 -0.200493368 -0.545286554 -0.598042400 0.428371469 0.401877775
1703614652.004487514 -44.681707465 -1.261338490 -0.200116435 -0.545174673 -0.597516398 0.429325936 0.401793442
1703614652.054409266 -44.727432618 -1.260941465 -0.200865482 -0.545206035 -0.597580565 0.429244529 0.401742433
1703614652.204173326 -44.866886779 -1.250394171 -0.204312872 -0.547255367 -0.595840683 0.428721810 0.402098313
1703614652.269071579 -44.928056885 -1.251561948 -0.205759830 -0.547838370 -0.595981483 0.428324962 0.401518267
1703614652.403859377 -45.050721804 -1.265555985 -0.202719832 -0.545512198 -0.597346062 0.429967499 0.400901576
1703614652.468756437 -45.108518893 -1.272786439 -0.201179883 -0.544005327 -0.598402523 0.430338961 0.400975065
1703614652.603541851 -45.232421210 -1.273082266 -0.203521875 -0.543992350 -0.598621952 0.429775597 0.401269258
1703614652.668438435 -45.291617993 -1.269754605 -0.204291228 -0.544908317 -0.597433871 0.429886425 0.401678176
1703614652.803223848 -45.413963825 -1.268760776 -0.203266200 -0.545469070 -0.597000470 0.429913652 0.401532296
1703614652.853144884 -45.460228634 -1.270570550 -0.203756484 -0.545050154 -0.597658797 0.430274398 0.400734619
1703614653.002906322 -45.597831797 -1.275991573 -0.208015445 -0.544142061 -0.598543374 0.431229598 0.399620171
1703614653.067803144 -45.657133166 -1.273796363 -0.206121804 -0.545011165 -0.597944005 0.431172444 0.399394692
1703614653.202588797 -45.777580742 -1.272143438 -0.207009794 -0.545512588 -0.597214581 0.431114247 0.399864061
1703614653.267485857 -45.837922081 -1.270172674 -0.207045095 -0.546026598 -0.597156160 0.430565553 0.399840944
1703614653.402271509 -45.959595757 -1.261984538 -0.206940937 -0.547115195 -0.595917743 0.430578158 0.400186777
1703614653.467169285 -46.020044728 -1.259189358 -0.209621026 -0.547785806 -0.595853369 0.429948184 0.400042538
1703614653.601956367 -46.144023580 -1.260209362 -0.211415467 -0.548892240 -0.596032701 0.428065480 0.400277746
1703614653.651877880 -46.186802507 -1.261064149 -0.208640900 -0.548254352 -0.595622285 0.428003952 0.401825679
1703614653.801641703 -46.321418137 -1.260575843 -0.209547682 -0.548110018 -0.595200889 0.428981166 0.401604867
1703614653.871531248 -46.385004802 -1.258717683 -0.208897321 -0.547877954 -0.595465318 0.429395119 0.401086816
1703614654.001326799 -46.500919476 -1.255511565 -0.206491190 -0.547564565 -0.595040625 0.430554951 0.400901654
1703614654.071216583 -46.564105420 -1.253852898 -0.205579980 -0.547687528 -0.594396926 0.430375066 0.401880539
1703614654.201012373 -46.686053624 -1.252352315 -0.207261751 -0.549266577 -0.593974053 0.428902142 0.401925372
1703614654.250934362 -46.731722250 -1.252717465 -0.207381081 -0.549573607 -0.594043283 0.429098315 0.401193301
1703614654.400698185 -46.865478410 -1.260144490 -0.205505422 -0.547703531 -0.595284148 0.430712999 0.400179882
1703614654.450619936 -46.911989582 -1.262513736 -0.206778225 -0.547286008 -0.596181742 0.429949377 0.400236042
1703614654.600383520 -47.049322804 -1.260302566 -0.207289123 -0.548156482 -0.595566667 0.429210618 0.400753118
1703614654.670274258 -47.114581308 -1.258320898 -0.207865749 -0.548954980 -0.595315680 0.428412001 0.400887551
1703614654.800069809 -47.233698198 -1.265410266 -0.207539314 -0.547786935 -0.595666300 0.430285335 0.399957077
1703614654.869959354 -47.299270719 -1.271991379 -0.208629678 -0.547035099 -0.596590527 0.431019022 0.398816933
1703614655.004747152 -47.423010020 -1.279728544 -0.211328627 -0.546354747 -0.597359096 0.431164846 0.398441307
1703614655.069645166 -47.482347068 -1.278578601 -0.211265904 -0.546648027 -0.596468719 0.431943976 0.398529050
1703614655.204432964 -47.607374485 -1.270936241 -0.214865820 -0.548756375 -0.595321144 0.430466341 0.398945994
1703614655.274322748 -47.671169322 -1.265961736 -0.217578695 -0.549567626 -0.594006960 0.430087824 0.400194477
1703614655.404119015 -47.793886299 -1.265864493 -0.219682740 -0.550373067 -0.593835724 0.430354816 0.399053069
1703614655.469015360 -47.854647556 -1.269019961 -0.221269096 -0.549414789 -0.594327181 0.431112722 0.398823787
1703614655.603800535 -47.984914050 -1.265999721 -0.226391565 -0.550163705 -0.594644097 0.429839274 0.398693484
1703614655.668697357 -48.048531849 -1.263433274 -0.228543988 -0.550871908 -0.593893175 0.429045046 0.399689111
1703614655.803482294 -48.178158238 -1.259592611 -0.227738959 -0.551781908 -0.592805242 0.427837338 0.401340109
1703614655.868378878 -48.242209859 -1.257608779 -0.229965545 -0.552254781 -0.592806404 0.427350575 0.401206568
1703614656.003164053 -48.372020912 -1.246335372 -0.229273000 -0.552280612 -0.591751985 0.427146432 0.402941236
1703614656.068060875 -48.436248943 -1.236940602 -0.230622415 -0.554016947 -0.590820610 0.426203301 0.402923039
1703614656.202846050 -48.567331173 -1.223625785 -0.232895488 -0.556366500 -0.588802263 0.425226908 0.403671016
1703614656.267742634 -48.631605489 -1.222271097 -0.234713105 -0.556552214 -0.588872602 0.425043345 0.403505695
1703614656.402528763 -48.763203157 -1.227279738 -0.234271116 -0.555155462 -0.589473112 0.425475764 0.404096817
1703614656.467426538 -48.828432186 -1.228929312 -0.235826081 -0.554834776 -0.590571564 0.424571213 0.403884740
1703614656.602214336 -48.962380965 -1.227529263 -0.240093795 -0.554999681 -0.590810527 0.424436751 0.403449774
1703614656.667111397 -49.027425466 -1.225912823 -0.242337125 -0.555211141 -0.590741694 0.424613506 0.403073454
1703614656.801899910 -49.164582324 -1.220481662 -0.247897908 -0.556157111 -0.591801428 0.423849001 0.401014168
1703614656.851821661 -49.212864729 -1.216207569 -0.247168487 -0.556317684 -0.591066959 0.424364873 0.401328966
1703614657.001585960 -49.361027988 -1.216618562 -0.248500206 -0.555943929 -0.591246434 0.424542543 0.401394609
1703614657.051507711 -49.413181344 -1.217774296 -0.252471702 -0.555989577 -0.591716791 0.424321302 0.400871878
1703614657.201272249 -49.562706920 -1.216992203 -0.250025485 -0.555159447 -0.591745579 0.425296284 0.400946665
1703614657.251194000 -49.614472487 -1.215729865 -0.250808720 -0.555428095 -0.591810090 0.425015246 0.400777356
1703614657.400958776 -49.768910537 -1.214597948 -0.251740719 -0.555038668 -0.591735653 0.425330964 0.401091716
1703614657.450919867 -49.820433696 -1.213620586 -0.250992690 -0.555100446 -0.592106253 0.424678956 0.401150177
1703614657.600835562 -49.972086516 -1.213787653 -0.252947218 -0.554248763 -0.592706653 0.425056949 0.401040798
1703614657.650808573 -50.023428864 -1.213531502 -0.253451127 -0.554337738 -0.592911530 0.424887661 0.400794293
1703614657.800729990 -50.175784713 -1.214153286 -0.257609141 -0.554565876 -0.593603853 0.423561417 0.400857682
1703614657.850705147 -50.226217608 -1.215321441 -0.259225612 -0.553954729 -0.594012398 0.423176712 0.401503300
1703614658.000632286 -50.377474563 -1.213502221 -0.259497145 -0.554563499 -0.593231285 0.425082335 0.399801171
1703614658.050609589 -50.430150292 -1.213269029 -0.261517737 -0.555120965 -0.594088038 0.424251771 0.398635865
1703614658.210538626 -50.590168209 -1.210378560 -0.259861541 -0.554350453 -0.593777014 0.422917496 0.401578416
1703614658.400461912 -50.783232103 -1.230584200 -0.262952773 -0.551533698 -0.596054678 0.423643889 0.401316901
1703614658.470365524 -50.851321236 -1.230989147 -0.255958163 -0.550322618 -0.595507239 0.424663064 0.402712584
1703614658.600161552 -50.983712575 -1.227627582 -0.263745334 -0.551487461 -0.596484306 0.423613222 0.400774115
1703614658.650083303 -51.031042715 -1.225736104 -0.259657894 -0.551119105 -0.595711703 0.424622296 0.401361687
1703614658.804840326 -51.186285794 -1.220877681 -0.262894063 -0.552050200 -0.595335912 0.425365415 0.399849963
1703614658.869737387 -51.248279841 -1.219664913 -0.258548930 -0.551673351 -0.594635979 0.425410946 0.401360304
1703614659.004526377 -51.386510633 -1.219411883 -0.265850184 -0.552872738 -0.594674625 0.425038303 0.400045330
1703614659.069424391 -51.449029721 -1.222233394 -0.259451858 -0.551726481 -0.595223866 0.424332806 0.401557105
1703614659.204212189 -51.575763121 -1.225156313 -0.254942113 -0.550909355 -0.594549790 0.425316538 0.402635409
1703614659.269110203 -51.637229135 -1.227768654 -0.251609418 -0.550086443 -0.594601885 0.426325752 0.402616266
1703614659.403898001 -51.761895686 -1.222388349 -0.245877214 -0.549327151 -0.593202376 0.427997226 0.403941823
1703614659.453814983 -51.809133650 -1.219447618 -0.246925810 -0.549990417 -0.592991883 0.427593949 0.403775412
1703614659.603560686 -51.948993199 -1.223425456 -0.242905630 -0.549950169 -0.592889018 0.427197122 0.404400845
1703614659.653476000 -51.993225196 -1.224086858 -0.238615602 -0.548982019 -0.592047311 0.428913853 0.405131622
1703614659.803221226 -52.131815432 -1.222917570 -0.242058688 -0.548729822 -0.593407817 0.429384779 0.402978233
1703614659.853136539 -52.175098483 -1.221565975 -0.240708902 -0.548317600 -0.593710637 0.428507059 0.404026224
1703614660.002881527 -52.306307487 -1.221395586 -0.240240038 -0.549478788 -0.591674413 0.427818679 0.406159609
1703614660.052795649 -52.351796588 -1.224425990 -0.240315230 -0.549937324 -0.591592340 0.428649074 0.404780699
1703614660.202539921 -52.478846913 -1.227702206 -0.235783882 -0.547960157 -0.592624940 0.429635664 0.404905598
1703614660.267428875 -52.536732957 -1.229514625 -0.235371670 -0.548174745 -0.592905776 0.429305853 0.404553674
1703614660.402197599 -52.650035672 -1.228555655 -0.234554073 -0.547707264 -0.592567540 0.429528045 0.405445584
1703614660.452118397 -52.692796711 -1.232671368 -0.233478347 -0.547243130 -0.592504204 0.430184048 0.405469369
1703614660.601886034 -52.822207070 -1.244345271 -0.236510468 -0.545487666 -0.594961967 0.431726202 0.402586575
1703614660.666785717 -52.876172651 -1.244240304 -0.236669942 -0.545083362 -0.595290830 0.432548287 0.401764777
1703614660.801576614 -52.991539843 -1.247521751 -0.236186923 -0.544804435 -0.595084013 0.433265606 0.401676561
1703614660.871468067 -53.052700677 -1.249955401 -0.238690175 -0.544804089 -0.595558451 0.432308488 0.402004985
1703614661.001267195 -53.164007313 -1.260397087 -0.237951459 -0.545042446 -0.596366999 0.430529436 0.402392271
1703614661.071158648 -53.222383604 -1.264467439 -0.237146766 -0.544963166 -0.596581753 0.430852290 0.401835369
1703614661.200957775 -53.330777820 -1.268275536 -0.238169952 -0.543613955 -0.597967148 0.432421019 0.399914015
1703614661.270850420 -53.387960566 -1.265925198 -0.236976669 -0.543390131 -0.598158270 0.432532428 0.399811892
1703614661.400648355 -53.494862431 -1.271535949 -0.236631894 -0.544154715 -0.597706321 0.432983295 0.398958977
1703614661.470530748 -53.552736289 -1.281106085 -0.236493742 -0.543257630 -0.599135144 0.432795969 0.398240978
1703614661.600305319 -53.654095356 -1.290359119 -0.234369840 -0.541863812 -0.600252631 0.432415263 0.398870191
1703614661.650218725 -53.694765183 -1.292629043 -0.234760054 -0.542294189 -0.600292497 0.432093521 0.398573857
1703614661.804949045 -53.822345995 -1.299736820 -0.237957494 -0.542337779 -0.600876992 0.432678589 0.396995986
1703614661.869835377 -53.875959349 -1.303724550 -0.238665704 -0.541862763 -0.601746584 0.432596715 0.396416292
1703614662.004598856 -53.991547734 -1.302508536 -0.244507874 -0.543419413 -0.601564339 0.432891496 0.394234246
1703614662.069485188 -54.046673036 -1.299903263 -0.243666138 -0.543326515 -0.601227586 0.432713620 0.395070387
1703614662.204247236 -54.156144929 -1.287034427 -0.237669344 -0.545766328 -0.598082800 0.432657773 0.396539192
1703614662.254159689 -54.200495522 -1.282306111 -0.241606619 -0.547132308 -0.597312246 0.432730458 0.395738132
1703614662.403894186 -54.331515215 -1.291978097 -0.242153988 -0.546963728 -0.598685431 0.431426689 0.395319424
1703614662.468782425 -54.385710813 -1.296700694 -0.238860165 -0.545957492 -0.598607376 0.432136792 0.396052293
1703614662.613533974 -54.509260703 -1.309903309 -0.241368664 -0.545087257 -0.600596417 0.432391065 0.393956587
1703614662.803206921 -54.673369155 -1.316055737 -0.241043735 -0.544210792 -0.600945761 0.431374661 0.395745762
1703614662.853121042 -54.718208042 -1.317317188 -0.243364107 -0.545206749 -0.600655356 0.431854106 0.394290216
1703614663.002861738 -54.850564336 -1.325908663 -0.236740618 -0.543557785 -0.600888901 0.433327324 0.394594594
1703614663.052775621 -54.895216700 -1.324976868 -0.236513197 -0.543799159 -0.600751344 0.432988772 0.394843033
1703614663.202515364 -55.032405274 -1.317681392 -0.234858035 -0.545681617 -0.599013516 0.432083302 0.395876750
1703614663.252429008 -55.074462396 -1.316953536 -0.231646615 -0.545778651 -0.598478351 0.431699631 0.396969464
1703614663.402167797 -55.208959101 -1.322418219 -0.234266085 -0.546408118 -0.598050881 0.432719995 0.395634577
1703614663.452086687 -55.255224008 -1.327710550 -0.234510994 -0.545574383 -0.599191912 0.432514783 0.395282947
1703614663.601853132 -55.383701708 -1.332768130 -0.231335284 -0.544752932 -0.599213856 0.432456893 0.396444237
1703614663.651774406 -55.429914668 -1.334197176 -0.233714736 -0.545866982 -0.599151620 0.432154849 0.395333734
1703614663.801541805 -55.563712169 -1.339641237 -0.225975212 -0.544511796 -0.598674699 0.432332152 0.397724049
1703614663.851464272 -55.608636178 -1.342055336 -0.227008818 -0.543843092 -0.598581648 0.433286531 0.397740474
1703614664.001230717 -55.755942600 -1.357139024 -0.235295812 -0.542657982 -0.601914961 0.433456579 0.394126994
1703614664.071121454 -55.820270592 -1.356885943 -0.233119427 -0.542391088 -0.601339143 0.434257793 0.394491206
1703614664.200919390 -55.946780511 -1.345401402 -0.234834034 -0.545289337 -0.598949555 0.432666414 0.395877184
1703614664.250841856 -55.993306683 -1.342470604 -0.233944115 -0.546521375 -0.598275664 0.431646911 0.396309931
1703614664.400607824 -56.135174017 -1.347035690 -0.232766890 -0.546535599 -0.598404310 0.431055094 0.396739999
1703614664.470490217 -56.198861086 -1.348257154 -0.228742201 -0.545533545 -0.598569751 0.431595864 0.397281279
1703614664.600262165 -56.316401838 -1.338593655 -0.224901728 -0.546573505 -0.596775788 0.430602890 0.399621338
1703614664.650174618 -56.360358441 -1.335338702 -0.222174600 -0.547063782 -0.594910378 0.431724399 0.400520791
1703614664.804901361 -56.506100395 -1.340458634 -0.220636525 -0.547495171 -0.595657161 0.432200424 0.398301867
1703614664.869786739 -56.565552438 -1.341027887 -0.220712543 -0.547033454 -0.595500498 0.433108523 0.398184084
1703614665.004547119 -56.691306817 -1.340628170 -0.220015276 -0.547195864 -0.596002872 0.432578037 0.397785752
1703614665.054458380 -56.735244518 -1.339697518 -0.216113833 -0.547605218 -0.595830476 0.431824978 0.398298578
1703614665.204191208 -56.867616823 -1.347985258 -0.216138157 -0.547070717 -0.595924622 0.433089304 0.397518716
1703614665.254101992 -56.913359307 -1.353426148 -0.216283481 -0.546093473 -0.597674882 0.432579855 0.396788763
1703614665.403833389 -57.044811072 -1.351814016 -0.210721327 -0.545698411 -0.596787853 0.435349846 0.395636214
1703614665.453745604 -57.089948053 -1.349439164 -0.210644579 -0.546333300 -0.595825585 0.435841594 0.395668931
1703614665.603481770 -57.226336826 -1.348696205 -0.211118155 -0.547864819 -0.595385760 0.431747196 0.398690728
1703614665.653393984 -57.270533549 -1.352045172 -0.210346650 -0.547665173 -0.595425979 0.431415588 0.399263512
1703614665.803128958 -57.409766362 -1.378431066 -0.214247997 -0.544648247 -0.599090899 0.432341147 0.396899879
1703614665.853040695 -57.454524733 -1.383383156 -0.212224441 -0.543282438 -0.599643973 0.433540131 0.396628609
1703614666.002774477 -57.594845086 -1.387185846 -0.213065895 -0.542905387 -0.600253454 0.434647490 0.395007710
1703614666.067658901 -57.654252996 -1.381354790 -0.209658260 -0.543757194 -0.599028724 0.434375517 0.395993197
1703614666.202418566 -57.780226006 -1.373928103 -0.210143661 -0.546822764 -0.596457172 0.434187945 0.395859238
1703614666.252329350 -57.825684180 -1.379214765 -0.208703779 -0.545817290 -0.597473815 0.434134950 0.395771868
1703614666.402060509 -57.961765263 -1.387762525 -0.206969761 -0.543846003 -0.598873721 0.434915273 0.395512954
1703614666.466943502 -58.022035120 -1.387955739 -0.206109382 -0.544444260 -0.598259045 0.435258181 0.395242811
1703614666.601698399 -58.145592734 -1.391049048 -0.204835630 -0.544555688 -0.599290321 0.434375025 0.394497847
1703614666.671570301 -58.206593269 -1.389930500 -0.202793655 -0.544513070 -0.598382006 0.435526178 0.394666238
1703614666.801331997 -58.325172726 -1.395467940 -0.204057510 -0.544176632 -0.599162728 0.435935537 0.393492091
1703614666.871202946 -58.388303490 -1.397905507 -0.202622522 -0.544105224 -0.599799749 0.434701975 0.393984719
1703614667.000963211 -58.503554459 -1.403616500 -0.202618300 -0.544539198 -0.599567723 0.434188572 0.394304314
1703614667.070833206 -58.566254903 -1.407540176 -0.201505511 -0.543829600 -0.599751110 0.434751660 0.394384288
1703614667.200592041 -58.684784965 -1.404238762 -0.204122285 -0.544123380 -0.600189308 0.435104580 0.392920534
1703614667.270461321 -58.748228498 -1.401662670 -0.202721703 -0.544612794 -0.599166357 0.436496300 0.392259560
1703614667.400218725 -58.868711989 -1.406002367 -0.203025704 -0.545071414 -0.599745987 0.434965674 0.392436959
1703614667.470093250 -58.930254699 -1.412222135 -0.201830666 -0.544049053 -0.599892005 0.434630419 0.394000772
1703614667.604860783 -59.056879456 -1.422245223 -0.204969703 -0.543604794 -0.600715090 0.435085860 0.392855575
1703614667.669748545 -59.116847177 -1.422629815 -0.202567021 -0.543673753 -0.600512343 0.435385427 0.392738215
1703614667.804514170 -59.241459376 -1.421403240 -0.201078996 -0.544329658 -0.599022636 0.436493813 0.392874352
1703614667.869401455 -59.302389611 -1.424116554 -0.200605841 -0.544558999 -0.599714991 0.435820187 0.392247614
1703614668.004166126 -59.426889154 -1.427038161 -0.200110024 -0.544002134 -0.599761693 0.436625637 0.392053113
1703614668.069052696 -59.489206531 -1.429382217 -0.201397524 -0.544666015 -0.599818610 0.436803235 0.390844600
1703614668.203816652 -59.615957489 -1.440155040 -0.201667502 -0.543917773 -0.600837771 0.435063111 0.392259504
1703614668.268702984 -59.676011119 -1.445904044 -0.200424486 -0.543385571 -0.601048061 0.434610581 0.393175523
1703614668.403465986 -59.803838214 -1.452723907 -0.201708183 -0.543474484 -0.602289455 0.434226839 0.391573683
1703614668.468353271 -59.860815104 -1.450194273 -0.196763638 -0.543620359 -0.601377842 0.434889460 0.392036674
1703614668.603118658 -59.984327265 -1.448604617 -0.200795884 -0.544821221 -0.600817090 0.434001834 0.392213041
1703614668.653031826 -60.030250999 -1.451822556 -0.200386140 -0.545082069 -0.601207164 0.433632086 0.391661459
1703614668.802770138 -60.164823871 -1.459923950 -0.198759443 -0.544024232 -0.601618037 0.433938648 0.392161476
1703614668.852682829 -60.211149539 -1.458624572 -0.199010179 -0.544845071 -0.600972403 0.434408228 0.391491394
1703614669.002420902 -60.346600973 -1.447954844 -0.194307762 -0.545793194 -0.599271153 0.435054054 0.392061021
1703614669.052332401 -60.391838994 -1.443082676 -0.194347001 -0.546891466 -0.597935232 0.435077017 0.392544484
1703614669.202069283 -60.528195907 -1.434926712 -0.190804944 -0.548856713 -0.595529918 0.434100068 0.394534608
1703614669.266955137 -60.585651773 -1.436473890 -0.189263288 -0.548778513 -0.595370302 0.433951887 0.395046968
1703614669.401716471 -60.706457852 -1.449190706 -0.187618895 -0.546986727 -0.596903049 0.435171404 0.393875765
1703614669.471598148 -60.767471356 -1.456507534 -0.185330732 -0.545064404 -0.598178523 0.435583732 0.394149797
1703614669.601387501 -60.882397285 -1.459785349 -0.186129867 -0.545320110 -0.598294973 0.434511375 0.394802441
1703614669.671273708 -60.943650132 -1.463703523 -0.186076816 -0.545576012 -0.598383379 0.434385424 0.394453355
1703614669.801062822 -61.056151555 -1.473455083 -0.184044551 -0.544102368 -0.599835682 0.434261078 0.394419934
1703614669.870949745 -61.116484501 -1.475953248 -0.183919401 -0.543509323 -0.599375553 0.434865281 0.395270477
1703614670.000737667 -61.231871598 -1.481240309 -0.181857872 -0.543385986 -0.599520714 0.434774804 0.395319433
1703614670.050656319 -61.275188079 -1.482941061 -0.181646120 -0.543528347 -0.599226914 0.434972769 0.395351403
1703614670.200411558 -61.407052978 -1.488254934 -0.179575270 -0.543553250 -0.599222765 0.434629150 0.395701207
1703614670.270297289 -61.469814118 -1.488448956 -0.178941681 -0.543906415 -0.599309162 0.434242136 0.395509933
1703614670.400085211 -61.577319357 -1.489524160 -0.176133895 -0.544262751 -0.599340253 0.432043311 0.397376266
1703614670.469979286 -61.635104015 -1.491797214 -0.176994585 -0.544551573 -0.598382540 0.432990452 0.397392990
1703614670.604791880 -61.752028765 -1.509772778 -0.176334807 -0.541997904 -0.600962711 0.435932561 0.393757405
1703614670.654722929 -61.793986238 -1.513263040 -0.176338884 -0.540715551 -0.602060096 0.435903493 0.393876222
1703614670.804515600 -61.924252450 -1.501474565 -0.173505171 -0.543247966 -0.599313342 0.435546695 0.394973723
1703614670.869426250 -61.980131043 -1.500750755 -0.173865415 -0.544313291 -0.598967555 0.434468414 0.395219063
1703614671.004240513 -62.096800836 -1.510812767 -0.176346525 -0.543723874 -0.600331865 0.435850078 0.392429242
1703614671.069151402 -62.150760915 -1.516891633 -0.175553940 -0.542555616 -0.601378221 0.437429842 0.390682444
1703614671.203966618 -62.261840988 -1.517270105 -0.172735575 -0.542406107 -0.601112700 0.436736975 0.392071362
1703614671.253898382 -62.304512035 -1.514567810 -0.175549415 -0.544224250 -0.600452404 0.435042066 0.392447801
1703614671.403693914 -62.429046564 -1.518004526 -0.171228024 -0.545289744 -0.599080667 0.434861778 0.393264139
1703614671.453620195 -62.469746075 -1.520874265 -0.171070916 -0.544375611 -0.599364220 0.435079606 0.393857159
1703614671.603354216 -62.596699237 -1.520734806 -0.168916209 -0.544448059 -0.598938456 0.435101127 0.394380585
1703614671.668238878 -62.652043859 -1.520355994 -0.169476893 -0.545203057 -0.598662711 0.434364145 0.394568593
1703614671.802999496 -62.767482368 -1.523819197 -0.167559653 -0.544946819 -0.598287545 0.434072122 0.395811028
1703614671.867883444 -62.823890065 -1.522802827 -0.167591050 -0.545418594 -0.597990127 0.433813460 0.395894237
1703614672.002641916 -62.941911971 -1.526657278 -0.165422003 -0.544935902 -0.598313897 0.434033452 0.395828632
1703614672.067525387 -62.998339981 -1.530402427 -0.165609457 -0.544439092 -0.598862354 0.434421083 0.395257230
1703614672.202282429 -63.114851020 -1.538547530 -0.163986085 -0.543798676 -0.599583607 0.435214964 0.394170563
1703614672.257183075 -63.162777992 -1.540493968 -0.164824339 -0.543726870 -0.600062088 0.434516750 0.394311775
1703614672.401921034 -63.286561765 -1.543410590 -0.163471082 -0.544486912 -0.599283531 0.433455835 0.395612552
1703614672.466808558 -63.342150248 -1.549325456 -0.161997043 -0.543959629 -0.599620767 0.434041868 0.395184153
1703614672.601588964 -63.459020253 -1.562733098 -0.160993172 -0.541500022 -0.601618198 0.435553334 0.393861096
1703614672.671475649 -63.520163742 -1.564008934 -0.162320405 -0.541429829 -0.602082795 0.435606486 0.393188297
1703614672.801263094 -63.630900113 -1.559400322 -0.156599617 -0.542476934 -0.600208473 0.435964475 0.394212559
1703614672.871149540 -63.691330410 -1.559414780 -0.158251816 -0.542942105 -0.599847009 0.434625479 0.395598444
1703614673.000937462 -63.804054229 -1.565338971 -0.157319957 -0.543777650 -0.599730366 0.435065100 0.394141743
1703614673.055847406 -63.849420064 -1.567770088 -0.156703907 -0.543219535 -0.600307137 0.435839654 0.393176391
1703614673.200609446 -63.974502491 -1.564624295 -0.159809408 -0.543823673 -0.600002985 0.435398622 0.393294127
1703614673.250528812 -64.016706027 -1.567282464 -0.160899213 -0.543797910 -0.600730306 0.433992128 0.393773750
1703614673.400282383 -64.143692724 -1.570102806 -0.159422612 -0.544078359 -0.600310570 0.433645307 0.394408046
1703614673.450204134 -64.187016759 -1.570985031 -0.159172133 -0.543929777 -0.600129194 0.434082233 0.394408371
1703614673.600027561 -64.319097579 -1.578365904 -0.161327834 -0.543457994 -0.601006892 0.433530435 0.394329160
1703614673.669946432 -64.379743545 -1.581143249 -0.159384695 -0.543066790 -0.600712918 0.434149764 0.394634557
1703614673.804793835 -64.500085021 -1.583010810 -0.160365287 -0.543348027 -0.600952579 0.432846925 0.395313115
1703614673.869721174 -64.557314302 -1.583098062 -0.159486832 -0.543681791 -0.600525211 0.432784629 0.395571797
1703614674.004572153 -64.674280649 -1.586793199 -0.156735612 -0.543176327 -0.600610003 0.432825500 0.396092399
1703614674.054518223 -64.718591941 -1.586402112 -0.158097843 -0.543280247 -0.600308438 0.432975257 0.396243333
1703614674.204358101 -64.852894809 -1.591684277 -0.158007315 -0.543272130 -0.601014533 0.432286253 0.395936257
1703614674.269289970 -64.911136215 -1.591601033 -0.160206348 -0.543473169 -0.600923699 0.431754998 0.396377654
1703614674.404150963 -65.034145029 -1.587528753 -0.160690407 -0.545212172 -0.599983406 0.431456465 0.395738447
1703614674.459084988 -65.081682045 -1.589144971 -0.157786648 -0.544395676 -0.599501609 0.432488936 0.396464991
1703614674.603847742 -65.214636347 -1.590237709 -0.161816392 -0.545169018 -0.600458061 0.431093879 0.395473042
1703614674.668741226 -65.270896197 -1.588311948 -0.158840937 -0.545490889 -0.599593110 0.431864346 0.395500921
1703614674.803519964 -65.390381989 -1.584124600 -0.157104073 -0.545814661 -0.598417268 0.432382469 0.396268255
1703614674.853438139 -65.436156068 -1.585034151 -0.158816791 -0.546185288 -0.599056467 0.431874733 0.395344401
1703614675.003192186 -65.566943285 -1.580616151 -0.155786550 -0.546205928 -0.597796539 0.432037889 0.397041113
1703614675.053110600 -65.612950394 -1.578707321 -0.156876267 -0.546633605 -0.596904231 0.431810868 0.398040720
1703614675.202865362 -65.750278380 -1.580983436 -0.158044229 -0.547520524 -0.596482532 0.431093799 0.398231090
1703614675.252782822 -65.796930717 -1.582132402 -0.159933342 -0.547370116 -0.597051099 0.430601771 0.398118143
1703614675.402537346 -65.934641898 -1.577717713 -0.160365049 -0.547909281 -0.596246855 0.429275930 0.400009104
1703614675.467430353 -65.994277697 -1.579790175 -0.159545015 -0.547777178 -0.596006011 0.429383329 0.400433459
1703614675.602202654 -66.119083491 -1.591643423 -0.162995438 -0.546207806 -0.598564242 0.427563916 0.400708096
1703614675.652118683 -66.166076913 -1.592747639 -0.164219059 -0.546010148 -0.598739472 0.427051248 0.401262003
1703614675.801864862 -66.301923513 -1.587443808 -0.161484087 -0.546983963 -0.597440084 0.427346858 0.401557659
1703614675.861763716 -66.358210773 -1.580852125 -0.162872396 -0.548528112 -0.596854769 0.426360754 0.401369906
1703614676.001526117 -66.480971451 -1.568376560 -0.157004496 -0.550287572 -0.593776786 0.427839715 0.401952603
1703614676.071408033 -66.543773087 -1.563321553 -0.156919753 -0.550367892 -0.593155193 0.427804515 0.402796967
1703614676.201187611 -66.660049332 -1.549142912 -0.155447278 -0.552480047 -0.591197926 0.427087036 0.403543646
1703614676.271068096 -66.722143943 -1.549932032 -0.155527851 -0.551831392 -0.591316978 0.427227903 0.404107246
1703614676.400846958 -66.840449943 -1.551468492 -0.157240715 -0.551710896 -0.592160331 0.426351869 0.403962020
1703614676.470729828 -66.904029883 -1.549069598 -0.157238192 -0.552233907 -0.591770630 0.425998027 0.404191681
1703614676.600521803 -67.020012661 -1.544540295 -0.157116497 -0.552600856 -0.591330822 0.426169430 0.404153151
1703614676.670409441 -67.083649738 -1.544074294 -0.155706242 -0.552212424 -0.591528081 0.426186442 0.404377403
1703614676.800201654 -67.200918801 -1.549166236 -0.155834867 -0.551302412 -0.592522912 0.426968532 0.403336238
1703614676.870090485 -67.264856306 -1.549353644 -0.155430901 -0.550875398 -0.592693261 0.426950724 0.403688089
1703614677.004874706 -67.385825476 -1.543788138 -0.153530373 -0.551943254 -0.591377765 0.426697362 0.404425946
1703614677.069771051 -67.445792580 -1.544243666 -0.153918948 -0.551631373 -0.591414239 0.427036825 0.404439831
1703614677.204555511 -67.569406299 -1.545142806 -0.154594699 -0.550935643 -0.592231536 0.426672721 0.404576462
1703614677.269451857 -67.629027010 -1.547466077 -0.153625734 -0.550634993 -0.592390521 0.426206769 0.405243587
1703614677.404236555 -67.750694093 -1.554381777 -0.153850808 -0.549972384 -0.592955141 0.425453649 0.406108076
1703614677.469131708 -67.809362853 -1.557049499 -0.151116690 -0.549017309 -0.593134578 0.425233587 0.407366865
1703614677.603905678 -67.932673040 -1.556689112 -0.153150243 -0.548958960 -0.593396166 0.427104272 0.405101212
1703614677.668796778 -67.992870892 -1.553131485 -0.153435214 -0.549000950 -0.593614157 0.427081286 0.404749015
1703614677.803571224 -68.112945073 -1.542495161 -0.152909962 -0.550833632 -0.592386247 0.427069726 0.404069665
1703614677.868461370 -68.174720186 -1.544974219 -0.155774571 -0.551131230 -0.592692759 0.427591125 0.402660516
1703614678.003235340 -68.292464821 -1.544228005 -0.154685906 -0.550506999 -0.593148178 0.427507298 0.402932740
1703614678.068125963 -68.350908497 -1.542190033 -0.155403664 -0.551099538 -0.592894072 0.426746611 0.403302924
1703614678.202898502 -68.469322064 -1.529658364 -0.155275474 -0.552976164 -0.591289010 0.426065403 0.403810527
1703614678.267788887 -68.525811247 -1.523350010 -0.154869077 -0.553843877 -0.590439804 0.425848015 0.404093140
1703614678.402560711 -68.641786480 -1.517329938 -0.154929880 -0.554350160 -0.589577113 0.426829055 0.403623198
1703614678.467451572 -68.699497190 -1.519368489 -0.155968888 -0.554103173 -0.590000449 0.426751668 0.403425529
1703614678.602225542 -68.815956644 -1.527012457 -0.155422417 -0.552986884 -0.591001333 0.425581669 0.404726048
1703614678.667116880 -68.874167317 -1.530375069 -0.157783148 -0.552905840 -0.591556976 0.425439271 0.404174347
1703614678.801890373 -68.989556563 -1.529479199 -0.155265492 -0.552252026 -0.591757042 0.426286759 0.403882287
1703614678.866782427 -69.047621648 -1.525844816 -0.157296189 -0.553024784 -0.591528447 0.426222714 0.403226839
1703614679.001555443 -69.167549717 -1.521245917 -0.159344914 -0.553774909 -0.590921448 0.425432513 0.403921242
1703614679.071437597 -69.230422497 -1.525312001 -0.160067726 -0.553095596 -0.591322135 0.425051474 0.404666082
1703614679.201218843 -69.346779969 -1.536098521 -0.161140415 -0.551732626 -0.593146899 0.424844543 0.404072988
1703614679.271100521 -69.408928748 -1.539027860 -0.161302683 -0.550961403 -0.593462732 0.425761353 0.403696407
1703614679.400881290 -69.522637617 -1.536204440 -0.158014247 -0.550771337 -0.593288115 0.425654645 0.404324461
1703614679.470764875 -69.585301110 -1.535511939 -0.160676311 -0.551278571 -0.592766829 0.426033535 0.403998579
1703614679.600559473 -69.704553416 -1.534251597 -0.162949429 -0.551763139 -0.592833137 0.426314842 0.402941641
1703614679.670448780 -69.766733193 -1.533362899 -0.162319155 -0.551744410 -0.592507846 0.426311222 0.403449254
1703614679.800243616 -69.884634343 -1.536313412 -0.165344068 -0.551787667 -0.593000595 0.426599659 0.402359784
1703614679.850165129 -69.929348711 -1.537894246 -0.164682790 -0.551284964 -0.593357557 0.426542721 0.402582918
1703614680.004921198 -70.067332276 -1.538978454 -0.163496232 -0.550468955 -0.593725612 0.426940957 0.402734709
1703614680.069818974 -70.126566078 -1.540758951 -0.164050896 -0.550286612 -0.593835289 0.427902775 0.401800334
1703614680.204606771 -70.248898736 -1.537773094 -0.163688683 -0.550521792 -0.593630046 0.427978069 0.401701254
1703614680.269504547 -70.308519095 -1.536950315 -0.165223719 -0.551125772 -0.593012972 0.428357960 0.401379443
1703614680.404292822 -70.433758179 -1.540700387 -0.166717721 -0.550971179 -0.593739964 0.427610522 0.401313913
1703614680.469189644 -70.492893238 -1.544644099 -0.166368391 -0.550016852 -0.593965797 0.427883944 0.401996796
1703614680.603966475 -70.618695111 -1.549634911 -0.167898044 -0.549565555 -0.594786502 0.428470720 0.400773702
1703614680.668859243 -70.679451108 -1.551277798 -0.170046443 -0.549500111 -0.595409634 0.427875377 0.400574161
1703614680.803635597 -70.803101347 -1.550166266 -0.166769413 -0.549577142 -0.593936749 0.429445602 0.400974535
1703614680.868527889 -70.864825025 -1.553316614 -0.169067118 -0.549422290 -0.594488359 0.429158500 0.400676578
1703614681.003304005 -70.991355364 -1.560143532 -0.168224019 -0.548514343 -0.595311068 0.428809241 0.401072790
1703614681.053221226 -71.038833650 -1.562372076 -0.168997645 -0.548298505 -0.595164705 0.429404201 0.400948571
1703614681.202971697 -71.180952989 -1.568381129 -0.168034840 -0.547488767 -0.596089875 0.429522993 0.400553255
1703614681.267863750 -71.240572537 -1.574391963 -0.167202984 -0.546508997 -0.596699410 0.429858064 0.400624231
1703614681.412622213 -71.377786709 -1.592248747 -0.169654416 -0.544273162 -0.599329157 0.431395395 0.398082027
1703614681.602307320 -71.557346384 -1.589444856 -0.170085153 -0.545171401 -0.598278077 0.431911839 0.397873911
1703614681.667199850 -71.619066982 -1.585434007 -0.170238644 -0.546535110 -0.597586045 0.431463990 0.397528763
1703614681.811959743 -71.754302464 -1.580957087 -0.170225787 -0.547478809 -0.596417936 0.430916624 0.398576796
1703614682.001643896 -71.932220390 -1.586755495 -0.168510026 -0.546508419 -0.597446349 0.430718551 0.398582410
1703614682.051561117 -71.979532181 -1.587267510 -0.169775929 -0.546542500 -0.597252302 0.430767179 0.398773897
1703614682.201311111 -72.120700342 -1.584703030 -0.166966445 -0.547090141 -0.596440349 0.431621233 0.398314446
1703614682.251228094 -72.167497911 -1.583803988 -0.165397807 -0.547210947 -0.595925604 0.431840258 0.398681383
1703614682.400977612 -72.311206597 -1.582098466 -0.167306908 -0.547788321 -0.595609219 0.431286908 0.398960169
1703614682.470860243 -72.375443262 -1.583865563 -0.164709339 -0.547391777 -0.595340068 0.431102553 0.400103781
1703614682.610624790 -72.509203443 -1.583120990 -0.165675142 -0.548225440 -0.595478356 0.430067021 0.399870918
1703614682.805295706 -72.692532022 -1.574887435 -0.164442404 -0.549273642 -0.594139045 0.430019750 0.400475062
1703614682.875176668 -72.759663014 -1.571979905 -0.164448325 -0.550025139 -0.593505896 0.430184518 0.400205420
1703614683.004956484 -72.885701057 -1.567763309 -0.164524236 -0.550747893 -0.593183384 0.428940019 0.401024552
1703614683.069846153 -72.947469432 -1.567722827 -0.165036966 -0.550728853 -0.592939488 0.428321766 0.402070838
1703614683.204616547 -73.081245994 -1.574268702 -0.169477684 -0.550773398 -0.594228128 0.428304522 0.400121022
1703614683.269505978 -73.142546915 -1.577783208 -0.167294678 -0.549490495 -0.594777491 0.428690204 0.400655264
1703614683.404275179 -73.273840888 -1.575391156 -0.168807966 -0.550376155 -0.594515913 0.429204629 0.399274722
1703614683.469165087 -73.336425896 -1.569759069 -0.168239829 -0.551307623 -0.593435791 0.429031909 0.399781800
1703614683.603940725 -73.469987062 -1.558817381 -0.170333850 -0.553908611 -0.591708603 0.427631550 0.400246721
1703614683.668832779 -73.532784543 -1.559963186 -0.169854742 -0.553849069 -0.591741021 0.427619998 0.400293530
1703614683.803608179 -73.664540541 -1.570699283 -0.169521165 -0.552470077 -0.593313154 0.427263076 0.400253143
1703614683.868499994 -73.725569089 -1.579031617 -0.166486779 -0.550925309 -0.594092741 0.428624533 0.399770095
1703614684.003274918 -73.855517557 -1.597482288 -0.167668335 -0.548417947 -0.596807696 0.430448671 0.397205578
1703614684.053191662 -73.903563191 -1.601060742 -0.167352733 -0.547819496 -0.597182258 0.431113214 0.396747460
1703614684.202940941 -74.050423642 -1.609307934 -0.169358100 -0.547741285 -0.598078337 0.431227935 0.395378622
1703614684.267832518 -74.112093361 -1.613733889 -0.168232458 -0.547201221 -0.598417575 0.430804277 0.396074369
1703614684.402607441 -74.244059485 -1.630388472 -0.172948255 -0.546420174 -0.600544094 0.430828385 0.393901875
1703614684.452522993 -74.290540679 -1.638912916 -0.172265348 -0.544914943 -0.601447165 0.432047084 0.393273861
1703614684.602274418 -74.434306599 -1.660181586 -0.174851337 -0.542069060 -0.604144758 0.433324484 0.391663295
1703614684.652191877 -74.483275801 -1.663627918 -0.176494830 -0.542463229 -0.604603427 0.433773860 0.389908425
1703614684.801943779 -74.624469714 -1.667734119 -0.172075994 -0.541813347 -0.603507423 0.434188802 0.392042308
1703614684.851860046 -74.674175904 -1.667766294 -0.175287747 -0.542555609 -0.602981402 0.434282911 0.391720809
1703614685.001611710 -74.818108134 -1.668322099 -0.171895806 -0.542827346 -0.602243670 0.434543887 0.392189552
1703614685.071495056 -74.887555914 -1.669910627 -0.177611050 -0.543809040 -0.602586351 0.434267927 0.390605664
1703614685.201279163 -75.010251893 -1.674308528 -0.174708269 -0.543019313 -0.602396162 0.434012965 0.392277498
1703614685.271162271 -75.076482186 -1.675976250 -0.176164099 -0.543359525 -0.601875012 0.433521498 0.393148837
1703614685.400945902 -75.201249082 -1.687477164 -0.178482553 -0.542775942 -0.602948809 0.432825844 0.393076074
1703614685.470829487 -75.264702913 -1.692632366 -0.175683404 -0.541434025 -0.603053332 0.433068081 0.394497037
1703614685.600621939 -75.386925109 -1.705653506 -0.178993151 -0.541252311 -0.604522371 0.433700605 0.391793854
1703614685.670509815 -75.452003420 -1.708721221 -0.181031160 -0.540708747 -0.604888033 0.434010866 0.391636423
1703614685.800302267 -75.573231730 -1.708213997 -0.182436954 -0.541445328 -0.604387798 0.433398313 0.392069189
1703614685.870190144 -75.638862635 -1.711326425 -0.183677801 -0.541496604 -0.604244089 0.433788635 0.391788118
1703614686.004975319 -75.763070193 -1.720413185 -0.181267312 -0.540668780 -0.604746119 0.433660222 0.392298629
1703614686.069870949 -75.821047593 -1.723958284 -0.179215633 -0.540155293 -0.604274738 0.434037424 0.393313889
1703614686.204656363 -75.946260076 -1.731114564 -0.181499302 -0.540639959 -0.604105684 0.434376854 0.392532173
1703614686.269551754 -76.005430383 -1.731514355 -0.180537362 -0.540539554 -0.603705631 0.434269830 0.393403375
1703614686.404337645 -76.133700083 -1.736278821 -0.185824650 -0.541137558 -0.604151630 0.433650813 0.392578558
1703614686.454257965 -76.178615776 -1.740372356 -0.183136692 -0.540242358 -0.604010884 0.434679938 0.392889804
1703614686.604037285 -76.317386193 -1.749910103 -0.182349375 -0.538939940 -0.604229754 0.435125925 0.393847146
1703614686.653964758 -76.367094374 -1.751112748 -0.185452159 -0.539988886 -0.604490972 0.434943855 0.392207230
1703614686.803747654 -76.503220690 -1.750963401 -0.179092250 -0.540083613 -0.603225286 0.435987078 0.392866660
1703614686.868654013 -76.564166386 -1.751960371 -0.180070418 -0.540525303 -0.602773101 0.436516087 0.392365508
1703614687.003460169 -76.687047058 -1.755188699 -0.178662393 -0.540309943 -0.602636284 0.435423494 0.394082549
1703614687.068367481 -76.745172257 -1.757924910 -0.179280251 -0.540420708 -0.602387624 0.435141228 0.394622251
1703614687.203175068 -76.865392837 -1.771145318 -0.178447261 -0.539106037 -0.603927947 0.434785165 0.394458586
1703614687.253104448 -76.907867981 -1.773464337 -0.176410913 -0.538358504 -0.603853435 0.434760058 0.395619568
1703614687.402893543 -77.038306440 -1.779319198 -0.177106775 -0.538672510 -0.603731861 0.435249411 0.394838849
1703614687.452822447 -77.082581502 -1.781201907 -0.178202522 -0.538174835 -0.604037308 0.435390379 0.394894918
1703614687.602583170 -77.214406817 -1.777898741 -0.176129503 -0.538535993 -0.603120619 0.435485203 0.395698296
1703614687.667478561 -77.272376408 -1.781240181 -0.177151946 -0.538932440 -0.603230714 0.435150902 0.395358346
1703614687.802262068 -77.390161956 -1.795529724 -0.177130306 -0.537619673 -0.605222144 0.433167942 0.396278661
1703614687.852181435 -77.431055917 -1.797840245 -0.177407116 -0.537706274 -0.605119559 0.432432293 0.397120378
1703614688.001939535 -77.550694637 -1.804862074 -0.175433290 -0.537471626 -0.604233603 0.432644484 0.398553328
1703614688.066834688 -77.605641204 -1.806558444 -0.177723804 -0.537499754 -0.604492843 0.433085455 0.397642309
1703614688.201617002 -77.716217859 -1.806371545 -0.175695471 -0.536385593 -0.604553842 0.434690925 0.397302085
1703614688.271503687 -77.776120515 -1.806853759 -0.177154078 -0.536983139 -0.604181917 0.434663765 0.397090331
1703614688.401294231 -77.887361175 -1.808285693 -0.177838150 -0.537910903 -0.603574300 0.433818515 0.397682563
1703614688.471181393 -77.945955640 -1.810788112 -0.177448879 -0.537994101 -0.603352170 0.433641332 0.398100115
1703614688.605973959 -78.061554224 -1.820154936 -0.179675809 -0.537257984 -0.604262825 0.434058857 0.397257102
1703614688.675867319 -78.120838266 -1.822045403 -0.177261274 -0.536700556 -0.604462307 0.434232963 0.397516750
1703614688.800675631 -78.226990513 -1.818170045 -0.178127086 -0.538130242 -0.603735542 0.434169753 0.396756680
1703614688.850599527 -78.269786971 -1.818387749 -0.178978584 -0.538672817 -0.603125404 0.434701589 0.396365830
1703614689.000370264 -78.399097262 -1.818971831 -0.180037456 -0.539023406 -0.602916999 0.434036411 0.396934822
1703614689.050294399 -78.442342799 -1.820162916 -0.181118906 -0.539694232 -0.602799521 0.433716892 0.396550792
1703614689.205059290 -78.575441175 -1.829025076 -0.182199440 -0.539503106 -0.603583542 0.432847234 0.396568504
1703614689.274952888 -78.634452702 -1.830722076 -0.181779236 -0.539314940 -0.603837874 0.432707384 0.396589885
1703614689.404756069 -78.745232786 -1.831360162 -0.183003063 -0.539233404 -0.603357001 0.433493024 0.396574663
1703614689.469657660 -78.802436188 -1.830141372 -0.183444478 -0.540137594 -0.602538122 0.433124889 0.396991211
1703614689.604444742 -78.922102696 -1.832279799 -0.184569885 -0.541312725 -0.601964264 0.432137012 0.397337592
1703614689.669342518 -78.978568588 -1.838941406 -0.185474849 -0.540529245 -0.602836006 0.431224642 0.398073102
1703614689.804129839 -79.097629056 -1.850362043 -0.187786272 -0.539799506 -0.604530530 0.430094405 0.397716148
1703614689.869027853 -79.153150440 -1.854196359 -0.187437271 -0.539411375 -0.604321756 0.430766192 0.397832969
1703614690.003815413 -79.272491752 -1.856430359 -0.188121798 -0.539511701 -0.604000788 0.429991917 0.399020204
1703614690.068713427 -79.330192661 -1.853766229 -0.187687332 -0.540694509 -0.603342193 0.429250418 0.399213885
1703614690.203501225 -79.445934589 -1.850382542 -0.184261543 -0.540728825 -0.602008732 0.431153460 0.399129701
1703614690.268399477 -79.506378013 -1.850656563 -0.188829125 -0.541178409 -0.602655273 0.430841004 0.397880109
1703614690.403187513 -79.627791654 -1.845346417 -0.188580193 -0.542500959 -0.601601907 0.430164473 0.398404796
1703614690.468085766 -79.686531475 -1.848490611 -0.190465125 -0.542579060 -0.601396042 0.429284056 0.399557210
1703614690.602869272 -79.810250109 -1.860321339 -0.191674265 -0.542769847 -0.602085748 0.427912926 0.399730126
1703614690.652789354 -79.855803158 -1.865468028 -0.193254187 -0.542168565 -0.602690990 0.428154268 0.399375439
1703614690.802548885 -79.991320508 -1.865200454 -0.191135773 -0.541859713 -0.602561870 0.429596391 0.398439687
1703614690.867444515 -80.051860447 -1.860043970 -0.193758395 -0.543365668 -0.601821615 0.428762920 0.398405387
1703614691.002228022 -80.175338217 -1.849033574 -0.194158866 -0.546132157 -0.599027504 0.427640361 0.400036796
1703614691.067124128 -80.235414994 -1.850400305 -0.195377282 -0.546461989 -0.599221767 0.426596928 0.400409328
1703614691.201908350 -80.355668118 -1.863986360 -0.193606710 -0.544780549 -0.600304926 0.427527252 0.400085739
1703614691.266804457 -80.414550904 -1.872679425 -0.193447114 -0.543242655 -0.601348028 0.428732464 0.399319975
1703614691.401587725 -80.536221637 -1.878994479 -0.191119934 -0.542125185 -0.602169972 0.429916422 0.398325845
1703614691.471475363 -80.600197623 -1.874918351 -0.191316996 -0.543516166 -0.601094711 0.429677591 0.398312056
1703614691.601267815 -80.718745138 -1.870856361 -0.190079965 -0.544868621 -0.599418619 0.428870174 0.399857323
1703614691.671155930 -80.781045398 -1.871670813 -0.186277355 -0.544444913 -0.599000559 0.428972345 0.400949865
1703614691.800948381 -80.899425943 -1.876007714 -0.186417631 -0.543588175 -0.599572946 0.429508339 0.400682874
1703614691.850868940 -80.947137354 -1.875727931 -0.186994541 -0.543608539 -0.599380374 0.429696188 0.400741949
1703614692.000629187 -81.087527542 -1.874219508 -0.187649427 -0.545179519 -0.599075436 0.428087418 0.400785574
1703614692.070517063 -81.152920157 -1.871671504 -0.188440335 -0.545607108 -0.598158915 0.428221084 0.401429320
1703614692.200309753 -81.274408939 -1.870265769 -0.185264273 -0.545867080 -0.597786625 0.427928170 0.401942487
1703614692.270197868 -81.339057776 -1.873179161 -0.186221165 -0.545287606 -0.597776698 0.428780344 0.401835617
1703614692.404983044 -81.467690426 -1.877490968 -0.186263353 -0.545309548 -0.598314411 0.428129374 0.401699640
1703614692.469878435 -81.527964679 -1.874851430 -0.184787090 -0.545670972 -0.597215879 0.428685014 0.402250598
1703614692.604656935 -81.656212984 -1.867045008 -0.184707704 -0.547006769 -0.595892814 0.428476445 0.402620524
1703614692.669549704 -81.717632947 -1.859003968 -0.184745152 -0.548272004 -0.594660230 0.428615249 0.402574203
1703614692.804325819 -81.845795367 -1.850034096 -0.186634116 -0.549620278 -0.593813730 0.428301798 0.402318747
1703614692.869218826 -81.907928700 -1.848099156 -0.187862283 -0.549914899 -0.593814785 0.427559160 0.402704321
1703614693.003996611 -82.033333217 -1.847765414 -0.186218899 -0.550150068 -0.593187405 0.426745458 0.404168181
1703614693.068889380 -82.095595096 -1.846831354 -0.187396347 -0.550359129 -0.593059169 0.426113594 0.404738010
1703614693.203665972 -82.222812282 -1.843003663 -0.186967838 -0.551332442 -0.592840769 0.425145225 0.404751650
1703614693.268558264 -82.281605910 -1.842598937 -0.184889280 -0.550941749 -0.592183246 0.426296853 0.405034795
1703614693.403334618 -82.409522128 -1.844756796 -0.186073890 -0.550667808 -0.593516355 0.426259757 0.403492157
1703614693.468227386 -82.470120116 -1.840557062 -0.185921174 -0.551482851 -0.593249643 0.425522579 0.403549329
1703614693.603011370 -82.590883020 -1.836453244 -0.187305352 -0.554068168 -0.591401338 0.423688629 0.404649068
1703614693.652932167 -82.635600091 -1.841008737 -0.186136669 -0.553537267 -0.591366940 0.423614743 0.405502387
1703614693.802692652 -82.770997758 -1.869279052 -0.183900408 -0.548095150 -0.595247771 0.427664598 0.402957554
1703614693.867589474 -82.833470928 -1.878225918 -0.187707260 -0.546510414 -0.597663642 0.429194643 0.399895608
1703614694.012358427 -82.963396995 -1.874025277 -0.183136833 -0.546542063 -0.597142977 0.429007651 0.400829730
1703614694.202055216 -83.139989349 -1.867571305 -0.184046693 -0.548873431 -0.594962017 0.428092247 0.401864632
1703614694.266951561 -83.198926055 -1.870054221 -0.182761634 -0.548195378 -0.595248908 0.428971267 0.401427723
1703614694.401736498 -83.324901106 -1.877074671 -0.185396125 -0.546892423 -0.596733163 0.429910236 0.399994249
1703614694.471625805 -83.390263589 -1.877225199 -0.185387774 -0.546963979 -0.596945986 0.429803045 0.399693930
1703614694.601414442 -83.510358471 -1.873599652 -0.184301232 -0.547784547 -0.595378801 0.430452397 0.400208579
1703614694.651332378 -83.557559169 -1.873834371 -0.184269651 -0.548106020 -0.595500353 0.429695476 0.400400948
1703614694.801088810 -83.696561052 -1.877604475 -0.183026558 -0.547845534 -0.595578694 0.430238904 0.400057215
1703614694.870974302 -83.760566608 -1.879075830 -0.181328236 -0.547268780 -0.595580109 0.430821207 0.400217820
1703614695.000762701 -83.882365002 -1.876984566 -0.182659383 -0.548077485 -0.595443231 0.430188637 0.399995208
1703614695.070648432 -83.945669907 -1.875753479 -0.180796134 -0.548500307 -0.594536836 0.430519180 0.400408041
1703614695.200436592 -84.067509492 -1.880693984 -0.182456211 -0.548591011 -0.595270484 0.430187769 0.399549042
1703614695.270322084 -84.131002439 -1.883126979 -0.179972740 -0.547570783 -0.595720264 0.430158128 0.400309369
1703614695.405101538 -84.252919311 -1.882162123 -0.178316607 -0.548011874 -0.594457449 0.430963510 0.400716585
1703614695.479979515 -84.324394556 -1.881944903 -0.180139660 -0.548864339 -0.594888748 0.429833608 0.400122961
1703614695.604781151 -84.437914064 -1.882281800 -0.178050207 -0.548525642 -0.594216851 0.429828528 0.401588584
1703614695.669677973 -84.498476865 -1.886313535 -0.178057295 -0.547937037 -0.594835160 0.429888461 0.401412564
1703614695.804463148 -84.621272760 -1.890732348 -0.176155212 -0.546949106 -0.595503526 0.429608487 0.402068121
1703614695.869359970 -84.679709317 -1.889078356 -0.177897372 -0.547955643 -0.595020890 0.429769063 0.401239713
1703614696.009136677 -84.806423519 -1.890515364 -0.181071808 -0.548290436 -0.595759150 0.429018605 0.400489287
1703614696.064049959 -84.854473839 -1.890263357 -0.179499678 -0.547864251 -0.595397595 0.429274247 0.401335380
1703614696.213811398 -84.986346019 -1.895248467 -0.179627882 -0.547362235 -0.595509315 0.430224569 0.400836699
1703614696.403508902 -85.156513460 -1.896423757 -0.179326953 -0.547503899 -0.595189233 0.430653794 0.400657668
1703614696.468405724 -85.214752113 -1.896515278 -0.180690882 -0.547740912 -0.595293397 0.430582518 0.400255369
1703614696.603191376 -85.336725004 -1.897140191 -0.182640386 -0.548146953 -0.595861862 0.430160531 0.399306245
1703614696.668088675 -85.393418540 -1.898406537 -0.182409393 -0.548080735 -0.595860449 0.430478910 0.399056063
1703614696.807867527 -85.515752841 -1.901673416 -0.182921516 -0.548181491 -0.596031321 0.430251280 0.398907949
1703614696.877756119 -85.577605226 -1.902040648 -0.181996766 -0.547851434 -0.595998875 0.429951354 0.399732387
1703614697.002558947 -85.688237685 -1.905166651 -0.183086817 -0.548089198 -0.596223779 0.430040953 0.398973953
1703614697.067456007 -85.744480992 -1.908110802 -0.182873638 -0.547631632 -0.596403804 0.430775276 0.398540789
1703614697.202242136 -85.863057990 -1.906936643 -0.181809339 -0.548257316 -0.596215020 0.430458873 0.398304813
1703614697.267139435 -85.919596574 -1.907237612 -0.183120870 -0.548486133 -0.595938834 0.430394099 0.398473069
1703614697.411910057 -86.047882820 -1.914412167 -0.182828343 -0.547193696 -0.597119182 0.430279124 0.398607096
1703614697.601609230 -86.219912075 -1.922735070 -0.187888115 -0.547689584 -0.597948455 0.429473864 0.397549954
1703614697.651530504 -86.263296429 -1.921663634 -0.188495387 -0.548087994 -0.597809099 0.428980545 0.397743038
1703614697.801293135 -86.394323633 -1.916633155 -0.187287089 -0.549072275 -0.595963778 0.429692475 0.398385729
1703614697.871183395 -86.457277420 -1.919338869 -0.190494992 -0.548922735 -0.596869980 0.429984165 0.396917719
1703614698.000978231 -86.574517705 -1.921021799 -0.192194622 -0.548682501 -0.597221194 0.430867128 0.395762399
1703614698.055891275 -86.622642625 -1.919902126 -0.191662533 -0.549224361 -0.596604155 0.431144780 0.395639057
1703614698.200662613 -86.753701236 -1.918361176 -0.190924399 -0.549721937 -0.595789065 0.430695510 0.396664291
1703614698.270551682 -86.815128478 -1.917885047 -0.189365392 -0.549935798 -0.595169816 0.431190848 0.396759323
1703614698.405338764 -86.934089804 -1.926263089 -0.190389220 -0.549405454 -0.595717753 0.432418680 0.395332886
1703614698.475228071 -86.998130673 -1.937037280 -0.190831499 -0.547651353 -0.597507658 0.432107330 0.395405931
1703614698.600030899 -87.110078787 -1.951773661 -0.190760085 -0.546426426 -0.598810873 0.432581165 0.394610231
1703614698.669919968 -87.172541428 -1.956776602 -0.190685299 -0.546079525 -0.599119330 0.433408982 0.393712884
1703614698.809699297 -87.296461063 -1.959013720 -0.188021144 -0.545198543 -0.598984122 0.433656671 0.394865119
1703614698.879588366 -87.361703149 -1.954487727 -0.189831859 -0.546672722 -0.597860396 0.433403000 0.394808462
1703614699.004391432 -87.477517378 -1.950162297 -0.190650536 -0.548286779 -0.596881609 0.432719631 0.394800803
1703614699.054312468 -87.521600570 -1.950023219 -0.190075037 -0.548074511 -0.596902412 0.432494146 0.395310833
1703614699.204075336 -87.658360454 -1.952436649 -0.190430790 -0.548474942 -0.596301613 0.432246480 0.395932577
1703614699.268972874 -87.717523106 -1.955238048 -0.191251914 -0.548360347 -0.596814387 0.431290981 0.396360450
1703614699.403759480 -87.840616331 -1.960356134 -0.190866918 -0.548034927 -0.596429430 0.432285345 0.396306743
1703614699.468657255 -87.898869420 -1.961381623 -0.190225366 -0.547703102 -0.596513255 0.433186400 0.395654888
1703614699.603442907 -88.022123787 -1.955008446 -0.189647974 -0.548381134 -0.595859657 0.432648563 0.396288559
1703614699.668339729 -88.078976295 -1.951831752 -0.188298511 -0.548840316 -0.594766191 0.432324926 0.397646381
1703614699.803125143 -88.201802103 -1.954425179 -0.188845476 -0.548988864 -0.594208168 0.433037305 0.397500406
1703614699.868022203 -88.259461020 -1.955718748 -0.188437236 -0.548458879 -0.594613443 0.433682364 0.396922308
1703614700.002808094 -88.383350437 -1.956305352 -0.191882820 -0.548535598 -0.595279240 0.433038323 0.396521293
1703614700.067705154 -88.439832953 -1.955086625 -0.189266090 -0.548622155 -0.594540735 0.433366671 0.397150316
1703614700.207483292 -88.563627785 -1.952520936 -0.188995206 -0.549747938 -0.593418660 0.432902945 0.397776997
1703614700.277373075 -88.626044105 -1.954001067 -0.187802697 -0.549311347 -0.593441996 0.433356250 0.397851733
1703614700.402174473 -88.739632934 -1.955643552 -0.189655721 -0.549333777 -0.593770684 0.433193508 0.397507436
1703614700.467071533 -88.796389985 -1.957094222 -0.189160479 -0.549244693 -0.593666142 0.433454475 0.397502199
1703614700.611841440 -88.926109774 -1.966016182 -0.188705381 -0.548043191 -0.594825220 0.433695275 0.397164987
1703614700.806532383 -89.102472351 -1.969097388 -0.190643492 -0.548151955 -0.594987312 0.434083010 0.396347668
1703614700.876421213 -89.165739475 -1.969925525 -0.189761734 -0.547872526 -0.594975729 0.433697505 0.397172571
1703614701.011206865 -89.287032568 -1.974261961 -0.189932575 -0.548088291 -0.595017229 0.433901020 0.396589998
1703614701.200906038 -89.457606398 -1.980591659 -0.188614497 -0.546855969 -0.595718900 0.434657086 0.396409838
1703614701.270794868 -89.517917066 -1.983416722 -0.185194907 -0.546377773 -0.595493740 0.435560647 0.396415763
1703614701.405580521 -89.635238345 -1.989020498 -0.183933397 -0.545391878 -0.596229248 0.435332447 0.396918182
1703614701.475470543 -89.695582941 -1.991518105 -0.184153153 -0.545234997 -0.596170700 0.436017599 0.396469352
1703614701.600272179 -89.803947057 -1.992967032 -0.184276778 -0.545726568 -0.596054974 0.436007163 0.395978200
1703614701.670160770 -89.864187671 -1.992058378 -0.183898273 -0.545980841 -0.595472328 0.436429920 0.396038575
1703614701.804948330 -89.981153267 -1.992539890 -0.183142986 -0.546156574 -0.594885491 0.436937651 0.396118338
1703614701.869845390 -90.038128785 -1.993972116 -0.183422287 -0.546119195 -0.595175686 0.436786549 0.395900541
1703614702.004631519 -90.152241263 -2.000386029 -0.178998624 -0.545078084 -0.595508004 0.437111344 0.396476698
1703614702.069528818 -90.207153303 -2.002051616 -0.178750764 -0.545116175 -0.595487321 0.437138762 0.396425162
1703614702.204315186 -90.316567527 -2.007912803 -0.176149834 -0.544358311 -0.595611594 0.437542645 0.396834087
1703614702.269212723 -90.370766800 -2.011625267 -0.176941833 -0.544328806 -0.595951757 0.438038935 0.395815039
1703614702.404000044 -90.484547641 -2.025305523 -0.179896763 -0.543027174 -0.597547191 0.439068952 0.394052406
1703614702.468896151 -90.538893709 -2.028321712 -0.178311294 -0.542729504 -0.597691865 0.439426764 0.393844182
1703614702.603676558 -90.653509417 -2.023143216 -0.177686300 -0.543944876 -0.596388237 0.439674969 0.393866684
1703614702.653593779 -90.695494499 -2.022033575 -0.177486261 -0.544321074 -0.595838377 0.439678374 0.394175246
1703614702.803347588 -90.823740031 -2.024282619 -0.175554325 -0.544568297 -0.595677317 0.438774916 0.395082874
1703614702.868240833 -90.879352203 -2.026671986 -0.175549932 -0.544849666 -0.595616506 0.439047921 0.394482879
1703614703.003018379 -90.994533833 -2.029261411 -0.173349794 -0.544686731 -0.595425241 0.439291170 0.394725747
1703614703.067911148 -91.048654679 -2.025610428 -0.171364498 -0.545057532 -0.594811664 0.438990098 0.395473217
1703614703.202688456 -91.165134921 -2.013811391 -0.174910927 -0.548095215 -0.593566502 0.436824307 0.395543889
1703614703.252606153 -91.206518161 -2.010686442 -0.175668294 -0.549089189 -0.593108478 0.435864046 0.395911517
1703614703.402359486 -91.327664562 -2.015078587 -0.172248466 -0.549135586 -0.592508854 0.434032096 0.398747421
1703614703.467252254 -91.379448751 -2.020784605 -0.171096533 -0.548432039 -0.592429013 0.435467401 0.398269138
1703614703.602042437 -91.492146848 -2.038508058 -0.173803458 -0.545317388 -0.596020399 0.437502603 0.394943165
1703614703.666940212 -91.545454348 -2.042331654 -0.172752855 -0.544072981 -0.596709438 0.438909578 0.394056874
1703614703.801727533 -91.659948892 -2.038787565 -0.173218363 -0.545454047 -0.595949610 0.438976961 0.393221531
1703614703.871617079 -91.719164038 -2.035778445 -0.173373600 -0.546630578 -0.594994480 0.438292031 0.393797761
1703614704.001413822 -91.831423287 -2.041362982 -0.175329768 -0.547264000 -0.595327519 0.436831504 0.394037431
1703614704.071303368 -91.890667050 -2.050110567 -0.174977703 -0.546194861 -0.596624445 0.436557442 0.393862978
1703614704.201099396 -91.999205974 -2.062925972 -0.175447930 -0.544766143 -0.598337773 0.435787806 0.394094845
1703614704.270988941 -92.058337248 -2.064906658 -0.175699938 -0.544907478 -0.597920181 0.436566664 0.393670986
1703614704.405776739 -92.175152788 -2.066069188 -0.173579844 -0.544743150 -0.597759613 0.437777507 0.392796638
1703614704.475666523 -92.236940571 -2.060906784 -0.173006087 -0.545363108 -0.597278015 0.437254808 0.393250921
1703614704.600469112 -92.347418570 -2.055648281 -0.173129340 -0.546817961 -0.595582963 0.436603715 0.394522811
1703614704.670358896 -92.410521839 -2.059510162 -0.173249944 -0.547116714 -0.595864280 0.435988436 0.394364229
1703614704.800153494 -92.529509502 -2.070638853 -0.175528485 -0.546387832 -0.597482955 0.435036752 0.393976497
1703614704.870042801 -92.592475199 -2.070711521 -0.175547759 -0.546343491 -0.597378022 0.435276142 0.393932696
1703614705.004829168 -92.717592527 -2.063577286 -0.177331302 -0.548252223 -0.597197588 0.435086631 0.391757788
1703614705.074719191 -92.777321750 -2.062086706 -0.175777549 -0.548306190 -0.596854231 0.435882541 0.391320534
1703614705.204514265 -92.894627399 -2.059442589 -0.174874958 -0.548490417 -0.595922919 0.435947459 0.392407888
1703614705.254434347 -92.939814133 -2.060454565 -0.174141572 -0.548726196 -0.595454276 0.435343474 0.393458800
1703614705.409189939 -93.081593243 -2.065504142 -0.174674269 -0.550332907 -0.594801191 0.432308208 0.395543737
1703614705.479079247 -93.145633845 -2.066691048 -0.174665099 -0.550725233 -0.594582557 0.431767803 0.395916487
1703614705.613866806 -93.270383693 -2.065517936 -0.173479088 -0.549775800 -0.594926346 0.433442215 0.394888667
1703614705.813552380 -93.458636740 -2.057015491 -0.174338494 -0.550247989 -0.594411511 0.433183531 0.395289938
1703614706.013239384 -93.649002277 -2.063734676 -0.171110381 -0.550523754 -0.593902257 0.431854973 0.397120874
1703614706.202941418 -93.833962281 -2.059939232 -0.173747490 -0.551296091 -0.594450512 0.431573448 0.395532006
1703614706.267839670 -93.896405471 -2.056142325 -0.173338725 -0.551635468 -0.593796885 0.431196915 0.396450237
1703614706.402628660 -94.028874122 -2.053111820 -0.173840325 -0.552992574 -0.592636214 0.430410002 0.397150804
1703614706.467527151 -94.093754092 -2.053508678 -0.175326547 -0.553551900 -0.592991558 0.429465373 0.396863705
1703614706.602314234 -94.224902425 -2.049453682 -0.171708326 -0.553356138 -0.591876971 0.430397882 0.397789264
1703614706.667212009 -94.291027888 -2.047302637 -0.172939525 -0.553840624 -0.591636892 0.430529978 0.397328943
1703614706.801999092 -94.426428997 -2.048121823 -0.171084090 -0.553200997 -0.591801100 0.430562107 0.397940181
1703614706.851920366 -94.479486413 -2.048399162 -0.174406091 -0.553755218 -0.592230226 0.430320344 0.396790776
1703614707.001685143 -94.630046827 -2.052050792 -0.171744224 -0.552992693 -0.592825479 0.430396688 0.396882506
1703614707.071574450 -94.702514744 -2.052589412 -0.173712029 -0.553337940 -0.593278260 0.429954307 0.396203640
1703614707.201370001 -94.831512546 -2.050920342 -0.170553771 -0.553271426 -0.592495975 0.430392670 0.396990426
1703614707.271260500 -94.902860619 -2.052087792 -0.172086543 -0.553345111 -0.593103261 0.430109024 0.396287694
1703614707.401055098 -95.031248893 -2.052755005 -0.167534999 -0.552728884 -0.592814266 0.431065565 0.396540673
1703614707.470945835 -95.102040016 -2.052380824 -0.167151856 -0.552872938 -0.592874039 0.430167278 0.397225379
1703614707.600742817 -95.233672995 -2.054334660 -0.168184266 -0.553524912 -0.592695624 0.430362822 0.396370925
1703614707.670633554 -95.303179000 -2.057063363 -0.166435384 -0.552819597 -0.593444162 0.430107752 0.396512095
1703614707.805423975 -95.438292858 -2.058383052 -0.167581331 -0.552959545 -0.593951308 0.430070328 0.395597141
1703614707.875314951 -95.506816700 -2.060452918 -0.164112870 -0.552061699 -0.594041718 0.430173726 0.396601668
1703614708.000119925 -95.629303954 -2.061467236 -0.162609699 -0.552534000 -0.593918213 0.428903755 0.397503338
1703614708.050042391 -95.679316225 -2.062269019 -0.162620464 -0.552715858 -0.593524034 0.429523763 0.397169660
1703614708.204801798 -95.831200310 -2.073347497 -0.161378604 -0.550915805 -0.595216128 0.431530179 0.394957264
1703614708.269701004 -95.895336954 -2.081693681 -0.161099453 -0.549198811 -0.596726852 0.432656452 0.393835149
1703614708.404490948 -96.028715756 -2.100634820 -0.160330368 -0.546757583 -0.599345954 0.433959909 0.391815479
1703614708.454413891 -96.076814451 -2.104591248 -0.158912326 -0.545845127 -0.599184745 0.434484129 0.392752186
1703614708.604176044 -96.224443309 -2.109858522 -0.157272033 -0.546096992 -0.599209515 0.434616235 0.392217746
1703614708.654095650 -96.273562708 -2.111462761 -0.157177292 -0.545793730 -0.599066354 0.434792566 0.392662873
1703614708.803854227 -96.417795137 -2.118137430 -0.154990167 -0.545233050 -0.599682147 0.435885485 0.391287731
1703614708.853773832 -96.466733655 -2.120749921 -0.156900314 -0.545129142 -0.600009229 0.435842380 0.390978982
1703614709.003532171 -96.612019226 -2.131482205 -0.156006471 -0.544339207 -0.600881520 0.435475876 0.391148295
1703614709.068427801 -96.675042888 -2.137872488 -0.157267536 -0.543944792 -0.601387767 0.435546212 0.390840524
1703614709.203210831 -96.804555962 -2.146864155 -0.156429176 -0.543272058 -0.602261081 0.435440500 0.390549143
1703614709.268106461 -96.864418394 -2.151928425 -0.153515626 -0.542303409 -0.601683430 0.436972400 0.391074397
1703614709.402888536 -96.995149420 -2.169907681 -0.158987033 -0.540959518 -0.604699291 0.437154321 0.388069152
1703614709.467783689 -97.054932806 -2.177413016 -0.156764397 -0.539701673 -0.604722017 0.438569637 0.388188176
1703614709.607562542 -97.187686794 -2.186462165 -0.157406564 -0.539050721 -0.605409756 0.438614281 0.387970180
1703614709.677451849 -97.254866101 -2.184100618 -0.157880359 -0.540575496 -0.604454744 0.438452749 0.387520042
1703614709.807247639 -97.377854794 -2.191668477 -0.159107022 -0.540704880 -0.604148180 0.438428916 0.387844423
1703614709.877136946 -97.445213613 -2.200771064 -0.161322176 -0.539708114 -0.605622811 0.438006277 0.387410202
1703614710.001940966 -97.563352939 -2.212965944 -0.162095676 -0.538048081 -0.607000048 0.438176060 0.387371843
1703614710.066838980 -97.626336788 -2.220002917 -0.164813352 -0.538124183 -0.607470539 0.438189316 0.386512653
1703614710.201626539 -97.755248673 -2.233943783 -0.166287233 -0.537619088 -0.608701144 0.437437723 0.386130641
1703614710.251548052 -97.800672153 -2.241507039 -0.165736769 -0.536540522 -0.609393095 0.437827029 0.386098196
1703614710.401313066 -97.936143236 -2.251545117 -0.163152751 -0.534740307 -0.610263815 0.439596819 0.385208408
1703614710.471202612 -98.002033999 -2.248652505 -0.165298476 -0.536473727 -0.609276439 0.438942308 0.385107532
1703614710.610980034 -98.131144911 -2.243430073 -0.165247230 -0.538767639 -0.606509875 0.438791149 0.386442143
1703614710.800675631 -98.304704500 -2.256155309 -0.162065948 -0.538225888 -0.606802524 0.438707420 0.386832509
1703614710.870563984 -98.367398911 -2.266446771 -0.161638650 -0.536494813 -0.607563322 0.439378650 0.387280940
1703614711.000355959 -98.484428163 -2.277402001 -0.158152797 -0.535718832 -0.608134833 0.440007134 0.386744204
1703614711.070243359 -98.548373300 -2.280123873 -0.158512009 -0.536104986 -0.607501088 0.440551645 0.386585205
1703614711.205026627 -98.673367501 -2.275705359 -0.160259006 -0.538498571 -0.605643426 0.438528619 0.388468762
1703614711.274915218 -98.737065182 -2.273151556 -0.161085165 -0.539582910 -0.604715148 0.437985727 0.389022334
1703614711.414690018 -98.865968291 -2.282467931 -0.163813895 -0.539347221 -0.605354329 0.437491755 0.388910883
1703614711.604387045 -99.039992065 -2.294796674 -0.166402334 -0.539241659 -0.606108571 0.437070226 0.388356088
1703614711.669282675 -99.096862081 -2.298317886 -0.163823627 -0.538655567 -0.605416880 0.437898427 0.389314204
1703614711.804068565 -99.219626562 -2.296624229 -0.161853521 -0.539697824 -0.603237058 0.437911233 0.391235303
1703614711.868965149 -99.279031640 -2.299212177 -0.162643937 -0.540377897 -0.602680164 0.438160387 0.390875714
1703614712.003750324 -99.400866156 -2.312235038 -0.158493813 -0.538927467 -0.602768017 0.438096378 0.392809707
1703614712.053670645 -99.446877481 -2.320637948 -0.159538311 -0.538277865 -0.604115590 0.437111462 0.392727467
1703614712.213416100 -99.592200059 -2.341400070 -0.165762405 -0.536223596 -0.606864813 0.438798881 0.389403256
1703614712.403113365 -99.765346826 -2.346422806 -0.165122860 -0.536217332 -0.606364602 0.439260382 0.389670707
1703614712.468009949 -99.824960729 -2.349008383 -0.167282654 -0.537083330 -0.606391925 0.437647641 0.390249757
1703614712.607788086 -99.951260923 -2.360612921 -0.167661954 -0.537268173 -0.606439230 0.437483191 0.390106175
1703614712.677677870 -100.012202569 -2.367294239 -0.165260460 -0.536265671 -0.606775866 0.438533961 0.389782174
1703614712.807471275 -100.127053961 -2.374873558 -0.166623306 -0.536254539 -0.607569476 0.438467186 0.388634697
1703614712.877360821 -100.186982659 -2.377268561 -0.165873216 -0.536314940 -0.607065496 0.439507019 0.388164074
1703614713.002162457 -100.293042037 -2.374423505 -0.162764717 -0.537175646 -0.605809721 0.440611909 0.387682927
1703614713.067059517 -100.346678707 -2.370947583 -0.162026309 -0.538108835 -0.604180157 0.440893503 0.388610523
1703614713.201845407 -100.461326653 -2.373582766 -0.164276858 -0.539060323 -0.603193352 0.439720021 0.390151318
1703614713.266743660 -100.515205409 -2.380734346 -0.164775508 -0.538098903 -0.603807772 0.439649596 0.390607192
1703614713.401529551 -100.625950910 -2.399665098 -0.164222335 -0.536128514 -0.605346548 0.440255152 0.390252707
1703614713.451449633 -100.667479178 -2.407696012 -0.165660651 -0.535777733 -0.606052335 0.441021947 0.388770409
1703614713.606204271 -100.791452821 -2.431256993 -0.169656786 -0.532517542 -0.609433728 0.442109554 0.386723080
1703614713.676094294 -100.847471481 -2.432958874 -0.171395065 -0.532973066 -0.609529268 0.441921069 0.386160006
1703614713.800895691 -100.949155268 -2.435333908 -0.175630827 -0.534281922 -0.608241127 0.442277528 0.385974283
1703614713.870785475 -101.008570230 -2.438836325 -0.180561187 -0.534944825 -0.608900337 0.440938810 0.385548154
1703614714.010563135 -101.125066220 -2.442158002 -0.185108137 -0.536213339 -0.608814093 0.438140591 0.387109128
1703614714.210246325 -101.286165282 -2.440732701 -0.180775967 -0.537540813 -0.605498035 0.437702973 0.390945151
1703614714.404937983 -101.449982428 -2.439058048 -0.183910258 -0.538522646 -0.604709632 0.438057379 0.390416896
1703614714.469835281 -101.504415561 -2.443015355 -0.184213310 -0.538254267 -0.604872606 0.437174090 0.391523039
1703614714.604622602 -101.619837074 -2.457505947 -0.187903871 -0.538095238 -0.606217117 0.435166557 0.391898443
1703614714.654542685 -101.657846790 -2.462896904 -0.185426192 -0.537244405 -0.606188855 0.436427778 0.391706926
1703614714.804306507 -101.777766782 -2.472073814 -0.181940815 -0.535081205 -0.607469541 0.437861789 0.391083002
1703614714.869203806 -101.830760681 -2.470263122 -0.183847864 -0.535942535 -0.607067988 0.437221204 0.391243755
1703614715.003990412 -101.943634028 -2.458153230 -0.188581273 -0.540103071 -0.604953762 0.435569830 0.390638633
1703614715.053911924 -101.981045019 -2.455383354 -0.186101491 -0.540422697 -0.603918262 0.435703457 0.391648488
1703614715.203674793 -102.105363410 -2.436032861 -0.191554476 -0.544472259 -0.601332145 0.432526142 0.393536208
1703614715.253595829 -102.143819881 -2.432549628 -0.190076000 -0.546048182 -0.599724237 0.432627351 0.393695056
1703614715.403360128 -102.266884121 -2.433533407 -0.191051445 -0.546350115 -0.599127386 0.431013514 0.395948580
1703614715.468257666 -102.320631659 -2.439348227 -0.191581886 -0.545796312 -0.600060686 0.430698003 0.395642249
1703614715.603061438 -102.433270412 -2.443199155 -0.191851986 -0.544828410 -0.600526796 0.431407510 0.395496058
1703614715.652993441 -102.475424272 -2.436169873 -0.192825618 -0.545832657 -0.599405767 0.430754476 0.396522406
1703614715.802789211 -102.604923028 -2.397598456 -0.191438104 -0.552500644 -0.593237093 0.426537815 0.401096350
1703614715.852721453 -102.645954856 -2.389794568 -0.190251680 -0.553519353 -0.591116476 0.426726822 0.402618749
1703614716.002517462 -102.785425504 -2.378879869 -0.196205158 -0.555510694 -0.590211940 0.423762271 0.404330648
1703614716.067430019 -102.842486034 -2.376770478 -0.193619267 -0.555354621 -0.590148836 0.423329106 0.405090194
1703614716.202247620 -102.965244607 -2.371174391 -0.194226606 -0.555500035 -0.589207774 0.423187519 0.406406488
1703614716.252180576 -103.011161299 -2.365105754 -0.193746389 -0.556636220 -0.588133881 0.422759455 0.406852676
1703614716.401979208 -103.150854379 -2.343846376 -0.195095010 -0.559829682 -0.584931204 0.419967001 0.409968208
1703614716.451912880 -103.197567490 -2.337863915 -0.195362583 -0.560280696 -0.584470362 0.418595755 0.411409201
1703614716.611743927 -103.352852486 -2.327357588 -0.198501788 -0.562271272 -0.583773374 0.416595455 0.411713361
1703614716.806568623 -103.539418206 -2.332737138 -0.199623985 -0.560413490 -0.585706609 0.417171728 0.410916340
1703614716.861519814 -103.590912419 -2.335721087 -0.198899646 -0.559594417 -0.586536951 0.417915416 0.410091696
1703614717.011389732 -103.733667643 -2.321289896 -0.200422728 -0.559992459 -0.585258195 0.416050608 0.413259220
1703614717.206223249 -103.923651595 -2.320869561 -0.193809402 -0.560690720 -0.583075859 0.417052812 0.414385582
1703614717.261178017 -103.980636082 -2.329783066 -0.199865823 -0.559342545 -0.586502436 0.415485090 0.412944246
1703614717.406058788 -104.120589019 -2.348872789 -0.198629510 -0.554354898 -0.589962153 0.418589130 0.411604721
1703614717.461014271 -104.177017085 -2.348892333 -0.199040181 -0.554752787 -0.590617624 0.417960215 0.410766875
1703614717.610824347 -104.319803503 -2.340444502 -0.192887171 -0.555735659 -0.587945883 0.418278107 0.412941815
1703614717.800549746 -104.512481960 -2.341510531 -0.198814706 -0.556282488 -0.588935443 0.416912887 0.412175306
1703614717.850476742 -104.562395978 -2.342467586 -0.196895585 -0.556089596 -0.589116214 0.417773695 0.411304739
1703614718.000260830 -104.711230860 -2.339678254 -0.194307804 -0.555327009 -0.588963164 0.418236026 0.412083646
1703614718.050189018 -104.760484855 -2.338575568 -0.193099787 -0.555282242 -0.589172064 0.417843011 0.412244016
1703614718.204965115 -104.911744544 -2.335814354 -0.192064394 -0.555133319 -0.587655248 0.418658169 0.413779707
1703614718.254893303 -104.966335507 -2.336983900 -0.193079060 -0.555251880 -0.588585931 0.417254928 0.413715212
1703614718.404678822 -105.112172635 -2.342995709 -0.186986215 -0.553302078 -0.589127752 0.418571727 0.414225797
1703614718.454606295 -105.162605017 -2.338938779 -0.185295484 -0.553527081 -0.588298784 0.419628260 0.414034340
1703614718.604391813 -105.314511400 -2.333989559 -0.184732242 -0.553365647 -0.587817078 0.419613463 0.414948293
1703614718.669299603 -105.381091888 -2.337717745 -0.182732485 -0.552506522 -0.587947492 0.420741077 0.414766484
1703614718.804108143 -105.521867322 -2.357999944 -0.187066022 -0.550318218 -0.591463692 0.420273749 0.413147112
1703614718.854037523 -105.572433021 -2.366593091 -0.185902635 -0.548656792 -0.593073103 0.420629234 0.412687613
1703614719.003825188 -105.719019448 -2.383452593 -0.183815433 -0.545287724 -0.595191773 0.422755499 0.411929411
1703614719.053754568 -105.770578864 -2.382173445 -0.181894152 -0.546068595 -0.594436142 0.424047112 0.410656558
1703614719.203542709 -105.913038931 -2.380525128 -0.178865752 -0.545647013 -0.594355723 0.423642432 0.411749561
1703614719.253472567 -105.963203899 -2.380290892 -0.181158046 -0.545490982 -0.594861729 0.422136335 0.412771155
1703614719.403262138 -106.106640971 -2.381423460 -0.181225662 -0.545262408 -0.593665335 0.421642754 0.415292384
1703614719.453191280 -106.158658041 -2.388749380 -0.182375634 -0.544366556 -0.594862615 0.420674150 0.415736432
1703614719.602956057 -106.307838571 -2.414570894 -0.184698869 -0.541103982 -0.598545115 0.421737678 0.413627317
1703614719.652869225 -106.357699446 -2.420069007 -0.183783143 -0.539987985 -0.598976047 0.423325427 0.412839260
1703614719.807598352 -106.511303344 -2.424170193 -0.186398165 -0.539767386 -0.600624865 0.422729485 0.411340154
1703614719.877475262 -106.575767643 -2.417712825 -0.184065396 -0.539927423 -0.599175916 0.423132436 0.412826284
1703614720.012238026 -106.708505468 -2.415589797 -0.184550250 -0.542369221 -0.598500748 0.422832345 0.410907887
1703614720.201903582 -106.878836044 -2.422448846 -0.182794842 -0.539454733 -0.600555629 0.424431041 0.410097328
1703614720.251815319 -106.928757908 -2.421492570 -0.183404136 -0.540426412 -0.599252045 0.425903573 0.409197295
1703614720.406541109 -107.071484327 -2.418898702 -0.186377031 -0.541583001 -0.598309420 0.425108769 0.409873425
1703614720.461443186 -107.123621117 -2.422951252 -0.187203377 -0.541258757 -0.598906179 0.424191919 0.410379779
1703614720.606188059 -107.254030434 -2.435025378 -0.188972171 -0.540139632 -0.600720634 0.424341007 0.409045973
1703614720.661091566 -107.303086620 -2.439083770 -0.187457689 -0.539353695 -0.600996670 0.425474418 0.408499833
1703614720.810827971 -107.435669951 -2.438509673 -0.190422738 -0.539658855 -0.600757323 0.425900690 0.408004364
1703614721.010476589 -107.610007188 -2.439127109 -0.192078001 -0.541365389 -0.600117868 0.426834092 0.405702747
1703614721.200141191 -107.767841716 -2.439390765 -0.193055102 -0.540495736 -0.600092248 0.426236102 0.407524770
1703614721.250051498 -107.816309275 -2.440721858 -0.193492721 -0.541981375 -0.599109420 0.425365210 0.407907504
1703614721.404776096 -107.947678555 -2.448387902 -0.200706950 -0.542489543 -0.599296265 0.425242731 0.407084392
1703614721.469660282 -108.006891682 -2.455349863 -0.202769105 -0.541617113 -0.600694136 0.425445309 0.405972594
1703614721.604425907 -108.126550239 -2.463088423 -0.204912097 -0.540335861 -0.602314635 0.426917444 0.403727302
1703614721.654339314 -108.171330246 -2.466859304 -0.204864276 -0.539735711 -0.602628483 0.427148781 0.403817028
1703614721.814059973 -108.314646526 -2.465433086 -0.204568538 -0.541968357 -0.600744848 0.426212548 0.404621788
1703614722.003727913 -108.482081004 -2.471970100 -0.207875708 -0.542042955 -0.601842129 0.425995494 0.403117013
1703614722.068613768 -108.538699298 -2.473428716 -0.206253508 -0.541588200 -0.601955833 0.427060541 0.402430978
1703614722.203376293 -108.655647617 -2.475311228 -0.206310961 -0.541307775 -0.601716133 0.428034114 0.402132297
1703614722.253288031 -108.700540564 -2.476669034 -0.205485442 -0.541704183 -0.601335861 0.427945920 0.402261172
1703614722.403023720 -108.834047664 -2.480955946 -0.207993089 -0.542379443 -0.600784547 0.427427360 0.402726110
1703614722.467908621 -108.893282591 -2.486108135 -0.210112054 -0.542262660 -0.601476188 0.427206345 0.402084993
1703614722.607663155 -109.019962234 -2.489550577 -0.207943224 -0.542386266 -0.601321164 0.427272982 0.402079338
1703614722.677540541 -109.081840430 -2.488704975 -0.209000677 -0.542586400 -0.601033775 0.427179725 0.402338020
1703614722.802321196 -109.196598886 -2.493734194 -0.211307710 -0.543241984 -0.601208483 0.426761931 0.401635110
1703614722.852233887 -109.239580419 -2.498687150 -0.208237830 -0.542419500 -0.601446567 0.427585493 0.401514333
1703614723.001971006 -109.373960572 -2.508772108 -0.211927615 -0.542045252 -0.602243172 0.428532747 0.399812195
1703614723.051882982 -109.417276759 -2.512166276 -0.209541183 -0.541270780 -0.602012718 0.429332329 0.400350322
1703614723.201617956 -109.552040874 -2.511188398 -0.211551534 -0.542518050 -0.601585407 0.427696093 0.401055129
1703614723.251529694 -109.600666566 -2.511359122 -0.212971322 -0.543481061 -0.601169079 0.427404577 0.400686164
1703614723.401264429 -109.741649141 -2.510783692 -0.216325375 -0.544055107 -0.600078535 0.429236765 0.399581771
1703614723.451175690 -109.789360157 -2.511637355 -0.215037301 -0.544338411 -0.600118850 0.429405947 0.398953121
1703614723.600917578 -109.933173237 -2.511372149 -0.214943066 -0.544868014 -0.598828535 0.429663229 0.399890913
1703614723.650835276 -109.979184124 -2.512205868 -0.211077906 -0.544842149 -0.598203704 0.430567447 0.399888779
1703614723.800588131 -110.120796901 -2.527186957 -0.210458584 -0.543694508 -0.599405407 0.431820685 0.398296795
1703614723.850505590 -110.164782453 -2.532631021 -0.205829623 -0.542241959 -0.599581467 0.433144546 0.398574366
1703614724.010240793 -110.316631334 -2.537666905 -0.210801213 -0.543273181 -0.599955527 0.432038674 0.397806739
1703614724.204917431 -110.501129953 -2.548561162 -0.210739217 -0.542575600 -0.600289481 0.432839491 0.397384237
1703614724.269809484 -110.561663710 -2.556033703 -0.209708946 -0.541791196 -0.600679183 0.434435690 0.396121761
1703614724.414568424 -110.697261707 -2.572010798 -0.206679711 -0.539966902 -0.602377123 0.435777733 0.394557112
1703614724.614229679 -110.881793182 -2.560352135 -0.206454405 -0.543695270 -0.599073339 0.435259021 0.395039458
1703614724.803895712 -111.061020111 -2.545506218 -0.211173400 -0.547578881 -0.596381519 0.433131014 0.396085820
1703614724.853807926 -111.107113805 -2.544128809 -0.210755770 -0.547629422 -0.595719081 0.433988539 0.396074161
1703614725.003543615 -111.249913377 -2.543409345 -0.211032815 -0.547908829 -0.595112582 0.432996952 0.397681493
1703614725.053455353 -111.297379562 -2.538352173 -0.208554273 -0.548951670 -0.593979657 0.433595041 0.397285253
1703614725.203188896 -111.442610542 -2.530816175 -0.209052762 -0.550128559 -0.591850960 0.433519919 0.398912885
1703614725.253100395 -111.492771823 -2.531448768 -0.213462838 -0.550714651 -0.593029155 0.431501586 0.398542565
1703614725.402833700 -111.640562292 -2.551759008 -0.217684853 -0.549233286 -0.595610643 0.431363871 0.396882817
1703614725.452744722 -111.687718434 -2.557849844 -0.217650843 -0.548603632 -0.596731856 0.431518775 0.395899853
1703614725.602479458 -111.827600374 -2.579933882 -0.219504505 -0.546665669 -0.599446027 0.432909744 0.392950709
1703614725.652390957 -111.871946340 -2.588156788 -0.220107397 -0.544831698 -0.600883012 0.434079133 0.392011905
1703614725.802127838 -112.010341258 -2.597463141 -0.219990175 -0.543350127 -0.600958687 0.435945694 0.391880911
1703614725.852040052 -112.058510233 -2.597142850 -0.221449032 -0.544820421 -0.601254859 0.434900905 0.390543860
1703614726.001774549 -112.201497745 -2.589044234 -0.221993677 -0.547281283 -0.598800325 0.433845594 0.392045110
1703614726.051687479 -112.246249626 -2.584480626 -0.218494159 -0.548498051 -0.597477057 0.434230127 0.391937815
1703614726.201420784 -112.380329201 -2.584130579 -0.212758620 -0.548475360 -0.596403880 0.436670451 0.390891429
1703614726.256323099 -112.428924931 -2.581203140 -0.211440764 -0.548546632 -0.596135599 0.436517833 0.391370823
1703614726.411046982 -112.566678909 -2.574111385 -0.211133336 -0.550141513 -0.594382345 0.435489520 0.392941244
1703614726.600711107 -112.739863631 -2.591759959 -0.212036977 -0.548304896 -0.596083572 0.437064897 0.391178209
1703614726.670589685 -112.800713182 -2.595422994 -0.211301603 -0.547352948 -0.597207872 0.437585968 0.390212799
1703614726.800362349 -112.924252126 -2.595058759 -0.214954354 -0.548468371 -0.597216192 0.436678240 0.389650331
1703614726.850274563 -112.967297276 -2.592905734 -0.213474879 -0.548879133 -0.596448215 0.436527399 0.390416513
1703614727.000010729 -113.106404121 -2.589052145 -0.217538094 -0.550838484 -0.596132394 0.434388889 0.390524553
1703614727.069888115 -113.166925930 -2.588214801 -0.215611665 -0.550909011 -0.595717947 0.434372514 0.391075324
1703614727.204649448 -113.290184541 -2.589890119 -0.215249124 -0.551775717 -0.594803522 0.434389675 0.391226200
1703614727.269534349 -113.346892844 -2.592559036 -0.212198318 -0.550982201 -0.594751219 0.435443758 0.391252266
1703614727.404295683 -113.467425895 -2.587059447 -0.206527429 -0.551541059 -0.594106726 0.433451452 0.393648951
1703614727.454206944 -113.508580822 -2.580874358 -0.204319621 -0.552386599 -0.592297632 0.433326592 0.395323444
1703614727.608933687 -113.649613055 -2.574946672 -0.204858456 -0.554143114 -0.591110754 0.432004244 0.396088145
1703614727.663836956 -113.698625849 -2.578854716 -0.203364708 -0.553182527 -0.591860847 0.432586887 0.395674631
1703614727.803591251 -113.833418370 -2.588935050 -0.207433743 -0.551588894 -0.594067719 0.434465130 0.392521703
1703614727.853503466 -113.876924847 -2.588892481 -0.207055940 -0.552109105 -0.594483063 0.434105654 0.391558049
1703614728.003238201 -114.018847717 -2.580199547 -0.210441213 -0.554830688 -0.593906007 0.434125018 0.388553769
1703614728.053149939 -114.062050134 -2.578273837 -0.210867944 -0.555061577 -0.594522398 0.433523645 0.387952334
1703614728.202884436 -114.190451600 -2.559559744 -0.202456815 -0.557101914 -0.590307578 0.432210130 0.392897981
1703614728.252795696 -114.233038346 -2.552703766 -0.203037366 -0.559827011 -0.588731237 0.430047461 0.393761895
1703614728.402529001 -114.360139178 -2.546265787 -0.196543067 -0.561872325 -0.584934006 0.428795721 0.397851641
1703614728.467413187 -114.413654441 -2.546275773 -0.194287901 -0.560495335 -0.585772628 0.428369751 0.399017248
1703614728.602173567 -114.532446109 -2.538705982 -0.195211952 -0.559052500 -0.586331636 0.430830365 0.397568499
1703614728.667059660 -114.588133212 -2.533869942 -0.195545196 -0.559728615 -0.586079670 0.430582952 0.397256617
1703614728.801822662 -114.711169874 -2.515730589 -0.194921484 -0.562337331 -0.582859061 0.429133720 0.399870343
1703614728.866708279 -114.767131459 -2.512488219 -0.194044706 -0.563382992 -0.581839802 0.428168465 0.400916219
1703614729.001469374 -114.891557499 -2.513211238 -0.193288289 -0.563162952 -0.582744971 0.427128606 0.401019877
1703614729.061363459 -114.943804242 -2.515774414 -0.193235216 -0.562274605 -0.583147775 0.428305677 0.400425009
1703614729.201115370 -115.069370785 -2.522839149 -0.190070754 -0.559802281 -0.585367588 0.431184131 0.397550548
1703614729.251026630 -115.111417505 -2.523974641 -0.189461902 -0.558732657 -0.586270629 0.431076672 0.397841012
1703614729.400759697 -115.246354323 -2.509249717 -0.191272898 -0.562192611 -0.584077145 0.428222963 0.399272401
1703614729.450669765 -115.285209282 -2.503998029 -0.185824883 -0.563452962 -0.581794258 0.428425656 0.400609108
1703614729.600404024 -115.416979136 -2.505360211 -0.186289518 -0.562833540 -0.581704006 0.428472642 0.401559523
1703614729.650316715 -115.462660731 -2.509516041 -0.189714308 -0.561908180 -0.583813859 0.428291042 0.399984199
1703614729.800053120 -115.599515693 -2.514985138 -0.187306362 -0.559149991 -0.585308654 0.430234347 0.399579121
1703614729.854956150 -115.647230605 -2.515064586 -0.185498184 -0.559401839 -0.584755039 0.429998978 0.400289901
1703614730.004691601 -115.789433977 -2.501885536 -0.186249840 -0.562934894 -0.583067037 0.427110721 0.400890967
1703614730.069576502 -115.847654863 -2.499667246 -0.186519906 -0.563274402 -0.582695724 0.427323405 0.400727275
1703614730.204336405 -115.973127553 -2.499808777 -0.186097270 -0.561969163 -0.583753441 0.429322026 0.398879904
1703614730.269222021 -116.033104236 -2.500040203 -0.185843879 -0.561082600 -0.584626336 0.429039900 0.399153013
1703614730.403980732 -116.159829103 -2.490858551 -0.183332185 -0.562658244 -0.583029613 0.427378436 0.401048430
1703614730.468864441 -116.219131491 -2.486391535 -0.183548660 -0.563934983 -0.581965413 0.426343150 0.401901869
1703614730.603626728 -116.347937653 -2.487886304 -0.184835876 -0.564094368 -0.581965856 0.426693539 0.401305260
1703614730.668514013 -116.409115912 -2.492659556 -0.184662013 -0.562810543 -0.583431622 0.427252713 0.400383509
1703614730.803279638 -116.536526156 -2.493568496 -0.183072718 -0.561868584 -0.584090056 0.427961075 0.399989774
1703614730.853191376 -116.582177046 -2.490085943 -0.181964113 -0.562284477 -0.583250998 0.427808284 0.400792355
1703614731.007920742 -116.732918765 -2.477079288 -0.185907913 -0.565098916 -0.581746543 0.423624417 0.403455734
1703614731.062825203 -116.782625952 -2.477172583 -0.183526210 -0.565216769 -0.581281359 0.423980457 0.403587113
1703614731.202579498 -116.915610706 -2.500823212 -0.183392347 -0.561022341 -0.585506455 0.425172215 0.402075506
1703614731.252491951 -116.962530268 -2.506637210 -0.183426955 -0.559520407 -0.587185600 0.425558883 0.401309883
1703614731.402228117 -117.103680339 -2.500149643 -0.182764526 -0.559621729 -0.586566560 0.425323341 0.402322316
1703614731.452139854 -117.152376697 -2.492823859 -0.183069294 -0.561671443 -0.585388858 0.424725209 0.401812856
1703614731.601881742 -117.295515799 -2.478076610 -0.178508978 -0.563401656 -0.582911575 0.424423977 0.403307522
1703614731.666777134 -117.356645249 -2.479817524 -0.177086870 -0.562429820 -0.583748647 0.424093830 0.403800246
1703614731.801557064 -117.485126104 -2.482603940 -0.177363505 -0.561807563 -0.584663099 0.423374639 0.404098055
1703614731.871443987 -117.549405372 -2.482681369 -0.174110534 -0.561403934 -0.584357115 0.423289007 0.405189834
1703614732.001232862 -117.672246193 -2.481627423 -0.172210407 -0.562000035 -0.583695390 0.424970018 0.403554379
1703614732.061136007 -117.726290880 -2.485639769 -0.169525547 -0.560605941 -0.583969823 0.426548291 0.403431259
1703614732.200908899 -117.859197273 -2.502477617 -0.170421743 -0.558012199 -0.588047584 0.426008317 0.401670684
1703614732.250826836 -117.904149141 -2.506559687 -0.168341330 -0.556967516 -0.587851953 0.427137467 0.402207473
1703614732.400584221 -118.043972662 -2.520359706 -0.166986349 -0.555556529 -0.589424342 0.427701162 0.401257529
1703614732.470471382 -118.109361477 -2.522962265 -0.169711445 -0.554859707 -0.590621620 0.427297904 0.400890646
1703614732.600274324 -118.232481576 -2.522918688 -0.178479279 -0.556095850 -0.591507447 0.427788006 0.397333319
1703614732.670181751 -118.297036928 -2.524915862 -0.176331312 -0.555999037 -0.591323996 0.428745525 0.396709310
1703614732.800009966 -118.416596897 -2.533604462 -0.170337686 -0.555740910 -0.591210397 0.428411484 0.397600185
1703614732.869917870 -118.477771808 -2.542920092 -0.164610520 -0.553655228 -0.591997839 0.428312803 0.399440345
1703614733.004743576 -118.604680822 -2.561050444 -0.168493729 -0.552341040 -0.594772180 0.428345161 0.397096779
1703614733.054679394 -118.648926081 -2.565807894 -0.164612189 -0.551281559 -0.594671390 0.430391602 0.396506808
1703614733.204488754 -118.783664358 -2.575887853 -0.157662011 -0.548640380 -0.595965405 0.432130757 0.396335688
1703614733.254425764 -118.831524770 -2.576840878 -0.159312768 -0.548747095 -0.596607796 0.430624078 0.396861016
1703614733.404238701 -118.970431251 -2.580552869 -0.157258764 -0.549539699 -0.596694527 0.429017704 0.397373339
1703614733.454175711 -119.015660641 -2.584193500 -0.155053982 -0.549386325 -0.596554195 0.430431450 0.396265726
1703614733.603975773 -119.148409090 -2.602423680 -0.150815141 -0.546349449 -0.599114894 0.432249056 0.394619282
1703614733.653899670 -119.192787370 -2.605512071 -0.148821689 -0.545616809 -0.598975945 0.432785127 0.395255803
1703614733.803671360 -119.324585841 -2.608603423 -0.143226256 -0.545761969 -0.597992352 0.432096671 0.397292698
1703614733.868572712 -119.386191480 -2.608491360 -0.146541156 -0.546772952 -0.598316212 0.430061324 0.397623323
1703614734.003368378 -119.501366050 -2.611091619 -0.135584083 -0.545967243 -0.597188981 0.432308578 0.397987920
1703614734.053292990 -119.548145054 -2.614044228 -0.138547444 -0.546450151 -0.598450605 0.431658251 0.396131621
1703614734.203065872 -119.674921627 -2.623287710 -0.135302332 -0.544529184 -0.600182295 0.431904876 0.395888064
1703614734.267968893 -119.729278519 -2.628211206 -0.134503842 -0.543518377 -0.600271025 0.431880731 0.397166847
1703614734.402765512 -119.841655658 -2.630664147 -0.124447377 -0.544642699 -0.597200515 0.432392081 0.399691085
1703614734.452690601 -119.885064367 -2.637403617 -0.127120283 -0.544286135 -0.597607292 0.432365381 0.399597678
1703614734.602468252 -120.012172526 -2.641346775 -0.127662926 -0.542641696 -0.600050671 0.433510346 0.396923119
1703614734.652395487 -120.056632936 -2.637523407 -0.128440072 -0.543774226 -0.599323336 0.434178713 0.395739783
1703614734.802178383 -120.186155454 -2.636805416 -0.130086314 -0.544702025 -0.598975579 0.431408773 0.398013103
1703614734.852106333 -120.231506216 -2.640732048 -0.133738851 -0.545265411 -0.599147930 0.430819570 0.397620281
1703614735.001891136 -120.361475452 -2.660391290 -0.126884577 -0.542814848 -0.600472120 0.433305448 0.396272207
1703614735.051819563 -120.403282034 -2.665876684 -0.124611269 -0.541549584 -0.601013081 0.435166227 0.395142607
1703614735.201605082 -120.531214055 -2.655455189 -0.119638282 -0.542042443 -0.599371483 0.435466326 0.396626896
1703614735.271506071 -120.592661603 -2.646770280 -0.121037782 -0.544810323 -0.597336579 0.433867922 0.397654811
1703614735.401322365 -120.705922061 -2.649391638 -0.118533527 -0.546690063 -0.595879513 0.432361076 0.398900338
1703614735.471224308 -120.764609995 -2.661314699 -0.117634128 -0.545240136 -0.597056622 0.432743488 0.398709992
1703614735.601032495 -120.873843726 -2.684031858 -0.112320043 -0.541431866 -0.600442888 0.435702581 0.395579492
1703614735.650952578 -120.915994458 -2.688998531 -0.113478302 -0.540726622 -0.601427915 0.436908731 0.393713021
1703614735.800713062 -121.039794230 -2.681377284 -0.108076198 -0.542051297 -0.600182298 0.436457894 0.394291907
1703614735.850633383 -121.079209086 -2.678302309 -0.105614919 -0.543271883 -0.598527400 0.436233539 0.395374394
1703614736.000393867 -121.201641172 -2.680010324 -0.105502459 -0.545606304 -0.597170062 0.434388105 0.396243173
1703614736.050313950 -121.243502317 -2.684451351 -0.107803745 -0.545476192 -0.597699036 0.433382512 0.396725578
1703614736.200074196 -121.363938659 -2.707010451 -0.101361387 -0.542172516 -0.599844211 0.433977392 0.397365711
1703614736.269961834 -121.423445164 -2.717445341 -0.104454592 -0.541367641 -0.601331232 0.434250386 0.395914674
1703614736.404746532 -121.535883401 -2.729485337 -0.104424729 -0.540496027 -0.603843870 0.434521038 0.392973400
1703614736.469642401 -121.586817906 -2.731131698 -0.103688693 -0.539807887 -0.604313040 0.434326359 0.393413026
1703614736.604425669 -121.697288775 -2.730292808 -0.100721419 -0.540536010 -0.602733353 0.434498110 0.394645054
1703614736.654346704 -121.737870807 -2.731757565 -0.102651871 -0.541183390 -0.601863634 0.434617587 0.394953488
1703614736.804105759 -121.855370716 -2.732882337 -0.085271438 -0.540300756 -0.599674501 0.436376514 0.397543864
1703614736.854025602 -121.896227670 -2.728427851 -0.085806220 -0.540476166 -0.598890071 0.435253869 0.399712730
1703614737.003785372 -122.026728859 -2.685074333 -0.087875463 -0.549070556 -0.592994230 0.430258362 0.402190389
1703614737.068681240 -122.079025673 -2.671869158 -0.088751270 -0.551193432 -0.591163797 0.428891540 0.403439231
1703614737.203464985 -122.194778364 -2.656656949 -0.092659500 -0.553361280 -0.589733759 0.426806386 0.404773637
1703614737.253385067 -122.237974745 -2.655710562 -0.097168777 -0.554373905 -0.589935616 0.425989939 0.403953109
1703614737.403144598 -122.365164230 -2.661189656 -0.091153668 -0.553632093 -0.589689895 0.426179358 0.405127742
1703614737.453064442 -122.408030074 -2.659962936 -0.093417561 -0.553836659 -0.589801463 0.425793293 0.405091670
1703614737.602823257 -122.538274325 -2.643083288 -0.091737898 -0.555922181 -0.588169757 0.425160897 0.405271609
1703614737.667719126 -122.592353630 -2.635328841 -0.093842948 -0.557077064 -0.586778294 0.425429957 0.405420437
1703614737.802503824 -122.710882250 -2.630755525 -0.091372923 -0.557739776 -0.586457243 0.426279388 0.404079359
1703614737.852424145 -122.754377184 -2.632863317 -0.094770593 -0.557458235 -0.587368343 0.426395439 0.403020689
1703614738.002184629 -122.883181151 -2.630563026 -0.086803124 -0.556765392 -0.586198759 0.427823292 0.404166482
1703614738.052104473 -122.928722471 -2.630283358 -0.090981107 -0.557467123 -0.585962594 0.427578947 0.403800060
1703614738.201864958 -123.064296727 -2.645878049 -0.087603357 -0.555931484 -0.587586087 0.429508126 0.401504103
1703614738.251785040 -123.110170240 -2.652576164 -0.091076197 -0.554472458 -0.589498373 0.429378941 0.400856191
1703614738.401545525 -123.248252324 -2.662373547 -0.092021833 -0.553954004 -0.590836026 0.428938575 0.400074306
1703614738.451465607 -123.290906622 -2.666824170 -0.091054691 -0.553156755 -0.591246364 0.428629846 0.400901231
1703614738.601224899 -123.426968890 -2.682848973 -0.090706501 -0.551618606 -0.592951511 0.430393911 0.398605694
1703614738.651144743 -123.470609423 -2.689178433 -0.090778133 -0.550398259 -0.594145569 0.432173388 0.396584118
1703614738.800904751 -123.595648552 -2.703141222 -0.081909091 -0.546244557 -0.596197861 0.437975530 0.392864390
1703614738.850824594 -123.638430211 -2.706016346 -0.080969042 -0.545030290 -0.596125098 0.438747168 0.393799152
1703614739.000584602 -123.777289659 -2.702303903 -0.085171086 -0.547442020 -0.595271317 0.435027826 0.395866245
1703614739.050504923 -123.820768323 -2.701478426 -0.084725378 -0.548295162 -0.593409383 0.435856927 0.396568353
1703614739.200264692 -123.958805793 -2.717656752 -0.078690915 -0.546395893 -0.594483018 0.437142153 0.396166895
1703614739.250184536 -124.003535470 -2.724942118 -0.079062664 -0.544718763 -0.595723549 0.438159772 0.395488226
1703614739.404936075 -124.146923318 -2.734145632 -0.080833030 -0.543359442 -0.597772401 0.438006891 0.394434578
1703614739.454855919 -124.192615291 -2.732805092 -0.081637251 -0.543865658 -0.597302377 0.437266138 0.395269960
1703614739.604617834 -124.327495507 -2.724132765 -0.075922860 -0.545687969 -0.594274419 0.438027582 0.396477482
1703614739.654540300 -124.374900738 -2.722741639 -0.075523431 -0.546094697 -0.594078013 0.437501834 0.396792190
1703614739.804307461 -124.515714687 -2.738749457 -0.079241549 -0.544114386 -0.596325203 0.439027797 0.394449465
1703614739.869206429 -124.577854994 -2.747137537 -0.081445492 -0.543474415 -0.597912979 0.439598534 0.392286576
1703614740.003997564 -124.704531293 -2.756855498 -0.084837621 -0.542815897 -0.599833154 0.440562086 0.389173661
1703614740.053920507 -124.750258247 -2.754919319 -0.086178462 -0.543469346 -0.598898129 0.441304130 0.388860856
1703614740.203688383 -124.887876762 -2.745145547 -0.081405205 -0.545373990 -0.595142193 0.440657109 0.392675812
1703614740.253611326 -124.937479654 -2.745306798 -0.082999729 -0.546881595 -0.595334205 0.438991467 0.392153283
1703614740.403380156 -125.076541550 -2.767274415 -0.085298989 -0.544815197 -0.597045362 0.439385643 0.391986598
1703614740.453302860 -125.122720498 -2.773827909 -0.084974360 -0.544137650 -0.597466542 0.440024474 0.391569166
1703614740.603068829 -125.262561606 -2.796330526 -0.085198485 -0.541898896 -0.600268933 0.441737052 0.388447128
1703614740.652988911 -125.307784386 -2.803945024 -0.090423272 -0.541200882 -0.601429374 0.442049117 0.387268500
1703614740.802749872 -125.447407298 -2.806379448 -0.090405167 -0.541460967 -0.601831806 0.440623898 0.387903441
1703614740.852670193 -125.491719491 -2.804943684 -0.090590668 -0.542116541 -0.600553538 0.440562561 0.389036932
1703614741.002430916 -125.634312987 -2.805681481 -0.093334163 -0.544199108 -0.600254783 0.436871683 0.390748844
1703614741.052350998 -125.679162915 -2.807462383 -0.095477255 -0.544039779 -0.600189727 0.436732403 0.391226045
1703614741.202111721 -125.816914111 -2.816382160 -0.093857403 -0.543613569 -0.600705104 0.436949368 0.390784999
1703614741.267007828 -125.871194581 -2.823600312 -0.089408342 -0.542328154 -0.600375505 0.439088502 0.390679809
1703614741.401792765 -125.991197225 -2.833349748 -0.089826542 -0.541404201 -0.601786019 0.437816368 0.391218489
1703614741.451712847 -126.034743762 -2.830944541 -0.092587654 -0.541848134 -0.601119688 0.436156039 0.393476340
1703614741.601473570 -126.174089484 -2.821973505 -0.097817586 -0.545519313 -0.599142464 0.432249845 0.395723462
1703614741.651394129 -126.219894628 -2.823582365 -0.095705171 -0.545630501 -0.598750362 0.433158951 0.395169184
1703614741.801155090 -126.356664677 -2.841989450 -0.098064906 -0.543095735 -0.601107463 0.435072139 0.392974648
1703614741.871042967 -126.422553211 -2.849126253 -0.099055866 -0.542194987 -0.602239761 0.435386139 0.392136170
1703614742.000836372 -126.543002229 -2.856489097 -0.103790745 -0.542566090 -0.603013846 0.434314728 0.391621064
1703614742.050756693 -126.588725698 -2.856794556 -0.107466274 -0.543064831 -0.602998957 0.433316929 0.392057758
1703614742.200517654 -126.730358671 -2.849180464 -0.111831762 -0.545597548 -0.600934001 0.432367587 0.392759356
1703614742.250437975 -126.779244168 -2.849671853 -0.118908612 -0.547186015 -0.601543063 0.431228164 0.390865296
1703614742.400197744 -126.917462003 -2.850119196 -0.116429607 -0.546663974 -0.600424942 0.432426833 0.391989059
1703614742.450118065 -126.966894040 -2.850204723 -0.122677029 -0.548170849 -0.600978300 0.431193110 0.390392503
1703614742.604872942 -127.111170702 -2.846096566 -0.116240712 -0.548479215 -0.598798259 0.431251588 0.393234361
1703614742.654795408 -127.158461397 -2.845080144 -0.119445648 -0.549055041 -0.597957005 0.430662741 0.394354644
1703614742.804562092 -127.305990289 -2.852604281 -0.120247741 -0.550053719 -0.597423333 0.429617546 0.394911422
1703614742.869460821 -127.367248410 -2.857884419 -0.120308408 -0.548514325 -0.597771745 0.429500331 0.396649016
1703614743.004251242 -127.502449055 -2.862791402 -0.124389896 -0.549949331 -0.598650859 0.427944635 0.395014266
1703614743.054173470 -127.550291878 -2.865564761 -0.123559671 -0.549841269 -0.599794078 0.427599647 0.393802215
1703614743.203940868 -127.682964269 -2.866542002 -0.119860092 -0.547716393 -0.598981200 0.430019412 0.395362593
1703614743.253862381 -127.728965373 -2.865324619 -0.120654417 -0.547927566 -0.598376268 0.429278415 0.396788692
1703614743.403629541 -127.871935891 -2.850321626 -0.120258253 -0.553423286 -0.593080170 0.426201070 0.400413820
1703614743.453552961 -127.919104456 -2.850004119 -0.122657001 -0.554505361 -0.592395704 0.426016668 0.400126147
1703614743.603318214 -128.063806198 -2.858514602 -0.125960223 -0.552935273 -0.594299774 0.424172444 0.401432561
1703614743.653239489 -128.112300726 -2.859771387 -0.124989641 -0.552948410 -0.594557550 0.424566499 0.400615357
1703614743.802999496 -128.246775748 -2.876608320 -0.130811227 -0.549875161 -0.598933433 0.424485934 0.398406502
1703614743.842936516 -128.277734167 -2.878187692 -0.125840451 -0.548169694 -0.598314144 0.425613456 0.400478910
1703614744.002681017 -128.412542166 -2.845564808 -0.119986235 -0.553900190 -0.591601359 0.422725424 0.405592934
1703614744.052601337 -128.453591255 -2.837525207 -0.118386407 -0.555456348 -0.589248235 0.422191229 0.407442424
1703614744.202362537 -128.580417115 -2.814913142 -0.115997943 -0.558395810 -0.585668439 0.421057605 0.409752477
1703614744.252282619 -128.625710102 -2.808801018 -0.120303792 -0.559833743 -0.585609127 0.420279420 0.408672655
1703614744.402044058 -128.757696492 -2.796548202 -0.122139383 -0.560133669 -0.586024482 0.418606694 0.409382480
1703614744.456955910 -128.806332152 -2.790102842 -0.123502233 -0.560526447 -0.584870960 0.418008134 0.411102496
1703614744.601725340 -128.938755643 -2.774689502 -0.127076826 -0.563677115 -0.582560766 0.414675122 0.413443596
1703614744.651645422 -128.984804840 -2.768431940 -0.128667847 -0.564969489 -0.581788647 0.414018263 0.413425114
1703614744.801405430 -129.121405941 -2.752334885 -0.128166160 -0.566064450 -0.579869835 0.414015507 0.414624134
1703614744.851326704 -129.167673960 -2.746772827 -0.130296186 -0.566788067 -0.579520706 0.414132234 0.414006679
1703614745.011070728 -129.314116984 -2.742949240 -0.128421008 -0.566432190 -0.580691162 0.413599657 0.413385622
1703614745.200767517 -129.485362411 -2.740497618 -0.129811755 -0.565304202 -0.580906975 0.415266458 0.412955220
1703614745.250687838 -129.531719264 -2.739291502 -0.130081476 -0.565525120 -0.581228163 0.415400694 0.412064831
1703614745.400448561 -129.666530046 -2.735742521 -0.129281550 -0.564106553 -0.580731323 0.417118774 0.412973190
1703614745.450368643 -129.713506962 -2.736635782 -0.130832487 -0.564188692 -0.580624959 0.417341379 0.412785599
1703614745.600129366 -129.853611148 -2.757829657 -0.133178843 -0.562243580 -0.583069522 0.419269040 0.410031172
1703614745.650049448 -129.899156155 -2.770044386 -0.133818196 -0.560560543 -0.585325591 0.420475478 0.407880132
1703614745.804801941 -130.037696962 -2.799632046 -0.137825205 -0.554468755 -0.591459112 0.425299605 0.402319233
1703614745.854722261 -130.083732588 -2.804378596 -0.139366039 -0.554280614 -0.592644646 0.425661528 0.400446736
1703614746.004482746 -130.218312817 -2.794445236 -0.142746357 -0.555945948 -0.591229040 0.425441525 0.400464522
1703614746.069378853 -130.276612664 -2.786758402 -0.143415367 -0.557590302 -0.589796529 0.424471685 0.401318948
1703614746.204163551 -130.400231305 -2.787165224 -0.149087682 -0.558245215 -0.588949523 0.423491644 0.402685444
1703614746.254083633 -130.447586602 -2.791630265 -0.150551239 -0.558201807 -0.589260918 0.424472307 0.401254999
1703614746.403844357 -130.587124223 -2.801558108 -0.150741376 -0.555104228 -0.590837354 0.426744770 0.400823426
1703614746.453764439 -130.635448474 -2.799395708 -0.151252938 -0.555803741 -0.590801400 0.426185210 0.400502277
1703614746.603525162 -130.779275273 -2.791966009 -0.154791425 -0.557450273 -0.589235127 0.425931548 0.400791061
1703614746.653444529 -130.826666323 -2.793002418 -0.153025924 -0.556545286 -0.588884283 0.426498984 0.401959279
1703614746.803206205 -130.972972600 -2.798386456 -0.157470695 -0.556105820 -0.590308660 0.425449555 0.401590189
1703614746.868103743 -131.035858989 -2.799164196 -0.160212373 -0.556365136 -0.590565497 0.424858471 0.401479152
1703614747.002888441 -131.167589960 -2.797338629 -0.163240739 -0.557201413 -0.589943887 0.425384525 0.400675431
1703614747.067785978 -131.229720523 -2.797029989 -0.163985707 -0.556817813 -0.590093744 0.426602049 0.399692367
1703614747.202570915 -131.359285763 -2.802873708 -0.166742470 -0.555460108 -0.590962712 0.428243098 0.398541077
1703614747.252491236 -131.408043589 -2.808354001 -0.169104212 -0.555105769 -0.591721457 0.428688469 0.397428608
1703614747.402252913 -131.551749190 -2.838039801 -0.171257567 -0.551533045 -0.595383223 0.428919428 0.396684058
1703614747.467149734 -131.617548098 -2.846510178 -0.178212705 -0.552213444 -0.596447048 0.428135179 0.394982910
1703614747.601935148 -131.746159464 -2.852646861 -0.176490111 -0.550914252 -0.596310207 0.430265434 0.394688839
1703614747.651855469 -131.795574038 -2.854014869 -0.179487607 -0.550458025 -0.596896991 0.430526003 0.394153911
1703614747.801616192 -131.943513550 -2.856780404 -0.184980619 -0.549773045 -0.598595735 0.429381212 0.393782325
1703614747.871503830 -132.009923879 -2.857519396 -0.186069844 -0.549898526 -0.598042405 0.429055317 0.394801757
1703614748.001297235 -132.135462506 -2.872063473 -0.189203518 -0.549171565 -0.598906692 0.429462332 0.394060238
1703614748.071184874 -132.201049777 -2.880633628 -0.188035217 -0.547501023 -0.600015936 0.430879596 0.393149183
1703614748.200976849 -132.321849561 -2.887361137 -0.189019132 -0.546465764 -0.601128340 0.431794737 0.391884157
1703614748.255889654 -132.372041499 -2.885488158 -0.189711776 -0.546871283 -0.600580432 0.432180008 0.391733818
1703614748.400657654 -132.505773287 -2.875285359 -0.186823983 -0.549197398 -0.597336362 0.431279699 0.394422754
1703614748.450577974 -132.550717998 -2.875429200 -0.187343291 -0.549488760 -0.596801624 0.431469879 0.394618382
1703614748.600338697 -132.686368825 -2.880841982 -0.187916804 -0.548260192 -0.597442646 0.431800785 0.394995099
1703614748.650259018 -132.732289938 -2.877624520 -0.189611305 -0.548558035 -0.597266194 0.431334471 0.395357749
1703614748.800020218 -132.869818480 -2.864937342 -0.191199852 -0.550596576 -0.595131460 0.429710643 0.397505622
1703614748.854932308 -132.919612095 -2.862502796 -0.190771549 -0.551447882 -0.594693173 0.428950974 0.397801867
1703614749.004693508 -133.052067897 -2.866873914 -0.191784462 -0.551070909 -0.594911643 0.429063748 0.397875972
1703614749.054614067 -133.095989962 -2.867583390 -0.192260977 -0.550432687 -0.594869277 0.429680557 0.398157029
1703614749.204375267 -133.226998258 -2.855811609 -0.191719936 -0.551940574 -0.592404325 0.430074247 0.399317995
1703614749.254295588 -133.272175131 -2.854498018 -0.192651401 -0.552168726 -0.592233218 0.429777136 0.399576185
1703614749.404057026 -133.408128893 -2.862912002 -0.190966665 -0.551547297 -0.592628555 0.430039260 0.399566279
1703614749.453977585 -133.451451877 -2.866762165 -0.190105612 -0.550820663 -0.593070854 0.430031640 0.399920427
1703614749.603738070 -133.585669962 -2.870329999 -0.194596437 -0.550381928 -0.593443500 0.429622477 0.400411131
1703614749.668632269 -133.644690087 -2.868055001 -0.195471900 -0.551681809 -0.592781936 0.429066495 0.400198326
1703614749.803413153 -133.762923384 -2.873126868 -0.191701091 -0.550836335 -0.591953600 0.430979574 0.400533238
1703614749.868307352 -133.824234086 -2.882237501 -0.196006552 -0.550270714 -0.594260911 0.430437739 0.398471410
1703614750.003087044 -133.941053836 -2.907729490 -0.192375180 -0.546145825 -0.597814467 0.432528426 0.396562431
1703614750.067982197 -133.996215005 -2.917779855 -0.190996650 -0.544236663 -0.598514274 0.433568779 0.396995254
1703614750.202761650 -134.114065362 -2.930618066 -0.190783822 -0.543425154 -0.599944308 0.433311754 0.396228283
1703614750.252680302 -134.156976078 -2.933827425 -0.191214382 -0.543471588 -0.600403556 0.432922523 0.395894293
1703614750.402436256 -134.278887263 -2.943094798 -0.191714630 -0.543448021 -0.601016924 0.433575844 0.394277686
1703614750.452354670 -134.317916375 -2.947258788 -0.191243824 -0.542262216 -0.601046726 0.434812937 0.394502511
1703614750.602111340 -134.442938533 -2.950304260 -0.193032289 -0.542835157 -0.601255643 0.434017997 0.394271508
1703614750.652031898 -134.482112570 -2.951075869 -0.192092806 -0.542676413 -0.600565958 0.434189609 0.395350761
1703614750.801793814 -134.608888917 -2.948445538 -0.193116332 -0.544765185 -0.598875588 0.432934987 0.396416726
1703614750.851714134 -134.649175961 -2.950462238 -0.192813373 -0.544760753 -0.598879497 0.432530501 0.396858206
1703614751.001475811 -134.774779409 -2.950479149 -0.194374581 -0.544678884 -0.599288050 0.433281525 0.395532384
1703614751.071364880 -134.832324538 -2.947308952 -0.193522037 -0.544893739 -0.599242967 0.433133938 0.395466398
1703614751.201158285 -134.938968459 -2.932140958 -0.194261571 -0.547265420 -0.596408884 0.432860613 0.396772848
1703614751.271046400 -135.000225745 -2.925772005 -0.198177994 -0.549376858 -0.595480419 0.431387743 0.396853568
1703614751.400840521 -135.109991133 -2.929539165 -0.198334705 -0.549569660 -0.595068770 0.429762038 0.398962327
1703614751.450761080 -135.153596542 -2.928624063 -0.200181150 -0.550543160 -0.594726079 0.429190076 0.398746785
1703614751.600522757 -135.281221201 -2.929956852 -0.200450571 -0.550270418 -0.594036130 0.430307223 0.398947663
1703614751.670410633 -135.342297828 -2.929457426 -0.200811589 -0.550165579 -0.594533544 0.430407291 0.398242721
1703614751.800204039 -135.455611139 -2.923555756 -0.202836667 -0.550774904 -0.594057360 0.431550112 0.396871967
1703614751.850123644 -135.499194668 -2.925035569 -0.203521760 -0.550850742 -0.594228676 0.431461385 0.396606623
1703614752.004877090 -135.637092133 -2.925827162 -0.207685018 -0.552164751 -0.593716124 0.429516309 0.397656878
1703614752.069773436 -135.693125715 -2.927079670 -0.205463821 -0.551752466 -0.593554325 0.429178180 0.398834013
1703614752.204558611 -135.811906657 -2.928432949 -0.207601394 -0.552504056 -0.593662799 0.428677048 0.398170489
1703614752.269454718 -135.867461484 -2.928283883 -0.205082758 -0.551807717 -0.593215731 0.429009389 0.399442467
1703614752.404239893 -135.986398678 -2.935356085 -0.205150757 -0.551068373 -0.594139408 0.429294239 0.398783737
1703614752.469136238 -136.042397719 -2.938754748 -0.203169117 -0.550140796 -0.594451577 0.429728525 0.399131335
1703614752.603921413 -136.161467561 -2.944679665 -0.202372347 -0.549703221 -0.594717966 0.429615041 0.399459417
1703614752.668817520 -136.218169585 -2.945924630 -0.200971682 -0.549991715 -0.594414675 0.430567513 0.398487043
1703614752.803602695 -136.333500998 -2.945795626 -0.196289165 -0.548953929 -0.593697257 0.431514538 0.399960442
1703614752.868499041 -136.390854450 -2.943724186 -0.197065893 -0.549632574 -0.593625453 0.430127544 0.400628445
1703614753.003283262 -136.506586670 -2.949054311 -0.192111772 -0.549208533 -0.593187385 0.432000112 0.399843240
1703614753.068180323 -136.560860728 -2.951200265 -0.191415520 -0.548281291 -0.593385158 0.432793125 0.399964736
1703614753.202964306 -136.681720154 -2.947546938 -0.193037436 -0.549412509 -0.592725870 0.432044369 0.400199452
1703614753.267861605 -136.738586493 -2.947173235 -0.192065864 -0.549656871 -0.592234283 0.431885833 0.400762405
1703614753.402645826 -136.857336507 -2.955782954 -0.188688244 -0.549074907 -0.591987191 0.432773774 0.400967296
1703614753.452565908 -136.900747397 -2.961816600 -0.187729104 -0.547536139 -0.592500343 0.433995142 0.400993438
1703614753.602327108 -137.034588527 -2.962222004 -0.189277529 -0.547506611 -0.593700794 0.433489320 0.399803561
1703614753.652247906 -137.080041725 -2.956779557 -0.191128822 -0.549035419 -0.592253970 0.433709809 0.399613744
1703614753.802010059 -137.219611329 -2.950979098 -0.194371220 -0.550807239 -0.590712490 0.433469628 0.399717677
1703614753.876891136 -137.289565793 -2.953012735 -0.195227623 -0.551216073 -0.590919694 0.432618449 0.399769977
1703614754.001692772 -137.405845398 -2.964444666 -0.195748641 -0.549834325 -0.591655420 0.433483984 0.399646988
1703614754.061598063 -137.464809275 -2.968923092 -0.197708913 -0.549883034 -0.593208521 0.431732194 0.399173661
1703614754.201375961 -137.590537964 -2.970590452 -0.191195606 -0.550177213 -0.591518577 0.431699663 0.401305630
1703614754.266272783 -137.651803234 -2.976275856 -0.193359538 -0.549807686 -0.592067413 0.431942622 0.400740886
1703614754.401059151 -137.778879875 -2.984583628 -0.193895336 -0.548457597 -0.593893845 0.431190358 0.400698442
1703614754.470947504 -137.844741067 -2.984843323 -0.194557308 -0.549066906 -0.593591828 0.431371014 0.400116636
1703614754.600742102 -137.965991623 -2.981520095 -0.193011181 -0.550041083 -0.593665509 0.431132288 0.398924832
1703614754.670630693 -138.028845520 -2.975387044 -0.191259537 -0.550797039 -0.592117022 0.431461466 0.399826285
1703614754.800424099 -138.149872811 -2.973179668 -0.190216002 -0.552518431 -0.591111085 0.429893722 0.400627579
1703614754.850345850 -138.194958188 -2.974693994 -0.190228360 -0.552385598 -0.591574227 0.429255023 0.400811939
1703614755.000108242 -138.330315490 -2.984008176 -0.186158044 -0.550400135 -0.592934354 0.430020813 0.400712669
1703614755.050027847 -138.374563481 -2.984458288 -0.185815916 -0.550096603 -0.593128755 0.430466924 0.400362629
1703614755.204782963 -138.514271716 -2.974620063 -0.182730874 -0.552223328 -0.590958628 0.430466853 0.400643962
1703614755.269679785 -138.574828368 -2.968481847 -0.186229301 -0.554401449 -0.589816585 0.429932611 0.399891710
1703614755.404466152 -138.699923860 -2.970660230 -0.189322089 -0.554463129 -0.590716873 0.428571665 0.399938172
1703614755.454386950 -138.745241935 -2.974635482 -0.186592842 -0.553082752 -0.591145619 0.429026410 0.400727670
1703614755.604147911 -138.884186197 -2.986553647 -0.186453277 -0.551209533 -0.592804967 0.430491527 0.399283568
1703614755.654068708 -138.929875196 -2.990090141 -0.185264711 -0.550358608 -0.593479274 0.430074258 0.399904847
1703614755.803826571 -139.077387432 -2.997360964 -0.195447346 -0.551377081 -0.594769803 0.427154800 0.399713613
1703614755.853746414 -139.124231704 -3.001274474 -0.196760544 -0.551119269 -0.595044970 0.427511485 0.399278056
1703614756.003505468 -139.271876888 -3.013561681 -0.199123351 -0.550020677 -0.596929383 0.425809379 0.399798624
1703614756.068401575 -139.335585587 -3.015482700 -0.200484566 -0.550240956 -0.597328814 0.425372859 0.399363379
1703614756.203183889 -139.466923487 -3.012699046 -0.195521373 -0.550010898 -0.595994420 0.426733786 0.400221113
1703614756.268079281 -139.529866481 -3.009881616 -0.195853094 -0.550533276 -0.595581152 0.426819185 0.400026984
1703614756.402862310 -139.665801160 -3.013707178 -0.200149681 -0.550942643 -0.596613754 0.427027511 0.397695534
1703614756.462766171 -139.722701271 -3.012383002 -0.198606613 -0.550838285 -0.595980420 0.427923524 0.397826570
1703614756.602540970 -139.860690565 -3.015044090 -0.201695083 -0.551461807 -0.596337710 0.427822705 0.396533660
1703614756.667437315 -139.923288629 -3.019376194 -0.202231324 -0.550766697 -0.597184519 0.426989337 0.397123157
1703614756.802222490 -140.052671498 -3.023850386 -0.200690862 -0.551053988 -0.596739809 0.426242279 0.398194203
1703614756.852142811 -140.100976771 -3.024717730 -0.202876760 -0.551540929 -0.596735117 0.425846177 0.397950798
1703614757.001904011 -140.240256090 -3.023824174 -0.197891941 -0.550911169 -0.596370928 0.427191572 0.397927080
1703614757.051824331 -140.285993083 -3.024096775 -0.198199237 -0.550101950 -0.596446249 0.428271151 0.397773224
1703614757.201585531 -140.431181927 -3.019391033 -0.202428807 -0.551919339 -0.596396893 0.426018075 0.397749153
1703614757.271473408 -140.491405566 -3.018371000 -0.197582874 -0.551858190 -0.594553819 0.425360365 0.401281514
1703614757.401266813 -140.611563967 -3.026723531 -0.197845087 -0.552047323 -0.594108306 0.425484220 0.401549813
1703614757.451187372 -140.656092298 -3.031216724 -0.194553011 -0.550949607 -0.594387221 0.426384093 0.401690138
1703614757.600948334 -140.793023521 -3.046824738 -0.188081545 -0.546792103 -0.595864429 0.430204678 0.401108355
1703614757.650867462 -140.841839646 -3.047177892 -0.190447521 -0.546932711 -0.596974633 0.429181817 0.400360918
1703614757.800628424 -140.979540118 -3.034789229 -0.185568656 -0.548234228 -0.593267626 0.429697095 0.403525913
1703614757.850548506 -141.028480326 -3.034710770 -0.187594448 -0.549207336 -0.593360186 0.428454548 0.403387769
1703614758.000310659 -141.168542058 -3.041650430 -0.182763663 -0.547968846 -0.593887160 0.426156831 0.406716782
1703614758.050229788 -141.214514494 -3.045430997 -0.183434697 -0.547386158 -0.593910638 0.427033011 0.406548097
1703614758.204983234 -141.362815320 -3.068233359 -0.196214442 -0.544541608 -0.599263811 0.428103189 0.401353937
1703614758.254903316 -141.407315197 -3.071546231 -0.195321937 -0.543363051 -0.599672358 0.429295675 0.401067177
1703614758.404664040 -141.546993203 -3.063930245 -0.198432738 -0.545431250 -0.597927373 0.429439070 0.400711484
1703614758.469560385 -141.604739469 -3.055907148 -0.195607228 -0.546946017 -0.595719190 0.429492254 0.401876978
1703614758.604344368 -141.726628797 -3.039753032 -0.196675378 -0.550069959 -0.593026305 0.427183872 0.404050469
1703614758.654267073 -141.771849957 -3.035102380 -0.196309642 -0.550956696 -0.591403054 0.428063502 0.404290471
1703614758.804034472 -141.906260338 -3.035598417 -0.194418189 -0.551582164 -0.592080183 0.427688579 0.402840729
1703614758.853956938 -141.948612615 -3.036575254 -0.191183277 -0.550520010 -0.591947662 0.427863568 0.404299953
1703614759.003724575 -142.084586373 -3.044819376 -0.202042000 -0.550040192 -0.594553243 0.427241190 0.401780033
1703614759.068623781 -142.140716034 -3.050271798 -0.201167401 -0.549313353 -0.595314658 0.426926202 0.401981736
1703614759.203415394 -142.258385871 -3.065549063 -0.206009489 -0.547944553 -0.597090150 0.426041053 0.402155617
1703614759.253338099 -142.302902967 -3.069851243 -0.205417688 -0.547590239 -0.596936185 0.427369413 0.401456730
1703614759.403106451 -142.434132757 -3.085124162 -0.208813743 -0.545056965 -0.600158616 0.430581724 0.396638274
1703614759.453029394 -142.477312117 -3.082442792 -0.210746366 -0.545170805 -0.600000882 0.431287459 0.395953107
1703614759.602797508 -142.612384684 -3.059131165 -0.211479982 -0.550068908 -0.595966839 0.427699530 0.399150141
1703614759.652717829 -142.655480417 -3.055489982 -0.210780600 -0.551259533 -0.594138530 0.426188649 0.401840229
1703614759.802478075 -142.780400827 -3.061480248 -0.202572693 -0.551748361 -0.592551992 0.424814814 0.404954635
1703614759.852398157 -142.821673244 -3.069892882 -0.200514425 -0.550748223 -0.593860602 0.424833582 0.404379039
1703614760.002157688 -142.937956466 -3.098880670 -0.197135136 -0.544081260 -0.597610449 0.426976266 0.405621254
1703614760.052077770 -142.982012835 -3.105234946 -0.200357827 -0.543498103 -0.598922879 0.426635619 0.404824957
1703614760.201838017 -143.108044534 -3.108851012 -0.199424615 -0.542920438 -0.598458584 0.428074084 0.404768205
1703614760.251758337 -143.152791251 -3.108370662 -0.199043699 -0.543103617 -0.598210702 0.428155691 0.404802571
1703614760.401518583 -143.283349738 -3.093476190 -0.201141506 -0.544689158 -0.597085494 0.429352751 0.403061843
1703614760.451438665 -143.327181873 -3.085184396 -0.200400756 -0.546304129 -0.595479980 0.429205234 0.403408304
1703614760.601198912 -143.459009446 -3.066297358 -0.203504592 -0.551118002 -0.591748418 0.427506700 0.404154400
1703614760.671086788 -143.519075882 -3.068880381 -0.202036356 -0.551169828 -0.591621075 0.428638210 0.403070229
1703614760.800879955 -143.629870655 -3.067540167 -0.202836488 -0.551251588 -0.592085265 0.428468977 0.402456285
1703614760.850800276 -143.671697285 -3.064817169 -0.202729632 -0.551840061 -0.591120603 0.428362956 0.403180056
1703614761.000560760 -143.799692252 -3.056268616 -0.199103451 -0.553912688 -0.588372173 0.428750082 0.403945897
1703614761.070448637 -143.862350613 -3.055841680 -0.201982652 -0.554531628 -0.588076588 0.429324888 0.402915302
1703614761.200240612 -143.977639801 -3.059685824 -0.204063752 -0.553255435 -0.588859825 0.430352804 0.402428868
1703614761.250161171 -144.021335749 -3.061993288 -0.201991056 -0.552636177 -0.589432501 0.430659754 0.402112869
1703614761.404914379 -144.155650355 -3.058153913 -0.201566216 -0.552780966 -0.588614509 0.431308398 0.402416736
1703614761.454834461 -144.200705008 -3.055967813 -0.204144180 -0.553887459 -0.587772918 0.431962118 0.401422979
1703614761.604594231 -144.335919923 -3.045740166 -0.203979271 -0.555798228 -0.586062505 0.431152325 0.402152636
1703614761.654515743 -144.381465366 -3.042105424 -0.206230281 -0.556990610 -0.585570229 0.429998900 0.402454859
1703614761.804275990 -144.516434296 -3.038945849 -0.213868616 -0.558685622 -0.586549995 0.426082352 0.402844025
1703614761.854196548 -144.561242216 -3.037475070 -0.215840932 -0.559467908 -0.586532929 0.424917782 0.403013228
1703614762.003957748 -144.686849520 -3.043409910 -0.213466269 -0.558981707 -0.585881695 0.426082527 0.403405220
1703614762.068855286 -144.742549293 -3.047955145 -0.211328993 -0.557523199 -0.586759633 0.428013552 0.402101249
1703614762.203639746 -144.859147131 -3.050655942 -0.212085244 -0.555534424 -0.588478440 0.430708605 0.399455539
1703614762.253560066 -144.903811870 -3.045834523 -0.213022771 -0.556250547 -0.587570592 0.431052286 0.399424654
1703614762.403321505 -145.040363258 -3.032696667 -0.213939573 -0.559575971 -0.585158951 0.428431423 0.401136199
1703614762.453241825 -145.084963280 -3.033429374 -0.212670705 -0.559699097 -0.584529898 0.428582655 0.401719587
1703614762.603003502 -145.219499189 -3.060596034 -0.209758485 -0.555524715 -0.588306098 0.431417550 0.398957547
1703614762.652923822 -145.264015798 -3.067206106 -0.208917719 -0.553759533 -0.590205602 0.432297837 0.397650987
1703614762.802684784 -145.395753737 -3.066622581 -0.205513688 -0.553703552 -0.589978428 0.433445702 0.396815642
1703614762.867581129 -145.452176782 -3.062617829 -0.206663603 -0.554529678 -0.589143150 0.432739743 0.397672604
1703614763.002366304 -145.577529349 -3.052334344 -0.215070666 -0.557741986 -0.587906196 0.431570035 0.396279556
1703614763.052286625 -145.621359675 -3.049415799 -0.212382239 -0.558311093 -0.586780801 0.433068773 0.395510370
1703614763.202047825 -145.758946464 -3.052723031 -0.216762004 -0.557785676 -0.588591157 0.433354802 0.393241918
1703614763.251968145 -145.803473714 -3.050000399 -0.215582595 -0.558110116 -0.588613011 0.432065509 0.394166484
1703614763.401728153 -145.939750930 -3.049470507 -0.213344964 -0.558957883 -0.586819466 0.431900111 0.395817248
1703614763.451648712 -145.983547986 -3.051619232 -0.211162565 -0.557375165 -0.587140160 0.431554806 0.397944478
1703614763.601409674 -146.120507643 -3.057424906 -0.210958486 -0.557570040 -0.587857963 0.431864463 0.396272319
1703614763.651329994 -146.161799059 -3.056451616 -0.206516638 -0.556591520 -0.587042115 0.433315156 0.397272463
1703614763.801090717 -146.299368285 -3.048706014 -0.207268398 -0.558148439 -0.585792170 0.432058898 0.398300091
1703614763.870979786 -146.362267984 -3.045712883 -0.207684146 -0.559363133 -0.584899842 0.432913366 0.396977427
1703614764.000771999 -146.487049255 -3.042380833 -0.212105680 -0.560326442 -0.585345306 0.433351002 0.394476945
1703614764.050692320 -146.528926616 -3.037988741 -0.206837654 -0.559709353 -0.584673094 0.433959649 0.395678957
1703614764.200453043 -146.665904110 -3.020787694 -0.205152256 -0.562460300 -0.581269055 0.431617156 0.399338613
1703614764.250373602 -146.711609255 -3.020672423 -0.208090326 -0.563070197 -0.581364760 0.430004733 0.400078616
1703614764.400134325 -146.852780415 -3.047281963 -0.203756006 -0.559967461 -0.584409914 0.429338657 0.400711634
1703614764.470022202 -146.916621518 -3.054845540 -0.201686286 -0.557916482 -0.585800232 0.430388604 0.400415954
1703614764.604807138 -147.042994405 -3.052518127 -0.199911439 -0.557650982 -0.587006517 0.431917797 0.397360981
1703614764.659719467 -147.089886278 -3.045878564 -0.195022907 -0.557983371 -0.585728763 0.432114166 0.398564577
1703614764.804490089 -147.226149161 -3.034228493 -0.200817434 -0.561131965 -0.584016846 0.429212253 0.399790049
1703614764.854410648 -147.274781530 -3.034276861 -0.205832115 -0.562313292 -0.584806253 0.427968804 0.398306555
1703614765.004172564 -147.422393196 -3.055851317 -0.211138620 -0.558837325 -0.588822305 0.429396339 0.395737187
1703614765.054093599 -147.471218059 -3.058418882 -0.210987526 -0.558026015 -0.590199461 0.428934700 0.395330983
1703614765.203855515 -147.616455483 -3.052083579 -0.206132407 -0.559710723 -0.587993937 0.427158760 0.398148755
1703614765.263759613 -147.672583798 -3.052546698 -0.204841599 -0.559937651 -0.587146808 0.426788477 0.399474716
1703614765.403537273 -147.814347550 -3.069160658 -0.210753124 -0.558786834 -0.590499061 0.422421444 0.400784552
1703614765.453458309 -147.861310131 -3.074001897 -0.211834540 -0.557707773 -0.591515262 0.422949949 0.400231277
1703614765.603220463 -148.005988211 -3.089304707 -0.210042529 -0.555048346 -0.594776040 0.421567574 0.400554087
1703614765.663123846 -148.057710443 -3.089196736 -0.204476579 -0.554848921 -0.593020725 0.423620153 0.401266819
1703614765.802899599 -148.191776104 -3.109953267 -0.211441897 -0.551995941 -0.595714891 0.425903749 0.398785965
1703614765.852819920 -148.238006135 -3.115960090 -0.208961836 -0.550467274 -0.597174205 0.426186358 0.398414280
1703614766.002579689 -148.372625011 -3.113973871 -0.195908682 -0.550634103 -0.593787462 0.429508882 0.399675687
1703614766.052499771 -148.418703447 -3.110568036 -0.193338794 -0.551471431 -0.592395004 0.430655172 0.399353907
1703614766.202259541 -148.559304409 -3.102926935 -0.190931693 -0.551851292 -0.591910377 0.427791838 0.402611971
1703614766.252179384 -148.603539740 -3.102459698 -0.189540603 -0.552443479 -0.591501927 0.428188453 0.401978011
1703614766.401939154 -148.737211025 -3.130447699 -0.186420047 -0.549016904 -0.595068353 0.430766929 0.398640123
1703614766.451858997 -148.778514561 -3.139177992 -0.183801279 -0.546593358 -0.596190245 0.432692283 0.398208840
1703614766.601619244 -148.907197564 -3.144032098 -0.179762466 -0.545118640 -0.596079334 0.434190236 0.398765514
1703614766.651539087 -148.949394617 -3.139995262 -0.177690578 -0.545384665 -0.594290651 0.434142577 0.401116457
1703614766.801297903 -149.096621895 -3.140163534 -0.187258207 -0.548326565 -0.594268226 0.431159093 0.400356204
1703614766.851217270 -149.139936005 -3.144824018 -0.182454799 -0.546968146 -0.594154642 0.433094624 0.400293836
1703614767.000976086 -149.273701348 -3.160099490 -0.182877583 -0.544957879 -0.597617253 0.432814542 0.398178479
1703614767.050895691 -149.317079025 -3.160114779 -0.183405724 -0.544939260 -0.597280081 0.433532266 0.397928991
1703614767.200654268 -149.456191649 -3.151251081 -0.184180248 -0.547633747 -0.594619192 0.429075975 0.403012534
1703614767.250573635 -149.501693091 -3.150473968 -0.184796039 -0.548667254 -0.593512574 0.427821027 0.404569201
1703614767.400332212 -149.641186988 -3.175127430 -0.184113733 -0.546281582 -0.596281191 0.425942967 0.405706499
1703614767.450252056 -149.685658867 -3.188038862 -0.182236892 -0.543240870 -0.598835912 0.424970821 0.407043866
1703614767.600010157 -149.813377537 -3.216063902 -0.170689708 -0.537417097 -0.600518430 0.428883349 0.408190583
1703614767.654923439 -149.863099211 -3.223656553 -0.171440388 -0.536124644 -0.601551521 0.429368345 0.407858994
1703614767.804684162 -149.997093928 -3.221244481 -0.173550672 -0.538121093 -0.601011558 0.431011502 0.404276987
1703614767.854604483 -150.042323260 -3.216391722 -0.176457591 -0.539108177 -0.600856834 0.430871116 0.403340452
1703614768.004365444 -150.171427627 -3.188876326 -0.177688703 -0.543227308 -0.598078898 0.427818719 0.405187446
1703614768.054285526 -150.216018320 -3.185907163 -0.179765980 -0.544707024 -0.597086311 0.425600135 0.406997200
1703614768.204046726 -150.343904099 -3.206278254 -0.183194341 -0.546145737 -0.596952054 0.423244798 0.407721622
1703614768.253966808 -150.387373050 -3.220721455 -0.184415886 -0.543679284 -0.599548161 0.422956733 0.407507596
1703614768.403727770 -150.517319087 -3.240237989 -0.188335163 -0.540207158 -0.603715377 0.424249777 0.404618458
1703614768.453647852 -150.561538021 -3.239719403 -0.190685009 -0.540335092 -0.603776850 0.424861145 0.403713402
1703614768.603409052 -150.691630600 -3.215443450 -0.188778257 -0.543108783 -0.600154608 0.423605795 0.406700660
1703614768.653329611 -150.736430131 -3.207037573 -0.186527818 -0.544800946 -0.597701869 0.422504155 0.409187786
1703614768.803091764 -150.867829775 -3.206283931 -0.185276324 -0.547353362 -0.595474618 0.420552463 0.411035159
1703614768.853012562 -150.912706221 -3.212662849 -0.186158078 -0.546486089 -0.595967187 0.421603716 0.410397823
1703614769.012758970 -151.056162267 -3.228410757 -0.189407668 -0.542742300 -0.599948476 0.425297161 0.405727675
1703614769.202457666 -151.230752469 -3.180631191 -0.197389485 -0.552275192 -0.593742502 0.422823184 0.404576949
1703614769.252378702 -151.275598953 -3.172239452 -0.198317059 -0.554617095 -0.591586776 0.421873032 0.405522021
1703614769.402140856 -151.418612436 -3.172107286 -0.209520619 -0.556449653 -0.592867797 0.414935619 0.408289102
1703614769.452061415 -151.463929764 -3.176375328 -0.209320854 -0.555782576 -0.593619189 0.414073921 0.408980164
1703614769.601824045 -151.592562826 -3.197771805 -0.202515765 -0.552332877 -0.596288746 0.416813429 0.406982420
1703614769.651744604 -151.636276133 -3.202369104 -0.201126240 -0.550900166 -0.596834774 0.419402181 0.405461553
1703614769.801506996 -151.771089429 -3.191168810 -0.203798943 -0.550014876 -0.596314165 0.421435778 0.405320784
1703614769.851428032 -151.819243219 -3.184073831 -0.204606095 -0.552020231 -0.595793688 0.418927974 0.405959232
1703614770.001190424 -151.953149770 -3.175125710 -0.200099970 -0.554566334 -0.591937019 0.414891197 0.412228142
1703614770.051110983 -151.998577607 -3.180328970 -0.197000294 -0.554320409 -0.591191109 0.416049547 0.412461794
1703614770.200873613 -152.132655425 -3.222643337 -0.191706032 -0.545585376 -0.597004422 0.422004134 0.409676492
1703614770.250794411 -152.179482261 -3.230450756 -0.189099647 -0.543098349 -0.598694510 0.423513666 0.408956283
1703614770.400557041 -152.311579217 -3.207089162 -0.181386701 -0.544434056 -0.595520452 0.423176977 0.412150696
1703614770.450477839 -152.358637493 -3.195754590 -0.182726486 -0.547532836 -0.592990521 0.421639978 0.413267183
1703614770.600240469 -152.505887153 -3.177385364 -0.199436531 -0.554374154 -0.591506782 0.414897506 0.413096942
1703614770.650163889 -152.551675500 -3.178129377 -0.197736065 -0.553808211 -0.591468650 0.414536633 0.414271265
1703614770.804927588 -152.694849682 -3.174887504 -0.196652927 -0.551458442 -0.592097816 0.417085779 0.413948326
1703614770.854851484 -152.743248184 -3.171100905 -0.195508524 -0.551585587 -0.592047818 0.418304266 0.412618787
1703614771.004623890 -152.881958730 -3.149522379 -0.197635319 -0.554211670 -0.589663285 0.419120156 0.411685475
1703614771.054548025 -152.927299520 -3.147386136 -0.195754400 -0.554131168 -0.588408937 0.419451463 0.413248160
1703614771.204320669 -153.072496754 -3.148988109 -0.201574712 -0.554605795 -0.589028465 0.418442569 0.412751374
1703614771.269222260 -153.135287188 -3.146576675 -0.201000761 -0.554770071 -0.588552234 0.418686659 0.412962369
1703614771.404018164 -153.264462639 -3.144033599 -0.201296604 -0.554949612 -0.589290083 0.419319782 0.411021955
1703614771.468919754 -153.325749679 -3.142788788 -0.199290842 -0.554507023 -0.589313439 0.420636088 0.410240068
1703614771.603716135 -153.455732194 -3.143997495 -0.194993194 -0.554513313 -0.589857354 0.421737439 0.408314609
1703614771.653639555 -153.502150876 -3.150778737 -0.191054103 -0.552979370 -0.590739087 0.421960347 0.408889486
1703614771.803410053 -153.645087455 -3.171008354 -0.188525105 -0.550703712 -0.594392968 0.420579319 0.408087562
1703614771.853333473 -153.692108927 -3.177869571 -0.186523590 -0.550387939 -0.595278759 0.420171667 0.407642105
1703614772.008096218 -153.834397409 -3.199845747 -0.182757427 -0.547789781 -0.598541564 0.421704404 0.404771230
1703614772.077989817 -153.896408440 -3.207763105 -0.178753660 -0.545805669 -0.599810476 0.423676761 0.403511543
1703614772.202799082 -154.009520759 -3.201919657 -0.178080887 -0.546346917 -0.600684266 0.422235832 0.402989280
1703614772.267699718 -154.070476482 -3.199565407 -0.176658884 -0.548118629 -0.598796612 0.421155539 0.404520208
1703614772.407486200 -154.197770501 -3.180226051 -0.170396302 -0.550868288 -0.593836640 0.420790528 0.408457471
1703614772.477379799 -154.266871814 -3.177796666 -0.168785850 -0.552054131 -0.593621127 0.419840645 0.408147065
1703614772.602188587 -154.382708602 -3.178369282 -0.163632990 -0.550077133 -0.594510407 0.421299408 0.408018790
1703614772.652114630 -154.432136255 -3.178539621 -0.162620598 -0.550276314 -0.594716720 0.420717375 0.408050109
1703614772.806885242 -154.577951518 -3.169920126 -0.161229330 -0.554333130 -0.592835567 0.414450470 0.411693551
1703614772.861803770 -154.625440603 -3.172789814 -0.157495479 -0.554173755 -0.592020250 0.413442094 0.414088285
1703614773.001597166 -154.749021733 -3.197649087 -0.153853180 -0.550081660 -0.594999465 0.418528439 0.410146011
1703614773.051524639 -154.793187187 -3.209549121 -0.150700529 -0.547059428 -0.597479620 0.420013358 0.409063400
1703614773.211288691 -154.931138103 -3.202292385 -0.137065699 -0.546806960 -0.595655043 0.423581225 0.408382375
1703614773.401010036 -155.098700828 -3.169144268 -0.132273489 -0.554201642 -0.588652335 0.422358335 0.409832168
1703614773.450937748 -155.139919165 -3.172437918 -0.130303071 -0.553373688 -0.588651715 0.422073407 0.411242945
1703614773.600718498 -155.259918851 -3.181356102 -0.116038626 -0.550652457 -0.589232677 0.424973877 0.411076548
1703614773.670608997 -155.319167383 -3.189539347 -0.117656565 -0.549894855 -0.590888661 0.424575531 0.410124196
1703614773.800403118 -155.431440781 -3.204769684 -0.121753568 -0.549015029 -0.593121130 0.423403924 0.409290778
1703614773.850323677 -155.472485196 -3.210399576 -0.119772757 -0.548219976 -0.593105899 0.424503533 0.409239539
1703614774.000084162 -155.604231519 -3.222729803 -0.116933688 -0.546554548 -0.594977587 0.425087375 0.408142770
1703614774.050004959 -155.645530048 -3.225162370 -0.114551657 -0.545854435 -0.594632593 0.426601389 0.408002782
1703614774.204759121 -155.784874403 -3.235731465 -0.112037051 -0.544500919 -0.596288545 0.426270037 0.407740820
1703614774.259671211 -155.832786471 -3.239882948 -0.112957027 -0.544744685 -0.596995611 0.424812461 0.407901754
1703614774.404441118 -155.960187991 -3.259225355 -0.109997077 -0.542513981 -0.598674584 0.424301542 0.408944402
1703614774.454361677 -156.000914041 -3.264836657 -0.108884641 -0.541277404 -0.598522591 0.425520769 0.409538222
1703614774.604123116 -156.134922583 -3.283176019 -0.108442325 -0.539852119 -0.601029775 0.425889707 0.407358389
1703614774.669029236 -156.190659409 -3.291305803 -0.109102099 -0.538521799 -0.601961786 0.425942161 0.407688062
1703614774.803843021 -156.308177671 -3.298372616 -0.105956370 -0.539081334 -0.602064299 0.423517955 0.409319481
1703614774.868753195 -156.364061965 -3.301446394 -0.109538497 -0.540192829 -0.601404049 0.423849011 0.408481203
1703614775.003568172 -156.483553743 -3.313200465 -0.106687162 -0.538726798 -0.603706399 0.424017424 0.406843023
1703614775.068478823 -156.537267696 -3.313950919 -0.107361255 -0.538320244 -0.604577452 0.423876346 0.406234247
1703614775.203294754 -156.651123284 -3.310094570 -0.110588067 -0.540135036 -0.603946174 0.424626014 0.403975136
1703614775.268206120 -156.708267720 -3.307812884 -0.116808182 -0.541513508 -0.603793953 0.424263925 0.402735775
1703614775.403023005 -156.831602255 -3.298095830 -0.118728231 -0.544893756 -0.602857782 0.423079834 0.400820089
1703614775.467934847 -156.887213895 -3.292354356 -0.122969940 -0.546335829 -0.602617483 0.421546167 0.400834330
1703614775.602752924 -157.006047890 -3.276160531 -0.123416690 -0.550003550 -0.599821372 0.419179013 0.402491455
1703614775.652676821 -157.045250166 -3.271862740 -0.121893395 -0.550473281 -0.598604821 0.418188818 0.404684504
1703614775.802431107 -157.173276387 -3.268085286 -0.117280887 -0.551989951 -0.596400166 0.418038012 0.406027286
1703614775.852349043 -157.213790360 -3.271974360 -0.118062630 -0.550786121 -0.597263725 0.418541108 0.405874405
1703614776.002103329 -157.343103101 -3.279871137 -0.112688237 -0.549193694 -0.597554031 0.419038551 0.407089867
1703614776.052021265 -157.387133245 -3.275784846 -0.117490166 -0.551241250 -0.597055800 0.418739278 0.405357710
1703614776.201774597 -157.523686909 -3.265478167 -0.118690298 -0.553058859 -0.595141896 0.418860571 0.405571009
1703614776.266667843 -157.582358047 -3.256098012 -0.118128757 -0.554736127 -0.593427000 0.418347103 0.406322441
1703614776.401444912 -157.709487276 -3.249768839 -0.118689947 -0.557633590 -0.591141759 0.416046817 0.408045642
1703614776.451363564 -157.754759096 -3.250719086 -0.123647397 -0.557953894 -0.592018171 0.414124180 0.408292911
1703614776.601116419 -157.891504732 -3.273970618 -0.117165792 -0.553832718 -0.594024781 0.417553502 0.407495954
1703614776.651034594 -157.936349945 -3.279046205 -0.116182017 -0.551897419 -0.595844420 0.417487961 0.407532170
1703614776.800790071 -158.074971702 -3.275894212 -0.114318819 -0.553114038 -0.595072642 0.419135728 0.405313031
1703614776.840724707 -158.106422161 -3.274033121 -0.115178143 -0.552835233 -0.593921899 0.420464991 0.406003908
1703614777.000463486 -158.246048833 -3.271148932 -0.121810916 -0.554874715 -0.592198720 0.418721161 0.407538117
1703614777.050381660 -158.289311165 -3.274173481 -0.127300328 -0.554256860 -0.592899664 0.417968488 0.408131921
1703614777.200136185 -158.428091126 -3.304081940 -0.136362573 -0.550079639 -0.597261456 0.418917990 0.406446627
1703614777.250054359 -158.471468715 -3.313284795 -0.138075388 -0.547954656 -0.598712106 0.420252750 0.405804306
1703614777.404799938 -158.616417496 -3.337966549 -0.143247737 -0.543012867 -0.601627650 0.422899335 0.405385433
1703614777.454718351 -158.662675714 -3.336720538 -0.144393418 -0.543111839 -0.601167575 0.423023921 0.405805174
1703614777.604472160 -158.803915322 -3.325517427 -0.144161631 -0.546645505 -0.597250527 0.421207126 0.408723693
1703614777.654391050 -158.848133455 -3.325376455 -0.143850464 -0.546549159 -0.596089568 0.422435869 0.409278854
1703614777.804150343 -158.993927731 -3.331794334 -0.157290023 -0.546762370 -0.597883508 0.422236206 0.406574481
1703614777.854070187 -159.040225350 -3.329740976 -0.159329203 -0.546803095 -0.597787660 0.423048877 0.405815150
1703614778.003828764 -159.186796622 -3.327487648 -0.167425695 -0.546145877 -0.597881372 0.426761101 0.402663022
1703614778.053748608 -159.236720257 -3.326013108 -0.170732688 -0.546533631 -0.598623205 0.426903929 0.400879389
1703614778.203507423 -159.389233562 -3.321532228 -0.182640015 -0.548895622 -0.598154229 0.427408046 0.397803314
1703614778.253427029 -159.437991191 -3.319056962 -0.187281985 -0.549353130 -0.597825713 0.427576175 0.397484805
1703614778.403185606 -159.585635863 -3.304179165 -0.192588165 -0.552079209 -0.595919557 0.425781312 0.398495550
1703614778.453104019 -159.634980415 -3.295617415 -0.194705357 -0.553514170 -0.593460903 0.426059117 0.399874791
1703614778.602863312 -159.789719345 -3.294722959 -0.203359147 -0.555011596 -0.593088196 0.425249940 0.399212986
1703614778.652781963 -159.841485243 -3.296073461 -0.206107018 -0.554437125 -0.594253152 0.425341103 0.398180376
1703614778.802534580 -159.983565103 -3.295378816 -0.197349445 -0.552090255 -0.592807412 0.428201789 0.400523345
1703614778.867428780 -160.045743131 -3.288954186 -0.195795363 -0.552674609 -0.591428047 0.426017172 0.404070553
1703614779.002206802 -160.174513283 -3.261714943 -0.198627622 -0.557756093 -0.586421312 0.422009717 0.408565765
1703614779.052124500 -160.221989284 -3.248831260 -0.200872406 -0.559213514 -0.584705243 0.420667594 0.410412962
1703614779.201877356 -160.359993019 -3.199978819 -0.205465957 -0.565060177 -0.579558241 0.418905374 0.411506414
1703614779.251794815 -160.405941653 -3.180684273 -0.207974834 -0.566846759 -0.577969094 0.417286057 0.412927142
1703614779.406538725 -160.544172196 -3.108642927 -0.216951237 -0.576077774 -0.569685525 0.412321218 0.416634150
1703614779.461447477 -160.593030439 -3.082661947 -0.219503039 -0.580260097 -0.566061890 0.410225943 0.417835891
1703614779.601216078 -160.717576853 -3.040140207 -0.218818449 -0.583786320 -0.560024575 0.407124224 0.424047018
1703614779.671101570 -160.782901878 -3.027139478 -0.221959979 -0.584830598 -0.560165881 0.404341720 0.425082499
1703614779.800889254 -160.899612558 -3.001401118 -0.222041098 -0.585451887 -0.558489836 0.403627387 0.427106689
1703614779.850806236 -160.945406767 -2.989503670 -0.223545646 -0.586404443 -0.557946889 0.402631487 0.427449393
1703614780.000560999 -161.078561382 -2.955516199 -0.226427339 -0.589463344 -0.554534103 0.400445531 0.429730463
1703614780.050478935 -161.122552639 -2.945114788 -0.226899277 -0.590003736 -0.554027241 0.400308077 0.429770696
1703614780.200231552 -161.254850422 -2.922073235 -0.230603770 -0.590521304 -0.553519624 0.401338532 0.428751674
1703614780.250150204 -161.298195904 -2.915108626 -0.230756771 -0.590231136 -0.553740592 0.401135949 0.429055373
1703614780.404894590 -161.436907766 -2.899441104 -0.238442686 -0.591262456 -0.553314351 0.400913711 0.428392499
1703614780.454812288 -161.484482731 -2.895143213 -0.243454771 -0.592475746 -0.554257789 0.399060586 0.427225283
1703614780.604564905 -161.617293977 -2.895505862 -0.248026090 -0.591392648 -0.556332530 0.402087404 0.423172035
1703614780.654483795 -161.660186834 -2.893880172 -0.244483255 -0.590182019 -0.557935714 0.402068568 0.422769193
1703614780.804242611 -161.769132314 -2.882079280 -0.233003287 -0.587754313 -0.556519516 0.403959744 0.426201152
1703614780.854162216 -161.806710544 -2.883378975 -0.232523946 -0.587862047 -0.557960413 0.402925263 0.425146591
1703614781.003920555 -161.906623940 -2.918176116 -0.231627222 -0.581945607 -0.563404188 0.408251233 0.421005893
1703614781.068815708 -161.946516853 -2.933876989 -0.227938785 -0.578339603 -0.566529519 0.411709879 0.418404807
1703614781.203598499 -162.021321521 -2.958096635 -0.223138944 -0.572521036 -0.570728623 0.417999309 0.414445510
1703614781.268493176 -162.060802922 -2.961248640 -0.223531202 -0.571894902 -0.571454303 0.419745745 0.412540556
1703614781.403275728 -162.148657691 -2.977284174 -0.229257072 -0.569632441 -0.573918239 0.420825077 0.411148382
1703614781.453195095 -162.181537221 -2.989481715 -0.229232094 -0.567814397 -0.576274943 0.420893549 0.410295773
1703614781.602952957 -162.277654763 -3.052535682 -0.230507543 -0.558289182 -0.585200877 0.426285083 0.405134732
1703614781.667849541 -162.321830101 -3.081377373 -0.233322739 -0.553681819 -0.589954070 0.428415827 0.402306498
1703614781.802636623 -162.421631986 -3.142905182 -0.244807703 -0.546065665 -0.599018983 0.431188824 0.396313948
1703614781.867533922 -162.466944929 -3.174121494 -0.244033764 -0.542081344 -0.602954800 0.433322376 0.393478137
1703614782.002321243 -162.557066892 -3.250671592 -0.245702444 -0.531896581 -0.612849900 0.439832464 0.384770622
1703614782.067218542 -162.599262752 -3.285780729 -0.245184022 -0.526664835 -0.617215695 0.443528195 0.380725199
1703614782.202005625 -162.690018930 -3.361837635 -0.247864030 -0.515913569 -0.626684813 0.450789913 0.371332449
1703614782.266903162 -162.732232163 -3.398933573 -0.246744504 -0.510710312 -0.630626449 0.453846789 0.368114590
1703614782.401690245 -162.819243045 -3.485982184 -0.250490698 -0.500496395 -0.639024960 0.460048698 0.359868941
1703614782.471579075 -162.861198245 -3.535504508 -0.248517251 -0.494827548 -0.643278654 0.464044724 0.354965865
1703614782.601374626 -162.942942024 -3.633793936 -0.252306072 -0.482877533 -0.652664589 0.471597547 0.344171433
1703614782.651294470 -162.970253775 -3.673337639 -0.245575326 -0.476721388 -0.656017925 0.475151099 0.341480064
1703614782.801045895 -163.062417749 -3.790157563 -0.245437912 -0.461840233 -0.667139523 0.483760552 0.328030768
1703614782.850962877 -163.089343400 -3.830792021 -0.241607402 -0.456572320 -0.670628553 0.484836413 0.326699729
1703614783.000713587 -163.167633967 -3.950501259 -0.242581077 -0.445240382 -0.679369367 0.488815244 0.318241925
1703614783.050630569 -163.190932790 -3.996438888 -0.241722979 -0.440444604 -0.682980675 0.490308503 0.314870640
1703614783.200380802 -163.262219994 -4.122976835 -0.236090883 -0.424204234 -0.691521108 0.498557790 0.305433223
1703614783.250297308 -163.285931089 -4.168554792 -0.236239002 -0.418849545 -0.695539578 0.499055101 0.302875817
1703614783.400047064 -163.349205775 -4.296981090 -0.227900571 -0.402905236 -0.703709812 0.507313261 0.291707262
1703614783.469929695 -163.376231684 -4.359971003 -0.226617428 -0.395820207 -0.707564702 0.510865315 0.285823696
1703614783.614687443 -163.433717677 -4.491481055 -0.227540929 -0.382175607 -0.715415755 0.515669689 0.276055925
1703614783.814376116 -163.510317555 -4.678245242 -0.226982874 -0.361905263 -0.726584116 0.524932423 0.256019636
1703614784.004083633 -163.582993818 -4.846182212 -0.229723601 -0.345476306 -0.735533385 0.531136284 0.239856228
1703614784.068984509 -163.601350173 -4.913794432 -0.230259993 -0.338725683 -0.738684106 0.533686634 0.234071101
1703614784.203777075 -163.637480379 -5.055869458 -0.229420021 -0.321149144 -0.746012321 0.539163509 0.222781404
1703614784.253700256 -163.647840935 -5.113554751 -0.226850055 -0.314613326 -0.748965278 0.539926238 0.220338659
1703614784.403469801 -163.666807512 -5.268927126 -0.212441100 -0.296121427 -0.753859486 0.547399010 0.210623598
1703614784.453392982 -163.664704539 -5.329263347 -0.208017377 -0.288515579 -0.756515646 0.549466248 0.206227254
1703614784.603162527 -163.661825075 -5.498893626 -0.207241644 -0.265222726 -0.764247432 0.556433395 0.189643470
1703614784.653084278 -163.661203587 -5.557444501 -0.204170586 -0.258022584 -0.765931838 0.558967410 0.185278709
1703614784.802834749 -163.679439968 -5.717698407 -0.203688553 -0.241029658 -0.772183986 0.562665424 0.170423638
1703614784.852751493 -163.681284991 -5.774619776 -0.201818884 -0.235800933 -0.774070994 0.563386527 0.166756221
1703614785.002501488 -163.694081558 -5.929856752 -0.206983990 -0.222530401 -0.778533636 0.567277436 0.150206221
1703614785.052417994 -163.683369117 -5.994782416 -0.211078041 -0.214213108 -0.781779423 0.567122465 0.145965020
1703614785.202167273 -163.673899385 -6.159775991 -0.210872675 -0.194714599 -0.787127230 0.570619657 0.130039053
1703614785.252083778 -163.668052831 -6.223255126 -0.217715074 -0.189160798 -0.789887546 0.569593741 0.125931838
1703614785.406824589 -163.650855342 -6.405800605 -0.222662677 -0.171439050 -0.795490850 0.569710840 0.115032680
1703614785.461731911 -163.640231669 -6.466869194 -0.222348730 -0.163256242 -0.797240231 0.570481195 0.110935207
1703614785.606488943 -163.581370290 -6.629599246 -0.203856943 -0.139794929 -0.798920492 0.577364900 0.093985090
1703614785.661396980 -163.560050161 -6.690016642 -0.205352588 -0.129726296 -0.801531961 0.576964006 0.088488078
1703614785.801167727 -163.513844812 -6.839479779 -0.207494040 -0.111276073 -0.804836156 0.578288722 0.073746535
1703614785.851085424 -163.492088383 -6.899138194 -0.211813582 -0.106082187 -0.806352257 0.577819580 0.068316472
1703614786.000838280 -163.441707985 -7.060782554 -0.215524422 -0.086975934 -0.809122315 0.578609799 0.054469877
1703614786.050756216 -163.418568017 -7.117493291 -0.213804896 -0.080917547 -0.809516950 0.579330893 0.050103643
1703614786.200508595 -163.364919807 -7.270246999 -0.207124797 -0.063115617 -0.809696773 0.582209653 0.037940409
1703614786.250426054 -163.331769142 -7.325877057 -0.207892975 -0.055574976 -0.810855446 0.581535334 0.035235245
1703614786.400178194 -163.241389132 -7.461862414 -0.192045168 -0.033012592 -0.809531508 0.585763861 0.021203893
1703614786.450095415 -163.200781323 -7.509771814 -0.187822939 -0.025224683 -0.808739881 0.587436768 0.014885034
1703614786.604839325 -163.103656773 -7.649968367 -0.190326637 0.000272963 0.809453267 -0.587175785 0.003151445
1703614786.669732094 -163.060833176 -7.710573947 -0.190590084 -0.007651419 0.809784767 -0.586593800 0.009889388
1703614786.804512024 -162.993053108 -7.830921949 -0.193883529 -0.021347412 0.810401698 -0.585115614 0.020810936
1703614786.854430199 -162.958350322 -7.875791643 -0.191375254 -0.025940687 0.810302622 -0.584923442 0.024521591
1703614787.004184723 -162.866153869 -7.996345260 -0.186584461 -0.043916965 0.809154562 -0.584903542 0.035043428
1703614787.054103136 -162.819363989 -8.035035002 -0.183780488 -0.050671497 0.808161880 -0.585485007 0.038911192
1703614787.203857422 -162.703428433 -8.137731475 -0.172744891 -0.072087699 0.805172711 -0.586521261 0.049930742
1703614787.253775597 -162.658927461 -8.173193023 -0.169022194 -0.077433872 0.804197764 -0.586921557 0.052849197
1703614787.403531075 -162.558826504 -8.274269941 -0.165693652 -0.093783540 0.801075827 -0.587552273 0.065303090
1703614787.453449011 -162.510145325 -8.309020965 -0.166448267 -0.100035333 0.799764030 -0.587650393 0.070974960
1703614787.603203058 -162.392237063 -8.411030880 -0.169132780 -0.120695293 0.797017699 -0.584706577 0.091179231
1703614787.663104534 -162.336230647 -8.456333504 -0.175434471 -0.126982685 0.797529399 -0.581444191 0.098716301
1703614787.802870750 -162.237341125 -8.558537085 -0.176958212 -0.138934475 0.796154334 -0.578788105 0.108810925
1703614787.852787495 -162.188356104 -8.594661278 -0.181588648 -0.142971011 0.795673614 -0.578193418 0.110250450
1703614788.002537251 -162.061044312 -8.687176537 -0.178597977 -0.160451070 0.793209014 -0.574931206 0.120536398
1703614788.052453756 -162.004766378 -8.709992154 -0.171847382 -0.167221910 0.790462860 -0.575833018 0.124986537
1703614788.202203035 -161.870996591 -8.776692034 -0.169823551 -0.186948730 0.786584061 -0.571011837 0.142411973
1703614788.267095327 -161.810050820 -8.804910729 -0.167784483 -0.193650286 0.784603809 -0.569645391 0.149668156
1703614788.401868343 -161.708648788 -8.871941777 -0.171841869 -0.207197959 0.782528277 -0.565345181 0.158440296
1703614788.466760397 -161.652481658 -8.899916252 -0.173024772 -0.212190194 0.781513472 -0.564129240 0.161152770
1703614788.611516953 -161.522068388 -8.951473194 -0.169035397 -0.225219482 0.776583444 -0.563329590 0.169864983
1703614788.801211596 -161.358890557 -9.001549249 -0.170432408 -0.247037604 0.769528074 -0.560502661 0.180653626
1703614788.851131916 -161.307021770 -9.012791875 -0.171747036 -0.251945866 0.768369019 -0.559450031 0.182065909
1703614789.000892878 -161.190718120 -9.045770818 -0.163251095 -0.265495735 0.762580130 -0.558230835 0.190687949
1703614789.050812960 -161.138584074 -9.052172379 -0.164645469 -0.270680476 0.760618026 -0.557092894 0.194524565
1703614789.205565929 -161.001113321 -9.079914459 -0.163303726 -0.286659650 0.754941667 -0.552589576 0.206237933
1703614789.275454760 -160.956003337 -9.100237068 -0.164913158 -0.291900833 0.753779952 -0.549760132 0.210650148
1703614789.405247450 -160.851115336 -9.125267954 -0.166228316 -0.299192410 0.750824126 -0.547378319 0.217080652
1703614789.475136757 -160.799802790 -9.136080151 -0.168259401 -0.305925829 0.747750661 -0.546066137 0.221562881
1703614789.604929924 -160.687827238 -9.151662653 -0.166333129 -0.318567037 0.741282925 -0.541262097 0.236748834
1703614789.654850006 -160.633928737 -9.154607255 -0.171678537 -0.323988757 0.740060278 -0.537858256 0.240936854
1703614789.804604292 -160.504916015 -9.184972249 -0.176280419 -0.336346520 0.735360783 -0.532394993 0.250341983
1703614789.854522228 -160.453441139 -9.187747314 -0.178715004 -0.339784154 0.734450635 -0.529718163 0.254022953
1703614790.004275084 -160.325036883 -9.198225606 -0.167416620 -0.352725800 0.726847100 -0.524127196 0.269385385
1703614790.054193020 -160.273486812 -9.194843642 -0.169012850 -0.357531908 0.724130354 -0.522415502 0.273657101
1703614790.203946829 -160.132387280 -9.201496138 -0.180074005 -0.372672823 0.718539511 -0.515432687 0.281327361
1703614790.253864527 -160.078947198 -9.195945033 -0.184835458 -0.377017461 0.717363200 -0.512863028 0.283230272
1703614790.403616905 -159.935310535 -9.184348332 -0.181778355 -0.391899184 0.709036282 -0.509224014 0.290471141
1703614790.453534603 -159.883449120 -9.173271915 -0.181003446 -0.396991209 0.706177333 -0.507594087 0.293359502
1703614790.603287935 -159.745747081 -9.159127772 -0.183507483 -0.411855924 0.698776386 -0.500444493 0.302723585
1703614790.653205633 -159.698217888 -9.145445412 -0.181276672 -0.416270324 0.695159027 -0.500202287 0.305402386
1703614790.802971840 -159.573694820 -9.131325084 -0.176462878 -0.427805653 0.687433921 -0.495683721 0.314188760
1703614790.867871046 -159.514834962 -9.114434928 -0.178216124 -0.433929137 0.684383908 -0.492835695 0.316918205
1703614791.002662897 -159.402195651 -9.086127994 -0.180220696 -0.446205459 0.677246666 -0.487237914 0.323785201
1703614791.067562342 -159.348317878 -9.066879147 -0.179269327 -0.451749201 0.673143907 -0.485200945 0.327688850
1703614791.202353716 -159.239971202 -9.045386017 -0.186527635 -0.462550790 0.666639277 -0.478257295 0.336019048
1703614791.252276897 -159.195102210 -9.026288026 -0.189667023 -0.467825319 0.664323400 -0.475490311 0.337228193
1703614791.402045965 -159.082675596 -8.992273683 -0.182717182 -0.477366168 0.655344858 -0.471115590 0.347411513
1703614791.451969147 -159.043766723 -8.972384574 -0.178818216 -0.479579725 0.652098066 -0.468680635 0.353708725
1703614791.611724138 -158.912266242 -8.922695474 -0.178673198 -0.493982106 0.642018504 -0.461200731 0.362060500
1703614791.811403751 -158.766069952 -8.881311577 -0.179854812 -0.503744993 0.635446864 -0.456251520 0.366446198
1703614792.001094818 -158.627267161 -8.849955426 -0.186595861 -0.514373867 0.627608896 -0.446735488 0.376767837
1703614792.051013708 -158.587433129 -8.833547458 -0.187034884 -0.517256767 0.625538616 -0.444290144 0.379147918
1703614792.200769186 -158.468605726 -8.816207669 -0.183734681 -0.522664654 0.620018005 -0.439480406 0.386337035
1703614792.250688314 -158.428862361 -8.800720365 -0.181606344 -0.523769588 0.618064787 -0.439485039 0.387961646
1703614792.405436277 -158.297109426 -8.761310893 -0.177382891 -0.528442324 0.612709577 -0.436971869 0.392926544
1703614792.460346460 -158.245821069 -8.748851690 -0.179335426 -0.532447135 0.609046102 -0.435859327 0.394448400
1703614792.610101700 -158.103140113 -8.710343941 -0.177533770 -0.540296374 0.601844268 -0.430311964 0.400867708
1703614792.804785967 -157.907340942 -8.691512155 -0.181796731 -0.545419406 0.598142098 -0.426361798 0.403682200
1703614792.854705334 -157.856359591 -8.677095717 -0.182561508 -0.546495209 0.597346277 -0.424335293 0.405536646
1703614793.004462004 -157.695877841 -8.657188719 -0.179351281 -0.551335658 0.591102773 -0.423095650 0.409410032
1703614793.054381132 -157.641086817 -8.646133251 -0.183033673 -0.552460013 0.590446351 -0.422764145 0.409183967
1703614793.204137802 -157.464747043 -8.630197914 -0.181240630 -0.555647224 0.587373703 -0.422928163 0.409121088
1703614793.254056931 -157.405029673 -8.614797377 -0.185314158 -0.558569492 0.586809163 -0.422077368 0.406824071
1703614793.413797379 -157.213407178 -8.587844551 -0.181884693 -0.560689360 0.582126927 -0.423677715 0.408965617
1703614793.603488684 -156.971022794 -8.604281762 -0.177959419 -0.559803725 0.582967637 -0.420227294 0.412525812
1703614793.653407812 -156.909847803 -8.606074224 -0.179651815 -0.559276357 0.583346302 -0.421105198 0.411809982
1703614793.813150644 -156.705533378 -8.640943792 -0.179761963 -0.554111276 0.588806475 -0.422053900 0.410046502
1703614794.002845526 -156.444788594 -8.642273686 -0.180004697 -0.554941688 0.588195411 -0.416537981 0.415405816
1703614794.052765369 -156.376878304 -8.626510936 -0.179230939 -0.558105895 0.586508921 -0.414224254 0.415864597
1703614794.202524185 -156.176488326 -8.617588527 -0.164134461 -0.558594451 0.583008666 -0.415565479 0.418782123
1703614794.252443075 -156.111464630 -8.608498127 -0.165514908 -0.559270636 0.582872638 -0.415571928 0.418061976
1703614794.402202845 -155.905893536 -8.581386764 -0.157934785 -0.562515440 0.577140188 -0.416524753 0.420705019
1703614794.452121735 -155.837430428 -8.564803574 -0.157447002 -0.564580707 0.576090680 -0.415240097 0.420646901
1703614794.606873274 -155.614347708 -8.517459291 -0.161160104 -0.571094022 0.570913949 -0.414843483 0.419301521
1703614794.661784887 -155.537376477 -8.514007247 -0.152561377 -0.570653655 0.569231709 -0.416378071 0.420664913
1703614794.801558256 -155.331813513 -8.517419689 -0.159713904 -0.571028066 0.569639824 -0.414799669 0.421163451
1703614794.851477861 -155.262360725 -8.516613755 -0.163045812 -0.571458554 0.571688123 -0.410510315 0.422006033
1703614795.001235247 -155.054245294 -8.534536620 -0.149399281 -0.567280856 0.571978599 -0.411949872 0.425828857
1703614795.051153898 -154.979619528 -8.529454613 -0.160696251 -0.568502275 0.573736637 -0.411707623 0.422052446
1703614795.200911999 -154.748764725 -8.504484384 -0.169904415 -0.570695509 0.574011075 -0.409669980 0.420699928
1703614795.250830650 -154.676449672 -8.485007105 -0.170679041 -0.574092710 0.571827884 -0.408781803 0.419914122
1703614795.410571814 -154.454712933 -8.454046947 -0.162626495 -0.580219306 0.567283387 -0.404951532 0.421366079
1703614795.600264072 -154.190791092 -8.465563737 -0.154807593 -0.575192616 0.571624401 -0.409285300 0.418191993
1703614795.650183678 -154.126007674 -8.455622032 -0.153928985 -0.574857454 0.571100227 -0.410134617 0.418536777
1703614795.809924841 -153.907197838 -8.419412405 -0.147840675 -0.579546103 0.565566142 -0.407821030 0.421833215
1703614795.864835739 -153.832117342 -8.410409960 -0.148075445 -0.581132806 0.564166343 -0.408180764 0.421176285
1703614796.004608631 -153.651075041 -8.405453564 -0.138049051 -0.578373334 0.563158758 -0.408206921 0.426267063
1703614796.044543982 -153.600017994 -8.400743798 -0.137764677 -0.576992972 0.563765376 -0.407283059 0.428215158
1703614796.214269161 -153.373129405 -8.381812235 -0.143436197 -0.578853459 0.563546542 -0.407735852 0.425553102
1703614796.403960943 -153.114754097 -8.357601168 -0.140178440 -0.578463384 0.559879876 -0.413282945 0.425572374
1703614796.453879118 -153.050074599 -8.350634296 -0.138319006 -0.578373887 0.560385170 -0.411587037 0.426671090
1703614796.603636026 -152.852110842 -8.324425408 -0.129758527 -0.580901544 0.556966301 -0.410219892 0.429023981
1703614796.653555155 -152.789453681 -8.314276745 -0.133033192 -0.582731065 0.555681146 -0.410112890 0.428311086
1703614796.803314447 -152.598865478 -8.300911525 -0.135805496 -0.584033865 0.556259320 -0.408164868 0.427646413
1703614796.853234529 -152.540807817 -8.299414508 -0.137115207 -0.583026816 0.556593133 -0.410012833 0.426817633
1703614797.002994061 -152.346442587 -8.306439003 -0.150786143 -0.580186887 0.561530139 -0.415535292 0.418804847
1703614797.052914381 -152.288203394 -8.302042212 -0.152901897 -0.579919890 0.561710522 -0.417281691 0.417193242
1703614797.202673912 -152.095260463 -8.286113578 -0.158872542 -0.583312807 0.561849095 -0.416152784 0.413386774
1703614797.252593040 -152.036804550 -8.285851708 -0.162653697 -0.584021594 0.562252597 -0.415918542 0.412071064
1703614797.402352571 -151.853796502 -8.318328585 -0.176178013 -0.580783504 0.567500747 -0.416339608 0.409016814
1703614797.452272654 -151.794257992 -8.333443282 -0.181585711 -0.578900329 0.571617320 -0.415443229 0.406859892
1703614797.612016678 -151.607643224 -8.370439502 -0.175313663 -0.569319177 0.577241012 -0.418482880 0.409317198
1703614797.801715374 -151.367399776 -8.382561498 -0.187937347 -0.572076695 0.580404297 -0.413364573 0.406188179
1703614797.851635695 -151.308706256 -8.387316181 -0.192053849 -0.572689597 0.582021787 -0.412546480 0.403834950
1703614798.001399279 -151.135946682 -8.400575515 -0.195256150 -0.569644709 0.585216668 -0.414561635 0.401453619
1703614798.051320553 -151.078461541 -8.396845953 -0.198750618 -0.570454738 0.584658935 -0.416322488 0.399288001
1703614798.206075907 -150.908145782 -8.379722481 -0.189352500 -0.571009120 0.580710404 -0.417700775 0.402802774
1703614798.260989189 -150.844727383 -8.372217732 -0.190635419 -0.573435367 0.579938058 -0.415944699 0.402285639
1703614798.410753489 -150.685255369 -8.370787489 -0.180743466 -0.572117944 0.576749701 -0.419072523 0.405486203
1703614798.600454569 -150.479773865 -8.365322892 -0.170898888 -0.571488481 0.575842112 -0.420768452 0.405907241
1703614798.650375605 -150.425607500 -8.366971525 -0.177535524 -0.571523131 0.576924930 -0.418750214 0.406407669
1703614798.805132627 -150.270973536 -8.358438412 -0.161771897 -0.571187615 0.572424985 -0.421055090 0.410836898
1703614798.840076923 -150.235041746 -8.354280372 -0.160952157 -0.571177026 0.572115121 -0.420022280 0.412337698
1703614799.004817724 -150.059326612 -8.339327654 -0.162065740 -0.573952089 0.569420901 -0.420667493 0.411555218
1703614799.059731483 -150.004313362 -8.336946374 -0.165839304 -0.574368150 0.568969014 -0.419696318 0.412589978
1703614799.204504251 -149.852100093 -8.335743850 -0.171316994 -0.575766146 0.569036776 -0.416598223 0.413686370
1703614799.254425049 -149.805632419 -8.339924968 -0.170124508 -0.574767093 0.569057949 -0.416264114 0.415379377
1703614799.404189825 -149.659554474 -8.348005416 -0.168705760 -0.573204042 0.568863014 -0.413835361 0.420205058
1703614799.454110861 -149.612635907 -8.353570775 -0.168982176 -0.572997776 0.570314065 -0.413393879 0.418952166
1703614799.608867645 -149.475668884 -8.369305231 -0.156803746 -0.567269097 0.571857473 -0.417684972 0.420385615
1703614799.663781404 -149.426243699 -8.374797871 -0.153591130 -0.565637021 0.572962438 -0.417532811 0.421230528
1703614799.803565979 -149.309913313 -8.390655915 -0.149230501 -0.563894406 0.574308347 -0.416021990 0.423224203
1703614799.853489399 -149.273102531 -8.395769183 -0.148200278 -0.563261518 0.574389999 -0.415459772 0.424506501
1703614800.003259420 -149.158025712 -8.404279802 -0.149318117 -0.564026588 0.574809676 -0.412803996 0.425512285
1703614800.053182364 -149.126906661 -8.409375467 -0.147941072 -0.563206850 0.574531434 -0.414102045 0.425712546
1703614800.202953100 -149.020199863 -8.405112843 -0.154536010 -0.562713250 0.575832863 -0.416870899 0.421887385
1703614800.252876282 -148.989078965 -8.399320330 -0.154069380 -0.562993145 0.575167310 -0.417155487 0.422140478
1703614800.427609682 -148.869364250 -8.368411762 -0.158739601 -0.569377265 0.569578534 -0.415206239 0.423076356
1703614800.602343082 -148.752583631 -8.354437456 -0.169096272 -0.572236196 0.568772329 -0.411286599 0.424131004
1703614800.667244673 -148.717703080 -8.355599464 -0.168015305 -0.571718923 0.568885457 -0.412037648 0.423947857
1703614800.802028179 -148.641545718 -8.353863943 -0.169301993 -0.571000563 0.570121759 -0.412437262 0.422865277
1703614800.866924286 -148.611740086 -8.350564286 -0.170018521 -0.571956869 0.569245785 -0.411972167 0.423206227
1703614801.011692047 -148.544987399 -8.341928296 -0.172564137 -0.574308912 0.566968537 -0.408504043 0.426427483
1703614801.211372852 -148.449882620 -8.369042312 -0.176964501 -0.569487114 0.572142193 -0.411199327 0.423382630
1703614801.416044474 -148.347287845 -8.355402591 -0.177279586 -0.569919690 0.571232573 -0.412327666 0.422931189
1703614801.600748301 -148.245914747 -8.341229175 -0.177111828 -0.573685188 0.567508955 -0.411056886 0.424088584
1703614801.670636415 -148.214880165 -8.351915005 -0.178432076 -0.571533895 0.569546460 -0.412457749 0.422900038
1703614801.800431728 -148.142681830 -8.371684640 -0.180350975 -0.567615756 0.573859886 -0.415068893 0.419779703
1703614801.870321035 -148.110171366 -8.372556455 -0.180823229 -0.567007626 0.574170328 -0.415444698 0.419805299
1703614802.005107164 -148.038820262 -8.360442642 -0.182707529 -0.570099368 0.571468247 -0.413278433 0.421440020
1703614802.060020208 -148.006856316 -8.357428898 -0.183055316 -0.570944650 0.570462062 -0.412671269 0.422253083
1703614802.204792261 -147.923242334 -8.373540107 -0.186302704 -0.569580342 0.572499463 -0.412383181 0.421619154
1703614802.269689083 -147.893318389 -8.384593817 -0.186925774 -0.567558206 0.574452965 -0.413040764 0.421044892
1703614802.409468174 -147.815546597 -8.403296939 -0.191652658 -0.565537736 0.578054052 -0.412726176 0.419139220
1703614802.479358912 -147.775706549 -8.402164151 -0.192484104 -0.566361971 0.577638867 -0.411730423 0.419577783
1703614802.614145756 -147.708165200 -8.399301338 -0.192534439 -0.568175764 0.576011290 -0.410182732 0.420876968
1703614802.803844213 -147.604506969 -8.423460275 -0.195362677 -0.564212162 0.580658721 -0.411959259 0.418078527
1703614802.868740082 -147.575222789 -8.429830702 -0.193946646 -0.562941483 0.581875182 -0.412156859 0.417905352
1703614803.003525257 -147.500929487 -8.428162599 -0.193231938 -0.563739882 0.581034443 -0.411052318 0.419085090
1703614803.068421841 -147.468725824 -8.426054561 -0.192649563 -0.564595106 0.580039844 -0.410352646 0.419996252
1703614803.203206062 -147.390111718 -8.429589793 -0.191695540 -0.563981508 0.580058977 -0.411651011 0.419523405
1703614803.268102884 -147.353764228 -8.434053181 -0.191475908 -0.562544726 0.580933912 -0.413898554 0.418027760
1703614803.402887821 -147.261854906 -8.439796394 -0.190323473 -0.559819891 0.582761161 -0.418329059 0.414719082
1703614803.467784643 -147.220328885 -8.437696314 -0.187774178 -0.559380694 0.582189784 -0.419660767 0.414768773
1703614803.602569103 -147.118962405 -8.421900066 -0.184673743 -0.561865358 0.579115786 -0.420240002 0.415127169
1703614803.667465925 -147.074315249 -8.414581607 -0.185110879 -0.563878680 0.577655258 -0.418663658 0.416024012
1703614803.812230110 -146.962197782 -8.404694974 -0.184927616 -0.566317467 0.575310596 -0.417597749 0.417030413
1703614804.011904955 -146.799851541 -8.431716632 -0.186542520 -0.562213661 0.579626269 -0.419121238 0.415074180
1703614804.211580515 -146.620655347 -8.431621933 -0.188567676 -0.562577490 0.579330687 -0.419279102 0.414834373
1703614804.411254883 -146.433443606 -8.437360165 -0.187897424 -0.562653823 0.578706328 -0.419121098 0.415760949
1703614804.605937243 -146.239430239 -8.470695082 -0.190838015 -0.558219999 0.583642402 -0.420491478 0.413447574
1703614804.675823212 -146.164495527 -8.469775069 -0.192519235 -0.559125114 0.583269343 -0.420081186 0.413167977
1703614804.805615425 -146.027758544 -8.454366876 -0.191932196 -0.562550862 0.580117957 -0.417915458 0.415146184
1703614804.875503302 -145.950467195 -8.449343439 -0.194522059 -0.564124807 0.579433959 -0.416396251 0.415492060
1703614805.010287285 -145.806489540 -8.445168285 -0.194285658 -0.564744318 0.578857241 -0.415501265 0.416349431
1703614805.214958191 -145.580321804 -8.433816817 -0.196388181 -0.567309333 0.577246975 -0.413618968 0.416971701
1703614805.409646034 -145.362040665 -8.412044627 -0.194538700 -0.570127953 0.574163524 -0.411706816 0.419270632
1703614805.479533672 -145.280012603 -8.403260257 -0.197435423 -0.571780732 0.573576558 -0.410341703 0.419161560
1703614805.604333401 -145.140576533 -8.385215210 -0.195246284 -0.573850600 0.570616417 -0.409663131 0.421032673
1703614805.654253960 -145.084095227 -8.381440182 -0.195830001 -0.574211571 0.570062319 -0.408706614 0.422219051
1703614805.804013729 -144.908568494 -8.377150224 -0.202945289 -0.575665109 0.569335950 -0.407542956 0.422344643
1703614805.853932858 -144.850061983 -8.378533536 -0.206318791 -0.575861554 0.570021028 -0.407943822 0.420762803
1703614806.003692627 -144.670739472 -8.384190657 -0.214346328 -0.573530220 0.572825967 -0.409524840 0.418596351
1703614806.053612709 -144.611500848 -8.380294116 -0.213859188 -0.573781677 0.572852485 -0.409760649 0.417984244
1703614806.203372478 -144.433093184 -8.364760229 -0.212280233 -0.575001522 0.571205457 -0.408673638 0.419622964
1703614806.268267870 -144.356723841 -8.362042894 -0.211712106 -0.575040675 0.570908766 -0.407607646 0.421007612
1703614806.403051853 -144.194989145 -8.357542370 -0.213678402 -0.575220294 0.571035070 -0.405668072 0.422461806
1703614806.467947721 -144.116018389 -8.355526984 -0.211096056 -0.574666102 0.571159522 -0.404394742 0.424264734
1703614806.607723236 -143.951728902 -8.340298141 -0.213961005 -0.576472544 0.569186831 -0.403995835 0.424844822
1703614806.662635088 -143.886508993 -8.334193953 -0.215139347 -0.577370794 0.569044820 -0.403452533 0.424331254
1703614806.802408457 -143.717709474 -8.329098987 -0.219466382 -0.577983365 0.569304459 -0.405095285 0.421574991
1703614806.852327824 -143.656005668 -8.330668558 -0.216041651 -0.576644859 0.570073562 -0.404934191 0.422522357
1703614807.002084732 -143.482682368 -8.325375288 -0.213805034 -0.576115697 0.569523813 -0.406409094 0.422569495
1703614807.066978455 -143.406331972 -8.325721602 -0.212556883 -0.575720970 0.569643252 -0.406459615 0.422897755
1703614807.211743593 -143.235631504 -8.334207511 -0.210105231 -0.573643128 0.570705331 -0.408303200 0.422513295
1703614807.401435614 -143.013308538 -8.347998034 -0.215335813 -0.571195085 0.572541769 -0.412363905 0.419390161
1703614807.451353550 -142.952494050 -8.351426325 -0.219378932 -0.571181142 0.574021610 -0.411642058 0.418093422
1703614807.601109982 -142.780396768 -8.349147028 -0.216586200 -0.570993133 0.572803964 -0.413013577 0.418667226
1703614807.651029110 -142.720517264 -8.344826677 -0.217699504 -0.572232081 0.572515148 -0.412112550 0.418258409
1703614807.800787687 -142.549517758 -8.340373048 -0.218786498 -0.572304381 0.571437433 -0.411963076 0.419777774
1703614807.850706816 -142.491118240 -8.343126228 -0.219832098 -0.572624878 0.572875397 -0.410818206 0.418500812
1703614808.000465870 -142.325887769 -8.366775467 -0.218557033 -0.567823749 0.575437470 -0.414117681 0.418275572
1703614808.050385952 -142.267276392 -8.373016449 -0.224200710 -0.567311940 0.577632698 -0.412700135 0.417344255
1703614808.200145006 -142.097852022 -8.382265479 -0.223566988 -0.565977662 0.577423150 -0.415886488 0.416281420
1703614808.270032406 -142.014718326 -8.384684843 -0.227759737 -0.566274836 0.578915958 -0.414385504 0.415299624
1703614808.404815674 -141.861061230 -8.383228608 -0.228165157 -0.566570751 0.578058337 -0.413594464 0.416876195
1703614808.469710350 -141.786536721 -8.383243968 -0.230790517 -0.567134009 0.578101048 -0.412501427 0.417133992
1703614808.614478111 -141.626451968 -8.386404188 -0.223915186 -0.566864681 0.576978047 -0.414061344 0.417509247
1703614808.804172993 -141.421610055 -8.381247405 -0.224175299 -0.566877473 0.576055795 -0.412919809 0.419889132
1703614808.869068146 -141.350360673 -8.376981946 -0.226792447 -0.568263639 0.575594871 -0.411632968 0.419911039
1703614809.003851652 -141.203847776 -8.367848814 -0.228960768 -0.570419235 0.574486795 -0.411577451 0.418558025
1703614809.068747520 -141.137810718 -8.365534242 -0.228452755 -0.570156322 0.574323213 -0.412212880 0.418515421
1703614809.208522797 -140.992325263 -8.355064076 -0.228047911 -0.571157620 0.572768599 -0.411792674 0.419692625
1703614809.278410196 -140.922520495 -8.349474056 -0.227351236 -0.571954244 0.571425365 -0.411259937 0.420959213
1703614809.403209448 -140.790259744 -8.344970615 -0.236986948 -0.574289196 0.571919018 -0.406665557 0.421572864
1703614809.453129530 -140.741722864 -8.344837118 -0.236620487 -0.574408771 0.572105327 -0.406298729 0.421510855
1703614809.612873077 -140.588210575 -8.357691613 -0.236030592 -0.570382311 0.575337839 -0.408690595 0.420264665
1703614809.802562714 -140.403597153 -8.368655020 -0.232021970 -0.568566092 0.575600996 -0.410550318 0.420552647
1703614809.852480888 -140.358762645 -8.370904016 -0.229972675 -0.567894264 0.575435064 -0.411301460 0.420953323
1703614810.002234221 -140.216138292 -8.372808607 -0.231556784 -0.567638561 0.575975473 -0.412378313 0.419503094
1703614810.067127466 -140.156748422 -8.372956287 -0.232661093 -0.567248016 0.576341121 -0.412040125 0.419861330
1703614810.201904297 -140.028414116 -8.373267819 -0.235679421 -0.568014712 0.576411420 -0.410458453 0.420277314
1703614810.251822233 -139.983972425 -8.374438687 -0.235825140 -0.568228688 0.576276467 -0.410263265 0.420363706
1703614810.401575089 -139.847999351 -8.379450874 -0.236457082 -0.567393535 0.577970420 -0.411358241 0.418089904
1703614810.451493263 -139.805412086 -8.379154392 -0.233433458 -0.566571515 0.578446997 -0.412402366 0.417516561
1703614810.601245642 -139.679653372 -8.354665693 -0.231247617 -0.568261887 0.576042638 -0.411885522 0.419050861
1703614810.651162624 -139.638652240 -8.343928751 -0.232121114 -0.570831351 0.574261470 -0.410382690 0.419477509
1703614810.800920963 -139.511784596 -8.319377499 -0.235134158 -0.575172224 0.569763548 -0.406733753 0.423218698
1703614810.870808840 -139.455074000 -8.317220056 -0.235769272 -0.575572747 0.569783183 -0.406065322 0.423289608
1703614811.000601530 -139.344900481 -8.321951886 -0.238734355 -0.573872090 0.572001753 -0.407270248 0.421444853
1703614811.070489407 -139.290340705 -8.321178871 -0.237865456 -0.573043114 0.572754253 -0.407952137 0.420890971
1703614811.200280905 -139.184478876 -8.307727378 -0.236008291 -0.574390138 0.570553092 -0.407705775 0.422280877
1703614811.270169973 -139.128647555 -8.301390951 -0.238627996 -0.576115592 0.569587722 -0.405884002 0.422987977
1703614811.404954195 -139.018107203 -8.297144157 -0.238902721 -0.576769382 0.568890124 -0.406154143 0.422776441
1703614811.469849586 -138.968372279 -8.296565147 -0.240101794 -0.576136473 0.569764875 -0.406095078 0.422518094
1703614811.604633808 -138.857698733 -8.288630401 -0.242929044 -0.576540184 0.569636244 -0.404571683 0.423600896
1703614811.669529915 -138.808436396 -8.287166587 -0.243046009 -0.577015670 0.569538670 -0.402950488 0.424628691
1703614811.804315090 -138.704108537 -8.291528061 -0.240082653 -0.576087293 0.569465451 -0.404203026 0.424796945
1703614811.869211912 -138.657047415 -8.291658767 -0.238568540 -0.575568062 0.570257188 -0.404668994 0.423994282
1703614812.008988857 -138.553946032 -8.278777960 -0.236351379 -0.575666598 0.569331206 -0.405383704 0.424421958
1703614812.078877449 -138.502700627 -8.267330269 -0.233118059 -0.576925694 0.566918456 -0.406426687 0.424944179
1703614812.208670855 -138.406882907 -8.248000789 -0.233444905 -0.579670390 0.563906686 -0.406211076 0.425422202
1703614812.278559208 -138.353323937 -8.243678166 -0.234257340 -0.579847445 0.563638787 -0.405656489 0.426064632
1703614812.408352137 -138.258635315 -8.245193286 -0.233450316 -0.579146982 0.564475751 -0.405333310 0.426216855
1703614812.478240490 -138.205507013 -8.249681054 -0.234677046 -0.578228944 0.565463290 -0.405574156 0.425925064
1703614812.603042364 -138.109269878 -8.251987630 -0.237440918 -0.577516201 0.567042017 -0.406307846 0.424089993
1703614812.667938471 -138.063976674 -8.248720091 -0.236057009 -0.577706361 0.567042284 -0.406389783 0.423751993
1703614812.807712555 -137.965425648 -8.235411072 -0.232857469 -0.578906036 0.565075117 -0.406314056 0.424813844
1703614812.877598763 -137.914024216 -8.229401780 -0.233400065 -0.579469441 0.564466743 -0.404949929 0.426154921
1703614813.002396107 -137.818308005 -8.227129715 -0.235249410 -0.579572007 0.563715770 -0.406138678 0.425878144
1703614813.052315235 -137.783254019 -8.229590781 -0.235080360 -0.579034331 0.564138467 -0.407282222 0.424956734
1703614813.202071667 -137.663250165 -8.232298191 -0.237391303 -0.577897774 0.565565750 -0.406204903 0.425637313
1703614813.266965389 -137.613725925 -8.229681324 -0.236612043 -0.578451828 0.565332977 -0.406313848 0.425089595
1703614813.406738758 -137.505542285 -8.227873727 -0.232830204 -0.577275409 0.565669958 -0.407474719 0.425129338
1703614813.461649179 -137.458511800 -8.227241024 -0.236237773 -0.577244213 0.566494046 -0.406640759 0.424872815
1703614813.601421356 -137.341487003 -8.226309086 -0.234619843 -0.577141983 0.566254193 -0.407314886 0.424685654
1703614813.671307564 -137.285912626 -8.227780545 -0.234064889 -0.576559740 0.566642596 -0.407422932 0.424854785
1703614813.811083794 -137.169511713 -8.226537008 -0.232685612 -0.576467287 0.566636381 -0.407426910 0.424984696
1703614814.010762691 -137.000075779 -8.230997341 -0.235699815 -0.575577066 0.568528079 -0.407856100 0.423249650
1703614814.210442781 -136.833229617 -8.238682747 -0.234041632 -0.574448187 0.569538785 -0.410232929 0.421122069
1703614814.405131340 -136.671004422 -8.236148742 -0.228709630 -0.572706537 0.570708926 -0.411708895 0.420469178
1703614814.475018978 -136.611046319 -8.228294214 -0.228272160 -0.574474203 0.569073952 -0.411301424 0.420672516
1703614814.604810476 -136.499943968 -8.222873109 -0.231373570 -0.575563206 0.568069516 -0.410902185 0.420931604
1703614814.669706583 -136.445462361 -8.223347002 -0.229841205 -0.575063144 0.568523377 -0.411191104 0.420720128
1703614814.814477205 -136.321460774 -8.219606390 -0.229392182 -0.574875173 0.569148122 -0.411211328 0.420112122
1703614815.004177332 -136.158230386 -8.195251633 -0.221916442 -0.577575424 0.564417317 -0.410153159 0.423809047
1703614815.054097652 -136.117682870 -8.194360680 -0.218711047 -0.577309853 0.563773178 -0.411373682 0.423845292
1703614815.203860998 -135.978373399 -8.203267820 -0.226230641 -0.575961410 0.566649303 -0.411613417 0.421605759
1703614815.253782511 -135.934943194 -8.204903394 -0.225236479 -0.575735047 0.567331299 -0.411173087 0.421427391
1703614815.403545856 -135.797392399 -8.198998110 -0.223669480 -0.576038878 0.566117005 -0.410838258 0.422968881
1703614815.453467607 -135.752308343 -8.193777540 -0.221517616 -0.576776524 0.565429897 -0.410131864 0.423567854
1703614815.603231192 -135.615380439 -8.180410029 -0.214713555 -0.577304971 0.563781285 -0.410369945 0.424813066
1703614815.668129206 -135.554118583 -8.179514577 -0.215304402 -0.577470009 0.564506439 -0.410013710 0.423968898
1703614815.802915335 -135.432120604 -8.183924141 -0.213966487 -0.576177948 0.565039846 -0.411978367 0.423110824
1703614815.852836132 -135.387563755 -8.186182944 -0.213402841 -0.575935477 0.565540768 -0.411847280 0.422899260
1703614816.012581825 -135.239887492 -8.196828253 -0.213835015 -0.575101998 0.567388214 -0.409930517 0.423420923
1703614816.212264776 -135.060669743 -8.208837751 -0.211241116 -0.572715586 0.569805250 -0.411407900 0.421974376
1703614816.401963949 -134.888174526 -8.218521675 -0.210957431 -0.570634061 0.571185547 -0.414908257 0.419493716
1703614816.466861010 -134.825640657 -8.221677250 -0.213211066 -0.570411398 0.572504928 -0.414156987 0.418739698
1703614816.601647139 -134.700909757 -8.223747502 -0.215197494 -0.570962334 0.572092702 -0.415757657 0.416962257
1703614816.671536207 -134.635647158 -8.222876384 -0.214458560 -0.570686941 0.572258059 -0.416233888 0.416637107
1703614816.801329374 -134.512965998 -8.220199168 -0.213009477 -0.570956929 0.572660430 -0.414244635 0.417695583
1703614816.871217489 -134.449476049 -8.218856005 -0.212917402 -0.571705695 0.571746022 -0.413585248 0.418576548
1703614817.001009703 -134.328385033 -8.221619789 -0.210747785 -0.570832398 0.571088152 -0.414667042 0.419594972
1703614817.070899010 -134.262882033 -8.219176003 -0.210362207 -0.570653616 0.571642388 -0.414391495 0.419355600
1703614817.200690985 -134.138373146 -8.205293005 -0.210488937 -0.571621560 0.570475626 -0.414846470 0.419176285
1703614817.270579100 -134.073295206 -8.200772171 -0.209567906 -0.572152402 0.570222057 -0.413512644 0.420113947
1703614817.400372267 -133.952188150 -8.200404747 -0.208833980 -0.572806804 0.569530671 -0.412800210 0.420860032
1703614817.470260382 -133.886620465 -8.203107057 -0.211649872 -0.572754274 0.570537506 -0.412430755 0.419929003
1703614817.610037088 -133.756113590 -8.200217309 -0.210518136 -0.572130443 0.570482707 -0.414270877 0.419041618
1703614817.804727554 -133.576998223 -8.183251767 -0.207877595 -0.574827706 0.567562714 -0.411064464 0.422459087
1703614817.854648352 -133.533225543 -8.181065006 -0.206561255 -0.575662499 0.566624816 -0.411070139 0.422575848
1703614818.004410505 -133.400967274 -8.184703731 -0.203806786 -0.574115933 0.567612328 -0.410137913 0.424257037
1703614818.069306612 -133.344112216 -8.185738175 -0.203900831 -0.573648572 0.568320182 -0.410005041 0.424069984
1703614818.204093456 -133.225776292 -8.197272803 -0.203311229 -0.571584446 0.569600700 -0.412689079 0.422532824
1703614818.254013777 -133.179600035 -8.199817979 -0.204454318 -0.570984413 0.570923062 -0.411592009 0.422629478
1703614818.408768654 -133.047004808 -8.202027454 -0.205441901 -0.571371283 0.570693092 -0.411890987 0.422125653
1703614818.478657484 -132.984652005 -8.202023967 -0.205742975 -0.571649914 0.570614661 -0.412512940 0.421246196
1703614818.603459120 -132.878853519 -8.201471476 -0.206452147 -0.571015758 0.570515311 -0.413051784 0.421712590
1703614818.668356419 -132.821869670 -8.200254084 -0.207282691 -0.571297107 0.570796412 -0.412156965 0.421826632
1703614818.803142071 -132.704642276 -8.197436673 -0.204791076 -0.571529309 0.569770325 -0.412355521 0.422704328
1703614818.868039131 -132.648745615 -8.194493034 -0.205566400 -0.571711645 0.569765191 -0.411550277 0.423249090
1703614819.007816076 -132.526261751 -8.191386526 -0.204115716 -0.571813420 0.569191413 -0.412042336 0.423404844
1703614819.077704906 -132.465836686 -8.193737107 -0.204557728 -0.571250843 0.569784998 -0.411536124 0.423857934
1703614819.202507019 -132.353730914 -8.193095779 -0.206979886 -0.572233402 0.569696711 -0.410676449 0.423484881
1703614819.267404079 -132.296242578 -8.191464425 -0.206391954 -0.572518671 0.569395516 -0.411315443 0.422883818
1703614819.402189732 -132.178531042 -8.185039141 -0.205297241 -0.571947156 0.569317204 -0.412378055 0.422727703
1703614819.467085600 -132.122704700 -8.180166152 -0.202804391 -0.572217095 0.568748669 -0.412554934 0.422955050
1703614819.601871252 -132.006111111 -8.177713813 -0.198130413 -0.572278161 0.567704282 -0.413595692 0.423258973
1703614819.666768551 -131.951297934 -8.181073524 -0.198239292 -0.571920996 0.568336880 -0.413687452 0.422802859
1703614819.801553726 -131.829193207 -8.192584128 -0.202967258 -0.570519357 0.570885476 -0.413514765 0.421429680
1703614819.871442080 -131.767927705 -8.194611702 -0.203838417 -0.570086509 0.571447751 -0.413399451 0.421366508
1703614820.001235247 -131.649486018 -8.191155855 -0.205278007 -0.571856672 0.570705101 -0.411923472 0.421419847
1703614820.071123838 -131.586897193 -8.192494181 -0.204505480 -0.571853437 0.570196690 -0.412413652 0.421632970
1703614820.200917244 -131.469273031 -8.197386511 -0.205820436 -0.571102707 0.571476067 -0.411968398 0.421353584
1703614820.270805597 -131.407687144 -8.200046206 -0.205233383 -0.570363630 0.571930822 -0.411971580 0.421734373
1703614820.400599003 -131.290370106 -8.206360786 -0.206386455 -0.569239148 0.572749428 -0.412880885 0.421253202
1703614820.450518847 -131.244999266 -8.207130171 -0.205315796 -0.569106903 0.573150248 -0.413000761 0.420768935
1703614820.605272770 -131.104618921 -8.210452719 -0.204877491 -0.568449832 0.573640801 -0.413170783 0.420821725
1703614820.675161123 -131.038696755 -8.210371700 -0.204488583 -0.568455907 0.573552845 -0.412454363 0.421635404
1703614820.804955959 -130.915500427 -8.208177019 -0.208534452 -0.569267844 0.573429218 -0.411722013 0.421423821
1703614820.869853973 -130.853248528 -8.205851960 -0.209309552 -0.569714137 0.573373164 -0.411371298 0.421239446
1703614821.004641294 -130.724478743 -8.199753660 -0.208741359 -0.570386000 0.572528865 -0.410996768 0.421843771
1703614821.069538116 -130.665225629 -8.198134800 -0.206463127 -0.570073734 0.572125537 -0.411598569 0.422226154
1703614821.204325676 -130.535717708 -8.196183532 -0.206550548 -0.569772798 0.572339879 -0.411795323 0.422150014
1703614821.254247427 -130.489070867 -8.194629581 -0.205894393 -0.569890349 0.572631368 -0.411117724 0.422256467
1703614821.404011250 -130.346812106 -8.187429105 -0.206664932 -0.571461412 0.571365724 -0.409958137 0.422974455
1703614821.468909264 -130.285789980 -8.186187026 -0.207648749 -0.572095963 0.571004218 -0.409542386 0.423007597
1703614821.603697062 -130.156877137 -8.190444753 -0.205506680 -0.570895506 0.571612998 -0.409708459 0.423645938
1703614821.653618574 -130.112341807 -8.191165460 -0.203451203 -0.569787753 0.571353375 -0.410899515 0.424333391
1703614821.803381205 -129.961181836 -8.184314613 -0.210392397 -0.571356936 0.571463657 -0.411476661 0.421506226
1703614821.868278265 -129.901061851 -8.179985555 -0.208695186 -0.571839552 0.570942236 -0.410916079 0.422104806
1703614822.003062963 -129.768363172 -8.169659376 -0.212062832 -0.574147326 0.569171957 -0.408914412 0.423305014
1703614822.067960024 -129.708595158 -8.171237302 -0.210757978 -0.573969580 0.569076249 -0.408941566 0.423648368
1703614822.202745914 -129.575930123 -8.190031482 -0.214847437 -0.571469166 0.572286382 -0.409609337 0.422056253
1703614822.267642736 -129.514057523 -8.193720522 -0.213579788 -0.570123422 0.573402853 -0.410863645 0.421140733
1703614822.402428627 -129.379014984 -8.190330066 -0.214733954 -0.570310880 0.573043369 -0.411133200 0.421113155
1703614822.467325687 -129.315795886 -8.183131610 -0.213937375 -0.571523765 0.571740201 -0.410426090 0.421929085
1703614822.602111578 -129.178510715 -8.175805592 -0.214345137 -0.572735423 0.570261640 -0.409408914 0.423273126
1703614822.652031660 -129.130993606 -8.175119767 -0.211577245 -0.572264379 0.570185649 -0.409404209 0.424016509
1703614822.801793098 -128.977156369 -8.186179804 -0.218142133 -0.571535813 0.572879701 -0.409732038 0.421040758
1703614822.866689920 -128.914562324 -8.188979889 -0.215925216 -0.570126036 0.573865504 -0.410015961 0.421333121
1703614823.001475096 -128.777387595 -8.184038036 -0.218679670 -0.571048597 0.573980907 -0.409010381 0.420903702
1703614823.071363449 -128.709060304 -8.177300601 -0.215570468 -0.572117456 0.572558654 -0.409337540 0.421071231
1703614823.201157093 -128.576654433 -8.165468917 -0.220348171 -0.573401493 0.571856934 -0.408377151 0.421210727
1703614823.271045446 -128.507466586 -8.159071317 -0.219266110 -0.574119843 0.571125425 -0.407962923 0.421625910
1703614823.400839090 -128.373936460 -8.150189127 -0.221875374 -0.576133572 0.569828064 -0.407125106 0.421444223
1703614823.470727444 -128.306610227 -8.147557713 -0.217947012 -0.575867943 0.568761807 -0.408025005 0.422376270
1703614823.600520372 -128.175286428 -8.148449259 -0.215836525 -0.574603245 0.569857509 -0.407895988 0.422746251
1703614823.650440931 -128.127310220 -8.147059698 -0.214830569 -0.574342024 0.569719811 -0.408054375 0.423133791
1703614823.800202131 -127.976216870 -8.142587218 -0.215087391 -0.575315071 0.569130900 -0.408380252 0.422289188
1703614823.850121737 -127.928965124 -8.142537015 -0.212548977 -0.574272633 0.568827157 -0.409132720 0.423387561
1703614824.004875660 -127.773423675 -8.143387941 -0.216529632 -0.574061632 0.570305046 -0.410575669 0.420277310
1703614824.059787989 -127.721079244 -8.142138866 -0.213863337 -0.573199084 0.570116905 -0.410861831 0.421428620
1703614824.204556704 -127.577188552 -8.133640098 -0.217064401 -0.575406714 0.568601360 -0.408667239 0.422599922
1703614824.269453287 -127.515309236 -8.130843299 -0.216888897 -0.576086926 0.567875025 -0.407713940 0.423569537
1703614824.404238462 -127.385791704 -8.131417738 -0.217790522 -0.576158987 0.568353738 -0.405717091 0.424745210
1703614824.459151030 -127.334338482 -8.133531242 -0.215599946 -0.574764542 0.568401399 -0.407680147 0.424691027
1703614824.603919744 -127.193693892 -8.135757472 -0.220687459 -0.573383288 0.570789334 -0.408939582 0.422136896
1703614824.668816328 -127.132795858 -8.129961168 -0.220295537 -0.573928295 0.570233120 -0.408630396 0.422447275
1703614824.803601980 -127.000423826 -8.112381558 -0.222600666 -0.576797489 0.568050558 -0.406771959 0.423272718
1703614824.868499041 -126.938288136 -8.107101601 -0.222078195 -0.577187477 0.567004825 -0.406764120 0.424149850
1703614825.003284693 -126.807434833 -8.107111532 -0.223842637 -0.576628199 0.567937654 -0.406954810 0.423479071
1703614825.068180561 -126.746229768 -8.110933288 -0.223753633 -0.575255678 0.568915088 -0.407224503 0.423774388
1703614825.202966213 -126.611521873 -8.116232192 -0.225071362 -0.574662763 0.570118774 -0.407065812 0.423113126
1703614825.257879257 -126.558082367 -8.115551616 -0.223383066 -0.574728374 0.570170147 -0.406930043 0.423085382
1703614825.402649164 -126.417378745 -8.108911370 -0.223357773 -0.575138161 0.569532975 -0.407415851 0.422919154
1703614825.452570200 -126.369044118 -8.106570859 -0.222869095 -0.574934218 0.569555703 -0.407109205 0.423460790
1703614825.602332354 -126.224653093 -8.095213166 -0.220717356 -0.576071451 0.567898265 -0.407759757 0.423515318
1703614825.667228222 -126.161048824 -8.096023432 -0.222401470 -0.575846855 0.568104194 -0.407927463 0.423383054
1703614825.802011490 -126.030403377 -8.095315111 -0.222415902 -0.575561196 0.568838709 -0.408296570 0.422428389
1703614825.851930857 -125.984454617 -8.094512146 -0.221254366 -0.575054904 0.568478537 -0.409239473 0.422690269
1703614826.001688242 -125.836339861 -8.086381863 -0.226494188 -0.576631835 0.568909641 -0.407019432 0.422105118
1703614826.051607609 -125.791415214 -8.083080016 -0.225417914 -0.576683371 0.568183790 -0.406811067 0.423211798
1703614826.201364756 -125.649734097 -8.080281526 -0.229733993 -0.577589933 0.568372996 -0.405308907 0.423162730
1703614826.251283169 -125.604492911 -8.080990000 -0.228574483 -0.577425857 0.569006376 -0.405480941 0.422369897
1703614826.401041031 -125.467904462 -8.083741615 -0.224706571 -0.575092228 0.569437834 -0.408202182 0.422351112
1703614826.450959206 -125.422268697 -8.082795540 -0.225460592 -0.575217672 0.569558936 -0.408443728 0.421783083
1703614826.600715876 -125.281423050 -8.075090009 -0.226780357 -0.576035684 0.569074228 -0.407342483 0.422385505
1703614826.670602083 -125.216363412 -8.072816803 -0.225046938 -0.576040821 0.568466723 -0.407367013 0.423172158
1703614826.800394058 -125.094625405 -8.068493452 -0.226529199 -0.576312993 0.568453063 -0.405824228 0.424300771
1703614826.870281935 -125.031934161 -8.067076332 -0.223078811 -0.575940038 0.567698200 -0.406639411 0.425036722
1703614827.000074863 -124.910037541 -8.059801582 -0.222777008 -0.576277589 0.567775372 -0.405293799 0.425760735
1703614827.054986954 -124.858024515 -8.054631661 -0.226248060 -0.577688537 0.567151337 -0.405267752 0.424703853
1703614827.204747200 -124.718343523 -8.042522131 -0.225707667 -0.578305012 0.566411988 -0.405106620 0.425005176
1703614827.254666805 -124.671339986 -8.040681831 -0.227732726 -0.578672419 0.566307325 -0.404636855 0.425092062
1703614827.404427290 -124.531023487 -8.044356538 -0.227671053 -0.578525787 0.566268467 -0.406478464 0.423583752
1703614827.469323397 -124.469520520 -8.048620415 -0.230406675 -0.577323103 0.567613966 -0.406974449 0.422947063
1703614827.604107857 -124.343024142 -8.050448102 -0.228944106 -0.575990923 0.568605612 -0.407418381 0.423003992
1703614827.669004440 -124.282961952 -8.051117436 -0.226984110 -0.575420441 0.568870987 -0.407445749 0.423397069
1703614827.803789854 -124.157574530 -8.047625754 -0.225342877 -0.574721580 0.568931741 -0.407081047 0.424613708
1703614827.868686676 -124.099995122 -8.045997636 -0.222482933 -0.574710962 0.568314748 -0.407697495 0.424862813
1703614828.003471375 -123.972481628 -8.044414019 -0.225034577 -0.574470095 0.568815547 -0.406978352 0.425207718
1703614828.068368435 -123.913369473 -8.043553898 -0.224603203 -0.574697014 0.569015703 -0.406171004 0.425405203
1703614828.203154087 -123.785781001 -8.043294948 -0.229189806 -0.575224093 0.569805352 -0.405611251 0.424168147
1703614828.268051386 -123.726193953 -8.042294698 -0.230729999 -0.575007929 0.570116197 -0.405416546 0.424229688
1703614828.402836800 -123.599073740 -8.036578350 -0.227488338 -0.575274691 0.569440199 -0.404988269 0.425183950
1703614828.452756882 -123.554334730 -8.036388568 -0.226858660 -0.575144379 0.569067918 -0.405208707 0.425648389
1703614828.602519989 -123.408138518 -8.033507300 -0.231866518 -0.575465291 0.569932148 -0.405325501 0.423943728
1703614828.652439833 -123.364432781 -8.031265508 -0.228340115 -0.575328332 0.569432435 -0.406317779 0.423851242
1703614828.802200556 -123.225604733 -8.021854653 -0.225652111 -0.574909566 0.568898151 -0.405426098 0.425985403
1703614828.852120638 -123.181223561 -8.018600566 -0.223977454 -0.575660586 0.567981981 -0.405991007 0.425655567
1703614829.001879930 -123.046077426 -8.014403126 -0.220183477 -0.574740130 0.567997194 -0.405107377 0.427716008
1703614829.051800013 -123.001335152 -8.009129568 -0.224287166 -0.575779405 0.567401219 -0.404376819 0.427800563
1703614829.201559067 -122.862866128 -7.992636791 -0.220453959 -0.577976620 0.565507184 -0.405405190 0.426369890
1703614829.251478195 -122.822034818 -7.987447584 -0.217471944 -0.577181445 0.564386765 -0.406673462 0.427721702
1703614829.401238203 -122.682788227 -7.966385148 -0.221208493 -0.580146837 0.562785752 -0.404941752 0.427462306
1703614829.471125841 -122.623619674 -7.964482709 -0.219318671 -0.580270708 0.562030391 -0.404334517 0.428860517
1703614829.600916147 -122.505131772 -7.973874688 -0.224505534 -0.579826108 0.563722875 -0.402234959 0.429214682
1703614829.670804739 -122.443711089 -7.978904926 -0.224721237 -0.579025709 0.564817075 -0.402611052 0.428503489
1703614829.800595760 -122.326907673 -7.981532176 -0.223457386 -0.575970379 0.566787238 -0.404085705 0.428631651
1703614829.850515842 -122.280848901 -7.978270206 -0.227357715 -0.576839433 0.567974462 -0.402066911 0.427789057
1703614830.000275135 -122.151245265 -7.972484942 -0.216778649 -0.576253441 0.564803378 -0.405803032 0.429247033
1703614830.050195217 -122.104969367 -7.978985183 -0.217923061 -0.575036163 0.566535308 -0.405118186 0.429244000
1703614830.204946280 -121.962564778 -7.994116365 -0.221019859 -0.572643906 0.569216456 -0.404766120 0.429227179
1703614830.254866362 -121.919400686 -7.998773187 -0.220698706 -0.572639832 0.569174783 -0.405937643 0.428180240
1703614830.404625893 -121.785277783 -7.997905246 -0.215202324 -0.570145858 0.569648208 -0.408830760 0.428126184
1703614830.469521761 -121.727225177 -7.994165840 -0.215830421 -0.570327281 0.570081066 -0.408645376 0.427484885
1703614830.604305506 -121.604786252 -7.986113462 -0.216594312 -0.571202539 0.569884805 -0.406961209 0.428184007
1703614830.669200182 -121.547888631 -7.984103591 -0.217645327 -0.572063370 0.569048978 -0.405735381 0.429308237
1703614830.808978796 -121.421171349 -7.981953559 -0.219468152 -0.573509562 0.569296611 -0.404051601 0.428637906
1703614830.873876572 -121.370095164 -7.979479642 -0.217120464 -0.573093977 0.568342692 -0.405404145 0.429182197
1703614831.003670692 -121.258076189 -7.965963915 -0.215554390 -0.573158740 0.567171461 -0.407068740 0.429069498
1703614831.053592205 -121.216625955 -7.960543930 -0.215774404 -0.574151491 0.567501609 -0.405281854 0.428997212
1703614831.203355551 -121.092118055 -7.948358383 -0.214778452 -0.575903356 0.564157850 -0.404702806 0.431598059
1703614831.268253326 -121.039234994 -7.948976247 -0.214152511 -0.577004323 0.563691706 -0.405032386 0.430425880
1703614831.403040409 -120.926959864 -7.954439437 -0.217478816 -0.574926098 0.565336427 -0.404902676 0.431171114
1703614831.452962160 -120.888693961 -7.953169602 -0.213700140 -0.574005615 0.565259747 -0.405098635 0.432312466
1703614831.602725506 -120.767370724 -7.948476029 -0.206353654 -0.573683780 0.563916171 -0.406093881 0.433558798
1703614831.667622566 -120.716281347 -7.954215866 -0.208205317 -0.573138201 0.564852830 -0.406411539 0.432762688
1703614831.802404881 -120.601461944 -7.976767043 -0.214804607 -0.569885386 0.569092813 -0.407993979 0.430005733
1703614831.852323532 -120.563266433 -7.978263018 -0.213115243 -0.569151215 0.570009635 -0.407734818 0.430009568
1703614832.002081156 -120.439369778 -7.960816184 -0.217752951 -0.572501877 0.568642996 -0.405147533 0.429816497
1703614832.066976070 -120.391467141 -7.952029240 -0.215685402 -0.573944386 0.566394847 -0.404264298 0.431688657
1703614832.201757908 -120.283433308 -7.951818325 -0.217471167 -0.574369194 0.566332024 -0.403638596 0.431791561
1703614832.251677513 -120.246543957 -7.950662133 -0.217665239 -0.574354760 0.566134422 -0.404982912 0.430810013
1703614832.401434898 -120.127961157 -7.947492269 -0.218370860 -0.573923910 0.567236494 -0.404126224 0.430739018
1703614832.471322298 -120.073043204 -7.945416583 -0.218300670 -0.574008728 0.566767551 -0.404265814 0.431112138
1703614832.601111412 -119.968653125 -7.944594817 -0.217453144 -0.573601879 0.566681480 -0.404832277 0.431235217
1703614832.670998335 -119.913019551 -7.941016604 -0.216534518 -0.573465536 0.566487787 -0.405194635 0.431330702
1703614832.800795555 -119.805662964 -7.933244386 -0.216111496 -0.574230360 0.565718442 -0.405016336 0.431490330
1703614832.870687723 -119.750955355 -7.930203010 -0.214228807 -0.574466706 0.565228218 -0.405281001 0.431569664
1703614833.000488043 -119.646187819 -7.931304077 -0.214090455 -0.573827468 0.566038712 -0.406457239 0.430249610
1703614833.050410509 -119.607208827 -7.930208011 -0.213540969 -0.573911668 0.566106478 -0.407306955 0.429243401
1703614833.200181007 -119.491190953 -7.919369780 -0.214151073 -0.574870356 0.565059914 -0.406856102 0.429766773
1703614833.250104189 -119.453833353 -7.917991478 -0.213181251 -0.574998199 0.564478094 -0.406787811 0.430424475
1703614833.404865980 -119.329246073 -7.923131051 -0.213282826 -0.574589559 0.565219686 -0.406809295 0.429976444
1703614833.454788685 -119.292092115 -7.925852066 -0.211297717 -0.573568367 0.565630077 -0.407703609 0.429953151
1703614833.604559660 -119.171314232 -7.931836742 -0.212081821 -0.572590577 0.567934788 -0.405970740 0.429857960
1703614833.654482365 -119.134335235 -7.925902245 -0.211135295 -0.573972602 0.566749383 -0.405247386 0.430261718
1703614833.804249525 -119.025513061 -7.918857972 -0.208322226 -0.575132210 0.563797079 -0.403766721 0.433968006
1703614833.854171276 -118.987975359 -7.919331764 -0.208833339 -0.574341737 0.564328250 -0.404543511 0.433600902
1703614834.003936291 -118.864607946 -7.915542310 -0.214179749 -0.573488187 0.566737667 -0.406764598 0.429490720
1703614834.068834782 -118.811106573 -7.909320836 -0.217110872 -0.573864976 0.566411528 -0.407168477 0.429034732
1703614834.203623533 -118.696951007 -7.896289163 -0.220135151 -0.576879143 0.564552772 -0.406056445 0.428495958
1703614834.268522024 -118.643019964 -7.894026781 -0.219250074 -0.577015790 0.563878957 -0.405943490 0.429305466
1703614834.403310776 -118.534130341 -7.895524261 -0.215350873 -0.576002619 0.564486888 -0.405726157 0.430071879
1703614834.468209267 -118.483767436 -7.895582973 -0.212755601 -0.575306849 0.564430067 -0.406616418 0.430236931
1703614834.602998018 -118.369446292 -7.893206687 -0.214120035 -0.575275717 0.564721302 -0.406959364 0.429571621
1703614834.667896748 -118.316487235 -7.890883454 -0.213084208 -0.574911241 0.565006774 -0.406197658 0.430404313
1703614834.802682400 -118.199470673 -7.882204103 -0.214375310 -0.575820267 0.564485972 -0.405644994 0.430393711
1703614834.867578745 -118.144445642 -7.878840282 -0.212350802 -0.575612928 0.564272858 -0.405271006 0.431301879
1703614835.002363682 -118.027567359 -7.867554200 -0.215570210 -0.577688716 0.563339539 -0.404008507 0.430930896
1703614835.067260265 -117.972498341 -7.862115632 -0.212275538 -0.577745080 0.562730320 -0.403523633 0.432104023
1703614835.202044964 -117.866518382 -7.851976388 -0.200192087 -0.577458836 0.560323637 -0.404285216 0.434893296
1703614835.266941547 -117.816356645 -7.846921609 -0.196941732 -0.577752531 0.559107251 -0.405232512 0.435186978
1703614835.401726246 -117.700346733 -7.844836946 -0.202317199 -0.578112558 0.559930276 -0.406789016 0.432188215
1703614835.451647043 -117.657308812 -7.844736752 -0.203929805 -0.578376604 0.560531302 -0.407978066 0.429929135
1703614835.601407766 -117.533377931 -7.827796417 -0.205611254 -0.579311380 0.559685905 -0.406495384 0.431174577
1703614835.671295881 -117.473766250 -7.814518653 -0.205679993 -0.581656535 0.557434986 -0.405003392 0.432335708
1703614835.801093102 -117.364294457 -7.808326533 -0.206063646 -0.583297363 0.556075630 -0.403876445 0.432929437
1703614835.851015329 -117.323032808 -7.812883271 -0.207690191 -0.582249779 0.556593047 -0.404580072 0.433017714
1703614836.000784874 -117.193303425 -7.831905537 -0.206396084 -0.577324711 0.561305783 -0.407000972 0.431256542
1703614836.060693264 -117.142317969 -7.837815291 -0.205622761 -0.575259319 0.562594380 -0.408715555 0.430715538
1703614836.200478315 -117.012585621 -7.841562531 -0.212174277 -0.574742478 0.564535601 -0.409460308 0.428150552
1703614836.270371914 -116.950291942 -7.837554866 -0.211884187 -0.575561330 0.564140444 -0.409280123 0.427743493
1703614836.400172234 -116.832727640 -7.830539513 -0.211104393 -0.576509785 0.563458073 -0.408547157 0.428066220
1703614836.470064640 -116.770102750 -7.832441358 -0.212523382 -0.576053352 0.564069971 -0.408292122 0.428118145
1703614836.604858160 -116.647676703 -7.850512437 -0.212064510 -0.573163785 0.566876227 -0.409741484 0.426903426
1703614836.654782057 -116.601394234 -7.859698086 -0.213097966 -0.571793523 0.568742412 -0.409792795 0.426208989
1703614836.804547548 -116.458356969 -7.873965943 -0.214210117 -0.569602512 0.570961758 -0.412606793 0.423451631
1703614836.869443893 -116.394238260 -7.875910506 -0.216206842 -0.569135327 0.572037688 -0.413099585 0.422145231
1703614837.004228354 -116.259373060 -7.866985825 -0.214000645 -0.570427615 0.571041835 -0.413621596 0.421237147
1703614837.054147720 -116.208243303 -7.863743138 -0.218283861 -0.572056460 0.571661777 -0.411345504 0.420415384
1703614837.203908920 -116.067811403 -7.871405916 -0.210582774 -0.571000183 0.569746632 -0.413419605 0.422411880
1703614837.253828287 -116.018972979 -7.878466852 -0.211696231 -0.569625083 0.570834478 -0.414341997 0.421895689
1703614837.413573027 -115.855819443 -7.891590905 -0.213697087 -0.566044430 0.575280123 -0.417646988 0.417393670
1703614837.603269577 -115.664293489 -7.854305188 -0.211365621 -0.571308059 0.569337027 -0.415148125 0.420849720
1703614837.653189898 -115.613433439 -7.844441170 -0.211380969 -0.573125815 0.567776160 -0.413373002 0.422231920
1703614837.802949429 -115.461959402 -7.841844081 -0.208400582 -0.574296439 0.566387393 -0.410999423 0.424815720
1703614837.867844820 -115.397155563 -7.845647591 -0.206928559 -0.573030230 0.566841590 -0.412357156 0.424603986
1703614838.002627373 -115.256151999 -7.849419741 -0.207168531 -0.571063618 0.569188519 -0.413249729 0.423243944
1703614838.052547216 -115.203983242 -7.845567596 -0.208888492 -0.571697827 0.569086639 -0.413029612 0.422739319
1703614838.202305079 -115.046595079 -7.828573770 -0.208090791 -0.574884284 0.565930620 -0.412086761 0.423574191
1703614838.267200470 -114.979407989 -7.825281165 -0.206294309 -0.575518464 0.565484511 -0.410950100 0.424412276
1703614838.401983023 -114.841539149 -7.827139640 -0.203059960 -0.574547990 0.565332063 -0.411757318 0.425147241
1703614838.466878176 -114.775067740 -7.832731130 -0.204153743 -0.573334679 0.566555706 -0.412473246 0.424461775
1703614838.601660490 -114.632667455 -7.847907256 -0.205394373 -0.570969031 0.570085109 -0.413569952 0.421849771
1703614838.671547174 -114.562185052 -7.852241527 -0.206286412 -0.570155411 0.570712119 -0.414581378 0.421108970
1703614838.801337957 -114.425670539 -7.838019344 -0.206024231 -0.572194629 0.569006283 -0.413232997 0.421975884
1703614838.871224880 -114.356124505 -7.820521685 -0.203952223 -0.574756816 0.566029456 -0.412349078 0.423359771
1703614839.001015902 -114.224146438 -7.799604397 -0.200390408 -0.577622049 0.562643941 -0.410040329 0.426205928
1703614839.050934553 -114.174370740 -7.796637521 -0.198900361 -0.577416522 0.562389472 -0.409696036 0.427150324
1703614839.200692654 -114.023537566 -7.801870738 -0.199275634 -0.575907200 0.564183651 -0.410985940 0.425579913
1703614839.270580530 -113.953777812 -7.806068598 -0.200404104 -0.575058532 0.565250206 -0.411397723 0.424913878
1703614839.400370121 -113.825253704 -7.809220687 -0.199656789 -0.574184166 0.565878992 -0.411529641 0.425131585
1703614839.450289726 -113.777179067 -7.806095016 -0.199566912 -0.574723600 0.565129820 -0.412069954 0.424875773
1703614839.600047588 -113.624120889 -7.790926699 -0.203266234 -0.577130497 0.564482291 -0.409689259 0.424776227
1703614839.669934273 -113.555345044 -7.784550674 -0.202522734 -0.577828077 0.563450808 -0.409936464 0.424958817
1703614839.804716349 -113.422919133 -7.781381433 -0.202705833 -0.577301294 0.563655028 -0.411213991 0.424168927
1703614839.854635954 -113.374526530 -7.781548334 -0.204067302 -0.576883550 0.564598934 -0.410922506 0.423764212
1703614840.004393339 -113.227283334 -7.769418994 -0.205675507 -0.578327383 0.564088271 -0.409394665 0.423955032
1703614840.069288492 -113.165708890 -7.761586788 -0.204969059 -0.579934800 0.562712046 -0.408441931 0.424506738
1703614840.204070091 -113.040738209 -7.757919743 -0.205745746 -0.580435833 0.561942696 -0.407155593 0.426073907
1703614840.253989458 -112.995241774 -7.761192313 -0.206590111 -0.579989977 0.562752414 -0.406955383 0.425803550
1703614840.403746843 -112.857356231 -7.774480637 -0.206084384 -0.576876619 0.565420106 -0.410977314 0.422624085
1703614840.468641758 -112.797922656 -7.776641231 -0.205772409 -0.575871687 0.566630797 -0.412127132 0.421251193
1703614840.603423119 -112.674329889 -7.764490327 -0.204862964 -0.576470724 0.565831605 -0.411329939 0.422284004
1703614840.653342485 -112.629200285 -7.756778710 -0.203158288 -0.578014896 0.564314238 -0.410493794 0.423016627
1703614840.803099632 -112.496488039 -7.743299118 -0.202253893 -0.580653867 0.562247284 -0.406063699 0.426416874
1703614840.867994785 -112.442190564 -7.744040808 -0.200412974 -0.580543122 0.561945223 -0.406610229 0.426445039
1703614841.002776623 -112.323046104 -7.754068153 -0.201978314 -0.578114579 0.564335690 -0.409159293 0.424143178
1703614841.067671537 -112.268344096 -7.753683960 -0.200432836 -0.577392267 0.564731569 -0.410375505 0.423424574
1703614841.202453136 -112.155370123 -7.733882104 -0.192141453 -0.578862889 0.561550069 -0.410508373 0.425513986
1703614841.267347097 -112.100450969 -7.728008804 -0.191313473 -0.579686927 0.560471517 -0.409998198 0.426305316
1703614841.402129650 -111.983026680 -7.725804994 -0.194638409 -0.579870101 0.561026258 -0.408748332 0.426526676
1703614841.457040548 -111.935749480 -7.726387009 -0.195257344 -0.579328136 0.561643886 -0.408691993 0.426504292
1703614841.601804972 -111.809328781 -7.724639638 -0.195192737 -0.578670916 0.562279834 -0.409317804 0.425958091
1703614841.661708355 -111.757005866 -7.720743487 -0.196526906 -0.579534176 0.561927851 -0.409164931 0.425395449
1703614841.801481247 -111.634456408 -7.720269810 -0.195182180 -0.579155437 0.562154709 -0.409816009 0.424984589
1703614841.871367693 -111.574975977 -7.720649395 -0.193961056 -0.578362036 0.562536867 -0.410426030 0.424970709
1703614842.001157522 -111.458936769 -7.716624633 -0.194612773 -0.578459168 0.562736868 -0.410078895 0.424908824
1703614842.071044922 -111.397242984 -7.712304507 -0.196782212 -0.579350830 0.562495279 -0.408653729 0.425386655
1703614842.200833797 -111.281759774 -7.705171810 -0.195802272 -0.580127317 0.561356420 -0.408633580 0.425851926
1703614842.270720005 -111.223667460 -7.703041956 -0.191539080 -0.579333066 0.561278817 -0.409443634 0.426257199
1703614842.400509596 -111.109661978 -7.695496867 -0.195531947 -0.579668507 0.562035536 -0.408074282 0.426117189
1703614842.450428724 -111.066585695 -7.689789001 -0.195663092 -0.580271118 0.561069593 -0.408188007 0.426460892
1703614842.600185394 -110.937618337 -7.676336666 -0.194839928 -0.582920410 0.558956675 -0.406729187 0.427015923
1703614842.650104284 -110.896318708 -7.673616989 -0.192518977 -0.582985649 0.558654410 -0.406563457 0.427479986
1703614842.804853439 -110.764570003 -7.670653540 -0.189899768 -0.581986868 0.559373358 -0.405136580 0.429251773
1703614842.869749308 -110.710126608 -7.671947768 -0.188025485 -0.581220687 0.559805970 -0.405454207 0.429425983
1703614843.004532337 -110.597907629 -7.676310561 -0.184304209 -0.579206992 0.560665953 -0.408772843 0.427875814
1703614843.069427967 -110.542137591 -7.679463482 -0.188248003 -0.578850677 0.563073004 -0.407490863 0.426417498
1703614843.204210997 -110.430906322 -7.671893137 -0.186010278 -0.579641793 0.561689181 -0.407336286 0.427314646
1703614843.269106627 -110.377238492 -7.666593711 -0.185452151 -0.580775862 0.560715599 -0.406499921 0.427849540
1703614843.403889656 -110.263403780 -7.662115648 -0.183328673 -0.580689335 0.559986474 -0.406207112 0.429197889
1703614843.468785048 -110.208680772 -7.665732158 -0.183353350 -0.579489059 0.561220995 -0.406529773 0.428902051
1703614843.603567839 -110.094425923 -7.672143347 -0.187047793 -0.578174107 0.563831126 -0.407305581 0.426510642
1703614843.653487682 -110.051661723 -7.671353249 -0.189053252 -0.578020586 0.563968726 -0.407475314 0.426374656
1703614843.803246021 -109.929096636 -7.666027967 -0.184642771 -0.578467464 0.562937324 -0.407316657 0.427282228
1703614843.853165865 -109.884935890 -7.665541119 -0.188346340 -0.578506398 0.563761998 -0.406205633 0.427199885
1703614844.002923489 -109.764148582 -7.664828050 -0.176820293 -0.576629771 0.562449270 -0.409914331 0.427924253
1703614844.052843094 -109.720890948 -7.660580629 -0.178509659 -0.576872596 0.562122310 -0.410424637 0.427537290
1703614844.202600718 -109.584914405 -7.654638779 -0.183676939 -0.578161135 0.563244665 -0.408890053 0.425786418
1703614844.267496109 -109.527815927 -7.655856003 -0.186097168 -0.578221865 0.564017606 -0.408385847 0.425164221
1703614844.402277946 -109.412520106 -7.671180883 -0.185579841 -0.575349925 0.566033864 -0.409529480 0.425280771
1703614844.452197552 -109.369864638 -7.678485723 -0.186175897 -0.574519363 0.567711266 -0.409290515 0.424396859
1703614844.601954937 -109.234667939 -7.690489083 -0.184561397 -0.572417127 0.569755034 -0.411710364 0.422152118
1703614844.666849852 -109.179197974 -7.690115903 -0.183935234 -0.571741307 0.569990376 -0.411630484 0.422827617
1703614844.801631927 -109.052789019 -7.673334992 -0.184982206 -0.574845477 0.567968174 -0.408429764 0.424440760
1703614844.851551533 -109.011337753 -7.672087382 -0.180342293 -0.575191437 0.566909835 -0.407981789 0.425815582
1703614845.001309395 -108.880797778 -7.685113194 -0.177278241 -0.572538775 0.568120902 -0.407657464 0.428081049
1703614845.071196318 -108.818179776 -7.696170759 -0.181718944 -0.570514506 0.570371421 -0.408173832 0.427298214
1703614845.200986862 -108.693230644 -7.707573721 -0.183307395 -0.568510508 0.573090404 -0.408022636 0.426474759
1703614845.270873547 -108.626148310 -7.706492534 -0.185985622 -0.569537010 0.572966177 -0.407553629 0.425719854
1703614845.410647869 -108.492310016 -7.701244334 -0.180885111 -0.570091535 0.571803933 -0.406925489 0.427138795
1703614845.610324860 -108.294437293 -7.696172151 -0.187160336 -0.572288013 0.571650497 -0.405517600 0.425743603
1703614845.800018072 -108.101026679 -7.694345584 -0.192725563 -0.572945448 0.572857412 -0.404324180 0.424369953
1703614845.869906187 -108.035259188 -7.693326258 -0.192961336 -0.573240291 0.571871800 -0.405103253 0.424558084
1703614846.004688740 -107.898484063 -7.689375680 -0.191181425 -0.573326998 0.572093958 -0.405023326 0.424217824
1703614846.069583893 -107.831819769 -7.690007965 -0.192599595 -0.573357729 0.572794211 -0.403790769 0.424406316
1703614846.204366446 -107.705511692 -7.698449945 -0.183196883 -0.571199028 0.572813361 -0.401681630 0.429264944
1703614846.254285097 -107.659151989 -7.703903751 -0.179912116 -0.570812142 0.572839592 -0.402747674 0.428745392
1703614846.404044151 -107.514317151 -7.733266324 -0.194585872 -0.566899737 0.578385227 -0.405284583 0.424075021
1703614846.453963518 -107.464467546 -7.737107734 -0.195217981 -0.566182470 0.579129744 -0.405821360 0.423503452
1703614846.603721380 -107.314364423 -7.729070932 -0.193236949 -0.567626808 0.578246614 -0.403407339 0.425080203
1703614846.653641224 -107.268002119 -7.724829326 -0.190405365 -0.568845440 0.576051025 -0.403412550 0.426425136
1703614846.803421974 -107.119623045 -7.724029367 -0.187328408 -0.568252695 0.575259543 -0.401310651 0.430250037
1703614846.868344545 -107.056232779 -7.724430192 -0.185130670 -0.567444285 0.575115780 -0.401766591 0.431082857
1703614847.003184795 -106.919792443 -7.729158088 -0.190180179 -0.566752235 0.576158833 -0.404313298 0.428209832
1703614847.053126335 -106.868389785 -7.731227379 -0.192728982 -0.566808563 0.577867324 -0.402908615 0.427155776
1703614847.202950716 -106.717050468 -7.719634117 -0.192956559 -0.567584153 0.575788900 -0.402299361 0.429500404
1703614847.267875433 -106.650119153 -7.713731258 -0.193358470 -0.569113472 0.574736298 -0.401980092 0.429185332
1703614847.412708759 -106.498782483 -7.704407639 -0.197625381 -0.570366790 0.574192019 -0.402780804 0.427496051
1703614847.602492809 -106.297814116 -7.683525566 -0.202203292 -0.573340419 0.571878725 -0.402096993 0.427262795
1703614847.652435780 -106.247393977 -7.680725528 -0.202682615 -0.573507201 0.571148165 -0.401697273 0.428390669
1703614847.802239418 -106.087358587 -7.674547525 -0.203660901 -0.574421109 0.571109221 -0.397344569 0.431267828
1703614847.867131948 -106.019944480 -7.671372245 -0.208453961 -0.576393745 0.571457187 -0.394023586 0.431221923
1703614848.001907110 -105.888166712 -7.675532245 -0.204740136 -0.575315181 0.570362886 -0.394704376 0.433482498
1703614848.051824331 -105.840490857 -7.680129118 -0.201214643 -0.572991713 0.571576502 -0.394859358 0.434818223
1703614848.201574087 -105.691544326 -7.675579044 -0.199342242 -0.571860744 0.572388850 -0.395235021 0.434897196
1703614848.271457911 -105.622924996 -7.666233803 -0.199662638 -0.573400562 0.570849400 -0.395132505 0.434986278
1703614848.401239872 -105.492210721 -7.649286362 -0.202274904 -0.576322821 0.569030756 -0.393534110 0.434956215
1703614848.451156855 -105.446772385 -7.646483601 -0.198051245 -0.576425399 0.568202601 -0.394267062 0.435239069
1703614848.600906134 -105.302792895 -7.638154160 -0.196943363 -0.576572980 0.567688295 -0.391979341 0.437773679
1703614848.650822639 -105.255612945 -7.639052336 -0.199994915 -0.576895896 0.568013590 -0.392170568 0.436753859
1703614848.800573587 -105.107979332 -7.645964930 -0.206354909 -0.575541490 0.570388596 -0.393242453 0.434475795
1703614848.850492477 -105.059324667 -7.646031113 -0.209373712 -0.575831451 0.571482968 -0.392900389 0.432960323
1703614849.000248432 -104.919249274 -7.639678404 -0.199742158 -0.574459268 0.569940083 -0.394266374 0.435567305
1703614849.070134163 -104.858352488 -7.636475634 -0.195453315 -0.574339621 0.569177468 -0.394925812 0.436124538
1703614849.204915762 -104.726835023 -7.631283612 -0.205416502 -0.575276255 0.570100902 -0.395693304 0.432976906
1703614849.244850636 -104.688748516 -7.630542767 -0.205373133 -0.575574746 0.570040830 -0.396838285 0.431609244
1703614849.404590368 -104.544466998 -7.623825987 -0.202057745 -0.574441214 0.569710510 -0.396157689 0.434173135
1703614849.434541225 -104.518834110 -7.618861929 -0.202292115 -0.575788636 0.568950363 -0.395789105 0.433721011
1703614849.604264975 -104.367243455 -7.598494937 -0.196821499 -0.578202023 0.564860169 -0.394064608 0.437411128
1703614849.654183626 -104.322372382 -7.597927704 -0.199314939 -0.578488988 0.565664400 -0.393189407 0.436779542
1703614849.803939342 -104.182076968 -7.590204925 -0.202135243 -0.578767605 0.566540730 -0.393878189 0.434648862
1703614849.868834019 -104.127178813 -7.585968839 -0.199217529 -0.578741835 0.566408561 -0.393793283 0.434932272
1703614850.003614187 -104.008888418 -7.570432617 -0.199379011 -0.581220037 0.563872188 -0.391188518 0.437267615
1703614850.053533077 -103.966764869 -7.565805859 -0.200170531 -0.582603918 0.562748913 -0.391587698 0.436515074
1703614850.203289509 -103.836502030 -7.569231269 -0.199922334 -0.580153674 0.564960227 -0.393636908 0.435076592
1703614850.268183947 -103.780692370 -7.568214967 -0.200319093 -0.579594979 0.566053400 -0.393975245 0.434092980
1703614850.402963877 -103.663961525 -7.554001790 -0.194715402 -0.579958181 0.564187318 -0.394249325 0.435785094
1703614850.452882528 -103.623264525 -7.545990347 -0.194130220 -0.581221022 0.562855805 -0.392743519 0.437181878
1703614850.602638006 -103.491018558 -7.537734031 -0.196964899 -0.583190611 0.560786149 -0.392654376 0.437298693
1703614850.652556658 -103.451559176 -7.542760364 -0.194461100 -0.580931068 0.561403215 -0.393451213 0.438795701
1703614850.802312613 -103.316057779 -7.557249826 -0.191836899 -0.577649249 0.564543324 -0.396777539 0.436096051
1703614850.852229834 -103.272265316 -7.559367528 -0.194921717 -0.577361822 0.566243878 -0.395917462 0.435052365
1703614851.001984358 -103.143936065 -7.546632692 -0.196580356 -0.579607761 0.565386760 -0.393347661 0.435511506
1703614851.051902533 -103.103195924 -7.545095333 -0.196353282 -0.579750677 0.564448934 -0.394009761 0.435939058
1703614851.201655865 -102.972077066 -7.562349815 -0.193619499 -0.576450488 0.567908035 -0.399104172 0.431162565
1703614851.271541595 -102.915486913 -7.568987083 -0.194324977 -0.574304165 0.569933911 -0.401295763 0.429315471
1703614851.401326895 -102.799360634 -7.561514461 -0.196234076 -0.574929330 0.569863744 -0.401116696 0.428738818
1703614851.451244831 -102.759350535 -7.556276086 -0.194680189 -0.576274483 0.568456211 -0.400299683 0.429564222
1703614851.600998640 -102.630223393 -7.553797401 -0.192607284 -0.576641103 0.565753877 -0.400680151 0.432276538
1703614851.655907869 -102.582769477 -7.558973064 -0.191681541 -0.575400171 0.567163660 -0.400742778 0.432024596
1703614851.800670862 -102.447950324 -7.572922117 -0.195594372 -0.572116656 0.571811587 -0.402432174 0.428675153
1703614851.850590706 -102.405206382 -7.574221018 -0.194156008 -0.570700804 0.572207227 -0.403515426 0.429016062
1703614852.000349998 -102.263880653 -7.569782020 -0.189674471 -0.571506408 0.570624611 -0.405310882 0.428358575
1703614852.050270081 -102.219447346 -7.569311838 -0.190817103 -0.571909560 0.570584426 -0.404889276 0.428272743
1703614852.200030327 -102.075636521 -7.560470836 -0.190257237 -0.573545795 0.568790731 -0.405667925 0.427733399
1703614852.269917727 -102.007921749 -7.559416300 -0.190546156 -0.573716237 0.569532368 -0.406778317 0.425457357
1703614852.404701233 -101.885051384 -7.556546115 -0.187658650 -0.571702647 0.569572801 -0.408661813 0.426307905
1703614852.464605570 -101.827938105 -7.550926087 -0.188300809 -0.573678488 0.568949876 -0.408483050 0.424653540
1703614852.604381561 -101.698095677 -7.548429442 -0.184970076 -0.574257602 0.567449038 -0.406793639 0.427491206
1703614852.654300451 -101.652144862 -7.549022778 -0.184825658 -0.574645007 0.567201045 -0.407041747 0.427063353
1703614852.804059744 -101.513424854 -7.556343477 -0.180935020 -0.571965361 0.568935350 -0.409907703 0.425609995
1703614852.853978157 -101.468786820 -7.553656203 -0.181522207 -0.571966523 0.569337879 -0.409975018 0.425004895
1703614853.003732920 -101.326971958 -7.535946290 -0.181838880 -0.575268777 0.566800945 -0.409075969 0.424805102
1703614853.068626642 -101.268998955 -7.533955316 -0.181248807 -0.575706250 0.565871478 -0.409435456 0.425105154
1703614853.203405619 -101.143667588 -7.537825995 -0.179206208 -0.575109068 0.566684564 -0.409989831 0.424295303
1703614853.268300295 -101.084100338 -7.539329003 -0.181111827 -0.574627008 0.567506457 -0.410273496 0.423575118
1703614853.403078794 -100.957029611 -7.536505458 -0.179609006 -0.574594211 0.567550808 -0.410885492 0.422966530
1703614853.462980986 -100.901218326 -7.529298260 -0.180900680 -0.575927730 0.566549293 -0.410387573 0.422978945
1703614853.602751017 -100.769543113 -7.515490037 -0.178037989 -0.577843497 0.563841874 -0.409216253 0.425113270
1703614853.652669191 -100.723762900 -7.514085496 -0.177802247 -0.577976462 0.563888412 -0.408680523 0.425386058
1703614853.802423716 -100.583401152 -7.522635494 -0.175950119 -0.576182711 0.565656145 -0.409938367 0.424260704
1703614853.852341175 -100.539229056 -7.523030209 -0.173989325 -0.575570750 0.565867769 -0.410845225 0.423931812
1703614854.002095699 -100.399531149 -7.523121880 -0.173532661 -0.575200941 0.565884085 -0.412976826 0.422337804
1703614854.066988945 -100.340371605 -7.519523914 -0.172939076 -0.575143501 0.565658700 -0.412371677 0.423308148
1703614854.201767206 -100.212969521 -7.508886356 -0.173250785 -0.577607126 0.564056295 -0.411369478 0.423066965
1703614854.271652937 -100.149813855 -7.507290479 -0.173158249 -0.577745028 0.563471517 -0.411986685 0.423057328
1703614854.401439190 -100.029449178 -7.510642636 -0.174387969 -0.577328114 0.564783624 -0.411496276 0.422353551
1703614854.471323729 -99.967780355 -7.511538193 -0.173704629 -0.576832004 0.565130617 -0.411266084 0.422791240
1703614854.601109982 -99.850284391 -7.514155480 -0.176295664 -0.576918560 0.566334384 -0.411143310 0.421178726
1703614854.670994043 -99.790217743 -7.513249695 -0.174772685 -0.576355013 0.566481867 -0.411349090 0.421550850
1703614854.800781727 -99.673227731 -7.509580104 -0.174652828 -0.576536190 0.565672159 -0.411146910 0.422586380
1703614854.870666981 -99.609536909 -7.506064352 -0.175679032 -0.576984684 0.565656566 -0.410758101 0.422373184
1703614855.000454664 -99.491688079 -7.499192961 -0.176516740 -0.577521676 0.565030309 -0.410902131 0.422337427
1703614855.070339680 -99.427397664 -7.495477315 -0.178136818 -0.577803870 0.564834052 -0.410671534 0.422438248
1703614855.200126886 -99.309017139 -7.489951099 -0.177270930 -0.578453097 0.563708674 -0.412130402 0.421631448
1703614855.250045061 -99.261763725 -7.485722366 -0.180980528 -0.579219818 0.563844777 -0.411787976 0.420730475
1703614855.404791594 -99.122056129 -7.476281690 -0.180740665 -0.580062357 0.562957686 -0.412004709 0.420545391
1703614855.469684839 -99.064175937 -7.473509257 -0.180604776 -0.580283639 0.562590526 -0.412193175 0.420546769
1703614855.604463100 -98.944232194 -7.474363808 -0.181743482 -0.580516608 0.562876065 -0.412390766 0.419648496
1703614855.669356346 -98.888546582 -7.474562246 -0.181498062 -0.579800936 0.563612756 -0.412502469 0.419539329
1703614855.804136992 -98.773097612 -7.467047944 -0.181229461 -0.579993813 0.563038203 -0.412445785 0.420099552
1703614855.854059219 -98.731811955 -7.461087400 -0.177694687 -0.580883502 0.561423204 -0.413377449 0.420115970
1703614856.003822327 -98.607992222 -7.463824730 -0.178714172 -0.580675039 0.561199283 -0.414007153 0.420083254
1703614856.068719625 -98.552013295 -7.464577963 -0.181454849 -0.580263818 0.561945413 -0.414550724 0.419116872
1703614856.203506708 -98.438483761 -7.459239477 -0.178903649 -0.579812163 0.561742213 -0.414777200 0.419789728
1703614856.268404007 -98.381514213 -7.452504282 -0.181269510 -0.580627129 0.561108604 -0.412922952 0.421335859
1703614856.403190613 -98.265632788 -7.451162760 -0.183030749 -0.581546127 0.560326224 -0.411782155 0.422225156
1703614856.468088150 -98.208212928 -7.457521998 -0.186658693 -0.580767589 0.562021438 -0.411155921 0.421653554
1703614856.602875948 -98.089264360 -7.467987792 -0.192173097 -0.579479742 0.564311660 -0.411445459 0.420081198
1703614856.667773485 -98.030944570 -7.465918169 -0.194189837 -0.579678450 0.564612713 -0.411311660 0.419533190
1703614856.802557707 -97.911112248 -7.446424758 -0.197122393 -0.582005140 0.562200951 -0.410823334 0.420028924
1703614856.867450953 -97.852130564 -7.431539500 -0.197161304 -0.584206435 0.559962897 -0.410164798 0.420605793
1703614857.002229452 -97.734863209 -7.409386520 -0.192024541 -0.586411543 0.556104703 -0.407950526 0.424788689
1703614857.052146435 -97.689599619 -7.404838846 -0.192840625 -0.586674847 0.555685877 -0.406972724 0.425909652
1703614857.201900005 -97.563417322 -7.414271452 -0.188705310 -0.584345079 0.556934357 -0.408189122 0.426317477
1703614857.256808758 -97.515092459 -7.417009773 -0.189421827 -0.583473000 0.557979646 -0.408873942 0.425488041
1703614857.401569605 -97.387116325 -7.411742849 -0.194131485 -0.583933841 0.558504443 -0.407761717 0.425234570
1703614857.471454620 -97.328572626 -7.400302692 -0.191441220 -0.585024072 0.556344168 -0.408632993 0.425731228
1703614857.601239681 -97.216975599 -7.375859944 -0.192865153 -0.588207590 0.553774623 -0.406760197 0.426487561
1703614857.671123743 -97.157645951 -7.367012851 -0.192851177 -0.589035486 0.552893403 -0.405739914 0.427459007
1703614857.800909042 -97.049315664 -7.364195793 -0.191763594 -0.589627054 0.553284767 -0.403786013 0.427986868
1703614857.870793104 -96.993341915 -7.365200540 -0.191637267 -0.588950434 0.553694851 -0.404060443 0.428129135
1703614858.000578880 -96.881671239 -7.364312239 -0.195874404 -0.587993255 0.554600733 -0.403646777 0.428662148
1703614858.050496578 -96.839359445 -7.360155677 -0.193891978 -0.587572750 0.553946876 -0.404532951 0.429248429
1703614858.200248241 -96.705516271 -7.343579790 -0.195233164 -0.588917417 0.552719014 -0.404648095 0.428879805
1703614858.250165701 -96.660874702 -7.335711883 -0.195452938 -0.589530099 0.551986063 -0.403709959 0.429865000
1703614858.404909372 -96.516508293 -7.326113494 -0.199602520 -0.591178919 0.550847074 -0.401986325 0.430676190
1703614858.469801664 -96.456993150 -7.325597425 -0.198927239 -0.590300091 0.551167009 -0.402068944 0.431394593
1703614858.604577541 -96.330296153 -7.316837777 -0.197876889 -0.590325569 0.550587464 -0.403456068 0.430804326
1703614858.669469833 -96.270293904 -7.311477174 -0.196683740 -0.589950037 0.550216023 -0.403785326 0.431484289
1703614858.804247141 -96.138406675 -7.297189224 -0.197432685 -0.591391382 0.549682881 -0.402378016 0.431505382
1703614858.869139671 -96.077930399 -7.294891498 -0.197032022 -0.591274303 0.549756710 -0.402391456 0.431559237
1703614859.003918648 -95.953140940 -7.300543867 -0.193128127 -0.589643674 0.551213832 -0.401306322 0.432939816
1703614859.053836584 -95.908227486 -7.303916623 -0.192795771 -0.588997369 0.552434133 -0.401282714 0.432285566
1703614859.203589678 -95.768912130 -7.339419265 -0.199712022 -0.583389555 0.559225329 -0.406223139 0.426504889
1703614859.268482685 -95.710499614 -7.353155448 -0.198659191 -0.580195203 0.562062522 -0.408294730 0.425152515
1703614859.403259993 -95.585146652 -7.366496923 -0.195274667 -0.577488486 0.564329652 -0.411160829 0.423067210
1703614859.468153000 -95.524285000 -7.363131590 -0.197094226 -0.578046601 0.564348317 -0.410888135 0.422544725
1703614859.602931261 -95.395717218 -7.342546410 -0.195516217 -0.580793944 0.561433101 -0.409262224 0.424235428
1703614859.667824030 -95.334751769 -7.338418987 -0.195037142 -0.581697770 0.560499764 -0.410007521 0.423510982
1703614859.802601099 -95.200035049 -7.353948859 -0.201325157 -0.579176471 0.564560405 -0.410229395 0.421352593
1703614859.867494822 -95.140303233 -7.358369470 -0.197580665 -0.577402995 0.564912149 -0.411999468 0.421588049
1703614860.002273321 -95.000702720 -7.355711774 -0.204012457 -0.578095609 0.566502007 -0.409302065 0.421132714
1703614860.052191734 -94.956859613 -7.350859458 -0.195987402 -0.577671184 0.564302841 -0.410602365 0.423395802
1703614860.201946020 -94.807221389 -7.340477027 -0.194292276 -0.578332145 0.562937205 -0.410708805 0.424207391
1703614860.251863003 -94.758226742 -7.339138902 -0.193828364 -0.578119139 0.563079285 -0.410648620 0.424367400
1703614860.401617289 -94.601348135 -7.339196636 -0.196384679 -0.577940403 0.564667762 -0.409471844 0.423636658
1703614860.471501827 -94.536074513 -7.336697368 -0.188674038 -0.576901055 0.563652821 -0.409965205 0.425921589
1703614860.601288080 -94.403126740 -7.328299587 -0.194326126 -0.578237523 0.563175932 -0.408916131 0.425748557
1703614860.661188602 -94.343136198 -7.324534167 -0.195436593 -0.579255875 0.563850836 -0.406943564 0.425360790
1703614860.800959110 -94.208432900 -7.309534961 -0.193230670 -0.580845351 0.560936526 -0.405612206 0.428307869
1703614860.850878716 -94.157199895 -7.306265451 -0.197097057 -0.582098950 0.560825069 -0.405280063 0.427064545
1703614861.000635624 -94.012543950 -7.314434067 -0.190748974 -0.578683606 0.563865474 -0.405299951 0.427683249
1703614861.070523262 -93.947793122 -7.317486460 -0.193109800 -0.578993109 0.564515267 -0.404819171 0.426861724
1703614861.205304384 -93.822493108 -7.329679061 -0.194114544 -0.577480400 0.565542341 -0.406876337 0.425593579
1703614861.275190830 -93.756305359 -7.332528673 -0.196236843 -0.577381459 0.566786974 -0.407058994 0.423894034
1703614861.404980421 -93.639132990 -7.320089125 -0.193320563 -0.577669732 0.565062002 -0.408063264 0.424837600
1703614861.454899549 -93.594011681 -7.314869120 -0.191948219 -0.577981849 0.564280219 -0.408213947 0.425307171
1703614861.604656935 -93.464131866 -7.301223744 -0.186880134 -0.579167778 0.561740977 -0.407697006 0.427545215
1703614861.654576063 -93.422374958 -7.300838700 -0.187251965 -0.579339467 0.561600994 -0.406622532 0.428518636
1703614861.804331541 -93.292550209 -7.316469890 -0.189285203 -0.577295022 0.563797065 -0.407419556 0.427636099
1703614861.854248524 -93.251827235 -7.321780067 -0.191396341 -0.576468273 0.565447667 -0.407498111 0.426495669
1703614862.004001856 -93.127755675 -7.320600075 -0.186801457 -0.575063609 0.565407852 -0.408519898 0.427466138
1703614862.053919792 -93.085588394 -7.315146214 -0.187269626 -0.576007659 0.564397939 -0.408264886 0.427773219
1703614862.203671694 -92.950707153 -7.296008549 -0.190484243 -0.578960165 0.561803331 -0.407385963 0.428040678
1703614862.268564463 -92.895939454 -7.291383442 -0.189970697 -0.579516270 0.561617073 -0.406470443 0.428402773
1703614862.403341055 -92.782454083 -7.288048754 -0.189150387 -0.579642142 0.561081853 -0.404822354 0.430489260
1703614862.468233585 -92.728425194 -7.289349172 -0.189863401 -0.579812836 0.560945150 -0.405005958 0.430264789
1703614862.603009701 -92.611132450 -7.298941961 -0.191404282 -0.577872732 0.563641642 -0.405433840 0.428945924
1703614862.667901993 -92.560000119 -7.300293814 -0.189128521 -0.576699783 0.564211933 -0.406556549 0.428712057
1703614862.802686214 -92.447173025 -7.300259795 -0.182987147 -0.575303672 0.564181730 -0.407020897 0.430184437
1703614862.867594481 -92.395597241 -7.300676968 -0.183123368 -0.575817226 0.564208351 -0.405467819 0.430928425
1703614863.002404451 -92.285440904 -7.309917642 -0.182470259 -0.576067504 0.564463875 -0.403642554 0.431971589
1703614863.067313910 -92.236065167 -7.316269403 -0.181807428 -0.575346276 0.565229284 -0.404679318 0.430960750
1703614863.202126026 -92.129887647 -7.331172132 -0.181594736 -0.571171290 0.568765501 -0.407709930 0.429000904
1703614863.252057076 -92.092796452 -7.329565638 -0.181420645 -0.571100410 0.569364807 -0.408076990 0.427950007
1703614863.401850700 -91.972240736 -7.308541082 -0.177849066 -0.573886459 0.566632417 -0.407731164 0.428179091
1703614863.466761827 -91.924676380 -7.301853629 -0.174140264 -0.575062001 0.565265414 -0.406836726 0.429258180
1703614863.601578236 -91.817641757 -7.298148076 -0.172708153 -0.576808473 0.564263503 -0.406220812 0.428816205
1703614863.651510715 -91.781988823 -7.298785040 -0.171943127 -0.576223319 0.564592753 -0.406372881 0.429025397
1703614863.801302195 -91.660056568 -7.290371702 -0.171011232 -0.577737669 0.564323130 -0.405988561 0.427705365
1703614863.871189594 -91.606397688 -7.284202966 -0.169710574 -0.578391258 0.563438606 -0.406090073 0.427891741
1703614864.000981331 -91.499329390 -7.272881639 -0.166739278 -0.579807211 0.562374467 -0.406501062 0.426984126
1703614864.070868969 -91.447075391 -7.266958730 -0.162624743 -0.579838841 0.561670035 -0.407196448 0.427205739
1703614864.200660467 -91.341068410 -7.260202646 -0.162042735 -0.579761397 0.561639015 -0.407567714 0.426997538
1703614864.250579357 -91.303237446 -7.257642211 -0.162204666 -0.580172916 0.561424108 -0.407988924 0.426318423
1703614864.400339365 -91.175989650 -7.251919689 -0.159881988 -0.580807948 0.561244842 -0.406930975 0.426700758
1703614864.470226526 -91.119905312 -7.249307989 -0.159419465 -0.581416152 0.561575484 -0.405596538 0.426707960
1703614864.600018024 -91.010651765 -7.248903285 -0.156222728 -0.580589931 0.561919205 -0.406126188 0.426876633
1703614864.654929638 -90.967645120 -7.247902284 -0.155518146 -0.580320782 0.562153267 -0.405743171 0.427298459
1703614864.804687977 -90.838340178 -7.243929688 -0.151726667 -0.581324555 0.562015228 -0.403057243 0.428655461
1703614864.869578600 -90.789107172 -7.245724267 -0.152925335 -0.581606175 0.562284055 -0.402279648 0.428651354
1703614865.004354239 -90.674950821 -7.254900659 -0.148560860 -0.580420612 0.563469799 -0.402381905 0.428605298
1703614865.069244623 -90.623353599 -7.255871862 -0.148706938 -0.579897805 0.564034599 -0.402875751 0.428105869
1703614865.204019785 -90.509699826 -7.250241519 -0.145859308 -0.579691403 0.564221545 -0.403682836 0.427378162
1703614865.268911123 -90.457395072 -7.245120522 -0.145003968 -0.579957910 0.563739812 -0.403684345 0.427650787
1703614865.403684855 -90.343566549 -7.233802943 -0.142977126 -0.581342628 0.562395112 -0.401718495 0.429388796
1703614865.468575954 -90.291075770 -7.229404700 -0.143969979 -0.582520750 0.561755837 -0.399941692 0.430286647
1703614865.603349447 -90.180452599 -7.236089467 -0.137004700 -0.580013678 0.562228654 -0.399697026 0.433272849
1703614865.653265715 -90.139862348 -7.241076249 -0.138338673 -0.578933129 0.563447847 -0.400704292 0.432202529
1703614865.803015232 -90.002457363 -7.245446155 -0.144608318 -0.576286679 0.566822219 -0.404708977 0.427570907
1703614865.852935314 -89.960681639 -7.239262902 -0.143497596 -0.575966121 0.566262667 -0.404987078 0.428479972
1703614866.002695322 -89.826977423 -7.205658624 -0.136747979 -0.580302938 0.561643638 -0.402152248 0.431368165
1703614866.052614212 -89.786879202 -7.200805935 -0.134287612 -0.580699032 0.560073003 -0.401569288 0.433415473
1703614866.202373028 -89.659274678 -7.195875266 -0.128018604 -0.582048734 0.557255264 -0.403601808 0.433349078
1703614866.252293110 -89.620208217 -7.199898446 -0.125822880 -0.580728439 0.557785373 -0.405181609 0.432963996
1703614866.402052879 -89.484655628 -7.192570903 -0.134413825 -0.580027920 0.560196774 -0.402805239 0.433007074
1703614866.466947794 -89.425052677 -7.183343958 -0.140787910 -0.582043899 0.559577085 -0.399946514 0.433752432
1703614866.601732016 -89.299107713 -7.181677453 -0.139978581 -0.583047048 0.558780080 -0.398147586 0.435085580
1703614866.651651859 -89.254907459 -7.186190837 -0.139198978 -0.581926675 0.559790064 -0.398291120 0.435155850
1703614866.801410913 -89.109466935 -7.198099911 -0.145998215 -0.579854009 0.563843113 -0.398637383 0.432363862
1703614866.871298790 -89.046542257 -7.196886416 -0.142993423 -0.579249456 0.564016189 -0.398933675 0.432675085
1703614867.001091480 -88.926558319 -7.184060943 -0.137830160 -0.579650360 0.562663973 -0.399399008 0.433468738
1703614867.051012039 -88.882778106 -7.177580918 -0.137287553 -0.580894381 0.561404360 -0.399871023 0.433001186
1703614867.200772285 -88.744805016 -7.161957767 -0.136060000 -0.581809975 0.559948414 -0.397926006 0.435442098
1703614867.270660162 -88.680983810 -7.157340730 -0.136809847 -0.582623175 0.559108779 -0.398440415 0.434963039
1703614867.400452852 -88.552722333 -7.154321907 -0.145817018 -0.583682127 0.561323209 -0.396123774 0.432801786
1703614867.450373173 -88.510702947 -7.152162535 -0.140506942 -0.582886165 0.560448794 -0.396346383 0.434799278
1703614867.600133419 -88.372510752 -7.154563919 -0.135898971 -0.581067274 0.559953598 -0.400433486 0.434126496
1703614867.650053740 -88.324764632 -7.159510479 -0.139016742 -0.579780629 0.561667011 -0.401331699 0.432801870
1703614867.804806709 -88.170612949 -7.163036627 -0.138409473 -0.578005720 0.564514864 -0.402335507 0.430532804
1703614867.854727030 -88.121681835 -7.162288825 -0.141080998 -0.578205328 0.564358868 -0.401674541 0.431086104
1703614868.004487038 -87.973622537 -7.154583397 -0.138535875 -0.580274619 0.562238944 -0.401303991 0.431420726
1703614868.054407358 -87.925294953 -7.158100698 -0.139591796 -0.579851321 0.562787922 -0.402199638 0.430438905
1703614868.204167843 -87.773680717 -7.167347601 -0.142929466 -0.576155116 0.566031011 -0.405974825 0.427596326
1703614868.254088163 -87.721245051 -7.166236966 -0.147622122 -0.576565910 0.566939151 -0.405596177 0.426196541
1703614868.403849125 -87.568026695 -7.154477259 -0.140195526 -0.577819636 0.564531685 -0.405080197 0.428180428
1703614868.453768492 -87.517666009 -7.153864494 -0.141010695 -0.577610489 0.563467923 -0.405408604 0.429550796
1703614868.603529692 -87.357032519 -7.157336055 -0.142320495 -0.577989415 0.565790779 -0.403456069 0.427822663
1703614868.668426037 -87.295819752 -7.160397814 -0.136686308 -0.576120206 0.565912534 -0.404665011 0.429039325
1703614868.803210258 -87.159940661 -7.166788182 -0.135885704 -0.574217443 0.568382137 -0.405184235 0.427833857
1703614868.868106365 -87.096695894 -7.169909935 -0.136469767 -0.573380182 0.569020354 -0.405519373 0.427790886
1703614869.007882118 -86.953622345 -7.170026129 -0.140295349 -0.573625820 0.568693690 -0.406591934 0.426876920
1703614869.077770948 -86.879642223 -7.164064011 -0.141090376 -0.574478735 0.568774803 -0.406724343 0.425493497
1703614869.207563400 -86.745683319 -7.149266882 -0.138844564 -0.576430278 0.566927054 -0.405861355 0.426143650
1703614869.262475491 -86.692137605 -7.140286196 -0.134783373 -0.576613171 0.565346251 -0.405549402 0.428287929
1703614869.402252197 -86.547953821 -7.124857872 -0.135770594 -0.578668793 0.563952700 -0.403085503 0.429676456
1703614869.452171564 -86.498339575 -7.122819509 -0.136790152 -0.578818392 0.563720028 -0.403020196 0.429841506
1703614869.601932526 -86.346864559 -7.114589370 -0.132199939 -0.579322933 0.563317067 -0.403821944 0.428936661
1703614869.666828871 -86.287306700 -7.112358716 -0.127722278 -0.578750825 0.562742223 -0.404390223 0.429926994
1703614869.801613092 -86.155138822 -7.091884416 -0.127478450 -0.581058358 0.561187386 -0.399977143 0.432964418
1703614869.851533413 -86.108578195 -7.086942473 -0.127280630 -0.582029545 0.559405256 -0.400360976 0.433610951
1703614870.001294136 -85.963235298 -7.089034429 -0.122826811 -0.580498757 0.560076381 -0.404067694 0.431352455
1703614870.071182489 -85.894056803 -7.096229337 -0.128521936 -0.579214256 0.562538647 -0.405075451 0.428923065
1703614870.205967903 -85.766084109 -7.095508482 -0.126520795 -0.578206750 0.562964325 -0.404594807 0.430175739
1703614870.275856256 -85.699046728 -7.086356092 -0.127661787 -0.580342227 0.561428658 -0.402733821 0.431052469
1703614870.400656462 -85.584026172 -7.068566606 -0.127098291 -0.583432095 0.559322808 -0.399555598 0.432574052
1703614870.470545769 -85.522169313 -7.065006595 -0.127438973 -0.584271626 0.558857829 -0.398930199 0.432619105
1703614870.605330229 -85.402849499 -7.069824634 -0.132016939 -0.583086842 0.560155193 -0.398599954 0.432844050
1703614870.675218582 -85.339624964 -7.073763936 -0.132348761 -0.582024404 0.561389178 -0.399663188 0.431693317
1703614870.805011511 -85.221202128 -7.078736979 -0.134207071 -0.580029071 0.563121672 -0.401911728 0.430031652
1703614870.874900341 -85.158455568 -7.076838714 -0.132574821 -0.579784983 0.563062894 -0.403209570 0.429222080
1703614871.004691839 -85.039280293 -7.071979045 -0.133338859 -0.580037772 0.563211700 -0.403498743 0.428412801
1703614871.069588184 -84.982775211 -7.069317651 -0.133428994 -0.580077106 0.562947040 -0.403990356 0.428244060
1703614871.204372168 -84.863232420 -7.062835695 -0.133260591 -0.580397473 0.562398032 -0.403304556 0.429176726
1703614871.269268274 -84.805780906 -7.059181247 -0.133999930 -0.580862649 0.561170829 -0.403469801 0.429997678
1703614871.404053450 -84.681035125 -7.048734569 -0.138497796 -0.583531778 0.560495467 -0.401842363 0.428786907
1703614871.453972816 -84.638411647 -7.049706980 -0.141598004 -0.583282492 0.560733265 -0.401980514 0.428685672
1703614871.603733778 -84.511160812 -7.050060016 -0.137783954 -0.582349973 0.561534706 -0.401876038 0.429002253
1703614871.668630123 -84.456142012 -7.052892254 -0.139059143 -0.581938252 0.561932145 -0.401631964 0.429269030
1703614871.803414583 -84.339530934 -7.059761838 -0.138784486 -0.580734800 0.563051496 -0.402082016 0.429010672
1703614871.878297567 -84.274329630 -7.062760980 -0.139613161 -0.579589135 0.564087380 -0.402535888 0.428773507
1703614872.003101587 -84.162306226 -7.063732207 -0.140312922 -0.578470254 0.565769675 -0.402554961 0.428049465
1703614872.068000317 -84.105015383 -7.063484516 -0.141847758 -0.578002858 0.566035968 -0.402555270 0.428328418
1703614872.202789307 -83.980631975 -7.064599825 -0.144611971 -0.577455457 0.566879033 -0.401950410 0.428519806
1703614872.267688274 -83.920737947 -7.062127380 -0.145767690 -0.577862399 0.566677118 -0.401435576 0.428720853
1703614872.402478456 -83.797758801 -7.058542280 -0.140831332 -0.577540776 0.565788823 -0.402507547 0.429321947
1703614872.467377424 -83.737098037 -7.057121806 -0.142615643 -0.577166565 0.566251363 -0.402073431 0.429622050
1703614872.602167130 -83.608178211 -7.055148279 -0.143758426 -0.577078270 0.566732463 -0.402604265 0.428607970
1703614872.667066336 -83.550150559 -7.056511328 -0.141276338 -0.576409132 0.566581869 -0.403433516 0.428927612
1703614872.801856279 -83.422457650 -7.056463120 -0.146503464 -0.576694890 0.567436561 -0.402461479 0.428326407
1703614872.851777077 -83.378418630 -7.053802016 -0.143955224 -0.576600861 0.566359515 -0.403655614 0.428754583
1703614873.001538754 -83.236994269 -7.042303662 -0.144955752 -0.577765065 0.565386704 -0.404097851 0.428054122
1703614873.071428776 -83.173078279 -7.038585281 -0.143007383 -0.577419181 0.564800279 -0.404659273 0.428764045
1703614873.201221704 -83.052078143 -7.030532935 -0.139132245 -0.577467705 0.563538009 -0.406166289 0.428934619
1703614873.271111488 -82.987325379 -7.026217304 -0.138507146 -0.577690811 0.563014563 -0.405098771 0.430328844
1703614873.400905848 -82.867458860 -7.024433012 -0.134033974 -0.578026279 0.562258159 -0.404241933 0.431670990
1703614873.450826645 -82.822800854 -7.026220047 -0.135200197 -0.577409226 0.562563102 -0.404299513 0.432045420
1703614873.600588799 -82.683705102 -7.020351049 -0.140522963 -0.577946020 0.563567691 -0.403494141 0.430769468
1703614873.670477629 -82.620390368 -7.014305859 -0.141941459 -0.578703052 0.563329546 -0.403476697 0.430080407
1703614873.800271749 -82.504866646 -7.002599322 -0.139366272 -0.579805125 0.561662499 -0.402084963 0.432075152
1703614873.870160341 -82.442043496 -7.000432183 -0.142025597 -0.580098573 0.561389319 -0.400221517 0.433763086
1703614874.004943848 -82.319683026 -7.001647684 -0.140203461 -0.579615630 0.561321146 -0.400836450 0.433929063
1703614874.054863930 -82.274548323 -7.002826537 -0.141022682 -0.578723785 0.561987010 -0.400860327 0.434235396
1703614874.204623222 -82.136696066 -6.998128292 -0.142531744 -0.578817071 0.562601727 -0.400251327 0.433876676
1703614874.264527798 -82.083567826 -6.993374569 -0.143607130 -0.579655277 0.562272026 -0.399963016 0.433450706
1703614874.404302835 -81.957313504 -6.984398436 -0.143719718 -0.580253863 0.560698558 -0.399424516 0.435181155
1703614874.454222918 -81.912983511 -6.983069396 -0.144836544 -0.580877779 0.560820707 -0.399074812 0.434511721
1703614874.603982210 -81.781102863 -6.987482104 -0.143583843 -0.578763570 0.561853642 -0.401298465 0.433950177
1703614874.668878078 -81.724305550 -6.986964667 -0.142957436 -0.577973892 0.562104008 -0.402578719 0.433492374
1703614874.803662539 -81.601281124 -6.980509673 -0.144432839 -0.578581996 0.561842455 -0.404109728 0.431591540
1703614874.853583574 -81.557564475 -6.976310782 -0.144728198 -0.578718184 0.561275138 -0.403906136 0.432337040
1703614875.003345013 -81.420938964 -6.971027381 -0.145217988 -0.580263664 0.560494818 -0.402416112 0.432667206
1703614875.053265572 -81.378316198 -6.975345537 -0.145682549 -0.579249381 0.561200621 -0.402632172 0.432910327
1703614875.203027248 -81.242334513 -6.994412050 -0.151474205 -0.577015370 0.565448694 -0.402489262 0.430492080
1703614875.267924070 -81.186147352 -6.999052105 -0.153027686 -0.576245005 0.566359227 -0.403711474 0.429180574
1703614875.402709723 -81.065724229 -6.997085353 -0.156493900 -0.575834767 0.567393711 -0.404834040 0.427303286
1703614875.452630281 -81.024389767 -6.990497750 -0.153783201 -0.575660358 0.565809459 -0.405415385 0.429084111
1703614875.602393150 -80.890367096 -6.965898972 -0.153590406 -0.579718201 0.562184797 -0.404110862 0.429615494
1703614875.667289972 -80.834648639 -6.961757037 -0.153248377 -0.579941409 0.561475373 -0.403548953 0.430768628
1703614875.802075386 -80.721047769 -6.971223476 -0.143671262 -0.577281103 0.562308875 -0.401179242 0.435442848
1703614875.851996183 -80.681702624 -6.977586390 -0.140929759 -0.576449815 0.562760079 -0.402765596 0.434495776
1703614876.001756907 -80.554841921 -7.000137304 -0.152609039 -0.572763799 0.568217929 -0.405533884 0.429665317
1703614876.051677465 -80.510662644 -6.997751312 -0.155490123 -0.573018669 0.568604250 -0.405715551 0.428641697
1703614876.201439142 -80.378747162 -6.970982259 -0.154366275 -0.576574668 0.564862579 -0.405665374 0.428867722
1703614876.251358986 -80.333984470 -6.964772651 -0.156913440 -0.577603151 0.563878149 -0.404803897 0.429592642
1703614876.406112194 -80.198177255 -6.965954177 -0.155050584 -0.577457845 0.563760418 -0.404809887 0.429936722
1703614876.461024761 -80.151373571 -6.978195410 -0.155054637 -0.575016748 0.566042112 -0.405285324 0.429762577
1703614876.600802183 -80.021874102 -6.998037996 -0.166824580 -0.573014210 0.570958918 -0.406340500 0.424909434
1703614876.650722980 -79.980273837 -6.996479582 -0.163926508 -0.572425549 0.570155849 -0.407593998 0.425580112
1703614876.810468197 -79.834921566 -6.973531033 -0.167267487 -0.575993801 0.566662886 -0.407234216 0.425775302
1703614877.000168085 -79.660959203 -6.962316147 -0.164747735 -0.577882783 0.564047734 -0.407069265 0.426844533
1703614877.050089121 -79.613738312 -6.965461685 -0.167015390 -0.577520956 0.564843258 -0.407113195 0.426239939
1703614877.204843283 -79.467758508 -6.979408236 -0.168393947 -0.574495896 0.567271517 -0.410978641 0.423384043
1703614877.269741774 -79.404973693 -6.980314433 -0.171018140 -0.573963086 0.568497282 -0.411528284 0.421926164
1703614877.404528141 -79.276111799 -6.972587652 -0.170628818 -0.574882965 0.567595249 -0.411959728 0.421466953
1703614877.469425440 -79.213860630 -6.970323273 -0.173133511 -0.575907680 0.567198407 -0.411178703 0.421364907
1703614877.604212046 -79.083924253 -6.972227271 -0.178649830 -0.577766124 0.567703705 -0.407497322 0.421716424
1703614877.669109583 -79.023235244 -6.976170136 -0.182622533 -0.577934785 0.568706600 -0.404837025 0.422695128
1703614877.803897142 -78.902390813 -6.995684534 -0.179220013 -0.573634429 0.569600386 -0.410253311 0.422126952
1703614877.853815317 -78.851466210 -7.002456090 -0.184333267 -0.572425451 0.572406132 -0.411396421 0.418847595
1703614878.003573656 -78.705208153 -7.002706214 -0.183051156 -0.569847355 0.574484094 -0.414593133 0.416358683
1703614878.053493261 -78.653943359 -6.996311410 -0.186160209 -0.571273784 0.574044679 -0.412887072 0.416705214
1703614878.203250170 -78.506341574 -6.976199201 -0.184361002 -0.576756596 0.567947201 -0.409568051 0.420763375
1703614878.253169775 -78.456557197 -6.975568254 -0.184379053 -0.577173656 0.567279797 -0.409172404 0.421476153
1703614878.402927637 -78.303013113 -6.983471045 -0.186657344 -0.575819265 0.569756862 -0.408158783 0.420969953
1703614878.452847004 -78.254454532 -6.983478363 -0.185489074 -0.574896017 0.569539505 -0.409340251 0.421378548
1703614878.602603674 -78.098328864 -6.976370302 -0.188131156 -0.574669187 0.569584758 -0.411028974 0.419980609
1703614878.667498827 -78.031667979 -6.967322379 -0.187637407 -0.576029944 0.568374182 -0.411727177 0.419071624
1703614878.802279949 -77.891763457 -6.954973351 -0.187533866 -0.577538275 0.566453129 -0.410533287 0.420764558
1703614878.852200747 -77.841079275 -6.954463184 -0.187453286 -0.577498660 0.566272648 -0.410279847 0.421308715
1703614879.001962423 -77.687467351 -6.958314891 -0.186402582 -0.576578249 0.567403710 -0.409663501 0.421647208
1703614879.066859245 -77.623190069 -6.956689484 -0.184684509 -0.576374238 0.567317057 -0.409628711 0.422076313
1703614879.201644182 -77.489787056 -6.955391023 -0.182640758 -0.576090202 0.567001792 -0.409749179 0.422770218
1703614879.271533489 -77.420712783 -6.954867836 -0.183992268 -0.576131701 0.566648752 -0.410499757 0.422458761
1703614879.401325941 -77.287627889 -6.946348373 -0.185048801 -0.577469931 0.566255599 -0.409975703 0.421666928
1703614879.471215248 -77.218927809 -6.938570102 -0.183957584 -0.578083556 0.564679456 -0.410379907 0.422545675
1703614879.601008892 -77.086960744 -6.932108930 -0.183484736 -0.578659044 0.564470558 -0.409484682 0.422905422
1703614879.670897245 -77.018616915 -6.933030157 -0.181378378 -0.578027634 0.564382830 -0.409853549 0.423528208
1703614879.800690651 -76.886779520 -6.938061506 -0.184704318 -0.577183140 0.565652646 -0.410885026 0.421983652
1703614879.850611687 -76.836860039 -6.935489162 -0.185973611 -0.577333144 0.565558264 -0.411274232 0.421525560
1703614880.000374556 -76.684081599 -6.912233162 -0.185838309 -0.580302881 0.563225995 -0.409205324 0.422582592
1703614880.050294399 -76.633819495 -6.907355446 -0.186998723 -0.581094243 0.562299600 -0.408024234 0.423868924
1703614880.200057507 -76.483000921 -6.913827969 -0.184708846 -0.580272420 0.562584742 -0.407945928 0.424691001
1703614880.269946337 -76.412676955 -6.923106023 -0.185719751 -0.578497754 0.564426647 -0.409463941 0.423204667
1703614880.404732466 -76.279414298 -6.933623927 -0.184998309 -0.575590263 0.567002613 -0.412630526 0.420642290
1703614880.454653263 -76.230373105 -6.932422504 -0.187669761 -0.575608724 0.567577863 -0.411465013 0.420982790
1703614880.604416609 -76.082635547 -6.903465744 -0.190497690 -0.580694192 0.563398286 -0.405486793 0.425390511
1703614880.654337645 -76.034480135 -6.892266070 -0.190568884 -0.583443188 0.560695044 -0.405847909 0.424855963
1703614880.814084053 -75.884829207 -6.871627609 -0.190848727 -0.586354056 0.558931228 -0.401817790 0.426997970
1703614881.003773689 -75.719170484 -6.876872867 -0.185627168 -0.584464723 0.558719872 -0.403520547 0.428257236
1703614881.068667650 -75.660560895 -6.880299943 -0.187434011 -0.583347963 0.560267258 -0.404649858 0.426689871
1703614881.208439350 -75.535042061 -6.868022895 -0.184882024 -0.583130166 0.560159990 -0.405783542 0.426051303
1703614881.278324604 -75.474315768 -6.853540260 -0.182466837 -0.584677957 0.557997293 -0.405941501 0.426617164
1703614881.403120518 -75.360293208 -6.840005576 -0.186343467 -0.587493163 0.556646235 -0.402327307 0.427936316
1703614881.468014240 -75.305261968 -6.839255133 -0.183602300 -0.587535821 0.555942435 -0.402581663 0.428552999
1703614881.602792740 -75.184756707 -6.843760136 -0.184341011 -0.586076981 0.557874030 -0.402866812 0.427771751
1703614881.667686224 -75.127928712 -6.841113000 -0.185337491 -0.585664363 0.558298340 -0.403515894 0.427171091
1703614881.812448502 -74.998309556 -6.830567508 -0.182312523 -0.585510260 0.557746198 -0.403783469 0.427850236
1703614882.012127638 -74.820274974 -6.819327985 -0.178458944 -0.586659582 0.555792950 -0.401837234 0.430640882
1703614882.206815243 -74.650172226 -6.827060444 -0.172032203 -0.583066897 0.558441398 -0.402170813 0.431781004
1703614882.276703596 -74.593544201 -6.824318600 -0.167895720 -0.582697561 0.558346002 -0.401768197 0.432776629
1703614882.406494379 -74.491434884 -6.813144991 -0.165806705 -0.583494201 0.556547944 -0.402238797 0.433581426
1703614882.461406946 -74.444978040 -6.810262642 -0.167479748 -0.583635229 0.556136682 -0.402546979 0.433633302
1703614882.606174231 -74.321018770 -6.814648633 -0.172678662 -0.583595911 0.558343261 -0.402836880 0.430570625
1703614882.661085606 -74.277351123 -6.818520600 -0.167777893 -0.581755934 0.559539941 -0.403462713 0.430921022
1703614882.800861597 -74.162568695 -6.806846751 -0.169117950 -0.582738218 0.558742342 -0.400916085 0.433000527
1703614882.850780725 -74.123886427 -6.802057524 -0.169807305 -0.584352889 0.557367245 -0.399884825 0.433549976
1703614883.000541925 -74.007403664 -6.799518449 -0.164275557 -0.583990464 0.556046874 -0.400837178 0.434852353
1703614883.050461531 -73.968424608 -6.799278789 -0.165609583 -0.583460135 0.556936716 -0.401179281 0.434109376
1703614883.200222731 -73.846681879 -6.788372406 -0.167060564 -0.583755564 0.557833643 -0.402017673 0.431778715
1703614883.250143051 -73.809949021 -6.783567421 -0.165568320 -0.584026959 0.557071175 -0.402336700 0.432098828
1703614883.404895782 -73.690914013 -6.770819763 -0.162409957 -0.585042030 0.554678946 -0.399793755 0.436144521
1703614883.454815149 -73.652640539 -6.769535431 -0.163607851 -0.585936076 0.554611854 -0.398835809 0.435906646
1703614883.604576349 -73.538374681 -6.773587296 -0.160946852 -0.584078899 0.555787473 -0.400230258 0.435623536
1703614883.669472694 -73.489583833 -6.769575587 -0.160179402 -0.583849405 0.555965578 -0.401149196 0.434857990
1703614883.809248447 -73.378915986 -6.757182931 -0.163591264 -0.584895704 0.555716574 -0.401356157 0.433577375
1703614883.879137754 -73.321780754 -6.757118443 -0.163949478 -0.585138298 0.555689645 -0.401824166 0.432850471
1703614884.003937721 -73.220973708 -6.769797694 -0.163786316 -0.583201759 0.557412965 -0.403071271 0.432088007
1703614884.068834305 -73.168916883 -6.778099182 -0.166584201 -0.582233948 0.559416396 -0.403178920 0.430701386
1703614884.203618765 -73.056816504 -6.800534291 -0.168584306 -0.578709763 0.563481149 -0.406599774 0.426919932
1703614884.268515110 -73.005268923 -6.807596648 -0.168296859 -0.577378702 0.564831485 -0.408020765 0.425579939
1703614884.403300762 -72.893853720 -6.813301499 -0.172311191 -0.577207439 0.566775824 -0.404402803 0.426679166
1703614884.453220129 -72.856037281 -6.813356156 -0.171909857 -0.577599533 0.565972732 -0.404015079 0.427580942
1703614884.602981806 -72.735687825 -6.827051280 -0.170284443 -0.575321314 0.567111345 -0.406644198 0.426650449
1703614884.652901173 -72.694369532 -6.830311754 -0.172651373 -0.574457839 0.568899952 -0.406265018 0.425793108
1703614884.812645912 -72.559394695 -6.825950335 -0.174062893 -0.574946278 0.569147155 -0.408002723 0.423133633
1703614885.002341986 -72.399162661 -6.817028670 -0.176691431 -0.575987815 0.568261518 -0.406860002 0.424006865
1703614885.067238092 -72.346145070 -6.813095825 -0.175123685 -0.576855853 0.567456545 -0.406189903 0.424547002
1703614885.202021599 -72.234549074 -6.811840198 -0.169027523 -0.575860598 0.566509223 -0.407705768 0.425708679
1703614885.266917229 -72.180363540 -6.813446295 -0.167967100 -0.575076792 0.566980536 -0.408611069 0.425272559
1703614885.401700735 -72.063806608 -6.820703303 -0.169999621 -0.574106153 0.568960862 -0.408843510 0.423712930
1703614885.471589327 -72.006252878 -6.825170922 -0.168671017 -0.573279965 0.569514403 -0.408317697 0.424594024
1703614885.601380110 -71.893600371 -6.830711185 -0.169314212 -0.573000376 0.569812073 -0.407572626 0.425287344
1703614885.671268463 -71.833767429 -6.829615661 -0.170106533 -0.573219391 0.569714319 -0.407896549 0.424812346
1703614885.811043501 -71.712896412 -6.822376150 -0.168379870 -0.572887688 0.568900902 -0.409438988 0.424866069
1703614886.005733013 -71.538004834 -6.811079792 -0.167954369 -0.574546341 0.567526626 -0.408702136 0.425173607
1703614886.060645103 -71.489001822 -6.810859243 -0.166798086 -0.574268741 0.567365354 -0.408140360 0.426302022
1703614886.200422049 -71.360073627 -6.810238239 -0.168301350 -0.574651975 0.567648306 -0.408651769 0.424916745
1703614886.250341892 -71.316118622 -6.808602078 -0.169209307 -0.574351586 0.567845911 -0.408909206 0.424811180
1703614886.400103331 -71.176403044 -6.794657439 -0.169266713 -0.576428435 0.566591701 -0.407831552 0.424708758
1703614886.450023890 -71.133891186 -6.790196046 -0.165518752 -0.577006647 0.565166617 -0.408433662 0.425243422
1703614886.604776144 -70.999157102 -6.775940555 -0.161914518 -0.577627194 0.562813170 -0.408038314 0.427893556
1703614886.654696703 -70.957039651 -6.768225593 -0.159931095 -0.578523971 0.561208754 -0.407967609 0.428855663
1703614886.814441681 -70.815568787 -6.756978173 -0.160807017 -0.580487921 0.559776236 -0.405976964 0.429961677
1703614887.004138470 -70.644627948 -6.774430564 -0.163006779 -0.576964689 0.564589430 -0.407164439 0.427279351
1703614887.054057598 -70.603076920 -6.774743409 -0.162873264 -0.576538246 0.564793512 -0.407163692 0.427585861
1703614887.213801622 -70.464905400 -6.763819009 -0.161416115 -0.577723842 0.562927033 -0.404883145 0.430601853
1703614887.403496981 -70.291772319 -6.738362456 -0.161981754 -0.580865067 0.560099829 -0.404140258 0.430760499
1703614887.468393087 -70.234582823 -6.733270528 -0.162750200 -0.580980834 0.559783145 -0.403983734 0.431162664
1703614887.603177786 -70.111858898 -6.731737253 -0.164224089 -0.581384100 0.560090384 -0.402660429 0.431457841
1703614887.668072701 -70.053244428 -6.734707655 -0.167416469 -0.581264622 0.561020381 -0.401767004 0.431243373
1703614887.812840939 -69.922645007 -6.742131850 -0.168420355 -0.579516385 0.562355273 -0.402871842 0.430826630
1703614888.002534866 -69.748337538 -6.748686168 -0.166558232 -0.576957657 0.564634588 -0.404212990 0.430022677
1703614888.067430496 -69.688497572 -6.744386235 -0.167855756 -0.578061876 0.564212123 -0.403996197 0.429297357
1703614888.202213764 -69.562967350 -6.743385291 -0.171014379 -0.578388157 0.563735742 -0.405577103 0.427991084
1703614888.252132654 -69.516868395 -6.748072923 -0.173014620 -0.577565971 0.564835773 -0.406615823 0.426663417
1703614888.401890755 -69.377511017 -6.767599734 -0.176155282 -0.574787280 0.569250348 -0.409131843 0.422119366
1703614888.466786385 -69.320412891 -6.774248487 -0.178323743 -0.573708591 0.570719202 -0.410067439 0.420693166
1703614888.606561422 -69.196464180 -6.778846042 -0.178420065 -0.573019101 0.570011105 -0.410462404 0.422205003
1703614888.661472559 -69.146524137 -6.776521298 -0.177789663 -0.574306381 0.568903266 -0.410440512 0.421971374
1703614888.801246881 -69.020920125 -6.777346075 -0.180604486 -0.574243583 0.569113052 -0.410244652 0.421964414
1703614888.851166487 -68.977676515 -6.779558175 -0.179410963 -0.573507384 0.569956630 -0.409856378 0.422204299
1703614889.000924349 -68.846259098 -6.786510113 -0.180290090 -0.572008994 0.570765225 -0.411045599 0.421988489
1703614889.070811033 -68.782487831 -6.789753049 -0.181695192 -0.571589892 0.571265296 -0.411411415 0.421522958
1703614889.200601578 -68.661884186 -6.788819591 -0.186866878 -0.571914078 0.571318756 -0.412525508 0.419918887
1703614889.270488262 -68.598156625 -6.785382153 -0.187482696 -0.571962933 0.571134593 -0.412448565 0.420178368
1703614889.400278807 -68.477024200 -6.775966296 -0.189110667 -0.573605096 0.569278992 -0.412156519 0.420744136
1703614889.470166445 -68.412839351 -6.773372307 -0.190580178 -0.574267348 0.569028370 -0.410736091 0.421568015
1703614889.604948521 -68.290019511 -6.773292173 -0.191591941 -0.574514810 0.568569459 -0.410369685 0.422206378
1703614889.669843674 -68.231319458 -6.774231886 -0.192903905 -0.574192554 0.569033501 -0.410451564 0.421939924
1703614889.804625750 -68.107130824 -6.773419974 -0.196187161 -0.574260472 0.569930684 -0.409187336 0.421864491
1703614889.869520664 -68.049370087 -6.771575204 -0.196834926 -0.574712272 0.569479580 -0.409351326 0.421699306
1703614890.004305601 -67.928215968 -6.768529491 -0.197424483 -0.574700396 0.568628226 -0.409975718 0.422257394
1703614890.069201708 -67.869276997 -6.766402100 -0.198432760 -0.574660968 0.568770649 -0.409761615 0.422327053
1703614890.203985691 -67.746556698 -6.758439822 -0.198728085 -0.575877559 0.567880129 -0.408930961 0.422673236
1703614890.268881798 -67.689923886 -6.753925618 -0.197547448 -0.576660675 0.566378048 -0.409330631 0.423233751
1703614890.408657312 -67.564640239 -6.750207065 -0.198813011 -0.577296193 0.565828463 -0.408501424 0.423903106
1703614890.478545189 -67.502956897 -6.747664872 -0.199589273 -0.577249356 0.565467664 -0.408906814 0.424057448
1703614890.603345633 -67.392166838 -6.740906028 -0.200332244 -0.577749821 0.565152123 -0.408243143 0.424435811
1703614890.668241978 -67.336645147 -6.736625669 -0.199449978 -0.578273957 0.564518448 -0.407689327 0.425097124
1703614890.803025961 -67.220875132 -6.730977053 -0.200416623 -0.579138890 0.563428477 -0.405877342 0.427094932
1703614890.867922306 -67.164638232 -6.728940291 -0.200546406 -0.579351237 0.563541871 -0.405359118 0.427149492
1703614891.002707481 -67.050000478 -6.718820817 -0.200348200 -0.579457382 0.562359042 -0.406232134 0.427734619
1703614891.067604542 -66.993780995 -6.711216514 -0.201351355 -0.580202773 0.561782885 -0.405971034 0.427729181
1703614891.202389956 -66.876416332 -6.696922115 -0.204597500 -0.582309560 0.560257870 -0.404723328 0.428048739
1703614891.267286539 -66.822370304 -6.693171301 -0.204729232 -0.582602603 0.559630402 -0.404141494 0.429019432
1703614891.412056446 -66.700777927 -6.689710893 -0.204337747 -0.582969838 0.559250036 -0.403208138 0.429893897
1703614891.601754427 -66.544503254 -6.684364101 -0.205718519 -0.582549556 0.559492279 -0.402919567 0.430418665
1703614891.671643019 -66.486271022 -6.679648637 -0.203107012 -0.582587500 0.559164249 -0.402892441 0.430818789
1703614891.801436901 -66.384267906 -6.669620878 -0.198789505 -0.582869211 0.557427492 -0.402714145 0.432850310
1703614891.871326447 -66.325766287 -6.665432009 -0.200164958 -0.583560091 0.556700088 -0.403184988 0.432417041
1703614892.011107445 -66.201825271 -6.668490569 -0.209618016 -0.583740191 0.558823409 -0.403780753 0.428864653
1703614892.200809240 -66.042080582 -6.666866078 -0.208551890 -0.583133918 0.558834119 -0.402513955 0.430861668
1703614892.270699501 -65.984908364 -6.664737205 -0.205417480 -0.583178309 0.558043728 -0.403023438 0.431349470
1703614892.400496006 -65.875668722 -6.667195822 -0.207394172 -0.582090399 0.559182736 -0.404109765 0.430326310
1703614892.470386267 -65.816975859 -6.665713129 -0.208171204 -0.581790722 0.559607132 -0.404323057 0.429979394
1703614892.605175734 -65.704830898 -6.657464911 -0.204248121 -0.582510209 0.558459841 -0.403105369 0.431637029
1703614892.675066233 -65.648131247 -6.651916291 -0.206214478 -0.583563238 0.557803286 -0.402050685 0.432047092
1703614892.804862976 -65.539450883 -6.642578997 -0.208829515 -0.584518080 0.556910615 -0.401627437 0.432301495
1703614892.869760036 -65.485183073 -6.638820492 -0.208005247 -0.584603897 0.556684382 -0.402572724 0.431597016
1703614893.004544735 -65.366993674 -6.629518767 -0.212804706 -0.585120190 0.556890935 -0.402315908 0.430869771
1703614893.069441080 -65.311398880 -6.624050774 -0.211278380 -0.585765584 0.556258093 -0.401946794 0.431154717
1703614893.209217548 -65.196491679 -6.621630649 -0.202604968 -0.584338661 0.555446255 -0.401359057 0.434670788
1703614893.279105663 -65.138897245 -6.625900712 -0.203058420 -0.583739134 0.556156975 -0.401077650 0.434827278
1703614893.408898592 -65.027894819 -6.636148812 -0.205086592 -0.581947284 0.558338240 -0.403278931 0.432390878
1703614893.478786945 -64.966030780 -6.639991554 -0.210502930 -0.581480289 0.559793873 -0.404083777 0.430380987
1703614893.603588104 -64.856125890 -6.638232037 -0.210820446 -0.580949822 0.560714773 -0.404003615 0.429973635
1703614893.668484688 -64.800786179 -6.633407701 -0.208565846 -0.581316090 0.559776250 -0.403992441 0.430711343
1703614893.803269625 -64.679748324 -6.621602035 -0.213684062 -0.583937824 0.558225161 -0.402033338 0.431011000
1703614893.868161440 -64.621525066 -6.617568368 -0.211721091 -0.583887803 0.557530401 -0.402647775 0.431404283
1703614894.002930641 -64.496277773 -6.605980625 -0.213585375 -0.584090432 0.557088285 -0.403926659 0.430504662
1703614894.067819595 -64.438070096 -6.599693219 -0.211334945 -0.584109014 0.556409559 -0.403969116 0.431316607
1703614894.207580090 -64.307600673 -6.596967617 -0.214185332 -0.585216468 0.556685913 -0.401130226 0.432107651
1703614894.277459621 -64.245681517 -6.605695019 -0.212537160 -0.584459029 0.556866113 -0.401962064 0.432127614
1703614894.412227631 -64.120722116 -6.626788637 -0.216297570 -0.581409184 0.560838810 -0.404061146 0.429136086
1703614894.601901054 -63.947638151 -6.657920567 -0.213692234 -0.574895361 0.566278975 -0.408157265 0.426885341
1703614894.661797047 -63.888687212 -6.667199107 -0.219243345 -0.574489200 0.568397952 -0.408419269 0.424357900
1703614894.801555872 -63.750110717 -6.695744645 -0.223761242 -0.570835435 0.572151431 -0.413112134 0.419676078
1703614894.851473093 -63.699053597 -6.702289045 -0.222764849 -0.569219340 0.573746032 -0.413863477 0.418953286
1703614895.001235247 -63.544328762 -6.715024826 -0.232163465 -0.569420304 0.576578969 -0.412500644 0.416125495
1703614895.071124554 -63.474099886 -6.716873496 -0.234548774 -0.570097648 0.576417334 -0.411789579 0.416126267
1703614895.200919151 -63.338658254 -6.722401144 -0.240279246 -0.570614081 0.576127046 -0.412518031 0.415097666
1703614895.250840425 -63.284797213 -6.725189452 -0.239615330 -0.570057774 0.577173721 -0.412225185 0.414698718
1703614895.400603056 -63.125953370 -6.731907896 -0.243818757 -0.568692760 0.578889815 -0.412644028 0.413763258
1703614895.450524092 -63.072030096 -6.730217079 -0.244648198 -0.569738125 0.578220428 -0.414117404 0.411784388
1703614895.610271454 -62.900466082 -6.719770185 -0.242097168 -0.570515971 0.576803012 -0.414948224 0.411858936
1703614895.804963827 -62.700640599 -6.691544985 -0.237254142 -0.574625692 0.571473130 -0.413202583 0.415316025
1703614895.854884148 -62.647229166 -6.687256355 -0.240195791 -0.575991550 0.571144516 -0.411577203 0.415489930
1703614896.004647017 -62.494180568 -6.683327591 -0.236733000 -0.576002785 0.570411742 -0.409347306 0.418671732
1703614896.069542885 -62.427861434 -6.683312921 -0.236042376 -0.575435862 0.570982592 -0.408419856 0.419577966
1703614896.204329967 -62.292328232 -6.681445267 -0.232788695 -0.575681824 0.570889190 -0.407873679 0.419898835
1703614896.254250288 -62.242267314 -6.682381985 -0.227199736 -0.574820777 0.570322454 -0.408278794 0.421452013
1703614896.404013395 -62.089565997 -6.672990932 -0.229234960 -0.575779245 0.569063702 -0.408349212 0.421776819
1703614896.468910694 -62.025419311 -6.663086626 -0.223825585 -0.576519467 0.567151277 -0.409246250 0.422471586
1703614896.603696823 -61.888116110 -6.631545208 -0.223547925 -0.580814925 0.563291978 -0.405996740 0.424879769
1703614896.653617859 -61.839425821 -6.623417331 -0.220416230 -0.582061447 0.560917253 -0.406070275 0.426243169
1703614896.803380728 -61.687297903 -6.627728259 -0.222103008 -0.580936625 0.561235709 -0.407067340 0.426407430
1703614896.853299379 -61.633812341 -6.632745133 -0.222086095 -0.579744786 0.563157438 -0.407286784 0.425284797
1703614897.003060341 -61.482193430 -6.641939250 -0.220429025 -0.576439553 0.564668399 -0.408963597 0.426164072
1703614897.067956448 -61.410464383 -6.633711971 -0.224343623 -0.578584236 0.564091870 -0.407190821 0.425718545
1703614897.212725163 -61.259500034 -6.613208124 -0.219232590 -0.580283982 0.560911896 -0.407949552 0.426878798
1703614897.407412767 -61.053874796 -6.595639988 -0.219636887 -0.581492062 0.560430679 -0.408876693 0.424975630
1703614897.462324619 -60.995525527 -6.591682074 -0.225268934 -0.582161414 0.560435874 -0.408221450 0.424682195
1703614897.612085819 -60.837075610 -6.585533021 -0.221451022 -0.583145808 0.559023120 -0.406990661 0.426371575
1703614897.801781893 -60.640669003 -6.580220740 -0.222012114 -0.583396446 0.558756377 -0.405566376 0.427733342
1703614897.866679192 -60.574268063 -6.578325793 -0.221364904 -0.583720535 0.559402915 -0.405350750 0.426649137
1703614898.001464367 -60.438307637 -6.573100777 -0.219057898 -0.583002316 0.559511268 -0.405611325 0.427241025
1703614898.056376934 -60.383815212 -6.571119116 -0.216687328 -0.583164295 0.559097812 -0.406322565 0.426885249
1703614898.201146603 -60.239838070 -6.563141008 -0.218580835 -0.583662710 0.559110110 -0.406427617 0.426087219
1703614898.251067400 -60.189443368 -6.554259824 -0.219442944 -0.585223594 0.558121816 -0.405412452 0.426209018
1703614898.400828838 -60.047730630 -6.529378726 -0.212303744 -0.587376996 0.553307256 -0.406341326 0.428632794
1703614898.450749874 -59.995845712 -6.526687741 -0.216795186 -0.587723996 0.554182985 -0.404283556 0.428971478
1703614898.605502844 -59.840977461 -6.534806381 -0.216014865 -0.585525519 0.557159154 -0.404716342 0.427712785
1703614898.660415411 -59.788750282 -6.541952385 -0.215755061 -0.583283342 0.558490996 -0.405425584 0.428367186
1703614898.800193071 -59.647062775 -6.541180927 -0.218391902 -0.583139274 0.559918545 -0.404906820 0.427188807
1703614898.850113392 -59.599959325 -6.537835973 -0.214252750 -0.583396324 0.558823355 -0.404813706 0.428358553
1703614899.004864216 -59.450306527 -6.507072682 -0.213219107 -0.586638968 0.555114179 -0.403768709 0.429736895
1703614899.054784536 -59.405168541 -6.503060444 -0.207576256 -0.586769201 0.554006214 -0.404240419 0.430544658
1703614899.209536314 -59.259478444 -6.486001882 -0.206251057 -0.587737891 0.551862106 -0.403589860 0.432582493
1703614899.264448166 -59.206431774 -6.483367627 -0.205338816 -0.588214785 0.551743772 -0.403047998 0.432590439
1703614899.404223442 -59.076313024 -6.479266819 -0.205176118 -0.587424579 0.552302115 -0.404109923 0.431960540
1703614899.454143524 -59.030067545 -6.474619995 -0.204746749 -0.587423654 0.552162398 -0.403621650 0.432596465
1703614899.603902817 -58.890432036 -6.455319003 -0.202591554 -0.589549310 0.550478364 -0.401099511 0.434193924
1703614899.668798923 -58.833683461 -6.452788822 -0.199021872 -0.589010551 0.549989504 -0.402056437 0.434659336
1703614899.803582430 -58.707900730 -6.449895624 -0.203774134 -0.588966199 0.551569204 -0.401822822 0.432930306
1703614899.853502750 -58.664731192 -6.448408782 -0.200476339 -0.589000525 0.551503182 -0.402568566 0.432274418
1703614900.003262758 -58.533252654 -6.431577583 -0.202096335 -0.589207182 0.550096872 -0.401880759 0.434419364
1703614900.053182840 -58.487905082 -6.425222539 -0.202421770 -0.590430103 0.549638868 -0.400935542 0.434212044
1703614900.202942848 -58.359503929 -6.422128328 -0.196251240 -0.588796402 0.549683880 -0.402249998 0.435156717
1703614900.252863169 -58.314809871 -6.424115208 -0.195902768 -0.587559666 0.550434386 -0.401981304 0.436126881
1703614900.402623177 -58.179549802 -6.437037077 -0.194032270 -0.585547539 0.552363526 -0.401271304 0.437046857
1703614900.467519522 -58.124483376 -6.440990692 -0.193793782 -0.584487421 0.553182706 -0.401622410 0.437107295
1703614900.607295275 -58.003792542 -6.440353323 -0.190332167 -0.582994414 0.554881605 -0.401864036 0.436725559
1703614900.677183151 -57.945231349 -6.436315289 -0.186819738 -0.582494193 0.554723358 -0.402515547 0.436993988
1703614900.801984072 -57.842276696 -6.426902606 -0.185726114 -0.583472668 0.553858024 -0.403028080 0.436313307
1703614900.851904631 -57.802707057 -6.426365322 -0.182294405 -0.583058666 0.553301705 -0.403922155 0.436745588
1703614901.001664639 -57.675526214 -6.424605807 -0.192071637 -0.584101707 0.555366719 -0.401128179 0.435303558
1703614901.071552515 -57.619845869 -6.423733521 -0.189358344 -0.584324916 0.555011992 -0.402297678 0.434376172
1703614901.201344967 -57.509558712 -6.427602673 -0.193738713 -0.582631542 0.556831631 -0.403138593 0.433541573
1703614901.271232843 -57.451224220 -6.426491716 -0.193375584 -0.582125964 0.557451611 -0.403642255 0.432954955
1703614901.401025534 -57.339414096 -6.423726994 -0.191803987 -0.582092405 0.557648519 -0.404430574 0.432009806
1703614901.450945139 -57.299506204 -6.421221540 -0.189229135 -0.581891845 0.557108756 -0.403799768 0.433563677
1703614901.610689402 -57.168698134 -6.426712974 -0.191256818 -0.582299118 0.558413152 -0.402179827 0.432843939
1703614901.800386667 -57.014572726 -6.465409934 -0.196175656 -0.575835580 0.565107687 -0.407739847 0.427568596
1703614901.870274544 -56.957481810 -6.475160143 -0.196548213 -0.574463238 0.566914815 -0.409186829 0.425635665
1703614902.000067234 -56.850251320 -6.484353591 -0.195207826 -0.573040565 0.568044941 -0.409891602 0.425368464
1703614902.054979324 -56.806147220 -6.486894649 -0.194082612 -0.572707874 0.567756171 -0.409268020 0.426800082
1703614902.204739332 -56.675770292 -6.507845750 -0.200029046 -0.571942820 0.569726699 -0.407804167 0.426601291
1703614902.254659414 -56.637164553 -6.517410751 -0.198832668 -0.570443902 0.571058601 -0.409597441 0.425106769
1703614902.404419661 -56.512243862 -6.541457130 -0.200390076 -0.565465174 0.576566489 -0.411412047 0.422564017
1703614902.469316006 -56.457355061 -6.545665038 -0.203140985 -0.565676223 0.576919314 -0.412062793 0.421163591
1703614902.604099989 -56.339873908 -6.554905370 -0.211130027 -0.567442022 0.578051473 -0.411148808 0.418118050
1703614902.668996334 -56.286346950 -6.560804239 -0.210790029 -0.566877169 0.578205652 -0.411309116 0.418513215
1703614902.803781509 -56.171380757 -6.574705854 -0.210656105 -0.565782804 0.580661645 -0.410830134 0.417061715
1703614902.868676662 -56.120323462 -6.581524098 -0.207939228 -0.563918614 0.581468054 -0.411917091 0.417390716
1703614903.003460884 -56.002459997 -6.592412281 -0.213992770 -0.562476456 0.582979841 -0.413629633 0.415530105
1703614903.053381443 -55.957428807 -6.592718425 -0.216150340 -0.563688185 0.582763382 -0.414628846 0.413189292
1703614903.203142405 -55.820419401 -6.582390618 -0.213918210 -0.565190051 0.580570225 -0.414679452 0.414173119
1703614903.268038511 -55.761518088 -6.574131856 -0.211852848 -0.566730574 0.578529881 -0.413752082 0.415847143
1703614903.402822733 -55.638610448 -6.569784586 -0.210603266 -0.568990749 0.576855540 -0.411400894 0.417416481
1703614903.452742815 -55.596899091 -6.575745687 -0.208738303 -0.568313557 0.577922897 -0.409955881 0.418283399
1703614903.602503061 -55.466632186 -6.599352888 -0.208744229 -0.565211987 0.580167331 -0.411199833 0.418157835
1703614903.652423620 -55.424820129 -6.601852802 -0.205507901 -0.564455674 0.580939079 -0.410996666 0.418307685
1703614903.802183628 -55.291065628 -6.580954875 -0.205237028 -0.567613694 0.577770194 -0.410268870 0.419136914
1703614903.852103710 -55.247417196 -6.572944298 -0.205189721 -0.569142364 0.576372209 -0.409327201 0.419908668
1703614904.006846189 -55.112194134 -6.544518312 -0.202844830 -0.573645156 0.572066457 -0.405097877 0.423753364
1703614904.076730728 -55.048408470 -6.534805460 -0.205326002 -0.575466336 0.570749490 -0.404707134 0.423433172
1703614904.206515074 -54.933721239 -6.529116935 -0.202596320 -0.575394732 0.570044771 -0.404625688 0.424556138
1703614904.276398659 -54.870546083 -6.526462002 -0.201715677 -0.575169854 0.569920969 -0.404172261 0.425458003
1703614904.401190519 -54.756369476 -6.521708702 -0.203498704 -0.576635303 0.568597217 -0.404217133 0.425202824
1703614904.471074820 -54.693844111 -6.522896804 -0.201710533 -0.576079415 0.568430567 -0.404888701 0.425540055
1703614904.600857496 -54.574557794 -6.523475576 -0.199827400 -0.575042684 0.569224841 -0.404504582 0.426245275
1703614904.670741796 -54.513011979 -6.521318101 -0.197548399 -0.575183468 0.568971510 -0.403982942 0.426887786
1703614904.800525188 -54.394877586 -6.521021331 -0.196626834 -0.575166279 0.568123759 -0.404146664 0.427883886
1703614904.870409489 -54.330958720 -6.520929394 -0.197766059 -0.574911079 0.567968774 -0.404615403 0.427989602
1703614905.000198603 -54.204715845 -6.513738619 -0.201541904 -0.576426375 0.567598536 -0.406174129 0.424955426
1703614905.070086002 -54.139606187 -6.503250975 -0.199565910 -0.577016980 0.566424289 -0.406160398 0.425733087
1703614905.204867363 -54.007717351 -6.475039115 -0.202142409 -0.581356640 0.562656666 -0.404561305 0.426347374
1703614905.254786968 -53.961772731 -6.471530790 -0.200117672 -0.581954502 0.561594210 -0.404531035 0.426960821
1703614905.404543638 -53.819155624 -6.480753032 -0.198452444 -0.580786697 0.562369915 -0.404265340 0.427780816
1703614905.469438791 -53.758253860 -6.485279932 -0.198948628 -0.579595822 0.563295646 -0.405325329 0.427174527
1703614905.614203930 -53.616761308 -6.481703233 -0.201583319 -0.579387612 0.564995721 -0.404675681 0.425825578
1703614905.803895950 -53.434152872 -6.468532483 -0.203523793 -0.581497610 0.562673895 -0.403925753 0.426734816
1703614905.868791342 -53.372652471 -6.467385059 -0.203382600 -0.581828931 0.562358860 -0.404261045 0.426380834
1703614906.003576040 -53.243715988 -6.461616360 -0.203493670 -0.582922862 0.561697394 -0.403755234 0.426237827
1703614906.053496361 -53.198753412 -6.459129120 -0.202013255 -0.583080498 0.561294837 -0.403076159 0.427194158
1703614906.203257084 -53.056033491 -6.454307869 -0.203359452 -0.582802736 0.560814831 -0.402890287 0.428377302
1703614906.268153906 -52.994561300 -6.448311896 -0.202466374 -0.583367913 0.560334738 -0.403216240 0.427929343
1703614906.412922859 -52.856496715 -6.433077675 -0.200647528 -0.584882464 0.558844672 -0.402033391 0.428922241
1703614906.607612610 -52.670035127 -6.418426195 -0.201241819 -0.586275754 0.557540470 -0.400345816 0.430293613
1703614906.677500963 -52.603129504 -6.414650477 -0.199373383 -0.585559316 0.557008073 -0.402272902 0.430161373
1703614906.802302599 -52.480855513 -6.407463893 -0.201535874 -0.585373608 0.558284658 -0.404058771 0.427074337
1703614906.852222204 -52.434305651 -6.403235714 -0.201262881 -0.584911347 0.557910782 -0.404548998 0.427731672
1703614907.001982689 -52.288340156 -6.397043216 -0.200606550 -0.585892416 0.557018198 -0.403323499 0.428708479
1703614907.051901817 -52.242346907 -6.395476810 -0.196892880 -0.585367381 0.556129832 -0.403560448 0.430352883
1703614907.201662302 -52.100548931 -6.404588254 -0.198108057 -0.584052776 0.557293929 -0.406527362 0.427833302
1703614907.251581669 -52.049680800 -6.407936831 -0.200736046 -0.583602630 0.558902973 -0.408058639 0.424880670
1703614907.401342392 -51.905643701 -6.414548672 -0.200165971 -0.581322505 0.561466747 -0.408423030 0.424275696
1703614907.451262474 -51.856983073 -6.411456750 -0.199099824 -0.581991175 0.560769219 -0.408330144 0.424370885
1703614907.601022243 -51.709122497 -6.406914623 -0.200623400 -0.583093796 0.559574510 -0.408657327 0.424119302
1703614907.670909882 -51.640166518 -6.408641468 -0.202306832 -0.582762301 0.560309096 -0.408858306 0.423410796
1703614907.800702095 -51.511053141 -6.417286048 -0.200842572 -0.580455717 0.562342367 -0.409920774 0.422855983
1703614907.870590448 -51.441456611 -6.421967857 -0.201764147 -0.579523795 0.563640264 -0.410223714 0.422111749
1703614908.000385523 -51.313746475 -6.426236028 -0.196795776 -0.578309544 0.564169879 -0.410996160 0.422318097
1703614908.070274830 -51.245490742 -6.425102458 -0.199173762 -0.578608831 0.564220046 -0.410966538 0.421869725
1703614908.205063105 -51.110499161 -6.415535434 -0.201606765 -0.580232659 0.563469252 -0.410910546 0.420695836
1703614908.259976149 -51.056339135 -6.414230004 -0.199780504 -0.579653350 0.563214271 -0.411170190 0.421581254
1703614908.404747963 -50.913010587 -6.416334964 -0.201906123 -0.579317810 0.564092608 -0.410217284 0.421796378
1703614908.454669476 -50.864119482 -6.419509394 -0.200207892 -0.578761995 0.564990164 -0.409087060 0.422455259
1703614908.604433298 -50.729106577 -6.429617154 -0.190830378 -0.576528752 0.564151046 -0.409051392 0.426644061
1703614908.654355049 -50.681055597 -6.436634516 -0.191988862 -0.575164499 0.564919749 -0.409887793 0.426665529
1703614908.804119110 -50.532170855 -6.447845886 -0.206964627 -0.575433025 0.569238623 -0.407077308 0.423240225
1703614908.869016647 -50.474913887 -6.447169902 -0.202097542 -0.574679016 0.568288794 -0.408556105 0.424115296
1703614909.003800154 -50.346502712 -6.430000611 -0.206388591 -0.576764997 0.567002812 -0.407620379 0.423905151
1703614909.068696022 -50.287183539 -6.419872100 -0.203542799 -0.578164114 0.565209299 -0.408037405 0.423993139
1703614909.208472252 -50.160462815 -6.408323297 -0.195459355 -0.579148514 0.562978213 -0.406784824 0.426812180
1703614909.263383865 -50.111044566 -6.405571567 -0.192300053 -0.579284007 0.561576819 -0.408023194 0.427292159
1703614909.403159142 -49.980812245 -6.409435950 -0.200878200 -0.579173056 0.563666074 -0.407919474 0.424783276
1703614909.468055248 -49.921564028 -6.408611265 -0.199198647 -0.578972560 0.564205332 -0.408151101 0.424117669
1703614909.602839947 -49.799153295 -6.394488050 -0.198984969 -0.580237742 0.562020712 -0.407684878 0.425734568
1703614909.652760029 -49.753359070 -6.386538347 -0.198436366 -0.581766830 0.560614419 -0.406974455 0.426181442
1703614909.812503576 -49.607655591 -6.369727261 -0.197152324 -0.584415183 0.558172043 -0.404996601 0.427645434
1703614910.002192497 -49.437859938 -6.373295862 -0.200357712 -0.582676334 0.560199310 -0.405116328 0.427253770
1703614910.067085505 -49.379533681 -6.369631620 -0.201829406 -0.583179860 0.559983180 -0.404763977 0.427184049
1703614910.206855297 -49.256328476 -6.362835080 -0.197528998 -0.583705165 0.559012956 -0.403578800 0.428855393
1703614910.276739597 -49.195899698 -6.361524542 -0.195445485 -0.583204946 0.558644352 -0.403253291 0.430319954
1703614910.401533365 -49.088472902 -6.358015199 -0.200855081 -0.584573134 0.559316411 -0.400285857 0.430361052
1703614910.471417427 -49.029427910 -6.357432393 -0.200017788 -0.584616008 0.559138528 -0.400238914 0.430577568
1703614910.601202726 -48.919774861 -6.362311376 -0.202695744 -0.582641916 0.560864484 -0.402873402 0.428546904
1703614910.671086311 -48.857870596 -6.357830353 -0.201281919 -0.582130431 0.561311929 -0.403717619 0.427861151
1703614910.800871134 -48.748874595 -6.343587292 -0.200861586 -0.583525092 0.559918604 -0.402978186 0.428483612
1703614910.870757341 -48.690491569 -6.335900695 -0.199515553 -0.584526721 0.558420240 -0.401409017 0.430541694
1703614911.000552654 -48.581541378 -6.331672487 -0.198798293 -0.585879644 0.556597957 -0.400537037 0.431872479
1703614911.070442438 -48.522914224 -6.335969273 -0.199476590 -0.585068656 0.557747369 -0.400225959 0.431777399
1703614911.200238228 -48.413386170 -6.345944501 -0.200491968 -0.582805190 0.560297748 -0.400915529 0.430895908
1703614911.270128012 -48.354543404 -6.349807233 -0.198790266 -0.581434339 0.561377580 -0.402226240 0.430120186
1703614911.404916525 -48.244318772 -6.350544626 -0.199876763 -0.580818752 0.562147121 -0.402922542 0.429294324
1703614911.454838276 -48.203786580 -6.345279288 -0.198602632 -0.581497350 0.561576010 -0.402958777 0.429089084
1703614911.604602575 -48.084607125 -6.319929824 -0.194608753 -0.584387047 0.557517736 -0.402557487 0.430828531
1703614911.654524326 -48.045879925 -6.314579962 -0.192166137 -0.584570671 0.556596958 -0.401951180 0.432333443
1703614911.804288864 -47.929672635 -6.318349751 -0.188034425 -0.583720011 0.556942625 -0.401879948 0.433103184
1703614911.854210615 -47.890706944 -6.321509693 -0.188193350 -0.582513634 0.557907050 -0.402880872 0.432555883
1703614912.003970146 -47.769592373 -6.334625228 -0.195068612 -0.580654766 0.560937610 -0.405244411 0.428912588
1703614912.053891420 -47.729442512 -6.330945926 -0.195227454 -0.581221963 0.561000011 -0.405445396 0.427871533
1703614912.203651190 -47.615985019 -6.311834961 -0.187612126 -0.583049383 0.557348068 -0.405329424 0.430261090
1703614912.253571272 -47.577369051 -6.304601081 -0.187017694 -0.583983842 0.556122555 -0.404484925 0.431372834
1703614912.403331280 -47.456464406 -6.294445660 -0.197464734 -0.586146587 0.556288125 -0.401724113 0.430805569
1703614912.453251362 -47.418320924 -6.294652541 -0.196940645 -0.585799556 0.556770761 -0.402244134 0.430168404
1703614912.603012562 -47.303275715 -6.299994109 -0.191642267 -0.583178689 0.558074443 -0.403559806 0.430807399
1703614912.667908669 -47.254224342 -6.297409746 -0.190666145 -0.582896801 0.557962907 -0.402682232 0.432152442
1703614912.802692652 -47.148536020 -6.290259274 -0.189140069 -0.583976647 0.557108531 -0.401681482 0.432727799
1703614912.867588758 -47.101796975 -6.287527482 -0.184942286 -0.583219984 0.556458947 -0.402294170 0.434013008
1703614913.002379894 -46.994330082 -6.280973108 -0.187353061 -0.583989959 0.556264021 -0.401277679 0.434168505
1703614913.052302837 -46.956671897 -6.277616852 -0.185840009 -0.584490492 0.555892990 -0.401417889 0.433840440
1703614913.202071428 -46.840925217 -6.278884962 -0.183182912 -0.582748776 0.556358453 -0.402251538 0.434813565
1703614913.251994610 -46.801699901 -6.275892120 -0.184206885 -0.583144843 0.556965536 -0.401525778 0.434175695
1703614913.401762724 -46.681584006 -6.280284944 -0.184843831 -0.582661858 0.557612886 -0.401615190 0.433910437
1703614913.451685905 -46.643258091 -6.279813958 -0.185012101 -0.582385764 0.557874744 -0.401956860 0.433628037
1703614913.601454258 -46.523897096 -6.276184664 -0.182113129 -0.581951450 0.557927592 -0.403644679 0.432574024
1703614913.651377439 -46.484729250 -6.273386173 -0.183181088 -0.582083947 0.558519137 -0.403638667 0.431636975
1703614913.801147461 -46.364922329 -6.262764046 -0.181463205 -0.582905647 0.557991890 -0.402818685 0.431975884
1703614913.871039152 -46.314969823 -6.258111707 -0.177131346 -0.583024974 0.555948798 -0.401649193 0.435523524
1703614914.000831366 -46.212922572 -6.261685690 -0.178201199 -0.584341938 0.555804683 -0.397837318 0.437436991
1703614914.050751448 -46.179848134 -6.267533686 -0.172937956 -0.582133095 0.556597408 -0.399387732 0.437960986
1703614914.200510979 -46.061775437 -6.297327781 -0.178519616 -0.576385151 0.562868520 -0.406091003 0.431334308
1703614914.250431061 -46.023295157 -6.301022992 -0.180007468 -0.574762589 0.565002932 -0.406754735 0.430081666
1703614914.400191784 -45.904894790 -6.279678151 -0.179000221 -0.578268709 0.562853831 -0.404821055 0.430024161
1703614914.470079660 -45.861088124 -6.262367713 -0.169792438 -0.580110052 0.558090868 -0.402999744 0.435428659
1703614914.604864597 -45.773372722 -6.254478444 -0.164824691 -0.580606198 0.554915131 -0.398623182 0.442792501
1703614914.654784918 -45.742026608 -6.261333839 -0.164480992 -0.579237734 0.556240245 -0.398928551 0.442647093
1703614914.804544687 -45.632894090 -6.296343835 -0.166951516 -0.573112304 0.563634756 -0.402818256 0.437716348
1703614914.854464769 -45.595969075 -6.297073144 -0.170000390 -0.572933774 0.564389327 -0.404525887 0.435396814
1703614915.004223347 -45.473189645 -6.276084237 -0.175382943 -0.576593452 0.563125136 -0.403431401 0.433212624
1703614915.069118977 -45.424107658 -6.263035210 -0.172239927 -0.578052794 0.561044539 -0.401883340 0.435400704
1703614915.203902483 -45.321920208 -6.248142129 -0.161186912 -0.579159656 0.557778068 -0.402038321 0.437975922
1703614915.253821373 -45.284820710 -6.248349735 -0.160610363 -0.578760152 0.558239561 -0.401833610 0.438103903
1703614915.403580904 -45.160767350 -6.252730020 -0.167440267 -0.578297108 0.560244593 -0.401766247 0.436213634
1703614915.468476295 -45.108660584 -6.251128854 -0.169214060 -0.578536713 0.560704892 -0.401515441 0.435534897
1703614915.603258848 -44.986119002 -6.242960274 -0.170672515 -0.579643636 0.560619687 -0.399935866 0.435626130
1703614915.653178692 -44.946108223 -6.243590324 -0.167574762 -0.578669711 0.560570216 -0.400172600 0.436765713
1703614915.802937984 -44.813549668 -6.254679840 -0.166808463 -0.576474730 0.563175520 -0.400581643 0.435941013
1703614915.852856636 -44.769224680 -6.257717825 -0.170294411 -0.576820233 0.564504884 -0.400987586 0.433383906
1703614916.002610922 -44.635971967 -6.261479438 -0.167851968 -0.574702319 0.566586683 -0.403107409 0.431510362
1703614916.067503691 -44.579121383 -6.252294829 -0.169395566 -0.575909254 0.565780016 -0.401248749 0.432690359
1703614916.202280760 -44.456121250 -6.237067529 -0.167724459 -0.579234469 0.562968463 -0.398908507 0.434080572
1703614916.257189751 -44.409710662 -6.234032735 -0.166224346 -0.579505646 0.561814395 -0.399377342 0.434782165
1703614916.401951075 -44.273301751 -6.234780734 -0.170084713 -0.578259364 0.564645690 -0.399593775 0.432569264
1703614916.451867819 -44.230137846 -6.233476423 -0.168851198 -0.577367130 0.565266151 -0.399345861 0.433179247
1703614916.601620436 -44.090709819 -6.209681663 -0.175811927 -0.583348992 0.563902271 -0.391428822 0.434167777
1703614916.651537895 -44.048736794 -6.205536218 -0.174909917 -0.584991488 0.562182528 -0.390279228 0.435221653
1703614916.801289320 -43.918605268 -6.223326791 -0.168332989 -0.579441645 0.562289861 -0.398428257 0.435123449
1703614916.851206779 -43.874643495 -6.235333475 -0.166966138 -0.574794368 0.565834589 -0.400478642 0.434809740
1703614917.000967026 -43.723023153 -6.236518770 -0.169630801 -0.574288983 0.569267006 -0.401441066 0.430084073
1703614917.050886631 -43.678211634 -6.232660911 -0.166623059 -0.575500616 0.567716342 -0.401366284 0.430583676
1703614917.200648546 -43.536749144 -6.226301619 -0.168353017 -0.577994186 0.564853391 -0.399309775 0.432914624
1703614917.250568867 -43.490063408 -6.226782657 -0.168696378 -0.578721096 0.564903574 -0.399917046 0.431314504
1703614917.400329590 -43.345609209 -6.244816066 -0.163487338 -0.573901690 0.567350076 -0.403528700 0.431179000
1703614917.450250149 -43.297368816 -6.247469687 -0.165694208 -0.573543625 0.568865645 -0.402353226 0.430756857
1703614917.600012302 -43.152364115 -6.245901566 -0.161793527 -0.574387560 0.568492911 -0.402152110 0.430312004
1703614917.654924393 -43.098953821 -6.247131510 -0.163447478 -0.574126940 0.568752602 -0.401664967 0.430771387
1703614917.804685354 -42.948198962 -6.247136922 -0.166124452 -0.574547091 0.569976771 -0.401352041 0.428880706
1703614917.864590406 -42.892478155 -6.247963867 -0.162975560 -0.572844783 0.569485959 -0.402388668 0.430834025
1703614918.004366875 -42.749062487 -6.238676693 -0.164352832 -0.574792542 0.569327982 -0.400181930 0.430503898
1703614918.054287434 -42.701501922 -6.233419356 -0.161209073 -0.575304627 0.568044801 -0.400310446 0.431394526
1703614918.204047441 -42.557991958 -6.230815588 -0.156212709 -0.574508046 0.567623993 -0.400437625 0.432889381
1703614918.268943548 -42.494090352 -6.231678456 -0.155611710 -0.574330280 0.567935777 -0.400845412 0.432338569
1703614918.403728724 -42.366160760 -6.239874435 -0.150240924 -0.572233401 0.568973263 -0.404200395 0.430627916
1703614918.453648090 -42.315929775 -6.240456897 -0.154106911 -0.571447623 0.569921653 -0.402670351 0.431848946
1703614918.603409290 -42.160923669 -6.213710215 -0.160760950 -0.577455414 0.566917409 -0.397399024 0.432693785
1703614918.668305397 -42.096291326 -6.212243263 -0.157987372 -0.577615533 0.565699923 -0.397510511 0.433969223
1703614918.803090572 -41.963081520 -6.226906500 -0.152167518 -0.575166623 0.568153530 -0.400757286 0.431020324
1703614918.867986202 -41.900626212 -6.231502354 -0.150850208 -0.573255917 0.569171299 -0.402847873 0.430273491
1703614919.002772331 -41.761563306 -6.224628664 -0.152134844 -0.574405242 0.569463689 -0.401693235 0.429432497
1703614919.067668915 -41.698152872 -6.219858647 -0.150450231 -0.575573956 0.567831671 -0.400927878 0.430741977
1703614919.202454329 -41.564940226 -6.213527944 -0.147849844 -0.577296924 0.566583541 -0.398675441 0.432168075
1703614919.267351151 -41.501471318 -6.214820582 -0.148381541 -0.577379046 0.566856130 -0.399293465 0.431129092
1703614919.402137756 -41.371936906 -6.223220398 -0.143292995 -0.574401261 0.568373980 -0.400755635 0.431751238
1703614919.467034340 -41.306789390 -6.225932842 -0.146507930 -0.574407017 0.569473845 -0.400857394 0.430197011
1703614919.601819992 -41.176714339 -6.227919820 -0.140251009 -0.573418840 0.569485108 -0.403308352 0.429208479
1703614919.666716814 -41.111276369 -6.222006286 -0.142256350 -0.574289259 0.568679966 -0.402970184 0.429429825
1703614919.801503420 -40.980717313 -6.208584591 -0.138238809 -0.576991425 0.566808910 -0.400168263 0.430898964
1703614919.861407757 -40.923355957 -6.208881438 -0.140149778 -0.576555932 0.566661055 -0.399442510 0.432347300
1703614920.001181841 -40.784297745 -6.214008629 -0.146564176 -0.577866612 0.568544288 -0.397874911 0.429561551
1703614920.051100969 -40.738352678 -6.217655903 -0.145687041 -0.576863910 0.569309907 -0.398836143 0.429003484
1703614920.200858593 -40.595850403 -6.210208791 -0.140893727 -0.575464307 0.568957226 -0.401349016 0.429007543
1703614920.250776529 -40.547549641 -6.204875496 -0.140423163 -0.575718106 0.568215006 -0.401316219 0.429680882
1703614920.400533915 -40.399431068 -6.196880904 -0.137460226 -0.577135314 0.566631595 -0.399617181 0.431450545
1703614920.450452805 -40.349783200 -6.195737854 -0.139359207 -0.578341692 0.566535371 -0.399178340 0.430366371
1703614920.600208759 -40.205734537 -6.209148665 -0.135761770 -0.575809307 0.568242579 -0.401067951 0.429754014
1703614920.650127649 -40.157380723 -6.213162420 -0.136533727 -0.574225253 0.569624703 -0.400765583 0.430325463
1703614920.804876089 -40.010843123 -6.214393227 -0.127436418 -0.573894398 0.569077831 -0.401027850 0.431245065
1703614920.869770288 -39.951348797 -6.213740442 -0.125942887 -0.573499342 0.568317658 -0.401344537 0.432476712
1703614921.004554272 -39.818321020 -6.201759901 -0.129357017 -0.575792381 0.567505763 -0.401839056 0.430029901
1703614921.069449902 -39.757385479 -6.197093565 -0.126992531 -0.576311118 0.566767474 -0.402442756 0.429744057
1703614921.204232931 -39.627606084 -6.195193947 -0.127316220 -0.576728999 0.566478605 -0.400366249 0.431500311
1703614921.254153013 -39.579706572 -6.196281242 -0.129576774 -0.577037354 0.566816804 -0.400039929 0.430946237
1703614921.403911829 -39.436772006 -6.211263394 -0.129066636 -0.574730652 0.569567874 -0.402431704 0.428165665
1703614921.453831673 -39.390376402 -6.214543570 -0.128673719 -0.573265753 0.570226490 -0.403830812 0.427935512
1703614921.603591442 -39.247345378 -6.213033093 -0.126234210 -0.573429999 0.570290986 -0.403116351 0.428302971
1703614921.668487072 -39.185526313 -6.211729116 -0.128408075 -0.573805809 0.569206101 -0.403881055 0.428522347
1703614921.803271055 -39.049852953 -6.212924660 -0.132469057 -0.574660983 0.570437972 -0.404535274 0.425107618
1703614921.853189945 -39.003693824 -6.210297107 -0.130021547 -0.574088754 0.570031819 -0.405471325 0.425533585
1703614922.002950430 -38.857483914 -6.203486839 -0.130031162 -0.575193412 0.568990149 -0.404732945 0.426138466
1703614922.052870512 -38.812112001 -6.203111128 -0.127653702 -0.575194993 0.568166417 -0.404856432 0.427116978
1703614922.202630043 -38.671004097 -6.211579115 -0.127221881 -0.573965094 0.569278565 -0.402663772 0.429357512
1703614922.267526150 -38.612335394 -6.214105239 -0.126097154 -0.573452549 0.569366933 -0.403514384 0.429126567
1703614922.402310848 -38.484943100 -6.222558977 -0.131233285 -0.572087602 0.571628433 -0.403757177 0.427711178
1703614922.467206955 -38.424034038 -6.221485103 -0.133298376 -0.572469423 0.571880917 -0.403020998 0.427557073
1703614922.601990700 -38.298790572 -6.210198441 -0.132067295 -0.574222128 0.569724787 -0.402061689 0.428986029
1703614922.651910782 -38.252383616 -6.204808325 -0.131844273 -0.574708346 0.568261123 -0.403382234 0.429036579
1703614922.801671743 -38.107820392 -6.193221914 -0.132813845 -0.575752301 0.567986362 -0.404522802 0.426921636
1703614922.871559381 -38.043058355 -6.189869945 -0.131257304 -0.574886213 0.567989009 -0.403974187 0.428601428
1703614923.001346827 -37.921934510 -6.181330321 -0.130710193 -0.576576126 0.566048954 -0.402290354 0.430477669
1703614923.051265240 -37.875165126 -6.180642712 -0.130437853 -0.576988219 0.565779960 -0.401443815 0.431069014
1703614923.201018810 -37.735782528 -6.187050467 -0.131802946 -0.575816509 0.566558709 -0.401657805 0.431413473
1703614923.250936985 -37.686712622 -6.187164979 -0.136973595 -0.575813654 0.567635299 -0.401648319 0.430008640
1703614923.400691748 -37.550058581 -6.177620793 -0.129498596 -0.575664278 0.566557162 -0.402140108 0.431169289
1703614923.450609922 -37.505251246 -6.171666183 -0.127250425 -0.575941483 0.564615863 -0.403135072 0.432414672
1703614923.600363016 -37.362198684 -6.155827414 -0.134044538 -0.578848461 0.562637700 -0.404256039 0.430058523
1703614923.650281191 -37.316992035 -6.152121995 -0.132323209 -0.578639947 0.563112186 -0.403328876 0.430588314
1703614923.800034523 -37.182934254 -6.133187079 -0.135353950 -0.581132864 0.560717730 -0.402073066 0.431529223
1703614923.854944706 -37.134681332 -6.130353536 -0.137317310 -0.581858282 0.559878956 -0.402658086 0.431095071
1703614924.004703760 -37.013219004 -6.126123072 -0.132447463 -0.582300653 0.559435752 -0.397942580 0.435430008
1703614924.054624319 -36.971964494 -6.123198504 -0.135350087 -0.583175542 0.558711182 -0.396454435 0.436545511
1703614924.204384804 -36.856710622 -6.135148232 -0.135171574 -0.581560329 0.559792828 -0.396555319 0.437222429
1703614924.269281149 -36.806378336 -6.140592333 -0.133779366 -0.578740321 0.561496366 -0.398616139 0.436905763
1703614924.404066801 -36.696205097 -6.133742423 -0.137600339 -0.576864573 0.563200985 -0.401317707 0.434713713
1703614924.453986406 -36.652428921 -6.123171750 -0.142795635 -0.578467130 0.563132916 -0.399706847 0.434156118
1703614924.603748083 -36.530046112 -6.095859702 -0.142569974 -0.583434934 0.557460973 -0.397733050 0.436634128
1703614924.653668404 -36.488824008 -6.095709384 -0.144545768 -0.584035280 0.557038585 -0.397419139 0.436656425
1703614924.803429127 -36.363926490 -6.116107233 -0.148312408 -0.580751994 0.560923154 -0.399092605 0.434531275
1703614924.868325710 -36.311348584 -6.124818321 -0.149369463 -0.578349325 0.563228358 -0.399806725 0.434097290
1703614925.003110409 -36.201028629 -6.123597940 -0.148981268 -0.577886456 0.564028615 -0.399453897 0.433999481
1703614925.053029537 -36.163346498 -6.118490191 -0.146284023 -0.578215014 0.562661951 -0.399918116 0.434907378
1703614925.202789783 -36.044953935 -6.113354711 -0.151642166 -0.579115377 0.562069411 -0.400295261 0.434127932
1703614925.252709866 -36.004097730 -6.114169221 -0.153510789 -0.578163126 0.562217361 -0.401256622 0.434318042
1703614925.402469158 -35.872377877 -6.106389553 -0.163428905 -0.579956977 0.563821988 -0.399227270 0.431708533
1703614925.467365265 -35.819494888 -6.103299806 -0.161636327 -0.580065710 0.563200866 -0.398215307 0.433304888
1703614925.602148771 -35.715991819 -6.104034909 -0.156434574 -0.580476443 0.561972130 -0.397068274 0.435397760
1703614925.652068853 -35.679466489 -6.108765814 -0.154376880 -0.579142199 0.562072522 -0.398091270 0.436110231
1703614925.801829100 -35.556364374 -6.117685634 -0.161124117 -0.576848568 0.565326988 -0.399813310 0.433359486
1703614925.866725206 -35.502163668 -6.112668405 -0.162405351 -0.576934234 0.565160832 -0.401773480 0.431645914
1703614926.001508951 -35.382721629 -6.088187850 -0.168451959 -0.580389997 0.563546269 -0.400540239 0.430268023
1703614926.051429272 -35.340926264 -6.078294943 -0.167617686 -0.581968867 0.561851685 -0.399418036 0.431393271
1703614926.201190472 -35.220530715 -6.077613948 -0.165116076 -0.583326619 0.560059312 -0.398413210 0.432816978
1703614926.271078110 -35.163821724 -6.090846180 -0.165537075 -0.581122369 0.562262781 -0.400014097 0.431446497
1703614926.400870562 -35.060276798 -6.107608315 -0.166820521 -0.575871728 0.567043508 -0.401656565 0.430703397
1703614926.450791121 -35.017260759 -6.107135631 -0.171199644 -0.575858420 0.567279059 -0.403205137 0.428960565
1703614926.600551128 -34.876561082 -6.087823633 -0.179292536 -0.579170332 0.565541400 -0.401429598 0.428461118
1703614926.650471449 -34.831189549 -6.080975311 -0.178311629 -0.580206071 0.564034833 -0.400777436 0.429654593
1703614926.800232410 -34.689584912 -6.076427926 -0.181488413 -0.581710245 0.562977422 -0.400480257 0.429284495
1703614926.850152731 -34.642551289 -6.081864493 -0.183283204 -0.580754367 0.564566883 -0.400710406 0.428275344
1703614927.004907608 -34.494451646 -6.098122049 -0.180460462 -0.576177793 0.568790673 -0.401204695 0.428405315
1703614927.054829359 -34.449059037 -6.100940720 -0.175539068 -0.574773612 0.568138182 -0.403564114 0.428940914
1703614927.204594374 -34.295187191 -6.108002617 -0.187363579 -0.574019828 0.569959260 -0.407175522 0.424094062
1703614927.264499664 -34.235466993 -6.106111130 -0.186361426 -0.573562951 0.570115829 -0.408373228 0.423349488
1703614927.404280424 -34.088874254 -6.083137271 -0.189533913 -0.577486388 0.568029337 -0.405037650 0.424024346
1703614927.454202414 -34.038670728 -6.077331684 -0.189730271 -0.579768627 0.566671611 -0.403497836 0.424194673
1703614927.603966951 -33.892974299 -6.084969963 -0.185174597 -0.577904895 0.565969036 -0.404863586 0.426368923
1703614927.653888941 -33.842973613 -6.092434900 -0.185690378 -0.576323288 0.567812415 -0.406038382 0.424939245
1703614927.803654671 -33.686207135 -6.099060221 -0.191790215 -0.573361875 0.571489938 -0.407947742 0.422177748
1703614927.853576899 -33.633836578 -6.093471317 -0.193586777 -0.574632147 0.571333271 -0.406728691 0.421838785
1703614928.003340960 -33.476737978 -6.067302683 -0.196896718 -0.579646924 0.566761502 -0.404555611 0.423232326
1703614928.053262711 -33.425902627 -6.062439907 -0.195300099 -0.580831314 0.565772968 -0.403660562 0.423785421
1703614928.203026533 -33.276031425 -6.069311690 -0.187321736 -0.577735422 0.565089922 -0.406007508 0.426676770
1703614928.242963791 -33.235292135 -6.078014479 -0.185341078 -0.575217874 0.566425256 -0.406784884 0.427566234
1703614928.402713537 -33.062589373 -6.103291765 -0.192572187 -0.571805151 0.570762387 -0.408993749 0.424256151
1703614928.452635288 -33.006647801 -6.101797967 -0.194078323 -0.572934883 0.571160007 -0.408334240 0.422829771
1703614928.602399588 -32.840873025 -6.077731895 -0.195793691 -0.576492653 0.568094864 -0.405921877 0.424443018
1703614928.652321339 -32.787065478 -6.069132222 -0.196247704 -0.577866831 0.566619589 -0.405131821 0.425300334
1703614928.802085876 -32.623377656 -6.065542490 -0.197143100 -0.577760483 0.565500109 -0.405547836 0.426536521
1703614928.866984129 -32.552088601 -6.062186116 -0.195378275 -0.577718979 0.565049120 -0.407265263 0.425552910
1703614929.001774549 -32.401292300 -6.051236051 -0.196613717 -0.578070269 0.565109255 -0.406085897 0.426122680
1703614929.066673756 -32.329150301 -6.044104006 -0.198242308 -0.580253698 0.564257996 -0.404356771 0.425927415
1703614929.201464415 -32.188454704 -6.039348644 -0.191919382 -0.580306532 0.562286447 -0.403272448 0.429475976
1703614929.251387119 -32.135802660 -6.036844053 -0.189876742 -0.579881270 0.562215074 -0.402352995 0.431003469
1703614929.401154757 -31.969642021 -6.033514341 -0.198372334 -0.580278529 0.563291171 -0.404294553 0.427230382
1703614929.451077700 -31.917956723 -6.034192682 -0.195253381 -0.578436732 0.563947480 -0.404203145 0.428945224
1703614929.605838299 -31.758926232 -6.026649464 -0.187826743 -0.578523101 0.562273257 -0.404410836 0.430826743
1703614929.660753489 -31.699899219 -6.029200766 -0.190310193 -0.578414652 0.563006504 -0.402681579 0.431633772
1703614929.800538063 -31.551997197 -6.034628429 -0.204529023 -0.581099687 0.564538836 -0.396714502 0.431551458
1703614929.850461245 -31.504169585 -6.037670103 -0.203719206 -0.580361047 0.564147613 -0.396851898 0.432928513
1703614930.000222683 -31.349870337 -6.041423736 -0.206538156 -0.579636285 0.565339032 -0.398166968 0.431134111
1703614930.035166740 -31.316005397 -6.039894223 -0.203687212 -0.578824228 0.565179860 -0.398814457 0.431834769
1703614930.204893827 -31.145603039 -6.010446052 -0.203273289 -0.581345344 0.561947152 -0.398901009 0.432586378
1703614930.254812717 -31.097838858 -6.003473713 -0.199540279 -0.581605760 0.559864577 -0.400996582 0.432999003
1703614930.404572248 -30.942292082 -6.013604011 -0.201270835 -0.579985329 0.562811742 -0.400958880 0.431383748
1703614930.454492092 -30.893954832 -6.018739597 -0.200351200 -0.578850436 0.563427010 -0.401980374 0.431154213
1703614930.604250669 -30.738115887 -6.027997507 -0.208831993 -0.578486551 0.566077020 -0.402377268 0.427788093
1703614930.654170752 -30.690028649 -6.026903228 -0.205964540 -0.577652343 0.565505312 -0.402615007 0.429444605
1703614930.803929090 -30.539503375 -6.009959324 -0.206370436 -0.580169678 0.563163142 -0.402095433 0.429615739
1703614930.868825912 -30.474522619 -6.003242198 -0.207507182 -0.581299421 0.562892000 -0.400646860 0.429797247
1703614931.003608704 -30.347573819 -6.015402733 -0.199165249 -0.578093449 0.562927879 -0.403765989 0.431153329
1703614931.053528547 -30.301406515 -6.025684437 -0.195310925 -0.575615613 0.565240074 -0.403805754 0.431406117
1703614931.203287363 -30.152083406 -6.049448473 -0.207748152 -0.573607280 0.571468537 -0.401079570 0.428408191
1703614931.253206968 -30.106964815 -6.053460067 -0.208817274 -0.573629053 0.571055902 -0.401139825 0.428872600
1703614931.402965784 -29.972195947 -6.065478201 -0.202977169 -0.571447466 0.570649336 -0.402248824 0.431280665
1703614931.452885389 -29.926515286 -6.068380528 -0.202880533 -0.570274725 0.571959944 -0.401813397 0.431502671
1703614931.602644920 -29.781196575 -6.059931597 -0.208262855 -0.570564579 0.572307245 -0.404022201 0.428586678
1703614931.652564049 -29.734800666 -6.055183148 -0.205932843 -0.571275458 0.570917161 -0.405492010 0.428105333
1703614931.802323580 -29.590261303 -6.043617411 -0.208535855 -0.573942448 0.568816074 -0.405650919 0.427183417
1703614931.852243423 -29.542416343 -6.043697176 -0.209051238 -0.573646608 0.568802382 -0.405091732 0.428128611
1703614932.001999140 -29.403485880 -6.041591867 -0.203915615 -0.574024753 0.567654068 -0.403592270 0.430555132
1703614932.051917553 -29.356388337 -6.043809165 -0.205370178 -0.574055302 0.568147870 -0.402958543 0.430456642
1703614932.201671600 -29.215638696 -6.054596415 -0.205043791 -0.572317658 0.569885459 -0.403579737 0.429891216
1703614932.271557570 -29.151906829 -6.058099748 -0.204664456 -0.571258513 0.570192226 -0.405269991 0.429302657
1703614932.401344776 -29.031319426 -6.048857203 -0.204135158 -0.571930717 0.569894460 -0.404605189 0.429430089
1703614932.471229553 -28.969422903 -6.037681647 -0.201921532 -0.573514959 0.567829452 -0.403671282 0.430928998
1703614932.601016283 -28.851882113 -6.023554697 -0.202128342 -0.576108309 0.565061008 -0.402876352 0.431851731
1703614932.655925751 -28.801327782 -6.023399159 -0.202924633 -0.576332339 0.565697071 -0.402018358 0.431519524
1703614932.800687551 -28.671489321 -6.019199805 -0.202992428 -0.577220601 0.565725869 -0.400901054 0.431333935
1703614932.850605488 -28.628977904 -6.016479342 -0.200666033 -0.577957627 0.565332064 -0.399979530 0.431718676
1703614933.000363350 -28.512146562 -6.013701399 -0.189995553 -0.577383263 0.563422456 -0.397651719 0.437100462
1703614933.050282001 -28.474073300 -6.015349192 -0.184958613 -0.576545891 0.563455801 -0.397241728 0.438533244
1703614933.200041533 -28.356524694 -6.037189673 -0.186333006 -0.572989793 0.567162918 -0.400646551 0.435305941
1703614933.254952669 -28.311223264 -6.042391967 -0.191316529 -0.572504492 0.569384907 -0.400888331 0.432814025
1703614933.404712200 -28.192751584 -6.026058666 -0.190996600 -0.574719977 0.567134545 -0.399578112 0.434042266
1703614933.454630852 -28.154146261 -6.016649101 -0.190212725 -0.576091577 0.565068392 -0.398907006 0.435533475
1703614933.604390144 -28.034092538 -6.009304148 -0.187960696 -0.577931726 0.562623716 -0.399389827 0.435817898
1703614933.654308796 -27.994094471 -6.010907306 -0.187065477 -0.577006931 0.563422570 -0.399921923 0.435523208
1703614933.804068089 -27.871403179 -6.008982138 -0.192279059 -0.575407196 0.566032255 -0.401920675 0.432404690
1703614933.853987694 -27.829266645 -6.005247521 -0.192984202 -0.576141565 0.566145425 -0.401473950 0.431693087
1703614934.003745079 -27.713231535 -5.990090417 -0.186619086 -0.578767538 0.562468557 -0.396048504 0.437953014
1703614934.053664446 -27.676622461 -5.987901549 -0.183115965 -0.579561929 0.560712737 -0.394370543 0.440659814
1703614934.203422546 -27.569520616 -6.000633912 -0.174662429 -0.576719381 0.560900900 -0.393066977 0.445290116
1703614934.253340721 -27.531443365 -6.007949160 -0.175404803 -0.575338948 0.561921000 -0.395048634 0.444034303
1703614934.403098822 -27.413174819 -6.006779454 -0.181871272 -0.573875278 0.566141613 -0.395599460 0.440058981
1703614934.453017950 -27.377485324 -5.995119602 -0.178631142 -0.575359763 0.564643064 -0.394012995 0.441467002
1703614934.602774858 -27.271743054 -5.959419678 -0.172213612 -0.581078391 0.557524577 -0.389334224 0.447138805
1703614934.652693987 -27.237615498 -5.956492249 -0.170550580 -0.581248895 0.556541064 -0.388922440 0.448498720
1703614934.802451849 -27.126743309 -5.966722260 -0.171738907 -0.579161527 0.559754642 -0.390589300 0.445742824
1703614934.867345810 -27.081053050 -5.970752599 -0.168297332 -0.577379382 0.561046349 -0.391620051 0.445526407
1703614935.002129078 -26.987434793 -5.954374364 -0.165288626 -0.577591669 0.559819691 -0.391772242 0.446659029
1703614935.067024708 -26.938899337 -5.939025030 -0.166090061 -0.579928269 0.557578656 -0.391222471 0.446916350
1703614935.201807499 -26.837765282 -5.915178624 -0.167770631 -0.583907885 0.554628662 -0.388934448 0.447402083
1703614935.266703129 -26.787012391 -5.910861372 -0.170120090 -0.584934052 0.554444042 -0.387608145 0.447441488
1703614935.401485920 -26.686337016 -5.921314641 -0.171088451 -0.583328373 0.556913033 -0.386891709 0.447091365
1703614935.451405764 -26.650671623 -5.924707531 -0.170301256 -0.581689900 0.557629807 -0.388236321 0.447167102
1703614935.601165295 -26.532351764 -5.914618738 -0.167361959 -0.581104609 0.558464622 -0.387925675 0.447155867
1703614935.651085138 -26.495680519 -5.904020623 -0.165776994 -0.582413047 0.556614006 -0.388100346 0.447609218
1703614935.800843716 -26.376110406 -5.882458685 -0.164015412 -0.584931239 0.554023016 -0.389389035 0.446419223
1703614935.850763321 -26.339676508 -5.879638243 -0.161146019 -0.584291785 0.554308070 -0.389399984 0.446892969
1703614936.000521898 -26.221396297 -5.872901482 -0.155752317 -0.583121565 0.553840848 -0.388902391 0.449426841
1703614936.050441742 -26.184503229 -5.872343139 -0.153346771 -0.582819780 0.553649723 -0.388793143 0.450147732
1703614936.200201273 -26.064329610 -5.876928268 -0.154028083 -0.582084632 0.555434103 -0.387362891 0.450133790
1703614936.250119925 -26.024550639 -5.878120462 -0.153463996 -0.581519350 0.555822855 -0.387666664 0.450123046
1703614936.404870749 -25.904061853 -5.869516697 -0.159134104 -0.582455881 0.557229054 -0.385269562 0.449230779
1703614936.469766378 -25.853723817 -5.862956340 -0.157136507 -0.582374500 0.556313466 -0.384968352 0.450726788
1703614936.604549885 -25.749143166 -5.858826917 -0.157123125 -0.581861043 0.557011766 -0.387301985 0.448522900
1703614936.654469728 -25.707868597 -5.857854692 -0.157266452 -0.581397945 0.557596089 -0.388043328 0.447755967
1703614936.804228067 -25.590540476 -5.851586934 -0.153801567 -0.581343011 0.557811047 -0.385341303 0.449888008
1703614936.854147673 -25.550555268 -5.848409346 -0.152675228 -0.582439188 0.556564932 -0.385937627 0.449502187
1703614937.003906012 -25.433708486 -5.853231796 -0.150799700 -0.580569482 0.558974778 -0.385705760 0.449129537
1703614937.053825855 -25.396007022 -5.851093470 -0.150265081 -0.580077002 0.559396835 -0.385272074 0.449612369
1703614937.203585148 -25.273080999 -5.841416984 -0.152850056 -0.580584833 0.558966341 -0.386303690 0.448605997
1703614937.253505230 -25.232249727 -5.842709287 -0.154549921 -0.580608802 0.560112113 -0.385757506 0.447614775
1703614937.403263330 -25.102196345 -5.844326487 -0.159314448 -0.579437231 0.560976069 -0.389117346 0.445135975
1703614937.468158960 -25.043355836 -5.843707680 -0.163515540 -0.579816204 0.562120046 -0.389299427 0.443035190
1703614937.602942705 -24.922080398 -5.831755884 -0.159476985 -0.578994048 0.561655214 -0.390368902 0.443758304
1703614937.652862310 -24.876596708 -5.824892697 -0.157405334 -0.579371838 0.560877999 -0.390533515 0.444103273
1703614937.802620649 -24.746467137 -5.817156569 -0.149896208 -0.578866875 0.559356230 -0.390926321 0.446329878
1703614937.867516041 -24.687898401 -5.818554878 -0.152372852 -0.578998107 0.560237800 -0.390997460 0.444989647
1703614938.002299547 -24.566940959 -5.821092702 -0.152646154 -0.577276802 0.562033381 -0.390832894 0.445106303
1703614938.067195654 -24.507749229 -5.818498672 -0.155210342 -0.578205664 0.562217268 -0.389205487 0.445094420
1703614938.201980114 -24.381813849 -5.808306246 -0.159576204 -0.580408051 0.561253904 -0.387601611 0.444843277
1703614938.266876221 -24.323862846 -5.809655250 -0.160232710 -0.579832734 0.561515276 -0.389153122 0.443908148
1703614938.401659966 -24.200996074 -5.807885439 -0.155307645 -0.577193479 0.563272226 -0.392025395 0.442592564
1703614938.471548557 -24.135970414 -5.805260815 -0.158638579 -0.577214805 0.563557357 -0.391093939 0.443025625
1703614938.601340532 -24.008341994 -5.795270800 -0.161738968 -0.578876126 0.563085121 -0.388780252 0.443494637
1703614938.651259661 -23.960341142 -5.798390768 -0.163694237 -0.579311297 0.564173788 -0.386788651 0.443284216
1703614938.806011915 -23.815477207 -5.818102985 -0.160837683 -0.575502951 0.567065056 -0.388454236 0.443099179
1703614938.860924721 -23.762241948 -5.823578165 -0.162090197 -0.573986500 0.568812424 -0.388956233 0.442385548
1703614939.000697374 -23.624762421 -5.819938935 -0.160454626 -0.573104738 0.569239884 -0.389160241 0.442799301
1703614939.070583820 -23.558117707 -5.815554162 -0.156456886 -0.573316319 0.567586088 -0.388968746 0.444812033
1703614939.200371742 -23.426446522 -5.808389739 -0.158655694 -0.574383945 0.566463870 -0.392076972 0.442128279
1703614939.250290632 -23.375787561 -5.810574486 -0.158148046 -0.573424010 0.567751484 -0.391939765 0.441844291
1703614939.400045156 -23.219904768 -5.797770441 -0.157427120 -0.574703771 0.567842361 -0.391190034 0.440727792
1703614939.469931602 -23.151077641 -5.792153434 -0.154979761 -0.575739504 0.566863353 -0.391006185 0.440799417
1703614939.604710340 -23.017538300 -5.787983906 -0.153466415 -0.575553042 0.565459923 -0.391035801 0.442814604
1703614939.654628992 -22.964925433 -5.790034008 -0.156814225 -0.576515943 0.566925670 -0.389315556 0.441200691
1703614939.804383993 -22.818314677 -5.793896649 -0.149815806 -0.572627273 0.567775292 -0.392587806 0.442271453
1703614939.854301453 -22.766833055 -5.791248070 -0.149890938 -0.572424747 0.568235529 -0.392329299 0.442171928
1703614940.004059315 -22.608987562 -5.772992848 -0.152178936 -0.575580512 0.566467025 -0.392969488 0.439769446
1703614940.053978920 -22.558213160 -5.769088241 -0.151286261 -0.576415597 0.565345036 -0.393504031 0.439641476
1703614940.203737497 -22.401252685 -5.769323752 -0.149690716 -0.576111283 0.565455770 -0.393943740 0.439504143
1703614940.253657341 -22.348696319 -5.775633759 -0.148925899 -0.574630082 0.566581916 -0.394093466 0.439858548
1703614940.403416395 -22.189926487 -5.794929546 -0.148366427 -0.573088021 0.569625130 -0.394306893 0.437743538
1703614940.453336239 -22.139182122 -5.800169732 -0.144827739 -0.571134245 0.570103324 -0.394634539 0.439376211
1703614940.603094578 -21.977059948 -5.804324804 -0.149180036 -0.571247877 0.571720048 -0.394755313 0.437012921
1703614940.653014421 -21.927886606 -5.804905636 -0.143690285 -0.570300853 0.571376869 -0.395293124 0.438210859
1703614940.802773476 -21.766816404 -5.805058630 -0.147111285 -0.571136695 0.572076583 -0.396844681 0.434793696
1703614940.852693319 -21.717779635 -5.808045642 -0.140880695 -0.569799176 0.572220846 -0.397278229 0.435961250
1703614941.002451658 -21.557765715 -5.808247342 -0.143073366 -0.570818880 0.572582035 -0.396487927 0.434871179
1703614941.042387247 -21.517899147 -5.812680378 -0.140395835 -0.569842363 0.573045682 -0.396424520 0.435598356
1703614941.202130556 -21.349262853 -5.828670603 -0.140473404 -0.567468781 0.575645168 -0.398607556 0.433271093
1703614941.252049446 -21.294231716 -5.832622624 -0.147307056 -0.567907984 0.576639371 -0.399334161 0.430696860
1703614941.401808739 -21.140357797 -5.824676923 -0.143913892 -0.569164016 0.576415172 -0.399233749 0.429430187
1703614941.451728582 -21.092209725 -5.819733854 -0.138971455 -0.569180157 0.575604197 -0.397268657 0.432309346
1703614941.601486921 -20.943692329 -5.807629892 -0.136983713 -0.571539372 0.572242253 -0.399261231 0.431824061
1703614941.651406527 -20.891527581 -5.813157836 -0.140601011 -0.570995350 0.574325138 -0.398751703 0.430246470
1703614941.801165819 -20.743815091 -5.824233266 -0.132413334 -0.567822361 0.575244053 -0.401777395 0.430403265
1703614941.851085424 -20.690759422 -5.826506284 -0.134798176 -0.568079185 0.575946700 -0.400852868 0.429986532
1703614942.000843763 -20.542031735 -5.826858934 -0.130071023 -0.568324753 0.574985894 -0.400192735 0.431559929
1703614942.050763369 -20.491218147 -5.823646888 -0.130997850 -0.569308267 0.574933039 -0.399432659 0.431037874
1703614942.200522423 -20.343746263 -5.807569645 -0.130176311 -0.570480663 0.572706287 -0.400043796 0.431884571
1703614942.250441074 -20.293186606 -5.800223785 -0.132794981 -0.572284648 0.572392362 -0.398162510 0.431652501
1703614942.410184145 -20.138949043 -5.792396188 -0.132807183 -0.574496593 0.569633884 -0.397976604 0.432533843
1703614942.609861851 -19.944112256 -5.818050631 -0.137352147 -0.569061162 0.576720336 -0.397973601 0.430325529
1703614942.664772987 -19.891485501 -5.813552675 -0.137521354 -0.569906586 0.575735102 -0.397967807 0.430531300
1703614942.814531803 -19.747896604 -5.792891054 -0.134315684 -0.573773713 0.571790036 -0.394160772 0.434139571
1703614943.004226923 -19.576264622 -5.793013583 -0.122426113 -0.571789830 0.570304244 -0.396567297 0.436513274
1703614943.054145813 -19.527336118 -5.791648331 -0.125904411 -0.572425458 0.571533671 -0.396977090 0.433690613
1703614943.203906059 -19.392354090 -5.775426822 -0.124449719 -0.572762499 0.570164586 -0.398429548 0.433715760
1703614943.253825903 -19.346620016 -5.768127112 -0.124652756 -0.574514864 0.569347039 -0.397019605 0.433764975
1703614943.403585911 -19.215246050 -5.762207216 -0.121427313 -0.576051587 0.566703785 -0.395841524 0.436257811
1703614943.468481064 -19.157928728 -5.765424114 -0.122649385 -0.575683163 0.567452423 -0.395497891 0.436082632
1703614943.603265047 -19.037447422 -5.783153238 -0.124298318 -0.572785649 0.571186199 -0.397038151 0.433616920
1703614943.668161154 -18.980702517 -5.785427480 -0.123095838 -0.571781202 0.571146493 -0.399512002 0.432721735
1703614943.807936907 -18.849336743 -5.779790083 -0.126802374 -0.572261483 0.571207148 -0.400133500 0.431430609
1703614943.877824545 -18.783679983 -5.771911637 -0.125225330 -0.573083555 0.570139927 -0.400281223 0.431614001
1703614944.002625942 -18.667797334 -5.762851307 -0.123198585 -0.574421830 0.569036088 -0.399548613 0.431970366
1703614944.067522764 -18.607710996 -5.762538330 -0.124718534 -0.574677233 0.568851821 -0.399557195 0.431865411
1703614944.212292194 -18.477569747 -5.775470936 -0.122581773 -0.571974012 0.570001438 -0.401341142 0.432283908
1703614944.401990891 -18.303742491 -5.780724027 -0.118297629 -0.569141273 0.571603439 -0.403517838 0.431880857
1703614944.451911926 -18.256146146 -5.778063214 -0.119916483 -0.569512837 0.571915862 -0.402771727 0.431673848
1703614944.601673365 -18.120236709 -5.774852715 -0.119745914 -0.570809311 0.571200093 -0.400004939 0.433478065
1703614944.651594162 -18.074935225 -5.776327510 -0.121676266 -0.571654234 0.571362107 -0.399515275 0.432601808
1703614944.801355839 -17.942139230 -5.797023208 -0.125180689 -0.569334788 0.574758945 -0.400658211 0.430096562
1703614944.871245861 -17.880197800 -5.801967784 -0.127521027 -0.568162780 0.575867104 -0.402003820 0.428906822
1703614945.001039267 -17.760012289 -5.801631228 -0.128823171 -0.567996346 0.576981284 -0.401985617 0.427645078
1703614945.070928812 -17.698203729 -5.800366443 -0.125448588 -0.567837801 0.576261345 -0.401910319 0.428895313
1703614945.200722218 -17.583261044 -5.802482499 -0.121154022 -0.567786920 0.575649749 -0.401186861 0.430458456
1703614945.250642061 -17.538763606 -5.806026188 -0.120564673 -0.567338199 0.576029894 -0.401310846 0.430425991
1703614945.400404215 -17.404987852 -5.824158052 -0.121562766 -0.564688596 0.577826018 -0.404338231 0.428665927
1703614945.450325251 -17.358365376 -5.827708043 -0.123295993 -0.563822267 0.578664922 -0.405888096 0.427207459
1703614945.600086689 -17.214787163 -5.818957664 -0.127493900 -0.564501435 0.579078014 -0.407741633 0.423973518
1703614945.650007486 -17.168806160 -5.812683118 -0.126883137 -0.565832433 0.577747077 -0.408251005 0.423524604
1703614945.804761648 -17.032542693 -5.801104457 -0.117923110 -0.567907970 0.573506410 -0.407459636 0.427255871
1703614945.854682684 -16.985011858 -5.802893505 -0.123682306 -0.568679326 0.574067955 -0.406190860 0.426683481
1703614946.004444599 -16.846994140 -5.804858550 -0.123242858 -0.568511979 0.573861021 -0.407443458 0.425990008
1703614946.069340706 -16.786210526 -5.803879803 -0.124362537 -0.568128503 0.574168608 -0.407785491 0.425759798
1703614946.204125166 -16.656134695 -5.795472224 -0.130132152 -0.570673610 0.573882168 -0.406060210 0.424388966
1703614946.254045725 -16.608806780 -5.791476676 -0.132123031 -0.572147337 0.573120722 -0.405363176 0.424099940
1703614946.403806925 -16.472722706 -5.786270012 -0.129191070 -0.573018104 0.572017533 -0.403459813 0.426223385
1703614946.468703032 -16.414814348 -5.787827120 -0.130310023 -0.572402681 0.572867144 -0.402733831 0.426595671
1703614946.603487492 -16.297715842 -5.782697751 -0.125494373 -0.571333024 0.571988933 -0.401920220 0.429962059
1703614946.653408051 -16.252417059 -5.779482280 -0.125365625 -0.571724967 0.571415718 -0.401815152 0.430301315
1703614946.803168297 -16.117661790 -5.769476994 -0.122042686 -0.572364043 0.569951664 -0.402178812 0.431053020
1703614946.853088856 -16.072438938 -5.764353042 -0.121365394 -0.572950677 0.569156779 -0.402104761 0.431392911
1703614947.002850056 -15.943314164 -5.754446318 -0.115060933 -0.574799252 0.567337307 -0.399603930 0.433648360
1703614947.052770615 -15.900731137 -5.756171911 -0.115582828 -0.575011248 0.566807302 -0.400172993 0.433535608
1703614947.202532053 -15.770655606 -5.783377933 -0.122667681 -0.570833628 0.571727140 -0.403651811 0.429350977
1703614947.252451420 -15.726614322 -5.781136293 -0.123925445 -0.570480858 0.571970935 -0.404530466 0.428667636
1703614947.402212858 -15.591863758 -5.743738732 -0.122763872 -0.575323314 0.567229366 -0.401476901 0.431358585
1703614947.462117672 -15.537184371 -5.734857820 -0.122812141 -0.577217440 0.565554083 -0.399642892 0.432728742
1703614947.601894140 -15.420753272 -5.733675771 -0.123120589 -0.579476413 0.564894754 -0.396741861 0.433240002
1703614947.651814461 -15.383316353 -5.737076412 -0.120957546 -0.579012844 0.564025181 -0.397967407 0.433868257
1703614947.801576138 -15.267183766 -5.760621257 -0.119638068 -0.574322928 0.566101143 -0.401032273 0.434575409
1703614947.851496696 -15.223360161 -5.765835059 -0.124529908 -0.573533717 0.568176108 -0.401746600 0.432243745
1703614948.001256943 -15.100591948 -5.755112432 -0.121927913 -0.573155889 0.568370711 -0.402624744 0.431671609
1703614948.071145773 -15.039867794 -5.741669380 -0.124038019 -0.575656691 0.566560711 -0.401440263 0.431826412
1703614948.200938225 -14.931210357 -5.723411479 -0.123006750 -0.578569980 0.563038554 -0.400822633 0.433111512
1703614948.270825863 -14.872936319 -5.714418892 -0.122304113 -0.579313784 0.561839053 -0.399856739 0.434565308
1703614948.400618315 -14.765554632 -5.692052252 -0.123879565 -0.582498662 0.560969589 -0.397230893 0.433838732
1703614948.460522890 -14.720569594 -5.681000146 -0.122156688 -0.583458553 0.558990547 -0.397131493 0.435192213
1703614948.600299835 -14.613261291 -5.659405122 -0.119773746 -0.586503666 0.554618760 -0.393380543 0.440071845
1703614948.670187712 -14.557913584 -5.658004272 -0.120218011 -0.586893881 0.554322791 -0.391542168 0.441561486
1703614948.804971695 -14.447974370 -5.660444837 -0.125523135 -0.585700517 0.556565986 -0.390403130 0.441332758
1703614948.869868994 -14.394857225 -5.661188833 -0.126241144 -0.584931900 0.558039345 -0.390131402 0.440731495
1703614949.004653454 -14.284346650 -5.661858974 -0.126689261 -0.583713255 0.560035100 -0.388207852 0.441513518
1703614949.054574251 -14.245141854 -5.661957836 -0.126528175 -0.583482546 0.559876399 -0.388014631 0.442189079
1703614949.204334974 -14.121910317 -5.661449891 -0.127815859 -0.582748760 0.559816845 -0.391617987 0.440050378
1703614949.254255533 -14.078789355 -5.656817880 -0.130506859 -0.582970516 0.560191738 -0.392360664 0.438615667
1703614949.404017687 -13.955888691 -5.624046036 -0.123631726 -0.584846086 0.556736467 -0.393001217 0.439942730
1703614949.468914032 -13.900447920 -5.609946008 -0.128463868 -0.588139670 0.555383925 -0.389002737 0.440814355
1703614949.603699207 -13.798271151 -5.603174358 -0.124428171 -0.590875296 0.552239528 -0.384472376 0.445060536
1703614949.658612490 -13.757977145 -5.608697245 -0.123826916 -0.589998360 0.552060052 -0.385387784 0.445654452
1703614949.803381920 -13.643563647 -5.626953405 -0.126379109 -0.585494129 0.557696546 -0.386353865 0.443736271
1703614949.868278503 -13.594801989 -5.626100284 -0.125487235 -0.584057873 0.558459892 -0.388074383 0.443167263
1703614950.003062963 -13.491197746 -5.605027044 -0.123727542 -0.585176152 0.557217061 -0.387642437 0.443634263
1703614950.067960262 -13.441938234 -5.592932974 -0.125083117 -0.587317085 0.555387415 -0.385762340 0.444736864
1703614950.202744007 -13.339440443 -5.582611647 -0.125767795 -0.589870485 0.552875823 -0.385142557 0.445023984
1703614950.267640114 -13.288447161 -5.584763888 -0.129937375 -0.589652887 0.554051783 -0.385471260 0.443562850
1703614950.402424097 -13.181701682 -5.584082620 -0.129005889 -0.587532070 0.555655307 -0.388921322 0.441354111
1703614950.467319965 -13.129565220 -5.583529633 -0.127781166 -0.586547881 0.556099668 -0.390818959 0.440426252
1703614950.602104902 -13.019397536 -5.593560267 -0.129819746 -0.584775327 0.558387402 -0.392958915 0.437977873
1703614950.652025461 -12.980299750 -5.601013073 -0.130473354 -0.583350633 0.559534892 -0.393695123 0.437752092
1703614950.801785231 -12.855758571 -5.626233076 -0.131424315 -0.579268178 0.563539427 -0.395617581 0.436300838
1703614950.866681099 -12.801046156 -5.634504797 -0.132503872 -0.577818274 0.564728408 -0.396968815 0.435457952
1703614951.001466274 -12.679445052 -5.646733397 -0.135156589 -0.576509746 0.567094607 -0.397782269 0.433369919
1703614951.071353912 -12.618373909 -5.651453894 -0.134980052 -0.575306727 0.568039790 -0.397010922 0.434436756
1703614951.201146841 -12.501420839 -5.654437115 -0.131711516 -0.574291564 0.568204201 -0.397813097 0.434830916
1703614951.271035671 -12.437269091 -5.652431875 -0.134113974 -0.574127996 0.568272978 -0.398784323 0.434066735
1703614951.400828123 -12.314596823 -5.632559727 -0.131505991 -0.575848941 0.566404137 -0.398194860 0.434770290
1703614951.470716000 -12.249320375 -5.623741084 -0.132931668 -0.577304400 0.565118469 -0.397058971 0.435551281
1703614951.600508451 -12.130274819 -5.614027143 -0.129361387 -0.579154682 0.563205822 -0.394376382 0.438002656
1703614951.655420542 -12.082483294 -5.615105261 -0.128961448 -0.578431888 0.562961190 -0.394039052 0.439573061
1703614951.800190210 -11.938775292 -5.619935026 -0.142419351 -0.578617466 0.565688416 -0.396258450 0.433794519
1703614951.870078087 -11.872149190 -5.618380499 -0.144620493 -0.577757884 0.566377236 -0.397327715 0.433062744
1703614952.004860640 -11.737055865 -5.601129797 -0.148184294 -0.580549120 0.564308996 -0.398421180 0.431020464
1703614952.054778099 -11.689730671 -5.600958704 -0.145740670 -0.580073421 0.563636908 -0.399264479 0.431759351
1703614952.204533339 -11.533361068 -5.614863765 -0.150971744 -0.578455779 0.566355454 -0.400305804 0.429401531
1703614952.269427299 -11.470167940 -5.624759408 -0.148836999 -0.576642790 0.568072454 -0.402095021 0.427897621
1703614952.404207230 -11.331783497 -5.633907393 -0.150879317 -0.574371854 0.570547331 -0.402354504 0.427414986
1703614952.469101191 -11.265416332 -5.627967049 -0.152365366 -0.575659174 0.569411654 -0.401373581 0.428119297
1703614952.603879690 -11.126051595 -5.609049181 -0.148839930 -0.578976748 0.565058699 -0.399742579 0.430929766
1703614952.653798103 -11.074020000 -5.606635053 -0.148164280 -0.579811087 0.564440104 -0.399787056 0.430577266
1703614952.803552866 -10.920497073 -5.617634467 -0.147132697 -0.576921923 0.567034758 -0.401264676 0.429673524
1703614952.868446589 -10.852984195 -5.619939434 -0.151454433 -0.576901478 0.568016837 -0.401200269 0.428462252
1703614953.003228426 -10.714093643 -5.621121144 -0.147883012 -0.575975618 0.568527311 -0.402288624 0.428010103
1703614953.068125248 -10.649527591 -5.619378751 -0.144525673 -0.575644769 0.568135490 -0.402069996 0.429179314
1703614953.202911377 -10.512111137 -5.617188330 -0.145957998 -0.576149334 0.568121186 -0.400889991 0.429624811
1703614953.252831936 -10.463405851 -5.617382557 -0.143667570 -0.576092269 0.568007902 -0.400244295 0.430452350
1703614953.402593136 -10.318430746 -5.629820142 -0.138998506 -0.573350994 0.567988554 -0.404059218 0.430573791
1703614953.452513695 -10.267040214 -5.635597375 -0.140653632 -0.572157901 0.569470823 -0.405454775 0.428887799
1703614953.602274895 -10.105963859 -5.641909800 -0.145901931 -0.570396687 0.572063948 -0.409546102 0.423866075
1703614953.652195454 -10.054100766 -5.638030025 -0.144213938 -0.570519238 0.571260611 -0.410219386 0.424133434
1703614953.801957846 -9.891814027 -5.621982152 -0.151358787 -0.575069495 0.568326214 -0.406493923 0.425515077
1703614953.851878643 -9.835902223 -5.617460959 -0.157205364 -0.577715637 0.567783188 -0.404673501 0.424389269
1703614954.001641035 -9.680728103 -5.613030571 -0.154479767 -0.578310155 0.565828901 -0.404949126 0.425923966
1703614954.051562786 -9.627560847 -5.612034273 -0.154025230 -0.577402219 0.566510019 -0.404743488 0.426445525
1703614954.201327801 -9.464421407 -5.598401905 -0.159288678 -0.577845047 0.566567673 -0.403765135 0.426696483
1703614954.271217823 -9.386965083 -5.593460254 -0.162809314 -0.578991009 0.566987513 -0.401924179 0.426323265
1703614954.401013851 -9.251584972 -5.584971227 -0.157102640 -0.579604821 0.564778150 -0.402912676 0.427487156
1703614954.470905066 -9.175672771 -5.579379845 -0.158323753 -0.579432346 0.564343001 -0.402151511 0.429009668
1703614954.600701332 -9.032249252 -5.557830170 -0.162335204 -0.583230981 0.563037749 -0.398842539 0.428666239
1703614954.670591354 -8.959463570 -5.543563789 -0.161825978 -0.585672753 0.560732245 -0.397541079 0.429567068
1703614954.800387859 -8.828868982 -5.523341714 -0.159962724 -0.588106441 0.557180760 -0.394875432 0.433305674
1703614954.850310087 -8.776621911 -5.515492203 -0.162127873 -0.590062208 0.556522946 -0.393203799 0.433012210
1703614955.000069857 -8.640105831 -5.526836075 -0.147406462 -0.585882650 0.557810194 -0.393712516 0.436554421
1703614955.054978609 -8.591445379 -5.536402709 -0.141967901 -0.582888719 0.559045983 -0.396179572 0.436749444
1703614955.204729795 -8.450956261 -5.558336714 -0.149974976 -0.578739593 0.564825445 -0.399119057 0.432130395
1703614955.254647017 -8.404984230 -5.553244296 -0.152678942 -0.579057561 0.564214262 -0.399524233 0.432128448
1703614955.404398680 -8.269011217 -5.511829983 -0.157630503 -0.585706442 0.558165607 -0.395228552 0.434963804
1703614955.454315901 -8.222941947 -5.502715379 -0.156434399 -0.586521387 0.555916047 -0.395251737 0.436721966
1703614955.604066133 -8.076940489 -5.502371283 -0.167921758 -0.586538179 0.557189144 -0.399808736 0.430890006
1703614955.668958187 -8.014554390 -5.504267540 -0.171023285 -0.585010319 0.558763478 -0.402300793 0.428602816
1703614955.803734303 -7.889006884 -5.498551820 -0.168743413 -0.584373678 0.558960303 -0.401161359 0.430279384
1703614955.853651285 -7.843232560 -5.495485338 -0.167754950 -0.584059829 0.557570756 -0.400371688 0.433233748
1703614956.003404856 -7.698217575 -5.496569879 -0.175325489 -0.585730012 0.556557978 -0.399082228 0.433470813
1703614956.068300247 -7.634653188 -5.501611442 -0.180508375 -0.585297874 0.558576173 -0.398485203 0.432005324
1703614956.203083515 -7.511636409 -5.514790512 -0.179145379 -0.581489819 0.561182469 -0.401784322 0.430712417
1703614956.267978907 -7.451908445 -5.518155735 -0.177687786 -0.579755249 0.562154402 -0.403168006 0.430490231
1703614956.402761221 -7.321661033 -5.516848244 -0.184880941 -0.579475156 0.562823408 -0.404561429 0.428682173
1703614956.467656851 -7.259219969 -5.514200381 -0.185536356 -0.580524468 0.562509254 -0.405920685 0.426383724
1703614956.602438927 -7.130906222 -5.513521133 -0.189203937 -0.580098279 0.563239297 -0.405058145 0.426820080
1703614956.667334318 -7.068573086 -5.510567997 -0.190617647 -0.581029358 0.563087442 -0.404088055 0.426673483
1703614956.802117348 -6.949155716 -5.515592169 -0.192468553 -0.581561128 0.563955918 -0.401587326 0.427162728
1703614956.867012739 -6.893148183 -5.521551371 -0.193255880 -0.581061288 0.564691935 -0.401149102 0.427282337
1703614957.001797676 -6.780378906 -5.546154982 -0.196128137 -0.577156023 0.567813248 -0.404200874 0.425559272
1703614957.056711197 -6.731944614 -5.554808569 -0.198843050 -0.575238301 0.570079808 -0.404895548 0.424463784
1703614957.201484680 -6.604046858 -5.554951821 -0.200064596 -0.573592270 0.570735493 -0.407410947 0.423401966
1703614957.271374464 -6.540922683 -5.546386341 -0.200132362 -0.574857541 0.569041876 -0.407895543 0.423498970
1703614957.401170969 -6.421062178 -5.536612308 -0.203150914 -0.576437980 0.567265520 -0.407633061 0.423986290
1703614957.471060753 -6.354498654 -5.535679142 -0.206390817 -0.576459825 0.567447818 -0.407663571 0.423683204
1703614957.600857258 -6.230385634 -5.529778876 -0.210397223 -0.577285870 0.567903290 -0.406276739 0.423280153
1703614957.670748234 -6.166167953 -5.522031553 -0.211949652 -0.578826283 0.566657948 -0.405513779 0.423577004
1703614957.800544977 -6.049990524 -5.508772554 -0.208870430 -0.580148480 0.563377043 -0.406122848 0.425556436
1703614957.870434999 -5.984982294 -5.501232033 -0.209602884 -0.580446597 0.562450451 -0.406018747 0.426473933
1703614958.000230074 -5.857933478 -5.486425625 -0.216941370 -0.582600258 0.562455782 -0.403459408 0.425958846
1703614958.070118427 -5.794955659 -5.479091883 -0.214146835 -0.583167582 0.560964074 -0.402910561 0.427665709
1703614958.204904556 -5.671055844 -5.476256264 -0.216778015 -0.583688701 0.560161908 -0.401082927 0.429719237
1703614958.269801378 -5.611971982 -5.476969090 -0.214997328 -0.583209589 0.560090382 -0.401955411 0.429647748
1703614958.404586315 -5.487978164 -5.470424655 -0.215390839 -0.582308991 0.561056830 -0.403250944 0.428392516
1703614958.469483137 -5.428499213 -5.459445141 -0.216275168 -0.583176707 0.560392197 -0.402862423 0.428447643
1703614958.604269266 -5.309780799 -5.429595703 -0.213361156 -0.586728530 0.555890638 -0.400426427 0.431733607
1703614958.654190302 -5.264807312 -5.422307577 -0.212958818 -0.588229440 0.554686311 -0.399294338 0.432288392
1703614958.803951502 -5.136229012 -5.417444186 -0.215019398 -0.589014604 0.553664276 -0.398026769 0.433696158
1703614958.853872299 -5.094837695 -5.419263005 -0.211528339 -0.588007989 0.554205159 -0.398287301 0.434131860
1703614959.003633976 -4.977285037 -5.417748102 -0.203204875 -0.585414721 0.554449709 -0.401819508 0.434069358
1703614959.053554296 -4.939374782 -5.411623350 -0.197814855 -0.585632574 0.553343309 -0.403166201 0.433938572
1703614959.203314304 -4.829263862 -5.391544735 -0.194102913 -0.586850421 0.550126495 -0.402054221 0.437401220
1703614959.268210411 -4.780140129 -5.389415401 -0.194382412 -0.586851266 0.549803240 -0.401139761 0.438644367
1703614959.402994633 -4.675658750 -5.400441499 -0.198798840 -0.585412067 0.552038308 -0.400705514 0.438156947
1703614959.452914953 -4.636639106 -5.407527901 -0.201135061 -0.584301941 0.553543988 -0.401335664 0.437161274
1703614959.602675915 -4.517684261 -5.428797735 -0.209144772 -0.581082756 0.557795645 -0.405783844 0.431910085
1703614959.667572260 -4.462798426 -5.431645661 -0.216063445 -0.581188242 0.559564885 -0.406610890 0.428689807
1703614959.802356482 -4.352302763 -5.425714055 -0.217715096 -0.582119268 0.559183981 -0.407057451 0.427498145
1703614959.852276564 -4.311878881 -5.429018722 -0.218267213 -0.581569022 0.559387561 -0.406539928 0.428472072
1703614960.002037048 -4.186722068 -5.463175983 -0.222920981 -0.577694406 0.563538435 -0.408286826 0.426609274
1703614960.066933870 -4.132467440 -5.478961733 -0.225024762 -0.575380473 0.566540926 -0.408884313 0.425185030
1703614960.201720238 -4.014649689 -5.497307398 -0.229765634 -0.572367191 0.570094907 -0.410360095 0.423074684
1703614960.271608591 -3.953479615 -5.497065897 -0.230291842 -0.572188238 0.570056052 -0.410895368 0.422849518
1703614960.401402235 -3.834960618 -5.488637318 -0.232695787 -0.573753751 0.569677164 -0.409573383 0.422521249
1703614960.451323271 -3.792446397 -5.486512372 -0.229053503 -0.573746701 0.568452476 -0.410361393 0.423414728
1703614960.601084471 -3.660745017 -5.491202135 -0.228578967 -0.572922128 0.569235335 -0.411571131 0.422303887
1703614960.651005268 -3.614306774 -5.495351578 -0.231251597 -0.573236397 0.570619147 -0.410985019 0.420577147
1703614960.800767899 -3.478538137 -5.503762384 -0.233564066 -0.572398674 0.571679914 -0.409350688 0.421869469
1703614960.850688696 -3.433455217 -5.502755541 -0.233772575 -0.573870155 0.571205059 -0.408768628 0.421077231
1703614961.000449657 -3.302202285 -5.503259566 -0.231660525 -0.573972355 0.570748107 -0.410402621 0.419966693
1703614961.050370216 -3.257443840 -5.502594818 -0.234465235 -0.573887616 0.571680586 -0.410197761 0.419013256
1703614961.200130701 -3.124477340 -5.476755789 -0.238142821 -0.577148161 0.570420382 -0.409244988 0.417179970
1703614961.270019770 -3.062897534 -5.464623176 -0.239788587 -0.579927437 0.568561190 -0.408579573 0.416515394
1703614961.404804230 -2.946583838 -5.460210165 -0.237892217 -0.580841674 0.566330081 -0.408087460 0.418757465
1703614961.469700575 -2.892693663 -5.464985604 -0.233631407 -0.579589750 0.565942096 -0.408672572 0.420442617
1703614961.604485273 -2.769218912 -5.477622951 -0.238289676 -0.578403404 0.567706495 -0.410625379 0.417786591
1703614961.669381857 -2.708656718 -5.477331038 -0.241504098 -0.578045501 0.568370773 -0.411254114 0.416759064
1703614961.804166317 -2.574911542 -5.470041371 -0.246790316 -0.578963791 0.568143998 -0.410073032 0.416957355
1703614961.869062662 -2.513703957 -5.472469547 -0.241509695 -0.578651290 0.567560463 -0.410262035 0.417998646
1703614962.003848791 -2.388073735 -5.499052640 -0.234281179 -0.575373051 0.569173534 -0.412835800 0.417796532
1703614962.068745852 -2.328912573 -5.518741046 -0.232819464 -0.572198282 0.571569154 -0.414966968 0.416773612
1703614962.203531027 -2.201532290 -5.571689707 -0.236911439 -0.564554553 0.578963500 -0.421011592 0.410887651
1703614962.253451824 -2.154149809 -5.590695418 -0.237458657 -0.562185164 0.582542065 -0.421401332 0.408672853
1703614962.403213024 -2.018313505 -5.642049076 -0.229949905 -0.555321680 0.587340695 -0.424684813 0.407788609
1703614962.453134060 -1.974014705 -5.660959850 -0.227292192 -0.552930255 0.589182677 -0.426678604 0.406297029
1703614962.602895498 -1.840375671 -5.713992383 -0.229563682 -0.546239447 0.595849121 -0.431407631 0.400591747
1703614962.652816057 -1.796126779 -5.723947208 -0.226504668 -0.544410480 0.596770364 -0.431392763 0.401724589
1703614962.802578688 -1.661321993 -5.730983206 -0.220837890 -0.546392900 0.594650749 -0.432163842 0.401347354
1703614962.867475510 -1.607144504 -5.737581964 -0.215405514 -0.546143065 0.593833977 -0.433927087 0.400994070
1703614963.002260208 -1.494957941 -5.747339165 -0.210966445 -0.544963028 0.592939860 -0.438398097 0.399054795
1703614963.052180767 -1.452305848 -5.748443200 -0.207077450 -0.545039032 0.592755803 -0.438066220 0.399588535
1703614963.201941252 -1.324148943 -5.734069178 -0.211464023 -0.549282919 0.589080673 -0.432537371 0.405195827
1703614963.241877079 -1.289804213 -5.734746563 -0.210363225 -0.550834490 0.588052762 -0.431654173 0.405524337
1703614963.401622057 -1.164147463 -5.754375761 -0.207539398 -0.548777717 0.588213157 -0.434294295 0.405261353
1703614963.471511126 -1.104825922 -5.760687973 -0.210050639 -0.547305196 0.589800551 -0.434777800 0.404426258
1703614963.616280079 -0.978807670 -5.737055689 -0.209194073 -0.552023508 0.586071263 -0.432075563 0.406326505
1703614963.800985098 -0.835678601 -5.688423297 -0.200386279 -0.561868267 0.573957093 -0.424194270 0.418254142
1703614963.850905657 -0.794624335 -5.684975189 -0.200753883 -0.563131894 0.573220262 -0.422366114 0.419413718
1703614964.000665665 -0.676328540 -5.668747039 -0.207480167 -0.564566235 0.573062192 -0.420574230 0.419502094
1703614964.050585985 -0.637541965 -5.658197196 -0.203923597 -0.565218354 0.571396099 -0.421346722 0.420120995
1703614964.200346947 -0.519539391 -5.605039266 -0.208757407 -0.572702922 0.564831208 -0.416587806 0.423593756
1703614964.270234585 -0.464303088 -5.566652949 -0.210604500 -0.579189585 0.558673356 -0.412140090 0.427275148
1703614964.400027037 -0.365959463 -5.489441570 -0.215372408 -0.591740709 0.547607733 -0.401773215 0.434219977
1703614964.454938889 -0.323668812 -5.465480680 -0.214228215 -0.595313023 0.544062724 -0.399108291 0.436246180
1703614964.604699850 -0.215938725 -5.416445787 -0.211378461 -0.599366022 0.539205155 -0.394073703 0.441275525
1703614964.654619217 -0.181299469 -5.398465412 -0.208588761 -0.600557604 0.537236134 -0.392304068 0.443627568
1703614964.804380178 -0.087041971 -5.324374051 -0.211370058 -0.609178762 0.528532294 -0.385169387 0.448552554
1703614964.869276285 -0.048705697 -5.285877601 -0.211706288 -0.613926612 0.523511084 -0.381371319 0.451205249
1703614965.004061460 0.023517984 -5.196999372 -0.216153411 -0.625014457 0.512192646 -0.373067552 0.455890583
1703614965.068958282 0.059355210 -5.158359315 -0.215095842 -0.629175823 0.507408846 -0.370089643 0.457938536
1703614965.203743458 0.126633759 -5.084457689 -0.209329774 -0.636127595 0.498271172 -0.365499722 0.462036227
1703614965.253664017 0.150512921 -5.060723107 -0.204515437 -0.637571756 0.495654805 -0.363115839 0.464731597
1703614965.403426170 0.207644040 -4.991218859 -0.197178415 -0.643172742 0.486688092 -0.355016456 0.472680486
1703614965.468322277 0.232699105 -4.957550790 -0.198730953 -0.646744964 0.482679196 -0.351778960 0.474334595
1703614965.603108644 0.278931172 -4.898171780 -0.190869317 -0.650745624 0.475107196 -0.346916106 0.480054685
1703614965.668005466 0.305299936 -4.868723053 -0.188789163 -0.652676235 0.472339185 -0.344681492 0.481771829
1703614965.802790880 0.360044611 -4.799255174 -0.189163721 -0.658343829 0.464751078 -0.339715623 0.484956838
1703614965.867687702 0.385126842 -4.758977119 -0.189304229 -0.661850685 0.459866312 -0.336458303 0.487106206
1703614966.002472162 0.433120505 -4.664135723 -0.188153368 -0.670884427 0.447156223 -0.329199140 0.491521439
1703614966.067368746 0.456045365 -4.620663403 -0.187399798 -0.674779111 0.442013311 -0.325813036 0.493095579
1703614966.202152729 0.504222866 -4.544430023 -0.184841064 -0.680400980 0.434478151 -0.322218171 0.494427641
1703614966.267049313 0.525438069 -4.509736093 -0.184218762 -0.682360713 0.431976304 -0.319385891 0.495754962
1703614966.401834726 0.562647050 -4.428934320 -0.182833351 -0.688726102 0.421515244 -0.311022526 0.501244694
1703614966.451754093 0.578272177 -4.397889444 -0.184894326 -0.691414636 0.418181390 -0.306070023 0.503379844
1703614966.611499786 0.630731048 -4.309872980 -0.186585961 -0.697605274 0.409320169 -0.295668030 0.508315155
1703614966.801196575 0.691525643 -4.208205404 -0.165878089 -0.699758421 0.398792449 -0.285844162 0.519226203
1703614966.851116896 0.705203031 -4.170502761 -0.166500429 -0.701967470 0.394568126 -0.282382119 0.521361683
1703614967.000877142 0.741856131 -4.049709416 -0.162655675 -0.709846240 0.379923332 -0.272475306 0.526814753
1703614967.050797462 0.752036240 -4.005753502 -0.162465662 -0.712773004 0.375319330 -0.269452087 0.527717365
1703614967.210541010 0.784323345 -3.868176207 -0.154830480 -0.719192759 0.359921141 -0.260468966 0.534204517
1703614967.410221577 0.825133510 -3.685948196 -0.149042448 -0.728761092 0.337833234 -0.243182200 0.543726396
1703614967.609901667 0.872565005 -3.498179417 -0.156556275 -0.741188485 0.319060236 -0.226084854 0.545642588
1703614967.664813280 0.886082711 -3.451447021 -0.158800316 -0.743116987 0.316561192 -0.222800165 0.545826201
1703614967.804589510 0.918444306 -3.331844752 -0.162947536 -0.748021031 0.306654833 -0.216804810 0.547195600
1703614967.854509830 0.917565654 -3.280895950 -0.163093203 -0.750270007 0.300890965 -0.213108710 0.548766090
1703614968.004268408 0.929632927 -3.143632039 -0.149887728 -0.755856681 0.281574035 -0.199867600 0.556282018
1703614968.054187536 0.930059581 -3.093684358 -0.150603827 -0.758394259 0.275771389 -0.196051568 0.557092516
1703614968.203944921 0.934292174 -2.955723032 -0.142965975 -0.762120523 0.260596237 -0.185778948 0.562803777
1703614968.268839359 0.929413327 -2.885884354 -0.145570384 -0.765129720 0.253859593 -0.180466761 0.563527787
1703614968.413603783 0.933360027 -2.748641572 -0.139732774 -0.769453603 0.239102921 -0.169895694 0.567367958
1703614968.608287096 0.923525448 -2.557568968 -0.137543779 -0.776253891 0.217995885 -0.155213065 0.570803465
1703614968.663197517 0.913698293 -2.502065494 -0.136295817 -0.778377461 0.211490667 -0.150986414 0.571492195
1703614968.802969933 0.895875230 -2.371305338 -0.129254892 -0.780694184 0.195164309 -0.140354468 0.576825889
1703614968.867864370 0.880214042 -2.302600733 -0.130275370 -0.782638510 0.188388381 -0.134169832 0.577914558
1703614969.012629509 0.853961712 -2.160793081 -0.122517378 -0.786229015 0.171064087 -0.123467446 0.580807028
1703614969.202323437 0.809572277 -1.976638702 -0.114976380 -0.790332394 0.148899303 -0.108444328 0.584331697
1703614969.252243280 0.791982179 -1.926288725 -0.113677028 -0.791488544 0.143327736 -0.103409847 0.585072174
1703614969.402001381 0.748844213 -1.776485977 -0.111052543 -0.794502324 0.124525245 -0.087984710 0.587807972
1703614969.466897011 0.726520331 -1.709278893 -0.108417842 -0.795809285 0.116049252 -0.082924042 0.588509775
1703614969.611664772 0.676864124 -1.563189709 -0.101495872 -0.797332518 0.100113500 -0.072103832 0.590795380
1703614969.801358700 0.611807206 -1.371883839 -0.097079093 -0.800003601 0.078879187 -0.053925042 0.592338081
1703614969.851278543 0.592509904 -1.320117226 -0.099427291 -0.801129149 0.073872508 -0.048481955 0.591932800
1703614970.001037598 0.559940867 -1.177857844 -0.097037527 -0.802740295 0.062558948 -0.036956549 0.591885639
1703614970.050958395 0.534226237 -1.127380017 -0.097745438 -0.803269879 0.058929013 -0.033168919 0.591764055
1703614970.205712557 0.470115492 -0.995983491 -0.095321030 -0.805330669 0.043432947 -0.018574734 0.590940836
1703614970.275601387 0.434780580 -0.941514511 -0.090609536 -0.804694043 0.035867544 -0.011088438 0.592501531
1703614970.400403500 0.388094387 -0.850921017 -0.083121892 -0.804905161 0.024062704 -0.001878916 0.592912420
1703614970.470293283 0.360612611 -0.800620216 -0.077915707 -0.804686540 0.019451149 0.001591307 0.593379046
1703614970.600086451 0.307512665 -0.710831142 -0.075383398 -0.805271613 0.009555589 0.009440503 0.592753909
1703614970.669975996 0.264906501 -0.663703305 -0.074236113 -0.805210485 0.001544481 0.014881970 0.592800318
1703614970.804761887 0.186773153 -0.574275034 -0.074710908 -0.805529620 -0.014836035 0.024766947 0.591851773
1703614970.854683161 0.154897469 -0.537180056 -0.080333816 -0.806448063 -0.019506655 0.029220884 0.590260241
1703614971.004443884 0.060739259 -0.420939071 -0.101602509 -0.809152594 -0.036415665 0.040902292 0.585041009
1703614971.069337845 0.014825727 -0.372462552 -0.102865555 -0.808833181 -0.043552645 0.046009650 0.584615398
1703614971.204117298 -0.078375138 -0.272417156 -0.096377925 -0.807191538 -0.058723813 0.055385448 0.584744206
1703614971.254035711 -0.120019917 -0.237683030 -0.096343432 -0.806516999 -0.063973787 0.060018882 0.584666930
1703614971.403790712 -0.233148232 -0.130693476 -0.097095644 -0.806663062 -0.083091666 0.070699558 0.580854588
1703614971.458700657 -0.268776449 -0.095202971 -0.092265663 -0.805268415 -0.087245418 0.074388044 0.581719379
1703614971.603463173 -0.341758761 0.011623851 -0.089045466 -0.803547370 -0.095828702 0.077125450 0.582391749
1703614971.653381348 -0.379712253 0.042691129 -0.087684049 -0.802483845 -0.099072555 0.080265656 0.582890841
1703614971.803135633 -0.521410113 0.132132991 -0.082604205 -0.798711724 -0.120882973 0.094021402 0.581899360
1703614971.853054047 -0.578997430 0.160049549 -0.081379267 -0.797397889 -0.129781826 0.098701769 0.581008817
1703614972.007800817 -0.737440576 0.248113437 -0.075646803 -0.792823742 -0.152050576 0.111871617 0.579478971
1703614972.077687263 -0.800406556 0.288987450 -0.068172803 -0.790469500 -0.161337364 0.117818561 0.579005191
1703614972.202485323 -0.910997436 0.356367132 -0.052715446 -0.785006857 -0.175381102 0.130361889 0.579664974
1703614972.252404451 -0.964174564 0.381827887 -0.053739334 -0.784318959 -0.181556143 0.134457898 0.577756187
1703614972.402161121 -1.114896126 0.459056115 -0.062137524 -0.780774307 -0.199350382 0.151008610 0.572579520
1703614972.467056990 -1.187971280 0.491288259 -0.070079170 -0.779605396 -0.207099229 0.159255797 0.569177413
1703614972.601837873 -1.330573690 0.568852910 -0.079505475 -0.778083245 -0.225037086 0.167993493 0.561892303
1703614972.651757002 -1.381925388 0.590600180 -0.077137490 -0.776281429 -0.230072744 0.171077818 0.561414335
1703614972.801514149 -1.527140717 0.648449317 -0.063891350 -0.769788367 -0.246026853 0.187751737 0.558252580
1703614972.851433277 -1.587718652 0.660305163 -0.065505813 -0.767663629 -0.253595448 0.193355656 0.555873630
1703614973.001190424 -1.752961543 0.696099841 -0.064720007 -0.759805182 -0.274483074 0.210263684 0.550585426
1703614973.051110744 -1.816100008 0.707158226 -0.071484368 -0.758626642 -0.281704034 0.212890051 0.547545689
1703614973.200872183 -1.988299108 0.744793364 -0.076904864 -0.752544678 -0.299728020 0.226179124 0.541001502
1703614973.250792503 -2.053450937 0.751153522 -0.078229973 -0.750032493 -0.306314043 0.230890567 0.538806564
1703614973.405545712 -2.242073759 0.768496864 -0.082358561 -0.742963051 -0.327454767 0.241377525 0.531522502
1703614973.460457563 -2.304413720 0.771970060 -0.083717515 -0.739520751 -0.334311843 0.248265197 0.528875262
1703614973.600234747 -2.479824487 0.774316025 -0.083393691 -0.728740152 -0.354120298 0.268364420 0.521073069
1703614973.650155306 -2.544349982 0.771256607 -0.079045733 -0.723973930 -0.360603637 0.274850783 0.519888270
1703614973.804908514 -2.746427772 0.770670137 -0.091350842 -0.714802874 -0.381653312 0.291938231 0.508103995
1703614973.854828835 -2.820659452 0.761368046 -0.101493843 -0.711753091 -0.391027125 0.292564018 0.504887730
1703614974.004591465 -3.005532387 0.764000412 -0.100482042 -0.704722156 -0.403929862 0.299720958 0.500374556
1703614974.054513454 -3.072961423 0.759558543 -0.103778037 -0.702536607 -0.407863594 0.302900433 0.498338170
1703614974.204278231 -3.280250069 0.733510390 -0.113866280 -0.691291729 -0.429174170 0.311794820 0.490621307
1703614974.254201174 -3.353934783 0.713920883 -0.116779053 -0.686608107 -0.437266946 0.316169613 0.487240906
1703614974.403966427 -3.560800803 0.661876779 -0.114408478 -0.671873567 -0.457467524 0.335846444 0.475937539
1703614974.453888416 -3.633420890 0.643868352 -0.116227585 -0.667600740 -0.463459293 0.340959054 0.472505723
1703614974.603654861 -3.844854405 0.613400294 -0.124875915 -0.657882725 -0.479874682 0.348277390 0.464341975
1703614974.653576851 -3.915520840 0.592392539 -0.124631541 -0.653582465 -0.485363409 0.350399162 0.463112028
1703614974.803343534 -4.123723438 0.525788564 -0.114033765 -0.637463273 -0.501925316 0.363488357 0.457807567
1703614974.853264570 -4.197516315 0.499554620 -0.119317868 -0.633238942 -0.507870933 0.367795681 0.453653937
1703614975.003030062 -4.407609319 0.448596677 -0.121832148 -0.618449337 -0.521694886 0.382496065 0.446152017
1703614975.052950144 -4.484232318 0.429469066 -0.125452302 -0.615317016 -0.526339841 0.384086435 0.443654090
1703614975.202710629 -4.702392241 0.387065397 -0.128434906 -0.607740878 -0.536191576 0.392397058 0.434941568
1703614975.267606974 -4.796297094 0.359687873 -0.129890023 -0.603086088 -0.540477851 0.395364812 0.433425344
1703614975.407383204 -4.998692131 0.310754429 -0.129960958 -0.595048362 -0.546913899 0.402873775 0.429529226
1703614975.462296009 -5.078245810 0.299316369 -0.131272636 -0.592326456 -0.550503098 0.403851720 0.427784404
1703614975.602071285 -5.280471199 0.275161683 -0.134710464 -0.587370909 -0.556394176 0.408071730 0.422963827
1703614975.651991367 -5.352602428 0.258470675 -0.136779497 -0.585468756 -0.558133006 0.408989303 0.422423525
1703614975.801752090 -5.566787356 0.229908833 -0.139302583 -0.580485680 -0.562573490 0.410987516 0.421469697
1703614975.861656427 -5.654258481 0.212850509 -0.140219907 -0.578818167 -0.564517597 0.411573162 0.420591185
1703614976.001432896 -5.852508478 0.205902734 -0.132110966 -0.576287508 -0.564221238 0.417271227 0.418845825
1703614976.046360254 -5.917957078 0.197069648 -0.133299081 -0.575011356 -0.564167829 0.416977551 0.420958815
1703614976.201113224 -6.144810556 0.212622826 -0.147119231 -0.579671538 -0.562748552 0.413295840 0.420097041
1703614976.251032352 -6.218205483 0.209503205 -0.148801873 -0.580490026 -0.561799501 0.412807671 0.420716623
1703614976.400792837 -6.432443190 0.228435627 -0.148399265 -0.581385700 -0.559453586 0.412068291 0.423322663
1703614976.450712919 -6.509634198 0.229538336 -0.155557349 -0.583316457 -0.559983503 0.409538702 0.422419743
1703614976.600473166 -6.727074869 0.263755028 -0.160172106 -0.587102834 -0.555738418 0.405844983 0.426327248
1703614976.650393248 -6.802673603 0.271293713 -0.167169800 -0.589601351 -0.553630422 0.405279914 0.426159353
1703614976.800153732 -7.026170101 0.300272564 -0.169998568 -0.592530516 -0.551536210 0.402149163 0.427774997
1703614976.850074053 -7.104237397 0.298654884 -0.172564269 -0.593270175 -0.551743828 0.401421520 0.427165086
1703614977.004825830 -7.340065304 0.292440435 -0.173045514 -0.590325250 -0.554884304 0.401897477 0.426729336
1703614977.054746151 -7.416747486 0.280709497 -0.170961057 -0.588812336 -0.557200733 0.401865830 0.425830049
1703614977.204506636 -7.636933550 0.254211614 -0.165936723 -0.582200903 -0.560203869 0.409208628 0.423983529
1703614977.254426718 -7.716376852 0.242862157 -0.167297851 -0.580913614 -0.560910599 0.411413960 0.422678632
1703614977.404187202 -7.948916744 0.224801559 -0.167766927 -0.577773897 -0.564792070 0.415010199 0.418274761
1703614977.454107523 -8.029277239 0.214766610 -0.172230258 -0.577213167 -0.566899348 0.414165047 0.417034056
1703614977.608859539 -8.260555395 0.185494704 -0.178012567 -0.574462419 -0.571534134 0.415450460 0.413210090
1703614977.663771152 -8.334256275 0.177758117 -0.176036068 -0.572399810 -0.572752370 0.416536585 0.413292213
1703614977.803547621 -8.526301292 0.174300092 -0.182217525 -0.571857374 -0.572972531 0.416049487 0.414227531
1703614977.853467703 -8.590973900 0.172735872 -0.177824727 -0.572827821 -0.572200660 0.415727724 0.414276662
1703614978.003230095 -8.772759097 0.173843312 -0.174974770 -0.572686719 -0.570846739 0.415753543 0.416308676
1703614978.053153038 -8.832054256 0.168390873 -0.173246410 -0.572417662 -0.570689404 0.416678909 0.415969123
1703614978.202922821 -9.009229179 0.149410790 -0.183830989 -0.571287068 -0.575650015 0.414858043 0.412493577
1703614978.252846003 -9.062449638 0.144211211 -0.181025859 -0.570254964 -0.575467355 0.416345063 0.412678311
1703614978.402616024 -9.218287785 0.152915567 -0.187359149 -0.572305464 -0.575268411 0.414767309 0.411704737
1703614978.452539206 -9.267974275 0.156838509 -0.186667250 -0.573444381 -0.573566454 0.414778275 0.412482784
1703614978.602308512 -9.404269920 0.168925686 -0.182537375 -0.574672405 -0.570288375 0.414222713 0.415863368
1703614978.652233124 -9.451279781 0.167739322 -0.182749454 -0.575147486 -0.570052527 0.413497273 0.416251716
1703614978.802002668 -9.577071160 0.147419028 -0.181424685 -0.573199560 -0.571727846 0.416882532 0.413253541
1703614978.866904259 -9.630562620 0.132631857 -0.183814572 -0.571243460 -0.574604377 0.417567121 0.411276572
1703614979.006687880 -9.736001881 0.119345888 -0.184450313 -0.569387487 -0.576134067 0.418883006 0.410371118
1703614979.076575756 -9.783680093 0.121763470 -0.186903453 -0.570404136 -0.575533237 0.417510402 0.411200291
1703614979.201376200 -9.865422675 0.126502797 -0.183486158 -0.571676991 -0.572941075 0.416823226 0.413741877
1703614979.256289005 -9.898925028 0.125071185 -0.183219439 -0.572030153 -0.572869664 0.416653448 0.413523587
1703614979.401057243 -9.979162401 0.110146852 -0.181529049 -0.569643237 -0.574982998 0.418387304 0.412132501
1703614979.470945835 -10.013388469 0.104433449 -0.181487234 -0.568670409 -0.575748118 0.419138100 0.411644657
1703614979.610722303 -10.078058006 0.102233259 -0.182326149 -0.569211038 -0.575343555 0.418605349 0.412005037
1703614979.805410624 -10.153166972 0.100589914 -0.185368936 -0.570117964 -0.574966209 0.417856799 0.412037694
1703614979.875299215 -10.175286954 0.095480139 -0.185860688 -0.569327351 -0.575615956 0.418411347 0.411660763
1703614980.010084867 -10.215615480 0.088739888 -0.185465902 -0.568047658 -0.576879712 0.419271797 0.410783174
1703614980.204776287 -10.262730510 0.085198199 -0.186203697 -0.568261942 -0.576700091 0.419481593 0.410524742
1703614980.269674778 -10.271650306 0.085338048 -0.186201447 -0.568330972 -0.576685996 0.419570446 0.410358147
1703614980.404460907 -10.286627915 0.083813238 -0.186433009 -0.568225693 -0.576793330 0.419823456 0.410094235
1703614980.469358206 -10.287399748 0.083850863 -0.186444863 -0.568221304 -0.576765596 0.419880818 0.410080596
1703614980.604145527 -10.287038106 0.082458499 -0.186970819 -0.568156554 -0.576698038 0.419981148 0.410162575
1703614980.713972092 -10.280635900 0.081810651 -0.187571324 -0.568001757 -0.576735568 0.420092864 0.410209793
1703614980.823798180 -10.274640366 0.083696817 -0.187116618 -0.567923267 -0.576696701 0.420157414 0.410306988
1703614981.013497591 -10.268373811 0.085394817 -0.187055081 -0.568050833 -0.576432728 0.420072503 0.410588181
1703614981.203195810 -10.264369312 0.086168748 -0.187744241 -0.568385954 -0.576291653 0.419710037 0.410693101
1703614981.268092155 -10.255307917 0.087177583 -0.188323116 -0.568475490 -0.576447306 0.419402778 0.410664620
1703614981.412860632 -10.224597752 0.094214055 -0.187818369 -0.569534688 -0.575408027 0.418758436 0.411311577
1703614981.602558613 -10.160885039 0.101147721 -0.186913637 -0.570216239 -0.574544365 0.418385408 0.411953716
1703614981.667454004 -10.129339263 0.103659594 -0.185512270 -0.570093373 -0.574217459 0.418797591 0.412160688
1703614981.802239180 -10.061739241 0.106174595 -0.186218382 -0.569862528 -0.574489789 0.418053586 0.412855157
1703614981.867135525 -10.022083944 0.107913619 -0.187034348 -0.570217162 -0.574506187 0.417798780 0.412600544
1703614982.001920938 -9.933698316 0.107175341 -0.190391845 -0.570398418 -0.574844407 0.417516990 0.412163942
1703614982.066817045 -9.884997671 0.108646270 -0.192440360 -0.571049062 -0.574986387 0.417338898 0.411244292
1703614982.211586475 -9.770250222 0.107450154 -0.186916205 -0.569373769 -0.575837144 0.418550823 0.411145112
1703614982.401283503 -9.608624647 0.093911237 -0.184364507 -0.566198545 -0.578099998 0.420600303 0.410262093
1703614982.471172333 -9.544826356 0.091585095 -0.184970030 -0.566103079 -0.578308238 0.420907652 0.409784864
1703614982.605956554 -9.422063643 0.089184791 -0.191767766 -0.566783734 -0.580025565 0.420160433 0.407175334
1703614982.665861130 -9.364145650 0.081746946 -0.191046275 -0.564792515 -0.581724004 0.420637937 0.407026195
1703614982.805637836 -9.223585854 0.071179350 -0.184689204 -0.561626976 -0.583758734 0.423258462 0.405774759
1703614982.860549688 -9.167099912 0.070502323 -0.184838302 -0.561054111 -0.583473427 0.424295382 0.405894658
1703614983.010311127 -9.006327717 0.072715412 -0.178695084 -0.559661160 -0.582335696 0.427099328 0.406510378
1703614983.200009108 -8.809028968 0.061874083 -0.182118761 -0.557181090 -0.586006220 0.428119301 0.403558927
1703614983.269898415 -8.730897887 0.062020892 -0.186912068 -0.556798016 -0.586603990 0.427928878 0.403421124
1703614983.404684067 -8.584301213 0.067082486 -0.186564531 -0.556538257 -0.587309102 0.427288467 0.403432465
1703614983.454603672 -8.528566078 0.068824117 -0.184436251 -0.556699565 -0.587732384 0.426901870 0.403002521
1703614983.604365826 -8.370039977 0.081924454 -0.190916656 -0.557064079 -0.588300440 0.426428973 0.402169784
1703614983.654286146 -8.310087834 0.087317066 -0.186218892 -0.556551659 -0.587129337 0.427650623 0.403291877
1703614983.804049015 -8.148548579 0.105189701 -0.184282082 -0.558263749 -0.585923832 0.427441549 0.402900200
1703614983.853968859 -8.088779050 0.108214588 -0.183475070 -0.557525107 -0.585396035 0.427727393 0.404384117
1703614984.003730536 -7.923832154 0.114172522 -0.189602654 -0.557591994 -0.586387569 0.425362922 0.405348210
1703614984.053650379 -7.866982605 0.119526768 -0.187299212 -0.558714793 -0.585876039 0.425035549 0.404884959
1703614984.203410864 -7.715007559 0.137855104 -0.187570579 -0.560819925 -0.586407535 0.422291447 0.404075672
1703614984.253330708 -7.659465537 0.139937330 -0.186451306 -0.560008403 -0.586262505 0.423049514 0.404618304
1703614984.403090954 -7.498065884 0.150568143 -0.189997924 -0.559169791 -0.585733788 0.422922535 0.406671371
1703614984.453011274 -7.441899705 0.157248183 -0.191783266 -0.560318195 -0.584560720 0.423138483 0.406553944
1703614984.607763052 -7.275059362 0.182700434 -0.192814811 -0.563621485 -0.582262528 0.421391624 0.407099827
1703614984.677651644 -7.200979628 0.188754919 -0.194488281 -0.563733173 -0.582277250 0.421506031 0.406805581
1703614984.802451611 -7.072190943 0.199902816 -0.200887842 -0.565185125 -0.582602039 0.419660899 0.406233146
1703614984.852371693 -7.017118009 0.205606289 -0.198685950 -0.565426366 -0.581806212 0.419578482 0.407122160
1703614985.007123232 -6.854257529 0.227678865 -0.190841619 -0.566754529 -0.578769765 0.420770640 0.408371072
1703614985.077010870 -6.782193964 0.234226203 -0.188214458 -0.566715605 -0.577623891 0.421081941 0.409724375
1703614985.211794138 -6.652929929 0.240105776 -0.192614924 -0.568535074 -0.577543966 0.418180825 0.410287259
1703614985.401488304 -6.466892924 0.260027823 -0.188534180 -0.569671827 -0.574446152 0.418499673 0.412727091
1703614985.451407671 -6.420088141 0.263428919 -0.189101626 -0.570016375 -0.574549150 0.418045305 0.412568455
1703614985.601166248 -6.285075045 0.262423339 -0.191378773 -0.569355517 -0.576353344 0.415945249 0.413086756
1703614985.651085615 -6.241602505 0.264307467 -0.191335895 -0.570106540 -0.576299095 0.415375463 0.412699783
1703614985.810827255 -6.101011568 0.279931915 -0.177451368 -0.571414044 -0.571817922 0.417515501 0.414959108
1703614986.000521898 -5.949335702 0.272231029 -0.169370352 -0.568111665 -0.573828827 0.421544748 0.412637419
1703614986.050442457 -5.912974722 0.269110803 -0.171222900 -0.567769579 -0.574929376 0.421125356 0.412004069
1703614986.200203896 -5.799587315 0.257818500 -0.186059847 -0.567640903 -0.578278655 0.417906665 0.410769547
1703614986.265100002 -5.749004945 0.249018989 -0.191389936 -0.567144617 -0.580161268 0.416324612 0.410406754
1703614986.404877186 -5.635391570 0.242417270 -0.184778081 -0.565963896 -0.579761817 0.418281529 0.410611334
1703614986.469773531 -5.585053198 0.240617559 -0.184219715 -0.565511171 -0.580051474 0.419959787 0.409110229
1703614986.604558945 -5.478350870 0.236127538 -0.179056656 -0.562729202 -0.581471087 0.424028008 0.406727758
1703614986.654479265 -5.440265719 0.234355231 -0.178044388 -0.562423952 -0.581905837 0.424848872 0.405670225
1703614986.804240704 -5.324292509 0.232367109 -0.176315871 -0.561267266 -0.582521877 0.426500610 0.404653616
1703614986.854161024 -5.284956387 0.228301564 -0.176160877 -0.560494370 -0.582806862 0.427204879 0.404571643
1703614987.013905287 -5.163035512 0.219411409 -0.180137950 -0.559509797 -0.585313996 0.426035655 0.403546694
1703614987.208591700 -5.021076959 0.226990589 -0.179389611 -0.560043627 -0.586108725 0.424688241 0.403072693
1703614987.278479815 -4.969760671 0.229932596 -0.176716767 -0.559465239 -0.586516661 0.425074368 0.402875458
1703614987.408270121 -4.883585964 0.236252385 -0.175511735 -0.560151515 -0.586375746 0.424916985 0.402292581
1703614987.478157759 -4.835058376 0.243848066 -0.177040972 -0.561127736 -0.585702270 0.424459258 0.402396388
1703614987.602956295 -4.750419762 0.247218831 -0.180027335 -0.561221517 -0.586306432 0.423119196 0.402796876
1703614987.667851448 -4.704360394 0.246756977 -0.178587112 -0.560481413 -0.586516553 0.423295164 0.403336241
1703614987.812617302 -4.603056205 0.250801901 -0.172340186 -0.559918087 -0.585816453 0.423557281 0.404858059
1703614988.012295008 -4.471025724 0.265528554 -0.172244461 -0.562141245 -0.583921493 0.423719349 0.404344932
1703614988.206969023 -4.337655007 0.270360577 -0.173509832 -0.561427659 -0.584691922 0.424357434 0.403553105
1703614988.276852608 -4.287464777 0.276401337 -0.174438099 -0.562535256 -0.583988996 0.424312212 0.403075781
1703614988.406635046 -4.207495159 0.279736371 -0.175626220 -0.564034623 -0.584579486 0.421935255 0.402619435
1703614988.476517439 -4.166332071 0.275691764 -0.174902080 -0.562966218 -0.586157882 0.420731448 0.403079426
1703614988.601309061 -4.083731628 0.270423755 -0.173347486 -0.560473851 -0.587835799 0.421167431 0.403653480
1703614988.671191216 -4.044234870 0.272463346 -0.171748874 -0.560606602 -0.587577681 0.421223205 0.403786723
1703614988.800973654 -3.958548362 0.290309554 -0.174977250 -0.563972274 -0.585201840 0.420082687 0.403738302
1703614988.850888729 -3.927273393 0.292061328 -0.176004858 -0.564606530 -0.584909349 0.419649193 0.403726485
1703614989.010621309 -3.828442337 0.295662862 -0.179322522 -0.565579778 -0.585630145 0.419441080 0.401529611
1703614989.200315952 -3.702386964 0.317481328 -0.179654316 -0.568170729 -0.583243409 0.419946063 0.400817231
1703614989.270203590 -3.657373374 0.317877537 -0.180901492 -0.567969736 -0.584013659 0.418962536 0.401009748
1703614989.404986858 -3.563877620 0.319759922 -0.179727140 -0.566881794 -0.584245292 0.418575819 0.402612412
1703614989.454906225 -3.533746760 0.325651185 -0.177858573 -0.567529350 -0.583106944 0.418415474 0.403516072
1703614989.604665041 -3.421524463 0.346131635 -0.170234089 -0.569085240 -0.579705128 0.418166535 0.406473496
1703614989.654584408 -3.387271292 0.349012554 -0.168228168 -0.569110219 -0.578949610 0.418653933 0.407013258
1703614989.804342985 -3.286584772 0.357834310 -0.166541038 -0.570376904 -0.578053901 0.417674812 0.407518866
1703614989.869238138 -3.242252156 0.363798449 -0.164185934 -0.571272559 -0.576559850 0.417988732 0.408058602
1703614990.004020929 -3.152294627 0.370849731 -0.160070924 -0.571962030 -0.575218653 0.417940210 0.409034128
1703614990.068917513 -3.112138351 0.371532632 -0.158278227 -0.571563423 -0.575173984 0.418028049 0.409564027
1703614990.208694696 -3.010330771 0.370540891 -0.159687026 -0.570423838 -0.574765785 0.418104628 0.411642390
1703614990.263607740 -2.966909058 0.371629013 -0.160540965 -0.570765256 -0.574336848 0.418402697 0.411464932
1703614990.403384686 -2.854657863 0.376195376 -0.155645194 -0.569741042 -0.573221309 0.419894433 0.412917837
1703614990.453305244 -2.817362291 0.376594452 -0.156341282 -0.569746088 -0.573544259 0.419095054 0.413274381
1703614990.608058453 -2.722627130 0.371755053 -0.161628173 -0.571811470 -0.576905010 0.413894362 0.410978965
1703614990.662971735 -2.693689119 0.372834367 -0.163522046 -0.573474436 -0.577045210 0.412387438 0.409978656
1703614990.812733173 -2.613301018 0.382482317 -0.160340325 -0.575102264 -0.575456613 0.411297989 0.411024376
1703614991.002431154 -2.514489993 0.397748836 -0.150497788 -0.575370317 -0.572806971 0.414410462 0.411223955
1703614991.067325354 -2.478933279 0.401976163 -0.148907121 -0.575496162 -0.571872215 0.415289488 0.411462001
1703614991.202106714 -2.400989280 0.401516331 -0.147264163 -0.574567269 -0.571446900 0.415981609 0.412650209
1703614991.252025604 -2.369126251 0.398979167 -0.147880548 -0.573949868 -0.571623042 0.416220406 0.413024481
1703614991.406773567 -2.269095960 0.399699117 -0.145418075 -0.573045759 -0.571406255 0.416210268 0.414587100
1703614991.476660490 -2.221266685 0.400119105 -0.143794885 -0.573042454 -0.570947781 0.416191364 0.415241769
1703614991.601457357 -2.135378289 0.406811129 -0.139214782 -0.573380727 -0.568644680 0.417738099 0.416380416
1703614991.671344042 -2.088617574 0.410495702 -0.139883717 -0.574116926 -0.567968339 0.418180567 0.415844603
1703614991.801132441 -1.991884360 0.407683879 -0.137349804 -0.573000330 -0.567698176 0.419367852 0.416557328
1703614991.871019125 -1.942954942 0.407651438 -0.139814695 -0.573228247 -0.568159557 0.418682286 0.416304261
1703614992.000807047 -1.852711331 0.415084235 -0.146274959 -0.575614325 -0.567718248 0.417640579 0.414657071
1703614992.050727367 -1.815674331 0.419101715 -0.146183680 -0.576347481 -0.566773864 0.417957006 0.414611758
1703614992.210472107 -1.701027087 0.413849845 -0.146808855 -0.574726412 -0.568819622 0.417903757 0.414113799
1703614992.400168419 -1.561105157 0.410230332 -0.142639319 -0.573602689 -0.568541666 0.417460839 0.416493431
1703614992.470056772 -1.508118257 0.411691957 -0.142842647 -0.574246192 -0.567723062 0.416519387 0.417664262
1703614992.604841471 -1.409215693 0.407424884 -0.149973755 -0.574471856 -0.568891608 0.414672230 0.417601924
1703614992.669737577 -1.359336853 0.407884330 -0.157943525 -0.575341649 -0.569502060 0.414236565 0.416001753
1703614992.804522038 -1.249971402 0.421120018 -0.163610861 -0.578007019 -0.567354081 0.414964240 0.414514067
1703614992.854442120 -1.212210399 0.417933701 -0.165513293 -0.577691813 -0.568663790 0.414010717 0.414112050
1703614993.004202366 -1.087914610 0.391583108 -0.138542384 -0.569482939 -0.570711603 0.419253341 0.417377629
1703614993.054122210 -1.052576901 0.390535319 -0.132304680 -0.568779534 -0.570335646 0.419595721 0.418505106
1703614993.208874226 -0.952736455 0.426492589 -0.123777542 -0.575396197 -0.562366923 0.417891006 0.421935738
1703614993.278762579 -0.912121510 0.443931750 -0.121692257 -0.578329708 -0.558816049 0.418199809 0.422336704
1703614993.403562784 -0.844540687 0.448708926 -0.125234159 -0.577905392 -0.559733672 0.419261978 0.420645893
1703614993.468458652 -0.807636313 0.442984081 -0.126223710 -0.576465355 -0.561335603 0.420286832 0.419462768
1703614993.613226175 -0.724824960 0.436811116 -0.135215520 -0.575968368 -0.562986698 0.418320381 0.419898174
1703614993.802923203 -0.616565907 0.441816007 -0.141834486 -0.579363328 -0.560946623 0.413893037 0.422338223
1703614993.867818832 -0.579551899 0.443569206 -0.144379800 -0.580271460 -0.560965652 0.412775460 0.422159909
1703614994.012586117 -0.504013324 0.450334588 -0.147549397 -0.581334233 -0.561215113 0.412606396 0.420528321
1703614994.207271338 -0.414671703 0.451715254 -0.151214586 -0.581701664 -0.561979952 0.411887131 0.419703109
1703614994.277158499 -0.384370762 0.449694358 -0.151063048 -0.581600730 -0.562268865 0.411187573 0.420141754
1703614994.401955366 -0.330558749 0.453867863 -0.152767616 -0.583270203 -0.560839410 0.409823544 0.421069696
1703614994.466850996 -0.301196763 0.457164029 -0.149945913 -0.583673553 -0.559508988 0.409505733 0.422587188
1703614994.601633310 -0.251717943 0.456972537 -0.147120155 -0.583335421 -0.559434494 0.409674547 0.422988887
1703614994.671519518 -0.227909427 0.454722357 -0.146647772 -0.582785918 -0.560255687 0.409938418 0.422403399
1703614994.801309109 -0.192049949 0.456591910 -0.144446113 -0.582937301 -0.559913376 0.409917033 0.422669068
1703614994.871196270 -0.174049266 0.459091818 -0.144843521 -0.583909931 -0.558973672 0.409307605 0.423160621
1703614995.010970116 -0.148723138 0.462988724 -0.144388857 -0.585239482 -0.558069800 0.408493110 0.423303941
1703614995.200668573 -0.133160867 0.462506355 -0.142364493 -0.584578462 -0.558784924 0.409264315 0.422528283
1703614995.270557642 -0.130348283 0.463698658 -0.142129972 -0.584887326 -0.558591911 0.409056722 0.422557086
1703614995.405343771 -0.133600117 0.463859810 -0.140897815 -0.585148508 -0.558130233 0.408748525 0.423103427
1703614995.520160913 -0.143599321 0.462201359 -0.138847071 -0.584586415 -0.558507349 0.408961728 0.423176760
1703614995.600033760 -0.153057317 0.461730620 -0.137236118 -0.584216536 -0.558860800 0.409147904 0.423040942
1703614995.669923067 -0.160891651 0.461232911 -0.136698726 -0.584002883 -0.559018184 0.409237793 0.423041052
1703614995.804708004 -0.181372282 0.460379141 -0.134473814 -0.583688415 -0.558924643 0.409529961 0.423315825
1703614995.869606018 -0.191464282 0.458869655 -0.135075329 -0.583538173 -0.559276727 0.409408454 0.423175449
1703614996.009383440 -0.216434687 0.457358020 -0.135030246 -0.583132032 -0.560118001 0.409751165 0.422289995
1703614996.114217758 -0.233511007 0.458093135 -0.134268358 -0.582777437 -0.560470757 0.410190882 0.421884378
1703614996.214060068 -0.248642994 0.459277644 -0.133702844 -0.582915067 -0.560286356 0.410216888 0.421913887
1703614996.408752203 -0.285892380 0.461363924 -0.133419289 -0.583876794 -0.560033328 0.409522565 0.421594390
1703614996.478642225 -0.299354586 0.459778703 -0.132189125 -0.583306063 -0.560425135 0.410070621 0.421330975
1703614996.603445530 -0.315459898 0.456299193 -0.128880163 -0.582010150 -0.561734957 0.411007752 0.420464805
1703614996.668343067 -0.323388801 0.456674574 -0.128993508 -0.582035175 -0.561830308 0.410966858 0.420342719
1703614996.803130865 -0.334541310 0.461788841 -0.126946557 -0.582822485 -0.560856641 0.410590529 0.420919466
1703614996.868028641 -0.339318775 0.461438759 -0.127048154 -0.582955928 -0.560731969 0.410549740 0.420940561
1703614997.002816439 -0.345192817 0.458524735 -0.125244673 -0.582143249 -0.561549118 0.411099791 0.420438804
1703614997.112640142 -0.347746968 0.457654251 -0.124490919 -0.581683598 -0.561849066 0.411574388 0.420209878
1703614997.222462654 -0.353944437 0.459303161 -0.125045497 -0.582051679 -0.561434145 0.411457732 0.420368979
1703614997.402173281 -0.359248616 0.460604612 -0.122410587 -0.582330636 -0.561099803 0.411273403 0.420609354
1703614997.511996746 -0.363925941 0.459229559 -0.121474514 -0.581891513 -0.561418979 0.411631936 0.420440421
1703614997.626811743 -0.373178387 0.459023917 -0.121740976 -0.581743702 -0.561525948 0.411811367 0.420326389
1703614997.806523085 -0.385602950 0.460621636 -0.120292568 -0.582017391 -0.561109694 0.411837471 0.420477783
1703614997.921338320 -0.393625583 0.460500829 -0.118612095 -0.581861313 -0.561155522 0.411961363 0.420511270
1703614998.036154270 -0.402528592 0.459784240 -0.118764751 -0.581638022 -0.561290322 0.412176023 0.420429913
1703614998.200895071 -0.405657817 0.462145137 -0.115099800 -0.581639880 -0.561137977 0.412334847 0.420474964
1703614998.315714121 -0.408382190 0.462135646 -0.114398817 -0.581674946 -0.561041055 0.412311625 0.420578549
1703614998.425541639 -0.416987920 0.460371769 -0.116202177 -0.581578941 -0.561103732 0.412335143 0.420604644
1703614998.600267410 -0.417978703 0.462188006 -0.112565293 -0.581459589 -0.561121696 0.412478668 0.420604966
1703614998.725070238 -0.422703555 0.462098839 -0.113002385 -0.581476183 -0.561109386 0.412469988 0.420606959
1703614998.839890957 -0.423986303 0.462253666 -0.112416412 -0.581436982 -0.561060887 0.412565214 0.420632454
1703614999.004632235 -0.426810176 0.463616901 -0.110410265 -0.581447706 -0.560938977 0.412611442 0.420734865
1703614999.114459753 -0.427790246 0.463421798 -0.109937255 -0.581409650 -0.560954563 0.412639113 0.420739539
1703614999.224286556 -0.431135643 0.462393485 -0.110769852 -0.581294994 -0.561060417 0.412767477 0.420630893
1703614999.404005289 -0.432918493 0.464043872 -0.108576762 -0.581272832 -0.560991644 0.412869712 0.420652911
1703614999.543785810 -0.433004632 0.464711504 -0.107771711 -0.581238337 -0.560950796 0.412947316 0.420678874
1703614999.688558578 -0.435136707 0.464439683 -0.108374611 -0.581129544 -0.561045458 0.413015789 0.420635716
1703614999.833332300 -0.436780496 0.465098398 -0.108945198 -0.581171424 -0.560956299 0.413059377 0.420653964
1703615000.008059025 -0.438339382 0.465489974 -0.108830431 -0.581181890 -0.560884315 0.413104681 0.420691001
1703615000.152829647 -0.437711984 0.467802315 -0.106076895 -0.581108778 -0.560935707 0.413197283 0.420632531
1703615000.322561741 -0.440208678 0.466874251 -0.107696506 -0.581127606 -0.560960858 0.413202675 0.420567677
1703615000.482308865 -0.438659709 0.467990598 -0.106564613 -0.581060893 -0.560901302 0.413284800 0.420658581
1703615000.627080679 -0.440959050 0.466304219 -0.108813015 -0.581113618 -0.560850866 0.413257219 0.420680092
1703615000.806796551 -0.439753898 0.467751245 -0.107604436 -0.581076491 -0.560811660 0.413280859 0.420760413
1703615000.951568842 -0.438186697 0.471142195 -0.104902299 -0.581130412 -0.560751180 0.413305933 0.420741920
1703615001.121299744 -0.440546384 0.469383215 -0.106646971 -0.581066457 -0.560732364 0.413324281 0.420837292
1703615001.286038637 -0.440962740 0.469005755 -0.107122834 -0.581078838 -0.560697167 0.413298258 0.420892648
1703615001.430809498 -0.439625476 0.470009196 -0.106543124 -0.581049064 -0.560655375 0.413355925 0.420932792
1703615001.600541353 -0.439213600 0.471489886 -0.105007181 -0.580975424 -0.560712090 0.413390094 0.420925335
1703615001.745311499 -0.437230193 0.472858120 -0.104382154 -0.581041106 -0.560596143 0.413360025 0.421018631
1703615001.910050869 -0.436693013 0.472671208 -0.104872068 -0.581009123 -0.560553416 0.413407241 0.421073294
1703615002.079783201 -0.436071684 0.472218051 -0.105440011 -0.580946025 -0.560572311 0.413453649 0.421089634
1703615002.264492989 -0.434957868 0.472259006 -0.105763782 -0.581053131 -0.560434986 0.413383330 0.421193671
1703615002.404273033 -0.434188070 0.473613014 -0.104870505 -0.581014645 -0.560467007 0.413406678 0.421181237
1703615002.603959560 -0.433513714 0.474148496 -0.104921491 -0.580984771 -0.560418449 0.413466651 0.421228188
1703615002.753724337 -0.431593381 0.474868277 -0.104098242 -0.580993662 -0.560317272 0.413466111 0.421351036
1703615002.923457623 -0.432295003 0.474713962 -0.104388802 -0.581041995 -0.560215627 0.413450473 0.421434879
1703615003.068230391 -0.436966604 0.471374861 -0.106812773 -0.580902963 -0.560352971 0.413466849 0.421427883
1703615003.203018427 -0.433004635 0.474180374 -0.104410241 -0.580843339 -0.560316130 0.413560875 0.421466786
1703615003.312845469 -0.431141810 0.474344475 -0.104452986 -0.580881014 -0.560252334 0.413547405 0.421512887
1703615003.482577562 -0.430274693 0.473409631 -0.104998100 -0.580880893 -0.560172615 0.413578224 0.421588760
1703615003.612373829 -0.431483550 0.472127129 -0.106041818 -0.580889669 -0.560187267 0.413603043 0.421532847
1703615003.802075148 -0.443123734 0.476263160 -0.101618549 -0.580688001 -0.559495691 0.414095508 0.422245104
1703615003.866972923 -0.456302648 0.475394600 -0.100495900 -0.580275136 -0.559254739 0.414600008 0.422636649
1703615004.001761198 -0.494942333 0.473227639 -0.099998365 -0.580347270 -0.560488787 0.413677684 0.421805808
1703615004.051681757 -0.504032951 0.469907566 -0.098907166 -0.579247185 -0.560132368 0.414373622 0.423106287
1703615004.201441050 -0.525054511 0.466907759 -0.096429604 -0.578885290 -0.560457137 0.414553168 0.422995615
1703615004.251360893 -0.531096158 0.464944277 -0.096779688 -0.578703941 -0.560582390 0.414658909 0.422974138
1703615004.401120424 -0.538992506 0.468161444 -0.095049246 -0.578665867 -0.560190694 0.415134639 0.423078518
1703615004.471007347 -0.543431657 0.468626751 -0.096017751 -0.578903108 -0.560020639 0.414794076 0.423313064
1703615004.600799084 -0.547356999 0.468440069 -0.095373081 -0.579141216 -0.560057136 0.414675671 0.423055014
1703615004.670686007 -0.555189358 0.464557595 -0.097431202 -0.578762935 -0.560213793 0.414861228 0.423183332
1703615004.800477505 -0.550587166 0.463620064 -0.095035822 -0.578220761 -0.560706653 0.415218162 0.422921599
1703615004.870364428 -0.551711233 0.462918227 -0.096084033 -0.578337849 -0.560783073 0.415117034 0.422759418
1703615005.000154972 -0.548705324 0.464899740 -0.095892772 -0.578729830 -0.560443380 0.414841817 0.422943576
1703615005.114970922 -0.543688268 0.465048003 -0.096310908 -0.579041936 -0.560244315 0.414568080 0.423048520
1703615005.224793434 -0.548830198 0.460818691 -0.099898129 -0.578899741 -0.560519095 0.414504907 0.422941031
1703615005.404504776 -0.525313148 0.462916250 -0.098153463 -0.579093415 -0.560543939 0.414344011 0.422800603
1703615005.514327049 -0.514018631 0.463453256 -0.099301257 -0.579511415 -0.560388740 0.413976469 0.422793641
1703615005.624150753 -0.508520293 0.462899658 -0.101945440 -0.580026109 -0.560102210 0.413542695 0.422892027
1703615005.803861856 -0.492586630 0.463830813 -0.101789461 -0.580383359 -0.559926329 0.413304296 0.422867853
1703615005.913685083 -0.487784179 0.463395127 -0.102278211 -0.580259767 -0.560080717 0.413428323 0.422711739
1703615006.023507357 -0.490611044 0.462587422 -0.104309854 -0.580415079 -0.560137727 0.413306441 0.422542127
1703615006.203222513 -0.488671437 0.462640910 -0.103179498 -0.580454330 -0.560213948 0.413228412 0.422463470
1703615006.313047171 -0.492224750 0.461737566 -0.104949072 -0.580419101 -0.560153370 0.413310212 0.422512176
1703615006.422872782 -0.491933963 0.462007000 -0.105171867 -0.580497229 -0.560139958 0.413251585 0.422479966
1703615006.602586746 -0.490796975 0.462561042 -0.103966883 -0.580450634 -0.560222797 0.413323613 0.422363672
1703615006.717405319 -0.490032494 0.462942736 -0.104115645 -0.580471314 -0.560166239 0.413342032 0.422392239
1703615006.822238207 -0.493670205 0.462199561 -0.106015891 -0.580468629 -0.560189167 0.413324571 0.422382607
1703615007.001952410 -0.492916363 0.463309027 -0.104914869 -0.580517414 -0.560124778 0.413316247 0.422409097
1703615007.111777544 -0.496207008 0.463015554 -0.106396648 -0.580493632 -0.560113533 0.413330236 0.422443001
1703615007.226593971 -0.496202422 0.463440302 -0.106492410 -0.580567055 -0.560022750 0.413319597 0.422472869
1703615007.401314974 -0.496529163 0.464475603 -0.105428896 -0.580541257 -0.559980124 0.413375543 0.422510083
1703615007.571043491 -0.494872957 0.465915540 -0.104723300 -0.580529163 -0.559889911 0.413447793 0.422575557
1703615007.735780954 -0.496428665 0.465886239 -0.105453620 -0.580499732 -0.559896045 0.413483024 0.422573389
1703615007.845604897 -0.499389988 0.465525605 -0.107074598 -0.580486329 -0.559901713 0.413494460 0.422573101
1703615008.000358105 -0.499638993 0.466478934 -0.106204124 -0.580522879 -0.559825657 0.413466912 0.422650604
1703615008.145127773 -0.498358821 0.467574282 -0.105941445 -0.580522691 -0.559817592 0.413475402 0.422653239
1703615008.309866190 -0.499582439 0.467340927 -0.106544249 -0.580447061 -0.559852250 0.413572724 0.422615982
1703615008.454637051 -0.500690167 0.466586702 -0.107830833 -0.580379905 -0.559910838 0.413649825 0.422555134
1703615008.604399681 -0.499975097 0.467901962 -0.107266040 -0.580313878 -0.559905984 0.413708612 0.422594694
1703615008.769138336 -0.497451629 0.469433061 -0.106934974 -0.580372496 -0.559820187 0.413697932 0.422638315
1703615008.933877230 -0.498052326 0.469500743 -0.107993871 -0.580344618 -0.559861522 0.413727228 0.422593163
1703615009.093623877 -0.498823547 0.469339520 -0.108772897 -0.580314427 -0.559902715 0.413782989 0.422525447
1703615009.263353586 -0.498866409 0.469393451 -0.109525627 -0.580317918 -0.559847731 0.413764977 0.422611140
1703615009.428091526 -0.498894647 0.469493262 -0.110442193 -0.580274170 -0.559886499 0.413802877 0.422582744
1703615009.602814198 -0.497106624 0.471455201 -0.109566299 -0.580263754 -0.559862587 0.413841885 0.422590527
1703615009.747583389 -0.494348485 0.472403852 -0.109553403 -0.580224673 -0.559869657 0.413942182 0.422536586
1703615009.912321806 -0.494388579 0.471572335 -0.110290414 -0.580195019 -0.559832978 0.413992864 0.422576248
1703615010.077059746 -0.497972652 0.469348836 -0.112355911 -0.580121536 -0.559922146 0.414033268 0.422519404
1703615010.211841345 -0.495629110 0.470170319 -0.112375667 -0.580169583 -0.559853648 0.414053719 0.422524160
1703615010.401534557 -0.491910890 0.472437832 -0.111134521 -0.580194039 -0.559807550 0.414104071 0.422502310
1703615010.571260452 -0.488056109 0.473869919 -0.110613914 -0.580162364 -0.559825328 0.414138658 0.422488350
1703615010.735993624 -0.488365783 0.473370560 -0.111154321 -0.580141182 -0.559800937 0.414164337 0.422524582
1703615010.880758524 -0.493340554 0.470562316 -0.113267010 -0.580122384 -0.559867523 0.414163376 0.422463104
1703615011.010548830 -0.491108993 0.471228140 -0.113324033 -0.580194236 -0.559769290 0.414117423 0.422539643
1703615011.200239420 -0.487478888 0.473512152 -0.112334989 -0.580155612 -0.559802220 0.414225301 0.422443299
1703615011.369961977 -0.483425078 0.475484532 -0.112059774 -0.580236937 -0.559654296 0.414196505 0.422555819
1703615011.534692526 -0.483709855 0.475235209 -0.112832791 -0.580225382 -0.559639412 0.414196361 0.422591539
1703615011.704415560 -0.484108276 0.475272051 -0.113401198 -0.580233514 -0.559598111 0.414197363 0.422634083
1703615011.844185829 -0.486031878 0.474308189 -0.114514848 -0.580255865 -0.559605596 0.414208501 0.422582566
1703615012.003924608 -0.483435979 0.476335164 -0.113956595 -0.580287712 -0.559570479 0.414191782 0.422601726
1703615012.168660164 -0.483857848 0.476019957 -0.114887642 -0.580280341 -0.559586800 0.414166811 0.422614709
