{
    "value0": {
        "T_imu_cam": [
            {
                "px":  0.12190409,
                "py":  0.03660539,
                "pz": -0.05629701,
                "qx": -0.51692221,
                "qy":  0.48648975,
                "qz": -0.48709968,
                "qw":  0.50877602
            },
            {
                "px":  0.12621878,
                "py": -0.10282605,
                "pz": -0.05532191,
                "qx": -0.51128417,
                "qy":  0.49272110,
                "qz": -0.49314958,
                "qw":  0.50261110
            }
        ],
        "intrinsics": [
            {
                "camera_type": "pinhole",
                "intrinsics": {
                    "fx": 262.7149,
                    "fy": 262.7149,
                    "cx": 329.4310,
                    "cy": 219.5617
                }
            },
            {
                "camera_type": "pinhole",
                "intrinsics": {
                    "fx": 262.7149,
                    "fy": 262.7149,
                    "cx": 329.4310,
                    "cy": 219.5617
                }
            }
        ],
        "resolution": [
            [640, 480],
            [640, 480]
        ],
        "calib_accel_bias": [0.0, 0.0, 0.0, 0.0, 0.0, 0.0, 0.0, 0.0, 0.0],
        "calib_gyro_bias": [0.0, 0.0, 0.0, 0.0, 0.0, 0.0, 0.0, 0.0, 0.0, 0.0, 0.0, 0.0],
        "imu_update_rate": 200.0,
        "accel_noise_std": [0.001093618, 0.001093618, 0.001093618],
        "gyro_noise_std":  [0.00060370,  0.00060370,  0.00060370],
        "accel_bias_std":  [0.001, 0.001, 0.001],
        "gyro_bias_std":   [0.0001, 0.0001, 0.0001],
        "cam_time_offset_ns": 9160379,
        "vignette": [
            {
                "value0": 0,
                "value1": 1000000000000,
                "value2": [[1.0],[1.0],[1.0],[1.0],[1.0],[1.0],[1.0],[1.0],[1.0],[1.0],
                           [1.0],[1.0],[1.0],[1.0],[1.0],[1.0],[1.0],[1.0],[1.0],[1.0],
                           [1.0],[1.0],[1.0],[1.0],[1.0],[1.0],[1.0],[1.0],[1.0],[1.0],
                           [1.0],[1.0],[1.0],[1.0],[1.0],[1.0],[1.0],[1.0],[1.0],[1.0],
                           [1.0],[1.0],[1.0],[1.0],[1.0],[1.0],[1.0],[1.0],[1.0],[1.0]]
            },
            {
                "value0": 0,
                "value1": 1000000000000,
                "value2": [[1.0],[1.0],[1.0],[1.0],[1.0],[1.0],[1.0],[1.0],[1.0],[1.0],
                           [1.0],[1.0],[1.0],[1.0],[1.0],[1.0],[1.0],[1.0],[1.0],[1.0],
                           [1.0],[1.0],[1.0],[1.0],[1.0],[1.0],[1.0],[1.0],[1.0],[1.0],
                           [1.0],[1.0],[1.0],[1.0],[1.0],[1.0],[1.0],[1.0],[1.0],[1.0],
                           [1.0],[1.0],[1.0],[1.0],[1.0],[1.0],[1.0],[1.0],[1.0],[1.0]]
            }
        ]
    }
}
