{
    "value0": {
        "T_imu_cam": [
            {
                "px": 0.0,
                "py": 0.0,
                "pz": 0.0,
                "qx": 0.0,
                "qy": 0.0,
                "qz": 0.0,
                "qw": 1.0
            },
            {
                "px": 0.139502,
                "py": 0.0,
                "pz": 0.0,
                "qx": 0.0,
                "qy": 0.0,
                "qz": 0.0,
                "qw": 1.0
            }
        ],
        "intrinsics": [
            {
                "camera_type": "pinhole",
                "intrinsics": {
                    "fx": 262.7149,
                    "fy": 262.7149,
                    "cx": 329.4310,
                    "cy": 219.5617
                }
            },
            {
                "camera_type": "pinhole",
                "intrinsics": {
                    "fx": 262.7149,
                    "fy": 262.7149,
                    "cx": 329.4310,
                    "cy": 219.5617
                }
            }
        ],
        "resolution": [
            [640, 480],
            [640, 480]
        ],
        "calib_accel_bias": [0.0, 0.0, 0.0, 0.0, 0.0, 0.0, 0.0, 0.0, 0.0],
        "calib_gyro_bias": [0.0, 0.0, 0.0, 0.0, 0.0, 0.0, 0.0, 0.0, 0.0, 0.0, 0.0, 0.0],
        "imu_update_rate": 200.0,
        "accel_noise_std": [0.016, 0.016, 0.016],
        "gyro_noise_std": [0.000282, 0.000282, 0.000282],
        "accel_bias_std": [0.001, 0.001, 0.001],
        "gyro_bias_std": [0.0001, 0.0001, 0.0001],
        "cam_time_offset_ns": 0,
        "vignette": [
            {
                "value0": 0,
                "value1": 1000000000000,
                "value2": [[1.0],[1.0],[1.0],[1.0],[1.0],[1.0],[1.0],[1.0],[1.0],[1.0],
                           [1.0],[1.0],[1.0],[1.0],[1.0],[1.0],[1.0],[1.0],[1.0],[1.0],
                           [1.0],[1.0],[1.0],[1.0],[1.0],[1.0],[1.0],[1.0],[1.0],[1.0],
                           [1.0],[1.0],[1.0],[1.0],[1.0],[1.0],[1.0],[1.0],[1.0],[1.0],
                           [1.0],[1.0],[1.0],[1.0],[1.0],[1.0],[1.0],[1.0],[1.0],[1.0]]
            },
            {
                "value0": 0,
                "value1": 1000000000000,
                "value2": [[1.0],[1.0],[1.0],[1.0],[1.0],[1.0],[1.0],[1.0],[1.0],[1.0],
                           [1.0],[1.0],[1.0],[1.0],[1.0],[1.0],[1.0],[1.0],[1.0],[1.0],
                           [1.0],[1.0],[1.0],[1.0],[1.0],[1.0],[1.0],[1.0],[1.0],[1.0],
                           [1.0],[1.0],[1.0],[1.0],[1.0],[1.0],[1.0],[1.0],[1.0],[1.0],
                           [1.0],[1.0],[1.0],[1.0],[1.0],[1.0],[1.0],[1.0],[1.0],[1.0]]
            }
        ]
    }
}
