1770731344.524798870 0.000061762 -0.041638754 0.194303036 0.002721790 0.018831728 0.686680734 0.726710081
1770731344.829612255 0.000001304 -0.039553776 0.193581507 0.002605396 0.018843977 0.686699092 0.726692915
1770731345.124266386 -0.000205733 -0.038199678 0.193053752 0.002562009 0.018821567 0.686685443 0.726706445
1770731345.727838993 -0.003216472 0.010962203 0.193405911 0.002450071 0.018393008 0.688653469 0.724853218
1770731346.332377195 0.016889496 0.516067803 0.180133730 -0.006007679 0.022529928 0.672988713 0.739285171
1770731346.629797935 0.059845392 0.915887833 0.169521227 -0.005302449 0.024949398 0.664128244 0.747183502
1770731346.928603888 0.126684934 1.366100311 0.140646234 -0.010021363 0.045881629 0.660701394 0.749178410
1770731347.231998682 0.166903645 1.815981030 0.115265280 -0.004139361 0.059146188 0.680490196 0.730354607
1770731347.323266506 0.185433209 1.967198610 0.098620132 -0.007023608 0.074758470 0.688974679 0.720885396
1770731347.429455280 0.176196262 2.119465113 0.087373219 -0.010978919 0.069618933 0.700059354 0.710598111
1770731347.527842522 0.150312781 2.249835253 0.079867929 -0.011985133 0.055143259 0.704499304 0.707457721
1770731347.627840757 0.141946465 2.400098801 0.065795407 -0.018836139 0.059371762 0.704769075 0.706697166
1770731347.728575706 0.147446811 2.545523882 0.053816184 -0.016235018 0.065128796 0.705194652 0.705829501
1770731348.027478456 0.134624466 2.917513847 0.051688090 -0.007412575 0.036152005 0.683995306 0.728552461
1770731348.123677254 0.150816917 3.033492327 0.050730646 0.000199977 0.034740895 0.677985489 0.734253943
1770731348.226404905 0.148219407 3.160450220 0.049688213 -0.001283505 0.025149669 0.672418714 0.739742577
1770731348.326928139 0.150227308 3.279218435 0.056093588 0.000710832 0.020370958 0.669871569 0.742197275
1770731348.427332640 0.172595426 3.422218561 0.044484913 0.000451398 0.030018833 0.667548895 0.743960500
1770731348.526902676 0.181394741 3.573355198 0.035000622 -0.004842366 0.032271475 0.664615512 0.746472657
1770731348.626581430 0.191269934 3.725451469 0.029594705 -0.011011206 0.034176704 0.662946224 0.747805536
1770731348.726003170 0.227991551 3.880054474 0.021244377 -0.005622807 0.050715350 0.662182033 0.747603714
1770731348.826038122 0.263672382 4.031514645 0.011588141 -0.000903371 0.059706829 0.661624312 0.747454166
1770731349.027215719 0.269775987 4.319521904 0.004967511 -0.000498560 0.043019589 0.662239313 0.748056293
1770731349.132391930 0.290922314 4.460844994 0.005103260 0.006155840 0.042133506 0.661357224 0.748861492
1770731349.225999117 0.305432856 4.584073067 0.005171247 0.008756834 0.040702578 0.659532011 0.750522554
1770731349.326571703 0.310043156 4.694365501 0.009860501 0.013614393 0.028978940 0.658096910 0.752252162
1770731349.429428577 0.319562405 4.828130722 0.009051546 0.012830129 0.030029114 0.659305394 0.751165807
1770731349.622526646 0.334592223 5.098326683 0.008506089 0.006254872 0.025539484 0.657355249 0.753121912
1770731349.825888157 0.366371751 5.379571438 0.008968472 0.009334023 0.024519470 0.656216621 0.754116297
1770731349.924562454 0.373302996 5.525484085 0.003316984 0.002907681 0.026486099 0.657930911 0.752606869
1770731350.024737597 0.387620300 5.668027878 0.003249764 0.005351988 0.026937842 0.661361396 0.749564469
1770731350.125216961 0.400479823 5.807960033 0.003836975 0.005762534 0.026955783 0.662402570 0.748640835
1770731350.225118399 0.423857272 5.938018799 0.007349223 0.011232046 0.029974457 0.660999835 0.749703050
1770731350.326473475 0.429570884 6.062098503 0.009118095 0.011936445 0.021893024 0.660167813 0.750704229
1770731350.427007198 0.425651431 6.192451954 0.011957213 0.010166183 0.015389500 0.662079155 0.749206960
1770731350.623631001 0.457423329 6.486077785 0.004402325 0.008695652 0.031362414 0.673782110 0.738213122
1770731350.728544474 0.457958102 6.624875546 0.008934990 0.013125725 0.024488986 0.683224201 0.729679942
1770731350.828819275 0.452643782 6.761905670 0.007385358 0.008301851 0.023702439 0.685433209 0.727702320
1770731350.928531647 0.458848804 6.887027740 0.008909240 0.011714008 0.022987662 0.685054004 0.728035390
1770731351.025589466 0.454369128 7.014530659 0.009234548 0.007569847 0.019790858 0.684815109 0.728408813
1770731351.126230240 0.459079564 7.157039642 0.006801561 0.006183274 0.023328660 0.684580445 0.728537738
1770731351.329361677 0.469261795 7.438985348 0.009498149 0.007016360 0.020804701 0.682329535 0.730714977
1770731351.426723480 0.483372033 7.570245266 0.010548934 0.010819831 0.025814082 0.683406472 0.729501307
1770731351.525520563 0.484420329 7.708851814 0.005132236 0.005793177 0.025881350 0.681767881 0.731087744
1770731351.725770235 0.487178326 7.989435196 0.003246114 0.003892756 0.025256574 0.682430446 0.730503798
1770731351.826696634 0.495139301 8.131810188 0.002398640 0.002254623 0.025803208 0.679799080 0.732940972
1770731351.926277876 0.491373956 8.260050774 0.004578069 0.003818967 0.017548651 0.678511858 0.734369934
1770731352.124045849 0.499695420 8.533801079 0.002441183 0.003035084 0.019584564 0.682462037 0.730652332
1770731352.224654675 0.507512271 8.672010422 0.007200360 0.006600664 0.019750712 0.684194028 0.729002714
1770731352.324748755 0.510312498 8.813826561 0.006973527 0.006313655 0.019121258 0.683538735 0.729636431
1770731352.423515558 0.513428569 8.947757721 0.006834477 0.004550973 0.018533617 0.682009578 0.731094241
1770731352.526948452 0.521440566 9.085561752 0.007007793 0.005584811 0.020026147 0.682493508 0.730596006
1770731352.824810982 0.532639146 9.481011391 0.013362356 0.008824898 0.013033599 0.681469381 0.731677413
1770731352.924598217 0.523347080 9.619118690 0.009970337 0.001370306 0.011260091 0.680305839 0.732840598
1770731353.023817062 0.536042988 9.755944252 0.007434413 0.001568545 0.014623731 0.678547502 0.734409332
1770731353.124095201 0.542885125 9.901122093 0.005715370 -0.002098311 0.018461017 0.677303433 0.735469162
1770731353.224402905 0.541757524 10.066076279 -0.007070586 -0.016496575 0.024355020 0.673046589 0.739014983
1770731353.423362732 0.559430003 10.360004425 -0.013880059 -0.018129569 0.024254382 0.667834640 0.743693471
1770731353.522897959 0.581440508 10.483311653 -0.010122947 -0.005911391 0.021337537 0.666146696 0.745492101
1770731353.623875141 0.589878619 10.615523338 -0.009374723 -0.005288060 0.018834531 0.665865064 0.745815754
1770731353.724512815 0.599755347 10.748283386 -0.010392629 -0.005260048 0.019062191 0.665806830 0.745862186
1770731353.823112965 0.606598020 10.878495216 -0.011063725 -0.004684229 0.017227439 0.666352272 0.745423377
1770731354.021732330 0.636071682 11.158865929 -0.017304823 -0.004476570 0.024455901 0.665763199 0.745748818
1770731354.124536991 0.667547226 11.313696861 -0.022566006 -0.002027679 0.037123140 0.666058004 0.744972885
1770731354.218027115 0.674086213 11.453508377 -0.026468202 -0.004786216 0.035169479 0.665983379 0.745121717
1770731354.323221684 0.673346341 11.596983910 -0.027155206 -0.003736145 0.025489658 0.665213346 0.746208847
1770731354.423905373 0.683164656 11.750188828 -0.036873519 -0.009742709 0.033159103 0.668158591 0.743215799
1770731354.523998499 0.693120480 11.880079269 -0.034422532 -0.003589005 0.027034696 0.670985579 0.740968764
1770731354.622322083 0.690142274 12.016194344 -0.036715224 -0.008522830 0.026162621 0.673768997 0.738429606
1770731354.723664045 0.699323893 12.147871971 -0.036060885 -0.004364525 0.024997707 0.676083088 0.736388326
1770731354.822061300 0.696007788 12.278977394 -0.040784955 -0.007282801 0.019794673 0.675184906 0.737347007
1770731354.923780918 0.708263993 12.413374901 -0.038927011 -0.002477909 0.020841122 0.676015019 0.736588895
1770731355.123363018 0.729233563 12.693758011 -0.043338597 -0.003492449 0.026343402 0.675297022 0.737067044
1770731355.231951714 0.729742706 12.833105087 -0.042958304 -0.001906709 0.018107772 0.674396694 0.738144755
1770731355.321782827 0.733331084 12.950667381 -0.042224832 -0.001585975 0.016672460 0.673995614 0.738545537
1770731355.431495428 0.760951817 13.111468315 -0.050466061 -0.001123828 0.030317277 0.673784256 0.738305092
1770731355.522422314 0.773163378 13.241703033 -0.051979043 -0.000467910 0.031171080 0.673365057 0.738652706
1770731355.631370783 0.775768816 13.394619942 -0.051671892 -0.002349359 0.028089285 0.672717273 0.739362597
1770731355.725271463 0.780542254 13.522753716 -0.053806633 -0.001534980 0.024744954 0.672412634 0.739761174
1770731355.821276188 0.789835215 13.656287193 -0.055605352 -0.002493658 0.025876340 0.671406686 0.740633130
1770731355.923264027 0.795100987 13.787434578 -0.054414146 -0.001186196 0.021179050 0.670032024 0.742029190
1770731356.023353577 0.796996295 13.914737701 -0.052045807 -0.000905281 0.015988467 0.669238925 0.742874742
1770731356.125330925 0.808792830 14.055259705 -0.056019336 -0.002497444 0.017257361 0.667327821 0.744560003
1770731356.221775532 0.825129151 14.203172684 -0.064896554 -0.006355112 0.024453040 0.665438116 0.746025383
1770731356.418020725 0.853299916 14.496163368 -0.070128664 -0.010482575 0.030552682 0.663313806 0.747644067
1770731356.518019438 0.848579407 14.612712860 -0.064113319 -0.003480972 0.010288565 0.660855591 0.750434458
1770731356.620702982 0.857942164 14.730783463 -0.059118412 -0.002541440 0.012320369 0.660694897 0.750549197
1770731356.722360849 0.879276454 14.865962982 -0.063697845 -0.000008019 0.014953820 0.659104764 0.751902401
1770731356.821918488 0.884496331 15.002575874 -0.061260045 -0.003195034 0.010464846 0.656929135 0.753872871
1770731356.921772003 0.890968561 15.143720627 -0.056822181 -0.005865178 0.009363501 0.657243252 0.753597498
1770731357.020613432 0.904009044 15.284001350 -0.062653251 -0.005934549 0.011481254 0.660142362 0.751029313
1770731357.121850729 0.922367513 15.439360619 -0.070336640 -0.005728845 0.017654238 0.661987305 0.749285221
1770731357.221044540 0.938774347 15.599828720 -0.076062828 -0.009982544 0.027128696 0.662904322 0.748145998
1770731357.421570539 0.991643310 15.883308411 -0.083475977 -0.004119034 0.041450199 0.665305912 0.745407999
1770731357.522813559 0.993290365 16.008295059 -0.081204370 -0.001539207 0.031387150 0.664684415 0.746463180
1770731357.623508692 0.992153108 16.136293411 -0.082135126 -0.002709985 0.025731172 0.665265739 0.746158242
1770731357.727682829 1.005938888 16.284988403 -0.089514144 -0.004402020 0.031898852 0.666187942 0.745088458
1770731357.822072983 1.014005661 16.406717300 -0.088025503 0.000266073 0.024676919 0.665528476 0.745964408
1770731357.920750141 1.024748206 16.540588379 -0.088723563 0.000071546 0.025709510 0.664763629 0.746611297
1770731358.022210121 1.038390398 16.671556473 -0.085054144 0.005601611 0.023548897 0.665076733 0.746382654
1770731358.120628595 1.027618289 16.802717209 -0.085865438 -0.001401027 0.015448747 0.665128648 0.746567726
1770731358.221375942 1.036568284 16.941394806 -0.087322392 0.000119422 0.018987862 0.668950319 0.743064582
1770731358.322293758 1.045216084 17.094039917 -0.094605222 -0.003408392 0.022345064 0.672180653 0.740042150
1770731358.437998295 1.050907254 17.268854141 -0.100206263 -0.008966313 0.027368989 0.676564574 0.735819995
1770731358.536736012 1.048172474 17.405933380 -0.098427296 -0.008966310 0.023685005 0.681762755 0.731134951
1770731358.621221781 1.051825643 17.521265030 -0.099034958 -0.006040657 0.023632612 0.684229672 0.728858590
1770731358.720622778 1.065851092 17.647970200 -0.097278468 -0.000052509 0.024883386 0.684240222 0.728832126
1770731358.818243742 1.071475029 17.782375336 -0.100676537 -0.002309809 0.027195454 0.683770895 0.729186237
1770731358.916733503 1.079532266 17.905626297 -0.093059599 0.003466230 0.024922218 0.684391975 0.728680074
1770731359.120085478 1.076116562 18.163232803 -0.088639580 0.004987858 0.018048046 0.685394347 0.727931321
1770731359.320137024 1.084249020 18.453063965 -0.094219014 -0.001806342 0.023159472 0.683655143 0.729435503
1770731359.520893097 1.090714335 18.746816635 -0.104258314 -0.004856724 0.024325933 0.681582034 0.731321216
1770731359.621247530 1.091272950 18.886220932 -0.103228241 -0.005735032 0.024769392 0.679519832 0.733216524
1770731360.218987703 1.124247313 19.706165314 -0.112027347 -0.007075866 0.025916573 0.676119864 0.736301720
1770731360.719777584 1.154904485 20.376659393 -0.114398643 -0.005412900 0.017074466 0.671496451 0.740791321
1770731360.819765568 1.164754391 20.518281937 -0.117353886 -0.007206183 0.020383561 0.671275198 0.740892768
1770731360.919365883 1.186597228 20.648408890 -0.114722878 0.000424964 0.020992545 0.669857383 0.742192864
1770731361.023415565 1.195937037 20.786207199 -0.113567412 0.001452233 0.018480448 0.668557525 0.743429363
1770731361.117326498 1.185162187 20.915241241 -0.117367357 -0.008275513 0.011563867 0.666452885 0.745411515
1770731361.220270634 1.202819705 21.057950974 -0.119725414 -0.002028076 0.015981225 0.668130398 0.743869841
1770731361.320604324 1.223149896 21.221231461 -0.128637716 -0.008211255 0.025310006 0.666673362 0.744875073
1770731361.420245171 1.223586440 21.357681274 -0.124028295 -0.007658355 0.015484838 0.665535867 0.746165991
1770731361.519022703 1.240400910 21.483722687 -0.116765767 0.000837737 0.013514517 0.667193949 0.744760990
1770731361.723552942 1.280009270 21.779739380 -0.130863100 -0.004068071 0.027914464 0.665934563 0.745476663
1770731361.820386887 1.283539414 21.906501770 -0.124075934 0.001914451 0.018520234 0.665025890 0.746588230
1770731361.919003963 1.293604732 22.047853470 -0.126858771 -0.002617939 0.021947861 0.665071368 0.746452689
1770731362.017621040 1.316209674 22.199174881 -0.138895422 -0.004743766 0.029898550 0.663500845 0.747562826
1770731362.119410992 1.322901726 22.330226898 -0.137380987 -0.003712898 0.021805881 0.660053313 0.750893056
1770731362.718754530 1.342120647 22.554248810 -0.139274567 0.000166165 0.019231766 0.653171241 0.756965995
1770731362.918411732 1.349066734 22.639833450 -0.127295673 0.007476864 0.008801281 0.649278164 0.760463417
1770731363.018330574 1.365128875 22.741111755 -0.130730972 0.004665799 0.013281435 0.646938443 0.762412310
1770731363.117819548 1.383635402 22.862554550 -0.137345865 0.001658441 0.019446073 0.647747636 0.761604965
1770731363.217366695 1.394198656 22.979404449 -0.136225045 0.001337562 0.016597716 0.651279211 0.758655488
1770731363.414041281 1.416239858 23.247219086 -0.136192709 0.000607581 0.022025285 0.664674282 0.746808350
1770731363.516631365 1.418461323 23.386177063 -0.132656813 0.005924609 0.012838898 0.672034562 0.740384758
1770731363.620498419 1.415542364 23.543844223 -0.135692775 -0.002260439 0.014991371 0.671005428 0.741297483
1770731363.817856073 1.440397859 23.821063995 -0.138325199 -0.006004848 0.019138513 0.668286502 0.743633568
1770731364.017786741 1.459478498 24.102514267 -0.149247617 -0.009762384 0.023764458 0.665709436 0.745768726
1770731364.218001604 1.475847483 24.389591217 -0.149265155 -0.010371805 0.016749052 0.662843764 0.748498499
1770731364.418226480 1.489767671 24.655433655 -0.146098197 -0.006262043 0.009317219 0.661707163 0.749678373
1770731364.617206573 1.517350554 24.935035706 -0.151585519 -0.009511410 0.013677327 0.659321666 0.751676381
1770731364.816915989 1.550146937 25.233613968 -0.158069447 -0.013839642 0.022140590 0.657509506 0.752993643
1770731364.917867184 1.575148225 25.390409470 -0.165616855 -0.012266767 0.029238969 0.656403303 0.753743589
1770731365.018722534 1.584985614 25.521636963 -0.163839281 -0.008664857 0.019110350 0.654112101 0.756106555
1770731365.218286276 1.624564409 25.789714813 -0.163372457 -0.003060527 0.025152352 0.652639091 0.757245183
1770731365.316604853 1.640959144 25.924613953 -0.165582538 -0.003154872 0.025872882 0.652282894 0.757527351
1770731365.518571377 1.663491726 26.201042175 -0.167054310 -0.001414034 0.019445566 0.651041925 0.758791327
1770731365.714836836 1.704228997 26.484949112 -0.173754036 -0.001457117 0.026628789 0.649030149 0.760295093
1770731365.921818733 1.741324544 26.769184113 -0.178463235 -0.001107341 0.028745677 0.646746278 0.762162507
1770731366.116725922 1.767770529 27.034818649 -0.180408895 -0.001113495 0.025450524 0.646599233 0.762404323
1770731366.317894697 1.817785025 27.321800232 -0.181603089 0.005817879 0.034275055 0.652437568 0.757044673
1770731366.420960665 1.836320639 27.472249985 -0.183987796 0.008369076 0.036045160 0.660263777 0.750121593
1770731366.517195940 1.842548728 27.620412827 -0.189238325 0.006134294 0.037534714 0.669171154 0.742134511
1770731366.615852833 1.832974792 27.755973816 -0.189028487 0.004584197 0.030633297 0.680986047 0.731641114
1770731366.717365980 1.827259064 27.900083542 -0.195011646 -0.001653642 0.035544481 0.690787971 0.722181261
1770731367.015036821 1.812620163 28.285036087 -0.192927271 -0.000455071 0.019940764 0.690225661 0.723319292
1770731367.121746778 1.823036551 28.441814423 -0.199411213 0.000060545 0.025637355 0.689627409 0.723710477
1770731367.215614796 1.833448410 28.589031219 -0.207377568 -0.002367217 0.032442182 0.688553095 0.724456072
1770731367.415682077 1.840690255 28.873472214 -0.208824292 -0.002193607 0.031421687 0.686253786 0.726679921
1770731367.515832424 1.845247149 29.002275467 -0.207164690 0.003736164 0.026489943 0.685608208 0.727479100
1770731367.716037035 1.849651337 29.255868912 -0.203056127 0.007596530 0.020193754 0.685145855 0.728086412
1770731367.826311827 1.850364923 29.409486771 -0.205911219 0.003379080 0.021653978 0.683730245 0.729405701
1770731367.918135405 1.867929101 29.540544510 -0.206065029 0.007353145 0.027679976 0.683322608 0.729554713
1770731368.010564089 1.872493148 29.680042267 -0.213920280 0.001877342 0.030312147 0.681948364 0.730769575
1770731368.117959976 1.864529014 29.827743530 -0.213232875 -0.000754941 0.023398995 0.681654930 0.731299281
1770731368.215089083 1.882570028 29.970966339 -0.217849091 0.000770694 0.030313756 0.680420935 0.732193887
1770731368.317442656 1.881107092 30.110280991 -0.219581306 -0.003168842 0.025879409 0.678308308 0.734314799
1770731368.414880991 1.886919737 30.241933823 -0.220414713 -0.002231701 0.024681330 0.677493691 0.735110998
1770731368.515730619 1.895191550 30.378547668 -0.220670670 -0.000938256 0.023127168 0.676313639 0.736250103
1770731368.616041660 1.898906350 30.521268845 -0.224596635 -0.003782626 0.023506071 0.675269246 0.737187088
1770731368.715066671 1.906698823 30.659641266 -0.226052657 -0.004307541 0.023270218 0.673973739 0.738376200
1770731368.815490961 1.914386153 30.793378830 -0.224574193 -0.002460541 0.021900503 0.673370481 0.738976657
1770731368.914435387 1.922324419 30.930255890 -0.225736275 -0.003987698 0.020738481 0.671859264 0.740377724
1770731369.014032841 1.922532916 31.053176880 -0.222679004 -0.001680590 0.014060972 0.671094954 0.741236269
1770731369.116522074 1.931502581 31.205867767 -0.230090126 -0.006501716 0.018264530 0.670029402 0.742081404
1770731369.215666533 1.947562814 31.348299026 -0.232404664 -0.006311217 0.022551952 0.669202983 0.742710650
1770731369.321586847 1.965938687 31.517013550 -0.239643693 -0.011237534 0.032429930 0.669745028 0.741797626
1770731369.415670156 1.987666249 31.642791748 -0.234677285 -0.002904184 0.032242741 0.670720339 0.741003573
1770731369.515887976 1.990602493 31.788421631 -0.238970935 -0.003775054 0.029279228 0.671441913 0.740468919
1770731369.614497900 1.979532719 31.909933090 -0.233302772 -0.003597828 0.012176750 0.671937346 0.740499139
1770731369.714921951 1.991715312 32.058410645 -0.239146680 -0.004193041 0.021855801 0.673966885 0.738426387
1770731369.815077066 2.005043745 32.202842712 -0.244178087 -0.005997707 0.024121638 0.672166467 0.739982784
1770731370.013816833 2.019831657 32.481460571 -0.250606179 -0.010699350 0.023891062 0.669061899 0.742745638
1770731370.214717150 2.038646460 32.756328583 -0.255215287 -0.007398866 0.021441577 0.668642521 0.743238032
1770731370.331813335 2.056879520 32.924907684 -0.259110719 -0.008443212 0.026927233 0.667562306 0.744018972
1770731370.415200710 2.075067997 33.038219452 -0.261242032 -0.001945678 0.028669149 0.668193221 0.743432701
1770731370.526302576 2.092092752 33.192047119 -0.264156461 -0.003360544 0.030745953 0.665741086 0.745541632
1770731370.612741709 2.087815285 33.309707642 -0.268695593 -0.004669364 0.022095649 0.664575160 0.746880054
1770731370.714674234 2.093248606 33.441501617 -0.265266508 -0.003320461 0.017272679 0.665280044 0.746386707
1770731370.814083338 2.118190289 33.591823578 -0.272923797 -0.003596762 0.028218955 0.665308893 0.746026099
1770731370.916949749 2.118511438 33.731117249 -0.272601724 -0.005804815 0.019112734 0.663306296 0.748081386
1770731371.113234520 2.141469717 34.005970001 -0.279592574 -0.006117722 0.021589009 0.661119401 0.749945164
1770731371.214530230 2.150985956 34.135005951 -0.275788724 -0.002628100 0.017696349 0.660734653 0.750406325
1770731371.314207554 2.164041519 34.285968781 -0.287004083 -0.009400878 0.023992777 0.659397960 0.751352310
1770731371.413441181 2.181612492 34.431632996 -0.291544855 -0.006918904 0.026327938 0.658897758 0.751739919
1770731371.512650490 2.200196505 34.577888489 -0.294407427 -0.008064010 0.030052390 0.657290816 0.752994478
1770731371.618200541 2.219562769 34.715778351 -0.294888139 -0.003761136 0.028005805 0.655525208 0.754644454
1770731371.713511705 2.229811668 34.835945129 -0.290583283 -0.001065192 0.024203654 0.654630601 0.755560637
1770731371.812894821 2.233294010 34.962360382 -0.292682856 -0.002304913 0.020625142 0.654722273 0.755584538
1770731371.913189173 2.245715618 35.102104187 -0.299464494 -0.008081662 0.023957845 0.653969169 0.756098628
1770731372.013580322 2.260347366 35.238964081 -0.305275917 -0.005320748 0.021240531 0.652933955 0.757098258
1770731372.214380264 2.297313452 35.516796112 -0.304767966 -0.002252823 0.022917388 0.655945241 0.754457116
1770731372.312076569 2.304525137 35.660682678 -0.308388412 -0.006509217 0.024316516 0.656502664 0.753903568
1770731372.413470507 2.309844494 35.801479340 -0.315828860 -0.008531554 0.020160973 0.658674002 0.752110004
1770731372.534573078 2.325530529 35.971401215 -0.317951649 -0.008382319 0.027194735 0.665316701 0.746018708
1770731372.615130186 2.342879772 36.083171844 -0.322538912 -0.006763210 0.030554082 0.669048011 0.742560148
1770731372.712533474 2.343012571 36.214130402 -0.324830174 -0.006966095 0.025104284 0.670760810 0.741216123
1770731372.916593552 2.352864265 36.500617981 -0.333499789 -0.009655147 0.026526567 0.673049152 0.739058912
1770731373.113745928 2.366259575 36.767269135 -0.340753436 -0.009566496 0.023301302 0.671368122 0.740695894
1770731373.312319040 2.381495237 37.018840790 -0.337655425 -0.004197525 0.017197698 0.671020925 0.741227150
1770731373.513001919 2.411652803 37.300548553 -0.345780432 -0.002861499 0.025465306 0.671184123 0.740847647
1770731373.712580919 2.423318386 37.583148956 -0.350851983 -0.003928946 0.019738344 0.668710351 0.743250608
1770731373.812937737 2.438544989 37.727001190 -0.354284048 -0.004473625 0.023761567 0.666679859 0.744951904
1770731373.911689520 2.443638802 37.848487854 -0.350333810 -0.003407666 0.017531365 0.664926112 0.746695638
1770731374.112006664 2.467281580 38.117691040 -0.352890998 -0.001894199 0.018738568 0.663782895 0.747688234
1770731374.312866211 2.503710508 38.415321350 -0.360856295 -0.005649451 0.030168742 0.662163198 0.748730898
1770731374.513789654 2.532980919 38.694625854 -0.363281459 -0.002549908 0.026443418 0.659684777 0.751072705
1770731374.623194933 2.534822226 38.829559326 -0.360779941 -0.000930527 0.019219069 0.658596158 0.752250612
1770731374.712164164 2.554327965 38.948410034 -0.366243452 0.001909809 0.023759302 0.658344507 0.752339244
1770731375.120758533 2.618836164 39.530601501 -0.375598222 -0.001177411 0.027542174 0.652842760 0.756991744
1770731375.211245060 2.626382351 39.653228760 -0.376386523 -0.000933108 0.024196297 0.653551698 0.756494462
1770731375.323010921 2.639411688 39.797195435 -0.373237401 0.004482737 0.018842489 0.655606270 0.754854560
1770731375.411345482 2.649155378 39.930458069 -0.377474904 0.000928128 0.022487639 0.656920910 0.753623545
1770731375.511685610 2.664020777 40.065750122 -0.373871505 0.003812980 0.023065239 0.660505116 0.750457466
1770731375.605801582 2.681454897 40.195533752 -0.376527667 0.004323041 0.026293125 0.663847804 0.747392893
1770731375.711658955 2.700741768 40.349349976 -0.379350752 0.006409400 0.032015797 0.664975822 0.746150911
1770731375.811039209 2.702342987 40.497985840 -0.384164959 -0.002489647 0.032921579 0.663533211 0.747417986
1770731375.911076069 2.712355375 40.622592926 -0.381152421 0.003132796 0.026258016 0.661988795 0.749047041
1770731376.011507511 2.719461441 40.767375946 -0.387153327 -0.001945396 0.029744625 0.662329078 0.748619914
1770731376.110311270 2.736366510 40.905372620 -0.395119786 -0.003792483 0.034128245 0.660702825 0.749861777
1770731376.212030411 2.751768112 41.048854828 -0.395535469 -0.001142941 0.033568710 0.659415722 0.751027882
1770731376.311115742 2.766066074 41.184391022 -0.399732918 -0.002563114 0.033113535 0.657875836 0.752393723
1770731376.419689417 2.774254084 41.330108643 -0.401470929 -0.001917812 0.029316872 0.656409085 0.753832936
1770731376.613899946 2.797243595 41.585502625 -0.401698470 0.002469335 0.024988413 0.658522725 0.752141893
1770731376.810247898 2.825608492 41.868183136 -0.409686327 -0.000779736 0.027928203 0.657152295 0.753239930
1770731377.011351109 2.869677305 42.141784668 -0.414638370 0.007308125 0.034312930 0.657318115 0.752796173
1770731377.109355688 2.870481014 42.267356873 -0.410327733 0.005592200 0.025626983 0.656454325 0.753909647
1770731377.205088615 2.875817299 42.397163391 -0.409220099 0.005598612 0.025061127 0.661111891 0.749847829
1770731377.311541080 2.900530815 42.541362762 -0.411463886 0.010191942 0.033219814 0.668967903 0.742478728
1770731377.411200762 2.914049387 42.690193176 -0.418997675 0.005463528 0.037799057 0.670292497 0.741113603
1770731377.510495663 2.913044214 42.820018768 -0.416349024 0.007587708 0.027668323 0.669234693 0.742497087
1770731377.609999657 2.919769526 42.953697205 -0.415522844 0.006354884 0.029112305 0.669910073 0.741844177
1770731377.712013006 2.947016239 43.088535309 -0.419373751 0.011373972 0.034473773 0.669641197 0.741797090
1770731377.809921503 2.946716070 43.218498230 -0.417350590 0.012195467 0.028048813 0.670164466 0.741582274
1770731377.916290283 2.946793318 43.366931915 -0.416753054 0.007793887 0.025395215 0.673138499 0.739039183
1770731378.018839598 2.958676815 43.522022247 -0.422488749 0.003724796 0.032107320 0.673599660 0.738389373
1770731378.109957218 2.980327845 43.650276184 -0.425802559 0.006423735 0.035473049 0.671851993 0.739807665
1770731378.210241318 2.988178015 43.782764435 -0.425656259 0.005943723 0.032822784 0.669965804 0.741642237
1770731378.311021328 2.985664845 43.920330048 -0.427476197 0.001982121 0.030380752 0.668923616 0.742707491
1770731378.407805681 3.001291513 44.048545837 -0.427861065 0.003865998 0.033936884 0.668287933 0.743118167
1770731378.510035276 3.014683723 44.181232452 -0.426915437 0.007742333 0.031424731 0.666780531 0.744551122
1770731378.712694883 3.018935680 44.445049286 -0.426559687 0.004469394 0.021390764 0.664186239 0.747247696
1770731378.910000801 3.051318407 44.729530334 -0.435113817 0.001140086 0.028291434 0.661064029 0.749795139
1770731379.109881163 3.078371286 45.010498047 -0.438372076 0.002079720 0.030568864 0.660203338 0.750461638
1770731379.310188055 3.099560738 45.276496887 -0.436246276 0.002275348 0.023257164 0.656201303 0.754223883
1770731379.508799791 3.121796846 45.533248901 -0.434876829 0.002934186 0.018840311 0.654960513 0.755422533
1770731379.608952284 3.138219357 45.685092926 -0.445669979 -0.001930362 0.025070366 0.654270649 0.755842388
1770731379.809425116 3.179772139 45.978744507 -0.450470179 -0.003958549 0.032028850 0.650941908 0.758441210
1770731380.008054495 3.191183329 46.230075836 -0.450115770 -0.004474973 0.017159460 0.650087178 0.759652674
1770731380.112938404 3.238364697 46.360591888 -0.443168104 0.013392153 0.024054881 0.650565624 0.758950770
1770731380.209993362 3.255172253 46.500553131 -0.447943807 0.003859665 0.026322305 0.646007061 0.762867808
1770731380.306383848 3.258810043 46.636165619 -0.447301328 0.003816587 0.018608628 0.646668255 0.762534738
1770731380.508591413 3.306124687 46.956737518 -0.473345250 -0.003439186 0.044747408 0.656126380 0.753315270
1770731380.610197544 3.319490433 47.105270386 -0.470282137 -0.002289969 0.038697422 0.659007311 0.751136899
1770731380.809194088 3.333416939 47.373229980 -0.471892476 0.001767713 0.030201968 0.662153065 0.748757720
1770731381.008605957 3.346671104 47.637348175 -0.473316908 0.002189995 0.026715219 0.664941788 0.746414125
1770731381.207138300 3.353142738 47.915046692 -0.476134300 -0.000995222 0.018450914 0.665087163 0.746537089
1770731381.409421206 3.395358324 48.207118988 -0.482149899 0.003162835 0.031400289 0.665494025 0.745735765
1770731381.605559826 3.416643381 48.503242493 -0.493321985 -0.001587256 0.034004420 0.664509714 0.746503890
1770731381.709352255 3.424906015 48.644592285 -0.492448807 0.001617270 0.027040184 0.662942290 0.748180330
1770731381.810642004 3.437612534 48.800395966 -0.503936350 -0.003690480 0.033487499 0.662663341 0.748159349
1770731381.906940937 3.453533411 48.930438995 -0.504712105 0.002032346 0.030557331 0.661840379 0.749018967
1770731382.012973070 3.462744713 49.079223633 -0.502999604 0.003179765 0.029008415 0.661086023 0.749742448
1770731382.108182669 3.475493193 49.200450897 -0.501439512 0.006696813 0.024106439 0.658735573 0.751958370
1770731382.606867313 3.503691435 49.747371674 -0.506440699 0.004749301 0.012637613 0.661504149 0.749819994
1770731383.006982088 3.540664673 50.053848267 -0.521252334 0.005517244 0.029837102 0.677759469 0.734657407
1770731383.405322790 3.507791519 50.117671967 -0.521395445 0.006316985 0.017246393 0.709776759 0.704187274
1770731383.706245184 3.484371901 50.229282379 -0.529970706 0.004413871 0.022063134 0.734661162 0.678061008
1770731384.204956532 3.393424273 50.486743927 -0.550612569 -0.006528149 0.023015944 0.784887850 0.619175851
1770731384.520663023 3.352959156 50.540348053 -0.549536049 -0.001171388 0.017770350 0.810240567 0.585826933
1770731384.905833006 3.270343304 50.690658569 -0.552973390 0.003728069 0.018785208 0.833554864 0.552104712
1770731385.105655909 3.200756311 50.797683716 -0.560395539 -0.001651436 0.017892150 0.843984485 0.536066473
1770731385.504710436 3.020988703 50.982185364 -0.592462599 -0.025930200 0.006939559 0.873300254 0.486442387
1770731385.805575848 2.913691282 51.088901520 -0.609937012 -0.034618676 0.011058241 0.892537773 0.449505955
1770731386.203834772 2.778711081 51.185600281 -0.622238874 -0.033518106 0.011854231 0.917155564 0.396940589
1770731386.604778528 2.616009235 51.313583374 -0.632897139 -0.026493266 0.022626221 0.938329339 0.343982995
1770731387.004683971 2.406435728 51.429336548 -0.639492512 -0.019998608 0.028238442 0.957248092 0.287191063
1770731387.204073668 2.314867496 51.445476532 -0.632185102 0.000608623 0.015682189 0.964379787 0.264055699
1770731387.703905821 2.003497601 51.541332245 -0.645305037 0.006273537 0.013295947 0.980497658 0.195980191
1770731387.906705856 1.879910350 51.570930481 -0.648519099 -0.000667810 0.015161006 0.984950423 0.172169447
1770731388.402362347 1.670201898 51.580192566 -0.648674726 0.008134737 0.010650604 0.993777275 0.110576004
1770731388.705432415 1.496337652 51.592487335 -0.662870526 -0.003597393 0.015595181 0.997238994 0.072513990
1770731391.502064228 0.958358884 51.364501953 -0.742458522 -0.019430218 0.017780332 0.950638413 -0.309180975
1770731391.901492596 0.985474944 51.339817047 -0.746378124 -0.016702859 0.014193071 0.933709562 -0.357359886
1770731392.901824236 0.952026725 51.264347076 -0.752003133 -0.014775128 0.014723689 0.911988795 -0.409684539
1770731393.213248014 0.915542006 51.202453613 -0.752180636 -0.015855102 0.015343344 0.904303372 -0.426319718
1770731394.200664282 0.880393088 51.032150269 -0.760397434 -0.016096262 0.013960263 0.839228034 -0.543361962
1770731394.405134439 0.882249832 50.998035431 -0.759330273 -0.013872651 0.012816181 0.822837114 -0.567963362
1770731395.300867081 0.848168969 50.807918549 -0.763268292 -0.008661180 0.005576238 0.809767902 -0.586659849
1770731395.701612711 0.843393385 50.724586487 -0.765926063 -0.011070876 0.001785487 0.789230704 -0.613994360
1770731396.200204611 0.818042278 50.605300903 -0.778053820 -0.018782943 -0.004829571 0.788663983 -0.614518523
1770731396.400501728 0.797111392 50.524108887 -0.785995483 -0.024758846 -0.006865837 0.787518501 -0.615755320
1770731396.900301933 0.794663846 50.314022064 -0.796631813 -0.023035109 -0.018777329 0.771819353 -0.635146976
1770731397.101260662 0.789203227 50.233528137 -0.798949361 -0.024496701 -0.017767750 0.762886465 -0.645823896
1770731397.295635700 0.772971570 50.170112610 -0.790174246 -0.019743292 -0.007720533 0.761474490 -0.647848070
1770731397.501795053 0.764091790 50.103122711 -0.776009738 -0.010338305 0.005341256 0.756002784 -0.654464900
1770731397.702183485 0.738881290 50.027862549 -0.757448792 0.005822658 -0.022638455 -0.749759912 0.661296964
1770731397.896736622 0.749904096 49.900539398 -0.746758759 -0.014991222 -0.023052976 -0.748960853 0.662043512
1770731397.997583151 0.759725332 49.828590393 -0.738240361 -0.033266511 -0.030329004 -0.747060776 0.663229764
1770731398.101450920 0.743189156 49.715652466 -0.736628294 -0.020959465 -0.027611623 -0.744250715 0.667000234
1770731398.201280117 0.698579490 49.572841644 -0.745687008 0.007441252 -0.022151748 -0.745706141 0.665865123
1770731398.298245430 0.679746985 49.419185638 -0.755705655 -0.015989095 0.010242498 0.750373244 -0.660741627
1770731398.398816586 0.677456379 49.266551971 -0.749582350 -0.013725579 0.006316537 0.751607060 -0.659438133
1770731398.498936653 0.655828893 49.108024597 -0.754623413 -0.019108742 0.006844118 0.751708508 -0.659183145
1770731398.599062681 0.641446173 48.973995209 -0.746558070 -0.013696043 0.009333604 0.753316522 -0.657449186
1770731398.697867632 0.636864364 48.848999023 -0.743108213 -0.007958679 0.008246466 0.754760206 -0.655900657
1770731398.798694134 0.614459276 48.715316772 -0.745078087 -0.014338493 0.009935550 0.755002379 -0.655490100
1770731398.898273468 0.601781189 48.586536407 -0.742929637 -0.011651545 0.009901461 0.755067647 -0.655468524
1770731398.999024391 0.588798702 48.459480286 -0.733597636 -0.009120821 0.014166672 0.755414069 -0.655031025
1770731399.098628044 0.567832470 48.325702667 -0.731658697 -0.011871783 0.016971791 0.756081223 -0.654150009
1770731399.299550056 0.537790060 48.067462921 -0.721534371 0.007470905 -0.019461142 -0.757133722 0.652927220
1770731399.398874283 0.527754307 47.944469452 -0.712784111 0.003841400 -0.021858782 -0.754854620 0.655516624
1770731399.498062611 0.513356149 47.801624298 -0.715801060 -0.011598050 0.016546255 0.752496898 -0.658285797
1770731399.598407507 0.494908541 47.658767700 -0.712797940 -0.013996182 0.017468825 0.749214649 -0.661948919
1770731399.698968649 0.493302494 47.523059845 -0.706037581 -0.008866875 0.014275962 0.746816039 -0.664818347
1770731399.804585457 0.474304885 47.370594025 -0.708651960 -0.016526071 0.015827442 0.743169129 -0.668712318
1770731399.898464680 0.462805510 47.253005981 -0.702280939 0.012991963 -0.018859521 -0.741002738 0.671111465
1770731399.998275042 0.464558870 47.122013092 -0.698055446 -0.010661661 0.015129741 0.740886033 -0.671375692
1770731400.194403172 0.441083521 46.873977661 -0.691025972 0.010746508 -0.019035360 -0.744454801 0.667315066
1770731400.303698063 0.418510735 46.712650299 -0.695322633 -0.018998979 0.016075850 0.747384012 -0.663926065
1770731400.398130894 0.409816682 46.581840515 -0.689771652 -0.013898490 0.016340917 0.749955118 -0.661140859
1770731400.497258186 0.401988477 46.442752838 -0.686600506 -0.015670417 0.014815843 0.750242352 -0.660811126
1770731400.598135710 0.375666201 46.311805725 -0.684012234 -0.018285958 0.021710694 0.751460195 -0.659167469
1770731400.698908091 0.363353282 46.173805237 -0.680876970 -0.018357454 0.018803166 0.754041672 -0.656300783
1770731400.798087835 0.361247182 46.045814514 -0.675899625 0.010289996 -0.016743192 -0.756289959 0.653941393
1770731400.897274733 0.344685167 45.909179688 -0.672211826 -0.014103144 0.016031636 0.756389260 -0.653773248
1770731400.997963190 0.308675706 45.777545929 -0.669316649 0.018021941 -0.024993233 -0.757090449 0.652583122
1770731401.098603725 0.301641613 45.642921448 -0.661947489 0.012846798 -0.022948816 -0.758834839 0.650751948
1770731401.203785658 0.285159916 45.503814697 -0.656536579 0.012808502 -0.025810501 -0.758602381 0.650916457
1770731401.298805952 0.267412364 45.375125885 -0.651943207 0.015091509 -0.024530603 -0.758246124 0.651332080
1770731401.397531748 0.253238708 45.239482880 -0.650805831 0.015569359 -0.025158614 -0.756972134 0.652777076
1770731401.496580839 0.246972114 45.108879089 -0.642074347 0.010865300 -0.023142075 -0.756011367 0.654058993
1770731401.597043991 0.230886132 44.978878021 -0.634741962 0.010678113 -0.028472830 -0.754227281 0.655908942
1770731401.700934410 0.214178652 44.827220917 -0.636555552 0.017218798 -0.023853039 -0.752936482 0.657435417
1770731401.796900511 0.207557380 44.706344604 -0.626275659 0.010551601 -0.025516935 -0.751436472 0.659227371
1770731401.897140265 0.197739691 44.563728333 -0.626193404 0.014509765 -0.021066522 -0.750089288 0.660841644
1770731401.997269869 0.178540125 44.424182892 -0.626277924 -0.019882856 0.023606110 0.747926533 -0.663063645
1770731402.097270727 0.174734071 44.294944763 -0.617489278 0.012596069 -0.024691960 -0.745784104 0.665610850
1770731402.296544552 0.143884897 44.017791748 -0.619129300 -0.023494538 0.021377062 0.746143878 -0.665026665
1770731402.398530006 0.143537387 43.897079468 -0.604986310 0.013023615 -0.022509908 -0.747960210 0.663233995
1770731402.499151945 0.127193689 43.755676270 -0.608777940 -0.020378470 0.022080455 0.747983813 -0.663036585
1770731402.594030142 0.109422147 43.637615204 -0.602215648 0.014368562 -0.026966913 -0.751052022 0.659535587
1770731402.694581747 0.100567095 43.501346588 -0.598208070 0.013723997 -0.024402006 -0.753477693 0.656877220
1770731402.800792217 0.080898874 43.355312347 -0.595761836 0.016932694 -0.024124539 -0.756328940 0.653527319
1770731402.896052122 0.071525350 43.230667114 -0.590394139 0.012769341 -0.023907257 -0.758461952 0.651153564
1770731402.997308493 0.052766539 43.092449188 -0.587551177 0.016641498 -0.022358585 -0.759264827 0.650184751
1770731403.097567797 0.040308256 42.952735901 -0.587870598 -0.017006217 0.018890604 0.759176433 -0.650388360
1770731403.196482658 0.020857859 42.822280884 -0.583639383 0.016369341 -0.022820871 -0.756847382 0.652987897
1770731403.297102451 0.010665476 42.685695648 -0.579074383 0.015069960 -0.020767482 -0.755224884 0.654963374
1770731403.396965981 -0.007471837 42.551811218 -0.573470235 -0.017878233 0.022507172 0.752543211 -0.657915175
1770731403.496112347 -0.008381691 42.427745819 -0.568565130 0.010479241 -0.021655429 -0.749219716 0.661884487
1770731403.596356153 -0.024286907 42.288730621 -0.568373799 -0.016614348 0.021384247 0.745027900 -0.666483462
1770731403.792029619 -0.031933662 42.025375366 -0.560266256 -0.013598293 0.015554622 0.738869250 -0.673532128
1770731403.895589352 -0.044488888 41.898365021 -0.549865603 0.008714377 -0.026654581 -0.735667050 0.676762640
1770731403.995231152 -0.051404390 41.755950928 -0.550660491 0.014071135 -0.019496176 -0.736925423 0.675546408
1770731404.094111681 -0.056397229 41.627750397 -0.544606626 0.008554995 -0.019353710 -0.739492714 0.672832012
1770731404.198287725 -0.061729081 41.496173859 -0.536391973 0.004655927 -0.022661412 -0.740143836 0.672050536
1770731404.296521425 -0.076040544 41.355018616 -0.536733508 0.010558306 -0.019189574 -0.742453933 0.669539034
1770731404.396266460 -0.086398706 41.210025787 -0.537176549 0.010951756 -0.016482895 -0.745441735 0.666277051
1770731404.496137381 -0.094002038 41.068260193 -0.532968223 -0.009661048 0.015142940 0.747888505 -0.663581312
1770731404.593496084 -0.106083497 40.924137115 -0.533864796 -0.013613133 0.010026357 0.749594331 -0.661681652
1770731404.697485209 -0.127434254 40.795612335 -0.523690104 0.009873389 -0.018662740 -0.751728415 0.659134805
1770731404.796294689 -0.135528028 40.665405273 -0.519984365 0.008004486 -0.016423767 -0.754118681 0.656483889
1770731404.889957905 -0.153142840 40.541770935 -0.514994740 0.008823513 -0.019973535 -0.755864441 0.654363930
1770731404.995439053 -0.167118013 40.397579193 -0.514591694 0.009658216 -0.015979998 -0.758900583 0.650938690
1770731405.091425419 -0.196508810 40.254634857 -0.515736461 -0.019584626 0.016664840 0.760356843 -0.648996413
1770731405.196671486 -0.215222538 40.115638733 -0.511669040 -0.013892323 0.018149717 0.763189614 -0.645770371
1770731405.295628786 -0.240704820 39.972728729 -0.509971321 -0.022592841 0.018772716 0.764161229 -0.644356072
1770731405.394902229 -0.260126948 39.856929779 -0.500561953 0.011463791 -0.027000710 -0.764949322 0.643422246
1770731405.492929220 -0.261408895 39.717464447 -0.498170823 0.012112765 -0.017913248 -0.764373481 0.644411027
1770731405.594976425 -0.288841665 39.587898254 -0.494816124 0.013313055 -0.028053870 -0.760676265 0.648388386
1770731405.693876505 -0.301299065 39.444194794 -0.494432092 -0.016779065 0.018861886 0.759037077 -0.650557876
1770731405.794870377 -0.314792126 39.306663513 -0.488646656 0.015632957 -0.021220479 -0.755442142 0.654685140
1770731406.094711542 -0.339456797 38.913242340 -0.472524434 0.009087682 -0.023116151 -0.745379925 0.666177034
1770731406.193742990 -0.347906470 38.777217865 -0.471688837 0.012342541 -0.019268062 -0.746376991 0.665129900
1770731406.294706345 -0.362988472 38.648864746 -0.467684448 0.009562820 -0.022325132 -0.748617172 0.662557602
1770731406.395761251 -0.372773826 38.508975983 -0.463791430 0.010857224 -0.020611836 -0.751353741 0.659488261
1770731406.494549513 -0.389714092 38.370639801 -0.461808026 0.013914911 -0.019563965 -0.753786802 0.656680346
1770731406.594514847 -0.401807636 38.235637665 -0.457156330 0.011996834 -0.019109381 -0.756724119 0.653344810
1770731406.695270538 -0.419055909 38.095699310 -0.458316207 -0.014829218 0.018229460 0.758991957 -0.650675893
1770731406.793239117 -0.435663581 37.965843201 -0.455162108 0.011619002 -0.019711195 -0.761301517 0.647994280
1770731406.894741774 -0.453254968 37.826637268 -0.451156378 -0.014550418 0.019256847 0.761780679 -0.647385359
1770731406.993649960 -0.459442914 37.694396973 -0.445528775 0.011133372 -0.017207941 -0.760110497 0.649470568
1770731407.100538969 -0.477839649 37.552474976 -0.441691935 -0.014939783 0.018143732 0.758187056 -0.651613295
1770731407.190799475 -0.493129730 37.424274445 -0.448028594 -0.018015563 0.015556661 0.756659746 -0.653375506
1770731407.292354822 -0.503406286 37.302955627 -0.436647892 0.010329187 -0.019914621 -0.757763028 0.652144194
1770731407.394658327 -0.522261143 37.164463043 -0.433347851 0.013339607 -0.020833040 -0.760657132 0.648682356
1770731407.495409250 -0.544513226 37.036380768 -0.427622288 0.013933478 -0.025137184 -0.760938406 0.648187280
1770731407.595139027 -0.558467746 36.920768738 -0.415347397 0.005851239 -0.030094124 -0.761505246 0.647433400
1770731407.694113016 -0.570367217 36.777980804 -0.422912598 0.012794793 -0.021752037 -0.760859728 0.648425579
1770731407.794894934 -0.586737335 36.637931824 -0.415944636 0.013065455 -0.022663040 -0.758431911 0.651227057
1770731407.894635439 -0.594293654 36.501594543 -0.409428269 0.012714086 -0.019166315 -0.755179286 0.655114651
1770731407.992074251 -0.616078854 36.365760803 -0.410290748 0.017089725 -0.022890177 -0.751000881 0.659683108
1770731408.094338655 -0.616475999 36.243522644 -0.401818097 0.005874096 -0.020897964 -0.750309706 0.660730004
1770731408.194615841 -0.621686637 36.112026215 -0.396599889 0.008510767 -0.021531271 -0.745825469 0.665739000
1770731408.393683910 -0.632372558 35.851051331 -0.386700451 0.007489889 -0.017409347 -0.741453290 0.670736790
1770731408.491041899 -0.645193517 35.712886810 -0.389570415 -0.011448085 0.013939772 0.743200600 -0.668825507
1770731408.593811989 -0.652946889 35.575603485 -0.384679109 0.008442819 -0.014949953 -0.745281041 0.666529477
1770731408.693601847 -0.671913683 35.428527832 -0.384971380 -0.015574483 0.015198067 0.746749580 -0.664749324
1770731408.793433666 -0.680323422 35.304492950 -0.375734657 0.008583336 -0.021637851 -0.747632563 0.663704574
1770731408.893553495 -0.692970812 35.158622742 -0.378063858 -0.014050214 0.016082272 0.749090254 -0.662123740
1770731408.992771149 -0.701308846 35.029903412 -0.372900099 0.008887946 -0.019809583 -0.748517454 0.662759602
1770731409.191571474 -0.725695670 34.752655029 -0.371635258 -0.017549574 0.015183227 0.746721387 -0.664732099
1770731409.288192034 -0.740784228 34.633152008 -0.360073745 0.012988536 -0.021943498 -0.746507823 0.664887905
1770731409.394480705 -0.742543221 34.490680695 -0.356006294 0.011058748 -0.016786514 -0.749046326 0.662212610
1770731409.490043402 -0.758139849 34.362339020 -0.355817914 0.012374161 -0.019903548 -0.751384020 0.659448862
1770731409.590200663 -0.771506548 34.235393524 -0.348990381 0.008373499 -0.021239350 -0.753565192 0.656976759
1770731409.691715002 -0.787916481 34.083854675 -0.350359619 -0.016668973 0.017126566 0.754571915 -0.655781925
1770731409.792428970 -0.806425393 33.960792542 -0.339367330 0.010312408 -0.025538938 -0.755363286 0.654727340
1770731409.892778635 -0.820077479 33.820972443 -0.335849106 0.014136491 -0.020850297 -0.754952908 0.655295014
1770731409.993549585 -0.839059949 33.685134888 -0.331603408 0.015248328 -0.024761384 -0.751830816 0.658714533
1770731410.192713261 -0.850295007 33.419902802 -0.318904042 0.010762601 -0.021574685 -0.744690478 0.666974485
1770731410.392593384 -0.855923235 33.154449463 -0.308290809 0.007140458 -0.019998420 -0.736610413 0.675983906
1770731410.492619514 -0.869717479 33.005168915 -0.312854350 -0.016643820 0.015631290 0.733494997 -0.679311335
1770731410.592086792 -0.877724528 32.877494812 -0.304143697 -0.014548361 0.017587874 0.733423173 -0.679389119
1770731410.792341709 -0.885997057 32.633602142 -0.285713613 0.003678411 -0.027141357 -0.736945450 0.675397098
1770731410.892751932 -0.896307051 32.497215271 -0.285770655 0.007110625 -0.022613343 -0.739249349 0.673014462
1770731410.992553711 -0.916042924 32.363021851 -0.278711677 0.009607731 -0.027141070 -0.740720451 0.671196163
1770731411.086862326 -0.919285297 32.225032806 -0.277025163 0.011188894 -0.019322377 -0.743620455 0.668229163
1770731411.193874121 -0.938274145 32.074962616 -0.273988992 -0.015309809 0.020398349 0.745109379 -0.666454494
1770731411.291286469 -0.955455363 31.934270859 -0.272326112 -0.018860072 0.019811353 0.746665001 -0.664637685
1770731411.393075943 -0.973107278 31.795310974 -0.268822283 -0.020610241 0.021663090 0.747911870 -0.663124263
1770731411.508718491 -0.985784531 31.637002945 -0.266036034 -0.019359944 0.021093786 0.749477804 -0.661410093
1770731411.588163376 -0.992947996 31.526136398 -0.262656271 -0.019511787 0.018726708 0.750053167 -0.660824358
1770731411.691739082 -1.015359282 31.401313782 -0.251243085 0.015944777 -0.026709460 -0.751061916 0.659498513
1770731411.786134720 -1.027093410 31.279186249 -0.245970368 0.013504175 -0.028311692 -0.752206087 0.658180833
1770731411.891236305 -1.036568522 31.148345947 -0.240292817 0.009085982 -0.029613651 -0.752966166 0.657329738
1770731411.990700245 -1.052506804 31.015211105 -0.233478829 0.011851488 -0.030879635 -0.751579463 0.658812761
1770731412.091719151 -1.074972153 30.879487991 -0.225460589 0.015924215 -0.033380784 -0.748483539 0.662121356
1770731412.192130089 -1.081296921 30.735130310 -0.223263413 0.015382467 -0.027862556 -0.746617973 0.664491296
1770731412.290998697 -1.080802917 30.604352951 -0.215343043 0.007747531 -0.028597463 -0.744856119 0.666567087
1770731412.390991449 -1.092224360 30.455011368 -0.213702291 0.014026880 -0.022599950 -0.744837761 0.666715324
1770731412.490868568 -1.114129066 30.328277588 -0.205274343 0.013629764 -0.030365318 -0.746368647 0.664700031
1770731412.591371298 -1.116958976 30.196630478 -0.198601127 0.007926374 -0.026520934 -0.750521779 0.660265684
1770731412.690423489 -1.128299236 30.059371948 -0.196199045 0.008784472 -0.025431503 -0.752193213 0.658393085
1770731412.789871931 -1.141809940 29.914836884 -0.194192737 0.011094957 -0.020915674 -0.754452586 0.655927360
1770731412.891127825 -1.168083787 29.771265030 -0.189347595 0.015670119 -0.022459248 -0.756599665 0.653304577
1770731412.990802765 -1.177891970 29.633565903 -0.183377847 0.011680812 -0.020611187 -0.759850502 0.649666131
1770731413.090190649 -1.191982388 29.505872726 -0.178907305 0.009609043 -0.022424864 -0.761013865 0.648276687
1770731413.190623283 -1.207831025 29.377029419 -0.172567204 0.007332742 -0.023807185 -0.762841284 0.646105826
1770731413.289790392 -1.228770614 29.251556396 -0.164779395 0.006389855 -0.027503036 -0.764498591 0.644006729
1770731413.390582323 -1.244754553 29.107036591 -0.165103152 0.010502397 -0.021925645 -0.766249359 0.642083228
1770731413.490295410 -1.259160280 28.972789764 -0.158522278 0.006758331 -0.022180533 -0.766279459 0.642088950
1770731413.589949846 -1.276243210 28.831899643 -0.154961109 0.010386407 -0.022042485 -0.763468862 0.645384908
1770731413.689993620 -1.302917957 28.681137085 -0.156731904 -0.020174203 0.019639632 0.760387778 -0.648858786
1770731413.788948059 -1.308664918 28.548471451 -0.149403885 0.011959940 -0.020754088 -0.757265449 0.652667880
1770731413.890174389 -1.313004255 28.413410187 -0.145049870 0.008699595 -0.020884216 -0.753767252 0.656751931
1770731413.985928297 -1.331343889 28.276346207 -0.143925995 0.014222650 -0.019958306 -0.750021815 0.660958946
1770731414.090448618 -1.329886079 28.157350540 -0.130336136 0.002023190 -0.022870602 -0.746707857 0.664755762
1770731414.190985680 -1.343112111 28.016944885 -0.131493688 0.010435969 -0.018487349 -0.744377136 0.667421997
1770731414.290691376 -1.354277492 27.895872116 -0.124807924 0.006189107 -0.023872938 -0.744041979 0.667677522
1770731414.389569521 -1.353300571 27.758584976 -0.123732381 0.006657510 -0.014754035 -0.745818853 0.665952146
1770731414.489099264 -1.374866843 27.623941422 -0.118543185 0.010117888 -0.020345792 -0.746267140 0.665258706
1770731414.586733580 -1.383312345 27.489131927 -0.116407134 0.009360700 -0.015666099 -0.748817861 0.662524581
1770731414.695997953 -1.411762595 27.336074829 -0.113954328 -0.015265403 0.019762170 0.750521541 -0.660373986
1770731414.789145947 -1.412800431 27.214750290 -0.108024932 0.007557153 -0.019174881 -0.752309024 0.658487916
1770731414.895914555 -1.430074334 27.067918777 -0.105880357 -0.013937861 0.016776424 0.753455997 -0.657136559
1770731415.089550257 -1.462749362 26.814323425 -0.098953493 0.011066615 -0.020248022 -0.760958254 0.648390353
1770731415.189048529 -1.470773101 26.682840347 -0.093070582 0.006082593 -0.017876625 -0.764308214 0.644574523
1770731415.289889336 -1.491698146 26.543687820 -0.091609992 0.010120570 -0.018318629 -0.764876008 0.643837571
1770731415.390044451 -1.515318394 26.401641846 -0.093550585 -0.015347064 0.015376750 0.766958714 -0.641328692
1770731415.498576641 -1.539065957 26.258514404 -0.090140745 -0.014513312 0.017293515 0.769098401 -0.638731420
1770731415.602603197 -1.553142309 26.116695404 -0.089367017 -0.013292758 0.014771009 0.769781113 -0.637998521
1770731415.687707424 -1.562365174 26.007387161 -0.084087364 0.007752955 -0.014083333 -0.768865764 0.639208198
1770731415.789005756 -1.581353307 25.871759415 -0.085018635 -0.012836365 0.013013566 0.765162647 -0.643577516
1770731415.888825655 -1.599030495 25.739276886 -0.080092937 -0.012048362 0.014406852 0.762390256 -0.646844923
1770731415.990156174 -1.607110023 25.613559723 -0.071536012 0.007547199 -0.015277127 -0.760075569 0.649611294
1770731416.089024782 -1.620622873 25.474397659 -0.075797506 -0.012136430 0.012822449 0.757253468 -0.652882576
1770731416.190200329 -1.627052307 25.343032837 -0.072071172 -0.007686883 0.010951614 0.754754543 -0.655870974
1770731416.289554119 -1.633616209 25.218898773 -0.066816822 0.005470008 -0.012700483 -0.752092957 0.658912063
1770731416.384986401 -1.646247745 25.084056854 -0.070686266 -0.011830715 0.009403487 0.750758410 -0.660403967
1770731416.493325710 -1.653051257 24.966199875 -0.054936893 -0.001123965 -0.017364109 -0.752973318 0.657821059
1770731416.587315083 -1.665529847 24.839376450 -0.053284824 0.003495425 -0.014117623 -0.756311953 0.654049397
1770731416.788879156 -1.700921297 24.568027496 -0.047513142 0.003030717 -0.013886038 -0.762926221 0.646329403
1770731416.888059616 -1.729170680 24.427268982 -0.047160476 0.008408754 -0.014088007 -0.765647471 0.643051088
1770731416.985924244 -1.744883895 24.291711807 -0.043773629 -0.007561654 0.011961779 0.769163966 -0.638894856
1770731417.097655296 -1.762967706 24.138273239 -0.044284649 -0.010060071 0.009504451 0.770902693 -0.636802495
1770731417.190232277 -1.778999805 24.023876190 -0.036448240 0.004238576 -0.012142915 -0.770082116 0.637815237
1770731417.290549517 -1.793051362 23.900693893 -0.031434305 0.002726197 -0.015983831 -0.766999304 0.641443014
1770731417.488322020 -1.815137625 23.655237198 -0.024425745 -0.003727943 -0.015162075 -0.763001919 0.646207750
1770731417.588044882 -1.831143141 23.518432617 -0.027266584 -0.005374521 0.009420739 0.762441456 -0.646966279
1770731417.688377380 -1.849782705 23.383962631 -0.028330117 -0.008375793 0.007789946 0.763557911 -0.645637989
1770731417.787946701 -1.862338662 23.258815765 -0.024462193 -0.005471587 0.008449784 0.763814092 -0.645357728
1770731417.887799740 -1.876057506 23.125102997 -0.023917630 -0.005874574 0.005986938 0.764385700 -0.644704759
1770731417.988144875 -1.895742297 22.991912842 -0.024089865 -0.006244420 0.006449253 0.767661929 -0.640792131
1770731418.087507725 -1.918272614 22.861255646 -0.021429785 -0.005133748 0.005557861 0.773944497 -0.633208334
1770731418.187712431 -1.948093891 22.729558945 -0.021893591 -0.006883829 0.007991537 0.779342771 -0.626509011
1770731418.287655830 -1.968898416 22.588129044 -0.024860442 -0.006732075 -0.000280216 0.783882618 -0.620872438
1770731418.388107300 -1.980506539 22.463766098 -0.015970737 0.000569642 0.001710504 0.782122016 -0.623122811
1770731418.487434864 -2.000474453 22.329034805 -0.018010281 -0.003805786 0.000630559 0.774239182 -0.632881343
1770731418.789179564 -2.019406080 21.948202133 -0.011023216 0.002653390 -0.005968676 0.755551517 -0.655056655
1770731418.987818480 -2.011674881 21.821134567 -0.014800206 -0.000976086 -0.011510822 0.738159060 -0.674527824
1770731419.387174368 -2.006102085 21.903755188 -0.012151711 -0.011440039 0.002844449 -0.738266826 0.674405813
1770731419.687349319 -2.008722782 21.788948059 -0.008885592 -0.013505906 0.005061049 -0.742491901 0.669699907
1770731420.089316845 -2.040466309 21.466285706 0.008250654 -0.018766075 0.000144986 -0.749359429 0.661897540
1770731420.186789989 -2.052789927 21.344022751 0.003945336 -0.013873905 0.003471119 -0.751343012 0.659757018
1770731420.289939880 -2.062949181 21.206989288 0.006548539 -0.014334081 0.006165645 -0.751422167 0.659637213
1770731420.387342453 -2.067146063 21.071004868 0.010779366 -0.013241766 0.005925343 -0.747585535 0.664007127
1770731420.490847349 -2.079525948 20.899684906 0.001443461 -0.000241727 -0.018173207 0.741794825 -0.670380652
1770731420.686504602 -2.088934898 20.652980804 0.015251614 0.006265103 -0.010738919 0.739418089 -0.673131764
1770731420.787023544 -2.125233650 20.522710800 0.011349425 -0.011197537 -0.005658505 0.738139033 -0.674531996
1770731420.881596327 -2.158988476 20.398853302 0.002983846 -0.030867964 -0.009568809 0.737150788 -0.674955130
1770731420.980369806 -2.173147917 20.292001724 -0.003770828 -0.037594020 -0.011969039 0.735284328 -0.676609576
1770731421.187081575 -2.164956570 20.183582306 0.006645896 -0.024480071 -0.004512593 0.725426376 -0.687849581
1770731421.586873770 -2.148935318 19.997228622 0.020039037 -0.005834758 0.008623801 0.719111860 -0.694816411
1770731421.887955666 -2.164073944 19.795949936 0.024710253 -0.008050918 0.012811618 0.722989976 -0.690692902
1770731421.984454632 -2.176304579 19.761236191 0.022482917 -0.015399097 0.013408090 0.724014938 -0.689482093
1770731422.086609125 -2.168741226 19.757829666 0.025930837 0.007536381 -0.015164804 -0.722707450 0.690946579
1770731422.584245205 -2.173314333 19.498128891 0.032930695 -0.005950123 0.009017027 0.733875632 -0.679198027
1770731422.685359955 -2.172698259 19.387334824 0.039347365 0.000621974 -0.009222840 -0.735776842 0.677161038
1770731422.784945250 -2.192391872 19.262519836 0.037498653 -0.011105894 0.010253201 0.736378133 -0.676401436
1770731422.884291649 -2.203383207 19.153383255 0.040400945 -0.011052816 0.010389869 0.739460230 -0.673029304
1770731423.084373713 -2.209487438 18.961376190 0.054365389 -0.000028759 -0.014611389 -0.745188177 0.666694224
1770731423.182402134 -2.214806795 18.852630615 0.055967651 -0.000374019 -0.011804134 -0.748815536 0.662673295
1770731423.287715912 -2.234859943 18.723543167 0.053153574 0.005286842 -0.011152591 -0.750524521 0.660727382
1770731423.384817123 -2.246061563 18.611961365 0.057759166 0.006001442 -0.012018675 -0.751365423 0.659749687
1770731423.484415293 -2.253668070 18.505861282 0.061535798 0.003418415 -0.012221148 -0.753219724 0.657646596
1770731423.585132837 -2.265334368 18.384534836 0.059036329 -0.006891399 0.008495913 0.755394816 -0.655178547
1770731423.781340599 -2.298894882 18.134805679 0.063335836 -0.009879052 0.008762232 0.761759341 -0.647725523
1770731423.887372732 -2.316954851 18.010839462 0.068839692 -0.008478641 0.011344641 0.764301658 -0.644703269
1770731424.085114479 -2.345897436 17.799247742 0.073051475 0.006248205 -0.013262648 -0.770088673 0.637768388
1770731424.184530735 -2.366659880 17.701063156 0.077759616 0.006952822 -0.016302727 -0.772548914 0.634707987
1770731424.294388294 -2.384155512 17.578763962 0.074415408 -0.011442661 0.011157680 0.775358617 -0.631319046
1770731424.487571955 -2.419764042 17.389577866 0.079981901 -0.010447621 0.013422057 0.777407289 -0.628767610
1770731424.684546232 -2.446752310 17.207401276 0.082379423 -0.011435061 0.014478551 0.773927212 -0.633005679
1770731424.783910751 -2.455049276 17.116981506 0.084190644 0.007887064 -0.014389405 -0.770149589 0.637652218
1770731424.883438110 -2.463725805 17.021587372 0.086680084 0.007135510 -0.015900299 -0.765769660 0.642878711
1770731424.983159542 -2.473348856 16.918939590 0.090897396 0.006779075 -0.014316866 -0.762364805 0.646953702
1770731425.182409286 -2.475166798 16.727624893 0.098684907 -0.001336932 -0.013107868 -0.754505038 0.656161964
1770731425.283935070 -2.483425140 16.612680435 0.099814966 0.000547290 -0.010323207 -0.750471711 0.660821676
1770731425.580281973 -2.506895065 16.309448242 0.113864027 -0.003844529 -0.013527038 -0.748991191 0.662430704
1770731425.681595087 -2.513726711 16.195283890 0.123197384 -0.008633940 -0.016244432 -0.750777006 0.660299540
1770731425.783523560 -2.525238276 16.071371078 0.128598660 -0.007906704 -0.015745491 -0.751856923 0.659090817
1770731425.983929873 -2.551402092 15.840743065 0.133925706 -0.007408558 -0.015697304 -0.755747437 0.654633105
1770731426.082393885 -2.552056074 15.739287376 0.141706452 -0.012189835 -0.011521833 -0.758230746 0.651770592
1770731426.182952642 -2.580210447 15.619159698 0.140390396 -0.002889484 -0.014768783 -0.759654403 0.650152862
1770731426.283726454 -2.591154575 15.496361732 0.143635914 -0.006253480 -0.010728414 -0.763813972 0.645316899
1770731426.483103275 -2.609353542 15.226446152 0.142671198 -0.001595110 -0.002738008 0.758366466 -0.651820838
1770731426.582856178 -2.627616405 15.115712166 0.152918726 -0.002316505 -0.005958930 -0.756676555 0.653758228
1770731426.682658195 -2.630485535 15.008764267 0.159839720 -0.006000309 -0.003874892 -0.756101131 0.654415786
1770731426.882153749 -2.641528606 14.796758652 0.163508534 -0.005458593 -0.002128913 -0.749649763 0.661808848
1770731426.983189583 -2.648944378 14.677687645 0.164286271 0.003201097 0.001314054 0.745797575 -0.666163802
1770731427.083021164 -2.662792444 14.545358658 0.162634373 -0.003729105 -0.000817320 0.742356360 -0.669994533
1770731427.183656693 -2.690167665 14.407630920 0.164574385 -0.017351089 0.003365802 0.738749206 -0.673748672
1770731427.277382851 -2.701897860 14.288983345 0.161950186 -0.016517190 0.004530163 0.736768246 -0.675928473
1770731427.384297132 -2.693706274 14.171038628 0.168604881 -0.004369199 0.007633751 0.735595405 -0.677364111
1770731427.580932856 -2.711167097 13.935827255 0.181142002 0.004195929 -0.011194133 -0.738287210 0.674380600
1770731427.684325933 -2.721065283 13.806805611 0.182540119 0.002960145 -0.015412086 -0.740317166 0.672074676
1770731427.782927036 -2.724678755 13.687367439 0.188966513 -0.001852512 -0.017771669 -0.742313325 0.669814706
1770731427.886716366 -2.737786055 13.551223755 0.191682354 0.002490371 -0.015496947 -0.745102048 0.666765809
1770731427.984046221 -2.743602514 13.418622017 0.192262158 0.001761734 -0.011812117 -0.750455379 0.660813332
1770731428.083098888 -2.761389256 13.291234970 0.198380098 -0.000320673 -0.018224645 -0.755029559 0.655437350
1770731428.283214569 -2.791767597 13.010540009 0.202933490 0.000852853 -0.014145084 -0.767167568 0.641290307
1770731428.382352591 -2.813218117 12.878647804 0.207521915 0.002059012 -0.015713559 -0.773673892 0.633385777
1770731428.482204676 -2.834630013 12.745808601 0.211406201 0.000878006 -0.017132072 -0.779822290 0.625765860
1770731428.581855059 -2.856111765 12.619996071 0.215944588 -0.000749201 -0.017487049 -0.783204675 0.621517658
1770731428.681936979 -2.888734102 12.471617699 0.208932519 -0.009084076 0.012829155 0.785187244 -0.619058967
1770731428.781598091 -2.917842627 12.336908340 0.208953559 -0.008363097 0.011670011 0.787321329 -0.616375744
1770731428.881759167 -2.933643341 12.194126129 0.212912530 -0.007591546 0.003372960 0.789905727 -0.613172114
1770731429.281579256 -3.007317781 11.770973206 0.223852813 -0.003978341 0.004090949 0.776650131 -0.629906356
1770731429.681014538 -2.997795105 11.742902756 0.223411620 -0.005265504 -0.002809258 -0.768761635 0.639507592
1770731429.981100798 -2.999488115 11.758818626 0.219859898 -0.003086507 -0.004079125 -0.769534886 0.638584256
1770731430.979656696 -3.025760651 11.328438759 0.221798897 -0.003908724 -0.002570230 0.742891431 -0.669395626
1770731431.280712605 -3.033772469 11.163197517 0.224272937 -0.009775221 -0.002195005 0.723518133 -0.690232754
1770731431.483265162 -3.000157118 11.085796356 0.232588172 0.007091313 -0.003252259 0.713057041 -0.701062620
1770731431.681593895 -3.006061316 10.983220100 0.226109356 -0.002351403 -0.002976154 0.702543795 -0.711630404
1770731431.781492710 -3.002591848 10.927230835 0.226284355 -0.002446264 -0.002065258 0.698125839 -0.715967953
1770731432.181348562 -2.993869066 10.707956314 0.237849236 -0.000124097 -0.005942644 -0.696054816 0.717964113
1770731432.503334045 -2.971943855 10.476193428 0.240675360 -0.003898620 -0.003204597 -0.701480448 0.712670922
1770731432.680577040 -2.976300001 10.337676048 0.236658961 -0.004975646 -0.000236644 0.707824886 -0.706370413
1770731432.882108688 -2.976064682 10.169420242 0.243420392 -0.001834869 -0.001070654 0.718755901 -0.695259333
1770731433.079468727 -2.975639820 10.000155449 0.248831064 0.000806600 -0.001824842 0.726535439 -0.687126100
1770731433.279270887 -2.982593298 9.853095055 0.258076072 -0.007366597 -0.004664066 -0.731148183 0.682163060
1770731433.479337215 -2.993333817 9.688947678 0.260201603 -0.005541056 -0.003319037 -0.734393179 0.678693593
1770731433.577878237 -2.989783287 9.609283447 0.266675174 -0.010518520 -0.003201117 -0.735597253 0.677329957
1770731433.881600618 -3.012596130 9.279570580 0.269955784 0.005169183 0.000401523 0.739118993 -0.673554957
1770731433.978175163 -3.023445129 9.154074669 0.271712273 0.001717925 -0.000288070 0.739982069 -0.672624409
1770731434.079408646 -3.040751457 9.021954536 0.270917624 -0.005635082 -0.001931324 0.741520524 -0.670903742
1770731434.179456711 -3.056419849 8.906327248 0.273200095 -0.006782203 0.000041470 0.742315590 -0.670015991
1770731434.478126526 -3.076469898 8.585762024 0.282426476 -0.000814587 0.001678751 0.745325029 -0.666698754
1770731434.578647375 -3.086811066 8.469637871 0.284474850 -0.000317633 0.002848366 0.745952427 -0.665993154
1770731434.678442717 -3.098731756 8.347597122 0.284953833 -0.003325134 0.000990319 0.747587860 -0.664153874
1770731434.773734331 -3.108849764 8.250327110 0.289860189 -0.000421345 0.004680317 0.748549223 -0.663062632
1770731434.978411913 -3.134078026 8.016915321 0.291773975 -0.003179430 0.002528393 0.750224590 -0.661170602
1770731435.679225445 -3.213163137 7.279053211 0.311990023 -0.003998548 0.004286293 0.755231619 -0.655431867
1770731435.776562691 -3.238271952 7.163592815 0.310772359 -0.011038989 0.008211665 0.755740345 -0.654726982
1770731435.976526260 -3.265554428 6.961533546 0.319784492 0.007516353 -0.014264438 -0.756329060 0.653992712
1770731436.377270460 -3.319997787 6.551591396 0.329759449 -0.010463028 0.014768893 0.761420786 -0.648005188
1770731436.478659391 -3.337758541 6.439086914 0.325068235 -0.014030335 0.010592996 0.763010919 -0.646146417
1770731436.675993443 -3.368047714 6.223379135 0.330325723 -0.020477772 0.005528705 0.762003183 -0.647225857
1770731436.778706551 -3.378315926 6.137901783 0.333953381 -0.010642319 0.012663806 0.760607421 -0.649001300
1770731437.277895451 -3.419205666 5.726326466 0.346071303 -0.006685167 0.011020635 0.759639621 -0.650216460
1770731437.376879454 -3.430744410 5.616551876 0.350086778 -0.008839338 0.008585398 0.760292172 -0.649464309
1770731437.477285862 -3.448839426 5.523884773 0.355373055 -0.009536057 0.012146212 0.760025084 -0.649710238
1770731437.873802900 -3.473426819 5.180554390 0.367613316 -0.000774354 -0.014753990 -0.755975842 0.654432893
1770731438.076688528 -3.501631260 4.974611759 0.369848192 0.005801081 -0.014183322 -0.753569722 0.657189310
1770731438.276167154 -3.511578321 4.784057140 0.379725903 0.001866668 -0.015736952 -0.750542045 0.660632730
1770731438.475571871 -3.526513100 4.592424393 0.381081998 0.002931863 -0.013476841 -0.747593582 0.664013326
1770731438.575756788 -3.530762911 4.493028164 0.382861376 0.003189117 -0.010916557 -0.746685505 0.665080070
1770731438.774219990 -3.549059391 4.288043976 0.385833830 0.007097185 -0.012694975 -0.743017197 0.669114351
1770731438.975967646 -3.554183722 4.081992626 0.395019174 0.001296729 -0.012574507 -0.741835535 0.670462847
1770731439.075478315 -3.554071188 3.981202602 0.398693085 -0.000224024 -0.011930920 -0.740611017 0.671828091
1770731439.174944162 -3.562749624 3.872218370 0.399787426 -0.000633955 -0.013442932 -0.740945041 0.671430826
1770731439.270574093 -3.574587584 3.756865501 0.396533310 -0.005782544 0.009366553 0.741918921 -0.670399308
1770731439.373214483 -3.593487978 3.656774282 0.401612580 -0.009171664 0.012414586 0.743998528 -0.668003023
1770731439.476501942 -3.586410284 3.576231480 0.405494332 0.000483304 -0.009545206 -0.745429993 0.666515410
1770731439.573855162 -3.585566759 3.498772144 0.411260843 -0.004309207 -0.011144376 -0.745087385 0.666859865
1770731439.674540997 -3.595660448 3.398841619 0.409258872 -0.000242531 -0.008905035 -0.745856702 0.666046917
1770731439.874350786 -3.617411137 3.238075495 0.412422061 -0.001404285 -0.013722559 -0.747889102 0.663680494
1770731440.079072952 -3.625635147 3.067827940 0.418200850 -0.001758724 -0.013946168 -0.745893180 0.665917277
1770731440.274206161 -3.631502151 2.899204493 0.425782591 -0.007481187 -0.015739612 -0.745827138 0.665911555
1770731440.470570087 -3.645473242 2.718809605 0.436182261 -0.011462778 -0.022788905 -0.745965421 0.665496051
1770731440.571798086 -3.659930468 2.618761539 0.443843037 -0.010352701 -0.025873663 -0.746869922 0.664386034
1770731440.773929119 -3.690414667 2.396352768 0.448803186 -0.004077822 -0.026327662 -0.749756873 0.661177039
1770731440.973271608 -3.749481678 2.159450769 0.437533885 -0.023900062 0.023811828 0.752265990 -0.657995284
1770731441.074251413 -3.785980225 2.037289143 0.427081674 -0.046317216 0.019351268 0.752409101 -0.656780601
1770731441.173930407 -3.803577662 1.959396243 0.431363732 -0.040757593 0.028764419 0.750189900 -0.659337938
1770731441.375646353 -3.785181522 1.867335677 0.456471473 0.007039100 -0.043523755 -0.742574692 0.668310642
1770731441.772354841 -3.769795656 1.724718332 0.468599468 -0.008218645 -0.053205591 -0.718462050 0.693479598
1770731442.174585819 -3.748502731 1.556817412 0.480136573 -0.015750855 -0.059476271 -0.694600582 0.716759801
1770731442.469748735 -3.698290110 1.448625684 0.489813119 -0.023219315 -0.051306330 -0.665426791 0.744335830
1770731442.772286177 -3.642152309 1.335771084 0.491807431 -0.021528957 -0.045957502 -0.634857833 0.770960450
1770731443.181674719 -3.561591864 1.089983702 0.484639913 -0.006823838 -0.026913587 -0.592873812 0.804816723
1770731443.371660471 -3.488545179 0.989527762 0.487932742 -0.012619853 -0.016653910 -0.571359038 0.820434272
1770731443.573423624 -3.453691959 0.910694540 0.494472265 -0.011487424 -0.024912290 -0.545379817 0.837740064
1770731444.072124958 -3.225520611 0.595991790 0.474226594 0.001906842 -0.002126366 0.485072076 -0.874469519
1770731444.270892620 -3.138647795 0.504750192 0.467409104 0.000984192 -0.004907332 0.453442156 -0.891271710
1770731444.471999645 -3.066519737 0.452120781 0.464190751 0.000232488 -0.007857277 0.423352063 -0.905931115
1770731444.870804310 -2.916627645 0.341203392 0.455906212 -0.003360122 -0.007049366 0.354243547 -0.935120583
1770731445.072364330 -2.814629316 0.283145398 0.440180361 -0.005759895 -0.014512300 0.325099885 -0.945550859
1770731445.270493984 -2.744935751 0.281418800 0.439769864 0.007544934 -0.010393261 0.296956152 -0.954804778
1770731445.570213556 -2.654837847 0.250520766 0.432318598 0.004654943 -0.008840500 0.245658204 -0.969305038
1770731445.972768784 -2.556726456 0.256832004 0.425011724 0.006168216 -0.006294428 0.180624828 -0.983512580
1770731446.470367193 -2.308095217 0.226603061 0.409493625 0.002982229 -0.009738550 0.108709738 -0.994021356
1770731446.969005823 -2.004765749 0.243280768 0.380698591 0.009344338 -0.018169029 0.031561371 -0.999292970
1770731447.868154049 -1.604004860 0.371723413 0.333126634 -0.004769176 0.029225882 0.109141931 0.993584991
1770731448.569663286 -1.347905159 0.555155516 0.302130610 -0.009441017 0.025037136 0.227965012 0.973301649
1770731448.877100945 -1.229193926 0.651974916 0.290353417 -0.006892577 0.024547935 0.277830839 0.960291684
1770731449.967571259 -1.029376864 0.968088686 0.246102080 -0.006058089 0.027047843 0.456835091 0.889119506
1770731450.268588066 -0.968062043 1.095239043 0.229848832 -0.006238483 0.041406512 0.498772442 0.865720928
1770731450.569197655 -0.945404828 1.208487391 0.220314056 -0.007833134 0.042925060 0.547671616 0.835554898
1770731450.870525360 -0.925363660 1.310949206 0.211169243 -0.008829351 0.047401272 0.596752763 0.800975204
1770731451.170349836 -0.930745780 1.395793438 0.203248262 -0.009704725 0.047096215 0.649652898 0.758708715
1770731451.668857098 -0.927600801 1.577712536 0.185142070 -0.009557932 0.054624587 0.691738486 0.720015824
1770731452.166830778 -0.910758197 1.958999634 0.149833322 -0.009773120 0.057140231 0.679974854 0.730940282
1770731452.270312309 -0.905434012 2.089120865 0.135405779 -0.011263383 0.056841493 0.669572651 0.740482807
1770731452.368649721 -0.882616401 2.233294487 0.118726298 -0.014191216 0.059618972 0.660596251 0.748235881
1770731452.467823982 -0.854063630 2.377624035 0.108072385 -0.012188900 0.065257303 0.654586554 0.753066719
1770731452.568405151 -0.858896911 2.504730940 0.111587211 -0.010521554 0.044473644 0.649909079 0.758636653
1770731452.770540953 -0.819413781 2.765715599 0.102994651 -0.000443140 0.047931373 0.647202551 0.760809660
1770731452.863288164 -0.818174362 2.874017477 0.107040495 0.000585630 0.030995365 0.646352291 0.762409151
1770731452.976376772 -0.809821844 3.024187326 0.107867822 0.000773532 0.027598497 0.649679959 0.759706318
1770731453.066224813 -0.788644910 3.136954546 0.109616339 0.010167102 0.026891168 0.655258954 0.754857063
1770731453.166682482 -0.781144321 3.306054115 0.090161473 -0.004650347 0.034611225 0.660059631 0.750401080
1770731453.269231319 -0.774998426 3.462074518 0.092993200 -0.001019560 0.033451140 0.667819798 0.743570268
1770731453.367797852 -0.774844944 3.633788347 0.074613206 -0.013661955 0.042695668 0.673644781 0.737694502
1770731453.468206167 -0.743093431 3.783283234 0.063366398 -0.006050081 0.052230954 0.675405324 0.735569954
1770731453.566951275 -0.729514003 3.928050280 0.056970671 -0.007067814 0.054350547 0.673205256 0.737421751
1770731453.767024279 -0.713647425 4.178331375 0.056504011 0.002688024 0.045154601 0.672170460 0.739013433
1770731453.867065907 -0.711948931 4.297117233 0.058927432 0.006673060 0.035385549 0.672764599 0.738979876
1770731453.967444658 -0.712413669 4.417155266 0.064947128 0.015348029 0.027177241 0.678847909 0.733615339
1770731454.167219639 -0.712313592 4.689492702 0.063513845 0.014704604 0.027584672 0.693335116 0.719937086
1770731454.266227484 -0.723745406 4.820357800 0.064157836 0.012647852 0.024957921 0.700058043 0.713537633
1770731454.367244720 -0.726830482 4.964267731 0.060775362 0.011790419 0.027882721 0.701582670 0.711944878
1770731454.467885733 -0.727325559 5.104678154 0.055650294 0.004556275 0.028354671 0.696594298 0.716890216
1770731454.565794706 -0.738131523 5.236080170 0.058344796 0.003218467 0.023371816 0.695057154 0.718567312
1770731454.665996313 -0.744427741 5.373014927 0.056907207 0.000763762 0.021596968 0.694579184 0.719091654
1770731454.765399456 -0.739343524 5.512800217 0.056507215 0.001588526 0.024917152 0.694056571 0.719487429
1770731454.867092371 -0.734060287 5.654528141 0.056819908 0.003783695 0.025580224 0.693159342 0.720320404
1770731454.965021610 -0.723241687 5.779303551 0.063688785 0.010775318 0.024862617 0.692197561 0.721199274
1770731455.066503525 -0.737039447 5.910153866 0.064625837 0.007682800 0.016087174 0.689290404 0.724265873
1770731455.165775299 -0.736977220 6.027339458 0.073709421 0.013324436 0.011730669 0.690431654 0.723179817
1770731455.270785570 -0.725635231 6.191792488 0.060798541 0.005764669 0.024942067 0.689528883 0.723805666
1770731455.375344992 -0.722459674 6.340279102 0.060326219 0.003262305 0.025196105 0.688337982 0.724945128
1770731455.568259478 -0.723403394 6.612359524 0.059956521 0.002944474 0.022747872 0.687115669 0.726185977
1770731455.666532040 -0.722333431 6.738823414 0.063148603 0.003687718 0.018065779 0.685499132 0.727839947
1770731455.768384218 -0.718392372 6.878298283 0.060006209 0.001599222 0.021023480 0.684957564 0.728277862
1770731455.865572929 -0.717504978 7.010612011 0.058330446 -0.000134657 0.018842099 0.683804870 0.729421616
1770731455.964580297 -0.722194493 7.147136688 0.057923749 -0.002348433 0.015905617 0.683511853 0.729762375
1770731456.066730738 -0.713163674 7.291494370 0.056856111 -0.001858439 0.018927930 0.682916701 0.730248630
1770731456.172446012 -0.703900099 7.437189102 0.055363208 -0.001474420 0.020035801 0.681843698 0.731221974
1770731456.364431381 -0.701434493 7.699009418 0.055487230 -0.002199952 0.016239701 0.681118965 0.731989443
1770731456.464973927 -0.690607369 7.836873055 0.055490248 0.000977803 0.016633449 0.681100368 0.732000470
1770731456.565045834 -0.692898214 7.972009659 0.056733027 -0.001165791 0.011852263 0.680001676 0.733113825
1770731456.665137291 -0.685477078 8.113334656 0.054948665 -0.000983868 0.012708602 0.679347217 0.733706355
1770731456.767042637 -0.683780134 8.251108170 0.056497946 -0.003290602 0.009627788 0.678044438 0.734950662
1770731456.864969730 -0.677114487 8.386017799 0.057464182 -0.003847675 0.009829611 0.676457942 0.736405730
1770731457.071307182 -0.661168277 8.667606354 0.055918142 -0.004503592 0.008756219 0.673295975 0.739307582
1770731457.169641256 -0.651149213 8.802809715 0.059280455 -0.003305176 0.008175253 0.672052205 0.740451396
1770731457.263859510 -0.638320625 8.939538956 0.058240213 -0.007828914 0.012481628 0.670107782 0.742117643
1770731457.365541220 -0.627161384 9.080910683 0.057897203 -0.006059489 0.010366290 0.668142736 0.743936300
1770731457.563144922 -0.618962705 9.342780113 0.059943162 -0.009425610 0.007031976 0.669299781 0.742899477
1770731457.670048952 -0.608777821 9.490790367 0.056036226 -0.010733187 0.004439085 0.667425692 0.744585931
1770731457.861027479 -0.592964590 9.776856422 0.048309892 -0.021309571 0.011865286 0.664256573 0.747106671
1770731458.065806389 -0.550751805 10.085780144 0.039778039 -0.022651982 0.022136001 0.661011875 0.749706745
1770731458.163870573 -0.533153415 10.218874931 0.042625830 -0.015168807 0.021078795 0.660111904 0.750718296
1770731458.363095045 -0.503679931 10.481653214 0.037993886 -0.013019893 0.016691653 0.655942976 0.754513562
1770731458.564482212 -0.479365289 10.751041412 0.036508352 -0.012282234 0.013709215 0.654466391 0.755867004
1770731458.663672924 -0.454263180 10.900628090 0.032018207 -0.011453100 0.019798515 0.654108346 0.756054997
1770731458.863244057 -0.425154835 11.188113213 0.025627539 -0.012807077 0.018213985 0.652352512 0.757588625
1770731459.063441515 -0.390222609 11.467580795 0.018464565 -0.014270078 0.018075196 0.649279952 0.760200799
1770731459.265121937 -0.344402999 11.751025200 0.011547923 -0.010050251 0.023302851 0.649752676 0.759721935
1770731459.364158392 -0.334969491 11.884141922 0.011401832 -0.011395246 0.017664909 0.648056209 0.761302352
1770731459.462592840 -0.316300094 12.012910843 0.014119774 -0.007154302 0.015248714 0.647629440 0.761769235
1770731459.663603544 -0.268682480 12.285942078 0.013685673 -0.004367845 0.022038341 0.647736788 0.761532962
1770731459.868533611 -0.240613818 12.565794945 0.011254594 -0.004291757 0.013697622 0.645885587 0.763299286
1770731459.973558426 -0.224573493 12.701347351 0.016682118 -0.001228833 0.009826153 0.645142317 0.763998270
1770731460.062644482 -0.197011009 12.829565048 0.009412378 -0.002136431 0.019061236 0.643867135 0.764896810
1770731460.164178371 -0.169693947 12.969384193 0.007838756 -0.002122892 0.021597594 0.641333938 0.766954899
1770731460.263956070 -0.153697863 13.121542931 -0.000999227 -0.009764898 0.024177190 0.640437484 0.767567515
1770731460.364319801 -0.129517168 13.263516426 0.002041951 -0.006937927 0.025788754 0.640853226 0.767198861
1770731460.463486433 -0.107453093 13.402063370 -0.002890185 -0.003981541 0.023597296 0.639608204 0.768328428
1770731460.563166380 -0.087484062 13.537673950 -0.005326301 -0.006128488 0.023525804 0.636827707 0.770622849
1770731460.663679838 -0.078114443 13.659831047 -0.000110567 -0.002822712 0.013708770 0.635528564 0.771950543
1770731460.764492273 -0.061297506 13.791625023 -0.002523094 -0.006414431 0.014878063 0.634472132 0.772775829
1770731460.861945629 -0.033025857 13.929705620 -0.010247618 -0.006688308 0.019739240 0.632894158 0.773957849
1770731460.962689161 0.001085732 14.081109047 -0.015065782 -0.007837091 0.026198566 0.629550815 0.776478052
1770731461.061358452 0.027148331 14.236176491 -0.021167263 -0.013564287 0.033650335 0.628607690 0.776875794
1770731461.163556337 0.051600236 14.379240036 -0.023735426 -0.013724914 0.031563159 0.627465129 0.777883589
1770731461.262416124 0.054495417 14.470535278 -0.009025492 -0.000295304 0.003904819 0.623664916 0.781681955
1770731461.362967968 0.084881596 14.609602928 -0.017674521 -0.006033788 0.015398769 0.623630047 0.781544626
1770731461.461802244 0.113477677 14.723756790 -0.012439668 -0.001569967 0.009435325 0.619820237 0.784685493
1770731461.565726757 0.144005209 14.873100281 -0.012153476 -0.004093930 0.013018785 0.615861058 0.787736535
1770731461.663807392 0.162617505 15.010332108 -0.012003973 -0.006255150 0.009181470 0.617640138 0.786382437
1770731461.762008667 0.189301819 15.149522781 -0.016639203 -0.006446763 0.011485009 0.618727982 0.785494864
1770731461.965914965 0.276285738 15.450180054 -0.028615251 -0.007033437 0.031011641 0.617937982 0.785583615
1770731462.176816940 0.354887903 15.751896858 -0.038561754 -0.000190858 0.041481018 0.628398657 0.776784778
1770731462.362230301 0.374487013 16.033784866 -0.045599312 -0.004428751 0.030866411 0.638106048 0.769316852
1770731462.576596737 0.414429486 16.302385330 -0.042246416 0.007378707 0.027435716 0.658989370 0.751615405
1770731462.660202980 0.420509666 16.413434982 -0.044758447 0.003722164 0.028203335 0.659150541 0.751472712
1770731462.762387753 0.421480328 16.536243439 -0.039648794 0.004048777 0.018234042 0.659017086 0.751896024
1770731462.860823154 0.423444241 16.669485092 -0.038976535 0.002214358 0.015187768 0.660258770 0.750881255
1770731462.962319136 0.444514096 16.824371338 -0.049691729 -0.001474483 0.024842799 0.661103129 0.749882281
1770731463.061226130 0.459967732 16.964151382 -0.051453836 -0.001612271 0.025912166 0.659100831 0.751606345
1770731463.162505627 0.474276036 17.112211227 -0.054880187 -0.005017661 0.028299477 0.656489015 0.753787875
1770731463.260519981 0.480314165 17.247772217 -0.056863517 -0.007703221 0.025109645 0.655590832 0.754659355
1770731463.361617804 0.505404472 17.376842499 -0.051167168 0.000995135 0.026248336 0.656773448 0.753630400
1770731463.458348036 0.532659888 17.514547348 -0.055434003 0.003587522 0.032517761 0.655595243 0.754403591
1770731463.657766581 0.553004563 17.775407791 -0.048939764 0.006585779 0.018699495 0.654190898 0.756069601
1770731463.760957718 0.563700736 17.901254654 -0.044297040 0.008792330 0.015350966 0.655027747 0.755397737
1770731463.862450361 0.583501160 18.050777435 -0.052223571 0.005065789 0.024649054 0.657034934 0.753440082
1770731463.964478254 0.593136966 18.192634583 -0.049623713 0.001432403 0.024602111 0.657923102 0.752681732
1770731464.066648483 0.608348072 18.340250015 -0.049779408 0.003144867 0.026701685 0.659792662 0.750966609
1770731464.262154341 0.642775297 18.630134583 -0.060509786 0.000697161 0.034224477 0.659909070 0.750565231
1770731464.456698656 0.667552948 18.876642227 -0.054108828 0.007226315 0.029679563 0.659119904 0.751417279
1770731464.659872770 0.680669308 19.147478104 -0.060707867 0.001669211 0.025528457 0.657518387 0.753004014
1770731464.859033108 0.718732834 19.441455841 -0.071375713 -0.001744566 0.033879425 0.653826773 0.755883336
1770731464.962170362 0.727530301 19.583606720 -0.072287656 -0.002575338 0.029685285 0.651395679 0.758152902
1770731465.161335230 0.752901256 19.842054367 -0.070827469 0.000707354 0.026416928 0.651684642 0.758029640
1770731465.359925032 0.797265351 20.117340088 -0.072472319 0.002741534 0.031856563 0.651040614 0.758369207
1770731465.462155104 0.798782587 20.257049561 -0.072875559 0.001439709 0.023243396 0.651927471 0.757923603
1770731465.561982870 0.808228791 20.395317078 -0.069680177 0.001508764 0.022513866 0.654087245 0.756082594
1770731465.660260677 0.846071541 20.528318405 -0.065622538 0.010828433 0.032375127 0.657683134 0.752520859
1770731465.761910439 0.842324018 20.667613983 -0.070676319 0.003481053 0.023135573 0.657594383 0.753008902
1770731465.956841707 0.861199856 20.929347992 -0.067932501 0.005956635 0.022562562 0.663715720 0.747620821
1770731466.059110165 0.867821574 21.088281631 -0.075746089 -0.002143034 0.026206102 0.666498244 0.745042861
1770731466.261786222 0.897179365 21.358531952 -0.072252102 0.003904617 0.029202282 0.669559777 0.742173731
1770731466.458594561 0.905015290 21.623195648 -0.075864851 -0.002249250 0.024515118 0.668982625 0.742870331
1770731466.654856682 0.924653232 21.880350113 -0.071745083 0.003035958 0.022485880 0.671216488 0.740914106
1770731466.757951498 0.940722525 22.035943985 -0.078307107 0.001298475 0.028024465 0.670088589 0.741750777
1770731466.857784748 0.931579232 22.171638489 -0.074787363 -0.002218306 0.018259970 0.669530332 0.742556930
1770731466.960988760 0.957787871 22.327310562 -0.084402315 -0.002528368 0.031792846 0.670420587 0.741295636
1770731467.060141087 0.965182185 22.451684952 -0.077984035 -0.000067222 0.023337809 0.667988002 0.743806064
1770731467.158920050 0.955169439 22.568355560 -0.071486600 0.001051886 0.009958445 0.667072117 0.744925916
1770731467.258986950 0.969879150 22.710023880 -0.077269107 0.000415921 0.018263578 0.669231534 0.742829382
1770731467.358239412 0.987985373 22.850847244 -0.079020999 0.000458752 0.021245835 0.667722821 0.744106710
1770731467.459044456 0.999663293 22.992118835 -0.076274723 0.000990143 0.019912928 0.666537285 0.745205045
1770731467.557998896 1.008111835 23.126096725 -0.077136651 0.002634206 0.016311107 0.665570974 0.746151686
1770731467.659372807 1.012349486 23.259721756 -0.076406166 -0.001012517 0.013154656 0.663605332 0.747966588
1770731467.757929564 1.037320614 23.396175385 -0.078029767 0.002827954 0.019698827 0.664141774 0.747341752
1770731467.869417429 1.038377881 23.549510956 -0.076940134 -0.002758386 0.013821453 0.661675155 0.749658227
1770731467.958527088 1.048514247 23.684080124 -0.083740845 -0.005798620 0.018988756 0.662619293 0.748693287
1770731468.061840057 1.067362428 23.832443237 -0.090156108 -0.007416573 0.021138994 0.660014570 0.750918686
1770731468.158151150 1.081142306 23.979198456 -0.095712975 -0.011532321 0.024596062 0.657342970 0.753101707
1770731468.258790255 1.091834664 24.116195679 -0.097596757 -0.010636752 0.020602435 0.655923903 0.754470885
1770731468.359179497 1.098155499 24.247745514 -0.096146986 -0.010637506 0.016933111 0.655188620 0.755200624
1770731468.461812735 1.105111599 24.377212524 -0.095803306 -0.007784491 0.010485083 0.654746652 0.755735636
1770731468.659141541 1.135275006 24.647869110 -0.101376675 -0.010742416 0.014489619 0.653226614 0.756947577
1770731468.757556438 1.157541990 24.796430588 -0.106093071 -0.012783831 0.021237580 0.652483106 0.757397711
1770731468.858490467 1.182928205 24.951305389 -0.111493677 -0.012143923 0.027384605 0.652219832 0.757437646
1770731468.958625793 1.203039765 25.110496521 -0.120085165 -0.015438532 0.033492118 0.651790917 0.757501602
1770731469.064563751 1.216451049 25.240999222 -0.115907766 -0.007397914 0.021701664 0.650762260 0.758935392
1770731469.154911518 1.220268488 25.357852936 -0.113651387 -0.006702204 0.017431466 0.651794612 0.758165538
1770731469.258295298 1.244948983 25.489082336 -0.115236551 -0.002414888 0.021439193 0.651500404 0.758341432
1770731469.358239651 1.261192322 25.627386093 -0.119542599 -0.005057961 0.023495227 0.651729882 0.758070409
1770731469.457053900 1.280015349 25.760629654 -0.120451011 -0.001942846 0.024748947 0.653411627 0.756595612
1770731469.556255817 1.288321376 25.905084610 -0.121739663 -0.002425235 0.022027284 0.653610170 0.756506979
1770731469.757319689 1.318437219 26.199693680 -0.130119592 -0.003028879 0.028560728 0.662548602 0.748468161
1770731469.858679295 1.323215723 26.339036942 -0.133423403 -0.005783127 0.026874360 0.669389784 0.742402673
1770731469.957380772 1.327772975 26.473314285 -0.132044762 -0.003245635 0.025829643 0.675144315 0.737226248
1770731470.055825949 1.326019287 26.610322952 -0.137865633 -0.008587689 0.024844285 0.678673983 0.733969152
1770731470.156748056 1.334702253 26.746328354 -0.137556314 -0.002898225 0.024831887 0.679826677 0.732946634
1770731470.357278824 1.339640856 27.014558792 -0.137250632 -0.004102589 0.019814847 0.678091407 0.734699070
1770731470.557394981 1.356264591 27.273700714 -0.134343550 0.002253085 0.017898977 0.677669585 0.735145271
1770731470.657742262 1.358397961 27.421808243 -0.142275646 -0.003227834 0.019816307 0.676851988 0.735845327
1770731470.856728077 1.377012849 27.711517334 -0.148013428 -0.003745824 0.023682948 0.675781846 0.736711621
1770731471.057867050 1.384660244 27.978164673 -0.146854118 -0.003345773 0.015101520 0.673366785 0.739146888
1770731471.264533043 1.406197190 28.266918182 -0.157085732 -0.006403963 0.021589098 0.671989381 0.740218341
1770731471.457324505 1.433667541 28.553615570 -0.164345264 -0.007920895 0.032050252 0.671591640 0.740185618
1770731471.555666685 1.451154709 28.688842773 -0.164651543 -0.001668258 0.030233856 0.671111465 0.740737975
1770731471.756090879 1.461501479 28.951610565 -0.165969476 -0.000247758 0.021912664 0.669550240 0.742443502
1770731471.855625868 1.480473161 29.088846207 -0.167836145 0.000402277 0.027118798 0.669585764 0.742239475
1770731472.058787823 1.487610698 29.362459183 -0.166986406 -0.000279156 0.019073663 0.670016825 0.742100835
1770731472.256419659 1.510980964 29.652580261 -0.178168759 -0.005510743 0.024144795 0.666625559 0.744981289
1770731472.456299067 1.541732311 29.934438705 -0.185410976 -0.006287364 0.027886268 0.664275229 0.746941268
1770731472.557102680 1.552968264 30.069026947 -0.184732080 -0.004550564 0.024768110 0.662714899 0.748448312
1770731472.754207134 1.564944744 30.334234238 -0.188221157 -0.007541509 0.018996388 0.661961973 0.749258816
1770731472.855556726 1.584172845 30.477886200 -0.193801418 -0.007271111 0.021832166 0.659945428 0.750961065
1770731472.952843189 1.589889407 30.607973099 -0.189716011 -0.008141703 0.014603851 0.657120883 0.753599763
1770731473.056186676 1.601306438 30.745416641 -0.191048026 -0.009773485 0.014272153 0.656174421 0.754411101
1770731473.156113863 1.613951445 30.879102707 -0.193210438 -0.008981121 0.010634660 0.654152632 0.756234527
1770731473.355405807 1.660142183 31.167400360 -0.200812459 -0.010401885 0.022796420 0.651809335 0.757968724
1770731473.456893682 1.688428283 31.314735413 -0.202874541 -0.009196348 0.028716292 0.651135206 0.758362472
1770731473.558273315 1.701324344 31.462203979 -0.209284574 -0.012123071 0.026415825 0.648935497 0.760288179
1770731473.665797949 1.708278656 31.597196579 -0.204168603 -0.008433356 0.013619689 0.646170557 0.763024867
1770731473.756016493 1.723170042 31.710248947 -0.200645134 -0.006230586 0.013187198 0.645737052 0.763420463
1770731473.857856989 1.746213913 31.854888916 -0.211611778 -0.010885961 0.019002795 0.643137574 0.765437543
1770731474.055917025 1.786145091 32.147281647 -0.219302535 -0.016415261 0.024415880 0.638803661 0.768807173
1770731474.154658079 1.807345986 32.288494110 -0.225757033 -0.016015403 0.023106961 0.636381269 0.770862162
1770731474.255895615 1.831039548 32.423065186 -0.225223616 -0.012037303 0.020748673 0.636047900 0.771276653
1770731474.354941607 1.858369827 32.554637909 -0.226252854 -0.008762655 0.021885900 0.635171771 0.772011042
1770731474.555066586 1.924360394 32.825866699 -0.230556995 -0.000640733 0.033185840 0.636103094 0.770889878
1770731474.655310631 1.925267696 32.969234467 -0.238613248 -0.010058077 0.024970293 0.633171082 0.773543656
1770731474.755792856 1.937936306 33.090705872 -0.229437113 -0.004117135 0.014983416 0.632152975 0.774687827
1770731474.854958534 1.973829508 33.240444183 -0.241134480 -0.004700133 0.026872423 0.632516205 0.774066567
1770731474.953326225 1.996680737 33.373149872 -0.242061362 -0.003055874 0.022679329 0.632005513 0.774625957
1770731475.054527283 2.006848812 33.509284973 -0.240909010 -0.002890974 0.016776204 0.631275058 0.775372267
1770731475.154961109 2.034606934 33.653675079 -0.247942895 -0.004284353 0.023558017 0.632026553 0.774576724
1770731475.254771471 2.060705185 33.791900635 -0.246219859 -0.002380271 0.025053263 0.632712066 0.773978233
1770731475.354583025 2.077256680 33.938777924 -0.254805177 -0.007382132 0.026196420 0.633711636 0.773090482
1770731475.553935051 2.125217438 34.226776123 -0.260604352 -0.005061220 0.029080208 0.635984480 0.771137118
1770731475.754946470 2.176219940 34.501342773 -0.261332214 0.002014168 0.031389743 0.640422344 0.767378628
1770731475.852421045 2.177942276 34.629409790 -0.267164111 -0.000701304 0.022871641 0.641687155 0.766625047
1770731475.950936556 2.188457966 34.761455536 -0.267141581 -0.002698757 0.023402093 0.644162238 0.764526010
1770731476.048005819 2.209252357 34.900241852 -0.275289834 -0.003205440 0.025834974 0.644368231 0.764272153
1770731476.155137300 2.222840548 35.053916931 -0.280695677 -0.009453078 0.026335116 0.642360628 0.765891552
1770731476.254774094 2.253144741 35.173042297 -0.271933973 0.001657821 0.024197072 0.640367031 0.767686069
1770731476.453916073 2.281675339 35.452270508 -0.286406785 -0.006135319 0.023027359 0.639162302 0.768702567
1770731476.554778576 2.294340849 35.593112946 -0.287477851 -0.005493479 0.021190464 0.641572535 0.766749978
1770731476.754754305 2.353888750 35.887722015 -0.301625490 -0.006083925 0.036466803 0.646846294 0.761723757
1770731476.853517056 2.350665331 36.022186279 -0.303313643 -0.009288368 0.029125299 0.652068973 0.757543147
1770731476.954971790 2.362123966 36.153926849 -0.303938746 -0.005840477 0.028269049 0.659376800 0.751258254
1770731477.152878761 2.378035784 36.414936066 -0.311864436 -0.004692814 0.026069071 0.667909145 0.743771434
1770731477.352872133 2.394690037 36.670703888 -0.309607089 -0.001944154 0.018916009 0.666179359 0.745549202
1770731477.553283930 2.430194139 36.944759369 -0.320743740 -0.000092275 0.029102266 0.667651415 0.743905067
1770731477.653340578 2.422792196 37.093105316 -0.323302358 -0.009460667 0.024395671 0.666066766 0.745433033
1770731477.752445698 2.439213991 37.229469299 -0.325300574 -0.002606868 0.025501188 0.665738583 0.745744705
1770731477.854264975 2.457015991 37.375171661 -0.328744888 -0.002772793 0.029283073 0.663763821 0.747363687
1770731477.953563452 2.460330486 37.490734100 -0.324026048 -0.001131692 0.019485889 0.660501838 0.750570714
1770731478.054752350 2.463217735 37.616729736 -0.321393847 0.000804234 0.014757721 0.660839975 0.750381291
1770731478.261201382 2.494127035 37.909461975 -0.328329384 -0.001903715 0.022693247 0.660994649 0.750045061
1770731478.452218533 2.540838718 38.202816010 -0.340638697 -0.002307221 0.037402384 0.659011245 0.751198947
1770731478.553720236 2.549450874 38.333068848 -0.336450040 -0.000324799 0.028914537 0.656316757 0.753931165
1770731478.751339197 2.562422276 38.576168060 -0.338393450 0.000736533 0.022477714 0.658387005 0.752343535
1770731478.953634501 2.581960917 38.862613678 -0.343570679 -0.004787749 0.023147373 0.660044849 0.750854194
1770731479.152204275 2.619873285 39.150310516 -0.348998725 -0.002380639 0.027435601 0.658012211 0.752503633
1770731479.253593922 2.623441696 39.282661438 -0.349669218 -0.003297408 0.022422135 0.658813059 0.751965344
1770731479.365061522 2.637839556 39.421977997 -0.346668482 0.002163542 0.019619673 0.663311064 0.748083532
1770731479.554260254 2.649391413 39.680068970 -0.347665608 -0.002089699 0.016420005 0.664202571 0.747369468
1770731479.653633595 2.669350863 39.813419342 -0.349018872 0.000835112 0.020038543 0.664490402 0.747027695
1770731479.852649450 2.692720652 40.101444244 -0.356743753 -0.003834212 0.026578158 0.667371571 0.744240761
1770731479.952507019 2.693920374 40.240253448 -0.355979443 -0.001080811 0.022325844 0.675638556 0.736894190
1770731480.053853035 2.693378210 40.396282196 -0.367028654 -0.009046813 0.027001705 0.680440187 0.732250154
1770731480.252950430 2.706817150 40.673202515 -0.373505443 -0.011948138 0.026841339 0.676419079 0.735930741
1770731480.452260494 2.715543270 40.938636780 -0.378760993 -0.011645813 0.022205858 0.676166117 0.736322403
1770731480.547543526 2.725974560 41.060699463 -0.376182467 -0.007563708 0.020136116 0.675732315 0.736833215
1770731480.748584032 2.738055944 41.341541290 -0.381801188 -0.009815963 0.017608313 0.671870112 0.740394711
1770731480.855732679 2.752492905 41.485015869 -0.384156644 -0.008296733 0.018852800 0.669943273 0.742126584
1770731480.949154377 2.762948275 41.605884552 -0.383438945 -0.004376333 0.015151409 0.669415593 0.742720783
1770731481.050806046 2.768633366 41.736820221 -0.380858064 -0.003600584 0.013215719 0.669437766 0.742741883
1770731481.251733541 2.806488752 42.015010834 -0.385787368 -0.001601325 0.023164300 0.666999161 0.744696617
1770731481.351359129 2.819724560 42.153144836 -0.389887989 -0.004530399 0.024610307 0.664800048 0.746602178
1770731481.462788343 2.830946445 42.295379639 -0.389340997 -0.004655242 0.020005403 0.660897076 0.750195444
1770731481.559680462 2.838616371 42.416561127 -0.388009071 -0.002504490 0.013957471 0.659202099 0.751832247
1770731481.649395943 2.854290009 42.543102264 -0.391496420 -0.003118358 0.018042741 0.657927632 0.752858460
1770731481.753453970 2.869295597 42.679260254 -0.386990607 0.000030275 0.013937352 0.656477511 0.754216790
1770731481.852910995 2.891239166 42.819400787 -0.388125479 0.000273170 0.019296644 0.655244887 0.755169928
1770731481.951835394 2.909978628 42.961956024 -0.390428245 -0.001035628 0.022406036 0.654270411 0.755927920
1770731482.051692486 2.924452543 43.096801758 -0.392949224 -0.003244448 0.019807780 0.652299404 0.757695496
1770731482.150362968 2.941758156 43.234031677 -0.391567200 -0.000813171 0.021713315 0.651232362 0.758567333
1770731482.250904560 2.966038465 43.369861603 -0.394611478 0.000869432 0.024363693 0.650227487 0.759348273
1770731482.351530552 2.978071213 43.517681122 -0.399598867 -0.004165345 0.026101943 0.648778498 0.760518074
1770731482.451227188 2.988117933 43.651653290 -0.401250422 -0.002742568 0.018388717 0.647147536 0.762138009
1770731482.550287247 3.006145239 43.787815094 -0.402631700 -0.006133331 0.022750258 0.647017777 0.762110889
1770731482.650863409 3.035640717 43.920013428 -0.402308285 0.000791119 0.023340343 0.644902408 0.763907969
1770731482.747936964 3.038108587 44.049160004 -0.400767386 -0.002629150 0.015905172 0.642793596 0.765869796
1770731482.853215694 3.057305336 44.192451477 -0.400985301 -0.004192434 0.017320005 0.642220974 0.766312301
1770731482.968444824 3.085421562 44.360923767 -0.409655005 -0.004691779 0.023018090 0.641699791 0.766596079
1770731483.050834656 3.102172136 44.480266571 -0.411482185 -0.005515717 0.023027418 0.640960872 0.767208219
1770731483.150620461 3.118796825 44.615539551 -0.409397781 -0.002776842 0.020429848 0.640053570 0.768053651
1770731483.250275373 3.145173073 44.750335693 -0.413019657 -0.001312641 0.022866813 0.639187217 0.768709958
1770731483.451219559 3.178650379 45.018756866 -0.413162827 -0.001114683 0.019705860 0.637802124 0.769947350
1770731483.549887657 3.194969177 45.146850586 -0.411680669 0.000714198 0.016493438 0.639155567 0.768900275
1770731483.649725437 3.211181641 45.297107697 -0.420566320 -0.004218569 0.021474183 0.642099380 0.766309023
1770731483.749829769 3.238873482 45.444797516 -0.423849940 -0.004160400 0.026023805 0.645446956 0.763350368
1770731483.850025892 3.247275114 45.587505341 -0.421896458 -0.005890093 0.021378456 0.648312569 0.761051238
1770731484.051553011 3.276311636 45.861343384 -0.418185204 0.001020886 0.015853969 0.653272033 0.756956577
1770731484.149966478 3.298636436 45.998107910 -0.417311490 0.003228090 0.021787731 0.655153215 0.755174875
1770731484.249006033 3.322548389 46.125244141 -0.414568424 0.006547346 0.022803692 0.655516028 0.754808545
1770731484.449758768 3.342068911 46.406978607 -0.429594308 0.000473320 0.024010301 0.653869689 0.756226003
1770731484.549203634 3.372483492 46.546993256 -0.439823151 -0.007172359 0.039654490 0.652704835 0.756539881
1770731484.650258780 3.373151064 46.657505035 -0.443184108 -0.009602287 0.032596674 0.651890695 0.757551074
1770731485.051461458 3.408742428 47.037456512 -0.443347037 -0.002975278 0.020715535 0.650070906 0.759585381
1770731485.161886215 3.411918640 47.165809631 -0.443703115 -0.002665406 0.014751343 0.651358664 0.758621871
1770731485.248978138 3.435027361 47.292701721 -0.448709100 -0.002315931 0.022019804 0.651433766 0.758382440
1770731485.346501112 3.452111483 47.428489685 -0.446086347 -0.000272257 0.019446818 0.651064992 0.758772731
1770731485.449643612 3.460233450 47.567581177 -0.448448420 -0.002390820 0.015371589 0.649715483 0.760018229
1770731485.552422762 3.481323004 47.710922241 -0.454527557 -0.002007952 0.019686727 0.649262965 0.760306537
1770731485.647937536 3.506263494 47.841018677 -0.456587404 -0.000481296 0.024595886 0.648814440 0.760548949
1770731485.755315542 3.529039860 47.999126434 -0.463063329 -0.003455191 0.030647870 0.648102820 0.760928035
1770731485.848753214 3.544825554 48.140338898 -0.470664680 -0.004415772 0.031338360 0.648051977 0.760938227
1770731485.949116468 3.567125797 48.288959503 -0.476657540 -0.004739327 0.032895084 0.646359324 0.762309074
1770731486.049517870 3.580442905 48.433074951 -0.482442141 -0.005617229 0.028846737 0.644139588 0.764343202
1770731486.248140097 3.617186785 48.690616608 -0.486673802 -0.000379562 0.025907513 0.641184270 0.766949415
1770731486.349517345 3.634930134 48.799358368 -0.486659765 -0.001794617 0.026277747 0.637351751 0.770122766
1770731486.647632360 3.655963182 49.084804535 -0.486387372 0.005515885 0.013884336 0.647131145 0.762232423
1770731487.048730612 3.655827761 49.421199799 -0.494079411 0.000439494 0.012369959 0.681241632 0.731954038
1770731487.343911171 3.632961512 49.689571381 -0.496240646 0.002488454 0.011458515 0.715902507 0.698101819
1770731487.645353317 3.572009087 49.953628540 -0.511017382 -0.007614945 0.012691228 0.747571468 0.664016485
1770731487.848594427 3.519261360 50.116886139 -0.518189549 -0.011627719 0.010909915 0.773087382 0.634099185
1770731488.148084879 3.416485786 50.345680237 -0.536525369 -0.027117614 0.010780572 0.793191731 0.608272433
1770731488.446444988 3.343772173 50.483196259 -0.546664596 -0.026362371 0.007064520 0.822289109 0.568415165
1770731488.746173620 3.254515648 50.608524323 -0.559800506 -0.031136379 0.007522613 0.837826431 0.544996262
1770731489.046330452 3.139521360 50.761459351 -0.569759667 -0.029110521 0.003913373 0.862319946 0.505511284
1770731489.246893644 3.068938255 50.849258423 -0.571468055 -0.027494092 0.006031721 0.878291428 0.477296323
1770731489.546634912 2.974418402 50.990940094 -0.586440682 -0.027533825 0.027193185 0.898469210 0.437327623
1770731490.045983791 2.824329853 51.112678528 -0.594612718 -0.019042984 0.027747571 0.922415853 0.384729147
1770731490.246641159 2.734510899 51.192169189 -0.608340502 -0.025219020 0.039966222 0.933839083 0.354557961
1770731490.545717716 2.636305332 51.204219818 -0.595155478 0.002813235 0.016843913 0.948794127 0.315433174
1770731491.044117689 2.447591782 51.251590729 -0.608153760 0.007775664 0.016665161 0.969895065 0.242828116
1770731491.344441891 2.328054905 51.282596588 -0.617606401 0.003367752 0.016483903 0.981003582 0.193258777
1770731491.645844698 2.175487041 51.294643402 -0.621606231 -0.003200844 0.012811720 0.988654733 0.149624303
1770731491.946562290 2.051474571 51.308422089 -0.626378655 -0.005351350 0.015115380 0.994202614 0.106321201
1770731492.259356260 1.972870708 51.297550201 -0.622775793 0.004142999 0.013970165 0.997315049 0.071765728
1770731492.549605370 1.841148496 51.294857025 -0.629430592 0.001588359 0.017463326 0.999232352 0.035033375
1770731492.943789005 1.691383362 51.260486603 -0.638595641 -0.000217944 -0.011149465 -0.999616325 0.025354054
1770731493.443191051 1.490337014 51.206584930 -0.661893964 -0.020614445 0.014565289 0.995100737 -0.095590174
1770731493.846545458 1.349204302 51.135719299 -0.669067740 -0.018208949 0.015271140 0.985644341 -0.167154327
1770731495.043504477 1.296311736 51.008892059 -0.695922911 -0.018871842 0.014877601 0.934866071 -0.354186296
1770731495.538881063 1.252185345 50.896656036 -0.693112850 -0.014226196 0.017455963 0.905826330 -0.423050404
1770731495.943117380 1.204813719 50.769241333 -0.693816900 -0.010307758 0.014476134 0.880904198 -0.472960889
1770731496.343127012 1.171193361 50.654872894 -0.698709071 -0.014974860 0.014989292 0.847548366 -0.530295014
1770731496.442749500 1.166932225 50.626335144 -0.699052632 -0.013708470 0.013704894 0.839286506 -0.543343663
1770731496.938323259 1.154677033 50.510631561 -0.703791797 -0.010632246 0.007318727 0.816369712 -0.577385366
1770731497.248099327 1.141346693 50.435977936 -0.706771374 -0.007901966 0.003491863 0.816637397 -0.577086449
1770731497.642784834 1.097277641 50.238712311 -0.723269045 -0.022332666 -0.007840141 0.801528692 -0.597487748
1770731498.041866779 1.067341328 50.075187683 -0.732016981 -0.026191588 -0.011762327 0.790772200 -0.611436784
1770731498.242593288 1.058001995 49.966339111 -0.739147604 -0.023500025 -0.019770134 0.792372286 -0.609264433
1770731498.545901775 1.025846362 49.851741791 -0.736985743 -0.022536129 -0.012793414 0.790614843 -0.611765265
1770731498.742871046 1.016232133 49.786521912 -0.727651536 -0.016197858 -0.003727626 0.782395124 -0.622560441
1770731499.241244555 1.023172021 49.698139191 -0.695122659 -0.014943717 -0.019310430 -0.754466832 0.655883849
1770731499.642929316 0.996760547 49.499282837 -0.697067142 -0.013456581 -0.024303686 -0.753862858 0.656444252
1770731499.842015982 0.986132503 49.388175964 -0.692268848 -0.017882971 -0.027011827 -0.753015518 0.657204926
1770731499.942352533 0.968831539 49.317684174 -0.693222523 -0.008707762 -0.026329180 -0.750999570 0.659720182
1770731500.239696026 0.940396726 48.997177124 -0.698046267 -0.007975906 0.005351961 0.753444135 -0.657441854
1770731500.341932297 0.925197005 48.861263275 -0.698426247 -0.012459189 0.001266932 0.755393207 -0.655152202
1770731500.442350388 0.902354419 48.745254517 -0.697986245 -0.015359789 0.006700175 0.755188823 -0.655293107
1770731500.541447401 0.890750587 48.642723083 -0.697329164 -0.014215020 0.006556901 0.757066607 -0.653150082
1770731500.641849518 0.886883438 48.564514160 -0.692114234 -0.007866412 0.006977225 0.760285437 -0.649504185
1770731500.843873262 0.863284111 48.408081055 -0.694375217 -0.011774955 0.006637382 0.761813641 -0.647655189
1770731500.940754890 0.856576383 48.336002350 -0.693084002 -0.009148865 0.006642721 0.763018966 -0.646277130
1770731501.344346523 0.810982943 48.001392365 -0.681261122 -0.010254562 0.013122128 0.758010864 -0.652029395
1770731501.440967798 0.798982799 47.921875000 -0.676683545 0.007898062 -0.017096503 -0.756959796 0.653190017
1770731501.539835930 0.790202856 47.839286804 -0.674765885 0.008369148 -0.017340338 -0.755769432 0.654554784
1770731501.741257429 0.771934748 47.693122864 -0.670541167 0.008159130 -0.017926404 -0.757254362 0.652823031
1770731502.038567066 0.743574917 47.476997375 -0.668350160 -0.013979582 0.016779134 0.757994890 -0.651894748
1770731502.340744257 0.723912179 47.274330139 -0.658968031 0.008568466 -0.018555652 -0.759178817 0.650561213
1770731502.636902571 0.700850427 47.078189850 -0.655405462 0.010664075 -0.017070590 -0.760059476 0.649541795
1770731502.938006878 0.667555332 46.840751648 -0.648427546 0.010763853 -0.018126465 -0.762107670 0.647106946
1770731503.041017771 0.660855353 46.772846222 -0.644732535 0.009763241 -0.018267978 -0.760722637 0.648746610
1770731503.139393806 0.653387725 46.700473785 -0.642957449 0.008808463 -0.018924963 -0.759555399 0.650107503
1770731503.238528728 0.646142960 46.626544952 -0.640783727 0.008149116 -0.018971369 -0.758387148 0.651477277
1770731503.438616514 0.617118657 46.454692841 -0.645207882 -0.020194918 0.015562357 0.755989254 -0.654087484
1770731503.638658524 0.617528141 46.319526672 -0.638269126 -0.011057257 0.014435250 0.754334807 -0.656238019
1770731504.039380312 0.575488150 46.021137238 -0.633725941 -0.015005497 0.017252836 0.756921411 -0.653105795
1770731504.138160944 0.559763849 45.949703217 -0.635366738 -0.018203286 0.019085186 0.757399559 -0.652418792
1770731504.337624073 0.552270889 45.810321808 -0.627022982 -0.012980817 0.017409164 0.759346724 -0.650323749
1770731504.538076639 0.535650194 45.663005829 -0.625801742 -0.013395933 0.016132001 0.761088371 -0.648309171
1770731504.738550425 0.506691813 45.518955231 -0.619536340 0.014614135 -0.021187732 -0.761482835 0.647673965
1770731505.037853956 0.475883871 45.300354004 -0.613259435 -0.017118782 0.020072605 0.763464451 -0.645310879
1770731505.238780022 0.468643785 45.178844452 -0.605152667 0.008635163 -0.023608813 -0.762934864 0.645986497
1770731505.339154959 0.449205458 45.110527039 -0.606571376 0.016913889 -0.023113647 -0.764970720 0.643427908
1770731505.639630556 0.438769668 44.995399475 -0.602288187 0.012464700 -0.023576327 -0.765447617 0.642945349
1770731505.841159821 0.424075752 44.884330750 -0.598272324 0.013021706 -0.024055686 -0.762690187 0.646185219
1770731506.338584661 0.397603512 44.629970551 -0.588093340 0.010996281 -0.024700135 -0.756887794 0.652985394
1770731506.737206459 0.360183865 44.362125397 -0.583030641 0.015585808 -0.024339341 -0.758487821 0.651045978
1770731506.937215328 0.358864307 44.254913330 -0.577315569 0.009530037 -0.022743043 -0.758962631 0.650667012
1770731507.137273788 0.319548219 44.077880859 -0.577445269 0.018315015 -0.024728935 -0.764206350 0.644237220
1770731507.237597227 0.316773951 43.993537903 -0.571747363 0.012840537 -0.024022404 -0.765883565 0.642402112
1770731507.437072277 0.285536647 43.837181091 -0.572765172 -0.019784540 0.024178054 0.766894221 -0.641012788
1770731507.637501955 0.271716297 43.690452576 -0.567676306 0.013446538 -0.025038019 -0.769522548 0.637986958
1770731507.837052345 0.253930539 43.534130096 -0.561811149 0.012604503 -0.020256190 -0.773144186 0.633781374
1770731508.036599874 0.217738032 43.353969574 -0.557189345 0.011613368 -0.024561077 -0.776587605 0.629423201
1770731508.137001991 0.200092450 43.253158569 -0.555158675 0.013350129 -0.023740701 -0.777353287 0.628474474
1770731508.430685520 0.164510772 42.997329712 -0.547990441 0.011827258 -0.019530563 -0.778813422 0.626839995
1770731508.736799479 0.131777152 42.753448486 -0.542079210 0.011515408 -0.017637080 -0.772482097 0.634687126
1770731508.836123466 0.114522576 42.663314819 -0.543993056 -0.016097931 0.016921045 0.770855188 -0.636582077
1770731508.937197208 0.102378204 42.584285736 -0.538730025 0.013015507 -0.020601893 -0.768474042 0.639416754
1770731509.135978460 0.090896383 42.427219391 -0.534683943 -0.011595130 0.016437579 0.764869332 -0.643871427
1770731509.235451221 0.085964933 42.354671478 -0.531781435 0.009372204 -0.017372234 -0.761430264 0.647946179
1770731509.435113430 0.062765360 42.219783783 -0.530139446 -0.015241889 0.018044829 0.758510113 -0.651233017
1770731509.734898806 0.061705578 42.065402985 -0.523810863 0.009983449 -0.017597612 -0.748476803 0.662852407
1770731509.937593937 0.053232264 41.928466797 -0.517861843 0.007375746 -0.017383747 -0.748106956 0.663309515
1770731510.135547400 0.038879383 41.783355713 -0.513883531 0.007772624 -0.018623583 -0.747366488 0.664105475
1770731510.337895393 0.025842324 41.607604980 -0.509717166 0.007366985 -0.017480623 -0.746811330 0.664765477
1770731510.635054827 -0.001087919 41.369430542 -0.502674103 0.008050232 -0.018020160 -0.749799311 0.661370933
1770731510.738195896 -0.008230753 41.289867401 -0.500549495 0.006122946 -0.018426195 -0.750788093 0.660257757
1770731510.935130119 -0.022003029 41.119739532 -0.494429916 0.005781531 -0.017256115 -0.752002835 0.658908606
1770731511.433814049 -0.059690144 40.712547302 -0.488583714 0.005463362 -0.011380024 -0.757140815 0.653129816
1770731511.535170317 -0.074352346 40.608333588 -0.485983640 -0.008161842 0.012291202 0.757707953 -0.652426898
1770731511.633456230 -0.090742916 40.506526947 -0.484871656 -0.011280238 0.010857887 0.759436131 -0.650393426
1770731511.733389854 -0.099217132 40.428642273 -0.478681028 0.005806028 -0.015686881 -0.760400057 0.649239480
1770731512.342509747 -0.158691451 39.975582123 -0.470786840 -0.010799408 0.013590310 0.765096068 -0.643682241
1770731512.433840036 -0.167789146 39.898899078 -0.469668299 -0.012959421 0.014254220 0.765270829 -0.643420219
1770731512.534776688 -0.189570859 39.821289062 -0.470811009 -0.019975809 0.015295623 0.766225219 -0.642079294
1770731512.833338261 -0.209092900 39.622207642 -0.462022871 0.010399877 -0.021776384 -0.764130473 0.644610107
1770731512.933212996 -0.215623692 39.552478790 -0.460895181 0.012321500 -0.019929742 -0.763417959 0.645479620
1770731513.235076189 -0.238936588 39.333114624 -0.459090054 0.014042823 -0.020383455 -0.758188248 0.651565731
1770731513.333519936 -0.258347422 39.256164551 -0.457900971 0.015922068 -0.023119221 -0.758496821 0.651071846
1770731513.535348177 -0.265691936 39.109291077 -0.453485608 -0.014327792 0.018972542 0.757006407 -0.652974784
1770731513.732843637 -0.275003821 38.977481842 -0.446893245 0.011453211 -0.018523650 -0.754179478 0.656307220
1770731513.932854891 -0.290694296 38.833202362 -0.444949478 0.013220817 -0.018986639 -0.751614690 0.659196675
1770731514.132085085 -0.300508350 38.707954407 -0.439291775 0.010076224 -0.020573897 -0.748494565 0.662745178
1770731514.333778143 -0.309900463 38.570110321 -0.434855044 0.009470373 -0.020671008 -0.745136857 0.666523993
1770731514.833132982 -0.351916909 38.159107208 -0.424923569 0.014566479 -0.020507224 -0.749404013 0.661635041
1770731515.031858206 -0.364488274 37.997314453 -0.415849656 0.009420960 -0.020849116 -0.753585458 0.656951606
1770731515.132807970 -0.384588003 37.882690430 -0.417935431 0.013811408 -0.021984939 -0.755471826 0.654666483
1770731515.329467058 -0.415467203 37.646614075 -0.417884171 -0.018648535 0.017233482 0.759435058 -0.650087476
1770731515.432511091 -0.433747232 37.534839630 -0.417367190 -0.022442997 0.015463190 0.760907114 -0.648288250
1770731515.532409191 -0.443792254 37.446102142 -0.415127248 -0.021949053 0.015072368 0.762803495 -0.646082044
1770731515.731749296 -0.455872625 37.309085846 -0.403947860 0.011523842 -0.019228054 -0.766236842 0.642167032
1770731515.931779385 -0.494100451 37.127777100 -0.402909994 0.015663564 -0.023397554 -0.768809080 0.638858318
1770731516.032151461 -0.506179571 37.034111023 -0.401075393 -0.015715180 0.020642539 0.769399881 -0.638240337
1770731516.130511761 -0.516491175 36.955013275 -0.395367414 0.012272624 -0.023026416 -0.769020259 0.638691604
1770731516.431475401 -0.550771117 36.708885193 -0.382804811 0.008746624 -0.028365642 -0.762984037 0.645735502
1770731516.648052454 -0.575131953 36.508861542 -0.385528356 0.016255019 -0.021947632 -0.760052562 0.649287403
1770731516.732503891 -0.573784947 36.421760559 -0.387292713 -0.013944596 0.014846960 0.758684516 -0.651139855
1770731517.034141302 -0.601065278 36.170158386 -0.372443110 -0.016073165 0.018102227 0.751018703 -0.659837067
1770731517.248696804 -0.617591441 36.015239716 -0.365717649 0.011684923 -0.023153959 -0.749857545 0.661090851
1770731517.427482843 -0.618145764 35.890037537 -0.355754405 0.005100548 -0.024042303 -0.748811305 0.662327468
1770731517.532835484 -0.640619040 35.795886993 -0.352232724 0.009591996 -0.026858332 -0.750976801 0.659712374
1770731517.731821537 -0.658559680 35.579246521 -0.349101454 0.011206715 -0.020303944 -0.755414724 0.654836476
1770731517.829724312 -0.672750175 35.472351074 -0.349336147 0.012222109 -0.018391708 -0.757853627 0.652050793
1770731518.032590628 -0.703955472 35.240562439 -0.347945839 -0.020926325 0.013371408 0.759909391 -0.649554431
1770731518.230953932 -0.717053831 35.082763672 -0.334060192 0.009988337 -0.019012270 -0.761964440 0.647262633
1770731518.332011700 -0.733706057 35.000820160 -0.333872110 0.012183247 -0.019536249 -0.763807297 0.645033538
1770731518.429704428 -0.740738213 34.922031403 -0.332397759 0.010348826 -0.018368425 -0.764650166 0.644100606
1770731518.736589670 -0.762130260 34.667968750 -0.321003735 0.006811439 -0.016921075 -0.760106444 0.649542511
1770731518.831378698 -0.773455918 34.566905975 -0.324321866 -0.013620226 0.014062079 0.757200480 -0.652889073
1770731518.937870026 -0.792932570 34.458000183 -0.323089391 -0.017080963 0.015312875 0.755651057 -0.654572666
1770731519.130766630 -0.805947840 34.299571991 -0.311724514 0.009234219 -0.019088732 -0.756285906 0.653897464
1770731519.231840611 -0.814121544 34.210124969 -0.311434329 -0.011720477 0.017031655 0.756611347 -0.653537929
1770731519.330905676 -0.827232718 34.118774414 -0.308117986 0.011524229 -0.018846354 -0.756243765 0.653916895
1770731519.430902481 -0.839298904 34.028862000 -0.301989824 0.008066594 -0.022680357 -0.757102132 0.652852833
1770731519.630736589 -0.867095888 33.835090637 -0.301455617 -0.016472489 0.019048961 0.758265734 -0.651459157
1770731519.731679678 -0.871514797 33.746597290 -0.294038743 0.009514957 -0.021077363 -0.759091437 0.650573134
1770731519.837549686 -0.889303923 33.637454987 -0.289677888 0.011309831 -0.022623830 -0.760120869 0.649289310
1770731519.927387953 -0.905627847 33.536357880 -0.291137815 -0.016730158 0.020064889 0.759801388 -0.649630249
1770731520.032789946 -0.914577007 33.436862946 -0.285551578 0.011756299 -0.022745639 -0.757410526 0.652436793
1770731520.240992308 -0.931603253 33.248779297 -0.276257783 0.010567307 -0.022907970 -0.754435062 0.655889690
1770731520.430222273 -0.942988038 33.086215973 -0.268996865 0.007112919 -0.024351837 -0.751906931 0.658780873
1770731520.628576517 -0.961546659 32.888187408 -0.263044685 0.008873521 -0.021489995 -0.753604412 0.656916857
1770731520.829174757 -0.984403253 32.691223145 -0.260131210 0.010317891 -0.020253830 -0.756332397 0.653792441
1770731521.129667759 -1.014888763 32.378219604 -0.242332429 0.004683048 -0.022364030 -0.759690404 0.649883389
1770731521.229120016 -1.030205846 32.278942108 -0.237032473 0.002500862 -0.025191223 -0.761593699 0.647560179
1770731521.329452276 -1.047278643 32.169643402 -0.237799495 0.006497710 -0.024590507 -0.762921572 0.645990491
1770731521.529421568 -1.080576658 31.950113297 -0.231511548 0.012321113 -0.020433323 -0.768470287 0.639440477
1770731521.729604721 -1.117087364 31.745510101 -0.228586689 -0.016627489 0.018513596 0.774094105 -0.632581294
1770731522.030024767 -1.150797844 31.543516159 -0.221294537 0.013123453 -0.022576820 -0.776634753 0.629409730
1770731522.128064394 -1.160975575 31.462062836 -0.218898028 0.011392474 -0.022013932 -0.776331902 0.629836857
1770731522.327032566 -1.194452643 31.260000229 -0.217261344 -0.016970901 0.022120884 0.771190464 -0.635993659
1770731522.431086540 -1.204729319 31.164636612 -0.211719215 0.013763456 -0.022259215 -0.769724727 0.637839198
1770731522.528667212 -1.219821811 31.084375381 -0.208067805 0.013319520 -0.026772656 -0.768289566 0.639403582
1770731522.728600502 -1.228565931 30.937019348 -0.197882131 0.004928648 -0.028054710 -0.764174104 0.644380808
1770731522.828927994 -1.237699986 30.853122711 -0.195205688 0.004993409 -0.028674539 -0.761178374 0.647889256
1770731523.029217958 -1.259723902 30.691299438 -0.186360538 0.006861001 -0.029797312 -0.756905675 0.652808547
1770731523.227065802 -1.269949079 30.538303375 -0.183888063 0.011657596 -0.025718853 -0.749559283 0.661334753
1770731523.429892063 -1.259579301 30.405376434 -0.175486028 0.004037946 -0.023973878 -0.740586102 0.671521544
1770731523.627745390 -1.270632744 30.234378815 -0.176866725 -0.014998911 0.019635472 0.733165026 -0.679601789
1770731523.828016996 -1.283525229 30.081192017 -0.167363375 0.013841776 -0.024740234 -0.733109057 0.679520130
1770731524.032330990 -1.277333736 29.945632935 -0.157677665 0.005386680 -0.021742510 -0.735380769 0.677283943
1770731524.229148149 -1.299018145 29.802761078 -0.157750189 0.010886907 -0.023474026 -0.738036036 0.674264967
1770731524.627671003 -1.319182634 29.470361710 -0.149233073 -0.013810216 0.016476173 0.743256092 -0.668661475
1770731524.827816963 -1.335161924 29.310667038 -0.143255606 0.013086796 -0.020309519 -0.744402289 0.667294264
1770731524.927785397 -1.338355064 29.224868774 -0.139705241 0.009006619 -0.018790806 -0.746594787 0.664952695
1770731525.027549982 -1.340989470 29.135869980 -0.136849940 0.006414979 -0.018634126 -0.747495830 0.663974166
1770731525.326956034 -1.382046461 28.848583221 -0.131016284 -0.013776330 0.019158313 0.752007365 -0.658732235
1770731525.428470373 -1.390545607 28.768848419 -0.126792490 0.012801168 -0.019971531 -0.752433121 0.658241332
1770731525.529944658 -1.394203186 28.694255829 -0.122467637 0.008391320 -0.020355111 -0.753558755 0.657011807
1770731525.625360727 -1.394869566 28.612487793 -0.118110485 0.004536897 -0.019102400 -0.754745841 0.655723572
1770731525.743105173 -1.415829420 28.493106842 -0.117141798 0.011625676 -0.019408304 -0.755250573 0.655045569
1770731525.926434278 -1.450457454 28.282148361 -0.113663875 0.014648495 -0.020628136 -0.759084821 0.650499880
1770731526.027951002 -1.461289763 28.171760559 -0.112501495 -0.013597576 0.018854046 0.760273576 -0.649187028
1770731526.130026102 -1.474235177 28.069541931 -0.109975614 -0.014893023 0.018093728 0.760902882 -0.648442507
1770731526.327020645 -1.492222190 27.939184189 -0.104642875 0.012274800 -0.020310871 -0.764465153 0.644228160
1770731526.728698015 -1.519879937 27.750072479 -0.096889593 0.009497255 -0.022932701 -0.766463399 0.641808331
1770731527.024041176 -1.537853003 27.586084366 -0.092956699 0.008055060 -0.021832010 -0.765136778 0.643447042
1770731527.125645876 -1.538482785 27.512409210 -0.090283215 0.005418121 -0.019230178 -0.763832927 0.645104706
1770731527.426413059 -1.568398833 27.252849579 -0.087434247 -0.012841640 0.017719669 0.754108548 -0.656385064
1770731527.526464939 -1.580579758 27.168085098 -0.084421441 -0.015557466 0.020678835 0.750214815 -0.660687506
1770731527.724931479 -1.583781838 27.001464844 -0.079246931 0.008270024 -0.019465357 -0.747886121 0.663490117
1770731527.826746225 -1.599033833 26.904405594 -0.078379430 0.013369856 -0.020619556 -0.748121679 0.663106501
1770731528.025135517 -1.623939514 26.724071503 -0.074170671 0.014770448 -0.021872519 -0.751563668 0.659132481
1770731528.225457668 -1.642164946 26.562929153 -0.069257744 0.013854561 -0.021461949 -0.753626704 0.656806052
1770731528.325796366 -1.641766548 26.485050201 -0.065821767 0.009690939 -0.020425294 -0.753756106 0.656765223
1770731528.624149561 -1.683084488 26.192686081 -0.065489262 -0.016421495 0.018520541 0.757732034 -0.652096212
1770731528.725577831 -1.699517727 26.098829269 -0.065415598 -0.020088196 0.018142881 0.758753717 -0.650815070
1770731528.825279236 -1.710757732 26.013143539 -0.065744005 -0.021495966 0.017265158 0.759183168 -0.650292814
1770731529.231178999 -1.751259327 25.683195114 -0.059767216 -0.018017650 0.016056634 0.762747765 -0.646245718
1770731529.331751347 -1.767557859 25.592519760 -0.061362669 -0.021482794 0.014658973 0.762114644 -0.646919489
1770731529.423296452 -1.773894787 25.526910782 -0.055818990 -0.015910476 0.018246870 0.760547757 -0.648830593
1770731529.524416208 -1.778682470 25.449895859 -0.054191545 -0.014735727 0.016924752 0.758569241 -0.651205838
1770731529.725365400 -1.798239470 25.296339035 -0.051676035 -0.016515432 0.017770497 0.753895938 -0.656545818
1770731530.024421453 -1.807996869 25.064992905 -0.046864517 -0.013608634 0.016491119 0.742760420 -0.669215918
1770731530.124351978 -1.809085846 24.984621048 -0.045347363 -0.013373910 0.014197102 0.741065800 -0.671149075
1770731530.223232031 -1.818481445 24.909179688 -0.042431056 -0.012814639 0.017616641 0.741696060 -0.670382321
1770731530.624646664 -1.856088996 24.560184479 -0.029993899 0.013199119 -0.019317210 -0.749730527 0.661329687
1770731530.723765850 -1.856784463 24.476583481 -0.025596380 0.006809025 -0.019918466 -0.751233816 0.659700394
1770731530.824342012 -1.872860551 24.379100800 -0.026649602 0.014150262 -0.019661808 -0.750983357 0.659876764
1770731530.923806190 -1.896433949 24.282936096 -0.027660474 -0.024380740 0.018325895 0.752165914 -0.658267498
1770731531.323323488 -1.918477178 24.012763977 -0.016011856 0.013555346 -0.020307912 -0.759542704 0.649999022
1770731531.626826048 -1.959760308 23.780973434 -0.016359657 -0.021173475 0.019999748 0.763395786 -0.645273983
1770731531.723903179 -1.966935515 23.724315643 -0.015151061 -0.020050166 0.020047711 0.765704632 -0.642567098
1770731532.122811794 -1.988705873 23.489690781 -0.006211847 0.013609825 -0.021038314 -0.765237689 0.643260002
1770731532.323021889 -2.013993979 23.335634232 -0.007151775 -0.018205851 0.021391034 0.757398069 -0.652348995
1770731532.424751520 -2.016714096 23.263694763 -0.003897347 -0.016047893 0.019535106 0.754119992 -0.656249821
1770731532.922580242 -2.071362019 22.858234406 -0.002338685 -0.018110095 0.018354574 0.763737679 -0.645011485
1770731533.022076130 -2.081080675 22.770112991 0.000583909 -0.018390981 0.016535936 0.765421033 -0.643054426
1770731533.123056650 -2.088865995 22.692861557 0.001384698 -0.015440999 0.017014602 0.766570807 -0.641748607
1770731533.220997572 -2.096801281 22.622140884 0.005219631 0.011945752 -0.018226357 -0.768738508 0.639191806
1770731533.324315071 -2.111387491 22.537185669 0.006592304 0.012080163 -0.018319409 -0.772632539 0.634474218
1770731533.423557281 -2.135305882 22.436887741 0.003489256 -0.017085431 0.017305063 0.776122808 -0.630112708
1770731533.524116278 -2.145132303 22.348398209 0.007950187 -0.011469125 0.016995018 0.778397441 -0.627436817
1770731533.621213198 -2.159424782 22.258676529 0.006650455 -0.015107660 0.014593242 0.778846145 -0.626863182
1770731533.723087549 -2.173919439 22.188949585 0.012341283 0.009868233 -0.019743672 -0.778961420 0.626683295
1770731533.820454359 -2.184978008 22.113464355 0.014708914 0.009238809 -0.018908143 -0.779324055 0.626267672
1770731534.221632004 -2.229315519 21.779895782 0.018147007 0.007631778 -0.014015401 -0.774725795 0.632095933
1770731534.422034740 -2.244179487 21.638275146 0.020265721 -0.008241593 0.010951146 0.768717110 -0.639442027
1770731534.620922327 -2.258559942 21.497945786 0.019879699 -0.008139520 0.010286977 0.763041854 -0.646215975
1770731535.018816233 -2.276107788 21.255273819 0.027627423 0.004343837 -0.010496718 -0.755250394 0.655337870
1770731535.220869064 -2.291003704 21.088983536 0.029883631 -0.001990438 0.007752134 0.758298516 -0.651858449
1770731535.422531128 -2.316321373 20.903385162 0.029630981 -0.009918868 0.005453484 0.759032845 -0.650953948
1770731535.521494627 -2.330516815 20.821285248 0.031710252 -0.006896882 0.009387040 0.760455728 -0.649285257
1770731536.021851540 -2.369322062 20.404006958 0.033136696 -0.009206175 0.008913028 0.755954623 -0.654498518
1770731536.117287159 -2.384330511 20.320274353 0.033567972 -0.013292640 0.009251704 0.757080078 -0.653121471
1770731536.218906879 -2.400770426 20.232856750 0.032384291 -0.019920079 0.007444217 0.760302067 -0.649221480
1770731536.321387053 -2.408900499 20.154870987 0.030455224 -0.016529975 0.008978394 0.763411045 -0.645639002
1770731536.820707083 -2.480483532 19.839458466 0.040979497 0.013430296 -0.020991748 -0.790548027 0.611892760
1770731536.921411991 -2.489343882 19.781528473 0.041780494 0.012856958 -0.019144991 -0.790309012 0.612274230
1770731537.225131273 -2.513976336 19.619037628 0.050327972 0.006780147 -0.025377616 -0.781848550 0.622914851
1770731537.324811935 -2.521458626 19.551046371 0.052728817 0.006218671 -0.025991138 -0.777610064 0.628178656
1770731537.420859575 -2.526594400 19.476423264 0.054739758 0.005906761 -0.023758009 -0.774073601 0.632622123
1770731537.719626188 -2.533869505 19.243953705 0.055345394 0.003108561 -0.012822945 -0.762550592 0.646794140
1770731537.819693327 -2.534698009 19.173477173 0.059606485 0.001804739 -0.011292595 -0.759327650 0.650608063
1770731538.020455122 -2.562931061 19.030166626 0.061833903 0.006459027 -0.014158186 -0.758773088 0.651169121
1770731538.221895695 -2.576868296 18.887889862 0.068840809 0.002970457 -0.015776826 -0.759031773 0.650855541
1770731538.418431997 -2.586299419 18.742788315 0.075215071 -0.002222478 -0.013958348 -0.761975527 0.647451639
1770731538.719217777 -2.617929935 18.502223969 0.075391665 0.002554983 -0.012146672 -0.760547400 0.649163842
1770731538.820078611 -2.621758461 18.428188324 0.082221344 0.000474364 -0.013581291 -0.757289410 0.652938128
1770731538.920052052 -2.627690792 18.335178375 0.080462873 0.003478556 -0.009367739 -0.756337345 0.654105484
1770731539.019773245 -2.638024092 18.239145279 0.077597521 -0.007768929 0.006069671 0.756340384 -0.654104054
1770731539.217871666 -2.652227402 18.081560135 0.082949542 -0.005229890 0.009760191 0.752713919 -0.658254564
1770731539.618859529 -2.677843809 17.773250580 0.084782705 -0.011772811 0.006451208 0.745384872 -0.666499317
1770731539.715975285 -2.671710730 17.709714890 0.088071801 -0.004754573 0.006906261 0.743412733 -0.668780446
1770731539.918439150 -2.700356483 17.540777206 0.086029068 -0.018154204 0.008715145 0.742719889 -0.669299364
1770731540.119182825 -2.696906805 17.391115189 0.095410928 0.005347311 -0.011572066 -0.742483556 0.669743001
1770731540.218046904 -2.704895258 17.289405823 0.091321267 -0.012032537 0.007887791 0.741914093 -0.670340598
1770731540.519650221 -2.729005098 17.025014877 0.101125300 -0.011092960 0.011669842 0.743801355 -0.668206871
1770731540.617843628 -2.746999025 16.932607651 0.099250488 -0.014375625 0.014389044 0.744278133 -0.667560041
1770731540.727021933 -2.745808840 16.829957962 0.102518402 -0.010060250 0.011232871 0.745349228 -0.666503668
1770731540.814570427 -2.752207756 16.748517990 0.106662929 -0.008219837 0.012300266 0.746520221 -0.665198326
1770731541.018854141 -2.778108835 16.540388107 0.112132259 -0.010227530 0.014601277 0.748934865 -0.662403762
1770731541.119949102 -2.785825729 16.445655823 0.117731109 0.005048334 -0.017398164 -0.750170112 0.660996616
1770731541.217358589 -2.789721012 16.356826782 0.121450678 0.003048598 -0.015535733 -0.751635313 0.659388840
1770731541.420958281 -2.814202785 16.187276840 0.126536086 0.005150347 -0.018237969 -0.753356278 0.657339394
1770731541.821649313 -2.849999666 15.885330200 0.141901359 0.002039432 -0.020939697 -0.757642627 0.652330518
1770731541.917459011 -2.856714487 15.795716286 0.144414052 0.001240104 -0.020134252 -0.757703900 0.652286589
1770731542.121283054 -2.877896547 15.589311600 0.147138014 0.004524648 -0.014751172 -0.757774830 0.652333736
1770731542.217869997 -2.890426636 15.498635292 0.151491582 0.003189116 -0.018495904 -0.756667018 0.653531015
1770731542.417388916 -2.904620409 15.306948662 0.157739356 0.002137452 -0.013727525 -0.756378770 0.653986275
1770731542.616671085 -2.925263166 15.117889404 0.156377092 -0.006328820 0.010380552 0.755104184 -0.655492127
1770731542.717525959 -2.929740906 15.031550407 0.160179824 -0.005479068 0.010677090 0.753491282 -0.657348394
1770731543.016062260 -2.966619492 14.791706085 0.165329710 -0.014030455 0.013046127 0.751265168 -0.659722388
1770731543.115664244 -2.971900463 14.712436676 0.167056322 -0.010356932 0.012561304 0.752785087 -0.658065021
1770731543.516681671 -3.033268690 14.367450714 0.165132642 -0.025087059 0.015120404 0.759815931 -0.649478078
1770731543.630462408 -3.050291300 14.270839691 0.170776814 -0.020980090 0.018315583 0.762095809 -0.646865070
1770731543.715138674 -3.042148113 14.199482918 0.174767837 -0.009858548 0.013891215 0.765181065 -0.643589795
1770731543.917588949 -3.081465483 14.019316673 0.174593568 -0.016723333 0.019580109 0.767414868 -0.640633523
1770731544.016629457 -3.098034620 13.938877106 0.180341452 0.011260956 -0.024222698 -0.768854976 0.638864934
1770731544.117662430 -3.108800173 13.856709480 0.186599821 0.010028660 -0.025402162 -0.768537641 0.639221549
1770731544.216240168 -3.116658688 13.779432297 0.190467134 0.009210109 -0.023129707 -0.769960046 0.637606263
1770731544.516414404 -3.149552584 13.547188759 0.198053733 0.005909084 -0.025769919 -0.768173218 0.639695942
1770731544.618157864 -3.155914545 13.459489822 0.203506380 0.003570824 -0.023545142 -0.767563105 0.640530765
1770731544.715322256 -3.159081459 13.377776146 0.204386353 0.003954858 -0.020185022 -0.764988303 0.643715739
1770731545.016828775 -3.179292679 13.135488510 0.210392982 0.004902333 -0.018957881 -0.756443501 0.653765798
1770731545.320589781 -3.195858479 12.900712013 0.214982003 0.008117943 -0.014588391 -0.750461817 0.660702884
1770731545.514526129 -3.207149744 12.769685745 0.220065117 0.006027609 -0.016225332 -0.747970223 0.663506627
1770731545.813721180 -3.228423119 12.537797928 0.227678657 0.004890054 -0.018632166 -0.749316156 0.661932290
1770731545.915954113 -3.234417439 12.446487427 0.228629306 0.004977911 -0.015349297 -0.752596974 0.658283651
1770731546.021040440 -3.250870466 12.354296684 0.228109866 0.009149938 -0.016933894 -0.754393578 0.656140149
1770731546.120452404 -3.260604858 12.271362305 0.229466021 0.007343083 -0.015613237 -0.756774426 0.653448343
1770731546.617752075 -3.306152344 11.868184090 0.245080143 0.003448754 -0.014578288 -0.756371379 0.653970897
1770731546.713910818 -3.315769911 11.804857254 0.245795712 0.005117654 -0.015933219 -0.750220418 0.660975993
1770731546.814615965 -3.318493366 11.736686707 0.248263702 0.004587829 -0.015293006 -0.742829025 0.669290841
1770731547.118982077 -3.327696800 11.496692657 0.248390198 -0.009636074 0.010789550 0.729542017 -0.683783054
1770731547.213602781 -3.326029539 11.408573151 0.245794356 -0.011422067 0.004597896 0.732032716 -0.681158245
1770731547.414232731 -3.332173824 11.236122131 0.250313461 -0.010868429 0.006207369 0.729498565 -0.683867872
1770731547.514586449 -3.342839479 11.136734962 0.246529192 -0.016311914 0.004278136 0.731393456 -0.681747317
1770731547.615202188 -3.347530842 11.055029869 0.249944121 -0.013766944 0.006096029 0.733211040 -0.679834545
1770731548.019451141 -3.369487762 10.750268936 0.263174534 0.003970265 -0.010603293 -0.744283497 0.667767942
1770731548.113603354 -3.371633053 10.670224190 0.264618814 0.001260966 -0.009672243 -0.746357024 0.665474415
1770731548.213979483 -3.379558563 10.578694344 0.266992986 0.001455068 -0.007914706 -0.747794807 0.663881242
1770731548.313251734 -3.387751341 10.492052078 0.269418538 0.000486791 -0.007281418 -0.748948514 0.662588060
1770731548.513041735 -3.403307915 10.314248085 0.269179046 -0.002549559 0.001440661 0.754353046 -0.656462371
1770731548.714331865 -3.425090790 10.122362137 0.275025725 0.000721455 0.002165442 0.758270860 -0.651935577
1770731548.813048601 -3.435264587 10.020362854 0.276725411 0.000269830 -0.000570288 0.760558128 -0.649269521
1770731549.013388872 -3.459553719 9.835131645 0.283325702 0.001101971 0.001949219 0.762156367 -0.647389114
1770731549.213940620 -3.480546951 9.661669731 0.286565959 0.001983464 0.001935113 0.763136566 -0.646231234
1770731549.414470673 -3.498012304 9.462485313 0.293008924 0.006997525 -0.001742882 0.765043736 -0.643937886
1770731549.515968561 -3.512061596 9.362230301 0.291129649 0.001826703 -0.003495475 0.764424205 -0.644701540
1770731549.713445187 -3.533346415 9.218026161 0.294998825 0.004683942 -0.000840420 0.765879691 -0.642966390
1770731549.914900780 -3.553791285 9.073266029 0.298380911 0.003329843 0.000384757 0.763853490 -0.645381093
1770731550.112604141 -3.569021225 8.911808014 0.303625673 0.005889088 -0.000464465 0.762731314 -0.646688581
1770731550.313677788 -3.603586435 8.736178398 0.300465912 -0.005052387 -0.002039419 0.762499809 -0.646965563
1770731550.512707949 -3.615457296 8.578423500 0.302765071 -0.001142114 -0.003380833 0.762459159 -0.647026598
1770731550.714487791 -3.635136604 8.429938316 0.304330498 0.000322551 -0.001881905 0.763810575 -0.645437658
1770731550.911838770 -3.653865337 8.288420677 0.307152957 0.001598567 -0.000310708 0.763369799 -0.645959735
1770731551.010780811 -3.661682367 8.215400696 0.309307575 0.002393872 0.000493271 0.761523128 -0.648133218
1770731551.112583637 -3.669803143 8.134765625 0.311319441 0.002813548 0.001910785 0.758232236 -0.651975691
1770731551.212444305 -3.680618763 8.039919853 0.310036927 -0.000853390 0.001796162 0.755015612 -0.655703902
1770731551.312661171 -3.687039137 7.953746319 0.313999116 0.001790672 0.002128873 0.755706906 -0.654904068
1770731552.011107922 -3.752966642 7.408162594 0.320993721 -0.006664454 0.001816883 0.756381989 -0.654093802
1770731552.413795948 -3.767517090 7.092939377 0.331035316 0.001708299 0.003014047 0.747852385 -0.663856030
1770731552.710231543 -3.790333271 6.815332890 0.328971267 -0.007891445 0.000800891 0.739232123 -0.673404038
1770731553.211312056 -3.807975769 6.492958069 0.338745326 -0.000919044 0.006424638 0.740742981 -0.671757221
1770731553.416187286 -3.823255539 6.330653667 0.339237958 -0.001611829 0.006632044 0.743900776 -0.668255329
1770731553.611344814 -3.851927519 6.143201828 0.339146614 -0.016413240 0.005199423 0.741355538 -0.670891702
1770731553.816076994 -3.851387262 5.988269806 0.351558954 0.002631336 -0.010120824 -0.743873179 0.668239117
1770731554.210821152 -3.879389286 5.648215294 0.358291745 -0.008558064 0.007484286 0.744345605 -0.667697847
1770731554.410225868 -3.914694309 5.458504677 0.363945425 -0.015278250 0.011336956 0.747245669 -0.664275646
1770731554.709034443 -3.919281483 5.249369144 0.374974072 0.001899272 -0.014257289 -0.750391424 0.660837233
1770731554.810988426 -3.934392214 5.152285099 0.379370689 0.002908438 -0.017784476 -0.750885189 0.660186827
1770731554.910106182 -3.948685884 5.046356678 0.377657682 -0.009992092 0.012104282 0.752681911 -0.658197224
1770731555.210782766 -3.967126369 4.818287849 0.389923096 0.000932485 -0.014739865 -0.756732523 0.653557718
1770731555.510689497 -4.001477718 4.578474998 0.394830495 0.004558980 -0.015658963 -0.758492470 0.651477695
1770731555.809849024 -4.028638840 4.338212967 0.399239421 0.003511012 -0.014600351 -0.760575891 0.649075389
1770731556.007087946 -4.049479485 4.174015999 0.405002385 0.005558490 -0.014997138 -0.757485390 0.652656138
1770731556.218642950 -4.055418491 3.979567766 0.410086602 0.002736538 -0.011249759 -0.753144860 0.657752752
1770731556.312723398 -4.064794064 3.895441771 0.412119776 0.002449661 -0.012770014 -0.750570059 0.660662949
1770731556.405038118 -4.067159176 3.816228151 0.415093243 0.000813305 -0.013144227 -0.747111380 0.664568484
1770731556.507802486 -4.077110291 3.717074633 0.413260072 0.005590498 -0.011256051 -0.744464457 0.667543948
1770731556.608482122 -4.084851265 3.630124092 0.418266267 0.004517376 -0.012830636 -0.741830289 0.670449734
1770731556.708453894 -4.077970028 3.544140339 0.421525896 0.000745624 -0.009044264 -0.739852965 0.672707438
1770731556.806424618 -4.081496239 3.461643457 0.425440401 -0.001273304 -0.010817747 -0.738449693 0.674220681
1770731557.002255917 -4.089069366 3.294621944 0.428826183 -0.001749605 -0.009917057 -0.737879574 0.674857318
1770731557.207484007 -4.106941700 3.128287792 0.431588441 0.003493875 -0.009337639 -0.740281165 0.672223568
1770731557.410458803 -4.114558697 2.986567497 0.444294393 -0.003987997 -0.013788336 -0.741760671 0.670511186
1770731557.506529570 -4.119779587 2.911371469 0.451196551 -0.007152109 -0.018512694 -0.741786420 0.670342505
1770731557.706481218 -4.139710903 2.730498075 0.458924294 -0.007054149 -0.021627538 -0.744013429 0.667777359
1770731557.908447027 -4.168198109 2.559433460 0.465514243 -0.002466381 -0.028085068 -0.744693160 0.666811347
1770731558.006917238 -4.173202038 2.487321138 0.473930717 -0.004304349 -0.029071987 -0.746363461 0.664889455
1770731558.306253195 -4.220357418 2.233089209 0.470047176 0.015558958 -0.028588925 -0.747686863 0.663253427
1770731558.505949736 -4.262864590 2.030157328 0.461944491 -0.036349118 0.023166128 0.751927257 -0.657835484
1770731558.706988573 -4.279737473 1.872066736 0.477134109 0.023361025 -0.033640336 -0.747457325 0.663046122
1770731558.906450272 -4.262899876 1.792370200 0.500427246 -0.004698843 -0.047407351 -0.741117239 0.669683397
1770731559.105960369 -4.269158840 1.664764524 0.509982288 -0.012415200 -0.051132821 -0.742051721 0.668274403
1770731559.305121183 -4.295644760 1.544598818 0.523948967 -0.013372568 -0.062560380 -0.741898835 0.667453051
1770731559.506664753 -4.279717445 1.417796016 0.534485817 -0.016576080 -0.053085506 -0.736353695 0.674307466
1770731559.807941437 -4.253231049 1.206191897 0.544288754 -0.019692896 -0.041093279 -0.723184288 0.689150274
1770731560.105569601 -4.241696358 0.948418319 0.539868176 -0.000225872 -0.025982074 -0.701176584 0.712514102
1770731560.404387474 -4.213506699 0.765227139 0.546255291 0.005257457 -0.022842517 -0.664542258 0.746883035
1770731560.806643486 -4.136464119 0.557362437 0.549058557 0.000521064 -0.019304287 -0.627895355 0.778058231
1770731561.304566860 -4.035191059 0.337667853 0.527952731 -0.007251798 0.001053683 0.587189019 -0.809416652
1770731561.598215818 -3.952461481 0.235459983 0.526466012 -0.003355443 -0.007135942 0.549997628 -0.835128963
1770731562.105807066 -3.868374348 0.017771497 0.524840593 -0.014504192 -0.004280619 0.545088470 -0.838242173
1770731562.403897285 -3.774474621 -0.123926044 0.534498811 -0.004478395 -0.001418829 -0.549457848 0.835508227
1770731562.702452183 -3.683787823 -0.286203474 0.548029006 -0.014544038 -0.008169240 -0.552092791 0.833615780
1770731562.915675640 -3.620711327 -0.552044153 0.502075434 -0.032327946 -0.017183429 0.557357728 -0.829464853
1770731563.108272314 -3.555499792 -0.781807125 0.475865692 -0.056512944 -0.034618448 0.559896529 -0.825907826
1770731563.303728342 -3.494914770 -0.886237860 0.483551264 -0.034525242 -0.010163642 0.562419116 -0.826068699
1770731563.506934166 -3.434717178 -0.998928964 0.486235172 -0.019998370 -0.004649616 0.569198191 -0.821943879
1770731563.897651911 -3.362841129 -1.165989995 0.492286444 -0.009977578 0.007917619 0.568680704 -0.822459698
1770731564.201719999 -3.290186882 -1.251913667 0.506926179 -0.006001114 -0.024552662 -0.545190692 0.837930918
1770731564.502247334 -3.154609680 -1.424470663 0.493421793 -0.001274735 -0.010043322 -0.509519994 0.860399246
1770731564.703194857 -3.057186127 -1.513578653 0.497751176 -0.012051642 -0.008778699 -0.481862158 0.876120269
1770731564.901708126 -2.943747997 -1.619885325 0.481697142 0.001084983 -0.008052035 0.451398492 -0.892285466
1770731565.306117296 -2.776801825 -1.753641963 0.484868467 -0.005927055 -0.001667425 -0.387209356 0.921971202
1770731565.702462196 -2.622959852 -1.889416933 0.450118363 -0.026800718 -0.014498828 0.316802353 -0.948001981
1770731566.001409054 -2.506965399 -1.903096080 0.440879345 -0.018295348 -0.020706579 0.272458076 -0.961770892
1770731566.309718609 -2.444182396 -1.897355199 0.436141789 -0.012938768 -0.015684038 0.236753494 -0.971357048
1770731566.601639748 -2.368799686 -1.888639450 0.426860124 -0.008644075 -0.023811834 0.204531953 -0.978532076
1770731567.100394726 -2.202318668 -1.904006839 0.411603659 -0.011682956 -0.016253559 0.131579429 -0.991103530
1770731569.899968863 -1.635143757 -1.594183087 0.330707997 0.006437658 0.001335829 0.216097131 0.976349771
1770731572.698535681 -1.539750099 -1.439615726 0.289417624 0.007837011 0.006107389 0.418188989 0.908305705
1770731575.596276999 -1.526691675 -1.238265991 0.263949335 0.021221820 0.001843780 0.571744800 0.820154965
1770731576.096389532 -1.551644206 -1.235438585 0.255836248 0.019958220 0.000940204 0.598810971 0.800641179
1770731576.493181944 -1.564662695 -1.222053528 0.253518224 0.022799900 -0.001094460 0.618706226 0.785290718
1770731576.996389866 -1.573968053 -1.190772891 0.248937443 0.024921471 -0.002099574 0.650758028 0.758873224
1770731577.600940466 -1.570136309 -1.151536345 0.246426895 0.025006372 -0.005933820 0.653331578 0.756635487
1770731577.996094942 -1.558381557 -1.003289104 0.239932105 0.010854503 0.008030504 0.658466518 0.752488971
1770731578.395663500 -1.569914103 -0.874332726 0.242776245 0.018835025 0.004672914 0.702288449 0.711628020
1770731578.794994116 -1.608444333 -0.742648900 0.237049937 0.005568495 -0.000435233 0.706225216 0.707965314
1770731579.194769859 -1.600470304 -0.640035748 0.232002944 0.003806911 0.015062034 0.714169323 0.699800670
1770731579.616814137 -1.603489041 -0.535632789 0.234253868 0.004123014 0.018722055 0.718894839 0.694854558
1770731580.212285757 -1.607193232 -0.391358316 0.231417283 -0.001085498 0.022209853 0.711933732 0.701894581
1770731580.594564438 -1.581975579 -0.376432657 0.232417464 0.000798635 0.021782605 0.685325086 0.727911055
1770731581.194905996 -1.560477853 -0.380467057 0.233351588 0.002135665 0.021475971 0.662745357 0.748533845
1770731581.794592142 -1.563582420 -0.374910355 0.234167174 0.002214000 0.021225898 0.665032566 0.746509433
1770731582.393413782 -1.569867253 -0.320787072 0.238880739 0.002954280 0.015696732 0.669899583 0.742280006
1770731582.992508650 -1.566099405 -0.230800956 0.236901611 0.002436417 0.014100580 0.668825746 0.743281543
1770731583.493441582 -1.551843166 -0.157445386 0.232134447 0.001081986 0.021788388 0.668709517 0.743203759
1770731583.994270325 -1.549037814 -0.156804338 0.232748851 0.001846677 0.021636961 0.666033685 0.745605528
1770731584.591473103 -1.547602057 -0.154386386 0.232757792 0.001997466 0.021757931 0.664602876 0.746877372
1770731585.092333555 -1.548392296 -0.154942378 0.232670829 0.001836090 0.021967230 0.665267706 0.746279478
1770731585.691380262 -1.548710108 -0.155228496 0.232753217 0.001840015 0.022032646 0.665458560 0.746107340
1770731586.195199013 -1.548696280 -0.155447140 0.232941046 0.001824067 0.021880446 0.665576577 0.746006608
