t_s,vram_mib,gpu_util_pct,cpu_pct,ram_mib
0.0,631,0,51.7,7722
1.0,631,3,4.0,7974
2.0,631,4,7.8,8031
3.1,631,4,6.9,8023
4.1,631,0,6.7,8036
5.1,631,0,6.9,8075
6.1,631,4,7.2,8109
7.2,631,8,7.1,8104
8.2,631,4,6.7,8066
9.2,631,4,6.3,8109
10.2,631,4,7.1,8141
11.2,631,4,6.9,8144
12.3,631,4,7.0,8204
13.3,631,4,6.6,8230
14.3,631,4,7.2,8260
15.3,631,4,7.4,8297
16.4,631,4,7.0,8342
17.4,631,4,7.1,8357
18.4,631,4,7.2,8344
19.4,631,0,7.3,8370
20.4,631,4,6.9,8393
21.5,631,4,7.0,8425
22.5,631,4,7.3,8443
23.5,631,4,7.1,8447
24.5,631,4,6.8,8459
25.6,631,4,7.1,8464
26.6,631,4,7.0,8494
27.6,631,4,6.6,8513
28.6,631,5,6.9,8548
29.7,631,0,6.8,8564
30.7,631,0,6.9,8585
31.7,631,4,6.9,8619
32.7,631,4,6.8,8653
33.7,631,4,6.9,8653
34.8,631,5,6.9,8691
35.8,631,4,7.1,8706
36.8,631,4,6.9,8721
37.8,631,8,6.8,8732
38.9,631,4,7.7,8747
39.9,631,4,7.1,8763
40.9,631,7,7.4,8769
41.9,631,4,6.9,8795
43.0,631,4,7.1,8803
44.0,631,9,7.2,8792
45.0,631,0,7.1,8784
46.0,631,0,6.8,8828
47.1,631,7,6.7,8882
48.1,631,4,7.3,8883
49.1,631,0,7.2,8910
50.1,631,4,7.0,8944
51.1,631,0,7.0,8967
52.2,631,0,6.9,8995
53.2,631,0,7.7,8974
54.2,631,9,8.3,8949
55.2,631,3,8.2,8998
56.3,631,4,8.4,8991
57.3,631,11,30.1,9128
58.3,631,4,39.3,9255
59.4,631,5,40.3,9238
60.4,631,11,44.1,9251
61.4,631,4,10.2,9188
62.4,631,4,8.0,9176
63.5,631,10,8.1,9183
64.5,631,4,8.2,9174
65.5,576,4,7.7,9220
66.5,576,17,8.1,9209
67.6,576,10,8.0,9200
68.6,576,4,8.3,9203
69.6,576,0,8.2,9152
70.6,576,4,8.3,9122
71.6,576,9,8.4,9114
72.7,576,5,8.1,9113
73.7,576,4,7.9,9097
74.7,576,9,9.3,9128
75.7,576,4,41.8,9219
76.8,576,4,44.1,9313
77.8,576,7,41.0,9304
78.8,576,4,26.8,9282
79.8,576,4,8.5,9214
80.9,572,5,8.3,9203
81.9,569,4,8.0,9143
82.9,568,0,8.4,9155
83.9,568,5,7.9,9188
84.9,566,0,8.2,9138
86.0,566,0,8.8,9170
87.0,566,4,8.6,9148
88.0,566,4,8.0,9136
89.0,566,4,8.6,9131
90.1,566,4,8.7,9105
91.1,566,0,8.0,9094
92.1,566,0,8.5,9097
93.1,566,4,30.4,9286
94.2,566,4,41.6,9361
95.2,566,4,41.2,9391
96.2,566,4,41.3,9362
97.2,566,4,9.9,9336
98.3,566,0,8.0,9328
99.3,566,4,8.2,9384
100.3,566,4,8.4,9332
101.3,566,9,8.4,9319
102.3,566,4,8.6,9251
103.4,566,4,8.8,9180
104.4,566,4,8.2,9260
105.4,566,4,8.5,9226
106.4,566,4,8.0,9218
107.5,566,4,8.2,9235
108.5,566,4,8.4,9204
109.5,566,4,7.9,9243
110.5,566,0,8.5,9238
111.6,566,4,8.7,9186
112.6,566,1,8.1,9233
113.6,566,2,8.2,9196
114.6,566,4,8.1,9266
115.7,566,4,8.1,9166
116.7,566,4,8.2,9126
117.7,566,4,8.4,9139
118.7,566,4,8.0,9152
119.7,566,4,8.4,9177
120.8,566,4,8.4,9153
121.8,566,4,8.0,9134
122.8,566,4,8.3,9109
123.8,566,4,8.4,9082
124.9,566,0,8.2,9050
125.9,566,2,8.5,9057
126.9,566,0,8.5,9029
127.9,566,0,8.0,9112
129.0,566,0,8.3,9100
130.0,566,4,8.7,9066
131.0,566,4,8.3,9045
132.0,566,4,8.0,9097
133.0,566,5,9.2,9123
134.1,566,0,8.8,9078
135.1,566,0,7.9,9075
136.1,566,0,7.6,9059
137.1,566,0,7.9,9090
138.2,566,0,7.7,9131
139.2,566,5,8.4,9125
140.2,566,6,7.9,9107
141.2,566,5,8.0,9074
142.3,566,5,7.8,9060
143.3,566,6,7.3,9058
144.3,566,5,19.5,9183
145.3,566,5,9.6,9195
146.4,566,5,6.8,9275
147.4,566,5,6.9,9270
148.4,566,5,6.8,9270
149.4,566,5,6.9,9355
150.4,566,0,6.5,9373
151.5,566,5,7.1,9375
152.5,566,5,6.6,9393
153.5,566,0,7.1,9391
154.5,566,5,6.8,9423
155.6,566,6,7.3,9438
156.6,566,5,6.9,9473
157.6,566,5,6.9,9487
158.6,566,5,6.5,9501
159.7,566,5,6.9,9515
160.7,566,5,6.6,9509
161.7,566,5,6.7,9540
162.7,566,0,6.9,9569
163.8,566,0,7.2,9585
164.8,566,3,6.9,9586
165.8,566,0,6.6,9589
166.8,566,0,6.9,9650
167.8,566,0,6.8,9663
168.9,566,0,6.6,9680
169.9,566,0,6.7,9673
170.9,566,0,6.7,9662
171.9,566,0,6.5,9681
173.0,566,0,6.6,9701
174.0,566,0,6.4,9749
175.0,566,0,6.4,9739
176.0,566,0,6.5,9784
177.1,566,0,7.0,9802
178.1,566,0,6.4,9810
179.1,566,0,6.7,9822
180.1,566,0,6.8,9816
181.1,566,0,6.5,9813
182.2,566,0,6.3,9854
183.2,566,0,6.2,9895
184.2,566,0,6.5,9901
185.2,566,0,6.4,9902
186.3,566,0,6.4,9935
187.3,566,0,6.3,9955
188.3,566,0,6.4,9978
189.3,566,0,6.6,9988
190.4,566,0,6.5,10025
191.4,566,0,6.2,10058
192.4,566,0,6.3,10071
193.4,566,0,6.5,10068
194.4,566,0,6.5,10119
195.5,566,0,6.7,10116
196.5,566,0,6.4,10138
197.5,566,0,6.4,10159
198.5,566,0,6.5,10202
199.6,566,0,6.7,10212
200.6,566,0,6.4,10229
201.6,566,0,6.4,10251
202.6,566,0,6.4,10294
203.6,566,0,6.3,10338
204.7,566,0,6.2,10329
205.7,566,0,6.1,10381
206.7,566,0,6.5,10409
207.7,566,0,6.3,10429
208.7,566,0,6.3,10502
209.8,566,0,6.5,10518
210.8,566,0,6.2,10546
211.8,566,0,6.4,10591
212.8,566,0,6.1,10594
213.9,566,0,6.7,10604
214.9,566,0,6.4,10598
215.9,566,0,6.2,10646
216.9,566,0,6.3,10689
218.0,566,0,6.3,10698
219.0,566,0,6.4,10738
220.0,566,0,6.5,10788
221.0,566,0,6.4,10811
222.1,566,0,6.6,10832
223.1,566,0,6.4,10868
224.1,566,0,6.9,10877
225.1,566,0,6.6,10859
226.1,566,0,6.6,10866
227.2,566,0,6.7,10878
228.2,566,0,7.1,10892
229.2,566,0,6.9,10884
230.2,566,0,7.3,10899
231.3,566,0,7.1,10885
232.3,566,0,7.2,10884
233.3,566,0,7.1,10902
234.3,566,0,7.5,10910
235.4,566,0,7.2,10934
236.4,566,0,7.3,10922
237.4,566,0,7.2,10902
238.4,566,0,7.5,10918
239.4,566,0,7.3,10932
240.5,566,0,7.4,10954
241.5,566,0,7.3,10935
242.5,566,0,7.3,10927
243.5,566,0,7.5,10920
244.6,566,0,7.9,10941
245.6,566,0,7.4,10939
246.6,566,0,7.4,10944
247.6,566,0,7.3,10945
248.7,566,0,7.4,10921
249.7,566,0,7.3,10929
250.7,566,0,7.2,10930
251.7,566,0,7.6,10951
252.7,566,0,7.2,10953
253.8,566,0,7.3,10943
254.8,566,0,7.2,10944
255.8,566,0,7.2,10968
256.8,566,0,7.3,10977
257.9,566,0,7.2,10976
258.9,566,0,7.3,10960
259.9,566,0,7.5,10950
260.9,566,0,7.4,10961
262.0,566,0,7.3,10984
263.0,566,0,7.6,10988
264.0,566,0,7.7,10967
265.0,566,0,7.4,10969
266.1,566,0,7.4,10977
267.1,566,0,7.8,10993
268.1,566,0,7.4,10987
269.1,566,0,7.3,10998
270.1,566,0,7.3,10984
271.2,566,0,7.5,10998
272.2,566,0,7.0,11017
273.2,566,0,6.9,11040
274.2,566,0,6.8,11033
275.3,566,0,6.5,11075
276.3,566,0,6.3,11123
277.3,566,0,6.4,11121
278.3,566,0,6.6,11134
279.4,566,0,6.5,11164
280.4,566,0,6.6,11191
281.4,566,0,6.4,11199
282.4,566,0,6.6,11238
283.4,566,0,6.7,11256
284.5,566,0,6.7,11272
285.5,566,13,6.8,11260
286.5,566,0,7.4,11241
287.5,566,0,7.1,11234
288.6,566,13,6.9,11252
289.6,566,0,6.6,11268
290.6,566,0,6.4,11287
291.6,566,0,6.6,11306
292.7,566,0,6.7,11330
293.7,566,13,6.8,11328
294.7,566,0,7.0,11342
295.7,566,0,6.4,11340
296.7,566,13,6.5,11341
297.8,566,0,6.3,11397
298.8,566,0,6.4,11431
299.8,566,13,6.5,11462
300.8,566,0,6.3,11473
301.9,566,0,6.4,11505
302.9,566,13,6.6,11484
303.9,566,0,6.7,11495
304.9,566,0,7.1,11517
305.9,566,13,7.4,11525
307.0,566,0,7.4,11521
308.0,566,0,7.1,11517
309.0,566,12,7.8,11509
310.0,566,0,7.3,11507
311.1,566,0,7.5,11533
312.1,566,13,7.4,11531
313.1,566,0,7.4,11524
314.1,566,0,7.3,11538
315.2,566,13,7.3,11550
316.2,566,0,7.1,11547
317.2,566,0,7.3,11536
318.2,566,13,7.4,11532
319.2,566,0,7.3,11548
320.3,566,0,7.4,11552
321.3,566,14,7.4,11547
322.3,566,0,7.1,11557
323.3,566,0,6.6,11597
324.4,566,13,6.4,11596
325.4,566,0,6.6,11626
326.4,566,0,6.4,11668
327.4,566,13,6.3,11697
328.5,566,0,6.4,11754
329.5,566,0,6.5,11796
330.5,566,13,6.3,11844
331.5,566,0,6.9,11851
332.5,566,0,6.5,11897
333.6,566,13,6.6,11929
334.6,566,0,6.8,11991
335.6,566,0,6.9,12026
336.6,566,0,6.7,12036
337.7,566,0,6.9,12032
338.7,566,13,7.4,12073
339.7,566,0,7.6,12081
340.7,566,0,7.1,12115
341.7,566,13,7.6,12138
342.8,566,0,7.3,12121
343.8,566,0,7.2,12109
344.8,566,13,6.8,12112
345.8,566,0,6.8,12167
346.9,566,0,6.8,12163
347.9,566,13,6.6,12219
348.9,566,0,6.5,12225
349.9,566,0,6.5,12223
351.0,566,13,7.0,12277
352.0,566,0,6.6,12274
353.0,566,0,7.1,12277
354.0,566,13,6.7,12312
355.1,566,0,6.7,12316
356.1,566,0,7.0,12332
357.1,566,11,7.4,12342
358.1,566,0,7.1,12335
359.1,566,0,7.4,12331
360.2,566,10,7.4,12371
361.2,566,0,7.5,12361
362.2,566,0,7.5,12353
363.2,566,11,7.5,12377
364.3,572,0,7.5,12365
365.3,572,0,7.5,12364
366.3,572,12,7.2,12391
367.3,572,0,7.5,12383
368.4,572,0,7.2,12373
369.4,568,8,7.4,12386
370.4,568,0,7.3,12403
371.4,568,0,6.9,12403
372.4,568,9,6.6,12431
373.5,568,0,6.8,12437
374.5,568,0,7.2,12432
375.5,568,9,7.2,12437
376.5,568,0,7.1,12460
377.6,568,0,7.3,12448
378.6,568,6,7.4,12458
379.6,568,0,7.5,12455
380.6,572,6,7.6,12452
381.7,572,0,7.5,12448
382.7,572,0,7.4,12481
383.7,572,6,7.3,12482
384.7,568,0,7.2,12516
385.7,568,0,7.2,12535
386.8,568,7,7.4,12547
387.8,568,0,7.4,12552
388.8,568,0,6.9,12568
389.8,568,7,6.6,12592
390.9,568,0,6.5,12641
391.9,568,0,7.0,12673
392.9,568,5,6.8,12678
393.9,568,0,6.7,12700
395.0,568,0,7.0,12720
396.0,568,4,6.8,12704
397.0,568,0,6.4,12719
398.0,568,0,6.4,12747
399.1,568,4,6.6,12769
400.1,568,0,6.5,12786
401.1,568,0,6.6,12781
402.1,568,3,6.4,12788
403.1,568,0,6.3,12822
404.2,568,0,6.5,12818
405.2,568,1,6.2,12856
406.2,568,0,6.4,12862
407.2,568,0,6.4,12895
408.3,568,0,6.7,12895
409.3,568,0,6.4,12909
410.3,568,0,6.7,12929
411.3,568,0,6.5,12949
412.4,568,0,6.1,12974
413.4,568,0,6.5,13000
414.4,568,0,6.4,13027
415.4,568,0,6.4,13053
416.5,568,0,6.5,13098
417.5,568,0,6.5,13111
418.5,568,0,7.0,13106
419.5,568,0,7.1,13159
420.5,568,0,6.5,13177
421.6,568,0,6.6,13169
422.6,568,0,6.4,13196
423.6,568,0,6.6,13205
424.6,568,0,6.7,13213
425.7,568,0,6.4,13243
426.7,568,0,6.6,13266
427.7,568,0,6.8,13274
428.7,568,0,7.0,13278
429.8,568,0,7.1,13293
430.8,568,0,7.1,13296
431.8,568,0,7.2,13310
432.8,568,0,6.7,13340
433.8,568,0,6.6,13384
434.9,568,0,6.5,13423
435.9,568,0,6.5,13479
436.9,568,0,6.5,13529
437.9,568,0,6.5,13550
439.0,568,0,6.3,13573
440.0,568,0,6.6,13605
441.0,568,0,7.1,13604
442.0,568,0,6.6,13612
443.1,568,0,6.9,13631
444.1,568,0,7.2,13664
445.1,568,0,7.2,13671
446.1,568,0,7.4,13663
447.2,568,0,7.3,13663
448.2,568,0,7.1,13673
449.2,568,0,7.1,13687
450.2,568,0,7.1,13707
451.2,568,0,6.5,13705
452.3,568,0,6.6,13701
453.3,568,0,6.6,13733
454.3,568,0,6.5,13776
455.3,568,0,6.3,13748
456.4,568,0,6.5,13788
457.4,568,0,6.5,13806
458.4,568,0,6.5,13804
459.4,568,0,6.3,13836
460.5,568,0,6.7,13882
461.5,568,0,6.5,13900
462.5,568,0,6.4,13912
463.5,568,0,7.3,13980
464.6,568,0,6.7,13954
465.6,568,0,6.8,13939
466.6,568,0,6.8,13933
467.6,568,0,6.8,13938
468.6,568,0,7.0,13955
469.7,568,0,6.7,13978
470.7,568,0,6.9,13965
471.7,568,0,6.5,13986
472.7,568,0,6.7,14018
473.8,568,0,6.5,14028
474.8,568,0,6.5,14046
475.8,568,0,6.5,14062
476.8,568,0,6.5,14080
477.9,568,0,6.3,14099
478.9,568,0,6.5,14118
479.9,568,0,6.5,14145
480.9,568,0,6.4,14188
482.0,568,0,6.3,14188
483.0,568,0,6.5,14192
484.0,568,0,6.5,14207
485.0,568,0,6.3,14239
486.0,568,0,7.3,14242
487.1,568,0,6.7,14250
488.1,568,0,6.8,14268
489.1,568,0,6.8,14276
490.1,568,0,6.7,14252
491.2,568,0,7.1,14259
492.2,568,0,7.0,14286
493.2,568,0,7.5,14286
494.2,568,0,7.2,14274
495.3,568,0,7.3,14275
496.3,568,0,7.3,14281
497.3,568,0,7.6,14292
498.3,568,0,7.3,14306
499.4,568,0,7.2,14299
500.4,568,0,7.6,14299
501.4,568,0,7.4,14309
502.4,568,0,7.4,14320
503.4,568,0,7.3,14326
504.5,572,0,7.5,14330
505.5,572,0,7.8,14303
506.5,572,0,8.1,14316
507.5,572,0,7.4,14339
508.6,572,0,7.4,14334
509.6,568,0,7.3,14338
510.6,568,0,7.6,14345
511.6,568,0,7.4,14342
512.7,568,0,7.5,14342
513.7,568,0,7.2,14358
514.7,568,0,7.7,14347
515.7,568,0,7.3,14345
516.7,568,0,7.6,14344
517.8,568,0,7.5,14354
518.8,568,0,7.6,14369
519.8,568,0,7.5,14357
520.8,568,0,7.4,14358
521.9,568,0,7.6,14355
522.9,568,0,7.5,14395
523.9,568,0,7.6,14379
524.9,568,0,7.5,14380
526.0,568,0,7.6,14408
527.0,568,0,7.5,14421
528.0,568,0,7.5,14417
529.0,568,0,7.5,14419
530.0,568,0,7.8,14415
531.1,568,13,7.6,14433
532.1,568,0,7.6,14435
533.1,568,0,7.5,14420
534.1,568,13,7.4,14418
535.2,568,0,7.5,14431
536.2,568,0,7.4,14456
537.2,568,14,7.7,14446
538.2,568,0,7.3,14432
539.2,568,0,7.8,14432
540.3,568,13,7.5,14480
541.3,568,0,7.7,14472
542.3,568,0,7.5,14467
543.3,568,13,7.6,14455
544.4,568,0,7.6,14479
545.4,568,0,7.2,14493
546.4,568,13,6.8,14473
547.4,568,0,7.2,14468
548.4,588,0,7.3,14508
549.5,586,13,6.9,14530
550.5,582,0,7.1,14545
551.5,581,0,7.4,14522
552.5,581,13,7.0,14513
553.6,577,0,7.3,14509
554.6,577,0,7.4,14515
555.6,577,13,7.1,14546
556.6,577,0,7.2,14560
557.7,577,14,7.5,14542
558.7,577,0,7.8,14528
559.7,577,0,7.8,14559
560.7,577,13,7.7,14557
561.8,577,0,7.9,14551
562.8,577,0,7.7,14540
563.8,577,13,8.1,14554
564.8,577,0,7.7,14575
565.8,577,0,7.7,14580
566.9,577,13,7.8,14564
567.9,577,0,8.2,14575
568.9,577,0,7.8,14590
569.9,577,14,7.6,14598
571.0,577,0,7.5,14602
572.0,577,0,7.4,14648
573.0,577,13,7.7,14678
574.0,577,0,7.9,14724
575.0,577,0,7.2,14713
576.1,577,12,7.8,14735
577.1,577,0,7.5,14749
578.1,577,0,7.7,14734
579.1,576,14,7.6,14728
580.2,576,0,7.6,14729
581.2,576,0,7.5,14736
582.2,576,13,7.4,14793
583.2,576,0,7.2,14797
584.3,576,0,7.0,14792
585.3,576,13,7.0,14854
586.3,576,0,7.1,14899
587.3,576,0,7.1,14951
588.3,576,13,7.1,14990
589.4,576,0,7.2,15022
590.4,576,0,7.2,15038
591.4,576,13,7.1,15056
592.4,576,0,7.2,15057
593.5,576,0,7.1,15079
594.5,576,13,7.8,15083
595.5,576,0,7.1,15083
596.5,576,0,7.2,15098
597.6,576,12,7.3,15129
598.6,576,0,7.0,15151
599.6,576,0,7.5,15177
600.6,576,13,6.9,15217
601.6,576,0,6.9,15246
602.7,576,14,6.8,15238
603.7,576,0,7.3,15243
604.7,576,0,7.1,15251
605.7,576,13,7.3,15265
606.8,576,0,7.2,15279
607.8,576,0,7.3,15254
608.8,576,13,7.3,15278
609.8,575,0,7.4,15280
610.8,575,0,7.3,15304
611.9,575,13,7.1,15307
612.9,580,0,7.1,15309
613.9,580,0,7.1,15370
614.9,580,13,7.8,15363
616.0,579,0,7.2,15381
617.0,579,0,7.4,15410
618.0,575,13,7.1,15436
619.0,575,0,7.2,15476
620.1,575,0,7.4,15535
621.1,575,13,7.2,15542
622.1,575,0,7.3,15623
623.1,575,0,7.3,15631
624.2,575,13,7.0,15642
625.2,575,0,7.1,15673
626.2,575,0,7.3,15681
627.2,575,13,7.3,15691
628.2,575,0,7.1,15724
629.3,575,0,7.0,15766
630.3,575,13,7.0,15800
631.3,575,0,7.0,15810
632.3,575,0,7.1,15813
633.3,575,13,7.2,15818
634.4,575,0,7.6,15808
635.4,575,0,7.3,15804
636.4,575,13,7.3,15787
637.4,575,0,7.3,15820
638.5,575,0,7.4,15829
639.5,575,12,7.3,15828
640.5,575,0,7.4,15830
641.5,575,0,7.2,15830
642.6,575,12,7.1,15849
643.6,575,0,7.1,15868
644.6,575,0,6.8,15880
645.6,575,13,6.9,15883
646.6,575,0,6.7,15888
647.7,575,13,6.7,15905
648.7,575,0,6.9,15938
649.7,575,0,6.6,15963
650.7,575,14,6.5,15968
651.8,575,0,6.6,15974
652.8,575,0,6.6,15982
653.8,575,13,6.7,15992
654.8,575,0,6.4,16019
655.9,575,0,6.7,16033
656.9,575,13,6.5,16048
657.9,575,0,6.7,16073
658.9,575,0,6.3,16072
659.9,575,13,6.5,16093
661.0,595,0,6.9,16127
662.0,643,0,7.4,16192
663.0,641,2,7.1,16186
664.1,625,0,6.9,16209
665.1,635,29,8.2,16231
666.1,631,2,7.0,16236
667.1,619,0,6.9,16266
668.1,614,0,7.0,16279
669.2,613,12,7.1,16273
670.2,585,2,7.4,16246
671.2,585,0,7.2,16256
672.2,584,13,7.1,16263
673.3,582,0,7.0,16263
674.3,581,0,7.1,16281
675.3,581,13,7.2,16280
676.3,581,0,7.3,16288
677.4,581,0,7.1,16279
678.4,581,10,7.2,16275
679.4,581,0,7.2,16292
680.4,581,0,7.1,16299
681.5,581,9,7.0,16314
682.5,581,0,7.2,16345
683.5,581,0,7.1,16368
684.5,581,12,7.1,16356
685.5,581,0,7.1,16364
686.6,581,0,7.1,16387
687.6,581,8,7.0,16364
688.6,581,0,7.3,16391
689.6,581,0,6.9,16405
690.7,581,8,7.4,16397
691.7,581,0,7.0,16426
692.7,581,9,6.9,16401
693.7,581,0,7.0,16407
694.7,581,0,7.1,16446
695.8,581,9,7.4,16481
696.8,581,0,7.2,16474
697.8,587,0,7.3,16459
698.8,587,5,7.0,16456
699.9,587,0,7.1,16429
700.9,587,0,7.2,16428
701.9,587,5,7.0,16455
702.9,583,0,7.1,16453
704.0,583,0,7.0,16448
705.0,583,6,7.0,16444
706.0,583,0,7.1,16428
707.0,583,0,6.9,16444
708.0,583,5,7.1,16432
709.1,583,0,7.4,16427
710.1,583,0,6.9,16426
711.1,583,4,7.1,16444
712.1,583,0,7.0,16427
713.2,583,0,7.0,16412
714.2,583,3,7.2,16414
715.2,583,0,7.1,16424
716.2,583,0,7.4,16422
717.2,583,2,7.0,16428
718.3,588,0,7.4,16431
719.3,588,0,7.6,16435
720.3,584,0,7.2,16424
721.3,581,0,7.3,16434
722.4,581,0,7.3,16425
723.4,580,0,7.5,16433
724.4,580,0,7.5,16391
725.4,580,0,7.5,16424
726.5,579,0,7.2,16423
727.5,579,0,7.5,16421
728.5,579,0,7.1,16418
729.5,579,0,7.3,16416
730.5,579,0,7.3,16438
731.6,579,0,7.6,16409
732.6,579,0,7.7,16430
733.6,579,0,7.2,16446
734.6,579,0,7.5,16462
735.7,579,0,7.3,16456
736.7,579,0,7.3,16427
737.7,579,0,8.0,16456
738.7,579,0,7.5,16474
739.8,579,0,7.4,16459
740.8,579,0,7.5,16459
741.8,579,0,7.6,16439
742.8,579,0,7.8,16457
743.8,579,0,7.4,16465
744.9,579,0,7.7,16463
745.9,579,0,7.5,16460
746.9,579,0,7.6,16434
747.9,579,0,7.3,16428
749.0,579,0,7.8,16426
750.0,579,0,8.0,16433
751.0,579,0,7.3,16445
752.0,578,0,7.3,16445
753.1,578,0,7.6,16433
754.1,578,0,7.7,16447
755.1,578,0,7.8,16459
756.1,578,0,7.6,16463
757.1,578,0,7.7,16477
758.2,578,0,7.6,16449
759.2,578,0,7.5,16464
760.2,590,22,7.5,16467
761.2,589,0,7.8,16457
762.3,585,3,7.4,16477
763.3,585,0,8.3,16474
764.3,585,0,7.6,16451
765.3,580,0,7.9,16443
766.4,580,0,7.5,16486
767.4,580,0,7.5,16500
768.4,580,0,7.8,16492
769.4,580,0,7.4,16480
770.5,580,0,7.7,16515
771.5,580,0,7.5,16523
772.5,580,0,7.6,16535
773.5,580,0,7.7,16513
774.5,580,12,7.3,16480
775.6,595,0,8.0,16510
776.6,595,0,7.5,16517
777.6,591,13,7.5,16529
778.6,591,0,7.2,16525
779.7,589,13,7.4,16515
780.7,581,0,7.3,16518
781.7,581,0,7.2,16532
782.7,581,13,6.9,16545
783.8,581,0,6.7,16550
784.8,581,0,6.7,16555
785.8,581,13,6.7,16553
786.8,581,0,7.2,16529
787.9,606,0,8.5,16529
788.9,606,13,6.8,16519
789.9,599,0,6.7,16535
790.9,599,0,6.7,16547
791.9,599,12,6.9,16548
793.0,580,0,6.6,16558
794.0,580,0,6.9,16558
795.0,580,13,6.6,16556
796.0,580,0,6.7,16545
797.1,580,0,7.0,16577
798.1,580,13,6.9,16570
799.1,580,0,6.7,16592
800.1,580,0,6.5,16598
801.2,580,13,6.5,16609
802.2,609,0,6.9,16609
803.2,609,0,6.8,16597
804.2,598,13,6.5,16584
805.2,598,0,6.6,16579
806.3,598,0,7.3,16564
807.3,580,14,6.7,16557
808.3,580,0,6.4,16572
809.3,580,0,6.4,16590
810.4,580,12,6.5,16587
811.4,580,0,6.5,16594
812.4,580,0,6.5,16610
813.4,580,13,6.6,16587
814.5,580,0,6.5,16575
815.5,580,0,6.5,16575
816.5,580,14,6.6,16570
817.5,580,0,6.4,16594
818.5,580,0,6.6,16602
819.6,580,13,6.5,16619
820.6,578,0,6.4,16631
821.6,578,0,6.5,16626
822.6,578,12,6.5,16612
823.7,578,0,6.4,16600
824.7,578,13,6.5,16602
825.7,578,0,6.4,16594
826.7,578,0,7.0,16616
827.7,578,12,6.6,16631
828.8,578,0,6.5,16659
829.8,578,0,6.5,16639
830.8,578,12,6.4,16645
831.8,578,0,6.7,16638
832.9,578,0,6.4,16654
833.9,578,12,6.6,16648
834.9,578,0,6.3,16647
835.9,578,0,6.6,16629
837.0,578,13,6.5,16619
838.0,578,0,6.8,16638
839.0,582,17,6.6,16641
840.0,582,13,6.6,16657
841.1,582,0,6.7,16642
842.1,582,0,6.6,16654
843.1,582,13,6.4,16661
844.1,582,0,6.8,16662
845.1,582,0,6.6,16687
846.2,578,14,6.8,16689
847.2,578,0,6.9,16687
848.2,578,0,6.6,16704
849.2,578,14,6.4,16702
850.3,578,0,6.4,16689
851.3,578,0,6.4,16696
852.3,578,13,6.6,16700
853.3,578,0,6.3,16699
854.3,578,0,6.6,16703
855.4,578,13,6.4,16691
856.4,578,0,6.6,16688
857.4,578,0,6.6,16691
858.4,578,14,6.7,16701
859.5,578,0,7.2,16704
860.5,578,0,7.3,16726
861.5,578,13,6.9,16711
862.5,578,0,7.2,16721
863.6,578,0,7.4,16737
864.6,578,12,7.4,16759
865.6,578,0,7.5,16729
866.6,578,0,7.5,16734
867.6,578,13,7.2,16716
868.7,578,0,8.1,16702
869.7,578,13,7.6,16737
870.7,578,0,7.3,16739
871.7,578,0,7.5,16754
872.8,578,13,7.5,16752
873.8,578,0,7.4,16741
874.8,578,0,7.4,16716
875.8,578,13,7.5,16720
876.8,578,0,7.6,16742
877.9,578,0,7.8,16740
878.9,578,14,7.4,16747
879.9,578,0,7.6,16719
880.9,578,0,7.6,16752
882.0,578,14,7.3,16753
883.0,578,0,7.6,16751
884.0,578,0,7.4,16745
885.0,578,13,7.6,16707
886.1,578,0,7.7,16732
887.1,578,0,7.4,16774
888.1,578,13,7.6,16774
889.1,578,0,7.3,16795
890.1,578,0,7.4,16800
891.2,578,13,7.6,16825
892.2,578,0,7.4,16806
893.2,578,0,7.2,16778
894.2,578,13,7.9,16762
895.3,578,0,7.6,16739
896.3,578,0,7.5,16738
897.3,578,13,7.2,16741
898.3,578,0,7.4,16776
899.4,578,0,7.6,16775
900.4,578,13,7.3,16812
901.4,578,0,7.3,16777
902.4,578,0,7.6,16768
903.4,578,13,7.6,16800
904.5,578,0,7.8,16768
905.5,578,0,7.5,16784
906.5,578,13,7.4,16811
907.5,578,0,7.4,16788
908.6,578,0,7.4,16777
909.6,578,13,7.3,16754
910.6,578,0,7.5,16781
911.6,578,0,7.4,16789
912.6,578,13,7.5,16803
913.7,578,0,7.4,16789
914.7,578,12,7.7,16773
915.7,578,0,7.6,16798
916.7,578,0,7.7,16819
917.8,578,13,8.0,16821
918.8,578,0,7.6,16812
919.8,578,0,7.4,16802
920.8,578,13,7.6,16785
921.9,578,0,7.4,16748
922.9,578,0,7.4,16791
923.9,578,13,7.4,16782
924.9,578,0,7.5,16817
925.9,578,0,7.3,16808
927.0,578,13,7.5,16829
928.0,578,0,7.3,16811
929.0,578,0,7.5,16837
930.0,578,14,7.5,16833
931.1,578,0,7.3,16822
932.1,578,0,7.4,16798
933.1,578,13,7.5,16794
934.1,578,0,7.4,16797
935.1,578,0,7.7,16798
936.2,578,13,7.3,16838
937.2,578,0,7.6,16826
938.2,578,0,7.5,16812
939.2,578,12,7.4,16844
940.3,578,0,7.4,16864
941.3,578,0,7.3,16859
942.3,578,13,8.1,16841
943.3,578,0,7.5,16816
944.3,578,0,7.4,16838
945.4,578,12,7.5,16840
946.4,578,0,7.4,16856
947.4,578,0,7.6,16864
948.4,578,13,7.5,16847
949.5,578,0,7.7,16817
950.5,578,0,7.6,16816
951.5,578,13,7.4,16830
952.5,578,0,7.5,16833
953.6,578,0,7.3,16869
954.6,578,13,7.7,16847
955.6,578,0,7.5,16828
956.6,578,0,7.7,16821
957.7,578,12,7.2,16851
958.7,578,0,7.4,16879
959.7,578,13,7.6,16869
960.7,578,0,7.3,16851
961.7,578,0,7.6,16916
962.8,578,13,7.4,16906
963.8,578,0,7.6,16893
964.8,578,0,7.4,16894
965.8,572,13,8.0,16878
966.9,572,0,7.6,16886
967.9,572,0,7.6,16953
968.9,572,13,7.8,16953
969.9,572,0,7.6,16939
970.9,572,0,7.6,16904
972.0,572,13,7.4,16900
973.0,572,0,7.6,16876
974.0,572,0,7.4,16918
975.0,572,13,7.8,16896
976.1,572,0,7.4,16856
977.1,572,0,7.8,16828
978.1,579,13,10.1,17021
979.1,579,0,9.5,17008
980.2,578,0,8.2,16987
981.2,578,11,7.8,16982
982.2,578,0,7.7,16980
983.2,578,0,8.0,17034
984.2,579,12,7.9,17042
985.3,579,0,7.6,17076
986.3,579,0,8.1,17047
987.3,579,9,7.8,17058
988.3,578,0,7.6,17056
989.4,578,0,7.8,17182
990.4,579,10,7.7,17112
991.4,579,0,8.1,17090
992.4,579,0,7.6,17068
993.5,579,9,7.7,17045
994.5,579,0,7.9,17052
995.5,579,0,7.6,17126
996.5,579,8,7.7,17156
997.6,579,0,7.3,17119
998.6,579,0,7.5,17097
999.6,579,8,7.4,17071
1000.6,579,0,7.7,17126
1001.6,578,0,7.2,17133
1002.7,578,7,7.9,17107
1003.7,578,0,7.7,17144
1004.7,578,5,7.8,17125
1005.7,578,0,7.5,17128
1006.8,578,0,7.7,17155
1007.8,579,5,7.6,17137
1008.8,579,0,7.8,17107
1009.8,579,0,7.3,17102
1010.9,579,5,7.4,17085
1011.9,579,0,7.6,17052
1012.9,579,0,7.3,17031
1013.9,579,5,7.5,17038
1014.9,579,0,8.2,17055
1016.0,579,0,7.4,17035
1017.0,579,4,7.4,17131
1018.0,579,0,7.3,17082
1019.0,579,0,7.6,17068
1020.1,579,10,7.6,17102
1021.1,579,0,7.4,17095
1022.1,579,0,7.3,17136
1023.1,579,11,7.4,17115
1024.1,579,0,7.4,17082
1025.2,579,0,7.4,17095
1026.2,579,14,7.6,17074
1027.2,577,0,7.6,17089
1028.2,577,0,7.3,17114
1029.3,577,14,7.7,17090
1030.3,577,0,7.5,17127
1031.3,577,0,7.6,17084
1032.3,577,14,7.6,17076
1033.3,577,0,7.4,17121
1034.4,577,0,7.4,17107
1035.4,577,13,7.4,17109
1036.4,577,0,7.4,17105
1037.4,577,0,7.5,17126
1038.5,577,13,9.2,17116
1039.5,577,0,7.5,17115
1040.5,576,0,7.3,17148
1041.5,576,12,7.7,17160
1042.6,576,0,7.3,17140
1043.6,576,0,7.7,17162
1044.6,576,12,7.7,17202
1045.6,576,0,7.4,17244
1046.6,576,0,8.5,17196
1047.7,576,13,7.7,17179
1048.7,576,0,7.3,17159
1049.7,576,12,7.7,17144
1050.7,576,0,7.4,17092
1051.8,576,0,7.8,17251
1052.8,576,14,7.5,17206
1053.8,576,0,7.5,17198
1054.8,576,0,7.7,17170
1055.9,576,14,7.3,17181
1056.9,576,0,7.7,17140
1057.9,576,0,7.5,17140
1058.9,576,14,7.4,17217
1059.9,576,0,7.5,17198
1061.0,576,0,7.5,17237
1062.0,576,13,7.8,17267
1063.0,576,0,8.2,17233
1064.0,576,0,7.5,17243
1065.1,576,14,7.5,17231
1066.1,576,0,7.7,17205
1067.1,576,0,7.5,17239
1068.1,576,13,8.1,17206
1069.1,576,0,7.4,17244
1070.2,575,0,7.8,17222
1071.2,575,13,7.6,17204
1072.2,575,0,7.4,17196
1073.2,575,0,7.6,17241
1074.3,575,13,7.6,17228
1075.3,575,0,7.3,17181
1076.3,575,0,7.6,17182
1077.3,575,13,7.4,17176
1078.4,575,0,7.7,17139
1079.4,575,0,7.5,17147
1080.4,575,14,7.4,17141
1081.4,575,0,7.2,17143
1082.5,575,0,7.6,17166
1083.5,575,12,7.4,17139
1084.5,575,0,7.4,17155
1085.5,575,0,7.8,17203
1086.5,582,13,8.1,17157
1087.6,582,0,7.5,17205
1088.6,581,0,7.7,17211
1089.6,581,14,7.6,17223
1090.6,581,0,7.7,17192
1091.7,577,0,7.5,17202
1092.7,577,13,7.8,17249
1093.7,577,0,7.5,17266
1094.7,577,13,7.4,17205
1095.8,577,0,7.5,17207
1096.8,577,0,7.7,17232
1097.8,577,14,7.3,17225
1098.8,577,0,7.6,17229
1099.8,577,0,7.7,17205
1100.9,577,13,7.5,17193
1101.9,577,0,7.3,17186
1102.9,577,0,7.2,17197
1103.9,577,13,7.6,17221
1105.0,577,0,7.7,17251
1106.0,577,0,7.0,17279
1107.0,577,14,7.6,17266
1108.0,577,0,7.6,17294
1109.1,577,0,7.2,17275
1110.1,577,13,7.7,17227
1111.1,577,0,7.3,17214
1112.1,577,0,7.1,17203
1113.2,577,13,7.6,17213
1114.2,577,0,7.3,17192
1115.2,577,0,7.1,17183
1116.2,577,14,7.3,17178
1117.2,582,0,7.4,17196
1118.3,582,0,7.5,17190
1119.3,581,13,7.3,17200
1120.3,581,0,7.2,17202
1121.3,577,0,7.3,17205
1122.4,577,13,7.1,17212
1123.4,577,0,7.1,17203
1124.4,577,0,7.4,17214
1125.4,577,13,7.1,17204
1126.4,577,0,7.4,17156
1127.5,577,0,7.2,17165
1128.5,577,14,7.3,17191
1129.5,577,0,7.1,17189
1130.5,577,0,7.4,17180
1131.6,577,13,7.4,17154
1132.6,577,0,7.1,17156
1133.6,577,0,7.1,17178
1134.6,577,13,7.2,17179
1135.7,577,0,7.3,17153
1136.7,577,0,7.1,17126
1137.7,577,12,6.9,17109
1138.7,577,0,7.2,17132
1139.7,577,13,7.0,17141
1140.8,577,0,7.1,17170
1141.8,577,0,6.9,17197
1142.8,577,13,7.1,17182
1143.8,577,0,6.9,17176
1144.9,577,0,6.9,17169
1145.9,577,13,7.0,17165
1146.9,577,0,7.0,17159
1147.9,577,0,7.1,17174
1148.9,577,14,7.2,17123
1150.0,577,0,7.0,17129
1151.0,577,0,7.2,17138
1152.0,577,14,7.6,17136
1153.0,577,0,7.2,17131
1154.1,577,0,7.4,17120
1155.1,577,12,7.1,17123
1156.1,577,0,6.8,17126
1157.1,577,0,7.0,17132
1158.2,577,12,7.3,17126
1159.2,577,0,7.2,17123
1160.2,577,0,7.1,17115
1161.2,577,14,7.4,17140
1162.3,577,0,6.9,17132
1163.3,577,0,7.4,17135
1164.3,588,16,7.2,17128
1165.3,584,0,7.1,17116
1166.3,583,0,7.1,17124
1167.4,583,13,7.2,17099
1168.4,587,0,8.2,17097
1169.4,584,0,7.2,17075
1170.4,584,14,7.1,17202
1171.5,584,0,7.8,17200
1172.5,579,0,6.8,17177
1173.5,579,13,7.1,17164
1174.5,579,0,7.1,17163
1175.6,579,0,6.9,17169
1176.6,579,13,7.2,17158
1177.6,579,0,6.8,17174
1178.6,579,0,6.9,17172
1179.7,579,13,7.1,17156
1180.7,579,0,7.0,17170
1181.7,579,0,7.0,17162
1182.7,579,0,7.2,17155
1183.7,579,0,7.2,17129
1184.8,579,13,7.1,17123
1185.8,579,0,7.1,17109
1186.8,579,0,7.2,17074
1187.8,579,13,7.1,17075
1188.9,579,0,7.1,17073
1189.9,579,0,7.1,17096
1190.9,579,14,7.0,17114
1191.9,579,0,7.5,17107
1193.0,579,0,7.2,17095
1194.0,579,13,7.0,17066
1195.0,579,0,7.0,17080
1196.0,579,0,7.1,17094
1197.0,579,13,7.1,17118
1198.1,579,0,6.9,17109
1199.1,579,0,6.9,17090
1200.1,579,14,7.2,17097
1201.1,579,0,7.1,17086
1202.2,579,0,7.2,17075
1203.2,579,13,7.1,16989
1204.2,579,0,7.0,17031
1205.2,579,0,6.9,17044
1206.3,579,13,7.1,17041
1207.3,579,0,7.0,17051
1208.3,579,0,6.9,17034
1209.3,579,12,7.0,17062
1210.3,579,0,6.8,17065
1211.4,579,0,7.9,17049
1212.4,579,13,7.0,17030
1213.4,579,0,6.8,17025
1214.4,579,0,7.1,17010
1215.5,579,13,7.1,17018
1216.5,579,0,7.1,17059
1217.5,579,0,7.0,17063
1218.5,579,13,7.0,17066
1219.6,579,0,7.2,17029
1220.6,579,0,7.2,17026
1221.6,579,13,7.0,17026
1222.6,579,0,7.1,17012
1223.6,579,0,7.2,17029
1224.7,578,13,6.8,17053
1225.7,578,0,6.9,17068
1226.7,578,13,7.2,17058
1227.7,578,0,7.1,17054
1228.8,582,0,7.1,17053
1229.8,582,13,7.2,17105
1230.8,582,0,7.5,17114
1231.8,582,0,7.2,17082
1232.9,582,13,6.9,17076
1233.9,578,0,7.1,17074
1234.9,578,0,7.1,17097
1235.9,578,13,7.0,17078
1236.9,578,0,7.1,17071
1238.0,578,0,7.4,17050
1239.0,578,13,7.3,17057
1240.0,578,0,6.8,17075
1241.0,578,0,7.0,17076
1242.1,578,12,7.3,17085
1243.1,578,0,7.1,17070
1244.1,578,0,7.2,17008
1245.1,578,0,7.1,17028
1246.2,578,0,7.2,17031
1247.2,578,0,6.9,17039
1248.2,578,0,7.1,17052
1249.2,578,0,6.8,17064
1250.2,578,0,7.5,17056
1251.3,578,0,6.9,17075
1252.3,578,0,7.0,17076
1253.3,578,0,7.1,17070
1254.3,578,0,6.8,17071
1255.4,578,0,7.1,17069
1256.4,578,0,7.0,17065
1257.4,578,0,7.0,17085
1258.4,578,0,7.1,17081
1259.4,578,0,7.1,17065
1260.5,578,0,7.1,17016
1261.5,578,0,7.1,17026
1262.5,578,0,7.1,17063
1263.5,578,0,7.2,17053
1264.6,578,0,7.4,17059
1265.6,578,0,7.0,17095
1266.6,574,0,7.3,17124
1267.6,574,0,7.0,17136
1268.7,574,0,7.2,17134
1269.7,574,0,7.7,17109
1270.7,578,0,7.6,17096
1271.7,576,0,7.2,17084
1272.7,575,0,7.2,17080
1273.8,574,0,7.4,17088
1274.8,574,0,7.3,17081
1275.8,574,0,7.4,17097
1276.8,573,0,7.2,17114
1277.9,573,0,7.4,17098
1278.9,573,0,7.3,17093
1279.9,573,0,7.4,17075
1280.9,573,0,7.3,17054
1282.0,573,0,7.3,17084
1283.0,573,0,7.1,17111
1284.0,573,0,7.7,17139
1285.0,573,0,7.4,17119
1286.0,573,0,7.4,17139
1287.1,573,0,7.0,17158
1288.1,573,0,7.3,17174
1289.1,573,0,7.5,17170
1290.1,573,2,7.3,17219
1291.2,573,0,7.7,17246
1292.2,573,0,7.4,17257
1293.2,573,2,7.2,17289
1294.2,573,0,7.4,17301
1295.3,573,0,7.4,17309
1296.3,573,3,7.7,17347
1297.3,573,0,7.6,17349
1298.3,573,0,7.6,17344
1299.4,573,2,7.4,17337
1300.4,573,0,7.7,17325
1301.4,573,0,7.4,17349
1302.4,573,5,7.5,17366
1303.4,573,0,7.3,17362
1304.5,573,0,7.5,17347
1305.5,573,4,7.2,17350
1306.5,573,0,7.7,17402
1307.5,573,0,7.2,17401
1308.6,573,4,7.5,17388
1309.6,573,0,7.3,17357
1310.6,573,0,7.4,17362
1311.6,573,8,7.3,17375
1312.7,573,0,7.3,17398
1313.7,573,0,7.2,17397
1314.7,573,9,7.7,17377
1315.7,573,0,7.0,17355
1316.7,573,6,7.5,17365
1317.8,573,0,7.3,17417
1318.8,573,0,7.3,17381
1319.8,573,7,7.4,17395
1320.8,573,0,7.2,17414
1321.9,573,0,7.0,17394
1322.9,573,9,7.3,17401
1323.9,573,0,7.2,17407
1324.9,573,0,7.2,17421
1326.0,573,10,7.1,17424
1327.0,573,0,7.4,17410
1328.0,573,0,7.2,17456
1329.0,573,11,7.1,17481
1330.0,573,0,7.3,17466
1331.1,573,0,7.2,17450
1332.1,573,11,7.2,17432
1333.1,573,0,7.2,17429
1334.1,573,0,7.4,17456
1335.2,573,12,7.9,17420
1336.2,573,0,7.2,17426
1337.2,573,0,7.1,17463
1338.2,573,13,7.2,17445
1339.2,573,0,7.4,17418
1340.3,573,0,7.2,17430
1341.3,573,13,7.5,17488
1342.3,573,0,7.2,17461
1343.3,573,0,7.3,17452
1344.4,573,13,7.4,17427
1345.4,573,0,7.3,17478
1346.4,573,0,7.3,17469
1347.4,573,12,7.3,17505
1348.5,573,0,7.3,17459
1349.5,573,0,7.3,17430
1350.5,573,13,7.4,17492
1351.5,573,0,7.4,17495
1352.5,573,0,7.6,17289
1353.6,573,13,7.4,17451
1354.6,573,0,7.5,17463
1355.6,573,0,7.8,17499
1356.6,573,13,7.4,17530
1357.7,573,0,7.3,17540
1358.7,573,0,7.6,17521
1359.7,573,14,7.2,17460
1360.7,573,0,7.5,17452
1361.8,573,12,7.1,17427
1362.8,573,0,7.2,17427
1363.8,573,0,7.2,17470
1364.8,573,13,7.0,17506
1365.8,573,0,7.3,17512
1366.9,573,0,7.3,17533
1367.9,573,13,7.4,17526
1368.9,573,0,7.0,17553
1369.9,573,0,6.7,17563
1371.0,573,13,7.2,17578
1372.0,573,0,7.3,17601
1373.0,573,0,7.2,17631
1374.0,573,13,7.1,17618
1375.0,573,0,7.2,17581
1376.1,573,0,7.4,17572
1377.1,573,13,7.0,17567
1378.1,573,0,7.0,17562
1379.1,573,0,6.8,17514
1380.2,573,14,7.3,17651
1381.2,573,0,7.3,17658
1382.2,573,0,7.1,17692
1383.2,573,14,7.0,17630
1384.3,573,0,7.1,17653
1385.3,573,0,7.1,17666
1386.3,573,13,6.9,17642
1387.3,573,0,7.4,17664
1388.3,573,0,7.4,17633
1389.4,573,13,7.1,17630
1390.4,573,0,7.0,17607
1391.4,573,0,6.9,17697
1392.4,573,13,6.7,17729
1393.5,573,0,6.8,17701
1394.5,573,0,6.8,17699
1395.5,573,13,7.1,17720
1396.5,573,0,7.6,17716
1397.6,573,0,7.1,17748
1398.6,573,13,7.4,17773
1399.6,573,0,7.3,17720
1400.6,573,0,7.3,17704
1401.7,573,13,7.3,17747
1402.7,573,0,7.4,17746
1403.7,573,0,7.2,17771
1404.7,573,13,7.3,17756
1405.7,573,0,7.1,17749
1406.8,573,13,7.5,17701
1407.8,573,0,7.2,17696
1408.8,573,0,7.0,17724
1409.8,573,13,7.1,17743
1410.9,573,0,6.9,17739
1411.9,573,0,7.1,17729
1412.9,573,13,7.0,17770
1413.9,573,0,7.1,17780
1414.9,573,0,7.2,17764
1416.0,573,13,7.9,17783
1417.0,573,0,7.2,17779
1418.0,573,0,7.3,17837
1419.0,573,12,7.3,17831
1420.1,573,0,7.0,17854
1421.1,573,0,6.8,17851
1422.1,573,13,7.2,17805
1423.1,573,0,7.1,17796
1424.2,573,0,7.1,17843
1425.2,573,13,7.2,17887
1426.2,573,0,7.1,17867
1427.2,573,0,7.4,17903
1428.3,573,13,7.3,17877
1429.3,573,0,7.3,17868
1430.3,573,0,7.1,17880
1431.3,573,13,7.3,17884
1432.4,573,0,6.8,17925
1433.4,573,0,7.4,17987
1434.4,573,13,7.2,17926
1435.4,573,0,7.7,17892
1436.4,573,0,7.3,17923
1437.5,573,13,7.1,17978
1438.5,573,0,7.1,17981
1439.5,573,0,7.3,18000
1440.5,573,13,7.3,17993
1441.6,573,0,7.3,17985
1442.6,573,0,7.3,17976
1443.6,573,13,7.3,17974
1444.6,573,0,7.3,17990
1445.7,573,0,7.2,17986
1446.7,573,14,7.0,17993
1447.7,573,0,7.4,18057
1448.7,573,13,7.0,18056
1449.8,573,0,7.0,18048
1450.8,573,0,7.1,18013
1451.8,573,13,7.1,17996
1452.8,573,0,6.9,17975
1453.9,573,0,7.0,17969
1454.9,573,14,7.8,17952
1455.9,573,0,7.4,18059
1456.9,573,0,7.3,18073
1457.9,573,13,7.5,18156
1459.0,573,0,7.5,18175
1460.0,573,0,7.5,18175
1461.0,573,13,7.1,18147
1462.0,573,0,7.2,18119
1463.1,573,0,7.4,18088
1464.1,573,14,7.4,18087
1465.1,573,0,7.4,18028
1466.1,573,0,7.2,18042
1467.2,573,13,7.4,18069
1468.2,573,0,7.3,18074
1469.2,573,0,7.5,18055
1470.2,573,13,7.3,18076
1471.2,573,0,7.3,18090
1472.3,573,0,7.1,18102
1473.3,573,14,7.3,18109
1474.3,573,0,7.4,18108
1475.3,573,0,7.0,18161
1476.4,573,14,7.7,18162
1477.4,573,0,7.2,18158
1478.4,573,0,7.2,18142
1479.4,573,13,7.4,18118
1480.5,573,0,7.3,18090
1481.5,573,0,7.3,18052
1482.5,573,12,7.3,18031
1483.5,573,0,7.4,18133
1484.5,573,0,7.2,18122
1485.6,573,14,7.3,18132
1486.6,573,0,7.2,18108
1487.6,573,0,7.2,18125
1488.6,573,0,7.2,18114
1489.7,573,0,7.1,18078
1490.7,573,0,7.2,18090
1491.7,573,0,7.0,18088
1492.7,573,0,7.0,18087
1493.8,573,0,6.8,18097
1494.8,573,0,7.4,18064
1495.8,573,0,7.1,18042
1496.8,573,0,7.8,18094
1497.9,573,0,6.9,18108
1498.9,573,0,7.1,18102
1499.9,573,0,7.0,18123
1500.9,573,0,6.6,18138
1501.9,573,0,6.9,18165
1503.0,573,0,7.0,18186
1504.0,573,0,7.3,18207
1505.0,573,0,6.9,18232
1506.0,573,0,7.3,18223
1507.1,573,0,7.2,18240
1508.1,573,0,7.2,18242
1509.1,573,0,6.9,18196
1510.1,573,0,7.5,18206
1511.1,573,0,7.2,18225
1512.2,573,0,7.1,18232
1513.2,573,0,7.3,18251
1514.2,573,0,7.3,18245
1515.2,573,0,7.2,18268
1516.3,573,0,7.4,18268
1517.3,573,0,7.5,18263
1518.3,573,0,7.4,18284
1519.3,573,0,7.2,18234
1520.4,573,0,7.2,18250
1521.4,573,0,7.0,18269
1522.4,573,0,7.2,18282
1523.4,573,0,7.3,18262
1524.5,573,0,7.0,18273
1525.5,573,0,8.2,18312
1526.5,573,0,6.9,18288
1527.5,573,0,7.0,18325
1528.5,573,0,6.8,18370
1529.6,573,0,7.1,18395
1530.6,573,0,6.8,18420
1531.6,573,0,6.7,18435
1532.6,573,0,6.9,18485
1533.7,573,0,6.8,18531
1534.7,573,0,7.1,18561
1535.7,573,0,6.7,18611
1536.7,573,0,7.1,18620
1537.8,573,0,7.4,18574
1538.8,573,0,7.1,18633
1539.8,573,0,6.9,18642
1540.8,573,0,7.4,18652
1541.9,573,0,7.3,18644
1542.9,573,0,7.2,18642
1543.9,573,0,7.0,18657
1544.9,573,0,7.0,18687
1545.9,573,0,6.9,18710
1547.0,573,0,7.0,18729
1548.0,573,0,6.9,18787
1549.0,573,0,7.3,18782
1550.0,573,0,7.1,18808
1551.1,573,0,7.1,18804
1552.1,573,0,7.1,18825
1553.1,573,0,7.2,18826
1554.1,573,0,7.0,18855
1555.2,573,0,7.1,18907
1556.2,573,0,7.6,18942
1557.2,573,0,7.0,18934
1558.2,573,0,6.9,18948
1559.2,573,0,7.3,18984
1560.3,573,0,7.1,18982
1561.3,573,0,7.1,18971
1562.3,573,0,7.2,18970
1563.3,573,0,7.5,18999
1564.4,573,0,7.4,18990
1565.4,573,0,7.5,18994
1566.4,573,0,7.1,19010
1567.4,569,0,7.3,19000
1568.4,569,0,7.2,18993
1569.5,569,0,7.2,18972
1570.5,569,0,7.6,18988
1571.5,569,0,7.3,19001
1572.5,569,0,7.1,19004
1573.6,569,0,7.2,19021
1574.6,569,0,7.1,19022
1575.6,569,0,8.1,19041
1576.6,576,0,7.3,19047
1577.7,576,0,7.0,19060
1578.7,576,0,7.0,19062
1579.7,576,0,7.1,19027
1580.7,576,0,7.5,19047
1581.7,576,0,7.0,19072
1582.8,576,0,7.4,19058
1583.8,576,0,7.4,19032
1584.8,576,0,7.1,19028
1585.8,576,0,7.0,19036
1586.9,576,0,7.2,19010
1587.9,576,0,7.4,19060
1588.9,576,0,7.0,19075
1589.9,576,0,7.0,19067
1590.9,576,0,7.1,19077
1592.0,576,0,7.1,19057
1593.0,576,0,7.3,19082
1594.0,576,0,7.6,19088
1595.0,576,0,7.2,19095
1596.1,576,0,7.0,19120
1597.1,576,0,7.1,19091
1598.1,576,0,7.1,19092
1599.1,576,0,6.9,19096
1600.2,576,0,7.1,19134
1601.2,576,0,7.2,19183
1602.2,576,0,6.9,19179
1603.2,576,0,7.4,19246
1604.2,576,0,7.0,19249
1605.3,576,0,7.0,19238
1606.3,576,0,6.8,19281
1607.3,576,0,7.3,19275
1608.3,576,0,7.2,19277
1609.4,576,0,7.1,19283
1610.4,576,0,7.0,19306
1611.4,576,2,7.1,19321
1612.4,576,0,7.2,19316
1613.5,576,0,7.9,19314
1614.5,576,2,7.2,19318
1615.5,576,0,7.0,19326
1616.5,581,0,7.3,19341
1617.5,581,5,6.8,19320
1618.6,577,0,6.8,19336
1619.6,577,0,8.2,19420
1620.6,577,5,6.8,19439
1621.6,576,0,7.1,19399
1622.7,576,0,6.9,19471
1623.7,576,4,6.8,19519
1624.7,576,0,6.8,19513
1625.7,576,0,7.2,19535
1626.8,576,0,6.8,19604
1627.8,576,0,7.2,19614
1628.8,576,4,6.9,19577
1629.8,576,0,7.4,19572
1630.8,576,0,7.2,19565
1631.9,576,8,7.2,19595
1632.9,576,0,6.8,19590
1633.9,576,0,7.9,19593
1634.9,576,8,7.1,19607
1635.9,576,0,7.1,19583
1637.0,581,0,7.2,19552
1638.0,581,8,7.3,19544
1639.0,577,0,7.0,19511
1640.0,577,0,7.4,19543
1641.1,577,8,7.1,19541
1642.1,575,0,7.2,19545
1643.1,575,0,7.0,19533
1644.1,575,9,7.4,19519
1645.1,575,0,7.0,19551
1646.2,575,0,7.1,19586
1647.2,575,9,7.3,19600
1648.2,575,0,7.2,19593
1649.2,575,0,7.0,19574
1650.3,575,11,7.1,19547
1651.3,575,0,7.1,19556
1652.3,575,0,7.3,19594
1653.3,575,13,7.6,19568
1654.4,575,0,7.1,19596
1655.4,575,0,6.9,19579
1656.4,575,13,7.2,19571
1657.4,575,0,7.2,19602
1658.4,575,0,6.9,19632
1659.5,575,12,7.3,19621
1660.5,575,0,7.2,19609
1661.5,575,0,7.1,19588
1662.5,575,13,7.1,19593
1663.6,575,0,7.2,19612
1664.6,575,0,7.0,19630
1665.6,575,13,7.0,19636
1666.6,575,0,7.0,19643
1667.7,575,0,6.8,19650
1668.7,575,13,7.1,19642
1669.7,575,0,7.2,19655
1670.7,575,0,7.0,19647
1671.7,575,13,7.0,19657
1672.8,575,0,7.6,19680
1673.8,575,13,7.1,19699
1674.8,575,0,6.9,19743
1675.8,575,0,6.9,19748
1676.9,575,14,6.9,19755
1677.9,575,0,6.9,19714
1678.9,575,0,7.0,19828
1679.9,575,14,7.0,19805
1680.9,575,0,6.7,19787
1682.0,575,0,7.1,19838
1683.0,575,13,6.7,19926
1684.0,575,0,6.7,19935
1685.0,575,0,7.0,20047
1686.1,575,14,6.7,20089
1687.1,575,0,6.7,20096
1688.1,575,0,6.9,20136
1689.1,575,14,7.0,20131
1690.2,575,0,6.9,20131
1691.2,575,0,6.7,20131
1692.2,575,13,7.0,20054
1693.2,575,0,7.4,20106
1694.2,575,0,6.9,20084
1695.3,575,12,6.9,20106
1696.3,575,0,6.8,20139
1697.3,575,0,6.8,20154
1698.3,575,14,7.0,20163
1699.4,575,0,6.6,20177
1700.4,575,0,6.8,20200
1701.4,575,13,6.8,20222
1702.4,575,0,6.9,20229
1703.5,575,0,7.2,20270
1704.5,575,12,6.9,20263
1705.5,575,0,7.2,20286
1706.5,575,0,7.0,20289
1707.6,575,12,7.0,20284
1708.6,575,0,7.1,20273
1709.6,575,0,7.0,20249
1710.6,575,14,7.0,20236
1711.6,575,0,7.2,20239
1712.7,575,0,7.7,20256
1713.7,575,13,7.0,20250
1714.7,575,0,7.1,20257
1715.7,575,0,7.1,20258
1716.8,575,0,7.1,20257
1717.8,575,0,7.2,20243
1718.8,575,13,7.3,20238
1719.8,575,0,7.2,20218
1720.9,575,0,7.4,20194
1721.9,575,14,7.1,20219
1722.9,575,0,7.3,20242
1723.9,575,0,7.2,20253
1724.9,575,13,7.2,20256
1726.0,575,0,6.9,20260
1727.0,575,0,7.0,20238
1728.0,575,13,7.3,20148
1729.0,575,0,7.3,20193
1730.1,575,0,7.1,20228
1731.1,575,0,7.3,20217
1732.1,575,0,6.9,20221
1733.1,575,0,7.6,20217
1734.2,575,0,7.0,20256
1735.2,575,0,7.4,20222
1736.2,575,0,7.2,20221
1737.2,575,0,7.3,20201
1738.3,575,0,7.3,20229
1739.3,575,0,7.2,20259
1740.3,575,0,7.3,20262
1741.3,575,0,7.0,20271
1742.4,575,0,7.0,20369
1743.4,575,0,7.1,20335
1744.4,575,0,7.1,20323
1745.4,575,0,7.4,20322
1746.4,575,0,7.2,20326
1747.5,575,0,7.2,20341
1748.5,575,0,7.2,20338
1749.5,575,0,6.9,20330
1750.5,581,0,7.5,20319
1751.6,581,0,7.2,20349
1752.6,577,0,7.1,20350
1753.6,577,0,7.6,20332
1754.6,577,0,7.1,20331
1755.7,576,0,7.3,20317
1756.7,576,0,7.3,20299
1757.7,576,0,7.5,20309
1758.7,576,0,7.2,20312
1759.7,576,0,7.1,20313
1760.8,576,0,7.2,20312
1761.8,576,0,7.2,20310
1762.8,576,0,7.2,20350
1763.8,576,0,6.9,20363
1764.9,576,0,6.9,20371
1765.9,576,0,7.3,20420
1766.9,576,0,7.0,20412
1767.9,576,0,7.3,20414
1769.0,576,0,7.1,20392
1770.0,576,0,7.4,20383
1771.0,576,0,7.0,20352
1772.0,576,0,7.2,20344
1773.0,576,0,7.7,20351
1774.1,576,0,7.3,20364
1775.1,576,0,7.3,20369
1776.1,576,0,7.1,20351
1777.1,576,0,7.1,20382
1778.2,576,0,7.3,20337
1779.2,576,0,7.2,20332
1780.2,576,0,7.3,20359
1781.2,575,0,7.2,20358
1782.2,575,0,7.2,20359
1783.3,575,0,7.1,20371
1784.3,575,0,7.2,20387
1785.3,575,0,7.4,20424
1786.3,575,0,7.1,20449
1787.4,575,0,7.4,20445
1788.4,575,0,7.2,20407
1789.4,575,0,7.4,20403
1790.4,575,0,7.4,20428
1791.5,575,0,7.3,20417
1792.5,575,0,7.3,20447
1793.5,575,0,8.1,20464
1794.5,575,0,7.4,20442
1795.6,575,0,7.5,20414
1796.6,575,0,7.3,20388
1797.6,575,0,7.5,20412
1798.6,575,0,7.3,20444
1799.7,575,0,7.3,20443
1800.7,575,0,6.7,20452
1801.7,575,0,7.0,20498
1802.7,575,0,6.6,20526
1803.7,575,0,6.6,20493
1804.8,575,0,6.8,20495
1805.8,575,0,6.7,20493
1806.8,575,0,6.5,20516
1807.8,575,0,6.7,20517
1808.9,575,0,6.8,20534
1809.9,575,0,6.6,20551
1810.9,575,0,6.6,20553
1811.9,575,0,6.5,20551
1813.0,575,0,6.6,20565
1814.0,575,0,6.5,20549
1815.0,575,0,6.6,20523
1816.0,575,0,7.2,20594
1817.1,575,0,6.6,20600
1818.1,575,0,6.7,20605
1819.1,575,0,6.7,20608
1820.1,575,0,6.5,20610
1821.1,575,0,6.7,20578
1822.2,575,0,6.6,20567
1823.2,575,0,6.6,20595
1824.2,575,0,6.6,20617
1825.2,575,0,6.5,20628
1826.3,575,0,6.4,20633
1827.3,575,0,6.7,20652
1828.3,575,0,6.7,20666
1829.3,575,0,6.4,20708
1830.4,575,0,6.5,20755
1831.4,575,0,6.4,20743
1832.4,575,0,6.5,20720
1833.4,575,0,6.9,20775
1834.5,575,0,6.4,20763
1835.5,575,0,6.3,20770
1836.5,575,0,6.3,20780
1837.5,587,0,6.6,20769
1838.6,587,0,6.3,20764
1839.6,581,0,7.0,20723
1840.6,581,0,6.4,20726
1841.6,581,0,6.7,20739
1842.6,576,0,6.6,20768
1843.7,576,0,6.7,20791
1844.7,576,0,6.6,20791
1845.7,576,0,6.7,20774
1846.7,576,0,6.6,20814
1847.8,576,0,6.5,20811
1848.8,576,0,6.6,20803
1849.8,576,0,6.5,20811
1850.8,576,0,6.5,20807
1851.8,576,0,6.5,20808
1852.9,576,0,6.4,20835
1853.9,576,0,6.6,20873
1854.9,576,0,6.6,20903
1855.9,576,0,6.8,20898
1857.0,576,0,6.5,20887
1858.0,576,0,6.3,20895
1859.0,576,0,6.7,20962
1860.0,576,0,6.7,20977
1861.1,576,0,6.4,21000
1862.1,576,0,6.7,20955
1863.1,576,0,6.4,20967
1864.1,576,0,6.4,20986
1865.1,576,0,6.4,21007
1866.2,576,0,6.4,21036
1867.2,576,0,6.4,21071
1868.2,570,0,6.4,21127
1869.2,570,0,6.4,21117
1870.3,570,0,6.4,21164
1871.3,570,0,6.3,21204
1872.3,570,0,6.3,21223
1873.3,570,0,6.6,21221
1874.4,570,0,6.3,21318
1875.4,570,0,6.7,21300
1876.4,570,0,6.5,21418
1877.4,570,0,6.2,21439
1878.5,570,0,6.6,21430
1879.5,570,0,6.3,21406
1880.5,570,0,6.8,21393
1881.5,570,0,6.6,21429
1882.5,570,0,6.7,21415
1883.6,570,0,6.7,21450
1884.6,570,0,6.5,21482
1885.6,570,0,7.3,21475
1886.6,570,0,6.7,21533
1887.7,570,0,6.9,21549
1888.7,570,0,6.8,21648
1889.7,570,0,6.8,21677
1890.7,570,0,6.9,21678
1891.7,570,0,6.7,21697
1892.8,570,0,6.8,21748
1893.8,570,0,7.0,21764
1894.8,570,0,6.8,21756
1895.8,570,0,6.9,21775
1896.9,570,0,6.8,21776
1897.9,570,0,6.8,21764
1898.9,569,0,6.9,21793
1899.9,569,0,6.8,21763
1901.0,569,0,6.7,21777
1902.0,569,0,6.7,21806
1903.0,569,0,6.4,21896
1904.0,569,0,6.7,21865
1905.1,569,0,6.8,21857
1906.1,569,0,7.4,21863
1907.1,569,0,9.9,21884
1908.1,569,0,8.0,21912
1909.1,569,0,7.0,21916
1910.2,569,0,6.8,21905
1911.2,569,0,6.9,21907
1912.2,569,0,7.2,21892
1913.2,569,0,6.9,21906
1914.3,578,16,7.1,21928
1915.3,578,0,7.2,21902
1916.3,577,0,7.1,21923
1917.3,577,0,7.1,21914
1918.4,577,0,7.1,21923
1919.4,573,0,7.1,21947
1920.4,573,1,7.0,21933
1921.4,573,0,7.2,21901
1922.4,578,0,7.2,21922
1923.5,578,1,7.0,21917
1924.5,577,0,7.1,21924
1925.5,577,0,7.1,21933
1926.5,577,3,6.9,21938
1927.6,573,0,7.8,22005
1928.6,573,0,7.0,22002
1929.6,573,4,7.2,22011
1930.6,573,0,7.3,21962
1931.7,573,0,6.9,21968
1932.7,573,3,6.9,21985
1933.7,573,0,6.9,21972
1934.7,573,0,7.0,21958
1935.8,573,2,7.1,21968
1936.8,573,0,7.0,21964
1937.8,573,5,7.0,21971
1938.8,573,0,7.1,21976
1939.8,573,0,7.0,21952
1940.9,573,5,7.1,21954
1941.9,573,0,6.9,21968
1942.9,573,0,6.9,21987
1943.9,573,5,6.7,21980
1945.0,573,0,6.9,21985
1946.0,573,0,7.0,21978
1947.0,573,5,6.8,21994
1948.0,573,0,7.5,21993
1949.1,573,0,7.0,22013
1950.1,573,8,6.7,22006
1951.1,573,0,7.1,22018
1952.1,573,0,6.9,21999
1953.2,573,9,7.4,22010
1954.2,573,0,7.1,22010
1955.2,573,0,7.4,22019
1956.2,573,8,7.1,22025
1957.2,573,0,7.0,22022
1958.3,573,0,7.1,22031
1959.3,573,10,6.9,22025
1960.3,573,0,7.4,22044
1961.3,573,0,7.2,22036
1962.4,573,10,7.0,22032
1963.4,573,0,6.9,22023
1964.4,573,0,7.0,22028
1965.4,573,10,6.9,22025
1966.5,573,0,7.2,22047
1967.5,573,0,7.4,22032
1968.5,573,12,7.2,22055
1969.5,573,0,6.9,22073
1970.5,573,0,7.2,22057
1971.6,573,13,6.9,22060
1972.6,573,0,7.1,22074
1973.6,573,0,7.2,22068
1974.6,573,0,7.2,22078
1975.7,573,0,7.2,22082
1976.7,573,0,6.9,22067
1977.7,573,0,7.1,22088
1978.7,573,0,7.1,22075
1979.8,573,0,7.2,22126
1980.8,573,0,7.2,22118
1981.8,573,0,7.1,22087
1982.8,573,0,7.3,22114
1983.8,573,0,7.1,22111
1984.9,573,5,7.1,22126
1985.9,573,0,7.1,22146
1986.9,573,0,6.8,22138
1987.9,573,0,7.7,22166
1989.0,573,0,7.4,22169
1990.0,573,0,6.9,22185
1991.0,573,0,7.4,22191
1992.0,573,0,7.2,22184
1993.1,573,0,7.0,22173
1994.1,573,0,7.4,22176
1995.1,573,0,7.2,22184
1996.1,573,0,7.3,22213
1997.1,573,0,7.4,22192
1998.2,573,0,7.3,22175
1999.2,573,0,7.5,22209
2000.2,573,0,7.4,22207
2001.2,573,0,7.3,22195
2002.3,573,0,7.0,22210
2003.3,573,0,7.3,22202
2004.3,573,0,7.3,22203
2005.3,573,0,7.3,22207
2006.4,573,0,7.1,22224
2007.4,573,0,7.1,22222
2008.4,573,0,7.1,22224
2009.4,573,0,7.6,22211
2010.4,573,0,7.3,22207
2011.5,573,0,7.1,22188
2012.5,573,0,7.2,22201
2013.5,573,0,7.3,22229
2014.5,573,0,7.0,22236
2015.6,573,0,7.3,22236
2016.6,573,0,7.3,22200
2017.6,573,0,7.3,22257
2018.6,578,0,7.2,22263
2019.7,578,0,7.2,22251
2020.7,577,0,7.4,22271
2021.7,577,0,7.4,22279
2022.7,577,0,7.2,22266
2023.7,573,0,7.0,22273
2024.8,573,0,7.3,22270
2025.8,573,0,7.2,22263
2026.8,573,0,7.1,22292
2027.8,573,0,7.2,22305
2028.9,573,0,7.3,22307
2029.9,573,0,7.0,22325
2030.9,573,0,7.7,22300
2031.9,573,0,7.4,22274
2032.9,573,0,7.0,22284
2034.0,573,0,7.4,22266
2035.0,573,0,7.1,22296
2036.0,573,0,7.4,22290
2037.0,573,0,7.3,22289
2038.1,573,0,7.3,22277
2039.1,573,0,7.2,22292
2040.1,573,0,7.5,22325
2041.1,573,0,7.1,22336
2042.2,573,0,7.3,22321
2043.2,573,0,7.2,22320
2044.2,573,0,7.4,22339
2045.2,573,0,7.1,22342
2046.2,573,0,7.1,22349
2047.3,573,0,7.3,22352
2048.3,573,0,7.1,22362
2049.3,573,0,7.2,22342
2050.3,573,0,7.2,22343
2051.4,573,0,7.3,22348
2052.4,573,0,7.1,22355
2053.4,573,0,7.9,22364
2054.4,573,0,7.2,22343
2055.5,573,0,7.4,22354
2056.5,573,0,7.2,22371
2057.5,573,0,7.2,22390
2058.5,573,0,7.3,22406
2059.5,573,0,7.1,22376
2060.6,573,0,7.4,22361
2061.6,573,0,7.2,22366
2062.6,573,0,7.4,22374
2063.6,573,0,7.0,22394
2064.7,573,0,7.1,22390
2065.7,571,0,7.8,22402
2066.7,571,0,8.2,22409
2067.7,571,0,7.1,22439
2068.7,571,0,7.2,22438
2069.8,571,0,7.4,22446
2070.8,565,0,7.2,22444
2071.8,565,0,7.3,22461
2072.8,565,0,7.2,22456
2073.9,565,0,7.2,22469
2074.9,565,0,7.2,22461
2075.9,565,0,7.3,22447
2076.9,565,0,7.2,22430
2078.0,565,0,7.2,22513
2079.0,565,0,7.2,22503
2080.0,565,0,7.1,22497
2081.0,565,0,7.1,22493
2082.0,565,0,7.3,22458
2083.1,565,0,7.2,22446
2084.1,565,0,7.3,22373
2085.1,565,0,7.4,22437
2086.1,565,0,7.5,22465
2087.2,565,0,7.2,22469
2088.2,565,0,7.2,22453
2089.2,565,0,7.3,22455
2090.2,565,0,7.8,22455
2091.3,565,0,7.5,22462
2092.3,565,0,7.3,22463
2093.3,565,0,7.2,22459
2094.3,565,0,7.3,22431
2095.4,565,0,7.3,22449
2096.4,565,0,7.1,22476
2097.4,565,0,7.3,22487
2098.4,565,0,7.4,22478
2099.4,565,0,7.5,22471
2100.5,565,0,7.6,22508
2101.5,565,0,7.2,22514
2102.5,565,0,7.1,22513
2103.5,565,0,7.3,22484
2104.6,565,0,7.2,22482
2105.6,565,0,7.2,22502
2106.6,565,0,7.9,22501
2107.6,565,0,7.3,22513
2108.7,565,0,7.2,22530
2109.7,565,0,7.2,22476
2110.7,565,0,7.5,22492
2111.7,565,0,7.2,22514
2112.8,565,0,7.2,22537
2113.8,565,0,7.0,22540
2114.8,565,0,7.3,22553
2115.8,565,0,7.3,22531
2116.8,565,0,7.4,22535
2117.9,565,0,7.3,22565
2118.9,565,0,7.1,22596
2119.9,565,0,7.2,22545
2120.9,565,0,7.3,22550
2122.0,565,0,7.1,22532
2123.0,565,0,7.3,22550
2124.0,565,0,7.2,22566
2125.0,565,0,7.0,22585
2126.1,587,0,8.2,22578
2127.1,590,0,7.4,22594
2128.1,584,0,7.7,22600
2129.1,582,0,7.0,22602
2130.2,582,0,7.2,22599
2131.2,582,0,7.0,22617
2132.2,562,0,6.9,22601
2133.2,562,0,6.8,22581
2134.2,562,0,6.9,22563
2135.3,562,0,7.1,22596
2136.3,562,0,7.2,22614
2137.3,562,0,7.2,22635
2138.3,562,0,7.1,22621
2139.4,562,0,7.1,22601
2140.4,562,0,7.1,22607
2141.4,562,0,7.0,22621
2142.4,562,0,7.1,22616
2143.4,562,0,7.1,22622
2144.5,562,0,7.2,22634
2145.5,562,0,7.2,22614
2146.5,562,0,7.0,22639
2147.5,562,0,7.6,22605
2148.6,562,0,7.3,22582
2149.6,562,0,7.3,22711
2150.6,562,0,7.2,22689
2151.6,562,0,7.2,22676
2152.7,562,0,7.1,22637
2153.7,562,0,7.3,22638
2154.7,562,0,7.3,22624
2155.7,562,0,7.2,22597
2156.7,562,0,7.4,22586
2157.8,562,0,7.2,22639
2158.8,562,0,7.2,22645
2159.8,562,0,7.2,22643
2160.8,562,0,7.2,22660
2161.9,562,0,7.4,22649
2162.9,562,0,7.4,22668
2163.9,562,0,7.2,22669
2164.9,562,0,7.0,22684
2166.0,562,0,7.1,22655
2167.0,562,0,7.6,22684
2168.0,558,0,7.6,22688
2169.0,558,0,7.2,22691
2170.1,558,0,7.0,22692
2171.1,558,0,7.5,22698
2172.1,558,0,7.0,22674
2173.1,558,0,7.1,22649
2174.1,558,0,7.2,22643
2175.2,558,0,7.0,22622
2176.2,558,0,7.2,22678
2177.2,558,0,7.3,22715
2178.2,558,0,7.4,22701
2179.3,558,0,7.1,22708
2180.3,558,0,7.1,22683
2181.3,558,0,7.1,22659
2182.3,558,0,7.1,22703
2183.3,564,2,7.3,22737
2184.4,564,0,7.1,22737
2185.4,564,0,7.0,22733
2186.4,564,0,7.4,22698
2187.4,564,0,7.1,22684
2188.5,564,0,7.1,22696
2189.5,564,0,7.6,22691
2190.5,564,0,7.3,22717
2191.5,564,0,7.2,22746
2192.5,564,0,7.3,22703
2193.6,564,0,7.2,22714
2194.6,564,0,7.3,22688
2195.6,564,0,7.2,22679
2196.6,564,0,7.4,22726
2197.7,564,0,6.9,22748
2198.7,564,0,7.4,22717
2199.7,564,0,7.1,22703
2200.7,564,0,7.2,22706
2201.8,564,0,7.4,22708
2202.8,564,0,7.3,22706
2203.8,564,13,7.1,22701
2204.8,564,0,7.2,22701
2205.9,564,13,7.1,22734
2206.9,564,0,7.0,22744
2207.9,564,0,7.3,22724
2208.9,564,14,7.1,22771
2209.9,564,0,7.8,22788
2211.0,564,0,7.0,22751
2212.0,564,13,6.8,22722
2213.0,564,0,7.3,22728
2214.0,564,0,7.1,22764
2215.1,570,28,7.3,22707
2216.1,570,0,7.3,22716
2217.1,570,0,7.1,22744
2218.1,570,14,6.9,22748
2219.2,570,0,7.1,22748
2220.2,566,0,7.3,22771
2221.2,566,13,7.2,22744
2222.2,566,0,7.2,22764
2223.2,566,0,7.1,22775
2224.3,566,12,6.9,22752
2225.3,566,13,6.7,22735
2226.3,566,0,6.9,22728
2227.3,566,12,7.2,22676
2228.4,566,0,6.7,22693
2229.4,566,0,6.9,22701
2230.4,566,14,6.7,22653
2231.4,566,0,7.1,22654
2232.4,566,0,6.7,22668
2233.5,566,13,7.0,22618
2234.5,566,0,6.7,22618
2235.5,566,0,7.0,22593
2236.5,566,12,6.6,22611
2237.6,566,0,6.8,22601
2238.6,566,0,6.9,22605
2239.6,566,12,7.5,22552
2240.6,566,0,7.1,22551
2241.7,566,0,7.2,22535
2242.7,566,10,6.9,22527
2243.7,566,0,7.2,22513
2244.7,566,0,6.9,22534
2245.8,566,11,7.2,22509
2246.8,566,0,7.3,22543
2247.8,566,0,6.9,22603
2248.8,566,0,6.9,22589
2249.8,566,0,7.2,22582
2250.9,566,11,7.9,22553
2251.9,566,0,6.9,22534
2252.9,566,0,7.2,22525
2253.9,566,11,7.3,22541
2255.0,566,0,7.2,22532
2256.0,566,0,7.2,22523
2257.0,566,7,7.2,22514
2258.0,566,0,7.4,22460
2259.1,566,0,7.1,22513
2260.1,566,9,7.2,22495
2261.1,566,0,7.1,22531
2262.1,566,0,7.1,22522
2263.1,566,8,7.1,22485
2264.2,566,0,7.3,22455
2265.2,566,0,7.3,22517
2266.2,566,5,7.3,22508
2267.2,566,0,7.0,22482
2268.3,566,0,7.2,22502
2269.3,566,6,7.1,22503
2270.3,566,0,7.4,22452
2271.3,566,0,8.0,22504
2272.4,566,6,7.2,22494
2273.4,566,0,7.2,22530
2274.4,566,0,7.4,22524
2275.4,566,5,7.1,22443
2276.4,566,0,7.3,22501
2277.5,566,0,7.2,22511
2278.5,566,5,7.2,22482
2279.5,566,0,7.4,22472
2280.5,566,0,7.0,22499
2281.6,566,4,7.2,22515
2282.6,566,0,7.3,22525
2283.6,566,0,7.3,22582
2284.6,566,2,7.0,22595
2285.7,566,11,7.4,22586
2286.7,566,0,7.4,22604
2287.7,566,2,7.2,22594
2288.7,566,0,7.4,22547
2289.7,566,0,7.2,22526
2290.8,566,0,7.1,22491
2291.8,566,0,7.2,22489
2292.8,566,0,7.6,22452
2293.8,566,0,7.2,22467
2294.9,566,0,7.1,22466
2295.9,566,0,7.2,22462
2296.9,566,0,7.3,22435
2297.9,566,0,7.4,22432
2298.9,566,0,7.5,22475
2300.0,566,0,7.2,22477
2301.0,566,0,7.2,22461
2302.0,566,0,7.5,22456
2303.0,566,0,7.2,22486
2304.1,566,0,7.6,22483
2305.1,566,0,7.2,22470
2306.1,566,0,7.2,22503
2307.1,566,0,7.4,22481
2308.1,566,0,7.2,22509
2309.2,566,0,7.5,22488
2310.2,566,0,7.1,22499
2311.2,566,0,7.2,22508
2312.2,566,0,7.2,22460
2313.3,566,0,7.8,22446
2314.3,566,0,7.3,22446
2315.3,566,0,7.0,22478
2316.3,566,0,7.4,22488
2317.4,566,0,7.2,22458
2318.4,566,0,7.1,22469
2319.4,566,0,7.2,22469
2320.4,566,0,7.3,22492
2321.5,566,0,7.5,22463
2322.5,566,0,7.1,22474
2323.5,566,0,7.0,22485
2324.5,566,0,7.3,22474
2325.5,566,0,7.2,22479
2326.6,566,0,7.2,22480
2327.6,566,0,7.2,22451
2328.6,574,0,8.2,22495
2329.6,574,0,7.1,22481
2330.7,572,0,7.1,22480
2331.7,572,0,7.2,22479
2332.7,572,0,7.2,22488
2333.7,566,0,7.2,22465
2334.8,566,0,7.9,22446
2335.8,566,0,7.1,22460
2336.8,566,0,7.2,22468
2337.8,566,0,7.2,22465
2338.8,566,0,7.1,22478
2339.9,566,0,7.3,22498
2340.9,566,0,7.2,22475
2341.9,566,0,7.1,22504
2342.9,566,0,7.2,22510
2344.0,566,0,7.2,22485
2345.0,566,0,7.3,22500
2346.0,566,0,7.0,22482
2347.0,566,0,7.2,22459
2348.0,566,0,7.3,22506
2349.1,566,0,7.2,22530
2350.1,566,0,7.1,22539
2351.1,566,0,7.0,22482
2352.1,566,0,7.1,22495
2353.2,566,0,7.1,22474
2354.2,566,0,7.2,22471
2355.2,566,0,7.3,22466
2356.2,566,0,7.1,22464
2357.2,566,0,7.8,22462
2358.3,566,0,7.2,22465
2359.3,566,0,7.2,22473
2360.3,566,0,7.1,22349
2361.3,566,0,7.3,22377
2362.4,566,0,7.2,22435
2363.4,566,0,7.3,22435
2364.4,566,0,7.2,22440
2365.4,566,0,7.1,22439
2366.4,566,0,7.2,22464
2367.5,566,0,7.1,22474
2368.5,566,0,7.2,22434
2369.5,566,0,7.3,22436
2370.5,566,0,7.2,22437
2371.6,566,0,7.0,22443
2372.6,566,0,7.3,22462
2373.6,566,0,7.3,22457
2374.6,566,0,7.0,22440
2375.7,566,0,7.5,22434
2376.7,566,0,7.2,22447
2377.7,566,0,7.1,22450
2378.7,566,0,7.1,22455
2379.7,566,0,7.8,22450
2380.8,566,0,7.2,22462
2381.8,566,0,7.2,22444
2382.8,566,0,7.3,22443
2383.8,566,0,7.0,22469
2384.9,566,0,7.2,22483
2385.9,566,0,6.9,22484
2386.9,566,0,7.4,22456
2387.9,566,0,7.3,22489
2389.0,566,0,7.0,22490
2390.0,566,0,7.1,22490
2391.0,566,0,7.2,22495
2392.0,566,0,7.2,22491
2393.0,566,0,7.0,22464
2394.1,566,0,7.2,22451
2395.1,566,0,7.2,22487
2396.1,566,0,7.2,22491
2397.1,566,0,7.1,22488
2398.2,566,0,6.9,22473
2399.2,566,0,7.2,22460
2400.2,566,0,7.3,22496
2401.2,566,0,7.6,22535
2402.3,566,0,7.4,22511
2403.3,566,0,7.1,22464
2404.3,566,0,7.4,22457
2405.3,566,0,7.3,22467
2406.3,566,0,6.9,22491
2407.4,566,0,7.0,22506
2408.4,566,0,7.2,22520
2409.4,566,0,6.9,22495
2410.4,566,0,7.1,22482
2411.4,566,0,7.3,22448
2412.5,566,0,7.3,22458
2413.5,566,0,7.0,22477
2414.5,566,0,6.8,22474
2415.5,566,0,7.1,22484
2416.6,566,0,7.0,22484
2417.6,566,0,6.6,22469
2418.6,566,0,7.0,22497
2419.6,566,0,6.8,22493
2420.6,566,0,6.6,22519
2421.7,566,0,6.8,22504
2422.7,566,0,7.4,22482
2423.7,566,0,7.1,22467
2424.7,566,0,6.7,22455
2425.7,566,0,6.7,22449
2426.8,566,0,6.8,22446
2427.8,566,0,7.0,22466
2428.8,566,0,6.8,22472
2429.8,566,0,6.7,22469
2430.9,566,0,6.6,22486
2431.9,566,0,7.0,22488
2432.9,566,0,6.8,22475
2433.9,566,0,7.0,22448
2435.0,566,0,6.7,22479
2436.0,566,0,6.6,22471
2437.0,566,0,6.8,22485
2438.0,566,0,6.6,22493
2439.0,566,0,6.7,22502
2440.1,566,0,6.8,22498
2441.1,566,0,6.7,22482
2442.1,566,0,6.8,22462
2443.1,566,0,7.3,22469
2444.2,566,0,6.5,22476
2445.2,566,0,6.6,22503
2446.2,573,0,6.8,22506
2447.2,570,0,6.9,22500
2448.2,569,0,6.9,22488
2449.3,569,14,6.8,22469
2450.3,568,0,6.7,22439
2451.3,568,0,6.6,22467
2452.3,568,14,6.6,22452
2453.4,568,0,6.7,22465
2454.4,568,0,6.9,22467
2455.4,568,13,6.9,22448
2456.4,568,0,6.9,22479
2457.4,568,0,6.6,22463
2458.5,568,13,6.7,22448
2459.5,568,0,7.0,22478
2460.5,568,0,6.5,22489
2461.5,568,12,6.8,22483
2462.6,568,0,6.7,22483
2463.6,568,0,7.1,22479
2464.6,568,13,6.5,22468
2465.6,576,13,6.6,22461
2466.7,576,0,6.4,22450
2467.7,575,13,6.5,22424
2468.7,565,0,6.5,22443
2469.7,565,0,6.4,22454
2470.7,562,13,6.3,22462
2471.8,562,0,6.5,22466
2472.8,562,0,6.4,22473
2473.8,562,15,6.2,22486
2474.8,562,0,6.5,22478
2475.9,562,14,6.3,22464
2476.9,562,0,6.3,22453
2477.9,562,0,6.5,22459
2478.9,562,13,6.3,22459
2480.0,562,0,6.3,22481
2481.0,562,0,6.2,22477
2482.0,562,12,6.3,22483
2483.0,562,0,6.2,22499
2484.0,562,0,6.3,22482
2485.1,562,14,7.0,22477
2486.1,562,0,6.4,22474
2487.1,562,0,6.3,22471
2488.1,562,13,6.4,22472
2489.2,562,0,6.7,22462
2490.2,562,0,6.6,22442
2491.2,562,13,6.8,22351
2492.2,562,0,6.9,22397
2493.3,562,0,6.6,22403
2494.3,562,13,6.5,22410
2495.3,562,0,6.6,22425
2496.3,562,0,6.7,22407
2497.4,562,14,6.8,22427
2498.4,562,0,6.7,22429
2499.4,562,0,6.8,22419
2500.4,562,13,6.7,22430
2501.4,562,0,6.8,22433
2502.5,562,0,6.6,22433
2503.5,562,13,6.7,22460
2504.5,562,0,6.9,22458
2505.5,562,0,7.5,22473
2506.6,561,13,6.9,22450
2507.6,561,0,6.8,22431
2508.6,561,0,6.8,22425
2509.6,561,13,6.7,22414
2510.7,561,0,6.7,22414
2511.7,561,0,7.0,22455
2512.7,561,13,7.0,22439
2513.7,561,0,7.1,22457
2514.7,561,0,6.7,22458
2515.8,561,13,6.9,22456
2516.8,561,0,6.9,22441
2517.8,561,0,6.9,22444
2518.8,561,0,6.5,22432
2519.9,561,0,7.4,22441
2520.9,561,13,6.6,22463
2521.9,561,0,6.6,22479
2522.9,561,0,6.7,22487
2524.0,561,13,6.7,22473
2525.0,561,13,6.8,22469
2526.0,561,0,7.0,22446
2527.0,561,13,6.8,22440
2528.0,561,0,7.1,22435
2529.1,561,0,7.1,22446
2530.1,561,14,6.9,22447
2531.1,561,0,6.6,22473
2532.1,561,0,6.7,22477
2533.2,561,13,6.7,22479
2534.2,561,0,6.8,22464
2535.2,561,0,6.6,22451
2536.2,561,13,6.7,22455
2537.3,561,0,6.7,22461
2538.3,561,0,6.7,22469
2539.3,561,13,6.7,22473
2540.3,561,0,6.8,22498
2541.3,561,0,6.5,22490
2542.4,561,13,6.7,22467
2543.4,561,0,6.6,22469
2544.4,561,0,7.0,22484
2545.4,561,12,6.7,22493
2546.5,561,0,7.2,22503
2547.5,561,0,6.8,22508
2548.5,561,13,6.7,22511
2549.5,561,0,6.7,22488
2550.6,566,0,6.9,22474
2551.6,571,15,6.9,22465
2552.6,568,0,6.9,22474
2553.6,567,0,6.9,22469
2554.6,567,13,6.5,22475
2555.7,562,0,6.8,22478
2556.7,562,0,6.9,22489
2557.7,562,12,7.1,22492
2558.7,562,0,7.0,22498
2559.8,562,0,7.0,22503
2560.8,562,13,7.1,22511
2561.8,562,0,7.1,22516
2562.8,562,0,7.2,22524
2563.9,562,0,7.0,22519
2564.9,562,0,7.4,22521
2565.9,562,10,7.1,22530
2566.9,562,0,7.7,22514
2567.9,562,0,7.1,22514
2569.0,562,10,6.7,22523
2570.0,562,0,7.2,22524
2571.0,562,0,7.1,22502
2572.0,562,10,7.3,22501
2573.1,562,0,7.5,22502
2574.1,562,0,7.3,22508
2575.1,562,7,7.1,22510
2576.1,562,0,7.3,22435
2577.2,562,0,7.3,22442
2578.2,562,8,7.3,22455
2579.2,562,0,7.0,22449
2580.2,562,0,7.6,22437
2581.2,562,9,7.1,22321
2582.3,562,0,7.3,22340
2583.3,562,0,7.1,22349
2584.3,562,7,6.9,22347
2585.3,562,13,6.7,22329
2586.4,562,0,6.5,22332
2587.4,562,5,7.0,22314
2588.4,562,0,6.7,22210
2589.4,562,0,6.4,22229
2590.4,562,5,6.4,22256
2591.5,562,0,6.3,22250
2592.5,562,0,6.4,22248
2593.5,562,4,6.3,22236
2594.5,562,0,6.3,22257
2595.6,562,0,6.4,22254
2596.6,562,5,6.1,22288
2597.6,562,0,6.2,22278
2598.6,562,0,6.7,22296
2599.7,562,3,6.6,22316
2600.7,562,0,6.8,22328
2601.7,562,0,7.0,22347
2602.7,562,2,7.1,22346
2603.7,562,0,7.0,22326
2604.8,562,0,7.0,22321
2605.8,562,2,7.0,22311
2606.8,562,0,7.3,22348
2607.8,562,0,7.0,22363
2608.9,562,0,7.6,22348
2609.9,562,0,6.9,22334
2610.9,562,0,7.2,22324
2611.9,561,0,7.0,22334
2612.9,561,0,7.3,22351
2614.0,561,0,7.1,22371
2615.0,561,0,7.2,22360
2616.0,561,0,7.3,22348
2617.0,561,0,7.3,22344
2618.1,561,0,7.0,22381
2619.1,561,0,7.0,22366
2620.1,561,0,7.0,22344
2621.1,561,0,7.0,22336
2622.2,561,0,7.1,22345
2623.2,561,0,6.9,22375
2624.2,561,0,7.1,22389
2625.2,561,0,7.0,22390
2626.2,561,0,6.6,22375
2627.3,561,0,6.6,22368
2628.3,561,0,6.3,22360
2629.3,561,0,6.4,22362
2630.3,561,0,6.7,22401
2631.4,561,0,6.2,22431
2632.4,561,0,6.3,22434
2633.4,561,0,6.2,22429
2634.4,561,0,6.4,22459
2635.5,561,0,6.4,22475
2636.5,561,0,6.3,22489
2637.5,561,0,6.3,22491
2638.5,561,0,6.3,22482
2639.5,561,0,6.5,22478
2640.6,561,0,6.2,22520
2641.6,561,0,6.2,22563
2642.6,561,0,6.2,22551
2643.6,561,0,6.1,22563
2644.7,561,0,6.2,22574
2645.7,561,0,6.3,22644
2646.7,561,0,6.0,22632
2647.7,561,0,6.2,22628
2648.8,561,0,6.4,22629
2649.8,561,0,6.2,22614
2650.8,561,0,6.4,22723
2651.8,561,0,6.5,22716
2652.8,561,0,6.5,22688
2653.9,561,0,6.5,22681
2654.9,561,0,6.8,22671
2655.9,561,0,7.0,22676
2656.9,561,0,7.1,22756
2658.0,561,0,6.8,22749
2659.0,561,0,6.9,22714
2660.0,561,0,6.3,22716
2661.0,561,0,6.6,22690
2662.1,561,0,6.2,22694
2663.1,561,0,6.5,22683
2664.1,561,0,6.1,22709
2665.1,561,0,6.5,22779
2666.1,561,0,6.1,22774
2667.2,561,0,7.1,22765
2668.2,561,0,6.2,22750
2669.2,561,0,6.4,22709
2670.2,561,0,6.3,22783
2671.3,561,0,6.1,22799
2672.3,561,0,6.2,22864
2673.3,561,0,6.1,22840
2674.3,561,0,6.1,22837
2675.4,561,0,6.0,22820
2676.4,561,0,6.1,22828
2677.4,561,0,6.2,22805
2678.4,561,0,5.9,22812
2679.4,561,0,6.2,22836
2680.5,561,0,6.3,22874
2681.5,561,0,6.4,22903
2682.5,561,0,5.8,22902
2683.5,561,0,6.2,22895
2684.6,561,0,6.1,22910
2685.6,561,0,6.1,22941
2686.6,561,0,6.1,22946
2687.6,561,0,6.0,22978
2688.7,561,0,6.0,22955
2689.7,561,0,6.0,22966
2690.7,561,0,6.1,22980
2691.7,561,0,6.0,23006
2692.7,561,0,5.9,23032
2693.8,561,0,6.2,23036
2694.8,561,0,5.9,23047
2695.8,561,13,6.2,23078
2696.8,561,0,6.0,23090
2697.9,561,13,6.1,23124
2698.9,561,0,6.1,23115
2699.9,561,0,6.0,23068
2700.9,561,13,6.1,23125
2702.0,561,0,6.0,23161
2703.0,561,0,6.0,23177
2704.0,561,14,6.1,23228
2705.0,561,12,6.2,23231
2706.0,561,0,6.1,23224
2707.1,561,13,6.2,23218
2708.1,561,0,6.4,23264
2709.1,561,0,6.8,23282
2710.1,561,13,6.3,23279
2711.2,561,0,6.2,23302
2712.2,561,0,6.6,23292
2713.2,561,14,6.4,23282
2714.2,561,0,6.6,23291
2715.3,561,0,6.4,23341
2716.3,561,13,6.2,23330
2717.3,561,0,6.0,23327
2718.3,561,0,6.4,23336
2719.4,561,12,6.0,23356
2720.4,561,0,6.2,23356
2721.4,561,0,6.1,23357
2722.4,561,14,6.3,23434
2723.5,561,0,6.1,23450
2724.5,561,0,5.8,23462
2725.5,561,13,6.1,23444
2726.5,561,0,6.1,23453
2727.5,561,0,6.1,23508
2728.6,561,13,6.0,23518
2729.6,561,0,6.1,23522
2730.6,561,0,6.0,23503
2731.6,561,13,6.1,23534
2732.7,561,0,6.0,23545
2733.7,561,0,6.2,23523
2734.7,561,13,6.5,23520
2735.7,561,0,6.1,23543
2736.8,561,0,6.1,23566
2737.8,561,12,5.9,23564
2738.8,561,0,5.9,23573
2739.8,561,0,6.0,23609
2740.8,561,13,5.8,23601
2741.9,561,0,6.1,23606
2742.9,561,13,6.0,23665
2743.9,561,0,6.1,23693
2744.9,561,0,5.8,23698
2746.0,561,13,6.2,23695
2747.0,561,0,6.1,23752
2748.0,561,0,6.0,23769
2749.0,561,13,5.7,23770
2750.1,561,0,6.0,23789
2751.1,561,0,6.0,23779
2752.1,561,13,6.0,23820
2753.1,561,0,5.9,23857
2754.1,561,0,5.8,23873
2755.2,561,13,6.0,23857
2756.2,561,0,6.1,23953
2757.2,561,0,5.8,23965
2758.2,561,13,6.0,23976
2759.3,561,0,6.1,23986
2760.3,561,0,6.1,24024
2761.3,561,14,5.9,24038
2762.3,561,0,6.6,24032
2763.4,561,0,6.0,24037
2764.4,561,13,6.0,24051
2765.4,561,13,5.8,24045
2766.4,561,0,6.0,24034
2767.5,561,12,6.1,23953
2768.5,561,0,6.0,24014
2769.5,561,0,6.0,24062
2770.5,561,13,6.0,24072
2771.5,561,0,6.0,24107
2772.6,561,0,6.2,24127
2773.6,561,12,5.9,24122
2774.6,561,0,6.0,24123
2775.6,561,0,6.1,24182
2776.7,561,13,6.1,24229
2777.7,561,0,6.1,24226
2778.7,561,0,6.0,24225
2779.7,561,13,6.0,24132
2780.8,561,0,6.0,24224
2781.8,561,0,6.0,24252
2782.8,561,13,6.1,24268
2783.8,561,0,5.9,24288
2784.8,561,0,6.1,24312
2785.9,561,0,5.9,24334
2786.9,561,0,6.1,24332
2787.9,561,13,6.0,24325
2788.9,561,0,6.6,24301
2790.0,561,0,5.9,24302
2791.0,561,13,6.0,24302
2792.0,561,0,6.0,24300
2793.0,561,0,6.1,24334
2794.0,561,13,6.0,24345
2795.1,568,0,6.1,24381
2796.1,568,0,5.9,24377
2797.1,568,13,6.0,24381
2798.1,568,0,6.1,24457
2799.2,568,0,5.8,24465
2800.2,568,12,6.1,24488
2801.2,568,0,5.7,24506
2802.2,568,0,5.9,24490
2803.3,567,14,6.1,24507
2804.3,567,0,5.9,24545
2805.3,567,0,5.9,24560
2806.3,567,13,5.8,24577
2807.3,567,0,6.1,24518
2808.4,567,0,6.2,24604
2809.4,567,13,5.9,24625
2810.4,567,0,6.0,24643
2811.4,567,0,6.1,24672
2812.5,567,13,6.0,24690
2813.5,574,0,5.8,24689
2814.5,574,0,6.0,24694
2815.5,574,13,6.2,24733
2816.6,573,0,6.3,24757
2817.6,573,0,5.7,24795
2818.6,569,13,6.2,24801
2819.6,569,0,5.8,24788
2820.6,569,0,6.1,24771
2821.7,569,14,5.8,24839
2822.7,569,0,6.0,24829
2823.7,569,0,5.9,24860
2824.7,569,13,6.0,24815
2825.8,569,13,5.9,24840
2826.8,569,0,6.0,24886
2827.8,569,13,5.9,24958
2828.8,569,0,6.1,24950
2829.9,569,0,5.8,24975
2830.9,569,0,5.9,24977
2831.9,569,0,5.8,24998
2832.9,569,13,5.8,25030
2834.0,569,0,6.0,25075
2835.0,569,0,6.0,25067
2836.0,569,13,5.6,25099
2837.0,569,0,6.1,25125
2838.0,569,0,5.7,25150
2839.1,569,13,6.0,25156
2840.1,569,0,6.1,25149
2841.1,569,0,5.9,25145
2842.1,569,13,5.8,25153
2843.2,569,0,6.1,25210
2844.2,569,0,6.5,25248
2845.2,569,13,5.8,25241
2846.2,569,0,5.9,25242
2847.3,569,0,5.9,25279
2848.3,569,13,5.7,25327
2849.3,569,0,5.9,25319
2850.3,569,0,5.9,25333
2851.4,569,11,5.8,25393
2852.4,569,0,6.4,25425
2853.4,569,0,6.1,25403
2854.4,569,13,5.7,25405
2855.4,569,0,6.1,25417
2856.5,569,0,5.9,25482
2857.5,569,10,5.8,25491
2858.5,569,0,5.9,25473
2859.5,569,0,5.9,25493
2860.6,569,11,5.8,25534
2861.6,569,0,5.9,25551
2862.6,569,0,5.8,25579
2863.6,569,8,5.7,25572
2864.7,569,0,5.9,25577
2865.7,569,0,5.9,25581
2866.7,569,10,5.8,25625
2867.7,569,0,6.0,25653
2868.8,569,0,5.9,25654
2869.8,569,8,6.0,25649
2870.8,569,0,6.0,25641
2871.8,569,0,6.5,25655
2872.8,569,5,6.2,25689
2873.9,569,0,5.9,25700
2874.9,569,6,5.8,25723
2875.9,569,0,6.0,25728
2876.9,569,0,5.9,25722
2878.0,569,7,5.9,25741
2879.0,569,0,5.8,25766
2880.0,569,0,6.0,25808
2881.0,569,6,6.0,25806
2882.1,569,0,6.0,25797
2883.1,569,0,6.0,25819
2884.1,569,4,5.9,25818
2885.1,569,13,6.2,25866
2886.1,569,0,5.9,25889
2887.2,569,5,6.2,25885
2888.2,569,0,5.8,25884
2889.2,569,0,6.1,25935
2890.2,569,4,6.0,25950
2891.3,569,0,6.0,25975
2892.3,569,0,5.9,25969
2893.3,569,2,5.9,25989
2894.3,569,0,6.2,26018
2895.4,569,0,6.1,26063
2896.4,569,1,6.1,26049
2897.4,569,0,6.0,26053
2898.4,569,0,6.0,26071
2899.5,569,0,6.4,26118
2900.5,569,0,5.9,26124
2901.5,569,0,5.8,26140
2902.5,569,0,6.1,26131
2903.5,569,0,6.1,26179
2904.6,569,0,6.0,26195
2905.6,569,0,5.8,26225
2906.6,569,0,5.9,26226
2907.6,569,0,5.9,26185
2908.7,569,0,6.3,26246
2909.7,569,0,6.0,26313
2910.7,580,0,6.2,26339
2911.7,578,0,6.0,26352
2912.7,575,0,5.8,26363
2913.8,574,0,5.8,26362
2914.8,574,0,5.6,26361
2915.8,569,0,6.1,26357
2916.8,569,0,6.2,26404
2917.9,569,0,5.7,26440
2918.9,569,0,6.0,26453
2919.9,569,0,5.9,26471
2920.9,569,0,5.7,26473
2922.0,569,0,5.9,26475
2923.0,569,0,6.1,26500
2924.0,569,0,5.8,26538
2925.0,569,0,6.0,26557
2926.1,569,0,6.4,26562
2927.1,569,0,5.9,26558
2928.1,569,0,6.0,26645
2929.1,569,0,5.9,26645
2930.2,569,0,5.9,26623
2931.2,569,0,5.9,26626
2932.2,569,0,5.8,26667
2933.2,569,0,6.0,26681
2934.2,569,0,6.2,26700
2935.3,569,0,6.1,26719
2936.3,569,0,5.8,26723
2937.3,569,0,6.0,26747
2938.3,569,0,5.8,26762
2939.4,569,0,6.2,26796
2940.4,569,0,5.9,26791
2941.4,569,13,6.1,26828
2942.4,569,0,6.2,26869
2943.5,569,0,6.0,26866
2944.5,569,13,6.2,26859
2945.5,569,13,6.0,26861
2946.5,569,0,5.9,26907
2947.5,569,14,6.0,26951
2948.6,569,0,5.8,26982
2949.6,569,0,6.0,27040
2950.6,569,13,5.9,27064
2951.6,569,0,5.9,27104
2952.7,569,0,5.8,27115
2953.7,569,13,6.4,27142
2954.7,569,0,5.9,27150
2955.7,569,0,6.0,27133
2956.7,569,13,5.9,27128
2957.8,569,0,5.9,27113
2958.8,569,0,6.1,27178
2959.8,569,13,5.9,27214
2960.8,569,0,6.1,27195
2961.9,569,0,6.2,27193
2962.9,569,0,6.1,27235
2963.9,569,0,5.8,27257
2964.9,569,13,6.0,27286
2966.0,569,0,5.8,27291
2967.0,569,0,6.0,27277
2968.0,569,13,5.9,27330
2969.0,569,0,5.9,27340
2970.0,569,0,6.1,27351
2971.1,569,13,5.8,27356
2972.1,569,0,6.0,27382
2973.1,569,0,5.8,27412
2974.1,569,13,5.6,27449
2975.2,569,0,5.9,27452
2976.2,569,0,6.1,27444
2977.2,569,13,5.8,27486
2978.2,569,0,6.0,27509
2979.3,569,0,6.1,27529
2980.3,569,13,6.0,27527
2981.3,569,0,6.3,27521
2982.3,569,0,6.0,27574
2983.3,569,13,5.7,27598
2984.4,569,0,6.0,27602
2985.4,569,0,5.9,27629
2986.4,569,13,5.9,27677
2987.4,569,0,6.0,27698
2988.5,569,0,5.8,27688
2989.5,569,13,6.0,27700
2990.5,569,0,5.9,27753
2991.5,569,0,5.7,27781
2992.5,569,13,6.0,27807
2993.6,569,0,5.7,27846
2994.6,569,0,5.9,27887
2995.6,569,13,6.1,27920
2996.6,569,0,5.8,27958
2997.7,569,0,5.9,27985
2998.7,569,13,6.0,27975
2999.7,569,0,6.0,28015
3000.7,569,0,6.1,28035
3001.8,569,14,6.0,28073
3002.8,569,0,5.9,28073
3003.8,569,0,6.2,28091
3004.8,569,13,6.0,28143
3005.9,569,13,5.7,28175
3006.9,569,13,6.0,28216
3007.9,569,0,5.9,28232
3008.9,569,0,5.7,28257
3009.9,569,13,6.5,28277
3011.0,569,0,5.7,28283
3012.0,569,0,6.0,28277
3013.0,569,13,5.8,28268
3014.0,569,0,6.0,28306
3015.1,569,0,5.9,28328
3016.1,569,13,6.0,28356
3017.1,569,0,6.1,28349
3018.1,569,0,5.7,28354
3019.1,569,14,6.0,28458
3020.2,573,0,6.0,28442
3021.2,573,0,5.8,28446
3022.2,573,13,5.7,28451
3023.2,573,0,6.2,28498
3024.3,569,0,5.9,28519
3025.3,569,12,5.9,28532
3026.3,569,0,5.9,28546
3027.3,569,0,6.0,28617
3028.4,569,14,5.9,28620
3029.4,569,0,5.9,28597
3030.4,569,0,6.0,28619
3031.4,569,13,6.0,28619
3032.5,569,0,5.8,28646
3033.5,569,0,6.0,28687
3034.5,569,12,5.9,28701
3035.5,569,0,5.9,28705
3036.5,569,0,5.8,28701
3037.6,569,13,6.4,28736
3038.6,569,0,6.0,28750
3039.6,569,0,5.8,28746
3040.6,569,12,5.9,28750
3041.7,569,0,6.0,28760
3042.7,569,0,5.9,28797
3043.7,569,12,5.8,28848
3044.7,569,0,5.9,28866
3045.8,569,0,5.9,28853
3046.8,569,13,5.9,28891
3047.8,575,0,6.1,28953
3048.8,575,0,6.1,28960
3049.9,571,14,6.0,28949
3050.9,571,0,5.9,28919
3051.9,571,13,6.0,28974
3052.9,569,0,6.1,29006
3053.9,569,0,5.9,29001
3055.0,569,13,5.9,29057
3056.0,569,0,5.8,29066
3057.0,569,0,6.1,29088
3058.0,569,13,5.7,29096
3059.1,569,0,5.9,29117
3060.1,569,0,5.9,29125
3061.1,569,13,6.0,29143
3062.1,569,0,5.9,29154
3063.2,569,0,6.1,29178
3064.2,569,12,5.8,29187
3065.2,569,12,6.0,29212
3066.2,569,0,6.2,29218
3067.2,569,13,5.9,29242
3068.3,569,0,6.1,29249
3069.3,565,0,6.0,29261
3070.3,565,13,5.7,29281
3071.3,565,0,6.2,29278
3072.4,565,0,7.1,29322
3073.4,565,13,6.5,29346
3074.4,565,0,5.9,29359
3075.4,565,0,6.2,29381
3076.5,565,13,6.0,29394
3077.5,565,0,5.9,29409
3078.5,565,0,5.9,29432
3079.5,565,13,5.9,29447
3080.5,565,0,5.9,29451
3081.6,565,0,6.0,29461
3082.6,565,13,6.1,29468
3083.6,565,0,6.0,29479
3084.6,565,0,6.0,29484
3085.6,565,12,6.1,29495
3086.7,565,0,5.9,29481
3087.7,565,0,5.9,29466
3088.7,565,13,6.0,29472
3089.7,565,0,5.8,29494
3090.8,565,0,6.1,29513
3091.8,565,13,6.1,29491
3092.8,565,0,6.0,29477
3093.8,565,0,6.5,29477
3094.9,565,13,5.9,29480
3095.9,565,0,6.2,29488
3096.9,565,12,6.1,29481
3097.9,565,0,6.1,29500
3098.9,565,0,6.2,29474
3100.0,565,13,6.1,29508
3101.0,573,0,6.0,29521
3102.0,573,0,6.6,29441
3103.0,573,13,6.7,29489
3104.1,573,0,6.5,29466
3105.1,573,0,6.6,29476
3106.1,569,14,6.5,29460
3107.1,569,0,6.8,29456
3108.2,569,0,6.6,29453
3109.2,569,12,6.5,29508
3110.2,569,0,6.1,29523
3111.2,569,0,6.5,29469
3112.3,569,13,6.4,29512
3113.3,569,0,6.6,29493
3114.3,569,0,6.7,29479
3115.3,569,13,6.8,29470
3116.3,569,0,6.7,29446
3117.4,569,0,6.8,29445
3118.4,569,13,6.8,29479
3119.4,569,0,6.7,29457
3120.4,569,0,6.5,29448
3121.5,569,13,6.5,29444
3122.5,569,0,6.2,29442
3123.5,569,0,6.2,29463
3124.5,569,12,6.0,29487
3125.6,569,13,6.0,29512
3126.6,569,0,5.8,29499
3127.6,569,13,5.9,29510
3128.6,569,0,6.0,29462
3129.7,569,0,5.9,29486
3130.7,569,14,5.9,29527
3131.7,569,0,6.0,29506
3132.7,569,0,6.1,29475
3133.7,569,13,6.1,29493
3134.8,569,0,6.3,29488
3135.8,569,0,6.6,29476
3136.8,569,14,6.3,29479
3137.8,569,0,6.5,29437
3138.9,596,0,8.2,29387
3139.9,812,39,14.0,29207
3140.9,816,26,8.8,29208
3141.9,889,26,7.8,29211
3142.9,877,0,7.3,29203
3144.0,696,24,7.9,28959
3145.0,686,0,7.1,29001
3146.0,757,69,8.6,29025
3147.0,748,34,7.9,29053
3148.0,722,2,6.9,29028
3149.1,720,0,6.9,29012
3150.1,696,0,6.8,29012
3151.1,643,9,7.0,29009
3152.1,643,0,6.5,29044
3153.2,643,0,6.7,29049
3154.2,643,10,6.8,29048
3155.2,643,0,6.8,29042
3156.2,643,0,6.3,29030
3157.2,643,22,6.4,29030
3158.3,643,0,6.5,29041
3159.3,643,0,6.5,29064
3160.3,643,0,7.1,29091
3161.3,643,0,6.3,29088
3162.3,643,0,6.4,29103
3163.4,643,0,6.1,29137
3164.4,643,0,6.0,29159
3165.4,643,0,5.9,29161
3166.4,643,0,6.0,29111
3167.5,643,0,5.9,29150
3168.5,643,0,6.1,29183
3169.5,643,0,5.8,29151
3170.5,643,0,6.1,29176
3171.6,643,0,6.1,29181
3172.6,643,0,6.0,29085
3173.6,643,0,6.1,29176
3174.6,643,0,6.0,29177
3175.6,643,0,6.0,29182
3176.7,643,0,6.0,29204
3177.7,643,0,6.4,29210
3178.7,643,0,5.9,29243
3179.7,643,0,6.4,29241
3180.8,643,10,6.0,29216
3181.8,643,0,5.8,29208
3182.8,643,0,6.2,29169
3183.8,643,0,6.1,29195
3184.9,643,0,5.8,29155
3185.9,643,0,6.1,29161
3186.9,643,0,6.0,29172
3187.9,643,0,6.2,29152
3189.0,643,0,5.9,29151
3190.0,643,0,6.2,29113
3191.0,643,0,6.1,29125
3192.0,643,0,6.2,29118
3193.0,643,0,5.9,29096
3194.1,643,0,6.2,29012
3195.1,643,0,6.0,29037
3196.1,643,0,5.9,29052
3197.1,643,0,6.1,29024
3198.2,643,0,6.4,28947
3199.2,643,0,6.1,28967
3200.2,643,0,6.2,28960
3201.2,643,0,6.3,28976
3202.2,642,0,6.4,28976
3203.3,642,0,6.7,28952
3204.3,642,0,6.6,28948
3205.3,642,0,6.6,28932
3206.3,642,0,6.7,28938
3207.4,642,0,6.4,28936
3208.4,642,0,6.7,28972
3209.4,642,0,6.6,28929
3210.4,642,0,7.0,28877
3211.5,642,0,6.5,28903
3212.5,642,0,6.7,28891
3213.5,642,0,6.6,28876
3214.5,642,0,6.4,28861
3215.5,642,0,6.3,28857
3216.6,642,0,6.3,28827
3217.6,642,0,6.5,28741
3218.6,642,0,6.3,28749
3219.6,642,0,6.2,28759
3220.6,642,0,6.6,28766
3221.7,642,0,6.2,28761
3222.7,642,0,6.4,28731
3223.7,642,0,6.7,28652
3224.7,642,0,7.0,28648
3225.7,642,0,6.5,28676
3226.8,642,0,6.0,28693
3227.8,642,0,6.1,28571
3228.8,642,0,6.0,28613
3229.8,642,0,6.1,28640
3230.8,642,0,6.1,28632
3231.9,642,0,6.2,28617
3232.9,642,0,6.5,28591
3233.9,642,0,6.2,28566
3234.9,642,0,6.1,28581
3236.0,642,0,6.1,28593
3237.0,642,0,6.0,28602
3238.0,642,0,6.0,28581
3239.0,642,0,6.1,28568
3240.0,642,0,6.3,28468
3241.1,642,0,6.2,28505
3242.1,642,0,6.0,28533
3243.1,642,0,6.3,28522
3244.1,642,0,6.1,28495
3245.1,642,7,6.3,28451
3246.2,642,0,6.1,28498
3247.2,642,0,6.0,28508
3248.2,642,0,6.2,28412
3249.2,642,0,5.9,28457
3250.2,642,0,6.6,28467
3251.3,642,0,5.9,28467
3252.3,642,0,5.9,28397
3253.3,642,0,6.1,28445
3254.3,642,0,5.9,28458
3255.3,642,0,6.1,28336
3256.4,642,0,6.0,28398
3257.4,642,0,5.8,28412
3258.4,642,0,5.8,28410
3259.4,642,0,6.2,28327
3260.4,642,0,5.9,28354
3261.5,642,0,6.0,28368
3262.5,642,0,5.8,28357
3263.5,642,0,6.2,28265
3264.5,642,0,6.0,28297
3265.5,642,0,6.3,28198
3266.6,642,0,5.7,28231
3267.6,642,0,5.9,28273
3268.6,642,0,6.0,28261
3269.6,642,0,5.8,28256
3270.7,642,0,6.0,28137
3271.7,642,0,5.9,28149
3272.7,642,0,6.1,28169
3273.7,642,0,5.8,28178
3274.7,642,0,6.1,28207
3275.8,642,0,5.8,28172
3276.8,642,0,6.3,28139
3277.8,642,0,6.0,28139
3278.8,642,0,6.4,28151
3279.8,642,0,6.0,28106
3280.9,642,0,5.9,28124
3281.9,642,0,6.0,28127
3282.9,642,0,5.8,28122
3283.9,645,0,6.3,28014
3284.9,645,0,6.2,28080
3286.0,645,0,5.9,28069
3287.0,645,0,5.9,28062
3288.0,645,0,6.4,27986
3289.0,641,0,6.0,28042
3290.1,641,0,5.7,28054
3291.1,641,0,6.1,28057
3292.1,641,0,6.1,27943
3293.1,641,0,6.3,28025
3294.1,641,0,5.8,28031
3295.1,641,0,6.0,28019
3296.2,641,0,5.9,28001
3297.2,641,0,5.9,27984
3298.2,641,0,6.3,27949
3299.2,641,0,6.2,27965
3300.3,641,0,6.0,27975
3301.3,641,0,6.2,27854
3302.3,641,0,5.8,27885
3303.3,641,0,5.9,27917
3304.3,641,0,5.9,27931
3305.4,641,10,6.1,27907
3306.4,641,0,5.9,27819
3307.4,641,0,6.6,27824
3308.4,641,0,5.7,27848
3309.4,641,0,5.8,27864
3310.5,641,0,5.9,27842
3311.5,641,0,6.2,27759
3312.5,641,0,5.8,27798
3313.5,641,0,5.9,27826
3314.5,641,0,6.0,27794
3315.6,641,0,6.1,27728
3316.6,641,0,6.0,27759
3317.6,641,0,6.3,27749
3318.6,641,0,6.2,27741
3319.6,641,0,6.0,27742
3320.7,641,0,6.0,27706
3321.7,641,0,6.0,27662
3322.7,641,0,6.1,27666
3323.7,641,0,6.1,27673
3324.8,641,0,5.9,27663
3325.8,641,0,6.3,27659
3326.8,641,0,6.6,27537
3327.8,641,0,6.7,27563
3328.8,641,0,6.3,27563
3329.9,641,0,6.6,27561
3330.9,641,0,6.3,27573
3331.9,641,0,6.5,27554
3332.9,641,0,6.6,27545
3333.9,641,0,7.1,27536
3335.0,641,0,6.7,27402
3336.0,641,0,6.5,27437
3337.0,641,0,6.3,27450
3338.0,641,0,6.7,27443
3339.0,641,0,6.5,27430
3340.1,641,0,6.7,27385
3341.1,641,0,6.9,27324
3342.1,641,0,6.5,27334
3343.1,641,0,6.7,27345
3344.1,641,0,6.7,27328
3345.2,641,0,6.6,27320
3346.2,641,0,6.6,27278
3347.2,641,0,7.0,27187
3348.2,641,0,6.9,27221
3349.2,641,0,6.7,27214
3350.3,641,0,6.7,27199
3351.3,641,0,6.6,27116
3352.3,641,0,6.7,27152
3353.3,641,0,7.4,27128
3354.4,641,0,6.5,27109
3355.4,641,0,6.7,27010
3356.4,641,0,6.6,27039
3357.4,641,0,6.7,27057
3358.4,641,0,6.6,27058
3359.5,651,0,7.1,26992
3360.5,650,0,6.5,27009
3361.5,647,0,6.5,26990
3362.5,646,0,6.6,26899
3363.5,646,0,6.7,26860
3364.6,642,0,6.5,26878
3365.6,642,13,6.5,26872
3366.6,642,0,6.2,26860
3367.6,642,0,6.7,26839
3368.7,646,0,6.9,26703
3369.7,646,0,6.7,26723
3370.7,646,0,6.6,26749
3371.7,646,0,6.6,26760
3372.7,646,0,6.4,26783
3373.8,642,0,6.7,26690
3374.8,642,0,6.7,26715
3375.8,642,0,7.0,26729
3376.8,642,0,6.6,26716
3377.9,642,0,6.5,26706
3378.9,642,0,6.8,26669
3379.9,642,0,6.7,26598
3380.9,642,0,6.5,26635
3381.9,642,0,6.8,26623
3383.0,642,0,6.6,26585
3384.0,642,0,6.7,26535
3385.0,642,0,6.6,26535
3386.0,642,0,6.7,26518
3387.0,642,0,6.6,26435
3388.1,642,0,6.7,26471
3389.1,642,0,6.6,26470
3390.1,641,0,6.5,26434
3391.1,641,0,6.7,26447
3392.2,641,0,6.5,26428
3393.2,641,0,6.5,26389
3394.2,641,0,6.6,26358
3395.2,641,0,6.2,26355
3396.2,641,0,6.7,26269
3397.3,641,0,6.6,26257
3398.3,641,0,6.5,26315
3399.3,641,0,6.4,26322
3400.3,641,0,6.3,26307
3401.4,641,0,6.3,26289
3402.4,641,0,6.2,26271
3403.4,641,0,6.5,26136
3404.4,641,0,6.4,26185
3405.4,641,0,6.2,26202
3406.5,641,0,6.4,26200
3407.5,641,0,6.3,26183
3408.5,641,0,6.8,26069
3409.5,641,0,6.5,26093
3410.5,641,0,6.2,26125
3411.6,641,0,6.4,26129
3412.6,641,0,6.8,26117
3413.6,641,0,6.5,26086
3414.6,641,0,6.7,26011
3415.6,641,0,6.5,26040
3416.7,641,0,6.4,26038
3417.7,641,0,6.4,26021
3418.7,641,0,6.5,25985
3419.7,651,0,6.7,25905
3420.8,651,0,6.7,25932
3421.8,648,1,6.9,25927
3422.8,648,0,6.6,25917
3423.8,648,0,6.8,25905
3424.8,646,0,6.8,25859
3425.9,646,16,7.0,25772
3426.9,646,0,6.8,25788
3427.9,646,0,6.8,25783
3428.9,646,0,6.8,25790
3429.9,651,0,7.1,25789
3431.0,647,0,6.9,25662
3432.0,647,0,6.9,25677
3433.0,648,0,6.8,25697
3434.0,646,0,6.7,25698
3435.1,646,0,6.7,25660
3436.1,646,0,6.8,25613
3437.1,646,0,6.9,25617
3438.1,644,0,6.7,25627
3439.1,644,0,6.7,25631
3440.2,655,0,7.0,25604
3441.2,655,0,6.9,25597
3442.2,654,0,7.2,25589
3443.2,653,0,6.8,25567
3444.3,653,0,6.8,25568
3445.3,648,0,6.7,25550
3446.3,648,0,7.8,25528
3447.3,643,0,6.8,25517
3448.3,643,0,6.8,25500
3449.4,643,0,6.6,25481
3450.4,643,0,6.9,25465
3451.4,643,0,6.5,25452
3452.4,643,0,6.7,25445
3453.4,649,0,6.7,25420
3454.5,649,0,6.6,25405
3455.5,646,0,6.8,25400
3456.5,646,0,6.7,25379
3457.5,646,0,6.8,25368
3458.6,644,0,6.6,25333
3459.6,644,0,6.7,25274
3460.6,644,0,6.7,25295
3461.6,644,0,7.3,25272
3462.6,644,0,6.6,25251
3463.7,644,0,6.9,25254
3464.7,644,0,6.6,25236
3465.7,644,0,6.8,25204
3466.7,644,0,6.7,25187
3467.7,644,0,6.6,25150
3468.8,644,0,6.7,25157
3469.8,644,0,6.6,25103
3470.8,644,0,6.7,25116
3471.8,644,0,6.5,25108
3472.8,644,0,6.5,25076
3473.9,644,0,6.5,25077
3474.9,644,0,6.7,25070
3475.9,644,0,6.6,25044
3476.9,644,0,6.3,25002
3478.0,644,0,6.4,25027
3479.0,644,0,6.5,25005
3480.0,644,0,6.6,24976
3481.0,644,0,6.5,24955
3482.0,649,0,7.0,24938
3483.1,649,0,6.8,24893
3484.1,646,0,6.6,24883
3485.1,646,0,6.5,24889
3486.1,646,0,6.5,24879
3487.2,644,0,6.4,24840
3488.2,644,0,6.6,24841
3489.2,644,0,6.7,24802
3490.2,644,0,6.6,24805
3491.2,644,0,6.4,24805
3492.3,644,0,6.5,24799
3493.3,644,0,6.4,24796
3494.3,644,0,6.6,24780
3495.3,644,0,6.6,24768
3496.3,644,0,6.5,24778
3497.4,644,0,6.4,24807
3498.4,644,0,6.4,24809
3499.4,644,0,6.6,24806
3500.4,644,0,6.3,24789
3501.5,644,0,6.3,24776
3502.5,644,0,6.8,24769
3503.5,644,0,6.7,24769
3504.5,644,0,6.5,24777
3505.5,644,0,6.6,24829
3506.6,644,0,6.2,24825
3507.6,644,0,6.4,24816
3508.6,644,0,6.5,24788
3509.6,644,0,6.4,24787
3510.6,644,0,6.6,24770
3511.7,644,0,6.5,24858
3512.7,644,0,6.3,24852
3513.7,643,0,6.6,24824
3514.7,649,33,6.6,24817
3515.7,648,18,6.4,24804
3516.8,645,0,6.5,24802
3517.8,645,0,6.5,24816
3518.8,645,0,6.3,24838
3519.8,645,0,6.5,24860
3520.9,644,0,6.4,24847
3521.9,644,0,6.4,24832
3522.9,649,0,6.8,24808
3523.9,649,0,6.4,24793
3524.9,645,0,6.2,24787
3526.0,645,0,6.4,24793
3527.0,645,0,6.1,24824
3528.0,644,0,6.3,24833
3529.0,644,0,6.4,24837
3530.0,644,0,6.4,24826
3531.1,644,0,6.7,24814
3532.1,644,0,6.5,24808
3533.1,644,0,6.6,24820
3534.1,644,0,6.4,24877
3535.1,644,0,6.7,24856
3536.2,644,0,6.5,24853
3537.2,644,0,6.6,24833
3538.2,644,0,6.8,24826
3539.2,644,0,6.7,24831
3540.3,644,0,6.5,24891
3541.3,644,0,6.5,24878
3542.3,644,0,6.5,24856
3543.3,644,0,6.8,24849
3544.3,644,0,6.6,24840
3545.4,644,13,6.7,24895
3546.4,644,0,6.5,24917
3547.4,644,0,6.5,24884
3548.4,648,0,6.6,24879
3549.5,648,0,6.8,24891
3550.5,647,0,6.2,24893
3551.5,647,0,6.6,24953
3552.5,647,0,6.6,24941
3553.5,643,0,6.5,24922
3554.6,643,0,6.4,24905
3555.6,643,0,6.5,24887
3556.6,643,0,6.6,24886
3557.6,643,0,6.5,24967
3558.6,643,0,6.5,24965
3559.7,643,0,6.5,24957
3560.7,643,0,6.4,24935
3561.7,643,0,6.6,24921
3562.7,643,0,6.3,24906
3563.8,643,0,7.2,24902
3564.8,643,0,6.4,24900
3565.8,643,0,6.5,24928
3566.8,643,0,6.3,24948
3567.8,643,0,6.5,24935
3568.9,643,0,6.6,24920
3569.9,643,0,6.6,24917
3570.9,643,0,6.3,24920
3571.9,643,0,6.6,24950
3572.9,643,0,6.3,24968
3574.0,643,0,6.6,24959
3575.0,643,0,6.3,24944
3576.0,643,0,6.5,24934
3577.0,649,0,6.6,24956
3578.1,649,0,6.4,24972
3579.1,645,0,6.3,24986
3580.1,645,0,6.4,24983
3581.1,645,0,6.6,24965
3582.1,644,0,6.6,24956
3583.2,644,0,6.3,24951
3584.2,644,0,7.0,24953
3585.2,644,0,6.2,24976
3586.2,644,0,6.4,24993
3587.2,644,0,6.9,24994
3588.3,644,0,6.3,24992
3589.3,644,0,6.4,24965
3590.3,644,0,6.7,24978
3591.3,644,0,6.3,24977
3592.4,644,0,6.3,25004
3593.4,644,0,6.2,25006
3594.4,644,0,6.3,25016
3595.4,644,0,6.4,24996
3596.4,644,0,6.3,25004
3597.5,644,0,6.3,25026
3598.5,644,0,6.6,25029
3599.5,644,0,6.8,25034
3600.5,644,0,6.3,25025
3601.5,644,0,6.5,25025
3602.6,644,0,6.4,25041
3603.6,644,0,6.4,25054
3604.6,644,0,6.9,25038
3605.6,644,12,6.5,25034
3606.6,644,0,6.4,25040
3607.7,644,0,6.4,25029
3608.7,643,0,6.5,25024
3609.7,643,0,6.5,25047
3610.7,643,0,6.6,25062
3611.7,643,0,6.3,25074
3612.8,643,0,6.5,25065
3613.8,643,0,6.4,25068
3614.8,643,0,6.4,25071
3615.8,643,0,6.4,25088
3616.9,643,0,6.5,25084
3617.9,643,0,6.3,25091
3618.9,643,0,6.6,25091
3619.9,643,0,6.5,25092
3620.9,643,0,6.3,25090
3622.0,643,0,6.4,25083
3623.0,643,0,6.5,25101
3624.0,643,0,6.5,25107
3625.0,643,0,7.0,25094
3626.0,643,0,6.5,25099
3627.1,643,0,6.3,25101
3628.1,643,0,6.5,25081
3629.1,643,0,6.5,25073
3630.1,643,0,6.6,25068
3631.2,643,0,6.4,25080
3632.2,643,0,6.3,25088
3633.2,643,0,6.5,25119
3634.2,643,0,6.3,25104
3635.2,643,0,6.3,25086
3636.3,643,0,6.4,25081
3637.3,643,0,6.5,25115
3638.3,643,0,6.3,25123
3639.3,643,0,6.6,25149
3640.3,643,0,6.6,25142
3641.4,643,0,6.6,25115
3642.4,643,0,6.4,25112
3643.4,643,0,6.4,25094
3644.4,643,0,6.4,25095
3645.4,643,0,6.3,25111
3646.5,643,0,6.8,25124
3647.5,643,0,6.4,25147
3648.5,643,0,6.4,25129
3649.5,643,0,6.3,25109
3650.5,643,0,6.5,25103
3651.6,643,0,6.3,25085
3652.6,643,0,6.3,25085
3653.6,643,0,6.5,25099
3654.6,643,0,6.6,25119
3655.7,643,0,6.4,25124
3656.7,643,0,6.6,25128
3657.7,643,0,6.2,25118
3658.7,643,0,6.7,25126
3659.7,643,0,6.4,25175
3660.8,643,0,6.6,25168
3661.8,643,0,6.7,25153
3662.8,643,0,6.4,25147
3663.8,643,0,6.5,25149
3664.8,643,0,6.6,25182
3665.9,643,12,6.4,25189
3666.9,643,0,6.9,25195
3667.9,643,0,6.2,25175
3668.9,643,0,6.3,25178
3669.9,643,0,6.3,25218
3671.0,643,0,6.3,25247
3672.0,643,0,6.3,25209
3673.0,643,0,6.5,25204
3674.0,643,0,6.3,25207
3675.0,643,0,6.4,25201
3676.1,643,0,6.1,25254
3677.1,643,0,6.2,25275
3678.1,643,0,6.3,25268
3679.1,643,0,6.5,25306
3680.1,643,0,6.3,25342
3681.2,643,0,6.4,25330
3682.2,643,0,6.4,25322
3683.2,643,0,6.3,25339
3684.2,643,0,6.5,25396
3685.3,643,0,6.5,25380
3686.3,643,0,6.5,25371
3687.3,643,0,6.3,25356
3688.3,643,0,7.2,25345
3689.3,643,0,6.6,25323
3690.4,643,0,6.5,25383
3691.4,643,0,6.6,25406
3692.4,643,0,6.7,25383
3693.4,643,0,6.3,25377
3694.4,643,0,6.7,25357
3695.5,643,0,6.7,25367
3696.5,643,0,6.4,25425
3697.5,643,0,6.6,25415
3698.5,643,0,6.2,25409
3699.5,643,0,6.6,25396
3700.6,643,0,6.4,25380
3701.6,643,0,6.7,25413
3702.6,643,0,6.4,25439
3703.6,643,0,6.5,25414
3704.7,643,0,6.5,25415
3705.7,643,0,6.5,25389
3706.7,643,0,6.5,25389
3707.7,643,0,6.4,25380
3708.7,643,0,6.9,25394
3709.8,643,0,6.7,25447
3710.8,643,0,6.6,25443
3711.8,643,0,6.6,25414
3712.8,643,0,6.5,25410
3713.8,643,0,6.5,25406
3714.9,643,0,6.5,25411
3715.9,643,0,6.5,25422
3716.9,643,0,6.8,25434
3717.9,643,0,6.6,25452
3718.9,643,0,6.7,25447
3720.0,643,0,6.7,25435
3721.0,643,0,6.5,25445
3722.0,644,4,6.7,25462
3723.0,643,0,6.7,25462
3724.1,643,0,6.7,25445
3725.1,643,0,6.7,25440
3726.1,643,0,6.5,25425
3727.1,643,0,6.8,25407
3728.1,643,0,6.5,25412
3729.2,643,0,7.5,25359
3730.2,643,0,6.5,25362
3731.2,643,0,6.6,25337
3732.2,643,0,6.4,25329
3733.3,643,0,6.5,25316
3734.3,643,0,6.8,25275
3735.3,643,0,6.5,25295
3736.3,643,0,6.6,25272
3737.3,643,0,6.7,25250
3738.4,643,0,6.7,25236
3739.4,643,0,6.7,25238
3740.4,643,0,6.7,25198
3741.4,643,0,6.7,25194
3742.4,643,0,6.7,25195
3743.5,643,0,6.7,25168
3744.5,643,0,6.6,25180
3745.5,643,0,6.7,25231
3746.5,643,0,6.4,25261
3747.5,643,0,6.5,25260
3748.6,643,0,6.4,25285
3749.6,643,0,6.8,25312
3750.6,643,0,6.5,25324
3751.6,643,0,6.7,25300
3752.7,643,0,6.6,25299
3753.7,643,0,6.5,25348
3754.7,643,0,6.4,25331
3755.7,643,0,6.5,25341
3756.7,643,0,6.4,25329
3757.8,643,0,6.5,25321
3758.8,643,0,6.4,25348
3759.8,643,0,6.5,25368
3760.8,643,0,6.4,25383
3761.8,643,0,6.6,25353
3762.9,643,0,6.6,25346
3763.9,643,0,6.7,25349
3764.9,643,0,6.6,25378
3765.9,643,0,6.6,25383
3767.0,643,0,6.7,25399
3768.0,643,0,6.5,25375
3769.0,643,0,6.3,25376
3770.0,643,0,7.0,25359
3771.0,569,0,7.0,25378
3772.1,569,0,6.6,25434
3773.1,566,0,6.5,25399
3774.1,565,0,6.5,25398
3775.1,565,0,6.4,25390
3776.1,565,0,6.6,25389
3777.2,565,0,6.6,25470
3778.2,565,0,6.5,25454
3779.2,565,0,6.4,25436
3780.2,565,0,6.9,25421
3781.2,565,0,6.4,25435
3782.3,565,0,6.6,25449
3783.3,565,0,6.2,25464
3784.3,565,0,6.8,25477
3785.3,565,0,6.4,25470
3786.4,565,0,6.5,25444
3787.4,565,0,6.3,25499
3788.4,565,0,6.6,25527
3789.4,565,0,7.2,25500
3790.4,565,0,6.6,25458
3791.5,565,0,6.5,25485
3792.5,565,0,6.6,25501
3793.5,565,0,6.4,25505
3794.5,565,0,6.5,25533
3795.6,565,0,6.7,25524
3796.6,565,0,6.3,25505
3797.6,565,0,6.4,25505
3798.6,565,0,6.3,25495
3799.6,565,0,6.5,25525
3800.7,565,0,6.5,25522
3801.7,565,0,6.8,25511
3802.7,565,0,6.6,25533
3803.7,565,0,6.8,25528
3804.7,565,0,6.8,25537
3805.8,565,0,6.8,25537
3806.8,565,0,6.7,25551
3807.8,565,0,6.8,25553
3808.8,565,0,6.3,25553
3809.8,565,0,7.2,25540
3810.9,565,0,6.4,25528
3811.9,565,0,6.7,25519
3812.9,565,0,6.3,25528
3813.9,565,0,6.4,25539
3814.9,565,0,6.3,25556
3816.0,565,0,6.9,25566
3817.0,565,0,6.3,25553
3818.0,565,0,6.6,25564
3819.0,565,0,6.7,25591
3820.1,565,0,6.7,25587
3821.1,565,0,6.4,25580
3822.1,565,0,6.7,25568
3823.1,565,0,6.5,25569
3824.1,565,0,6.6,25568
3825.2,565,0,6.4,25590
3826.2,565,0,6.6,25594
3827.2,565,0,6.6,25596
3828.2,565,0,6.6,25600
3829.2,565,0,6.9,25579
3830.3,565,0,6.7,25573
3831.3,565,0,6.6,25596
3832.3,565,0,6.6,25606
3833.3,565,0,6.5,25626
3834.3,565,0,6.6,25604
3835.4,565,0,6.5,25589
3836.4,565,0,6.5,25588
3837.4,565,0,6.6,25580
3838.4,565,0,6.8,25590
3839.5,565,0,6.9,25612
3840.5,565,0,6.7,25617
3841.5,565,0,6.3,25605
3842.5,565,0,6.4,25601
3843.5,565,0,6.7,25601
3844.6,565,0,6.5,25613
3845.6,565,9,6.6,25620
3846.6,565,0,6.6,25621
3847.6,565,0,6.6,25622
3848.6,565,0,6.9,25607
3849.7,565,0,6.5,25605
3850.7,565,0,6.6,25608
3851.7,565,0,6.4,25622
3852.7,565,0,6.6,25645
3853.8,565,0,6.5,25643
3854.8,565,0,6.3,25634
3855.8,565,0,6.0,25632
3856.8,565,0,6.0,25628
3857.8,565,0,6.0,25659
3858.9,565,0,5.9,25665
3859.9,565,0,6.0,25678
3860.9,565,0,5.9,25685
3861.9,565,0,5.8,25674
3862.9,565,0,6.1,25664
3864.0,565,0,5.9,25661
3865.0,565,0,6.2,25644
3866.0,565,0,6.2,25645
3867.0,565,0,6.5,25643
3868.0,565,0,6.4,25653
3869.1,565,0,6.4,25642
3870.1,565,0,6.8,25652
3871.1,565,0,6.0,25684
3872.1,565,0,5.9,25670
3873.1,565,0,6.0,25661
3874.2,565,0,5.7,25663
3875.2,565,0,6.0,25660
3876.2,565,0,5.8,25666
3877.2,565,0,5.9,25680
3878.3,565,0,5.8,25700
3879.3,565,0,5.8,25717
3880.3,565,0,6.0,25702
3881.3,565,0,6.0,25709
3882.3,565,0,5.9,25701
3883.4,565,0,5.7,25691
3884.4,565,0,5.9,25691
3885.4,565,0,5.9,25677
3886.4,565,0,5.9,25679
3887.4,565,0,5.8,25681
3888.5,565,0,6.1,25705
3889.5,565,0,6.0,25728
3890.5,565,0,6.0,25740
3891.5,565,0,5.8,25720
3892.5,565,0,5.9,25719
3893.6,565,0,6.4,25702
3894.6,565,0,5.9,25703
3895.6,565,0,5.8,25693
3896.6,565,0,5.7,25694
3897.6,565,0,5.9,25693
3898.7,565,0,5.8,25708
3899.7,565,0,6.1,25709
3900.7,565,0,6.0,25732
3901.7,565,0,5.9,25760
3902.7,565,0,5.9,25749
3903.8,565,0,6.0,25746
3904.8,565,0,6.1,25731
3905.8,565,9,5.9,25723
3906.8,565,0,6.0,25720
3907.9,565,0,6.1,25733
3908.9,565,0,6.1,25730
3909.9,565,0,6.0,25744
3910.9,565,0,6.2,25752
3911.9,565,0,6.1,25756
3913.0,565,0,6.4,25747
3914.0,565,0,6.2,25736
3915.0,565,0,6.6,25750
3916.0,565,0,6.5,25763
3917.0,565,0,6.9,25777
3918.1,565,0,6.4,25779
3919.1,565,0,6.5,25759
3920.1,565,0,6.5,25747
3921.1,565,0,6.5,25734
3922.2,565,0,6.6,25726
3923.2,565,0,6.3,25738
3924.2,565,0,6.6,25754
3925.2,565,0,6.7,25752
3926.2,565,0,6.8,25765
3927.3,565,0,6.6,25748
3928.3,565,0,6.5,25761
3929.3,565,0,6.6,25780
3930.3,565,0,6.6,25778
3931.3,565,0,6.6,25787
3932.4,565,0,6.7,25764
3933.4,565,0,6.5,25763
3934.4,565,0,6.7,25753
3935.4,565,0,6.6,25787
3936.4,565,0,6.3,25781
3937.5,565,0,7.2,25800
3938.5,565,0,6.5,25801
3939.5,565,0,6.7,25784
3940.5,565,0,6.7,25763
3941.5,565,0,6.6,25763
3942.6,565,0,6.2,25766
3943.6,565,0,6.6,25783
3944.6,565,0,6.3,25794
3945.6,565,0,6.3,25789
3946.6,565,0,6.5,25783
3947.7,565,0,6.3,25764
3948.7,565,0,6.3,25757
3949.7,565,0,6.6,25758
3950.7,565,0,6.5,25773
3951.7,565,0,6.4,25783
3952.8,565,0,6.4,25784
3953.8,565,0,6.6,25781
3954.8,565,0,6.3,25773
3955.8,565,0,6.7,25760
3956.8,565,0,7.1,25763
3957.9,565,0,6.5,25792
3958.9,565,0,6.4,25804
3959.9,565,0,6.8,25795
3960.9,565,0,6.6,25784
3961.9,565,0,6.8,25774
3963.0,565,0,6.3,25785
3964.0,565,0,6.5,25794
3965.0,565,9,6.6,25787
3966.0,565,0,6.4,25791
3967.1,565,0,6.3,25785
3968.1,565,0,6.7,25785
3969.1,565,0,6.4,25802
3970.1,565,0,6.6,25812
3971.1,565,0,6.6,25838
3972.2,565,0,6.3,25820
3973.2,565,0,6.5,25804
3974.2,565,0,6.6,25790
3975.2,565,0,6.4,25800
3976.2,565,0,6.1,25828
3977.3,565,0,6.5,25833
3978.3,565,0,6.5,25834
3979.3,565,0,6.3,25838
3980.3,565,0,6.2,25822
3981.3,565,0,6.3,25808
3982.4,565,0,6.5,25796
3983.4,565,0,6.3,25792
3984.4,565,0,6.4,25799
3985.4,565,0,6.4,25795
3986.5,565,0,6.2,25804
3987.5,565,0,6.3,25802
3988.5,565,0,6.1,25815
3989.5,565,0,6.1,25823
3990.5,565,0,6.3,25797
3991.6,565,0,6.0,25794
3992.6,565,0,6.2,25793
3993.6,565,0,6.2,25797
3994.6,565,0,5.8,25807
3995.6,565,0,6.2,25778
3996.7,565,0,6.2,25761
3997.7,565,0,6.2,25757
3998.7,565,0,6.5,25754
3999.7,565,0,6.2,25735
4000.7,565,0,6.3,25721
4001.8,565,0,6.1,25708
4002.8,565,0,6.2,25687
4003.8,565,0,6.2,25688
4004.8,565,0,6.1,25678
4005.8,565,0,6.1,25678
4006.9,565,0,6.0,25669
4007.9,565,0,6.1,25639
4008.9,565,0,6.1,25643
4009.9,565,0,6.2,25620
4010.9,565,0,6.2,25521
4012.0,565,0,6.0,25553
4013.0,565,0,5.9,25563
4014.0,565,0,6.2,25567
4015.0,565,0,6.3,25551
4016.1,565,0,6.1,25539
4017.1,565,0,5.9,25532
4018.1,565,0,6.0,25531
4019.1,565,0,6.0,25535
4020.1,565,0,6.0,25511
4021.2,565,0,6.3,25418
4022.2,565,0,6.0,25443
4023.2,565,0,6.6,25459
4024.2,565,0,6.1,25442
4025.2,565,0,6.1,25440
4026.3,565,0,6.0,25426
4027.3,565,0,5.8,25416
4028.3,565,0,5.8,25415
4029.3,565,0,5.9,25413
4030.3,565,0,5.9,25417
4031.4,565,0,5.9,25381
4032.4,565,0,5.9,25292
4033.4,565,0,5.9,25306
4034.4,565,0,5.8,25313
4035.5,565,0,5.8,25327
4036.5,565,0,5.9,25329
4037.5,565,0,5.8,25334
4038.5,565,0,5.8,25319
4039.5,565,0,5.8,25303
4040.6,565,0,6.0,25297
4041.6,565,0,5.9,25293
4042.6,565,0,5.9,25295
4043.6,565,0,5.9,25258
4044.6,565,0,6.0,25179
4045.7,565,0,5.8,25187
4046.7,565,0,5.8,25196
4047.7,565,0,6.1,25201
4048.7,565,0,5.7,25219
4049.7,565,0,5.8,25198
4050.8,565,0,5.9,25185
4051.8,565,0,5.8,25181
4052.8,565,0,5.8,25182
4053.8,565,0,5.8,25174
4054.9,565,0,5.8,25166
4055.9,565,0,5.8,25171
4056.9,565,0,5.8,25175
4057.9,565,0,5.6,25134
4058.9,565,0,5.9,25043
4060.0,565,0,6.0,25061
4061.0,565,0,5.9,25094
4062.0,565,0,5.9,25080
4063.0,565,0,5.9,25077
4064.0,565,0,5.7,25086
4065.1,565,0,7.6,25019
4066.1,565,0,5.8,25028
4067.1,565,0,5.8,25034
4068.1,565,0,5.9,25038
4069.1,565,0,6.0,25026
4070.2,565,0,6.0,25026
4071.2,565,0,5.8,25023
4072.2,565,0,6.3,25003
4073.2,565,0,5.9,24997
4074.2,565,0,5.9,24993
4075.3,565,0,5.9,24991
4076.3,565,0,6.1,25000
4077.3,565,0,5.8,25005
4078.3,565,0,5.9,25023
4079.3,565,0,5.8,25029
4080.4,565,0,6.0,25036
4081.4,565,0,6.0,25034
4082.4,565,0,6.1,25024
4083.4,565,0,5.8,25019
4084.4,565,0,6.0,25010
4085.5,565,0,6.0,25011
4086.5,565,0,6.1,24972
4087.5,565,0,6.1,24881
4088.5,565,0,6.2,24920
4089.6,565,0,5.9,24923
4090.6,565,0,6.1,24926
4091.6,565,0,5.9,24913
4092.6,565,0,6.0,24904
4093.6,565,0,6.0,24905
4094.7,565,0,6.1,24903
4095.7,565,0,6.5,24909
4096.7,565,0,6.1,24913
4097.7,565,0,5.8,24904
4098.7,565,0,6.2,24915
4099.8,565,0,6.1,24939
4100.8,565,0,6.2,24924
4101.8,565,0,5.8,24921
4102.8,565,0,6.1,24912
4103.9,565,0,6.1,24905
4104.9,565,0,6.3,24904
4105.9,565,0,6.1,24914
4106.9,565,0,6.0,24910
4107.9,565,0,5.9,24937
4109.0,565,0,6.0,24940
4110.0,565,0,6.2,24949
4111.0,565,0,6.1,24946
4112.0,565,0,5.9,24956
4113.0,565,0,6.3,24933
4114.1,565,0,5.9,24915
4115.1,565,0,6.0,24923
4116.1,565,0,5.8,24944
4117.1,565,0,6.0,24949
4118.1,565,0,6.3,24939
4119.2,565,0,6.0,24957
4120.2,565,0,6.0,24968
4121.2,565,0,6.0,24966
4122.2,565,0,6.0,24953
4123.2,565,0,5.9,24946
4124.3,565,0,5.9,24933
4125.3,565,0,6.0,24931
4126.3,565,0,6.0,24923
4127.3,565,0,6.0,24936
4128.4,565,0,5.8,24944
4129.4,565,0,6.0,24949
4130.4,565,0,5.9,24966
4131.4,565,0,6.1,24976
4132.4,565,0,5.8,24960
4133.5,565,0,6.1,24941
4134.5,565,0,5.9,24942
4135.5,565,0,6.0,24942
4136.5,565,0,5.9,24938
4137.5,565,0,6.1,24944
4138.6,565,0,5.8,24963
4139.6,565,0,6.2,24981
4140.6,565,0,6.0,24981
4141.6,565,0,6.6,24975
4142.6,565,0,6.0,24962
4143.7,565,0,6.3,24950
4144.7,565,0,6.1,24948
4145.7,565,0,6.0,24944
4146.7,565,0,6.0,24944
4147.7,565,0,6.0,24967
4148.8,565,0,5.9,24977
4149.8,565,0,6.1,25009
4150.8,565,0,6.2,25002
4151.8,565,0,6.2,24989
4152.9,565,0,5.9,24981
4153.9,565,0,5.9,24974
4154.9,565,0,5.9,24951
4155.9,565,0,6.2,24946
4156.9,565,0,5.9,24949
4158.0,565,0,5.9,24959
4159.0,565,0,6.0,24991
4160.0,565,0,5.9,25002
4161.0,565,0,5.9,24998
4162.0,565,0,5.7,25002
4163.1,565,0,5.8,24990
4164.1,565,0,6.3,24981
4165.1,565,0,5.9,24968
4166.1,565,0,5.8,24966
4167.2,565,0,5.9,24970
4168.2,565,0,5.7,24966
4169.2,565,0,6.0,24973
4170.2,578,39,6.1,25003
4171.2,577,0,5.9,25011
4172.3,576,2,5.6,25011
4173.3,575,2,5.9,25010
4174.3,575,0,5.8,25000
4175.3,572,0,5.9,24994
4176.3,572,0,6.0,24985
4177.4,572,0,6.0,24983
4178.4,572,0,6.0,24981
4179.4,572,0,5.8,25002
4180.4,572,0,5.9,25003
4181.4,572,0,6.0,25008
4182.5,572,0,5.8,25018
4183.5,572,0,6.0,25017
4184.5,572,0,5.7,25020
4185.5,572,0,5.8,25008
4186.5,572,0,5.7,25012
4187.6,572,0,6.5,25023
4188.6,572,0,5.6,25038
4189.6,572,0,5.6,25069
4190.6,572,0,5.8,25079
4191.7,572,0,5.8,25077
4192.7,572,0,5.9,25070
4193.7,572,0,5.9,25065
4194.7,572,0,5.8,25056
4195.7,572,0,5.9,25060
4196.8,572,0,6.1,25095
4197.8,572,0,5.8,25093
4198.8,572,0,5.9,25116
4199.8,572,0,6.3,25112
4200.8,571,0,5.8,25090
4201.9,571,0,5.8,25090
4202.9,571,0,5.8,25086
4203.9,571,0,6.2,25092
4204.9,571,0,6.0,25099
4205.9,571,0,5.9,25113
4207.0,571,0,6.0,25123
4208.0,571,0,6.1,25103
4209.0,571,0,5.9,25131
4210.0,571,0,6.0,25124
4211.1,571,0,6.1,25110
4212.1,571,0,5.9,25109
4213.1,571,0,6.3,25093
4214.1,571,0,6.0,25086
4215.1,571,0,6.1,25096
4216.2,571,0,6.2,25105
4217.2,571,0,6.1,25107
4218.2,571,0,6.2,25126
4219.2,571,0,6.0,25136
4220.2,571,0,6.2,25128
4221.3,571,0,6.0,25122
4222.3,571,0,6.1,25109
4223.3,571,0,5.9,25097
4224.3,571,0,6.1,25092
4225.4,571,0,6.2,25111
4226.4,571,0,6.2,25113
4227.4,571,0,5.9,25121
4228.4,571,0,6.0,25139
4229.4,571,0,6.2,25146
4230.5,571,0,6.0,25140
4231.5,571,0,6.1,25132
4232.5,571,0,6.1,25132
4233.5,571,0,5.9,25134
4234.6,571,0,6.0,25139
4235.6,571,0,6.6,25159
4236.6,571,0,6.0,25181
4237.6,571,0,6.1,25170
4238.6,571,0,6.3,25152
4239.7,571,0,6.3,25148
4240.7,571,0,6.2,25143
4241.7,571,0,6.3,25125
4242.7,571,0,6.3,25127
4243.7,571,0,6.2,25152
4244.8,571,0,6.2,25166
4245.8,571,0,6.3,25179
4246.8,571,0,6.3,25181
4247.8,571,0,6.2,25169
4248.9,571,0,6.1,25153
4249.9,571,0,6.5,25144
4250.9,571,0,6.3,25176
4251.9,571,0,6.3,25183
4252.9,571,0,6.4,25190
4254.0,571,0,6.4,25178
4255.0,571,0,6.4,25188
4256.0,571,0,6.5,25166
4257.0,571,0,6.3,25165
4258.0,571,0,6.7,25150
4259.1,571,0,6.4,25150
4260.1,571,0,6.6,25191
4261.1,571,0,6.4,25192
4262.1,571,0,6.4,25204
4263.1,571,0,6.3,25199
4264.2,571,0,6.4,25190
4265.2,571,0,6.3,25176
4266.2,571,0,6.3,25173
4267.2,571,0,6.4,25183
4268.2,571,0,6.4,25211
4269.3,571,0,6.5,25232
4270.3,571,0,6.6,25209
4271.3,571,0,6.1,25203
4272.3,571,0,6.4,25192
4273.3,571,0,6.3,25190
4274.4,571,0,6.6,25225
4275.4,571,0,6.3,25248
4276.4,571,0,6.4,25253
4277.4,571,0,6.4,25229
4278.5,571,0,6.5,25223
4279.5,571,0,6.8,25206
4280.5,571,0,6.6,25201
4281.5,571,0,6.6,25202
4282.5,571,0,6.3,25243
4283.6,571,0,7.1,25258
4284.6,571,0,6.6,25255
4285.6,571,0,6.3,25248
4286.6,571,0,6.7,25224
4287.6,571,0,6.4,25224
4288.7,571,0,6.6,25224
4289.7,571,0,6.2,25251
4290.7,571,0,6.6,25259
4291.7,571,0,6.4,25264
4292.8,571,0,6.6,25255
4293.8,571,0,6.3,25241
4294.8,571,0,6.4,25226
4295.8,571,0,6.3,25253
4296.8,571,0,6.5,25261
4297.9,571,0,6.3,25269
4298.9,571,0,6.4,25272
4299.9,571,0,6.5,25269
4300.9,571,0,6.8,25260
4301.9,571,0,6.6,25260
4303.0,571,0,6.6,25228
4304.0,571,0,6.4,25219
4305.0,571,0,6.3,25212
4306.0,571,0,6.6,25226
4307.0,571,0,6.3,25240
4308.1,571,0,6.4,25263
4309.1,571,0,6.4,25255
4310.1,571,0,6.5,25256
4311.1,571,0,6.5,25225
4312.1,571,0,6.4,25228
4313.2,571,0,6.8,25270
4314.2,571,0,6.2,25304
4315.2,571,0,6.4,25295
4316.2,571,0,6.3,25279
4317.2,571,0,6.4,25264
4318.3,571,0,6.3,25259
4319.3,571,0,6.4,25253
4320.3,571,0,6.3,25278
4321.3,571,0,6.5,25292
4322.3,571,0,6.6,25283
4323.4,571,0,6.3,25306
4324.4,571,0,6.2,25291
4325.4,571,0,6.6,25274
4326.4,571,0,6.2,25257
4327.5,571,0,6.3,25253
4328.5,571,0,6.2,25258
4329.5,571,0,6.4,25300
4330.5,571,0,6.2,25298
4331.5,571,0,6.3,25308
4332.6,571,0,5.3,25464
4333.6,571,0,2.2,25776
4334.6,571,0,2.9,25926
4335.6,571,0,0.6,26020
4336.6,571,0,2.8,26038
4337.7,571,0,2.0,26082
4338.7,571,0,0.7,26216
4339.7,571,0,0.8,26353
4340.7,571,0,0.7,26447
4341.7,571,0,0.6,26564
4342.8,571,0,0.7,26670
4343.8,571,0,0.5,26766
4344.8,571,0,0.6,26863
4345.8,571,0,0.6,26987
4346.8,571,0,1.3,25702
4347.8,571,0,2.8,4522
