t_s,vram_mib,gpu_util_pct,cpu_pct,ram_mib
0.0,1259,4,10.6,9236
1.0,1257,2,4.1,9225
2.1,1255,24,3.0,9234
3.1,1260,15,5.1,8829
4.1,1264,63,3.6,8805
5.1,1297,18,6.8,8898
6.1,1296,4,2.8,8950
7.2,1293,63,3.0,8987
8.2,1291,53,3.1,9014
9.2,1286,1,2.5,9019
10.2,1265,2,2.4,9026
11.3,1235,3,2.8,9024
12.3,1238,82,4.9,9005
13.3,1261,5,6.5,8907
14.3,1286,25,12.4,9301
15.3,1309,31,5.7,9304
16.4,1312,29,5.5,9328
17.4,1310,32,5.8,9316
18.4,1309,30,6.1,9363
19.4,1304,3,4.0,9360
20.4,1296,15,6.0,9388
21.5,1308,17,10.4,9446
22.5,1326,18,6.7,9505
23.5,1323,26,9.2,9546
24.5,1321,11,3.6,9557
25.6,1359,27,6.7,9616
26.6,1370,15,7.1,9607
27.6,1379,10,7.2,9617
28.6,1379,1,5.7,9638
29.6,1392,16,6.6,9632
30.7,1386,16,6.9,9639
31.7,1378,27,6.3,9636
32.7,1374,4,3.4,9594
33.7,1366,2,3.2,9609
34.7,1356,3,3.3,9620
35.8,1353,20,3.5,9613
36.8,1351,4,5.7,9602
37.8,1351,7,4.4,9595
38.8,1370,27,8.9,9264
39.9,1399,29,11.5,9384
40.9,1395,2,5.4,9289
41.9,1387,2,4.2,9323
42.9,1387,4,3.2,9312
43.9,1387,7,2.9,9314
45.0,1383,4,4.8,9341
46.0,1348,3,3.1,9335
47.0,1346,3,4.2,9334
48.0,1346,3,4.5,9296
49.0,1346,3,3.1,9302
50.1,1360,4,4.8,9281
51.1,1362,5,6.6,9277
52.1,1358,1,3.7,9289
53.1,1353,2,4.3,9288
54.2,1353,17,5.8,9297
55.2,1350,20,8.0,9346
56.2,1341,16,7.0,9319
57.2,1335,4,5.6,9308
58.3,1326,6,4.7,9291
59.3,1267,11,7.0,9194
60.3,1259,20,5.1,9175
61.3,1239,0,4.6,9180
62.3,1234,1,4.2,9199
63.4,1229,64,5.3,9199
64.4,1220,2,5.6,9227
65.4,1230,1,6.2,9246
66.4,1230,17,6.5,9249
67.5,1230,9,6.7,9263
68.5,1230,29,6.4,9252
69.5,1233,30,7.4,9236
70.5,1232,29,8.0,9208
71.5,1228,33,7.1,9192
72.6,1236,4,7.4,9245
73.6,1236,16,5.6,9232
74.6,1250,0,4.9,9227
75.6,1222,1,5.4,9026
76.7,1218,19,5.1,9018
77.7,1217,19,7.2,8986
78.7,1224,32,8.0,8992
79.7,1234,7,5.2,8987
80.7,1286,66,5.8,9026
81.8,1283,1,5.2,9006
82.8,1283,1,5.8,9018
83.8,1263,75,6.5,8980
84.8,1263,0,4.6,8968
85.8,1235,36,5.2,8984
86.9,1236,14,6.8,9022
87.9,1232,76,12.7,9071
88.9,1243,14,5.9,9018
89.9,1238,25,6.0,9034
91.0,1237,1,4.2,9023
92.0,1256,11,5.4,9014
93.0,1228,12,4.4,8998
94.0,1227,3,4.8,9060
95.1,1224,25,5.3,9034
96.1,1230,11,7.6,8685
97.1,1426,15,12.8,8895
98.1,1428,4,5.9,8871
99.1,1421,2,6.1,8889
100.2,1399,32,9.3,8944
101.2,1375,18,7.5,8761
102.2,1335,7,6.0,8779
103.2,1303,20,4.5,8786
104.2,1302,6,4.1,8776
105.3,1249,5,6.7,8791
106.3,1221,14,5.6,8787
107.3,1221,27,7.1,8829
108.3,1228,8,6.7,8847
109.4,1247,24,9.3,8815
110.4,1223,11,5.2,8808
111.4,1220,10,4.8,8771
112.4,1215,0,5.4,8764
113.5,1215,17,6.8,8755
114.5,1181,2,4.4,8764
115.5,1181,2,4.9,8778
116.5,1181,3,3.9,8819
117.5,1181,3,4.2,8786
118.6,1178,3,3.8,8830
119.6,1178,3,3.9,8802
120.6,1178,3,4.1,8790
121.6,1178,3,4.3,8774
122.7,1178,3,4.3,8770
123.7,1178,3,4.6,8778
124.7,1178,3,4.8,8781
125.7,1178,3,4.1,8775
126.7,1181,3,4.2,8785
127.8,1181,3,4.6,8778
128.8,1179,3,3.6,8764
129.8,1179,13,5.8,8771
130.8,1179,5,5.2,8747
131.9,1178,64,5.7,8743
132.9,1187,18,5.2,8758
133.9,1215,19,9.8,8860
134.9,1229,1,5.3,8881
135.9,1218,51,5.9,8892
137.0,1218,1,4.2,8942
138.0,1217,1,4.3,8876
139.0,1217,15,3.7,8865
140.0,1202,3,5.4,8898
141.1,1202,3,3.6,8921
142.1,1193,3,3.8,8918
143.1,1193,3,3.5,8918
144.1,1193,16,4.1,8902
145.2,1193,5,4.8,8773
146.2,1203,5,5.4,8856
147.2,1195,28,5.9,8730
148.2,1195,11,5.1,8728
149.3,1195,2,5.1,8696
150.3,1192,1,4.2,8721
151.3,1192,1,3.5,8717
152.3,1170,7,4.2,8747
153.3,1173,3,4.9,8754
154.4,1170,15,5.3,8774
155.4,1195,10,6.3,8802
156.5,1192,64,5.6,8776
157.5,1193,18,5.6,8782
158.5,1193,61,5.8,8782
159.5,1197,1,4.7,8789
160.5,1185,16,7.0,8820
161.6,1182,33,5.8,8804
162.6,1177,1,4.6,8801
163.6,1182,63,5.6,8790
164.6,1182,2,6.0,8823
165.6,1182,14,4.9,8857
166.7,1182,1,5.0,8859
167.7,1186,63,6.4,8853
168.7,1185,16,4.9,8845
169.7,1182,0,5.9,8821
170.7,1178,29,5.7,8735
171.8,1207,3,6.1,8798
172.8,1197,1,5.3,8785
173.8,1197,2,4.6,8816
174.8,1199,5,4.3,8816
175.9,1201,88,6.8,8828
176.9,1200,0,4.7,8824
177.9,1197,14,5.6,8830
178.9,1197,17,4.9,8835
180.0,1186,31,6.8,8857
181.0,1186,59,7.9,8864
182.0,1184,1,5.4,8887
183.0,1182,1,3.9,8887
184.1,1182,3,4.4,8877
185.1,1182,3,4.2,8844
186.1,1161,4,4.2,8834
187.1,1164,76,6.1,8838
188.1,1164,7,4.3,8823
189.2,1164,1,4.1,8827
190.2,1162,2,4.2,8801
191.2,1162,3,4.1,8796
192.2,1166,61,5.6,8788
193.2,1178,13,7.2,8835
194.3,1171,14,6.0,8854
195.3,1170,28,6.1,8855
196.3,1172,52,5.4,8867
197.3,1172,0,5.1,8885
198.3,1171,1,4.5,8858
199.4,1169,6,4.9,8855
200.4,1161,3,4.8,8860
201.4,1161,4,5.1,8867
202.4,1155,3,4.3,8875
203.5,1155,3,4.7,8854
204.5,1155,3,4.8,8870
205.5,1155,3,4.5,8889
206.5,1155,3,4.5,8875
207.6,1155,3,4.5,8881
208.6,1155,3,4.6,8879
209.6,1155,3,4.4,8902
210.6,1155,3,4.7,8903
211.6,1166,3,6.0,8904
212.7,1163,14,9.6,8962
213.7,1168,14,8.5,8980
214.7,1166,26,7.4,8968
215.7,1182,27,6.7,8967
216.8,1181,0,5.1,8969
217.8,1183,69,6.1,8958
218.8,1165,19,5.4,8944
219.8,1160,3,4.8,8951
220.8,1154,3,4.7,8959
221.9,1154,87,5.7,8960
222.9,1153,10,6.0,8952
223.9,1144,8,5.5,8935
224.9,1144,18,5.1,8944
226.0,1144,13,5.2,8934
227.0,1146,66,6.1,8919
228.0,1146,10,6.5,8898
229.0,1146,21,5.6,8891
230.0,1146,5,5.9,8804
231.1,1146,15,5.4,8898
232.1,1150,42,5.7,8880
233.1,1153,10,4.6,8901
234.1,1153,2,5.1,8864
235.2,1152,3,5.3,8866
236.2,1152,14,5.4,8872
237.2,1148,2,5.6,8875
238.2,1148,55,5.5,8887
239.3,1148,2,5.0,8869
240.3,1154,1,5.7,8896
241.3,1150,32,8.8,8901
242.3,1174,17,10.2,8977
243.4,1174,4,7.2,8985
244.4,1172,5,5.6,8938
245.4,1171,3,5.1,8974
246.4,1170,3,5.2,8969
247.4,1165,4,5.7,8979
248.5,1146,3,5.3,8984
249.5,1144,3,5.3,8980
250.5,1144,3,4.7,9008
251.5,1144,3,4.7,9006
252.6,1144,3,5.0,9017
253.6,1144,3,5.5,9037
254.6,1144,3,5.4,9063
255.6,1162,3,6.6,9056
256.7,1162,43,5.8,9056
257.7,1158,0,5.4,9043
258.7,1158,1,5.4,9027
259.7,1158,2,5.7,8978
260.8,1143,3,5.4,9030
261.8,1169,3,6.6,9043
262.8,1169,42,5.7,9059
263.8,1168,10,6.3,9051
264.8,1155,35,9.5,9105
265.9,1168,34,10.3,9154
266.9,1160,34,7.8,9156
267.9,1166,2,6.0,9164
268.9,1164,3,5.5,9170
269.9,1165,85,6.6,9176
271.0,1154,1,6.7,9176
272.0,1153,17,6.1,9189
273.0,1146,13,5.4,9192
274.0,1146,2,5.3,9021
275.1,1148,12,7.8,8994
276.1,1148,1,5.0,8977
277.1,1147,33,5.2,8980
278.1,1147,52,6.1,8983
279.2,1147,12,6.4,8983
280.2,1146,3,6.6,8955
281.2,1146,1,4.5,8953
282.2,1145,11,5.2,8955
283.2,1145,3,5.5,8958
284.3,1145,3,4.5,8973
285.3,1145,88,6.7,8955
286.3,1145,9,5.2,8966
287.3,1145,6,5.5,8968
288.4,1145,23,5.9,8953
289.4,1145,24,4.5,8957
290.4,1153,9,5.4,8984
291.4,1156,13,5.4,8998
292.4,1211,13,6.1,8996
293.5,1214,14,8.4,8918
294.5,1212,17,6.9,8983
295.5,1211,3,6.6,8984
296.5,1210,2,5.4,9001
297.5,1204,15,7.4,9002
298.6,1186,0,7.4,9002
299.6,1219,11,5.8,8995
300.6,1215,1,5.4,9013
301.6,1220,7,7.3,9003
302.7,1228,13,6.8,8968
303.7,1197,0,5.7,9028
304.7,1202,11,6.7,9078
305.7,1198,28,5.6,9089
306.7,1194,2,5.3,9107
307.8,1193,6,5.0,9083
308.8,1193,7,7.1,9053
309.8,1193,2,5.1,9070
310.8,1194,3,5.7,9080
311.8,1201,30,6.8,9049
312.9,1196,15,6.4,9057
313.9,1203,65,6.7,9041
314.9,1200,16,6.7,9052
315.9,1211,33,7.8,9091
317.0,1211,58,5.7,9083
318.0,1140,19,9.3,9032
319.0,1145,15,7.8,9098
320.0,1146,23,5.1,9104
321.0,1147,26,6.1,9106
322.1,1147,2,5.9,9107
323.1,1153,0,7.9,9131
324.1,1147,1,6.3,9140
325.1,1147,26,6.7,9132
326.1,1153,27,7.2,9083
327.2,1160,3,6.2,9083
328.2,1172,23,8.7,9092
329.2,1171,17,5.8,9092
330.2,1166,1,6.1,9097
331.3,1162,2,4.7,9088
332.3,1154,4,5.2,9076
333.3,1142,70,5.7,9061
334.3,1159,77,7.9,9049
335.3,1163,5,6.6,8998
336.4,1158,1,5.4,8995
337.4,1152,1,5.9,9002
338.4,1155,33,6.5,9029
339.4,1145,17,8.8,9031
340.5,1174,25,6.8,9070
341.5,1174,2,5.9,9085
342.5,1174,20,5.9,9099
343.5,1161,4,5.6,9101
344.5,1162,1,5.4,9130
345.6,1166,34,8.1,9138
346.6,1166,1,5.9,9144
347.6,1175,3,6.0,9107
348.6,1145,65,11.3,9315
349.6,1175,16,10.3,9319
350.7,1197,23,10.5,9342
351.7,1197,8,6.3,9380
352.7,1192,2,6.1,9360
353.7,1187,15,6.1,9335
354.7,1191,1,7.0,9337
355.8,1184,14,9.6,9380
356.8,1185,23,5.2,9365
357.8,1181,1,6.4,9330
358.8,1147,2,5.9,9352
359.9,1182,34,10.7,9469
360.9,1182,11,9.8,9456
361.9,1188,61,8.5,9494
362.9,1188,26,8.1,9517
363.9,1201,19,8.7,9549
365.0,1197,1,7.9,9544
366.0,1195,1,8.8,9532
367.0,1188,1,6.8,9523
368.1,1200,15,9.5,9517
369.1,1201,5,7.7,9508
370.1,1175,25,6.4,9321
371.1,1176,25,6.5,9333
372.2,1171,1,7.1,9349
373.2,1170,2,6.5,9357
374.2,1179,1,7.3,9398
375.2,1180,0,8.5,9410
376.3,1172,0,6.8,9385
377.3,1167,1,7.1,9391
378.3,1161,60,9.6,9403
379.3,1154,63,9.5,9362
380.4,1153,15,8.9,9408
381.4,1163,0,8.1,9417
382.4,1189,21,11.3,9403
383.4,1191,7,12.0,9514
384.4,1189,5,5.7,9498
385.5,1184,8,6.0,9455
386.5,1179,3,6.3,9491
387.5,1162,16,5.8,9468
388.5,1142,16,7.1,9420
389.6,1141,30,6.5,9401
390.6,1140,1,5.1,9380
391.6,1141,33,5.8,9384
392.6,1139,51,6.8,9381
393.7,1139,42,6.5,9386
394.7,1133,42,5.8,9386
395.7,1135,2,7.1,9414
396.7,1153,10,10.0,9469
397.7,1188,14,10.4,9493
398.8,1187,12,6.0,9513
399.8,1187,2,7.2,9523
400.8,1201,35,7.6,9521
401.8,1191,3,5.5,9512
402.8,1192,1,8.1,9477
403.9,1184,3,6.2,9391
404.9,1184,3,5.6,9458
405.9,1184,3,5.5,9465
406.9,1147,3,6.2,9484
408.0,1145,3,5.4,9507
409.0,1145,3,6.4,9517
410.0,1145,3,5.1,9518
411.1,1145,3,5.3,9522
412.1,1138,3,5.3,9487
413.1,1138,1,4.6,9474
414.1,1137,3,5.2,9421
415.2,1138,3,4.8,9469
416.2,1138,3,5.0,9472
417.2,1138,3,5.2,9486
418.2,1138,3,5.4,9505
419.3,1138,3,5.6,9510
420.3,1138,3,6.2,9511
421.3,1138,3,6.7,9518
422.3,1161,3,7.8,9556
423.4,1161,70,9.0,9544
424.4,1157,0,7.1,9583
425.4,1157,2,7.3,9579
426.4,1157,3,7.3,9563
427.4,1157,3,7.3,9550
428.5,1131,3,7.5,9524
429.5,1131,3,7.9,9511
430.5,1131,3,6.7,9520
431.5,1131,3,6.8,9519
432.6,1131,3,6.6,9546
433.6,1131,3,6.2,9568
434.6,1131,3,5.1,9579
435.6,1131,3,5.8,9523
436.7,1131,3,5.2,9543
437.7,1131,3,5.5,9529
438.7,1131,3,5.3,9528
439.7,1131,3,4.9,9514
440.7,1127,3,5.4,9499
441.8,1127,3,4.6,9504
442.8,1127,3,5.6,9487
443.8,1127,3,5.0,9493
444.8,1127,3,5.7,9502
445.9,1127,2,5.7,9523
446.9,1127,3,5.5,9512
447.9,1127,3,7.0,9461
448.9,1127,3,6.9,9513
450.0,1127,3,6.2,9509
451.0,1127,3,6.5,9527
452.0,1127,3,6.7,9555
453.0,1127,3,6.5,9555
454.1,1134,14,9.1,9573
455.1,1147,9,9.3,9564
456.1,1147,26,8.0,9558
457.1,1147,65,7.1,9479
458.1,1142,1,6.0,9518
459.2,1142,11,7.0,9568
460.2,1150,67,9.6,9616
461.2,1215,15,12.6,9764
462.2,1214,1,8.5,9745
463.2,1232,18,8.9,9791
464.3,1230,2,5.4,9815
465.3,1191,27,6.9,9515
466.3,1191,63,6.5,9530
467.3,1201,20,8.1,9516
468.4,1204,17,7.4,9482
469.4,1212,25,8.7,9501
470.4,1213,18,8.1,9501
471.4,1223,1,8.2,9557
472.4,1222,31,7.9,9589
473.5,1220,2,8.1,9555
474.5,1230,5,8.8,9621
475.5,1228,18,11.5,9682
476.5,1235,1,7.8,9682
477.5,1245,29,7.7,9683
478.6,1241,2,6.1,9690
479.6,1241,5,7.1,9654
480.6,1237,12,5.1,9639
481.6,1234,72,10.4,9680
482.7,1234,1,5.3,9654
483.7,1230,1,6.3,9645
484.7,1231,1,6.3,9644
485.7,1231,12,5.4,9656
486.7,1168,3,5.3,9683
487.8,1167,4,5.7,9664
488.8,1167,3,5.3,9642
489.8,1152,4,5.5,9638
490.8,1186,3,8.2,9617
491.9,1171,15,8.6,9523
492.9,1173,27,6.9,9525
493.9,1170,1,6.3,9535
494.9,1169,21,5.8,9531
495.9,1169,2,6.1,9535
497.0,1167,3,5.1,9543
498.0,1163,3,5.5,9532
499.0,1140,3,5.6,9520
500.0,1139,3,5.4,9504
501.1,1159,84,7.0,9508
502.1,1181,15,9.3,9542
503.1,1183,26,7.8,9553
504.1,1180,19,6.2,9553
505.1,1179,2,5.8,9552
506.2,1181,2,6.6,9546
507.2,1156,2,6.4,9554
508.2,1165,62,7.9,9571
509.2,1162,3,6.5,9564
510.3,1172,1,7.0,9564
511.3,1162,17,11.7,9670
512.3,1178,6,8.9,9681
513.3,1179,1,7.1,9698
514.3,1186,56,7.0,9680
515.4,1193,1,6.6,9672
516.4,1193,1,5.8,9701
517.4,1187,1,6.9,9704
518.4,1179,2,5.9,9701
519.4,1175,26,5.7,9686
520.5,1174,3,5.5,9684
521.5,1152,3,6.3,9691
522.5,1150,34,7.1,9683
523.5,1150,4,5.9,9658
524.6,1150,4,5.6,9659
525.6,1150,2,6.1,9683
526.6,1184,56,8.5,9677
527.6,1194,1,8.1,9691
528.6,1185,1,8.0,9712
529.7,1177,8,6.1,9712
530.7,1175,3,6.8,9723
531.7,1175,1,6.2,9751
532.7,1174,2,5.9,9766
533.8,1159,3,6.2,9779
534.8,1151,3,6.4,9749
535.8,1150,3,6.2,9749
536.8,1150,3,5.8,9794
537.9,1150,3,5.8,9755
538.9,1150,3,6.1,9774
539.9,1150,3,6.5,9755
540.9,1150,2,6.9,9741
542.0,1150,3,7.0,9723
543.0,1150,3,5.9,9715
544.0,1150,3,6.3,9704
545.0,1150,3,6.2,9692
546.1,1132,3,6.9,9701
547.1,1133,83,8.1,9729
548.1,1168,21,7.6,9715
549.1,1143,13,8.6,9677
550.2,1139,1,7.4,9709
551.2,1143,14,7.7,9707
552.2,1141,19,7.6,9686
553.2,1137,1,6.2,9683
554.2,1129,2,6.6,9690
555.3,1125,12,7.8,9734
556.3,1122,1,6.9,9740
557.3,1122,3,5.9,9764
558.3,1113,3,6.3,9760
559.4,1121,3,6.9,9766
560.4,1123,16,9.1,9772
561.4,1146,15,7.9,9783
562.5,1159,1,7.3,9766
563.5,1134,59,8.9,9849
564.5,1125,20,7.4,9827
565.5,1127,32,8.7,9827
566.5,1126,28,9.3,9877
567.6,1125,30,8.6,9856
568.6,1125,10,6.9,9835
569.6,1125,1,6.6,9871
570.6,1121,0,8.5,9858
571.7,1112,64,6.9,9888
572.7,1109,0,5.8,9894
573.7,1107,1,5.9,9869
574.7,1107,3,7.1,9913
575.8,1107,3,6.7,9889
576.8,1099,3,6.0,9906
577.8,1110,3,6.9,9872
578.9,1110,93,5.2,9867
579.9,1114,0,6.1,9846
580.9,1113,1,4.7,9827
581.9,1129,3,6.8,9832
582.9,1129,64,6.9,9856
584.0,1125,1,6.0,9863
585.0,1140,1,6.0,9920
586.0,1157,2,7.1,9903
587.0,1158,17,7.5,9828
588.0,1157,29,8.4,9883
589.1,1157,2,4.7,9908
590.1,1149,2,4.9,9893
591.1,1150,28,5.3,9909
592.1,1150,15,7.9,9894
593.2,1148,1,5.9,9870
594.2,1150,28,7.0,9897
595.2,1148,12,7.4,9895
596.2,1116,72,6.6,9909
597.2,1117,11,8.0,9903
598.3,1156,18,9.3,9986
599.3,1154,31,7.5,10043
600.3,1154,3,5.8,10029
601.3,1150,3,4.5,10055
602.4,1145,26,4.7,10070
603.4,1144,12,6.0,10076
604.4,1131,13,4.8,10063
605.4,1118,22,4.6,10047
606.4,1121,4,6.0,9978
607.5,1122,22,4.9,10026
608.5,1122,2,4.7,10038
609.6,1122,3,6.0,10031
610.6,1122,49,5.6,10025
611.7,1149,94,6.5,9949
612.7,1146,14,8.0,10003
613.7,1130,22,5.9,10049
614.7,1145,28,9.7,10174
615.8,1142,7,4.7,10039
616.8,1134,2,6.3,10102
617.8,1132,3,4.5,10108
618.8,1127,15,4.4,10097
619.9,1113,17,5.1,10102
620.9,1113,3,5.1,10126
621.9,1112,34,3.6,10138
622.9,1139,85,6.2,10160
624.0,1151,0,6.6,10132
625.0,1149,0,5.7,10150
626.0,1144,20,6.0,10135
627.0,1143,26,6.6,10068
628.0,1144,14,8.7,10071
629.1,1132,11,11.2,10097
630.1,1136,26,8.8,10114
631.1,1137,26,8.8,10111
632.1,1136,1,6.4,10140
633.1,1142,64,7.5,10121
634.2,1113,13,7.2,10187
635.2,1196,11,11.6,10345
636.2,1384,6,7.5,10510
637.2,1177,63,5.8,10205
638.2,1168,0,4.2,10211
639.3,1166,0,3.5,10180
640.3,1164,2,4.0,10164
641.3,1164,3,5.5,10178
642.3,1142,48,11.6,10126
643.3,1135,0,8.7,10125
644.4,1135,0,9.2,10127
645.4,1137,5,9.5,10149
646.4,1137,1,10.7,10169
647.4,1127,17,9.3,10171
648.5,1127,16,8.2,10162
649.5,1130,2,8.6,10168
650.5,1131,21,8.5,10157
651.5,1130,6,6.7,10186
652.5,1129,0,7.7,10190
653.6,1129,2,7.4,10143
654.6,1129,6,8.1,10152
655.6,1127,84,8.6,10157
656.6,1127,10,8.5,10193
657.7,1127,1,7.6,10171
658.7,1127,2,7.5,10180
659.7,1127,3,7.3,10157
660.7,1125,27,8.0,10160
661.7,1129,5,8.8,10163
662.8,1133,0,11.9,10185
663.8,1155,12,13.2,10215
664.8,1152,26,9.1,10217
665.8,1133,15,9.5,10010
666.8,1162,8,8.2,10027
667.9,1166,16,6.2,10046
668.9,1165,32,4.5,10053
669.9,1164,3,3.7,10072
670.9,1163,3,3.3,10045
672.0,1134,81,6.3,10040
673.0,1125,3,4.6,10046
674.0,1158,5,7.5,10071
675.1,1159,3,8.0,10081
676.1,1159,2,6.9,10085
677.1,1169,32,8.8,10089
678.1,1173,16,12.3,10082
679.1,1191,27,9.5,10090
680.2,1189,29,8.3,10068
681.2,1184,3,5.9,10095
682.2,1181,41,7.3,10085
683.2,1179,10,5.8,10066
684.2,1162,67,7.1,10080
685.3,1154,21,5.8,10098
686.3,1153,28,5.3,10118
687.3,1152,3,5.7,10145
688.3,1161,1,8.6,10090
689.4,1186,14,8.5,10143
690.4,1186,1,5.4,10152
691.4,1182,2,5.4,10159
692.4,1182,14,5.5,10184
693.4,1192,75,7.6,10197
694.5,1201,12,7.3,10165
695.5,1184,14,6.2,10232
696.5,1187,1,6.6,10237
697.5,1190,1,6.7,10253
698.6,1216,20,9.6,10281
699.6,1204,18,9.3,10277
700.6,1198,2,5.5,10172
701.6,1193,2,4.2,10241
702.7,1188,1,5.0,10247
703.7,1180,2,4.9,10273
704.7,1180,79,8.4,10340
705.7,1172,18,11.6,10420
706.8,1206,16,9.4,10476
707.8,1201,0,6.9,10453
708.8,1197,2,5.0,10447
709.8,1194,2,4.9,10473
710.9,1189,4,6.1,10460
711.9,1191,3,6.6,10497
712.9,1150,3,5.1,10484
713.9,1161,6,7.0,10490
715.0,1169,0,7.9,10509
716.0,1165,1,5.2,10508
717.0,1165,2,4.7,10436
718.0,1165,3,4.4,10517
719.1,1142,3,4.5,10511
720.1,1142,3,5.3,10546
721.1,1142,3,5.9,10544
722.1,1142,3,5.2,10554
723.1,1143,3,6.2,10551
724.2,1142,3,4.9,10536
725.2,1177,42,7.3,10489
726.2,1173,0,4.9,10531
727.2,1173,1,6.3,10572
728.3,1173,4,6.8,10589
729.3,1173,5,7.2,10591
730.3,1146,1,7.2,10591
731.3,1142,47,7.3,10529
732.4,1142,5,7.2,10586
733.4,1142,2,7.3,10588
734.4,1142,25,7.8,10596
735.4,1140,1,7.9,10616
736.4,1140,2,8.3,10706
737.5,1140,20,7.0,10712
738.5,1140,7,6.0,10668
739.5,1140,44,6.1,10658
740.5,1140,3,6.1,10651
741.6,1138,8,5.0,10640
742.6,1138,21,6.3,10643
743.6,1138,4,6.8,10636
744.7,1140,3,6.4,10605
745.7,1140,3,6.9,10613
746.7,1150,47,6.9,10624
747.7,1150,1,5.4,10634
748.7,1150,1,5.2,10623
749.8,1151,3,7.0,10622
750.8,1151,3,4.6,10599
751.8,1133,3,6.8,10620
752.8,1141,0,5.9,10520
753.8,1141,3,5.1,10567
754.9,1140,1,5.1,10590
755.9,1140,2,4.2,10612
756.9,1155,3,5.7,10644
757.9,1155,0,5.7,10666
758.9,1155,1,4.0,10661
760.0,1154,3,4.4,10640
761.0,1162,15,7.7,10671
762.0,1158,15,6.4,10693
763.0,1154,1,4.7,10714
764.1,1154,2,3.7,10699
765.1,1165,96,4.8,10682
766.1,1166,3,5.3,10594
767.1,1162,1,3.4,10640
768.1,1161,2,4.8,10669
769.2,1172,24,5.0,10685
770.2,1145,60,6.2,10576
771.2,1141,0,5.7,10569
772.2,1160,1,4.0,10547
773.2,1159,1,4.1,10549
774.3,1155,1,3.3,10576
775.3,1157,86,5.9,10606
776.3,1175,4,5.6,10636
777.3,1172,1,4.1,10653
778.3,1187,66,8.8,10647
779.4,1195,6,6.4,10638
780.4,1192,1,5.0,10634
781.4,1182,26,4.2,10644
782.4,1180,2,3.6,10659
783.4,1158,1,4.9,10655
784.5,1159,13,4.5,10643
785.5,1152,2,3.8,10629
786.5,1191,67,6.4,10628
787.5,1188,5,4.6,10626
788.5,1187,1,4.8,10649
789.6,1185,29,4.0,10639
790.6,1184,15,3.7,10623
791.6,1165,3,3.9,10614
792.6,1165,6,4.3,10612
793.6,1165,0,4.1,10626
794.7,1165,11,5.7,10616
795.7,1165,1,4.0,10622
796.7,1165,2,3.5,10632
797.7,1165,33,4.7,10559
798.8,1165,2,4.0,10600
799.8,1165,4,3.9,10595
800.8,1165,26,3.9,10608
801.8,1165,11,3.8,10603
802.8,1165,12,4.7,10621
803.9,1165,4,3.8,10636
804.9,1165,3,5.0,10648
805.9,1165,3,4.2,10635
807.0,1165,13,3.9,10639
808.0,1165,72,5.9,10654
809.0,1164,63,4.6,10652
810.0,1164,4,3.7,10627
811.0,1164,32,5.1,10637
812.1,1164,3,4.8,10690
813.1,1164,10,3.9,10683
814.1,1164,2,3.2,10710
815.1,1164,64,4.8,10709
816.2,1167,33,4.1,10716
817.2,1167,3,3.9,10719
818.2,1166,2,3.9,10722
819.2,1166,2,4.6,10717
820.3,1164,1,3.9,10706
821.3,1164,32,4.1,10704
822.3,1164,15,3.7,10712
823.3,1164,3,3.2,10705
824.4,1164,3,3.4,10697
825.4,1164,16,3.7,10737
826.4,1164,3,3.8,10730
827.4,1164,3,3.6,10736
828.5,1164,13,3.6,10702
829.5,1164,3,3.8,10700
830.5,1164,3,3.6,10707
831.5,1164,15,3.9,10731
832.6,1164,3,4.2,10752
833.6,1164,3,3.9,10744
834.6,1164,22,3.9,10730
835.6,1164,3,4.6,10711
836.7,1164,3,3.8,10700
837.7,1164,24,3.9,10681
838.7,1162,3,4.4,10689
839.7,1162,3,3.7,10715
840.7,1162,23,3.8,10710
841.8,1162,3,4.8,10724
842.8,1162,3,3.5,10750
843.8,1162,22,3.3,10742
844.8,1162,3,3.7,10637
845.9,1162,3,4.2,10687
846.9,1162,24,3.6,10705
847.9,1162,3,3.3,10722
848.9,1162,3,3.0,10701
849.9,1162,3,3.2,10701
851.0,1162,3,4.6,10709
852.0,1162,3,3.7,10714
853.0,1162,3,3.4,10710
854.0,1162,3,3.4,10723
855.1,1162,3,3.9,10725
856.1,1162,3,4.2,10735
857.1,1162,3,3.4,10759
858.1,1162,3,3.7,10756
859.2,1162,3,3.3,10747
860.2,1162,3,3.3,10737
861.2,1162,3,3.7,10722
862.2,1162,3,3.6,10721
863.3,1162,3,3.3,10714
864.3,1162,3,3.0,10640
865.3,1162,3,3.6,10738
866.3,1162,3,3.5,10723
867.4,1162,3,3.4,10714
868.4,1162,3,3.1,10732
869.4,1162,3,4.3,10722
870.4,1162,3,3.0,10736
871.5,1162,3,3.4,10750
872.5,1162,3,3.7,10764
873.5,1162,3,3.6,10752
874.5,1162,3,3.7,10771
875.6,1162,3,3.8,10754
876.6,1162,2,4.2,10751
877.6,1162,3,3.5,10757
878.6,1162,3,5.0,10745
879.6,1162,6,4.3,10740
880.7,1162,0,3.9,10734
881.7,1162,40,4.3,10689
882.7,1162,17,4.2,10698
883.7,1162,15,4.7,10698
884.8,1162,47,4.5,10726
885.8,1162,22,4.7,10733
886.8,1162,13,4.9,10773
887.8,1162,1,4.7,10771
888.9,1162,52,4.2,10794
889.9,1162,11,4.0,10768
890.9,1162,1,5.1,10780
891.9,1162,7,4.7,10787
892.9,1162,13,4.8,10783
894.0,1162,43,4.7,10776
895.0,1162,41,4.4,10803
896.0,1162,39,5.3,10767
897.0,1162,10,5.0,10784
898.1,1162,8,4.6,10787
899.1,1162,45,4.7,10737
900.1,1162,7,3.8,10760
901.1,1162,7,4.4,10772
902.1,1162,46,6.0,10787
903.2,1162,48,4.9,10777
904.2,1162,30,5.3,10755
905.2,1162,29,4.9,10779
906.2,1162,7,4.7,10795
907.2,1162,9,5.0,10788
908.3,1162,1,4.5,10796
909.3,1162,2,4.7,10804
910.3,1162,2,4.5,10772
911.3,1162,10,4.4,10748
912.4,1162,0,3.9,10767
913.4,1162,0,4.9,10784
914.4,1162,15,3.9,10777
915.4,1162,2,3.7,10768
916.5,1162,36,3.9,10786
917.5,1162,1,4.6,10851
918.5,1162,1,4.9,10829
919.5,1162,2,3.9,10819
920.5,1162,100,4.4,10819
921.6,1162,14,4.6,10835
922.6,1162,4,4.2,10837
923.6,1162,29,4.4,10844
924.6,1162,10,3.7,10832
925.6,1162,2,4.0,10810
926.7,1162,22,4.2,10810
927.7,1162,20,4.7,10798
928.7,1162,17,3.9,10792
929.8,1162,2,4.1,10872
930.8,1162,2,3.8,10844
931.8,1162,3,4.1,10854
932.8,1162,24,5.8,10816
933.9,1162,31,6.6,10820
934.9,1162,31,5.7,10811
935.9,1162,30,4.8,10799
936.9,1162,2,4.6,10806
938.0,1162,11,4.0,10831
939.0,1162,3,6.0,10830
940.0,1162,3,4.4,10824
941.0,1162,2,4.1,10833
942.1,1162,2,5.9,10729
943.1,1162,47,5.9,10790
944.1,1162,2,3.9,10808
945.1,1162,3,3.6,10803
946.2,1162,3,4.1,10791
947.2,1162,3,5.0,10793
948.2,1162,45,4.1,10811
949.2,1162,13,4.9,10798
950.3,1162,19,4.0,10777
951.3,1162,2,4.0,10797
952.3,1162,17,4.3,10789
953.3,1162,14,4.8,10825
954.4,1162,2,4.0,10821
955.4,1162,2,4.3,10794
956.4,1162,44,5.4,10797
957.4,1162,22,5.0,10788
958.5,1162,1,4.5,10806
959.5,1163,1,5.8,10815
960.5,1163,3,6.2,10824
961.5,1163,3,3.8,10844
962.5,1163,3,4.3,10836
963.6,1163,3,4.1,10838
964.6,1163,92,4.9,10833
965.6,1163,7,4.1,10841
966.6,1163,1,4.5,10833
967.7,1163,2,4.5,10838
968.7,1163,23,4.9,10836
969.7,1163,2,5.6,10827
970.7,1163,24,4.9,10839
971.7,1163,1,5.1,10916
972.8,1163,1,4.6,10911
973.8,1163,80,4.7,10940
974.8,1163,2,5.1,10922
975.8,1163,10,4.8,10928
976.9,1163,3,5.8,10932
977.9,1163,3,4.3,10904
978.9,1163,2,4.3,10903
979.9,1163,2,4.4,10885
981.0,1163,31,4.3,10871
982.0,1163,20,5.2,10896
983.0,1163,1,4.4,10895
984.0,1163,3,3.8,10898
985.0,1163,11,4.1,10881
986.1,1163,1,4.8,10884
987.1,1163,1,3.5,10915
988.1,1163,3,3.6,10945
989.1,1163,3,4.0,10938
990.2,1163,3,4.0,10950
991.2,1163,64,4.7,10936
992.2,1163,33,5.0,10917
993.2,1163,24,4.0,10898
994.3,1163,42,4.7,10888
995.3,1163,7,4.5,10799
996.3,1163,2,4.2,10898
997.3,1163,3,4.4,10908
998.4,1163,34,5.6,10902
999.4,1163,29,4.8,10829
1000.4,1163,2,4.2,10837
1001.5,1163,2,3.9,10876
1002.5,1163,2,3.5,10880
1003.5,1163,2,3.2,10877
1004.5,1163,1,3.5,10853
1005.6,1163,3,3.7,10854
1006.6,1163,3,3.4,10867
1007.6,1163,3,3.7,10851
1008.6,1163,3,3.2,10863
1009.6,1163,3,2.9,10874
1010.7,1163,3,3.5,10878
1011.7,1163,3,3.4,10873
1012.7,1163,3,3.4,10863
1013.7,1163,3,3.9,10865
1014.8,1163,3,3.7,10782
1015.8,1163,3,4.5,10919
1016.8,1163,3,3.6,10940
1017.8,1163,3,4.1,10953
1018.9,1163,3,3.9,10941
1019.9,1163,3,4.0,10917
1020.9,1163,3,3.4,10916
1021.9,1163,3,5.0,10906
1023.0,1163,3,3.4,10911
1024.0,1163,3,3.9,10929
1025.0,1163,3,4.5,10936
1026.1,1186,0,8.4,10938
1027.1,1186,5,4.3,10931
1028.1,1186,1,4.6,10917
1029.1,1186,32,5.2,10912
1030.1,1188,35,9.4,11138
1031.2,1186,29,21.4,11143
1032.2,1134,12,11.9,11128
1033.2,1149,68,9.3,11094
1034.2,1158,16,10.7,11104
1035.2,1151,13,10.3,11113
1036.3,1133,28,10.0,11125
1037.3,1132,6,7.5,11106
1038.3,1134,62,8.2,11003
1039.3,1381,16,9.4,11014
1040.3,1173,14,4.6,10999
1041.4,1171,7,4.4,10985
1042.4,1181,12,6.4,11002
1043.4,1193,15,9.4,11045
1044.4,1210,20,8.8,11067
1045.4,1219,6,8.9,11080
1046.5,1219,6,7.0,11043
1047.5,1201,11,7.8,11052
1048.5,1202,14,8.3,11074
1049.5,1202,8,9.1,11173
1050.5,1186,8,7.8,11197
1051.6,1193,22,9.3,11205
1052.6,1209,11,11.4,11232
1053.6,1241,3,9.6,11239
1054.6,1230,19,9.1,11191
1055.6,1223,33,6.0,11155
1056.7,1212,9,6.2,11180
1057.7,1218,31,5.3,11192
1058.7,1236,18,5.6,11194
1059.7,1236,1,4.8,11175
1060.7,1224,17,4.5,11153
1061.8,1223,1,4.2,11126
1062.8,1227,66,9.4,11231
1063.8,1231,1,4.2,11187
1064.8,1227,1,5.2,11179
1065.9,1227,4,3.7,11209
1066.9,1227,13,4.2,11202
1067.9,1217,3,3.9,11186
1068.9,1196,3,3.5,11179
1070.0,1190,3,4.3,11182
1071.0,1190,3,4.3,11198
1072.0,1190,3,3.8,11161
1073.0,1190,3,4.2,11179
1074.0,1193,1,5.0,11147
1075.1,1193,13,4.2,11129
1076.1,1193,24,4.7,11107
1077.1,1193,7,5.0,11107
1078.1,1215,23,7.2,11116
1079.1,1216,27,6.1,11122
1080.2,1214,5,4.8,11057
1081.2,1212,66,5.5,11096
1082.2,1209,0,4.1,11100
1083.2,1206,1,3.8,11121
1084.2,1191,5,5.0,11119
1085.3,1191,4,5.5,11121
1086.3,1191,63,4.2,11105
1087.3,1191,1,4.2,11096
1088.3,1191,1,5.0,11080
1089.4,1187,28,4.6,11063
1090.4,1184,1,3.9,11051
1091.4,1187,66,4.4,11047
1092.4,1187,1,3.9,11032
1093.4,1182,3,4.2,11011
1094.5,1189,66,6.1,11009
1095.5,1204,20,7.5,11032
1096.5,1204,15,6.9,11025
1097.5,1203,14,6.4,11048
1098.5,1202,2,5.5,11055
1099.6,1202,19,5.0,11058
1100.6,1199,1,4.7,11074
1101.6,1183,30,5.1,11067
1102.6,1174,2,3.9,11075
1103.7,1172,2,3.9,11075
1104.7,1172,3,4.3,11093
1105.7,1183,88,7.6,11038
1106.7,1183,13,5.7,11054
1107.7,1182,0,4.6,11039
1108.8,1181,2,4.7,11058
1109.8,1178,2,4.6,11050
1110.8,1182,68,6.1,11054
1111.8,1173,1,4.1,11073
1112.8,1170,1,4.1,11054
1113.9,1170,2,4.5,11061
1114.9,1173,4,4.6,11044
1115.9,1173,26,4.0,11047
1116.9,1166,0,4.4,11031
1117.9,1173,1,5.0,11051
1119.0,1173,1,5.0,11046
1120.0,1174,15,6.7,11039
1121.0,1174,15,5.5,10968
1122.0,1174,1,4.6,11106
1123.1,1169,2,3.8,11136
1124.1,1169,3,4.0,11107
1125.1,1169,3,5.0,11103
1126.1,1157,4,3.9,11048
1127.1,1157,3,3.7,11059
1128.2,1157,3,4.2,11063
1129.2,1157,3,4.2,11064
1130.2,1157,3,3.9,11105
1131.2,1157,3,4.3,11113
1132.3,1157,3,4.0,11094
1133.3,1157,3,3.8,11100
1134.3,1157,3,4.1,11106
1135.3,1157,3,6.7,11081
1136.4,1157,3,4.3,11085
1137.4,1169,3,4.6,10940
1138.4,1171,13,6.6,11011
1139.4,1182,5,6.4,11059
1140.4,1182,1,4.5,11101
1141.5,1179,2,3.6,11145
1142.5,1181,3,5.0,11167
1143.5,1181,2,4.4,11142
1144.5,1179,0,3.8,11127
1145.5,1194,37,6.5,11071
1146.6,1194,18,6.5,11100
1147.6,1190,1,4.1,11087
1148.6,1190,2,4.1,11058
1149.6,1190,3,4.2,11072
1150.6,1186,3,3.7,11076
1151.7,1160,3,3.9,11066
1152.7,1160,3,3.9,11068
1153.7,1186,3,6.1,11055
1154.7,1185,15,9.5,11050
1155.7,1186,0,5.0,11034
1156.8,1188,23,5.6,11029
1157.8,1189,18,8.0,10912
1158.8,1164,1,6.0,11092
1159.8,1169,63,10.8,11227
1160.9,1181,19,7.2,11216
1161.9,1194,11,6.4,11232
1162.9,1202,27,6.1,11224
1163.9,1200,2,4.4,11227
1165.0,1199,60,6.1,11296
1166.0,1198,1,4.2,11289
1167.0,1219,66,5.7,11307
1168.0,1037,15,7.0,10326
1169.0,1022,20,5.6,10190
1170.1,1021,24,5.3,9872
1171.1,1037,0,4.7,9901
1172.1,1036,0,4.2,9889
1173.1,1043,33,4.7,9896
1174.2,1044,14,5.1,9902
1175.2,1040,26,6.5,9892
1176.2,1039,8,5.4,9905
1177.2,1039,20,5.7,9908
1178.2,1035,9,5.1,9887
1179.3,1016,18,4.4,9867
1180.3,1014,15,4.7,9868
1181.3,1014,0,4.4,9860
1182.3,1036,65,5.9,9866
1183.3,1036,0,5.7,9887
1184.4,1031,9,6.8,9890
1185.4,1031,29,4.8,9890
1186.4,1030,35,5.0,9894
1187.4,1011,11,4.7,9895
1188.5,1011,2,4.8,9901
1189.5,1011,0,4.4,9886
1190.5,1011,10,4.3,9899
1191.5,1011,0,4.1,9855
1192.5,1011,0,3.8,9855
1193.6,1011,0,3.3,9876
1194.6,1064,17,4.9,9886
1195.6,1059,0,3.9,9925
1196.6,1059,0,3.5,9901
1197.6,1059,0,3.9,9884
1198.7,1059,0,3.6,9860
1199.7,1014,0,4.8,9829
1200.7,1014,0,3.7,9828
1201.7,1032,48,5.0,9810
1202.7,1023,13,4.7,9800
1203.8,1018,8,6.4,9921
1204.8,1058,25,10.2,10010
1205.8,1057,5,5.3,10025
1206.8,1052,11,4.7,10038
1207.8,1067,34,4.9,10027
1208.9,1074,20,4.9,10042
1209.9,1055,17,6.4,9906
1210.9,1061,39,6.0,9899
1211.9,1065,16,4.5,9885
1212.9,1056,6,4.0,9899
1214.0,1055,0,3.3,9865
1215.0,1055,0,3.7,9879
1216.0,1063,13,6.4,9895
1217.0,1051,14,4.9,9894
1218.1,1057,1,5.2,9905
1219.1,1050,27,5.5,9798
1220.1,1052,0,4.3,9780
1221.1,1045,0,4.1,9767
1222.1,1048,67,5.1,9759
1223.2,1052,14,4.2,9779
1224.2,1029,18,5.3,9771
1225.2,1049,25,8.5,9854
1226.2,1041,28,6.0,9884
1227.3,1040,11,4.5,9908
1228.3,1035,0,3.9,9906
1229.3,1034,0,4.0,9912
1230.3,1030,0,4.9,9925
1231.4,1037,0,6.9,9932
1232.4,1037,14,4.6,9920
1233.4,1036,0,4.2,9922
1234.4,1046,27,5.6,9982
1235.5,1069,0,4.2,10037
1236.5,1069,7,4.3,9998
1237.5,1059,10,4.0,9991
1238.5,1070,66,4.5,9979
1239.5,1060,18,4.4,9958
1240.6,1058,3,4.2,9969
1241.6,1062,30,4.7,9972
1242.6,1025,62,5.0,10013
1243.6,1122,8,9.4,10106
1244.6,1112,2,4.8,10104
1245.7,1112,27,4.5,10103
1246.7,1114,30,4.4,10115
1247.7,1113,0,3.5,10115
1248.7,1113,0,5.3,10151
1249.7,1116,0,4.6,10178
1250.8,1112,0,4.1,10206
1251.8,1089,0,4.4,10081
1252.8,1082,0,4.0,10080
1253.8,1080,19,4.5,10097
1254.8,1100,21,5.1,10044
1255.9,1067,0,4.5,10019
1256.9,1071,13,4.8,10001
1257.9,1074,30,4.6,9984
1258.9,1069,16,4.2,9934
1259.9,1056,0,4.5,9951
1261.0,1054,0,4.6,9964
1262.0,1047,28,3.9,9941
1263.0,1049,36,6.6,9978
1264.0,1071,2,4.2,9835
1265.0,1069,0,3.7,9999
1266.1,1066,0,3.5,9984
1267.1,1062,0,4.9,9976
1268.1,1057,0,3.6,9955
1269.1,1035,0,2.9,9959
1270.2,1035,0,3.3,9960
1271.2,1035,0,3.4,9972
1272.2,1035,0,3.5,9972
1273.2,1033,0,3.9,9984
1274.2,1033,0,3.7,9973
1275.3,1033,0,3.7,9981
1276.3,1033,0,3.7,9989
1277.3,1033,0,3.4,9973
1278.3,1029,0,4.5,9970
1279.4,1043,13,4.8,9980
1280.4,1054,8,4.7,9865
1281.4,1077,31,5.3,10027
1282.4,1075,3,3.8,10050
1283.4,1073,0,4.3,10034
1284.5,1069,60,3.9,10006
1285.5,1074,0,4.1,10004
1286.5,1077,23,4.8,10009
1287.5,1077,0,4.4,10010
1288.5,1075,0,3.7,9988
1289.6,1075,0,4.2,9994
1290.6,1082,2,5.5,10047
1291.6,1069,14,9.9,10179
1292.6,1098,24,8.0,10319
1293.6,1078,0,5.3,10216
1294.7,1073,15,4.3,10199
1295.7,1072,0,4.8,10175
1296.7,1083,68,10.0,10284
1297.7,1089,9,8.2,10245
1298.7,1084,2,5.3,10330
1299.8,1079,0,4.5,10331
1300.8,1048,0,5.0,10246
1301.8,1048,18,4.7,10217
1302.8,1042,58,6.0,10201
1303.9,1027,0,4.5,10209
1304.9,1061,13,10.1,10362
1305.9,1061,27,4.0,10358
1306.9,1048,0,5.0,10194
1307.9,1043,0,4.4,10197
1309.0,1043,1,3.8,10222
1310.0,1058,20,6.1,10248
1311.0,1058,0,4.3,10226
1312.0,1057,63,4.7,10192
1313.1,1051,2,5.1,10178
1314.1,1047,0,4.3,10208
1315.1,1053,28,5.6,10097
1316.1,1056,29,5.6,10088
1317.1,1056,31,10.3,10193
1318.2,1071,38,6.4,10198
1319.2,1076,10,8.4,10271
1320.2,1089,4,5.5,10295
1321.2,1087,2,5.1,10286
1322.2,1083,1,5.6,10301
1323.3,1050,0,4.5,10279
1324.3,1049,21,4.0,10266
1325.3,1036,1,4.3,10251
1326.3,1041,14,5.5,10230
1327.3,1040,13,9.6,10343
1328.4,1066,16,11.2,10449
1329.4,1069,11,12.1,10457
1330.4,1064,10,11.3,10480
1331.4,1065,32,12.0,10536
1332.4,1024,21,9.8,10507
1333.5,1073,18,8.3,10636
1334.5,1245,62,9.4,10679
1335.5,1243,10,5.6,10708
1336.5,1239,38,6.2,10804
1337.6,1275,67,6.7,10853
1338.6,1267,5,4.7,10813
1339.6,1264,0,4.3,10840
1340.6,1231,0,5.7,10825
1341.6,1231,0,4.9,10785
1342.7,1237,32,5.2,10737
1343.7,1237,2,5.1,10755
1344.7,1235,0,5.0,10711
1345.7,1213,0,5.3,10722
1346.7,1211,4,4.6,10668
1347.8,1211,2,4.7,10649
1348.8,1206,0,4.0,10660
1349.8,1328,0,4.6,10648
1350.8,1228,89,5.4,10644
1351.9,1262,0,6.0,10652
1352.9,1232,52,4.7,10656
1353.9,1232,0,4.6,10671
1354.9,1232,2,4.0,10662
1356.0,1232,0,4.5,10659
1357.0,1209,0,5.0,10634
1358.0,1209,0,4.8,10626
1359.0,1209,0,4.9,10612
1360.0,1209,0,5.1,10438
1361.1,1209,0,5.1,10503
1362.1,1257,87,5.7,10497
1363.1,1253,0,4.3,10495
1364.1,1253,1,4.6,10518
1365.1,1253,0,5.1,10524
1366.2,1253,0,5.0,10584
1367.2,1225,0,5.1,10597
1368.2,1225,0,4.5,10604
1369.2,1226,0,4.0,10615
1370.3,1226,0,4.3,10596
1371.3,1205,0,4.8,10617
1372.3,1205,1,4.9,10546
1373.3,1205,0,4.8,10564
1374.3,1205,0,4.6,10545
1375.4,1294,0,5.7,10547
1376.4,1231,13,6.6,10547
1377.4,1200,1,4.8,10527
1378.4,1199,0,3.6,10549
1379.5,1199,0,4.3,10540
1380.5,1199,0,4.6,10541
1381.5,1187,0,4.3,10542
1382.5,1185,0,5.4,10426
1383.6,1185,0,4.1,10458
1384.6,1185,0,4.4,10470
1385.6,1185,0,4.4,10463
1386.6,1185,0,4.3,10478
1387.6,1185,0,6.1,10478
1388.7,1185,0,4.8,10465
1389.7,1185,0,4.1,10472
1390.7,1185,0,3.5,10497
1391.7,1185,0,3.8,10491
1392.7,1185,0,4.2,10509
1393.8,1185,0,3.5,10519
1394.8,1185,0,3.7,10521
1395.8,1185,0,3.7,10535
1396.8,1185,0,3.8,10500
1397.8,1209,65,4.9,10519
1398.9,1209,0,3.4,10487
1399.9,1194,0,5.1,10505
1400.9,1194,0,3.6,10475
1401.9,1194,0,4.1,10451
1402.9,1194,0,3.4,10456
1404.0,1194,0,3.2,10324
1405.0,1169,0,4.9,10363
1406.0,1169,0,4.4,10385
1407.0,1169,0,3.7,10392
1408.0,1169,0,3.0,10416
1409.1,1169,0,4.2,10429
1410.1,1169,0,4.0,10423
1411.1,1169,0,3.5,10515
1412.1,1169,0,3.0,10521
1413.2,1169,0,3.5,10558
1414.2,1169,0,3.5,10558
1415.2,1169,0,3.1,10411
1416.2,1169,0,3.6,10456
1417.2,1169,0,4.0,10466
1418.3,1223,86,7.3,10503
1419.3,1201,4,5.3,10537
1420.3,1213,35,4.9,10562
1421.3,1213,0,2.6,10540
1422.3,1213,0,4.7,10508
1423.4,1213,0,3.0,10510
1424.4,1212,0,3.3,10530
1425.4,1176,0,3.3,10529
1426.4,1176,0,4.0,10524
1427.4,1176,0,3.6,10518
1428.5,1176,0,3.6,10533
1429.5,1166,0,3.8,10531
1430.5,1166,0,4.1,10493
1431.5,1166,0,3.9,10482
1432.5,1166,0,3.8,10492
1433.6,1166,0,3.8,10492
1434.6,1166,0,4.4,10423
1435.6,1166,0,4.2,10539
1436.6,1166,0,3.2,10560
1437.6,1166,0,3.4,10565
1438.7,1166,0,3.5,10573
1439.7,1166,0,4.1,10571
1440.7,1166,0,3.9,10582
1441.7,1166,0,4.0,10602
1442.8,1166,0,4.4,10610
1443.8,1261,0,4.6,10590
1444.8,1296,85,4.7,10579
1445.8,1225,19,4.8,10567
1446.8,1215,17,6.4,10575
1447.9,1215,1,3.7,10541
1448.9,1215,0,4.4,10561
1449.9,1193,0,5.0,10536
1450.9,1193,0,3.4,10570
1451.9,1193,0,3.3,10504
1453.0,1193,0,3.9,10510
1454.0,1193,0,3.6,10502
1455.0,1171,0,3.7,10479
1456.0,1171,0,3.8,10502
1457.1,1292,60,4.2,10455
1458.1,1353,0,4.5,10481
1459.1,1283,0,6.0,10502
1460.1,1203,0,4.4,10478
1461.2,1203,0,3.9,10484
1462.2,1203,0,3.4,10482
1463.2,1203,0,3.5,10483
1464.2,1203,0,3.6,10481
1465.2,1181,0,3.8,10490
1466.3,1181,0,3.8,10491
1467.3,1181,0,3.7,10478
1468.3,1181,0,4.5,10470
1469.3,1170,0,3.9,10489
1470.4,1170,0,3.7,10463
1471.4,1170,0,3.4,10470
1472.4,1198,88,5.3,10488
1473.4,1420,0,4.9,10542
1474.4,1201,0,6.4,10463
1475.5,1201,0,4.2,10480
1476.5,1201,0,3.6,10460
1477.5,1201,0,3.7,10467
1478.5,1201,0,3.7,10466
1479.5,1194,85,4.5,10478
1480.6,1179,8,8.3,10597
1481.6,1163,11,4.5,10600
1482.6,1165,3,4.8,10571
1483.6,1155,63,4.2,10586
1484.6,1155,0,5.2,10584
1485.7,1152,0,4.5,10572
1486.7,1136,0,4.2,10556
1487.7,1137,60,6.2,10571
1488.7,1136,0,3.7,10570
1489.8,1134,0,3.8,10586
1490.8,1121,0,4.8,10583
1491.8,1121,1,3.6,10599
1492.8,1135,40,4.8,10564
1493.8,1135,0,4.6,10493
1494.9,1135,10,4.2,10620
1495.9,1133,0,3.4,10585
1496.9,1133,0,4.7,10626
1497.9,1133,0,3.5,10587
1498.9,1118,0,3.3,10589
1500.0,1118,0,3.2,10599
1501.0,1118,0,3.6,10591
1502.0,1118,0,3.4,10596
1503.0,1118,0,3.1,10590
1504.1,1118,0,3.3,10594
1505.1,1118,0,4.1,10587
1506.1,1118,0,3.4,10586
1507.1,1118,0,3.6,10600
1508.1,1125,0,5.3,10587
1509.2,1137,0,4.0,10583
1510.2,1137,0,3.5,10574
1511.2,1137,59,5.2,10565
1512.2,1137,0,5.2,10575
1513.2,1136,0,5.3,10565
1514.3,1134,0,5.0,10572
1515.3,1123,0,4.5,10586
1516.3,1123,1,5.6,10588
1517.3,1122,0,4.0,10582
1518.4,1122,0,6.5,10586
1519.4,1122,0,5.4,10600
1520.4,1122,0,5.6,10618
1521.4,1106,88,5.1,10512
1522.5,1106,0,5.4,10575
1523.5,1105,0,4.4,10568
1524.5,1105,0,6.0,10609
1525.5,1105,0,5.5,10619
1526.5,1090,0,5.4,10620
1527.6,1090,0,6.1,10631
1528.6,1090,0,5.5,10632
1529.6,1090,0,5.8,10653
1530.6,1106,0,5.9,10660
1531.7,1106,0,5.2,10674
1532.7,1105,0,5.0,10666
1533.7,1105,0,4.2,10655
1534.7,1105,0,3.9,10653
1535.7,1090,0,4.0,10654
1536.8,1090,0,3.9,10642
1537.8,1090,0,4.0,10659
1538.8,1090,0,3.6,10589
1539.8,1090,0,5.3,10667
1540.9,1090,0,5.0,10664
1541.9,1090,0,5.7,10654
1542.9,1105,0,5.5,10653
1544.0,1105,86,4.7,10647
1545.0,1105,0,4.1,10640
1546.0,1103,0,3.8,10656
1547.0,1103,0,3.5,10675
1548.0,1103,0,3.8,10686
1549.1,1103,0,3.9,10689
1550.1,1088,0,4.1,10674
1551.1,1104,45,4.1,10663
1552.1,1104,0,4.9,10678
1553.1,1103,0,4.7,10654
1554.1,1103,0,3.5,10698
1555.2,1103,0,4.3,10727
1556.2,1088,0,3.8,10749
1557.2,1088,0,3.7,10747
1558.2,1088,0,3.6,10750
1559.3,1088,0,3.7,10736
1560.3,1088,0,4.0,10745
1561.3,1088,0,3.8,10742
1562.3,1088,0,4.1,10770
1563.3,1088,0,3.8,10756
1564.4,1088,0,3.7,10728
1565.4,1088,0,3.8,10714
1566.4,1088,0,3.8,10723
1567.4,1088,0,3.9,10724
1568.4,1088,0,4.0,10718
1569.5,1088,0,3.9,10720
1570.5,1088,0,4.2,10719
1571.5,1088,0,4.0,10725
1572.5,1088,0,4.0,10696
1573.5,1088,0,4.2,10706
1574.6,1088,0,4.1,10714
1575.6,1088,0,4.1,10703
1576.6,1088,0,3.8,10694
1577.6,1088,0,3.9,10700
1578.6,1088,0,4.0,10681
1579.7,1088,0,4.3,10711
1580.7,1088,0,4.3,10705
1581.7,1088,0,3.8,10708
1582.7,1088,0,3.9,10683
1583.8,1088,0,4.1,10693
1584.8,1088,0,4.3,10719
1585.8,1088,0,4.3,10717
1586.8,1088,0,3.9,10708
1587.8,1088,0,3.8,10715
1588.8,1088,0,4.0,10696
1589.9,1088,0,4.0,10716
1590.9,1088,0,3.8,10730
1591.9,1088,0,3.7,10767
1592.9,1088,0,4.0,10742
1594.0,1088,0,4.1,10764
1595.0,1088,0,4.3,10729
1596.0,1105,0,5.5,10722
1597.0,1105,0,4.4,10750
1598.0,1105,0,6.3,10739
1599.1,1104,0,4.4,10738
1600.1,1103,0,4.2,10650
1601.1,1103,0,4.6,10679
1602.1,1103,0,4.5,10703
1603.1,1088,0,4.3,10692
1604.2,1088,0,4.5,10717
1605.2,1105,23,4.9,10740
1606.2,1105,0,4.7,10753
1607.2,1103,0,4.5,10755
1608.2,1103,0,5.5,10749
1609.3,1103,0,5.2,10764
1610.3,1139,2,6.9,10754
1611.3,1289,15,6.6,10441
1612.3,1278,0,5.7,10444
1613.3,1277,0,5.0,10480
1614.4,1277,0,6.2,10498
1615.4,1277,0,5.1,10514
1616.4,1234,0,4.7,10509
1617.4,1234,0,4.2,10507
1618.5,1234,0,4.4,10502
1619.5,1183,0,4.2,10500
1620.5,1121,0,4.7,10503
1621.5,1327,0,5.2,10501
1622.5,1317,0,5.7,10507
1623.6,1196,11,7.1,10583
1624.6,1196,0,7.0,10547
1625.6,1196,0,6.5,10546
1626.6,1196,0,4.6,10519
1627.6,1185,0,4.9,10510
1628.7,1185,0,3.8,10518
1629.7,1163,0,3.9,10501
1630.7,1156,0,7.2,10505
1631.7,1156,0,5.3,10397
1632.8,1155,0,5.4,10450
1633.8,1155,0,3.7,10455
1634.8,1155,0,5.3,10478
1635.8,1133,0,4.8,10482
1636.8,1133,0,3.8,10486
1637.9,1133,0,3.3,10495
1638.9,1133,0,4.1,10495
1639.9,1133,0,4.2,10488
1640.9,1133,0,4.0,10459
1641.9,1133,0,4.1,10478
1643.0,1133,0,3.7,10446
1644.0,1133,0,3.8,10446
1645.0,1133,0,5.2,10449
1646.0,1133,0,4.5,10457
1647.1,1167,23,8.2,10550
1648.1,1418,5,9.8,10485
1649.1,1244,13,9.0,10496
1650.1,1032,25,6.6,10373
1651.1,1006,26,6.4,10167
1652.2,1008,0,6.9,10188
1653.2,1000,0,5.4,10166
1654.2,982,34,6.9,10158
1655.2,1043,14,5.3,10213
1656.2,1041,33,6.4,10204
1657.3,1032,0,5.8,10163
1658.3,1031,0,4.7,10136
1659.3,1030,10,3.9,10095
1660.3,1012,0,4.4,10107
1661.4,1012,46,5.3,10118
1662.4,1003,36,4.7,10109
1663.4,1003,0,4.8,10091
1664.4,1003,50,4.9,10093
1665.5,1003,0,4.7,10073
1666.5,1003,9,5.2,10094
1667.5,1003,20,5.0,10076
1668.6,1003,0,6.2,10065
1669.6,1003,0,6.4,10070
1670.6,1003,21,6.7,10083
1671.6,1003,0,5.2,10080
1672.7,1003,0,5.1,10072
1673.7,1003,50,6.7,10110
1674.7,1003,26,5.3,10116
1675.7,1003,26,6.8,10128
1676.8,1003,25,6.0,10141
1677.8,1003,8,5.9,10116
1678.8,1003,5,6.4,10097
1679.8,1003,14,6.1,10122
1680.8,1003,0,6.6,10115
1681.9,1003,18,6.1,10074
1682.9,1003,46,6.7,10083
1683.9,1003,25,6.2,10096
1685.0,1003,15,5.4,10106
1686.0,1003,18,5.5,10119
1687.0,1003,22,5.4,10119
1688.0,1003,6,5.1,10104
1689.0,1003,0,5.6,10114
1690.1,1003,0,5.1,10128
1691.1,1003,21,5.2,10132
1692.1,1003,0,5.5,10118
1693.1,1003,0,5.6,10131
1694.2,1003,20,6.0,10129
1695.2,1003,0,6.0,10127
1696.2,1003,0,4.9,10133
1697.2,1003,21,5.0,10088
1698.3,1003,0,6.5,10085
1699.3,1003,0,5.9,10088
1700.3,1003,11,5.7,10086
1701.3,1003,0,5.7,10105
1702.4,1003,0,6.3,10013
1703.4,1003,11,6.8,10047
1704.4,1003,0,5.9,10083
1705.4,1003,0,4.5,10098
1706.5,1003,11,5.6,10109
1707.5,1003,0,5.8,10105
1708.5,1003,0,5.7,10120
1709.5,1003,1,5.5,10148
1710.6,1003,0,5.8,10131
1711.6,1002,0,6.0,10113
1712.6,1002,0,6.7,10084
1713.6,1002,0,6.2,10066
1714.7,1002,0,5.7,10078
1715.7,1002,0,5.2,10085
1716.7,1002,0,5.5,10084
1717.7,1012,0,6.0,10097
1718.8,1005,57,7.5,10109
1719.8,1004,2,5.9,10100
1720.8,1003,0,5.8,10104
1721.9,1003,22,5.9,10125
1722.9,1003,19,5.9,10215
1723.9,993,45,5.9,10208
1724.9,993,29,6.6,10145
1726.0,993,0,6.1,10106
1727.0,993,0,6.5,10118
1728.0,993,20,6.7,10136
1729.0,993,29,5.8,10116
1730.1,993,37,6.3,10122
1731.1,993,5,6.2,10116
1732.1,993,5,5.8,10129
1733.2,993,0,6.3,10054
1734.2,993,22,5.5,10202
1735.2,993,26,5.6,10160
1736.2,993,26,6.3,10145
1737.3,993,26,6.1,10134
1738.3,993,26,6.0,10134
1739.3,993,26,6.1,10140
1740.4,993,26,6.2,10155
1741.4,993,26,6.3,10158
1742.4,993,26,6.0,10142
1743.4,993,27,6.5,10130
1744.5,993,26,6.2,10126
1745.5,993,13,6.1,10136
1746.5,993,18,6.8,10162
1747.5,993,22,6.2,10178
1748.6,993,21,6.8,10190
1749.6,993,26,6.3,10183
1750.6,993,26,6.0,10192
1751.6,993,30,6.6,10165
1752.7,993,46,5.7,10151
1753.7,994,97,7.3,10122
1754.7,1022,7,7.4,10153
1755.7,1023,2,7.0,10198
1756.8,1016,28,7.2,9960
1757.8,1071,62,9.8,10058
1758.8,1074,21,7.5,10049
1759.8,1078,8,8.0,10060
1760.8,1077,4,6.8,10063
1761.9,1077,16,7.0,10053
1762.9,1064,33,9.3,10072
1763.9,1111,15,15.1,10243
1764.9,1121,12,12.3,10348
1765.9,1107,2,10.6,10371
1767.0,1106,4,7.3,10364
1768.0,1086,6,7.2,10360
1769.0,1082,8,7.0,10346
1770.0,1083,16,7.5,10336
1771.1,1079,5,7.8,10326
1772.1,1099,20,7.0,10340
1773.1,1158,29,7.4,10373
1774.1,1188,11,8.9,10362
1775.1,1171,15,7.7,10353
1776.2,1122,63,9.4,10295
1777.2,1118,2,8.4,10273
1778.2,1114,2,8.1,10310
1779.2,1112,2,6.8,10312
1780.2,1096,65,7.6,10335
1781.3,1094,11,7.3,10351
1782.3,1096,0,7.5,10329
1783.3,1096,0,6.3,10337
1784.3,1096,0,7.2,10338
1785.4,1125,16,7.8,10341
1786.4,1096,17,7.1,10360
1787.4,1102,0,8.5,10348
1788.4,1102,0,7.9,10363
1789.4,1105,65,7.6,10349
1790.5,1098,16,8.3,10353
1791.5,1121,2,8.2,10367
1792.5,1136,0,8.6,10351
1793.5,1134,67,7.4,10267
1794.6,1132,0,7.1,10364
1795.6,1125,0,7.1,10288
1796.6,1127,0,5.6,10271
1797.6,1125,0,9.6,10266
1798.6,1144,91,8.3,10303
1799.7,1143,9,6.2,10281
1800.7,1143,6,5.7,10296
1801.7,1138,20,9.3,10345
1802.7,1105,30,8.6,10399
1803.7,1138,43,8.9,10413
1804.8,1135,35,8.2,10333
1805.8,1169,22,8.9,10369
1806.8,1169,12,7.8,10383
1807.8,1165,0,7.4,10360
1808.9,1155,0,7.3,10381
1809.9,1155,0,6.9,10423
1810.9,1155,0,7.2,10429
1811.9,1155,36,7.3,10452
1813.0,1155,0,7.0,10450
1814.0,1155,11,7.6,10428
1815.0,1155,36,7.6,10410
1816.0,1155,35,7.4,10428
1817.1,1155,44,7.2,10438
1818.1,1155,0,7.6,10328
1819.2,1155,35,7.7,10342
1820.2,1155,0,8.0,10394
1821.2,1155,24,7.4,10416
1822.3,1155,20,7.0,10420
1823.3,1151,0,6.7,10428
1824.3,1151,0,6.9,10429
1825.3,1151,9,7.6,10400
1826.4,1151,38,7.8,10423
1827.4,1151,0,7.7,10436
1828.4,1151,0,7.5,10442
1829.4,1151,0,7.3,10424
1830.5,1151,38,7.7,10436
1831.5,1151,43,8.2,10381
1832.5,1151,0,7.2,10382
1833.6,1151,47,7.2,10401
1834.6,1151,5,6.9,10370
1835.6,1151,0,6.9,10388
1836.6,1150,0,7.7,10400
1837.7,1150,22,7.3,10400
1838.7,1150,0,7.0,10308
1839.7,1150,7,7.6,10337
1840.7,1150,0,7.5,10358
1841.8,1150,0,6.7,10383
1842.8,1150,59,6.7,10369
1843.8,1150,0,6.0,10370
1844.8,1150,0,6.6,10410
1845.9,1150,21,6.6,10410
1846.9,1150,32,7.3,10423
1847.9,1150,0,6.8,10412
1848.9,1150,46,5.8,10411
1849.9,1150,0,5.5,10427
1851.0,1150,65,5.4,10425
1852.0,1150,0,7.0,10436
1853.0,1150,0,7.1,10304
1854.0,1150,20,6.5,10369
1855.1,1150,0,7.3,10389
1856.1,1150,20,6.5,10403
1857.1,1150,0,6.9,10436
1858.1,1150,0,6.8,10459
1859.2,1150,21,6.4,10465
1860.2,1150,0,7.2,10475
1861.2,1156,0,7.4,10516
1862.2,1156,20,7.0,10493
1863.3,1154,0,7.5,10486
1864.3,1154,0,7.2,10495
1865.3,1154,21,6.6,10490
1866.3,1150,0,7.0,10499
1867.4,1150,0,7.2,10478
1868.4,1150,21,6.8,10449
1869.4,1150,0,7.1,10370
1870.4,1150,0,7.5,10397
1871.5,1150,20,6.3,10417
1872.5,1150,0,6.5,10429
1873.5,1150,0,5.5,10443
1874.5,1150,20,6.4,10448
1875.6,1150,0,5.4,10453
1876.6,1150,45,4.8,10449
1877.6,1150,19,4.3,10462
1878.6,1150,0,4.3,10467
1879.6,1150,0,4.7,10489
1880.7,1150,19,4.4,10494
1881.7,1150,0,4.8,10503
1882.7,1150,0,5.2,10495
1883.7,1150,17,5.2,10373
1884.8,1150,0,5.3,10429
1885.8,1150,0,4.7,10454
1886.8,1151,1,5.8,10488
1887.8,1151,0,4.3,10490
1888.9,1150,0,5.1,10501
1889.9,1150,26,4.3,10517
1890.9,1150,22,5.0,10497
1891.9,1150,44,4.5,10513
1893.0,1150,27,7.3,10510
1894.0,1150,26,7.5,10516
1895.0,1150,38,9.0,10532
1896.0,1150,13,7.6,10557
1897.1,1150,13,8.8,10571
1898.1,1150,26,7.4,10593
1899.1,1150,27,8.7,10593
1900.2,1150,32,9.7,10580
1901.2,1150,50,9.1,10616
1902.2,1150,15,7.7,10622
1903.2,1150,47,7.9,10612
1904.3,1150,26,7.9,10594
1905.3,1150,22,7.6,10592
1906.3,1150,8,7.6,10589
1907.3,1150,52,6.7,10615
1908.4,1153,15,8.9,10595
1909.4,1155,5,7.8,10521
1910.4,1155,12,7.5,10592
1911.4,1154,13,7.4,10605
1912.5,1146,64,7.6,10622
1913.5,1146,2,7.5,10618
1914.5,1142,4,7.8,10663
1915.5,1142,5,7.8,10678
1916.6,1142,5,7.4,10695
1917.6,1121,44,8.7,10700
1918.6,1115,0,7.3,10713
1919.6,1115,0,7.5,10713
1920.6,1115,3,7.6,10706
1921.7,1115,5,7.1,10642
1922.7,1115,0,7.1,10668
1923.7,1112,5,7.0,10686
1924.7,1112,0,6.4,10716
1925.8,1107,0,7.5,10748
1926.8,1090,2,8.0,10766
1927.8,1090,0,7.6,10773
1928.8,1090,0,5.7,10821
1929.8,1090,0,5.2,10802
1930.9,1090,0,6.1,10805
1931.9,1090,0,5.7,10792
1932.9,1086,0,5.6,10787
1933.9,1086,0,4.7,10775
1934.9,1086,0,4.7,10617
1936.0,1086,0,5.3,10666
1937.0,1086,0,6.4,10783
1938.0,1086,0,6.6,10743
1939.0,1086,0,5.6,10763
1940.1,1086,0,6.6,10778
1941.1,1086,0,4.8,10792
1942.1,1091,92,5.1,10784
1943.1,1091,0,6.5,10791
1944.2,1094,7,7.0,10788
1945.2,1093,10,7.2,10775
1946.2,1098,75,7.4,10789
1947.2,1098,0,7.1,10787
1948.2,1097,0,7.2,10769
1949.3,1083,0,6.6,10778
1950.3,1083,0,5.8,10781
1951.3,1083,0,5.6,10711
1952.3,1074,0,6.9,10759
1953.4,1091,51,6.7,10792
1954.4,1091,13,7.5,10801
1955.4,1088,13,6.6,10810
1956.5,1087,24,7.3,10817
1957.5,1088,0,7.3,10809
1958.5,1114,0,8.6,10828
1959.5,1111,9,8.4,10838
1960.6,1083,0,8.2,10860
1961.6,1079,18,6.8,10857
1962.6,1111,29,9.8,10811
1963.6,1117,7,7.7,10843
1964.7,1118,14,7.8,10848
1965.7,1103,11,8.9,10878
1966.7,1089,10,7.1,10872
1967.7,1087,0,7.5,10872
1968.7,1088,10,5.4,10881
1969.8,1075,0,5.5,10898
1970.8,1074,0,5.9,10910
1971.8,1053,4,6.5,10901
1972.8,1076,4,8.4,10898
1973.8,1073,0,6.6,10895
1974.9,1072,0,6.2,10884
1975.9,1072,0,7.2,10885
1976.9,1072,0,6.7,10890
1977.9,1072,0,5.6,10840
1979.0,1052,0,7.4,10974
1980.0,1058,0,9.3,11017
1981.0,1058,14,7.4,11021
1982.0,1057,0,7.9,10991
1983.0,1066,24,8.7,10955
1984.1,1066,26,7.9,10966
1985.1,1066,29,8.9,10984
1986.1,1066,0,8.6,10958
1987.1,1066,17,8.2,10972
1988.1,1066,0,8.2,10982
1989.2,1072,0,9.4,10882
1990.2,1072,16,9.4,10903
1991.2,1071,0,7.7,10913
1992.2,1071,0,7.9,10934
1993.3,1072,11,9.0,10949
1994.3,1067,2,8.8,10859
1995.3,1096,27,8.0,10896
1996.3,1096,27,7.4,10881
1997.3,1095,0,7.8,10900
1998.4,1137,10,7.7,10911
1999.4,1116,14,9.2,10925
2000.4,1109,13,9.2,10957
2001.4,1091,0,7.9,10957
2002.5,1090,0,7.4,10974
2003.5,1088,3,7.0,10951
2004.5,1088,0,7.1,10957
2005.5,1065,0,7.1,10979
2006.6,1057,3,7.4,10927
2007.6,1057,0,7.7,10952
2008.6,1057,0,7.2,10947
2009.6,1057,3,7.3,10976
2010.6,1057,0,7.2,10980
2011.7,1057,0,7.5,10957
2012.7,1057,3,6.5,10977
2013.7,1057,0,5.9,10974
2014.7,1057,0,6.3,10985
2015.8,1057,3,6.9,11030
2016.8,1057,0,6.9,11045
2017.8,1057,0,6.8,10920
2018.8,1057,3,6.7,10967
2019.9,1054,0,6.5,10999
2020.9,1054,0,5.6,11010
2021.9,1054,3,5.9,11020
2022.9,1054,0,5.8,11026
2024.0,1054,0,5.1,11048
2025.0,1054,3,5.0,11033
2026.0,1054,0,6.6,11046
2027.0,1054,0,6.5,11043
2028.1,1054,3,6.4,11060
2029.1,1054,0,6.2,11069
2030.1,1054,3,5.5,11034
2031.1,1059,43,6.0,11051
2032.2,1062,0,6.9,11049
2033.2,1058,1,5.7,11070
2034.2,1058,0,5.6,11028
2035.2,1058,0,5.3,11040
2036.2,1057,1,5.0,11050
2037.3,1054,0,5.3,11050
2038.3,1054,0,5.0,11089
2039.3,1061,1,5.8,11103
2040.4,1061,0,5.0,11113
2041.4,1060,0,5.8,11123
2042.4,1060,21,5.5,11116
2043.4,1060,8,5.5,11114
2044.5,1054,6,5.5,11114
2045.5,1054,0,5.0,11138
2046.5,1054,0,4.8,11090
2047.6,1054,28,5.1,11090
2048.6,1054,0,4.6,11074
2049.6,1054,0,5.5,11005
2050.6,1054,0,4.8,11119
2051.7,1054,0,5.5,11125
2052.7,1054,0,7.0,11170
2053.7,1054,0,6.0,11136
2054.7,1054,0,7.0,11117
2055.8,1054,0,7.6,11089
2056.8,1054,0,7.8,11094
2057.8,1054,0,7.2,11100
2058.8,1054,0,7.4,11103
2059.9,1054,0,6.9,11126
2060.9,1054,0,6.2,11109
2061.9,1054,0,6.6,11118
2062.9,1054,0,4.9,11127
2063.9,1053,0,5.7,11087
2065.0,1053,0,5.1,11104
2066.0,1053,0,4.9,11088
2067.0,1053,0,5.0,11125
2068.0,1053,10,5.7,11137
2069.1,1053,0,5.9,11134
2070.1,1053,0,6.5,11136
2071.1,1053,0,6.9,11124
2072.1,1053,0,7.2,11123
2073.1,1053,10,6.9,11140
2074.2,1053,0,5.7,11151
2075.2,1053,0,6.5,11157
2076.2,1053,18,5.3,11140
2077.2,1053,0,6.2,11143
2078.3,1053,0,6.9,11158
2079.3,1053,20,7.4,11165
2080.3,1053,0,6.9,11170
2081.3,1053,0,6.9,11178
2082.3,1053,20,6.9,11201
2083.4,1053,0,6.8,11238
2084.4,1053,0,6.5,11230
2085.4,1053,20,6.2,11231
2086.4,1053,0,5.9,11092
2087.5,1053,0,6.5,11149
2088.5,1053,20,5.8,11170
2089.5,1053,0,5.0,11188
2090.5,1053,0,5.1,11209
2091.6,1053,0,5.4,11192
2092.6,1053,0,5.6,11178
2093.6,1053,0,5.3,11188
2094.6,1053,0,4.3,11219
2095.7,1053,0,5.1,11222
2096.7,1053,0,5.1,11236
2097.7,1053,33,5.7,11233
2098.7,1053,0,4.9,11229
2099.7,1053,0,4.6,11232
2100.8,1053,0,5.5,11237
2101.8,1053,0,5.7,11159
2102.8,1053,0,4.8,11216
2103.8,1053,0,5.2,11241
2104.8,1053,0,5.3,11265
2105.9,1053,0,4.9,11265
2106.9,1053,0,5.6,11297
2107.9,1053,0,5.3,11297
2108.9,1053,0,6.7,11283
2109.9,1053,0,5.2,11271
2111.0,1053,0,5.1,11283
2112.0,1053,0,5.3,11267
2113.0,1053,0,5.2,11268
2114.0,1053,0,5.0,11259
2115.1,1053,0,5.2,11152
2116.1,1053,0,5.8,11183
2117.1,1053,0,5.9,11209
2118.1,1053,0,5.0,11212
2119.1,1053,0,5.3,11229
2120.2,1053,0,5.1,11236
2121.2,1053,0,5.1,11241
2122.2,1053,0,5.7,11280
2123.2,1053,0,6.4,11293
2124.2,1022,0,7.0,11295
2125.3,1022,0,5.8,11311
2126.3,1022,0,6.1,11314
2127.3,1022,0,5.8,11299
2128.3,1022,0,6.3,11301
2129.3,1022,0,5.3,11194
2130.4,1022,0,4.9,11227
2131.4,1022,0,7.2,11266
2132.4,1022,0,5.5,11276
2133.4,1022,0,6.1,11273
2134.5,1022,0,4.5,11281
2135.5,1022,0,5.2,11309
2136.5,1022,0,5.4,11310
2137.5,1022,0,4.9,11338
2138.5,1022,0,4.7,11325
2139.6,1022,0,5.3,11331
2140.6,1022,0,4.8,11350
2141.6,1022,0,5.3,11355
2142.6,1022,0,4.8,11345
2143.6,1022,0,5.1,11344
2144.7,1022,0,4.8,11346
2145.7,1022,0,5.5,11258
2146.7,1022,0,4.8,11294
2147.7,1022,0,5.3,11325
2148.8,1022,0,5.9,11336
2149.8,1022,0,5.4,11357
2150.8,1022,0,4.5,11387
2151.8,1022,0,5.5,11396
2152.8,1022,0,4.9,11405
2153.9,1022,0,5.2,11427
2154.9,1022,0,4.5,11416
2155.9,1022,0,5.6,11416
2156.9,1022,0,5.0,11430
2158.0,1022,0,5.2,11428
2159.0,1022,0,5.0,11515
2160.0,1022,0,5.5,11496
2161.0,1022,0,4.9,11502
2162.0,1022,0,5.8,11513
2163.1,1022,0,4.9,11475
2164.1,1022,0,5.7,11479
2165.1,1022,0,5.1,11505
2166.1,1022,0,5.7,11462
2167.1,1022,0,5.4,11453
2168.2,1022,0,4.9,11456
2169.2,1022,0,4.6,11446
2170.2,1022,0,4.2,11451
2171.2,1022,0,5.0,11442
2172.3,1022,0,5.0,11448
2173.3,1022,0,5.0,11438
2174.3,1022,0,5.4,11438
2175.3,1022,0,6.3,11364
2176.3,1022,0,5.9,11392
2177.4,1022,0,5.5,11404
2178.4,1022,0,6.7,11416
2179.4,1022,0,4.8,11402
2180.4,1022,0,5.8,11384
2181.5,1022,0,5.1,11410
2182.5,1022,0,5.2,11414
2183.5,1022,0,5.9,11429
2184.5,1036,0,6.4,11436
2185.5,1036,0,5.5,11442
2186.6,1035,0,6.0,11437
2187.6,1035,0,5.5,11430
2188.6,1035,0,6.0,11443
2189.6,1023,0,6.7,11471
2190.7,1023,0,6.6,11463
2191.7,1023,0,7.6,11466
2192.7,1023,0,6.9,11445
2193.7,1023,0,7.5,11414
2194.7,1023,0,7.5,11452
2195.8,1023,0,7.2,11431
2196.8,1023,0,7.6,11445
2197.8,1023,0,7.1,11453
2198.8,1023,0,6.9,11434
2199.8,1023,0,7.4,11434
2200.9,1023,0,7.0,11442
2201.9,1023,0,7.4,11458
2202.9,1023,0,6.6,11466
2203.9,1023,0,7.1,11485
2205.0,1023,0,7.0,11519
2206.0,1023,0,7.8,11448
2207.0,1023,0,6.9,11481
2208.0,1023,0,7.3,11520
2209.0,1023,0,7.1,11533
2210.1,1023,0,7.6,11538
2211.1,1023,0,7.5,11557
2212.1,1023,0,7.5,11582
2213.1,1023,0,7.0,11605
2214.1,1023,0,7.1,11651
2215.2,1023,0,8.4,11643
2216.2,1023,0,7.4,11649
2217.2,1023,0,7.2,11548
2218.2,1023,0,5.4,11614
2219.3,1023,0,5.3,11629
2220.3,1023,0,8.9,11635
2221.3,1023,80,7.2,11615
2222.3,1023,82,9.0,11626
2223.3,1023,0,7.3,11640
2224.4,1023,0,8.1,11670
2225.4,1023,18,7.3,11672
2226.4,1023,0,5.7,11687
2227.4,1023,0,5.5,11704
2228.5,1023,0,4.4,11718
2229.5,1023,0,4.7,11693
2230.5,1023,0,5.8,11699
2231.5,1023,0,4.4,11706
2232.5,1023,0,4.7,11600
2233.6,1023,0,3.7,11639
2234.6,1023,0,3.1,11633
2235.6,1023,0,3.3,11653
2236.6,1023,0,3.8,11658
2237.7,1023,0,3.0,11657
2238.7,1023,0,3.6,11685
2239.7,1023,0,2.7,11690
2240.7,1023,0,3.3,11690
2241.7,1023,0,3.2,11675
2242.8,1023,0,3.1,11699
2243.8,1023,0,3.0,11674
2244.8,1023,0,4.0,11695
2245.8,1035,0,3.5,11714
2246.9,1035,14,4.1,11728
2247.9,1034,0,4.5,11663
2248.9,1034,0,4.6,11658
2249.9,1034,9,3.6,11681
2250.9,1023,0,3.6,11699
2252.0,1023,0,3.5,11711
2253.0,1023,0,3.8,11725
2254.0,1023,17,3.5,11733
2255.0,1023,0,3.8,11750
2256.1,1023,0,3.6,11741
2257.1,1023,11,4.2,11740
2258.1,1023,45,3.8,11746
2259.1,1023,44,3.2,11750
2260.2,1023,0,3.4,11753
2261.2,1023,43,3.6,11765
2262.2,1023,32,4.1,11755
2263.2,1023,0,3.9,11737
2264.3,1023,55,4.1,11736
2265.3,1023,18,3.7,11682
2266.3,1023,35,3.5,11712
2267.3,1023,40,3.9,11737
2268.4,1023,0,4.0,11758
2269.4,1023,61,3.6,11771
2270.4,1023,0,4.3,11780
2271.5,1023,41,4.0,11771
2272.5,1023,0,3.3,11781
2273.5,1023,0,4.0,11800
2274.6,1024,12,3.3,11848
2275.6,1024,0,3.6,11848
2276.6,1024,0,3.9,11839
2277.7,1024,0,4.0,11736
2278.7,1024,22,4.2,11855
2279.7,1024,0,3.7,11849
2280.7,1024,19,3.7,11838
2281.8,1029,90,4.8,11858
2282.8,1028,0,4.3,11860
2283.8,1110,46,5.4,11918
2284.8,1102,17,4.0,11901
2285.8,1100,4,5.0,11900
2286.9,1100,3,5.0,11907
2287.9,1100,4,5.0,11927
2288.9,1081,5,5.3,11966
2289.9,1076,5,3.8,11990
2291.0,1076,5,3.2,11985
2292.0,1079,5,4.5,11976
2293.0,1079,0,3.3,12000
2294.0,1079,0,3.6,11972
2295.0,1079,0,3.8,11976
2296.1,1079,0,3.6,11959
2297.1,1079,0,4.0,11980
2298.1,1076,5,3.7,11951
2299.1,1076,5,3.0,11950
2300.2,1080,79,4.2,11942
2301.2,1080,0,3.8,11933
2302.2,1079,0,3.5,11914
2303.2,1079,0,4.0,11911
2304.2,1079,0,4.2,11902
2305.3,1075,4,3.9,11889
2306.3,1075,5,3.6,11900
2307.3,1075,18,3.9,11811
2308.3,1075,18,3.5,11884
2309.3,1075,27,3.8,11882
2310.4,1075,25,3.6,11874
2311.4,1075,27,5.2,11881
2312.4,1075,27,3.7,11899
2313.5,1075,27,4.5,11917
2314.5,1076,0,4.9,11929
2315.5,1076,0,5.3,11949
2316.5,1076,0,3.7,11958
2317.6,1076,0,4.0,11961
2318.6,1076,0,4.3,11983
2319.6,1075,8,4.8,11875
2320.6,1075,9,4.3,12005
2321.7,1075,22,5.0,11988
2322.7,1075,43,5.2,11973
2323.7,1075,27,5.7,11982
2324.7,1075,18,4.9,11991
2325.8,1075,27,4.7,12020
2326.8,1075,27,4.9,12014
2327.8,1075,10,4.8,12021
2328.9,1075,0,4.0,12022
2329.9,1075,0,3.7,12040
2330.9,1075,10,3.6,12040
2331.9,1075,0,3.9,12051
2333.0,1075,0,3.8,12018
2334.0,1076,18,4.1,12028
2335.0,1076,10,4.8,12077
2336.0,1075,11,3.6,12043
2337.1,1075,27,4.3,12035
2338.1,1075,27,3.7,12021
2339.1,1075,0,3.6,12040
2340.1,1075,0,3.9,12048
2341.2,1075,0,3.8,12085
2342.2,1075,21,4.1,12078
2343.2,1075,0,3.5,11978
2344.2,1075,0,3.6,12009
2345.3,1075,21,4.0,12032
2346.3,1075,21,3.6,12027
2347.3,1075,22,4.2,12038
2348.3,1075,34,4.0,12061
2349.4,1075,0,4.0,12065
2350.4,1075,0,6.3,12045
2351.4,1075,0,5.2,12054
2352.4,1075,0,4.0,12054
2353.5,1075,0,3.5,12062
2354.5,1075,0,3.8,12061
2355.5,1075,0,3.5,12052
2356.5,1075,0,3.9,12051
2357.6,1075,0,4.0,12060
2358.6,1075,9,3.9,12088
2359.6,1075,13,4.3,12074
2360.6,1075,18,4.4,12091
2361.7,1075,28,3.6,12092
2362.7,1075,22,3.7,12034
2363.7,1075,0,3.7,12015
2364.7,1075,26,4.1,12006
2365.8,1075,0,4.6,12057
2366.8,1075,26,4.0,12045
2367.8,1075,26,4.7,12098
2368.9,1075,39,4.5,12063
2369.9,1075,61,4.5,12084
2370.9,1075,55,5.2,12099
2371.9,1075,17,4.2,12089
2373.0,1075,40,5.2,12105
2374.0,1075,17,5.0,12034
2375.0,1075,18,6.4,12070
2376.1,1075,44,4.6,12080
2377.1,1075,29,5.0,12095
2378.1,1075,27,4.6,12097
2379.1,1075,27,4.3,12081
2380.2,1075,26,3.7,12093
2381.2,1075,26,4.0,12092
2382.2,1075,27,4.0,12074
2383.2,1075,38,3.8,12074
2384.3,1075,16,3.8,12079
2385.3,1075,20,3.5,12091
2386.3,1075,66,3.5,12096
2387.3,1075,27,4.0,12105
2388.4,1075,25,3.9,12116
2389.4,1075,41,3.9,12107
2390.4,1075,27,3.7,12107
2391.4,1075,0,4.7,12063
2392.5,1075,0,4.9,12098
2393.5,1075,9,5.3,12111
2394.5,1075,22,4.9,12156
2395.5,1075,49,4.8,12155
2396.6,1075,1,4.7,12160
2397.6,1075,0,5.2,12179
2398.6,1075,0,4.8,12177
2399.6,1075,0,4.8,12150
2400.6,1075,0,4.8,12167
2401.7,1075,0,4.1,12152
2402.7,1075,0,5.1,12158
2403.7,1075,0,4.7,12148
2404.7,1075,0,5.1,12028
2405.8,1075,0,4.3,12065
2406.8,1075,0,4.0,12070
2407.8,1075,0,3.9,12080
2408.8,1075,0,3.5,12089
2409.9,1075,0,3.1,12093
2410.9,1075,0,3.9,12128
2411.9,1075,0,3.4,12124
2413.0,1075,0,3.7,12122
2414.0,1075,0,5.0,12143
2415.0,1075,0,4.4,12134
2416.0,1075,0,4.3,12105
2417.0,1075,0,4.4,12092
2418.1,1075,0,3.0,12094
2419.1,1075,0,4.1,12101
2420.1,1075,0,4.0,12114
2421.1,1075,0,3.6,12116
2422.1,1075,0,3.6,12125
2423.2,1075,0,3.4,12049
2424.2,1075,0,3.6,12061
2425.2,1075,0,3.4,12076
2426.2,1075,0,3.5,12107
2427.2,1075,0,3.1,12123
2428.3,1075,0,3.4,12088
2429.3,1075,0,3.4,12103
2430.3,1075,0,3.6,12132
2431.3,1075,0,3.5,12114
2432.3,1075,0,3.3,12124
2433.4,1075,0,3.6,12118
2434.4,1075,0,3.2,12116
2435.4,1075,0,3.8,12133
2436.4,1075,0,3.4,12137
2437.4,1075,0,3.3,12128
2438.5,1075,0,3.2,12127
2439.5,1075,0,3.1,12120
2440.5,1075,0,3.4,12098
2441.5,1075,0,3.4,12044
2442.6,1075,0,3.3,12073
2443.6,1075,0,3.5,12111
2444.6,1075,0,4.0,12093
2445.6,1075,0,3.6,12110
2446.6,1075,0,3.4,12115
2447.7,1075,0,3.3,12121
2448.7,1075,0,3.3,12146
2449.7,1075,0,3.1,12151
2450.7,1075,0,3.4,12154
2451.7,1075,0,3.2,12173
2452.8,1075,0,3.4,12167
2453.8,1071,0,3.3,12190
2454.8,1071,0,4.0,12196
2455.8,1071,0,3.5,12187
2456.8,1071,0,2.8,12200
2457.9,1071,0,3.0,12179
2458.9,1071,0,3.3,12183
2459.9,1071,0,3.6,12177
2460.9,1071,0,3.7,12159
2461.9,1071,0,3.4,12166
2463.0,1071,0,3.4,12177
2464.0,1071,0,3.6,12186
2465.0,1071,0,4.5,12215
2466.0,1071,0,3.3,12231
2467.0,1071,0,3.0,12234
2468.1,1071,0,3.4,12214
2469.1,1071,0,3.1,12221
2470.1,1071,0,3.4,12222
2471.1,1071,0,3.4,12228
2472.1,1071,0,3.5,12235
2473.2,1071,0,4.1,12084
2474.2,1071,0,4.1,12124
2475.2,1071,0,3.9,12136
2476.2,1071,0,4.0,12155
2477.2,1071,0,4.2,12170
2478.3,1071,0,4.2,12176
2479.3,1071,0,3.8,12167
2480.3,1071,0,4.3,12172
2481.3,1071,0,3.7,12186
2482.3,1071,0,3.6,12201
2483.4,1071,0,3.2,12222
2484.4,1071,0,3.2,12229
2485.4,1071,0,3.3,12227
2486.4,1071,0,2.7,12211
2487.4,1071,0,3.9,12206
2488.5,1071,0,3.9,12228
2489.5,1071,0,3.8,12236
2490.5,1071,8,4.1,12251
2491.5,1071,0,4.3,12138
2492.6,1071,46,4.7,12153
2493.6,1071,0,4.4,12152
2494.6,1071,0,3.4,12194
2495.6,1071,0,3.4,12187
2496.6,1071,0,3.3,12213
2497.7,1071,0,3.6,12221
2498.7,1071,0,3.6,12246
2499.7,1071,0,3.3,12258
2500.7,1071,0,4.4,12249
2501.8,1071,0,3.6,12247
2502.8,1071,0,3.6,12236
2503.8,1071,0,3.3,12249
2504.8,1071,0,3.1,12233
2505.8,1071,0,4.2,12222
2506.9,1071,0,3.4,12221
2507.9,1071,0,3.3,12115
2508.9,1071,0,3.4,12175
2509.9,1071,0,3.3,12215
2510.9,1071,0,4.5,12223
2512.0,1071,0,3.6,12235
2513.0,1071,0,3.6,12252
2514.0,1071,0,3.5,12284
2515.0,1071,0,3.5,12266
2516.0,1071,0,3.5,12270
2517.1,1071,0,3.4,12268
2518.1,1071,0,4.0,12254
2519.1,1071,0,3.1,12267
2520.1,1071,0,3.9,12272
2521.2,1071,0,3.2,12284
2522.2,1071,0,3.2,12269
2523.2,1071,0,3.5,12166
2524.2,1071,0,3.9,12199
2525.2,1071,0,3.8,12227
2526.3,1071,0,3.7,12252
2527.3,1071,0,3.9,12270
2528.3,1071,0,3.6,12261
2529.3,1071,0,3.7,12264
2530.4,1071,0,3.7,12283
2531.4,1071,0,3.7,12284
2532.4,1071,0,3.6,12286
2533.4,1071,0,3.4,12288
2534.4,1071,0,4.1,12260
2535.5,1071,0,3.5,12260
2536.5,1071,0,4.5,12291
2537.5,1071,0,3.6,12275
2538.5,1071,0,3.4,12257
2539.5,1071,0,3.6,12238
2540.6,1071,0,3.8,12227
2541.6,1071,0,3.5,12228
2542.6,1071,0,3.1,12220
2543.6,1071,0,3.5,12237
2544.7,1072,0,3.1,12214
2545.7,1072,0,4.0,12232
2546.7,1072,0,3.8,12230
2547.7,1072,0,3.6,12247
2548.7,1072,0,3.4,12270
2549.8,1072,0,3.2,12265
2550.8,1072,0,3.0,12243
2551.8,1072,0,4.1,12254
2552.8,1072,0,3.4,12284
2553.8,1072,0,3.4,12196
2554.9,1072,0,4.3,12222
2555.9,1072,0,3.7,12250
2556.9,1072,0,3.8,12276
2557.9,1072,0,4.0,12252
2558.9,1072,0,3.7,12289
2560.0,1072,0,3.7,12284
2561.0,1072,0,3.5,12273
2562.0,1072,0,3.4,12290
2563.0,1072,0,3.4,12293
2564.0,1072,0,4.0,12287
2565.1,1072,0,3.6,12298
2566.1,1072,0,3.5,12286
2567.1,1072,0,3.9,12290
2568.1,1072,0,4.3,12305
2569.1,1072,0,3.3,12184
2570.2,1072,0,3.4,12236
2571.2,1072,0,3.3,12257
2572.2,1072,0,3.3,12255
2573.2,1072,0,3.3,12257
2574.3,1072,0,3.6,12297
2575.3,1072,0,3.4,12320
2576.3,1072,0,3.1,12302
2577.3,1072,0,3.2,12304
2578.3,1072,0,3.5,12298
2579.4,1072,0,3.7,12318
2580.4,1072,0,3.7,12337
2581.4,1072,0,3.7,12324
2582.4,1072,0,3.5,12303
2583.4,1072,0,3.5,12318
2584.4,999,100,4.9,12316
2585.5,1005,0,4.4,12341
2586.5,1034,0,6.0,12410
2587.5,1009,1,4.7,12418
2588.5,1001,62,4.9,12395
2589.6,984,0,6.3,12440
2590.6,983,0,5.4,12468
2591.6,982,0,4.8,12449
2592.6,957,0,5.2,12426
2593.7,951,0,4.8,12423
2594.7,950,0,3.7,12414
2595.7,950,0,3.2,12385
2596.7,950,0,5.5,12365
2597.7,950,0,4.5,12298
2598.8,950,0,7.1,12334
2599.8,950,0,4.9,12333
2600.8,950,0,6.3,12357
2601.9,950,0,3.4,12367
2602.9,950,0,3.4,12372
2603.9,950,0,3.7,12390
2604.9,950,0,3.1,12403
2605.9,950,0,3.2,12379
2607.0,950,0,3.4,12375
2608.0,950,0,3.7,12380
2609.0,950,0,3.3,12369
2610.0,950,0,3.5,12369
2611.1,950,0,3.5,12366
2612.1,950,0,3.3,12363
2613.1,950,0,3.8,12372
2614.1,950,0,3.4,12377
2615.1,950,0,2.8,12358
2616.2,950,0,3.7,12368
2617.2,950,0,3.5,12266
2618.2,950,0,3.9,12331
2619.2,950,0,3.7,12327
2620.3,950,0,3.5,12353
2621.3,950,0,3.4,12375
2622.3,950,0,3.1,12370
2623.3,950,0,3.2,12370
2624.3,950,0,3.2,12364
2625.4,950,0,3.3,12357
2626.4,950,0,3.5,12382
2627.4,950,0,3.5,12379
2628.4,950,0,4.0,12376
2629.4,950,0,3.6,12349
2630.5,950,0,3.5,12369
2631.5,950,0,3.4,12368
2632.5,950,0,3.6,12348
2633.5,950,0,3.1,12352
2634.5,950,0,3.7,12369
2635.6,950,0,3.3,12303
2636.6,950,0,3.6,12341
2637.6,950,0,3.4,12356
2638.6,950,0,3.5,12354
2639.6,950,0,3.4,12375
2640.7,950,0,3.7,12389
2641.7,950,0,4.8,12392
2642.7,950,0,4.2,12418
2643.7,950,0,3.3,12396
2644.8,950,0,3.0,12422
2645.8,950,0,3.4,12408
2646.8,950,0,3.6,12389
2647.8,950,0,3.4,12416
2648.8,950,0,3.0,12423
2649.9,950,0,3.4,12420
2650.9,950,0,3.3,12423
2651.9,950,0,3.5,12353
2652.9,950,0,3.8,12429
2653.9,950,0,3.1,12426
2655.0,950,0,3.3,12408
2656.0,950,0,4.5,12433
2657.0,950,0,3.3,12398
2658.0,950,0,3.3,12396
2659.0,950,0,3.7,12392
2660.1,950,0,3.2,12411
2661.1,950,0,3.4,12420
2662.1,950,0,3.4,12412
2663.1,950,0,3.4,12402
2664.1,949,0,3.7,12415
2665.2,949,0,4.2,12433
2666.2,949,0,2.8,12425
2667.2,949,0,3.3,12430
2668.2,949,0,3.4,12418
2669.3,949,0,3.8,12336
2670.3,949,0,4.0,12370
2671.3,949,0,3.8,12391
2672.3,949,0,3.3,12399
2673.3,949,0,3.6,12421
2674.4,949,0,3.2,12415
2675.4,949,0,3.5,12400
2676.4,949,0,3.6,12420
2677.4,949,0,4.6,12408
2678.4,949,0,5.9,12433
2679.5,949,0,5.5,12408
2680.5,949,0,3.8,12431
2681.5,949,0,4.5,12448
2682.5,949,0,3.4,12413
2683.6,949,0,3.5,12428
2684.6,949,0,4.5,12413
2685.6,949,0,3.3,12417
2686.6,949,0,3.8,12370
2687.6,949,0,3.9,12406
2688.7,949,0,3.5,12388
2689.7,949,0,3.2,12429
2690.7,949,0,4.6,12425
2691.7,949,0,4.1,12443
2692.7,949,0,3.8,12436
2693.8,949,0,4.3,12475
2694.8,949,0,3.9,12465
2695.8,949,0,3.9,12490
2696.8,949,0,3.7,12513
2697.8,949,0,3.6,12354
2698.9,949,0,4.8,12403
2699.9,949,0,3.8,12425
2700.9,949,0,4.0,12441
2701.9,949,0,3.7,12466
2703.0,949,0,3.3,12475
2704.0,949,0,3.4,12495
2705.0,949,0,3.6,12509
2706.0,949,0,3.7,12496
2707.0,949,0,3.4,12475
2708.1,949,0,3.4,12499
2709.1,949,0,3.2,12494
2710.1,949,0,3.2,12538
2711.1,949,0,4.2,12557
2712.2,949,0,3.7,12550
2713.2,949,0,3.4,12419
2714.2,949,0,3.5,12458
2715.2,949,0,4.1,12458
2716.2,949,0,3.1,12459
2717.3,949,0,3.0,12488
2718.3,949,0,3.1,12506
2719.3,949,0,2.8,12510
2720.3,949,0,3.3,12516
2721.4,949,0,3.7,12519
2722.4,949,0,3.4,12512
2723.4,949,0,3.3,12519
2724.4,949,0,3.3,12529
2725.4,949,0,3.1,12501
2726.5,949,0,3.4,12521
2727.5,949,0,3.5,12520
2728.5,949,0,3.3,12527
2729.5,949,0,3.6,12535
2730.5,949,0,3.4,12421
2731.6,949,0,3.3,12448
2732.6,949,0,3.7,12464
2733.6,949,0,3.9,12476
2734.6,949,0,3.7,12502
2735.6,949,0,3.5,12499
2736.7,949,0,3.8,12506
2737.7,949,0,3.6,12500
2738.7,949,0,3.6,12506
2739.7,949,0,2.8,12496
2740.8,949,0,3.2,12511
2741.8,949,0,3.5,12503
2742.8,949,0,3.3,12527
2743.8,949,0,3.2,12526
2744.8,949,0,3.9,12544
2745.9,949,0,3.7,12565
2746.9,949,0,3.2,12460
2747.9,949,0,3.6,12473
2748.9,949,0,3.1,12496
2749.9,949,0,3.1,12521
2751.0,949,0,3.5,12505
2752.0,949,0,3.2,12508
2753.0,949,0,4.0,12506
2754.0,949,0,3.4,12560
2755.0,949,0,4.3,12553
2756.1,949,0,3.0,12566
2757.1,949,0,2.7,12594
2758.1,949,0,3.0,12586
2759.1,949,0,3.1,12599
2760.1,949,0,2.9,12591
2761.2,949,0,3.1,12509
2762.2,949,0,3.6,12607
2763.2,959,0,3.9,12590
2764.2,959,0,3.0,12586
2765.2,958,0,3.2,12615
2766.3,958,0,3.4,12603
2767.3,958,0,3.6,12606
2768.3,949,0,3.6,12611
2769.3,949,0,3.7,12598
2770.4,949,0,3.3,12614
2771.4,949,0,3.4,12625
2772.4,949,0,3.7,12613
2773.4,949,0,3.7,12613
2774.4,949,0,3.5,12601
2775.5,949,0,3.6,12606
2776.5,949,0,3.3,12592
2777.5,932,0,3.8,12611
2778.5,932,0,3.5,12489
2779.5,932,0,3.6,12515
2780.6,932,0,3.9,12536
2781.6,932,0,3.8,12557
2782.6,932,0,3.3,12547
2783.6,932,0,4.2,12561
2784.7,933,0,3.3,12557
2785.7,933,0,3.6,12578
2786.7,933,0,3.6,12559
2787.7,933,0,3.9,12587
2788.7,933,0,3.3,12580
2789.8,933,0,3.2,12576
2790.8,933,0,3.2,12581
2791.8,933,0,3.5,12619
2792.8,933,0,3.7,12623
2793.8,933,0,3.2,12612
2794.9,933,0,2.7,12530
2795.9,933,0,3.7,12585
2796.9,933,0,3.1,12610
2797.9,933,0,3.6,12621
2799.0,933,0,3.0,12612
2800.0,933,0,3.4,12622
2801.0,933,0,3.5,12630
2802.0,933,0,3.1,12658
2803.0,933,0,3.7,12657
2804.1,933,0,3.6,12650
2805.1,933,0,3.4,12637
2806.1,933,0,3.9,12641
2807.1,933,0,3.6,12642
2808.1,933,0,3.4,12592
2809.2,933,0,3.9,12572
2810.2,933,0,3.6,12592
2811.2,933,0,3.5,12611
2812.2,933,0,3.3,12644
2813.2,933,0,4.1,12632
2814.3,933,0,3.5,12676
2815.3,933,0,3.7,12680
2816.3,933,0,3.3,12688
2817.3,933,0,3.1,12712
2818.3,933,0,3.4,12705
2819.4,933,0,3.5,12702
2820.4,933,0,3.6,12701
2821.4,933,0,4.1,12603
2822.4,933,0,4.8,12623
2823.5,933,0,3.4,12628
2824.5,933,0,2.9,12633
2825.5,933,0,3.8,12643
2826.5,933,0,3.0,12652
2827.5,933,0,4.2,12642
2828.6,933,0,3.7,12644
2829.6,933,0,3.8,12668
2830.6,933,0,3.2,12666
2831.6,933,0,3.4,12647
2832.6,933,0,3.1,12638
2833.7,933,0,3.7,12666
2834.7,933,0,3.7,12660
2835.7,933,0,3.7,12671
2836.7,933,0,3.8,12681
2837.8,933,0,3.3,12652
2838.8,933,0,3.3,12662
2839.8,933,0,3.8,12668
2840.8,933,0,3.3,12548
2841.8,933,0,4.0,12605
2842.9,933,0,3.6,12617
2843.9,933,0,4.0,12595
2844.9,933,0,3.8,12623
2845.9,933,0,3.3,12615
2847.0,933,0,3.8,12633
2848.0,933,0,4.4,12673
2849.0,933,0,4.0,12671
2850.0,933,0,4.2,12649
2851.0,933,0,3.5,12663
2852.1,933,0,4.0,12638
2853.1,933,0,3.4,12645
2854.1,933,0,3.5,12664
2855.1,933,0,3.7,12665
2856.1,933,0,3.5,12678
2857.2,933,0,3.7,12554
2858.2,933,0,4.0,12646
2859.2,933,0,3.6,12652
2860.2,933,0,3.9,12644
2861.3,933,0,3.8,12640
2862.3,933,0,3.9,12660
2863.3,933,0,3.7,12677
2864.3,933,0,3.7,12690
2865.3,933,0,4.2,12720
2866.4,933,0,4.2,12722
2867.4,933,0,3.9,12729
2868.4,933,0,3.5,12732
2869.4,933,0,4.0,12726
2870.5,933,0,4.3,12715
2871.5,933,0,3.8,12721
2872.5,933,0,4.0,12623
2873.5,933,0,4.0,12609
2874.5,933,0,4.3,12684
2875.6,933,0,4.2,12686
2876.6,933,0,4.1,12694
2877.6,933,0,4.0,12700
2878.6,933,0,3.9,12712
2879.6,933,0,3.6,12710
2880.7,933,0,3.9,12737
2881.7,933,0,3.7,12711
2882.7,933,0,4.1,12714
2883.7,933,0,3.9,12721
2884.7,933,0,3.5,12729
2885.8,933,0,3.8,12735
2886.8,933,0,4.2,12750
2887.8,933,0,3.9,12735
2888.8,938,0,3.8,12709
2889.8,936,0,3.6,12702
2890.9,936,0,4.5,12792
2891.9,916,0,4.2,12783
2892.9,916,0,3.4,12796
2893.9,908,0,3.4,12737
2895.0,908,0,3.5,12745
2896.0,908,0,3.5,12742
2897.0,908,0,3.6,12711
2898.0,908,0,3.3,12698
2899.0,908,0,3.8,12720
2900.1,908,0,3.1,12748
2901.1,908,0,3.7,12757
2902.1,908,0,3.4,12759
2903.1,908,0,3.8,12750
2904.1,908,0,3.8,12756
2905.2,908,0,4.2,12755
2906.2,908,0,3.3,12739
2907.2,908,0,3.5,12734
2908.2,908,0,4.1,12647
2909.2,908,0,3.5,12748
2910.3,908,0,4.0,12742
2911.3,908,0,3.6,12750
2912.3,908,0,3.9,12760
2913.3,908,0,3.9,12752
2914.3,908,0,3.8,12714
2915.4,908,0,3.9,12728
2916.4,908,0,4.2,12739
2917.4,908,0,4.1,12747
2918.4,908,0,3.7,12772
2919.4,908,0,3.4,12790
2920.5,908,0,3.6,12780
2921.5,908,0,3.8,12768
2922.5,908,0,3.9,12784
2923.5,908,0,3.6,12799
2924.6,908,0,3.2,12809
2925.6,908,0,4.5,12808
2926.6,908,0,3.9,12679
2927.6,909,0,3.3,12710
2928.6,908,0,3.6,12722
2929.7,909,0,3.5,12743
2930.7,908,0,4.9,12778
2931.7,908,0,3.3,12764
2932.7,908,0,3.6,12769
2933.7,908,0,4.4,12812
2934.8,908,0,3.1,12806
2935.8,908,0,2.9,12814
2936.8,908,0,3.5,12829
2937.8,908,0,4.1,12828
2938.9,908,0,2.9,12830
2939.9,908,0,3.3,12839
2940.9,908,0,3.4,12827
2941.9,908,0,3.3,12841
2942.9,908,0,3.8,12854
2944.0,908,0,3.0,12846
2945.0,908,0,3.1,12846
2946.0,908,0,3.2,12714
2947.0,908,0,3.3,12768
2948.1,908,0,3.3,12781
2949.1,908,0,3.1,12794
2950.1,908,0,3.8,12812
2951.1,908,0,3.2,12825
2952.1,908,0,2.9,12839
2953.2,908,0,3.5,12865
2954.2,908,0,3.3,12844
2955.2,908,0,3.2,12861
2956.2,908,0,3.1,12840
2957.3,908,0,3.0,12834
2958.3,908,0,3.4,12825
2959.3,908,0,3.8,12862
2960.3,908,0,3.3,12847
2961.3,908,0,3.4,12838
2962.4,908,0,3.6,12848
2963.4,908,0,3.5,12834
2964.4,908,0,3.1,12819
2965.4,908,0,3.8,12814
2966.4,908,0,3.4,12819
2967.5,908,0,3.6,12762
2968.5,908,0,3.2,12786
2969.5,908,0,3.7,12794
2970.5,908,0,3.7,12802
2971.6,908,0,3.1,12831
2972.6,908,0,3.3,12825
2973.6,908,0,3.3,12838
2974.6,908,0,3.5,12840
2975.7,908,0,3.7,12857
2976.7,908,0,3.1,12859
2977.7,908,0,3.2,12847
2978.7,908,0,3.6,12844
2979.7,908,0,3.6,12840
2980.8,908,0,3.3,12854
2981.8,908,0,3.5,12859
2982.8,908,0,3.6,12841
2983.8,908,0,3.5,12866
2984.8,908,0,3.4,12763
2985.9,908,0,4.1,12802
2986.9,908,0,3.3,12803
2987.9,908,0,3.7,12827
2988.9,908,0,3.6,12845
2990.0,908,0,3.7,12835
2991.0,908,0,3.5,12871
2992.0,908,0,3.2,12836
2993.0,908,0,3.4,12867
2994.0,908,0,4.0,12864
2995.1,908,0,3.7,12866
2996.1,908,0,4.4,12875
2997.2,911,11,6.7,12923
2998.3,910,0,4.1,12836
2999.3,910,18,3.8,12877
3000.3,922,9,4.7,12870
3001.3,922,10,4.3,12927
3002.3,921,18,5.5,12937
3003.4,921,0,3.8,12936
3004.4,922,0,3.8,12957
3005.4,980,17,8.7,12957
3006.4,990,32,4.8,12950
3007.4,999,8,3.9,12970
3008.5,998,0,4.1,12941
3009.5,999,0,4.5,12951
3010.5,996,21,4.4,12959
3011.5,997,18,6.4,12963
3012.6,989,0,3.9,12977
3013.6,975,65,4.7,12865
3014.6,975,0,4.0,12938
3015.6,969,0,3.5,12953
3016.6,974,22,4.8,13019
3017.7,973,2,6.2,12993
3018.7,972,0,4.0,12989
3019.7,970,0,3.6,12997
3020.8,970,11,3.6,12983
3021.8,967,0,3.4,12980
3022.8,966,0,4.1,12997
3023.8,966,2,4.2,13026
3024.8,966,0,3.3,13010
3025.9,966,0,3.8,13006
3026.9,966,12,3.6,13000
3027.9,965,0,3.1,12995
3028.9,965,0,3.4,13008
3029.9,966,16,3.9,12950
3031.0,966,0,4.1,12962
3032.0,966,1,4.0,12983
3033.0,966,19,3.4,13005
3034.0,966,0,3.9,13017
3035.1,966,15,3.8,12994
3036.1,966,0,4.2,13020
3037.1,966,0,5.8,13011
3038.1,966,28,4.4,13019
3039.2,966,28,3.8,13018
3040.2,966,0,4.3,13016
3041.2,966,41,4.2,13029
3042.2,966,18,4.4,13036
3043.3,966,29,4.4,12945
3044.3,966,20,4.3,12988
3045.3,966,20,3.8,13004
3046.3,966,21,3.1,13021
3047.4,966,0,3.6,13021
3048.4,966,0,3.2,13055
3049.4,966,21,3.7,13046
3050.4,966,48,4.3,13065
3051.5,966,0,3.5,13058
3052.5,966,28,3.6,13070
3053.5,966,41,3.8,13087
3054.6,966,21,5.0,13100
3055.6,966,0,3.8,13095
3056.6,966,30,3.8,13112
3057.6,966,20,3.8,13111
3058.7,966,48,3.7,12993
3059.7,966,23,4.3,13031
3060.7,966,0,3.9,13038
3061.8,965,14,3.9,13064
3062.8,965,21,3.7,13078
3063.8,965,26,3.7,13067
3064.8,965,0,3.6,13083
3065.9,965,0,3.8,13084
3066.9,961,40,3.8,13076
3067.9,961,42,4.1,13099
3068.9,957,2,4.1,13099
3070.0,957,10,4.7,13095
3071.0,957,21,4.6,13111
3072.0,957,0,4.1,13120
3073.0,957,39,3.9,13015
3074.0,957,41,4.4,13086
3075.1,957,24,4.2,13069
3076.1,957,26,3.9,13096
3077.1,957,21,4.0,13114
3078.1,953,21,3.9,13134
3079.2,953,42,3.7,13135
3080.2,953,0,4.5,13162
3081.2,953,0,4.1,13125
3082.3,953,0,3.0,13121
3083.3,953,0,3.4,13129
3084.3,970,40,4.2,13121
3085.3,970,37,3.9,13142
3086.4,969,0,5.5,13162
3087.4,967,21,3.8,13030
3088.4,967,20,3.7,13070
3089.5,958,38,4.7,13096
3090.5,958,0,4.0,13099
3091.5,958,0,4.0,13114
3092.5,958,1,4.5,13136
3093.5,959,12,4.9,13133
3094.6,959,0,4.0,13126
3095.6,959,0,4.0,13113
3096.6,960,5,4.8,13129
3097.6,960,0,4.0,13127
3098.7,959,9,3.9,13138
3099.7,959,3,4.2,13134
3100.7,959,0,4.2,13136
3101.7,958,20,3.9,13149
3102.8,958,2,5.9,13142
3103.8,958,0,4.3,13159
3104.8,958,0,4.2,13151
3105.8,958,0,4.3,13145
3106.8,959,40,5.2,13092
3107.9,958,1,3.9,13111
3108.9,958,0,4.1,13124
3109.9,958,6,3.8,13130
3110.9,958,0,3.7,13126
3112.0,958,33,3.8,13166
3113.0,976,57,6.7,13182
3114.0,979,39,6.0,13252
3115.1,964,4,4.9,13246
3116.1,961,0,3.6,13257
3117.1,961,37,3.9,13250
3118.1,961,0,4.4,13172
3119.2,949,0,4.0,13187
3120.2,943,2,4.7,13228
3121.2,943,0,4.5,13212
3122.2,943,5,3.9,13209
3123.3,943,3,4.5,13226
3124.3,943,0,3.8,13234
3125.3,943,0,4.4,13228
3126.3,943,30,3.9,13229
3127.3,943,0,5.1,13237
3128.4,943,27,4.1,13254
3129.4,943,26,4.0,13272
3130.4,943,26,4.2,13306
3131.4,943,27,4.0,13295
3132.5,943,21,4.2,13285
3133.5,943,27,4.3,13279
3134.5,943,26,4.0,13274
3135.6,943,38,4.3,13232
3136.6,953,18,4.9,13254
3137.6,953,22,4.9,13260
3138.6,952,59,4.7,13314
3139.6,952,13,4.0,13277
3140.7,952,9,4.5,13315
3141.7,943,26,4.1,13275
3142.7,943,27,4.5,13274
3143.8,943,25,4.9,13276
3144.8,943,25,4.0,13274
3145.8,943,25,4.3,13265
3146.8,943,15,4.5,13271
3147.8,943,24,4.8,13283
3148.9,943,24,4.9,13268
3149.9,943,37,5.2,13284
3150.9,943,14,4.6,13306
3152.0,943,18,4.3,13305
3153.0,943,25,5.0,13324
3154.0,943,25,4.8,13345
3155.0,943,45,4.5,13201
3156.1,943,46,4.7,13244
3157.1,943,28,5.3,13310
3158.1,943,27,4.5,13310
3159.1,943,0,4.6,13332
3160.2,943,11,4.6,13322
3161.2,943,49,4.7,13340
3162.3,943,34,4.4,13360
3163.3,943,54,4.6,13350
3164.3,943,46,4.7,13365
3165.3,943,27,5.0,13371
3166.4,943,26,5.1,13377
3167.4,943,48,4.9,13385
3168.4,943,58,4.7,13353
3169.4,943,25,4.6,13342
3170.5,943,24,5.6,13345
3171.5,943,0,4.7,13324
3172.5,943,16,4.8,13292
3173.6,943,17,4.7,13314
3174.6,943,21,5.2,13264
3175.6,943,8,5.1,13281
3176.6,943,8,5.1,13275
3177.6,943,70,4.8,13280
3178.7,943,24,4.7,13291
3179.7,943,25,4.5,13305
3180.7,943,25,4.8,13310
3181.8,943,26,4.6,13299
3182.8,943,26,4.7,13305
3183.8,943,26,4.7,13312
3184.8,943,28,4.4,13336
3185.9,943,21,4.9,13377
3186.9,943,18,5.3,13367
3187.9,943,10,4.8,13383
3189.0,943,19,4.4,13387
3190.0,958,18,4.8,13409
3191.0,958,0,4.7,13289
3192.0,955,0,4.4,13315
3193.1,955,16,4.6,13358
3194.1,955,0,4.5,13336
3195.1,951,0,4.7,13346
3196.1,951,0,4.4,13331
3197.1,951,0,4.4,13345
3198.2,951,0,4.7,13330
3199.2,951,0,4.6,13320
3200.2,951,0,4.5,13311
3201.2,951,0,5.0,13329
3202.3,951,8,5.8,13330
3203.3,951,0,4.6,13344
3204.3,951,0,4.6,13311
3205.3,951,0,5.4,13322
3206.3,951,0,4.4,13316
3207.4,951,10,5.1,13314
3208.4,951,0,4.8,13337
3209.4,951,43,4.8,13297
3210.4,951,11,5.4,13314
3211.5,951,0,4.6,13320
3212.5,951,0,4.6,13331
3213.5,951,10,4.5,13345
3214.5,951,0,4.6,13254
3215.6,951,0,4.9,13303
3216.6,951,19,4.5,13289
3217.6,951,0,5.0,13303
3218.6,951,0,5.1,13320
3219.7,951,19,4.2,13329
3220.7,951,0,4.9,13320
3221.7,951,0,4.7,13326
3222.7,951,21,4.7,13328
3223.8,951,0,5.0,13331
3224.8,951,0,4.6,13325
3225.8,951,21,4.5,13356
3226.8,951,0,4.6,13337
3227.8,951,0,4.7,13349
3228.9,951,21,5.3,13350
3229.9,951,0,5.0,13367
3230.9,951,0,5.1,13347
3231.9,951,0,4.5,13367
3233.0,951,0,4.5,13367
3234.0,951,0,4.9,13349
3235.0,951,0,4.6,13349
3236.0,951,0,5.1,13388
3237.1,951,0,4.7,13395
3238.1,951,0,5.0,13390
3239.1,951,0,5.2,13407
3240.1,951,0,4.9,13415
3241.1,951,0,4.8,13431
3242.2,951,0,4.9,13429
3243.2,951,0,5.4,13429
3244.2,951,0,4.9,13453
3245.2,951,0,5.0,13443
3246.2,951,0,5.1,13446
3247.3,951,0,4.6,13450
3248.3,951,0,4.8,13442
3249.3,951,0,4.9,13450
3250.3,951,0,4.5,13331
3251.3,951,0,5.9,13364
3252.4,951,0,5.1,13385
3253.4,951,0,4.5,13408
3254.4,951,0,5.0,13380
3255.4,951,0,5.0,13397
3256.5,951,32,5.6,13398
3257.5,951,0,4.9,13410
3258.5,951,0,5.4,13400
3259.5,951,0,4.9,13401
3260.5,951,0,5.3,13417
3261.6,951,0,5.1,13390
3262.6,951,0,3.6,13408
3263.6,951,29,5.2,13429
3264.6,951,28,4.8,13416
3265.6,947,27,5.3,13422
3266.7,953,1,4.1,13412
3267.7,952,3,4.4,13448
3268.7,954,30,5.5,13436
3269.7,953,7,4.5,13444
3270.7,953,5,4.2,13466
3271.8,952,6,4.6,13431
3272.8,952,9,4.1,13433
3273.8,941,6,4.9,13413
3274.8,941,6,3.8,13427
3275.9,941,8,5.1,13450
3276.9,941,6,5.0,13438
3277.9,941,6,4.8,13437
3278.9,941,7,5.3,13440
3280.0,951,6,5.1,13431
3281.0,951,6,4.9,13431
3282.0,949,7,5.0,13467
3283.0,949,6,5.0,13321
3284.1,949,7,5.1,13430
3285.1,988,7,6.5,13472
3286.1,991,7,5.8,13481
3287.1,996,9,5.6,13480
3288.1,996,26,7.8,13429
3289.2,992,3,5.5,13439
3290.2,992,19,6.1,13469
3291.2,1034,17,5.9,13504
3292.2,1030,24,5.8,13512
3293.2,1026,30,5.2,13515
3294.3,1025,33,6.0,13432
3295.3,1026,34,6.1,13454
3296.3,1017,31,7.4,13375
3297.3,1072,14,9.4,13422
3298.3,1055,13,6.6,13386
3299.4,1060,11,5.3,13378
3300.4,1038,29,5.8,13384
3301.4,1037,63,6.3,13409
3302.4,1047,18,6.3,13403
3303.4,1049,4,7.8,13404
3304.5,1040,23,5.6,13403
3305.5,1026,13,6.0,13425
3306.5,1028,56,6.5,13422
3307.5,1023,1,5.9,13390
3308.6,1024,2,6.7,13434
3309.6,1023,5,4.9,13424
3310.6,1021,20,5.0,13429
3311.6,1021,18,5.0,13417
3312.7,1013,28,4.9,13418
3313.7,1009,44,5.5,13392
3314.7,1009,47,5.1,13401
3315.8,1009,37,5.8,13414
3316.8,1009,44,5.8,13422
3317.8,1009,13,5.3,13430
3318.9,1009,13,5.5,13428
3319.9,1009,25,5.7,13436
3320.9,1014,25,6.6,13420
3321.9,1014,3,5.8,13402
3323.0,1014,2,5.3,13408
3324.0,1013,2,5.6,13427
3325.0,1013,15,5.5,13429
3326.0,1013,4,5.2,13435
3327.1,1009,15,5.1,13420
3328.1,1009,27,5.7,13414
3329.1,1009,27,5.3,13424
3330.1,1009,27,5.9,13431
3331.2,1009,26,5.4,13442
3332.2,1009,26,6.1,13435
3333.2,1009,45,5.6,13429
3334.3,1009,28,6.1,13420
3335.3,1009,21,5.2,13420
3336.3,1009,0,5.3,13416
3337.3,1009,8,6.2,13319
3338.4,1009,27,5.9,13336
3339.4,1009,0,5.7,13355
3340.4,1009,21,5.7,13373
3341.5,1009,0,5.3,13369
3342.5,1009,0,6.4,13379
3343.5,1009,21,5.8,13395
3344.5,1009,0,5.6,13382
3345.6,1009,19,5.9,13432
3346.6,1009,27,5.9,13446
3347.6,1009,18,5.6,13413
3348.6,1009,19,5.5,13424
3349.7,1009,39,5.4,13435
3350.7,1009,46,6.2,13445
3351.7,1009,25,5.6,13439
3352.8,1009,45,5.2,13444
3353.8,1009,0,5.0,13392
3354.8,1009,0,4.9,13408
3355.9,1009,26,5.6,13423
3356.9,1009,47,6.1,13441
3357.9,1009,35,5.1,13472
3358.9,1009,50,5.3,13462
3360.0,1009,25,5.6,13462
3361.0,1009,8,5.8,13479
3362.0,1009,26,5.5,13510
3363.0,1009,14,6.1,13537
3364.1,1009,22,6.8,13527
3365.1,1009,13,5.0,13517
3366.1,1009,35,5.3,13528
3367.2,1009,0,5.0,13504
3368.2,1009,0,5.2,13522
3369.2,1009,0,5.8,13524
3370.2,1009,36,6.4,13516
3371.3,1009,20,6.9,13412
3372.3,1009,0,7.0,13420
3373.3,1009,23,6.9,13452
3374.3,1009,18,6.7,13459
3375.4,1009,17,7.0,13435
3376.4,1009,0,5.0,13447
3377.4,997,35,5.1,13459
3378.4,997,29,5.4,13455
3379.5,997,61,5.8,13461
3380.5,997,61,5.8,13446
3381.5,997,22,5.4,13468
3382.5,997,1,5.2,13443
3383.5,997,36,5.3,13440
3384.6,995,46,5.2,13468
3385.6,995,66,6.2,13492
3386.6,995,37,5.4,13498
3387.6,995,0,6.5,13514
3388.7,995,23,5.4,13505
3389.7,995,9,5.8,13507
3390.7,995,20,5.9,13513
3391.7,995,25,5.4,13517
3392.8,995,25,6.1,13510
3393.8,995,35,6.0,13500
3394.8,995,26,5.6,13487
3395.9,995,0,5.3,13403
3396.9,995,9,6.1,13443
3397.9,995,26,5.8,13477
3398.9,995,17,5.5,13492
3400.0,995,34,6.6,13478
3401.0,995,17,6.2,13510
3402.0,995,18,5.9,13516
3403.1,995,36,5.2,13522
3404.1,995,9,5.2,13509
3405.1,995,23,6.5,13517
3406.1,995,26,5.1,13521
3407.2,995,30,5.7,13513
3408.2,995,45,5.0,13533
3409.2,995,26,5.6,13536
3410.2,995,0,5.6,13544
3411.3,995,27,6.2,13539
3412.3,995,49,5.9,13535
3413.3,995,25,5.7,13525
3414.4,995,20,5.5,13448
3415.4,995,24,6.3,13496
3416.4,995,10,6.3,13493
3417.4,995,43,5.9,13515
3418.5,995,37,6.4,13531
3419.5,995,24,5.9,13519
3420.5,995,46,5.3,13504
3421.5,995,30,5.7,13513
3422.6,995,24,5.8,13534
3423.6,995,20,5.4,13523
3424.6,995,25,5.3,13521
3425.6,995,26,5.4,13522
3426.7,995,43,6.1,13547
3427.7,995,0,5.9,13564
3428.7,995,15,5.4,13559
3429.8,995,38,5.7,13573
3430.8,995,25,5.8,13566
3431.8,995,24,5.7,13574
3432.8,995,67,5.0,13456
3433.9,995,47,5.9,13478
3434.9,995,27,5.5,13499
3435.9,995,48,5.5,13536
3436.9,995,0,5.1,13525
3438.0,995,0,5.4,13544
3439.0,995,20,5.8,13554
3440.0,995,23,5.5,13535
3441.0,995,22,6.0,13543
3442.1,995,11,5.5,13547
3443.1,995,12,4.6,13551
3444.1,995,19,5.5,13582
3445.1,995,23,5.2,13572
3446.2,995,25,5.7,13596
3447.2,1018,26,7.0,13591
3448.2,1061,63,6.0,13519
3449.2,1077,12,8.2,13576
3450.3,1094,15,9.6,13597
3451.3,1099,14,7.0,13613
3452.3,1077,23,6.9,13640
3453.3,1091,17,8.3,13690
3454.4,1091,10,8.6,13667
3455.4,1070,17,7.8,13685
3456.4,1067,6,6.8,13675
3457.4,1067,15,7.6,13672
3458.4,1056,3,6.1,13672
3459.5,1055,14,6.0,13674
3460.5,1059,65,7.3,13659
3461.5,1054,3,7.1,13648
3462.5,1054,3,7.4,13563
3463.6,1042,3,7.2,13599
3464.6,1042,13,5.9,13614
3465.6,1041,25,7.2,13628
3466.6,1041,0,6.7,13636
3467.7,1041,41,5.6,13617
3468.7,1073,3,10.6,13656
3469.7,1073,13,8.7,13792
3470.7,1076,20,7.8,13806
3471.8,1076,4,7.3,13790
3472.8,1077,3,6.9,13783
3473.8,1077,12,6.4,13789
3474.8,1069,5,8.1,13782
3475.9,1069,1,5.3,13803
3476.9,1068,3,5.1,13796
3477.9,1069,8,6.3,13769
3478.9,1069,37,5.6,13807
3479.9,1073,10,6.5,13786
3481.0,1064,0,6.3,13782
3482.0,1075,0,6.4,13824
3483.0,1092,1,6.2,13820
3484.0,1083,3,6.0,13809
3485.1,1089,24,8.1,13795
3486.1,1088,21,6.1,13844
3487.1,1065,4,5.1,13839
3488.1,1082,4,5.6,13842
3489.1,1079,14,6.6,13832
3490.2,1074,1,4.7,13834
3491.2,1071,2,4.8,13845
3492.2,1071,28,6.4,13852
3493.2,1067,1,5.6,13868
3494.2,1077,12,6.3,13849
3495.3,1077,0,5.5,13832
3496.3,1077,10,5.7,13725
3497.3,1093,91,6.8,13764
3498.4,1087,3,14.0,13992
3499.4,1082,5,5.9,13988
3500.4,1079,6,5.2,13959
3501.4,1079,12,5.1,13958
3502.4,1079,27,5.0,13951
3503.5,1033,25,5.4,13971
3504.5,1033,26,4.9,13949
3505.5,1033,51,5.3,13847
3506.5,1033,16,9.9,13720
3507.6,1033,5,7.5,13725
3508.6,1033,16,6.5,13731
3509.6,1033,0,5.5,13743
3510.7,1033,2,5.2,13754
3511.7,1033,10,5.2,13757
3512.7,1033,26,7.1,13761
3513.7,1033,33,5.3,13762
3514.8,1033,46,5.7,13759
3515.8,1033,25,6.8,13747
3516.8,1033,35,5.2,13768
3517.8,1033,26,5.3,13767
3518.9,1033,49,6.2,13796
3519.9,1033,17,5.0,13812
3520.9,1033,36,5.1,13780
3522.0,1033,6,5.1,13771
3523.0,1033,2,5.2,13785
3524.0,1033,43,5.6,13780
3525.0,1033,39,6.8,13792
3526.1,1033,27,5.5,13794
3527.1,1033,48,5.5,13801
3528.1,1033,27,5.6,13790
3529.1,1033,27,5.2,13783
3530.2,1033,43,5.3,13787
3531.2,1033,26,5.7,13771
3532.2,1033,26,5.2,13784
3533.2,1033,27,5.4,13783
3534.3,1033,11,5.4,13819
3535.3,1033,25,5.7,13832
3536.3,1033,10,5.2,13815
3537.3,1033,8,5.7,13841
3538.4,1033,23,5.2,13842
3539.4,1033,26,5.5,13817
3540.4,1033,0,5.2,13804
3541.5,1033,62,5.3,13832
3542.5,1033,52,5.5,13857
3543.5,1033,44,5.1,13838
3544.6,1033,44,6.3,13861
3545.6,1033,13,7.5,13766
3546.6,1033,13,6.5,13813
3547.7,1033,24,7.2,13821
3548.7,1033,25,5.8,13831
3549.7,1033,23,6.0,13862
3550.7,1033,0,5.2,13869
3551.8,1033,26,5.8,13865
3552.8,1033,25,5.3,13867
3553.8,1033,27,5.4,13862
3554.8,1033,26,4.8,13853
3555.8,1033,39,5.1,13854
3556.9,1033,26,4.9,13839
3557.9,1033,26,5.3,13835
3558.9,1033,47,6.8,13846
3560.0,1033,26,4.7,13859
3561.0,1033,26,4.8,13851
3562.0,1033,17,4.7,13861
3563.0,1033,17,5.4,13882
3564.1,1032,3,5.4,13845
3565.1,1032,0,4.6,13854
3566.1,1032,29,4.1,13875
3567.1,1032,47,4.5,13888
3568.1,1049,27,7.8,13787
3569.2,1049,3,5.9,13843
3570.2,1048,1,5.2,13861
3571.2,1057,12,5.9,13866
3572.2,1057,71,5.1,13871
3573.3,1049,47,6.8,13892
3574.3,1049,7,5.5,13886
3575.3,1048,3,4.8,13869
3576.3,1040,10,5.9,13886
3577.4,1040,33,5.3,13879
3578.4,1036,0,4.7,13896
3579.4,1063,0,6.5,13857
3580.5,1068,14,7.3,13876
3581.5,1078,13,7.9,13963
3582.5,1078,25,6.4,14030
3583.5,1077,3,5.2,13997
3584.6,1089,71,5.6,14005
3585.6,1080,2,4.4,13989
3586.6,1043,4,4.0,13993
3587.6,1043,4,4.3,13997
3588.7,1043,0,5.6,14034
3589.7,1037,5,4.9,14044
3590.7,1035,0,4.8,14043
3591.7,1035,0,4.7,14040
3592.8,1035,0,4.8,14016
3593.8,1035,0,4.6,14038
3594.8,1046,0,4.4,14042
3595.8,1047,8,5.9,14027
3596.8,1044,0,5.1,14022
3597.9,1044,12,5.2,14013
3598.9,1044,13,5.0,13998
3599.9,1031,26,5.3,13922
3600.9,1031,38,5.5,13959
3602.0,1031,24,5.1,14026
3603.0,1031,15,4.6,14000
3604.0,1031,43,5.1,14014
3605.0,1031,0,5.2,14028
3606.1,1031,0,5.3,14042
3607.1,1031,17,5.1,14043
3608.1,1031,0,5.1,14039
3609.1,1031,0,4.4,14054
3610.2,1031,0,5.3,14058
3611.2,1031,0,5.5,14059
3612.2,1031,44,5.4,14044
3613.2,1031,46,5.8,14039
3614.3,1031,34,5.5,14001
3615.3,1031,26,5.3,13979
3616.3,1031,18,5.1,13976
3617.4,1031,21,5.1,13984
3618.4,1031,39,5.1,13889
3619.4,1031,0,5.6,13953
3620.5,1031,26,5.3,13979
3621.5,1031,0,5.3,13967
3622.5,1031,0,4.7,13966
3623.6,1031,0,5.5,13983
3624.6,1031,0,5.1,13976
3625.6,1031,0,5.3,13979
3626.6,1031,0,5.5,13983
3627.7,1031,0,5.4,14011
3628.7,1031,0,4.7,14003
3629.7,1031,0,5.7,14021
3630.7,1031,0,5.2,14021
3631.8,1031,18,5.5,14020
3632.8,1031,13,4.8,14015
3633.8,1031,0,5.0,13994
3634.9,1031,0,5.1,13940
3635.9,1031,14,5.8,13983
3636.9,1031,21,5.5,14014
3637.9,1031,22,5.4,14025
3638.9,1031,16,5.4,14045
3640.0,1031,28,5.5,14032
3641.0,1031,27,5.7,13998
3642.0,1031,31,5.1,14005
3643.0,1031,22,4.7,14018
3644.1,1031,18,5.3,14013
3645.1,1031,28,4.4,14004
3646.1,1031,30,5.3,13985
3647.2,1031,28,6.4,13969
3648.2,1031,28,6.6,13983
3649.2,1031,45,5.2,14031
3650.2,1031,26,5.5,14037
3651.2,1031,27,5.2,14050
3652.3,1031,33,5.1,14053
3653.3,1031,19,4.9,14048
3654.3,1031,19,5.4,14096
3655.4,1031,31,5.5,14081
3656.4,1031,19,5.6,14083
3657.4,1031,44,6.0,14073
3658.5,1031,48,5.0,14063
3659.5,1031,27,5.6,14084
3660.5,1031,36,5.5,14069
3661.5,1031,27,5.6,14079
3662.6,1031,27,4.8,14095
3663.6,1031,26,6.0,14098
3664.6,1031,26,7.7,14111
3665.7,1031,25,7.8,14103
3666.7,1031,36,7.2,14016
3667.7,1031,9,7.6,14133
3668.7,1031,43,7.3,14158
3669.8,1031,16,7.6,14161
3670.8,1031,24,7.3,14150
3671.8,1031,51,7.9,14177
3672.8,1031,27,7.3,14153
3673.9,1031,27,6.9,14158
3674.9,1031,35,6.0,14136
3675.9,1031,27,5.0,14161
3677.0,1031,27,4.8,14152
3678.0,1031,45,5.2,14040
3679.0,1031,27,4.7,14080
3680.0,1031,27,4.9,14090
3681.1,1031,15,5.1,14098
3682.1,1031,13,5.4,14097
3683.1,1031,25,6.4,14124
3684.1,1031,21,4.8,14124
3685.2,1031,21,5.8,14118
3686.2,1031,2,4.7,14123
3687.2,1031,0,4.7,14132
3688.2,1031,0,4.8,14154
3689.3,1031,0,5.3,14157
3690.3,1031,0,6.2,14172
3691.3,1031,0,5.8,14183
3692.3,1031,0,6.3,14176
3693.4,1031,0,5.2,14162
3694.4,1031,0,5.3,14146
3695.4,1031,18,5.6,14148
3696.4,1031,4,5.4,14155
3697.5,1031,0,5.0,14153
3698.5,1031,0,4.5,14163
3699.5,1031,0,4.0,14159
3700.5,1031,32,4.3,14150
3701.5,1031,0,4.1,14082
3702.6,1031,0,4.1,14124
3703.6,1031,0,4.0,14150
3704.6,1031,0,4.6,14159
3705.6,1031,0,4.5,14174
3706.6,1031,0,5.5,14193
3707.7,1031,0,4.9,14210
3708.7,1031,0,5.2,14218
3709.7,1031,0,3.5,14223
3710.7,1031,0,5.8,14222
3711.7,1031,0,6.7,14244
3712.8,1031,0,6.2,14225
3713.8,1031,0,4.7,14199
3714.8,1031,0,4.2,14261
3715.8,1031,0,3.1,14262
3716.9,1031,0,5.1,14277
3717.9,1031,0,6.6,14297
3718.9,1031,0,6.1,14300
3719.9,1031,0,5.0,14289
3720.9,1031,0,3.9,14264
3722.0,1031,0,4.2,14271
3723.0,1031,0,4.5,14270
3724.0,1031,0,4.2,14259
3725.0,1031,0,3.3,14256
3726.0,1031,0,3.3,14193
3727.1,1031,0,4.3,14227
3728.1,1031,0,3.7,14245
3729.1,1031,0,3.0,14250
3730.1,1031,0,3.4,14289
3731.1,1031,0,3.0,14269
3732.2,1031,0,3.2,14287
3733.2,1031,0,2.8,14292
3734.2,1031,0,3.1,14275
3735.2,1031,0,2.9,14317
3736.2,1031,0,3.5,14304
3737.3,1031,0,3.3,14353
3738.3,1031,7,3.4,14322
3739.3,1031,9,4.1,14319
3740.3,1031,0,3.7,14300
3741.3,1031,2,4.0,14232
3742.4,1031,49,3.7,14262
3743.4,1031,15,4.1,14264
3744.5,1032,41,4.0,14278
3745.5,1032,15,3.7,14299
3746.5,1032,0,3.4,14318
3747.5,1032,0,4.2,14309
3748.6,1032,47,3.6,14308
3749.6,1072,18,4.6,14301
3750.7,1047,8,5.0,14310
3751.7,1047,3,4.2,14327
3752.7,1047,6,3.7,14329
3753.8,1046,23,4.4,14312
3754.8,1046,15,4.9,14302
3755.8,1056,20,7.0,14243
3756.8,1056,2,4.4,14295
3757.8,1054,12,3.8,14299
3758.9,1053,5,3.8,14326
3759.9,1063,25,4.4,14315
3760.9,1056,29,6.0,14325
3761.9,1056,5,4.6,14337
3763.0,1055,3,5.0,14355
3764.0,1055,28,4.8,14368
3765.0,1047,3,4.1,14369
3766.0,1043,66,5.1,14357
3767.1,1067,8,5.6,14306
3768.1,1069,15,5.1,14325
3769.1,1069,0,5.0,14314
3770.1,1086,69,7.3,14416
3771.1,1085,14,5.2,14431
3772.1,1085,2,3.9,14409
3773.2,1091,0,4.2,14447
3774.2,1087,9,3.5,14454
3775.2,1055,0,3.5,14475
3776.2,1055,3,4.8,14495
3777.3,1054,0,3.3,14512
3778.3,1054,0,4.2,14535
3779.3,1054,0,3.9,14539
3780.3,1038,0,3.4,14543
3781.3,1038,0,3.6,14510
3782.4,1038,0,3.1,14496
3783.4,1038,0,4.2,14519
3784.4,1038,0,4.3,14511
3785.4,1038,0,3.8,14490
3786.5,1038,0,4.1,14479
3787.5,1038,0,4.8,14488
3788.5,1038,0,5.5,14457
3789.5,1044,0,6.7,14483
3790.5,1044,0,5.9,14487
3791.6,1042,0,5.7,14491
3792.6,1042,0,6.6,14515
3793.6,1042,0,6.4,14523
3794.6,1055,6,6.7,14510
3795.6,1055,0,5.1,14495
3796.7,1051,0,4.7,14507
3797.7,1051,0,4.0,14517
3798.7,1047,38,4.7,14508
3799.7,1034,0,3.9,14491
3800.8,1033,0,4.6,14459
3801.8,1033,0,4.0,14468
3802.8,1033,0,3.4,14462
3803.8,1028,0,3.5,14472
3804.9,1028,0,3.9,14465
3805.9,1028,40,4.5,14388
3806.9,1028,0,3.8,14431
3807.9,1028,0,3.8,14450
3809.0,1028,0,3.4,14470
3810.0,1028,0,3.8,14482
3811.0,1028,18,4.7,14496
3812.0,1028,38,4.6,14511
3813.1,1028,12,3.5,14504
3814.1,1028,41,3.8,14525
3815.1,1028,0,3.4,14525
3816.1,1028,0,3.9,14513
3817.2,1028,0,4.0,14525
3818.2,1028,0,4.2,14534
3819.2,1028,70,4.2,14539
3820.2,1028,0,3.3,14525
3821.3,1028,38,4.1,14500
3822.3,1028,1,3.9,14498
3823.3,1028,35,3.8,14412
3824.3,1028,0,3.7,14449
3825.4,1028,0,4.0,14468
3826.4,1028,0,3.2,14475
3827.4,1028,0,3.3,14485
3828.4,1028,0,3.6,14521
3829.4,1028,0,3.3,14530
3830.5,1028,0,4.0,14526
3831.5,1028,1,4.5,14552
3832.5,1028,0,3.8,14552
3833.5,1028,0,3.2,14528
3834.6,1028,0,3.5,14573
3835.6,1028,40,3.3,14574
3836.6,1028,0,3.3,14561
3837.6,1028,0,3.7,14567
3838.7,1028,7,3.5,14564
3839.7,1028,0,3.6,14555
3840.7,1028,0,3.4,14563
3841.7,1028,6,3.8,14574
3842.7,1028,0,3.9,14587
3843.8,1028,0,4.2,14585
3844.8,1028,9,3.9,14574
3845.8,1028,0,4.5,14495
3846.8,1028,0,3.6,14530
3847.9,1028,0,3.1,14593
3848.9,1028,0,3.9,14577
3849.9,1028,0,3.9,14568
3850.9,1028,0,3.3,14585
3851.9,1028,0,3.4,14586
3853.0,1028,0,3.4,14568
3854.0,1028,0,3.8,14537
3855.0,1028,0,3.4,14536
3856.0,1028,0,3.0,14551
3857.0,1028,0,2.6,14541
3858.1,1028,23,3.1,14557
3859.1,1028,0,4.3,14550
3860.1,1028,0,3.3,14555
3861.1,1028,0,3.1,14556
3862.1,1028,0,3.0,14570
3863.2,1028,0,4.3,14561
3864.2,1029,0,3.2,14557
3865.2,1029,0,3.6,14565
3866.2,1029,0,4.9,14505
3867.2,1029,0,4.7,14526
3868.3,1029,0,5.3,14520
3869.3,1029,0,4.6,14549
3870.3,1029,0,3.9,14545
3871.3,1029,0,3.5,14559
3872.4,1029,0,4.2,14575
3873.4,1029,0,3.3,14568
3874.4,1029,0,3.3,14566
3875.4,1029,0,4.4,14555
3876.4,1029,0,3.1,14574
3877.5,1029,0,3.3,14559
3878.5,1029,0,3.9,14474
3879.5,1029,0,3.4,14517
3880.5,1029,0,3.6,14512
3881.5,1029,0,2.8,14530
3882.6,1029,0,3.3,14552
3883.6,1029,0,3.2,14553
3884.6,1029,0,3.0,14552
3885.6,992,0,3.3,14560
3886.6,992,0,3.1,14564
3887.7,992,0,3.2,14569
3888.7,992,0,5.3,14572
3889.7,990,0,3.0,14578
3890.7,990,0,3.5,14550
3891.7,990,0,3.0,14582
3892.8,990,0,3.4,14588
3893.8,990,0,3.1,14531
3894.8,990,0,3.3,14556
3895.8,990,0,3.1,14584
3896.8,990,0,3.2,14602
3897.9,1007,0,5.8,14604
3898.9,1009,9,4.8,14617
3899.9,1007,0,4.3,14598
3901.0,1016,0,4.1,14587
3902.0,1015,1,5.2,14615
3903.0,1007,9,4.5,14628
3904.0,1008,0,6.1,14613
3905.1,1004,26,5.3,14678
3906.1,1015,45,5.6,14603
3907.1,1014,18,4.0,14578
3908.1,1014,0,4.2,14590
3909.2,1013,8,4.9,14603
3910.2,1014,5,4.8,14627
3911.2,1013,4,3.7,14628
3912.2,1013,0,4.0,14616
3913.3,1036,18,5.5,14625
3914.3,1051,70,6.2,14604
3915.3,1053,15,4.5,14601
3916.3,1056,22,6.7,14679
3917.3,1071,16,5.6,14765
3918.4,1070,17,3.9,14775
3919.4,1070,0,3.5,14770
3920.4,1054,0,3.4,14737
3921.4,1014,0,3.9,14754
3922.4,1014,0,3.0,14728
3923.5,1004,0,3.5,14731
3924.5,1004,0,4.3,14751
3925.5,1004,0,3.7,14752
3926.5,1004,0,3.7,14750
3927.5,1003,1,3.8,14754
3928.6,1003,0,3.7,14761
3929.6,1009,23,4.2,14762
3930.6,1008,6,4.0,14757
3931.6,1008,0,3.4,14754
3932.7,1008,0,3.2,14752
3933.7,1007,0,3.9,14749
3934.7,1003,1,4.0,14723
3935.7,1003,1,3.9,14695
3936.7,1003,0,3.9,14707
3937.8,1003,89,4.2,14686
3938.8,1003,1,4.1,14702
3939.8,1003,8,4.4,14721
3940.8,996,27,4.9,14704
3941.9,996,21,3.9,14689
3942.9,995,26,4.9,14601
3943.9,997,0,4.8,14632
3944.9,1000,0,3.7,14654
3946.0,1014,0,4.0,14680
3947.0,1014,7,4.8,14667
3948.0,1013,0,3.9,14677
3949.0,1014,61,4.8,14689
3950.0,1008,0,4.3,14700
3951.1,1006,0,3.2,14689
3952.1,999,0,3.4,14694
3953.1,999,0,3.3,14688
3954.1,993,0,3.2,14737
3955.1,993,0,3.3,14718
3956.2,993,0,3.2,14736
3957.2,993,0,3.5,14724
3958.2,993,0,4.4,14720
3959.2,993,0,3.2,14606
3960.3,993,0,3.8,14636
3961.3,993,0,3.0,14662
3962.3,993,0,3.6,14691
3963.3,993,0,2.9,14675
3964.3,993,0,3.2,14667
3965.4,993,0,3.4,14676
3966.4,993,0,3.2,14674
3967.4,993,0,3.1,14676
3968.4,993,0,3.3,14693
3969.4,999,0,5.2,14700
3970.5,999,0,3.6,14700
3971.5,997,0,3.3,14694
3972.5,997,0,4.5,14733
3973.5,997,0,4.8,14711
3974.5,993,0,6.1,14676
3975.6,993,0,5.2,14681
3976.6,993,0,4.6,14675
3977.6,993,48,5.4,14700
3978.6,993,0,4.7,14657
3979.6,993,0,5.3,14672
3980.7,993,0,5.0,14685
3981.7,993,0,3.5,14711
3982.7,993,0,4.5,14724
3983.7,993,0,4.3,14723
3984.8,993,0,5.1,14725
3985.8,993,0,5.1,14718
3986.8,993,0,4.1,14744
3987.8,993,0,5.8,14703
3988.8,997,0,6.3,14766
3989.9,971,0,5.9,14746
3990.9,969,0,5.2,14734
3991.9,969,0,5.3,14741
3992.9,969,0,5.5,14739
3994.0,969,0,6.3,14731
3995.0,965,0,7.3,14633
3996.0,965,0,6.4,14670
3997.0,965,0,6.9,14687
3998.0,965,0,6.8,14703
3999.1,965,0,6.6,14679
4000.1,965,0,7.4,14697
4001.1,965,0,5.1,14725
4002.1,965,0,4.0,14730
4003.1,965,0,3.1,14717
4004.2,965,0,5.3,14741
4005.2,965,0,4.1,14766
4006.2,965,0,4.4,14777
4007.2,965,0,3.5,14789
4008.2,965,0,4.2,14790
4009.3,968,0,5.4,14750
4010.3,968,0,3.5,14677
4011.3,969,0,4.8,14760
4012.3,969,0,3.5,14757
4013.4,968,0,4.9,14759
4014.4,964,0,3.8,14816
4015.4,964,0,6.0,14822
4016.4,962,0,5.7,14820
4017.5,962,0,5.4,14836
4018.5,962,0,3.3,14815
4019.5,962,0,3.6,14834
4020.5,962,0,3.4,14834
4021.5,962,0,4.5,14867
4022.6,962,0,4.1,14838
4023.6,962,0,3.4,14840
4024.6,962,0,3.4,14815
4025.6,962,0,4.0,14801
4026.6,962,0,5.1,14711
4027.7,962,0,5.4,14758
4028.7,962,0,4.6,14774
4029.7,968,0,5.1,14777
4030.7,968,0,4.7,14778
4031.7,967,0,4.7,14791
4032.8,967,0,4.4,14797
4033.8,967,0,5.8,14765
4034.8,983,55,6.7,14781
4035.8,983,0,5.7,14785
4036.8,980,0,4.3,14818
4037.9,980,4,5.4,14777
4038.9,980,0,6.7,14798
4039.9,962,18,5.1,14800
4040.9,962,0,6.4,14813
4042.0,962,0,5.7,14804
4043.0,962,20,5.0,14822
4044.0,962,0,6.2,14795
4045.0,962,0,6.1,14787
4046.1,962,20,6.6,14733
4047.1,962,0,4.9,14778
4048.1,962,0,6.4,14837
4049.1,962,20,6.1,14838
4050.2,962,0,5.4,14830
4051.2,962,0,6.4,14853
4052.2,962,19,5.9,14875
4053.2,962,0,6.1,14872
4054.2,962,0,6.5,14856
4055.3,962,20,6.7,14864
4056.3,962,0,7.3,14872
4057.3,962,0,5.5,14886
4058.3,962,20,6.2,14869
4059.4,962,0,6.4,14854
4060.4,962,0,6.8,14852
4061.4,962,20,5.7,14842
4062.4,962,0,6.1,14764
4063.5,962,0,6.1,14808
4064.5,962,0,5.5,14810
4065.5,962,0,5.8,14825
4066.5,962,0,6.3,14845
4067.6,962,0,6.9,14856
4068.6,962,0,6.7,14869
4069.6,962,7,6.5,14880
4070.6,962,0,7.1,14872
4071.7,962,0,6.8,14898
4072.7,962,8,6.1,14893
4073.7,962,0,6.7,14933
4074.7,962,0,6.0,14910
4075.8,962,9,6.6,14900
4076.8,962,0,5.8,14889
4077.8,962,0,5.8,14872
4078.8,962,18,5.6,14828
4079.9,962,0,6.2,14859
4080.9,962,0,5.8,14864
4081.9,962,20,5.5,14892
4082.9,962,0,4.4,14892
4083.9,962,0,3.9,14898
4085.0,962,20,5.0,14913
4086.0,962,0,4.2,14920
4087.0,962,0,4.1,14941
4088.0,962,0,4.1,14906
4089.1,962,0,4.3,14923
4090.1,962,0,3.9,14966
4091.1,962,0,3.5,14962
4092.1,962,0,3.6,14954
4093.1,962,0,4.5,14941
4094.2,962,0,4.1,14928
4095.2,962,0,4.1,14915
4096.2,962,0,5.1,14861
4097.2,962,0,5.2,14885
4098.2,962,17,5.0,14907
4099.3,962,0,5.4,14919
4100.3,962,0,6.8,14933
4101.3,962,0,5.4,14922
4102.3,962,0,3.5,14923
4103.3,962,0,3.4,14942
4104.4,963,0,5.5,14943
4105.4,963,0,3.9,14941
4106.4,963,0,3.7,14940
4107.4,963,0,3.7,14949
4108.4,963,0,4.6,14955
4109.5,963,0,3.8,14928
4110.5,963,0,3.4,14926
4111.5,963,0,3.6,14917
4112.5,963,0,3.5,14925
4113.5,963,0,3.3,14938
4114.6,963,0,3.8,14952
4115.6,974,0,4.6,14975
4116.6,974,0,5.7,14979
4117.6,972,0,5.6,14973
4118.6,972,0,4.3,14986
4119.7,972,0,5.5,14959
4120.7,964,0,3.7,14986
4121.7,964,0,6.7,14979
4122.7,964,0,5.7,14990
4123.8,965,0,5.4,14992
4124.8,964,0,5.1,14998
4125.8,964,0,3.6,14972
4126.8,964,0,5.0,14908
4127.9,964,0,4.3,14970
4128.9,964,0,3.8,14977
4129.9,964,0,3.5,14966
4130.9,964,0,4.1,14968
4131.9,964,0,5.0,15010
4133.0,964,0,4.3,15019
4134.0,964,0,3.8,15046
4135.0,964,0,4.1,15039
4136.0,964,0,5.1,15027
4137.0,964,0,4.9,15002
4138.1,964,0,4.8,15006
4139.1,964,0,4.1,15040
4140.1,964,0,5.1,15054
4141.1,964,0,3.5,15057
4142.1,964,0,3.7,15038
4143.2,964,0,4.2,15031
4144.2,964,0,4.1,15005
4145.2,964,0,3.3,14949
4146.2,964,0,4.1,14991
4147.2,964,0,3.5,14997
4148.3,964,0,3.6,15011
4149.3,964,0,3.8,15001
4150.3,964,0,4.1,15026
4151.3,964,0,3.3,15028
4152.3,964,0,3.7,15051
4153.4,964,0,3.1,15037
4154.4,964,0,3.8,15021
4155.4,964,0,3.7,15030
4156.4,964,0,3.7,15033
4157.4,964,0,4.0,15041
4158.5,964,25,4.2,15025
4159.5,964,0,3.7,15007
4160.5,964,0,3.7,14998
4161.5,964,0,3.8,15006
4162.5,964,0,3.8,15036
4163.6,964,0,3.9,15015
4164.6,964,0,3.6,15003
4165.6,964,0,3.8,15010
4166.6,964,0,4.0,15010
4167.6,964,0,3.6,15041
4168.7,964,0,3.8,15067
4169.7,964,0,3.6,15057
4170.7,964,0,3.8,15046
4171.7,964,0,4.0,15040
4172.7,964,0,3.1,15036
4173.8,964,0,3.7,15056
4174.8,964,0,3.7,15051
4175.8,964,0,3.9,15084
4176.8,964,0,3.5,15068
4177.8,964,0,3.6,15063
4178.9,964,0,3.5,15048
4179.9,964,0,3.8,15047
4180.9,964,0,3.6,15055
4181.9,964,0,3.6,15085
4182.9,964,0,3.3,15084
4184.0,964,0,3.0,15068
4185.0,964,0,3.5,15074
4186.0,964,0,3.6,15062
4187.0,964,0,4.4,15053
4188.0,964,0,3.4,15037
4189.1,964,0,3.7,15052
4190.1,964,0,3.0,15039
4191.1,964,0,3.3,15048
4192.1,964,0,3.2,15065
4193.1,964,0,3.8,15046
4194.2,964,0,3.4,15091
4195.2,964,0,3.8,15091
4196.2,964,0,3.1,15083
4197.2,964,0,3.7,15096
4198.3,964,0,3.7,15087
4199.3,964,0,3.6,15082
4200.3,964,0,3.4,15105
4201.3,964,0,4.1,15110
4202.3,964,0,3.9,15112
4203.4,964,0,3.5,15101
4204.4,964,0,3.3,15087
4205.4,964,0,3.7,15078
4206.4,964,0,3.5,15022
4207.4,964,0,4.0,15051
4208.5,964,0,3.4,15056
4209.5,964,0,3.4,15069
4210.5,964,0,3.4,15072
4211.5,964,0,3.8,15087
4212.5,964,0,3.6,15117
4213.6,964,0,5.0,15101
4214.6,964,0,3.6,15094
4215.6,964,0,3.3,15090
4216.6,964,0,3.5,15098
4217.7,964,31,3.2,15118
4218.7,964,0,3.9,15121
4219.7,964,0,3.3,15135
4220.7,964,0,3.8,15106
4221.7,964,0,3.3,15116
4222.8,964,0,3.3,15126
4223.8,964,0,3.1,15115
4224.8,964,0,3.7,15130
4225.8,964,0,3.2,15107
4226.8,964,0,3.8,15139
4227.9,964,0,3.8,15112
4228.9,964,0,4.0,15129
4229.9,964,0,4.1,15122
4230.9,964,0,3.4,15107
4231.9,980,0,5.6,15085
4233.0,989,0,6.0,15107
4234.0,1001,4,4.4,15131
4235.0,999,0,3.8,15124
4236.1,1020,64,5.1,15142
4237.1,1019,0,3.8,15161
4238.1,1003,0,3.7,15153
4239.1,1002,0,7.6,15232
4240.1,1002,0,3.9,15247
4241.2,993,0,4.0,15221
4242.2,990,0,4.1,15219
4243.2,990,1,3.8,15208
4244.2,964,0,4.0,15211
4245.3,964,0,4.0,15211
4246.3,964,1,3.7,15230
4247.3,964,0,3.6,15235
4248.3,964,0,3.9,15216
4249.4,964,1,4.0,15226
4250.4,964,0,3.5,15219
4251.4,964,0,3.6,15211
4252.4,964,1,3.8,15148
4253.5,964,0,3.7,15190
4254.5,964,0,4.0,15227
4255.5,964,0,3.9,15222
4256.5,964,0,3.7,15247
4257.6,964,1,3.9,15268
4258.6,993,8,4.8,15270
4259.6,1073,12,5.3,15313
4260.6,1094,25,5.0,15346
4261.6,1108,28,6.1,15330
4262.7,1083,0,4.5,15320
4263.7,1083,11,4.9,15313
4264.7,1082,0,4.2,15299
4265.7,1077,0,4.2,15304
4266.8,1059,13,4.6,15335
4267.8,1093,11,5.9,15340
4268.8,1089,0,4.7,15346
4269.8,1087,19,4.3,15337
4270.8,1088,8,4.7,15336
4271.9,1089,40,4.1,15337
4272.9,1071,42,4.5,15359
4273.9,1084,88,5.3,15356
4274.9,1086,2,5.4,15360
4276.0,1091,13,5.0,15350
4277.0,1103,5,5.1,15348
4278.0,1102,14,6.3,15330
4279.0,1112,28,5.3,15270
4280.0,1114,10,5.0,15261
4281.1,1111,14,4.9,15266
4282.1,1109,31,5.3,15266
4283.1,1102,66,5.3,15260
4284.1,1102,10,5.8,15269
4285.1,1105,3,5.2,15273
4286.2,1101,2,4.9,15301
4287.2,1099,4,5.1,15260
4288.2,1100,2,5.6,15279
4289.2,1083,1,5.1,15284
4290.2,1081,10,4.5,15271
4291.3,1081,9,4.7,15305
4292.3,1081,0,4.5,15300
4293.3,1080,0,4.9,15304
4294.3,1072,9,6.0,15319
4295.3,1075,13,4.8,15318
4296.3,1073,0,4.5,15302
4297.4,1072,18,4.7,15292
4298.4,1070,46,4.2,15287
4299.4,1064,65,4.4,15265
4300.4,1046,14,4.9,15228
4301.5,1046,46,5.6,15265
4302.5,1050,0,4.2,15278
4303.5,1075,2,5.6,15315
4304.5,1064,0,4.9,15316
4305.6,1066,0,4.9,15312
4306.6,1070,56,5.6,15343
4307.6,1072,10,4.9,15344
4308.6,1076,47,4.9,15360
4309.6,1072,46,5.5,15352
4310.7,1071,14,4.1,15327
4311.7,1075,15,4.2,15337
4312.7,1070,48,4.6,15366
4313.7,1068,15,4.2,15373
4314.7,1068,11,4.2,15373
4315.8,1068,17,4.2,15371
4316.8,1068,17,4.0,15369
4317.8,1053,52,4.0,15376
4318.8,1053,53,4.3,15358
4319.9,1053,51,4.1,15358
4320.9,1053,51,4.3,15348
4321.9,1044,12,4.1,15342
4322.9,1036,11,4.3,15365
4324.0,1035,49,4.4,15360
4325.0,1034,12,4.1,15384
4326.0,1034,13,4.4,15375
4327.0,1034,50,3.9,15348
4328.1,1034,49,4.5,15346
4329.1,1034,16,4.1,15358
4330.1,1034,11,4.4,15334
4331.1,1024,21,4.3,15334
4332.1,1024,22,4.7,15341
4333.1,1024,63,4.6,15278
4334.2,1024,62,5.3,15299
4335.2,1024,50,4.6,15323
4336.2,1024,49,4.4,15344
4337.2,1110,68,5.7,15328
4338.2,1109,12,4.8,15333
4339.3,1072,60,3.9,15302
4340.3,1072,60,4.4,15321
4341.3,1072,18,4.1,15324
4342.3,1040,14,4.3,15315
4343.3,1040,22,4.1,15321
4344.4,1040,22,4.2,15346
4345.4,1040,63,4.2,15353
4346.4,1040,63,4.6,15356
4347.4,1040,62,4.3,15365
4348.5,1040,59,4.4,15363
4349.5,1040,14,4.4,15345
4350.5,1040,13,4.2,15345
4351.5,1034,15,4.2,15370
4352.5,1098,17,4.6,15336
4353.6,1098,0,4.2,15331
4354.6,1059,0,3.9,15329
4355.6,1060,17,5.7,15309
4356.6,1064,17,5.9,15310
4357.6,1071,15,4.7,15308
4358.7,1070,63,4.7,15302
4359.7,1073,0,5.5,15358
4360.7,1062,59,4.9,15358
4361.7,1053,24,4.1,15360
4362.7,1051,63,4.3,15354
4363.8,1064,66,4.2,15367
4364.8,1064,22,4.4,15315
4365.8,1063,18,5.5,15352
4366.8,1063,26,4.9,15366
4367.8,1070,26,4.9,15364
4368.9,1064,33,6.5,15396
4369.9,1064,39,4.7,15408
4370.9,1063,67,4.8,15371
4371.9,1063,65,5.0,15389
4373.0,1060,62,4.6,15404
4374.0,1042,17,4.8,15442
4375.0,1042,17,4.2,15436
4376.1,1042,26,4.7,15443
4377.1,1042,26,5.8,15419
4378.1,1042,68,4.3,15390
4379.1,1042,65,4.5,15410
4380.1,1042,63,4.2,15428
4381.2,1042,17,4.0,15430
4382.2,1042,58,4.5,15436
4383.2,1042,25,5.0,15442
4384.2,1042,61,4.0,15463
4385.2,1042,65,4.4,15430
4386.3,1042,62,5.0,15424
4387.3,1042,22,4.4,15408
4388.3,1042,18,4.5,15402
4389.3,1042,27,5.2,15421
4390.3,1042,65,4.2,15350
4391.4,1042,62,4.0,15353
4392.4,1042,16,4.4,15353
4393.4,1042,64,4.5,15359
4394.4,1042,65,4.4,15346
4395.5,1042,21,4.4,15350
4396.5,1042,16,4.0,15325
4397.5,1042,27,4.4,15330
4398.5,1042,27,4.9,15323
4399.5,1042,64,3.9,15318
4400.6,1042,64,4.6,15341
4401.6,1043,17,4.3,15345
4402.6,1042,62,4.1,15345
4403.6,1042,25,4.4,15355
4404.6,1042,33,3.9,15360
4405.7,1050,73,4.0,15352
4406.7,1057,62,4.3,15358
4407.7,1057,17,4.1,15355
4408.7,1064,59,4.3,15353
4409.8,1068,0,4.6,15381
4410.8,1066,0,4.3,15387
4411.8,1048,0,4.5,15376
4412.8,1047,0,4.3,15371
4413.8,1047,0,3.8,15374
4414.9,1058,27,4.3,15392
4415.9,1051,0,4.5,15373
4416.9,1051,0,4.0,15368
4417.9,1051,0,4.4,15363
4418.9,1051,0,3.8,15352
4420.0,1036,0,4.1,15331
4421.0,1036,0,4.8,15323
4422.0,1036,0,3.8,15316
4423.0,1036,0,3.8,15313
4424.0,1036,0,3.8,15341
4425.1,1036,0,4.0,15357
4426.1,1050,0,4.5,15359
4427.1,1050,0,4.0,15357
4428.1,1050,0,4.4,15356
4429.2,1050,0,4.2,15351
4430.2,1050,11,3.9,15344
4431.2,1049,0,3.9,15339
4432.2,1051,68,4.3,15359
4433.2,1064,9,4.2,15364
4434.3,1080,21,8.1,15380
4435.3,1076,30,4.8,15411
4436.3,1075,30,4.5,15388
4437.3,1076,69,4.8,15371
4438.3,1116,16,4.3,15375
4439.4,1117,11,3.3,15357
4440.4,1069,0,4.2,15355
4441.4,1069,0,3.7,15356
4442.4,1069,0,3.7,15291
4443.5,1069,0,5.3,15358
4444.5,1069,39,5.6,15367
4445.5,1069,10,4.0,15391
4446.5,1075,0,4.4,15391
4447.5,1075,43,4.5,15401
4448.6,1075,0,4.1,15406
4449.6,1075,78,5.9,15491
4450.6,1061,12,4.4,15491
4451.7,1062,3,5.1,15443
4452.7,1061,0,4.4,15439
4453.7,1061,0,3.7,15446
4454.7,1053,9,4.9,15469
4455.7,1043,0,4.3,15451
4456.8,1041,0,4.2,15417
4457.8,1039,7,4.3,15413
4458.8,1039,2,5.0,15407
4459.8,1038,0,4.2,15402
4460.8,1041,0,4.6,15398
4461.9,1041,31,4.5,15438
4462.9,1041,0,4.1,15430
4463.9,1041,20,4.1,15423
4464.9,1042,0,4.5,15445
4465.9,1041,6,4.3,15454
4467.0,1041,0,4.3,15436
4468.0,1041,93,5.1,15433
4469.0,1040,15,4.3,15350
4470.0,1040,2,4.0,15395
4471.1,1040,0,4.4,15371
4472.1,1040,0,4.0,15395
4473.1,1039,0,4.5,15400
4474.1,1039,0,4.1,15398
4475.2,1034,94,4.1,15419
4476.2,1032,0,4.5,15432
4477.2,1032,0,4.1,15415
4478.2,1031,8,4.6,15452
4479.2,1031,0,4.7,15454
4480.3,1031,0,5.1,15443
4481.3,1031,0,4.2,15452
4482.3,1031,0,4.7,15467
4483.3,1031,21,4.8,15485
4484.4,1036,39,4.1,15446
4485.4,1035,0,4.4,15457
4486.4,1036,0,4.0,15462
4487.5,1035,3,4.5,15463
4488.5,1034,0,4.8,15466
4489.5,1036,0,4.9,15466
4490.5,1033,60,4.9,15458
4491.6,1034,9,4.6,15446
4492.6,1034,10,5.0,15430
4493.6,1043,1,4.5,15422
4494.7,1043,0,5.0,15461
4495.7,1041,3,4.4,15489
4496.7,1108,29,7.8,15506
4497.7,1053,37,6.6,15531
4498.7,1080,1,6.2,15556
4499.8,1053,26,6.5,15604
4500.8,1091,2,5.9,15584
4501.8,1079,15,4.4,15575
4502.8,1079,1,3.8,15511
4503.9,1058,38,5.0,15526
4504.9,1053,0,3.9,15543
4505.9,1107,63,5.2,15556
4506.9,1108,6,5.4,15582
4507.9,1083,5,4.9,15598
4509.0,1081,6,5.0,15608
4510.0,1079,0,4.2,15623
4511.0,1080,0,4.1,15619
4512.0,1056,0,3.9,15626
4513.1,1055,0,4.0,15623
4514.1,1053,24,4.6,15612
4515.1,1053,27,4.4,15618
4516.2,1052,21,4.7,15623
4517.2,1052,9,4.5,15620
4518.2,1055,0,4.8,15608
4519.2,1055,0,4.4,15605
4520.3,1053,78,4.6,15616
4521.3,1051,90,5.0,15612
4522.3,1051,2,4.5,15606
4523.3,1054,0,4.9,15595
4524.4,1054,9,4.6,15591
4525.4,1055,0,4.3,15573
4526.4,1056,28,4.8,15565
4527.4,1055,5,4.3,15571
4528.5,1055,0,4.9,15576
4529.5,1055,9,5.0,15573
4530.5,1053,0,5.6,15569
4531.5,1052,0,4.7,15599
4532.5,1052,0,4.9,15590
4533.6,1052,0,4.9,15587
4534.6,1050,0,4.7,15585
4535.6,1054,27,5.2,15559
4536.7,1053,14,5.5,15551
4537.7,1051,0,4.9,15550
4538.7,1051,0,4.4,15559
4539.7,1051,87,4.8,15581
4540.7,1051,18,4.8,15575
4541.8,1051,19,4.8,15604
4542.8,1050,0,4.6,15596
4543.8,1050,0,4.0,15581
4544.8,1049,0,4.7,15589
4545.8,1048,0,4.5,15609
4546.9,1052,0,4.7,15609
4548.0,1052,32,4.9,15613
4549.0,1052,22,5.1,15608
4550.0,1052,0,5.9,15615
4551.0,1053,88,4.9,15604
4552.1,1051,0,4.4,15602
4553.1,1052,32,5.0,15581
4554.1,1052,0,4.6,15616
4555.1,1051,20,4.5,15640
4556.2,1052,0,4.0,15636
4557.2,1052,21,4.6,15632
4558.2,1051,0,4.8,15621
4559.3,1043,0,5.1,15549
4560.3,1043,22,4.9,15599
4561.3,1041,0,5.2,15633
4562.4,1038,0,4.6,15641
4563.4,1041,66,4.1,15653
4564.4,1031,57,4.0,15656
4565.4,1031,16,5.0,15678
4566.5,1025,25,4.0,15678
4567.5,1024,61,3.9,15702
4568.5,1024,59,3.9,15711
4569.5,1024,62,3.4,15718
4570.6,1021,14,3.9,15709
4571.6,1019,23,4.2,15706
4572.6,1019,31,3.7,15696
4573.6,1019,65,4.3,15685
4574.6,1019,61,3.8,15661
4575.7,1019,59,3.5,15642
4576.7,1019,16,3.9,15643
4577.7,1019,28,3.1,15620
4578.7,1019,65,3.9,15606
4579.7,1019,61,3.6,15594
4580.8,1019,59,3.5,15580
4581.8,1019,16,3.8,15587
4582.8,1027,0,4.7,15601
4583.8,1028,0,3.7,15597
4584.8,1028,84,5.0,15628
4585.9,1028,0,4.2,15620
4586.9,1028,0,4.4,15635
4587.9,1026,6,4.0,15620
4588.9,1026,19,4.2,15636
4589.9,988,11,4.3,15642
4591.0,988,0,3.8,15669
4592.0,988,31,4.2,15665
4593.0,988,0,4.0,15659
4594.1,988,0,3.6,15645
4595.1,988,3,3.4,15625
4596.1,990,10,3.6,15623
4597.1,989,10,3.7,15630
4598.1,989,9,4.2,15635
4599.2,990,4,4.0,15647
4600.2,989,15,4.0,15664
4601.2,989,0,4.0,15649
4602.2,990,10,6.3,15655
4603.3,989,8,4.7,15638
4604.3,989,10,4.6,15629
4605.3,1025,14,4.5,15554
4606.4,1025,24,4.5,15598
4607.4,987,0,5.2,15648
4608.4,1024,45,4.2,15657
4609.4,1023,41,4.4,15645
4610.4,1023,0,4.7,15665
4611.5,1026,19,4.9,15646
4612.5,1027,68,4.5,15630
4613.5,991,0,4.0,15627
4614.6,991,0,5.2,15678
4615.6,991,77,4.2,15698
4616.6,990,0,4.4,15704
4617.6,993,15,4.9,15711
4618.6,994,19,4.9,15719
4619.7,994,47,4.7,15714
4620.7,994,0,4.0,15679
4621.7,994,0,4.7,15632
4622.7,994,0,4.8,15704
4623.8,992,66,4.7,15693
4624.8,992,2,4.7,15701
4625.8,992,0,4.4,15707
4626.8,994,0,4.4,15707
4627.9,994,64,4.3,15732
4628.9,994,61,4.8,15741
4629.9,991,18,4.3,15742
4630.9,990,18,4.3,15731
4632.0,986,28,4.5,15768
4633.0,986,28,4.6,15748
4634.0,984,68,4.5,15705
4635.0,984,65,4.5,15687
4636.1,984,63,4.1,15694
4637.1,982,62,0.7,15705
4638.1,982,19,1.9,15660
4639.1,982,16,0.5,15668
4640.1,982,64,0.4,15670
4641.2,982,64,0.6,15659
4642.2,983,18,0.5,15661
4643.2,983,17,0.5,15657
4644.2,983,27,0.4,15666
4645.2,983,27,0.4,15667
4646.3,990,68,0.8,15638
4647.3,990,11,1.0,15646
4648.3,989,22,1.3,15742
4649.3,990,22,2.3,15592
