1403636579.963555574 -0.000000199 0.000000000 -0.000000043 -0.000000014 -0.000000034 -0.000000010 1.000000000
1403636580.013555527 -0.025056906 -0.000284443 0.008321283 0.000097608 -0.004820933 0.001845022 0.999986708
1403636580.063555479 -0.051377319 -0.000824354 0.016477551 -0.000297681 -0.008402492 0.002511865 0.999961495
1403636580.113555431 -0.076100051 -0.001016557 0.024372518 0.000127880 -0.010927245 0.004967680 0.999927998
1403636580.163555622 -0.100516811 -0.001409985 0.031878896 0.000619753 -0.012733811 0.006326876 0.999898732
1403636580.213555574 -0.124974631 -0.002068821 0.038712453 0.000843362 -0.015195522 0.006186848 0.999865115
1403636580.263555527 -0.146048769 -0.002451765 0.045279469 0.000892937 -0.017876657 0.005516336 0.999824584
1403636580.313555479 -0.165215001 -0.003105695 0.049320661 0.000597337 -0.021738648 0.003111652 0.999758720
1403636580.363555670 -0.183338791 -0.003514438 0.054004714 0.001745703 -0.027404424 0.002824193 0.999618948
1403636580.413555384 -0.199262962 -0.004087372 0.057314705 0.001623895 -0.034709990 0.001659642 0.999394774
1403636580.463555574 -0.210306689 -0.004797149 0.058043607 0.002049127 -0.043708030 0.001246297 0.999041498
1403636580.513555527 -0.216169521 -0.005432472 0.058992267 0.002218710 -0.052873705 0.001458409 0.998597741
1403636580.563555479 -0.215156436 -0.005999544 0.058284283 0.003132899 -0.059421882 0.002296175 0.998225391
1403636580.613555431 -0.205315858 -0.007006855 0.054500949 0.004718617 -0.061850850 0.003537861 0.998067975
1403636580.663555622 -0.187272266 -0.008183559 0.048442252 0.005095877 -0.060900833 0.003387853 0.998125076
1403636580.713555574 -0.161917806 -0.009283966 0.041435160 0.003474195 -0.056417026 0.000977301 0.998400807
1403636580.763555527 -0.130868196 -0.010594143 0.033065267 0.001177196 -0.051386483 -0.002060735 0.998676062
1403636580.813555479 -0.096431591 -0.011964432 0.024223480 -0.002397322 -0.044916902 -0.005836763 0.998970807
1403636580.863555670 -0.059268814 -0.012332278 0.016485536 -0.007604513 -0.036806226 -0.008986451 0.999253154
1403636580.913555384 -0.017933063 -0.013443439 0.007124403 -0.012756330 -0.029596234 -0.012932205 0.999396861
1403636580.963555574 0.019561676 -0.015186057 -0.004688513 -0.014661592 -0.021859005 -0.014761605 0.999544621
1403636581.013555527 0.055711515 -0.017355938 -0.015304971 -0.014819737 -0.014860234 -0.016267926 0.999647379
1403636581.063555479 0.087398887 -0.018458670 -0.022794887 -0.013667650 -0.008038449 -0.015359456 0.999756336
1403636581.113555431 0.119395837 -0.019964347 -0.031961817 -0.014222376 -0.001526641 -0.014871071 0.999787092
1403636581.163555622 0.148215026 -0.021468865 -0.040018328 -0.014629824 0.006306509 -0.012226934 0.999798357
1403636581.213555574 0.173057556 -0.021050032 -0.046904899 -0.014892765 0.014519076 -0.010129800 0.999732435
1403636581.263555527 0.193663269 -0.020305132 -0.052262560 -0.014784937 0.023447985 -0.007830648 0.999585092
1403636581.313555479 0.209241509 -0.019674825 -0.059195422 -0.014332515 0.030956997 -0.008723368 0.999379933
1403636581.363555670 0.218424842 -0.019679449 -0.064993076 -0.014950652 0.036039926 -0.008752974 0.999200225
1403636581.413555384 0.216269314 -0.018859744 -0.065128267 -0.017024890 0.037638608 -0.011148309 0.999084234
1403636581.463555574 0.209646046 -0.017480828 -0.065171026 -0.018466758 0.034907695 -0.014041668 0.999121308
1403636581.513555527 0.192147106 -0.014706110 -0.057302136 -0.019741055 0.029849425 -0.016521292 0.999222875
1403636581.563555479 0.170670003 -0.014093937 -0.049912106 -0.020592721 0.023548013 -0.015358531 0.999392629
1403636581.613555431 0.144098416 -0.010084160 -0.039723244 -0.019478325 0.017090119 -0.013981164 0.999566495
1403636581.663555622 0.114471465 -0.007677335 -0.027907968 -0.018800976 0.012189111 -0.011629602 0.999681354
1403636581.713555574 0.083565190 -0.006943634 -0.024315698 -0.018533353 0.008331307 -0.013357468 0.999704361
1403636581.763555527 0.051869888 -0.003023423 -0.012052399 -0.016892843 0.006681229 -0.011246358 0.999771714
1403636581.813555479 0.020496326 -0.000909887 -0.003577144 -0.013872784 0.005092436 -0.011119836 0.999828994
1403636581.863555670 -0.012341673 0.000865079 0.006652641 -0.012745680 0.002816919 -0.010617006 0.999858439
1403636581.913555384 -0.044759121 0.002446990 0.015743054 -0.011020118 -0.002040373 -0.008401551 0.999901950
1403636581.963555574 -0.077902958 0.000947749 0.021153947 -0.013503142 -0.008628847 -0.007330021 0.999844790
1403636582.013555527 -0.106390469 0.001617982 0.029311195 -0.015433875 -0.016723493 -0.005716916 0.999724686
1403636582.063555479 -0.132336691 0.001711084 0.036442056 -0.017208459 -0.025460759 -0.005796488 0.999510944
1403636582.113555431 -0.153752431 0.001453332 0.041783798 -0.016795257 -0.033933274 -0.006192750 0.999263883
1403636582.163555622 -0.171133295 0.000473482 0.045330398 -0.015322789 -0.040855039 -0.005833000 0.999030650
1403636582.213555574 -0.178958386 -0.001369384 0.047110051 -0.013536758 -0.046437133 -0.006471571 0.998808563
1403636582.263555527 -0.178019151 -0.002850022 0.046447668 0.012583707 0.050053645 0.006657569 -0.998645067
1403636582.313555479 -0.167872384 -0.004725981 0.043689944 0.011135112 0.051188685 0.006597992 -0.998605192
1403636582.363555670 -0.149598330 -0.007119909 0.038404334 0.010080484 0.048683383 0.005834415 -0.998746455
1403636582.413555384 -0.125572473 -0.009708704 0.031130260 0.009593211 0.042339560 0.005872613 -0.999040067
1403636582.463555574 -0.100499108 -0.010682071 0.024307398 -0.009480659 -0.034488279 -0.005475706 0.999345183
1403636582.513555527 -0.070615388 -0.012249182 0.016050614 0.010804201 0.027926855 0.007526966 -0.999523282
1403636582.563555479 -0.039229408 -0.013656559 0.007277297 0.012558511 0.022831878 0.007940392 -0.999628961
1403636582.613555431 -0.005780306 -0.015291324 -0.003404654 0.015685134 0.020261601 0.010122661 -0.999620438
1403636582.663555622 0.026534926 -0.015829274 -0.012872871 0.018407039 0.017804954 0.010307997 -0.999618948
1403636582.713555574 0.058220450 -0.015988462 -0.022235980 0.019574901 0.015388741 0.009697291 -0.999642968
1403636582.763555527 0.090190575 -0.014879679 -0.031127488 0.021639138 0.011831168 0.007828664 -0.999665201
1403636582.813555479 0.121677376 -0.013745313 -0.039533705 0.024829177 0.006881234 0.005359161 -0.999653697
1403636582.863555670 0.153880894 -0.012666074 -0.048197951 0.029274072 0.000120022 0.003112649 -0.999566615
1403636582.913555384 0.182811916 -0.011568998 -0.056967970 0.032315750 -0.008171355 0.000653612 -0.999444187
1403636582.963555574 0.207891375 -0.008927348 -0.066232845 -0.033744678 0.016803173 -0.000386812 0.999289215
1403636583.013555527 0.227613300 -0.008402833 -0.073539414 0.035452656 -0.025160013 0.000138378 -0.999054611
1403636583.063555479 0.241266832 -0.007250671 -0.079811998 -0.035268534 0.030571861 -0.001512285 0.998908997
1403636583.113555431 0.246662349 -0.006526374 -0.082140245 0.036185648 -0.032856826 0.002565842 -0.998801589
1403636583.163555622 0.243705064 -0.005499364 -0.081551716 0.038217999 -0.032907289 0.004756193 -0.998716176
1403636583.213555574 0.233073324 -0.004751077 -0.078096963 0.038799513 -0.031627011 0.006733967 -0.998723745
1403636583.263555527 0.215705335 -0.004179334 -0.072103776 0.038002960 -0.029709198 0.007516561 -0.998807669
1403636583.313555479 0.193979770 -0.003143416 -0.063988142 0.037094582 -0.027654635 0.007460892 -0.998901248
1403636583.363555670 0.166872218 -0.001581355 -0.053114079 0.036418825 -0.025180759 0.008031570 -0.998987079
1403636583.413555384 0.137984484 0.000874854 -0.042755656 0.034148995 -0.022826482 0.007180740 -0.999130249
1403636583.463555574 0.106656574 0.003577563 -0.032599073 0.031879798 -0.019459384 0.009121899 -0.999260664
1403636583.513555527 0.076334447 0.006815165 -0.021365762 -0.030361151 0.016151445 -0.009645508 0.999361932
1403636583.563555479 0.043081515 0.009477330 -0.011211865 0.030121205 -0.011704090 0.011478557 -0.999411881
1403636583.613555431 0.009246495 0.011879292 0.000277871 -0.032641727 0.006148582 -0.012893442 0.999365091
1403636583.663555622 -0.024396412 0.013283232 0.010228368 0.029703006 0.002177523 0.011139295 -0.999494314
1403636583.713555574 -0.056388412 0.014169391 0.019827092 -0.028084913 -0.012726077 -0.007192749 0.999498725
1403636583.763555527 -0.086000793 0.015137507 0.027816949 0.026022442 0.024185318 0.003203500 -0.999363661
1403636583.813555479 -0.113620773 0.015952943 0.036175251 -0.025601929 -0.034335751 0.000062695 0.999082386
1403636583.863555670 -0.137886688 0.016597955 0.042225204 0.025685629 0.041933276 -0.000437891 -0.998790085
1403636583.913555384 -0.158711135 0.017235685 0.046869360 -0.026365677 -0.047222737 -0.002589491 0.998533070
1403636583.963555574 -0.175189093 0.017384008 0.050635166 -0.024869235 -0.050433461 -0.005780059 0.998401105
1403636584.013555527 -0.186455861 0.016358254 0.052094240 0.022056136 0.051876601 0.007437722 -0.998382270
1403636584.063555479 -0.191313222 0.014775543 0.051660135 -0.018280672 -0.051965535 -0.008403485 0.998446226
1403636584.113555431 -0.188976482 0.013335629 0.050382830 -0.015256418 -0.051934667 -0.008121957 0.998500943
1403636584.163555622 -0.179307714 0.012015565 0.048107862 0.013239087 0.052099679 0.008432929 -0.998518527
1403636584.213555574 -0.162916034 0.010942155 0.044942498 0.012592944 0.051922143 0.009189541 -0.998529494
1403636584.263555527 -0.140908241 0.009592536 0.039707575 0.012417818 0.050436094 0.009154241 -0.998608112
1403636584.313555479 -0.115107395 0.008056983 0.033046279 0.012561549 0.048334755 0.009401399 -0.998707950
1403636584.363555670 -0.085767157 0.007121849 0.026892148 0.013683207 0.046548255 0.010947124 -0.998762369
1403636584.413555384 -0.054697488 0.006152520 0.020993084 0.017770728 0.044286083 0.014781662 -0.998751521
1403636584.463555574 -0.017600996 0.006529978 0.011764171 0.021016324 0.041227061 0.017397104 -0.998777270
1403636584.513555527 0.017619601 0.005681835 0.002026559 -0.022587543 -0.036192507 -0.018097823 0.998925686
1403636584.563555479 0.054148056 0.004652135 -0.005856453 0.024340013 0.029362231 0.017373705 -0.999121487
1403636584.613555431 0.091016091 0.003588374 -0.014009627 0.026855586 0.020547781 0.016629260 -0.999289751
1403636584.663555622 0.127212584 0.001352469 -0.022564121 0.030857785 0.010126995 0.015828606 -0.999347150
1403636584.713555574 0.160784930 -0.000043657 -0.031697623 0.033901583 -0.000849087 0.015777115 -0.999300301
1403636584.763555527 0.190004513 -0.001770628 -0.040696610 0.037703589 -0.010817178 0.015253826 -0.999113977
1403636584.813555479 0.217519954 -0.003208191 -0.049673542 0.039410103 -0.019108027 0.015245141 -0.998924136
1403636584.863555670 0.239588991 -0.002794119 -0.060048498 -0.039850753 0.026409511 -0.012645079 0.998776555
1403636584.913555384 0.257070690 -0.004827926 -0.067134708 0.039309006 -0.031140070 0.011110979 -0.998679996
1403636584.963555574 0.267585516 -0.006598663 -0.071509011 0.040156588 -0.033637110 0.007954109 -0.998595357
1403636585.013555527 0.270063102 -0.007616281 -0.074394062 -0.042029586 0.033719350 -0.006564415 0.998525679
1403636585.063555479 0.266529113 -0.007923836 -0.072949156 0.043768089 -0.032073949 0.005267953 -0.998512924
1403636585.113555431 0.256948650 -0.007902173 -0.068995878 0.044007756 -0.029746484 0.004784937 -0.998576820
1403636585.163555622 0.241538748 -0.007127021 -0.063080251 0.046492588 -0.026958341 0.004059121 -0.998546600
1403636585.213555574 0.222976640 -0.004811236 -0.053786553 0.049236160 -0.023419453 0.004488296 -0.998502493
1403636585.263555527 0.200451210 -0.002062979 -0.045121044 0.052494634 -0.020023812 0.007662904 -0.998391092
1403636585.313555479 0.176271349 0.000939480 -0.036001179 0.054979935 -0.017064733 0.010414094 -0.998287380
1403636585.363555670 0.150457516 0.003063340 -0.027375776 0.056581650 -0.013433550 0.015245547 -0.998191178
1403636585.413555384 0.126876161 0.008905218 -0.017716104 -0.056921389 0.010262442 -0.016976513 0.998181641
1403636585.463555574 0.101223402 0.011155184 -0.010046141 0.053763699 -0.005479674 0.018808724 -0.998361528
1403636585.513555527 0.075945035 0.013066641 -0.003854187 0.051122252 -0.000050510 0.020049656 -0.998491168
1403636585.563555479 0.051608700 0.015073612 0.001216919 -0.045190424 -0.005868307 -0.020815948 0.998744249
1403636585.613555431 0.029480763 0.016111417 0.002745627 0.038582906 0.012072931 0.020366350 -0.998974919
1403636585.663555622 0.010903748 0.016789690 0.002713861 0.032254554 0.018866973 0.018250275 -0.999134958
1403636585.713555574 -0.004407049 0.016995858 0.001865988 -0.026002659 -0.026200993 -0.015398365 0.999199808
1403636585.763555527 -0.015743863 0.017458973 -0.000527069 0.022001022 0.034028608 0.012306713 -0.999102890
1403636585.813555479 -0.023912061 0.017204147 -0.003940151 0.017581642 0.041949634 0.008111975 -0.998932123
1403636585.863555670 -0.029382437 0.016367290 -0.007206524 -0.014098664 -0.051064149 -0.004506163 0.998585701
1403636585.913555384 -0.032164291 0.015922343 -0.011468809 0.011631992 0.060372982 0.001382087 -0.998107195
1403636585.963555574 -0.033659328 0.015835280 -0.015263918 0.012015162 0.071029715 -0.001147109 -0.997401237
1403636586.013555527 -0.034085251 0.015685888 -0.018403333 0.015427601 0.082998335 -0.003581195 -0.996423841
1403636586.063555479 -0.033756398 0.015612629 -0.021180429 0.022372328 0.095384046 -0.004320575 -0.995179772
1403636586.113555431 -0.032654483 0.014220371 -0.024781736 -0.029061755 -0.106122226 0.006261987 0.993908584
1403636586.163555622 -0.031258851 0.012251218 -0.027866069 0.034504138 0.115497552 -0.008587294 -0.992671192
1403636586.213555574 -0.030053601 0.009763946 -0.031445440 0.037013378 0.124054886 -0.011075761 -0.991522908
1403636586.263555527 -0.029486746 0.007500465 -0.035586473 0.037876919 0.133491367 -0.012751344 -0.990243793
1403636586.313555479 -0.029255262 0.005858298 -0.040069606 0.038859382 0.143375576 -0.015608088 -0.988782048
1403636586.363555670 -0.029977279 0.005696391 -0.045886107 -0.039919399 -0.153607085 0.017895125 0.987163186
1403636586.413555384 -0.030905167 0.005054919 -0.051299892 0.040583249 0.163707316 -0.021059869 -0.985448897
1403636586.463555574 -0.032075658 0.005238953 -0.057064287 0.040777430 0.173393875 -0.021292984 -0.983777642
1403636586.513555527 -0.032714844 0.006472837 -0.062531203 0.040678833 0.181870013 -0.020749766 -0.982261658
1403636586.563555479 -0.032390028 0.008608494 -0.067119159 0.039318953 0.188490748 -0.020199573 -0.981079638
1403636586.613555431 -0.031170551 0.011825898 -0.070528641 0.037893489 0.192312688 -0.019848220 -0.980400980
1403636586.663555622 -0.029076643 0.016063575 -0.072572589 0.037906274 0.192878962 -0.020618206 -0.980273306
1403636586.713555574 -0.026265690 0.020775309 -0.074241757 -0.036876243 -0.190434873 0.020566251 0.980791450
1403636586.763555527 -0.024671262 0.025063993 -0.073971771 0.034555335 0.186634496 -0.021491177 -0.981586277
1403636586.813555479 -0.022989901 0.029795639 -0.072597794 0.032586418 0.182463482 -0.021614099 -0.982434809
1403636586.863555670 -0.022283498 0.033426866 -0.070741862 0.031440176 0.178732097 -0.020693434 -0.983177602
1403636586.913555384 -0.021947812 0.035445593 -0.068592913 0.029699948 0.175968274 -0.018507112 -0.983773708
1403636586.963555574 -0.021442287 0.036571410 -0.066262439 0.027426971 0.173775852 -0.017338943 -0.984250605
1403636587.013555527 -0.020301195 0.037584949 -0.063599609 0.024949109 0.172801644 -0.014412638 -0.984535217
1403636587.063555479 -0.019196976 0.038379513 -0.061003122 0.023542030 0.173555851 -0.013223927 -0.984453857
1403636587.113555431 -0.017785665 0.039823681 -0.058462039 0.022355696 0.176023856 -0.011249610 -0.984067738
1403636587.163555622 -0.016839305 0.042511586 -0.055795625 0.021984089 0.178490639 -0.009774664 -0.983647466
1403636587.213555574 -0.015012836 0.046711672 -0.053021189 -0.021177582 -0.180006489 0.009262921 0.983393788
1403636587.263555527 -0.014399732 0.052528009 -0.050221812 0.021568043 0.180975869 -0.009891184 -0.983201265
1403636587.313555479 -0.013607353 0.060211167 -0.047227282 0.022192096 0.181543410 -0.010908384 -0.983072042
1403636587.363555670 -0.012442384 0.069773518 -0.043962333 0.023445629 0.182286784 -0.011862548 -0.982894301
1403636587.413555384 -0.011106918 0.080840185 -0.040888775 0.024513252 0.183067545 -0.013133594 -0.982706964
1403636587.463555574 -0.009861788 0.093554124 -0.038173642 0.025467066 0.184126526 -0.015203469 -0.982454956
1403636587.513555527 -0.008479285 0.107873723 -0.036009818 0.026213201 0.185137853 -0.017394435 -0.982208908
1403636587.563555479 -0.007123338 0.123874433 -0.034275081 0.027097747 0.185702369 -0.019205457 -0.982044578
1403636587.613555431 -0.005662274 0.141057476 -0.033140492 -0.029146401 -0.185287625 0.021086967 0.982025623
1403636587.663555622 -0.003343759 0.159277916 -0.031644933 0.031259298 0.183027431 -0.022984782 -0.982341886
1403636587.713555574 -0.000627931 0.178143010 -0.030036200 0.034088444 0.179596931 -0.025190143 -0.982826769
1403636587.763555527 0.002067669 0.197106540 -0.028578877 0.037285063 0.175733045 -0.027944380 -0.983334541
1403636587.813555479 0.004235096 0.215995207 -0.027265972 0.040951885 0.172876894 -0.029800974 -0.983640432
1403636587.863555670 0.005169012 0.233717501 -0.025187617 -0.044381276 -0.171827629 0.031944893 0.983608246
1403636587.913555384 0.005071661 0.251762301 -0.024214650 0.047701769 0.172964096 -0.033230565 -0.983210921
1403636587.963555574 0.004174965 0.269137055 -0.023505263 0.052248821 0.176490605 -0.034185391 -0.982320011
1403636588.013555527 0.003032984 0.285534531 -0.023006476 0.057428744 0.181783706 -0.034433845 -0.981056094
1403636588.063555479 0.001513862 0.300146103 -0.022112137 0.061453167 0.186389968 -0.036561318 -0.979870200
1403636588.113555431 -0.000104788 0.312779784 -0.020880828 0.062492788 0.189662263 -0.037905242 -0.979125142
1403636588.163555622 -0.003119300 0.325462699 -0.016967721 -0.063213870 -0.191387564 0.037621934 0.978754044
1403636588.213555574 -0.004795040 0.334690809 -0.016017850 0.062613718 0.191724434 -0.037532784 -0.978730083
1403636588.263555527 -0.006236948 0.341720194 -0.015118325 0.061807681 0.190831676 -0.037908927 -0.978941321
1403636588.313555479 -0.007367783 0.346446246 -0.014482901 0.060503207 0.189098805 -0.038869184 -0.979321361
1403636588.363555670 -0.008410932 0.349038273 -0.014038518 0.058747433 0.187260300 -0.039266497 -0.979765534
1403636588.413555384 -0.009444844 0.349558800 -0.014111036 0.058142498 0.185627669 -0.040518358 -0.980061293
1403636588.463555574 -0.010249290 0.347960651 -0.014567431 0.058123261 0.185098380 -0.041209470 -0.980133772
1403636588.513555527 -0.010330897 0.344585717 -0.015688825 0.059840150 0.185650945 -0.040190563 -0.979968190
1403636588.563555479 -0.009453477 0.338970333 -0.017032046 0.060911328 0.185588300 -0.039397940 -0.979946256
1403636588.613555431 -0.008363960 0.330715179 -0.019006534 0.060750712 0.185194463 -0.039477158 -0.980027556
1403636588.663555622 -0.007352203 0.320686936 -0.021252129 -0.060026027 -0.184630468 0.039061986 0.980195224
1403636588.713555574 -0.007597360 0.308695793 -0.023735607 0.058040321 0.185115606 -0.039556194 -0.980203509
1403636588.763555527 -0.008354551 0.295369327 -0.025908895 -0.055573225 -0.186606586 0.038350992 0.980111659
1403636588.813555479 -0.009484632 0.280797303 -0.027891347 0.053380474 0.188190237 -0.037707612 -0.979955673
1403636588.863555670 -0.010741121 0.264517099 -0.029496308 0.051040016 0.189039454 -0.037552714 -0.979922891
1403636588.913555384 -0.011536738 0.246355653 -0.031191658 0.048189059 0.188956901 -0.037456673 -0.980086803
1403636588.963555574 -0.011892358 0.227094531 -0.033015970 -0.045533311 -0.188240349 0.036438446 0.980390012
1403636589.013555527 -0.011706579 0.206838548 -0.035452273 0.042538758 0.186498076 -0.035255179 -0.980900645
1403636589.063555479 -0.011136364 0.185662121 -0.038287699 0.039212968 0.184025720 -0.033906344 -0.981553495
1403636589.113555431 -0.010196757 0.163878471 -0.041046266 0.036052521 0.181459159 -0.031809561 -0.982222438
1403636589.163555622 -0.009031001 0.141242549 -0.043596234 0.033667631 0.179056004 -0.030668901 -0.982784331
1403636589.213555574 -0.006342245 0.117079481 -0.049107708 0.031363375 0.178243116 -0.029635234 -0.983039916
1403636589.263555527 -0.006006390 0.093032964 -0.051391803 0.029318487 0.178466529 -0.028586168 -0.983093619
1403636589.313555479 -0.006170290 0.068680190 -0.053132180 0.026613172 0.179837093 -0.026628038 -0.982975781
1403636589.363555670 -0.007404052 0.044045996 -0.054643970 0.024014596 0.182086930 -0.025376497 -0.982661545
1403636589.413555384 -0.008713670 0.020112550 -0.055641256 0.021751435 0.184056774 -0.023140008 -0.982402444
1403636589.463555574 -0.012411652 -0.004408697 -0.055489466 -0.020735156 -0.183870152 0.021374807 0.982499421
1403636589.513555527 -0.014175519 -0.028305735 -0.056656510 -0.019502161 -0.183032528 0.020765791 0.982694089
1403636589.563555479 -0.016125029 -0.052160822 -0.057840589 0.017586078 0.181756601 -0.020365076 -0.982975364
1403636589.613555431 -0.017769573 -0.075772956 -0.059357341 -0.016378045 -0.180468410 0.019188516 0.983257174
1403636589.663555622 -0.019735774 -0.099081770 -0.060312513 -0.014786555 -0.179272383 0.018111970 0.983521640
1403636589.713555574 -0.022013158 -0.122098856 -0.061463680 -0.013371645 -0.178640306 0.017264113 0.983672082
1403636589.763555527 -0.024754319 -0.144654140 -0.062281772 0.009926823 0.179088205 -0.016998893 -0.983636081
1403636589.813555479 -0.027835909 -0.166115910 -0.063381024 -0.005965801 -0.181066915 0.016203435 0.983319223
1403636589.863555670 -0.031269886 -0.185521945 -0.063642658 0.002084792 0.184426889 -0.015106511 -0.982728004
1403636589.913555384 -0.034893319 -0.204352885 -0.064926952 0.002253778 -0.187486365 0.014307472 0.982160449
1403636589.963555574 -0.038229272 -0.220746040 -0.064832680 -0.006944026 0.189397231 -0.014717008 -0.981765687
1403636590.013555527 -0.041106056 -0.235705227 -0.065553322 0.011470530 -0.188985422 0.014774539 0.981801808
1403636590.063555479 -0.042061072 -0.248043612 -0.065798543 -0.014709543 0.186444789 -0.014258082 -0.982251883
1403636590.113555431 -0.042462002 -0.257964969 -0.066204853 -0.017753439 0.183005095 -0.013844648 -0.982854128
1403636590.163555622 -0.042765338 -0.265145034 -0.066657402 0.020472363 -0.179571897 0.014068702 0.983431220
1403636590.213555574 -0.042204224 -0.268749326 -0.067456111 -0.021796105 0.177414656 -0.013512547 -0.983802021
1403636590.263555527 -0.041547023 -0.269089252 -0.068497114 -0.021913420 0.176799133 -0.012552295 -0.983922958
1403636590.313555479 -0.040843468 -0.266404688 -0.069886304 -0.021074226 0.177728012 -0.011263007 -0.983789504
1403636590.363555670 -0.040119629 -0.260823488 -0.071545593 -0.018814031 0.178855464 -0.010965170 -0.983634412
1403636590.413555384 -0.039129898 -0.252232939 -0.073503599 -0.016201111 0.179571554 -0.010278046 -0.983557880
1403636590.463555574 -0.037783712 -0.240750507 -0.075446226 -0.012316493 0.179341808 -0.010011412 -0.983658850
1403636590.513555527 -0.035618976 -0.226675674 -0.078038037 -0.009097461 0.178200841 -0.009164538 -0.983909428
1403636590.563555479 -0.033419229 -0.210630551 -0.080110326 -0.005343675 0.176625833 -0.008421762 -0.984227538
1403636590.613555431 -0.031201519 -0.193057865 -0.082093418 -0.002455800 0.175063506 -0.008138406 -0.984520495
1403636590.663555622 -0.029640887 -0.173131257 -0.082825914 -0.001226671 -0.173951447 0.008352294 0.984718084
1403636590.713555574 -0.028018879 -0.153035954 -0.083641350 0.004290713 0.174192727 -0.008703367 -0.984663844
1403636590.763555527 -0.027010063 -0.132024348 -0.083808973 0.007352714 0.175694510 -0.010224084 -0.984364212
1403636590.813555479 -0.026525090 -0.110208869 -0.083307624 0.008440609 0.178363368 -0.012208614 -0.983852744
1403636590.863555670 -0.026436852 -0.087347999 -0.082316652 0.009809388 0.181400254 -0.014432983 -0.983254552
1403636590.913555384 -0.026156235 -0.063681677 -0.081110522 0.011278506 0.184027225 -0.015693391 -0.982731223
1403636590.963555574 -0.025525153 -0.039633483 -0.079949193 0.012899263 0.185474411 -0.016033692 -0.982433617
1403636591.013555527 -0.025304548 -0.015631298 -0.078039318 0.013191789 0.185505748 -0.016323596 -0.982419074
1403636591.063555479 -0.024887387 0.007597870 -0.075877279 0.012286788 0.184642404 -0.017050786 -0.982581019
1403636591.113555431 -0.024092430 0.030336905 -0.073556989 0.011377801 0.184039846 -0.017854566 -0.982690752
1403636591.163555622 -0.023208246 0.052479275 -0.072353452 -0.011398779 -0.183764592 0.019652499 0.982707739
1403636591.213555574 -0.022443533 0.073421136 -0.070040517 0.011938749 0.184509084 -0.020666750 -0.982541025
1403636591.263555527 -0.022503978 0.093129732 -0.067669600 0.013099762 0.185778335 -0.021619113 -0.982266545
1403636591.313555479 -0.023178132 0.111149922 -0.065128192 0.014894749 0.187204957 -0.022178002 -0.981957555
1403636591.363555670 -0.024493929 0.126907125 -0.062702782 0.017296640 0.188502163 -0.023144146 -0.981647670
1403636591.413555384 -0.026559997 0.140362203 -0.059957042 0.019444903 0.189049944 -0.024281636 -0.981474638
1403636591.463555574 -0.029208094 0.151552156 -0.056617014 0.020688852 0.189040795 -0.025919134 -0.981409073
1403636591.513555527 -0.028811412 0.162191823 -0.054129828 0.023437317 0.188610107 -0.025402039 -0.981443703
1403636591.563555479 -0.031149382 0.171533227 -0.049930342 0.029268749 0.184851572 -0.025990877 -0.981986642
1403636591.613555431 -0.033157453 0.179822862 -0.045191143 0.037295707 0.178530127 -0.026903419 -0.982859254
1403636591.663555622 -0.037077524 0.185346603 -0.039335564 -0.044205848 -0.168718606 0.027794687 0.984280109
1403636591.713555574 -0.037774663 0.190021962 -0.035369769 0.049636263 0.158249334 -0.026880857 -0.985784411
1403636591.763555527 -0.037353881 0.193891019 -0.031892292 0.055200242 0.147782564 -0.025556594 -0.987147510
1403636591.813555479 -0.035983324 0.197241858 -0.028724307 0.061074626 0.137016654 -0.025029933 -0.988367260
1403636591.863555670 -0.034498591 0.199966446 -0.025809810 0.065961994 0.128157258 -0.025241705 -0.989235878
1403636591.913555384 -0.032878987 0.202771276 -0.022823170 0.070817322 0.122579090 -0.026480751 -0.989574730
1403636591.963555574 -0.031647570 0.205747321 -0.019465052 0.074750431 0.122042514 -0.029941477 -0.989253044
1403636592.013555527 -0.030053768 0.210270956 -0.014940361 0.078986689 0.125377893 -0.033245035 -0.988400877
1403636592.063555479 -0.028171230 0.216121376 -0.008515580 0.084346294 0.128719360 -0.037530519 -0.987374604
1403636592.113555431 -0.026005331 0.222821146 -0.000700966 0.089483909 0.132068560 -0.041519836 -0.986319780
1403636592.163555622 -0.023156950 0.230352461 0.008143065 -0.094284855 -0.136009499 0.045430388 0.985163927
1403636592.213555574 -0.020594735 0.237210825 0.018045422 0.097742178 0.140618682 -0.048047729 -0.984055102
1403636592.263555527 -0.017368589 0.243429765 0.028903456 0.099691659 0.145099714 -0.049521293 -0.983135462
1403636592.313555479 -0.013594178 0.248541892 0.040701903 0.099591270 0.149151608 -0.050394867 -0.982494712
1403636592.363555670 -0.009426887 0.251853228 0.053933728 0.097741716 0.152511135 -0.053066961 -0.982023895
1403636592.413555384 -0.004478469 0.253732771 0.068305403 -0.093391605 -0.155292064 0.053626120 0.981981039
1403636592.463555574 0.001350174 0.252430528 0.083246171 0.088070691 0.155770600 -0.053081967 -0.982426286
1403636592.513555527 0.007769760 0.248659879 0.098700859 0.080953233 0.153443545 -0.050815742 -0.983524024
1403636592.563555479 0.013926924 0.242727444 0.115948454 -0.073420212 -0.149191961 0.047276925 0.984944820
1403636592.613555431 0.019811947 0.234241694 0.131864712 0.064700708 0.144474328 -0.042426843 -0.986479104
1403636592.663555622 0.024853440 0.223766401 0.147742987 -0.056453478 -0.140828073 0.036833413 0.987736762
1403636592.713555574 0.029313551 0.210696980 0.162644908 0.047224611 0.138719991 -0.031724643 -0.988696218
1403636592.763555527 0.033242382 0.194608733 0.175992727 -0.035907790 -0.138273835 0.026930237 0.989376426
1403636592.813555479 0.036086563 0.175457582 0.187789515 0.022766002 0.138891056 -0.023177087 -0.989774644
1403636592.863555670 0.037692625 0.152861848 0.196743682 -0.007731004 -0.140983865 0.020192623 0.989775717
1403636592.913555384 0.037161097 0.128051266 0.203168780 -0.006795443 0.143963754 -0.016495258 -0.989422143
1403636592.963555574 0.035070054 0.099924944 0.207451254 0.020949496 -0.147181049 0.012779654 0.988805115
1403636593.013555527 0.032269031 0.070428565 0.206203818 -0.035583504 0.150363430 -0.008989888 -0.987949371
1403636593.063555479 0.029068545 0.039912015 0.202176437 0.049375169 -0.153293982 0.004797542 0.986934721
1403636593.113555431 0.024961822 0.008685724 0.193773568 -0.062282749 0.155286893 0.000623144 -0.985903859
1403636593.163555622 0.019550895 -0.022144681 0.183279842 0.075508520 -0.156595141 -0.002971979 0.984767795
1403636593.213555574 0.014375709 -0.052673642 0.168418676 -0.087053917 0.157337010 0.003107945 -0.983695626
1403636593.263555527 0.009080485 -0.080669671 0.152923584 0.098494038 -0.158137232 -0.001426794 0.982491493
1403636593.313555479 0.002388320 -0.106179312 0.133896887 0.106412411 -0.160268143 -0.001363986 0.981319904
1403636593.363555670 -0.005163583 -0.127503201 0.113361478 0.111015588 -0.162676632 -0.002687855 0.980410516
1403636593.413555384 -0.013979040 -0.144349709 0.092104994 -0.113481902 0.164754972 0.003337880 -0.979778826
1403636593.463555574 -0.023169504 -0.156075835 0.069782257 0.113040969 -0.166387767 -0.004908402 0.979547322
1403636593.513555527 -0.033478700 -0.162813857 0.047567427 -0.109474808 0.167950884 0.004501804 -0.979687512
1403636593.563555479 -0.044089232 -0.165503055 0.025820918 -0.105425738 0.170181990 0.002070560 -0.979754746
1403636593.613555431 -0.054838821 -0.164515853 0.003648232 0.099236138 -0.173655003 0.001786937 0.979792356
1403636593.663555622 -0.065671533 -0.159185782 -0.017207840 -0.092197500 0.177877828 -0.007600861 -0.979694605
1403636593.713555574 -0.076127596 -0.148724496 -0.038578097 0.081960224 -0.182206467 0.013023864 0.979751945
1403636593.763555527 -0.085586525 -0.135063559 -0.057751387 0.068602130 -0.185302779 0.019941282 0.980081141
1403636593.813555479 -0.094132163 -0.117692851 -0.076074354 0.052538417 -0.186007619 0.026882237 0.980774343
1403636593.863555670 -0.101133950 -0.097610906 -0.093380615 0.034469090 -0.183576778 0.035034813 0.981775999
1403636593.913555384 -0.106830329 -0.074982174 -0.108836360 0.015221984 -0.178804621 0.042926371 0.982829928
1403636593.963555574 -0.110730499 -0.050555225 -0.122784704 -0.004937608 -0.172726527 0.050046869 0.983685136
1403636594.013555527 -0.112959541 -0.024382900 -0.134467125 -0.025087480 -0.166769326 0.056060523 0.984081268
1403636594.063555479 -0.114148289 0.002487464 -0.143552303 -0.045094240 -0.162085980 0.061926350 0.983798623
1403636594.113555431 -0.113799430 0.030207407 -0.149030432 0.063061506 0.159280047 -0.068141192 -0.982858062
1403636594.163555622 -0.112646826 0.058601443 -0.150404036 0.079560801 0.158586845 -0.074165732 -0.981335759
1403636594.213555574 -0.111805901 0.087110437 -0.147868201 -0.093697339 -0.158880994 0.078256205 0.979721248
1403636594.263555527 -0.108944260 0.116059355 -0.140724137 0.105781071 0.159502983 -0.080752514 -0.978186250
1403636594.313555479 -0.104507841 0.145001292 -0.129707858 0.115523554 0.159994662 -0.081162639 -0.976969182
1403636594.363555670 -0.098887138 0.173508540 -0.115254335 0.123937279 0.159622252 -0.080332622 -0.976067126
1403636594.413555384 -0.091968849 0.200888664 -0.098686844 -0.130209982 -0.157252863 0.078238338 0.975805163
1403636594.463555574 -0.084130652 0.226942852 -0.078942396 0.134439349 0.153227732 -0.074705109 -0.976148784
1403636594.513555527 -0.075704589 0.250539184 -0.057359278 0.136261791 0.147931203 -0.071222551 -0.976973116
1403636594.563555479 -0.066978037 0.269779205 -0.034406833 0.136789292 0.141971707 -0.071052544 -0.977795601
1403636594.613555431 -0.058568671 0.284021527 -0.011259320 0.135747269 0.137314051 -0.071070492 -0.978604436
1403636594.663555622 -0.049065288 0.294655651 0.013782842 -0.134286255 -0.133433148 0.072164111 0.979262590
1403636594.713555574 -0.041616060 0.296298772 0.035814703 0.130939871 0.131028339 -0.071113817 -0.980116904
1403636594.763555527 -0.035161767 0.291997939 0.057760891 -0.124598131 -0.129153445 0.069300279 0.981321692
1403636594.813555479 -0.030213013 0.280280441 0.078337744 0.114832088 0.127429962 -0.065176278 -0.983019531
1403636594.863555670 -0.025719047 0.262353569 0.098547831 -0.103604704 -0.125729039 0.060213562 0.984800816
1403636594.913555384 -0.022409376 0.237585887 0.115702339 0.090051793 0.123867944 -0.052704968 -0.986797750
1403636594.963555574 -0.019511513 0.207581639 0.130186737 -0.074052617 -0.122688740 0.044157892 0.988692999
1403636595.013555527 -0.018605519 0.172498077 0.141740695 -0.054127667 -0.121781915 0.036905404 0.990392506
1403636595.063555479 -0.019042108 0.134049252 0.149151117 0.034049779 0.122813910 -0.028538588 -0.991434813
1403636595.113555431 -0.021704918 0.094960421 0.155312166 -0.013821180 -0.125401869 0.021553637 0.991775572
1403636595.163555622 -0.024491001 0.055861924 0.156591237 -0.005168625 0.128527015 -0.015407934 -0.991572917
1403636595.213555574 -0.028261168 0.018434171 0.155086115 0.023747526 -0.131891876 0.011348611 0.990914702
1403636595.263555527 -0.032944120 -0.015575443 0.150323391 0.041106917 -0.134918705 0.007226120 0.989977241
1403636595.313555479 -0.038368616 -0.045414347 0.142965436 0.056007899 -0.137956008 0.003374517 0.988847733
1403636595.363555670 -0.044072948 -0.069986939 0.132805079 0.067384839 -0.140195757 -0.000586910 0.987827957
1403636595.413555384 -0.049893435 -0.088223465 0.120529726 0.075189121 -0.141851068 -0.002424383 0.987025380
1403636595.463555574 -0.055522081 -0.099646010 0.106191628 0.080505863 -0.143420085 -0.004224721 0.986373067
1403636595.513555527 -0.061457291 -0.103423193 0.091910735 -0.082968161 0.145540193 0.004188758 -0.985858440
1403636595.563555479 -0.068104878 -0.102297574 0.075840242 0.084749058 -0.148046479 -0.005767842 0.985325694
1403636595.613555431 -0.074213624 -0.092589997 0.060724143 -0.083814956 0.150443777 0.006068890 -0.985040605
1403636595.663555622 -0.080781043 -0.077856123 0.044870406 0.080011658 -0.152603701 -0.006655311 0.985020876
1403636595.713555574 -0.087145276 -0.057600152 0.030019717 -0.072785288 0.153815597 0.005484824 -0.985399961
1403636595.763555527 -0.093877077 -0.033574581 0.015602699 0.062390853 -0.154244602 -0.005774414 0.986043990
1403636595.813555479 -0.100397825 -0.006656208 0.001552579 0.047809951 -0.153878748 -0.004557068 0.986921906
1403636595.863555670 -0.107027009 0.021869490 -0.011967474 0.032316510 -0.153267190 -0.002830598 0.987652242
1403636595.913555384 -0.113725804 0.050638128 -0.025202191 -0.016361279 0.153221309 -0.001429644 -0.988055408
1403636595.963555574 -0.120295353 0.077580124 -0.038722623 0.000641200 -0.153972924 0.005845946 0.988057554
1403636596.013555527 -0.126765713 0.102005355 -0.053757478 0.014858311 0.156088352 -0.009751319 -0.987583220
1403636596.063555479 -0.133308038 0.122380912 -0.069775827 -0.029840989 -0.158165440 0.014910586 0.986848950
1403636596.113555431 -0.139735430 0.136563435 -0.086428843 0.042549290 0.160137460 -0.020205000 -0.985970318
1403636596.163555622 -0.145472169 0.144448116 -0.103079930 -0.051583007 -0.161278993 0.024986936 0.985243142
1403636596.213555574 -0.149784133 0.144557655 -0.119954407 0.057365827 0.160890028 -0.028772539 -0.984883606
1403636596.263555527 -0.153063059 0.137279600 -0.137284234 0.060093403 0.159727648 -0.032672115 -0.984788537
1403636596.313555479 -0.154897600 0.124610998 -0.155070990 0.061498262 0.157738850 -0.035648186 -0.984919131
1403636596.363555670 -0.157197744 0.108786084 -0.173783198 -0.062870093 -0.155222729 0.037005074 0.985182166
1403636596.413555384 -0.158025771 0.089541003 -0.193779573 0.063557178 0.152600661 -0.035846632 -0.985590518
1403636596.463555574 -0.159060672 0.069256902 -0.213644326 0.062810242 0.149685368 -0.033628929 -0.986163437
1403636596.513555527 -0.160316572 0.049361125 -0.232014999 0.061482746 0.147053689 -0.030530406 -0.986743689
1403636596.563555479 -0.161373258 0.030909957 -0.248918012 -0.059813969 -0.145109057 0.027355805 0.987227082
1403636596.613555431 -0.162873864 0.013921506 -0.262531936 0.059754312 0.145163953 -0.025513716 -0.987271965
1403636596.663555622 -0.163883850 -0.000593169 -0.272758216 0.059334315 0.146457657 -0.024821835 -0.987123847
1403636596.713555574 -0.165220052 -0.011818950 -0.279149204 0.058420293 0.147901535 -0.024035767 -0.986982584
1403636596.763555527 -0.165550098 -0.019031897 -0.280770957 0.057127390 0.147906542 -0.021477817 -0.987116456
1403636596.813555479 -0.165144220 -0.022331364 -0.277393222 0.056741294 0.145544738 -0.019667890 -0.987527430
1403636596.863555670 -0.162968159 -0.022009328 -0.268676370 0.056907885 0.142642647 -0.015979867 -0.988007724
1403636596.913555384 -0.159533992 -0.018974768 -0.254892975 0.057572536 0.139903992 -0.013805532 -0.988393545
1403636596.963555574 -0.154493511 -0.013199167 -0.236346722 0.058794584 0.139885515 -0.010299080 -0.988366961
1403636597.013555527 -0.148197278 -0.005732102 -0.213635042 0.059899967 0.142275885 -0.010068597 -0.987961709
1403636597.063555479 -0.141459987 0.002750049 -0.188813359 -0.059798289 -0.147385374 0.009086777 0.987228096
1403636597.113555431 -0.133270130 0.011969759 -0.160297811 0.057250347 0.153271064 -0.009684637 -0.986476839
1403636597.163555622 -0.123562716 0.021420371 -0.130194873 0.052383754 0.158490628 -0.007977009 -0.985937655
1403636597.213555574 -0.111714631 0.030932119 -0.099060006 0.046059869 0.161663637 -0.005958458 -0.985752463
1403636597.263555527 -0.098059736 0.039624877 -0.067507491 0.039312158 0.162488431 -0.002916224 -0.985922694
1403636597.313555479 -0.084942147 0.046269171 -0.036696345 -0.032092512 -0.161305383 -0.001137418 0.986381948
1403636597.363555670 -0.070463806 0.052125555 -0.005046611 0.024027385 0.159174129 0.004036444 -0.986949921
1403636597.413555384 -0.057053581 0.056736208 0.026283309 -0.016645677 -0.157206163 -0.009317816 0.987381577
1403636597.463555574 -0.044654828 0.059092514 0.055374045 0.008120192 0.155442610 0.013695678 -0.987716675
1403636597.513555527 -0.034079004 0.059863850 0.082100354 0.001508982 -0.153589427 -0.018990543 0.987951100
1403636597.563555479 -0.026098326 0.057002701 0.104262739 -0.012703235 0.150781512 0.021886179 -0.988243163
1403636597.613555431 -0.020359056 0.051121179 0.121902153 0.025000080 -0.146898508 -0.023440696 0.988557756
1403636597.663555622 -0.017628305 0.042547520 0.133654073 -0.037448622 0.142559245 0.024530353 -0.988773406
1403636597.713555574 -0.017152084 0.031881098 0.139803573 -0.049028859 0.138153732 0.025773305 -0.988860726
1403636597.763555527 -0.017537437 0.020384761 0.142428383 0.058453202 -0.134303018 -0.028137868 0.988814533
1403636597.813555479 -0.020824330 0.008404393 0.137531489 -0.066020444 0.130334184 0.030260425 -0.988806665
1403636597.863555670 -0.025762586 -0.002445156 0.128125936 -0.071036667 0.127400190 0.033886380 -0.988723814
1403636597.913555384 -0.032081723 -0.011981959 0.114811398 -0.075748511 0.125759363 0.038091447 -0.988431036
1403636597.963555574 -0.039633587 -0.019981621 0.098847136 -0.078491233 0.126104936 0.042243358 -0.988004148
1403636598.013555527 -0.048172120 -0.026421983 0.080434233 -0.080364682 0.128307283 0.045326877 -0.987433195
1403636598.063555479 -0.057840917 -0.031406034 0.060782533 -0.080808021 0.132089436 0.046560857 -0.986840725
1403636598.113555431 -0.067628704 -0.035008371 0.040092077 0.081289917 -0.138038054 -0.046093293 0.986008584
1403636598.163555622 -0.078951791 -0.035996206 0.020542605 -0.079592712 0.145740509 0.046460226 -0.985020936
1403636598.213555574 -0.090928681 -0.035015527 0.003001215 -0.076760955 0.155157685 0.046781156 -0.983791351
1403636598.263555527 -0.102581039 -0.032713454 -0.011706925 0.073728554 -0.164587915 -0.049054492 0.982379079
1403636598.313555479 -0.113641523 -0.028944507 -0.022133345 -0.070144787 0.171769783 0.049524650 -0.981387913
1403636598.363555670 -0.122960880 -0.023843154 -0.028040320 -0.065706193 0.176308900 0.051952135 -0.980764449
1403636598.413555384 -0.131268963 -0.018005950 -0.029898569 0.061041884 -0.178310096 -0.052612793 0.980668843
1403636598.463555574 -0.137484521 -0.011864642 -0.026070261 -0.058586728 0.178098395 0.054387789 -0.980760276
1403636598.513555527 -0.141715363 -0.005725104 -0.017459564 -0.057915363 0.175347805 0.054525491 -0.981287897
1403636598.563555479 -0.144099668 0.000624192 -0.005643978 0.060724776 -0.170453176 -0.055319920 0.981935799
1403636598.613555431 -0.144970790 0.006207889 0.010136797 -0.064150773 0.163263500 0.054687969 -0.982974529
1403636598.663555622 -0.145183697 0.011772212 0.027705815 0.069198616 -0.155205801 -0.054652140 0.983938992
1403636598.713555574 -0.146188676 0.016732860 0.046907462 0.075331077 -0.145769954 -0.054104052 0.984961569
1403636598.763555527 -0.148252398 0.021086160 0.066319443 0.082544595 -0.134765729 -0.053499773 0.985983014
1403636598.813555479 -0.151594475 0.025331507 0.085353971 0.088659950 -0.123421445 -0.052014451 0.987016261
1403636598.863555670 -0.156201765 0.029790491 0.103878930 0.092728458 -0.111385994 -0.050474439 0.988153338
1403636598.913555384 -0.161967561 0.033921912 0.122030318 0.094626859 -0.100761503 -0.048373371 0.989218354
1403636598.963555574 -0.168830693 0.038401019 0.137775376 0.094694652 -0.091463521 -0.048881490 0.990089893
1403636599.013555527 -0.175811887 0.041880146 0.152729541 0.095728479 -0.083721682 -0.049069677 0.990665913
1403636599.063555479 -0.181676582 0.044530880 0.165795013 0.098128758 -0.075049870 -0.047135405 0.991219819
1403636599.113555431 -0.186607823 0.046634998 0.176697075 0.102467857 -0.065415598 -0.044627469 0.991579294
1403636599.163555622 -0.190065980 0.048128285 0.185459271 0.107268453 -0.053041507 -0.041345470 0.991953015
1403636599.213555574 -0.192255378 0.049488336 0.193946004 0.108159639 -0.036862310 -0.040773757 0.992612839
1403636599.263555527 -0.194038242 0.050279375 0.201971009 0.108831294 -0.021052688 -0.037625045 0.993124843
1403636599.313555479 -0.195708320 0.051030099 0.209008768 0.109050773 -0.007606129 -0.034960963 0.993392110
1403636599.363555670 -0.197683662 0.051028840 0.217450052 0.107947119 0.002014984 -0.033249941 0.993598461
1403636599.413555384 -0.200636029 0.051904295 0.223760352 -0.105192952 -0.007938354 0.034155857 -0.993833423
1403636599.463555574 -0.203545690 0.052577816 0.230319276 0.101326324 0.010314348 -0.035879929 0.994152486
1403636599.513555527 -0.206832886 0.053127650 0.235290274 0.096876927 0.008997733 -0.034281049 0.994665205
1403636599.563555479 -0.210014477 0.053756125 0.239798799 0.092766553 0.006179166 -0.032614447 0.995134473
1403636599.613555431 -0.213672161 0.054405086 0.242933840 0.090209141 0.002827548 -0.031504512 0.995420456
1403636599.663555622 -0.217340529 0.055450160 0.245363817 0.087993309 0.000445527 -0.031920884 0.995609403
1403636599.713555574 -0.219921768 0.056394793 0.247534946 0.087596975 0.001836070 -0.030863209 0.995676100
1403636599.763555527 -0.220426619 0.057685331 0.246694028 0.089146897 0.011163098 -0.031103862 0.995470107
1403636599.813555479 -0.219737351 0.058613632 0.246651620 0.089252993 0.019296011 -0.030294944 0.995361149
1403636599.863555670 -0.220282972 0.059262972 0.246636897 0.089562103 0.025612097 -0.029004421 0.995229363
1403636599.913555384 -0.221082821 0.059905533 0.245801613 -0.090557761 -0.027687073 0.027465135 -0.995127380
1403636599.963555574 -0.221581563 0.060458366 0.245818540 -0.089401513 -0.026777757 0.025814597 -0.995301008
1403636600.013555527 -0.221802562 0.061173405 0.246200010 0.088767886 0.026200503 -0.024711996 0.995401025
1403636600.063555479 -0.223007679 0.062117402 0.246102139 -0.089689977 -0.026273075 0.022299448 -0.995373428
1403636600.113555431 -0.223159835 0.062958017 0.245294303 -0.090725474 -0.029538434 0.019830622 -0.995240271
1403636600.163555622 -0.223259747 0.063504696 0.244650081 -0.090355545 -0.030189516 0.021261536 -0.995224833
1403636600.213555574 -0.223287135 0.063138731 0.244317144 -0.090829477 -0.029831605 0.019937223 -0.995219946
1403636600.263555527 -0.223191097 0.063140020 0.244208217 -0.091058053 -0.029760152 0.019749863 -0.995204866
1403636600.313555479 -0.223072469 0.063074149 0.244339794 -0.091241829 -0.029694075 0.019267546 -0.995199502
1403636600.363555670 -0.222994655 0.063017130 0.244651943 -0.091387711 -0.029793687 0.018694412 -0.995194018
1403636600.413555384 -0.222869247 0.063018203 0.245203391 -0.091508493 -0.029790696 0.018732648 -0.995182335
1403636600.463555574 -0.222849712 0.062911570 0.245501652 -0.091738448 -0.029759357 0.018113419 -0.995173573
1403636600.513555527 -0.223604232 0.063114636 0.244199768 0.091503635 0.030636657 -0.018533122 0.995160818
1403636600.563555479 -0.223510385 0.063329324 0.244248435 -0.091489524 -0.030492384 0.018936861 -0.995158970
1403636600.613555431 -0.223426118 0.063364275 0.244203061 -0.091696180 -0.030465299 0.018308712 -0.995152533
1403636600.663555622 -0.223310083 0.063515998 0.244176701 -0.091615066 -0.030387226 0.018454460 -0.995159686
1403636600.713555574 -0.223257393 0.063436046 0.244229525 -0.091654919 -0.030297695 0.018470766 -0.995158494
1403636600.763555527 -0.223270088 0.063219287 0.244254127 -0.091768615 -0.030319348 0.018180180 -0.995152652
1403636600.813555479 -0.223237440 0.063230164 0.244303972 -0.091586649 -0.030366708 0.018607810 -0.995160103
1403636600.863555670 -0.223306760 0.063057058 0.244289920 -0.091756701 -0.030274397 0.018192062 -0.995154858
1403636600.913555384 -0.223271728 0.063118413 0.244415313 -0.091613755 -0.030340981 0.018536121 -0.995159745
1403636600.963555574 -0.223321438 0.063009225 0.244341999 -0.091727711 -0.030279197 0.018116228 -0.995158851
1403636601.013555527 -0.223539114 0.063295737 0.244109467 0.091500647 0.030206311 -0.018602509 0.995172918
1403636601.063555479 -0.223493531 0.063223310 0.244210109 -0.091654435 -0.030164748 0.018092195 -0.995169520
1403636601.113555431 -0.223386869 0.063354269 0.244296551 -0.091513544 -0.030170728 0.018491985 -0.995174885
1403636601.163555622 -0.223358989 0.063303359 0.244328141 -0.091659032 -0.030168639 0.018116269 -0.995168507
1403636601.213555574 -0.223324046 0.063358963 0.244388908 -0.091555312 -0.030200049 0.018473918 -0.995170534
1403636601.263555527 -0.223377153 0.063248180 0.244391546 -0.091712572 -0.030161206 0.018047996 -0.995165050
1403636601.313555479 -0.223405540 0.063387260 0.244374692 -0.091597512 -0.030204352 0.018435977 -0.995167196
1403636601.363555670 -0.223472163 0.063331224 0.244305611 -0.091677271 -0.030193631 0.018100390 -0.995166361
1403636601.413555384 -0.223466828 0.063347816 0.244337350 -0.091596901 -0.030218882 0.018296275 -0.995169401
1403636601.463555574 -0.223476291 0.063276097 0.244239524 -0.091662616 -0.030231655 0.018083615 -0.995166838
1403636601.513555527 -0.223597646 0.063253492 0.244209081 0.091552928 0.030244241 -0.018251797 0.995173514
1403636601.563555479 -0.223505348 0.063290842 0.244340032 -0.091582246 -0.030252738 0.018036161 -0.995174468
1403636601.613555431 -0.223482713 0.063361198 0.244457752 -0.091590375 -0.030226467 0.018132485 -0.995172739
1403636601.663555622 -0.223456547 0.063399568 0.244610623 -0.091576606 -0.030297123 0.018117221 -0.995172203
1403636601.713555574 -0.223543942 0.063342229 0.244665325 -0.091629684 -0.030273654 0.018095877 -0.995168388
1403636601.763555527 -0.223550513 0.063268214 0.244740218 -0.091611177 -0.030299801 0.018145591 -0.995168388
1403636601.813555479 -0.223598152 0.063186832 0.244662911 -0.091690004 -0.030231327 0.018075835 -0.995164454
1403636601.863555670 -0.223553494 0.063201025 0.244636729 -0.091626719 -0.030275917 0.018121473 -0.995168149
1403636601.913555384 -0.223551854 0.063212082 0.244583935 -0.091653772 -0.030262314 0.018046230 -0.995167434
1403636601.963555574 -0.223510385 0.063223116 0.244462311 -0.091617234 -0.030257439 0.018164508 -0.995168805
1403636602.013555527 -0.223595515 0.063275024 0.244447902 0.091559298 0.030373372 -0.018168781 0.995170474
1403636602.063555479 -0.223501638 0.063444510 0.244537517 -0.091543928 -0.030325361 0.018324420 -0.995170534
1403636602.113555431 -0.223367274 0.063710488 0.245188624 -0.091619320 -0.030112242 0.017877111 -0.995178163
1403636602.163555622 -0.223346725 0.063802078 0.245348960 -0.091589876 -0.030105453 0.018101996 -0.995177031
1403636602.213555574 -0.223426938 0.063637570 0.245412335 -0.091660015 -0.030140817 0.017850295 -0.995174050
1403636602.263555527 -0.223514184 0.063582294 0.245319292 -0.091565274 -0.030134952 0.018158814 -0.995177329
1403636602.313555479 -0.223593667 0.063402057 0.245129377 -0.091660187 -0.030140892 0.017886866 -0.995173335
1403636602.363555670 -0.223617017 0.063352488 0.244904280 -0.091601782 -0.030149026 0.018089473 -0.995174885
1403636602.413555384 -0.223613426 0.063282788 0.244832560 -0.091663063 -0.030195067 0.017917588 -0.995170951
1403636602.463555574 -0.223628059 0.063285619 0.244677395 -0.091606364 -0.030238476 0.017992530 -0.995173454
1403636602.513555527 -0.223564744 0.063110672 0.244258180 0.091548800 0.030247148 -0.018202016 0.995174706
1403636602.563555479 -0.223629341 0.063130446 0.244235918 -0.091562860 -0.030243045 0.018183779 -0.995173872
1403636602.613555431 -0.223693788 0.063174486 0.244207531 -0.091569073 -0.030224256 0.018201130 -0.995173573
1403636602.663555622 -0.223674059 0.063171886 0.244206876 -0.091558672 -0.030244989 0.018195432 -0.995173991
1403636602.713555574 -0.223594591 0.063140206 0.244155139 -0.091581367 -0.030284435 0.018149370 -0.995171547
1403636602.763555527 -0.223498300 0.063133717 0.244136333 -0.091551326 -0.030299744 0.018146185 -0.995173872
1403636602.813555479 -0.223498613 0.063163869 0.243995115 -0.091552205 -0.030333133 0.018163273 -0.995172441
1403636602.863555670 -0.223481745 0.063142940 0.243946031 -0.091577940 -0.030349389 0.018110329 -0.995170593
1403636602.913555384 -0.223484814 0.063127883 0.243870378 -0.091573969 -0.030361703 0.018192520 -0.995169103
1403636602.963555574 -0.223473027 0.063131116 0.243881464 -0.091573343 -0.030391179 0.018108489 -0.995169818
1403636603.013555527 -0.223644212 0.063118845 0.244170040 0.091486879 0.030343728 -0.018166237 0.995178163
1403636603.063555479 -0.223578840 0.063093789 0.244252622 -0.091538019 -0.030334137 0.018056586 -0.995175719
1403636603.113555431 -0.223527402 0.063242204 0.244512364 -0.091458023 -0.030233229 0.018184088 -0.995183766
1403636603.163555622 -0.223496899 0.063175276 0.244502559 -0.091478467 -0.030209970 0.018088143 -0.995184362
1403636603.213555574 -0.223512694 0.063129842 0.244437531 -0.091488056 -0.030210445 0.018135447 -0.995182633
1403636603.263555527 -0.223531857 0.062975742 0.244172901 -0.091524065 -0.030378258 0.018072214 -0.995175302
1403636603.313555479 -0.223561242 0.063101247 0.244312569 -0.091505311 -0.030264018 0.018141132 -0.995179355
1403636603.363555670 -0.223586097 0.063104726 0.244266436 -0.091534697 -0.030296639 0.018082615 -0.995176673
1403636603.413555384 -0.223587811 0.063140087 0.244223520 -0.091515750 -0.030314457 0.018118944 -0.995177209
1403636603.463555574 -0.223605573 0.063171245 0.244311795 -0.091514617 -0.030300768 0.018102873 -0.995177984
1403636603.513555527 -0.223559961 0.063200213 0.244565889 0.091453090 0.030290576 -0.018285614 0.995180666
1403636603.563555479 -0.223605499 0.063203812 0.244579867 -0.091481358 -0.030279994 0.018265124 -0.995178699
1403636603.613555431 -0.223632485 0.063171275 0.244594723 -0.091473088 -0.030278265 0.018287828 -0.995179117
1403636603.663555622 -0.223847449 0.063090205 0.244408011 -0.091451190 -0.030273205 0.018103492 -0.995184720
1403636603.713555574 -0.223491043 0.063142210 0.244495109 -0.091472745 -0.030317754 0.018266980 -0.995178342
1403636603.763555527 -0.223443195 0.063125134 0.244392142 -0.091483273 -0.030298013 0.018224029 -0.995178759
1403636603.813555479 -0.223413512 0.063124396 0.244281039 -0.091485731 -0.030286197 0.018265693 -0.995178163
1403636603.863555670 -0.223403841 0.063111737 0.244140223 -0.091486543 -0.030429361 0.018240292 -0.995174110
1403636603.913555384 -0.223639041 0.063097455 0.244391829 -0.091549456 -0.030200459 0.017993305 -0.995179892
1403636603.963555574 -0.223365888 0.063192911 0.243975326 -0.091460809 -0.030441463 0.018316336 -0.995174766
1403636604.013555527 -0.223638415 0.063240476 0.244922906 0.091529734 0.030270100 -0.018029386 0.995178878
1403636604.063555479 -0.223629430 0.063328698 0.245028511 -0.091485880 -0.030272828 0.018140325 -0.995180845
1403636604.113555431 -0.223623991 0.063347049 0.245093793 -0.091551453 -0.030302690 0.018022731 -0.995176017
1403636604.163555622 -0.223583952 0.063378789 0.245103613 -0.091537394 -0.030325836 0.018157240 -0.995174170
1403636604.213555574 -0.223621026 0.063439757 0.245267108 -0.091509514 -0.030298829 0.018120194 -0.995178282
1403636604.263555527 -0.223498344 0.063277923 0.245032609 -0.091556758 -0.030337835 0.018074559 -0.995173573
1403636604.313555479 -0.223468035 0.063220352 0.244909421 -0.091557994 -0.030340485 0.018022813 -0.995174229
1403636604.363555670 -0.223469272 0.063177526 0.244713515 -0.091544189 -0.030325539 0.018098040 -0.995174646
1403636604.413555384 -0.223460302 0.063180789 0.244595557 -0.091590159 -0.030302096 0.018039990 -0.995172203
1403636604.463555574 -0.223491013 0.063161500 0.244492367 -0.091560431 -0.030339159 0.018093318 -0.995172858
1403636604.513555527 -0.223610029 0.063193917 0.244837731 0.091514349 0.030302098 -0.018107887 0.995177925
1403636604.563555479 -0.223642975 0.063272871 0.244918004 -0.091510460 -0.030294633 0.018073386 -0.995179117
1403636604.613555431 -0.223647371 0.063348271 0.245004177 -0.091496676 -0.030312473 0.018063229 -0.995180070
1403636604.663555622 -0.223642066 0.063358463 0.245051786 -0.091541305 -0.030297915 0.018057898 -0.995176435
1403636604.713555574 -0.223626554 0.063309655 0.245061234 -0.091549680 -0.030315919 0.018069329 -0.995174944
1403636604.763555527 -0.223591343 0.063228101 0.244980171 -0.091544367 -0.030315310 0.018076343 -0.995175302
1403636604.813555479 -0.223540038 0.063193798 0.244922101 -0.091554381 -0.030325502 0.018137917 -0.995172918
1403636604.863555670 -0.223506883 0.063118398 0.244765475 -0.091535889 -0.030315338 0.018098690 -0.995175660
1403636604.913555384 -0.223498002 0.063094527 0.244586110 -0.091546625 -0.030300703 0.018113937 -0.995174825
1403636604.963555574 -0.223521501 0.063081160 0.244450361 -0.091575392 -0.030308489 0.018098388 -0.995172262
1403636605.013555527 -0.223577738 0.063195862 0.244608492 0.091501735 0.030234603 -0.018116383 0.995180964
1403636605.063555479 -0.223602623 0.063243374 0.244502842 -0.091538139 -0.030194683 0.018073356 -0.995179653
1403636605.113555431 -0.223610833 0.063505754 0.243971556 -0.091528147 -0.030189019 0.018109629 -0.995180011
1403636605.163555622 -0.223582953 0.063469157 0.243927389 -0.091561630 -0.030169109 0.017982377 -0.995179892
1403636605.213555574 -0.223546833 0.063385032 0.243957400 -0.091536686 -0.030170001 0.018038660 -0.995181143
1403636605.263555527 -0.223524198 0.063304611 0.244046807 -0.091556594 -0.030186351 0.017965829 -0.995180130
1403636605.313555479 -0.223548695 0.063291028 0.244204015 -0.091526821 -0.030217322 0.018065216 -0.995180130
1403636605.363555670 -0.223627478 0.063116543 0.243718401 -0.091520861 -0.030182619 0.017771507 -0.995187044
1403636605.413555384 -0.223599270 0.063254781 0.244450763 -0.091530867 -0.030232189 0.018022008 -0.995180130
1403636605.463555574 -0.223567322 0.063264064 0.244532079 -0.091564670 -0.030209988 0.017943127 -0.995179057
1403636605.513555527 -0.223664656 0.063116752 0.244175658 0.091461658 0.030380143 -0.018033557 0.995181739
1403636605.563555479 -0.223663464 0.063094795 0.244182020 -0.091448963 -0.030361181 0.017980970 -0.995184481
1403636605.613555431 -0.223643556 0.063061222 0.244158551 -0.091462500 -0.030385675 0.018038545 -0.995181382
1403636605.663555622 -0.223630533 0.063017882 0.244134277 -0.091490522 -0.030380737 0.017994707 -0.995179772
1403636605.713555574 -0.223634765 0.062959082 0.244121045 -0.091495492 -0.030366853 0.018002121 -0.995179594
1403636605.763555527 -0.223637938 0.062956251 0.244118392 -0.091475531 -0.030353628 0.017997537 -0.995181918
1403636605.813555479 -0.223649949 0.062942907 0.244108409 -0.091459908 -0.030416321 0.018026378 -0.995180905
1403636605.863555670 -0.223680243 0.062920459 0.244138807 -0.091459848 -0.030410934 0.017993158 -0.995181680
1403636605.913555384 -0.223677725 0.062907428 0.244141147 -0.091491640 -0.030407811 0.018028179 -0.995178223
1403636605.963555574 -0.223672971 0.062923156 0.244152993 -0.091502801 -0.030420691 0.017990729 -0.995177448
1403636606.013555527 -0.223619998 0.063094154 0.243975401 0.091461696 0.030326158 -0.018034585 0.995183349
1403636606.063555479 -0.223630384 0.063064151 0.244040534 -0.091465443 -0.030332129 0.018003812 -0.995183349
1403636606.113555431 -0.223624930 0.063057631 0.244120911 -0.091456205 -0.030349389 0.018002899 -0.995183706
1403636606.163555622 -0.223623037 0.063090771 0.244191051 -0.091444157 -0.030355887 0.018005911 -0.995184600
1403636606.213555574 -0.223588869 0.063130625 0.244241700 -0.091467418 -0.030391688 0.018013122 -0.995181262
1403636606.263555527 -0.223570183 0.063206173 0.244291037 -0.091468625 -0.030407710 0.018028758 -0.995180368
1403636606.313555479 -0.223559618 0.063226014 0.244343355 -0.091480896 -0.030408189 0.018002743 -0.995179653
1403636606.363555670 -0.223527789 0.063188083 0.244332492 -0.091475204 -0.030443357 0.018021001 -0.995178759
1403636606.413555384 -0.223561585 0.063182101 0.244329408 -0.091486394 -0.030455880 0.018017294 -0.995177448
1403636606.463555574 -0.223637462 0.063072570 0.244365588 -0.091463961 -0.030381566 0.017985247 -0.995182395
1403636606.513555527 -0.223709151 0.063121296 0.244082958 0.091417573 0.030371167 -0.017921377 0.995188057
1403636606.563555479 -0.223634705 0.063183598 0.244232774 -0.091413707 -0.030367931 0.017928643 -0.995188415
1403636606.613555431 -0.223631591 0.063280798 0.245021313 -0.091396980 -0.030331437 0.017916258 -0.995191276
1403636606.663555622 -0.223590180 0.063262977 0.245162904 -0.091414675 -0.030363498 0.017945800 -0.995188117
1403636606.713555574 -0.223570302 0.063203603 0.245154709 -0.091447547 -0.030385114 0.017970925 -0.995184004
1403636606.763555527 -0.223602504 0.063153118 0.245037138 -0.091428518 -0.030374011 0.017973039 -0.995186031
1403636606.813555479 -0.223629117 0.063150428 0.244795248 -0.091482893 -0.030379234 0.017989909 -0.995180607
1403636606.863555670 -0.223662004 0.063113011 0.244528815 -0.091497190 -0.030359464 0.017957568 -0.995180428
1403636606.913555384 -0.223638862 0.063134208 0.244401291 -0.091492936 -0.030361900 0.017999837 -0.995180011
1403636606.963555574 -0.223622546 0.063138142 0.244276211 -0.091483891 -0.030382492 0.017993508 -0.995180368
1403636607.013555527 -0.223801032 0.063106410 0.244242802 0.091430143 0.030402010 -0.017930776 0.995185852
1403636607.063555479 -0.223745763 0.063102625 0.244166642 -0.091455124 -0.030392392 0.017948337 -0.995183468
1403636607.113555431 -0.223587394 0.063159555 0.243979558 -0.091429196 -0.030325795 0.017954409 -0.995187819
1403636607.163555622 -0.223570600 0.063144572 0.243879929 -0.091426864 -0.030322937 0.017965738 -0.995187938
1403636607.213555574 -0.223593667 0.063133739 0.243808478 -0.091435783 -0.030288201 0.017968699 -0.995188117
1403636607.263555527 -0.223598331 0.063139625 0.243777573 -0.091424197 -0.030304605 0.017980404 -0.995188415
1403636607.313555479 -0.223621428 0.063127987 0.243786335 -0.091456003 -0.030265020 0.017990032 -0.995186567
1403636607.363555670 -0.223653913 0.063105591 0.243832797 -0.091439165 -0.030283611 0.018023325 -0.995186925
1403636607.413555384 -0.223683998 0.063092880 0.243859917 -0.091454826 -0.030280882 0.017983135 -0.995186269
1403636607.463555574 -0.223676026 0.063108705 0.243923023 -0.091480434 -0.030325066 0.018000795 -0.995182335
1403636607.513555527 -0.223685831 0.063170522 0.244277865 0.091543093 0.030310668 -0.017983543 0.995177269
1403636607.563555479 -0.223661378 0.063204676 0.244262025 -0.091529414 -0.030315757 0.018016372 -0.995177746
1403636607.613555431 -0.223642364 0.063236013 0.244216919 -0.091514230 -0.030324340 0.018016485 -0.995178878
1403636607.663555622 -0.223646432 0.063212700 0.244177580 -0.091494732 -0.030306177 0.018036339 -0.995180905
1403636607.713555574 -0.223655477 0.063173756 0.244127020 -0.091513745 -0.030280882 0.018005859 -0.995180488
1403636607.763555527 -0.223700941 0.063135773 0.243980393 -0.091452338 -0.030299159 0.017981341 -0.995186031
1403636607.813555479 -0.223748550 0.063169576 0.244097382 -0.091538794 -0.030306512 0.018021334 -0.995177090
1403636607.863555670 -0.223784342 0.063120343 0.244111478 -0.091453478 -0.030298643 0.017969858 -0.995186090
1403636607.913555384 -0.223838255 0.063111275 0.243987188 -0.091463298 -0.030356241 0.017921735 -0.995184302
1403636607.963555574 -0.223843426 0.063099317 0.243950903 -0.091428719 -0.030359441 0.017975338 -0.995186448
1403636608.013555527 -0.223648727 0.063096046 0.244141951 0.091415636 0.030421145 -0.018227026 0.995181203
1403636608.063555479 -0.223666087 0.063121401 0.244129404 -0.091418222 -0.030413490 0.018218540 -0.995181322
1403636608.113555431 -0.223727286 0.063176543 0.244008571 -0.091456190 -0.030226214 0.017926902 -0.995188832
1403636608.163555622 -0.223726496 0.063171558 0.244046569 -0.091488339 -0.030250510 0.017900554 -0.995185614
1403636608.213555574 -0.223731533 0.063156016 0.244094700 -0.091500334 -0.030247271 0.017910020 -0.995184481
1403636608.263555527 -0.223728061 0.063173801 0.244164720 -0.091552153 -0.030255228 0.017869195 -0.995180130
1403636608.313555479 -0.223727033 0.063204519 0.244197041 -0.091552027 -0.030279985 0.017908299 -0.995178759
1403636608.363555670 -0.223749086 0.063185267 0.244225577 -0.091569245 -0.030262120 0.017898880 -0.995177805
1403636608.413555384 -0.223743573 0.063181400 0.244295344 -0.091567218 -0.030278441 0.017904246 -0.995177448
1403636608.463555574 -0.223696172 0.063146167 0.244304702 -0.091594860 -0.030274089 0.017894991 -0.995175183
1403636608.513555527 -0.223682746 0.063057110 0.244225830 0.091520347 0.030281378 -0.018024156 0.995179474
1403636608.563555479 -0.223645657 0.063078314 0.244324639 -0.091535039 -0.030317273 0.018021535 -0.995177090
1403636608.613555431 -0.223671556 0.063236393 0.244668379 -0.091516137 -0.030331247 0.017939175 -0.995179951
1403636608.663555622 -0.223583549 0.063118346 0.244430557 -0.091517501 -0.030324748 0.018047633 -0.995178044
1403636608.713555574 -0.223584428 0.063067377 0.244398504 -0.091502950 -0.030346395 0.018077498 -0.995178163
1403636608.763555527 -0.223672718 0.063175976 0.244643539 -0.091489412 -0.030426171 0.018139791 -0.995175838
1403636608.813555479 -0.223588243 0.063023388 0.244275168 -0.091529258 -0.030308161 0.018082516 -0.995176852
1403636608.863555670 -0.223623365 0.063015126 0.244189993 -0.091530077 -0.030303208 0.018064700 -0.995177209
1403636608.913555384 -0.223675251 0.062996149 0.244067669 -0.091542430 -0.030313745 0.018061183 -0.995175838
1403636608.963555574 -0.223755881 0.063172571 0.244123101 -0.091580279 -0.030265234 0.017871693 -0.995177269
1403636609.013555527 -0.223706156 0.063125081 0.244331285 0.091477409 0.030353842 -0.017969565 0.995182216
1403636609.063555479 -0.223811969 0.063066512 0.244294524 -0.091505334 -0.030357420 0.017976150 -0.995179474
1403636609.113555431 -0.224012390 0.062862568 0.244120911 -0.091484480 -0.030261436 0.018048447 -0.995182991
1403636609.163555622 -0.223852232 0.062961981 0.244236782 -0.091519184 -0.030420741 0.017959401 -0.995176554
1403636609.213555574 -0.223789424 0.063036062 0.244233549 -0.091535881 -0.030440625 0.017943749 -0.995174646
1403636609.263555527 -0.223743096 0.063095875 0.244273901 -0.091534071 -0.030447470 0.017954832 -0.995174408
1403636609.313555479 -0.223795637 0.063018344 0.244189218 -0.091515839 -0.030310702 0.018037139 -0.995178819
1403636609.363555670 -0.223613918 0.063135304 0.244376510 -0.091536708 -0.030392593 0.017979737 -0.995175421
1403636609.413555384 -0.223569810 0.063109502 0.244352922 -0.091524139 -0.030397115 0.017981946 -0.995176435
1403636609.463555574 -0.223572657 0.063114502 0.244352326 -0.091527723 -0.030399770 0.018002503 -0.995175600
1403636609.513555527 -0.223738551 0.063083798 0.244369552 0.091427714 0.030401250 -0.018138319 0.995182335
1403636609.563555479 -0.223750219 0.063072890 0.244388610 -0.091450267 -0.030447701 0.018112345 -0.995179236
1403636609.613555431 -0.223827884 0.063078783 0.244479343 -0.091495872 -0.030345222 0.017981168 -0.995180547
1403636609.663555622 -0.223661229 0.063004620 0.244440705 -0.091464266 -0.030398414 0.018050214 -0.995180666
1403636609.713555574 -0.223595470 0.063003704 0.244455323 -0.091444902 -0.030451955 0.018109953 -0.995179713
1403636609.763555527 -0.223566547 0.062978953 0.244449854 -0.091469593 -0.030465687 0.018025408 -0.995178580
1403636609.813555479 -0.223735437 0.063018672 0.244456872 -0.091551550 -0.030233243 0.017914964 -0.995180070
1403636609.863555670 -0.223744839 0.063090250 0.244325757 -0.091506429 -0.030346289 0.017947085 -0.995180249
1403636609.913555384 -0.223772541 0.063084684 0.244306207 -0.091546185 -0.030317700 0.017885961 -0.995178521
1403636609.963555574 -0.223668531 0.063066676 0.244284451 -0.091486603 -0.030376490 0.018016158 -0.995179832
1403636610.013555527 -0.223703697 0.063087985 0.244215131 0.091475047 0.030383233 -0.017957816 0.995181739
1403636610.063555479 -0.223716855 0.063111678 0.244281128 -0.091506161 -0.030372350 0.017960241 -0.995179176
1403636610.113555431 -0.223821238 0.063195378 0.244542181 -0.091573752 -0.030294154 0.017789096 -0.995178401
1403636610.163555622 -0.223787919 0.063230038 0.244600415 -0.091555990 -0.030321732 0.017832486 -0.995178461
1403636610.213555574 -0.223751068 0.063246936 0.244617149 -0.091574050 -0.030310515 0.017761720 -0.995178401
1403636610.263555527 -0.223609358 0.063205354 0.244427457 -0.091453150 -0.030379307 0.017989896 -0.995183349
1403636610.313555479 -0.223750964 0.063211344 0.244645834 -0.091495901 -0.030365590 0.017910540 -0.995181203
1403636610.363555670 -0.223592371 0.063109361 0.244230688 -0.091466583 -0.030409522 0.017892865 -0.995182872
1403636610.413555384 -0.223704606 0.063142188 0.244370103 -0.091493227 -0.030315202 0.017868353 -0.995183766
1403636610.463555574 -0.223713696 0.063100003 0.244468078 -0.091461219 -0.030352067 0.017933592 -0.995184422
1403636610.513555527 -0.223687634 0.063136548 0.244245946 0.091474883 0.030326843 -0.017952789 0.995183647
1403636610.563555479 -0.223697841 0.063073874 0.244349122 -0.091480628 -0.030350972 0.017910043 -0.995183110
1403636610.613555431 -0.223686963 0.063025177 0.244419366 -0.091440216 -0.030328535 0.017993378 -0.995186031
1403636610.663555622 -0.223635986 0.063013017 0.244477749 -0.091460787 -0.030340957 0.017961778 -0.995184302
1403636610.713555574 -0.223550528 0.063049294 0.244476214 -0.091462523 -0.030320680 0.018006958 -0.995183945
1403636610.763555527 -0.223511621 0.063127123 0.244430214 -0.091496490 -0.030200440 0.018057361 -0.995183527
1403636610.813555479 -0.223351821 0.063277140 0.244441137 -0.091480829 -0.030178178 0.018126091 -0.995184481
1403636610.863555670 -0.223603219 0.063187994 0.244250774 -0.091615826 -0.030052815 0.018116836 -0.995176017
1403636610.913555384 -0.223267123 0.063386440 0.244259194 -0.091583297 -0.030249057 0.018187974 -0.995171785
1403636610.963555574 -0.223294944 0.063225664 0.244217888 -0.091710538 -0.030107979 0.018028766 -0.995167196
1403636611.013555527 -0.223795101 0.063124664 0.244299635 0.091548428 0.030228548 -0.018082524 0.995177448
1403636611.063555479 -0.223817468 0.063180618 0.244304270 -0.091628030 -0.030050689 0.018127961 -0.995174706
1403636611.113555431 -0.223524854 0.063277662 0.244516894 -0.091643989 -0.030171795 0.018074632 -0.995170593
1403636611.163555622 -0.223647460 0.063309863 0.244313166 -0.091650859 -0.030116450 0.018107634 -0.995171010
1403636611.213555574 -0.223465458 0.063323863 0.244500980 -0.091650769 -0.030135568 0.018207602 -0.995168626
1403636611.263555527 -0.223442316 0.063212946 0.244568244 -0.091692366 -0.030161537 0.018035255 -0.995167077
1403636611.313555479 -0.223474607 0.063190237 0.244615793 -0.091622531 -0.030188147 0.018097371 -0.995171607
1403636611.363555670 -0.223576754 0.062845841 0.244545177 -0.092225425 -0.030015839 0.017375512 -0.995134056
1403636611.413555384 -0.223552614 0.063048668 0.244461074 -0.091921553 -0.030244626 0.017786808 -0.995147884
1403636611.463555574 -0.223943830 0.063473374 0.244455799 -0.092075616 -0.029882297 0.016937213 -0.995159447
1403636611.513555527 -0.223786965 0.063773267 0.244468227 0.091203496 0.030337771 -0.018447088 0.995199144
1403636611.563555479 -0.224189222 0.063441075 0.244647592 -0.091570608 -0.030025702 0.017603239 -0.995190144
1403636611.613555431 -0.224364802 0.063423082 0.244888812 -0.091468737 -0.030282637 0.018152868 -0.995181859
1403636611.663555622 -0.224747002 0.063256569 0.245318905 -0.091694236 -0.030255860 0.017462648 -0.995174289
1403636611.713555574 -0.224441335 0.063602373 0.245314062 -0.091340736 -0.030631620 0.018214721 -0.995181859
1403636611.763555527 -0.224293724 0.063534334 0.245221376 -0.091681845 -0.030433739 0.017603863 -0.995167553
1403636611.813555479 -0.224164754 0.063603655 0.244987324 -0.091661133 -0.030404245 0.017365580 -0.995174468
1403636611.863555670 -0.223935038 0.063867822 0.244862303 -0.091263458 -0.030776408 0.018084388 -0.995186806
1403636611.913555384 -0.223717541 0.063823618 0.244290531 -0.091452740 -0.030341903 0.018013880 -0.995184064
1403636611.963555574 -0.223899454 0.063518099 0.244437188 -0.091798238 -0.030351713 0.017605191 -0.995159268
1403636612.013555527 -0.223705783 0.063464366 0.244802758 0.092011310 0.030461159 -0.017157456 0.995144069
1403636612.063555479 -0.223733425 0.063789785 0.244730160 -0.091533013 -0.030314164 0.018121760 -0.995175600
1403636612.113555431 -0.224078238 0.063451707 0.244983807 -0.092131563 -0.030168891 0.016829032 -0.995147467
1403636612.163555622 -0.223940030 0.063398331 0.245150760 -0.092141762 -0.030431654 0.017104592 -0.995133877
1403636612.213555574 -0.223646909 0.063446552 0.244688630 -0.092181846 -0.030123524 0.016960977 -0.995141983
1403636612.263555527 -0.223661065 0.064092636 0.244849309 -0.090815179 -0.030752053 0.020009685 -0.995191753
1403636612.313555479 -0.223826870 0.063318253 0.244531766 -0.092164807 -0.030189158 0.016826959 -0.995143771
1403636612.363555670 -0.223695010 0.063958980 0.244637907 -0.091176055 -0.030470058 0.019583261 -0.995175958
1403636612.413555384 -0.223803550 0.063402139 0.244424105 -0.092007078 -0.030332247 0.017229056 -0.995147169
1403636612.463555574 -0.223418027 0.063749693 0.244112641 -0.091299362 -0.030629048 0.019216269 -0.995166898
1403636612.513555527 -0.223736182 0.063555367 0.244813338 0.091968924 0.030411027 -0.017407725 0.995145202
1403636612.563555479 -0.223443210 0.063794650 0.244799539 -0.091382504 -0.030643180 0.018826995 -0.995166242
1403636612.613555431 -0.223529369 0.063599177 0.244897097 -0.091696769 -0.030420598 0.017811986 -0.995162845
1403636612.663555622 -0.223506615 0.063648216 0.244696245 -0.091275416 -0.030418294 0.018816283 -0.995183229
1403636612.713555574 -0.223482937 0.063470840 0.244668365 -0.091742828 -0.030376131 0.017822240 -0.995159805
1403636612.763555527 -0.223529130 0.063713908 0.244482398 -0.091316618 -0.030408788 0.018682770 -0.995182216
1403636612.813555479 -0.223673224 0.063405864 0.244329974 -0.091434620 -0.030379340 0.018105794 -0.995182931
1403636612.863555670 -0.223677978 0.063434646 0.244392127 -0.091397889 -0.030398961 0.018315801 -0.995181859
1403636612.913555384 -0.223600820 0.063625768 0.244491279 -0.091408931 -0.030433917 0.018292779 -0.995180190
1403636612.963555574 -0.223610923 0.063596800 0.244592994 -0.091503024 -0.030466124 0.018025657 -0.995175481
1403636613.013555527 -0.223799914 0.063663006 0.244465098 0.091162115 0.030679500 -0.018750450 0.995186746
1403636613.063555479 -0.223740250 0.063459910 0.244504899 -0.091406085 -0.030626534 0.018189067 -0.995176494
1403636613.113555431 -0.223638758 0.063563764 0.244644344 -0.091135882 -0.030598242 0.018929668 -0.995188296
1403636613.163555622 -0.223589689 0.063361734 0.244709656 -0.091343917 -0.030695854 0.018078370 -0.995182037
1403636613.213555574 -0.223608017 0.063636057 0.244653180 -0.091042034 -0.030709326 0.018828047 -0.995195389
1403636613.263555527 -0.223684937 0.063578859 0.244482994 -0.091324106 -0.030665210 0.018166818 -0.995183229
1403636613.313555479 -0.223622113 0.063731894 0.244458973 -0.091129169 -0.030859048 0.018652188 -0.995186031
1403636613.363555670 -0.223733053 0.063585863 0.244320720 -0.091364577 -0.030686071 0.018076178 -0.995180488
1403636613.413555384 -0.223743677 0.063766532 0.244294271 -0.091117635 -0.030757753 0.018695634 -0.995189488
1403636613.463555574 -0.223806724 0.063676946 0.244122028 -0.091296881 -0.030750368 0.018111967 -0.995184124
1403636613.513555527 -0.223859787 0.063695081 0.244387284 0.091300473 0.030652406 -0.018201629 0.995185137
1403636613.563555479 -0.223938644 0.063770629 0.244366631 -0.091488473 -0.030589793 0.017737756 -0.995178163
1403636613.613555431 -0.224027485 0.063933179 0.244977459 -0.091171212 -0.030760793 0.018473063 -0.995188594
1403636613.663555622 -0.224004611 0.063812532 0.245006025 -0.091361001 -0.030695023 0.018050577 -0.995181024
1403636613.713555574 -0.223881394 0.063810654 0.244990721 -0.091257930 -0.030790338 0.018271185 -0.995183527
1403636613.763555527 -0.223845750 0.063722000 0.244955048 -0.091290064 -0.030783916 0.018155552 -0.995182872
1403636613.813555479 -0.223808467 0.063691959 0.244929910 -0.091271564 -0.030754942 0.018198943 -0.995184660
1403636613.863555670 -0.223777741 0.063646473 0.244821027 -0.091303982 -0.030691614 0.018178195 -0.995184064
1403636613.913555384 -0.223778144 0.063627787 0.244754344 -0.091294877 -0.030704223 0.018237660 -0.995183408
1403636613.963555574 -0.223792657 0.063600406 0.244694427 -0.091310151 -0.030684592 0.018197672 -0.995183349
1403636614.013555527 -0.223831594 0.063521616 0.244590506 0.091262102 0.030657463 -0.018188158 0.995188713
1403636614.063555479 -0.223862439 0.063575447 0.244576320 -0.091212444 -0.030729994 0.018245790 -0.995189965
1403636614.113555431 -0.223882109 0.063572221 0.244554281 -0.091261186 -0.030739982 0.018178113 -0.995186388
1403636614.163555622 -0.223814771 0.063589334 0.244514987 -0.091234423 -0.030754866 0.018261114 -0.995186865
1403636614.213555574 -0.223704442 0.063612632 0.244481221 -0.091263250 -0.030719701 0.018189104 -0.995186687
1403636614.263555527 -0.223574981 0.063735679 0.244496688 -0.091186091 -0.030735228 0.018307908 -0.995191097
1403636614.313555479 -0.223519355 0.063700706 0.244610727 -0.091259792 -0.030764150 0.018121844 -0.995186806
1403636614.363555670 -0.223469332 0.063762657 0.244874239 -0.091169722 -0.030809192 0.018321631 -0.995190024
1403636614.413555384 -0.223513052 0.063686617 0.244943276 -0.091277801 -0.030705430 0.018058168 -0.995188236
1403636614.463555574 -0.223524585 0.063816525 0.245075554 -0.091177657 -0.030792931 0.018375641 -0.995188832
1403636614.513555527 -0.223810747 0.063580021 0.244465813 0.091505781 0.030677930 -0.017712822 0.995174289
1403636614.563555479 -0.223837227 0.063737333 0.244513482 -0.091433816 -0.030613597 0.017918242 -0.995179236
1403636614.613555431 -0.224021375 0.063723743 0.244856775 -0.091289967 -0.030635871 0.018036615 -0.995189667
1403636614.663555622 -0.223957136 0.063726418 0.244988143 -0.091235474 -0.030657182 0.018227288 -0.995190442
1403636614.713555574 -0.223879769 0.063628398 0.245040059 -0.091309883 -0.030661562 0.018047856 -0.995186806
1403636614.763555527 -0.223810136 0.063645229 0.245014459 -0.091266133 -0.030649241 0.018207610 -0.995188236
1403636614.813555479 -0.223753855 0.063644491 0.244939521 -0.091270432 -0.030659644 0.018134478 -0.995188892
1403636614.863555670 -0.223780587 0.063671932 0.244825929 -0.091281779 -0.030636936 0.018212846 -0.995187163
1403636614.913555384 -0.223769575 0.063541546 0.244808659 -0.091258533 -0.030662436 0.018109711 -0.995190382
1403636614.963555574 -0.223797634 0.063594401 0.244751081 -0.091207244 -0.030713990 0.018235290 -0.995191157
1403636615.013555527 -0.223869666 0.063503839 0.244371653 0.091237828 0.030729586 -0.018155888 0.995189309
1403636615.063555479 -0.223911449 0.063491821 0.244490698 -0.091241673 -0.030690582 0.018179407 -0.995189726
1403636615.113555431 -0.223920330 0.063500747 0.244578212 -0.091244273 -0.030674942 0.018257102 -0.995188594
1403636615.163555622 -0.223847270 0.063506573 0.244651765 -0.091283426 -0.030681696 0.018225366 -0.995185375
1403636615.213555574 -0.223735079 0.063543476 0.244692311 -0.091247723 -0.030719748 0.018304041 -0.995186031
1403636615.263555527 -0.223679110 0.063528143 0.244684845 -0.091280133 -0.030759670 0.018243479 -0.995182931
1403636615.313555479 -0.223685607 0.063583113 0.244618967 -0.091242179 -0.030701082 0.018322665 -0.995186746
1403636615.363555670 -0.223695725 0.063590400 0.244497955 -0.091248102 -0.030743329 0.018245684 -0.995186269
1403636615.413555384 -0.223714948 0.063581623 0.244336545 -0.091216266 -0.030768529 0.018315544 -0.995187163
1403636615.463555574 -0.223728523 0.063598305 0.244292513 -0.091244191 -0.030756572 0.018283412 -0.995185554
1403636615.513555527 -0.223891392 0.063579872 0.244608760 0.091291606 0.030779369 -0.018314112 0.995179951
1403636615.563555479 -0.223904520 0.063572556 0.244612932 -0.091288261 -0.030755848 0.018267637 -0.995181859
1403636615.613555431 -0.223883271 0.063585721 0.244581893 -0.091265477 -0.030741477 0.018339491 -0.995183051
1403636615.663555622 -0.223933116 0.063463345 0.244413137 -0.091198243 -0.030664794 0.018252857 -0.995193124
1403636615.713555574 -0.223804712 0.063558057 0.244436339 -0.091290109 -0.030707279 0.018332219 -0.995181978
1403636615.763555527 -0.223854735 0.063491523 0.244290292 -0.091224782 -0.030663818 0.018248167 -0.995190859
1403636615.813555479 -0.223722950 0.063616090 0.244401261 -0.091269173 -0.030818561 0.018300984 -0.995181024
1403636615.863555670 -0.223788708 0.063512199 0.244313583 -0.091209032 -0.030672293 0.018210374 -0.995192707
1403636615.913555384 -0.223764956 0.063506439 0.244349495 -0.091165394 -0.030691968 0.018330391 -0.995193899
1403636615.963555574 -0.223790690 0.063455887 0.244394556 -0.091200620 -0.030694796 0.018276080 -0.995191574
1403636616.013555527 -0.223827109 0.063476726 0.244469762 0.091155052 0.030657420 -0.018357007 0.995195389
1403636616.063555479 -0.223810837 0.063539006 0.244489953 -0.091184095 -0.030646075 0.018312212 -0.995193899
1403636616.113555431 -0.223744765 0.063600659 0.244560122 -0.091154017 -0.030716924 0.018302517 -0.995194733
1403636616.163555622 -0.223895296 0.063648961 0.244774714 -0.091251440 -0.030719051 0.018187324 -0.995187819
1403636616.213555574 -0.223864287 0.063648008 0.244817331 -0.091227077 -0.030727647 0.018240450 -0.995188832
1403636616.263555527 -0.223700628 0.063574865 0.244696259 -0.091167077 -0.030710878 0.018352658 -0.995192707
1403636616.313555479 -0.223697841 0.063556015 0.244667858 -0.091172650 -0.030735107 0.018375050 -0.995191097
1403636616.363555670 -0.223721117 0.063522607 0.244606480 -0.091194049 -0.030736849 0.018329812 -0.995189905
1403636616.413555384 -0.223907307 0.063590512 0.244660601 -0.091275074 -0.030750478 0.018254157 -0.995183527
1403636616.463555574 -0.223732486 0.063484043 0.244454935 -0.091210447 -0.030730033 0.018344805 -0.995188415
1403636616.513555527 -0.223904088 0.063504145 0.244644791 0.091130771 0.030760178 -0.018287191 0.995195806
1403636616.563555479 -0.223901778 0.063389465 0.244607389 -0.091091439 -0.030724669 0.018301442 -0.995200157
1403636616.613555431 -0.223979905 0.063215248 0.244355574 -0.091088712 -0.030667577 0.018320894 -0.995201886
1403636616.663555622 -0.224007800 0.063292816 0.244352743 -0.091177121 -0.030730633 0.018257666 -0.995192945
1403636616.713555574 -0.223885134 0.063242726 0.244290143 -0.091123030 -0.030656792 0.018307816 -0.995199263
1403636616.763555527 -0.223901436 0.063398525 0.244342417 -0.091211498 -0.030701363 0.018227644 -0.995191276
1403636616.813555479 -0.223724321 0.063397966 0.244487897 -0.091195472 -0.030663608 0.018286938 -0.995192826
1403636616.863555670 -0.223832235 0.063351646 0.244376019 -0.091175295 -0.030644491 0.018291693 -0.995195210
1403636616.913555384 -0.223845258 0.063400753 0.244412407 -0.091148242 -0.030661000 0.018266803 -0.995197594
1403636616.963555574 -0.223749936 0.063517340 0.244620800 -0.091189452 -0.030688312 0.018256458 -0.995193183
1403636617.013555527 -0.223857954 0.063537687 0.244583681 0.091174975 0.030721068 -0.018268853 0.995193243
1403636617.063555479 -0.223939568 0.063551486 0.244625613 -0.091149449 -0.030763399 0.018268740 -0.995194316
1403636617.113555431 -0.224180475 0.063564286 0.244628862 -0.091200091 -0.030702766 0.018203368 -0.995192707
1403636617.163555622 -0.224161252 0.063521698 0.244673088 -0.091141067 -0.030667217 0.018312862 -0.995197177
1403636617.213555574 -0.224079847 0.063505195 0.244685605 -0.091158643 -0.030709006 0.018303942 -0.995194495
1403636617.263555527 -0.223997399 0.063526757 0.244677216 -0.091142088 -0.030701540 0.018328900 -0.995195806
1403636617.313555479 -0.223919764 0.063520014 0.244653836 -0.091143928 -0.030693535 0.018324999 -0.995195985
1403636617.363555670 -0.223880678 0.063511133 0.244625971 -0.091146663 -0.030684013 0.018334644 -0.995195806
1403636617.413555384 -0.223851293 0.063545138 0.244578391 -0.091225602 -0.030686114 0.018237051 -0.995190263
1403636617.463555574 -0.223826185 0.063468263 0.244598210 -0.091154374 -0.030658821 0.018353160 -0.995195508
1403636617.513555527 -0.223832980 0.063555121 0.244584396 0.091181047 0.030707655 -0.018348452 0.995191634
1403636617.563555479 -0.223778561 0.063498378 0.244546205 -0.091180347 -0.030678323 0.018335937 -0.995192885
1403636617.613555431 -0.223684430 0.063470498 0.244507328 -0.091185085 -0.030678321 0.018373685 -0.995191753
1403636617.663555622 -0.223824412 0.063401058 0.244297028 -0.091202989 -0.030658579 0.018210677 -0.995193660
1403636617.713555574 -0.223562256 0.063479319 0.244525775 -0.091203630 -0.030729964 0.018356802 -0.995188773
1403636617.763555527 -0.223582193 0.063510716 0.244555071 -0.091218613 -0.030735357 0.018281057 -0.995188594
1403636617.813555479 -0.223596886 0.063562378 0.244605020 -0.091188535 -0.030715540 0.018345943 -0.995190799
1403636617.863555670 -0.223600924 0.063584097 0.244690791 -0.091167554 -0.030725952 0.018332863 -0.995192587
1403636617.913555384 -0.223632157 0.063595384 0.244707227 -0.091170073 -0.030704867 0.018359082 -0.995192587
1403636617.963555574 -0.223638937 0.063596912 0.244770050 -0.091173232 -0.030711157 0.018332938 -0.995192587
1403636618.013555527 -0.223887131 0.063606620 0.244526610 0.091324329 0.030759893 -0.018146178 0.995180666
1403636618.063555479 -0.223890573 0.063599959 0.244618177 -0.091306403 -0.030752851 0.018103691 -0.995183229
1403636618.113555431 -0.223993465 0.063603356 0.244780391 -0.091145411 -0.030715548 0.018238928 -0.995196760
1403636618.163555622 -0.223953426 0.063590124 0.244852081 -0.091154620 -0.030740872 0.018221984 -0.995195448
1403636618.213555574 -0.223840341 0.063551128 0.244981721 -0.091125563 -0.030680574 0.018428665 -0.995196164
1403636618.263555527 -0.223896652 0.063531704 0.244959146 -0.091190487 -0.030720158 0.018290529 -0.995191514
1403636618.313555479 -0.223792091 0.063543625 0.245018154 -0.091138318 -0.030673776 0.018413521 -0.995195448
1403636618.363555670 -0.223810792 0.063517287 0.244968414 -0.091143079 -0.030722259 0.018363925 -0.995194435
1403636618.413555384 -0.223814845 0.063530669 0.244847611 -0.091133125 -0.030738933 0.018395036 -0.995194256
1403636618.463555574 -0.223901838 0.063550182 0.244663313 -0.091192767 -0.030766418 0.018293336 -0.995189846
1403636618.513555527 -0.223865151 0.063529462 0.244661301 0.091522932 0.030711696 -0.018473959 0.995157838
1403636618.563555479 -0.223991305 0.063372090 0.244634882 -0.091418087 -0.030763742 0.018448621 -0.995166361
1403636618.613555431 -0.224390611 0.062750831 0.244681522 -0.091287881 -0.030741397 0.018467333 -0.995178640
1403636618.663555622 -0.224406868 0.062798060 0.244651616 -0.091154970 -0.030758485 0.018443594 -0.995190680
1403636618.713555574 -0.224302918 0.063025415 0.244589537 -0.090828978 -0.030720668 0.018270144 -0.995224893
1403636618.763555527 -0.224139750 0.063185506 0.244474262 -0.091046251 -0.030789187 0.018328059 -0.995201886
1403636618.813555479 -0.224065945 0.063337736 0.244410470 -0.091172934 -0.030735159 0.018164912 -0.995194972
1403636618.863555670 -0.223974556 0.063383661 0.244349539 -0.091229923 -0.030813992 0.018207695 -0.995186448
1403636618.913555384 -0.223920763 0.063334003 0.244201019 -0.091551460 -0.030740025 0.018155087 -0.995160162
1403636618.963555574 -0.223619863 0.063832447 0.244165868 -0.091526859 -0.030752925 0.018270534 -0.995159924
1403636619.013555527 -0.223885849 0.063531660 0.244494498 0.091583587 0.030681487 -0.018167084 0.995158851
1403636619.063555479 -0.223955184 0.063514188 0.244486153 -0.091500744 -0.030605227 0.018276419 -0.995166779
1403636619.113555431 -0.224116713 0.063493706 0.245278820 -0.091591999 -0.030635426 0.017623032 -0.995169222
1403636619.163555622 -0.224129483 0.063337795 0.245260000 -0.091143101 -0.030657623 0.018122602 -0.995200813
1403636619.213555574 -0.224076509 0.063380651 0.245127380 -0.091096595 -0.030728359 0.017938107 -0.995206177
1403636619.263555527 -0.223975688 0.063440815 0.244954154 -0.091040522 -0.030757783 0.017988576 -0.995209515
1403636619.313555479 -0.223845854 0.063418463 0.244805276 -0.091076925 -0.030694218 0.018178772 -0.995204747
1403636619.363555670 -0.223873213 0.063376650 0.244545922 -0.091539353 -0.030706247 0.018159699 -0.995162308
1403636619.413555384 -0.223805428 0.063419119 0.244516551 -0.091463923 -0.030750100 0.018266903 -0.995165944
1403636619.463555574 -0.223812342 0.063624986 0.244323567 -0.091581784 -0.030519782 0.017938497 -0.995168090
1403636619.513555527 -0.223699808 0.063461877 0.244451672 0.091271065 0.030592360 -0.018266983 0.995188475
1403636619.563555479 -0.223862320 0.063664064 0.244407162 -0.091135971 -0.030542720 0.018172896 -0.995204091
1403636619.613555431 -0.223980963 0.063840151 0.244356364 -0.091164686 -0.030650720 0.018341217 -0.995195031
1403636619.663555622 -0.223976865 0.063862152 0.244273961 -0.091237888 -0.030695621 0.018259414 -0.995188475
1403636619.713555574 -0.224232167 0.063755304 0.244422153 -0.091138579 -0.030769683 0.018210905 -0.995196223
1403636619.763555527 -0.224120051 0.063650787 0.244380638 -0.091190793 -0.030790955 0.018083263 -0.995193064
1403636619.813555479 -0.224028200 0.063617654 0.244383991 -0.091179043 -0.030789223 0.018169904 -0.995192647
1403636619.863555670 -0.223975733 0.063546404 0.244419441 -0.091237463 -0.030795388 0.018027339 -0.995189667
1403636619.913555384 -0.223910958 0.063547842 0.244454265 -0.091214173 -0.030835476 0.018077904 -0.995189607
1403636619.963555574 -0.223910332 0.063544758 0.244430825 -0.091313660 -0.030785073 0.018081956 -0.995182037
1403636620.013555527 -0.223724410 0.063494533 0.244870022 0.091165453 0.030650439 -0.018179804 0.995197952
1403636620.063555479 -0.223819017 0.063444048 0.244933903 -0.091111362 -0.030685544 0.018234102 -0.995200872
1403636620.113555431 -0.223871946 0.063410893 0.244938657 -0.091132604 -0.030762179 0.018293973 -0.995195448
1403636620.163555622 -0.223845601 0.063428625 0.244928390 -0.091170162 -0.030749710 0.018343385 -0.995191455
1403636620.213555574 -0.224013552 0.063560419 0.244798899 -0.091200739 -0.030755177 0.018348420 -0.995188415
1403636620.263555527 -0.223580554 0.063490383 0.244798705 -0.091202147 -0.030683966 0.018331584 -0.995190799
1403636620.313555479 -0.223491088 0.063491061 0.244731009 -0.091140859 -0.030747712 0.018295895 -0.995195031
1403636620.363555670 -0.223420247 0.063495658 0.244761169 -0.091154881 -0.030728128 0.018365225 -0.995193124
1403636620.413555384 -0.223435938 0.063481629 0.244747847 -0.091223478 -0.030709287 0.018364292 -0.995187402
1403636620.463555574 -0.223440230 0.063513294 0.244758397 -0.091165885 -0.030741563 0.018421749 -0.995190680
1403636620.513555527 -0.223943710 0.063619837 0.244806156 0.091284573 0.030878959 -0.018125264 0.995180964
1403636620.563555479 -0.223883256 0.063616425 0.244827434 -0.091253333 -0.030860534 0.018160326 -0.995183825
1403636620.613555431 -0.223824084 0.063598044 0.244919166 -0.091290563 -0.030813277 0.018116111 -0.995182633
1403636620.663555622 -0.223746970 0.063636139 0.245012566 -0.091272369 -0.030815385 0.018225804 -0.995182276
1403636620.713555574 -0.223694697 0.063625045 0.245112509 -0.091297582 -0.030850491 0.018186595 -0.995179534
1403636620.763555527 -0.223665386 0.063644961 0.245147109 -0.091302522 -0.030806795 0.018198101 -0.995180249
1403636620.813555479 -0.223540321 0.063545540 0.245462209 -0.091197871 -0.030660233 0.018299343 -0.995192468
1403636620.863555670 -0.223540202 0.063577786 0.245354563 -0.091192096 -0.030666836 0.018307304 -0.995192647
1403636620.913555384 -0.223573044 0.063578762 0.245258778 -0.091199137 -0.030675262 0.018250288 -0.995192766
1403636620.963555574 -0.223581478 0.063537344 0.245133549 -0.091157712 -0.030629188 0.018258940 -0.995197892
1403636621.013555527 -0.224037006 0.063730411 0.244169533 0.091306970 0.030746419 -0.018106218 0.995183349
1403636621.063555479 -0.223980308 0.063772686 0.244375527 -0.091045491 -0.030896317 0.018630330 -0.995193005
1403636621.113555431 -0.223821536 0.063248768 0.245423019 -0.091372445 -0.030758884 0.018075878 -0.995177507
1403636621.163555622 -0.223833308 0.063283563 0.245672405 -0.091199726 -0.030835647 0.018608604 -0.995181203
1403636621.213555574 -0.223863885 0.063277669 0.245858476 -0.091329664 -0.030860083 0.018195840 -0.995176136
1403636621.263555527 -0.223859742 0.063493386 0.245970309 -0.091166541 -0.030845083 0.018588161 -0.995184302
1403636621.313555479 -0.223840579 0.063494749 0.246018857 -0.091309182 -0.030823482 0.018227503 -0.995178580
1403636621.363555670 -0.223815694 0.063702732 0.245868012 -0.091211252 -0.030889770 0.018510010 -0.995180309
1403636621.413555384 -0.223892629 0.063677065 0.245661184 -0.091337070 -0.030798530 0.018163482 -0.995177984
1403636621.463555574 -0.223899573 0.063809544 0.245388493 -0.091226727 -0.030887971 0.018453559 -0.995179951
1403636621.513555527 -0.223919794 0.063587509 0.244240463 0.091321245 0.030839577 -0.018294400 0.995175779
1403636621.563555479 -0.224018142 0.063879125 0.244286135 -0.091238506 -0.030844292 0.018513083 -0.995179117
1403636621.613555431 -0.224111855 0.064017601 0.244920999 -0.091291502 -0.030761175 0.018268304 -0.995181382
1403636621.663555622 -0.224049017 0.064117260 0.244951993 -0.091224618 -0.030819690 0.018495187 -0.995181501
1403636621.713555574 -0.224009782 0.064005382 0.244951040 -0.091341153 -0.030779272 0.018311476 -0.995175421
1403636621.763555527 -0.223957568 0.063945882 0.244887650 -0.091317341 -0.030783387 0.018441031 -0.995175123
1403636621.813555479 -0.223958865 0.063855961 0.244741589 -0.091332257 -0.030788019 0.018386379 -0.995174587
1403636621.863555670 -0.223985285 0.063821502 0.244642556 -0.091301598 -0.030753776 0.018436391 -0.995177567
1403636621.913555384 -0.223979950 0.063784242 0.244574085 -0.091283932 -0.030743597 0.018413322 -0.995179892
1403636621.963555574 -0.223961607 0.063742280 0.244480342 -0.091316454 -0.030793594 0.018347317 -0.995176673
1403636622.013555527 -0.223797277 0.063467443 0.244934842 0.091216125 0.030793956 -0.018508842 0.995182872
1403636622.063555479 -0.223898321 0.063356794 0.244776100 -0.091267169 -0.030844718 0.018398866 -0.995178580
1403636622.113555431 -0.224181265 0.063512184 0.243558824 -0.091142222 -0.030726127 0.018504066 -0.995191813
1403636622.163555622 -0.224158376 0.063450053 0.243475214 -0.091196582 -0.030717997 0.018493470 -0.995187223
1403636622.213555574 -0.224063799 0.063473836 0.243436232 -0.091229096 -0.030711286 0.018447600 -0.995185316
1403636622.263555527 -0.223962575 0.063553534 0.243433312 -0.091227211 -0.030695871 0.018519757 -0.995184660
1403636622.313555479 -0.223658070 0.063419342 0.244663715 -0.091273837 -0.030760890 0.018466763 -0.995179355
1403636622.363555670 -0.223815531 0.063660227 0.243640676 -0.091188520 -0.030669559 0.018564072 -0.995188177
1403636622.413555384 -0.223778009 0.063618727 0.243799955 -0.091228768 -0.030667523 0.018491685 -0.995185852
1403636622.463555574 -0.223598272 0.063431725 0.245085523 -0.091317900 -0.030736003 0.018481666 -0.995175779
1403636622.513555527 -0.223877609 0.063671350 0.244612858 0.091253899 0.030720003 -0.018537201 0.995181143
1403636622.563555479 -0.223855436 0.063576445 0.244706914 -0.091235913 -0.030715760 0.018538466 -0.995182872
1403636622.613555431 -0.223949701 0.063282363 0.245215461 -0.091185369 -0.030711262 0.018494271 -0.995188475
1403636622.663555622 -0.223852232 0.063421763 0.245140985 -0.091237240 -0.030747294 0.018424688 -0.995183945
1403636622.713555574 -0.223812297 0.063482523 0.245150492 -0.091226958 -0.030770177 0.018345745 -0.995185554
1403636622.763555527 -0.223787010 0.063621670 0.245025441 -0.091225140 -0.030809216 0.018413898 -0.995183289
1403636622.813555479 -0.223801687 0.063549794 0.245026901 -0.091215834 -0.030795014 0.018350339 -0.995185792
1403636622.863555670 -0.223761678 0.063840792 0.244779944 -0.091130055 -0.030906726 0.018280545 -0.995191455
1403636622.913555384 -0.223740652 0.063961148 0.244815633 -0.091065593 -0.031016806 0.018225981 -0.995194912
1403636622.963555574 -0.223735139 0.063945115 0.244861871 -0.091083020 -0.030986315 0.018033216 -0.995197713
1403636623.013555527 -0.224009290 0.063910887 0.244572654 0.091273241 0.031231046 -0.017245756 0.995186627
1403636623.063555479 -0.224087611 0.064020097 0.244828671 -0.091294169 -0.031189770 0.017190408 -0.995186925
1403636623.113555431 -0.224172249 0.064139977 0.245119616 -0.091284327 -0.031155629 0.017143866 -0.995189726
1403636623.163555622 -0.224471241 0.064034745 0.245457724 -0.091255262 -0.031239938 0.017197154 -0.995188892
1403636623.213555574 -0.224747509 0.064014077 0.246007591 -0.091257714 -0.031172445 0.017232286 -0.995190144
1403636623.263555527 -0.224942669 0.063935399 0.246554464 -0.091308132 -0.031241871 0.017139964 -0.995184958
1403636623.313555479 -0.224789292 0.063920759 0.247077048 -0.091215163 -0.031422131 0.017290469 -0.995185137
1403636623.363555670 -0.224301428 0.063944086 0.246444166 -0.091286741 -0.031394638 0.017026355 -0.995184064
1403636623.413555384 -0.224040598 0.064034924 0.245907217 -0.091236897 -0.031468555 0.017228708 -0.995182812
1403636623.463555574 -0.223876745 0.064078577 0.245083600 -0.091235556 -0.031502929 0.017107883 -0.995183885
1403636623.513555527 -0.223726019 0.063854590 0.244109362 0.090802632 0.031075817 -0.018166855 0.995218158
1403636623.563555479 -0.224131823 0.064282954 0.243339941 -0.090816744 -0.030973239 0.018078627 -0.995221734
1403636623.613555431 -0.224272683 0.064606279 0.242826968 -0.090702094 -0.030942146 0.018024219 -0.995234132
1403636623.663555622 -0.223853379 0.064487085 0.243046612 -0.090762973 -0.030818567 0.018060977 -0.995231748
1403636623.713555574 -0.223364621 0.064356893 0.243502736 -0.090577379 -0.030950213 0.018033348 -0.995245039
1403636623.763555527 -0.223474517 0.064587824 0.244409144 -0.090775579 -0.031047260 0.016812256 -0.995245337
1403636623.813555479 -0.223413780 0.064562641 0.244900569 -0.090505324 -0.030663393 0.016794618 -0.995282173
1403636623.863555670 -0.223392457 0.064583078 0.245232686 -0.090323195 -0.030923406 0.016585099 -0.995294154
1403636623.913555384 -0.223498404 0.064569391 0.245345533 -0.090147749 -0.030797042 0.016737791 -0.995311439
1403636623.963555574 -0.223344266 0.064029850 0.245294079 -0.089477621 -0.030690089 0.017537275 -0.995361447
1403636624.013555527 -0.223610118 0.064252272 0.244198069 0.089665823 0.030535448 -0.017460907 0.995350599
1403636624.063555479 -0.223151505 0.064178616 0.244360194 -0.089497216 -0.030524077 0.017258734 -0.995369673
1403636624.113555431 -0.222912356 0.063986331 0.245059028 -0.088722959 -0.030260140 0.017652446 -0.995440125
1403636624.163555622 -0.223067746 0.063936442 0.245011061 -0.088515788 -0.030129541 0.017040513 -0.995473146
1403636624.213555574 -0.223043963 0.064061396 0.244542256 -0.088373952 -0.029888684 0.017288484 -0.995488822
1403636624.263555527 -0.223145172 0.064580739 0.243921399 -0.088812567 -0.029712899 0.016263517 -0.995472312
1403636624.313555479 -0.223052576 0.064460948 0.244480342 -0.087200545 -0.027065523 0.018016880 -0.995660126
1403636624.363555670 -0.224292278 0.065993384 0.243542030 0.086054750 0.022535613 -0.017720763 0.995877862
1403636624.413555384 -0.224419788 0.067952298 0.242056310 0.084019832 0.018702220 -0.018962849 0.996108115
1403636624.463555574 -0.225094140 0.070445679 0.240296528 -0.082526453 -0.013987860 0.018578561 -0.996317506
1403636624.513555527 -0.225583375 0.073815733 0.238364860 0.080589168 0.009399034 -0.018628946 0.996528983
1403636624.563555479 -0.226046890 0.077180088 0.235485911 -0.078632623 -0.006073505 0.018856585 -0.996706843
1403636624.613555431 -0.226573154 0.081330396 0.232523024 -0.077202894 -0.005364229 0.020581508 -0.996788561
1403636624.663555622 -0.226996258 0.086725943 0.230541065 0.075851798 0.007404539 -0.022151552 0.996845543
1403636624.713555574 -0.228575304 0.092522517 0.228137627 -0.074184850 -0.007851459 0.026506290 -0.996861339
1403636624.763555527 -0.229771614 0.099049352 0.224816486 -0.073301613 -0.010479261 0.029018678 -0.996832490
1403636624.813555479 -0.231098235 0.106366247 0.218475521 0.070843831 0.007219438 -0.036543135 0.996791661
1403636624.863555670 -0.230919480 0.113997675 0.212568179 -0.068829551 -0.003675660 0.043327365 -0.996680379
1403636624.913555384 -0.229425833 0.122033365 0.204962373 0.065969743 -0.002928844 -0.051708199 0.996476710
1403636624.963555574 -0.225625619 0.129599810 0.196526900 0.063395627 -0.009142109 -0.059572354 0.996166945
1403636625.013555527 -0.220001549 0.136306554 0.186515093 -0.061796237 0.015010043 0.064660333 -0.995878994
1403636625.063555479 -0.212583214 0.141683355 0.177149609 0.060587738 -0.021224586 -0.068165958 0.995606422
1403636625.113555431 -0.203251854 0.145638943 0.167462990 0.060762674 -0.026502054 -0.068670474 0.995434523
1403636625.163555622 -0.192443177 0.148250848 0.157710001 0.062371392 -0.029276771 -0.064402960 0.995542586
1403636625.213555574 -0.180320382 0.149729699 0.148943931 -0.064290613 0.027952796 0.060565788 -0.995699406
1403636625.263555527 -0.167716861 0.150524005 0.141268864 -0.065929912 0.024148986 0.057066202 -0.995898366
1403636625.313555479 -0.157389268 0.150775746 0.136225998 -0.067544252 0.020433351 0.054469049 -0.996018767
1403636625.363555670 -0.150869668 0.151037544 0.132225335 0.069102243 -0.018242009 -0.052849155 0.996041715
1403636625.413555384 -0.149949580 0.151232764 0.132066622 -0.069687054 0.019640362 0.052763883 -0.995978892
1403636625.463555574 -0.152069926 0.151384205 0.133816525 -0.070065521 0.022817392 0.053371698 -0.995852292
1403636625.513555527 -0.155754089 0.151167601 0.137313470 -0.070461199 0.024469022 0.053229406 -0.995792747
1403636625.563555479 -0.159011111 0.150347799 0.141806945 -0.070935130 0.025632659 0.053881571 -0.995694757
1403636625.613555431 -0.159952417 0.149193883 0.145480484 -0.071253635 0.025635151 0.055040453 -0.995608568
1403636625.663555622 -0.156669602 0.147993639 0.147013724 -0.071599081 0.024017634 0.055680018 -0.995588481
1403636625.713555574 -0.148278415 0.145129919 0.149487838 -0.072738893 0.020863639 0.055097472 -0.995609462
1403636625.763555527 -0.135899708 0.141635180 0.151539505 -0.073307909 0.015618389 0.055236872 -0.995656013
1403636625.813555479 -0.119480461 0.137534037 0.152664170 -0.074216060 0.010426075 0.054467995 -0.995699048
1403636625.863555670 -0.097983263 0.133513853 0.153934479 0.075656787 -0.004780444 -0.052433535 0.995742977
1403636625.913555384 -0.074834161 0.128066629 0.153737918 -0.076592363 0.001133356 0.051047903 -0.995754242
1403636625.963555574 -0.049946841 0.122403175 0.152433261 -0.077299133 -0.001747595 0.050187513 -0.995742440
1403636626.013555527 -0.024907364 0.116693437 0.150759727 -0.078001983 -0.004145234 0.049308434 -0.995724499
1403636626.063555479 -0.000829222 0.110946268 0.148741513 -0.079807609 -0.005224809 0.045282133 -0.995767534
1403636626.113555431 0.022493506 0.105403438 0.146495655 -0.081880264 -0.005617569 0.040441390 -0.995805502
1403636626.163555622 0.046054907 0.104332052 0.151531011 0.083977193 0.006125228 -0.035523728 0.995815516
1403636626.213555574 0.066192329 0.099949047 0.149717852 -0.085695468 -0.006391396 0.031309430 -0.995808840
1403636626.263555527 0.083413079 0.096652150 0.148288131 -0.086651884 -0.006566470 0.028799875 -0.995800674
1403636626.313555479 0.097306758 0.094258040 0.147910923 -0.087222457 -0.006667331 0.027878601 -0.995776415
1403636626.363555670 0.107640967 0.093012795 0.148240566 -0.087102719 -0.006842364 0.028065924 -0.995780468
1403636626.413555384 0.114933610 0.093014233 0.149402931 -0.086686432 -0.007618662 0.029772436 -0.995761573
1403636626.463555574 0.120588951 0.094742931 0.151472077 -0.085840151 -0.008666852 0.032701619 -0.995734453
1403636626.513555527 0.125384077 0.097069487 0.153282657 -0.085115217 -0.012220231 0.036042735 -0.995644033
1403636626.563555479 0.129196554 0.100451045 0.154783189 -0.084424131 -0.016065750 0.039819986 -0.995504320
1403636626.613555431 0.131823942 0.104379825 0.156054556 -0.084144153 -0.019611821 0.043283623 -0.995319903
1403636626.663555622 0.130628854 0.113573872 0.167280063 0.084611453 0.022744477 -0.046264935 0.995079517
1403636626.713555574 0.129736647 0.117852867 0.167216465 -0.085007645 -0.022365132 0.047683023 -0.994987369
1403636626.763555527 0.127308682 0.122256741 0.166535556 -0.085812330 -0.019981753 0.048615254 -0.994923949
1403636626.813555479 0.123879917 0.127810001 0.165755779 -0.086416215 -0.017098587 0.049271971 -0.994893014
1403636626.863555670 0.119121291 0.132998213 0.164223284 -0.086815104 -0.013307298 0.050004385 -0.994879723
1403636626.913555384 0.113590382 0.138323933 0.162424237 -0.086981535 -0.009046077 0.050768666 -0.994874358
1403636626.963555574 0.107285969 0.143823832 0.160579488 -0.086580142 -0.004278548 0.051946439 -0.994880497
1403636627.013555527 0.100216061 0.149458393 0.158788055 -0.086415298 0.000130797 0.052658927 -0.994866610
1403636627.063555479 0.093521267 0.155085251 0.156828374 -0.085959569 0.004144347 0.053234003 -0.994866848
1403636627.113555431 0.088605642 0.160425246 0.154777378 -0.085932449 0.009075512 0.053724010 -0.994810045
1403636627.163555622 0.084017113 0.165589318 0.152363479 0.086629488 -0.007666944 -0.053244427 0.994787276
1403636627.213555574 0.085762136 0.170173317 0.148292720 -0.086682186 0.004941242 0.053598635 -0.994780898
1403636627.263555527 0.090542540 0.174412176 0.144145146 -0.086891584 0.000906673 0.053508930 -0.994779289
1403636627.313555479 0.097197518 0.178504378 0.138813376 -0.087841429 -0.002281054 0.052338667 -0.994755983
1403636627.363555670 0.105829559 0.182443082 0.133182317 -0.088225946 -0.003515127 0.051299959 -0.994772434
1403636627.413555384 0.115801863 0.186370581 0.126707464 -0.088770278 -0.003729190 0.050349019 -0.994771838
1403636627.463555574 0.127502739 0.190496519 0.118865326 -0.088669807 -0.004660695 0.048710030 -0.994858503
1403636627.513555527 0.138320431 0.194965065 0.111911342 -0.087011375 -0.003465888 0.046732396 -0.995104551
1403636627.563555479 0.146029979 0.200025722 0.105751306 -0.083840452 -0.002563834 0.044647310 -0.995475233
1403636627.613555431 0.149483278 0.205925614 0.100392051 -0.079682395 -0.001291112 0.043132070 -0.995885909
1403636627.663555622 0.151948825 0.212008595 0.091856062 0.076077387 -0.001441010 -0.042189173 0.996208012
1403636627.713555574 0.147391200 0.218732759 0.088834673 -0.071202710 0.006096977 0.041275077 -0.996588886
1403636627.763555527 0.140775979 0.225929573 0.087018959 -0.065335087 0.011952182 0.040337220 -0.996976137
1403636627.813555479 0.133668125 0.233180434 0.086379640 -0.059007179 0.017275298 0.039347496 -0.997332215
1403636627.863555670 0.126520410 0.240756974 0.086735368 -0.051967453 0.022339325 0.038102821 -0.997671545
1403636627.913555384 0.120778792 0.247929841 0.087597638 -0.046142109 0.027130185 0.037409890 -0.997865438
1403636627.963555574 0.118769385 0.254609734 0.089206278 -0.041033283 0.029556248 0.037166286 -0.998028755
1403636628.013555527 0.119197987 0.260914296 0.091701657 -0.036598351 0.030476024 0.036753379 -0.998188913
1403636628.063555479 0.123479791 0.266600907 0.095082812 -0.033359896 0.028193556 0.035924625 -0.998399615
1403636628.113555431 0.131410167 0.271554857 0.097979344 -0.030933246 0.021645097 0.034523144 -0.998690546
1403636628.163555622 0.144767568 0.276618093 0.096198261 0.029474918 -0.012975031 -0.032308389 0.998959064
1403636628.213555574 0.155917987 0.281006098 0.099896960 -0.028700152 0.004483962 0.029568842 -0.999140680
1403636628.263555527 0.168166012 0.285206258 0.103290282 -0.028608089 -0.001668866 0.025443992 -0.999265432
1403636628.313555479 0.181206718 0.289610237 0.105904862 -0.029430304 -0.005866842 0.020800879 -0.999333262
1403636628.363555670 0.194748312 0.294607878 0.108196124 -0.029904438 -0.007651551 0.018063297 -0.999360263
1403636628.413555384 0.207872808 0.300173283 0.110327847 -0.030383546 -0.008052513 0.015732558 -0.999382079
1403636628.463555574 0.219842449 0.306351393 0.112516053 -0.031019712 -0.008148322 0.014332631 -0.999382854
1403636628.513555527 0.236842707 0.312750995 0.108042315 0.031778272 0.006892883 -0.013463986 0.999380589
1403636628.563555479 0.245554373 0.320533991 0.110464275 -0.032622069 -0.006164881 0.012289833 -0.999373198
1403636628.613555431 0.252729267 0.329107970 0.113020994 -0.033953954 -0.005558678 0.011490877 -0.999341965
1403636628.663555622 0.258500785 0.338771701 0.115714796 -0.034630325 -0.005491957 0.011542720 -0.999318421
1403636628.713555574 0.262921870 0.349799752 0.118696392 -0.033334713 -0.005386114 0.013297629 -0.999341309
1403636628.763555527 0.265397221 0.362037063 0.121768974 -0.030012721 -0.003143998 0.015752554 -0.999420464
1403636628.813555479 0.266418993 0.375011593 0.125146627 -0.025366653 0.000284428 0.018197440 -0.999512553
1403636628.863555670 0.266841978 0.388507843 0.128718778 -0.020535666 0.004438201 0.019831365 -0.999582589
1403636628.913555384 0.268900275 0.402091086 0.132237718 -0.016067777 0.008689573 0.020553691 -0.999621868
1403636628.963555574 0.272261322 0.415709704 0.133520678 -0.012401142 0.012144162 0.021188715 -0.999624848
1403636629.013555527 0.271022946 0.429287493 0.149569750 0.009530302 -0.014533813 -0.020467537 0.999639452
1403636629.063555479 0.278613359 0.442588896 0.147579178 -0.006587311 0.015941435 0.019769914 -0.999655783
1403636629.113555431 0.287629873 0.456042200 0.145014286 -0.003378944 0.016405420 0.020020086 -0.999659300
1403636629.163555622 0.296360940 0.469829232 0.143186688 0.000857294 0.016545629 0.018443618 -0.999692619
1403636629.213555574 0.304455370 0.483867913 0.142494231 0.006195138 0.015366676 0.016573157 -0.999725401
1403636629.263555527 0.312706202 0.498554975 0.155391112 -0.011098620 -0.013505477 -0.014554995 0.999741256
1403636629.313555479 0.319078535 0.512559593 0.157821551 0.015296229 0.010995124 0.011478591 -0.999756753
1403636629.363555670 0.324425191 0.526504755 0.161180496 0.018533522 0.008450593 0.008194579 -0.999758959
1403636629.413555384 0.328727067 0.540556788 0.165297434 0.020895341 0.005224755 0.003536950 -0.999761820
1403636629.463555574 0.331193447 0.555215418 0.204801366 -0.024519475 -0.001145944 0.001926146 0.999696910
1403636629.513555527 0.332649887 0.570747375 0.211313725 0.029492285 -0.001126187 -0.007289462 -0.999537826
1403636629.563555479 0.332215875 0.587225437 0.218479112 0.035644852 -0.000797869 -0.011828452 -0.999294221
1403636629.613555431 0.332327187 0.605923831 0.238187477 -0.044012491 -0.001985424 0.014106933 0.998929441
1403636629.663555622 0.328539044 0.624774218 0.247215554 0.053280268 0.006890280 -0.016333427 -0.998422265
1403636629.713555574 0.323531866 0.644459069 0.256977141 0.063300192 0.011645262 -0.018324623 -0.997758329
1403636629.763555527 0.319698870 0.664300621 0.271710813 -0.074223466 -0.016020915 0.020331793 0.996905684
1403636629.813555479 0.313132048 0.685459614 0.283391744 0.085521154 0.018898185 -0.023110028 -0.995889068
1403636629.863555670 0.305894852 0.707027078 0.296266139 0.096732050 0.021177793 -0.026492624 -0.994732440
1403636629.913555384 0.299311757 0.728812695 0.310138106 0.107046723 0.022503460 -0.029825579 -0.993551791
1403636629.963555574 0.298598409 0.751916289 0.339237392 -0.116268039 -0.022998413 0.032064714 0.992433786
1403636630.013555527 0.295630038 0.772992134 0.352653086 0.123597726 0.022674674 -0.034440059 -0.991475403
1403636630.063555479 0.294628322 0.793908298 0.365935922 0.129782915 0.020762099 -0.036070224 -0.990668654
1403636630.113555431 0.298769921 0.815888226 0.383426964 -0.134981006 -0.015986245 0.036933091 0.990030587
1403636630.163555622 0.303272218 0.837280273 0.398174405 0.139315665 0.008749971 -0.037714094 -0.989490926
1403636630.213555574 0.311614364 0.859858155 0.414340585 -0.143194199 -0.001865985 0.037582785 0.988979042
1403636630.263555527 0.319863230 0.881474137 0.429418623 0.146012321 -0.004350768 -0.037964620 -0.988544524
1403636630.313555479 0.332541287 0.906166315 0.451186210 -0.148164034 0.008029827 0.037763763 0.988208950
1403636630.363555670 0.342581570 0.927431405 0.465446740 0.149442509 -0.007442889 -0.037869468 -0.988016963
1403636630.413555384 0.353922516 0.948717237 0.479270846 0.150258854 -0.006148324 -0.037723254 -0.987907648
1403636630.463555574 0.366310298 0.969907403 0.492478520 0.150643706 -0.003089636 -0.036599893 -0.987905622
1403636630.513555527 0.380865932 0.990736842 0.505430043 0.150654063 -0.001545902 -0.035297200 -0.987955034
1403636630.563555479 0.399085015 1.014539599 0.517414212 -0.150725946 -0.000528677 0.032399181 0.988044381
1403636630.613555431 0.415187120 1.034801602 0.530865669 0.150406078 0.001227314 -0.029417047 -0.988185823
1403636630.663555622 0.430154294 1.054655910 0.545229375 0.149618834 0.002956297 -0.027019799 -0.988370121
1403636630.713555574 0.444009960 1.074150801 0.560579300 0.148573518 0.003901047 -0.025463400 -0.988565803
1403636630.763555527 0.456779420 1.093216300 0.576984882 0.147026077 0.003755062 -0.026145665 -0.988779902
1403636630.813555479 0.468189955 1.111871719 0.594525695 0.144978806 0.004276699 -0.027277013 -0.989049494
1403636630.863555670 0.478464425 1.130257964 0.612949371 0.143310398 0.004152340 -0.028641008 -0.989254594
1403636630.913555384 0.487377673 1.148621798 0.632089257 0.141470209 0.003683642 -0.030147871 -0.989476502
1403636630.963555574 0.494425178 1.172176003 0.639608920 -0.139659926 -0.003591026 0.031435683 0.989693940
1403636631.013555527 0.501620770 1.191117525 0.660062075 0.138973951 0.003334457 -0.032065097 -0.989771187
1403636631.063555479 0.508117318 1.210025311 0.681307673 0.137939885 0.002229524 -0.032142036 -0.989916444
1403636631.113555431 0.514148772 1.228955626 0.702883780 0.137600824 0.000420230 -0.032094378 -0.989967644
1403636631.163555622 0.519675195 1.247738957 0.724864483 0.137274757 -0.001074654 -0.031866837 -0.990019739
1403636631.213555574 0.524987161 1.266302228 0.747094512 0.136600882 -0.003159836 -0.031662129 -0.990115047
1403636631.263555527 0.530087948 1.284981608 0.769325852 0.136500195 -0.004543358 -0.030937977 -0.990146458
1403636631.313555479 0.534644842 1.303465486 0.791656315 0.135895535 -0.004628092 -0.031205721 -0.990220845
1403636631.363555670 0.538209558 1.322062969 0.814454854 0.135762408 -0.004663020 -0.030561104 -0.990259051
1403636631.413555384 0.540251195 1.340383172 0.837796986 0.135303542 -0.004625650 -0.030529918 -0.990322948
1403636631.463555574 0.543852687 1.362245202 0.855113208 -0.135012433 0.004193062 0.029879859 0.990384400
1403636631.513555527 0.543205857 1.380868077 0.878308535 0.134851068 -0.003827766 -0.028661674 -0.990443945
1403636631.563555479 0.542069912 1.399219632 0.901746869 0.134937406 -0.003970036 -0.027169818 -0.990473628
1403636631.613555431 0.541166604 1.417194247 0.924921989 0.134623870 -0.003494702 -0.025889376 -0.990552366
1403636631.663555622 0.540948749 1.435010195 0.948369265 0.134037524 -0.002653793 -0.024934201 -0.990658998
1403636631.713555574 0.541645944 1.452660799 0.971616030 0.133701444 -0.002283102 -0.024196407 -0.990723670
1403636631.763555527 0.543655813 1.469452024 0.992798567 0.133396834 -0.001755938 -0.023430552 -0.990784168
1403636631.813555479 0.548470318 1.485888362 1.014353156 0.132799804 -0.002110500 -0.022909688 -0.990875840
1403636631.863555670 0.555428863 1.502270460 1.036542296 0.132995978 -0.001444900 -0.021739248 -0.990877151
1403636631.913555384 0.563465714 1.518007159 1.057870269 0.133038014 -0.000375816 -0.020786641 -0.990892947
1403636631.963555574 0.565739989 1.529987216 1.054096818 -0.133008987 -0.000129994 0.020566342 0.990901411
1403636632.013555527 0.574455976 1.543739557 1.074366689 -0.133246049 0.000101702 0.020660015 0.990867674
1403636632.063555479 0.585085571 1.561163783 1.097287536 0.133463904 -0.001617469 -0.020240499 -0.990845680
1403636632.113555431 0.594736218 1.575987101 1.118707895 0.133905679 -0.003005232 -0.018604184 -0.990814865
1403636632.163555622 0.604531825 1.590034246 1.139517903 0.135594741 -0.004197708 -0.015551347 -0.990633488
1403636632.213555574 0.613713443 1.603254914 1.160931230 0.136316761 -0.003757080 -0.014610955 -0.990550458
1403636632.263555527 0.621739924 1.615526080 1.182777882 0.136621684 -0.004584551 -0.015709667 -0.990488172
1403636632.313555479 0.627843916 1.626934648 1.204943776 0.136904493 -0.004729989 -0.016710900 -0.990432084
1403636632.363555670 0.628660619 1.631464720 1.208425999 -0.136998340 0.005449804 0.017796505 0.990396500
1403636632.413555384 0.630512953 1.641203642 1.230232596 0.137540936 -0.004498607 -0.018310314 -0.990316689
1403636632.463555574 0.630372643 1.650131583 1.252486706 0.136818260 -0.001751966 -0.021704033 -0.990356922
1403636632.513555527 0.629054010 1.658265471 1.275217652 0.134169504 0.001397519 -0.025521552 -0.990628779
1403636632.563555479 0.626483262 1.665974736 1.298471332 0.129852131 0.006418493 -0.030541895 -0.991042137
1403636632.613555431 0.623473585 1.673500061 1.322110891 0.124271192 0.011050678 -0.034680504 -0.991580546
1403636632.663555622 0.620442808 1.681068778 1.346353173 0.117416628 0.014651789 -0.036807578 -0.992292285
1403636632.713555574 0.618188262 1.688861489 1.370999813 0.109210260 0.016867772 -0.037013095 -0.993186116
1403636632.763555527 0.617608368 1.697007537 1.395585775 0.099840403 0.018010275 -0.035422146 -0.994209707
1403636632.813555479 0.618502200 1.701721072 1.407835603 -0.089970976 -0.017551335 0.030116579 0.995334268
1403636632.863555670 0.622882962 1.711034298 1.431612611 0.080016322 0.014896704 -0.021658091 -0.996446908
1403636632.913555384 0.629420877 1.720786452 1.454915285 0.070017934 0.011004137 -0.012502536 -0.997406721
1403636632.963555574 0.636995673 1.730924010 1.478277326 0.061378770 0.008642155 -0.004119185 -0.998068690
1403636633.013555527 0.646015644 1.741158962 1.501635075 0.053696316 0.006454666 0.003207794 -0.998531342
1403636633.063555479 0.655718565 1.751292944 1.524598360 0.046809863 0.005930284 0.008896342 -0.998846650
1403636633.113555431 0.665066361 1.761209846 1.547673106 0.040510781 0.005191055 0.012814869 -0.999083519
1403636633.163555622 0.673369408 1.770995140 1.571291208 0.035374507 0.005169602 0.016099261 -0.999231160
1403636633.213555574 0.680218577 1.780395746 1.595550060 0.031003008 0.005047502 0.017851455 -0.999347150
1403636633.263555527 0.685433388 1.789743662 1.620306849 0.027278582 0.006335593 0.018009236 -0.999445558
1403636633.313555479 0.699584603 1.801580548 1.647463799 -0.024072973 -0.008115292 -0.017268103 0.999528170
1403636633.363555670 0.702337384 1.810474873 1.673276186 0.021195641 0.009799563 0.015168061 -0.999612272
1403636633.413555384 0.703957260 1.819409609 1.699856281 0.019700510 0.011915210 0.013138834 -0.999648631
1403636633.463555574 0.704665661 1.828255892 1.726906061 0.018397011 0.013686178 0.010965046 -0.999676943
1403636633.513555527 0.704926193 1.837314725 1.754842162 0.018320246 0.015126545 0.009718177 -0.999670565
1403636633.563555479 0.705141127 1.846578240 1.783589244 0.018740965 0.016831923 0.008207170 -0.999648988
1403636633.613555431 0.706040800 1.856312752 1.812927604 0.019479249 0.018854549 0.007352960 -0.999605417
1403636633.663555622 0.708885133 1.866358995 1.843081355 0.021060335 0.020262253 0.007075742 -0.999547839
1403636633.713555574 0.714017868 1.876484752 1.873169899 0.022467747 0.019865975 0.006341078 -0.999530077
1403636633.763555527 0.721047580 1.886719823 1.903482080 0.023544148 0.019134859 0.005202213 -0.999526143
1403636633.813555479 0.729033887 1.896677494 1.934754372 -0.024759090 -0.019188875 -0.004226356 0.999500394
1403636633.863555670 0.740431786 1.907384157 1.965392709 0.025619628 0.017945951 0.002206760 -0.999508262
1403636633.913555384 0.753276408 1.918142080 1.995970249 0.025718978 0.016809462 -0.001880824 -0.999526143
1403636633.963555574 0.766323447 1.929106474 2.027087212 0.025611728 0.014803052 -0.006424397 -0.999541700
1403636634.013555527 0.778588295 1.940718055 2.058864117 0.025856605 0.012809661 -0.010262945 -0.999530971
1403636634.063555479 0.791056573 1.951156735 2.091970921 -0.026756158 -0.012700826 0.012758961 0.999479949
1403636634.113555431 0.803263426 1.964216590 2.124669075 -0.026518598 -0.013135706 0.012954134 0.999478102
1403636634.163555622 0.817309737 1.977681756 2.156990767 0.026621118 0.014336922 -0.011729528 -0.999473989
1403636634.213555574 0.833575249 1.992308259 2.189448595 0.027078575 0.015961593 -0.008560603 -0.999469221
1403636634.263555527 0.852412701 2.007665873 2.222247362 0.027791522 0.015851300 -0.004247996 -0.999478996
1403636634.313555479 0.873023570 2.023342848 2.255376816 0.028232483 0.012993802 -0.000472688 -0.999516845
1403636634.363555670 0.893643260 2.039339781 2.288886309 0.028360054 0.008678242 0.002843920 -0.999556124
1403636634.413555384 0.902026653 2.057040215 2.321942806 -0.028372275 -0.003568158 -0.005956321 0.999573290
1403636634.463555574 0.919485688 2.073320627 2.356647491 -0.028334402 -0.000840433 -0.008432363 0.999562621
1403636634.513555527 0.935194731 2.089845896 2.391807795 0.027696619 -0.002655657 0.010157989 -0.999561250
1403636634.563555479 0.949346006 2.106153965 2.427213907 0.027022431 -0.004848661 0.011501187 -0.999556959
1403636634.613555431 0.961737514 2.121904135 2.462692022 0.025641443 -0.005834473 0.013684989 -0.999560535
1403636634.663555622 0.972518921 2.137024164 2.498160362 0.022477310 -0.006305113 0.015907774 -0.999600887
1403636634.713555574 0.976989746 2.153223038 2.531289339 -0.019239902 0.006867188 -0.019019773 0.999610364
1403636634.763555527 0.987327337 2.167463303 2.565323830 -0.015667534 0.004801155 -0.021076962 0.999643624
1403636634.813555479 0.998249173 2.181303978 2.597776890 0.012151834 -0.002593902 0.021994453 -0.999680877
1403636634.863555670 1.010543346 2.194505930 2.629779577 0.008921392 -0.000406456 0.022745455 -0.999701440
1403636634.913555384 1.024325252 2.207067728 2.660958767 0.005516244 0.001328164 0.023868447 -0.999699056
1403636634.963555574 1.039474130 2.219154835 2.691540956 0.002636287 0.004001437 0.025398841 -0.999665976
1403636635.013555527 1.056421876 2.230742216 2.721696615 0.000256666 0.004516544 0.027437557 -0.999613285
1403636635.063555479 1.072646022 2.241867781 2.751791239 -0.001784775 0.006191123 0.029116912 -0.999555290
1403636635.113555431 1.087550402 2.252770424 2.782428026 -0.003466935 0.007774729 0.030380053 -0.999502182
1403636635.163555622 1.096235037 2.266605854 2.815094471 0.005292049 -0.008533606 -0.030619267 0.999480665
1403636635.213555574 1.107635379 2.277384043 2.846511126 0.006721229 -0.010193870 -0.030719457 0.999453545
1403636635.263555527 1.118497491 2.287793875 2.878201723 -0.008779163 0.011145683 0.029214464 -0.999472499
1403636635.313555479 1.127947927 2.297828436 2.910704136 -0.010435900 0.012661438 0.027341370 -0.999491572
1403636635.363555670 1.137136102 2.307693958 2.943646669 -0.012353971 0.014606479 0.023701418 -0.999536097
1403636635.413555384 1.147379756 2.317759752 2.976293564 -0.013560791 0.015766861 0.022217855 -0.999536872
1403636635.463555574 1.158937693 2.327881098 3.009521246 -0.014181356 0.015397299 0.020817185 -0.999564171
1403636635.513555527 1.171862721 2.337055206 3.046868801 0.015149577 -0.015633844 -0.017675199 0.999606729
1403636635.563555479 1.187175393 2.347442865 3.079310894 0.015375008 -0.015765162 -0.016866980 0.999615252
1403636635.613555431 1.202311277 2.358325005 3.110148907 -0.015606960 0.014988885 0.015742360 -0.999641955
1403636635.663555622 1.218835950 2.369797230 3.141468048 -0.015310930 0.013852498 0.014780412 -0.999677598
1403636635.713555574 1.236862302 2.381618023 3.173277140 -0.015029288 0.012480945 0.014191820 -0.999708533
1403636635.763555527 1.262934208 2.391488552 3.206815958 0.015366083 -0.009336756 -0.012007832 0.999766290
1403636635.813555479 1.285831332 2.404052258 3.238785028 0.016386116 -0.005143091 -0.007844481 0.999821782
1403636635.863555670 1.311006427 2.417484045 3.270852327 -0.016935542 0.002661029 0.004229167 -0.999844134
1403636635.913555384 1.336671352 2.431995392 3.301880598 -0.017720904 0.003910024 0.000387130 -0.999835312
1403636635.963555574 1.370447278 2.446903944 3.337205648 0.017462267 -0.007259091 0.000712624 0.999820948
1403636636.013555527 1.396873236 2.463610649 3.368588924 0.016226158 -0.012512295 -0.001226080 0.999789357
1403636636.063555479 1.423223376 2.480554104 3.401371956 -0.014070860 0.016554857 0.005608093 -0.999748230
1403636636.113555431 1.448443294 2.498476267 3.434571743 -0.012127987 0.019234665 0.010280855 -0.999688625
1403636636.163555622 1.474760771 2.516729593 3.468181372 -0.010627463 0.017500592 0.014499173 -0.999685228
1403636636.213555574 1.507488847 2.535158873 3.502457857 0.009241580 -0.012611615 -0.018916450 0.999698877
1403636636.263555527 1.537638426 2.553558826 3.535239458 0.008096598 -0.006336096 -0.022455631 0.999695003
1403636636.313555479 1.569804311 2.571372747 3.567083597 -0.007565625 0.000821393 0.024356948 -0.999674380
1403636636.363555670 1.602286577 2.589111805 3.598463774 -0.007089581 -0.006020905 0.025920348 -0.999620795
1403636636.413555384 1.635042429 2.606831551 3.630370378 0.007146972 0.014659571 -0.027020745 0.999501884
1403636636.463555574 1.664602757 2.624058008 3.661027670 0.007239681 0.021604700 -0.027776163 0.999354482
1403636636.513555527 1.691140890 2.641363859 3.691639423 -0.006136848 -0.024571206 0.030751340 -0.999206185
1403636636.563555479 1.718745828 2.659721136 3.722224712 0.004988693 0.025770785 -0.034303263 0.999066770
1403636636.613555431 1.740550041 2.676056147 3.751317263 0.003490934 0.026375549 -0.038531672 0.998903215
1403636636.663555622 1.759254336 2.691684723 3.779817343 -0.001796687 -0.025822833 0.043166164 -0.998732567
1403636636.713555574 1.775626063 2.706306219 3.807565928 -0.000287871 -0.025709022 0.047015991 -0.998563230
1403636636.763555527 1.789362788 2.719592094 3.834766865 0.001086631 -0.025118830 0.051002383 -0.998382032
1403636636.813555479 1.800532222 2.731419802 3.861313820 0.002758372 -0.024704823 0.056208439 -0.998109579
1403636636.863555670 1.809177160 2.741656780 3.887236357 0.004161428 -0.023153381 0.060618807 -0.997883737
1403636636.913555384 1.819842339 2.752527475 3.908735514 -0.002681438 0.020054726 -0.058111086 0.998105049
1403636636.963555574 1.824324965 2.759191751 3.933655739 0.000199216 0.018100509 -0.052589003 0.998452187
1403636637.013555527 1.827599406 2.763987064 3.958239555 -0.003509915 -0.015398091 0.045764707 -0.998827457
1403636637.063555479 1.829473019 2.768151999 3.982119799 -0.006411097 -0.013836923 0.039661765 -0.999096811
1403636637.113555431 1.829863310 2.771834612 4.005554199 -0.008703720 -0.011282315 0.035043236 -0.999284267
1403636637.163555622 1.829404950 2.775393724 4.028741837 -0.010074478 -0.007642211 0.032281328 -0.999398828
1403636637.213555574 1.828655362 2.778778791 4.051775932 -0.010677421 -0.003329463 0.031295918 -0.999447584
1403636637.263555527 1.828863502 2.782018185 4.074252605 -0.011469266 -0.000271971 0.030636244 -0.999464810
1403636637.313555479 1.831206083 2.785171747 4.097540379 -0.012041804 0.002380418 0.030520914 -0.999458790
1403636637.363555670 1.822264194 2.788849115 4.098741531 0.012319326 -0.004247770 -0.031399988 0.999421954
1403636637.413555384 1.829983592 2.790884256 4.122823715 0.013517784 -0.005262769 -0.030797554 0.999420345
1403636637.463555574 1.842510581 2.792217731 4.147029877 -0.013870845 0.007251170 0.031837098 -0.999370515
1403636637.513555527 1.855331779 2.793457985 4.169682980 -0.014581779 0.007884649 0.031199686 -0.999375701
1403636637.563555479 1.868628740 2.794505835 4.191420555 -0.015278010 0.009617373 0.030997090 -0.999356449
1403636637.613555431 1.884965658 2.801001549 4.207562923 0.016734863 -0.010458861 -0.029660912 0.999365211
1403636637.663555622 1.900910378 2.801686287 4.227609634 0.017247507 -0.011515324 -0.029072834 0.999362171
1403636637.713555574 1.918812156 2.802567720 4.247180462 -0.017705668 0.010785206 0.029502431 -0.999349713
1403636637.763555527 1.939024448 2.803159237 4.268909454 -0.018218689 0.009659917 0.029923137 -0.999339461
1403636637.813555479 1.960951805 2.803500175 4.289880276 -0.018475754 0.007420755 0.030421643 -0.999338865
1403636637.863555670 1.977342367 2.803526878 4.302122593 0.018856559 -0.005583955 -0.030631328 0.999337316
1403636637.913555384 2.002472639 2.803054094 4.322598457 0.019347223 -0.003693976 -0.030648945 0.999336183
1403636637.963555574 2.025646925 2.802766800 4.343398571 -0.019744419 0.001057094 0.030678282 -0.999333739
1403636638.013555527 2.044662476 2.802575827 4.365766525 -0.020058163 -0.000564712 0.030621601 -0.999329686
1403636638.063555479 2.052885294 2.802380323 4.384883404 0.020553144 0.002393313 -0.030585174 0.999317944
1403636638.113555431 2.063707829 2.802317142 4.409888744 0.020873627 0.004466571 -0.030336335 0.999311805
1403636638.163555622 2.070261240 2.802345991 4.433511257 -0.021345412 -0.005962868 0.030027363 -0.999303401
1403636638.213555574 2.075661659 2.802394867 4.458024979 -0.021634866 -0.006208353 0.030256908 -0.999288738
1403636638.263555527 2.079752922 2.802564621 4.482295990 -0.021517010 -0.006695049 0.030637637 -0.999276519
1403636638.313555479 2.081807613 2.802679062 4.506400108 -0.022463242 -0.004682157 0.028918305 -0.999318421
1403636638.363555670 2.081427336 2.803086042 4.530101299 -0.024007192 0.001292888 0.024618095 -0.999407828
1403636638.413555384 2.078127623 2.803700209 4.553181648 -0.025561940 0.011650996 0.019432215 -0.999416471
1403636638.463555574 2.073805571 2.807682276 4.583950520 0.027204838 -0.021458847 -0.015129085 0.999285042
1403636638.513555527 2.070325613 2.809547901 4.608406067 0.028611559 -0.030136563 -0.010690929 0.999079049
1403636638.563555479 2.068341255 2.812454939 4.631731510 -0.028890038 0.035040285 0.009302312 -0.998924971
1403636638.613555431 2.069266081 2.816329241 4.654953480 -0.028237609 0.037057269 0.011458016 -0.998848438
1403636638.663555622 2.074206829 2.820905924 4.679074764 -0.026757820 0.035301294 0.016813079 -0.998876989
1403636638.713555574 2.082761049 2.826255322 4.703699589 -0.025396941 0.032345701 0.020575268 -0.998942196
1403636638.763555527 2.093773365 2.832026243 4.728437424 -0.024820685 0.027605699 0.023603691 -0.999031961
1403636638.813555479 2.107676268 2.837805986 4.753780842 -0.024805045 0.022283249 0.025140299 -0.999127686
1403636638.863555670 2.116204023 2.843139410 4.780898571 0.025008485 -0.016815804 -0.024599629 0.999243081
1403636638.913555384 2.132431269 2.849384069 4.806536674 0.026194947 -0.013515269 -0.022867512 0.999303877
1403636638.963555574 2.149402618 2.854883909 4.830901146 -0.027325470 0.010928061 0.020504637 -0.999356508
1403636639.013555527 2.167607546 2.861111641 4.856718540 -0.029335050 0.010523937 0.015380679 -0.999395907
1403636639.063555479 2.190716982 2.869173527 4.891568661 0.031604867 -0.009894032 -0.009597804 0.999405444
1403636639.113555431 2.206429482 2.876846075 4.919468403 0.033500362 -0.009510343 -0.004761802 0.999382138
1403636639.163555622 2.219290733 2.885765076 4.950417042 -0.034914006 0.010173527 0.000751495 -0.999338269
1403636639.213555574 2.228338242 2.896023035 4.982089043 -0.036022764 0.010490994 -0.002436404 -0.999292970
1403636639.263555527 2.233795404 2.907787561 5.015842438 -0.036480222 0.011430402 -0.003717429 -0.999262094
1403636639.313555479 2.237297535 2.921445370 5.050633430 -0.034734573 0.011436314 0.000790424 -0.999330819
1403636639.363555670 2.239882708 2.936604023 5.104669094 0.032513268 -0.011419057 -0.006755982 0.999383271
1403636639.413555384 2.241570234 2.952656031 5.141153336 0.030263053 -0.011771717 -0.013092131 0.999386966
1403636639.463555574 2.243214130 2.969177961 5.178730011 -0.028095545 0.011792592 0.019497776 -0.999345541
1403636639.513555527 2.243915558 2.986265421 5.216474533 -0.025808010 0.010389864 0.026111782 -0.999271810
1403636639.563555479 2.243949175 3.003496885 5.254549503 -0.023337664 0.008215594 0.033506110 -0.999132216
1403636639.613555431 2.244806767 3.022706985 5.300463200 0.021722261 -0.006385497 -0.039127361 0.998977661
1403636639.663555622 2.244451284 3.038753986 5.338848591 0.021521233 -0.002986189 -0.041027721 0.998921752
1403636639.713555574 2.245120287 3.053535223 5.376600266 -0.022274956 -0.001144737 0.039908133 -0.998954475
1403636639.763555527 2.246626377 3.067893267 5.413329124 -0.023654813 -0.005015387 0.036875937 -0.999027312
1403636639.813555479 2.249359608 3.081792593 5.448516846 -0.024451898 -0.007107254 0.034882773 -0.999067008
1403636639.863555670 2.254005432 3.095186949 5.482731342 -0.025638418 -0.008494761 0.032188706 -0.999116838
1403636639.913555384 2.260154486 3.108204842 5.514811039 -0.026957935 -0.009163624 0.030063296 -0.999142408
1403636639.963555574 2.267883301 3.121091604 5.545839310 -0.027290469 -0.009740646 0.029427949 -0.999146819
1403636640.013555527 2.271014690 3.138988972 5.586699963 0.028089473 0.010285284 -0.029639451 0.999112964
1403636640.063555479 2.282902241 3.151560783 5.616349697 0.030138111 0.010608726 -0.031257760 0.999000549
1403636640.113555431 2.298163176 3.163486242 5.645578861 -0.033059388 -0.010835177 0.035151277 -0.998776317
1403636640.163555622 2.314513683 3.175099134 5.673236847 -0.037373081 -0.010942168 0.037020355 -0.998555541
1403636640.213555574 2.332670212 3.186483860 5.699113369 -0.041728899 -0.011014542 0.038664106 -0.998319864
1403636640.263555527 2.351215124 3.197853327 5.723623753 -0.045179714 -0.009398514 0.041075297 -0.998089850
1403636640.313555479 2.368796110 3.208995104 5.747645378 -0.048281442 -0.008644333 0.041728813 -0.997924328
1403636640.363555670 2.367735386 3.223295212 5.775438786 0.051350728 0.009157403 -0.043391760 0.997695565
1403636640.413555384 2.382202625 3.234437466 5.799589634 0.053620894 0.008936764 -0.044836678 0.997514188
1403636640.463555574 2.394608736 3.246091127 5.823890686 -0.055557739 -0.009125217 0.046205703 -0.997344077
1403636640.513555527 2.405400753 3.257521868 5.848056316 -0.057345156 -0.007633006 0.046649858 -0.997234762
1403636640.563555479 2.415215969 3.268871307 5.872285366 -0.058753006 -0.007547892 0.047716822 -0.997102976
1403636640.613555431 2.423793554 3.280000687 5.896681786 -0.059949510 -0.007414096 0.047819491 -0.997027814
1403636640.663555622 2.430911064 3.290961504 5.920812607 -0.060852021 -0.007712292 0.048344340 -0.996945500
1403636640.713555574 2.436066628 3.301794529 5.945312500 -0.061637823 -0.006648765 0.048502717 -0.996897221
1403636640.763555527 2.440592289 3.312405825 5.969441414 -0.062409293 -0.004894850 0.048474018 -0.996860802
1403636640.813555479 2.446412563 3.322570324 5.993337154 -0.062731802 -0.003546624 0.049191777 -0.996811092
1403636640.863555670 2.436190605 3.330256462 6.012063026 0.063094370 0.003118667 -0.049793743 0.996759772
1403636640.913555384 2.443890572 3.339459181 6.034205437 0.063325830 0.002312779 -0.049961541 0.996738911
1403636640.963555574 2.453547239 3.349735975 6.053521633 -0.063183650 -0.001892147 0.050414644 -0.996725976
1403636641.013555527 2.463181496 3.359156609 6.072130680 -0.062943496 -0.002436547 0.050690766 -0.996725976
1403636641.063555479 2.471810102 3.368159056 6.090819359 -0.062995479 -0.003561430 0.049738411 -0.996767342
1403636641.113555431 2.478743792 3.376855135 6.109706879 -0.062522352 -0.004134213 0.049967643 -0.996783376
1403636641.163555622 2.483817101 3.385259390 6.129254341 -0.062064510 -0.003771924 0.050246015 -0.996799469
1403636641.213555574 2.487278938 3.393465519 6.148904324 -0.061613642 -0.004641910 0.050057661 -0.996833265
1403636641.263555527 2.489051580 3.401130676 6.168695450 -0.061980739 -0.005570966 0.048492752 -0.996883035
1403636641.313555479 2.488844872 3.408682108 6.188565731 -0.062654682 -0.005127692 0.044940040 -0.997009814
1403636641.363555670 2.493624687 3.407858133 6.202033520 0.063456632 0.004986564 -0.040503822 0.997149885
1403636641.413555384 2.490864277 3.415514231 6.221996784 0.064619526 0.004631756 -0.036777575 0.997221291
1403636641.463555574 2.487283707 3.423810959 6.241282463 -0.064512968 -0.004821336 0.036058214 -0.997253537
1403636641.513555527 2.483678579 3.432516813 6.259982109 -0.063691683 -0.005371003 0.037337665 -0.997256458
1403636641.563555479 2.480060816 3.441549778 6.276969433 -0.063001454 -0.005231439 0.039228953 -0.997228503
1403636641.613555431 2.477502346 3.450769424 6.293108940 -0.061798323 -0.005569554 0.041319627 -0.997217476
1403636641.663555622 2.476441383 3.459922314 6.308622837 -0.060974754 -0.005329601 0.042858154 -0.997204542
1403636641.713555574 2.477308512 3.469087601 6.322321415 -0.060444027 -0.006489204 0.044050969 -0.997178018
1403636641.763555527 2.481332541 3.477778912 6.335167408 -0.059766274 -0.006111326 0.044635095 -0.997195244
1403636641.813555479 2.487094164 3.486119270 6.347139835 -0.059660114 -0.007077630 0.044914905 -0.997182727
1403636641.863555670 2.512167931 3.487726688 6.342171669 0.059291195 0.007087209 -0.045188710 0.997192204
1403636641.913555384 2.521532536 3.495432615 6.354736805 0.058094099 0.007387132 -0.044692606 0.997282863
1403636641.963555574 2.531106710 3.502990484 6.367416859 -0.055641264 -0.007815710 0.043001227 -0.997493863
1403636642.013555527 2.542378187 3.510810614 6.378705025 -0.051674604 -0.009294978 0.041690130 -0.997750103
1403636642.063555479 2.554367065 3.518666267 6.389464855 -0.047119465 -0.010281155 0.039572868 -0.998052120
1403636642.113555431 2.565839529 3.526302814 6.400547028 -0.042596899 -0.011258705 0.038701028 -0.998278975
1403636642.163555622 2.572860956 3.542289972 6.407548428 0.038982406 0.012188696 -0.037677340 0.998454988
1403636642.213555574 2.581127167 3.549481153 6.418197632 0.035822857 0.013175302 -0.036313027 0.998611331
1403636642.263555527 2.588486433 3.556613207 6.428227425 -0.032880142 -0.013525696 0.034795083 -0.998761892
1403636642.313555479 2.593479633 3.563719988 6.438717365 -0.029339783 -0.013989674 0.032805856 -0.998933136
1403636642.363555670 2.596257210 3.571142673 6.449177742 -0.024487846 -0.014696585 0.030850032 -0.999115944
1403636642.413555384 2.597469091 3.578529358 6.459672928 -0.020234998 -0.015837694 0.028608205 -0.999260426
1403636642.463555574 2.596940756 3.585821152 6.470125675 -0.016320061 -0.015883954 0.027148942 -0.999372005
1403636642.513555527 2.594848871 3.592907667 6.479977608 -0.013198266 -0.014793822 0.025597017 -0.999475718
1403636642.563555479 2.591188192 3.599817276 6.489329338 -0.010034758 -0.011555606 0.025121495 -0.999567270
1403636642.613555431 2.588368416 3.605272532 6.494294167 -0.008048833 -0.007650512 0.023499522 -0.999662161
1403636642.663555622 2.584701300 3.616316080 6.486747265 0.006343020 0.002702106 -0.022563856 0.999721706
1403636642.713555574 2.578411579 3.622665882 6.494497299 0.004596851 -0.001284369 -0.021957062 0.999747574
1403636642.763555527 2.571782112 3.629522562 6.504916191 -0.003763001 0.004895997 0.021398107 -0.999751985
1403636642.813555479 2.568182707 3.635764837 6.513647556 -0.003098791 0.007686100 0.020477785 -0.999755979
1403636642.863555670 2.566707134 3.641726255 6.520971775 -0.002813142 0.009379505 0.019581916 -0.999760330
1403636642.913555384 2.567257404 3.647607565 6.528664112 -0.002742597 0.011256831 0.019371694 -0.999745250
1403636642.963555574 2.569544792 3.653580666 6.535074234 -0.002678519 0.011918749 0.018613016 -0.999752164
1403636643.013555527 2.574184895 3.659647942 6.541027069 -0.002914044 0.011245336 0.018234316 -0.999766290
1403636643.063555479 2.580790997 3.666075230 6.547906876 -0.003066545 0.007578386 0.018064145 -0.999803424
1403636643.113555431 2.587201595 3.672966719 6.555150986 -0.003381166 0.003174669 0.017660355 -0.999833345
1403636643.163555622 2.592550516 3.681227922 6.553497791 0.004147097 0.000014735 -0.017040528 0.999846280
1403636643.213555574 2.595977068 3.688962460 6.562041283 0.004399405 0.002558968 -0.016616588 0.999849021
1403636643.263555527 2.597597361 3.696119070 6.570646286 -0.004753844 -0.003634571 0.016552385 -0.999845088
1403636643.313555479 2.598080158 3.704042435 6.579516411 -0.004832217 -0.003250824 0.016920567 -0.999839902
1403636643.363555670 2.598226547 3.712255955 6.588347912 -0.004922805 -0.001205368 0.017316621 -0.999837279
1403636643.413555384 2.600295305 3.720520020 6.597133636 -0.005360075 0.001198019 0.016784946 -0.999844134
1403636643.463555574 2.604629040 3.728891611 6.606102943 -0.005965846 0.004910529 0.016115297 -0.999840319
1403636643.513555527 2.610588551 3.737694263 6.616142273 -0.006351125 0.008900388 0.016323360 -0.999807000
1403636643.563555479 2.619506598 3.746647358 6.627174377 -0.006838006 0.012321956 0.016655104 -0.999761999
1403636643.613555431 2.629453659 3.755514145 6.638221741 -0.006760390 0.016141614 0.017524861 -0.999693274
1403636643.663555622 2.643428564 3.762806416 6.647315025 0.007598658 -0.019676547 -0.018377639 0.999608636
1403636643.713555574 2.657101870 3.771767616 6.657666206 0.007982065 -0.022656117 -0.019285474 0.999525428
1403636643.763555527 2.672406435 3.781693935 6.668750763 -0.008141497 0.024206322 0.020058578 -0.999472618
1403636643.813555479 2.687358379 3.791341543 6.680372715 -0.007962098 0.027145050 0.021615922 -0.999366045
1403636643.863555670 2.701757193 3.801084042 6.693518639 -0.008183704 0.030075748 0.021819314 -0.999275923
1403636643.913555384 2.715441227 3.810830832 6.708286762 -0.008288383 0.031988353 0.022435335 -0.999202073
1403636643.963555574 2.728194237 3.820616722 6.724909306 -0.008112296 0.034022819 0.023369282 -0.999114871
1403636644.013555527 2.740169525 3.830331564 6.743311405 -0.007797979 0.034923043 0.024037870 -0.999070525
1403636644.063555479 2.751290798 3.839729786 6.763265133 -0.007965405 0.035684355 0.024068944 -0.999041498
1403636644.113555431 2.760771990 3.848015785 6.777541637 0.007652327 -0.036616851 -0.024318827 0.999004126
1403636644.163555622 2.770676136 3.857042789 6.800899506 0.007673914 -0.035275176 -0.024619769 0.999044895
1403636644.213555574 2.780565977 3.866812944 6.826498985 -0.008624124 0.029890759 0.022237394 -0.999268591
1403636644.263555527 2.789966345 3.875949383 6.853433132 -0.010548487 0.022730347 0.016720599 -0.999546170
1403636644.313555479 2.798697472 3.885228395 6.881723404 -0.012908088 0.014408494 0.010338219 -0.999759436
1403636644.363555670 2.806129932 3.895175695 6.910931587 -0.014721660 0.006832883 0.004537988 -0.999858022
1403636644.413555384 2.811832428 3.906212091 6.940951347 -0.016104044 0.000989572 0.000826185 -0.999869525
1403636644.463555574 2.815659285 3.918546438 6.971626759 -0.016962528 -0.004103928 -0.002002122 -0.999845743
1403636644.513555527 2.810416460 3.933830261 7.004026890 0.018787172 0.009056019 0.007049958 0.999757648
1403636644.563555479 2.809877872 3.948958635 7.035424232 0.020428210 0.011612224 0.010846347 0.999665082
1403636644.613555431 2.807842731 3.965635777 7.065957546 -0.020719867 -0.013269246 -0.012113937 -0.999623954
1403636644.663555622 2.804286480 3.984141350 7.096563816 -0.019148076 -0.014295767 -0.007949946 -0.999682903
1403636644.713555574 2.799160004 4.004207611 7.126858234 -0.016454283 -0.015112646 -0.000916482 -0.999750018
1403636644.763555527 2.792030334 4.025458813 7.156911850 -0.013139012 -0.014474834 0.008118914 -0.999776006
1403636644.813555479 2.778074980 4.048037529 7.194165230 0.009555232 0.014977260 -0.016300054 0.999709368
1403636644.863555670 2.767907858 4.070362568 7.223598480 0.006615269 0.013019751 -0.022236684 0.999646068
1403636644.913555384 2.757737875 4.092107773 7.251482487 -0.005018825 -0.010296650 0.024061678 -0.999644876
1403636644.963555574 2.748863697 4.113472462 7.278502464 -0.004421185 -0.007241339 0.024022713 -0.999675453
1403636645.013555527 2.741263628 4.134339809 7.303792477 -0.003681231 0.000318793 0.024117215 -0.999702394
1403636645.063555479 2.729246378 4.155599117 7.340239048 0.003472900 -0.011607134 -0.021878514 0.999687254
1403636645.113555431 2.725019455 4.175942421 7.362789631 0.003301910 -0.023185216 -0.020054577 0.999524593
1403636645.163555622 2.721589088 4.196299076 7.384681702 -0.002331155 0.033576649 0.021046896 -0.999211848
1403636645.213555574 2.721830845 4.216380119 7.408211708 -0.002221629 0.042569466 0.019308826 -0.998904526
1403636645.263555527 2.725961447 4.236270428 7.433298111 -0.001703714 0.047454942 0.019754389 -0.998676598
1403636645.313555479 2.732459545 4.255857468 7.459514141 -0.001704666 0.046826135 0.019533223 -0.998710632
1403636645.363555670 2.740950346 4.275469303 7.487573147 -0.001440979 0.042411029 0.020050207 -0.998898089
1403636645.413555384 2.746387243 4.296525955 7.537777901 0.000883750 -0.036992941 -0.020539388 0.999104083
1403636645.463555574 2.755338907 4.315854073 7.570058823 0.000767829 -0.032927424 -0.020276111 0.999251783
1403636645.513555527 2.762612820 4.334455490 7.605280399 -0.000561940 0.029671621 0.020677535 -0.999345720
1403636645.563555479 2.768965721 4.353296757 7.642013073 -0.000144567 0.028288204 0.021022035 -0.999378741
1403636645.613555431 2.774827480 4.372004509 7.680381298 0.000297240 0.026105698 0.021146202 -0.999435544
1403636645.663555622 2.780719519 4.390611649 7.720086098 0.000405994 0.024592306 0.022107929 -0.999453008
1403636645.713555574 2.787927151 4.409029484 7.760582924 0.000586148 0.023246923 0.022425281 -0.999478102
1403636645.763555527 2.800858736 4.429234505 7.813200951 0.000048008 -0.022402257 -0.021687850 0.999513805
1403636645.813555479 2.812700987 4.447035789 7.855206966 0.000500983 -0.021863995 -0.020742724 0.999545634
1403636645.863555670 2.829089642 4.463590622 7.897581100 -0.000485424 0.022764610 0.020135961 -0.999537945
1403636645.913555384 2.848109245 4.480280399 7.938482285 -0.001086167 0.023239996 0.018875593 -0.999551177
1403636645.963555574 2.870837927 4.497027874 7.979950905 -0.000174142 0.018594056 0.017007416 -0.999682426
1403636646.013555527 2.895153522 4.514035702 8.021023750 0.002101322 0.014167592 0.013970927 -0.999799848
1403636646.063555479 2.918447971 4.532164097 8.063949585 -0.005404278 -0.010416297 -0.008653233 0.999893785
1403636646.113555431 2.944111586 4.550492764 8.103800774 -0.011303510 -0.006851192 -0.003406675 0.999906838
1403636646.163555622 2.969069242 4.569453716 8.144244194 0.019529806 0.003211422 -0.002154533 -0.999801874
1403636646.213555574 2.997457504 4.593292236 8.187822342 -0.028155040 0.000174621 0.009200088 0.999561250
1403636646.263555527 3.020231962 4.614289284 8.229105949 -0.039068367 0.003940322 0.016257444 0.999096572
1403636646.313555479 3.041743279 4.636632442 8.270776749 0.051089007 -0.008726056 -0.023470482 -0.998380244
1403636646.363555670 3.063411474 4.659709454 8.312501907 -0.063383594 0.013475320 0.030952349 0.997418106
1403636646.413555384 3.080158949 4.684161186 8.352413177 -0.077695355 0.017247351 0.034798671 0.996220350
1403636646.463555574 3.102323771 4.709799767 8.391328812 -0.090976715 0.022461092 0.035999771 0.994948685
1403636646.513555527 3.118114710 4.735209942 8.429356575 -0.103120081 0.027202405 0.035240795 0.993672132
1403636646.563555479 3.133674622 4.760604382 8.465345383 0.113682523 -0.030054538 -0.035032988 -0.992444396
1403636646.613555431 3.156581879 4.787772179 8.497440338 -0.121638097 0.030066427 0.035730265 0.991475523
1403636646.663555622 3.173224449 4.813258648 8.530279160 -0.129294202 0.027827753 0.034764573 0.990605891
1403636646.713555574 3.192773819 4.838304520 8.561330795 0.134962395 -0.025733469 -0.035792299 -0.989869654
1403636646.763555527 3.213495016 4.862887859 8.590426445 0.139549822 -0.024896149 -0.036699578 -0.989221513
1403636646.813555479 3.236040831 4.886991024 8.617710114 0.143122390 -0.025142435 -0.036922760 -0.988696396
1403636646.863555670 3.270455360 4.914564133 8.639020920 -0.146064371 0.025160547 0.037263948 0.988252819
1403636646.913555384 3.293932438 4.937716484 8.663213730 -0.147412524 0.024376079 0.038146656 0.988038599
1403636646.963555574 3.318454981 4.960683823 8.686983109 0.148843721 -0.022775140 -0.038503461 -0.987848341
1403636647.013555527 3.340381622 4.983324528 8.710272789 0.149892300 -0.021153990 -0.038525246 -0.987725019
1403636647.063555479 3.360578299 5.005734921 8.733515739 0.150281802 -0.018719926 -0.038156223 -0.987729251
1403636647.113555431 3.378771305 5.028268814 8.756461143 0.150636971 -0.014695591 -0.038287643 -0.987738132
1403636647.163555622 3.400838137 5.056566238 8.773134232 -0.149887174 0.011452498 0.038731869 0.987877846
1403636647.213555574 3.416877270 5.079246044 8.796314240 -0.149881616 0.009361337 0.038116589 0.987924695
1403636647.263555527 3.433031559 5.102197647 8.819234848 0.149052694 -0.009441534 -0.038571268 -0.988031626
1403636647.313555479 3.447434187 5.124960899 8.842647552 0.147692889 -0.010601765 -0.039546747 -0.988185465
1403636647.363555670 3.460818768 5.147927761 8.866224289 0.146523103 -0.012351069 -0.040149268 -0.988315046
1403636647.413555384 3.472765207 5.171016693 8.889780998 0.145448372 -0.014243552 -0.040532067 -0.988432646
1403636647.463555574 3.482775450 5.197173119 8.906079292 -0.143410966 0.016292987 0.041345522 0.988664985
1403636647.513555527 3.492376566 5.220391750 8.928776741 -0.141759247 0.019688414 0.041925345 0.988816977
1403636647.563555479 3.501631975 5.244277000 8.950470924 0.139683381 -0.024065958 -0.043285392 -0.988956988
1403636647.613555431 3.511543512 5.268211365 8.970563889 0.137870520 -0.029607566 -0.045671962 -0.988953590
1403636647.663555622 3.521940947 5.292982578 8.989455223 0.138617039 -0.030668996 -0.046134539 -0.988795459
1403636647.713555574 3.533308029 5.318341255 9.007468224 0.139837131 -0.029505568 -0.045437694 -0.988691270
1403636647.763555527 3.544126749 5.344055176 9.015192032 -0.141123548 0.026818132 0.044643749 0.988621294
1403636647.813555479 3.556870937 5.370308399 9.030694008 -0.143393025 0.025519542 0.043182317 0.988393962
1403636647.863555670 3.568168640 5.397809505 9.045807838 0.146479666 -0.023548681 -0.043574113 -0.987972915
1403636647.913555384 3.577326536 5.425253868 9.060003281 0.151097864 -0.023336617 -0.044076391 -0.987259924
1403636647.963555574 3.584061623 5.452965260 9.073942184 0.156926647 -0.023433624 -0.045979518 -0.986261070
1403636648.013555527 3.584348440 5.478433609 9.080934525 -0.164834425 0.023079412 0.048068300 0.984878898
1403636648.063555479 3.585421324 5.506714821 9.093573570 -0.174239606 0.022699589 0.051274940 0.983105361
1403636648.113555431 3.583117247 5.534864426 9.104176521 0.185009316 -0.022659162 -0.055320229 -0.980916798
1403636648.163555622 3.581442356 5.562204838 9.110668182 -0.196772262 0.022608107 0.059830688 0.978360832
1403636648.213555574 3.577417374 5.590800762 9.121335030 -0.208850205 0.023184221 0.063868150 0.975584447
1403636648.263555527 3.571596622 5.619338989 9.130562782 0.221344188 -0.023866717 -0.068793908 -0.972473443
1403636648.313555479 3.564356327 5.647766113 9.139234543 0.234071732 -0.024093248 -0.073819391 -0.969113350
1403636648.363555670 3.555962563 5.675940990 9.147206306 0.247065514 -0.024973793 -0.077969201 -0.965533912
1403636648.413555384 3.547553062 5.702886105 9.153948784 -0.260136276 0.024898935 0.082517914 0.961717248
1403636648.463555574 3.536206722 5.730284214 9.159854889 -0.273530781 0.024778260 0.087529801 0.957551837
1403636648.513555527 3.524332285 5.757006168 9.164797783 0.286385536 -0.025160514 -0.092397749 -0.953316867
1403636648.563555479 3.514034033 5.783567429 9.168705940 0.297699809 -0.025706954 -0.096810587 -0.949390233
1403636648.613555431 3.504145622 5.808913708 9.170636177 0.307620972 -0.025842248 -0.100040950 -0.945882320
1403636648.663555622 3.495513916 5.833284855 9.170774460 0.316053450 -0.024376377 -0.102565438 -0.942866027
1403636648.713555574 3.487701654 5.856971741 9.169782639 0.323465347 -0.021356525 -0.103945442 -0.940270960
1403636648.763555527 3.486143351 5.886401176 9.171281815 -0.328743547 0.018078113 0.106189132 0.938256264
1403636648.813555479 3.481169701 5.909396648 9.169326782 -0.332411528 0.010980961 0.109511882 0.936690509
1403636648.863555670 3.478772640 5.932170868 9.166793823 0.334919214 -0.004383136 -0.112896807 -0.935448706
1403636648.913555384 3.478625059 5.955017567 9.163708687 0.337065935 0.002473422 -0.114546254 -0.934483647
1403636648.963555574 3.481216908 5.978114128 9.160376549 0.338167012 0.006952768 -0.115840226 -0.933903575
1403636649.013555527 3.486685753 6.001888275 9.156819344 0.339459896 0.008214803 -0.115539342 -0.933461428
1403636649.063555479 3.494910479 6.026194096 9.153427124 0.340382993 0.005117910 -0.113822088 -0.933358371
1403636649.113555431 3.505812883 6.050834656 9.150142670 0.341131717 -0.001480176 -0.110660300 -0.933478057
1403636649.163555622 3.518764734 6.075588226 9.146802902 0.341411680 -0.009251951 -0.108163439 -0.933623672
1403636649.213555574 3.532899857 6.100118160 9.143066406 0.341715634 -0.015590561 -0.104723595 -0.933820307
1403636649.263555527 3.557794809 6.138205528 9.142815590 -0.341185957 0.020053340 0.102181785 0.934210360
1403636649.313555479 3.574024677 6.162048817 9.137443542 -0.340364397 0.021581238 0.100938529 0.934611022
1403636649.363555670 3.591689825 6.185281754 9.132165909 0.339004934 -0.020369992 -0.100366108 -0.935193777
1403636649.413555384 3.610295296 6.207677364 9.125413895 0.337369472 -0.018050414 -0.100556068 -0.935812235
1403636649.463555574 3.630052567 6.229513168 9.117974281 0.335427880 -0.014320250 -0.100712866 -0.936557531
1403636649.513555527 3.651787758 6.250646591 9.109486580 0.333494604 -0.014548256 -0.100149378 -0.937304616
1403636649.563555479 3.675648928 6.271428585 9.100063324 0.331615806 -0.017421840 -0.099636085 -0.937976658
1403636649.613555431 3.700361252 6.292121887 9.090150833 0.330571711 -0.020828165 -0.100249559 -0.938210368
1403636649.663555622 3.724219322 6.312608242 9.079477310 0.331194460 -0.025363022 -0.101550125 -0.937739074
1403636649.713555574 3.746541500 6.339601994 9.072881699 -0.333384901 0.027718950 0.103958949 0.936631560
1403636649.763555527 3.766106606 6.359295845 9.061483383 -0.337515175 0.029448910 0.104497343 0.935038328
1403636649.813555479 3.783349276 6.378068924 9.049556732 0.341387093 -0.030215139 -0.104644246 -0.933590710
1403636649.863555670 3.798903465 6.396453857 9.037655830 0.345226079 -0.031430766 -0.104502603 -0.932153642
1403636649.913555384 3.812376499 6.414344311 9.026048660 0.348528415 -0.031952877 -0.104525812 -0.930903494
1403636649.963555574 3.823474884 6.432036877 9.014824867 0.351672083 -0.032112163 -0.104239531 -0.929747164
1403636650.013555527 3.831675529 6.449340820 9.003911018 0.354385972 -0.031848628 -0.104223445 -0.928726912
1403636650.063555479 3.839459896 6.471407890 9.002358437 -0.356989622 0.032744084 0.105187774 0.927589297
1403636650.113555431 3.841950417 6.487327576 8.991285324 -0.360746175 0.033303779 0.106712952 0.925940335
1403636650.163555622 3.842035532 6.502988338 8.979911804 0.366382509 -0.033926431 -0.108592570 -0.923482895
1403636650.213555574 3.839442015 6.517672539 8.967410088 0.374201655 -0.033319727 -0.110856660 -0.920094490
1403636650.263555527 3.834893942 6.531621933 8.954321861 0.383543551 -0.032939874 -0.114233024 -0.915838540
1403636650.313555479 3.828634262 6.545318127 8.941363335 0.393534720 -0.032723811 -0.119153358 -0.910967708
1403636650.363555670 3.823032856 6.563591957 8.937523842 -0.404861420 0.031379946 0.124253131 0.905352831
1403636650.413555384 3.814321995 6.576356411 8.923715591 -0.416465431 0.029583387 0.129026443 0.899462998
1403636650.463555574 3.804803848 6.588600159 8.910062790 0.428282350 -0.026904002 -0.134228170 -0.893215120
1403636650.513555527 3.793745279 6.599483490 8.895746231 0.439418733 -0.023967816 -0.139621034 -0.887041628
1403636650.563555479 3.781427622 6.609438896 8.881704330 0.448713511 -0.021231482 -0.145268545 -0.881534159
1403636650.613555431 3.768593550 6.618896961 8.867979050 0.456725627 -0.019086745 -0.149371028 -0.876770079
1403636650.663555622 3.754847050 6.633122444 8.863136292 -0.463528782 0.017710743 0.152836516 0.872621596
1403636650.713555574 3.741424322 6.642018318 8.849908829 -0.469766349 0.016083162 0.154966816 0.868933976
1403636650.763555527 3.729542017 6.650404930 8.836957932 0.474599242 -0.015917223 -0.157337859 -0.865879357
1403636650.813555479 3.719684124 6.658390999 8.823139191 0.478696585 -0.016596545 -0.158459902 -0.863402963
1403636650.863555670 3.712875128 6.666287422 8.808613777 0.482311964 -0.018492393 -0.158018216 -0.861431122
1403636650.913555384 3.708106995 6.673712254 8.793295860 0.485387146 -0.022041747 -0.156273648 -0.859937251
1403636650.963555574 3.704574823 6.680588722 8.777627945 0.487339258 -0.025476584 -0.155011803 -0.858966172
1403636651.013555527 3.702311039 6.687001228 8.761482239 0.488945842 -0.028059186 -0.153178826 -0.858301222
1403636651.063555479 3.701575279 6.693164825 8.745124817 0.489640921 -0.029484935 -0.152064472 -0.858055294
1403636651.113555431 3.701950788 6.698643684 8.728328705 0.489533216 -0.031065486 -0.151407540 -0.858177125
1403636651.163555622 3.704761982 6.722732544 8.711872101 -0.488769293 0.030342931 0.151262224 0.858663857
1403636651.213555574 3.707143784 6.726892948 8.693839073 -0.487529159 0.028737323 0.152024597 0.859289289
1403636651.263555527 3.711194992 6.728582382 8.675101280 0.486449987 -0.026432373 -0.152669504 -0.859860301
1403636651.313555479 3.715868473 6.730341434 8.655894279 0.484890610 -0.023645980 -0.153489769 -0.860675812
1403636651.363555670 3.720382452 6.731716156 8.636904716 0.483047873 -0.021152703 -0.154909998 -0.861522079
1403636651.413555384 3.723876953 6.732962608 8.618285179 0.481617898 -0.019569200 -0.154959336 -0.862350821
1403636651.463555574 3.725479841 6.734033585 8.600224495 0.479827225 -0.018685663 -0.155232385 -0.863318980
1403636651.513555527 3.725342989 6.735142231 8.582752228 0.478610247 -0.019073101 -0.154182121 -0.864173830
1403636651.563555479 3.723774672 6.736177444 8.566026688 0.477281719 -0.021704631 -0.153106630 -0.865037262
1403636651.613555431 3.720879555 6.737150192 8.549766541 0.476505578 -0.024945172 -0.150706545 -0.865798950
1403636651.663555622 3.712811947 6.743032455 8.537995338 -0.475403726 0.028450973 0.149604261 0.866487443
1403636651.713555574 3.706806898 6.743048668 8.522331238 -0.474438399 0.031218683 0.149871737 0.866874874
1403636651.763555527 3.699340820 6.742338181 8.505208969 0.474434644 -0.034453865 -0.151932850 -0.866395533
1403636651.813555479 3.690693378 6.741397858 8.488129616 0.475449115 -0.038281575 -0.156113535 -0.864934206
1403636651.863555670 3.680658817 6.739919662 8.470251083 0.478382528 -0.042153120 -0.159778148 -0.862464070
1403636651.913555384 3.668558121 6.737848759 8.451320648 0.483266473 -0.044748746 -0.163986117 -0.858812988
1403636651.963555574 3.660552025 6.737910748 8.435167313 -0.490084231 0.046911243 0.168017671 0.854041517
1403636652.013555527 3.645431519 6.735620499 8.414201736 -0.498891026 0.048271917 0.170890316 0.848277152
1403636652.063555479 3.628135920 6.733546257 8.392789841 0.509627998 -0.046737518 -0.174152151 -0.841288328
1403636652.113555431 3.609192371 6.730609894 8.369918823 0.522121131 -0.043013051 -0.176553383 -0.833287716
1403636652.163555622 3.592368841 6.726387024 8.345775604 -0.535925329 0.038862463 0.179761738 0.823989987
1403636652.213555574 3.571029663 6.721946716 8.321336746 -0.550417542 0.034133937 0.184803009 0.813463688
1403636652.263555527 3.547527790 6.714961529 8.296915054 0.564463198 -0.030004360 -0.191035077 -0.802487731
1403636652.313555479 3.528789520 6.712693214 8.273175240 -0.577910841 0.024162261 0.198773995 0.791153729
1403636652.363555670 3.501749039 6.703496933 8.248720169 -0.590451777 0.019470856 0.206864655 0.779868364
1403636652.413555384 3.475996494 6.694474697 8.224273682 0.601640821 -0.016063137 -0.213386118 -0.769569218
1403636652.463555574 3.455826283 6.690912247 8.200376511 -0.610709012 0.014142982 0.219412431 0.760718584
1403636652.513555527 3.431715727 6.682826996 8.176430702 -0.618109047 0.012344539 0.224969581 0.753111899
1403636652.563555479 3.410599947 6.676245213 8.151754379 0.624160051 -0.009640037 -0.230727181 -0.746388793
1403636652.613555431 3.391334534 6.670224667 8.126757622 0.628698826 -0.006363201 -0.235583946 -0.741078734
1403636652.663555622 3.381343603 6.673802376 8.102181435 -0.632347822 0.001990653 0.239439502 0.736750305
1403636652.713555574 3.367225170 6.670441628 8.075630188 -0.635928690 -0.001355307 0.240209654 0.733411312
1403636652.763555527 3.356873512 6.669935226 8.048324585 0.637683749 0.002167503 -0.242271110 -0.731204152
1403636652.813555479 3.348246813 6.670138836 8.020608902 0.639470398 0.002718442 -0.242202133 -0.729663253
1403636652.863555670 3.341523409 6.672213554 7.992700577 0.640563011 0.001728427 -0.242158130 -0.728721797
1403636652.913555384 3.337147951 6.675658226 7.964416027 0.641515374 0.000469563 -0.240293741 -0.728503108
1403636652.963555574 3.334463120 6.680249691 7.935869694 0.642260015 -0.000758939 -0.237867773 -0.728642821
1403636653.013555527 3.331626892 6.686146736 7.907830238 0.642567635 -0.002187570 -0.235825017 -0.729032636
1403636653.063555479 3.331511974 6.701373577 7.885797024 -0.643027902 0.002876173 0.232646123 0.729645610
1403636653.113555431 3.322633505 6.710114479 7.860988140 -0.642883062 0.005695672 0.229870319 0.730635762
1403636653.163555622 3.312031031 6.721761227 7.837530136 0.642895460 -0.008274308 -0.226099879 -0.731775761
1403636653.213555574 3.300240755 6.733247757 7.814807892 0.643020391 -0.012228448 -0.221362770 -0.733057797
1403636653.263555527 3.289185047 6.744971275 7.792208672 0.642907381 -0.016585423 -0.216569424 -0.734501779
1403636653.313555479 3.279249430 6.756395817 7.769573689 0.642767966 -0.019353855 -0.211710557 -0.735971153
1403636653.363555670 3.266620398 6.767523289 7.750584126 -0.641806543 0.021227395 0.208933428 0.737550437
1403636653.413555384 3.260441780 6.777999878 7.727692604 -0.640474916 0.021876514 0.207091585 0.739206612
1403636653.463555574 3.256829262 6.788124561 7.704778671 0.638924778 -0.021633107 -0.206606641 -0.740689516
1403636653.513555527 3.255620956 6.797534943 7.681252480 0.637303233 -0.021161554 -0.205971926 -0.742275119
1403636653.563555479 3.255824089 6.805975437 7.657573223 0.635520995 -0.020866074 -0.206121743 -0.743768513
1403636653.613555431 3.258113384 6.814401627 7.633506775 0.634483337 -0.022512570 -0.205241919 -0.744848847
1403636653.663555622 3.260926723 6.822434425 7.609590054 0.633708239 -0.024271661 -0.203220353 -0.746006906
1403636653.713555574 3.262723446 6.829799175 7.586346626 0.633404851 -0.025886551 -0.201006532 -0.746809602
1403636653.763555527 3.263062954 6.836513996 7.564014435 0.633128464 -0.027955402 -0.199490935 -0.747375667
1403636653.813555479 3.244980335 6.835782528 7.550207615 -0.632995069 0.029131643 0.197559640 0.747956395
1403636653.863555670 3.241885185 6.840658665 7.529718399 -0.633178353 0.029772719 0.196090847 0.748162508
1403636653.913555384 3.236799240 6.844895840 7.509303093 0.633027136 -0.029956721 -0.195710659 -0.748382747
1403636653.963555574 3.230233192 6.847911358 7.490267754 0.632015228 -0.029910509 -0.197874829 -0.748670638
1403636654.013555527 3.222157240 6.850218773 7.471967220 0.630911171 -0.029862095 -0.200863943 -0.748807847
1403636654.063555479 3.212756634 6.851756573 7.454258919 0.629938126 -0.030382505 -0.203326821 -0.748941362
1403636654.113555431 3.202407598 6.852746010 7.436812401 0.630324423 -0.031261813 -0.204731539 -0.748197079
1403636654.163555622 3.192730188 6.853060246 7.418814659 0.632116616 -0.032984938 -0.205671370 -0.746351063
1403636654.213555574 3.184396744 6.852863312 7.400114059 0.635171711 -0.033844870 -0.206357464 -0.743524134
1403636654.263555527 3.158204079 6.838053703 7.392012119 -0.639613152 0.033047464 0.206588641 0.739678323
1403636654.313555479 3.152252674 6.835538864 7.371526718 -0.644437671 0.031653091 0.208190054 0.735088587
1403636654.363555670 3.147621632 6.832026482 7.350647449 0.649543643 -0.029890765 -0.210928828 -0.729868889
1403636654.413555384 3.145054817 6.828232288 7.328806400 0.655528128 -0.027654201 -0.213928699 -0.723707557
1403636654.463555574 3.144311905 6.823610306 7.306433201 0.661719441 -0.026201246 -0.217308357 -0.717090011
1403636654.513555527 3.153614998 6.832637310 7.284842968 0.668605328 -0.024313068 -0.220529407 -0.709748268
1403636654.563555479 3.155966759 6.826896667 7.261536121 0.675968409 -0.022972886 -0.223384500 -0.701882005
1403636654.613555431 3.156985044 6.819957256 7.239448547 0.681549072 -0.021890195 -0.227953911 -0.695017099
1403636654.663555622 3.158034086 6.813445091 7.217953205 0.685685456 -0.021887083 -0.234009027 -0.688909471
1403636654.713555574 3.158031940 6.806949615 7.197290897 0.689792216 -0.020869656 -0.237651199 -0.683573782
1403636654.763555527 3.155465126 6.791595459 7.179789066 0.693311930 -0.019922409 -0.240913585 -0.678883195
1403636654.813555479 3.152421951 6.785511971 7.160790920 0.696786344 -0.018835854 -0.242682263 -0.674714267
1403636654.863555670 3.146359921 6.778775215 7.143144131 0.699690700 -0.017832197 -0.243953139 -0.671268821
1403636654.913555384 3.139461517 6.772855759 7.126088619 0.702440023 -0.017824892 -0.244227722 -0.668291271
1403636654.963555574 3.131488323 6.767297268 7.109684944 0.705650210 -0.019578485 -0.241408512 -0.665880144
1403636655.013555527 3.122390270 6.761640549 7.094146729 0.708435595 -0.023368243 -0.238245040 -0.663937032
1403636655.063555479 3.112293005 6.755795479 7.079342842 0.710521042 -0.026992559 -0.235579684 -0.662520528
1403636655.113555431 3.108037949 6.742490768 7.065202713 0.712114394 -0.029780414 -0.233626693 -0.661381066
1403636655.163555622 3.096920013 6.735330582 7.051599979 0.713556051 -0.032090206 -0.231329858 -0.660526037
1403636655.213555574 3.085434914 6.726944923 7.038789272 0.714083493 -0.034833875 -0.230428964 -0.660131812
1403636655.263555527 3.073192835 6.717678070 7.025928974 0.715387583 -0.037476655 -0.230372131 -0.658593178
1403636655.313555479 3.060420513 6.707067490 7.013082981 0.717390954 -0.039155729 -0.230453864 -0.656283557
1403636655.363555670 3.047447920 6.694992065 7.000200748 0.719792008 -0.041416023 -0.231593505 -0.653106928
1403636655.413555384 3.035295725 6.681071281 6.987429142 0.722121060 -0.043430135 -0.232867971 -0.649944305
1403636655.463555574 3.032164097 6.666147232 6.971930504 0.725153804 -0.043934550 -0.233476222 -0.646305382
1403636655.513555527 3.023650646 6.649120331 6.957496643 0.728664517 -0.043870602 -0.235356867 -0.641662359
1403636655.563555479 3.016406298 6.628642082 6.943308830 0.731502950 -0.041606616 -0.240460604 -0.636671841
1403636655.613555431 3.008402824 6.606753349 6.928975105 0.734377086 -0.037965234 -0.247645631 -0.630809546
1403636655.663555622 2.999249697 6.584021568 6.915033817 0.736845791 -0.035550889 -0.255276084 -0.625002921
1403636655.713555574 2.987942696 6.561018944 6.901915073 0.738829494 -0.033261541 -0.262085408 -0.619948328
1403636655.763555527 2.976085663 6.546124935 6.886186123 0.741643190 -0.030794177 -0.267150193 -0.614530683
1403636655.813555479 2.958483696 6.523449898 6.874402046 0.745185196 -0.030126676 -0.271513402 -0.608335435
1403636655.863555670 2.937308550 6.500481129 6.862456322 0.749335110 -0.029894717 -0.275990248 -0.601192713
1403636655.913555384 2.916699409 6.485787868 6.850298882 0.754309416 -0.030388840 -0.280033678 -0.593021989
1403636655.963555574 2.893652678 6.463156223 6.837924480 0.759871721 -0.031299111 -0.282904536 -0.584448874
1403636656.013555527 2.872013330 6.440839767 6.824412346 0.764581859 -0.032701697 -0.285066932 -0.577132523
1403636656.063555479 2.852344990 6.418156147 6.809346199 0.769318223 -0.033117633 -0.286126375 -0.570249557
1403636656.113555431 2.834129810 6.394968033 6.793120861 0.773255646 -0.031577099 -0.286956459 -0.564565837
1403636656.163555622 2.821991205 6.383322716 6.773834705 0.776497245 -0.030091038 -0.287698567 -0.559800029
1403636656.213555574 2.809004784 6.359827042 6.754776478 0.779235303 -0.026523856 -0.288115710 -0.555948079
1403636656.263555527 2.799296856 6.337108135 6.733607769 0.781009674 -0.025106838 -0.289030999 -0.553041339
1403636656.313555479 2.791158438 6.314492702 6.711665154 0.782174766 -0.023402791 -0.290157855 -0.550875068
1403636656.363555670 2.785596848 6.292680264 6.688497066 0.782825232 -0.023106700 -0.291297078 -0.549360394
1403636656.413555384 2.782680511 6.283379078 6.664272308 0.783149779 -0.021816105 -0.291881442 -0.548639894
1403636656.463555574 2.780571699 6.264691353 6.638204575 0.783328533 -0.021861039 -0.292153865 -0.548237741
1403636656.513555527 2.779546499 6.246590137 6.611281395 0.783319771 -0.020592285 -0.291861951 -0.548454881
1403636656.563555479 2.778653145 6.229333878 6.583877563 0.783649564 -0.020053895 -0.290042698 -0.548968554
1403636656.613555431 2.777105808 6.212926865 6.556497574 0.783975899 -0.020379007 -0.287672013 -0.549737573
1403636656.663555622 2.775017977 6.197343349 6.529130936 0.784782052 -0.022862146 -0.283674657 -0.550566316
1403636656.713555574 2.772078037 6.182316780 6.501688004 0.786187291 -0.027840026 -0.277260721 -0.551598668
1403636656.763555527 2.767507076 6.167316914 6.474702358 0.787474275 -0.032240268 -0.271074444 -0.552597106
1403636656.813555479 2.762330055 6.160331726 6.451426029 0.788553774 -0.033827305 -0.265857458 -0.553496718
1403636656.863555670 2.754088879 6.145264626 6.425916672 0.789253950 -0.034042306 -0.261720508 -0.554456115
1403636656.913555384 2.744275331 6.130674362 6.400865555 0.789518118 -0.035295926 -0.258460939 -0.555529773
1403636656.963555574 2.732893229 6.114872932 6.377555370 0.789209187 -0.036771778 -0.256772190 -0.556654990
1403636657.013555527 2.719875097 6.098197937 6.355437756 0.788635314 -0.039011288 -0.255996019 -0.557672501
1403636657.063555479 2.705279589 6.080626488 6.334407806 0.787961543 -0.041274030 -0.255761981 -0.558568656
1403636657.113555431 2.689572334 6.062208176 6.314430714 0.787058353 -0.043524221 -0.256277800 -0.559434116
1403636657.163555622 2.673036098 6.042508602 6.292490959 0.786012590 -0.046238057 -0.257361293 -0.560188830
1403636657.213555574 2.658637762 6.021656036 6.272999287 0.784822941 -0.047915660 -0.259135514 -0.560897350
1403636657.263555527 2.645303011 5.999853611 6.253180504 0.783512056 -0.047495045 -0.262189001 -0.561346769
1403636657.313555479 2.633194447 5.976686478 6.233026028 0.782590091 -0.046294548 -0.264674991 -0.561566353
1403636657.363555670 2.622156620 5.952784061 6.212288380 0.781400442 -0.045447700 -0.268255919 -0.561593056
1403636657.413555384 2.610965729 5.928295612 6.191472530 0.779646456 -0.044427011 -0.273595780 -0.561536252
1403636657.463555574 2.598839283 5.903195858 6.170574188 0.777851462 -0.042470478 -0.278932184 -0.561551630
1403636657.513555527 2.585559368 5.872696877 6.151213646 0.776344359 -0.041320272 -0.283560336 -0.561405063
1403636657.563555479 2.570911884 5.847174168 6.129677773 0.775565624 -0.039328918 -0.286325842 -0.561220825
1403636657.613555431 2.555339098 5.821924686 6.107857227 0.775297105 -0.038336601 -0.287421733 -0.561100304
1403636657.663555622 2.538649559 5.796722412 6.085673809 0.775206387 -0.037998617 -0.287756681 -0.561076939
1403636657.713555574 2.520976305 5.771623611 6.063071728 0.775513053 -0.038719010 -0.287524283 -0.560722888
1403636657.763555527 2.501904488 5.746604919 6.039989471 0.776282012 -0.039708246 -0.288049549 -0.559318364
1403636657.813555479 2.481357574 5.721420288 6.016697407 0.776766956 -0.040752884 -0.289721161 -0.557704151
1403636657.863555670 2.461293459 5.690792561 5.993008614 0.776404858 -0.043222252 -0.293275774 -0.556162536
1403636657.913555384 2.439438581 5.665147781 5.968346596 0.775516987 -0.044847690 -0.297877461 -0.554825366
1403636657.963555574 2.418196201 5.639005184 5.942554474 0.775031924 -0.045430835 -0.301226050 -0.553646624
1403636658.013555527 2.398648024 5.613626480 5.913870811 0.775484443 -0.044310044 -0.302072495 -0.552641630
1403636658.063555479 2.380887747 5.587403297 5.883133888 0.776361346 -0.040993426 -0.301955909 -0.551729381
1403636658.113555431 2.368306875 5.561188221 5.847198963 0.778480709 -0.036426265 -0.298587978 -0.550895751
1403636658.163555622 2.353225708 5.534198761 5.813127041 0.780145526 -0.031781193 -0.296352208 -0.550034881
1403636658.213555574 2.338468075 5.507510662 5.778097153 0.781784475 -0.028339103 -0.293982476 -0.549166918
1403636658.263555527 2.322790623 5.481263161 5.742893696 0.783499300 -0.023643658 -0.291024655 -0.548520267
1403636658.313555479 2.305775166 5.455676079 5.708190918 0.784458101 -0.020848835 -0.289705575 -0.547961235
1403636658.363555670 2.291430950 5.433679581 5.669395924 0.785216212 -0.018310625 -0.289179534 -0.547243476
1403636658.413555384 2.272798538 5.409791946 5.635320663 0.785675645 -0.016127547 -0.288815856 -0.546844721
1403636658.463555574 2.253516197 5.386710644 5.601502419 0.786451161 -0.013133785 -0.287796438 -0.546347201
1403636658.513555527 2.233860970 5.364457607 5.568037033 0.787261426 -0.009994343 -0.286296248 -0.546034932
1403636658.563555479 2.214134693 5.343219757 5.534860611 0.788517833 -0.006102175 -0.283631593 -0.545669854
1403636658.613555431 2.194144726 5.323129177 5.502384186 0.789436579 -0.003240839 -0.281478316 -0.545480967
1403636658.663555622 2.175679207 5.302704811 5.472739220 0.790259063 -0.001803389 -0.280187339 -0.544960916
1403636658.713555574 2.155495644 5.284934044 5.441915035 0.791065335 -0.000927828 -0.278247714 -0.544787169
1403636658.763555527 2.135121346 5.268121243 5.412048340 0.792238533 0.000167392 -0.275204659 -0.544628859
1403636658.813555479 2.114715576 5.252319336 5.383132935 0.794004679 0.001538515 -0.270568669 -0.544377565
1403636658.863555670 2.094273090 5.237569332 5.355543613 0.795411170 0.001158879 -0.266851515 -0.544159949
1403636658.913555384 2.073740482 5.223798752 5.329531670 0.796152353 -0.002557977 -0.264937848 -0.544006348
1403636658.963555574 2.051167250 5.211090088 5.305155754 0.796246231 -0.008007493 -0.264970601 -0.543799996
1403636659.013555527 2.029636145 5.198754311 5.282202721 0.796172976 -0.012737753 -0.264890790 -0.543855965
1403636659.063555479 2.007891178 5.186573029 5.260199070 0.796817005 -0.017526507 -0.262804627 -0.543791533
1403636659.113555431 1.985381842 5.174326897 5.239414215 0.797037303 -0.020247111 -0.261799455 -0.543859124
1403636659.163555622 1.962224126 5.161981583 5.219830513 0.797332823 -0.022792267 -0.260745227 -0.543831646
1403636659.213555574 1.938963652 5.149368763 5.201373577 0.797435343 -0.024327114 -0.259909958 -0.544014752
1403636659.263555527 1.916644096 5.136396885 5.183840752 0.797239482 -0.024963060 -0.260276645 -0.544097602
1403636659.313555479 1.892692447 5.121362686 5.169465542 0.796601534 -0.023738883 -0.262355834 -0.544088125
1403636659.363555670 1.873090744 5.107606411 5.152597427 0.795680881 -0.021868687 -0.265096068 -0.544185400
1403636659.413555384 1.854969978 5.093619823 5.135988235 0.794507682 -0.018428119 -0.268263936 -0.544474542
1403636659.463555574 1.838528633 5.080148220 5.119275093 0.793172717 -0.014919724 -0.271873802 -0.544737637
1403636659.513555527 1.824872732 5.066874504 5.101995468 0.793210447 -0.012754239 -0.272241503 -0.544554114
1403636659.563555479 1.811904669 5.053836346 5.085251808 0.792709589 -0.013687174 -0.273799300 -0.544479728
1403636659.613555431 1.798966527 5.041116714 5.069128036 0.793572366 -0.013441430 -0.271921784 -0.544169843
1403636659.663555622 1.785196185 5.028810501 5.054169655 0.794447005 -0.014180717 -0.270402610 -0.543631434
1403636659.713555574 1.770468473 5.016788960 5.040771961 0.795340896 -0.014774611 -0.268811941 -0.543097436
1403636659.763555527 1.753524303 5.002782345 5.034110069 0.796463788 -0.016036386 -0.267502427 -0.542061687
1403636659.813555479 1.736276627 4.991154671 5.023731232 0.797053337 -0.015868258 -0.266964465 -0.541464925
1403636659.863555670 1.719177008 4.979677200 5.013863564 0.797366619 -0.016660778 -0.267409921 -0.540759504
1403636659.913555384 1.700219631 4.968003750 5.005949974 0.797175109 -0.015759712 -0.268937945 -0.540310979
1403636659.963555574 1.680263519 4.956352234 4.999168396 0.796759546 -0.012702204 -0.271976471 -0.539482892
1403636660.013555527 1.658520937 4.942680359 4.995104790 0.795905828 -0.010478539 -0.275471330 -0.539017379
1403636660.063555479 1.637409925 4.931188583 4.990546227 0.795002043 -0.007999396 -0.279451489 -0.538344383
1403636660.113555431 1.615919471 4.920132637 4.986714363 0.794370115 -0.005344810 -0.282353014 -0.537795842
1403636660.163555622 1.594042897 4.909811020 4.983601570 0.793692350 -0.003226201 -0.284879982 -0.537480712
1403636660.213555574 1.570902705 4.902009487 4.981270790 0.793419600 -0.002944668 -0.285847247 -0.537371457
1403636660.263555527 1.548618197 4.893757820 4.979170322 0.792747617 -0.000748245 -0.288472801 -0.536967635
1403636660.313555479 1.527634501 4.886809826 4.977040291 0.791847587 0.001922175 -0.291281492 -0.536776423
1403636660.363555670 1.507645488 4.880893707 4.974889755 0.789971530 0.006561837 -0.296646446 -0.536565900
1403636660.413555384 1.489922762 4.876914501 4.972157478 0.788106561 0.010112309 -0.301952720 -0.536293268
1403636660.463555574 1.472205639 4.877581596 4.966485023 0.787100136 0.011925044 -0.304665476 -0.536199808
1403636660.513555527 1.458631635 4.877437115 4.962820053 0.787068129 0.012666129 -0.304402679 -0.536378980
1403636660.563555479 1.445490122 4.879598141 4.959092617 0.788468122 0.011012579 -0.300711662 -0.536441386
1403636660.613555431 1.432039976 4.883820534 4.955509186 0.790687144 0.007728438 -0.294407159 -0.536729634
1403636660.663555622 1.417726278 4.889674664 4.952578545 0.793449759 0.004469741 -0.286472678 -0.536983311
1403636660.713555574 1.402216911 4.896881104 4.950652122 0.796203673 0.001882804 -0.278460920 -0.537136734
1403636660.763555527 1.385887980 4.905020714 4.950086594 0.798958302 0.000853936 -0.270276308 -0.537229538
1403636660.813555479 1.368392467 4.913773060 4.950872421 0.801193357 0.001667919 -0.263421655 -0.537303865
1403636660.863555670 1.350000143 4.922825813 4.953413486 0.803037941 0.003472707 -0.257558554 -0.537384093
1403636660.913555384 1.330529451 4.932708740 4.957692146 0.804274440 0.003904655 -0.253843158 -0.537299871
1403636660.963555574 1.304696560 4.948697090 4.958378792 0.804201424 0.001727790 -0.253180772 -0.537732780
1403636661.013555527 1.284704447 4.958824158 4.967081070 0.803724229 -0.001972275 -0.254097521 -0.538012981
1403636661.063555479 1.264621019 4.969040394 4.977428436 0.803340852 -0.005867216 -0.255076706 -0.538093865
1403636661.113555431 1.244187117 4.979258060 4.989448071 0.802905500 -0.009535276 -0.256055146 -0.538226485
1403636661.163555622 1.223591208 4.989341259 5.002923012 0.802457035 -0.012589083 -0.257407486 -0.538187444
1403636661.213555574 1.201617956 5.003519535 5.014748573 0.802373171 -0.015908733 -0.257162452 -0.538341701
1403636661.263555527 1.183978796 5.012494564 5.029513359 0.801815391 -0.017181145 -0.258817405 -0.538340509
1403636661.313555479 1.168845892 5.020329475 5.044696808 0.801756978 -0.018886257 -0.258719772 -0.538417280
1403636661.363555670 1.155655622 5.027508736 5.060039997 0.801669061 -0.019580517 -0.258846074 -0.538462639
1403636661.413555384 1.144537687 5.034279346 5.075361252 0.801723301 -0.019566067 -0.258518726 -0.538539648
1403636661.463555574 1.133510113 5.044273853 5.089882851 0.801452160 -0.020205067 -0.259117544 -0.538631916
1403636661.513555527 1.126539707 5.050057411 5.105127335 0.800877988 -0.019946270 -0.260446578 -0.538854599
1403636661.563555479 1.121681690 5.055323124 5.120597839 0.799995303 -0.021015750 -0.262232959 -0.539258480
1403636661.613555431 1.118596673 5.059669971 5.136295319 0.798970520 -0.021597343 -0.264776289 -0.539512038
1403636661.663555622 1.117767811 5.063404560 5.151797295 0.798629224 -0.023204887 -0.264983833 -0.539848626
1403636661.713555574 1.118475437 5.067147732 5.166869164 0.798752427 -0.024052387 -0.264061958 -0.540080845
1403636661.763555527 1.119177818 5.072431564 5.183341980 0.798170567 -0.029134167 -0.265212625 -0.540127099
1403636661.813555479 1.123241901 5.074876785 5.198002338 0.797023773 -0.034037285 -0.267052323 -0.540627122
1403636661.863555670 1.129153132 5.076304913 5.211921692 0.796359897 -0.037487116 -0.267500341 -0.541155457
1403636661.913555384 1.136872768 5.076871395 5.224666595 0.796216488 -0.039212819 -0.267468601 -0.541259944
1403636661.963555574 1.146085739 5.076375484 5.236699104 0.795697808 -0.040284354 -0.267593831 -0.541881621
1403636662.013555527 1.156905174 5.074959278 5.247793198 0.795816123 -0.040269922 -0.267019480 -0.541992247
1403636662.063555479 1.168993235 5.072663784 5.258206367 0.796084166 -0.039936330 -0.266010672 -0.542119384
1403636662.113555431 1.181366444 5.069492817 5.268319130 0.796175718 -0.039347850 -0.265352875 -0.542350352
1403636662.163555622 1.192657232 5.065369129 5.278786182 0.796608329 -0.035726268 -0.264743626 -0.542263508
1403636662.213555574 1.202533126 5.060386658 5.289956570 0.797309756 -0.030731194 -0.263634622 -0.542079031
1403636662.263555527 1.210884571 5.050918102 5.306879044 0.798454762 -0.025260219 -0.261530817 -0.541695178
1403636662.313555479 1.218112707 5.044360161 5.319548130 0.799023807 -0.021234134 -0.261142492 -0.541215956
1403636662.363555670 1.224119067 5.037637234 5.333168030 0.799341500 -0.017172381 -0.261277825 -0.540825546
1403636662.413555384 1.228824139 5.031074047 5.347847939 0.799106598 -0.013960767 -0.263235420 -0.540315509
1403636662.463555574 1.231862068 5.024565220 5.363977432 0.798130870 -0.010384670 -0.267095625 -0.539943814
1403636662.513555527 1.234080434 5.018207550 5.381279945 0.796956301 -0.007504081 -0.271248668 -0.539655983
1403636662.563555479 1.235624313 5.012439728 5.399574757 0.795781136 -0.007231026 -0.275452256 -0.539264381
1403636662.613555431 1.245578527 5.008157730 5.416471481 0.793820798 -0.010562052 -0.281886220 -0.538773715
1403636662.663555622 1.245735884 5.003537178 5.435929775 0.792176425 -0.018154141 -0.287212163 -0.538178623
1403636662.713555574 1.245216131 4.999741554 5.455108643 0.790906131 -0.025898829 -0.290625691 -0.537897289
1403636662.763555527 1.243633986 4.996438026 5.473681450 0.790257752 -0.032288346 -0.292374253 -0.537557006
1403636662.813555479 1.240647793 4.993125439 5.491690636 0.789992213 -0.037008759 -0.293748319 -0.536893547
1403636662.863555670 1.235882521 4.989801884 5.509305477 0.789205134 -0.037841313 -0.296026826 -0.536741495
1403636662.913555384 1.232469440 4.980951786 5.526281357 0.788751006 -0.034371015 -0.298125625 -0.536480904
1403636662.963555574 1.225154877 4.977349281 5.542457104 0.787888110 -0.032400463 -0.301096320 -0.536212265
1403636663.013555527 1.217717409 4.974027157 5.557411194 0.786269963 -0.032872308 -0.305712104 -0.535946965
1403636663.063555479 1.211204052 4.970944405 5.570446014 0.784605503 -0.034906123 -0.310490131 -0.535510778
1403636663.113555431 1.205529571 4.967986107 5.581301689 0.783141136 -0.037222590 -0.314239502 -0.535311103
1403636663.163555622 1.200987816 4.965483189 5.589457512 0.782136559 -0.036857802 -0.317211956 -0.535051942
1403636663.213555574 1.197741508 4.960933208 5.593366623 0.783157170 -0.032666996 -0.315803409 -0.534664333
1403636663.263555527 1.192822456 4.958962440 5.596755505 0.785768688 -0.022586785 -0.310173720 -0.534649134
1403636663.313555479 1.186084986 4.957738876 5.599645615 0.787628710 -0.013119542 -0.306254417 -0.534487724
1403636663.363555670 1.177347183 4.957276344 5.602486134 0.789040208 -0.004102813 -0.303306818 -0.534231842
1403636663.413555384 1.166574478 4.957988739 5.605809212 0.789482296 0.004351371 -0.302209049 -0.534199059
1403636663.463555574 1.156309366 4.961061001 5.607044220 0.789119184 0.010326172 -0.302887797 -0.534268856
1403636663.513555527 1.143129468 4.965144634 5.610736370 0.789018750 0.016008494 -0.303543478 -0.533904910
1403636663.563555479 1.129448295 4.971244812 5.614918709 0.788785458 0.019551558 -0.304036885 -0.533850968
1403636663.613555431 1.114948511 4.979565620 5.619497776 0.788294673 0.021009713 -0.304959327 -0.533994436
1403636663.663555622 1.100109696 4.990453243 5.624032021 0.788066208 0.022665270 -0.305335432 -0.534048975
1403636663.713555574 1.086019158 5.003888607 5.628158569 0.788816810 0.026439944 -0.302703798 -0.534265339
1403636663.763555527 1.073332548 5.019595146 5.632168770 0.789891362 0.029861689 -0.298760533 -0.534716904
1403636663.813555479 1.061819792 5.043804646 5.635281563 0.791954279 0.033961199 -0.292104393 -0.535098314
1403636663.863555670 1.053270936 5.065045834 5.639492989 0.793854535 0.036777437 -0.285005391 -0.535923898
1403636663.913555384 1.047003865 5.088989258 5.644473553 0.795314193 0.036990985 -0.279462576 -0.536663532
1403636663.963555574 1.043557763 5.115272522 5.650241852 0.797524512 0.037200805 -0.271137893 -0.537638307
1403636664.013555527 1.041818619 5.144806862 5.656122208 0.799681723 0.036527440 -0.263128996 -0.538459003
1403636664.063555479 1.043008566 5.174263477 5.665354729 0.800424516 0.033930670 -0.259177148 -0.539440930
1403636664.113555431 1.046805859 5.205581665 5.676378250 0.800287664 0.028870605 -0.257393807 -0.540790796
1403636664.163555622 1.053438544 5.242976665 5.684296608 0.800010800 0.022756856 -0.256523073 -0.541904867
1403636664.213555574 1.061157465 5.276828289 5.698317528 0.799400091 0.015225530 -0.255687088 -0.543462753
1403636664.263555527 1.068909645 5.311213970 5.714206696 0.798898578 0.008416044 -0.254375070 -0.544962049
1403636664.313555479 1.072923660 5.347453117 5.731077194 0.798103511 0.002593095 -0.253899872 -0.546405554
1403636664.363555670 1.074120522 5.381597042 5.752406120 0.797185302 -0.001123736 -0.253600627 -0.547887802
1403636664.413555384 1.071501732 5.415781021 5.776378632 0.796304584 -0.004521307 -0.253054976 -0.549401224
1403636664.463555574 1.066654086 5.451896667 5.799468040 0.795117259 -0.006646368 -0.253208369 -0.551026404
1403636664.513555527 1.060986638 5.485332966 5.826926231 0.794244468 -0.009495339 -0.252264887 -0.552673519
1403636664.563555479 1.052710772 5.522708893 5.852163792 0.792782187 -0.012380003 -0.252381384 -0.554659188
1403636664.613555431 1.048361301 5.555300236 5.881616592 0.790515840 -0.018863987 -0.254614234 -0.556687117
1403636664.663555622 1.045541763 5.586730480 5.911313057 0.788983226 -0.021998715 -0.255096406 -0.558522642
1403636664.713555574 1.044139981 5.619615078 5.938563347 0.786708713 -0.025000198 -0.257765412 -0.560376167
1403636664.763555527 1.045159221 5.649036884 5.967667580 0.785780549 -0.021390541 -0.257775337 -0.561821520
1403636664.813555479 1.048267365 5.677700996 5.995954037 0.785082698 -0.017498672 -0.256955713 -0.563305318
1403636664.863555670 1.053573132 5.705866337 6.024492264 0.783989072 -0.016524876 -0.256746322 -0.564950824
1403636664.913555384 1.060451746 5.733738422 6.052875996 0.782850027 -0.017556924 -0.257258981 -0.566264510
1403636664.963555574 1.068326116 5.761147022 6.081435204 0.781242251 -0.015691100 -0.259556413 -0.567489982
1403636665.013555527 1.077533484 5.795003414 6.106015682 0.778993607 -0.015008576 -0.263526291 -0.568768620
1403636665.063555479 1.089275479 5.820736885 6.133860588 0.777033567 -0.012107579 -0.267554700 -0.569637477
1403636665.113555431 1.102935433 5.845775127 6.161472797 0.775039375 -0.010610102 -0.271157831 -0.570679367
1403636665.163555622 1.118415833 5.871150970 6.188360214 0.773789406 -0.009008926 -0.273660690 -0.571208060
1403636665.213555574 1.134582639 5.896445751 6.215259552 0.772063434 -0.012328555 -0.276607484 -0.572061539
1403636665.263555527 1.151602030 5.921990871 6.241459370 0.771381259 -0.019634683 -0.277435243 -0.572376728
1403636665.313555479 1.171990991 5.956296921 6.264256001 0.771550596 -0.024906300 -0.275965840 -0.572653711
1403636665.363555670 1.188286543 5.983211040 6.288657188 0.771615148 -0.027261013 -0.275011778 -0.572918475
1403636665.413555384 1.204455495 6.010052681 6.312020779 0.772458613 -0.026074842 -0.272940129 -0.572827578
1403636665.463555574 1.219925642 6.036470890 6.334889412 0.773546994 -0.021293551 -0.270900100 -0.572525024
1403636665.513555527 1.234916568 6.061439037 6.357746601 0.774879158 -0.015059631 -0.268733650 -0.571942151
1403636665.563555479 1.250995278 6.086277008 6.380563736 0.776577950 -0.009802668 -0.265453935 -0.571283579
1403636665.613555431 1.274287820 6.115557194 6.403486252 0.777264893 -0.004545828 -0.264884710 -0.570679307
1403636665.663555622 1.290950418 6.140923500 6.427144051 0.778205574 -0.002170509 -0.263904661 -0.569864690
1403636665.713555574 1.307793021 6.166595459 6.451378345 0.779479325 -0.001704775 -0.261935025 -0.569033623
1403636665.763555527 1.327645659 6.193675995 6.475547314 0.781064451 -0.002492291 -0.258988649 -0.568205059
1403636665.813555479 1.345976353 6.220278263 6.500696182 0.782172084 -0.005078588 -0.257622600 -0.567284465
1403636665.863555670 1.364805698 6.246994019 6.526831150 0.781963587 -0.013987198 -0.258943319 -0.566820621
1403636665.913555384 1.389041901 6.271912575 6.553359032 0.781120658 -0.022552071 -0.262233019 -0.566194057
1403636665.963555574 1.407897234 6.298087120 6.580277920 0.780081570 -0.029988308 -0.265940577 -0.565552175
1403636666.013555527 1.426225662 6.323428154 6.607594490 0.779045165 -0.034657128 -0.269643962 -0.564959943
1403636666.063555479 1.441975236 6.348466873 6.634602070 0.778502822 -0.037104502 -0.271490544 -0.564667642
1403636666.113555431 1.456279635 6.372609138 6.661262512 0.779231787 -0.036220636 -0.270200878 -0.564338028
1403636666.163555622 1.470813632 6.395076275 6.688665867 0.780766189 -0.033036117 -0.267051786 -0.563911557
1403636666.213555574 1.482365847 6.418111324 6.715301514 0.781665921 -0.032061804 -0.264573544 -0.563889384
1403636666.263555527 1.493209243 6.440717220 6.742835999 0.781816006 -0.032099888 -0.263963133 -0.563965380
1403636666.313555479 1.499235868 6.464256287 6.771770477 0.782004774 -0.034181286 -0.263476133 -0.563808978
1403636666.363555670 1.507122397 6.485064507 6.799517632 0.781369328 -0.037338588 -0.263815224 -0.564330995
1403636666.413555384 1.514472961 6.504498005 6.827390671 0.780132771 -0.039782811 -0.266289055 -0.564712644
1403636666.463555574 1.522808552 6.522654057 6.854290009 0.778742135 -0.040923987 -0.268908471 -0.565308928
1403636666.513555527 1.532556057 6.539422512 6.879923820 0.777561069 -0.040516138 -0.270629138 -0.566142380
1403636666.563555479 1.540472507 6.558268547 6.905975342 0.777074397 -0.036987130 -0.271478891 -0.566645086
1403636666.613555431 1.554134846 6.571803570 6.928852558 0.776272833 -0.032238077 -0.272561669 -0.567513347
1403636666.663555622 1.569312930 6.584634304 6.950938225 0.776050687 -0.026414542 -0.272234946 -0.568274438
1403636666.713555574 1.585206151 6.596376896 6.972524643 0.775058270 -0.020517882 -0.273917288 -0.569063246
1403636666.763555527 1.598428369 6.610183239 6.994589806 0.773799360 -0.015708139 -0.276000619 -0.569922447
1403636666.813555479 1.615532160 6.622419834 7.015588760 0.772068322 -0.013488226 -0.279326886 -0.570705891
1403636666.863555670 1.631069183 6.635187149 7.036504745 0.769498289 -0.012835001 -0.285186678 -0.571293473
1403636666.913555384 1.644869447 6.648624897 7.057848930 0.765212655 -0.016906388 -0.295191407 -0.571861804
1403636666.963555574 1.654875278 6.658636570 7.084713936 0.761747539 -0.021763284 -0.303664625 -0.571887136
1403636667.013555527 1.665459991 6.673612118 7.104298592 0.760289609 -0.025019608 -0.306583017 -0.572136998
1403636667.063555479 1.674895287 6.689377785 7.122275352 0.760297596 -0.027073232 -0.305796564 -0.572453678
1403636667.113555431 1.683650255 6.705779076 7.138395786 0.763588965 -0.027173821 -0.297037214 -0.572680116
1403636667.163555622 1.691208959 6.723362446 7.153305531 0.767992020 -0.025886830 -0.285000622 -0.572968423
1403636667.213555574 1.691491604 6.741904736 7.172152519 0.771543622 -0.025131864 -0.274967819 -0.573133171
1403636667.263555527 1.696357250 6.759639263 7.186979771 0.774731457 -0.022373721 -0.265752435 -0.573294222
1403636667.313555479 1.698686123 6.777992725 7.203002930 0.776554883 -0.020288998 -0.259925842 -0.573576152
1403636667.363555670 1.700316191 6.795476913 7.219837189 0.777343929 -0.020035442 -0.256928682 -0.573866487
1403636667.413555384 1.701047778 6.812705040 7.237463951 0.777353525 -0.018629964 -0.256517828 -0.574084580
1403636667.463555574 1.700811148 6.827639103 7.259064198 0.776425362 -0.016019545 -0.258643031 -0.574465692
1403636667.513555527 1.700831294 6.844063759 7.278500080 0.774963140 -0.013858029 -0.262172461 -0.574896216
1403636667.563555479 1.699104905 6.861067295 7.298937798 0.772497892 -0.013113198 -0.268649399 -0.575241387
1403636667.613555431 1.700097799 6.877607346 7.319030762 0.769982219 -0.013877636 -0.275588840 -0.575313449
1403636667.663555622 1.703355312 6.894263268 7.338255405 0.767727911 -0.015209172 -0.281031370 -0.575659633
1403636667.713555574 1.709277630 6.910916328 7.356097698 0.766395092 -0.017454371 -0.284338593 -0.575747848
1403636667.763555527 1.716548443 6.927586079 7.373169422 0.766038597 -0.019249052 -0.285210431 -0.575733840
1403636667.813555479 1.724714637 6.944799900 7.389147282 0.766309440 -0.020878214 -0.284866273 -0.575487018
1403636667.863555670 1.733036518 6.961745739 7.404762268 0.766409278 -0.022052597 -0.285163283 -0.575163007
1403636667.913555384 1.741020560 6.978124619 7.419903755 0.766561866 -0.023320010 -0.285515547 -0.574734747
1403636667.963555574 1.747741938 6.994796276 7.434622288 0.766570449 -0.022499159 -0.286254048 -0.574388385
1403636668.013555527 1.753925443 7.013439655 7.447737694 0.767060518 -0.022733476 -0.285768211 -0.573966920
1403636668.063555479 1.757079363 7.031079769 7.461750507 0.768423676 -0.020754730 -0.283891797 -0.573149085
1403636668.113555431 1.758235574 7.049255848 7.475847721 0.769853055 -0.018594431 -0.281897008 -0.572288871
1403636668.163555622 1.757897496 7.067862988 7.490019321 0.771312416 -0.015938474 -0.280151933 -0.571260095
1403636668.213555574 1.755836248 7.087049484 7.504500866 0.772181511 -0.012688532 -0.280097336 -0.570193231
1403636668.263555527 1.755645156 7.107323647 7.520188808 0.773124218 -0.009651943 -0.279869407 -0.569086075
1403636668.313555479 1.751803279 7.127640724 7.535009861 0.774251521 -0.007661530 -0.279680997 -0.567674458
1403636668.363555670 1.747502327 7.149120331 7.550119400 0.775092065 -0.007073271 -0.279580414 -0.566583753
1403636668.413555384 1.742525697 7.170839787 7.565747261 0.776233137 -0.007178550 -0.278526545 -0.565538347
1403636668.463555574 1.736969233 7.193206310 7.581564903 0.777620018 -0.007887362 -0.276890904 -0.564425766
1403636668.513555527 1.734622955 7.215462208 7.599718571 0.778695703 -0.007818574 -0.276048243 -0.563355446
1403636668.563555479 1.728582501 7.238795280 7.616422176 0.779322267 -0.008146156 -0.276278526 -0.562370598
1403636668.613555431 1.723243237 7.262087345 7.633635998 0.779982090 -0.007839906 -0.276107788 -0.561543405
1403636668.663555622 1.717643499 7.286113739 7.650874615 0.780739903 -0.007106706 -0.276101857 -0.560502112
1403636668.713555574 1.712250352 7.310888767 7.668267250 0.782219112 -0.004241823 -0.273655862 -0.559667647
1403636668.763555527 1.707785964 7.336581230 7.687223911 0.784310162 -0.000878939 -0.269122869 -0.558954239
1403636668.813555479 1.703358293 7.362521648 7.705523491 0.786634624 0.001215482 -0.264184088 -0.558042467
1403636668.863555670 1.700557113 7.388589382 7.724725723 0.788616359 0.004714873 -0.258563787 -0.557859063
1403636668.913555384 1.695052981 7.417130947 7.750329971 0.791132033 0.005880577 -0.252190381 -0.557203412
1403636668.963555574 1.697013497 7.444108486 7.771690369 0.791626871 0.002417850 -0.250917971 -0.557100832
1403636669.013555527 1.701337218 7.469987392 7.794660091 0.791153848 -0.003541922 -0.252146095 -0.557212234
1403636669.063555479 1.710498810 7.496935844 7.816488743 0.790833652 -0.009314666 -0.253208548 -0.557118297
1403636669.113555431 1.718848705 7.521513939 7.841085911 0.790401042 -0.014807827 -0.254641384 -0.556960344
1403636669.163555622 1.727368474 7.545984268 7.866371155 0.790205598 -0.017654419 -0.255850106 -0.556600630
1403636669.213555574 1.743096948 7.570145607 7.888639927 0.790455878 -0.019823110 -0.255796939 -0.556196511
1403636669.263555527 1.750261426 7.593201637 7.915790081 0.790681601 -0.020690033 -0.255634487 -0.555918634
1403636669.313555479 1.756178737 7.615673065 7.944047928 0.791051626 -0.020031637 -0.255357474 -0.555543542
1403636669.363555670 1.760646939 7.637630463 7.973456383 0.790812612 -0.020318558 -0.256530672 -0.555332899
1403636669.413555384 1.768034220 7.661098003 8.002139091 0.791102946 -0.021294283 -0.255786777 -0.555225909
1403636669.463555574 1.772026181 7.682703495 8.032875061 0.791584015 -0.023661872 -0.254217058 -0.555165410
1403636669.513555527 1.775310516 7.703783989 8.064456940 0.792093337 -0.025224162 -0.251782358 -0.555479586
1403636669.563555479 1.781089783 7.718677998 8.097875595 0.792976558 -0.027190356 -0.248700529 -0.555514932
1403636669.613555431 1.784643173 7.737802982 8.130838394 0.794363320 -0.029805876 -0.243654490 -0.555635631
1403636669.663555622 1.789369464 7.755562782 8.164399147 0.795261323 -0.032888010 -0.239483371 -0.555990636
1403636669.713555574 1.794179678 7.767282486 8.200591087 0.796268761 -0.035968523 -0.235103190 -0.556227267
1403636669.763555527 1.802129149 7.783199310 8.234596252 0.796312034 -0.038620401 -0.233694866 -0.556581020
1403636669.813555479 1.811548710 7.797324181 8.269313812 0.793729842 -0.046881072 -0.238602176 -0.557551920
1403636669.863555670 1.820468187 7.805342674 8.306608200 0.789617658 -0.058750741 -0.247054711 -0.558584154
1403636669.913555384 1.833613634 7.814461708 8.340841293 0.784346521 -0.068117298 -0.259088784 -0.559494138
1403636669.963555574 1.847573042 7.821760654 8.373201370 0.780232787 -0.074112542 -0.268546343 -0.560024261
1403636670.013555527 1.862525940 7.826539040 8.403278351 0.777251899 -0.076223828 -0.275830239 -0.560345590
1403636670.063555479 1.877144575 7.817259312 8.438025475 0.774883568 -0.078006916 -0.281317115 -0.560652494
1403636670.113555431 1.893396616 7.817574501 8.463537216 0.772060037 -0.079771310 -0.285741419 -0.562060297
1403636670.163555622 1.910353422 7.813770771 8.487611771 0.769967318 -0.084589958 -0.286414444 -0.563880980
1403636670.213555574 1.927009106 7.809398174 8.508415222 0.766967893 -0.093885958 -0.287014067 -0.566187859
1403636670.263555527 1.938240528 7.795949459 8.530443192 0.764261127 -0.102673799 -0.286550522 -0.568552434
1403636670.313555479 1.950489044 7.786911964 8.547000885 0.761340082 -0.109891601 -0.286966532 -0.570907474
1403636670.363555670 1.957927227 7.774297237 8.562226295 0.757682085 -0.114194416 -0.288619429 -0.574087441
1403636670.413555384 1.963847995 7.759490013 8.574437141 0.753482044 -0.116188407 -0.290483594 -0.578259826
1403636670.463555574 1.968082786 7.741728306 8.583511353 0.748001993 -0.118309081 -0.293372750 -0.583462417
1403636670.513555527 1.972351789 7.720825672 8.588228226 0.742397904 -0.119635798 -0.294836104 -0.589579821
1403636670.563555479 1.976284146 7.697122574 8.588607788 0.736095488 -0.120087072 -0.295299560 -0.597110331
1403636670.613555431 1.981726646 7.662637234 8.586416245 0.729801595 -0.119689159 -0.294750899 -0.605133176
1403636670.663555622 1.986361861 7.633516312 8.576697350 0.723458171 -0.118517101 -0.293060243 -0.613740742
1403636670.713555574 1.990957022 7.600763798 8.562007904 0.716807604 -0.117508486 -0.290494502 -0.622889757
1403636670.763555527 1.994713187 7.566559315 8.542707443 0.709618807 -0.117212690 -0.288058728 -0.632237792
1403636670.813555479 1.996613622 7.530254841 8.519830704 0.701180696 -0.118818693 -0.286659986 -0.641914189
1403636670.863555670 1.996147871 7.491742134 8.493589401 0.691478848 -0.122107089 -0.286016166 -0.652028859
1403636670.913555384 1.993491292 7.451281071 8.463622093 0.681220472 -0.126331344 -0.284955561 -0.662404299
1403636670.963555574 1.989778519 7.408461571 8.428943634 0.669716775 -0.132645488 -0.283517152 -0.673426092
1403636671.013555527 1.986796856 7.359505653 8.390451431 0.658324718 -0.136115372 -0.279856175 -0.685391665
1403636671.063555479 1.983452797 7.311039925 8.343471527 0.647881448 -0.136131600 -0.273894429 -0.697638631
1403636671.113555431 1.979896069 7.259944439 8.289428711 0.638347864 -0.131942809 -0.266352713 -0.710041881
1403636671.163555622 1.975890398 7.206315994 8.229708672 0.628813148 -0.125710294 -0.259476483 -0.722123861
1403636671.213555574 1.973441601 7.151835442 8.166498184 0.620034158 -0.118228339 -0.254324257 -0.732733846
1403636671.263555527 1.968377352 7.094263077 8.095649719 0.612712204 -0.107998259 -0.248903826 -0.742271543
1403636671.313555479 1.961494923 7.035107136 8.020407677 0.607926011 -0.092348471 -0.242400706 -0.750426352
1403636671.363555670 1.953509808 6.975280762 7.941735268 0.604730785 -0.072640032 -0.233488247 -0.757962704
1403636671.413555384 1.944358826 6.915089607 7.861290932 0.601419926 -0.052350078 -0.223524898 -0.765238702
1403636671.463555574 1.933457136 6.855129242 7.780665874 0.596022308 -0.034551177 -0.216623396 -0.772423506
1403636671.513555527 1.921236038 6.795609951 7.700513363 0.589504123 -0.020007549 -0.213041112 -0.778908312
1403636671.563555479 1.911385775 6.742039204 7.625081539 -0.582766831 0.008761134 0.212709799 0.784258068
1403636671.613555431 1.896293640 6.684697151 7.546946049 -0.576439917 -0.001517328 0.213457048 0.788765371
1403636671.663555622 1.879641294 6.628695965 7.470089912 0.571026564 0.009860888 -0.215480536 -0.792085707
1403636671.713555574 1.862674952 6.575038433 7.394330025 0.566447139 0.016279355 -0.217403024 -0.794738114
1403636671.763555527 1.844803333 6.523499012 7.319947243 0.563140929 0.021322601 -0.218977019 -0.796534240
1403636671.813555479 1.826627493 6.474703789 7.247100830 0.560984075 0.027676001 -0.219421148 -0.797737658
1403636671.863555670 1.809133530 6.428772926 7.175726414 0.559031069 0.032636382 -0.221678615 -0.798296809
1403636671.913555384 1.801680088 6.393970490 7.106006145 -0.557651281 -0.039489448 0.225120261 0.797989070
1403636671.963555574 1.788244009 6.355101585 7.037067890 -0.557178497 -0.046999045 0.226962283 0.797390401
1403636672.013555527 1.778073311 6.320447922 6.969364643 0.557227254 0.055240843 -0.228292227 -0.796447754
1403636672.063555479 1.771201134 6.290033817 6.903097630 0.559222341 0.061604891 -0.224987313 -0.795522511
1403636672.113555431 1.767381191 6.263523102 6.838750839 0.562366128 0.066695914 -0.218082219 -0.794818401
1403636672.163555622 1.767038822 6.240583897 6.776768684 0.565555274 0.069296338 -0.212270886 -0.793905795
1403636672.213555574 1.768882275 6.221036911 6.717811584 0.568068027 0.071623772 -0.207961112 -0.793045342
1403636672.263555527 1.771872520 6.205199242 6.662384510 0.570365727 0.072157018 -0.205307662 -0.792038620
1403636672.313555479 1.775225163 6.192837715 6.610533237 0.572929502 0.072727501 -0.200607866 -0.791340053
1403636672.363555670 1.786503315 6.191166878 6.558311939 -0.575962305 -0.072864100 0.192868769 0.791049957
1403636672.413555384 1.789072275 6.184323311 6.514649391 -0.579448402 -0.071489193 0.183351114 0.790892720
1403636672.463555574 1.789843321 6.179968357 6.476238251 0.583040416 0.065320782 -0.173442796 -0.791021347
1403636672.513555527 1.788861513 6.176711082 6.442594528 0.585220397 0.050718095 -0.168822765 -0.791481972
1403636672.563555479 1.785553217 6.174443722 6.413543224 0.586484194 0.034387901 -0.165354505 -0.792156398
1403636672.613555431 1.777808428 6.172925949 6.389024258 0.586302400 0.018791342 -0.165689811 -0.792744219
1403636672.663555622 1.766770244 6.171586990 6.367966652 0.586015701 0.006164990 -0.166703314 -0.792942405
1403636672.713555574 1.751102567 6.170171738 6.350263119 0.584492385 -0.000354692 -0.171457008 -0.793076932
1403636672.763555527 1.731078386 6.168188095 6.335298538 0.581951082 -0.000835148 -0.178594306 -0.793370247
1403636672.813555479 1.709987640 6.165976524 6.322375774 0.578196585 0.000981165 -0.185036719 -0.794637799
1403636672.863555670 1.692613602 6.168674946 6.301924706 -0.574290156 -0.003515616 0.186688453 0.797073424
1403636672.913555384 1.675683022 6.166905880 6.290360928 -0.569562018 -0.004258153 0.185889423 0.800641060
1403636672.963555574 1.660781860 6.165816784 6.280393124 0.564180613 0.005949000 -0.183520347 -0.804975271
1403636673.013555527 1.648212552 6.164531708 6.271053314 0.558000743 0.007496480 -0.180430129 -0.809953094
1403636673.063555479 1.638123512 6.163784504 6.262445450 0.552045643 0.010301096 -0.176680699 -0.814814985
1403636673.113555431 1.629928231 6.163364887 6.254651546 0.545528710 0.012971796 -0.174583077 -0.819604158
1403636673.163555622 1.620930672 6.165732384 6.244363785 -0.538799763 -0.018595470 0.175639182 0.823711157
1403636673.213555574 1.618139744 6.166580677 6.237565041 -0.532466888 -0.025988666 0.177978233 0.827119946
1403636673.263555527 1.617306113 6.168979645 6.231559753 0.526809514 0.033985913 -0.179479331 -0.830122888
1403636673.313555479 1.619079471 6.172003269 6.226611137 0.522048533 0.039782014 -0.182078406 -0.832304180
1403636673.363555670 1.623276114 6.176757812 6.223334312 0.518396556 0.044054281 -0.183099329 -0.834145665
1403636673.413555384 1.628443360 6.183567047 6.221936226 0.515831828 0.044896137 -0.182493582 -0.835821807
1403636673.463555574 1.633466244 6.192310333 6.222840786 0.513868928 0.044146888 -0.181679368 -0.837246895
1403636673.513555527 1.637585521 6.202942848 6.226067543 0.512730122 0.043281395 -0.180090383 -0.838332951
1403636673.563555479 1.641560435 6.215246201 6.231535912 0.511928022 0.040382497 -0.177750722 -0.839466333
1403636673.613555431 1.645679116 6.229042530 6.239001274 0.512400627 0.034908701 -0.172981009 -0.840419292
1403636673.663555622 1.640470028 6.246354580 6.250954151 -0.512858152 -0.028460961 0.168220848 0.841349125
1403636673.713555574 1.643784881 6.262421608 6.262469769 -0.513266146 -0.021855116 0.164059773 0.842119098
1403636673.763555527 1.648506761 6.278163910 6.275187969 0.514465153 0.015027190 -0.158154353 -0.842666686
1403636673.813555479 1.653443336 6.292765617 6.288899899 0.514442801 0.008900597 -0.155338690 -0.843290806
1403636673.863555670 1.659357905 6.306590557 6.303218365 0.514856279 0.006294891 -0.152562603 -0.843568683
1403636673.913555384 1.666278839 6.320527077 6.318786621 0.515071034 0.007996261 -0.151029766 -0.843698978
1403636673.963555574 1.675142646 6.334405422 6.335495472 0.514976561 0.008204224 -0.150819942 -0.843792140
1403636674.013555527 1.683592916 6.348167896 6.353883266 0.514417648 0.008614414 -0.152456537 -0.843834937
1403636674.063555479 1.691757917 6.362242699 6.374244213 0.514324665 0.008687120 -0.153002962 -0.843791902
1403636674.113555431 1.698879123 6.376185417 6.396417618 0.513769925 0.007956461 -0.154564887 -0.843852401
1403636674.163555622 1.701376915 6.398705006 6.424995422 -0.513657808 -0.006171538 0.154712901 0.843908429
1403636674.213555574 1.706048727 6.412357330 6.450470448 -0.513611317 -0.003344107 0.155315280 0.843842089
1403636674.263555527 1.708762884 6.424403191 6.476784706 0.512930155 -0.001128774 -0.157539159 -0.843850017
1403636674.313555479 1.709801197 6.436297417 6.504889965 0.511233330 -0.006345156 -0.162523940 -0.843911290
1403636674.363555670 1.709269404 6.447429657 6.534027576 0.508359849 -0.010381774 -0.168124676 -0.844509780
1403636674.413555384 1.707457900 6.458404541 6.564213276 0.503777862 -0.014960180 -0.173185542 -0.846162379
1403636674.463555574 1.704495430 6.469478607 6.594829559 0.498571157 -0.019180104 -0.175963640 -0.848584533
1403636674.513555527 1.700045228 6.480694294 6.625604153 0.492767423 -0.022803906 -0.176952541 -0.851673782
1403636674.563555479 1.693993926 6.492054462 6.656099796 0.487471938 -0.024195436 -0.176247850 -0.854822993
1403636674.613555431 1.686835051 6.503865719 6.685995579 0.483268827 -0.025038134 -0.174160525 -0.857608616
1403636674.663555622 1.682838082 6.526016235 6.719662666 -0.479621768 0.025175324 0.170966521 0.860290468
1403636674.713555574 1.673146367 6.538460255 6.748823643 -0.475653768 0.024481779 0.170861945 0.862531424
1403636674.763555527 1.661158204 6.550468445 6.777142525 0.471411139 -0.020301037 -0.172571555 -0.864626229
1403636674.813555479 1.649051189 6.562934399 6.804521084 0.467082709 -0.013715270 -0.176195130 -0.866372287
1403636674.863555670 1.638505936 6.576057434 6.830521584 0.463391602 -0.006746849 -0.179828674 -0.867689133
1403636674.913555384 1.629285216 6.590181828 6.855265141 0.460251391 -0.000745453 -0.182892799 -0.868745267
1403636674.963555574 1.622071505 6.606020927 6.878974915 0.457924664 0.005498232 -0.185263827 -0.869455099
1403636675.013555527 1.617760062 6.623791695 6.901572704 0.455964983 0.010002308 -0.187951118 -0.869868040
1403636675.063555479 1.615161180 6.646836758 6.929069519 -0.454983085 -0.015486798 0.188628107 0.870155215
1403636675.113555431 1.616272807 6.668828011 6.949970245 -0.455833942 -0.019872822 0.186008781 0.870184600
1403636675.163555622 1.619810462 6.692715168 6.970029354 0.457476944 0.026189115 -0.180874676 -0.870237529
1403636675.213555574 1.626598716 6.719492912 6.990513802 0.460176110 0.030290054 -0.172703877 -0.870341301
1403636675.263555527 1.635206938 6.749031544 7.012436867 0.462686419 0.033455797 -0.166318655 -0.870137930
1403636675.313555479 1.646187305 6.780304909 7.035654545 0.464827627 0.035313364 -0.160930514 -0.869936645
1403636675.363555670 1.659919262 6.812441826 7.059903622 0.466710657 0.032395396 -0.154303402 -0.870242655
1403636675.413555384 1.675224781 6.845407963 7.086230278 0.467267245 0.026051076 -0.147143155 -0.871396363
1403636675.463555574 1.690429449 6.878865242 7.115049362 0.465542883 0.019885901 -0.141721815 -0.873378098
1403636675.513555527 1.704650998 6.912334442 7.146025658 0.463249743 0.015442862 -0.134561002 -0.875816524
1403636675.563555479 1.718716621 6.938825607 7.182596207 -0.461216688 -0.011199800 0.126957119 0.878086448
1403636675.613555431 1.730799556 6.971137047 7.217420578 -0.458569497 -0.007856588 0.120386869 0.880431294
1403636675.663555622 1.742001295 7.002539635 7.254249573 0.454686970 0.005123924 -0.115763016 -0.883081257
1403636675.713555574 1.752053738 7.032603264 7.292729855 0.449403435 0.001211293 -0.112341225 -0.886236191
1403636675.763555527 1.761219144 7.061224461 7.332882881 0.442642748 -0.004683125 -0.110226594 -0.889885128
1403636675.813555479 1.771397471 7.084135056 7.371468067 -0.432981133 0.012256671 0.114175834 0.894058764
1403636675.863555670 1.777510881 7.109985828 7.414248466 -0.421769857 0.020459706 0.120067693 0.898485065
1403636675.913555384 1.781458139 7.134430885 7.457605362 0.409058094 -0.025280273 -0.128121808 -0.903115332
1403636675.963555574 1.783823252 7.158164501 7.500786781 0.396283507 -0.027379937 -0.134842172 -0.907759547
1403636676.013555527 1.784815788 7.181561470 7.543361664 0.384497732 -0.026400393 -0.137947470 -0.912378788
1403636676.063555479 1.784721375 7.205233574 7.584926128 0.374118239 -0.024146635 -0.136939943 -0.916896880
1403636676.113555431 1.783365488 7.229037285 7.625414848 0.365477294 -0.019174624 -0.131881982 -0.921230674
1403636676.163555622 1.788609147 7.245390415 7.659309864 -0.358328134 0.013034766 0.121287510 0.925591886
1403636676.213555574 1.786132336 7.269638062 7.698827744 -0.350862473 0.007593037 0.110320352 0.929874957
1403636676.263555527 1.783434153 7.293556690 7.738153458 0.343806297 -0.000543197 -0.096401125 -0.934079111
1403636676.313555479 1.780052423 7.316969872 7.778201103 0.334674627 0.005855467 -0.086359404 -0.938350022
1403636676.363555670 1.778500557 7.339703083 7.818599224 0.326138765 0.009103112 -0.073658451 -0.942403972
1403636676.413555384 1.778648257 7.361034393 7.859362602 0.317007720 0.012808210 -0.063219100 -0.946227014
1403636676.463555574 1.781063318 7.380638123 7.900708675 0.306060046 0.014729222 -0.057698313 -0.950148046
1403636676.513555527 1.784735084 7.397802830 7.942040443 0.294172168 0.015726993 -0.055686545 -0.953999221
1403636676.563555479 1.798841596 7.405764580 7.981691360 -0.282066137 -0.013591356 0.057303116 0.957585752
1403636676.613555431 1.807790995 7.420866966 8.024591446 -0.270832032 -0.011485396 0.058839466 0.960758090
1403636676.663555622 1.819522142 7.436280727 8.068158150 0.261425525 0.008555932 -0.060761727 -0.963271320
1403636676.713555574 1.832801104 7.450629234 8.111192703 0.253442585 0.005676196 -0.063384496 -0.965254962
1403636676.763555527 1.847600698 7.464554310 8.153816223 0.246943399 0.002390425 -0.066033676 -0.966774464
1403636676.813555479 1.864024162 7.478040695 8.196059227 0.240651906 0.000611650 -0.069019854 -0.968154252
1403636676.863555670 1.881925821 7.491060257 8.237556458 0.234151736 -0.000220997 -0.072746158 -0.969474614
1403636676.913555384 1.899967313 7.504014015 8.277643204 0.229894921 -0.001990455 -0.073824920 -0.970409393
1403636676.963555574 1.925208569 7.508144379 8.317280769 -0.227259204 0.002762902 0.074987061 0.970939040
1403636677.013555527 1.937910199 7.521341801 8.357752800 -0.226121336 0.003112450 0.072955705 0.971358299
1403636677.063555479 1.947376013 7.536097527 8.399530411 0.227011651 -0.002452068 -0.067689672 -0.971533775
1403636677.113555431 1.953074932 7.550672054 8.442199707 0.228502288 -0.001710896 -0.062297307 -0.971546650
1403636677.163555622 1.955408335 7.564994812 8.485596657 0.230168357 -0.000637860 -0.057633780 -0.971442521
1403636677.213555574 1.955636263 7.578773022 8.529324532 0.231562376 -0.001728208 -0.053762957 -0.971331775
1403636677.263555527 1.955816627 7.591605663 8.573179245 0.231961653 -0.004407624 -0.050008986 -0.971428633
1403636677.313555479 1.956444383 7.602862835 8.616559982 0.230448112 -0.008089643 -0.047201406 -0.971905529
1403636677.363555670 1.958861589 7.612851143 8.659343719 0.227377146 -0.013626019 -0.043026075 -0.972760379
1403636677.413555384 1.963845491 7.621424675 8.701305389 0.223194540 -0.019743390 -0.039191127 -0.973785639
1403636677.463555574 1.981775403 7.627121925 8.748677254 -0.218011901 0.026065469 0.036261048 0.974923849
1403636677.513555527 1.990073323 7.632188320 8.787291527 -0.210785896 0.031393066 0.034968108 0.976402104
1403636677.563555479 1.998659492 7.635944366 8.824115753 0.202575788 -0.034928922 -0.033775169 -0.978060484
1403636677.613555431 2.008500338 7.638050079 8.859169960 0.193021938 -0.036754210 -0.034185149 -0.979909718
1403636677.663555622 2.019393206 7.638870239 8.892331123 0.182969451 -0.036272258 -0.034879416 -0.981829941
1403636677.713555574 2.031206608 7.638424397 8.923278809 0.171442389 -0.035775471 -0.036314800 -0.983874440
1403636677.763555527 2.043497562 7.637070656 8.951988220 0.159874156 -0.032652680 -0.036882173 -0.985907614
1403636677.813555479 2.060355186 7.636184692 8.984494209 -0.146618724 0.027330253 0.039828226 0.988013029
1403636677.863555670 2.072530508 7.633886814 9.009325027 -0.131911948 0.021888871 0.043871552 0.990048230
1403636677.913555384 2.085616112 7.632518291 9.032916069 0.117423043 -0.015883273 -0.045768805 -0.991899550
1403636677.963555574 2.099400997 7.631638050 9.055113792 0.103420183 -0.011565434 -0.045666672 -0.993521631
1403636678.013555527 2.112883806 7.632153034 9.076598167 0.090841986 -0.007112980 -0.042240214 -0.994943738
1403636678.063555479 2.125808954 7.634289265 9.097756386 0.079635911 -0.005591486 -0.037346862 -0.996108472
1403636678.113555431 2.137589931 7.638058662 9.118726730 0.071488969 -0.005135926 -0.028906737 -0.997009277
1403636678.163555622 2.148047209 7.643196583 9.139841080 0.064733997 -0.005245832 -0.020609397 -0.997675955
1403636678.213555574 2.156327963 7.648836136 9.164724350 -0.059585553 0.004100917 0.011777217 0.998145282
1403636678.263555527 2.164608955 7.655346870 9.185732841 -0.053936113 0.003802067 0.004279845 0.998528004
1403636678.313555479 2.173328638 7.662227154 9.206268311 0.047036119 -0.003766496 0.001224696 -0.998885334
1403636678.363555670 2.183243036 7.668553829 9.225963593 0.038392957 -0.004176603 0.003146241 -0.999249101
1403636678.413555384 2.194218159 7.674793720 9.245024681 0.029814927 -0.002645031 0.005729121 -0.999535561
1403636678.463555574 2.206892729 7.680877686 9.263320923 0.021244632 -0.001695536 0.008987369 -0.999732494
1403636678.513555527 2.220845222 7.686735153 9.280864716 0.012487222 -0.000085406 0.012644084 -0.999842167
1403636678.563555479 2.236433506 7.692100048 9.297582626 0.003114644 -0.000019118 0.015798740 -0.999870420
1403636678.613555431 2.252852678 7.697084427 9.313318253 -0.007723013 -0.000039098 0.019898882 -0.999772191
1403636678.663555622 2.266005278 7.701437473 9.332373619 0.017718323 0.000673822 -0.027503116 0.999464452
1403636678.713555574 2.280530930 7.706479073 9.348031044 0.027396893 0.000926269 -0.038052477 0.998899758
1403636678.763555527 2.294514179 7.710754395 9.363598824 -0.037547790 -0.000982185 0.050097790 -0.998037815
1403636678.813555479 2.306068897 7.714552402 9.379734993 -0.047030356 -0.000684194 0.063141808 -0.996895611
1403636678.863555670 2.315449238 7.717422485 9.396189690 -0.055704094 0.000057648 0.074898727 -0.995634079
1403636678.913555384 2.323176861 7.718921185 9.413066864 -0.063488349 -0.000135092 0.086310931 -0.994243324
1403636678.963555574 2.328859806 7.718601227 9.429907799 -0.072469875 0.000657619 0.093694434 -0.992959738
1403636679.013555527 2.332894087 7.715837479 9.451507568 0.082543723 0.000420035 -0.097845770 0.991772473
1403636679.063555479 2.335881472 7.711443901 9.468070984 0.093709506 0.001387473 -0.099321954 0.990632057
1403636679.113555431 2.337502241 7.705126286 9.485007286 -0.105580829 -0.003244203 0.099842057 -0.989380479
1403636679.163555622 2.337340117 7.697136879 9.501331329 -0.118899487 -0.004863163 0.096642785 -0.988179922
1403636679.213555574 2.336304188 7.687524319 9.516929626 -0.133913428 -0.007683859 0.091675788 -0.986713588
1403636679.263555527 2.335468054 7.676877975 9.531456947 -0.148925275 -0.009883077 0.087545514 -0.984915912
1403636679.313555479 2.335522413 7.665544987 9.544640541 -0.163576767 -0.010674210 0.084506087 -0.982846677
1403636679.363555670 2.336971045 7.653983116 9.556420326 -0.177742884 -0.011682869 0.084759124 -0.980350435
1403636679.413555384 2.339946508 7.642635822 9.566822052 -0.190855846 -0.011112013 0.086237445 -0.977759540
1403636679.463555574 2.344305515 7.631535530 9.575263977 -0.203690961 -0.010579949 0.088583425 -0.974962056
1403636679.513555527 2.346510649 7.621390820 9.582536697 0.215323612 0.009440755 -0.092084691 0.972145617
1403636679.563555479 2.353294611 7.611688614 9.588521957 0.225049257 0.007872435 -0.095514067 0.969622552
1403636679.613555431 2.362540483 7.602483273 9.593644142 -0.233668923 -0.006342974 0.097648829 -0.967379630
1403636679.663555622 2.372145653 7.594436169 9.597162247 0.240431100 0.003354944 -0.100112431 0.965483904
1403636679.713555574 2.382963657 7.587314606 9.599265099 0.245862424 0.001548467 -0.102942325 0.963821709
1403636679.763555527 2.395350695 7.581288815 9.600057602 0.249482557 0.001590758 -0.106788121 0.962471962
1403636679.813555479 2.409802914 7.575666428 9.599623680 0.252812177 0.005093511 -0.108629629 0.961384296
1403636679.863555670 2.426689625 7.569706917 9.598709106 0.254654139 0.009238901 -0.110522397 0.960651219
1403636679.913555384 2.444944143 7.564056396 9.596934319 0.255278885 0.015276313 -0.114810944 0.959905148
1403636679.963555574 2.456991911 7.560316086 9.595511436 0.255061984 0.017521407 -0.118559979 0.959468544
1403636680.013555527 2.476597309 7.554783821 9.590690613 0.252648056 0.020357978 -0.125570387 0.959159374
1403636680.063555479 2.497555256 7.549468994 9.584128380 0.249723047 0.022859450 -0.132843331 0.958889186
1403636680.113555431 2.517583609 7.543715000 9.575418472 -0.246267319 -0.026247462 0.140993670 -0.958532333
1403636680.163555622 2.535386562 7.537267685 9.565382004 -0.243970573 -0.027434863 0.144911915 -0.958502114
1403636680.213555574 2.550855875 7.529741287 9.553801537 -0.243736729 -0.027449118 0.143856123 -0.958720148
1403636680.263555527 2.564487696 7.521167755 9.540596008 -0.243447363 -0.030109957 0.142768234 -0.958876431
1403636680.313555479 2.575467825 7.511960983 9.526153564 -0.241132408 -0.031687036 0.145581037 -0.958987653
1403636680.363555670 2.583800554 7.501951694 9.510398865 -0.237431750 -0.030736210 0.151527643 -0.959020793
1403636680.413555384 2.578276634 7.482748508 9.503443718 0.232578129 0.029253377 -0.156131849 0.959517896
1403636680.463555574 2.581946611 7.469926357 9.484471321 0.229824111 0.026965007 -0.159193739 0.959745407
1403636680.513555527 2.583543301 7.455465794 9.464732170 -0.227213696 -0.024820970 0.161509261 -0.960037827
1403636680.563555479 2.582877159 7.438911438 9.443358421 -0.226303175 -0.022340143 0.159858838 -0.960590005
1403636680.613555431 2.580295801 7.420215130 9.420509338 -0.226502255 -0.021158518 0.155874550 -0.961224318
1403636680.663555622 2.575892925 7.399589539 9.396541595 -0.225896314 -0.020214561 0.153714359 -0.961734951
1403636680.713555574 2.569530964 7.377109528 9.371589661 -0.226295650 -0.017513031 0.149625927 -0.962338626
1403636680.763555527 2.561503649 7.353153229 9.345467567 -0.228380010 -0.013098110 0.140880987 -0.963236034
1403636680.813555479 2.552495718 7.327931404 9.318671227 -0.230889007 -0.009191093 0.131615013 -0.963993490
1403636680.863555670 2.542387486 7.302175522 9.291581154 -0.234008685 -0.004258368 0.120587520 -0.964717805
1403636680.913555384 2.531470299 7.278287888 9.268490791 0.237015083 -0.002636514 -0.109962896 0.965259135
1403636680.963555574 2.517943859 7.252808571 9.242164612 0.238434881 -0.011826116 -0.104246214 0.965474904
1403636681.013555527 2.502981186 7.226840019 9.217006683 -0.237918779 0.020088965 0.103573032 -0.965538085
1403636681.063555479 2.487119198 7.201473236 9.193117142 -0.237077698 0.028147809 0.104529247 -0.965440631
1403636681.113555431 2.471280575 7.176280022 9.170664787 -0.235707909 0.033677835 0.107396677 -0.965284228
1403636681.163555622 2.456212521 7.150974751 9.149779320 -0.234826893 0.033480439 0.109624021 -0.965255439
1403636681.213555574 2.442208290 7.125191689 9.130508423 -0.233728960 0.026958629 0.113721997 -0.965251982
1403636681.263555527 2.432248592 7.098366261 9.114089012 0.233445033 -0.017564295 -0.116825975 0.965166628
1403636681.313555479 2.420498133 7.071379662 9.095364571 0.233872652 -0.010302853 -0.117460512 0.965090930
1403636681.363555670 2.410475492 7.043805599 9.076771736 -0.234356672 0.003564154 0.117012620 -0.965076327
1403636681.413555384 2.401660919 7.015924931 9.057187080 -0.235790566 -0.001218267 0.115209654 -0.964949787
1403636681.463555574 2.394262075 6.987865925 9.036791801 -0.237340525 -0.003922819 0.112543188 -0.964877307
1403636681.513555527 2.390439272 6.958519936 9.018672943 0.238501325 0.005523215 -0.111182958 0.964740932
1403636681.563555479 2.384297609 6.930516720 8.997035980 0.239537865 0.005915413 -0.111375295 0.964459538
1403636681.613555431 2.377444029 6.903394699 8.975749016 -0.239272386 -0.006264523 0.114216022 -0.964191020
1403636681.663555622 2.369245291 6.876174927 8.954244614 -0.239597365 -0.006798615 0.115493745 -0.963954449
1403636681.713555574 2.359843731 6.848921776 8.932701111 -0.240007997 -0.007391589 0.117133625 -0.963649988
1403636681.763555527 2.349457979 6.821465015 8.911242485 -0.240432173 -0.008177124 0.117970563 -0.963435829
1403636681.813555479 2.338389635 6.793723106 8.889526367 -0.241074041 -0.008744485 0.118595682 -0.963193655
1403636681.863555670 2.331014395 6.761613369 8.869502068 0.241890550 0.009079099 -0.118374430 0.963013053
1403636681.913555384 2.321418524 6.733390331 8.846131325 0.242924407 0.010056315 -0.117996015 0.962789476
1403636681.963555574 2.313370466 6.704522610 8.821755409 -0.244258910 -0.009776836 0.116991393 -0.962577343
1403636682.013555527 2.307143211 6.675236225 8.796578407 -0.245462820 -0.009385746 0.115878746 -0.962409496
1403636682.063555479 2.302705526 6.646052837 8.769913673 0.246674225 0.008600759 -0.114400379 0.962283969
1403636682.113555431 2.299650908 6.617304802 8.741609573 0.247650012 0.008630082 -0.113534667 0.962135613
1403636682.163555622 2.296899796 6.586957932 8.713553429 0.248453230 0.007896130 -0.112470053 0.962059915
1403636682.213555574 2.293721914 6.559023380 8.684043884 0.248858377 0.004855196 -0.112187497 0.962008297
1403636682.263555527 2.289276123 6.532125950 8.654842377 -0.249218389 -0.000517115 0.111150883 -0.962047517
1403636682.313555479 2.282912493 6.505289078 8.626296043 -0.248707026 0.005430888 0.112043589 -0.962061107
1403636682.363555670 2.275221825 6.478484631 8.598660469 -0.248288289 0.011574245 0.112106599 -0.962107658
1403636682.413555384 2.266993284 6.451560974 8.572104454 -0.247755125 0.014902714 0.112127393 -0.962196887
1403636682.463555574 2.258808374 6.421353817 8.545279503 0.247337773 -0.013014633 -0.111632310 0.962389171
1403636682.513555527 2.250332832 6.394502163 8.520524979 0.246253952 -0.008481058 -0.112368554 0.962632060
1403636682.563555479 2.240906477 6.367872238 8.496313095 -0.245131224 0.003726897 0.113155708 -0.962856531
1403636682.613555431 2.230386019 6.341073513 8.472636223 -0.244364440 -0.000513056 0.113926306 -0.962967634
1403636682.663555622 2.219006062 6.314215660 8.449170113 -0.243344381 -0.004308792 0.114027455 -0.963204384
1403636682.713555574 2.207627773 6.287137508 8.425367355 -0.243398637 -0.006295878 0.112097219 -0.963406324
1403636682.763555527 2.197420120 6.260066032 8.401057243 0.243267462 0.008413564 -0.110059246 0.963658214
1403636682.813555479 2.188501835 6.233345985 8.375801086 0.242607534 0.010746847 -0.108698472 0.963955820
1403636682.863555670 2.180633068 6.206573009 8.349926949 0.241529152 0.012724090 -0.110114202 0.964041889
1403636682.913555384 2.173902750 6.180136204 8.323206902 0.239413470 0.013528356 -0.112388156 0.964296222
1403636682.963555574 2.162020683 6.147998810 8.290830612 0.237487808 0.014473368 -0.114801370 0.964474320
1403636683.013555527 2.156696558 6.121502876 8.261500359 0.236154705 0.014781871 -0.117955588 0.964416444
1403636683.063555479 2.151576281 6.093688011 8.231937408 -0.235920891 -0.016000962 0.117831953 -0.964469314
1403636683.113555431 2.144044161 6.066102982 8.202348709 -0.236192599 -0.014784276 0.117689259 -0.964439690
1403636683.163555622 2.134593964 6.038362026 8.172758102 -0.237135351 -0.013738690 0.116000362 -0.964428306
1403636683.213555574 2.123353958 6.010507584 8.143120766 -0.238238931 -0.011594445 0.114398316 -0.964375854
1403636683.263555527 2.110901356 5.982683182 8.113403320 -0.239087880 -0.010529391 0.113340788 -0.964302897
1403636683.313555479 2.096985340 5.954863548 8.083549500 -0.240493000 -0.009555724 0.112045199 -0.964115024
1403636683.363555670 2.082030535 5.927232742 8.053833008 -0.241682544 -0.008698027 0.111011103 -0.963945329
1403636683.413555384 2.066147804 5.899984360 8.024076462 -0.242689669 -0.008144402 0.110607944 -0.963743448
1403636683.463555574 2.043665409 5.881408691 7.985022545 0.244111210 0.007330723 -0.109501079 0.963517308
1403636683.513555527 2.025814772 5.854854107 7.955703259 0.244579896 0.007312041 -0.109972715 0.963344812
1403636683.563555479 2.007351637 5.827967167 7.927330017 0.245408744 0.007209840 -0.109587617 0.963178694
1403636683.613555431 1.987786293 5.801780701 7.898714066 0.245770633 0.005618661 -0.110013992 0.963048398
1403636683.663555622 1.967426896 5.775814056 7.870288849 -0.246497929 -0.003180184 0.109919511 -0.962884367
1403636683.713555574 1.947132945 5.750031471 7.841767311 -0.246907383 -0.000414552 0.110303938 -0.962740719
1403636683.763555527 1.928019047 5.724195480 7.812899590 -0.247656286 0.002598006 0.109377526 -0.962650657
1403636683.813555479 1.905232310 5.705676079 7.773145199 0.247893780 -0.005462898 -0.110636547 0.962433636
1403636683.863555670 1.889336944 5.680500984 7.743267536 0.249454826 -0.008472227 -0.108848371 0.962212384
1403636683.913555384 1.874999762 5.655497551 7.713506699 -0.249424487 0.008500475 0.111308843 -0.961938441
1403636683.963555574 1.863274217 5.629944801 7.684218884 -0.250372827 0.008516254 0.110535003 -0.961781144
1403636684.013555527 1.854299068 5.604317188 7.654860973 -0.251448274 0.006821935 0.109903462 -0.961586475
1403636684.063555479 1.847918391 5.578384876 7.625739574 -0.252423614 0.004816638 0.109889142 -0.961344659
1403636684.113555431 1.843218923 5.553066254 7.595469952 -0.253384292 0.003210301 0.110226430 -0.961059928
1403636684.163555622 1.839406133 5.528029442 7.564882755 -0.254495084 0.002378615 0.110431306 -0.960745394
1403636684.213555574 1.837477684 5.503163815 7.533557892 0.255712986 -0.001116887 -0.110062301 0.960466564
1403636684.263555527 1.836974740 5.478428364 7.501931667 0.257136464 0.000152099 -0.109329298 0.960170865
1403636684.313555479 1.829666018 5.459679127 7.459832191 0.257975280 0.002564707 -0.109832384 0.959885001
1403636684.363555670 1.827401519 5.436294556 7.428046227 0.258940786 0.004336510 -0.109606996 0.959644318
1403636684.413555384 1.823495746 5.413444519 7.396698952 0.259727716 0.005573407 -0.109626532 0.959423006
1403636684.463555574 1.817723632 5.391103268 7.365850925 0.260726899 0.005775251 -0.108476795 0.959281504
1403636684.513555527 1.810376763 5.369233131 7.335370541 0.262514025 0.005605540 -0.105757773 0.959098756
1403636684.563555479 1.802038789 5.348180294 7.305244446 0.263494402 0.006454830 -0.104032733 0.959013164
1403636684.613555431 1.791955113 5.328080654 7.275429249 0.264600605 0.006482307 -0.102014624 0.958925188
1403636684.663555622 1.780479312 5.309008598 7.246008873 0.265304685 0.006881839 -0.101449452 0.958787799
1403636684.713555574 1.767490506 5.290934086 7.216910362 0.265779406 0.007614882 -0.100814231 0.958717823
1403636684.763555527 1.752873302 5.273926735 7.188019753 0.265814602 0.008228080 -0.101247422 0.958657384
1403636684.813555479 1.734588861 5.253890514 7.158193588 0.265842587 0.008646665 -0.101091966 0.958662331
1403636684.863555670 1.716468096 5.239195347 7.129799366 0.265521407 0.008408320 -0.102298751 0.958625436
1403636684.913555384 1.698464155 5.225282669 7.100564003 0.264291495 0.009967237 -0.105395392 0.958614886
1403636684.963555574 1.680146933 5.212434769 7.071252823 0.262088805 0.010072797 -0.111180447 0.958565056
1403636685.013555527 1.662419200 5.200446129 7.041159630 0.260199219 0.009938548 -0.114774734 0.958657682
1403636685.063555479 1.646186829 5.188203812 7.010705948 0.258791834 0.009588012 -0.117121756 0.958758295
1403636685.113555431 1.632053494 5.175880432 6.978947639 0.257696778 0.008065308 -0.118215248 0.958933055
1403636685.163555622 1.618931293 5.163761616 6.946053982 0.257033885 0.005347961 -0.117508985 0.959216714
1403636685.213555574 1.606972575 5.152113914 6.911908150 -0.254874736 -0.003595924 0.119993418 -0.959493399
1403636685.263555527 1.595921874 5.140383720 6.877096176 -0.252540082 -0.002080955 0.122615971 -0.959783554
1403636685.313555479 1.587272763 5.120191097 6.848515511 0.250110745 0.001159223 -0.124676161 0.960155785
1403636685.363555670 1.578920603 5.107293606 6.812965393 0.248558193 0.000916214 -0.125737056 0.960420907
1403636685.413555384 1.570578575 5.093849182 6.776911736 -0.247472197 -0.000994464 0.124887399 -0.960811973
1403636685.463555574 1.560628653 5.079967499 6.741337776 -0.247182399 -0.000137688 0.122840568 -0.961150944
1403636685.513555527 1.549281597 5.065698624 6.706274033 -0.247023582 0.000123794 0.120682970 -0.961465061
1403636685.563555479 1.536128044 5.051109314 6.671687126 -0.246701181 0.001127032 0.119335487 -0.961715281
1403636685.613555431 1.521627188 5.035983562 6.637525558 -0.246970668 0.001174241 0.116878189 -0.961947858
1403636685.663555622 1.505993247 5.020930767 6.603862762 -0.246139854 0.000299343 0.117346369 -0.962104499
1403636685.713555574 1.488853455 5.005423069 6.570781231 -0.245664746 -0.000945756 0.118023694 -0.962142646
1403636685.763555527 1.475299597 4.987342834 6.542495728 0.245134264 0.001533589 -0.118958749 0.962162077
1403636685.813555479 1.456319213 4.971422195 6.510397911 0.244175747 0.003455997 -0.121066220 0.962137938
1403636685.863555670 1.436113596 4.954957008 6.478146076 -0.243500620 -0.005210697 0.122813955 -0.962079585
1403636685.913555384 1.414643526 4.938089371 6.446066380 -0.243873075 -0.004660302 0.121796533 -0.962117374
1403636685.963555574 1.392260075 4.920929909 6.413942337 -0.245164186 -0.002972187 0.119036719 -0.962141395
1403636686.013555527 1.370083809 4.903732300 6.381381035 -0.246121034 -0.000570364 0.116546750 -0.962206304
1403636686.063555479 1.353639960 4.879533291 6.350577354 0.246939644 -0.003100196 -0.114049643 0.962291002
1403636686.113555431 1.334857225 4.862012863 6.317053795 0.247676194 -0.005308078 -0.112059377 0.962325871
1403636686.163555622 1.319110513 4.844075203 6.283435345 -0.247824311 0.005033561 0.111335993 -0.962373197
1403636686.213555574 1.304428816 4.826337814 6.249525070 -0.247774482 0.006220879 0.110518225 -0.962473333
1403636686.263555527 1.291111469 4.808607101 6.215611458 -0.247958720 0.007594154 0.109298296 -0.962555349
1403636686.313555479 1.279724836 4.790877819 6.181615829 -0.247846723 0.008926973 0.108640529 -0.962647200
1403636686.363555670 1.270207524 4.773212910 6.147716045 -0.248065710 0.010006730 0.107919566 -0.962661266
1403636686.413555384 1.261614919 4.755792141 6.114337921 -0.247567728 0.010935664 0.108412996 -0.962723970
1403636686.463555574 1.252258897 4.738546371 6.081843376 -0.247605145 0.012557234 0.108189270 -0.962719679
1403636686.513555527 1.243346810 4.724154949 6.053858280 0.248153493 -0.014209373 -0.107660569 0.962614834
1403636686.563555479 1.231849313 4.707315445 6.023868561 0.247897908 -0.014162524 -0.108294353 0.962610185
1403636686.613555431 1.218932271 4.691085339 5.994916916 -0.247888967 0.014298793 0.109925143 -0.962425649
1403636686.663555622 1.204691172 4.674643517 5.967077255 -0.247769073 0.014077024 0.110468723 -0.962397575
1403636686.713555574 1.189791560 4.657973289 5.940204620 -0.248067945 0.013703280 0.110327885 -0.962342143
1403636686.763555527 1.175108790 4.641247272 5.914050102 -0.248723745 0.012126319 0.109753646 -0.962259710
1403636686.813555479 1.161727667 4.624425888 5.888362408 -0.248934239 0.010290489 0.109497309 -0.962255836
1403636686.863555670 1.149913549 4.607598305 5.862842560 -0.249901921 0.009134180 0.108421296 -0.962138534
1403636686.913555384 1.140288353 4.590867996 5.837170124 -0.250677049 0.007971220 0.107264474 -0.962076843
1403636686.963555574 1.132057190 4.575620651 5.812850952 0.251257390 -0.007365548 -0.106557019 0.962008893
1403636687.013555527 1.126091838 4.559472084 5.787360191 0.251970589 -0.006365573 -0.106026873 0.961888075
1403636687.063555479 1.121768236 4.542818069 5.760893345 -0.252304524 0.006227623 0.104888856 -0.961926222
1403636687.113555431 1.119067669 4.526941299 5.734574795 -0.252627224 0.006235718 0.104854032 -0.961845279
1403636687.163555622 1.116469860 4.511333466 5.708441734 -0.252967030 0.005947600 0.105030827 -0.961738527
1403636687.213555574 1.113589764 4.496067047 5.682878017 0.252956420 -0.004422845 -0.105022378 0.961750448
1403636687.263555527 1.109313369 4.481314659 5.658200741 0.253128946 -0.003974175 -0.105478913 0.961657047
1403636687.313555479 1.103534341 4.467064381 5.634293556 0.253460348 -0.003185089 -0.105567344 0.961562932
1403636687.363555670 1.094983459 4.455634117 5.610687256 0.253443450 -0.001159897 -0.106223322 0.961499691
1403636687.413555384 1.086553216 4.442331314 5.588501453 0.253614962 0.000253793 -0.106955066 0.961374104
1403636687.463555574 1.076900840 4.429390907 5.566077232 0.253752053 0.001178704 -0.107203238 0.961309552
1403636687.513555527 1.065579057 4.416720390 5.544785023 0.253923148 0.001731277 -0.106985010 0.961287856
1403636687.563555479 1.052231431 4.404471397 5.524086952 0.254745662 0.001241761 -0.105817586 0.961200237
1403636687.613555431 1.037478447 4.392666817 5.503945351 0.255490750 0.002175979 -0.104741320 0.961118639
1403636687.663555622 1.020825863 4.381510735 5.484372616 0.256292284 0.002021575 -0.103959292 0.960990429
1403636687.713555574 1.002816081 4.371128082 5.465435028 0.257205725 0.003216233 -0.102504820 0.960899413
1403636687.763555527 0.983386815 4.362246037 5.446196556 0.257745951 0.002646251 -0.102123171 0.960797071
1403636687.813555479 0.962544680 4.352931499 5.428481102 0.257640481 0.002634129 -0.102991916 0.960732639
1403636687.863555670 0.940289438 4.344007492 5.410913944 0.257773876 0.002224831 -0.103084601 0.960687995
1403636687.913555384 0.916970730 4.335829258 5.394119740 0.257376015 0.002149562 -0.104494065 0.960642517
1403636687.963555574 0.892745733 4.328097343 5.377686501 0.256599784 0.002461650 -0.107162192 0.960555434
1403636688.013555527 0.869046628 4.321576595 5.361964703 0.255975276 0.003170682 -0.108981088 0.960515380
1403636688.063555479 0.843906939 4.314219475 5.345963478 0.254852772 0.003877418 -0.112870969 0.960362077
1403636688.113555431 0.820032716 4.307056904 5.329346657 0.253836066 0.004383592 -0.115514852 0.960314751
1403636688.163555622 0.797244191 4.299809456 5.311706543 0.253607184 0.004077462 -0.116519250 0.960255206
1403636688.213555574 0.776147962 4.292097092 5.293451309 0.253608972 0.003852986 -0.116512612 0.960256517
1403636688.263555527 0.755260944 4.285084248 5.276535511 0.254209548 0.004313550 -0.115117192 0.960264027
1403636688.313555479 0.736612201 4.276678562 5.256670475 0.255154967 0.002756987 -0.112827599 0.960290730
1403636688.363555670 0.718266964 4.268027306 5.236357212 0.256058037 0.001904592 -0.110654183 0.960305393
1403636688.413555384 0.699457109 4.259613037 5.216204166 0.256258845 0.000295532 -0.110374294 0.960285842
1403636688.463555574 0.680232406 4.251580238 5.196334839 0.255336046 0.000949553 -0.112127639 0.960328102
1403636688.513555527 0.660030723 4.246427059 5.177824974 0.254592478 0.000780096 -0.114856280 0.960203230
1403636688.563555479 0.638849258 4.238666058 5.158524036 0.252761036 0.001364524 -0.119335681 0.960140169
1403636688.613555431 0.616508126 4.230873585 5.139579296 -0.251243800 -0.001778308 0.124134183 -0.959929287
1403636688.663555622 0.593308270 4.222226620 5.120794296 -0.250578672 -0.002375079 0.127124488 -0.959710419
1403636688.713555574 0.569146276 4.213008404 5.102162361 -0.250547349 -0.002772863 0.128711268 -0.959505975
1403636688.763555527 0.547494709 4.206436157 5.080022335 0.250839859 0.001943167 -0.130719930 0.959160030
1403636688.813555479 0.523306489 4.195647240 5.060729980 0.252388775 0.001244974 -0.129303604 0.958946824
1403636688.863555670 0.500412345 4.183432102 5.040371418 -0.254246801 0.000029729 0.130549267 -0.958287835
1403636688.913555384 0.479134977 4.170224667 5.019209862 -0.257960230 0.001956152 0.129908651 -0.957379997
1403636688.963555574 0.459611118 4.156156540 4.997381687 -0.261695623 0.004438516 0.129024401 -0.956477106
1403636689.013555527 0.442043215 4.141331673 4.974939346 -0.265351206 0.006562873 0.128059238 -0.955587029
1403636689.063555479 0.427095175 4.124876022 4.956642628 0.269400835 -0.008665477 -0.126767486 0.954608917
1403636689.113555431 0.413407803 4.108842373 4.933555126 0.273366123 -0.010970099 -0.125212252 0.953662694
1403636689.163555622 0.401763856 4.092413902 4.910139561 -0.276987135 0.013572774 0.124271117 -0.952706993
1403636689.213555574 0.392093509 4.075994492 4.886183262 -0.279805720 0.015434176 0.124845035 -0.951779544
1403636689.263555527 0.384316802 4.059656143 4.861988544 0.282621622 -0.016806144 -0.124473259 0.950972676
1403636689.313555479 0.378779173 4.042943001 4.838230133 -0.284880072 0.018537378 0.124913827 -0.950208545
1403636689.363555670 0.373384535 4.025956631 4.816112518 0.286878020 -0.018375434 -0.125200123 0.949572682
1403636689.413555384 0.372607827 4.008472443 4.793068886 0.288446873 -0.018256722 -0.126214072 0.948965311
1403636689.463555574 0.373838663 3.990900517 4.769418716 0.290008873 -0.018053187 -0.125817806 0.948545694
1403636689.513555527 0.377221167 3.973492146 4.745541573 0.291029483 -0.018936312 -0.126140669 0.948172927
1403636689.563555479 0.381710649 3.956284046 4.721500874 0.292072594 -0.020884993 -0.125851780 0.947849572
1403636689.613555431 0.387547255 3.939543724 4.697155476 0.292627096 -0.023618639 -0.125599712 0.947647750
1403636689.663555622 0.393587023 3.922619343 4.673894405 -0.293471366 0.027311891 0.123744845 -0.947531462
1403636689.713555574 0.398336262 3.899955273 4.664373398 0.294349790 -0.032142628 -0.120903596 0.947474241
1403636689.763555527 0.402355790 3.882657528 4.645035744 -0.295053035 0.037987899 0.116847672 -0.947548032
1403636689.813555479 0.406172216 3.865195990 4.627726555 -0.295755446 0.041351106 0.113335155 -0.947614908
1403636689.863555670 0.410056472 3.847686529 4.612667084 -0.296397567 0.041834034 0.109484270 -0.947845757
1403636689.913555384 0.413888305 3.830286026 4.599907398 0.298189998 -0.041831162 -0.102640055 0.948049545
1403636689.963555574 0.419829428 3.810246944 4.595609665 0.298731118 -0.040525541 -0.098351225 0.948390424
1403636690.013555527 0.423754513 3.794158459 4.588125706 0.298245460 -0.038957488 -0.097378969 0.948709309
1403636690.063555479 0.427100152 3.778348207 4.583287239 0.297009587 -0.037870459 -0.098543920 0.949020743
1403636690.113555431 0.430018753 3.763786316 4.580656052 0.294597894 -0.038010575 -0.103555202 0.949233174
1403636690.163555622 0.433357030 3.749760628 4.580099106 -0.291726202 0.036995664 0.109442927 -0.949499607
1403636690.213555574 0.438194513 3.735787392 4.581027508 -0.289410144 0.036297772 0.114225775 -0.949671924
1403636690.263555527 0.445629776 3.721422195 4.583291531 -0.288215756 0.035320438 0.116228752 -0.949828982
1403636690.313555479 0.455052197 3.706696033 4.586935520 -0.287087470 0.033962585 0.118741028 -0.949909449
1403636690.363555670 0.466373801 3.691578865 4.591743946 -0.286025852 0.032911811 0.120242573 -0.950077772
1403636690.413555384 0.480117321 3.677537680 4.597264290 0.285627186 -0.032585118 -0.120932907 0.950121343
1403636690.463555574 0.492382675 3.661880493 4.604213238 0.286043942 -0.031646714 -0.119485259 0.950210869
1403636690.513555527 0.504038155 3.645958424 4.612164974 -0.287473798 0.030869158 0.115268975 -0.950325727
1403636690.563555479 0.514897168 3.630143642 4.621876240 0.288718969 -0.030264147 -0.111619867 0.950403333
1403636690.613555431 0.525086939 3.615387678 4.631392002 0.290738046 -0.032000635 -0.105327487 0.950449109
1403636690.663555622 0.534082413 3.600273132 4.644309521 0.292598337 -0.031935625 -0.099696569 0.950487733
1403636690.713555574 0.541438580 3.585765362 4.659295082 0.295884311 -0.030906612 -0.090479821 0.950426579
1403636690.763555527 0.547143638 3.575015068 4.673379898 0.299451202 -0.030449390 -0.079852298 0.950276554
1403636690.813555479 0.548099279 3.563606262 4.693413258 0.302255243 -0.028980305 -0.071710661 0.950083971
1403636690.863555670 0.547185898 3.554699421 4.715746403 0.304623932 -0.025060901 -0.065324508 0.949899495
1403636690.913555384 0.545428991 3.548182964 4.740048409 0.306684047 -0.019284913 -0.059947241 0.949725926
1403636690.963555574 0.544961929 3.544398308 4.765557766 0.309066713 -0.011748072 -0.053926226 0.949437618
1403636691.013555527 0.546351910 3.544039011 4.790934086 0.311170787 -0.002521475 -0.049141090 0.949079335
1403636691.063555479 0.551012516 3.547300816 4.817488194 0.312731475 0.006165991 -0.046342805 0.948690414
1403636691.113555431 0.555230081 3.555300236 4.842401028 0.313696414 0.012127433 -0.046406455 0.948311090
1403636691.163555622 0.564735413 3.567252159 4.867193699 0.313386321 0.020326724 -0.049423974 0.948120892
1403636691.213555574 0.575830340 3.582975149 4.891633034 0.311485440 0.027771655 -0.057320990 0.948113918
1403636691.263555527 0.588778794 3.603220940 4.913663864 0.308401734 0.034867641 -0.068403415 0.948152721
1403636691.313555479 0.601953268 3.627593040 4.933052540 0.305380374 0.038851313 -0.079338461 0.948123813
1403636691.363555670 0.614209712 3.654582500 4.949935913 0.302983016 0.039506290 -0.088677980 0.948038399
1403636691.413555384 0.628537118 3.683156013 4.965654373 0.302120447 0.033288788 -0.095095225 0.947930396
1403636691.463555574 0.642494619 3.714302540 4.977914810 0.301483989 0.024680408 -0.100305296 0.947859287
1403636691.513555527 0.660463810 3.745090246 4.990237713 0.301967323 0.016169541 -0.102601133 0.947643042
1403636691.563555479 0.681064963 3.776598454 5.001026154 0.302547634 0.011087188 -0.104425818 0.947331727
1403636691.613555431 0.703939378 3.808610439 5.010847092 0.302650064 0.006628349 -0.107785814 0.946964264
1403636691.663555622 0.728267550 3.841326714 5.020223141 0.301052690 0.004855233 -0.114239983 0.946727574
1403636691.713555574 0.752016366 3.874688148 5.029172421 0.299020410 0.002949622 -0.121649042 0.946456373
1403636691.763555527 0.771219730 3.911923885 5.033529282 0.297616065 0.003737095 -0.127178177 0.946169436
1403636691.813555479 0.791005790 3.945242643 5.041797638 0.297421485 0.002698340 -0.128759667 0.946020186
1403636691.863555670 0.809052348 3.978374481 5.050003529 0.298035979 0.001437201 -0.127812192 0.945958018
1403636691.913555384 0.824894130 4.011512756 5.058217049 0.298937619 0.001033022 -0.125181139 0.946025848
1403636691.963555574 0.840062141 4.044505119 5.066465855 0.300539464 0.004414862 -0.121269733 0.946018100
1403636692.013555527 0.852953732 4.079840183 5.073381424 0.301755846 0.008249954 -0.117888451 0.946032643
1403636692.063555479 0.866005957 4.113331795 5.081373215 0.302392304 0.008222030 -0.115658157 0.946104884
1403636692.113555431 0.879290581 4.147588253 5.088136673 0.301463395 0.007893398 -0.117346294 0.946196318
1403636692.163555622 0.894148707 4.181549072 5.094749451 0.299092054 0.009025291 -0.122430705 0.946294487
1403636692.213555574 0.910040617 4.215299606 5.100288391 0.297667056 0.008267021 -0.125546664 0.946342468
1403636692.263555527 0.926642537 4.248994827 5.104333401 0.296647042 0.007074703 -0.126979306 0.946481287
1403636692.313555479 0.945589662 4.282546997 5.106210232 0.296449542 0.005911541 -0.126288831 0.946643531
1403636692.363555670 0.965689898 4.316550732 5.106077671 0.296950400 0.004366432 -0.123762377 0.946828544
1403636692.413555384 0.987175941 4.350327492 5.105340958 0.296125978 0.002898104 -0.124144748 0.947042286
1403636692.463555574 1.010752797 4.383535862 5.103937149 0.294695675 0.002623697 -0.126707926 0.947149813
1403636692.513555527 1.044784307 4.416002750 5.100606918 0.292524844 0.003232342 -0.130898878 0.947250962
1403636692.563555479 1.069906235 4.448245525 5.097048283 0.291830361 0.003463537 -0.131107807 0.947435379
1403636692.613555431 1.096403122 4.479481697 5.092710972 0.291810095 0.002757177 -0.129868746 0.947614551
1403636692.663555622 1.123688936 4.510670185 5.087169170 0.291311920 0.002480789 -0.128805533 0.947913706
1403636692.713555574 1.150367022 4.541704178 5.081634998 0.289488077 0.000856909 -0.131686330 0.948079526
1403636692.763555527 1.175933838 4.572595596 5.076169968 0.285864502 -0.000535417 -0.139561430 0.948052645
1403636692.813555479 1.200177670 4.602639198 5.070836544 -0.281522036 0.002018787 0.148960352 -0.947919905
1403636692.863555670 1.223346949 4.631052017 5.065535069 -0.278567404 0.002702841 0.155734956 -0.947702229
1403636692.913555384 1.256850004 4.656774998 5.058425903 0.276330650 -0.004183465 -0.161201820 0.947437584
1403636692.963555574 1.278187037 4.680684090 5.052624702 0.276178330 -0.005553822 -0.161435574 0.947435081
1403636693.013555527 1.296823263 4.702012539 5.046992779 -0.277415663 0.007863577 0.158298150 -0.947586656
1403636693.063555479 1.315189719 4.721562862 5.041122437 -0.278974384 0.007737772 0.154234380 -0.947800219
1403636693.113555431 1.332297444 4.739249229 5.035416126 -0.280820638 0.006445925 0.150356859 -0.947887659
1403636693.163555622 1.347374678 4.755587101 5.029932976 -0.282727659 0.006090254 0.146355122 -0.947949529
1403636693.213555574 1.360529661 4.770911217 5.025092602 -0.283613682 0.008238427 0.144796103 -0.947907984
1403636693.263555527 1.372053742 4.785225868 5.020626545 -0.284619212 0.012363507 0.142802730 -0.947864175
1403636693.313555479 1.382065773 4.798786163 5.016544819 -0.285811573 0.017750619 0.140272111 -0.947797656
1403636693.363555670 1.391351461 4.811408520 5.013035297 -0.286889642 0.022571875 0.138240635 -0.947667897
1403636693.413555384 1.408241630 4.829556465 5.007840157 0.288229972 -0.027509203 -0.136449069 0.947390378
1403636693.463555574 1.416615367 4.840873241 5.006161690 0.289028376 -0.032442410 -0.135693669 0.947099507
1403636693.513555527 1.423907161 4.850679398 5.005704403 -0.289132744 0.039142158 0.134623542 -0.946967125
1403636693.563555479 1.431020975 4.859919071 5.006874084 -0.288976729 0.045765858 0.135185823 -0.946637630
1403636693.613555431 1.438305855 4.868071079 5.009694099 -0.288832396 0.050338805 0.136381730 -0.946277916
1403636693.663555622 1.445868373 4.874976158 5.014408588 -0.288730651 0.053076047 0.136918351 -0.946081877
1403636693.713555574 1.454036713 4.880373955 5.020953178 -0.289357901 0.051995870 0.136318237 -0.946036935
1403636693.763555527 1.462763429 4.884325027 5.029299259 -0.290441930 0.046380971 0.135488242 -0.946115851
1403636693.813555479 1.471212387 4.887273788 5.039402485 -0.291020095 0.040652189 0.135071710 -0.946261287
1403636693.863555670 1.479654789 4.889169216 5.051200867 -0.292195827 0.033659663 0.133477673 -0.946399748
1403636693.913555384 1.485671043 4.890824795 5.063097000 0.294040293 -0.025528183 -0.130158305 0.946545064
1403636693.963555574 1.492922306 4.891282558 5.076869011 -0.294812709 0.017557733 0.129300550 -0.946603715
1403636694.013555527 1.500386596 4.890983582 5.092079163 0.296657771 -0.009847198 -0.126290843 0.946545184
1403636694.063555479 1.506476045 4.890805244 5.107274055 0.297474265 -0.003735279 -0.125046864 0.946497977
1403636694.113555431 1.511742830 4.890945911 5.122252464 0.298303097 -0.000956749 -0.124288112 0.946344018
1403636694.163555622 1.517729878 4.891187668 5.136548996 0.298840165 0.002018704 -0.123781130 0.946239293
1403636694.213555574 1.524998188 4.891826630 5.149565220 0.299216628 0.003667581 -0.123374894 0.946168363
1403636694.263555527 1.532662868 4.892612934 5.161756039 0.299219459 0.003415369 -0.124451630 0.946027398
1403636694.313555479 1.541716456 4.893207550 5.173163891 0.299377680 0.001605286 -0.125111654 0.945895076
1403636694.363555670 1.551600933 4.894041061 5.183252335 0.299494892 -0.001425545 -0.124480940 0.945941508
1403636694.413555384 1.560543895 4.893555164 5.187141895 0.299131662 -0.004605148 -0.125543892 0.945905864
1403636694.463555574 1.570020199 4.894786358 5.196825504 0.298553973 -0.006812390 -0.126156718 0.945993483
1403636694.513555527 1.578910470 4.895998001 5.207285404 0.297830999 -0.008104436 -0.127524912 0.946027756
1403636694.563555479 1.586358786 4.896975040 5.217984676 0.297767133 -0.009170450 -0.127840996 0.945995450
1403636694.613555431 1.592461944 4.898001671 5.229213238 0.297271669 -0.009855938 -0.128124937 0.946106017
1403636694.663555622 1.597049952 4.898735523 5.241087437 0.296710461 -0.009913103 -0.128694624 0.946204245
1403636694.713555574 1.600524783 4.899353981 5.253220081 0.296401113 -0.008517475 -0.128922299 0.946283758
1403636694.763555527 1.602727771 4.899699211 5.265284538 0.296952128 -0.006821716 -0.126103818 0.946504474
1403636694.813555479 1.603543043 4.900111198 5.277438641 0.296506107 -0.004974397 -0.125250146 0.946769118
1403636694.863555670 1.602231026 4.900630951 5.289737701 0.298382103 -0.006919802 -0.119249716 0.946942389
1403636694.913555384 1.601229668 4.899145126 5.300614357 0.299104303 -0.008355454 -0.114317812 0.947311103
1403636694.963555574 1.599039197 4.900393963 5.313665867 0.300062627 -0.010266241 -0.109674402 0.947538197
1403636695.013555527 1.596008301 4.902960777 5.327469349 0.300318509 -0.011534283 -0.107745543 0.947663844
1403636695.063555479 1.593930602 4.906100750 5.341327190 0.298881143 -0.012394938 -0.109757408 0.947876394
1403636695.113555431 1.593603969 4.910095215 5.354593277 0.297116667 -0.011147292 -0.112553544 0.948118746
1403636695.163555622 1.594899774 4.914434433 5.367504597 0.295673966 -0.010931911 -0.114005007 0.948398829
1403636695.213555574 1.598539114 4.918834686 5.380202293 0.293657064 -0.009646813 -0.116705239 0.948710918
1403636695.263555527 1.604039907 4.923435688 5.392329693 0.291959196 -0.007954638 -0.119114608 0.948951185
1403636695.313555479 1.611271739 4.928311825 5.403614998 0.290500015 -0.006709949 -0.120680049 0.949210763
1403636695.363555670 1.620081067 4.932837009 5.414050579 0.289050549 -0.005658674 -0.121874310 0.949507535
1403636695.413555384 1.630512595 4.932751656 5.429112434 0.288281888 -0.005145712 -0.122166872 0.949706495
1403636695.463555574 1.640931845 4.937414646 5.438006401 0.287370354 -0.004093014 -0.122903027 0.949892879
1403636695.513555527 1.651122570 4.941998482 5.446692944 0.285967946 -0.002887128 -0.125128880 0.950029910
1403636695.563555479 1.660384774 4.946254730 5.455284119 0.285107583 -0.001484090 -0.125970140 0.950180531
1403636695.613555431 1.668074012 4.950605869 5.463862419 0.283813566 -0.000339103 -0.127761766 0.950329781
1403636695.663555622 1.674246192 4.954771042 5.472404003 0.282275736 0.000993165 -0.130178347 0.950459421
1403636695.713555574 1.678902030 4.958410263 5.480978012 0.281735063 0.001612206 -0.130370811 0.950592577
1403636695.763555527 1.681833982 4.961806297 5.489349365 0.282098562 0.000037972 -0.127368093 0.950893223
1403636695.813555479 1.684595108 4.961669922 5.508928299 0.282005072 -0.000384355 -0.127014324 0.950968206
1403636695.863555670 1.685184479 4.965043068 5.517101765 0.282005310 -0.000624179 -0.125938430 0.951111019
1403636695.913555384 1.684429169 4.968285561 5.525110722 0.281353086 -0.001636635 -0.126045123 0.951288819
1403636695.963555574 1.682368279 4.971365929 5.533042908 0.281369120 -0.004018224 -0.125057817 0.951407313
1403636696.013555527 1.679340720 4.974343300 5.541053772 0.281181514 -0.006711630 -0.123789914 0.951613367
1403636696.063555479 1.675498009 4.977118015 5.549335003 0.280269861 -0.010145998 -0.124636844 0.951741397
1403636696.113555431 1.671462536 4.979501247 5.558101654 -0.278513014 0.013217610 0.127305984 -0.951866090
1403636696.163555622 1.667387247 4.981304646 5.567154408 -0.276725709 0.013942279 0.130766273 -0.951907992
1403636696.213555574 1.662568688 4.982735157 5.576480865 -0.275395602 0.014858457 0.133129001 -0.951952338
1403636696.263555527 1.657864213 4.983062267 5.585969925 -0.274734944 0.011672232 0.134231463 -0.952032804
1403636696.313555479 1.653922915 4.977306366 5.609172821 0.275353372 -0.008294852 -0.132526204 0.952128470
1403636696.363555670 1.649562836 4.975841522 5.618988991 -0.276105076 0.000645060 0.129696429 -0.952336311
1403636696.413555384 1.645657778 4.974329948 5.626186371 0.277763814 0.006954246 -0.124887079 0.952471614
1403636696.463555574 1.641990304 4.972571850 5.633293629 0.279374510 0.010953106 -0.119713746 0.952627182
1403636696.513555527 1.639485598 4.971143723 5.639077663 0.279205054 0.012488239 -0.118810639 0.952771068
1403636696.563555479 1.637658477 4.970174789 5.643067360 0.279053032 0.011085934 -0.117463447 0.952999949
1403636696.613555431 1.636550546 4.969935417 5.644809246 0.278954268 0.010192120 -0.117419384 0.953044236
1403636696.663555622 1.636165380 4.970147133 5.645519257 0.278987586 0.008041759 -0.116115071 0.953214884
1403636696.713555574 1.636678100 4.970684052 5.645524979 0.279006690 0.007436449 -0.115885839 0.953242064
1403636696.763555527 1.636501908 4.971739769 5.645649910 0.278862029 0.005559575 -0.115948126 0.953289688
1403636696.813555479 1.635537744 4.967797756 5.659167767 0.278190315 0.005815480 -0.117047861 0.953350008
1403636696.863555670 1.633014441 4.969331264 5.659721375 0.277907372 0.004930605 -0.118046559 0.953314304
1403636696.913555384 1.628391743 4.971744061 5.658845901 0.277118146 0.005175019 -0.119906321 0.953310668
1403636696.963555574 1.623277545 4.973749161 5.658644676 0.274860680 0.007055245 -0.126097679 0.953153312
1403636697.013555527 1.617640615 4.975310802 5.658141136 0.272297263 0.008912012 -0.132837996 0.952957928
1403636697.063555479 1.612068176 4.976264000 5.656857491 0.269971281 0.010917728 -0.138915375 0.952732325
1403636697.113555431 1.607364058 4.976463318 5.654261589 -0.267015874 -0.012429213 0.146058068 -0.952478409
1403636697.163555622 1.603969336 4.975358486 5.649644852 -0.264854610 -0.014082941 0.151158109 -0.952263117
1403636697.213555574 1.602753878 4.972084999 5.642971992 -0.263686031 -0.015740082 0.153982759 -0.952108920
1403636697.263555527 1.602136374 4.967133999 5.634000778 -0.262855977 -0.016580574 0.154800415 -0.952191532
1403636697.313555479 1.605340123 4.961396694 5.620931625 0.263582557 0.013235347 -0.152422413 0.952426612
1403636697.363555670 1.606857061 4.952590942 5.607798100 0.265210927 0.009473261 -0.146693707 0.952918887
1403636697.413555384 1.609662056 4.942411423 5.593133450 -0.267344028 -0.004912116 0.140814841 -0.953244090
1403636697.463555574 1.614001989 4.930940628 5.577104568 -0.269145519 -0.000394858 0.136143759 -0.953428268
1403636697.513555527 1.621283174 4.917739868 5.557438374 -0.269699425 0.003358503 0.132798150 -0.953737676
1403636697.563555479 1.629597664 4.904850006 5.539389610 -0.268267840 0.005184188 0.130531356 -0.954446018
1403636697.613555431 1.638172388 4.891862869 5.521302700 -0.264530092 0.005050942 0.129588380 -0.955617726
1403636697.663555622 1.645475984 4.878848076 5.503767490 -0.258390814 0.004334049 0.128397927 -0.957459927
1403636697.713555574 1.651109457 4.866048813 5.486657619 -0.250504524 0.004638397 0.125156119 -0.959980190
1403636697.763555527 1.653937101 4.854251862 5.472061634 -0.240448549 0.005382192 0.122436985 -0.962893963
1403636697.813555479 1.653291345 4.853906155 5.446753025 0.230598509 -0.004819999 -0.118615083 0.965780318
1403636697.863555670 1.654321671 4.840790749 5.430469990 0.221110448 -0.004424977 -0.114596121 0.968482494
1403636697.913555384 1.654623628 4.825500965 5.414600849 -0.212349921 0.004613696 0.110750228 -0.970886528
1403636697.963555574 1.653345108 4.810235977 5.398921490 -0.204742759 0.004609167 0.106367290 -0.973008335
1403636698.013555527 1.650635958 4.794384956 5.383744240 -0.198191509 0.005150995 0.103059523 -0.974716544
1403636698.063555479 1.646975756 4.777990341 5.368898869 -0.192643076 0.004269199 0.100626729 -0.976086497
1403636698.113555431 1.641848803 4.760930061 5.354264736 -0.188167349 0.004862152 0.097735986 -0.977249801
1403636698.163555622 1.635352731 4.743477345 5.340280533 -0.184503332 0.005039467 0.095148429 -0.978202403
1403636698.213555574 1.627829075 4.725988388 5.326876163 -0.180795148 0.004506407 0.093057498 -0.979098141
1403636698.263555527 1.611362457 4.715524673 5.303077698 0.176443189 -0.004297572 -0.090320975 0.980148733
1403636698.313555479 1.601258159 4.698219776 5.290342331 0.169804364 -0.004284518 -0.088950261 0.981445909
1403636698.363555670 1.591147423 4.680855751 5.277995110 -0.162286669 0.003409320 0.086644053 -0.982926369
1403636698.413555384 1.579884410 4.663487911 5.265992641 -0.153539062 0.003940970 0.084132291 -0.984546661
1403636698.463555574 1.567683697 4.646253109 5.254475117 -0.144318163 0.004963164 0.080681942 -0.986224234
1403636698.513555527 1.554911137 4.628756523 5.243347645 -0.134016439 0.005248423 0.078287773 -0.987868011
1403636698.563555479 1.541781783 4.611051559 5.232628822 -0.123206384 0.005353129 0.074371703 -0.989575922
1403636698.613555431 1.527821898 4.593169689 5.222447395 -0.111908033 0.005524857 0.069962315 -0.991237342
1403636698.663555622 1.512790442 4.575210094 5.212625980 -0.100271299 0.006200100 0.064320013 -0.992859602
1403636698.713555574 1.492049456 4.556320190 5.191418171 0.088110365 -0.006069335 -0.058894757 0.994349658
1403636698.763555527 1.475002170 4.537322998 5.182731152 0.075159699 -0.006434357 -0.053227726 0.995729089
1403636698.813555479 1.457717538 4.518872261 5.174748898 -0.061647341 0.006813799 0.047649529 -0.996936738
1403636698.863555670 1.439461708 4.499730587 5.167263508 -0.048452523 0.007009918 0.040239576 -0.997990012
1403636698.913555384 1.422138810 4.480643272 5.154366493 0.034663193 -0.006416779 -0.034738388 0.998774588
1403636698.963555574 1.406336069 4.461046696 5.146938801 0.021423675 -0.006682598 -0.027924333 0.999358177
1403636699.013555527 1.391534328 4.441089153 5.137947083 -0.008621924 0.006177862 0.021668818 -0.999709010
1403636699.063555479 1.378949523 4.421015739 5.129912376 0.004121000 0.005707354 0.014916877 -0.999863982
1403636699.113555431 1.368229866 4.400857925 5.121190548 0.017053036 0.004532675 0.007893401 -0.999813199
1403636699.163555622 1.358973622 4.380935669 5.111914158 0.029119683 0.003469136 -0.002055911 -0.999567866
1403636699.213555574 1.351264238 4.361633778 5.101925373 0.042291235 0.003509948 -0.009946992 -0.999049723
1403636699.263555527 1.345153093 4.343117237 5.091722012 0.055895377 0.003249667 -0.018719194 -0.998255908
1403636699.313555479 1.340538621 4.325368881 5.081917286 0.069124997 0.004327843 -0.028175956 -0.997200668
1403636699.363555670 1.338268399 4.308650017 5.072498798 0.082537755 0.004579731 -0.035682928 -0.995938420
1403636699.413555384 1.338145137 4.295565128 5.055208206 -0.095341414 -0.005097930 0.044206377 0.994449556
1403636699.463555574 1.337698698 4.281476021 5.045769691 -0.107754834 -0.005558856 0.051250581 0.992840111
1403636699.513555527 1.336688399 4.267283440 5.037049770 0.120417438 0.005568672 -0.056727614 -0.991085589
1403636699.563555479 1.334968805 4.255111694 5.028896332 0.132526264 0.005221734 -0.063352607 -0.989139080
1403636699.613555431 1.332062244 4.244341373 5.021603107 0.144183829 0.004696769 -0.069740824 -0.987079203
1403636699.663555622 1.328064919 4.235281944 5.014958382 0.156107217 0.003825787 -0.076154731 -0.984792590
1403636699.713555574 1.323417664 4.228052616 5.008791924 0.168450311 0.002367139 -0.080624394 -0.982404590
1403636699.763555527 1.317924738 4.222532272 5.002879620 0.180478305 0.001768315 -0.081347838 -0.980207682
1403636699.813555479 1.311457038 4.218226433 4.997168541 0.191537470 0.000564963 -0.080153346 -0.978206813
1403636699.863555670 1.304436207 4.215136528 4.991496086 0.200445369 -0.001605801 -0.079125121 -0.976503134
1403636699.913555384 1.297718644 4.218416214 4.983726978 -0.206867263 0.003813984 0.078979827 0.975168526
1403636699.963555574 1.289614677 4.216889858 4.978214264 -0.211390063 0.006092255 0.080313437 0.974077523
1403636700.013555527 1.280940294 4.214476585 4.973667145 0.214765996 -0.006881439 -0.081655234 -0.973221838
1403636700.063555479 1.270930290 4.213231087 4.968677998 0.217063472 -0.007377070 -0.082492702 -0.972637713
1403636700.113555431 1.259983778 4.212299824 4.963402748 0.217946023 -0.008276281 -0.083996885 -0.972304285
1403636700.163555622 1.248139024 4.212464333 4.958206654 0.219387293 -0.008834930 -0.083935708 -0.971980453
1403636700.213555574 1.235550880 4.213385582 4.953575134 0.219714522 -0.009109178 -0.084238596 -0.971877813
1403636700.263555527 1.221660256 4.215220451 4.948736668 0.220280230 -0.008870690 -0.085105196 -0.971676409
1403636700.313555479 1.205885887 4.218221664 4.944079876 0.221922949 -0.007449070 -0.087040879 -0.971143007
1403636700.363555670 1.188498855 4.222548485 4.940047264 0.224036366 -0.006208911 -0.090732723 -0.970328152
1403636700.413555384 1.170015335 4.234475136 4.941007137 -0.227456719 0.005716093 0.094227582 0.969201744
1403636700.463555574 1.150437593 4.241798401 4.937554359 -0.232791662 0.007187990 0.094740659 0.967874289
1403636700.513555527 1.129400253 4.249069691 4.933679581 0.237525836 -0.009794332 -0.094492927 -0.966724694
1403636700.563555479 1.107927322 4.257794857 4.930045605 0.242928877 -0.012004756 -0.093070030 -0.965494454
1403636700.613555431 1.086125612 4.267398834 4.925935268 0.249283209 -0.014866293 -0.091876842 -0.963947892
1403636700.663555622 1.063371897 4.277924061 4.921424866 0.256985724 -0.016164497 -0.090399206 -0.962042093
1403636700.713555574 1.040468812 4.288768768 4.916671753 0.263922662 -0.017546861 -0.090909794 -0.960089743
1403636700.763555527 1.018950701 4.299581051 4.911152840 0.269870639 -0.018567462 -0.090668581 -0.958438516
1403636700.813555479 0.998857975 4.310277939 4.904882908 0.274711937 -0.017948486 -0.090892330 -0.957052708
1403636700.863555670 0.980219066 4.320888519 4.897841454 0.278168529 -0.015284112 -0.092268310 -0.955968320
1403636700.913555384 0.963900805 4.334200859 4.894889355 -0.280860603 0.012744899 0.093229964 0.955124676
1403636700.963555574 0.949311912 4.344621181 4.887012482 -0.282730013 0.009060199 0.094310105 0.954508960
1403636701.013555527 0.935825825 4.354676247 4.877446175 0.283628434 -0.006087151 -0.095667988 -0.954130769
1403636701.063555479 0.924366832 4.364949703 4.868003845 0.283841133 -0.001219159 -0.096758954 -0.953976154
1403636701.113555431 0.915010333 4.375328064 4.858103275 0.283364475 0.003677494 -0.098280042 -0.953956068
1403636701.163555622 0.908705831 4.386249542 4.848279953 0.283050954 0.006027018 -0.097275607 -0.954140127
1403636701.213555574 0.900988936 4.400488377 4.828011513 -0.281685829 -0.008358218 0.096926719 0.954561889
1403636701.263555527 0.900030136 4.412508965 4.818124771 -0.280505538 -0.008987983 0.096722253 0.954924464
1403636701.313555479 0.900627553 4.424726486 4.808532715 0.279322356 0.010536951 -0.095844902 -0.955343843
1403636701.363555670 0.902828336 4.437451363 4.799243450 0.278030545 0.009767545 -0.095735088 -0.955739796
1403636701.413555384 0.905955851 4.450751781 4.790519714 0.277089924 0.008381240 -0.093653649 -0.956232131
1403636701.463555574 0.909731746 4.464413166 4.782672882 0.275649786 0.005610783 -0.091919072 -0.956836820
1403636701.513555527 0.914052606 4.478556156 4.775364876 0.274787664 0.001344854 -0.089437783 -0.957335293
1403636701.563555479 0.918271899 4.492840290 4.768557549 0.273487896 -0.002677085 -0.087334193 -0.957898796
1403636701.613555431 0.922063828 4.507380962 4.762353420 0.272080779 -0.005051979 -0.085546061 -0.958451092
1403636701.663555622 0.929401755 4.519006252 4.768215179 0.271596104 -0.006538223 -0.083037645 -0.958800137
1403636701.713555574 0.924760818 4.529716492 4.756906033 -0.271475226 0.008860596 0.082381941 0.958872259
1403636701.763555527 0.926638007 4.544338703 4.751610756 -0.272532463 0.009508448 0.083369859 0.958480656
1403636701.813555479 0.926879406 4.558886051 4.746415138 0.275247455 -0.009229918 -0.085771509 -0.957495153
1403636701.863555670 0.925487101 4.573992252 4.741417408 0.280497432 -0.008776991 -0.087220088 -0.955843568
1403636701.913555384 0.922374904 4.589206219 4.736935139 0.285981089 -0.008240598 -0.091426522 -0.953828156
1403636701.963555574 0.918226540 4.604557037 4.732558250 0.293065250 -0.008746269 -0.094616480 -0.951359034
1403636702.013555527 0.912786663 4.619929790 4.728383541 0.301038235 -0.008712717 -0.098634489 -0.948457360
1403636702.063555479 0.906004906 4.635226727 4.724305153 0.309985071 -0.009445343 -0.102996215 -0.945098877
1403636702.113555431 0.889793634 4.655747890 4.715911865 -0.319088727 0.011209659 0.107911669 0.941494524
1403636702.163555622 0.880300522 4.671550274 4.712222099 -0.329751551 0.012611406 0.111998245 0.937316000
1403636702.213555574 0.869281948 4.687283993 4.707791805 0.339371145 -0.012724710 -0.115864158 -0.933402836
1403636702.263555527 0.857176185 4.703001499 4.704427719 0.347464025 -0.011824052 -0.119132750 -0.930019498
1403636702.313555479 0.843884766 4.718681812 4.701291084 0.354604781 -0.009298332 -0.121805750 -0.927001834
1403636702.363555670 0.829982698 4.734556198 4.698819637 0.360654533 -0.006799353 -0.123398185 -0.924475551
1403636702.413555384 0.809634387 4.751145363 4.701115131 -0.366526842 0.004457552 0.123084970 0.922219336
1403636702.463555574 0.794077516 4.767435551 4.700107574 -0.371185541 0.001463366 0.124160230 0.920219243
1403636702.513555527 0.777320504 4.784094810 4.700277805 0.375278682 0.000375105 -0.123742789 -0.918615043
1403636702.563555479 0.760018885 4.800708771 4.701496124 0.378103167 0.001749161 -0.123815857 -0.917444646
1403636702.613555431 0.741715610 4.817570210 4.703897476 0.380433828 0.004193448 -0.124203958 -0.916420162
1403636702.663555622 0.722669303 4.834613323 4.707524300 0.382022142 0.006873959 -0.124451250 -0.915709436
1403636702.713555574 0.698818922 4.854019165 4.717373848 -0.383414209 -0.008412699 0.123747498 0.915210068
1403636702.763555527 0.678466439 4.871103764 4.723774910 -0.383630335 -0.009100534 0.124875620 0.914959610
1403636702.813555479 0.657291949 4.887955189 4.732190132 0.384081692 0.011661993 -0.124253206 -0.914825857
1403636702.863555670 0.636197150 4.905512333 4.741765022 0.384014130 0.013089559 -0.124331355 -0.914824367
1403636702.913555384 0.616160631 4.923270226 4.752458096 0.383556068 0.014089426 -0.125191242 -0.914884388
1403636702.963555574 0.598383009 4.941308975 4.763725281 0.383153319 0.013774930 -0.124909103 -0.915096521
1403636703.013555527 0.582562208 4.959764004 4.775505543 0.382170856 0.011205494 -0.126319692 -0.915348709
1403636703.063555479 0.567426443 4.979487419 4.784429550 -0.381579220 -0.008231740 0.126494765 0.915602863
1403636703.113555431 0.556001365 4.998673439 4.796684265 -0.380235732 -0.003336916 0.128817812 0.915868819
1403636703.163555622 0.547224581 5.017002583 4.808324814 0.378611594 -0.004614575 -0.131278768 -0.916186631
1403636703.213555574 0.540131330 5.035930157 4.819799423 0.376506090 -0.010155737 -0.134544060 -0.916535854
1403636703.263555527 0.534655035 5.055604935 4.831027031 0.374532968 -0.016315242 -0.138889715 -0.916607082
1403636703.313555479 0.530466735 5.075568199 4.840950012 0.372728944 -0.021472964 -0.142280623 -0.916716039
1403636703.363555670 0.527487218 5.095802307 4.849223137 0.372396290 -0.023990110 -0.142037809 -0.916826487
1403636703.413555384 0.525699437 5.116755486 4.855745316 0.373752773 -0.023748059 -0.138281897 -0.916854978
1403636703.463555574 0.524758101 5.138115406 4.860539436 0.375584394 -0.020254334 -0.133179858 -0.916945577
1403636703.513555527 0.524920225 5.159659386 4.864047050 0.377489418 -0.015747111 -0.127521604 -0.917056203
1403636703.563555479 0.528886676 5.185655594 4.862479210 -0.378700942 0.012263911 0.123322874 0.917184174
1403636703.613555431 0.532021105 5.207124233 4.864230156 -0.378830224 0.008559708 0.122023910 0.917346537
1403636703.663555622 0.535666406 5.228088379 4.866990089 0.378606230 -0.006269461 -0.121559165 -0.917519152
1403636703.713555574 0.538876593 5.249050140 4.869318962 0.378251493 -0.005029073 -0.121367484 -0.917698503
1403636703.763555527 0.541584909 5.269868851 4.872152328 0.377478153 -0.006393673 -0.121558733 -0.917982996
1403636703.813555479 0.542876065 5.290500164 4.875628948 0.376492321 -0.008676993 -0.122415632 -0.918255210
1403636703.863555670 0.543134511 5.310916424 4.879553795 0.375285864 -0.011718657 -0.123597473 -0.918556988
1403636703.913555384 0.542327344 5.331090927 4.883820057 0.373734325 -0.014469936 -0.124897644 -0.918974400
1403636703.963555574 0.540447116 5.351127625 4.888006687 0.372976869 -0.015708599 -0.125119448 -0.919231534
1403636704.013555527 0.537513614 5.370986462 4.891956806 0.371336818 -0.017389625 -0.126812577 -0.919633210
1403636704.063555479 0.531581163 5.391142845 4.893694878 -0.369960040 0.018620037 0.127616808 0.920052648
1403636704.113555431 0.525986314 5.411226273 4.897324562 -0.368962526 0.017115660 0.128105596 0.920414448
1403636704.163555622 0.518961966 5.430776119 4.901682854 0.368261933 -0.014043844 -0.128013045 -0.920759797
1403636704.213555574 0.510886788 5.450853348 4.905857563 0.367801875 -0.010025406 -0.127527252 -0.921063602
1403636704.263555527 0.503456831 5.472335339 4.911749840 -0.367549717 0.005984660 0.126995802 0.921272814
1403636704.313555479 0.496084571 5.493204594 4.915925980 -0.367599845 0.003016982 0.125547022 0.921465755
1403636704.363555670 0.490733087 5.515064240 4.919845581 0.367739826 -0.000239879 -0.124100916 -0.921610773
1403636704.413555384 0.487384856 5.537010193 4.923782825 0.367080659 0.001242519 -0.124520771 -0.921816051
1403636704.463555574 0.486369610 5.558740139 4.926973343 0.367182344 0.004078188 -0.123253204 -0.921937764
1403636704.513555527 0.487456262 5.580804348 4.930319786 0.367306322 0.007045266 -0.122192279 -0.922011673
1403636704.563555479 0.490581870 5.603027344 4.933909893 0.366967827 0.009344189 -0.122765146 -0.922049940
1403636704.613555431 0.494433105 5.625730991 4.938275337 0.366715848 0.011556176 -0.122583427 -0.922149301
1403636704.663555622 0.499503314 5.649182320 4.947698593 -0.366869777 -0.013594062 0.122575633 0.922061324
1403636704.713555574 0.501482964 5.672799587 4.954797745 -0.366665810 -0.018370347 0.122321971 0.922093332
1403636704.763555527 0.502758801 5.696432590 4.963107109 0.366224825 0.021327164 -0.122085787 -0.922236204
1403636704.813555479 0.502582967 5.721101761 4.973534584 0.365246117 0.024606735 -0.123487987 -0.922356009
1403636704.863555670 0.501517177 5.746425629 4.986052513 0.364184529 0.028039925 -0.124826290 -0.922497630
1403636704.913555384 0.499938786 5.772642136 5.000500202 0.362842500 0.030638017 -0.126020923 -0.922781289
1403636704.963555574 0.497741997 5.800023556 5.016849518 0.362222195 0.033687752 -0.126201674 -0.922894001
1403636705.013555527 0.495155931 5.828377247 5.035049438 0.361747384 0.035852246 -0.125920027 -0.923037171
1403636705.063555479 0.493006825 5.857971191 5.055436611 0.361841261 0.036911514 -0.124091722 -0.923206270
1403636705.113555431 0.488692224 5.888798237 5.077884197 -0.362065911 -0.032286443 0.122061335 0.923562109
1403636705.163555622 0.488462448 5.920187950 5.102047920 -0.362893611 -0.024285600 0.118142232 0.923991799
1403636705.213555574 0.489687741 5.952596664 5.126559258 0.363973409 0.016107600 -0.113581203 -0.924317718
1403636705.263555527 0.492929220 5.985096455 5.152417183 0.364707708 0.009758695 -0.109715544 -0.924583972
1403636705.313555479 0.498134971 6.017191887 5.178574085 0.364995509 0.005496348 -0.107858136 -0.924724162
1403636705.363555670 0.504253328 6.048782349 5.205019951 0.365043640 0.002521949 -0.106870748 -0.924832702
1403636705.413555384 0.511383593 6.080105305 5.231965065 0.364713967 0.004117792 -0.107603893 -0.924871981
1403636705.463555574 0.519006491 6.111019135 5.259491920 0.364372939 0.006044608 -0.109192103 -0.924809635
1403636705.513555527 0.526565909 6.136762142 5.286136150 -0.364319295 -0.009414556 0.111139558 0.924570680
1403636705.563555479 0.532859564 6.167232037 5.316091537 -0.364121169 -0.012881832 0.111957535 0.924508154
1403636705.613555431 0.537728369 6.197773457 5.346875191 0.363873988 0.014052955 -0.113256983 -0.924430192
1403636705.663555622 0.541659892 6.228590965 5.379188538 0.364134640 0.015495938 -0.113714941 -0.924248219
1403636705.713555574 0.545513809 6.260057449 5.412909508 0.364325881 0.013323617 -0.113451943 -0.924239099
1403636705.763555527 0.548905790 6.291845798 5.447868347 0.364407450 0.010321649 -0.113615274 -0.924225211
1403636705.813555479 0.552763343 6.323478699 5.483580589 0.363778889 0.006224407 -0.114602014 -0.924387693
1403636705.863555670 0.557938337 6.355358601 5.519525528 0.363318056 0.001250880 -0.115011409 -0.924538195
1403636705.913555384 0.565212548 6.380946636 5.552096844 -0.362313062 0.004394878 0.117716357 0.924582541
1403636705.963555574 0.574120820 6.412661552 5.587269783 -0.360711038 0.009716391 0.120807476 0.924769521
1403636706.013555527 0.585713208 6.444290638 5.621587276 0.357982159 -0.015214207 -0.125987262 -0.925064623
1403636706.063555479 0.598258615 6.475499153 5.654144287 0.355037212 -0.019611008 -0.131537169 -0.925344288
1403636706.113555431 0.611689448 6.507789612 5.685860157 0.352999717 -0.024376048 -0.135216266 -0.925480247
1403636706.163555622 0.617718995 6.535606384 5.713030815 -0.353423655 0.025435327 0.132391021 0.925698400
1403636706.213555574 0.628036857 6.568813324 5.742835999 -0.355026841 0.023752797 0.126141965 0.926002145
1403636706.263555527 0.635549545 6.601637363 5.772019386 0.356308818 -0.020794271 -0.121122062 -0.926251113
1403636706.313555479 0.641254723 6.634526253 5.801465034 0.358128071 -0.016639816 -0.114403576 -0.926487625
1403636706.363555670 0.644708455 6.666999817 5.831116676 0.359101206 -0.012237164 -0.110190950 -0.926690161
1403636706.413555384 0.646838784 6.699069023 5.860903740 0.359990805 -0.008387355 -0.106527679 -0.926816165
1403636706.463555574 0.640725255 6.724914074 5.886701584 -0.360388279 0.004837329 0.104247041 0.926946342
1403636706.513555527 0.643982947 6.756255627 5.916668892 -0.360806704 0.002357928 0.102500774 0.926987946
1403636706.563555479 0.647955716 6.786165714 5.945473671 0.361305118 0.000001222 -0.101814374 -0.926872432
1403636706.613555431 0.654482424 6.815659523 5.974316597 0.361073166 0.000956520 -0.101976298 -0.926944494
1403636706.663555622 0.662025750 6.844690800 6.003206253 0.361557126 0.002578694 -0.101926193 -0.926758230
1403636706.713555574 0.671909392 6.874177933 6.033001423 0.361609429 0.004936393 -0.102605179 -0.926653385
1403636706.763555527 0.684285641 6.903107166 6.062750816 0.361291617 0.007082328 -0.105119392 -0.926481605
1403636706.813555479 0.697285473 6.931634903 6.092559814 0.361774504 0.010091809 -0.106003433 -0.926164508
1403636706.863555670 0.711233854 6.959919930 6.122648716 0.362419277 0.011945150 -0.107112817 -0.925762653
1403636706.913555384 0.726189852 6.987945080 6.153209686 0.362844318 0.012180582 -0.108608902 -0.925418735
1403636706.963555574 0.736921012 7.011487961 6.178818703 -0.364053726 -0.011731097 0.108460240 0.924966872
1403636707.013555527 0.753911257 7.039567947 6.210568428 -0.365177751 -0.008946835 0.108369000 0.924565554
1403636707.063555479 0.771586001 7.067337036 6.242748260 0.366791427 0.006517182 -0.107118621 -0.924092650
1403636707.113555431 0.789162934 7.094937325 6.275449753 0.368201762 0.004137105 -0.106890358 -0.923571825
1403636707.163555622 0.806606889 7.122172832 6.308707237 0.369601279 0.003774484 -0.107220516 -0.922975898
1403636707.213555574 0.824313819 7.149129391 6.342264175 0.371310055 0.004251251 -0.107786998 -0.922221720
1403636707.263555527 0.843300045 7.175837994 6.376012325 0.372874826 0.004707028 -0.108029395 -0.921559453
1403636707.313555479 0.864071131 7.201957226 6.409704208 0.374491811 0.006111322 -0.107763261 -0.920926511
1403636707.363555670 0.886792600 7.227603912 6.443513393 0.375607640 0.006872036 -0.108291976 -0.920404613
1403636707.413555384 0.909572899 7.250212193 6.472700596 -0.376308531 -0.007529530 0.109225780 0.920002699
1403636707.463555574 0.936903775 7.275213242 6.506953239 -0.377022684 -0.008637872 0.109045655 0.919721901
1403636707.513555527 0.966164649 7.299429893 6.541031837 0.377091974 0.008471445 -0.110530987 -0.919517756
1403636707.563555479 0.997084677 7.323392391 6.575523376 0.376993626 0.008036465 -0.112138882 -0.919367254
1403636707.613555431 1.027323365 7.347103596 6.610782623 0.376454264 0.008484017 -0.114815637 -0.919253886
1403636707.663555622 1.055870056 7.370899200 6.647455215 0.373967528 0.007200254 -0.121723525 -0.919391036
1403636707.713555574 1.081924677 7.395214081 6.685120106 0.372394592 0.006298229 -0.125682965 -0.919503391
1403636707.763555527 1.105153322 7.420192242 6.724047661 0.370764285 0.005772480 -0.129310817 -0.919662595
1403636707.813555479 1.125012875 7.444744110 6.758999825 -0.370060384 -0.004329063 0.130719110 0.919754982
1403636707.863555670 1.143202782 7.471065521 6.800068855 -0.369248033 -0.002543131 0.130860522 0.920067906
1403636707.913555384 1.158615828 7.497876167 6.841509819 0.368469894 0.000248113 -0.130456075 -0.920440733
1403636707.963555574 1.171847343 7.525464058 6.884042740 0.367983669 -0.000931791 -0.128684253 -0.920884132
1403636708.013555527 1.183025241 7.553786755 6.927573204 0.367565274 -0.001876521 -0.126359612 -0.921371520
1403636708.063555479 1.192276955 7.582453251 6.971686363 0.367313415 -0.002435484 -0.123351611 -0.921878159
1403636708.113555431 1.200555563 7.611462116 7.016241074 0.366978317 -0.003584273 -0.120044962 -0.922444224
1403636708.163555622 1.207681894 7.640526295 7.061216354 0.366740912 -0.004471872 -0.117039770 -0.922920823
1403636708.213555574 1.213060856 7.667635441 7.102318287 -0.365356237 0.006252542 0.117167376 0.923443317
1403636708.263555527 1.217504144 7.696774483 7.147915363 -0.363762677 0.009097423 0.119088985 0.923802912
1403636708.313555479 1.221121073 7.725674629 7.193091393 0.361337513 -0.013971996 -0.123476230 -0.924117804
1403636708.363555670 1.224245071 7.754748344 7.237863541 0.358233720 -0.019032540 -0.130246669 -0.924306333
1403636708.413555384 1.227885485 7.784101009 7.280951500 0.355953187 -0.023168281 -0.135219917 -0.924378812
1403636708.463555574 1.232885003 7.814804077 7.322970390 0.354217350 -0.026524892 -0.138752148 -0.924431920
1403636708.513555527 1.241018176 7.841320992 7.358160496 -0.353704691 0.028330490 0.140005916 0.924385667
1403636708.563555479 1.249176741 7.874351501 7.396323204 -0.354075521 0.029648412 0.138599947 0.924414217
1403636708.613555431 1.258377075 7.908774853 7.432197094 0.356250584 -0.029095264 -0.133909181 -0.924287558
1403636708.663555622 1.266496778 7.943198681 7.466740131 0.359146744 -0.025953531 -0.127515256 -0.924164474
1403636708.713555574 1.273816586 7.977794647 7.500517845 0.362853616 -0.024462603 -0.119480714 -0.923830748
1403636708.763555527 1.279332161 8.012007713 7.533928871 0.366293788 -0.021712342 -0.112051539 -0.923472822
1403636708.813555479 1.283475161 8.045543671 7.567043304 0.369808644 -0.020939710 -0.104799345 -0.922941148
1403636708.863555670 1.289827824 8.069239616 7.597440720 -0.372223586 0.019373761 0.102179386 0.922298014
1403636708.913555384 1.292545557 8.100416183 7.630235672 -0.374754906 0.020351827 0.099697575 0.921523213
1403636708.963555574 1.296337247 8.129240036 7.661696434 0.377507359 -0.020732321 -0.097686455 -0.920606256
1403636709.013555527 1.301775455 8.156798363 7.692756653 0.378988266 -0.023361480 -0.097440086 -0.919960678
1403636709.063555479 1.308406472 8.182439804 7.722599030 0.381833106 -0.024300583 -0.094572738 -0.919058740
1403636709.113555431 1.316058874 8.206115723 7.751857281 0.383304417 -0.025550596 -0.095064245 -0.918361425
1403636709.163555622 1.335005760 8.222992897 7.786260605 -0.385823131 0.023567233 0.095388643 0.917325616
1403636709.213555574 1.345307350 8.242914200 7.813830376 -0.386681676 0.021035789 0.097682349 0.916783988
1403636709.263555527 1.356510401 8.260416985 7.840447426 0.387662888 -0.017033812 -0.098403223 -0.916375577
1403636709.313555479 1.368827820 8.276672363 7.866983414 0.387811273 -0.013834451 -0.100285552 -0.916162550
1403636709.363555670 1.380924702 8.291527748 7.893671513 0.387635320 -0.010978349 -0.102113329 -0.916073799
1403636709.413555384 1.392114520 8.305178642 7.920621395 0.388639808 -0.008483260 -0.100784928 -0.915821850
1403636709.463555574 1.401464105 8.317671776 7.948637962 0.388262480 -0.008145154 -0.101900391 -0.915861487
1403636709.513555527 1.408929229 8.329195976 7.977587700 0.388724744 -0.006496818 -0.100983091 -0.915780246
1403636709.563555479 1.414981484 8.339575768 8.007575035 0.388370156 -0.005650543 -0.101650521 -0.915862381
1403636709.613555431 1.419916868 8.349155426 8.038331985 0.388241947 -0.003985481 -0.101963699 -0.915890753
1403636709.663555622 1.436635733 8.365467072 8.075389862 -0.388046145 0.002647797 0.102433421 0.915926158
1403636709.713555574 1.441087961 8.373800278 8.107513428 -0.387617618 0.001953462 0.101788186 0.916181207
1403636709.763555527 1.444241881 8.380189896 8.140316010 0.386324167 -0.001894678 -0.102694973 -0.916626334
1403636709.813555479 1.448538542 8.385860443 8.173310280 0.385983109 -0.001911719 -0.101181574 -0.916938245
1403636709.863555670 1.454010487 8.390354156 8.206473351 0.384901136 -0.002748190 -0.101974174 -0.917303085
1403636709.913555384 1.461631775 8.394134521 8.239502907 0.384688288 -0.003073048 -0.100740008 -0.917527676
1403636709.963555574 1.470922709 8.396686554 8.272204399 0.384050846 -0.003833183 -0.099842377 -0.917889833
1403636710.013555527 1.481731534 8.398259163 8.304630280 0.383008212 -0.004391970 -0.100223124 -0.918281436
1403636710.063555479 1.502888441 8.413315773 8.347539902 -0.382177949 0.004659710 0.099710040 0.918681860
1403636710.113555431 1.515024900 8.413330078 8.380720139 -0.381248087 0.005574247 0.098921329 0.919148207
1403636710.163555622 1.525995851 8.412961006 8.414911270 0.380383015 -0.005775368 -0.098011941 -0.919602633
1403636710.213555574 1.535007954 8.411670685 8.450147629 0.379304826 -0.006339352 -0.097156234 -0.920135021
1403636710.263555527 1.541678429 8.409384727 8.486523628 0.377380878 -0.007635246 -0.098146647 -0.920810878
1403636710.313555479 1.546464443 8.406102180 8.523763657 0.373952031 -0.011438195 -0.102803856 -0.921661794
1403636710.363555670 1.549724340 8.402083397 8.561663628 0.369226247 -0.014861041 -0.109335534 -0.922765911
1403636710.413555384 1.552100658 8.397551537 8.600034714 0.363545507 -0.017865114 -0.114408307 -0.924351811
1403636710.463555574 1.554957509 8.403985977 8.648407936 -0.356870353 0.019350788 0.118706256 0.926379025
1403636710.513555527 1.555442691 8.399509430 8.687108994 -0.349568665 0.021279117 0.121829934 0.928712249
1403636710.563555479 1.555025339 8.395457268 8.725132942 0.342625320 -0.022404078 -0.122961670 -0.931121111
1403636710.613555431 1.553615928 8.391862869 8.762523651 0.336302966 -0.023624564 -0.122648291 -0.933434308
1403636710.663555622 1.551236153 8.388770103 8.799367905 0.329373956 -0.024105169 -0.121022992 -0.936101019
1403636710.713555574 1.548244357 8.386372566 8.835363388 0.322769612 -0.024363836 -0.117068604 -0.938893557
1403636710.763555527 1.541943312 8.389437675 8.876534462 -0.315390348 0.024470208 0.112746499 0.941922784
1403636710.813555479 1.540920734 8.388123512 8.909768105 -0.308867484 0.023312833 0.104071133 0.945106745
1403636710.863555670 1.541026592 8.387043953 8.941736221 0.301591694 -0.020970922 -0.095500663 -0.948410451
1403636710.913555384 1.542518139 8.385810852 8.972502708 0.294155985 -0.018547568 -0.087486118 -0.951564193
1403636710.963555574 1.545633793 8.384591103 9.001941681 0.287504226 -0.017130960 -0.079823911 -0.954293489
1403636711.013555527 1.545214653 8.383844376 9.034202576 -0.282268137 0.013356248 0.070689872 0.956634402
1403636711.063555479 1.550799966 8.381714821 9.061541557 -0.276801616 0.012776975 0.066403672 0.958544850
1403636711.113555431 1.556996346 8.379523277 9.087925911 0.273073524 -0.011661147 -0.060509417 -0.960017502
1403636711.163555622 1.564139724 8.376111984 9.113814354 0.269829929 -0.011955756 -0.056809328 -0.961156368
1403636711.213555574 1.571346879 8.371760368 9.139655113 0.267253011 -0.012092791 -0.054071169 -0.962032199
1403636711.263555527 1.578474998 8.366067886 9.164739609 0.265260339 -0.012251046 -0.052425276 -0.962672591
1403636711.313555479 1.586353064 8.358952522 9.189317703 0.262628376 -0.014069119 -0.053754274 -0.963295877
1403636711.363555670 1.594484925 8.350755692 9.213378906 0.260793835 -0.016021149 -0.055464905 -0.963666797
1403636711.413555384 1.604806185 8.341654778 9.237092972 0.259549171 -0.021716580 -0.056768317 -0.963815331
1403636711.463555574 1.615845680 8.331277847 9.259342194 0.258948117 -0.029479824 -0.057287365 -0.963740110
1403636711.513555527 1.622828484 8.313071251 9.284179688 -0.259791166 0.036622174 0.056830943 0.963295221
1403636711.563555479 1.633884907 8.300802231 9.305540085 -0.261583686 0.041272864 0.054006461 0.962784469
1403636711.613555431 1.644146085 8.287665367 9.325334549 0.263324499 -0.043858696 -0.051837485 -0.962314665
1403636711.663555622 1.653968334 8.272758484 9.344286919 0.265041798 -0.044675250 -0.050172269 -0.961893857
1403636711.713555574 1.663441539 8.256317139 9.361949921 0.267051488 -0.043138236 -0.048510142 -0.961493313
1403636711.763555527 1.672799230 8.238004684 9.378267288 0.268081337 -0.042141426 -0.049192969 -0.961216211
1403636711.813555479 1.681478739 8.218065262 9.393383980 0.268208742 -0.040190216 -0.052203350 -0.961105466
1403636711.863555670 1.689973831 8.196484566 9.407289505 0.267357439 -0.037508305 -0.057280913 -0.961161852
1403636711.913555384 1.698813200 8.173311234 9.419891357 0.265861183 -0.034687098 -0.064110197 -0.961251616
1403636711.963555574 1.708113909 8.149219513 9.430690765 0.264305741 -0.032229930 -0.070908770 -0.961288571
1403636712.013555527 1.720734596 8.116888046 9.432384491 -0.263070762 0.030973848 0.077953584 0.961123168
1403636712.063555479 1.731383562 8.091610909 9.439832687 -0.261281788 0.030329630 0.084343545 0.961092174
1403636712.113555431 1.743211508 8.067896843 9.446527481 0.260288984 -0.031052835 -0.087808907 -0.961028159
1403636712.163555622 1.755649090 8.044129372 9.451540947 0.259455889 -0.032052830 -0.088955939 -0.961115062
1403636712.213555574 1.768602133 8.020635605 9.455119133 0.258593053 -0.031013142 -0.083942629 -0.961832345
1403636712.263555527 1.782545805 7.996958256 9.457400322 0.256423980 -0.029506460 -0.076734416 -0.963061810
1403636712.313555479 1.797704697 7.972980499 9.458501816 0.252853274 -0.029279089 -0.068582796 -0.964626551
1403636712.363555670 1.813306332 7.948238373 9.458307266 0.248247668 -0.028382126 -0.060565397 -0.966384768
1403636712.413555384 1.829329610 7.922714710 9.456697464 0.243541747 -0.028258957 -0.054385915 -0.967952013
1403636712.463555574 1.847131252 7.887173653 9.453947067 -0.239379779 0.028604833 0.048501763 0.969291866
1403636712.513555527 1.864663959 7.859770298 9.449955940 -0.234200209 0.029001370 0.044398848 0.970740914
1403636712.563555479 1.882053971 7.831788540 9.445110321 0.229073867 -0.029865179 -0.042034164 -0.972042382
1403636712.613555431 1.898692369 7.802424431 9.439489365 0.223841593 -0.032761857 -0.040550552 -0.973230302
1403636712.663555622 1.913488150 7.772289276 9.433374405 0.218608722 -0.036617666 -0.040612791 -0.974279225
1403636712.713555574 1.926281095 7.741480827 9.426495552 0.214185745 -0.039994135 -0.040710252 -0.975124419
1403636712.763555527 1.937862039 7.712258816 9.420852661 -0.210119113 0.041433804 0.040890556 0.975941181
1403636712.813555479 1.946416259 7.680287361 9.412548065 -0.207094014 0.041018222 0.041177019 0.976593077
1403636712.863555670 1.953420997 7.647966862 9.402953148 0.204873055 -0.038804270 -0.041577276 -0.977134943
1403636712.913555384 1.958755732 7.615046024 9.392356873 0.203284353 -0.036425229 -0.041862980 -0.977545977
1403636712.963555574 1.962000728 7.581656456 9.380688667 0.202573225 -0.033122621 -0.041550778 -0.977824450
1403636713.013555527 1.964219213 7.548142433 9.368446350 0.202877313 -0.030811004 -0.039865185 -0.977907121
1403636713.063555479 1.966978788 7.513892651 9.354682922 0.202110976 -0.031338457 -0.040786155 -0.978011072
1403636713.113555431 1.970391750 7.478556633 9.338802338 0.200414434 -0.031880058 -0.042423416 -0.978272974
1403636713.163555622 1.972888231 7.446545601 9.326276779 -0.199146852 0.030906107 0.043423187 0.978519261
1403636713.213555574 1.978581905 7.410670280 9.307174683 -0.198401734 0.029516298 0.044960510 0.978644073
1403636713.263555527 1.986097455 7.373950481 9.286252022 0.197808564 -0.027054980 -0.046040006 -0.978785038
1403636713.313555479 1.995275259 7.337716579 9.264298439 0.198034704 -0.025649535 -0.045930389 -0.978782356
1403636713.363555670 2.005988359 7.301350594 9.241360664 0.198030069 -0.023436712 -0.046561509 -0.978808939
1403636713.413555384 2.018784761 7.264988422 9.218101501 0.197434857 -0.023313407 -0.048828263 -0.978821635
1403636713.463555574 2.031749010 7.228925705 9.194158554 0.197245210 -0.022729132 -0.050635729 -0.978781819
1403636713.513555527 2.044949293 7.192883015 9.168802261 0.196790516 -0.022116011 -0.053069912 -0.978758454
1403636713.563555479 2.055150270 7.160021305 9.146188736 -0.196448043 0.022671938 0.055635445 0.978671968
1403636713.613555431 2.066232920 7.124759674 9.120412827 -0.195962310 0.021162059 0.059724614 0.978562176
1403636713.663555622 2.075538158 7.089088917 9.094762802 0.195682973 -0.019806048 -0.063030981 -0.978439093
1403636713.713555574 2.083383322 7.054548740 9.068999290 0.195382550 -0.019203471 -0.066531606 -0.978279412
1403636713.763555527 2.089574337 7.020997047 9.043300629 0.195414037 -0.018652074 -0.069844998 -0.978052795
1403636713.813555479 2.094324827 6.988652706 9.017550468 0.195520043 -0.018017413 -0.072141677 -0.977876723
1403636713.863555670 2.097766161 6.957507133 8.991579056 0.196488366 -0.017909544 -0.072685950 -0.977644324
1403636713.913555384 2.098446608 6.930464268 8.966691971 -0.198094487 0.016982753 0.071228594 0.977443993
1403636713.963555574 2.099349022 6.901688099 8.940377235 -0.199817166 0.016161086 0.069356814 0.977241874
1403636714.013555527 2.098497629 6.874247551 8.913926125 0.201444507 -0.014768033 -0.068341620 -0.977001250
1403636714.063555479 2.096962214 6.847586632 8.887379646 0.204497918 -0.014575352 -0.063779220 -0.976678252
1403636714.113555431 2.093820810 6.821509838 8.861123085 0.206058770 -0.013988758 -0.063138515 -0.976400375
1403636714.163555622 2.089766741 6.795937061 8.834804535 0.207767487 -0.013803556 -0.062057443 -0.976110220
1403636714.213555574 2.084767342 6.770785809 8.808361053 0.208876893 -0.015297990 -0.062161982 -0.975844443
1403636714.263555527 2.078624010 6.746049404 8.782195091 0.208964124 -0.016816758 -0.064618208 -0.975641191
1403636714.313555479 2.071551085 6.721942902 8.756108284 0.209095389 -0.017545221 -0.067094684 -0.975433052
1403636714.363555670 2.063203812 6.698524475 8.730040550 0.209698424 -0.016641295 -0.068337746 -0.975233138
1403636714.413555384 2.053037405 6.674658298 8.708907127 -0.210688174 0.013131148 0.069010638 0.975026011
1403636714.463555574 2.042527914 6.652312756 8.683308601 -0.209680974 0.008518726 0.069683492 0.975246429
1403636714.513555527 2.030854702 6.630891800 8.657780647 0.207307845 -0.003917499 -0.069689341 -0.975782573
1403636714.563555479 2.018781185 6.609939098 8.633064270 0.203003958 -0.000030278 -0.070234209 -0.976655781
1403636714.613555431 2.006379128 6.589771271 8.609303474 0.197382390 0.003641639 -0.069053687 -0.977884769
1403636714.663555622 1.994690895 6.570615292 8.586174011 0.190963939 0.006300087 -0.065841123 -0.979366183
1403636714.713555574 1.984310985 6.552347660 8.563477516 0.182810992 0.008542531 -0.062478915 -0.981123686
1403636714.763555527 1.975803137 6.534791946 8.540844917 0.173649549 0.010484522 -0.057533767 -0.983069658
1403636714.813555479 1.973748326 6.517418861 8.520797729 -0.164019719 -0.011327640 0.050354559 0.985105932
1403636714.863555670 1.969865203 6.501162529 8.498311996 -0.153478175 -0.011737320 0.042337332 0.987174869
1403636714.913555384 1.967384458 6.486026764 8.476848602 0.142089933 0.012613314 -0.035306323 -0.989143550
1403636714.963555574 1.967363477 6.470893383 8.455389977 0.130205765 0.013947546 -0.029558664 -0.990948200
1403636715.013555527 1.969436884 6.456250668 8.434076309 0.119719677 0.014749661 -0.023963412 -0.992408872
1403636715.063555479 1.973638892 6.441896439 8.413191795 0.110052794 0.015692487 -0.019087173 -0.993618548
1403636715.113555431 1.979225636 6.427828312 8.392218590 0.102402896 0.017265681 -0.013678730 -0.994499147
1403636715.163555622 1.986230016 6.413889408 8.372111320 0.095258489 0.017876837 -0.011199583 -0.995229006
1403636715.213555574 1.993821383 6.400027275 8.352971077 0.090044133 0.018188277 -0.008094099 -0.995738864
1403636715.263555527 2.000668526 6.385323524 8.327682495 -0.085204385 -0.017281881 0.007420102 0.996186018
1403636715.313555479 2.006672144 6.371986389 8.311827660 -0.081113495 -0.015105018 0.007654085 0.996561050
1403636715.363555670 2.010977983 6.360200882 8.297486305 0.078196041 0.013429851 -0.007213636 -0.996821523
1403636715.413555384 2.014368296 6.348042011 8.284966469 0.075003453 0.009436964 -0.010070776 -0.997087836
1403636715.463555574 2.015950680 6.336400509 8.273759842 0.072701931 0.005625962 -0.012825912 -0.997255385
1403636715.513555527 2.015568018 6.325093746 8.263683319 0.069765784 0.001820846 -0.018399304 -0.997392118
1403636715.563555479 2.013467312 6.314570427 8.254350662 0.066612162 -0.001298107 -0.026038203 -0.997438371
1403636715.613555431 2.009678841 6.305442333 8.245755196 0.065543436 -0.002108788 -0.029085467 -0.997423589
1403636715.663555622 2.005721569 6.297648907 8.237431526 0.066318996 -0.006309095 -0.028243851 -0.997378707
1403636715.713555574 2.001568556 6.291171551 8.229288101 0.068694100 -0.012417531 -0.023630263 -0.997280657
1403636715.763555527 1.994258285 6.281453133 8.222347260 -0.071536340 0.017339014 0.018650163 0.997112930
1403636715.813555479 1.989964008 6.276097775 8.212916374 -0.074287184 0.021912413 0.014422265 0.996891797
1403636715.863555670 1.986850619 6.272400856 8.202756882 0.076101549 -0.026165472 -0.011691192 -0.996688128
1403636715.913555384 1.985850215 6.268037319 8.190402031 0.078560419 -0.030126769 -0.008040818 -0.996421635
1403636715.963555574 1.985810995 6.263372898 8.176273346 0.080191053 -0.032732137 -0.007308635 -0.996215165
1403636716.013555527 1.985591173 6.258338928 8.160216331 0.081298329 -0.033973981 -0.007188362 -0.996084690
1403636716.063555479 1.985870004 6.253116608 8.143127441 0.082653970 -0.033426613 -0.007435476 -0.995989859
1403636716.113555431 1.986615300 6.247605324 8.124242783 0.083169259 -0.032197133 -0.009860449 -0.995966434
1403636716.163555622 1.987506032 6.241950035 8.103720665 0.084022075 -0.027182428 -0.012294407 -0.996017277
1403636716.213555574 1.988793015 6.235726833 8.081376076 0.084889114 -0.020768242 -0.015381725 -0.996055245
1403636716.263555527 1.978594780 6.230983734 8.062089920 -0.086578377 0.017311959 0.016675571 0.995955110
1403636716.313555479 1.977481723 6.225146770 8.038785934 -0.088075221 0.013561710 0.017949531 0.995859742
1403636716.363555670 1.976305008 6.219851971 8.015245438 0.089590661 -0.010919347 -0.019189892 -0.995733976
1403636716.413555384 1.973041773 6.214725494 7.992424011 0.090980619 -0.010366824 -0.019878926 -0.995600343
1403636716.463555574 1.967787981 6.209941864 7.970220566 0.092422836 -0.009216812 -0.019978803 -0.995476782
1403636716.513555527 1.961186886 6.205428600 7.948798656 0.093793310 -0.009506722 -0.020307854 -0.995339215
1403636716.563555479 1.953084230 6.201105118 7.928053379 0.094424419 -0.009947758 -0.018157817 -0.995316803
1403636716.613555431 1.943375468 6.196592808 7.907952785 0.093421094 -0.009624204 -0.016362313 -0.995445788
1403636716.663555622 1.932150602 6.192009926 7.888324738 0.090526596 -0.010043598 -0.014651187 -0.995735705
1403636716.713555574 1.919463515 6.187482834 7.869174004 0.086343646 -0.009863346 -0.012542727 -0.996137679
1403636716.763555527 1.901015282 6.189336777 7.854193211 -0.080889300 0.010867232 0.010883823 0.996604502
1403636716.813555479 1.886065841 6.184672356 7.835170746 -0.074004024 0.010726407 0.008705320 0.997162342
1403636716.863555670 1.871584654 6.178982258 7.815395832 0.065996304 -0.010188496 -0.006436990 -0.997747064
1403636716.913555384 1.857985139 6.173367500 7.795229435 0.056634139 -0.009716301 -0.003630439 -0.998341143
1403636716.963555574 1.845756412 6.167538643 7.774246216 0.046192259 -0.008135349 0.000835873 -0.998899102
1403636717.013555527 1.835294724 6.161904812 7.752467155 0.035303168 -0.008187646 0.004942882 -0.999330878
1403636717.063555479 1.828003883 6.160076141 7.730128288 -0.023975061 0.007027023 -0.009667817 0.999641120
1403636717.113555431 1.820855498 6.154665470 7.707483292 -0.013331652 0.006691318 -0.014099820 0.999789357
1403636717.163555622 1.815156698 6.149351597 7.684085369 0.004770275 -0.006243174 0.018789392 -0.999792576
1403636717.213555574 1.810266733 6.144316196 7.660901546 -0.002729070 -0.005710010 0.022836046 -0.999719262
1403636717.263555527 1.805549264 6.139671326 7.637285709 -0.008113997 -0.005449073 0.028316526 -0.999551237
1403636717.313555479 1.800799370 6.135194778 7.613476753 -0.011685532 -0.004766549 0.035051469 -0.999305844
1403636717.363555670 1.796435595 6.130485058 7.589473724 -0.013635806 -0.005273564 0.043005638 -0.998967826
1403636717.413555384 1.791668415 6.125259399 7.565576553 -0.015130654 -0.005719991 0.049682949 -0.998634100
1403636717.463555574 1.785914302 6.119313717 7.541848660 -0.016614884 -0.006091468 0.053713925 -0.998399556
1403636717.513555527 1.778420925 6.112193584 7.518687248 -0.018038433 -0.005809615 0.054961104 -0.998308659
1403636717.563555479 1.775946617 6.103806496 7.494966507 0.020330954 0.006298459 -0.053360406 0.998348475
1403636717.613555431 1.765433550 6.094241619 7.472965717 0.022350747 0.005711993 -0.049963955 0.998484612
1403636717.663555622 1.752027988 6.084558487 7.451421738 -0.023102529 -0.006476893 0.048426546 -0.998538554
1403636717.713555574 1.737548947 6.073679447 7.430367470 -0.023618104 -0.007147751 0.046742368 -0.998602211
1403636717.763555527 1.721885443 6.061926842 7.409551620 -0.023356922 -0.006634542 0.049960025 -0.998456120
1403636717.813555479 1.705959439 6.048964977 7.388564587 -0.024975607 -0.006221517 0.051710144 -0.998330414
1403636717.863555670 1.691046476 6.034617424 7.367051125 -0.027854560 -0.005639801 0.054913756 -0.998086631
1403636717.913555384 1.677760363 6.018558025 7.344970226 -0.032291368 -0.005415999 0.058124743 -0.997772336
1403636717.963555574 1.671879768 5.997693062 7.315977573 0.037617382 0.005205426 -0.061992005 0.997353911
1403636718.013555527 1.662129283 5.978096008 7.292104721 0.044922378 0.005279999 -0.064851210 0.996869385
1403636718.063555479 1.654021502 5.956606388 7.267283916 -0.053226553 -0.004682843 0.067147464 -0.996311307
1403636718.113555431 1.647158504 5.933641434 7.241878033 -0.063841686 -0.004630378 0.066743650 -0.995714843
1403636718.163555622 1.640296817 5.909609318 7.216705322 -0.074591532 -0.003672193 0.066242002 -0.995004833
1403636718.213555574 1.632583737 5.885209084 7.191820145 -0.084312640 -0.002991469 0.065727614 -0.994264722
1403636718.263555527 1.622645140 5.860681534 7.167070866 -0.092789002 -0.001899727 0.065470695 -0.993529201
1403636718.313555479 1.610593319 5.835929394 7.142950058 -0.100660503 -0.000683525 0.064651377 -0.992817819
1403636718.363555670 1.596942306 5.810966969 7.119258404 -0.108514182 -0.000096282 0.065220453 -0.991953194
1403636718.413555384 1.578027606 5.789946556 7.096997738 0.116972782 -0.001306587 -0.065569170 0.990967393
1403636718.463555574 1.561690092 5.764131546 7.075002193 0.125769615 -0.002059153 -0.064882480 0.989933372
1403636718.513555527 1.544315815 5.738234520 7.053176880 -0.134487644 0.002302959 0.065821238 -0.988724113
1403636718.563555479 1.525919437 5.712653160 7.032160759 -0.142490596 0.003080655 0.064879730 -0.987662733
1403636718.613555431 1.506932616 5.687301159 7.012017250 -0.149802342 0.004418903 0.063692205 -0.986652434
1403636718.663555622 1.487386703 5.662588120 6.992720604 -0.157096714 0.005997112 0.060253054 -0.985725224
1403636718.713555574 1.461249590 5.641549587 6.972602844 0.163529798 -0.007722305 -0.058302328 0.984783888
1403636718.763555527 1.440773010 5.619171619 6.955538273 0.168278858 -0.007731319 -0.058385611 0.983978450
1403636718.813555479 1.419726133 5.598295212 6.939215660 -0.170740098 0.007723867 0.062568694 -0.983297169
1403636718.863555670 1.399942398 5.578367710 6.923637867 -0.171652079 0.006906524 0.069086857 -0.982707918
1403636718.913555384 1.381677866 5.559092999 6.908368587 -0.172229677 0.005560548 0.074630067 -0.982209980
1403636718.963555574 1.365160346 5.540485382 6.892509937 -0.172315046 0.003774898 0.079794437 -0.981797397
1403636719.013555527 1.344263077 5.523257256 6.872264862 0.172599882 -0.002306337 -0.083489552 0.981444597
1403636719.063555479 1.332121849 5.504727840 6.855325222 0.173149377 -0.000121729 -0.085215963 0.981202126
1403636719.113555431 1.322231174 5.486231804 6.837396145 -0.173354656 -0.002662704 0.086598791 -0.981041193
1403636719.163555622 1.314373016 5.467195034 6.819481850 -0.173924014 -0.005989769 0.086155169 -0.980964780
1403636719.213555574 1.307719946 5.448183537 6.800796509 -0.174204364 -0.009145223 0.085169904 -0.980976760
1403636719.263555527 1.300278902 5.429319859 6.782050610 -0.174226955 -0.012279088 0.084200971 -0.981022120
1403636719.313555479 1.291137457 5.410755634 6.763216019 -0.174841225 -0.014212983 0.081033662 -0.981153488
1403636719.363555670 1.280042291 5.392771721 6.744313240 -0.174649119 -0.016536124 0.079878323 -0.981246054
1403636719.413555384 1.266869783 5.375253677 6.725383282 -0.174516574 -0.017727774 0.078359835 -0.981371224
1403636719.463555574 1.251864910 5.358432293 6.706487179 -0.174232960 -0.018321749 0.076658458 -0.981545031
1403636719.513555527 1.227614045 5.341824055 6.681406021 0.173657969 0.018749597 -0.075342618 0.981740713
1403636719.563555479 1.208889127 5.326245308 6.661788464 0.172618970 0.015856946 -0.075023592 0.981999397
1403636719.613555431 1.190718651 5.311439514 6.641812801 -0.172201425 -0.012972349 0.073203892 -0.982252359
1403636719.663555622 1.174249411 5.296941280 6.620995045 -0.170555338 -0.009458239 0.073681772 -0.982543886
1403636719.713555574 1.159682274 5.282963276 6.598969460 -0.168983698 -0.005914062 0.073331274 -0.982869327
1403636719.763555527 1.147131920 5.269455910 6.575670719 -0.167365998 -0.003521266 0.072789453 -0.983197868
1403636719.813555479 1.136867881 5.256134033 6.552031994 -0.165786177 -0.001329550 0.072075322 -0.983523428
1403636719.863555670 1.128432035 5.242388248 6.525696278 0.164276764 0.000636057 -0.071211465 0.983840346
1403636719.913555384 1.120953918 5.230024338 6.500829697 0.162980750 -0.000062792 -0.070264034 0.984124124
1403636719.963555574 1.113434672 5.218043327 6.476599216 -0.161859050 0.001840472 0.069625847 -0.984352887
1403636720.013555527 1.105251312 5.206676960 6.452821255 -0.160313308 0.002065446 0.069879599 -0.984587371
1403636720.063555479 1.095738053 5.195513248 6.430199623 -0.159904420 0.002729274 0.069329143 -0.984691143
1403636720.113555431 1.085037827 5.184666634 6.408628464 -0.159118280 0.003047036 0.069648087 -0.984795034
1403636720.163555622 1.072473764 5.174308777 6.387962818 -0.158653691 0.004172316 0.069713026 -0.984861255
1403636720.213555574 1.058989048 5.164305687 6.368284225 -0.158876792 0.004411596 0.068894252 -0.984881878
1403636720.263555527 1.044786811 5.154545784 6.349305630 -0.158994392 0.004233580 0.068668202 -0.984879434
1403636720.313555479 1.029817581 5.145388603 6.331047058 -0.159314126 0.004201444 0.067909934 -0.984880567
1403636720.363555670 1.018539071 5.137823105 6.312795639 0.159554482 -0.004258580 -0.068357259 0.984810472
1403636720.413555384 1.002111912 5.129396915 6.295872211 0.160238281 -0.004345700 -0.068121724 0.984715283
1403636720.463555574 0.986090064 5.120949745 6.279276848 -0.161084950 0.005010986 0.067639440 -0.984607339
1403636720.513555527 0.971349478 5.113295078 6.262381077 -0.161674351 0.005564639 0.067373708 -0.984525919
1403636720.563555479 0.958334386 5.106107712 6.245267868 -0.162695646 0.005714776 0.066803828 -0.984395683
1403636720.613555431 0.946975291 5.099480152 6.228099823 -0.162744358 0.006247190 0.068260647 -0.984284401
1403636720.663555622 0.937791467 5.093262196 6.210691929 -0.163883492 0.006359960 0.067684479 -0.984134495
1403636720.713555574 0.930520058 5.087862015 6.192443371 -0.163736179 0.004836014 0.067681484 -0.984167874
1403636720.763555527 0.925279438 5.082898617 6.174451828 -0.162591189 0.005273565 0.066553853 -0.984432280
1403636720.813555479 0.921456695 5.078834534 6.156949520 -0.159334391 0.005427029 0.065825634 -0.985012829
1403636720.863555670 0.927430451 5.077541351 6.140068054 0.154721826 -0.006223435 -0.065688968 0.985752225
1403636720.913555384 0.922830343 5.074496269 6.124508858 0.148824260 -0.006116808 -0.063809015 0.986783922
1403636720.963555574 0.916889250 5.072109699 6.108999729 -0.142582655 0.004865304 0.061418228 -0.987863600
1403636721.013555527 0.909396172 5.069880962 6.094820976 -0.137213275 0.003469386 0.057734001 -0.988851488
1403636721.063555479 0.900752604 5.068144798 6.081512928 -0.131097242 0.001523954 0.054316506 -0.989879310
1403636721.113555431 0.890816033 5.067078114 6.068964958 -0.124197252 0.000416724 0.050810717 -0.990955710
1403636721.163555622 0.880443871 5.066896439 6.057000160 -0.115704425 -0.002140917 0.048077524 -0.992117226
1403636721.213555574 0.870302498 5.067147255 6.044642448 -0.107771844 -0.003562895 0.044612195 -0.993167818
1403636721.263555527 0.861899614 5.067931175 6.031659126 -0.100807749 -0.006508949 0.040980358 -0.994040251
1403636721.313555479 0.855101764 5.069056988 6.018579960 -0.094259486 -0.006782821 0.038886942 -0.994764805
1403636721.363555670 0.850832820 5.071215630 6.008467197 0.088181742 0.007093169 -0.037357863 0.995378375
1403636721.413555384 0.847540021 5.072837353 5.992837906 0.082932629 0.008198333 -0.036552563 0.995850861
1403636721.463555574 0.845038712 5.075893402 5.976783276 -0.078577079 -0.007987092 0.035295688 -0.996251047
1403636721.513555527 0.842882931 5.078842640 5.960051537 -0.073140502 -0.007461033 0.035017934 -0.996678770
1403636721.563555479 0.839781284 5.082256794 5.943320274 -0.067448422 -0.006800131 0.033871688 -0.997124434
1403636721.613555431 0.835300088 5.085965157 5.926969528 -0.061368391 -0.006089408 0.033594113 -0.997531116
1403636721.663555622 0.829259336 5.089718819 5.911072254 -0.056352910 -0.005001842 0.033167981 -0.997847319
1403636721.713555574 0.822066426 5.093478680 5.895390987 -0.052418951 -0.005940537 0.033176415 -0.998056293
1403636721.763555527 0.813453317 5.097271442 5.880051613 -0.048782222 -0.005568060 0.034270000 -0.998205841
1403636721.813555479 0.803697526 5.101016521 5.865146637 -0.046776883 -0.005959386 0.033826891 -0.998314679
1403636721.863555670 0.797993481 5.104644775 5.853496075 0.045717079 0.006366028 -0.032920886 0.998391569
1403636721.913555384 0.786642194 5.107728004 5.839800358 0.044859350 0.006571020 -0.033026423 0.998425663
1403636721.963555574 0.773721099 5.111417294 5.825145245 -0.043787405 -0.006896315 0.035806153 -0.998375237
1403636722.013555527 0.762283027 5.114573956 5.810700893 -0.042639617 -0.007142221 0.039240491 -0.998294115
1403636722.063555479 0.752517045 5.117268085 5.795670509 -0.041974567 -0.007297263 0.042407829 -0.998191655
1403636722.113555431 0.744475961 5.119368076 5.779760838 -0.042621255 -0.007046637 0.043343101 -0.998125851
1403636722.163555622 0.737822294 5.120926857 5.763025761 -0.043847442 -0.006475580 0.042144947 -0.998127937
1403636722.213555574 0.733146548 5.122022152 5.745454788 -0.045111537 -0.006154967 0.041180465 -0.998113871
1403636722.263555527 0.729659081 5.122533798 5.727466106 -0.046518471 -0.005433853 0.039921295 -0.998104692
1403636722.313555479 0.726207316 5.122807503 5.709509373 -0.048155755 -0.005697659 0.038434669 -0.998083889
1403636722.363555670 0.727267861 5.124134064 5.691750526 0.048671298 0.004745982 -0.037807852 0.998087764
1403636722.413555384 0.721820533 5.124866486 5.674568653 0.047304288 0.004529971 -0.037614729 0.998161793
1403636722.463555574 0.714189291 5.125659943 5.656486034 -0.044991966 -0.005130737 0.036968913 -0.998289943
1403636722.513555527 0.705841422 5.126497746 5.639316082 -0.042785753 -0.005391353 0.035584778 -0.998435795
1403636722.563555479 0.696562767 5.127194881 5.622453213 -0.040574368 -0.005266365 0.034903768 -0.998552859
1403636722.613555431 0.686675012 5.127732277 5.605872154 -0.038329832 -0.005260528 0.035789073 -0.998610258
1403636722.663555622 0.676176786 5.128051281 5.589573383 -0.036492676 -0.004921776 0.035875104 -0.998677671
1403636722.713555574 0.665505767 5.128015518 5.573500633 -0.034913246 -0.005458289 0.036209870 -0.998719275
1403636722.763555527 0.654482901 5.127709866 5.557620525 -0.033255827 -0.005111804 0.037188470 -0.998741686
1403636722.813555479 0.644591272 5.126790524 5.541392803 -0.032224979 -0.004410380 0.037876483 -0.998753011
1403636722.863555670 0.645562828 5.122781277 5.524138927 0.031077733 0.004136663 -0.038641110 0.998761237
1403636722.913555384 0.638553619 5.120762825 5.506153584 0.031000776 0.003835123 -0.037534155 0.998807073
1403636722.963555574 0.632417679 5.118391037 5.486615181 -0.031338025 -0.003303100 0.036361910 -0.998841763
1403636723.013555527 0.627110004 5.115668297 5.466191769 -0.032146361 -0.003807652 0.034483962 -0.998880863
1403636723.063555479 0.623778880 5.112499714 5.446168900 -0.033096589 -0.004766397 0.032209244 -0.998921692
1403636723.113555431 0.620963335 5.109251976 5.426310062 -0.033533901 -0.005178271 0.031225333 -0.998936236
1403636723.163555622 0.618072212 5.106139183 5.406951427 -0.033466589 -0.005560448 0.030960271 -0.998944759
1403636723.213555574 0.614891529 5.103241920 5.388293266 -0.033434067 -0.005585745 0.030366231 -0.998963952
1403636723.263555527 0.612078905 5.100463867 5.370810509 -0.032813687 -0.004976933 0.031561282 -0.998950720
1403636723.313555479 0.607159019 5.097633362 5.353473663 -0.031586573 -0.005414947 0.033700682 -0.998918056
1403636723.363555670 0.596298516 5.092866421 5.347502708 0.029403483 0.006057302 -0.033926297 0.998973370
1403636723.413555384 0.589669406 5.089656353 5.330811501 0.025291452 0.006879725 -0.034993906 0.999043822
1403636723.463555574 0.581238568 5.087209702 5.313760281 -0.019906785 -0.009214937 0.036101945 -0.999107361
1403636723.513555527 0.573633909 5.084018707 5.297074795 -0.014480450 -0.013380816 0.034065031 -0.999225199
1403636723.563555479 0.568193495 5.079969883 5.280784130 -0.010122627 -0.019915717 0.029750831 -0.999307752
1403636723.613555431 0.563905299 5.075370312 5.263241291 -0.006237184 -0.026424678 0.025838133 -0.999297440
1403636723.663555622 0.560509503 5.070455074 5.244658470 -0.002245858 -0.027679907 0.022894362 -0.999352157
1403636723.713555574 0.557793736 5.064981937 5.225212574 0.001631178 -0.024148600 0.021464963 -0.999476552
1403636723.763555527 0.555510700 5.059016228 5.204153538 0.005535472 -0.019713128 0.019647565 -0.999597251
1403636723.813555479 0.552418947 5.052810669 5.182402611 0.008207366 -0.014953322 0.016908085 -0.999711633
1403636723.863555670 0.544703364 5.046738625 5.152195930 -0.010887378 0.011168837 -0.014944409 0.999766648
1403636723.913555384 0.539400041 5.040115833 5.130431175 -0.012988563 0.007644189 -0.013002578 0.999801874
1403636723.963555574 0.533252537 5.034003258 5.109721184 0.015013633 -0.003303581 0.011046277 -0.999820828
1403636724.013555527 0.525728166 5.027957439 5.089401245 0.018261766 0.000855121 0.010053013 -0.999782383
1403636724.063555479 0.517453551 5.022375584 5.069968700 0.022684675 0.004219243 0.008267517 -0.999699593
1403636724.113555431 0.507893682 5.017280579 5.051262379 0.028523192 0.007838394 0.006494233 -0.999541283
1403636724.163555622 0.498104274 5.012577057 5.033198357 0.035567343 0.007845802 0.005093301 -0.999323547
1403636724.213555574 0.487084597 5.008254528 5.016221523 0.042837292 0.008960763 0.001612833 -0.999040663
1403636724.263555527 0.470028341 5.006671429 5.001418591 -0.051374700 -0.008573201 0.001176085 0.998641968
1403636724.313555479 0.458407521 5.002738953 4.986191273 -0.060752507 -0.007152224 0.003229444 0.998122036
1403636724.363555670 0.447695792 4.998856068 4.971178532 0.070037544 0.004796593 -0.006013030 -0.997514725
1403636724.413555384 0.438046843 4.994754314 4.955636978 0.079481073 0.001529702 -0.008487186 -0.996799111
1403636724.463555574 0.429891735 4.990310669 4.939953804 0.087312445 -0.000658043 -0.011242529 -0.996117353
1403636724.513555527 0.423744828 4.985493660 4.923944473 0.094423473 -0.003647777 -0.012193590 -0.995450854
1403636724.563555479 0.418347448 4.980266094 4.907298088 0.100000329 -0.006156066 -0.013761071 -0.994873226
1403636724.613555431 0.414630502 4.974871635 4.890858173 0.104883395 -0.006733260 -0.014995044 -0.994348645
1403636724.663555622 0.413528889 4.968914986 4.873967171 0.108453535 -0.007578709 -0.015925994 -0.993945062
1403636724.713555574 0.414051980 4.962545395 4.856706619 0.111158580 -0.007607758 -0.017154833 -0.993625522
1403636724.763555527 0.415772140 4.958294868 4.848399639 -0.113042280 0.007467716 0.018152164 0.993396282
1403636724.813555479 0.420333266 4.951002598 4.830336094 -0.114185803 0.006614378 0.018867159 0.993258238
1403636724.863555670 0.426657259 4.942782402 4.811725616 0.114509620 -0.005644047 -0.019984495 -0.993205070
1403636724.913555384 0.434768766 4.934347630 4.792910576 0.113746338 -0.004969865 -0.021900270 -0.993256032
1403636724.963555574 0.444628596 4.925640106 4.773745537 0.112393230 -0.004321300 -0.024249148 -0.993358493
1403636725.013555527 0.456361830 4.916877270 4.754395485 0.110550433 -0.004313804 -0.026843322 -0.993498623
1403636725.063555479 0.470277578 4.908304214 4.734419823 0.108988240 -0.004923555 -0.028847028 -0.993612230
1403636725.113555431 0.485444069 4.900209427 4.714150429 0.107516259 -0.004615599 -0.030415121 -0.993727267
1403636725.163555622 0.501559973 4.892694473 4.694119930 0.106191978 -0.003725701 -0.031987116 -0.993824065
1403636725.213555574 0.517522275 4.885978222 4.674418926 0.105860896 -0.003799619 -0.031109197 -0.993887007
1403636725.263555527 0.534855127 4.880846500 4.662273407 -0.105001703 0.003444234 0.031209191 0.993976235
1403636725.313555479 0.548762918 4.875634193 4.643755436 -0.105650991 0.002741698 0.029044427 0.993975282
1403636725.363555670 0.561153471 4.870272636 4.626200199 0.105787143 -0.002488997 -0.027823709 -0.993996322
1403636725.413555384 0.572420418 4.865752220 4.609251022 0.106330715 -0.002716989 -0.025916623 -0.993989289
1403636725.463555574 0.582171440 4.861505508 4.593154907 0.106589481 -0.002732929 -0.025132926 -0.993981659
1403636725.513555527 0.590626597 4.857663155 4.577662945 0.107115641 -0.002536146 -0.023587221 -0.993963540
1403636725.563555479 0.597475827 4.854065418 4.562873363 0.107696250 -0.001762683 -0.022867646 -0.993919313
1403636725.613555431 0.603223860 4.850670815 4.548796654 0.108304568 -0.001858964 -0.021481177 -0.993883967
1403636725.663555622 0.607916057 4.847232819 4.535794258 0.108423896 -0.003581888 -0.021305818 -0.993870020
1403636725.713555574 0.611044288 4.843876362 4.523586750 0.108430013 -0.003956811 -0.021848319 -0.993856132
1403636725.763555527 0.610738337 4.835832596 4.513997555 -0.108568527 0.003627138 0.021730715 0.993844867
1403636725.813555479 0.611590981 4.832457066 4.503412724 -0.108486071 0.004012660 0.021442108 0.993858635
1403636725.863555670 0.611114383 4.829499245 4.493284702 0.107895590 -0.002466063 -0.022112356 -0.993913293
1403636725.913555384 0.610009074 4.826505661 4.484188080 0.106750794 -0.002748985 -0.023974465 -0.993992984
1403636725.963555574 0.607874453 4.823666096 4.475847244 0.106005281 -0.002179419 -0.024477242 -0.994061887
1403636726.013555527 0.605050325 4.820996284 4.468120098 0.105268210 -0.003107820 -0.025062211 -0.994123161
1403636726.063555479 0.601428866 4.818578243 4.461268902 0.104969829 -0.003399001 -0.024073321 -0.994178236
1403636726.113555431 0.596731544 4.816366673 4.455072403 0.104942776 -0.003629796 -0.022793531 -0.994210482
1403636726.163555622 0.591180086 4.814036369 4.449600697 0.104683861 -0.005441622 -0.021670654 -0.994254529
1403636726.213555574 0.584246218 4.811694622 4.444789410 0.104193740 -0.006139603 -0.021169648 -0.994312823
1403636726.263555527 0.582886577 4.803586006 4.425936222 -0.104481891 0.005277214 0.019456711 0.994322479
1403636726.313555479 0.576107264 4.800765991 4.421350479 -0.103715494 0.005691715 0.019226469 0.994404912
1403636726.363555670 0.572212398 4.798748970 4.416482449 0.103381343 -0.006838367 -0.018159080 -0.994452536
1403636726.413555384 0.570503175 4.796087742 4.411733627 0.102563627 -0.007278641 -0.017736468 -0.994541705
1403636726.463555574 0.571207941 4.793213844 4.406933308 0.101502508 -0.008048622 -0.018054288 -0.994638920
1403636726.513555527 0.573461473 4.790253639 4.402219772 0.099989906 -0.008634157 -0.020225922 -0.994745374
1403636726.563555479 0.577524781 4.787086964 4.397062778 0.096798554 -0.010344746 -0.026529556 -0.994896591
1403636726.613555431 0.582452595 4.784070492 4.391186237 0.093110606 -0.011838651 -0.034699041 -0.994980514
1403636726.663555622 0.588602483 4.781781673 4.384810925 0.089870751 -0.014802433 -0.041622285 -0.994973242
1403636726.713555574 0.594574571 4.780576706 4.376151085 0.089326240 -0.014828558 -0.042391073 -0.994989455
1403636726.763555527 0.592546821 4.777803898 4.332603931 -0.090330191 0.016045228 0.038728446 0.995029271
1403636726.813555479 0.600002050 4.778329849 4.318197727 -0.091836229 0.015904663 0.033026163 0.995099187
1403636726.863555670 0.615885615 4.782063484 4.311114311 0.092026740 -0.015873626 -0.026635731 -0.995273709
1403636726.913555384 0.628881454 4.784716606 4.298662186 0.091595344 -0.015278171 -0.021609390 -0.995444596
1403636726.963555574 0.642632842 4.787376881 4.285152912 0.090669379 -0.014830057 -0.017959971 -0.995608628
1403636727.013555527 0.657702625 4.790158272 4.271314144 0.089634299 -0.014871336 -0.016084775 -0.995733917
1403636727.063555479 0.672817707 4.792780399 4.256904125 0.089247815 -0.014928909 -0.013424373 -0.995807171
1403636727.113555431 0.686670065 4.795116425 4.242223740 0.088811249 -0.014234671 -0.011016971 -0.995885909
1403636727.163555622 0.698767245 4.797200680 4.227145672 0.089025103 -0.013142676 -0.007922634 -0.995911241
1403636727.213555574 0.708178461 4.797641277 4.210103512 0.089396164 -0.012317556 -0.005021682 -0.995907366
1403636727.263555527 0.717531323 4.796061039 4.172632694 -0.089705966 0.011676185 0.002232848 0.995897353
1403636727.313555479 0.723709881 4.794701576 4.153977394 -0.090526886 0.010904713 -0.000641562 0.995834112
1403636727.363555670 0.730766237 4.796173573 4.142084122 0.090605281 -0.008998577 0.001565659 -0.995844960
1403636727.413555384 0.736268818 4.795014858 4.127077579 0.090799883 -0.008726070 0.002608161 -0.995827556
1403636727.463555574 0.741111636 4.793146610 4.112154007 0.091166221 -0.008788901 0.003711961 -0.995790005
1403636727.513555527 0.746047139 4.790285110 4.096891880 0.090440914 -0.010515147 0.001881497 -0.995844543
1403636727.563555479 0.751652896 4.786441803 4.081115246 0.089140840 -0.012209652 -0.001627477 -0.995942891
1403636727.613555431 0.758364081 4.781908989 4.064248562 0.088747725 -0.013849736 -0.002716579 -0.995954156
1403636727.663555622 0.765876591 4.776530266 4.046689510 0.087912448 -0.014323018 -0.004863752 -0.996013343
1403636727.713555574 0.775423110 4.770891666 4.028702259 0.088212676 -0.012739906 -0.004635432 -0.996009469
1403636727.763555527 0.791309118 4.762697220 4.007685184 -0.088613592 0.011696097 0.003553140 0.995991051
1403636727.813555479 0.804352462 4.755467415 3.987398863 -0.088982634 0.011015873 0.002054479 0.995970190
1403636727.863555670 0.819062352 4.748169899 3.966752052 0.091107123 -0.009736255 0.002746298 -0.995789826
1403636727.913555384 0.833373308 4.739734650 3.945384979 0.092943661 -0.009471342 0.007278340 -0.995599747
1403636727.963555574 0.846432388 4.730412960 3.924351692 0.093397364 -0.009354321 0.008431504 -0.995549321
1403636728.013555527 0.857851505 4.720099449 3.903728485 0.093115456 -0.009111213 0.007034580 -0.995588839
1403636728.063555479 0.867705524 4.708885193 3.883631229 0.092557803 -0.008999163 0.005215142 -0.995652974
1403636728.113555431 0.876209736 4.696942806 3.863902092 0.091328621 -0.010801796 0.001769172 -0.995760620
1403636728.163555622 0.883363187 4.684473515 3.844473839 0.091125675 -0.012028138 0.000048997 -0.995766819
1403636728.213555574 0.889007270 4.671482086 3.825411081 0.090455733 -0.013218585 -0.001820633 -0.995811164
1403636728.263555527 0.891139805 4.656680584 3.824023724 -0.090459794 0.013785999 0.002885458 0.995800495
1403636728.313555479 0.893611252 4.642726898 3.805843353 -0.090033770 0.013640165 0.004480360 0.995835245
1403636728.363555670 0.894592404 4.628898621 3.786924601 0.090371273 -0.013300720 -0.004230311 -0.995810390
1403636728.413555384 0.893892646 4.614205837 3.768788099 0.088777676 -0.013031178 -0.008252480 -0.995932043
1403636728.463555574 0.891816854 4.599490166 3.750959396 0.086661063 -0.013927589 -0.014458894 -0.996035576
1403636728.513555527 0.888150156 4.585007191 3.733104229 0.084156707 -0.013982331 -0.021776233 -0.996116459
1403636728.563555479 0.883379102 4.571082115 3.715147734 0.082182243 -0.013671407 -0.025175905 -0.996205449
1403636728.613555431 0.877936602 4.557956219 3.697244167 0.079760388 -0.014197538 -0.026798226 -0.996352673
1403636728.663555622 0.872388005 4.545615673 3.678925753 0.078039266 -0.013168921 -0.022085356 -0.996618688
1403636728.713555574 0.867984772 4.533849716 3.660246611 0.075212881 -0.012972993 -0.015567687 -0.996961594
1403636728.763555527 0.864139676 4.515813828 3.663576365 -0.071238041 0.012367026 0.008983531 0.997342288
1403636728.813555479 0.863444149 4.504067421 3.644381762 -0.065558553 0.011517079 0.002053638 0.997780204
1403636728.863555670 0.863060594 4.491580963 3.622564316 0.059446119 -0.011333309 0.003272485 -0.998161852
1403636728.913555384 0.863910317 4.479296684 3.600764751 0.053524986 -0.012425042 0.008167570 -0.998455882
1403636728.963555574 0.864298701 4.466851234 3.578880548 0.048026651 -0.013222118 0.011007735 -0.998697877
1403636729.013555527 0.863662601 4.454132557 3.556961298 0.042883888 -0.014432665 0.013594484 -0.998883367
1403636729.063555479 0.861809552 4.441255093 3.535231829 0.038600393 -0.015975142 0.016281307 -0.998994410
1403636729.113555431 0.858274579 4.428178310 3.513823986 0.034552094 -0.016891560 0.017721519 -0.999103069
1403636729.163555622 0.853142440 4.415018559 3.492637396 0.031650838 -0.016542016 0.019299241 -0.999175787
1403636729.213555574 0.846463501 4.401541710 3.471782207 0.029087123 -0.014333516 0.019630082 -0.999281347
1403636729.263555527 0.836622238 4.384384155 3.471924782 -0.026777174 0.013400467 -0.018398849 0.999382317
1403636729.313555479 0.827715516 4.370062828 3.451603889 -0.025381582 0.013019606 -0.018927783 0.999413848
1403636729.363555670 0.817928076 4.355128765 3.429968596 0.023961820 -0.013099503 0.018401572 -0.999457657
1403636729.413555384 0.808343112 4.340260983 3.408272743 0.023327582 -0.013831194 0.018981215 -0.999451995
1403636729.463555574 0.799724340 4.325111389 3.385246992 0.022831701 -0.013997478 0.019186480 -0.999457240
1403636729.513555527 0.792169690 4.309640408 3.360835314 0.022256298 -0.013940888 0.019042877 -0.999473691
1403636729.563555479 0.785809457 4.294168949 3.335582733 0.021767994 -0.013336930 0.018552404 -0.999501944
1403636729.613555431 0.781682372 4.278486252 3.310107708 0.021534253 -0.012429759 0.018516975 -0.999519348
1403636729.663555622 0.778564453 4.262803078 3.283596039 0.021399269 -0.011797306 0.018214604 -0.999535501
1403636729.713555574 0.776292443 4.247262001 3.257111311 0.020803280 -0.012049242 0.016886370 -0.999568343
1403636729.763555527 0.774830997 4.229754925 3.243510723 -0.021455664 0.010354141 -0.017283600 0.999566793
1403636729.813555479 0.772112131 4.213973999 3.217785835 -0.021721764 0.008226571 -0.016608162 0.999592245
1403636729.863555670 0.766997933 4.197993279 3.190451145 0.022280684 -0.005500765 0.016960399 -0.999592721
1403636729.913555384 0.760865033 4.182052135 3.164238453 0.021908380 -0.003729148 0.014855579 -0.999642670
1403636729.963555574 0.753652096 4.166133404 3.138656139 0.022358779 -0.001975469 0.015805518 -0.999623179
1403636730.013555527 0.745599985 4.150012493 3.113916159 0.022210363 -0.000438319 0.014789197 -0.999643862
1403636730.063555479 0.736851871 4.133704185 3.089735031 0.021916522 0.000373525 0.014673142 -0.999652088
1403636730.113555431 0.727307022 4.117366791 3.066481590 0.021393986 0.001001427 0.014696923 -0.999662638
1403636730.163555622 0.716977060 4.100975037 3.043866396 0.020956578 0.000763082 0.013623415 -0.999687314
1403636730.213555574 0.705683410 4.084941864 3.022048235 0.021123087 0.001945222 0.014446564 -0.999670684
1403636730.263555527 0.695714831 4.066460133 3.006368160 -0.021145282 -0.002101806 -0.014784813 0.999664962
1403636730.313555479 0.683519959 4.050428391 2.985994101 -0.020223042 -0.001530016 -0.012911768 0.999710977
1403636730.363555670 0.669680297 4.033936501 2.965567827 0.019859716 0.002018197 0.012858130 -0.999718130
1403636730.413555384 0.655749857 4.017987728 2.945938349 0.019885764 0.003276158 0.013606939 -0.999704301
1403636730.463555574 0.642978787 4.002068520 2.927024603 0.019420480 0.006899397 0.013141938 -0.999701262
1403636730.513555527 0.632270753 3.986348391 2.907600403 0.019771766 0.010718847 0.014330232 -0.999644399
1403636730.563555479 0.624033809 3.970495224 2.888635397 0.019326929 0.014887797 0.013418800 -0.999612331
1403636730.613555431 0.618616164 3.954753160 2.871091604 0.019022329 0.017792242 0.012855274 -0.999578118
1403636730.663555622 0.616029978 3.939086914 2.854664326 0.018840915 0.019345133 0.012277396 -0.999559939
1403636730.713555574 0.617492080 3.923365116 2.839066267 0.018421508 0.020371230 0.012088172 -0.999549687
1403636730.763555527 0.615708113 3.907896519 2.831863880 -0.018976426 -0.021607341 -0.012955643 0.999502480
1403636730.813555479 0.621194720 3.892178774 2.817373037 -0.018784748 -0.022046490 -0.013346618 0.999491394
1403636730.863555670 0.628904939 3.876054764 2.803541422 0.018164860 0.022754926 0.011218087 -0.999513090
1403636730.913555384 0.636165500 3.860323191 2.790691614 0.017177178 0.023522012 0.007573301 -0.999547064
1403636730.963555574 0.642902970 3.844863176 2.779260635 0.015555381 0.022263389 0.002527309 -0.999627948
1403636731.013555527 0.648489296 3.829976320 2.769407511 0.014178315 0.020921525 -0.002705532 -0.999676943
1403636731.063555479 0.653815806 3.815754890 2.761003494 0.012038314 0.015419038 -0.009379337 -0.999764681
1403636731.113555431 0.658496499 3.803017378 2.753718138 0.011188830 0.008833733 -0.013240856 -0.999810696
1403636731.163555622 0.661588430 3.791826963 2.747415304 0.010835755 0.003621874 -0.015230327 -0.999818802
1403636731.213555574 0.663554132 3.782228470 2.741816759 0.011919480 -0.000227435 -0.013557170 -0.999837041
1403636731.263555527 0.653612912 3.777429342 2.728407145 -0.013428938 0.004251862 0.009704123 0.999853730
1403636731.313555479 0.652878821 3.770746708 2.723239660 -0.015834253 0.006066821 0.004627507 0.999845505
1403636731.363555670 0.652396321 3.765087128 2.718815327 0.017644564 -0.006679788 -0.000682805 -0.999821782
1403636731.413555384 0.649784863 3.759989262 2.714507341 0.019732211 -0.005602918 0.004290462 -0.999780416
1403636731.463555574 0.646277845 3.755186319 2.710502625 0.020387065 -0.006174529 0.005813189 -0.999756217
1403636731.513555527 0.641309977 3.750682116 2.706648827 0.020089364 -0.005283421 0.004640073 -0.999773502
1403636731.563555479 0.635377526 3.746400118 2.702942610 0.018405715 -0.004769161 0.000549436 -0.999819100
1403636731.613555431 0.628929138 3.742688417 2.699298382 0.017451026 -0.005025209 -0.002425951 -0.999832153
1403636731.663555622 0.621426880 3.739814520 2.695619106 0.016493443 -0.004876686 -0.004910422 -0.999840021
1403636731.713555574 0.613140583 3.737940550 2.692166328 0.016893059 -0.005071001 -0.004412060 -0.999834776
1403636731.763555527 0.600509465 3.737527847 2.686033010 -0.017934011 0.004829238 0.001349618 0.999826670
1403636731.813555479 0.590049744 3.737453699 2.682245970 -0.018582826 0.004858234 -0.000595048 0.999815404
1403636731.863555670 0.579466939 3.738353252 2.679170609 0.019242972 -0.004695463 0.003107913 -0.999798954
1403636731.913555384 0.567818522 3.739361286 2.676087141 0.019339537 -0.005018546 0.004917767 -0.999788284
1403636731.963555574 0.555414200 3.740603209 2.673188448 0.019201733 -0.005791324 0.005283500 -0.999784946
1403636732.013555527 0.542061687 3.742084742 2.670642138 0.019056918 -0.006013040 0.005997373 -0.999782383
1403636732.063555479 0.527929783 3.744012117 2.668256760 0.019052263 -0.007544226 0.006999872 -0.999765575
1403636732.113555431 0.512334347 3.746155500 2.666121244 0.018649740 -0.007666114 0.006469905 -0.999775767
1403636732.163555622 0.495853692 3.748579979 2.664166212 0.018536974 -0.007798428 0.007624277 -0.999768734
1403636732.213555574 0.480049461 3.751218557 2.661566257 0.018436762 -0.009392101 0.008227886 -0.999752104
1403636732.263555527 0.469703853 3.753024817 2.666870594 -0.018769905 0.010155538 -0.010207289 0.999720216
1403636732.313555479 0.455881029 3.755915880 2.662118196 -0.017949484 0.011098915 -0.009252889 0.999734521
1403636732.363555670 0.442681164 3.757977724 2.655784607 0.018779971 -0.010579248 0.011868846 -0.999697208
1403636732.413555384 0.432415009 3.760335922 2.648082733 0.020357925 -0.012221588 0.016249932 -0.999586046
1403636732.463555574 0.424456388 3.762464285 2.638909817 0.022772836 -0.014713963 0.023400698 -0.999358535
1403636732.513555527 0.417917937 3.763944387 2.627289295 0.025582716 -0.017636109 0.031918336 -0.999007344
1403636732.563555479 0.412170082 3.764331341 2.614535570 0.027475135 -0.020693336 0.038093403 -0.998682082
1403636732.613555431 0.407433599 3.763386726 2.600794315 0.028883260 -0.023819737 0.043075662 -0.998370111
1403636732.663555622 0.403537303 3.760801792 2.585865736 0.028159313 -0.026419168 0.042806979 -0.998336971
1403636732.713555574 0.401265681 3.757477522 2.570286274 0.026294772 -0.028409531 0.039037455 -0.998487651
1403636732.763555527 0.409213871 3.750391483 2.564379454 -0.024230745 0.027988043 -0.034660194 0.998713315
1403636732.813555479 0.409170568 3.744204760 2.546208858 -0.021913003 0.028908821 -0.029796790 0.998897552
1403636732.863555670 0.406836510 3.735605478 2.525573969 0.021078927 -0.029085033 0.027921179 -0.998964608
1403636732.913555384 0.403543383 3.727329493 2.504807711 0.020371616 -0.028129339 0.026786910 -0.999037623
1403636732.963555574 0.398244739 3.718492985 2.483533859 0.019697277 -0.026062962 0.025752839 -0.999134421
1403636733.013555527 0.391267329 3.709205151 2.462010860 0.019175459 -0.023218878 0.025356449 -0.999224901
1403636733.063555479 0.383906424 3.699609518 2.440175295 0.019015823 -0.020498173 0.025373403 -0.999286950
1403636733.113555431 0.377752274 3.689436197 2.417347431 0.018600995 -0.016566381 0.024950925 -0.999378383
1403636733.163555622 0.370085597 3.679783106 2.387130022 0.019496104 -0.016510237 0.027739113 -0.999288738
1403636733.213555574 0.367328823 3.668297529 2.362473965 0.019127255 -0.015108305 0.027900176 -0.999313474
1403636733.263555527 0.374669254 3.651467562 2.348425865 -0.019239204 0.013862765 -0.029112738 0.999294817
1403636733.313555479 0.374058932 3.638559341 2.321726084 -0.018171832 0.013234936 -0.027463753 0.999369979
1403636733.363555670 0.373682141 3.624704361 2.294009924 0.017151047 -0.011090389 0.025667200 -0.999461889
1403636733.413555384 0.374468356 3.610658884 2.266409397 0.015955023 -0.008545223 0.024118315 -0.999545336
1403636733.463555574 0.376763374 3.596176386 2.238431215 0.015083877 -0.006788525 0.021485452 -0.999632359
1403636733.513555527 0.379967988 3.581308126 2.210770369 0.014717365 -0.004672423 0.021110130 -0.999657929
1403636733.563555479 0.382423818 3.566223860 2.183185101 0.014335599 -0.003169629 0.020187762 -0.999688387
1403636733.613555431 0.383962482 3.551021338 2.155992985 0.014222397 -0.001843175 0.021182198 -0.999672771
1403636733.663555622 0.384062916 3.535668135 2.129417658 0.013646823 -0.000654286 0.019432886 -0.999717891
1403636733.713555574 0.382879376 3.520181656 2.103522062 0.013494270 0.000492242 0.019660825 -0.999715567
1403636733.763555527 0.384858936 3.502790213 2.063060045 -0.013596751 -0.001267355 -0.020666761 0.999693215
1403636733.813555479 0.380963951 3.487261772 2.039037704 -0.013349197 -0.003258982 -0.020123443 0.999703169
1403636733.863555670 0.375837296 3.471435070 2.016076088 0.013187489 0.004198397 0.020170832 -0.999700725
1403636733.913555384 0.370149314 3.455643415 1.993583798 0.013675959 0.003024630 0.021776875 -0.999664783
1403636733.963555574 0.363766849 3.439780235 1.971652389 0.014818544 0.000829098 0.024901288 -0.999579728
1403636734.013555527 0.356855720 3.423602819 1.950341344 0.015225466 -0.002443647 0.026136266 -0.999539495
1403636734.063555479 0.348975480 3.407248497 1.929313540 0.015698520 -0.004949282 0.026157631 -0.999522328
1403636734.113555431 0.340907842 3.390332460 1.908408284 0.015732549 -0.007055385 0.024622936 -0.999548197
1403636734.163555622 0.333380938 3.373160839 1.887027979 0.015932085 -0.007782917 0.024188951 -0.999550164
1403636734.213555574 0.327128559 3.355487823 1.865363598 0.015185894 -0.008039467 0.022648238 -0.999595881
1403636734.263555527 0.325301498 3.341435671 1.832851648 -0.013841310 0.008716646 -0.021598367 0.999632895
1403636734.313555479 0.322136730 3.323221684 1.808909416 -0.012916537 0.007557032 -0.020041708 0.999687135
1403636734.363555670 0.319799572 3.305118561 1.785467148 0.012180571 -0.006072738 0.019031158 -0.999726236
1403636734.413555384 0.319853902 3.286748648 1.760845900 0.011215232 -0.004536402 0.017601371 -0.999771953
1403636734.463555574 0.320844650 3.268450260 1.735978842 0.010698666 -0.002667575 0.017501226 -0.999786079
1403636734.513555527 0.321763784 3.250254869 1.711409688 0.010045490 -0.001099858 0.017110748 -0.999802530
1403636734.563555479 0.321790099 3.232170105 1.687403679 0.009591665 0.001147670 0.016956594 -0.999809623
1403636734.613555431 0.320802808 3.214130878 1.664009094 0.008964162 0.003122989 0.016693322 -0.999815583
1403636734.663555622 0.318549007 3.196472883 1.641284347 0.008974154 0.004986310 0.017645506 -0.999791682
1403636734.713555574 0.307565928 3.183390856 1.608999372 -0.008241774 -0.005771569 -0.018544424 0.999777436
1403636734.763555527 0.303009510 3.166173935 1.587770224 -0.007990711 -0.005440805 -0.019955976 0.999754131
1403636734.813555479 0.297777653 3.149696827 1.568321109 0.007331287 0.006513942 0.019842792 -0.999755025
1403636734.863555670 0.291268706 3.132918835 1.549586415 0.006612306 0.006684455 0.019932965 -0.999757111
1403636734.913555384 0.283840060 3.116265535 1.532019615 0.005844505 0.007012895 0.019584881 -0.999766529
1403636734.963555574 0.275778979 3.099826097 1.515424848 0.005390781 0.007284470 0.019000240 -0.999778450
1403636735.013555527 0.267154276 3.083449125 1.499712586 0.005538897 0.007192372 0.020135716 -0.999756098
1403636735.063555479 0.257942647 3.067008972 1.484778047 0.005155354 0.006687491 0.019479236 -0.999774694
1403636735.113555431 0.248632982 3.050611019 1.469944000 0.005056485 0.006667469 0.018659899 -0.999790847
1403636735.163555622 0.240191892 3.034672499 1.454996467 0.004699010 0.006871764 0.017399358 -0.999814034
1403636735.213555574 0.208840117 3.021620274 1.426750064 -0.004536272 -0.007029426 -0.016284892 0.999832392
1403636735.263555527 0.203923106 3.005579233 1.411993265 -0.004549493 -0.008315337 -0.014690000 0.999847174
1403636735.313555479 0.203366190 2.990910769 1.398441672 0.004829547 0.009760596 0.013127829 -0.999854624
1403636735.363555670 0.205976903 2.975687504 1.384805679 0.005417212 0.010958549 0.011844179 -0.999855161
1403636735.413555384 0.212704256 2.960632324 1.371007442 0.006651087 0.009574463 0.011745389 -0.999863148
1403636735.463555574 0.221387655 2.945713043 1.356391668 0.007807692 0.008872794 0.010258291 -0.999877572
1403636735.513555527 0.231184870 2.931160450 1.341848493 0.009901451 0.008101461 0.010604233 -0.999862015
1403636735.563555479 0.242611483 2.916736603 1.327174902 0.011803691 0.006808086 0.010660271 -0.999850392
1403636735.613555431 0.253839403 2.902111053 1.312203765 0.013648672 0.005837395 0.011097503 -0.999828279
1403636735.663555622 0.264612466 2.887982845 1.297883391 0.015647061 0.005497790 0.011303153 -0.999798596
1403636735.713555574 0.250557065 2.881108522 1.278405190 -0.016403813 -0.004512766 -0.009792087 0.999807298
1403636735.763555527 0.257788211 2.867230415 1.265023589 -0.018025754 -0.004979298 -0.010535196 0.999769628
1403636735.813555479 0.266588479 2.856169224 1.254883647 0.018641595 0.004713837 0.009231172 -0.999772549
1403636735.863555670 0.273008525 2.844183207 1.244367599 0.019294385 0.004118142 0.009372868 -0.999761403
1403636735.913555384 0.278168291 2.832559109 1.234706879 0.019434756 0.003759803 0.009217246 -0.999761641
1403636735.963555574 0.282251298 2.821238756 1.225798249 0.019902132 0.003637315 0.009831998 -0.999747038
1403636736.013555527 0.286454260 2.809755087 1.217180133 0.018685540 0.002864446 0.011352844 -0.999756873
1403636736.063555479 0.291413993 2.798009634 1.208397985 0.015890865 0.002318404 0.013232377 -0.999783516
1403636736.113555431 0.297998965 2.785870790 1.198872089 0.011197319 0.000349762 0.014133001 -0.999837458
1403636736.163555622 0.305831432 2.773492813 1.188711882 0.005441237 -0.001455293 0.016389428 -0.999849856
1403636736.213555574 0.316210091 2.767181396 1.180856824 0.001160208 0.003621517 -0.018079242 0.999829352
1403636736.263555527 0.325738430 2.755070210 1.169480801 0.007034529 0.004250684 -0.020426299 0.999757588
1403636736.313555479 0.334389687 2.743516207 1.157432199 -0.012138820 -0.004698827 0.023050886 -0.999649584
1403636736.363555670 0.341648281 2.732050896 1.146101713 -0.016438395 -0.004856835 0.025781786 -0.999520659
1403636736.413555384 0.347217679 2.720797539 1.135151744 -0.020181334 -0.004731354 0.027889000 -0.999396086
1403636736.463555574 0.351545930 2.709882021 1.124740839 -0.022248594 -0.005113509 0.032722097 -0.999203801
1403636736.513555527 0.354005575 2.698967695 1.115156531 -0.023540970 -0.006085057 0.038101278 -0.998978019
1403636736.563555479 0.354692847 2.688139439 1.106147408 -0.024615647 -0.006816573 0.042823918 -0.998756111
1403636736.613555431 0.353963226 2.677291870 1.097440124 -0.025270725 -0.007426017 0.046713013 -0.998561025
1403636736.663555622 0.352214873 2.665969372 1.088812828 -0.026378974 -0.008309918 0.048217181 -0.998453975
1403636736.713555574 0.372349292 2.653817415 1.098076105 0.027271679 0.008581749 -0.050003424 0.998339832
1403636736.763555527 0.369706422 2.641984224 1.091027856 0.027954146 0.007880949 -0.050920818 0.998280287
1403636736.813555479 0.362335414 2.627375126 1.080765605 -0.028664747 -0.008855793 0.052084044 -0.998192012
1403636736.863555670 0.355731547 2.613157034 1.071843863 -0.030099114 -0.009222395 0.050874799 -0.998208821
1403636736.913555384 0.348151773 2.598341703 1.062583804 -0.030787980 -0.008379420 0.051920351 -0.998141348
1403636736.963555574 0.340141028 2.582802534 1.053416252 -0.032547485 -0.008552162 0.050063614 -0.998178899
1403636737.013555527 0.331468761 2.566575289 1.044232607 -0.035016868 -0.008257916 0.046759792 -0.998258054
1403636737.063555479 0.322187930 2.550079823 1.034975648 -0.037531879 -0.008664801 0.044019353 -0.998287857
1403636737.113555431 0.312212586 2.533248425 1.025590539 -0.040471341 -0.009353091 0.040193956 -0.998328149
1403636737.163555622 0.301813632 2.516695976 1.016565561 -0.042320307 -0.009076612 0.039406527 -0.998285472
1403636737.213555574 0.321977496 2.492534161 1.026060224 0.043944836 0.007085354 -0.038768128 0.998256385
1403636737.263555527 0.311822861 2.475953102 1.018284321 0.046199288 0.006267773 -0.036559738 0.998243392
1403636737.313555479 0.296730459 2.458499432 1.008387804 -0.047036450 -0.004070377 0.037648086 -0.998175144
1403636737.363555670 0.284742683 2.441723108 0.999219596 -0.048600163 -0.002193948 0.036862113 -0.998135507
1403636737.413555384 0.274007142 2.425327063 0.988443434 -0.049684957 -0.000052174 0.037515391 -0.998060167
1403636737.463555574 0.265093744 2.409183025 0.976968527 -0.050778992 0.002238611 0.037788171 -0.997992277
1403636737.513555527 0.258873373 2.393210411 0.965326190 -0.051300507 0.003846181 0.039142463 -0.997908533
1403636737.563555479 0.272194654 2.371276855 0.967775643 0.052476771 -0.005712470 -0.037874285 0.997887313
1403636737.613555431 0.269489944 2.355599642 0.955848753 0.053745966 -0.006741707 -0.035771132 0.997890949
1403636737.663555622 0.267368287 2.340006113 0.944094837 -0.055484608 0.008457010 0.032467581 -0.997895777
1403636737.713555574 0.266684473 2.325194597 0.931560814 -0.056704830 0.009984944 0.029398169 -0.997908115
1403636737.763555527 0.268025488 2.311064720 0.918902695 -0.057696845 0.010356307 0.026983786 -0.997915685
1403636737.813555479 0.271382958 2.297602892 0.906537712 -0.058472998 0.010908736 0.024274644 -0.997934222
1403636737.863555670 0.277678221 2.284994364 0.893673122 -0.058782484 0.010845309 0.022605484 -0.997955918
1403636737.913555384 0.285824597 2.273300648 0.880729258 -0.058832262 0.010825672 0.022036424 -0.997965991
1403636737.963555574 0.297309220 2.262557983 0.868166566 -0.058761142 0.010336243 0.021279847 -0.997991800
1403636738.013555527 0.311495394 2.252956390 0.856092989 -0.058060829 0.009726702 0.021245917 -0.998039603
1403636738.063555479 0.335945368 2.233781099 0.862272203 0.056506570 -0.011442263 -0.022251116 0.998088658
1403636738.113555431 0.352021486 2.226124048 0.850658357 0.054877002 -0.009865711 -0.025136942 0.998127937
1403636738.163555622 0.368211150 2.217638254 0.839623570 -0.053721398 0.008506855 0.025977787 -0.998181760
1403636738.213555574 0.382819980 2.210633755 0.829446018 -0.052350525 0.007188143 0.027341839 -0.998228550
1403636738.263555527 0.395817369 2.204249382 0.820276439 -0.051460680 0.007019265 0.027240062 -0.998278797
1403636738.313555479 0.407485962 2.198210716 0.812141180 -0.050516307 0.007097297 0.027767234 -0.998311937
1403636738.363555670 0.418011159 2.192626238 0.805259228 -0.049529519 0.007407282 0.027288463 -0.998372376
1403636738.413555384 0.427299082 2.187439680 0.799843073 -0.048788108 0.007802127 0.027043162 -0.998412549
1403636738.463555574 0.435300261 2.183023930 0.795810163 -0.046830729 0.008185475 0.026966959 -0.998505235
1403636738.513555527 0.441855073 2.179290056 0.793292820 -0.043546822 0.009266376 0.025372993 -0.998686194
1403636738.563555479 0.434261918 2.169918537 0.794607759 0.038431950 -0.010329946 -0.023170749 0.998939157
1403636738.613555431 0.437382579 2.167545795 0.795464754 0.032672983 -0.011974884 -0.019789135 0.999198437
1403636738.663555622 0.440822035 2.165427446 0.795974076 -0.025090436 0.012082051 0.016424607 -0.999477208
1403636738.713555574 0.442461938 2.164511681 0.798309505 -0.016729943 0.011306508 0.011806968 -0.999726415
1403636738.763555527 0.442834914 2.164329290 0.801393449 -0.007300622 0.008241337 0.006988911 -0.999914944
1403636738.813555479 0.441878855 2.164932013 0.805145264 0.002755376 0.005329658 0.000976734 -0.999981582
1403636738.863555670 0.439674795 2.166705370 0.809603512 0.013177684 0.001751706 -0.005810675 -0.999894798
1403636738.913555384 0.435756862 2.169471741 0.814519823 0.024552600 -0.000309012 -0.012131468 -0.999624968
1403636738.963555574 0.430436254 2.173201561 0.820007741 0.035894226 -0.002071891 -0.019871417 -0.999155939
1403636739.013555527 0.423779637 2.178062916 0.825904369 0.047765896 -0.004024702 -0.028025040 -0.998457253
1403636739.063555479 0.397110403 2.193230152 0.809667289 -0.059579030 0.006096114 0.036406897 0.997540891
1403636739.113555431 0.388168007 2.201091051 0.816095173 -0.073804930 0.007023650 0.040622700 0.996420264
1403636739.163555622 0.378615260 2.210351944 0.822701633 0.088877223 -0.006722032 -0.042278741 -0.995122194
1403636739.213555574 0.368118227 2.220815420 0.829244494 0.104227141 -0.007591390 -0.044123508 -0.993545294
1403636739.263555527 0.356702030 2.232354164 0.835669935 0.120116599 -0.007472546 -0.044702243 -0.991724730
1403636739.313555479 0.344666928 2.244454622 0.842092276 0.135945603 -0.007805466 -0.044611789 -0.989680588
1403636739.363555670 0.332776606 2.256946802 0.848215163 0.151873797 -0.007532207 -0.043798707 -0.987400353
1403636739.413555384 0.312362909 2.271959782 0.836201549 -0.166025296 0.007617034 0.044818502 0.985073090
1403636739.463555574 0.303019822 2.284356594 0.840661466 -0.179929510 0.007516456 0.046501674 0.982551038
1403636739.513555527 0.295134425 2.296711922 0.843199611 0.192235753 -0.007291181 -0.050754830 -0.980008304
1403636739.563555479 0.290220201 2.308336496 0.845749617 0.202380404 -0.008868789 -0.056183435 -0.977653801
1403636739.613555431 0.286731333 2.319467545 0.848015249 0.210517496 -0.009564186 -0.061410692 -0.975612462
1403636739.663555622 0.284965038 2.330425739 0.849962175 0.217906818 -0.008616590 -0.064054951 -0.973827124
1403636739.713555574 0.284175336 2.341067553 0.851900935 0.223399401 -0.009457862 -0.066414244 -0.972415745
1403636739.763555527 0.282894820 2.351550817 0.854755700 0.226724908 -0.009999128 -0.070996612 -0.971316278
1403636739.813555479 0.280333996 2.362028360 0.858134806 0.229348525 -0.010521324 -0.073608644 -0.970500052
1403636739.863555670 0.276607573 2.372692108 0.862326384 0.231448963 -0.010245365 -0.075266048 -0.969877005
1403636739.913555384 0.259404898 2.381057024 0.844403863 -0.232700333 0.010673100 0.075949460 0.969519675
1403636739.963555574 0.253138155 2.392437935 0.849224985 -0.233721063 0.010739060 0.075677909 0.969294667
1403636740.013555527 0.247052878 2.404074907 0.854989111 0.234272867 -0.009852459 -0.074849732 -0.969235122
1403636740.063555479 0.239457577 2.415797234 0.860790491 0.234452412 -0.008995275 -0.073080309 -0.969335020
1403636740.113555431 0.231082842 2.427572727 0.866812825 0.234952450 -0.008860628 -0.069803447 -0.969456792
1403636740.163555622 0.221643299 2.439549685 0.872850776 0.235524133 -0.007915027 -0.065728754 -0.969610989
1403636740.213555574 0.211399496 2.451353550 0.879088283 0.235905141 -0.007794129 -0.061136961 -0.969819784
1403636740.263555527 0.200180978 2.462558270 0.885387719 0.235974908 -0.007152601 -0.057531793 -0.970028281
1403636740.313555479 0.188228071 2.472960472 0.891542733 0.234665394 -0.008920547 -0.057688277 -0.970321953
1403636740.363555670 0.173426628 2.481804371 0.894964874 0.232512012 -0.009942645 -0.059048355 -0.970748544
1403636740.413555384 0.146619484 2.488650322 0.890465021 -0.229896978 0.012032008 0.062002171 0.971163452
1403636740.463555574 0.129998654 2.497074366 0.895920277 -0.227957785 0.011937195 0.064034440 0.971489787
1403636740.513555527 0.114929691 2.506372452 0.903416157 0.225890577 -0.014466438 -0.065714292 -0.971826077
1403636740.563555479 0.100038119 2.514973164 0.908931792 0.224846303 -0.015022071 -0.065457471 -0.972077131
1403636740.613555431 0.086621843 2.523447037 0.913608313 0.223634750 -0.015381768 -0.065198667 -0.972368300
1403636740.663555622 0.074547894 2.531822681 0.917469084 0.222069427 -0.014507813 -0.066814087 -0.972630799
1403636740.713555574 0.063771255 2.540174007 0.920142174 0.220786303 -0.012473332 -0.068104766 -0.972861588
1403636740.763555527 0.053837255 2.548844576 0.921875358 0.220001251 -0.009688599 -0.067398652 -0.973120272
1403636740.813555479 0.043753050 2.557694197 0.923054874 0.219005466 -0.009171313 -0.067734472 -0.973326623
1403636740.863555670 0.032665037 2.566575050 0.924104571 0.218301460 -0.010033577 -0.067569122 -0.973487735
1403636740.913555384 0.017031714 2.573598385 0.928802013 -0.218547598 0.011119368 0.064145692 0.973652303
1403636740.963555574 0.002892829 2.582671642 0.930065989 -0.219841808 0.012292472 0.059220176 0.973658860
1403636741.013555527 -0.012460403 2.592096329 0.931442142 0.222078919 -0.011952112 -0.051810287 -0.973577857
1403636741.063555479 -0.029788131 2.600900412 0.933144450 0.225270614 -0.012458834 -0.045309193 -0.973162413
1403636741.113555431 -0.049323175 2.609080076 0.935254991 0.228017181 -0.013738684 -0.043608449 -0.972583055
1403636741.163555622 -0.071131654 2.617662430 0.930567205 0.231435090 -0.015677268 -0.045075726 -0.971679151
1403636741.213555574 -0.094424784 2.623902559 0.933052540 0.234104261 -0.017910967 -0.049965199 -0.970761538
1403636741.263555527 -0.119039148 2.627634525 0.942755818 0.235661179 -0.019514907 -0.056652006 -0.969986379
1403636741.313555479 -0.145239070 2.631638765 0.945669770 0.236654162 -0.019608580 -0.062504373 -0.969383121
1403636741.363555670 -0.171895787 2.635055065 0.948107719 0.237601370 -0.016450444 -0.068853348 -0.968779802
1403636741.413555384 -0.192024276 2.636186361 0.959492207 -0.239456609 0.013064418 0.073101684 0.968062997
1403636741.463555574 -0.215957284 2.638961792 0.960504949 -0.240912959 0.008947001 0.076068670 0.967519760
1403636741.513555527 -0.238564849 2.640695572 0.961159229 0.242136762 -0.001812372 -0.078771405 -0.967037559
1403636741.563555479 -0.259252399 2.643060446 0.961362481 0.241662726 0.001307528 -0.084358402 -0.966685653
1403636741.613555431 -0.278125405 2.645944834 0.960680246 0.243440419 0.005539261 -0.082744874 -0.966364026
1403636741.663555622 -0.295034111 2.649261951 0.960015178 0.243961707 0.007354056 -0.082959570 -0.966202021
1403636741.713555574 -0.309433609 2.653248072 0.959336638 0.244497672 0.007001355 -0.082084112 -0.966143966
1403636741.763555527 -0.321326315 2.658148766 0.959194779 0.244960770 0.004848785 -0.079994902 -0.966215074
1403636741.813555479 -0.332173586 2.663671255 0.959507942 0.245242536 0.002744473 -0.077270500 -0.966373622
1403636741.863555670 -0.343419701 2.669885874 0.960370898 0.245620087 0.000377692 -0.073433511 -0.966580689
1403636741.913555384 -0.344617486 2.688475370 0.962606072 -0.245297968 -0.000007999 0.069870159 0.966926634
1403636741.963555574 -0.358649701 2.695162296 0.965970278 -0.245690808 0.000440857 0.064252160 0.967216432
1403636742.013555527 -0.374508977 2.699828863 0.969899178 0.245840311 0.001528131 -0.059874602 -0.967458129
1403636742.063555479 -0.390569568 2.704785585 0.974904418 0.244596958 0.004521290 -0.058401421 -0.967853963
1403636742.113555431 -0.405902445 2.709067822 0.980499506 0.242357254 0.009179388 -0.059964743 -0.968288660
1403636742.163555622 -0.419497311 2.712831974 0.986418366 0.239835709 0.011929462 -0.063039832 -0.968691111
1403636742.213555574 -0.431405157 2.716540337 0.992944121 0.237579435 0.012953551 -0.065149397 -0.969094396
1403636742.263555527 -0.440993696 2.720265627 0.999810100 0.234678969 0.012790595 -0.068885520 -0.969544709
1403636742.313555479 -0.448838681 2.724188328 1.006400347 0.232587352 0.010238783 -0.069409095 -0.970041633
1403636742.363555670 -0.455192238 2.728126287 1.012733221 0.231287241 0.005964346 -0.070166737 -0.970333576
1403636742.413555384 -0.445076883 2.740734339 1.011558890 -0.229488447 -0.001935352 0.069509864 0.970824242
1403636742.463555574 -0.447015554 2.745799303 1.018249512 -0.228492543 0.000977548 0.069356054 0.971071541
1403636742.513555527 -0.449113786 2.749996662 1.024682283 0.227674797 -0.002940155 -0.068534397 -0.971318007
1403636742.563555479 -0.450100780 2.755135536 1.032005072 0.226766035 -0.004027949 -0.068218157 -0.971548915
1403636742.613555431 -0.450531662 2.760435104 1.039474964 0.226368055 -0.006116375 -0.067058526 -0.971711516
1403636742.663555622 -0.452000320 2.765848160 1.047280788 0.226066843 -0.008873605 -0.066261806 -0.971814990
1403636742.713555574 -0.455467314 2.771277905 1.055869341 0.225213543 -0.011576082 -0.065743566 -0.972019911
1403636742.763555527 -0.461244941 2.776806593 1.065247655 0.224586532 -0.013693856 -0.064972103 -0.972189367
1403636742.813555479 -0.468740553 2.782215834 1.074757099 0.224191397 -0.015160996 -0.064592727 -0.972284019
1403636742.863555670 -0.477866739 2.787422180 1.084339499 0.223120719 -0.016618479 -0.065019257 -0.972478092
1403636742.913555384 -0.480743766 2.796178579 1.085591197 -0.221980780 0.016863031 0.065615855 0.972694635
1403636742.963555574 -0.493133485 2.801243782 1.094194412 -0.222627237 0.017012600 0.066479534 0.972485602
1403636743.013555527 -0.508484364 2.807044983 1.104949355 0.224568069 -0.014858223 -0.067431457 -0.972008944
1403636743.063555479 -0.525358856 2.812773466 1.115075111 0.227020696 -0.009572845 -0.070513949 -0.971286714
1403636743.113555431 -0.542860270 2.818620205 1.123051763 -0.229448423 0.001163090 0.074983194 0.970427573
1403636743.163555622 -0.559217989 2.824831486 1.133040309 -0.231524318 -0.009713291 0.079445608 0.969531119
1403636743.213555574 -0.573247135 2.831575871 1.142137051 0.233515278 0.017820368 -0.082386978 -0.968692660
1403636743.263555527 -0.586041451 2.839152575 1.152063131 0.235925570 0.026547948 -0.083773531 -0.967789412
1403636743.313555479 -0.595309854 2.847260714 1.162207842 0.237126201 0.029813875 -0.086475596 -0.967163026
1403636743.363555670 -0.601741970 2.856405973 1.173013330 0.237852469 0.031417288 -0.089024909 -0.966702580
1403636743.413555384 -0.604910314 2.866910458 1.184780121 0.238729224 0.031186724 -0.090402924 -0.966365933
1403636743.463555574 -0.605525196 2.878695011 1.197939515 0.239737868 0.027516605 -0.090036348 -0.966261923
1403636743.513555527 -0.606300771 2.891526699 1.212012053 0.240883976 0.024039304 -0.089043848 -0.966161668
1403636743.563555479 -0.607796431 2.905364275 1.227389574 0.241924822 0.019056004 -0.087577790 -0.966146708
1403636743.613555431 -0.622568071 2.922618151 1.247442365 -0.243078172 -0.014284564 0.083913416 0.966264725
1403636743.663555622 -0.626672029 2.938030243 1.266203642 -0.244101614 -0.011201938 0.081034243 0.966293097
1403636743.713555574 -0.631547868 2.953423738 1.285469770 0.245481059 0.006572429 -0.077871412 -0.966246307
1403636743.763555527 -0.637581646 2.969602108 1.306112409 0.248205721 0.001581984 -0.075337194 -0.965772092
1403636743.813555479 -0.645207703 2.985776186 1.327489138 0.251160830 -0.001402897 -0.075968742 -0.964958608
1403636743.863555670 -0.654059410 3.001826048 1.349746943 0.253510177 -0.005322256 -0.079103395 -0.964078307
1403636743.913555384 -0.663770080 3.017841339 1.372563481 0.257067412 -0.008151960 -0.077890098 -0.963214993
1403636743.963555574 -0.675002038 3.034021139 1.396146297 0.259891957 -0.010798034 -0.077146895 -0.962490499
1403636744.013555527 -0.687826931 3.050385952 1.420851111 0.261882454 -0.012258586 -0.077930510 -0.961870134
1403636744.063555479 -0.701942444 3.066682339 1.446148157 0.265903324 -0.013217205 -0.076667622 -0.960855305
1403636744.113555431 -0.727508843 3.083823919 1.473508000 -0.270023286 0.014487385 0.077813923 0.959595025
1403636744.163555622 -0.744341612 3.099461317 1.499238849 -0.274095654 0.015637847 0.079088308 0.958317280
1403636744.213555574 -0.762690306 3.113167048 1.524649978 0.276997179 -0.017521398 -0.081732064 -0.957228065
1403636744.263555527 -0.782516062 3.126822710 1.550248146 0.279093474 -0.020102452 -0.084954835 -0.956287324
1403636744.313555479 -0.804049313 3.140031099 1.575821877 0.281076908 -0.020825980 -0.087049007 -0.955502212
1403636744.363555670 -0.827067733 3.153058052 1.601800561 0.282001168 -0.021759992 -0.090658680 -0.954873264
1403636744.413555384 -0.855119824 3.168656588 1.626010776 -0.281814992 0.023064325 0.094259389 0.954548836
1403636744.463555574 -0.880758166 3.181388378 1.651747704 -0.281319350 0.024298601 0.098195948 0.954267621
1403636744.513555527 -0.907976627 3.194338799 1.677122831 0.279242992 -0.026288277 -0.103555396 -0.954258144
1403636744.563555479 -0.936128557 3.207953930 1.702235341 0.278625965 -0.028405750 -0.104491539 -0.954275846
1403636744.613555431 -0.965695679 3.221930742 1.727042675 0.277232468 -0.030576076 -0.106923960 -0.954345107
1403636744.663555622 -1.005011439 3.240899086 1.756160259 -0.276776254 0.033054356 0.106579855 0.954433382
1403636744.713555574 -1.036759257 3.256156206 1.779086471 -0.277628273 0.034384716 0.103492253 0.954478681
1403636744.763555527 -1.069693208 3.271584749 1.800121903 0.279570132 -0.033776253 -0.098211884 -0.954491556
1403636744.813555479 -1.101499796 3.286749125 1.819631219 0.281052142 -0.032270152 -0.094436891 -0.954489410
1403636744.863555670 -1.132163525 3.301235199 1.837009788 0.282195866 -0.029468458 -0.091278389 -0.954549849
1403636744.913555384 -1.158971071 3.319447994 1.857441902 -0.282937139 0.024599154 0.088828072 0.954699516
1403636744.963555574 -1.186304927 3.332688808 1.871426344 -0.282464981 0.021434050 0.088048473 0.954987824
1403636745.013555527 -1.211742997 3.345457315 1.884174347 0.281326145 -0.016998634 -0.088651925 -0.955357313
1403636745.063555479 -1.234714150 3.358421326 1.896589279 0.280050308 -0.013095739 -0.088364184 -0.955820203
1403636745.113555431 -1.256507635 3.371007919 1.908439040 0.278056115 -0.008349557 -0.089161038 -0.956381440
1403636745.163555622 -1.276472211 3.383481026 1.919690609 0.275397509 -0.007048094 -0.091312610 -0.956958055
1403636745.213555574 -1.295016050 3.396496773 1.931082845 0.273791850 -0.005879509 -0.089364745 -0.957610250
1403636745.263555527 -1.312962294 3.409888744 1.942749023 0.271644711 -0.004764987 -0.088360138 -0.958320916
1403636745.313555479 -1.329549909 3.423652411 1.954362273 0.269881487 -0.005237635 -0.086215653 -0.959011734
1403636745.363555670 -1.343375325 3.437594891 1.965640306 0.268244952 -0.009149142 -0.082967006 -0.959727824
1403636745.413555384 -1.346644163 3.459566832 1.987138033 -0.267082065 0.013824408 0.080156259 0.960234940
1403636745.463555574 -1.355268002 3.473108292 1.995905876 -0.267030537 0.017441714 0.077071898 0.960442841
1403636745.513555527 -1.363487959 3.485866785 2.003674984 0.266940862 -0.020596255 -0.076881193 -0.960420609
1403636745.563555479 -1.370074511 3.498139143 2.010631323 0.267574251 -0.022228226 -0.076927215 -0.960204244
1403636745.613555431 -1.375494480 3.509753227 2.016527653 0.269203454 -0.023548195 -0.077306002 -0.959686816
1403636745.663555622 -1.379486680 3.520561695 2.021275997 0.271422386 -0.024295326 -0.077686444 -0.959012210
1403636745.713555574 -1.381016612 3.530756950 2.025346756 0.274160564 -0.024852881 -0.077464409 -0.958236694
1403636745.763555527 -1.381033421 3.540322065 2.028825521 0.277698934 -0.024366247 -0.076687194 -0.957292378
1403636745.813555479 -1.379567862 3.549156666 2.031726360 0.280894428 -0.022998532 -0.076727115 -0.956390262
1403636745.863555670 -1.375667334 3.557451725 2.034236193 0.284827322 -0.022055097 -0.075645916 -0.955334842
1403636745.913555384 -1.366294503 3.568454266 2.043939829 -0.288942099 0.021552138 0.075282425 0.954138637
1403636745.963555574 -1.359280825 3.574363947 2.045457840 -0.293436229 0.020287910 0.073035873 0.952968717
1403636746.013555527 -1.351674676 3.579180241 2.046039104 0.297363758 -0.019097144 -0.071805157 -0.951868773
1403636746.063555479 -1.341870666 3.582347631 2.046105862 0.300967664 -0.017926201 -0.070508808 -0.950855255
1403636746.113555431 -1.330350399 3.584069967 2.045784235 0.304396778 -0.015797285 -0.069011621 -0.949910760
1403636746.163555622 -1.317085624 3.584090233 2.044974804 0.306786895 -0.016242199 -0.068520360 -0.949169636
1403636746.213555574 -1.302058220 3.582119703 2.043339252 0.308711827 -0.017866140 -0.067796201 -0.948568165
1403636746.263555527 -1.285623431 3.578780413 2.041793346 0.310274243 -0.022336660 -0.067505933 -0.947984159
1403636746.313555479 -1.268778443 3.574197292 2.040855408 0.311789930 -0.030525601 -0.065252222 -0.947416186
1403636746.363555670 -1.254204869 3.567738533 2.040426016 0.312222749 -0.036690358 -0.065338828 -0.947048962
1403636746.413555384 -1.247959018 3.561583757 2.042194366 -0.312726021 0.039943915 0.065028206 0.946772635
1403636746.463555574 -1.239177227 3.552015066 2.043083906 -0.311393648 0.038397349 0.068528980 0.947028756
1403636746.513555527 -1.232169151 3.540533066 2.044549704 0.309698075 -0.033839170 -0.072227314 -0.947483718
1403636746.563555479 -1.227984667 3.528031111 2.046554089 0.306801230 -0.025913615 -0.077919096 -0.948224723
1403636746.613555431 -1.226111293 3.514886379 2.049299717 0.303639919 -0.015633292 -0.083713308 -0.948973417
1403636746.663555622 -1.221077681 3.501699686 2.055076122 0.299449265 -0.005107001 -0.090720095 -0.949775755
1403636746.713555574 -1.221110344 3.488329411 2.059687376 0.294873953 0.003707194 -0.098913997 -0.950395525
1403636746.763555527 -1.225831985 3.475417376 2.062952042 0.290793270 0.008472118 -0.105663560 -0.950895786
1403636746.813555479 -1.221620321 3.464588642 2.071682453 0.287171274 0.009698283 -0.110819660 -0.951397717
1403636746.863555670 -1.225998759 3.454805136 2.076745987 0.284448743 0.008736997 -0.114473864 -0.951792181
1403636746.913555384 -1.237951279 3.435484886 2.074122190 -0.282505482 -0.006351836 0.115762852 0.952233911
1403636746.963555574 -1.236582756 3.428864956 2.081395864 -0.281523734 -0.005082488 0.114632510 0.952668905
1403636747.013555527 -1.232523680 3.424525023 2.089321852 0.280858219 0.002783336 -0.113460898 -0.953015029
1403636747.063555479 -1.224918604 3.421800137 2.096200943 0.282279998 0.000311786 -0.106954493 -0.953351259
1403636747.113555431 -1.214568377 3.420210838 2.102627993 0.284482390 -0.002199344 -0.100009032 -0.953448057
1403636747.163555622 -1.202121854 3.419645071 2.109605551 0.285949677 -0.005710013 -0.095520414 -0.953454852
1403636747.213555574 -1.187150598 3.420049667 2.117124081 0.288304329 -0.007562521 -0.089103691 -0.953354061
1403636747.263555527 -1.169748068 3.420400381 2.124575615 0.290080309 -0.009359727 -0.085035473 -0.953170955
1403636747.313555479 -1.152512789 3.416707516 2.129032135 0.291492075 -0.009503700 -0.082449660 -0.952966034
1403636747.363555670 -1.134531021 3.413078547 2.133208036 0.292439252 -0.010120416 -0.081417859 -0.952758133
1403636747.413555384 -1.117259383 3.404486895 2.133984804 -0.293891758 0.010499299 0.080726564 0.952365875
1403636747.463555574 -1.102140784 3.400180101 2.139574289 -0.295347631 0.010533579 0.080264807 0.951953948
1403636747.513555527 -1.082268238 3.399606705 2.150762081 0.296165466 -0.009541765 -0.082108349 -0.951553106
1403636747.563555479 -1.066620946 3.396407843 2.160427570 0.296837717 -0.008249397 -0.083141953 -0.951265931
1403636747.613555431 -1.051479101 3.392783642 2.170702696 0.297465116 -0.007521119 -0.085027948 -0.950909138
1403636747.663555622 -1.035305262 3.388517857 2.180734396 0.298448533 -0.006637556 -0.085701220 -0.950547159
1403636747.713555574 -1.018504739 3.383126497 2.189796448 0.299528867 -0.006331965 -0.086696833 -0.950118959
1403636747.763555527 -1.000443459 3.376897573 2.198013306 0.300808609 -0.005336215 -0.087214626 -0.949673295
1403636747.813555479 -0.996051133 3.364404917 2.197248936 -0.301833719 0.006042201 0.087976016 0.949273527
1403636747.863555670 -0.974437475 3.356887341 2.204258204 -0.302540958 0.007276533 0.089570224 0.948890567
1403636747.913555384 -0.948370099 3.350290537 2.213650227 0.301368982 -0.009840652 -0.096502297 -0.948560596
1403636747.963555574 -0.922697186 3.342984676 2.221971750 0.299917936 -0.014973830 -0.104087092 -0.948151350
1403636748.013555527 -0.898168683 3.336069345 2.230360270 0.298391461 -0.018029159 -0.111652449 -0.947719038
1403636748.063555479 -0.875422597 3.329801083 2.238499165 0.297752619 -0.020067785 -0.117156401 -0.947214425
1403636748.113555431 -0.854721844 3.324439049 2.246405125 0.297876865 -0.020264301 -0.119690329 -0.946854234
1403636748.163555622 -0.836218357 3.320063114 2.254101276 0.297689468 -0.020299798 -0.123258598 -0.946454585
1403636748.213555574 -0.819757223 3.316686153 2.261300325 0.299015671 -0.018994709 -0.122166008 -0.946205258
1403636748.263555527 -0.805479467 3.314650059 2.268043518 0.301269889 -0.016219784 -0.116938032 -0.946202397
1403636748.313555479 -0.793131113 3.318732977 2.275082111 -0.303745359 0.013796538 0.110038154 0.946276963
1403636748.363555670 -0.781923890 3.318640947 2.281792164 -0.306604952 0.010965329 0.102287479 0.946261346
1403636748.413555384 -0.769729555 3.318104506 2.289592266 0.308759004 -0.009055735 -0.095440939 -0.946296453
1403636748.463555574 -0.757630289 3.317799568 2.296901703 0.309693992 -0.009073211 -0.092515655 -0.946281314
1403636748.513555527 -0.744361818 3.316984892 2.303689718 0.310585052 -0.009171290 -0.089137189 -0.946312547
1403636748.563555479 -0.730250001 3.315537691 2.310048580 0.310812235 -0.009479832 -0.088918351 -0.946255505
1403636748.613555431 -0.714776516 3.313606262 2.315903187 0.309706360 -0.011698631 -0.092424765 -0.946257293
1403636748.663555622 -0.698206842 3.311574459 2.321239948 0.308674216 -0.013814909 -0.095881611 -0.946222007
1403636748.713555574 -0.681289196 3.309823990 2.326271296 0.307325184 -0.016355388 -0.100806274 -0.946108818
1403636748.763555527 -0.665407300 3.308329821 2.331164837 0.306149751 -0.018215712 -0.105298117 -0.945966601
1403636748.813555479 -0.632639885 3.317925215 2.346902609 -0.305286765 0.018991981 0.109245241 0.945782661
1403636748.863555670 -0.618843257 3.317707062 2.352042437 -0.305430651 0.020345006 0.111555427 0.945438325
1403636748.913555384 -0.608172417 3.316967964 2.356722355 0.305994719 -0.021727838 -0.114172906 -0.944912553
1403636748.963555574 -0.597955465 3.317514896 2.361088037 0.307250857 -0.022538768 -0.115554899 -0.944317758
1403636749.013555527 -0.588798881 3.318708420 2.364995241 0.308487266 -0.023401137 -0.116817042 -0.943738282
1403636749.063555479 -0.580588281 3.320406914 2.368509293 0.308629423 -0.024940498 -0.120221712 -0.943224609
1403636749.113555431 -0.573054254 3.322865248 2.371348381 0.308390468 -0.027182069 -0.124236248 -0.942720473
1403636749.163555622 -0.566207290 3.326434374 2.373604774 0.308895677 -0.028414512 -0.125798807 -0.942311406
1403636749.213555574 -0.558541000 3.331395626 2.374999523 0.310556054 -0.028246276 -0.124634705 -0.941925347
1403636749.263555527 -0.549167335 3.337239981 2.374476910 0.314011604 -0.026915157 -0.118848726 -0.941566467
1403636749.313555479 -0.517001867 3.353134632 2.385097265 -0.317033231 0.024796620 0.113695964 0.941248298
1403636749.363555670 -0.503723621 3.360940933 2.383752823 -0.319491208 0.022839315 0.109115802 0.941008806
1403636749.413555384 -0.493105084 3.365224361 2.377398252 0.321534425 -0.021480586 -0.104857557 -0.940829039
1403636749.463555574 -0.479823291 3.370792150 2.371952772 0.323505849 -0.020354025 -0.100260057 -0.940679312
1403636749.513555527 -0.466002226 3.375946760 2.366026878 0.324994534 -0.018693777 -0.096287318 -0.940615714
1403636749.563555479 -0.451805472 3.380781174 2.359934092 0.326427609 -0.016471393 -0.091632500 -0.940626025
1403636749.613555431 -0.438149691 3.385478735 2.354135752 0.327710897 -0.016044440 -0.087146908 -0.940613449
1403636749.663555622 -0.425973117 3.389518499 2.349547386 0.327677488 -0.015636155 -0.085693099 -0.940765500
1403636749.713555574 -0.399307907 3.403999805 2.352276325 -0.326894462 0.016373558 0.085910931 0.941005468
1403636749.763555527 -0.389299989 3.406831980 2.349586964 -0.325983047 0.019557383 0.085862793 0.941265166
1403636749.813555479 -0.380754262 3.409090996 2.347484350 0.324888140 -0.024028521 -0.085545830 -0.941569090
1403636749.863555670 -0.373794049 3.410572529 2.345795393 0.323554724 -0.029171422 -0.085835032 -0.941856563
1403636749.913555384 -0.368515432 3.411345005 2.344388485 0.322275877 -0.032532617 -0.085281983 -0.942235053
1403636749.963555574 -0.364546865 3.411277771 2.342964411 0.320777535 -0.035733569 -0.084605061 -0.942691326
1403636750.013555527 -0.362145841 3.410264254 2.341447115 0.319058686 -0.037408452 -0.084197968 -0.943245947
1403636750.063555479 -0.360724926 3.408241749 2.339630842 0.317453057 -0.038129613 -0.084182300 -0.943760037
1403636750.113555431 -0.359546006 3.405725718 2.337465763 0.315709174 -0.036770221 -0.084643267 -0.944357634
1403636750.163555622 -0.366113275 3.396230459 2.332315683 0.314250857 -0.034864161 -0.085025564 -0.944881856
1403636750.213555574 -0.355171025 3.392660618 2.327929497 -0.312708706 0.032787174 0.085930452 0.945385873
1403636750.263555527 -0.350301087 3.387994289 2.322847605 -0.311435074 0.029314213 0.085935608 0.945919693
1403636750.313555479 -0.344603956 3.382623672 2.316616297 0.309475780 -0.027180746 -0.087027676 -0.946526408
1403636750.363555670 -0.335504293 3.377016544 2.309215069 0.308206886 -0.023971178 -0.086293533 -0.947094202
1403636750.413555384 -0.323993087 3.371031284 2.301127434 0.306191206 -0.022854157 -0.088139564 -0.947605491
1403636750.463555574 -0.309924424 3.364652872 2.291974545 0.304672539 -0.021307791 -0.087132916 -0.948223889
1403636750.513555527 -0.293232560 3.357626438 2.281258106 0.302839547 -0.021462660 -0.086463407 -0.948868632
1403636750.563555479 -0.274268180 3.350526571 2.269765854 0.301185101 -0.020408226 -0.085581556 -0.949498236
1403636750.613555431 -0.254007518 3.342985868 2.257391453 0.299387872 -0.019542273 -0.085372776 -0.950103462
1403636750.663555622 -0.233655632 3.334626198 2.243212461 0.298674226 -0.018807955 -0.083303310 -0.950526536
1403636750.713555574 -0.225781202 3.307865858 2.219967842 -0.297630250 0.018048201 0.082830392 0.950909913
1403636750.763555527 -0.202991888 3.298663378 2.204808712 -0.296382785 0.016742790 0.082642958 0.951339662
1403636750.813555479 -0.176427737 3.291400433 2.190944195 0.295850128 -0.015658269 -0.081701972 -0.951605141
1403636750.863555670 -0.149315923 3.282390594 2.175200462 0.295012355 -0.014817788 -0.081411287 -0.951903582
1403636750.913555384 -0.121194109 3.272622585 2.158320904 0.295040816 -0.012294312 -0.080080986 -0.952043474
1403636750.963555574 -0.093397215 3.262328148 2.141492367 0.295218974 -0.010650032 -0.078510299 -0.952138901
1403636751.013555527 -0.066403672 3.251898050 2.125186205 0.295583129 -0.008895356 -0.077803761 -0.952101946
1403636751.063555479 -0.040382057 3.241071224 2.109588146 0.295811772 -0.008413339 -0.077640347 -0.952048659
1403636751.113555431 -0.022822574 3.215690613 2.091873169 -0.296475828 0.008623699 0.078099594 0.951802611
1403636751.163555622 -0.000787929 3.203721285 2.078387976 -0.296374053 0.006446375 0.080305733 0.951668024
1403636751.213555574 0.020209700 3.190626621 2.066129208 0.296950489 -0.001716448 -0.080779120 -0.951468468
1403636751.263555527 0.040568486 3.177826405 2.054596424 0.296618223 0.002643449 -0.083774455 -0.951310992
1403636751.313555479 0.060792491 3.164855480 2.043431759 0.296279550 0.004496748 -0.086645000 -0.951152384
1403636751.363555670 0.081119463 3.152125359 2.032993793 0.295550853 0.003707139 -0.090838306 -0.950991213
1403636751.413555384 0.101752862 3.139713526 2.023265839 0.294927001 0.000418463 -0.094502039 -0.950835049
1403636751.463555574 0.122318238 3.127833366 2.013994932 0.293870330 -0.003981935 -0.099192724 -0.950676203
1403636751.513555527 0.142683744 3.116429567 2.005084515 0.292396724 -0.008320918 -0.102179177 -0.950786173
1403636751.563555479 0.162729532 3.105562687 1.996299028 0.289870232 -0.012817112 -0.103496343 -0.951367199
1403636751.613555431 0.181800425 3.097676754 1.992577195 -0.286624908 0.015053855 0.105290301 0.952120543
1403636751.663555622 0.199848011 3.088212013 1.983763695 -0.283290267 0.015433709 0.106526025 0.952974677
1403636751.713555574 0.216567218 3.079231501 1.974900484 0.279941350 -0.012692630 -0.107827097 -0.953858018
1403636751.763555527 0.232205600 3.071399689 1.965615988 0.276967466 -0.008648547 -0.109077580 -0.954628944
1403636751.813555479 0.247094378 3.064769983 1.956225395 0.274151921 -0.004145555 -0.110328265 -0.955327868
1403636751.863555670 0.261925459 3.059853792 1.946761370 0.273240328 0.001643708 -0.108094558 -0.955851793
1403636751.913555384 0.277220428 3.056159019 1.937052488 0.272997618 0.005453380 -0.103706464 -0.956393063
1403636751.963555574 0.292726159 3.053744078 1.927963972 0.273216188 0.008520011 -0.098881543 -0.956819057
1403636752.013555527 0.308254004 3.052652121 1.919801235 0.273758262 0.010697958 -0.094492905 -0.957085729
1403636752.063555479 0.323974729 3.052483082 1.912690639 0.274065018 0.010506882 -0.091563314 -0.957284808
1403636752.113555431 0.340862691 3.063045263 1.917951822 -0.274154544 -0.008828292 0.089329109 0.957487166
1403636752.163555622 0.357228160 3.064563990 1.913614750 -0.273308516 -0.004491971 0.086548127 0.958014488
1403636752.213555574 0.372645080 3.065497875 1.908402681 0.271306068 -0.000372350 -0.083526179 -0.958862007
1403636752.263555527 0.388575315 3.066663742 1.904211521 0.267550677 -0.004842308 -0.080957577 -0.960124552
1403636752.313555479 0.405851007 3.067873240 1.900069714 0.262703627 -0.010279346 -0.077927552 -0.961669624
1403636752.363555670 0.424214542 3.068803310 1.895659447 0.256544024 -0.014777654 -0.074645832 -0.963532448
1403636752.413555384 0.443647116 3.069446087 1.890739918 0.249205470 -0.017183024 -0.071465515 -0.965657353
1403636752.463555574 0.464121282 3.069905758 1.885233283 0.240575388 -0.017396955 -0.068586700 -0.968047917
1403636752.513555527 0.485238582 3.070251226 1.879284382 0.231581494 -0.017112371 -0.064399101 -0.970530748
1403636752.563555479 0.510754824 3.075623512 1.876802206 -0.221959665 0.015348213 0.060555130 0.973052621
1403636752.613555431 0.529288590 3.076093912 1.871397495 -0.211994708 0.013750122 0.056314666 0.975550115
1403636752.663555622 0.545448780 3.077130079 1.866189599 0.201707602 -0.010775851 -0.052406855 -0.977983415
1403636752.713555574 0.560351968 3.077923298 1.861443877 0.191094786 -0.010236885 -0.048811369 -0.980303824
1403636752.763555527 0.573507547 3.078806639 1.857253432 0.180230722 -0.009064938 -0.044981536 -0.982553542
1403636752.813555479 0.584758222 3.079634428 1.853434920 0.170020521 -0.007743075 -0.039172169 -0.984631181
1403636752.863555670 0.593988597 3.080098391 1.849909544 0.159009784 -0.005890505 -0.034322530 -0.986662686
1403636752.913555384 0.602153480 3.080589533 1.846676826 0.148834869 -0.006192837 -0.026788939 -0.988479733
1403636752.963555574 0.608263671 3.080772161 1.844220996 0.138318434 -0.005310306 -0.019355837 -0.990184426
1403636753.013555527 0.612992883 3.080451727 1.842347145 0.127447888 -0.004219884 -0.012330179 -0.991759658
1403636753.063555479 0.626169682 3.076113939 1.840026021 -0.116287336 0.002713084 0.005496029 0.993196726
1403636753.113555431 0.628106892 3.074430227 1.839586139 -0.104532465 0.002038919 -0.000678199 0.994519174
1403636753.163555622 0.628019810 3.073504686 1.839713454 0.092300557 -0.001268566 0.006455346 -0.995709479
1403636753.213555574 0.626804352 3.071092367 1.840738177 0.080037408 -0.000711144 0.012352216 -0.996715128
1403636753.263555527 0.624161720 3.067870855 1.842637181 0.068258576 -0.000192174 0.019411599 -0.997478843
1403636753.313555479 0.620322704 3.063652277 1.845311165 0.056949008 -0.000156275 0.027750516 -0.997991383
1403636753.363555670 0.615543067 3.058421373 1.848348975 0.045698982 -0.001453937 0.032496043 -0.998425543
1403636753.413555384 0.611142457 3.051986933 1.851444006 0.035468284 -0.002585783 0.034607612 -0.998768151
1403636753.463555574 0.607731819 3.044430733 1.854921103 0.026123092 -0.003378320 0.033685423 -0.999085367
1403636753.513555527 0.605869174 3.035850763 1.857496619 0.018682778 -0.003852391 0.032384396 -0.999293506
1403636753.563555479 0.611644149 3.016381264 1.859276772 -0.012689888 0.003681876 -0.030648187 0.999442995
1403636753.613555431 0.612966776 3.006129742 1.859357238 -0.008216790 0.005350422 -0.029594472 0.999513924
1403636753.663555622 0.615934074 2.997105837 1.857915759 0.005160198 -0.005743846 0.028398685 -0.999566853
1403636753.713555574 0.618279338 2.987282276 1.856609702 0.003199809 -0.005811980 0.027206305 -0.999607801
1403636753.763555527 0.620607018 2.977370024 1.855396271 0.002582781 -0.006955556 0.027715780 -0.999588311
1403636753.813555479 0.621529937 2.967206478 1.854175448 0.002652374 -0.007600604 0.028427407 -0.999563515
1403636753.863555670 0.620774686 2.956773520 1.852720499 0.003217959 -0.008288742 0.028507847 -0.999554038
1403636753.913555384 0.618382037 2.945835352 1.851616979 0.003611494 -0.008004195 0.027123259 -0.999593556
1403636753.963555574 0.614916265 2.934517384 1.850213289 0.004654882 -0.008544705 0.027155319 -0.999583900
1403636754.013555527 0.611787677 2.922639370 1.848418593 0.006198566 -0.009252240 0.027435547 -0.999561548
1403636754.063555479 0.611299038 2.901432991 1.844921708 -0.007808659 0.012253063 -0.026669078 0.999538779
1403636754.113555431 0.611391902 2.888237715 1.842210054 -0.008827001 0.015828455 -0.025979348 0.999498188
1403636754.163555622 0.613203943 2.875809669 1.838151574 0.010355004 -0.018467603 0.025997296 -0.999437809
1403636754.213555574 0.615113735 2.862342596 1.833037019 0.012368493 -0.020977899 0.027246632 -0.999332130
1403636754.263555527 0.617958546 2.848324060 1.826042175 0.014179773 -0.022075091 0.028008534 -0.999263346
1403636754.313555479 0.622017324 2.833627224 1.818423390 0.015826182 -0.022188108 0.028481131 -0.999222755
1403636754.363555670 0.627111197 2.818294287 1.810159564 0.017018626 -0.022219721 0.029896269 -0.999161065
1403636754.413555384 0.632828116 2.801712990 1.800488591 0.016336489 -0.022018647 0.029789876 -0.999180138
1403636754.463555574 0.638309836 2.784045219 1.789714575 0.014319558 -0.021536181 0.030111946 -0.999211907
1403636754.513555527 0.642607152 2.765407085 1.778295279 0.011744466 -0.020642631 0.031496469 -0.999221683
1403636754.563555479 0.647554696 2.745429277 1.758629680 -0.008361507 0.018656971 -0.034345459 0.999200940
1403636754.613555431 0.648157895 2.725132465 1.746986032 -0.003425484 0.016789122 -0.037115362 0.999164104
1403636754.663555622 0.647109270 2.704343081 1.735732198 -0.003161239 -0.016259355 0.039426129 -0.999085248
1403636754.713555574 0.644655108 2.682663202 1.724026918 -0.010741704 -0.015059440 0.041206747 -0.998979449
1403636754.763555527 0.641273201 2.660191059 1.712126255 -0.019212056 -0.015266947 0.043561738 -0.998749375
1403636754.813555479 0.636433840 2.637567043 1.700111508 -0.026940184 -0.014876953 0.046638466 -0.998437703
1403636754.863555670 0.631641686 2.618323326 1.678222775 0.034599680 0.014579007 -0.047803141 0.998150945
1403636754.913555384 0.624060273 2.595049143 1.665530801 0.040375680 0.015042212 -0.050566327 0.997790873
1403636754.963555574 0.615047932 2.572327375 1.652362943 -0.046269357 -0.014462042 0.051468279 -0.997497380
1403636755.013555527 0.605192721 2.548866034 1.639174461 -0.050320156 -0.013998836 0.054856967 -0.997127235
1403636755.063555479 0.594766557 2.525019884 1.625390530 -0.054242976 -0.014157999 0.054821759 -0.996921182
1403636755.113555431 0.584893703 2.500809193 1.610194802 -0.057299018 -0.013759269 0.056063127 -0.996686757
1403636755.163555622 0.575333714 2.476218462 1.593147755 -0.060156044 -0.012936199 0.055715516 -0.996548891
1403636755.213555574 0.573302507 2.451666594 1.570581794 0.062355302 0.012470894 -0.055690967 0.996421039
1403636755.263555527 0.566702306 2.426390409 1.551022887 0.063461050 0.009822060 -0.055952542 0.996366203
1403636755.313555479 0.561252952 2.400690556 1.530964017 -0.064413361 -0.004616622 0.056083404 -0.996335447
1403636755.363555670 0.557350397 2.374759674 1.509551883 -0.064863488 0.001613916 0.055896852 -0.996326149
1403636755.413555384 0.555147469 2.348628998 1.488158464 -0.064574242 0.006820733 0.056853455 -0.996268749
1403636755.463555574 0.554415286 2.322009087 1.467283249 -0.064455278 0.010256277 0.056465622 -0.996268988
1403636755.513555527 0.554193556 2.295046329 1.447096229 -0.063596122 0.011106555 0.057127248 -0.996277452
1403636755.563555479 0.554651499 2.268860817 1.423351884 0.062446717 -0.011417701 -0.058619704 0.996259928
1403636755.613555431 0.552865744 2.240948677 1.405114412 0.061531138 -0.009557839 -0.059398305 0.996290326
1403636755.663555622 0.549860179 2.212754488 1.388175368 -0.061325960 0.008219426 0.057561059 -0.996422768
1403636755.713555574 0.545408905 2.184187412 1.371869802 -0.060835879 0.007367488 0.056814466 -0.996502340
1403636755.763555527 0.539996207 2.155301809 1.356222391 -0.060755223 0.005758821 0.055089995 -0.996614695
1403636755.813555479 0.533745050 2.126175165 1.341281533 -0.060628582 0.002872418 0.053836517 -0.996703386
1403636755.863555670 0.526255131 2.096818447 1.326774836 -0.060700815 0.001128208 0.052769434 -0.996759534
1403636755.913555384 0.518526793 2.067187548 1.312691808 -0.060613353 -0.001602567 0.052490711 -0.996778905
1403636755.963555574 0.511125505 2.037306070 1.298687100 -0.060941264 -0.002436464 0.051162422 -0.996826291
1403636756.013555527 0.504860461 2.007300615 1.283925414 -0.061140638 -0.003653550 0.050457913 -0.996846259
1403636756.063555479 0.493826985 1.981647372 1.260335922 0.061371893 0.004684212 -0.049802292 0.996860802
1403636756.113555431 0.491024494 1.951169014 1.245123267 0.060886938 0.005547477 -0.051097285 0.996820509
1403636756.163555622 0.490848929 1.920111895 1.230562687 -0.060916256 -0.006727610 0.051614504 -0.996784866
1403636756.213555574 0.491449237 1.889050126 1.214591503 -0.061132539 -0.007883718 0.051243979 -0.996782184
1403636756.263555527 0.492322505 1.857720852 1.198049307 -0.061531924 -0.008037073 0.050878607 -0.996775091
1403636756.313555479 0.492614716 1.826273680 1.181367278 -0.061827026 -0.008039429 0.050845198 -0.996758580
1403636756.363555670 0.491999805 1.794736862 1.165079713 -0.062172279 -0.008556036 0.051430959 -0.996702790
1403636756.413555384 0.489890337 1.763123274 1.148772597 -0.062150072 -0.009058293 0.052406471 -0.996648908
1403636756.463555574 0.484985203 1.731554866 1.132062197 -0.062636338 -0.009194932 0.052179929 -0.996629059
1403636756.513555527 0.471717924 1.708917022 1.113219619 0.063718192 0.009810070 -0.051655453 0.996581912
1403636756.563555479 0.463494450 1.677744865 1.096758246 0.063985340 0.009937677 -0.052204311 0.996535003
1403636756.613555431 0.455422342 1.647173524 1.081120729 -0.064552866 -0.010559296 0.051935043 -0.996505976
1403636756.663555622 0.446374059 1.616104126 1.064664245 -0.065261729 -0.010672587 0.051629692 -0.996474504
1403636756.713555574 0.437895656 1.585190654 1.047116995 -0.065867916 -0.011853857 0.051689971 -0.996418178
1403636756.763555527 0.430248886 1.554338455 1.028199434 -0.066368707 -0.012509602 0.051730320 -0.996374846
1403636756.813555479 0.423062205 1.523595333 1.008016586 -0.067143098 -0.013009386 0.051220503 -0.996342897
1403636756.863555670 0.416827440 1.492949128 0.986588180 -0.067796074 -0.012799527 0.051020257 -0.996311665
1403636756.913555384 0.417338490 1.463893414 0.965139925 0.068101220 0.012694196 -0.051469427 0.996268988
1403636756.963555574 0.414381564 1.433215380 0.940411687 0.068845965 0.012350004 -0.050798561 0.996256649
1403636757.013555527 0.410560161 1.403577447 0.914887309 -0.069122396 -0.012484530 0.051374625 -0.996206284
1403636757.063555479 0.406344980 1.373504758 0.889151573 -0.070238903 -0.011912489 0.049360014 -0.996236980
1403636757.113555431 0.401435494 1.343604684 0.863302648 -0.070388727 -0.012453833 0.049623448 -0.996206760
1403636757.163555622 0.394896924 1.313835502 0.837535381 -0.070512190 -0.011622958 0.049483728 -0.996215045
1403636757.213555574 0.387060910 1.284489155 0.811610639 -0.070672363 -0.012092961 0.049150050 -0.996214628
1403636757.263555527 0.377852798 1.255591393 0.785826564 -0.070672669 -0.011826231 0.049982574 -0.996176362
1403636757.313555479 0.369545490 1.227408290 0.768884122 0.069971576 0.010967661 -0.052656241 0.996097922
1403636757.363555670 0.357513547 1.198722124 0.743435442 0.070338294 0.009857111 -0.052413873 0.996096492
1403636757.413555384 0.344153881 1.170128345 0.718245685 -0.069954909 -0.008170012 0.054249842 -0.996040404
1403636757.463555574 0.330662876 1.141316533 0.692780316 -0.069419228 -0.006142321 0.056348607 -0.995975971
1403636757.513555527 0.318024546 1.112074256 0.666436434 -0.070446171 -0.003696239 0.058797121 -0.995774388
1403636757.563555479 0.304557085 1.082553744 0.644094765 0.072694302 -0.000412406 -0.060666751 0.995507360
1403636757.613555431 0.294411302 1.051946282 0.616903126 0.075898916 -0.006390857 -0.062743135 0.995119035
1403636757.663555622 0.286111325 1.020514607 0.589510679 -0.078953996 0.012797236 0.064618550 -0.994699478
1403636757.713555574 0.279778749 0.988546491 0.562351942 -0.082504496 0.019107699 0.065816164 -0.994231522
1403636757.763555527 0.276208848 0.955909789 0.535751224 -0.085912600 0.024302242 0.066426218 -0.993788779
1403636757.813555479 0.271509111 0.923877299 0.514040768 0.089159854 -0.028332422 -0.067366317 0.993332565
1403636757.863555670 0.274317622 0.889689386 0.489223629 0.092417203 -0.030758528 -0.066855997 0.992997110
1403636757.913555384 0.281057954 0.855180264 0.465573102 -0.095192261 0.030958246 0.066697247 -0.992739439
1403636757.963555574 0.289175004 0.820047975 0.442338198 -0.098299548 0.028534425 0.065089144 -0.992615938
1403636758.013555527 0.298866212 0.784861028 0.420701534 -0.100389071 0.020620208 0.064945243 -0.992612243
1403636758.063555479 0.307327896 0.749723554 0.400680512 -0.102722146 0.013739897 0.064085200 -0.992548525
1403636758.113555431 0.306528986 0.715600252 0.383332878 0.104822740 -0.007001353 -0.062396958 0.992506862
1403636758.163555622 0.311528981 0.681034446 0.365386248 0.106213637 -0.001789178 -0.061612833 0.992431045
1403636758.213555574 0.314693719 0.647102714 0.347807825 -0.107489802 -0.002989666 0.060890280 -0.992335320
1403636758.263555527 0.315944642 0.613695800 0.330431104 -0.108495243 -0.004966391 0.059640527 -0.992293894
1403636758.313555479 0.315326959 0.580731571 0.313572377 -0.109384939 -0.006723788 0.058041096 -0.992280722
1403636758.363555670 0.311941057 0.548425734 0.297210753 -0.109899200 -0.004944222 0.057029169 -0.992293060
1403636758.413555384 0.305697113 0.516552746 0.281198114 -0.110585935 0.001776303 0.054895665 -0.992347836
1403636758.463555574 0.297471881 0.485114723 0.266014218 -0.111399591 0.011200376 0.051854271 -0.992358685
1403636758.513555527 0.287885904 0.453865528 0.251744390 -0.112824321 0.022875357 0.046871752 -0.992245138
1403636758.563555479 0.277915925 0.423603326 0.238696992 -0.114526927 0.034295660 0.040831815 -0.991988003
1403636758.613555431 0.264935970 0.391815901 0.226071253 0.115937732 -0.042992271 -0.035562683 0.991688192
1403636758.663555622 0.256811798 0.363837332 0.216724291 0.115888111 -0.044938833 -0.034206316 0.991655409
1403636758.713555574 0.251631349 0.337157428 0.210504979 -0.115414985 0.038479719 0.034379501 -0.991976261
1403636758.763555527 0.246700093 0.311946481 0.206084087 -0.113733552 0.029310670 0.037292477 -0.992378354
1403636758.813555479 0.241641283 0.287671119 0.203318253 -0.113651618 0.020964148 0.037566617 -0.992588878
1403636758.863555670 0.236439541 0.264585733 0.201688111 -0.112774611 0.012155703 0.040392820 -0.992724895
1403636758.913555384 0.230129361 0.242842749 0.200631633 -0.110731043 0.006196150 0.045718342 -0.992778957
1403636758.963555574 0.222772449 0.221935183 0.199962273 -0.109954529 0.001453303 0.047927458 -0.992779434
1403636759.013555527 0.214276180 0.201659009 0.199235305 -0.109368756 -0.000897893 0.049860984 -0.992749512
1403636759.063555479 0.204662114 0.181261584 0.198452652 -0.110446349 -0.003204824 0.047544789 -0.992739081
1403636759.113555431 0.199302137 0.157999292 0.194939986 0.112863205 0.003804366 -0.040299885 0.992785692
1403636759.163555622 0.188682884 0.138991192 0.194545463 0.116997145 0.003399820 -0.029629514 0.992684364
1403636759.213555574 0.176428363 0.122529663 0.194262087 -0.120913908 -0.002704262 0.019368459 -0.992470384
1403636759.263555527 0.163753644 0.107933670 0.194475055 -0.124177650 -0.002077508 0.010717427 -0.992200017
1403636759.313555479 0.150479853 0.095959656 0.195162386 -0.125225440 -0.001986045 0.008633421 -0.992088854
1403636759.363555670 0.142568529 0.085058056 0.194905087 0.123161361 0.003407466 -0.015224868 0.992264092
1403636759.413555384 0.128188699 0.078463510 0.196278676 0.120423980 0.004050240 -0.023440218 0.992437601
1403636759.463555574 0.113294840 0.073638283 0.198240474 -0.117953248 -0.005828434 0.031293996 -0.992508829
1403636759.513555527 0.097298160 0.070373096 0.199901000 -0.115267381 -0.006713471 0.039243706 -0.992536366
1403636759.563555479 0.080964878 0.067930251 0.201357186 -0.114144862 -0.007897831 0.044634823 -0.992429554
1403636759.613555431 0.070454426 0.065519020 0.200033218 0.112483881 0.008516354 -0.050777942 0.992318749
1403636759.663555622 0.057871569 0.064434312 0.198595047 0.111688182 0.008683160 -0.054400712 0.992215216
1403636759.713555574 0.047294032 0.063235670 0.195713580 -0.111301370 -0.008206217 0.056813989 -0.992127478
1403636759.763555527 0.039254222 0.061816625 0.191761777 -0.112112574 -0.008797830 0.056235529 -0.992063940
1403636759.813555479 0.034049027 0.060343582 0.187191889 -0.111658238 -0.010045649 0.057900678 -0.992007613
1403636759.863555670 0.029906448 0.059137516 0.182003945 -0.111720800 -0.009051677 0.057358276 -0.992041647
1403636759.913555384 0.025077850 0.058301192 0.176420078 -0.111501120 -0.003922391 0.057861932 -0.992070675
1403636759.963555574 0.020539433 0.059496786 0.169736877 0.111050315 -0.001866714 -0.058636650 0.992081702
1403636760.013555527 0.014359841 0.059116580 0.163844183 0.110824287 -0.006582842 -0.058374066 0.992102385
1403636760.063555479 0.006415965 0.057791714 0.158361793 -0.110932536 0.010905410 0.056828927 -0.992141902
1403636760.113555431 -0.001301213 0.057073928 0.153436989 -0.110064618 0.015459477 0.057855558 -0.992118776
1403636760.163555622 -0.009144969 0.057676479 0.149302676 0.109729148 -0.019062912 -0.058236450 0.992070913
1403636760.213555574 -0.015339082 0.056996584 0.146054581 0.110175677 -0.014916336 -0.056965545 0.992166162
1403636760.263555527 -0.021414286 0.055736065 0.143562496 -0.110364102 0.007570496 0.056023169 -0.992282152
1403636760.313555479 -0.027797056 0.055174958 0.141483054 -0.111271009 0.000623086 0.053954769 -0.992324233
1403636760.363555670 -0.034598988 0.054661978 0.139613435 -0.110811539 -0.003590452 0.055004779 -0.992311716
1403636760.413555384 -0.042915471 0.055297166 0.137750149 -0.110552795 -0.007636678 0.056499578 -0.992233634
1403636760.463555574 -0.052322950 0.056313451 0.135573760 -0.110050969 -0.009019211 0.057979822 -0.992192388
1403636760.513555527 -0.062308483 0.057449866 0.132626832 -0.109403960 -0.007505793 0.059887521 -0.992163301
1403636760.563555479 -0.074319892 0.058735229 0.131052271 0.109259613 0.002519787 -0.061069582 0.992132306
1403636760.613555431 -0.084788948 0.059375048 0.127616897 0.108761869 -0.002919163 -0.062570572 0.992092371
1403636760.663555622 -0.094109192 0.059551720 0.123575315 -0.107896425 0.006817481 0.065203443 -0.991998255
1403636760.713555574 -0.103303842 0.059534982 0.119673692 -0.107417263 0.010140192 0.067322083 -0.991880298
1403636760.763555527 -0.111499794 0.058996089 0.115962870 -0.106936544 0.009795452 0.069435395 -0.991789997
1403636760.813555479 -0.119497567 0.057828698 0.112769142 -0.107035652 0.007172584 0.070217468 -0.991746664
1403636760.863555670 -0.127225086 0.056059174 0.109682299 -0.106792510 0.003352853 0.071852580 -0.991676033
1403636760.913555384 -0.135030717 0.053805571 0.106433496 -0.106978431 0.000103706 0.073067382 -0.991572917
1403636760.963555574 -0.144604027 0.051937412 0.104968108 0.107208170 -0.000285694 -0.073149435 0.991542041
1403636761.013555527 -0.153542042 0.048416115 0.101559669 0.107950538 -0.004047717 -0.071657896 0.991562188
1403636761.063555479 -0.161720991 0.043754511 0.097152703 -0.108500049 0.009083611 0.069849662 -0.991597891
1403636761.113555431 -0.171518251 0.039623328 0.094367377 0.109252669 -0.015760498 -0.068107747 0.991552770
1403636761.163555622 -0.180803016 0.034571428 0.091642998 0.109356903 -0.023589320 -0.067583077 0.991421759
1403636761.213555574 -0.189071089 0.028674027 0.090223439 0.109056190 -0.030359447 -0.069071844 0.991168141
1403636761.263555527 -0.196085230 0.022425212 0.088746883 0.109272785 -0.035088241 -0.068087667 0.991056204
1403636761.313555479 -0.201255754 0.015450343 0.088473096 -0.108987987 0.036234748 0.068815418 -0.990996063
1403636761.363555670 -0.205101401 0.007781300 0.090207003 0.109541982 -0.033442691 -0.068166047 0.991078019
1403636761.413555384 -0.206989720 -0.000100200 0.091760978 0.109900199 -0.026342457 -0.067609474 0.991290569
1403636761.463555574 -0.207335278 -0.008266432 0.093920879 -0.109967165 0.018280912 0.067569725 -0.991467297
1403636761.513555527 -0.207038417 -0.017244060 0.096689388 0.110365890 -0.010967618 -0.066342384 0.991613805
1403636761.563555479 -0.206312820 -0.026037214 0.099211082 0.110402450 -0.004752327 -0.065487966 0.991715789
1403636761.613555431 -0.205230325 -0.034736201 0.101517476 -0.110590704 -0.000037347 0.064081550 -0.991797984
1403636761.663555622 -0.204346836 -0.043545123 0.103518173 -0.111824676 -0.001937543 0.059727430 -0.991929471
1403636761.713555574 -0.203097105 -0.052297987 0.105198264 -0.113809921 -0.003047832 0.052970976 -0.992084742
1403636761.763555527 -0.200598910 -0.061355084 0.106091671 0.115649804 0.002855575 -0.046937924 0.992176354
1403636761.813555479 -0.198226690 -0.068807259 0.107032493 0.117052622 0.002573972 -0.041871484 0.992239356
1403636761.863555670 -0.196278244 -0.074957661 0.107827343 -0.117947176 -0.002234617 0.038879074 -0.992255986
1403636761.913555384 -0.193421453 -0.079709210 0.108269483 -0.117241636 -0.001526033 0.040037993 -0.992294848
1403636761.963555574 -0.189774320 -0.083595619 0.108573295 -0.115638360 -0.001323453 0.043544825 -0.992335558
1403636762.013555527 -0.185481638 -0.086641669 0.108855024 -0.112254925 -0.002936351 0.052374370 -0.992293894
1403636762.063555479 -0.180899054 -0.089365281 0.108682543 -0.108489640 -0.004525411 0.061320860 -0.992194235
1403636762.113555431 -0.176040709 -0.092133649 0.107799388 -0.103898600 -0.006084835 0.073316120 -0.991863310
1403636762.163555622 -0.171569854 -0.095431477 0.106247365 -0.100423858 -0.005533112 0.081765093 -0.991563916
1403636762.213555574 -0.168087423 -0.099825986 0.104246289 -0.098557927 -0.000788023 0.085125126 -0.991483450
1403636762.263555527 -0.167954385 -0.104655132 0.100361913 0.098195367 -0.006863680 -0.084416248 0.991556644
1403636762.313555479 -0.167129368 -0.111334912 0.099337563 0.098405518 -0.015151031 -0.082111053 0.991637349
1403636762.363555670 -0.167889938 -0.119446985 0.100166611 -0.098994583 0.022511924 0.079216473 -0.991674364
1403636762.413555384 -0.171287373 -0.127719566 0.101305246 0.100207016 -0.026573049 -0.075050272 0.991776168
1403636762.463555574 -0.175589889 -0.137678832 0.105092451 0.102930665 -0.028671315 -0.067086749 0.992009401
1403636762.513555527 -0.180486336 -0.148373559 0.110600062 -0.108125083 0.025655802 0.052603621 -0.992413104
1403636762.563555479 -0.187689960 -0.157948658 0.115780041 0.113031313 -0.021084763 -0.038855806 0.992607534
1403636762.613555431 -0.195988655 -0.167580321 0.124000639 0.117796160 -0.016225956 -0.025585009 0.992575526
1403636762.663555622 -0.204013675 -0.175150990 0.133210063 0.120772824 -0.010406785 -0.017863989 0.992464840
1403636762.713555574 -0.215463206 -0.180793390 0.143643156 0.119901396 -0.005278301 -0.021271737 0.992543876
1403636762.763555527 -0.228404254 -0.184283152 0.155203164 -0.117895015 0.001927227 0.027683036 -0.992638350
1403636762.813555479 -0.242234007 -0.186581343 0.166721955 0.114969999 0.000234829 -0.037071642 0.992677033
1403636762.863555670 -0.243620485 -0.184928387 0.168196708 0.119691469 0.031615458 -0.027626222 0.991923094
1403636762.913555384 -0.241668567 -0.180037767 0.162826315 0.116187677 0.043120101 -0.032356493 0.991763175
1403636762.963555574 -0.250188112 -0.172716275 0.157678172 0.106217042 0.015199582 -0.045723349 0.993174911
1403636763.013555527 -0.250048548 -0.162189737 0.150592431 0.096084952 0.005975593 -0.038885120 0.994595349
1403636763.063555479 -0.259393573 -0.152963191 0.146387056 0.088330515 0.005112294 -0.025938030 0.995740354
1403636763.113555431 -0.261768132 -0.146975264 0.141940504 0.082068600 0.016480507 -0.018729640 0.996314406
1403636763.163555622 -0.261633247 -0.144428402 0.137935042 0.076237075 0.030323118 -0.013883332 0.996531844
1403636763.213555574 -0.266072810 -0.142845795 0.137130231 0.074205540 0.021979071 -0.010560151 0.996944845
1403636763.263555527 -0.270979702 -0.142196298 0.140438110 0.074551687 0.013390132 -0.009145177 0.997085333
1403636763.313555479 -0.270854920 -0.140615448 0.139805183 0.074659407 0.016657900 -0.008457094 0.997034073
1403636763.363555670 -0.274128437 -0.140428483 0.138090134 0.074850440 0.016450111 -0.008765865 0.997020602
1403636763.413555384 -0.277333587 -0.140109435 0.137018844 -0.074956395 -0.015031960 0.007837418 -0.997042775
1403636763.463555574 -0.278081596 -0.138071969 0.134465769 0.074688457 0.015324336 -0.008470669 0.997053206
1403636763.513555527 -0.281373709 -0.137818441 0.132695407 0.074892864 0.015358569 -0.007859180 0.997042358
1403636763.563555479 -0.283771813 -0.136902437 0.130482420 -0.074773997 -0.015281177 0.008137605 -0.997050226
1403636763.613555431 -0.286667526 -0.136106342 0.128050834 -0.074828587 -0.015275494 0.007862702 -0.997048438
1403636763.663555622 -0.289405733 -0.135313734 0.125693113 -0.074835747 -0.015537935 0.008050625 -0.997042358
1403636763.713555574 -0.290292561 -0.132701159 0.122671783 0.074909322 0.015205765 -0.007643449 0.997045159
1403636763.763555527 -0.292622149 -0.131746098 0.119969040 0.074700221 0.015315042 -0.008096542 0.997055590
1403636763.813555479 -0.294906080 -0.129941329 0.117021427 -0.074972831 -0.015263501 0.007429355 -0.997041106
