t_s,vram_mib,gpu_util_pct,cpu_pct,ram_mib
0.0,460,41,10.7,9221
1.0,460,40,5.1,9216
2.0,460,38,5.9,9292
3.1,460,34,4.3,9317
4.1,460,38,3.8,9349
5.1,460,39,4.5,9291
6.1,460,33,5.2,9385
7.1,460,40,5.5,9423
8.2,460,32,6.0,9417
9.2,460,37,6.5,9390
10.2,460,41,6.6,9402
11.2,460,40,6.7,9388
12.2,460,35,6.7,9382
13.2,460,40,6.7,9375
14.3,460,37,7.1,9429
15.3,460,37,6.8,9439
16.3,460,36,6.7,9411
17.3,460,36,6.7,9404
18.3,460,39,6.7,9462
19.4,460,38,7.6,9426
20.4,460,31,7.4,9443
21.4,460,34,7.2,9449
22.4,460,40,7.0,9476
23.4,460,37,8.1,9457
24.4,460,39,7.4,9431
25.5,460,33,6.8,9485
26.5,460,39,6.8,9462
27.5,460,39,6.2,9492
28.5,460,38,6.1,9452
29.5,460,37,6.7,9477
30.6,460,41,7.1,9433
31.6,460,39,7.1,9454
32.6,460,39,6.4,9448
33.6,460,36,8.7,9395
34.6,460,37,7.7,9417
35.7,460,45,8.1,9391
36.7,460,35,7.4,9388
37.7,460,37,7.6,9433
38.7,460,37,7.4,9415
39.7,460,34,7.1,9393
40.8,460,37,6.9,9391
41.8,460,40,7.4,9408
42.8,460,40,7.3,9355
43.8,460,40,8.2,9432
44.8,460,37,7.8,9458
45.9,460,38,8.6,9379
46.9,460,34,9.1,9394
47.9,460,35,7.7,9385
48.9,460,37,7.6,9429
49.9,460,36,7.2,9437
51.0,460,33,7.5,9456
52.0,460,35,6.9,9441
53.0,460,40,7.5,9413
54.0,460,39,6.9,9408
55.0,460,36,7.8,9441
56.1,460,38,8.2,9452
57.1,460,40,8.0,9394
58.1,460,38,8.4,9448
59.1,460,32,7.8,9467
60.1,460,38,8.0,9425
61.2,460,39,8.4,9457
62.2,460,41,8.1,9428
63.2,460,40,7.2,9410
64.2,460,32,7.6,9397
65.2,460,31,7.9,9373
66.3,460,38,8.0,9427
67.3,460,38,8.2,9415
68.3,460,39,7.9,9427
69.3,460,39,8.0,9417
70.3,460,40,7.8,9439
71.4,460,39,8.4,9417
72.4,460,41,9.9,9386
73.4,460,37,8.1,9440
74.4,460,33,10.2,9464
75.4,460,38,9.5,9502
76.5,460,31,9.0,9487
77.5,460,34,8.3,9490
78.5,460,36,8.3,9517
79.5,460,42,9.4,9440
80.5,460,35,8.0,9487
81.6,460,36,7.8,9546
82.6,460,40,9.8,9540
83.6,460,37,8.0,9481
84.6,460,38,7.3,9463
85.6,460,34,7.7,9490
86.6,460,37,8.7,9462
87.7,460,42,8.1,9524
88.7,460,37,7.6,9451
89.7,460,36,11.8,9488
90.7,460,36,7.7,9449
91.7,460,36,7.9,9446
92.8,460,39,7.9,9467
93.8,460,41,8.8,9507
94.8,460,46,9.8,9488
95.8,460,33,8.1,9497
96.8,460,35,7.8,9545
97.9,460,37,7.7,9494
98.9,460,35,8.5,9450
99.9,460,34,8.2,9492
100.9,460,39,9.2,9507
101.9,460,40,9.4,9492
103.0,460,34,9.4,9461
104.0,460,37,8.8,9528
105.0,460,39,9.1,9503
106.0,460,30,8.8,9497
107.0,460,38,8.9,9541
108.1,460,34,10.7,9675
109.1,460,38,9.1,9613
110.1,460,42,8.5,9627
111.1,460,45,10.2,9593
112.1,460,38,9.0,9600
113.2,460,33,8.9,9581
114.2,460,39,8.7,9592
115.2,460,39,9.1,9570
116.2,460,34,8.8,9579
117.2,460,40,8.4,9566
118.3,460,37,9.5,9531
119.3,460,35,8.0,9564
120.3,460,40,8.3,9534
121.3,460,40,8.3,9568
122.3,460,30,8.3,9577
123.3,460,36,8.7,9597
124.4,460,41,8.7,9579
125.4,460,40,8.9,9539
126.4,460,34,9.0,9559
127.4,460,35,8.7,9522
128.4,460,37,9.3,9553
129.5,460,39,10.0,9537
130.5,460,35,9.1,9534
131.5,460,37,9.0,9515
132.5,460,35,9.3,9506
133.5,460,33,8.8,9524
134.6,460,37,11.0,9539
135.6,460,34,9.4,9589
136.6,460,32,9.7,9586
137.6,460,40,9.0,9599
138.6,460,38,9.3,9601
139.6,460,39,10.5,9550
140.7,460,34,9.0,9599
141.7,460,35,8.5,9583
142.7,460,38,9.4,9609
143.7,460,37,8.7,9636
144.7,460,46,10.2,9626
145.8,460,38,9.1,9620
146.8,460,30,8.5,9615
147.8,460,33,8.2,9647
148.8,460,39,10.1,9734
149.8,460,42,14.6,9814
150.8,460,37,11.2,9752
151.9,460,29,6.9,9716
152.9,460,36,9.1,9738
153.9,460,42,8.0,9702
154.9,460,47,8.3,9697
155.9,460,37,7.2,9662
157.0,460,36,7.7,9703
158.0,460,39,7.6,9706
159.0,460,40,8.5,9675
160.0,460,44,8.4,9692
161.0,460,31,8.9,9688
162.0,460,32,8.3,9705
163.1,460,34,7.6,9686
164.1,460,36,7.0,9733
165.1,460,38,7.4,9735
166.1,460,36,8.7,9689
167.1,460,31,8.5,9696
168.2,460,40,8.2,9718
169.2,460,29,8.9,9722
170.2,460,33,7.7,9695
171.2,460,38,9.6,9727
172.2,460,34,8.5,9704
173.2,460,39,9.8,9676
174.3,460,37,8.5,9705
175.3,460,37,8.4,9724
176.3,460,33,8.3,9753
177.3,460,38,9.4,9721
178.3,460,36,8.6,9727
179.4,460,40,14.2,9777
180.4,460,39,11.0,9782
181.4,460,35,7.5,9782
182.4,460,39,7.2,9741
183.4,460,36,7.4,9758
184.5,460,34,7.1,9778
185.5,460,32,7.8,9805
186.5,460,40,7.1,9770
187.5,436,39,7.9,9774
188.5,436,44,8.6,9785
189.5,436,32,7.1,9809
190.6,436,35,7.1,9812
191.6,436,41,7.9,9801
192.6,436,33,8.0,9782
193.6,436,34,7.7,9818
194.6,436,37,8.1,9865
195.6,436,39,7.5,9881
196.7,436,37,8.0,9855
197.7,436,36,8.6,9890
198.7,436,40,7.9,9830
199.7,436,34,8.0,9821
200.7,436,32,8.1,9829
201.8,436,38,7.1,9818
202.8,436,38,7.6,9859
203.8,436,37,7.9,9882
204.8,436,39,7.9,9877
205.8,436,33,8.0,9883
206.9,436,40,8.2,9866
207.9,436,43,10.0,9879
208.9,436,31,8.2,9867
209.9,436,40,9.5,9858
210.9,436,35,7.7,9826
211.9,436,37,8.0,9845
213.0,436,37,7.9,9812
214.0,436,35,8.5,9794
215.0,436,38,7.8,9795
216.0,436,36,8.2,9787
217.0,436,40,8.6,9799
218.1,436,35,9.0,9779
219.1,436,40,10.7,9822
220.1,436,37,8.6,9807
221.1,436,38,8.5,9813
222.1,436,34,8.3,9841
223.2,436,38,7.9,9802
224.2,436,38,8.0,9840
225.2,436,39,8.6,9818
226.2,436,33,8.1,9877
227.2,436,36,9.0,9841
228.3,436,37,8.7,9857
229.3,436,39,8.5,9849
230.3,436,40,9.1,9854
231.3,436,33,8.7,9864
232.3,436,42,8.7,9838
233.4,436,41,8.3,9890
234.4,436,38,8.3,9868
235.4,436,43,10.2,9840
236.4,436,34,8.2,9855
237.4,436,37,8.6,9810
238.5,436,39,9.6,9841
239.5,436,32,8.8,9828
240.5,436,37,8.9,9849
241.5,436,40,8.6,9851
242.5,436,39,10.5,9854
243.6,436,34,9.1,9862
244.6,436,30,9.0,9837
245.6,436,39,8.8,9857
246.6,436,41,9.0,9841
247.6,436,39,9.4,9855
248.7,436,40,9.2,9857
249.7,436,41,11.2,9860
250.7,436,35,9.4,9864
251.7,436,39,9.1,9896
252.7,436,38,9.4,9935
253.7,436,33,8.8,9900
254.8,436,37,9.6,9922
255.8,436,38,9.7,9963
256.8,436,39,9.7,9973
257.8,436,44,10.9,9982
258.9,436,38,10.5,9913
259.9,436,38,9.3,9960
260.9,436,36,9.4,9936
261.9,436,41,9.2,9947
262.9,436,35,8.9,9954
264.0,436,41,9.6,9913
265.0,436,44,10.3,9764
266.0,436,34,9.8,9854
267.0,436,34,9.2,9874
268.0,436,40,9.8,9871
269.0,436,40,10.1,9847
270.1,436,38,10.9,9889
271.1,436,39,10.7,9883
272.1,436,36,10.2,9902
273.1,436,34,9.6,9942
274.1,436,34,10.1,9955
275.2,436,38,9.7,9956
276.2,436,42,10.1,9910
277.2,436,37,9.8,9917
278.2,436,36,10.6,9906
279.2,436,40,9.6,9927
280.3,436,39,9.3,9936
281.3,436,38,9.7,9792
282.3,436,40,9.7,9834
283.3,436,37,8.9,9823
284.3,436,36,8.9,9883
285.4,436,37,8.4,9736
286.4,436,38,8.7,9794
287.4,436,32,8.5,9772
288.4,436,40,9.5,9744
289.4,436,48,10.7,9791
290.5,436,36,9.5,9766
291.5,436,37,9.3,9815
292.5,436,39,9.1,9812
293.5,436,35,8.6,9853
294.5,436,39,9.4,9835
295.6,436,40,9.2,9850
296.6,436,36,9.8,9879
297.6,436,40,9.3,9826
298.6,436,40,9.1,9866
299.6,436,33,8.4,9878
300.6,436,40,13.8,9797
301.7,436,36,8.3,9791
302.7,436,39,9.2,9783
303.7,436,36,8.7,9847
304.7,436,38,9.4,9838
305.7,436,37,9.1,9894
306.8,436,36,9.0,9908
307.8,436,41,9.5,9940
308.8,436,38,8.3,9943
309.8,436,36,8.2,9912
310.8,436,37,7.8,9927
311.9,436,41,8.0,9870
312.9,436,42,8.7,9886
313.9,436,33,8.9,9828
314.9,436,39,8.6,9911
315.9,436,34,8.7,9900
316.9,436,31,8.2,9929
318.0,436,41,8.9,9907
319.0,436,38,8.4,9891
320.0,436,40,9.2,9769
321.0,436,40,9.2,9807
322.0,436,38,8.6,9809
323.1,436,38,8.6,9825
324.1,436,38,9.2,9856
325.1,436,33,9.4,9874
326.1,436,42,10.0,9873
327.1,436,37,9.2,9907
328.1,436,30,10.0,9949
329.2,436,45,9.9,9950
330.2,448,32,11.2,9959
331.2,448,37,9.4,9949
332.2,448,36,9.6,9938
333.2,448,39,10.7,9894
334.2,448,36,9.1,9905
335.3,448,35,8.9,9932
336.3,448,35,8.5,9787
337.3,448,34,9.0,9792
338.3,448,39,9.3,9791
339.3,448,35,10.0,9873
340.4,448,37,9.7,9804
341.4,448,39,9.0,9836
342.4,448,41,10.4,9811
343.4,448,37,9.1,9804
344.4,448,37,8.8,9839
345.5,448,37,9.1,9826
346.5,448,39,8.5,9850
347.5,448,33,9.7,9819
348.5,448,41,9.0,9858
349.5,448,42,9.8,9835
350.6,448,39,11.3,9815
351.6,448,37,16.5,9797
352.6,448,36,16.8,9795
353.6,488,57,18.7,9889
354.7,633,39,20.2,10116
355.7,633,30,16.2,10233
356.7,704,38,14.4,10266
357.7,704,32,12.4,10214
358.7,704,33,10.5,10203
359.7,657,34,13.9,10189
360.8,656,35,12.6,10219
361.8,657,29,13.0,10151
362.8,657,41,11.9,10150
363.8,657,30,10.9,10208
364.8,657,33,12.0,10218
365.9,657,34,12.2,10191
366.9,657,42,14.6,10157
367.9,656,33,11.8,10181
368.9,656,34,11.4,10151
369.9,656,33,9.6,10183
371.0,656,37,9.8,10193
372.0,661,32,10.0,10226
373.0,661,33,10.4,10275
374.0,662,38,12.1,10247
375.0,662,35,11.8,10280
376.1,662,31,12.3,10252
377.1,662,33,12.2,10210
378.1,663,32,11.5,10252
379.1,663,38,12.4,10185
380.1,663,33,13.1,10229
381.2,662,34,10.8,10190
382.2,662,32,12.2,10251
383.2,663,38,12.7,10204
384.2,663,39,13.2,10191
385.2,663,39,10.7,10205
386.2,663,33,10.4,10219
387.3,663,30,10.6,10240
388.3,663,35,9.9,10216
389.3,663,37,10.0,10270
390.3,663,37,10.2,10272
391.3,663,33,11.6,10223
392.4,663,36,11.5,10252
393.4,664,46,13.0,10272
394.4,664,35,10.7,10226
395.4,664,33,10.7,10227
396.4,664,39,10.4,10208
397.5,665,32,16.9,10276
398.5,664,29,11.4,10265
399.5,664,37,11.9,10257
400.5,664,36,9.0,10228
401.5,664,39,10.3,10251
402.6,664,34,9.7,10231
403.6,664,37,10.9,10186
404.6,664,35,10.0,10255
405.6,664,39,10.4,10227
406.6,664,38,10.6,10239
407.6,664,32,9.6,10206
408.7,664,35,10.1,10195
409.7,664,38,9.9,10207
410.7,665,38,16.0,10443
411.7,720,42,14.3,10677
412.7,720,33,11.8,10666
413.8,720,37,12.3,10690
414.8,720,35,12.7,10667
415.8,720,34,11.7,10521
416.8,720,40,9.6,10537
417.8,720,34,10.8,10540
418.9,720,31,9.1,10543
419.9,720,37,10.8,10540
420.9,720,39,11.0,10514
421.9,720,37,12.4,10499
422.9,720,34,11.9,10526
424.0,720,33,10.6,10548
425.0,720,42,11.8,10515
426.0,720,38,11.8,10566
427.0,720,42,11.4,10517
428.0,720,31,11.9,10511
429.1,720,39,11.1,10531
430.1,720,39,11.6,10532
431.1,720,39,11.4,10545
432.1,720,41,12.2,10504
433.1,720,34,11.5,10534
434.2,720,30,10.8,10541
435.2,720,41,13.1,10613
436.2,720,36,11.9,10785
437.2,720,39,10.7,10744
438.2,720,32,10.5,10794
439.2,720,39,10.9,10731
440.3,720,31,10.8,10738
441.3,720,40,7.9,10597
442.3,720,38,7.0,10575
443.3,720,33,7.3,10572
444.3,720,37,7.8,10548
445.4,720,48,8.8,10556
446.4,720,31,7.8,10542
447.4,720,35,8.4,10514
448.4,720,38,9.9,10553
449.4,720,35,8.1,10548
450.5,720,40,8.3,10574
451.5,720,33,13.7,10634
452.5,720,34,8.8,10595
453.5,720,38,7.0,10636
454.5,720,39,7.2,10626
455.5,720,34,8.3,10645
456.6,720,34,6.8,10622
457.6,720,33,6.7,10616
458.6,720,40,6.2,10625
459.6,720,34,10.6,10510
460.6,720,39,10.6,10440
461.7,720,40,6.6,10488
462.7,720,33,7.1,10446
463.7,720,37,7.2,10495
464.7,720,36,6.9,10478
465.7,720,40,7.9,10498
466.8,720,34,6.9,10494
467.8,720,37,7.0,10512
468.8,720,39,8.0,10491
469.8,720,38,9.2,10442
470.8,720,34,9.0,10469
471.8,720,30,9.0,10432
472.9,720,33,8.8,10416
473.9,720,40,7.6,10460
474.9,720,39,7.8,10456
475.9,720,34,9.0,10486
476.9,720,39,8.7,10472
478.0,720,40,9.1,10531
479.0,720,35,7.4,10521
480.0,720,43,9.8,10478
481.0,720,34,7.9,10543
482.1,720,39,7.7,10489
483.1,720,30,7.8,10514
484.1,720,38,7.8,10485
485.1,720,29,7.8,10511
486.1,720,38,6.8,10498
487.1,720,38,7.4,10468
488.2,720,40,7.6,10529
489.2,720,38,7.2,10508
490.2,720,38,7.6,10529
491.2,720,38,8.3,10496
492.2,720,36,7.6,10520
493.3,720,32,7.8,10481
494.3,720,36,9.0,10560
495.3,720,39,7.3,10572
496.3,720,34,7.9,10535
497.3,720,39,7.0,10545
498.3,720,38,7.1,10528
499.4,720,33,7.0,10569
500.4,720,42,8.3,10533
501.4,720,35,7.4,10470
502.4,720,33,7.3,10525
503.4,720,32,7.3,10490
504.5,720,38,8.5,10538
505.5,720,32,7.6,10534
506.5,720,36,8.2,10537
507.5,720,32,7.5,10574
508.5,720,35,8.2,10520
509.5,720,37,7.7,10533
510.6,720,37,7.5,10533
511.6,720,43,8.2,10549
512.6,720,39,10.3,10510
513.6,720,38,8.0,10551
514.6,720,36,8.4,10519
515.7,720,43,7.9,10507
516.7,720,29,8.3,10490
517.7,720,30,8.4,10501
518.7,720,33,7.9,10548
519.7,720,41,7.5,10526
520.8,720,38,7.7,10504
521.8,720,39,7.9,10534
522.8,720,38,7.9,10508
523.8,720,39,8.5,10523
524.8,720,36,9.6,10530
525.8,720,34,9.2,10561
526.9,720,38,9.2,10520
527.9,720,38,8.4,10520
528.9,720,38,9.6,10531
529.9,720,35,8.9,10514
530.9,720,36,8.8,10571
532.0,720,33,8.6,10522
533.0,720,40,9.3,10498
534.0,720,46,9.5,10535
535.0,720,31,9.6,10503
536.0,720,28,9.4,10539
537.1,720,35,9.9,10512
538.1,720,42,10.3,10554
539.1,720,43,10.3,10522
540.1,720,34,8.6,10523
541.1,720,35,9.4,10550
542.2,720,39,9.3,10567
543.2,720,42,9.5,10578
544.2,720,39,10.3,10585
545.2,720,32,9.4,10580
546.2,720,41,9.7,10587
547.3,720,39,10.2,10610
548.3,720,33,9.5,10626
549.3,720,36,9.8,10631
550.3,720,38,9.3,10619
551.3,720,32,9.5,10584
552.4,720,41,9.2,10604
553.4,720,31,8.6,10600
554.4,720,40,9.7,10605
555.4,720,40,9.9,10650
556.4,720,35,9.7,10632
557.5,720,38,9.4,10690
558.5,720,36,12.6,10673
559.5,720,38,10.4,10675
560.5,720,35,9.7,10651
561.5,720,38,9.8,10647
562.6,720,36,9.1,10674
563.6,720,34,9.9,10623
564.6,720,39,9.9,10615
565.6,720,38,12.0,10783
566.6,720,34,10.4,10905
567.7,720,39,11.4,11004
568.7,720,36,11.1,10996
569.7,720,39,10.4,11025
570.7,720,40,11.4,11042
571.7,720,36,12.0,11002
572.8,720,32,11.2,10868
573.8,720,39,8.6,10842
574.8,720,40,8.4,10833
575.8,720,35,8.2,10837
576.8,720,41,8.0,10796
577.9,720,39,7.0,10791
578.9,720,34,7.2,10750
579.9,720,40,6.4,10779
580.9,720,39,7.0,10768
581.9,720,36,6.4,10802
583.0,720,42,7.2,10762
584.0,720,38,7.4,10756
585.0,720,33,7.0,10739
586.0,720,35,7.0,10768
587.0,720,36,7.5,10779
588.1,720,39,8.3,10791
589.1,720,30,7.4,10796
590.1,720,38,7.3,10772
591.1,720,41,6.8,10736
592.1,720,37,6.3,10763
593.2,720,30,7.1,10751
594.2,720,35,6.5,10769
595.2,720,36,6.2,10778
596.2,720,34,6.9,10730
597.2,720,39,6.5,10778
598.3,720,35,6.7,10747
599.3,720,36,7.5,10781
600.3,720,38,6.7,10743
601.3,720,43,7.2,10778
602.3,720,34,8.5,10774
603.4,720,38,7.7,10728
604.4,720,35,7.0,10772
605.4,720,38,6.8,10756
606.4,720,37,6.8,10756
607.4,720,33,6.7,10725
608.5,720,35,7.1,10728
609.5,720,30,7.0,10780
610.5,720,40,6.9,10739
611.5,720,44,7.4,10767
612.5,720,34,6.7,10742
613.5,720,30,7.4,10809
614.6,720,38,7.4,10801
615.6,720,41,7.6,10761
616.6,720,38,8.6,10790
617.6,720,36,8.9,10815
618.6,720,39,14.7,10922
619.7,720,37,13.5,10896
620.7,720,68,9.5,10935
621.7,720,39,15.9,11017
622.7,720,30,7.7,11061
623.7,720,33,7.4,11046
624.8,720,28,8.4,11058
625.8,720,28,9.1,11002
626.8,720,27,8.2,11046
627.8,720,32,13.2,10933
628.8,720,35,10.3,10935
629.9,720,35,10.2,10970
630.9,720,35,15.8,11133
631.9,720,37,10.7,11181
632.9,720,31,7.0,11116
633.9,720,38,6.9,11104
635.0,720,32,5.3,11134
636.0,720,40,5.9,11130
637.0,720,41,8.4,11066
638.0,720,38,6.4,11110
639.0,720,41,6.1,11074
640.1,720,37,7.7,11100
641.1,720,41,10.3,11056
642.1,720,42,10.4,11049
643.1,720,33,10.0,11039
644.1,720,30,8.3,10987
645.2,720,32,10.4,10933
646.2,720,34,8.7,10924
647.2,720,33,8.8,10943
648.2,720,32,7.2,10922
649.2,720,35,10.9,10923
650.3,720,35,8.0,10897
651.3,720,28,8.6,10886
652.3,720,29,10.6,10865
653.3,720,33,10.9,10845
654.3,720,36,8.8,10834
655.3,720,31,9.8,10815
656.4,720,29,8.9,10798
657.4,720,34,9.9,10805
658.4,720,28,8.8,10807
659.4,720,40,7.9,10808
660.4,720,34,9.7,10829
661.5,720,37,10.2,10880
662.5,720,34,11.2,10927
663.5,720,37,10.2,10875
664.5,720,39,10.5,10886
665.5,720,41,9.4,10865
666.6,720,30,8.5,10880
667.6,720,39,8.5,10902
668.6,720,31,7.0,10915
669.6,720,29,9.0,10954
670.6,720,36,14.4,11014
671.7,720,28,15.4,11067
672.7,720,49,11.5,11142
673.7,720,30,12.1,11247
674.7,720,33,12.4,11314
675.7,720,28,8.5,11264
676.8,720,30,8.1,11269
677.8,720,33,8.1,11277
678.8,720,36,7.8,11292
679.8,720,31,10.4,11159
680.8,720,32,9.7,11157
681.8,720,29,7.4,11126
682.9,720,37,9.0,11135
683.9,720,32,8.6,11105
684.9,720,64,11.6,11125
685.9,720,41,10.7,11112
687.0,720,26,10.0,11098
688.0,720,28,10.5,11117
689.0,720,44,11.0,11132
690.0,720,48,9.5,11151
691.0,720,26,9.5,11138
692.0,720,28,12.2,11147
693.1,720,32,9.3,11139
694.1,720,26,8.9,11140
695.1,720,33,9.2,11140
696.1,720,32,8.6,11153
697.1,720,36,16.5,11281
698.2,720,35,12.0,11286
699.2,720,34,9.1,11293
700.2,720,37,7.8,11274
701.2,720,33,7.8,11304
702.2,720,40,10.7,11317
703.3,720,33,8.4,11317
704.3,720,43,6.9,11283
705.3,720,38,6.2,11260
706.3,720,32,8.8,11284
707.3,720,38,8.0,11289
708.4,720,37,8.6,11409
709.4,720,34,7.5,11361
710.4,720,38,9.0,11385
711.4,720,34,8.7,11357
712.4,720,41,9.9,11321
713.5,720,40,10.0,11424
714.5,720,40,8.7,11404
715.5,720,32,6.9,11423
716.5,720,37,8.3,11397
717.5,720,35,8.3,11406
718.6,720,39,9.1,11366
719.6,720,37,9.0,11290
720.6,720,33,7.8,11315
721.6,720,30,9.0,11305
722.7,720,34,8.9,11307
723.7,720,39,9.0,11294
724.7,720,34,7.6,11275
725.7,720,34,9.5,11325
726.7,720,38,10.5,11333
727.8,720,33,9.0,11362
728.8,720,38,9.9,11357
729.8,720,29,9.1,11351
730.8,720,41,9.7,11337
731.8,720,34,10.8,11326
732.8,720,36,8.8,11373
733.9,720,40,8.9,11329
734.9,720,38,10.5,11425
735.9,720,31,8.3,11411
736.9,720,41,9.1,11430
737.9,720,34,8.3,11544
739.0,720,44,7.4,11570
740.0,720,33,5.7,11553
741.0,720,40,7.0,11501
742.0,720,37,7.1,11487
743.0,720,36,7.5,11429
744.1,720,33,8.0,11483
745.1,720,41,7.7,11462
746.1,720,29,6.3,11477
747.1,720,40,8.4,11529
748.1,720,40,6.9,11523
749.2,720,32,6.1,11476
750.2,720,34,6.2,11424
751.2,720,36,7.2,11478
752.2,720,41,7.0,11455
753.2,720,34,6.7,11425
754.2,720,27,9.3,11438
755.3,720,39,6.4,11413
756.3,720,38,6.0,11451
757.3,720,33,8.4,11425
758.3,720,32,6.7,11403
759.3,720,31,6.2,11477
760.4,720,33,6.7,11413
761.4,720,37,6.7,11451
762.4,720,32,7.6,11437
763.4,720,37,6.8,11486
764.4,720,35,6.2,11456
765.5,720,38,7.2,11442
766.5,720,36,6.7,11465
767.5,720,35,5.6,11427
768.5,720,39,6.5,11456
769.5,720,38,6.0,11431
770.6,720,40,7.3,11485
771.6,720,34,6.0,11549
772.6,720,34,5.4,11535
773.6,720,35,6.0,11483
774.6,720,36,8.1,11437
775.7,720,38,6.8,11472
776.7,720,34,6.0,11425
777.7,720,34,6.8,11454
778.7,720,44,7.1,11446
779.7,720,38,6.2,11473
780.8,720,39,6.3,11485
781.8,720,36,6.9,11463
782.8,720,40,6.1,11491
783.8,720,39,6.1,11505
784.8,720,36,6.3,11523
785.9,720,37,6.4,11497
786.9,660,38,6.2,11535
787.9,660,38,6.3,11548
788.9,660,31,7.5,11501
789.9,660,36,6.1,11514
791.0,660,37,6.0,11498
792.0,660,34,5.9,11516
793.0,660,39,6.6,11488
794.0,660,28,7.9,11474
795.0,660,38,6.1,11511
796.0,660,41,7.7,11501
797.1,660,35,6.8,11555
798.1,660,37,6.6,11532
799.1,660,36,8.4,11508
800.1,660,38,6.8,11505
801.1,660,33,7.2,11505
802.2,660,36,7.7,11544
803.2,660,38,7.4,11508
804.2,660,31,8.2,11551
805.2,660,40,6.9,11542
806.2,660,31,7.5,11565
807.3,660,34,7.2,11592
808.3,718,31,7.4,11555
809.3,717,39,8.2,11602
810.3,717,32,6.1,11576
811.4,717,34,6.2,11627
812.4,717,29,6.2,11588
813.4,717,38,6.4,11582
814.4,717,35,5.9,11565
815.4,717,39,6.8,11552
816.4,717,40,6.7,11590
817.5,717,36,6.9,11552
818.5,717,41,8.1,11612
819.5,717,38,6.4,11569
820.5,717,44,5.7,11541
821.5,717,29,6.5,11603
822.6,717,38,6.8,11570
823.6,717,31,6.3,11582
824.6,717,32,5.8,11553
825.6,717,40,5.8,11603
826.6,717,41,6.5,11617
827.7,717,42,8.0,11607
828.7,717,41,7.4,11636
829.7,717,30,7.1,11738
830.7,717,39,6.6,11753
831.7,717,40,6.2,11766
832.7,717,36,6.7,11747
833.8,717,39,6.4,11738
834.8,717,41,6.1,11732
835.8,717,37,6.5,11713
836.8,717,34,5.7,11735
837.8,717,41,7.2,11742
838.9,717,41,6.8,11717
839.9,717,38,6.7,11723
840.9,717,32,7.1,11766
841.9,717,39,7.4,11713
842.9,717,35,8.5,11755
843.9,717,38,6.5,11736
845.0,717,37,6.3,11768
846.0,717,37,6.5,11746
847.0,717,36,7.0,11729
848.0,717,35,7.1,11839
849.1,717,42,6.4,11827
850.1,717,39,6.6,11814
851.1,717,40,6.0,11770
852.1,717,34,7.1,11760
853.1,717,41,6.5,11738
854.2,717,37,6.8,11749
855.2,717,41,6.8,11820
856.2,717,32,6.5,11785
857.2,717,35,6.8,11838
858.2,717,30,7.4,11799
859.3,717,34,6.8,11818
860.3,717,36,6.4,11820
861.3,717,31,6.2,11783
862.3,717,40,6.6,11844
863.3,717,37,6.4,11794
864.4,717,29,6.5,11837
865.4,717,37,7.3,11818
866.4,717,35,7.4,11844
867.4,717,39,7.8,11827
868.4,717,40,6.3,11808
869.4,717,39,8.1,11799
870.5,717,38,6.2,11812
871.5,717,35,6.4,11859
872.5,717,35,7.7,11806
873.5,717,42,7.3,11829
874.5,717,41,6.5,11796
875.6,717,39,7.2,11816
876.6,717,38,7.2,11838
877.6,717,42,8.3,11846
878.6,717,33,6.9,11870
879.6,717,38,7.0,11871
880.7,717,39,7.2,11821
881.7,717,37,6.2,11854
882.7,717,39,7.4,11832
883.7,717,43,7.4,11857
884.7,717,34,7.6,11799
885.8,717,31,5.9,11847
886.8,717,36,6.1,11811
887.8,717,42,6.1,11773
888.8,717,39,6.0,11815
889.8,717,40,6.1,11794
890.8,717,38,6.5,11847
891.9,717,37,6.2,11811
892.9,717,35,7.3,11862
893.9,717,41,6.6,11869
894.9,717,35,6.7,11888
895.9,717,43,5.7,11883
897.0,717,42,6.7,11852
898.0,717,37,6.7,11843
899.0,717,41,6.7,11817
900.0,717,40,6.4,11864
901.0,717,35,6.1,11863
902.1,717,28,8.6,11833
903.1,717,32,6.6,11862
904.1,717,40,7.6,11856
905.1,717,35,8.4,11873
906.1,717,32,6.6,11905
907.2,717,32,6.8,11923
908.2,717,38,7.7,11903
909.2,717,29,6.7,11893
910.2,717,35,5.7,11880
911.2,717,39,6.3,11888
912.3,717,36,6.2,11904
913.3,717,37,9.6,11892
914.3,717,40,7.4,11923
915.3,717,43,6.4,11943
916.3,717,34,6.4,11889
917.3,717,32,7.9,11948
918.4,717,39,7.4,11966
919.4,717,42,8.1,11977
920.4,717,35,7.6,11914
921.4,717,37,6.4,11875
922.4,717,34,8.3,11935
923.5,717,39,6.6,11956
924.5,717,36,7.1,11959
925.5,717,32,7.5,11944
926.5,717,40,7.5,11976
927.5,717,39,6.8,11948
928.6,717,41,6.7,11920
929.6,717,38,6.5,11946
930.6,717,38,7.5,11998
931.6,717,39,6.9,12023
932.6,717,38,9.3,11919
933.7,717,36,7.8,11946
934.7,717,41,6.7,11867
935.7,717,41,8.4,11863
936.7,717,40,6.5,11895
937.7,717,39,6.9,11860
938.8,717,40,6.6,11897
939.8,717,30,7.1,11896
940.8,717,36,6.5,11888
941.8,717,36,6.3,11864
942.8,717,38,6.6,11861
943.9,717,40,6.1,11902
944.9,717,38,5.8,11875
945.9,717,30,6.2,11896
946.9,717,37,6.5,11891
947.9,717,33,5.8,11864
949.0,717,32,6.6,11897
950.0,717,40,6.8,11874
951.0,717,38,6.6,11920
952.0,717,36,5.8,11951
953.0,717,35,6.7,11943
954.1,609,34,6.5,12029
955.1,609,36,6.5,11998
956.1,609,27,7.0,12043
957.1,609,38,6.2,12069
958.1,609,28,8.7,12073
959.1,609,41,8.6,12015
960.2,609,41,7.6,12048
961.2,609,37,7.1,12019
962.2,609,33,6.2,12003
963.2,609,37,6.2,12025
964.2,609,35,6.6,11977
965.3,609,34,7.4,12017
966.3,609,38,7.5,11964
967.3,609,38,7.4,11994
968.3,609,34,7.9,12025
969.3,609,38,6.2,11995
970.4,609,37,8.7,12066
971.4,609,32,7.0,12062
972.4,609,34,7.5,12106
973.4,609,28,8.0,12066
974.4,609,32,8.9,12176
975.5,609,37,8.5,12139
976.5,609,33,8.4,12079
977.5,609,33,7.1,12092
978.5,609,35,8.6,12064
979.5,609,40,6.9,12079
980.6,609,38,7.2,12102
981.6,609,40,6.8,12139
982.6,609,35,8.5,12088
983.6,609,37,6.8,12098
984.6,609,43,7.1,12129
985.6,609,36,7.7,12080
986.7,609,39,6.6,12095
987.7,609,36,5.9,12086
988.7,609,36,6.3,12064
989.7,609,29,8.7,12056
990.7,609,39,6.0,12066
991.8,609,41,6.2,12059
992.8,609,33,5.8,12048
993.8,609,39,7.1,12083
994.8,609,38,9.0,12039
995.8,609,34,6.6,11999
996.9,609,30,6.9,12053
997.9,609,31,6.6,12036
998.9,609,40,7.7,12074
999.9,609,32,6.5,12079
1000.9,609,41,6.1,12119
1002.0,609,31,7.0,12109
1003.0,609,31,6.4,12069
1004.0,609,34,6.5,12120
1005.0,609,39,6.4,12083
1006.0,609,37,7.0,12128
1007.0,609,34,7.5,12168
1008.1,609,33,7.2,12137
1009.1,609,34,6.7,12083
1010.1,609,39,7.6,12070
1011.1,609,41,6.0,12086
1012.1,609,35,6.5,12070
1013.2,609,31,5.9,12079
1014.2,609,32,6.0,12051
1015.2,609,40,6.5,12052
1016.2,609,36,6.2,12050
1017.2,609,40,6.6,12036
1018.2,609,38,6.9,12044
1019.3,609,40,6.0,12052
1020.3,609,34,6.6,12060
1021.3,609,33,6.6,12060
1022.3,609,33,7.3,12064
1023.3,609,42,6.6,12117
1024.4,609,35,6.8,12098
1025.4,609,39,7.5,12153
1026.4,609,33,6.6,12158
1027.4,609,35,7.4,12111
1028.4,609,40,7.6,12135
1029.5,609,30,7.5,12120
1030.5,609,42,7.1,12126
1031.5,609,31,6.7,12110
1032.5,609,34,6.7,12144
1033.5,609,31,6.9,12110
1034.6,609,37,6.9,12146
1035.6,609,36,6.2,12149
1036.6,609,40,7.3,12146
1037.6,609,29,8.1,12131
1038.6,609,32,7.1,12120
1039.7,609,40,5.7,12139
1040.7,609,31,5.9,12158
1041.7,609,40,7.5,12161
1042.7,609,43,7.0,12113
1043.7,609,35,6.8,12144
1044.8,609,40,8.1,12142
1045.8,609,35,6.7,12197
1046.8,609,38,6.8,12168
1047.8,609,34,6.9,12217
1048.8,609,39,6.3,12180
1049.9,609,37,7.4,12147
1050.9,609,40,6.4,12194
1051.9,609,39,7.2,12139
1052.9,609,35,7.4,12171
1053.9,609,35,6.2,12172
1054.9,609,33,6.7,12117
1056.0,609,29,6.8,12147
1057.0,609,42,8.6,12132
1058.0,609,34,7.3,12165
1059.0,609,35,7.6,12136
1060.0,609,40,7.4,12182
1061.1,609,36,7.5,12138
1062.1,609,36,7.2,12143
1063.1,609,38,7.4,12142
1064.1,609,34,7.2,12256
1065.1,609,29,9.4,12282
1066.2,609,42,6.7,12233
1067.2,609,31,6.2,12291
1068.2,609,39,7.1,12252
1069.2,609,38,7.0,12290
1070.2,609,42,6.5,12260
1071.3,609,41,7.2,12255
1072.3,609,34,7.4,12257
1073.3,609,37,7.0,12205
1074.3,609,40,8.2,12235
1075.3,609,36,6.9,12221
1076.4,609,39,6.2,12207
1077.4,609,37,5.9,12228
1078.4,609,38,6.5,12213
1079.4,609,29,6.2,12227
1080.4,609,45,6.4,12211
1081.5,609,43,7.0,12237
1082.5,609,41,6.4,12295
1083.5,609,35,6.3,12249
1084.5,609,36,6.0,12253
1085.5,609,38,6.5,12209
1086.5,609,38,6.6,12208
1087.6,609,37,6.0,12193
1088.6,609,44,6.5,12174
1089.6,609,35,6.9,12191
1090.6,609,36,7.0,12185
1091.6,609,38,6.7,12242
1092.7,609,39,7.1,12252
1093.7,609,38,6.5,12260
1094.7,609,35,8.7,12261
1095.7,609,34,6.0,12229
1096.7,609,41,7.2,12282
1097.7,609,36,7.1,12281
1098.8,609,33,7.0,12298
1099.8,609,41,8.4,12243
1100.8,609,41,7.1,12287
1101.8,609,37,7.4,12285
1102.8,609,37,6.7,12257
1103.9,609,36,6.6,12281
1104.9,609,37,6.8,12210
1105.9,609,35,6.6,12239
1106.9,609,37,6.4,12241
1107.9,609,42,6.1,12288
1109.0,609,34,6.2,12225
1110.0,609,35,6.4,12229
1111.0,609,39,7.2,12246
1112.0,609,39,6.5,12285
1113.0,609,38,6.1,12291
1114.1,609,37,7.0,12240
1115.1,609,31,7.2,12264
1116.1,609,39,6.4,12276
1117.1,609,33,6.3,12278
1118.1,609,36,6.5,12277
1119.2,609,30,7.2,12253
1120.2,609,29,6.1,12288
1121.2,609,36,6.1,12307
1122.2,609,38,6.5,12325
1123.2,609,35,6.5,12308
1124.2,609,41,6.6,12259
1125.3,609,36,6.5,12294
1126.3,609,33,6.3,12265
1127.3,609,34,6.2,12313
1128.3,609,34,6.8,12297
1129.3,609,32,7.5,12313
1130.4,609,37,6.2,12326
1131.4,609,37,6.3,12292
1132.4,609,36,6.7,12316
1133.4,609,36,6.1,12302
1134.4,609,38,6.0,12345
1135.5,609,40,8.3,12283
1136.5,609,39,6.0,12254
1137.5,609,34,6.0,12292
1138.5,609,41,6.7,12277
1139.5,609,37,7.2,12309
1140.5,609,37,6.2,12281
1141.6,609,29,6.1,12318
1142.6,609,37,6.6,12306
1143.6,609,38,5.9,12276
1144.6,609,40,6.7,12311
1145.6,609,36,6.6,12305
1146.7,609,35,6.4,12353
1147.7,609,39,6.4,12328
1148.7,609,28,6.3,12348
1149.7,609,36,7.0,12324
1150.7,609,31,6.7,12302
1151.7,609,29,6.7,12307
1152.8,609,39,6.7,12299
1153.8,609,36,6.3,12332
1154.8,609,37,6.9,12337
1155.8,609,39,6.3,12380
1156.8,609,34,6.3,12375
1157.9,609,41,6.8,12378
1158.9,609,39,7.1,12362
1159.9,609,38,6.9,12318
1160.9,609,34,6.5,12352
1161.9,609,36,6.9,12366
1163.0,609,38,6.4,12404
1164.0,609,29,6.4,12390
1165.0,609,38,7.5,12357
1166.0,609,32,6.6,12373
1167.0,609,35,6.3,12359
1168.0,609,42,7.6,12372
1169.1,609,31,6.6,12394
1170.1,609,39,7.3,12414
1171.1,609,35,7.0,12388
1172.1,609,37,6.1,12379
1173.1,609,40,6.3,12378
1174.2,609,39,7.6,12341
1175.2,609,34,8.1,12377
1176.2,609,33,8.5,12379
1177.2,609,38,6.8,12392
1178.2,609,37,7.6,12401
1179.3,609,34,7.9,12419
1180.3,609,40,6.7,12436
1181.3,609,36,6.6,12369
1182.3,609,39,7.0,12397
1183.3,609,33,9.0,12375
1184.4,609,35,9.0,12363
1185.4,609,41,7.9,12373
1186.4,609,35,6.7,12386
1187.4,609,39,7.8,12413
1188.4,609,41,7.2,12386
1189.5,609,35,6.7,12417
1190.5,609,31,7.2,12386
1191.5,609,29,8.0,12372
1192.5,609,41,9.0,12409
1193.5,609,38,7.7,12396
1194.6,609,31,6.8,12436
1195.6,609,38,6.2,12404
1196.6,609,39,6.8,12428
1197.6,609,37,7.0,12458
1198.6,609,38,7.3,12489
1199.7,609,33,8.1,12457
1200.7,609,36,7.3,12434
1201.7,609,41,7.6,12459
1202.7,609,38,7.2,12441
1203.7,609,32,6.7,12441
1204.8,609,32,7.3,12376
1205.8,609,38,7.6,12325
1206.8,609,35,6.4,12358
1207.8,609,40,6.9,12334
1208.8,609,31,6.8,12371
1209.9,609,40,6.5,12342
1210.9,609,29,7.1,12323
1211.9,609,28,6.6,12365
1212.9,609,39,7.5,12372
1213.9,609,38,6.8,12394
1215.0,609,37,7.0,12397
1216.0,609,38,6.5,12430
1217.0,609,34,6.4,12391
1218.0,609,39,6.6,12436
1219.0,609,41,6.7,12505
1220.1,609,39,6.7,12458
1221.1,609,38,7.5,12481
1222.1,609,38,6.7,12462
1223.1,609,30,6.1,12479
1224.1,609,36,6.6,12463
1225.2,609,33,7.2,12446
1226.2,609,40,6.9,12471
1227.2,609,33,7.1,12448
1228.2,609,34,7.1,12451
1229.2,609,28,6.7,12443
1230.3,609,33,6.9,12464
1231.3,609,34,7.2,12440
1232.3,609,36,6.9,12466
1233.3,609,35,6.6,12473
1234.3,609,36,6.5,12434
1235.4,609,35,6.0,12441
1236.4,609,35,7.3,12447
1237.4,609,29,6.7,12455
1238.4,609,39,6.2,12433
1239.4,609,33,6.7,12384
1240.4,609,36,7.0,12487
1241.5,609,40,7.5,12473
1242.5,609,40,7.0,12489
1243.5,609,30,6.5,12473
1244.5,609,36,6.7,12476
1245.5,609,37,7.0,12453
1246.6,609,34,7.0,12405
1247.6,609,34,6.2,12455
1248.6,609,39,6.8,12449
1249.6,609,37,6.9,12441
1250.6,609,37,6.3,12431
1251.7,609,37,6.9,12439
1252.7,609,36,6.9,12455
1253.7,609,41,6.3,12446
1254.7,565,38,6.6,12489
1255.7,565,31,6.5,12471
1256.7,565,37,8.4,12467
1257.8,565,34,7.1,12521
1258.8,565,39,6.6,12481
1259.8,565,35,7.1,12504
1260.8,565,32,6.6,12501
1261.8,565,41,7.3,12548
1262.9,565,37,6.2,12546
1263.9,565,39,6.6,12566
1264.9,565,40,6.6,12517
1265.9,565,32,6.6,12464
1266.9,565,40,7.4,12491
1268.0,565,33,6.5,12476
1269.0,565,37,6.2,12515
1270.0,565,39,6.2,12546
1271.0,565,33,7.2,12561
1272.0,565,37,6.5,12551
1273.0,565,39,6.7,12486
1274.1,565,34,6.6,12561
1275.1,565,41,6.3,12572
1276.1,565,36,6.6,12603
1277.1,565,29,6.5,12591
1278.1,565,40,6.3,12614
1279.2,565,40,6.3,12605
1280.2,565,33,7.1,12627
1281.2,565,40,7.0,12625
1282.2,565,39,6.6,12570
1283.2,565,39,6.2,12592
1284.3,565,36,5.9,12591
1285.3,565,39,6.9,12628
1286.3,565,35,7.1,12614
1287.3,565,34,6.8,12588
1288.3,565,41,7.8,12586
1289.4,565,40,6.5,12582
1290.4,565,41,7.0,12607
1291.4,565,37,7.2,12550
1292.4,565,44,6.8,12545
1293.4,565,43,6.7,12571
1294.5,565,41,6.8,12565
1295.5,565,41,6.4,12598
1296.5,565,40,6.9,12566
1297.5,565,31,7.3,12561
1298.5,565,41,6.8,12543
1299.5,565,34,6.6,12526
1300.6,565,42,6.7,12553
1301.6,565,43,7.3,12551
1302.6,565,44,7.2,12580
1303.6,565,33,6.4,12559
1304.6,565,35,6.8,12596
1305.7,565,41,6.8,12556
1306.7,565,30,7.0,12584
1307.7,565,33,7.7,12654
1308.7,565,38,7.1,12642
1309.7,565,38,7.1,12666
1310.8,565,36,7.4,12650
1311.8,565,38,7.6,12654
1312.8,565,34,8.8,12633
1313.8,565,35,7.2,12606
1314.8,565,39,7.9,12627
1315.9,565,34,7.5,12582
1316.9,565,38,7.2,12624
1317.9,565,33,10.0,12586
1318.9,565,35,7.0,12543
1319.9,565,35,7.5,12515
1321.0,565,32,8.9,12541
1322.0,565,37,8.4,12579
1323.0,565,38,7.6,12565
1324.0,565,37,7.3,12600
1325.0,565,40,7.9,12574
1326.1,565,37,7.7,12540
1327.1,565,30,7.7,12564
1328.1,565,36,8.2,12547
1329.1,565,33,7.6,12586
1330.1,565,35,7.3,12553
1331.2,565,34,8.1,12595
1332.2,565,31,8.1,12568
1333.2,565,38,7.1,12527
1334.2,565,36,7.5,12609
1335.2,565,37,7.9,12629
1336.3,565,39,7.1,12668
1337.3,565,34,7.7,12670
1338.3,565,40,7.3,12680
1339.3,565,36,7.6,12659
1340.3,565,35,7.2,12635
1341.4,565,35,7.8,12650
1342.4,565,36,8.0,12625
1343.4,565,33,7.9,12671
1344.4,565,39,7.5,12662
1345.4,565,40,7.6,12748
1346.5,565,36,7.2,12662
1347.5,565,32,7.7,12696
1348.5,565,40,7.0,12711
1349.5,565,38,7.1,12666
1350.5,565,38,7.7,12647
1351.6,565,37,7.7,12615
1352.6,565,30,7.5,12666
1353.6,565,41,7.0,12644
1354.6,565,33,7.5,12607
1355.6,565,41,7.2,12620
1356.7,565,30,7.4,12617
1357.7,565,35,7.5,12635
1358.7,565,31,7.7,12595
1359.7,565,40,7.4,12608
1360.7,565,39,7.9,12608
1361.7,565,37,8.0,12593
1362.8,565,40,7.0,12622
1363.8,565,39,7.5,12645
1364.8,565,34,7.4,12648
1365.8,565,39,7.5,12614
1366.8,565,41,7.7,12613
1367.9,565,36,6.9,12657
1368.9,565,37,7.0,12600
1369.9,565,41,7.6,12642
1370.9,565,35,7.4,12611
1371.9,565,36,7.6,12667
1373.0,565,35,7.3,12630
1374.0,565,35,7.0,12613
1375.0,565,36,7.0,12634
1376.0,565,39,6.8,12616
1377.0,565,38,7.8,12625
1378.1,565,45,7.5,12606
1379.1,565,41,8.7,12659
1380.1,565,31,7.8,12633
1381.1,565,34,10.5,12636
1382.1,565,37,8.5,12681
1383.1,565,33,7.4,12648
1384.2,565,40,6.9,12688
1385.2,565,39,8.0,12679
1386.2,565,38,7.7,12698
1387.2,506,32,7.4,12676
1388.2,506,40,8.4,12656
1389.3,506,32,8.0,12712
1390.3,506,33,7.0,12687
1391.3,506,40,8.0,12715
1392.3,506,41,6.8,12681
1393.3,506,35,7.2,12714
1394.3,506,36,7.9,12711
1395.4,506,38,6.7,12675
1396.4,506,35,6.2,12710
1397.4,506,41,7.1,12691
1398.4,506,34,6.3,12734
1399.4,506,34,6.6,12757
1400.5,506,37,6.9,12721
1401.5,506,40,7.2,12741
1402.5,506,35,6.8,12727
1403.5,506,28,6.5,12733
1404.5,506,39,7.4,12737
1405.6,506,43,8.6,12793
1406.6,506,33,6.3,12746
1407.6,506,30,8.3,12758
1408.6,506,32,6.4,12753
1409.6,506,38,6.2,12750
1410.7,506,31,6.3,12775
1411.7,506,41,7.1,12760
1412.7,506,37,6.6,12795
1413.7,506,34,6.4,12775
1414.7,506,32,6.4,12766
1415.8,506,37,6.2,12760
1416.8,506,38,7.1,12749
1417.8,506,40,7.0,12778
1418.8,506,35,7.3,12748
1419.8,506,36,6.3,12794
1420.9,506,40,6.5,12784
1421.9,506,36,6.3,12770
1422.9,506,30,6.5,12796
1423.9,506,39,6.4,12814
1424.9,506,37,6.6,12820
1425.9,506,42,7.2,12758
1427.0,506,41,6.0,12823
1428.0,506,36,6.2,12784
1429.0,506,37,6.8,12782
1430.0,506,32,6.3,12806
1431.0,506,31,6.6,12747
1432.1,506,37,6.7,12788
1433.1,506,35,5.6,12775
1434.1,506,40,7.2,12812
1435.1,506,39,6.6,12786
1436.1,506,41,7.0,12817
1437.2,506,39,6.2,12801
1438.2,506,33,6.0,12761
1439.2,506,41,6.4,12807
1440.2,506,38,6.6,12822
1441.2,506,39,6.5,12809
1442.2,506,36,6.5,12898
1443.3,506,39,6.7,12845
1444.3,506,40,6.3,12865
1445.3,506,36,7.1,12855
1446.3,506,40,7.6,12855
1447.3,506,39,6.6,12824
1448.4,506,35,6.9,12808
1449.4,506,39,6.7,12800
1450.4,506,34,7.1,12798
1451.4,506,36,7.1,12836
1452.4,506,32,6.8,12810
1453.5,506,39,6.4,12852
1454.5,506,39,6.6,12855
1455.5,506,35,6.7,12845
1456.5,506,37,6.7,12887
1457.5,506,38,8.7,12873
1458.6,506,39,6.4,12905
1459.6,506,33,6.6,12871
1460.6,506,38,6.6,12914
1461.6,506,37,7.0,12883
1462.6,506,41,6.4,12898
1463.7,506,40,6.7,12946
1464.7,506,36,7.0,12870
1465.7,506,37,7.2,12902
1466.7,506,40,7.1,12879
1467.7,506,36,7.6,12918
1468.8,506,31,6.7,12896
1469.8,506,36,6.7,12880
1470.8,506,37,6.7,12877
1471.8,506,32,6.7,12872
1472.8,506,35,6.5,12916
1473.9,506,34,6.5,12899
1474.9,506,38,6.9,12906
1475.9,506,40,7.5,12857
1476.9,506,37,6.6,12873
1477.9,506,37,6.8,12910
1479.0,506,41,6.7,12867
1480.0,506,37,6.6,12898
1481.0,506,37,6.9,12903
1482.0,506,41,6.3,12880
1483.0,506,35,6.8,12900
1484.0,506,41,6.6,12906
1485.1,506,29,6.7,12903
1486.1,506,37,7.4,12896
1487.1,506,41,6.7,12909
1488.1,506,32,7.4,12906
1489.1,506,39,7.6,12910
1490.2,506,38,7.1,12933
1491.2,506,34,6.9,12852
1492.2,506,32,6.6,12883
1493.2,506,33,6.8,12882
1494.2,506,38,7.0,12939
1495.3,506,40,7.7,12891
1496.3,506,32,6.5,12865
1497.3,506,37,7.0,12917
1498.3,506,31,6.9,12907
1499.3,506,42,7.7,12929
1500.3,506,41,6.9,12898
1501.4,506,35,6.8,12936
1502.4,506,35,6.5,12931
1503.4,506,32,6.4,12892
1504.4,506,38,7.8,12900
1505.4,506,34,7.1,12898
1506.5,506,39,6.8,12945
1507.5,506,38,6.7,12946
1508.5,506,37,7.3,12975
1509.5,506,42,6.0,12964
1510.5,506,31,7.6,12964
1511.6,506,34,7.9,12983
1512.6,506,38,9.1,12952
1513.6,506,40,8.7,13013
1514.6,506,40,7.9,12981
1515.6,506,39,7.6,13029
1516.7,506,40,7.6,13012
1517.7,506,34,8.4,13004
1518.7,506,42,8.1,13027
1519.7,506,33,8.7,13011
1520.7,506,39,7.7,13042
1521.8,506,33,7.5,13009
1522.8,506,37,6.6,13002
1523.8,506,38,9.0,13033
1524.8,506,33,9.6,13028
1525.8,506,39,9.9,13058
1526.8,506,34,8.6,13007
1527.9,506,31,10.1,13066
1528.9,506,39,9.5,13049
1529.9,506,40,9.7,13036
1530.9,506,30,9.0,13070
1531.9,506,36,9.0,13057
1533.0,506,34,9.7,13109
1534.0,506,39,7.3,13115
1535.0,506,44,6.8,13192
1536.0,506,32,6.3,13142
1537.0,506,40,7.0,13078
1538.1,506,37,6.4,13074
1539.1,506,39,6.7,13092
1540.1,506,34,7.5,13121
1541.1,506,39,8.9,13106
1542.1,506,30,9.3,13098
1543.2,506,38,10.0,13094
1544.2,506,34,7.7,13059
1545.2,506,39,8.0,13126
1546.2,506,41,6.6,13108
1547.2,506,31,8.0,13142
1548.3,506,34,8.2,13099
1549.3,506,37,6.6,13135
1550.3,506,30,6.9,13124
1551.3,506,40,6.8,13094
1552.3,506,37,7.3,13105
1553.4,506,40,7.7,13105
1554.4,506,37,6.4,13127
1555.4,506,38,6.8,13115
1556.4,506,39,7.3,13104
1557.4,506,37,6.7,13132
1558.4,506,31,6.9,13097
1559.5,506,40,7.6,13142
1560.5,506,32,7.0,13136
1561.5,506,38,7.4,13177
1562.5,506,37,6.6,13139
1563.5,506,36,6.9,13161
1564.6,506,38,6.1,13166
1565.6,506,38,6.7,13211
1566.6,506,32,7.4,13184
1567.6,506,41,6.7,13199
1568.6,506,39,6.6,13203
1569.7,506,32,6.9,13172
1570.7,506,37,6.8,13154
1571.7,506,38,7.0,13173
1572.7,506,36,7.1,13142
1573.7,506,39,6.4,13169
1574.8,506,37,7.1,13230
1575.8,506,34,7.0,13161
1576.8,506,38,7.6,13195
1577.8,506,37,7.2,13195
1578.8,506,43,7.9,13224
1579.9,506,38,8.5,13262
1580.9,506,41,6.8,13294
1581.9,506,33,7.1,13310
1582.9,506,39,6.8,13333
1583.9,506,40,7.4,13311
1585.0,506,36,6.8,13282
1586.0,506,37,7.1,13301
1587.0,506,39,6.9,13259
1588.0,506,35,6.5,13302
1589.0,506,40,7.2,13275
1590.1,506,33,7.5,13315
1591.1,506,42,7.3,13286
1592.1,506,39,6.9,13238
1593.1,506,35,6.8,13295
1594.1,506,37,7.1,13205
1595.2,506,42,6.8,13265
1596.2,506,36,7.4,13236
1597.2,506,37,7.4,13292
1598.2,506,37,6.8,13298
1599.2,506,34,7.2,13281
1600.3,506,29,7.8,13234
1601.3,506,38,6.4,13213
1602.3,506,34,6.7,13245
1603.3,506,38,6.8,13245
1604.3,506,36,7.3,13239
1605.3,506,29,6.9,13267
1606.4,506,33,7.3,13236
1607.4,506,39,7.2,13245
1608.4,506,34,7.2,13242
1609.4,506,39,6.9,13274
1610.4,506,40,7.4,13229
1611.5,506,40,7.1,13215
1612.5,506,36,9.6,13256
1613.5,506,39,8.2,13254
1614.5,506,39,8.5,13250
1615.5,506,34,8.2,13240
1616.6,506,37,7.6,13254
1617.6,506,35,7.2,13202
1618.6,506,38,8.1,13236
1619.6,506,37,7.1,13247
1620.6,506,26,6.5,13284
1621.6,506,34,7.4,13279
1622.7,506,38,10.1,13265
1623.7,506,41,9.0,13258
1624.7,506,35,9.5,13232
1625.7,506,40,9.1,13289
1626.7,506,38,8.5,13269
1627.8,506,30,8.9,13302
1628.8,506,39,7.9,13254
1629.8,506,37,7.6,13247
1630.8,506,36,8.9,13272
1631.9,506,36,9.2,13278
1632.9,506,35,8.2,13305
1633.9,506,35,9.9,13264
1634.9,506,38,9.0,13329
1635.9,506,36,7.9,13336
1637.0,506,31,7.3,13291
1638.0,506,37,8.5,13325
1639.0,506,40,8.8,13337
1640.0,506,37,8.5,13342
1641.0,506,29,8.1,13314
1642.1,506,29,8.6,13291
1643.1,506,33,8.5,13308
1644.1,506,29,8.5,13298
1645.1,506,31,9.1,13318
1646.1,506,35,9.1,13299
1647.2,506,39,8.9,13316
1648.2,506,41,7.6,13307
1649.2,506,30,9.3,13261
1650.2,506,35,9.4,13294
1651.2,506,33,8.9,13285
1652.2,506,31,13.0,13323
1653.3,506,39,9.1,13311
1654.3,506,38,8.5,13315
1655.3,506,38,8.5,13289
1656.3,506,37,8.6,13282
1657.3,506,40,9.3,13296
1658.4,506,35,9.1,13266
1659.4,506,31,8.4,13301
1660.4,506,34,8.5,13316
1661.4,506,37,8.0,13332
1662.4,506,36,7.6,13299
1663.5,506,37,7.5,13281
1664.5,506,38,7.5,13299
1665.5,506,36,7.3,13274
1666.5,506,38,9.4,13313
1667.5,506,33,9.7,13303
1668.6,506,39,9.9,13337
1669.6,506,39,9.6,13320
1670.6,506,33,10.0,13365
1671.6,506,32,9.4,13364
1672.7,506,29,10.5,13313
1673.7,506,40,8.9,13323
1674.7,506,33,10.0,13308
1675.7,506,36,9.9,13331
1676.7,506,34,9.4,13286
1677.8,506,37,9.2,13282
1678.8,506,37,10.0,13322
1679.8,506,39,12.4,13324
1680.8,506,41,9.6,13379
1681.8,506,37,10.6,13362
1682.9,506,31,9.1,13341
1683.9,506,39,10.1,13329
1684.9,506,36,9.2,13322
1685.9,506,31,10.2,13339
1686.9,506,40,8.8,13338
1687.9,506,42,11.4,13247
1689.0,506,36,10.8,13215
1690.0,506,29,9.9,13201
1691.0,506,40,8.3,13203
1692.0,506,36,9.2,13197
1693.1,506,36,9.1,13225
1694.1,506,40,9.5,13283
1695.1,506,41,9.3,13336
1696.1,506,32,9.6,13297
1697.1,506,31,8.3,13279
1698.2,506,38,9.3,13320
1699.2,506,33,9.3,13284
1700.2,506,41,9.5,13300
1701.2,506,37,8.8,13318
1702.2,506,31,9.9,13313
1703.3,506,30,9.4,13332
1704.3,506,34,10.5,13291
1705.3,506,37,9.3,13300
1706.3,506,39,9.0,13266
1707.3,506,37,9.9,13321
1708.4,506,39,9.7,13311
1709.4,506,42,8.5,13265
1710.4,506,40,9.1,13263
1711.4,506,40,9.2,13232
1712.4,506,36,9.0,13286
1713.5,506,37,9.7,13269
1714.5,506,40,9.2,13269
1715.5,506,33,8.6,13298
1716.5,506,29,8.8,13313
1717.5,506,37,8.8,13338
1718.6,506,36,9.7,13369
1719.6,506,34,9.4,13348
1720.6,506,40,9.1,13296
1721.6,506,34,7.4,13289
1722.6,506,40,9.7,13318
1723.7,506,41,8.6,13317
1724.7,506,36,8.6,13279
1725.7,506,36,8.6,13292
1726.7,506,40,8.6,13296
1727.7,506,40,9.0,13250
1728.7,506,41,8.8,13255
1729.8,506,38,9.6,13277
1730.8,506,37,8.9,13265
1731.8,506,31,9.2,13230
1732.8,506,35,9.9,13225
1733.8,506,37,9.1,13299
1734.9,506,32,7.9,13292
1735.9,506,41,8.7,13258
1736.9,506,36,11.8,13266
1737.9,506,38,9.5,13271
1738.9,506,38,9.1,13301
1740.0,506,39,9.9,13278
1741.0,506,37,8.7,13340
1742.0,506,39,7.1,13283
1743.0,506,39,9.9,13314
1744.1,506,38,7.9,13310
1745.1,506,32,6.2,13309
1746.1,506,29,6.5,13297
1747.1,506,38,8.5,13296
1748.1,506,36,7.2,13306
1749.1,506,30,6.7,13324
1750.2,506,36,6.7,13282
1751.2,506,35,6.2,13329
1752.2,506,32,7.2,13338
1753.2,506,34,6.5,13280
1754.2,506,37,6.4,13329
1755.3,506,32,6.6,13327
1756.3,506,32,6.1,13332
1757.3,506,32,6.8,13331
1758.3,506,33,6.6,13341
1759.3,506,38,7.2,13339
1760.4,506,36,8.4,13348
1761.4,506,30,8.4,13284
1762.4,506,37,6.1,13321
1763.4,506,40,6.4,13346
1764.4,506,36,6.9,13345
1765.5,506,33,6.5,13367
1766.5,506,30,7.0,13374
1767.5,506,35,6.7,13348
1768.5,506,39,9.8,13321
1769.5,506,31,7.8,13347
1770.6,506,40,7.1,13356
1771.6,506,36,6.8,13364
1772.6,506,33,7.6,13369
1773.6,506,36,7.6,13386
1774.6,506,36,10.4,13362
1775.7,506,39,10.6,13327
1776.7,506,33,10.8,13346
1777.7,506,39,10.1,13367
1778.7,506,37,11.3,13408
1779.7,506,37,11.0,13357
1780.8,506,38,10.1,13330
1781.8,506,36,10.3,13362
1782.8,506,30,10.0,13335
1783.8,506,28,9.1,13346
1784.8,506,38,10.2,13367
1785.9,506,36,9.1,13394
1786.9,506,35,10.7,13357
1787.9,506,33,10.5,13361
1788.9,506,31,10.3,13379
1789.9,506,36,10.7,13423
1791.0,506,39,9.7,13396
1792.0,506,38,10.4,13422
1793.0,506,34,10.7,13452
1794.0,506,35,10.5,13411
1795.0,506,40,7.7,13395
1796.1,506,38,8.1,13400
1797.1,506,33,9.2,13399
1798.1,506,36,7.5,13368
1799.1,506,40,6.5,13387
1800.1,506,35,7.0,13416
1801.1,506,32,7.5,13367
1802.2,506,40,8.6,13372
1803.2,506,33,8.0,13409
1804.2,506,31,10.6,13415
1805.2,506,43,10.5,13427
1806.3,506,41,10.2,13425
1807.3,506,41,10.5,13440
1808.3,506,37,10.2,13457
1809.3,506,35,13.0,13457
1810.3,506,40,10.4,13478
1811.4,506,41,10.3,13477
1812.4,506,38,10.3,13420
1813.4,506,33,9.7,13433
1814.4,506,39,10.5,13485
1815.4,506,42,9.5,13506
1816.5,506,33,9.7,13474
1817.5,506,35,9.9,13485
1818.5,506,36,10.2,13490
1819.5,506,35,10.2,13506
1820.5,506,35,9.7,13468
1821.6,506,39,9.9,13462
1822.6,506,35,9.7,13500
1823.6,506,33,10.8,13436
1824.6,506,38,11.0,13455
1825.6,506,38,10.9,13485
1826.7,506,39,9.9,13503
1827.7,506,38,10.7,13488
1828.7,506,36,10.0,13406
1829.7,506,40,10.0,13457
1830.7,506,37,10.4,13456
1831.8,506,39,10.5,13433
1832.8,506,38,10.4,13498
1833.8,506,35,10.9,13534
1834.8,506,34,10.1,13491
1835.8,506,42,11.8,13489
1836.9,506,37,10.6,13522
1837.9,506,40,10.5,13524
1838.9,506,36,11.0,13484
1839.9,506,36,12.4,13504
1840.9,506,38,10.7,13530
1842.0,506,38,12.0,13468
1843.0,506,41,11.0,13502
1844.0,506,36,11.1,13526
1845.0,506,41,10.7,13554
1846.1,506,39,10.2,13523
1847.1,506,42,10.8,13532
1848.1,506,44,10.5,13552
1849.1,506,42,8.5,13596
1850.1,506,42,8.5,13574
1851.2,506,30,7.3,13537
1852.2,506,37,9.4,13553
1853.2,506,32,11.4,13519
1854.2,506,36,11.0,13515
1855.2,506,34,10.7,13536
1856.3,506,29,10.1,13575
1857.3,506,38,11.1,13543
1858.3,506,36,10.2,13514
1859.3,506,30,10.5,13547
1860.3,506,39,10.7,13576
1861.4,506,36,10.8,13547
1862.4,506,32,10.9,13569
1863.4,506,40,10.5,13606
1864.4,506,31,12.1,13595
1865.4,506,30,11.2,13603
1866.5,506,41,10.3,13624
1867.5,506,34,11.4,13616
1868.5,506,38,11.2,13610
1869.5,506,40,11.0,13581
1870.5,506,40,10.6,13608
1871.6,506,31,11.1,13630
1872.6,506,42,10.5,13608
1873.6,506,42,10.4,13590
1874.6,506,36,11.1,13677
1875.6,506,43,9.8,13595
1876.6,506,31,7.8,13626
1877.7,506,36,8.4,13637
1878.7,506,29,7.2,13664
1879.7,506,33,8.0,13643
1880.7,506,30,8.0,13658
1881.7,506,42,8.0,13659
1882.8,506,35,7.8,13688
1883.8,506,39,7.6,13662
1884.8,506,36,10.7,13694
1885.8,506,40,10.1,13719
1886.8,506,39,9.5,13697
1887.9,506,33,8.1,13711
1888.9,506,32,8.0,13711
1889.9,506,33,8.1,13727
1890.9,506,38,7.9,13700
1891.9,506,38,7.9,13689
1893.0,506,38,12.5,13687
1894.0,506,35,11.5,13717
1895.0,506,37,11.7,13638
1896.0,506,40,13.9,13663
1897.0,506,32,12.1,13700
1898.1,506,37,11.8,13686
1899.1,506,40,12.3,13696
1900.1,506,43,11.1,13735
1901.1,506,36,11.0,13789
1902.1,506,35,11.0,13773
1903.2,506,37,12.1,13781
1904.2,506,34,10.9,13764
1905.2,506,37,11.7,13743
1906.2,506,40,10.6,13751
1907.3,506,36,9.5,13792
1908.3,506,41,11.3,13866
1909.3,506,33,10.3,13772
1910.3,506,32,9.7,13783
1911.3,506,41,10.2,13791
1912.3,506,40,10.9,13806
1913.4,506,39,11.1,13767
1914.4,506,34,10.5,13759
1915.4,506,40,10.9,13766
1916.4,506,39,11.6,13740
1917.4,506,36,11.6,13755
1918.5,506,31,10.9,13772
1919.5,506,40,10.5,13785
1920.5,506,38,10.5,13798
1921.5,506,35,10.7,13796
1922.5,506,40,11.4,13796
1923.6,506,40,11.1,13812
1924.6,506,37,10.4,13795
1925.6,506,33,10.5,13812
1926.6,506,41,13.8,13805
1927.6,506,42,11.4,13764
1928.7,506,32,10.4,13809
1929.7,506,36,9.0,13820
1930.7,506,37,8.8,13860
1931.7,506,40,8.3,13853
1932.7,506,34,7.8,13866
1933.8,506,38,7.7,13864
1934.8,506,29,8.3,13947
1935.8,506,35,7.6,13914
1936.8,506,30,8.4,13907
1937.8,506,33,10.1,13907
1938.9,506,35,9.5,13872
1939.9,506,28,9.9,13880
1940.9,506,36,9.3,13888
1941.9,506,38,7.8,13924
1942.9,506,40,9.7,13865
1944.0,506,37,9.4,13895
1945.0,506,32,10.5,13909
1946.0,506,36,9.9,13916
1947.0,506,38,11.2,13886
1948.0,506,39,11.4,13905
1949.1,506,40,10.0,13905
1950.1,506,35,10.1,13877
1951.1,506,32,10.2,13901
1952.1,506,37,11.0,13898
1953.1,506,39,9.3,13928
1954.2,506,32,10.1,13883
1955.2,506,40,8.9,13900
1956.2,506,36,8.6,13915
1957.2,506,37,11.7,13953
1958.2,506,42,11.6,13906
1959.3,506,33,10.6,13956
1960.3,506,36,10.4,13962
1961.3,506,40,10.9,13949
1962.3,506,36,8.5,13959
1963.3,506,30,9.2,13981
1964.4,506,37,10.5,14013
1965.4,506,40,10.4,13967
1966.4,506,37,7.1,13986
1967.4,506,38,9.6,13976
1968.4,506,42,8.9,14031
1969.5,506,40,11.4,13986
1970.5,506,31,8.8,13992
1971.5,506,33,10.1,14003
1972.5,506,32,10.6,14005
1973.5,506,38,11.2,13958
1974.6,506,33,11.4,13946
1975.6,506,36,11.6,13988
1976.6,506,34,11.0,13958
1977.6,506,37,10.1,13994
1978.6,506,39,12.0,14038
1979.7,506,37,11.4,14048
1980.7,506,39,10.9,14013
1981.7,506,39,9.9,14025
1982.7,506,39,11.7,14049
1983.7,506,34,11.1,13994
1984.8,506,36,11.4,14006
1985.8,506,37,12.2,14044
1986.8,506,35,12.0,14082
1987.8,506,38,10.9,14027
1988.8,506,38,11.4,14070
1989.9,506,34,10.7,14053
1990.9,506,37,11.3,14062
1991.9,506,36,10.9,14030
1992.9,506,39,11.6,14059
1993.9,506,37,11.1,14089
1995.0,506,35,11.9,14125
1996.0,506,36,11.0,14139
1997.0,506,42,11.1,14158
1998.0,506,37,10.1,14159
1999.0,506,43,10.2,14132
2000.1,506,34,11.5,14152
2001.1,506,41,13.8,14170
2002.1,506,34,11.9,14175
2003.1,506,32,11.5,14139
2004.1,506,40,12.7,14115
2005.2,506,41,12.5,14183
2006.2,506,33,11.2,14121
2007.2,506,38,11.3,14134
2008.2,506,42,12.0,14146
2009.2,506,38,12.4,14175
2010.3,506,33,10.9,14130
2011.3,506,35,11.0,14125
2012.3,506,39,10.2,14138
2013.3,506,40,11.3,14145
2014.3,506,41,10.3,14101
2015.4,506,37,11.7,14132
2016.4,506,39,10.7,14164
2017.4,506,34,10.7,14150
2018.4,506,38,10.9,14152
2019.4,506,31,9.8,14189
2020.5,506,38,10.1,14199
2021.5,506,40,10.2,14151
2022.5,506,37,10.3,14162
2023.5,506,30,9.4,14198
2024.5,506,35,8.8,14142
2025.6,506,35,11.2,14178
2026.6,506,35,10.4,14204
2027.6,506,34,9.0,14190
2028.6,506,40,8.3,14169
2029.6,506,30,8.1,14181
2030.7,506,35,7.9,14189
2031.7,506,33,8.5,14206
2032.7,506,40,8.3,14164
2033.7,506,38,9.0,14200
2034.7,506,39,10.8,14214
2035.8,506,41,9.9,14219
2036.8,506,31,8.7,14184
2037.8,506,33,9.0,14203
2038.8,506,36,8.0,14229
2039.8,506,38,8.0,14198
2040.9,506,40,8.5,14204
2041.9,506,34,10.0,14202
2042.9,506,34,8.8,14224
2043.9,506,37,8.9,14184
2044.9,506,42,8.6,14198
2046.0,506,36,8.5,14217
2047.0,506,36,8.8,14166
2048.0,506,32,8.5,14186
2049.0,506,41,9.8,14202
2050.1,506,36,9.7,14230
2051.1,506,37,8.9,14232
2052.1,506,39,11.7,14261
2053.1,506,34,10.9,14265
2054.1,506,38,11.5,14254
2055.1,506,40,10.9,14217
2056.2,506,36,11.9,14270
2057.2,506,36,11.2,14302
2058.2,506,36,10.8,14262
2059.2,506,36,11.8,14264
2060.2,506,40,11.6,14296
2061.3,506,36,10.6,14328
2062.3,506,38,9.1,14300
2063.3,506,39,8.4,14308
2064.3,506,32,7.8,14296
2065.3,506,39,8.5,14313
2066.4,506,37,7.9,14268
2067.4,506,40,8.6,14311
2068.4,506,40,10.2,14316
2069.4,506,38,9.2,14335
2070.4,506,31,10.0,14349
2071.5,506,41,10.9,14353
2072.5,506,30,10.4,14397
2073.5,506,40,10.3,14363
2074.5,506,34,9.7,14334
2075.5,506,44,7.9,14322
2076.6,506,43,8.3,14322
2077.6,506,34,10.1,14278
2078.6,506,31,11.7,14297
2079.6,506,35,11.6,14318
2080.6,506,37,14.0,14293
2081.7,506,36,11.0,14330
2082.7,506,39,10.1,14339
2083.7,506,34,11.1,14364
2084.7,506,41,10.6,14341
2085.7,506,39,9.8,14363
2086.8,506,40,9.7,14383
2087.8,506,37,8.2,14397
2088.8,506,29,9.0,14384
2089.8,506,36,8.3,14385
2090.8,506,31,8.5,14416
2091.9,506,42,8.7,14389
2092.9,506,37,8.5,14376
2093.9,506,32,8.2,14365
2094.9,506,32,8.9,14383
2095.9,506,42,8.4,14358
2097.0,506,39,8.7,14380
2098.0,506,40,7.9,14393
2099.0,506,39,8.4,14391
2100.0,506,39,8.3,14362
2101.0,506,31,8.3,14393
2102.1,506,36,8.7,14467
2103.1,506,39,8.4,14459
2104.1,506,34,8.2,14474
2105.1,506,40,9.0,14484
2106.1,506,41,8.7,14499
2107.1,506,38,8.7,14444
2108.2,506,37,8.6,14475
2109.2,506,28,8.7,14463
2110.2,506,40,8.1,14491
2111.2,506,41,7.8,14426
2112.2,506,40,8.3,14448
2113.3,506,41,8.2,14470
2114.3,506,35,9.2,14481
2115.3,506,41,9.2,14481
2116.3,506,39,8.6,14513
2117.3,506,41,10.0,14532
2118.4,506,32,9.0,14497
2119.4,506,35,9.9,14504
2120.4,506,40,9.2,14493
2121.4,506,39,8.6,14533
2122.4,506,39,9.5,14469
2123.5,506,30,11.6,14486
2124.5,506,32,11.2,14513
2125.5,506,39,9.6,14464
2126.5,506,36,9.3,14501
2127.5,506,33,9.2,14536
2128.6,506,37,10.4,14521
2129.6,506,37,8.3,14499
2130.6,506,35,9.2,14499
2131.6,506,41,8.7,14535
2132.6,506,33,10.4,14502
2133.7,506,40,9.3,14539
2134.7,506,38,8.5,14515
2135.7,506,35,8.2,14500
2136.7,506,38,8.0,14451
2137.7,506,40,8.3,14469
2138.8,506,41,8.7,14503
2139.8,506,43,8.0,14528
2140.8,506,29,7.5,14479
2141.8,506,40,7.9,14489
2142.8,506,39,7.8,14532
2143.9,506,36,8.4,14520
2144.9,506,32,9.4,14521
2145.9,507,38,11.1,14540
2146.9,507,41,13.2,14768
2147.9,507,35,11.8,14908
2149.0,507,40,11.6,15426
2150.0,507,33,7.6,15758
2151.0,507,40,8.3,16146
2152.0,507,35,11.0,16239
2153.0,507,37,7.6,16608
2154.1,507,39,7.1,17054
2155.1,507,32,7.3,17112
2156.1,507,29,6.9,17426
2157.1,507,36,9.7,17678
2158.1,507,42,9.0,17736
2159.2,507,37,8.2,17834
2160.2,507,31,7.8,18140
2161.2,507,96,16.6,18208
2162.3,507,60,12.1,18272
2163.3,507,99,7.9,18300
2164.3,507,52,6.9,18305
2165.3,507,31,7.2,18275
2166.4,507,46,6.7,17707
2167.4,507,24,7.4,17728
2168.4,507,30,7.5,17734
2169.4,507,28,7.5,17887
2170.4,507,34,6.9,18294
2171.5,507,33,9.4,18287
2172.5,507,35,8.9,18308
2173.5,507,37,8.3,18319
2174.5,507,35,7.7,18450
2175.5,507,35,8.6,18475
2176.6,507,38,7.3,18460
2177.6,507,40,8.2,18472
2178.6,507,36,7.6,18464
2179.6,507,34,7.0,17922
2180.6,507,40,6.9,17918
2181.7,507,30,7.7,17865
2182.7,507,41,7.3,18020
2183.7,507,36,8.8,18399
2184.7,507,36,9.1,18380
2185.7,507,37,9.1,18364
2186.8,507,41,7.9,18366
2187.8,507,37,6.8,18450
2188.8,507,35,8.5,18447
2189.8,507,28,8.8,18445
2190.8,507,40,9.5,18471
2191.9,507,40,10.3,18480
2192.9,507,38,10.4,17933
2193.9,507,36,9.6,17931
2194.9,507,34,10.6,17870
2195.9,507,40,10.3,18051
2197.0,507,40,11.5,18468
2198.0,507,30,11.8,18430
2199.0,507,39,10.6,18435
2200.0,507,36,10.1,18466
2201.0,507,36,9.5,18547
2202.1,507,40,10.0,18614
2203.1,507,39,10.8,18630
2204.1,507,35,9.3,18628
2205.1,507,39,10.3,18631
2206.2,507,34,10.3,18089
2207.2,507,39,10.7,18047
2208.2,507,40,9.2,18037
2209.2,507,38,18.5,18101
2210.2,507,36,11.8,18246
2211.3,507,37,10.4,18452
2212.3,507,33,11.0,18480
2213.3,507,42,11.7,18495
2214.3,507,38,10.4,18552
2215.3,507,30,10.0,18649
2216.4,507,39,8.1,18686
2217.4,507,41,11.5,18561
2218.4,507,40,9.9,18529
2219.4,507,28,9.3,18529
2220.4,507,38,10.3,17903
2221.5,507,39,9.8,17931
2222.5,507,41,10.1,16151
2223.5,507,39,9.4,16177
2224.5,507,36,10.3,16184
2225.5,507,42,9.3,16059
2226.6,507,33,7.1,16075
2227.6,507,28,5.9,16049
2228.6,507,35,5.6,16010
2229.6,507,40,7.2,16015
2230.6,507,37,6.8,16010
2231.7,507,35,5.9,16013
2232.7,507,38,4.9,16026
2233.7,507,39,4.9,16030
2234.7,507,28,5.2,16042
2235.7,507,29,4.2,16026
2236.8,507,41,4.6,16047
2237.8,507,41,5.7,16045
2238.8,507,42,4.1,16039
2239.8,507,38,4.3,16052
2240.9,507,30,3.3,16067
2241.9,507,34,3.8,16049
2242.9,507,27,4.0,16058
2243.9,507,40,4.9,16042
2244.9,507,35,4.1,16041
2245.9,507,40,4.0,16059
2247.0,507,41,4.1,16063
2248.0,507,40,5.1,16095
2249.0,507,40,4.0,16084
2250.0,507,36,4.1,16088
2251.0,507,42,3.7,16071
2252.1,507,34,4.4,16090
2253.1,507,38,4.1,16102
2254.1,507,42,4.5,16072
2255.1,507,33,3.4,16078
2256.1,507,36,4.3,16081
2257.2,507,36,4.1,16074
2258.2,507,32,4.5,16063
2259.2,507,36,4.2,16085
2260.2,507,30,3.9,16082
2261.2,507,71,6.5,16101
2262.3,621,0,8.4,16133
2263.3,823,30,16.9,16176
2264.3,843,14,6.8,16167
2265.3,843,11,4.9,16156
2266.3,843,20,6.8,16179
2267.4,843,18,4.7,16172
2268.4,843,19,4.9,16152
2269.4,913,59,5.0,16150
2270.4,913,16,4.7,16152
2271.4,915,12,4.3,16149
2272.5,913,21,4.9,16169
2273.5,914,22,4.4,16172
2274.5,913,23,5.8,16177
2275.5,913,54,4.8,16175
2276.5,913,15,4.6,16174
2277.6,913,14,4.5,16181
2278.6,913,20,4.7,16154
2279.6,913,21,5.0,16164
2280.6,913,55,5.0,16167
2281.6,913,13,4.8,16166
2282.7,913,20,5.5,16191
2283.7,913,54,5.4,16186
2284.7,913,11,4.8,16163
2285.7,913,10,5.7,16160
2286.7,913,21,7.0,16183
2287.8,913,23,7.0,16190
2288.8,913,55,6.3,16194
2289.8,913,17,5.3,16208
2290.8,926,12,6.3,16212
2291.8,919,22,5.6,16204
2292.9,919,24,4.3,16168
2293.9,922,24,6.4,16199
2294.9,922,16,5.0,16256
2295.9,922,11,5.3,16275
2296.9,922,20,6.0,16382
2298.0,922,16,8.9,16561
2299.0,922,12,7.2,16502
2300.0,922,20,4.2,16500
2301.0,922,52,4.6,16491
2302.1,922,11,4.5,16503
2303.1,922,19,4.6,16499
2304.1,922,21,5.3,16498
2305.1,922,23,4.9,16513
2306.1,927,54,4.5,16495
2307.2,921,15,5.2,16472
2308.2,893,11,6.8,16279
2309.2,893,40,5.3,16268
2310.2,893,0,3.4,16271
2311.2,893,0,5.2,16265
2312.3,893,0,5.9,16285
2313.3,894,0,4.6,16296
2314.3,894,0,4.4,16278
2315.3,894,0,6.2,16286
2316.3,894,0,6.3,16266
2317.4,894,0,3.6,16269
2318.4,894,0,5.8,16251
2319.4,894,0,4.9,16260
2320.4,894,0,6.3,16273
2321.5,894,0,5.3,16263
2322.5,894,0,3.6,16278
2323.5,894,0,6.3,16255
2324.5,894,0,3.9,16276
2325.6,894,0,4.1,16273
2326.6,894,0,4.6,16274
2327.6,894,0,3.4,16260
2328.6,894,0,3.9,16267
2329.7,894,0,2.9,16278
2330.7,894,0,3.7,16287
2331.7,894,0,3.4,16285
2332.7,894,0,3.9,16278
2333.8,894,0,3.0,16289
2334.8,894,0,3.7,16305
2335.8,894,0,3.1,16326
2336.8,894,0,3.7,16304
2337.9,894,0,3.4,16311
2338.9,894,0,3.7,16287
2339.9,894,0,3.7,16264
2340.9,894,0,4.3,16266
2342.0,894,0,3.6,16281
2343.0,894,0,4.1,16299
2344.0,894,0,3.5,16290
2345.0,894,0,3.4,16263
2346.1,894,0,3.3,16285
2347.1,894,0,3.5,16287
2348.1,894,0,3.0,16265
2349.1,894,0,3.3,16246
2350.2,894,0,4.5,16265
2351.2,894,0,3.3,16238
2352.2,894,0,3.5,16234
2353.2,894,0,3.8,16268
2354.3,894,0,3.7,16293
2355.3,894,0,3.6,16308
2356.3,894,0,3.9,16345
2357.3,894,0,3.4,16337
2358.4,894,0,3.3,16316
2359.4,894,0,3.9,16299
2360.4,894,0,4.6,16253
2361.4,894,0,4.0,16268
2362.5,894,0,4.1,16284
2363.5,894,0,3.7,16276
2364.5,894,0,3.8,16250
2365.6,894,0,3.8,16264
2366.6,894,0,3.2,16217
2367.6,894,0,4.0,16239
2368.6,894,0,3.5,16228
2369.7,894,0,3.4,16250
2370.7,894,0,3.8,16250
2371.7,894,0,5.5,16267
2372.7,894,0,5.4,16267
2373.8,894,0,6.2,16228
2374.8,894,0,6.0,16258
2375.8,894,0,5.3,16195
2376.8,894,0,3.3,16200
2377.9,894,0,5.2,16189
2378.9,894,0,4.2,16188
2379.9,894,0,4.7,16192
2380.9,894,0,3.1,16196
2382.0,894,0,3.7,16198
2383.0,894,0,3.4,16184
2384.0,894,0,3.9,16146
2385.0,894,0,3.7,16127
2386.1,894,0,3.3,16114
2387.1,894,0,3.5,16120
2388.1,894,0,3.8,16125
2389.1,894,0,3.8,16149
2390.2,894,0,3.5,16166
2391.2,894,0,5.0,16155
2392.2,894,0,5.4,16177
2393.2,894,0,5.9,16175
2394.3,894,0,5.0,16186
2395.3,894,0,4.0,16175
2396.3,894,0,5.1,16171
2397.3,894,0,5.5,16181
2398.4,894,0,5.3,16190
2399.4,894,0,5.6,16018
2400.4,894,0,5.4,16050
2401.4,894,0,4.9,16066
2402.5,894,0,4.9,16078
2403.5,894,0,5.1,16117
2404.5,894,0,3.7,16131
2405.5,894,0,3.7,16117
2406.6,894,0,3.5,16104
2407.6,894,0,3.7,16112
2408.6,894,0,3.6,16104
2409.6,894,0,3.5,16091
2410.7,894,0,3.9,16079
2411.7,894,0,3.7,16060
2412.7,894,0,4.6,16087
2413.7,894,0,4.8,16065
2414.8,894,0,6.5,16115
2415.8,894,0,5.9,16132
2416.8,894,0,4.7,16119
2417.8,894,0,5.4,16102
2418.9,894,0,3.2,16099
2419.9,894,0,3.2,16104
2420.9,894,0,3.7,16088
2421.9,894,0,4.0,16100
2423.0,894,0,3.5,16105
2424.0,894,0,4.1,16122
2425.0,894,0,3.7,16142
2426.1,894,0,4.0,16126
2427.1,894,0,3.5,16129
2428.1,894,0,3.6,16105
2429.1,894,0,3.7,16084
2430.2,894,0,3.3,16079
2431.2,894,0,3.3,16071
2432.2,894,0,3.1,16094
2433.2,894,0,4.1,16123
2434.3,894,0,3.5,16078
2435.3,894,0,3.2,16091
2436.3,894,0,3.9,16094
2437.3,894,0,3.6,16101
2438.4,894,0,3.6,16066
2439.4,894,0,3.6,16035
2440.4,894,0,3.5,16105
2441.4,894,0,4.1,16064
2442.5,894,0,4.0,16036
2443.5,894,0,4.0,16040
2444.5,894,0,4.2,16078
2445.5,894,0,3.3,16090
2446.6,894,0,4.8,16073
2447.6,894,0,3.6,16081
2448.6,894,0,3.7,16046
2449.6,894,0,3.6,16055
2450.7,894,0,4.0,16032
2451.7,894,0,4.1,16036
2452.7,894,0,3.3,16061
2453.7,894,0,3.6,16051
2454.8,894,0,3.3,16056
2455.8,894,0,3.6,16060
2456.8,894,0,3.6,16054
2457.8,894,0,2.9,16035
2458.9,894,0,3.7,16036
2459.9,894,0,3.5,16032
2460.9,894,0,3.2,15983
2461.9,894,0,4.6,15972
2463.0,894,0,3.7,15973
2464.0,894,0,3.5,15990
2465.0,894,0,6.4,15993
2466.1,877,0,5.1,16015
2467.1,877,0,3.3,16007
2468.1,877,0,3.4,15997
2469.2,877,0,4.5,15997
2470.2,922,26,11.7,16043
2471.2,922,14,7.9,16050
2472.2,925,24,5.4,16040
2473.2,926,17,7.3,16008
2474.3,926,20,8.0,16050
2475.3,926,17,13.9,16214
2476.3,926,13,7.4,16197
2477.3,926,20,5.2,16292
2478.3,926,60,7.0,16273
2479.4,926,16,6.1,16324
2480.4,926,13,5.5,16379
2481.4,927,72,8.4,16097
2482.5,925,12,6.2,16139
2483.5,925,11,10.1,16225
2484.5,925,36,15.8,16380
2485.5,925,17,6.1,16371
2486.5,907,22,6.4,16368
2487.5,907,29,8.2,16297
2488.6,907,52,6.0,16292
2489.6,907,16,8.9,16274
2490.6,907,10,10.0,16291
2491.6,907,10,8.4,16291
2492.6,907,19,8.5,16284
2493.7,907,19,5.9,16287
2494.7,907,58,8.6,16246
2495.7,907,15,6.6,16230
2496.7,907,90,6.6,16233
2497.7,939,9,5.0,16223
2498.8,939,25,5.9,16221
2499.8,939,19,4.7,16229
2500.8,939,21,4.6,16212
2501.8,939,15,4.5,16225
2502.9,939,11,5.6,16189
2503.9,939,20,5.9,16199
2504.9,939,21,4.9,16205
2505.9,939,23,4.5,16188
2506.9,939,52,4.7,16180
2508.0,929,13,6.4,16170
2509.0,929,12,7.1,16184
2510.0,929,21,5.7,16200
2511.0,929,22,6.6,16195
2512.0,929,39,5.1,16171
2513.0,923,9,5.4,16047
2514.1,923,17,5.2,16052
2515.1,923,53,4.6,16024
2516.1,923,13,4.6,16030
2517.1,923,13,4.9,16014
2518.1,923,22,4.4,16016
2519.2,923,52,4.8,16006
2520.2,923,12,4.5,15992
2521.2,923,12,4.6,16005
2522.2,923,21,4.7,16008
2523.2,923,23,5.3,16029
2524.3,923,12,4.8,15998
2525.3,923,20,4.7,16029
2526.3,923,22,4.6,16039
2527.3,923,23,4.9,16028
2528.3,923,10,6.1,16029
2529.4,923,30,5.8,16046
2530.4,923,11,5.8,16037
2531.4,923,11,4.2,16039
2532.4,923,20,4.7,16056
2533.5,923,22,5.4,16038
2534.5,923,26,6.3,16073
2535.5,923,9,6.3,16104
2536.5,923,18,5.3,16085
2537.5,923,19,4.9,16094
2538.6,929,16,5.6,16082
2539.6,929,12,5.1,16082
2540.6,929,21,4.9,16078
2541.6,929,22,4.9,16082
2542.7,929,54,5.5,16079
2543.7,929,13,4.6,16069
2544.7,929,11,4.6,16100
2545.7,929,20,4.7,16101
2546.7,929,28,8.7,16026
2547.7,929,55,6.9,16012
2548.8,929,16,4.9,16010
2549.8,929,12,4.4,16022
2550.8,929,20,4.9,16000
2551.8,929,28,4.7,15990
2552.9,929,23,5.8,15974
2553.9,929,55,5.0,15972
2554.9,929,12,4.4,15954
2555.9,929,20,4.9,15943
2556.9,929,22,4.5,15948
2558.0,929,23,5.0,15954
2559.0,929,55,5.3,15947
2560.0,929,16,4.3,15892
2561.0,929,14,5.4,15905
2562.0,942,22,4.9,15910
2563.1,942,22,5.5,15931
2564.1,942,25,5.0,15947
2565.1,942,54,5.1,15959
2566.1,942,15,4.7,15964
2567.2,942,11,6.0,15972
2568.2,942,20,4.7,15932
2569.2,942,54,4.8,15936
2570.2,942,15,4.4,15918
2571.2,942,11,5.2,15936
2572.3,935,20,5.9,15946
2573.3,935,29,5.2,15945
2574.3,935,57,4.5,15956
2575.3,935,17,4.8,15961
2576.3,935,12,4.8,15904
2577.4,935,20,5.3,15903
2578.4,935,24,5.1,15913
2579.4,935,37,5.0,15889
2580.4,935,54,5.1,15904
2581.5,942,15,4.4,15897
2582.5,942,19,5.6,15891
2583.5,942,22,5.7,15906
2584.5,935,23,4.5,15912
2585.5,935,25,4.9,15912
2586.6,935,53,6.0,15896
2587.6,906,11,5.0,15888
2588.6,909,17,6.9,15935
2589.6,909,20,4.7,15966
2590.7,909,21,5.8,15934
2591.7,909,15,4.6,15942
2592.7,909,11,4.8,15954
2593.7,909,19,5.0,15952
2594.7,906,24,5.7,16017
2595.8,908,39,6.7,16008
2596.8,908,24,5.1,15996
2597.8,908,52,6.4,15984
2598.8,908,11,9.4,15987
2599.8,914,23,14.4,16155
2600.9,912,23,17.3,16414
2601.9,918,39,14.7,16611
2602.9,941,28,13.2,16618
2603.9,923,28,8.4,16659
2604.9,923,26,10.2,16796
2606.0,923,58,27.8,16797
2607.0,923,59,17.6,16890
2608.0,917,53,10.0,17027
2609.0,917,11,15.0,17237
2610.0,917,11,7.4,17190
2611.1,917,21,6.7,17229
2612.1,917,22,6.0,17248
2613.1,917,16,4.8,17236
2614.1,917,12,5.5,17210
2615.1,917,20,5.8,17208
2616.2,917,21,5.4,17171
2617.2,917,57,5.2,17167
2618.2,917,16,5.4,17145
2619.2,917,12,4.9,17145
2620.2,917,21,5.0,17130
2621.3,917,22,6.1,17111
2622.3,917,14,7.9,17101
2623.3,917,12,6.1,17103
2624.3,917,21,5.7,17100
2625.3,917,22,6.8,17073
2626.4,917,53,7.9,17083
2627.4,917,11,5.3,17067
2628.4,917,16,5.7,17053
2629.4,917,21,5.7,16944
2630.5,917,23,6.6,16843
2631.5,917,54,5.6,16865
2632.5,917,23,5.0,16862
2633.5,917,13,6.3,16887
2634.5,917,21,5.3,16806
2635.6,917,22,5.2,16813
2636.6,917,53,4.7,16840
2637.6,917,15,4.9,16832
2638.6,917,13,5.5,16846
2639.7,917,20,5.0,16835
2640.7,917,53,4.2,16826
2641.7,917,15,5.3,16855
2642.7,917,11,6.4,16844
2643.7,917,20,5.3,16831
2644.8,917,21,4.7,16813
2645.8,917,23,5.2,16800
2646.8,917,33,5.2,16784
2647.8,917,13,5.3,16777
2648.8,917,20,4.8,16758
2649.9,917,22,4.8,16764
2650.9,917,50,4.5,16780
2651.9,917,32,4.9,16770
2652.9,917,11,5.0,16769
2654.0,917,19,4.7,16785
2655.0,917,21,5.2,16856
2656.0,917,30,5.0,16851
2657.0,917,11,6.4,16856
2658.0,917,19,5.2,16868
2659.1,917,21,5.1,16876
2660.1,917,22,5.4,16853
2661.1,917,53,4.2,16858
2662.1,917,13,5.5,16855
2663.2,917,13,4.4,16832
2664.2,917,22,4.4,16819
2665.2,917,22,5.0,16790
2666.2,917,54,5.5,16771
2667.2,917,13,4.4,16764
2668.3,917,19,5.9,16766
2669.3,917,22,5.2,16778
2670.3,917,54,5.7,16758
2671.3,917,15,5.1,16758
2672.3,917,11,5.2,16773
2673.4,917,20,5.0,16782
2674.4,917,50,6.8,16793
2675.4,917,15,5.7,16838
2676.4,917,11,5.0,16839
2677.4,917,20,6.2,16840
2678.5,917,21,13.2,16990
2679.5,917,23,13.6,17051
2680.5,917,53,11.5,17104
2681.5,917,12,5.8,17098
2682.6,917,11,5.5,17079
2683.6,917,20,6.4,17083
2684.6,917,53,5.2,17078
2685.6,917,13,6.5,17081
2686.6,917,18,5.4,17083
2687.6,917,52,5.5,17090
2688.7,917,11,6.9,17096
2689.7,917,17,5.2,17097
2690.7,917,35,6.8,17099
2691.7,917,15,5.0,17093
2692.8,917,11,6.7,17097
2693.8,917,20,6.5,17111
2694.8,922,54,6.1,17100
2695.8,931,14,6.7,17132
2696.8,931,12,7.1,17106
2697.9,931,21,5.7,17131
2698.9,934,50,7.4,17131
2699.9,932,17,5.5,17137
2700.9,932,12,6.5,17141
2701.9,932,22,5.1,17119
2703.0,931,57,5.5,17112
2704.0,931,13,5.9,17105
2705.0,931,12,5.8,17102
2706.0,931,20,6.0,17116
2707.0,931,21,6.0,17179
2708.1,931,50,5.5,17181
2709.1,931,17,5.1,17192
2710.1,931,11,4.8,17194
2711.1,931,20,5.0,17186
2712.1,931,22,5.6,16970
2713.2,931,23,5.1,16972
2714.2,931,54,5.8,16959
2715.2,931,11,5.2,16952
2716.2,931,18,5.1,16963
2717.2,931,24,5.4,16970
2718.3,931,24,5.3,16968
2719.3,931,16,5.4,16971
2720.3,931,13,5.2,16973
2721.3,931,22,4.8,16972
2722.3,931,25,5.8,16978
2723.4,931,31,5.4,16975
2724.4,931,18,6.4,16983
2725.4,931,14,6.1,16998
2726.4,931,20,5.4,16997
2727.5,931,22,5.3,17031
2728.5,931,54,5.4,17033
2729.5,931,13,5.0,17007
2730.5,931,17,5.2,16993
2731.5,931,22,5.0,16981
2732.6,931,24,5.4,16971
2733.6,931,57,5.3,17008
2734.6,931,16,5.6,17001
2735.6,931,12,4.8,17014
2736.6,931,21,5.8,17023
2737.7,931,22,5.8,17030
2738.7,931,22,5.6,17009
2739.7,931,17,5.3,17008
2740.7,931,13,5.7,16970
2741.8,931,21,4.8,16967
2742.8,931,17,5.3,16971
2743.8,931,13,6.0,16962
2744.8,931,21,4.6,16978
2745.8,931,62,5.6,17012
2746.9,931,14,5.8,17003
2747.9,931,12,6.0,16990
2748.9,931,20,5.8,16986
2749.9,931,50,5.6,16982
2750.9,931,17,5.2,17004
2752.0,931,13,5.2,17014
2753.0,931,22,6.7,17005
2754.0,931,34,6.8,16978
2755.0,925,28,6.0,16980
2756.1,925,19,6.8,16967
2757.1,925,23,6.2,16963
2758.1,925,20,6.3,16955
2759.1,925,26,7.0,16971
2760.1,925,56,7.0,17002
2761.2,925,13,5.6,16997
2762.2,925,18,5.6,16985
2763.2,925,22,7.7,16981
2764.2,925,17,5.4,16976
2765.2,925,12,5.9,16990
2766.3,925,22,7.1,17023
2767.3,925,55,6.2,17017
2768.3,925,12,5.8,17012
2769.3,925,27,7.0,17013
2770.3,925,13,8.0,16991
2771.4,925,11,6.3,16997
2772.4,925,17,5.7,17025
2773.4,925,18,6.1,17017
2774.4,925,19,6.0,17045
2775.4,925,16,5.1,17033
2776.5,925,12,5.7,17098
2777.5,925,20,5.5,17108
2778.5,925,16,5.7,17105
2779.5,925,57,6.3,17087
2780.6,925,42,5.9,17080
2781.6,925,42,7.3,17074
2782.6,925,11,5.5,17102
2783.6,925,22,6.7,17035
2784.6,925,25,5.4,17046
2785.7,925,19,5.5,17046
2786.7,925,54,5.0,17059
2787.7,925,11,5.4,17044
2788.7,925,17,5.4,17026
2789.7,925,18,5.4,17022
2790.8,925,15,5.0,17020
2791.8,925,11,5.0,17026
2792.8,925,20,5.5,17036
2793.8,925,54,5.5,17039
2794.8,925,14,5.1,17008
2795.9,925,13,5.5,17013
2796.9,925,54,6.3,17056
2797.9,925,14,5.3,17082
2798.9,925,13,6.5,17073
2800.0,925,18,6.3,17030
2801.0,925,17,5.7,17014
2802.0,925,10,5.5,17053
2803.0,925,20,5.9,17029
2804.0,925,20,5.3,17021
2805.1,925,22,5.0,17006
2806.1,925,31,5.1,16999
2807.1,925,12,5.1,17001
2808.1,925,20,5.4,16982
2809.1,925,22,5.6,16984
2810.2,925,51,5.2,17001
2811.2,925,16,6.0,17008
2812.2,925,12,5.2,17029
2813.2,925,20,5.8,17023
2814.2,925,22,5.4,17000
2815.3,925,54,5.1,16987
2816.3,925,12,4.9,16985
2817.3,925,20,5.8,17025
2818.3,925,23,5.2,17019
2819.3,925,54,5.2,17041
2820.4,925,13,5.1,17027
2821.4,925,12,5.0,17028
2822.4,925,21,4.8,17016
2823.4,925,23,5.2,17013
2824.5,925,53,5.3,17011
2825.5,925,12,5.6,17028
2826.5,925,18,4.6,17048
2827.5,925,22,5.5,17041
2828.5,925,23,5.0,17034
2829.6,925,29,5.4,17014
2830.6,925,12,5.0,17009
2831.6,925,20,4.7,17011
2832.6,925,22,5.3,17032
2833.6,925,49,5.7,17046
2834.7,925,17,5.0,17079
2835.7,925,13,5.0,17082
2836.7,925,21,5.0,17097
2837.7,925,23,5.2,17120
2838.7,925,54,5.6,17106
2839.8,925,16,5.5,17098
2840.8,925,13,5.2,17078
2841.8,925,21,5.1,17054
2842.8,925,23,4.9,17050
2843.9,925,53,5.8,17053
2844.9,925,15,4.9,17061
2845.9,925,11,5.0,17071
2846.9,925,20,4.9,17072
2847.9,925,54,5.1,17075
2848.9,925,15,5.0,17071
2850.0,925,11,5.1,17081
2851.0,925,20,5.0,17073
2852.0,925,24,5.1,17061
2853.0,925,23,5.3,17079
2854.1,925,53,5.5,17065
2855.1,925,11,5.4,17062
2856.1,925,16,5.6,17080
2857.1,925,20,4.9,17070
2858.1,925,53,5.1,17064
2859.2,925,11,4.8,17036
2860.2,925,17,4.9,17021
2861.2,925,21,5.4,17023
2862.2,925,23,5.4,17053
2863.2,925,55,5.6,17051
2864.3,925,16,6.8,17040
2865.3,925,13,5.5,17046
2866.3,925,29,5.2,17068
2867.3,925,53,6.0,17054
2868.3,925,11,7.4,17071
2869.4,925,11,6.5,17041
2870.4,925,10,7.0,17051
2871.4,925,9,5.1,17032
2872.4,925,19,6.0,17028
2873.4,925,21,5.6,17033
2874.5,925,53,6.5,17046
2875.5,925,15,5.0,17054
2876.5,925,14,7.0,17074
2877.5,925,88,7.1,17075
2878.5,925,9,7.3,17063
2879.6,925,13,5.3,17050
2880.6,925,21,5.6,17048
2881.6,925,19,6.3,17091
2882.6,925,52,5.4,17102
2883.6,925,11,5.7,17082
2884.7,925,19,5.5,17071
2885.7,925,21,5.4,17065
2886.7,925,16,5.5,17060
2887.7,859,13,5.0,17075
2888.8,859,10,7.1,17075
2889.8,859,9,5.9,17081
2890.8,859,20,6.0,17074
2891.8,859,20,5.4,17097
2892.8,859,55,5.8,17088
2893.9,859,13,6.6,17083
2894.9,859,14,5.6,17116
2895.9,859,53,5.3,17117
2896.9,859,13,5.2,17134
2897.9,859,12,5.8,17126
2899.0,859,53,6.1,17134
2900.0,859,40,5.9,17112
2901.0,859,44,5.8,17108
2902.0,859,12,6.6,17096
2903.1,877,17,5.9,17108
2904.1,877,36,6.6,17135
2905.1,877,27,5.5,17150
2906.1,878,35,6.3,17141
2907.1,878,19,5.9,17134
2908.2,878,36,6.0,17123
2909.2,877,28,5.6,17115
2910.2,877,21,6.5,17111
2911.2,877,40,6.0,17110
2912.2,891,20,6.8,17132
2913.3,891,17,5.3,17158
2914.3,891,17,6.0,17110
2915.3,892,20,6.4,17094
2916.3,893,13,5.7,17117
2917.3,893,25,5.6,17105
2918.3,891,13,5.6,17103
2919.4,891,17,5.1,17097
2920.4,891,32,6.9,17083
2921.4,891,19,5.0,17132
2922.4,891,20,4.7,17122
2923.4,891,52,5.4,17138
2924.5,891,11,5.2,17134
2925.5,890,19,5.2,17133
2926.5,890,21,5.8,17130
2927.5,890,27,5.0,17123
2928.5,890,54,5.5,17119
2929.6,890,57,7.6,17111
2930.6,890,10,5.2,17131
2931.6,890,19,4.8,17141
2932.6,890,20,7.0,17162
2933.7,890,16,6.1,17155
2934.7,890,14,6.0,17156
2935.7,890,49,5.9,17136
2936.7,890,10,4.5,17130
2937.7,890,11,5.6,17128
2938.7,890,24,6.9,17154
2939.8,890,44,7.5,17113
2940.8,890,59,8.1,17048
2941.8,891,19,8.9,16751
2942.8,890,20,7.4,16736
2943.8,890,35,9.9,16691
2944.9,890,36,8.5,16604
2945.9,890,23,5.7,16526
2946.9,890,22,6.6,16540
2947.9,890,20,6.3,16582
2948.9,890,22,6.5,16562
2950.0,890,19,5.6,16557
2951.0,890,15,5.6,16550
2952.0,890,11,5.5,16575
2953.0,890,19,5.2,16583
2954.0,890,54,4.8,16569
2955.1,890,15,5.0,16569
2956.1,890,11,5.1,16597
2957.1,890,20,5.5,16590
2958.1,890,21,5.2,16575
2959.1,890,23,5.1,16557
2960.2,890,53,4.9,16551
2961.2,891,13,4.9,16542
2962.2,891,20,5.7,16550
2963.2,890,30,5.8,16517
2964.3,890,23,5.4,16546
2965.3,890,16,4.7,16563
2966.3,890,12,4.9,16549
2967.3,890,22,4.8,16524
2968.3,890,56,5.3,16517
2969.4,890,16,6.2,16521
2970.4,890,12,4.7,16457
2971.4,890,20,5.3,16288
2972.4,890,23,5.1,16290
2973.4,890,21,6.6,16265
2974.5,890,9,5.9,16241
2975.5,890,18,4.9,16234
2976.5,890,19,5.7,16286
2977.5,890,21,6.4,16265
2978.5,890,18,6.1,16218
2979.6,890,53,5.2,16228
2980.6,890,12,4.7,16241
2981.6,890,20,5.1,16244
2982.6,890,23,5.8,16244
2983.6,890,59,5.4,16250
2984.7,890,16,5.3,16262
2985.7,890,12,4.9,16253
2986.7,890,20,4.9,16269
2987.7,890,52,6.4,16243
2988.7,890,17,6.4,16213
2989.7,890,14,5.9,16190
2990.8,890,10,5.0,16224
2991.8,890,18,5.1,16246
2992.8,890,20,6.0,16271
2993.8,890,21,5.2,16278
2994.9,890,15,5.4,16240
2995.9,890,11,5.2,16257
2996.9,890,19,5.5,16286
2997.9,890,21,5.4,16305
2998.9,890,25,5.5,16297
3000.0,890,55,5.8,16300
3001.0,890,12,5.7,16319
3002.0,890,12,5.3,16307
3003.0,890,21,6.3,16290
3004.0,890,22,6.3,16326
3005.1,890,53,6.1,16351
3006.1,890,13,5.6,16342
3007.1,890,22,7.0,16366
3008.1,890,22,5.6,16356
3009.1,890,23,5.7,16347
3010.2,890,55,5.9,16341
3011.2,890,17,5.2,16350
3012.2,890,13,5.4,16367
3013.2,890,19,6.4,16370
3014.3,890,22,6.6,16423
3015.3,890,16,5.2,16391
3016.3,890,12,5.4,16379
3017.3,890,64,6.2,16359
3018.3,890,53,5.8,16359
3019.4,890,11,5.6,16393
3020.4,890,19,5.4,16358
3021.4,890,18,6.2,16356
3022.4,890,18,5.6,16346
3023.4,890,18,6.4,16358
3024.5,890,11,4.8,16369
3025.5,890,11,4.6,16360
3026.5,890,20,5.2,16354
3027.5,890,22,6.5,16376
3028.5,890,55,6.4,16389
3029.6,890,16,5.8,16395
3030.6,890,33,5.9,16393
3031.6,890,19,5.5,16379
3032.6,890,52,6.6,16370
3033.6,890,40,6.2,16354
3034.7,890,53,5.1,16328
3035.7,890,13,5.5,16326
3036.7,890,21,5.0,16338
3037.7,890,29,6.0,16369
3038.8,890,18,4.8,16363
3039.8,890,18,5.0,16356
3040.8,890,53,5.0,16349
3041.8,890,11,5.2,16334
3042.8,890,19,6.1,16338
3043.9,890,20,5.2,16390
3044.9,890,22,6.4,16398
3045.9,890,28,6.6,16391
3046.9,890,11,5.0,16384
3048.0,890,19,5.2,16361
3049.0,890,20,4.8,16356
3050.0,890,22,4.7,16341
3051.0,890,23,4.8,16327
3052.0,890,16,5.2,16314
3053.1,890,13,5.2,16326
3054.1,890,21,5.2,16326
3055.1,890,22,4.6,16319
3056.1,890,56,4.7,16335
3057.1,890,16,4.3,16333
3058.2,890,13,4.5,16331
3059.2,890,21,4.8,16318
3060.2,890,23,5.5,16325
3061.2,890,56,4.8,16307
3062.2,890,16,4.9,16317
3063.3,890,12,5.8,16356
3064.3,890,21,5.0,16361
3065.3,890,22,5.0,16351
3066.3,890,13,4.9,16358
3067.3,890,13,5.1,16337
3068.4,890,22,5.2,16318
3069.4,890,23,5.6,16323
3070.4,890,53,5.1,16352
3071.4,890,13,4.9,16357
3072.4,890,20,5.7,16351
3073.5,890,22,7.4,16355
3074.5,890,23,5.2,16406
3075.5,890,16,5.1,16403
3076.5,890,13,5.4,16404
3077.5,890,21,4.9,16408
3078.6,890,22,5.4,16405
3079.6,890,55,5.0,16405
3080.6,890,16,4.9,16391
3081.6,890,20,5.8,16381
3082.6,890,19,5.4,16365
3083.7,890,21,5.5,16395
3084.7,890,23,6.0,16393
3085.7,890,53,5.7,16417
3086.7,890,11,5.6,16419
3087.7,890,19,10.9,16401
3088.8,890,24,6.0,16381
3089.8,890,23,6.4,16356
3090.8,890,55,5.5,16355
3091.8,890,16,5.5,16361
3092.8,890,12,5.3,16428
3093.9,890,21,6.5,16422
3094.9,890,22,5.0,16389
3095.9,890,54,6.3,16388
3096.9,890,12,5.9,16380
3097.9,890,11,5.8,16372
3099.0,890,19,5.3,16355
3100.0,890,18,5.5,16351
3101.0,890,61,6.2,16351
3102.0,890,16,5.7,16403
3103.0,890,12,5.6,16421
3104.1,890,20,6.3,16415
3105.1,890,24,6.1,16399
3106.1,890,33,9.4,16548
3107.1,890,16,7.0,16528
3108.1,890,14,6.2,16529
3109.1,890,19,5.9,16596
3110.2,890,22,8.6,16543
3111.2,890,63,6.5,16466
3112.2,890,12,5.8,16470
3113.2,890,18,5.6,16447
3114.2,890,21,6.7,16417
3115.3,890,23,7.1,16451
3116.3,890,25,8.9,16506
3117.3,890,15,8.9,16481
3118.3,890,35,10.8,16546
3119.4,890,51,13.2,16573
3120.4,890,22,6.6,16549
3121.4,890,10,6.8,16550
3122.4,890,19,6.5,16544
3123.5,890,52,6.1,16554
3124.5,890,11,6.0,16576
3125.5,890,17,6.5,16584
3126.5,890,21,8.1,16607
3127.5,890,53,5.8,16614
3128.6,890,12,5.4,16601
3129.6,890,18,5.2,16595
3130.6,890,21,5.3,16589
3131.6,890,53,5.4,16577
3132.6,890,11,5.3,16606
3133.7,890,16,5.5,16596
3134.7,890,22,6.2,16638
3135.7,890,23,6.1,16628
3136.7,890,55,5.0,16621
3137.7,890,16,5.1,16618
3138.8,890,11,5.2,16610
3139.8,890,20,6.8,16648
3140.8,890,23,9.0,16646
3141.8,890,35,5.7,16641
3142.8,890,13,5.8,16635
3143.9,890,25,6.2,16638
3144.9,890,24,6.4,16662
3145.9,890,17,7.8,16687
3146.9,890,17,7.4,16698
3148.0,890,33,7.5,16684
3149.0,890,25,6.5,16652
3150.0,890,31,6.1,16651
3151.0,890,11,6.3,16645
3152.0,890,19,8.4,16664
3153.1,890,41,7.4,16700
3154.1,890,13,6.6,16686
3155.1,890,21,5.7,16701
3156.1,890,26,12.0,16748
3157.1,890,19,7.9,16785
3158.2,890,17,8.6,16800
3159.2,890,12,7.4,16776
3160.2,890,10,5.5,16774
3161.2,890,20,5.9,16752
3162.2,890,21,9.4,16742
3163.3,890,11,5.7,16731
3164.3,890,10,7.2,16758
3165.3,890,57,11.4,16790
3166.3,890,17,9.6,16772
3167.3,890,19,4.7,16766
3168.4,890,17,10.6,16757
3169.4,890,25,5.2,16752
3170.4,890,21,10.8,16769
3171.4,890,18,7.4,16823
3172.4,890,18,6.9,16810
3173.5,890,18,4.7,16806
3174.5,890,22,6.1,16781
3175.5,890,31,5.1,16772
3176.5,890,12,4.8,16763
3177.6,890,20,4.8,16757
3178.6,890,22,4.9,16752
3179.6,890,50,5.0,16758
3180.6,890,16,5.7,16783
3181.6,890,30,11.5,16813
3182.7,890,17,8.9,16692
3183.7,890,25,13.3,16705
3184.7,890,19,7.7,16753
3185.7,890,49,7.5,16749
3186.8,882,16,6.4,16737
3187.8,796,11,5.2,16721
3188.8,796,65,8.2,16702
3189.8,796,20,6.9,16702
3190.8,796,13,9.2,16693
3191.9,796,20,5.7,16703
3192.9,796,21,5.8,16709
3193.9,796,23,6.2,16723
3194.9,907,25,7.0,16759
3195.9,907,52,7.2,16739
3197.0,907,13,5.6,16735
3198.0,907,12,5.6,16740
3199.0,907,21,6.2,16730
3200.0,850,24,7.0,16749
3201.0,796,48,8.4,16787
3202.0,796,16,6.2,16799
3203.1,796,14,7.0,16789
3204.1,796,57,7.9,16768
3205.1,796,15,6.8,16756
3206.1,796,15,5.6,16749
3207.1,796,20,6.3,16729
3208.2,796,53,7.4,16725
3209.2,796,12,6.9,16720
3210.2,796,20,7.4,16718
3211.2,796,39,7.3,16737
3212.2,796,27,6.8,16755
3213.3,796,14,6.6,16762
3214.3,796,13,5.8,16753
3215.3,796,22,7.6,16749
3216.3,796,24,14.4,16727
3217.3,796,24,9.3,16864
3218.4,796,11,8.4,17327
3219.4,796,20,8.2,17769
3220.4,796,21,8.4,17614
3221.4,796,22,8.2,18464
3222.5,796,54,8.1,18485
3223.5,796,15,8.1,18781
3224.5,796,11,8.2,19225
3225.5,796,41,9.3,19343
3226.5,796,19,8.7,19385
3227.6,796,16,10.5,19858
3228.6,796,12,11.7,19928
3229.6,796,20,12.2,20064
3230.6,796,50,11.3,20500
3231.6,796,16,10.2,20537
3232.7,796,11,8.8,20538
3233.7,796,20,9.2,20546
3234.7,796,21,8.7,20636
3235.7,796,23,9.3,20627
3236.8,796,53,8.8,20198
3237.8,796,12,8.3,20216
3238.8,796,19,8.3,20225
3239.8,796,22,8.8,20321
3240.8,796,24,8.2,20368
3241.9,796,31,12.1,20655
3242.9,796,13,12.2,20656
3243.9,796,35,11.2,20689
3244.9,796,20,10.3,20727
3245.9,796,31,9.5,20704
3247.0,796,28,8.5,20710
3248.0,796,22,8.8,20689
3249.0,796,32,8.9,20692
3250.0,796,53,9.0,20202
3251.1,795,15,9.4,20222
3252.1,795,17,8.6,20236
3253.1,795,20,8.8,20252
3254.1,795,27,9.1,20379
3255.1,795,30,8.7,20475
3256.2,795,11,11.9,20763
3257.2,795,20,12.7,20797
3258.2,795,36,9.4,20781
3259.2,795,23,11.1,20837
3260.2,796,83,8.6,20820
3261.3,796,10,10.5,20748
3262.3,796,18,9.0,20755
3263.3,796,30,8.6,20784
3264.3,796,19,9.2,20295
3265.3,796,18,9.0,20292
3266.4,796,13,9.8,20305
3267.4,796,21,9.5,20300
3268.4,796,16,9.0,20405
3269.4,796,13,11.0,20807
3270.4,796,20,11.8,20823
3271.5,796,54,11.6,20817
3272.5,795,19,11.0,20792
3273.5,795,12,12.3,20815
3274.5,795,21,9.6,20769
3275.6,795,52,10.4,20776
3276.6,795,15,10.2,20785
3277.6,795,11,10.4,20806
3278.6,795,20,10.7,20299
3279.6,795,21,11.0,20323
3280.7,795,23,10.4,20327
3281.7,795,51,10.6,20329
3282.7,795,13,10.5,20496
3283.7,795,20,10.2,20899
3284.8,795,50,13.9,20890
3285.8,795,15,13.9,20887
3286.8,795,23,10.5,20880
3287.8,795,29,12.8,20928
3288.9,795,19,9.6,20949
3289.9,795,20,10.1,20959
3290.9,795,32,10.0,20956
3291.9,795,12,10.3,20952
3292.9,795,20,10.2,20457
3294.0,795,49,14.2,20351
3295.0,795,15,12.2,20205
3296.0,795,11,10.8,18019
3297.0,795,20,10.7,18037
3298.1,795,21,10.8,18041
3299.1,795,24,10.2,18058
3300.1,795,53,10.6,18064
3301.1,795,12,8.9,18083
3302.1,795,11,8.3,18102
3303.2,795,21,8.2,18110
3304.2,795,53,8.4,18127
3305.2,795,13,7.8,18121
3306.2,795,11,7.7,18132
3307.2,795,21,7.8,18135
3308.3,795,22,7.8,18146
3309.3,795,50,8.2,18151
3310.3,795,16,8.6,18150
3311.3,795,21,8.0,18143
3312.4,795,23,7.5,18153
3313.4,795,54,7.9,18151
3314.4,795,16,8.1,18173
3315.4,795,12,7.7,18198
3316.5,795,23,8.4,18235
3317.5,795,25,9.7,18197
3318.5,795,53,9.5,18178
3319.5,795,12,7.9,18182
3320.5,795,11,9.1,18170
3321.6,795,21,8.6,18154
3322.6,795,23,9.1,18147
3323.6,795,53,8.9,18178
3324.6,795,12,8.5,18170
3325.7,795,19,8.8,18161
3326.7,795,22,9.0,18160
3327.7,795,23,8.9,18156
3328.7,795,54,9.0,18138
3329.8,795,15,8.8,18157
3330.8,795,11,8.7,18171
3331.8,795,20,11.1,18182
3332.8,795,50,9.9,18175
3333.8,795,14,10.5,18174
3334.9,795,11,11.1,18518
3335.9,795,20,11.1,18358
3336.9,795,22,10.9,19051
3337.9,795,23,10.6,19076
3339.0,795,52,9.7,19080
3340.0,795,13,10.4,19943
3341.0,795,19,11.0,19945
3342.0,795,22,9.9,20108
3343.0,795,23,9.8,20104
3344.1,795,29,10.4,20613
3345.1,795,13,10.7,20687
3346.1,795,21,13.2,20869
3347.1,795,23,11.8,20919
3348.2,795,50,10.7,20875
3349.2,795,16,11.4,20947
3350.2,795,13,11.3,20931
3351.2,795,21,10.1,21302
3352.2,795,23,11.3,21294
3353.3,795,54,9.3,21295
3354.3,795,15,9.0,21303
3355.3,793,11,8.5,21209
3356.3,793,54,8.9,20780
3357.4,793,15,9.5,20757
3358.4,793,11,9.7,20772
3359.4,793,21,9.0,20796
3360.4,793,21,9.0,20957
3361.4,793,23,9.4,21321
3362.5,793,14,10.0,21387
3363.5,793,10,12.6,21364
3364.5,793,17,11.9,21379
3365.5,793,54,11.1,21359
3366.6,793,13,12.2,21347
3367.6,793,12,11.3,21343
3368.6,793,22,9.9,21414
3369.6,793,53,11.2,21435
3370.6,793,12,9.6,21435
3371.7,793,11,10.6,21432
3372.7,793,21,10.4,21439
3373.7,793,23,11.2,20829
3374.7,793,53,11.0,20877
3375.7,793,12,10.4,20858
3376.8,793,20,10.8,20885
3377.8,793,21,10.4,21045
3378.8,793,23,10.8,21077
3379.8,793,14,11.0,21514
3380.9,793,10,12.3,21515
3381.9,793,19,11.7,21533
3382.9,793,21,11.9,21510
3383.9,793,22,11.3,21491
3385.0,793,53,11.6,21441
3386.0,793,12,10.7,21485
3387.0,793,12,11.6,21504
3388.0,793,21,11.2,21553
3389.0,793,23,10.6,21552
3390.1,793,53,10.8,21558
3391.1,793,12,10.3,20935
3392.1,793,19,10.6,20930
3393.1,793,21,10.5,20950
3394.1,793,23,11.4,20928
3395.2,793,56,11.6,21002
3396.2,793,16,11.0,21106
3397.2,793,12,11.4,21524
3398.2,793,22,11.1,21543
3399.3,793,23,14.1,21545
3400.3,793,54,13.4,21514
3401.3,793,12,11.1,21546
3402.3,793,13,11.2,21530
3403.4,793,23,12.3,21537
3404.4,793,53,11.9,21576
3405.4,793,12,12.1,21602
3406.4,793,21,11.2,21584
3407.4,793,22,11.0,21564
3408.5,793,22,9.9,21592
3409.5,793,16,10.2,21033
3410.5,793,12,11.2,21038
3411.5,793,53,10.7,21014
3412.5,793,19,10.1,21031
3413.6,793,22,10.3,21179
3414.6,793,53,10.0,21186
3415.6,793,12,11.5,21639
3416.6,793,12,11.3,21659
3417.6,793,21,13.6,21661
3418.7,793,23,11.7,21674
3419.7,793,53,10.9,21657
3420.7,793,12,12.0,21647
3421.7,793,20,11.8,21707
3422.8,793,21,10.7,21708
3423.8,793,22,11.1,21715
3424.8,793,16,10.0,21716
3425.8,793,12,10.2,21709
3426.9,793,20,10.0,21075
3427.9,793,20,10.9,21066
3428.9,793,54,10.1,21062
3429.9,793,15,10.9,18739
3431.0,793,11,10.6,18760
3432.0,793,19,10.5,18777
3433.0,793,21,9.4,18611
3434.0,793,16,9.2,18669
3435.1,793,11,8.2,18654
3436.1,793,19,7.8,18685
3437.1,793,21,8.1,18653
3438.1,793,22,7.8,18666
3439.1,793,54,7.9,18662
3440.2,793,13,7.9,18661
3441.2,793,13,8.2,18647
3442.2,793,21,7.6,18673
3443.2,793,23,8.4,18681
3444.2,793,53,7.9,18664
3445.3,793,13,8.2,18659
3446.3,793,20,7.7,18666
3447.3,793,22,7.5,18678
3448.3,793,23,6.9,18674
3449.4,793,13,7.5,18686
3450.4,793,20,7.7,18658
3451.4,793,22,7.5,18676
3452.4,793,55,8.9,18674
3453.4,793,17,9.4,18671
3454.5,793,13,8.9,18659
3455.5,793,20,8.6,18670
3456.5,793,22,8.7,18675
3457.5,793,54,8.8,18662
3458.6,793,16,9.3,18663
3459.6,793,13,8.7,18671
3460.6,793,21,8.4,18661
3461.6,793,23,8.7,18725
3462.6,793,55,8.6,18715
3463.7,793,12,9.0,18755
3464.7,793,12,8.9,18727
3465.7,793,21,9.0,18721
3466.7,793,22,8.6,18722
3467.7,793,53,7.9,18717
3468.8,793,13,7.1,18714
3469.8,793,20,7.4,18726
3470.8,793,22,8.0,18752
3471.8,793,24,8.8,18806
3472.9,793,16,8.6,18812
3473.9,793,12,7.7,18827
3474.9,793,20,6.7,18813
3475.9,793,22,6.6,18792
3476.9,793,55,7.2,18787
3478.0,793,16,7.5,18817
3479.0,793,11,7.5,18822
3480.0,793,19,8.0,18810
3481.0,793,21,7.5,18831
3482.0,793,15,7.6,18836
3483.1,793,11,7.0,18844
3484.1,793,20,6.8,18846
3485.1,793,21,7.4,18851
3486.1,793,23,7.6,18865
3487.2,776,54,7.5,18839
3488.2,776,13,7.6,18871
3489.2,776,13,8.0,18844
3490.2,776,22,8.2,18858
3491.2,776,23,7.8,18853
3492.3,776,53,8.0,18837
3493.3,776,14,7.5,18853
3494.3,776,20,8.1,18900
3495.3,776,22,7.5,18859
3496.3,776,23,8.1,18886
3497.4,776,13,7.0,18876
3498.4,776,21,7.7,18897
3499.4,776,22,8.1,18885
3500.4,776,55,8.4,18846
3501.5,776,16,7.4,18853
3502.5,776,13,7.9,18862
3503.5,776,21,8.3,18853
3504.5,776,22,7.7,18850
3505.5,776,54,7.4,18849
3506.6,776,17,9.0,18836
3507.6,776,13,8.9,18844
3508.6,776,21,10.9,18851
3509.6,776,22,9.9,18862
3510.6,776,54,8.7,18869
3511.7,776,12,7.3,18871
3512.7,776,13,8.2,18854
3513.7,776,22,8.6,18850
3514.7,776,23,10.0,18841
3515.7,776,53,8.8,18864
3516.8,776,13,8.9,18865
3517.8,776,20,8.5,18870
3518.8,776,22,8.5,18906
3519.8,776,24,7.6,18911
3520.9,776,16,7.6,18939
3521.9,776,13,7.7,18923
3522.9,776,20,7.6,18927
3523.9,776,22,7.1,18946
3524.9,776,55,7.4,18944
3526.0,776,17,7.4,18969
3527.0,776,13,7.5,18941
3528.0,776,21,8.2,18976
3529.0,776,27,9.7,18982
3530.0,776,25,9.6,19027
3531.1,776,53,8.6,19027
3532.1,776,12,7.7,19012
3533.1,776,20,7.6,18983
3534.1,776,22,8.0,18985
3535.1,776,23,7.5,18985
3536.2,776,17,8.0,19000
3537.2,776,13,7.6,18992
3538.2,776,21,7.8,18969
3539.2,776,23,7.7,19004
3540.2,776,56,7.9,18986
3541.3,776,16,7.8,18995
3542.3,776,13,7.5,19015
3543.3,776,21,7.2,18971
3544.3,776,23,8.7,19014
3545.3,776,55,7.8,19003
3546.4,776,13,8.7,19028
3547.4,776,21,7.6,19026
3548.4,776,23,8.6,19003
3549.4,776,53,9.2,19007
3550.5,776,13,7.7,19011
3551.5,776,13,7.2,19021
3552.5,776,21,7.6,19039
3553.5,776,22,7.1,19033
3554.5,776,53,8.0,19077
3555.6,776,13,7.8,19051
3556.6,776,20,7.4,19053
3557.6,776,22,8.3,19033
3558.6,776,22,8.4,19054
3559.7,776,16,8.7,19016
3560.7,776,13,8.4,19033
3561.7,776,20,8.3,19052
3562.7,776,22,8.7,19048
3563.7,776,58,8.7,19048
3564.8,776,16,9.0,19041
3565.8,776,12,8.7,19075
3566.8,776,20,7.7,19083
3567.8,776,22,7.1,19080
3568.9,776,55,7.7,19065
3569.9,776,16,7.5,19070
3570.9,776,11,7.4,19068
3571.9,776,20,7.1,19073
3572.9,776,22,7.3,19069
3574.0,776,54,7.9,19092
3575.0,776,12,7.6,19096
3576.0,776,12,9.1,19135
3577.0,776,33,16.2,19178
3578.0,776,22,12.6,19195
3579.1,776,53,12.9,19169
3580.1,776,12,11.5,19213
3581.1,776,20,11.4,19221
3582.1,776,21,11.3,19216
3583.2,776,23,11.1,19232
3584.2,776,16,10.6,19257
3585.2,776,12,13.8,19242
3586.2,776,20,10.5,19223
3587.2,776,22,10.2,19229
3588.3,776,55,10.0,19263
3589.3,776,16,11.3,19268
3590.3,776,13,10.3,19303
3591.3,776,21,10.7,19328
3592.3,776,23,10.8,19302
3593.4,776,13,13.8,19239
3594.4,776,13,10.5,19250
3595.4,776,22,7.8,19243
3596.4,776,23,7.0,19225
3597.5,776,43,8.0,19214
3598.5,776,12,7.3,19228
3599.5,776,20,8.3,19238
3600.5,776,49,7.4,19240
3601.5,776,15,7.2,19266
3602.6,776,11,7.3,19271
3603.6,776,21,7.7,19256
3604.6,776,21,8.2,19247
3605.6,776,20,8.5,19247
3606.6,776,28,8.0,19270
3607.7,776,11,9.5,19300
3608.7,776,19,8.0,19325
3609.7,776,53,7.8,19360
3610.7,776,17,8.6,19349
3611.7,776,12,10.1,19350
3612.8,776,24,8.4,19331
3613.8,776,30,9.3,19350
3614.8,776,21,9.9,19381
3615.8,776,12,8.4,19390
3616.9,776,59,8.5,19413
3617.9,776,10,8.0,19412
3618.9,776,17,9.1,19397
3619.9,776,11,9.5,19384
3620.9,776,9,8.5,19364
3622.0,776,9,8.1,19376
3623.0,776,17,7.7,19413
3624.0,776,18,7.7,19432
3625.0,776,20,8.0,19421
3626.1,776,53,8.1,19407
3627.1,776,12,7.9,19403
3628.1,776,20,8.4,19387
3629.1,776,53,8.3,19374
3630.1,776,13,8.1,19391
3631.2,776,21,8.2,19429
3632.2,776,54,7.9,19423
3633.2,776,13,8.2,19412
3634.2,776,19,8.6,19383
3635.3,776,53,7.6,19378
3636.3,776,12,7.6,19367
3637.3,776,11,7.8,19386
3638.3,776,20,8.1,19414
3639.3,776,22,8.5,19404
3640.4,776,12,7.5,19407
3641.4,776,19,7.7,19401
3642.4,776,21,8.2,19392
3643.4,776,23,7.9,19386
3644.4,776,30,7.7,19398
3645.5,776,12,8.5,19430
3646.5,776,20,7.7,19418
3647.5,776,21,6.9,19421
3648.5,776,50,7.3,19411
3649.5,776,16,7.9,19413
3650.6,776,12,8.4,19473
3651.6,776,22,7.4,19465
3652.6,776,24,6.9,19445
3653.6,776,55,7.7,19424
3654.7,634,16,6.9,19423
3655.7,634,12,7.0,19442
3656.7,634,21,6.2,19463
3657.7,634,23,6.6,19439
3658.7,634,54,6.3,19447
3659.8,634,13,8.1,19437
3660.8,634,12,6.6,19429
3661.8,634,22,6.3,19460
3662.8,634,23,6.9,19473
3663.8,634,53,10.2,19476
3664.9,634,12,10.5,19478
3665.9,634,11,10.9,19461
3666.9,634,10,10.1,19462
3667.9,634,42,11.3,19476
3668.9,634,12,10.2,19505
3670.0,634,20,10.3,19505
3671.0,634,19,9.6,19512
3672.0,634,55,10.0,19524
3673.0,634,13,9.2,19543
3674.1,634,19,10.1,19592
3675.1,634,21,8.8,19608
3676.1,634,53,8.5,19608
3677.1,634,15,8.6,19614
3678.1,634,17,8.5,19612
3679.2,634,39,9.0,19605
3680.2,634,20,8.0,19600
3681.2,634,57,8.2,19609
3682.2,634,13,8.7,19631
3683.2,634,13,8.6,19629
3684.3,634,53,9.9,19643
3685.3,634,14,7.6,19617
3686.3,634,12,7.9,19625
3687.3,634,56,8.4,19648
3688.4,634,14,8.3,19643
3689.4,634,41,9.6,19644
3690.4,634,16,9.2,19649
3691.4,634,11,9.0,19642
3692.4,634,20,7.8,19643
3693.5,634,21,8.6,19676
3694.5,634,54,8.9,19662
3695.5,634,13,6.8,19673
3696.5,634,11,9.0,19665
3697.6,634,19,7.4,19647
3698.6,634,20,7.9,19644
3699.6,634,50,7.2,19657
3700.6,634,15,6.9,19694
3701.6,634,11,7.1,19694
3702.7,634,20,6.4,19678
3703.7,634,24,9.1,19663
3704.7,634,26,7.4,19655
3705.7,634,53,7.2,19666
3706.8,634,11,7.2,19666
3707.8,634,16,8.1,19701
3708.8,634,20,7.7,19693
3709.8,634,20,8.4,19703
3710.8,634,54,9.4,19709
3711.9,634,16,9.0,19740
3712.9,634,13,8.3,19741
3713.9,634,21,6.5,19711
3714.9,634,23,5.8,19706
3716.0,634,54,5.9,19709
3717.0,634,15,7.0,19733
3718.0,634,11,8.2,19751
3719.0,634,20,7.4,19740
3720.0,634,54,8.5,19721
3721.1,634,15,6.1,19720
3722.1,634,11,4.9,19734
3723.1,634,21,6.4,19757
3724.1,634,22,4.7,19771
3725.1,634,23,5.3,19768
3726.2,634,53,5.4,19758
3727.2,634,11,6.3,19773
3728.2,634,17,4.8,19775
3729.2,634,21,4.4,19799
3730.2,634,31,5.3,19781
3731.3,634,13,5.3,19762
3732.3,634,20,4.6,19744
3733.3,634,53,4.8,19770
3734.3,634,11,4.9,19823
3735.4,634,17,5.4,19806
3736.4,634,22,5.0,19795
3737.4,634,54,4.8,19792
3738.4,634,16,4.8,19841
3739.4,634,13,4.7,19844
3740.5,634,21,5.0,19846
3741.5,634,23,4.7,19822
3742.5,634,54,4.9,19810
3743.5,634,14,4.7,19801
3744.6,634,13,5.1,19820
3745.6,634,22,5.2,19832
3746.6,634,23,5.1,19846
3747.6,634,53,4.6,19846
3748.6,634,14,5.1,19829
3749.7,634,19,5.5,19816
3750.7,634,50,5.7,19828
3751.7,634,19,4.8,19842
3752.7,634,53,4.4,19844
3753.7,634,17,4.9,19840
3754.8,634,21,10.3,19830
3755.8,634,19,4.8,19812
3756.8,634,20,6.9,19892
3757.8,634,22,4.5,19880
3758.9,634,32,5.0,19877
3759.9,634,12,4.6,19872
3760.9,634,20,4.3,19864
3761.9,634,21,4.7,19861
3762.9,634,50,5.2,19876
3764.0,634,16,4.6,19882
3765.0,634,12,5.1,19905
3766.0,634,21,4.8,19893
3767.0,634,22,5.8,19878
3768.0,634,54,5.0,19877
3769.1,634,16,4.8,19877
3770.1,634,12,4.8,19902
3771.1,634,22,4.7,19890
3772.1,634,23,5.7,19900
3773.1,634,54,5.0,19891
3774.2,634,13,5.2,19882
3775.2,634,13,4.4,19885
3776.2,634,22,6.0,19907
3777.2,634,23,5.2,19913
3778.2,634,10,5.3,19922
3779.3,634,9,5.2,19915
3780.3,634,18,5.1,19915
3781.3,634,19,5.3,19901
3782.3,634,22,5.2,19930
3783.3,634,54,4.8,19938
3784.4,634,15,5.8,19953
3785.4,634,20,5.8,19948
3786.4,634,22,5.9,19938
3787.4,634,55,6.6,19965
3788.5,634,14,8.2,19978
3789.5,634,12,7.8,19990
3790.5,634,21,7.6,19984
3791.5,634,23,8.1,19982
3792.5,634,53,7.8,19969
3793.6,634,12,7.9,19988
3794.6,634,18,6.9,20041
3795.6,634,21,7.0,20041
3796.6,634,23,6.2,20024
3797.6,634,33,4.6,20015
3798.7,634,12,5.2,20032
3799.7,634,19,4.9,20021
3800.7,634,22,4.4,20047
3801.7,634,50,4.8,20047
3802.7,634,16,4.7,20043
3803.8,634,12,5.2,20026
3804.8,634,20,4.5,20024
3805.8,634,22,4.1,20027
3806.8,634,54,4.5,20050
3807.8,634,16,4.7,20042
3808.9,634,12,4.6,20057
3809.9,634,20,4.6,20057
3810.9,634,23,5.2,20049
3811.9,634,54,4.7,20044
3812.9,634,12,5.1,20054
3814.0,634,12,5.0,20057
3815.0,634,21,4.6,20043
3816.0,634,23,5.1,20057
3817.0,634,53,4.8,20049
3818.1,634,12,4.6,20056
3819.1,634,18,6.7,20050
3820.1,634,21,6.4,20034
3821.1,634,23,5.1,20044
3822.1,634,29,5.4,20043
3823.2,634,12,4.6,20084
3824.2,634,20,5.0,20081
3825.2,634,22,4.7,20081
3826.2,634,55,4.7,20076
3827.2,634,16,4.5,20075
3828.3,634,13,5.1,20082
3829.3,634,21,5.1,20110
3830.3,634,22,4.9,20117
3831.3,634,55,5.0,20111
3832.3,634,16,5.4,20111
3833.4,634,12,4.7,20112
3834.4,634,21,4.9,20129
3835.4,634,54,5.0,20155
3836.4,634,13,4.7,20148
3837.4,634,13,4.8,20154
3838.5,634,21,4.9,20134
3839.5,634,23,5.3,20105
3840.5,634,53,4.6,20104
3841.5,634,13,4.7,20091
3842.5,634,20,5.4,20095
3843.6,634,22,4.8,20113
3844.6,634,24,5.0,20135
3845.6,634,16,5.6,20138
3846.6,634,13,4.8,20132
3847.6,634,20,5.4,20130
3848.7,634,22,5.8,20125
3849.7,634,55,4.6,20145
3850.7,634,17,4.5,20134
3851.7,634,13,5.3,20155
3852.7,634,20,5.1,20160
3853.8,634,22,6.1,20149
3854.8,709,55,6.5,20196
3855.8,709,10,5.3,20204
3856.8,709,12,5.1,20206
3857.8,743,26,5.2,20209
3858.9,743,36,5.4,20197
3859.9,743,36,5.9,20180
3860.9,743,38,6.0,20179
3861.9,743,28,5.2,20198
3862.9,749,53,5.9,20226
3864.0,749,21,4.6,20233
3865.0,749,18,5.8,20229
3866.0,775,33,5.8,20226
3867.0,774,26,6.8,20246
3868.1,774,19,8.4,20227
3869.1,774,27,7.1,20249
3870.1,774,54,7.1,20251
3871.1,774,12,7.3,20260
3872.1,774,13,5.8,20249
3873.2,774,55,5.8,20241
3874.2,774,11,6.4,20222
3875.2,774,13,6.7,20210
3876.2,774,20,4.5,20210
3877.2,774,55,6.3,20233
3878.3,774,11,5.3,20235
3879.3,774,20,6.0,20256
3880.3,774,22,5.3,20239
3881.3,774,22,5.0,20228
3882.4,774,55,5.3,20224
3883.4,774,17,5.6,20239
3884.4,774,12,5.1,20242
3885.4,774,27,5.2,20260
3886.4,774,54,6.3,20272
3887.5,774,13,5.0,20271
3888.5,774,13,5.9,20254
3889.5,774,22,5.8,20257
3890.5,774,23,7.0,20271
3891.5,774,53,6.7,20273
3892.6,774,13,6.6,20292
3893.6,774,23,7.0,20289
3894.6,774,21,5.2,20272
3895.6,774,23,4.6,20269
3896.6,774,16,5.0,20253
3897.7,774,13,6.2,20276
3898.7,774,20,4.7,20292
3899.7,774,22,7.0,20309
3900.7,774,55,5.7,20293
3901.8,775,17,6.5,20284
3902.8,812,13,6.8,20282
3903.8,800,19,7.9,20293
3904.8,800,20,6.2,20310
3905.8,800,25,6.8,20316
3906.9,801,62,6.5,20263
3907.9,875,19,8.5,20443
3908.9,902,30,7.4,20463
3909.9,886,23,5.6,20483
3910.9,898,50,6.8,20506
3912.0,902,12,6.2,20506
3913.0,902,21,5.4,20509
3914.0,902,25,6.4,20494
3915.0,914,22,5.8,20556
3916.0,906,16,5.0,20571
3917.1,906,14,5.8,20575
3918.1,906,22,6.1,20554
3919.1,906,42,5.3,20547
3920.1,906,19,4.8,20536
3921.2,906,19,6.1,20565
3922.2,906,55,4.8,20596
3923.2,906,20,4.8,20591
3924.2,906,11,5.1,20581
3925.2,906,20,6.2,20573
3926.2,906,21,5.2,20557
3927.3,906,19,4.7,20575
3928.3,906,12,5.4,20623
3929.3,906,20,6.0,20622
3930.3,906,22,5.8,20602
3931.3,906,16,5.0,20592
3932.4,906,11,5.0,20572
3933.4,906,20,4.7,20567
3934.4,906,52,5.8,20547
3935.4,906,12,4.6,20542
3936.4,816,11,6.9,20420
3937.5,816,32,5.5,20427
3938.5,816,20,5.3,20427
3939.5,816,55,5.0,20424
3940.5,816,15,5.0,20448
3941.5,816,11,4.6,20453
3942.6,812,20,5.4,20431
3943.6,812,21,4.6,20458
3944.6,812,54,5.8,20469
3945.6,812,16,5.1,20475
3946.6,812,12,5.5,20465
3947.7,812,21,5.3,20454
3948.7,812,23,6.0,20440
3949.7,812,54,5.3,20430
3950.7,812,12,5.0,20418
3951.8,812,12,4.8,20407
3952.8,812,28,6.8,20423
3953.8,812,19,5.3,20419
3954.8,812,72,6.0,20399
3955.8,812,13,4.4,20404
3956.9,900,18,9.6,20540
3957.9,916,16,6.3,20543
3958.9,916,17,4.9,20525
3959.9,900,24,5.2,20549
3960.9,924,22,6.8,20615
3962.0,916,20,6.1,20612
3963.0,916,73,6.2,20588
3964.0,916,13,5.0,20572
3965.0,916,20,5.4,20571
3966.0,916,22,4.5,20550
3967.1,916,55,5.0,20541
3968.1,916,16,5.2,20529
3969.1,916,12,5.7,20512
3970.1,916,21,5.2,20517
3971.1,916,22,5.5,20531
3972.2,916,54,6.0,20563
3973.2,916,16,8.1,20570
3974.2,916,11,7.8,20594
3975.2,952,42,10.3,20673
3976.3,968,23,5.9,20672
3977.3,968,18,7.5,20658
3978.3,968,21,6.5,20643
3979.3,968,21,6.5,20640
3980.3,968,28,6.6,20631
3981.4,968,29,5.0,20622
3982.4,968,31,4.9,20635
3983.4,968,27,6.3,20640
3984.4,968,13,6.2,20671
3985.4,968,29,6.3,20668
3986.5,968,31,6.3,20653
3987.5,968,21,7.2,20659
3988.5,968,22,7.0,20667
3989.5,968,15,7.1,20697
3990.5,968,17,7.9,20719
3991.6,968,19,6.4,20711
3992.6,968,20,8.9,20692
3993.6,968,16,7.9,20687
3994.6,968,11,8.0,20656
3995.6,968,19,10.2,20644
3996.7,968,54,9.5,20653
3997.7,968,16,9.3,20681
3998.7,968,12,9.1,20704
3999.7,968,54,9.4,20697
4000.8,968,16,7.5,20667
4001.8,968,12,5.8,20695
4002.8,968,20,7.0,20689
4003.8,968,53,5.8,20688
4004.8,968,12,6.7,20687
4005.9,968,19,6.8,20710
4006.9,968,52,5.6,20703
4007.9,968,11,6.1,20697
4008.9,968,19,5.7,20680
4009.9,968,21,4.8,20674
4011.0,968,55,4.9,20661
4012.0,968,12,6.8,20663
4013.0,968,12,5.7,20689
4014.0,968,53,6.1,20699
4015.1,968,12,6.1,20691
4016.1,968,12,8.2,20693
4017.1,968,53,5.7,20676
4018.1,968,11,7.5,20674
4019.1,968,12,5.5,20674
4020.2,1083,20,5.8,20705
4021.2,1083,14,6.0,20724
4022.2,1044,9,6.8,20720
4023.2,1046,18,6.2,20708
4024.2,1046,43,5.6,20700
4025.3,1042,15,6.1,20699
4026.3,1046,11,6.0,20752
4027.3,1046,11,7.2,20755
4028.3,1046,21,6.7,20741
4029.3,1046,21,6.3,20729
4030.4,1046,55,5.7,20719
4031.4,1046,18,6.9,20708
4032.4,1046,22,6.8,20722
4033.4,1046,21,6.7,20734
4034.5,1046,22,6.6,20766
4035.5,1046,20,6.7,20745
4036.5,1046,15,6.2,20744
4037.5,1046,22,5.9,20741
4038.5,1046,20,7.5,20731
4039.6,1046,12,7.1,20715
4040.6,1046,20,8.0,20724
4041.6,1046,16,7.8,20747
4042.6,1046,12,7.0,20744
4043.6,1046,20,6.9,20773
4044.7,1046,16,7.1,20746
4045.7,1046,13,7.9,20771
4046.7,1046,20,5.6,20797
4047.7,1046,60,8.5,20774
4048.8,1046,16,9.2,20819
4049.8,1046,13,8.5,20792
4050.8,1046,55,8.6,20777
4051.8,1046,16,8.5,20773
4052.8,1046,11,8.9,20770
4053.9,1046,20,8.4,20775
4054.9,1046,55,8.8,20775
4055.9,1046,13,9.0,20807
4056.9,1046,20,10.0,20789
4058.0,1046,53,9.5,20789
4059.0,1046,26,10.0,20782
4060.0,1046,18,8.6,20778
4061.0,1046,19,8.7,20776
4062.0,1046,15,8.0,20811
4063.1,1046,11,6.9,20815
4064.1,1047,23,7.5,20820
4065.1,1047,54,6.5,20796
4066.1,1047,12,8.9,20799
4067.1,1047,13,8.3,20780
4068.2,1046,54,8.9,20792
4069.2,1046,12,9.4,20833
4070.2,1046,12,8.3,20845
4071.2,1046,53,9.1,20843
4072.2,1046,12,7.2,20827
4073.3,1046,18,8.0,20816
4074.3,1046,53,8.6,20814
4075.3,1046,12,8.7,20810
4076.3,1046,19,7.8,20818
4077.4,1046,53,8.4,20854
4078.4,1046,13,6.4,20844
4079.4,1046,19,8.6,20845
4080.4,1046,29,8.2,20841
4081.4,1046,11,7.4,20821
4082.4,1046,19,7.3,20839
4083.5,1046,21,7.2,20849
4084.5,1046,27,7.7,20872
4085.5,1046,53,7.0,20872
4086.5,1046,13,6.9,20865
4087.6,1046,12,6.8,20849
4088.6,1046,22,7.8,20856
4089.6,1046,23,6.5,20875
4090.6,1046,56,6.5,20885
4091.6,1046,12,6.4,20875
4092.7,1046,20,6.7,20891
4093.7,1046,21,6.8,20877
4094.7,1046,23,8.1,20892
4095.7,1046,30,8.2,20904
4096.8,1046,12,7.7,20916
4097.8,1046,20,7.9,20924
4098.8,1046,22,8.3,20925
4099.8,1046,48,9.1,20915
4100.9,1046,16,8.1,20906
4101.9,1046,12,7.4,20912
4102.9,1046,20,7.2,20916
4103.9,1046,22,6.6,20919
4104.9,1046,54,7.7,20931
4106.0,1046,16,6.4,20941
4107.0,1046,12,6.3,20947
4108.0,1046,21,5.8,20956
4109.0,1046,23,5.8,20945
4110.0,1046,53,6.3,20956
4111.1,1046,13,6.0,20966
4112.1,1046,12,5.5,20947
4113.1,1046,21,5.7,20954
4114.1,1046,23,5.9,20938
4115.1,1046,73,7.3,20928
4116.2,1046,10,9.3,20947
4117.2,1046,15,8.4,20942
4118.2,1046,19,7.5,20990
4119.2,1046,21,6.2,20976
4120.3,1046,54,8.2,20967
4121.3,1046,15,8.1,20970
4122.3,1046,11,8.1,20962
4123.3,1046,20,8.4,20982
4124.3,1046,22,7.8,20974
4125.4,1046,54,8.2,20973
4126.4,1046,13,6.6,20972
4127.4,1046,21,6.3,20984
4128.4,1046,23,4.9,20976
4129.5,1046,16,5.6,20978
4130.5,1046,14,6.4,21032
4131.5,1046,19,6.1,21031
4132.5,1046,20,6.7,21003
4133.5,1046,53,6.6,20999
4134.6,1046,12,5.2,20986
4135.6,1046,11,5.7,20987
4136.6,1046,20,8.7,21036
4137.6,1046,22,7.5,20991
4138.6,1046,50,7.8,21008
4139.7,1046,16,7.5,21027
4140.7,1046,13,6.3,21026
4141.7,1046,21,6.9,21003
4142.7,1046,23,5.5,20999
4143.7,1046,55,7.5,20999
4144.8,1046,16,6.7,20994
4145.8,1046,12,6.2,21009
4146.8,1046,22,5.7,21006
4147.8,1046,23,5.4,21006
4148.8,1046,54,5.3,21022
4149.9,1046,13,5.6,21014
4150.9,1046,13,5.2,21012
4151.9,1046,21,5.5,21023
4152.9,1046,24,5.3,21031
4154.0,1046,53,5.9,21039
4155.0,1046,12,5.6,21043
4156.0,1046,11,6.5,21044
4157.0,1046,20,5.3,21048
4158.0,1046,54,5.6,21074
4159.1,1046,12,4.7,21080
4160.1,1046,20,5.5,21086
4161.1,1046,53,5.3,21068
4162.1,1046,12,5.1,21098
4163.1,1046,18,5.1,21103
4164.2,1046,53,5.2,21105
4165.2,1046,12,5.0,21099
4166.2,1046,19,5.5,21109
4167.2,1046,54,5.9,21119
4168.3,1046,12,5.1,21099
4169.3,1046,19,6.3,21087
4170.3,1046,53,5.2,21063
4171.3,1046,12,6.5,21072
4172.3,1046,19,5.7,21096
4173.4,1046,55,5.9,21085
4174.4,1046,12,5.4,21083
4175.4,1046,19,5.0,21083
4176.4,1046,13,5.3,21081
4177.5,1046,19,5.1,21068
4178.5,1046,54,5.3,21069
4179.5,1046,12,4.9,21068
4180.5,1046,19,5.1,21088
4181.5,1046,53,5.7,21086
4182.6,1046,12,4.8,21082
4183.6,1046,19,5.2,21113
4184.6,1046,53,4.9,21080
4185.6,1046,12,5.0,21078
4186.7,1046,11,5.0,21067
4187.7,1046,20,4.8,21066
4188.7,1046,22,5.5,21064
4189.7,1046,53,4.9,21072
4190.7,1046,12,5.2,21080
4191.8,1046,19,5.3,21084
4192.8,1046,22,5.4,21103
4193.8,1052,28,5.6,21103
4194.8,1052,54,5.5,21090
4195.8,1052,16,5.0,21089
4196.9,1052,14,5.4,21070
4197.9,1052,21,5.2,21064
4198.9,1052,30,5.6,21089
4199.9,1052,25,5.1,21101
4201.0,1052,53,5.7,21111
4202.0,1052,11,5.1,21120
4203.0,1052,16,4.9,21116
4204.0,1052,22,5.0,21109
4205.0,1052,50,5.3,21095
4206.1,1052,16,4.3,21087
4207.1,1052,12,4.7,21090
4208.1,1052,19,4.9,21090
4209.1,1052,21,5.5,21120
4210.1,1052,23,4.9,21138
4211.2,1052,53,5.9,21138
4212.2,1052,13,5.0,21130
4213.2,1052,20,5.0,21098
4214.2,1052,27,5.2,21137
4215.3,1052,23,5.0,21134
4216.3,1052,60,5.1,21121
4217.3,1052,16,4.8,21123
4218.3,1052,11,5.2,21143
4219.3,1052,20,5.4,21163
4220.4,1052,23,5.3,21200
4221.4,1052,25,5.6,21175
4222.4,1052,31,5.2,21174
4223.4,1052,11,4.9,21165
4224.4,1052,21,4.6,21147
4225.5,1052,22,4.8,21142
4226.5,1052,54,5.3,21134
4227.5,1052,16,5.4,21131
4228.5,1052,12,5.0,21155
4229.6,1073,29,5.7,21164
4230.6,1076,34,5.0,21162
4231.6,1076,24,5.6,21167
4232.6,1076,26,5.1,21151
4233.6,1076,28,6.0,21138
4234.7,1076,28,5.3,21139
4235.7,1076,55,5.1,21171
4236.7,1076,15,5.2,21165
4237.7,1076,11,5.7,21158
4238.7,1076,19,5.2,21171
4239.8,1076,54,6.2,21147
4240.8,1076,13,5.2,21148
4241.8,1076,13,5.8,21148
4242.8,1076,54,5.0,21142
4243.8,1076,13,5.5,21111
4244.9,1076,13,5.7,21117
4245.9,1076,54,5.7,21127
4246.9,1076,14,5.2,21155
4247.9,1076,13,5.5,21136
4248.9,1076,54,5.4,21129
4250.0,1076,13,5.5,21126
4251.0,1076,13,5.7,21127
4252.0,1076,54,6.9,21196
4253.0,1076,13,5.8,21169
4254.0,1076,13,6.0,21165
4255.1,941,54,6.4,21147
4256.1,941,14,5.6,21147
4257.1,941,13,6.1,21150
4258.1,941,54,6.2,21165
4259.1,941,14,5.8,21175
4260.2,941,12,6.0,21162
4261.2,941,54,7.6,21146
4262.2,941,13,6.1,21135
4263.2,941,13,6.1,21132
4264.3,941,55,5.9,21152
4265.3,941,13,4.9,21173
4266.3,941,11,5.3,21177
4267.3,941,20,6.2,21165
4268.3,941,33,6.3,21159
4269.4,941,12,6.0,21150
4270.4,941,20,5.7,21149
4271.4,941,32,5.6,21172
4272.4,941,20,6.0,21173
4273.5,977,37,6.5,21178
4274.5,977,12,5.4,21189
4275.5,977,20,6.1,21187
4276.5,977,35,6.5,21193
4277.5,977,11,6.2,21225
4278.6,977,19,6.3,21245
4279.6,977,49,5.6,21238
4280.6,977,16,5.4,21228
4281.6,977,12,5.4,21209
4282.6,977,50,7.3,21201
4283.7,977,16,5.8,21210
4284.7,977,12,5.9,21208
4285.7,977,49,6.3,21239
4286.7,977,17,5.3,21235
4287.8,977,13,6.3,21222
4288.8,977,49,6.0,21209
4289.8,977,16,6.2,21202
4290.8,977,13,5.8,21203
4291.8,977,49,6.3,21233
4292.9,977,16,6.3,21227
4293.9,977,13,5.7,21237
4294.9,977,49,5.9,21201
4295.9,977,16,6.4,21196
4296.9,977,13,5.7,21192
4298.0,977,49,6.1,21183
4299.0,977,16,6.4,21169
4300.0,977,13,6.6,21180
4301.0,977,49,6.8,21180
4302.0,977,16,6.7,21185
4303.1,977,12,5.5,21207
4304.1,977,47,5.7,21191
4305.1,977,16,4.8,21184
4306.1,977,14,5.4,21173
4307.2,977,54,5.8,21164
4308.2,977,16,5.9,21258
4309.2,977,12,5.0,21251
4310.2,977,54,5.6,21236
4311.2,977,16,5.5,21222
4312.3,977,13,7.1,21207
4313.3,977,54,6.1,21195
4314.3,977,16,5.6,21181
4315.3,977,13,5.7,21177
4316.3,977,57,5.8,21196
4317.4,977,16,5.5,21207
4318.4,977,12,6.0,21223
4319.4,977,55,5.4,21213
4320.4,977,12,6.4,21198
4321.5,977,57,5.8,21178
4322.5,977,16,6.8,21204
4323.5,977,12,5.5,21199
4324.5,977,55,5.7,21197
4325.6,977,12,5.8,21188
4326.6,977,12,5.8,21181
4327.6,977,21,5.8,21167
4328.6,977,54,5.5,21165
4329.6,977,11,5.7,21159
4330.6,977,11,6.3,21177
4331.7,977,21,6.0,21193
4332.7,977,22,6.8,21175
4333.7,977,53,6.2,21191
4334.7,977,13,5.8,21195
4335.8,977,19,5.9,21193
4336.8,977,22,6.2,21191
4337.8,977,24,5.6,21218
4338.8,977,16,5.3,21208
4339.8,977,11,5.7,21226
4340.9,977,20,5.1,21226
4341.9,977,21,6.0,21213
4342.9,977,23,6.2,21219
4343.9,977,53,5.5,21209
4344.9,977,13,5.6,21222
4346.0,977,12,5.8,21228
4347.0,977,21,5.4,21256
4348.0,977,22,6.4,21254
4349.0,978,23,6.2,21240
4350.0,977,11,5.5,21230
4351.1,977,18,5.5,21227
4352.1,977,22,5.6,21217
4353.1,977,20,6.8,21240
4354.1,993,18,6.3,21233
4355.1,977,20,6.7,21224
4356.2,977,17,6.4,21235
4357.2,977,34,6.5,21223
4358.2,977,35,6.7,21227
4359.2,977,38,6.5,21227
4360.2,977,36,6.7,21238
4361.3,977,36,6.6,21235
4362.3,977,38,7.7,21228
4363.3,977,31,7.3,21216
4364.3,977,23,6.8,21205
4365.3,993,44,7.0,21204
4366.4,977,41,7.3,21198
4367.4,993,29,6.0,21214
4368.4,977,10,7.5,21232
4369.4,993,34,5.9,21257
4370.4,977,55,7.3,21256
4371.5,977,34,6.9,21244
4372.5,993,11,7.0,21230
4373.5,993,18,6.1,21228
4374.5,993,22,6.2,21212
4375.5,993,21,6.8,21215
4376.6,993,54,6.6,21193
4377.6,993,12,6.4,21199
4378.6,993,43,7.3,21208
4379.6,1009,23,6.4,21231
4380.6,977,13,6.7,21224
4381.7,993,28,6.3,21218
4382.7,993,17,6.8,21212
4383.7,993,17,6.8,21215
4384.7,993,22,6.1,21222
4385.7,993,24,6.1,21250
4386.8,993,18,6.4,21270
4387.8,940,12,5.8,21272
4388.8,940,21,6.4,21252
4389.8,940,56,6.2,21251
4390.8,940,12,6.6,21244
4391.9,940,12,5.8,21249
4392.9,940,21,6.9,21241
4393.9,940,53,6.5,21275
4394.9,940,26,6.2,21316
4395.9,940,47,6.7,21304
4397.0,940,11,7.3,21302
4398.0,940,17,6.0,21296
4399.0,940,19,5.6,21283
4400.0,940,20,5.4,21271
4401.0,940,22,5.7,21260
4402.1,940,54,5.3,21284
4403.1,940,16,5.6,21275
4404.1,940,12,5.9,21289
4405.1,940,22,5.7,21290
4406.1,940,22,6.1,21303
4407.2,940,25,6.1,21305
4408.2,940,17,6.7,21294
4409.2,940,12,5.8,21294
4410.2,940,19,5.8,21282
4411.2,940,21,5.6,21278
4412.3,940,24,5.9,21264
4413.3,940,53,5.7,21296
4414.3,940,12,6.3,21288
4415.3,940,12,5.3,21261
4416.3,940,22,5.7,21266
4417.4,940,23,5.6,21283
4418.4,940,52,5.8,21283
4419.4,940,11,5.2,21280
4420.4,940,11,4.9,21269
4421.4,940,53,5.3,21269
4422.5,940,11,5.5,21271
4423.5,940,11,5.3,21300
4424.5,940,20,5.7,21313
4425.5,940,22,5.0,21306
4426.6,940,54,5.1,21303
4427.6,940,11,5.5,21308
4428.6,940,19,5.2,21297
4429.6,940,22,5.2,21285
4430.6,940,23,5.0,21280
4431.7,940,15,5.4,21276
4432.7,940,11,4.7,21283
4433.7,940,19,5.3,21304
4434.7,940,21,5.8,21315
4435.7,940,55,5.1,21324
4436.8,940,16,5.6,21314
4437.8,940,12,5.0,21316
4438.8,940,22,5.7,21305
4439.8,940,22,4.5,21289
4440.9,940,54,5.6,21293
4441.9,940,16,5.6,21301
4442.9,940,12,5.6,21311
4443.9,940,21,5.3,21329
4444.9,940,23,6.1,21334
4446.0,940,54,5.6,21328
4447.0,940,11,7.3,21323
4448.0,940,11,5.6,21331
4449.0,940,20,5.7,21356
4450.1,940,22,5.4,21368
4451.1,940,55,5.7,21361
4452.1,940,16,5.5,21328
4453.1,940,12,6.0,21323
4454.1,940,20,5.6,21357
4455.2,940,23,5.6,21368
4456.2,940,51,5.9,21364
4457.2,940,15,5.9,21367
4458.2,940,12,6.6,21388
4459.2,956,46,6.8,21386
4460.3,956,18,5.6,21375
4461.3,956,18,6.0,21365
4462.3,956,64,6.2,21344
4463.3,956,13,6.3,21336
4464.3,956,19,6.3,21335
4465.4,956,20,6.0,21321
4466.4,956,17,5.4,21347
4467.4,956,11,5.5,21362
4468.4,956,20,5.4,21336
4469.4,956,12,6.0,21367
4470.5,956,20,5.1,21373
4471.5,956,53,7.3,21372
4472.5,956,11,5.3,21352
4473.5,956,19,5.7,21351
4474.6,956,20,6.6,21325
4475.6,956,22,5.4,21335
4476.6,956,55,5.5,21330
4477.6,956,16,5.7,21355
4478.6,956,12,5.5,21357
4479.7,956,21,5.3,21390
4480.7,956,23,5.7,21383
4481.7,956,54,5.6,21352
4482.7,956,12,5.8,21363
4483.7,956,13,6.2,21355
4484.8,956,20,6.0,21348
4485.8,956,22,6.5,21353
4486.8,956,55,6.1,21359
4487.8,956,16,6.8,21371
4488.9,956,13,5.9,21355
4489.9,956,20,6.1,21372
4490.9,956,24,5.5,21381
4491.9,956,24,5.9,21375
4492.9,956,17,6.3,21370
4494.0,956,12,5.7,21364
4495.0,956,20,5.8,21352
4496.0,956,16,5.7,21362
4497.0,956,12,7.2,21348
4498.1,956,18,5.5,21347
4499.1,956,60,6.1,21347
4500.1,956,19,5.6,21352
4501.1,956,12,5.3,21357
4502.1,956,20,5.2,21360
4503.2,956,22,5.8,21363
4504.2,956,15,5.2,21367
4505.2,956,11,6.4,21362
4506.2,956,19,5.5,21367
4507.2,956,22,5.6,21365
4508.3,956,20,7.0,21380
4509.3,956,53,5.3,21380
4510.3,956,12,5.3,21380
4511.3,956,20,5.6,21382
4512.3,956,55,5.4,21382
4513.4,956,12,5.5,21370
4514.4,956,21,6.1,21394
4515.4,956,22,6.2,21397
4516.4,956,15,5.6,21396
4517.5,956,20,5.7,21408
4518.5,956,22,5.6,21413
4519.5,956,24,6.3,21411
4520.5,956,57,6.1,21390
4521.5,956,13,6.1,21388
4522.6,956,12,6.5,21393
4523.6,956,21,6.6,21399
4524.6,956,23,5.7,21395
4525.6,956,52,6.6,21398
4526.6,956,11,6.0,21403
4527.7,956,21,6.0,21408
4528.7,956,21,6.1,21406
4529.7,956,23,6.4,21412
4530.7,956,16,5.8,21414
4531.7,956,12,5.9,21417
4532.8,956,20,6.0,21415
4533.8,956,22,6.0,21413
4534.8,956,55,5.9,21400
4535.8,956,16,5.9,21394
4536.8,956,12,5.6,21396
4537.9,956,21,6.5,21399
4538.9,956,42,7.3,21391
4539.9,956,30,6.9,21407
4540.9,956,53,5.2,21406
4541.9,956,13,6.1,21414
4543.0,956,12,6.5,21402
4544.0,956,20,5.2,21396
4545.0,956,21,6.1,21394
4546.0,956,54,6.1,21404
4547.1,956,17,5.6,21392
4548.1,956,11,6.6,21410
4549.1,956,20,5.2,21422
4550.1,956,23,5.2,21441
4551.1,956,50,5.0,21426
4552.2,956,16,5.5,21419
4553.2,956,13,5.4,21400
4554.2,956,21,5.0,21392
4555.2,956,23,5.8,21390
4556.2,956,54,5.3,21393
4557.3,956,16,6.0,21402
4558.3,956,13,6.1,21403
4559.3,956,22,5.5,21422
4560.3,956,23,5.7,21406
4561.4,956,55,5.8,21405
4562.4,956,13,7.5,21401
4563.4,956,12,6.2,21395
4564.4,956,22,5.7,21399
4565.4,956,23,5.9,21410
4566.5,956,12,6.7,21431
4567.5,956,19,5.4,21415
4568.5,956,22,5.5,21440
4569.5,956,23,6.0,21426
4570.5,956,32,7.1,21471
4571.6,956,12,7.5,21504
4572.6,956,20,5.7,21514
4573.6,956,22,6.2,21493
4574.6,956,51,6.5,21511
4575.6,956,16,4.7,21520
4576.7,956,12,4.8,21542
4577.7,956,20,4.5,21538
4578.7,956,22,4.7,21536
4579.7,956,55,5.2,21523
4580.8,956,15,5.9,21515
4581.8,956,12,4.3,21517
4582.8,956,21,5.5,21521
4583.8,956,23,5.5,21530
4584.8,956,54,5.6,21538
4585.9,956,13,5.4,21552
4586.9,956,12,5.8,21553
4587.9,956,21,5.6,21526
4588.9,956,23,5.7,21520
4589.9,956,53,5.7,21507
4591.0,956,12,5.8,21498
4592.0,956,17,5.3,21495
4593.0,956,22,6.7,21509
4594.0,956,24,5.7,21502
4595.0,956,29,6.2,21501
4596.1,956,11,5.3,21483
4597.1,956,20,6.2,21514
4598.1,956,22,5.8,21497
4599.1,956,23,5.3,21499
4600.1,956,54,5.4,21485
4601.2,956,15,5.5,21484
4602.2,956,11,5.0,21479
4603.2,956,19,5.3,21475
4604.2,956,21,4.7,21470
4605.2,956,53,5.3,21467
4606.3,956,11,5.1,21480
4607.3,956,16,5.3,21484
4608.3,956,21,5.2,21464
4609.3,956,23,5.4,21452
4610.3,956,29,5.0,21466
4611.4,956,12,5.3,21465
4612.4,956,20,5.7,21479
4613.4,956,22,5.8,21466
4614.4,956,51,5.6,21496
4615.5,956,12,5.1,21483
4616.5,956,20,6.0,21462
4617.5,956,22,5.3,21452
4618.5,956,54,4.7,21449
4619.5,956,16,5.0,21472
4620.6,956,12,6.0,21469
4621.6,956,20,5.3,21488
4622.6,956,23,6.1,21502
4623.6,956,54,5.7,21496
4624.6,956,12,6.1,21470
4625.7,956,12,6.3,21472
4626.7,956,20,6.2,21463
4627.7,956,22,5.9,21476
4628.7,956,52,5.7,21474
4629.8,956,16,5.6,21475
4630.8,956,12,5.8,21499
4631.8,956,20,5.7,21494
4632.8,956,21,6.5,21489
4633.8,956,54,5.4,21476
4634.9,956,16,5.9,21482
4635.9,956,12,5.6,21512
4636.9,956,53,2.2,21490
4637.9,956,19,3.2,21411
4638.9,956,21,2.0,21414
4640.0,956,31,1.8,21427
4641.0,956,12,1.6,21439
4642.0,956,20,1.8,21423
4643.0,956,21,2.1,21442
4644.0,956,49,1.7,21461
4645.1,956,16,2.3,21428
4646.1,956,12,1.9,21420
4647.1,956,20,2.0,21439
4648.1,956,22,1.8,21441
4649.1,956,55,1.7,21464
4650.2,956,16,1.8,21464
4651.2,956,12,5.2,21597
