1703614217340780544,0.00004,-0.00001,-0.00002,0.58390,-0.81182,0.00033,0.00058,-0.00008,0.00178,-0.00273,
1703614217474214144,0.00131,0.00033,0.00049,0.58384,-0.81187,0.00027,0.00087,0.00339,0.00169,-0.00184,
1703614217607645696,0.00198,0.00061,0.00010,0.58382,-0.81188,0.00025,0.00089,0.00313,0.00237,-0.00149,
1703614217741077760,0.00246,0.00091,-0.00007,0.58386,-0.81186,0.00025,0.00091,0.00423,0.00343,-0.00159,
1703614217874509568,0.00250,0.00111,-0.00012,0.58384,-0.81187,0.00026,0.00092,0.00360,0.00319,-0.00232,
1703614218074657280,0.00292,0.00163,0.00008,0.58378,-0.81191,0.00020,0.00097,0.00458,0.00370,-0.00083,
1703614218208088832,0.00338,0.00138,0.00024,0.58387,-0.81185,0.00018,0.00103,0.00532,0.00095,-0.00080,
1703614218341520896,0.00349,0.00136,0.00052,0.58386,-0.81185,0.00016,0.00096,0.00547,0.00263,-0.00096,
1703614218474952448,0.00382,0.00121,0.00073,0.58386,-0.81185,0.00013,0.00101,0.00466,0.00335,-0.00043,
1703614218675100672,0.00408,0.00116,0.00112,0.58385,-0.81186,0.00007,0.00104,0.00490,0.00277,-0.00005,
1703614218808532736,0.00453,0.00140,0.00110,0.58383,-0.81187,0.00009,0.00116,0.00667,0.00393,-0.00164,
1703614218941964544,0.00347,0.00124,0.00081,0.58388,-0.81184,0.00020,0.00098,0.00458,0.00313,-0.00065,
1703614219075396864,0.00263,0.00114,0.00077,0.58390,-0.81182,0.00023,0.00083,0.00340,0.00331,-0.00105,
1703614219208828928,0.00294,0.00112,0.00024,0.58397,-0.81178,0.00020,0.00093,0.00357,0.00290,-0.00135,
1703614219342260736,0.00248,0.00067,-0.00015,0.58404,-0.81172,0.00025,0.00084,0.00333,0.00114,-0.00103,
1703614219475693312,0.00199,0.00067,-0.00037,0.58407,-0.81171,0.00027,0.00079,0.00166,0.00321,-0.00197,
1703614219609128192,0.00253,0.00051,-0.00078,0.58413,-0.81166,0.00023,0.00089,0.00349,0.00138,-0.00097,
1703614219809281280,0.00242,0.00059,-0.00084,0.58414,-0.81165,0.00019,0.00089,0.00282,0.00146,-0.00135,
1703614219942716928,0.00235,0.00138,-0.00071,0.58405,-0.81172,0.00021,0.00092,0.00150,0.00390,-0.00117,
1703614220076152064,0.00278,0.00134,-0.00073,0.58406,-0.81171,0.00025,0.00099,0.00447,0.00265,-0.00055,
1703614220209587712,0.00263,0.00127,-0.00057,0.58404,-0.81173,0.00017,0.00095,0.00340,0.00316,-0.00043,
1703614220343023616,0.00282,0.00112,-0.00071,0.58409,-0.81168,0.00016,0.00096,0.00424,0.00217,-0.00076,
1703614220543176448,0.00249,0.00087,-0.00086,0.58417,-0.81163,0.00018,0.00089,0.00241,0.00105,-0.00096,
1703614220743328768,0.00285,0.00109,-0.00060,0.58415,-0.81164,0.00014,0.00097,0.00285,0.00103,0.00021,
1703614220876763904,0.00298,0.00176,-0.00045,0.58406,-0.81171,0.00012,0.00102,0.00240,0.00449,-0.00161,
1703614221010199040,0.00217,0.00112,-0.00085,0.58420,-0.81161,0.00019,0.00091,0.00313,-0.00043,0.00006,
1703614221143634176,0.00194,0.00108,-0.00053,0.58416,-0.81163,0.00017,0.00086,0.00085,0.00170,0.00004,
1703614221277069056,0.00280,0.00105,-0.00070,0.58420,-0.81161,0.00013,0.00101,0.00363,0.00165,-0.00016,
1703614221543938048,0.00250,0.00086,-0.00055,0.58420,-0.81161,0.00017,0.00099,0.00125,-0.00016,0.00109,
1703614221677370368,0.00253,0.00074,-0.00046,0.58423,-0.81159,0.00022,0.00098,0.00166,-0.00007,0.00030,
1703614221810802688,0.00222,0.00089,-0.00027,0.58423,-0.81159,0.00022,0.00096,0.00096,0.00071,0.00076,
1703614221944235008,0.00206,0.00105,-0.00017,0.58425,-0.81157,0.00020,0.00097,0.00305,0.00073,-0.00027,
1703614222077667584,0.00227,0.00097,-0.00031,0.58431,-0.81153,0.00018,0.00100,0.00176,0.00027,0.00058,
1703614222277816064,0.00217,0.00054,-0.00085,0.58443,-0.81144,0.00018,0.00101,-0.00098,-0.00119,-0.00037,
1703614222411248384,0.00248,0.00042,-0.00111,0.58448,-0.81140,0.00016,0.00105,0.00266,-0.00137,0.00013,
1703614222544681216,0.00301,0.00045,-0.00131,0.58448,-0.81141,0.00010,0.00111,0.00369,-0.00052,0.00043,
1703614222678114048,0.00231,0.00053,-0.00149,0.58452,-0.81138,0.00015,0.00097,0.00210,-0.00140,0.00000,
1703614222811547136,0.00127,0.00028,-0.00151,0.58457,-0.81134,0.00026,0.00082,-0.00004,-0.00342,0.00110,
1703614222944980224,0.00192,-0.00019,-0.00146,0.58459,-0.81133,0.00017,0.00092,0.00142,-0.00352,0.00202,
1703614223078413312,0.00270,0.00009,-0.00101,0.58454,-0.81136,0.00009,0.00101,0.00250,-0.00125,0.00058,
1703614223211846400,0.00272,0.00015,-0.00064,0.58453,-0.81137,0.00010,0.00104,0.00396,-0.00122,0.00184,
1703614223411996160,0.00218,0.00041,-0.00004,0.58449,-0.81140,0.00016,0.00099,0.00105,-0.00056,0.00060,
1703614223545428736,0.00235,0.00091,0.00025,0.58447,-0.81141,0.00023,0.00102,0.00385,0.00249,-0.00022,
1703614223678860544,0.00257,0.00093,0.00008,0.58448,-0.81141,0.00024,0.00105,0.00434,0.00133,0.00106,
1703614223812292864,0.00204,0.00067,-0.00054,0.58459,-0.81133,0.00030,0.00097,0.00186,0.00060,-0.00101,
1703614223945724928,0.00230,0.00077,-0.00068,0.58456,-0.81135,0.00033,0.00105,0.00362,0.00025,0.00184,
1703614224079156992,0.00250,0.00038,-0.00097,0.58464,-0.81129,0.00029,0.00104,0.00082,-0.00345,0.00025,
1703614224279305216,0.00338,0.00051,-0.00070,0.58461,-0.81131,0.00023,0.00118,0.00540,0.00025,0.00118,
1703614224412737280,0.00345,0.00053,-0.00032,0.58459,-0.81132,0.00022,0.00116,0.00166,-0.00095,0.00093,
1703614224546169344,0.00395,0.00067,-0.00032,0.58459,-0.81133,0.00015,0.00125,0.00077,-0.00015,-0.00063,
1703614224679600640,0.00413,0.00050,-0.00060,0.58462,-0.81130,0.00023,0.00128,0.00561,0.00016,0.00040,
1703614224879748096,0.00296,0.00074,-0.00055,0.58460,-0.81132,0.00031,0.00113,0.00073,0.00104,0.00074,
1703614225013179904,0.00251,0.00050,-0.00067,0.58462,-0.81130,0.00034,0.00107,0.00077,-0.00168,0.00119,
1703614225146610944,0.00219,0.00020,-0.00017,0.58459,-0.81133,0.00042,0.00098,0.00179,-0.00214,0.00276,
1703614225280042496,0.00165,0.00010,-0.00012,0.58460,-0.81132,0.00044,0.00095,0.00122,-0.00040,0.00103,
1703614225413473792,0.00138,-0.00016,-0.00031,0.58464,-0.81129,0.00048,0.00093,0.00277,-0.00138,0.00172,
1703614225546903552,0.00087,-0.00034,-0.00007,0.58464,-0.81129,0.00053,0.00081,0.00006,-0.00188,0.00181,
1703614225680331776,0.00047,-0.00041,0.00010,0.58465,-0.81129,0.00053,0.00073,-0.00171,-0.00173,0.00087,
1703614225813759744,0.00043,-0.00058,0.00029,0.58465,-0.81128,0.00047,0.00072,-0.00183,-0.00302,0.00104,
1703614225947187712,0.00067,-0.00026,0.00011,0.58465,-0.81128,0.00043,0.00075,0.00103,0.00067,0.00025,
1703614226080615680,0.00118,-0.00056,-0.00054,0.58475,-0.81122,0.00039,0.00083,0.00252,-0.00217,0.00091,
1703614226214043392,0.00102,-0.00079,-0.00063,0.58476,-0.81120,0.00035,0.00079,-0.00088,-0.00294,0.00189,
1703614226347471104,0.00055,-0.00084,-0.00124,0.58484,-0.81115,0.00033,0.00062,0.00222,-0.00100,-0.00049,
1703614226480898560,-0.00065,-0.00075,-0.00153,0.58487,-0.81113,0.00039,0.00041,-0.00355,-0.00190,0.00032,
1703614226614332928,-0.00039,-0.00040,-0.00108,0.58478,-0.81119,0.00043,0.00046,0.00132,-0.00137,0.00233,
1703614226747767040,0.00022,-0.00092,-0.00126,0.58488,-0.81112,0.00039,0.00054,0.00201,-0.00390,0.00115,
1703614226881201408,0.00017,-0.00109,-0.00135,0.58493,-0.81109,0.00033,0.00055,-0.00275,-0.00342,0.00046,
1703614227014635776,0.00073,-0.00053,-0.00140,0.58494,-0.81108,0.00034,0.00059,0.00281,-0.00026,-0.00061,
1703614227148070144,0.00129,0.00006,-0.00119,0.58487,-0.81112,0.00035,0.00072,0.00230,0.00443,0.00574,
1703614227281504512,0.00145,-0.00039,-0.00202,0.58507,-0.81098,0.00035,0.00078,0.00164,-0.00399,-0.00625,
1703614227414938624,0.00156,0.00015,-0.00234,0.58506,-0.81099,0.00039,0.00075,0.00107,0.00359,-0.00215,
1703614227681803008,0.00203,-0.00027,-0.00293,0.58522,-0.81087,0.00034,0.00083,0.00360,-0.00365,-0.00286,
1703614227815235072,0.00124,0.00790,-0.00167,0.58511,-0.81096,0.00026,0.00111,-0.00269,0.15116,-0.01543,
1703614227948667392,0.00050,0.03509,-0.00143,0.58508,-0.81097,-0.00040,0.00169,-0.00807,0.27462,0.00583,
1703614228082099456,0.00370,0.08073,0.00036,0.58410,-0.81168,0.00030,0.00239,0.04077,0.38632,0.02206,
1703614228215531520,0.00725,0.13988,0.00693,0.58498,-0.81104,0.00115,0.00221,0.02339,0.50789,0.05298,
1703614228348963840,0.00432,0.21486,0.01058,0.58641,-0.81001,0.00023,0.00204,-0.03156,0.60340,0.06301,
1703614228482395904,0.00180,0.30667,0.01405,0.58837,-0.80858,-0.00052,0.00306,-0.03963,0.76093,0.00047,
1703614228615823872,-0.00176,0.41701,0.01913,0.58818,-0.80871,-0.00148,0.00500,-0.02836,0.79367,0.11744,
1703614228749251584,-0.00050,0.52337,0.03842,0.59163,-0.80618,-0.00182,0.00685,0.02588,0.78036,0.13318,
1703614228882679808,0.00551,0.63493,0.04537,0.59398,-0.80445,-0.00090,0.00709,0.03841,0.92545,-0.07395,
1703614229016107264,-0.00277,0.76921,0.02023,0.59145,-0.80633,-0.00137,0.00368,-0.11490,1.20291,-0.37749,
1703614229149534976,-0.02601,0.94290,-0.00312,0.58613,-0.81019,-0.00625,0.00358,-0.16518,1.21218,-0.01515,
1703614229282962432,-0.03866,1.09686,0.03092,0.59376,-0.80455,-0.01141,0.00398,-0.00983,1.14344,0.18369,
1703614229416389888,-0.03436,1.25026,0.05623,0.59872,-0.80087,-0.00824,0.00817,-0.00842,1.25390,-0.01545,
1703614229549820160,-0.03962,1.42897,0.06800,0.60037,-0.79962,-0.00726,0.01082,-0.06819,1.24713,0.05067,
1703614229683250176,-0.04669,1.59763,0.08965,0.60402,-0.79678,-0.00768,0.01555,-0.06434,1.27600,0.15973,
1703614229883395328,-0.05668,1.86517,0.11484,0.60624,-0.79504,-0.00595,0.01882,-0.14458,1.31773,0.10702,
1703614230083540480,-0.08422,2.14861,0.14194,0.60753,-0.79394,-0.00937,0.02177,-0.12240,1.35044,0.14617,
1703614230283685120,-0.10908,2.41785,0.17696,0.61143,-0.79092,-0.00812,0.02322,-0.22369,1.32743,0.06086,
1703614230417114880,-0.12156,2.59088,0.22062,0.62620,-0.77912,-0.00886,0.02752,-0.08745,1.53511,-0.03979,
1703614230550546688,-0.11273,2.79485,0.22559,0.61586,-0.78720,-0.00357,0.03210,0.13318,1.43618,0.13210,
1703614230750694144,-0.10676,3.06698,0.24676,0.61394,-0.78868,0.00136,0.03247,-0.12991,1.39926,0.05298,
1703614230884125696,-0.13249,3.24817,0.24310,0.61048,-0.79100,0.00046,0.04042,-0.25880,1.47786,-0.01460,
1703614231017557504,-0.15516,3.42250,0.25779,0.60992,-0.79117,-0.00226,0.04528,-0.05273,1.35036,0.11867,
1703614231150988800,-0.16400,3.59740,0.26171,0.60764,-0.79303,-0.00195,0.04342,-0.02261,1.21463,0.17054,
1703614231284420608,-0.17223,3.76350,0.26880,0.60746,-0.79324,-0.00011,0.04209,-0.14567,1.27980,0.11025,
1703614231417852160,-0.18928,3.93096,0.27044,0.60503,-0.79488,-0.00104,0.04580,-0.10232,1.17201,0.10695,
1703614231551280896,-0.20106,4.08638,0.28130,0.60751,-0.79282,-0.00344,0.04847,-0.08045,1.25214,0.06830,
1703614231751420160,-0.19863,4.32639,0.28444,0.60651,-0.79376,0.00041,0.04581,0.02437,1.26519,-0.04427,
1703614231884846336,-0.20254,4.48509,0.28919,0.60363,-0.79593,0.00182,0.04609,0.00360,1.07057,0.14979,
1703614232018272000,-0.20102,4.62830,0.29727,0.60526,-0.79464,0.00312,0.04685,0.01910,1.14212,-0.03296,
1703614232151697408,-0.19391,4.77696,0.29722,0.60546,-0.79448,0.00645,0.04662,0.02844,1.08930,0.08495,
1703614232285123072,-0.19326,4.92176,0.30774,0.60607,-0.79401,0.00782,0.04654,-0.01429,1.05177,0.08751,
1703614232485261056,-0.19649,5.13024,0.31568,0.60581,-0.79433,0.00645,0.04451,0.00635,1.05752,0.00150,
1703614232618694400,-0.19892,5.26147,0.32332,0.60515,-0.79492,0.00885,0.04258,-0.07492,0.92459,0.06696,
1703614232818844672,-0.22470,5.44347,0.33492,0.60519,-0.79496,0.00379,0.04207,-0.15258,0.78529,0.17140,
1703614232952278528,-0.23609,5.54617,0.35243,0.60846,-0.79220,0.00049,0.04690,-0.05843,0.79216,0.03719,
1703614233085712128,-0.23936,5.65191,0.35321,0.60778,-0.79266,0.00006,0.04792,0.03662,0.81325,-0.02392,
1703614233219145984,-0.23633,5.76380,0.34349,0.60420,-0.79558,0.00307,0.04462,-0.00643,0.79939,-0.01166,
1703614233352579840,-0.24358,5.87173,0.34138,0.60331,-0.79645,0.00334,0.04100,-0.07070,0.79835,0.00656,
1703614233486013440,-0.25439,5.97584,0.34804,0.60388,-0.79600,0.00207,0.04136,-0.06648,0.75222,0.08367,
1703614233619445504,-0.26061,6.07766,0.35315,0.60371,-0.79598,0.00007,0.04413,-0.00402,0.75532,0.00937,
1703614233752877824,-0.25012,6.17460,0.35536,0.60350,-0.79621,0.00161,0.04286,0.09757,0.73223,-0.01696,
1703614233886309888,-0.24093,6.26603,0.35984,0.60381,-0.79612,0.00519,0.03977,0.01141,0.69603,0.01455,
1703614234019741696,-0.24723,6.35938,0.36321,0.60432,-0.79574,0.00480,0.03975,-0.09304,0.72200,0.00695,
1703614234153174016,-0.25284,6.45432,0.36325,0.60309,-0.79661,0.00280,0.04106,-0.00040,0.71475,-0.01166,
1703614234286606080,-0.24801,6.54911,0.36218,0.60185,-0.79759,0.00369,0.04013,0.05113,0.68340,0.01037,
1703614234420037632,-0.24564,6.63719,0.36715,0.60176,-0.79773,0.00545,0.03867,-0.03608,0.61994,0.07098,
1703614234553469952,-0.25471,6.72447,0.37312,0.60215,-0.79745,0.00396,0.03838,-0.05854,0.66585,0.04144,
1703614234686901760,-0.26103,6.81271,0.37637,0.60184,-0.79772,0.00303,0.03777,0.00237,0.63669,0.04944,
1703614234820333824,-0.25867,6.90160,0.37698,0.60090,-0.79839,0.00366,0.03846,0.04664,0.64592,0.04890,
1703614234953765888,-0.25212,6.98834,0.38174,0.60037,-0.79881,0.00474,0.03799,0.08494,0.65262,0.03735,
1703614235087197696,-0.24642,7.07476,0.38473,0.59861,-0.80025,0.00698,0.03495,0.01498,0.62529,0.01660,
1703614235220630016,-0.25044,7.15563,0.38721,0.59765,-0.80099,0.00680,0.03458,-0.07982,0.57925,0.04012,
1703614235354061824,-0.25999,7.23449,0.39102,0.59779,-0.80083,0.00394,0.03604,-0.03780,0.58386,0.01735,
1703614235487493376,-0.25816,7.31393,0.39726,0.59993,-0.79923,0.00456,0.03592,0.04384,0.62787,0.02330,
1703614235620935680,-0.25273,7.40432,0.39971,0.60141,-0.79819,0.00651,0.03399,0.02591,0.69708,0.03158,
1703614235754378240,-0.25207,7.50311,0.40366,0.60192,-0.79784,0.00658,0.03313,-0.00953,0.75784,0.03016,
1703614235887821312,-0.25409,7.60604,0.40787,0.60184,-0.79780,0.00598,0.03568,-0.00916,0.77992,0.02493,
1703614236021265152,-0.25473,7.71009,0.40875,0.60125,-0.79817,0.00466,0.03750,0.02748,0.78649,0.01834,
1703614236154708736,-0.25046,7.81943,0.40556,0.60025,-0.79900,0.00602,0.03558,-0.02739,0.82400,0.00642,
1703614236288152832,-0.26479,7.92766,0.41237,0.60058,-0.79871,0.00402,0.03664,-0.14566,0.80380,0.06869,
1703614236421597184,-0.27637,8.03101,0.41991,0.60165,-0.79784,0.00074,0.03826,0.04060,0.79572,0.01823,
1703614236555036672,-0.26275,8.14204,0.42079,0.60168,-0.79790,0.00444,0.03616,0.13661,0.83019,0.03082,
1703614236688469760,-0.24841,8.25617,0.42585,0.60250,-0.79734,0.00909,0.03403,0.05048,0.84598,0.04173,
1703614236821902848,-0.24140,8.36909,0.43273,0.60324,-0.79683,0.01035,0.03259,0.02282,0.82981,0.05136,
1703614236955336192,-0.23752,8.48185,0.43641,0.60306,-0.79704,0.01053,0.03055,0.01481,0.80083,0.08493,
1703614237155486208,-0.24672,8.65074,0.44132,0.60264,-0.79736,0.00880,0.03126,-0.09324,0.87873,-0.00639,
1703614237288919552,-0.25798,8.76386,0.44600,0.60224,-0.79766,0.00526,0.03184,-0.04012,0.82198,0.08148,
1703614237422353152,-0.26460,8.88104,0.44278,0.60049,-0.79908,0.00478,0.02929,-0.05987,0.91838,-0.03297,
1703614237555823104,-0.27382,8.99496,0.45025,0.60060,-0.79902,0.00431,0.02878,-0.08178,0.82559,0.11126,
1703614237756104704,-0.27831,9.16745,0.46427,0.60245,-0.79755,0.00298,0.03103,0.04094,0.86615,0.05439,
1703614237889628672,-0.28217,9.28824,0.46428,0.60150,-0.79820,0.00242,0.03252,-0.00250,0.95944,-0.05639,
1703614238023154944,-0.28667,9.41548,0.46347,0.60115,-0.79851,0.00236,0.03155,-0.03517,0.94762,0.05067,
1703614238156683520,-0.29183,9.54106,0.47580,0.60342,-0.79674,0.00325,0.03288,-0.05770,0.94071,0.07237,
1703614238290214144,-0.30290,9.66974,0.47521,0.60216,-0.79760,0.00068,0.03520,-0.10497,0.96391,0.01420,
1703614238490521856,-0.32130,9.86259,0.48010,0.60247,-0.79731,-0.00182,0.03649,-0.12420,0.96473,0.06503,
1703614238623945472,-0.33767,9.99069,0.48730,0.60189,-0.79773,-0.00388,0.03648,-0.11549,0.92979,0.07870,
1703614238757368832,-0.35177,10.11395,0.49258,0.60128,-0.79808,-0.00627,0.03865,-0.11285,0.97488,-0.04583,
1703614238957502976,-0.35654,10.29859,0.50115,0.60232,-0.79744,-0.00568,0.03562,-0.01541,0.94671,0.05988,
1703614239090925568,-0.36367,10.42059,0.50887,0.60191,-0.79780,-0.00639,0.03426,-0.11043,0.86798,0.05382,
1703614239224347904,-0.37643,10.54581,0.51068,0.60240,-0.79744,-0.00980,0.03315,-0.14172,0.92958,0.07025,
1703614239357769984,-0.39241,10.67901,0.50921,0.60001,-0.79915,-0.01209,0.03450,-0.11699,0.96088,0.02290,
1703614239557903616,-0.39929,10.86670,0.52227,0.60090,-0.79846,-0.01268,0.03495,-0.00491,0.87491,0.12525,
1703614239691326720,-0.39650,10.99011,0.52930,0.60243,-0.79723,-0.01214,0.03682,0.02204,0.96380,-0.02784,
1703614239824749568,-0.38853,11.12275,0.52355,0.60131,-0.79817,-0.01005,0.03530,0.03364,1.02325,-0.05290,
1703614239958172160,-0.39372,11.25143,0.52411,0.60026,-0.79904,-0.00890,0.03391,-0.11327,0.95316,0.06973,
1703614240091594496,-0.40896,11.37276,0.53415,0.60229,-0.79742,-0.01082,0.03544,-0.09859,0.91782,0.05808,
1703614240225016320,-0.42130,11.50007,0.53748,0.60208,-0.79755,-0.01290,0.03536,-0.07629,0.99282,0.00027,
1703614240358437888,-0.42710,11.62496,0.54547,0.60261,-0.79715,-0.01225,0.03566,-0.06940,0.92506,0.06520,
1703614240491858944,-0.43246,11.74149,0.55779,0.60400,-0.79608,-0.01282,0.03579,-0.01487,0.84896,0.07568,
1703614240625284608,-0.44104,11.86208,0.55849,0.60276,-0.79692,-0.01353,0.03759,-0.10241,0.93423,-0.03239,
1703614240758710016,-0.44945,11.98491,0.55557,0.59992,-0.79916,-0.01394,0.03520,-0.03047,0.92432,-0.00838,
1703614240892134912,-0.45427,12.09451,0.56595,0.60085,-0.79857,-0.01208,0.03343,-0.08133,0.80325,0.05229,
1703614241025560064,-0.47260,12.20668,0.56458,0.59934,-0.79959,-0.01415,0.03537,-0.16781,0.83071,0.03903,
1703614241158984704,-0.48805,12.31087,0.57594,0.60114,-0.79801,-0.01736,0.03894,-0.07063,0.75764,0.11611,
1703614241292409088,-0.49066,12.41023,0.58840,0.60252,-0.79692,-0.01598,0.04045,0.00126,0.77028,0.05167,
1703614241425833216,-0.48905,12.50545,0.59716,0.60279,-0.79668,-0.01360,0.04188,-0.01504,0.73840,-0.00081,
1703614241559258368,-0.49057,12.60268,0.59680,0.60237,-0.79686,-0.01349,0.04443,-0.01906,0.77820,-0.07206,
1703614241692684800,-0.49495,12.70465,0.59311,0.60213,-0.79707,-0.01320,0.04408,-0.02983,0.78765,-0.02597,
1703614241826110720,-0.50078,12.80752,0.59676,0.60300,-0.79659,-0.01127,0.04140,-0.07422,0.78748,0.04637,
1703614241959536384,-0.51511,12.91029,0.59935,0.60281,-0.79670,-0.01200,0.04179,-0.15926,0.76919,0.03691,
1703614242092961792,-0.53323,13.00928,0.60171,0.60232,-0.79687,-0.01624,0.04412,-0.04171,0.73218,0.02425,
1703614242226386688,-0.53174,13.10853,0.60512,0.60279,-0.79645,-0.01527,0.04557,0.07634,0.76704,0.01306,
1703614242359811584,-0.52075,13.21283,0.61131,0.60356,-0.79607,-0.01069,0.04324,0.06985,0.76593,0.03254,
1703614242493236224,-0.51697,13.31567,0.61293,0.60270,-0.79680,-0.00833,0.04240,-0.01943,0.74037,0.01999,
1703614242626661888,-0.52382,13.41798,0.61211,0.60152,-0.79771,-0.00958,0.04162,-0.09341,0.74767,0.02555,
1703614242826797824,-0.54676,13.56335,0.62407,0.60456,-0.79533,-0.01373,0.04210,-0.08443,0.79420,-0.00741,
1703614242960221184,-0.54918,13.66871,0.62216,0.60232,-0.79722,-0.01190,0.03878,0.03994,0.75565,-0.00023,
1703614243093644288,-0.54579,13.76425,0.62695,0.60288,-0.79691,-0.00847,0.03737,-0.02560,0.73364,0.03177,
1703614243227067136,-0.54863,13.86038,0.63205,0.60370,-0.79621,-0.00961,0.03890,-0.00734,0.73054,0.03388,
1703614243360489984,-0.54603,13.95839,0.63199,0.60234,-0.79728,-0.00939,0.03794,0.06719,0.71859,-0.00584,
1703614243493912576,-0.54060,14.05554,0.62947,0.60020,-0.79892,-0.00646,0.03808,-0.01357,0.68380,0.02641,
1703614243627328512,-0.54791,14.14601,0.63419,0.59969,-0.79923,-0.00747,0.03930,-0.08379,0.65523,0.03888,
1703614243760742656,-0.56103,14.23011,0.64416,0.60188,-0.79759,-0.01017,0.03858,-0.09356,0.62209,0.09376,
1703614243894156544,-0.57415,14.31793,0.65562,0.60498,-0.79532,-0.01031,0.03683,-0.16351,0.72657,-0.00202,
1703614244027569408,-0.59618,14.41535,0.65744,0.60445,-0.79558,-0.01291,0.03918,-0.20704,0.71716,0.04443,
1703614244160982272,-0.62391,14.50587,0.66057,0.60379,-0.79566,-0.01912,0.04466,-0.13785,0.64039,0.02625,
1703614244294394368,-0.63109,14.58742,0.66664,0.60413,-0.79528,-0.01987,0.04640,0.09568,0.62768,0.01441,
1703614244427806208,-0.61671,14.68013,0.66557,0.60314,-0.79640,-0.01428,0.04203,0.09404,0.74043,-0.04095,
1703614244561229056,-0.62118,14.78066,0.66750,0.60261,-0.79672,-0.01319,0.04386,-0.15762,0.74466,0.06301,
1703614244694670848,-0.64440,14.88096,0.67466,0.60192,-0.79686,-0.01907,0.04851,-0.14916,0.68656,0.09231,
1703614244828112896,-0.65268,14.97660,0.67981,0.60231,-0.79635,-0.01969,0.05152,-0.00560,0.78441,-0.03076,
1703614244961554944,-0.64309,15.08197,0.67803,0.60183,-0.79732,-0.01504,0.04309,0.04311,0.82071,-0.01965,
1703614245094997248,-0.64645,15.18877,0.67865,0.60040,-0.79861,-0.01328,0.03971,-0.12221,0.78339,0.04335,
1703614245228439552,-0.66510,15.29683,0.68105,0.60093,-0.79810,-0.01720,0.04032,-0.10736,0.80132,0.06396,
1703614245361881856,-0.67496,15.40758,0.68457,0.60098,-0.79786,-0.01904,0.04330,-0.04411,0.84871,-0.01024,
1703614245495324672,-0.66953,15.52108,0.68855,0.60008,-0.79859,-0.01720,0.04321,0.09215,0.83658,0.03739,
1703614245628745472,-0.66330,15.63381,0.69088,0.60107,-0.79796,-0.01468,0.04186,0.05517,0.88625,0.00797,
1703614245762162944,-0.66416,15.75627,0.68995,0.59900,-0.79964,-0.01387,0.03978,-0.01695,0.87002,0.05419,
1703614245895579392,-0.67198,15.86943,0.69767,0.59964,-0.79928,-0.01330,0.03751,-0.11391,0.87867,0.01518,
1703614246028995328,-0.68928,15.98489,0.70158,0.59938,-0.79952,-0.01508,0.03575,-0.10179,0.85948,0.06316,
1703614246162411264,-0.70141,16.10392,0.70469,0.59914,-0.79964,-0.01572,0.03689,-0.05429,0.95487,-0.04631,
1703614246295826176,-0.71281,16.21945,0.70799,0.59660,-0.80136,-0.01853,0.03929,-0.03099,0.80894,0.06214,
1703614246429240832,-0.70576,16.33398,0.71253,0.59909,-0.79960,-0.01593,0.03833,0.06581,0.91571,0.02195,
1703614246562658048,-0.69556,16.45733,0.72101,0.60040,-0.79884,-0.01090,0.03544,-0.00999,0.97085,-0.06327,
1703614246762786560,-0.71893,16.64736,0.71721,0.59790,-0.80054,-0.01436,0.03806,-0.09946,0.93815,0.05929,
1703614246896205312,-0.72147,16.77177,0.72357,0.59924,-0.79967,-0.01593,0.03450,0.03271,0.97805,-0.02628,
1703614247029623296,-0.71052,16.90079,0.72542,0.59862,-0.80037,-0.01238,0.03024,0.08342,0.96692,0.03635,
1703614247163041024,-0.70818,17.03065,0.72670,0.59844,-0.80056,-0.01006,0.02959,-0.03241,0.94928,0.03230,
1703614247363166720,-0.72679,17.22946,0.73323,0.59878,-0.80015,-0.01436,0.03182,-0.05906,0.98555,0.03818,
1703614247496583424,-0.73218,17.36100,0.73984,0.60032,-0.79902,-0.01411,0.03156,-0.02827,0.99468,0.01946,
1703614247630002688,-0.73303,17.49605,0.73735,0.59719,-0.80152,-0.01182,0.02807,0.00254,0.96326,0.01566,
1703614247763418368,-0.73936,17.62504,0.74347,0.59847,-0.80061,-0.01259,0.02645,-0.06636,0.97946,0.00611,
1703614248030248448,-0.74020,17.88281,0.75033,0.59773,-0.80125,-0.01297,0.02342,0.17682,0.95651,0.01813,
1703614248163662336,-0.72283,18.00305,0.76037,0.59941,-0.80010,-0.00752,0.02219,0.08862,0.96826,-0.09934,
1703614248297075712,-0.70341,18.13331,0.74968,0.59607,-0.80276,-0.00475,0.01587,0.20046,0.95281,-0.00009,
1703614248430488576,-0.67928,18.26250,0.74436,0.59448,-0.80395,0.00214,0.01570,0.08835,0.94055,0.00933,
1703614248563903232,-0.66707,18.38972,0.74715,0.59480,-0.80368,0.00341,0.01740,0.09645,1.01439,-0.03117,
1703614248697323008,-0.65184,18.51274,0.76053,0.59778,-0.80148,0.00638,0.01571,0.09809,0.96039,0.03646,
1703614248830742272,-0.65373,18.64226,0.76231,0.59689,-0.80218,0.00640,0.01378,-0.10894,0.92682,0.06805,
1703614248964161536,-0.66993,18.76758,0.76948,0.59870,-0.80084,0.00273,0.01404,-0.13453,1.00701,0.00363,
1703614249097580288,-0.68547,18.89510,0.77653,0.59965,-0.80012,-0.00101,0.01473,-0.08396,0.97062,0.02238,
1703614249230998528,-0.70208,19.02650,0.78030,0.59903,-0.80052,-0.00456,0.01756,-0.13859,0.96055,0.07796,
1703614249364416256,-0.71338,19.14917,0.79330,0.60117,-0.79889,-0.00696,0.01782,-0.07971,0.86684,0.07389,
1703614249497833728,-0.72367,19.27244,0.79992,0.60214,-0.79810,-0.00761,0.02044,-0.17729,0.93162,-0.02947,
1703614249631267840,-0.73771,19.40038,0.79771,0.60062,-0.79906,-0.01124,0.02519,-0.05842,0.98511,0.00562,
1703614249764706304,-0.73822,19.52788,0.80043,0.59969,-0.79984,-0.01037,0.02298,-0.01072,0.98849,-0.02691,
1703614249898145024,-0.75145,19.64588,0.80832,0.60009,-0.79946,-0.00994,0.02563,-0.17791,0.81145,0.14042,
1703614250031583488,-0.76347,19.75868,0.82409,0.60279,-0.79746,-0.01233,0.02363,-0.07038,0.84457,0.11283,
1703614250165022464,-0.76758,19.87863,0.82144,0.60232,-0.79789,-0.01160,0.02094,0.01587,0.98065,-0.14398,
1703614250298461184,-0.76097,19.99652,0.82830,0.60237,-0.79782,-0.00889,0.02378,0.03674,0.81758,0.11865,
1703614250431900160,-0.75200,20.11251,0.82893,0.60018,-0.79949,-0.00806,0.02314,0.08647,0.83825,-0.01972,
1703614250565335808,-0.74466,20.22229,0.82912,0.59977,-0.79988,-0.00533,0.02077,0.03522,0.80182,0.07817,
1703614250698761728,-0.75209,20.33105,0.83768,0.60075,-0.79917,-0.00446,0.02003,-0.19351,0.79169,0.08754,
1703614250832187392,-0.77602,20.43314,0.85309,0.60402,-0.79661,-0.00930,0.02199,-0.17420,0.84441,-0.03053,
1703614250965613312,-0.78552,20.54611,0.85287,0.60327,-0.79710,-0.01008,0.02449,-0.01004,0.87691,0.01138,
1703614251099038720,-0.77891,20.65947,0.85666,0.60303,-0.79731,-0.00759,0.02429,0.06097,0.84270,0.04360,
1703614251232463616,-0.77261,20.77355,0.85775,0.60140,-0.79869,-0.00500,0.01974,-0.01211,0.84337,0.01557,
1703614251365888256,-0.78460,20.88653,0.86054,0.60164,-0.79850,-0.00609,0.01958,-0.16297,0.85513,0.03586,
1703614251499312896,-0.80274,21.00220,0.86794,0.60283,-0.79750,-0.00952,0.02244,-0.07169,0.85347,0.09509,
1703614251632736512,-0.80568,21.12070,0.87634,0.60405,-0.79659,-0.00960,0.02179,0.00223,0.93369,-0.01244,
1703614251766159360,-0.80368,21.24814,0.87561,0.60292,-0.79752,-0.00725,0.01995,-0.08649,0.94449,0.05570,
1703614251899581696,-0.82304,21.37026,0.87957,0.60093,-0.79884,-0.01144,0.02460,-0.24348,0.91090,-0.02310,
1703614252033004032,-0.84574,21.47779,0.88422,0.60174,-0.79804,-0.01858,0.02633,-0.03979,0.79757,0.05457,
1703614252166426112,-0.84945,21.59093,0.88735,0.60335,-0.79685,-0.01688,0.02688,-0.08666,0.94236,-0.07140,
1703614252299848192,-0.85541,21.71256,0.88393,0.60031,-0.79917,-0.01650,0.02605,-0.06507,0.88146,0.05009,
1703614252433270016,-0.85573,21.82636,0.89381,0.60244,-0.79761,-0.01529,0.02532,-0.01247,0.91542,-0.01963,
1703614252566690560,-0.85522,21.94919,0.89422,0.60132,-0.79852,-0.01406,0.02420,0.06800,0.88730,0.09101,
1703614252700107008,-0.85607,22.06518,0.90444,0.60090,-0.79887,-0.01260,0.02387,0.00718,0.84546,0.04695,
1703614252833523456,-0.85064,22.18726,0.90292,0.60096,-0.79885,-0.01012,0.02435,0.04640,0.94131,0.04984,
1703614252966939136,-0.85411,22.31078,0.90762,0.60109,-0.79868,-0.01091,0.02629,-0.08249,0.89106,0.05902,
1703614253100354560,-0.86002,22.43626,0.90917,0.60119,-0.79866,-0.01184,0.02389,-0.04594,1.00341,-0.04565,
1703614253233768960,-0.86964,22.56448,0.91338,0.60086,-0.79893,-0.01117,0.02330,-0.11899,0.92629,0.07374,
1703614253367183360,-0.87815,22.69113,0.91879,0.60071,-0.79901,-0.01257,0.02393,-0.08170,0.96267,0.01434,
1703614253500597248,-0.87549,22.81523,0.92719,0.60214,-0.79789,-0.01192,0.02567,0.06525,0.87655,0.11767,
1703614253634050560,-0.86618,22.94341,0.92611,0.60196,-0.79816,-0.00917,0.02211,0.06320,1.06357,-0.11386,
1703614253767517952,-0.86837,23.07271,0.92845,0.60149,-0.79860,-0.00756,0.01981,-0.07857,0.94125,0.03670,
1703614253900987648,-0.89156,23.20287,0.93267,0.60040,-0.79934,-0.01176,0.02091,-0.23385,0.87779,0.12776,
1703614254034458880,-0.91683,23.32990,0.94332,0.60229,-0.79778,-0.01784,0.02151,-0.14452,0.95793,0.05208,
1703614254167932416,-0.93761,23.46018,0.94304,0.60054,-0.79894,-0.02057,0.02514,-0.11484,0.91900,0.06862,
1703614254301408256,-0.95021,23.58774,0.95264,0.60143,-0.79814,-0.02208,0.02770,-0.03681,0.97904,-0.01353,
1703614254501625600,-0.93608,23.77569,0.95556,0.60067,-0.79885,-0.01863,0.02616,0.08284,0.95779,0.00165,
1703614254635063808,-0.93444,23.90232,0.96252,0.60123,-0.79851,-0.01697,0.02479,-0.00186,0.92144,0.08289,
1703614254768489472,-0.94152,24.03247,0.96338,0.59990,-0.79951,-0.01651,0.02499,-0.10949,0.91793,0.07178,
1703614254901915136,-0.94948,24.15774,0.97096,0.60086,-0.79881,-0.01744,0.02368,-0.09526,0.96749,-0.03049,
1703614255035340288,-0.95284,24.28500,0.97151,0.60005,-0.79941,-0.01640,0.02488,-0.00720,0.95582,0.03663,
1703614255168765184,-0.95335,24.40946,0.97878,0.60025,-0.79934,-0.01602,0.02242,-0.00897,0.89932,0.03479,
1703614255302190592,-0.95968,24.53190,0.98095,0.59982,-0.79965,-0.01734,0.02208,-0.09594,0.92140,-0.01316,
1703614255435614976,-0.97424,24.65711,0.98217,0.59982,-0.79958,-0.01815,0.02356,-0.15720,0.92270,0.03812,
1703614255569040128,-0.98914,24.77943,0.98903,0.60090,-0.79874,-0.01973,0.02324,-0.07644,0.97658,0.00807,
1703614255702465280,-0.99311,24.90092,0.99488,0.60125,-0.79851,-0.01938,0.02247,-0.01923,0.94460,-0.01980,
1703614255835890432,-0.99208,25.02128,0.99749,0.60103,-0.79877,-0.01814,0.01989,0.03925,0.86530,0.07789,
1703614255969316096,-0.99509,25.14036,1.00254,0.60002,-0.79953,-0.01761,0.02044,-0.07560,0.85839,0.04317,
1703614256102740736,-1.00266,25.25477,1.00757,0.60081,-0.79891,-0.01861,0.02068,-0.06230,0.83696,0.05641,
1703614256236165632,-1.01143,25.37464,1.00840,0.60009,-0.79949,-0.01855,0.01924,-0.08405,0.86356,0.01651,
1703614256369590016,-1.01927,25.49346,1.01165,0.60061,-0.79908,-0.01811,0.02051,-0.05127,0.89582,0.01154,
1703614256503014400,-1.02092,25.60687,1.02203,0.60186,-0.79812,-0.01831,0.02081,0.02659,0.83236,0.04671,
1703614256636440320,-1.02073,25.72428,1.02236,0.60056,-0.79911,-0.01717,0.02140,-0.01432,0.82859,0.01912,
1703614256769866240,-1.02530,25.83439,1.02504,0.60191,-0.79809,-0.01675,0.02194,-0.10191,0.86812,-0.01962,
1703614256903292160,-1.02922,25.94610,1.02768,0.60153,-0.79832,-0.01730,0.02339,0.03171,0.81159,0.03805,
1703614257036718336,-1.02046,26.05440,1.03080,0.60182,-0.79829,-0.01518,0.01805,0.08092,0.80667,-0.02047,
1703614257170144000,-1.01421,26.16002,1.02926,0.60158,-0.79862,-0.01058,0.01415,-0.09383,0.77304,0.01231,
1703614257303569664,-1.03763,26.26656,1.03244,0.60117,-0.79883,-0.01470,0.01551,-0.19958,0.74003,0.06047,
1703614257436995072,-1.05488,26.37232,1.03180,0.60042,-0.79915,-0.01956,0.02149,-0.02067,0.77703,-0.00668,
1703614257570421248,-1.04487,26.47493,1.03484,0.59967,-0.79972,-0.01759,0.02306,0.16777,0.76675,-0.00021,
1703614257703849216,-1.03037,26.57706,1.03611,0.59936,-0.80010,-0.01302,0.02102,0.00601,0.76390,-0.00855,
1703614257837277440,-1.04104,26.67941,1.03855,0.59891,-0.80039,-0.01390,0.02219,-0.17140,0.75364,0.03312,
1703614257970705152,-1.05487,26.77852,1.04230,0.59912,-0.80019,-0.01657,0.02198,-0.07457,0.74929,0.02681,
1703614258104133632,-1.05721,26.88024,1.04540,0.59912,-0.80023,-0.01585,0.02086,-0.00353,0.75665,-0.00297,
1703614258237561344,-1.05529,26.98103,1.04978,0.60020,-0.79946,-0.01494,0.02031,0.01129,0.77328,0.02233,
1703614258370989568,-1.05675,27.08875,1.04816,0.59917,-0.80023,-0.01505,0.02021,-0.00393,0.79755,0.02513,
1703614258504417536,-1.05541,27.19520,1.05327,0.59955,-0.79991,-0.01431,0.02186,0.00578,0.82662,-0.00192,
1703614258637843968,-1.05889,27.30511,1.05334,0.59831,-0.80081,-0.01445,0.02295,-0.07656,0.84731,-0.06351,
1703614258771269120,-1.06195,27.41837,1.05060,0.59740,-0.80154,-0.01430,0.02094,-0.00422,0.90846,-0.07583,
1703614258904694272,-1.05905,27.53194,1.05631,0.59786,-0.80127,-0.01184,0.01964,-0.00325,0.85766,0.02028,
1703614259038119424,-1.05933,27.64861,1.05767,0.59728,-0.80168,-0.01215,0.02036,-0.03354,0.85170,0.03017,
1703614259238256896,-1.06335,27.82252,1.06752,0.59810,-0.80110,-0.01168,0.01936,-0.03266,0.83270,0.09928,
1703614259371681536,-1.06556,27.93733,1.07461,0.59942,-0.80019,-0.01090,0.01646,-0.01793,0.92676,-0.07418,
1703614259505105920,-1.07389,28.05798,1.07456,0.59808,-0.80108,-0.01203,0.02073,-0.10352,0.87193,0.08532,
1703614259638527744,-1.08156,28.17222,1.07951,0.59890,-0.80041,-0.01460,0.02141,-0.05669,0.87779,-0.02607,
1703614259771947520,-1.08553,28.29386,1.07443,0.59683,-0.80193,-0.01356,0.02253,-0.05922,0.92584,-0.03203,
1703614259905366784,-1.08989,28.41687,1.07292,0.59614,-0.80243,-0.01318,0.02337,-0.01855,0.92501,0.02981,
1703614260038786048,-1.08244,28.53543,1.08155,0.59664,-0.80215,-0.01093,0.02145,0.04593,0.85811,0.05784,
1703614260172204544,-1.08189,28.65779,1.08584,0.59677,-0.80205,-0.00952,0.02219,-0.04729,0.93810,-0.00496,
1703614260305622784,-1.08660,28.78642,1.08342,0.59559,-0.80290,-0.01066,0.02232,-0.02834,0.95055,0.01879,
1703614260439040768,-1.08759,28.90745,1.09659,0.59769,-0.80134,-0.00997,0.02293,-0.01987,0.92658,0.06072,
1703614260572462080,-1.09003,29.03358,1.09825,0.59834,-0.80089,-0.00993,0.02146,0.00615,0.99589,-0.03161,
1703614260705899776,-1.08658,29.16004,1.10845,0.59925,-0.80018,-0.00860,0.02315,0.01783,0.89566,0.11296,
1703614260839337472,-1.08559,29.28534,1.11250,0.59979,-0.79977,-0.00803,0.02351,-0.06587,0.92305,0.07558,
1703614260972775680,-1.09647,29.41120,1.11663,0.59968,-0.79982,-0.00912,0.02441,-0.08227,0.98920,-0.08099,
1703614261106214400,-1.10622,29.54085,1.11520,0.59781,-0.80125,-0.01079,0.02246,-0.08043,0.90292,0.12550,
1703614261239653632,-1.11804,29.66414,1.12495,0.59996,-0.79964,-0.01201,0.02197,-0.17376,0.93930,0.00239,
1703614261373093376,-1.14307,29.79287,1.12161,0.59808,-0.80095,-0.01608,0.02266,-0.15917,0.96948,-0.01372,
1703614261506533120,-1.15728,29.91656,1.13011,0.59936,-0.79988,-0.01770,0.02535,0.01379,0.88385,0.13902,
1703614261639961344,-1.14981,30.03970,1.13674,0.60063,-0.79896,-0.01608,0.02550,0.08471,0.94803,-0.00763,
1703614261773383424,-1.14556,30.16828,1.13548,0.59891,-0.80033,-0.01364,0.02436,-0.04994,0.94601,-0.01415,
1703614261906805504,-1.16628,30.29661,1.13285,0.59765,-0.80116,-0.01550,0.02686,-0.25390,0.95650,-0.00760,
1703614262040226816,-1.19154,30.41967,1.14352,0.59930,-0.79971,-0.02017,0.03003,-0.11692,0.89571,0.10236,
1703614262173648640,-1.20398,30.54368,1.14776,0.59900,-0.79988,-0.02146,0.03040,-0.06575,0.94199,-0.04264,
1703614262307069696,-1.21151,30.66045,1.15680,0.60020,-0.79888,-0.02030,0.03381,-0.08463,0.86837,0.04783,
1703614262440490752,-1.22352,30.78079,1.15171,0.59755,-0.80073,-0.02213,0.03562,-0.08964,0.86237,0.00217,
1703614262573912576,-1.23597,30.89795,1.14990,0.59587,-0.80184,-0.02342,0.03791,-0.08874,0.86663,-0.00287,
1703614262707339776,-1.24860,31.01433,1.14823,0.59485,-0.80256,-0.02369,0.03846,-0.10099,0.83948,0.02163,
1703614262840767232,-1.25937,31.12483,1.15486,0.59632,-0.80141,-0.02447,0.03928,-0.09456,0.83946,0.03493,
1703614263040907520,-1.26944,31.28889,1.15543,0.59523,-0.80252,-0.02336,0.03352,-0.09416,0.80238,-0.01117,
1703614263174334464,-1.28609,31.39328,1.15673,0.59610,-0.80186,-0.02449,0.03288,-0.16749,0.78145,0.03924,
1703614263307761152,-1.30447,31.50257,1.15672,0.59506,-0.80233,-0.02804,0.03715,-0.05510,0.81192,-0.00188,
1703614263441188096,-1.30200,31.60671,1.15753,0.59384,-0.80322,-0.02743,0.03791,0.11371,0.74649,0.02662,
1703614263574614784,-1.28334,31.70464,1.16641,0.59520,-0.80256,-0.02105,0.03447,0.13049,0.70810,0.06176,
1703614263708041728,-1.27646,31.81240,1.16060,0.59392,-0.80378,-0.01698,0.03035,-0.05063,0.84111,-0.08201,
1703614263841468928,-1.28748,31.92133,1.16391,0.59472,-0.80313,-0.01890,0.03048,-0.08827,0.78482,0.04393,
1703614263974895360,-1.29847,32.03083,1.16541,0.59419,-0.80339,-0.02240,0.03158,-0.05276,0.82470,-0.01030,
1703614264108322304,-1.29719,32.13874,1.16737,0.59380,-0.80378,-0.01982,0.03075,0.00149,0.79626,0.01852,
1703614264241748736,-1.29750,32.24973,1.16571,0.59241,-0.80504,-0.01685,0.02591,-0.04885,0.81325,-0.00349,
1703614264375175168,-1.30597,32.35536,1.17310,0.59406,-0.80378,-0.01749,0.02678,-0.07619,0.80532,0.01465,
1703614264508601856,-1.31279,32.46825,1.16980,0.59318,-0.80437,-0.01917,0.02772,-0.00322,0.80865,0.04132,
1703614264642021376,-1.31035,32.58168,1.17391,0.59456,-0.80339,-0.01766,0.02754,0.00922,0.83525,0.04349,
1703614264775437568,-1.31259,32.69900,1.17398,0.59422,-0.80369,-0.01679,0.02647,-0.02320,0.88073,-0.02603,
1703614264908852992,-1.31859,32.81398,1.17488,0.59397,-0.80387,-0.01672,0.02662,-0.05128,0.85109,0.03588,
1703614265042268160,-1.32603,32.92805,1.17475,0.59421,-0.80374,-0.01714,0.02488,-0.04786,0.86354,0.00080,
1703614265175682816,-1.33376,33.04047,1.17966,0.59483,-0.80337,-0.01592,0.02260,-0.07480,0.81652,0.06108,
1703614265309096960,-1.34670,33.15387,1.18257,0.59589,-0.80256,-0.01644,0.02353,-0.17137,0.87522,0.00325,
1703614265442511360,-1.35870,33.26661,1.18703,0.59623,-0.80215,-0.01987,0.02593,-0.03204,0.85347,0.00815,
1703614265575929088,-1.35519,33.37700,1.18842,0.59546,-0.80271,-0.01907,0.02686,0.08543,0.81510,0.02634,
1703614265709368832,-1.34699,33.49039,1.18940,0.59679,-0.80192,-0.01491,0.02339,0.01847,0.88919,0.00163,
1703614265842808832,-1.35583,33.60937,1.18976,0.59606,-0.80249,-0.01454,0.02235,-0.13431,0.87863,0.01319,
1703614265976249344,-1.37271,33.72623,1.19380,0.59585,-0.80257,-0.01750,0.02319,-0.12683,0.89647,0.01025,
1703614266109690368,-1.37706,33.84317,1.19640,0.59646,-0.80205,-0.01836,0.02488,0.06835,0.86871,0.06625,
1703614266243131904,-1.36480,33.96140,1.20167,0.59702,-0.80178,-0.01457,0.02262,0.05148,0.86891,0.01129,
1703614266376573952,-1.37203,34.07928,1.20881,0.59830,-0.80078,-0.01486,0.02396,-0.16077,0.87564,0.02843,
1703614266510016768,-1.39843,34.20108,1.21289,0.59778,-0.80101,-0.01973,0.02564,-0.21349,0.87775,0.04559,
1703614266643453952,-1.41699,34.32068,1.21639,0.59792,-0.80078,-0.02262,0.02711,-0.05840,0.89142,0.06104,
1703614266776889600,-1.41437,34.44000,1.22178,0.59812,-0.80083,-0.02044,0.02259,0.05559,0.88071,-0.00333,
1703614266910325504,-1.41541,34.55994,1.22769,0.59838,-0.80071,-0.01765,0.02242,-0.08477,0.90973,0.02832,
1703614267043761408,-1.42398,34.67713,1.23559,0.59907,-0.80016,-0.01906,0.02208,-0.02267,0.88105,0.03029,
1703614267177197568,-1.42467,34.79450,1.23937,0.59909,-0.80009,-0.01777,0.02507,-0.04323,0.82791,0.06963,
1703614267310634496,-1.42587,34.90826,1.24611,0.60025,-0.79922,-0.01828,0.02489,0.07524,0.85582,0.03805,
1703614267444071168,-1.41687,35.02732,1.24652,0.59906,-0.80031,-0.01515,0.02022,0.08096,0.79537,0.09184,
1703614267577507328,-1.42252,35.13807,1.25722,0.60148,-0.79852,-0.01418,0.01966,-0.18787,0.91752,-0.03861,
1703614267710939136,-1.44617,35.25454,1.25904,0.60144,-0.79842,-0.01872,0.02125,-0.14627,0.86642,0.06507,
1703614267844371200,-1.44972,35.36939,1.26611,0.60132,-0.79847,-0.01885,0.02243,0.04492,0.82258,0.06817,
1703614267977803008,-1.43934,35.48561,1.27032,0.60155,-0.79837,-0.01668,0.02186,0.05052,0.89147,-0.02748,
1703614268111234816,-1.43581,35.60312,1.26888,0.60048,-0.79926,-0.01491,0.01973,-0.03840,0.85432,0.03132,
1703614268244667136,-1.45140,35.71838,1.27327,0.60045,-0.79928,-0.01613,0.01879,-0.20292,0.85307,0.04071,
1703614268378099200,-1.47442,35.82798,1.28145,0.60037,-0.79930,-0.01869,0.01813,-0.17363,0.75203,0.10648,
1703614268511531520,-1.49508,35.93317,1.28891,0.60258,-0.79741,-0.02194,0.02357,-0.15721,0.88705,-0.04945,
1703614268644962048,-1.48971,36.04430,1.29172,0.60103,-0.79869,-0.02040,0.02099,0.14786,0.79527,0.05585,
1703614268778392320,-1.48532,36.15188,1.29538,0.60174,-0.79825,-0.01663,0.02080,-0.06730,0.77586,0.07082,
1703614268978537216,-1.51420,36.30371,1.30275,0.60182,-0.79800,-0.02289,0.02214,-0.15193,0.76653,0.01657,
1703614269111967232,-1.52409,36.40963,1.30069,0.60140,-0.79824,-0.02363,0.02387,0.06165,0.84046,-0.00133,
1703614269245397504,-1.51406,36.51820,1.29970,0.59940,-0.79982,-0.01974,0.02502,0.13648,0.76094,0.04563,
1703614269378827520,-1.49681,36.62659,1.30377,0.60040,-0.79925,-0.01593,0.02161,0.11070,0.90633,-0.04538,
1703614269512257536,-1.49183,36.73257,1.30669,0.59931,-0.80021,-0.01355,0.01773,-0.04487,0.74216,0.04643,
1703614269645686784,-1.50892,36.83258,1.31345,0.60055,-0.79922,-0.01480,0.01908,-0.20729,0.81596,-0.02642,
1703614269779115776,-1.53455,36.93766,1.31208,0.59988,-0.79950,-0.01985,0.02362,-0.11347,0.80757,0.00067,
1703614269912544512,-1.53100,37.04407,1.31388,0.59881,-0.80026,-0.01957,0.02504,0.16160,0.76383,0.02965,
1703614270045972992,-1.51263,37.14974,1.31582,0.59926,-0.80012,-0.01469,0.02201,0.07719,0.81922,-0.00696,
1703614270179401984,-1.51245,37.26118,1.31760,0.59933,-0.80016,-0.01235,0.01965,-0.12502,0.81006,0.07256,
1703614270312830464,-1.53504,37.37056,1.32470,0.60032,-0.79938,-0.01609,0.01850,-0.19431,0.87570,-0.01589,
1703614270446259200,-1.55443,37.48223,1.32925,0.59963,-0.79980,-0.01966,0.01925,-0.06356,0.78132,0.10652,
1703614270579688192,-1.55272,37.59593,1.33066,0.59923,-0.80013,-0.01907,0.01903,0.07088,0.87578,-0.01104,
1703614270713114880,-1.54395,37.71220,1.33212,0.59935,-0.80011,-0.01668,0.01833,0.04648,0.88274,0.00588,
1703614270846541568,-1.54508,37.83093,1.33349,0.59847,-0.80086,-0.01550,0.01452,-0.08441,0.86285,0.04543,
1703614270979968768,-1.56354,37.94190,1.34179,0.59920,-0.80031,-0.01737,0.01276,-0.19990,0.81769,0.06076,
1703614271113395456,-1.58467,38.05827,1.34163,0.59940,-0.80004,-0.02115,0.01422,-0.09886,0.90470,-0.02688,
1703614271246822400,-1.57826,38.17838,1.34451,0.59966,-0.79983,-0.02051,0.01600,0.14714,0.90460,0.00708,
1703614271380249088,-1.55805,38.30028,1.34783,0.59982,-0.79981,-0.01624,0.01611,0.10967,0.92181,0.00480,
1703614271513675776,-1.54931,38.42276,1.35278,0.59930,-0.80034,-0.01261,0.01145,-0.00431,0.89260,0.05990,
1703614271647101952,-1.55688,38.54310,1.35811,0.59975,-0.80003,-0.01208,0.00989,-0.16812,0.87858,0.05182,
1703614271780527360,-1.57721,38.66307,1.36151,0.59960,-0.80000,-0.01656,0.01463,-0.09304,0.91207,0.01342,
1703614271913952768,-1.58192,38.78101,1.36675,0.60012,-0.79954,-0.01860,0.01558,0.08991,0.87948,0.05348,
1703614272114091008,-1.56515,38.96180,1.37133,0.59972,-0.80005,-0.01161,0.01125,0.06026,0.89638,0.03685,
1703614272247516160,-1.56152,39.07933,1.37758,0.60002,-0.79988,-0.00938,0.00880,-0.08264,0.86231,0.01598,
1703614272380941056,-1.57401,39.19572,1.38081,0.60022,-0.79968,-0.01294,0.00871,-0.08896,0.89444,-0.00049,
1703614272514366208,-1.58665,39.31299,1.38632,0.60078,-0.79922,-0.01505,0.00951,-0.06710,0.86804,0.05496,
1703614272647791104,-1.58994,39.42861,1.39357,0.60179,-0.79848,-0.01411,0.00948,-0.01828,0.87655,0.03539,
1703614272781216256,-1.59239,39.54340,1.40071,0.60192,-0.79842,-0.01334,0.00622,-0.07596,0.83766,0.01797,
1703614272914641152,-1.59709,39.65409,1.40651,0.60332,-0.79738,-0.01260,0.00552,-0.06899,0.88324,-0.02513,
1703614273048065792,-1.60897,39.77158,1.40678,0.60317,-0.79744,-0.01495,0.00747,-0.06725,0.90282,0.00369,
1703614273181490688,-1.60718,39.88656,1.41546,0.60372,-0.79702,-0.01493,0.00764,0.04907,0.83149,0.05328,
1703614273314915072,-1.59942,39.99932,1.42193,0.60476,-0.79627,-0.01265,0.00788,0.04660,0.86395,-0.00292,
1703614273448339712,-1.59362,40.11235,1.42592,0.60414,-0.79677,-0.01096,0.00659,0.02842,0.85637,-0.01359,
1703614273581764096,-1.58626,40.22140,1.43231,0.60493,-0.79622,-0.00804,0.00458,0.00841,0.81399,0.04652,
1703614273715188480,-1.59131,40.32824,1.43879,0.60604,-0.79537,-0.00939,0.00463,-0.07820,0.82109,0.01058,
1703614273848612608,-1.59717,40.43742,1.44431,0.60664,-0.79488,-0.01098,0.00606,-0.03854,0.83537,0.01240,
1703614273982036480,-1.59409,40.54726,1.44771,0.60612,-0.79528,-0.01039,0.00647,0.02774,0.83046,0.00450,
1703614274115460352,-1.58991,40.65341,1.45295,0.60637,-0.79510,-0.00946,0.00674,0.03520,0.81063,0.01339,
1703614274248884224,-1.58448,40.75710,1.45936,0.60740,-0.79434,-0.00823,0.00525,0.02729,0.81193,0.01186,
1703614274382307840,-1.57401,40.86507,1.46197,0.60719,-0.79454,-0.00523,0.00306,0.05591,0.82829,0.01383,
1703614274515731456,-1.57103,40.97732,1.46287,0.60589,-0.79552,-0.00455,0.00386,-0.02263,0.81926,0.04877,
1703614274649154816,-1.57447,41.08631,1.46728,0.60545,-0.79584,-0.00588,0.00506,-0.03120,0.82890,0.02540,
1703614274782577920,-1.57459,41.19318,1.47220,0.60600,-0.79543,-0.00565,0.00488,0.01899,0.82579,0.01943,
1703614274916000768,-1.57520,41.30219,1.48030,0.60660,-0.79498,-0.00491,0.00455,-0.01854,0.78708,0.09511,
1703614275049423360,-1.57697,41.41229,1.48802,0.60758,-0.79422,-0.00546,0.00436,0.04148,0.83502,0.00383,
1703614275182845952,-1.56825,41.52795,1.48817,0.60614,-0.79534,-0.00356,0.00329,0.05888,0.84819,0.02835,
1703614275316268544,-1.56726,41.63866,1.49409,0.60705,-0.79465,-0.00305,0.00359,-0.08460,0.84985,0.02251,
1703614275449690880,-1.57546,41.75416,1.49492,0.60646,-0.79508,-0.00561,0.00488,-0.05668,0.92076,-0.07134,
1703614275649824256,-1.57541,41.92941,1.49869,0.60568,-0.79568,-0.00552,0.00511,0.03531,0.89386,-0.00111,
1703614275783245824,-1.57446,42.04758,1.50458,0.60544,-0.79586,-0.00491,0.00487,-0.02519,0.88449,0.03151,
1703614275916667392,-1.57683,42.16625,1.50952,0.60529,-0.79597,-0.00526,0.00533,-0.00759,0.87997,0.06575,
1703614276050088960,-1.57563,42.28536,1.51715,0.60571,-0.79564,-0.00472,0.00770,0.01816,0.88923,0.04295,
1703614276183510016,-1.56929,42.40507,1.52467,0.60655,-0.79498,-0.00389,0.00944,-0.01486,0.91407,0.03018,
1703614276316931072,-1.57083,42.52888,1.52805,0.60680,-0.79480,-0.00487,0.00750,-0.07787,0.92552,0.05659,
1703614276450351616,-1.58580,42.65657,1.53212,0.60632,-0.79516,-0.00685,0.00719,-0.13495,0.97142,0.04219,
1703614276583772672,-1.60177,42.78228,1.53811,0.60659,-0.79490,-0.01020,0.00886,-0.05627,0.95789,0.02961,
1703614276717195264,-1.60005,42.90749,1.54570,0.60643,-0.79500,-0.01030,0.01082,0.09467,0.94537,0.03106,
1703614276850617856,-1.59111,43.03502,1.54470,0.60519,-0.79593,-0.00859,0.01301,0.05924,0.95623,-0.00715,
1703614276984040192,-1.59110,43.16114,1.55095,0.60550,-0.79571,-0.00808,0.01261,-0.02989,0.92024,0.08717,
1703614277117462272,-1.59993,43.28913,1.55663,0.60538,-0.79579,-0.00836,0.01229,-0.10562,0.96087,0.02402,
1703614277250884608,-1.61225,43.41562,1.56226,0.60608,-0.79522,-0.01050,0.01324,-0.07155,0.95418,0.06012,
1703614277384306688,-1.62162,43.54629,1.56528,0.60517,-0.79583,-0.01267,0.01616,-0.04603,0.97407,0.02345,
1703614277517728512,-1.62591,43.67507,1.57208,0.60522,-0.79573,-0.01368,0.01842,-0.01989,0.98202,0.01771,
1703614277651149056,-1.62953,43.80551,1.57806,0.60519,-0.79576,-0.01302,0.01854,-0.04057,0.96867,0.06455,
1703614277784568064,-1.63859,43.93571,1.58422,0.60498,-0.79592,-0.01321,0.01819,-0.08102,1.01571,-0.02404,
1703614277917987072,-1.65148,44.06542,1.58650,0.60430,-0.79638,-0.01552,0.01892,-0.08626,0.94380,0.06725,
1703614278051405568,-1.66124,44.19343,1.59422,0.60451,-0.79618,-0.01661,0.01965,-0.07728,0.96210,0.03730,
1703614278251533568,-1.67397,44.38368,1.60343,0.60495,-0.79585,-0.01624,0.01997,-0.08128,0.95922,0.03396,
1703614278451660288,-1.69651,44.56791,1.61405,0.60472,-0.79583,-0.02084,0.02308,-0.13507,0.88310,0.06201,
1703614278585078528,-1.70959,44.68596,1.62108,0.60574,-0.79488,-0.02234,0.02720,-0.11678,0.89775,0.02926,
1703614278785210112,-1.72380,44.86936,1.62021,0.60440,-0.79604,-0.02232,0.02292,0.03918,0.91177,0.02826,
1703614278918631168,-1.72183,44.99118,1.62687,0.60496,-0.79567,-0.01877,0.02394,-0.02830,0.94929,-0.00803,
1703614279052051968,-1.72376,45.11803,1.62341,0.60300,-0.79713,-0.01936,0.02446,0.00543,0.93100,0.01910,
1703614279185473024,-1.72192,45.24245,1.62740,0.60300,-0.79715,-0.01870,0.02425,-0.01207,0.93658,0.03955,
1703614279318893568,-1.72679,45.36368,1.63362,0.60312,-0.79707,-0.01768,0.02478,-0.11239,0.86577,0.08729,
1703614279452313856,-1.74520,45.48251,1.63451,0.60284,-0.79720,-0.02074,0.02497,-0.17792,0.96644,-0.08714,
1703614279585734656,-1.76015,45.60216,1.63707,0.60220,-0.79765,-0.02198,0.02499,-0.07574,0.89489,0.02753,
1703614279719158272,-1.77130,45.72409,1.63938,0.60192,-0.79786,-0.02279,0.02448,-0.11689,0.91335,0.02011,
1703614279852581632,-1.78531,45.84530,1.64284,0.60108,-0.79841,-0.02458,0.02517,-0.10410,0.89412,0.01971,
1703614279986005248,-1.79517,45.96654,1.64600,0.60039,-0.79886,-0.02555,0.02628,-0.02815,0.91019,0.01786,
1703614280119428864,-1.79581,46.08386,1.65359,0.60049,-0.79880,-0.02362,0.02770,0.04391,0.87765,0.05155,
1703614280252852224,-1.78771,46.20213,1.65795,0.59946,-0.79971,-0.02101,0.02592,0.08110,0.84709,0.06657,
1703614280386275584,-1.77695,46.31635,1.66283,0.60022,-0.79933,-0.01680,0.02290,0.00535,0.87949,0.03726,
1703614280519698944,-1.78373,46.43027,1.66955,0.60037,-0.79919,-0.01789,0.02312,-0.09317,0.83170,0.08837,
1703614280653119488,-1.79060,46.54384,1.67728,0.60164,-0.79817,-0.01901,0.02420,-0.05307,0.88665,0.02383,
1703614280786537728,-1.79054,46.66285,1.67747,0.60073,-0.79883,-0.01825,0.02572,0.06775,0.88400,0.03944,
1703614280919954944,-1.77722,46.78471,1.68094,0.60127,-0.79859,-0.01429,0.02307,0.05425,0.93262,0.05013,
1703614281053372416,-1.78101,46.90953,1.68598,0.60104,-0.79880,-0.01334,0.02219,-0.18585,0.90965,0.00193,
1703614281186789376,-1.81417,47.02822,1.68976,0.60002,-0.79937,-0.01921,0.02479,-0.34177,0.91038,0.00529,
1703614281320205824,-1.84134,47.14654,1.69007,0.59914,-0.79990,-0.02438,0.02421,-0.08664,0.91097,0.03021,
1703614281453622016,-1.84139,47.26645,1.69246,0.59940,-0.79984,-0.02233,0.02182,0.01963,0.90316,0.02635,
1703614281653751040,-1.84807,47.44998,1.69938,0.60009,-0.79939,-0.02185,0.01995,-0.10985,0.94090,0.02794,
1703614281853889536,-1.87084,47.64091,1.70549,0.59944,-0.79975,-0.02421,0.02195,-0.13025,0.96041,0.03379,
1703614281987314688,-1.88102,47.76572,1.71027,0.59937,-0.79971,-0.02510,0.02454,-0.07911,0.98926,-0.04778,
1703614282120740096,-1.88947,47.89158,1.71241,0.59852,-0.80028,-0.02603,0.02553,-0.04135,0.95164,0.00005,
1703614282254165504,-1.89510,48.01879,1.71471,0.59823,-0.80055,-0.02530,0.02440,-0.09524,0.93830,0.04865,
1703614282387591168,-1.90523,48.14790,1.71343,0.59668,-0.80176,-0.02476,0.02351,-0.09806,0.92670,0.04653,
1703614282521016576,-1.92433,48.26960,1.72137,0.59801,-0.80060,-0.02732,0.02602,-0.19036,0.93312,0.01914,
1703614282654444800,-1.94244,48.39802,1.72491,0.59754,-0.80076,-0.02975,0.02913,-0.09177,0.94120,0.07939,
1703614282787875072,-1.94961,48.52389,1.72864,0.59791,-0.80050,-0.02897,0.02940,-0.03206,0.97245,0.00735,
1703614282921305856,-1.95950,48.64884,1.73581,0.59799,-0.80045,-0.02801,0.02994,-0.10945,0.92260,0.03670,
1703614283121452032,-1.99266,48.83562,1.73658,0.59688,-0.80107,-0.03267,0.03097,-0.15819,0.86293,0.09960,
1703614283254883328,-2.01405,48.95895,1.73864,0.59675,-0.80106,-0.03383,0.03248,-0.16055,0.96711,-0.02281,
1703614283388314624,-2.03176,49.08342,1.74235,0.59633,-0.80129,-0.03497,0.03330,-0.10965,0.90019,0.06694,
1703614283521746176,-2.04402,49.20842,1.74485,0.59657,-0.80106,-0.03502,0.03439,-0.09511,0.99153,-0.02444,
1703614283655176192,-2.05318,49.33206,1.74994,0.59650,-0.80104,-0.03515,0.03596,-0.06440,0.91331,0.03935,
1703614283788605184,-2.05668,49.45904,1.74959,0.59550,-0.80189,-0.03381,0.03476,-0.06130,0.92830,0.00646,
1703614283922034176,-2.05586,49.58322,1.75310,0.59630,-0.80149,-0.03118,0.03274,-0.00885,0.96255,0.00021,
1703614284055463424,-2.05149,49.70704,1.75458,0.59563,-0.80222,-0.02931,0.02853,0.05944,0.88091,0.06418,
1703614284188892928,-2.03461,49.82804,1.75927,0.59636,-0.80198,-0.02493,0.02347,0.14571,0.90683,0.02106,
1703614284389037056,-2.00234,50.01280,1.75773,0.59585,-0.80273,-0.01597,0.01836,0.15061,0.91294,0.01115,
1703614284522467072,-1.97755,50.13884,1.75784,0.59583,-0.80285,-0.01177,0.01684,0.15605,0.92534,0.00319,
1703614284722612992,-1.96063,50.32355,1.75954,0.59627,-0.80262,-0.00772,0.01402,-0.00424,0.89529,0.04633,
1703614284856044544,-1.96588,50.44564,1.76629,0.59698,-0.80212,-0.00737,0.01302,-0.08556,0.89349,0.04734,
1703614284989475840,-1.97601,50.56628,1.76607,0.59671,-0.80229,-0.00917,0.01353,-0.03964,0.92270,0.02948,
1703614285122907648,-1.97861,50.68411,1.77523,0.59780,-0.80143,-0.01015,0.01537,-0.02384,0.89015,0.00808,
1703614285256339712,-1.98444,50.79999,1.77793,0.59757,-0.80156,-0.01124,0.01686,-0.03078,0.83091,0.06320,
1703614285389772032,-1.98931,50.91473,1.78179,0.59773,-0.80146,-0.01064,0.01634,-0.01205,0.84432,0.04561,
1703614285523204352,-1.98627,51.02600,1.78922,0.59965,-0.80005,-0.00957,0.01616,0.11327,0.84808,0.03813,
1703614285656637184,-1.97080,51.14379,1.78877,0.59871,-0.80081,-0.00603,0.01477,0.09469,0.85198,0.02671,
1703614285790070016,-1.96906,51.25754,1.79616,0.60086,-0.79921,-0.00576,0.01385,-0.05125,0.86319,0.01666,
1703614285923503360,-1.97751,51.37399,1.80183,0.60053,-0.79946,-0.00722,0.01337,-0.06919,0.80697,0.08174,
1703614286056936960,-1.97856,51.48564,1.80443,0.60071,-0.79934,-0.00771,0.01225,0.05777,0.88472,-0.04874,
1703614286257087744,-1.96815,51.65565,1.80611,0.60072,-0.79936,-0.00530,0.01116,0.00917,0.83537,0.03094,
1703614286390521856,-1.97226,51.77055,1.80714,0.60027,-0.79969,-0.00548,0.01218,-0.07399,0.86744,0.01063,
1703614286523955712,-1.98021,51.88198,1.81308,0.60160,-0.79866,-0.00667,0.01336,-0.03749,0.83238,0.06558,
1703614286657385216,-1.98467,51.99419,1.81736,0.60185,-0.79846,-0.00720,0.01381,0.00375,0.85253,0.01163,
1703614286790816512,-1.98360,52.10807,1.81641,0.60098,-0.79909,-0.00676,0.01510,0.00677,0.85911,0.01591,
1703614286924248576,-1.98019,52.21872,1.82249,0.60131,-0.79884,-0.00579,0.01563,0.05215,0.80335,0.06114,
1703614287057680640,-1.98742,52.32325,1.82880,0.60175,-0.79846,-0.00692,0.01782,-0.05986,0.81162,-0.02551,
1703614287191112704,-1.98902,52.43400,1.82619,0.60001,-0.79979,-0.00700,0.01662,0.01496,0.79814,0.03816,
1703614287324545280,-1.98707,52.54251,1.82667,0.59934,-0.80031,-0.00601,0.01602,-0.00243,0.80963,0.00292,
1703614287524694528,-1.98907,52.70179,1.83084,0.59928,-0.80033,-0.00665,0.01694,-0.01394,0.81384,-0.00164,
1703614287658123776,-1.98935,52.81309,1.82565,0.59816,-0.80119,-0.00604,0.01620,-0.04890,0.84816,-0.05438,
1703614287791550720,-1.99558,52.92474,1.82546,0.59747,-0.80169,-0.00720,0.01625,-0.05996,0.83101,0.01252,
1703614287924977152,-2.00260,53.03211,1.82929,0.59662,-0.80227,-0.00930,0.01828,-0.05030,0.77506,0.04498,
1703614288058403840,-2.00368,53.13531,1.83481,0.59725,-0.80179,-0.00914,0.01878,0.00366,0.76462,0.04736,
1703614288191830528,-2.00742,53.24210,1.83870,0.59772,-0.80142,-0.00912,0.01942,-0.04391,0.80776,0.00823,
1703614288325257216,-2.01326,53.35102,1.84169,0.59744,-0.80161,-0.00998,0.01943,-0.03318,0.81335,0.01908,
1703614288458683904,-2.01757,53.46115,1.84661,0.59793,-0.80124,-0.01004,0.01976,-0.02474,0.81911,0.04271,
1703614288592113664,-2.02030,53.56916,1.85267,0.59794,-0.80119,-0.01038,0.02118,-0.01240,0.77723,0.04886,
1703614288725546752,-2.01905,53.67632,1.85781,0.59821,-0.80094,-0.01004,0.02307,-0.01215,0.78327,0.08149,
1703614288858979584,-2.02360,53.78563,1.86202,0.59921,-0.80024,-0.01048,0.02115,-0.05461,0.86671,-0.04104,
1703614288992412928,-2.03768,53.90013,1.86174,0.59679,-0.80202,-0.01175,0.02187,-0.16984,0.81284,0.03393,
1703614289125846528,-2.05470,54.00572,1.86713,0.59781,-0.80110,-0.01561,0.02494,-0.06999,0.79792,0.02668,
1703614289259280128,-2.05847,54.11553,1.86939,0.59782,-0.80107,-0.01509,0.02607,-0.03158,0.82302,0.00710,
1703614289392713984,-2.06650,54.22797,1.87042,0.59691,-0.80177,-0.01471,0.02562,-0.13310,0.84032,0.00401,
1703614289526148096,-2.08667,54.33706,1.87944,0.59845,-0.80056,-0.01766,0.02546,-0.17367,0.81507,0.04979,
1703614289659580160,-2.09846,54.45081,1.88307,0.59880,-0.80031,-0.01898,0.02422,-0.03402,0.86486,0.03277,
1703614289793017344,-2.09897,54.56732,1.88967,0.59948,-0.79989,-0.01811,0.02144,0.04025,0.82562,0.08945,
1703614289926454272,-2.10042,54.68085,1.89656,0.59973,-0.79976,-0.01678,0.02048,-0.07998,0.83327,0.02158,
1703614290059891968,-2.11511,54.79739,1.89177,0.59787,-0.80102,-0.01978,0.02272,-0.10000,0.88931,-0.03824,
1703614290193329664,-2.12141,54.91631,1.89104,0.59704,-0.80157,-0.01999,0.02504,0.02005,0.88078,0.03424,
1703614290326767616,-2.11347,55.03515,1.89595,0.59755,-0.80129,-0.01654,0.02433,0.09856,0.89581,0.04063,
1703614290460205824,-2.10188,55.15567,1.90150,0.59765,-0.80132,-0.01254,0.02333,0.07595,0.89809,0.01383,
1703614290593644288,-2.09318,55.27771,1.90402,0.59735,-0.80159,-0.01049,0.02293,0.04187,0.89048,0.06422,
1703614290727077888,-2.09063,55.39816,1.90644,0.59705,-0.80181,-0.01009,0.02306,-0.01212,0.90736,0.01847,
1703614290860511744,-2.09478,55.52059,1.90653,0.59783,-0.80131,-0.01019,0.01982,-0.08110,0.95968,-0.03673,
1703614290993945600,-2.10748,55.64480,1.91074,0.59738,-0.80164,-0.01122,0.01943,-0.11289,0.89598,0.09523,
1703614291127379712,-2.12062,55.76435,1.91473,0.59818,-0.80096,-0.01292,0.02197,-0.11480,0.89788,0.03497,
1703614291260813824,-2.13109,55.88712,1.92022,0.59865,-0.80051,-0.01469,0.02414,-0.04652,0.93962,0.00727,
1703614291394248448,-2.13782,56.01285,1.92153,0.59782,-0.80116,-0.01523,0.02279,-0.04885,0.92084,0.02120,
1703614291527683072,-2.14356,56.13726,1.92541,0.59794,-0.80115,-0.01379,0.02091,-0.09937,0.94748,0.01467,
1703614291661116416,-2.15843,56.26146,1.93036,0.59727,-0.80162,-0.01563,0.02056,-0.14038,0.91842,0.02431,
1703614291794547968,-2.18014,56.37940,1.93698,0.59823,-0.80077,-0.01976,0.02226,-0.12419,0.87911,0.05480,
1703614291927980032,-2.19132,56.50096,1.94300,0.59938,-0.79984,-0.02132,0.02328,-0.06504,0.93870,0.02489,
1703614292061411840,-2.20014,56.62523,1.94740,0.59891,-0.80015,-0.02148,0.02474,-0.03566,0.90053,0.06802,
1703614292194843904,-2.20528,56.74404,1.95437,0.59983,-0.79943,-0.02116,0.02581,-0.01265,0.87844,0.07125,
1703614292328276224,-2.20756,56.86107,1.95711,0.59953,-0.79969,-0.02077,0.02500,0.00747,0.84971,0.05203,
1703614292461708288,-2.20990,56.97572,1.96224,0.59930,-0.79992,-0.01936,0.02448,-0.07044,0.84557,0.02752,
1703614292595140608,-2.21709,57.09154,1.96297,0.59937,-0.79980,-0.01958,0.02639,0.00330,0.88553,0.02722,
1703614292728572416,-2.21581,57.21097,1.96466,0.59882,-0.80024,-0.01833,0.02642,0.04542,0.85780,0.05275,
1703614292862003968,-2.21615,57.33158,1.96388,0.59735,-0.80139,-0.01679,0.02568,-0.07279,0.88410,0.01606,
1703614292995436032,-2.22648,57.44860,1.96792,0.59800,-0.80084,-0.01797,0.02691,-0.12529,0.87530,0.02966,
1703614293128868096,-2.24403,57.56737,1.96909,0.59821,-0.80061,-0.02062,0.02720,-0.11288,0.92043,-0.01440,
1703614293262300160,-2.25949,57.68466,1.97213,0.59796,-0.80067,-0.02234,0.02952,-0.08255,0.80163,0.12202,
1703614293462448896,-2.27359,57.86413,1.97411,0.59838,-0.80048,-0.02251,0.02589,-0.12778,0.92314,0.00434,
1703614293595880960,-2.29120,57.98126,1.98168,0.59862,-0.80026,-0.02446,0.02525,-0.13926,0.86266,0.02043,
1703614293729311488,-2.29781,58.09692,1.98170,0.59836,-0.80044,-0.02486,0.02552,0.01561,0.87496,0.03279,
1703614293862741760,-2.29076,58.21441,1.98469,0.59831,-0.80059,-0.02270,0.02392,0.09460,0.86720,-0.00529,
1703614293996172288,-2.28250,58.32939,1.98492,0.59730,-0.80142,-0.02016,0.02331,0.05207,0.87529,-0.03515,
1703614294129602304,-2.27557,58.43947,1.98891,0.59774,-0.80121,-0.01806,0.02092,0.05774,0.81090,0.02555,
1703614294263032576,-2.26693,58.55537,1.98710,0.59693,-0.80195,-0.01481,0.01825,0.05208,0.86234,-0.01616,
1703614294396463104,-2.26199,58.66773,1.99233,0.59759,-0.80151,-0.01285,0.01744,0.04810,0.83983,0.02519,
1703614294529893376,-2.25231,58.77919,1.99312,0.59755,-0.80155,-0.01171,0.01776,0.06331,0.82636,0.01550,
1703614294663323648,-2.24299,58.89019,1.99413,0.59720,-0.80186,-0.01011,0.01655,0.07025,0.82295,0.00452,
1703614294796753920,-2.23662,59.00455,1.99420,0.59650,-0.80246,-0.00766,0.01362,0.03223,0.83516,0.03882,
1703614294930184192,-2.22885,59.11716,1.99829,0.59672,-0.80235,-0.00467,0.01164,0.03563,0.83906,0.02281,
1703614295130329600,-2.23186,59.29090,2.00266,0.59667,-0.80240,-0.00462,0.01090,-0.08134,0.84365,0.07259,
1703614295263759872,-2.24782,59.40448,2.00890,0.59778,-0.80151,-0.00896,0.01271,-0.09026,0.87683,0.00223,
1703614295397189888,-2.26282,59.52516,2.01229,0.59822,-0.80116,-0.01054,0.01229,-0.16420,0.90050,0.03899,
1703614295530620160,-2.28272,59.64431,2.01733,0.59857,-0.80087,-0.01300,0.01215,-0.12117,0.88227,0.04587,
1703614295664050432,-2.29532,59.76457,2.02154,0.59832,-0.80101,-0.01449,0.01378,-0.03076,0.86678,0.04772,
1703614295797480704,-2.29962,59.88396,2.02746,0.59879,-0.80064,-0.01479,0.01454,-0.00429,0.91047,0.00743,
1703614295930910464,-2.30096,60.00662,2.02795,0.59802,-0.80121,-0.01353,0.01576,-0.03573,0.91893,-0.00834,
1703614296064340736,-2.30642,60.12800,2.03219,0.59824,-0.80103,-0.01372,0.01643,-0.08901,0.89398,0.03985,
1703614296197771008,-2.31865,60.25082,2.03463,0.59844,-0.80084,-0.01495,0.01741,-0.09354,0.94461,0.00510,
1703614296331201024,-2.33140,60.37359,2.03861,0.59834,-0.80084,-0.01644,0.01935,-0.09267,0.90174,0.06164,
1703614296531346432,-2.33973,60.55582,2.04352,0.59894,-0.80039,-0.01663,0.01917,-0.00452,0.95123,-0.00167,
1703614296664776192,-2.34138,60.68170,2.04493,0.59801,-0.80112,-0.01552,0.01871,-0.03737,0.91860,0.01389,
1703614296798205696,-2.35080,60.80638,2.04958,0.59766,-0.80130,-0.01656,0.02121,-0.10489,0.94130,0.01982,
1703614296931634688,-2.36546,60.92877,2.05393,0.59813,-0.80088,-0.01870,0.02208,-0.09577,0.93212,0.00054,
1703614297065063936,-2.37352,61.05105,2.05804,0.59854,-0.80057,-0.01882,0.02181,-0.03781,0.92205,0.02296,
1703614297198493184,-2.37475,61.17401,2.06205,0.59869,-0.80054,-0.01738,0.02005,-0.00819,0.89012,0.01191,
1703614297331922176,-2.37614,61.29894,2.06257,0.59833,-0.80081,-0.01600,0.02122,-0.07558,0.93320,0.01857,
1703614297465351680,-2.39003,61.42200,2.06646,0.59782,-0.80112,-0.01841,0.02181,-0.13640,0.87598,0.07180,
1703614297598780672,-2.40534,61.53924,2.07333,0.59898,-0.80015,-0.02111,0.02341,-0.07541,0.90109,0.02343,
1703614297732212224,-2.41218,61.65803,2.08050,0.60025,-0.79919,-0.02140,0.02338,-0.04857,0.90838,-0.00354,
1703614297865644288,-2.41483,61.78345,2.08227,0.59938,-0.79983,-0.02016,0.02465,0.02678,0.92019,0.03161,
1703614297999076096,-2.40805,61.90923,2.08509,0.59976,-0.79968,-0.01766,0.02224,0.09112,0.93346,0.04178,
1703614298132508160,-2.40447,62.03752,2.08642,0.59804,-0.80100,-0.01513,0.02262,-0.06116,0.90958,0.05343,
1703614298265940224,-2.41275,62.15887,2.09347,0.59976,-0.79967,-0.01671,0.02313,-0.06211,0.93972,0.01420,
1703614298399372288,-2.42468,62.28564,2.08986,0.59816,-0.80083,-0.01855,0.02321,-0.07987,0.96085,-0.03980,
1703614298532804352,-2.43246,62.41168,2.09310,0.59813,-0.80088,-0.01867,0.02217,-0.06564,0.95511,-0.00108,
1703614298666235648,-2.43923,62.53692,2.09654,0.59842,-0.80066,-0.01797,0.02255,-0.05627,0.94302,0.00548,
1703614298799666176,-2.44494,62.66420,2.09754,0.59738,-0.80140,-0.01822,0.02384,-0.04050,0.88479,0.08350,
1703614298933096960,-2.45009,62.78779,2.10253,0.59739,-0.80140,-0.01899,0.02309,-0.07645,0.89730,0.02376,
1703614299066527488,-2.46249,62.91090,2.10471,0.59684,-0.80174,-0.01947,0.02461,-0.16047,0.90328,0.04285,
1703614299199958272,-2.47451,63.03135,2.10979,0.59786,-0.80091,-0.02096,0.02574,-0.04696,0.92679,0.00984,
1703614299333389056,-2.47504,63.15249,2.11351,0.59712,-0.80153,-0.01974,0.02452,-0.00152,0.88193,0.01604,
1703614299466819840,-2.47836,63.26959,2.11782,0.59705,-0.80161,-0.01980,0.02355,-0.05070,0.83257,0.06597,
1703614299600250624,-2.48980,63.38728,2.11943,0.59631,-0.80203,-0.02169,0.02613,-0.08464,0.83877,0.06798,
1703614299733682432,-2.49859,63.50247,2.12466,0.59715,-0.80134,-0.02320,0.02695,-0.01405,0.88038,0.02066,
1703614299867114240,-2.49847,63.61900,2.12717,0.59750,-0.80115,-0.02118,0.02666,-0.00448,0.87897,0.01062,
1703614300000546304,-2.50134,63.73929,2.12575,0.59622,-0.80216,-0.02000,0.02565,-0.04380,0.86007,0.03288,
1703614300133977856,-2.51101,63.85203,2.13116,0.59641,-0.80199,-0.02133,0.02540,-0.09921,0.81161,0.06498,
1703614300334125824,-2.52181,64.01967,2.13614,0.59739,-0.80118,-0.02145,0.02781,0.05810,0.82846,0.03176,
1703614300467557632,-2.50833,64.13447,2.13499,0.59633,-0.80219,-0.01635,0.02459,0.07426,0.85525,-0.01244,
1703614300600989696,-2.51090,64.24887,2.13731,0.59682,-0.80189,-0.01494,0.02342,-0.14776,0.85911,0.01964,
1703614300734421248,-2.53088,64.36271,2.14030,0.59614,-0.80225,-0.01903,0.02571,-0.13143,0.83493,0.02932,
1703614300934568448,-2.53391,64.52589,2.15007,0.59798,-0.80097,-0.01847,0.02282,0.01640,0.80903,0.01707,
1703614301067999744,-2.53798,64.63525,2.14983,0.59697,-0.80175,-0.01743,0.02283,-0.09257,0.77516,0.07337,
1703614301201431552,-2.55102,64.74203,2.15242,0.59703,-0.80160,-0.02001,0.02431,-0.05863,0.78304,0.05777,
1703614301334862848,-2.55778,64.84997,2.15345,0.59624,-0.80217,-0.02031,0.02445,0.01528,0.80245,-0.00029,
1703614301468294656,-2.55506,64.95493,2.16108,0.59752,-0.80132,-0.01802,0.02326,0.08360,0.79445,0.04462,
1703614301601725952,-2.55176,65.06461,2.16280,0.59728,-0.80154,-0.01639,0.02304,-0.02311,0.79673,0.02602,
1703614301735160576,-2.55682,65.17515,2.16444,0.59695,-0.80177,-0.01730,0.02262,-0.07720,0.82836,0.01632,
1703614301868595200,-2.55860,65.28317,2.16937,0.59798,-0.80108,-0.01703,0.02007,0.03705,0.78361,0.04302,
1703614302002030080,-2.54913,65.39476,2.17031,0.59785,-0.80129,-0.01352,0.01812,0.09131,0.83931,0.00116,
1703614302135465216,-2.53710,65.50431,2.17615,0.59878,-0.80064,-0.01116,0.01763,0.10371,0.84464,-0.00142,
1703614302268900096,-2.53129,65.61621,2.17528,0.59778,-0.80138,-0.01112,0.01812,0.07424,0.80449,0.04388,
1703614302402335232,-2.52251,65.73006,2.17742,0.59870,-0.80073,-0.00887,0.01750,0.06905,0.88691,0.00842,
1703614302535770368,-2.51277,65.84895,2.18004,0.59896,-0.80063,-0.00603,0.01383,0.09185,0.88011,0.02919,
1703614302669220864,-2.50740,65.97006,2.18239,0.59860,-0.80093,-0.00408,0.01289,0.00676,0.89733,0.02528,
1703614302802697216,-2.50831,66.09149,2.18573,0.59923,-0.80046,-0.00469,0.01288,-0.03811,0.94068,0.01235,
1703614302936174592,-2.51558,66.21504,2.18961,0.59916,-0.80050,-0.00606,0.01313,-0.07372,0.91242,0.05248,
1703614303069652992,-2.52785,66.33983,2.19212,0.59903,-0.80060,-0.00701,0.01215,-0.07619,0.93531,0.02442,
1703614303203132928,-2.53711,66.46478,2.19646,0.59960,-0.80016,-0.00724,0.01293,-0.02612,0.94557,0.03684,
1703614303336613376,-2.54138,66.59284,2.19710,0.59836,-0.80106,-0.00854,0.01387,-0.01393,0.94203,0.00821,
1703614303470095360,-2.54318,66.71963,2.20043,0.59933,-0.80034,-0.00889,0.01340,-0.04642,0.98242,-0.00609,
1703614303603578624,-2.55065,66.84908,2.20446,0.59978,-0.80002,-0.00892,0.01206,-0.10142,0.98292,0.01123,
1703614303737059072,-2.55749,66.98069,2.20806,0.59975,-0.80005,-0.00943,0.01156,-0.01910,0.96118,0.05455,
1703614303870542080,-2.55770,67.11455,2.20897,0.59901,-0.80059,-0.00953,0.01231,-0.02048,0.97899,0.04106,
1703614304004026112,-2.56658,67.24697,2.21297,0.59879,-0.80068,-0.01141,0.01496,-0.10344,0.98234,0.02484,
1703614304137511424,-2.57741,67.37772,2.21807,0.59913,-0.80039,-0.01284,0.01578,-0.07356,1.00920,-0.02810,
1703614304337741568,-2.58494,67.57427,2.22238,0.59806,-0.80122,-0.01171,0.01524,-0.03197,0.98682,-0.00316,
1703614304471229952,-2.59007,67.70699,2.22519,0.59747,-0.80162,-0.01275,0.01625,-0.05034,0.97296,0.02207,
1703614304604719360,-2.59484,67.83741,2.22973,0.59827,-0.80097,-0.01369,0.01818,-0.03883,0.98456,0.02975,
1703614304738148352,-2.59964,67.96781,2.23391,0.59819,-0.80101,-0.01338,0.01907,-0.04731,0.95813,0.03487,
1703614304871566336,-2.60368,68.09828,2.23520,0.59768,-0.80142,-0.01334,0.01796,-0.07457,0.96951,0.01427,
1703614305004983552,-2.61283,68.22511,2.24054,0.59837,-0.80088,-0.01434,0.01835,-0.08282,0.92976,0.05235,
1703614305138400512,-2.62669,68.35098,2.24627,0.59870,-0.80055,-0.01699,0.01992,-0.11244,0.93527,0.04263,
1703614305271817472,-2.63872,68.47487,2.25212,0.59927,-0.80004,-0.01892,0.02130,-0.06946,0.92757,0.01881,
1703614305405233664,-2.64658,68.60040,2.25421,0.59833,-0.80071,-0.01909,0.02231,-0.06282,0.89962,0.06171,
1703614305605357056,-2.65730,68.77882,2.26223,0.59945,-0.79985,-0.01956,0.02268,-0.07925,0.88414,0.03236,
1703614305738776832,-2.66633,68.90117,2.26558,0.59902,-0.80016,-0.02031,0.02255,-0.08567,0.89756,0.00555,
1703614305872196352,-2.67528,69.02060,2.26980,0.59924,-0.79997,-0.02109,0.02282,-0.04960,0.90975,-0.02733,
1703614306005615872,-2.68098,69.13921,2.27317,0.59887,-0.80021,-0.02140,0.02367,-0.05364,0.85277,0.04346,
1703614306139035136,-2.68960,69.25545,2.27676,0.59910,-0.80001,-0.02220,0.02404,-0.07440,0.85585,0.04089,
1703614306272453888,-2.69790,69.36970,2.28028,0.59906,-0.80000,-0.02275,0.02471,-0.07069,0.84271,0.02061,
1703614306405872640,-2.70595,69.48128,2.28690,0.59964,-0.79952,-0.02327,0.02555,-0.05199,0.81561,0.05949,
1703614306539290624,-2.71310,69.59232,2.29097,0.59998,-0.79925,-0.02348,0.02605,-0.04154,0.84477,-0.00276,
1703614306672710400,-2.72239,69.70292,2.29589,0.59995,-0.79927,-0.02411,0.02544,-0.06789,0.79651,0.06908,
1703614306806133248,-2.73310,69.81267,2.29906,0.59978,-0.79940,-0.02432,0.02517,-0.09924,0.81728,0.00958,
1703614306939556096,-2.74535,69.92084,2.30336,0.59936,-0.79962,-0.02575,0.02653,-0.08154,0.79958,0.01807,
1703614307072978432,-2.75460,70.02811,2.30564,0.59922,-0.79968,-0.02645,0.02731,-0.05403,0.80564,0.01426,
1703614307206400512,-2.76295,70.13204,2.30980,0.59952,-0.79945,-0.02663,0.02736,-0.03721,0.78134,0.01752,
1703614307339822592,-2.77078,70.23665,2.31234,0.59953,-0.79943,-0.02642,0.02794,-0.05261,0.81377,-0.00794,
1703614307473244160,-2.77997,70.34191,2.31400,0.59882,-0.79991,-0.02711,0.02872,-0.06219,0.76189,0.04353,
1703614307606665728,-2.78543,70.44524,2.31774,0.59911,-0.79967,-0.02713,0.02939,-0.04639,0.78400,0.03001,
1703614307740084992,-2.79145,70.54923,2.32122,0.59928,-0.79953,-0.02705,0.02963,-0.05127,0.78782,0.00480,
1703614307873503744,-2.80059,70.65158,2.32564,0.59978,-0.79914,-0.02750,0.02993,-0.08132,0.76913,0.02332,
1703614308006921728,-2.80974,70.75500,2.32858,0.59919,-0.79956,-0.02834,0.02961,-0.04589,0.75400,0.03707,
1703614308140339968,-2.82068,70.85819,2.33242,0.59956,-0.79927,-0.02937,0.02907,-0.06572,0.76270,0.04134,
1703614308273757184,-2.83092,70.96256,2.33542,0.59936,-0.79943,-0.02941,0.02858,-0.09227,0.76261,0.04695,
1703614308407174400,-2.83963,71.06811,2.33564,0.59890,-0.79972,-0.02941,0.03010,-0.06416,0.80728,-0.01049,
1703614308540591104,-2.84356,71.17462,2.33627,0.59791,-0.80047,-0.02897,0.03024,0.00268,0.78727,0.02083,
1703614308674013440,-2.84064,71.27916,2.34182,0.59853,-0.80014,-0.02650,0.02886,0.01614,0.79619,0.01375,
1703614308809008384,-2.83687,71.38560,2.34582,0.59831,-0.80042,-0.02435,0.02761,-0.00127,0.75915,0.06660,
1703614309011973632,-2.83889,71.54627,2.34391,0.59671,-0.80166,-0.02362,0.02682,-0.03876,0.81492,-0.01751,
1703614309147341568,-2.84560,71.65142,2.34789,0.59742,-0.80116,-0.02368,0.02586,-0.05786,0.79323,0.02495,
1703614309282755584,-2.85182,71.76109,2.34795,0.59699,-0.80151,-0.02308,0.02565,-0.04319,0.83339,0.00267,
1703614309418215680,-2.85768,71.87109,2.35119,0.59700,-0.80151,-0.02301,0.02533,-0.05670,0.81429,0.02329,
1703614309553722112,-2.86377,71.98395,2.35315,0.59712,-0.80141,-0.02281,0.02606,-0.03400,0.85249,0.02114,
1703614309689274624,-2.86783,72.09750,2.36037,0.59801,-0.80078,-0.02225,0.02527,-0.03176,0.86723,0.00730,
1703614309822827776,-2.87772,72.21550,2.36263,0.59755,-0.80115,-0.02284,0.02386,-0.11553,0.87835,0.04433,
1703614309956056832,-2.89312,72.33264,2.36505,0.59730,-0.80129,-0.02375,0.02468,-0.12807,0.88631,-0.02217,
1703614310089279488,-2.90692,72.45323,2.36600,0.59623,-0.80203,-0.02537,0.02477,-0.02014,0.90823,0.01331,
1703614310222494720,-2.90654,72.57344,2.36931,0.59609,-0.80221,-0.02341,0.02405,-0.00016,0.89647,0.01559,
1703614310355703552,-2.91095,72.69936,2.36643,0.59508,-0.80304,-0.02254,0.02221,-0.07256,0.96256,-0.01340,
1703614310488905728,-2.92076,72.82565,2.36923,0.59512,-0.80301,-0.02253,0.02246,-0.06703,0.93024,0.04939,
1703614310622100992,-2.92926,72.95441,2.36956,0.59436,-0.80354,-0.02310,0.02284,-0.04576,0.96294,0.01176,
1703614310755314688,-2.93425,73.08238,2.37132,0.59391,-0.80390,-0.02314,0.02205,-0.04177,0.93478,0.05394,
1703614310888548608,-2.93595,73.20838,2.37794,0.59528,-0.80293,-0.02123,0.02237,0.00921,0.98988,-0.01164,
1703614311021775872,-2.93632,73.34010,2.37702,0.59427,-0.80378,-0.01986,0.01949,-0.00866,0.97482,0.02327,
1703614311154996736,-2.93362,73.46751,2.38525,0.59629,-0.80236,-0.01816,0.01821,-0.00516,0.99970,0.01357,
1703614311288210432,-2.93416,73.59939,2.38506,0.59559,-0.80290,-0.01777,0.01772,-0.02932,0.98050,0.00274,
1703614311421417728,-2.93351,73.73705,2.37845,0.59351,-0.80446,-0.01745,0.01718,0.02921,1.04239,-0.02109,
1703614311554618112,-2.92520,73.87134,2.38312,0.59461,-0.80374,-0.01458,0.01504,0.04804,1.04942,-0.02704,
1703614311687812096,-2.91680,74.00771,2.38711,0.59395,-0.80432,-0.01175,0.01225,0.02542,0.97136,0.10706,
1703614311821046528,-2.91027,74.13980,2.39418,0.59606,-0.80280,-0.01101,0.01055,0.04251,1.03553,0.03013,
1703614311954272512,-2.89849,74.27258,2.39825,0.59581,-0.80303,-0.00903,0.00884,0.12036,0.90653,0.14063,
1703614312087491584,-2.88233,74.40566,2.40602,0.59709,-0.80212,-0.00443,0.00819,0.09637,0.99959,0.06602,
1703614312220703488,-2.87700,74.54089,2.40835,0.59736,-0.80193,-0.00353,0.00742,0.00476,1.02436,0.04398,
1703614312353908992,-2.88069,74.67271,2.41751,0.59954,-0.80031,-0.00516,0.00626,-0.03297,1.06937,-0.03895,
1703614312487107584,-2.88192,74.81203,2.41790,0.59822,-0.80130,-0.00508,0.00541,0.00070,0.99589,0.08204,
1703614312620299008,-2.88162,74.94682,2.42599,0.59961,-0.80026,-0.00471,0.00582,0.07872,1.03156,0.06930,
1703614312753504000,-2.87440,75.07515,2.44099,0.60120,-0.79905,-0.00373,0.00838,0.06582,0.93781,0.12110,
1703614312886740736,-2.85919,75.20739,2.44184,0.59960,-0.80029,-0.00019,0.00440,0.04724,1.06684,-0.11489,
1703614313019970304,-2.87428,75.33715,2.44882,0.60089,-0.79933,-0.00104,0.00259,-0.31290,0.97820,0.10241,
1703614313153193728,-2.92389,75.46759,2.45513,0.60211,-0.79829,-0.01137,0.00843,-0.31036,1.00583,0.05118,
1703614313353016064,-2.94199,75.66156,2.46512,0.60176,-0.79845,-0.01485,0.01196,0.05290,0.93916,0.07624,
1703614313486222848,-2.94653,75.78940,2.46747,0.60119,-0.79890,-0.01410,0.01131,-0.08607,0.95629,0.02058,
1703614313619422976,-2.96563,75.91654,2.47069,0.60101,-0.79898,-0.01610,0.01222,-0.18384,0.97324,-0.01673,
1703614313752643840,-2.98627,76.04184,2.47218,0.60055,-0.79919,-0.02009,0.01527,-0.11595,0.90961,0.05762,
1703614313885882112,-2.99670,76.16523,2.47658,0.60012,-0.79940,-0.02179,0.01849,-0.02695,0.93857,-0.00088,
1703614314019113984,-2.99623,76.28789,2.47907,0.59989,-0.79961,-0.02077,0.01777,-0.01919,0.88811,0.04351,
1703614314152339200,-2.99587,76.41211,2.48324,0.60039,-0.79934,-0.01895,0.01507,-0.06284,0.92795,0.05344,
1703614314285557760,-3.01078,76.53412,2.48843,0.60039,-0.79928,-0.02051,0.01616,-0.11689,0.89033,0.04525,
1703614314485373440,-3.02525,76.71525,2.49374,0.60031,-0.79922,-0.02215,0.01959,-0.02237,0.88941,0.01488,
1703614314618575872,-3.02074,76.83561,2.49209,0.59943,-0.79999,-0.01956,0.01769,0.05772,0.90788,-0.02714,
1703614314751787520,-3.01880,76.95249,2.49570,0.59985,-0.79974,-0.01717,0.01748,-0.07449,0.89809,0.01617,
1703614314885016576,-3.03057,77.07121,2.49480,0.59929,-0.80010,-0.01949,0.01752,-0.08321,0.88847,0.02746,
1703614315018238720,-3.03798,77.19044,2.49427,0.59847,-0.80071,-0.02015,0.01692,-0.00041,0.87489,0.02491,
1703614315151454720,-3.03627,77.30710,2.49661,0.59784,-0.80126,-0.01812,0.01571,-0.01186,0.89746,-0.02876,
1703614315284663552,-3.03952,77.42039,2.50028,0.59793,-0.80120,-0.01708,0.01636,-0.10821,0.89397,-0.02575,
1703614315417865216,-3.05124,77.53571,2.50127,0.59784,-0.80119,-0.01961,0.01736,-0.05923,0.87221,0.02161,
1703614315551060480,-3.05811,77.65145,2.50363,0.59782,-0.80119,-0.01972,0.01786,-0.01222,0.86473,0.02891,
1703614315684248576,-3.06123,77.76984,2.50655,0.59756,-0.80142,-0.01851,0.01736,-0.03631,0.88420,0.01809,
1703614315817480960,-3.07194,77.88710,2.50693,0.59731,-0.80158,-0.02000,0.01697,-0.10954,0.86942,0.01280,
1703614315950716928,-3.08087,78.00533,2.50970,0.59716,-0.80168,-0.02043,0.01682,-0.10524,0.89456,-0.00775,
1703614316083946496,-3.08854,78.12158,2.51691,0.59757,-0.80136,-0.02051,0.01777,-0.07254,0.91024,-0.03236,
1703614316217169408,-3.09114,78.24091,2.51545,0.59631,-0.80230,-0.02062,0.01748,-0.02449,0.89262,0.01000,
1703614316350385920,-3.09781,78.35860,2.51935,0.59633,-0.80228,-0.02059,0.01776,-0.08642,0.89005,0.01380,
1703614316483595776,-3.10842,78.47733,2.52051,0.59619,-0.80235,-0.02192,0.01762,-0.05306,0.90104,0.01643,
1703614316683398656,-3.11923,78.65494,2.52579,0.59669,-0.80196,-0.02190,0.01854,-0.04115,0.89781,0.01922,
1703614316816642048,-3.12400,78.77558,2.52793,0.59689,-0.80182,-0.02176,0.01821,-0.03571,0.91056,0.02119,
1703614316949880576,-3.13312,78.89699,2.53036,0.59628,-0.80227,-0.02222,0.01806,-0.08083,0.87077,0.06220,
1703614317083112960,-3.13840,79.01640,2.53484,0.59693,-0.80176,-0.02210,0.01923,-0.04832,0.91587,0.00005,
1703614317216338688,-3.14451,79.13562,2.53871,0.59719,-0.80156,-0.02242,0.01906,-0.05216,0.90192,0.02233,
1703614317349558016,-3.15439,79.25476,2.54206,0.59704,-0.80164,-0.02315,0.01921,-0.08536,0.87985,0.03963,
1703614317549374976,-3.16287,79.43280,2.54770,0.59727,-0.80149,-0.02271,0.01906,-0.03995,0.88036,0.02483,
1703614317682578176,-3.16792,79.55281,2.54976,0.59730,-0.80148,-0.02178,0.01988,-0.05402,0.91799,0.00472,
1703614317815817216,-3.17358,79.67342,2.55377,0.59775,-0.80114,-0.02181,0.01967,-0.01792,0.89873,0.03492,
1703614317949057024,-3.17555,79.79405,2.55871,0.59784,-0.80114,-0.02052,0.01872,-0.04032,0.88307,0.04078,
1703614318082290432,-3.18522,79.91360,2.56054,0.59787,-0.80110,-0.02094,0.01889,-0.14223,0.91629,-0.00164,
1703614318215517696,-3.20338,80.03034,2.56608,0.59800,-0.80089,-0.02346,0.02062,-0.11614,0.85767,0.04445,
1703614318348738304,-3.21313,80.14752,2.57101,0.59845,-0.80051,-0.02381,0.02182,-0.06291,0.89277,0.00634,
1703614318481952768,-3.22028,80.26375,2.57594,0.59906,-0.80002,-0.02422,0.02251,-0.02322,0.89021,0.02351,
1703614318615160576,-3.22473,80.37746,2.58112,0.59955,-0.79965,-0.02421,0.02255,-0.05206,0.84126,0.05789,
1703614318748383744,-3.22972,80.49035,2.58635,0.60046,-0.79901,-0.02352,0.02179,-0.06435,0.85180,0.01082,
1703614318948281600,-3.25749,80.65686,2.58931,0.60013,-0.79908,-0.02688,0.02427,-0.14656,0.83225,0.03449,
1703614319081539840,-3.27002,80.76751,2.59052,0.59947,-0.79953,-0.02780,0.02468,-0.05933,0.79434,0.04064,
1703614319214793216,-3.27588,80.87190,2.59520,0.59977,-0.79931,-0.02738,0.02498,-0.05325,0.77565,0.03194,
1703614319348041216,-3.28473,80.97642,2.59630,0.59961,-0.79942,-0.02797,0.02486,-0.09787,0.76851,0.01624,
1703614319481284352,-3.29959,81.07737,2.60142,0.59975,-0.79924,-0.02961,0.02520,-0.13956,0.74348,0.02173,
1703614319614521856,-3.31510,81.17859,2.60206,0.59960,-0.79919,-0.03112,0.02836,-0.13088,0.76735,0.01034,
1703614319747773184,-3.32298,81.28099,2.60501,0.59949,-0.79921,-0.03223,0.02885,0.01282,0.75463,0.03087,
1703614319881052416,-3.31956,81.38244,2.60878,0.59953,-0.79935,-0.02948,0.02716,-0.03611,0.73368,0.01517,
1703614320014326784,-3.33029,81.48272,2.61000,0.59897,-0.79975,-0.03009,0.02708,-0.10957,0.72980,0.04061,
1703614320147596800,-3.34357,81.58149,2.61514,0.59974,-0.79911,-0.03158,0.02728,-0.08183,0.75644,-0.00634,
1703614320280862208,-3.35169,81.68293,2.61705,0.59925,-0.79942,-0.03198,0.02818,-0.02963,0.73191,0.05156,
1703614320414122752,-3.35362,81.78346,2.61889,0.59900,-0.79966,-0.03077,0.02830,-0.01854,0.73990,0.01889,
1703614320547378944,-3.35688,81.88401,2.61796,0.59832,-0.80021,-0.02998,0.02783,-0.04123,0.76325,-0.01289,
1703614320747257856,-3.36674,82.03289,2.62169,0.59813,-0.80038,-0.03008,0.02716,-0.04193,0.76877,-0.01177,
1703614320880509184,-3.37211,82.13438,2.62311,0.59748,-0.80091,-0.02950,0.02639,-0.09484,0.72011,0.04454,
1703614321013753856,-3.38198,82.23260,2.62740,0.59832,-0.80024,-0.03052,0.02641,-0.03612,0.76417,-0.01007,
1703614321146992384,-3.38191,82.33111,2.62926,0.59813,-0.80045,-0.02946,0.02554,-0.00748,0.71767,0.03500,
1703614321280224768,-3.38632,82.42899,2.63203,0.59815,-0.80049,-0.02866,0.02489,-0.07122,0.74605,-0.01954,
1703614321413451264,-3.39068,82.52908,2.63267,0.59745,-0.80102,-0.02814,0.02503,0.00357,0.74395,0.01613,
1703614321546671104,-3.38212,82.63264,2.63289,0.59706,-0.80146,-0.02511,0.02330,0.08954,0.77118,0.01550,
1703614321679884800,-3.37349,82.73658,2.63420,0.59646,-0.80207,-0.02175,0.02122,0.04149,0.78514,-0.01674,
1703614321813127936,-3.37461,82.83891,2.63794,0.59700,-0.80172,-0.02075,0.01994,-0.07485,0.76730,0.04531,
1703614321946374400,-3.39000,82.94098,2.64228,0.59709,-0.80155,-0.02331,0.02132,-0.14806,0.77453,0.00807,
1703614322079614720,-3.40143,83.04374,2.64414,0.59725,-0.80140,-0.02393,0.02179,-0.04900,0.80598,-0.01268,
1703614322212848640,-3.40687,83.15145,2.64776,0.59718,-0.80144,-0.02315,0.02315,-0.00930,0.76464,0.06508,
1703614322346076416,-3.40778,83.26360,2.64945,0.59646,-0.80203,-0.02276,0.02160,0.00603,0.84415,0.00615,
1703614322479297792,-3.40793,83.37488,2.65262,0.59700,-0.80168,-0.02068,0.02171,-0.08593,0.82038,0.06850,
1703614322612513024,-3.41848,83.48557,2.65825,0.59759,-0.80122,-0.02204,0.02125,-0.03556,0.83099,0.02835,
1703614322745737728,-3.42689,83.59896,2.66217,0.59833,-0.80065,-0.02263,0.02103,-0.07984,0.89431,0.00154,
1703614322945613568,-3.42906,83.77730,2.66304,0.59724,-0.80152,-0.02055,0.02097,-0.00384,0.92487,-0.00936,
1703614323078856448,-3.42056,83.89670,2.66435,0.59722,-0.80167,-0.01715,0.01903,0.08183,0.91911,-0.03560,
1703614323212093184,-3.41339,84.01373,2.66878,0.59716,-0.80183,-0.01398,0.01627,-0.00876,0.84396,0.05485,
1703614323345323776,-3.42049,84.12830,2.67342,0.59733,-0.80172,-0.01415,0.01563,-0.11507,0.81525,0.07599,
1703614323478547968,-3.43445,84.24424,2.67405,0.59761,-0.80141,-0.01674,0.01788,-0.07593,0.90133,-0.00602,
1703614323611766528,-3.43861,84.36203,2.67791,0.59797,-0.80114,-0.01723,0.01767,-0.00723,0.88321,0.02917,
1703614323744990976,-3.43848,84.48368,2.67926,0.59765,-0.80143,-0.01543,0.01721,-0.05197,0.95696,-0.04956,
1703614323878241280,-3.44150,84.60382,2.68263,0.59793,-0.80127,-0.01436,0.01561,-0.04857,0.83579,0.09654,
1703614324011485184,-3.43862,84.72571,2.68430,0.59860,-0.80078,-0.01301,0.01581,0.07684,0.96574,0.00480,
1703614324144722688,-3.42492,84.85405,2.68376,0.59764,-0.80156,-0.01034,0.01478,0.16683,0.92156,0.05459,
1703614324277954048,-3.41140,84.98581,2.68706,0.59740,-0.80181,-0.00641,0.01280,0.05171,0.99401,0.01060,
1703614324411179264,-3.40876,85.11629,2.69072,0.59778,-0.80156,-0.00505,0.01139,-0.01387,0.96128,0.05398,
1703614324544397824,-3.41765,85.24546,2.69519,0.59801,-0.80139,-0.00650,0.01037,-0.05613,0.98002,-0.01458,
1703614324677610752,-3.42140,85.37551,2.69891,0.59913,-0.80054,-0.00660,0.01151,-0.03385,1.02065,0.00178,
1703614324811602944,-3.41755,85.51007,2.70029,0.59820,-0.80124,-0.00642,0.01145,0.07017,0.94398,0.07263,
1703614324945915904,-3.40941,85.64511,2.70366,0.59796,-0.80144,-0.00436,0.01100,0.01380,1.03470,-0.03341,
1703614325080275968,-3.40815,85.77976,2.70786,0.59832,-0.80117,-0.00346,0.01114,-0.08261,1.01456,-0.00202,
1703614325281903872,-3.42813,85.98316,2.71391,0.59841,-0.80107,-0.00722,0.01231,-0.07635,1.04364,-0.00733,
1703614325416381440,-3.43312,86.11831,2.71872,0.59859,-0.80093,-0.00744,0.01212,-0.03676,0.99828,0.05109,
1703614325550905344,-3.43775,86.25754,2.71966,0.59706,-0.80205,-0.00673,0.01412,-0.15397,1.03141,-0.01527,
1703614325752493568,-3.45542,86.45788,2.73225,0.60016,-0.79967,-0.01076,0.01470,-0.04470,1.03061,0.10323,
1703614325885925888,-3.46642,86.58930,2.74406,0.60151,-0.79861,-0.01130,0.01674,-0.15235,1.00134,-0.01688,
1703614326019357696,-3.48494,86.72807,2.74170,0.60021,-0.79952,-0.01426,0.01793,-0.18784,1.00081,0.05922,
1703614326152790016,-3.50703,86.85793,2.75362,0.60183,-0.79816,-0.01760,0.02108,-0.10879,0.93196,0.10443,
1703614326286222336,-3.51836,86.99283,2.75301,0.60053,-0.79907,-0.01923,0.02180,-0.05683,1.09751,-0.11761,
1703614326419654656,-3.52173,87.12580,2.75895,0.60097,-0.79871,-0.01879,0.02325,-0.06576,0.94771,0.07826,
1703614326553086976,-3.52305,87.25954,2.76374,0.60141,-0.79847,-0.01678,0.02178,-0.09337,1.02305,0.03251,
1703614326686519296,-3.53706,87.39167,2.76672,0.60156,-0.79834,-0.01833,0.02096,-0.09345,0.96687,-0.00096,
1703614326820072192,-3.54582,87.52310,2.77158,0.60083,-0.79883,-0.01953,0.02201,-0.03931,0.95693,0.07622,
1703614327020904448,-3.54092,87.71251,2.77936,0.60151,-0.79840,-0.01623,0.02186,0.01641,0.92604,0.02580,
1703614327154807040,-3.54119,87.83984,2.78187,0.60150,-0.79846,-0.01513,0.02076,-0.06266,0.93413,0.02521,
1703614327288721152,-3.54541,87.96390,2.78825,0.60187,-0.79818,-0.01530,0.02064,-0.00951,0.91464,0.04261,
1703614327422646784,-3.54235,88.09371,2.78585,0.59935,-0.80014,-0.01370,0.01915,0.02730,0.95615,0.00099,
1703614327556583680,-3.53735,88.21565,2.79150,0.59938,-0.80016,-0.01210,0.01861,0.08595,0.88193,0.05846,
1703614327690532096,-3.52852,88.33873,2.79652,0.59958,-0.80015,-0.00931,0.01343,0.03712,0.90792,0.03067,
1703614327891023872,-3.54385,88.51207,2.80799,0.59969,-0.80003,-0.01151,0.01404,-0.10453,0.79033,0.08236,
1703614328024407040,-3.54313,88.62271,2.81765,0.60209,-0.79823,-0.01218,0.01279,0.08144,0.87239,0.02356,
1703614328157788672,-3.53113,88.73987,2.81967,0.60161,-0.79867,-0.00805,0.01149,0.04855,0.88734,-0.00325,
1703614328291169024,-3.52845,88.86181,2.82032,0.60043,-0.79956,-0.00655,0.01204,-0.03527,0.90160,0.05645,
1703614328424547328,-3.53097,88.97943,2.82818,0.60213,-0.79828,-0.00713,0.01186,-0.03626,0.89758,0.04206,
1703614328557924096,-3.53416,89.10172,2.83409,0.60274,-0.79782,-0.00743,0.01151,0.00297,0.88568,0.07933,
1703614328691299328,-3.53264,89.22217,2.84111,0.60300,-0.79760,-0.00705,0.01305,0.01412,0.88497,0.05884,
1703614328824677376,-3.52385,89.34086,2.84349,0.60253,-0.79802,-0.00495,0.01023,0.05625,0.89276,-0.02003,
1703614328958065152,-3.52230,89.45925,2.84509,0.60258,-0.79800,-0.00300,0.00871,-0.11922,0.86668,0.08488,
1703614329091451136,-3.54618,89.57853,2.84772,0.60274,-0.79779,-0.00782,0.01311,-0.19130,0.92907,-0.00759,
1703614329224835584,-3.55522,89.69801,2.85217,0.60312,-0.79747,-0.01097,0.01334,0.09057,0.89511,0.03518,
1703614329358218752,-3.54470,89.81773,2.85752,0.60350,-0.79724,-0.00680,0.01210,0.01000,0.90713,0.03274,
1703614329491600384,-3.55205,89.94208,2.85897,0.60295,-0.79768,-0.00741,0.01040,-0.10787,0.94596,0.01706,
1703614329624980480,-3.56900,90.06348,2.86787,0.60334,-0.79735,-0.00990,0.01060,-0.16453,0.92940,0.00623,
1703614329758359296,-3.58939,90.18432,2.87093,0.60261,-0.79781,-0.01362,0.01303,-0.12947,0.91720,0.01407,
1703614329891745280,-3.60027,90.30540,2.87031,0.60090,-0.79902,-0.01519,0.01580,-0.04139,0.88307,0.02725,
1703614330025132544,-3.60615,90.42303,2.87676,0.60187,-0.79827,-0.01566,0.01635,-0.03942,0.89926,0.01318,
1703614330158517760,-3.61184,90.55001,2.87605,0.60072,-0.79916,-0.01486,0.01602,-0.06731,0.91470,0.08840,
1703614330291901952,-3.62346,90.67309,2.88199,0.60131,-0.79870,-0.01591,0.01611,-0.08570,0.93989,0.00564,
1703614330425284352,-3.63700,90.79853,2.88359,0.59991,-0.79965,-0.01816,0.01856,-0.08118,0.87562,0.10177,
1703614330558665728,-3.64074,90.92360,2.88283,0.59863,-0.80058,-0.01777,0.01994,-0.02339,0.94002,-0.00748,
1703614330692045568,-3.64065,91.04570,2.88833,0.59916,-0.80025,-0.01727,0.01746,0.00490,0.90329,0.05806,
1703614330825427968,-3.64703,91.17158,2.89027,0.59867,-0.80062,-0.01635,0.01802,-0.13400,0.93490,0.02295,
1703614330958810880,-3.65927,91.29461,2.89708,0.59926,-0.80010,-0.01758,0.02069,-0.10485,0.91583,0.05702,
1703614331092191744,-3.66410,91.41690,2.90128,0.59911,-0.80015,-0.01875,0.02188,-0.02648,0.96368,-0.04078,
1703614331225571072,-3.66276,91.53569,2.90714,0.59975,-0.79975,-0.01676,0.02062,0.04226,0.89677,0.05095,
1703614331358948352,-3.66324,91.65675,2.90997,0.59964,-0.79991,-0.01478,0.01871,-0.00302,0.92799,0.01242,
1703614331492324096,-3.66337,91.77981,2.91204,0.59884,-0.80058,-0.01384,0.01658,-0.00983,0.89606,0.05415,
1703614331625698560,-3.66509,91.89720,2.91673,0.59973,-0.79992,-0.01401,0.01626,-0.03654,0.86950,0.03695,
1703614331759070976,-3.68122,92.01692,2.91835,0.59965,-0.79984,-0.01728,0.01928,-0.11959,0.90505,0.02218,
1703614331892454400,-3.69526,92.12763,2.92768,0.60173,-0.79818,-0.01997,0.02057,-0.03685,0.83208,0.06463,
1703614332025839104,-3.69930,92.24330,2.93085,0.60095,-0.79882,-0.01905,0.01991,-0.01035,0.87031,-0.00793,
1703614332159222272,-3.69974,92.35758,2.93266,0.60111,-0.79872,-0.01732,0.02034,-0.02096,0.83377,0.06279,
1703614332292603904,-3.70927,92.47036,2.93532,0.59984,-0.79954,-0.01921,0.02355,-0.09455,0.81277,0.02378,
1703614332425984256,-3.71977,92.57829,2.93476,0.60000,-0.79930,-0.02172,0.02547,-0.07941,0.86341,-0.03880,
1703614332559363072,-3.73021,92.68498,2.93744,0.59948,-0.79977,-0.02097,0.02361,-0.08550,0.77702,0.05267,
1703614332692739840,-3.74197,92.78977,2.94090,0.59930,-0.79990,-0.02100,0.02343,-0.07523,0.76361,0.06502,
1703614332826120448,-3.74705,92.89103,2.94401,0.59960,-0.79954,-0.02314,0.02585,-0.04172,0.80354,-0.02783,
1703614332959507200,-3.74807,92.99237,2.94425,0.59887,-0.80008,-0.02261,0.02664,-0.04795,0.78270,-0.00963,
1703614333092892928,-3.75257,93.09333,2.94817,0.59902,-0.80003,-0.02041,0.02667,-0.06554,0.76436,0.03626,
1703614333226276864,-3.76010,93.19657,2.94792,0.59866,-0.80038,-0.02008,0.02449,-0.03240,0.82086,-0.05629,
1703614333359659520,-3.77171,93.29986,2.94764,0.59696,-0.80155,-0.02149,0.02618,-0.05550,0.72479,0.04332,
1703614333493040640,-3.78169,93.39927,2.95218,0.59780,-0.80080,-0.02426,0.02756,-0.02051,0.79329,-0.00219,
1703614333626420224,-3.77694,93.50624,2.95002,0.59643,-0.80194,-0.02135,0.02678,0.12034,0.75370,0.06341,
1703614333759798272,-3.76851,93.60884,2.95637,0.59796,-0.80102,-0.01717,0.02271,0.04547,0.79137,0.00540,
1703614333893182720,-3.76860,93.71507,2.95660,0.59694,-0.80184,-0.01551,0.02181,-0.10109,0.76336,0.02142,
1703614334026568960,-3.78497,93.81654,2.95845,0.59619,-0.80230,-0.01907,0.02269,-0.10525,0.72171,0.04127,
1703614334159953152,-3.79443,93.91563,2.96165,0.59656,-0.80196,-0.02056,0.02344,-0.05624,0.76364,-0.00828,
1703614334360027136,-3.78994,94.06755,2.96598,0.59691,-0.80179,-0.01851,0.02203,0.05540,0.75708,0.02106,
1703614334493407744,-3.78214,94.17101,2.96942,0.59732,-0.80163,-0.01491,0.01940,0.03791,0.76602,0.02653,
1703614334626787072,-3.77740,94.27339,2.97608,0.59858,-0.80075,-0.01180,0.01908,-0.01525,0.76937,0.02369,
1703614334760164608,-3.77699,94.37873,2.97618,0.59794,-0.80123,-0.01159,0.01898,0.02894,0.79948,-0.01653,
1703614334893549568,-3.77394,94.48394,2.97650,0.59735,-0.80171,-0.01121,0.01781,0.01507,0.78773,0.02208,
1703614335026934784,-3.77958,94.58663,2.98037,0.59805,-0.80119,-0.01177,0.01715,-0.08928,0.81294,-0.01372,
1703614335160318464,-3.78607,94.69505,2.97826,0.59658,-0.80229,-0.01177,0.01662,-0.00176,0.80731,0.03177,
1703614335293700608,-3.78446,94.80191,2.98176,0.59750,-0.80159,-0.01039,0.01829,-0.04635,0.80242,0.06042,
1703614335427081472,-3.78913,94.91663,2.98505,0.59750,-0.80157,-0.01175,0.01820,-0.03451,0.79643,0.09899,
1703614335560460544,-3.78949,95.02167,2.99462,0.59926,-0.80032,-0.01003,0.01661,-0.07014,0.80770,0.01107,
1703614335693837824,-3.80651,95.13224,2.99693,0.59936,-0.80018,-0.01327,0.01721,-0.10185,0.86660,-0.03324,
1703614335827217152,-3.81814,95.24520,2.99957,0.59899,-0.80036,-0.01609,0.01931,-0.06874,0.87420,0.00217,
1703614335960601600,-3.81916,95.36450,2.99703,0.59732,-0.80162,-0.01495,0.01979,-0.00519,0.90819,-0.01596,
1703614336093984256,-3.81932,95.48112,3.00321,0.59748,-0.80155,-0.01298,0.01931,0.01574,0.80593,0.10574,
1703614336227365632,-3.82234,95.59694,3.00846,0.59772,-0.80138,-0.01252,0.01885,-0.06876,0.90697,-0.01052,
1703614336360745728,-3.82942,95.71518,3.01034,0.59830,-0.80092,-0.01384,0.01949,-0.00810,0.88294,0.04008,
1703614336494123776,-3.83493,95.83574,3.01087,0.59747,-0.80155,-0.01401,0.01875,-0.06179,0.87124,0.03268,
1703614336694187776,-3.84895,96.01240,3.01234,0.59653,-0.80213,-0.01504,0.02245,-0.06216,0.86188,0.01618,
1703614336827565312,-3.84525,96.12753,3.01209,0.59657,-0.80217,-0.01364,0.02095,0.05297,0.87750,0.02218,
1703614336960950016,-3.83970,96.24204,3.01726,0.59828,-0.80101,-0.01043,0.01816,-0.05721,0.85584,0.07861,
1703614337094333440,-3.85210,96.36187,3.02031,0.59881,-0.80059,-0.01297,0.01781,-0.11513,0.92881,-0.01878,
1703614337227715328,-3.86378,96.48045,3.02251,0.59908,-0.80030,-0.01465,0.02048,-0.04398,0.90218,0.00434,
1703614337361095680,-3.85982,96.60559,3.02213,0.59788,-0.80123,-0.01369,0.01942,0.08546,0.94963,-0.00645,
1703614337494474496,-3.84682,96.72568,3.02728,0.59790,-0.80133,-0.00948,0.01709,0.08496,0.87489,0.08030,
1703614337627851520,-3.84317,96.85084,3.03235,0.59805,-0.80127,-0.00712,0.01567,0.00773,0.91354,0.08353,
1703614337761227264,-3.84778,96.96961,3.04393,0.60076,-0.79921,-0.00816,0.01686,-0.05303,0.91506,0.02380,
1703614337894610688,-3.85095,97.09743,3.04473,0.59976,-0.79992,-0.00930,0.01830,0.01574,0.95048,0.01030,
1703614338027994624,-3.85310,97.22306,3.04799,0.59955,-0.80009,-0.00966,0.01730,-0.00624,0.94717,0.00731,
1703614338161377536,-3.86146,97.35039,3.04701,0.59842,-0.80096,-0.00972,0.01633,-0.08594,0.92837,0.04044,
1703614338294758656,-3.87387,97.47014,3.05872,0.60074,-0.79921,-0.01079,0.01630,-0.10666,0.94641,0.01929,
1703614338428137984,-3.88692,97.59434,3.06294,0.60057,-0.79927,-0.01304,0.01779,-0.09978,0.92454,0.00569,
1703614338561515776,-3.89712,97.71834,3.06581,0.60061,-0.79915,-0.01561,0.01937,-0.05313,0.93340,0.04385,
1703614338694892288,-3.90308,97.84549,3.06741,0.59973,-0.79985,-0.01523,0.01816,-0.06378,0.92720,0.03582,
1703614338894961920,-3.92048,98.02999,3.07502,0.60003,-0.79965,-0.01583,0.01639,-0.11362,0.92636,0.03289,
1703614339028344832,-3.93377,98.15304,3.07750,0.60003,-0.79950,-0.01824,0.02084,-0.03774,0.94693,-0.01287,
1703614339161726464,-3.92318,98.28004,3.08306,0.60019,-0.79942,-0.01689,0.02054,0.18342,0.90107,0.09226,
1703614339295106304,-3.90267,98.41064,3.08297,0.59891,-0.80052,-0.01011,0.01914,0.01739,0.95763,0.03286,
1703614339495173376,-3.92105,98.60089,3.09039,0.59855,-0.80073,-0.01259,0.02037,-0.20928,0.91793,0.06392,
1703614339628549376,-3.94109,98.72566,3.09876,0.59991,-0.79958,-0.01707,0.02215,-0.09692,0.96644,0.00467,
1703614339761923840,-3.94646,98.85723,3.10133,0.59950,-0.79989,-0.01673,0.02212,-0.02497,0.96162,0.06185,
1703614339895304448,-3.94827,98.98781,3.10596,0.60071,-0.79906,-0.01560,0.02018,-0.02597,1.04909,-0.02523,
1703614340028686848,-3.95499,99.12442,3.10799,0.59957,-0.79995,-0.01508,0.01937,-0.08303,0.98629,0.05752,
1703614340162067456,-3.96449,99.25951,3.11204,0.59882,-0.80046,-0.01635,0.02020,-0.04463,0.96204,0.11151,
1703614340295446784,-3.97256,99.38948,3.12153,0.60099,-0.79876,-0.01767,0.02207,-0.06019,1.03640,-0.02910,
1703614340428824064,-3.97434,99.52792,3.12001,0.59938,-0.80007,-0.01577,0.01973,-0.07117,1.00046,0.03482,
1703614340562200320,-3.98315,99.66010,3.12507,0.60044,-0.79933,-0.01561,0.01716,-0.14677,1.03384,0.01055,
1703614340695574528,-4.00819,99.79574,3.12494,0.59955,-0.79986,-0.02008,0.01876,-0.16575,0.96827,0.05573,
1703614340828950272,-4.02732,99.92958,3.13119,0.59970,-0.79955,-0.02406,0.02235,-0.11170,0.98252,0.07251,
1703614340962333440,-4.02828,100.06194,3.13615,0.60089,-0.79870,-0.02337,0.02152,0.05550,1.05665,-0.03687,
1703614341095715328,-4.02094,100.19779,3.13882,0.59883,-0.80044,-0.01895,0.01827,0.03779,0.94386,0.06704,
1703614341229095424,-4.02517,100.33163,3.13980,0.59807,-0.80106,-0.01797,0.01732,-0.13950,1.00167,0.01903,
1703614341362474240,-4.04178,100.46023,3.14557,0.60021,-0.79934,-0.02103,0.01892,-0.13040,1.05762,-0.06887,
1703614341495851008,-4.05465,100.59372,3.14940,0.59981,-0.79957,-0.02302,0.01961,-0.06589,0.99304,0.05049,
1703614341629226496,-4.06262,100.72750,3.15258,0.59984,-0.79955,-0.02296,0.01951,-0.03596,1.00014,0.03764,
1703614341762600448,-4.07065,100.86569,3.15490,0.59911,-0.80009,-0.02286,0.02003,-0.06718,1.02224,0.05597,
1703614341895980288,-4.07796,101.00197,3.16080,0.59896,-0.80018,-0.02276,0.02112,-0.06664,0.98154,0.04931,
1703614342029362432,-4.07303,101.13980,3.16584,0.59986,-0.79958,-0.02084,0.02004,0.17533,1.07363,0.01128,
1703614342162743040,-4.05857,101.28101,3.16192,0.59678,-0.80205,-0.01616,0.01756,0.05302,0.98630,0.01827,
1703614342296122112,-4.06091,101.41285,3.16927,0.59818,-0.80106,-0.01514,0.01624,-0.14070,1.00630,0.02624,
1703614342429499648,-4.09062,101.54406,3.17244,0.59730,-0.80156,-0.02108,0.01700,-0.27168,0.97787,0.00036,
1703614342562875392,-4.11505,101.67059,3.17701,0.59721,-0.80143,-0.02626,0.01881,-0.05300,0.93566,0.04490,
1703614342696249344,-4.11984,101.79607,3.18126,0.59785,-0.80095,-0.02664,0.01853,-0.00884,0.96502,-0.05086,
1703614342829667328,-4.11859,101.92382,3.17842,0.59638,-0.80217,-0.02361,0.01714,-0.00424,0.89897,0.08715,
1703614342963301376,-4.12399,102.04399,3.18616,0.59778,-0.80117,-0.02247,0.01643,-0.04438,0.91213,0.02936,
1703614343096947200,-4.13244,102.16671,3.18939,0.59797,-0.80099,-0.02342,0.01718,-0.10424,0.94100,0.01707,
1703614343230604288,-4.14123,102.28989,3.19386,0.59825,-0.80075,-0.02480,0.01674,-0.05082,0.89579,0.04763,
1703614343431111424,-4.15334,102.47118,3.20160,0.59817,-0.80085,-0.02491,0.01430,-0.08658,0.91719,0.00214,
1703614343564796672,-4.16529,102.59018,3.20687,0.59859,-0.80046,-0.02643,0.01603,-0.07232,0.85042,0.04934,
1703614343698493184,-4.17550,102.70847,3.21226,0.59882,-0.80018,-0.02790,0.01877,-0.04107,0.88603,0.02427,
1703614343832149248,-4.17962,102.82643,3.21408,0.59925,-0.79985,-0.02823,0.01843,0.01508,0.85679,0.02881,
1703614343965576704,-4.17627,102.94419,3.21673,0.59903,-0.80014,-0.02520,0.01720,-0.00806,0.87980,0.03792,
1703614344099004416,-4.17708,103.05870,3.22299,0.59976,-0.79967,-0.02380,0.01553,0.00512,0.85833,0.05869,
1703614344232431872,-4.17769,103.17352,3.22722,0.59977,-0.79975,-0.02255,0.01281,0.01680,0.86828,-0.01722,
1703614344365859072,-4.17779,103.28462,3.23370,0.60038,-0.79936,-0.02144,0.01057,0.01624,0.80743,0.09116,
1703614344499286528,-4.17599,103.39337,3.23922,0.60058,-0.79930,-0.01954,0.00638,0.00411,0.78195,0.01927,
1703614344632713984,-4.17875,103.50354,3.24329,0.60108,-0.79894,-0.01876,0.00613,-0.09237,0.81260,0.05279,
1703614344766141440,-4.19010,103.61657,3.24288,0.59950,-0.80005,-0.02164,0.00664,-0.09811,0.81062,0.01666,
1703614344899568896,-4.19562,103.72247,3.24995,0.60088,-0.79897,-0.02292,0.00751,-0.01314,0.85450,-0.03742,
1703614345032996352,-4.19666,103.83232,3.25227,0.60055,-0.79926,-0.02129,0.00836,0.00543,0.80990,0.05413,
1703614345166423808,-4.19568,103.93717,3.26112,0.60098,-0.79898,-0.01984,0.00766,0.01318,0.75051,0.07652,
1703614345299851520,-4.19575,104.04083,3.26775,0.60195,-0.79829,-0.01911,0.00554,-0.00741,0.82594,-0.01413,
1703614345433278720,-4.19749,104.14463,3.27019,0.60145,-0.79870,-0.01840,0.00270,-0.01368,0.70685,0.10084,
1703614345566706176,-4.20441,104.24628,3.27441,0.60226,-0.79807,-0.01889,0.00276,-0.04923,0.77461,0.02273,
1703614345700133888,-4.20936,104.35054,3.27383,0.60115,-0.79888,-0.02016,0.00150,-0.02345,0.78139,-0.02755,
1703614345833561344,-4.21633,104.45432,3.27516,0.60123,-0.79880,-0.02100,0.00049,-0.06896,0.79973,0.01173,
1703614346033706496,-4.22134,104.61197,3.27897,0.60019,-0.79959,-0.02052,0.00050,-0.00100,0.77621,0.00739,
1703614346167136768,-4.21488,104.71001,3.29030,0.60239,-0.79797,-0.01905,0.00268,0.04327,0.67583,0.14167,
1703614346300567040,-4.20442,104.80763,3.29801,0.60362,-0.79708,-0.01701,0.00383,0.07896,0.75198,0.01747,
1703614346500712448,-4.19955,104.95700,3.30298,0.60264,-0.79785,-0.01549,0.00356,-0.04696,0.72847,0.01822,
1703614346634142976,-4.20214,105.05805,3.30259,0.60204,-0.79834,-0.01430,-0.00011,0.00534,0.72803,0.08067,
1703614346767572992,-4.21142,105.16055,3.30586,0.60252,-0.79795,-0.01539,-0.00094,-0.05091,0.77943,0.02419,
1703614346901001728,-4.21367,105.26221,3.31046,0.60348,-0.79721,-0.01641,-0.00070,-0.00626,0.76225,0.01980,
1703614347034429184,-4.20642,105.37032,3.30834,0.60221,-0.79820,-0.01485,-0.00003,0.07885,0.84283,-0.01389,
1703614347167856640,-4.19982,105.47458,3.31515,0.60288,-0.79772,-0.01369,0.00122,0.02338,0.76667,0.06036,
1703614347301284096,-4.19767,105.58166,3.31651,0.60124,-0.79895,-0.01409,0.00116,0.02764,0.77168,0.02438,
1703614347434711552,-4.19412,105.68660,3.32089,0.60192,-0.79845,-0.01320,-0.00048,0.01238,0.81314,0.02137,
1703614347568138752,-4.19530,105.79488,3.32422,0.60110,-0.79907,-0.01271,-0.00052,0.00556,0.79970,0.04533,
1703614347701566208,-4.19836,105.90192,3.32612,0.60093,-0.79920,-0.01301,-0.00052,0.00310,0.80006,0.04802,
1703614347834994176,-4.20279,106.01297,3.33517,0.60227,-0.79820,-0.01257,0.00034,-0.03161,0.81370,0.07660,
1703614347968424448,-4.20983,106.12326,3.34655,0.60410,-0.79680,-0.01298,-0.00033,-0.05426,0.88659,-0.02790,
1703614348101854464,-4.21509,106.24438,3.33969,0.60194,-0.79842,-0.01349,-0.00130,0.00440,0.88792,0.02478,
1703614348235284736,-4.22842,106.36777,3.33807,0.59889,-0.80067,-0.01596,0.00039,-0.12774,0.92074,-0.04365,
1703614348435430400,-4.23525,106.54058,3.34226,0.59858,-0.80086,-0.01763,0.00425,0.13249,0.88851,0.02744,
1703614348568860672,-4.21537,106.65304,3.35097,0.59962,-0.80017,-0.01208,0.00522,0.18776,0.83418,0.06510,
1703614348702291200,-4.19619,106.77480,3.34515,0.59758,-0.80178,-0.00624,0.00187,0.02997,0.88024,-0.02667,
1703614348835721728,-4.19864,106.89482,3.34785,0.59808,-0.80140,-0.00714,-0.00008,-0.13339,0.92238,0.02625,
1703614348969150208,-4.22124,107.01466,3.35711,0.60079,-0.79931,-0.01243,0.00219,-0.12770,0.91034,0.04434,
1703614349102579456,-4.22976,107.13852,3.35674,0.59921,-0.80046,-0.01434,0.00263,0.02480,0.89109,0.04048,
1703614349236008192,-4.22413,107.25932,3.36284,0.60109,-0.79908,-0.01285,0.00059,0.04711,0.98523,-0.03252,
1703614349369436928,-4.22494,107.38715,3.36102,0.59943,-0.80034,-0.01187,0.00126,-0.07305,0.96062,0.01601,
1703614349502865664,-4.23661,107.51640,3.36346,0.59893,-0.80067,-0.01428,0.00291,0.00059,0.91313,0.15309,
1703614349636294656,-4.22791,107.64187,3.37568,0.59937,-0.80037,-0.01185,0.00416,0.14502,0.91408,0.04197,
1703614349769723648,-4.21423,107.76861,3.37142,0.59808,-0.80134,-0.01084,0.00598,0.12155,0.98509,-0.05401,
1703614349903152896,-4.20084,107.90210,3.37503,0.59991,-0.80001,-0.00806,0.00414,0.08433,1.01182,0.01381,
1703614350036582144,-4.21085,108.03707,3.38471,0.60113,-0.79910,-0.00889,0.00300,-0.15999,1.03350,0.03036,
1703614350170011648,-4.23570,108.17990,3.39064,0.60027,-0.79967,-0.01321,0.00531,-0.08060,1.07578,0.00641,
1703614350303441152,-4.23630,108.31177,3.40224,0.60011,-0.79970,-0.01272,0.01388,0.21238,0.88523,0.20801,
1703614350436870912,-4.19642,108.44099,3.41003,0.60264,-0.79794,-0.00511,0.00946,0.42744,1.03686,-0.11988,
1703614350570300672,-4.16394,108.58225,3.40869,0.60090,-0.79928,0.00500,0.00584,-0.03967,1.04573,0.04781,
1703614350703729920,-4.17944,108.71886,3.41900,0.60194,-0.79852,0.00131,0.00580,-0.15353,0.99464,0.08357,
1703614350837161984,-4.19222,108.85414,3.42189,0.60103,-0.79920,-0.00272,0.00588,0.02395,0.99676,0.07597,
1703614350970618624,-4.18499,108.98778,3.42810,0.60225,-0.79830,-0.00023,0.00343,0.05154,1.05163,-0.05790,
1703614351104075776,-4.18981,109.13204,3.43167,0.60224,-0.79830,-0.00039,0.00596,-0.10616,1.06985,0.04545,
1703614351237533440,-4.19848,109.27489,3.43416,0.60044,-0.79960,-0.00485,0.00966,0.03846,1.06516,0.04177,
1703614351370991872,-4.19292,109.41451,3.44330,0.60305,-0.79764,-0.00274,0.00973,0.04846,1.06977,0.03745,
1703614351504451584,-4.19268,109.56628,3.44692,0.60257,-0.79804,-0.00075,0.00654,-0.06287,1.14724,0.01151,
1703614351637911296,-4.19908,109.71501,3.45208,0.60294,-0.79776,-0.00173,0.00608,-0.04221,1.12831,0.02729,
1703614351771372032,-4.20386,109.85485,3.46344,0.60276,-0.79791,-0.00324,0.00334,0.02684,1.04554,0.04091,
1703614351904812288,-4.23090,110.00014,3.45540,0.59818,-0.80120,-0.00930,0.01300,-0.25574,1.04950,-0.07261,
1703614352038238464,-4.23657,110.13419,3.46050,0.59973,-0.80002,-0.01109,0.01321,0.15821,1.03469,0.04674,
1703614352171664128,-4.21301,110.27605,3.46002,0.59914,-0.80052,-0.00193,0.01374,0.06903,1.07866,0.01589,
1703614352305090304,-4.21422,110.41924,3.46361,0.59797,-0.80137,-0.00255,0.01526,-0.08515,1.00778,0.10739,
1703614352438516224,-4.23322,110.55396,3.46811,0.59806,-0.80116,-0.00811,0.02001,-0.17629,1.06866,-0.01909,
1703614352571941632,-4.24862,110.68746,3.47132,0.59838,-0.80086,-0.00982,0.02162,-0.07661,1.08809,-0.06481,
1703614352705367040,-4.25545,110.82653,3.47227,0.59823,-0.80102,-0.00903,0.02012,-0.04688,1.02266,0.09567,
1703614352905505792,-4.27112,111.03158,3.48196,0.59850,-0.80076,-0.01229,0.02079,-0.05981,0.97088,0.12758,
1703614353038931712,-4.27722,111.16727,3.48172,0.59792,-0.80111,-0.01258,0.02367,-0.07478,1.02559,0.03673,
1703614353172357376,-4.29362,111.29742,3.49280,0.59950,-0.79989,-0.01509,0.02347,-0.12203,1.02957,-0.05737,
1703614353305783296,-4.30434,111.43452,3.48976,0.59673,-0.80200,-0.01501,0.02194,-0.12144,1.02914,-0.01180,
1703614353439208704,-4.31828,111.55851,3.49039,0.59561,-0.80285,-0.01491,0.02132,-0.13325,0.90110,0.07424,
1703614353572634112,-4.33541,111.68515,3.49306,0.59720,-0.80150,-0.01791,0.02489,-0.13185,1.01213,-0.02202,
1703614353706059520,-4.34661,111.81284,3.49527,0.59668,-0.80168,-0.02233,0.02800,-0.05968,0.93531,0.05896,
1703614353839486208,-4.34939,111.93748,3.49893,0.59772,-0.80081,-0.02065,0.03168,-0.04174,0.96051,0.00618,
1703614353972926464,-4.35219,112.06321,3.50152,0.59692,-0.80146,-0.01930,0.03136,-0.04086,0.93165,0.01791,
1703614354106366720,-4.35835,112.18387,3.50864,0.59722,-0.80122,-0.01882,0.03191,-0.04267,0.89046,0.05037,
1703614354239807488,-4.35921,112.30341,3.51317,0.59771,-0.80084,-0.01838,0.03257,-0.02668,0.88723,0.05427,
1703614354373248256,-4.35706,112.42238,3.51964,0.59863,-0.80027,-0.01754,0.03006,0.09228,0.85715,0.06379,
1703614354506689792,-4.34582,112.53837,3.52465,0.59919,-0.79996,-0.01226,0.02970,-0.00858,0.82942,0.09933,
1703614354640131072,-4.35650,112.66140,3.52449,0.59686,-0.80170,-0.01386,0.02920,-0.10248,0.85635,0.05455,
1703614354773572864,-4.37143,112.77269,3.53134,0.59906,-0.80004,-0.01603,0.02860,-0.15005,0.88094,0.00776,
1703614354907006208,-4.39212,112.88730,3.53579,0.59947,-0.79969,-0.01843,0.02815,-0.19572,0.86702,0.02386,
1703614355040432640,-4.40962,113.00120,3.53676,0.59793,-0.80081,-0.02137,0.02679,-0.09385,0.82736,0.05545,
1703614355173859072,-4.41900,113.11061,3.54021,0.59910,-0.79996,-0.02134,0.02620,-0.07290,0.85813,0.00437,
1703614355307285248,-4.43056,113.22825,3.53753,0.59784,-0.80076,-0.02269,0.02907,-0.07935,0.88080,0.01149,
1703614355440711424,-4.43478,113.34328,3.54351,0.59873,-0.80003,-0.02263,0.03104,-0.00351,0.84763,0.05107,
1703614355574137600,-4.43608,113.45791,3.54817,0.59867,-0.80032,-0.02033,0.02584,-0.02400,0.87100,-0.00570,
1703614355707563520,-4.44160,113.57028,3.55042,0.59801,-0.80089,-0.01894,0.02471,-0.07772,0.83313,0.02489,
1703614355840989696,-4.44060,113.67966,3.55471,0.59827,-0.80068,-0.02005,0.02431,0.10131,0.81639,0.05027,
1703614355974416128,-4.42060,113.78805,3.55646,0.59787,-0.80111,-0.01567,0.02304,0.15572,0.80986,0.01800,
1703614356107842560,-4.40053,113.90023,3.55580,0.59723,-0.80178,-0.01058,0.01882,0.13934,0.82294,0.04708,
1703614356307982080,-4.39003,114.06692,3.56202,0.59683,-0.80215,-0.00727,0.01736,0.02463,0.79797,0.06299,
1703614356508121600,-4.37474,114.22287,3.56735,0.59743,-0.80175,-0.00470,0.01566,0.17595,0.81109,-0.01554,
1703614356641547776,-4.35318,114.33231,3.56952,0.59778,-0.80154,0.00013,0.01361,0.13010,0.83228,0.02609,
1703614356774973696,-4.34314,114.44160,3.57312,0.59765,-0.80171,0.00346,0.00797,-0.05496,0.79992,0.03175,
1703614356908399872,-4.36306,114.55125,3.57785,0.59879,-0.80088,0.00038,0.00591,-0.20705,0.82524,0.03021,
1703614357041826048,-4.38476,114.66126,3.58077,0.59890,-0.80078,-0.00487,0.00708,-0.07108,0.85610,-0.02601,
1703614357175251968,-4.38334,114.77263,3.58073,0.59863,-0.80097,-0.00487,0.00773,0.08777,0.83667,0.01581,
1703614357308677888,-4.36725,114.88598,3.58175,0.59776,-0.80164,-0.00098,0.00714,0.09403,0.88998,-0.04587,
1703614357442104064,-4.37222,114.99753,3.58225,0.59754,-0.80179,-0.00323,0.00852,-0.02413,0.78850,0.08998,
1703614357575529472,-4.37684,115.10797,3.59073,0.59913,-0.80060,-0.00405,0.00805,-0.03752,0.85662,0.02195,
1703614357708955392,-4.38359,115.22450,3.59255,0.59887,-0.80081,-0.00386,0.00670,-0.03733,0.88854,0.01492,
1703614357842380800,-4.38349,115.34192,3.60006,0.59933,-0.80047,-0.00315,0.00654,0.03624,0.86754,0.05626,
1703614357975806976,-4.38240,115.46105,3.60444,0.59979,-0.80012,-0.00326,0.00666,0.02314,0.90284,0.02682,
1703614358109232640,-4.38213,115.57968,3.61377,0.60003,-0.79994,-0.00328,0.00750,-0.02131,0.86227,0.06558,
1703614358242658304,-4.38034,115.70199,3.61514,0.59840,-0.80116,-0.00279,0.00788,-0.02976,0.91861,-0.02846,
1703614358376083968,-4.38488,115.82012,3.61998,0.59913,-0.80059,-0.00393,0.00911,-0.01920,0.93531,-0.00015,
1703614358509509632,-4.38734,115.94004,3.62297,0.59960,-0.80023,-0.00494,0.00928,-0.02742,0.95425,-0.05991,
1703614358642935040,-4.39196,116.06786,3.61989,0.59825,-0.80126,-0.00554,0.00692,-0.07335,0.94471,0.02815,
1703614358776360192,-4.40423,116.19375,3.62364,0.59772,-0.80165,-0.00727,0.00545,-0.07879,0.94660,0.00928,
1703614358909786368,-4.41050,116.31986,3.62716,0.59822,-0.80128,-0.00787,0.00516,-0.00603,0.96029,0.00609,
1703614359043213056,-4.40922,116.44877,3.62985,0.59861,-0.80098,-0.00776,0.00566,0.03993,0.95456,0.02882,
1703614359176639744,-4.40923,116.58015,3.63106,0.59823,-0.80128,-0.00751,0.00315,-0.05779,0.98059,0.02086,
1703614359310066432,-4.42217,116.71237,3.63270,0.59713,-0.80209,-0.00884,0.00126,-0.13423,0.95044,0.02738,
1703614359443492608,-4.43960,116.83837,3.63711,0.59743,-0.80181,-0.01235,0.00399,-0.09569,0.95283,0.04447,
1703614359576919040,-4.45484,116.96285,3.64451,0.59776,-0.80147,-0.01629,0.00837,-0.07943,0.92968,0.00032,
1703614359710345216,-4.45051,117.08624,3.65109,0.59828,-0.80111,-0.01494,0.00809,0.04329,0.92714,0.04414,
1703614359843771392,-4.44464,117.20750,3.65757,0.59781,-0.80150,-0.01208,0.00860,-0.04043,0.84130,0.10519,
1703614359977197568,-4.45211,117.32912,3.66150,0.59796,-0.80133,-0.01433,0.01043,-0.00971,0.91792,0.01596,
1703614360110623744,-4.44846,117.44871,3.66736,0.59867,-0.80081,-0.01355,0.01129,0.03155,0.90443,0.00218,
1703614360244049664,-4.44086,117.56531,3.67496,0.59965,-0.80010,-0.01182,0.01084,0.06004,0.81892,0.10574,
1703614360377475584,-4.42983,117.68826,3.67530,0.60017,-0.79980,-0.00843,0.00631,0.02898,0.99254,-0.05259,
1703614360510901504,-4.43863,117.81239,3.67973,0.60075,-0.79936,-0.00931,0.00672,-0.14184,0.96608,-0.02560,
1703614360644326912,-4.45553,117.93715,3.68303,0.60049,-0.79946,-0.01356,0.00929,-0.07589,0.92345,0.04148,
1703614360777752064,-4.45635,118.06076,3.68483,0.60035,-0.79955,-0.01330,0.01069,0.06966,0.93567,-0.00242,
1703614360911179520,-4.44354,118.18554,3.68559,0.60020,-0.79976,-0.00878,0.00824,0.04198,0.93127,0.02085,
1703614361044608000,-4.44899,118.30824,3.69054,0.60079,-0.79934,-0.00818,0.00651,-0.15180,0.93134,0.01002,
1703614361178036480,-4.47229,118.42982,3.69244,0.60017,-0.79973,-0.01382,0.00669,-0.15169,0.89702,0.07608,
1703614361311464704,-4.48918,118.54705,3.69867,0.59999,-0.79979,-0.01712,0.00708,-0.07255,0.82213,0.06843,
1703614361444893440,-4.49448,118.66375,3.69933,0.59925,-0.80032,-0.01735,0.00943,-0.04188,0.93434,-0.06159,
1703614361578321408,-4.49800,118.77799,3.70420,0.59874,-0.80072,-0.01684,0.00855,-0.00958,0.83637,-0.01124,
1703614361711749888,-4.50430,118.89289,3.70484,0.59795,-0.80130,-0.01716,0.00900,-0.05349,0.83202,0.02338,
1703614361845177856,-4.50887,119.00783,3.70577,0.59742,-0.80164,-0.01878,0.01055,-0.01675,0.85599,0.00423,
1703614361978605824,-4.50937,119.12110,3.70876,0.59765,-0.80148,-0.01807,0.01101,-0.02783,0.82217,0.05481,
1703614362112033536,-4.51943,119.23328,3.71372,0.59780,-0.80132,-0.01906,0.01226,-0.04587,0.84173,0.03854,
1703614362245461504,-4.52348,119.34303,3.71961,0.59940,-0.80010,-0.01992,0.01243,0.01097,0.83861,0.01611,
1703614362378888960,-4.52134,119.45795,3.72286,0.59867,-0.80069,-0.01779,0.01294,0.00980,0.79501,0.10463,
1703614362512316928,-4.52214,119.57086,3.72569,0.59938,-0.80016,-0.01780,0.01332,-0.00591,0.89695,-0.06183,
1703614362645744384,-4.51786,119.68467,3.72864,0.59935,-0.80020,-0.01678,0.01357,0.04558,0.83789,0.03376,
1703614362779171840,-4.51120,119.80185,3.73090,0.59973,-0.79995,-0.01506,0.01304,0.06002,0.88857,0.00831,
1703614362912595968,-4.50920,119.92144,3.73262,0.59924,-0.80034,-0.01380,0.01313,-0.00188,0.89423,0.01622,
1703614363046014464,-4.51179,120.04045,3.73707,0.59905,-0.80049,-0.01342,0.01340,0.00290,0.92065,-0.02588,
1703614363179433216,-4.51055,120.15506,3.74085,0.59872,-0.80075,-0.01329,0.01219,0.07524,0.82661,0.02678,
1703614363312851200,-4.50223,120.26885,3.74236,0.59769,-0.80163,-0.01004,0.00723,0.06787,0.82592,0.04217,
1703614363446268672,-4.49773,120.38142,3.74711,0.59806,-0.80140,-0.00805,0.00440,0.05836,0.80893,0.05987,
1703614363579686144,-4.48318,120.48840,3.75519,0.59989,-0.80004,-0.00559,0.00560,0.16338,0.81746,0.00055,
1703614363713103360,-4.46362,120.59805,3.75736,0.59993,-0.80003,-0.00317,0.00561,0.15442,0.80680,0.05953,
1703614363846525952,-4.45174,120.70482,3.76261,0.60060,-0.79955,0.00086,0.00270,-0.02034,0.82931,-0.02912,
1703614363979954176,-4.46897,120.81401,3.76505,0.60082,-0.79938,-0.00148,0.00299,-0.19567,0.84141,0.00117,
1703614364113382656,-4.48933,120.92125,3.76883,0.60070,-0.79942,-0.00786,0.00593,-0.03065,0.79151,0.03094,
1703614364246811136,-4.48124,121.02517,3.77357,0.60098,-0.79921,-0.00686,0.00681,0.14231,0.78131,0.03487,
1703614364380239360,-4.46845,121.13056,3.77573,0.59981,-0.80011,-0.00242,0.00696,-0.00761,0.73364,0.05712,
1703614364513667328,-4.47305,121.23354,3.78107,0.60084,-0.79933,-0.00354,0.00659,-0.08649,0.78276,0.04588,
1703614364647095552,-4.48672,121.34374,3.78539,0.60032,-0.79967,-0.00666,0.01005,-0.12653,0.83107,0.04969,
1703614364780523520,-4.49527,121.44339,3.80089,0.60301,-0.79762,-0.00886,0.01006,-0.04434,0.76826,0.02212,
1703614364913950720,-4.50328,121.54669,3.80380,0.60301,-0.79762,-0.00965,0.00931,-0.09737,0.80265,0.02706,
1703614365047377664,-4.51092,121.65743,3.80159,0.60154,-0.79870,-0.01139,0.01017,-0.04765,0.81117,0.04925,
1703614365180804608,-4.51687,121.76461,3.80795,0.60163,-0.79858,-0.01238,0.01280,-0.06973,0.80000,0.03509,
1703614365314231040,-4.52819,121.87596,3.80883,0.60121,-0.79888,-0.01315,0.01286,-0.10243,0.86087,0.00799,
1703614365447657728,-4.54239,121.98851,3.81252,0.60092,-0.79905,-0.01498,0.01345,-0.08881,0.81746,0.06913,
1703614365581084160,-4.55448,122.10185,3.81649,0.60032,-0.79942,-0.01721,0.01583,-0.07557,0.85655,0.04746,
1703614365714510336,-4.56639,122.20892,3.82586,0.60172,-0.79823,-0.01973,0.01942,-0.08248,0.80715,0.01936,
1703614365847936768,-4.57661,122.31942,3.82573,0.60030,-0.79929,-0.02042,0.01877,-0.09074,0.82291,0.00854,
1703614365981357312,-4.59052,122.42667,3.83092,0.60117,-0.79861,-0.02148,0.01864,-0.07140,0.81085,0.02657,
1703614366114777856,-4.59703,122.53972,3.83197,0.60037,-0.79921,-0.02172,0.01845,0.00240,0.88092,-0.00811,
1703614366248197888,-4.59369,122.65184,3.83557,0.60048,-0.79916,-0.02033,0.01864,0.06084,0.85468,0.01921,
1703614366381617664,-4.59316,122.76547,3.83987,0.59987,-0.79962,-0.01918,0.01986,-0.06120,0.82729,0.05839,
1703614366515037184,-4.59819,122.88015,3.84116,0.59974,-0.79971,-0.01935,0.02028,-0.06302,0.83729,0.04406,
1703614366648456448,-4.60741,122.99383,3.84552,0.59869,-0.80040,-0.02034,0.02278,-0.08987,0.84131,-0.00700,
1703614366781875200,-4.60909,123.10183,3.84825,0.59778,-0.80109,-0.02083,0.02182,-0.00092,0.81924,0.01232,
1703614366915305728,-4.60956,123.21497,3.85130,0.59933,-0.80011,-0.01798,0.01758,-0.09401,0.91146,-0.01620,
1703614367048749056,-4.62676,123.33265,3.85442,0.59851,-0.80066,-0.01901,0.01910,-0.15969,0.87413,0.01928,
1703614367182192896,-4.64335,123.45132,3.85592,0.59852,-0.80043,-0.02307,0.02330,-0.02001,0.88868,0.04169,
1703614367315637248,-4.64027,123.57411,3.85807,0.59809,-0.80071,-0.02249,0.02530,0.02613,0.91140,0.04112,
1703614367449082880,-4.63826,123.69810,3.86313,0.59824,-0.80070,-0.01978,0.02433,-0.06381,0.91184,0.05149,
1703614367582528768,-4.65123,123.81894,3.86550,0.59736,-0.80131,-0.02116,0.02486,-0.15732,0.89673,0.01446,
1703614367715975424,-4.66953,123.94107,3.86384,0.59605,-0.80216,-0.02474,0.02562,-0.13269,0.90460,0.04662,
1703614367849423104,-4.69149,124.06164,3.86803,0.59639,-0.80178,-0.02735,0.02680,-0.20548,0.91093,0.00985,
1703614367982852096,-4.71094,124.18503,3.86867,0.59664,-0.80147,-0.03043,0.02716,-0.08806,0.94595,0.01036,
1703614368116281344,-4.72366,124.30762,3.87385,0.59730,-0.80088,-0.03193,0.02848,-0.08926,0.95057,0.01033,
1703614368249710336,-4.73409,124.42994,3.87821,0.59727,-0.80079,-0.03305,0.03023,-0.05592,0.89299,0.05464,
1703614368383139072,-4.73726,124.55329,3.88003,0.59752,-0.80064,-0.03234,0.03005,-0.00484,0.92835,0.00740,
1703614368516568320,-4.74261,124.67295,3.88387,0.59682,-0.80112,-0.03166,0.03171,-0.06113,0.87750,0.04777,
1703614368649997312,-4.75374,124.79461,3.88799,0.59674,-0.80118,-0.03251,0.03077,-0.09727,0.94463,0.01607,
1703614368783426048,-4.76372,124.91760,3.89141,0.59794,-0.80030,-0.03196,0.03089,-0.09786,0.97491,-0.03259,
1703614368916855040,-4.77743,125.04835,3.88915,0.59700,-0.80096,-0.03288,0.03103,-0.12208,0.95517,0.05453,
1703614369050283520,-4.79158,125.17661,3.89389,0.59730,-0.80056,-0.03510,0.03329,-0.06672,0.98507,0.00401,
1703614369183712256,-4.79956,125.30504,3.89984,0.59721,-0.80059,-0.03524,0.03383,-0.03154,0.94100,0.08105,
1703614369317140480,-4.81303,125.42939,3.90925,0.59779,-0.80020,-0.03515,0.03299,-0.10258,0.91487,0.06349,
1703614369450569216,-4.82885,125.55465,3.91412,0.59932,-0.79894,-0.03565,0.03522,-0.11441,1.04972,-0.08935,
1703614369583997440,-4.84356,125.68877,3.91307,0.59724,-0.80047,-0.03700,0.03447,-0.10863,0.95843,0.03695,
1703614369717425920,-4.85780,125.82028,3.91866,0.59899,-0.79923,-0.03723,0.03249,-0.18184,0.98974,0.06237,
1703614369850853888,-4.88597,125.95576,3.92179,0.59792,-0.79988,-0.03970,0.03324,-0.17590,0.95108,0.09000,
1703614369984290304,-4.89591,126.08529,3.92786,0.59818,-0.79959,-0.04041,0.03479,0.05742,0.97898,0.03247,
1703614370117726720,-4.87209,126.21364,3.93451,0.60005,-0.79865,-0.03312,0.03155,0.26518,1.00600,-0.03054,
1703614370384600832,-4.85247,126.47472,3.93439,0.59773,-0.80082,-0.02483,0.02799,-0.21612,0.96815,0.04450,
1703614370518038528,-4.86770,126.59873,3.94691,0.60048,-0.79877,-0.02707,0.02561,-0.04783,0.96377,-0.00122,
1703614370651476480,-4.86352,126.73371,3.94245,0.59829,-0.80059,-0.02356,0.02333,0.05209,0.99572,0.01574,
1703614370784914432,-4.85332,126.86711,3.94758,0.59861,-0.80047,-0.02005,0.02240,0.06743,1.00971,-0.02054,
1703614370918349824,-4.85050,127.00199,3.94685,0.59687,-0.80176,-0.01886,0.02370,-0.04119,0.97708,0.01731,
1703614371118497792,-4.85835,127.19799,3.95202,0.59740,-0.80138,-0.01928,0.02310,-0.01833,0.96470,0.04988,
1703614371251929856,-4.86544,127.33140,3.95194,0.59669,-0.80201,-0.01887,0.01944,-0.06153,0.94567,0.08404,
1703614371385361664,-4.87468,127.46290,3.96150,0.59847,-0.80075,-0.01800,0.01767,-0.10380,0.98349,0.03385,
1703614371518793472,-4.88769,127.59325,3.96942,0.59895,-0.80030,-0.01976,0.01956,-0.08394,0.97799,0.03819,
1703614371718941696,-4.89175,127.78338,3.97483,0.59801,-0.80092,-0.02061,0.02199,0.01788,0.95707,0.02303,
1703614371852373760,-4.89573,127.91348,3.97665,0.59755,-0.80131,-0.01918,0.02159,-0.07610,0.96650,0.02016,
1703614371985806080,-4.90762,128.03809,3.98051,0.59832,-0.80077,-0.01986,0.01997,-0.09890,0.95235,0.03073,
1703614372185954304,-4.93239,128.22797,3.98789,0.59898,-0.80015,-0.02351,0.02059,-0.14983,0.95113,0.04251,
1703614372319386624,-4.94638,128.35465,3.99101,0.59992,-0.79936,-0.02514,0.02178,-0.03629,1.01603,-0.05536,
1703614372452819200,-4.95043,128.48389,3.99446,0.59941,-0.79975,-0.02456,0.02226,-0.00523,0.92011,0.06205,
1703614372586251520,-4.95060,128.61535,3.99247,0.59823,-0.80066,-0.02306,0.02313,-0.01836,0.99028,-0.03166,
1703614372719684096,-4.95023,128.74394,3.99581,0.59782,-0.80095,-0.02216,0.02443,0.04143,0.97374,-0.00152,
1703614372853116672,-4.94566,128.86627,4.00259,0.59824,-0.80075,-0.02034,0.02227,0.11488,0.83992,0.09723,
1703614372986546176,-4.93836,128.98997,4.00552,0.59844,-0.80075,-0.01639,0.02024,-0.07780,0.94514,-0.02832,
1703614373119975680,-4.95399,129.11472,4.00638,0.59749,-0.80140,-0.01864,0.02050,-0.15285,0.89781,0.06722,
1703614373253405696,-4.96644,129.23881,4.00629,0.59690,-0.80181,-0.02025,0.01992,-0.06686,0.92183,0.03101,
1703614373386835200,-4.97062,129.35928,4.01241,0.59754,-0.80136,-0.02046,0.01869,0.01129,0.89774,0.03210,
1703614373520264704,-4.97087,129.48142,4.01772,0.59783,-0.80120,-0.01875,0.01827,0.00467,0.88552,0.06247,
1703614373653694464,-4.96833,129.60717,4.02057,0.59755,-0.80147,-0.01673,0.01719,0.03003,0.93544,0.03853,
1703614373787123712,-4.96845,129.72750,4.03130,0.59924,-0.80021,-0.01577,0.01813,-0.02800,0.90035,0.04434,
1703614373920553216,-4.97045,129.85052,4.03479,0.59864,-0.80069,-0.01586,0.01638,-0.00682,0.88400,0.03690,
1703614374053982464,-4.97264,129.96962,4.03920,0.59877,-0.80067,-0.01461,0.01391,-0.06882,0.88797,0.06409,
1703614374187411456,-4.97986,130.08432,4.04756,0.60015,-0.79964,-0.01464,0.01325,-0.09711,0.93074,-0.03222,
1703614374320840960,-4.98957,130.19556,4.05673,0.60220,-0.79805,-0.01621,0.01435,-0.07807,0.80209,0.12040,
1703614374454269952,-5.00196,130.31271,4.05854,0.60181,-0.79828,-0.01876,0.01498,-0.03725,0.89359,0.00505,
1703614374654413568,-5.00856,130.49057,4.06649,0.60158,-0.79848,-0.01844,0.01386,-0.11353,0.83956,0.06473,
1703614374787842560,-5.02152,130.60704,4.07008,0.60096,-0.79890,-0.01909,0.01557,-0.07545,0.85721,0.05822,
1703614374921276672,-5.03055,130.71947,4.07627,0.60195,-0.79808,-0.02001,0.01821,-0.01910,0.81592,0.10759,
1703614375054718208,-5.03090,130.83147,4.08667,0.60340,-0.79704,-0.01887,0.01680,0.02169,0.85892,0.00769,
1703614375188160256,-5.03208,130.95232,4.08296,0.60193,-0.79823,-0.01730,0.01453,-0.05739,0.89789,0.00676,
1703614375321602304,-5.04031,131.06929,4.08807,0.60222,-0.79802,-0.01789,0.01327,-0.06715,0.87807,0.04019,
1703614375455044864,-5.04527,131.18541,4.09227,0.60268,-0.79765,-0.01814,0.01416,-0.01763,0.91256,-0.02850,
1703614375655209216,-5.03775,131.35822,4.09508,0.60179,-0.79839,-0.01504,0.01387,0.07770,0.86900,0.01035,
1703614375788652544,-5.03070,131.47815,4.09862,0.60131,-0.79884,-0.01232,0.01137,0.06213,0.87664,0.01755,
1703614375922089216,-5.03007,131.59617,4.10189,0.60031,-0.79963,-0.01112,0.00955,-0.05460,0.86418,0.01535,
1703614376055517952,-5.03498,131.71313,4.10376,0.60069,-0.79934,-0.01201,0.00935,-0.00626,0.90595,0.00141,
1703614376188945920,-5.03203,131.83637,4.10501,0.59936,-0.80037,-0.01043,0.00795,0.07059,0.88355,0.03117,
1703614376322374656,-5.02521,131.95944,4.10573,0.59872,-0.80090,-0.00819,0.00604,0.00423,0.92287,0.03756,
1703614376455802624,-5.03006,132.07881,4.11001,0.59865,-0.80094,-0.00868,0.00669,-0.07243,0.88152,0.04750,
1703614376589230848,-5.03668,132.19652,4.11717,0.59930,-0.80043,-0.00954,0.00753,-0.00965,0.89682,0.02565,
1703614376722658816,-5.02886,132.31239,4.12422,0.60010,-0.79984,-0.00718,0.00893,0.10765,0.89709,0.01879,
1703614376856086784,-5.01734,132.42735,4.13147,0.59970,-0.80013,-0.00488,0.01126,0.02590,0.83032,0.07356,
1703614376989518336,-5.01255,132.54034,4.13743,0.60154,-0.79877,-0.00449,0.00977,-0.01234,0.90556,-0.04949,
1703614377122949888,-5.02225,132.66481,4.13415,0.60071,-0.79941,-0.00532,0.00831,-0.18297,0.92355,0.05020,
1703614377256381440,-5.04342,132.79221,4.13482,0.60017,-0.79975,-0.00927,0.01055,-0.12770,0.92297,0.03818,
1703614377389813504,-5.05410,132.91896,4.13429,0.59960,-0.80008,-0.01247,0.01410,-0.00960,0.97097,-0.00443,
1703614377523245056,-5.04574,133.03843,4.14290,0.60011,-0.79971,-0.01080,0.01469,0.12123,0.78686,0.18184,
1703614377656677120,-5.04189,133.15584,4.15105,0.60173,-0.79852,-0.00896,0.01443,-0.09159,0.98956,-0.07978,
1703614377790109184,-5.05378,133.27978,4.15006,0.60084,-0.79917,-0.01093,0.01407,-0.13436,0.90329,0.05741,
1703614377923539968,-5.07090,133.40400,4.15143,0.60043,-0.79940,-0.01419,0.01520,-0.03850,0.93715,0.01909,
1703614378056969216,-5.07424,133.52252,4.16309,0.60222,-0.79804,-0.01505,0.01508,0.07670,0.84273,0.11521,
1703614378190398720,-5.05137,133.63900,4.17367,0.60374,-0.79703,-0.00891,0.01288,0.19357,0.90467,-0.00897,
1703614378323827968,-5.02889,133.76017,4.17271,0.60246,-0.79806,-0.00354,0.01111,0.06722,0.93316,-0.00298,
1703614378457257216,-5.03070,133.88216,4.17549,0.60207,-0.79836,-0.00469,0.01044,-0.07090,0.91616,0.04678,
1703614378590686720,-5.04189,134.00116,4.17950,0.60175,-0.79855,-0.00755,0.01282,-0.02734,0.93083,-0.01047,
1703614378724116224,-5.04055,134.11963,4.17739,0.59927,-0.80035,-0.00720,0.01609,0.08808,0.83563,0.04148,
1703614378857545472,-5.01982,134.22702,4.18878,0.60328,-0.79735,-0.00265,0.01678,0.16767,0.83584,0.11507,
1703614378990971136,-5.00660,134.35202,4.19114,0.60367,-0.79712,0.00126,0.01322,-0.01756,0.95167,0.02425,
1703614379124396032,-5.01738,134.48217,4.19376,0.60410,-0.79683,-0.00056,0.01133,-0.20409,0.99498,0.03354,
1703614379257820672,-5.04041,134.61102,4.20300,0.60559,-0.79566,-0.00580,0.01241,-0.17802,1.10518,-0.15660,
1703614379391245056,-5.05002,134.74012,4.19851,0.60119,-0.79895,-0.00792,0.01399,-0.01034,0.88376,0.08284,
1703614379524669184,-5.04261,134.86131,4.20515,0.60465,-0.79638,-0.00490,0.01260,0.09050,0.94176,0.08118,
1703614379658093056,-5.04181,134.98824,4.21334,0.60537,-0.79589,-0.00374,0.00820,-0.04315,0.95827,0.00267,
1703614379791516416,-5.06324,135.11717,4.21460,0.60331,-0.79730,-0.00749,0.01662,-0.29255,0.94421,0.00196,
1703614379924943104,-5.08438,135.24193,4.21004,0.60094,-0.79890,-0.01471,0.02057,0.08238,0.99931,-0.11258,
1703614380058374144,-5.06922,135.36842,4.20680,0.59902,-0.80039,-0.00942,0.02159,0.11448,0.85636,0.11795,
1703614380191805440,-5.05605,135.49012,4.21756,0.60055,-0.79935,-0.00399,0.01891,0.00341,0.94112,0.03041,
1703614380325236480,-5.07374,135.61505,4.22536,0.60087,-0.79907,-0.00651,0.01991,-0.25037,0.91479,0.05948,
1703614380458668032,-5.10740,135.73828,4.23195,0.60097,-0.79872,-0.01484,0.02563,-0.22900,0.86163,0.11241,
1703614380592099328,-5.11613,135.85759,4.24225,0.60219,-0.79777,-0.01767,0.02487,0.05162,0.85744,0.06431,
1703614380725530880,-5.11075,135.97578,4.24645,0.60271,-0.79742,-0.01389,0.02565,0.02101,0.94436,-0.07706,
1703614380858962176,-5.11004,136.10244,4.24550,0.60197,-0.79810,-0.01233,0.02277,-0.00576,0.94221,0.01675,
1703614380992390656,-5.12240,136.23238,4.24703,0.59997,-0.79960,-0.01310,0.02241,-0.19446,0.89763,0.11187,
1703614381125818368,-5.14159,136.35713,4.25686,0.60242,-0.79766,-0.01577,0.02408,-0.13343,0.99465,-0.05497,
1703614381259246336,-5.16575,136.49177,4.25336,0.59991,-0.79936,-0.02113,0.02624,-0.12331,0.99268,0.06033,
1703614381392674304,-5.17438,136.61844,4.26194,0.60064,-0.79888,-0.02048,0.02468,-0.08191,0.95886,0.01292,
1703614381526102016,-5.18293,136.75092,4.26341,0.59885,-0.80025,-0.01918,0.02476,-0.07781,0.88627,0.13858,
1703614381659529728,-5.19002,136.87230,4.27686,0.60213,-0.79773,-0.02199,0.02411,0.03393,0.96090,-0.02295,
1703614381792957440,-5.18690,137.00847,4.27091,0.59959,-0.79973,-0.01957,0.02302,-0.03999,0.99984,0.01450,
1703614381926384896,-5.18695,137.13834,4.27358,0.59994,-0.79956,-0.01765,0.02182,-0.00749,1.00788,-0.04555,
1703614382059811072,-5.18827,137.27362,4.26962,0.59787,-0.80108,-0.01690,0.02328,0.00008,0.97994,0.02925,
1703614382193236992,-5.18622,137.40610,4.27011,0.59644,-0.80211,-0.01605,0.02488,-0.00347,0.98434,0.00034,
1703614382326662656,-5.18180,137.53762,4.26633,0.59466,-0.80366,-0.01273,0.01872,-0.03992,0.96765,-0.02445,
1703614382460088576,-5.19245,137.66016,4.27524,0.59681,-0.80208,-0.01220,0.01834,-0.16192,0.89043,0.09192,
1703614382593513984,-5.20690,137.77906,4.28810,0.60043,-0.79926,-0.01637,0.01979,-0.04194,0.94204,0.07060,
1703614382726938880,-5.20561,137.90517,4.28851,0.60024,-0.79939,-0.01582,0.02063,0.02935,0.95393,0.02098,
1703614382860364032,-5.19405,138.03364,4.29405,0.60101,-0.79893,-0.01195,0.01913,0.07353,0.94231,0.07763,
1703614383060509440,-5.17879,138.22371,4.30238,0.60062,-0.79931,-0.00720,0.01741,0.03911,0.92028,0.06241,
1703614383193940480,-5.17793,138.34961,4.30827,0.60148,-0.79870,-0.00739,0.01592,-0.02623,0.98770,-0.03004,
1703614383327371008,-5.18642,138.47765,4.31137,0.60063,-0.79927,-0.00932,0.01809,-0.05274,0.93666,0.06044,
1703614383460802048,-5.18360,138.60233,4.31746,0.60132,-0.79881,-0.00785,0.01605,0.04961,0.90620,0.05569,
1703614383594232832,-5.17716,138.73257,4.31515,0.60000,-0.79986,-0.00408,0.01410,-0.00409,0.94946,0.03974,
1703614383727663872,-5.17941,138.85931,4.32401,0.60212,-0.79825,-0.00482,0.01502,-0.00984,1.00052,-0.00235,
1703614383861094912,-5.18223,138.98948,4.33054,0.60246,-0.79791,-0.00680,0.01825,0.01579,0.92348,0.07767,
1703614383994521344,-5.17744,139.11982,4.33153,0.60225,-0.79814,-0.00611,0.01518,-0.00217,0.96045,0.03609,
1703614384127947264,-5.19080,139.24555,4.34101,0.60281,-0.79770,-0.00676,0.01590,-0.23758,0.89161,0.08933,
1703614384261372928,-5.21377,139.36975,4.34448,0.60187,-0.79833,-0.01155,0.01703,-0.12252,0.88199,0.06924,
1703614384394798592,-5.22415,139.48932,4.34804,0.60204,-0.79816,-0.01379,0.01710,-0.01966,0.91558,-0.00610,
1703614384528224000,-5.22699,139.61140,4.35003,0.60132,-0.79869,-0.01283,0.01860,-0.08197,0.88502,0.03738,
1703614384661649152,-5.23096,139.72986,4.35423,0.60163,-0.79838,-0.01377,0.02075,0.05730,0.86637,0.05323,
1703614384861786880,-5.20615,139.90661,4.35627,0.60027,-0.79953,-0.00731,0.01955,0.11835,0.84348,0.02845,
1703614384995212544,-5.19498,140.02285,4.36200,0.60151,-0.79871,-0.00401,0.01524,0.03295,0.87363,0.06354,
1703614385128638464,-5.19419,140.14129,4.36536,0.60172,-0.79854,-0.00290,0.01590,-0.02619,0.93109,-0.05844,
1703614385262064128,-5.19453,140.25749,4.37061,0.60120,-0.79895,-0.00412,0.01511,0.07156,0.83464,0.05231,
1703614385395489792,-5.18555,140.37188,4.37274,0.60174,-0.79854,-0.00092,0.01517,-0.02686,0.84283,0.08317,
1703614385528915200,-5.18509,140.48749,4.37686,0.60188,-0.79846,-0.00050,0.01429,-0.00833,0.87679,-0.01258,
1703614385662340608,-5.18657,140.59879,4.38444,0.60184,-0.79848,-0.00168,0.01468,-0.00353,0.76338,0.09317,
1703614385795765760,-5.18817,140.70634,4.38823,0.60260,-0.79790,-0.00272,0.01519,-0.05699,0.83043,0.00497,
1703614385929191168,-5.19881,140.81991,4.38818,0.60123,-0.79895,-0.00271,0.01409,-0.14545,0.85087,-0.02024,
1703614386062616576,-5.21640,140.92948,4.39137,0.60128,-0.79885,-0.00525,0.01656,-0.09761,0.81854,0.03096,
1703614386196041984,-5.21365,141.03615,4.39222,0.60058,-0.79934,-0.00583,0.01800,0.05880,0.77129,0.04237,
1703614386329467392,-5.20842,141.14311,4.39534,0.60053,-0.79946,-0.00365,0.01478,0.00606,0.83093,0.00893,
1703614386462892544,-5.22164,141.24916,4.40015,0.60070,-0.79935,-0.00395,0.01358,-0.19001,0.78315,0.02760,
1703614386596317440,-5.24355,141.35215,4.40484,0.60093,-0.79907,-0.00926,0.01679,-0.15380,0.73388,0.08718,
1703614386729742592,-5.25464,141.45180,4.40899,0.60207,-0.79799,-0.01412,0.02296,0.04239,0.73747,0.01539,
1703614386863167232,-5.23892,141.55595,4.41294,0.60220,-0.79794,-0.00982,0.02358,0.16016,0.71160,0.12464,
1703614386996592128,-5.22187,141.65675,4.41839,0.60217,-0.79818,-0.00227,0.01708,0.03900,0.74402,0.01720,
1703614387196728832,-5.23667,141.80324,4.42239,0.60199,-0.79827,-0.00452,0.01865,-0.14387,0.76895,-0.04096,
1703614387330153216,-5.25300,141.90476,4.41983,0.60067,-0.79912,-0.01053,0.02213,0.00411,0.76390,0.01063,
1703614387463577856,-5.24159,142.00905,4.42130,0.60035,-0.79948,-0.00600,0.01937,0.06640,0.78820,0.01476,
1703614387597001728,-5.24330,142.10723,4.43138,0.60150,-0.79863,-0.00437,0.01944,-0.08243,0.73929,0.04819,
1703614387730425856,-5.26020,142.20690,4.43495,0.60072,-0.79910,-0.01005,0.02170,-0.12125,0.72395,0.01940,
1703614387863849728,-5.26902,142.31003,4.43319,0.59977,-0.79985,-0.01209,0.01925,-0.01640,0.74889,0.05274,
1703614387997276416,-5.27363,142.41382,4.43834,0.60035,-0.79955,-0.00941,0.01445,-0.04773,0.79218,0.01655,
1703614388130703360,-5.28092,142.51923,4.44357,0.60185,-0.79843,-0.00962,0.01397,-0.10882,0.76840,0.07568,
1703614388264130304,-5.29334,142.62309,4.45072,0.60205,-0.79816,-0.01383,0.01726,-0.07778,0.77721,0.02853,
1703614388397557248,-5.29784,142.73242,4.44902,0.60169,-0.79837,-0.01518,0.01852,-0.00045,0.84701,-0.00250,
1703614388530984448,-5.29691,142.84942,4.44960,0.60130,-0.79876,-0.01240,0.01615,-0.01523,0.86188,0.05002,
1703614388664411392,-5.29822,142.96421,4.45374,0.60191,-0.79838,-0.01169,0.01281,-0.03617,0.85460,0.01734,
1703614388797838336,-5.30067,143.07757,4.45811,0.60142,-0.79872,-0.01204,0.01411,-0.05982,0.76936,0.09688,
1703614388931264768,-5.30367,143.17948,4.46934,0.60332,-0.79717,-0.01271,0.01926,-0.05147,0.82629,-0.00872,
1703614389064690944,-5.30179,143.29341,4.46006,0.60042,-0.79934,-0.01371,0.01895,0.11030,0.86268,-0.05492,
1703614389198117376,-5.28854,143.40214,4.46738,0.60114,-0.79885,-0.00903,0.01957,0.03342,0.82741,0.02553,
1703614389331543296,-5.28976,143.51363,4.46996,0.60161,-0.79843,-0.00914,0.02224,-0.04663,0.84993,0.05336,
1703614389464968960,-5.29276,143.63061,4.47718,0.60274,-0.79759,-0.00945,0.02134,-0.02340,0.92710,0.01614,
1703614389598394880,-5.30047,143.75429,4.47631,0.60119,-0.79879,-0.00954,0.02020,-0.08032,0.90678,0.01867,
1703614389731820544,-5.31391,143.88056,4.47407,0.59941,-0.80014,-0.01251,0.01821,-0.07931,0.96785,-0.00955,
1703614389931959296,-5.32773,144.07645,4.47744,0.59888,-0.80054,-0.01294,0.01749,-0.09417,0.95535,0.09007,
1703614390065386240,-5.33950,144.20639,4.48572,0.59889,-0.80056,-0.01520,0.01458,-0.08928,0.99392,0.00203,
1703614390198812928,-5.35251,144.33929,4.48233,0.59736,-0.80162,-0.01540,0.01794,-0.12323,0.95138,0.10057,
1703614390332239616,-5.35777,144.46781,4.49531,0.60001,-0.79956,-0.01783,0.01964,0.06915,0.97415,0.06651,
1703614390465666304,-5.33676,144.60277,4.49894,0.60075,-0.79914,-0.01270,0.01757,0.17636,1.00041,0.03314,
1703614390599092736,-5.32737,144.74355,4.49834,0.59825,-0.80117,-0.00839,0.01260,-0.10738,1.03715,-0.03974,
1703614390732519168,-5.34344,144.87848,4.49882,0.59847,-0.80097,-0.01143,0.01232,-0.15382,1.04162,-0.00915,
1703614390865945600,-5.35701,145.02392,4.49036,0.59485,-0.80357,-0.01436,0.01519,0.02209,0.98286,0.13559,
1703614390999378688,-5.35254,145.15930,4.50157,0.59764,-0.80146,-0.01332,0.01736,0.09404,1.09993,-0.05153,
1703614391132813568,-5.33550,145.30038,4.50332,0.59703,-0.80202,-0.00835,0.01599,0.03778,1.01495,0.07941,
1703614391266249216,-5.33504,145.43405,4.52055,0.60037,-0.79952,-0.00629,0.01682,-0.04192,0.99450,0.08904,
1703614391399685120,-5.34158,145.58056,4.52125,0.59954,-0.80016,-0.00738,0.01549,-0.07438,1.01043,0.10486,
1703614391533121024,-5.35143,145.71308,4.54090,0.60367,-0.79706,-0.00904,0.01405,-0.08655,1.09844,-0.07514,
1703614391666557440,-5.36339,145.85084,4.54197,0.60172,-0.79852,-0.00974,0.01405,-0.08784,0.95598,0.14053,
1703614391799994112,-5.37566,145.98280,4.54909,0.60340,-0.79718,-0.01176,0.01648,-0.09200,1.02376,-0.02994,
1703614391933427712,-5.38154,146.11909,4.54789,0.60256,-0.79763,-0.01386,0.02284,-0.01053,0.95083,0.13573,
1703614392066854144,-5.38152,146.25505,4.55350,0.60236,-0.79779,-0.01343,0.02281,-0.02169,1.06486,-0.06894,
1703614392200280576,-5.38820,146.38497,4.56133,0.60465,-0.79618,-0.01188,0.01888,-0.12216,0.95819,0.09625,
1703614392333707264,-5.41249,146.52245,4.56144,0.60333,-0.79716,-0.01533,0.01714,-0.16293,0.98360,0.05406,
1703614392467133440,-5.43622,146.65969,4.56644,0.60487,-0.79581,-0.02009,0.02022,-0.27796,1.11251,-0.07934,
1703614392667272960,-5.46089,146.86356,4.57800,0.60481,-0.79567,-0.02518,0.02183,-0.01959,1.07236,0.00226,
1703614392800698880,-5.46735,146.99353,4.58806,0.60551,-0.79519,-0.02272,0.02255,-0.06903,0.98928,0.03838,
1703614392934123264,-5.47324,147.12328,4.59150,0.60435,-0.79599,-0.02366,0.02443,0.03491,0.94377,0.06665,
1703614393067542528,-5.46925,147.25532,4.59124,0.60162,-0.79812,-0.02339,0.02288,0.06916,0.99851,-0.10118,
1703614393200961024,-5.46978,147.37916,4.59420,0.60109,-0.79855,-0.02005,0.02457,-0.18852,1.00334,-0.07131,
1703614393334380032,-5.49279,147.50742,4.59084,0.59885,-0.80008,-0.02470,0.02531,-0.13025,0.92024,0.06702,
1703614393467798272,-5.49950,147.63256,4.59120,0.59798,-0.80071,-0.02571,0.02500,0.02137,0.93328,0.01663,
1703614393601216512,-5.48608,147.76409,4.59547,0.59699,-0.80165,-0.01974,0.02387,0.07626,0.99420,-0.01109,
1703614393734634752,-5.47991,147.88737,4.60479,0.59926,-0.80003,-0.01785,0.02296,0.04891,0.91011,0.07074,
1703614393868052224,-5.47955,148.01581,4.61191,0.60102,-0.79877,-0.01668,0.02150,0.01087,0.97711,0.03966,
1703614394001478912,-5.48644,148.14532,4.61305,0.59983,-0.79969,-0.01733,0.02007,-0.09590,0.91653,0.06655,
1703614394134908416,-5.49956,148.27228,4.62427,0.60098,-0.79877,-0.01856,0.02092,-0.12348,0.94445,0.07783,
1703614394268337920,-5.51497,148.39787,4.63298,0.60193,-0.79803,-0.02096,0.01972,-0.08445,0.93484,0.01443,
1703614394401767168,-5.52541,148.52893,4.62843,0.59967,-0.79979,-0.02099,0.01692,-0.07954,1.05976,-0.09716,
1703614394535196672,-5.54786,148.65411,4.63493,0.59886,-0.80028,-0.02422,0.01850,-0.21385,0.93822,-0.04721,
1703614394668626432,-5.57079,148.77645,4.63718,0.59863,-0.80027,-0.02870,0.01960,-0.12076,0.89398,0.06657,
1703614394802055936,-5.58076,148.89674,4.64140,0.59908,-0.79989,-0.02977,0.01958,0.00693,0.85733,0.10613,
1703614394935485440,-5.58789,149.02093,4.64377,0.59855,-0.80036,-0.02872,0.01854,-0.09408,0.87341,0.06869,
1703614395068914944,-5.60090,149.14332,4.65160,0.60043,-0.79894,-0.03060,0.01568,-0.15926,0.93111,0.01875,
1703614395202343936,-5.62371,149.26232,4.66008,0.60136,-0.79813,-0.03300,0.01607,-0.16615,0.86316,0.10364,
1703614395335773440,-5.64194,149.37911,4.66856,0.60176,-0.79765,-0.03519,0.02002,-0.03245,0.86570,0.01537,
1703614395469202944,-5.63060,149.49640,4.67332,0.60152,-0.79791,-0.03222,0.02187,0.16904,0.88539,0.01578,
1703614395602632192,-5.59783,149.61846,4.67720,0.60034,-0.79915,-0.02375,0.01968,0.21971,0.87861,0.04141,
1703614395736061696,-5.57853,149.74083,4.67327,0.59922,-0.80022,-0.01848,0.01567,0.04017,0.93385,-0.01718,
1703614395869491200,-5.58791,149.85477,4.68026,0.59990,-0.79967,-0.01967,0.01605,-0.10560,0.85803,0.03431,
1703614396002921216,-5.59992,149.96791,4.68294,0.59942,-0.79999,-0.02196,0.01535,-0.05271,0.87284,-0.01777,
1703614396136352000,-5.60500,150.07596,4.68185,0.59811,-0.80095,-0.02246,0.01536,-0.02469,0.75235,0.10953,
1703614396269782784,-5.60834,150.18548,4.68590,0.59912,-0.80029,-0.02072,0.01255,-0.12582,0.87343,-0.04006,
1703614396403213824,-5.61984,150.29644,4.69310,0.60041,-0.79931,-0.02205,0.01140,-0.09778,0.82156,0.09590,
1703614396536644352,-5.62045,150.40623,4.70337,0.60126,-0.79868,-0.02198,0.01061,0.02926,0.85000,0.00647,
1703614396670075392,-5.61454,150.51597,4.71048,0.60242,-0.79786,-0.02036,0.01020,0.06311,0.79776,0.10222,
1703614396803506688,-5.61028,150.61834,4.72370,0.60429,-0.79652,-0.01769,0.00834,0.01015,0.71637,0.13733,
1703614396936937216,-5.60374,150.71628,4.73273,0.60662,-0.79484,-0.01559,0.00226,0.07159,0.83206,-0.08111,
1703614397070366464,-5.60659,150.82665,4.72150,0.60295,-0.79764,-0.01496,-0.00077,-0.11810,0.80944,-0.03795,
1703614397203795712,-5.63157,150.93144,4.71797,0.60061,-0.79931,-0.01919,0.00128,-0.21100,0.80657,-0.04068,
1703614397337224960,-5.64337,151.02904,4.71945,0.60010,-0.79959,-0.02198,0.00656,0.07236,0.68585,0.04803,
1703614397470653952,-5.61903,151.12871,4.71768,0.60038,-0.79949,-0.01803,0.00619,0.15936,0.82539,-0.05823,
1703614397604083200,-5.60561,151.24050,4.71689,0.59918,-0.80043,-0.01418,0.00999,-0.00938,0.78678,0.08229,
1703614397737512704,-5.62215,151.35213,4.72253,0.60072,-0.79925,-0.01604,0.00928,-0.19265,0.85552,0.01093,
1703614397870941952,-5.64300,151.46713,4.72609,0.60069,-0.79921,-0.01751,0.01126,-0.19904,0.87358,-0.00459,
1703614398004372480,-5.65205,151.57855,4.73163,0.60160,-0.79846,-0.01988,0.01210,-0.01130,0.89366,-0.01960,
1703614398137803520,-5.63570,151.69516,4.73306,0.60065,-0.79932,-0.01456,0.00950,0.07797,0.81728,0.11516,
1703614398271234560,-5.63871,151.80357,4.74210,0.60210,-0.79828,-0.01391,0.00547,-0.09600,0.83288,0.05421,
1703614398404665600,-5.66918,151.91901,4.74330,0.60188,-0.79827,-0.02008,0.01023,-0.31047,0.89992,-0.01758,
1703614398538096896,-5.68985,152.03590,4.74556,0.60068,-0.79900,-0.02516,0.01176,0.03183,0.86519,0.02182,
1703614398671528448,-5.67366,152.14952,4.74995,0.60033,-0.79941,-0.01962,0.01294,0.19585,0.86524,0.02821,
1703614398804960000,-5.65491,152.26053,4.75474,0.59875,-0.80063,-0.01549,0.01578,0.06736,0.73812,0.10057,
1703614399005107968,-5.64068,152.41819,4.76259,0.59919,-0.80040,-0.01067,0.01471,-0.03301,0.81105,0.02936,
1703614399138541056,-5.65582,152.53144,4.76502,0.59794,-0.80130,-0.01230,0.01564,-0.20085,0.80011,0.06484,
1703614399271974144,-5.67507,152.64318,4.77225,0.60023,-0.79937,-0.01706,0.02088,-0.14444,0.87679,0.01056,
1703614399405407488,-5.68281,152.75489,4.78057,0.60129,-0.79845,-0.02036,0.02270,0.00440,0.82820,0.08400,
1703614399538840832,-5.67829,152.87269,4.79009,0.60345,-0.79698,-0.01562,0.02051,-0.08954,0.92033,0.06644,
1703614399672274432,-5.69662,152.99401,4.79808,0.60406,-0.79652,-0.01801,0.01867,-0.20726,0.88244,0.08707,
1703614399805708288,-5.71950,153.11490,4.80378,0.60483,-0.79575,-0.02262,0.02155,-0.12729,0.94130,0.01061,
1703614399939141632,-5.72634,153.23456,4.81014,0.60582,-0.79487,-0.02353,0.02490,0.06233,0.93356,0.05621,
1703614400072572160,-5.71916,153.36241,4.81596,0.60431,-0.79612,-0.01994,0.02454,0.08945,0.97426,-0.00493,
1703614400206003200,-5.71648,153.48520,4.81588,0.60352,-0.79687,-0.01722,0.02145,-0.09054,0.94264,-0.05047,
1703614400339434496,-5.73680,153.61886,4.80928,0.60071,-0.79891,-0.02122,0.02100,-0.21155,1.03213,-0.00523,
1703614400472865280,-5.75666,153.74644,4.81836,0.60160,-0.79805,-0.02443,0.02446,-0.04802,0.93884,0.07516,
1703614400606296320,-5.75504,153.87846,4.81666,0.59947,-0.79961,-0.02397,0.02615,0.10099,0.97403,-0.00854,
1703614400739727616,-5.73471,154.01118,4.80627,0.59627,-0.80215,-0.01824,0.02634,0.10590,0.97378,-0.00119,
1703614400873158656,-5.72796,154.14032,4.81429,0.59787,-0.80105,-0.01554,0.02515,-0.12927,1.00135,0.01082,
1703614401006590208,-5.74046,154.27563,4.81130,0.59599,-0.80252,-0.01670,0.02199,-0.12872,1.00083,0.00882,
1703614401140021504,-5.76281,154.40715,4.81574,0.59597,-0.80242,-0.02034,0.02293,-0.18297,1.03750,0.02865,
1703614401273453312,-5.77283,154.53079,4.82880,0.59705,-0.80158,-0.02204,0.02274,-0.01282,0.93038,0.07476,
1703614401406884352,-5.77038,154.66277,4.83013,0.59654,-0.80203,-0.01887,0.02305,0.01692,1.03978,-0.03759,
1703614401540316160,-5.77024,154.79507,4.83338,0.59567,-0.80271,-0.01865,0.02218,0.01516,1.00296,-0.01356,
1703614401673747968,-5.76305,154.93354,4.83105,0.59407,-0.80390,-0.01616,0.02374,0.00205,1.06167,-0.01645,
1703614401807180032,-5.76372,155.07044,4.83338,0.59354,-0.80425,-0.01551,0.02547,-0.00763,1.02479,0.03997,
1703614402007326720,-5.76454,155.27485,4.84327,0.59663,-0.80225,-0.01324,0.01573,-0.03309,1.13040,-0.06657,
1703614402140758016,-5.76942,155.41191,4.85112,0.59795,-0.80129,-0.01182,0.01596,-0.06011,0.99288,0.12052,
1703614402274189312,-5.77813,155.54499,4.85982,0.59920,-0.80026,-0.01501,0.01757,0.05063,0.93945,0.12869,
1703614402407620608,-5.76251,155.68034,4.86747,0.60151,-0.79859,-0.01040,0.01814,0.12406,1.06887,-0.03106,
1703614402541051904,-5.75833,155.81455,4.87159,0.60291,-0.79763,-0.00907,0.01418,-0.02996,1.02001,-0.01448,
1703614402741199104,-5.78372,156.02276,4.87831,0.60191,-0.79838,-0.01111,0.01285,-0.21048,1.03537,0.02338,
1703614402874630400,-5.80883,156.15719,4.87953,0.59968,-0.79991,-0.01682,0.01603,-0.11911,0.93403,0.10077,
1703614403008060672,-5.80560,156.28358,4.88369,0.59940,-0.80004,-0.01759,0.01846,0.13140,1.04587,-0.10766,
1703614403141490944,-5.78877,156.41192,4.88691,0.60088,-0.79904,-0.01314,0.01742,0.11328,0.98651,0.06006,
1703614403274921216,-5.78560,156.54293,4.90025,0.60232,-0.79800,-0.00940,0.01785,-0.04268,0.85701,0.16554,
1703614403408351744,-5.80082,156.67299,4.90176,0.60197,-0.79822,-0.01237,0.01815,-0.15682,1.07344,-0.14734,
1703614403541781760,-5.81622,156.81185,4.89208,0.59907,-0.80028,-0.01534,0.02062,-0.08370,0.96158,0.08545,
1703614403741926912,-5.83482,157.00665,4.90163,0.60010,-0.79930,-0.01762,0.02624,-0.06680,0.99738,0.00783,
1703614403875357184,-5.84505,157.13371,4.90353,0.59754,-0.80106,-0.01845,0.03018,-0.13095,0.83908,0.13305,
1703614404008787968,-5.87019,157.24830,4.91193,0.59746,-0.80073,-0.02264,0.03681,-0.30033,0.87107,0.00907,
1703614404142218752,-5.90959,157.34681,4.91764,0.59841,-0.79952,-0.03087,0.04156,-0.27476,0.78416,0.03715,
1703614404342365184,-5.97546,157.50330,4.92038,0.59795,-0.79934,-0.03834,0.04515,-0.31028,0.80033,0.02759,
1703614404475796480,-6.01624,157.60634,4.92507,0.59780,-0.79895,-0.04369,0.04910,-0.26000,0.79674,0.05367,
1703614404609227776,-6.03753,157.70481,4.93781,0.59893,-0.79761,-0.04723,0.05356,-0.09060,0.77901,0.02141,
1703614404742658560,-6.06113,157.81092,4.93752,0.59738,-0.79850,-0.04993,0.05515,-0.25460,0.75996,0.02121,
1703614404876089856,-6.10105,157.90972,4.93904,0.59790,-0.79807,-0.05307,0.05280,-0.35730,0.73049,0.05983,
1703614405009521152,-6.16668,158.00596,4.94133,0.59745,-0.79756,-0.06083,0.05704,-0.61810,0.69345,-0.01332,
1703614405142953216,-6.25487,158.09320,4.93301,0.59360,-0.79879,-0.07652,0.06099,-0.59070,0.63099,0.02238,
1703614405276384768,-6.32085,158.17742,4.94064,0.59445,-0.79655,-0.08549,0.06942,-0.41383,0.69540,-0.00433,
1703614405409816832,-6.36875,158.27217,4.94292,0.59342,-0.79597,-0.09168,0.07668,-0.26666,0.74106,-0.00619,
1703614405543248640,-6.40536,158.37256,4.94137,0.59164,-0.79699,-0.09376,0.07732,-0.28212,0.75110,0.00317,
1703614405743396864,-6.47148,158.51533,4.94692,0.59196,-0.79632,-0.09632,0.07866,-0.44692,0.73445,-0.00482,
1703614405943544576,-6.57580,158.65303,4.94664,0.58827,-0.79593,-0.11221,0.08851,-0.50793,0.62889,0.06833,
1703614406076976896,-6.63658,158.73300,4.95490,0.58938,-0.79411,-0.11758,0.09053,-0.57499,0.59998,0.02897,
1703614406210408704,-6.71324,158.81010,4.95518,0.58865,-0.79290,-0.12614,0.09425,-0.61671,0.56502,-0.01890,
1703614406343840768,-6.78515,158.89382,4.94906,0.58733,-0.79182,-0.13615,0.09758,-0.49362,0.71596,-0.08206,
1703614406477273088,-6.84155,158.98506,4.95123,0.58731,-0.79032,-0.14107,0.10281,-0.41574,0.71176,0.01674,
1703614406610705408,-6.88791,159.08200,4.95285,0.58679,-0.79012,-0.14299,0.10460,-0.32824,0.71931,0.02601,
1703614406744137472,-6.92734,159.18131,4.95390,0.58565,-0.79058,-0.14371,0.10650,-0.27556,0.71510,0.06553,
1703614406877569792,-6.95678,159.27865,4.96032,0.58673,-0.79000,-0.14311,0.10569,-0.22565,0.70089,0.05148,
1703614407011002368,-6.98831,159.37928,4.96232,0.58696,-0.79058,-0.14140,0.10229,-0.32111,0.69145,0.10047,
1703614407144434176,-7.03248,159.47809,4.96890,0.58928,-0.78855,-0.14281,0.10268,-0.33189,0.82212,-0.02610,
1703614407277866496,-7.05923,159.59888,4.96265,0.58799,-0.79002,-0.14049,0.10196,-0.13679,0.91227,0.00839,
1703614407411299072,-7.07297,159.72806,4.96301,0.58780,-0.79130,-0.13600,0.09916,-0.10470,0.98520,-0.05161,
1703614407544731648,-7.08419,159.85796,4.95861,0.58783,-0.79252,-0.13160,0.09514,-0.08226,0.98989,-0.02254,
1703614407678164224,-7.09315,159.99016,4.96153,0.58765,-0.79435,-0.12489,0.08994,-0.06340,0.98168,0.03540,
1703614407811597056,-7.09040,160.11997,4.96555,0.58934,-0.79516,-0.11654,0.08256,0.09676,0.96303,0.05830,
1703614407945029376,-7.08023,160.25236,4.96828,0.58937,-0.79669,-0.10885,0.07798,0.14338,1.02485,-0.01298,
1703614408078460672,-7.05197,160.37900,4.97350,0.59160,-0.79710,-0.09883,0.06982,0.27632,0.97239,-0.02669,
1703614408211891968,-7.01148,160.51514,4.96797,0.59241,-0.79929,-0.08335,0.05684,0.30769,1.01105,0.03514,
1703614408345323264,-6.97644,160.64897,4.97220,0.59336,-0.80036,-0.07148,0.04725,0.31080,1.00760,-0.00366,
1703614408478754304,-6.92459,160.78455,4.97247,0.59208,-0.80266,-0.05984,0.03998,0.54561,0.95089,-0.02116,
1703614408678901504,-6.78970,160.97003,4.97841,0.59495,-0.80295,-0.03104,0.01839,0.68581,0.87225,0.02642,
1703614408812332800,-6.70805,161.09710,4.97436,0.59474,-0.80380,-0.01339,0.00202,0.56052,0.92200,-0.02946,
1703614408945762816,-6.63501,161.22369,4.97137,0.59438,-0.80412,-0.00020,-0.01010,0.57554,0.88122,0.04415,
1703614409079188736,-6.54294,161.33545,4.97499,0.59482,-0.80340,0.01550,-0.02243,0.84699,0.80962,-0.00770,
1703614409212614144,-6.41731,161.44114,4.96995,0.59285,-0.80368,0.03744,-0.03508,1.03400,0.77323,-0.09770,
1703614409346039040,-6.27786,161.54204,4.96360,0.59082,-0.80298,0.06116,-0.04912,1.04919,0.74078,0.00170,
1703614409546176256,-6.09380,161.67811,4.97535,0.59063,-0.79917,0.09001,-0.06612,0.99739,0.64023,-0.04737,
1703614409679600640,-5.95842,161.75225,4.98057,0.59030,-0.79539,0.11059,-0.08166,1.02058,0.51371,0.07008,
1703614409813025024,-5.82607,161.82158,4.97984,0.58733,-0.79290,0.12996,-0.09724,0.98924,0.53038,-0.05997,
1703614409946450432,-5.70987,161.88673,4.97238,0.58438,-0.79109,0.14538,-0.10742,0.82012,0.57634,-0.09366,
1703614410079882752,-5.61542,161.95373,4.96854,0.58191,-0.79017,0.15599,-0.11261,0.82218,0.41555,0.05587,
1703614410213315328,-5.49639,161.99626,4.97262,0.58061,-0.78602,0.17414,-0.12146,1.02679,0.15196,0.10887,
1703614410346747904,-5.36466,162.01595,4.98157,0.57874,-0.77944,0.19417,-0.14085,1.05193,0.24937,-0.21295,
1703614410480180480,-5.25158,162.05683,4.97922,0.57291,-0.77687,0.20941,-0.15617,0.66723,0.48130,-0.00001,
1703614410613613056,-5.18329,162.12696,4.97750,0.57003,-0.77692,0.21196,-0.16289,0.57996,0.52363,0.02095,
1703614410747045632,-5.09510,162.17089,4.97812,0.56718,-0.77460,0.22188,-0.17049,0.80576,0.19335,0.09351,
1703614410880478464,-5.00198,162.17960,4.98752,0.56613,-0.76925,0.23650,-0.17840,0.63014,0.12385,-0.05166,
1703614411013909504,-4.92262,162.19377,4.98316,0.56234,-0.76739,0.24642,-0.18483,0.48893,0.19425,0.02121,
1703614411147340288,-4.85450,162.21769,4.98076,0.55898,-0.76602,0.25289,-0.19181,0.59652,0.18875,-0.02334,
1703614411280770816,-4.76682,162.24256,4.97626,0.55561,-0.76242,0.26371,-0.20115,0.68157,0.29874,-0.11679,
1703614411414201600,-4.68490,162.28155,4.96603,0.55134,-0.76273,0.27020,-0.20311,0.54829,0.26979,-0.02518,
1703614411547631872,-4.59507,162.29876,4.96032,0.54910,-0.75992,0.27919,-0.20751,0.77426,-0.03965,0.07187,
1703614411681062656,-4.48229,162.28961,4.96325,0.54558,-0.75238,0.29616,-0.22034,0.88594,-0.08026,0.00951,
1703614411814493440,-4.36505,162.28750,4.96508,0.54224,-0.74582,0.31107,-0.23015,0.84204,0.06420,-0.01343,
1703614411947923968,-4.24708,162.29680,4.96675,0.53863,-0.74094,0.32217,-0.23892,0.95186,0.00393,-0.00190,
1703614412081353472,-4.12279,162.29820,4.96469,0.53214,-0.73457,0.33689,-0.25247,0.96074,-0.04991,0.03801,
1703614412214783488,-3.99037,162.28672,4.96334,0.52407,-0.72657,0.35527,-0.26688,1.01002,-0.15109,0.01676,
1703614412348213248,-3.86491,162.26899,4.96898,0.52103,-0.71799,0.37142,-0.27398,0.87288,-0.12137,0.03346,
1703614412481642752,-3.75016,162.24182,4.97703,0.51912,-0.71035,0.38192,-0.28295,0.95441,-0.31611,-0.05424,
1703614412615072512,-3.61232,162.20098,4.95910,0.51096,-0.70294,0.40026,-0.29085,1.00371,-0.24446,-0.05445,
1703614412748502016,-3.48795,162.18840,4.96870,0.50677,-0.69494,0.41274,-0.29981,0.88225,0.06542,0.07543,
1703614412881931520,-3.37090,162.20687,4.96198,0.50199,-0.69289,0.41913,-0.30370,0.89170,0.01615,-0.01413,
1703614413015356416,-3.24118,162.17793,4.95653,-0.49416,0.68572,-0.43233,0.31414,1.08037,-0.47622,-0.01855,
1703614413148777728,-3.10649,162.10961,4.96455,-0.48782,0.67226,-0.45091,0.32676,0.98992,-0.52058,0.05543,
1703614413282198784,-2.97411,162.05401,4.96363,-0.47695,0.66163,-0.46697,0.34163,0.99488,-0.32556,-0.04154,
1703614413482330368,-2.78818,162.01513,4.96357,-0.46941,0.65067,-0.48022,0.35451,0.92778,-0.22114,0.01092,
1703614413615750912,-2.65178,161.95606,4.95018,-0.45884,0.64256,-0.49578,0.36165,1.02108,-0.67483,-0.01350,
1703614413749171456,-2.51881,161.85583,4.94963,-0.45157,0.62590,-0.51510,0.37283,0.96083,-0.72041,0.02294,
1703614413882591488,-2.38528,161.76210,4.95160,-0.44137,0.61207,-0.53135,0.38501,1.02573,-0.74535,-0.01945,
1703614414016018176,-2.25574,161.66822,4.94878,-0.43253,0.59900,-0.54609,0.39485,1.00730,-0.67413,-0.07552,
1703614414149448448,-2.11983,161.57277,4.94385,-0.42286,0.58666,-0.55992,0.40435,0.97992,-0.78331,0.01459,
1703614414349593856,-1.92226,161.39033,4.93756,0.40464,-0.56138,0.58602,-0.42154,0.89008,-0.99650,0.00125,
1703614414483024128,-1.80993,161.25942,4.94223,0.39554,-0.54366,0.60126,-0.43181,0.70133,-0.94875,0.18240,
1703614414616454656,-1.70002,161.12502,4.94477,0.38447,-0.52610,0.61377,-0.44575,0.81216,-1.05450,-0.04405,
1703614414749884928,-1.58663,160.97929,4.94058,0.37260,-0.50802,0.62956,-0.45470,0.84944,-1.14209,-0.08437,
1703614414883315200,-1.49104,160.84311,4.94537,0.35952,-0.49179,0.64087,-0.46709,0.65238,-0.97090,0.08700,
1703614415016745472,-1.40089,160.70233,4.94832,0.34524,-0.47399,0.65348,-0.47866,0.59020,-1.01277,0.12240,
1703614415150176512,-1.31536,160.55249,4.94390,0.33094,-0.45676,0.66552,-0.48881,0.62607,-1.14397,-0.05155,
1703614415350322688,-1.21732,160.33193,4.94457,0.31610,-0.43251,0.68168,-0.49833,0.39030,-1.22562,0.01434,
1703614415483753728,-1.17752,160.18401,4.96176,0.30378,-0.41133,0.69152,-0.51023,0.31585,-1.03009,0.00692,
1703614415617184512,-1.11773,160.03206,4.93813,0.28496,-0.39468,0.70406,-0.51703,0.55546,-1.00559,-0.06809,
1703614415817330944,-1.03254,159.82255,4.93976,0.26843,-0.37453,0.71526,-0.52542,0.22643,-1.34050,-0.05664,
1703614415950761728,-1.01438,159.64539,4.94585,0.25358,-0.35201,0.72643,-0.53300,0.06599,-1.38727,-0.01653,
1703614416084192512,-1.00684,159.46552,4.94204,0.23483,-0.32864,0.73818,-0.54031,0.09989,-1.23263,0.04752,
1703614416217623808,-0.98110,159.30705,4.94777,0.22455,-0.31147,0.74361,-0.54736,0.24212,-1.14092,-0.02872,
1703614416351054848,-0.94939,159.13815,4.93090,0.21426,-0.29762,0.75278,-0.54665,0.01360,-1.16639,0.16518,
1703614416484485888,-0.96132,158.97732,4.94455,0.20038,-0.27474,0.75888,-0.55540,-0.15318,-1.25254,-0.05937,
1703614416617917184,-0.98847,158.81000,4.94012,0.18291,-0.25225,0.76689,-0.56107,-0.11004,-1.20017,-0.04330,
1703614416751348224,-0.99116,158.65827,4.93201,0.17237,-0.23838,0.77205,-0.56339,0.06479,-1.06531,-0.01969,
1703614416884779264,-0.98572,158.51716,4.93189,0.16792,-0.22601,0.77604,-0.56435,0.03956,-1.10155,-0.06011,
1703614417018209792,-0.98426,158.36681,4.92244,0.15892,-0.21249,0.78019,-0.56648,-0.14689,-1.20042,-0.05555,
1703614417151639296,-1.01099,158.21084,4.92142,0.14642,-0.19250,0.78399,-0.57172,-0.23658,-1.21881,0.05008,
1703614417285068800,-1.03568,158.05567,4.93067,0.13392,-0.17432,0.78657,-0.57705,-0.15499,-1.14759,0.01050,
1703614417418498560,-1.04994,157.89733,4.92240,0.12271,-0.16015,0.79082,-0.57783,-0.05049,-1.14547,0.03066,
1703614417551928320,-1.05349,157.74409,4.92188,0.11152,-0.15071,0.79243,-0.58043,0.00167,-1.11059,-0.01191,
1703614417685357824,-1.06293,157.58523,4.91820,0.10018,-0.13739,0.79354,-0.58428,-0.02999,-1.18774,0.03367,
1703614417818787584,-1.06827,157.43860,4.93006,0.08908,-0.12822,0.79290,-0.58901,-0.13100,-1.10984,0.07833,
1703614417952217344,-1.08562,157.26590,4.91129,0.08046,-0.11630,0.79804,-0.58577,-0.17120,-1.32371,-0.15303,
1703614418085648384,-1.09683,157.10418,4.91142,0.07410,-0.10686,0.79943,-0.58651,-0.03655,-1.10732,0.15341,
1703614418219079168,-1.09923,156.95313,4.91479,0.07042,-0.10081,0.79994,-0.58735,0.02765,-1.10231,0.04161,
1703614418352510208,-1.09158,156.80291,4.91208,0.06678,-0.09762,0.80222,-0.58520,0.06032,-1.12519,-0.06111,
1703614418485941504,-1.08560,156.65612,4.90900,0.06859,-0.09198,0.80396,-0.58351,0.04764,-1.08067,0.02910,
1703614418619372288,-1.08522,156.51722,4.91279,0.06268,-0.08814,0.80311,-0.58594,-0.05543,-1.09422,-0.06013,
1703614418752803584,-1.06914,156.36713,4.90015,0.06043,-0.08362,0.80472,-0.58462,0.31688,-1.12008,-0.01452,
1703614418886234624,-1.02667,156.22400,4.90344,0.06129,-0.08846,0.80342,-0.58560,0.25962,-1.14122,-0.00401,
1703614419019665408,-0.99998,156.07673,4.91001,0.05943,-0.08763,0.80274,-0.58685,0.18661,-1.12918,-0.03343,
1703614419153096448,-0.96182,155.91193,4.88703,0.05382,-0.08818,0.80629,-0.58243,0.36370,-1.16744,-0.00488,
1703614419286527744,-0.91397,155.75174,4.88384,0.05373,-0.09133,0.80748,-0.58030,0.33274,-1.22434,-0.03413,
1703614419486674176,-0.86738,155.52041,4.89067,0.05805,-0.09093,0.80683,-0.58084,0.21540,-1.22214,-0.07952,
1703614419620105216,-0.84546,155.36037,4.88167,0.05806,-0.08959,0.80728,-0.58044,0.04475,-1.23430,-0.11322,
1703614419753536256,-0.81713,155.20341,4.87831,0.05867,-0.08753,0.80746,-0.58043,0.35894,-1.14088,0.03353,
1703614419886967296,-0.77306,155.04178,4.87244,0.06344,-0.08991,0.80774,-0.57918,0.32983,-1.17673,0.05821,
1703614420020398080,-0.73781,154.89166,4.87993,0.06262,-0.09374,0.80617,-0.58084,0.15041,-1.20647,-0.06962,
1703614420153829120,-0.73065,154.72759,4.87178,0.05873,-0.08810,0.80634,-0.58190,0.01292,-1.24444,-0.01553,
1703614420287259904,-0.73717,154.55748,4.86577,0.05043,-0.08041,0.80820,-0.58120,-0.06093,-1.27774,-0.07586,
1703614420420690688,-0.73612,154.39776,4.86899,0.04645,-0.07506,0.80771,-0.58293,0.13091,-1.17728,0.03054,
1703614420554121472,-0.72122,154.23619,4.86823,0.04710,-0.07308,0.80779,-0.58302,0.19651,-1.19930,0.06525,
1703614420687552512,-0.68816,154.08805,4.88315,0.05058,-0.07548,0.80489,-0.58643,0.29288,-1.16094,0.02011,
1703614420820983296,-0.64088,153.93554,4.88390,0.04992,-0.08097,0.80515,-0.58539,0.24727,-1.16982,-0.01479,
1703614420954414080,-0.60655,153.78250,4.88197,0.05265,-0.08155,0.80523,-0.58497,0.14348,-1.16757,0.02111,
1703614421087845120,-0.60573,153.62683,4.89176,0.05023,-0.07541,0.80297,-0.58909,-0.15204,-1.25281,-0.03017,
1703614421221275904,-0.62743,153.46031,4.88473,0.04310,-0.06526,0.80552,-0.58739,-0.24407,-1.17676,-0.01816,
1703614421354706688,-0.64234,153.30499,4.89027,0.03641,-0.05972,0.80459,-0.58970,-0.08076,-1.22824,-0.13265,
1703614421488137728,-0.65909,153.14410,4.88482,0.02979,-0.05221,0.80484,-0.59045,-0.07151,-1.24598,-0.08698,
1703614421621568768,-0.68331,152.97739,4.88237,0.02101,-0.04425,0.80523,-0.59094,-0.15866,-1.22422,0.00443,
1703614421754999552,-0.70682,152.80984,4.87763,0.01997,-0.03576,0.80617,-0.59027,-0.14498,-1.09341,0.15068,
1703614421888430592,-0.72442,152.64681,4.88257,0.01552,-0.03247,0.80636,-0.59033,-0.19325,-1.25735,-0.10918,
1703614422021861888,-0.74186,152.49066,4.88465,0.01272,-0.02736,0.80728,-0.58940,0.01258,-1.13292,0.04820,
1703614422155292928,-0.73842,152.34759,4.89716,0.00754,-0.02526,0.80565,-0.59181,0.10783,-1.08180,0.05002,
1703614422288724480,-0.71399,152.20520,4.90284,0.01208,-0.02759,0.80466,-0.59297,0.28410,-1.05544,-0.00440,
1703614422488871424,-0.66570,151.99238,4.88233,0.02348,-0.03900,0.80670,-0.58921,0.03678,-1.05832,0.02563,
1703614422622302720,-0.67549,151.84636,4.88295,0.02443,-0.03219,0.80701,-0.58915,-0.15138,-1.10606,0.00245,
1703614422755734272,-0.68144,151.70196,4.88725,0.01988,-0.02693,0.80653,-0.59025,0.09458,-1.12550,-0.10002,
1703614422955881216,-0.62369,151.48583,4.88701,0.01678,-0.03648,0.80611,-0.59040,0.45951,-1.03661,-0.00438,
1703614423089311488,-0.57678,151.34278,4.87796,0.02291,-0.04406,0.80748,-0.58780,0.22379,-1.06559,0.01233,
1703614423222741248,-0.57779,151.19760,4.87521,0.02283,-0.04187,0.80855,-0.58650,-0.13459,-1.10459,-0.08225,
1703614423356171264,-0.59755,151.05590,4.88004,0.02110,-0.03599,0.80797,-0.58775,-0.13952,-1.00360,-0.00636,
1703614423489601536,-0.60307,150.91106,4.87478,0.01916,-0.03256,0.80990,-0.58536,0.08178,-0.94118,0.09120,
1703614423623031808,-0.57815,150.78203,4.88055,0.02006,-0.03516,0.80952,-0.58570,0.30997,-0.96785,-0.00927,
1703614423823177216,-0.52319,150.61680,4.89543,0.02149,-0.04421,0.80740,-0.58795,0.18391,-0.81519,-0.00077,
1703614423956606976,-0.50295,150.51335,4.89669,0.02143,-0.04621,0.80707,-0.58825,0.12707,-0.76404,0.01989,
1703614424090037248,-0.49041,150.40668,4.89627,0.02524,-0.04672,0.80564,-0.59002,0.09117,-0.88196,-0.02376,
1703614424223467520,-0.47751,150.29269,4.89315,0.03138,-0.04846,0.80613,-0.58891,0.03481,-0.82797,-0.06390,
1703614424356897536,-0.48002,150.18141,4.89932,0.03656,-0.04564,0.80618,-0.58878,-0.04608,-0.77004,0.07372,
1703614424490327808,-0.49717,150.08184,4.90546,0.03220,-0.04086,0.80514,-0.59080,-0.23070,-0.77441,-0.01631,
1703614424623758080,-0.52443,149.97668,4.90904,0.02296,-0.03103,0.80497,-0.59206,-0.12455,-0.79329,0.01627,
1703614424757188352,-0.52256,149.87199,4.90075,0.01602,-0.02952,0.80563,-0.59146,0.09937,-0.82818,-0.07002,
1703614424890618624,-0.49447,149.75794,4.89543,0.01769,-0.03599,0.80607,-0.59046,0.19587,-0.81861,0.01457,
1703614425024048896,-0.48175,149.64197,4.88991,0.02398,-0.03909,0.80654,-0.58940,-0.01357,-0.81630,0.07887,
1703614425157479168,-0.50510,149.52829,4.89497,0.02566,-0.03340,0.80566,-0.59087,-0.28102,-0.89358,-0.03729,
1703614425290909440,-0.53688,149.40967,4.88967,0.02198,-0.02429,0.80664,-0.59013,-0.14272,-0.83803,0.02120,
1703614425424339712,-0.53865,149.29044,4.88745,0.01859,-0.02251,0.80745,-0.58922,0.07464,-0.90330,-0.03411,
1703614425557770240,-0.52408,149.18176,4.89440,0.01742,-0.02532,0.80706,-0.58967,0.09850,-0.76886,0.07742,
1703614425691200512,-0.52718,149.07886,4.89700,0.01481,-0.02425,0.80713,-0.58970,-0.10936,-0.78958,-0.01590,
1703614425824631040,-0.54188,148.97868,4.89476,0.01176,-0.02055,0.80801,-0.58870,-0.06133,-0.72321,0.02139,
1703614425958061312,-0.54180,148.87827,4.89552,0.00920,-0.01942,0.80832,-0.58835,0.07420,-0.74062,0.00670,
1703614426091492096,-0.53262,148.77896,4.90201,0.00887,-0.02054,0.80731,-0.58970,0.00347,-0.71653,0.05305,
1703614426224923136,-0.54117,148.67700,4.90034,0.00922,-0.01911,0.80716,-0.58995,-0.18201,-0.78747,-0.04561,
1703614426358354432,-0.55876,148.57189,4.89555,0.01154,-0.01496,0.80851,-0.58817,-0.08357,-0.76009,-0.02022,
1703614426558501120,-0.56261,148.42489,4.89595,0.01093,-0.01384,0.80823,-0.58860,0.04543,-0.77765,-0.02855,
1703614426758647808,-0.54132,148.27730,4.89439,0.00987,-0.01751,0.80808,-0.58874,0.10980,-0.71814,0.03152,
1703614426892078848,-0.53706,148.17465,4.89882,0.00522,-0.01730,0.80648,-0.59098,0.01467,-0.76335,0.05961,
1703614427025509888,-0.52683,148.07990,4.91073,0.00046,-0.01767,0.80372,-0.59475,0.15533,-0.77522,-0.04722,
1703614427158940672,-0.49165,147.97933,4.90063,0.00866,-0.02555,0.80534,-0.59220,0.22251,-0.75033,-0.14501,
1703614427292371200,-0.48866,147.87560,4.88957,0.01641,-0.02776,0.80694,-0.58976,-0.19714,-0.71840,0.09832,
1703614427425801984,-0.52150,147.77012,4.88912,0.01383,-0.01922,0.80759,-0.58927,-0.21640,-0.73777,0.04868,
1703614427559233024,-0.52172,147.67030,4.89994,0.01269,-0.01599,0.80585,-0.59177,0.19148,-0.77071,0.00497,
1703614427692663808,-0.49270,147.56967,4.90137,0.01329,-0.02210,0.80595,-0.59142,0.23206,-0.73923,0.01293,
1703614427826094336,-0.47061,147.46581,4.89345,0.01614,-0.02679,0.80689,-0.58987,0.07667,-0.80129,-0.07308,
1703614427959525376,-0.46791,147.35731,4.88413,0.01313,-0.02523,0.80821,-0.58821,0.00610,-0.82334,-0.04799,
1703614428092955648,-0.45632,147.24904,4.88303,0.01419,-0.02392,0.80844,-0.58792,0.20723,-0.74633,0.08640,
1703614428226385920,-0.42923,147.14194,4.88548,0.02228,-0.03102,0.80752,-0.58861,0.15110,-0.82372,-0.02315,
1703614428359815936,-0.42780,147.02670,4.87798,0.02494,-0.03298,0.80812,-0.58756,-0.06793,-0.89105,-0.08470,
1703614428493245952,-0.43544,146.90343,4.87396,0.02367,-0.02798,0.80952,-0.58594,0.03845,-0.86651,0.09005,
1703614428626675968,-0.42052,146.78637,4.87742,0.02240,-0.02864,0.80926,-0.58632,0.18381,-0.86816,0.04007,
1703614428760105984,-0.40415,146.66884,4.88226,0.02397,-0.03155,0.80836,-0.58735,0.08502,-0.90003,0.00829,
1703614428893536256,-0.39893,146.54406,4.87886,0.02314,-0.03207,0.80978,-0.58540,0.03639,-0.94666,-0.05806,
1703614429026964480,-0.39973,146.42858,4.88151,0.01962,-0.02794,0.80967,-0.58589,0.10032,-0.85974,-0.01958,
1703614429160390400,-0.38014,146.31201,4.87710,0.02178,-0.02942,0.80939,-0.58612,0.21853,-0.86034,-0.00976,
1703614429293816064,-0.35249,146.18833,4.87509,0.02686,-0.03813,0.80803,-0.58729,0.09155,-1.02044,-0.03531,
1703614429427241728,-0.35267,146.05480,4.87170,0.02962,-0.03529,0.80856,-0.58661,-0.04218,-1.00085,-0.02959,
1703614429560667392,-0.35927,145.91765,4.86506,0.02503,-0.02947,0.81150,-0.58307,-0.03722,-0.99710,0.01493,
1703614429694092288,-0.35625,145.79594,4.87631,0.02332,-0.02875,0.80856,-0.58725,0.16699,-0.91250,0.05857,
1703614429827516928,-0.34365,145.66494,4.87925,0.02768,-0.03195,0.80727,-0.58866,0.10296,-0.99648,0.00454,
1703614430027655680,-0.32735,145.46285,4.87344,0.02864,-0.03330,0.80853,-0.58682,0.02384,-1.00256,0.00439,
1703614430161082112,-0.33251,145.32441,4.87647,0.02588,-0.02750,0.80731,-0.58892,0.04626,-1.06773,0.05792,
1703614430294508800,-0.31644,145.18139,4.87247,0.02599,-0.02867,0.80890,-0.58666,0.15714,-1.03286,0.03149,
1703614430427935488,-0.29358,145.04669,4.87672,0.02848,-0.03399,0.80744,-0.58828,0.11109,-1.07002,-0.05551,
1703614430561361664,-0.29079,144.90943,4.87889,0.02799,-0.03279,0.80816,-0.58738,-0.03814,-0.97989,0.04121,
1703614430694787840,-0.28319,144.77356,4.87524,0.02640,-0.03147,0.80938,-0.58585,0.16680,-0.96625,0.02962,
1703614430828214272,-0.26621,144.64531,4.87517,0.02365,-0.03376,0.80815,-0.58753,0.13293,-1.01199,-0.05613,
1703614430961640448,-0.25062,144.51683,4.88460,0.02659,-0.03369,0.80581,-0.59062,0.09120,-0.94245,0.15128,
1703614431095071232,-0.23501,144.38583,4.88497,0.03420,-0.03551,0.80621,-0.58957,0.08524,-0.97785,-0.04112,
1703614431295217664,-0.23852,144.18628,4.86503,0.03232,-0.03307,0.80824,-0.58703,0.00863,-1.03952,-0.16365,
1703614431428648704,-0.22120,144.04929,4.85562,0.02823,-0.03385,0.81033,-0.58432,0.15804,-0.98420,0.04271,
1703614431562080000,-0.19889,143.92209,4.86420,0.03023,-0.03646,0.80793,-0.58737,0.09407,-1.02949,-0.08485,
1703614431695511040,-0.20364,143.78159,4.85775,0.02887,-0.03391,0.80837,-0.58698,-0.23928,-1.07298,-0.03259,
1703614431828941824,-0.22131,143.64361,4.85610,0.02754,-0.02770,0.80971,-0.58553,-0.13460,-0.98479,0.02346,
1703614431962373376,-0.22711,143.50521,4.85415,0.02421,-0.02576,0.81036,-0.58486,-0.02932,-1.02855,0.01184,
1703614432095804672,-0.22176,143.37141,4.85602,0.02169,-0.02540,0.80953,-0.58613,0.05280,-1.07744,-0.05383,
1703614432229236480,-0.22534,143.23803,4.85734,0.02025,-0.02250,0.80999,-0.58566,-0.08139,-0.95725,0.05260,
1703614432362667776,-0.24085,143.10845,4.86375,0.01651,-0.01765,0.80889,-0.58747,-0.13654,-0.94451,0.07819,
1703614432562815232,-0.25469,142.92117,4.86877,0.01290,-0.01348,0.80974,-0.58649,-0.01166,-0.87657,0.00432,
1703614432762962944,-0.26138,142.75979,4.87667,0.01581,-0.01309,0.80945,-0.58684,-0.09922,-0.77555,0.02224,
1703614432896394496,-0.27263,142.66606,4.88795,0.01321,-0.01217,0.80667,-0.59073,0.02982,-0.62614,0.14421,
1703614433029823488,-0.26478,142.56786,4.89721,0.01249,-0.01084,0.80444,-0.59381,0.26300,-0.79410,-0.03249,
1703614433163251712,-0.23536,142.46627,4.89920,0.01354,-0.01563,0.80277,-0.59593,0.21684,-0.87697,-0.06662,
1703614433296679680,-0.22099,142.36147,4.89859,0.01411,-0.01993,0.80278,-0.59578,-0.00203,-0.84423,-0.10991,
1703614433430107648,-0.22523,142.24559,4.88770,0.01367,-0.01898,0.80427,-0.59380,0.01354,-0.85670,-0.01372,
1703614433563535616,-0.21452,142.12915,4.88610,0.01415,-0.01975,0.80448,-0.59348,0.13537,-0.84508,-0.01333,
1703614433696963584,-0.19781,142.01554,4.88856,0.01765,-0.02222,0.80414,-0.59376,0.16767,-0.85189,0.01801,
1703614433830391296,-0.18438,141.90935,4.89521,0.01830,-0.02437,0.80194,-0.59663,0.02812,-0.84536,-0.03020,
1703614434030536448,-0.17510,141.72794,4.87829,0.01641,-0.02354,0.80591,-0.59135,0.08826,-0.85974,0.02118,
1703614434163967744,-0.16417,141.61806,4.88366,0.01555,-0.02417,0.80490,-0.59272,0.09001,-0.86769,-0.03394,
1703614434297399040,-0.15867,141.51236,4.88939,0.01942,-0.02490,0.80471,-0.59283,-0.01879,-0.71203,0.11735,
1703614434430830336,-0.16305,141.40362,4.89214,0.02160,-0.02517,0.80471,-0.59274,-0.06377,-0.82265,-0.06742,
1703614434564261376,-0.17078,141.29657,4.88519,0.02414,-0.02159,0.80690,-0.58981,0.03435,-0.70117,0.04889,
1703614434697692928,-0.15874,141.20047,4.88771,0.02565,-0.02308,0.80679,-0.58983,0.14201,-0.77087,-0.11290,
1703614434831124480,-0.14196,141.10065,4.87614,0.02509,-0.02571,0.80910,-0.58657,0.06664,-0.76483,-0.11687,
1703614434964555008,-0.13247,141.00456,4.86865,0.02356,-0.02532,0.81104,-0.58396,0.09107,-0.68682,0.00752,
1703614435097985792,-0.12023,140.91130,4.87096,0.02503,-0.02659,0.81050,-0.58461,0.07430,-0.67700,0.05368,
1703614435231416576,-0.11713,140.81792,4.86979,0.02796,-0.02786,0.81006,-0.58501,-0.00581,-0.74156,-0.05531,
1703614435364847360,-0.11943,140.71662,4.86402,0.02581,-0.02611,0.81125,-0.58355,0.05373,-0.69603,0.07451,
1703614435498278400,-0.10510,140.61435,4.86687,0.02273,-0.02560,0.80970,-0.58584,0.17300,-0.81188,0.00783,
1703614435631709440,-0.08036,140.51258,4.88025,0.02257,-0.02969,0.80808,-0.58790,0.18605,-0.74270,0.09382,
1703614435765140224,-0.07028,140.41446,4.88886,0.02347,-0.03118,0.80660,-0.58980,-0.03778,-0.78731,-0.03678,
1703614435898571264,-0.07459,140.30896,4.88480,0.02125,-0.02950,0.80806,-0.58798,-0.05116,-0.78132,-0.03943,
1703614436032000256,-0.06686,140.20454,4.88302,0.02238,-0.02857,0.80777,-0.58838,0.20806,-0.79116,0.03906,
1703614436165426944,-0.04413,140.09893,4.88559,0.02440,-0.03247,0.80638,-0.59001,0.09512,-0.79658,0.06593,
1703614436298853376,-0.03755,139.98726,4.88741,0.02475,-0.03222,0.80607,-0.59043,0.00238,-0.86341,-0.01622,
1703614436432280064,-0.03419,139.87204,4.88241,0.02447,-0.03116,0.80816,-0.58762,0.04986,-0.83684,-0.01995,
1703614436565706496,-0.02417,139.75893,4.87443,0.02785,-0.03198,0.80924,-0.58595,-0.00347,-0.86797,-0.06894,
1703614436699133184,-0.02703,139.64005,4.86517,0.02440,-0.02914,0.81147,-0.58316,-0.04694,-0.85844,0.01351,
1703614436832559360,-0.02147,139.53760,4.87856,0.02287,-0.02744,0.80889,-0.58687,0.13007,-0.77972,0.02962,
1703614436965985536,-0.00507,139.42440,4.87610,0.02514,-0.02969,0.80746,-0.58863,0.11037,-0.89416,-0.00420,
1703614437099417344,0.00269,139.30122,4.87171,0.02418,-0.03113,0.80787,-0.58804,0.02518,-0.97482,-0.13493,
1703614437232849664,0.01113,139.17623,4.86314,0.02541,-0.02953,0.80931,-0.58609,0.12398,-0.86567,0.06098,
1703614437366281728,0.03087,139.05052,4.86126,0.02261,-0.03264,0.80916,-0.58624,0.09989,-0.94907,-0.01535,
1703614437499714048,0.04797,138.92641,4.86263,0.02379,-0.03396,0.81029,-0.58456,0.11311,-0.86388,0.04702,
1703614437633146368,0.05471,138.81003,4.86501,0.02793,-0.03368,0.81035,-0.58430,-0.01471,-0.85836,0.01566,
1703614437766578688,0.04625,138.69385,4.86461,0.02659,-0.03106,0.81003,-0.58497,-0.11588,-0.87108,-0.04660,
1703614437900011264,0.03973,138.56736,4.85483,0.02107,-0.02568,0.81177,-0.58304,0.09348,-0.90342,0.03335,
1703614438033442048,0.06029,138.45015,4.86357,0.02126,-0.02920,0.81088,-0.58410,0.12000,-0.89202,-0.00122,
1703614438166871296,0.06805,138.33588,4.86936,0.02399,-0.03132,0.81005,-0.58503,-0.03448,-0.87054,-0.02408,
1703614438300300800,0.05027,138.22262,4.87047,0.02077,-0.02616,0.80977,-0.58579,-0.11449,-0.81399,0.10182,
1703614438433730048,0.03556,138.11051,4.87499,0.01862,-0.02115,0.80799,-0.58852,-0.01678,-0.83649,0.05911,
1703614438633874176,0.03434,137.93255,4.88095,0.01718,-0.02162,0.80774,-0.58889,-0.06635,-0.78513,0.08660,
1703614438767303680,0.02707,137.82006,4.88395,0.01517,-0.01861,0.80756,-0.58930,-0.03644,-0.83569,-0.00948,
1703614438900732928,0.02602,137.71275,4.89081,0.01432,-0.01765,0.80469,-0.59326,0.01421,-0.82823,0.05731,
1703614439034164992,0.02606,137.59801,4.89174,0.01490,-0.01634,0.80477,-0.59317,0.01278,-0.86184,0.00166,
1703614439167599616,0.02355,137.48243,4.88991,0.01374,-0.01709,0.80446,-0.59360,-0.11410,-0.94339,-0.06720,
1703614439301034496,0.01955,137.36859,4.89248,0.01311,-0.01394,0.80383,-0.59455,0.08430,-0.90092,-0.07941,
1703614439434469376,0.03710,137.24361,4.88208,0.01380,-0.01700,0.80648,-0.59086,0.14965,-0.92753,-0.04492,
1703614439567904512,0.05160,137.13014,4.87982,0.01973,-0.02063,0.80648,-0.59057,-0.00190,-0.83341,0.00414,
1703614439701339904,0.03875,137.01591,4.87822,0.01696,-0.01765,0.80544,-0.59217,-0.12336,-0.88087,0.01397,
1703614439834775552,0.02725,136.89719,4.88488,0.01397,-0.01186,0.80472,-0.59338,0.07093,-0.92564,-0.02023,
1703614439968210944,0.04813,136.77819,4.88186,0.01628,-0.01648,0.80494,-0.59291,0.15847,-0.90873,-0.01266,
1703614440101642496,0.06736,136.66082,4.88322,0.01988,-0.02236,0.80595,-0.59123,0.02604,-0.83252,0.09828,
1703614440235074048,0.06854,136.54775,4.88240,0.01329,-0.02110,0.80605,-0.59132,-0.05979,-0.87556,-0.07990,
1703614440368505600,0.07241,136.43315,4.88324,0.01460,-0.01778,0.80687,-0.59028,0.14088,-0.81707,0.07034,
1703614440501937152,0.09616,136.32087,4.88012,0.01506,-0.02479,0.80745,-0.58922,0.18169,-0.83687,-0.03362,
1703614440635368704,0.11751,136.21241,4.87486,0.01817,-0.02890,0.80878,-0.58712,0.12135,-0.74098,0.08850,
1703614440768800512,0.12650,136.10417,4.87542,0.01831,-0.02871,0.80872,-0.58720,0.04622,-0.81382,-0.01953,
1703614440902232064,0.11946,135.99269,4.86576,0.01913,-0.02572,0.81036,-0.58506,-0.02692,-0.83406,-0.05090,
1703614441035663616,0.11247,135.88463,4.86769,0.02246,-0.02475,0.80992,-0.58559,-0.07658,-0.84903,-0.07223,
1703614441169094656,0.10554,135.76989,4.86888,0.02560,-0.02308,0.80954,-0.58605,-0.00046,-0.82613,0.06470,
1703614441302525184,0.10253,135.65677,4.86722,0.02359,-0.02103,0.80952,-0.58624,-0.04175,-0.90304,-0.10569,
1703614441435956224,0.10183,135.53538,4.86374,0.01866,-0.01838,0.80976,-0.58618,-0.00245,-0.89859,0.05953,
1703614441569387520,0.11939,135.41806,4.86917,0.02122,-0.02133,0.80876,-0.58736,0.20326,-0.90147,-0.05216,
1703614441702818304,0.13342,135.30059,4.86946,0.02154,-0.02471,0.80847,-0.58762,0.07437,-0.90845,-0.04208,
1703614441836249600,0.14126,135.18398,4.86599,0.02109,-0.02429,0.80915,-0.58672,0.04240,-0.81695,0.08061,
1703614441969680384,0.14421,135.06590,4.86584,0.02067,-0.02325,0.80944,-0.58638,0.07486,-0.94446,-0.08970,
1703614442103111936,0.14973,134.95083,4.87088,0.02087,-0.02395,0.80859,-0.58752,0.09013,-0.84909,0.07380,
1703614442236543488,0.15949,134.82907,4.86766,0.01752,-0.02351,0.80932,-0.58663,0.16808,-0.93046,-0.08846,
1703614442369975040,0.18059,134.70897,4.86801,0.01699,-0.02669,0.80867,-0.58742,0.18433,-0.96231,-0.08400,
1703614442503406592,0.19204,134.58879,4.87312,0.01826,-0.02811,0.80698,-0.58963,0.01428,-0.89604,0.09045,
1703614442636838144,0.19449,134.46307,4.87381,0.02001,-0.02815,0.80773,-0.58854,0.00569,-0.90186,0.05104,
1703614442770269952,0.19229,134.33424,4.87488,0.02010,-0.02628,0.80667,-0.59008,0.04694,-0.99089,-0.02476,
1703614442903701248,0.20469,134.20342,4.87375,0.01937,-0.02738,0.80670,-0.59001,0.16916,-0.99142,-0.04090,
1703614443037133056,0.22433,134.07177,4.86434,0.02263,-0.02992,0.80896,-0.58667,0.12559,-0.90304,0.05895,
1703614443170564864,0.23829,133.94644,4.86392,0.02349,-0.03233,0.80791,-0.58795,0.01851,-1.05036,-0.10689,
1703614443303996672,0.24396,133.81618,4.87131,0.02182,-0.02987,0.80737,-0.58889,0.08862,-0.98599,-0.00140,
1703614443437428480,0.26243,133.68606,4.87058,0.01847,-0.03090,0.80787,-0.58826,0.14854,-0.90465,0.11756,
1703614443570860288,0.28102,133.55938,4.87340,0.02171,-0.03303,0.80731,-0.58881,0.10249,-0.98171,-0.07680,
1703614443704292352,0.28502,133.42508,4.86380,0.02374,-0.03357,0.80823,-0.58743,0.00224,-0.96492,0.07023,
1703614443837724416,0.28418,133.28893,4.86084,0.02444,-0.03112,0.80964,-0.58559,0.05364,-1.00228,-0.03325,
1703614444037872128,0.30632,133.08942,4.85795,0.02558,-0.03274,0.80928,-0.58595,0.18201,-1.04358,-0.09004,
1703614444171303424,0.32191,132.96612,4.87353,0.02828,-0.03567,0.80580,-0.59044,0.11714,-0.97443,0.00869,
1703614444304734720,0.32677,132.83832,4.87733,0.02918,-0.03431,0.80580,-0.59047,0.03302,-0.89161,0.10009,
1703614444438166016,0.34117,132.70621,4.86885,0.02539,-0.03413,0.80781,-0.58791,0.13635,-0.97492,-0.00838,
1703614444571597312,0.35520,132.57864,4.87479,0.02845,-0.03390,0.80631,-0.58984,0.07138,-0.97271,0.05106,
1703614444705028864,0.35500,132.44722,4.87521,0.02543,-0.03239,0.80702,-0.58909,-0.05076,-0.98086,-0.03952,
1703614444838460160,0.36724,132.31524,4.87663,0.02414,-0.03183,0.80620,-0.59029,0.22645,-1.03720,-0.00395,
1703614444971891712,0.40167,132.18189,4.87235,0.02306,-0.03849,0.80701,-0.58884,0.28018,-0.94189,-0.05510,
1703614445105324544,0.44255,132.05504,4.86893,0.02579,-0.04424,0.80695,-0.58839,0.29693,-0.97717,-0.03165,
1703614445238757632,0.46983,131.92965,4.86936,0.02766,-0.04643,0.80566,-0.58990,0.10656,-0.87031,0.09037,
1703614445372190720,0.47588,131.79811,4.86584,0.02911,-0.04563,0.80599,-0.58945,-0.09665,-0.97573,-0.02846,
1703614445505624064,0.45505,131.67148,4.86632,0.02673,-0.04041,0.80569,-0.59035,-0.22892,-1.00643,-0.03878,
1703614445639057152,0.42903,131.54070,4.86435,0.02161,-0.03080,0.80746,-0.58872,-0.02190,-0.93576,-0.01876,
1703614445772490496,0.43139,131.41143,4.86516,0.01980,-0.03023,0.80823,-0.58776,0.02857,-0.91036,0.06961,
1703614445905923840,0.43289,131.29740,4.86933,0.02003,-0.03034,0.80816,-0.58784,-0.05845,-0.86436,-0.03197,
1703614446039355904,0.42036,131.18338,4.86876,0.01881,-0.02632,0.80888,-0.58708,-0.16235,-0.82750,0.04853,
1703614446172785664,0.41100,131.06230,4.86094,0.01822,-0.02161,0.81016,-0.58552,0.07167,-0.90657,-0.06346,
1703614446306215424,0.43156,130.94197,4.86204,0.02442,-0.02596,0.80859,-0.58729,0.16012,-0.97133,-0.07316,
1703614446506359808,0.43851,130.75980,4.86063,0.02519,-0.02689,0.80882,-0.58690,-0.05467,-0.93554,-0.01766,
1703614446639789568,0.43342,130.63625,4.85996,0.02374,-0.02261,0.80878,-0.58720,0.03840,-0.92148,0.03314,
1703614446773219072,0.44350,130.51271,4.86331,0.01825,-0.02430,0.80692,-0.58988,0.09437,-0.99718,-0.06235,
1703614446906648576,0.46151,130.38925,4.86708,0.01963,-0.02583,0.80651,-0.59033,0.23136,-0.88049,0.05573,
1703614447040077824,0.49199,130.26484,4.86373,0.02293,-0.03143,0.80790,-0.58804,0.14646,-0.85201,0.06752,
1703614447173507328,0.49919,130.15822,4.87472,0.02313,-0.03238,0.80567,-0.59103,-0.02953,-0.79554,0.04747,
1703614447373651200,0.51259,129.98684,4.86794,0.02803,-0.03087,0.80622,-0.59014,0.20860,-0.91374,-0.08828,
1703614447507080448,0.52298,129.87385,4.87221,0.02626,-0.03231,0.80559,-0.59100,0.01087,-0.82747,0.05870,
1703614447640509952,0.52400,129.75866,4.87193,0.02340,-0.03009,0.80622,-0.59038,0.05600,-0.82154,-0.00210,
1703614447773939200,0.53737,129.65681,4.87868,0.02572,-0.03156,0.80543,-0.59130,0.15096,-0.72687,-0.02711,
1703614447907368448,0.54628,129.55543,4.87648,0.02637,-0.03373,0.80545,-0.59111,0.00928,-0.76711,0.03163,
1703614448040800512,0.54776,129.45089,4.87255,0.02581,-0.03241,0.80538,-0.59131,0.06050,-0.84459,-0.10185,
1703614448174237184,0.55756,129.34175,4.86563,0.02551,-0.03256,0.80636,-0.58997,0.04581,-0.73655,0.08265,
1703614448307674112,0.56612,129.23847,4.87281,0.02394,-0.03229,0.80454,-0.59254,0.09541,-0.81449,0.02148,
1703614448441111296,0.58537,129.13159,4.87159,0.02547,-0.03474,0.80468,-0.59215,0.12885,-0.79179,-0.03335,
1703614448574548480,0.59227,129.01840,4.86461,0.02872,-0.03500,0.80545,-0.59094,-0.05037,-0.88052,-0.04286,
1703614448707986176,0.58718,128.89858,4.86208,0.02717,-0.03198,0.80668,-0.58950,-0.02490,-0.84043,0.03605,
1703614448841423616,0.58878,128.78387,4.86509,0.02463,-0.03019,0.80679,-0.58955,0.10333,-0.81359,0.03074,
1703614448974861568,0.60658,128.67425,4.87024,0.02564,-0.03282,0.80590,-0.59058,0.16985,-0.83278,-0.02002,
1703614449175006208,0.62808,128.51627,4.86676,0.02365,-0.03476,0.80698,-0.58908,0.09355,-0.75273,0.03376,
1703614449308435712,0.64591,128.41564,4.86902,0.02313,-0.03664,0.80593,-0.59042,0.10243,-0.77872,0.01405,
1703614449441865472,0.64551,128.30917,4.87036,0.02544,-0.03721,0.80502,-0.59154,-0.15042,-0.81229,0.00091,
1703614449575294976,0.62871,128.19823,4.86836,0.02334,-0.03145,0.80635,-0.59014,-0.07337,-0.82352,-0.01537,
1703614449708724224,0.63373,128.09147,4.86775,0.02012,-0.02919,0.80698,-0.58951,0.16187,-0.77771,-0.01818,
1703614449842153984,0.65991,127.98925,4.86697,0.02374,-0.03386,0.80688,-0.58927,0.18936,-0.80418,-0.05752,
1703614449975583488,0.67500,127.88589,4.86586,0.02592,-0.03703,0.80652,-0.58948,-0.02737,-0.79607,0.00521,
1703614450109012992,0.66264,127.77854,4.86771,0.02126,-0.03215,0.80639,-0.59013,-0.10066,-0.76835,0.07248,
1703614450242442496,0.65996,127.66454,4.86232,0.01376,-0.02829,0.80755,-0.58896,0.12339,-0.82246,-0.06487,
1703614450442586880,0.71079,127.50573,4.86195,0.01678,-0.03747,0.80678,-0.58942,0.24972,-0.73644,0.07011,
1703614450576016128,0.71931,127.39750,4.85713,0.01821,-0.04017,0.80608,-0.59016,-0.14447,-0.93047,-0.13748,
1703614450709445376,0.69408,127.27535,4.85110,0.01757,-0.03216,0.80813,-0.58787,-0.06986,-0.86088,0.03771,
1703614450842874880,0.70003,127.16055,4.85573,0.01483,-0.03039,0.80834,-0.58774,0.17690,-0.82909,0.00720,
1703614450976304640,0.73621,127.05725,4.86261,0.01613,-0.03543,0.80754,-0.58853,0.30873,-0.76754,0.08495,
1703614451109731840,0.76037,126.95245,4.86201,0.01826,-0.04057,0.80755,-0.58812,-0.01867,-0.80398,-0.01906,
1703614451243158528,0.74499,126.84421,4.86506,0.02046,-0.03615,0.80637,-0.58995,-0.14348,-0.86955,-0.00925,
1703614451376585728,0.73157,126.72603,4.86428,0.02056,-0.03264,0.80684,-0.58951,-0.04150,-0.90533,-0.01686,
1703614451510012416,0.73210,126.60600,4.86309,0.02032,-0.03055,0.80706,-0.58933,0.13856,-0.89695,0.02602,
1703614451643439104,0.74921,126.48383,4.86183,0.02089,-0.03198,0.80734,-0.58885,0.09683,-0.90844,-0.01947,
1703614451776865792,0.75962,126.36113,4.86145,0.02141,-0.03372,0.80705,-0.58914,0.00142,-0.90744,0.02653,
1703614451910292224,0.75415,126.23464,4.85737,0.02138,-0.03177,0.80720,-0.58903,-0.04079,-0.97385,-0.04320,
1703614452043719168,0.75293,126.09997,4.84838,0.01986,-0.03000,0.80911,-0.58656,0.06249,-0.97319,-0.03087,
1703614452177146112,0.77357,125.96929,4.84921,0.01968,-0.03204,0.80890,-0.58674,0.21294,-0.93684,0.01800,
1703614452310573312,0.80784,125.83850,4.84615,0.02436,-0.03920,0.80955,-0.58524,0.21514,-0.96102,0.01954,
1703614452444000256,0.81822,125.70628,4.84157,0.02186,-0.03989,0.80896,-0.58610,-0.09954,-1.03688,-0.02221,
1703614452577426944,0.81182,125.56702,4.83912,0.01679,-0.03417,0.81046,-0.58455,-0.02136,-1.00896,0.00529,
1703614452710853888,0.81014,125.43017,4.83692,0.01711,-0.03228,0.81119,-0.58364,0.04591,-0.99483,0.02624,
1703614452844280320,0.82367,125.29520,4.83599,0.02017,-0.03646,0.81045,-0.58433,0.05971,-1.05247,-0.07560,
1703614452977706752,0.82159,125.16005,4.83646,0.02072,-0.03362,0.81090,-0.58385,-0.04837,-0.96183,0.04042,
1703614453111135232,0.81365,125.02264,4.83372,0.02006,-0.02922,0.81149,-0.58329,-0.00074,-1.03421,-0.01590,
1703614453244564224,0.82437,124.88554,4.83323,0.02069,-0.03080,0.81180,-0.58276,0.08450,-0.98601,0.02908,
1703614453377992960,0.83122,124.75326,4.83823,0.02172,-0.03141,0.81094,-0.58388,-0.03533,-1.01270,-0.00202,
1703614453511421696,0.82109,124.62261,4.84404,0.02126,-0.02624,0.81042,-0.58487,-0.10992,-0.94571,0.11121,
1703614453644850176,0.81039,124.49242,4.84669,0.01620,-0.02289,0.80870,-0.58755,-0.12408,-1.07249,-0.06345,
1703614453778279168,0.81262,124.35388,4.84029,0.01370,-0.02110,0.80987,-0.58608,0.10172,-1.02734,-0.06145,
1703614453911707904,0.82958,124.22121,4.84124,0.01279,-0.02371,0.80942,-0.58661,0.11286,-0.97260,0.08888,
1703614454045135872,0.83611,124.08740,4.84705,0.01158,-0.02415,0.80760,-0.58913,0.04702,-1.02702,0.02333,
1703614454178562816,0.84222,123.95091,4.84931,0.01201,-0.02438,0.80721,-0.58964,0.06319,-0.94284,0.11357,
1703614454311990272,0.84994,123.81691,4.85185,0.01232,-0.02471,0.80673,-0.59028,0.05114,-1.03953,-0.01476,
1703614454445417216,0.85260,123.68917,4.85886,0.00979,-0.02414,0.80522,-0.59241,-0.01645,-0.92435,0.07651,
1703614454578844160,0.84991,123.55954,4.86237,0.00892,-0.02135,0.80558,-0.59203,-0.00664,-0.92497,0.08904,
1703614454712270848,0.85213,123.43782,4.86739,0.00829,-0.02079,0.80401,-0.59420,0.02171,-0.98310,-0.07544,
1703614454845697280,0.85138,123.32159,4.87466,0.00720,-0.02069,0.80233,-0.59648,-0.04604,-0.93098,-0.00917,
1703614454979123712,0.85341,123.19832,4.87230,0.00909,-0.01973,0.80340,-0.59505,0.06646,-0.85993,0.04779,
1703614455112565760,0.85943,123.08006,4.87688,0.01224,-0.02051,0.80325,-0.59516,0.11813,-0.84196,-0.01226,
1703614455246011136,0.86630,122.96478,4.87217,0.01381,-0.02200,0.80416,-0.59384,0.01500,-0.84734,-0.03129,
1703614455379457280,0.86364,122.85262,4.87267,0.01422,-0.01970,0.80376,-0.59446,0.03603,-0.83391,0.01159,
1703614455512903424,0.87145,122.73887,4.87221,0.01730,-0.01982,0.80390,-0.59418,0.15034,-0.83583,-0.04387,
1703614455646350336,0.89510,122.63317,4.86793,0.02096,-0.02539,0.80436,-0.59323,0.18164,-0.82417,-0.02387,
1703614455779797504,0.91141,122.52567,4.86522,0.02133,-0.02690,0.80457,-0.59287,0.09020,-0.79044,0.02411,
1703614455913245184,0.91815,122.42177,4.87180,0.01847,-0.02580,0.80448,-0.59314,0.01504,-0.73137,0.05550,
1703614456046684928,0.92424,122.32862,4.87651,0.01840,-0.02591,0.80387,-0.59396,0.06358,-0.67416,0.04899,
1703614456180107520,0.93640,122.23360,4.87320,0.02353,-0.02828,0.80484,-0.59235,0.13395,-0.74955,-0.06300,
1703614456313529856,0.94451,122.13918,4.87238,0.02380,-0.02934,0.80497,-0.59211,0.04780,-0.72380,-0.03148,
1703614456446952192,0.95640,122.04423,4.87045,0.02380,-0.02894,0.80553,-0.59137,0.15963,-0.70969,-0.00576,
1703614456580374016,0.98227,121.95537,4.87393,0.02548,-0.03353,0.80523,-0.59146,0.17416,-0.66857,-0.01044,
1703614456713795840,0.99758,121.86717,4.87061,0.02776,-0.03609,0.80555,-0.59078,0.07231,-0.64111,0.04025,
1703614456847217408,0.99921,121.77739,4.87190,0.02711,-0.03492,0.80595,-0.59033,-0.01595,-0.65236,0.02170,
1703614456980638720,1.00347,121.68799,4.87129,0.02521,-0.03378,0.80624,-0.59008,0.08935,-0.67652,-0.02443,
1703614457114065920,1.02086,121.59979,4.87159,0.02653,-0.03612,0.80627,-0.58985,0.14893,-0.64423,0.02100,
1703614457247494656,1.03624,121.51247,4.87200,0.02835,-0.03873,0.80621,-0.58968,0.07154,-0.67862,-0.01034,
1703614457380923136,1.03786,121.42236,4.87236,0.02784,-0.03734,0.80615,-0.58987,0.00893,-0.69488,-0.03840,
1703614457514351616,1.04377,121.32829,4.87033,0.02871,-0.03706,0.80671,-0.58908,0.11162,-0.70952,-0.02406,
1703614457647779584,1.05681,121.23150,4.86687,0.03060,-0.03920,0.80701,-0.58843,0.09047,-0.72608,0.00383,
1703614457781208320,1.06673,121.13224,4.86527,0.02913,-0.03961,0.80775,-0.58747,0.06140,-0.72726,0.02063,
1703614457914636288,1.07876,121.03519,4.86666,0.02671,-0.03906,0.80743,-0.58806,0.11446,-0.72615,0.00293,
1703614458048064000,1.09730,120.93581,4.86705,0.03000,-0.04118,0.80740,-0.58780,0.12625,-0.75239,0.00692,
1703614458181489920,1.09953,120.83400,4.86767,0.02922,-0.04148,0.80723,-0.58805,-0.03656,-0.82818,-0.06043,
1703614458314916096,1.09440,120.73095,4.86776,0.02397,-0.03671,0.80825,-0.58721,0.06505,-0.73976,0.02331,
1703614458515054592,1.13713,120.58237,4.87247,0.02786,-0.04198,0.80664,-0.58890,0.27398,-0.75775,0.01889,
1703614458648480256,1.15772,120.47506,4.87165,0.03004,-0.04716,0.80684,-0.58812,-0.02170,-0.80572,0.03866,
1703614458781905664,1.15076,120.36289,4.87141,0.02681,-0.04227,0.80758,-0.58763,-0.02489,-0.84819,-0.03046,
1703614458915331072,1.16034,120.24900,4.87105,0.02552,-0.04074,0.80786,-0.58741,0.16671,-0.88444,-0.06474,
1703614459048756480,1.18152,120.13625,4.87276,0.02693,-0.04471,0.80724,-0.58791,0.10772,-0.89025,-0.02957,
1703614459182182656,1.18845,120.02025,4.87030,0.02723,-0.04413,0.80785,-0.58710,-0.04180,-0.86276,0.04302,
1703614459315608832,1.17706,119.90262,4.87288,0.02320,-0.03885,0.80762,-0.58797,-0.11735,-0.88752,-0.00102,
1703614459449034496,1.16953,119.78210,4.87433,0.02046,-0.03442,0.80796,-0.58787,0.08773,-0.89518,0.00503,
1703614459582460160,1.18482,119.66204,4.87285,0.02226,-0.03631,0.80727,-0.58864,0.16489,-0.94999,-0.03798,
1703614459715885824,1.20278,119.53426,4.86970,0.02194,-0.03948,0.80767,-0.58790,0.06229,-0.90580,0.06454,
1703614459849311488,1.20564,119.40395,4.86971,0.01834,-0.03741,0.80793,-0.58781,0.01402,-0.99243,-0.03190,
1703614459982736896,1.21559,119.27809,4.87075,0.01919,-0.03597,0.80789,-0.58792,0.13444,-0.90503,0.06596,
1703614460116162816,1.23832,119.14907,4.86541,0.02074,-0.04027,0.80806,-0.58735,0.13671,-1.01758,-0.05914,
1703614460249588992,1.24697,119.02017,4.86933,0.01973,-0.04046,0.80769,-0.58788,-0.01411,-0.97011,0.00304,
1703614460383014656,1.24647,118.88925,4.86887,0.01746,-0.03750,0.80828,-0.58734,0.04422,-0.98113,-0.01130,
1703614460516440576,1.25028,118.76031,4.86825,0.01687,-0.03666,0.80801,-0.58778,0.06160,-0.99897,-0.03008,
1703614460649865984,1.25247,118.63235,4.86939,0.01534,-0.03606,0.80766,-0.58835,-0.01717,-0.97585,-0.01650,
1703614460783291904,1.25163,118.50167,4.87029,0.01356,-0.03330,0.80756,-0.58869,0.02187,-0.95860,0.02155,
1703614460916717312,1.26066,118.37049,4.86725,0.01347,-0.03352,0.80842,-0.58750,0.10020,-0.95103,-0.02567,
1703614461050143488,1.26746,118.24830,4.86895,0.01393,-0.03489,0.80795,-0.58805,0.04214,-0.93064,-0.02799,
1703614461183571456,1.27156,118.13143,4.87150,0.01447,-0.03388,0.80750,-0.58871,0.02789,-0.79195,0.11785,
1703614461316999424,1.27774,118.01760,4.87882,0.01381,-0.03328,0.80669,-0.58987,0.11089,-0.86068,0.02551,
1703614461450427392,1.29263,117.89425,4.87140,0.01346,-0.03439,0.80735,-0.58892,0.10770,-0.93203,-0.04918,
1703614461583855104,1.30219,117.77050,4.87235,0.01174,-0.03466,0.80753,-0.58868,-0.01500,-0.92501,0.02689,
1703614461717283072,1.30193,117.64451,4.86897,0.01075,-0.03138,0.80753,-0.58890,0.08857,-0.96324,-0.00189,
1703614461850710784,1.31216,117.52464,4.87676,0.01151,-0.03235,0.80596,-0.59098,0.08854,-0.91955,-0.01488,
1703614461984138752,1.31527,117.39591,4.86782,0.01163,-0.03253,0.80794,-0.58825,-0.02099,-0.93982,0.02529,
1703614462117566464,1.31023,117.27307,4.87140,0.00812,-0.02931,0.80732,-0.58933,0.03244,-0.93804,-0.02855,
1703614462250994432,1.32594,117.14245,4.86556,0.00764,-0.03123,0.80791,-0.58842,0.16078,-0.99699,-0.04189,
1703614462384422400,1.34212,117.01701,4.86663,0.00846,-0.03442,0.80829,-0.58771,0.06692,-0.92921,0.01602,
1703614462517850112,1.34443,116.89348,4.86786,0.00881,-0.03294,0.80824,-0.58787,-0.01932,-0.94268,0.02111,
1703614462651278080,1.34517,116.77947,4.87318,0.00730,-0.03032,0.80740,-0.58919,-0.05207,-0.82599,0.01939,
1703614462784705792,1.34870,116.65354,4.85914,0.00820,-0.02909,0.80954,-0.58628,0.07838,-0.92456,-0.00960,
1703614462918133248,1.35571,116.53346,4.86090,0.00777,-0.03030,0.81011,-0.58544,0.00851,-0.80505,0.11087,
1703614463051561472,1.36023,116.42062,4.86272,0.00699,-0.03051,0.81021,-0.58531,0.05955,-0.81049,0.02196,
1703614463184990976,1.37360,116.30916,4.85903,0.00919,-0.03261,0.81032,-0.58501,0.11372,-0.86056,-0.04441,
1703614463318420224,1.37634,116.19517,4.85878,0.01093,-0.03152,0.80872,-0.58725,-0.03614,-0.92318,-0.01939,
1703614463451849728,1.37184,116.07217,4.85803,0.00988,-0.02944,0.80965,-0.58609,-0.06687,-0.88716,0.02527,
1703614463585278720,1.35850,115.94601,4.85930,0.00918,-0.02540,0.80871,-0.58759,-0.12881,-1.00510,-0.07620,
1703614463718707968,1.34398,115.82305,4.85894,0.00779,-0.02146,0.80940,-0.58681,-0.06452,-0.83378,0.07465,
1703614463852137216,1.34024,115.69814,4.85882,0.00444,-0.02067,0.80943,-0.58683,-0.01360,-0.90188,0.02966,
1703614464052281344,1.35981,115.50954,4.86045,0.00356,-0.02247,0.80865,-0.58784,0.19744,-0.96302,-0.03342,
1703614464185712896,1.37778,115.38405,4.86304,0.00513,-0.02534,0.80782,-0.58886,0.06836,-0.99489,-0.01075,
1703614464319144448,1.37598,115.26635,4.86815,0.00621,-0.02452,0.80703,-0.58997,-0.07944,-0.88523,-0.00757,
1703614464452576256,1.37259,115.13961,4.85658,0.00567,-0.02306,0.80933,-0.58687,-0.01233,-0.92561,-0.04901,
1703614464586008064,1.38176,115.02168,4.86041,0.00768,-0.02299,0.80754,-0.58932,0.19409,-0.89621,0.00975,
1703614464719439872,1.40880,114.90398,4.85923,0.00941,-0.02860,0.80767,-0.58887,0.13848,-0.89322,0.03583,
1703614464852872192,1.42555,114.78780,4.85904,0.01138,-0.03072,0.80832,-0.58783,0.09758,-0.87205,-0.03532,
1703614464986304256,1.43547,114.67316,4.85851,0.01068,-0.03063,0.80780,-0.58857,0.04025,-0.86223,0.03036,
1703614465119732736,1.44030,114.55453,4.85856,0.01174,-0.03013,0.80743,-0.58907,0.03389,-0.93923,-0.05775,
1703614465253160192,1.43760,114.43510,4.85715,0.01244,-0.02976,0.80757,-0.58889,-0.02346,-0.88868,0.00908,
1703614465386587648,1.43603,114.31106,4.85868,0.01359,-0.02890,0.80778,-0.58861,-0.02495,-0.92101,-0.01140,
1703614465520015104,1.43309,114.18855,4.85705,0.01288,-0.02717,0.80803,-0.58837,0.03645,-0.88647,0.02526,
1703614465653442304,1.44017,114.06487,4.85823,0.01181,-0.02674,0.80875,-0.58742,0.08958,-0.94437,-0.05913,
1703614465786869504,1.44845,113.94340,4.85976,0.01129,-0.02755,0.80841,-0.58786,0.07287,-0.93123,-0.01277,
1703614465920296960,1.45458,113.82012,4.85984,0.01389,-0.02810,0.80829,-0.58795,-0.04208,-0.90838,0.00532,
1703614466053724416,1.44742,113.69905,4.85560,0.01534,-0.02672,0.80843,-0.58778,-0.13787,-0.86911,0.00822,
1703614466187152384,1.43809,113.58372,4.85852,0.01317,-0.02346,0.80844,-0.58797,-0.00518,-0.87264,0.03839,
1703614466320580352,1.45193,113.46609,4.85881,0.01241,-0.02331,0.80802,-0.58857,0.16571,-0.88638,-0.02366,
1703614466520722432,1.49364,113.29884,4.85812,0.01454,-0.03149,0.80797,-0.58820,0.18100,-0.85766,-0.05641,
1703614466654150400,1.50621,113.18869,4.85615,0.01559,-0.03273,0.80849,-0.58739,-0.01250,-0.81773,0.04562,
1703614466787578112,1.50117,113.07638,4.85348,0.01445,-0.02945,0.80884,-0.58711,-0.02518,-0.86408,-0.02193,
1703614467054433792,1.51068,112.85003,4.85677,0.01408,-0.02931,0.80759,-0.58885,0.07283,-0.85069,0.01134,
1703614467187860992,1.52149,112.73231,4.85428,0.01501,-0.02995,0.80837,-0.58773,0.06952,-0.86966,0.00907,
1703614467321288448,1.52403,112.61986,4.85860,0.01444,-0.02926,0.80729,-0.58925,-0.00473,-0.88478,-0.02288,
1703614467454715392,1.51991,112.50782,4.85497,0.01303,-0.02655,0.80797,-0.58848,-0.01377,-0.80133,0.04114,
1703614467588142592,1.52752,112.39872,4.85386,0.01409,-0.02744,0.80809,-0.58825,0.07892,-0.83492,-0.00813,
1703614467721569536,1.53833,112.28992,4.85277,0.01476,-0.02943,0.80744,-0.58903,0.05836,-0.85963,0.00104,
1703614467854996736,1.54096,112.18438,4.85899,0.01519,-0.02885,0.80671,-0.59005,0.01870,-0.77010,0.06523,
1703614467988423424,1.54756,112.07676,4.85832,0.01431,-0.02960,0.80673,-0.59000,0.04122,-0.85138,-0.07460,
1703614468121851392,1.55629,111.97100,4.85830,0.01444,-0.03001,0.80712,-0.58945,0.03769,-0.78444,-0.00545,
1703614468255280384,1.55687,111.86421,4.85558,0.01242,-0.02852,0.80741,-0.58917,-0.01460,-0.81781,-0.02565,
1703614468388709632,1.55860,111.75954,4.85663,0.01286,-0.02746,0.80725,-0.58943,0.04843,-0.76156,0.02382,
1703614468522138368,1.56855,111.65578,4.85721,0.01114,-0.02997,0.80724,-0.58936,0.07586,-0.77553,-0.00955,
1703614468655567104,1.57975,111.55204,4.85378,0.01212,-0.03024,0.80721,-0.58936,0.08273,-0.79270,0.01079,
1703614468788996096,1.59020,111.44796,4.85179,0.01445,-0.03215,0.80688,-0.58966,0.03078,-0.78239,0.00926,
1703614468922425088,1.58513,111.33787,4.84947,0.01320,-0.03059,0.80709,-0.58948,-0.11105,-0.81124,-0.01141,
1703614469055853824,1.57520,111.23202,4.85147,0.01018,-0.02642,0.80701,-0.58986,-0.02153,-0.77768,0.01698,
1703614469189282816,1.58215,111.12991,4.85153,0.00820,-0.02684,0.80696,-0.58994,0.08107,-0.75513,-0.01528,
1703614469322712064,1.59592,111.02748,4.85015,0.01261,-0.02968,0.80699,-0.58968,0.08645,-0.77095,-0.02348,
1703614469456140800,1.59699,110.92554,4.85055,0.01318,-0.02971,0.80686,-0.58985,-0.06742,-0.75632,0.00918,
1703614469589569792,1.58711,110.82507,4.85396,0.01142,-0.02538,0.80686,-0.59009,-0.01449,-0.76778,0.00477,
1703614469722998784,1.59339,110.72390,4.85479,0.01158,-0.02551,0.80664,-0.59038,0.06840,-0.76357,-0.01198,
1703614469856427776,1.60076,110.62017,4.85272,0.01120,-0.02654,0.80734,-0.58939,0.02544,-0.78234,0.00437,
1703614469989856512,1.60262,110.51853,4.85463,0.00998,-0.02595,0.80764,-0.58902,-0.01039,-0.75533,-0.00997,
1703614470123285760,1.60507,110.41937,4.85310,0.00681,-0.02461,0.80809,-0.58850,0.05564,-0.73494,0.02564,
1703614470256715264,1.62046,110.32354,4.85933,0.00898,-0.02669,0.80660,-0.59043,0.15915,-0.74146,0.01872,
1703614470390144512,1.64127,110.22140,4.85643,0.01077,-0.03134,0.80687,-0.58979,0.12692,-0.78597,-0.04923,
1703614470523573760,1.65344,110.11381,4.85140,0.01168,-0.03241,0.80771,-0.58857,0.05683,-0.80640,-0.00705,
1703614470657003520,1.66069,110.00680,4.85213,0.01088,-0.03181,0.80752,-0.58887,0.01716,-0.82334,-0.02655,
1703614470790433024,1.66117,109.89851,4.84988,0.00818,-0.03034,0.80773,-0.58872,-0.00199,-0.81758,0.00589,
1703614470923862272,1.66405,109.78810,4.85162,0.00896,-0.02991,0.80732,-0.58928,0.03010,-0.83540,-0.00450,
1703614471057293312,1.66932,109.67327,4.84766,0.00889,-0.02994,0.80774,-0.58871,0.00238,-0.85589,0.01139,
1703614471190731264,1.66905,109.56312,4.85093,0.00915,-0.02818,0.80721,-0.58952,0.01218,-0.84843,-0.01714,
1703614471324169216,1.66709,109.44947,4.85123,0.00716,-0.02667,0.80711,-0.58975,-0.03435,-0.85631,0.01476,
1703614471457607936,1.66159,109.33478,4.85228,0.00818,-0.02465,0.80708,-0.58987,-0.07177,-0.84788,0.00780,
1703614471591046912,1.64741,109.21501,4.85023,0.00489,-0.02162,0.80783,-0.58900,-0.15034,-0.92177,-0.04106,
1703614471724486400,1.64026,109.09719,4.85186,0.00390,-0.01836,0.80709,-0.59013,0.05975,-0.90523,0.00372,
1703614471857926144,1.64569,108.97584,4.85137,0.00341,-0.01915,0.80724,-0.58990,0.07370,-0.93611,-0.04287,
1703614471991366144,1.66019,108.85539,4.85260,0.00543,-0.02126,0.80681,-0.59040,0.08248,-0.90984,0.00066,
1703614472124797696,1.66268,108.73223,4.85094,0.00323,-0.02072,0.80715,-0.58997,0.00429,-0.97995,-0.09428,
1703614472258226176,1.67341,108.61157,4.85013,0.00250,-0.02167,0.80755,-0.58940,0.15748,-0.89858,0.00808,
1703614472391654144,1.69566,108.48828,4.84825,0.00371,-0.02568,0.80758,-0.58918,0.18239,-0.94611,-0.00005,
1703614472525082368,1.71183,108.36625,4.85077,0.00671,-0.02812,0.80698,-0.58987,0.06230,-0.92487,-0.03358,
1703614472658510336,1.71477,108.23902,4.84385,0.00452,-0.02793,0.80757,-0.58909,0.02994,-1.00140,-0.07510,
1703614472791938304,1.73112,108.10854,4.83745,0.00338,-0.02957,0.80882,-0.58731,0.19192,-0.98950,-0.05843,
1703614472925366016,1.74990,107.98812,4.85082,0.00887,-0.03102,0.80644,-0.59044,0.21116,-0.87760,0.10813,
1703614473058794496,1.76022,107.86517,4.84801,0.01206,-0.03342,0.80707,-0.58938,-0.09498,-0.88223,0.02687,
1703614473192225024,1.73397,107.73659,4.84534,0.00926,-0.02621,0.80794,-0.58861,-0.21435,-0.97909,-0.09459,
1703614473325656064,1.71923,107.61149,4.84810,0.00362,-0.02242,0.80634,-0.59102,-0.02460,-0.94398,0.01442,
1703614473459087104,1.73092,107.48346,4.85039,0.00446,-0.02176,0.80742,-0.58955,0.19819,-0.88521,0.07569,
1703614473592518400,1.75712,107.35882,4.84846,0.00874,-0.02676,0.80688,-0.59005,0.12941,-0.98278,-0.00456,
1703614473725949440,1.76463,107.23289,4.84845,0.01062,-0.02714,0.80735,-0.58935,0.04118,-0.96414,-0.04788,
1703614473859380736,1.76819,107.10958,4.85047,0.01006,-0.02700,0.80635,-0.59074,0.03276,-0.95432,-0.00161,
1703614473992811776,1.77800,106.98137,4.84953,0.01039,-0.02715,0.80681,-0.59009,0.13826,-0.95816,0.03010,
1703614474126242560,1.79081,106.85114,4.85101,0.01137,-0.02852,0.80585,-0.59132,0.07760,-1.02261,-0.04210,
1703614474259673344,1.81076,106.71764,4.84775,0.01594,-0.03170,0.80717,-0.58925,0.17620,-0.95241,0.00790,
1703614474393104128,1.82676,106.58826,4.84746,0.01827,-0.03293,0.80524,-0.59176,0.07489,-1.03563,-0.00068,
1703614474526534656,1.84213,106.45435,4.85160,0.01572,-0.03404,0.80483,-0.59233,0.07397,-0.98145,0.07917,
1703614474659965440,1.86107,106.31394,4.84583,0.01902,-0.03577,0.80842,-0.58721,0.24390,-0.98010,0.01899,
1703614474793396224,1.88103,106.18793,4.85008,0.02298,-0.04049,0.80676,-0.58904,0.07939,-0.95450,0.00667,
1703614474993542400,1.88592,105.98643,4.84920,0.02110,-0.03749,0.80720,-0.58870,0.01658,-1.03688,-0.02982,
1703614475126972672,1.89556,105.84867,4.84365,0.01995,-0.03484,0.80835,-0.58733,0.13121,-0.94342,0.09302,
1703614475260402432,1.91269,105.71089,4.84031,0.02207,-0.03740,0.80854,-0.58683,0.12266,-1.10557,-0.12494,
1703614475393832192,1.91839,105.57421,4.84165,0.02493,-0.03780,0.80816,-0.58722,-0.00199,-1.01301,0.02661,
1703614475527262208,1.92027,105.44633,4.85143,0.02488,-0.03596,0.80664,-0.58942,0.00987,-0.93105,0.07218,
1703614475727407104,1.94342,105.25437,4.85139,0.02429,-0.03705,0.80664,-0.58937,0.15735,-0.92127,0.03178,
1703614475860836864,1.96024,105.12480,4.84667,0.02924,-0.03856,0.80691,-0.58869,0.15156,-1.01217,-0.09388,
1703614475994266624,1.96878,104.99425,4.84558,0.03055,-0.03996,0.80647,-0.58913,-0.00640,-0.98461,-0.03498,
1703614476127697152,1.97372,104.85637,4.83874,0.02891,-0.03760,0.80796,-0.58732,0.09059,-0.99063,-0.00654,
1703614476261127680,1.99233,104.72927,4.84147,0.02696,-0.03865,0.80705,-0.58860,0.15180,-0.98226,-0.06743,
1703614476394558464,2.01049,104.59773,4.84250,0.02638,-0.03958,0.80735,-0.58816,0.11387,-0.93990,0.05726,
1703614476527988992,2.02456,104.46989,4.84294,0.02515,-0.04072,0.80685,-0.58881,0.04427,-0.94504,-0.01367,
1703614476661419520,2.02548,104.34070,4.84716,0.02409,-0.03809,0.80604,-0.59014,0.01756,-0.89414,0.09383,
1703614476794850304,2.03502,104.21443,4.84632,0.02501,-0.03837,0.80598,-0.59017,0.04288,-0.89583,0.04139,
1703614476928281088,2.04326,104.09214,4.84799,0.02636,-0.03899,0.80522,-0.59110,0.00894,-0.93148,-0.00160,
1703614477061711360,2.03942,103.96678,4.84508,0.02697,-0.03574,0.80579,-0.59050,-0.01112,-0.96807,-0.04240,
1703614477195140608,2.03843,103.84092,4.84590,0.02610,-0.03305,0.80652,-0.58971,0.02921,-0.94761,-0.03450,
1703614477328570112,2.03778,103.72172,4.84417,0.02444,-0.03160,0.80690,-0.58933,0.00607,-0.84844,0.03939,
1703614477461999104,2.04272,103.60119,4.84493,0.02263,-0.03166,0.80751,-0.58856,0.07497,-0.86724,0.01252,
1703614477595428352,2.05506,103.49109,4.84973,0.02187,-0.03216,0.80636,-0.59014,0.07740,-0.86529,-0.00827,
1703614477728858112,2.06078,103.38332,4.85465,0.02310,-0.03271,0.80577,-0.59088,-0.02975,-0.82220,0.02501,
1703614477862287104,2.05724,103.26842,4.84695,0.02210,-0.03062,0.80661,-0.58988,-0.05511,-0.91578,-0.07519,
1703614478062430208,2.06400,103.10055,4.85702,0.01904,-0.02943,0.80560,-0.59142,0.08466,-0.77594,0.08800,
1703614478195855104,2.08350,102.98879,4.85689,0.01950,-0.03262,0.80578,-0.59100,0.22355,-0.82703,-0.02416,
1703614478329280256,2.11537,102.87934,4.85414,0.02339,-0.03826,0.80603,-0.59017,0.17449,-0.86267,-0.06536,
1703614478462704896,2.12611,102.77206,4.85607,0.02299,-0.03820,0.80596,-0.59029,-0.03131,-0.85451,0.04065,
1703614478596129536,2.11845,102.66375,4.85882,0.02089,-0.03332,0.80613,-0.59043,0.05233,-0.81704,-0.02932,
1703614478729553920,2.13909,102.55488,4.85567,0.02170,-0.03612,0.80722,-0.58874,0.22804,-0.83261,-0.06645,
1703614478862978304,2.16758,102.44426,4.85283,0.02343,-0.04113,0.80720,-0.58837,0.13849,-0.82866,-0.01686,
1703614478996402432,2.17810,102.33128,4.84882,0.02513,-0.04202,0.80746,-0.58789,0.02109,-0.86097,-0.03076,
1703614479129831168,2.17365,102.21807,4.84794,0.02536,-0.03866,0.80778,-0.58766,-0.03438,-0.81515,0.03822,
1703614479263261952,2.17348,102.11319,4.85371,0.02380,-0.03714,0.80625,-0.58993,-0.00218,-0.75776,0.06532,
1703614479396692480,2.17955,102.00582,4.85326,0.02288,-0.03607,0.80668,-0.58944,0.12139,-0.80343,-0.01854,
1703614479530123520,2.20090,101.89893,4.85121,0.02585,-0.03911,0.80696,-0.58874,0.18203,-0.83807,-0.03593,
1703614479663554304,2.20856,101.79056,4.85460,0.02397,-0.03929,0.80650,-0.58945,-0.09461,-0.86599,-0.01256,
1703614479796985344,2.19847,101.68676,4.86090,0.02289,-0.03472,0.80540,-0.59127,-0.04557,-0.77452,0.05804,
1703614479930416640,2.19333,101.57761,4.86272,0.02265,-0.03352,0.80534,-0.59143,-0.04182,-0.83306,-0.02547,
1703614480063847424,2.19489,101.46694,4.86334,0.02042,-0.03229,0.80640,-0.59014,0.05467,-0.81770,-0.01350,
1703614480197278208,2.20642,101.36273,4.86244,0.01710,-0.03129,0.80723,-0.58916,0.12940,-0.76322,0.02145,
1703614480330708992,2.21902,101.26190,4.86783,0.01603,-0.03248,0.80597,-0.59085,0.08656,-0.78946,-0.00933,
1703614480464139776,2.22782,101.15575,4.86741,0.01876,-0.03578,0.80564,-0.59102,0.03747,-0.82418,-0.01588,
1703614480597570560,2.21874,101.04511,4.86729,0.01842,-0.03266,0.80624,-0.59041,-0.11803,-0.78579,0.04868,
1703614480731001344,2.20838,100.93506,4.87078,0.01358,-0.02697,0.80621,-0.59086,-0.01481,-0.76305,0.06496,
1703614480864432128,2.21131,100.82555,4.87277,0.01155,-0.02583,0.80499,-0.59262,0.05268,-0.85380,-0.02305,
1703614480997863168,2.22212,100.71238,4.87191,0.01343,-0.02748,0.80525,-0.59214,0.09679,-0.83401,-0.00129,
1703614481131293696,2.22877,100.59843,4.87106,0.01513,-0.02773,0.80519,-0.59217,-0.00872,-0.86647,-0.00017,
1703614481264723712,2.22484,100.48692,4.87060,0.01475,-0.02539,0.80522,-0.59224,-0.00860,-0.83582,-0.01339,
1703614481398154240,2.22729,100.37367,4.86285,0.01220,-0.02427,0.80668,-0.59036,0.06393,-0.81873,-0.00595,
1703614481531584512,2.24650,100.26622,4.86768,0.01361,-0.02733,0.80557,-0.59171,0.20376,-0.82136,0.02310,
1703614481665014784,2.27129,100.15507,4.86719,0.01537,-0.03225,0.80595,-0.59090,0.14845,-0.82615,0.01660,
1703614481798445056,2.28257,100.04613,4.86778,0.01541,-0.03210,0.80670,-0.58988,0.06427,-0.82627,-0.00639,
1703614481931875328,2.28978,99.94098,4.86853,0.01621,-0.03244,0.80640,-0.59026,0.05127,-0.80781,0.02157,
1703614482065305344,2.29616,99.83306,4.87138,0.01694,-0.03285,0.80621,-0.59048,0.05849,-0.82541,-0.01473,
1703614482198735360,2.30443,99.72413,4.87407,0.01654,-0.03343,0.80587,-0.59091,0.05549,-0.75505,0.07600,
1703614482332165120,2.31522,99.61603,4.87477,0.01377,-0.03417,0.80610,-0.59063,0.09415,-0.81726,-0.02537,
1703614482465595136,2.32578,99.50496,4.86884,0.01629,-0.03351,0.80663,-0.58989,0.09695,-0.88041,-0.08238,
1703614482599024896,2.32936,99.39570,4.87193,0.01902,-0.03385,0.80536,-0.59151,-0.09929,-0.84546,0.00066,
1703614482732454656,2.31419,99.27696,4.86281,0.01824,-0.03031,0.80740,-0.58895,-0.09721,-0.82597,0.02902,
1703614482865884672,2.31311,99.16614,4.86713,0.01606,-0.02733,0.80634,-0.59060,0.03190,-0.88023,-0.05296,
1703614482999314432,2.32322,99.05326,4.86658,0.01594,-0.02784,0.80652,-0.59033,0.03121,-0.81545,0.06182,
1703614483132744704,2.31550,98.94072,4.86627,0.01417,-0.02674,0.80673,-0.59015,-0.13777,-0.87659,-0.03944,
1703614483266175232,2.30418,98.82930,4.86593,0.01451,-0.02303,0.80622,-0.59099,-0.04277,-0.84584,-0.00201,
1703614483399605760,2.30344,98.71366,4.86371,0.01468,-0.02163,0.80696,-0.59003,-0.00263,-0.88207,-0.04012,
1703614483533036288,2.30399,98.60098,4.86429,0.01330,-0.02133,0.80686,-0.59021,0.02559,-0.84779,0.01766,
1703614483666466560,2.30946,98.48928,4.86807,0.01175,-0.02124,0.80625,-0.59107,0.07073,-0.86063,-0.02696,
1703614483799897088,2.31736,98.37546,4.86928,0.01132,-0.02170,0.80576,-0.59174,0.03505,-0.87411,-0.01485,
1703614483933327616,2.31993,98.26296,4.86946,0.01175,-0.02146,0.80638,-0.59089,-0.03585,-0.85572,-0.04620,
1703614484066758144,2.31564,98.14778,4.86102,0.01098,-0.02033,0.80745,-0.58949,0.01027,-0.92351,-0.08933,
1703614484200188928,2.31540,98.03144,4.86143,0.00856,-0.01958,0.80818,-0.58855,0.05779,-0.84355,0.02279,
1703614484333619712,2.31886,97.92346,4.86854,0.00571,-0.01911,0.80677,-0.59052,0.03167,-0.76907,0.05242,
1703614484467050496,2.32785,97.80805,4.85992,0.00973,-0.02040,0.80784,-0.58897,0.07030,-0.88253,-0.02430,
1703614484600481536,2.33237,97.69343,4.86308,0.01194,-0.02209,0.80647,-0.59075,-0.00178,-0.89376,-0.01045,
1703614484733912064,2.33942,97.57411,4.86186,0.01275,-0.02199,0.80715,-0.58980,0.09654,-0.90291,-0.00509,
1703614484867342848,2.35184,97.45717,4.85908,0.01326,-0.02279,0.80774,-0.58895,0.09507,-0.90068,-0.01942,
1703614485000773888,2.35835,97.34235,4.85817,0.01362,-0.02303,0.80799,-0.58859,0.00524,-0.86747,-0.00407,
1703614485134369024,2.35857,97.22841,4.86024,0.01200,-0.02149,0.80769,-0.58909,0.02211,-0.83041,0.04973,
1703614485268736000,2.36817,97.11263,4.86007,0.01296,-0.02282,0.80739,-0.58943,0.09954,-0.87888,-0.01717,
1703614485403126528,2.38042,96.99218,4.85616,0.01458,-0.02528,0.80792,-0.58857,0.06113,-0.86397,0.04298,
1703614485537540608,2.38523,96.87694,4.86041,0.01435,-0.02470,0.80725,-0.58952,0.03595,-0.87401,-0.02037,
1703614485671978752,2.39090,96.75828,4.86004,0.01464,-0.02405,0.80716,-0.58965,0.09360,-0.87558,0.02516,
1703614485806440192,2.40311,96.63590,4.85629,0.01574,-0.02605,0.80784,-0.58862,0.06170,-0.95111,-0.07395,
1703614485940925696,2.40429,96.51110,4.85683,0.01700,-0.02622,0.80736,-0.58923,0.03451,-0.95785,-0.00623,
1703614486075434240,2.40792,96.38647,4.86101,0.01782,-0.02556,0.80760,-0.58891,0.06854,-0.89128,0.01315,
1703614486209153792,2.42079,96.26866,4.85680,0.01767,-0.02754,0.80855,-0.58752,0.10526,-0.85710,0.02155,
1703614486342489344,2.42837,96.14773,4.85382,0.01945,-0.02795,0.80784,-0.58842,-0.03173,-0.94069,-0.01540,
1703614486475821312,2.42996,96.02304,4.85731,0.01705,-0.02648,0.80781,-0.58861,-0.00148,-0.92344,0.03312,
1703614486609150464,2.44930,95.89691,4.85709,0.01916,-0.02849,0.80753,-0.58883,0.24380,-0.97135,-0.08888,
1703614486742476288,2.48393,95.77255,4.85708,0.02305,-0.03434,0.80675,-0.58944,0.27618,-0.96080,-0.02208,
1703614486875799296,2.51784,95.64475,4.84897,0.02520,-0.03914,0.80797,-0.58738,0.17302,-0.94398,0.01235,
1703614487009118464,2.53314,95.51829,4.84666,0.02589,-0.03942,0.80838,-0.58676,0.06557,-0.95333,-0.00478,
1703614487142440960,2.53968,95.39170,4.84759,0.02387,-0.03819,0.80792,-0.58756,0.07546,-0.98406,-0.03741,
1703614487275779072,2.55606,95.26510,4.85049,0.02466,-0.04018,0.80736,-0.58817,0.20928,-0.98459,-0.04407,
1703614487409114112,2.58035,95.13724,4.84932,0.02816,-0.04322,0.80757,-0.58751,0.12453,-0.95804,0.06386,
1703614487542445568,2.58692,95.00701,4.85135,0.02585,-0.04260,0.80633,-0.58937,-0.03302,-0.98145,-0.00435,
1703614487675774208,2.58968,94.87073,4.84833,0.02583,-0.04076,0.80748,-0.58792,0.09496,-0.99816,-0.00847,
1703614487809099776,2.60566,94.73372,4.84428,0.02515,-0.04223,0.80832,-0.58669,0.13148,-1.00203,-0.02047,
1703614487942422016,2.62277,94.59947,4.84189,0.02576,-0.04273,0.80819,-0.58681,0.10066,-0.97044,0.04956,
1703614488075740928,2.63520,94.46316,4.84280,0.02606,-0.04391,0.80814,-0.58677,0.04991,-1.05644,-0.08254,
1703614488209072896,2.63021,94.32901,4.84439,0.02588,-0.03972,0.80800,-0.58727,-0.07405,-0.96125,0.06678,
1703614488342409728,2.61846,94.19221,4.83989,0.02191,-0.03495,0.80862,-0.58688,-0.03144,-1.08403,-0.08643,
1703614488475743232,2.62326,94.05936,4.84197,0.02197,-0.03342,0.80782,-0.58807,0.15283,-1.03662,-0.05332,
1703614488675738112,2.66495,93.85577,4.83713,0.02385,-0.03886,0.80860,-0.58659,0.18308,-1.00257,0.00579,
1703614488809063936,2.68521,93.72556,4.84291,0.02275,-0.04034,0.80739,-0.58820,0.09256,-1.00947,-0.03392,
1703614488942386688,2.70626,93.59569,4.84095,0.02248,-0.04259,0.80763,-0.58772,0.17279,-0.91544,0.09824,
1703614489075706368,2.73082,93.45966,4.83671,0.02455,-0.04524,0.80802,-0.58690,0.19310,-1.01886,-0.06440,
1703614489209039872,2.74238,93.32176,4.83060,0.02540,-0.04518,0.80864,-0.58602,0.02781,-1.06174,-0.04265,
1703614489342371584,2.73850,93.18665,4.83722,0.02217,-0.04160,0.80779,-0.58759,-0.00905,-1.00819,-0.01230,
1703614489475699968,2.75396,93.05273,4.83826,0.02311,-0.04197,0.80751,-0.58791,0.23287,-0.95464,0.02252,
1703614489609025024,2.77882,92.92419,4.83483,0.02378,-0.04610,0.80795,-0.58696,0.18393,-0.93378,0.04036,
1703614489742346752,2.79506,92.79993,4.83601,0.02361,-0.04617,0.80704,-0.58822,0.09040,-1.00759,-0.07923,
1703614489875664896,2.80571,92.67038,4.83709,0.02510,-0.04574,0.80719,-0.58799,0.00921,-0.94956,-0.02267,
1703614490008980224,2.80378,92.54189,4.83855,0.02637,-0.04379,0.80707,-0.58824,-0.09900,-0.97162,-0.00401,
1703614490142298624,2.78909,92.41435,4.84154,0.02464,-0.03825,0.80701,-0.58878,-0.13081,-0.89996,0.09386,
1703614490275639040,2.78454,92.29274,4.84561,0.02195,-0.03487,0.80603,-0.59044,0.00027,-0.94453,-0.06024,
1703614490408976896,2.78423,92.16430,4.84024,0.01965,-0.03387,0.80732,-0.58882,0.05501,-0.89872,0.03423,
1703614490542310912,2.78558,92.04475,4.83742,0.01645,-0.03222,0.80737,-0.58894,0.06143,-0.89566,-0.01812,
1703614490675642368,2.79818,91.92520,4.83765,0.01471,-0.03362,0.80717,-0.58917,0.12345,-0.89727,-0.00266,
1703614490808970752,2.81156,91.80781,4.83890,0.01441,-0.03513,0.80691,-0.58945,0.05871,-0.86585,0.04406,
1703614490942295808,2.81422,91.69218,4.84088,0.01602,-0.03407,0.80644,-0.59012,-0.02731,-0.91234,-0.02951,
1703614491075618048,2.80574,91.57489,4.84402,0.01525,-0.03160,0.80620,-0.59060,-0.04896,-0.86303,0.04051,
1703614491208963328,2.80847,91.46176,4.84693,0.01354,-0.03055,0.80607,-0.59088,0.10373,-0.83471,-0.00736,
1703614491342321664,2.82823,91.34922,4.84651,0.01548,-0.03311,0.80593,-0.59088,0.19823,-0.83023,0.01358,
1703614491475676928,2.84198,91.23927,4.84588,0.01569,-0.03536,0.80608,-0.59054,0.02107,-0.83403,-0.01097,
1703614491609029888,2.84041,91.12432,4.84275,0.01496,-0.03294,0.80660,-0.58999,-0.04661,-0.87299,-0.02081,
1703614491742380288,2.83442,91.00908,4.84463,0.01453,-0.03055,0.80662,-0.59010,-0.01158,-0.84792,0.01603,
1703614491875728128,2.84182,90.89930,4.84770,0.01417,-0.03197,0.80593,-0.59097,0.10594,-0.83994,-0.00407,
1703614492009072896,2.85554,90.78757,4.84570,0.01695,-0.03246,0.80656,-0.59002,0.10352,-0.81712,0.00812,
1703614492142418688,2.86663,90.67909,4.84545,0.01903,-0.03487,0.80683,-0.58944,-0.00679,-0.81130,0.01067,
1703614492275758592,2.85769,90.57084,4.84301,0.01646,-0.03084,0.80722,-0.58921,-0.03290,-0.80670,-0.02047,
1703614492475762432,2.86191,90.40713,4.84122,0.01455,-0.02844,0.80731,-0.58926,0.05708,-0.80419,0.03446,
1703614492609094400,2.86584,90.29649,4.84329,0.01342,-0.02858,0.80688,-0.58987,-0.00660,-0.82820,0.01524,
1703614492742423296,2.86586,90.18382,4.84345,0.01189,-0.02731,0.80680,-0.59008,-0.01453,-0.86523,-0.03250,
1703614492875749120,2.86443,90.07553,4.84761,0.01222,-0.02642,0.80627,-0.59083,-0.01473,-0.78293,0.05394,
1703614493009071872,2.86010,89.96662,4.84710,0.01180,-0.02600,0.80655,-0.59048,-0.02871,-0.81377,0.00708,
1703614493142396160,2.85849,89.86158,4.84858,0.00931,-0.02418,0.80687,-0.59015,0.02685,-0.78426,-0.00064,
1703614493275735552,2.86445,89.75998,4.84899,0.00804,-0.02302,0.80682,-0.59029,0.07601,-0.78241,-0.00669,
1703614493409071360,2.87440,89.65877,4.85056,0.01027,-0.02518,0.80618,-0.59104,0.04803,-0.78043,-0.00694,
1703614493609069824,2.87996,89.50070,4.84844,0.01317,-0.02626,0.80649,-0.59052,-0.02027,-0.81472,-0.00730,
1703614493742397952,2.87467,89.39510,4.85378,0.01270,-0.02328,0.80526,-0.59233,-0.01325,-0.80689,0.01876,
1703614493875723008,2.87667,89.28381,4.85333,0.00950,-0.02294,0.80634,-0.59093,0.05925,-0.82328,-0.00554,
1703614494009044992,2.89374,89.18424,4.85996,0.00775,-0.02460,0.80515,-0.59251,0.16269,-0.71135,0.02496,
1703614494142367232,2.92506,89.08681,4.85846,0.01189,-0.03019,0.80517,-0.59216,0.22447,-0.75285,-0.01299,
1703614494275704064,2.94607,88.98287,4.85110,0.01684,-0.03424,0.80624,-0.59036,0.06494,-0.78617,-0.02201,
1703614494409037568,2.94377,88.87735,4.85532,0.01513,-0.03152,0.80522,-0.59195,-0.05193,-0.81206,0.01180,
1703614494542368256,2.93694,88.76457,4.85159,0.01334,-0.02759,0.80584,-0.59134,0.02995,-0.84744,0.00550,
1703614494675695360,2.94252,88.65446,4.85630,0.01466,-0.02725,0.80520,-0.59220,0.07767,-0.81154,0.07084,
1703614494809019136,2.95134,88.54487,4.86206,0.01564,-0.02900,0.80392,-0.59382,0.01371,-0.83847,0.02537,
1703614494942339584,2.95049,88.42908,4.85784,0.01465,-0.02693,0.80493,-0.59257,0.01617,-0.86871,-0.02731,
1703614495142316800,2.97086,88.25586,4.85519,0.01427,-0.02825,0.80533,-0.59197,0.17053,-0.85277,0.02192,
1703614495275655424,2.98916,88.14171,4.85857,0.01575,-0.03150,0.80486,-0.59242,0.11827,-0.86855,0.00229,
1703614495408990976,2.99984,88.02855,4.85857,0.01673,-0.03220,0.80494,-0.59225,0.07766,-0.85137,0.01669,
1703614495542323456,3.01315,87.91335,4.85963,0.01892,-0.03310,0.80463,-0.59255,0.09825,-0.85770,0.00675,
1703614495675652096,3.02632,87.79519,4.85952,0.02103,-0.03548,0.80517,-0.59161,0.09544,-0.88779,0.00163,
1703614495875639808,3.04961,87.61960,4.85716,0.02177,-0.03668,0.80600,-0.59038,0.16409,-0.90724,-0.05839,
1703614496008961024,3.06654,87.50063,4.85820,0.01913,-0.03800,0.80641,-0.58982,0.04509,-0.86732,0.03268,
1703614496142282752,3.07475,87.38245,4.85776,0.02087,-0.03716,0.80583,-0.59061,0.05490,-0.90290,-0.01678,
1703614496275622400,3.08480,87.25792,4.85503,0.02318,-0.03858,0.80637,-0.58970,0.06475,-0.89236,0.05841,
1703614496408958720,3.09125,87.13560,4.85712,0.02325,-0.03847,0.80590,-0.59034,0.06718,-0.95484,-0.04467,
1703614496542291712,3.09955,87.01202,4.85827,0.02176,-0.03791,0.80643,-0.58971,0.03963,-0.94400,-0.05625,
1703614496675621632,3.10386,86.89105,4.85774,0.02223,-0.03738,0.80692,-0.58905,-0.03912,-0.92060,-0.02073,
1703614496808948736,3.09720,86.76833,4.85864,0.02048,-0.03476,0.80652,-0.58982,-0.09631,-0.90952,0.03614,
1703614496942272512,3.09310,86.64516,4.85910,0.01934,-0.03167,0.80639,-0.59021,0.04009,-0.90680,0.02218,
1703614497075592960,3.11044,86.51842,4.85531,0.02015,-0.03328,0.80718,-0.58902,0.16788,-0.93324,0.00493,
1703614497208920832,3.13118,86.39546,4.85813,0.01957,-0.03534,0.80667,-0.58962,0.11613,-0.90464,0.02105,
1703614497342252032,3.14504,86.27270,4.85847,0.01954,-0.03592,0.80708,-0.58902,0.08047,-0.88291,0.05082,
1703614497475579648,3.16117,86.15058,4.85804,0.02206,-0.03736,0.80642,-0.58975,0.11947,-0.95762,-0.08290,
1703614497608904448,3.17506,86.02727,4.85376,0.02217,-0.03859,0.80751,-0.58817,0.05080,-0.91927,0.01063,
1703614497742225664,3.17629,85.90424,4.85222,0.02266,-0.03593,0.80747,-0.58838,0.00058,-0.92053,0.00943,
1703614497875543296,3.17382,85.78166,4.85217,0.02210,-0.03341,0.80703,-0.58914,-0.01976,-0.91639,-0.00973,
1703614498008857856,3.17147,85.66021,4.85453,0.02055,-0.03194,0.80686,-0.58952,-0.00787,-0.88918,0.00989,
1703614498142171648,3.16887,85.53841,4.85179,0.02018,-0.02909,0.80766,-0.58858,0.05418,-0.90208,-0.03856,
1703614498275510528,3.17847,85.42049,4.85001,0.02040,-0.02979,0.80806,-0.58799,0.07542,-0.87031,-0.00009,
1703614498475512576,3.19949,85.24627,4.84972,0.02044,-0.03071,0.80723,-0.58908,0.15302,-0.88514,-0.02064,
1703614498608843008,3.21778,85.12773,4.84826,0.02193,-0.03352,0.80748,-0.58854,0.13898,-0.90089,-0.01328,
1703614498742170624,3.23670,85.00965,4.85079,0.02140,-0.03547,0.80714,-0.58890,0.12087,-0.87934,0.04463,
1703614498875494912,3.25022,84.89108,4.85292,0.02154,-0.03534,0.80712,-0.58893,0.09993,-0.86224,0.02159,
1703614499008816128,3.25843,84.77520,4.85596,0.02125,-0.03591,0.80652,-0.58973,0.03393,-0.89191,0.00110,
1703614499142136064,3.26628,84.65643,4.85532,0.02009,-0.03542,0.80676,-0.58948,0.11409,-0.88874,-0.02816,
1703614499275474432,3.28755,84.53703,4.85282,0.02032,-0.03723,0.80706,-0.58894,0.16432,-0.88408,0.00171,
1703614499408809984,3.30741,84.41665,4.85365,0.02114,-0.03992,0.80655,-0.58944,0.08414,-0.90396,0.02510,
1703614499542142208,3.31640,84.29098,4.85437,0.02248,-0.04053,0.80650,-0.58941,0.05130,-0.92715,0.00792,
1703614499675471360,3.31944,84.16772,4.85396,0.02529,-0.03910,0.80653,-0.58936,0.02992,-0.94443,-0.00431,
1703614499808796928,3.31995,84.04570,4.85759,0.02569,-0.03738,0.80606,-0.59009,-0.05144,-0.88920,0.03392,
1703614499942119680,3.31464,83.92068,4.85923,0.02327,-0.03360,0.80594,-0.59058,-0.04519,-0.94146,-0.00107,
1703614500075439104,3.31209,83.79499,4.85940,0.02123,-0.03120,0.80580,-0.59098,-0.00215,-0.92413,0.02583,
1703614500208769792,3.31818,83.67044,4.86034,0.02150,-0.03085,0.80556,-0.59132,0.07705,-0.93858,-0.00277,
1703614500342106624,3.33084,83.54690,4.85770,0.02165,-0.03211,0.80581,-0.59091,0.06587,-0.95909,-0.04651,
1703614500475440384,3.33302,83.42309,4.85353,0.02061,-0.03034,0.80677,-0.58973,-0.02699,-0.90305,0.01148,
1703614500675435008,3.33666,83.23902,4.85190,0.02115,-0.02790,0.80683,-0.58974,0.03543,-0.92750,-0.03616,
1703614500808760576,3.33883,83.11786,4.85256,0.02165,-0.02781,0.80694,-0.58958,0.00081,-0.91165,0.00654,
1703614500942083328,3.34288,82.99818,4.85337,0.01879,-0.02718,0.80687,-0.58981,0.04834,-0.88698,-0.01299,
1703614501075402496,3.35933,82.87988,4.85391,0.01800,-0.02760,0.80681,-0.58989,0.16597,-0.89764,-0.01847,
1703614501209011456,3.37371,82.76460,4.85467,0.01729,-0.02922,0.80691,-0.58969,0.07166,-0.86210,0.01094,
1703614501342879744,3.37675,82.64941,4.85300,0.01642,-0.02827,0.80733,-0.58920,0.02827,-0.86111,-0.02228,
1703614501476772096,3.39116,82.53221,4.85318,0.01847,-0.03036,0.80727,-0.58911,0.12713,-0.86070,0.05394,
1703614501610687488,3.40226,82.41435,4.85340,0.02256,-0.03279,0.80737,-0.58871,0.04699,-0.89519,-0.03111,
1703614501744626688,3.40290,82.29459,4.85025,0.02467,-0.03174,0.80756,-0.58841,-0.04545,-0.93426,-0.05935,
1703614501878589696,3.39694,82.17311,4.84953,0.02234,-0.02731,0.80807,-0.58802,-0.01705,-0.92124,-0.02466,
1703614502012575744,3.40239,82.05379,4.85038,0.02044,-0.02570,0.80819,-0.58800,0.12681,-0.88192,0.01628,
1703614502146547456,3.42376,81.93583,4.85201,0.02270,-0.02958,0.80785,-0.58820,0.19551,-0.88194,0.01898,
1703614502279977984,3.43994,81.81650,4.85376,0.02489,-0.03243,0.80702,-0.58911,0.09301,-0.91092,-0.00312,
1703614502413408256,3.45038,81.69665,4.85595,0.02730,-0.03254,0.80654,-0.58965,0.07674,-0.93264,-0.03271,
1703614502546838272,3.45840,81.57261,4.84915,0.02733,-0.03177,0.80751,-0.58837,0.06358,-0.90802,-0.00296,
1703614502680268800,3.47278,81.45075,4.84950,0.02741,-0.03290,0.80727,-0.58863,0.07913,-0.93055,-0.02100,
1703614502813699072,3.47592,81.32913,4.84830,0.02666,-0.03113,0.80751,-0.58843,-0.00557,-0.89685,0.00990,
1703614502947129600,3.47784,81.21096,4.85072,0.02533,-0.02960,0.80711,-0.58912,0.02971,-0.89386,0.00406,
1703614503080559616,3.47959,81.09155,4.85016,0.02395,-0.02868,0.80740,-0.58882,0.01591,-0.89395,0.00017,
1703614503213989632,3.48549,80.97227,4.84971,0.02290,-0.02846,0.80764,-0.58854,0.04952,-0.87290,0.02340,
1703614503347419648,3.48917,80.85511,4.85034,0.02081,-0.02752,0.80769,-0.58859,-0.01144,-0.87536,-0.00489,
1703614503480849408,3.48719,80.74089,4.85259,0.01953,-0.02554,0.80736,-0.58919,-0.05324,-0.84714,0.01895,
1703614503680994560,3.47726,80.56682,4.85335,0.01999,-0.02206,0.80640,-0.59062,-0.03290,-0.89452,-0.02344,
1703614503814424576,3.46942,80.44711,4.85137,0.01879,-0.02040,0.80711,-0.58975,-0.04060,-0.86447,0.00477,
1703614503947854592,3.46841,80.33039,4.85027,0.01551,-0.01793,0.80776,-0.58903,0.03467,-0.88176,-0.03359,
1703614504081284608,3.47208,80.22226,4.85327,0.01298,-0.01699,0.80716,-0.58994,-0.01694,-0.76471,0.07447,
1703614504214711808,3.47432,80.11507,4.85443,0.01132,-0.01758,0.80754,-0.58944,0.00612,-0.77216,0.01548,
1703614504348136960,3.47189,80.00865,4.85254,0.01006,-0.01692,0.80736,-0.58973,-0.06104,-0.79974,0.03748,
1703614504481561856,3.47141,79.89930,4.85575,0.01141,-0.01453,0.80679,-0.59055,0.05999,-0.86448,-0.07051,
1703614504614987008,3.47135,79.78566,4.85294,0.00968,-0.01372,0.80763,-0.58945,0.00860,-0.80399,0.04518,
1703614504748411648,3.47382,79.67577,4.85627,0.00913,-0.01329,0.80747,-0.58968,0.03968,-0.80580,0.03674,
1703614504881836288,3.48432,79.56558,4.85674,0.00731,-0.01534,0.80730,-0.58989,0.13078,-0.81712,0.00593,
1703614505015260672,3.49689,79.45823,4.86175,0.00885,-0.01732,0.80637,-0.59109,0.09194,-0.82627,0.01179,
1703614505148685568,3.50562,79.34725,4.86215,0.01006,-0.01886,0.80603,-0.59148,0.04039,-0.85117,-0.00331,
1703614505282114560,3.50856,79.23072,4.85790,0.01156,-0.01880,0.80679,-0.59043,-0.04862,-0.86457,-0.01103,
1703614505415543296,3.50464,79.11371,4.85488,0.00993,-0.01719,0.80781,-0.58911,0.01562,-0.85275,0.01086,
1703614505548971776,3.49886,79.00226,4.85743,0.01032,-0.01398,0.80712,-0.59013,0.03780,-0.85988,-0.04617,
1703614505682400768,3.51520,78.88706,4.85514,0.01248,-0.01709,0.80718,-0.58993,0.17086,-0.91725,-0.07256,
1703614505815828992,3.53469,78.77167,4.85552,0.01530,-0.02085,0.80710,-0.58985,0.07341,-0.84816,0.04194,
1703614505949257728,3.53477,78.65407,4.85582,0.01406,-0.01960,0.80696,-0.59012,-0.03366,-0.93579,-0.05842,
1703614506082685696,3.53396,78.52964,4.85116,0.01323,-0.01757,0.80816,-0.58856,0.02855,-0.89803,0.02620,
1703614506282831104,3.54797,78.34741,4.85282,0.01347,-0.01906,0.80801,-0.58871,0.11887,-0.96207,-0.05638,
1703614506416261376,3.56925,78.23033,4.86108,0.01789,-0.02299,0.80664,-0.59033,0.19457,-0.85688,0.08149,
1703614506549691648,3.60092,78.10790,4.85745,0.02085,-0.02934,0.80710,-0.58932,0.24371,-0.93884,-0.05864,
1703614506683122176,3.62326,77.98736,4.85620,0.02130,-0.03150,0.80758,-0.58853,0.10779,-0.87300,0.05060,
1703614506816552192,3.63087,77.86672,4.85422,0.01985,-0.03106,0.80779,-0.58831,0.07166,-0.95699,-0.07128,
1703614506949982464,3.64644,77.74525,4.85431,0.02029,-0.03296,0.80814,-0.58771,0.15565,-0.88050,0.02685,
1703614507083412736,3.66525,77.62815,4.85500,0.02559,-0.03620,0.80737,-0.58838,0.11468,-0.87762,0.01706,
1703614507216843264,3.67517,77.50807,4.85543,0.02700,-0.03651,0.80736,-0.58831,0.01498,-0.91328,0.01365,
1703614507350276352,3.68090,77.39012,4.85793,0.02352,-0.03438,0.80682,-0.58933,0.01766,-0.91716,-0.06504,
1703614507483709440,3.69712,77.26778,4.85548,0.02663,-0.03478,0.80733,-0.58847,0.13376,-0.86897,0.05793,
1703614507617142784,3.71558,77.14577,4.85612,0.02869,-0.03896,0.80684,-0.58878,0.08161,-0.94331,-0.03098,
1703614507750576384,3.72703,77.02384,4.85606,0.02913,-0.03909,0.80722,-0.58824,0.08864,-0.87963,0.04276,
1703614507884010496,3.74374,76.90316,4.85906,0.02993,-0.03930,0.80642,-0.58927,0.17405,-0.91661,-0.00185,
1703614508017445120,3.76637,76.78114,4.85534,0.03261,-0.04228,0.80668,-0.58857,0.11775,-0.92201,-0.02701,
1703614508150879744,3.77497,76.65965,4.85719,0.03411,-0.04229,0.80684,-0.58826,-0.05581,-0.85943,0.08732,
1703614508284312064,3.76480,76.54828,4.86907,0.03352,-0.03688,0.80555,-0.59043,-0.03814,-0.84660,0.01367,
1703614508417744128,3.76323,76.42799,4.85651,0.02958,-0.03466,0.80690,-0.58893,0.04461,-0.93119,-0.07028,
1703614508551176448,3.78018,76.31092,4.85758,0.02898,-0.03646,0.80670,-0.58912,0.21508,-0.85653,0.03029,
1703614508684608768,3.81349,76.19679,4.85914,0.02882,-0.04213,0.80596,-0.58977,0.20227,-0.84425,0.04735,
1703614508818041344,3.83657,76.08107,4.85758,0.02963,-0.04424,0.80559,-0.59008,0.06756,-0.91106,-0.04755,
1703614508951473664,3.84530,75.96102,4.85245,0.03176,-0.04310,0.80668,-0.58856,-0.01163,-0.86127,0.04438,
1703614509084906240,3.83848,75.84279,4.85448,0.03083,-0.03964,0.80642,-0.58921,-0.05367,-0.90627,-0.02238,
1703614509218338816,3.83308,75.72131,4.85204,0.02960,-0.03564,0.80689,-0.58888,0.05025,-0.89099,-0.00954,
1703614509351771648,3.84713,75.60171,4.85317,0.03048,-0.03686,0.80647,-0.58933,0.11891,-0.89370,0.00250,
1703614509485204224,3.86220,75.48819,4.85678,0.03142,-0.03847,0.80579,-0.59012,0.08868,-0.86643,0.00417,
1703614509618636800,3.86841,75.37103,4.85195,0.03111,-0.03752,0.80649,-0.58923,0.05928,-0.86578,0.01495,
1703614509752069632,3.88234,75.26031,4.85401,0.03096,-0.03806,0.80647,-0.58923,0.18532,-0.83316,-0.01060,
1703614509885502464,3.91007,75.15010,4.85241,0.03213,-0.04184,0.80598,-0.58959,0.19643,-0.85032,-0.03481,
1703614510018935552,3.93126,75.04009,4.85265,0.03699,-0.04362,0.80635,-0.58866,0.07632,-0.83436,-0.00191,
1703614510152368640,3.93843,74.93296,4.85055,0.04106,-0.04386,0.80729,-0.58709,0.00020,-0.74617,0.02538,
1703614510285800704,3.93772,74.83215,4.85340,0.04163,-0.04232,0.80673,-0.58793,-0.05761,-0.77988,-0.00277,
1703614510419233024,3.93182,74.72181,4.85052,0.03434,-0.03653,0.80676,-0.58875,0.00652,-0.81854,0.01969,
1703614510552665600,3.95286,74.61348,4.85486,0.03215,-0.03675,0.80683,-0.58876,0.27727,-0.76846,0.03605,
1703614510686098176,3.98874,74.50756,4.85431,0.03447,-0.04387,0.80632,-0.58884,0.21534,-0.79678,0.00768,
1703614510819530496,4.01076,74.39885,4.85381,0.03844,-0.04653,0.80547,-0.58955,0.05794,-0.83716,0.00406,
1703614510952963072,4.01067,74.28081,4.84906,0.03975,-0.04433,0.80663,-0.58805,-0.07090,-0.88388,-0.02503,
1703614511086395648,4.00154,74.15999,4.84731,0.03875,-0.03906,0.80690,-0.58812,0.01435,-0.88975,0.02584,
1703614511219828224,4.01024,74.04175,4.84893,0.03861,-0.03849,0.80621,-0.58912,0.13128,-0.92202,-0.01740,
1703614511353260544,4.02755,73.92062,4.84715,0.04091,-0.04000,0.80688,-0.58794,0.13429,-0.91354,-0.01435,
1703614511486692608,4.04324,73.80289,4.84700,0.04087,-0.04205,0.80640,-0.58845,0.03854,-0.88502,0.00108,
1703614511620124928,4.04845,73.67998,4.84323,0.03891,-0.03995,0.80819,-0.58627,0.04142,-0.89664,0.00664,
1703614511753557760,4.05418,73.56556,4.84989,0.03477,-0.03909,0.80677,-0.58855,0.00632,-0.85598,0.02280,
1703614511886990080,4.04911,73.44511,4.85275,0.03180,-0.03616,0.80710,-0.58845,-0.09117,-0.87033,0.03154,
1703614512020422656,4.03670,73.32390,4.85109,0.02878,-0.03180,0.80754,-0.58826,-0.15145,-0.90728,-0.07383,
1703614512220571648,4.01359,73.14898,4.85137,0.02548,-0.02603,0.80719,-0.58916,-0.10909,-0.86094,0.02437,
1703614512354005248,4.00630,73.03200,4.85117,0.02234,-0.02260,0.80776,-0.58865,0.02254,-0.92691,-0.03662,
1703614512487438848,4.01055,72.91619,4.85221,0.02115,-0.02145,0.80709,-0.58965,0.03905,-0.89318,-0.01302,
1703614512620872704,4.01753,72.79415,4.84981,0.02204,-0.02210,0.80768,-0.58880,-0.01089,-0.91568,-0.01864,
1703614512754306560,4.01783,72.66947,4.84997,0.02262,-0.02193,0.80723,-0.58939,0.02000,-0.91163,0.05952,
1703614512887740416,4.02345,72.54407,4.84973,0.02257,-0.02128,0.80780,-0.58864,0.11972,-0.96199,-0.05101,
1703614513087891456,4.05023,72.35551,4.84687,0.02363,-0.02383,0.80791,-0.58835,0.04048,-0.93395,0.04935,
1703614513221323520,4.05305,72.23133,4.84627,0.02319,-0.02221,0.80808,-0.58819,-0.01074,-0.95541,0.00212,
1703614513354753024,4.04762,72.11316,4.85517,0.01720,-0.02056,0.80659,-0.59050,-0.06030,-0.89014,0.00332,
1703614513488182272,4.05088,71.99212,4.85413,0.01853,-0.01851,0.80698,-0.58999,0.20308,-0.87849,0.08835,
1703614513621611520,4.08899,71.86961,4.85071,0.02342,-0.02584,0.80720,-0.58924,0.31047,-0.93861,-0.00554,
1703614513755040768,4.11093,71.74730,4.85335,0.02527,-0.03006,0.80649,-0.58994,0.02814,-0.98094,-0.06937,
1703614513888469504,4.10471,71.61963,4.85105,0.02382,-0.02585,0.80741,-0.58894,-0.08137,-0.94058,0.00972,
1703614514088613120,4.09327,71.42431,4.85126,0.01768,-0.01989,0.80795,-0.58865,0.01619,-0.95953,0.00736,
1703614514222043392,4.11052,71.29232,4.84906,0.01995,-0.02121,0.80857,-0.58768,0.20574,-0.95458,0.04911,
1703614514355476480,4.12890,71.16570,4.85631,0.02183,-0.02567,0.80621,-0.59067,0.11013,-1.01941,-0.05958,
1703614514488909056,4.13112,71.03495,4.85740,0.01958,-0.02609,0.80675,-0.59000,-0.07498,-0.96480,0.02533,
1703614514622341888,4.12393,70.90381,4.85780,0.01633,-0.02104,0.80652,-0.59060,-0.04615,-0.93889,0.06296,
1703614514755774720,4.13323,70.77605,4.86175,0.01813,-0.02167,0.80571,-0.59163,0.16140,-0.94196,0.04259,
1703614514889207808,4.14596,70.64450,4.85811,0.01910,-0.02437,0.80649,-0.59043,0.06114,-0.94815,-0.00079,
1703614515022640640,4.15508,70.51301,4.85328,0.02061,-0.02513,0.80731,-0.58923,0.03457,-0.99321,-0.04416,
1703614515156073728,4.15187,70.38824,4.85543,0.01710,-0.02199,0.80710,-0.58975,0.05196,-0.93440,-0.00572,
1703614515289507584,4.16755,70.26064,4.84828,0.01902,-0.02301,0.80747,-0.58915,0.15175,-0.95099,-0.01077,
1703614515422941696,4.18439,70.13422,4.85290,0.02186,-0.02707,0.80714,-0.58933,0.09969,-0.88948,0.05781,
1703614515556375808,4.19118,70.00770,4.85228,0.02221,-0.02776,0.80699,-0.58950,0.02228,-0.94890,-0.00319,
1703614515689809920,4.19922,69.88329,4.85508,0.02069,-0.02711,0.80632,-0.59049,0.09949,-0.93875,0.00152,
1703614515823243776,4.21482,69.76087,4.85550,0.02032,-0.02832,0.80637,-0.59039,0.14453,-0.88913,0.02178,
1703614515956678144,4.24013,69.63536,4.85388,0.02460,-0.03231,0.80641,-0.58996,0.16780,-0.92985,0.00766,
1703614516090112512,4.24753,69.51254,4.85723,0.02442,-0.03343,0.80633,-0.59002,-0.05511,-0.91451,-0.00011,
1703614516223546880,4.24287,69.38613,4.85720,0.02219,-0.03020,0.80660,-0.58991,0.03948,-0.95046,-0.03523,
1703614516356980992,4.25111,69.26097,4.85588,0.02053,-0.02931,0.80692,-0.58958,0.12813,-0.91340,0.04360,
1703614516490415104,4.26941,69.13895,4.85765,0.02214,-0.03147,0.80681,-0.58956,0.15691,-0.88607,-0.00336,
1703614516623849472,4.29169,69.01855,4.85661,0.02347,-0.03504,0.80669,-0.58946,0.13100,-0.90089,0.00164,
1703614516757283584,4.30728,68.90258,4.85809,0.02530,-0.03594,0.80580,-0.59056,0.05030,-0.87651,0.01606,
1703614516890717952,4.31431,68.78257,4.85393,0.02540,-0.03529,0.80659,-0.58951,0.06900,-0.86321,0.03541,
1703614517024152576,4.32424,68.66569,4.85595,0.02623,-0.03425,0.80628,-0.58996,0.10390,-0.83279,0.06847,
1703614517157587200,4.34035,68.54565,4.85222,0.02773,-0.03637,0.80663,-0.58929,0.09237,-0.90252,0.00150,
1703614517357736704,4.34434,68.37295,4.85266,0.02472,-0.03432,0.80708,-0.58893,0.04399,-0.86951,-0.02023,
1703614517491169536,4.35251,68.25782,4.85121,0.02493,-0.03409,0.80758,-0.58824,0.05492,-0.84891,0.00357,
1703614517624602624,4.35949,68.14520,4.85164,0.02240,-0.03390,0.80771,-0.58818,0.04450,-0.86844,-0.05731,
1703614517758035456,4.37313,68.03384,4.85100,0.02502,-0.03426,0.80728,-0.58864,0.13839,-0.83437,0.03939,
1703614517891468544,4.39361,67.92159,4.85023,0.02665,-0.03828,0.80750,-0.58803,0.08604,-0.84273,-0.00494,
1703614518024901632,4.40146,67.81063,4.85107,0.02520,-0.03769,0.80712,-0.58865,-0.00356,-0.84076,0.01298,
1703614518158334720,4.40299,67.69994,4.85366,0.02277,-0.03538,0.80662,-0.58957,0.05198,-0.84026,0.01031,
1703614518291768576,4.41182,67.58786,4.85237,0.02325,-0.03603,0.80670,-0.58940,0.10730,-0.82254,0.00606,
1703614518425202688,4.42976,67.47425,4.84995,0.02567,-0.03839,0.80698,-0.58876,0.14595,-0.86371,-0.03458,
1703614518558636544,4.44608,67.36102,4.84814,0.02747,-0.03902,0.80695,-0.58869,0.09399,-0.85483,0.00416,
1703614518692070400,4.45869,67.24961,4.85193,0.02726,-0.03987,0.80644,-0.58934,0.08868,-0.81785,0.03935,
1703614518825504512,4.47393,67.13366,4.84724,0.02886,-0.04120,0.80695,-0.58847,0.12248,-0.88315,-0.01812,
1703614518958939136,4.48707,67.01907,4.84724,0.03002,-0.04152,0.80735,-0.58784,0.10582,-0.85216,0.01592,
1703614519092373248,4.49794,66.90541,4.84946,0.02919,-0.04132,0.80643,-0.58916,0.05801,-0.87665,0.00201,
1703614519225807104,4.50209,66.79181,4.85181,0.02751,-0.03989,0.80677,-0.58888,0.06176,-0.83057,0.01862,
1703614519359240448,4.50987,66.67721,4.85109,0.02879,-0.03981,0.80713,-0.58832,0.05728,-0.86392,-0.02642,
1703614519492674048,4.51869,66.56282,4.85425,0.02782,-0.04056,0.80681,-0.58875,0.04050,-0.85744,0.00411,
1703614519626107648,4.51838,66.44870,4.85633,0.02498,-0.03745,0.80638,-0.58969,-0.01868,-0.86758,0.00352,
1703614519759541504,4.51359,66.33129,4.85581,0.02289,-0.03437,0.80693,-0.58920,-0.03571,-0.85820,0.01504,
1703614519892975104,4.51126,66.21517,4.85508,0.01979,-0.03322,0.80690,-0.58942,-0.04759,-0.85997,0.01360,
1703614520026409216,4.50848,66.09960,4.85459,0.01857,-0.03029,0.80712,-0.58932,0.01257,-0.87092,-0.02630,
1703614520159843328,4.50449,65.98442,4.85059,0.01628,-0.02761,0.80779,-0.58859,-0.04146,-0.85852,-0.01988,
1703614520293274624,4.50070,65.87226,4.85304,0.01376,-0.02558,0.80725,-0.58950,-0.02659,-0.79972,0.06433,
1703614520426706176,4.50195,65.76374,4.85529,0.01362,-0.02457,0.80673,-0.59026,0.16007,-0.82944,0.00318,
1703614520560137472,4.52510,65.65620,4.85553,0.01606,-0.02893,0.80671,-0.59002,0.25524,-0.82516,-0.04628,
1703614520693569024,4.55246,65.54721,4.85559,0.01844,-0.03352,0.80623,-0.59036,0.17557,-0.87038,-0.08433,
1703614520827000064,4.56611,65.43111,4.85221,0.02054,-0.03431,0.80724,-0.58887,0.06089,-0.88582,-0.01409,
1703614520960431360,4.56450,65.31610,4.85258,0.01808,-0.03277,0.80760,-0.58854,-0.05808,-0.83913,0.00218,
1703614521093862656,4.56271,65.20419,4.85285,0.01465,-0.02855,0.80832,-0.58787,0.04729,-0.81899,-0.01317,
1703614521227294464,4.58286,65.09601,4.85127,0.01499,-0.02973,0.80740,-0.58907,0.24182,-0.89930,-0.06842,
1703614521360727296,4.61212,64.98302,4.85398,0.01955,-0.03517,0.80662,-0.58970,0.18943,-0.85894,-0.02763,
1703614521494160128,4.62792,64.86632,4.85041,0.02374,-0.03815,0.80764,-0.58796,0.06593,-0.85222,0.02640,
1703614521627592960,4.62870,64.75151,4.85164,0.02317,-0.03737,0.80741,-0.58834,-0.05125,-0.85229,0.01980,
1703614521761026048,4.62764,64.63483,4.85347,0.02172,-0.03370,0.80719,-0.58892,0.09000,-0.87167,-0.01025,
1703614521894459136,4.64574,64.51489,4.85246,0.02148,-0.03498,0.80720,-0.58886,0.20726,-0.87149,0.02134,
1703614522027892224,4.67456,64.39418,4.84965,0.02626,-0.03986,0.80755,-0.58786,0.24775,-0.92677,-0.05072,
1703614522161325824,4.69457,64.27688,4.85086,0.02851,-0.04377,0.80631,-0.58918,0.10052,-0.94627,-0.04478,
1703614522294755328,4.70010,64.15851,4.85160,0.02654,-0.04092,0.80701,-0.58852,0.05899,-0.86507,0.02768,
1703614522428184576,4.70984,64.03761,4.84814,0.02332,-0.03864,0.80833,-0.58699,0.08772,-0.84097,0.04193,
1703614522561613824,4.72690,63.92099,4.85016,0.02572,-0.04076,0.80735,-0.58810,0.12797,-0.89997,-0.01449,
1703614522695043072,4.74423,63.79629,4.84879,0.02998,-0.04516,0.80668,-0.58849,0.06417,-0.93278,0.03111,
1703614522828471808,4.75257,63.67128,4.84991,0.02966,-0.04449,0.80695,-0.58819,0.03528,-0.94421,0.00037,
1703614522961901312,4.76156,63.54867,4.85216,0.02566,-0.04225,0.80680,-0.58875,0.10620,-0.93951,-0.00223,
1703614523095330048,4.77908,63.42389,4.85220,0.02650,-0.04277,0.80666,-0.58887,0.16032,-0.91854,0.01919,
1703614523228759296,4.79223,63.29507,4.84879,0.02846,-0.04407,0.80677,-0.58853,0.02831,-1.00147,-0.03578,
1703614523362188288,4.78609,63.16490,4.84628,0.02896,-0.04134,0.80749,-0.58772,-0.09476,-0.95422,0.00581,
1703614523495617024,4.77418,63.03779,4.84892,0.02415,-0.03659,0.80734,-0.58845,-0.05726,-0.96410,0.02855,
1703614523629046016,4.77516,62.91363,4.85222,0.02131,-0.03420,0.80568,-0.59098,0.02520,-1.02151,-0.09110,
1703614523762474496,4.78241,62.78238,4.85086,0.02052,-0.03395,0.80636,-0.59009,0.03999,-0.90897,0.07934,
1703614523895902976,4.78361,62.65060,4.84683,0.01985,-0.03357,0.80697,-0.58930,-0.04571,-0.96271,0.00882,
1703614524029331200,4.76979,62.51981,4.84503,0.01730,-0.02928,0.80729,-0.58917,-0.10347,-0.98830,-0.05867,
1703614524162759424,4.75906,62.39129,4.84606,0.01594,-0.02514,0.80716,-0.58959,0.00875,-0.94325,0.02291,
1703614524296227328,4.76683,62.26238,4.84276,0.01507,-0.02619,0.80772,-0.58879,0.06071,-0.96112,-0.00824,
1703614524429702400,4.77296,62.13761,4.84664,0.01336,-0.02534,0.80742,-0.58928,0.05092,-0.92227,0.00404,
1703614524563178496,4.77517,62.01349,4.84419,0.01169,-0.02430,0.80815,-0.58836,0.00203,-0.91669,-0.03305,
1703614524696655872,4.77615,61.89194,4.84141,0.01329,-0.02313,0.80853,-0.58785,0.04564,-0.92341,-0.03245,
1703614524830133760,4.78034,61.77239,4.84069,0.01422,-0.02384,0.80873,-0.58753,0.04891,-0.88033,0.01017,
1703614524963612928,4.78384,61.65430,4.84235,0.01509,-0.02292,0.80836,-0.58804,0.03314,-0.86558,0.01808,
1703614525097093632,4.78783,61.53719,4.83961,0.01419,-0.02259,0.80864,-0.58770,0.03082,-0.86848,0.01734,
1703614525230554368,4.79340,61.42203,4.84183,0.01266,-0.02214,0.80838,-0.58811,0.06218,-0.87148,-0.01388,
1703614525363981824,4.80334,61.30791,4.83790,0.01143,-0.02267,0.80909,-0.58714,0.10003,-0.81553,0.00069,
1703614525497408768,4.81820,61.19839,4.84073,0.01344,-0.02426,0.80818,-0.58828,0.15601,-0.86882,-0.04605,
1703614525630835968,4.83242,61.08577,4.83760,0.01690,-0.02646,0.80856,-0.58758,0.09228,-0.83071,0.01215,
1703614525764262912,4.84479,60.97354,4.83816,0.01697,-0.02823,0.80863,-0.58739,0.06474,-0.83314,-0.00946,
1703614525897689344,4.85574,60.86061,4.83985,0.01692,-0.02773,0.80772,-0.58867,0.09257,-0.85953,0.00136,
1703614526031116288,4.86957,60.74598,4.83925,0.01770,-0.02901,0.80789,-0.58835,0.10096,-0.83976,0.01965,
1703614526164542464,4.88151,60.63210,4.83826,0.01914,-0.03076,0.80792,-0.58818,0.08571,-0.85110,0.00903,
1703614526297971712,4.89002,60.51795,4.83934,0.01997,-0.03137,0.80791,-0.58813,0.05584,-0.86538,-0.02432,
1703614526431400448,4.89427,60.40326,4.83651,0.01985,-0.03026,0.80827,-0.58770,0.05717,-0.84746,0.03447,
1703614526564829696,4.90502,60.28782,4.83989,0.02085,-0.03091,0.80741,-0.58881,0.14751,-0.86604,0.00898,
1703614526698258688,4.92703,60.16969,4.83910,0.02428,-0.03473,0.80715,-0.58882,0.18339,-0.90553,-0.01124,
1703614526831687168,4.94996,60.05182,4.83797,0.02558,-0.03741,0.80752,-0.58810,0.11240,-0.86901,0.03989,
1703614526965115904,4.96153,59.93621,4.83973,0.02554,-0.03722,0.80685,-0.58903,0.04701,-0.88155,-0.02624,
1703614527098544384,4.96526,59.81758,4.83636,0.02537,-0.03593,0.80783,-0.58777,0.05951,-0.88672,-0.02538,
1703614527231973888,4.97368,59.69983,4.83473,0.02654,-0.03634,0.80780,-0.58774,0.08042,-0.88598,0.00245,
1703614527365402368,4.97969,59.58220,4.83820,0.02723,-0.03533,0.80761,-0.58803,0.06918,-0.86690,0.01389,
1703614527498830592,4.99281,59.46134,4.83674,0.02623,-0.03665,0.80735,-0.58835,0.11227,-0.92055,-0.04186,
1703614527632258816,5.00338,59.34007,4.83713,0.02613,-0.03676,0.80733,-0.58837,0.09521,-0.88773,0.02295,
1703614527765687040,5.01476,59.21972,4.83535,0.02603,-0.03678,0.80745,-0.58822,0.09409,-0.90057,-0.00963,
1703614527899115008,5.02996,59.09772,4.83126,0.02810,-0.03768,0.80808,-0.58720,0.10699,-0.88563,0.01666,
1703614528032542720,5.04369,58.98110,4.83366,0.02798,-0.03870,0.80718,-0.58838,0.09874,-0.91593,-0.02856,
1703614528165970688,5.05744,58.86483,4.83530,0.02885,-0.03868,0.80693,-0.58868,0.13422,-0.91759,-0.03980,
1703614528299394048,5.07506,58.74709,4.83330,0.02990,-0.04074,0.80736,-0.58789,0.12239,-0.84602,0.05989,
1703614528432816384,5.08704,58.63507,4.83631,0.02818,-0.04105,0.80685,-0.58865,0.12007,-0.84548,0.02624,
1703614528566238720,5.10870,58.52099,4.83511,0.03036,-0.04230,0.80632,-0.58918,0.21096,-0.91497,-0.08422,
1703614528699660032,5.13142,58.40484,4.83650,0.03233,-0.04537,0.80636,-0.58880,0.11944,-0.85146,0.03379,
1703614528833081600,5.14606,58.28701,4.83509,0.03474,-0.04617,0.80659,-0.58828,0.12584,-0.88754,-0.00839,
1703614528966502912,5.15826,58.17008,4.83765,0.03488,-0.04651,0.80582,-0.58930,0.10358,-0.89935,-0.00906,
1703614529099923968,5.17428,58.05191,4.83592,0.03557,-0.04756,0.80645,-0.58831,0.13693,-0.83155,0.01720,
1703614529233347328,5.19269,57.93678,4.83486,0.03637,-0.04898,0.80610,-0.58863,0.11532,-0.90809,-0.02709,
1703614529366776064,5.20825,57.81931,4.83407,0.03637,-0.04932,0.80626,-0.58837,0.09508,-0.86783,0.03436,
1703614529500204032,5.22405,57.69860,4.83507,0.03576,-0.04977,0.80664,-0.58785,0.11071,-0.86597,0.04913,
1703614529633632512,5.23840,57.57884,4.83801,0.03597,-0.04939,0.80553,-0.58940,0.13473,-0.92030,-0.02291,
1703614529767060224,5.25459,57.45449,4.83752,0.03666,-0.05016,0.80570,-0.58905,0.08552,-0.90502,0.03806,
1703614529900488448,5.26564,57.32963,4.83535,0.03665,-0.04941,0.80613,-0.58853,0.09329,-0.91937,0.00815,
1703614530033915904,5.28087,57.20821,4.83636,0.03640,-0.04967,0.80572,-0.58908,0.15026,-0.94553,-0.05291,
1703614530167343616,5.30310,57.07961,4.82925,0.03729,-0.05161,0.80732,-0.58667,0.13358,-0.97962,-0.06712,
1703614530300772096,5.31558,56.95529,4.83000,0.03657,-0.05060,0.80706,-0.58717,0.09264,-0.93578,-0.00167,
1703614530434201088,5.32963,56.82851,4.82838,0.03693,-0.05050,0.80725,-0.58688,0.11262,-0.94317,0.01222,
1703614530567629312,5.34240,56.70300,4.82806,0.03784,-0.05013,0.80696,-0.58726,0.11383,-0.93831,0.00983,
1703614530701057792,5.35686,56.57640,4.82825,0.03684,-0.05053,0.80665,-0.58771,0.12379,-0.95110,-0.03385,
1703614530834486016,5.37610,56.45068,4.82740,0.03725,-0.05108,0.80687,-0.58733,0.14701,-0.93795,-0.01639,
1703614530967914240,5.38864,56.32705,4.82836,0.03668,-0.05068,0.80654,-0.58786,0.04164,-0.93404,-0.00529,
1703614531101342464,5.38498,56.20111,4.82997,0.03592,-0.04776,0.80664,-0.58801,-0.06060,-0.92864,0.02710,
1703614531234771200,5.37954,56.07581,4.83077,0.03310,-0.04434,0.80677,-0.58828,-0.00866,-0.95133,-0.02890,
1703614531368201216,5.39241,55.95411,4.83331,0.03095,-0.04400,0.80661,-0.58863,0.16723,-0.87882,0.04174,
1703614531501630720,5.41716,55.83301,4.83221,0.03178,-0.04659,0.80664,-0.58835,0.17624,-0.89571,0.01988,
1703614531635060480,5.43365,55.70946,4.83190,0.03284,-0.04764,0.80660,-0.58826,0.03277,-0.92930,-0.00390,
1703614531768490240,5.43221,55.58549,4.83234,0.03112,-0.04443,0.80673,-0.58842,-0.04834,-0.92133,0.00596,
1703614531901919744,5.43099,55.46179,4.83450,0.03014,-0.04154,0.80615,-0.58948,0.04144,-0.92206,0.01400,
1703614532035349248,5.44896,55.33970,4.83315,0.03090,-0.04318,0.80629,-0.58913,0.15734,-0.92626,-0.03289,
1703614532168779008,5.47283,55.21857,4.83029,0.03196,-0.04531,0.80656,-0.58855,0.19436,-0.89179,0.01419,
1703614532302209536,5.49930,55.09909,4.83049,0.03345,-0.04754,0.80622,-0.58875,0.15656,-0.90476,-0.02313,
1703614532435640832,5.51797,54.98148,4.82931,0.03536,-0.04829,0.80640,-0.58834,0.10939,-0.88259,-0.00367,
1703614532569072128,5.53180,54.86296,4.82750,0.03568,-0.04812,0.80667,-0.58796,0.13153,-0.88872,-0.00212,
1703614532702503168,5.55356,54.74621,4.82857,0.03770,-0.04944,0.80653,-0.58792,0.19644,-0.86566,-0.01521,
1703614532835934208,5.58025,54.62922,4.82536,0.04024,-0.05235,0.80677,-0.58717,0.16359,-0.87771,0.00351,
1703614532969364992,5.60167,54.51746,4.82861,0.04111,-0.05303,0.80616,-0.58788,0.18989,-0.81133,0.03102,
1703614533102796032,5.62962,54.40509,4.82756,0.04152,-0.05572,0.80602,-0.58780,0.25040,-0.85850,-0.02181,
1703614533236227072,5.65950,54.29639,4.82969,0.04264,-0.05915,0.80548,-0.58812,0.19949,-0.83001,-0.00552,
1703614533369658112,5.67708,54.18381,4.82918,0.04247,-0.05927,0.80562,-0.58792,0.07788,-0.82873,0.00632,
1703614533503088640,5.68135,54.06999,4.83024,0.04289,-0.05727,0.80574,-0.58793,-0.00911,-0.82352,0.02176,
1703614533636519424,5.67613,53.95789,4.83014,0.04265,-0.05385,0.80574,-0.58827,-0.05690,-0.85054,-0.03385,
1703614533769950208,5.66279,53.84541,4.83119,0.03816,-0.04898,0.80606,-0.58857,-0.12082,-0.83690,0.01908,
1703614533903380736,5.65508,53.73396,4.83337,0.03552,-0.04519,0.80600,-0.58912,0.06018,-0.80997,0.00762,
1703614534036811264,5.66930,53.62308,4.83368,0.03560,-0.04693,0.80598,-0.58900,0.08510,-0.82638,-0.00406,
1703614534170241536,5.67615,53.51583,4.83521,0.03546,-0.04616,0.80526,-0.59005,0.00992,-0.83388,0.00146,
1703614534303672064,5.67871,53.40033,4.82931,0.03485,-0.04341,0.80654,-0.58855,0.02295,-0.81655,0.02671,
1703614534437102592,5.68440,53.29158,4.83111,0.03617,-0.04249,0.80598,-0.58931,0.01839,-0.85097,-0.00914,
1703614534570532864,5.68593,53.18258,4.83244,0.03530,-0.04081,0.80620,-0.58918,0.01472,-0.83143,-0.03057,
1703614534703962880,5.68853,53.07272,4.83114,0.03306,-0.03914,0.80623,-0.58938,0.03390,-0.82989,0.00038,
1703614534837393152,5.69392,52.96044,4.82898,0.03245,-0.03809,0.80663,-0.58894,0.04800,-0.84259,-0.01594,
1703614534970823168,5.69672,52.84940,4.83054,0.03146,-0.03738,0.80647,-0.58925,0.01604,-0.83152,-0.00600,
1703614535104252928,5.70085,52.73800,4.82799,0.02936,-0.03594,0.80703,-0.58868,0.06361,-0.82653,0.00690,
1703614535237682944,5.71651,52.62602,4.82658,0.02937,-0.03681,0.80684,-0.58890,0.14740,-0.83719,-0.00883,
1703614535371112704,5.73020,52.51968,4.83007,0.03007,-0.03845,0.80579,-0.59019,0.05057,-0.80600,0.01963,
1703614535504542464,5.73075,52.40961,4.82746,0.03032,-0.03687,0.80696,-0.58867,0.00586,-0.81903,-0.01288,
1703614535637971968,5.73153,52.30056,4.82832,0.03062,-0.03507,0.80653,-0.58936,0.01002,-0.82339,0.01417,
1703614535771401472,5.73324,52.19152,4.82878,0.02973,-0.03386,0.80679,-0.58912,0.02038,-0.81025,0.02256,
1703614535904830720,5.73914,52.08401,4.83086,0.02752,-0.03274,0.80681,-0.58927,0.06788,-0.80662,0.01692,
1703614536038259968,5.75860,51.97484,4.82911,0.02967,-0.03490,0.80727,-0.58840,0.16080,-0.81741,-0.00547,
1703614536171689216,5.76991,51.86459,4.82868,0.03009,-0.03619,0.80730,-0.58826,0.02395,-0.83345,0.01044,
1703614536305120512,5.77315,51.75162,4.82863,0.03007,-0.03423,0.80770,-0.58783,0.05624,-0.83738,0.00308,
1703614536438551808,5.78454,51.63920,4.82898,0.03134,-0.03534,0.80766,-0.58775,0.10849,-0.86268,-0.04183,
1703614536571983616,5.79734,51.52492,4.82632,0.03284,-0.03659,0.80812,-0.58696,0.06766,-0.83952,0.01450,
1703614536705415168,5.80824,51.41070,4.82576,0.03132,-0.03624,0.80788,-0.58739,0.10838,-0.87369,-0.00960,
1703614536838846720,5.82611,51.29405,4.82521,0.03129,-0.03661,0.80770,-0.58763,0.11056,-0.88124,-0.00804,
1703614536972278272,5.83700,51.17910,4.82485,0.03144,-0.03779,0.80778,-0.58743,0.05196,-0.86156,0.02139,
1703614537105709824,5.84175,51.06194,4.82431,0.03006,-0.03684,0.80766,-0.58773,0.05908,-0.91677,-0.02966,
1703614537239141120,5.85033,50.94155,4.82439,0.02917,-0.03544,0.80804,-0.58733,0.06275,-0.90805,-0.03710,
1703614537372572672,5.85669,50.82146,4.82478,0.02864,-0.03440,0.80799,-0.58749,0.04265,-0.88266,0.01728,
1703614537506003968,5.86589,50.70215,4.82490,0.03092,-0.03502,0.80789,-0.58748,0.09597,-0.89894,0.00865,
1703614537639435520,5.87566,50.58078,4.82587,0.03134,-0.03593,0.80739,-0.58808,0.07366,-0.91780,-0.02332,
1703614537772867072,5.88498,50.46041,4.82558,0.02903,-0.03531,0.80756,-0.58801,0.07992,-0.91185,-0.01720,
1703614537906298112,5.89698,50.34242,4.82423,0.02879,-0.03480,0.80764,-0.58795,0.12537,-0.90113,-0.01134,
1703614538039729408,5.90872,50.22159,4.82520,0.02906,-0.03583,0.80725,-0.58841,0.04623,-0.91807,-0.00437,
1703614538173160192,5.91363,50.09697,4.82406,0.02931,-0.03475,0.80768,-0.58786,0.02205,-0.94792,-0.02450,
1703614538306588672,5.91563,49.97504,4.82420,0.02711,-0.03304,0.80782,-0.58788,0.01927,-0.92728,-0.01395,
1703614538440016128,5.92183,49.85096,4.82565,0.02586,-0.03163,0.80774,-0.58812,0.07292,-0.93161,0.01748,
1703614538573443072,5.93426,49.72679,4.82392,0.02575,-0.03231,0.80754,-0.58836,0.09822,-0.93615,0.01362,
1703614538706869760,5.94579,49.60015,4.82494,0.02661,-0.03284,0.80769,-0.58809,0.10456,-0.94838,0.01625,
1703614538840296704,5.95520,49.47343,4.82557,0.02436,-0.03318,0.80728,-0.58873,0.01131,-0.95857,-0.00553,
1703614538973722880,5.95541,49.34718,4.82683,0.02379,-0.03079,0.80708,-0.58915,-0.01111,-0.94913,0.01781,
1703614539107149056,5.95824,49.22081,4.82852,0.02321,-0.03026,0.80709,-0.58920,0.06944,-0.90261,0.05151,
1703614539240576000,5.97045,49.09180,4.82517,0.02503,-0.03061,0.80746,-0.58859,0.10841,-1.02105,-0.09999,
1703614539374004992,5.97784,48.96788,4.82422,0.02187,-0.02985,0.80787,-0.58820,-0.04044,-0.87714,0.04432,
1703614539507434240,5.97479,48.84333,4.82480,0.01931,-0.02614,0.80730,-0.58925,0.01441,-0.96482,-0.03350,
1703614539640862976,5.97917,48.71826,4.82389,0.01984,-0.02528,0.80744,-0.58907,0.12083,-0.89261,0.06076,
1703614539774291712,5.99192,48.59483,4.82635,0.01895,-0.02806,0.80705,-0.58951,0.07361,-0.91313,-0.02988,
1703614539907720448,6.00637,48.47237,4.82358,0.01995,-0.02882,0.80732,-0.58908,0.10151,-0.93876,-0.01858,
1703614540041148928,6.01868,48.34977,4.82081,0.02068,-0.02903,0.80743,-0.58889,0.05572,-0.93177,0.00249,
1703614540174577408,6.02769,48.22452,4.82071,0.02121,-0.02885,0.80757,-0.58869,0.06092,-0.96546,-0.01771,
1703614540308024576,6.03286,48.09802,4.82137,0.01926,-0.02792,0.80728,-0.58919,0.00903,-0.95821,-0.03086,
1703614540441479168,6.03988,47.96834,4.82050,0.01824,-0.02709,0.80788,-0.58844,0.07995,-0.98860,-0.01591,
1703614540574934784,6.05442,47.84143,4.82353,0.01839,-0.02770,0.80709,-0.58949,0.13101,-0.94567,-0.00540,
1703614540708391680,6.07471,47.71060,4.81809,0.01976,-0.03092,0.80802,-0.58801,0.14803,-0.95454,0.03620,
1703614540841849344,6.08886,47.58032,4.82016,0.01874,-0.03228,0.80832,-0.58755,0.05409,-0.94750,-0.01507,
1703614540975308544,6.09474,47.45067,4.81856,0.01693,-0.03013,0.80798,-0.58820,0.05970,-0.96173,0.01505,
1703614541108768256,6.10873,47.31526,4.81756,0.01663,-0.03230,0.80787,-0.58824,0.11567,-1.04905,-0.10545,
1703614541242222080,6.12107,47.18703,4.82572,0.01881,-0.03352,0.80681,-0.58956,0.12066,-0.93051,0.06275,
1703614541375655936,6.13471,47.05254,4.81850,0.01904,-0.03440,0.80861,-0.58703,0.06537,-0.93796,0.05624,
1703614541509090048,6.13750,46.92794,4.82374,0.01766,-0.03271,0.80762,-0.58854,-0.00870,-0.94826,0.02496,
1703614541642523648,6.14063,46.79995,4.82257,0.01885,-0.03109,0.80725,-0.58908,0.07891,-0.97288,-0.04412,
1703614541775957504,6.15738,46.66940,4.81927,0.02072,-0.03348,0.80779,-0.58816,0.14005,-0.97214,-0.02024,
1703614541909391360,6.17117,46.53757,4.81618,0.02157,-0.03461,0.80804,-0.58772,0.08219,-0.97847,0.02055,
1703614542042825216,6.18130,46.40916,4.81674,0.02041,-0.03429,0.80753,-0.58848,0.11487,-0.97320,-0.03473,
1703614542242975744,6.20419,46.21798,4.82102,0.01884,-0.03575,0.80687,-0.58934,0.09781,-0.93385,0.01239,
1703614542376409600,6.21470,46.09517,4.82369,0.02012,-0.03585,0.80606,-0.59040,0.07078,-0.94316,0.00801,
1703614542509842944,6.21978,45.96985,4.82152,0.02054,-0.03536,0.80647,-0.58985,0.01826,-0.90530,0.01955,
1703614542643276288,6.22617,45.84525,4.82315,0.01849,-0.03522,0.80567,-0.59103,0.02569,-0.94510,0.00864,
1703614542776709888,6.23906,45.72531,4.82525,0.01849,-0.03526,0.80568,-0.59102,0.18070,-0.85365,0.03662,
1703614542910143488,6.26424,45.60624,4.82426,0.01950,-0.03862,0.80577,-0.59064,0.21955,-0.93478,-0.06126,
1703614543043576832,6.28644,45.49221,4.82562,0.02018,-0.04178,0.80552,-0.59075,0.09413,-0.85027,0.00177,
1703614543177010176,6.29261,45.37821,4.82891,0.01959,-0.04044,0.80488,-0.59173,-0.02092,-0.91592,-0.04380,
1703614543310442496,6.29279,45.26326,4.82453,0.02023,-0.03842,0.80576,-0.59065,0.00109,-0.82891,0.02947,
1703614543443873792,6.29570,45.15064,4.82509,0.02063,-0.03727,0.80577,-0.59070,0.02139,-0.84253,0.02977,
1703614543577305344,6.30555,45.04025,4.82767,0.02145,-0.03780,0.80501,-0.59167,0.04487,-0.83859,0.01326,
1703614543710736640,6.31371,44.92919,4.82668,0.02213,-0.03749,0.80544,-0.59108,0.09397,-0.81388,0.00328,
1703614543844168192,6.32632,44.81592,4.82434,0.02143,-0.03710,0.80575,-0.59071,0.12426,-0.86238,-0.01668,
1703614543977599744,6.34746,44.70715,4.82800,0.02157,-0.03921,0.80481,-0.59184,0.10079,-0.81228,0.02366,
1703614544177746432,6.37300,44.54908,4.83066,0.02232,-0.04130,0.80516,-0.59120,0.14221,-0.77138,0.02258,
1703614544311175936,6.39957,44.44103,4.82847,0.02490,-0.04451,0.80578,-0.59002,0.20365,-0.79948,-0.02357,
1703614544444603904,6.42152,44.33216,4.82799,0.02661,-0.04709,0.80556,-0.59004,0.07118,-0.80650,-0.00123,
1703614544578032128,6.42202,44.22359,4.82806,0.02656,-0.04504,0.80594,-0.58968,-0.00028,-0.84162,-0.05755,
1703614544711460096,6.42714,44.11234,4.82559,0.02565,-0.04353,0.80624,-0.58943,0.11905,-0.80742,0.01692,
1703614544844888064,6.44466,44.00480,4.82697,0.02541,-0.04457,0.80568,-0.59012,0.14650,-0.79311,0.01849,
1703614544978315264,6.46085,43.89741,4.82502,0.02628,-0.04581,0.80562,-0.59008,0.11188,-0.81187,-0.01472,
1703614545111742720,6.47240,43.78688,4.82163,0.02710,-0.04569,0.80571,-0.58992,0.08688,-0.83775,-0.01397,
1703614545245170944,6.48398,43.67849,4.82333,0.02722,-0.04557,0.80524,-0.59056,0.10645,-0.80969,0.00991,
1703614545378600960,6.49591,43.56777,4.82127,0.02798,-0.04632,0.80568,-0.58987,0.09079,-0.83378,0.00323,
1703614545512031488,6.51129,43.45786,4.82116,0.02999,-0.04766,0.80612,-0.58906,0.12449,-0.84718,-0.03914,
1703614545645461504,6.52622,43.34614,4.82339,0.02981,-0.04821,0.80560,-0.58974,0.12356,-0.86315,0.00413,
1703614545778891776,6.54242,43.23790,4.82810,0.03009,-0.04938,0.80509,-0.59032,0.13262,-0.78940,0.02787,
1703614545912321792,6.56680,43.12427,4.82487,0.03275,-0.05248,0.80575,-0.58902,0.19572,-0.85685,-0.02223,
1703614546045751808,6.58302,43.00919,4.82251,0.03334,-0.05326,0.80599,-0.58859,0.05309,-0.86626,-0.02321,
1703614546179181568,6.58475,42.89576,4.82435,0.03015,-0.04954,0.80589,-0.58922,0.00156,-0.87389,-0.02590,
1703614546312611584,6.59203,42.77569,4.82142,0.03092,-0.04732,0.80644,-0.58861,0.12801,-0.88595,0.00000,
1703614546446041344,6.60378,42.65734,4.82186,0.03188,-0.04923,0.80666,-0.58809,0.05827,-0.87524,0.02921,
1703614546579470848,6.61433,42.53756,4.82155,0.03256,-0.04909,0.80634,-0.58852,0.06720,-0.91364,-0.00618,
1703614546712900352,6.62872,42.41700,4.81991,0.03261,-0.04898,0.80680,-0.58788,0.10440,-0.89257,0.00893,
1703614546846329856,6.64115,42.29650,4.81839,0.03270,-0.04827,0.80703,-0.58762,0.14301,-0.92102,-0.00527,
1703614546979759104,6.65832,42.17727,4.82011,0.03342,-0.04929,0.80630,-0.58850,0.11792,-0.91864,-0.01084,
1703614547113188608,6.67906,42.05379,4.81830,0.03357,-0.05065,0.80711,-0.58726,0.14049,-0.88729,0.05919,
1703614547246618112,6.69488,41.93888,4.82635,0.02928,-0.05083,0.80567,-0.58945,0.10593,-0.88298,-0.00995,
1703614547380047616,6.70915,41.81903,4.82239,0.02893,-0.05000,0.80582,-0.58934,0.12310,-0.93051,-0.09537,
1703614547513477376,6.72254,41.69661,4.81763,0.03083,-0.05088,0.80686,-0.58773,0.03060,-0.89519,0.03074,
1703614547646906880,6.72215,41.57479,4.81461,0.02932,-0.04793,0.80737,-0.58736,-0.01441,-0.95570,-0.07354,
1703614547780336128,6.72819,41.45614,4.81836,0.02766,-0.04563,0.80663,-0.58864,0.10349,-0.88349,0.04017,
1703614547913765632,6.73775,41.32782,4.81301,0.02769,-0.04558,0.80762,-0.58728,0.01198,-0.92739,0.03297,
1703614548047194624,6.72675,41.20235,4.81344,0.02414,-0.04139,0.80705,-0.58853,-0.14910,-0.98032,-0.06246,
1703614548180624128,6.70518,41.07607,4.81492,0.02096,-0.03415,0.80711,-0.58903,-0.10686,-0.92669,0.02627,
1703614548314055936,6.69937,40.95175,4.81462,0.01924,-0.03150,0.80705,-0.58933,0.00606,-0.93745,-0.02919,
1703614548447488512,6.70603,40.82883,4.81659,0.01768,-0.03164,0.80721,-0.58915,0.06897,-0.88497,0.04868,
1703614548647637504,6.72834,40.64529,4.81353,0.01838,-0.03278,0.80740,-0.58881,0.12343,-0.91386,-0.00367,
1703614548781070592,6.74155,40.52228,4.80904,0.01894,-0.03383,0.80803,-0.58787,0.05714,-0.88076,0.03058,
1703614548914503168,6.74595,40.40238,4.81162,0.02014,-0.03281,0.80742,-0.58872,-0.00144,-0.91767,-0.01250,
1703614549047936000,6.74696,40.28282,4.81227,0.01800,-0.03149,0.80768,-0.58850,0.04264,-0.88407,-0.00649,
1703614549181368832,6.75885,40.16737,4.81543,0.01864,-0.03093,0.80734,-0.58898,0.15975,-0.85392,0.00705,
1703614549314799872,6.78296,40.05049,4.81303,0.02034,-0.03510,0.80774,-0.58814,0.19613,-0.91849,-0.08038,
1703614549448229888,6.79690,39.93764,4.81114,0.02112,-0.03626,0.80827,-0.58732,0.06911,-0.82831,0.04160,
1703614549581659648,6.80319,39.82338,4.81362,0.01954,-0.03563,0.80811,-0.58762,0.01288,-0.78535,0.12301,
1703614549715089664,6.81300,39.71543,4.82185,0.01922,-0.03638,0.80589,-0.59063,0.15241,-0.91828,-0.12400,
1703614549848519680,6.84307,39.59196,4.81084,0.02331,-0.04032,0.80758,-0.58791,0.24710,-0.91646,-0.01649,
1703614549981949440,6.86531,39.47097,4.81147,0.02421,-0.04299,0.80754,-0.58775,0.06021,-0.88904,0.03170,
1703614550115378944,6.86638,39.35288,4.81795,0.02327,-0.03939,0.80651,-0.58945,0.03109,-0.88350,0.01729,
1703614550248808960,6.87520,39.22582,4.81237,0.02249,-0.03990,0.80780,-0.58767,0.07158,-0.96748,-0.04714,
1703614550382238720,6.88602,39.10433,4.81513,0.02300,-0.04083,0.80704,-0.58864,0.10191,-0.90415,0.02662,
1703614550582383104,6.90205,38.91300,4.81244,0.02377,-0.04083,0.80698,-0.58869,0.02888,-0.96376,-0.01869,
1703614550715812608,6.91194,38.78469,4.81257,0.02472,-0.04038,0.80704,-0.58860,0.10465,-0.93629,0.02693,
1703614550849242368,6.92535,38.65665,4.81042,0.02514,-0.04100,0.80740,-0.58805,0.06712,-0.97018,-0.00968,
1703614550982671872,6.93648,38.53049,4.80768,0.02560,-0.04092,0.80719,-0.58831,0.06059,-0.96009,-0.01122,
1703614551116101376,6.94564,38.40073,4.80827,0.02535,-0.04066,0.80735,-0.58812,0.11324,-0.96114,0.01856,
1703614551249530624,6.96039,38.27174,4.80688,0.02691,-0.04198,0.80702,-0.58842,0.09268,-0.92286,0.03408,
1703614551382959616,6.97166,38.14346,4.80293,0.02614,-0.04173,0.80928,-0.58535,0.03939,-0.93459,-0.06487,
1703614551583103232,7.00086,37.95887,4.80346,0.02740,-0.04330,0.80789,-0.58710,0.14783,-0.95352,-0.06622,
1703614551716531968,7.02629,37.83217,4.80686,0.03011,-0.04858,0.80822,-0.58611,0.14077,-0.85976,0.11515,
1703614551849960960,7.04100,37.70798,4.80439,0.03001,-0.04874,0.80818,-0.58614,0.11131,-0.94660,-0.03557,
1703614551983389440,7.04977,37.58880,4.80724,0.02960,-0.04667,0.80717,-0.58773,0.05930,-0.95471,-0.06583,
1703614552116818176,7.06029,37.46255,4.80430,0.02923,-0.04678,0.80800,-0.58659,0.08435,-0.90224,0.06221,
1703614552250246656,7.07152,37.33848,4.80600,0.02957,-0.04737,0.80736,-0.58742,0.10306,-0.94732,-0.00875,
1703614552383676928,7.08222,37.21716,4.81187,0.02765,-0.04805,0.80629,-0.58892,0.07685,-0.91224,0.02400,
1703614552517107200,7.09783,37.09026,4.80860,0.02816,-0.04796,0.80710,-0.58778,0.11488,-0.94432,-0.02432,
1703614552650536960,7.10825,36.96444,4.80686,0.02913,-0.04753,0.80683,-0.58814,-0.00721,-0.93869,0.03299,
1703614552783967232,7.10429,36.83802,4.80739,0.02862,-0.04460,0.80695,-0.58824,-0.01140,-0.94171,-0.01432,
1703614552917397248,7.11551,36.71395,4.80856,0.02856,-0.04440,0.80646,-0.58893,0.19357,-0.94363,-0.00360,
1703614553050827264,7.14294,36.59155,4.80544,0.02749,-0.04737,0.80716,-0.58779,0.19248,-0.89478,0.02647,
1703614553184257024,7.16537,36.47031,4.80601,0.02867,-0.04863,0.80679,-0.58814,0.10428,-0.88720,0.01132,
1703614553317690880,7.17642,36.35305,4.80687,0.03042,-0.04877,0.80615,-0.58891,0.02615,-0.91905,-0.05735,
1703614553451127040,7.18224,36.22795,4.80216,0.03265,-0.04752,0.80745,-0.58711,0.06143,-0.93093,0.00260,
1703614553584562944,7.18630,36.10900,4.80106,0.02980,-0.04570,0.80803,-0.58661,0.05273,-0.87110,-0.01392,
1703614553717999104,7.19575,35.99367,4.80149,0.02781,-0.04254,0.80840,-0.58643,0.13402,-0.82760,0.04172,
1703614553851435264,7.22338,35.88017,4.80532,0.02970,-0.04577,0.80687,-0.58821,0.22362,-0.89499,-0.02569,
1703614553984871936,7.24758,35.76079,4.80217,0.03174,-0.05102,0.80758,-0.58669,0.16043,-0.88154,0.03431,
1703614554118308352,7.26439,35.64062,4.79948,0.03341,-0.05179,0.80754,-0.58658,0.13093,-0.94404,-0.04942,
1703614554251743232,7.28000,35.51992,4.80323,0.03182,-0.05072,0.80719,-0.58724,0.11121,-0.87266,0.05071,
1703614554385170432,7.29714,35.39685,4.80106,0.03340,-0.05051,0.80725,-0.58710,0.12131,-0.93802,-0.01662,
1703614554518597120,7.31518,35.27303,4.80088,0.03542,-0.05288,0.80729,-0.58672,0.11657,-0.90069,0.03406,
1703614554652024064,7.32605,35.15149,4.80472,0.03432,-0.05204,0.80635,-0.58815,0.12951,-0.94232,-0.01645,
1703614554785450496,7.35059,35.02587,4.80090,0.03517,-0.05217,0.80723,-0.58687,0.25399,-0.91739,-0.01751,
1703614554918876928,7.38339,34.90296,4.80211,0.03598,-0.05575,0.80699,-0.58683,0.24238,-0.90212,0.04146,
1703614555052303616,7.40846,34.77839,4.79982,0.03754,-0.05795,0.80749,-0.58583,0.14060,-0.94822,-0.02649,
1703614555252443648,7.42921,34.59129,4.80209,0.04064,-0.05763,0.80622,-0.58740,0.06231,-0.98179,-0.02520,
1703614555452589824,7.44933,34.39670,4.80206,0.04102,-0.05645,0.80589,-0.58793,0.20718,-0.99714,-0.04372,
1703614555586020352,7.47472,34.26475,4.79867,0.04042,-0.05776,0.80642,-0.58712,0.16952,-0.95510,0.05811,
1703614555786166784,7.49560,34.06795,4.79897,0.03971,-0.05719,0.80608,-0.58769,-0.02790,-0.99338,0.00321,
1703614555919597312,7.48254,33.93142,4.79888,0.03881,-0.05110,0.80626,-0.58807,-0.14955,-1.00320,0.00024,
1703614556053028096,7.47263,33.79975,4.79873,0.03504,-0.04630,0.80680,-0.58796,0.01481,-0.98174,0.01111,
1703614556186458880,7.49484,33.66987,4.80101,0.03644,-0.04765,0.80618,-0.58862,0.24223,-0.95483,-0.03822,
1703614556319888896,7.52235,33.54309,4.79606,0.03559,-0.04986,0.80734,-0.58691,0.16815,-0.96498,-0.01417,
1703614556453318912,7.53940,33.42179,4.79606,0.03512,-0.04879,0.80688,-0.58765,0.08450,-0.92226,0.03539,
1703614556586748672,7.54490,33.29806,4.79697,0.03545,-0.04744,0.80754,-0.58683,-0.02197,-0.91773,0.00185,
1703614556720178176,7.53845,33.17768,4.79883,0.03341,-0.04379,0.80709,-0.58785,-0.00663,-0.90819,0.00580,
1703614556853607936,7.54419,33.05556,4.79897,0.03233,-0.04236,0.80800,-0.58677,0.08961,-0.86104,-0.01934,
1703614557053752320,7.57098,32.88799,4.80043,0.03248,-0.04356,0.80724,-0.58772,0.13686,-0.86013,0.00070,
1703614557253906688,7.58549,32.71837,4.79763,0.03283,-0.04382,0.80693,-0.58810,0.07713,-0.83252,-0.00460,
1703614557387408640,7.60037,32.60348,4.79531,0.03336,-0.04413,0.80745,-0.58734,0.12649,-0.86409,-0.03239,
1703614557520912384,7.61755,32.49484,4.79403,0.03341,-0.04419,0.80739,-0.58741,0.09130,-0.82727,-0.00695,
1703614557654417920,7.62141,32.38881,4.79655,0.03214,-0.04225,0.80687,-0.58834,-0.01815,-0.76080,0.06567,
1703614557787925248,7.61799,32.28244,4.79814,0.03178,-0.04042,0.80611,-0.58953,-0.03074,-0.80161,-0.02326,
1703614557921434624,7.61413,32.17124,4.79599,0.03000,-0.03820,0.80690,-0.58868,0.03181,-0.80787,0.00096,
1703614558054945536,7.61500,32.06447,4.79695,0.02900,-0.03688,0.80675,-0.58903,-0.00546,-0.80057,-0.00408,
1703614558188458240,7.61354,31.95600,4.79737,0.02663,-0.03449,0.80718,-0.58869,-0.08300,-0.78157,0.01392,
1703614558321914880,7.60084,31.84887,4.79949,0.02349,-0.03027,0.80666,-0.58978,-0.20118,-0.82064,-0.00019,
1703614558522050816,7.56764,31.68824,4.79815,0.02071,-0.02198,0.80711,-0.58963,-0.09333,-0.82754,-0.04835,
1703614558655474432,7.56255,31.58012,4.79902,0.01957,-0.01975,0.80724,-0.58957,0.02481,-0.82020,-0.01883,
1703614558788897792,7.56954,31.46952,4.79633,0.01777,-0.02071,0.80794,-0.58863,0.04272,-0.82902,-0.05169,
1703614558922320896,7.56611,31.35765,4.79574,0.01685,-0.01975,0.80763,-0.58912,-0.08098,-0.82779,0.00554,
1703614559055743744,7.55723,31.24079,4.78940,0.01640,-0.01713,0.80877,-0.58765,-0.02539,-0.82089,0.03054,
1703614559189166336,7.56057,31.12522,4.78901,0.01567,-0.01644,0.80915,-0.58717,0.04460,-0.83930,0.00933,
1703614559322589952,7.57663,31.01710,4.79194,0.01538,-0.01810,0.80809,-0.58858,0.23884,-0.88384,-0.05466,
1703614559456013568,7.61308,30.90613,4.79076,0.01840,-0.02435,0.80841,-0.58783,0.27858,-0.83483,-0.01364,
1703614559589437184,7.63424,30.79799,4.79038,0.02252,-0.02796,0.80789,-0.58824,0.06117,-0.86734,-0.03457,
1703614559722860544,7.63048,30.68080,4.78658,0.02288,-0.02669,0.80875,-0.58709,-0.06477,-0.84511,0.02727,
1703614559856283904,7.63069,30.56960,4.79046,0.02221,-0.02581,0.80831,-0.58778,0.04870,-0.84993,0.00107,
1703614559989706752,7.65242,30.45894,4.79559,0.02170,-0.02846,0.80757,-0.58869,0.27551,-0.86414,0.01277,
1703614560123129344,7.68625,30.34681,4.79629,0.02533,-0.03418,0.80707,-0.58892,0.23176,-0.88751,-0.03642,
1703614560256552448,7.70347,30.23002,4.79396,0.02649,-0.03616,0.80724,-0.58851,0.03358,-0.90136,0.01276,
1703614560389977344,7.71171,30.10893,4.79398,0.02775,-0.03561,0.80668,-0.58927,0.05447,-0.93246,-0.01926,
1703614560523401728,7.72681,29.97772,4.78916,0.02867,-0.03725,0.80779,-0.58759,0.11536,-0.99050,-0.04284,
1703614560656826624,7.73621,29.85102,4.78638,0.03015,-0.03611,0.80779,-0.58759,0.15097,-0.99036,-0.00509,
1703614560790250496,7.74924,29.72171,4.79026,0.02900,-0.03698,0.80749,-0.58801,0.11781,-0.93386,0.03641,
1703614560923674624,7.77544,29.59125,4.77883,0.03406,-0.04075,0.80869,-0.58583,0.19423,-0.96903,0.03004,
1703614561123810048,7.82107,29.39655,4.77663,0.03532,-0.04617,0.80912,-0.58476,0.19290,-0.96364,0.05121,
1703614561257233920,7.83166,29.26872,4.78260,0.03469,-0.04450,0.80753,-0.58712,0.02540,-1.02203,-0.08336,
1703614561390658560,7.83527,29.13219,4.78330,0.03513,-0.04312,0.80779,-0.58683,0.01677,-0.99142,0.03183,
1703614561524083200,7.84352,28.99943,4.78406,0.03469,-0.04311,0.80725,-0.58761,0.09673,-1.04900,-0.03095,
1703614561657507840,7.86108,28.86811,4.77772,0.03336,-0.04358,0.80910,-0.58511,0.17790,-0.97529,0.02652,
1703614561790931968,7.88271,28.73973,4.78233,0.03315,-0.04404,0.80805,-0.58653,0.18184,-0.95202,0.04174,
1703614561924356096,7.90769,28.61041,4.78280,0.03489,-0.04700,0.80734,-0.58718,0.14503,-1.01443,-0.03602,
1703614562057779712,7.92018,28.47570,4.78048,0.03447,-0.04822,0.80775,-0.58653,0.10692,-1.01161,-0.03630,
1703614562257915136,7.95182,28.27220,4.77993,0.03763,-0.04944,0.80671,-0.58768,0.24069,-0.99179,-0.02569,
1703614562391340800,7.98362,28.13122,4.76811,0.03785,-0.05380,0.80907,-0.58402,0.13451,-0.99925,0.04695,
1703614562524766208,8.00573,28.00417,4.77771,0.03853,-0.05396,0.80670,-0.58723,0.24449,-1.05897,-0.10682,
1703614562658191360,8.02705,27.87012,4.77704,0.03692,-0.05499,0.80745,-0.58621,0.06824,-0.93657,0.09945,
1703614562791616512,8.02992,27.73329,4.77442,0.03606,-0.05290,0.80835,-0.58521,-0.04993,-0.97206,0.06830,
1703614562925040896,8.01805,27.59901,4.77991,0.03277,-0.04783,0.80771,-0.58672,-0.06727,-1.01436,-0.01084,
1703614563058465536,8.01140,27.46717,4.78439,0.02844,-0.04437,0.80724,-0.58787,0.00156,-0.94507,0.02907,
1703614563191890176,8.01936,27.34438,4.78939,0.02617,-0.04302,0.80565,-0.59025,0.18234,-0.98523,-0.06137,
1703614563325315840,8.03711,27.21605,4.78952,0.02495,-0.04408,0.80550,-0.59043,0.15768,-0.99792,-0.05366,
1703614563458741504,8.04860,27.09769,4.79016,0.02380,-0.04454,0.80639,-0.58923,0.01050,-0.79494,0.11257,
1703614563592167168,8.05208,26.97430,4.78928,0.02389,-0.04243,0.80637,-0.58941,0.06665,-0.90380,-0.02139,
1703614563725592832,8.06306,26.86190,4.79407,0.02505,-0.04377,0.80530,-0.59071,0.05504,-0.80159,0.04755,
1703614563859017984,8.07305,26.74263,4.79412,0.02518,-0.04278,0.80512,-0.59103,0.10141,-0.88992,-0.06541,
1703614563992443136,8.08889,26.62796,4.79509,0.02401,-0.04406,0.80434,-0.59205,0.13157,-0.86297,0.00447,
1703614564125867776,8.10155,26.51202,4.79550,0.02421,-0.04426,0.80430,-0.59208,0.07227,-0.88371,0.00568,
1703614564259293184,8.10904,26.40134,4.79918,0.02384,-0.04372,0.80410,-0.59240,0.11676,-0.77969,0.04772,
1703614564392719872,8.12455,26.29485,4.80353,0.02449,-0.04523,0.80330,-0.59335,0.14037,-0.81428,-0.04002,
1703614564526146304,8.13902,26.18359,4.80351,0.02584,-0.04592,0.80358,-0.59286,0.11446,-0.79346,0.03522,
1703614564659572992,8.14697,26.07466,4.80497,0.02800,-0.04645,0.80287,-0.59369,0.03492,-0.84561,-0.01985,
1703614564859712512,8.15056,25.92012,4.81246,0.02571,-0.04373,0.80233,-0.59472,0.12173,-0.70495,0.05600,
1703614564993138688,8.18010,25.81867,4.80987,0.02671,-0.04645,0.80285,-0.59377,0.32349,-0.74212,-0.05625,
1703614565126564864,8.22125,25.72472,4.81052,0.02889,-0.05360,0.80254,-0.59348,0.21982,-0.68509,0.06699,
1703614565259990784,8.23063,25.63332,4.81786,0.02794,-0.05378,0.80109,-0.59547,0.00793,-0.66250,0.08117,
1703614565393416448,8.24056,25.54404,4.82380,0.02697,-0.05316,0.80050,-0.59636,0.17982,-0.66920,-0.04476,
1703614565526842112,8.27426,25.44734,4.81388,0.03371,-0.05834,0.80168,-0.59395,0.22666,-0.74417,-0.04504,
1703614565660267264,8.28863,25.34922,4.81475,0.03269,-0.05929,0.80146,-0.59421,-0.05924,-0.78948,-0.03661,
1703614565793692416,8.28801,25.24642,4.81341,0.03304,-0.05490,0.80236,-0.59339,0.05633,-0.71199,0.07264,
1703614565927117056,8.30181,25.14563,4.81247,0.03280,-0.05565,0.80266,-0.59294,0.12354,-0.76732,-0.02369,
1703614566060541696,8.32197,25.04376,4.81385,0.03444,-0.05802,0.80197,-0.59354,0.13354,-0.74475,0.03722,
1703614566193966336,8.33519,24.93895,4.81259,0.03560,-0.05764,0.80208,-0.59337,0.11675,-0.80077,-0.01535,
1703614566327391744,8.34860,24.82867,4.81008,0.03632,-0.05779,0.80280,-0.59234,0.10610,-0.82383,-0.02379,
1703614566460817664,8.35989,24.72184,4.81076,0.03655,-0.05676,0.80314,-0.59195,0.10463,-0.78591,0.00981,
1703614566594243072,8.37499,24.61729,4.81563,0.03715,-0.05715,0.80231,-0.59300,0.10682,-0.78429,0.02704,
1703614566727668736,8.38576,24.51314,4.81816,0.03931,-0.05707,0.80201,-0.59328,0.13376,-0.77818,0.01692,
1703614566861093888,8.40136,24.40143,4.80946,0.04078,-0.05866,0.80368,-0.59076,0.06385,-0.82907,-0.02545,
1703614566994519040,8.41017,24.29044,4.80895,0.04005,-0.05667,0.80394,-0.59065,0.17505,-0.81295,0.00231,
1703614567127943680,8.43312,24.18482,4.81052,0.04069,-0.05774,0.80323,-0.59147,0.19803,-0.78795,-0.03824,
1703614567261368832,8.45996,24.07316,4.80544,0.04275,-0.06112,0.80417,-0.58970,0.16685,-0.84307,0.01147,
1703614567394794496,8.47094,23.96773,4.80464,0.04192,-0.05975,0.80530,-0.58836,0.05201,-0.76694,0.02379,
1703614567528220160,8.47745,23.86903,4.80552,0.03525,-0.05662,0.80642,-0.58757,0.14977,-0.68992,0.03385,
1703614567661645568,8.50526,23.76823,4.80825,0.04182,-0.05765,0.80406,-0.59027,0.40031,-0.80606,-0.02390,
1703614567795071232,8.53825,23.65751,4.80811,0.04486,-0.06560,0.80407,-0.58920,0.11157,-0.82537,-0.00390,
1703614567928496128,8.53720,23.54037,4.80751,0.04340,-0.06232,0.80469,-0.58882,-0.06760,-0.88245,0.02101,
1703614568061920768,8.53250,23.42093,4.80758,0.04195,-0.05597,0.80445,-0.58988,0.10556,-0.91731,-0.03180,
1703614568195345408,8.55237,23.30394,4.80758,0.04084,-0.05640,0.80521,-0.58889,0.18348,-0.82293,0.07411,
1703614568328770560,8.58389,23.18786,4.80761,0.04322,-0.06092,0.80439,-0.58939,0.18945,-0.92980,-0.02213,
1703614568462196224,8.60335,23.06664,4.80549,0.04506,-0.06227,0.80452,-0.58894,0.09629,-0.91824,0.02470,
1703614568595621376,8.61075,22.94257,4.80522,0.04302,-0.06003,0.80551,-0.58796,0.04299,-0.94663,0.02901,
1703614568729046272,8.61685,22.82324,4.80689,0.04074,-0.05667,0.80544,-0.58856,0.09508,-0.92453,0.01136,
1703614568862471168,8.63110,22.69778,4.80627,0.04088,-0.05677,0.80573,-0.58814,0.11829,-0.91966,0.06651,
1703614568995895808,8.64553,22.57114,4.80479,0.04187,-0.05742,0.80606,-0.58755,0.12583,-0.99416,-0.02839,
1703614569129320192,8.66629,22.44753,4.80929,0.04178,-0.05752,0.80505,-0.58893,0.20604,-1.00424,-0.03581,
1703614569262744320,8.68673,22.32216,4.81030,0.04080,-0.05798,0.80458,-0.58960,0.11524,-0.99803,-0.01443,
1703614569396171008,8.69804,22.19076,4.80920,0.03963,-0.05681,0.80545,-0.58861,0.12875,-0.95180,0.07003,
1703614569529597696,8.71777,22.05481,4.81021,0.04071,-0.05750,0.80531,-0.58865,0.20163,-1.01185,-0.01585,
1703614569663024128,8.74613,21.91933,4.80882,0.04395,-0.06023,0.80507,-0.58848,0.24753,-1.05157,-0.00881,
1703614569796450304,8.76639,21.78399,4.81174,0.04440,-0.06123,0.80463,-0.58893,0.05760,-1.05018,-0.04529,
1703614569929876736,8.76863,21.64547,4.81638,0.04234,-0.05722,0.80482,-0.58923,-0.04096,-0.99929,0.07946,
1703614570063302912,8.77053,21.50533,4.81064,0.04104,-0.05251,0.80573,-0.58853,0.08936,-1.01107,0.04321,
1703614570196728832,8.79108,21.36649,4.81160,0.04165,-0.05303,0.80551,-0.58873,0.18080,-1.08348,-0.07519,
1703614570330155008,8.81358,21.22791,4.81073,0.04244,-0.05489,0.80561,-0.58837,0.08394,-1.00959,0.05490,
1703614570463581184,8.82075,21.08634,4.80962,0.04320,-0.05209,0.80594,-0.58812,0.08943,-1.04488,-0.00318,
1703614570597006592,8.82355,20.94944,4.81016,0.04031,-0.04947,0.80523,-0.58952,-0.02679,-1.08136,-0.05420,
1703614570730432000,8.82639,20.80559,4.81003,0.03949,-0.04660,0.80582,-0.58901,0.08734,-1.03765,0.02548,
1703614570863857408,8.84437,20.66598,4.81018,0.04004,-0.04839,0.80615,-0.58836,0.19238,-1.01274,0.03768,
1703614570997282560,8.86373,20.52874,4.81062,0.03834,-0.04974,0.80618,-0.58833,0.10661,-1.03179,0.01661,
1703614571130707200,8.86786,20.39472,4.81483,0.03599,-0.04640,0.80560,-0.58954,0.02134,-1.00927,0.02394,
1703614571264131840,8.87092,20.25733,4.81390,0.03624,-0.04523,0.80600,-0.58906,0.01719,-1.03187,0.00099,
1703614571397558528,8.88134,20.11699,4.81553,0.03467,-0.04617,0.80581,-0.58936,-0.05024,-1.00955,-0.00021,
1703614571530984960,8.88094,19.98232,4.81715,0.03234,-0.04152,0.80643,-0.58898,0.04129,-0.93398,0.07031,
1703614571664411136,8.89250,19.84854,4.81466,0.03273,-0.04069,0.80671,-0.58864,0.12913,-0.97455,0.04784,
1703614571797837056,8.90517,19.71688,4.81230,0.03229,-0.04110,0.80710,-0.58809,-0.00959,-0.91640,0.07037,
1703614571931262720,8.91039,19.58386,4.81082,0.03122,-0.03873,0.80755,-0.58769,0.09583,-0.95356,0.02035,
1703614572064688384,8.92705,19.45801,4.81180,0.03216,-0.04017,0.80734,-0.58784,0.16580,-0.94887,-0.03735,
1703614572198113792,8.94461,19.33819,4.81372,0.03356,-0.04245,0.80673,-0.58844,0.06304,-0.92635,0.01549,
1703614572331538944,8.95133,19.21660,4.81340,0.03138,-0.04123,0.80715,-0.58806,0.04118,-0.91321,0.04443,
1703614572464963584,8.95962,19.10086,4.82478,0.03064,-0.03888,0.80542,-0.59064,0.09252,-0.88578,0.02198,
1703614572598387968,8.97436,18.97892,4.81979,0.03102,-0.04112,0.80618,-0.58943,0.01513,-0.84519,0.05567,
1703614572731812352,8.97813,18.85892,4.81889,0.03128,-0.04075,0.80642,-0.58910,0.05254,-0.89945,-0.01909,
1703614572865235968,8.98601,18.74112,4.81863,0.02970,-0.03983,0.80671,-0.58886,0.09887,-0.87779,-0.03140,
1703614572998659584,9.00122,18.62643,4.82036,0.02917,-0.04032,0.80631,-0.58940,0.11113,-0.90521,-0.05939,
1703614573132082944,9.01026,18.51543,4.81889,0.02955,-0.04081,0.80606,-0.58969,-0.02398,-0.81806,0.03484,
1703614573265507584,9.01163,18.39920,4.81778,0.02702,-0.03857,0.80737,-0.58816,0.00649,-0.81103,0.02488,
1703614573465705984,9.01786,18.24067,4.82236,0.02284,-0.03566,0.80678,-0.58933,0.12065,-0.79670,-0.00861,
1703614573599173376,9.03502,18.13853,4.82171,0.02423,-0.03797,0.80634,-0.58974,0.13177,-0.78453,0.00185,
1703614573732642816,9.05055,18.03436,4.82228,0.02642,-0.04071,0.80648,-0.58927,-0.00181,-0.79958,0.01634,
1703614573866113536,9.04980,17.92511,4.81926,0.02681,-0.03803,0.80711,-0.58857,0.04947,-0.88258,-0.09093,
1703614573999586816,9.05505,17.81936,4.82129,0.02562,-0.03683,0.80716,-0.58863,0.07385,-0.71477,0.07868,
1703614574133061376,9.07014,17.71077,4.81844,0.02526,-0.03837,0.80774,-0.58775,0.12783,-0.80043,0.01882,
1703614574266535936,9.08478,17.60399,4.82291,0.02708,-0.03898,0.80681,-0.58890,0.16144,-0.82825,0.01653,
1703614574399968256,9.10871,17.48928,4.82042,0.02689,-0.04242,0.80844,-0.58643,0.11927,-0.77577,0.09986,
1703614574533400320,9.12691,17.38573,4.82417,0.02713,-0.04253,0.80705,-0.58832,0.11564,-0.86255,-0.05723,
1703614574733548544,9.14836,17.21739,4.81924,0.02829,-0.04341,0.80826,-0.58654,0.07183,-0.86309,0.00061,
1703614574866980864,9.15528,17.10389,4.82165,0.02782,-0.04279,0.80785,-0.58717,0.04478,-0.85505,0.00065,
1703614575000412928,9.17195,16.98913,4.82581,0.02915,-0.04327,0.80721,-0.58795,0.15158,-0.87794,0.01608,
1703614575133845248,9.18903,16.87362,4.82792,0.03008,-0.04564,0.80635,-0.58891,0.11650,-0.91955,-0.03489,
1703614575267277312,9.20568,16.75363,4.82528,0.03141,-0.04610,0.80675,-0.58826,0.19414,-0.93137,-0.05146,
1703614575467424256,9.22742,16.57461,4.82517,0.03030,-0.04656,0.80697,-0.58798,0.06170,-0.89344,0.00848,
1703614575600855296,9.24012,16.45164,4.82084,0.03115,-0.04590,0.80780,-0.58685,0.11785,-0.90230,-0.01609,
1703614575734286592,9.26174,16.33456,4.82781,0.03036,-0.04875,0.80673,-0.58812,0.11225,-0.86268,0.08450,
1703614575867717632,9.27608,16.22484,4.83270,0.02882,-0.04848,0.80591,-0.58934,0.16267,-0.85647,0.00012,
1703614576001148928,9.30888,16.10488,4.82142,0.03511,-0.05134,0.80734,-0.58679,0.29691,-0.97359,-0.11619,
1703614576134579968,9.32537,15.98741,4.82669,0.03448,-0.05367,0.80653,-0.58774,-0.04006,-0.90409,-0.00794,
1703614576268011008,9.32446,15.86178,4.82381,0.03419,-0.04977,0.80737,-0.58695,0.02423,-0.88747,0.06543,
1703614576401440768,9.33713,15.73411,4.82083,0.03269,-0.04828,0.80754,-0.58693,0.17133,-0.93439,-0.01071,
1703614576534870528,9.36076,15.61095,4.82251,0.03378,-0.05000,0.80632,-0.58839,0.17299,-0.94044,-0.02811,
1703614576668300544,9.38584,15.48517,4.82025,0.03619,-0.05397,0.80681,-0.58723,0.12494,-0.92170,0.03266,
1703614576801730048,9.39237,15.36016,4.82010,0.03614,-0.05243,0.80687,-0.58729,0.05736,-0.99134,-0.03733,
1703614576935159808,9.40793,15.23253,4.81824,0.03347,-0.05128,0.80756,-0.58660,0.18495,-0.93889,-0.00017,
1703614577068589568,9.43887,15.11029,4.81948,0.03500,-0.05356,0.80716,-0.58685,0.23778,-0.94303,-0.02900,
1703614577202018816,9.46663,14.98513,4.81677,0.03796,-0.05720,0.80702,-0.58652,0.15885,-0.95060,0.00361,
1703614577335449344,9.48024,14.85503,4.81579,0.03968,-0.05749,0.80733,-0.58595,0.06892,-0.97063,0.00277,
1703614577468880640,9.49467,14.72513,4.81378,0.03899,-0.05662,0.80763,-0.58567,0.13872,-0.97587,-0.01043,
1703614577602311936,9.51264,14.59575,4.81165,0.03513,-0.05544,0.80893,-0.58423,0.22402,-0.96084,-0.05256,
1703614577735742976,9.53945,14.47161,4.81286,0.03817,-0.05608,0.80666,-0.58712,0.23723,-0.96458,-0.01721,
1703614577869174272,9.57113,14.34194,4.81258,0.04220,-0.06196,0.80696,-0.58583,0.19096,-0.92574,0.04487,
1703614578002605312,9.58760,14.21209,4.81029,0.04313,-0.06263,0.80728,-0.58525,0.06646,-0.97255,0.01754,
1703614578136036608,9.59293,14.08392,4.81504,0.04117,-0.05894,0.80674,-0.58652,0.05301,-1.00009,-0.01855,
1703614578269467904,9.60288,13.95292,4.81451,0.03887,-0.05671,0.80667,-0.58699,0.11810,-0.94508,0.03382,
1703614578402900992,9.62189,13.82135,4.81401,0.03985,-0.05757,0.80676,-0.58672,0.17631,-0.98511,-0.06476,
1703614578536334336,9.63736,13.69049,4.81024,0.03864,-0.05769,0.80659,-0.58702,0.08898,-0.97585,0.01762,
1703614578669767680,9.64509,13.56057,4.81124,0.03686,-0.05559,0.80689,-0.58692,0.05553,-0.96491,-0.00006,
1703614578803200768,9.65722,13.43243,4.81121,0.03607,-0.05499,0.80689,-0.58702,0.14117,-0.95657,0.00109,
1703614578936634112,9.67306,13.30530,4.81012,0.03605,-0.05541,0.80688,-0.58701,0.09647,-0.94862,-0.00775,
1703614579070067456,9.68191,13.17716,4.81186,0.03615,-0.05419,0.80667,-0.58740,0.05333,-0.95934,-0.03045,
1703614579203500800,9.68885,13.05074,4.81074,0.03582,-0.05263,0.80724,-0.58677,0.08709,-0.93191,0.00963,
1703614579336933376,9.69982,12.92743,4.80974,0.03494,-0.05266,0.80701,-0.58715,0.07879,-0.94771,-0.00933,
1703614579470365184,9.71156,12.80077,4.80953,0.03299,-0.05177,0.80697,-0.58739,0.09615,-0.97188,-0.04643,
1703614579603796992,9.72820,12.67705,4.80796,0.03310,-0.05208,0.80732,-0.58688,0.09965,-0.91040,-0.00961,
1703614579737228544,9.73343,12.55387,4.80711,0.03416,-0.05096,0.80757,-0.58657,-0.01277,-0.91797,0.00907,
1703614579870660352,9.73777,12.43210,4.80629,0.03422,-0.04960,0.80816,-0.58587,0.07332,-0.87628,0.01245,
1703614580004091904,9.74677,12.31186,4.80466,0.03347,-0.04880,0.80807,-0.58610,0.09748,-0.92164,-0.04063,
1703614580137523712,9.75739,12.19357,4.80408,0.03311,-0.04906,0.80770,-0.58661,0.03823,-0.87097,0.02018,
1703614580270955520,9.75787,12.07677,4.80682,0.03053,-0.04607,0.80766,-0.58706,-0.01743,-0.87996,-0.03928,
1703614580404386304,9.76978,11.96027,4.80340,0.03183,-0.04553,0.80777,-0.58687,0.20467,-0.93943,-0.09907,
1703614580537816832,9.79008,11.84307,4.80084,0.03303,-0.04815,0.80818,-0.58604,0.13743,-0.87016,-0.01315,
1703614580671247360,9.80045,11.72829,4.80189,0.03280,-0.04737,0.80773,-0.58673,0.02866,-0.89760,-0.01259,
1703614580804677632,9.81040,11.60843,4.79695,0.03091,-0.04676,0.80861,-0.58567,0.12903,-0.84528,0.02806,
1703614580938108160,9.83341,11.49191,4.79712,0.03195,-0.04959,0.80863,-0.58535,0.19386,-0.87053,-0.01256,
1703614581071538688,9.85389,11.37665,4.79742,0.03312,-0.05141,0.80800,-0.58601,0.12486,-0.88543,-0.00752,
1703614581204968960,9.86598,11.26039,4.79579,0.03211,-0.05073,0.80809,-0.58599,0.01390,-0.87253,0.00216,
1703614581338395136,9.86351,11.14304,4.79590,0.03097,-0.04725,0.80840,-0.58592,-0.00443,-0.87919,0.00149,
1703614581471815424,9.87028,11.02563,4.79392,0.03152,-0.04658,0.80869,-0.58555,0.09767,-0.88345,-0.01500,
1703614581605235456,9.88517,10.90812,4.79463,0.03208,-0.04753,0.80837,-0.58587,0.11761,-0.91259,-0.05466,
1703614581738655488,9.90391,10.79012,4.79455,0.03348,-0.04864,0.80854,-0.58546,0.12011,-0.89011,-0.02492,
1703614581872075008,9.91416,10.67165,4.79183,0.03366,-0.04851,0.80858,-0.58541,0.04814,-0.89729,-0.02509,
1703614582005494528,9.92568,10.55233,4.79170,0.03315,-0.04764,0.80844,-0.58571,0.14536,-0.91031,-0.06029,
1703614582138913536,9.94440,10.43304,4.78891,0.03352,-0.04910,0.80905,-0.58472,0.11214,-0.85801,0.04331,
1703614582272331776,9.95488,10.31552,4.78860,0.03469,-0.04826,0.80895,-0.58487,0.02878,-0.86670,0.00248,
1703614582405765888,9.96360,10.19719,4.78870,0.03477,-0.04779,0.80865,-0.58531,0.09374,-0.91024,-0.05650,
1703614582539200512,9.97613,10.08056,4.78742,0.03420,-0.04844,0.80878,-0.58512,0.07185,-0.85557,0.01749,
1703614582672635136,9.98494,9.96240,4.78786,0.03262,-0.04667,0.80831,-0.58600,0.08778,-0.92857,-0.04199,
1703614582806069504,10.00035,9.84430,4.78772,0.03222,-0.04749,0.80850,-0.58570,0.13769,-0.87676,0.00665,
1703614582939504384,10.02146,9.72628,4.78568,0.03274,-0.04975,0.80846,-0.58553,0.15559,-0.90273,-0.01289,
1703614583072939008,10.04250,9.60950,4.78570,0.03357,-0.05136,0.80818,-0.58573,0.12752,-0.88567,-0.06489,
1703614583206373632,10.05199,9.48901,4.77768,0.03452,-0.05071,0.80916,-0.58438,-0.01289,-0.86471,0.05683,
1703614583339809536,10.04702,9.36728,4.77658,0.03437,-0.04734,0.80992,-0.58362,-0.04917,-0.90290,-0.01289,
1703614583473246464,10.04852,9.25309,4.78562,0.03244,-0.04528,0.80826,-0.58619,0.04719,-0.89003,-0.03487,
1703614583606683392,10.06214,9.13728,4.78497,0.03251,-0.04575,0.80888,-0.58529,0.15488,-0.79948,0.04309,
1703614583740120832,10.07291,9.02718,4.78717,0.03107,-0.04608,0.80781,-0.58682,0.06803,-0.90554,-0.10332,
1703614583873558272,10.08701,8.91768,4.78911,0.03186,-0.04678,0.80796,-0.58651,0.09124,-0.77166,0.11968,
1703614584006995968,10.10267,8.80932,4.78914,0.03250,-0.04718,0.80743,-0.58717,0.12640,-0.83797,-0.01568,
1703614584140433664,10.12052,8.70179,4.79089,0.03400,-0.04897,0.80645,-0.58829,0.09545,-0.88164,-0.09080,
1703614584273871872,10.13512,8.58508,4.78459,0.03671,-0.04909,0.80748,-0.58670,0.09292,-0.88768,-0.04674,
1703614584407300096,10.14691,8.46676,4.77962,0.03660,-0.04812,0.80817,-0.58583,0.05608,-0.91061,-0.05094,
1703614584540728320,10.15786,8.34533,4.77451,0.03688,-0.04783,0.80870,-0.58511,0.08701,-0.88290,0.04069,
1703614584674156288,10.16942,8.22164,4.77191,0.03710,-0.04752,0.80887,-0.58489,0.05274,-0.90724,-0.01284,
1703614584807584256,10.17967,8.10192,4.77415,0.03458,-0.04671,0.80819,-0.58605,0.12084,-0.90038,0.00344,
1703614584941012224,10.19920,7.98643,4.77677,0.03566,-0.04798,0.80772,-0.58653,0.12104,-0.83731,0.06856,
1703614585074439936,10.21480,7.87153,4.77919,0.03723,-0.04871,0.80696,-0.58742,0.09118,-0.92025,-0.08481,
1703614585207867648,10.22025,7.75489,4.78045,0.03776,-0.04680,0.80689,-0.58763,0.04591,-0.91141,-0.04326,
1703614585341297920,10.23436,7.63290,4.77315,0.03879,-0.04734,0.80858,-0.58520,0.10294,-0.86799,0.01901,
1703614585474731520,10.25153,7.51365,4.77216,0.03887,-0.04741,0.80854,-0.58524,0.12983,-0.95219,-0.09734,
1703614585608165120,10.26484,7.39820,4.77371,0.03679,-0.04692,0.80883,-0.58502,0.10377,-0.80159,0.05638,
1703614585741598720,10.28038,7.28722,4.77174,0.03843,-0.04782,0.80945,-0.58397,0.09418,-0.81820,0.01427,
1703614585941748992,10.29584,7.12842,4.77615,0.03764,-0.04669,0.80849,-0.58545,0.09216,-0.83357,-0.02323,
1703614586075182592,10.31155,7.02492,4.77749,0.03795,-0.04669,0.80767,-0.58656,0.13626,-0.81135,-0.01741,
1703614586208616192,10.32815,6.91517,4.77888,0.03914,-0.04843,0.80756,-0.58649,0.11070,-0.81791,0.01566,
1703614586342049024,10.33953,6.80868,4.78399,0.03958,-0.04831,0.80600,-0.58861,0.11130,-0.84124,-0.00359,
1703614586475481088,10.35524,6.69478,4.78251,0.03963,-0.04809,0.80684,-0.58747,0.10167,-0.80765,0.03960,
1703614586608912896,10.37019,6.58397,4.78296,0.04044,-0.04808,0.80616,-0.58836,0.12445,-0.88449,-0.07187,
1703614586742344704,10.38364,6.46987,4.78012,0.03958,-0.04829,0.80719,-0.58698,0.08235,-0.81416,0.02406,
1703614586875776512,10.40353,6.35940,4.77788,0.03993,-0.05003,0.80792,-0.58581,0.11855,-0.77250,0.04148,
1703614587009208576,10.41681,6.25341,4.77964,0.03996,-0.04927,0.80739,-0.58659,0.11409,-0.81030,-0.02985,
1703614587142640640,10.43085,6.14594,4.77625,0.04132,-0.04955,0.80755,-0.58626,0.07145,-0.77121,0.03329,
1703614587276072704,10.44133,6.04080,4.77810,0.04186,-0.04880,0.80631,-0.58798,0.08235,-0.83562,-0.02347,
1703614587409504000,10.45712,5.93254,4.78314,0.04047,-0.04893,0.80595,-0.58857,0.07704,-0.75955,0.07498,
1703614587542934784,10.46778,5.82379,4.78076,0.04236,-0.04754,0.80617,-0.58825,0.11876,-0.83982,-0.03005,
1703614587676365568,10.47908,5.71912,4.78270,0.04121,-0.04810,0.80653,-0.58779,0.06029,-0.77131,0.01994,
1703614587809796608,10.49299,5.61455,4.78197,0.04132,-0.04806,0.80625,-0.58817,0.13120,-0.82689,-0.02847,
1703614587943227648,10.50793,5.51199,4.78693,0.04157,-0.04820,0.80601,-0.58847,0.13757,-0.75333,0.04081,
1703614588076658432,10.52373,5.40955,4.78565,0.04143,-0.04973,0.80636,-0.58788,0.09948,-0.76621,-0.02394,
1703614588210089472,10.54148,5.30868,4.78516,0.04264,-0.05023,0.80615,-0.58803,0.13666,-0.74594,0.01201,
1703614588343520512,10.55425,5.21035,4.78800,0.04211,-0.05019,0.80551,-0.58895,0.04501,-0.74172,0.02872,
1703614588476951808,10.56387,5.11214,4.78995,0.04116,-0.04925,0.80506,-0.58970,0.08885,-0.71667,0.02356,
1703614588610383360,10.58000,5.01322,4.79084,0.04142,-0.05072,0.80483,-0.58988,0.13321,-0.74845,-0.01384,
1703614588743814656,10.60215,4.91576,4.79153,0.04228,-0.05282,0.80432,-0.59033,0.19576,-0.74120,0.00322,
1703614588877246208,10.62296,4.81934,4.79500,0.04226,-0.05482,0.80323,-0.59163,0.10416,-0.75602,0.00650,
1703614589010677504,10.63823,4.71385,4.78922,0.04178,-0.05498,0.80441,-0.59005,0.07663,-0.75998,0.02718,
1703614589144108800,10.65179,4.60919,4.78966,0.04361,-0.05468,0.80381,-0.59076,0.08258,-0.85567,-0.06206,
1703614589277540096,10.65914,4.49872,4.78645,0.04368,-0.05383,0.80436,-0.59009,0.04728,-0.83111,-0.00130,
1703614589410971392,10.66835,4.38250,4.78114,0.04549,-0.05207,0.80517,-0.58900,0.07723,-0.86286,-0.02879,
1703614589544402944,10.67666,4.27119,4.78406,0.04448,-0.05117,0.80550,-0.58871,0.03154,-0.76448,0.07159,
1703614589677833984,10.68588,4.16146,4.78548,0.04339,-0.05030,0.80501,-0.58952,0.09086,-0.81836,0.00729,
1703614589811265536,10.70107,4.05263,4.78671,0.04280,-0.05136,0.80490,-0.58963,0.09946,-0.77886,0.03783,
1703614589944696320,10.71234,3.94888,4.79032,0.04380,-0.05100,0.80390,-0.59095,0.10374,-0.81957,-0.02025,
1703614590078127616,10.72605,3.84140,4.78782,0.04318,-0.05147,0.80411,-0.59067,0.09142,-0.82325,-0.03072,
1703614590278275328,10.74576,3.68123,4.78846,0.04254,-0.04997,0.80436,-0.59051,0.11359,-0.77007,0.02797,
1703614590478414592,10.76770,3.52148,4.78685,0.04373,-0.05145,0.80503,-0.58938,0.06972,-0.79604,-0.00989,
1703614590611840768,10.77142,3.41686,4.78616,0.04154,-0.04912,0.80538,-0.58926,0.04829,-0.78360,-0.00753,
1703614590745266688,10.78620,3.31064,4.78758,0.03926,-0.04865,0.80522,-0.58968,0.18877,-0.82907,-0.03847,
1703614590878692608,10.81362,3.20383,4.78586,0.04157,-0.05234,0.80579,-0.58842,0.14932,-0.79127,0.02193,
1703614591012118272,10.82520,3.09480,4.78872,0.03976,-0.05284,0.80557,-0.58880,0.05484,-0.83636,-0.00053,
1703614591212257024,10.83432,2.92591,4.79182,0.03962,-0.04953,0.80514,-0.58968,0.05405,-0.83516,0.00709,
1703614591345686528,10.84722,2.81412,4.79815,0.03957,-0.04960,0.80384,-0.59145,0.07910,-0.82096,0.07267,
1703614591479120640,10.86179,2.69636,4.79643,0.04099,-0.05015,0.80370,-0.59150,0.14544,-0.91394,-0.07600,
1703614591612555264,10.87446,2.57556,4.79374,0.03918,-0.04948,0.80466,-0.59037,0.05360,-0.86346,0.02654,
1703614591745989632,10.88160,2.45762,4.79566,0.03662,-0.04725,0.80480,-0.59052,0.08023,-0.87657,-0.02597,
1703614591879424000,10.89537,2.33867,4.78926,0.03614,-0.04773,0.80633,-0.58842,0.08587,-0.85394,0.00203,
1703614592012858624,10.90607,2.22493,4.79037,0.03857,-0.04793,0.80591,-0.58883,0.05252,-0.88621,-0.04831,
1703614592146293248,10.90892,2.10671,4.78889,0.03778,-0.04603,0.80628,-0.58853,-0.00374,-0.86969,0.01944,
1703614592279727616,10.90790,1.99592,4.79584,0.03564,-0.04273,0.80548,-0.59001,-0.03137,-0.84273,0.01037,
1703614592413160448,10.91260,1.88290,4.79338,0.03715,-0.04075,0.80588,-0.58950,0.06577,-0.84618,0.07664,
1703614592546593536,10.91930,1.77093,4.79984,0.03569,-0.04073,0.80468,-0.59123,0.04354,-0.87221,0.02021,
1703614592746743040,10.93999,1.59753,4.80286,0.02988,-0.04102,0.80437,-0.59195,0.14314,-0.89200,-0.05923,
1703614592880175872,10.94919,1.47686,4.80172,0.03008,-0.04051,0.80443,-0.59190,-0.02006,-0.90904,0.04528,
1703614593013608960,10.93844,1.35664,4.80233,0.02830,-0.03677,0.80476,-0.59178,-0.16574,-0.85771,0.04266,
1703614593147041792,10.91944,1.23134,4.79853,0.02465,-0.03059,0.80586,-0.59080,-0.15290,-0.94526,-0.03821,
1703614593280474880,10.90809,1.11177,4.80531,0.01894,-0.02620,0.80532,-0.59196,-0.06263,-0.90715,-0.00445,
1703614593413907200,10.90728,0.99560,4.80843,0.01664,-0.02218,0.80529,-0.59223,0.12054,-0.78038,0.13918,
1703614593547339776,10.93655,0.88111,4.81114,0.02130,-0.02745,0.80382,-0.59386,0.30304,-0.92334,-0.04830,
1703614593680772352,10.97156,0.76202,4.81283,0.02561,-0.03479,0.80306,-0.59433,0.24834,-0.94308,-0.03398,
1703614593814204928,10.99989,0.63690,4.81157,0.02798,-0.03760,0.80331,-0.59372,0.21249,-0.96484,-0.01198,
1703614594014353664,11.06211,0.43334,4.79213,0.03180,-0.04599,0.80624,-0.58895,0.29395,-1.06327,-0.07777,
1703614594147786496,11.09378,0.31622,4.81446,0.03576,-0.04905,0.80299,-0.59290,0.19504,-0.84332,0.16629,
1703614594281219072,11.11511,0.19836,4.81773,0.03734,-0.04975,0.80331,-0.59230,0.16297,-0.84359,0.07285,
1703614594414653696,11.14075,0.08436,4.82336,0.03897,-0.05216,0.80255,-0.59302,0.21187,-0.84632,-0.00680,
1703614594548089088,11.17845,-0.02964,4.82140,0.04274,-0.05562,0.80216,-0.59298,0.33507,-0.85859,-0.00965,
1703614594681524480,11.23576,-0.14351,4.82260,0.04828,-0.06465,0.80225,-0.59150,0.45739,-0.80771,0.05751,
1703614594814960128,11.29624,-0.25574,4.82223,0.05384,-0.07367,0.80150,-0.59099,0.45975,-0.82910,0.03446,
1703614594948395520,11.35797,-0.36775,4.82076,0.05943,-0.08123,0.80081,-0.59040,0.45389,-0.88538,-0.09219,
1703614595081831168,11.41773,-0.47706,4.82336,0.05941,-0.08789,0.80049,-0.58988,0.39683,-0.79031,0.02466,
1703614595215267072,11.47172,-0.58687,4.81932,0.06313,-0.09303,0.80100,-0.58801,0.34562,-0.81099,-0.05945,
1703614595348702464,11.51305,-0.70420,4.80675,0.06561,-0.09686,0.80299,-0.58440,0.17916,-0.82936,0.01708,
1703614595482136576,11.53632,-0.81953,4.80698,0.06504,-0.09673,0.80261,-0.58500,0.10701,-0.88313,-0.02815,
1703614595682287616,11.56439,-0.98652,4.81157,0.06700,-0.09453,0.80188,-0.58614,0.17165,-0.83685,-0.00238,
1703614595815721984,11.58156,-1.10530,4.81092,0.06607,-0.09355,0.80113,-0.58743,0.10395,-0.99197,-0.12355,
1703614595949156096,11.59414,-1.24081,4.79972,0.05804,-0.08942,0.80510,-0.58349,0.07906,-0.94767,0.02047,
1703614596082590464,11.61020,-1.36240,4.79826,0.05082,-0.08669,0.80663,-0.58245,0.12235,-0.86241,0.01382,
1703614596216024832,11.61947,-1.48287,4.79591,0.04792,-0.08558,0.80679,-0.58264,-0.00987,-0.93738,-0.02172,
1703614596349458944,11.60180,-1.61276,4.79161,0.04476,-0.07868,0.80754,-0.58283,-0.23017,-0.99962,-0.07461,
1703614596549609216,11.53508,-1.81484,4.78881,0.03201,-0.06023,0.80991,-0.58257,-0.39489,-1.02531,-0.03715,
1703614596683042816,11.48934,-1.95139,4.78962,0.02568,-0.04866,0.81015,-0.58364,-0.32242,-1.04286,-0.04400,
1703614596816476416,11.43747,-2.08910,4.78540,0.01931,-0.03655,0.81090,-0.58373,-0.40940,-1.04433,-0.06122,
1703614596949910272,11.37693,-2.21988,4.78192,0.01009,-0.02422,0.81239,-0.58252,-0.51300,-0.88585,0.05867,
1703614597083343872,11.29250,-2.33702,4.79142,-0.00540,-0.00700,0.80937,-0.58723,-0.67090,-0.86375,0.05089,
1703614597216777472,11.19734,-2.46221,4.78612,-0.01920,0.01028,0.80941,-0.58684,-0.66844,-0.86352,0.03292,
1703614597350209280,11.10593,-2.57706,4.79132,-0.02981,0.02427,0.80750,-0.58861,-0.74201,-0.82915,-0.08277,
1703614597483636736,10.99585,-2.68705,4.78248,-0.04015,0.04184,0.80674,-0.58805,-0.90341,-0.80486,-0.05358,
1703614597617063680,10.86594,-2.78938,4.77921,-0.05647,0.06563,0.80621,-0.58526,-0.94894,-0.67948,0.01492,
1703614597750490624,10.74955,-2.88476,4.77851,-0.07267,0.08432,0.80380,-0.58440,-0.74974,-0.67392,0.06148,
1703614597883917312,10.63731,-2.97708,4.77836,-0.08453,0.09996,0.80119,-0.58392,-0.93275,-0.67677,-0.07876,
1703614598017343744,10.49882,-3.05712,4.77773,-0.09873,0.12006,0.79824,-0.58193,-1.13229,-0.48064,0.00859,
1703614598150769920,10.34750,-3.12760,4.77169,-0.11510,0.14305,0.79530,-0.57774,-1.02477,-0.52244,0.01566,
1703614598284195840,10.21636,-3.20357,4.77162,-0.12949,0.15976,0.79108,-0.57611,-0.94440,-0.59005,-0.03603,
1703614598484345600,10.01625,-3.30115,4.76609,-0.14525,0.18470,0.78707,-0.57035,-1.03566,-0.33761,0.01341,
1703614598617779968,9.87722,-3.34401,4.76837,-0.15679,0.20294,0.78168,-0.56852,-0.99557,-0.29846,0.00165,
1703614598751214336,9.74592,-3.38280,4.77302,-0.16861,0.21933,0.77623,-0.56652,-1.02195,-0.27919,-0.03449,
1703614598884648960,9.61159,-3.41666,4.76910,-0.17906,0.23724,0.77143,-0.56263,-1.03840,-0.24297,-0.03977,
1703614599018083328,9.47427,-3.44026,4.76906,-0.19200,0.25526,0.76633,-0.55743,-1.01372,-0.11924,0.07677,
1703614599151518208,9.34365,-3.46012,4.77116,-0.20473,0.27117,0.76071,-0.55306,-0.90512,-0.17142,0.01947,
1703614599284952576,9.21997,-3.48414,4.77604,-0.21704,0.28409,0.75496,-0.54974,-0.95087,-0.18823,-0.05940,
1703614599418388224,9.09661,-3.49817,4.77337,-0.22685,0.29772,0.75007,-0.54525,-0.96493,-0.09405,-0.07987,
1703614599551824128,8.97687,-3.50394,4.77856,-0.23812,0.31210,0.74331,-0.54164,-0.93167,-0.05525,0.01318,
1703614599685259776,8.84633,-3.50597,4.78029,-0.24979,0.32646,0.73648,-0.53724,-0.91981,0.00266,0.03843,
1703614599818695936,8.71428,-3.51063,4.77681,-0.25961,0.34012,0.73133,-0.53110,-0.92298,0.00398,0.04614,
1703614599952132352,8.57876,-3.50279,4.77486,-0.26659,0.35531,0.72489,-0.52652,-0.96721,0.07565,0.02254,
1703614600152286976,8.37623,-3.47582,4.77667,-0.28257,0.37810,0.71219,-0.51960,-0.99364,0.19489,0.06710,
1703614600285723648,8.24129,-3.45080,4.78016,-0.29567,0.39322,0.70304,-0.51351,-0.98246,0.18744,0.04965,
1703614600419156480,8.11226,-3.42608,4.78150,-0.30710,0.40743,0.69468,-0.50706,-0.97207,0.17162,0.02456,
1703614600552588544,7.97584,-3.39830,4.77709,-0.31737,0.42169,0.68699,-0.49951,-1.03396,0.23564,-0.02820,
1703614600686020096,7.83795,-3.35711,4.78111,-0.32880,0.43720,0.67598,-0.49376,-1.07123,0.38802,-0.08759,
1703614600819451904,7.69813,-3.30008,4.77784,-0.33827,0.45514,0.66554,-0.48526,-1.02064,0.44373,0.07443,
1703614600952883456,7.56622,-3.24346,4.78163,-0.34762,0.47002,0.65471,-0.47915,-0.92612,0.39601,0.09739,
1703614601086315264,7.43065,-3.18856,4.77859,-0.35679,0.48565,0.64491,-0.47003,-1.02803,0.43413,-0.08839,
1703614601219746816,7.30159,-3.13134,4.77615,-0.36719,0.49888,0.63477,-0.46190,-0.93253,0.47885,-0.03493,
1703614601353180416,7.17950,-3.06522,4.78061,-0.37656,0.51178,0.62329,-0.45585,-0.87446,0.54309,0.04181,
1703614601486618624,7.06089,-2.97994,4.77976,-0.38771,0.52701,0.61037,-0.44653,-0.86929,0.70604,-0.04061,
1703614601620056576,6.94617,-2.89221,4.78114,-0.39677,0.54135,0.59793,-0.43816,-0.85373,0.58159,-0.05100,
1703614601753495296,6.83201,-2.81590,4.77286,-0.40438,0.55413,0.58844,-0.42797,-0.88607,0.57803,-0.10188,
1703614601886933504,6.71784,-2.72994,4.77144,-0.41482,0.56646,0.57646,-0.41802,-0.79577,0.71598,0.04495,
1703614602020372736,6.60774,-2.62270,4.77325,-0.42490,0.58090,0.56156,-0.40824,-0.77576,0.82609,0.03850,
1703614602153811456,6.50442,-2.50417,4.77283,-0.43541,0.59469,0.54670,-0.39735,-0.79173,0.92183,-0.03410,
1703614602287250688,6.40287,-2.39057,4.77555,-0.44432,0.60625,0.53259,-0.38908,-0.78109,0.83497,-0.06914,
1703614602420682752,6.30134,-2.26773,4.77431,-0.45441,0.61957,0.51747,-0.37666,-0.70485,0.91522,0.03961,
1703614602554113024,6.19797,-2.13915,4.76608,-0.46157,0.63349,0.50198,-0.36560,-0.70458,0.85800,0.04756,
1703614602754258688,6.05592,-1.94910,4.76454,-0.47316,0.64915,0.48136,-0.35074,-0.62975,1.11062,-0.04946,
1703614602887688704,5.97832,-1.79422,4.76463,-0.48326,0.66228,0.46206,-0.33816,-0.58162,1.21284,-0.04934,
1703614603021118976,5.90367,-1.63673,4.76609,-0.49240,0.67484,0.44344,-0.32480,-0.48931,1.11594,0.07862,
1703614603154549248,5.82470,-1.48434,4.75987,0.50057,-0.68565,-0.42740,0.31088,-0.61138,1.11870,-0.05932,
1703614603287979008,5.76127,-1.33304,4.76853,0.51057,-0.69511,-0.40894,0.29817,-0.44467,1.15837,-0.02677,
1703614603421410560,5.71324,-1.17452,4.76764,0.51802,-0.70558,-0.39081,0.28473,-0.29922,1.26838,0.02655,
1703614603554842112,5.68277,-1.00413,4.77547,0.52648,-0.71605,-0.36879,0.27217,-0.17123,1.19275,0.13316,
1703614603688274176,5.65317,-0.82700,4.77474,0.53472,-0.72632,-0.34843,0.25520,-0.21398,1.23384,0.02203,
1703614603821705984,5.62000,-0.65324,4.76722,0.53929,-0.73549,-0.33045,0.24293,-0.21767,1.25851,-0.01881,
1703614603955137792,5.59959,-0.48581,4.77780,0.54766,-0.74102,-0.31135,0.23239,-0.06797,1.33822,0.01930,
1703614604088569600,5.59699,-0.31243,4.77869,0.55537,-0.74924,-0.28946,0.21543,-0.01414,1.26395,0.05141,
1703614604288717312,5.56934,-0.07201,4.78434,0.56387,-0.75714,-0.26778,0.19259,-0.24015,1.20329,-0.11448,
1703614604422149888,5.54683,0.07484,4.78640,0.56656,-0.76149,-0.25471,0.18510,-0.15920,1.04993,0.06685,
1703614604555582720,5.53908,0.22513,4.78418,0.56970,-0.76640,-0.24021,0.17427,0.04462,1.21297,-0.01291,
1703614604689015552,5.54441,0.38773,4.78035,0.57157,-0.77249,-0.22233,0.16473,0.02887,1.23153,-0.08451,
1703614604822448384,5.54729,0.54265,4.78243,0.57265,-0.77658,-0.20781,0.16066,0.00613,1.05802,0.14997,
1703614604955881472,5.54273,0.68291,4.79066,0.57694,-0.77757,-0.19839,0.15222,-0.05213,1.14996,-0.07910,
1703614605089314560,5.52346,0.83378,4.77613,0.57764,-0.78229,-0.18893,0.13660,-0.26340,1.16459,-0.10279,
1703614605222747648,5.48118,0.98154,4.77603,0.57755,-0.78520,-0.18213,0.12938,-0.33909,0.99876,0.12128,
1703614605356180224,5.44290,1.11659,4.78160,0.57979,-0.78442,-0.17942,0.12785,-0.17223,1.21591,-0.11610,
1703614605489612544,5.44515,1.27148,4.78862,0.58053,-0.78660,-0.16751,0.12719,0.15830,1.23460,0.04635,
1703614605623044608,5.45273,1.42970,4.79296,0.58284,-0.78875,-0.15483,0.11915,0.00399,1.20468,-0.02300,
1703614605756477184,5.43474,1.58371,4.79361,0.58433,-0.79079,-0.14604,0.10905,-0.19493,1.09674,0.02146,
1703614605889909248,5.38476,1.72397,4.78587,0.58066,-0.79407,-0.14505,0.10606,-0.49410,0.96972,0.02197,
1703614606023341568,5.32731,1.85536,4.78242,0.57980,-0.79414,-0.14878,0.10504,-0.31403,1.03306,-0.01985,
1703614606156773632,5.29979,2.00078,4.77853,0.57798,-0.79679,-0.14431,0.10116,-0.09792,1.11347,-0.09248,
1703614606290205696,5.29698,2.14013,4.78315,0.58125,-0.79607,-0.13557,0.10022,0.11630,1.05573,0.06825,
1703614606423635200,5.31212,2.29088,4.77699,0.58085,-0.79803,-0.12711,0.09798,0.15474,1.17847,-0.01865,
1703614606557063936,5.33300,2.44704,4.77667,0.58315,-0.79975,-0.11464,0.08484,0.10980,1.15633,-0.04768,
1703614606690492416,5.32583,2.59789,4.76967,0.58017,-0.80392,-0.10483,0.07825,-0.21360,1.02628,0.08968,
1703614606823920640,5.28887,2.73911,4.76636,0.58000,-0.80365,-0.10699,0.07938,-0.29842,1.17869,-0.19168,
1703614606957348608,5.26527,2.88812,4.76585,0.58008,-0.80349,-0.10705,0.08029,-0.06764,1.10506,0.11551,
1703614607090776576,5.25630,3.04408,4.76143,0.57921,-0.80521,-0.10085,0.07730,-0.09863,1.15714,0.01264,
1703614607224204288,5.23265,3.19828,4.75696,0.57831,-0.80653,-0.09771,0.07430,-0.24223,1.14820,-0.01735,
1703614607357633024,5.19454,3.34836,4.75720,0.57832,-0.80634,-0.09881,0.07487,-0.35223,1.17194,-0.03792,
1703614607557781248,5.12750,3.57073,4.76049,0.57929,-0.80518,-0.10171,0.07591,-0.30911,1.08984,0.07074,
1703614607691213056,5.09167,3.72277,4.76386,0.58023,-0.80452,-0.10040,0.07751,-0.22716,1.17028,-0.07069,
1703614607824645376,5.06561,3.87456,4.77128,0.58277,-0.80259,-0.09971,0.07934,-0.21202,1.18057,-0.01247,
1703614607958077440,5.03665,4.02918,4.76773,0.58195,-0.80351,-0.09794,0.07813,-0.27201,1.07098,0.08778,
1703614608091509248,4.98998,4.18447,4.76616,0.58161,-0.80365,-0.09824,0.07888,-0.43256,1.16981,-0.07702,
1703614608224941568,4.93768,4.33502,4.76508,0.58203,-0.80235,-0.10283,0.08301,-0.35877,1.11453,0.02558,
1703614608358373632,4.90311,4.48503,4.76629,0.58183,-0.80240,-0.10334,0.08336,-0.20352,1.13694,0.02514,
1703614608491805184,4.86408,4.63977,4.76364,0.58210,-0.80244,-0.10316,0.08128,-0.32917,1.15353,0.00006,
1703614608625236992,4.81959,4.78784,4.76468,0.58242,-0.80194,-0.10457,0.08211,-0.42815,1.12756,-0.04827,
1703614608758668544,4.77994,4.93395,4.76787,0.58240,-0.80156,-0.10593,0.08418,-0.21813,1.06638,0.05992,
1703614608892100352,4.75604,5.08377,4.76780,0.58222,-0.80222,-0.10425,0.08118,-0.04690,1.13244,-0.02608,
1703614609092248064,4.75000,5.30151,4.77074,0.58404,-0.80258,-0.09606,0.07439,-0.02261,1.00790,0.08621,
1703614609225679616,4.74470,5.44438,4.76801,0.58263,-0.80413,-0.09190,0.07395,-0.03187,1.01533,0.04660,
1703614609359111168,4.75323,5.58247,4.76229,0.58324,-0.80477,-0.08628,0.06878,0.18167,1.06193,-0.01874,
1703614609492540928,4.77855,5.72354,4.76024,0.58306,-0.80667,-0.07513,0.06064,0.23311,1.00364,-0.05453,
1703614609625970688,4.80379,5.85812,4.75774,0.58412,-0.80716,-0.06541,0.05501,0.12773,1.01435,0.01636,
1703614609759400448,4.81311,5.99420,4.75235,0.58327,-0.80839,-0.06146,0.05034,0.02445,0.96700,0.01048,
1703614609892829952,4.81538,6.12583,4.75256,0.58289,-0.80917,-0.05858,0.04517,-0.01378,0.97966,-0.02164,
1703614610026259456,4.80864,6.25174,4.75166,0.58400,-0.80866,-0.05657,0.04256,-0.06041,0.99760,-0.10737,
1703614610159688960,4.80582,6.37140,4.75416,0.58454,-0.80850,-0.05509,0.04021,0.02367,0.90310,-0.02449,
1703614610293118464,4.82285,6.49294,4.74939,0.58340,-0.80976,-0.05032,0.03741,0.20410,0.89297,0.00475,
1703614610426545408,4.85176,6.60882,4.74848,0.58321,-0.81051,-0.04276,0.03342,0.24728,0.82973,0.00575,
1703614610559971072,4.88490,6.72615,4.75073,0.58342,-0.81089,-0.03472,0.02961,0.24256,0.81198,0.07842,
1703614610693396736,4.91079,6.83690,4.75063,0.58429,-0.81060,-0.02946,0.02582,0.18647,0.89854,-0.07335,
1703614610826822400,4.92735,6.94526,4.75501,0.58431,-0.81079,-0.02502,0.02408,0.10469,0.80476,0.02591,
1703614610960247552,4.93778,7.05839,4.75241,0.58464,-0.81071,-0.02162,0.02166,0.03082,0.85938,-0.00932,
1703614611093672704,4.93971,7.16814,4.75462,0.58517,-0.81044,-0.02021,0.01909,-0.00088,0.86719,-0.03084,
1703614611227098112,4.93658,7.27302,4.75925,0.58627,-0.80971,-0.02003,0.01626,-0.03548,0.79925,0.00524,
1703614611360524288,4.92403,7.37824,4.75726,0.58701,-0.80908,-0.02164,0.01835,-0.20396,0.87685,-0.08019,
1703614611493954816,4.90155,7.48822,4.75676,0.58660,-0.80909,-0.02684,0.02337,-0.06857,0.86406,0.00325,
1703614611627384832,4.90282,7.60422,4.75853,0.58725,-0.80870,-0.02540,0.02239,0.06294,0.90086,0.02224,
1703614611760815360,4.89538,7.72272,4.76103,0.58780,-0.80832,-0.02504,0.02189,-0.12332,0.89911,0.00590,
1703614611894245888,4.87685,7.84496,4.75975,0.58664,-0.80903,-0.02773,0.02355,-0.10863,0.92913,0.00576,
1703614612027676160,4.86936,7.96438,4.76379,0.58777,-0.80828,-0.02793,0.02080,0.06291,0.92790,-0.04184,
1703614612161106432,4.87734,8.08831,4.76096,0.58741,-0.80876,-0.02282,0.01834,0.04498,0.93123,0.02905,
1703614612294536704,4.87990,8.21225,4.76391,0.58818,-0.80827,-0.02104,0.01734,-0.00175,0.91914,0.04160,
1703614612427975680,4.86751,8.33707,4.76652,0.58780,-0.80843,-0.02355,0.01970,-0.14472,0.96302,-0.00197,
1703614612561417728,4.85343,8.46155,4.76793,0.58830,-0.80799,-0.02572,0.01998,-0.05580,0.95510,0.02040,
1703614612694860288,4.85457,8.58934,4.76912,0.58806,-0.80822,-0.02413,0.01965,0.04558,0.98386,-0.02918,
1703614612828302592,4.85639,8.71505,4.76923,0.58810,-0.80823,-0.02295,0.01923,-0.03247,0.96242,0.02872,
1703614612961745408,4.85336,8.84118,4.76867,0.58761,-0.80860,-0.02304,0.01891,-0.03424,0.98861,-0.06568,
1703614613095188736,4.84831,8.96716,4.77055,0.58729,-0.80888,-0.02285,0.01686,-0.01899,0.91753,0.06502,
1703614613228632320,4.84298,9.09639,4.77107,0.58813,-0.80827,-0.02237,0.01754,-0.03175,0.96272,0.01505,
1703614613362072320,4.84665,9.22447,4.77711,0.58978,-0.80705,-0.02147,0.01944,0.04839,1.03677,-0.08376,
1703614613495501568,4.85180,9.35767,4.77502,0.58873,-0.80790,-0.01988,0.01765,0.03378,0.97902,-0.01035,
1703614613628930304,4.84531,9.49225,4.77429,0.58929,-0.80749,-0.01969,0.01764,-0.11684,1.03059,0.01704,
1703614613762359296,4.82602,9.62251,4.77515,0.58966,-0.80710,-0.02366,0.01805,-0.12408,0.99184,0.00525,
1703614613895788544,4.80894,9.75915,4.76900,0.58835,-0.80793,-0.02593,0.02058,-0.03684,1.00690,0.02936,
1703614614029217024,4.81537,9.88909,4.77630,0.58975,-0.80695,-0.02275,0.02254,0.10040,0.97730,0.03396,
1703614614162645760,4.82174,10.01839,4.77919,0.58992,-0.80688,-0.02066,0.02241,-0.02465,0.98459,0.00678,
1703614614296074496,4.80799,10.14921,4.77537,0.58797,-0.80830,-0.02163,0.02199,-0.24172,0.94391,0.02904,
1703614614429503488,4.76511,10.27049,4.78108,0.58963,-0.80673,-0.02932,0.02556,-0.40264,0.93541,0.00359,
1703614614562932480,4.71190,10.38883,4.78252,0.58894,-0.80670,-0.03858,0.02996,-0.32940,0.88501,0.06949,
1703614614696361472,4.67127,10.50666,4.78580,0.59047,-0.80513,-0.04417,0.03388,-0.32453,0.97998,-0.08584,
1703614614896504832,4.59146,10.68964,4.78564,0.58796,-0.80577,-0.05567,0.04393,-0.44359,0.88273,0.03831,
1703614615029933824,4.53910,10.80833,4.78877,0.58807,-0.80478,-0.06351,0.04972,-0.32023,0.93993,-0.08305,
1703614615163362560,4.50306,10.92791,4.78981,0.58731,-0.80476,-0.06706,0.05413,-0.19476,0.89899,0.01332,
1703614615296791296,4.47684,11.04928,4.79175,0.58742,-0.80452,-0.06811,0.05520,-0.19630,0.94028,-0.04302,
1703614615430219776,4.44947,11.17114,4.79019,0.58612,-0.80539,-0.06918,0.05502,-0.22659,0.87277,0.04525,
1703614615563648768,4.41827,11.29388,4.78959,0.58645,-0.80487,-0.07142,0.05615,-0.23198,0.96098,-0.04194,
1703614615697076992,4.39496,11.41727,4.79609,0.58751,-0.80396,-0.07243,0.05681,-0.10154,0.88402,0.03718,
1703614615830505728,4.37833,11.53990,4.79194,0.58619,-0.80502,-0.07138,0.05686,-0.16456,0.91826,0.00036,
1703614615963934208,4.34872,11.65767,4.79214,0.58597,-0.80495,-0.07389,0.05691,-0.25571,0.84369,-0.01734,
1703614616097362176,4.32091,11.77324,4.79066,0.58547,-0.80513,-0.07481,0.05819,-0.15658,0.82244,0.10433,
1703614616230790656,4.30866,11.88544,4.79446,0.58632,-0.80479,-0.07290,0.05679,-0.03289,0.86042,-0.01244,
1703614616364218880,4.30523,11.99494,4.79824,0.58743,-0.80447,-0.06916,0.05456,-0.05952,0.84562,-0.00030,
1703614616497648384,4.28994,12.10927,4.79739,0.58695,-0.80493,-0.06918,0.05291,-0.11139,0.83439,0.03412,
1703614616631077632,4.28332,12.22258,4.80147,0.58804,-0.80432,-0.06766,0.05197,-0.03221,0.85021,0.05582,
1703614616764506880,4.27596,12.33386,4.80670,0.58862,-0.80421,-0.06593,0.04920,-0.05100,0.80711,0.03004,
1703614616897936128,4.26281,12.44141,4.81006,0.58958,-0.80364,-0.06388,0.04968,-0.14879,0.84191,-0.01616,
1703614617031365120,4.24966,12.55417,4.80162,0.58724,-0.80514,-0.06507,0.05159,0.01147,0.82194,0.06458,
1703614617164794368,4.25633,12.66865,4.80509,0.58834,-0.80485,-0.06031,0.04937,0.02642,0.88578,-0.02576,
1703614617298223616,4.24736,12.78660,4.80712,0.58896,-0.80474,-0.05792,0.04647,-0.13075,0.89724,0.00372,
1703614617431653376,4.22629,12.90210,4.81097,0.58935,-0.80445,-0.05851,0.04591,-0.16474,0.85012,0.05172,
1703614617565083392,4.20816,13.01529,4.81233,0.58903,-0.80460,-0.05968,0.04594,-0.05341,0.87087,-0.01354,
1703614617698513920,4.20671,13.13141,4.81355,0.58976,-0.80429,-0.05714,0.04519,-0.01197,0.88429,-0.00597,
1703614617831943936,4.20609,13.25263,4.81470,0.58944,-0.80485,-0.05427,0.04278,-0.01153,0.88671,0.06723,
1703614617965374464,4.19896,13.37231,4.81639,0.58929,-0.80527,-0.05171,0.04021,-0.18527,0.89790,-0.04309,
1703614618098804736,4.17289,13.48617,4.81545,0.58900,-0.80501,-0.05574,0.04391,-0.16806,0.90363,-0.04631,
1703614618232235264,4.16176,13.59955,4.81806,0.58925,-0.80479,-0.05618,0.04404,-0.01958,0.87289,-0.00443,
1703614618365664256,4.15898,13.71198,4.81672,0.58938,-0.80499,-0.05335,0.04200,-0.05640,0.87204,-0.00261,
1703614618499088128,4.14288,13.82845,4.81631,0.58844,-0.80587,-0.05237,0.03968,-0.17790,0.87856,-0.01145,
1703614618632511488,4.12202,13.94096,4.81776,0.58799,-0.80611,-0.05388,0.03932,-0.12198,0.87388,-0.02942,
1703614618765935360,4.10899,14.05615,4.81575,0.58709,-0.80684,-0.05356,0.03822,-0.09121,0.85063,0.01363,
1703614618899358464,4.09547,14.17047,4.81836,0.58844,-0.80568,-0.05390,0.04141,-0.13889,0.90968,-0.01426,
1703614619032781312,4.08603,14.28934,4.81911,0.58847,-0.80570,-0.05377,0.04078,-0.12095,0.88777,0.01949,
1703614619166204160,4.06636,14.40858,4.81631,0.58752,-0.80644,-0.05407,0.03943,-0.16155,0.85212,0.06327,
1703614619299626752,4.04643,14.52645,4.81788,0.58789,-0.80620,-0.05382,0.03900,-0.21155,0.91187,-0.02165,
1703614619433054208,4.01633,14.64115,4.81999,0.58810,-0.80568,-0.05768,0.04121,-0.20459,0.84387,0.00828,
1703614619566484224,3.99169,14.75596,4.81752,0.58755,-0.80579,-0.06023,0.04314,-0.15591,0.87983,-0.00532,
1703614619699913728,3.97721,14.87362,4.81891,0.58736,-0.80593,-0.05984,0.04357,-0.07154,0.89848,0.00090,
1703614619833343744,3.96325,14.99296,4.81705,0.58691,-0.80623,-0.05940,0.04473,-0.14978,0.89503,-0.01517,
1703614619966773504,3.93740,15.11224,4.81718,0.58739,-0.80551,-0.06191,0.04785,-0.20481,0.89439,0.03126,
1703614620100203008,3.90139,15.23718,4.81289,0.58550,-0.80649,-0.06571,0.04953,-0.23788,0.91087,-0.00843,
1703614620300347648,3.84922,15.41576,4.81199,0.58541,-0.80608,-0.07033,0.05092,-0.17319,0.89829,0.01132,
1703614620433777920,3.83028,15.53438,4.81750,0.58641,-0.80535,-0.06984,0.05155,-0.12212,0.89436,0.01721,
1703614620567208448,3.81662,15.65237,4.82149,0.58733,-0.80474,-0.06879,0.05193,-0.10752,0.88886,0.03233,
1703614620700638976,3.79456,15.77646,4.82175,0.58707,-0.80493,-0.06867,0.05226,-0.21195,0.88747,0.05544,
1703614620834069504,3.77035,15.89744,4.82381,0.58718,-0.80472,-0.07052,0.05174,-0.19006,0.90120,0.00403,
1703614620967500032,3.75645,16.02298,4.82246,0.58618,-0.80545,-0.07030,0.05203,-0.06867,0.95056,-0.02988,
1703614621100930560,3.74253,16.14613,4.82470,0.58702,-0.80492,-0.06958,0.05173,-0.19835,0.95459,-0.00602,
1703614621234361088,3.71263,16.27053,4.82545,0.58677,-0.80509,-0.07039,0.05075,-0.20058,0.91887,0.03968,
1703614621367791360,3.68230,16.39632,4.82547,0.58628,-0.80520,-0.07213,0.05213,-0.18753,0.89851,0.03627,
1703614621501221632,3.67115,16.52330,4.82698,0.58719,-0.80468,-0.07148,0.05091,0.06485,0.97971,0.00386,
1703614621634651904,3.68638,16.65391,4.82869,0.58795,-0.80502,-0.06342,0.04725,0.09738,0.97338,0.01584,
1703614621768081920,3.68457,16.78274,4.83303,0.58897,-0.80462,-0.06022,0.04554,-0.14977,0.96705,-0.02904,
1703614621968227072,3.64329,16.97053,4.83260,0.58915,-0.80427,-0.06353,0.04498,-0.28716,0.96415,-0.10380,
1703614622101657088,3.61161,17.09519,4.82844,0.58763,-0.80510,-0.06666,0.04538,-0.19020,0.93590,0.04210,
1703614622235087104,3.59320,17.22051,4.82238,0.58593,-0.80624,-0.06748,0.04598,-0.11592,0.93167,0.00269,
1703614622368517376,3.57569,17.34286,4.82570,0.58703,-0.80542,-0.06696,0.04705,-0.07839,0.98540,-0.04210,
1703614622501946624,3.55160,17.46463,4.82962,0.58764,-0.80489,-0.06788,0.04715,-0.15625,0.90137,0.02226,
1703614622635376128,3.52901,17.59018,4.82948,0.58788,-0.80463,-0.06838,0.04796,-0.15315,0.94734,0.02536,
1703614622768805376,3.50613,17.72123,4.82661,0.58678,-0.80528,-0.06944,0.04892,-0.19785,0.91106,0.06712,
1703614622902234880,3.48328,17.84899,4.82561,0.58670,-0.80521,-0.07050,0.04956,-0.15952,0.95908,0.00854,
1703614623035664384,3.47210,17.97959,4.82779,0.58768,-0.80480,-0.06865,0.04714,-0.00192,0.98729,-0.01132,
1703614623169093632,3.47442,18.11714,4.82758,0.58686,-0.80591,-0.06367,0.04532,0.07652,0.98440,-0.01010,
1703614623302522624,3.48669,18.25017,4.82542,0.58707,-0.80630,-0.05837,0.04268,0.13622,0.95813,0.05289,
1703614623435953152,3.49168,18.38521,4.82271,0.58591,-0.80763,-0.05394,0.03918,-0.06037,1.00324,-0.05564,
1703614623569383936,3.47941,18.51343,4.82700,0.58706,-0.80700,-0.05280,0.03634,-0.14535,0.89843,0.06536,
1703614623702814464,3.46200,18.64079,4.82380,0.58731,-0.80688,-0.05234,0.03563,-0.17318,0.93912,-0.00400,
1703614623836245248,3.44249,18.76531,4.82402,0.58774,-0.80653,-0.05389,0.03430,-0.10036,0.93638,-0.00606,
1703614623969676032,3.42573,18.89429,4.82296,0.58731,-0.80676,-0.05477,0.03474,-0.11385,0.92317,0.01888,
1703614624103106816,3.40920,19.02546,4.82225,0.58694,-0.80692,-0.05438,0.03770,-0.16196,0.93931,0.04983,
1703614624236537600,3.39410,19.15575,4.82023,0.58629,-0.80746,-0.05455,0.03606,-0.08231,0.95826,-0.03551,
1703614624369967872,3.38157,19.28306,4.82243,0.58702,-0.80706,-0.05306,0.03546,-0.17800,0.95880,0.01182,
1703614624503397376,3.35229,19.40523,4.82344,0.58706,-0.80667,-0.05712,0.03725,-0.13277,0.91254,0.00081,
1703614624636826880,3.33891,19.53118,4.81769,0.58566,-0.80757,-0.05660,0.04050,-0.13116,0.96679,-0.02779,
1703614624770256640,3.32395,19.65152,4.82175,0.58649,-0.80706,-0.05673,0.03830,-0.12742,0.90692,0.02557,
1703614624903686144,3.29918,19.77351,4.82646,0.58720,-0.80638,-0.05792,0.03995,-0.20918,0.91351,0.02387,
1703614625103830016,3.26227,19.94821,4.82866,0.58839,-0.80508,-0.06222,0.04213,-0.12533,0.90394,-0.02672,
1703614625237259520,3.25779,20.06956,4.82775,0.58719,-0.80627,-0.05968,0.03979,-0.01089,0.90178,0.00390,
1703614625370689024,3.25620,20.18397,4.83197,0.58852,-0.80556,-0.05662,0.03888,0.00337,0.84246,0.02621,
1703614625504118528,3.25902,20.30188,4.83072,0.58797,-0.80617,-0.05454,0.03750,0.05749,0.85352,-0.01873,
1703614625637548032,3.25910,20.41545,4.83233,0.58815,-0.80630,-0.05157,0.03609,-0.09329,0.83708,0.01729,
1703614625770977280,3.23937,20.52747,4.83199,0.58848,-0.80602,-0.05325,0.03453,-0.20347,0.85504,-0.02904,
1703614625904406784,3.20957,20.63944,4.83440,0.58755,-0.80628,-0.05720,0.03760,-0.17768,0.78536,0.00760,
1703614626037836032,3.20184,20.74819,4.83631,0.58813,-0.80580,-0.05757,0.03832,0.08438,0.79519,0.06022,
1703614626171265536,3.20630,20.86086,4.84096,0.58885,-0.80578,-0.05194,0.03571,-0.08838,0.80199,0.03702,
1703614626304695040,3.16990,20.97136,4.83600,0.58697,-0.80664,-0.05593,0.04095,-0.40458,0.76580,0.00541,
1703614626438123264,3.12932,21.07107,4.83583,0.58782,-0.80533,-0.06300,0.04418,-0.10996,0.77726,0.05886,
1703614626571550720,3.11933,21.18478,4.83568,0.58746,-0.80575,-0.06098,0.04398,0.04614,0.85597,-0.03076,
1703614626704977920,3.12082,21.29913,4.83227,0.58755,-0.80614,-0.05622,0.04211,-0.09207,0.84781,0.01097,
1703614626838405376,3.09585,21.40800,4.83133,0.58721,-0.80616,-0.05885,0.04281,-0.20216,0.81825,-0.03050,
1703614626971832576,3.06445,21.51339,4.83205,0.58658,-0.80617,-0.06337,0.04462,-0.12486,0.78085,0.03946,
1703614627105259520,3.05330,21.61746,4.83196,0.58782,-0.80551,-0.06134,0.04324,-0.12120,0.77773,0.01567,
1703614627238686208,3.03365,21.72642,4.83133,0.58711,-0.80594,-0.06204,0.04375,-0.14455,0.81463,-0.02661,
1703614627372113152,3.01675,21.82873,4.83215,0.58668,-0.80605,-0.06312,0.04593,-0.08012,0.78217,-0.00740,
1703614627505542144,3.00051,21.93172,4.82935,0.58613,-0.80641,-0.06378,0.04566,-0.13729,0.77967,-0.01282,
1703614627638970368,2.98260,22.03723,4.82860,0.58606,-0.80663,-0.06319,0.04350,-0.16436,0.82774,-0.05524,
1703614627772399104,2.96061,22.13589,4.83025,0.58703,-0.80588,-0.06393,0.04320,-0.20213,0.78014,-0.01626,
1703614627905827584,2.94035,22.23941,4.82797,0.58627,-0.80629,-0.06564,0.04319,-0.10442,0.77965,-0.00775,
1703614628039256320,2.92613,22.34833,4.82598,0.58553,-0.80680,-0.06562,0.04384,-0.12561,0.79373,0.00115,
1703614628172684544,2.91206,22.45516,4.82472,0.58502,-0.80734,-0.06473,0.04205,-0.13460,0.79495,-0.00670,
1703614628306113024,2.89064,22.56022,4.82490,0.58571,-0.80676,-0.06545,0.04244,-0.16570,0.81031,0.00750,
1703614628439545344,2.87574,22.66920,4.82332,0.58522,-0.80698,-0.06591,0.04429,-0.09886,0.85928,-0.02560,
1703614628572980480,2.86420,22.78365,4.82425,0.58551,-0.80676,-0.06557,0.04489,-0.07674,0.81984,0.02710,
1703614628706415616,2.85227,22.90228,4.82398,0.58563,-0.80679,-0.06429,0.04469,-0.12753,0.82727,0.01900,
1703614628839851264,2.83174,23.01646,4.82514,0.58616,-0.80624,-0.06586,0.04536,-0.20280,0.84478,0.01468,
1703614628973287168,2.80555,23.13175,4.82401,0.58575,-0.80630,-0.06817,0.04614,-0.13860,0.82139,0.04595,
1703614629106723072,2.78922,23.24891,4.82510,0.58628,-0.80600,-0.06753,0.04567,-0.12984,0.88986,-0.00955,
1703614629240159744,2.77088,23.36153,4.83182,0.58728,-0.80530,-0.06818,0.04412,-0.20918,0.80544,0.04310,
1703614629373595392,2.74319,23.47422,4.83059,0.58708,-0.80514,-0.07059,0.04572,-0.23839,0.85265,-0.01578,
1703614629507025152,2.71819,23.58790,4.83050,0.58767,-0.80453,-0.07279,0.04559,-0.08972,0.85924,-0.01754,
1703614629640454656,2.71107,23.70483,4.83133,0.58754,-0.80495,-0.07049,0.04356,-0.01561,0.83685,0.04694,
1703614629773884416,2.70445,23.81711,4.83353,0.58798,-0.80481,-0.06809,0.04385,-0.13572,0.81933,0.00285,
1703614629907314176,2.69212,23.92992,4.83262,0.58811,-0.80469,-0.06854,0.04357,-0.05643,0.83275,-0.00565,
1703614630040743936,2.69498,24.04822,4.83458,0.58823,-0.80507,-0.06427,0.04143,0.11592,0.90071,-0.06087,
1703614630174173696,2.70669,24.16751,4.83425,0.58849,-0.80548,-0.05835,0.03836,0.02685,0.87965,-0.00773,
1703614630374317824,2.70002,24.34924,4.83485,0.58912,-0.80519,-0.05598,0.03835,-0.08479,0.89818,0.00044,
1703614630507747072,2.68634,24.47309,4.83191,0.58886,-0.80545,-0.05541,0.03762,-0.12162,0.94287,-0.02510,
1703614630641176320,2.66797,24.59369,4.82848,0.58915,-0.80521,-0.05622,0.03705,-0.12146,0.89689,0.03915,
1703614630774605312,2.64976,24.71942,4.82747,0.58877,-0.80550,-0.05643,0.03651,-0.14576,0.94005,-0.03226,
1703614630908034304,2.62784,24.84191,4.82580,0.58833,-0.80560,-0.05791,0.03901,-0.20269,0.92273,0.00948,
1703614631041463296,2.59678,24.96373,4.82532,0.58698,-0.80631,-0.06199,0.03849,-0.20076,0.88898,0.00424,
1703614631174892544,2.57208,25.07843,4.82784,0.58803,-0.80567,-0.06168,0.03620,-0.21497,0.85065,0.03486,
1703614631308321280,2.53979,25.19529,4.82824,0.58821,-0.80517,-0.06522,0.03818,-0.22695,0.83780,0.08445,
1703614631441751040,2.51504,25.31508,4.82688,0.58715,-0.80554,-0.06869,0.04055,-0.12649,0.98457,-0.10174,
1703614631575180800,2.50340,25.43583,4.83185,0.58754,-0.80539,-0.06712,0.04047,-0.05883,0.90518,-0.02711,
1703614631708610560,2.49763,25.56057,4.82858,0.58729,-0.80589,-0.06346,0.04012,-0.12771,0.93548,-0.00155,
1703614631842040576,2.47405,25.68233,4.82588,0.58615,-0.80646,-0.06595,0.04123,-0.20959,0.87084,0.00728,
1703614631975470336,2.44701,25.80363,4.82467,0.58603,-0.80624,-0.06850,0.04304,-0.16373,0.90821,0.01642,
1703614632108900096,2.42992,25.92648,4.82443,0.58560,-0.80646,-0.06836,0.04504,-0.17205,0.89175,0.01055,
1703614632242329856,2.40887,26.04635,4.82152,0.58473,-0.80691,-0.06920,0.04691,-0.11119,0.90046,0.01003,
1703614632375759872,2.39764,26.16616,4.82554,0.58608,-0.80605,-0.06789,0.04677,-0.06142,0.95497,-0.04856,
1703614632509189120,2.38319,26.29033,4.82376,0.58515,-0.80690,-0.06607,0.04637,-0.15338,0.87904,0.06062,
1703614632642618624,2.35710,26.41099,4.82149,0.58538,-0.80655,-0.06758,0.04739,-0.23588,0.93576,-0.07855,
1703614632776047872,2.32916,26.52914,4.82149,0.58528,-0.80630,-0.07087,0.04805,-0.16868,0.88351,0.00554,
1703614632909477120,2.31592,26.64776,4.82215,0.58602,-0.80602,-0.06893,0.04639,-0.07153,0.86958,0.05148,
1703614633042906880,2.30189,26.76660,4.82005,0.58540,-0.80663,-0.06753,0.04570,-0.12409,0.86527,0.02518,
1703614633176336384,2.28290,26.88376,4.81853,0.58581,-0.80620,-0.06876,0.04630,-0.13592,0.86813,-0.01705,
1703614633309765632,2.27091,27.00278,4.81504,0.58558,-0.80642,-0.06792,0.04668,-0.05880,0.91626,-0.05026,
1703614633443194624,2.26153,27.12101,4.81573,0.58691,-0.80570,-0.06587,0.04523,-0.12293,0.88172,0.01408,
1703614633576623104,2.23506,27.24135,4.81428,0.58689,-0.80560,-0.06733,0.04520,-0.24256,0.85410,0.01395,
1703614633710051840,2.20751,27.35857,4.80996,0.58600,-0.80596,-0.06949,0.04694,-0.16627,0.91710,-0.04580,
1703614633843480576,2.19355,27.47815,4.81274,0.58666,-0.80539,-0.06901,0.04900,-0.06408,0.87787,-0.00988,
1703614633976908800,2.18148,27.60256,4.80533,0.58507,-0.80661,-0.06774,0.04989,-0.14056,0.92888,-0.02694,
1703614634110337792,2.16027,27.72346,4.80527,0.58495,-0.80656,-0.06862,0.05086,-0.18558,0.89819,-0.00750,
1703614634243766016,2.13520,27.84597,4.80625,0.58495,-0.80635,-0.07042,0.05171,-0.15932,0.89286,0.00940,
1703614634377194752,2.12133,27.96782,4.80480,0.58472,-0.80659,-0.06910,0.05229,-0.13305,0.89087,0.01683,
1703614634510622976,2.10092,28.08711,4.80912,0.58574,-0.80585,-0.06943,0.05198,-0.18147,0.92676,-0.07962,
1703614634644051456,2.08610,28.20697,4.80603,0.58490,-0.80682,-0.06759,0.04865,-0.11590,0.87186,-0.01166,
1703614634777479936,2.06639,28.31964,4.80994,0.58610,-0.80583,-0.06888,0.04880,-0.14746,0.84501,-0.02656,
1703614634910908160,2.04953,28.43812,4.80548,0.58481,-0.80662,-0.06968,0.05001,-0.09399,0.86230,0.02376,
1703614635044336384,2.03567,28.55728,4.80275,0.58441,-0.80701,-0.06872,0.04982,-0.01809,0.87401,0.03953,
1703614635177764608,2.03487,28.67473,4.80537,0.58563,-0.80666,-0.06481,0.04633,-0.01526,0.88175,0.00094,
1703614635311192576,2.02797,28.79249,4.80285,0.58575,-0.80683,-0.06208,0.04547,-0.10422,0.88647,-0.09114,
1703614635444620800,2.00506,28.91729,4.78982,0.58252,-0.80895,-0.06424,0.04630,-0.23148,0.91597,-0.00999,
1703614635578049280,1.98491,29.02922,4.80050,0.58503,-0.80705,-0.06529,0.04635,-0.20042,0.83830,0.03440,
1703614635711477248,1.96142,29.14585,4.79748,0.58477,-0.80706,-0.06687,0.04728,-0.14998,0.86293,0.02907,
1703614635844905728,1.94287,29.26839,4.79436,0.58440,-0.80727,-0.06666,0.04839,-0.10723,0.91275,0.01224,
1703614635978333440,1.92477,29.39016,4.79561,0.58452,-0.80723,-0.06628,0.04823,-0.15189,0.94971,-0.05948,
1703614636111761920,1.90200,29.51396,4.79563,0.58485,-0.80693,-0.06634,0.04924,-0.15857,0.95087,-0.05533,
1703614636245189632,1.87637,29.64316,4.79015,0.58248,-0.80840,-0.06803,0.05069,-0.21480,0.86469,0.11877,
1703614636378617856,1.85305,29.76621,4.78997,0.58320,-0.80786,-0.06881,0.04994,-0.19949,0.92119,-0.04089,
1703614636512046592,1.83057,29.89243,4.79108,0.58305,-0.80810,-0.06778,0.04938,-0.23574,0.90451,0.04293,
1703614636645475584,1.80086,30.01701,4.78713,0.58267,-0.80807,-0.07077,0.05001,-0.17573,0.93727,-0.02080,
1703614636778904320,1.78062,30.13897,4.78877,0.58303,-0.80759,-0.07143,0.05254,-0.14619,0.93996,-0.06415,
1703614636912333312,1.76364,30.26363,4.78745,0.58329,-0.80742,-0.07102,0.05296,-0.16522,0.94221,-0.03665,
1703614637045762304,1.73627,30.38585,4.78427,0.58158,-0.80858,-0.07230,0.05230,-0.21853,0.85135,0.04955,
1703614637179190784,1.71121,30.50432,4.78417,0.58381,-0.80658,-0.07334,0.05672,-0.17012,0.97219,-0.11989,
1703614637312620032,1.70724,30.62886,4.78242,0.58198,-0.80839,-0.07109,0.05235,0.08001,0.89684,0.01830,
1703614637446048768,1.71302,30.75026,4.77953,0.58256,-0.80892,-0.06446,0.04608,-0.02689,0.90069,-0.01095,
1703614637579478272,1.70546,30.86777,4.78224,0.58288,-0.80876,-0.06279,0.04705,-0.09998,0.84902,0.01083,
1703614637712907776,1.69735,30.98856,4.77677,0.58224,-0.80924,-0.06328,0.04610,-0.01744,0.92659,-0.00326,
1703614637846337024,1.68820,31.11071,4.77584,0.58285,-0.80913,-0.06073,0.04363,-0.12594,0.92720,-0.04510,
1703614637979766528,1.67115,31.23220,4.77762,0.58394,-0.80839,-0.06017,0.04351,-0.15811,0.94332,-0.02372,
1703614638113195776,1.65577,31.35399,4.77316,0.58233,-0.80951,-0.06088,0.04331,-0.05291,0.89007,-0.01060,
1703614638246625280,1.66711,31.47703,4.77243,0.58217,-0.81028,-0.05554,0.03785,0.18363,0.94542,-0.07834,
1703614638380054784,1.69358,31.60034,4.77106,0.58311,-0.81043,-0.04701,0.03141,0.19239,0.87450,0.03652,
1703614638513483520,1.71624,31.72362,4.77005,0.58276,-0.81115,-0.04110,0.02735,0.15770,0.89999,0.00541,
1703614638646912512,1.74460,31.84727,4.76906,0.58355,-0.81104,-0.03487,0.02156,0.27140,0.91542,-0.01345,
1703614638780341504,1.78757,31.97095,4.76983,0.58354,-0.81159,-0.02428,0.01455,0.32467,0.88675,0.02667,
1703614638913770240,1.82630,32.08874,4.77194,0.58512,-0.81075,-0.01568,0.00845,0.21872,0.88904,0.02844,
1703614639047198976,1.85108,32.20753,4.76982,0.58571,-0.81040,-0.01188,0.00707,0.11949,0.98895,-0.12569,
1703614639180627712,1.86794,32.32933,4.76850,0.58495,-0.81099,-0.00931,0.00687,0.13330,0.85945,0.00736,
1703614639314056704,1.89012,32.44635,4.76860,0.58551,-0.81065,-0.00403,0.00265,0.09290,0.92281,-0.06303,
1703614639447485952,1.89924,32.56585,4.76517,0.58543,-0.81072,-0.00208,0.00088,0.00101,0.91431,-0.03339,
1703614639580915200,1.89734,32.69056,4.75959,0.58408,-0.81169,-0.00359,0.00078,-0.01735,0.92609,-0.00651,
1703614639714344704,1.89655,32.81340,4.76144,0.58501,-0.81101,-0.00396,0.00213,-0.01980,0.90823,0.01187,
1703614639847774208,1.88851,32.94205,4.75894,0.58431,-0.81150,-0.00585,0.00384,-0.10220,0.92709,0.03334,
1703614639981203456,1.87027,33.06104,4.76159,0.58497,-0.81097,-0.00912,0.00736,-0.17576,0.87786,0.04856,
1703614640114632960,1.84702,33.18464,4.76052,0.58450,-0.81121,-0.01294,0.01140,-0.21761,0.96558,-0.05621,
1703614640248062720,1.81646,33.30371,4.75909,0.58330,-0.81197,-0.01802,0.01189,-0.23993,0.82441,0.05472,
1703614640381492224,1.77232,33.41134,4.76523,0.58514,-0.81038,-0.02416,0.01746,-0.41543,0.80716,0.03945,
1703614640514922496,1.72377,33.51793,4.76895,0.58639,-0.80886,-0.03505,0.02575,-0.32711,0.80515,0.04740,
1703614640648353024,1.68777,33.62832,4.76662,0.58546,-0.80913,-0.04095,0.02957,-0.23584,0.84274,-0.05271,
1703614640781783296,1.65756,33.74013,4.76662,0.58501,-0.80930,-0.04376,0.02958,-0.22489,0.81803,0.01228,
1703614640915213824,1.62671,33.84555,4.76975,0.58626,-0.80804,-0.04739,0.03352,-0.29572,0.79789,0.02173,
1703614641048644352,1.59448,33.95504,4.76959,0.58519,-0.80831,-0.05295,0.03720,-0.16828,0.83210,-0.00780,
1703614641182074880,1.57820,34.06708,4.76969,0.58513,-0.80827,-0.05384,0.03763,-0.04424,0.80761,0.04655,
1703614641315505152,1.56973,34.17922,4.77180,0.58577,-0.80805,-0.05147,0.03578,-0.18687,0.85735,-0.05006,
1703614641448935680,1.53645,34.29084,4.76761,0.58554,-0.80785,-0.05627,0.03687,-0.30591,0.80108,0.01692,
1703614641582365952,1.49796,34.39990,4.77070,0.58563,-0.80727,-0.06216,0.03873,-0.28472,0.83407,-0.03893,
1703614641715796480,1.45672,34.51022,4.77146,0.58542,-0.80690,-0.06598,0.04303,-0.32225,0.79899,0.05509,
1703614641849226752,1.41542,34.61824,4.77194,0.58561,-0.80622,-0.07154,0.04425,-0.24418,0.78827,0.03126,
1703614641982657280,1.38924,34.73030,4.76977,0.58505,-0.80644,-0.07181,0.04708,-0.16197,0.83369,0.02957,
1703614642116087552,1.37021,34.84530,4.76966,0.58428,-0.80707,-0.07184,0.04578,-0.09777,0.86398,-0.03067,
1703614642249518080,1.35042,34.95704,4.77003,0.58446,-0.80698,-0.07102,0.04639,-0.21064,0.79818,0.03757,
1703614642382948352,1.32528,35.06680,4.77369,0.58551,-0.80601,-0.07298,0.04678,-0.15034,0.81623,0.03565,
1703614642516378880,1.30653,35.17812,4.77397,0.58566,-0.80586,-0.07249,0.04834,-0.18772,0.84289,0.00254,
1703614642649809664,1.28254,35.29247,4.77579,0.58627,-0.80528,-0.07355,0.04897,-0.15940,0.87062,-0.01475,
1703614642783240192,1.26007,35.40930,4.77310,0.58640,-0.80524,-0.07321,0.04861,-0.18973,0.89482,-0.02908,
1703614642916670464,1.23627,35.52318,4.77682,0.58731,-0.80440,-0.07455,0.04948,-0.19534,0.84280,0.04419,
1703614643050101248,1.20863,35.64442,4.77438,0.58673,-0.80465,-0.07605,0.05004,-0.21265,0.89734,0.02105,
1703614643183532032,1.17946,35.75792,4.77937,0.58853,-0.80325,-0.07790,0.04860,-0.23775,0.87218,-0.03224,
1703614643316962816,1.14980,35.87800,4.77671,0.58759,-0.80390,-0.07864,0.04797,-0.19349,0.93084,-0.04567,
1703614643450393344,1.13006,35.99755,4.77066,0.58633,-0.80483,-0.07840,0.04820,-0.10680,0.88666,0.00643,
1703614643583824384,1.12427,36.11509,4.77518,0.58616,-0.80507,-0.07684,0.04869,0.03068,0.86188,0.02965,
1703614643717255424,1.12862,36.23098,4.77585,0.58682,-0.80522,-0.07187,0.04585,-0.03559,0.89240,0.00182,
1703614643850686208,1.11305,36.34691,4.78013,0.58819,-0.80442,-0.07010,0.04501,-0.19433,0.85475,0.00654,
1703614643984117504,1.08735,36.46418,4.77537,0.58712,-0.80499,-0.07312,0.04391,-0.18687,0.84948,0.01205,
1703614644117548544,1.07302,36.58209,4.77508,0.58743,-0.80488,-0.07227,0.04337,-0.08460,0.86823,0.01226,
1703614644250979584,1.06593,36.70106,4.77479,0.58690,-0.80544,-0.07042,0.04300,-0.03525,0.89488,-0.02795,
1703614644384410624,1.05788,36.81739,4.77714,0.58775,-0.80498,-0.06841,0.04333,-0.16354,0.86085,0.05224,
1703614644517841664,1.03027,36.93417,4.77817,0.58745,-0.80496,-0.07101,0.04358,-0.20721,0.86689,-0.01039,
1703614644651272192,1.00839,37.05205,4.77698,0.58785,-0.80468,-0.07082,0.04366,-0.16637,0.89434,0.00455,
1703614644784702976,0.99007,37.17206,4.77567,0.58785,-0.80467,-0.07112,0.04340,-0.12815,0.91113,-0.00587,
1703614644918134016,0.96938,37.29339,4.77472,0.58722,-0.80518,-0.07089,0.04270,-0.16465,0.88497,0.01929,
1703614645051565056,0.94557,37.41446,4.77151,0.58620,-0.80590,-0.07180,0.04184,-0.17059,0.90045,0.00081,
1703614645184996096,0.92560,37.53699,4.77263,0.58678,-0.80544,-0.07176,0.04248,-0.15105,0.92715,-0.02353,
1703614645318427136,0.90393,37.66247,4.77507,0.58657,-0.80551,-0.07302,0.04200,-0.18791,0.95152,-0.03090,
1703614645451854592,0.87798,37.78721,4.77497,0.58572,-0.80588,-0.07443,0.04421,-0.17212,0.91645,0.03386,
1703614645585279744,0.85951,37.91245,4.77490,0.58479,-0.80654,-0.07368,0.04558,-0.12788,0.91780,-0.00665,
1703614645718704896,0.84571,38.03574,4.77484,0.58548,-0.80628,-0.07235,0.04336,-0.14214,0.94537,-0.03332,
1703614645852129792,0.81993,38.16020,4.77498,0.58594,-0.80599,-0.07249,0.04240,-0.20602,0.90823,0.04333,
1703614645985554432,0.78571,38.28314,4.77378,0.58536,-0.80599,-0.07618,0.04390,-0.21352,0.96091,-0.05490,
1703614646118979328,0.77365,38.40535,4.77628,0.58597,-0.80550,-0.07568,0.04550,0.00188,0.94742,0.01354,
1703614646252403712,0.77944,38.53207,4.77560,0.58576,-0.80635,-0.07042,0.04157,0.01398,0.93605,0.02856,
1703614646385831424,0.76414,38.65285,4.78242,0.58697,-0.80556,-0.06868,0.04254,-0.26108,0.88636,0.01112,
1703614646519261952,0.72430,38.77332,4.77800,0.58590,-0.80568,-0.07535,0.04375,-0.30941,0.90432,-0.00144,
1703614646652691968,0.69067,38.88850,4.78284,0.58653,-0.80484,-0.07725,0.04741,-0.22953,0.84289,0.01845,
1703614646852837888,0.67335,39.06462,4.78232,0.58713,-0.80478,-0.07376,0.04649,-0.00412,0.86661,0.02093,
1703614646986268416,0.67017,39.18370,4.77889,0.58755,-0.80476,-0.07256,0.04344,-0.01589,0.90148,-0.01660,
1703614647119698944,0.66635,39.30084,4.78049,0.58756,-0.80527,-0.06859,0.03997,-0.05561,0.83236,0.00823,
1703614647253129728,0.65671,39.41671,4.77865,0.58832,-0.80493,-0.06663,0.03905,-0.08889,0.88162,-0.03724,
1703614647386559488,0.64608,39.53584,4.77656,0.58700,-0.80578,-0.06709,0.04051,-0.07232,0.82007,0.06407,
1703614647519990528,0.63858,39.64789,4.77945,0.58817,-0.80502,-0.06659,0.03959,-0.06495,0.85560,-0.00058,
1703614647720136448,0.61515,39.82155,4.78017,0.58792,-0.80561,-0.06328,0.03664,-0.25498,0.81742,0.04825,
1703614647853567488,0.58701,39.93244,4.78061,0.58840,-0.80488,-0.06730,0.03781,-0.16289,0.83637,-0.00229,
1703614647986998272,0.57070,40.04175,4.78354,0.58823,-0.80471,-0.06880,0.04111,-0.06731,0.82763,0.01528,
1703614648120429312,0.57427,40.15410,4.78341,0.58815,-0.80508,-0.06580,0.03996,0.01077,0.84319,-0.01144,
1703614648253860096,0.56595,40.26611,4.78451,0.58784,-0.80553,-0.06330,0.03957,-0.18328,0.80764,0.02876,
1703614648387291136,0.53950,40.37581,4.78492,0.58798,-0.80524,-0.06619,0.03842,-0.18854,0.84489,-0.03007,
1703614648587431936,0.50643,40.53930,4.78442,0.58709,-0.80566,-0.06774,0.04066,-0.14333,0.81010,-0.00479,
1703614648720859136,0.49438,40.65069,4.78031,0.58638,-0.80626,-0.06766,0.03893,-0.04329,0.88142,-0.07267,
1703614648854286080,0.49266,40.76228,4.78633,0.58770,-0.80561,-0.06426,0.03850,-0.03223,0.84833,-0.01920,
1703614648987713024,0.49011,40.87531,4.78246,0.58685,-0.80652,-0.06248,0.03505,0.01090,0.85611,-0.02206,
1703614649121140224,0.49447,40.98700,4.78577,0.58713,-0.80664,-0.05923,0.03315,0.06959,0.80774,0.03165,
1703614649254566912,0.49931,41.09740,4.78962,0.58881,-0.80575,-0.05623,0.03025,0.04695,0.86025,-0.01024,
1703614649387993600,0.49516,41.20937,4.79293,0.58833,-0.80625,-0.05330,0.03137,-0.16039,0.83243,-0.00702,
1703614649521424896,0.47374,41.32107,4.78867,0.58869,-0.80588,-0.05653,0.02848,-0.11808,0.87793,-0.02912,
1703614649654856704,0.45941,41.44123,4.78863,0.58774,-0.80675,-0.05499,0.02649,-0.10498,0.87203,0.03678,
1703614649788288000,0.44032,41.55949,4.78367,0.58719,-0.80712,-0.05627,0.02440,-0.14019,0.90440,-0.01915,
1703614649921719808,0.42213,41.67513,4.79167,0.58800,-0.80631,-0.05735,0.02884,-0.13245,0.83541,0.07771,
1703614650055151104,0.40785,41.78730,4.79535,0.58944,-0.80507,-0.05870,0.03119,-0.09863,0.89265,-0.07541,
1703614650188582656,0.39345,41.90969,4.79119,0.58717,-0.80678,-0.05765,0.03188,-0.16553,0.87448,0.03878,
1703614650322014208,0.37425,42.02899,4.79031,0.58817,-0.80603,-0.05860,0.03057,-0.13020,0.95227,-0.04562,
1703614650455443712,0.35738,42.14961,4.79438,0.58852,-0.80571,-0.05840,0.03266,-0.16615,0.90411,-0.00087,
1703614650588870144,0.33822,42.26795,4.79213,0.58919,-0.80508,-0.06042,0.03255,-0.12064,0.91324,0.00842,
1703614650722296576,0.32145,42.39049,4.79315,0.58885,-0.80534,-0.06021,0.03262,-0.16540,0.92937,-0.02417,
1703614650855722752,0.30121,42.50948,4.79096,0.58868,-0.80537,-0.06126,0.03308,-0.15042,0.90130,0.02714,
1703614650989148672,0.28437,42.63138,4.79216,0.58797,-0.80584,-0.06111,0.03447,-0.13373,0.91967,-0.04712,
1703614651122575104,0.26811,42.74961,4.79100,0.58791,-0.80579,-0.06205,0.03490,-0.09826,0.90880,-0.04008,
1703614651256001024,0.25476,42.86458,4.79576,0.58822,-0.80552,-0.06114,0.03733,-0.12988,0.83907,0.06157,
1703614651389426432,0.23724,42.98150,4.79191,0.58857,-0.80535,-0.06187,0.03417,-0.05751,0.91078,-0.01763,
1703614651522860032,0.22840,43.09990,4.79652,0.58949,-0.80487,-0.05963,0.03355,-0.06586,0.87104,-0.00996,
1703614651656293632,0.22020,43.21942,4.79119,0.58923,-0.80513,-0.05966,0.03186,-0.02195,0.89839,-0.00405,
1703614651789727488,0.21711,43.33893,4.79383,0.58901,-0.80554,-0.05651,0.03147,-0.05390,0.88215,-0.01447,
1703614651923161088,0.20487,43.45549,4.79156,0.58919,-0.80538,-0.05627,0.03226,-0.10385,0.85069,0.05404,
1703614652056595200,0.19294,43.57684,4.79238,0.58873,-0.80573,-0.05643,0.03181,-0.04216,0.89990,0.00567,
1703614652190029056,0.18848,43.69826,4.79070,0.58884,-0.80585,-0.05374,0.03145,-0.08447,0.93709,-0.03828,
1703614652323463168,0.16928,43.81870,4.79201,0.58908,-0.80558,-0.05476,0.03203,-0.18535,0.90395,0.00624,
1703614652456896000,0.14331,43.93339,4.79546,0.58940,-0.80505,-0.05811,0.03345,-0.16378,0.86033,0.02517,
1703614652590327552,0.12798,44.05184,4.79383,0.58923,-0.80518,-0.05844,0.03279,-0.05351,0.87511,0.01104,
1703614652723758848,0.12082,44.17050,4.79321,0.58898,-0.80555,-0.05598,0.03259,-0.08992,0.87119,0.01569,
1703614652923906304,0.09147,44.34634,4.79347,0.58860,-0.80554,-0.05839,0.03527,-0.15318,0.87648,-0.01125,
1703614653057338112,0.07915,44.46563,4.79572,0.58882,-0.80546,-0.05741,0.03494,-0.07780,0.87615,0.03861,
1703614653190769408,0.06743,44.58511,4.79547,0.58907,-0.80535,-0.05661,0.03460,-0.08675,0.88167,-0.00822,
1703614653324201216,0.05908,44.70405,4.79703,0.58867,-0.80574,-0.05541,0.03440,-0.04254,0.89324,0.00442,
1703614653457633536,0.05367,44.82478,4.79460,0.58835,-0.80608,-0.05427,0.03374,-0.08839,0.87041,0.00859,
1703614653591066880,0.04021,44.94602,4.79333,0.58710,-0.80709,-0.05370,0.03219,-0.13133,0.86046,0.03116,
1703614653724500224,0.02537,45.06188,4.79736,0.58914,-0.80564,-0.05346,0.03147,-0.08892,0.89651,-0.01734,
1703614653857933824,0.01426,45.18196,4.79659,0.58856,-0.80597,-0.05415,0.03264,-0.09153,0.88940,0.02031,
1703614653991367424,0.00472,45.29869,4.79879,0.58937,-0.80534,-0.05415,0.03365,-0.11148,0.86367,0.03939,
1703614654124801024,-0.00505,45.41970,4.79759,0.58883,-0.80590,-0.05288,0.03187,-0.07489,0.92128,-0.02300,
1703614654258234880,-0.01908,45.53693,4.79803,0.58884,-0.80587,-0.05277,0.03245,-0.14284,0.86305,-0.00697,
1703614654391668736,-0.03934,45.65159,4.79863,0.58894,-0.80560,-0.05464,0.03428,-0.15711,0.87174,0.00172,
1703614654525102080,-0.05573,45.77127,4.79661,0.58858,-0.80585,-0.05534,0.03340,-0.10930,0.88153,0.01624,
1703614654658535680,-0.06504,45.89136,4.79542,0.58782,-0.80655,-0.05413,0.03202,-0.10863,0.88060,0.01196,
1703614654791969280,-0.08458,46.01119,4.79672,0.58836,-0.80598,-0.05538,0.03406,-0.22369,0.89443,-0.02412,
1703614654925402880,-0.10936,46.13187,4.79615,0.58787,-0.80614,-0.05759,0.03506,-0.14929,0.89341,-0.02644,
1703614655058836736,-0.12038,46.25132,4.79786,0.58852,-0.80570,-0.05641,0.03620,-0.07812,0.91458,-0.00600,
1703614655192270592,-0.12302,46.37172,4.79665,0.58790,-0.80637,-0.05403,0.03498,-0.01518,0.86359,0.01052,
1703614655325704448,-0.12632,46.49359,4.79610,0.58796,-0.80652,-0.05154,0.03428,-0.09279,0.92740,-0.01090,
1703614655459137280,-0.14162,46.61657,4.79813,0.58798,-0.80634,-0.05288,0.03596,-0.12393,0.94013,-0.01977,
1703614655592568320,-0.15227,46.74361,4.79508,0.58715,-0.80700,-0.05260,0.03505,-0.06188,0.93804,-0.00401,
1703614655725999360,-0.16043,46.87057,4.79554,0.58747,-0.80699,-0.05104,0.03234,-0.08289,0.95659,0.00592,
1703614655859430400,-0.16856,46.99663,4.79632,0.58719,-0.80728,-0.05002,0.03160,-0.06641,0.95238,-0.00686,
1703614655992861440,-0.17121,47.12346,4.79865,0.58817,-0.80668,-0.04912,0.03025,0.02706,0.99783,-0.03056,
1703614656126292992,-0.16829,47.25437,4.79741,0.58706,-0.80776,-0.04548,0.02851,-0.02181,0.94702,0.01040,
1703614656259724032,-0.17693,47.38440,4.79552,0.58703,-0.80785,-0.04440,0.02820,-0.13844,0.97612,-0.00446,
1703614656393155072,-0.19620,47.51163,4.79678,0.58785,-0.80718,-0.04584,0.02804,-0.16919,0.97240,-0.02608,
1703614656526588928,-0.21338,47.64206,4.79455,0.58737,-0.80749,-0.04707,0.02731,-0.09842,0.98457,-0.03296,
1703614656726739456,-0.23176,47.84187,4.78653,0.58531,-0.80895,-0.04656,0.02909,-0.12775,1.01013,-0.05560,
1703614656860173312,-0.23969,47.96966,4.78384,0.58524,-0.80903,-0.04596,0.02924,-0.10532,0.98878,-0.00278,
1703614656993607424,-0.25546,48.09935,4.78246,0.58581,-0.80856,-0.04686,0.02925,-0.14274,0.96858,-0.05430,
1703614657127041536,-0.27267,48.23358,4.78164,0.58489,-0.80914,-0.04795,0.03008,-0.18315,0.98681,-0.00398,
1703614657327192832,-0.29313,48.43340,4.77988,0.58513,-0.80897,-0.04717,0.03096,-0.15396,0.99886,0.02148,
1703614657460676096,-0.30731,48.56447,4.78314,0.58609,-0.80827,-0.04823,0.02952,-0.11588,0.96284,0.03164,
1703614657661030656,-0.33258,48.76328,4.78032,0.58536,-0.80873,-0.04889,0.03023,-0.13097,1.00650,-0.03111,
1703614657794604800,-0.34958,48.89574,4.77633,0.58471,-0.80921,-0.04959,0.02899,-0.16783,0.96057,-0.00524,
1703614657928182272,-0.36555,49.02397,4.77756,0.58572,-0.80842,-0.04992,0.03002,-0.10863,0.98441,-0.01175,
1703614658061763584,-0.37649,49.15724,4.77219,0.58374,-0.80980,-0.04987,0.03119,-0.09781,0.95014,0.02545,
1703614658195347712,-0.38759,49.28708,4.77379,0.58490,-0.80906,-0.04976,0.02885,-0.12729,0.99772,-0.04677,
1703614658328936192,-0.41594,49.41837,4.77130,0.58497,-0.80887,-0.05149,0.02985,-0.26970,0.97835,-0.02500,
1703614658462467584,-0.43765,49.54504,4.77942,0.58712,-0.80717,-0.05384,0.02964,-0.08036,0.95183,0.00935,
1703614658595901952,-0.45087,49.67629,4.77219,0.58507,-0.80863,-0.05401,0.02998,-0.10311,0.91028,0.05758,
1703614658729335808,-0.46036,49.80725,4.77068,0.58527,-0.80850,-0.05262,0.03193,-0.08073,0.99643,-0.02975,
1703614658929486592,-0.47741,50.00236,4.77190,0.58582,-0.80820,-0.05127,0.03176,-0.13218,1.02310,-0.08470,
1703614659062920448,-0.49544,50.13099,4.77718,0.58604,-0.80801,-0.05267,0.03008,-0.13509,0.88069,0.10354,
1703614659196354304,-0.51253,50.25431,4.78090,0.58731,-0.80707,-0.05268,0.03045,-0.14112,0.89550,0.05764,
1703614659329788416,-0.52867,50.38082,4.78201,0.58767,-0.80671,-0.05382,0.03094,-0.07740,0.87908,0.06998,
1703614659463216384,-0.53565,50.50513,4.78778,0.58936,-0.80560,-0.05206,0.03092,-0.10659,0.93048,-0.03297,
1703614659596633600,-0.55057,50.62674,4.79189,0.58986,-0.80524,-0.05206,0.03070,-0.13491,0.82628,0.08738,
1703614659730051072,-0.56526,50.74875,4.79198,0.59032,-0.80474,-0.05326,0.03279,-0.08136,0.89970,0.00877,
1703614659863467520,-0.57567,50.86488,4.79575,0.59126,-0.80409,-0.05335,0.03173,-0.06160,0.80374,0.06339,
1703614659996883968,-0.58789,50.97939,4.79380,0.59130,-0.80423,-0.05161,0.03021,-0.14047,0.89310,-0.04709,
1703614660130299392,-0.60664,51.09239,4.79651,0.59171,-0.80374,-0.05306,0.03257,-0.13437,0.82832,0.03927,
1703614660330422272,-0.62336,51.25622,4.79479,0.59173,-0.80371,-0.05318,0.03267,-0.08125,0.80062,0.06168,
1703614660463845376,-0.64281,51.36365,4.79677,0.59245,-0.80310,-0.05425,0.03315,-0.17368,0.84006,-0.07083,
1703614660597282048,-0.66548,51.47530,4.79663,0.59182,-0.80324,-0.05701,0.03609,-0.11918,0.81046,0.00680,
1703614660730719232,-0.67821,51.58329,4.79964,0.59303,-0.80225,-0.05743,0.03760,-0.12063,0.83174,-0.02165,
1703614660864156160,-0.69580,51.69988,4.79598,0.59198,-0.80303,-0.05775,0.03689,-0.13876,0.82940,-0.00132,
1703614660997593088,-0.71572,51.80987,4.79459,0.59109,-0.80371,-0.05829,0.03556,-0.13880,0.79474,0.02414,
1703614661131030272,-0.73299,51.91732,4.79153,0.59003,-0.80427,-0.05990,0.03785,-0.13329,0.80202,-0.00980,
1703614661331186176,-0.74848,52.07681,4.79574,0.59069,-0.80369,-0.06025,0.03918,-0.08281,0.79244,-0.00996,
1703614661464615168,-0.77272,52.18452,4.79422,0.58941,-0.80443,-0.06231,0.04013,-0.20873,0.78003,-0.01403,
1703614661598026752,-0.79068,52.28421,4.79660,0.58997,-0.80393,-0.06376,0.03961,-0.10519,0.76177,-0.01197,
1703614661731438080,-0.80673,52.38847,4.79344,0.58896,-0.80464,-0.06365,0.04034,-0.12635,0.76937,0.01381,
1703614661864848640,-0.82484,52.49507,4.79117,0.58828,-0.80495,-0.06508,0.04175,-0.10287,0.79108,-0.01121,
1703614661998258688,-0.83620,52.60583,4.78619,0.58687,-0.80598,-0.06394,0.04341,-0.07361,0.80255,0.02740,
1703614662131667456,-0.83850,52.71370,4.79127,0.58771,-0.80562,-0.06162,0.04220,0.03455,0.79936,0.03250,
1703614662265075968,-0.83974,52.82826,4.78794,0.58681,-0.80651,-0.05838,0.04233,-0.11976,0.88733,-0.07505,
1703614662398483712,-0.85826,52.94086,4.78936,0.58644,-0.80671,-0.05968,0.04177,-0.14516,0.78706,0.07213,
1703614662531897856,-0.88123,53.05150,4.78985,0.58692,-0.80617,-0.06128,0.04311,-0.19774,0.88554,-0.08601,
1703614662665312000,-0.90264,53.16252,4.78924,0.58664,-0.80624,-0.06327,0.04283,-0.10587,0.81440,0.04459,
1703614662798725888,-0.91805,53.27513,4.78717,0.58658,-0.80636,-0.06312,0.04143,-0.12789,0.87539,-0.06056,
1703614662932139264,-0.93723,53.39051,4.78724,0.58612,-0.80658,-0.06270,0.04416,-0.15148,0.84670,0.07113,
1703614663065551872,-0.94858,53.50569,4.79050,0.58695,-0.80606,-0.06241,0.04325,0.00131,0.87804,-0.00707,
1703614663198964224,-0.95435,53.62330,4.79299,0.58692,-0.80631,-0.06042,0.04178,-0.06519,0.85381,0.03775,
1703614663332375808,-0.96498,53.73705,4.79616,0.58841,-0.80536,-0.05881,0.04124,-0.12674,0.88823,-0.05234,
1703614663465795328,-0.99013,53.85502,4.79422,0.58667,-0.80637,-0.06152,0.04238,-0.15325,0.81305,0.06549,
1703614663665948928,-1.01571,54.03141,4.79113,0.58658,-0.80652,-0.06096,0.04169,-0.11597,0.89303,0.03960,
1703614663799385088,-1.03177,54.14600,4.79831,0.58867,-0.80500,-0.06157,0.04068,-0.14679,0.84833,-0.01098,
1703614663932820736,-1.05680,54.27038,4.79002,0.58761,-0.80544,-0.06407,0.04335,-0.21078,0.96517,-0.05080,
1703614664066256640,-1.07601,54.39453,4.79021,0.58737,-0.80552,-0.06482,0.04396,-0.04244,0.93179,-0.01089,
1703614664199692544,-1.07887,54.52332,4.78804,0.58715,-0.80611,-0.06077,0.04176,0.00080,0.95233,0.00528,
1703614664333128192,-1.09133,54.64870,4.78811,0.58684,-0.80652,-0.05997,0.03933,-0.15130,0.92233,-0.01395,
1703614664466556160,-1.10832,54.76843,4.79238,0.58723,-0.80614,-0.06084,0.04000,-0.06087,0.92030,-0.00161,
1703614664599965440,-1.11131,54.88548,4.79622,0.58913,-0.80506,-0.05823,0.03771,-0.01279,0.84243,0.06589,
1703614664733373952,-1.12509,55.00889,4.79469,0.58768,-0.80616,-0.05651,0.03933,-0.15091,0.87402,0.07446,
1703614664866781440,-1.14052,55.12631,4.79764,0.58881,-0.80519,-0.05751,0.04075,-0.10266,0.91971,-0.05252,
1703614665000188416,-1.15624,55.24874,4.79768,0.58862,-0.80535,-0.05769,0.04019,-0.09321,0.87260,0.07408,
1703614665133594624,-1.17262,55.36630,4.80090,0.58803,-0.80587,-0.05730,0.03891,-0.17268,0.84351,-0.01697,
1703614665266999808,-1.19832,55.48347,4.79949,0.58791,-0.80560,-0.06027,0.04172,-0.13342,0.86169,0.02802,
1703614665400404224,-1.20674,55.59776,4.80342,0.58847,-0.80516,-0.05886,0.04424,-0.02180,0.87211,-0.00151,
1703614665533813248,-1.21498,55.71782,4.80013,0.58749,-0.80615,-0.05712,0.04137,-0.07281,0.87794,0.00795,
1703614665667221760,-1.23561,55.83345,4.80155,0.58876,-0.80534,-0.05700,0.03939,-0.24546,0.88094,-0.02018,
1703614665800629504,-1.27255,55.95382,4.79674,0.58705,-0.80611,-0.06206,0.04129,-0.23769,0.88128,0.01534,
1703614665934036736,-1.29786,56.07182,4.79985,0.58882,-0.80453,-0.06386,0.04402,-0.12642,0.97520,-0.06713,
1703614666067443200,-1.30599,56.19440,4.80152,0.58831,-0.80514,-0.06185,0.04262,0.02037,0.88194,0.04652,
1703614666200848896,-1.31585,56.32048,4.79987,0.58713,-0.80622,-0.05894,0.04270,-0.22137,0.90427,0.00013,
1703614666334253568,-1.34046,56.44058,4.80084,0.58712,-0.80595,-0.06213,0.04336,-0.15787,0.90539,-0.00787,
1703614666467657472,-1.35830,56.56238,4.80066,0.58754,-0.80564,-0.06192,0.04370,-0.14863,0.92758,-0.03078,
1703614666601057536,-1.37478,56.68136,4.80112,0.58706,-0.80593,-0.06258,0.04380,-0.08674,0.84031,0.03808,
1703614666734456832,-1.39116,56.79552,4.79969,0.58704,-0.80587,-0.06288,0.04479,-0.16895,0.88236,-0.00982,
1703614666867855104,-1.41060,56.91310,4.80127,0.58696,-0.80591,-0.06353,0.04422,-0.13905,0.85249,0.05557,
1703614667001252096,-1.43109,57.02778,4.79960,0.58692,-0.80596,-0.06331,0.04405,-0.18318,0.86242,-0.00360,
1703614667134648064,-1.44717,57.14755,4.79755,0.58586,-0.80660,-0.06400,0.04555,-0.07982,0.90028,-0.04302,
1703614667268043264,-1.45616,57.26479,4.79843,0.58706,-0.80571,-0.06305,0.04705,-0.12578,0.90241,-0.01879,
1703614667401437184,-1.47304,57.38458,4.79726,0.58620,-0.80640,-0.06331,0.04565,-0.18078,0.84667,0.02174,
1703614667534846208,-1.49628,57.50590,4.79361,0.58701,-0.80574,-0.06360,0.04651,-0.19504,0.93546,-0.04748,
1703614667668258816,-1.51390,57.62746,4.79377,0.58709,-0.80560,-0.06448,0.04664,-0.08940,0.87762,0.02924,
1703614667801670656,-1.52784,57.74979,4.79342,0.58751,-0.80536,-0.06327,0.04726,-0.13229,0.93152,-0.01839,
1703614667935081984,-1.54219,57.86772,4.79636,0.58854,-0.80453,-0.06313,0.04876,-0.15212,0.89868,-0.03411,
1703614668068492800,-1.56047,57.99391,4.79064,0.58627,-0.80611,-0.06375,0.04910,-0.19858,0.89955,0.00507,
1703614668201903104,-1.58253,58.11542,4.78949,0.58628,-0.80616,-0.06454,0.04710,-0.19567,0.89029,0.01733,
1703614668335312896,-1.60516,58.23694,4.78653,0.58566,-0.80653,-0.06537,0.04731,-0.14074,0.92539,-0.02219,
1703614668468722944,-1.61620,58.35208,4.79259,0.58623,-0.80616,-0.06510,0.04701,-0.06607,0.84979,0.01388,
1703614668602134784,-1.62764,58.47258,4.78761,0.58535,-0.80692,-0.06361,0.04692,-0.13535,0.91093,-0.01938,
1703614668735545856,-1.65015,58.58830,4.78921,0.58510,-0.80700,-0.06490,0.04683,-0.14376,0.85234,-0.00091,
1703614668868956416,-1.66447,58.70431,4.78830,0.58553,-0.80671,-0.06444,0.04717,-0.07093,0.87088,0.03972,
1703614669002365952,-1.66622,58.82000,4.79271,0.58661,-0.80610,-0.06180,0.04760,0.03024,0.85488,0.01331,
1703614669135774976,-1.66853,58.93907,4.79407,0.58637,-0.80664,-0.05812,0.04616,-0.05200,0.87754,0.02421,
1703614669269183488,-1.68150,59.05395,4.79762,0.58772,-0.80576,-0.05742,0.04502,-0.15709,0.85430,-0.01455,
1703614669402591232,-1.70880,59.16840,4.79902,0.58758,-0.80557,-0.06029,0.04670,-0.21409,0.81855,0.05011,
1703614669536013824,-1.73112,59.28086,4.80061,0.58835,-0.80488,-0.06260,0.04587,-0.11783,0.87233,-0.04127,
1703614669669441024,-1.74972,59.39633,4.79839,0.58717,-0.80580,-0.06208,0.04545,-0.18105,0.83471,-0.00945,
1703614669802867712,-1.77338,59.50736,4.80017,0.58721,-0.80562,-0.06419,0.04513,-0.14600,0.79733,0.01964,
1703614669936294144,-1.79313,59.62137,4.79988,0.58761,-0.80534,-0.06398,0.04522,-0.13260,0.84536,0.02915,
1703614670069720576,-1.81304,59.73351,4.80146,0.58775,-0.80526,-0.06428,0.04446,-0.14298,0.85135,-0.00429,
1703614670203146496,-1.83262,59.84531,4.80300,0.58813,-0.80502,-0.06405,0.04411,-0.13169,0.84643,0.00838,
1703614670336572160,-1.84662,59.95640,4.80439,0.58717,-0.80582,-0.06403,0.04226,-0.07030,0.77307,0.03277,
1703614670470005248,-1.86149,60.06149,4.80385,0.58813,-0.80523,-0.06290,0.04186,-0.21304,0.82267,-0.00730,
1703614670603463680,-1.89113,60.17048,4.80370,0.58755,-0.80511,-0.06682,0.04608,-0.21088,0.81373,-0.00294,
1703614670736922624,-1.90069,60.28238,4.80424,0.58802,-0.80489,-0.06563,0.04560,-0.01612,0.84244,0.01459,
1703614670870382336,-1.90630,60.39505,4.80479,0.58786,-0.80533,-0.06283,0.04377,-0.10659,0.82206,-0.00624,
1703614671003842304,-1.92853,60.50881,4.80059,0.58639,-0.80607,-0.06457,0.04725,-0.21406,0.81612,-0.01725,
1703614671137302784,-1.94706,60.61530,4.80688,0.58754,-0.80498,-0.06632,0.04906,-0.08271,0.80190,0.00046,
1703614671270764032,-1.95166,60.72608,4.80205,0.58669,-0.80610,-0.06231,0.04610,-0.02995,0.76524,0.08034,
1703614671404226048,-1.96886,60.83638,4.80287,0.58624,-0.80648,-0.06198,0.04555,-0.16189,0.80248,-0.00173,
1703614671537647360,-1.98515,60.94608,4.80466,0.58748,-0.80552,-0.06280,0.04532,-0.07781,0.83725,0.00704,
1703614671671054080,-1.99494,61.05969,4.80458,0.58669,-0.80628,-0.06144,0.04397,-0.10083,0.83950,0.00725,
1703614671804460032,-2.01030,61.17336,4.80652,0.58767,-0.80563,-0.06140,0.04291,-0.09724,0.86132,0.00805,
1703614671937864960,-2.02332,61.28827,4.80709,0.58749,-0.80581,-0.06088,0.04272,-0.12685,0.85568,0.01842,
1703614672071269376,-2.04433,61.40359,4.80780,0.58700,-0.80600,-0.06220,0.04396,-0.17301,0.86772,-0.01941,
1703614672204672512,-2.06478,61.51784,4.80847,0.58716,-0.80575,-0.06312,0.04500,-0.13334,0.86482,-0.00648,
1703614672338075136,-2.08005,61.63259,4.80858,0.58679,-0.80616,-0.06271,0.04298,-0.11021,0.83194,-0.00145,
1703614672471483136,-2.10182,61.74258,4.81065,0.58716,-0.80579,-0.06347,0.04375,-0.21041,0.82970,0.05395,
1703614672604909568,-2.12641,61.85375,4.80867,0.58687,-0.80567,-0.06652,0.04535,-0.15253,0.87322,-0.04419,
1703614672738335488,-2.13776,61.96427,4.81204,0.58791,-0.80499,-0.06523,0.04583,-0.06617,0.83655,0.04058,
1703614672871761664,-2.15004,62.07883,4.81073,0.58800,-0.80521,-0.06352,0.04315,-0.08320,0.84292,0.00392,
1703614673005187072,-2.16985,62.19059,4.80996,0.58708,-0.80580,-0.06323,0.04497,-0.15218,0.82511,0.00575,
1703614673138612224,-2.18664,62.29836,4.80831,0.58844,-0.80469,-0.06548,0.04377,-0.02211,0.88112,-0.05185,
1703614673272037376,-2.19850,62.41566,4.80564,0.58633,-0.80642,-0.06338,0.04350,-0.10965,0.80407,0.04602,
1703614673405462016,-2.21242,62.52812,4.80492,0.58721,-0.80579,-0.06308,0.04362,-0.10967,0.83792,0.02316,
1703614673538930688,-2.23070,62.64416,4.80028,0.58581,-0.80676,-0.06417,0.04306,-0.14278,0.85179,-0.00784,
1703614673672419584,-2.25018,62.75687,4.80414,0.58761,-0.80540,-0.06455,0.04335,-0.15290,0.86561,-0.00276,
1703614673805911296,-2.26433,62.87631,4.80333,0.58710,-0.80585,-0.06440,0.04212,-0.09766,0.86109,0.00576,
1703614673939406080,-2.28021,62.98791,4.80783,0.58779,-0.80535,-0.06473,0.04154,-0.11642,0.87118,-0.02611,
1703614674072904704,-2.29431,63.10250,4.80683,0.58748,-0.80559,-0.06455,0.04146,-0.13175,0.87376,-0.00955,
1703614674273158144,-2.31853,63.27641,4.80462,0.58695,-0.80603,-0.06456,0.04054,-0.08438,0.90503,-0.06653,
1703614674406664192,-2.32945,63.39536,4.80541,0.58677,-0.80625,-0.06295,0.04109,-0.11333,0.82028,0.08747,
1703614674540111872,-2.34483,63.51302,4.80266,0.58629,-0.80655,-0.06392,0.04065,-0.09404,0.91763,-0.04128,
1703614674673536512,-2.35485,63.62994,4.80656,0.58640,-0.80655,-0.06240,0.04145,-0.06044,0.86173,-0.00103,
1703614674806961664,-2.36522,63.74742,4.80762,0.58655,-0.80652,-0.06138,0.04151,-0.12067,0.89705,-0.02084,
1703614674940386304,-2.37803,63.86065,4.80697,0.58707,-0.80615,-0.06103,0.04168,-0.06406,0.83591,0.04943,
1703614675073810944,-2.38698,63.97949,4.80627,0.58726,-0.80627,-0.05927,0.03914,-0.12109,0.88581,-0.03340,
1703614675207235840,-2.40311,64.09751,4.80543,0.58762,-0.80602,-0.05923,0.03899,-0.13445,0.89119,-0.02504,
1703614675340660480,-2.41537,64.21725,4.80319,0.58719,-0.80642,-0.05953,0.03670,-0.06823,0.89750,-0.01821,
1703614675474084096,-2.42983,64.33764,4.80436,0.58770,-0.80612,-0.05888,0.03613,-0.19124,0.90231,-0.04390,
1703614675607502592,-2.45406,64.45820,4.80104,0.58718,-0.80638,-0.06168,0.03427,-0.15754,0.88696,-0.01316,
1703614675740920832,-2.46566,64.57899,4.80356,0.58695,-0.80663,-0.06036,0.03451,-0.06097,0.88182,0.01408,
1703614675874338560,-2.46641,64.69741,4.80518,0.58726,-0.80664,-0.05790,0.03312,0.03428,0.83251,0.08097,
1703614676007756032,-2.47242,64.81571,4.80965,0.58768,-0.80649,-0.05547,0.03363,-0.05460,0.85947,0.00741,
1703614676141172992,-2.47264,64.93418,4.81402,0.58908,-0.80570,-0.05302,0.03204,0.01315,0.89155,-0.00055,
1703614676274589184,-2.48272,65.04941,4.81508,0.58932,-0.80553,-0.05302,0.03176,-0.10737,0.86456,-0.00789,
1703614676408005632,-2.49659,65.16923,4.81347,0.58844,-0.80618,-0.05335,0.03093,-0.07927,0.86465,0.02634,
1703614676541431296,-2.50615,65.28738,4.81094,0.58769,-0.80682,-0.05212,0.03076,-0.07443,0.86694,0.01962,
1703614676674861312,-2.51872,65.40271,4.81420,0.58864,-0.80610,-0.05248,0.03078,-0.14291,0.86501,0.00429,
1703614676808291072,-2.53848,65.52080,4.81350,0.58849,-0.80606,-0.05412,0.03177,-0.13175,0.85566,0.01935,
1703614676941721344,-2.54957,65.63531,4.81458,0.58863,-0.80608,-0.05310,0.03053,-0.07628,0.86225,0.01590,
1703614677075151616,-2.56128,65.75054,4.81615,0.58957,-0.80539,-0.05280,0.03113,-0.12364,0.88132,-0.02022,
1703614677208582144,-2.57654,65.86761,4.81571,0.58919,-0.80564,-0.05358,0.03037,-0.13768,0.86087,0.01784,
1703614677408728320,-2.60622,66.04131,4.81698,0.58986,-0.80513,-0.05507,0.02822,-0.16884,0.83875,0.04126,
1703614677542151936,-2.62179,66.15994,4.81943,0.59060,-0.80452,-0.05572,0.02909,-0.08712,0.90699,-0.06507,
1703614677675571712,-2.62894,66.27917,4.81833,0.58974,-0.80508,-0.05556,0.03091,-0.00284,0.85338,0.03998,
1703614677808991488,-2.63509,66.39525,4.81721,0.58925,-0.80555,-0.05351,0.03181,-0.10843,0.87001,-0.02506,
1703614677942411008,-2.65271,66.50932,4.81601,0.58867,-0.80585,-0.05481,0.03277,-0.10932,0.83686,0.00946,
1703614678075829760,-2.66263,66.62363,4.81648,0.58857,-0.80605,-0.05363,0.03143,-0.05852,0.83740,0.00906,
1703614678209248256,-2.66420,66.73741,4.81654,0.58823,-0.80652,-0.05071,0.03084,0.01522,0.82703,0.01627,
1703614678342666752,-2.66654,66.84996,4.81801,0.58912,-0.80596,-0.04888,0.03124,-0.09168,0.83872,-0.01852,
1703614678476085504,-2.68258,66.96498,4.81541,0.58859,-0.80629,-0.04975,0.03140,-0.16956,0.82327,0.01312,
1703614678609505536,-2.70271,67.07670,4.81389,0.58859,-0.80625,-0.05109,0.03016,-0.15832,0.85035,-0.03556,
1703614678742925568,-2.71949,67.19004,4.81443,0.58814,-0.80648,-0.05202,0.03123,-0.09104,0.80499,0.02627,
1703614678876344832,-2.72636,67.30469,4.81352,0.58796,-0.80665,-0.05130,0.03145,-0.06075,0.84753,-0.00681,
1703614679009764096,-2.73704,67.42010,4.81147,0.58785,-0.80680,-0.05087,0.03015,-0.15949,0.85792,-0.00700,
1703614679143183104,-2.76051,67.53661,4.81106,0.58783,-0.80669,-0.05315,0.02966,-0.18679,0.85954,-0.00764,
1703614679276601600,-2.77982,67.64995,4.81090,0.58813,-0.80630,-0.05481,0.03129,-0.10540,0.86382,-0.00029,
1703614679410019840,-2.79038,67.76365,4.81535,0.58867,-0.80594,-0.05449,0.03093,-0.07959,0.84921,-0.01537,
1703614679543447808,-2.80363,67.88154,4.81171,0.58805,-0.80635,-0.05418,0.03242,-0.08871,0.88349,0.00349,
1703614679743596800,-2.82355,68.05705,4.81355,0.58804,-0.80637,-0.05417,0.03219,-0.13925,0.88458,-0.03018,
1703614679877029888,-2.83845,68.17384,4.81646,0.58799,-0.80633,-0.05491,0.03287,-0.11314,0.86603,0.03253,
1703614680010462976,-2.85429,68.29250,4.81532,0.58777,-0.80641,-0.05569,0.03368,-0.12230,0.88161,0.00068,
1703614680143896576,-2.86808,68.40948,4.81651,0.58780,-0.80632,-0.05597,0.03478,-0.06470,0.86521,0.01539,
1703614680344047360,-2.88699,68.58865,4.81531,0.58796,-0.80625,-0.05512,0.03502,-0.14944,0.91284,-0.02428,
1703614680544191232,-2.91746,68.77110,4.81592,0.58767,-0.80632,-0.05686,0.03539,-0.15256,0.92649,-0.02620,
1703614680677614080,-2.93158,68.89287,4.81512,0.58702,-0.80675,-0.05732,0.03577,-0.07327,0.88946,0.03465,
1703614680811036672,-2.94525,69.01425,4.81848,0.58736,-0.80652,-0.05672,0.03644,-0.15296,0.92986,-0.02715,
1703614680944458752,-2.96561,69.13640,4.81825,0.58743,-0.80640,-0.05815,0.03561,-0.16502,0.92026,0.01293,
1703614681077880832,-2.98465,69.25975,4.81901,0.58716,-0.80653,-0.05838,0.03683,-0.13989,0.91252,-0.00060,
1703614681211302400,-3.00642,69.38358,4.82237,0.58740,-0.80624,-0.06004,0.03638,-0.20196,0.90588,0.01652,
1703614681344723968,-3.03501,69.50403,4.82091,0.58754,-0.80582,-0.06248,0.03932,-0.23361,0.91594,0.00766,
1703614681478145536,-3.06019,69.62534,4.82299,0.58778,-0.80545,-0.06497,0.03934,-0.09117,0.92021,-0.00354,
1703614681678279680,-3.06951,69.80940,4.82160,0.58700,-0.80631,-0.06134,0.03913,-0.03831,0.87841,0.05504,
1703614681811701760,-3.07941,69.93357,4.82106,0.58662,-0.80671,-0.05965,0.03918,-0.14533,0.93106,-0.00704,
1703614681945123328,-3.09897,70.05367,4.82558,0.58801,-0.80560,-0.06112,0.03899,-0.14213,0.93410,-0.03148,
1703614682078545152,-3.11318,70.17909,4.82223,0.58644,-0.80675,-0.06052,0.03967,-0.11687,0.93994,-0.00531,
1703614682211966464,-3.12366,70.29782,4.82650,0.58820,-0.80553,-0.05985,0.03953,-0.06867,0.90663,0.04164,
1703614682345387520,-3.13538,70.42296,4.82239,0.58688,-0.80656,-0.05920,0.03920,-0.09220,0.90563,0.01657,
1703614682478808064,-3.14897,70.54657,4.82746,0.58836,-0.80556,-0.05887,0.03793,-0.09341,0.94332,-0.00115,
1703614682612226560,-3.16164,70.67004,4.82506,0.58790,-0.80594,-0.05832,0.03792,-0.09678,0.91006,0.01667,
1703614682745644544,-3.16954,70.79235,4.82753,0.58810,-0.80588,-0.05697,0.03801,-0.05664,0.94647,-0.03976,
1703614682879062272,-3.17616,70.91475,4.82503,0.58836,-0.80581,-0.05542,0.03780,-0.06654,0.92668,0.01305,
1703614683012479232,-3.18824,71.03988,4.82303,0.58782,-0.80634,-0.05493,0.03551,-0.11107,0.92208,-0.00106,
1703614683145895936,-3.20496,71.16840,4.81759,0.58726,-0.80673,-0.05489,0.03602,-0.18334,0.96289,-0.03987,
1703614683279311872,-3.22586,71.29384,4.82030,0.58742,-0.80646,-0.05690,0.03639,-0.12792,0.92253,0.02312,
1703614683412727808,-3.23615,71.42393,4.81783,0.58686,-0.80692,-0.05524,0.03782,-0.00693,0.95632,0.01059,
1703614683546147840,-3.23789,71.55451,4.81726,0.58668,-0.80734,-0.05254,0.03532,-0.02527,0.97510,-0.03359,
1703614683679569152,-3.25187,71.68503,4.81693,0.58627,-0.80767,-0.05192,0.03539,-0.17442,0.93060,0.03178,
1703614683812990976,-3.27808,71.81166,4.81645,0.58598,-0.80772,-0.05394,0.03598,-0.24843,0.92120,0.05156,
1703614683946412032,-3.31074,71.93499,4.81729,0.58543,-0.80773,-0.05739,0.03940,-0.24757,0.93255,-0.01676,
1703614684079833088,-3.33856,72.05982,4.81700,0.58613,-0.80697,-0.05977,0.04096,-0.14530,0.98034,-0.06090,
1703614684213253376,-3.36123,72.18807,4.81692,0.58486,-0.80785,-0.06024,0.04116,-0.18355,0.93962,0.02449,
1703614684346673664,-3.38823,72.31368,4.81456,0.58494,-0.80770,-0.06136,0.04130,-0.27691,0.96923,-0.07007,
1703614684480094208,-3.42586,72.43864,4.81420,0.58401,-0.80786,-0.06600,0.04389,-0.28076,0.88726,0.03560,
1703614684613516800,-3.45613,72.56526,4.80713,0.58311,-0.80820,-0.06848,0.04599,-0.17777,0.96787,-0.03242,
1703614684746939136,-3.47685,72.68842,4.81023,0.58444,-0.80723,-0.06869,0.04568,-0.11526,0.93746,-0.00654,
1703614684880361216,-3.49060,72.81860,4.80463,0.58334,-0.80817,-0.06651,0.04648,-0.12814,0.95020,0.00742,
1703614685080493824,-3.51213,73.00535,4.80480,0.58362,-0.80798,-0.06586,0.04710,-0.14196,0.92694,0.02212,
1703614685213915392,-3.52892,73.12815,4.80849,0.58533,-0.80685,-0.06604,0.04504,-0.12806,0.92187,-0.00386,
1703614685347336448,-3.55012,73.25309,4.80362,0.58436,-0.80755,-0.06617,0.04475,-0.19818,0.91848,0.00977,
1703614685480758784,-3.57451,73.37258,4.80634,0.58606,-0.80623,-0.06806,0.04351,-0.21925,0.93084,-0.04327,
1703614685614188544,-3.59990,73.49370,4.80299,0.58498,-0.80675,-0.06940,0.04626,-0.16590,0.89187,-0.00480,
1703614685747618816,-3.61407,73.61652,4.80004,0.58486,-0.80689,-0.06920,0.04554,-0.08436,0.91357,-0.00096,
1703614685881049344,-3.63245,73.73863,4.79921,0.58472,-0.80699,-0.06880,0.04616,-0.17545,0.90482,-0.00315,
1703614686014479616,-3.65417,73.85547,4.80349,0.58546,-0.80642,-0.06974,0.04542,-0.15672,0.85500,0.04789,
1703614686147910400,-3.67457,73.97300,4.80348,0.58583,-0.80617,-0.06907,0.04604,-0.16504,0.89407,-0.00988,
1703614686281341184,-3.69069,74.09112,4.80426,0.58617,-0.80600,-0.06920,0.04452,-0.11912,0.92738,-0.07091,
1703614686481489152,-3.72376,74.27264,4.80462,0.58619,-0.80582,-0.07062,0.04517,-0.16293,0.85155,0.05717,
1703614686614938368,-3.74259,74.39800,4.80155,0.58633,-0.80570,-0.07025,0.04615,-0.12108,0.97248,-0.05838,
1703614686748388096,-3.75730,74.51969,4.80756,0.58699,-0.80524,-0.06947,0.04691,-0.09712,0.88478,0.01304,
1703614686948564992,-3.78120,74.70071,4.80732,0.58662,-0.80558,-0.06890,0.04651,-0.11006,0.85841,0.02976,
1703614687082017536,-3.80051,74.81655,4.80762,0.58766,-0.80493,-0.06851,0.04526,-0.20466,0.89056,-0.01494,
1703614687215471616,-3.82745,74.93113,4.80982,0.58757,-0.80484,-0.07091,0.04440,-0.15116,0.80729,0.05786,
1703614687348926208,-3.84629,75.04225,4.81039,0.58770,-0.80476,-0.07082,0.04421,-0.13976,0.85068,-0.01510,
1703614687482378496,-3.86150,75.15525,4.80961,0.58793,-0.80451,-0.07116,0.04528,-0.06019,0.84785,0.01637,
1703614687615806976,-3.87221,75.26793,4.81166,0.58854,-0.80418,-0.06987,0.04508,-0.13104,0.86551,-0.01497,
1703614687749235456,-3.89770,75.37960,4.81237,0.58861,-0.80403,-0.07175,0.04385,-0.22013,0.84609,-0.01695,
1703614687882663680,-3.91666,75.48736,4.81242,0.58772,-0.80485,-0.07147,0.04113,-0.14152,0.74969,0.02522,
1703614688016092416,-3.93660,75.59259,4.81207,0.58878,-0.80405,-0.07172,0.04119,-0.11699,0.80888,-0.03361,
1703614688149520384,-3.95233,75.69966,4.81305,0.58931,-0.80347,-0.07303,0.04258,-0.04095,0.79791,0.01669,
1703614688349662720,-3.97146,75.86496,4.81170,0.58917,-0.80373,-0.07133,0.04249,-0.10860,0.82571,-0.01780,
1703614688483092224,-3.98783,75.97807,4.81302,0.58972,-0.80341,-0.07035,0.04266,-0.13771,0.83152,0.00647,
1703614688616530688,-4.01098,76.08982,4.81148,0.58907,-0.80371,-0.07229,0.04280,-0.16468,0.80534,0.04809,
1703614688749969920,-4.02245,76.20250,4.81095,0.58818,-0.80443,-0.07121,0.04325,-0.07578,0.84442,-0.00935,
1703614688883409408,-4.03251,76.31266,4.80969,0.58810,-0.80455,-0.07015,0.04385,-0.10485,0.83837,-0.01308,
1703614689083569408,-4.05372,76.48047,4.81132,0.58820,-0.80459,-0.06904,0.04349,-0.15148,0.83726,0.00215,
1703614689217010176,-4.07455,76.59270,4.81097,0.58770,-0.80492,-0.06996,0.04268,-0.13399,0.82206,0.00555,
1703614689350451456,-4.08950,76.70519,4.81141,0.58781,-0.80481,-0.06951,0.04396,-0.11435,0.85300,-0.01758,
1703614689483891968,-4.10088,76.82236,4.81128,0.58783,-0.80501,-0.06797,0.04242,-0.07524,0.87579,-0.00489,
1703614689617325312,-4.11824,76.93871,4.81032,0.58706,-0.80566,-0.06751,0.04144,-0.20641,0.85941,-0.00266,
1703614689750758656,-4.14432,77.05420,4.80760,0.58653,-0.80594,-0.06948,0.04011,-0.17984,0.86414,-0.00822,
1703614689884192256,-4.16532,77.16906,4.80870,0.58699,-0.80555,-0.06991,0.04061,-0.15191,0.84902,0.00662,
1703614690017625856,-4.17691,77.28661,4.80777,0.58678,-0.80587,-0.06901,0.03867,-0.03730,0.88946,0.00607,
1703614690151059712,-4.18299,77.40352,4.81209,0.58751,-0.80549,-0.06673,0.03955,-0.09285,0.84484,0.02177,
1703614690284493568,-4.19519,77.52726,4.80702,0.58614,-0.80639,-0.06743,0.04038,-0.04400,0.90921,-0.01564,
1703614690417927680,-4.20527,77.64822,4.80895,0.58670,-0.80620,-0.06533,0.03936,-0.11905,0.89564,-0.01863,
1703614690551359488,-4.22589,77.77200,4.80522,0.58505,-0.80749,-0.06552,0.03723,-0.22284,0.87434,0.04043,
1703614690684788736,-4.25080,77.89263,4.80402,0.58520,-0.80715,-0.06777,0.03809,-0.14428,0.91584,-0.00315,
1703614690818218496,-4.25853,78.01128,4.80851,0.58590,-0.80670,-0.06648,0.03928,0.00690,0.93085,-0.03509,
1703614690951648256,-4.25811,78.13266,4.80813,0.58591,-0.80711,-0.06254,0.03714,-0.00952,0.90032,0.00441,
1703614691085077504,-4.27151,78.25205,4.80714,0.58558,-0.80745,-0.06211,0.03549,-0.17440,0.87834,0.03890,
1703614691218507008,-4.29912,78.36693,4.80717,0.58613,-0.80676,-0.06470,0.03741,-0.25594,0.87000,0.01002,
1703614691351936768,-4.32278,78.48263,4.80853,0.58637,-0.80626,-0.06731,0.03973,-0.09173,0.89519,0.00752,
1703614691485366016,-4.32909,78.60199,4.80942,0.58689,-0.80610,-0.06511,0.03901,-0.05211,0.85896,0.03498,
1703614691618796544,-4.33885,78.72356,4.81136,0.58733,-0.80598,-0.06356,0.03751,-0.10499,0.87667,0.05791,
1703614691752227072,-4.35473,78.84337,4.81253,0.58757,-0.80573,-0.06421,0.03779,-0.12867,0.89348,0.00721,
1703614691885657600,-4.36914,78.96697,4.81054,0.58683,-0.80629,-0.06407,0.03768,-0.09295,0.93572,-0.01595,
1703614692019087872,-4.38045,79.08755,4.81125,0.58777,-0.80574,-0.06304,0.03640,-0.06366,0.91679,-0.02450,
1703614692152518400,-4.39067,79.21080,4.81336,0.58795,-0.80574,-0.06169,0.03597,-0.13138,0.91722,0.00464,
1703614692285948672,-4.41068,79.33136,4.81221,0.58887,-0.80495,-0.06290,0.03640,-0.15202,0.95271,-0.03563,
1703614692419378944,-4.42741,79.45275,4.81352,0.58872,-0.80511,-0.06267,0.03588,-0.06782,0.89795,0.03069,
1703614692552805376,-4.43551,79.57658,4.81244,0.58891,-0.80513,-0.06062,0.03564,-0.04866,0.93438,0.02164,
1703614692752940544,-4.43821,79.76359,4.81157,0.58892,-0.80539,-0.05661,0.03616,-0.07006,0.90871,0.00731,
1703614692886363392,-4.44881,79.88815,4.81104,0.58877,-0.80561,-0.05614,0.03455,-0.10703,0.90412,0.02688,
1703614693086498048,-4.47014,80.07499,4.81072,0.58888,-0.80569,-0.05539,0.03188,-0.04247,0.93774,-0.00589,
1703614693286631936,-4.49084,80.25548,4.81419,0.58951,-0.80523,-0.05535,0.03189,-0.15243,0.93857,-0.02668,
1703614693420054528,-4.50567,80.37899,4.81375,0.58862,-0.80583,-0.05593,0.03231,-0.05822,0.90626,0.00916,
1703614693553481728,-4.51302,80.49824,4.81199,0.58755,-0.80689,-0.05301,0.02999,-0.07449,0.85543,-0.00040,
1703614693686912768,-4.54008,80.61101,4.81447,0.58917,-0.80566,-0.05401,0.02961,-0.30667,0.86205,0.02737,
1703614693820343552,-4.57847,80.72803,4.81241,0.58893,-0.80514,-0.06032,0.03576,-0.25397,0.91044,-0.06615,
1703614693953774336,-4.60057,80.84374,4.81431,0.58856,-0.80517,-0.06310,0.03642,-0.02686,0.86829,0.03519,
1703614694087205120,-4.60286,80.96326,4.81403,0.58903,-0.80521,-0.05836,0.03569,-0.09163,0.89544,-0.01075,
1703614694220635904,-4.61937,81.08400,4.81467,0.58888,-0.80535,-0.05841,0.03501,-0.16198,0.86996,0.02362,
1703614694354066944,-4.64298,81.20376,4.81233,0.58915,-0.80491,-0.06075,0.03652,-0.14478,0.91928,-0.02524,
1703614694554210304,-4.66306,81.38728,4.81085,0.58905,-0.80502,-0.05952,0.03751,-0.11187,0.89112,0.01734,
1703614694687636736,-4.67494,81.50959,4.81201,0.58916,-0.80504,-0.05860,0.03680,-0.13526,0.89748,-0.00184,
1703614694887775744,-4.70136,81.68225,4.81573,0.58973,-0.80453,-0.05923,0.03784,-0.08940,0.88548,0.00076,
1703614695021201664,-4.71228,81.80287,4.81553,0.58928,-0.80496,-0.05834,0.03710,-0.08289,0.86956,0.03914,
1703614695154627328,-4.72904,81.92465,4.81677,0.58931,-0.80497,-0.05776,0.03737,-0.15622,0.92560,-0.04748,
1703614695288053248,-4.74714,82.04595,4.81843,0.58955,-0.80471,-0.05914,0.03697,-0.07766,0.87433,0.02030,
1703614695421478656,-4.75915,82.16136,4.81725,0.58989,-0.80455,-0.05777,0.03725,-0.11007,0.90652,-0.02851,
1703614695554907648,-4.77238,82.27948,4.81795,0.59007,-0.80452,-0.05754,0.03531,-0.11256,0.86816,-0.00393,
1703614695688338432,-4.79151,82.39884,4.81854,0.59020,-0.80434,-0.05826,0.03621,-0.15578,0.85720,0.01810,
1703614695888485632,-4.81255,82.57116,4.81903,0.59025,-0.80434,-0.05802,0.03566,-0.10387,0.83726,0.00895,
1703614696021916928,-4.82665,82.68852,4.81803,0.58888,-0.80533,-0.05860,0.03515,-0.08842,0.80767,0.04286,
1703614696155347968,-4.84279,82.80117,4.82012,0.58968,-0.80471,-0.05859,0.03586,-0.16523,0.86729,-0.01072,
1703614696288779264,-4.85903,82.91514,4.81926,0.58944,-0.80483,-0.05920,0.03608,-0.10729,0.81145,0.04959,
1703614696422210816,-4.87109,83.03027,4.82013,0.58918,-0.80506,-0.05820,0.03682,-0.09156,0.85414,-0.00835,
1703614696555642368,-4.88513,83.14921,4.81854,0.58913,-0.80507,-0.05845,0.03705,-0.11123,0.88015,-0.03694,
1703614696689074432,-4.90043,83.26266,4.81996,0.58890,-0.80522,-0.05850,0.03749,-0.13879,0.80976,0.04230,
1703614696822506496,-4.91433,83.38000,4.81838,0.58837,-0.80560,-0.05857,0.03739,-0.11217,0.84174,0.02452,
1703614696955938560,-4.92808,83.49644,4.81733,0.58795,-0.80592,-0.05849,0.03730,-0.14680,0.84071,0.01367,
1703614697089370880,-4.94566,83.61235,4.81829,0.58743,-0.80618,-0.05945,0.03834,-0.11231,0.86907,-0.01106,
1703614697222802944,-4.95532,83.72816,4.82157,0.58799,-0.80585,-0.05826,0.03850,-0.09719,0.85070,-0.01677,
1703614697356235264,-4.97211,83.84528,4.82011,0.58736,-0.80621,-0.05942,0.03888,-0.17476,0.84315,0.03754,
1703614697489667328,-4.99158,83.95952,4.81894,0.58764,-0.80594,-0.06050,0.03859,-0.16091,0.86282,-0.00298,
1703614697623100160,-5.00866,84.07625,4.81587,0.58643,-0.80682,-0.06058,0.03822,-0.06082,0.84525,0.00800,
1703614697756532736,-5.01564,84.18853,4.81935,0.58772,-0.80605,-0.05843,0.03806,-0.09409,0.86364,-0.00417,
1703614697889965312,-5.03384,84.30330,4.81557,0.58659,-0.80668,-0.05985,0.03996,-0.15555,0.84638,0.00578,
1703614698023397888,-5.04502,84.41993,4.81470,0.58619,-0.80697,-0.05895,0.04131,-0.07644,0.85567,0.02678,
1703614698156830720,-5.05553,84.53776,4.81563,0.58644,-0.80691,-0.05786,0.04049,-0.10262,0.86518,0.01774,
1703614698290263808,-5.06977,84.65542,4.81818,0.58679,-0.80668,-0.05743,0.04060,-0.16945,0.88441,-0.02879,
1703614698423696640,-5.09462,84.76938,4.81756,0.58710,-0.80624,-0.05917,0.04232,-0.26802,0.86151,-0.00234,
1703614698557129472,-5.12459,84.88643,4.81738,0.58647,-0.80644,-0.06198,0.04312,-0.22956,0.87097,-0.00512,
1703614698690561792,-5.14831,85.00433,4.81750,0.58668,-0.80612,-0.06326,0.04455,-0.15986,0.85694,0.02712,
1703614698823994368,-5.15991,85.12388,4.81915,0.58705,-0.80594,-0.06272,0.04364,-0.02832,0.90269,-0.02090,
1703614698957426944,-5.16669,85.24768,4.81714,0.58658,-0.80649,-0.06018,0.04324,-0.08321,0.89410,0.02380,
1703614699090859776,-5.17949,85.36869,4.81861,0.58669,-0.80648,-0.05994,0.04236,-0.12941,0.88672,0.00753,
1703614699224292352,-5.19621,85.49200,4.81903,0.58701,-0.80632,-0.05923,0.04194,-0.16182,0.91616,-0.01468,
1703614699357725184,-5.21468,85.61395,4.81873,0.58717,-0.80619,-0.05980,0.04124,-0.14179,0.89002,0.01871,
1703614699491157760,-5.23217,85.73464,4.82040,0.58763,-0.80572,-0.06090,0.04229,-0.08731,0.91169,0.00284,
1703614699624589568,-5.23838,85.85448,4.82252,0.58824,-0.80548,-0.05878,0.04135,-0.06593,0.88441,0.02950,
1703614699758021376,-5.25138,85.97408,4.82194,0.58833,-0.80551,-0.05781,0.04086,-0.13297,0.87909,0.03071,
1703614699891452672,-5.26861,86.09157,4.82328,0.58882,-0.80499,-0.05912,0.04222,-0.11474,0.91139,-0.02447,
1703614700024884480,-5.28167,86.20958,4.82238,0.58859,-0.80518,-0.05888,0.04222,-0.09346,0.86346,0.05406,
1703614700158316288,-5.29264,86.32623,4.82380,0.58869,-0.80527,-0.05730,0.04131,-0.09890,0.86692,0.01235,
1703614700291748352,-5.30763,86.44128,4.82661,0.58945,-0.80466,-0.05791,0.04152,-0.11605,0.89544,-0.02295,
1703614700425180160,-5.32302,86.56047,4.82692,0.58921,-0.80482,-0.05772,0.04194,-0.14993,0.87262,0.00973,
1703614700558611968,-5.34481,86.67888,4.82697,0.58909,-0.80480,-0.05893,0.04238,-0.17302,0.86737,0.04212,
1703614700692043520,-5.36434,86.79619,4.82729,0.58900,-0.80476,-0.05974,0.04328,-0.11370,0.88559,-0.01245,
1703614700825475328,-5.37960,86.91446,4.82865,0.58877,-0.80495,-0.05981,0.04275,-0.12616,0.87405,0.02842,
1703614700958906880,-5.39566,87.03414,4.82927,0.58893,-0.80486,-0.05936,0.04286,-0.16282,0.88623,0.01373,
1703614701092338688,-5.41517,87.15229,4.83149,0.58932,-0.80444,-0.06062,0.04362,-0.14066,0.85688,0.02986,
1703614701225770496,-5.43180,87.26953,4.83457,0.58939,-0.80433,-0.06092,0.04435,-0.14399,0.86106,0.05109,
1703614701359202304,-5.45190,87.38381,4.83719,0.58961,-0.80410,-0.06205,0.04394,-0.15691,0.84703,0.00699,
1703614701492634624,-5.46937,87.49651,4.83759,0.58939,-0.80419,-0.06203,0.04527,-0.13260,0.86769,-0.02133,
1703614701626066688,-5.48396,87.60949,4.83938,0.58966,-0.80403,-0.06161,0.04504,-0.09013,0.84592,0.00490,
1703614701759498752,-5.49725,87.72265,4.84059,0.58960,-0.80412,-0.06077,0.04552,-0.11912,0.84056,0.02197,
1703614701892931328,-5.51429,87.83681,4.84186,0.58963,-0.80407,-0.06080,0.04590,-0.16100,0.83217,0.03184,
1703614702026363392,-5.53479,87.94591,4.84604,0.59012,-0.80369,-0.06180,0.04505,-0.13467,0.82595,-0.00327,
1703614702159795712,-5.55390,88.05121,4.84805,0.59034,-0.80351,-0.06240,0.04440,-0.13205,0.77174,0.02330,
1703614702293228288,-5.57460,88.15768,4.84646,0.59007,-0.80353,-0.06258,0.04731,-0.24755,0.81793,-0.04876,
1703614702426660608,-5.60053,88.26494,4.84515,0.59004,-0.80335,-0.06434,0.04837,-0.16168,0.81531,0.01594,
1703614702560088832,-5.61156,88.37405,4.84699,0.59034,-0.80320,-0.06345,0.04828,-0.03393,0.83555,-0.01972,
1703614702693512960,-5.61740,88.48619,4.84583,0.58956,-0.80395,-0.06128,0.04822,-0.10576,0.82581,0.01287,
1703614702826936832,-5.63141,88.59731,4.84786,0.59032,-0.80343,-0.06111,0.04782,-0.14263,0.82942,-0.00549,
1703614702960360192,-5.64910,88.70802,4.84938,0.59049,-0.80327,-0.06164,0.04775,-0.05947,0.82865,0.02388,
1703614703093783808,-5.65271,88.81853,4.85237,0.59093,-0.80317,-0.05913,0.04714,0.01221,0.83699,-0.01301,
1703614703227207424,-5.65502,88.93280,4.84777,0.58906,-0.80487,-0.05642,0.04483,-0.03273,0.81557,-0.00351,
1703614703360630528,-5.66791,89.03947,4.85074,0.58987,-0.80454,-0.05525,0.04152,-0.18303,0.78368,0.01256,
1703614703494058752,-5.69398,89.14232,4.85155,0.59053,-0.80380,-0.05734,0.04341,-0.22319,0.80080,-0.01687,
1703614703627492096,-5.72057,89.25027,4.85003,0.58974,-0.80384,-0.06149,0.04750,-0.16057,0.79545,0.01801,
1703614703760925440,-5.73299,89.36036,4.85050,0.58951,-0.80398,-0.06081,0.04893,-0.04062,0.83232,0.00827,
1703614703894359040,-5.74041,89.47425,4.84928,0.58875,-0.80483,-0.05845,0.04691,-0.11315,0.84751,-0.02874,
1703614704027792384,-5.76150,89.58823,4.84971,0.58829,-0.80512,-0.05953,0.04635,-0.23151,0.83644,-0.00014,
1703614704161226240,-5.79081,89.69770,4.84871,0.58759,-0.80544,-0.06234,0.04602,-0.16440,0.79669,0.00028,
1703614704294659840,-5.80853,89.80958,4.84844,0.58783,-0.80520,-0.06214,0.04740,-0.12073,0.84816,0.01961,
1703614704428093696,-5.81945,89.92526,4.84976,0.58793,-0.80511,-0.06173,0.04814,-0.03258,0.87016,0.01265,
1703614704561526016,-5.82373,90.04017,4.84916,0.58850,-0.80496,-0.05960,0.04639,-0.10467,0.87381,0.01132,
1703614704761675008,-5.85767,90.21958,4.84676,0.58749,-0.80566,-0.06087,0.04539,-0.17002,0.91653,-0.04117,
1703614704895107328,-5.87237,90.34046,4.84440,0.58709,-0.80595,-0.06046,0.04592,-0.04933,0.94170,-0.04164,
1703614705028539904,-5.87858,90.45858,4.84330,0.58589,-0.80681,-0.05948,0.04735,-0.05556,0.86115,0.01073,
1703614705161972480,-5.88980,90.57505,4.84358,0.58658,-0.80634,-0.05885,0.04767,-0.09586,0.89596,0.01991,
1703614705295404800,-5.90802,90.69760,4.84246,0.58612,-0.80692,-0.05815,0.04422,-0.16002,0.88871,0.00083,
1703614705428837888,-5.92390,90.81763,4.84122,0.58625,-0.80711,-0.05617,0.04172,-0.12699,0.89967,-0.01371,
1703614705562269952,-5.93783,90.93849,4.84187,0.58704,-0.80643,-0.05704,0.04235,-0.06666,0.93084,-0.00267,
1703614705695703808,-5.94595,91.06552,4.84089,0.58655,-0.80662,-0.05740,0.04494,-0.06711,0.95452,-0.03643,
1703614705829137920,-5.95382,91.19274,4.84045,0.58729,-0.80631,-0.05583,0.04279,-0.11514,0.95651,-0.01510,
1703614705962571776,-5.97087,91.31893,4.84019,0.58665,-0.80686,-0.05554,0.04161,-0.15805,0.91187,0.05789,
1703614706096005888,-5.98669,91.44778,4.83942,0.58660,-0.80682,-0.05637,0.04208,-0.10631,0.98164,-0.03380,
1703614706229440256,-5.99321,91.57493,4.83838,0.58627,-0.80713,-0.05554,0.04178,-0.03658,0.94495,0.01102,
1703614706362874624,-6.00141,91.70482,4.83821,0.58661,-0.80707,-0.05355,0.04064,-0.10747,0.99668,-0.03951,
1703614706496308736,-6.01561,91.83465,4.83816,0.58643,-0.80728,-0.05306,0.03985,-0.09253,0.95647,0.04676,
1703614706629741824,-6.02588,91.96766,4.83835,0.58643,-0.80731,-0.05228,0.04020,-0.06946,0.99034,-0.00863,
1703614706763174912,-6.04045,92.10375,4.84017,0.58673,-0.80708,-0.05262,0.03992,-0.12591,1.00593,-0.01800,
1703614706896608000,-6.05781,92.24477,4.83572,0.58528,-0.80803,-0.05310,0.04139,-0.13590,0.99129,0.04098,
1703614707030041344,-6.07442,92.37757,4.83581,0.58510,-0.80813,-0.05392,0.04106,-0.13542,1.00840,-0.02814,
1703614707163474688,-6.08801,92.51020,4.83763,0.58630,-0.80728,-0.05350,0.04111,-0.12350,1.00610,-0.00607,
1703614707296908032,-6.10488,92.64343,4.83544,0.58551,-0.80777,-0.05411,0.04180,-0.13151,0.96473,0.03738,
1703614707430341632,-6.11882,92.77366,4.83803,0.58630,-0.80722,-0.05417,0.04140,-0.12297,0.99641,-0.01179,
1703614707563776000,-6.13411,92.90396,4.83629,0.58624,-0.80730,-0.05363,0.04137,-0.13648,1.02816,-0.05529,
1703614707697211648,-6.15343,93.03311,4.83808,0.58637,-0.80710,-0.05536,0.04104,-0.12270,0.97072,0.00579,
1703614707830647296,-6.17086,93.16540,4.83386,0.58540,-0.80774,-0.05577,0.04175,-0.14936,0.95959,0.05091,
1703614707964082944,-6.18738,93.29274,4.83391,0.58530,-0.80792,-0.05533,0.04040,-0.14686,0.95030,0.00041,
1703614708097519104,-6.20846,93.42072,4.83214,0.58566,-0.80755,-0.05565,0.04207,-0.17094,0.96012,-0.01335,
1703614708230955008,-6.23731,93.54935,4.83239,0.58513,-0.80755,-0.05927,0.04448,-0.26381,0.94953,-0.00319,
1703614708364391168,-6.27067,93.67585,4.83104,0.58480,-0.80732,-0.06296,0.04777,-0.25641,0.95044,0.01100,
1703614708497827584,-6.29554,93.80160,4.83278,0.58516,-0.80698,-0.06389,0.04782,-0.14452,0.95261,-0.01652,
1703614708631256576,-6.31499,93.92943,4.83451,0.58597,-0.80638,-0.06408,0.04783,-0.13317,0.97578,-0.02103,
1703614708764685568,-6.33491,94.05561,4.83573,0.58566,-0.80647,-0.06437,0.04960,-0.18443,0.92660,-0.01399,
1703614708898114304,-6.35889,94.18451,4.83030,0.58520,-0.80672,-0.06576,0.04923,-0.19147,0.98062,-0.05284,
1703614709031543040,-6.38560,94.31212,4.83012,0.58504,-0.80671,-0.06706,0.04943,-0.19594,0.93730,-0.03077,
1703614709164971264,-6.41119,94.43905,4.82696,0.58455,-0.80695,-0.06839,0.04952,-0.16921,0.92240,0.02122,
1703614709298399744,-6.43591,94.55943,4.83022,0.58569,-0.80595,-0.06892,0.05161,-0.24937,0.93794,-0.05831,
1703614709431827712,-6.46910,94.68125,4.82623,0.58491,-0.80609,-0.07223,0.05363,-0.22774,0.88184,0.04146,
1703614709565258496,-6.49613,94.80311,4.82445,0.58469,-0.80609,-0.07334,0.05449,-0.13978,0.89887,0.00865,
1703614709698691840,-6.50921,94.92765,4.82230,0.58490,-0.80618,-0.07144,0.05354,-0.14659,0.91638,-0.00113,
1703614709832125184,-6.53196,95.04939,4.82204,0.58486,-0.80611,-0.07199,0.05419,-0.24300,0.92723,-0.03930,
1703614709965558784,-6.56246,95.17224,4.82043,0.58461,-0.80603,-0.07481,0.05421,-0.20192,0.92168,-0.03524,
1703614710098992384,-6.59037,95.29686,4.81593,0.58360,-0.80665,-0.07585,0.05454,-0.22951,0.93113,-0.03655,
1703614710232425984,-6.61790,95.41778,4.81734,0.58328,-0.80669,-0.07745,0.05502,-0.24061,0.87004,0.02599,
1703614710365859584,-6.64197,95.53284,4.82171,0.58403,-0.80582,-0.07953,0.05687,-0.09939,0.90154,-0.01901,
1703614710499293440,-6.64871,95.65375,4.82081,0.58384,-0.80633,-0.07601,0.05642,-0.00419,0.87733,0.04538,
1703614710632723456,-6.66075,95.77870,4.81816,0.58358,-0.80683,-0.07364,0.05505,-0.11675,0.89851,0.02999,
1703614710766153216,-6.68449,95.90163,4.81987,0.58420,-0.80633,-0.07424,0.05495,-0.22743,0.90073,-0.01830,
1703614710899582976,-6.71663,96.02118,4.81959,0.58418,-0.80606,-0.07696,0.05553,-0.19192,0.88052,0.01203,
1703614711099727104,-6.74466,96.19672,4.82289,0.58548,-0.80518,-0.07599,0.05584,-0.06046,0.90648,-0.00321,
1703614711233156352,-6.75115,96.32011,4.82224,0.58506,-0.80596,-0.07257,0.05348,-0.09166,0.89229,-0.01622,
1703614711366585856,-6.76781,96.44165,4.82232,0.58509,-0.80598,-0.07194,0.05377,-0.19269,0.92650,-0.03090,
1703614711500015104,-6.79171,96.55855,4.82302,0.58524,-0.80573,-0.07422,0.05279,-0.13284,0.87180,0.02074,
1703614711633445888,-6.81225,96.68031,4.82002,0.58520,-0.80579,-0.07320,0.05375,-0.14466,0.88165,0.05691,
1703614711766876928,-6.82418,96.79952,4.82228,0.58637,-0.80518,-0.07158,0.05217,-0.07567,0.89544,0.00187,
1703614711900308224,-6.84216,96.91831,4.82252,0.58683,-0.80491,-0.07103,0.05202,-0.16831,0.90940,0.00507,
1703614712033739008,-6.87091,97.03430,4.82728,0.58743,-0.80442,-0.07259,0.05070,-0.28372,0.84867,0.00148,
1703614712167170048,-6.90255,97.15415,4.82382,0.58687,-0.80436,-0.07547,0.05383,-0.24600,0.92154,-0.07367,
1703614712300601088,-6.92244,97.27130,4.82485,0.58732,-0.80384,-0.07649,0.05524,-0.11474,0.89918,-0.01090,
1703614712434032128,-6.94036,97.38971,4.82157,0.58644,-0.80466,-0.07630,0.05277,-0.11448,0.89763,-0.02440,
1703614712567463680,-6.96143,97.50620,4.82199,0.58614,-0.80495,-0.07559,0.05267,-0.21369,0.85046,0.01382,
1703614712767611392,-6.99807,97.67607,4.82467,0.58587,-0.80485,-0.07784,0.05405,-0.13113,0.85816,-0.01088,
1703614712901043456,-7.01282,97.78741,4.82831,0.58602,-0.80467,-0.07691,0.05625,-0.07997,0.82549,0.03049,
1703614713034475264,-7.02073,97.89656,4.83320,0.58718,-0.80401,-0.07506,0.05605,-0.02478,0.79935,0.02715,
1703614713167907584,-7.03299,98.00724,4.83331,0.58732,-0.80423,-0.07289,0.05437,-0.18709,0.80237,-0.01354,
1703614713301339648,-7.06097,98.11353,4.83386,0.58783,-0.80366,-0.07564,0.05353,-0.25038,0.82080,-0.02491,
1703614713434771456,-7.09405,98.21822,4.83461,0.58739,-0.80362,-0.07762,0.05596,-0.28252,0.79041,-0.03948,
1703614713568203776,-7.12925,98.31830,4.83377,0.58658,-0.80365,-0.08171,0.05818,-0.21360,0.73994,0.00600,
1703614713701635840,-7.14800,98.41917,4.83340,0.58654,-0.80370,-0.08175,0.05797,-0.10147,0.75558,-0.00362,
1703614713835067392,-7.16688,98.52799,4.82892,0.58515,-0.80484,-0.08052,0.05779,-0.14479,0.82972,-0.04970,
1703614713968499712,-7.18353,98.63533,4.82586,0.58442,-0.80560,-0.08008,0.05516,-0.09517,0.81563,-0.02286,
1703614714101931776,-7.19213,98.73686,4.83167,0.58634,-0.80469,-0.07660,0.05312,-0.08019,0.73224,0.07182,
1703614714235363840,-7.20410,98.84604,4.83116,0.58670,-0.80465,-0.07549,0.05119,-0.07015,0.84614,-0.03388,
1703614714368796160,-7.21515,98.95230,4.83130,0.58611,-0.80509,-0.07476,0.05208,-0.10230,0.78296,0.04102,
1703614714502228224,-7.23439,99.06151,4.83292,0.58641,-0.80500,-0.07495,0.04980,-0.18826,0.82731,-0.01127,
1703614714635660800,-7.26132,99.16875,4.82994,0.58630,-0.80493,-0.07646,0.04997,-0.19373,0.75367,0.07965,
1703614714769093632,-7.28475,99.27449,4.83318,0.58659,-0.80439,-0.07879,0.05162,-0.12332,0.76649,0.00700,
1703614714969242368,-7.29325,99.43907,4.82728,0.58488,-0.80615,-0.07454,0.04980,0.03014,0.80216,0.01750,
1703614715102675200,-7.29209,99.54535,4.83078,0.58562,-0.80603,-0.07075,0.04850,0.06398,0.83045,-0.04305,
1703614715236107776,-7.28554,99.65654,4.82531,0.58497,-0.80709,-0.06547,0.04613,-0.02814,0.80745,0.03210,
1703614715369540608,-7.29587,99.76611,4.82320,0.58536,-0.80703,-0.06432,0.04393,-0.17207,0.79521,-0.00079,
1703614715502971392,-7.31878,99.87484,4.82351,0.58531,-0.80687,-0.06633,0.04447,-0.15810,0.81312,0.00963,
1703614715636431872,-7.32599,99.98544,4.82175,0.58611,-0.80646,-0.06515,0.04313,0.09156,0.84683,-0.00934,
1703614715769893120,-7.30472,100.10101,4.82244,0.58627,-0.80725,-0.05698,0.03732,0.13731,0.83081,0.05502,
1703614715903354880,-7.29748,100.21714,4.82232,0.58833,-0.80619,-0.05254,0.03409,-0.02703,0.92807,-0.07389,
1703614716036817664,-7.30243,100.34267,4.82187,0.58733,-0.80706,-0.05173,0.03191,-0.08741,0.88093,0.04799,
1703614716170280960,-7.31079,100.45923,4.82261,0.58896,-0.80594,-0.05119,0.03113,-0.04784,0.94285,-0.04181,
1703614716303745024,-7.30830,100.58162,4.82455,0.58877,-0.80641,-0.04811,0.02735,0.04269,0.90218,0.02188,
1703614716437209856,-7.30215,100.70579,4.82305,0.58920,-0.80641,-0.04434,0.02392,0.05966,0.93248,0.05097,
1703614716570702848,-7.30585,100.83595,4.82111,0.58797,-0.80748,-0.04209,0.02237,-0.13027,0.95302,-0.01518,
1703614716704225024,-7.32371,100.95910,4.82720,0.58981,-0.80600,-0.04469,0.02211,-0.12807,0.94515,0.00194,
1703614716837749504,-7.34148,101.08794,4.82281,0.58750,-0.80754,-0.04606,0.02442,-0.13094,0.86418,0.06609,
1703614716971276032,-7.34596,101.21104,4.82357,0.58912,-0.80642,-0.04630,0.02186,0.05754,0.99211,-0.06763,
1703614717104805120,-7.34752,101.34203,4.82332,0.58823,-0.80737,-0.04171,0.01999,-0.17976,0.86364,0.14894,
1703614717238336000,-7.37772,101.46664,4.82242,0.58854,-0.80689,-0.04620,0.02059,-0.25385,0.95878,-0.04204,
1703614717371869440,-7.41145,101.59126,4.82711,0.58971,-0.80559,-0.05191,0.02387,-0.21254,0.97477,-0.09236,
1703614717505404672,-7.42639,101.72119,4.82947,0.58920,-0.80600,-0.05149,0.02340,-0.08842,0.91568,0.06274,
1703614717638854400,-7.43556,101.84799,4.82782,0.58963,-0.80584,-0.04997,0.02158,-0.04778,1.01225,-0.07790,
1703614717772304896,-7.45184,101.98097,4.82606,0.58865,-0.80653,-0.05028,0.02168,-0.16383,0.97284,-0.02885,
1703614717905755136,-7.47303,102.11163,4.83255,0.59006,-0.80535,-0.05226,0.02259,-0.09425,0.99246,-0.00446,
1703614718039206144,-7.48321,102.24608,4.83247,0.58913,-0.80609,-0.05126,0.02266,-0.06895,0.92476,0.06115,
1703614718172657152,-7.49556,102.37328,4.83263,0.59065,-0.80503,-0.05073,0.02203,-0.06729,0.99725,-0.00908,
1703614718306108928,-7.51451,102.50200,4.83384,0.59084,-0.80484,-0.05165,0.02160,-0.18245,0.94136,0.06523,
1703614718439560960,-7.53076,102.63321,4.83881,0.59146,-0.80433,-0.05211,0.02262,-0.05865,0.93799,0.04206,
1703614718573012224,-7.54232,102.76577,4.83911,0.59178,-0.80414,-0.05187,0.02168,-0.12165,0.95361,0.05412,
1703614718706466560,-7.56842,102.89945,4.84000,0.59196,-0.80381,-0.05446,0.02261,-0.29230,0.97718,-0.04795,
1703614718839920896,-7.60456,103.03032,4.84053,0.59126,-0.80396,-0.05881,0.02450,-0.29022,0.91919,0.05210,
1703614718973375744,-7.63662,103.15595,4.84314,0.59202,-0.80308,-0.06213,0.02675,-0.20770,0.95789,-0.02307,
1703614719106830848,-7.65522,103.28200,4.84849,0.59359,-0.80184,-0.06272,0.02780,-0.15162,0.93531,-0.00337,
1703614719240286208,-7.66680,103.40737,4.84710,0.59238,-0.80282,-0.06242,0.02582,-0.04179,0.95383,-0.06136,
1703614719373741568,-7.68278,103.53279,4.84759,0.59388,-0.80182,-0.06184,0.02366,-0.14946,0.93086,0.03847,
1703614719507197952,-7.71654,103.66715,4.84541,0.59316,-0.80210,-0.06521,0.02338,-0.27060,0.93579,0.00454,
1703614719640615680,-7.75338,103.79634,4.84562,0.59297,-0.80178,-0.06940,0.02689,-0.22869,0.95430,0.00556,
1703614719774025984,-7.77392,103.92383,4.84301,0.59139,-0.80280,-0.07093,0.02734,-0.04414,0.91595,0.03670,
1703614719907435520,-7.77989,104.04552,4.84856,0.59282,-0.80200,-0.06832,0.02638,-0.04051,0.97173,-0.01998,
1703614720040844288,-7.79923,104.17087,4.85089,0.59206,-0.80248,-0.06838,0.02856,-0.19380,0.84005,0.02490,
1703614720174252288,-7.81952,104.29021,4.85254,0.59112,-0.80290,-0.07085,0.03003,-0.12719,0.85242,0.01839,
1703614720307659520,-7.82913,104.40895,4.84886,0.59034,-0.80359,-0.06923,0.03072,-0.07400,0.89006,0.00602,
1703614720441066496,-7.84615,104.52860,4.85098,0.59109,-0.80315,-0.06870,0.02922,-0.13800,0.88323,-0.00231,
1703614720574473984,-7.87297,104.64663,4.85096,0.58991,-0.80384,-0.07034,0.02999,-0.22428,0.81902,0.02022,
1703614720707883776,-7.89450,104.75968,4.85328,0.59025,-0.80339,-0.07201,0.03131,-0.14314,0.88011,-0.03330,
1703614720841292800,-7.90671,104.87562,4.85463,0.59014,-0.80357,-0.07066,0.03197,-0.06845,0.86323,0.01463,
1703614720974701056,-7.92362,104.99004,4.85513,0.58953,-0.80402,-0.06992,0.03343,-0.07712,0.84990,-0.03241,
1703614721108109056,-7.93738,105.09854,4.85482,0.58905,-0.80431,-0.06987,0.03503,-0.09481,0.76860,0.04309,
1703614721241515520,-7.95118,105.21355,4.85444,0.58943,-0.80434,-0.06800,0.03145,-0.13166,0.88038,-0.05751,
1703614721374921728,-7.97297,105.33026,4.85194,0.58887,-0.80476,-0.06751,0.03209,-0.22113,0.85119,-0.05522,
1703614721508327168,-7.99997,105.44589,4.85000,0.58821,-0.80490,-0.07052,0.03432,-0.17905,0.85612,0.01664,
1703614721641740032,-8.02287,105.56198,4.84923,0.58771,-0.80506,-0.07227,0.03550,-0.13808,0.85181,0.00995,
1703614721775150592,-8.03477,105.67825,4.84934,0.58772,-0.80532,-0.06980,0.03442,-0.06690,0.89260,0.02209,
1703614721908560640,-8.05095,105.79265,4.84800,0.58672,-0.80613,-0.06847,0.03487,-0.13240,0.85381,-0.01708,
1703614722041969920,-8.06920,105.90381,4.85087,0.58697,-0.80576,-0.07010,0.03608,-0.11349,0.85945,0.00194,
1703614722175378688,-8.08433,106.01726,4.85074,0.58710,-0.80563,-0.06989,0.03737,-0.13885,0.82691,0.03523,
1703614722308786944,-8.10019,106.13295,4.85109,0.58712,-0.80574,-0.06895,0.03625,-0.14397,0.89605,-0.02245,
1703614722442193920,-8.11984,106.24783,4.84956,0.58687,-0.80592,-0.06896,0.03646,-0.17083,0.87315,-0.02800,
1703614722575602176,-8.13561,106.36416,4.85136,0.58728,-0.80560,-0.06918,0.03632,-0.07248,0.89634,-0.00326,
1703614722775717376,-8.15735,106.54366,4.84962,0.58679,-0.80605,-0.06813,0.03641,-0.17525,0.90467,-0.03860,
1703614722909126656,-8.18035,106.65360,4.85343,0.58820,-0.80482,-0.06927,0.03863,-0.17764,0.88435,-0.05682,
1703614723042535424,-8.20314,106.77135,4.85060,0.58759,-0.80513,-0.07041,0.03923,-0.17450,0.88646,0.00974,
1703614723175943168,-8.21458,106.88814,4.85046,0.58702,-0.80571,-0.06928,0.03786,-0.07474,0.88542,-0.04678,
1703614723309350144,-8.22391,107.00827,4.84433,0.58686,-0.80596,-0.06745,0.03840,-0.11781,0.92345,0.00611,
1703614723442756864,-8.24009,107.13000,4.84664,0.58706,-0.80576,-0.06709,0.04018,-0.13660,0.88347,0.04442,
1703614723576168704,-8.25293,107.25213,4.84770,0.58794,-0.80524,-0.06577,0.03974,-0.10976,0.93268,0.01429,
1703614723709591808,-8.27412,107.37175,4.85238,0.58878,-0.80454,-0.06665,0.04019,-0.23580,0.92296,-0.04262,
1703614723843014656,-8.30037,107.49340,4.85764,0.58929,-0.80387,-0.06822,0.04330,-0.22286,0.88445,0.01489,
1703614723976437248,-8.31781,107.61711,4.85313,0.58847,-0.80449,-0.06824,0.04294,-0.07472,0.94439,-0.03900,
1703614724109859584,-8.33173,107.74078,4.85575,0.58849,-0.80454,-0.06696,0.04374,-0.19863,0.91146,-0.00778,
1703614724243281408,-8.36054,107.86351,4.85476,0.58839,-0.80432,-0.06915,0.04557,-0.25817,0.88699,0.02684,
1703614724376702464,-8.39246,107.98178,4.85838,0.58858,-0.80381,-0.07178,0.04810,-0.17967,0.93677,-0.01425,
1703614724510123776,-8.40319,108.10055,4.86477,0.58973,-0.80317,-0.06919,0.04844,-0.07225,0.89071,-0.00736,
1703614724643535872,-8.40679,108.22701,4.85748,0.58775,-0.80500,-0.06637,0.04594,-0.01652,0.90166,0.02127,
1703614724776945152,-8.40840,108.35125,4.85846,0.58748,-0.80556,-0.06262,0.04488,-0.05382,0.97151,-0.07848,
1703614724910353152,-8.41892,108.47435,4.85865,0.58783,-0.80535,-0.06191,0.04515,-0.04567,0.91284,0.02022,
1703614725110464256,-8.43089,108.66202,4.86125,0.58935,-0.80453,-0.05861,0.04426,-0.08984,0.93499,0.03376,
1703614725243870464,-8.44418,108.79351,4.85560,0.58774,-0.80588,-0.05796,0.04207,-0.19563,0.97412,-0.04556,
1703614725377276416,-8.47203,108.91769,4.85558,0.58721,-0.80602,-0.06025,0.04348,-0.30824,1.00257,-0.12032,
1703614725510681344,-8.50800,109.04016,4.85647,0.58693,-0.80587,-0.06426,0.04426,-0.27287,0.87980,0.00772,
1703614725644089856,-8.54247,109.15972,4.84969,0.58498,-0.80673,-0.06756,0.04926,-0.23957,0.88610,-0.01385,
1703614725777498624,-8.56520,109.27802,4.85131,0.58617,-0.80569,-0.06888,0.05022,-0.09606,0.92902,-0.01999,
1703614725910906880,-8.57592,109.40153,4.85080,0.58525,-0.80657,-0.06669,0.04990,-0.02063,0.93722,-0.01127,
1703614726044314112,-8.57915,109.52426,4.85373,0.58504,-0.80709,-0.06251,0.04920,-0.05485,0.88572,0.05574,
1703614726177721088,-8.59205,109.63988,4.85875,0.58573,-0.80648,-0.06212,0.05152,-0.09107,0.85442,0.04942,
1703614726311127040,-8.60231,109.75504,4.85725,0.58551,-0.80681,-0.06167,0.04940,-0.06726,0.86454,0.01466,
1703614726444532224,-8.61344,109.87138,4.85721,0.58594,-0.80662,-0.05990,0.04943,-0.19590,0.86132,-0.00786,
1703614726577939200,-8.63924,109.98758,4.85905,0.58668,-0.80577,-0.06205,0.05197,-0.18989,0.89346,-0.01570,
1703614726711349248,-8.66305,110.11008,4.85424,0.58580,-0.80617,-0.06403,0.05317,-0.11499,0.92143,-0.01941,
1703614726844759040,-8.67320,110.22943,4.85273,0.58567,-0.80649,-0.06224,0.05180,-0.08390,0.91467,-0.03062,
1703614727044871936,-8.68914,110.40936,4.84862,0.58445,-0.80761,-0.06036,0.05038,-0.10803,0.86813,0.00738,
1703614727178279936,-8.70411,110.52790,4.84669,0.58448,-0.80770,-0.05912,0.05015,-0.13920,0.85952,0.03843,
1703614727311686912,-8.72192,110.64795,4.85021,0.58499,-0.80726,-0.05941,0.05090,-0.10547,0.87794,0.03740,
1703614727445093376,-8.72599,110.76420,4.85490,0.58704,-0.80623,-0.05665,0.04658,0.03149,0.88614,-0.00373,
1703614727578500608,-8.73605,110.88737,4.85042,0.58610,-0.80712,-0.05506,0.04480,-0.12260,0.87062,0.03466,
1703614727711909888,-8.75939,111.00869,4.84943,0.58619,-0.80669,-0.05748,0.04821,-0.23243,0.91713,-0.02430,
1703614727845318400,-8.78075,111.13544,4.84418,0.58475,-0.80754,-0.05899,0.04964,-0.08507,0.93490,0.00446,
1703614727978726144,-8.78886,111.26069,4.84100,0.58281,-0.80897,-0.05689,0.05155,-0.05297,0.91830,-0.07977,
1703614728112133376,-8.79121,111.37109,4.84668,0.58512,-0.80743,-0.05545,0.05115,0.03482,0.85074,0.07913,
1703614728245539584,-8.78660,111.48577,4.84326,0.58397,-0.80904,-0.04931,0.04471,0.01542,0.81847,0.06167,
1703614728378945280,-8.79191,111.59731,4.84749,0.58599,-0.80798,-0.04541,0.04159,-0.13633,0.85397,-0.01459,
1703614728512350208,-8.80398,111.70867,4.84714,0.58700,-0.80710,-0.04776,0.04168,-0.05619,0.81923,0.01597,
1703614728645758720,-8.80798,111.82437,4.84329,0.58698,-0.80702,-0.04802,0.04318,0.01955,0.88627,-0.02861,
1703614728779167232,-8.80456,111.94394,4.84433,0.58799,-0.80666,-0.04378,0.04067,-0.00431,0.90775,-0.00124,
1703614728912575232,-8.80976,112.06591,4.84349,0.58758,-0.80716,-0.04122,0.03929,-0.11575,0.84975,0.02712,
1703614729045982464,-8.83016,112.18492,4.84278,0.58799,-0.80671,-0.04366,0.03976,-0.17774,0.91105,-0.04178,
1703614729179388928,-8.85257,112.30103,4.84387,0.58783,-0.80644,-0.04691,0.04357,-0.12284,0.83674,0.01852,
1703614729312794624,-8.86327,112.41806,4.84273,0.58831,-0.80614,-0.04698,0.04273,-0.06731,0.93406,-0.08005,
1703614729446199552,-8.86102,112.52962,4.84683,0.58888,-0.80618,-0.04161,0.03941,-0.04010,0.77804,0.07803,
1703614729579606016,-8.87472,112.64519,4.84498,0.58906,-0.80604,-0.04200,0.03930,-0.19597,0.88689,-0.06787,
1703614729713014784,-8.89884,112.76777,4.84204,0.58886,-0.80579,-0.04674,0.04198,-0.19092,0.92936,-0.00944,
1703614729846423040,-8.91140,112.88791,4.84314,0.58925,-0.80555,-0.04658,0.04143,-0.02887,0.89974,0.02413,
1703614729979830784,-8.91443,113.01340,4.84249,0.58733,-0.80723,-0.04347,0.03923,-0.03550,0.90405,-0.00690,
1703614730113237504,-8.92407,113.13513,4.84313,0.58757,-0.80699,-0.04379,0.04001,-0.13868,0.88790,0.02626,
1703614730246643456,-8.93892,113.26043,4.84117,0.58706,-0.80714,-0.04600,0.04192,-0.08855,0.91414,0.03961,
1703614730380048896,-8.94594,113.38594,4.84243,0.58717,-0.80729,-0.04422,0.03957,-0.03737,0.91932,0.01965,
1703614730513453824,-8.95358,113.51119,4.84123,0.58723,-0.80747,-0.04217,0.03705,-0.08758,0.93168,-0.01072,
1703614730646863360,-8.97294,113.63607,4.83933,0.58666,-0.80765,-0.04412,0.03973,-0.17248,0.94781,-0.00069,
1703614730780274688,-8.98887,113.76066,4.83991,0.58675,-0.80746,-0.04555,0.04075,-0.05458,0.92516,-0.00041,
1703614730913684992,-8.99328,113.88795,4.83924,0.58712,-0.80749,-0.04295,0.03741,0.00065,0.98272,-0.07162,
1703614731047094784,-9.00071,114.01278,4.83853,0.58679,-0.80792,-0.04106,0.03549,-0.17643,0.88026,0.05181,
1703614731247208192,-9.05174,114.19557,4.83722,0.58609,-0.80781,-0.04969,0.03833,-0.21251,0.93750,-0.03655,
1703614731380616192,-9.06293,114.31919,4.83658,0.58675,-0.80741,-0.04904,0.03758,0.01914,0.92797,0.01814,
1703614731514023680,-9.06007,114.44734,4.83913,0.58697,-0.80758,-0.04478,0.03576,0.02188,0.94022,0.03507,
1703614731647444992,-9.07173,114.57445,4.84187,0.58676,-0.80773,-0.04521,0.03523,-0.10583,0.93026,-0.00829,
1703614731780871424,-9.08848,114.69895,4.83947,0.58639,-0.80796,-0.04628,0.03475,-0.13744,0.90614,0.03181,
1703614731914297856,-9.10179,114.82458,4.84045,0.58690,-0.80762,-0.04598,0.03437,-0.09852,0.92338,-0.03219,
1703614732047724032,-9.11643,114.94999,4.84396,0.58799,-0.80662,-0.04671,0.03806,-0.19692,0.92498,-0.00468,
1703614732181150976,-9.14641,115.07378,4.84098,0.58633,-0.80750,-0.05149,0.03871,-0.19964,0.88597,0.01302,
1703614732314577664,-9.17374,115.19448,4.84409,0.58780,-0.80630,-0.05252,0.04011,-0.24279,0.93466,-0.03503,
1703614732448004608,-9.19941,115.31841,4.84237,0.58668,-0.80690,-0.05578,0.04002,-0.11944,0.91076,-0.06238,
1703614732581440000,-9.21537,115.44451,4.83262,0.58423,-0.80854,-0.05581,0.04266,-0.12875,0.90916,-0.00735,
1703614732714905600,-9.23527,115.56463,4.83530,0.58487,-0.80803,-0.05636,0.04285,-0.14777,0.93339,-0.00358,
1703614732848373248,-9.26237,115.68130,4.84407,0.58569,-0.80738,-0.05786,0.04176,-0.23206,0.84788,0.05270,
1703614732981843200,-9.29412,115.80504,4.83861,0.58419,-0.80819,-0.06060,0.04327,-0.27614,0.90764,-0.00101,
1703614733115315200,-9.32387,115.92046,4.84527,0.58581,-0.80661,-0.06423,0.04565,-0.18830,0.88200,0.02717,
1703614733248789248,-9.34238,116.04364,4.84359,0.58520,-0.80706,-0.06468,0.04480,-0.09163,0.92376,-0.02204,
1703614733382265344,-9.36077,116.16726,4.84139,0.58457,-0.80764,-0.06416,0.04328,-0.19316,0.90181,0.00552,
1703614733515743744,-9.39052,116.28323,4.84658,0.58587,-0.80633,-0.06696,0.04575,-0.24901,0.88485,-0.04432,
1703614733649193472,-9.41630,116.40089,4.84501,0.58562,-0.80628,-0.06826,0.04796,-0.12028,0.86750,0.04321,
1703614733782633472,-9.43494,116.51674,4.84670,0.58654,-0.80576,-0.06794,0.04576,-0.09133,0.90081,-0.03407,
1703614733916073984,-9.44913,116.63716,4.84676,0.58617,-0.80620,-0.06653,0.04486,-0.12903,0.83029,0.10223,
1703614734049515008,-9.46980,116.75071,4.84833,0.58549,-0.80650,-0.06815,0.04600,-0.21733,0.81709,0.00473,
1703614734182956544,-9.49104,116.86143,4.85006,0.58547,-0.80631,-0.06998,0.04678,-0.20381,0.81142,-0.01865,
1703614734316398592,-9.51126,116.96796,4.85470,0.58794,-0.80463,-0.06983,0.04496,-0.12210,0.83488,0.05607,
1703614734449841408,-9.53149,117.07679,4.85716,0.58853,-0.80429,-0.06851,0.04531,-0.13027,0.85681,-0.03913,
1703614734583285760,-9.54989,117.18584,4.85361,0.58763,-0.80456,-0.07160,0.04742,-0.09351,0.87173,-0.04353,
1703614734716735232,-9.55497,117.30054,4.85329,0.58707,-0.80512,-0.06985,0.04749,-0.09062,0.82539,-0.00052,
1703614734850185472,-9.57615,117.41689,4.84642,0.58604,-0.80604,-0.06912,0.04562,-0.20655,0.84423,0.01963,
1703614734983636480,-9.60818,117.52892,4.84944,0.58675,-0.80514,-0.07199,0.04786,-0.19623,0.83331,0.04427,
1703614735117088512,-9.62843,117.63604,4.85520,0.58808,-0.80379,-0.07397,0.05112,-0.01122,0.82724,0.03227,
1703614735250541824,-9.62265,117.75509,4.85442,0.58800,-0.80453,-0.06851,0.04790,0.00916,0.86214,0.01555,
1703614735383996160,-9.63380,117.86901,4.85529,0.58804,-0.80484,-0.06578,0.04609,-0.25054,0.81959,0.01785,
1703614735517452032,-9.66753,117.97461,4.85820,0.58879,-0.80383,-0.06935,0.04869,-0.27330,0.79331,0.05081,
1703614735650888448,-9.69826,118.08241,4.85839,0.58734,-0.80414,-0.07454,0.05327,-0.17909,0.79699,0.01646,
1703614735784318464,-9.70385,118.19195,4.86116,0.58765,-0.80416,-0.07223,0.05265,-0.01004,0.84477,0.00172,
1703614735917747968,-9.71041,118.29519,4.86357,0.58794,-0.80445,-0.06812,0.05047,-0.11666,0.76925,-0.04000,
1703614736051177728,-9.73116,118.40147,4.85849,0.58663,-0.80552,-0.06832,0.04839,-0.23013,0.80550,-0.01934,
1703614736184607488,-9.76390,118.50171,4.86086,0.58830,-0.80398,-0.07188,0.04861,-0.24031,0.78462,0.02475,
1703614736318036992,-9.79678,118.61012,4.85593,0.58596,-0.80524,-0.07544,0.05049,-0.17122,0.84810,-0.09533,
1703614736451466752,-9.81427,118.71247,4.85786,0.58560,-0.80530,-0.07703,0.05127,-0.08063,0.76764,0.00462,
1703614736584896512,-9.82472,118.81798,4.85905,0.58681,-0.80461,-0.07551,0.05054,-0.09395,0.84515,-0.00546,
1703614736718325504,-9.84078,118.92542,4.86678,0.58822,-0.80379,-0.07344,0.05036,-0.13281,0.72159,0.10786,
1703614736851754752,-9.84890,119.02949,4.87319,0.59124,-0.80190,-0.07227,0.04665,0.10175,0.82735,-0.00008,
1703614736985184000,-9.82539,119.14643,4.86839,0.58947,-0.80425,-0.06300,0.04175,0.18286,0.84077,-0.00747,
1703614737118612992,-9.81158,119.25806,4.86861,0.58968,-0.80459,-0.05896,0.03800,0.03686,0.87572,-0.06348,
1703614737252041984,-9.81644,119.37331,4.86075,0.58778,-0.80616,-0.05672,0.03732,-0.14083,0.82842,0.02608,
1703614737385470976,-9.83491,119.48358,4.86332,0.58899,-0.80529,-0.05717,0.03651,-0.13597,0.87672,-0.03651,
1703614737518899968,-9.84153,119.59590,4.86269,0.58890,-0.80546,-0.05583,0.03616,0.02173,0.85336,-0.00585,
1703614737652329728,-9.83809,119.70970,4.86353,0.58866,-0.80588,-0.05260,0.03551,0.00306,0.84053,0.00748,
1703614737785759232,-9.84808,119.82448,4.86115,0.58826,-0.80616,-0.05188,0.03699,-0.12663,0.88635,-0.03770,
1703614737985903616,-9.87155,119.99291,4.86459,0.58937,-0.80527,-0.05231,0.03804,-0.09671,0.87711,-0.04047,
1703614738119333376,-9.89148,120.11254,4.86143,0.58841,-0.80595,-0.05221,0.03860,-0.25564,0.87213,0.02174,
1703614738252763136,-9.92450,120.22892,4.85978,0.58813,-0.80572,-0.05649,0.04145,-0.21592,0.86045,-0.00585,
1703614738386192640,-9.94776,120.34855,4.85633,0.58725,-0.80631,-0.05726,0.04153,-0.20067,0.87398,0.01385,
1703614738519622400,-9.97206,120.46471,4.85934,0.58859,-0.80527,-0.05800,0.04171,-0.21977,0.90204,-0.05361,
1703614738653051904,-10.00627,120.58472,4.85889,0.58670,-0.80600,-0.06291,0.04674,-0.28472,0.83996,0.01832,
1703614738786480896,-10.03449,120.69366,4.86602,0.58811,-0.80433,-0.06610,0.05301,-0.20128,0.79912,0.06318,
1703614738919910144,-10.05164,120.80970,4.86435,0.58774,-0.80472,-0.06621,0.05109,-0.09540,0.90662,-0.05555,
1703614739053339392,-10.06285,120.92577,4.86653,0.58990,-0.80357,-0.06287,0.04841,-0.18513,0.86997,0.02422,
1703614739186768896,-10.09250,121.04317,4.86991,0.59025,-0.80304,-0.06478,0.05040,-0.30935,0.83451,0.05530,
1703614739320198144,-10.12414,121.16018,4.87092,0.59049,-0.80237,-0.06875,0.05284,-0.20392,0.89896,-0.03320,
1703614739453627136,-10.13793,121.28340,4.87012,0.58958,-0.80323,-0.06806,0.05081,0.01271,0.89626,0.04037,
1703614739587057408,-10.14370,121.39945,4.87382,0.59095,-0.80247,-0.06505,0.05091,-0.10052,0.88111,0.02295,
1703614739720493056,-10.16244,121.52265,4.87204,0.58987,-0.80316,-0.06505,0.05243,-0.25569,0.87825,0.02137,
1703614739853928960,-10.19782,121.64378,4.86834,0.58908,-0.80323,-0.06945,0.05466,-0.23030,0.92804,-0.04602,
1703614739987365120,-10.22369,121.76360,4.86846,0.58749,-0.80401,-0.07148,0.05756,-0.11999,0.89691,-0.00318,
1703614740120801536,-10.23061,121.88056,4.87109,0.58869,-0.80343,-0.06789,0.05766,-0.02859,0.86486,0.06166,
1703614740254238464,-10.24513,122.00241,4.87052,0.58838,-0.80411,-0.06527,0.05446,-0.13535,0.89336,0.02263,
1703614740387675392,-10.28086,122.12010,4.87151,0.58870,-0.80362,-0.06817,0.05468,-0.26285,0.90855,-0.02053,
1703614740521112576,-10.31673,122.23569,4.87672,0.58910,-0.80292,-0.07110,0.05681,-0.25240,0.88174,-0.01902,
1703614740654544896,-10.34898,122.35227,4.87518,0.58700,-0.80394,-0.07421,0.06006,-0.19767,0.84354,0.04482,
1703614740787974912,-10.36524,122.47027,4.87319,0.58650,-0.80442,-0.07408,0.05864,-0.07448,0.89826,0.00170,
1703614740921405184,-10.37584,122.58945,4.87306,0.58662,-0.80481,-0.07065,0.05626,-0.06885,0.94675,-0.05125,
1703614741054834944,-10.39514,122.71278,4.87203,0.58582,-0.80554,-0.07075,0.05406,-0.18143,0.90264,-0.04401,
1703614741188264960,-10.41699,122.83145,4.87304,0.58590,-0.80537,-0.07175,0.05430,-0.17452,0.80514,0.11019,
1703614741321694976,-10.44436,122.94241,4.87965,0.58731,-0.80397,-0.07391,0.05687,-0.19198,0.86792,-0.03244,
1703614741455124736,-10.45682,123.06115,4.87235,0.58662,-0.80497,-0.07254,0.05136,-0.00380,0.90891,-0.08349,
1703614741588554496,-10.46407,123.18145,4.86653,0.58593,-0.80596,-0.06939,0.04787,-0.09898,0.89215,0.01820,
1703614741721984768,-10.48945,123.30124,4.86645,0.58656,-0.80520,-0.07063,0.05114,-0.24995,0.87279,-0.00626,
1703614741855415040,-10.52088,123.42280,4.86181,0.58542,-0.80559,-0.07422,0.05294,-0.18648,0.94964,-0.05784,
1703614741988845056,-10.54316,123.54294,4.85782,0.58437,-0.80634,-0.07465,0.05247,-0.10840,0.88542,-0.03020,
1703614742122275328,-10.55162,123.66303,4.85396,0.58431,-0.80671,-0.07216,0.05093,-0.06949,0.93155,-0.03716,
1703614742255705600,-10.56307,123.79513,4.84176,0.58173,-0.80870,-0.07084,0.05080,-0.12041,0.91153,-0.03212,
1703614742389135872,-10.57514,123.91763,4.84314,0.58302,-0.80780,-0.07017,0.05131,-0.08339,1.00661,-0.11116,
1703614742522565632,-10.58631,124.04147,4.84310,0.58276,-0.80809,-0.06893,0.05123,-0.02830,0.91632,0.04435,
1703614742655999232,-10.59490,124.16585,4.84408,0.58359,-0.80789,-0.06592,0.04878,-0.06848,0.97826,-0.02644,
1703614742856152320,-10.62999,124.35310,4.84440,0.58488,-0.80700,-0.06743,0.04595,-0.16337,0.97413,0.00360,
1703614742989587712,-10.65124,124.48783,4.84103,0.58250,-0.80874,-0.06723,0.04606,-0.20927,0.95988,-0.06349,
1703614743123023616,-10.67146,124.60604,4.84740,0.58367,-0.80761,-0.06960,0.04750,-0.09777,0.84277,0.04637,
1703614743256459264,-10.68173,124.73165,4.84898,0.58486,-0.80703,-0.06800,0.04499,0.01374,0.91355,0.06018,
1703614743389894912,-10.68445,124.85996,4.84853,0.58508,-0.80765,-0.06094,0.04072,-0.09221,0.98850,-0.07379,
1703614743523331072,-10.70330,124.98415,4.84933,0.58608,-0.80698,-0.06147,0.03890,-0.16457,0.94023,-0.04327,
1703614743656763136,-10.72256,125.11288,4.84564,0.58422,-0.80818,-0.06252,0.04025,-0.22265,0.85707,0.02765,
1703614743790193408,-10.75373,125.23305,4.84139,0.58258,-0.80892,-0.06763,0.04093,-0.20668,0.78490,0.03611,
1703614743923623680,-10.75586,125.33569,4.85282,0.58745,-0.80591,-0.06394,0.03648,0.12219,0.91849,-0.06191,
1703614744057053952,-10.74177,125.44989,4.85609,0.58780,-0.80643,-0.05580,0.03246,0.08433,0.80820,0.05722,
1703614744190484224,-10.73536,125.56508,4.85665,0.58878,-0.80603,-0.05203,0.03066,0.02650,0.85252,-0.01772,
1703614744323914496,-10.73459,125.68000,4.85072,0.58672,-0.80758,-0.05168,0.03014,-0.02371,0.85629,0.00321,
1703614744457345024,-10.73391,125.79619,4.85122,0.58736,-0.80735,-0.04945,0.02735,0.00973,0.90788,-0.03049,
1703614744590775296,-10.73408,125.91588,4.84631,0.58749,-0.80757,-0.04603,0.02372,0.03561,0.89967,-0.01113,
1703614744724205056,-10.73305,126.03642,4.84857,0.58812,-0.80730,-0.04326,0.02260,0.00268,0.91337,-0.02759,
1703614744857635328,-10.73601,126.16155,4.84479,0.58785,-0.80757,-0.04178,0.02290,-0.05137,0.90666,0.03613,
1703614744991065344,-10.74876,126.28579,4.84555,0.58661,-0.80842,-0.04267,0.02280,-0.11466,0.87675,0.00272,
1703614745124495104,-10.76429,126.40383,4.84738,0.58772,-0.80754,-0.04368,0.02359,-0.11923,0.91146,-0.03827,
1703614745257925376,-10.77681,126.52409,4.84524,0.58699,-0.80801,-0.04377,0.02544,-0.07547,0.88256,0.01822,
1703614745391355392,-10.78933,126.64129,4.84820,0.58888,-0.80660,-0.04431,0.02556,-0.12144,0.90767,-0.00081,
1703614745524785152,-10.81466,126.76095,4.84627,0.58829,-0.80691,-0.04553,0.02720,-0.24987,0.86350,0.04217,
1703614745658215168,-10.85540,126.87675,4.84714,0.58728,-0.80707,-0.05181,0.03245,-0.36743,0.83585,0.00265,
1703614745791644928,-10.89587,126.99028,4.84675,0.58672,-0.80672,-0.05866,0.03900,-0.20880,0.87239,-0.02684,
1703614745925074688,-10.91518,127.10688,4.84607,0.58536,-0.80754,-0.05974,0.04066,-0.01957,0.87466,0.00386,
1703614746058504704,-10.91395,127.22357,4.84608,0.58521,-0.80806,-0.05522,0.03898,0.01141,0.87650,-0.00773,
1703614746258649344,-10.94029,127.40371,4.84364,0.58484,-0.80830,-0.05555,0.03909,-0.26238,0.88163,0.02836,
1703614746392079104,-10.96402,127.52700,4.84665,0.58595,-0.80723,-0.05801,0.04102,-0.10723,0.93768,-0.00940,
1703614746525508864,-10.97086,127.65361,4.84447,0.58498,-0.80811,-0.05582,0.04049,-0.09571,0.92852,-0.01625,
1703614746658939136,-10.98389,127.78056,4.84604,0.58603,-0.80737,-0.05573,0.04014,-0.12137,0.99187,-0.04236,
1703614746792369920,-11.00517,127.90902,4.84606,0.58540,-0.80777,-0.05704,0.03960,-0.15718,0.94665,0.01089,
1703614746925800704,-11.02094,128.03469,4.84449,0.58517,-0.80799,-0.05643,0.03923,-0.09190,0.94239,0.00234,
1703614747059231744,-11.03560,128.16430,4.84376,0.58461,-0.80827,-0.05644,0.04182,-0.12433,0.95266,0.00292,
1703614747192662272,-11.05836,128.29271,4.84151,0.58495,-0.80781,-0.05811,0.04350,-0.20659,0.93956,-0.00576,
1703614747326093312,-11.09911,128.41785,4.84190,0.58404,-0.80806,-0.06207,0.04562,-0.31281,0.91153,0.01303,
1703614747459524096,-11.13441,128.54511,4.83267,0.58209,-0.80928,-0.06450,0.04568,-0.24360,1.00507,-0.09058,
1703614747592954880,-11.15936,128.66902,4.83793,0.58401,-0.80771,-0.06545,0.04754,-0.17838,0.90770,0.02436,
1703614747726384896,-11.17758,128.79362,4.83462,0.58297,-0.80828,-0.06678,0.04859,-0.16776,0.96513,-0.02510,
1703614747859814656,-11.19912,128.92124,4.83456,0.58312,-0.80827,-0.06736,0.04630,-0.15576,0.91470,0.02329,
1703614747993244672,-11.23089,129.04784,4.83192,0.58294,-0.80821,-0.06883,0.04735,-0.29383,0.90979,0.03633,
1703614748126674688,-11.26184,129.16945,4.83577,0.58359,-0.80732,-0.07191,0.04976,-0.18794,0.92868,-0.02582,
1703614748260104192,-11.27720,129.28713,4.83642,0.58390,-0.80713,-0.07145,0.05000,-0.06568,0.87961,0.05343,
1703614748393534208,-11.28365,129.40737,4.83986,0.58446,-0.80718,-0.06740,0.04818,-0.12112,0.89338,0.00375,
1703614748526964224,-11.30077,129.52287,4.84345,0.58531,-0.80654,-0.06701,0.04922,-0.16850,0.88809,-0.00324,
1703614748660394240,-11.31198,129.64327,4.84288,0.58542,-0.80653,-0.06733,0.04761,0.00539,0.88222,0.01488,
1703614748793824768,-11.31656,129.76238,4.84427,0.58560,-0.80675,-0.06474,0.04517,-0.06486,0.91115,0.00739,
1703614748927255040,-11.33130,129.87991,4.84750,0.58559,-0.80690,-0.06352,0.04434,-0.16201,0.84229,0.00722,
1703614749060685568,-11.35042,129.99233,4.84836,0.58543,-0.80691,-0.06461,0.04475,-0.09873,0.87571,0.02331,
1703614749194115840,-11.35471,130.10671,4.85051,0.58727,-0.80582,-0.06176,0.04428,-0.06854,0.85831,-0.00091,
1703614749327546624,-11.37122,130.22763,4.85252,0.58655,-0.80634,-0.06228,0.04366,-0.19075,0.84852,0.05668,
1703614749527692032,-11.40180,130.39756,4.85510,0.58801,-0.80515,-0.06316,0.04468,-0.14956,0.85403,-0.02571,
1703614749661120256,-11.41578,130.51721,4.85231,0.58703,-0.80604,-0.06189,0.04320,-0.09701,0.85887,0.04119,
1703614749794546176,-11.43592,130.63165,4.85591,0.58835,-0.80499,-0.06207,0.04462,-0.22262,0.90513,-0.05018,
1703614749927972096,-11.47359,130.74810,4.85287,0.58654,-0.80574,-0.06736,0.04705,-0.30394,0.81378,0.03780,
1703614750061398016,-11.51081,130.85293,4.85693,0.58773,-0.80442,-0.07148,0.04879,-0.26950,0.85139,-0.02531,
1703614750194823680,-11.53693,130.96266,4.85626,0.58715,-0.80469,-0.07277,0.04930,-0.16034,0.81655,0.00607,
1703614750328249344,-11.55885,131.07152,4.85435,0.58601,-0.80547,-0.07310,0.04959,-0.14020,0.76281,-0.00251,
1703614750461674752,-11.58165,131.17330,4.85429,0.58684,-0.80458,-0.07450,0.05212,-0.15839,0.79962,-0.01061,
1703614750595100928,-11.59831,131.28121,4.85165,0.58660,-0.80484,-0.07416,0.05136,-0.09870,0.74801,0.03348,
1703614750728531712,-11.61069,131.38927,4.85304,0.58740,-0.80454,-0.07235,0.04937,-0.06572,0.84253,-0.00998,
1703614750861962240,-11.62446,131.49575,4.85384,0.58762,-0.80451,-0.07139,0.04869,-0.10861,0.79849,0.00047,
1703614750995393280,-11.63732,131.60426,4.85165,0.58689,-0.80491,-0.07175,0.05030,-0.06021,0.81947,0.01130,
1703614751128824320,-11.64088,131.71429,4.85471,0.58741,-0.80472,-0.06983,0.05007,0.02162,0.81746,-0.01756,
1703614751262254848,-11.64380,131.82871,4.85026,0.58641,-0.80591,-0.06597,0.04776,-0.07044,0.85800,-0.01695,
1703614751395685632,-11.65921,131.93800,4.85103,0.58698,-0.80567,-0.06584,0.04496,-0.09941,0.83963,-0.02521,
1703614751529116672,-11.67477,132.05236,4.84984,0.58655,-0.80610,-0.06480,0.04438,-0.15101,0.83049,0.00100,
1703614751662547200,-11.68838,132.16593,4.85022,0.58683,-0.80575,-0.06518,0.04626,-0.05706,0.84761,0.01863,
1703614751795977472,-11.69839,132.28083,4.84922,0.58664,-0.80583,-0.06449,0.04819,-0.10576,0.85041,0.00221,
1703614751929407488,-11.71695,132.39655,4.84784,0.58608,-0.80634,-0.06487,0.04604,-0.10627,0.90070,-0.04680,
1703614752062837760,-11.73405,132.51211,4.85038,0.58662,-0.80612,-0.06376,0.04452,-0.12163,0.84000,0.02465,
1703614752196268288,-11.74748,132.62868,4.84870,0.58571,-0.80679,-0.06352,0.04470,-0.10797,0.81768,0.07086,
1703614752329698560,-11.76435,132.74468,4.84960,0.58588,-0.80665,-0.06401,0.04435,-0.16127,0.85014,0.00969,
1703614752463128576,-11.78602,132.85602,4.85388,0.58701,-0.80566,-0.06564,0.04505,-0.12749,0.85497,0.00609,
1703614752596559104,-11.80767,132.97061,4.85417,0.58737,-0.80537,-0.06641,0.04439,-0.14913,0.84348,0.02512,
1703614752729989376,-11.82528,133.08257,4.85906,0.58830,-0.80458,-0.06651,0.04617,-0.08156,0.85761,0.01653,
1703614752863419648,-11.83609,133.19742,4.86155,0.58852,-0.80464,-0.06529,0.04402,-0.09511,0.83632,0.01027,
1703614752996849664,-11.85443,133.30781,4.86795,0.58907,-0.80411,-0.06551,0.04587,-0.16470,0.81604,0.03460,
1703614753130279680,-11.86823,133.41870,4.86816,0.59001,-0.80341,-0.06540,0.04628,-0.09161,0.86331,0.00276,
1703614753263709952,-11.87952,133.53313,4.86850,0.59024,-0.80343,-0.06400,0.04497,-0.11008,0.81189,0.07614,
1703614753397139968,-11.90022,133.64945,4.87063,0.59049,-0.80315,-0.06442,0.04596,-0.22121,0.84053,0.02316,
1703614753530570240,-11.92386,133.76613,4.86788,0.58956,-0.80351,-0.06730,0.04761,-0.09142,0.85047,0.01020,
1703614753664001024,-11.92682,133.88507,4.86659,0.58931,-0.80401,-0.06398,0.04682,-0.02366,0.89718,-0.05238,
1703614753797432320,-11.93610,134.00552,4.86685,0.59000,-0.80363,-0.06201,0.04723,-0.12778,0.91519,0.01590,
1703614753930863616,-11.95889,134.12495,4.86463,0.58924,-0.80416,-0.06296,0.04639,-0.19603,0.82960,0.05577,
1703614754064294912,-11.98221,134.24600,4.86376,0.58844,-0.80464,-0.06467,0.04602,-0.13569,0.87624,0.05622,
1703614754197726208,-11.99853,134.35972,4.86916,0.59031,-0.80345,-0.06311,0.04502,-0.17376,0.88053,-0.01997,
1703614754331157504,-12.02438,134.47988,4.86664,0.58867,-0.80442,-0.06578,0.04519,-0.16075,0.86112,0.02212,
1703614754464588800,-12.03977,134.59671,4.86793,0.58915,-0.80408,-0.06554,0.04539,-0.13569,0.89224,0.01706,
1703614754598020352,-12.05015,134.71719,4.86901,0.58828,-0.80476,-0.06451,0.04608,-0.02629,0.85581,0.05053,
1703614754731451648,-12.05726,134.84112,4.87036,0.58859,-0.80486,-0.06167,0.04422,-0.09970,0.89630,0.00755,
1703614754931598592,-12.08791,135.01525,4.87266,0.58867,-0.80473,-0.06309,0.04363,-0.18649,0.84564,0.02589,
1703614755065030144,-12.10598,135.13168,4.87365,0.58851,-0.80468,-0.06436,0.04465,-0.10204,0.88297,0.00460,
1703614755198461440,-12.11050,135.24957,4.87681,0.58891,-0.80467,-0.06096,0.04436,0.00313,0.89608,-0.05476,
1703614755331892736,-12.11888,135.37152,4.87262,0.58839,-0.80523,-0.05920,0.04347,-0.15890,0.95030,-0.08576,
1703614755465324288,-12.13994,135.48995,4.87349,0.58836,-0.80508,-0.06101,0.04416,-0.20543,0.87839,0.00509,
1703614755598755328,-12.16826,135.61240,4.87168,0.58775,-0.80524,-0.06364,0.04575,-0.19519,0.90808,0.01050,
1703614755732183808,-12.19198,135.73673,4.86560,0.58745,-0.80548,-0.06516,0.04318,-0.19635,0.96221,-0.11177,
1703614755865612288,-12.22032,135.86421,4.85820,0.58531,-0.80693,-0.06647,0.04306,-0.27678,0.96422,-0.06117,
1703614755999040768,-12.24492,135.98840,4.85616,0.58506,-0.80706,-0.06783,0.04193,-0.17861,0.95761,-0.03100,
1703614756132469248,-12.26265,136.11428,4.85518,0.58496,-0.80711,-0.06822,0.04171,-0.14455,0.93788,0.04496,
1703614756265897472,-12.27353,136.24222,4.85871,0.58568,-0.80667,-0.06662,0.04261,-0.14102,0.96017,-0.03835,
1703614756399325696,-12.29404,136.37390,4.85516,0.58453,-0.80737,-0.06704,0.04456,-0.11561,0.91569,0.05597,
1703614756532753920,-12.31011,136.50329,4.85299,0.58416,-0.80766,-0.06637,0.04513,-0.14198,0.96109,-0.05001,
1703614756666183168,-12.33490,136.63065,4.85131,0.58337,-0.80815,-0.06774,0.04466,-0.18877,0.96921,-0.04935,
1703614756799613440,-12.35507,136.75501,4.85327,0.58441,-0.80750,-0.06714,0.04346,-0.13967,0.92380,-0.01169,
1703614756933043968,-12.37010,136.88335,4.84998,0.58278,-0.80872,-0.06644,0.04385,-0.07914,0.86876,0.07986,
1703614757066474496,-12.38497,137.00143,4.85365,0.58502,-0.80689,-0.06780,0.04575,-0.10615,0.96260,-0.09131,
1703614757199904512,-12.39761,137.12948,4.85241,0.58414,-0.80781,-0.06606,0.04310,-0.08378,0.85344,0.08424,
1703614757333334784,-12.41402,137.25030,4.85511,0.58525,-0.80731,-0.06333,0.04149,-0.20120,0.87191,0.02110,
1703614757466765056,-12.44315,137.36756,4.86223,0.58747,-0.80546,-0.06603,0.04188,-0.24942,0.86683,0.07764,
1703614757600195328,-12.47171,137.49011,4.86571,0.58867,-0.80415,-0.06940,0.04469,-0.13654,0.97398,-0.06003,
1703614757733625088,-12.48041,137.61229,4.87067,0.59008,-0.80332,-0.06780,0.04349,-0.02245,0.87796,0.04737,
1703614757867055360,-12.49299,137.74295,4.86948,0.58969,-0.80392,-0.06568,0.04077,-0.19195,0.94556,0.03503,
1703614758000485376,-12.51579,137.86893,4.87415,0.59046,-0.80340,-0.06683,0.03795,-0.17165,0.88437,0.01451,
1703614758133915392,-12.54851,137.99645,4.86713,0.58904,-0.80396,-0.07018,0.04190,-0.31481,0.95859,-0.13518,
1703614758267345408,-12.57907,138.11867,4.86261,0.58864,-0.80377,-0.07408,0.04437,-0.14984,0.90733,-0.00345,
1703614758400775424,-12.58807,138.24522,4.86015,0.58791,-0.80457,-0.07147,0.04391,0.00606,0.89465,0.06915,
1703614758534205440,-12.58411,138.36782,4.86277,0.58820,-0.80492,-0.06632,0.04154,-0.01977,0.89354,-0.00487,
1703614758667638784,-12.58755,138.48934,4.86380,0.58893,-0.80469,-0.06289,0.04089,-0.10977,0.92668,0.00259,
1703614758801074432,-12.60417,138.60387,4.86813,0.58847,-0.80497,-0.06312,0.04176,-0.11284,0.80600,0.08978,
1703614758934510592,-12.62473,138.71779,4.86468,0.58811,-0.80509,-0.06492,0.04183,-0.26907,0.92423,-0.11389,
1703614759067946752,-12.65139,138.82856,4.86435,0.58755,-0.80529,-0.06762,0.04137,-0.23947,0.81723,0.00488,
1703614759201383424,-12.68074,138.94113,4.85981,0.58662,-0.80583,-0.06941,0.04115,-0.19294,0.84353,0.00941,
1703614759334820096,-12.71173,139.05525,4.85823,0.58582,-0.80589,-0.07231,0.04607,-0.21248,0.83903,-0.00905,
1703614759468257280,-12.72644,139.17124,4.85594,0.58550,-0.80592,-0.07272,0.04891,0.01617,0.89225,-0.02170,
1703614759601693696,-12.72047,139.28827,4.85749,0.58564,-0.80667,-0.06655,0.04338,0.00193,0.82508,0.02650,
1703614759735123456,-12.72879,139.39922,4.86281,0.58703,-0.80621,-0.06261,0.03878,-0.15768,0.80864,0.09472,
1703614759868552960,-12.76219,139.49920,4.87185,0.58850,-0.80478,-0.06737,0.03815,-0.27115,0.68265,0.09043,
1703614760001982720,-12.80159,139.59981,4.87198,0.58963,-0.80339,-0.07333,0.03912,-0.27558,0.81440,-0.07704,
1703614760135412480,-12.82632,139.70636,4.87250,0.59022,-0.80278,-0.07442,0.04051,-0.12822,0.81456,0.00657,
1703614760268841984,-12.83659,139.81943,4.87287,0.59000,-0.80299,-0.07322,0.04173,-0.03714,0.83451,-0.01198,
1703614760402271488,-12.83704,139.93566,4.87321,0.58994,-0.80314,-0.07160,0.04266,0.10148,0.84728,0.03224,
1703614760535701248,-12.82985,140.05613,4.87002,0.58823,-0.80506,-0.06504,0.04031,-0.00988,0.82913,0.01931,
1703614760669130752,-12.84473,140.17052,4.87239,0.58889,-0.80455,-0.06409,0.04242,-0.17679,0.82244,0.00622,
1703614760802560768,-12.85642,140.28284,4.87098,0.58864,-0.80476,-0.06397,0.04203,-0.05051,0.81410,-0.00417,
1703614760935990784,-12.85991,140.39598,4.87476,0.58972,-0.80427,-0.06021,0.04176,-0.09393,0.83504,0.03507,
1703614761069420544,-12.87280,140.51502,4.87017,0.58913,-0.80474,-0.05891,0.04303,-0.17322,0.87179,-0.02547,
1703614761202850560,-12.89079,140.63207,4.86827,0.58911,-0.80457,-0.06042,0.04435,-0.15075,0.86135,0.01046,
1703614761336280576,-12.90490,140.74030,4.87702,0.59212,-0.80228,-0.06073,0.04538,-0.06956,0.88177,-0.04139,
1703614761469710336,-12.91463,140.86403,4.86828,0.58989,-0.80403,-0.05893,0.04574,-0.06223,0.89637,0.01995,
1703614761603140352,-12.91811,140.98459,4.86768,0.58977,-0.80438,-0.05582,0.04498,-0.03040,0.90318,-0.02760,
1703614761736570880,-12.92460,141.10339,4.85874,0.58710,-0.80657,-0.05396,0.04288,-0.08888,0.86806,-0.00906,
1703614761870001408,-12.93738,141.21846,4.85527,0.58615,-0.80747,-0.05342,0.03945,-0.11708,0.80899,0.04411,
1703614762003431680,-12.95768,141.32769,4.85727,0.58775,-0.80619,-0.05384,0.04141,-0.17945,0.83601,-0.00688,
1703614762136862208,-12.97973,141.43635,4.86106,0.58799,-0.80551,-0.05729,0.04621,-0.10018,0.82962,-0.01820,
1703614762270292992,-12.98609,141.55384,4.85762,0.58762,-0.80585,-0.05662,0.04573,-0.03400,0.94413,-0.06620,
1703614762403723520,-12.98909,141.67404,4.86033,0.58789,-0.80606,-0.05225,0.04380,-0.10842,0.86020,0.04465,
1703614762537154048,-13.01752,141.79365,4.86148,0.58728,-0.80622,-0.05494,0.04565,-0.29908,0.84214,0.03374,
1703614762670584320,-13.05277,141.90661,4.86487,0.58782,-0.80512,-0.06144,0.04982,-0.16452,0.85758,0.02925,
1703614762804014592,-13.06396,142.02185,4.86767,0.58776,-0.80522,-0.05999,0.05056,-0.04066,0.86556,-0.00865,
1703614762937445120,-13.06533,142.14270,4.85949,0.58636,-0.80651,-0.05641,0.05046,0.00348,0.90199,-0.03935,
1703614763070875136,-13.07353,142.26167,4.86119,0.58652,-0.80637,-0.05497,0.05244,-0.11924,0.87283,0.01608,
1703614763204305664,-13.09056,142.37868,4.85551,0.58529,-0.80712,-0.05660,0.05275,-0.10341,0.90872,-0.00274,
1703614763337735936,-13.09909,142.49695,4.85797,0.58595,-0.80693,-0.05377,0.05138,-0.10971,0.86381,0.02209,
1703614763471166464,-13.12134,142.61408,4.85878,0.58746,-0.80584,-0.05610,0.04867,-0.16297,0.91293,-0.02069,
1703614763604596480,-13.13912,142.72897,4.85884,0.58766,-0.80557,-0.05618,0.05051,-0.09769,0.80465,0.09172,
1703614763738026496,-13.14664,142.85031,4.85994,0.58833,-0.80522,-0.05460,0.05011,-0.02935,0.92253,-0.01189,
1703614763871456768,-13.15814,142.97602,4.85801,0.58809,-0.80547,-0.05298,0.05052,-0.12220,0.90228,-0.02961,
1703614764004886528,-13.16903,143.10204,4.85472,0.58695,-0.80621,-0.05289,0.05209,-0.03527,0.87309,0.08989,
1703614764138316800,-13.16696,143.22137,4.86359,0.58980,-0.80451,-0.04915,0.04979,-0.01485,0.96369,-0.08482,
1703614764271746816,-13.18180,143.34687,4.85333,0.58820,-0.80601,-0.04778,0.04564,-0.22339,0.94056,-0.01039,
1703614764405177088,-13.22180,143.46561,4.85869,0.58885,-0.80524,-0.05257,0.04565,-0.25996,0.87163,0.06162,
1703614764538606848,-13.24713,143.58361,4.85489,0.58682,-0.80630,-0.05586,0.04904,-0.09055,0.86628,0.08100,
1703614764672037632,-13.25025,143.70305,4.86413,0.58846,-0.80530,-0.05335,0.04854,0.01466,0.94084,-0.05933,
1703614764805468672,-13.25886,143.82803,4.85608,0.58772,-0.80618,-0.05129,0.04504,-0.13908,0.97835,-0.10442,
1703614764938899968,-13.28915,143.95490,4.84538,0.58443,-0.80826,-0.05453,0.04682,-0.29582,0.92095,-0.00361,
1703614765072331264,-13.31689,144.07982,4.84468,0.58474,-0.80774,-0.05855,0.04701,-0.11909,0.95908,0.02249,
1703614765205762304,-13.32639,144.20791,4.84794,0.58546,-0.80761,-0.05504,0.04455,-0.13757,0.92129,0.02398,
1703614765339193600,-13.34916,144.33670,4.84525,0.58495,-0.80811,-0.05593,0.04079,-0.24961,1.00158,-0.08892,
1703614765472624896,-13.38272,144.46596,4.83863,0.58343,-0.80886,-0.06049,0.04104,-0.27440,0.97456,-0.03396,
1703614765606055424,-13.40993,144.59013,4.84132,0.58374,-0.80851,-0.06322,0.03965,-0.10499,0.85250,0.09589,
1703614765739484672,-13.43666,144.70836,4.84330,0.58629,-0.80641,-0.06436,0.04265,-0.30177,0.95667,-0.13833,
1703614765872914176,-13.47341,144.83291,4.84375,0.58490,-0.80696,-0.06883,0.04441,-0.19653,0.89808,0.07995,
1703614766006343424,-13.48313,144.94916,4.85444,0.58845,-0.80452,-0.06581,0.04636,-0.01662,0.90076,0.06069,
1703614766139772416,-13.49068,145.07567,4.85770,0.58782,-0.80522,-0.06478,0.04354,-0.09635,0.87803,0.01308,
1703614766273201664,-13.50607,145.19584,4.86123,0.58879,-0.80454,-0.06336,0.04496,-0.24406,0.85802,0.03868,
1703614766406630400,-13.54986,145.30554,4.86279,0.58828,-0.80419,-0.07002,0.04797,-0.34241,0.77320,0.06792,
1703614766540059648,-13.58325,145.41660,4.86209,0.58800,-0.80396,-0.07366,0.04973,-0.09740,0.85676,0.05122,
1703614766673489152,-13.58576,145.53313,4.86682,0.59138,-0.80205,-0.06811,0.04849,-0.04308,0.97257,-0.10240,
1703614766806917120,-13.60780,145.66210,4.86056,0.58909,-0.80373,-0.06895,0.04732,-0.20026,0.85544,0.10576,
1703614766940345600,-13.64050,145.78027,4.86127,0.58747,-0.80449,-0.07282,0.04874,-0.20944,0.85796,-0.00870,
1703614767073773568,-13.65921,145.89844,4.86079,0.58849,-0.80371,-0.07243,0.04987,-0.06121,0.88039,0.01858,
1703614767207201792,-13.66673,146.02272,4.86057,0.58880,-0.80422,-0.06874,0.04256,-0.08937,0.91803,-0.01413,
1703614767340629504,-13.69695,146.15027,4.85939,0.58757,-0.80520,-0.06976,0.03926,-0.34236,0.91066,0.00333,
1703614767474057728,-13.74413,146.26124,4.86489,0.58965,-0.80308,-0.07684,0.03830,-0.33908,0.83971,0.07443,
1703614767607486720,-13.78317,146.37243,4.87314,0.59199,-0.80084,-0.08081,0.04091,-0.25035,0.85700,-0.01397,
1703614767740916992,-13.80756,146.48932,4.87427,0.59175,-0.80081,-0.08181,0.04285,-0.05649,0.87443,-0.02331,
1703614767874347008,-13.80810,146.61172,4.86905,0.58851,-0.80341,-0.07857,0.04484,0.04296,0.90478,-0.02175,
1703614768007777280,-13.80134,146.72788,4.86803,0.58949,-0.80334,-0.07434,0.04015,-0.02165,0.86711,-0.02765,
1703614768141207296,-13.82081,146.84500,4.86499,0.58795,-0.80501,-0.07072,0.03582,-0.33663,0.82324,-0.04686,
1703614768274637568,-13.87177,146.95506,4.86237,0.58754,-0.80461,-0.07771,0.03696,-0.33479,0.81734,0.00523,
1703614768408067584,-13.89771,147.06797,4.85839,0.58620,-0.80516,-0.08040,0.04028,-0.08274,0.86421,-0.03631,
1703614768541497344,-13.89872,147.18594,4.85759,0.58641,-0.80525,-0.07821,0.03974,0.06691,0.87802,0.05090,
1703614768741644032,-13.89766,147.36500,4.86473,0.58761,-0.80547,-0.07006,0.03185,-0.15875,0.86250,-0.00752,
1703614768875075072,-13.93006,147.48089,4.86239,0.58765,-0.80512,-0.07260,0.03437,-0.32638,0.92642,-0.11138,
1703614769008506368,-13.95410,147.59555,4.86289,0.58804,-0.80425,-0.07651,0.03917,-0.00055,0.87612,0.01603,
1703614769141937664,-13.93793,147.72102,4.86273,0.58692,-0.80574,-0.06938,0.03863,0.16772,1.00096,-0.11787,
1703614769275369216,-13.92738,147.84737,4.85808,0.58628,-0.80701,-0.06189,0.03440,-0.08347,0.92007,-0.00311,
1703614769408800512,-13.94694,147.97666,4.84634,0.58242,-0.80996,-0.06263,0.02874,-0.22198,0.90378,-0.00199,
1703614769542231808,-13.98082,148.09275,4.85315,0.58341,-0.80896,-0.06559,0.03016,-0.28606,0.85972,0.01935,
1703614769675663104,-14.01463,148.20292,4.85454,0.58468,-0.80743,-0.07027,0.03564,-0.16612,0.84492,-0.01274,
1703614769809094400,-14.01540,148.32687,4.85252,0.58475,-0.80760,-0.06787,0.03526,0.03395,0.97808,-0.01925,
1703614769942526208,-14.01321,148.44850,4.85453,0.58491,-0.80819,-0.06252,0.02839,-0.13231,0.85925,0.07042,
1703614770075957504,-14.04591,148.56914,4.86070,0.58754,-0.80618,-0.06398,0.02793,-0.42789,0.87715,0.00307,
1703614770209389312,-14.09763,148.68549,4.86580,0.58881,-0.80419,-0.07333,0.03465,-0.29644,0.86378,0.05160,
1703614770342820608,-14.10966,148.79781,4.87643,0.59213,-0.80167,-0.07458,0.03398,0.13777,0.91783,0.02003,
1703614770542968064,-14.08929,148.98949,4.86545,0.58843,-0.80570,-0.06188,0.02751,-0.08576,1.04052,-0.16406,
1703614770676403456,-14.10495,149.11290,4.86339,0.58757,-0.80639,-0.06216,0.02498,-0.10122,0.88068,0.01383,
1703614770809843456,-14.11762,149.23610,4.86302,0.58860,-0.80539,-0.06436,0.02746,-0.02617,0.95094,0.01981,
1703614770943283712,-14.11896,149.36334,4.85794,0.58737,-0.80633,-0.06284,0.02946,0.05997,0.90969,0.00730,
1703614771076723968,-14.12170,149.48306,4.86072,0.58911,-0.80534,-0.05938,0.02932,-0.11000,0.96496,-0.07764,
1703614771210164736,-14.14074,149.60428,4.85681,0.58918,-0.80525,-0.06006,0.02879,-0.10509,0.94061,0.02782,
1703614771343605760,-14.15443,149.73186,4.85469,0.58763,-0.80638,-0.05968,0.02968,-0.12122,0.89807,0.06336,
1703614771477046784,-14.16969,149.85247,4.85880,0.58891,-0.80530,-0.06006,0.03273,-0.07426,0.92737,0.05192,
1703614771610488064,-14.19426,149.97831,4.86021,0.58805,-0.80577,-0.06130,0.03417,-0.27120,0.88811,0.06523,
1703614771743926528,-14.23005,150.09807,4.86038,0.58772,-0.80575,-0.06469,0.03413,-0.28252,0.93597,-0.01901,
1703614771944084736,-14.28630,150.28161,4.85802,0.58595,-0.80659,-0.06970,0.03477,-0.28172,0.88450,-0.04070,
1703614772077523712,-14.31884,150.40042,4.85676,0.58575,-0.80617,-0.07380,0.03920,-0.18626,0.89078,-0.02300,
1703614772210962688,-14.33037,150.52133,4.85268,0.58443,-0.80727,-0.07318,0.03737,-0.01128,0.87844,0.00223,
1703614772344402432,-14.32719,150.64159,4.85582,0.58726,-0.80586,-0.06721,0.03454,-0.01262,0.96484,-0.03461,
1703614772477841920,-14.33349,150.77121,4.85269,0.58678,-0.80647,-0.06466,0.03329,-0.10845,0.91202,0.02273,
1703614772611280896,-14.35264,150.89506,4.85317,0.58729,-0.80588,-0.06677,0.03438,-0.08377,0.96261,0.00766,
1703614772744726784,-14.36068,151.02239,4.84988,0.58539,-0.80770,-0.06363,0.02989,-0.07417,0.91034,-0.01074,
1703614772878172416,-14.37510,151.13291,4.85466,0.58838,-0.80586,-0.06124,0.02546,-0.20550,0.81349,0.04475,
1703614773011618560,-14.42274,151.25086,4.85352,0.58710,-0.80594,-0.06913,0.03167,-0.35703,0.83668,0.06053,
1703614773145064960,-14.44432,151.36058,4.86469,0.59000,-0.80337,-0.07224,0.03572,0.03365,0.89076,0.01312,
1703614773278512128,-14.42966,151.47676,4.87190,0.59116,-0.80327,-0.06440,0.03376,0.06919,0.86064,0.00152,
1703614773411959296,-14.42809,151.59288,4.87033,0.59064,-0.80402,-0.06030,0.03248,-0.07673,0.78810,0.05946,
1703614773545407232,-14.44432,151.69335,4.88246,0.59303,-0.80211,-0.06095,0.03495,-0.23375,0.78019,0.02426,
1703614773678847232,-14.47206,151.79687,4.87873,0.59257,-0.80217,-0.06453,0.03497,-0.19237,0.76915,0.02560,
1703614773812278272,-14.50055,151.90767,4.87057,0.59088,-0.80324,-0.06625,0.03575,-0.20575,0.78130,0.05668,
1703614773945709056,-14.52714,152.01849,4.87192,0.59147,-0.80257,-0.06853,0.03676,-0.15825,0.85953,-0.04260,
1703614774079139584,-14.54587,152.13000,4.87377,0.59238,-0.80169,-0.06966,0.03912,-0.13511,0.86903,-0.00897,
1703614774212570624,-14.57045,152.24707,4.87072,0.59109,-0.80251,-0.07187,0.03774,-0.18890,0.88288,-0.02786,
1703614774346001152,-14.59887,152.35711,4.87078,0.59185,-0.80190,-0.07295,0.03673,-0.27683,0.83995,-0.03260,
1703614774479431936,-14.62961,152.46360,4.87097,0.59221,-0.80135,-0.07605,0.03664,-0.24024,0.81530,0.01785,
1703614774612860672,-14.65993,152.57571,4.86725,0.59145,-0.80158,-0.07883,0.03791,-0.23654,0.83366,-0.01667,
1703614774746318848,-14.68389,152.68999,4.86729,0.59032,-0.80242,-0.07980,0.03577,-0.13314,0.81299,0.00881,
1703614774879777792,-14.70376,152.80377,4.86314,0.58989,-0.80289,-0.07780,0.03671,-0.21609,0.87285,-0.05007,
1703614775013237504,-14.72899,152.91670,4.86538,0.58895,-0.80321,-0.08164,0.03639,-0.12556,0.80693,0.01001,
1703614775146697728,-14.74136,153.02700,4.86089,0.58744,-0.80429,-0.08115,0.03808,-0.05085,0.81440,-0.03193,
1703614775280158976,-14.75071,153.14313,4.85124,0.58538,-0.80596,-0.07834,0.04011,-0.07035,0.89528,-0.05472,
1703614775413620992,-14.75538,153.25999,4.84940,0.58353,-0.80757,-0.07610,0.03925,-0.01724,0.87606,-0.05658,
1703614775547083264,-14.75416,153.37628,4.84431,0.58189,-0.80924,-0.07191,0.03694,-0.00288,0.83234,0.01511,
1703614775680529664,-14.75318,153.48848,4.85110,0.58346,-0.80864,-0.06751,0.03330,-0.00447,0.82620,0.06434,
1703614775813953792,-14.76653,153.60026,4.85076,0.58387,-0.80837,-0.06722,0.03323,-0.23372,0.82941,0.00339,
1703614775947377920,-14.78994,153.71115,4.85241,0.58472,-0.80753,-0.06987,0.03337,-0.13311,0.82815,0.05007,
1703614776080801792,-14.79676,153.82667,4.84811,0.58417,-0.80813,-0.06723,0.03381,-0.03412,0.87802,-0.02161,
1703614776214225408,-14.79994,153.94760,4.84755,0.58429,-0.80829,-0.06429,0.03386,0.01003,0.92070,0.02839,
1703614776347648512,-14.79805,154.06700,4.84776,0.58420,-0.80881,-0.05901,0.03245,-0.09280,0.91703,0.00372,
1703614776481071616,-14.82122,154.19264,4.84011,0.58298,-0.80971,-0.06010,0.02977,-0.24594,0.89705,-0.01753,
1703614776681207296,-14.86979,154.36685,4.85058,0.58534,-0.80734,-0.06710,0.03265,-0.09128,0.87032,0.05998,
1703614776814632704,-14.87965,154.48656,4.84911,0.58513,-0.80757,-0.06476,0.03549,-0.07671,0.81571,0.02134,
1703614776948057344,-14.88843,154.60487,4.84504,0.58523,-0.80774,-0.06263,0.03376,-0.07013,0.89444,-0.06255,
1703614777081482240,-14.91328,154.72691,4.84199,0.58584,-0.80721,-0.06414,0.03289,-0.27226,0.88621,-0.04108,
1703614777214906368,-14.96058,154.85159,4.84012,0.58487,-0.80726,-0.07128,0.03431,-0.35339,0.88478,0.00635,
1703614777348330752,-15.00341,154.96851,4.84217,0.58754,-0.80467,-0.07688,0.03727,-0.27674,0.96989,-0.04781,
1703614777481754880,-15.02436,155.09569,4.84618,0.58751,-0.80477,-0.07721,0.03482,-0.08080,0.96650,0.00238,
1703614777615178496,-15.03002,155.22140,4.85468,0.58899,-0.80424,-0.07183,0.03352,-0.13602,0.89537,0.06895,
1703614777748606976,-15.05267,155.35241,4.84650,0.58608,-0.80624,-0.07241,0.03523,-0.09749,0.97510,-0.03113,
1703614777882035712,-15.06873,155.48059,4.84683,0.58744,-0.80511,-0.07257,0.03795,-0.12158,0.99750,-0.04578,
1703614778015463936,-15.08235,155.61339,4.84304,0.58592,-0.80596,-0.07294,0.04254,-0.13400,1.02019,-0.02576,
1703614778148892160,-15.09702,155.74610,4.84131,0.58579,-0.80596,-0.07281,0.04440,-0.06769,1.05639,-0.07796,
1703614778282320384,-15.10762,155.88545,4.83543,0.58243,-0.80856,-0.07039,0.04538,-0.05907,1.01401,-0.01907,
1703614778415748352,-15.10714,156.01967,4.83878,0.58421,-0.80778,-0.06563,0.04340,0.02336,1.00482,0.00071,
1703614778549176320,-15.11517,156.16169,4.83438,0.58283,-0.80908,-0.06173,0.04346,-0.17934,1.04403,-0.01208,
1703614778682602752,-15.14019,156.29500,4.83303,0.58310,-0.80857,-0.06513,0.04447,-0.11644,0.97248,0.06333,
1703614778882737920,-15.15412,156.48665,4.84799,0.58722,-0.80615,-0.06170,0.03851,0.00191,1.01126,-0.02089,
1703614779016161280,-15.14127,156.61565,4.85037,0.58819,-0.80623,-0.05425,0.03299,0.13430,0.95103,-0.02928,
1703614779149584384,-15.11493,156.74607,4.84771,0.58785,-0.80703,-0.04696,0.03062,0.21935,0.92951,0.05097,
1703614779283007232,-15.07682,156.87274,4.84527,0.58640,-0.80866,-0.03886,0.02654,0.37574,0.92751,-0.06214,
1703614779416429568,-15.02919,156.99645,4.84333,0.58761,-0.80841,-0.02786,0.02038,0.38797,0.97579,-0.01816,
1703614779549851904,-14.99521,157.11650,4.84486,0.58874,-0.80798,-0.01931,0.01355,0.18613,0.86257,0.05364,
1703614779683275264,-14.98093,157.24304,4.84493,0.58819,-0.80849,-0.01669,0.00950,0.06268,0.90226,0.02991,
1703614779883411456,-14.95945,157.42686,4.84186,0.58899,-0.80802,-0.01307,0.00505,0.14941,0.90459,0.00555,
1703614780016835072,-14.94352,157.54985,4.84233,0.58939,-0.80779,-0.00915,0.00357,0.09026,0.91698,-0.02508,
1703614780150258432,-14.93542,157.66833,4.84161,0.58952,-0.80770,-0.00861,0.00461,0.04232,0.89341,0.00905,
1703614780283681792,-14.93310,157.78376,4.84003,0.58908,-0.80802,-0.00786,0.00575,0.01349,0.88836,-0.01363,
1703614780417104896,-14.93713,157.90694,4.83319,0.58774,-0.80900,-0.00703,0.00494,-0.07546,0.98326,-0.11580,
1703614780550527744,-14.95056,158.02954,4.82678,0.58525,-0.81077,-0.00820,0.00796,-0.12031,0.84741,0.00960,
1703614780683953408,-14.96654,158.13386,4.83647,0.58785,-0.80882,-0.01320,0.00835,0.00200,0.69234,0.15115,
1703614780817381376,-14.97120,158.23137,4.84153,0.58834,-0.80847,-0.01298,0.00828,-0.15537,0.74670,-0.01790,
1703614780950809344,-15.00743,158.31627,4.84282,0.58908,-0.80776,-0.01853,0.01282,-0.35788,0.58673,0.02820,
1703614781084237312,-15.05759,158.38583,4.84871,0.58950,-0.80699,-0.02812,0.02165,-0.31988,0.48165,0.08402,
1703614781217665024,-15.08990,158.44771,4.85406,0.59097,-0.80549,-0.03401,0.02800,-0.15428,0.55998,-0.01668,
1703614781351092480,-15.11422,158.52482,4.85334,0.59074,-0.80546,-0.03638,0.03060,-0.25732,0.61840,-0.05154,
1703614781551233536,-15.19725,158.64092,4.85292,0.59024,-0.80483,-0.04980,0.03725,-0.57146,0.55716,0.01062,
1703614781684663552,-15.27390,158.72024,4.84721,0.58834,-0.80492,-0.06337,0.04409,-0.54060,0.63553,-0.07015,
1703614781818095872,-15.35057,158.80609,4.84081,0.58617,-0.80517,-0.07470,0.05022,-0.60099,0.63608,0.01435,
1703614781951528192,-15.43967,158.88651,4.84231,0.58460,-0.80431,-0.08818,0.05961,-0.70255,0.58220,-0.02131,
1703614782084960512,-15.52669,158.96080,4.84128,0.58275,-0.80309,-0.10203,0.07101,-0.66434,0.58626,-0.03525,
1703614782218392832,-15.61900,159.03921,4.84053,0.58115,-0.80127,-0.11654,0.08157,-0.68673,0.57029,0.00408,
1703614782351824896,-15.71526,159.11581,4.83927,0.57894,-0.79986,-0.12918,0.09146,-0.81612,0.53175,-0.02201,
1703614782485257472,-15.82291,159.18158,4.84151,0.57832,-0.79652,-0.14347,0.10253,-0.82593,0.49287,0.01771,
1703614782618689536,-15.93972,159.25163,4.83873,0.57483,-0.79419,-0.15977,0.11536,-0.88258,0.45460,0.13035,
1703614782752112640,-16.05862,159.31778,4.84126,0.57281,-0.78987,-0.17624,0.13014,-0.94652,0.51909,-0.02823,
1703614782885533952,-16.18198,159.38196,4.84202,0.56946,-0.78781,-0.19086,0.13653,-0.88027,0.46679,-0.04022,
1703614783085665536,-16.36705,159.45120,4.84218,0.56613,-0.78225,-0.21187,0.15063,-0.92425,0.30410,0.07160,
1703614783219085824,-16.49447,159.49764,4.84393,0.56381,-0.77751,-0.22841,0.15945,-0.96374,0.39679,-0.04526,
1703614783352506368,-16.62326,159.54054,4.84767,0.56066,-0.77291,-0.24284,0.17118,-1.00597,0.20298,0.11364,
1703614783485925888,-16.75073,159.57183,4.85074,0.55764,-0.76736,-0.25866,0.18245,-0.98675,0.27710,-0.03586,
1703614783619345664,-16.87541,159.60776,4.84847,0.55382,-0.76305,-0.27176,0.19285,-0.99853,0.28249,-0.05718,
1703614783752780544,-17.00748,159.63954,4.84640,0.54748,-0.75815,-0.28788,0.20642,-1.00194,0.26211,0.01505,
1703614783886217984,-17.12882,159.66975,4.85139,0.54316,-0.75282,-0.30032,0.21918,-1.00283,0.24126,-0.06091,
1703614784019655424,-17.25656,159.69544,4.84606,0.53773,-0.74830,-0.31312,0.22989,-1.05467,0.15722,-0.01741,
1703614784153093120,-17.40252,159.71327,4.84023,0.53166,-0.74147,-0.32965,0.24268,-1.10429,0.08912,0.05711,
1703614784286530816,-17.54780,159.71952,4.84515,0.52961,-0.73285,-0.34618,0.25023,-1.04500,0.00628,0.09176,
1703614784419968512,-17.69355,159.70529,4.85766,0.52654,-0.72340,-0.36146,0.26228,-1.17821,-0.22525,0.06188,
1703614784553406208,-17.85192,159.67408,4.85620,0.52052,-0.71205,-0.38198,0.27593,-1.11842,-0.17889,0.01526,
1703614784686838272,-17.99782,159.65546,4.85859,0.51441,-0.70245,-0.39775,0.28937,-1.13524,-0.06062,-0.03933,
1703614784820259328,-18.13825,159.64412,4.86096,0.50775,-0.69476,-0.41140,0.30041,-1.11313,-0.07905,0.00255,
1703614784953679872,-18.27336,159.63523,4.85954,0.50030,-0.68866,-0.42208,0.31192,-1.08266,-0.10252,-0.11810,
1703614785087099648,-18.42873,159.59874,4.84669,-0.49003,0.67946,0.44169,-0.32112,-1.11842,-0.27460,0.00698,
1703614785220519424,-18.57276,159.56822,4.84435,-0.48195,0.67066,0.45497,-0.33309,-1.17940,-0.19541,-0.17688,
1703614785353938944,-18.72606,159.53550,4.83595,-0.47438,0.66337,0.46882,-0.33928,-1.13317,-0.30653,-0.01663,
1703614785487357952,-18.87330,159.47840,4.83794,-0.46746,0.65175,0.48548,-0.34786,-1.04749,-0.56477,0.14207,
1703614785620776704,-19.00904,159.39952,4.85097,-0.45908,0.63652,0.50224,-0.36310,-1.10970,-0.64450,-0.04117,
1703614785754199552,-19.14946,159.32168,4.84842,-0.45012,0.62397,0.51805,-0.37374,-1.05099,-0.50266,-0.07235,
1703614785887622912,-19.28229,159.25145,4.83610,-0.43948,0.61482,0.53210,-0.38174,-1.02404,-0.52391,-0.03724,
1703614786021046016,-19.41329,159.18233,4.83391,-0.43096,0.60353,0.54473,-0.39152,-0.97187,-0.51265,0.04036,
1703614786221179904,-19.60179,159.06655,4.83896,-0.42114,0.58565,0.56223,-0.40441,-0.95304,-0.74205,-0.01342,
1703614786354602240,-19.71367,158.96299,4.84958,-0.41578,0.56957,0.57532,-0.41440,-0.78537,-0.81304,0.08999,
1703614786488024576,-19.81742,158.84934,4.85554,-0.40452,0.55304,0.58926,-0.42811,-0.81376,-0.86001,-0.03518,
1703614786621446144,-19.92188,158.74267,4.85017,-0.39315,0.53821,0.60380,-0.43725,-0.79482,-0.71934,-0.01448,
1703614786754870528,-20.02166,158.65235,4.85033,-0.38331,0.52772,0.61362,-0.44505,-0.80296,-0.71055,-0.06719,
1703614786888295168,-20.11893,158.56264,4.85499,-0.37519,0.51731,0.62244,-0.45187,-0.72008,-0.77092,0.01453,
1703614787021719808,-20.20646,158.45273,4.85621,-0.36767,0.50333,0.63384,-0.45796,-0.56274,-0.91377,0.05614,
1703614787155144192,-20.27586,158.33037,4.86029,-0.35982,0.48704,0.64566,-0.46524,-0.48396,-0.88313,0.13749,
1703614787288568576,-20.34305,158.21946,4.86924,-0.35436,0.47316,0.65360,-0.47259,-0.54520,-0.82315,-0.01124,
1703614787421992704,-20.41191,158.11164,4.87265,-0.34455,0.45969,0.66169,-0.48180,-0.49456,-0.89329,-0.00988,
1703614787555416832,-20.48248,157.98866,4.87012,-0.32987,0.44343,0.67284,-0.49177,-0.51050,-0.89582,0.02097,
1703614787688839680,-20.55808,157.86810,4.86241,-0.31479,0.43138,0.68256,-0.49894,-0.55793,-0.87114,0.03795,
1703614787822259968,-20.63923,157.75289,4.85804,-0.30689,0.42283,0.68865,-0.50279,-0.56579,-0.91163,-0.08866,
1703614787955680256,-20.70661,157.62950,4.85306,-0.29900,0.41027,0.69775,-0.50540,-0.38538,-0.97488,0.10805,
1703614788089100288,-20.74512,157.49622,4.86789,-0.28809,0.39248,0.70612,-0.51416,-0.28802,-0.98809,-0.02280,
1703614788222520064,-20.78202,157.36725,4.86843,-0.27296,0.37771,0.71467,-0.52161,-0.28671,-0.88104,0.04085,
1703614788355939328,-20.82667,157.25237,4.86481,-0.26204,0.36524,0.72226,-0.52562,-0.33820,-0.80360,-0.00628,
1703614788556068608,-20.88027,157.08794,4.86767,-0.25209,0.34837,0.72956,-0.53182,-0.16128,-0.93852,0.01392,
1703614788689490944,-20.89382,156.96545,4.86784,-0.24443,0.33286,0.73587,-0.53662,-0.08984,-0.94402,-0.01639,
1703614788889636096,-20.90838,156.78586,4.86671,-0.23529,0.31256,0.74519,-0.54003,-0.03900,-0.78896,0.11302,
1703614789023066112,-20.91197,156.67799,4.87342,-0.22675,0.29899,0.74934,-0.54560,-0.01850,-0.89495,-0.03746,
1703614789156496384,-20.91432,156.56639,4.87298,-0.21568,0.28404,0.75574,-0.54924,-0.03687,-0.77419,0.10296,
1703614789289926656,-20.92673,156.46760,4.87498,-0.20684,0.27388,0.76007,-0.55182,-0.10211,-0.70787,0.02033,
1703614789556787968,-20.92832,156.25677,4.87550,-0.18589,0.25052,0.76647,-0.56144,0.05928,-0.89527,0.03640,
1703614789690216704,-20.92559,156.13430,4.86655,-0.17230,0.23651,0.77229,-0.56386,-0.04064,-0.88294,-0.03589,
1703614789823641088,-20.93047,156.01560,4.86314,-0.16209,0.22636,0.77664,-0.56507,0.00420,-0.89497,-0.01727,
1703614789957064960,-20.92066,155.90005,4.87141,-0.14898,0.21317,0.77952,-0.56984,0.10888,-0.82998,0.12283,
1703614790157200384,-20.89318,155.71950,4.86707,-0.13211,0.19200,0.78532,-0.57355,0.17466,-0.96059,-0.09742,
1703614790290624256,-20.86669,155.59439,4.85903,-0.12455,0.17895,0.78975,-0.57337,0.22407,-0.95209,0.01632,
1703614790424047360,-20.83061,155.47375,4.86184,-0.11610,0.16352,0.79275,-0.57561,0.27875,-0.93679,0.00212,
1703614790557470464,-20.79239,155.34980,4.85592,-0.10654,0.14748,0.79676,-0.57625,0.22084,-0.87548,-0.03913,
1703614790690897408,-20.75602,155.24221,4.85848,-0.09711,0.13423,0.79853,-0.57871,0.24425,-0.80648,0.01284,
1703614790824333312,-20.72128,155.14015,4.86305,-0.08799,0.12182,0.80025,-0.58053,0.34653,-0.81587,-0.02717,
1703614790957769984,-20.67234,155.03459,4.85958,-0.08009,0.10704,0.80312,-0.58063,0.35465,-0.75637,0.00129,
1703614791091206912,-20.62652,154.93923,4.86154,-0.06986,0.09330,0.80443,-0.58250,0.28012,-0.69715,0.00153,
1703614791291363328,-20.55600,154.78979,4.85277,-0.05617,0.07307,0.80774,-0.58230,0.36984,-0.70087,0.04791,
1703614791424801536,-20.50847,154.70265,4.85967,-0.04277,0.06224,0.80688,-0.58587,0.39992,-0.65770,0.09276,
1703614791558240256,-20.45335,154.60771,4.86071,-0.03210,0.04614,0.80812,-0.58633,0.36565,-0.72603,0.03926,
1703614791691675648,-20.41419,154.51974,4.86241,-0.02557,0.03764,0.80891,-0.58618,0.28401,-0.68472,-0.03248,
1703614791825102592,-20.37166,154.43195,4.86158,-0.02055,0.02961,0.81001,-0.58531,0.27636,-0.65802,-0.07590,
1703614791958529024,-20.32824,154.34482,4.85920,-0.01110,0.01905,0.81053,-0.58528,0.30758,-0.71412,-0.03304,
1703614792158668800,-20.27528,154.20140,4.86302,0.00312,0.00700,0.81016,-0.58616,0.28118,-0.80012,-0.04171,
1703614792292094976,-20.23620,154.09591,4.86471,0.00552,0.00033,0.80931,-0.58736,0.29117,-0.81349,0.00050,
1703614792425521152,-20.18502,153.98536,4.86576,0.01205,-0.00797,0.80849,-0.58834,0.46105,-0.90658,-0.07704,
1703614792558947328,-20.13471,153.86506,4.86475,0.02097,-0.01853,0.80853,-0.58779,0.31761,-0.92080,0.03961,
1703614792692373504,-20.09720,153.73731,4.85378,0.02443,-0.02482,0.81055,-0.58463,0.28563,-0.93350,0.02840,
1703614792825801216,-20.05979,153.61122,4.85910,0.02847,-0.02874,0.80883,-0.58664,0.29537,-1.03638,-0.01657,
1703614792959228160,-20.01686,153.47881,4.86384,0.03277,-0.03632,0.80731,-0.58810,0.27479,-1.04723,-0.02493,
1703614793092655360,-19.98547,153.33229,4.85807,0.03411,-0.03920,0.80815,-0.58668,0.32558,-1.07927,0.06484,
1703614793226082560,-19.94401,153.18118,4.85716,0.03321,-0.04448,0.80807,-0.58646,0.36922,-1.22869,-0.10426,
1703614793359509760,-19.90045,153.02765,4.85806,0.03270,-0.05024,0.80642,-0.58830,0.26478,-1.15989,0.06054,
1703614793492936704,-19.88235,152.86425,4.85954,0.03715,-0.04908,0.80677,-0.58765,0.11385,-1.22852,0.07994,
1703614793626363392,-19.87455,152.69299,4.86093,0.03796,-0.04845,0.80612,-0.58854,-0.07708,-1.33158,-0.05185,
1703614793759792128,-19.88683,152.50994,4.85854,0.03632,-0.04243,0.80797,-0.58658,-0.07527,-1.29828,0.04461,
1703614793893221120,-19.88477,152.32568,4.85303,0.03843,-0.03832,0.80900,-0.58529,0.24960,-1.39710,-0.05383,
1703614794026650368,-19.84303,152.15082,4.85755,0.04691,-0.04348,0.80779,-0.58599,0.45365,-1.37035,0.03400,
1703614794160079360,-19.80644,151.97891,4.87073,0.04766,-0.04760,0.80517,-0.58921,0.19840,-1.34466,0.01364,
1703614794293508864,-19.77354,151.80202,4.86739,0.04912,-0.04883,0.80611,-0.58770,0.25867,-1.28181,0.06037,
1703614794426938112,-19.71398,151.62828,4.87311,0.04939,-0.05579,0.80417,-0.58971,0.49083,-1.33827,0.03124,
1703614794560367104,-19.64512,151.44887,4.86669,0.04883,-0.06360,0.80323,-0.59025,0.45376,-1.42487,0.00664,
1703614794693796096,-19.60488,151.27078,4.87669,0.04834,-0.06597,0.80189,-0.59185,0.16216,-1.41170,-0.02887,
1703614794827224064,-19.58582,151.07952,4.86124,0.05289,-0.06483,0.80467,-0.58780,0.07983,-1.42223,-0.00404,
1703614794960652032,-19.57673,150.90236,4.87439,0.05513,-0.06269,0.80173,-0.59183,0.04342,-1.42565,-0.05176,
1703614795094079744,-19.54537,150.70061,4.84946,0.04959,-0.06152,0.80612,-0.58645,0.34849,-1.42655,-0.07160,
1703614795227507712,-19.48689,150.50521,4.84631,0.05346,-0.06534,0.80666,-0.58496,0.52944,-1.40345,-0.00542,
1703614795360935168,-19.43455,150.32815,4.85338,0.05699,-0.07285,0.80647,-0.58400,0.26570,-1.36330,-0.07530,
1703614795494363136,-19.41670,150.15023,4.85353,0.05326,-0.07081,0.80614,-0.58505,0.06884,-1.36091,0.04750,
1703614795627790336,-19.39186,149.96511,4.85599,0.05221,-0.06610,0.80669,-0.58495,0.38121,-1.30354,-0.00905,
1703614795761218304,-19.34257,149.79128,4.85727,0.05503,-0.07217,0.80559,-0.58548,0.30094,-1.29797,0.09163,
1703614795894646016,-19.29972,149.62164,4.85987,0.05539,-0.07688,0.80581,-0.58454,0.22037,-1.28277,-0.02986,
1703614796094787072,-19.25744,149.37254,4.86477,0.05919,-0.07402,0.80525,-0.58532,0.23731,-1.23750,-0.01511,
1703614796228214528,-19.22468,149.20965,4.86457,0.05703,-0.07533,0.80286,-0.58863,0.28244,-1.29312,-0.14157,
1703614796361642240,-19.18780,149.03690,4.86749,0.05564,-0.07622,0.80128,-0.59080,0.29633,-1.22630,0.16148,
1703614796495069184,-19.14517,148.86591,4.87950,0.05791,-0.07763,0.79998,-0.59216,0.40584,-1.21598,0.08830,
1703614796628496640,-19.09921,148.69514,4.87965,0.05996,-0.08211,0.79991,-0.59144,0.28847,-1.24181,-0.06445,
1703614796761925376,-19.06307,148.53581,4.87779,0.06106,-0.08331,0.80158,-0.58890,0.24277,-1.18881,-0.02610,
1703614796895355392,-19.04243,148.37925,4.87830,0.05430,-0.08079,0.79971,-0.59244,0.10049,-1.25948,-0.09158,
1703614797028785152,-19.02153,148.20984,4.86223,0.04681,-0.07667,0.80296,-0.58922,0.20506,-1.16334,0.01116,
1703614797228929792,-18.97304,147.96585,4.85341,0.04394,-0.07914,0.80583,-0.58519,0.17176,-1.19228,-0.05316,
1703614797362359552,-18.97670,147.81151,4.84384,0.04208,-0.07539,0.80671,-0.58460,-0.16506,-1.28170,-0.15928,
1703614797495789568,-18.99686,147.64880,4.83984,0.03866,-0.06518,0.80940,-0.58234,-0.17552,-1.08841,0.14338,
1703614797629219584,-18.99907,147.48706,4.83854,0.03943,-0.05885,0.80932,-0.58308,0.11852,-1.24160,-0.10428,
1703614797762651392,-18.98436,147.32380,4.83122,0.04117,-0.05902,0.81086,-0.58080,0.10629,-1.24567,-0.14067,
1703614797896084480,-18.97398,147.17011,4.82386,0.03645,-0.05752,0.81407,-0.57677,0.01516,-1.10745,-0.02490,
1703614798029517824,-18.95886,147.02359,4.81840,0.03387,-0.05501,0.81415,-0.57705,0.25878,-1.11937,-0.05939,
1703614798162951168,-18.92578,146.88668,4.82383,0.03473,-0.05695,0.81246,-0.57919,0.30929,-0.94615,0.09802,
1703614798296384768,-18.89187,146.75209,4.82813,0.03550,-0.06240,0.81118,-0.58037,0.16413,-0.95063,0.16401,
1703614798429818368,-18.87540,146.61344,4.82990,0.03695,-0.06104,0.81039,-0.58153,0.11868,-1.06313,-0.04026,
1703614798563252480,-18.85029,146.47769,4.84376,0.03497,-0.06185,0.80810,-0.58475,0.15636,-1.01548,0.00035,
1703614798696686336,-18.82669,146.33761,4.83793,0.03655,-0.06240,0.80932,-0.58290,0.19703,-0.89128,0.16749,
1703614798830120448,-18.79779,146.21327,4.85445,0.04049,-0.06412,0.80534,-0.58795,0.29604,-1.00245,-0.06833,
1703614798963554304,-18.76477,146.07888,4.85369,0.03854,-0.06779,0.80452,-0.58879,0.16753,-1.01128,-0.03205,
1703614799096988672,-18.73953,145.93949,4.84551,0.04255,-0.06838,0.80615,-0.58621,0.20435,-0.98347,-0.04602,
1703614799230423296,-18.72557,145.80927,4.84629,0.04516,-0.06853,0.80522,-0.58727,0.07699,-0.97161,-0.00136,
1703614799363857664,-18.71392,145.68144,4.84559,0.05011,-0.06810,0.80502,-0.58720,0.03781,-0.87100,0.07406,
1703614799497292288,-18.71007,145.55419,4.84923,0.04953,-0.06365,0.80500,-0.58777,0.03648,-0.93323,0.02312,
1703614799630726912,-18.70929,145.44344,4.86417,0.04903,-0.05921,0.80175,-0.59269,0.03374,-0.89795,0.01723,
1703614799764164096,-18.70702,145.33709,4.86731,0.05068,-0.05750,0.80319,-0.59077,-0.04620,-0.71894,0.08069,
1703614799897603328,-18.70480,145.24018,4.87371,0.05454,-0.05626,0.80165,-0.59264,0.09858,-0.75897,-0.01974,
1703614800031042560,-18.69797,145.15445,4.87378,0.05460,-0.05634,0.80192,-0.59226,0.06444,-0.59290,0.04279,
1703614800164482048,-18.68487,145.06529,4.87031,0.05008,-0.05505,0.80216,-0.59246,0.20247,-0.66873,-0.04177,
1703614800297922048,-18.65172,144.98138,4.87180,0.05010,-0.05800,0.80176,-0.59271,0.34865,-0.64674,-0.05776,
1703614800431362816,-18.61895,144.90425,4.86953,0.05217,-0.06441,0.80175,-0.59188,0.19738,-0.58837,-0.04129,
1703614800564803584,-18.59794,144.82694,4.86139,0.05495,-0.06670,0.80334,-0.58922,0.08996,-0.52864,0.02491,
1703614800698242304,-18.58884,144.75569,4.86597,0.05386,-0.06539,0.80310,-0.58979,0.07149,-0.51147,-0.01106,
1703614800831672832,-18.57600,144.68973,4.86689,0.05339,-0.06535,0.80361,-0.58914,0.13807,-0.41520,0.01823,
1703614800965103360,-18.55837,144.63161,4.86563,0.05794,-0.06869,0.80357,-0.58839,0.08244,-0.42179,-0.00599,
1703614801098533888,-18.56061,144.56919,4.86407,0.05854,-0.06693,0.80386,-0.58813,-0.11305,-0.46664,-0.00882,
1703614801231964416,-18.57240,144.50360,4.85964,0.05348,-0.06061,0.80464,-0.58824,0.00818,-0.47718,-0.01903,
1703614801365394944,-18.55449,144.44102,4.85962,0.05263,-0.06131,0.80429,-0.58872,0.25755,-0.45383,0.01193,
1703614801498825472,-18.51962,144.37869,4.86090,0.05562,-0.06784,0.80363,-0.58863,0.17033,-0.50466,-0.00217,
1703614801632256000,-18.51648,144.31300,4.86118,0.05404,-0.06646,0.80348,-0.58914,-0.10564,-0.52216,-0.02127,
1703614801765688320,-18.52776,144.24337,4.85998,0.04927,-0.06051,0.80447,-0.58884,-0.04089,-0.50349,-0.00285,
1703614801899121408,-18.51836,144.17550,4.86011,0.04951,-0.06019,0.80410,-0.58937,0.18848,-0.51934,-0.01878,
1703614802032554752,-18.49484,144.10533,4.85975,0.05214,-0.06473,0.80418,-0.58855,0.09192,-0.51493,0.00471,
1703614802165988096,-18.49137,144.02998,4.85876,0.05252,-0.06337,0.80455,-0.58816,-0.05797,-0.58043,-0.00391,
1703614802366138368,-18.50672,143.91289,4.85601,0.04970,-0.05610,0.80620,-0.58687,0.00550,-0.56776,-0.02466,
1703614802499571968,-18.49603,143.84390,4.85510,0.05152,-0.05780,0.80677,-0.58577,0.15628,-0.51047,-0.01147,
1703614802633005824,-18.48614,143.77596,4.85525,0.05259,-0.05877,0.80667,-0.58572,0.00096,-0.53518,-0.00469,
1703614802766437888,-18.49411,143.70365,4.85402,0.04962,-0.05396,0.80746,-0.58535,-0.06962,-0.54147,-0.01486,
1703614802899868928,-18.49623,143.63275,4.85560,0.04944,-0.05101,0.80782,-0.58514,0.07025,-0.52239,0.00719,
1703614803033300224,-18.48304,143.56240,4.85666,0.05168,-0.05343,0.80758,-0.58506,0.12435,-0.53902,-0.00322,
1703614803166731264,-18.47383,143.48974,4.85876,0.05140,-0.05385,0.80709,-0.58571,0.02876,-0.59007,0.00371,
1703614803300162560,-18.46930,143.40698,4.85943,0.04600,-0.05043,0.80669,-0.58703,0.04002,-0.65080,0.01997,
1703614803433594112,-18.45692,143.31514,4.86367,0.04184,-0.04863,0.80594,-0.58851,0.15380,-0.70248,0.03214,
1703614803567025408,-18.43079,143.22141,4.86786,0.04121,-0.05192,0.80513,-0.58938,0.25736,-0.72281,0.01924,
1703614803700455936,-18.39857,143.12118,4.86679,0.04489,-0.05695,0.80518,-0.58858,0.22424,-0.77485,0.00353,
1703614803833883392,-18.38394,143.01442,4.86620,0.04553,-0.05754,0.80547,-0.58808,0.00556,-0.82359,-0.00983,
1703614803967310080,-18.38504,142.90228,4.86689,0.04324,-0.05374,0.80519,-0.58900,-0.00341,-0.89897,-0.04125,
1703614804100737536,-18.37771,142.78388,4.86538,0.04203,-0.05157,0.80531,-0.58911,0.15202,-0.91587,-0.02794,
1703614804234164224,-18.35161,142.66068,4.86378,0.04260,-0.05419,0.80514,-0.58907,0.19028,-0.93807,0.02594,
1703614804367591168,-18.33728,142.53626,4.86431,0.04418,-0.05394,0.80506,-0.58908,0.06930,-0.97806,-0.03586,
1703614804501017856,-18.34334,142.40336,4.85960,0.04058,-0.04990,0.80633,-0.58796,-0.04762,-1.03006,-0.01756,
1703614804634444288,-18.33801,142.26730,4.86035,0.04022,-0.04771,0.80602,-0.58859,0.19047,-1.04171,-0.02373,
1703614804767873280,-18.30577,142.12706,4.86151,0.04320,-0.05184,0.80617,-0.58782,0.29763,-1.04779,-0.01093,
1703614804901303552,-18.27376,141.98649,4.85849,0.04548,-0.05499,0.80676,-0.58656,0.17335,-1.04969,0.02698,
1703614805034733568,-18.24951,141.84261,4.85614,0.04676,-0.05536,0.80699,-0.58611,0.18593,-1.09879,-0.01714,
1703614805168163840,-18.22086,141.69673,4.85596,0.04768,-0.05724,0.80701,-0.58582,0.26633,-1.11229,-0.07665,
1703614805301594112,-18.18568,141.54763,4.85178,0.05015,-0.06023,0.80729,-0.58493,0.27172,-1.07960,0.02904,
1703614805435024128,-18.14741,141.40018,4.85301,0.05120,-0.06346,0.80695,-0.58496,0.28384,-1.12060,-0.05476,
1703614805568454144,-18.10797,141.25218,4.85372,0.05393,-0.06648,0.80666,-0.58478,0.30804,-1.09292,0.02689,
1703614805701884160,-18.07450,141.10402,4.85032,0.05656,-0.06906,0.80651,-0.58444,0.21000,-1.15066,-0.06367,
1703614805835314176,-18.05259,140.95054,4.84529,0.05499,-0.06938,0.80711,-0.58373,0.12235,-1.19277,-0.09260,
1703614805968744192,-18.03628,140.79214,4.83937,0.05242,-0.06606,0.80746,-0.58386,0.17821,-1.18362,-0.03778,
1703614806102174208,-18.00431,140.63474,4.84200,0.05337,-0.06611,0.80758,-0.58360,0.29740,-1.13049,0.04166,
1703614806235604224,-17.96978,140.47841,4.84030,0.05503,-0.06842,0.80733,-0.58353,0.21868,-1.16158,0.00872,
1703614806369034240,-17.94120,140.32365,4.83734,0.05736,-0.06884,0.80756,-0.58294,0.19118,-1.14189,0.02740,
1703614806502464000,-17.91150,140.17109,4.83968,0.06077,-0.06930,0.80727,-0.58295,0.27961,-1.16237,-0.05411,
1703614806635894016,-17.87404,140.02044,4.83862,0.06083,-0.07180,0.80707,-0.58291,0.25636,-1.15420,-0.00326,
1703614806769322496,-17.84236,139.86948,4.83749,0.05759,-0.07293,0.80719,-0.58293,0.14779,-1.18241,-0.05204,
1703614806902749952,-17.82237,139.72112,4.84407,0.05875,-0.07010,0.80658,-0.58400,0.23115,-1.12088,0.01827,
1703614807036177408,-17.79704,139.57224,4.84452,0.05777,-0.07073,0.80634,-0.58435,0.14591,-1.11495,0.02916,
1703614807169604864,-17.78124,139.42417,4.84897,0.05663,-0.06903,0.80573,-0.58551,0.07598,-1.12130,0.01085,
1703614807303031808,-17.77089,139.26992,4.84995,0.05497,-0.06608,0.80554,-0.58627,0.09451,-1.16230,-0.02540,
1703614807436459008,-17.75666,139.11220,4.84216,0.05098,-0.06432,0.80673,-0.58519,0.11023,-1.13921,-0.03195,
1703614807569885952,-17.73455,138.96228,4.84587,0.05054,-0.06483,0.80548,-0.58689,0.21592,-1.12373,-0.06184,
1703614807703313408,-17.70174,138.81637,4.84748,0.05131,-0.06759,0.80504,-0.58712,0.21022,-1.04975,0.03965,
1703614807836742656,-17.68302,138.66572,4.84119,0.05220,-0.06637,0.80674,-0.58484,0.08192,-1.02764,0.10465,
1703614807970172160,-17.68037,138.51981,4.84637,0.04947,-0.06219,0.80482,-0.58818,-0.04297,-1.20544,-0.18324,
1703614808103601408,-17.67296,138.36877,4.83936,0.04864,-0.05899,0.80653,-0.58623,0.10162,-1.04490,0.07367,
1703614808237030912,-17.65876,138.21879,4.83601,0.04769,-0.05765,0.80700,-0.58579,0.16925,-1.12583,-0.02277,
1703614808370460416,-17.63677,138.07634,4.83863,0.04935,-0.05825,0.80650,-0.58628,0.19282,-1.09533,-0.06849,
1703614808503889920,-17.61551,137.93284,4.83732,0.05080,-0.05927,0.80670,-0.58578,0.14673,-1.03390,0.07953,
1703614808637319168,-17.59647,137.79155,4.84014,0.05018,-0.05919,0.80648,-0.58615,0.17431,-1.03760,-0.01708,
1703614808770748928,-17.57014,137.65235,4.84252,0.05208,-0.05997,0.80555,-0.58719,0.24584,-1.00699,0.01145,
1703614808904178176,-17.53864,137.51240,4.83799,0.05344,-0.06307,0.80629,-0.58572,0.23602,-1.02233,-0.02350,
1703614809037607936,-17.51139,137.37969,4.83931,0.05203,-0.06396,0.80625,-0.58579,0.21178,-0.98186,-0.01650,
1703614809171037696,-17.48164,137.24946,4.83923,0.05268,-0.06520,0.80599,-0.58596,0.24350,-0.93362,0.04063,
1703614809304467200,-17.45324,137.12053,4.83984,0.05559,-0.06775,0.80549,-0.58610,0.19342,-1.00407,-0.08062,
1703614809437896704,-17.42988,136.98900,4.83299,0.05793,-0.06868,0.80730,-0.58327,0.10362,-0.92946,0.02521,
1703614809571326464,-17.42284,136.86320,4.83391,0.05544,-0.06455,0.80726,-0.58403,0.04019,-0.93700,-0.02599,
1703614809704754944,-17.41477,136.73778,4.83994,0.05611,-0.06149,0.80549,-0.58674,0.12454,-0.94020,0.02435,
1703614809838179328,-17.40362,136.61467,4.84043,0.05437,-0.06151,0.80568,-0.58663,0.08051,-0.87424,0.03279,
1703614809971603968,-17.38816,136.49210,4.84010,0.05275,-0.06099,0.80592,-0.58651,0.15416,-0.90908,-0.00677,
1703614810105028096,-17.37150,136.36969,4.83775,0.05401,-0.06034,0.80600,-0.58634,0.18082,-0.91583,-0.02196,
1703614810238451968,-17.35565,136.24950,4.83421,0.05484,-0.06119,0.80659,-0.58537,0.07523,-0.88232,0.00097,
1703614810371875840,-17.34367,136.13440,4.83279,0.05271,-0.05987,0.80749,-0.58446,0.08596,-0.81611,0.01426,
1703614810505299456,-17.32107,136.02536,4.83743,0.05081,-0.05879,0.80697,-0.58546,0.27618,-0.79596,0.02970,
1703614810705435648,-17.25392,135.87390,4.83564,0.05718,-0.06803,0.80594,-0.58529,0.30621,-0.75729,-0.01658,
1703614810838866176,-17.22296,135.77058,4.83034,0.05932,-0.07159,0.80615,-0.58436,0.11565,-0.78562,-0.00641,
1703614810972296704,-17.20906,135.66537,4.82833,0.05761,-0.06897,0.80657,-0.58427,0.10145,-0.79818,-0.01115,
1703614811105726720,-17.19036,135.56107,4.83008,0.05661,-0.06780,0.80661,-0.58445,0.23335,-0.73874,0.02454,
1703614811239157248,-17.16019,135.46130,4.82944,0.05930,-0.07155,0.80626,-0.58422,0.21246,-0.77318,-0.04906,
1703614811372587776,-17.13847,135.35972,4.83017,0.05942,-0.07318,0.80611,-0.58420,0.09932,-0.76219,0.00374,
1703614811506018048,-17.12250,135.25741,4.82894,0.05945,-0.07154,0.80626,-0.58421,0.15421,-0.75899,-0.00389,
1703614811639448064,-17.09963,135.15489,4.82744,0.06306,-0.07243,0.80686,-0.58288,0.15385,-0.75092,0.01712,
1703614811772879104,-17.08588,135.05513,4.83177,0.06239,-0.07263,0.80634,-0.58365,0.06849,-0.73032,-0.00949,
1703614811906310656,-17.06830,134.95719,4.83427,0.06149,-0.07083,0.80607,-0.58435,0.19895,-0.71072,0.01059,
1703614812039741952,-17.03344,134.86364,4.83516,0.06091,-0.07385,0.80528,-0.58512,0.29968,-0.65735,0.04411,
1703614812173173504,-16.99720,134.77338,4.83356,0.06082,-0.07853,0.80465,-0.58538,0.23483,-0.68071,0.03210,
1703614812306604288,-16.97477,134.67900,4.83405,0.06199,-0.07937,0.80443,-0.58545,0.10388,-0.71641,0.00187,
1703614812440035840,-16.96485,134.58100,4.83468,0.06202,-0.07759,0.80449,-0.58560,0.05347,-0.72617,-0.01042,
1703614812573467392,-16.95430,134.48370,4.83240,0.06010,-0.07597,0.80517,-0.58508,0.12031,-0.72594,-0.01141,
1703614812706898176,-16.93317,134.39125,4.83311,0.05986,-0.07671,0.80540,-0.58469,0.21271,-0.64679,0.04162,
1703614812840325376,-16.90825,134.30250,4.83556,0.06229,-0.07855,0.80481,-0.58501,0.19801,-0.67163,0.00588,
1703614812973752832,-16.88762,134.20705,4.83305,0.06209,-0.07965,0.80432,-0.58555,0.07876,-0.71564,0.02476,
1703614813107179776,-16.88078,134.10435,4.83124,0.06119,-0.07694,0.80470,-0.58548,0.07908,-0.74149,0.01216,
1703614813240606976,-16.86205,133.99817,4.83125,0.06151,-0.07748,0.80479,-0.58526,0.15975,-0.76371,0.02205,
1703614813374033920,-16.84477,133.89372,4.83431,0.06103,-0.07648,0.80447,-0.58588,0.14432,-0.77130,0.01590,
1703614813507460608,-16.82691,133.78541,4.82995,0.06129,-0.07593,0.80506,-0.58512,0.12327,-0.79151,0.04095,
1703614813640887552,-16.81189,133.67646,4.83160,0.06056,-0.07584,0.80468,-0.58573,0.08400,-0.81787,-0.00025,
1703614813774316288,-16.79534,133.56415,4.83230,0.06097,-0.07562,0.80444,-0.58604,0.14340,-0.85646,-0.02655,
1703614813907746560,-16.77916,133.45042,4.82946,0.05954,-0.07568,0.80482,-0.58566,0.08456,-0.85626,-0.01666,
1703614814041176576,-16.76846,133.33620,4.82610,0.05953,-0.07406,0.80597,-0.58428,0.09795,-0.84539,-0.02670,
1703614814174606848,-16.75706,133.22592,4.82792,0.05746,-0.07314,0.80555,-0.58518,0.08975,-0.81977,0.02844,
1703614814308036608,-16.74428,133.11680,4.82992,0.05499,-0.07047,0.80570,-0.58554,0.14053,-0.81027,0.02291,
1703614814441466624,-16.71606,133.01048,4.83453,0.05574,-0.07263,0.80511,-0.58602,0.24930,-0.80708,-0.01136,
1703614814574896896,-16.69157,132.90221,4.83195,0.05631,-0.07505,0.80500,-0.58581,0.10924,-0.83801,-0.00768,
1703614814708327168,-16.67593,132.78959,4.83414,0.05592,-0.07343,0.80504,-0.58600,0.13875,-0.82566,0.02826,
1703614814841759744,-16.64950,132.67760,4.83381,0.05688,-0.07451,0.80522,-0.58552,0.30144,-0.78323,0.05787,
1703614814975192832,-16.61504,132.56890,4.84003,0.05968,-0.07849,0.80389,-0.58655,0.20353,-0.81492,0.04823,
1703614815108625664,-16.59642,132.45582,4.84357,0.05794,-0.07755,0.80277,-0.58838,0.07938,-0.93101,-0.07673,
1703614815242059008,-16.58514,132.33301,4.83825,0.05707,-0.07565,0.80451,-0.58633,0.11258,-0.86012,0.06760,
1703614815375492352,-16.56111,132.21239,4.84027,0.05832,-0.07650,0.80372,-0.58718,0.24643,-0.91880,-0.01650,
1703614815508925696,-16.52806,132.09432,4.84600,0.06029,-0.07899,0.80337,-0.58713,0.22972,-0.83166,0.08347,
1703614815642359296,-16.50154,131.97620,4.84610,0.05976,-0.07930,0.80345,-0.58703,0.12127,-0.90230,-0.00625,
1703614815775791872,-16.48563,131.85731,4.84669,0.05794,-0.07805,0.80293,-0.58810,0.08391,-0.93253,-0.03070,
1703614815909223680,-16.47890,131.73558,4.84682,0.05956,-0.07557,0.80319,-0.58790,0.05746,-0.90988,-0.01605,
1703614816042656000,-16.46916,131.61232,4.84661,0.05949,-0.07479,0.80338,-0.58775,0.03553,-0.86538,0.07512,
1703614816176087808,-16.45756,131.49063,4.84376,0.05828,-0.07200,0.80460,-0.58654,0.14024,-0.90335,-0.01895,
1703614816309520128,-16.43948,131.37182,4.84336,0.05457,-0.07147,0.80414,-0.58760,0.07947,-0.90193,-0.00470,
1703614816442952448,-16.42889,131.24627,4.83772,0.05329,-0.06852,0.80522,-0.58659,0.09993,-0.91876,-0.03010,
1703614816576384512,-16.41178,131.12231,4.83515,0.05114,-0.06911,0.80511,-0.58686,0.15874,-0.94492,-0.04401,
1703614816709816832,-16.39181,130.99798,4.83603,0.05124,-0.06840,0.80532,-0.58665,0.17763,-0.88681,0.02694,
1703614816843247616,-16.36913,130.87889,4.83675,0.05378,-0.06972,0.80529,-0.58630,0.14833,-0.91298,-0.00819,
1703614816976678400,-16.35361,130.75710,4.83950,0.05408,-0.06969,0.80428,-0.58766,0.12559,-0.93686,-0.02075,
1703614817110109184,-16.32792,130.63591,4.84092,0.05363,-0.06941,0.80429,-0.58772,0.25917,-0.92640,-0.02639,
1703614817243539968,-16.29475,130.51495,4.84201,0.05512,-0.07060,0.80450,-0.58716,0.24466,-0.89643,0.01141,
1703614817376971008,-16.27185,130.39772,4.84295,0.05601,-0.07204,0.80420,-0.58731,0.09517,-0.92858,-0.03314,
1703614817510402048,-16.25543,130.27274,4.83845,0.05455,-0.07074,0.80494,-0.58660,0.14412,-0.90214,0.00893,
1703614817643832576,-16.22566,130.15135,4.84038,0.05387,-0.07172,0.80481,-0.58672,0.28231,-0.86992,0.02996,
1703614817777264128,-16.19439,130.03095,4.84226,0.05815,-0.07461,0.80409,-0.58693,0.21041,-0.89984,-0.01569,
1703614817910695936,-16.17241,129.91444,4.84374,0.05866,-0.07639,0.80374,-0.58713,0.09811,-0.85352,0.01290,
1703614818044128256,-16.15839,129.79829,4.84448,0.06059,-0.07393,0.80388,-0.58707,0.10937,-0.88244,-0.02208,
1703614818244275968,-16.14692,129.62555,4.84321,0.05837,-0.07010,0.80418,-0.58734,0.07698,-0.84217,0.01413,
1703614818377708288,-16.13069,129.51493,4.84325,0.05812,-0.07037,0.80426,-0.58723,0.15835,-0.84595,-0.02272,
1703614818511140608,-16.11248,129.40306,4.84306,0.05688,-0.07045,0.80405,-0.58763,0.14990,-0.82821,-0.01288,
1703614818644572672,-16.09368,129.29117,4.84340,0.05743,-0.07040,0.80414,-0.58746,0.17636,-0.85343,-0.01746,
1703614818778004736,-16.07318,129.18165,4.84668,0.05790,-0.07143,0.80344,-0.58825,0.16817,-0.83275,0.01541,
1703614818911436288,-16.04817,129.07015,4.84533,0.05859,-0.07241,0.80353,-0.58793,0.13885,-0.82500,0.02087,
1703614819044868096,-16.03055,128.95562,4.84674,0.05904,-0.07153,0.80329,-0.58832,0.11648,-0.84558,-0.00581,
1703614819178299648,-16.01260,128.84224,4.84538,0.05977,-0.07216,0.80376,-0.58754,0.18288,-0.85412,-0.03077,
1703614819311731200,-15.98907,128.73203,4.84611,0.05802,-0.07283,0.80367,-0.58774,0.18992,-0.84233,0.00186,
1703614819445163008,-15.96185,128.61995,4.84931,0.05790,-0.07318,0.80310,-0.58849,0.22635,-0.84015,0.03891,
1703614819578594816,-15.93978,128.51068,4.85467,0.05729,-0.07431,0.80230,-0.58950,0.08294,-0.82565,0.01839,
1703614819712026624,-15.93001,128.39599,4.85206,0.05711,-0.07189,0.80298,-0.58889,0.02859,-0.91056,-0.06552,
1703614819845457920,-15.91828,128.27863,4.85116,0.05587,-0.07015,0.80359,-0.58838,0.12926,-0.88177,-0.03767,
1703614819978888960,-15.89749,128.16353,4.85018,0.05714,-0.07170,0.80434,-0.58705,0.17348,-0.83977,0.02477,
1703614820112320256,-15.88152,128.04467,4.85039,0.05714,-0.07126,0.80429,-0.58717,0.08866,-0.90392,-0.02363,
1703614820245751040,-15.86739,127.92670,4.85167,0.05774,-0.06998,0.80438,-0.58715,0.11631,-0.87253,-0.01606,
1703614820379182336,-15.85483,127.80785,4.85173,0.05676,-0.06868,0.80417,-0.58769,0.09422,-0.91106,-0.01436,
1703614820512613888,-15.84093,127.68736,4.85327,0.05632,-0.06736,0.80437,-0.58760,0.12570,-0.88313,0.00712,
1703614820646044928,-15.81984,127.56623,4.85271,0.05702,-0.06743,0.80440,-0.58748,0.15968,-0.90349,0.01112,
1703614820779477248,-15.79841,127.44202,4.85032,0.05768,-0.06802,0.80490,-0.58667,0.17962,-0.92047,-0.02712,
1703614820912910848,-15.77292,127.31846,4.84651,0.05783,-0.06925,0.80532,-0.58593,0.19957,-0.93800,-0.01306,
1703614821046344192,-15.74753,127.19669,4.85051,0.05845,-0.06961,0.80439,-0.58710,0.16246,-0.91638,0.00503,
1703614821179777792,-15.72391,127.07500,4.85106,0.05806,-0.06933,0.80430,-0.58731,0.15469,-0.90771,0.02907,
1703614821313211392,-15.69759,126.95190,4.85175,0.05924,-0.07011,0.80478,-0.58644,0.20505,-0.88561,0.03958,
1703614821446645248,-15.67112,126.82780,4.85023,0.06026,-0.07194,0.80488,-0.58598,0.14701,-0.92865,-0.02090,
1703614821580079104,-15.65396,126.70470,4.85284,0.06083,-0.07084,0.80462,-0.58640,0.11533,-0.91074,0.06859,
1703614821713512704,-15.63268,126.57761,4.85053,0.05971,-0.06995,0.80468,-0.58655,0.24389,-0.97298,-0.06767,
1703614821846944512,-15.60241,126.45255,4.85198,0.05868,-0.07186,0.80464,-0.58647,0.24999,-0.90218,0.03210,
1703614822047092224,-15.55856,126.26202,4.85019,0.06103,-0.07504,0.80447,-0.58607,0.08826,-0.96078,0.00166,
1703614822180524032,-15.55223,126.12833,4.84558,0.05946,-0.07130,0.80537,-0.58545,0.01321,-0.99732,-0.02204,
1703614822313956096,-15.53975,125.99615,4.84454,0.05689,-0.06874,0.80540,-0.58598,0.18464,-0.98692,-0.01949,
1703614822447387904,-15.50668,125.86820,4.84531,0.05870,-0.07134,0.80506,-0.58595,0.26418,-0.97254,0.00310,
1703614822580819968,-15.47770,125.74141,4.84547,0.06058,-0.07323,0.80458,-0.58618,0.20911,-1.00073,-0.00833,
1703614822714252032,-15.45874,125.61032,4.84469,0.06062,-0.07198,0.80505,-0.58570,0.10977,-1.01700,-0.06755,
1703614822847683072,-15.44828,125.48067,4.84256,0.05870,-0.06926,0.80561,-0.58545,0.14355,-0.98421,-0.00717,
1703614822981114368,-15.42250,125.35107,4.83979,0.05916,-0.06990,0.80632,-0.58435,0.23659,-0.93998,0.04182,
1703614823114545664,-15.38933,125.22531,4.83952,0.05926,-0.07280,0.80616,-0.58421,0.25224,-0.99876,-0.07474,
1703614823247976960,-15.35432,125.09631,4.83861,0.06077,-0.07404,0.80608,-0.58401,0.27961,-0.96644,-0.00440,
1703614823381408512,-15.32076,124.96771,4.83614,0.06101,-0.07684,0.80634,-0.58326,0.20589,-0.95059,0.03935,
1703614823514839552,-15.29630,124.84147,4.83916,0.06077,-0.07700,0.80562,-0.58426,0.14536,-0.97693,-0.00191,
1703614823648271104,-15.27426,124.71264,4.84125,0.06166,-0.07599,0.80520,-0.58487,0.21816,-0.98602,-0.04340,
1703614823781702400,-15.24956,124.58602,4.84156,0.06108,-0.07697,0.80527,-0.58471,0.16414,-0.88120,0.08701,
1703614823915133440,-15.22805,124.45734,4.83876,0.05919,-0.07655,0.80559,-0.58452,0.10675,-0.97995,-0.03810,
1703614824048564992,-15.21045,124.33462,4.84216,0.05912,-0.07482,0.80458,-0.58614,0.20802,-0.94867,-0.02239,
1703614824181996032,-15.18370,124.20758,4.83966,0.06154,-0.07724,0.80490,-0.58514,0.21836,-0.90647,0.01441,
1703614824315427584,-15.15896,124.07959,4.83768,0.06443,-0.07875,0.80561,-0.58364,0.16605,-0.91141,-0.02025,
1703614824448858624,-15.14360,123.95863,4.84094,0.06373,-0.07685,0.80437,-0.58567,0.09106,-0.95412,-0.03442,
1703614824582289920,-15.12573,123.83151,4.83742,0.06126,-0.07442,0.80525,-0.58505,0.20859,-0.92626,-0.01841,
1703614824715721472,-15.09150,123.70620,4.83585,0.06229,-0.07718,0.80551,-0.58422,0.29399,-0.89214,-0.01226,
1703614824849153024,-15.05546,123.58398,4.83500,0.06434,-0.07982,0.80478,-0.58466,0.23805,-0.94931,-0.03720,
1703614824982584832,-15.03314,123.45807,4.83322,0.06380,-0.07896,0.80520,-0.58425,0.10055,-0.92512,0.01778,
1703614825116016896,-15.02077,123.33188,4.83121,0.06325,-0.07655,0.80574,-0.58388,0.10768,-0.97612,-0.03450,
1703614825249448448,-15.00269,123.20533,4.83437,0.06368,-0.07585,0.80558,-0.58416,0.17533,-0.93535,-0.01024,
1703614825382880512,-14.97527,123.07885,4.83520,0.06320,-0.07657,0.80539,-0.58437,0.19124,-0.90884,0.02427,
1703614825516312576,-14.94441,122.95052,4.83429,0.06427,-0.07717,0.80581,-0.58359,0.23017,-0.92088,0.02950,
1703614825649744384,-14.91987,122.82364,4.83568,0.06341,-0.07792,0.80492,-0.58482,0.12902,-0.96977,-0.07565,
1703614825783174144,-14.89990,122.69857,4.83534,0.06260,-0.07719,0.80539,-0.58435,0.18016,-0.89524,0.07102,
1703614825916602112,-14.87667,122.57169,4.83255,0.06277,-0.07703,0.80523,-0.58458,0.22509,-0.93774,-0.02833,
1703614826050029824,-14.84721,122.44844,4.83108,0.06447,-0.07887,0.80587,-0.58327,0.22872,-0.93595,-0.04154,
1703614826183457536,-14.82450,122.32902,4.82720,0.06520,-0.07947,0.80616,-0.58270,0.12376,-0.89658,-0.00777,
1703614826316884992,-14.80876,122.21393,4.83091,0.06359,-0.07792,0.80542,-0.58411,0.14536,-0.86966,0.01583,
1703614826450312192,-14.78992,122.09645,4.82944,0.06214,-0.07736,0.80536,-0.58443,0.17496,-0.89162,-0.01881,
1703614826583739392,-14.76319,121.97680,4.82929,0.06345,-0.07822,0.80561,-0.58383,0.19880,-0.87059,0.02549,
1703614826717166848,-14.73662,121.85711,4.82971,0.06503,-0.07882,0.80556,-0.58363,0.16636,-0.92303,-0.03386,
1703614826850597376,-14.71168,121.74115,4.83264,0.06585,-0.07956,0.80450,-0.58490,0.16874,-0.87850,0.03502,
1703614826984028160,-14.68425,121.62445,4.83421,0.06733,-0.07995,0.80461,-0.58453,0.26837,-0.91764,-0.09537,
1703614827117458688,-14.64930,121.50725,4.83203,0.06572,-0.08273,0.80466,-0.58426,0.23455,-0.87227,0.01591,
1703614827250888960,-14.62092,121.38951,4.82874,0.06739,-0.08318,0.80498,-0.58356,0.19977,-0.90896,-0.02517,
1703614827384319488,-14.60258,121.27129,4.82986,0.06493,-0.08309,0.80472,-0.58422,0.08500,-0.90089,-0.01627,
1703614827517750272,-14.58728,121.14745,4.82445,0.06407,-0.07990,0.80551,-0.58366,0.14612,-0.89218,0.00290,
1703614827651180800,-14.56725,121.02888,4.82994,0.06392,-0.07902,0.80474,-0.58486,0.15640,-0.86523,0.01429,
1703614827784611584,-14.54361,120.90701,4.83134,0.06511,-0.07834,0.80444,-0.58524,0.18354,-0.86332,0.05919,
1703614827918043648,-14.52040,120.78693,4.83206,0.06500,-0.07843,0.80428,-0.58545,0.19123,-0.91405,-0.04537,
1703614828051475200,-14.49805,120.66810,4.83173,0.06622,-0.07844,0.80436,-0.58521,0.17311,-0.89092,-0.01569,
1703614828184907264,-14.47619,120.54677,4.82686,0.06551,-0.07864,0.80521,-0.58409,0.15238,-0.91632,-0.04011,
1703614828318339072,-14.45108,120.42359,4.82295,0.06642,-0.07861,0.80570,-0.58331,0.20552,-0.87760,0.03644,
1703614828451771136,-14.42667,120.30586,4.82689,0.06711,-0.07907,0.80474,-0.58450,0.15844,-0.91512,-0.04684,
1703614828585202944,-14.40336,120.18244,4.82241,0.06586,-0.07889,0.80553,-0.58357,0.22752,-0.87205,0.05320,
1703614828785349632,-14.36279,120.00768,4.82776,0.06743,-0.07920,0.80439,-0.58492,0.20532,-0.88710,0.00011,
1703614828918779392,-14.33875,119.88797,4.83197,0.06798,-0.07971,0.80418,-0.58508,0.16145,-0.83466,0.04813,
1703614829052208896,-14.30850,119.77237,4.82671,0.06967,-0.08161,0.80399,-0.58489,0.25906,-0.91869,-0.08725,
1703614829252353280,-14.25850,119.60240,4.83414,0.06818,-0.08458,0.80273,-0.58636,0.29795,-0.86458,-0.04573,
1703614829385782528,-14.22075,119.48678,4.83078,0.06937,-0.08761,0.80305,-0.58534,0.22717,-0.81121,0.06537,
1703614829519212032,-14.19940,119.36990,4.82918,0.07208,-0.08798,0.80362,-0.58417,0.07638,-0.87484,-0.03061,
1703614829652641024,-14.19137,119.25238,4.82826,0.07196,-0.08587,0.80385,-0.58418,0.07834,-0.88856,0.00018,
1703614829786070784,-14.17709,119.13821,4.83044,0.07139,-0.08229,0.80341,-0.58537,0.17707,-0.91258,-0.06635,
1703614829919500544,-14.14808,119.02593,4.83157,0.07165,-0.08443,0.80353,-0.58488,0.14770,-0.77243,0.14558,
1703614830052930048,-14.13799,118.91195,4.83530,0.07190,-0.08136,0.80241,-0.58682,0.04847,-0.86208,0.00781,
1703614830186359808,-14.13072,118.79111,4.83420,0.07180,-0.07898,0.80300,-0.58634,0.04360,-0.92662,-0.03253,
1703614830319789568,-14.11776,118.67424,4.83873,0.06972,-0.07683,0.80250,-0.58757,0.12924,-0.83158,0.07025,
1703614830453218816,-14.08891,118.55820,4.84119,0.06797,-0.07678,0.80225,-0.58812,0.24511,-0.87043,0.00006,
1703614830586648576,-14.06095,118.44342,4.84173,0.06954,-0.07755,0.80273,-0.58718,0.20555,-0.83395,-0.00119,
1703614830786795008,-14.02514,118.26961,4.83881,0.07183,-0.08000,0.80359,-0.58539,0.12991,-0.84770,-0.00191,
1703614830920228096,-13.99909,118.16315,4.84198,0.07088,-0.08027,0.80192,-0.58776,0.22255,-0.79934,0.02576,
1703614831053661184,-13.96121,118.05424,4.84266,0.07173,-0.08202,0.80260,-0.58648,0.32277,-0.74924,0.01814,
1703614831187094528,-13.93088,117.94771,4.84563,0.07413,-0.08506,0.80129,-0.58755,0.16865,-0.85086,-0.01880,
1703614831320527616,-13.91662,117.84122,4.84924,0.07415,-0.08425,0.80100,-0.58805,0.11197,-0.82635,-0.05625,
1703614831453960960,-13.89496,117.73231,4.85144,0.07446,-0.08297,0.80071,-0.58859,0.18046,-0.76973,0.11520,
1703614831654111232,-13.86734,117.57280,4.85654,0.07407,-0.08242,0.80025,-0.58934,-0.00029,-0.81931,-0.02987,
1703614831787539200,-13.86938,117.45820,4.85083,0.07112,-0.07720,0.80145,-0.58877,0.04679,-0.81262,0.02191,
1703614831920967424,-13.84672,117.35101,4.85106,0.07168,-0.07706,0.80218,-0.58773,0.24663,-0.79801,-0.04967,
1703614832054395136,-13.80893,117.25327,4.84912,0.07500,-0.08230,0.80195,-0.58693,0.22835,-0.74281,0.01662,
1703614832187823360,-13.78782,117.15455,4.84878,0.07525,-0.08278,0.80201,-0.58674,0.11546,-0.77481,-0.02163,
1703614832321250816,-13.76812,117.05609,4.84970,0.07412,-0.08169,0.80220,-0.58678,0.18146,-0.72791,0.01728,
1703614832454678784,-13.74573,116.95538,4.84895,0.07454,-0.08233,0.80206,-0.58683,0.17523,-0.71635,0.03754,
1703614832588106496,-13.72660,116.85109,4.84904,0.07439,-0.08213,0.80175,-0.58730,0.17064,-0.78644,-0.00844,
1703614832721535744,-13.69988,116.74555,4.85079,0.07401,-0.08303,0.80146,-0.58761,0.18326,-0.76601,0.02742,
1703614832854973696,-13.67183,116.64289,4.85415,0.07435,-0.08404,0.80120,-0.58778,0.20294,-0.76192,0.03421,
1703614832988412160,-13.65342,116.54126,4.85541,0.07244,-0.08313,0.80146,-0.58779,0.17960,-0.77328,-0.01473,
1703614833121850368,-13.63221,116.44302,4.85822,0.07264,-0.08269,0.80130,-0.58805,0.22540,-0.76110,-0.05588,
1703614833255289344,-13.60652,116.34047,4.85522,0.07311,-0.08481,0.80118,-0.58785,0.13909,-0.81730,-0.06662,
1703614833388728320,-13.59169,116.23921,4.85637,0.07251,-0.08423,0.80124,-0.58794,0.07639,-0.73152,0.07117,
1703614833522167296,-13.58266,116.13690,4.85881,0.07200,-0.08129,0.80147,-0.58809,0.09889,-0.77278,0.00385,
1703614833655606528,-13.55963,116.03531,4.85917,0.07496,-0.08301,0.80207,-0.58667,0.19391,-0.69828,-0.00417,
1703614833789043200,-13.53614,115.94521,4.86460,0.07778,-0.08559,0.80050,-0.58807,0.12061,-0.71821,0.02894,
1703614833922477824,-13.51780,115.84037,4.86022,0.07422,-0.08266,0.80205,-0.58684,0.21307,-0.75174,0.00352,
1703614834055912192,-13.48686,115.73550,4.86111,0.07198,-0.08289,0.80184,-0.58736,0.25926,-0.81958,-0.06631,
1703614834189347072,-13.45181,115.62697,4.85779,0.07227,-0.08642,0.80236,-0.58611,0.20696,-0.80000,0.01491,
1703614834322781696,-13.42754,115.52125,4.86145,0.07282,-0.08699,0.80146,-0.58720,0.13377,-0.81315,0.02279,
1703614834456216832,-13.41135,115.41264,4.86345,0.07324,-0.08520,0.80139,-0.58750,0.12890,-0.80943,0.00183,
1703614834656369152,-13.37961,115.24959,4.86208,0.07385,-0.08450,0.80156,-0.58728,0.16929,-0.81982,0.01674,
1703614834789802240,-13.35303,115.14020,4.86112,0.07416,-0.08564,0.80172,-0.58687,0.18880,-0.83051,0.00750,
1703614834923233280,-13.32425,115.03031,4.86131,0.07514,-0.08681,0.80206,-0.58610,0.24815,-0.85072,-0.06747,
1703614835056664064,-13.29275,114.92005,4.86403,0.07674,-0.08833,0.80152,-0.58640,0.23268,-0.79822,0.07017,
1703614835190094592,-13.26288,114.81973,4.87443,0.07817,-0.08975,0.79945,-0.58883,0.21066,-0.74708,0.07675,
1703614835323525632,-13.23625,114.71539,4.87415,0.07748,-0.09045,0.79926,-0.58907,0.18636,-0.83240,-0.05709,
1703614835456956672,-13.21384,114.60392,4.87194,0.07177,-0.08970,0.80047,-0.58826,0.14073,-0.81495,-0.01072,
1703614835590387456,-13.17845,114.49794,4.87117,0.07376,-0.09181,0.80004,-0.58828,0.36943,-0.79800,-0.02760,
1703614835723817728,-13.13835,114.39134,4.87231,0.07641,-0.09681,0.79957,-0.58777,0.19993,-0.80462,-0.00535,
1703614835857256448,-13.12850,114.28284,4.87168,0.07652,-0.09440,0.79949,-0.58826,0.00455,-0.89214,-0.05357,
1703614835990694912,-13.12851,114.16560,4.87494,0.07330,-0.08861,0.79998,-0.58891,-0.00157,-0.83816,0.05013,
1703614836124133888,-13.11938,114.04476,4.87076,0.07037,-0.08478,0.80086,-0.58863,0.14331,-0.93234,-0.06100,
1703614836257572864,-13.09281,113.92406,4.86988,0.06935,-0.08573,0.80117,-0.58819,0.23140,-0.85861,0.01803,
1703614836391012096,-13.06270,113.80815,4.87156,0.06985,-0.08696,0.80130,-0.58778,0.16886,-0.87903,-0.00063,
1703614836524451584,-13.04753,113.68917,4.86939,0.06874,-0.08492,0.80163,-0.58775,0.03541,-0.91029,-0.01146,
1703614836657891072,-13.04787,113.56503,4.86833,0.06729,-0.07934,0.80248,-0.58755,0.02166,-0.94767,-0.01897,
1703614836791326464,-13.04090,113.43728,4.86615,0.06382,-0.07690,0.80258,-0.58812,0.10192,-0.96307,-0.02633,
1703614836924756736,-13.01587,113.30209,4.86474,0.06214,-0.07578,0.80361,-0.58703,0.29192,-0.96266,0.00474,
1703614837058187520,-12.98156,113.17170,4.86093,0.06222,-0.07929,0.80481,-0.58491,0.23758,-0.92087,-0.00397,
1703614837258333184,-12.96227,112.98610,4.86762,0.06068,-0.07674,0.80288,-0.58806,0.02563,-1.02274,-0.03017,
1703614837391763712,-12.94914,112.85464,4.86632,0.05599,-0.07202,0.80350,-0.58828,0.21808,-0.98394,-0.02985,
1703614837525194240,-12.90274,112.72762,4.86792,0.05762,-0.07611,0.80267,-0.58874,0.41022,-0.97198,-0.03904,
1703614837658624512,-12.85206,112.60093,4.87053,0.06312,-0.08326,0.80221,-0.58783,0.30672,-0.95940,0.00599,
1703614837792054272,-12.82339,112.47199,4.87344,0.06582,-0.08445,0.80180,-0.58792,0.15776,-0.98025,0.02914,
1703614837925483008,-12.80648,112.33960,4.87328,0.06358,-0.08138,0.80193,-0.58843,0.15882,-0.98249,0.02683,
1703614838058911488,-12.77483,112.20887,4.87222,0.06313,-0.08162,0.80248,-0.58769,0.30779,-0.99472,-0.02062,
1703614838192340224,-12.73451,112.07914,4.87200,0.06454,-0.08572,0.80170,-0.58802,0.25891,-0.97782,0.02165,
1703614838325768448,-12.70375,111.94464,4.87299,0.06641,-0.08643,0.80203,-0.58725,0.18508,-0.95808,0.04518,
1703614838459196928,-12.68642,111.80865,4.87475,0.06468,-0.08397,0.80148,-0.58855,0.09855,-1.05750,-0.05842,
1703614838592625152,-12.67544,111.66887,4.87319,0.06204,-0.08001,0.80264,-0.58781,0.11772,-1.00830,0.00114,
1703614838726053120,-12.65255,111.53251,4.87283,0.06191,-0.07942,0.80252,-0.58807,0.32235,-0.98612,-0.01118,
1703614838859482112,-12.59983,111.40517,4.87452,0.06465,-0.08602,0.80174,-0.58790,0.41910,-0.91151,0.04603,
1703614838992910592,-12.55237,111.28152,4.87704,0.06840,-0.09051,0.80104,-0.58776,0.26651,-0.96232,-0.00095,
1703614839126339072,-12.52436,111.15312,4.88049,0.06828,-0.08951,0.80035,-0.58886,0.12307,-0.96452,0.00236,
1703614839259767296,-12.50476,111.01974,4.87801,0.06605,-0.08727,0.80140,-0.58803,0.15458,-0.97332,0.01166,
1703614839393195776,-12.48355,110.88809,4.87848,0.06639,-0.08626,0.80138,-0.58816,0.23474,-0.95185,-0.00888,
1703614839526624000,-12.45109,110.76066,4.87589,0.06706,-0.08802,0.80210,-0.58685,0.28570,-0.93367,-0.01622,
1703614839660052224,-12.41492,110.63698,4.87562,0.06766,-0.09058,0.80186,-0.58672,0.25323,-0.94709,-0.01209,
1703614839793480448,-12.38771,110.51437,4.87618,0.06609,-0.09003,0.80162,-0.58731,0.19756,-0.94604,-0.01791,
1703614839926908416,-12.35857,110.39050,4.87385,0.06511,-0.08999,0.80219,-0.58665,0.26443,-0.90473,-0.01600,
1703614840060336128,-12.32029,110.26631,4.87240,0.06837,-0.09298,0.80256,-0.58530,0.25512,-0.87552,0.02701,
1703614840193764096,-12.29518,110.14859,4.87267,0.07045,-0.09370,0.80231,-0.58528,0.13246,-0.92267,-0.05097,
1703614840327191808,-12.28602,110.02993,4.87412,0.06786,-0.09049,0.80230,-0.58610,0.06908,-0.89325,-0.00565,
1703614840460619520,-12.27201,109.90980,4.87356,0.06370,-0.08721,0.80296,-0.58617,0.15234,-0.86252,0.01524,
1703614840594046976,-12.23843,109.79338,4.87441,0.06527,-0.08863,0.80278,-0.58603,0.33928,-0.85331,0.00187,
1703614840794188544,-12.18640,109.62988,4.87745,0.07182,-0.09394,0.80252,-0.58479,0.17501,-0.80872,0.03770,
1703614840927616256,-12.17391,109.52009,4.87940,0.07027,-0.09188,0.80191,-0.58615,0.07770,-0.88693,-0.04892,
1703614841061044224,-12.15718,109.40838,4.87745,0.06693,-0.08968,0.80231,-0.58632,0.20107,-0.79724,0.04093,
1703614841194471936,-12.11713,109.30518,4.88562,0.06840,-0.09333,0.80079,-0.58766,0.30278,-0.75606,0.03361,
1703614841327899648,-12.08658,109.19657,4.88176,0.06955,-0.09476,0.80109,-0.58689,0.18221,-0.80721,-0.02730,
1703614841461327104,-12.06494,109.08458,4.87873,0.06967,-0.09356,0.80156,-0.58642,0.18378,-0.83826,-0.01492,
1703614841594754816,-12.04238,108.97389,4.87799,0.06946,-0.09265,0.80141,-0.58679,0.22795,-0.85404,-0.05331,
1703614841728181760,-12.01873,108.86382,4.87770,0.06902,-0.09382,0.80127,-0.58685,0.17567,-0.83893,-0.01806,
1703614841861609728,-12.00031,108.75419,4.87766,0.06833,-0.09214,0.80118,-0.58732,0.16982,-0.84462,-0.00348,
1703614841995037184,-11.97691,108.64201,4.87629,0.06896,-0.09219,0.80133,-0.58704,0.20954,-0.84586,-0.03629,
1703614842128464640,-11.94698,108.53152,4.87317,0.07087,-0.09389,0.80154,-0.58625,0.22133,-0.81871,0.01362,
1703614842261891840,-11.92164,108.42599,4.87997,0.07034,-0.09377,0.80053,-0.58772,0.16558,-0.75736,0.07104,
1703614842395319040,-11.88909,108.31720,4.87519,0.07082,-0.09406,0.80142,-0.58640,0.29058,-0.79131,-0.01879,
1703614842528746240,-11.85470,108.21035,4.87627,0.07273,-0.09660,0.80085,-0.58653,0.26668,-0.83746,-0.05244,
1703614842662172928,-11.82513,108.10385,4.87699,0.07347,-0.09829,0.80097,-0.58599,0.19453,-0.79042,0.01178,
1703614842795601152,-11.80353,107.99732,4.87929,0.07538,-0.09706,0.80088,-0.58607,0.15790,-0.80107,0.02116,
1703614842929030144,-11.78757,107.88962,4.88407,0.07427,-0.09492,0.80006,-0.58769,0.12305,-0.76964,0.04011,
1703614843062459392,-11.77152,107.77600,4.87878,0.07178,-0.09203,0.80202,-0.58579,0.16972,-0.80785,-0.02095,
1703614843195888640,-11.74426,107.67245,4.87993,0.07277,-0.09352,0.80129,-0.58643,0.22824,-0.76565,-0.01143,
1703614843329317632,-11.71581,107.56549,4.88083,0.07528,-0.09513,0.80118,-0.58599,0.19001,-0.79759,-0.00135,
1703614843462746624,-11.70019,107.45683,4.88254,0.07441,-0.09311,0.80088,-0.58684,0.07262,-0.82719,-0.02910,
1703614843596175360,-11.68698,107.34417,4.87852,0.07247,-0.09043,0.80213,-0.58580,0.14631,-0.81581,-0.03768,
1703614843729604608,-11.66305,107.23652,4.88051,0.07322,-0.09086,0.80169,-0.58623,0.17142,-0.77562,0.04173,
1703614843863033088,-11.63896,107.12678,4.87577,0.07308,-0.09142,0.80251,-0.58504,0.18194,-0.80268,0.00745,
1703614843996461056,-11.62050,107.02708,4.88733,0.07190,-0.09051,0.79982,-0.58900,0.20296,-0.76987,0.02676,
1703614844129889536,-11.58992,106.91613,4.87969,0.07068,-0.09174,0.80124,-0.58702,0.16378,-0.78503,0.06760,
1703614844263317248,-11.57001,106.80498,4.87821,0.07049,-0.09083,0.80219,-0.58589,0.09753,-0.82578,-0.01202,
1703614844396745472,-11.56194,106.68737,4.87733,0.06973,-0.08710,0.80220,-0.58653,0.01951,-0.92197,-0.05699,
1703614844530173184,-11.55584,106.56931,4.87983,0.06760,-0.08345,0.80189,-0.58773,0.10684,-0.91299,-0.02886,
1703614844663601408,-11.53606,106.45091,4.87674,0.06700,-0.08205,0.80279,-0.58678,0.22893,-0.87305,-0.02271,
1703614844797029376,-11.49703,106.33396,4.87552,0.07007,-0.08629,0.80299,-0.58553,0.23967,-0.84076,0.06477,
1703614844930457600,-11.47532,106.22414,4.88394,0.07265,-0.08655,0.80133,-0.58745,0.03869,-0.87520,-0.03254,
1703614845063885568,-11.47325,106.10136,4.87765,0.07187,-0.08100,0.80225,-0.58709,0.02715,-0.95006,-0.03560,
1703614845264028160,-11.44801,105.91406,4.87275,0.07124,-0.07893,0.80344,-0.58582,0.21920,-0.93762,-0.01073,
1703614845397456128,-11.41968,105.79043,4.87693,0.07300,-0.07994,0.80288,-0.58623,0.23723,-0.91414,0.01683,
1703614845530884096,-11.38793,105.66325,4.87024,0.07302,-0.08190,0.80407,-0.58432,0.18389,-0.95234,-0.02602,
1703614845664312064,-11.36689,105.53712,4.86759,0.07287,-0.08106,0.80397,-0.58460,0.15659,-0.96840,-0.01867,
1703614845797740288,-11.33652,105.40620,4.86339,0.07223,-0.08193,0.80552,-0.58242,0.25630,-0.93939,-0.00531,
1703614845931169024,-11.30464,105.28113,4.86184,0.07202,-0.08249,0.80539,-0.58253,0.19648,-0.94944,0.03427,
1703614846064597248,-11.27822,105.15047,4.86082,0.07286,-0.08215,0.80582,-0.58189,0.15708,-0.97209,0.02089,
1703614846198026240,-11.26081,105.02816,4.87005,0.07741,-0.08088,0.80424,-0.58367,0.11156,-0.89312,0.06365,
1703614846331454208,-11.25826,104.90303,4.86809,0.07256,-0.07732,0.80469,-0.58415,-0.03083,-1.00124,-0.18968,
1703614846464882944,-11.25178,104.77022,4.86212,0.07079,-0.07264,0.80596,-0.58322,0.13177,-0.95595,0.06661,
1703614846598310912,-11.21713,104.63732,4.86359,0.07343,-0.07531,0.80621,-0.58221,0.32187,-0.90328,0.04091,
1703614846731739392,-11.18510,104.51357,4.87046,0.07738,-0.07763,0.80422,-0.58413,0.22380,-1.01056,-0.04856,
1703614846865216512,-11.16007,104.38789,4.87408,0.07877,-0.07671,0.80350,-0.58506,0.17165,-0.95203,-0.00296,
1703614846998702080,-11.13912,104.25530,4.86982,0.07492,-0.07527,0.80436,-0.58457,0.15109,-1.05564,-0.08726,
1703614847132189184,-11.10915,104.12742,4.87373,0.07640,-0.07497,0.80376,-0.58524,0.30582,-0.96020,-0.02958,
1703614847265677568,-11.06844,103.99721,4.86861,0.07706,-0.07893,0.80418,-0.58406,0.30222,-0.94678,0.05443,
1703614847399167488,-11.03317,103.86451,4.86486,0.07535,-0.08006,0.80474,-0.58336,0.31497,-0.98640,-0.03992,
1703614847532658688,-10.99349,103.73197,4.86274,0.07526,-0.08248,0.80453,-0.58332,0.28796,-1.00067,-0.02194,
1703614847666151168,-10.95490,103.59599,4.85997,0.07778,-0.08476,0.80486,-0.58221,0.27696,-1.01458,0.00519,
1703614847799618048,-10.92253,103.46051,4.85895,0.08258,-0.08547,0.80526,-0.58089,0.29494,-1.01953,-0.08264,
1703614847933039872,-10.89502,103.32840,4.85412,0.08604,-0.08671,0.80650,-0.57848,0.12312,-0.92828,0.06024,
1703614848066461184,-10.87835,103.20103,4.86204,0.08580,-0.08365,0.80463,-0.58156,0.17632,-0.98104,-0.01809,
1703614848199881984,-10.84945,103.07759,4.86428,0.08649,-0.08267,0.80449,-0.58179,0.35316,-0.92553,-0.00489,
1703614848333303040,-10.80701,102.94994,4.85992,0.08915,-0.08552,0.80486,-0.58047,0.38755,-0.93952,-0.02258,
1703614848466723328,-10.76915,102.82930,4.86613,0.08825,-0.08801,0.80360,-0.58198,0.22833,-0.89924,0.04233,
1703614848600143104,-10.74006,102.71292,4.86471,0.09072,-0.08873,0.80377,-0.58125,0.19265,-0.93228,-0.07249,
1703614848733563136,-10.72175,102.58885,4.85737,0.08885,-0.08683,0.80489,-0.58027,0.11349,-0.93491,-0.02222,
1703614848866988544,-10.70004,102.46115,4.85152,0.08748,-0.08430,0.80601,-0.57929,0.18257,-0.86132,0.08462,
1703614849000415488,-10.66933,102.34320,4.86064,0.08793,-0.08536,0.80409,-0.58175,0.21361,-0.86742,0.04984,
1703614849133841920,-10.63999,102.22804,4.85919,0.08637,-0.08647,0.80350,-0.58263,0.22311,-0.90171,-0.07753,
1703614849267268352,-10.61858,102.10687,4.85667,0.08354,-0.08570,0.80376,-0.58279,0.15376,-0.83881,0.11479,
1703614849400694784,-10.58761,101.98877,4.85336,0.08624,-0.08609,0.80423,-0.58169,0.35628,-0.88673,-0.04448,
1703614849534120960,-10.54544,101.88186,4.86150,0.08947,-0.09077,0.80240,-0.58301,0.28570,-0.85190,-0.02492,
1703614849667547392,-10.51619,101.76844,4.85489,0.08882,-0.09195,0.80328,-0.58172,0.19436,-0.85422,-0.02415,
1703614849800973824,-10.48781,101.65557,4.85283,0.08767,-0.09120,0.80412,-0.58085,0.22892,-0.81362,0.05356,
1703614849934400000,-10.45311,101.55022,4.85305,0.08978,-0.09337,0.80429,-0.57994,0.28982,-0.75474,0.02356,
1703614850067826688,-10.41976,101.44376,4.85255,0.08957,-0.09679,0.80380,-0.58010,0.15850,-0.82735,-0.02241,
1703614850201252864,-10.40456,101.33546,4.85280,0.08787,-0.09323,0.80381,-0.58093,0.14127,-0.83902,-0.01759,
1703614850334678784,-10.37730,101.22495,4.85292,0.08596,-0.09336,0.80409,-0.58080,0.23066,-0.78601,0.04562,
1703614850468104960,-10.33761,101.12227,4.85564,0.09069,-0.09727,0.80251,-0.58163,0.27500,-0.80671,-0.06236,
1703614850601531136,-10.31313,101.01231,4.85396,0.09054,-0.09817,0.80227,-0.58183,0.05792,-0.81702,0.03813,
1703614850734956800,-10.30462,100.89430,4.85545,0.08927,-0.09295,0.80232,-0.58281,0.05067,-0.85978,0.03638,
1703614850868381696,-10.28515,100.77519,4.85247,0.08622,-0.09124,0.80412,-0.58106,0.29525,-0.79331,-0.04079,
1703614851001806592,-10.25378,100.67179,4.85289,0.08918,-0.09313,0.80379,-0.58077,0.20715,-0.79277,-0.00033,
1703614851135230720,-10.23759,100.56123,4.85435,0.08322,-0.09248,0.80292,-0.58296,0.00626,-0.84593,0.02593,
1703614851268654848,-10.23243,100.44728,4.85294,0.07902,-0.08582,0.80402,-0.58304,0.12884,-0.80945,-0.00949,
1703614851402078976,-10.20188,100.33700,4.85085,0.07904,-0.08757,0.80422,-0.58250,0.31077,-0.78927,0.02609,
1703614851535502592,-10.17228,100.23132,4.85161,0.08156,-0.09111,0.80316,-0.58308,0.15591,-0.80164,0.02266,
1703614851668926208,-10.15833,100.11470,4.85410,0.08096,-0.08812,0.80258,-0.58442,0.09284,-0.91980,-0.03069,
1703614851802351616,-10.14759,99.99336,4.85044,0.07810,-0.08290,0.80378,-0.58392,0.10653,-0.86265,0.02532,
1703614851935781120,-10.12325,99.87529,4.85481,0.07674,-0.08303,0.80291,-0.58528,0.20951,-0.86478,0.05200,
1703614852069210624,-10.09531,99.75548,4.85377,0.07663,-0.08452,0.80284,-0.58517,0.21049,-0.87262,0.03709,
1703614852202639872,-10.06126,99.63223,4.85265,0.07462,-0.08679,0.80279,-0.58518,0.19042,-0.91425,-0.02458,
1703614852336069632,-10.03446,99.51273,4.85375,0.07199,-0.08507,0.80235,-0.58636,0.24684,-0.88524,0.01258,
1703614852469499136,-9.99749,99.39114,4.85313,0.07145,-0.08701,0.80321,-0.58496,0.23872,-0.90273,-0.00156,
1703614852602928640,-9.96929,99.27270,4.85591,0.07407,-0.08881,0.80194,-0.58611,0.15794,-0.90638,0.00896,
1703614852736358144,-9.94890,99.14842,4.85863,0.07081,-0.08773,0.80193,-0.58668,0.14439,-0.88961,0.00875,
1703614852869784320,-9.92159,99.02966,4.85867,0.06958,-0.08646,0.80173,-0.58730,0.29480,-0.86386,0.01854,
1703614853003209984,-9.88154,98.91011,4.85523,0.07034,-0.09041,0.80222,-0.58594,0.25458,-0.88636,-0.00047,
1703614853136635136,-9.85566,98.78969,4.85631,0.07034,-0.09046,0.80207,-0.58613,0.19885,-0.87898,0.01426,
1703614853270060032,-9.83233,98.66781,4.85454,0.06812,-0.08925,0.80263,-0.58581,0.18000,-0.92181,-0.01563,
1703614853403484928,-9.80247,98.54672,4.85574,0.06778,-0.08976,0.80245,-0.58602,0.31925,-0.89921,-0.02719,
1703614853536909312,-9.76168,98.43004,4.85430,0.06974,-0.09340,0.80213,-0.58566,0.29674,-0.88175,0.01745,
1703614853670334208,-9.73330,98.31092,4.85650,0.07088,-0.09408,0.80176,-0.58592,0.13173,-0.91056,0.00485,
1703614853803758592,-9.71495,98.18778,4.85794,0.06923,-0.09149,0.80209,-0.58608,0.16045,-0.89723,0.03043,
1703614853937183488,-9.69494,98.06929,4.86000,0.06728,-0.09021,0.80166,-0.58710,0.16465,-0.90439,-0.03393,
1703614854070607616,-9.66453,97.94767,4.85901,0.06787,-0.09101,0.80163,-0.58694,0.28625,-0.90609,-0.02236,
1703614854204032000,-9.62944,97.82428,4.85841,0.06809,-0.09403,0.80148,-0.58665,0.22032,-0.87377,0.02112,
1703614854337455872,-9.60553,97.70093,4.85422,0.06808,-0.09300,0.80249,-0.58543,0.18748,-0.88544,0.00622,
1703614854470879744,-9.58451,97.58305,4.85642,0.06826,-0.09234,0.80217,-0.58596,0.18494,-0.89065,-0.03831,
1703614854604303360,-9.56350,97.46461,4.85472,0.06746,-0.09131,0.80301,-0.58506,0.13916,-0.84348,0.03487,
1703614854737727232,-9.53740,97.34885,4.85680,0.06862,-0.09129,0.80221,-0.58602,0.22037,-0.87308,-0.01179,
1703614854871151872,-9.50618,97.23086,4.85442,0.06865,-0.09223,0.80284,-0.58500,0.21851,-0.87708,-0.00437,
1703614855004577280,-9.47338,97.11601,4.85224,0.06846,-0.09322,0.80258,-0.58523,0.24520,-0.88582,-0.03359,
1703614855138001920,-9.44549,96.99883,4.85224,0.06843,-0.09387,0.80255,-0.58517,0.21882,-0.86270,0.02220,
1703614855271426560,-9.41256,96.88153,4.84702,0.06670,-0.09570,0.80274,-0.58481,0.27139,-0.88008,-0.03938,
1703614855404851456,-9.38179,96.76695,4.84968,0.06694,-0.09629,0.80254,-0.58496,0.19459,-0.84223,0.01857,
1703614855538275840,-9.35754,96.65111,4.85034,0.06678,-0.09676,0.80234,-0.58517,0.18051,-0.86180,-0.01118,
1703614855671699968,-9.33665,96.53657,4.85100,0.06570,-0.09550,0.80283,-0.58483,0.18805,-0.79782,0.04332,
1703614855805126912,-9.30528,96.42577,4.85165,0.06628,-0.09639,0.80254,-0.58501,0.27740,-0.77695,0.07416,
1703614855938559744,-9.28003,96.32229,4.86066,0.06590,-0.09810,0.80056,-0.58748,0.10741,-0.85898,-0.09074,
1703614856071992576,-9.26112,96.20651,4.85487,0.06382,-0.09643,0.80198,-0.58606,0.12519,-0.80647,0.05304,
1703614856205425152,-9.23169,96.09690,4.85682,0.06508,-0.09656,0.80155,-0.58647,0.26590,-0.80672,-0.00763,
1703614856338858240,-9.19962,95.98655,4.85522,0.06789,-0.09915,0.80160,-0.58566,0.15871,-0.83898,0.01126,
1703614856472291072,-9.18906,95.87107,4.85272,0.06836,-0.09630,0.80261,-0.58469,0.03342,-0.87106,-0.02955,
1703614856605723904,-9.17407,95.75397,4.84886,0.06675,-0.09465,0.80351,-0.58391,0.17828,-0.87026,-0.02514,
1703614856739156736,-9.14131,95.64296,4.84639,0.06679,-0.09621,0.80360,-0.58353,0.33858,-0.82568,-0.01093,
1703614856872582144,-9.08940,95.53334,4.84747,0.06917,-0.10166,0.80268,-0.58360,0.36805,-0.79603,0.05121,
1703614857006006016,-9.04558,95.42559,4.85284,0.07337,-0.10567,0.80117,-0.58444,0.24683,-0.82770,0.00181,
1703614857139429632,-9.02226,95.31425,4.85733,0.07435,-0.10485,0.80082,-0.58495,0.03715,-0.83966,0.03966,
1703614857272853248,-9.01092,95.19953,4.85753,0.07334,-0.10086,0.80118,-0.58529,0.14422,-0.86452,-0.04665,
1703614857406276096,-8.97940,95.08867,4.85472,0.07310,-0.10260,0.80163,-0.58440,0.31620,-0.79187,0.04188,
1703614857539698944,-8.93268,94.98264,4.85426,0.07448,-0.10659,0.80087,-0.58455,0.36500,-0.75827,0.00904,
1703614857673121536,-8.89146,94.87750,4.85494,0.07689,-0.10951,0.80045,-0.58428,0.22239,-0.81772,-0.01265,
1703614857806544384,-8.86482,94.77161,4.85778,0.07796,-0.10992,0.80101,-0.58328,0.13631,-0.76714,0.01115,
1703614857939967744,-8.84515,94.66488,4.85642,0.07874,-0.10766,0.80092,-0.58373,0.24140,-0.86029,-0.07828,
1703614858073390848,-8.81259,94.55583,4.85786,0.07736,-0.10852,0.80025,-0.58467,0.25371,-0.82789,0.01183,
1703614858206813696,-8.77277,94.44459,4.85672,0.07900,-0.10980,0.80015,-0.58434,0.31935,-0.83032,-0.00351,
1703614858340236032,-8.73356,94.33373,4.85649,0.08103,-0.11274,0.79896,-0.58514,0.22473,-0.90649,-0.04824,
1703614858473658112,-8.70798,94.21411,4.85527,0.08183,-0.11163,0.79931,-0.58476,0.21446,-0.88462,0.02049,
1703614858607080192,-8.67424,94.09427,4.85723,0.08040,-0.11209,0.79896,-0.58535,0.27455,-0.88518,0.02514,
1703614858740501760,-8.63537,93.97525,4.85829,0.08154,-0.11294,0.79877,-0.58529,0.26464,-0.92475,-0.00302,
1703614858873925888,-8.60497,93.85519,4.85847,0.08188,-0.11275,0.79899,-0.58497,0.12586,-0.89361,0.05729,
1703614859007350272,-8.58674,93.73448,4.86090,0.08351,-0.11056,0.79942,-0.58457,0.09500,-0.90456,-0.00862,
1703614859140774144,-8.58670,93.61155,4.85694,0.07741,-0.10473,0.80066,-0.58479,-0.10225,-0.97793,-0.10823,
1703614859274198016,-8.59669,93.48208,4.85483,0.07293,-0.09547,0.80227,-0.58475,-0.00063,-0.94832,0.01097,
1703614859407621632,-8.58546,93.35964,4.85656,0.07005,-0.09291,0.80196,-0.58593,0.19883,-0.91195,-0.03478,
1703614859541044992,-8.54750,93.23808,4.85409,0.07229,-0.09535,0.80220,-0.58495,0.34111,-0.87826,0.03127,
1703614859674468096,-8.51096,93.12156,4.85502,0.07117,-0.09823,0.80121,-0.58595,0.10055,-0.94636,-0.04247,
1703614859807891712,-8.49857,92.99145,4.84965,0.06884,-0.09379,0.80281,-0.58477,0.09261,-0.93638,0.05520,
1703614859941316352,-8.47965,92.86056,4.84641,0.06881,-0.09138,0.80299,-0.58492,0.22927,-1.00264,-0.09666,
1703614860074740992,-8.44242,92.73729,4.85753,0.07042,-0.09424,0.80104,-0.58693,0.28517,-0.89308,0.10625,
1703614860208165120,-8.40964,92.60880,4.85420,0.07166,-0.09406,0.80125,-0.58653,0.20400,-0.98333,0.00226,
1703614860341589504,-8.38073,92.47436,4.85104,0.07089,-0.09370,0.80181,-0.58591,0.19867,-1.05522,-0.06879,
1703614860475013376,-8.35136,92.34874,4.85949,0.07287,-0.09293,0.80080,-0.58718,0.24888,-0.94800,-0.01837,
1703614860608436992,-8.31536,92.21804,4.85243,0.07311,-0.09424,0.80190,-0.58543,0.26305,-1.00483,-0.03902,
1703614860741860608,-8.27743,92.09813,4.85691,0.07629,-0.09680,0.80120,-0.58556,0.23690,-0.91158,0.00910,
1703614860875287296,-8.24311,91.97118,4.85152,0.07580,-0.09814,0.80207,-0.58421,0.15837,-0.91011,0.09723,
1703614861008715264,-8.22955,91.84842,4.85629,0.07704,-0.09389,0.80239,-0.58431,0.13052,-0.92634,-0.05397,
1703614861142142464,-8.21841,91.72677,4.85646,0.07574,-0.09265,0.80243,-0.58463,0.05173,-0.91305,-0.01472,
1703614861275569920,-8.20281,91.59900,4.85313,0.07361,-0.09051,0.80397,-0.58312,0.14798,-0.88170,0.02318,
1703614861408997120,-8.16711,91.48583,4.85584,0.07344,-0.09258,0.80246,-0.58488,0.29628,-0.85333,0.02239,
1703614861542424064,-8.12932,91.37363,4.85952,0.07555,-0.09417,0.80214,-0.58481,0.25628,-0.78162,0.04029,
1703614861675851008,-8.10435,91.26690,4.86125,0.07799,-0.09507,0.80057,-0.58649,0.10111,-0.82939,0.00844,
1703614861809277184,-8.09726,91.15162,4.85883,0.07615,-0.09146,0.80215,-0.58515,0.01431,-0.86531,-0.05290,
1703614861942700288,-8.08068,91.04558,4.86006,0.07463,-0.08976,0.80195,-0.58587,0.14955,-0.78751,0.06495,
1703614862076123648,-8.04416,90.94319,4.86080,0.07583,-0.09265,0.80078,-0.58687,0.31370,-0.82616,-0.05045,
1703614862209546752,-8.00622,90.83923,4.86053,0.07648,-0.09568,0.80073,-0.58636,0.26088,-0.81239,0.00842,
1703614862342969600,-7.97806,90.73512,4.86228,0.07915,-0.09642,0.80065,-0.58600,0.15688,-0.76866,0.01482,
1703614862476392448,-7.95990,90.62849,4.86225,0.07958,-0.09615,0.80071,-0.58590,0.11389,-0.82906,-0.01721,
1703614862609814784,-7.94543,90.51598,4.86124,0.07846,-0.09244,0.80129,-0.58586,0.11658,-0.79979,0.02096,
1703614862743237120,-7.92578,90.40968,4.86679,0.07758,-0.09125,0.80062,-0.58708,0.14502,-0.77952,0.05064,
1703614862876684544,-7.90420,90.30314,4.86827,0.08094,-0.09158,0.80069,-0.58648,0.13920,-0.80616,-0.01129,
1703614863010140672,-7.89331,90.20059,4.86949,0.08211,-0.09113,0.80076,-0.58629,0.03399,-0.77629,0.01541,
1703614863143597824,-7.88951,90.09919,4.87183,0.07871,-0.08662,0.80082,-0.58736,0.06044,-0.79428,-0.02658,
1703614863277056768,-7.86680,89.99688,4.86991,0.07634,-0.08512,0.80123,-0.58733,0.26636,-0.71374,0.02303,
1703614863477247488,-7.81200,89.85749,4.87144,0.07864,-0.09073,0.80067,-0.58695,0.21399,-0.73496,-0.01264,
1703614863610709760,-7.78936,89.76236,4.86945,0.07840,-0.09172,0.80093,-0.58647,0.10504,-0.73757,0.00103,
1703614863744173312,-7.76356,89.66179,4.86510,0.07773,-0.09228,0.80179,-0.58530,0.22951,-0.74590,-0.00206,
1703614863877610496,-7.73099,89.56330,4.86345,0.07767,-0.09426,0.80152,-0.58536,0.24448,-0.76682,-0.02836,
1703614864011039488,-7.69789,89.46289,4.86377,0.07621,-0.09631,0.80133,-0.58549,0.21833,-0.73467,0.04862,
1703614864144468992,-7.66624,89.36195,4.86204,0.07539,-0.09713,0.80103,-0.58587,0.20578,-0.76767,-0.02817,
1703614864277898240,-7.64054,89.25650,4.85812,0.07447,-0.09760,0.80179,-0.58486,0.19061,-0.80270,-0.01072,
1703614864411327488,-7.61307,89.15000,4.85773,0.07619,-0.09797,0.80160,-0.58484,0.20503,-0.83482,-0.03221,
1703614864544756736,-7.59054,89.04562,4.85954,0.07687,-0.09732,0.80093,-0.58577,0.15817,-0.80935,-0.01424,
1703614864678185728,-7.56557,88.93361,4.85963,0.07761,-0.09701,0.80153,-0.58491,0.19940,-0.79969,0.04951,
1703614864811612928,-7.54126,88.82315,4.85816,0.08019,-0.09789,0.80238,-0.58325,0.13318,-0.83060,-0.02325,
1703614864945033728,-7.52811,88.71421,4.85874,0.08073,-0.09669,0.80247,-0.58324,0.08504,-0.83130,-0.01758,
1703614865145164544,-7.49790,88.54761,4.85670,0.07914,-0.09490,0.80342,-0.58245,0.20522,-0.80449,0.01103,
1703614865278584832,-7.46585,88.44134,4.85913,0.07929,-0.09583,0.80285,-0.58306,0.24876,-0.79454,0.01547,
1703614865412004608,-7.43335,88.33439,4.85900,0.08226,-0.09785,0.80281,-0.58237,0.23844,-0.81607,-0.02368,
1703614865545424128,-7.40923,88.22452,4.86127,0.08572,-0.09748,0.80233,-0.58260,0.11021,-0.77921,0.06830,
1703614865678843648,-7.39767,88.10937,4.86013,0.08221,-0.09371,0.80230,-0.58375,0.08754,-0.92881,-0.09214,
1703614865812265472,-7.37241,87.99297,4.85716,0.07810,-0.09083,0.80284,-0.58404,0.30839,-0.83872,0.02935,
1703614865945694976,-7.31953,87.88403,4.86232,0.08077,-0.09611,0.80187,-0.58417,0.38488,-0.82933,0.03492,
1703614866079123968,-7.28228,87.77659,4.86866,0.08580,-0.09979,0.80057,-0.58461,0.22951,-0.84452,-0.00742,
1703614866212553472,-7.25858,87.67099,4.87687,0.08220,-0.10165,0.79863,-0.58745,0.07259,-0.80849,0.05619,
1703614866345982464,-7.23535,87.56057,4.87534,0.08189,-0.09850,0.79909,-0.58741,0.30257,-0.88194,-0.11422,
1703614866546126336,-7.17796,87.38375,4.86447,0.08774,-0.10234,0.80046,-0.58404,0.16316,-0.91403,-0.00401,
1703614866679555584,-7.16656,87.26136,4.86887,0.08728,-0.09890,0.80042,-0.58475,0.04835,-0.94357,-0.02703,
1703614866812985088,-7.14934,87.13259,4.86174,0.08540,-0.09614,0.80234,-0.58285,0.18108,-0.89582,0.03940,
1703614866946415360,-7.11633,87.01572,4.86875,0.08596,-0.09648,0.80116,-0.58433,0.30924,-0.91869,-0.02984,
1703614867079845888,-7.07617,86.89926,4.87062,0.08602,-0.09905,0.80061,-0.58465,0.29837,-0.84726,0.02403,
1703614867213276160,-7.03729,86.77855,4.86834,0.08826,-0.10092,0.80090,-0.58359,0.24739,-0.88103,0.00292,
1703614867346706688,-7.00870,86.65369,4.86198,0.08759,-0.10049,0.80212,-0.58209,0.23109,-0.99031,-0.11673,
1703614867480136960,-6.98162,86.53941,4.87041,0.08967,-0.10044,0.80082,-0.58357,0.15997,-0.86645,0.09028,
1703614867613567232,-6.96338,86.41803,4.86718,0.08510,-0.09832,0.80072,-0.58476,0.10064,-0.97109,-0.05609,
1703614867746997760,-6.94200,86.28696,4.86441,0.08202,-0.09481,0.80185,-0.58423,0.21538,-0.93263,0.01952,
1703614867880428288,-6.91182,86.16139,4.86051,0.08344,-0.09603,0.80257,-0.58283,0.27576,-0.93692,-0.01728,
1703614868080573696,-6.87491,85.97542,4.86408,0.08140,-0.09552,0.80166,-0.58446,0.11959,-0.94643,-0.00270,
1703614868214003712,-6.85315,85.83984,4.85810,0.07738,-0.09206,0.80261,-0.58425,0.24768,-1.03402,-0.08370,
1703614868347434240,-6.81581,85.70467,4.85844,0.07814,-0.09385,0.80252,-0.58400,0.27541,-0.93252,0.08859,
1703614868480864512,-6.78484,85.57037,4.85447,0.07961,-0.09573,0.80162,-0.58473,0.22191,-1.08958,-0.09131,
1703614868614295040,-6.76270,85.43725,4.85634,0.07993,-0.09394,0.80229,-0.58405,0.12800,-0.92929,0.09730,
1703614868747725056,-6.74333,85.30743,4.85690,0.07926,-0.09123,0.80257,-0.58419,0.13109,-0.98081,-0.01697,
1703614868947870464,-6.70963,85.11716,4.85352,0.07764,-0.08950,0.80222,-0.58515,0.22982,-0.98333,-0.02843,
1703614869081300736,-6.67754,84.98496,4.85004,0.07628,-0.09044,0.80286,-0.58431,0.30201,-0.98565,-0.01796,
1703614869214731008,-6.63241,84.85991,4.85407,0.07789,-0.09386,0.80197,-0.58478,0.33785,-0.88658,0.06589,
1703614869348161280,-6.58977,84.73186,4.85213,0.08151,-0.09622,0.80176,-0.58419,0.29821,-0.94403,-0.01210,
1703614869481591552,-6.55484,84.60586,4.84988,0.08200,-0.09737,0.80165,-0.58408,0.23573,-0.98014,-0.03502,
1703614869681736704,-6.50582,84.42176,4.85864,0.08291,-0.09737,0.80066,-0.58532,0.27609,-0.88611,0.00509,
1703614869881882368,-6.43806,84.24919,4.86013,0.08608,-0.10362,0.79936,-0.58555,0.20355,-0.86120,0.07390,
1703614870015313152,-6.41758,84.12434,4.85748,0.08133,-0.10047,0.80017,-0.58568,0.10822,-0.96561,-0.06644,
1703614870148743936,-6.39567,83.99658,4.85735,0.08067,-0.09712,0.80014,-0.58637,0.23203,-0.90679,-0.00529,
1703614870282174720,-6.35493,83.87504,4.85584,0.08389,-0.10169,0.80064,-0.58446,0.35209,-0.86204,-0.03226,
1703614870415605504,-6.31642,83.76260,4.85499,0.08711,-0.10480,0.80089,-0.58310,0.24001,-0.83361,0.01470,
1703614870549036032,-6.29220,83.65006,4.85126,0.08822,-0.10395,0.80167,-0.58201,0.11379,-0.82198,0.00877,
1703614870682467072,-6.27412,83.53404,4.85028,0.08517,-0.10149,0.80150,-0.58314,0.13573,-0.86259,-0.01822,
1703614870815897600,-6.25398,83.41785,4.85148,0.08283,-0.09914,0.80157,-0.58378,0.20466,-0.84695,0.01153,
1703614870949327872,-6.22502,83.30203,4.85033,0.08087,-0.09955,0.80160,-0.58394,0.21655,-0.86354,-0.01434,
1703614871082757888,-6.19435,83.18509,4.85089,0.08073,-0.09936,0.80168,-0.58389,0.19450,-0.83136,0.00715,
1703614871216188160,-6.16164,83.07444,4.84990,0.08168,-0.10075,0.80142,-0.58387,0.24945,-0.82848,0.00131,
1703614871349618432,-6.12622,82.95940,4.84744,0.08247,-0.10318,0.80124,-0.58358,0.27968,-0.87419,-0.05135,
1703614871483048704,-6.09724,82.84134,4.84570,0.08231,-0.10270,0.80199,-0.58266,0.16506,-0.81733,0.01670,
1703614871616478720,-6.07374,82.72854,4.84659,0.08290,-0.10201,0.80218,-0.58244,0.13497,-0.83494,-0.00403,
1703614871749908992,-6.05554,82.61855,4.84657,0.08270,-0.10066,0.80234,-0.58248,0.12786,-0.82084,0.01670,
1703614871883342336,-6.03565,82.50538,4.84808,0.08178,-0.09815,0.80247,-0.58285,0.15374,-0.83822,0.02442,
1703614872016776960,-6.01496,82.39297,4.84599,0.08206,-0.09592,0.80291,-0.58259,0.17929,-0.85287,-0.01417,
1703614872150212096,-5.99081,82.27585,4.84308,0.08129,-0.09581,0.80315,-0.58238,0.15481,-0.90326,-0.04664,
1703614872283647488,-5.96367,82.15515,4.84057,0.08258,-0.09601,0.80345,-0.58174,0.19369,-0.86998,0.03947,
1703614872417083136,-5.93816,82.03887,4.84383,0.08346,-0.09493,0.80268,-0.58286,0.22518,-0.89329,-0.02152,
1703614872550518784,-5.91029,81.91591,4.83963,0.08272,-0.09480,0.80332,-0.58210,0.18315,-0.90735,0.00313,
1703614872683954688,-5.88722,81.79587,4.84367,0.08253,-0.09374,0.80260,-0.58330,0.17358,-0.90888,-0.06542,
1703614872817390080,-5.85958,81.67746,4.84060,0.08213,-0.09431,0.80301,-0.58269,0.23848,-0.83597,0.07358,
1703614872950822144,-5.82372,81.55778,4.83961,0.08105,-0.09599,0.80255,-0.58321,0.26582,-0.90513,-0.02765,
1703614873084253696,-5.78924,81.44079,4.84257,0.08065,-0.09661,0.80123,-0.58498,0.27784,-0.87123,0.03443,
1703614873217685760,-5.75583,81.32414,4.84452,0.08122,-0.09718,0.80084,-0.58534,0.24125,-0.88066,0.01110,
1703614873351117568,-5.72555,81.20808,4.84826,0.08384,-0.09834,0.80034,-0.58545,0.17163,-0.86824,0.04568,
1703614873484549888,-5.70240,81.08877,4.84775,0.08414,-0.09713,0.80084,-0.58493,0.17059,-0.87310,-0.02235,
1703614873617981696,-5.66614,80.96951,4.84291,0.08323,-0.09773,0.80168,-0.58380,0.29338,-0.86397,-0.02165,
1703614873751413760,-5.62951,80.85893,4.84527,0.08466,-0.09951,0.80083,-0.58446,0.26385,-0.83260,-0.00528,
1703614873884844288,-5.59804,80.74372,4.84129,0.08821,-0.10078,0.80127,-0.58311,0.18227,-0.88215,-0.02489,
1703614874084988928,-5.56344,80.56980,4.84209,0.08807,-0.09868,0.80077,-0.58419,0.21394,-0.86133,-0.01106,
1703614874218418432,-5.53226,80.45422,4.84125,0.08749,-0.09977,0.80120,-0.58350,0.26056,-0.85782,-0.01267,
1703614874351847936,-5.49816,80.34350,4.84331,0.08961,-0.10104,0.79965,-0.58509,0.24224,-0.87484,-0.03659,
1703614874485277696,-5.46881,80.23100,4.84417,0.08897,-0.10179,0.79976,-0.58491,0.15224,-0.82984,0.03255,
1703614874618706944,-5.44563,80.11385,4.84399,0.08663,-0.09983,0.80004,-0.58521,0.18289,-0.85079,0.03270,
1703614874752136448,-5.41893,80.00239,4.84487,0.08408,-0.09978,0.79954,-0.58627,0.23035,-0.85723,-0.02594,
1703614874885567488,-5.38227,79.89023,4.84465,0.08513,-0.10176,0.79957,-0.58574,0.25653,-0.87831,-0.01954,
1703614875018999040,-5.35447,79.77456,4.84381,0.08475,-0.10253,0.79971,-0.58547,0.05437,-0.86331,0.00606,
1703614875152430592,-5.34386,79.65337,4.83968,0.08401,-0.09809,0.80143,-0.58397,0.07533,-0.91583,-0.05292,
1703614875352578048,-5.31728,79.48082,4.83429,0.07947,-0.09490,0.80272,-0.58337,0.23190,-0.81894,0.00381,
1703614875486009344,-5.27890,79.37574,4.83922,0.08087,-0.09804,0.80097,-0.58505,0.35507,-0.84148,-0.03491,
1703614875619441152,-5.23625,79.26957,4.83932,0.08254,-0.10183,0.80053,-0.58479,0.24606,-0.81183,0.01342,
1703614875752872448,-5.21495,79.15969,4.84596,0.08837,-0.09954,0.79971,-0.58545,0.10083,-0.78452,0.09405,
1703614875886303744,-5.21120,79.05088,4.85320,0.08519,-0.09590,0.79917,-0.58725,-0.04754,-0.80509,-0.03918,
1703614876019734528,-5.19754,78.93261,4.84004,0.07967,-0.09251,0.80163,-0.58522,0.19639,-0.85819,-0.02902,
1703614876153165568,-5.15325,78.82224,4.84261,0.08002,-0.09574,0.80099,-0.58553,0.39443,-0.81918,-0.03976,
1703614876286596608,-5.11102,78.71026,4.83904,0.08254,-0.09950,0.80087,-0.58472,0.22493,-0.84686,0.03279,
1703614876486743040,-5.10104,78.53583,4.83935,0.08007,-0.09305,0.80141,-0.58538,-0.00230,-0.98494,-0.13790,
1703614876620173824,-5.08714,78.41431,4.83335,0.07687,-0.09048,0.80308,-0.58393,0.20814,-0.79236,0.09329,
1703614876753604608,-5.04423,78.29996,4.83514,0.07687,-0.09398,0.80201,-0.58484,0.37875,-0.90212,-0.10099,
1703614876887036672,-5.00040,78.18117,4.82941,0.07751,-0.09810,0.80246,-0.58346,0.26083,-0.87174,0.03050,
1703614877020468992,-4.97519,78.06321,4.82990,0.07803,-0.09808,0.80155,-0.58464,0.10923,-0.95123,-0.04510,
1703614877153901056,-4.96064,77.94085,4.82955,0.07436,-0.09507,0.80164,-0.58549,0.10074,-0.92682,-0.00094,
1703614877287333632,-4.93645,77.81716,4.82839,0.07159,-0.09255,0.80266,-0.58484,0.26147,-0.89760,0.01060,
1703614877420766208,-4.90083,77.69573,4.82877,0.07133,-0.09463,0.80239,-0.58491,0.24690,-0.92600,-0.03008,
1703614877554198784,-4.87245,77.57095,4.82551,0.07378,-0.09562,0.80358,-0.58282,0.22000,-0.92822,-0.06495,
1703614877687631616,-4.85373,77.44744,4.81861,0.07686,-0.09580,0.80519,-0.58016,0.07749,-0.88179,0.00950,
1703614877821063424,-4.84800,77.32065,4.82153,0.07094,-0.08992,0.80391,-0.58362,0.08079,-1.04141,-0.10763,
1703614877954491136,-4.82875,77.19098,4.82305,0.06621,-0.08517,0.80453,-0.58403,0.27327,-0.91496,0.01013,
1703614878087919104,-4.78119,77.05945,4.81805,0.06868,-0.09053,0.80504,-0.58223,0.38993,-0.93029,0.00061,
1703614878221346560,-4.74261,76.93844,4.82000,0.07358,-0.09569,0.80384,-0.58247,0.23532,-0.95778,0.00553,
1703614878354774272,-4.71967,76.80711,4.82020,0.07360,-0.09417,0.80400,-0.58250,0.18272,-1.01549,-0.02314,
1703614878488201728,-4.69084,76.67691,4.81931,0.07209,-0.09271,0.80355,-0.58354,0.27318,-0.98950,-0.02659,
1703614878688342784,-4.62813,76.47664,4.81968,0.07094,-0.09473,0.80310,-0.58398,0.32501,-0.98996,0.00833,
1703614878821770496,-4.58749,76.34531,4.81948,0.07204,-0.09738,0.80282,-0.58379,0.20392,-0.98383,0.01973,
1703614878955201536,-4.56034,76.21222,4.82179,0.07239,-0.09635,0.80257,-0.58426,0.19786,-1.02150,-0.02077,
1703614879088632832,-4.53003,76.08355,4.82519,0.07320,-0.09579,0.80245,-0.58441,0.23376,-0.92484,0.06274,
1703614879222063872,-4.50183,75.95520,4.82517,0.07298,-0.09597,0.80245,-0.58442,0.21364,-0.96127,-0.01356,
1703614879355494912,-4.46714,75.82243,4.82453,0.07257,-0.09639,0.80271,-0.58404,0.32441,-0.96854,-0.00380,
1703614879488925952,-4.42218,75.69876,4.82573,0.07256,-0.09959,0.80159,-0.58504,0.29814,-0.96869,-0.01346,
1703614879622357248,-4.39142,75.57247,4.82772,0.07372,-0.09944,0.80146,-0.58510,0.18557,-0.96322,0.02848,
1703614879755788544,-4.36841,75.44362,4.82489,0.07213,-0.09827,0.80197,-0.58479,0.18119,-0.95958,-0.00240,
1703614879889220352,-4.33216,75.31132,4.82061,0.07167,-0.09843,0.80276,-0.58374,0.38307,-0.95821,-0.01326,
1703614880022652160,-4.28464,75.18491,4.82245,0.07512,-0.10209,0.80183,-0.58396,0.33379,-0.94951,-0.03201,
1703614880156084224,-4.25740,75.05506,4.82324,0.07621,-0.10258,0.80136,-0.58438,0.08262,-1.00053,0.01365,
1703614880289516288,-4.24565,74.91890,4.82191,0.07167,-0.09834,0.80191,-0.58492,0.09013,-0.98080,0.00744,
1703614880422948352,-4.22585,74.78654,4.81985,0.07056,-0.09457,0.80246,-0.58493,0.26095,-0.95681,-0.05990,
1703614880556380160,-4.17977,74.66314,4.81793,0.07717,-0.09894,0.80222,-0.58369,0.45912,-0.93663,-0.07956,
1703614880689812480,-4.12424,74.54486,4.81683,0.07861,-0.10670,0.80165,-0.58292,0.32278,-0.88855,0.01191,
1703614880823243776,-4.08382,74.43249,4.81514,0.08270,-0.10832,0.80248,-0.58090,0.20935,-0.84712,0.04685,
1703614880956669696,-4.06052,74.32302,4.81962,0.08179,-0.10829,0.80105,-0.58301,0.07850,-0.85345,0.01578,
1703614881090095360,-4.04437,74.20589,4.81738,0.07933,-0.10406,0.80218,-0.58257,0.21336,-0.85372,0.01316,
1703614881223520768,-4.00265,74.09639,4.82291,0.07883,-0.10567,0.80110,-0.58384,0.37492,-0.79519,0.03727,
1703614881356945664,-3.95803,73.98864,4.82033,0.08149,-0.10993,0.80152,-0.58211,0.25374,-0.84559,-0.00724,
1703614881490370560,-3.93161,73.88041,4.82402,0.08210,-0.11062,0.80065,-0.58309,0.14090,-0.85303,0.01339,
1703614881623795456,-3.90865,73.76580,4.81842,0.08098,-0.10810,0.80150,-0.58253,0.22565,-0.85692,-0.01914,
1703614881757219840,-3.87305,73.64993,4.81793,0.08044,-0.10797,0.80121,-0.58304,0.25406,-0.85664,0.01394,
1703614881890647296,-3.83983,73.53620,4.81957,0.08258,-0.10922,0.80043,-0.58357,0.22190,-0.86756,-0.00783,
1703614882024077056,-3.80984,73.42471,4.82106,0.08424,-0.11016,0.79999,-0.58376,0.18200,-0.86269,0.01116,
1703614882157506048,-3.79314,73.31030,4.82361,0.08464,-0.10635,0.80023,-0.58408,0.11101,-0.83568,0.05698,
1703614882290935552,-3.76656,73.21078,4.82911,0.08559,-0.10651,0.79914,-0.58541,0.26762,-0.73585,0.00228,
1703614882424364800,-3.73724,73.11391,4.83014,0.08673,-0.10732,0.79805,-0.58658,0.22397,-0.79427,-0.05588,
1703614882557794048,-3.71405,73.00422,4.82157,0.08481,-0.10698,0.80041,-0.58371,0.13053,-0.78975,0.03198,
1703614882691223296,-3.70026,72.90485,4.83242,0.08534,-0.10253,0.79899,-0.58636,0.17660,-0.74603,0.01470,
1703614882824652800,-3.66046,72.80665,4.82656,0.08750,-0.10738,0.79965,-0.58428,0.25135,-0.73018,0.01817,
1703614882958082816,-3.63218,72.71022,4.83126,0.08839,-0.10876,0.79830,-0.58572,0.14813,-0.74231,-0.01383,
1703614883091513344,-3.60567,72.60591,4.82659,0.08615,-0.10660,0.79948,-0.58484,0.22319,-0.78040,-0.05199,
1703614883224943872,-3.56989,72.50904,4.82852,0.08482,-0.10756,0.79925,-0.58518,0.25033,-0.69796,0.02777,
1703614883358374144,-3.53434,72.41480,4.83089,0.08863,-0.10920,0.79820,-0.58574,0.24114,-0.71051,0.01400,
1703614883491804416,-3.50827,72.31470,4.83027,0.08982,-0.11040,0.79865,-0.58472,0.12643,-0.72791,0.02561,
1703614883625234944,-3.48531,72.21356,4.83126,0.08801,-0.10835,0.79873,-0.58527,0.24180,-0.71976,0.01919,
1703614883758665216,-3.45036,72.11446,4.82940,0.08661,-0.10893,0.79863,-0.58551,0.25379,-0.77262,-0.04537,
1703614883892095744,-3.42653,72.01170,4.82762,0.08504,-0.10927,0.79899,-0.58518,0.08249,-0.76773,0.03113,
1703614884025526272,-3.41733,71.90304,4.82571,0.08353,-0.10586,0.79988,-0.58482,0.04363,-0.83989,-0.04186,
1703614884158956800,-3.41421,71.78996,4.82233,0.07919,-0.10069,0.80097,-0.58484,0.02620,-0.83398,-0.00068,
1703614884292387584,-3.40748,71.67987,4.82247,0.07639,-0.09643,0.80170,-0.58493,0.08308,-0.81602,-0.02122,
1703614884425818112,-3.38578,71.57283,4.81903,0.07991,-0.09693,0.80267,-0.58304,0.15836,-0.76158,0.02131,
1703614884559248640,-3.37420,71.46724,4.82123,0.07857,-0.09529,0.80198,-0.58444,0.07725,-0.81530,0.00515,
1703614884692679424,-3.35782,71.35730,4.81732,0.07647,-0.09205,0.80288,-0.58400,0.18012,-0.85578,-0.04796,
1703614884826109952,-3.32975,71.25361,4.81980,0.07426,-0.09260,0.80329,-0.58364,0.19983,-0.74524,0.04538,
1703614884959539712,-3.30026,71.14700,4.81705,0.07553,-0.09333,0.80334,-0.58329,0.28467,-0.81107,-0.02608,
1703614885092968960,-3.26801,71.03840,4.82051,0.07688,-0.09555,0.80284,-0.58345,0.19500,-0.77884,0.06343,
1703614885226398464,-3.24458,70.93172,4.82614,0.07597,-0.09464,0.80174,-0.58522,0.14343,-0.83256,0.01785,
1703614885359828224,-3.22524,70.81748,4.82307,0.07354,-0.09302,0.80325,-0.58372,0.12086,-0.79583,0.04269,
1703614885493257472,-3.21031,70.70585,4.82620,0.07561,-0.09105,0.80278,-0.58440,0.17169,-0.83331,-0.00493,
1703614885626686976,-3.18808,70.58876,4.82539,0.07590,-0.09103,0.80275,-0.58442,0.20254,-0.86141,-0.01402,
1703614885760116224,-3.15699,70.47659,4.82389,0.07453,-0.09154,0.80289,-0.58432,0.22049,-0.82663,0.05198,
1703614885893546496,-3.12239,70.36592,4.82325,0.07442,-0.09310,0.80248,-0.58466,0.24885,-0.86309,0.00096,
1703614886026977280,-3.09368,70.25051,4.82607,0.07660,-0.09348,0.80200,-0.58497,0.20662,-0.85450,0.01190,
1703614886160408064,-3.06580,70.13195,4.82379,0.07583,-0.09379,0.80197,-0.58506,0.18988,-0.88204,0.02425,
1703614886293838848,-3.03335,70.01308,4.82242,0.07542,-0.09353,0.80247,-0.58447,0.27279,-0.85281,0.02827,
1703614886427269376,-2.99421,69.89645,4.82586,0.07582,-0.09683,0.80187,-0.58470,0.29912,-0.80356,0.11255,
1703614886560700160,-2.95842,69.78905,4.83303,0.07735,-0.09868,0.79968,-0.58719,0.28859,-0.87269,-0.05920,
1703614886694131200,-2.91613,69.67878,4.83537,0.08139,-0.10152,0.80002,-0.58569,0.29239,-0.87838,-0.04022,
1703614886827561728,-2.88756,69.56803,4.83766,0.08072,-0.10215,0.79946,-0.58644,0.10979,-0.87497,-0.00254,
1703614886960991744,-2.87275,69.44662,4.83617,0.07747,-0.09847,0.80104,-0.58535,0.12641,-0.87245,0.00488,
1703614887094421504,-2.84982,69.33435,4.83896,0.07841,-0.09752,0.80052,-0.58610,0.19987,-0.82518,0.05327,
1703614887227851264,-2.81417,69.22058,4.83729,0.08253,-0.09979,0.80048,-0.58521,0.34153,-0.87384,-0.02645,
1703614887361281280,-2.77107,69.10479,4.83667,0.08285,-0.10260,0.80038,-0.58480,0.30304,-0.85437,0.02030,
1703614887494711040,-2.73456,68.98941,4.83477,0.08372,-0.10328,0.80071,-0.58412,0.23154,-0.87243,0.00113,
1703614887628140800,-2.70905,68.86975,4.83188,0.08454,-0.10292,0.80081,-0.58393,0.14403,-0.91612,-0.05126,
1703614887761570816,-2.68976,68.74994,4.82943,0.08466,-0.10098,0.80126,-0.58363,0.14747,-0.90299,-0.00972,
1703614887895000064,-2.67098,68.62861,4.82544,0.08229,-0.09788,0.80197,-0.58352,0.15732,-0.88408,0.03295,
1703614888028428800,-2.64352,68.50905,4.82960,0.08189,-0.09768,0.80162,-0.58408,0.26938,-0.89822,-0.02965,
1703614888161857280,-2.61351,68.39463,4.82886,0.08033,-0.09906,0.80100,-0.58492,0.15410,-0.93319,-0.02751,
1703614888295286272,-2.60058,68.27037,4.82537,0.07630,-0.09531,0.80245,-0.58410,0.05600,-0.92770,0.00391,
1703614888428714496,-2.58950,68.15130,4.82292,0.07148,-0.09144,0.80358,-0.58377,0.08104,-0.89139,-0.03710,
1703614888562143232,-2.57191,68.03639,4.82240,0.07186,-0.09000,0.80326,-0.58438,0.21442,-0.86310,0.01348,
1703614888695571712,-2.54291,67.92074,4.82443,0.07252,-0.09237,0.80265,-0.58478,0.21634,-0.87650,-0.03954,
1703614888829000192,-2.52101,67.80326,4.82515,0.07239,-0.09109,0.80334,-0.58405,0.10276,-0.86406,0.02820,
1703614888962428928,-2.50209,67.68678,4.82546,0.07201,-0.08920,0.80323,-0.58453,0.13313,-0.86210,0.00489,
1703614889095856896,-2.48193,67.56899,4.82347,0.07055,-0.08826,0.80317,-0.58493,0.20007,-0.89501,-0.02708,
1703614889229285120,-2.45278,67.44759,4.81994,0.06970,-0.08826,0.80330,-0.58486,0.26538,-0.89457,-0.00643,
1703614889362713088,-2.41566,67.32909,4.82063,0.06999,-0.09061,0.80297,-0.58492,0.27599,-0.89492,-0.01873,
1703614889496141312,-2.38267,67.21033,4.81932,0.07218,-0.09236,0.80298,-0.58436,0.21551,-0.89628,-0.00675,
1703614889629569280,-2.35735,67.09362,4.81887,0.07175,-0.09230,0.80315,-0.58420,0.16869,-0.88702,-0.00822,
1703614889762997504,-2.33168,66.97508,4.81753,0.07238,-0.09136,0.80371,-0.58349,0.21152,-0.88075,-0.01713,
1703614889896426752,-2.30313,66.85964,4.81776,0.07255,-0.09215,0.80376,-0.58328,0.22542,-0.85207,0.01595,
1703614890029856768,-2.27565,66.74594,4.81821,0.07279,-0.09240,0.80313,-0.58408,0.21607,-0.88367,-0.01008,
1703614890163286784,-2.24349,66.63017,4.81886,0.07360,-0.09330,0.80332,-0.58357,0.26725,-0.85838,-0.00164,
1703614890296716800,-2.21184,66.51928,4.81932,0.07481,-0.09581,0.80237,-0.58431,0.22300,-0.86113,-0.01081,
1703614890430146816,-2.18290,66.40393,4.81839,0.07521,-0.09625,0.80257,-0.58391,0.21268,-0.84378,0.00026,
1703614890563576576,-2.14923,66.28899,4.81784,0.07560,-0.09680,0.80215,-0.58436,0.24200,-0.85246,-0.01030,
1703614890697006848,-2.11759,66.17915,4.81873,0.07787,-0.09814,0.80211,-0.58389,0.22613,-0.81278,0.00139,
1703614890830436608,-2.08893,66.06890,4.81923,0.07993,-0.09911,0.80202,-0.58356,0.19946,-0.84212,-0.00637,
1703614890963868160,-2.05837,65.96093,4.82037,0.07996,-0.09960,0.80162,-0.58403,0.26949,-0.78574,0.01757,
1703614891097299456,-2.01786,65.85215,4.81945,0.08029,-0.10178,0.80135,-0.58399,0.30194,-0.81140,-0.00802,
1703614891230731008,-1.98236,65.74548,4.81732,0.08192,-0.10383,0.80137,-0.58337,0.20975,-0.80068,0.00535,
1703614891364162560,-1.95401,65.63666,4.81817,0.08338,-0.10451,0.80143,-0.58295,0.17872,-0.79197,0.02265,
1703614891497593856,-1.92929,65.53095,4.82105,0.08378,-0.10407,0.80103,-0.58352,0.19467,-0.79606,0.00375,
1703614891697741568,-1.88309,65.37494,4.82350,0.08496,-0.10438,0.80056,-0.58394,0.23351,-0.76503,0.04746,
1703614891831173120,-1.84903,65.27463,4.82741,0.08538,-0.10658,0.79922,-0.58532,0.21866,-0.79740,-0.03711,
1703614891964607488,-1.82243,65.16055,4.81826,0.08224,-0.10606,0.80069,-0.58385,0.14879,-0.87742,-0.06111,
1703614892098041600,-1.80199,65.04773,4.81789,0.08254,-0.10420,0.80121,-0.58343,0.20299,-0.81280,0.01627,
1703614892231475968,-1.77398,64.94064,4.82223,0.08427,-0.10525,0.80033,-0.58420,0.19001,-0.78563,0.04289,
1703614892364910336,-1.75243,64.83020,4.82217,0.08306,-0.10404,0.80020,-0.58477,0.14700,-0.83807,-0.03289,
1703614892498344960,-1.72700,64.71884,4.81957,0.08317,-0.10319,0.80078,-0.58411,0.20133,-0.81134,0.00538,
1703614892631779584,-1.69527,64.61555,4.82411,0.08544,-0.10527,0.79995,-0.58455,0.25296,-0.79432,-0.03078,
1703614892765214720,-1.65970,64.51144,4.82148,0.08639,-0.10704,0.80014,-0.58383,0.24231,-0.77699,0.01545,
1703614892898647040,-1.62734,64.40413,4.82232,0.08450,-0.10746,0.79964,-0.58472,0.25975,-0.84179,-0.03592,
1703614893032077824,-1.59108,64.29127,4.81878,0.08506,-0.10835,0.80035,-0.58349,0.27334,-0.81565,0.03247,
1703614893165508608,-1.56351,64.18612,4.82801,0.08743,-0.10864,0.79846,-0.58567,0.15762,-0.81555,0.02704,
1703614893298939136,-1.54670,64.07543,4.82933,0.08782,-0.10699,0.79884,-0.58540,0.09254,-0.83134,0.00191,
1703614893432370176,-1.53164,63.95888,4.82445,0.08399,-0.10392,0.79980,-0.58520,0.15269,-0.88723,-0.06365,
1703614893565800704,-1.50584,63.84337,4.82092,0.08243,-0.10273,0.80092,-0.58411,0.21831,-0.81573,0.05936,
1703614893699231744,-1.47191,63.73437,4.82220,0.08403,-0.10464,0.80055,-0.58404,0.28552,-0.85960,-0.05211,
1703614893832661760,-1.43521,63.62271,4.81929,0.08491,-0.10702,0.80020,-0.58396,0.26155,-0.84709,0.00372,
1703614893966077440,-1.39729,63.50658,4.81856,0.08334,-0.10750,0.79948,-0.58509,0.30209,-0.90722,-0.00877,
1703614894099492608,-1.35795,63.38942,4.81944,0.08472,-0.10843,0.79940,-0.58484,0.23167,-0.90525,-0.05005,
1703614894232907264,-1.33538,63.27071,4.81901,0.08590,-0.10884,0.79972,-0.58414,0.05530,-0.89118,0.04221,
1703614894366321664,-1.33066,63.14638,4.81602,0.08324,-0.10451,0.80046,-0.58430,0.04583,-0.94909,-0.04953,
1703614894499735296,-1.32564,63.02097,4.81870,0.07956,-0.09822,0.80111,-0.58502,0.03233,-0.89991,0.06505,
1703614894633148928,-1.32027,62.89421,4.81238,0.07618,-0.09363,0.80235,-0.58452,0.01346,-0.99489,-0.07593,
1703614894766562048,-1.31791,62.75953,4.80823,0.06974,-0.08887,0.80308,-0.58507,0.01934,-1.01354,-0.03806,
1703614894899985408,-1.31019,62.62043,4.80329,0.06724,-0.08371,0.80457,-0.58407,0.15436,-1.06388,-0.07827,
1703614895100133888,-1.26953,62.41581,4.79205,0.06714,-0.08513,0.80639,-0.58137,0.18499,-1.03107,-0.07820,
1703614895233566464,-1.24567,62.27673,4.78679,0.06564,-0.08403,0.80678,-0.58115,0.16592,-1.07697,-0.03954,
1703614895366998784,-1.22123,62.13548,4.78527,0.06501,-0.08194,0.80710,-0.58107,0.20758,-1.08113,-0.06910,
1703614895500431360,-1.18889,61.99471,4.78421,0.06082,-0.08340,0.80693,-0.58157,0.29435,-1.02290,0.03681,
1703614895633864192,-1.14479,61.86203,4.78425,0.06267,-0.08577,0.80655,-0.58155,0.39103,-0.98324,0.04519,
1703614895834013184,-1.07608,61.66828,4.78385,0.06688,-0.09194,0.80589,-0.58104,0.32826,-0.99192,-0.02509,
1703614895967445248,-1.04237,61.53880,4.78718,0.07024,-0.09276,0.80510,-0.58161,0.21442,-0.99429,0.00265,
1703614896100877312,-1.01233,61.40625,4.78828,0.07185,-0.09178,0.80563,-0.58083,0.19726,-0.97779,0.03125,
1703614896234309376,-0.98583,61.27812,4.79368,0.07350,-0.09165,0.80460,-0.58208,0.16032,-0.95858,0.06157,
1703614896367741440,-0.95064,61.14349,4.79136,0.07410,-0.09248,0.80457,-0.58192,0.33464,-0.96088,0.04526,
1703614896501173760,-0.89856,61.01551,4.79735,0.07516,-0.09632,0.80284,-0.58354,0.45189,-0.95235,-0.00741,
1703614896634606080,-0.84163,60.89384,4.79864,0.07891,-0.10288,0.80174,-0.58343,0.33814,-0.90920,0.05046,
1703614896768038400,-0.81168,60.76302,4.79837,0.07858,-0.10277,0.80091,-0.58464,0.10390,-1.05456,-0.06248,
1703614896901468672,-0.79925,60.62119,4.79718,0.07584,-0.09773,0.80167,-0.58482,0.11359,-1.01951,0.02854,
1703614897034898944,-0.76692,60.48091,4.79586,0.07776,-0.09752,0.80158,-0.58473,0.36086,-1.05913,-0.06977,
1703614897168329216,-0.71923,60.35308,4.80175,0.07751,-0.10170,0.80032,-0.58578,0.33572,-0.99251,-0.03004,
1703614897301759488,-0.67277,60.21609,4.78921,0.07688,-0.10348,0.80302,-0.58185,0.32061,-0.95507,0.10234,
1703614897435189760,-0.63956,60.09119,4.79342,0.07678,-0.10316,0.80110,-0.58455,0.28515,-1.03395,-0.10410,
1703614897568620288,-0.60616,59.95869,4.79492,0.07885,-0.10442,0.80076,-0.58452,0.26092,-1.00492,0.04043,
1703614897702050304,-0.57376,59.82689,4.79804,0.08045,-0.10543,0.80042,-0.58458,0.20190,-0.99894,-0.01068,
1703614897835481088,-0.53918,59.69242,4.79560,0.07990,-0.10561,0.80123,-0.58352,0.21031,-0.98709,0.00965,
1703614897968912640,-0.50824,59.56631,4.79859,0.08064,-0.10468,0.80068,-0.58434,0.23021,-0.98670,-0.02806,
1703614898102343936,-0.47661,59.44383,4.80050,0.07863,-0.10531,0.80037,-0.58493,0.22888,-0.94470,-0.01853,
1703614898235775488,-0.43317,59.31656,4.79629,0.07989,-0.10745,0.80114,-0.58331,0.43378,-0.90300,0.00208,
1703614898369206784,-0.38272,59.19697,4.80167,0.08064,-0.11216,0.79914,-0.58506,0.29796,-0.85108,0.04800,
1703614898569354240,-0.34160,59.00916,4.79643,0.08160,-0.10937,0.80067,-0.58336,0.05392,-0.93117,0.08836,
1703614898702786048,-0.32739,58.87811,4.79731,0.08083,-0.10459,0.80093,-0.58399,0.18642,-1.00040,-0.04641,
1703614898836216320,-0.28982,58.75200,4.80063,0.08187,-0.10583,0.80063,-0.58402,0.34500,-0.86880,0.06273,
1703614898969646080,-0.23635,58.63292,4.80232,0.08336,-0.11025,0.79985,-0.58406,0.34446,-0.90421,-0.00372,
1703614899103075840,-0.19332,58.51946,4.81155,0.08446,-0.11236,0.79741,-0.58684,0.27161,-0.87094,0.02061,
1703614899236505344,-0.15294,58.39807,4.80762,0.08614,-0.11402,0.79807,-0.58538,0.25576,-0.90200,0.02232,
1703614899436649728,-0.10553,58.22047,4.80782,0.08574,-0.11336,0.79789,-0.58581,0.31544,-0.86366,0.01516,
1703614899570079488,-0.06013,58.10447,4.80982,0.08855,-0.11610,0.79785,-0.58491,0.27676,-0.86320,-0.00461,
1703614899703509248,-0.02877,57.98805,4.81272,0.08866,-0.11498,0.79720,-0.58600,0.19835,-0.90480,-0.06512,
1703614899836938752,0.00100,57.87464,4.81122,0.08614,-0.11513,0.79825,-0.58491,0.20774,-0.80289,0.05313,
1703614899970369024,0.03887,57.76625,4.81197,0.08787,-0.11572,0.79686,-0.58643,0.35164,-0.87037,-0.07394,
1703614900103799296,0.07953,57.65484,4.81059,0.08844,-0.11783,0.79806,-0.58430,0.21686,-0.78187,0.06606,
1703614900237229568,0.10132,57.54441,4.81541,0.08952,-0.11496,0.79648,-0.58684,0.15191,-0.89657,-0.02392,
1703614900370659584,0.11596,57.42798,4.81718,0.09048,-0.11259,0.79683,-0.58668,0.07723,-0.84675,0.04090,
1703614900504089856,0.13224,57.31303,4.81801,0.09033,-0.10972,0.79729,-0.58663,0.17316,-0.81889,0.03558,
1703614900637520128,0.16065,57.20624,4.82330,0.08994,-0.10831,0.79689,-0.58750,0.23490,-0.78607,0.05030,
1703614900770950656,0.19414,57.10216,4.82491,0.08924,-0.10920,0.79712,-0.58712,0.22066,-0.73699,0.06112,
1703614900904380672,0.21923,56.99695,4.82307,0.08917,-0.10884,0.79782,-0.58625,0.17033,-0.85279,-0.10877,
1703614901037810688,0.24606,56.89312,4.82090,0.08794,-0.10964,0.79837,-0.58553,0.15844,-0.77693,0.01284,
1703614901171241216,0.26673,56.78535,4.81973,0.08645,-0.10722,0.79835,-0.58623,0.17189,-0.85009,-0.05405,
1703614901304671488,0.29336,56.67211,4.81955,0.08474,-0.10595,0.79879,-0.58611,0.20481,-0.78050,0.05267,
1703614901438101760,0.32136,56.56604,4.82208,0.08587,-0.10627,0.79843,-0.58638,0.22773,-0.79499,0.00229,
1703614901571532288,0.34363,56.45873,4.82065,0.08652,-0.10667,0.79934,-0.58497,0.04002,-0.82560,-0.02621,
1703614901704962816,0.34355,56.35046,4.81657,0.08181,-0.10080,0.80045,-0.58517,-0.03609,-0.81335,-0.02989,
1703614901838393088,0.34272,56.23707,4.81387,0.07648,-0.09487,0.80163,-0.58526,0.02644,-0.82816,-0.00988,
1703614901971823104,0.35433,56.12778,4.81449,0.07536,-0.09249,0.80146,-0.58602,0.12087,-0.81320,0.01426,
1703614902105253376,0.36984,56.01767,4.81392,0.07833,-0.09235,0.80084,-0.58651,0.06540,-0.85888,-0.03143,
1703614902238683648,0.37084,55.90010,4.81011,0.07567,-0.08838,0.80236,-0.58538,-0.05925,-0.83784,0.01729,
1703614902372113920,0.37136,55.78782,4.80889,0.07313,-0.08111,0.80348,-0.58523,0.11370,-0.83924,-0.02748,
1703614902505544192,0.38813,55.67285,4.80117,0.07003,-0.08093,0.80511,-0.58340,0.16482,-0.88117,-0.09070,
1703614902638974720,0.40191,55.56371,4.79717,0.06969,-0.08103,0.80572,-0.58257,0.07409,-0.82821,-0.00480,
1703614902772404736,0.41160,55.44944,4.79620,0.06917,-0.07906,0.80693,-0.58123,0.08951,-0.80011,0.04295,
1703614902905835008,0.42192,55.34185,4.79761,0.06770,-0.07578,0.80623,-0.58281,0.13084,-0.85742,-0.04818,
1703614903039265280,0.44151,55.22713,4.78876,0.06342,-0.07591,0.80712,-0.58204,0.19138,-0.87086,-0.02394,
1703614903172695552,0.47573,55.11208,4.78855,0.06382,-0.07769,0.80650,-0.58262,0.34056,-0.84978,0.03705,
1703614903306125568,0.51833,54.99931,4.79093,0.06670,-0.08259,0.80572,-0.58271,0.23543,-0.84882,0.02109,
1703614903439555840,0.53847,54.88559,4.79230,0.07031,-0.08242,0.80628,-0.58153,0.05097,-0.82989,0.04114,
1703614903572986368,0.54314,54.77049,4.79252,0.06916,-0.07924,0.80598,-0.58252,0.03137,-0.89672,-0.02821,
1703614903706416640,0.56611,54.65468,4.79650,0.07068,-0.07778,0.80576,-0.58285,0.31564,-0.83409,-0.00962,
1703614903839847424,0.61819,54.54290,4.79280,0.07215,-0.08396,0.80574,-0.58183,0.38218,-0.81917,-0.01893,
1703614903973269504,0.67108,54.43763,4.79450,0.07703,-0.08944,0.80497,-0.58145,0.35702,-0.83354,-0.05164,
1703614904106691584,0.71384,54.32823,4.79148,0.07788,-0.09298,0.80466,-0.58122,0.25113,-0.81369,0.02864,
1703614904240113408,0.74607,54.21490,4.79252,0.07856,-0.09301,0.80424,-0.58171,0.21331,-0.86273,-0.00292,
1703614904373535232,0.77827,54.09835,4.79118,0.07909,-0.09454,0.80428,-0.58133,0.22722,-0.86074,0.00036,
1703614904506956800,0.80401,53.97784,4.79342,0.07906,-0.09356,0.80340,-0.58270,0.19963,-0.91063,-0.00050,
1703614904640378112,0.83238,53.85994,4.79598,0.08037,-0.09317,0.80374,-0.58213,0.22312,-0.86293,0.01503,
1703614904840509184,0.87190,53.68326,4.79661,0.08128,-0.09363,0.80268,-0.58338,0.20305,-0.91386,-0.05794,
1703614904973937152,0.90456,53.55727,4.79172,0.07793,-0.09492,0.80332,-0.58275,0.29332,-0.91876,0.00940,
1703614905107364352,0.95573,53.43765,4.79167,0.07886,-0.09851,0.80270,-0.58288,0.44495,-0.90527,-0.04378,
1703614905240792320,1.00396,53.31810,4.79154,0.08061,-0.10294,0.80206,-0.58276,0.24359,-0.94047,-0.00195,
1703614905374219776,1.02685,53.19486,4.79245,0.08157,-0.10198,0.80184,-0.58309,0.07714,-0.94955,0.03497,
1703614905507646976,1.04555,53.06638,4.78978,0.07977,-0.09907,0.80275,-0.58259,0.21795,-0.95059,-0.02908,
1703614905641074432,1.08059,52.94141,4.79077,0.08059,-0.09913,0.80239,-0.58297,0.29548,-0.92480,0.02002,
1703614905774501888,1.12028,52.81751,4.78778,0.08098,-0.10214,0.80286,-0.58175,0.22925,-0.90627,-0.00534,
1703614905907930368,1.14951,52.69215,4.78713,0.08090,-0.10213,0.80278,-0.58187,0.21941,-0.96330,-0.01520,
1703614906041361408,1.18620,52.57476,4.78901,0.08184,-0.10457,0.80236,-0.58189,0.24081,-0.85597,0.02902,
1703614906174791936,1.21784,52.45499,4.78832,0.08289,-0.10459,0.80179,-0.58252,0.25623,-0.92631,0.01671,
1703614906308222976,1.25686,52.33468,4.78989,0.08274,-0.10587,0.80176,-0.58234,0.29867,-0.89019,0.02023,
1703614906441653760,1.29782,52.21450,4.79243,0.08462,-0.10827,0.80132,-0.58225,0.28840,-0.90320,0.00299,
1703614906575084800,1.33427,52.09582,4.79130,0.08616,-0.10950,0.80141,-0.58166,0.25332,-0.91164,0.02655,
1703614906708515840,1.36838,51.97673,4.79315,0.08295,-0.10924,0.80036,-0.58361,0.24983,-0.93231,0.00531,
1703614906841946880,1.40477,51.85367,4.79025,0.08138,-0.10830,0.80066,-0.58361,0.27839,-0.89831,-0.02097,
1703614906975376640,1.43951,51.72838,4.79047,0.08257,-0.10960,0.80078,-0.58303,0.20343,-0.90434,0.04872,
1703614907108806656,1.46541,51.61047,4.79410,0.08270,-0.11023,0.79939,-0.58480,0.15827,-0.95384,-0.05050,
1703614907308951296,1.48576,51.41882,4.78854,0.07599,-0.10353,0.80140,-0.58417,0.14555,-0.94480,0.01907,
1703614907442381056,1.51957,51.29817,4.79240,0.07635,-0.10445,0.80091,-0.58463,0.27577,-0.89596,-0.01451,
1703614907575811072,1.55276,51.17323,4.79132,0.07583,-0.10605,0.80065,-0.58478,0.20950,-0.96543,-0.03844,
1703614907709241088,1.57643,51.04418,4.79014,0.07477,-0.10391,0.80108,-0.58471,0.14521,-0.95468,0.02696,
1703614907842670848,1.59604,50.91163,4.78917,0.07329,-0.10085,0.80182,-0.58442,0.15732,-0.96232,0.00798,
1703614907976103680,1.61799,50.78405,4.79381,0.07272,-0.09953,0.80148,-0.58518,0.18216,-0.93336,0.00410,
1703614908109536768,1.65059,50.65737,4.78927,0.07218,-0.10022,0.80238,-0.58390,0.31340,-0.93827,-0.02076,
1703614908242970112,1.68787,50.53053,4.78897,0.07212,-0.10109,0.80164,-0.58476,0.22704,-0.93728,0.02113,
1703614908376403456,1.71560,50.40447,4.78837,0.07296,-0.10036,0.80200,-0.58429,0.17463,-0.97456,-0.04271,
1703614908509836800,1.73624,50.28236,4.79347,0.07701,-0.09881,0.80200,-0.58404,0.16725,-0.89570,0.05249,
1703614908643270400,1.74870,50.16281,4.79780,0.07697,-0.09637,0.80011,-0.58704,0.04613,-0.97945,-0.12191,
1703614908776704256,1.76684,50.03030,4.78406,0.07637,-0.09386,0.80368,-0.58262,0.20854,-0.85610,0.01563,
1703614908910136320,1.79658,49.91611,4.78956,0.07640,-0.09423,0.80193,-0.58497,0.34214,-0.88954,-0.05071,
1703614909043566080,1.84470,49.79907,4.78711,0.07643,-0.09807,0.80248,-0.58358,0.34227,-0.81621,0.06949,
1703614909176995584,1.88295,49.68630,4.79476,0.07923,-0.10026,0.80130,-0.58446,0.25436,-0.81779,0.06593,
1703614909310425344,1.91135,49.57344,4.79782,0.07870,-0.10117,0.80038,-0.58563,0.15685,-0.90205,-0.06305,
1703614909443855104,1.93817,49.45241,4.79422,0.07625,-0.09989,0.80197,-0.58399,0.21836,-0.85196,0.05432,
1703614909577284608,1.97678,49.33772,4.79523,0.07751,-0.10186,0.80097,-0.58486,0.33638,-0.85999,-0.02386,
1703614909710714624,2.02379,49.22419,4.79344,0.08056,-0.10646,0.80099,-0.58360,0.31359,-0.83072,-0.00537,
1703614909844144384,2.05694,49.11049,4.79545,0.08094,-0.10739,0.80035,-0.58426,0.15863,-0.86723,-0.03326,
1703614909977568512,2.08093,48.99597,4.79175,0.08048,-0.10538,0.80105,-0.58373,0.19487,-0.86418,-0.01835,
1703614910110991872,2.11553,48.88262,4.78921,0.08109,-0.10680,0.80121,-0.58316,0.23011,-0.82712,0.01640,
1703614910244415488,2.14464,48.77669,4.79532,0.08362,-0.10686,0.80002,-0.58443,0.19867,-0.81932,-0.01517,
1703614910377838592,2.17410,48.66649,4.78979,0.08569,-0.10733,0.80151,-0.58199,0.22026,-0.78084,-0.00057,
1703614910511261440,2.19720,48.55959,4.78877,0.08482,-0.10671,0.80133,-0.58249,0.11808,-0.81790,-0.01073,
1703614910644683776,2.22246,48.45052,4.78747,0.08187,-0.10435,0.80134,-0.58332,0.27510,-0.82219,-0.02024,
1703614910778106112,2.26146,48.34441,4.78860,0.08250,-0.10616,0.80130,-0.58296,0.31861,-0.77946,-0.00077,
1703614910911533056,2.29880,48.23932,4.78923,0.08622,-0.11002,0.80043,-0.58290,0.23272,-0.80989,-0.03199,
1703614911044966400,2.31946,48.13157,4.78999,0.08702,-0.10936,0.80041,-0.58293,0.09487,-0.83824,-0.04892,
1703614911178400000,2.33275,48.02202,4.78827,0.08632,-0.10577,0.80109,-0.58277,0.11782,-0.82043,0.00035,
1703614911311834112,2.34807,47.91378,4.79026,0.08447,-0.10258,0.80065,-0.58421,0.15300,-0.77687,0.01269,
1703614911445267968,2.37982,47.80961,4.78789,0.08355,-0.10405,0.80125,-0.58326,0.31830,-0.71358,0.04986,
1703614911578701824,2.42517,47.71396,4.79140,0.08505,-0.10834,0.79985,-0.58418,0.33590,-0.74368,-0.00375,
1703614911712135680,2.45890,47.61961,4.79619,0.08746,-0.11023,0.79901,-0.58462,0.14897,-0.72355,0.03545,
1703614911845570048,2.47017,47.51920,4.79743,0.08588,-0.10710,0.79917,-0.58522,0.07008,-0.79337,-0.05444,
1703614911979000064,2.48336,47.41297,4.79335,0.08206,-0.10397,0.80020,-0.58492,0.16808,-0.78738,-0.06165,
1703614912112429824,2.51442,47.31337,4.79512,0.08192,-0.10542,0.80008,-0.58485,0.28998,-0.67253,0.07744,
1703614912245859840,2.55638,47.22292,4.79923,0.08437,-0.10987,0.79879,-0.58544,0.31369,-0.74918,-0.09638,
1703614912379290112,2.59108,47.12486,4.79027,0.08525,-0.11161,0.79989,-0.58348,0.14975,-0.78745,-0.03911,
1703614912512720128,2.61022,47.02606,4.79352,0.08365,-0.10933,0.79964,-0.58449,0.13715,-0.71663,0.04727,
1703614912646150144,2.63267,46.92773,4.79661,0.08558,-0.10787,0.79922,-0.58505,0.22085,-0.73887,-0.00054,
1703614912779580416,2.66344,46.83012,4.79816,0.08669,-0.10941,0.79925,-0.58456,0.19219,-0.71874,0.03764,
1703614912913012992,2.69104,46.73286,4.80084,0.08744,-0.10948,0.79814,-0.58596,0.22549,-0.75019,-0.03000,
1703614913046449664,2.72276,46.63322,4.80081,0.08796,-0.11048,0.79865,-0.58499,0.17426,-0.73820,0.02773,
1703614913179887104,2.74568,46.53521,4.80332,0.08795,-0.10937,0.79774,-0.58645,0.15896,-0.77857,-0.02392,
1703614913313324544,2.76899,46.43304,4.80206,0.08837,-0.10872,0.79853,-0.58543,0.14589,-0.74991,0.03082,
1703614913446761728,2.79011,46.33198,4.80220,0.08745,-0.10785,0.79869,-0.58550,0.18542,-0.75770,0.01142,
1703614913580199680,2.81646,46.23301,4.80582,0.08594,-0.10741,0.79851,-0.58605,0.24630,-0.74775,-0.01078,
1703614913713637632,2.84767,46.13342,4.80378,0.08402,-0.10732,0.79930,-0.58527,0.23399,-0.77627,-0.02169,
1703614913847075584,2.87876,46.03964,4.81059,0.08873,-0.10906,0.79789,-0.58618,0.22132,-0.71232,0.00514,
1703614913980506880,2.90142,45.93889,4.80879,0.09289,-0.11052,0.79856,-0.58435,0.04954,-0.72181,0.05802,
1703614914113936384,2.90125,45.83883,4.81242,0.08756,-0.10403,0.79813,-0.58694,0.00756,-0.79829,-0.06106,
1703614914247366400,2.90845,45.73023,4.80546,0.08092,-0.09715,0.79981,-0.58678,0.23767,-0.79351,-0.07686,
1703614914380796416,2.94886,45.63278,4.80576,0.08260,-0.10095,0.80028,-0.58527,0.39531,-0.59781,0.09276,
1703614914514226432,2.99665,45.56012,4.81944,0.09231,-0.10894,0.79566,-0.58867,0.23479,-0.58415,0.04890,
1703614914647656192,3.00439,45.47423,4.81879,0.09611,-0.10582,0.79549,-0.58887,-0.09602,-0.66868,0.03783,
1703614914781086464,2.99384,45.37499,4.81672,0.09067,-0.09724,0.79735,-0.58869,0.03416,-0.76222,-0.05060,
1703614914914515968,3.01891,45.27227,4.80602,0.08524,-0.09773,0.79954,-0.58645,0.34217,-0.73276,-0.03702,
1703614915047944704,3.06572,45.17757,4.80823,0.08888,-0.10234,0.79858,-0.58642,0.36351,-0.70715,0.02739,
1703614915181373696,3.10414,45.08565,4.81726,0.09112,-0.10566,0.79686,-0.58783,0.18206,-0.69434,0.06118,
1703614915381516800,3.13460,44.93245,4.81188,0.09007,-0.10365,0.79795,-0.58688,0.17275,-0.83388,-0.09056,
1703614915514945280,3.16454,44.82370,4.80658,0.09039,-0.10394,0.79892,-0.58545,0.27381,-0.84478,-0.03773,
1703614915648374016,3.19436,44.71125,4.80900,0.09146,-0.10345,0.79884,-0.58548,0.16249,-0.88521,0.00901,
1703614915848517120,3.22088,44.53518,4.80469,0.08767,-0.09969,0.80066,-0.58422,0.12864,-0.86974,-0.03375,
1703614915981941504,3.24088,44.41886,4.80649,0.08552,-0.09681,0.80084,-0.58479,0.26853,-0.84528,0.00806,
1703614916115364864,3.28407,44.30754,4.80202,0.08819,-0.10135,0.80119,-0.58313,0.30292,-0.82233,0.02749,
1703614916248787968,3.31882,44.19428,4.80447,0.09065,-0.10346,0.80024,-0.58369,0.21035,-0.89807,-0.04609,
1703614916382210816,3.34743,44.07071,4.79888,0.08863,-0.10105,0.80167,-0.58246,0.18300,-0.87072,0.02716,
1703614916515633664,3.38873,43.95007,4.79393,0.09086,-0.10264,0.80325,-0.57965,0.37733,-0.85509,-0.05812,
1703614916649056512,3.43041,43.84016,4.79195,0.09721,-0.10770,0.80393,-0.57676,0.19967,-0.84837,-0.00553,
1703614916782478848,3.44187,43.72372,4.79638,0.09171,-0.10373,0.80067,-0.58289,-0.07412,-0.91781,0.04999,
1703614916915904000,3.45003,43.59236,4.79424,0.08675,-0.09367,0.80235,-0.58304,0.24098,-0.97824,-0.05493,
1703614917049334784,3.49005,43.47018,4.79614,0.08642,-0.09735,0.80254,-0.58223,0.34162,-0.89543,0.01527,
1703614917182765824,3.52272,43.35297,4.79296,0.08949,-0.10038,0.80174,-0.58235,0.23174,-0.96505,-0.07480,
1703614917316196352,3.54252,43.22701,4.79708,0.08630,-0.09846,0.80095,-0.58424,0.09452,-0.94976,0.04301,
1703614917449627136,3.55919,43.09487,4.79264,0.08582,-0.09450,0.80217,-0.58330,0.21729,-0.95681,0.00057,
1703614917583058432,3.58684,42.97144,4.79467,0.08566,-0.09535,0.80249,-0.58273,0.17010,-0.92819,0.01583,
1703614917716489216,3.61627,42.84022,4.78657,0.08566,-0.09520,0.80419,-0.58042,0.26414,-1.00525,-0.05552,
1703614917916635392,3.66214,42.64635,4.78864,0.08565,-0.09428,0.80337,-0.58169,0.23060,-0.96967,-0.00940,
1703614918050065664,3.70374,42.52248,4.79309,0.08763,-0.09682,0.80259,-0.58206,0.32428,-0.92550,0.04251,
1703614918183495680,3.73348,42.40223,4.79566,0.08888,-0.09609,0.80185,-0.58302,0.20446,-0.91827,0.02264,
1703614918316925952,3.75887,42.27347,4.79761,0.08639,-0.09502,0.80170,-0.58377,0.14621,-0.90316,0.06668,
1703614918450356224,3.78284,42.14498,4.79372,0.08694,-0.09258,0.80204,-0.58361,0.32327,-1.00523,-0.12479,
1703614918583786752,3.83745,42.01697,4.78517,0.09055,-0.09891,0.80321,-0.58041,0.34197,-0.94611,0.02139,
1703614918717216768,3.86963,41.89056,4.78854,0.08924,-0.09958,0.80221,-0.58188,0.16021,-0.97219,0.02238,
1703614918850647296,3.88553,41.75932,4.78952,0.08538,-0.09448,0.80228,-0.58321,0.17604,-0.97747,-0.01715,
1703614918984078336,3.92180,41.62899,4.78490,0.08538,-0.09500,0.80322,-0.58183,0.34178,-0.94080,0.01655,
1703614919117509888,3.96192,41.50662,4.78619,0.08888,-0.09836,0.80265,-0.58154,0.27765,-0.91544,0.01115,
1703614919250941184,3.99377,41.37889,4.78348,0.08820,-0.09903,0.80295,-0.58110,0.19356,-0.95097,-0.00437,
1703614919384372736,4.01514,41.25443,4.78564,0.08785,-0.09578,0.80226,-0.58266,0.16700,-0.96612,-0.03473,
1703614919517804032,4.03989,41.12521,4.78253,0.08434,-0.09484,0.80326,-0.58195,0.18526,-0.90991,0.05423,
1703614919651235840,4.07220,41.00168,4.78422,0.08470,-0.09527,0.80248,-0.58291,0.34607,-0.95431,-0.05792,
1703614919784667392,4.11439,40.87729,4.78436,0.08755,-0.09855,0.80270,-0.58164,0.23449,-0.89122,0.02793,
1703614919918097920,4.14416,40.74983,4.77597,0.08890,-0.09867,0.80378,-0.57991,0.19975,-0.95832,-0.07454,
1703614920051525120,4.16462,40.62664,4.77414,0.08628,-0.09684,0.80426,-0.57995,0.17427,-0.88655,0.01797,
1703614920184952320,4.20090,40.50375,4.77671,0.08533,-0.09622,0.80332,-0.58150,0.38459,-0.94108,-0.02743,
1703614920318379008,4.24432,40.38053,4.77884,0.08669,-0.09853,0.80212,-0.58256,0.27865,-0.94513,-0.00347,
1703614920451805696,4.27551,40.25553,4.77517,0.08749,-0.09998,0.80327,-0.58061,0.13546,-0.94057,0.00163,
1703614920585232384,4.29204,40.13048,4.77687,0.08601,-0.09708,0.80296,-0.58175,0.10238,-0.97866,-0.01637,
1703614920718658560,4.31087,40.00508,4.78361,0.08796,-0.09348,0.80202,-0.58335,0.23078,-0.92427,0.01697,
1703614920852084992,4.34435,39.88597,4.78588,0.08794,-0.09535,0.80170,-0.58349,0.25312,-0.87991,0.02433,
1703614920985513728,4.38521,39.76067,4.77837,0.08593,-0.09759,0.80255,-0.58225,0.31318,-0.91024,0.00849,
1703614921118942976,4.42198,39.63819,4.77933,0.08747,-0.09838,0.80256,-0.58186,0.24833,-0.93330,-0.04364,
1703614921252371968,4.44834,39.51545,4.77769,0.08770,-0.09880,0.80254,-0.58178,0.15202,-0.91383,0.01533,
1703614921385801216,4.46459,39.38872,4.77374,0.08442,-0.09548,0.80340,-0.58164,0.10172,-0.96209,-0.03221,
1703614921519230464,4.48524,39.26137,4.77424,0.08417,-0.09231,0.80361,-0.58190,0.24984,-0.91712,-0.01265,
1703614921652659456,4.51800,39.14056,4.77210,0.08400,-0.09480,0.80255,-0.58299,0.24647,-0.94886,-0.05086,
1703614921786088448,4.54737,39.01117,4.76614,0.08084,-0.09482,0.80406,-0.58134,0.20286,-0.91644,0.04472,
1703614921919517696,4.58165,38.88685,4.76759,0.08109,-0.09494,0.80347,-0.58210,0.26623,-0.96900,-0.05442,
1703614922119662336,4.62449,38.70271,4.77252,0.08351,-0.09636,0.80222,-0.58325,0.12479,-0.94505,-0.01642,
1703614922253092352,4.64485,38.58015,4.77468,0.08450,-0.09479,0.80245,-0.58306,0.13282,-0.88593,0.03976,
1703614922386522112,4.66621,38.45516,4.76967,0.08318,-0.09239,0.80339,-0.58233,0.21792,-0.92652,-0.04612,
1703614922519951872,4.70217,38.33292,4.76830,0.08374,-0.09445,0.80393,-0.58117,0.30252,-0.86713,0.00908,
1703614922653381888,4.74156,38.21862,4.77143,0.08380,-0.09724,0.80217,-0.58314,0.30900,-0.91846,-0.03662,
1703614922786811904,4.77897,38.09696,4.77016,0.08215,-0.09755,0.80285,-0.58238,0.26891,-0.87635,0.06490,
1703614922920239872,4.81725,37.97765,4.77140,0.08471,-0.09829,0.80189,-0.58321,0.27015,-0.91931,-0.02345,
1703614923053664768,4.85068,37.85959,4.77205,0.08762,-0.10028,0.80161,-0.58283,0.18550,-0.87227,0.01845,
1703614923187089664,4.87444,37.73703,4.76945,0.08754,-0.09876,0.80169,-0.58298,0.17969,-0.96868,-0.06506,
1703614923320514048,4.90462,37.61187,4.76394,0.08579,-0.09760,0.80311,-0.58149,0.27792,-0.84964,0.06391,
1703614923453938432,4.94718,37.50337,4.77379,0.08753,-0.10074,0.80006,-0.58488,0.32073,-0.88740,-0.06944,
1703614923587362560,4.99027,37.38719,4.76812,0.08492,-0.10375,0.80031,-0.58440,0.30282,-0.86822,0.00952,
1703614923720786688,5.03308,37.27564,4.77142,0.08732,-0.10532,0.79997,-0.58423,0.39281,-0.83174,-0.02584,
1703614923854210560,5.07052,37.16584,4.77209,0.08731,-0.10748,0.80001,-0.58378,0.18777,-0.81040,0.02911,
1703614923987639808,5.10107,37.06520,4.77607,0.09278,-0.10850,0.79994,-0.58284,0.21330,-0.73510,0.02197,
1703614924121070592,5.12600,36.96677,4.77517,0.09637,-0.10934,0.80014,-0.58184,0.09613,-0.76564,-0.01998,
1703614924254501120,5.13808,36.86430,4.77885,0.09336,-0.10456,0.79936,-0.58428,0.12613,-0.76910,0.01333,
1703614924387931904,5.16802,36.76128,4.77552,0.09004,-0.10185,0.79951,-0.58507,0.37429,-0.79569,-0.10987,
1703614924521362432,5.22254,36.65896,4.76952,0.09178,-0.10818,0.79981,-0.58324,0.37060,-0.69948,0.06597,
1703614924654793472,5.25433,36.55460,4.76877,0.09443,-0.11072,0.79941,-0.58290,0.09858,-0.82613,-0.04358,
1703614924788224256,5.26019,36.44569,4.76887,0.09152,-0.10609,0.80014,-0.58322,0.01037,-0.82318,-0.01756,
1703614924921654784,5.27037,36.33677,4.76978,0.09103,-0.10061,0.80099,-0.58309,0.18413,-0.79331,-0.01133,
1703614925055084288,5.30577,36.24033,4.77565,0.09138,-0.10331,0.79969,-0.58436,0.24942,-0.71306,0.00962,
1703614925255228672,5.34712,36.08662,4.76800,0.08955,-0.10313,0.79997,-0.58429,0.21965,-0.89067,-0.13066,
1703614925388658432,5.38006,35.97557,4.76175,0.08928,-0.10382,0.80185,-0.58162,0.23605,-0.75505,0.04539,
1703614925522087936,5.40764,35.87471,4.76827,0.09351,-0.10482,0.80127,-0.58158,0.16847,-0.73289,0.04575,
1703614925655517696,5.42381,35.77764,4.77336,0.09276,-0.10430,0.80019,-0.58328,0.10290,-0.80044,-0.04419,
1703614925788947200,5.44090,35.67036,4.76961,0.09009,-0.10075,0.80125,-0.58286,0.21891,-0.79436,-0.01937,
1703614925922376704,5.48157,35.56239,4.76450,0.08638,-0.10229,0.80195,-0.58220,0.40287,-0.83055,-0.04226,
1703614926055806976,5.53061,35.46142,4.76429,0.08997,-0.10749,0.80164,-0.58115,0.32039,-0.77165,-0.00074,
1703614926189237248,5.55549,35.35977,4.76830,0.09050,-0.10904,0.80120,-0.58138,0.01942,-0.80289,-0.00705,
1703614926322667520,5.55569,35.24747,4.76885,0.08794,-0.10188,0.80235,-0.58148,0.06486,-0.80235,0.00305,
1703614926456097536,5.57381,35.13741,4.76311,0.08399,-0.09890,0.80246,-0.58243,0.26848,-0.90899,-0.13263,
1703614926589527808,5.62011,35.01992,4.75813,0.08558,-0.10239,0.80302,-0.58081,0.33788,-0.86115,0.03141,
1703614926789673216,5.67604,34.84226,4.75652,0.08642,-0.10593,0.80260,-0.58064,0.16707,-0.96699,-0.05797,
1703614926923104512,5.68968,34.71290,4.75142,0.08386,-0.10069,0.80454,-0.57926,0.07973,-0.96757,0.01573,
1703614927056538368,5.70712,34.59325,4.76298,0.08348,-0.09733,0.80217,-0.58317,0.18671,-0.96452,-0.06382,
1703614927189972224,5.73021,34.45901,4.75283,0.07845,-0.09532,0.80323,-0.58273,0.21672,-0.98276,0.04926,
1703614927323406336,5.77069,34.32305,4.75119,0.07819,-0.09583,0.80383,-0.58185,0.38903,-0.98694,-0.03010,
1703614927456840192,5.82072,34.19361,4.75070,0.08185,-0.10229,0.80404,-0.57996,0.21535,-0.92571,0.07883,
1703614927590274560,5.84562,34.06764,4.75537,0.08185,-0.10096,0.80257,-0.58223,0.11297,-1.01125,-0.02799,
1703614927723709440,5.85999,33.93410,4.75880,0.07832,-0.09467,0.80235,-0.58408,0.18997,-1.04095,-0.06064,
1703614927857143808,5.90086,33.79621,4.75014,0.07772,-0.09599,0.80455,-0.58090,0.38100,-0.95176,0.03569,
1703614927990577664,5.95516,33.66534,4.74647,0.08000,-0.10199,0.80428,-0.57994,0.39868,-1.00053,-0.01350,
1703614928124011264,5.99199,33.54093,4.75159,0.08299,-0.10286,0.80237,-0.58202,0.13493,-0.95103,0.06261,
1703614928257445120,6.00432,33.40043,4.75723,0.08122,-0.09755,0.80210,-0.58354,0.05528,-1.07557,-0.02770,
1703614928390879232,6.01731,33.25766,4.75203,0.07802,-0.09325,0.80247,-0.58417,0.20257,-1.07096,-0.01351,
1703614928524313088,6.06177,33.11755,4.75232,0.07911,-0.09515,0.80268,-0.58344,0.40317,-1.06274,-0.02195,
1703614928657746944,6.12071,32.98072,4.74978,0.08098,-0.10158,0.80262,-0.58217,0.34770,-1.02996,-0.02295,
1703614928791181312,6.15974,32.84092,4.74967,0.08175,-0.10144,0.80199,-0.58296,0.31136,-1.06069,0.05517,
1703614928924615936,6.19904,32.70098,4.74975,0.08018,-0.10107,0.80158,-0.58381,0.31826,-1.05700,-0.00455,
1703614929058052352,6.24657,32.55926,4.74806,0.08254,-0.10413,0.80249,-0.58168,0.32217,-1.01530,0.00284,
1703614929191488768,6.28310,32.42418,4.75365,0.08629,-0.10488,0.80103,-0.58301,0.22019,-1.02072,0.04106,
1703614929324925440,6.32343,32.28916,4.75141,0.08463,-0.10584,0.80044,-0.58390,0.23789,-1.04398,-0.07420,
1703614929458362624,6.35472,32.15199,4.75148,0.08480,-0.10236,0.80122,-0.58341,0.27227,-1.02827,0.04622,
1703614929658518528,6.40574,31.95589,4.75547,0.08772,-0.10317,0.80066,-0.58362,0.23995,-1.04119,-0.09499,
1703614929791955968,6.43325,31.81902,4.74283,0.09141,-0.10416,0.80311,-0.57949,0.11822,-0.95829,-0.01306,
1703614929925391872,6.45744,31.68721,4.74393,0.09118,-0.10285,0.80213,-0.58111,0.27259,-0.93834,-0.03576,
1703614930058820608,6.49423,31.56008,4.74515,0.08961,-0.10249,0.80134,-0.58251,0.37560,-0.95598,-0.00302,
1703614930192249856,6.54625,31.43756,4.74358,0.09073,-0.10614,0.80108,-0.58204,0.40498,-0.85763,0.07394,
1703614930325679104,6.58106,31.31046,4.74760,0.08866,-0.10687,0.80023,-0.58340,0.18793,-1.02437,-0.08700,
1703614930459107840,6.59485,31.18107,4.74748,0.08714,-0.10294,0.80059,-0.58383,0.11411,-0.98073,-0.02669,
1703614930592536832,6.61689,31.04512,4.74135,0.08527,-0.10136,0.80260,-0.58163,0.25037,-0.94146,0.02377,
1703614930725965824,6.65452,30.92532,4.74592,0.08631,-0.10291,0.80116,-0.58318,0.32503,-0.94784,-0.01578,
1703614930859394560,6.70006,30.79976,4.74527,0.08799,-0.10557,0.80174,-0.58166,0.24425,-0.90311,-0.00008,
1703614930992823808,6.72010,30.67771,4.75435,0.08697,-0.10269,0.79991,-0.58483,-0.03049,-0.94660,0.11646,
1703614931126252544,6.72553,30.54715,4.75677,0.08637,-0.09567,0.80145,-0.58401,0.08072,-0.93789,-0.09782,
1703614931259681792,6.74272,30.41894,4.74736,0.08685,-0.09471,0.80372,-0.58097,0.11483,-0.90560,0.02236,
1703614931393110528,6.76155,30.29850,4.75330,0.08755,-0.09338,0.80188,-0.58361,0.15271,-0.88350,0.03119,
1703614931526539520,6.79106,30.17933,4.75136,0.08511,-0.09151,0.80229,-0.58370,0.31752,-0.92012,-0.07359,
1703614931659968256,6.83253,30.06182,4.74981,0.08294,-0.09372,0.80137,-0.58494,0.29676,-0.91343,0.00095,
1703614931793397248,6.87244,29.94316,4.74625,0.08218,-0.09670,0.80184,-0.58391,0.23421,-0.87404,0.01903,
1703614931926825472,6.90658,29.82339,4.74701,0.08499,-0.09784,0.80209,-0.58297,0.21294,-0.85659,0.08693,
1703614932060250624,6.93004,29.70402,4.75070,0.08612,-0.09711,0.80177,-0.58337,0.12650,-0.90132,0.00511,
1703614932193675520,6.95003,29.58280,4.75263,0.08494,-0.09491,0.80198,-0.58362,0.16179,-0.90151,-0.01406,
1703614932327100160,6.97703,29.46245,4.75321,0.08263,-0.09381,0.80191,-0.58422,0.30015,-0.88682,0.00473,
1703614932460524800,7.02120,29.34949,4.75636,0.08608,-0.09709,0.80111,-0.58429,0.37930,-0.82398,-0.00100,
1703614932593949440,7.06457,29.23290,4.75500,0.08722,-0.10056,0.80061,-0.58421,0.23559,-0.89337,-0.01980,
1703614932727373312,7.09270,29.11766,4.75488,0.08792,-0.09968,0.80134,-0.58325,0.24792,-0.87113,-0.02780,
1703614932860797440,7.13069,29.00897,4.75630,0.08946,-0.10219,0.80137,-0.58255,0.27211,-0.73871,0.05802,
1703614932994224896,7.15868,28.90829,4.76567,0.09468,-0.10218,0.79998,-0.58363,0.11008,-0.74096,0.12581,
1703614933127653632,7.17230,28.80863,4.77222,0.09321,-0.09965,0.79931,-0.58522,0.00693,-0.80251,-0.01523,
1703614933261082112,7.18038,28.69640,4.76157,0.08843,-0.09464,0.80196,-0.58317,0.15803,-0.80795,-0.04759,
1703614933394511104,7.21928,28.59980,4.76192,0.09113,-0.09813,0.80131,-0.58307,0.32996,-0.70213,0.02922,
1703614933527939840,7.26152,28.50417,4.76103,0.09262,-0.10348,0.80006,-0.58362,0.20220,-0.76453,0.01098,
1703614933661368064,7.28553,28.40128,4.76337,0.09169,-0.10102,0.79984,-0.58450,0.17546,-0.79011,-0.04851,
1703614933794797056,7.31148,28.29613,4.75874,0.08825,-0.09890,0.80073,-0.58418,0.25942,-0.79937,-0.00850,
1703614933928225280,7.34656,28.19596,4.76008,0.09257,-0.10102,0.80071,-0.58317,0.29231,-0.72993,0.03746,
1703614934061652992,7.37916,28.10339,4.76861,0.10068,-0.10606,0.79865,-0.58376,0.16712,-0.71108,0.04382,
1703614934195080192,7.38870,28.01032,4.77605,0.10388,-0.10275,0.79736,-0.58556,0.05324,-0.72674,0.01612,
1703614934328507904,7.39904,27.90593,4.76934,0.09822,-0.09777,0.79969,-0.58421,0.17521,-0.76931,-0.03389,
1703614934461935360,7.44217,27.81832,4.77443,0.10186,-0.10110,0.79881,-0.58421,0.43005,-0.59499,0.09436,
1703614934595362560,7.49259,27.73758,4.77770,0.10837,-0.10867,0.79729,-0.58376,0.25321,-0.63645,0.02386,
1703614934728789760,7.51546,27.64459,4.77698,0.10759,-0.10817,0.79730,-0.58399,0.08727,-0.74292,-0.03712,
1703614934862216960,7.52841,27.55245,4.78111,0.10547,-0.10341,0.79767,-0.58473,0.15909,-0.64185,0.04278,
1703614934995645440,7.56394,27.46666,4.78301,0.10630,-0.10490,0.79706,-0.58514,0.41063,-0.65187,-0.00272,
1703614935129074688,7.61567,27.38121,4.78023,0.10781,-0.11090,0.79658,-0.58441,0.33492,-0.68735,-0.01053,
1703614935262503424,7.65309,27.28639,4.77729,0.10973,-0.11337,0.79747,-0.58236,0.14059,-0.72919,-0.02560,
1703614935395932416,7.66593,27.18719,4.77614,0.10931,-0.11039,0.79835,-0.58181,0.07116,-0.73434,0.01638,
1703614935529361152,7.68422,27.08716,4.77587,0.10801,-0.10705,0.79864,-0.58228,0.28228,-0.71126,0.03666,
1703614935662790400,7.73088,26.99347,4.77812,0.10917,-0.11098,0.79737,-0.58307,0.38697,-0.71997,-0.03655,
1703614935796219136,7.77174,26.89510,4.77981,0.10748,-0.11334,0.79714,-0.58325,0.22658,-0.73271,0.05294,
1703614935929647872,7.80032,26.79710,4.78307,0.10876,-0.11263,0.79683,-0.58356,0.19575,-0.71515,0.05745,
1703614936063076608,7.82397,26.69825,4.78724,0.11122,-0.11185,0.79537,-0.58525,0.17330,-0.78426,-0.02580,
1703614936196505344,7.84383,26.59241,4.78625,0.11197,-0.11024,0.79650,-0.58387,0.12676,-0.75433,0.02920,
1703614936329934080,7.86886,26.48765,4.77954,0.11150,-0.10933,0.79851,-0.58138,0.23684,-0.73173,-0.03253,
1703614936463362816,7.90302,26.39118,4.78271,0.11399,-0.11037,0.79745,-0.58215,0.26696,-0.76688,-0.01180,
1703614936596791552,7.92917,26.28989,4.78335,0.11097,-0.10928,0.79751,-0.58286,0.15831,-0.77274,0.01176,
1703614936730220288,7.95666,26.18684,4.78398,0.11169,-0.10818,0.79841,-0.58169,0.24411,-0.73701,0.04312,
1703614936863648768,7.98608,26.08753,4.78842,0.11241,-0.11049,0.79757,-0.58227,0.17251,-0.79393,-0.02905,
1703614936997077760,8.00457,25.98563,4.78993,0.11275,-0.10728,0.79809,-0.58210,0.19942,-0.73203,0.03964,
1703614937130506240,8.03630,25.88314,4.78617,0.11297,-0.10720,0.79874,-0.58118,0.23953,-0.78234,-0.00390,
1703614937263935232,8.06072,25.77650,4.78284,0.11095,-0.10631,0.79897,-0.58140,0.17633,-0.80493,-0.01089,
1703614937397363968,8.08541,25.66308,4.77735,0.10694,-0.10526,0.79925,-0.58197,0.20078,-0.91424,-0.09946,
1703614937530792704,8.11740,25.54714,4.77837,0.10522,-0.10430,0.79906,-0.58271,0.27532,-0.84882,0.02526,
1703614937664221440,8.15804,25.43380,4.78203,0.10633,-0.10519,0.79851,-0.58310,0.27807,-0.80490,0.10798,
1703614937797650176,8.19228,25.32011,4.78771,0.10681,-0.10557,0.79764,-0.58413,0.21481,-0.88861,-0.03845,
1703614937931079168,8.21281,25.20135,4.78984,0.10618,-0.10237,0.79799,-0.58434,0.13245,-0.88267,0.00402,
1703614938064508672,8.24756,25.08115,4.78632,0.10684,-0.10377,0.79939,-0.58207,0.30110,-0.87248,-0.02663,
1703614938197938432,8.28432,24.96180,4.78224,0.10724,-0.10586,0.80006,-0.58069,0.21842,-0.90101,-0.02389,
1703614938331368448,8.31051,24.84349,4.78608,0.10317,-0.10308,0.79952,-0.58267,0.20150,-0.87242,0.07125,
1703614938464798208,8.34800,24.72192,4.78355,0.10370,-0.10228,0.80012,-0.58188,0.33450,-0.94172,-0.06207,
1703614938598227712,8.38422,24.59478,4.78034,0.10602,-0.10347,0.80096,-0.58011,0.19191,-0.99531,-0.06147,
1703614938731657728,8.40153,24.46887,4.78331,0.10696,-0.10106,0.80071,-0.58070,0.07132,-0.98375,0.00028,
1703614938865087488,8.41520,24.33797,4.78023,0.10429,-0.09606,0.80175,-0.58060,0.19527,-0.96227,-0.02620,
1703614938998514432,8.44943,24.21036,4.78278,0.10530,-0.09568,0.80173,-0.58050,0.31573,-0.90799,0.07755,
1703614939131940096,8.49019,24.08695,4.78314,0.10417,-0.09864,0.80091,-0.58135,0.25564,-1.00725,-0.03172,
1703614939265366016,8.52287,23.95329,4.78268,0.10195,-0.09659,0.80105,-0.58189,0.27238,-1.00452,-0.01159,
1703614939398791424,8.56419,23.82197,4.78275,0.10237,-0.09768,0.80177,-0.58064,0.33292,-0.94440,0.02361,
1703614939532216576,8.60438,23.69809,4.78669,0.10324,-0.09979,0.80054,-0.58182,0.20982,-0.95801,0.01220,
1703614939665641728,8.63745,23.56342,4.78219,0.10347,-0.09929,0.80216,-0.57963,0.21049,-0.93800,0.06022,
1703614939799066624,8.66464,23.43537,4.78745,0.10223,-0.09617,0.80039,-0.58282,0.28184,-0.98836,-0.00925,
1703614939932492544,8.70727,23.30576,4.78599,0.10116,-0.09772,0.80029,-0.58288,0.38038,-0.98185,-0.03047,
1703614940065921024,8.75172,23.17664,4.78148,0.10112,-0.10006,0.80073,-0.58189,0.28262,-1.00637,-0.01327,
1703614940199349760,8.78197,23.04453,4.78282,0.09947,-0.10035,0.80052,-0.58241,0.10885,-1.03941,0.02671,
1703614940332778496,8.79938,22.90217,4.78132,0.09961,-0.09581,0.80164,-0.58161,0.16393,-1.06783,-0.02333,
1703614940466207232,8.81920,22.76886,4.78537,0.09946,-0.09305,0.80075,-0.58331,0.18361,-1.01420,-0.02095,
1703614940599635712,8.85053,22.62762,4.77886,0.09735,-0.09295,0.80234,-0.58150,0.26315,-0.97501,0.08833,
1703614940733064448,8.88578,22.49478,4.78026,0.09580,-0.09309,0.80133,-0.58312,0.23541,-1.05992,-0.10931,
1703614940866493184,8.91176,22.36274,4.78604,0.09623,-0.09110,0.80096,-0.58387,0.19455,-0.99071,0.04837,
1703614941066636288,8.95333,22.16260,4.78519,0.09558,-0.09053,0.80133,-0.58356,0.10962,-1.02716,0.04421,
1703614941200065024,8.97632,22.02268,4.77895,0.09141,-0.08788,0.80334,-0.58187,0.22172,-1.07027,-0.15109,
1703614941400207872,9.03109,21.82355,4.77432,0.08929,-0.08921,0.80448,-0.58041,0.32738,-0.85706,0.08847,
1703614941533636608,9.07772,21.70617,4.78101,0.09252,-0.09285,0.80250,-0.58208,0.30996,-0.93327,-0.03478,
1703614941667065088,9.10595,21.57266,4.77238,0.08805,-0.09188,0.80412,-0.58069,0.14762,-0.96416,0.00924,
1703614941800494080,9.12915,21.44205,4.77885,0.08753,-0.08880,0.80330,-0.58238,0.21117,-1.00150,-0.04048,
1703614941933922304,9.15910,21.31192,4.77831,0.08958,-0.08878,0.80352,-0.58177,0.29771,-0.91758,0.04153,
1703614942067350784,9.19993,21.18509,4.77804,0.08844,-0.09160,0.80334,-0.58175,0.34045,-0.87796,0.03303,
1703614942200779264,9.24467,21.05997,4.77679,0.08983,-0.09334,0.80289,-0.58188,0.40986,-0.95175,-0.05158,
1703614942334207744,9.28874,20.94568,4.77871,0.09444,-0.09684,0.80229,-0.58140,0.23715,-0.88563,0.03447,
1703614942467636224,9.31096,20.81544,4.76574,0.08870,-0.09541,0.80547,-0.57814,0.02298,-1.01132,-0.09131,
1703614942601064448,9.32545,20.69506,4.77137,0.08983,-0.08950,0.80484,-0.57978,0.30529,-0.85812,0.04114,
1703614942734492928,9.36849,20.57162,4.76843,0.09353,-0.09286,0.80503,-0.57841,0.38085,-0.89515,0.02608,
1703614942867921152,9.40697,20.46274,4.78145,0.09807,-0.09655,0.80221,-0.58096,0.17381,-0.83760,0.10952,
1703614943001350144,9.43760,20.34249,4.78296,0.09505,-0.09577,0.80194,-0.58197,0.27645,-0.93240,-0.10519,
1703614943134779392,9.47612,20.22277,4.77988,0.09208,-0.09505,0.80242,-0.58190,0.30911,-0.87610,0.00277,
1703614943268208640,9.52453,20.11327,4.78284,0.09375,-0.10012,0.80161,-0.58190,0.31331,-0.79249,0.01470,
1703614943401638144,9.55566,19.99972,4.78361,0.09646,-0.10141,0.80144,-0.58146,0.17950,-0.84579,0.00520,
1703614943535067648,9.57112,19.88324,4.78109,0.09461,-0.09816,0.80185,-0.58176,0.07351,-0.91405,-0.03787,
1703614943668497152,9.58654,19.76653,4.78109,0.09141,-0.09485,0.80195,-0.58269,0.16489,-0.86482,0.02729,
1703614943801926656,9.62071,19.64543,4.77754,0.09024,-0.09566,0.80248,-0.58201,0.33012,-0.87777,-0.00895,
1703614943935356160,9.66592,19.52787,4.77904,0.08966,-0.09886,0.80212,-0.58206,0.25743,-0.86450,0.01551,
1703614944068787456,9.69586,19.40923,4.77770,0.09120,-0.09851,0.80236,-0.58155,0.14366,-0.91035,-0.01321,
1703614944202218752,9.71142,19.29252,4.78169,0.08986,-0.09569,0.80132,-0.58365,0.07490,-0.90717,-0.02648,
1703614944335650304,9.73314,19.16871,4.78149,0.08888,-0.09221,0.80223,-0.58312,0.22859,-0.83442,0.07164,
1703614944469081856,9.76908,19.04851,4.78159,0.08903,-0.09314,0.80164,-0.58376,0.26947,-0.87895,-0.00764,
1703614944602513408,9.79837,18.93290,4.78121,0.09173,-0.09433,0.80203,-0.58262,0.17874,-0.90067,-0.04369,
1703614944735944960,9.81141,18.81952,4.78110,0.09016,-0.09225,0.80228,-0.58285,0.04442,-0.90583,-0.05988,
1703614944869377024,9.82737,18.70161,4.77576,0.08655,-0.08914,0.80359,-0.58206,0.14840,-0.88671,-0.02768,
1703614945002808320,9.85623,18.58234,4.77557,0.08619,-0.08859,0.80430,-0.58123,0.24549,-0.83517,0.07590,
1703614945136239616,9.88546,18.46683,4.77974,0.08801,-0.08963,0.80362,-0.58173,0.20928,-0.83709,0.03709,
1703614945269670656,9.90354,18.34863,4.78181,0.08858,-0.08822,0.80343,-0.58213,0.09589,-0.91287,-0.05231,
1703614945403102208,9.91595,18.22554,4.78111,0.08472,-0.08513,0.80325,-0.58341,0.12800,-0.92146,-0.02560,
1703614945536533504,9.94456,18.10120,4.77750,0.08071,-0.08375,0.80344,-0.58392,0.28754,-0.91550,-0.05806,
1703614945669965312,9.98731,17.98649,4.78047,0.08083,-0.08662,0.80339,-0.58355,0.27022,-0.82138,0.13359,
1703614945803396864,10.02263,17.87755,4.78496,0.08305,-0.09062,0.80197,-0.58458,0.18813,-0.92000,-0.11271,
1703614945936828416,10.04798,17.75932,4.78080,0.08273,-0.09070,0.80315,-0.58299,0.22765,-0.87939,0.02413,
1703614946070258944,10.07785,17.63938,4.78157,0.08153,-0.09000,0.80274,-0.58383,0.24552,-0.93221,-0.05495,
1703614946203689216,10.11849,17.51502,4.77531,0.08120,-0.09290,0.80407,-0.58159,0.32055,-0.90764,-0.04211,
1703614946337119488,10.15603,17.39829,4.77730,0.08351,-0.09532,0.80349,-0.58167,0.24248,-0.88800,-0.01088,
1703614946470550016,10.18247,17.28259,4.77603,0.08524,-0.09401,0.80405,-0.58087,0.19172,-0.81163,0.04660,
1703614946603980544,10.21847,17.16779,4.77980,0.08774,-0.09441,0.80295,-0.58194,0.28664,-0.86174,0.00256,
1703614946737410816,10.25475,17.05391,4.78305,0.08822,-0.09569,0.80192,-0.58308,0.27976,-0.85763,0.02055,
1703614946870841600,10.29341,16.94047,4.78848,0.09086,-0.09639,0.80163,-0.58297,0.27990,-0.80043,0.09343,
1703614947004271872,10.32796,16.83433,4.79249,0.09265,-0.09935,0.80116,-0.58283,0.17282,-0.80948,-0.00056,
1703614947137702656,10.33728,16.71762,4.78973,0.08792,-0.09585,0.80230,-0.58258,0.02977,-0.89401,-0.08305,
1703614947271133184,10.36104,16.60107,4.78619,0.08592,-0.09357,0.80240,-0.58311,0.39101,-0.88534,-0.05587,
1703614947404563712,10.42226,16.49424,4.78867,0.09010,-0.10052,0.80123,-0.58293,0.40402,-0.79502,0.02919,
1703614947537994496,10.46233,16.38434,4.78774,0.09266,-0.10455,0.80228,-0.58037,0.16396,-0.80328,-0.01242,
1703614947671425024,10.47601,16.28388,4.79218,0.09370,-0.10378,0.80068,-0.58255,0.00549,-0.78472,0.00855,
1703614947804856064,10.48017,16.17545,4.79097,0.09102,-0.09871,0.80011,-0.58463,0.05486,-0.86335,-0.07914,
1703614947938286336,10.50362,16.06688,4.78832,0.08745,-0.09623,0.80200,-0.58300,0.30430,-0.71713,0.07937,
1703614948071716608,10.55398,15.96772,4.78891,0.08888,-0.10128,0.80108,-0.58319,0.38418,-0.73247,0.02197,
1703614948205146880,10.59625,15.86531,4.78971,0.09091,-0.10503,0.80008,-0.58359,0.31072,-0.76683,0.03644,
1703614948338576896,10.64142,15.76434,4.78650,0.09235,-0.10836,0.80111,-0.58134,0.33684,-0.70451,0.03168,
1703614948472006912,10.68504,15.67525,4.79111,0.09594,-0.11169,0.80024,-0.58132,0.33211,-0.69075,-0.00569,
1703614948605437184,10.72732,15.58010,4.79510,0.10176,-0.11623,0.79848,-0.58186,0.21562,-0.74719,0.00902,
1703614948738867712,10.75188,15.47705,4.79244,0.10419,-0.11529,0.79912,-0.58074,0.13213,-0.79336,-0.02866,
1703614948872297728,10.77466,15.37028,4.79142,0.10365,-0.11252,0.80016,-0.57995,0.14332,-0.76355,0.05245,
1703614949005728512,10.79967,15.26384,4.78979,0.10523,-0.11121,0.80114,-0.57857,0.19026,-0.76711,0.00615,
1703614949139159552,10.82260,15.16172,4.79070,0.10377,-0.11125,0.80010,-0.58026,0.18061,-0.80710,-0.04103,
1703614949272590336,10.85955,15.05291,4.78642,0.09985,-0.11093,0.80084,-0.57998,0.36285,-0.74979,0.03907,
1703614949406021632,10.91387,14.95517,4.79056,0.10199,-0.11501,0.79931,-0.58092,0.44728,-0.76786,-0.07977,
1703614949539452416,10.95782,14.85841,4.78984,0.10908,-0.12110,0.79931,-0.57839,0.20326,-0.72250,0.02758,
1703614949672883456,10.96861,14.76233,4.79259,0.11058,-0.11982,0.79851,-0.57948,-0.00763,-0.78661,-0.03647,
1703614949806314752,10.97878,14.65960,4.79254,0.10803,-0.11386,0.80004,-0.57906,0.15656,-0.73291,0.03305,
1703614949939745792,11.01259,14.56415,4.79622,0.10698,-0.11263,0.79988,-0.57971,0.35271,-0.68049,0.02479,
1703614950073175552,11.06192,14.47698,4.79454,0.10999,-0.11829,0.79931,-0.57881,0.33428,-0.67429,-0.00400,
1703614950206605568,11.09318,14.38331,4.79190,0.10977,-0.12105,0.79920,-0.57842,0.14876,-0.76126,-0.06165,
1703614950340035584,11.11638,14.28250,4.78806,0.10646,-0.11853,0.79997,-0.57850,0.19931,-0.72709,0.02658,
1703614950473465600,11.14214,14.18239,4.78905,0.10263,-0.11626,0.79942,-0.58041,0.15148,-0.78885,-0.00170,
1703614950606895616,11.15909,14.07460,4.78797,0.09908,-0.11366,0.80025,-0.58040,0.04524,-0.81175,-0.00506,
1703614950740325632,11.16255,13.96384,4.78866,0.09721,-0.10858,0.80082,-0.58091,0.01241,-0.83340,-0.00976,
1703614950873755648,11.16806,13.84980,4.78803,0.09465,-0.10427,0.80108,-0.58176,0.08618,-0.89340,-0.03124,
1703614951007185664,11.18267,13.73148,4.78554,0.09323,-0.10182,0.80209,-0.58103,0.15704,-0.88192,-0.00100,
1703614951140615936,11.20666,13.61286,4.78939,0.09437,-0.10035,0.80187,-0.58141,0.19139,-0.85393,0.04121,
1703614951274046464,11.23812,13.49132,4.78889,0.09279,-0.09948,0.80165,-0.58211,0.32369,-0.90265,0.00746,
1703614951407476736,11.29049,13.37379,4.79077,0.09390,-0.10278,0.80109,-0.58213,0.40265,-0.87855,-0.00730,
1703614951540907008,11.33540,13.25727,4.79112,0.09729,-0.10579,0.80108,-0.58104,0.30034,-0.85566,0.03822,
1703614951674337024,11.36671,13.14139,4.79319,0.09906,-0.10639,0.80011,-0.58198,0.21554,-0.94387,-0.09153,
1703614951807767552,11.39399,13.01280,4.78086,0.09365,-0.10410,0.80234,-0.58021,0.25493,-0.93950,-0.01593,
1703614951941197312,11.43806,12.88614,4.77364,0.09086,-0.10587,0.80297,-0.57946,0.35750,-0.93152,0.00204,
1703614952074623232,11.47626,12.76098,4.77824,0.09013,-0.10698,0.80132,-0.58165,0.19874,-0.98195,-0.01274,
1703614952208048128,11.49579,12.62158,4.77378,0.08727,-0.10341,0.80319,-0.58015,0.09772,-1.05178,0.02237,
1703614952341473280,11.50945,12.48768,4.77786,0.08501,-0.09810,0.80268,-0.58211,0.23277,-1.03896,-0.05602,
1703614952474898432,11.55268,12.35256,4.77211,0.08678,-0.10094,0.80371,-0.57994,0.41800,-0.98042,0.00397,
1703614952608323328,11.60429,12.22142,4.77580,0.08946,-0.10603,0.80199,-0.58101,0.33080,-1.00799,0.02206,
1703614952741747968,11.63302,12.08672,4.78024,0.08799,-0.10384,0.80172,-0.58200,0.14097,-1.04070,-0.01461,
1703614952875172864,11.65921,11.94674,4.77266,0.08643,-0.10133,0.80345,-0.58028,0.20866,-1.04749,-0.02488,
1703614953008601344,11.69023,11.81303,4.77791,0.08590,-0.10044,0.80284,-0.58136,0.25371,-0.96261,0.07745,
1703614953142032128,11.72478,11.68288,4.78124,0.08684,-0.10125,0.80266,-0.58133,0.25069,-1.00153,-0.02377,
1703614953275463424,11.75476,11.55488,4.78812,0.08963,-0.10063,0.80217,-0.58169,0.17440,-0.93634,0.07712,
1703614953408894464,11.77534,11.42385,4.78934,0.08562,-0.09802,0.80146,-0.58371,0.12939,-1.04981,-0.02477,
1703614953542326016,11.79889,11.28650,4.78401,0.07860,-0.09461,0.80171,-0.58492,0.21400,-1.06565,-0.05617,
1703614953675757056,11.84067,11.14977,4.78498,0.07869,-0.09579,0.80215,-0.58411,0.38379,-0.98973,0.01029,
1703614953809188352,11.88863,11.00919,4.77250,0.08123,-0.10099,0.80308,-0.58161,0.37217,-1.08220,-0.12657,
1703614953942619904,11.92967,10.87651,4.77393,0.08264,-0.10404,0.80226,-0.58200,0.29645,-1.01230,0.00495,
1703614954076053504,11.96741,10.74393,4.77621,0.08253,-0.10294,0.80160,-0.58312,0.29374,-0.97969,0.03583,
1703614954209487360,12.01565,10.60505,4.76667,0.08388,-0.10377,0.80297,-0.58090,0.37433,-1.07820,-0.06590,
1703614954342921728,12.05931,10.46776,4.76848,0.08498,-0.10522,0.80324,-0.58010,0.30217,-0.96100,0.08521,
1703614954543072768,12.13158,10.26720,4.76752,0.08776,-0.10822,0.80236,-0.58035,0.42893,-1.02715,-0.03794,
1703614954676506880,12.19512,10.13612,4.76610,0.08989,-0.11484,0.80236,-0.57874,0.43063,-0.88847,0.06177,
1703614954809941760,12.24631,10.01062,4.76572,0.09540,-0.11769,0.80190,-0.57794,0.43131,-0.95682,-0.04046,
1703614954943375360,12.27476,9.88985,4.77437,0.09752,-0.11737,0.80084,-0.57912,0.08850,-0.87188,0.10933,
1703614955076797696,12.27788,9.76943,4.78847,0.09496,-0.10963,0.79883,-0.58382,-0.02555,-0.95219,-0.02939,
1703614955210219776,12.29435,9.64751,4.77952,0.09062,-0.10527,0.80129,-0.58193,0.31355,-0.83276,-0.02893,
1703614955343641856,12.35184,9.53627,4.77369,0.09381,-0.11169,0.80186,-0.57944,0.54964,-0.76488,-0.00241,
1703614955477063680,12.40833,9.43433,4.77820,0.09488,-0.11884,0.79864,-0.58228,0.32892,-0.91106,-0.10753,
1703614955610485248,12.43559,9.31064,4.77107,0.08814,-0.11536,0.80053,-0.58145,0.16149,-0.91830,-0.01070,
1703614955743906816,12.46396,9.18942,4.76900,0.08649,-0.11263,0.80124,-0.58125,0.29725,-0.85008,0.06791,
1703614955877327872,12.50123,9.07548,4.77323,0.09168,-0.11550,0.79907,-0.58288,0.24704,-0.90514,-0.05705,
1703614956010753280,12.52939,8.95066,4.76909,0.09154,-0.11561,0.79995,-0.58166,0.17144,-0.95330,-0.06422,
1703614956144181760,12.54703,8.82774,4.76800,0.08934,-0.11110,0.80076,-0.58177,0.12596,-0.87922,0.04691,
1703614956277609984,12.56749,8.71115,4.77239,0.08624,-0.10801,0.79991,-0.58398,0.23718,-0.87713,-0.03287,
1703614956411038720,12.59919,8.58642,4.76724,0.08370,-0.10779,0.80073,-0.58328,0.27744,-0.91914,-0.00560,
1703614956544466944,12.63035,8.46319,4.76771,0.08244,-0.10713,0.80068,-0.58365,0.22977,-0.90825,-0.02641,
1703614956677895424,12.66444,8.33893,4.76595,0.08342,-0.10863,0.80214,-0.58121,0.19529,-0.86679,0.01748,
1703614956811323648,12.68424,8.22812,4.76573,0.08617,-0.10747,0.80269,-0.58027,0.11517,-0.82564,-0.00150,
1703614956944752384,12.68894,8.11779,4.76632,0.08478,-0.10395,0.80312,-0.58051,-0.00959,-0.82769,-0.01688,
1703614957078186240,12.69445,8.00260,4.76390,0.08018,-0.09857,0.80333,-0.58183,0.13991,-0.83966,0.01685,
1703614957211620096,12.72484,7.89201,4.76460,0.07966,-0.09814,0.80304,-0.58237,0.34965,-0.81887,0.01181,
1703614957345054208,12.76664,7.78184,4.76540,0.08059,-0.10117,0.80195,-0.58323,0.27884,-0.86708,-0.00572,
1703614957478488320,12.79843,7.66477,4.76067,0.08008,-0.10157,0.80232,-0.58271,0.23541,-0.89824,-0.03101,
1703614957611922688,12.83542,7.54531,4.75797,0.08088,-0.10292,0.80294,-0.58151,0.33879,-0.84387,-0.01798,
1703614957745357312,12.87626,7.43190,4.75984,0.08247,-0.10636,0.80189,-0.58212,0.32014,-0.84322,0.02909,
1703614957878791936,12.91921,7.31425,4.75777,0.08390,-0.10820,0.80085,-0.58300,0.36695,-0.91386,-0.10074,
1703614958012224512,12.96436,7.19358,4.75433,0.08520,-0.11042,0.80148,-0.58153,0.30875,-0.82747,0.04677,
1703614958145655552,12.99919,7.07990,4.75544,0.08876,-0.11190,0.80070,-0.58179,0.22900,-0.89659,-0.03977,
1703614958279086592,13.02675,6.96376,4.75903,0.08810,-0.11149,0.80006,-0.58285,0.20595,-0.88240,0.00950,
1703614958412517888,13.06416,6.84606,4.75965,0.08687,-0.11061,0.80047,-0.58264,0.35879,-0.82759,-0.00571,
1703614958545949184,13.12132,6.73545,4.76137,0.08926,-0.11558,0.79988,-0.58212,0.41952,-0.77917,0.04685,
1703614958679380736,13.16742,6.62845,4.76385,0.09318,-0.11987,0.79922,-0.58155,0.26174,-0.81022,-0.00988,
1703614958812811776,13.19590,6.51821,4.76497,0.09404,-0.12007,0.79893,-0.58177,0.12995,-0.80265,0.06815,
1703614958946243072,13.22010,6.41441,4.77350,0.09188,-0.11808,0.79786,-0.58399,0.18079,-0.72497,0.07100,
1703614959146388480,13.27552,6.27937,4.78823,0.09383,-0.12001,0.79485,-0.58737,0.31007,-0.66661,-0.00307,
1703614959279818496,13.30476,6.18668,4.78805,0.09626,-0.12116,0.79464,-0.58703,0.15287,-0.74682,-0.04164,
1703614959413249024,13.31594,6.08552,4.78554,0.09521,-0.11803,0.79521,-0.58707,0.01098,-0.77669,-0.04772,
1703614959546679296,13.32059,5.98052,4.78291,0.09037,-0.11257,0.79629,-0.58743,0.05472,-0.80151,-0.06101,
1703614959680109312,13.33959,5.87090,4.77027,0.08490,-0.10995,0.79877,-0.58538,0.20122,-0.77632,0.00436,
1703614959813539584,13.37203,5.76646,4.76959,0.08397,-0.11145,0.79893,-0.58501,0.12422,-0.77458,-0.01096,
1703614959946969856,13.37614,5.65540,4.76563,0.08302,-0.10729,0.79948,-0.58517,-0.05987,-0.84512,0.02923,
1703614960080401152,13.36808,5.54027,4.76433,0.07999,-0.09984,0.80055,-0.58545,-0.01401,-0.85589,-0.00370,
1703614960213832704,13.38120,5.42190,4.76118,0.07792,-0.09644,0.80167,-0.58477,0.19384,-0.84258,-0.00043,
1703614960347263744,13.41645,5.30472,4.75622,0.07683,-0.09827,0.80227,-0.58379,0.27592,-0.86433,0.02044,
1703614960547410944,13.46097,5.13384,4.75877,0.07772,-0.09802,0.80234,-0.58361,0.14029,-0.80708,0.09473,
1703614960680842752,13.47987,5.01549,4.75671,0.07622,-0.09618,0.80253,-0.58385,0.13501,-0.87432,-0.01428,
1703614960814273792,13.50479,4.89721,4.75622,0.07771,-0.09654,0.80383,-0.58181,0.25939,-0.85910,-0.01592,
1703614960947705600,13.53168,4.78658,4.76246,0.07755,-0.09751,0.80252,-0.58347,0.20592,-0.88503,-0.03098,
1703614961081135872,13.56787,4.67197,4.75432,0.07377,-0.09782,0.80456,-0.58109,0.37783,-0.79419,0.01112,
1703614961214566656,13.61982,4.56580,4.75031,0.07405,-0.10195,0.80527,-0.57937,0.42575,-0.80419,-0.06208,
1703614961347997440,13.66069,4.46060,4.74913,0.07564,-0.10572,0.80446,-0.57960,0.21749,-0.81070,0.01123,
1703614961548143360,13.68701,4.29019,4.74939,0.07467,-0.10443,0.80310,-0.58185,0.09014,-0.90994,-0.04138,
1703614961681573888,13.71458,4.16559,4.73975,0.07235,-0.10284,0.80400,-0.58119,0.29247,-0.95128,-0.10204,
1703614961815004672,13.75046,4.04124,4.73772,0.07367,-0.10379,0.80405,-0.58078,0.21453,-0.93846,0.06057,
1703614961948435456,13.76499,3.91553,4.74529,0.07287,-0.10203,0.80308,-0.58254,-0.03053,-0.94883,0.06122,
1703614962148582400,13.74411,3.71607,4.74698,0.06454,-0.08889,0.80371,-0.58480,-0.16431,-0.98918,-0.01633,
1703614962348729856,13.71491,3.51230,4.75082,0.05949,-0.07441,0.80469,-0.58601,-0.10025,-0.97083,0.03156,
1703614962548877056,13.68272,3.31724,4.75188,0.04838,-0.06293,0.80585,-0.58677,-0.09087,-0.93868,-0.03291,
1703614962682308352,13.68351,3.19137,4.75602,0.04877,-0.05905,0.80535,-0.58783,0.19329,-0.91289,0.05987,
1703614962882455552,13.71082,3.01880,4.76613,0.04582,-0.06120,0.80383,-0.58992,0.09512,-0.79748,0.07491,
1703614963082601472,13.74488,2.85734,4.77704,0.04578,-0.06158,0.80046,-0.59445,0.25082,-0.76388,0.07913,
1703614963216032256,13.78877,2.74520,4.76718,0.05081,-0.06883,0.80299,-0.58983,0.20155,-0.78090,0.04085,
1703614963349462784,13.80344,2.63896,4.77316,0.05085,-0.06810,0.80146,-0.59198,0.04461,-0.83226,-0.02530,
1703614963482893312,13.82070,2.52829,4.76915,0.04756,-0.06548,0.80183,-0.59205,0.28627,-0.82650,-0.04278,
1703614963616323840,13.87530,2.42428,4.77134,0.05209,-0.07277,0.80160,-0.59113,0.51733,-0.67931,0.09900,
1703614963749754624,13.93848,2.33136,4.77853,0.06303,-0.08482,0.79892,-0.59208,0.39004,-0.69455,0.05268,
1703614963883185408,13.98074,2.23685,4.77707,0.06711,-0.08925,0.79896,-0.59093,0.27097,-0.74359,-0.05137,
1703614964083330560,14.05502,2.09972,4.77977,0.06905,-0.09311,0.79756,-0.59200,0.45992,-0.67160,0.00124,
1703614964216760576,14.13899,2.00752,4.77258,0.07624,-0.10468,0.79733,-0.58948,0.76115,-0.59770,-0.02356,
1703614964350190848,14.24209,1.93167,4.76825,0.08840,-0.12229,0.79595,-0.58626,0.77204,-0.61652,-0.07521,
1703614964483620864,14.32849,1.85223,4.76909,0.09682,-0.13372,0.79469,-0.58414,0.49442,-0.61607,0.02185,
1703614964617051136,14.39530,1.77455,4.77314,0.10329,-0.13874,0.79329,-0.58375,0.52118,-0.54395,0.04507,
1703614964750481152,14.47576,1.70790,4.77346,0.10983,-0.14886,0.79223,-0.58151,0.67441,-0.45111,-0.02422,
1703614964883911424,14.57532,1.65398,4.77036,0.11937,-0.16246,0.79015,-0.57880,0.81354,-0.36345,-0.05108,
1703614965017342464,14.68047,1.61044,4.76655,0.12747,-0.17778,0.78786,-0.57569,0.74577,-0.32649,0.01382,
1703614965150773760,14.77164,1.56956,4.76902,0.13339,-0.19001,0.78509,-0.57422,0.65111,-0.29881,0.07797,
1703614965284205056,14.84713,1.53191,4.77983,0.14273,-0.19837,0.78180,-0.57364,0.55294,-0.22603,0.09503,
1703614965417636352,14.92397,1.50034,4.78111,0.15191,-0.20848,0.77898,-0.57153,0.59380,-0.20501,-0.04380,
1703614965551067904,14.99807,1.47317,4.78385,0.15952,-0.21794,0.77575,-0.57032,0.51556,-0.20132,0.08388,
1703614965684499200,15.06699,1.44004,4.78720,0.16551,-0.22514,0.77325,-0.56921,0.56955,-0.25256,-0.01960,
1703614965817931008,15.14737,1.41055,4.78619,0.17141,-0.23544,0.77025,-0.56737,0.70391,-0.19823,-0.01810,
1703614965951361792,15.24934,1.38940,4.78427,0.17894,-0.25027,0.76610,-0.56430,0.76992,-0.12935,0.02490,
1703614966084792064,15.34866,1.37009,4.78441,0.18535,-0.26348,0.76211,-0.56162,0.68739,-0.16105,0.03451,
1703614966218222592,15.43235,1.34530,4.78357,0.18893,-0.27135,0.75992,-0.55963,0.59995,-0.18140,-0.00998,
1703614966351653376,15.51491,1.32787,4.78354,0.19731,-0.28101,0.75669,-0.55635,0.68340,-0.08158,-0.01194,
1703614966485083904,15.60242,1.31165,4.77732,0.20766,-0.29356,0.75315,-0.55087,0.62884,-0.14814,-0.03035,
1703614966618514176,15.68264,1.28603,4.77675,0.21588,-0.30117,0.75074,-0.54688,0.65219,-0.14834,0.03798,
1703614966751944704,15.75951,1.26401,4.79306,0.22708,-0.30572,0.74541,-0.54711,0.64828,-0.12539,0.11096,
1703614966885375488,15.86338,1.25075,4.79249,0.23610,-0.31860,0.74064,-0.54240,0.83362,-0.01985,0.03904,
1703614967018805760,15.97853,1.25077,4.79613,0.24576,-0.33119,0.73408,-0.53949,0.93378,0.00574,-0.02320,
1703614967152235520,16.09582,1.25467,4.80121,0.25433,-0.34323,0.72734,-0.53711,0.91737,0.03690,0.03866,
1703614967285665280,16.21914,1.25725,4.80079,0.26449,-0.35743,0.72066,-0.53192,0.95660,0.05560,0.04588,
1703614967419095296,16.34517,1.26249,4.80335,0.27790,-0.37106,0.71303,-0.52599,1.03103,0.00001,-0.08861,
1703614967552524800,16.47660,1.26577,4.79831,0.28649,-0.38583,0.70797,-0.51753,0.95201,-0.00872,-0.06296,
1703614967685954816,16.59649,1.26445,4.79113,0.29058,-0.39510,0.70490,-0.51242,0.90037,0.03763,-0.03091,
1703614967819384576,16.71394,1.27302,4.78566,0.29709,-0.40558,0.69927,-0.50820,0.98515,0.18194,-0.02167,
1703614967952814336,16.83701,1.30010,4.79434,0.30935,-0.42047,0.68864,-0.50327,0.93004,0.18341,0.07905,
1703614968086241536,16.96194,1.32758,4.79469,0.31759,-0.43493,0.68014,-0.49738,0.89315,0.21725,0.02465,
1703614968219668224,17.08611,1.36136,4.79982,0.32839,-0.44523,0.67208,-0.49217,1.00473,0.26968,-0.06244,
1703614968353095168,17.21195,1.39526,4.80257,0.33664,-0.45751,0.66291,-0.48776,0.96248,0.22397,0.02205,
1703614968486521600,17.33635,1.42528,4.80117,0.34529,-0.46956,0.65564,-0.48003,0.93518,0.30582,0.03148,
1703614968619947776,17.45873,1.47219,4.80247,0.35374,-0.48231,0.64669,-0.47333,0.95347,0.41870,0.00487,
1703614968753374208,17.57508,1.52997,4.80784,0.36313,-0.49458,0.63526,-0.46900,0.88932,0.39782,0.00282,
1703614968886800384,17.69318,1.58519,4.80786,0.37277,-0.50637,0.62569,-0.46168,0.87644,0.43631,0.09737,
1703614969020227584,17.81286,1.64587,4.81253,0.38113,-0.51874,0.61508,-0.45533,0.89591,0.49779,0.03699,
1703614969153656576,17.92912,1.71365,4.81956,0.38948,-0.53066,0.60431,-0.44889,0.88942,0.55350,-0.01029,
1703614969287085312,18.04407,1.78582,4.82274,0.39967,-0.54240,0.59349,-0.44027,0.93090,0.57825,-0.01075,
1703614969487228160,18.22233,1.89654,4.82663,0.41250,-0.56153,0.57682,-0.42639,0.89262,0.55182,0.04203,
1703614969620656896,18.34270,1.97598,4.83216,-0.42069,0.57133,-0.56553,0.42044,0.92167,0.61271,-0.00165,
1703614969754085888,18.45994,2.05905,4.83069,-0.42918,0.58258,-0.55504,0.41027,0.85617,0.62011,0.04759,
1703614969887514368,18.57694,2.13029,4.82482,-0.43713,0.59285,-0.54595,0.39923,0.88293,0.47314,-0.01751,
1703614970020944384,18.68908,2.19316,4.82733,-0.44382,0.59920,-0.53885,0.39195,0.82080,0.52016,-0.00468,
1703614970154375936,18.78786,2.27255,4.82833,-0.45076,0.60856,-0.52998,0.38156,0.67858,0.67760,0.00913,
1703614970287807744,18.86715,2.35906,4.83418,-0.46109,0.61710,-0.51806,0.37175,0.60952,0.63597,0.04447,
1703614970421239296,18.94919,2.43872,4.83871,-0.46636,0.62469,-0.50904,0.36490,0.60320,0.52038,0.07198,
1703614970554671104,19.02658,2.51344,4.84157,-0.47152,0.63035,-0.50149,0.35894,0.55483,0.64277,-0.03941,
1703614970688102912,19.09245,2.60765,4.83929,-0.47724,0.64031,-0.48966,0.34996,0.48414,0.78174,-0.01879,
1703614970821534976,19.15254,2.70346,4.83467,-0.48238,0.65024,-0.47747,0.34134,0.54392,0.72426,-0.12034,
1703614970954967296,19.22293,2.80996,4.81417,-0.48478,0.66174,-0.46678,0.33046,0.58642,0.79940,-0.14904,
1703614971088392704,19.29269,2.91984,4.80919,-0.49099,0.67007,-0.45521,0.32050,0.53665,0.87899,0.03043,
1703614971221818112,19.35757,3.03843,4.81270,-0.49667,0.67820,-0.44195,0.31313,0.46392,0.90866,0.00383,
1703614971355243520,19.41906,3.16773,4.80871,0.50013,-0.68897,0.42847,-0.30267,0.46695,0.94136,-0.00966,
1703614971488668160,19.48244,3.26905,4.81907,0.50635,-0.69320,0.41751,-0.29793,0.54735,0.69384,0.03842,
1703614971622093056,19.55454,3.36463,4.81688,0.50813,-0.69739,0.41063,-0.29469,0.44400,0.83632,0.04570,
1703614971755517184,19.60016,3.49950,4.81958,0.51453,-0.70584,0.39447,-0.28540,0.24182,1.14881,0.00954,
1703614971888941824,19.63211,3.65692,4.82254,0.52079,-0.71673,0.37308,-0.27546,0.28420,1.13586,0.03450,
1703614972022367488,19.66919,3.80113,4.82581,0.52756,-0.72422,0.35730,-0.26367,0.27876,1.07859,0.07251,
1703614972155794944,19.70260,3.93431,4.84095,0.53512,-0.72992,0.34136,-0.25365,0.23874,0.98852,0.12289,
1703614972289222144,19.73410,4.07713,4.84262,0.54037,-0.73694,0.32536,-0.24303,0.19043,1.14013,-0.06348,
1703614972422649088,19.76079,4.22419,4.83170,0.54616,-0.74402,0.31154,-0.22601,0.21614,1.16866,-0.10691,
1703614972556076544,19.79107,4.38406,4.81871,0.54701,-0.75346,0.29611,-0.21308,0.28396,1.14290,-0.04060,
1703614972756216832,19.82675,4.59573,4.83147,0.55397,-0.76077,0.27580,-0.19567,-0.00906,1.11539,0.06926,
1703614972889643776,19.81721,4.73929,4.83653,0.56167,-0.76588,0.25593,-0.18013,-0.09408,1.08225,0.07674,
1703614973023072000,19.80463,4.90137,4.82939,0.56238,-0.77427,0.23745,-0.16690,-0.08314,1.19766,-0.07246,
1703614973156502528,19.79188,5.05461,4.82641,0.56535,-0.77946,0.22123,-0.15452,-0.12522,1.23653,-0.05791,
1703614973289933056,19.76786,5.21305,4.82650,0.56547,-0.78666,0.20318,-0.14189,-0.24845,1.18399,0.02458,
1703614973423363328,19.73495,5.36585,4.82507,0.56875,-0.79102,0.18443,-0.12960,-0.29483,1.15123,-0.04171,
1703614973556793600,19.68929,5.52871,4.82176,0.57352,-0.79510,0.16372,-0.10991,-0.37716,1.19913,0.11326,
1703614973690224384,19.64985,5.69002,4.83783,0.58275,-0.79446,0.14489,-0.09077,-0.29767,1.22261,0.01010,
1703614973823655168,19.58770,5.87165,4.81641,0.57762,-0.80344,0.12215,-0.07697,-0.50744,1.36783,-0.14268,
1703614973957085440,19.53668,6.03792,4.81827,0.57795,-0.80597,0.10692,-0.07034,-0.32796,1.24625,-0.00557,
1703614974090519808,19.48934,6.20090,4.81613,0.57855,-0.80807,0.09294,-0.06054,-0.47609,1.30014,-0.05981,
1703614974223954688,19.40811,6.36802,4.80984,0.57733,-0.81213,0.06959,-0.04784,-0.72403,1.25764,0.01019,
1703614974357389312,19.30839,6.53440,4.81253,0.58109,-0.81202,0.04656,-0.02813,-0.73754,1.29807,0.00037,
1703614974490823936,19.21910,6.70778,4.81035,0.58165,-0.81289,0.02717,-0.01230,-0.59044,1.30472,-0.01922,
1703614974624259072,19.13439,6.88019,4.80354,0.57925,-0.81508,0.00943,-0.00500,-0.70728,1.24065,0.06720,
1703614974757693952,19.03309,7.03725,4.81934,0.58386,-0.81175,-0.00956,0.00812,-0.93099,1.27728,0.03919,
1703614974891129600,18.92093,7.20451,4.81433,0.58260,-0.81188,-0.03026,0.02265,-0.73232,1.25908,0.00243,
1703614975091277312,18.78013,7.46830,4.81784,0.58392,-0.80910,-0.05385,0.03865,-0.67288,1.33316,0.00494,
1703614975224707072,18.68394,7.64719,4.82002,0.58335,-0.80814,-0.06498,0.04896,-0.71685,1.31056,-0.00012,
1703614975358136832,18.59381,7.81936,4.82298,0.58518,-0.80541,-0.07580,0.05602,-0.60551,1.30944,0.06419,
1703614975491566592,18.50507,8.00465,4.82128,0.58350,-0.80519,-0.08534,0.06263,-0.57085,1.38112,-0.01318,
1703614975624996608,18.43228,8.18425,4.82200,0.58306,-0.80430,-0.09229,0.06802,-0.57276,1.37071,-0.02728,
1703614975758426368,18.35746,8.35830,4.82160,0.58234,-0.80389,-0.09877,0.06991,-0.57848,1.30118,0.04893,
1703614975891856128,18.29186,8.53270,4.82584,0.58300,-0.80252,-0.10300,0.07389,-0.43666,1.37570,0.07164,
1703614976025285888,18.23706,8.71634,4.83568,0.58669,-0.79938,-0.10453,0.07652,-0.42131,1.47237,-0.09501,
1703614976158715392,18.19395,8.91763,4.81911,0.58151,-0.80373,-0.10250,0.07321,-0.19460,1.33174,0.12228,
1703614976292145152,18.16079,9.11044,4.81966,0.58279,-0.80331,-0.09906,0.07244,-0.22891,1.45964,0.02428,
1703614976425574912,18.12959,9.30503,4.81939,0.58334,-0.80332,-0.09719,0.07032,-0.17809,1.52320,-0.09389,
1703614976559004416,18.10790,9.50193,4.82179,0.58534,-0.80278,-0.09302,0.06538,-0.11241,1.56753,-0.16695,
1703614976692434176,18.08915,9.70998,4.80692,0.58170,-0.80635,-0.08646,0.06291,-0.17405,1.47551,0.07090,
1703614976825863936,18.05657,9.90571,4.80589,0.58213,-0.80633,-0.08445,0.06178,-0.32828,1.49327,-0.01587,
1703614976959293440,18.00172,10.09940,4.80702,0.58273,-0.80554,-0.08742,0.06230,-0.50527,1.49105,-0.04004,
1703614977092723200,17.93130,10.28758,4.81139,0.58097,-0.80586,-0.09301,0.06644,-0.60018,1.38434,0.01755,
1703614977226152960,17.85520,10.47238,4.81497,0.58496,-0.80181,-0.09878,0.07184,-0.56451,1.49078,-0.05453,
1703614977359582720,17.78430,10.66471,4.81174,0.58275,-0.80239,-0.10369,0.07632,-0.46153,1.41142,0.06483,
1703614977493012480,17.71490,10.85470,4.80360,0.57988,-0.80357,-0.10981,0.07715,-0.58725,1.34785,-0.06019,
1703614977626442240,17.64873,11.03665,4.80724,0.58029,-0.80237,-0.11264,0.08232,-0.50246,1.27581,0.04591,
1703614977759871744,17.59498,11.21216,4.80273,0.58066,-0.80199,-0.11363,0.08199,-0.37616,1.30628,-0.05677,
1703614977893301760,17.56039,11.37457,4.81312,0.58225,-0.80115,-0.11162,0.08180,-0.28460,1.16586,0.04459,
1703614978026734592,17.52013,11.52719,4.81148,0.58187,-0.80151,-0.11166,0.08083,-0.32709,1.03890,0.08123,
1703614978160172544,17.46441,11.67782,4.80511,0.58001,-0.80224,-0.11527,0.08189,-0.42528,1.10652,-0.13596,
1703614978293610240,17.42358,11.81157,4.80477,0.57902,-0.80257,-0.11641,0.08402,-0.20938,0.97391,-0.03763,
1703614978427048704,17.40374,11.94033,4.79780,0.57907,-0.80315,-0.11364,0.08197,-0.09241,0.98705,-0.02435,
1703614978560486912,17.38968,12.05474,4.80107,0.58018,-0.80306,-0.10984,0.08008,-0.17076,0.80884,0.03401,
1703614978693925888,17.36268,12.16334,4.80109,0.58008,-0.80328,-0.10898,0.07989,-0.32858,0.72054,0.02322,
1703614978827364352,17.31630,12.25211,4.80049,0.57987,-0.80229,-0.11382,0.08439,-0.38175,0.66130,-0.03170,
1703614978960803840,17.27790,12.33598,4.80001,0.58007,-0.80139,-0.11763,0.08637,-0.17015,0.66727,-0.05283,
1703614979094234368,17.26236,12.42090,4.79722,0.58067,-0.80154,-0.11503,0.08440,-0.07237,0.60140,0.03842,
1703614979227664128,17.24895,12.49665,4.79859,0.58078,-0.80195,-0.11296,0.08256,-0.14265,0.49778,0.01408,
1703614979361094144,17.22186,12.56325,4.80163,0.58124,-0.80109,-0.11524,0.08446,-0.22342,0.44183,-0.01713,
1703614979494524160,17.19695,12.61813,4.80098,0.58107,-0.80081,-0.11713,0.08569,-0.12891,0.38133,0.00746,
1703614979627953920,17.18481,12.67048,4.79873,0.58079,-0.80135,-0.11569,0.08445,-0.06151,0.36022,-0.02012,
1703614979761383680,17.17561,12.71282,4.79606,0.58074,-0.80156,-0.11489,0.08387,-0.09649,0.28298,-0.01159,
1703614979894813696,17.16040,12.74719,4.79570,0.58058,-0.80129,-0.11669,0.08508,-0.12118,0.23548,-0.00545,
1703614980028244992,17.14684,12.77648,4.79557,0.58059,-0.80103,-0.11780,0.08595,-0.06790,0.20611,-0.00350,
1703614980161676800,17.14032,12.80087,4.79604,0.58040,-0.80119,-0.11760,0.08610,-0.03012,0.15047,0.00449,
1703614980295109120,17.13692,12.81797,4.79596,0.58020,-0.80133,-0.11734,0.08639,-0.01501,0.07637,-0.00099,
1703614980428541440,17.13601,12.82297,4.79581,0.58016,-0.80132,-0.11742,0.08668,0.00412,-0.00788,-0.00166,
1703614980561973760,17.13773,12.81750,4.79530,0.58022,-0.80129,-0.11737,0.08667,0.01919,-0.06710,-0.00407,
1703614980695406080,17.14077,12.80651,4.79478,0.58040,-0.80112,-0.11754,0.08673,0.02483,-0.08071,-0.00263,
1703614980828838656,17.14430,12.79610,4.79417,0.58057,-0.80102,-0.11749,0.08663,0.02766,-0.06389,-0.00244,
1703614980962271232,17.14773,12.78916,4.79367,0.58057,-0.80108,-0.11723,0.08641,0.02083,-0.03817,-0.00137,
1703614981095701760,17.14966,12.78440,4.79294,0.58039,-0.80123,-0.11722,0.08616,0.02600,-0.04783,-0.00386,
1703614981229132032,17.15343,12.77356,4.79239,0.58025,-0.80140,-0.11706,0.08578,0.03829,-0.11547,-0.01528,
1703614981362562304,17.16495,12.74941,4.79306,0.58067,-0.80136,-0.11592,0.08495,0.12965,-0.22543,-0.00306,
1703614981495992320,17.18169,12.71190,4.79294,0.58034,-0.80185,-0.11466,0.08422,0.14544,-0.34852,0.00733,
1703614981629422848,17.20019,12.65776,4.79507,0.58087,-0.80155,-0.11419,0.08405,0.15714,-0.45579,0.01795,
1703614981762853120,17.21927,12.59132,4.79544,0.58079,-0.80169,-0.11418,0.08330,0.14729,-0.55842,-0.00107,
1703614981896283392,17.24097,12.51163,4.79476,0.58067,-0.80183,-0.11439,0.08248,0.15875,-0.65222,-0.02061,
1703614982029713920,17.26495,12.41941,4.79140,0.57956,-0.80261,-0.11434,0.08281,0.22248,-0.72340,-0.02999,
1703614982163144192,17.29179,12.31572,4.79519,0.57947,-0.80247,-0.11501,0.08378,0.15990,-0.80269,0.03912,
1703614982363289344,17.32358,12.14273,4.79912,0.58046,-0.80091,-0.11898,0.08638,0.13458,-0.89454,0.00273,
1703614982496719616,17.35048,12.02324,4.79670,0.57905,-0.80176,-0.11892,0.08799,0.23608,-0.87859,-0.06088,
1703614982630149632,17.37323,11.89624,4.79080,0.57756,-0.80236,-0.12226,0.08772,0.13610,-1.00762,0.03715,
1703614982763580160,17.39437,11.76012,4.79802,0.57836,-0.80085,-0.12625,0.09056,0.20211,-0.99967,0.00078,
1703614982897010432,17.42829,11.62223,4.79931,0.57940,-0.79990,-0.12647,0.09196,0.30979,-1.03132,0.01445,
1703614983097156096,17.47641,11.41291,4.80096,0.57869,-0.79963,-0.12979,0.09409,0.20509,-1.05041,0.00870,
1703614983230586880,17.51028,11.26751,4.79827,0.57963,-0.79846,-0.13159,0.09576,0.30679,-1.06912,-0.08084,
1703614983364017920,17.55074,11.12381,4.79260,0.57848,-0.79922,-0.13270,0.09491,0.33635,-1.07878,0.06978,
1703614983497448960,17.59533,10.98675,4.79621,0.57796,-0.79950,-0.13300,0.09519,0.33303,-0.98063,-0.08893,
1703614983630880000,17.64817,10.84628,4.79354,0.57844,-0.79917,-0.13260,0.09569,0.43816,-1.11278,0.11546,
1703614983764310784,17.70182,10.70982,4.79950,0.57911,-0.79891,-0.13103,0.09593,0.40703,-0.98333,-0.04809,
1703614983897741824,17.75174,10.56731,4.79771,0.58027,-0.79824,-0.13100,0.09449,0.33115,-1.07301,-0.06850,
1703614984031172096,17.79781,10.42608,4.79425,0.57844,-0.79984,-0.13060,0.09280,0.42001,-1.04324,0.05202,
1703614984164601856,17.84995,10.29749,4.79389,0.57632,-0.80174,-0.12935,0.09133,0.32400,-0.96690,0.01537,
1703614984298031360,17.89354,10.16412,4.79121,0.57664,-0.80139,-0.13006,0.09134,0.34822,-1.04287,-0.00345,
1703614984431460864,17.94267,10.02219,4.78994,0.57880,-0.80018,-0.12852,0.09042,0.42477,-0.99831,-0.05972,
1703614984564890368,18.00417,9.88907,4.78941,0.57768,-0.80179,-0.12442,0.08909,0.39931,-1.03626,0.02391,
1703614984698319872,18.05140,9.75545,4.78713,0.57678,-0.80247,-0.12469,0.08846,0.33499,-0.97963,-0.08324,
1703614984831749120,18.10285,9.62447,4.78467,0.57653,-0.80305,-0.12291,0.08725,0.43152,-1.01656,0.05796,
1703614984965178624,18.15887,9.49442,4.79081,0.57828,-0.80224,-0.11966,0.08767,0.37742,-0.96604,0.03111,
1703614985098607104,18.20311,9.36884,4.79349,0.57971,-0.80157,-0.11848,0.08596,0.31131,-0.91691,-0.04293,
1703614985232035328,18.24083,9.25034,4.78706,0.57785,-0.80347,-0.11686,0.08288,0.29286,-0.90552,-0.03868,
1703614985365463552,18.28817,9.12686,4.78975,0.58005,-0.80230,-0.11430,0.08240,0.38813,-0.95691,0.08363,
1703614985498891520,18.32654,9.00963,4.78756,0.57976,-0.80263,-0.11419,0.08141,0.23296,-0.87378,-0.05958,
1703614985632319488,18.35380,8.89399,4.78852,0.57886,-0.80331,-0.11488,0.08007,0.26081,-0.81625,-0.01557,
1703614985765747200,18.39780,8.78335,4.79831,0.58164,-0.80193,-0.11015,0.08046,0.29508,-0.82853,0.10314,
1703614985899175168,18.42316,8.67754,4.80489,0.58206,-0.80118,-0.11237,0.08178,0.13713,-0.81979,0.06649,
1703614986032603648,18.44056,8.57399,4.80681,0.58197,-0.80057,-0.11491,0.08482,0.13055,-0.70483,-0.09596,
1703614986166034176,18.45434,8.47387,4.79477,0.57920,-0.80241,-0.11707,0.08345,0.05261,-0.77176,-0.12647,
1703614986299464704,18.46175,8.36889,4.78569,0.57763,-0.80329,-0.11976,0.08207,0.14557,-0.82535,0.05340,
1703614986432895232,18.48271,8.26534,4.79116,0.57898,-0.80201,-0.12000,0.08461,0.18660,-0.76113,-0.00876,
1703614986566325760,18.50373,8.16389,4.79431,0.57901,-0.80105,-0.12320,0.08878,0.20262,-0.78032,0.04990,
1703614986699756032,18.52735,8.06563,4.79920,0.57940,-0.80022,-0.12388,0.09273,0.20637,-0.74641,0.02102,
1703614986833186560,18.54715,7.96411,4.79886,0.57932,-0.79992,-0.12544,0.09371,0.13222,-0.80454,0.00183,
1703614986966616832,18.56376,7.86200,4.79654,0.57854,-0.80011,-0.12801,0.09347,0.18430,-0.74401,-0.04787,
1703614987100045568,18.59233,7.76550,4.79275,0.57663,-0.80155,-0.12822,0.09257,0.25403,-0.70143,0.01233,
1703614987233473536,18.62248,7.67437,4.79599,0.57664,-0.80141,-0.12882,0.09291,0.19622,-0.70262,0.04544,
1703614987366901760,18.65312,7.58893,4.79895,0.57675,-0.80126,-0.12861,0.09374,0.24953,-0.61846,-0.03540,
1703614987500329472,18.68754,7.50410,4.79466,0.57605,-0.80214,-0.12715,0.09262,0.23124,-0.64993,-0.03888,
1703614987633757696,18.71377,7.41482,4.79377,0.57598,-0.80215,-0.12804,0.09167,0.19665,-0.71330,0.01226,
1703614987767185152,18.74325,7.32352,4.79867,0.57757,-0.80106,-0.12785,0.09147,0.23662,-0.67647,0.03916,
1703614987900613120,18.77907,7.23646,4.80188,0.57772,-0.80133,-0.12594,0.09078,0.27169,-0.65349,0.01215,
1703614988034038528,18.81127,7.15230,4.79961,0.57685,-0.80200,-0.12511,0.09154,0.21097,-0.66323,-0.02094,
1703614988167459072,18.84011,7.06024,4.79857,0.57722,-0.80151,-0.12573,0.09269,0.23276,-0.69020,-0.00123,
1703614988300879104,18.87266,6.97571,4.79560,0.57622,-0.80250,-0.12434,0.09218,0.21973,-0.63227,-0.02353,
1703614988434298880,18.89638,6.89091,4.79426,0.57511,-0.80339,-0.12494,0.09055,0.10835,-0.62320,-0.00707,
1703614988567718144,18.91099,6.80803,4.79430,0.57520,-0.80283,-0.12845,0.09004,0.16469,-0.65962,0.01868,
1703614988701137664,18.94127,6.72429,4.79397,0.57533,-0.80296,-0.12724,0.08978,0.31505,-0.56733,-0.06704,
1703614988834556416,18.97783,6.64528,4.79112,0.57478,-0.80400,-0.12377,0.08883,0.20046,-0.61136,-0.05720,
1703614988967974912,19.00569,6.56111,4.78761,0.57338,-0.80485,-0.12366,0.09034,0.24173,-0.61429,-0.02314,
1703614989101401600,19.04324,6.48569,4.78561,0.57235,-0.80592,-0.12116,0.09077,0.31291,-0.67084,0.02176,
1703614989234829824,19.07586,6.40482,4.78412,0.57205,-0.80631,-0.12060,0.08989,0.21163,-0.66508,-0.02234,
1703614989368258048,19.10215,6.30903,4.78369,0.57336,-0.80531,-0.12207,0.08852,0.26963,-0.69478,0.02013,
1703614989501686016,19.14565,6.22008,4.78685,0.57471,-0.80511,-0.11795,0.08712,0.37229,-0.71123,0.06753,
1703614989635114240,19.18761,6.12570,4.79277,0.57693,-0.80394,-0.11583,0.08618,0.23797,-0.70548,0.03339,
1703614989768542208,19.21938,6.04065,4.79452,0.57663,-0.80443,-0.11465,0.08510,0.28250,-0.66829,0.01302,
1703614989901970176,19.25754,5.94939,4.79780,0.57760,-0.80421,-0.11189,0.08431,0.26856,-0.65144,0.00667,
1703614990035398912,19.28622,5.86301,4.80368,0.57866,-0.80360,-0.11080,0.08424,0.18670,-0.68258,0.01116,
1703614990168829440,19.31159,5.76560,4.80161,0.57999,-0.80269,-0.11132,0.08311,0.21099,-0.78131,-0.00756,
1703614990302259968,19.33989,5.66510,4.80215,0.58159,-0.80162,-0.11094,0.08281,0.27486,-0.82969,0.05192,
1703614990435690496,19.37364,5.55454,4.80394,0.58244,-0.80105,-0.11081,0.08245,0.18454,-0.75556,-0.04153,
1703614990569121024,19.38795,5.47030,4.80051,0.57868,-0.80386,-0.11190,0.08010,0.10165,-0.55885,-0.07613,
1703614990769267200,19.42345,5.36726,4.79761,0.57570,-0.80663,-0.10918,0.07742,0.23068,-0.51803,0.02452,
1703614990902697984,19.44902,5.30526,4.80535,0.57698,-0.80584,-0.10737,0.07870,0.22753,-0.50450,0.04320,
1703614991036127488,19.47602,5.24314,4.81122,0.57812,-0.80512,-0.10577,0.07984,0.20362,-0.54266,0.02437,
1703614991169553920,19.49898,5.16584,4.81355,0.57941,-0.80423,-0.10555,0.07979,0.12728,-0.63643,0.01392,
1703614991302980096,19.51319,5.08443,4.81562,0.58092,-0.80302,-0.10667,0.07943,0.16181,-0.68105,0.04465,
1703614991436406528,19.53731,4.99361,4.81769,0.58153,-0.80274,-0.10656,0.07792,0.19598,-0.67772,0.03391,
1703614991569832704,19.56553,4.90414,4.82389,0.58341,-0.80162,-0.10446,0.07830,0.26237,-0.70289,0.03783,
1703614991703258880,19.59765,4.80768,4.82579,0.58446,-0.80093,-0.10318,0.07918,0.19091,-0.76715,0.05522,
1703614991836684544,19.61771,4.71386,4.82694,0.58442,-0.80090,-0.10360,0.07919,0.18431,-0.70921,-0.03369,
1703614991970110464,19.64728,4.61896,4.81899,0.58223,-0.80266,-0.10253,0.07892,0.30175,-0.71858,-0.01456,
1703614992103539200,19.67920,4.52609,4.81741,0.58215,-0.80296,-0.10051,0.07910,0.17072,-0.73643,-0.03053,
1703614992236968960,19.69268,4.42918,4.81824,0.58219,-0.80244,-0.10377,0.07988,0.11109,-0.77832,0.03795,
1703614992370398720,19.71503,4.33219,4.81924,0.58333,-0.80182,-0.10350,0.07813,0.23709,-0.75448,0.01633,
1703614992503828224,19.74299,4.23517,4.81774,0.58346,-0.80215,-0.10191,0.07571,0.18825,-0.76544,-0.04247,
1703614992637257984,19.76545,4.13139,4.80635,0.58198,-0.80311,-0.10322,0.07515,0.22977,-0.74355,-0.13759,
1703614992770687488,19.80443,4.02922,4.79734,0.58006,-0.80479,-0.09983,0.07672,0.29994,-0.84037,-0.00816,
1703614992904116992,19.82233,3.91776,4.79962,0.58080,-0.80373,-0.10410,0.07649,0.01641,-0.89534,0.16804,
1703614993037546752,19.82971,3.81131,4.82939,0.58625,-0.79914,-0.10762,0.07812,0.21413,-0.67826,0.08432,
1703614993170976256,19.87888,3.73510,4.84075,0.58798,-0.79923,-0.09943,0.07497,0.47718,-0.51422,0.02923,
1703614993371120384,19.94283,3.63536,4.84017,0.58757,-0.80019,-0.09287,0.07638,0.08517,-0.57033,-0.00422,
1703614993504549632,19.94807,3.56250,4.83652,0.58672,-0.80014,-0.09704,0.07820,0.08331,-0.56337,-0.05773,
1703614993637979392,19.96285,3.48832,4.82740,0.58619,-0.80090,-0.09663,0.07490,0.17014,-0.57249,-0.06094,
1703614993771408896,19.98431,3.41417,4.82248,0.58588,-0.80177,-0.09393,0.07132,0.19150,-0.53728,-0.03266,
1703614993904837888,20.00646,3.34641,4.81760,0.58453,-0.80300,-0.09263,0.07029,0.20790,-0.52116,0.00499,
1703614994038266624,20.02730,3.28605,4.81298,0.58311,-0.80397,-0.09247,0.07114,0.14842,-0.45779,0.00871,
1703614994171693568,20.04288,3.22735,4.80915,0.58236,-0.80449,-0.09289,0.07091,0.09551,-0.41487,-0.03304,
1703614994305121024,20.05356,3.17088,4.80729,0.58240,-0.80465,-0.09245,0.06929,0.12752,-0.41134,-0.04079,
1703614994438547968,20.07402,3.11636,4.80708,0.58306,-0.80465,-0.08989,0.06705,0.15974,-0.38503,0.03436,
1703614994571974912,20.08650,3.07064,4.80976,0.58319,-0.80464,-0.08942,0.06665,0.05601,-0.35321,0.01994,
1703614994705402112,20.09379,3.02848,4.81157,0.58354,-0.80417,-0.09089,0.06728,0.06743,-0.26014,0.00877,
1703614994838829312,20.10562,2.99747,4.81080,0.58330,-0.80459,-0.08933,0.06652,0.10638,-0.19998,0.00371,
1703614994972256768,20.11549,2.97848,4.81097,0.58296,-0.80516,-0.08709,0.06545,0.03686,-0.12077,-0.00790,
1703614995105686784,20.11810,2.96567,4.81067,0.58293,-0.80507,-0.08768,0.06614,0.00825,-0.05492,-0.00281,
1703614995239117568,20.12035,2.96320,4.81047,0.58265,-0.80525,-0.08774,0.06635,0.01904,0.02169,0.00270,
1703614995372548864,20.11953,2.97029,4.81054,0.58301,-0.80510,-0.08708,0.06572,-0.03001,0.09111,0.00099,
1703614995505979904,20.11382,2.98380,4.81091,0.58312,-0.80495,-0.08771,0.06584,-0.04603,0.12145,0.01300,
1703614995639411200,20.10754,3.00324,4.81171,0.58322,-0.80476,-0.08845,0.06622,-0.04833,0.17156,-0.00408,
1703614995772842240,20.10062,3.02662,4.81195,0.58367,-0.80442,-0.08861,0.06626,-0.06002,0.19529,-0.00106,
1703614995906273280,20.08989,3.05322,4.81045,0.58316,-0.80469,-0.08936,0.06644,-0.06170,0.19011,0.00951,
1703614996039704832,20.08199,3.08032,4.80893,0.58287,-0.80475,-0.09014,0.06721,-0.04520,0.20080,-0.00817,
1703614996173137152,20.07769,3.10427,4.80825,0.58292,-0.80464,-0.09033,0.06776,-0.03534,0.18844,-0.00610,
1703614996306569728,20.07421,3.13192,4.80691,0.58255,-0.80505,-0.08949,0.06731,-0.04598,0.22433,-0.01230,
1703614996440002560,20.06591,3.15959,4.80686,0.58237,-0.80513,-0.08967,0.06760,-0.07513,0.19074,0.01175,
1703614996573435392,20.05372,3.18113,4.80739,0.58213,-0.80498,-0.09169,0.06879,-0.05118,0.14012,0.01576,
1703614996706867968,20.04997,3.19896,4.80838,0.58219,-0.80498,-0.09127,0.06872,0.01041,0.11909,0.00345,
1703614996840301056,20.05031,3.21120,4.80852,0.58225,-0.80509,-0.09036,0.06816,-0.02189,0.06529,0.00745,
1703614996973733888,20.04519,3.21703,4.80906,0.58235,-0.80486,-0.09137,0.06872,-0.03657,0.04159,0.00142,
1703614997107163648,20.04218,3.22017,4.80893,0.58255,-0.80458,-0.09210,0.06933,0.00287,0.03527,-0.00038,
1703614997240592128,20.04395,3.22442,4.80817,0.58266,-0.80462,-0.09128,0.06903,0.00636,0.03963,0.00057,
1703614997374020864,20.04309,3.22902,4.80857,0.58281,-0.80456,-0.09094,0.06882,-0.02528,0.04637,0.00153,
1703614997507449088,20.03989,3.23440,4.80883,0.58292,-0.80437,-0.09156,0.06932,-0.02119,0.05076,0.00300,
1703614997640877824,20.03776,3.24104,4.80896,0.58300,-0.80428,-0.09169,0.06953,-0.00653,0.06228,0.00527,
1703614997774306048,20.03665,3.25009,4.80982,0.58322,-0.80418,-0.09119,0.06950,-0.01449,0.06808,0.00300,
1703614997907734528,20.03415,3.25823,4.81025,0.58336,-0.80407,-0.09126,0.06960,-0.02335,0.05910,0.00642,
1703614998041164032,20.03168,3.26497,4.81084,0.58342,-0.80396,-0.09157,0.06988,-0.01040,0.04715,0.00311,
1703614998174597376,20.03143,3.26984,4.81118,0.58359,-0.80385,-0.09145,0.06996,-0.00108,0.03516,0.00189,
1703614998374747392,20.02996,3.27456,4.81103,0.58371,-0.80377,-0.09141,0.06987,-0.00848,0.02215,0.00133,
1703614998508180736,20.02910,3.27677,4.81100,0.58381,-0.80367,-0.09152,0.06997,-0.00243,0.02292,0.00050,
1703614998641614080,20.02880,3.27900,4.81091,0.58387,-0.80362,-0.09156,0.07004,-0.00038,0.01882,0.00157,
1703614998775047680,20.02819,3.28087,4.81068,0.58393,-0.80358,-0.09154,0.07007,-0.00115,0.01776,0.00034,
1703614998908481536,20.02823,3.28229,4.81063,0.58402,-0.80352,-0.09146,0.07007,0.00277,0.01577,-0.00005,
1703614999041915136,20.02784,3.28372,4.81077,0.58402,-0.80352,-0.09146,0.07001,-0.00265,0.01256,0.00107,
1703614999175348736,20.02694,3.28488,4.81081,0.58402,-0.80349,-0.09162,0.07014,-0.00192,0.01289,-0.00027,
1703614999308782848,20.02671,3.28553,4.81069,0.58408,-0.80345,-0.09167,0.07017,0.00502,0.00761,0.00046,
1703614999442216704,20.02766,3.28599,4.81077,0.58408,-0.80345,-0.09153,0.07022,0.00567,0.00846,0.00006,
1703614999575650816,20.02720,3.28631,4.81074,0.58411,-0.80343,-0.09156,0.07021,-0.00050,0.00673,-0.00005,
1703614999709084672,20.02613,3.28666,4.81090,0.58410,-0.80343,-0.09167,0.07021,0.00492,0.00880,0.00116,
1703614999842518784,20.02628,3.28712,4.81081,0.58414,-0.80342,-0.09150,0.07013,0.00566,0.01058,0.00013,
1703614999975953408,20.02639,3.28757,4.81064,0.58419,-0.80339,-0.09150,0.07015,0.00000,0.00759,0.00042,
1703615000109385984,20.02602,3.28803,4.81089,0.58415,-0.80339,-0.09163,0.07025,0.00382,0.00711,0.00163,
1703615000242818304,20.02623,3.28841,4.81101,0.58413,-0.80341,-0.09160,0.07026,0.00629,0.00605,0.00119,
1703615000376250624,20.02636,3.28822,4.81078,0.58421,-0.80334,-0.09163,0.07029,0.00525,0.00142,0.00054,
1703615000509683200,20.02657,3.28782,4.81067,0.58424,-0.80332,-0.09163,0.07028,0.00657,0.00261,0.00082,
1703615000643115776,20.02705,3.28805,4.81086,0.58422,-0.80333,-0.09163,0.07036,0.00290,0.00521,0.00051,
1703615000776548352,20.02640,3.28837,4.81112,0.58419,-0.80335,-0.09170,0.07030,0.00295,0.00519,0.00055,
1703615000909980928,20.02706,3.28871,4.81133,0.58419,-0.80335,-0.09166,0.07035,0.00752,0.00685,0.00179,
1703615001043413760,20.02690,3.28883,4.81112,0.58424,-0.80332,-0.09166,0.07034,0.00228,0.00556,0.00027,
1703615001176845312,20.02626,3.28884,4.81082,0.58428,-0.80329,-0.09165,0.07024,0.00441,0.00467,0.00042,
1703615001310276864,20.02644,3.28894,4.81099,0.58430,-0.80327,-0.09166,0.07029,0.00690,0.00660,0.00141,
1703615001443708928,20.02604,3.28917,4.81117,0.58429,-0.80328,-0.09169,0.07029,0.00083,0.00520,0.00152,
1703615001577140736,20.02528,3.28925,4.81127,0.58431,-0.80326,-0.09175,0.07029,0.00293,0.00288,0.00178,
1703615001710572800,20.02517,3.28934,4.81135,0.58431,-0.80327,-0.09168,0.07022,0.00742,0.00130,0.00094,
1703615001844004608,20.02526,3.28903,4.81141,0.58433,-0.80327,-0.09165,0.07016,0.00518,0.00021,0.00081,
1703615001977436672,20.02481,3.28874,4.81145,0.58432,-0.80326,-0.09173,0.07022,0.00391,0.00103,0.00086,
1703615002110869760,20.02493,3.28889,4.81153,0.58432,-0.80327,-0.09164,0.07018,0.00644,0.00320,0.00161,
1703615002244303104,20.02465,3.28901,4.81143,0.58434,-0.80327,-0.09159,0.07008,0.00211,0.00234,0.00161,
1703615002377736448,20.02483,3.28953,4.81108,0.58435,-0.80325,-0.09167,0.07015,0.00466,0.00398,0.00180,
1703615002511169792,20.02479,3.28983,4.81091,0.58440,-0.80320,-0.09173,0.07020,0.00109,0.00255,0.00198,
1703615002644603392,20.02448,3.29079,4.81129,0.58435,-0.80323,-0.09177,0.07031,0.00083,0.00724,0.00326,
1703615002778036992,20.02404,3.29150,4.81091,0.58443,-0.80318,-0.09177,0.07018,0.00389,0.00847,0.00129,
1703615002978188032,20.02408,3.29346,4.81066,0.58452,-0.80310,-0.09183,0.07024,-0.00184,0.00788,0.00272,
1703615003111621120,20.02397,3.29537,4.81084,0.58449,-0.80310,-0.09190,0.07034,0.00535,0.00759,0.00359,
1703615003245053952,20.02399,3.29602,4.81054,0.58455,-0.80307,-0.09178,0.07034,0.00924,-0.00077,0.00149,
1703615003378487040,20.02414,3.29584,4.81056,0.58454,-0.80309,-0.09172,0.07031,0.00529,-0.00432,0.00319,
1703615003511920128,20.02366,3.29567,4.81085,0.58454,-0.80309,-0.09174,0.07030,0.00579,-0.00135,0.00359,
1703615003645353216,20.02466,3.29658,4.81110,0.58459,-0.80306,-0.09161,0.07045,0.00798,-0.00239,0.03283,
1703615003778786304,20.02345,3.31002,4.81246,0.58534,-0.80258,-0.09109,0.07039,-0.06915,0.18239,0.03257,
1703615003912219648,20.01400,3.34337,4.81505,0.58556,-0.80235,-0.09181,0.07019,-0.09708,0.28879,0.01826,
1703615004045652224,19.99957,3.37921,4.81785,0.58602,-0.80196,-0.09245,0.06993,-0.07460,0.21911,0.02817,
1703615004179080960,19.98978,3.40227,4.81815,0.58585,-0.80203,-0.09292,0.06997,-0.06045,0.09191,0.01093,
1703615004379224064,19.98555,3.42070,4.81954,0.58653,-0.80151,-0.09288,0.07020,0.01661,0.07738,0.01153,
1703615004512652544,19.98662,3.42850,4.81954,0.58643,-0.80169,-0.09223,0.06987,-0.00598,0.03373,0.01204,
1703615004646081024,19.98359,3.43224,4.82006,0.58676,-0.80141,-0.09250,0.06995,-0.03712,0.03687,-0.00313,
1703615004779509504,19.98026,3.43383,4.82034,0.58666,-0.80137,-0.09326,0.07033,-0.01182,0.00143,0.00085,
1703615004912937728,19.98154,3.43359,4.82031,0.58655,-0.80146,-0.09315,0.07036,0.01823,0.00044,-0.00384,
1703615005046365952,19.98493,3.43079,4.82009,0.58667,-0.80147,-0.09249,0.07003,0.01191,-0.03222,-0.00153,
1703615005179794432,19.98612,3.42437,4.81949,0.58650,-0.80160,-0.09255,0.06991,0.00771,-0.06359,0.00102,
1703615005313222656,19.98831,3.41404,4.81897,0.58640,-0.80166,-0.09275,0.06985,0.03206,-0.08239,-0.00495,
1703615005446651136,19.99360,3.40132,4.81809,0.58623,-0.80185,-0.09232,0.06966,0.03975,-0.10634,-0.00184,
1703615005580079360,19.99929,3.38713,4.81711,0.58609,-0.80205,-0.09174,0.06926,0.04151,-0.09273,-0.00799,
1703615005713507840,20.00454,3.37450,4.81638,0.58611,-0.80215,-0.09105,0.06893,0.02368,-0.07660,-0.00321,
1703615005846936064,20.00577,3.36606,4.81583,0.58582,-0.80233,-0.09122,0.06902,0.00753,-0.04661,0.00292,
1703615005980364032,20.00705,3.36178,4.81582,0.58580,-0.80233,-0.09122,0.06913,0.00864,-0.00929,-0.00084,
1703615006113794304,20.00775,3.36044,4.81601,0.58571,-0.80241,-0.09113,0.06911,-0.00112,-0.00670,0.00542,
1703615006247225344,20.00723,3.36032,4.81611,0.58569,-0.80242,-0.09120,0.06913,0.00241,0.00366,0.00084,
1703615006380656384,20.00801,3.36008,4.81594,0.58580,-0.80234,-0.09113,0.06916,0.00441,0.00170,0.00186,
1703615006580803072,20.00754,3.35942,4.81594,0.58571,-0.80240,-0.09119,0.06917,0.00289,-0.00049,0.00046,
1703615006714234368,20.00778,3.35866,4.81611,0.58575,-0.80237,-0.09119,0.06921,0.00208,-0.00313,0.00177,
1703615006847665664,20.00835,3.35795,4.81643,0.58567,-0.80242,-0.09115,0.06925,0.00309,-0.00309,0.00366,
1703615006981096704,20.00844,3.35727,4.81673,0.58572,-0.80240,-0.09109,0.06921,0.00431,0.00289,0.00118,
1703615007114527232,20.00899,3.35735,4.81645,0.58578,-0.80236,-0.09105,0.06923,0.00557,0.00576,0.00112,
1703615007247957504,20.00916,3.35799,4.81642,0.58573,-0.80240,-0.09098,0.06921,0.00057,0.00626,0.00312,
1703615007381387520,20.00939,3.35828,4.81616,0.58579,-0.80235,-0.09101,0.06927,0.00469,0.00468,0.00102,
1703615007514817792,20.00944,3.35819,4.81578,0.58584,-0.80231,-0.09106,0.06927,0.00243,0.00099,0.00114,
1703615007648247552,20.00936,3.35804,4.81570,0.58582,-0.80232,-0.09107,0.06926,0.00140,0.00155,0.00176,
1703615007781677824,20.00971,3.35838,4.81541,0.58579,-0.80234,-0.09107,0.06932,0.00665,0.00499,0.00165,
1703615007915107840,20.00950,3.35844,4.81478,0.58590,-0.80228,-0.09101,0.06921,0.00073,0.00473,0.00053,
1703615008048537856,20.00948,3.35832,4.81477,0.58590,-0.80228,-0.09102,0.06922,0.00290,0.00302,0.00247,
1703615008181969152,20.01000,3.35933,4.81493,0.58583,-0.80231,-0.09106,0.06932,0.00532,0.00779,0.00132,
1703615008315400960,20.01030,3.35935,4.81443,0.58590,-0.80226,-0.09100,0.06935,0.00732,0.00146,0.00119,
1703615008448832512,20.01071,3.35882,4.81441,0.58591,-0.80225,-0.09107,0.06941,0.00792,-0.00167,0.00139,
1703615008648979712,20.01198,3.35848,4.81467,0.58590,-0.80225,-0.09104,0.06943,0.00701,0.00196,0.00070,
1703615008782411520,20.01296,3.35821,4.81472,0.58591,-0.80224,-0.09103,0.06953,0.00891,0.00169,0.00240,
1703615008915843328,20.01281,3.35849,4.81490,0.58588,-0.80226,-0.09108,0.06953,0.00717,0.00491,0.00212,
1703615009049274880,20.01323,3.35962,4.81412,0.58586,-0.80226,-0.09113,0.06967,0.00741,0.00528,-0.00014,
1703615009182706176,20.01330,3.35977,4.81357,0.58592,-0.80222,-0.09106,0.06962,0.01074,0.00055,0.00186,
1703615009316136960,20.01318,3.35950,4.81421,0.58591,-0.80224,-0.09100,0.06954,0.00834,0.00052,0.00321,
1703615009449568256,20.01322,3.35904,4.81422,0.58595,-0.80222,-0.09099,0.06950,0.00931,-0.00103,0.00187,
1703615009582999552,20.01385,3.35907,4.81444,0.58593,-0.80223,-0.09100,0.06951,0.00910,0.00184,0.00158,
1703615009716430592,20.01467,3.35948,4.81413,0.58591,-0.80223,-0.09100,0.06970,0.01174,0.00145,0.00164,
1703615009849861888,20.01422,3.36013,4.81408,0.58591,-0.80223,-0.09104,0.06965,0.00720,0.00238,0.00349,
1703615009983293184,20.01451,3.35911,4.81388,0.58601,-0.80215,-0.09106,0.06964,0.01152,-0.00421,0.00265,
1703615010116722176,20.01438,3.35887,4.81424,0.58595,-0.80219,-0.09104,0.06967,0.00949,-0.00154,0.00436,
1703615010250149888,20.01439,3.35842,4.81406,0.58603,-0.80214,-0.09103,0.06964,0.01045,-0.00549,0.00445,
1703615010383577344,20.01388,3.35795,4.81497,0.58601,-0.80216,-0.09109,0.06952,0.00648,-0.00355,0.00590,
1703615010517004800,20.01320,3.35726,4.81508,0.58603,-0.80215,-0.09110,0.06947,0.00541,-0.00513,0.00436,
1703615010650431744,20.01330,3.35712,4.81485,0.58605,-0.80214,-0.09102,0.06951,0.00723,-0.00481,0.00404,
1703615010783858944,20.01291,3.35678,4.81505,0.58606,-0.80214,-0.09100,0.06949,0.00692,-0.00548,0.00472,
1703615010917285888,20.01286,3.35625,4.81555,0.58604,-0.80216,-0.09095,0.06941,0.01053,-0.00592,0.00542,
1703615011050712576,20.01238,3.35548,4.81600,0.58604,-0.80217,-0.09094,0.06931,0.00191,-0.00680,0.00502,
1703615011184138240,20.01318,3.35566,4.81597,0.58602,-0.80216,-0.09098,0.06953,0.01030,-0.00393,0.00437,
1703615011317563648,20.01313,3.35583,4.81585,0.58604,-0.80216,-0.09097,0.06947,0.00621,-0.00607,0.00391,
1703615011450988800,20.01270,3.35521,4.81598,0.58607,-0.80214,-0.09102,0.06938,0.00343,-0.00917,0.00481,
1703615011584413952,20.01333,3.35525,4.81604,0.58605,-0.80213,-0.09107,0.06949,0.00734,-0.00387,0.00280,
1703615011717839104,20.01357,3.35561,4.81622,0.58599,-0.80217,-0.09107,0.06953,0.00638,-0.00360,0.00494,
1703615011851264000,20.01356,3.35494,4.81654,0.58600,-0.80217,-0.09107,0.06948,0.00797,-0.00623,0.00553,
1703615011984688640,20.01296,3.35476,4.81659,0.58602,-0.80217,-0.09108,0.06938,0.00441,-0.00423,0.00365,
1703615012118116864,20.01285,3.35508,4.81609,0.58603,-0.80215,-0.09114,0.06944,0.00384,-0.00544,0.00329,
