t_s,vram_mib,gpu_util_pct,cpu_pct,ram_mib
0.0,852,9,23.0,10075
1.0,852,9,22.5,10069
2.1,852,9,22.0,10079
3.1,852,10,22.0,10111
4.1,880,92,23.0,10126
5.1,880,1,21.0,10137
6.1,880,4,24.9,10240
7.2,880,5,24.7,10318
8.2,880,7,19.8,10421
9.2,853,3,26.3,11403
10.2,853,8,26.6,12286
11.3,853,8,24.8,12529
12.3,853,9,24.1,12485
13.3,853,7,26.4,12697
14.3,853,9,24.9,12809
15.4,853,9,23.6,12824
16.4,853,9,24.6,12860
17.4,853,9,24.6,12888
18.4,853,7,23.9,12860
19.5,853,9,26.2,13000
20.5,853,9,27.1,13061
21.5,853,2,24.4,13006
22.6,853,4,25.0,13068
23.6,853,2,25.1,13075
24.6,853,2,23.8,13067
25.6,853,11,24.9,13079
26.7,853,10,25.6,13050
27.7,853,10,24.5,13093
28.7,853,9,24.2,13094
29.7,853,16,25.9,13088
30.8,853,10,24.7,13110
31.8,853,17,24.3,13101
32.8,853,2,24.7,13083
33.8,853,9,26.1,13072
34.9,853,5,25.3,13125
35.9,853,9,31.3,13199
36.9,853,2,60.2,13205
38.0,853,11,46.1,13230
39.0,853,7,49.0,13214
40.0,853,9,52.0,13238
41.0,853,10,43.0,13270
42.1,853,12,27.2,13079
43.1,853,9,25.1,13092
44.1,853,9,24.2,13110
45.2,853,9,24.5,13131
46.2,853,9,24.3,13093
47.2,853,11,24.4,13144
48.2,853,12,25.1,13085
49.3,853,2,24.1,13054
50.3,853,10,24.0,13116
51.3,853,16,25.2,13053
52.3,853,2,24.9,13111
53.4,853,7,25.1,13083
54.4,853,9,23.9,13102
55.4,853,10,24.3,13199
56.4,853,9,25.3,13192
57.5,853,9,23.9,13119
58.5,853,9,24.2,13094
59.5,853,9,25.5,13119
60.5,853,9,25.2,13173
61.6,853,2,23.9,13130
62.6,853,11,25.1,13074
63.6,853,9,24.7,13169
64.6,853,4,25.0,13172
65.7,853,8,25.4,13149
66.7,853,9,24.5,13113
67.7,853,9,23.8,13106
68.8,853,9,24.5,13128
69.8,853,9,26.0,13159
70.8,853,11,25.1,13171
71.8,853,10,24.5,13208
72.9,853,9,24.4,13173
73.9,853,9,24.6,13156
74.9,853,10,25.2,13168
75.9,853,2,24.5,13163
77.0,853,2,25.9,13163
78.0,853,13,25.4,13224
79.0,853,10,25.3,13211
80.0,853,9,26.9,13354
81.1,853,9,26.3,13409
82.1,853,13,26.4,13370
83.1,853,15,26.1,13432
84.1,853,12,26.7,13481
85.2,853,9,26.0,13449
86.2,853,9,25.5,13484
87.2,853,9,26.8,13460
88.2,853,9,25.9,13467
89.3,853,9,26.0,13514
90.3,853,12,26.9,13550
91.3,853,9,25.7,13416
92.3,853,9,25.7,13424
93.4,853,9,26.0,13380
94.4,853,10,25.7,13406
95.4,853,9,26.4,13368
96.5,853,9,26.2,13405
97.5,853,9,26.4,13395
98.5,853,7,25.6,13336
99.5,853,9,28.0,13337
100.6,853,10,25.8,13318
101.6,853,9,26.6,13385
102.6,853,9,27.6,13411
103.6,853,6,25.7,13349
104.7,853,10,25.8,13408
105.7,853,9,26.4,13379
106.7,853,10,27.2,13391
107.8,853,9,25.9,13422
108.8,871,15,28.4,13439
109.8,871,2,26.0,13422
110.8,871,4,26.3,13399
111.8,871,5,26.9,13377
112.9,871,8,27.6,13343
113.9,852,9,26.0,13415
114.9,852,9,26.3,13406
115.9,852,10,27.5,13352
117.0,852,11,26.7,13392
118.0,852,12,27.3,13429
119.0,852,9,27.0,13384
120.1,852,9,26.8,13383
121.1,852,9,26.8,13377
122.1,852,9,27.1,13348
123.1,852,9,25.7,13373
124.1,852,9,25.4,13355
125.2,852,8,26.2,13347
126.2,852,9,27.2,13368
127.2,852,9,26.7,13373
128.3,852,9,27.3,13378
129.3,852,2,26.6,13413
130.3,852,9,26.3,13420
131.3,852,9,24.8,13376
132.4,852,9,26.5,13309
133.4,852,9,26.8,13339
134.4,852,10,27.3,13348
135.4,852,9,25.8,13343
136.5,852,3,26.0,13324
137.5,852,9,26.1,13322
138.5,852,17,24.8,13352
139.5,852,9,26.3,13381
140.6,852,9,26.4,13377
141.6,886,12,29.9,13459
142.6,886,3,24.2,13418
143.6,885,4,26.6,13410
144.6,885,29,26.6,13397
145.7,885,6,28.0,13419
146.7,865,17,31.1,13448
147.7,865,8,29.7,13495
148.8,865,27,29.1,13533
149.8,865,7,29.8,13521
150.8,865,2,28.0,13486
151.8,865,3,27.8,13451
152.9,865,49,29.9,13480
153.9,865,23,28.3,13488
154.9,865,4,26.1,13461
155.9,865,2,27.2,13396
157.0,878,56,26.5,13476
158.0,878,0,27.2,13491
159.0,878,1,25.9,13470
160.0,878,6,27.0,13444
161.0,878,8,25.2,13453
162.1,852,9,27.3,13442
163.1,865,2,29.8,13503
164.1,865,17,30.3,13501
165.1,865,11,26.3,13448
166.2,865,4,25.0,13448
167.2,865,5,26.3,13488
168.2,865,8,25.5,13482
169.2,858,4,26.5,13464
170.3,858,11,24.6,13415
171.3,858,9,26.3,13431
172.3,852,10,25.4,13437
173.3,852,9,26.8,13498
174.4,852,9,25.6,13478
175.4,852,10,25.7,13445
176.4,852,11,27.3,13405
177.5,871,45,27.8,13461
178.5,871,0,27.8,13453
179.5,886,1,30.6,13477
180.5,886,4,29.7,13499
181.5,886,1,28.8,13475
182.6,886,2,27.6,13453
183.6,886,1,26.8,13486
184.6,878,1,26.6,13480
185.6,872,9,27.6,13462
186.7,852,10,27.2,13450
187.7,852,9,27.2,13423
188.7,865,82,29.2,13453
189.8,886,17,30.3,13486
190.8,886,0,26.9,13475
191.8,886,1,27.8,13521
192.9,886,2,27.4,13482
193.9,886,2,28.0,13473
194.9,878,8,27.6,13504
195.9,872,9,27.4,13488
197.0,852,2,27.8,13493
198.0,852,10,26.9,13495
199.0,852,9,26.5,13471
200.0,852,9,26.6,13508
201.1,852,10,26.4,13473
202.1,852,9,27.5,13487
203.1,852,9,25.4,13527
204.1,852,10,26.3,13530
205.2,852,2,28.2,13374
206.2,852,2,27.7,13451
207.2,852,9,26.7,13482
208.3,852,9,26.1,13491
209.3,852,9,26.6,13461
210.3,852,10,28.0,13432
211.3,852,9,25.8,13409
212.4,852,7,27.0,13428
213.4,852,9,27.5,13430
214.4,852,10,26.2,13463
215.4,852,10,25.9,13443
216.5,852,9,26.4,13502
217.5,879,9,31.4,13607
218.5,879,17,29.0,13569
219.5,879,0,25.4,13530
220.6,879,5,26.6,13474
221.6,879,7,26.8,13482
222.6,879,2,26.0,13447
223.6,852,13,25.8,13387
224.7,852,9,26.8,13409
225.7,852,9,26.1,13409
226.7,852,9,26.0,13406
227.7,852,10,25.8,13460
228.8,852,9,26.8,13458
229.8,852,11,26.8,13487
230.8,852,9,26.8,13497
231.8,852,9,26.3,13547
232.9,852,2,25.5,13520
233.9,852,2,27.3,13476
234.9,852,3,25.8,13484
235.9,852,0,26.0,13486
237.0,852,11,26.8,13482
238.0,852,10,27.1,13500
239.0,852,7,25.8,13511
240.0,892,85,30.7,13577
241.1,894,18,31.6,13565
242.1,893,28,33.4,13583
243.1,900,24,31.3,13578
244.1,900,31,31.2,13533
245.2,891,14,27.6,13508
246.2,901,28,28.9,13524
247.2,912,15,31.6,13571
248.2,916,0,31.5,13668
249.3,952,22,29.7,13683
250.3,958,9,27.8,13679
251.3,958,66,28.8,13687
252.3,953,6,27.6,13709
253.4,947,5,26.4,13674
254.4,919,10,28.1,13686
255.4,919,26,27.5,13704
256.4,919,27,27.0,13668
257.5,919,26,26.8,13709
258.5,919,26,27.9,13701
259.5,919,24,27.3,13691
260.5,919,23,26.2,13700
261.6,920,73,28.0,13671
262.6,920,2,29.0,13721
263.6,920,17,28.3,13726
264.6,920,27,26.2,13727
265.7,920,22,27.2,13722
266.7,920,36,26.8,13713
267.7,920,29,27.4,13710
268.7,920,36,26.9,13718
269.8,920,32,27.4,13719
270.8,920,35,27.7,13752
271.8,920,22,26.6,13731
272.8,920,26,27.9,13738
273.9,920,27,28.1,13709
274.9,920,10,28.0,13728
275.9,920,11,26.5,13729
277.0,920,27,27.6,13718
278.0,920,46,27.7,13737
279.0,920,25,28.1,13744
280.0,920,29,28.2,13758
281.1,920,58,28.4,13768
282.1,920,5,27.7,13706
283.1,920,6,28.1,13709
284.1,921,58,28.0,13735
285.2,929,59,29.1,13742
286.2,931,1,27.4,13782
287.2,983,8,29.2,13776
288.2,982,4,27.9,13797
289.3,958,53,32.1,13809
290.3,979,16,38.0,13871
291.3,996,10,40.1,14062
292.3,998,31,36.1,14152
293.4,996,33,28.7,14176
294.4,994,6,28.0,14148
295.4,987,16,28.1,14143
296.4,984,23,28.0,14174
297.5,990,15,29.4,14160
298.5,983,2,34.2,14203
299.5,987,6,29.7,14189
300.5,985,17,28.9,14187
301.5,985,31,30.1,14209
302.6,988,11,30.9,14202
303.6,983,3,27.8,14100
304.6,974,4,28.1,14148
305.6,974,9,29.0,14182
306.7,974,9,27.6,14171
307.7,951,10,29.0,14177
308.7,951,7,27.1,14172
309.7,951,9,27.0,14163
310.8,951,10,27.4,14156
311.8,951,9,27.4,14151
312.8,950,10,28.0,14166
313.9,950,9,25.6,14154
314.9,950,7,26.7,14183
315.9,950,0,27.7,14175
316.9,942,2,27.3,14165
318.0,942,1,28.4,14168
319.0,946,1,28.8,14060
320.0,951,6,29.4,13985
321.0,952,4,28.6,14015
322.1,951,71,28.5,14010
323.1,1004,4,29.0,13987
324.1,976,17,27.4,13948
325.1,969,7,27.9,13915
326.2,967,4,27.9,13886
327.2,967,7,27.1,13871
328.2,952,9,26.9,13921
329.2,944,9,27.0,13917
330.3,944,10,27.7,13930
331.3,944,10,26.7,13941
332.3,944,9,27.0,13965
333.3,944,9,26.9,13953
334.4,944,7,28.9,13952
335.4,944,9,28.3,13955
336.4,944,7,28.4,13919
337.5,944,9,26.6,13960
338.5,944,9,26.3,13937
339.5,944,10,25.5,13929
340.5,944,9,27.4,13918
341.6,944,9,25.5,13934
342.6,944,8,26.4,13940
343.6,944,3,28.3,13942
344.6,944,2,26.2,13926
345.7,1086,96,29.9,13974
346.7,1086,0,29.0,13999
347.8,1085,0,25.4,13988
348.8,1084,1,25.9,13884
349.8,1084,0,27.3,13960
350.8,1079,0,24.5,13944
351.8,1079,0,25.2,13972
352.9,1079,1,25.8,13955
353.9,1079,0,25.2,13921
354.9,1079,0,25.2,13946
355.9,1079,0,26.3,13936
357.0,1079,1,25.4,13959
358.0,1079,8,26.5,13962
359.0,1079,2,27.3,13940
360.0,1079,2,25.6,13942
361.1,1079,9,26.4,13982
362.1,1079,9,26.3,13949
363.1,1079,9,25.7,13965
364.1,1079,9,26.7,13986
365.2,1079,7,24.9,13980
366.2,1079,9,26.8,13980
367.2,1079,10,26.8,13978
368.2,1079,9,25.7,13952
369.3,1079,2,26.8,13954
370.3,1079,2,27.7,13963
371.3,1079,9,26.8,13943
372.3,1079,9,25.5,13940
373.4,1079,2,26.3,13985
374.4,1079,2,27.7,13953
375.4,1079,9,26.0,13990
376.5,1079,9,25.4,13996
377.5,1079,9,27.3,13973
378.5,1079,10,26.0,13962
379.5,1079,10,27.1,13974
380.6,1079,7,28.8,13960
381.6,1079,9,26.1,13948
382.6,1079,2,25.5,13964
383.6,1079,2,25.7,13952
384.7,1079,9,25.1,13964
385.7,1079,9,25.1,13926
386.7,1079,2,25.9,13944
387.8,1079,2,26.7,13957
388.8,1079,9,26.0,13935
389.8,1079,10,26.4,13942
390.8,1079,10,26.6,13975
391.9,1079,7,26.2,13989
392.9,1079,9,24.8,13985
393.9,1079,9,25.6,13995
394.9,1079,11,24.9,13976
396.0,1079,9,24.5,13994
397.0,1079,5,26.9,13986
398.0,1079,9,26.0,13997
399.0,1079,5,25.7,13983
400.1,1079,7,24.8,13960
401.1,1079,2,23.4,13954
402.1,1079,2,23.9,13984
403.2,1079,9,24.2,14024
404.2,1079,7,24.0,13991
405.2,1079,9,24.4,13994
406.2,1079,7,24.5,14045
407.3,1079,7,24.3,14038
408.3,1079,3,25.2,14057
409.3,1079,2,24.6,14060
410.3,1079,8,24.4,14046
411.4,1079,6,24.5,14050
412.4,1079,9,24.5,14068
413.4,1079,9,24.2,14067
414.4,1079,9,24.5,14068
415.5,1079,2,24.5,14068
416.5,1079,2,25.6,14080
417.5,1079,7,25.0,14067
418.5,1079,7,24.7,14057
419.6,1079,7,26.0,13965
420.6,1079,9,24.9,14015
421.6,1079,6,24.1,14013
422.6,1079,0,24.4,14026
423.7,1079,9,26.1,14018
424.7,1079,7,25.3,14056
425.7,1079,9,25.4,14084
426.7,1079,7,25.1,14050
427.8,1079,9,26.5,14071
428.8,1079,2,24.9,14082
429.8,1079,2,24.6,14069
430.9,1079,7,26.2,14088
431.9,1079,10,25.3,14140
432.9,1079,7,26.7,14114
433.9,1079,7,24.8,14079
435.0,1079,5,24.8,14074
436.0,1079,7,25.0,14064
437.0,1079,9,25.1,14100
438.0,1079,0,25.6,14090
439.1,1079,9,25.0,14077
440.1,1079,7,24.5,14102
441.1,1079,9,25.1,14125
442.1,1079,10,24.4,14073
443.2,1079,0,26.1,14067
444.2,1079,2,26.5,14063
445.2,1079,7,26.3,14053
446.2,1079,7,25.6,14061
447.3,1079,9,24.7,14057
448.3,1079,9,24.7,14065
449.3,1079,0,25.1,14009
450.3,1079,9,25.3,14091
451.4,1079,6,26.1,14092
452.4,1079,9,25.3,14073
453.4,1079,8,26.3,14066
454.5,1079,9,25.1,14075
455.5,1079,9,25.3,14095
456.5,1079,9,25.0,14130
457.5,1079,2,25.4,14092
458.5,1079,2,24.2,14092
459.6,1079,9,25.2,14013
460.6,1079,9,26.7,14087
461.6,1079,9,25.0,14086
462.6,1079,7,24.3,14097
463.7,1079,0,25.7,14076
464.7,1079,7,24.8,14102
465.7,1079,9,24.8,14094
466.7,1079,7,24.2,14099
467.8,1079,10,25.1,14120
468.8,1079,7,24.8,14064
469.8,1079,9,25.5,14065
470.8,1079,0,25.9,14125
471.9,1079,2,25.9,14108
472.9,1079,7,27.0,14073
473.9,1079,9,24.8,14079
474.9,1079,7,24.9,14095
476.0,1079,9,26.5,14097
477.0,1079,7,25.3,14077
478.0,1079,2,24.6,14015
479.0,1079,4,26.1,14056
480.1,1079,9,26.1,14091
481.1,1079,7,27.3,14055
482.1,1079,9,26.4,14112
483.1,1079,7,26.2,14131
484.2,1079,9,25.6,14098
485.2,1079,2,25.5,13985
486.2,1079,2,25.6,14068
487.2,1079,7,25.8,14088
488.3,1079,3,25.2,14071
489.3,1079,6,24.4,14028
490.3,1079,9,24.4,14102
491.4,1079,9,24.8,14125
492.4,1079,6,25.4,14153
493.4,1079,7,25.1,14063
494.4,1079,9,28.0,14056
495.5,1079,7,24.9,14088
496.5,1079,7,24.7,14056
497.5,1072,7,24.5,14048
498.5,1072,7,24.3,14027
499.6,1072,8,25.5,14030
500.6,1072,7,24.4,13969
501.6,1072,10,25.7,13972
502.7,1072,10,24.9,13981
503.7,1072,7,24.3,13982
504.7,1072,7,25.9,13930
505.7,1072,9,24.0,13807
506.8,1072,9,25.1,13928
507.8,1072,9,23.6,13981
508.8,1072,9,24.7,13934
509.9,1072,9,24.4,13889
510.9,1072,7,25.3,13874
511.9,1072,9,24.7,13875
512.9,1072,7,24.4,13924
514.0,1072,7,25.9,13927
515.0,1072,7,25.7,13890
516.0,1072,2,25.1,13815
517.0,1072,0,26.2,13882
518.1,1072,9,25.1,13927
519.1,1072,7,24.7,13935
520.1,1072,7,25.5,13846
521.2,1072,9,25.3,13944
522.2,1072,7,25.6,13981
523.2,1072,7,24.8,13963
524.2,1072,7,25.7,13980
525.3,1072,7,26.4,13997
526.3,1072,9,25.6,13997
527.3,1072,6,26.2,13879
528.3,1072,9,25.9,13947
529.4,1072,8,25.7,14010
530.4,1072,9,27.3,14037
531.4,1072,9,26.4,14014
532.5,1072,9,26.8,13971
533.5,1072,9,24.7,13977
534.5,1072,9,24.5,13938
535.5,1072,9,26.6,13995
536.6,1072,10,25.8,13982
537.6,1072,9,25.5,13819
538.6,1072,7,25.0,13968
539.7,1072,10,25.5,13972
540.7,1072,3,25.1,13919
541.7,1072,2,25.7,13911
542.7,1072,0,26.0,13912
543.8,1072,0,25.9,13930
544.8,1072,9,25.3,13914
545.8,1072,8,25.7,13790
546.9,1046,10,25.8,13846
547.9,1046,9,25.3,13846
548.9,1046,9,26.1,13905
550.0,1046,9,25.8,13899
551.0,1046,7,25.5,13926
552.0,1046,9,26.1,13920
553.0,1046,9,24.5,13892
554.1,1046,9,25.3,13933
555.1,1046,7,24.1,13920
556.1,1046,0,25.3,13902
557.1,1046,2,26.2,13892
558.2,1046,9,25.7,13928
559.2,1046,9,25.5,13910
560.2,1046,9,24.8,13949
561.2,1046,9,25.5,13934
562.3,1046,8,26.1,13922
563.3,1046,9,26.6,13971
564.3,1046,9,27.2,13947
565.4,1046,9,25.6,13953
566.4,1046,9,26.2,13946
567.4,1046,7,26.7,13927
568.4,1046,9,26.4,13819
569.5,1046,9,26.2,13852
570.5,1046,2,26.2,13867
571.5,1046,4,25.0,13900
572.5,1046,9,26.0,13910
573.6,1046,9,26.0,13928
574.6,1046,10,26.2,13919
575.6,1046,9,25.8,13910
576.6,1046,10,26.2,13902
577.7,1046,9,27.2,13922
578.7,1046,9,25.9,13858
579.7,1046,9,26.7,13881
580.8,1046,9,26.1,13906
581.8,1046,10,25.9,13924
582.8,1046,9,27.8,13932
583.9,1046,2,26.6,13917
584.9,1046,11,26.0,13919
585.9,1046,7,27.3,13919
586.9,1046,9,27.3,13927
588.0,1048,9,26.9,13934
589.0,1055,7,26.7,13952
590.0,1055,7,26.7,13958
591.1,1053,9,26.9,13961
592.1,1053,9,26.7,13965
593.1,1050,9,27.3,13962
594.2,1050,8,27.6,13961
595.2,1050,9,25.5,13994
596.2,1050,8,26.3,13869
597.2,1050,5,26.7,13963
598.3,1050,5,26.0,13982
599.3,1050,5,26.3,13998
600.3,1050,9,27.0,13848
601.4,1050,9,27.9,13973
602.4,1050,9,25.9,13974
603.4,1050,9,25.4,13987
604.4,1050,9,26.5,13969
605.5,1050,9,26.0,13981
606.5,1050,9,26.6,13979
607.5,1050,9,24.9,13982
608.5,1050,3,27.4,14018
609.6,1050,9,26.0,13997
610.6,1050,2,28.1,14015
611.6,1050,7,28.4,14003
612.7,1050,2,26.4,13964
613.7,1050,9,27.7,13985
614.7,1050,9,26.3,13998
615.7,1050,9,25.4,14006
616.7,1050,9,25.8,14038
617.8,1050,10,25.7,13979
618.8,1050,9,26.2,14013
619.8,1050,8,27.2,14000
620.9,1050,12,26.6,14051
621.9,1050,9,25.7,14053
622.9,1050,10,26.7,14021
623.9,1050,2,25.2,14019
625.0,1050,2,27.7,14015
626.0,1050,2,25.7,14022
627.0,1050,9,27.8,14050
628.0,1050,9,27.3,14038
629.1,1050,10,26.6,14043
630.1,1050,9,27.8,14067
631.1,1050,9,25.4,14048
632.2,1050,9,26.0,13899
633.2,1050,9,26.3,14016
634.2,1050,9,27.1,13995
635.2,1050,11,24.3,14013
636.3,1050,2,26.3,14031
637.3,1050,9,26.4,14035
638.3,1050,7,25.5,14021
639.3,1050,9,26.7,14036
640.4,1050,9,25.7,14064
641.4,1050,9,25.5,14058
642.4,1050,9,26.8,14026
643.4,1050,9,25.9,14041
644.5,1050,9,26.3,14057
645.5,1050,9,26.5,14028
646.5,1050,9,26.1,14039
647.6,1050,9,26.8,14083
648.6,1050,9,26.8,14078
649.6,1050,9,25.5,14105
650.6,1050,9,26.7,14096
651.7,1050,9,25.4,14112
652.7,1050,9,25.7,14104
653.7,1050,7,26.8,14085
654.8,1050,9,26.5,14071
655.8,1050,9,26.5,14103
656.8,1050,9,27.0,14087
657.8,1050,9,26.6,14089
658.9,1050,9,27.9,14107
659.9,1050,9,26.9,14082
660.9,1050,10,27.5,14069
661.9,1050,2,27.4,14082
663.0,1050,10,27.0,14120
664.0,1050,9,25.9,13999
665.0,1050,5,27.1,14077
666.1,1050,7,26.6,14075
667.1,1050,9,26.1,14100
668.1,1050,9,26.1,14132
669.1,1050,9,26.1,14122
670.2,1050,9,25.0,14121
671.2,1050,9,27.1,14168
672.2,1050,9,26.8,14136
673.3,1050,9,24.5,14124
674.3,1050,2,26.2,14106
675.3,1050,2,26.3,14108
676.4,1050,9,26.6,14109
677.4,1050,12,27.8,14127
678.4,1050,9,26.3,14110
679.4,1050,9,27.5,14139
680.5,1050,9,26.8,14131
681.5,1050,9,26.3,14096
682.5,1050,7,27.4,14123
683.5,1080,10,26.5,14129
684.6,1080,10,25.7,14120
685.6,1078,17,27.3,14148
686.6,1078,17,27.1,14157
687.7,1078,15,26.9,14125
688.7,1074,13,27.9,14133
689.7,1074,16,27.7,14137
690.7,1074,16,32.1,14117
691.8,1077,2,28.1,13989
692.8,1077,4,26.9,14084
693.8,1077,24,28.5,14081
694.8,1088,9,26.3,14056
695.9,1088,4,28.5,14116
696.9,1087,2,27.6,14143
697.9,1159,16,31.1,14174
698.9,1134,17,37.5,14060
700.0,1131,15,30.5,14147
701.0,1130,2,28.0,14234
702.0,1202,22,28.4,14182
703.0,1200,50,27.8,14170
704.1,1194,13,26.6,14094
705.1,1189,22,27.7,14134
706.1,1188,32,28.0,14198
707.1,1182,28,27.1,14192
708.2,1182,30,27.1,14223
709.2,1182,31,26.4,14213
710.2,1182,16,28.7,14181
711.3,1182,23,26.7,14241
712.3,1182,22,28.0,14198
713.3,1182,15,28.2,14252
714.3,1182,57,26.1,14286
715.4,1182,27,27.1,14270
716.4,1182,14,25.7,14271
717.4,1182,59,27.6,14310
718.5,1182,55,27.2,14325
719.5,1182,15,26.0,14207
720.5,1182,24,26.6,14297
721.6,1182,0,25.8,14296
722.6,1182,0,27.7,14342
723.6,1182,2,25.7,14306
724.6,1182,0,27.2,14339
725.7,1182,2,26.8,14379
726.7,1182,2,26.3,14361
727.7,1182,1,27.4,14320
728.7,1182,2,27.2,14337
729.8,1182,2,25.4,14357
730.8,1182,2,26.2,14329
731.8,1182,2,26.0,14294
732.8,1182,2,25.8,14298
733.9,1182,2,26.4,14327
734.9,1182,0,27.2,14333
735.9,1182,2,25.3,14315
736.9,1182,2,25.0,14291
738.0,1182,2,25.8,14348
739.0,1182,2,25.6,14322
740.0,1182,2,26.5,14325
741.1,1182,2,26.1,14380
742.1,1182,2,26.5,14350
743.1,1182,2,26.3,14355
744.1,1182,2,25.8,14378
745.2,1182,2,25.9,14374
746.2,1182,2,26.2,14357
747.2,1182,2,24.1,14416
748.2,1182,2,25.5,14386
749.3,1182,0,25.1,14339
750.3,1182,2,24.3,14409
751.3,1182,0,26.3,14373
752.3,1182,2,27.0,14376
753.4,1182,0,24.7,14239
754.4,1182,2,26.1,14355
755.4,1182,2,26.0,14348
756.4,1182,2,27.0,14390
757.4,1182,0,26.6,14373
758.5,1182,2,26.4,14442
759.5,1182,2,24.8,14382
760.5,1182,3,27.2,14380
761.6,1182,2,26.3,14391
762.6,1182,50,27.7,14402
763.6,1182,68,27.8,14366
764.7,1182,37,27.2,14261
765.7,1182,57,28.3,14402
766.7,1182,46,29.1,14417
767.8,1182,58,28.8,14370
768.8,1182,44,27.7,14397
769.8,1182,55,26.0,14415
770.8,1182,70,28.8,14406
771.9,1182,67,28.4,14322
772.9,1182,15,26.8,14425
773.9,1182,34,28.1,14436
775.0,1182,15,26.8,14401
776.0,1182,15,27.1,14270
777.0,1182,33,27.7,14408
778.0,1182,14,27.0,14387
779.1,1182,15,26.9,14458
780.1,1182,78,27.8,14335
781.1,1182,16,28.8,14453
782.1,1182,16,26.5,14505
783.2,1182,80,28.1,14497
784.2,1182,34,27.5,14520
785.2,1182,50,27.6,14536
786.2,1176,63,27.5,14507
787.3,1176,28,27.5,14499
788.3,1176,45,27.0,14488
789.3,1176,64,27.7,14457
790.4,1176,29,28.3,14474
791.4,1176,38,27.3,14456
792.4,1176,20,27.2,14515
793.4,1176,10,27.9,14472
794.5,1176,20,26.8,14426
795.5,1176,22,26.4,14466
796.6,1176,19,26.1,14505
797.6,1115,29,24.3,14454
798.6,1123,39,27.3,14492
799.6,1125,15,28.5,14525
800.6,1123,2,26.0,14502
801.7,1122,5,26.5,14520
802.7,1123,9,28.7,14474
803.8,1135,14,30.4,14465
804.8,1156,7,31.9,14463
805.8,1177,27,32.8,14673
806.9,1207,8,29.5,14650
807.9,1200,23,27.8,14629
808.9,1200,31,32.7,14603
809.9,1200,18,31.9,14671
811.0,1200,28,32.6,14651
812.0,1146,21,32.7,14538
813.0,1146,34,30.0,14642
814.0,1146,11,33.2,14616
815.1,1146,7,29.7,14626
816.1,1146,22,31.8,14694
817.1,1146,17,30.9,14702
818.1,1146,29,32.1,14696
819.2,1104,74,31.6,14725
820.2,1165,21,32.5,14743
821.2,1144,27,28.2,14791
822.2,934,31,31.4,14325
823.3,940,4,31.3,14379
824.3,947,8,30.1,14354
825.3,947,12,42.8,14468
826.3,948,12,39.5,14440
827.4,947,24,35.2,14451
828.4,932,23,30.9,14475
829.4,951,89,32.8,14472
830.4,994,14,34.7,14490
831.5,974,30,33.0,14528
832.5,1174,16,37.7,14698
833.5,1218,21,42.8,14744
834.5,1055,25,37.2,14801
835.6,1297,5,34.4,14788
836.6,1291,16,39.6,14941
837.6,1189,37,34.2,14976
838.6,1028,10,32.2,14973
839.7,1023,4,29.8,14938
840.7,1023,8,31.1,14967
841.7,1022,9,31.0,14995
842.7,1004,8,31.1,14982
843.8,1003,7,30.8,14901
844.8,1003,9,30.8,14938
845.8,1003,12,30.8,14966
846.8,992,7,30.0,14900
847.9,992,9,29.9,14766
848.9,992,7,30.9,14885
849.9,960,2,30.6,14960
851.0,975,0,30.5,14886
852.0,975,6,31.2,14889
853.0,975,4,31.3,14873
854.0,975,50,31.2,14931
855.1,980,25,31.9,14824
856.1,980,4,29.5,14928
857.1,980,5,30.2,14909
858.1,980,7,31.2,14862
859.2,980,6,31.6,14876
860.2,979,1,30.1,14885
861.2,979,3,30.0,14944
862.2,979,5,33.4,14879
863.3,980,2,30.9,14831
864.3,965,4,31.4,14842
865.3,980,7,32.2,14796
866.3,980,1,32.0,14819
867.4,979,1,29.7,14859
868.4,979,5,29.9,14641
869.4,979,8,29.1,14754
870.5,964,8,29.8,14855
871.5,964,9,31.5,14784
872.5,964,9,30.2,14848
873.5,964,9,29.4,14818
874.6,964,6,30.0,14808
875.6,964,2,30.1,14753
876.6,964,11,30.0,14810
877.7,964,9,31.2,14821
878.7,964,9,30.1,14760
879.7,964,9,26.3,14728
880.7,964,9,27.2,14783
881.8,964,9,27.5,14785
882.8,964,9,28.0,14848
883.8,964,9,26.6,14673
884.8,964,9,28.0,14823
885.9,964,9,27.3,14844
886.9,980,9,26.6,14724
887.9,979,11,28.5,14857
889.0,979,17,27.9,14785
890.0,976,11,29.0,14768
891.0,976,24,27.2,14885
892.0,976,4,27.3,14877
893.1,976,5,24.8,14847
894.1,976,7,28.9,14837
895.1,976,8,29.8,14797
896.2,977,20,27.6,14777
897.2,966,7,26.4,14766
898.2,973,11,26.2,14760
899.3,972,26,31.8,14843
900.3,971,47,30.5,14786
901.3,971,24,34.8,14722
902.3,970,10,30.7,14788
903.4,970,5,26.8,14758
904.4,962,16,26.2,14754
905.4,962,15,27.3,14760
906.4,962,57,26.3,14783
907.5,962,10,26.9,14809
908.5,962,8,26.1,14814
909.5,962,46,25.7,14816
910.6,962,28,26.3,14828
911.6,962,13,26.0,14855
912.6,962,25,26.0,14680
913.7,962,64,25.9,14812
914.7,962,6,27.1,14843
915.7,962,43,25.4,14842
916.7,962,0,25.8,14833
917.8,962,1,25.1,14825
918.8,962,9,25.4,14788
919.8,962,29,27.6,14839
920.9,962,6,24.5,14899
921.9,962,30,24.2,14876
922.9,962,29,27.3,14750
924.0,963,6,26.7,14866
925.0,963,47,26.7,14893
926.0,962,19,25.5,14881
927.1,962,35,26.5,14736
928.1,962,2,25.7,14878
929.1,962,10,26.0,14939
930.2,962,30,26.2,14895
931.2,962,35,27.6,14849
932.2,962,30,27.4,14863
933.2,962,12,32.1,14825
934.3,962,10,28.9,14856
935.3,962,14,26.8,14889
936.3,962,8,26.3,14888
937.3,962,35,27.4,14878
938.4,962,50,28.0,14881
939.4,962,7,26.1,14899
940.4,962,17,25.6,14920
941.5,962,9,25.0,14896
942.5,962,7,29.4,14890
943.5,962,19,30.6,14873
944.6,962,10,31.9,14937
945.6,962,9,29.7,14906
946.6,962,7,31.1,14948
947.7,962,28,31.1,14933
948.7,962,30,30.3,14955
949.7,962,10,29.9,14921
950.7,962,8,30.3,14914
951.8,962,24,30.8,14938
952.8,962,25,29.4,14987
953.8,962,31,29.0,14794
954.9,962,10,29.7,14933
955.9,962,27,29.7,14972
956.9,962,13,30.1,14987
958.0,962,42,33.5,14927
959.0,962,6,27.3,14974
960.0,962,10,25.5,14945
961.1,962,31,25.7,15033
962.1,962,26,27.2,14995
963.1,962,18,26.4,14751
964.2,962,36,26.2,14880
965.2,962,4,25.5,14890
966.2,962,9,26.8,14898
967.3,962,21,29.2,14885
968.4,962,11,27.5,14865
969.4,962,2,25.4,14904
970.4,962,10,26.8,14901
971.4,962,15,26.3,14813
972.4,962,41,26.8,14901
973.5,961,24,26.6,14895
974.5,961,22,25.8,14912
975.5,961,27,25.9,14963
976.6,961,26,26.2,14969
977.6,961,28,26.1,14963
978.6,961,31,25.5,14843
979.7,961,13,28.7,14936
980.7,961,8,25.6,14939
981.7,961,9,26.3,14992
982.8,961,11,26.0,15027
983.8,961,2,26.0,15011
984.8,961,9,27.4,15020
985.9,961,7,25.3,15033
986.9,961,8,26.4,14993
987.9,961,9,25.6,14962
989.0,961,7,24.9,14993
990.0,961,11,25.5,14969
991.0,961,9,25.9,14960
992.0,961,7,24.4,14973
993.1,961,9,24.9,14958
994.1,961,10,25.8,14946
995.1,961,8,26.7,14896
996.2,961,15,26.7,14921
997.2,961,2,25.3,14971
998.2,961,2,25.8,14960
999.2,961,10,26.4,14886
1000.3,961,10,25.1,14953
1001.3,961,9,24.8,14924
1002.3,961,8,25.5,14967
1003.4,961,9,26.3,14981
1004.4,961,10,24.8,15037
1005.4,961,10,27.4,15020
1006.4,961,10,25.1,14985
1007.5,961,9,25.5,15035
1008.5,961,9,25.2,15056
1009.5,961,7,25.8,15038
1010.5,962,10,27.7,14922
1011.6,964,21,25.9,15008
1012.6,962,69,27.0,15004
1013.6,962,4,26.0,14973
1014.7,962,16,26.0,15030
1015.7,965,28,27.5,15040
1016.8,965,89,25.9,15056
1017.8,966,3,26.6,14925
1018.8,966,8,26.7,15003
1019.9,966,20,28.2,15025
1020.9,963,9,25.3,15060
1021.9,963,32,27.0,15038
1022.9,963,25,26.5,14938
1024.0,961,44,27.1,15033
1025.0,961,7,26.2,15016
1026.0,961,26,29.1,15049
1027.0,961,28,27.3,15064
1028.1,961,28,26.5,15023
1029.1,961,38,27.1,15052
1030.1,961,25,26.3,15072
1031.1,961,32,25.9,15032
1032.2,961,25,27.5,14990
1033.2,961,25,26.1,15033
1034.2,961,26,26.4,15021
1035.3,961,16,26.5,15012
1036.3,963,33,29.6,15065
1037.3,963,5,27.3,14944
1038.3,963,2,27.3,15047
1039.4,963,4,27.1,15066
1040.4,963,23,26.2,15026
1041.4,962,23,27.0,15029
1042.4,962,25,26.8,15084
1043.5,962,16,28.0,15074
1044.5,962,25,27.0,15098
1045.5,962,26,27.8,15084
1046.6,962,35,26.7,15110
1047.6,962,54,26.1,15096
1048.6,962,21,26.4,14976
1049.7,962,43,25.4,15082
1050.7,962,9,26.3,15078
1051.7,962,38,26.4,15115
1052.8,962,25,27.9,15098
1053.8,962,25,26.0,15040
1054.8,962,21,28.1,15049
1055.8,962,24,25.6,15101
1056.9,955,9,30.9,15118
1057.9,955,3,26.8,15137
1058.9,939,8,26.4,15090
1059.9,939,12,24.9,15096
1061.0,939,31,25.1,15074
1062.0,939,17,26.3,15112
1063.0,939,39,25.7,15096
1064.0,939,20,26.5,15105
1065.1,939,20,25.8,15089
1066.1,939,49,25.4,15121
1067.1,939,27,26.0,15097
1068.2,939,53,26.0,15115
1069.2,939,28,24.6,15136
1070.2,939,45,26.1,15035
1071.3,939,25,27.0,15107
1072.3,939,27,26.1,15121
1073.3,939,17,28.8,15127
1074.4,939,11,26.5,15099
1075.4,939,25,26.3,15144
1076.4,939,23,25.9,15196
1077.4,939,17,26.0,15153
1078.5,940,27,25.8,15198
1079.5,940,9,26.3,15179
1080.5,940,7,28.4,15189
1081.6,940,26,29.1,15200
1082.6,940,24,26.8,15194
1083.6,940,25,27.3,15161
1084.6,940,19,27.4,15155
1085.7,940,43,27.2,15174
1086.7,940,37,25.9,15153
1087.7,940,35,26.7,15155
1088.8,940,46,26.8,15174
1089.8,940,29,26.1,15206
1090.8,940,33,26.8,15186
1091.9,940,14,27.7,15175
1092.9,940,22,26.4,15190
1093.9,940,30,25.9,15173
1094.9,940,33,26.7,15163
1096.0,940,23,26.1,15204
1097.0,907,28,26.5,15192
1098.0,907,18,26.2,15167
1099.1,907,37,27.4,15205
1100.1,908,9,28.0,15212
1101.1,908,1,26.9,15111
1102.1,908,4,26.0,15227
1103.2,908,12,25.7,15209
1104.2,908,23,25.1,15253
1105.2,908,27,28.1,15257
1106.2,908,33,27.2,15294
1107.3,908,31,26.5,15294
1108.3,908,30,27.2,15305
1109.3,908,19,28.0,15305
1110.4,908,47,26.4,15302
1111.4,908,59,27.1,15184
1112.4,908,25,25.7,15259
1113.4,908,59,25.8,15294
1114.5,908,14,25.9,15325
1115.5,908,21,26.2,15196
1116.5,908,22,27.4,15234
1117.6,908,19,27.1,15225
1118.6,908,14,26.2,15256
1119.6,908,23,26.5,15266
1120.6,908,19,26.7,15249
1121.7,908,11,28.4,15267
1122.7,908,23,26.9,15276
1123.7,908,21,26.5,15208
1124.8,908,15,25.8,15245
1125.8,908,21,27.6,15256
1126.8,908,24,26.8,15263
1127.9,908,5,27.3,15220
1128.9,908,23,26.1,15218
1129.9,908,23,26.7,15236
1131.0,908,3,25.7,15252
1132.0,908,22,25.7,15282
1133.0,908,3,27.3,15263
1134.0,908,4,27.1,15275
1135.1,908,23,26.1,15262
1136.1,908,22,26.1,15243
1137.2,908,23,27.4,15264
1138.2,908,23,26.8,15263
1139.2,908,22,26.6,15259
1140.2,908,23,27.6,15260
1141.3,908,23,26.5,15270
1142.3,908,22,25.3,15316
1143.3,908,25,26.3,15343
1144.3,908,23,27.3,15294
1145.4,908,22,28.4,15192
1146.4,908,23,24.6,15238
1147.4,864,19,26.3,15247
1148.5,864,13,26.3,15272
1149.5,864,14,25.4,15298
1150.5,864,23,25.0,15310
1151.6,864,23,25.6,15314
1152.6,864,23,25.5,15305
1153.6,864,22,25.3,15294
1154.6,864,22,25.8,15312
1155.7,864,23,26.1,15203
1156.7,864,23,27.3,15270
1157.7,864,24,24.8,15330
1158.7,864,23,26.8,15311
1159.8,864,22,24.5,15278
1160.8,864,10,25.9,15322
1161.8,864,22,28.0,15326
1162.9,864,12,26.5,15274
1163.9,864,10,26.1,15248
1164.9,864,12,26.0,15269
1166.0,864,23,25.6,15300
1167.0,864,23,25.6,15267
1168.0,864,12,26.0,15335
1169.0,864,23,27.2,15325
1170.1,864,1,26.0,15281
1171.1,864,22,25.9,15219
1172.2,864,22,25.9,15278
1173.2,864,2,26.1,15297
1174.2,864,12,26.3,15311
1175.3,864,13,26.5,15344
1176.3,864,23,24.8,15335
1177.3,864,12,26.0,15352
1178.3,864,9,27.3,15405
1179.4,864,3,27.2,15363
1180.4,864,22,25.4,15365
1181.4,864,22,25.6,15356
1182.5,864,22,25.0,15339
1183.5,864,18,26.0,15346
1184.5,864,23,27.2,15220
1185.5,864,20,25.3,15341
1186.6,864,23,25.3,15342
1187.6,864,17,25.1,15340
1188.6,864,17,25.2,15376
1189.7,864,6,24.5,15394
1190.7,864,23,23.7,15241
1191.7,864,23,26.7,15323
1192.7,864,4,25.5,15380
1193.8,864,6,25.8,15355
1194.8,864,23,26.3,15443
1195.8,864,8,25.5,15421
1196.8,864,9,27.2,15455
1197.9,864,14,26.2,15472
1198.9,864,13,25.7,15473
1199.9,864,23,26.0,15472
1201.0,864,4,26.5,15531
1202.0,864,23,25.8,15505
1203.1,864,10,26.1,15452
1204.1,864,22,27.5,15320
1205.2,864,23,25.5,15410
1206.2,864,23,27.7,15405
1207.2,864,22,26.5,15385
1208.2,864,23,26.4,15395
1209.3,864,22,25.3,15421
1210.3,864,13,26.7,15477
1211.3,864,0,25.1,15420
1212.3,864,3,26.3,15405
1213.4,864,23,26.9,15451
1214.4,864,23,24.8,15443
1215.4,864,22,25.4,15429
1216.5,864,23,25.6,15443
1217.5,864,0,25.5,15425
1218.5,864,0,25.7,15364
1219.5,864,23,25.9,15406
1220.6,864,22,26.9,15458
1221.6,864,23,24.4,15438
1222.6,864,23,26.7,15370
1223.7,864,23,26.2,15441
1224.7,864,20,26.5,15454
1225.7,864,13,26.5,15451
1226.8,864,6,26.6,15440
1227.8,864,20,26.1,15429
1228.8,864,3,26.5,15405
1229.8,864,16,26.6,15402
1230.9,864,23,25.8,15403
1231.9,864,9,26.3,15421
1232.9,864,31,29.7,15418
1233.9,864,1,26.9,15418
1235.0,864,1,25.8,15458
1236.0,864,5,26.6,15459
1237.0,864,29,28.3,15517
1238.0,864,22,27.8,15486
1239.1,864,1,28.0,15421
1240.1,864,4,27.9,15491
1241.1,864,10,25.9,15513
1242.1,864,40,25.7,15517
1243.2,864,16,27.7,15508
1244.2,864,0,27.4,15491
1245.2,864,11,29.4,15489
1246.3,864,0,28.0,15484
1247.3,864,39,27.8,15477
1248.3,864,10,26.5,15468
1249.3,864,10,27.3,15466
1250.4,864,21,27.0,15489
1251.4,864,8,25.4,15494
1252.4,864,7,26.3,15419
1253.5,864,22,29.2,15504
1254.5,864,0,26.4,15508
1255.5,864,28,26.8,15442
1256.6,864,10,26.8,15490
1257.6,864,11,26.7,15491
1258.6,864,40,26.8,15447
1259.7,864,28,25.7,15468
1260.7,864,22,26.6,15530
1261.7,864,54,26.2,15502
1262.7,864,19,27.2,15461
1263.8,864,21,27.5,15460
1264.8,864,23,28.6,15499
1265.8,864,8,26.8,15506
1266.8,864,6,27.3,15493
1267.9,864,4,27.2,15464
1268.9,864,11,26.9,15502
1269.9,864,31,27.6,15473
1270.9,864,22,26.6,15490
1271.9,864,25,27.3,15498
1273.0,864,12,26.7,15511
1274.0,864,43,25.9,15451
1275.0,864,20,25.0,15512
1276.1,864,21,25.8,15501
1277.1,864,11,26.1,15544
1278.1,864,10,26.9,15541
1279.2,864,10,27.8,15545
1280.2,864,10,26.2,15551
1281.2,864,8,25.7,15530
1282.2,864,28,26.1,15526
1283.3,864,38,26.4,15585
1284.3,864,22,25.9,15602
1285.3,864,70,27.0,15451
1286.4,864,19,27.1,15495
1287.4,864,9,27.5,15527
1288.4,864,10,28.7,15573
1289.5,864,10,27.7,15577
1290.5,864,10,27.0,15576
1291.5,864,22,28.1,15582
1292.5,864,92,31.3,15591
1293.6,864,10,28.8,15459
1294.6,864,25,30.9,15548
1295.6,863,8,28.8,15556
1296.6,863,12,27.9,15579
1297.7,863,18,26.2,15576
1298.7,874,73,26.6,15605
1299.7,874,3,28.2,15601
1300.7,905,11,28.8,15577
1301.8,909,19,31.9,15609
1302.8,896,18,27.9,15582
1303.8,895,10,27.7,15593
1304.8,896,3,27.8,15628
1305.9,902,16,30.4,15477
1306.9,908,19,32.4,15583
1307.9,904,6,29.3,15606
1308.9,903,4,28.1,15589
1309.9,900,6,26.3,15593
1311.0,889,81,28.3,15574
1312.0,890,22,37.2,15766
1313.0,887,20,34.0,15779
1314.0,885,2,27.0,15821
1315.1,889,0,27.5,15817
1316.1,889,13,28.2,15802
1317.1,883,7,26.3,15816
1318.1,873,5,25.6,15774
1319.2,873,7,25.5,15713
1320.2,871,45,26.3,15741
1321.2,871,6,26.0,15728
1322.2,887,28,31.8,15844
1323.3,897,3,33.1,15893
1324.3,904,12,27.3,15905
1325.3,905,37,30.7,15929
1326.3,903,41,28.3,15903
1327.3,902,3,26.1,15893
1328.4,901,6,26.9,15924
1329.4,886,98,28.1,15911
1330.4,880,3,26.8,15891
1331.4,880,44,28.2,15881
1332.5,880,27,30.4,15922
1333.5,880,4,27.3,15947
1334.5,880,4,26.6,15937
1335.5,876,8,25.8,15904
1336.5,872,8,24.9,15929
1337.6,872,9,28.9,15897
1338.6,868,12,25.9,15898
1339.6,868,10,26.6,15868
1340.7,877,99,29.6,15851
1341.7,901,4,29.9,15867
1342.7,904,14,30.4,15847
1343.7,908,3,30.0,15916
1344.7,895,4,33.4,15917
1345.8,891,10,28.7,15915
1346.8,888,19,28.3,15804
1347.8,888,11,26.5,15877
1348.8,888,2,30.8,15884
1349.9,892,19,30.7,15876
1350.9,874,18,27.2,15941
1351.9,874,9,24.9,15931
1352.9,874,9,27.2,15860
1354.0,872,89,29.0,15786
1355.0,907,4,32.9,15922
1356.0,905,5,26.8,15931
1357.0,905,0,26.0,15932
1358.0,905,10,28.1,15798
1359.1,905,6,27.0,15865
1360.1,883,8,26.3,15897
1361.1,883,9,27.7,15884
1362.2,883,45,26.1,15877
1363.2,883,29,26.2,15853
1364.2,883,32,27.1,15762
1365.3,883,5,27.9,15858
1366.3,883,14,26.5,15873
1367.3,883,64,26.5,15852
1368.4,883,9,27.2,15877
1369.4,883,2,27.1,15805
1370.4,883,28,26.3,15876
1371.5,883,96,29.0,15916
1372.5,883,1,26.7,15890
1373.5,883,3,26.6,15898
1374.5,886,15,27.0,15908
1375.5,886,4,26.8,15770
1376.6,885,4,27.2,15904
1377.6,885,29,25.3,15894
1378.6,885,7,25.9,15932
1379.7,884,7,27.0,15939
1380.7,884,31,30.3,15901
1381.7,884,3,32.0,15943
1382.7,884,13,31.1,15931
1383.7,884,26,32.6,15939
1384.8,900,29,35.5,15903
1385.8,899,33,28.1,15935
1386.8,878,10,28.2,15919
1387.8,879,40,29.8,15930
1388.9,879,3,26.5,15938
1389.9,873,12,28.6,15815
1390.9,896,22,27.3,15914
1391.9,902,18,29.4,15920
1393.0,880,3,28.5,15938
1394.0,913,8,27.3,16029
1395.0,912,12,26.0,15990
1396.0,905,5,26.3,15970
1397.1,905,62,27.6,15951
1398.1,869,14,26.5,15822
1399.1,875,20,30.6,16025
1400.1,856,1,29.8,15997
1401.2,856,31,27.8,15862
1402.2,855,6,25.7,15960
1403.2,855,5,25.6,15945
1404.2,844,5,26.5,15991
1405.3,844,7,25.5,16016
1406.3,846,8,27.6,15934
1407.4,852,18,28.2,15940
1408.4,858,16,29.1,15985
1409.4,860,15,27.4,15973
1410.4,859,38,26.2,15856
1411.4,860,7,27.0,15942
1412.5,850,6,28.3,16020
1413.5,849,69,26.4,16004
1414.5,848,1,26.3,16020
1415.6,847,1,25.4,15981
1416.6,846,4,26.5,15921
1417.6,837,5,26.5,15954
1418.6,837,4,25.5,16057
1419.7,846,8,27.6,16032
1420.7,856,3,29.6,15895
1421.7,855,21,28.6,15982
1422.7,859,22,28.4,16030
1423.8,864,37,30.7,16021
1424.8,865,3,28.5,15910
1425.8,875,18,31.3,16075
1426.8,870,41,26.8,16090
1427.9,872,42,28.9,16108
1428.9,872,12,26.4,15953
1429.9,867,8,26.9,16081
1430.9,859,62,28.9,16109
1432.0,856,20,27.7,16051
1433.0,878,3,31.4,16035
1434.0,878,3,26.8,16011
1435.0,875,28,27.5,16021
1436.1,870,31,28.7,16019
1437.1,868,23,25.7,16024
1438.2,848,31,27.3,16014
1439.2,848,14,26.6,15998
1440.2,848,14,25.6,16043
1441.2,848,29,28.7,16102
1442.3,848,27,25.7,16036
1443.3,848,31,25.5,16008
1444.3,848,5,24.8,15965
1445.4,848,8,26.2,16027
1446.4,848,32,24.5,16069
1447.4,848,67,31.2,15920
1448.5,848,14,31.7,16131
1449.5,848,14,32.4,16115
1450.5,848,12,32.4,16036
1451.5,848,31,31.2,16028
1452.6,848,63,31.2,16037
1453.6,848,17,32.4,16043
1454.6,848,7,29.8,15980
1455.7,848,31,31.9,16004
1456.7,848,2,27.7,16041
1457.7,848,5,29.7,16023
1458.8,848,58,30.8,15990
1459.8,848,12,24.4,15966
1460.8,848,7,24.5,15942
1461.8,848,1,26.1,15858
1462.9,848,0,28.6,15923
1463.9,848,12,28.8,16004
1464.9,848,15,30.6,15979
1465.9,848,29,31.3,16031
1467.0,848,17,30.8,16043
1468.0,848,22,32.2,16051
1469.0,848,16,33.6,16047
1470.0,848,8,29.4,15927
1471.1,848,15,27.1,15943
1472.1,848,6,25.5,15975
1473.1,848,30,26.7,16036
1474.2,848,23,25.7,16061
1475.2,848,5,27.9,16079
1476.2,848,39,26.6,15918
1477.2,848,11,27.0,16014
1478.3,848,96,28.2,16039
1479.3,848,11,29.0,16034
1480.3,848,12,25.3,16064
1481.4,850,31,31.6,16034
1482.4,850,1,27.2,15910
1483.4,849,1,26.2,16032
1484.4,849,5,26.4,16018
1485.5,849,6,25.7,16046
1486.5,849,8,26.3,16105
1487.5,849,7,25.3,16055
1488.5,849,93,30.9,16103
1489.6,849,12,30.0,15980
1490.6,849,0,26.0,16001
1491.6,849,5,25.4,16049
1492.6,853,16,27.4,16084
1493.7,853,22,30.1,16096
1494.7,853,14,31.7,16074
1495.7,853,25,31.5,16148
1496.7,853,25,31.8,16155
1497.8,852,28,31.9,16124
1498.8,852,31,31.5,16153
1499.8,852,18,28.0,16080
1500.8,852,4,26.2,15965
1501.8,852,4,26.1,16040
1502.9,852,6,27.7,16063
1503.9,851,2,28.4,16079
1504.9,851,4,26.9,16111
1505.9,851,8,25.8,16073
1507.0,851,28,25.4,15951
1508.0,851,29,28.1,16080
1509.0,851,8,26.3,16132
1510.0,851,9,26.7,16106
1511.1,850,7,25.9,16073
1512.1,855,100,31.0,16040
1513.1,855,5,30.4,16009
1514.1,855,23,34.2,15993
1515.2,872,29,33.7,15975
1516.2,863,33,30.1,16015
1517.2,882,4,27.3,16046
1518.2,907,4,28.3,16057
1519.3,885,39,26.9,16065
1520.3,885,10,25.8,16054
1521.3,885,8,25.4,15992
1522.4,867,9,27.4,16041
1523.5,860,18,29.1,15990
1524.5,859,1,25.0,15992
1525.5,859,3,25.9,16029
1526.6,866,7,29.1,16001
1527.6,906,13,26.2,15929
1528.6,906,39,27.9,16012
1529.6,904,9,25.1,16079
1530.7,903,6,27.3,16105
1531.7,903,10,25.4,16139
1532.7,875,19,26.1,16165
1533.8,875,14,24.8,16247
1534.8,875,11,23.8,16280
1535.9,875,39,23.2,16334
1536.9,875,14,22.5,16362
1537.9,899,29,27.3,16383
1538.9,913,88,25.4,16442
1539.9,894,2,24.5,16442
1541.0,896,14,26.5,16517
1542.0,896,0,25.8,16462
1543.0,899,18,28.1,16565
1544.1,912,18,29.1,16747
1545.1,911,3,26.8,16828
1546.1,911,2,26.9,16908
1547.1,905,3,25.1,16948
1548.2,901,4,25.8,16945
1549.2,862,9,25.4,16971
1550.2,862,6,26.8,17001
1551.2,853,9,25.7,16923
1552.3,853,7,24.7,16975
1553.3,853,9,24.5,17064
1554.3,853,6,23.2,17129
1555.4,853,9,24.1,17160
1556.4,853,11,24.9,17165
1557.4,852,13,23.8,17212
1558.4,852,1,25.4,17302
1559.5,867,1,26.5,17351
1560.5,902,15,25.8,17289
1561.5,899,5,24.6,17367
1562.5,906,50,27.0,17415
1563.6,906,3,25.3,17474
1564.6,885,2,26.8,17495
1565.6,887,3,26.2,17524
1566.6,887,47,26.1,17557
1567.7,871,16,24.9,17627
1568.7,870,14,25.4,17687
1569.7,870,12,25.1,17724
1570.8,858,10,25.6,17769
1571.8,858,6,26.2,17834
1572.8,858,1,25.0,17763
1573.8,856,1,24.9,17836
1574.8,856,4,25.3,17883
1575.9,856,6,24.5,17935
1576.9,855,10,26.5,17933
1577.9,867,8,27.7,17990
1578.9,867,1,26.0,18071
1580.0,867,3,23.7,18061
1581.0,867,82,25.4,18130
1582.0,878,30,27.7,18104
1583.0,877,19,27.3,18133
1584.1,876,0,25.0,18052
1585.1,878,3,27.8,18129
1586.1,880,10,26.6,18203
1587.1,879,32,25.7,18217
1588.2,876,10,27.1,18309
1589.2,886,19,27.8,18298
1590.2,878,2,24.7,18389
1591.2,877,12,24.1,18420
1592.3,871,4,25.3,18452
1593.3,905,4,26.4,18451
1594.3,900,16,26.6,18464
1595.3,900,9,24.8,18520
1596.4,896,2,27.8,18597
1597.4,896,21,30.3,18515
1598.4,875,9,24.5,18700
1599.4,875,15,24.2,18755
1600.5,875,35,27.5,18759
1601.5,875,44,25.0,18793
1602.5,875,25,26.7,18847
1603.5,875,26,28.7,18884
1604.6,875,16,26.1,18895
1605.6,875,24,26.0,18957
1606.6,875,63,29.4,18978
1607.7,875,13,25.3,18934
1608.7,875,4,25.3,19117
1609.7,875,26,26.6,19100
1610.8,876,31,27.1,19135
1611.8,876,7,24.7,19196
1612.8,876,22,25.1,19182
1613.8,876,16,25.7,19236
1614.9,876,49,28.7,19280
1615.9,876,30,24.5,19315
1616.9,876,15,24.5,19348
1617.9,876,23,25.2,19342
1619.0,876,34,24.7,19356
1620.0,876,39,24.5,19431
1621.0,876,14,25.2,19465
1622.0,876,22,24.6,19522
1623.1,876,31,24.4,19460
1624.1,876,8,25.3,19594
1625.1,876,30,25.3,19605
1626.2,876,43,25.7,19667
1627.2,876,14,22.9,19661
1628.2,876,15,26.3,19723
1629.3,876,5,26.6,19764
1630.3,876,3,24.8,19735
1631.3,876,24,24.3,19860
1632.4,876,20,25.6,19976
1633.4,875,74,25.2,20025
1634.4,875,29,24.8,20029
1635.5,875,20,25.3,20143
1636.5,875,14,25.0,20142
1637.5,875,37,24.4,20156
1638.5,875,32,24.5,20141
1639.6,875,30,25.2,20220
1640.6,875,32,24.1,20312
1641.6,875,33,23.9,20375
1642.7,875,14,25.7,20395
1643.7,875,15,25.7,20427
1644.7,875,28,26.2,20400
1645.8,875,15,24.4,20413
1646.8,875,15,25.2,20479
1647.8,875,31,24.5,20469
1648.8,875,42,24.6,20560
1649.9,875,21,24.0,20610
1650.9,875,18,25.1,20592
1651.9,875,50,25.5,20581
1653.0,875,30,25.8,20624
1654.0,875,14,25.0,20684
1655.0,875,46,25.1,20714
1656.0,875,23,24.8,20700
1657.1,875,23,26.0,20791
1658.1,875,37,26.7,20771
1659.1,875,22,25.0,20875
1660.1,875,15,23.5,20851
1661.2,875,16,24.5,20991
1662.2,875,29,24.8,20967
1663.2,875,32,26.2,21023
1664.2,875,30,24.2,21093
1665.3,875,59,24.5,21067
1666.3,875,30,24.6,21177
1667.4,875,31,23.5,21212
1668.4,875,58,25.3,21205
1669.4,875,15,24.4,21281
1670.4,875,29,25.4,21268
1671.5,875,30,25.0,21326
1672.5,875,31,24.2,21382
1673.5,875,20,25.5,21430
1674.6,875,19,24.8,21434
1675.6,875,21,25.3,21512
1676.6,875,8,25.0,21551
1677.6,875,8,24.5,21557
1678.7,875,25,24.9,21619
1679.7,875,34,24.6,21646
1680.7,875,54,24.3,21675
1681.8,875,50,24.3,21771
1682.8,875,41,27.3,21828
1683.9,875,30,25.7,21809
1684.9,875,16,25.3,21834
1685.9,875,26,24.8,21838
1686.9,875,30,25.8,21886
1688.0,875,11,26.2,21932
1689.0,875,19,26.4,22011
1690.0,875,0,24.4,22044
1691.0,875,4,24.3,22057
1692.1,875,31,23.5,22083
1693.1,875,29,24.8,22147
1694.1,875,29,24.6,22142
1695.2,875,30,23.9,22222
1696.2,875,29,25.3,22293
1697.2,867,39,24.9,22314
1698.2,855,16,24.6,22333
1699.3,855,23,25.5,22413
1700.3,855,25,25.5,22429
1701.3,855,15,26.0,22468
1702.4,855,19,25.7,22536
1703.4,855,30,24.7,22563
1704.4,855,32,25.6,22614
1705.5,855,46,24.9,22656
1706.5,855,26,25.0,22662
1707.5,855,25,25.0,22732
1708.5,855,37,25.8,22740
1709.6,855,51,27.7,22758
1710.6,855,3,25.2,22820
1711.6,855,13,24.7,22902
1712.6,855,14,24.9,22920
1713.7,855,15,25.5,23000
1714.7,855,16,29.6,22958
1715.7,856,14,31.5,23021
1716.7,856,3,24.8,23060
1717.8,856,8,25.1,23105
1718.8,856,14,25.5,23126
1719.8,856,14,26.2,23129
1720.9,856,8,28.6,23180
1721.9,856,40,27.2,23135
1722.9,856,5,24.2,23246
1724.0,856,7,24.9,23311
1725.0,856,14,23.7,23378
1726.0,856,13,25.1,23390
1727.1,856,31,23.8,23391
1728.1,856,21,24.0,23507
1729.1,856,30,25.4,23492
1730.2,856,24,25.0,23611
1731.2,856,28,25.5,23634
1732.3,856,30,25.1,23668
1733.3,856,14,23.3,23719
1734.3,856,15,24.9,23774
1735.4,856,33,25.1,23836
1736.4,856,31,24.8,23835
1737.4,856,31,24.1,23896
1738.5,856,44,25.6,23861
1739.5,856,41,24.5,23925
1740.5,856,11,25.1,23945
1741.6,856,14,23.8,23994
1742.6,856,36,23.4,24065
1743.6,856,33,23.5,24110
1744.7,856,30,23.7,24131
1745.7,856,29,24.4,24181
1746.8,856,29,24.5,24206
1747.8,856,29,24.5,24237
1748.8,856,31,24.5,24244
1749.9,856,26,24.4,24316
1750.9,856,30,23.3,24349
1752.0,856,25,23.9,24381
1753.0,856,32,24.5,24389
1754.0,856,32,24.0,24424
1755.1,856,21,24.4,24518
1756.1,856,36,23.7,24566
1757.1,856,55,25.8,24640
1758.2,856,33,24.7,24623
1759.2,856,31,22.8,24668
1760.2,856,30,23.7,24712
1761.3,856,30,23.7,24775
1762.3,856,30,24.2,24816
1763.3,856,32,23.6,24820
1764.4,856,23,22.9,24849
1765.4,856,15,22.8,24906
1766.4,856,12,24.5,24792
1767.5,856,30,24.4,24874
1768.5,856,33,22.9,24939
1769.5,856,18,22.8,24947
1770.5,856,26,23.0,25031
1771.6,856,31,23.2,25082
1772.6,856,33,23.0,25032
1773.7,856,32,22.8,25069
1774.7,856,29,24.3,24953
1775.7,856,29,24.3,24955
1776.7,856,31,22.9,25008
1777.7,856,30,22.5,24986
1778.8,856,32,24.6,24888
1779.8,856,30,21.9,24991
1780.8,856,39,23.8,25055
1781.9,856,13,23.2,24963
1782.9,856,32,23.5,25025
1783.9,856,23,22.0,24890
1785.0,856,36,23.0,24954
1786.0,856,25,23.5,24863
1787.0,856,31,22.3,24877
1788.1,856,33,21.7,24863
1789.1,856,31,23.8,24949
1790.1,856,22,23.0,24822
1791.2,856,32,22.6,24918
1792.2,856,30,25.1,24854
1793.2,856,33,22.8,24958
1794.3,856,9,22.6,24911
1795.3,856,10,23.0,24924
1796.3,856,31,23.1,25044
1797.4,856,12,24.0,25135
1798.4,856,34,23.1,25035
1799.4,856,30,23.5,25167
1800.5,856,33,24.8,25288
1801.5,856,31,24.4,25323
1802.5,856,31,22.2,25374
1803.6,856,32,23.6,25410
1804.6,856,16,23.4,25388
1805.6,856,18,23.3,25380
1806.6,856,14,24.5,25396
1807.7,856,31,23.5,25421
1808.7,856,21,24.2,25457
1809.7,856,18,24.7,25574
1810.8,856,21,22.9,25611
1811.8,856,31,24.5,25591
1812.9,856,30,24.3,25679
1813.9,856,33,23.1,25757
1814.9,856,31,23.5,25698
1815.9,856,31,29.4,25790
1817.0,855,3,25.7,25850
1818.0,855,11,25.1,25782
1819.0,855,10,24.8,25704
1820.0,855,14,24.9,25757
1821.1,855,14,24.3,25736
1822.1,855,6,24.6,25716
1823.1,855,56,24.5,25705
1824.1,855,36,23.5,25669
1825.2,855,54,24.2,25677
1826.2,855,25,23.3,25671
1827.2,856,24,25.1,25602
1828.3,878,10,28.9,25561
1829.3,884,24,28.0,25560
1830.3,862,6,23.6,25542
1831.3,863,3,25.0,25506
1832.4,863,17,25.3,25482
1833.4,871,2,27.9,25422
1834.4,865,12,25.1,25395
1835.4,864,5,25.6,25263
1836.5,895,4,26.7,25315
1837.5,895,25,26.0,25379
1838.5,887,3,24.2,25407
1839.5,885,29,24.4,25343
1840.5,885,28,24.1,25461
1841.6,861,28,25.1,25526
1842.6,861,16,24.2,25553
1843.6,861,25,24.8,25574
1844.7,861,31,22.3,25642
1845.7,861,36,25.6,25640
1846.7,861,40,23.2,25696
1847.8,861,42,25.2,25732
1848.8,861,53,23.9,25754
1849.9,861,15,23.6,25785
1850.9,861,10,23.8,25724
1851.9,861,46,24.2,25830
1853.0,861,49,25.8,25873
1854.0,861,12,23.6,25948
1855.0,861,21,25.8,25940
1856.0,861,14,23.8,25949
1857.1,861,15,25.0,25927
1858.1,861,18,24.5,26039
1859.1,861,26,24.5,26098
1860.2,861,28,24.1,26131
1861.2,861,16,24.5,26148
1862.2,861,15,23.6,26195
1863.2,861,19,24.6,26241
1864.3,861,36,24.5,26237
1865.3,861,57,23.6,26284
1866.3,861,26,24.4,26310
1867.3,861,26,23.5,26362
1868.4,861,29,24.2,26392
1869.4,861,29,23.6,26415
1870.4,861,27,24.3,26462
1871.5,861,26,23.9,26505
1872.5,861,25,24.4,26540
1873.5,861,17,23.8,26592
1874.5,861,46,23.5,26517
1875.6,861,26,24.2,26650
1876.6,883,96,25.4,26720
1877.6,889,18,29.2,26762
1878.6,890,27,25.4,26746
1879.7,889,36,28.9,26744
1880.7,889,4,24.8,26850
1881.7,889,17,25.0,26694
1882.7,875,11,25.1,26764
1883.8,855,27,24.9,26748
1884.9,845,4,25.5,26706
1885.9,845,36,24.5,26647
1886.9,845,3,23.9,26642
1887.9,871,0,23.4,26636
1889.0,875,51,26.5,26625
1890.0,874,2,25.2,26661
1891.0,875,22,23.6,26712
1892.0,875,33,25.0,26699
1893.1,890,16,26.8,26763
1894.1,863,19,25.3,26794
1895.1,862,55,25.1,26774
1896.1,862,4,23.7,26817
1897.2,862,10,23.2,26851
1898.2,847,11,23.8,26906
1899.2,847,30,24.9,26914
1900.2,847,7,24.6,26930
1901.3,847,32,24.0,26985
1902.3,847,14,24.8,26989
1903.3,845,21,25.5,27016
1904.3,844,0,25.0,27020
1905.4,844,15,24.1,27063
1906.4,845,6,24.3,27080
1907.4,844,3,23.2,27090
1908.4,845,16,25.6,27118
1909.5,844,1,24.4,27153
1910.5,844,16,23.7,27159
1911.5,844,31,25.3,27189
1912.5,844,6,24.6,27190
1913.5,844,0,25.1,27204
1914.6,844,0,23.7,27207
1915.6,844,7,23.5,27231
1916.6,844,25,25.7,27254
1917.6,845,0,24.4,27294
1918.7,843,1,24.6,27310
1919.7,844,5,23.9,27287
1920.7,844,6,23.8,27351
1921.7,844,40,25.8,27373
1922.8,845,28,25.0,27297
1923.8,845,12,25.5,27391
1924.8,846,10,28.1,27330
1925.9,863,2,25.5,27365
1926.9,862,16,24.9,27392
1927.9,862,1,24.2,27432
1928.9,868,8,24.7,27519
1930.0,867,40,26.0,27518
1931.0,870,13,26.1,27550
1932.0,870,6,24.4,27511
1933.1,870,8,25.4,27575
1934.1,867,18,28.0,27572
1935.1,851,3,25.8,27592
1936.1,866,7,26.7,27633
1937.2,867,19,24.8,27612
1938.2,868,1,23.7,27627
1939.2,867,6,24.4,27658
1940.2,864,11,23.6,27662
1941.2,864,1,23.3,27722
1942.3,858,7,25.2,27723
1943.3,842,9,24.4,27757
1944.3,842,7,24.7,27816
1945.4,847,4,25.7,27814
1946.4,845,20,24.5,27836
1947.4,845,7,23.7,27820
1948.5,847,19,25.1,27861
1949.5,847,10,23.6,27849
1950.5,847,9,25.2,27842
1951.5,847,9,23.8,27827
1952.6,847,7,23.6,27793
1953.6,867,7,23.8,27761
1954.7,866,0,24.4,27792
1955.7,866,2,23.1,27790
1956.7,865,9,22.7,27809
1957.7,865,10,23.1,27753
1958.8,840,8,23.8,27760
1959.8,880,90,28.9,27824
1960.8,878,18,26.5,27819
1961.8,895,21,27.8,27806
1962.9,896,39,27.3,27841
1963.9,894,6,24.3,27894
1964.9,893,7,24.9,27903
1965.9,893,7,24.0,27952
1967.0,886,14,26.1,27990
1968.0,890,69,25.2,28034
1969.0,902,5,25.9,28058
1970.0,908,23,26.3,28131
1971.1,907,26,26.2,28183
1972.1,902,37,25.3,28216
1973.1,902,2,24.2,28263
1974.2,890,21,27.2,28231
1975.2,904,23,32.2,28090
1976.2,900,29,28.5,28108
1977.2,900,32,26.4,28037
1978.3,936,37,32.3,28118
1979.3,922,73,31.1,28275
1980.3,885,17,28.9,28227
1981.4,906,16,31.7,28301
1982.4,899,12,26.2,28343
1983.4,925,30,26.9,28460
1984.4,936,17,25.8,28492
1985.5,935,3,23.7,28496
1986.5,931,68,23.7,28463
1987.5,931,2,24.4,28482
1988.5,924,26,27.0,28527
1989.5,903,26,27.0,28552
1990.6,903,32,25.7,28585
1991.6,902,14,24.5,28634
1992.6,900,4,24.3,28696
1993.6,900,9,24.4,28678
1994.7,888,40,25.8,28666
1995.7,907,14,25.7,28743
1996.7,906,17,24.2,28775
1997.7,902,4,24.6,28770
1998.7,904,38,25.4,28818
1999.8,903,14,26.3,28847
2000.8,898,5,24.5,28865
2001.8,898,2,25.1,28918
2002.8,897,2,23.1,28920
2003.9,897,5,23.6,28916
2004.9,893,7,25.3,28793
2005.9,889,19,24.9,28853
2007.0,889,7,23.9,28854
2008.0,889,7,24.0,28836
2009.0,889,0,25.6,28816
2010.0,889,2,23.6,28803
2011.1,889,7,23.2,28743
2012.1,889,7,23.3,28693
2013.1,889,7,23.2,28736
2014.1,889,7,23.3,28740
2015.2,889,9,23.6,28720
2016.2,889,9,24.2,28697
2017.2,889,7,25.8,28661
2018.2,889,7,23.8,28617
2019.3,889,8,22.7,28613
2020.3,889,7,24.0,28564
2021.3,889,9,23.0,28541
2022.4,889,2,22.7,28496
2023.4,889,8,23.8,28484
2024.4,889,7,25.0,28494
2025.4,889,10,24.1,28402
2026.5,889,7,24.6,28402
2027.5,889,7,23.8,28529
2028.5,889,9,22.7,28590
2029.6,889,9,23.9,28638
2030.6,889,9,24.0,28662
2031.6,889,7,23.8,28690
2032.6,889,7,23.0,28720
2033.7,889,7,23.2,28776
2034.7,889,6,23.7,28814
2035.7,889,9,23.6,28831
2036.8,889,7,22.6,28880
2037.8,889,0,24.8,28903
2038.8,889,0,24.7,28957
2039.8,889,7,24.6,28856
2040.9,889,9,24.2,28982
2041.9,889,9,22.6,29027
2042.9,889,9,23.0,29050
2044.0,889,11,24.6,29088
2045.0,889,10,24.2,29118
2046.0,889,7,23.8,29196
2047.0,889,9,22.1,29236
2048.1,896,7,24.4,29202
2049.2,931,10,25.7,29292
2050.2,927,0,25.9,29304
2051.2,925,2,24.2,29328
2052.2,949,17,25.4,29326
2053.3,946,17,24.2,29294
2054.3,927,68,27.0,29227
2055.3,900,17,27.7,29170
2056.3,897,23,32.2,29060
2057.3,937,16,36.4,29066
2058.4,957,29,34.3,29040
2059.4,962,34,32.5,28986
2060.4,961,5,24.8,29061
2061.4,959,7,24.0,28944
2062.5,954,7,24.8,29009
2063.5,947,0,23.7,28943
2064.5,940,7,24.0,28985
2065.5,918,7,30.6,28992
2066.6,935,8,25.1,29040
2067.6,935,6,27.2,29119
2068.6,935,7,26.7,29179
2069.7,940,9,29.2,29195
2070.7,935,5,23.9,29219
2071.7,937,6,25.0,29157
2072.7,936,49,25.6,29192
2073.8,936,12,26.0,29099
2074.8,919,67,24.4,29112
2075.8,914,4,25.2,29056
2076.8,915,4,26.2,28931
2077.9,914,34,25.4,28975
2078.9,913,8,24.1,28868
2079.9,913,23,24.7,28910
2080.9,908,0,25.9,28795
2082.0,908,11,23.7,28791
2083.0,908,45,24.6,28786
2084.1,907,24,27.0,28604
2085.1,907,81,27.9,28685
2086.1,907,7,24.3,28637
2087.1,907,14,25.3,28510
2088.2,907,0,25.8,28573
2089.2,907,19,23.7,28562
2090.2,907,19,23.3,28508
2091.3,907,23,24.4,28429
2092.3,907,26,25.4,28389
2093.3,907,29,24.6,28340
2094.4,907,24,25.3,28257
2095.4,907,11,25.3,28298
2096.4,907,25,23.5,28242
2097.4,907,40,24.6,28218
2098.5,907,15,24.4,28267
2099.5,907,10,23.5,28244
2100.5,907,40,24.3,28275
2101.6,907,61,25.4,28318
2102.6,908,9,21.7,27619
2103.7,908,4,12.6,24892
2104.7,915,24,11.9,24859
2105.7,915,2,11.0,24929
2106.7,918,17,11.4,25008
2107.7,917,4,11.0,24997
2108.8,917,9,11.0,25060
2109.8,917,2,11.0,25131
2110.8,917,21,10.8,25189
2111.8,905,31,10.8,25248
2112.9,905,31,11.1,25302
2113.9,905,30,10.5,25302
2114.9,874,30,14.7,25403
2116.0,875,78,13.3,25481
2117.0,875,19,11.7,25519
2118.0,874,0,10.4,25568
2119.0,874,0,11.3,25658
2120.0,873,0,10.8,25690
2121.1,873,0,13.2,25762
2122.1,873,0,10.5,25768
2123.1,873,0,11.1,25786
2124.1,873,0,10.9,25777
2125.2,873,0,11.0,25846
2126.2,873,0,11.2,25901
2127.2,873,7,10.6,25957
2128.2,873,9,12.9,26037
2129.3,873,8,11.1,26056
2130.3,873,0,10.4,26047
2131.3,873,2,10.8,26097
2132.3,873,2,11.0,26169
2133.4,873,7,11.2,26175
2134.4,873,7,10.1,26218
2135.4,873,7,11.8,26311
2136.4,873,0,10.9,26377
2137.5,873,0,10.8,26397
2138.5,873,7,11.0,26425
2139.5,873,7,11.0,26425
2140.5,873,7,11.1,26467
2141.5,873,5,11.8,26486
2142.6,873,0,10.4,26476
2143.6,873,6,10.7,26524
2144.6,873,7,10.6,26554
2145.6,873,0,10.9,26584
2146.7,873,7,10.5,26618
2147.7,873,7,10.6,26657
2148.7,873,7,10.8,26717
2149.7,873,7,10.6,26771
2150.8,873,0,11.1,26806
2151.8,873,0,10.7,26812
2152.8,873,7,11.9,26856
2153.8,873,7,10.9,26894
2154.9,873,7,11.0,26921
2155.9,873,2,11.0,26961
2156.9,873,0,10.8,26984
2157.9,873,6,10.6,27034
2159.0,873,7,10.6,27057
2160.0,873,4,10.4,27103
2161.0,873,9,10.9,27116
2162.0,873,7,10.6,27157
2163.1,873,7,10.9,27148
2164.1,873,7,15.5,27382
2165.1,873,0,11.8,27461
2166.1,873,0,11.0,27503
2167.2,873,7,13.3,27616
2168.2,873,7,10.3,27638
2169.2,873,7,10.7,27670
2170.2,873,7,10.9,27745
2171.3,873,0,10.9,27804
2172.3,873,7,10.9,27734
2173.3,873,7,10.5,27775
2174.3,873,7,10.9,27696
2175.4,873,7,10.7,27740
2176.4,873,7,10.7,27630
2177.4,873,8,11.0,27560
2178.4,873,0,10.8,27632
2179.4,873,0,11.0,27549
2180.5,873,7,10.9,27593
2181.5,873,7,10.7,27587
2182.5,873,7,10.8,27587
2183.5,873,0,11.7,27484
2184.6,873,9,10.8,27527
2185.6,873,7,11.2,27431
2186.6,873,7,10.7,27459
2187.6,873,7,10.4,27413
2188.7,873,7,10.1,27422
2189.7,873,7,10.8,27362
2190.7,873,7,10.9,27246
2191.7,873,7,10.9,27220
2192.8,873,0,10.8,27121
2193.8,873,0,11.5,27190
2194.8,873,7,10.4,27239
2195.8,873,1,11.1,27115
2196.9,873,7,11.3,27163
2197.9,873,0,11.2,27093
2198.9,873,7,10.8,27100
2199.9,873,7,10.5,27063
2201.0,873,5,10.1,27031
2202.0,873,9,10.4,26991
2203.0,873,7,10.4,26895
2204.0,873,7,10.5,26961
2205.1,873,7,11.1,26878
2206.1,873,8,12.6,26904
2207.1,873,0,11.2,26799
2208.1,873,0,10.6,26843
2209.2,873,7,10.8,26743
2210.2,873,0,10.4,26796
2211.2,873,7,10.9,26702
2212.2,873,7,10.4,26751
2213.3,873,7,11.0,26689
2214.3,873,7,11.7,26609
2215.3,873,7,10.6,26639
2216.3,873,7,10.7,26520
2217.4,873,7,10.3,26575
2218.4,873,7,10.7,26497
2219.4,873,7,10.8,26518
2220.4,873,7,10.7,26443
2221.5,873,7,10.7,26435
2222.5,873,0,10.3,26383
2223.5,873,7,10.9,26337
2224.5,873,7,10.5,26387
2225.6,880,13,11.9,26338
2226.6,880,7,11.2,26356
2227.6,878,7,11.0,26405
2228.6,878,7,10.6,26404
2229.7,878,7,10.6,26464
2230.7,873,7,10.2,26493
2231.7,873,7,11.1,26466
2232.7,873,7,10.3,26489
2233.8,873,7,11.2,26377
2234.8,873,7,10.5,26402
2235.8,873,7,10.8,26385
2236.8,873,8,10.7,26281
2237.8,873,7,10.1,26318
2238.9,873,9,10.3,26233
2239.9,873,7,11.0,26270
2240.9,873,7,10.3,26225
2241.9,873,7,10.5,26248
2243.0,873,7,10.5,26187
2244.0,873,7,11.1,26140
2245.0,873,7,10.9,26152
2246.0,873,7,11.0,26106
2247.1,873,7,10.5,26127
2248.1,873,7,10.9,26046
2249.1,873,5,10.8,26061
2250.1,873,0,10.6,25953
2251.2,873,0,10.6,26001
2252.2,873,7,11.3,25844
2253.2,873,7,11.0,25870
2254.2,873,7,10.9,25861
2255.3,873,7,10.7,25906
2256.3,873,7,10.8,25919
2257.3,873,7,11.4,26004
2258.3,873,7,11.4,26053
2259.4,873,7,11.8,26064
2260.4,873,7,14.0,26182
2261.4,873,7,11.5,26219
2262.4,873,7,11.2,26247
2263.5,873,0,11.5,26310
2264.5,873,0,11.8,26360
2265.5,873,7,11.1,26395
2266.5,873,7,11.9,26427
2267.6,873,7,12.0,26461
2268.6,873,7,12.3,26505
2269.6,873,8,11.1,26544
2270.6,873,7,11.1,26637
2271.7,873,7,11.9,26586
2272.7,873,7,11.4,26644
2273.7,873,7,12.1,26665
2274.7,873,7,12.0,26595
2275.8,873,7,11.8,26622
2276.8,873,7,12.5,26587
2277.8,873,0,11.3,26510
2278.8,873,0,11.4,26601
2279.9,873,0,12.3,26511
2280.9,873,7,11.7,26546
2281.9,873,7,11.9,26481
2282.9,873,7,12.1,26531
2284.0,873,7,11.6,26485
2285.0,873,7,12.0,26479
2286.0,873,7,13.1,26424
2287.0,873,7,12.8,26386
2288.1,873,7,12.0,26439
2289.1,873,7,11.9,26412
2290.1,873,2,11.7,26421
2291.1,873,0,12.1,26367
2292.2,873,0,12.2,26377
2293.2,873,0,12.8,26344
2294.2,873,0,12.3,26248
2295.2,873,7,12.1,26313
2296.3,873,7,12.5,26210
2297.3,873,7,11.8,26266
2298.3,873,7,11.9,26076
2299.3,873,7,12.3,26101
2300.4,873,7,11.5,26178
2301.4,873,7,11.6,26080
2302.4,873,7,12.6,26140
2303.4,873,0,13.2,26044
2304.5,873,0,12.2,26103
2305.5,873,3,12.5,25920
2306.5,873,2,12.3,25974
2307.5,873,7,15.2,25809
2308.6,873,7,15.5,25951
2309.6,873,7,12.1,25852
2310.6,873,7,13.3,25842
2311.6,873,7,12.0,25880
2312.7,873,7,12.3,25824
2313.7,873,7,12.2,25820
2314.7,873,7,14.6,25750
2315.7,873,7,12.5,25772
2316.8,873,7,12.5,25873
2317.8,873,7,12.3,25935
2318.8,873,0,12.8,25984
2319.8,873,0,12.3,26026
2320.9,873,0,11.7,26026
2321.9,873,0,11.6,26069
2322.9,873,0,12.3,26129
2323.9,873,0,12.9,26136
2325.0,873,7,12.0,26195
2326.0,873,7,14.6,26291
2327.0,873,7,25.6,26418
2328.0,873,7,22.7,26374
2329.1,873,7,22.1,26323
2330.1,873,11,11.5,26358
2331.1,873,0,12.0,26418
2332.1,873,0,12.1,26462
2333.2,873,7,12.2,26528
2334.2,873,0,11.9,26601
2335.2,873,0,11.8,26606
2336.2,873,0,11.6,26632
2337.2,873,7,12.3,26660
2338.3,873,7,11.3,26637
2339.3,873,7,12.0,26707
2340.3,873,13,13.4,26807
2341.3,873,7,15.4,26948
2342.4,873,7,15.9,27094
2343.4,873,2,16.2,27221
2344.4,873,0,18.8,27291
2345.4,873,9,21.8,27455
2346.5,873,7,25.0,27490
2347.5,873,7,23.6,27544
2348.5,873,7,22.2,27561
2349.5,873,7,22.4,27594
2350.6,873,7,23.3,27613
2351.6,873,7,23.1,27680
2352.6,873,0,23.9,27686
2353.6,873,0,24.0,27743
2354.7,873,7,25.7,27798
2355.7,873,0,23.7,27831
2356.7,873,7,22.9,27860
2357.7,857,0,23.7,27899
2358.8,857,0,26.1,27876
2359.8,857,7,24.2,27944
2360.8,857,8,23.7,27993
2361.8,857,7,24.0,28018
2362.9,857,7,24.8,28091
2363.9,857,7,23.9,28118
2364.9,857,7,22.0,28167
2365.9,857,6,23.0,28195
2367.0,857,0,24.3,28247
2368.0,857,8,26.8,28255
2369.0,857,3,23.2,28316
2370.0,857,6,24.4,28353
2371.1,857,0,24.9,28374
2372.1,857,0,24.2,28437
2373.1,857,6,24.2,28485
2374.2,857,6,24.4,28511
2375.2,857,6,24.1,28537
2376.2,857,6,24.0,28503
2377.3,857,6,23.8,28585
2378.3,857,7,22.5,28623
2379.3,857,7,24.1,28630
2380.3,857,0,24.3,28657
2381.4,857,0,25.5,28706
2382.4,857,7,23.2,28745
2383.4,857,9,24.6,28756
2384.5,857,6,24.6,28788
2385.5,857,5,23.7,28824
2386.5,857,7,23.7,28848
2387.6,857,6,23.1,28828
2388.6,857,0,23.2,28821
2389.6,857,0,22.3,28905
2390.6,857,0,23.2,28877
2391.7,857,0,24.1,28964
2392.7,857,0,23.0,28972
2393.7,857,0,23.9,29019
2394.7,857,0,24.6,29073
2395.8,857,0,22.7,29087
2396.8,857,7,24.0,29171
2397.8,857,9,23.4,29179
2398.8,857,0,24.7,29234
2399.9,857,8,24.4,29260
2400.9,857,8,24.5,29284
2401.9,857,7,23.8,29326
2402.9,857,8,24.0,29375
2403.9,857,7,24.5,29385
2405.0,857,8,23.6,29408
2406.0,857,7,22.9,29436
2407.0,857,7,23.4,29467
2408.0,857,7,24.8,29396
2409.1,857,0,24.1,29496
2410.1,857,0,23.4,29524
2411.1,857,7,24.7,29600
2412.1,857,7,25.3,29643
2413.2,857,7,24.7,29656
2414.2,857,7,24.9,29714
2415.2,857,8,24.7,29766
2416.2,857,8,23.7,29799
2417.3,857,8,24.0,29808
2418.3,857,8,24.6,29864
2419.3,857,8,23.2,29951
2420.3,857,8,22.6,29903
2421.4,857,7,24.6,29931
2422.4,857,0,22.7,29973
2423.4,857,0,24.4,29943
2424.4,857,7,23.9,30071
2425.5,857,8,23.3,30110
2426.5,857,8,23.8,30075
2427.5,857,7,24.3,30126
2428.5,857,8,23.4,30111
2429.6,857,8,26.6,30184
2430.6,857,7,24.2,30180
2431.6,857,7,25.4,30248
2432.7,857,8,24.1,30288
2433.7,857,7,24.1,30215
2434.7,857,8,23.0,30235
2435.7,857,5,25.7,30287
2436.8,857,0,23.4,30369
2437.8,857,4,24.3,30400
2438.8,857,0,24.1,30334
2439.8,857,6,23.6,30390
2440.9,857,5,25.3,30518
2441.9,857,7,24.0,30563
2442.9,857,7,24.7,30564
2444.0,857,8,23.3,30612
2445.0,857,8,22.8,30634
2446.0,857,8,23.5,30658
2447.1,857,7,22.6,30618
2448.1,857,8,22.9,30687
2449.1,857,7,22.6,30693
2450.1,857,7,24.5,30751
2451.2,857,0,23.9,30742
2452.2,857,3,34.1,30760
2453.3,857,0,53.3,30812
2454.5,857,0,68.3,30831
2456.4,857,0,93.7,30842
2467.2,857,0,94.6,30837
2485.8,857,0,81.7,30821
2489.8,857,0,89.7,29680
2497.0,855,10,37.4,16111
2498.1,855,9,31.8,7178
2499.1,855,9,31.8,6830
2500.1,855,8,24.2,6796
2501.1,855,8,23.3,6811
2502.2,855,8,22.8,6804
2503.2,855,8,23.2,6785
2504.2,855,0,21.8,6782
2505.3,855,0,23.1,6812
2506.3,855,0,23.1,6766
2507.3,855,0,23.2,6786
2508.4,855,9,24.1,6800
2509.4,855,8,22.8,6773
2510.4,855,8,23.2,6739
2511.4,855,8,21.9,6684
2512.5,855,8,16.8,6734
2513.5,855,8,16.3,6738
2514.5,855,7,15.9,6779
2515.6,855,8,16.2,6792
2516.6,855,7,17.0,6836
2517.6,855,0,16.4,6836
2518.6,855,0,18.1,6745
2519.7,855,8,16.2,6760
2520.7,855,0,16.3,6715
2521.7,855,0,16.0,6724
2522.7,855,9,16.3,6739
2523.8,855,9,15.7,6774
2524.8,855,8,16.8,6798
2525.8,855,8,17.3,6809
2526.9,855,8,16.7,6759
2527.9,855,8,16.6,6781
2528.9,855,8,16.1,6805
2529.9,855,0,15.4,6778
2531.0,855,8,16.6,6783
2532.0,855,8,17.1,6769
2533.0,855,2,16.4,6750
2534.0,855,8,16.9,6747
2535.1,855,0,16.7,6739
2536.1,855,5,16.7,6787
2537.1,855,12,17.0,6798
2538.2,855,15,16.5,6770
2539.2,855,17,17.1,6766
2540.2,855,8,15.9,6766
2541.2,855,9,16.5,6767
2542.3,855,8,15.7,6773
2543.3,855,17,16.4,6758
2544.3,855,8,15.7,6794
2545.3,855,8,15.9,6788
2546.4,855,8,16.4,6763
2547.4,855,8,15.9,6799
2548.4,855,7,15.7,6807
2549.4,855,8,16.6,6800
2550.5,855,15,15.9,6848
2551.5,855,15,16.8,6824
2552.5,855,15,16.9,6803
2553.5,855,17,16.9,6813
2554.6,855,15,16.3,6767
2555.6,855,10,16.8,6821
2556.6,855,6,15.6,6779
2557.7,855,15,15.4,6793
2558.7,855,2,16.4,6794
2559.7,855,4,16.3,6770
2560.7,855,8,16.0,6721
2561.8,855,8,16.8,6759
2562.8,855,7,16.8,6790
2563.8,855,8,16.4,6775
2564.9,855,15,17.3,6818
2565.9,855,17,17.3,6816
2566.9,855,17,17.3,6805
2567.9,807,17,16.7,6817
2569.0,807,14,16.8,6783
2570.0,807,11,17.4,6780
2571.0,807,8,17.0,6801
2572.0,807,15,15.9,6799
2573.1,807,10,16.1,6816
2574.1,807,8,16.9,6816
2575.1,807,8,16.8,6823
2576.1,807,8,16.3,6795
2577.2,807,8,16.6,6790
2578.2,807,8,16.5,6815
2579.2,807,8,15.9,6848
2580.3,807,8,15.8,6841
2581.3,807,15,17.5,6829
2582.3,807,15,16.1,6824
2583.3,807,17,16.1,6791
2584.4,807,15,16.7,6829
2585.4,807,8,16.3,6840
2586.4,807,15,17.3,6801
2587.4,807,15,16.3,6818
2588.5,807,15,16.8,6820
2589.5,807,15,16.3,6798
2590.5,807,8,15.8,6820
2591.6,807,8,17.1,6844
2592.6,807,8,16.2,6822
2593.6,807,8,16.4,6834
2594.6,807,8,16.3,6796
2595.7,807,8,16.4,6829
2596.7,807,8,16.8,6801
2597.7,807,14,16.3,6803
2598.7,807,15,15.4,6782
2599.8,807,11,15.7,6817
2600.8,807,15,16.9,6821
2601.8,807,15,15.8,6794
2602.8,807,15,16.5,6836
2603.9,807,15,15.9,6856
2604.9,807,8,16.5,6868
2605.9,807,8,17.2,6843
2607.0,807,8,16.6,6844
2608.0,807,8,17.2,6796
2609.0,807,7,16.8,6799
2610.0,807,8,16.1,6807
2611.1,807,8,14.9,6808
2612.1,807,15,15.8,6830
2613.1,807,15,15.4,6844
2614.2,807,9,15.3,6843
2615.2,807,15,15.5,6844
2616.2,807,15,15.7,6821
2617.2,807,15,16.3,6830
2618.3,807,15,16.5,6834
2619.3,807,15,14.8,6835
2620.3,807,7,15.4,6861
2621.3,807,0,15.4,6845
2622.4,807,9,14.6,6825
2623.4,807,0,16.4,6796
2624.4,807,8,15.5,6786
2625.5,807,6,15.2,6800
2626.5,807,8,15.9,6818
2627.5,807,8,15.3,6832
2628.5,807,15,14.6,6837
2629.6,807,17,16.7,6828
2630.6,807,8,15.5,6861
2631.6,807,15,15.1,6837
2632.6,807,15,15.7,6835
2633.7,807,15,16.1,6818
2634.7,807,8,16.3,6849
2635.7,807,15,15.1,6819
2636.7,807,7,16.0,6785
2637.8,807,0,15.6,6866
2638.8,807,0,15.5,6866
2639.8,807,8,15.2,6879
2640.9,807,7,15.5,6883
2641.9,807,8,16.6,6869
2642.9,807,8,15.2,6858
2643.9,807,15,14.7,6859
2645.0,807,15,16.3,6862
2646.0,807,9,15.7,6903
2647.0,807,15,15.7,6861
2648.1,807,10,16.3,6847
2649.1,807,8,16.3,6857
2650.1,807,8,15.1,6849
2651.1,807,14,16.0,6881
2652.1,807,11,16.4,6850
2653.2,807,7,14.9,6838
2654.2,807,8,15.5,6871
2655.2,807,8,15.4,6854
2656.2,807,8,15.6,6853
2657.3,807,8,16.6,6865
2658.3,807,8,15.9,6863
2659.3,807,15,15.2,6888
2660.4,807,15,16.3,6892
2661.4,807,15,15.8,6883
2662.4,807,7,16.5,6868
2663.4,807,8,15.4,6849
2664.5,807,8,16.3,6864
2665.5,807,8,17.8,6890
2666.5,807,15,16.6,6885
2667.5,807,8,17.5,6879
2668.6,807,15,15.6,6907
2669.6,807,8,16.6,6853
2670.6,807,8,16.1,6926
2671.6,807,8,15.6,6879
2672.7,807,15,15.7,6878
2673.7,807,15,17.0,6908
2674.7,807,15,16.5,6938
2675.7,807,15,16.1,6937
2676.8,807,8,15.1,6950
2677.8,807,11,15.1,6957
2678.8,807,15,17.1,6973
2679.9,807,15,16.1,6952
2680.9,807,8,14.9,6934
2681.9,807,8,14.6,6925
2682.9,807,7,15.2,6929
2684.0,807,8,15.6,6929
2685.0,807,8,15.3,6929
2686.0,807,8,15.6,6956
2687.0,807,8,16.9,6968
2688.1,807,15,15.9,6948
2689.1,807,15,16.7,6958
2690.1,807,15,15.6,6991
2691.2,807,7,17.0,6998
2692.2,807,8,15.6,7003
2693.2,807,15,15.9,6952
2694.2,807,15,16.1,6987
2695.3,807,15,15.8,6977
2696.3,807,15,16.1,7004
2697.3,807,15,16.3,6959
2698.4,807,7,17.0,6963
2699.4,807,8,17.3,6995
2700.4,807,7,16.7,7014
2701.4,807,8,15.9,7042
2702.5,807,11,16.6,7080
2703.5,807,8,16.3,7078
2704.5,807,15,17.6,7051
2705.5,807,11,18.0,7044
2706.6,807,15,16.1,7054
2707.6,807,15,17.6,7054
2708.6,807,15,17.4,7037
2709.6,807,15,17.3,7029
2710.7,807,7,15.5,7050
2711.7,807,15,16.8,7017
2712.7,807,8,16.9,7042
2713.8,807,15,18.0,7028
2714.8,807,7,16.2,7037
2715.8,807,8,15.4,7045
2716.8,807,19,17.8,7082
2717.9,725,8,17.3,7067
2718.9,725,15,16.8,7094
2719.9,725,15,17.3,7060
2720.9,725,15,16.6,7081
2721.9,725,15,16.9,7097
2723.0,725,15,17.7,7118
2724.0,725,15,16.0,7067
2725.0,725,15,17.1,7077
2726.1,725,15,17.1,7058
2727.1,725,15,15.5,7052
2728.1,725,8,16.6,7036
2729.1,725,8,17.2,7042
2730.2,725,8,15.9,7075
2731.2,725,8,16.6,7085
2732.2,725,7,15.9,7074
2733.3,725,8,16.6,7066
2734.3,725,8,16.7,7065
2735.3,725,15,17.5,7049
2736.3,725,15,17.3,7029
2737.4,725,15,15.3,7032
2738.4,725,15,16.6,7072
2739.4,725,8,17.0,7048
2740.4,725,15,16.7,7042
2741.5,725,8,15.9,7069
2742.5,725,3,16.9,7053
2743.5,725,6,16.4,7048
2744.5,725,0,16.2,7043
2745.6,725,5,16.2,7064
2746.6,725,11,16.0,7079
2747.6,725,7,16.3,7057
2748.6,725,8,16.2,7111
2749.7,725,8,17.1,7119
2750.7,725,7,17.6,7132
2751.7,725,15,15.5,7108
2752.8,725,15,15.9,7095
2753.8,725,15,16.4,7129
2754.8,725,8,16.2,7137
2755.8,725,8,16.8,7098
2756.9,725,8,15.7,7110
2757.9,725,10,17.4,7123
2758.9,725,8,18.0,7165
2759.9,725,8,16.8,7175
2761.0,725,8,16.5,7181
2762.0,725,8,16.6,7178
2763.0,725,8,17.2,7133
2764.0,725,8,16.2,7142
2765.1,725,17,16.4,7140
2766.1,725,15,16.8,7137
2767.1,725,15,17.8,7039
2768.1,725,17,17.0,7077
2769.2,725,13,16.1,7093
2770.2,725,8,16.7,7063
2771.2,725,9,15.9,7074
2772.2,725,8,16.6,7085
2773.3,725,8,17.2,7086
2774.3,725,8,16.7,7060
2775.3,725,8,16.3,7085
2776.4,725,8,17.7,7079
2777.4,725,8,16.7,7089
2778.4,725,8,16.5,7106
2779.4,725,8,15.6,7105
2780.5,725,15,15.2,7103
2781.5,725,17,14.7,7148
2782.5,725,17,15.4,7198
2783.6,725,14,15.7,7153
2784.6,725,8,16.3,7170
2785.6,725,15,16.2,7105
2786.6,725,15,16.3,7123
2787.7,725,15,16.2,7124
2788.7,725,8,16.1,7126
2789.7,725,8,16.7,7136
2790.7,725,8,15.7,7131
2791.8,725,8,16.8,7168
2792.8,725,8,16.7,7174
2793.8,725,8,17.3,7168
2794.8,725,15,17.7,7162
2795.9,725,15,15.9,7158
2796.9,725,15,16.0,7165
2797.9,725,15,17.6,7198
2798.9,725,14,16.1,7132
2800.0,725,15,17.4,7140
2801.0,725,15,16.9,7151
2802.0,725,15,16.0,7121
2803.0,725,8,17.3,7124
2804.1,725,8,16.7,7164
2805.1,725,8,16.0,7157
2806.1,725,8,15.9,7178
2807.1,725,8,15.6,7166
2808.2,725,8,15.8,7178
2809.2,725,8,16.4,7156
2810.2,725,8,16.2,7142
2811.2,725,8,16.7,7121
2812.3,725,15,16.3,7118
2813.3,725,15,17.7,7164
2814.3,725,15,16.5,7179
2815.4,725,15,16.2,7212
2816.4,725,15,17.1,7191
2817.4,725,8,16.9,7162
2818.4,725,15,16.2,7170
2819.5,725,8,16.5,7153
2820.5,725,7,16.8,7138
2821.5,725,7,17.5,7141
2822.5,725,7,16.4,7122
2823.6,725,7,16.7,7121
2824.6,725,8,16.8,7151
2825.6,725,15,16.8,7177
2826.6,725,4,16.8,7193
2827.7,725,8,17.0,7201
2828.7,725,8,17.8,7230
2829.7,725,8,16.6,7232
2830.7,725,0,16.7,7242
2831.8,725,0,15.2,7266
2832.8,725,8,16.6,7268
2833.8,725,15,16.4,7247
2834.9,725,8,15.4,7202
2835.9,725,7,15.8,7231
2836.9,725,0,17.1,7192
2837.9,725,8,16.0,7191
2839.0,725,8,17.9,7251
2840.0,725,0,16.6,7253
2841.0,725,8,17.9,7254
2842.1,725,8,16.0,7236
2843.1,725,7,16.5,7223
2844.1,725,8,15.2,7183
2845.1,725,0,16.2,7175
2846.2,725,0,17.1,7186
2847.2,725,8,16.1,7191
2848.2,725,8,17.4,7183
2849.2,725,8,16.4,7208
2850.3,725,8,17.8,7213
2851.3,725,7,17.5,7221
2852.3,725,0,16.7,7255
2853.3,725,0,17.5,7241
2854.4,725,7,16.9,7218
2855.4,725,8,16.8,7212
2856.4,725,8,18.3,7223
2857.4,725,7,17.2,7236
2858.5,725,0,16.4,7222
2859.5,725,8,16.6,7251
2860.5,725,8,15.7,7256
2861.5,725,8,16.8,7283
2862.6,725,7,16.8,7254
2863.6,725,0,16.2,7245
2864.6,725,1,16.7,7263
2865.6,725,11,17.3,7214
2866.7,725,8,16.9,7235
2867.7,725,5,16.3,7229
2868.7,725,7,15.8,7263
2869.8,725,8,16.6,7245
2870.8,725,7,16.3,7264
2871.8,725,8,16.1,7279
2872.8,725,0,16.4,7280
2873.9,725,0,17.6,7279
2874.9,725,8,17.1,7272
2875.9,725,8,17.5,7170
2876.9,725,8,15.9,7196
2878.0,725,3,15.9,7209
2879.0,725,7,16.0,7218
2880.0,725,0,16.3,7214
2881.0,725,8,16.8,7241
2882.1,725,8,16.4,7266
2883.1,725,8,16.1,7239
2884.1,725,8,17.0,7215
2885.1,725,8,17.3,7246
2886.2,725,8,16.7,7235
2887.2,725,8,16.7,7215
2888.2,725,8,16.2,7188
2889.3,725,8,17.0,7241
2890.3,725,8,16.5,7252
2891.3,725,8,16.9,7255
2892.3,725,8,15.9,7297
2893.4,725,11,17.0,7302
2894.4,725,5,17.1,7302
2895.4,725,8,17.2,7303
2896.5,725,8,17.1,7267
2897.5,725,13,16.9,7287
2898.5,725,15,16.9,7275
2899.5,725,8,15.7,7321
2900.6,725,7,16.2,7308
2901.6,725,2,17.1,7303
2902.6,725,1,16.7,7321
2903.6,725,1,16.0,7367
2904.7,725,1,17.0,7339
2905.7,725,11,16.0,7327
2906.7,725,8,16.0,7326
2907.7,725,11,16.8,7356
2908.8,725,7,16.6,7373
2909.8,725,8,15.7,7333
2910.8,725,8,16.3,7324
2911.8,725,11,16.0,7325
2912.9,725,15,16.5,7392
2913.9,725,8,16.4,7393
2914.9,725,0,15.2,7387
2915.9,725,8,17.7,7323
2917.0,725,0,16.9,7310
2918.0,725,1,16.0,7262
2919.0,725,0,15.7,7311
2920.0,725,8,17.6,7261
2921.1,725,8,15.4,7258
2922.1,725,8,16.3,7260
2923.1,725,7,17.2,7276
2924.2,725,8,16.0,7293
2925.2,725,8,16.3,7311
2926.2,725,8,16.3,7308
2927.2,725,8,16.4,7306
2928.3,725,8,16.7,7313
2929.3,725,3,15.9,7277
2930.3,725,0,15.8,7298
2931.3,725,10,16.7,7326
2932.4,725,7,15.9,7357
2933.4,725,8,16.9,7327
2934.4,725,8,16.3,7312
2935.4,725,8,16.2,7304
2936.5,725,7,16.1,7306
2937.5,725,8,16.6,7298
2938.5,725,8,16.6,7321
2939.6,725,8,16.5,7317
2940.6,725,8,17.0,7308
2941.6,725,8,16.4,7298
2942.6,725,7,16.5,7301
2943.7,725,8,16.0,7287
2944.7,725,0,16.2,7328
2945.7,725,8,17.0,7310
2946.7,725,5,16.3,7330
2947.8,725,8,16.5,7344
2948.8,725,8,15.2,7319
2949.8,725,8,15.9,7326
2950.9,725,8,16.9,7313
2951.9,725,8,15.5,7279
2952.9,725,8,16.8,7317
2953.9,725,8,16.7,7299
2955.0,725,8,15.4,7314
2956.0,725,8,16.4,7334
2957.0,725,3,16.3,7319
2958.0,725,0,16.9,7334
2959.1,725,8,15.9,7372
2960.1,725,8,16.6,7392
2961.1,725,8,16.1,7391
2962.2,725,8,15.9,7385
2963.2,725,8,16.8,7387
2964.2,725,8,17.8,7321
2965.2,725,8,17.0,7345
2966.3,725,8,16.1,7353
2967.3,725,8,15.3,7332
2968.3,725,8,16.6,7391
2969.3,725,8,15.6,7375
2970.4,725,8,15.1,7382
2971.4,725,0,16.0,7353
2972.4,725,9,16.1,7325
2973.4,725,0,16.5,7323
2974.5,725,2,15.8,7365
2975.5,725,8,15.4,7379
2976.5,725,8,15.6,7343
2977.5,724,0,18.4,7386
2978.6,727,5,23.0,7484
2979.6,727,4,17.6,7474
2980.6,727,24,16.9,7504
2981.6,727,46,16.6,7504
2982.7,813,63,22.9,7577
2983.7,802,42,21.3,7616
2984.7,814,5,20.1,7675
2985.8,813,8,24.5,7642
2986.8,811,69,19.8,7627
2987.8,811,4,20.2,7689
2988.8,806,3,20.6,7639
2989.9,787,8,19.6,7626
2990.9,792,66,21.4,7672
2991.9,875,5,17.6,7698
2992.9,854,39,18.4,7730
2993.9,854,11,17.5,7711
2995.0,854,15,15.9,7685
2996.0,849,38,16.2,7709
2997.0,849,17,17.6,7701
2998.0,849,17,17.2,7682
2999.1,849,26,18.2,7583
3000.2,849,0,19.1,7591
3001.2,849,27,17.2,7615
3002.2,849,30,16.8,7651
3003.2,849,14,17.0,7674
3004.3,849,28,16.2,7669
3005.3,849,35,16.6,7659
3006.3,849,58,17.0,7656
3007.3,849,29,16.6,7687
3008.4,849,28,17.2,7678
3009.4,850,15,17.5,7709
3010.4,861,17,22.6,7719
3011.4,860,0,48.8,7826
3012.5,860,12,20.3,7760
3013.5,859,14,36.7,7748
3014.5,862,2,23.1,7809
3015.5,862,12,24.3,7771
3016.6,861,7,37.3,7849
3017.6,860,14,20.7,7856
3018.6,860,23,39.2,7859
3019.6,860,75,20.6,7842
3020.7,849,15,40.3,7835
3021.7,849,48,22.2,7888
3022.8,849,24,33.8,7820
3023.8,849,15,24.0,7793
3024.8,849,57,21.6,7822
3025.9,849,51,37.3,7804
3026.9,849,0,20.3,7843
3027.9,849,40,21.6,7771
3028.9,849,32,27.1,7669
3030.0,853,25,16.5,7665
3031.0,853,30,16.9,7688
3032.0,853,23,16.7,7677
3033.0,853,15,16.7,7690
3034.0,853,47,17.2,7688
3035.1,853,31,16.1,7691
3036.1,853,25,18.5,7714
3037.1,853,25,16.8,7709
3038.1,853,56,17.8,7682
3039.2,853,27,17.3,7684
3040.2,853,19,16.4,7690
3041.2,853,13,16.4,7690
3042.3,853,35,16.7,7716
3043.3,853,30,16.3,7722
3044.3,853,31,16.7,7728
3045.4,853,30,15.7,7744
3046.4,853,29,16.9,7729
3047.4,853,17,16.0,7716
3048.4,853,15,16.8,7708
3049.5,853,20,15.3,7732
3050.5,853,45,17.0,7733
3051.5,853,15,16.8,7756
3052.5,853,27,16.5,7751
3053.6,853,14,17.0,7780
3054.6,853,10,16.4,7719
3055.6,853,30,17.5,7730
3056.7,853,19,18.0,7721
3057.7,853,15,16.4,7723
3058.7,853,52,16.5,7716
3059.7,853,33,16.9,7704
3060.8,853,0,15.9,7683
3061.8,853,15,15.4,7714
3062.8,853,15,17.4,7706
3063.9,853,15,17.6,7704
3064.9,853,19,16.0,7728
3065.9,853,11,17.4,7724
3067.0,853,29,17.9,7732
3068.0,853,14,15.7,7722
3069.0,853,15,15.7,7758
3070.1,853,30,17.9,7720
3071.1,853,15,17.2,7732
3072.1,853,15,15.3,7742
3073.2,853,40,17.2,7745
3074.2,853,27,17.9,7771
3075.2,853,0,15.9,7746
3076.2,853,14,16.4,7756
3077.3,853,38,17.3,7754
3078.3,853,44,16.6,7757
3079.3,853,23,16.3,7765
3080.4,853,15,16.8,7772
3081.4,853,31,16.8,7778
3082.4,853,30,17.0,7794
3083.5,853,29,17.2,7819
3084.5,853,14,17.0,7832
3085.5,853,14,16.9,7838
3086.5,853,23,17.4,7835
3087.6,853,15,17.2,7842
3088.6,853,0,16.8,7806
3089.6,853,31,17.6,7793
3090.7,853,30,17.2,7801
3091.7,853,22,18.2,7838
3092.7,853,46,18.0,7823
3093.8,853,29,16.7,7806
3094.8,853,15,17.3,7793
3095.8,853,15,16.6,7800
3096.8,853,29,17.1,7816
3097.9,853,15,17.0,7811
3098.9,853,15,16.6,7815
3099.9,853,30,17.0,7813
3100.9,853,31,17.0,7838
3102.0,853,34,17.5,7834
3103.0,853,33,17.4,7769
3104.0,853,37,16.2,7793
3105.1,853,9,17.5,7783
3106.1,853,11,16.2,7808
3107.1,853,57,17.4,7813
3108.1,853,31,16.8,7812
3109.2,853,29,16.3,7822
3110.2,853,41,15.8,7825
3111.2,853,29,17.1,7799
3112.3,853,29,16.9,7810
3113.3,853,30,15.6,7847
3114.3,853,29,17.0,7870
3115.3,853,12,16.9,7819
3116.4,853,12,15.8,7796
3117.4,853,10,16.4,7811
3118.4,853,10,17.8,7809
3119.5,853,15,16.6,7884
3120.5,853,15,17.1,7876
3121.5,853,33,17.0,7849
3122.6,853,29,17.1,7880
3123.6,853,65,16.4,7820
3124.6,853,14,17.9,7850
3125.6,853,33,17.5,7844
3126.7,853,27,17.1,7828
3127.7,853,26,18.1,7853
3128.7,853,33,17.5,7856
3129.8,853,15,17.5,7852
3130.8,853,13,18.1,7839
3131.9,853,14,17.4,7836
3132.9,853,13,17.3,7857
3133.9,853,29,16.6,7850
3134.9,860,15,15.9,7849
3136.0,858,15,16.9,7869
3137.0,858,30,16.7,7920
3138.1,858,47,18.9,7879
3139.1,858,30,16.8,7905
3140.1,853,31,17.4,7858
3141.1,853,37,16.9,7854
3142.2,853,24,16.8,7868
3143.2,853,29,15.9,7875
3144.2,853,18,16.7,7897
3145.2,853,19,17.8,7967
3146.3,853,8,16.2,7869
3147.3,853,25,16.7,7880
3148.3,853,15,17.1,7938
3149.3,853,15,16.6,7928
3150.4,853,29,16.4,7898
3151.4,853,17,17.4,7920
3152.4,853,36,16.2,7907
3153.4,853,53,18.0,7841
3154.5,853,40,17.0,7854
3155.5,853,34,16.9,7825
3156.5,853,15,17.2,7827
3157.6,853,7,17.7,7817
3158.6,853,23,17.1,7861
3159.6,853,38,17.8,7828
3160.7,853,30,16.5,7866
3161.7,853,30,18.5,7851
3162.7,853,30,17.3,7867
3163.8,853,15,16.5,7881
3164.8,853,15,16.0,7900
3165.8,853,41,17.3,7875
3166.8,853,29,17.5,7877
3167.8,853,15,17.8,7885
3168.9,853,11,17.3,7852
3169.9,853,29,16.7,7869
3170.9,853,21,16.5,7856
3171.9,853,10,17.6,7878
3173.0,853,5,18.4,7899
3174.0,853,19,17.8,7904
3175.0,853,30,17.2,7914
3176.0,853,41,18.5,7915
3177.1,853,71,18.2,7924
3178.1,853,28,17.7,7926
3179.1,853,31,16.4,7962
3180.2,853,45,17.0,7919
3181.2,853,26,16.9,7955
3182.2,853,25,18.0,7919
3183.3,853,10,16.1,7961
3184.3,853,15,18.1,7937
3185.3,853,27,16.3,7906
3186.4,853,15,16.8,7905
3187.4,853,16,16.4,7933
3188.4,853,29,16.3,7898
3189.5,853,30,17.2,7964
3190.5,853,30,16.2,7949
3191.5,853,48,17.3,7971
3192.6,853,30,16.9,7902
3193.6,853,73,17.7,7925
3194.6,853,30,18.0,7921
3195.7,853,14,18.7,7878
3196.7,853,15,20.0,7874
3197.8,853,15,18.1,7881
3198.8,853,19,18.5,7902
3199.8,853,52,18.0,7922
3200.9,853,18,17.7,7882
3201.9,853,0,18.7,7891
3202.9,853,29,16.7,7890
3203.9,853,15,15.7,7909
3205.0,853,15,17.0,7898
3206.0,853,39,17.0,7862
3207.0,853,30,16.9,7881
3208.1,853,23,16.5,7882
3209.1,853,35,17.2,7888
3210.2,853,8,17.0,7891
3211.2,853,8,17.3,7896
3212.2,853,8,17.2,7868
3213.2,853,10,16.9,7904
3214.3,853,19,17.9,7881
3215.3,853,30,19.0,7887
3216.3,853,40,17.5,7885
3217.3,853,15,18.3,7899
3218.4,853,28,16.9,7896
3219.4,853,15,16.7,7910
3220.4,853,15,17.1,7889
3221.4,853,31,17.3,7901
3222.5,853,52,17.3,7908
3223.5,853,22,18.4,7897
3224.6,853,33,18.4,7917
3225.6,853,27,17.7,7919
3226.7,853,15,16.6,7953
3227.7,853,15,17.1,7822
3228.7,853,0,17.7,7943
3229.8,853,0,16.2,7945
3230.8,853,15,16.8,7961
3231.8,854,11,19.2,8014
3232.9,895,3,21.8,7951
3233.9,904,25,17.9,7935
3234.9,909,6,16.8,7926
3235.9,910,4,17.2,7924
3237.0,942,21,19.6,7954
3238.0,926,7,17.4,8029
3239.0,932,31,22.4,8047
3240.0,932,5,20.7,8086
3241.1,931,3,17.4,7995
3242.1,932,3,19.1,8054
3243.1,925,20,21.0,8120
3244.1,927,0,21.5,8389
3245.2,920,4,16.8,8451
3246.2,933,5,17.8,8174
3247.2,933,1,16.2,8170
3248.2,925,16,18.0,8234
3249.2,925,3,16.4,8216
3250.3,925,4,16.7,8193
3251.3,923,94,20.0,8173
3252.3,923,15,19.4,8148
3253.3,923,0,17.3,8127
3254.3,925,3,17.2,8128
3255.4,927,20,20.0,8172
3256.4,927,15,17.4,8121
3257.4,927,11,18.5,8288
3258.4,927,15,23.0,8523
3259.5,927,2,19.5,8447
3260.5,927,4,18.2,8127
3261.5,927,21,16.7,8109
3262.5,927,2,17.6,8163
3263.6,927,77,18.7,8121
3264.6,927,17,19.7,8033
3265.6,919,0,18.2,8073
3266.6,919,5,17.0,8072
3267.6,919,8,16.3,8069
3268.7,919,18,16.8,8028
3269.7,919,18,16.4,8020
3270.7,900,19,15.8,8025
3271.8,900,0,16.7,8057
3272.8,900,8,16.8,8033
3273.8,900,7,17.2,8055
3274.8,900,8,17.5,8045
3275.9,900,7,17.4,8073
3276.9,900,8,16.7,8097
3277.9,900,7,17.1,8126
3278.9,911,85,17.5,8141
3280.0,923,16,21.6,8254
3281.0,923,0,16.0,8125
3282.0,923,3,16.7,8079
3283.0,923,4,16.7,8122
3284.0,923,5,16.6,8103
3285.1,896,7,16.2,8100
3286.1,904,8,16.8,7990
3287.2,915,12,17.5,8060
3288.2,915,1,15.8,8077
3289.2,915,4,15.8,8093
3290.2,915,6,16.3,8161
3291.3,915,0,15.4,8121
3292.3,896,7,17.2,8064
3293.3,896,7,16.0,8031
3294.3,896,2,15.3,8054
3295.4,896,7,16.7,7984
3296.4,896,7,17.9,7995
3297.4,896,8,16.8,8027
3298.4,920,7,17.1,8103
3299.5,920,4,16.5,8108
3300.5,919,0,15.7,8118
3301.5,919,3,15.5,8094
3302.5,919,4,15.6,8119
3303.5,912,7,15.1,8203
3304.6,892,8,16.3,8194
3305.6,892,0,16.4,8094
3306.6,892,8,16.5,8122
3307.6,892,8,15.2,8109
3308.7,892,7,16.8,8121
3309.7,892,8,16.2,8177
3310.7,892,8,15.7,8182
3311.7,892,7,16.7,8184
3312.8,892,0,16.5,8187
3313.8,892,0,15.7,8168
3314.8,892,7,15.8,8126
3315.8,892,7,16.7,8087
3316.9,912,7,15.9,8076
3318.0,865,1,18.1,8145
3319.0,865,1,16.4,8175
3320.0,884,69,17.8,8143
3321.0,869,2,17.1,8149
3322.0,911,3,17.1,8082
3323.1,893,35,17.0,8091
3324.1,882,64,15.8,8108
3325.1,883,1,17.5,8136
3326.1,882,65,16.8,8206
3327.1,904,13,18.9,8224
3328.2,903,3,17.4,8193
3329.2,903,29,16.2,8215
3330.2,895,3,17.4,8206
3331.2,896,0,16.9,8204
3332.3,897,74,16.0,8216
3333.3,880,62,15.8,8221
3334.3,880,3,16.8,8227
3335.3,871,5,16.7,8195
3336.4,871,96,17.5,8218
3337.4,871,1,17.4,8190
3338.4,871,3,16.7,8198
3339.4,871,5,17.4,8214
3340.4,889,7,16.2,8134
3341.5,887,57,16.0,8123
3342.5,886,2,15.2,8191
3343.5,886,4,16.4,8167
3344.5,886,15,15.9,8173
3345.6,878,25,15.7,8208
3346.6,878,23,16.0,8186
3347.6,878,8,15.8,8174
3348.7,878,14,16.1,8086
3349.7,878,51,15.8,8170
3350.7,878,23,16.3,8180
3351.7,878,15,15.9,8189
3352.8,878,37,15.3,8198
3353.8,878,49,16.4,8183
3354.8,878,11,15.2,8153
3355.8,878,0,15.2,8236
3356.9,878,24,17.3,8244
3357.9,878,18,16.5,8284
3358.9,878,10,16.0,8283
3359.9,878,17,16.0,8181
3360.9,878,8,17.2,8245
3362.0,878,15,15.7,8253
3363.0,878,60,16.0,8120
3364.1,878,15,17.5,8193
3365.1,878,15,16.3,8193
3366.1,878,50,16.5,8197
3367.1,878,29,16.7,8233
3368.2,878,29,16.7,8228
3369.2,878,23,16.2,8199
3370.2,878,0,16.2,8251
3371.2,878,30,16.8,8133
3372.3,878,64,15.9,8172
3373.3,878,19,16.2,8209
3374.3,878,31,15.4,8223
3375.3,878,59,17.0,8245
3376.3,878,15,16.4,8271
3377.4,878,15,15.0,8223
3378.4,878,42,16.0,8258
3379.4,878,29,15.7,8269
3380.4,878,15,15.2,8252
3381.5,878,15,15.3,8280
3382.5,878,20,18.1,8252
3383.5,878,30,15.7,8249
3384.6,878,10,15.5,8235
3385.6,888,5,17.3,8226
3386.6,888,47,15.7,8110
3387.6,893,1,16.8,8120
3388.6,900,12,15.9,8173
3389.7,902,3,16.3,8167
3390.7,904,68,16.1,8168
3391.7,910,19,18.8,8177
3392.7,910,3,18.5,8210
3393.7,901,4,16.9,8215
3394.8,903,3,15.8,8208
3395.8,903,2,16.3,8238
3396.8,903,0,16.6,8225
3397.8,903,0,15.8,8247
3398.9,903,5,15.6,8276
3399.9,903,7,16.5,8266
3400.9,891,95,17.0,8267
3401.9,891,2,16.6,8276
3402.9,891,3,15.7,8261
3404.0,891,5,16.4,8262
3405.0,891,6,15.9,8309
3406.0,890,7,15.8,8271
3407.0,890,7,17.2,8308
3408.0,890,7,16.4,8138
3409.1,890,7,16.2,8208
3410.1,890,7,17.8,8234
3411.1,903,29,16.4,8242
3412.1,903,0,17.2,8270
3413.2,903,0,17.3,8258
3414.2,903,9,16.0,8245
3415.2,903,4,16.9,8175
3416.3,873,5,15.9,8256
3417.3,873,98,15.8,8259
3418.3,873,1,16.3,8290
3419.3,873,3,16.8,8304
3420.4,871,5,15.9,8333
3421.4,871,6,16.0,8324
3422.4,871,6,16.5,8373
3423.4,871,7,17.3,8357
3424.4,876,70,16.4,8376
3425.5,878,0,17.0,8358
3426.5,878,2,17.7,8365
3427.5,878,4,17.4,8220
3428.5,878,5,17.0,8294
3429.6,878,7,16.5,8306
3430.6,878,7,16.7,8311
3431.6,878,7,16.2,8301
3432.6,878,8,17.1,8322
3433.7,878,7,17.5,8339
3434.7,878,7,17.1,8331
3435.7,878,7,18.3,8352
3436.7,878,0,16.6,8330
3437.8,878,25,17.1,8344
3438.8,878,13,16.8,8354
3439.9,878,14,17.6,8387
3440.9,891,3,16.2,8476
3441.9,891,64,18.2,8512
3442.9,891,1,17.0,8465
3444.0,891,5,17.4,8380
3445.0,892,10,16.7,8407
3446.0,890,2,15.9,8376
3447.0,890,2,16.6,8402
3448.0,889,5,16.2,8383
3449.1,889,7,18.0,8403
3450.1,889,7,16.2,8374
3451.1,872,7,16.8,8368
3452.1,872,0,16.1,8346
3453.2,872,0,16.2,8342
3454.2,872,0,17.2,8232
3455.2,876,27,16.9,8319
3456.3,877,14,17.8,8355
3457.3,877,12,17.0,8355
3458.3,877,12,16.9,8391
3459.4,876,4,16.9,8349
3460.4,876,5,17.4,8391
3461.4,876,7,15.6,8419
3462.4,872,8,16.5,8412
3463.5,872,7,17.2,8430
3464.5,872,7,17.4,8443
3465.5,872,0,16.8,8399
3466.5,872,0,17.3,8453
3467.6,872,0,17.1,8456
3468.6,872,0,17.1,8417
3469.6,872,7,16.8,8410
3470.6,872,8,16.2,8373
3471.7,872,27,17.5,8392
3472.7,872,7,17.6,8398
3473.7,872,7,16.3,8393
3474.8,872,7,16.8,8348
3475.8,872,7,16.4,8387
3476.8,872,7,17.1,8381
3477.8,872,8,16.0,8416
3478.9,872,6,16.4,8438
3479.9,872,0,16.1,8445
3480.9,872,0,17.5,8470
3481.9,872,0,16.2,8394
3483.0,872,7,17.4,8422
3484.0,872,7,16.6,8422
3485.0,872,7,16.1,8417
3486.0,872,7,16.2,8418
3487.1,872,7,16.9,8400
3488.1,872,8,16.9,8382
3489.1,872,7,16.3,8259
3490.2,872,7,17.8,8357
3491.2,872,7,16.0,8321
3492.2,872,0,17.1,8320
3493.2,872,0,15.3,8322
3494.3,872,7,16.6,8340
3495.3,872,0,15.3,8328
3496.3,872,0,16.0,8345
3497.3,872,7,16.5,8267
3498.4,872,7,17.8,8362
3499.4,872,7,15.6,8379
3500.4,872,7,16.4,8398
3501.4,872,7,15.6,8394
3502.5,872,7,15.8,8416
3503.5,872,7,16.5,8435
3504.5,872,8,16.0,8482
3505.6,872,7,16.4,8469
3506.6,872,7,16.4,8445
3507.6,872,7,16.8,8469
3508.6,872,0,16.2,8451
3509.7,872,0,15.8,8442
3510.7,885,5,16.8,8438
3511.7,885,14,16.5,8454
3512.7,884,3,16.3,8461
3513.8,884,4,15.8,8467
3514.8,884,5,16.0,8435
3515.8,873,1,15.9,8473
3516.8,876,13,15.6,8477
3517.8,893,28,15.4,8406
3518.9,893,2,17.0,8339
3519.9,893,0,15.6,8393
3520.9,893,4,16.3,8392
3521.9,893,75,15.6,8429
3522.9,873,0,16.6,8446
3524.0,873,2,16.4,8463
3525.0,873,4,15.7,8469
3526.0,873,7,15.6,8320
3527.1,873,8,15.9,8427
3528.1,873,32,15.9,8434
3529.1,873,1,16.4,8466
3530.1,873,1,16.4,8481
3531.2,873,9,17.3,8486
3532.2,873,5,17.7,8484
3533.2,873,28,17.5,8463
3534.2,873,4,16.6,8466
3535.3,873,4,15.4,8456
3536.3,873,2,15.9,8415
3537.3,884,5,16.9,8491
3538.4,884,3,16.1,8458
3539.4,884,3,16.0,8476
3540.4,883,32,16.4,8502
3541.4,883,3,16.5,8489
3542.5,889,15,17.2,8479
3543.5,889,6,15.9,8446
3544.5,880,4,15.7,8310
3545.5,880,12,16.4,8401
3546.5,884,0,15.5,8438
3547.6,884,4,15.6,8465
3548.6,884,1,16.7,8442
3549.6,884,3,14.9,8457
3550.6,884,0,14.9,8463
3551.7,884,0,16.4,8414
3552.7,884,7,16.2,8343
3553.7,884,1,17.1,8372
3554.7,884,1,16.1,8415
3555.7,884,4,16.0,8410
3556.8,884,5,16.1,8432
3557.8,884,0,15.6,8428
3558.8,884,7,16.2,8457
3559.8,884,0,17.1,8379
3560.9,884,0,17.4,8464
3561.9,884,8,16.6,8411
3562.9,884,7,16.2,8461
3563.9,884,4,17.6,8510
3565.0,884,0,17.1,8491
3566.0,884,0,15.8,8383
3567.0,884,3,15.9,8447
3568.0,884,8,16.0,8468
3569.1,884,7,15.8,8460
3570.1,884,7,16.1,8465
3571.1,884,8,14.8,8451
3572.2,884,7,16.1,8473
3573.2,884,0,16.1,8484
3574.2,889,73,17.5,8404
3575.3,889,12,17.6,8473
3576.3,888,7,16.8,8495
3577.3,888,15,18.0,8461
3578.3,888,16,17.4,8483
3579.4,884,24,18.6,8500
3580.4,884,31,17.4,8510
3581.4,884,29,16.5,8485
3582.4,884,51,17.8,8479
3583.5,884,20,15.9,8438
3584.5,884,10,17.0,8483
3585.5,884,3,17.7,8501
3586.6,884,19,16.6,8486
3587.6,884,13,16.6,8525
3588.6,884,14,17.4,8565
3589.6,884,34,17.2,8541
3590.7,884,49,16.9,8547
3591.7,884,38,16.7,8546
3592.7,884,43,17.8,8566
3593.8,884,15,18.0,8582
3594.8,884,19,18.0,8555
3595.8,884,22,16.7,8537
3596.8,884,18,17.6,8541
3597.9,884,24,16.7,8528
3598.9,884,10,17.5,8543
3599.9,884,15,17.6,8560
3601.0,884,29,16.5,8554
3602.0,884,29,16.4,8554
3603.1,884,14,16.5,8581
3604.1,884,14,16.2,8579
3605.1,884,15,17.7,8578
3606.1,884,28,16.7,8570
3607.2,884,44,17.6,8568
3608.2,884,24,16.4,8589
3609.2,884,34,16.9,8565
3610.3,878,32,17.6,8593
3611.3,878,3,17.6,8597
3612.3,878,6,17.1,8591
3613.3,878,0,17.2,8601
3614.4,879,4,17.4,8567
3615.4,875,77,17.4,8630
3616.4,875,4,18.1,8555
3617.5,849,3,18.2,8614
3618.5,849,12,16.9,8610
3619.5,849,29,17.6,8533
3620.5,848,29,17.1,8561
3621.6,848,7,18.0,8603
3622.6,848,7,17.1,8603
3623.6,853,7,17.5,8591
3624.6,864,4,18.9,8596
3625.6,868,26,18.1,8600
3626.7,867,0,18.6,8664
3627.7,867,2,18.1,8794
3628.7,867,6,18.6,8761
3629.7,867,7,18.1,8685
3630.8,867,7,17.5,8715
3631.8,859,7,17.6,8747
3632.8,859,7,17.9,8764
3633.8,859,16,17.6,8752
3634.9,859,8,16.8,8720
3635.9,859,8,16.2,8700
3636.9,859,4,16.3,8689
3637.9,859,7,16.8,8710
3638.9,859,7,15.7,8530
3640.0,859,0,16.2,8627
3641.0,859,0,18.1,8640
3642.0,859,5,15.8,8641
3643.0,859,7,16.0,8650
3644.1,859,7,16.9,8651
3645.1,859,7,16.2,8649
3646.1,859,7,16.4,8571
3647.1,859,7,16.3,8628
3648.2,859,7,15.8,8659
3649.2,859,7,16.4,8655
3650.2,859,7,16.3,8647
3651.3,859,7,15.8,8707
3652.3,859,7,15.8,8717
3653.3,859,0,16.0,8734
3654.3,859,0,16.7,8719
3655.4,859,7,16.9,8700
3656.4,859,8,17.2,8713
3657.4,859,7,17.2,8728
3658.4,859,7,17.8,8565
3659.5,859,8,17.3,8654
3660.5,859,13,16.5,8661
3661.5,859,7,17.2,8689
3662.5,859,7,17.1,8664
3663.6,859,7,16.8,8695
3664.6,859,14,16.8,8701
3665.6,859,7,16.3,8717
3666.6,859,0,17.3,8710
3667.7,859,1,16.4,8693
3668.7,859,7,16.0,8723
3669.7,859,7,16.6,8715
3670.7,859,7,16.6,8712
3671.8,859,7,16.1,8729
3672.8,859,7,16.5,8716
3673.8,859,7,16.3,8675
3674.8,859,7,16.5,8698
3675.9,859,7,16.5,8683
3676.9,859,8,16.0,8701
3677.9,859,4,16.4,8706
3678.9,859,58,17.5,8751
3680.0,859,1,16.7,8691
3681.0,863,1,17.0,8690
3682.0,863,17,17.6,8721
3683.1,863,13,17.3,8726
3684.1,863,4,16.8,8738
3685.1,863,3,16.4,8735
3686.1,861,69,17.0,8724
3687.1,861,2,17.0,8739
3688.2,863,13,16.7,8775
3689.2,863,3,15.5,8781
3690.2,863,3,17.2,8781
3691.2,863,3,17.1,8628
3692.3,863,0,16.1,8689
3693.3,876,0,16.4,8718
3694.3,876,1,16.9,8747
3695.3,876,3,15.7,8754
3696.4,876,4,15.6,8761
3697.4,876,5,17.0,8765
3698.4,876,7,16.0,8779
3699.4,842,7,17.3,8766
3700.5,842,7,17.3,8800
3701.5,844,7,16.0,8766
3702.5,844,7,15.8,8735
3703.5,844,8,16.4,8769
3704.6,844,7,16.2,8736
3705.6,844,6,15.3,8716
3706.6,844,2,17.0,8749
3707.7,842,1,16.3,8750
3708.7,842,7,17.1,8777
3709.7,842,7,17.0,8822
3710.7,842,7,16.7,8802
3711.8,842,7,15.8,8781
3712.8,842,7,16.6,8808
3713.8,843,15,16.9,8820
3714.8,852,6,16.9,8784
3715.9,852,13,16.5,8798
3716.9,851,22,16.5,8797
3717.9,851,15,15.8,8819
3718.9,851,34,16.9,8831
3719.9,842,41,16.8,8826
3721.0,842,39,15.9,8811
3722.0,842,31,16.5,8805
3723.0,842,52,17.5,8824
3724.0,842,54,17.6,8829
3725.1,842,30,16.1,8809
3726.1,842,31,16.6,8856
3727.2,842,31,16.1,8825
3728.2,842,30,16.0,8848
3729.2,842,53,18.4,8855
3730.3,842,20,15.9,8852
3731.3,842,20,15.7,8804
3732.3,842,42,16.0,8805
3733.3,842,0,17.3,8818
3734.4,842,0,15.8,8812
3735.4,842,20,17.7,8788
3736.4,842,0,17.0,8781
3737.5,842,2,17.4,8780
3738.5,842,58,16.0,8785
3739.5,842,30,17.0,8805
3740.5,842,31,17.6,8795
3741.6,842,50,16.0,8790
3742.6,842,32,16.9,8804
3743.6,842,32,16.2,8830
3744.7,842,51,17.2,8819
3745.8,842,29,16.5,8834
3746.8,842,24,16.8,8838
3747.8,842,0,16.6,8853
3748.8,842,29,17.1,8806
3749.9,842,65,17.5,8791
3750.9,842,15,17.0,8806
3751.9,842,29,17.3,8822
3753.0,842,48,16.4,8728
3754.0,842,29,17.1,8760
3755.0,842,15,17.3,8806
3756.0,842,23,16.5,8797
3757.1,843,0,17.4,8839
3758.1,843,0,16.5,8869
3759.1,843,22,16.9,8957
3760.1,843,0,16.1,8961
3761.2,843,0,16.9,8952
3762.2,843,19,16.5,8915
3763.2,843,22,17.8,8957
3764.2,843,32,17.4,8925
3765.3,843,18,17.3,8921
3766.3,843,31,17.8,8931
3767.3,843,0,17.1,8926
3768.3,843,40,18.7,8865
3769.4,843,46,16.7,8866
3770.4,843,25,17.5,8853
3771.4,843,23,16.9,8870
3772.4,843,30,16.3,8851
3773.5,843,17,17.5,8873
3774.5,843,26,17.0,8915
3775.5,843,0,16.1,8866
3776.6,843,0,17.3,8878
3777.6,843,0,16.8,8862
3778.6,843,13,16.0,8852
3779.6,843,0,17.4,8845
3780.7,843,0,16.3,8836
3781.7,843,30,17.6,8863
3782.7,843,20,17.0,8863
3783.7,843,21,17.2,8867
3784.8,843,21,16.5,8886
3785.8,843,3,17.3,8855
3786.8,843,13,16.2,8854
3787.9,843,29,17.4,8866
3788.9,843,56,16.5,8791
3789.9,843,29,16.1,8864
3790.9,843,25,16.3,8875
3792.0,843,37,17.1,8871
3793.0,843,42,16.9,8881
3794.0,843,30,17.3,8911
3795.1,843,29,17.0,8891
3796.1,843,15,16.8,8864
3797.1,843,19,16.4,8868
3798.2,843,21,17.2,8890
3799.2,843,13,16.9,8913
3800.3,843,17,17.1,8899
3801.3,843,15,16.7,8902
3802.3,843,27,16.9,8909
3803.4,848,31,17.6,8931
3804.4,848,1,17.3,8940
3805.4,848,11,17.0,8940
3806.5,847,45,17.1,8914
3807.5,847,25,16.7,8909
3808.5,847,15,16.3,8916
3809.5,848,20,18.2,8814
3810.6,848,21,17.3,8918
3811.6,847,0,16.7,8885
3812.6,847,0,16.7,8843
3813.7,847,0,16.0,8843
3814.7,843,8,15.7,8837
3815.7,843,8,16.5,8858
3816.8,843,7,15.9,8886
3817.8,843,8,16.9,8874
3818.9,867,16,16.9,8918
3819.9,867,16,17.0,8887
3820.9,868,28,17.7,8859
3821.9,869,3,16.2,8916
3823.0,869,14,16.6,8886
3824.0,866,5,17.8,8896
3825.0,866,21,16.7,8912
3826.0,869,18,17.4,8895
3827.0,868,0,18.2,8885
3828.1,871,4,19.5,8887
3829.1,877,3,17.4,8881
3830.1,876,16,17.0,8807
3831.2,881,70,24.4,9034
3832.2,873,17,20.2,9043
3833.2,871,6,16.5,9036
3834.2,870,4,16.7,8979
3835.2,870,34,17.6,8991
3836.3,843,4,15.9,8993
3837.3,820,2,16.6,8923
3838.3,836,65,17.8,8988
3839.3,836,6,18.2,8964
3840.4,840,26,16.2,9000
3841.4,840,35,18.2,9012
3842.4,840,40,18.6,9031
3843.4,830,41,19.9,9068
3844.4,834,37,21.9,8976
3845.5,826,33,18.6,9060
3846.5,827,11,19.7,9013
3847.5,852,20,21.2,8998
3848.5,851,3,18.6,8992
3849.6,850,12,17.5,9003
3850.6,853,4,18.6,9040
3851.6,852,19,17.4,9036
3852.6,824,15,18.5,9010
3853.6,820,25,17.5,8967
3854.7,819,26,18.0,8985
3855.7,814,30,18.1,9006
3856.7,819,32,24.2,9195
3857.7,825,23,22.0,9261
3858.7,854,24,25.1,9160
3859.8,854,13,25.1,9241
3860.8,850,4,18.3,9241
3861.8,847,72,17.1,9235
3862.8,848,3,17.5,9248
3863.9,877,14,17.8,9252
3864.9,882,14,17.6,9237
3865.9,884,27,18.8,9236
3866.9,883,30,17.7,9248
3867.9,883,9,21.0,9308
3869.0,881,70,18.5,9312
3870.0,871,7,17.6,9339
3871.0,863,4,16.3,9316
3872.0,864,14,17.3,9315
3873.1,864,3,15.9,9307
3874.1,864,11,17.3,9309
3875.1,877,5,19.0,9310
3876.1,884,13,19.0,9262
3877.2,883,14,18.9,9111
3878.2,881,3,16.8,9083
3879.2,893,58,18.0,9089
3880.2,825,20,18.7,9091
3881.3,823,15,24.0,9081
3882.3,821,25,18.8,9207
3883.3,821,27,21.0,9202
3884.3,824,12,21.5,9252
3885.4,824,7,25.5,9403
3886.4,825,9,26.8,9510
3887.4,830,18,25.1,9561
3888.4,829,2,25.0,9706
3889.5,856,4,24.4,9754
3890.5,859,71,22.0,9493
3891.5,856,3,17.4,9506
3892.5,849,4,16.5,9544
3893.6,849,14,16.9,9539
3894.6,844,23,16.9,9543
3895.6,809,22,17.1,9519
3896.6,807,33,17.9,9514
3897.7,807,33,16.2,9511
3898.7,807,30,16.9,9541
3899.7,807,24,16.1,9555
3900.7,807,8,17.2,9558
3901.8,807,7,16.4,9178
3902.8,807,7,17.6,9144
3903.8,807,8,16.3,9126
3904.8,807,7,16.6,9130
3905.9,807,2,17.4,9124
3906.9,807,7,16.9,9139
3907.9,807,8,17.4,9170
3908.9,807,7,17.3,9154
3910.0,807,8,17.0,9123
3911.0,807,7,16.8,9108
3912.0,807,8,16.7,9092
3913.1,807,7,16.3,9096
3914.1,807,8,16.3,9109
3915.1,807,7,15.4,9146
3916.1,807,7,16.0,9147
3917.2,807,8,18.0,9169
3918.2,807,7,17.6,9161
3919.2,807,0,16.0,9166
3920.2,807,0,16.3,9149
3921.3,807,0,17.2,9151
3922.3,807,7,16.1,9126
3923.3,807,8,18.3,9130
3924.3,807,7,17.4,9126
3925.4,807,8,16.8,9137
3926.4,807,7,16.3,9134
3927.4,807,7,17.4,9132
3928.5,807,8,17.0,9127
3929.5,807,7,15.9,9161
3930.5,807,7,16.6,9141
3931.5,807,6,17.2,9124
3932.6,807,7,16.6,9157
3933.6,807,9,17.7,9037
3934.6,807,7,17.0,9103
3935.6,807,5,16.4,9133
3936.7,807,7,17.6,9120
3937.7,807,7,16.7,9130
3938.7,807,8,17.1,9147
3939.7,807,8,18.7,9150
3940.8,807,7,17.5,9036
3941.8,807,7,16.9,9108
3942.8,807,7,17.4,9114
3943.9,807,7,16.8,9143
3944.9,807,8,16.6,9172
3945.9,807,7,17.1,9152
3946.9,784,66,17.2,9111
3948.0,784,2,16.3,9171
3949.0,787,22,18.1,9159
3950.0,786,12,17.6,9194
3951.0,784,3,16.5,9168
3952.0,783,76,17.9,9135
3953.1,783,13,17.5,9161
3954.1,785,10,18.4,9159
3955.1,787,3,17.5,9116
3956.1,788,28,18.2,9142
3957.2,788,2,17.7,9148
3958.2,788,2,15.8,9123
3959.2,788,0,17.1,9139
3960.2,788,0,18.3,9125
3961.3,783,78,20.0,9125
3962.3,783,0,18.4,9169
3963.3,783,1,16.7,9194
3964.3,783,10,17.8,9179
3965.4,783,9,16.8,9201
3966.4,775,10,16.5,9020
3967.4,775,10,17.6,9129
3968.4,775,11,18.6,9163
3969.4,775,10,17.0,9206
3970.5,775,9,17.5,9180
3971.5,775,10,17.7,9184
3972.5,775,9,18.0,9189
3973.5,775,9,18.3,9198
3974.6,775,9,17.2,9172
3975.6,775,9,17.6,9178
3976.6,775,8,17.3,9066
3977.6,775,7,17.8,9119
3978.7,775,7,16.7,9117
3979.7,775,7,16.7,9109
3980.7,775,7,17.3,9129
3981.7,775,7,16.7,9133
3982.8,775,7,17.0,9144
3983.8,775,7,17.0,9066
3984.8,775,0,16.4,9103
3985.8,775,0,16.8,9158
3986.9,775,8,18.3,9134
3987.9,775,7,17.2,9175
3988.9,775,7,17.6,9177
3989.9,775,7,17.7,9074
3991.0,775,7,16.8,9171
3992.0,775,7,16.3,9207
3993.0,775,7,16.8,9172
3994.1,775,7,17.4,9186
3995.1,775,7,16.1,9188
3996.1,775,7,18.3,9183
3997.1,775,7,18.0,9210
3998.2,775,7,17.1,9209
3999.2,775,8,17.1,9225
4000.2,775,0,17.9,9213
4001.2,775,2,17.7,9209
4002.3,775,5,18.8,9187
4003.3,775,7,17.2,9224
4004.3,775,7,18.1,9196
4005.4,775,8,17.5,9240
4006.4,775,7,17.1,9220
4007.4,775,8,17.1,9250
4008.4,775,7,16.5,9215
4009.5,775,7,16.8,9265
4010.5,775,7,16.6,9304
4011.5,775,7,18.6,9266
4012.5,775,8,17.7,9266
4013.6,775,9,18.6,9263
4014.6,775,2,17.4,9298
4015.6,775,7,17.7,9286
4016.6,775,7,16.6,9239
4017.7,775,7,16.3,9085
4018.7,775,7,16.7,9168
4019.7,775,7,17.7,9208
4020.7,775,7,16.3,9201
4021.8,775,7,16.3,9207
4022.8,775,7,17.1,9203
4023.8,775,7,16.6,9186
4024.8,775,7,16.5,9089
4025.9,775,11,17.1,9230
4026.9,775,7,17.6,9247
4027.9,775,0,16.3,9213
4028.9,775,7,16.8,9224
4030.0,775,7,17.9,9283
4031.0,775,7,17.0,9290
4032.0,775,7,16.4,9250
4033.1,775,7,17.7,9110
4034.1,775,7,17.7,9224
4035.1,775,7,17.7,9235
4036.1,775,7,17.3,9268
4037.2,775,7,15.9,9298
4038.2,775,8,16.4,9253
4039.2,775,9,16.6,9270
4040.3,775,0,16.9,9288
4041.3,775,7,16.5,9309
4042.3,775,7,18.5,9279
4043.3,775,7,18.2,9259
4044.4,775,7,17.7,9245
4045.4,775,7,17.9,9267
4046.4,775,7,17.7,9249
4047.4,775,8,16.3,9235
4048.5,775,7,17.2,9274
4049.5,775,7,17.9,9289
4050.5,775,7,16.7,9308
4051.6,775,7,15.8,9160
4052.6,775,7,18.2,9224
4053.6,775,11,17.4,9248
4054.6,775,9,17.3,9272
4055.7,775,7,17.6,9274
4056.7,775,7,18.3,9284
4057.7,775,7,17.3,9270
4058.8,775,7,17.3,9264
4059.8,775,7,17.3,9260
4060.8,775,8,17.1,9257
4061.8,775,7,17.1,9281
4062.9,775,7,17.8,9304
4063.9,775,7,16.4,9335
4064.9,775,0,16.9,9356
4065.9,775,0,18.3,9340
4067.0,775,7,17.0,9316
4068.0,775,0,17.0,9323
4069.0,775,7,17.2,9333
4070.0,775,7,17.3,9182
4071.1,775,7,17.8,9249
4072.1,775,7,18.8,9261
4073.1,775,7,17.8,9273
4074.2,775,7,17.0,9300
4075.2,775,7,16.4,9289
4076.2,775,7,17.3,9301
4077.2,775,7,16.8,9295
4078.3,775,7,16.6,9286
4079.3,775,0,16.6,9319
4080.3,775,11,16.5,9316
4081.3,775,7,16.5,9345
4082.4,775,5,17.2,9327
4083.4,775,7,15.9,9217
4084.4,775,7,16.3,9324
4085.4,775,7,17.4,9305
4086.5,775,7,16.2,9330
4087.5,775,7,17.9,9365
4088.5,775,7,16.8,9331
4089.6,775,7,16.1,9321
4090.6,775,7,17.0,9328
4091.6,775,7,17.1,9329
4092.6,775,0,16.7,9361
4093.6,775,7,16.6,9325
4094.7,775,7,17.8,9386
4095.7,775,7,16.8,9404
4096.7,775,7,16.8,9368
4097.8,775,8,17.2,9265
4098.8,775,7,18.6,9315
4099.8,775,7,17.3,9311
4100.8,775,7,17.6,9364
4101.9,775,7,16.9,9348
4102.9,775,7,16.6,9333
4103.9,775,7,17.6,9346
4105.0,775,7,17.6,9368
4106.0,775,7,17.2,9372
4107.0,775,0,18.5,9388
4108.0,775,7,17.0,9360
4109.1,775,7,17.1,9390
4110.1,775,8,17.9,9247
4111.1,775,7,17.0,9320
4112.1,775,8,16.3,9353
4113.2,775,7,17.7,9380
4114.2,775,7,17.0,9372
4115.2,775,7,16.6,9370
4116.3,775,7,16.7,9356
4117.3,775,7,17.7,9341
4118.3,775,0,16.1,9309
4119.3,775,7,17.2,9328
4120.4,775,7,17.3,9365
4121.4,775,5,16.7,9387
4122.4,775,7,17.6,9351
4123.4,775,7,18.9,9241
4124.5,775,8,17.2,9308
4125.5,775,8,16.4,9352
4126.5,775,7,16.9,9348
4127.6,775,8,17.0,9351
4128.6,775,7,17.3,9377
4129.6,775,7,16.7,9383
4130.6,775,7,16.0,9391
4131.7,775,7,17.5,9309
4132.7,775,7,18.2,9368
4133.7,775,0,16.4,9368
4134.7,775,0,18.1,9376
4135.8,775,8,18.4,9411
4136.8,775,7,17.6,9434
4137.8,775,8,17.1,9429
4138.8,775,8,17.6,9293
4139.9,775,8,17.6,9386
4140.9,775,7,16.5,9414
4141.9,775,7,18.0,9404
4142.9,775,7,17.3,9423
4144.0,775,7,16.2,9407
4145.0,775,8,17.5,9303
4146.0,775,8,16.9,9361
4147.1,775,12,18.2,9373
4148.1,775,7,17.3,9413
4149.1,775,6,18.0,9422
4150.1,775,8,16.3,9433
4151.2,775,7,17.1,9436
4152.2,775,8,18.0,9425
4153.2,775,8,16.2,9446
4154.3,775,7,18.0,9457
4155.3,775,7,17.6,9419
4156.3,775,8,18.1,9425
4157.3,775,7,17.9,9303
4158.4,775,8,17.7,9362
4159.4,775,0,17.6,9377
4160.4,775,8,18.2,9388
4161.4,775,7,17.9,9418
4162.5,775,7,19.0,9436
4163.5,775,8,17.6,9434
4164.5,775,8,18.5,9425
4165.5,775,8,16.0,9411
4166.6,775,7,18.8,9428
4167.6,775,7,17.0,9438
4168.6,775,7,17.3,9442
4169.6,775,8,17.9,9427
4170.7,775,7,17.9,9457
4171.7,775,8,17.4,9492
4172.7,775,8,16.6,9454
4173.8,775,0,17.7,9443
4174.8,775,0,17.4,9438
4175.8,775,7,19.1,9433
4176.8,775,8,16.9,9445
4177.9,775,8,17.0,9433
4178.9,775,7,18.0,9439
4179.9,775,8,18.0,9450
4180.9,775,8,17.5,9442
4182.0,775,8,18.2,9429
4183.0,775,8,18.1,9436
4184.0,775,6,16.4,9432
4185.0,775,9,17.2,9343
4186.1,775,8,18.1,9417
4187.1,775,8,17.0,9396
4188.1,775,2,17.5,9420
4189.2,775,8,17.4,9411
4190.2,775,7,16.9,9441
4191.2,775,8,17.7,9362
4192.2,775,7,16.5,9422
4193.3,775,7,16.8,9445
4194.3,775,7,17.4,9464
4195.3,775,8,16.7,9476
4196.4,775,7,17.1,9516
4197.4,775,8,17.7,9370
4198.4,775,8,18.1,9448
4199.4,775,7,17.9,9449
4200.5,775,0,16.7,9474
4201.5,775,7,16.3,9489
4202.5,775,3,16.6,9492
4203.5,775,7,15.6,9524
4204.6,775,7,16.8,9462
4205.6,775,7,16.7,9443
4206.6,775,7,16.5,9474
4207.7,775,7,16.1,9519
4208.7,775,7,15.5,9509
4209.7,775,7,16.6,9519
4210.7,775,7,17.6,9491
4211.8,775,7,16.4,9497
4212.8,775,4,15.5,9516
4213.8,775,7,15.5,9473
4214.8,775,3,15.8,9510
4215.9,775,8,15.7,9496
4216.9,775,7,16.5,9500
4217.9,775,7,15.9,9485
4218.9,775,8,17.8,9474
4220.0,775,7,16.2,9398
4221.0,775,8,16.9,9487
4222.0,775,7,16.1,9472
4223.0,775,7,16.4,9484
4224.1,775,7,15.4,9464
4225.1,775,7,17.0,9495
4226.1,775,0,15.9,9494
4227.2,775,5,16.7,9487
4228.2,775,7,16.6,9381
4229.2,775,8,16.9,9438
4230.2,775,7,15.5,9467
4231.3,775,8,16.2,9488
4232.3,775,7,15.6,9521
4233.3,775,7,16.4,9505
4234.3,775,7,16.0,9514
4235.4,775,7,16.8,9518
4236.4,775,7,16.4,9521
4237.4,775,0,16.8,9529
4238.4,775,8,15.6,9552
4239.5,775,0,16.9,9552
4240.5,775,7,16.2,9507
4241.5,775,7,16.2,9563
4242.6,775,7,17.1,9552
4243.6,775,7,15.5,9527
4244.6,775,7,16.2,9555
4245.6,775,8,16.7,9538
4246.7,775,7,16.1,9527
4247.7,764,7,18.7,9530
4248.9,739,14,18.7,9508
4249.9,739,3,20.2,9563
4250.9,739,13,16.8,9550
4251.9,739,7,16.7,9562
4253.0,767,14,18.6,9548
4254.0,792,4,21.4,9568
4255.0,792,2,17.1,9594
4256.0,794,4,16.4,9575
4257.1,794,10,18.0,9583
4258.1,904,52,18.3,9600
4259.1,881,5,19.8,9677
4260.1,881,14,19.4,9709
4261.1,879,25,19.0,9728
4262.2,877,16,19.6,9717
4263.2,873,21,18.3,9768
4264.2,865,51,20.6,9711
4265.2,865,11,23.9,9782
4266.3,865,8,21.9,9746
4267.3,865,15,17.3,9762
4268.3,865,29,16.6,9790
4269.4,865,15,17.2,9742
4270.4,865,26,17.2,9736
4271.4,865,31,15.9,9744
4272.4,865,21,17.0,9720
4273.5,865,15,17.4,9739
4274.5,865,56,17.9,9686
4275.5,865,15,17.6,9731
4276.5,865,25,17.5,9700
4277.6,865,17,18.2,9717
4278.6,865,15,16.9,9730
4279.6,865,23,15.8,9746
4280.7,865,19,16.8,9732
4281.7,865,8,16.9,9710
4282.7,865,21,15.7,9679
4283.7,871,29,17.7,9656
4284.8,871,14,16.7,9656
4285.8,869,23,15.5,9639
4286.8,869,15,17.1,9676
4287.8,869,15,16.6,9664
4288.9,865,15,16.2,9653
4289.9,865,15,17.0,9649
4290.9,865,30,16.5,9654
4291.9,865,6,17.1,9677
4293.0,865,6,16.6,9661
4294.0,865,45,15.8,9641
4295.0,865,15,16.1,9668
4296.0,865,16,16.6,9653
4297.1,865,44,17.0,9688
4298.1,865,29,16.5,9703
4299.2,865,50,15.7,9724
4300.2,865,23,17.6,9712
4301.2,865,30,16.1,9677
4302.2,865,15,17.2,9698
4303.3,865,14,17.0,9685
4304.3,865,13,16.6,9700
4305.3,865,9,17.1,9699
4306.3,865,8,17.1,9680
4307.3,865,15,17.2,9619
4308.4,865,25,18.2,9649
4309.4,865,40,18.3,9675
4310.4,865,38,16.3,9688
4311.5,865,15,17.0,9724
4312.5,865,30,16.0,9711
4313.5,865,57,16.1,9670
4314.5,865,30,17.4,9713
4315.6,865,30,16.4,9712
4316.6,865,29,17.0,9704
4317.6,865,19,17.6,9690
4318.6,865,10,17.5,9618
4319.7,865,12,18.3,9668
4320.7,865,14,17.2,9695
4321.7,865,27,16.5,9695
4322.7,865,53,17.7,9696
4323.8,865,25,16.3,9696
4324.8,865,20,16.9,9710
4325.8,865,31,15.6,9716
4326.8,865,15,17.3,9735
4327.9,865,15,16.8,9735
4328.9,865,15,17.0,9734
4329.9,865,49,15.8,9737
4330.9,865,30,17.1,9728
4332.0,865,16,16.5,9716
4333.0,865,23,16.9,9721
4334.0,865,17,16.3,9723
4335.0,865,25,16.9,9747
4336.1,865,29,17.8,9751
4337.1,865,15,16.8,9742
4338.1,865,15,16.3,9754
4339.1,865,30,16.6,9785
4340.2,865,29,16.0,9759
4341.2,865,15,16.1,9752
4342.2,865,15,15.5,9736
4343.2,865,30,15.9,9724
4344.3,865,56,16.2,9748
4345.3,865,13,16.0,9763
4346.3,865,25,16.5,9748
4347.3,865,72,16.2,9758
4348.4,865,54,16.5,9782
4349.4,865,41,15.5,9775
4350.4,865,32,15.8,9760
4351.5,865,31,16.5,9739
4352.5,865,30,15.8,9750
4353.5,865,30,15.7,9762
4354.5,865,15,16.4,9759
4355.6,865,15,16.8,9759
4356.6,865,15,16.2,9762
4357.6,865,12,17.0,9798
4358.7,865,51,15.8,9814
4359.7,870,73,15.8,9771
4360.7,870,1,16.3,9759
4361.7,869,0,17.1,9742
4362.7,874,4,15.8,9776
4363.8,874,71,17.2,9761
4364.8,873,23,16.3,9763
4365.8,873,23,17.2,9759
4366.9,873,51,16.9,9745
4367.9,865,15,16.3,9765
4368.9,865,42,16.5,9785
4369.9,865,15,18.4,9792
4371.0,865,11,17.4,9783
4372.0,865,25,17.1,9750
4373.0,865,5,16.9,9744
4374.0,865,38,16.8,9771
4375.1,865,31,16.8,9734
4376.1,865,8,17.9,9750
4377.1,865,29,16.7,9755
4378.1,865,44,16.7,9726
4379.1,865,48,17.4,9729
4380.2,865,14,17.5,9750
4381.2,872,77,17.2,9749
4382.2,874,3,16.2,9764
4383.2,879,67,15.9,9748
4384.3,878,5,16.7,9679
4385.3,878,4,17.6,9740
4386.3,876,4,17.1,9815
4387.3,876,4,17.5,9809
4388.4,876,66,17.6,9791
4389.4,876,18,17.4,9806
4390.4,876,12,17.4,9788
4391.4,876,4,14.9,9781
4392.4,876,6,16.9,9757
4393.5,876,8,14.9,9758
4394.5,874,8,15.6,9795
4395.5,874,8,17.3,9787
4396.5,874,7,16.1,9800
4397.6,874,8,15.3,9814
4398.6,891,82,16.0,9842
4399.6,910,18,16.9,9831
4400.6,915,7,18.2,9858
4401.6,914,44,18.8,9806
4402.7,892,19,17.8,9796
4403.7,893,46,17.9,9806
4404.7,893,61,17.0,9836
4405.8,889,34,17.8,9792
4406.8,889,15,19.4,9809
4407.8,888,16,16.2,9806
4408.8,886,7,16.8,9815
4409.8,883,6,17.9,9835
4410.9,867,21,16.9,9809
4411.9,867,15,17.5,9831
4412.9,867,8,17.9,9835
4414.0,866,7,16.0,9851
4415.0,866,19,15.1,9803
4416.0,865,8,18.4,9804
4417.0,865,92,18.0,9801
4418.1,866,8,17.1,9814
4419.1,865,7,17.1,9838
4420.1,865,14,18.4,9849
4421.1,865,7,15.9,9857
4422.2,865,17,16.4,9867
4423.2,865,100,17.4,9859
4424.2,865,16,17.6,9845
4425.2,865,8,17.0,9841
4426.3,865,15,18.0,9866
4427.3,896,20,23.7,10012
4428.3,907,20,19.0,10027
4429.3,907,29,18.5,10021
4430.3,906,10,19.9,10030
4431.4,905,31,22.4,10087
4432.4,899,12,16.4,10072
4433.4,899,37,18.6,10075
4434.4,899,7,18.5,10096
4435.5,899,34,20.3,10108
4436.5,899,21,22.4,10139
4437.5,899,6,18.6,10197
4438.5,899,7,19.4,10181
4439.6,899,5,17.3,10111
4440.6,899,2,20.6,10241
4441.6,899,43,23.9,10345
4442.6,898,41,21.7,10400
4443.7,898,8,17.8,10380
4444.7,899,5,17.4,10405
4445.7,899,3,18.9,10385
4446.7,898,15,17.9,10375
4447.8,870,11,16.9,10368
4448.8,871,1,18.7,10364
4449.8,934,0,21.1,10433
4450.8,933,26,17.8,10413
4451.8,930,0,17.3,10431
4452.9,930,0,16.7,10452
4453.9,935,58,18.3,10431
4454.9,898,20,17.4,10417
4455.9,898,15,17.2,10409
4457.0,898,30,17.1,10451
4458.0,890,25,17.2,10464
4459.0,890,15,18.3,10131
4460.1,887,29,16.8,10116
4461.1,887,38,17.8,10124
4462.1,887,14,17.9,10010
4463.1,887,29,18.3,10015
4464.1,887,9,15.9,10017
4465.2,887,13,16.8,10004
4466.2,894,13,17.1,10040
4467.2,894,3,17.5,10022
4468.2,894,7,17.3,10020
4469.3,894,7,17.2,10024
4470.3,894,8,16.7,9989
4471.3,885,7,16.6,9995
4472.3,885,8,18.0,9991
4473.4,885,7,15.9,10041
4474.4,885,11,16.5,10008
4475.4,885,8,16.5,10016
4476.4,885,8,16.1,9978
4477.5,885,8,16.5,9988
4478.5,885,5,15.8,9976
4479.5,885,0,16.5,9984
4480.5,885,11,16.1,9958
4481.6,885,7,16.8,9973
4482.6,885,7,16.3,9970
4483.6,885,7,17.2,9938
4484.6,885,8,16.9,9943
4485.7,885,8,17.9,9933
4486.7,885,8,16.8,9948
4487.7,885,8,16.3,9943
4488.7,885,8,17.2,9945
4489.8,885,8,16.1,9933
4490.8,890,7,18.2,9982
4491.8,912,9,17.4,9988
4492.8,917,10,20.2,9973
4493.8,897,30,18.2,9981
4494.9,897,34,18.1,10001
4495.9,893,29,17.9,9988
4496.9,883,36,16.7,9992
4497.9,883,41,19.4,9990
4498.9,883,2,18.6,9984
4500.0,883,3,16.8,10010
4501.0,882,3,17.4,10019
4502.0,887,2,17.9,10016
4503.0,881,18,17.2,10035
4504.1,874,14,18.5,10040
4505.1,874,13,17.0,10023
4506.1,909,37,24.8,10083
4507.1,909,19,19.1,10084
4508.1,919,33,20.8,10218
4509.2,926,37,19.6,10237
4510.2,926,21,19.3,10200
4511.2,926,3,18.2,10197
4512.2,913,4,17.0,10212
4513.3,924,60,18.2,10222
4514.3,924,7,17.3,10206
4515.3,906,4,17.5,10228
4516.3,906,13,16.1,10212
4517.3,906,14,16.0,10211
4518.4,890,12,16.9,10249
4519.4,890,19,15.8,10236
4520.4,890,23,16.7,10238
4521.5,890,28,16.7,10204
4522.5,890,26,16.0,10181
4523.5,890,15,16.7,10207
4524.5,890,30,17.0,10242
4525.6,890,41,17.5,10202
4526.6,890,15,17.6,10235
4527.6,890,30,16.3,10222
4528.7,890,40,16.5,10243
4529.7,890,21,17.1,10232
4530.7,890,31,16.2,10213
4531.8,890,52,16.6,10223
4532.8,890,29,16.5,10253
4533.8,890,35,16.5,10256
4534.8,890,9,17.9,10242
4535.9,890,12,17.3,10246
4536.9,890,34,16.9,10286
4537.9,890,15,17.0,10270
4539.0,890,30,15.8,10242
4540.0,890,30,16.4,10203
4541.0,890,32,16.6,10181
4542.1,890,29,16.8,10165
4543.1,890,29,16.0,10217
4544.1,890,30,16.1,10217
4545.1,890,15,17.3,10184
4546.1,890,30,17.1,10190
4547.2,890,44,16.5,10188
4548.2,890,40,17.3,10236
4549.2,889,21,15.7,10216
4550.3,889,21,17.2,10201
4551.3,889,48,17.3,10172
4552.3,889,29,16.3,10180
4553.3,889,39,16.2,10179
4554.3,889,42,16.6,10204
4555.4,889,17,16.3,10191
4556.4,889,18,16.8,10166
4557.4,889,12,17.4,10196
4558.4,889,17,15.2,10205
4559.5,889,7,16.9,10186
4560.5,889,33,17.9,10177
4561.5,889,69,16.3,10212
4562.6,889,21,15.9,10216
4563.6,889,22,16.0,10209
4564.6,889,73,15.3,10220
4565.6,889,28,15.7,10256
4566.6,889,39,16.2,10240
4567.7,889,30,16.7,10242
4568.7,889,35,16.6,10272
4569.7,889,46,15.8,10279
4570.8,889,20,15.9,10267
4571.8,889,13,17.5,10300
4572.8,889,23,16.2,10312
4573.9,889,22,17.4,10300
4574.9,889,25,17.3,10261
4575.9,889,30,16.9,10235
4576.9,889,35,16.4,10237
4578.0,889,20,16.6,10269
4579.0,889,42,16.4,10256
4580.0,889,14,16.3,10228
4581.1,889,35,18.4,10250
4582.1,889,15,17.8,10246
4583.1,889,10,17.3,10278
4584.1,890,18,23.9,10316
4585.1,890,5,18.8,10318
4586.2,890,5,17.5,10292
4587.2,890,15,16.5,10261
4588.2,890,16,16.9,10249
4589.2,890,31,18.1,10278
4590.3,890,31,17.0,10306
4591.3,890,32,17.1,10328
4592.3,890,31,16.7,10279
4593.3,890,30,16.8,10319
4594.4,890,30,16.6,10326
4595.4,890,45,17.1,10298
4596.4,890,31,15.9,10293
4597.4,890,31,16.7,10356
4598.5,890,4,17.8,10356
4599.5,890,32,17.5,10341
4600.5,890,32,18.7,10327
4601.5,890,30,17.3,10335
4602.6,890,31,17.2,10311
4603.6,890,31,16.1,10335
4604.6,890,32,18.0,10335
4605.6,890,32,16.9,10307
4606.7,890,32,17.3,10341
4607.7,890,24,17.3,10359
4608.7,890,38,16.1,10347
4609.8,890,13,17.3,10330
4610.8,890,32,17.9,10342
4611.8,890,0,16.4,10347
4612.8,890,0,16.6,10334
4613.8,890,0,16.9,10325
4614.9,890,0,17.6,10334
4615.9,890,80,17.3,10333
4616.9,890,49,16.3,10347
4618.0,890,15,17.7,10333
4619.0,890,30,17.2,10349
4620.0,890,30,16.8,10360
4621.0,890,30,18.2,10353
4622.1,890,20,16.9,10349
4623.1,890,60,15.6,10311
4624.1,890,26,17.0,10335
4625.1,890,16,17.4,10350
4626.2,890,41,17.6,10340
4627.2,890,19,16.6,10324
4628.2,890,33,16.8,10304
4629.2,890,38,17.0,10325
4630.3,890,30,17.5,10354
4631.3,890,15,17.3,10348
4632.3,890,27,18.7,10336
4633.3,895,14,19.5,10373
4634.4,896,10,18.8,10362
4635.4,895,13,17.9,10341
4636.4,895,15,16.2,10333
4637.4,895,16,18.4,10348
4638.4,895,32,12.3,10351
4639.5,895,15,13.6,10386
4640.5,911,63,14.7,10381
4641.5,926,2,17.0,10292
4642.5,915,6,19.4,10317
4643.6,915,6,17.0,9010
4644.6,915,6,13.5,9027
