t_s,vram_mib,gpu_util_pct,cpu_pct,ram_mib
0.0,873,13,20.0,26889
1.0,873,7,15.1,26986
2.0,873,7,15.8,26998
3.1,873,2,16.5,27219
4.1,873,0,18.4,27298
5.1,873,9,22.6,27449
6.1,873,7,24.8,27492
7.2,873,7,23.5,27544
8.2,873,7,22.2,27574
9.2,873,7,22.3,27586
10.2,873,7,23.2,27616
11.2,873,7,23.2,27664
12.3,873,0,23.9,27675
13.3,873,0,24.1,27738
14.3,873,7,25.9,27786
15.3,873,0,23.3,27821
16.4,873,7,22.9,27862
17.4,857,0,23.6,27877
18.4,857,0,26.4,27857
19.4,857,7,23.9,27936
20.5,857,8,23.8,27976
21.5,857,7,23.9,28010
22.5,857,7,24.8,28083
23.5,857,7,23.9,28102
24.6,857,7,22.3,28154
25.6,857,6,22.7,28180
26.6,857,0,24.4,28231
27.6,857,8,26.8,28247
28.7,857,3,23.2,28298
29.7,857,6,24.5,28360
30.7,857,0,24.9,28366
31.8,857,0,24.2,28415
32.8,857,6,24.2,28485
33.8,857,6,24.4,28489
34.8,857,6,24.1,28517
35.9,857,6,24.0,28503
36.9,857,6,23.7,28571
37.9,857,7,22.4,28615
39.0,857,7,24.1,28615
40.0,857,0,24.3,28649
41.0,857,0,25.5,28698
42.0,857,7,23.3,28753
43.1,857,9,23.8,28777
44.1,857,6,25.2,28778
45.1,857,5,24.2,28823
46.1,857,7,23.5,28847
47.2,857,6,23.0,28832
48.2,857,0,22.6,28825
49.2,857,0,22.5,28901
50.3,857,0,23.7,28872
51.3,857,0,24.2,28952
52.3,857,0,23.2,28967
53.3,857,0,23.5,29021
54.3,857,0,24.0,29073
55.4,857,0,23.6,29090
56.4,857,7,24.0,29162
57.4,857,9,22.9,29181
58.4,857,0,25.3,29237
59.5,857,8,24.4,29252
60.5,857,8,24.1,29295
61.5,857,7,23.3,29324
62.5,857,8,24.5,29351
63.6,857,7,24.5,29386
64.6,857,8,22.8,29398
65.6,857,7,22.9,29423
66.6,857,7,24.0,29463
67.7,857,7,24.7,29494
68.7,857,0,24.3,29499
69.7,857,0,23.4,29517
70.7,857,7,24.8,29595
71.8,857,7,24.8,29628
72.8,857,7,25.6,29661
73.8,857,7,24.6,29708
74.8,857,8,23.9,29751
75.9,857,8,24.2,29805
76.9,857,7,24.3,29791
77.9,857,8,23.8,29867
78.9,857,8,23.7,29942
80.0,857,8,22.8,29941
81.0,857,7,24.9,29912
82.0,857,0,22.3,29961
83.0,857,0,24.5,29915
84.1,857,7,23.8,30079
85.1,857,8,23.2,30119
86.1,857,8,23.6,30093
87.1,857,7,24.7,30139
88.2,857,8,23.4,30112
89.2,857,8,26.5,30191
90.2,857,7,24.2,30181
91.3,857,7,25.6,30260
92.3,857,8,23.8,30316
93.3,857,7,24.3,30222
94.3,857,8,23.0,30251
95.4,857,5,25.7,30304
96.4,857,0,23.3,30384
97.4,857,4,24.1,30413
98.5,857,0,24.4,30348
99.5,857,6,23.6,30398
100.5,857,5,25.3,30511
101.6,857,7,23.9,30555
102.6,857,7,24.8,30548
103.6,857,8,23.3,30600
104.6,857,8,22.8,30626
105.7,857,8,23.5,30650
106.7,857,7,22.5,30617
107.7,857,8,22.9,30680
108.7,857,7,22.6,30693
109.8,857,7,24.5,30751
110.8,857,0,23.9,30742
111.9,857,3,34.1,30760
113.0,857,0,53.3,30812
114.2,857,0,68.3,30831
116.0,857,0,93.8,30837
126.9,857,0,94.5,30837
145.4,857,0,81.6,30821
149.4,857,0,89.7,29680
156.7,855,10,37.5,16123
157.7,855,9,31.8,7185
158.7,855,9,31.7,6834
159.8,855,8,24.2,6796
160.8,855,8,23.3,6804
161.8,855,8,22.8,6811
162.8,855,8,23.3,6777
163.9,855,0,21.7,6790
164.9,855,0,23.1,6812
165.9,855,0,23.1,6780
167.0,855,0,23.2,6778
168.0,855,9,24.2,6781
169.0,855,8,22.7,6781
170.1,855,8,23.2,6747
171.1,855,8,21.8,6692
172.1,855,8,16.9,6726
173.1,855,8,16.3,6738
174.2,855,7,15.9,6779
175.2,855,8,16.2,6803
176.2,855,7,17.1,6843
177.2,855,0,16.3,6836
178.3,855,0,17.9,6753
179.3,855,8,16.5,6760
180.3,855,0,16.2,6733
181.4,855,0,16.1,6731
182.4,855,9,16.3,6731
183.4,855,9,15.7,6774
184.4,855,8,16.8,6797
185.5,855,8,17.2,6793
186.5,855,8,16.8,6766
187.5,855,8,16.6,6776
188.5,855,8,15.8,6810
189.6,855,0,15.6,6764
190.6,855,8,16.6,6775
191.6,855,8,17.1,6788
192.7,855,2,16.4,6750
193.7,855,8,16.8,6776
194.7,855,0,16.7,6738
195.7,855,5,16.8,6787
196.8,855,12,17.0,6799
197.8,855,15,16.5,6770
198.8,855,17,17.0,6766
199.8,855,8,16.0,6766
200.9,855,9,16.5,6781
201.9,855,8,15.5,6773
202.9,855,17,16.2,6766
203.9,855,8,16.1,6794
205.0,855,8,15.9,6796
206.0,855,8,16.5,6763
207.0,855,8,15.9,6799
208.1,855,7,15.6,6807
209.1,855,8,16.6,6801
210.1,855,15,15.8,6824
211.1,855,15,16.8,6816
212.2,855,15,16.9,6795
213.2,855,17,16.9,6805
214.2,855,15,16.3,6759
215.3,855,10,16.8,6800
216.3,855,6,15.8,6779
217.3,855,15,15.3,6793
218.3,855,2,16.3,6801
219.4,855,4,16.3,6753
220.4,855,8,16.0,6721
221.4,855,8,16.7,6767
222.4,855,7,16.9,6782
223.5,855,8,16.4,6775
224.5,855,15,17.3,6811
225.5,855,17,17.3,6802
226.6,855,17,17.4,6812
227.6,807,17,16.6,6817
228.6,807,14,16.9,6776
229.6,807,11,17.3,6795
230.7,807,8,17.0,6801
231.7,807,15,15.8,6792
232.7,807,10,16.2,6799
233.7,807,8,16.9,6821
234.8,807,8,16.8,6816
235.8,807,8,16.3,6795
236.8,807,8,16.6,6790
237.8,807,8,16.5,6816
238.9,807,8,16.0,6849
239.9,807,8,15.8,6841
240.9,807,15,17.5,6847
242.0,807,15,16.1,6824
243.0,807,17,16.2,6791
244.0,807,15,16.7,6829
245.0,807,8,16.3,6848
246.1,807,15,17.2,6794
247.1,807,15,16.3,6825
248.1,807,15,16.8,6820
249.1,807,15,16.1,6813
250.2,807,8,15.9,6820
251.2,807,8,17.2,6856
252.2,807,8,16.1,6810
253.3,807,8,16.4,6827
254.3,807,8,16.3,6796
255.3,807,8,16.4,6830
256.3,807,8,16.8,6809
257.4,807,14,16.3,6795
258.4,807,15,15.4,6782
259.4,807,11,15.8,6809
260.4,807,15,16.9,6821
261.5,807,15,15.8,6779
262.5,807,15,16.6,6844
263.5,807,15,15.9,6859
264.6,807,8,16.5,6876
265.6,807,8,17.2,6843
266.6,807,8,16.5,6844
267.6,807,8,17.2,6796
268.7,807,7,16.8,6807
269.7,807,8,16.1,6799
270.7,807,8,14.9,6816
271.7,807,15,15.9,6845
272.8,807,15,15.3,6836
273.8,807,9,15.3,6843
274.8,807,15,15.5,6837
275.8,807,15,15.7,6821
276.9,807,15,16.4,6816
277.9,807,15,16.4,6826
278.9,807,15,14.8,6828
280.0,807,7,15.4,6853
281.0,807,0,15.4,6845
282.0,807,9,14.6,6823
283.0,807,0,16.4,6803
284.1,807,8,15.5,6786
285.1,807,6,15.2,6800
286.1,807,8,15.9,6825
287.1,807,8,15.3,6832
288.2,807,15,14.5,6837
289.2,807,17,16.7,6821
290.2,807,8,15.5,6854
291.3,807,15,15.1,6845
292.3,807,15,15.8,6842
293.3,807,15,16.1,6826
294.3,807,8,16.3,6849
295.4,807,15,15.1,6819
296.4,807,7,16.0,6785
297.4,807,0,15.6,6858
298.4,807,0,15.4,6866
299.5,807,8,15.2,6887
300.5,807,7,15.5,6901
301.5,807,8,16.6,6877
302.6,807,8,15.2,6865
303.6,807,15,14.7,6859
304.6,807,15,16.4,6876
305.6,807,9,15.7,6912
306.7,807,15,15.7,6869
307.7,807,10,16.3,6854
308.7,807,8,16.3,6855
309.7,807,8,15.2,6857
310.8,807,14,16.0,6881
311.8,807,11,16.5,6872
312.8,807,7,14.9,6861
313.8,807,8,15.5,6879
314.9,807,8,15.4,6847
315.9,807,8,15.6,6853
316.9,807,8,16.6,6858
317.9,807,8,15.9,6855
319.0,807,15,15.2,6880
320.0,807,15,16.6,6893
321.0,807,15,15.7,6883
322.0,807,7,16.3,6868
323.1,807,8,15.4,6856
324.1,807,8,16.3,6845
325.1,807,8,17.8,6882
326.2,807,15,16.5,6878
327.2,807,8,17.5,6871
328.2,807,15,15.6,6899
329.2,807,8,16.5,6846
330.3,807,8,16.2,6926
331.3,807,8,15.5,6879
332.3,807,15,15.7,6870
333.3,807,15,17.0,6908
334.4,807,15,16.6,6938
335.4,807,15,16.0,6937
336.4,807,8,15.1,6936
337.4,807,11,15.1,6957
338.5,807,15,17.1,6980
339.5,807,15,16.1,6959
340.5,807,8,14.9,6955
341.5,807,8,14.6,6925
342.6,807,7,15.2,6916
343.6,807,8,15.5,6921
344.6,807,8,15.3,6913
345.7,807,8,15.8,6935
346.7,807,8,16.6,6968
347.7,807,15,15.9,6939
348.7,807,15,16.8,6951
349.8,807,15,15.6,6991
350.8,807,7,17.1,6983
351.8,807,8,15.6,7003
352.9,807,15,15.9,6972
353.9,807,15,16.0,6987
354.9,807,15,15.8,6977
355.9,807,15,16.1,6986
357.0,807,15,16.3,6959
358.0,807,7,17.0,6963
359.0,807,8,17.3,6981
360.0,807,7,16.7,7007
361.1,807,8,16.0,7034
362.1,807,11,16.5,7060
363.1,807,8,16.3,7078
364.2,807,15,17.7,7043
365.2,807,11,17.8,7057
366.2,807,15,16.1,7054
367.2,807,15,17.6,7054
368.3,807,15,17.4,7037
369.3,807,15,17.3,7025
370.3,807,7,15.4,7043
371.3,807,15,16.8,7016
372.4,807,8,17.2,7041
373.4,807,15,17.7,7021
374.4,807,7,16.2,7020
375.4,807,8,15.7,7045
376.5,807,19,17.5,7082
377.5,725,8,17.5,7057
378.5,725,15,16.6,7093
379.5,725,15,17.3,7049
380.6,725,15,16.7,7081
381.6,725,15,16.8,7097
382.6,725,15,17.7,7131
383.6,725,15,15.9,7079
384.7,725,15,17.2,7077
385.7,725,15,17.0,7045
386.7,725,15,15.5,7060
387.7,725,8,16.6,7044
388.8,725,8,17.2,7042
389.8,725,8,15.9,7075
390.8,725,8,16.5,7066
391.9,725,7,15.9,7074
392.9,725,8,16.6,7066
393.9,725,8,16.7,7065
394.9,725,15,17.5,7064
396.0,725,15,17.3,7037
397.0,725,15,15.3,7033
398.0,725,15,16.6,7072
399.1,725,8,17.0,7048
400.1,725,15,16.7,7034
401.1,725,8,16.0,7062
402.1,725,3,16.9,7046
403.2,725,6,16.4,7059
404.2,725,0,16.2,7051
405.2,725,5,16.2,7072
406.2,725,11,16.0,7079
407.3,725,7,16.3,7057
408.3,725,8,16.2,7111
409.3,725,8,17.1,7126
410.3,725,7,17.6,7133
411.4,725,15,15.5,7106
412.4,725,15,15.9,7095
413.4,725,15,16.4,7121
414.4,725,8,16.3,7129
415.5,725,8,16.7,7114
416.5,725,8,15.7,7110
417.5,725,10,17.4,7130
418.6,725,8,18.0,7165
419.6,725,8,16.8,7171
420.6,725,8,16.5,7167
421.6,725,8,16.7,7186
422.7,725,8,17.2,7133
423.7,725,8,16.2,7150
424.7,725,17,16.5,7147
425.7,725,15,16.8,7144
426.8,725,15,17.8,7053
427.8,725,17,17.0,7077
428.8,725,13,16.1,7086
429.8,725,8,16.7,7070
430.9,725,9,16.0,7074
431.9,725,8,16.5,7101
432.9,725,8,17.2,7086
433.9,725,8,16.7,7068
435.0,725,8,16.2,7085
436.0,725,8,17.7,7096
437.0,725,8,16.5,7112
438.0,725,8,16.8,7099
439.1,725,8,15.5,7105
440.1,725,15,15.2,7103
441.1,725,17,14.7,7148
442.2,725,17,15.5,7206
443.2,725,14,15.7,7161
444.2,725,8,16.3,7170
445.2,725,15,16.0,7142
446.3,725,15,16.4,7123
447.3,725,15,16.2,7107
448.3,725,8,16.1,7108
449.3,725,8,16.7,7136
450.4,725,8,15.6,7131
451.4,725,8,16.8,7160
452.4,725,8,16.7,7158
453.4,725,8,17.3,7161
454.5,725,15,17.7,7162
455.5,725,15,15.9,7158
456.5,725,15,16.0,7173
457.5,725,15,17.7,7211
458.6,725,14,16.1,7132
459.6,725,15,17.4,7147
460.6,725,15,16.9,7159
461.7,725,15,16.0,7136
462.7,725,8,17.2,7145
463.7,725,8,16.7,7171
464.7,725,8,16.0,7145
465.8,725,8,16.0,7159
466.8,725,8,15.4,7159
467.8,725,8,15.8,7147
468.8,725,8,16.5,7148
469.9,725,8,16.1,7129
470.9,725,8,16.6,7108
471.9,725,15,16.3,7118
472.9,725,15,17.8,7157
474.0,725,15,16.4,7179
475.0,725,15,16.3,7205
476.0,725,15,17.0,7177
477.0,725,8,17.0,7161
478.1,725,15,16.2,7162
479.1,725,8,16.4,7153
480.1,725,7,16.9,7131
481.2,725,7,17.4,7136
482.2,725,7,16.5,7114
483.2,725,7,16.7,7122
484.2,725,8,16.8,7158
485.3,725,15,16.8,7169
486.3,725,4,16.8,7182
487.3,725,8,17.0,7189
488.3,725,8,17.8,7224
489.4,725,8,16.6,7224
490.4,725,0,16.7,7228
491.4,725,0,15.3,7258
492.4,725,8,16.6,7248
493.5,725,15,16.4,7229
494.5,725,8,15.4,7209
495.5,725,7,15.8,7216
496.5,725,0,17.1,7199
497.6,725,8,16.0,7191
498.6,725,8,17.9,7244
499.6,725,0,16.6,7246
500.7,725,8,17.9,7254
501.7,725,8,16.0,7236
502.7,725,7,16.4,7231
503.7,725,8,15.3,7197
504.8,725,0,16.1,7182
505.8,725,0,17.2,7186
506.8,725,8,16.1,7191
507.8,725,8,17.4,7176
508.9,725,8,16.4,7208
509.9,725,8,17.8,7219
510.9,725,7,17.5,7233
512.0,725,0,16.7,7248
513.0,725,0,17.5,7247
514.0,725,7,16.9,7218
515.0,725,8,16.8,7199
516.1,725,8,18.2,7223
517.1,725,7,17.4,7236
518.1,725,0,16.2,7222
519.1,725,8,16.7,7282
520.2,725,8,15.9,7271
521.2,725,8,16.8,7290
522.2,725,7,16.8,7262
523.2,725,0,16.2,7261
524.3,725,1,16.7,7280
525.3,725,11,17.3,7221
526.3,725,8,16.9,7235
527.3,725,5,16.2,7240
528.4,725,7,15.8,7263
529.4,725,8,16.7,7237
530.4,725,7,16.3,7249
531.4,725,8,16.1,7287
532.5,725,0,16.3,7287
533.5,725,0,17.4,7279
534.5,725,8,17.3,7272
535.5,725,8,17.5,7177
536.6,725,8,15.9,7196
537.6,725,3,15.9,7209
538.6,725,7,16.0,7210
539.7,725,0,16.3,7214
540.7,725,8,16.8,7241
541.7,725,8,16.4,7250
542.7,725,8,16.1,7228
543.8,725,8,17.2,7215
544.8,725,8,17.0,7239
545.8,725,8,16.7,7235
546.8,725,8,16.7,7215
547.9,725,8,16.2,7188
548.9,725,8,17.0,7241
549.9,725,8,16.5,7244
551.0,725,8,16.9,7255
552.0,725,8,15.9,7297
553.0,725,11,17.0,7302
554.0,725,5,17.1,7302
555.1,725,8,17.0,7318
556.1,725,8,17.4,7275
557.1,725,13,16.9,7295
558.1,725,15,16.8,7275
559.2,725,8,15.7,7321
560.2,725,7,16.4,7308
561.2,725,2,17.0,7303
562.2,725,1,16.8,7321
563.3,725,1,16.0,7367
564.3,725,1,17.0,7332
565.3,725,11,16.0,7315
566.4,725,8,16.0,7325
567.4,725,11,16.7,7356
568.4,725,7,16.6,7365
569.4,725,8,15.7,7318
570.4,725,8,16.4,7316
571.5,725,11,16.0,7311
572.5,725,15,16.4,7392
573.5,725,8,16.4,7370
574.6,725,0,15.2,7369
575.6,725,8,17.7,7315
576.6,725,0,16.9,7277
577.6,725,1,15.9,7269
578.7,725,0,15.8,7311
579.7,725,8,17.6,7261
580.7,725,8,15.4,7258
581.7,725,8,16.3,7267
582.8,725,7,17.2,7276
583.8,725,8,16.1,7285
584.8,725,8,16.2,7311
585.9,725,8,16.3,7300
586.9,725,8,16.6,7299
587.9,725,8,16.5,7297
588.9,725,3,15.9,7265
590.0,725,0,15.9,7305
591.0,725,10,16.7,7326
592.0,725,7,15.9,7350
593.0,725,8,16.9,7320
594.1,725,8,16.3,7305
595.1,725,8,16.2,7296
596.1,725,7,15.9,7313
597.1,725,8,16.8,7291
598.2,725,8,16.6,7321
599.2,725,8,16.5,7329
600.2,725,8,17.0,7308
601.2,725,8,16.4,7298
602.3,725,7,16.5,7294
603.3,725,8,16.0,7278
604.3,725,0,16.2,7321
605.4,725,8,17.1,7293
606.4,725,5,16.2,7322
607.4,725,8,16.5,7344
608.4,725,8,15.4,7319
609.5,725,8,15.7,7340
610.5,725,8,16.9,7297
611.5,725,8,15.5,7279
612.5,725,8,16.8,7304
613.6,725,8,16.7,7299
614.6,725,8,15.4,7314
615.6,725,8,16.4,7319
616.7,725,3,16.3,7311
617.7,725,0,16.9,7334
618.7,725,8,16.0,7364
619.7,725,8,16.6,7410
620.8,725,8,16.1,7398
621.8,725,8,15.9,7393
622.8,725,8,16.8,7380
623.8,725,8,17.9,7336
624.9,725,8,16.7,7345
625.9,725,8,16.3,7361
626.9,725,8,15.3,7332
628.0,725,8,16.5,7370
629.0,725,8,15.6,7375
630.0,725,8,15.2,7396
631.0,725,0,16.0,7353
632.1,725,9,16.1,7325
633.1,725,0,16.5,7323
634.1,725,2,15.8,7357
635.1,725,8,15.3,7358
636.2,725,8,15.6,7343
637.2,724,0,18.4,7386
638.2,727,5,23.1,7477
639.2,727,4,17.6,7474
640.3,727,24,16.9,7504
641.3,727,46,16.8,7497
642.3,813,63,22.9,7567
643.3,802,42,21.3,7608
644.4,814,5,20.1,7675
645.4,813,8,24.5,7649
646.4,811,69,19.9,7648
647.4,811,4,20.2,7689
648.5,806,3,20.6,7631
649.5,787,8,19.6,7626
650.5,792,66,21.4,7672
651.5,875,5,17.6,7706
652.6,854,39,18.4,7729
653.6,854,11,17.5,7718
654.6,854,15,15.9,7695
655.6,849,38,16.2,7716
656.7,849,17,17.6,7701
657.7,849,17,17.2,7682
658.7,849,26,18.1,7575
659.8,849,0,19.3,7592
660.8,849,27,16.9,7611
661.8,849,30,16.9,7649
662.9,849,14,17.3,7685
663.9,849,28,16.2,7662
664.9,849,35,16.5,7652
666.0,849,58,16.9,7643
667.0,849,29,16.6,7687
668.0,849,28,17.3,7663
669.0,850,15,17.4,7702
670.1,861,17,22.7,7723
671.1,860,0,49.0,7833
672.1,860,12,20.3,7792
673.1,859,14,36.6,7749
674.2,862,2,23.1,7810
675.2,862,12,24.2,7771
676.2,861,7,37.5,7855
677.2,860,14,20.8,7867
678.2,860,23,39.3,7860
679.3,860,75,20.7,7856
680.3,849,15,40.0,7851
681.3,849,48,22.4,7888
682.4,849,24,31.8,7821
683.4,849,15,26.1,7778
684.4,849,57,21.9,7822
685.5,849,51,37.6,7789
686.5,849,0,19.7,7826
687.5,849,40,22.3,7746
688.5,849,32,27.1,7664
689.6,853,25,16.5,7644
690.6,853,30,16.6,7681
691.6,853,23,17.1,7677
692.6,853,15,16.4,7700
693.7,853,47,17.5,7700
694.7,853,31,15.7,7694
695.7,853,25,18.7,7698
696.7,853,25,17.0,7702
697.8,853,56,17.8,7671
698.8,853,27,17.4,7685
699.8,853,19,16.1,7697
700.9,853,13,16.4,7690
701.9,853,35,16.9,7733
702.9,853,30,16.2,7730
704.0,853,31,16.7,7717
705.0,853,30,15.7,7738
706.0,853,29,16.9,7729
707.1,853,17,16.1,7709
708.1,853,15,16.7,7700
709.1,853,20,15.4,7725
710.1,853,45,17.0,7725
711.2,853,15,16.9,7740
712.2,853,27,16.4,7751
713.2,853,14,17.0,7760
714.3,853,10,16.4,7712
715.3,853,30,17.5,7723
716.3,853,19,18.0,7721
717.3,853,15,16.4,7708
718.4,853,52,16.6,7699
719.4,853,33,16.7,7711
720.4,853,0,16.1,7691
721.4,853,15,15.4,7714
722.5,853,15,17.4,7719
723.5,853,15,17.6,7702
724.6,853,19,16.0,7728
725.6,853,11,17.4,7739
726.6,853,29,17.9,7744
727.6,853,14,15.7,7713
728.7,853,15,15.7,7766
729.7,853,30,17.9,7735
730.7,853,15,17.2,7732
731.8,853,15,15.3,7750
732.8,853,40,17.2,7752
733.8,853,27,17.9,7778
734.9,853,0,15.9,7762
735.9,853,14,16.4,7748
736.9,853,38,17.3,7746
738.0,853,44,16.6,7749
739.0,853,23,16.3,7758
740.0,853,15,16.7,7764
741.0,853,31,16.7,7770
742.1,853,30,17.3,7775
743.1,853,29,17.2,7800
744.1,853,14,16.8,7831
745.1,853,14,16.9,7830
746.2,853,23,17.4,7842
747.2,853,15,17.2,7850
748.2,853,0,16.9,7813
749.2,853,31,17.6,7808
750.3,853,30,17.2,7806
751.3,853,22,18.2,7846
752.4,853,46,17.8,7824
753.4,853,29,17.0,7811
754.4,853,15,16.9,7801
755.4,853,15,17.2,7797
756.5,853,29,17.0,7838
757.5,853,15,16.6,7818
758.5,853,15,16.8,7817
759.5,853,30,16.7,7826
760.6,853,31,17.3,7839
761.6,853,34,17.5,7833
762.6,853,33,17.3,7776
763.7,853,37,15.8,7801
764.7,853,9,18.1,7805
765.7,853,11,16.1,7807
766.8,853,57,17.4,7813
767.8,853,31,16.8,7812
768.8,853,29,16.3,7803
769.8,853,41,15.9,7825
770.9,853,29,17.1,7803
771.9,853,29,16.9,7810
772.9,853,30,15.9,7847
774.0,853,29,16.7,7862
775.0,853,12,16.9,7805
776.0,853,12,15.8,7784
777.1,853,10,16.5,7804
778.1,853,10,17.8,7809
779.1,853,15,16.6,7884
780.1,853,15,17.1,7893
781.2,853,33,17.0,7857
782.2,853,29,17.1,7880
783.2,853,65,16.4,7816
784.3,853,14,17.9,7850
785.3,853,33,17.5,7866
786.3,853,27,17.1,7835
787.3,853,26,18.1,7853
788.4,853,33,17.5,7839
789.4,853,15,17.5,7844
790.4,853,13,18.1,7827
791.5,853,14,17.4,7829
792.5,853,13,17.3,7849
793.6,853,29,16.7,7850
794.6,860,15,15.9,7849
795.6,858,15,16.9,7878
796.6,858,30,16.7,7920
797.7,858,47,18.2,7872
798.7,858,30,17.4,7879
799.7,853,31,17.4,7840
800.7,853,37,16.7,7849
801.8,853,24,17.1,7881
802.8,853,29,16.1,7869
803.8,853,18,16.6,7908
804.9,853,19,17.3,7959
805.9,853,8,16.8,7877
806.9,853,25,16.4,7886
807.9,853,15,17.2,7947
809.0,853,15,16.8,7935
810.0,853,29,16.4,7897
811.0,853,17,17.4,7928
812.0,853,36,16.2,7889
813.1,853,53,18.0,7855
814.1,853,40,17.0,7834
815.2,853,34,16.9,7817
816.2,853,15,17.2,7827
817.2,853,7,17.6,7817
818.2,853,23,17.3,7846
819.3,853,38,17.8,7821
820.3,853,30,16.4,7866
821.3,853,30,18.4,7851
822.4,853,30,17.2,7871
823.4,853,15,16.5,7862
824.4,853,15,16.0,7890
825.4,853,41,17.3,7868
826.5,853,29,17.4,7869
827.5,853,15,17.8,7885
828.5,853,11,17.5,7852
829.5,853,29,16.5,7854
830.6,853,21,16.5,7859
831.6,853,10,17.6,7865
832.6,853,5,18.4,7882
833.6,853,19,17.8,7890
834.7,853,30,17.2,7897
835.7,853,41,18.6,7908
836.7,853,71,18.4,7932
837.7,853,28,17.3,7918
838.8,853,31,16.5,7955
839.8,853,45,17.0,7911
840.8,853,26,16.9,7935
841.8,853,25,18.0,7908
842.9,853,10,16.3,7946
843.9,853,15,18.0,7929
845.0,853,27,16.5,7905
846.0,853,15,16.6,7890
847.0,853,16,16.7,7933
848.1,853,29,16.1,7891
849.1,853,30,17.2,7971
850.1,853,30,16.2,7949
851.2,853,31,17.0,7962
852.2,853,30,17.3,7926
853.3,853,73,17.4,7924
854.3,853,30,18.4,7913
855.3,853,14,19.0,7863
856.4,853,15,19.5,7871
857.4,853,15,18.1,7868
858.4,853,19,18.5,7891
859.5,853,52,18.1,7906
860.5,853,18,17.7,7875
861.5,853,0,18.8,7904
862.6,853,29,16.6,7905
863.6,853,15,15.7,7922
864.6,853,15,17.0,7898
865.6,853,39,17.0,7854
866.7,853,30,16.9,7881
867.7,853,23,16.5,7896
868.7,853,35,17.1,7875
869.8,853,8,17.0,7880
870.8,853,8,17.3,7883
871.9,853,8,17.3,7860
872.9,853,10,16.8,7889
873.9,853,19,17.8,7870
874.9,853,30,18.8,7872
876.0,853,40,17.6,7877
877.0,853,15,18.7,7884
878.0,853,28,16.6,7880
879.0,853,15,16.8,7894
880.0,853,15,17.1,7889
881.1,853,31,17.4,7915
882.1,853,52,17.3,7920
883.2,853,22,18.4,7911
884.2,853,33,18.4,7931
885.3,853,27,17.7,7905
886.3,853,15,16.6,7943
887.3,853,15,17.1,7813
888.4,853,0,17.3,7957
889.4,853,0,16.7,7940
890.4,853,15,16.8,7961
891.5,854,11,19.2,8014
892.5,895,3,21.8,7966
893.5,904,25,17.4,7946
894.5,909,6,17.0,7924
895.6,910,4,17.6,7951
896.6,942,21,19.7,7945
897.6,920,7,17.3,8011
898.6,932,31,22.4,8062
899.7,932,5,20.1,8087
900.7,931,3,17.8,7995
901.7,932,3,19.1,8069
902.7,925,20,21.3,8120
903.8,927,0,21.6,8391
904.8,920,4,16.9,8448
905.8,933,5,17.8,8182
906.8,933,1,16.1,8177
907.8,925,16,18.0,8234
908.9,925,3,16.1,8216
909.9,925,4,16.7,8210
910.9,921,94,20.3,8185
911.9,923,15,19.4,8148
913.0,923,0,17.0,8123
914.0,925,3,17.4,8128
915.0,927,20,20.0,8179
916.0,927,15,17.4,8121
917.0,927,11,18.5,8281
918.1,927,15,22.9,8544
919.1,927,2,19.5,8462
920.1,927,4,17.8,8127
921.1,927,21,16.8,8117
922.2,927,2,17.4,8168
923.2,927,77,19.2,8121
924.2,927,0,19.7,8045
925.2,919,0,18.2,8073
926.2,919,5,16.7,8064
927.3,919,8,16.5,8087
928.3,919,18,16.9,8036
929.3,919,18,16.4,8027
930.4,900,19,15.8,8033
931.4,900,0,16.7,8057
932.4,900,8,16.8,8040
933.4,900,7,16.9,8055
934.5,900,8,17.8,8044
935.5,900,7,17.5,8076
936.5,900,8,16.7,8099
937.5,900,7,16.9,8133
938.6,911,85,17.6,8142
939.6,917,16,21.4,8258
940.6,923,0,16.2,8125
941.6,923,3,16.6,8099
942.6,923,4,16.5,8123
943.7,923,5,16.9,8109
944.7,915,7,16.1,8100
945.7,902,8,16.7,7990
946.8,915,12,17.5,8043
947.8,915,1,15.7,8071
948.9,915,4,15.8,8092
949.9,915,6,16.3,8147
950.9,915,0,15.3,8103
951.9,896,7,17.3,8064
952.9,896,7,15.9,8031
954.0,896,2,15.7,8044
955.0,896,7,16.4,7911
956.0,896,7,17.8,7987
957.1,896,8,16.8,8020
958.1,920,7,17.1,8090
959.1,920,4,16.4,8093
960.1,919,0,15.7,8111
961.1,919,3,15.6,8094
962.2,919,4,15.6,8119
963.2,912,7,15.1,8203
964.2,892,8,16.3,8175
965.2,892,0,16.6,8094
966.3,892,8,16.3,8109
967.3,892,8,15.3,8109
968.3,892,7,16.8,8102
969.3,892,8,16.2,8177
970.4,892,8,15.7,8182
971.4,892,7,16.5,8176
972.4,892,0,16.7,8198
973.4,892,0,15.7,8173
974.4,892,7,15.8,8147
975.5,892,7,16.8,8087
976.5,912,7,15.9,8076
977.6,865,1,18.1,8153
978.6,865,1,16.5,8167
979.6,884,69,17.8,8151
980.7,869,2,17.1,8156
981.7,911,3,17.1,8082
982.7,893,35,17.0,8099
983.7,882,64,15.8,8107
984.7,883,1,17.5,8136
985.8,882,65,16.8,8206
986.8,904,13,18.7,8236
987.8,903,3,17.6,8207
988.8,903,29,16.2,8216
989.8,895,3,17.3,8213
990.9,896,0,16.9,8204
991.9,897,74,16.0,8229
992.9,880,62,15.8,8229
993.9,880,3,16.7,8227
995.0,871,5,16.8,8202
996.0,871,96,17.3,8232
997.0,871,1,17.6,8203
998.0,871,3,16.6,8190
999.1,871,5,17.4,8214
1000.1,889,7,16.2,8142
1001.1,887,57,15.9,8123
1002.1,886,2,15.2,8191
1003.2,886,4,16.3,8174
1004.2,886,15,15.8,8181
1005.2,878,25,15.8,8208
1006.2,878,23,16.1,8208
1007.3,878,8,15.6,8186
1008.3,878,14,15.9,8087
1009.3,878,51,16.3,8176
1010.3,878,23,16.3,8160
1011.4,878,15,15.9,8181
1012.4,878,37,15.3,8200
1013.4,878,49,16.4,8191
1014.4,878,11,15.0,8160
1015.5,878,0,15.5,8236
1016.5,878,24,17.4,8240
1017.5,878,18,16.4,8276
1018.5,878,10,15.9,8291
1019.6,878,17,16.1,8241
1020.6,878,8,17.0,8245
1021.6,878,15,15.9,8257
1022.6,878,60,16.1,8126
1023.7,878,15,16.9,8168
1024.7,878,15,16.0,8191
1025.7,878,50,17.5,8197
1026.7,878,29,16.3,8224
1027.8,878,29,16.8,8221
1028.8,878,23,16.3,8225
1029.8,878,0,16.0,8232
1030.8,878,30,16.5,8114
1031.9,878,64,16.4,8170
1032.9,878,19,16.2,8208
1033.9,878,31,15.5,8234
1034.9,878,59,16.6,8244
1036.0,878,15,16.9,8248
1037.0,878,15,15.3,8214
1038.0,878,42,15.6,8240
1039.0,878,29,15.9,8272
1040.1,878,15,15.2,8237
1041.1,878,15,15.0,8258
1042.1,878,20,18.2,8252
1043.1,878,30,16.1,8242
1044.1,878,10,15.0,8224
1045.2,888,5,17.0,8226
1046.2,888,47,16.1,8227
1047.2,893,1,16.4,8121
1048.2,900,4,16.1,8171
1049.3,902,3,16.3,8175
1050.3,904,68,15.6,8144
1051.3,910,19,19.5,8173
1052.3,910,3,18.0,8192
1053.4,901,4,16.6,8213
1054.4,903,3,16.4,8195
1055.4,903,2,16.6,8224
1056.4,903,0,16.5,8248
1057.4,903,0,15.8,8230
1058.5,903,5,15.8,8268
1059.5,903,7,16.0,8271
1060.5,891,95,17.4,8264
1061.5,891,2,16.4,8274
1062.5,891,3,16.0,8259
1063.6,891,5,16.1,8265
1064.6,891,6,15.8,8285
1065.6,890,7,15.9,8247
1066.6,890,7,17.4,8309
1067.7,890,7,16.1,8133
1068.7,890,7,16.5,8215
1069.7,890,7,17.8,8234
1070.7,903,29,16.3,8243
1071.8,903,0,17.2,8263
1072.8,903,0,17.3,8258
1073.8,903,9,15.9,8258
1074.9,903,4,17.0,8186
1075.9,873,5,16.0,8256
1076.9,873,98,15.7,8266
1078.0,873,1,16.3,8290
1079.0,873,3,16.8,8316
1080.0,871,5,15.9,8341
1081.0,871,6,16.0,8330
1082.0,871,6,16.5,8381
1083.1,871,7,17.2,8340
1084.1,876,70,16.4,8359
1085.1,878,0,17.0,8350
1086.1,878,2,17.7,8345
1087.1,878,4,17.7,8212
1088.2,878,5,16.8,8294
1089.2,878,7,16.7,8306
1090.2,878,7,16.6,8311
1091.2,878,7,16.2,8301
1092.3,878,8,17.1,8322
1093.3,878,7,17.5,8337
1094.3,878,7,17.3,8324
1095.4,878,7,18.1,8352
1096.4,878,0,16.6,8330
1097.4,878,25,16.8,8344
1098.5,878,13,17.3,8366
1099.5,878,14,17.6,8389
1100.6,891,3,16.1,8500
1101.6,891,64,18.1,8525
1102.6,891,1,16.9,8464
1103.6,891,5,17.1,8397
1104.6,892,10,17.0,8418
1105.7,890,2,16.0,8386
1106.7,890,2,16.3,8415
1107.7,889,5,16.8,8380
1108.7,889,7,17.4,8390
1109.7,889,7,16.2,8373
1110.8,872,7,16.8,8367
1111.8,872,0,16.1,8337
1112.8,872,0,16.2,8342
1113.8,872,0,17.2,8232
1114.9,876,27,16.9,8299
1115.9,877,14,17.9,8348
1117.0,877,12,17.0,8357
1118.0,877,12,16.9,8390
1119.0,876,4,17.1,8339
1120.0,876,5,17.2,8377
1121.1,876,7,15.6,8420
1122.1,872,8,16.5,8406
1123.1,872,7,17.2,8417
1124.1,872,7,17.4,8428
1125.2,872,0,16.8,8407
1126.2,872,0,17.2,8442
1127.2,872,0,17.1,8456
1128.2,872,0,17.0,8417
1129.3,872,7,16.7,8417
1130.3,872,8,16.3,8380
1131.3,872,27,17.5,8393
1132.3,872,7,17.6,8413
1133.4,872,7,16.3,8409
1134.4,872,7,16.8,8366
1135.4,872,7,16.4,8387
1136.4,872,7,17.0,8379
1137.5,872,8,16.2,8416
1138.5,872,6,16.2,8438
1139.5,872,0,16.1,8445
1140.5,872,0,17.5,8453
1141.6,872,0,16.2,8379
1142.6,872,7,17.4,8422
1143.6,872,7,16.6,8421
1144.7,872,7,16.0,8417
1145.7,872,7,16.2,8418
1146.7,872,7,16.9,8400
1147.7,872,8,16.9,8381
1148.8,872,7,16.3,8267
1149.8,872,7,17.6,8357
1150.8,872,7,16.1,8313
1151.8,872,0,17.1,8320
1152.9,872,0,15.3,8322
1153.9,872,7,16.6,8333
1154.9,872,0,15.3,8321
1156.0,872,0,16.0,8341
1157.0,872,7,16.5,8263
1158.0,872,7,17.8,8363
1159.0,872,7,15.6,8378
1160.1,872,7,16.4,8398
1161.1,872,7,15.6,8386
1162.1,872,7,15.8,8423
1163.1,872,7,16.5,8435
1164.2,872,8,16.0,8470
1165.2,872,7,16.4,8478
1166.2,872,7,16.4,8453
1167.3,872,7,16.8,8468
1168.3,872,0,16.1,8443
1169.3,872,0,15.8,8427
1170.3,885,5,16.8,8427
1171.4,885,14,16.5,8446
1172.4,884,3,16.3,8456
1173.4,884,4,15.8,8451
1174.4,884,5,15.9,8427
1175.5,873,1,15.9,8461
1176.5,876,13,15.6,8477
1177.5,893,28,15.7,8424
1178.5,893,2,16.7,8349
1179.5,893,0,15.9,8394
1180.6,893,4,16.1,8402
1181.6,893,75,15.6,8430
1182.6,873,0,16.5,8446
1183.6,873,2,16.4,8455
1184.6,873,4,15.7,8469
1185.7,873,7,15.7,8320
1186.7,873,8,15.8,8419
1187.7,873,32,15.9,8434
1188.8,873,1,16.7,8467
1189.8,873,1,16.2,8459
1190.8,873,9,17.3,8486
1191.8,873,5,17.7,8484
1192.9,873,28,17.8,8464
1193.9,873,4,16.3,8466
1194.9,873,4,15.4,8455
1196.0,873,2,15.9,8424
1197.0,884,5,16.9,8491
1198.0,884,3,16.1,8451
1199.0,884,3,16.0,8480
1200.1,883,32,16.4,8509
1201.1,883,3,16.4,8496
1202.1,889,15,17.3,8492
1203.1,889,6,16.0,8467
1204.1,880,4,15.7,8324
1205.2,880,12,16.4,8401
1206.2,884,0,15.5,8453
1207.2,884,4,15.6,8473
1208.2,884,1,16.8,8450
1209.2,884,3,14.9,8463
1210.3,884,2,14.9,8471
1211.3,884,0,16.4,8431
1212.3,884,7,16.2,8350
1213.3,884,1,17.1,8372
1214.4,884,1,16.1,8430
1215.4,884,4,16.0,8422
1216.4,884,5,16.1,8432
1217.4,884,0,15.6,8445
1218.5,884,7,16.2,8453
1219.5,884,0,17.1,8387
1220.5,884,0,17.5,8471
1221.5,884,8,16.3,8419
1222.5,884,7,16.5,8462
1223.6,884,4,17.6,8516
1224.6,884,0,17.1,8504
1225.6,884,0,15.8,8385
1226.7,884,3,15.9,8454
1227.7,884,8,16.0,8461
1228.7,884,7,15.8,8468
1229.7,884,7,16.1,8465
1230.8,884,8,14.9,8459
1231.8,884,7,16.0,8473
1232.8,884,0,16.2,8484
1233.9,889,73,17.5,8393
1234.9,889,12,17.6,8466
1235.9,888,7,16.7,8503
1236.9,888,15,18.1,8461
1238.0,888,16,17.4,8491
1239.0,884,24,18.6,8515
1240.0,884,31,17.4,8487
1241.1,884,29,16.7,8470
1242.1,884,51,17.5,8461
1243.1,884,20,15.9,8446
1244.1,884,10,16.9,8491
1245.2,884,3,17.8,8501
1246.2,884,19,16.6,8485
1247.2,884,13,16.6,8510
1248.3,884,14,17.4,8565
1249.3,884,34,17.3,8541
1250.3,884,49,16.9,8559
1251.4,884,38,16.7,8558
1252.4,884,43,17.8,8583
1253.4,884,15,18.0,8582
1254.4,884,19,18.1,8569
1255.5,884,22,16.7,8545
1256.5,884,18,17.7,8554
1257.5,884,24,16.7,8539
1258.5,884,10,17.4,8541
1259.6,884,15,17.6,8560
1260.6,884,29,16.4,8550
1261.7,884,29,16.4,8546
1262.7,884,14,16.5,8574
1263.7,884,14,16.2,8572
1264.8,884,15,17.6,8569
1265.8,884,28,16.8,8570
1266.8,884,44,17.6,8583
1267.9,884,24,16.3,8589
1268.9,884,34,16.9,8582
1269.9,878,32,17.6,8586
1270.9,878,3,17.6,8604
1272.0,878,6,17.1,8598
1273.0,878,0,17.2,8601
1274.0,879,4,17.6,8577
1275.0,875,77,17.3,8614
1276.1,875,4,17.7,8543
1277.1,849,3,18.0,8614
1278.1,849,12,17.5,8609
1279.1,849,29,17.2,8513
1280.2,848,29,16.9,8552
1281.2,848,7,18.0,8597
1282.2,848,7,17.6,8590
1283.2,853,7,17.6,8590
1284.2,864,4,19.0,8591
1285.3,868,11,17.9,8568
1286.3,868,0,18.4,8643
1287.3,867,2,18.4,8783
1288.3,867,6,18.7,8769
1289.4,867,7,18.0,8693
1290.4,867,7,17.6,8714
1291.4,859,7,17.6,8749
1292.4,859,7,17.8,8779
1293.5,859,16,17.7,8759
1294.5,859,8,16.8,8719
1295.5,859,8,16.2,8700
1296.5,859,4,16.3,8697
1297.5,859,7,16.9,8722
1298.6,859,7,15.7,8538
1299.6,859,0,16.2,8627
1300.6,859,0,18.0,8648
1301.6,859,5,15.8,8648
1302.7,859,7,16.0,8657
1303.7,859,7,16.8,8658
1304.7,859,7,16.3,8649
1305.7,859,7,16.4,8571
1306.8,859,7,16.3,8628
1307.8,859,7,15.9,8659
1308.8,859,7,16.4,8661
1309.9,859,7,16.3,8665
1310.9,859,7,15.8,8699
1311.9,859,7,15.8,8717
1312.9,859,0,15.7,8734
1314.0,859,0,17.0,8724
1315.0,859,7,16.9,8722
1316.0,859,8,17.1,8706
1317.0,859,7,17.2,8728
1318.1,859,7,17.8,8565
1319.1,859,8,17.2,8661
1320.1,859,13,16.3,8668
1321.1,859,7,17.4,8703
1322.2,859,7,17.1,8679
1323.2,859,7,16.9,8709
1324.2,859,14,16.8,8711
1325.3,859,7,16.4,8717
1326.3,859,7,17.3,8708
1327.3,859,1,16.4,8712
1328.3,859,7,16.0,8741
1329.4,859,7,16.6,8714
1330.4,859,7,16.6,8719
1331.4,859,7,16.1,8737
1332.4,859,7,16.5,8733
1333.5,859,7,16.3,8684
1334.5,859,7,16.5,8706
1335.5,859,7,16.5,8701
1336.5,859,8,15.9,8709
1337.6,859,4,16.5,8714
1338.6,859,58,17.6,8751
1339.6,859,1,16.7,8702
1340.6,863,1,17.0,8704
1341.7,863,17,17.6,8721
1342.7,863,13,17.3,8734
1343.7,863,4,16.7,8751
1344.7,863,3,16.4,8736
1345.8,861,69,17.0,8716
1346.8,861,2,17.0,8739
1347.8,863,13,16.7,8768
1348.8,863,3,15.5,8781
1349.9,863,3,17.2,8773
1350.9,863,3,17.1,8620
1351.9,863,0,16.1,8682
1352.9,876,0,16.4,8718
1354.0,876,1,17.0,8747
1355.0,876,3,15.7,8738
1356.0,876,4,15.7,8750
1357.0,876,5,17.0,8764
1358.1,876,7,16.2,8771
1359.1,842,7,17.1,8758
1360.1,842,7,17.3,8779
1361.1,844,7,16.0,8766
1362.2,844,7,15.8,8735
1363.2,844,8,16.4,8783
1364.2,844,7,16.2,8743
1365.2,844,6,15.3,8730
1366.3,844,2,17.0,8749
1367.3,842,1,16.3,8758
1368.3,842,7,17.0,8784
1369.3,842,7,17.2,8809
1370.4,842,7,16.6,8795
1371.4,842,7,15.8,8788
1372.4,842,7,16.6,8808
1373.5,843,15,16.9,8827
1374.5,852,6,17.0,8792
1375.5,852,13,16.5,8798
1376.5,851,22,16.5,8805
1377.5,851,15,15.8,8819
1378.6,851,34,16.9,8814
1379.6,842,41,16.6,8833
1380.6,842,39,15.9,8803
1381.7,842,31,16.6,8805
1382.7,842,52,17.5,8824
1383.7,842,54,17.7,8812
1384.7,842,30,16.1,8789
1385.8,842,31,16.6,8856
1386.8,842,31,16.1,8811
1387.8,842,30,16.0,8848
1388.9,842,53,18.4,8847
1389.9,842,20,16.0,8853
1390.9,842,20,15.7,8803
1392.0,842,42,16.1,8805
1393.0,842,0,17.5,8811
1394.0,842,0,15.6,8805
1395.0,842,20,17.8,8795
1396.1,842,0,17.0,8781
1397.1,842,2,17.4,8793
1398.1,842,58,16.0,8801
1399.1,842,30,16.9,8812
1400.2,842,31,17.7,8795
1401.2,842,50,16.0,8790
1402.3,842,32,16.7,8811
1403.3,842,30,16.4,8837
1404.4,842,51,17.1,8834
1405.4,842,29,16.6,8820
1406.4,842,24,16.8,8857
1407.4,842,0,16.3,8854
1408.5,842,29,17.5,8824
1409.5,842,65,17.5,8790
1410.5,842,15,16.9,8814
1411.6,842,29,17.5,8830
1412.6,842,48,16.4,8728
1413.6,842,29,16.9,8761
1414.6,842,15,17.5,8808
1415.7,842,23,16.2,8778
1416.7,843,0,17.6,8843
1417.7,843,0,16.6,8870
1418.7,843,22,16.9,8952
1419.8,843,0,16.1,8968
1420.8,843,0,16.7,8956
1421.8,843,19,16.6,8923
1422.8,843,22,17.6,8956
1423.9,843,32,17.6,8939
1424.9,843,18,17.3,8927
1425.9,843,31,17.8,8944
1426.9,843,0,17.0,8934
1428.0,843,40,18.8,8886
1429.0,843,46,16.7,8870
1430.0,843,25,17.5,8853
1431.1,843,23,16.9,8870
1432.1,843,30,16.3,8865
1433.1,843,17,17.5,8891
1434.1,843,26,17.0,8930
1435.2,843,0,16.0,8866
1436.2,843,0,17.2,8877
1437.2,843,0,16.8,8854
1438.3,843,13,16.0,8845
1439.3,843,0,17.3,8845
1440.3,843,0,16.3,8835
1441.3,843,30,17.6,8855
1442.4,843,20,17.0,8863
1443.4,843,21,17.1,8867
1444.4,843,21,16.6,8873
1445.5,843,3,17.2,8855
1446.5,843,13,16.2,8846
1447.5,843,29,17.4,8874
1448.5,843,56,16.5,8804
1449.6,843,29,16.1,8842
1450.6,843,25,16.3,8875
1451.6,843,37,17.1,8878
1452.6,843,42,16.9,8888
1453.7,843,30,17.3,8911
1454.7,843,29,16.9,8898
1455.7,843,15,16.9,8882
1456.8,843,19,16.4,8877
1457.8,843,21,17.2,8890
1458.9,843,13,16.7,8896
1459.9,843,17,17.6,8891
1461.0,843,15,16.3,8911
1462.0,843,27,16.9,8909
1463.0,848,31,17.6,8913
1464.1,848,1,17.4,8932
1465.1,848,11,16.9,8932
1466.1,847,45,17.1,8925
1467.1,847,25,16.7,8909
1468.2,847,15,16.4,8916
1469.2,848,20,18.2,8814
1470.2,848,21,17.2,8910
1471.2,847,0,16.7,8885
1472.3,847,0,16.7,8828
1473.3,847,0,16.0,8843
1474.3,843,8,15.6,8837
1475.4,843,8,16.5,8858
1476.4,843,7,15.9,8894
1477.4,843,8,16.8,8874
1478.5,867,16,17.0,8910
1479.5,867,16,16.9,8893
1480.5,868,28,17.8,8866
1481.6,869,3,16.0,8908
1482.6,869,14,16.7,8880
1483.6,866,5,17.7,8889
1484.7,866,21,16.7,8904
1485.7,869,18,17.3,8878
1486.7,868,0,18.4,8893
1487.7,871,4,19.2,8887
1488.7,877,3,17.6,8889
1489.8,876,16,17.1,8807
1490.8,881,70,24.4,9034
1491.8,873,17,20.1,9051
1492.8,871,6,16.5,9028
1493.9,870,4,17.1,8972
1494.9,870,34,17.2,8984
1495.9,843,4,15.9,8992
1496.9,820,2,16.6,8934
1498.0,836,65,17.9,8960
1499.0,836,6,18.1,8958
1500.0,840,26,16.4,8989
1501.0,840,35,18.2,9012
1502.1,840,40,18.5,9022
1503.1,829,41,20.0,9066
1504.1,834,37,21.9,8983
1505.1,826,33,18.4,9053
1506.1,827,11,19.8,9012
1507.2,852,20,21.7,8990
1508.2,851,3,18.1,8992
1509.2,850,12,17.3,9014
1510.2,853,4,18.6,9040
1511.2,852,19,17.6,9037
1512.3,824,15,18.5,9016
1513.3,820,25,18.2,8959
1514.3,819,26,17.3,8977
1515.3,814,30,18.4,9007
1516.4,819,32,24.5,9195
1517.4,825,23,21.4,9263
1518.4,854,24,25.4,9160
1519.4,854,13,24.9,9232
1520.4,850,4,18.3,9219
1521.5,847,72,17.3,9220
1522.5,848,3,17.4,9235
1523.5,877,14,17.7,9273
1524.5,882,14,18.2,9244
1525.6,884,27,18.5,9253
1526.6,883,30,17.7,9254
1527.6,883,9,20.7,9319
1528.6,880,70,18.5,9297
1529.7,871,7,17.8,9343
1530.7,863,4,16.2,9316
1531.7,864,14,17.3,9307
1532.7,864,3,15.9,9307
1533.7,864,11,17.6,9309
1534.8,877,5,18.8,9302
1535.8,884,13,19.0,9262
1536.8,883,14,18.9,9093
1537.8,881,3,16.8,9076
1538.8,893,58,17.9,9083
1539.9,825,20,18.8,9084
1540.9,823,15,24.1,9073
1541.9,821,25,18.7,9206
1543.0,821,27,21.2,9202
1544.0,824,12,21.3,9234
1545.0,824,7,25.4,9407
1546.0,825,9,26.8,9495
1547.1,830,18,25.0,9576
1548.1,829,2,25.2,9713
1549.1,856,4,24.2,9744
1550.2,859,71,22.3,9507
1551.2,856,3,17.0,9513
1552.2,849,4,16.5,9532
1553.2,849,14,17.0,9532
1554.2,844,23,16.9,9544
1555.3,807,22,17.1,9518
1556.3,807,33,17.8,9502
1557.3,807,33,16.3,9494
1558.3,807,30,17.0,9542
1559.4,807,24,16.2,9541
1560.4,807,8,17.2,9551
1561.4,807,7,16.7,9178
1562.4,807,7,17.3,9144
1563.5,807,8,16.3,9126
1564.5,807,7,16.6,9129
1565.5,807,2,17.3,9107
1566.5,807,7,17.0,9131
1567.6,807,8,17.4,9163
1568.6,807,7,17.3,9154
1569.6,807,8,16.9,9123
1570.6,807,7,16.8,9116
1571.7,807,8,16.8,9107
1572.7,807,7,16.3,9096
1573.7,807,8,16.0,9109
1574.7,807,7,15.6,9145
1575.8,807,7,16.0,9155
1576.8,807,8,18.0,9154
1577.8,807,7,17.6,9153
1578.9,807,0,16.0,9159
1579.9,807,0,16.3,9139
1580.9,807,0,17.2,9137
1581.9,807,7,16.2,9119
1583.0,807,8,18.4,9130
1584.0,807,7,17.3,9118
1585.0,807,8,16.8,9137
1586.0,807,7,16.2,9142
1587.1,807,7,17.4,9140
1588.1,807,8,17.0,9127
1589.1,807,7,15.9,9161
1590.1,807,7,16.6,9148
1591.2,807,6,17.3,9124
1592.2,807,7,16.5,9148
1593.2,807,9,17.6,9037
1594.3,807,7,17.0,9095
1595.3,807,5,16.5,9133
1596.3,807,7,17.6,9114
1597.3,807,7,16.8,9130
1598.4,807,8,17.1,9140
1599.4,807,8,18.7,9134
1600.4,807,7,17.6,9033
1601.4,807,7,16.6,9106
1602.5,807,7,17.6,9127
1603.5,807,7,16.9,9156
1604.5,807,8,16.6,9173
1605.5,807,7,17.0,9160
1606.6,784,66,17.3,9134
1607.6,784,2,16.4,9171
1608.6,787,22,18.0,9174
1609.6,786,12,17.6,9202
1610.7,784,3,16.4,9179
1611.7,783,76,18.0,9135
1612.7,783,13,17.4,9167
1613.7,785,10,18.5,9159
1614.7,787,3,17.5,9116
1615.8,788,28,18.0,9142
1616.8,788,2,17.4,9163
1617.8,788,2,16.4,9143
1618.8,788,0,17.1,9152
1619.9,788,0,18.3,9130
1620.9,783,78,19.9,9134
1621.9,783,0,18.3,9168
1622.9,783,1,17.0,9202
1624.0,783,10,17.3,9182
1625.0,783,9,17.2,9208
1626.0,775,10,16.5,9028
1627.0,775,10,17.7,9136
1628.0,775,11,18.6,9163
1629.1,775,10,17.0,9214
1630.1,775,9,17.4,9185
1631.1,775,10,17.8,9197
1632.1,775,9,18.0,9182
1633.2,775,9,17.8,9206
1634.2,775,9,17.6,9179
1635.2,775,9,17.5,9200
1636.2,775,8,17.3,9063
1637.3,775,7,17.8,9114
1638.3,775,7,16.7,9118
1639.3,775,7,16.7,9109
1640.4,775,7,17.3,9129
1641.4,775,7,16.7,9147
1642.4,775,7,17.0,9152
1643.4,775,7,17.0,9059
1644.5,775,0,16.4,9096
1645.5,775,0,17.0,9141
1646.5,775,8,18.0,9134
1647.5,775,7,17.5,9168
1648.6,775,7,17.3,9177
1649.6,775,7,17.7,9067
1650.6,775,7,16.8,9171
1651.6,775,7,16.3,9207
1652.7,775,7,16.8,9164
1653.7,775,7,17.3,9186
1654.7,775,7,16.2,9203
1655.7,775,7,18.3,9199
1656.8,775,7,18.0,9202
1657.8,775,7,17.1,9197
1658.8,775,8,17.1,9211
1659.9,775,0,17.9,9213
1660.9,775,2,17.8,9194
1661.9,775,5,18.7,9187
1662.9,775,7,17.2,9238
1664.0,775,7,18.2,9216
1665.0,775,8,17.5,9254
1666.0,775,7,17.1,9229
1667.0,775,8,17.1,9249
1668.1,775,7,16.7,9207
1669.1,775,7,16.5,9261
1670.1,775,7,16.7,9297
1671.1,775,7,18.6,9249
1672.2,775,8,17.7,9258
1673.2,775,9,18.5,9284
1674.2,775,2,17.4,9305
1675.3,775,7,17.8,9300
1676.3,775,7,16.5,9256
1677.3,775,7,16.3,9093
1678.3,775,7,16.6,9168
1679.4,775,7,17.7,9216
1680.4,775,7,16.3,9203
1681.4,775,7,16.3,9225
1682.4,775,7,17.1,9203
1683.5,775,7,16.6,9204
1684.5,775,7,16.5,9100
1685.5,775,11,17.1,9230
1686.5,775,7,17.6,9254
1687.6,775,0,16.3,9228
1688.6,775,7,16.8,9224
1689.6,775,7,17.9,9270
1690.6,775,7,17.1,9290
1691.7,775,7,16.4,9250
1692.7,775,7,17.7,9110
1693.7,775,7,17.7,9224
1694.8,775,7,17.7,9235
1695.8,775,7,17.3,9270
1696.8,775,7,15.9,9290
1697.8,775,8,16.5,9261
1698.9,775,9,16.6,9270
1699.9,775,0,17.1,9280
1700.9,775,7,16.3,9301
1702.0,775,7,18.6,9279
1703.0,775,7,18.2,9266
1704.0,775,7,17.8,9262
1705.0,775,7,17.8,9255
1706.1,775,7,17.7,9242
1707.1,775,8,16.2,9235
1708.1,775,7,17.3,9274
1709.1,775,7,17.9,9289
1710.2,775,7,16.7,9308
1711.2,775,7,15.9,9161
1712.2,775,7,18.2,9224
1713.3,775,11,17.4,9248
1714.3,775,9,17.3,9272
1715.3,775,7,17.8,9274
1716.3,775,7,18.1,9284
1717.4,775,7,17.3,9243
1718.4,775,7,17.3,9252
1719.4,775,7,17.4,9260
1720.4,775,8,17.0,9248
1721.5,775,7,17.1,9281
1722.5,775,7,17.9,9313
1723.5,775,7,16.3,9329
1724.5,775,0,16.8,9363
1725.6,775,0,18.4,9353
1726.6,775,7,17.1,9324
1727.6,775,0,17.0,9323
1728.7,775,7,17.2,9341
1729.7,775,7,17.3,9182
1730.7,775,7,17.8,9256
1731.7,775,7,18.8,9261
1732.8,775,7,17.8,9265
1733.8,775,7,17.0,9300
1734.8,775,7,16.4,9281
1735.8,775,7,17.3,9301
1736.9,775,7,16.8,9283
1737.9,775,7,16.6,9293
1738.9,775,0,16.6,9327
1740.0,775,11,16.5,9328
1741.0,775,7,16.5,9348
1742.0,775,5,17.2,9312
1743.0,775,7,15.8,9209
1744.1,775,7,16.4,9316
1745.1,775,7,17.4,9313
1746.1,775,7,16.2,9330
1747.1,775,7,17.9,9373
1748.2,775,7,16.8,9338
1749.2,775,7,16.0,9329
1750.2,775,7,17.1,9327
1751.2,775,7,17.1,9336
1752.3,775,0,16.7,9361
1753.3,775,7,16.6,9325
1754.3,775,7,17.8,9393
1755.3,775,7,16.8,9412
1756.4,775,7,16.8,9368
1757.4,775,8,17.4,9265
1758.4,775,7,18.5,9297
1759.5,775,7,17.3,9311
1760.5,775,7,17.6,9364
1761.5,775,7,16.8,9348
1762.5,775,7,16.7,9319
1763.6,775,7,17.6,9346
1764.6,775,7,17.6,9374
1765.6,775,7,17.2,9380
1766.7,775,0,18.2,9395
1767.7,775,7,17.2,9360
1768.7,775,7,17.0,9382
1769.7,775,8,17.9,9239
1770.8,775,7,17.0,9319
1771.8,775,8,16.3,9353
1772.8,775,7,17.7,9379
1773.8,775,7,17.0,9379
1774.9,775,7,16.5,9387
1775.9,775,7,16.8,9373
1776.9,775,7,17.7,9341
1778.0,775,0,16.1,9317
1779.0,775,7,17.2,9335
1780.0,775,7,17.3,9365
1781.0,775,5,16.7,9386
1782.1,775,7,17.6,9351
1783.1,775,7,18.9,9241
1784.1,775,8,17.2,9301
1785.1,775,8,16.4,9352
1786.2,775,7,16.9,9341
1787.2,775,8,17.0,9352
1788.2,775,7,17.3,9384
1789.2,775,7,16.6,9376
1790.3,775,7,16.1,9386
1791.3,775,7,17.6,9309
1792.3,775,7,18.0,9360
1793.4,775,0,16.7,9361
1794.4,775,0,17.9,9376
1795.4,775,8,18.4,9403
1796.4,775,7,17.6,9442
1797.5,775,8,17.1,9415
1798.5,775,8,17.6,9292
1799.5,775,8,17.5,9385
1800.5,775,7,16.6,9394
1801.6,775,7,18.0,9404
1802.6,775,7,17.2,9416
1803.6,775,7,16.2,9407
1804.6,775,8,17.5,9291
1805.7,775,8,16.9,9361
1806.7,775,12,18.2,9373
1807.7,775,7,17.3,9406
1808.8,775,6,18.0,9422
1809.8,775,8,16.2,9426
1810.8,775,7,17.1,9440
1811.8,775,8,18.0,9425
1812.9,775,8,16.3,9446
1813.9,775,7,18.0,9471
1814.9,775,7,17.6,9411
1816.0,775,8,18.1,9425
1817.0,775,7,17.9,9295
1818.0,775,8,17.7,9362
1819.0,775,0,17.5,9369
1820.1,775,8,18.1,9380
1821.1,775,7,17.9,9410
1822.1,775,7,19.0,9437
1823.1,775,8,17.6,9434
1824.2,775,8,18.5,9416
1825.2,775,8,16.0,9411
1826.2,775,7,18.8,9413
1827.2,775,7,17.0,9438
1828.3,775,7,17.3,9442
1829.3,775,8,17.9,9440
1830.3,775,7,17.9,9449
1831.4,775,8,17.3,9477
1832.4,775,8,16.7,9446
1833.4,775,0,17.8,9424
1834.4,775,0,17.2,9432
1835.5,775,7,19.1,9433
1836.5,775,8,16.9,9445
1837.5,775,8,17.0,9425
1838.5,775,7,18.1,9431
1839.6,775,8,18.0,9429
1840.6,775,8,17.5,9435
1841.6,775,8,18.3,9428
1842.6,775,8,18.1,9429
1843.7,775,6,16.4,9424
1844.7,775,9,17.3,9343
1845.7,775,8,18.0,9404
1846.7,775,8,17.0,9396
1847.8,775,2,17.5,9428
1848.8,775,8,17.4,9403
1849.8,775,7,16.9,9433
1850.9,775,8,17.8,9361
1851.9,775,7,16.5,9415
1852.9,775,7,16.8,9438
1853.9,775,7,17.4,9456
1855.0,775,8,16.7,9476
1856.0,775,7,17.1,9516
1857.0,775,8,17.7,9372
1858.0,775,8,18.1,9457
1859.1,775,7,17.9,9457
1860.1,775,0,16.8,9481
1861.1,775,7,16.3,9489
1862.2,775,3,16.7,9486
1863.2,775,7,15.4,9510
1864.2,775,7,16.8,9462
1865.2,775,7,16.7,9443
1866.3,775,7,16.5,9474
1867.3,775,7,16.3,9508
1868.3,775,7,15.3,9509
1869.3,775,7,16.6,9519
1870.4,775,7,17.7,9507
1871.4,775,7,16.4,9518
1872.4,775,4,15.5,9509
1873.4,775,7,15.5,9480
1874.5,775,3,15.8,9517
1875.5,775,8,15.7,9496
1876.5,775,7,16.5,9492
1877.6,775,7,15.9,9484
1878.6,775,8,18.0,9466
1879.6,775,7,16.1,9398
1880.6,775,8,16.9,9480
1881.7,775,7,16.0,9464
1882.7,775,7,16.4,9484
1883.7,775,7,15.4,9464
1884.7,775,7,17.0,9488
1885.8,775,0,15.9,9494
1886.8,775,5,16.7,9504
1887.8,775,7,16.6,9391
1888.8,775,8,16.9,9446
1889.9,775,7,15.5,9467
1890.9,775,8,16.2,9496
1891.9,775,7,15.7,9521
1892.9,775,7,16.5,9497
1894.0,775,7,16.0,9501
1895.0,775,7,16.8,9511
1896.0,775,7,16.4,9511
1897.1,775,0,16.8,9529
1898.1,775,8,15.6,9571
1899.1,775,0,16.9,9566
1900.1,775,7,16.2,9507
1901.2,775,7,16.2,9571
1902.2,775,7,17.1,9560
1903.2,775,7,15.5,9534
1904.2,775,7,16.2,9577
1905.3,775,8,16.7,9538
1906.3,775,7,16.1,9541
1907.3,764,7,16.9,9552
1908.4,739,0,20.5,9513
1909.4,739,14,21.2,9552
1910.4,739,3,16.5,9541
1911.4,739,13,16.6,9562
1912.5,741,7,16.7,9559
1913.5,792,4,22.9,9569
1914.5,792,2,17.2,9587
1915.5,794,4,16.2,9587
1916.5,794,10,17.6,9569
1917.6,904,52,18.2,9596
1918.6,881,5,19.3,9635
1919.6,881,14,19.8,9686
1920.6,879,25,18.5,9705
1921.6,877,16,19.8,9717
1922.7,873,21,18.8,9755
1923.7,865,51,19.8,9701
1924.7,865,11,23.9,9828
1925.8,865,8,23.3,9744
1926.8,865,15,17.2,9741
1927.8,865,29,16.7,9758
1928.9,865,15,17.6,9733
1929.9,865,26,16.5,9731
1930.9,865,31,16.9,9724
1931.9,865,21,15.7,9737
1933.0,865,15,17.2,9730
1934.0,865,56,18.5,9705
1935.0,865,15,17.2,9702
1936.0,865,25,17.3,9702
1937.1,865,17,18.1,9709
1938.1,865,15,17.0,9715
1939.1,865,23,16.1,9732
1940.1,865,19,16.7,9743
1941.2,865,8,17.8,9720
1942.2,865,21,15.5,9715
1943.2,871,29,17.2,9666
1944.2,871,14,16.8,9656
1945.3,869,23,15.8,9644
1946.3,869,15,16.8,9670
1947.3,869,15,16.9,9677
1948.3,865,32,16.2,9651
1949.4,865,15,16.9,9640
1950.4,865,15,16.7,9630
1951.4,865,30,16.3,9670
1952.4,865,6,16.9,9655
1953.5,865,6,16.6,9655
1954.5,865,15,15.7,9648
1955.5,865,16,16.8,9655
1956.6,865,44,17.3,9679
1957.6,865,29,15.9,9691
1958.6,865,50,16.4,9719
1959.6,865,23,16.3,9707
1960.6,865,30,16.8,9672
1961.7,865,15,17.1,9687
1962.7,865,14,16.9,9690
1963.7,865,13,16.3,9686
1964.7,865,9,16.9,9698
1965.8,865,8,17.5,9678
1966.8,865,15,16.8,9584
1967.8,865,25,17.5,9615
1968.9,865,40,18.5,9653
1969.9,865,38,17.1,9688
1970.9,865,15,16.9,9725
1971.9,865,30,16.3,9697
1973.0,865,57,16.5,9678
1974.0,865,30,16.8,9708
1975.0,865,30,16.7,9710
1976.1,865,29,17.0,9704
1977.1,865,19,17.0,9681
1978.1,865,10,17.6,9602
1979.1,865,12,17.6,9657
1980.2,865,14,17.9,9673
1981.2,865,27,16.4,9707
1982.2,865,53,17.1,9694
1983.3,865,25,17.0,9694
1984.3,865,20,16.6,9697
1985.3,865,31,15.9,9702
1986.4,865,15,18.7,9753
1987.4,865,15,16.6,9738
1988.4,865,15,16.2,9724
1989.4,865,15,16.5,9735
1990.5,865,49,16.9,9726
1991.5,865,30,16.2,9732
1992.5,865,23,17.2,9723
1993.5,865,17,15.8,9709
1994.6,865,25,16.7,9722
1995.6,865,29,17.2,9749
1996.6,865,15,16.8,9749
1997.6,865,15,16.4,9740
1998.7,865,30,16.8,9747
1999.7,865,29,16.1,9756
2000.7,865,15,16.5,9750
2001.7,865,15,15.3,9732
2002.8,865,30,16.1,9714
2003.8,865,56,16.0,9730
2004.8,865,13,16.8,9761
2005.8,865,25,16.6,9730
2006.9,865,72,16.0,9742
2007.9,865,54,15.8,9772
2008.9,865,41,15.9,9784
2010.0,865,32,16.1,9756
2011.0,865,31,16.0,9751
2012.0,865,30,16.4,9751
2013.0,865,30,14.9,9745
2014.1,865,15,16.0,9745
2015.1,865,15,17.0,9762
2016.1,865,15,16.2,9751
2017.2,865,12,16.1,9768
2018.2,865,51,16.5,9799
2019.2,870,73,15.7,9769
2020.2,870,1,16.4,9762
2021.2,869,0,17.1,9747
2022.3,869,4,16.3,9759
2023.3,874,71,17.2,9765
2024.3,873,23,16.5,9747
2025.3,873,23,16.9,9756
2026.4,873,51,17.0,9739
2027.4,865,17,16.0,9753
2028.4,865,15,16.6,9778
2029.5,865,42,18.1,9768
2030.5,865,15,17.4,9787
2031.5,865,25,17.2,9753
2032.5,865,5,16.6,9747
2033.6,865,38,16.8,9774
2034.6,865,31,16.7,9724
2035.6,865,8,18.3,9748
2036.6,865,29,17.0,9754
2037.7,865,44,17.1,9726
2038.7,865,48,17.2,9719
2039.7,865,14,17.7,9749
2040.7,870,77,16.6,9759
2041.8,874,3,16.3,9751
2042.8,879,67,16.6,9739
2043.8,878,5,16.5,9662
2044.8,878,4,17.5,9719
2045.8,876,4,17.1,9790
2046.9,876,4,17.3,9796
2047.9,876,66,17.8,9828
2048.9,876,18,16.3,9793
2049.9,876,12,17.6,9798
2050.9,876,4,15.3,9779
2052.0,876,6,17.4,9762
2053.0,876,8,15.3,9772
2054.0,874,8,14.9,9775
2055.0,874,8,17.2,9796
2056.1,874,7,15.6,9795
2057.1,874,8,15.5,9793
2058.1,890,82,16.2,9854
2059.1,910,18,17.2,9837
2060.2,911,7,17.3,9862
2061.2,914,44,19.4,9807
2062.2,895,19,17.3,9802
2063.2,893,46,18.3,9787
2064.2,893,61,17.1,9823
2065.3,890,34,18.0,9809
2066.3,889,15,19.2,9802
2067.3,888,16,15.7,9796
2068.3,886,7,17.0,9812
2069.4,883,6,17.8,9825
2070.4,867,21,16.9,9815
2071.4,867,21,16.9,9813
2072.5,867,15,18.3,9844
2073.5,866,8,16.9,9840
2074.5,866,7,15.7,9821
2075.5,865,19,18.0,9807
2076.5,865,92,17.0,9794
2077.6,865,8,17.5,9815
2078.6,866,7,17.2,9838
2079.6,865,14,17.5,9849
2080.6,865,7,16.7,9840
2081.7,865,17,16.7,9874
2082.7,865,100,16.3,9867
2083.7,865,16,17.9,9839
2084.7,865,8,16.9,9853
2085.8,865,15,18.5,9845
2086.8,896,20,23.8,10018
2087.8,907,20,19.6,10023
2088.8,907,29,17.8,10008
2089.8,906,10,19.2,10018
2090.9,905,31,22.7,10068
2091.9,905,12,15.9,10080
2092.9,899,37,19.3,10075
2093.9,899,7,18.2,10089
2095.0,899,34,21.2,10105
2096.0,899,21,20.9,10153
2097.0,899,6,19.4,10183
2098.0,899,7,18.9,10194
2099.0,899,5,18.9,10080
2100.1,899,2,19.0,10207
2101.1,899,43,23.2,10325
2102.1,898,41,22.5,10377
2103.1,898,8,18.0,10368
2104.2,899,5,17.8,10389
2105.2,899,3,18.1,10400
2106.2,898,15,18.6,10371
2107.2,870,11,17.2,10356
2108.3,871,1,18.6,10362
2109.3,929,0,21.3,10430
2110.3,933,26,17.8,10414
2111.3,930,0,16.9,10427
2112.4,930,0,16.8,10436
2113.4,935,0,17.8,10431
2114.4,899,58,17.6,10432
2115.4,898,20,17.5,10409
2116.5,898,15,17.3,10431
2117.5,898,30,16.8,10452
2118.5,890,25,17.6,10454
2119.5,890,29,18.3,10130
2120.6,887,38,17.6,10117
2121.6,887,14,17.4,10034
2122.6,887,29,17.9,9994
2123.7,887,9,16.4,10011
2124.7,887,13,17.0,10006
2125.7,894,13,17.6,10017
2126.7,894,3,17.8,10011
2127.8,894,7,17.4,10026
2128.8,894,7,16.9,10018
2129.8,894,8,16.8,9989
2130.8,885,7,17.1,9995
2131.9,885,8,16.7,9985
2132.9,885,7,16.1,10041
2133.9,885,11,15.9,10042
2134.9,885,8,16.6,10000
2136.0,885,8,16.2,9979
2137.0,885,8,16.4,9978
2138.0,885,5,15.6,9977
2139.0,885,0,16.2,10002
2140.1,885,11,16.1,9956
2141.1,885,7,18.3,9968
2142.1,885,7,15.7,9973
2143.1,885,7,17.1,9937
2144.2,885,8,17.0,9935
2145.2,885,8,17.7,9936
2146.2,885,8,17.4,9943
2147.2,885,8,16.6,9956
2148.3,885,8,16.7,9951
2149.3,885,8,16.2,9930
2150.3,890,7,17.2,9959
2151.3,911,9,17.8,9983
2152.3,917,10,20.4,9977
2153.4,897,30,18.2,9965
2154.4,897,34,18.3,9987
2155.4,893,29,18.0,9973
2156.4,883,27,17.3,9990
2157.5,882,36,18.9,9982
2158.5,883,41,18.1,9986
2159.5,883,2,16.6,10003
2160.5,882,3,17.1,10016
2161.5,887,2,18.1,10003
2162.6,881,18,17.2,10025
2163.6,874,14,18.5,10043
2164.6,874,13,18.1,10027
2165.6,909,37,23.3,10072
2166.7,909,19,18.9,10077
2167.7,908,33,21.1,10248
2168.7,926,37,19.7,10231
2169.7,926,21,20.1,10205
2170.7,926,3,17.4,10201
2171.8,913,4,17.0,10206
2172.8,926,60,18.3,10201
2173.8,924,7,17.1,10190
2174.8,906,4,17.8,10216
2175.9,906,13,16.4,10209
2176.9,906,14,15.8,10198
2177.9,890,12,16.9,10243
2178.9,890,19,16.1,10233
2180.0,890,23,16.6,10234
2181.0,890,28,16.6,10192
2182.0,890,26,16.0,10188
2183.0,890,15,16.6,10179
2184.1,890,30,17.6,10236
2185.1,890,41,17.6,10219
2186.1,890,15,15.8,10212
2187.2,890,30,17.1,10221
2188.2,890,40,16.5,10231
2189.2,890,21,17.4,10257
2190.2,890,31,16.6,10209
2191.3,890,52,16.9,10208
2192.3,890,29,16.7,10223
2193.3,890,35,16.5,10235
2194.4,890,9,17.0,10228
2195.4,890,12,17.6,10245
2196.4,890,30,16.3,10272
2197.4,890,34,17.2,10262
2198.5,890,15,16.4,10231
2199.5,890,30,16.7,10205
2200.5,890,30,15.7,10204
2201.5,890,32,17.2,10154
2202.6,890,29,15.4,10198
2203.6,890,30,16.2,10235
2204.6,890,15,18.0,10183
2205.7,890,30,17.1,10193
2206.7,890,44,16.2,10172
2207.7,890,40,16.7,10209
2208.7,889,21,16.5,10203
2209.8,889,21,17.1,10181
2210.8,889,48,17.7,10176
2211.8,889,29,16.3,10188
2212.8,889,39,16.7,10175
2213.9,889,42,15.2,10185
2214.9,889,17,17.0,10180
2215.9,889,18,17.3,10166
2216.9,889,12,17.0,10188
2218.0,889,17,15.3,10216
2219.0,889,7,15.7,10190
2220.0,889,33,18.2,10177
2221.0,889,69,16.5,10202
2222.1,889,21,15.6,10211
2223.1,889,22,16.8,10222
2224.1,889,73,15.9,10209
2225.1,889,28,15.0,10253
2226.2,889,39,16.3,10229
2227.2,889,30,15.8,10236
2228.2,889,35,16.5,10269
2229.3,889,46,16.5,10270
2230.3,889,20,15.6,10264
2231.3,889,13,17.6,10286
2232.3,889,23,16.7,10312
2233.4,889,22,16.5,10283
2234.4,889,25,17.6,10266
2235.4,889,30,16.6,10252
2236.5,889,35,16.3,10236
2237.5,889,25,17.5,10264
2238.5,889,20,16.4,10236
2239.6,889,42,16.6,10240
2240.6,889,35,17.2,10244
2241.6,889,15,18.3,10255
2242.6,889,10,17.9,10271
2243.6,890,18,23.1,10327
2244.7,890,5,19.8,10317
2245.7,890,5,17.6,10298
2246.7,890,15,16.4,10256
2247.7,890,16,16.5,10252
2248.8,890,31,18.1,10272
2249.8,890,31,16.9,10278
2250.8,890,32,16.3,10315
2251.8,890,31,17.9,10300
2252.8,890,30,16.3,10311
2253.9,890,30,17.1,10314
2254.9,890,45,17.5,10327
2255.9,890,31,15.9,10295
2257.0,890,31,16.0,10331
2258.0,890,4,17.8,10357
2259.0,890,32,17.5,10332
2260.0,890,32,18.6,10321
2261.1,890,30,17.8,10308
2262.1,890,31,16.5,10303
2263.1,890,31,16.2,10322
2264.2,890,32,17.8,10310
2265.2,890,32,16.9,10301
2266.2,890,32,17.0,10336
2267.3,890,24,17.1,10333
2268.3,890,38,17.4,10351
2269.3,890,13,16.7,10332
2270.3,890,32,18.0,10349
2271.4,890,0,16.5,10333
2272.4,890,0,15.9,10339
2273.4,890,0,17.1,10335
2274.4,890,0,18.1,10301
2275.4,890,80,16.4,10318
2276.5,890,49,17.4,10337
2277.5,890,39,17.5,10333
2278.5,890,15,17.0,10331
2279.6,890,30,16.8,10357
2280.6,890,30,18.6,10333
2281.6,890,20,16.3,10344
2282.7,890,60,16.5,10309
2283.7,890,26,17.4,10325
2284.7,890,16,16.7,10350
2285.7,890,41,17.0,10324
2286.8,890,19,16.5,10336
2287.8,890,33,17.2,10298
2288.8,890,38,17.3,10321
2289.8,890,30,17.2,10333
2290.9,890,15,17.9,10345
2291.9,890,27,18.3,10334
2292.9,895,14,19.2,10366
2293.9,896,10,18.8,10359
2294.9,895,13,18.3,10339
2296.0,895,15,16.0,10318
2297.0,895,16,18.9,10370
2298.0,895,32,12.4,10360
2299.0,895,15,13.5,10374
2300.1,911,63,14.5,10381
2301.1,926,2,17.0,10292
2302.1,915,6,19.4,10346
2303.1,915,6,17.0,9028
2304.2,915,6,13.4,9023
2305.2,914,1,12.5,9032
2306.2,897,15,13.7,9002
2307.2,896,6,12.0,8926
2308.2,886,8,12.9,8911
2309.3,880,7,11.7,8896
2310.3,876,7,11.9,8846
2311.3,877,7,14.4,8856
2312.3,876,0,11.4,8835
2313.4,876,10,12.3,8822
2314.4,876,8,11.9,8797
2315.4,876,5,12.0,8792
2316.4,892,8,12.6,8770
2317.5,892,4,10.9,8758
2318.5,892,4,12.3,8760
2319.5,892,8,12.2,8756
2320.5,892,7,10.6,8752
2321.5,877,8,11.8,8746
2322.6,877,7,12.0,8744
2323.6,877,8,10.5,8745
2324.6,877,0,11.7,8747
2325.6,877,13,11.5,8756
2326.7,877,8,11.0,8723
2327.7,877,8,12.7,8719
2328.7,877,8,10.1,8736
2329.7,887,8,11.5,8762
2330.8,892,9,13.4,8764
2331.8,892,19,12.2,8764
2332.8,892,35,14.2,8725
2333.9,892,3,12.4,8732
2334.9,892,30,12.7,8755
2335.9,887,36,12.3,8743
2336.9,887,29,12.9,8754
2337.9,887,6,13.0,8752
2339.0,887,3,13.6,8712
2340.0,887,0,11.9,8724
2341.0,887,6,13.5,8720
2342.0,881,7,12.4,8678
2343.0,898,17,16.4,8859
2344.1,898,33,13.4,8869
2345.1,897,7,13.3,8858
2346.1,897,3,12.7,8863
2347.1,892,4,12.1,8877
2348.1,892,6,11.4,8896
2349.2,892,8,12.5,8821
2350.2,897,12,13.7,8824
2351.2,897,16,13.2,8860
2352.2,897,2,12.0,8885
2353.3,897,63,13.1,8865
2354.3,892,42,13.8,8883
2355.3,886,13,12.7,8883
2356.3,886,35,12.3,8854
2357.3,886,13,12.3,8843
2358.4,886,14,10.8,8823
2359.4,886,7,11.9,8819
2360.4,886,8,11.0,8800
2361.4,876,7,12.1,8800
2362.5,876,8,11.4,8798
2363.5,876,7,11.8,8809
2364.5,876,8,11.6,8841
2365.5,876,3,11.8,8840
2366.6,876,0,11.1,8833
2367.6,876,11,11.5,8822
2368.6,876,7,11.9,8839
2369.6,876,8,11.7,8831
2370.6,876,8,11.9,8839
2371.7,876,8,11.8,8847
2372.7,876,7,12.1,8795
2373.7,876,7,11.8,8815
2374.7,876,8,11.7,8833
2375.8,876,8,11.6,8837
2376.8,876,8,13.1,8840
2377.8,876,8,12.0,8829
2378.8,876,8,12.7,8848
2379.8,876,7,11.6,8815
2380.9,876,9,12.3,8785
2381.9,876,7,11.4,8804
2382.9,876,9,12.1,8835
2383.9,876,8,13.0,8818
2385.0,876,8,12.5,8825
2386.0,876,7,11.2,8818
2387.0,876,7,12.1,8811
2388.0,876,8,11.0,8823
2389.1,887,8,12.7,8819
2390.1,921,40,14.4,8864
2391.1,920,34,12.8,8802
2392.1,927,12,12.1,8829
2393.2,926,6,12.2,8836
2394.2,930,20,13.3,8849
2395.2,907,2,11.8,8842
2396.2,907,4,12.4,8846
2397.2,898,5,11.2,8852
2398.3,898,8,10.8,8850
2399.3,895,8,11.6,8853
2400.3,895,8,11.6,8863
2401.3,895,7,11.3,8893
2402.4,895,7,11.9,8883
2403.4,895,8,11.5,8873
2404.4,895,4,11.8,8857
2405.4,895,3,11.4,8868
2406.5,895,12,11.9,8871
2407.5,895,1,11.7,8873
2408.5,895,3,12.5,8868
2409.5,895,8,12.7,8875
2410.5,895,7,11.6,8858
2411.6,897,93,12.4,8847
2412.7,897,1,13.0,8851
2413.7,897,3,12.5,8838
2414.7,897,4,11.2,8835
2415.7,897,7,11.9,8862
2416.7,897,32,12.8,8865
2417.8,895,0,11.9,8864
2418.8,895,0,12.4,8875
2419.8,895,0,12.8,8875
2420.8,895,8,11.7,8854
2421.9,895,8,11.9,8851
2422.9,895,9,12.1,8845
2423.9,895,8,11.3,8847
2424.9,895,7,11.7,8871
2426.0,895,7,11.3,8873
2427.0,895,8,12.3,8898
2428.0,897,14,12.1,8872
2429.0,897,1,11.6,8902
2430.1,897,4,10.7,8891
2431.1,897,5,12.2,8892
2432.1,897,15,11.3,8891
2433.1,895,10,11.8,8902
2434.2,895,6,11.4,8903
2435.2,895,8,11.3,8905
2436.2,909,7,12.7,8894
2437.2,920,86,12.6,8892
2438.2,920,1,12.2,8884
2439.3,918,3,12.2,8853
2440.3,918,5,12.8,8849
2441.3,918,6,12.4,8838
2442.3,874,8,12.9,8850
2443.4,878,66,12.5,8860
2444.4,878,1,11.2,8861
2445.4,878,0,11.3,8874
2446.5,878,4,12.5,8902
2447.5,878,11,11.6,8888
2448.5,878,17,11.1,8852
2449.5,878,7,12.2,8865
2450.5,878,9,11.6,8853
2451.6,878,8,12.1,8842
2452.6,887,8,12.8,8834
2453.6,888,43,11.6,8865
2454.6,887,14,12.8,8859
2455.7,889,15,11.0,8862
2456.7,886,2,12.0,8864
2457.7,887,6,11.6,8878
2458.7,883,50,12.1,8883
2459.8,907,4,14.3,8893
2460.8,918,3,13.5,8925
2461.8,896,20,14.7,8923
2462.8,892,28,13.3,8907
2463.9,892,3,12.3,8905
2464.9,869,4,12.5,8913
2465.9,869,6,13.1,8918
2466.9,869,7,12.8,8916
2467.9,869,8,12.8,8942
2469.0,869,7,11.8,8937
2470.0,861,9,12.4,8929
2471.0,861,8,12.7,8951
2472.0,874,0,12.6,8928
2473.1,874,18,12.9,8937
2474.1,874,0,12.8,8927
2475.1,874,20,12.9,8925
2476.1,874,5,13.3,8923
2477.1,874,15,12.6,8940
2478.2,874,7,12.1,8936
2479.2,874,11,14.4,8923
2480.2,874,19,13.5,8932
2481.3,874,33,14.0,8923
2482.3,874,12,12.7,8928
2483.3,874,3,12.4,8930
2484.3,869,5,11.8,8918
2485.3,869,6,11.7,8925
2486.4,874,0,12.4,8936
2487.4,874,0,11.7,8946
2488.4,874,1,13.2,8966
2489.4,874,4,13.7,8965
2490.4,875,27,13.1,8992
2491.5,886,4,13.9,8985
2492.5,881,19,12.4,8999
2493.5,914,1,15.4,9029
2494.5,903,3,12.3,9026
2495.5,901,22,11.7,9033
2496.6,901,5,12.3,9022
2497.6,895,26,12.5,9037
2498.6,878,34,11.7,9034
2499.7,878,27,11.8,9034
2500.7,878,13,14.3,9065
2501.7,878,30,11.5,9064
2502.7,878,47,12.5,9047
2503.8,878,7,11.9,9047
2504.8,878,47,11.9,9028
2505.8,878,12,11.9,9030
2506.8,878,41,11.8,9029
2507.9,878,29,12.9,9028
2508.9,836,9,12.6,9066
2509.9,836,5,13.4,9083
2510.9,836,14,12.8,9054
2512.0,836,35,12.6,9038
2513.0,836,47,12.4,9027
2514.0,836,4,12.4,9025
2515.0,836,5,11.4,9010
2516.1,836,8,11.4,9005
2517.1,836,8,12.7,9017
2518.1,836,12,14.6,9027
2519.1,836,2,12.1,9022
2520.2,836,6,11.8,9063
2521.2,836,39,15.7,9047
2522.2,836,23,17.2,9049
2523.2,836,29,15.9,9044
2524.3,844,65,16.5,9101
2525.3,857,22,17.1,9085
2526.3,855,14,17.1,9109
2527.3,855,28,15.6,9102
2528.3,855,0,12.2,9094
2529.4,856,45,10.9,9082
2530.4,853,32,15.8,9031
2531.4,853,22,13.6,9043
2532.4,831,4,11.5,9041
2533.4,831,4,12.1,9037
2534.5,831,24,13.4,9010
2535.5,819,17,12.0,9025
2536.5,819,28,12.3,9073
2537.5,819,27,12.0,9068
2538.6,819,7,11.9,9057
2539.6,819,43,13.5,9071
2540.6,819,20,11.9,9081
2541.6,819,41,12.2,9068
2542.7,819,8,12.4,9057
2543.7,819,29,12.2,9058
2544.7,819,30,13.7,9056
2545.8,819,28,11.5,9064
2546.8,819,29,13.5,9094
2547.8,819,28,14.6,9097
2548.8,819,7,12.5,9100
2549.9,819,12,11.7,9092
2550.9,819,7,12.2,9096
2552.0,819,32,12.3,9091
2553.0,819,40,12.9,9090
2554.0,819,44,11.5,9140
2555.0,819,8,13.1,9143
2556.1,819,30,12.6,9128
2557.1,819,28,13.8,9117
2558.1,819,7,12.0,9132
2559.1,819,8,13.0,9135
2560.2,819,30,12.4,9135
2561.2,819,8,14.2,9096
2562.2,819,40,14.2,9117
2563.2,819,24,11.9,9093
2564.3,819,11,11.3,9072
2565.3,819,8,12.2,9084
2566.3,819,30,12.5,9079
2567.3,819,21,14.8,9073
2568.4,819,12,16.3,9076
2569.4,819,15,17.4,9061
2570.4,819,6,12.7,9061
2571.4,819,22,12.5,9084
2572.4,819,16,12.6,9101
2573.5,819,6,12.5,8983
2574.5,819,57,13.6,9009
2575.5,819,46,14.2,9024
2576.6,819,37,13.1,9046
2577.6,819,39,11.9,9067
2578.6,819,0,12.7,9098
2579.6,819,15,12.1,9056
2580.7,819,14,12.3,9066
2581.7,819,36,11.9,9054
2582.7,819,30,12.4,9077
2583.7,819,61,12.4,9099
2584.8,819,17,16.2,9104
2585.8,819,15,16.6,9085
2586.8,819,27,17.3,9149
2587.8,819,46,19.0,9220
2588.9,819,24,17.0,9198
2589.9,819,5,12.3,9178
2590.9,819,9,12.7,9175
2591.9,819,0,11.8,9166
2592.9,819,0,15.2,9148
2594.0,819,11,17.0,9126
2595.0,819,20,15.2,9126
2596.0,819,7,12.8,9077
2597.0,819,23,13.5,9130
2598.1,819,23,12.7,9166
2599.1,819,7,12.6,9201
2600.1,859,15,18.1,9214
2601.1,858,12,12.3,9185
2602.1,856,22,14.2,9166
2603.2,856,12,12.8,9206
2604.2,856,11,13.9,9218
2605.2,839,14,13.4,9229
2606.2,840,15,14.7,9239
2607.3,840,20,13.2,9234
2608.3,840,96,12.1,9212
2609.3,840,14,12.9,9211
2610.3,840,15,11.8,9187
2611.4,840,30,13.0,9206
2612.4,840,26,12.5,9185
2613.4,840,21,12.5,9201
2614.4,840,30,16.0,9109
2615.5,840,45,13.8,9146
2616.5,840,9,13.7,9149
2617.5,840,47,12.9,9156
2618.6,840,30,13.2,9178
2619.6,840,17,12.9,9151
2620.6,840,8,11.8,9124
2621.6,840,31,13.9,9132
2622.7,840,26,12.4,9158
2623.7,840,25,12.9,9163
2624.7,840,15,13.0,9156
2625.7,838,24,14.4,9152
2626.7,838,15,13.3,9143
2627.8,838,65,12.9,9173
2628.8,838,15,14.4,9179
2629.8,838,7,12.9,9185
2630.8,838,23,13.2,9174
2631.9,838,76,13.8,9153
2632.9,838,18,17.2,9147
2633.9,838,2,15.6,9182
2634.9,838,7,12.9,9195
2635.9,838,19,12.4,9234
2637.0,838,27,14.9,9213
2638.0,838,36,14.3,9207
2639.0,838,49,13.2,9193
2640.0,838,34,13.4,9194
2641.1,838,27,12.7,9197
2642.1,838,22,12.4,9180
2643.1,838,26,12.3,9164
2644.1,838,38,12.4,9197
2645.2,838,3,11.9,9238
2646.2,838,21,13.7,9264
2647.2,838,54,11.7,9270
2648.3,838,0,12.4,9288
2649.3,838,0,11.4,9261
2650.3,838,55,12.7,9271
2651.3,838,23,13.6,9271
2652.4,838,31,12.9,9274
2653.4,838,29,13.0,9260
2654.4,838,61,31.9,9361
2655.5,838,30,19.8,9388
2656.5,838,29,17.0,9423
2657.5,838,25,31.2,9460
2658.6,838,28,15.7,9448
2659.6,838,11,15.7,9437
2660.6,838,2,32.6,9420
2661.6,838,7,15.8,9406
2662.6,838,13,30.4,9428
2663.7,838,23,16.1,9433
2664.7,838,48,16.1,9454
2665.7,838,16,31.5,9483
2666.8,838,15,18.3,9487
2667.8,838,47,15.0,9470
2668.8,838,22,32.3,9510
2669.8,838,24,15.6,9478
2670.9,838,22,24.7,9439
2671.9,838,54,22.3,9462
2672.9,838,15,16.1,9476
2673.9,838,8,18.9,9357
2675.0,838,4,22.1,9367
2676.0,836,15,12.9,9344
2677.0,836,3,12.4,9348
2678.0,836,18,12.1,9322
2679.1,836,32,11.2,9338
2680.1,836,35,12.4,9342
2681.1,836,31,11.3,9315
2682.2,836,31,12.4,9306
2683.2,836,32,12.8,9325
2684.2,836,13,12.5,9325
2685.2,836,36,13.5,9335
2686.3,836,35,11.7,9357
2687.3,836,0,12.8,9328
2688.3,836,0,11.9,9332
2689.3,836,29,13.1,9309
2690.3,836,30,11.9,9289
2691.4,836,30,12.2,9279
2692.4,836,55,12.5,9285
2693.4,836,29,13.0,9254
2694.5,836,0,12.5,9237
2695.5,836,51,11.9,9236
2696.5,836,16,12.1,9259
2697.6,836,10,12.2,9269
2698.6,836,66,11.9,9300
2699.6,836,58,12.1,9276
2700.6,836,30,13.2,9283
2701.7,836,64,12.3,9283
2702.7,836,54,12.9,9262
2703.7,836,54,12.3,9290
2704.8,836,46,13.4,9320
2705.8,836,15,13.0,9338
2706.8,836,46,12.3,9317
2707.9,836,29,12.6,9315
2708.9,836,41,12.0,9308
2709.9,836,68,12.0,9328
2710.9,836,42,13.7,9352
2711.9,836,67,15.9,9354
2713.0,836,11,13.7,9328
2714.0,836,28,13.4,9326
2715.0,836,30,12.5,9309
2716.0,836,75,12.8,9301
2717.1,836,29,13.6,9333
2718.1,836,14,13.6,9336
2719.1,838,58,13.4,9387
2720.1,841,1,12.3,9359
2721.1,842,24,15.1,9357
2722.2,840,11,16.4,9324
2723.2,840,8,12.0,9328
2724.2,840,35,12.8,9316
2725.2,836,43,12.8,9367
2726.3,836,39,11.9,9365
2727.3,836,45,12.1,9373
2728.3,836,59,12.6,9392
2729.4,836,29,12.8,9356
2730.4,836,64,14.0,9300
2731.4,836,63,14.1,9323
2732.4,836,38,14.6,9283
2733.4,836,22,14.5,9306
2734.5,836,16,15.7,9295
2735.5,836,25,16.0,9337
2736.5,836,30,14.4,9384
2737.5,836,14,15.2,9368
2738.5,836,3,13.3,9400
2739.6,836,27,13.2,9399
2740.6,836,22,13.5,9414
2741.6,836,52,12.6,9414
2742.6,836,29,13.0,9415
2743.7,836,43,13.8,9408
2744.7,836,20,13.6,9419
2745.7,836,27,12.5,9440
2746.7,836,31,11.8,9455
2747.8,836,24,13.7,9432
2748.8,836,9,13.3,9429
2749.8,836,8,13.1,9425
2750.9,836,35,13.3,9457
2751.9,836,23,14.5,9371
2752.9,836,30,12.2,9350
2753.9,836,15,12.1,9345
2754.9,836,15,14.9,9342
2756.0,836,29,12.2,9356
2757.0,836,20,15.1,9376
2758.0,836,43,14.8,9392
2759.0,836,39,11.4,9376
2760.1,836,29,12.2,9360
2761.1,836,43,12.7,9353
2762.1,836,30,12.4,9348
2763.2,836,0,11.7,9356
2764.2,836,5,13.0,9338
2765.2,836,47,13.0,9331
2766.2,836,29,13.3,9279
2767.3,836,25,14.4,9290
2768.3,836,20,12.4,9285
2769.3,836,15,11.4,9266
2770.4,836,49,12.3,9266
2771.4,836,18,13.4,9273
2772.4,836,29,11.9,9298
2773.4,836,22,12.4,9296
2774.5,836,24,12.9,9300
2775.5,836,47,12.9,9317
2776.5,836,26,12.0,9335
2777.5,836,33,12.5,9347
2778.6,836,11,12.4,9359
2779.6,836,18,12.6,9340
2780.6,836,15,11.9,9358
2781.6,836,33,13.0,9382
2782.7,836,20,12.1,9369
2783.7,836,14,12.6,9375
2784.7,836,31,12.5,9399
2785.7,836,29,13.6,9424
2786.8,836,14,12.6,9432
2787.8,836,13,12.5,9416
2788.8,837,88,14.5,9413
2789.9,841,10,12.1,9396
2790.9,844,19,12.6,9387
2791.9,860,4,14.0,9363
2792.9,862,24,12.0,9354
2793.9,861,8,12.1,9344
2795.0,857,3,13.6,9335
2796.0,853,4,11.8,9326
2797.0,853,15,12.4,9341
2798.0,836,15,12.7,9348
2799.1,836,16,12.3,9366
2800.1,836,29,13.4,9379
2801.1,836,21,12.5,9370
2802.1,836,53,12.6,9359
2803.2,836,15,13.6,9357
2804.2,836,19,12.5,9355
2805.2,836,18,12.7,9393
2806.2,836,19,12.1,9395
2807.3,836,4,11.5,9401
2808.3,836,15,11.8,9371
2809.3,832,31,12.1,9376
2810.3,832,30,11.9,9377
2811.4,832,30,13.6,9371
2812.4,832,29,11.8,9366
2813.4,832,15,11.5,9384
2814.4,832,15,12.1,9388
2815.5,833,15,14.2,9390
2816.5,833,4,12.6,9388
2817.5,833,3,12.8,9354
2818.5,833,17,13.8,9361
2819.5,833,6,12.0,9357
2820.6,833,11,13.9,9397
2821.6,833,41,11.9,9414
2822.6,833,16,12.8,9400
2823.6,833,21,13.4,9394
2824.7,833,52,12.1,9283
2825.7,833,14,13.3,9341
2826.7,833,14,11.7,9369
2827.7,833,22,12.0,9391
2828.8,833,11,12.5,9390
2829.8,833,32,13.4,9388
2830.8,833,31,12.7,9404
2831.9,833,5,11.7,9387
2832.9,833,51,13.9,9390
2833.9,838,70,12.1,9390
2834.9,845,6,13.7,9425
2835.9,842,11,11.3,9429
2837.0,842,36,13.2,9418
2838.0,842,15,11.8,9405
2839.0,842,25,13.2,9402
2840.0,834,30,12.2,9413
2841.1,834,56,12.0,9421
2842.1,834,3,12.2,9412
2843.1,834,15,11.9,9414
2844.1,834,24,11.4,9422
2845.1,834,22,12.0,9426
2846.2,834,35,12.6,9442
2847.2,834,40,11.6,9431
2848.2,834,11,12.8,9434
2849.2,834,11,11.9,9439
2850.3,834,21,13.1,9441
2851.3,834,29,12.9,9440
2852.3,834,24,12.7,9435
2853.3,834,21,12.2,9446
2854.4,834,46,13.6,9469
2855.4,834,21,13.4,9464
2856.4,834,10,13.9,9451
2857.4,834,33,12.2,9449
2858.5,834,32,12.2,9436
2859.5,834,33,11.7,9445
2860.5,834,31,12.5,9463
2861.6,834,11,12.1,9469
2862.6,834,5,12.6,9467
2863.6,834,17,11.9,9467
2864.6,834,39,11.6,9480
2865.7,834,15,12.6,9474
2866.7,834,20,12.6,9496
2867.7,834,35,11.7,9475
2868.8,834,41,12.1,9490
2869.8,834,9,12.0,9488
2870.8,834,23,12.8,9489
2871.8,834,34,12.3,9489
2872.9,834,13,11.9,9502
2873.9,834,22,12.9,9508
2874.9,834,15,14.0,9488
2875.9,834,0,14.8,9481
2877.0,834,14,14.4,9478
2878.0,834,14,13.5,9484
2879.0,834,30,13.3,9471
2880.0,834,15,13.6,9476
2881.0,834,31,13.3,9465
2882.1,839,5,16.7,9496
2883.1,838,1,13.7,9500
2884.1,877,3,15.5,9541
2885.1,874,22,15.0,9557
2886.2,853,66,20.1,9733
2887.2,839,19,24.9,9859
2888.2,864,29,27.4,9984
2889.2,868,31,24.2,10086
2890.2,870,30,26.1,10191
2891.3,876,68,24.7,10187
2892.3,875,9,17.7,10163
2893.3,876,10,14.3,10156
2894.3,872,14,14.6,10145
2895.4,870,34,14.3,10135
2896.4,862,78,14.1,10136
2897.4,865,62,15.1,10136
2898.4,873,6,19.8,10143
2899.4,873,3,15.4,10130
2900.5,871,5,12.8,10111
2901.5,876,15,15.2,10099
2902.5,874,82,16.1,10097
2903.5,874,11,13.4,10095
2904.6,872,2,12.6,10095
2905.6,871,0,13.0,10084
2906.6,869,31,13.0,10075
2907.6,856,7,12.6,10062
2908.6,837,7,12.9,10044
2909.7,837,30,12.8,10038
2910.7,837,7,12.6,10059
2911.7,837,8,11.3,10058
2912.8,837,29,11.7,10052
2913.8,837,8,12.5,10062
2914.8,837,27,11.9,10081
2915.8,836,7,13.9,9989
2916.9,836,7,14.8,9791
2917.9,836,19,11.7,9785
2918.9,836,0,12.9,9767
2920.0,836,8,12.1,9773
2921.0,837,27,11.6,9759
2922.0,837,7,11.3,9744
2923.0,837,7,12.0,9747
2924.0,837,26,12.1,9773
2925.1,837,11,12.0,9770
2926.1,837,0,12.2,9770
2927.1,837,24,11.9,9770
2928.1,837,8,11.5,9804
2929.2,836,9,12.2,9815
2930.2,836,23,12.1,9799
2931.2,836,8,11.8,9802
2932.2,836,0,11.2,9817
2933.3,836,16,11.2,9811
2934.3,836,7,12.0,9800
2935.3,836,8,11.4,9809
2936.3,836,18,11.9,9804
2937.4,836,7,12.0,9803
2938.4,836,7,11.5,9784
2939.4,836,13,11.8,9758
2940.4,836,0,11.9,9765
2941.5,836,2,12.4,9759
2942.5,836,19,11.6,9756
2943.5,834,7,11.5,9782
2944.5,834,7,12.0,9737
2945.6,834,19,12.2,9744
2946.6,834,0,11.4,9753
2947.6,834,0,11.5,9752
2948.6,834,19,12.2,9778
2949.7,834,7,11.6,9783
2950.7,834,7,11.7,9774
2951.7,834,20,12.4,9742
2952.7,891,0,13.3,9747
2953.7,896,0,13.1,9781
2954.8,914,12,19.6,9921
2955.8,919,26,20.8,10076
2956.8,920,24,15.9,10086
2957.8,935,32,13.7,10106
2958.8,928,62,12.9,10094
2959.9,935,2,13.2,10107
2960.9,940,15,12.3,10109
2961.9,939,22,12.5,10096
2962.9,929,23,16.1,10101
2963.9,915,15,12.2,10093
2965.0,912,0,12.0,10104
2966.0,905,4,11.9,10096
2967.0,905,0,11.4,10088
2968.0,899,10,12.8,9986
2969.1,899,1,11.7,9994
2970.1,894,1,11.8,9990
2971.1,894,4,12.7,9996
2972.2,894,5,12.6,9968
2973.2,886,6,11.8,9908
2974.2,886,0,11.1,9909
2975.2,886,0,11.8,9906
2976.3,886,7,11.7,9912
2977.3,886,7,11.6,9933
2978.3,892,7,12.3,9930
2979.4,924,12,15.4,9923
2980.4,905,1,11.7,9916
2981.4,904,0,12.3,9903
2982.4,903,4,11.7,9914
2983.4,903,15,12.5,9902
2984.5,879,7,11.9,9801
2985.5,879,7,12.3,9792
2986.5,879,7,11.8,9806
2987.5,879,7,12.2,9816
2988.6,879,0,11.3,9827
2989.6,879,0,11.6,9825
2990.6,879,7,11.6,9827
2991.6,879,8,11.8,9829
2992.7,879,13,12.2,9787
2993.7,879,7,12.5,9766
2994.7,879,8,12.7,9763
2995.7,882,16,12.7,9761
2996.8,882,70,11.6,9786
2997.8,893,11,12.9,9797
2998.8,892,1,12.0,9790
2999.8,899,52,11.8,9794
3000.9,921,18,15.1,9817
3001.9,920,13,12.8,9787
3002.9,914,18,12.0,9796
3003.9,914,24,11.9,9789
3004.9,914,62,12.6,9820
3006.0,903,41,12.9,9816
3007.0,903,0,12.9,9797
3008.0,903,12,13.2,9790
3009.0,903,22,11.9,9776
3010.0,916,24,13.6,9779
3011.1,904,3,12.5,9792
3012.1,901,68,16.5,9868
3013.1,903,2,17.0,9894
3014.1,903,12,20.0,9957
3015.2,902,16,18.3,9971
3016.2,897,6,16.4,9934
3017.2,898,2,12.6,9936
3018.2,903,22,14.4,9928
3019.2,904,31,17.0,9936
3020.3,902,15,13.5,9978
3021.3,902,0,14.3,9946
3022.3,902,29,14.7,9997
3023.3,895,26,18.0,9994
3024.4,891,26,18.4,9976
3025.4,889,16,15.9,9949
3026.4,936,39,16.0,9960
3027.4,919,29,13.9,9950
3028.4,930,31,14.9,9930
3029.5,919,32,16.9,9949
3030.5,906,33,15.5,9939
3031.5,892,35,16.8,9922
3032.5,897,37,16.0,9926
3033.6,895,32,16.3,9936
3034.6,897,36,17.1,9857
3035.6,954,38,20.1,9913
3036.6,953,30,22.6,9974
3037.7,924,69,17.6,10063
3038.7,924,17,16.5,10062
3039.7,924,24,17.0,10030
3040.7,901,9,14.3,9976
3041.7,896,4,12.2,10004
3042.8,896,14,15.3,10013
3043.8,896,73,12.6,9973
3044.8,896,4,16.3,9965
3045.8,896,0,12.1,9952
3046.8,896,23,11.9,9955
3047.9,896,25,12.4,9927
3048.9,896,19,11.7,9949
3049.9,896,7,11.7,9944
3050.9,896,32,11.8,9962
3052.0,896,7,11.1,9966
3053.0,896,21,13.1,9904
3054.0,896,6,13.0,9903
3055.1,896,27,11.9,9911
3056.1,896,6,12.1,9910
3057.1,896,7,12.5,9912
3058.1,896,29,12.7,9896
3059.2,896,12,13.5,9887
3060.2,896,0,12.3,9882
3061.2,896,8,12.2,9893
3062.2,896,28,12.0,9894
3063.3,896,7,11.9,9910
3064.3,896,9,12.3,9883
3065.3,896,28,11.2,9884
3066.3,896,7,12.4,9891
3067.4,896,7,13.2,9952
3068.4,896,15,16.6,9912
3069.4,896,13,17.2,9963
3070.4,900,26,18.4,9967
3071.4,899,60,12.5,9947
3072.5,901,14,13.5,9948
3073.5,901,9,12.8,9926
3074.5,900,19,12.8,9918
3075.5,900,19,13.6,9926
3076.6,900,14,12.8,9916
3077.6,900,15,12.8,9906
3078.6,900,15,16.2,9945
3079.6,900,5,12.1,9952
3080.7,900,5,12.1,9948
3081.7,900,16,12.4,9954
3082.7,900,17,11.4,9941
3083.7,900,17,13.1,9938
3084.7,900,19,13.2,9944
3085.8,900,32,12.0,9934
3086.8,900,30,12.6,9941
3087.8,900,10,12.1,9962
3088.8,900,16,13.7,9956
3089.9,900,15,12.8,9936
3090.9,900,29,12.4,9938
3091.9,900,53,12.0,9944
3092.9,900,29,12.3,9945
3094.0,900,24,11.5,9931
3095.0,900,47,11.3,9937
3096.0,900,15,11.7,9930
3097.0,900,15,11.2,9918
3098.1,900,54,11.9,9935
3099.1,900,6,12.0,9958
3100.1,900,0,11.3,9945
3101.2,900,24,11.5,9952
3102.2,900,30,11.9,9969
3103.2,900,28,15.4,9989
3104.2,900,15,16.4,9965
3105.2,900,15,14.6,9994
3106.3,900,7,11.6,9984
3107.3,900,25,10.9,9988
3108.3,900,15,11.7,9990
3109.4,878,39,11.5,9966
3110.4,878,24,11.4,9961
3111.4,878,27,12.9,9932
3112.4,878,37,11.5,9953
3113.5,878,8,11.0,9950
3114.5,878,0,12.4,9963
3115.5,878,23,11.4,9969
3116.5,878,30,11.5,9965
3117.6,878,30,10.9,9961
3118.6,878,52,10.6,9970
3119.6,878,15,12.3,9979
3120.6,878,15,11.9,9982
3121.7,878,51,11.6,9968
3122.7,878,29,12.0,9993
3123.7,878,6,13.8,9994
3124.8,878,29,11.5,9977
3125.8,878,33,11.3,9969
3126.8,878,14,11.5,9975
3127.9,878,9,12.0,9985
3128.9,878,20,11.4,9981
3129.9,878,15,11.3,9990
3130.9,878,21,12.0,9990
3132.0,878,30,11.7,10005
3133.0,878,30,12.2,10012
3134.0,878,28,11.3,10000
3135.0,878,15,11.4,9990
3136.1,878,36,12.0,9991
3137.1,878,36,10.9,10006
3138.1,878,48,10.6,9995
3139.1,878,19,12.7,10017
3140.2,878,8,11.5,10027
3141.2,878,32,12.2,10009
3142.2,878,0,12.1,9998
3143.2,877,0,12.4,10018
3144.2,877,14,12.5,10029
3145.3,877,36,11.7,10019
3146.3,877,49,11.1,10015
3147.3,877,26,12.3,10021
3148.4,877,26,11.5,10017
3149.4,877,51,11.1,10006
3150.4,877,14,11.5,10012
3151.4,877,28,11.8,9995
3152.5,877,12,12.3,10009
3153.5,877,15,11.6,10002
3154.5,877,26,11.5,9998
3155.5,877,24,13.0,9996
3156.6,877,9,10.6,9997
3157.6,877,29,12.0,10005
3158.6,877,15,11.4,9997
3159.6,877,40,11.2,9997
3160.7,877,30,11.8,10004
3161.7,877,21,11.0,10009
3162.7,877,50,10.5,10001
3163.7,877,14,13.6,9951
3164.7,877,6,11.4,9966
3165.8,877,61,11.4,9952
3166.8,877,34,12.2,9956
3167.8,877,34,11.3,9952
3168.9,877,14,11.7,9967
3169.9,877,10,11.8,9949
3170.9,877,0,11.6,9960
3172.0,877,15,12.9,9947
3173.0,877,26,10.8,9954
3174.0,877,31,11.3,9975
3175.0,877,30,11.1,9973
3176.1,877,40,11.5,9974
3177.1,877,6,11.6,9968
3178.1,877,66,14.2,9954
3179.2,877,27,12.6,9947
3180.2,878,6,14.7,9959
3181.2,878,6,14.9,9916
3182.2,878,13,12.3,9924
3183.2,878,21,13.0,9925
3184.3,878,0,11.7,9936
3185.3,878,30,12.4,9957
3186.3,878,29,11.9,9936
3187.4,878,14,11.7,9962
3188.4,878,21,11.8,9966
3189.4,878,25,11.3,9955
3190.5,878,48,11.7,9978
3191.5,878,44,12.5,9984
3192.5,878,6,11.7,9976
3193.5,878,23,11.1,9960
3194.5,878,8,12.4,9947
3195.6,878,14,13.1,9959
3196.6,878,4,12.1,9966
3197.6,879,4,11.7,9987
3198.6,879,24,12.2,10007
3199.6,878,15,12.2,10019
3200.7,878,4,12.1,10000
3201.7,878,4,11.8,9991
3202.7,878,29,12.4,10025
3203.7,878,11,15.4,10031
3204.8,878,0,11.8,10028
3205.8,878,27,12.4,10041
3206.8,878,14,13.4,10035
3207.8,878,15,12.0,10041
3208.9,878,39,11.8,10043
3209.9,878,15,11.3,10040
3210.9,879,89,13.7,10066
3211.9,879,0,13.1,10076
3212.9,879,9,11.1,10064
3214.0,879,0,11.9,10065
3215.0,879,0,11.0,10060
3216.0,879,0,10.8,10095
3217.0,879,0,11.6,10082
3218.1,879,0,10.5,10088
3219.1,879,21,11.7,10079
3220.1,879,0,11.3,10081
3221.1,879,0,10.9,10084
3222.2,879,21,11.2,10063
3223.2,879,0,11.6,10054
3224.2,879,0,10.9,10070
3225.2,879,20,11.1,10085
3226.3,879,0,11.1,10079
3227.3,879,0,10.1,10068
3228.3,879,21,10.9,10073
3229.3,879,0,11.4,10084
3230.4,879,0,11.4,10097
3231.4,879,19,10.5,10096
3232.4,879,0,10.3,10105
3233.4,879,0,11.4,10090
3234.4,879,19,10.4,10079
3235.5,879,0,10.7,10072
3236.5,879,0,11.7,10067
3237.5,879,21,11.1,10075
3238.5,879,0,11.2,10077
3239.6,879,0,11.0,10083
3240.6,879,21,12.1,10078
3241.6,879,0,10.5,10071
3242.6,879,0,10.7,10073
3243.7,879,21,11.3,10094
3244.7,879,0,11.7,10093
3245.7,879,0,11.4,10096
3246.7,879,21,14.0,10065
3247.8,878,91,12.7,10071
3248.8,878,69,12.0,10074
3249.8,878,4,11.9,10077
3250.9,878,26,11.3,10071
3251.9,878,53,12.4,10084
3252.9,878,36,11.4,10089
3253.9,878,15,10.6,10088
3255.0,878,30,12.3,10118
3256.0,878,41,11.9,10096
3257.0,878,13,12.0,10090
3258.0,878,8,11.2,10103
3259.1,878,43,11.1,10125
3260.1,878,18,12.0,10128
3261.1,878,18,10.8,10159
3262.2,878,14,11.6,10155
3263.2,878,15,11.1,10151
3264.2,878,30,11.7,10144
3265.3,878,52,11.6,10128
3266.3,878,29,11.3,10146
3267.3,878,30,11.3,10151
3268.3,878,25,11.4,10167
3269.4,878,15,11.2,10175
3270.4,878,22,11.8,10152
3271.4,878,20,10.5,10157
3272.4,878,7,10.7,10165
3273.5,878,16,12.0,10165
3274.5,879,49,12.8,10138
3275.5,889,11,12.3,10119
3276.5,899,14,12.4,10108
3277.5,917,26,13.6,10156
3278.6,926,20,15.5,10240
3279.6,920,19,12.6,10261
3280.6,913,6,11.3,10272
3281.6,911,8,11.5,10276
3282.7,911,15,12.9,10228
3283.7,910,6,12.2,10223
3284.7,885,4,11.9,10211
3285.7,886,13,11.4,10221
3286.7,886,0,12.5,10209
3287.8,886,4,10.4,10191
3288.8,886,4,11.9,10192
3289.8,886,5,11.4,10190
3290.8,900,7,11.2,10192
3291.8,904,14,13.0,10224
3292.9,916,15,18.7,10328
3293.9,916,13,14.6,10357
3294.9,1095,3,12.2,10378
3295.9,1093,17,12.3,10378
3296.9,1105,13,11.9,10375
3298.0,1122,36,14.4,10374
3299.0,1119,4,13.5,10382
3300.0,1117,8,13.3,10402
3301.0,937,0,11.9,10392
3302.1,937,3,12.1,10407
3303.1,923,3,11.9,10429
3304.1,913,14,11.2,10435
3305.1,913,7,11.2,10429
3306.1,913,26,11.6,10436
3307.2,913,8,12.7,10437
3308.2,913,46,12.1,10427
3309.2,913,23,11.4,10431
3310.2,913,10,12.4,10413
3311.3,913,7,13.9,10362
3312.3,913,13,12.3,10366
3313.3,913,9,12.6,10364
3314.3,913,16,11.6,10364
3315.3,913,14,11.6,10348
3316.4,913,14,11.5,10374
3317.4,913,18,11.5,10376
3318.4,913,7,12.1,10346
3319.4,913,7,12.2,10353
3320.5,913,56,10.9,10353
3321.5,913,27,12.0,10361
3322.5,913,38,14.5,10364
3323.6,913,57,11.9,10375
3324.6,913,91,13.2,10366
3325.6,913,14,13.2,10374
3326.7,913,9,11.7,10361
3327.7,913,29,12.5,10365
3328.7,909,5,13.1,10372
3329.8,910,92,12.4,10370
3330.8,909,7,12.5,10367
3331.8,914,9,14.1,10376
3332.8,914,3,13.7,10332
3333.8,928,50,12.8,10352
3334.9,931,2,12.1,10361
3335.9,929,6,12.0,10369
3336.9,927,9,11.7,10365
3337.9,927,21,12.1,10347
3339.0,920,8,12.7,10359
3340.0,911,35,13.6,10296
3341.0,912,81,13.3,10286
3342.0,914,5,12.2,10275
3343.0,939,34,13.2,10280
3344.1,939,16,14.0,10295
3345.1,919,25,14.4,10304
3346.1,919,3,11.9,10312
3347.1,907,24,12.3,10316
3348.2,906,13,12.1,10325
3349.2,906,30,12.5,10327
3350.2,904,15,12.8,10302
3351.2,904,22,12.7,10295
3352.2,904,0,12.6,10286
3353.3,900,28,12.5,10304
3354.3,897,49,12.3,10316
3355.3,899,0,13.6,10306
3356.3,898,2,10.8,10299
3357.4,898,8,12.2,10293
3358.4,897,9,11.7,10293
3359.4,897,6,12.4,10299
3360.4,894,6,13.6,10289
3361.5,895,27,13.8,10287
3362.5,895,5,12.2,10301
3363.5,897,1,12.3,10325
3364.5,906,4,12.9,10282
3365.5,931,12,13.8,10301
3366.6,934,2,12.8,10264
3367.6,934,25,12.3,10274
3368.6,935,33,11.9,10247
3369.6,906,4,12.2,10234
3370.7,907,16,13.4,10245
3371.7,932,70,13.8,10256
3372.7,932,7,12.9,10255
3373.7,938,4,12.4,10275
3374.8,942,32,12.6,10248
3375.8,941,4,12.0,10284
3376.8,941,5,12.2,10274
3377.8,941,6,12.0,10277
3378.8,941,0,12.0,10293
3379.9,921,7,13.1,10292
3380.9,921,8,11.2,10295
3381.9,921,7,12.0,10289
3382.9,921,7,12.8,10293
3384.0,921,8,12.7,10305
3385.0,921,7,11.4,10289
3386.0,921,0,11.4,10301
3387.0,921,0,11.0,10306
3388.1,921,7,12.6,10309
3389.1,921,7,12.0,10297
3390.1,921,7,11.0,10282
3391.1,921,0,11.6,10285
3392.2,921,7,11.3,10291
3393.2,921,7,11.2,10290
3394.2,921,7,12.5,10302
3395.2,921,7,11.3,10308
3396.3,921,7,12.0,10288
3397.3,921,8,11.5,10283
3398.3,921,8,11.4,10282
3399.3,921,7,11.8,10275
3400.3,921,0,11.3,10262
3401.4,921,0,11.5,10277
3402.4,921,7,11.8,10295
3403.4,921,7,11.3,10297
3404.4,921,7,11.3,10286
3405.5,921,3,11.9,10285
3406.5,921,0,12.0,10307
3407.5,921,2,11.7,10309
3408.5,921,7,11.0,10305
3409.6,921,7,11.5,10292
3410.6,921,7,12.3,10288
3411.6,921,7,12.0,10314
3412.6,921,7,11.0,10330
3413.6,921,7,11.9,10317
3414.7,921,0,12.5,10325
3415.7,921,0,11.4,10319
3416.7,921,7,11.5,10323
3417.7,921,7,11.0,10327
3418.8,921,0,11.2,10318
3419.8,921,0,11.4,10325
3420.8,908,1,11.3,10343
3421.8,908,7,12.3,10359
3422.9,908,2,13.3,10348
3423.9,908,1,13.7,10339
3424.9,908,4,11.8,10356
3425.9,908,13,11.9,10341
3426.9,908,5,10.9,10346
3428.0,908,7,12.7,10333
3429.0,908,1,12.6,10352
3430.0,949,14,14.5,10381
3431.0,948,8,13.3,10383
3432.0,946,14,11.7,10374
3433.1,946,5,12.3,10371
3434.1,946,7,12.6,10374
3435.1,929,22,11.9,10385
3436.2,929,30,11.5,10386
3437.2,929,28,12.2,10382
3438.2,929,27,11.7,10378
3439.2,929,27,12.1,10394
3440.2,929,33,12.1,10404
3441.3,929,27,13.5,10410
3442.3,929,20,12.1,10397
3443.3,929,12,12.1,10392
3444.3,929,21,14.0,10386
3445.4,929,8,14.5,10367
3446.4,929,2,11.9,10375
3447.4,929,4,12.3,10395
3448.4,929,4,12.4,10383
3449.4,929,54,15.4,10377
3450.5,940,7,13.3,10419
3451.5,945,13,12.9,10392
3452.5,923,2,13.7,10392
3453.5,923,7,11.8,10403
3454.5,923,7,12.4,10393
3455.6,923,16,12.0,10373
3456.6,909,30,13.6,10388
3457.6,909,9,12.6,10376
3458.6,909,16,13.3,10385
3459.7,909,29,15.0,10365
3460.7,909,1,12.5,10391
3461.7,909,1,13.0,10406
3462.7,909,4,15.2,10392
3463.7,909,8,12.9,10398
3464.8,909,1,12.7,10374
3465.8,909,13,12.2,10381
3466.8,909,5,15.8,10250
3467.8,941,39,14.4,10253
3468.8,960,14,18.0,10431
3469.9,976,14,13.6,10429
3470.9,953,22,13.1,10413
3471.9,945,24,12.4,10408
3472.9,945,10,12.3,10415
3473.9,921,14,12.8,10417
3475.0,921,3,11.4,10409
3476.0,921,3,11.6,10407
3477.0,921,4,14.5,10345
3478.0,921,18,14.0,10346
3479.0,921,18,13.3,10354
3480.1,921,29,12.2,10332
3481.1,921,4,12.1,10329
3482.1,921,5,11.1,10310
3483.1,921,7,12.1,10318
3484.1,913,0,11.8,10330
3485.2,913,90,12.4,10310
3486.2,913,0,13.1,10339
3487.2,923,4,11.6,10338
3488.2,923,4,12.7,10348
3489.3,923,3,12.1,10334
3490.3,902,7,11.4,10321
3491.3,902,8,11.6,10327
3492.3,902,7,12.3,10335
3493.3,892,7,12.5,10338
3494.4,892,7,11.4,10361
3495.4,892,7,11.4,10364
3496.4,892,7,11.0,10359
3497.4,892,7,12.7,10352
3498.5,892,0,10.5,10357
3499.5,892,2,13.2,10309
3500.5,892,8,11.1,10323
3501.5,892,2,12.5,10309
3502.6,892,0,11.0,10302
3503.6,892,7,12.5,10315
3504.6,892,7,12.6,10332
3505.6,892,8,11.7,10327
3506.7,892,7,12.4,10316
3507.7,892,7,12.3,10317
3508.7,892,7,11.6,10313
3509.7,892,7,11.3,10307
3510.8,892,7,13.0,10293
3511.8,892,7,12.3,10280
3512.8,892,0,12.1,10282
3513.8,892,0,11.6,10287
3514.8,892,0,11.8,10311
3515.9,935,7,16.5,10305
3516.9,935,19,12.5,10309
3517.9,933,6,11.9,10313
3518.9,933,34,13.0,10313
3520.0,933,24,12.1,10300
3521.0,912,42,12.7,10303
3522.0,912,7,13.7,10289
3523.0,912,16,12.1,10321
3524.1,912,13,13.1,10329
3525.1,912,6,12.7,10319
3526.1,912,4,13.6,10324
3527.2,912,21,12.2,10319
3528.2,912,15,12.2,10319
3529.2,912,29,11.5,10336
3530.2,912,92,14.5,10367
3531.3,912,3,12.0,10353
3532.3,912,14,13.5,10352
3533.3,912,14,13.1,10362
3534.3,912,18,12.3,10339
3535.3,912,10,13.1,10346
3536.4,912,55,12.8,10326
3537.4,912,29,12.3,10328
3538.4,912,36,14.7,10304
3539.4,912,100,14.6,10295
3540.5,912,0,11.6,10296
3541.5,912,11,12.9,10315
3542.5,912,4,11.8,10353
3543.5,912,7,12.0,10359
3544.6,926,29,14.7,10366
3545.6,947,15,12.5,10371
3546.6,939,1,14.4,10353
3547.6,939,13,16.0,10363
3548.6,937,4,12.4,10357
3549.7,937,65,13.3,10374
3550.7,924,41,12.5,10371
3551.7,907,1,12.5,10381
3552.8,913,72,12.8,10383
3553.8,913,4,13.3,10407
3554.8,913,25,13.4,10400
3555.8,913,17,11.8,10417
3556.8,913,14,12.9,10431
3557.9,952,39,13.0,10414
3558.9,952,14,14.2,10456
3559.9,950,20,11.8,10452
3560.9,950,15,12.7,10420
3561.9,950,16,12.4,10417
3563.0,913,31,12.0,10401
3564.0,913,45,12.8,10397
3565.0,913,15,11.7,10397
3566.0,913,21,13.4,10384
3567.1,913,21,12.7,10398
3568.1,913,23,12.2,10417
3569.1,913,15,12.1,10439
3570.1,913,15,12.6,10452
3571.2,913,60,12.1,10419
3572.2,913,15,12.2,10394
3573.2,913,15,11.0,10405
3574.2,913,30,11.9,10391
3575.3,913,53,11.9,10376
3576.3,913,32,12.1,10378
3577.3,913,42,11.7,10366
3578.3,913,8,12.0,10371
3579.4,913,42,12.9,10396
3580.4,913,38,12.0,10417
3581.4,913,30,12.4,10410
3582.5,913,10,12.4,10430
3583.5,913,0,12.0,10414
3584.5,913,30,12.0,10401
3585.6,913,20,12.2,10402
3586.6,913,14,12.9,10423
3587.6,913,15,12.3,10442
3588.6,913,25,11.9,10459
3589.7,913,20,13.3,10450
3590.7,913,19,12.3,10422
3591.7,913,59,12.4,10428
3592.7,913,29,13.3,10433
3593.8,913,29,12.0,10400
3594.8,913,18,12.7,10401
3595.8,913,15,12.0,10399
3596.8,913,0,12.1,10409
3597.9,913,0,12.9,10416
3598.9,913,20,12.1,10427
3599.9,913,52,12.5,10454
3600.9,913,72,12.4,10439
3602.0,913,20,12.6,10436
3603.0,913,29,12.8,10447
3604.0,913,15,12.1,10455
3605.0,913,22,11.2,10457
3606.1,913,29,11.9,10485
3607.1,911,44,14.7,10488
3608.1,937,17,14.8,10478
3609.2,939,13,15.5,10516
3610.2,939,9,12.2,10519
3611.2,936,9,12.5,10527
3612.2,936,5,11.6,10533
3613.2,936,7,12.1,10508
3614.3,913,8,13.7,10520
3615.3,925,47,13.8,10503
3616.3,925,12,12.0,10489
3617.3,904,3,14.0,10455
3618.4,903,17,13.8,10439
3619.4,903,0,11.7,10438
3620.4,903,10,12.2,10430
3621.4,893,19,12.1,10427
3622.5,893,3,12.6,10438
3623.5,893,8,11.4,10425
3624.5,893,12,12.5,10431
3625.5,893,0,11.8,10451
3626.6,893,8,11.8,10409
3627.6,893,18,12.3,10404
3628.6,893,8,15.3,10426
3629.6,893,1,11.9,10426
3630.6,924,3,12.8,10427
3631.7,926,21,13.3,10411
3632.7,926,16,12.9,10397
3633.7,924,4,12.9,10409
3634.7,938,4,12.9,10486
3635.8,885,90,13.0,10521
3636.8,862,9,13.5,10526
3637.8,856,3,12.7,10516
3638.8,856,5,12.8,10494
3639.9,839,5,13.0,10496
3640.9,839,2,13.3,10477
3641.9,839,16,12.7,10482
3642.9,828,4,13.3,10369
3643.9,828,1,13.0,10420
3645.0,828,22,12.2,10423
3646.0,828,7,13.3,10458
3647.0,828,0,12.3,10479
3648.0,828,4,11.3,10472
3649.1,828,7,11.7,10492
3650.1,813,7,11.9,10492
3651.1,813,7,11.5,10499
3652.1,813,0,12.1,10503
3653.1,813,0,11.6,10488
3654.2,813,7,12.2,10483
3655.2,813,7,13.2,10386
3656.2,813,7,11.8,10464
3657.2,813,8,12.2,10490
3658.3,813,7,12.8,10525
3659.3,813,9,11.6,10504
3660.3,813,7,11.9,10502
3661.3,813,7,12.0,10518
3662.4,813,7,11.8,10511
3663.4,813,7,11.6,10546
3664.4,813,7,13.3,10574
3665.4,813,7,11.7,10565
3666.5,813,0,12.5,10563
3667.5,813,0,12.7,10545
3668.5,813,7,11.8,10559
3669.5,813,7,12.5,10569
3670.6,813,7,13.5,10552
3671.6,813,7,12.3,10551
3672.6,813,7,12.2,10549
3673.6,828,0,13.8,10539
3674.7,828,13,12.5,10537
3675.7,828,15,13.5,10544
3676.7,828,3,12.8,10561
3677.7,828,4,12.2,10576
3678.7,828,6,12.1,10570
3679.8,828,7,11.6,10582
3680.8,814,1,12.6,10562
3681.8,814,0,13.2,10571
3682.8,814,7,12.9,10557
3683.9,814,7,12.4,10549
3684.9,814,7,11.8,10558
3685.9,834,0,13.5,10569
3686.9,834,12,13.3,10609
3687.9,834,3,12.8,10607
3689.0,834,4,13.1,10594
3690.0,834,82,13.5,10591
3691.0,834,1,12.6,10569
3692.0,828,4,12.4,10538
3693.0,828,5,12.7,10520
3694.1,828,0,12.0,10537
3695.1,814,0,12.6,10529
3696.1,814,8,12.8,10515
3697.1,814,7,13.0,10519
3698.2,814,7,13.4,10405
3699.2,814,7,13.6,10493
3700.2,814,0,13.0,10522
3701.2,814,7,13.1,10554
3702.2,814,7,13.5,10559
3703.3,828,5,13.8,10559
3704.3,834,1,13.2,10552
3705.3,834,1,12.8,10540
3706.4,834,4,12.7,10539
3707.4,834,7,12.7,10544
3708.4,814,0,12.5,10540
3709.4,814,0,12.7,10572
3710.4,814,7,13.2,10592
3711.5,814,8,12.3,10598
3712.5,814,5,12.8,10580
3713.5,814,8,13.5,10588
3714.5,814,7,12.2,10569
3715.6,814,7,12.5,10575
3716.6,814,1,12.8,10576
3717.6,828,7,13.5,10607
3718.7,828,1,13.4,10609
3719.7,828,1,12.9,10594
3720.7,828,3,11.6,10621
3721.7,838,3,13.3,10602
3722.8,873,18,13.3,10598
3723.8,871,0,12.9,10592
3724.8,843,10,13.7,10564
3725.8,819,83,14.0,10570
3726.8,819,0,13.5,10605
3727.9,795,0,12.4,10619
3728.9,795,0,10.7,10611
3729.9,795,0,11.5,10599
3730.9,796,0,12.0,10603
3732.0,796,0,11.9,10602
3733.0,796,0,12.8,10607
3734.0,796,0,11.6,10625
3735.0,796,0,11.3,10640
3736.1,796,0,12.4,10639
3737.1,796,0,11.7,10635
3738.1,795,0,12.1,10648
3739.1,795,0,12.9,10636
3740.2,795,0,12.0,10637
3741.2,795,0,11.7,10617
3742.2,795,0,12.3,10617
3743.2,795,0,10.8,10602
3744.3,795,0,11.6,10591
3745.3,795,0,12.4,10619
3746.3,795,0,11.9,10647
3747.3,795,0,12.5,10626
3748.4,795,0,12.6,10610
3749.4,795,0,11.5,10612
3750.4,795,0,12.3,10612
3751.4,795,0,12.9,10629
3752.5,795,0,11.5,10625
3753.5,795,0,12.4,10615
3754.5,795,0,11.5,10612
3755.6,795,0,12.0,10627
3756.6,795,0,13.6,10622
3757.6,795,0,12.0,10613
3758.6,795,0,12.0,10612
3759.7,795,0,11.7,10624
3760.7,795,0,11.1,10634
3761.7,795,0,11.5,10628
3762.7,795,0,11.5,10612
3763.8,795,0,11.8,10620
3764.8,795,0,12.4,10615
3765.8,795,0,11.0,10617
3766.8,795,0,12.0,10619
3767.9,795,0,12.3,10623
3768.9,795,0,11.0,10634
3769.9,795,0,12.6,10637
3771.0,795,0,11.7,10646
3772.0,795,0,12.0,10623
3773.0,795,0,12.3,10623
3774.0,795,0,11.3,10602
3775.1,795,0,13.0,10620
3776.1,795,0,12.2,10620
3777.1,795,0,11.5,10632
3778.1,795,0,12.6,10620
3779.2,795,0,11.7,10628
3780.2,795,0,12.8,10639
3781.2,795,0,12.2,10641
3782.2,795,0,12.0,10641
3783.3,795,0,12.4,10640
3784.3,795,0,11.5,10583
3785.3,795,0,12.1,10583
3786.3,795,0,11.8,10586
3787.4,795,0,11.5,10595
3788.4,795,0,13.4,10600
3789.4,795,0,12.2,10606
3790.4,795,0,12.3,10599
3791.5,795,0,12.0,10598
3792.5,795,0,11.7,10589
3793.5,795,0,12.1,10598
3794.6,795,0,12.1,10598
3795.6,795,0,11.7,10606
3796.6,795,0,12.6,10602
3797.6,795,0,12.4,10600
3798.7,795,0,11.1,10605
3799.7,795,0,12.4,10611
3800.7,795,0,12.5,10612
3801.7,795,0,12.7,10617
3802.8,795,0,11.0,10619
3803.8,795,0,12.8,10620
3804.8,795,0,11.7,10618
3805.8,795,0,12.0,10622
3806.9,795,0,11.4,10615
3807.9,795,0,12.6,10622
3808.9,795,0,11.5,10619
3810.0,795,0,11.1,10604
3811.0,795,0,12.6,10609
3812.0,795,0,11.1,10613
3813.0,795,0,12.2,10629
3814.1,795,0,11.7,10656
3815.1,795,0,11.9,10663
3816.1,795,0,11.1,10646
3817.1,795,0,11.5,10644
3818.2,795,0,11.0,10639
3819.2,795,0,11.2,10640
3820.2,795,0,11.1,10640
3821.2,795,0,11.9,10635
3822.3,795,0,10.6,10626
3823.3,795,0,11.8,10610
3824.3,795,0,12.0,10624
3825.3,795,0,10.8,10630
3826.4,795,0,11.4,10633
3827.4,795,0,11.0,10640
3828.4,795,0,11.6,10643
3829.5,795,0,12.3,10640
3830.5,795,0,11.3,10663
3831.5,795,0,12.1,10650
3832.5,795,0,12.7,10657
3833.6,795,0,11.2,10669
3834.6,795,0,10.6,10682
3835.6,795,0,10.7,10686
3836.6,795,0,11.0,10686
3837.7,795,0,11.7,10695
3838.7,795,0,10.7,10693
3839.7,795,0,12.0,10697
3840.8,795,0,10.9,10696
3841.8,795,0,12.2,10701
3842.8,795,0,12.3,10681
3843.8,795,0,12.1,10689
3844.9,795,0,11.4,10715
3845.9,795,0,11.5,10708
3846.9,795,0,12.7,10716
3847.9,795,0,11.4,10719
3849.0,795,0,11.3,10720
3850.0,795,0,10.8,10727
3851.0,795,0,12.7,10743
3852.1,795,0,12.1,10744
3853.1,795,0,11.6,10737
3854.1,795,0,11.6,10745
3855.1,795,0,11.6,10741
3856.2,795,0,11.8,10741
3857.2,795,0,12.7,10728
3858.2,795,0,11.7,10735
3859.2,795,0,12.7,10723
3860.3,795,0,11.8,10715
3861.3,795,0,11.0,10725
3862.3,795,0,11.8,10731
3863.4,795,0,10.7,10750
3864.4,795,0,10.3,10747
3865.4,795,0,12.1,10737
3866.4,795,0,12.0,10731
3867.5,795,0,10.8,10724
3868.5,795,0,11.5,10715
3869.5,795,0,11.6,10703
3870.5,795,0,11.2,10700
3871.6,795,0,11.2,10703
3872.6,795,0,10.4,10699
3873.6,795,0,10.3,10707
3874.6,795,0,11.2,10708
3875.7,795,0,11.9,10707
3876.7,795,0,12.3,10715
3877.7,795,0,11.4,10732
3878.8,795,0,11.0,10720
3879.8,795,0,11.8,10734
3880.8,795,0,11.2,10724
3881.8,795,0,11.8,10731
3882.9,795,0,11.6,10727
3883.9,795,0,11.6,10738
3884.9,795,0,12.1,10733
3885.9,795,0,11.3,10743
3887.0,795,0,11.9,10731
3888.0,795,0,12.2,10726
3889.0,795,0,11.7,10722
3890.0,795,0,10.8,10723
3891.1,795,0,11.5,10707
3892.1,795,0,14.5,10732
3893.1,799,14,15.9,10787
3894.1,799,0,11.7,10782
3895.1,799,25,10.9,10777
3896.2,799,53,11.6,10773
3897.2,829,2,14.4,10788
3898.2,825,16,15.5,10796
3899.2,826,59,17.3,10833
3900.3,826,31,15.7,10804
3901.3,826,10,13.5,10817
3902.3,871,3,13.1,10799
3903.3,871,6,11.4,10813
3904.3,871,39,12.6,10814
3905.4,871,25,11.7,10842
3906.4,871,19,12.3,10816
3907.4,871,4,12.4,10812
3908.4,871,15,11.1,10807
3909.5,872,23,11.4,10838
3910.5,890,65,13.1,10843
3911.5,890,4,11.5,10863
3912.5,896,21,12.3,10864
3913.6,910,24,13.2,10819
3914.6,911,17,11.5,10825
3915.6,921,7,14.9,10997
3916.6,935,33,12.8,11006
3917.6,935,14,11.7,11019
3918.7,932,17,12.7,11008
3919.7,918,16,13.1,10999
3920.7,884,0,12.7,10985
3921.7,884,0,12.7,10966
3922.7,884,5,12.1,10924
3923.8,884,6,13.0,10913
3924.8,884,6,12.7,10886
3925.8,864,6,12.7,10914
3926.8,864,7,12.7,10922
3927.9,864,8,12.9,10910
3928.9,864,8,13.1,10900
3929.9,864,1,13.2,10882
3930.9,864,1,13.7,10898
3932.0,864,4,13.2,10921
3933.0,864,4,13.1,10950
3934.0,864,7,13.1,10950
3935.0,864,2,13.0,10935
3936.0,864,4,12.1,10948
3937.1,903,11,13.0,10957
3938.1,903,4,13.3,10936
3939.1,900,11,11.9,10938
3940.1,900,0,12.7,10934
3941.2,900,21,12.3,10955
3942.2,883,20,11.8,10955
3943.2,883,32,12.6,10937
3944.2,883,0,12.0,10939
3945.3,883,1,12.7,10910
3946.3,883,31,12.2,10905
3947.3,883,0,12.1,10901
3948.4,883,19,12.7,10891
3949.4,883,15,13.4,10864
3950.4,883,30,12.2,10875
3951.4,883,19,12.1,10856
3952.5,883,18,12.1,10881
3953.5,901,26,12.7,10885
3954.5,901,3,12.7,10901
3955.5,899,2,13.1,10906
3956.6,880,4,12.7,10893
3957.6,880,5,12.4,10888
3958.6,864,4,13.7,10881
3959.6,864,52,12.6,10891
3960.6,864,4,12.8,10897
3961.7,864,23,12.7,10912
3962.7,869,3,11.5,10891
3963.7,880,18,15.3,10960
3964.7,901,14,13.2,10965
3965.7,900,2,11.4,10959
3966.8,900,6,11.6,10952
3967.8,900,33,12.7,10952
3968.8,882,67,11.7,10943
3969.8,882,4,11.4,10810
3970.9,882,3,11.8,10891
3971.9,882,37,12.1,10881
3972.9,882,5,12.2,10884
3973.9,882,3,11.7,10920
3974.9,882,2,11.6,10914
3976.0,882,2,12.1,10918
3977.0,882,4,10.6,10948
3978.0,893,5,11.4,10965
3979.0,893,74,13.0,10978
3980.1,892,1,11.9,10963
3981.1,871,4,13.1,10953
3982.1,871,6,11.5,10938
3983.1,871,7,11.2,10919
3984.2,861,7,11.9,10929
3985.2,861,8,11.8,10836
3986.2,861,7,11.9,10910
3987.2,861,7,11.4,10915
3988.2,861,7,11.3,10936
3989.3,861,7,10.7,10937
3990.3,861,0,11.9,10949
3991.3,861,0,11.4,10952
3992.3,861,8,10.6,10961
3993.4,861,7,11.8,10952
3994.4,861,0,12.5,10944
3995.4,861,7,10.9,10899
3996.4,861,7,11.7,10907
3997.5,861,7,11.2,10891
3998.5,861,7,11.0,10884
3999.5,861,8,10.9,10863
4000.5,861,7,11.1,10866
4001.6,861,7,11.1,10777
4002.6,861,7,11.9,10856
4003.6,861,7,10.9,10854
4004.6,861,0,10.6,10860
4005.7,861,0,11.2,10879
4006.7,861,0,11.4,10912
4007.7,861,0,12.3,10893
4008.7,861,7,12.2,10886
4009.8,861,7,10.8,10915
4010.8,861,8,11.3,10901
4011.8,861,8,11.2,10911
4012.8,861,8,11.2,10891
4013.8,861,7,11.1,10890
4014.9,873,7,11.5,10907
4015.9,894,15,12.1,10910
4016.9,893,15,13.5,10948
4017.9,893,27,10.5,10931
4019.0,893,0,12.6,10938
4020.0,882,0,11.7,10952
4021.0,893,7,12.2,10969
4022.0,872,89,14.6,10991
4023.1,907,15,15.3,10966
4024.1,913,30,12.5,10955
4025.1,932,3,12.6,10948
4026.1,912,17,12.0,10958
4027.1,911,6,12.1,10986
4028.2,911,28,11.3,11005
4029.2,887,4,11.8,11020
4030.2,905,5,14.5,11023
4031.2,904,5,11.5,10996
4032.2,902,0,11.2,10975
4033.3,909,54,13.2,10970
4034.3,889,4,12.6,10972
4035.3,911,1,11.4,10991
4036.3,909,47,17.3,11025
4037.3,909,19,15.4,11037
4038.4,908,20,16.2,11044
4039.4,901,9,15.1,11081
4040.4,898,25,13.5,11077
4041.4,898,2,12.9,11062
4042.5,919,3,12.0,11021
4043.5,909,3,13.6,11050
4044.5,930,25,12.4,11050
4045.5,927,5,11.2,11054
4046.5,927,0,12.0,11056
4047.6,906,18,10.8,11050
4048.6,889,18,12.3,11075
4049.6,889,8,12.1,11091
4050.6,889,25,12.1,11081
4051.7,889,29,12.2,11067
4052.7,889,29,11.6,11069
4053.7,889,57,11.7,11085
4054.7,889,14,12.4,11063
4055.8,889,30,11.2,11054
4056.8,889,51,10.8,11031
4057.8,889,15,12.2,11039
4058.8,889,15,10.9,11046
4059.9,889,40,11.6,11054
4060.9,889,16,11.7,11063
4061.9,889,0,11.1,11068
4062.9,889,18,11.7,11069
4064.0,908,30,11.4,11069
4065.0,907,52,12.2,11078
4066.0,905,7,11.8,11065
4067.0,905,4,11.1,11050
4068.0,905,8,12.2,11049
4069.1,905,28,11.3,11052
4070.1,888,58,12.2,10940
4071.1,907,5,13.5,11026
4072.1,903,3,11.4,11043
4073.2,902,31,12.2,11048
4074.2,907,16,11.3,11050
4075.2,923,32,13.1,11083
4076.2,974,12,13.2,11092
4077.2,974,36,11.9,11083
4078.3,974,4,12.0,11079
4079.3,974,4,12.7,11081
4080.3,974,17,11.9,11094
4081.3,972,4,12.0,11102
4082.3,971,43,11.3,11121
4083.4,969,31,11.3,11129
4084.4,969,23,12.0,11136
4085.4,971,4,11.3,11130
4086.5,977,15,15.1,11160
4087.5,960,5,12.6,11162
4088.5,949,0,12.2,11176
4089.5,952,29,13.7,11212
4090.5,946,31,12.2,11194
4091.6,944,4,12.2,11168
4092.6,943,4,11.7,11162
4093.6,944,13,12.1,11176
4094.6,944,4,11.1,11183
4095.6,934,16,11.7,11192
4096.7,934,7,12.0,11211
4097.7,934,7,11.8,11225
4098.7,925,53,11.5,11240
4099.7,925,2,11.5,11237
4100.8,925,7,11.6,11229
4101.8,925,6,12.1,11180
4102.8,925,0,11.6,11185
4103.8,925,0,11.8,11169
4104.9,925,8,11.8,11175
4105.9,925,7,12.9,11177
4106.9,925,7,11.0,11176
4107.9,925,7,11.1,11187
4109.0,925,7,11.9,11196
4110.0,925,7,12.2,11220
4111.0,928,7,11.5,11223
4112.0,930,1,12.2,11203
4113.0,932,1,12.1,11197
4114.1,932,0,11.6,11204
4115.1,932,36,12.5,11177
4116.1,932,0,11.2,11190
4117.1,932,0,11.3,11197
4118.1,932,99,12.3,11209
4119.2,932,1,11.3,11233
4120.2,932,4,11.7,11222
4121.3,940,36,11.5,11226
4122.3,940,0,12.2,11225
4123.3,940,2,12.1,11222
4124.3,940,22,10.9,11214
4125.4,940,21,11.8,11205
4126.4,930,20,11.4,11217
4127.4,930,60,11.7,11225
4128.5,930,19,11.1,11231
4129.5,930,61,11.2,11235
4130.5,930,0,11.4,11239
4131.5,930,12,12.4,11235
4132.6,930,42,11.4,11231
4133.6,930,11,12.1,11230
4134.6,930,11,11.5,11214
4135.7,930,22,11.8,11206
4136.7,930,36,12.0,11201
4137.7,930,13,11.8,11193
4138.7,930,25,11.9,11178
4139.8,930,5,14.3,11197
4140.8,930,11,13.1,11250
4141.8,930,31,13.2,11296
4142.9,930,12,15.8,11310
4143.9,930,33,14.3,11341
4144.9,930,0,13.6,11340
4145.9,930,23,14.3,11331
4147.0,930,36,14.1,11307
4148.0,930,24,14.3,11286
4149.0,930,24,14.8,11296
4150.0,930,24,14.5,11298
4151.1,934,24,15.8,11304
4152.1,965,14,16.6,11381
4153.1,1022,12,15.5,11370
4154.1,1018,26,12.5,11335
4155.1,1018,9,12.6,11329
4156.2,1017,25,11.3,11345
4157.2,1019,11,11.6,11334
4158.2,1014,9,14.3,11327
4159.2,1028,13,15.1,11382
4160.2,1018,1,11.4,11358
4161.3,1013,44,13.2,11339
4162.3,983,38,12.1,11342
4163.3,998,22,12.9,11368
4164.3,996,17,11.3,11335
4165.4,994,1,10.9,11340
4166.4,994,0,12.3,11320
4167.4,994,0,13.1,11306
4168.4,976,0,11.8,11337
4169.5,976,2,10.9,11316
4170.5,976,2,12.3,11324
4171.5,986,82,12.5,11299
4172.5,978,13,12.6,11293
4173.5,977,0,11.6,11289
4174.6,977,11,11.6,11299
4175.6,977,12,11.2,11282
4176.6,977,35,12.5,11297
4177.6,956,27,12.3,11305
4178.7,956,24,11.3,11316
4179.7,956,45,11.8,11310
4180.7,956,26,12.4,11248
4181.7,956,37,15.5,11260
4182.8,956,4,17.7,11307
4183.8,956,3,17.4,11373
4184.8,956,25,19.5,11343
4185.8,956,7,15.9,11359
4186.8,956,0,16.6,11333
4187.9,956,0,15.5,11335
4188.9,956,14,15.2,11329
4189.9,956,15,16.1,11346
4190.9,956,24,16.8,11393
4192.0,956,29,16.7,11414
4193.0,956,11,16.7,11400
4194.0,956,17,15.4,11339
4195.1,956,21,12.7,11344
4196.1,956,29,12.3,11338
4197.1,956,30,11.5,11325
4198.2,956,55,13.0,11333
4199.2,956,16,13.0,11326
4200.2,956,0,12.1,11322
4201.2,956,0,13.2,11303
4202.3,956,60,12.7,11314
4203.3,956,29,13.0,11298
4204.3,956,28,13.3,11290
4205.3,956,64,12.8,11283
4206.4,956,18,12.5,11275
4207.4,956,22,11.2,11281
4208.4,956,56,12.4,11282
4209.5,956,5,11.5,11284
4210.5,956,14,12.3,11287
4211.5,956,40,11.7,11287
4212.6,956,24,11.2,11282
4213.6,956,15,12.0,11286
4214.6,956,22,12.9,11293
4215.7,956,0,11.1,11303
4216.7,956,14,12.3,11303
4217.7,956,24,12.0,11294
4218.7,956,24,12.6,11296
4219.8,956,19,12.1,11301
4220.8,898,17,15.5,11318
4221.8,898,13,13.0,11331
4222.8,898,0,11.8,11332
4223.8,898,0,12.3,11316
4224.9,915,0,15.6,11332
4225.9,1097,0,20.8,11529
4226.9,1076,16,14.0,11545
4227.9,1069,14,11.6,11547
4229.0,1084,7,12.2,11549
4230.0,1084,8,12.5,11556
4231.0,926,25,11.4,11559
4232.0,926,1,11.1,11568
4233.1,926,0,11.9,11555
4234.1,926,0,11.8,11539
4235.1,926,0,11.4,11531
4236.1,926,0,12.0,11547
4237.2,926,0,11.9,11538
4238.2,926,0,11.7,11553
4239.2,926,0,11.8,11529
4240.2,926,0,11.2,11520
4241.3,926,0,11.9,11517
4242.3,926,0,11.6,11519
4243.3,926,0,12.6,11505
4244.3,926,0,11.0,11530
4245.4,926,0,12.4,11520
4246.4,926,0,13.1,11553
4247.4,926,0,12.9,11553
4248.4,926,0,11.7,11575
4249.5,926,0,12.3,11558
4250.5,926,0,12.0,11548
4251.5,926,0,12.3,11546
4252.5,926,0,11.5,11527
4253.5,926,0,11.7,11521
4254.6,926,0,12.1,11526
4255.6,926,0,11.6,11518
4256.6,926,0,12.3,11546
4257.6,926,0,12.2,11543
4258.7,926,0,11.9,11562
4259.7,926,0,11.4,11571
4260.7,926,0,11.9,11541
4261.7,926,0,11.7,11530
4262.7,926,0,11.9,11537
4263.8,926,0,11.7,11522
4264.8,926,0,13.0,11528
4265.8,926,0,11.8,11530
4266.8,913,4,12.4,11531
4267.9,913,5,11.6,11542
4268.9,913,0,11.6,11542
4269.9,913,0,11.9,11534
4270.9,913,0,12.3,11540
4272.0,913,0,12.1,11550
4273.0,913,0,14.0,11571
4274.0,913,0,12.4,11561
4275.0,913,0,12.2,11549
4276.1,913,0,12.5,11546
4277.1,913,0,12.7,11536
4278.1,913,0,12.5,11533
4279.1,913,0,12.7,11536
4280.2,913,0,12.4,11535
4281.2,913,0,13.0,11540
4282.2,913,0,13.9,11548
4283.3,913,0,12.5,11551
4284.3,913,0,13.0,11545
4285.3,913,0,13.2,11551
4286.3,913,0,12.4,11554
4287.4,913,0,14.2,11569
4288.4,913,0,13.0,11557
4289.4,913,0,13.1,11573
4290.4,913,0,13.3,11578
4291.5,913,91,13.8,11577
4292.5,913,0,13.5,11585
4293.5,913,0,13.4,11595
4294.5,913,0,13.2,11606
4295.6,913,0,13.6,11596
4296.6,913,0,12.4,11594
4297.6,913,0,13.2,11591
4298.7,913,0,13.3,11584
4299.7,913,0,13.7,11583
4300.7,913,0,14.5,11611
4301.7,913,0,13.5,11650
4302.8,913,0,13.5,11649
4303.8,913,0,13.5,11637
4304.8,913,0,13.4,11632
4305.8,913,0,13.4,11647
4306.9,913,0,13.6,11639
4307.9,913,0,13.6,11635
4308.9,913,0,12.3,11632
4309.9,913,0,13.8,11636
4310.9,913,0,13.5,11634
4312.0,913,0,12.7,11634
4313.0,913,0,13.2,11648
4314.0,913,0,13.3,11651
4315.0,913,0,12.8,11654
4316.1,913,0,14.4,11653
4317.1,913,0,13.1,11644
4318.1,913,0,12.6,11639
4319.1,913,0,13.2,11658
4320.2,913,0,12.7,11652
4321.2,913,0,13.2,11678
4322.2,913,0,13.1,11702
4323.2,913,0,12.1,11702
4324.2,913,0,12.5,11691
4325.3,913,0,12.6,11684
4326.3,913,0,13.1,11669
4327.3,913,0,14.5,11665
4328.4,913,0,13.2,11651
4329.4,913,0,13.7,11640
4330.4,913,0,13.4,11640
4331.4,913,0,14.4,11633
4332.5,913,0,13.7,11640
4333.5,913,0,13.7,11640
4334.5,913,0,12.6,11636
4335.6,913,0,12.3,11628
4336.6,902,0,13.4,11626
4337.6,902,0,13.4,11649
4338.6,903,0,15.4,11659
4339.7,903,0,13.5,11652
4340.7,903,0,12.4,11630
4341.7,903,0,12.0,11649
4342.8,1012,0,20.8,11676
4343.8,1011,10,17.6,11598
4344.8,1006,3,14.7,11602
4345.8,989,22,13.1,11601
4346.9,1006,71,14.0,11595
4347.9,941,30,14.8,11621
4348.9,972,24,18.4,11674
4349.9,970,39,13.5,11659
4350.9,968,7,12.4,11652
4352.0,968,2,11.9,11649
4353.0,967,2,12.8,11646
4354.0,952,8,12.5,11648
4355.0,946,0,11.9,11657
4356.0,936,13,13.1,11652
4357.1,936,14,11.5,11669
4358.1,936,14,11.6,11661
4359.1,936,12,12.6,11684
4360.2,936,14,12.4,11681
4361.2,936,12,11.5,11685
4362.2,936,12,12.2,11684
4363.2,936,19,12.8,11663
4364.3,936,12,13.0,11680
4365.3,936,12,11.8,11673
4366.3,936,9,12.0,11679
4367.3,936,12,12.5,11702
4368.4,936,5,12.1,11683
4369.4,936,7,13.3,11698
4370.4,936,12,12.0,11695
4371.4,936,12,12.4,11693
4372.5,936,18,12.9,11688
4373.5,936,12,13.0,11685
4374.5,916,12,13.7,11687
4375.5,902,15,13.3,11700
4376.6,902,12,12.6,11710
4377.6,902,11,12.2,11701
4378.6,902,0,12.7,11709
4379.7,902,15,12.1,11729
4380.7,902,13,12.2,11727
4381.7,902,8,12.5,11712
4382.7,902,20,12.4,11693
4383.8,902,13,11.9,11686
4384.8,902,13,12.5,11689
4385.8,902,20,12.0,11671
4386.8,902,12,13.0,11688
4387.9,902,13,11.7,11692
4388.9,902,7,11.7,11714
4389.9,902,0,12.5,11711
4390.9,902,13,12.3,11729
4392.0,902,16,12.3,11741
4393.0,902,3,12.5,11738
4394.0,903,0,12.3,11722
4395.0,902,16,12.6,11710
4396.1,902,13,12.0,11717
4397.1,902,14,11.4,11717
4398.1,902,16,12.1,11709
4399.1,902,12,13.4,11714
4400.2,902,13,11.9,11704
4401.2,902,12,12.6,11716
4402.2,902,0,12.0,11721
4403.2,902,2,12.5,11718
4404.3,901,12,12.7,11724
4405.3,901,16,12.1,11719
4406.3,901,1,12.0,11709
4407.3,901,0,12.5,11708
4408.4,901,7,11.8,11708
4409.4,901,12,12.5,11705
4410.4,901,13,12.0,11717
4411.4,903,4,13.3,11740
4412.5,919,4,12.9,11738
4413.5,918,20,13.6,11761
4414.5,918,20,12.6,11746
4415.5,1002,84,13.2,11726
4416.5,1040,28,14.5,11733
4417.6,1045,34,14.3,11718
4418.6,1044,34,16.2,11729
4419.6,1088,4,15.7,11680
4420.6,1088,3,13.1,11675
4421.6,1093,42,17.4,11864
4422.7,1124,4,14.9,11885
4423.7,1127,55,13.3,11859
4424.7,1126,6,13.1,11857
4425.7,1109,21,12.9,11869
4426.8,1050,5,12.1,11852
4427.8,1044,11,13.3,11860
4428.8,1012,16,13.6,11836
4429.8,1012,2,13.7,11832
4430.8,1012,2,13.2,11811
4431.9,1012,15,14.7,11823
4432.9,1012,2,12.9,11794
4433.9,1012,0,12.7,11791
4434.9,1012,10,13.5,11797
4436.0,1012,19,13.4,11785
4437.0,1012,2,13.7,11787
4438.0,1016,18,14.3,11823
4439.0,1016,14,13.7,11840
4440.0,1016,2,13.0,11852
4441.1,1016,6,12.5,11836
4442.1,1016,61,13.2,11815
4443.1,1016,18,13.4,11820
4444.1,1016,2,14.7,11815
4445.1,1016,0,11.9,11779
4446.2,1016,0,12.4,11790
4447.2,1016,12,13.1,11788
4448.2,1016,12,12.6,11773
4449.2,1016,5,13.0,11776
4450.3,1016,12,13.1,11761
4451.3,1016,12,12.5,11774
4452.3,1016,12,12.5,11751
4453.3,1016,12,13.2,11746
4454.4,1016,12,11.9,11743
4455.4,1016,12,12.7,11763
4456.4,1016,12,13.3,11775
4457.4,1016,13,12.2,11761
4458.5,1016,0,12.2,11757
4459.5,1016,0,12.9,11775
4460.5,1016,13,11.8,11786
4461.5,1016,0,12.6,11803
4462.6,1016,2,13.8,11803
4463.6,1016,12,12.1,11837
4464.6,1016,12,12.6,11822
4465.6,1016,12,12.5,11829
4466.7,1016,12,12.6,11820
4467.7,1016,12,12.6,11800
4468.7,1016,12,13.2,11798
4469.8,1016,12,13.0,11792
4470.8,1016,12,11.8,11800
4471.8,1016,12,12.9,11791
4472.8,1016,2,12.9,11805
4473.9,1044,28,13.7,11818
4474.9,1044,5,15.0,11831
4475.9,1044,3,12.5,11839
4476.9,1044,3,12.5,11823
4477.9,1044,13,12.4,11807
4479.0,1044,14,13.4,11803
4480.0,1012,25,14.5,11828
4481.0,1012,21,14.1,11847
4482.0,1012,12,13.9,11880
4483.1,1012,12,12.9,11873
4484.1,1012,12,12.8,11833
4485.1,1012,12,13.6,11847
4486.1,1012,5,12.5,11841
4487.2,1012,0,13.3,11817
4488.2,1012,0,12.3,11816
4489.2,1012,12,13.6,11831
4490.2,1012,12,12.3,11842
4491.3,1012,12,12.5,11863
4492.3,1012,11,15.2,11861
4493.3,1012,2,13.0,11857
4494.3,1016,58,12.4,11834
4495.4,1016,10,14.0,11849
4496.4,1016,24,14.4,11841
4497.4,1016,13,13.9,11855
4498.4,1016,3,12.6,11856
4499.5,1016,53,14.1,11860
4500.5,1016,41,12.8,11870
4501.5,1016,64,14.0,11877
4502.5,1016,7,13.6,11857
4503.6,1016,0,13.6,11851
4504.6,1016,7,13.1,11839
4505.6,1016,11,13.2,11840
4506.6,1016,12,12.4,11834
4507.7,1016,12,12.0,11835
4508.7,1016,12,12.0,11833
4509.7,1016,12,11.7,11850
4510.7,1016,12,12.3,11882
4511.8,1016,12,11.9,11877
4512.8,1016,12,12.8,11873
4513.8,1016,12,11.8,11863
4514.8,1016,9,12.1,11864
4515.9,1016,0,12.0,11849
4516.9,1016,11,12.4,11840
4517.9,1016,12,13.8,11866
4518.9,1016,12,12.1,11844
4520.0,1016,12,12.3,11855
4521.0,1016,12,12.8,11876
4522.0,1016,12,12.0,11869
4523.0,1016,12,12.6,11890
4524.1,1016,12,13.8,11868
4525.1,1016,12,12.8,11847
4526.1,1016,6,12.8,11847
4527.1,1016,12,12.7,11851
4528.2,1016,15,13.9,11862
4529.2,1016,0,12.3,11855
4530.2,1016,12,13.4,11906
4531.2,1016,12,13.1,11900
4532.3,1016,12,12.7,11884
4533.3,1016,12,12.6,11881
4534.3,1016,12,12.4,11867
4535.3,1016,12,13.1,11866
4536.4,1016,12,13.4,11862
4537.4,1016,12,12.5,11882
4538.4,1016,12,12.9,11891
4539.4,1016,0,13.3,11897
4540.5,1016,12,12.3,11865
4541.5,1016,12,14.2,11887
4542.5,1016,0,12.5,11879
4543.5,1016,0,11.9,11880
4544.6,1016,12,12.5,11861
4545.6,1016,12,12.9,11856
4546.6,1016,12,13.2,11869
4547.7,1016,12,11.8,11889
4548.7,1016,12,13.2,11905
4549.7,1016,12,13.4,11902
4550.7,1016,12,12.1,11883
4551.8,1016,12,12.4,11879
4552.8,1017,29,14.9,11920
4553.8,1017,0,12.6,11932
4554.8,1017,0,12.8,11909
4555.8,1017,7,12.7,11891
4556.9,1017,0,12.2,11908
4557.9,1027,0,13.1,11892
4558.9,1043,9,14.2,11913
4560.0,1025,23,14.9,11901
4561.0,1041,18,16.2,11918
4562.0,1041,4,12.9,11932
4563.0,1017,6,12.9,11921
4564.1,1017,6,13.0,11928
4565.1,1017,19,13.1,11951
4566.1,1017,25,13.1,11958
4567.1,1017,5,11.8,11953
4568.1,1017,27,14.9,11935
4569.2,1017,20,12.8,11932
4570.2,1017,26,12.1,11932
4571.2,1017,27,12.8,11950
4572.3,1017,13,12.7,11944
4573.3,1017,38,13.7,11940
4574.3,1017,20,12.8,11967
4575.3,1017,12,12.1,11975
4576.4,1017,14,13.5,11978
4577.4,1017,12,11.9,11953
4578.4,1017,12,13.0,11959
4579.4,1017,6,13.2,11947
4580.5,1017,0,12.2,11947
4581.5,1017,16,12.6,11938
4582.5,1017,41,13.6,11966
4583.5,1017,18,14.6,11993
4584.6,1017,3,13.3,11990
4585.6,1017,6,13.6,11991
4586.6,1017,12,12.6,11983
4587.6,1017,13,13.8,11972
4588.7,1017,24,12.5,11967
4589.7,1017,12,13.5,11991
4590.7,1017,13,13.7,11981
4591.7,1017,16,13.3,11986
4592.8,1017,12,13.5,12004
4593.8,1017,0,13.3,12016
4594.8,1017,12,12.7,11997
4595.8,1017,3,12.6,11986
4596.9,1017,14,12.9,11981
4597.9,1017,24,13.0,11964
4598.9,1017,12,12.6,11957
4599.9,1017,13,12.2,11939
4601.0,1017,23,13.2,11955
4602.0,1017,12,13.3,11959
4603.0,1017,23,15.3,12009
4604.0,1017,12,13.7,12016
4605.1,1017,12,13.4,11997
4606.1,1017,5,15.1,11978
4607.1,1000,3,15.3,12012
4608.1,1016,3,12.2,12014
4609.2,1016,0,12.6,12038
4610.2,1000,10,12.6,12029
4611.2,1016,15,12.0,12008
4612.2,1000,15,12.4,12020
4613.3,1000,11,13.0,12016
4614.3,1000,43,12.2,12005
4615.3,1016,29,12.9,11990
4616.3,1016,28,12.5,11991
4617.4,1000,27,13.0,11980
4618.4,1016,21,12.2,11999
4619.4,1016,18,12.9,12031
4620.4,1016,17,13.1,12019
4621.5,1004,16,13.9,12041
4622.5,1020,8,11.7,12048
4623.5,1019,15,12.3,12036
4624.5,1019,28,13.5,12029
4625.6,1019,31,12.3,12027
4626.6,1015,0,11.6,12021
4627.6,1015,0,12.9,12027
4628.7,999,29,12.0,12044
4629.7,1015,28,12.9,12041
4630.7,1015,28,12.3,12021
4631.7,999,25,12.8,12010
4632.8,1015,13,13.7,12024
4633.8,1015,16,11.5,11999
4634.8,1015,25,13.2,11993
4635.8,999,21,13.5,11999
4636.9,948,22,13.0,11993
4637.9,944,30,13.4,12014
4638.9,973,55,15.8,12061
4639.9,974,4,16.8,12092
4640.9,989,63,19.3,12082
4642.0,989,23,15.6,12098
4643.0,989,37,18.1,12158
4644.0,996,31,17.3,12141
4645.0,995,11,13.4,12153
4646.1,969,32,14.7,12115
4647.1,979,16,22.2,12191
4648.1,1011,28,23.4,12328
4649.1,1044,34,27.8,12555
4650.1,1027,39,20.3,12479
4651.2,1027,40,16.4,12484
4652.2,1022,17,16.4,12452
4653.2,1005,11,17.2,12460
4654.2,989,20,15.5,12484
4655.3,978,21,16.0,12490
4656.3,985,13,17.2,12522
4657.3,985,24,16.1,12572
4658.3,985,29,17.3,12535
4659.4,985,7,16.0,12558
4660.4,985,14,16.7,12550
4661.4,984,15,15.4,12534
4662.4,1065,29,20.5,12506
4663.4,1062,26,17.3,12493
4664.5,995,39,15.9,12481
4665.5,994,32,16.2,12502
4666.5,994,33,15.8,12455
4667.5,981,27,15.9,12461
4668.6,981,29,16.5,12463
4669.6,975,50,16.1,12465
4670.6,975,31,17.1,12448
4671.6,975,32,16.3,12469
4672.7,975,32,15.3,12476
4673.7,975,30,17.2,12523
4674.7,933,28,15.6,12519
4675.8,933,30,15.5,12500
4676.8,933,26,16.4,12493
4677.8,933,28,16.5,12467
4678.8,933,35,16.0,12480
4679.9,933,30,16.0,12464
4680.9,933,30,16.5,12465
4681.9,933,30,15.4,12468
4682.9,933,31,15.9,12469
4684.0,933,36,18.4,12496
4685.0,933,29,16.6,12480
4686.0,933,29,16.1,12509
4687.0,933,20,15.9,12534
4688.1,933,29,17.5,12532
4689.1,933,29,16.9,12530
4690.1,998,27,17.1,12600
4691.1,1072,33,20.5,12588
4692.1,1084,21,18.7,12566
4693.2,970,11,16.8,12555
4694.2,968,11,15.2,12550
4695.2,968,15,16.6,12535
4696.2,952,28,15.8,12525
4697.3,935,29,16.8,12505
4698.3,935,29,16.0,12488
4699.3,943,68,17.0,12491
4700.4,942,16,18.1,12499
4701.4,942,22,17.5,12515
4702.4,942,13,16.2,12563
4703.4,941,12,18.2,12563
4704.5,941,69,17.1,12547
4705.5,941,27,17.7,12541
4706.5,1011,39,17.5,12553
4707.5,1005,17,23.3,12541
4708.6,1007,18,20.1,12548
4709.6,1007,9,20.1,12561
4710.6,1006,7,17.0,12537
4711.6,940,15,15.8,12553
4712.7,939,29,17.6,12560
4713.7,939,23,16.5,12540
4714.7,924,24,16.7,12582
4715.7,924,35,15.9,12525
4716.8,924,37,16.0,12559
4717.8,924,39,17.8,12510
4718.8,997,18,18.8,12550
4719.8,938,17,18.8,12553
4720.9,955,9,17.1,12575
4721.9,998,30,18.8,12542
4722.9,957,51,26.6,12521
4723.9,957,2,20.0,12531
4725.0,953,7,16.7,12478
4726.0,950,6,19.9,12544
4727.0,950,20,24.3,12477
4728.0,948,32,19.7,12515
4729.0,919,36,17.2,12503
4730.1,921,35,24.3,12552
4731.1,925,40,21.7,12417
4732.1,913,35,23.5,12388
4733.1,913,42,19.9,12435
4734.2,913,37,19.9,12436
4735.2,913,35,19.5,12429
4736.2,909,32,18.4,12411
4737.2,893,8,16.8,12405
4738.2,893,28,21.6,12390
4739.3,893,27,16.4,12445
4740.3,897,29,20.1,12409
4741.3,897,30,17.0,12371
4742.3,897,37,18.2,12412
4743.4,897,39,18.0,12390
4744.4,897,28,16.3,12370
4745.4,893,57,18.4,12409
4746.4,893,18,20.4,12308
4747.5,893,31,19.7,12326
4748.5,893,35,20.4,12304
4749.5,893,11,15.8,12311
4750.5,893,27,16.8,12317
4751.6,1122,18,17.9,12303
4752.6,1122,31,17.1,12340
4753.6,1122,12,17.7,12381
4754.6,1122,23,22.1,12445
4755.6,1122,12,20.5,12483
4756.7,1122,23,19.2,12508
4757.7,1122,31,18.9,12483
4758.7,1122,32,20.7,12451
4759.7,1174,27,23.5,12299
4760.8,1138,26,24.8,12524
4761.8,1138,21,20.7,12536
4762.8,1139,23,19.0,12514
4763.8,1138,20,24.1,12449
4764.9,1138,29,22.6,12487
4765.9,1138,13,18.7,12537
4766.9,1120,29,20.2,12518
4767.9,1120,25,20.8,12527
4769.0,1120,14,20.4,12533
4770.0,1120,17,19.1,12571
4771.0,1120,14,21.1,12615
4772.0,1120,23,20.3,12600
4773.0,1120,16,19.6,12593
4774.1,1120,13,18.1,12590
4775.1,1120,21,19.1,12554
4776.1,1120,23,18.2,12562
4777.1,1120,22,26.0,12558
4778.2,1105,15,18.3,12578
4779.2,1105,41,18.1,12606
4780.2,1105,20,19.8,12636
4781.2,1104,36,19.3,12633
4782.2,1104,32,20.9,12596
4783.3,1104,36,20.0,12611
4784.3,1104,40,19.3,12583
4785.3,1104,31,21.8,12503
4786.3,1126,37,21.7,12501
4787.4,1126,41,17.2,12517
4788.4,1126,23,19.4,12551
4789.4,1126,21,18.3,12507
4790.4,1126,22,17.3,12523
4791.4,1126,21,16.3,12519
4792.5,1126,19,17.5,12512
4793.5,1126,21,17.2,12483
4794.5,1126,18,16.3,12483
4795.5,1126,16,16.8,12477
4796.5,1126,36,19.3,12448
4797.6,1114,29,19.7,12496
4798.6,1114,19,17.1,12509
4799.6,1114,19,17.4,12533
4800.6,1114,30,16.3,12527
4801.7,1114,23,17.8,12526
4802.7,1126,23,17.3,12506
4803.7,1126,38,18.1,12497
4804.7,1126,34,16.1,12491
4805.7,1126,18,16.1,12490
4806.8,1126,20,16.7,12495
4807.8,1114,27,17.3,12566
4808.8,1114,29,16.1,12539
4809.8,1114,28,18.8,12547
4810.9,1114,20,18.5,12501
4811.9,1044,15,20.6,12504
4812.9,1011,16,17.5,12483
4813.9,1009,39,16.2,12453
4814.9,1033,17,15.4,12422
4816.0,1033,23,14.1,12445
4817.0,1022,3,13.5,12430
4818.0,1022,2,13.7,12418
4819.0,1022,2,12.1,12424
4820.1,1016,2,12.3,12429
4821.1,1016,2,12.3,12412
4822.1,1018,0,13.7,12416
4823.1,1140,39,19.9,12464
4824.1,1131,46,15.5,12451
4825.2,1091,7,16.3,12482
4826.2,1128,18,17.4,12489
4827.2,1161,32,16.0,12545
4828.2,1158,2,13.4,12533
4829.2,1150,2,15.6,12521
4830.3,1151,22,15.3,12533
4831.3,1119,3,14.9,12530
4832.3,1074,16,17.4,12507
4833.3,1062,0,19.7,12489
4834.3,1060,25,14.1,12484
4835.4,1058,46,14.5,12481
4836.4,1058,4,14.3,12468
4837.4,1058,14,13.4,12469
4838.4,1024,43,14.6,12449
4839.5,1024,13,14.1,12449
4840.5,1039,13,17.1,12481
4841.5,1039,37,15.4,12491
4842.5,1039,32,17.1,12482
4843.5,1052,4,14.8,12474
4844.6,1050,32,13.3,12462
4845.6,1048,34,14.6,12526
4846.6,1048,43,16.7,12530
4847.6,1048,32,15.5,12535
4848.6,1098,31,14.9,12505
4849.7,1099,6,15.6,12506
4850.7,1088,29,15.1,12497
4851.7,1167,37,18.4,12565
4852.7,1153,48,14.6,12561
4853.7,1151,3,16.3,12569
4854.8,1152,3,16.3,12584
4855.8,1154,29,19.5,12585
4856.8,1153,8,15.7,12604
4857.8,1131,4,13.5,12637
4858.9,1123,7,13.4,12623
4859.9,1117,26,13.0,12604
4860.9,1109,25,12.6,12597
4861.9,1102,13,12.6,12602
4862.9,1102,45,13.0,12560
4864.0,1102,7,13.0,12555
4865.0,1102,1,12.8,12592
4866.0,1122,50,13.4,12597
4867.0,1119,4,14.2,12640
4868.0,1102,64,19.1,12646
4869.1,1102,9,13.5,12611
4870.1,1102,6,12.9,12609
4871.1,1102,11,15.6,12633
4872.1,1102,78,16.2,12632
4873.2,1102,11,13.3,12644
4874.2,1102,5,12.7,12663
4875.2,1102,6,12.5,12632
4876.2,1102,21,13.3,12631
4877.2,1102,32,12.4,12599
4878.3,1102,23,12.8,12602
4879.3,1102,20,12.7,12594
4880.3,1102,20,13.1,12589
4881.4,1102,21,13.7,12558
4882.4,1102,29,13.3,12567
4883.4,1102,20,12.8,12557
4884.4,1102,21,12.4,12575
4885.5,1102,33,13.6,12572
4886.5,1102,20,12.3,12583
4887.5,1102,8,13.2,12596
4888.5,1102,22,13.1,12587
4889.6,1102,21,11.8,12582
4890.6,1102,20,12.9,12578
4891.6,1102,21,12.7,12556
4892.6,1102,22,12.6,12606
4893.7,1102,20,12.0,12606
4894.7,1102,22,14.2,12625
4895.7,1102,19,12.1,12624
4896.7,1102,20,13.3,12602
4897.8,1102,21,13.1,12602
4898.8,1102,12,12.2,12582
4899.8,1102,8,12.7,12576
4900.8,1102,19,11.9,12594
4901.9,1102,9,13.2,12573
4902.9,1102,19,12.9,12581
4903.9,1102,23,14.5,12602
4904.9,1102,98,18.2,12601
4906.0,1102,5,13.5,12625
4907.0,1102,4,12.4,12612
4908.0,1102,9,12.9,12583
4909.0,1102,10,12.5,12601
4910.1,1102,16,13.5,12596
4911.1,1102,18,13.2,12605
4912.1,1102,19,15.6,12676
4913.1,1102,17,17.8,12655
4914.2,1102,18,18.2,12644
4915.2,1102,29,19.1,12633
4916.2,1102,22,17.9,12621
4917.2,1102,22,17.6,12613
4918.2,1102,22,17.9,12591
4919.3,1102,23,17.7,12611
4920.3,1102,23,18.6,12604
4921.3,1102,24,18.8,12641
4922.3,1102,4,16.3,12593
4923.4,1102,3,12.0,12622
4924.4,1102,31,15.8,12621
4925.4,1102,79,16.4,12626
4926.4,1102,4,14.9,12624
4927.4,1102,1,12.7,12627
4928.5,1102,16,14.8,12617
4929.5,1102,17,14.7,12651
4930.5,1125,14,16.9,12690
4931.5,1125,17,13.3,12707
4932.6,1105,29,16.3,12701
4933.6,1105,17,13.5,12691
4934.6,1105,42,14.8,12689
4935.7,1092,97,16.2,12698
4936.7,1092,6,13.4,12716
4937.7,1034,3,16.9,12714
4938.7,1049,54,14.4,12726
4939.7,1077,7,13.1,12737
4940.8,1076,4,12.7,12732
4941.8,1076,0,14.1,12724
4942.8,1076,0,13.7,12714
4943.8,1076,0,13.1,12694
4944.8,1076,0,11.3,12681
4945.9,1076,0,13.9,12618
4946.9,1076,0,13.6,12627
4947.9,1076,0,12.1,12632
4948.9,1076,0,12.4,12617
4950.0,1076,0,11.8,12612
4951.0,1076,0,12.9,12600
4952.0,1076,0,13.0,12594
4953.0,1076,0,12.6,12588
4954.0,1076,0,12.4,12629
4955.1,1076,0,12.4,12619
4956.1,1076,0,11.5,12615
4957.1,1076,0,11.6,12633
4958.1,1076,0,12.4,12621
4959.1,1076,0,12.0,12624
4960.2,1076,0,12.1,12609
4961.2,1076,0,11.2,12595
4962.2,1076,0,11.5,12580
4963.2,1076,0,11.3,12592
4964.3,1076,0,11.2,12576
4965.3,1076,0,13.0,12556
4966.3,1076,0,11.5,12559
4967.3,1076,0,11.6,12574
4968.3,1076,0,11.5,12580
4969.4,1076,0,11.7,12592
4970.4,1076,0,12.1,12595
4971.4,1076,0,12.0,12609
4972.4,1076,0,11.3,12620
4973.5,1076,0,11.6,12627
4974.5,1076,0,11.9,12656
4975.5,1076,0,11.9,12633
4976.5,1076,0,11.7,12648
4977.5,1076,0,11.7,12632
4978.6,1076,0,12.0,12626
4979.6,1076,0,12.1,12625
4980.6,1076,0,11.6,12619
4981.6,1076,0,11.9,12605
4982.6,1076,0,11.4,12601
4983.7,1076,0,11.1,12608
4984.7,1076,0,11.9,12614
4985.7,1076,0,11.0,12632
4986.7,1076,0,11.5,12627
4987.8,1076,0,12.3,12656
4988.8,1076,0,11.7,12631
4989.8,1076,0,12.1,12629
4990.8,1076,0,11.3,12619
4991.8,1076,0,12.0,12614
4992.9,1076,0,11.4,12608
4993.9,1076,0,11.8,12612
4994.9,1076,0,12.2,12596
4995.9,1076,0,11.7,12588
4996.9,1092,0,12.5,12587
4998.0,1092,0,12.2,12596
4999.0,1092,0,11.9,12620
5000.0,1092,0,11.8,12638
5001.1,1092,0,12.0,12641
5002.1,1092,0,11.4,12634
5003.1,1092,0,12.0,12635
5004.1,1092,0,12.6,12631
5005.2,1092,0,12.5,12651
5006.2,1092,0,11.9,12653
5007.2,1092,0,11.9,12656
5008.2,1092,0,12.3,12611
5009.3,1092,0,11.8,12620
5010.3,1092,0,11.9,12615
5011.3,1092,0,11.8,12622
5012.3,1092,0,11.9,12622
5013.4,1092,0,11.6,12613
5014.4,1092,0,11.4,12613
5015.4,1092,0,12.4,12629
5016.5,1092,0,11.7,12633
5017.5,1092,0,11.4,12627
5018.5,1092,0,12.2,12620
5019.5,1092,0,12.3,12625
5020.6,1092,0,11.7,12627
5021.6,1092,0,11.8,12630
5022.6,1092,0,13.2,12654
5023.6,1092,0,12.1,12664
5024.7,1092,0,11.9,12671
5025.7,1092,0,12.3,12682
5026.7,1092,0,11.8,12683
5027.8,1092,0,12.6,12673
5028.8,1092,0,12.6,12672
5029.8,1092,0,12.0,12668
5030.8,1092,0,11.7,12680
5031.9,1092,0,11.7,12687
5032.9,1092,0,11.6,12686
5033.9,1092,0,12.6,12686
5035.0,1092,0,13.5,12701
5036.0,1092,0,14.1,12693
5037.0,1092,0,12.9,12694
5038.0,1092,0,12.1,12660
5039.1,1092,0,11.4,12634
5040.1,1092,0,11.7,12632
5041.1,1092,0,11.5,12636
5042.1,1092,0,12.9,12685
5043.2,1092,0,11.6,12707
5044.2,1092,0,13.2,12723
5045.2,1092,0,12.2,12722
5046.3,1092,0,11.2,12715
5047.3,1092,0,12.4,12717
5048.3,1092,0,12.9,12694
5049.3,1092,0,11.4,12688
5050.4,1092,0,12.1,12668
5051.4,1092,0,13.8,12675
5052.4,1092,0,12.5,12665
5053.5,1092,0,12.2,12673
5054.5,1092,0,11.8,12680
5055.5,1092,0,11.5,12700
5056.5,1092,0,12.1,12709
5057.6,1092,0,12.3,12695
5058.6,1092,0,12.4,12702
5059.6,1078,51,12.0,12694
5060.6,1080,28,13.3,12676
5061.7,1149,39,16.8,12698
5062.7,1149,45,16.7,12704
5063.7,1129,7,14.4,12724
5064.7,1308,12,18.7,12825
5065.7,1282,40,17.3,12828
5066.8,1495,38,18.1,12840
5067.8,1407,2,15.9,12896
5068.8,1217,4,13.6,12876
5069.8,1194,0,13.1,12877
5070.8,1166,0,11.5,12858
5071.9,1129,0,12.6,12883
5072.9,1129,0,11.5,12891
5073.9,1122,0,12.0,12891
5074.9,1122,0,11.8,12879
5075.9,1122,0,17.1,12879
5077.0,1139,2,12.2,12845
5078.0,1139,0,12.5,12871
5079.0,1139,0,11.7,12875
5080.1,1139,0,13.1,12867
5081.1,1139,0,12.5,12862
5082.1,1139,0,12.1,12838
5083.1,1139,0,12.7,12829
5084.2,1139,0,11.8,12854
5085.2,1139,0,12.4,12844
5086.2,1139,0,11.6,12836
5087.2,1139,0,12.5,12844
5088.3,1139,0,11.4,12844
5089.3,1139,0,11.9,12850
5090.3,1139,0,12.0,12842
5091.3,1139,0,12.8,12828
5092.4,1139,0,11.7,12816
5093.4,1139,22,12.6,12816
5094.4,1139,0,12.5,12828
5095.4,1139,73,13.0,12819
5096.5,1156,6,14.1,12824
5097.5,1156,38,12.3,12830
5098.5,1175,14,16.3,12833
5099.5,1180,5,14.8,12844
5100.5,1180,0,14.9,12864
5101.6,1171,0,11.4,12854
5102.6,1145,0,12.1,12871
5103.6,1145,0,12.4,12893
5104.6,1142,0,12.1,12869
5105.6,1132,0,12.4,12870
5106.7,1132,0,12.6,12864
5107.7,1132,0,12.3,12864
5108.7,1132,0,12.7,12877
5109.7,1132,0,11.7,12888
5110.8,1132,0,11.8,12889
5111.8,1132,0,12.7,12891
5112.8,1132,0,11.9,12891
5113.9,1132,0,11.2,12886
5114.9,1132,0,12.1,12883
5115.9,1132,0,12.5,12873
5116.9,1148,0,11.7,12853
5118.0,1148,0,12.2,12845
5119.0,1148,0,12.2,12847
5120.0,1138,0,13.5,12921
5121.1,1156,35,13.2,12921
5122.1,1154,0,11.6,12918
5123.1,1153,0,12.2,12912
5124.1,1154,0,12.8,12894
5125.2,1155,0,12.2,12882
5126.2,1138,0,12.6,12858
5127.2,1138,63,12.4,12857
5128.3,1137,0,12.6,12858
5129.3,1136,0,11.9,12872
5130.3,1136,0,12.0,12881
5131.3,1152,0,12.9,12909
5132.3,1152,0,11.9,12922
5133.4,1152,0,13.0,12913
5134.4,1148,0,12.6,12901
5135.4,1148,0,13.0,12885
5136.4,1147,0,12.1,12891
5137.5,1147,0,12.3,12900
5138.5,1147,0,12.4,12927
5139.5,1147,0,12.3,12940
5140.6,1147,0,12.0,12932
5141.6,1147,0,11.7,12922
5142.6,1147,0,13.1,12918
5143.6,1147,0,11.5,12929
5144.7,1147,0,12.8,12910
5145.7,1147,0,11.9,12902
5146.7,1147,0,11.8,12920
5147.7,1147,0,12.3,12912
5148.8,1147,0,11.7,12923
5149.8,1147,0,12.1,12960
5150.8,1147,0,12.0,12939
5151.8,1147,0,12.9,12941
5152.9,1147,0,11.8,12944
5153.9,1147,0,13.2,12929
5154.9,1147,0,12.5,12942
5156.0,1147,0,11.4,12951
5157.0,1147,0,12.0,12935
5158.0,1147,0,13.0,12943
5159.0,1147,0,11.9,12950
5160.1,1147,0,12.4,12931
5161.1,1147,0,12.7,12935
5162.1,1147,0,12.2,12941
5163.1,1147,0,12.5,12953
5164.2,1147,0,12.3,12948
5165.2,1147,0,12.1,12976
5166.2,1147,0,12.6,12954
5167.3,1147,0,12.0,12962
5168.3,1147,0,11.4,12972
5169.3,1147,0,12.9,12969
5170.3,1147,0,11.6,12948
5171.4,1147,0,12.6,12935
5172.4,1147,0,12.5,12946
5173.4,1147,0,12.1,12937
5174.4,1147,0,14.5,12913
5175.5,1147,0,11.5,12903
5176.5,1147,0,12.5,12883
5177.5,1147,0,11.8,12888
5178.5,1147,0,11.7,12880
5179.6,1147,0,12.5,12889
5180.6,1147,0,12.2,12892
5181.6,1147,0,11.7,12900
5182.7,1147,0,11.9,12903
5183.7,1147,0,11.1,12924
5184.7,1142,73,14.2,12915
5185.8,1199,33,15.8,12914
5186.8,1171,10,13.3,12912
5187.8,1170,1,13.0,12933
5188.8,1161,7,14.4,12950
5189.9,1162,0,13.9,12955
5190.9,1127,6,15.5,12962
5191.9,1127,14,14.3,12964
5192.9,1127,0,13.3,12958
5193.9,1129,4,13.3,13034
5195.0,1146,68,19.4,13069
5196.0,1144,8,13.4,13087
5197.0,1173,51,14.4,13108
5198.0,1223,4,18.3,13138
5199.0,1198,37,14.5,13127
5200.1,1198,41,16.4,13113
5201.1,1240,10,13.9,13106
5202.1,1208,31,12.5,13090
5203.1,1205,0,12.6,13095
5204.1,1205,0,12.2,13096
5205.2,1205,0,12.2,13101
5206.2,1192,0,13.2,13110
5207.2,1170,1,11.8,13123
5208.2,1170,0,12.4,13133
5209.3,1170,0,12.1,13129
5210.3,1170,0,12.2,13137
5211.3,1170,0,12.3,13114
5212.3,1170,0,12.3,13117
5213.4,1170,0,12.7,13113
5214.4,1170,0,11.7,13133
5215.4,1170,0,12.5,13161
5216.5,1170,0,13.3,13160
5217.5,1170,0,13.1,13102
5218.5,1170,0,12.6,13098
5219.5,1170,0,13.4,13093
5220.6,1170,0,12.5,13088
5221.6,1170,0,12.7,13105
5222.6,1170,0,13.4,13097
5223.7,1170,0,12.7,13087
5224.7,1170,0,12.2,13088
5225.7,1171,0,12.3,13067
5226.7,1171,0,12.2,13060
5227.8,1170,0,11.8,13055
5228.8,1186,0,12.5,13068
5229.8,1186,0,11.8,13064
5230.8,1186,0,12.8,13081
5231.9,1186,0,11.8,13089
5232.9,1186,0,12.8,13082
5233.9,1186,0,12.1,13093
5234.9,1186,0,11.8,13087
5236.0,1186,0,12.2,13071
5237.0,1186,0,12.5,13062
5238.0,1186,0,12.9,13042
5239.0,1186,0,15.4,13039
5240.1,1186,0,12.2,13034
5241.1,1186,0,13.1,13041
5242.1,1186,0,12.2,13060
5243.1,1186,0,13.0,13067
5244.2,1186,0,12.0,13064
5245.2,1186,0,12.1,13090
5246.2,1186,0,12.1,13077
5247.3,1186,0,11.6,13065
5248.3,1186,0,13.2,13056
5249.3,1186,0,12.5,13057
5250.3,1186,0,12.1,13044
5251.4,1186,0,12.7,13055
5252.4,1186,0,12.5,13049
5253.4,1186,0,12.0,13056
5254.4,1186,0,12.4,13068
5255.5,1186,0,12.4,13064
5256.5,1186,0,11.8,13073
5257.5,1186,0,12.6,13082
5258.6,1186,0,13.4,13058
5259.6,1186,0,12.3,13057
5260.6,1186,0,12.4,13054
5261.6,1186,0,13.0,13056
5262.7,1186,0,12.5,13058
5263.7,1186,0,13.0,13055
5264.7,1186,0,13.1,13068
5265.7,1186,0,12.8,13071
5266.8,1186,0,12.3,13088
5267.8,1186,0,12.0,13083
5268.8,1186,0,13.5,13066
5269.8,1186,0,12.5,13065
5270.9,1186,0,12.4,13063
5271.9,1186,0,12.5,13059
5272.9,1186,0,12.1,13043
5274.0,1186,0,12.7,13061
5275.0,1186,0,12.2,13067
5276.0,1186,0,14.4,13081
5277.0,1186,0,12.6,13092
5278.1,1186,0,14.4,13086
5279.1,1186,0,13.0,13084
5280.1,1186,0,12.5,13076
5281.1,1186,0,12.5,13070
5282.2,1186,0,12.5,13067
5283.2,1186,0,13.8,13070
5284.2,1186,0,12.2,13067
5285.3,1186,0,11.5,13089
5286.3,1186,0,12.5,13089
5287.3,1186,0,13.1,13099
5288.3,1186,0,12.1,13096
5289.4,1186,0,12.5,13100
5290.4,1186,0,11.4,13111
5291.4,1186,0,12.2,13118
5292.4,1186,0,12.3,13123
5293.5,1186,0,12.2,13136
5294.5,1186,12,12.4,13163
5295.5,1159,0,14.3,13146
5296.5,1162,43,17.2,13131
5297.6,1506,10,18.9,13216
5298.6,1638,35,17.7,13220
5299.6,1638,34,13.4,13203
5300.6,1462,43,16.9,13180
5301.6,1693,0,16.3,13205
5302.7,1853,3,15.9,13261
5303.7,1847,44,17.7,13268
5304.7,1636,36,13.9,13245
5305.7,1658,11,15.1,13234
5306.7,1648,0,13.6,13245
5307.8,1639,0,13.5,13258
5308.8,1638,0,13.2,13260
5309.8,1643,100,14.9,13268
5310.8,1633,2,13.6,13256
5311.9,1659,44,13.8,13257
5312.9,1648,50,12.5,13256
5313.9,1637,0,17.9,13163
5314.9,1637,0,13.6,13207
5315.9,1609,0,12.6,13212
5317.0,1604,0,11.8,13214
5318.0,1604,0,14.5,13122
5319.0,1604,0,13.4,13115
5320.1,1604,0,12.1,13120
5321.1,1604,0,14.6,13120
5322.1,1604,0,12.1,13129
5323.1,1616,74,13.8,13140
5324.2,1610,12,13.7,13142
5325.2,1608,0,12.7,13145
5326.2,1608,0,13.2,13106
5327.2,1608,0,11.7,13107
5328.3,1604,0,12.5,13116
5329.3,1604,0,12.2,13081
5330.3,1604,0,12.0,13085
5331.3,1604,0,12.5,13080
5332.4,1604,0,12.7,13087
5333.4,1604,0,13.4,13067
5334.4,1604,0,12.7,13064
5335.4,1604,0,13.1,13055
5336.5,1604,0,12.1,13055
5337.5,1604,71,13.4,13046
5338.5,1604,33,12.4,13012
5339.5,1604,0,13.8,13018
5340.6,1618,0,13.7,13049
5341.6,1618,4,13.5,13090
5342.6,1610,54,12.9,13070
5343.6,1608,49,14.4,13077
5344.7,1791,45,14.4,13063
5345.7,1797,34,16.4,13073
5346.7,1688,0,13.4,13094
5347.7,1695,41,14.6,13103
5348.8,1688,0,12.5,13119
5349.8,1688,0,15.2,13115
5350.8,1688,0,13.3,13080
5351.8,1688,23,15.4,13093
5352.8,1686,0,13.3,13100
5353.9,1688,53,13.6,13097
5354.9,1688,49,13.7,13095
5355.9,1670,13,13.7,13173
5356.9,1670,0,13.3,13172
5358.0,1688,28,14.4,13146
5359.0,1679,8,14.5,13145
5360.0,1679,0,12.9,13135
5361.0,1679,0,14.7,13143
5362.0,1679,4,13.5,13135
5363.1,1677,0,13.3,13151
5364.1,1645,0,12.7,13161
5365.1,1645,0,12.8,13172
5366.2,1646,34,13.9,13184
5367.2,1646,5,14.3,13182
5368.2,1646,1,14.8,13171
5369.2,1646,13,15.0,13162
5370.3,1646,42,13.4,13198
5371.3,1646,5,14.0,13187
5372.3,1646,0,14.5,13215
5373.3,1645,0,13.5,13219
5374.3,1637,16,14.0,13224
5375.4,1637,8,13.2,13199
5376.4,1613,0,13.6,13160
5377.4,1613,0,12.7,13173
5378.4,1613,0,12.9,13168
5379.5,1613,0,12.9,13162
5380.5,1613,0,13.7,13159
5381.5,1613,0,13.0,13175
5382.6,1613,0,13.1,13163
5383.6,1613,0,13.2,13201
5384.6,1613,0,13.2,13202
5385.6,1613,0,12.1,13177
5386.7,1613,0,12.6,13155
5387.7,1613,0,12.5,13161
5388.7,1613,0,13.3,13163
5389.7,1613,0,13.0,13170
5390.8,1613,0,12.3,13152
5391.8,1613,0,12.0,13150
5392.8,1613,0,13.6,13158
5393.9,1613,0,13.1,13176
5394.9,1613,0,12.3,13193
5395.9,1613,0,13.0,13181
5396.9,1613,0,13.0,13207
5398.0,1613,0,13.9,13177
5399.0,1613,0,12.4,13167
5400.0,1613,0,12.9,13165
5401.1,1613,0,12.6,13156
5402.1,1613,0,11.9,13148
5403.1,1613,0,12.8,13137
5404.1,1613,0,12.2,13141
5405.2,1613,0,12.3,13162
5406.2,1613,0,12.6,13182
5407.2,1613,0,13.4,13166
5408.2,1613,0,12.2,13193
5409.3,1613,0,12.8,13187
5410.3,1613,0,12.9,13175
5411.3,1613,0,12.6,13163
5412.3,1613,0,12.6,13181
5413.4,1613,0,12.1,13199
5414.4,1613,0,12.4,13195
5415.4,1613,0,12.6,13224
5416.5,1613,0,12.7,13205
5417.5,1629,0,12.0,13200
5418.5,1629,0,12.9,13198
5419.5,1629,0,12.2,13189
5420.6,1629,0,12.6,13187
5421.6,1629,0,12.9,13196
5422.6,1604,0,12.5,13183
5423.6,1604,0,13.1,13187
5424.7,1604,0,13.1,13204
5425.7,1604,0,11.5,13210
5426.7,1604,0,13.1,13208
5427.8,1604,0,13.0,13194
5428.8,1604,0,12.5,13184
5429.8,1604,0,12.9,13181
5430.8,1604,0,12.8,13169
5431.9,1604,0,13.0,13163
5432.9,1604,0,12.2,13165
5433.9,1604,0,14.5,13161
5434.9,1604,0,12.5,13190
5436.0,1604,0,11.4,13223
5437.0,1604,0,13.5,13208
5438.0,1604,0,13.2,13210
5439.0,1604,0,12.4,13206
5440.1,1604,0,12.5,13194
5441.1,1604,0,12.9,13185
5442.1,1604,0,12.8,13184
5443.2,1604,0,12.1,13176
5444.2,1604,0,13.4,13172
5445.2,1604,0,12.5,13175
5446.2,1604,0,13.5,13196
5447.3,1604,0,12.7,13194
5448.3,1604,0,12.4,13201
5449.3,1604,0,13.6,13212
5450.3,1604,0,12.3,13196
5451.4,1604,0,13.0,13191
5452.4,1604,0,13.0,13198
5453.4,1604,0,12.8,13196
5454.4,1604,0,13.0,13215
5455.5,1604,0,12.6,13220
5456.5,1604,0,12.6,13224
5457.5,1604,0,12.0,13213
5458.6,1604,0,13.7,13218
5459.6,1604,0,12.1,13218
5460.6,1604,0,12.9,13196
5461.6,1604,0,13.9,13201
5462.7,1604,0,13.0,13173
5463.7,1604,0,12.7,13189
5464.7,1604,0,12.2,13203
5465.7,1604,0,12.6,13212
5466.8,1604,0,12.5,13234
5467.8,1604,0,11.7,13249
5468.8,1604,0,12.2,13243
5469.9,1604,0,11.8,13206
5470.9,1604,0,11.7,13218
5471.9,1604,0,13.0,13213
5472.9,1604,0,11.4,13213
5474.0,1604,0,11.6,13209
5475.0,1604,0,12.1,13223
5476.0,1604,0,11.1,13224
5477.0,1604,0,11.3,13245
5478.1,1604,0,12.0,13238
5479.1,1604,0,11.6,13229
5480.1,1604,0,12.3,13228
5481.2,1604,0,12.8,13240
5482.2,1604,0,11.3,13231
5483.2,1604,0,13.3,13219
5484.2,1604,0,12.2,13229
5485.3,1604,0,13.1,13225
5486.3,1604,0,12.7,13248
5487.3,1604,0,13.2,13259
5488.3,1604,0,12.9,13254
5489.4,1604,0,10.9,13267
5490.4,1604,0,10.2,13254
5491.4,1604,0,10.4,13251
5492.5,1604,0,11.8,13250
5493.5,1604,0,11.8,13242
5494.5,1604,0,12.1,13244
5495.5,1604,0,13.0,13232
5496.6,1604,0,12.1,13253
5497.6,1604,0,11.9,13250
5498.6,1604,0,12.1,13258
5499.6,1604,0,13.0,13274
5500.7,1604,0,12.0,13279
5501.7,1604,0,12.0,13274
5502.7,1604,0,12.4,13283
5503.7,1604,0,13.4,13279
5504.8,1604,0,12.1,13273
5505.8,1604,0,12.6,13272
5506.8,1604,0,11.9,13272
5507.8,1604,0,14.0,13260
5508.9,1604,0,12.0,13248
5509.9,1604,0,11.6,13248
5510.9,1604,0,12.3,13254
5512.0,1604,0,12.6,13256
5513.0,1604,0,12.1,13259
5514.0,1604,0,12.2,13251
5515.0,1604,0,13.8,13274
5516.1,1604,0,12.3,13296
5517.1,1604,0,12.4,13309
5518.1,1604,0,12.2,13308
5519.1,1604,0,12.8,13290
5520.2,1604,0,12.1,13306
5521.2,1604,0,13.6,13315
5522.2,1604,0,12.8,13334
5523.3,1604,0,12.5,13361
5524.3,1604,0,13.0,13354
5525.3,1604,0,13.1,13354
5526.3,1604,0,13.1,13348
5527.4,1604,0,11.9,13345
5528.4,1604,0,11.8,13344
5529.4,1604,0,12.2,13340
5530.4,1604,0,12.3,13346
5531.5,1604,0,11.9,13347
5532.5,1604,0,12.8,13366
5533.5,1604,0,11.9,13358
5534.6,1604,0,13.1,13369
5535.6,1604,0,13.4,13366
5536.6,1604,0,12.4,13350
5537.6,1604,0,14.4,13357
5538.7,1604,0,13.3,13382
5539.7,1604,0,13.3,13377
5540.7,1604,0,13.2,13379
5541.7,1604,0,14.1,13384
5542.8,1604,0,13.2,13386
5543.8,1604,0,13.1,13394
5544.8,1604,0,12.9,13394
5545.8,1604,0,13.7,13381
5546.9,1604,0,13.3,13359
5547.9,1604,0,13.0,13385
5548.9,1604,0,13.9,13385
5550.0,1604,0,12.5,13399
5551.0,1604,0,14.2,13406
5552.0,1604,0,13.7,13422
5553.0,1604,0,12.6,13376
5554.1,1604,0,12.6,13404
5555.1,1604,0,13.3,13399
5556.1,1604,0,14.4,13379
5557.2,1604,0,12.4,13390
5558.2,1604,0,13.1,13376
5559.2,1604,0,13.3,13342
5560.2,1604,0,13.0,13357
5561.3,1604,0,12.6,13368
5562.3,1604,0,13.4,13354
5563.3,1604,0,12.8,13355
5564.3,1604,0,13.0,13357
5565.4,1604,0,13.5,13369
5566.4,1604,0,12.5,13363
5567.4,1604,0,13.8,13367
5568.5,1604,0,14.0,13375
5569.5,1604,0,13.5,13368
5570.5,1604,0,12.4,13381
5571.5,1604,0,12.5,13384
5572.6,1604,0,13.1,13387
5573.6,1604,0,11.8,13382
5574.6,1604,0,12.4,13377
5575.7,1604,0,13.1,13391
5576.7,1604,0,12.3,13383
5577.7,1604,0,12.9,13386
5578.7,1604,0,14.2,13378
5579.8,1604,0,13.0,13385
5580.8,1604,0,12.7,13409
5581.8,1604,0,13.3,13415
5582.8,1604,0,12.4,13409
5583.9,1604,0,11.7,13403
5584.9,1604,0,12.7,13400
5585.9,1604,0,12.5,13402
5587.0,1604,0,13.3,13390
5588.0,1604,0,13.6,13381
5589.0,1604,0,12.3,13364
5590.0,1604,0,13.7,13370
5591.1,1604,0,13.1,13375
5592.1,1604,0,13.9,13361
5593.1,1604,0,12.2,13363
5594.1,1604,0,13.2,13368
5595.2,1604,0,13.0,13398
5596.2,1604,0,12.7,13401
5597.2,1517,8,13.2,13378
5598.3,1517,0,12.6,13375
5599.3,1517,0,13.3,13389
5600.3,1517,0,13.5,13393
5601.3,1517,0,12.7,13396
5602.4,1517,0,12.9,13418
5603.4,1517,0,13.3,13413
5604.4,1517,0,12.8,13427
5605.5,1517,0,13.3,13422
5606.5,1517,0,13.6,13421
5607.5,1517,0,12.0,13420
5608.5,1517,0,13.7,13402
5609.6,1517,0,13.5,13392
5610.6,1517,0,13.0,13406
5611.6,1517,0,12.4,13417
5612.6,1517,0,12.3,13413
5613.7,1517,0,12.9,13418
5614.7,1517,0,13.0,13422
5615.7,1517,0,13.0,13414
5616.7,1517,0,13.0,13403
5617.8,1517,0,12.6,13402
5618.8,1517,0,13.8,13391
5619.8,1517,0,12.2,13391
5620.9,1517,0,13.2,13391
5621.9,1517,0,13.9,13413
5622.9,1517,0,14.3,13430
5623.9,1517,0,13.2,13444
5625.0,1517,0,13.5,13440
5626.0,1517,0,12.9,13418
5627.0,1517,0,12.9,13425
5628.0,1517,0,12.9,13417
5629.1,1517,0,12.9,13410
5630.1,1517,0,12.7,13413
5631.1,1517,0,13.6,13430
5632.2,1517,0,13.8,13454
5633.2,1517,0,13.7,13467
5634.2,1517,0,13.1,13467
5635.2,1517,0,12.5,13449
5636.3,1517,0,13.0,13452
5637.3,1517,0,13.6,13450
5638.3,1517,0,12.8,13476
5639.3,1517,0,12.9,13478
5640.4,1517,0,13.7,13496
5641.4,1517,0,13.4,13485
5642.4,1517,0,13.4,13496
5643.5,1517,0,13.1,13473
5644.5,1517,0,12.0,13471
5645.5,1517,0,13.2,13476
5646.5,1517,0,13.6,13465
5647.6,1517,0,12.2,13463
5648.6,1517,0,12.3,13485
5649.6,1517,0,12.7,13485
5650.6,1517,0,13.6,13497
5651.7,1517,0,12.9,13513
5652.7,1517,0,11.9,13502
5653.7,1517,0,12.9,13504
5654.8,1517,0,13.0,13488
5655.8,1517,0,12.6,13477
5656.8,1517,0,13.4,13465
5657.8,1517,0,13.3,13453
5658.9,1517,0,13.1,13445
5659.9,1517,0,13.1,13433
5660.9,1517,0,13.2,13425
5661.9,1517,0,12.3,13433
5663.0,1517,0,12.2,13462
5664.0,1517,0,12.3,13465
5665.0,1517,0,11.9,13487
5666.1,1517,0,12.7,13484
5667.1,1517,0,13.6,13487
5668.1,1517,0,13.5,13486
5669.1,1517,0,13.9,13490
5670.2,1517,0,12.9,13497
5671.2,1517,0,12.6,13496
5672.2,1517,0,12.5,13499
5673.3,1517,0,12.9,13508
5674.3,1517,0,13.2,13511
5675.3,1517,0,12.7,13511
5676.3,1517,0,12.2,13504
5677.4,1517,0,12.3,13502
5678.4,1517,0,12.5,13504
5679.4,1517,0,13.5,13492
5680.4,1517,0,11.4,13492
5681.5,1517,0,12.7,13491
5682.5,1517,0,13.1,13498
5683.5,1517,0,12.8,13522
5684.6,1517,0,13.1,13518
5685.6,1517,0,12.5,13511
5686.6,1517,0,11.9,13502
5687.6,1517,0,13.1,13503
5688.7,1517,0,12.4,13512
5689.7,946,0,13.2,14019
5690.7,946,0,12.0,14024
5691.7,946,0,11.4,14026
5692.8,946,0,11.4,14027
5693.8,946,78,13.6,14010
5694.8,971,2,13.7,14020
5695.8,971,0,13.9,14059
5696.8,965,0,14.8,14041
5697.9,965,0,14.9,14054
5698.9,965,0,13.1,14076
5699.9,965,96,12.6,14069
5700.9,965,19,13.3,14074
5701.9,965,21,13.5,14067
5703.0,963,6,12.5,14068
5704.0,963,0,13.8,14068
5705.0,963,4,11.4,14064
5706.0,931,2,12.3,14082
5707.1,931,0,12.0,14082
5708.1,931,0,12.1,14086
5709.1,931,0,12.2,14107
5710.1,931,0,12.6,14102
5711.2,931,0,11.6,14102
5712.2,931,0,12.4,14083
5713.2,931,0,11.9,14096
5714.2,931,0,11.6,14077
5715.3,931,0,12.3,14075
5716.3,931,0,11.6,14076
5717.3,947,32,12.1,14090
5718.4,947,0,13.3,14090
5719.4,947,0,12.7,14132
5720.4,947,0,11.9,14142
5721.4,947,0,12.3,14156
5722.5,947,0,12.6,14143
5723.5,947,33,13.0,14097
5724.5,947,0,11.0,14083
5725.5,947,0,11.9,14080
5726.6,947,0,12.7,14083
5727.6,947,0,12.2,14084
5728.6,947,0,11.1,14090
5729.7,947,0,14.0,14079
5730.7,947,0,12.0,14070
5731.7,947,0,12.7,14062
5732.7,947,0,11.5,14058
5733.8,947,0,11.4,14054
5734.8,947,0,12.3,14067
5735.8,947,0,14.2,14083
5736.9,947,0,11.7,14097
5737.9,947,0,12.7,14113
5738.9,947,0,13.1,14087
5739.9,947,0,11.4,14086
5741.0,947,0,11.9,14088
5742.0,947,0,12.4,14103
5743.0,947,0,12.0,14083
5744.0,947,0,12.8,14075
5745.1,947,0,12.8,14077
5746.1,947,0,12.1,14070
5747.1,947,0,12.5,14069
5748.2,947,0,12.5,14065
5749.2,947,0,12.7,14059
5750.2,947,0,11.5,14052
5751.2,947,0,14.2,14057
5752.3,947,0,11.3,14083
5753.3,947,0,11.5,14080
5754.3,952,0,12.7,14078
5755.3,952,0,11.7,14066
5756.4,952,0,12.5,14088
5757.4,952,0,12.1,14100
5758.4,952,0,13.0,14096
5759.5,951,0,12.4,14089
5760.5,951,0,12.1,14077
5761.5,951,0,11.0,14075
5762.5,951,0,11.6,14065
5763.6,951,0,12.2,14087
5764.6,951,0,12.7,14112
5765.6,951,0,12.8,14135
5766.6,951,0,11.9,14136
5767.7,951,0,11.9,14145
5768.7,951,0,11.8,14114
5769.7,951,0,12.4,14106
5770.8,951,0,11.9,14108
5771.8,951,0,12.7,14102
5772.8,951,0,11.2,14114
5773.8,951,0,12.1,14112
5774.9,951,0,12.1,14104
5775.9,951,0,11.8,14128
5776.9,951,57,12.3,14134
5777.9,951,0,12.1,14146
5779.0,951,0,12.0,14148
5780.0,951,0,12.3,14125
5781.0,951,0,12.0,14108
5782.0,951,0,11.6,14118
5783.1,951,0,13.2,14111
5784.1,952,0,12.7,14118
5785.1,952,0,11.2,14128
5786.2,952,0,12.0,14133
5787.2,952,0,12.2,14142
5788.2,952,0,11.6,14142
5789.2,951,0,11.7,14162
5790.3,951,0,11.7,14156
5791.3,951,0,12.6,14158
5792.3,951,0,13.1,14146
5793.3,951,0,11.3,14144
5794.4,951,0,11.5,14135
5795.4,951,0,11.8,14138
5796.4,951,0,11.7,14117
5797.4,951,0,12.0,14117
5798.5,951,0,12.1,14164
5799.5,951,0,12.0,14180
5800.5,951,0,12.1,14165
5801.6,951,0,11.1,14162
5802.6,960,82,13.5,14166
5803.6,1032,18,17.2,14158
5804.6,994,33,12.4,14164
5805.6,992,0,12.0,14152
5806.7,993,0,13.1,14146
5807.7,993,7,11.3,14134
5808.7,1007,21,14.0,14140
5809.7,1007,0,14.6,14143
5810.7,1006,0,12.3,14158
5811.8,1006,0,11.9,14174
5812.8,1007,0,12.0,14180
5813.8,1007,0,10.7,14184
5814.8,990,0,12.3,14174
5815.9,991,0,11.8,14159
5816.9,991,0,12.1,14153
5817.9,1018,94,13.4,14149
5818.9,1025,43,14.7,14155
5819.9,1024,24,13.0,14140
5821.0,1110,34,15.4,14167
5822.0,1056,48,13.2,14154
5823.0,1056,0,12.3,14153
5824.0,1054,3,15.3,14165
5825.1,1053,39,14.2,14185
5826.1,1049,24,14.3,14174
5827.1,1123,16,17.2,14171
5828.1,1106,0,13.2,14179
5829.1,1105,0,13.2,14172
5830.2,1104,0,12.3,14171
5831.2,1109,0,13.4,14176
5832.2,1104,0,12.2,14201
5833.2,1104,0,12.0,14192
5834.3,1104,6,12.4,14182
5835.3,1103,0,11.7,14189
5836.3,1090,0,14.6,14192
5837.3,1090,13,13.5,14189
5838.3,1123,7,15.4,14201
5839.4,1098,0,13.4,14183
5840.4,1095,11,12.2,14181
5841.4,1116,0,13.4,14179
5842.4,1116,0,13.5,14208
5843.4,1116,0,11.7,14239
5844.5,1102,0,11.6,14232
5845.5,1115,0,12.5,14215
5846.5,1115,34,15.3,14215
5847.5,1115,14,14.9,14229
5848.6,1115,17,12.0,14223
5849.6,1119,10,13.7,14215
5850.6,1119,54,14.9,14211
5851.6,1119,0,12.8,14198
5852.6,1119,0,14.8,14202
5853.7,1119,39,14.0,14194
5854.7,1109,0,12.8,14207
5855.7,1093,0,12.9,14216
5856.7,1093,13,11.4,14223
5857.7,1092,0,12.2,14252
5858.8,1092,0,11.4,14256
5859.8,1092,0,12.0,14274
5860.8,1109,54,14.0,14250
5861.8,1109,22,14.0,14232
5862.8,1117,20,13.3,14245
5863.9,1116,20,14.2,14245
5864.9,1086,6,11.6,14262
5865.9,1086,0,14.3,14289
5866.9,1070,0,12.5,14301
5868.0,1054,0,11.9,14283
5869.0,1054,0,12.0,14292
5870.0,1054,0,11.6,14275
5871.0,1078,45,12.4,14261
5872.1,1100,98,12.8,14266
5873.1,1078,0,12.0,14265
5874.1,1076,0,11.5,14260
5875.1,1075,0,11.7,14297
5876.1,1075,0,11.8,14295
5877.2,1075,0,10.9,14299
5878.2,1100,81,12.3,14307
5879.2,1113,6,13.9,14301
5880.2,1107,44,13.5,14292
5881.2,1107,0,11.9,14295
5882.3,1097,3,11.5,14289
5883.3,1091,0,12.1,14289
5884.3,1089,0,11.2,14286
5885.3,1089,0,11.3,14273
5886.3,1071,0,11.1,14266
5887.4,1055,0,11.2,14277
5888.4,1055,0,10.2,14299
5889.4,1055,0,12.5,14308
5890.4,1055,0,11.1,14322
5891.5,1071,0,10.1,14317
5892.5,1071,0,10.4,14302
5893.5,1071,0,11.3,14301
5894.6,1071,0,10.0,14296
5895.6,1071,0,11.9,14293
5896.6,1071,0,10.9,14320
5897.6,1071,20,10.4,14314
5898.7,1071,0,11.1,14326
5899.7,1071,0,11.2,14332
5900.7,1071,0,10.8,14323
5901.7,1071,0,10.5,14331
5902.8,1071,12,11.3,14321
5903.8,1097,16,13.3,14301
5904.8,1097,6,11.1,14309
5905.8,1097,0,10.7,14309
5906.8,1095,0,10.7,14321
5907.9,1095,0,11.9,14310
5908.9,1095,100,11.8,14318
5909.9,1128,58,12.9,14341
5911.0,1154,30,13.7,14350
5912.0,1147,31,17.3,14356
5913.0,1136,37,13.6,14350
5914.0,1116,21,12.6,14332
5915.0,1226,43,16.4,14334
5916.1,1183,9,13.5,14354
5917.1,1156,23,12.5,14355
5918.1,1155,0,10.7,14355
5919.1,1155,0,11.5,14358
5920.1,1138,0,11.4,14367
5921.2,1122,14,11.7,14356
5922.2,1122,13,11.9,14356
5923.2,1122,29,11.6,14356
5924.2,1122,39,11.8,14354
5925.2,1122,0,12.9,14357
5926.3,1122,50,12.4,14382
5927.3,1122,20,13.4,14364
5928.3,1122,15,13.5,14352
5929.3,1134,39,12.6,14326
5930.3,1133,0,10.6,14338
5931.4,1121,0,10.1,14346
5932.4,1121,0,12.0,14345
5933.4,1121,0,11.6,14346
5934.4,1121,0,12.1,14354
5935.5,1121,0,11.8,14364
5936.5,1121,0,10.9,14365
5937.5,1121,0,10.7,14382
5938.6,1121,0,12.1,14380
5939.6,1121,0,11.5,14395
5940.6,1121,0,11.0,14384
5941.6,1121,0,10.7,14372
5942.7,1121,0,12.3,14374
5943.7,1121,0,12.1,14370
5944.7,1121,0,12.0,14381
5945.7,1121,0,10.7,14373
5946.8,1121,0,10.7,14365
5947.8,1121,0,11.3,14376
5948.8,1121,0,10.9,14369
5949.9,1121,0,11.9,14365
5950.9,1121,0,10.5,14378
5951.9,1121,0,11.3,14383
5952.9,1121,0,10.9,14397
5954.0,1121,0,10.8,14406
5955.0,1121,0,11.9,14402
5956.0,1121,0,11.2,14407
5957.0,1137,40,11.3,14421
5958.1,1137,0,11.9,14420
5959.1,1137,0,12.9,14425
5960.1,1137,0,11.2,14411
5961.2,1137,0,12.0,14413
5962.2,1137,0,12.9,14423
5963.2,1137,0,12.1,14418
5964.3,1137,0,11.2,14407
5965.3,1137,0,11.6,14379
5966.3,1137,0,11.9,14378
5967.3,1137,0,11.4,14374
5968.4,1137,0,12.4,14400
5969.4,1137,0,11.3,14396
5970.4,1137,0,11.3,14406
5971.4,1137,0,12.2,14390
5972.5,1137,0,11.6,14391
5973.5,1137,0,13.9,14370
5974.5,1137,0,11.8,14382
5975.6,1137,0,12.1,14396
5976.6,1137,0,11.0,14378
5977.6,1137,0,11.6,14387
5978.6,1137,0,11.7,14380
5979.7,1137,0,11.5,14398
5980.7,1137,0,12.0,14394
5981.7,1137,0,12.9,14396
5982.7,1137,0,13.6,14397
5983.8,1137,0,13.5,14429
5984.8,1137,0,11.9,14420
5985.8,1137,0,11.8,14401
5986.9,1137,0,11.8,14409
5987.9,1137,0,11.5,14403
5988.9,1137,0,12.7,14429
5989.9,1137,0,12.2,14414
5991.0,1137,0,11.8,14424
5992.0,1137,0,12.3,14428
5993.0,1137,0,11.4,14427
5994.1,1137,0,11.6,14426
5995.1,1137,0,12.7,14441
5996.1,1137,0,12.2,14429
5997.1,1137,0,12.5,14418
5998.2,1137,0,12.6,14405
5999.2,1137,0,12.0,14405
6000.2,1137,0,12.1,14421
6001.2,1137,0,12.4,14447
6002.3,1137,0,11.6,14455
6003.3,1137,0,12.9,14443
6004.3,1137,0,12.6,14435
6005.3,1137,0,13.8,14431
6006.4,1137,0,12.8,14420
6007.4,1137,0,12.7,14408
6008.4,1137,0,12.3,14424
6009.5,1137,0,13.2,14415
6010.5,1137,0,12.6,14425
6011.5,1137,0,12.1,14433
6012.5,1137,0,12.2,14429
6013.6,1137,0,13.2,14433
6014.6,1137,0,12.5,14454
6015.6,1137,0,13.7,14451
6016.6,1137,0,12.2,14439
6017.7,1137,0,12.7,14436
6018.7,1137,0,13.1,14429
6019.7,1137,0,12.6,14451
6020.8,1137,0,12.4,14454
6021.8,1137,0,12.7,14454
6022.8,1137,0,12.3,14444
6023.8,1137,0,12.6,14464
6024.9,1137,0,13.3,14451
6025.9,1137,0,13.1,14452
6026.9,1137,0,12.2,14456
6027.9,1137,0,11.8,14465
6029.0,1137,0,13.1,14491
6030.0,1137,0,12.5,14489
6031.0,1137,0,12.4,14495
6032.1,1137,0,14.3,14504
6033.1,1137,0,12.4,14488
6034.1,1137,0,13.3,14488
6035.2,1137,0,12.7,14488
6036.2,1137,0,12.2,14495
6037.2,1137,0,13.0,14502
6038.2,1137,0,12.9,14540
6039.3,1137,0,12.7,14535
6040.3,1137,0,13.4,14534
6041.3,1137,0,13.1,14552
6042.4,1137,0,10.2,7762
