1403637130.538319111 -0.000000000000000000e+00 -0.000000000000000000e+00 -0.000000000000000000e+00 -0.000000000000000000e+00 -0.000000000000000000e+00 -0.000000000000000000e+00 1.000000000000000000e+00
1403637130.588319063 -0.000000000000000000e+00 -0.000000000000000000e+00 -0.000000000000000000e+00 -0.000000000000000000e+00 -0.000000000000000000e+00 -0.000000000000000000e+00 1.000000000000000000e+00
1403637130.638319016 -0.000000000000000000e+00 -0.000000000000000000e+00 -0.000000000000000000e+00 -0.000000000000000000e+00 -0.000000000000000000e+00 -0.000000000000000000e+00 1.000000000000000000e+00
1403637130.688318968 -0.000000000000000000e+00 -0.000000000000000000e+00 -0.000000000000000000e+00 -0.000000000000000000e+00 -0.000000000000000000e+00 -0.000000000000000000e+00 1.000000000000000000e+00
1403637130.738319159 -0.000000000000000000e+00 -0.000000000000000000e+00 -0.000000000000000000e+00 -0.000000000000000000e+00 -0.000000000000000000e+00 -0.000000000000000000e+00 1.000000000000000000e+00
1403637130.788318872 -0.000000000000000000e+00 -0.000000000000000000e+00 -0.000000000000000000e+00 -0.000000000000000000e+00 -0.000000000000000000e+00 -0.000000000000000000e+00 1.000000000000000000e+00
1403637130.838319063 -0.000000000000000000e+00 -0.000000000000000000e+00 -0.000000000000000000e+00 -0.000000000000000000e+00 -0.000000000000000000e+00 -0.000000000000000000e+00 1.000000000000000000e+00
1403637130.888319016 -0.000000000000000000e+00 -0.000000000000000000e+00 -0.000000000000000000e+00 -0.000000000000000000e+00 -0.000000000000000000e+00 -0.000000000000000000e+00 1.000000000000000000e+00
1403637130.938319206 -0.000000000000000000e+00 -0.000000000000000000e+00 -0.000000000000000000e+00 -0.000000000000000000e+00 -0.000000000000000000e+00 -0.000000000000000000e+00 1.000000000000000000e+00
1403637130.988318920 -0.000000000000000000e+00 -0.000000000000000000e+00 -0.000000000000000000e+00 -0.000000000000000000e+00 -0.000000000000000000e+00 -0.000000000000000000e+00 1.000000000000000000e+00
1403637131.038319111 -0.000000000000000000e+00 -0.000000000000000000e+00 -0.000000000000000000e+00 -0.000000000000000000e+00 -0.000000000000000000e+00 -0.000000000000000000e+00 1.000000000000000000e+00
1403637131.088319063 -0.000000000000000000e+00 -0.000000000000000000e+00 -0.000000000000000000e+00 -0.000000000000000000e+00 -0.000000000000000000e+00 -0.000000000000000000e+00 1.000000000000000000e+00
1403637131.138319016 -0.000000000000000000e+00 -0.000000000000000000e+00 -0.000000000000000000e+00 -0.000000000000000000e+00 -0.000000000000000000e+00 -0.000000000000000000e+00 1.000000000000000000e+00
1403637131.188318968 -0.000000000000000000e+00 -0.000000000000000000e+00 -0.000000000000000000e+00 -0.000000000000000000e+00 -0.000000000000000000e+00 -0.000000000000000000e+00 1.000000000000000000e+00
1403637131.238319159 -0.000000000000000000e+00 -0.000000000000000000e+00 -0.000000000000000000e+00 -0.000000000000000000e+00 -0.000000000000000000e+00 -0.000000000000000000e+00 1.000000000000000000e+00
1403637131.288318872 -0.000000000000000000e+00 -0.000000000000000000e+00 -0.000000000000000000e+00 -0.000000000000000000e+00 -0.000000000000000000e+00 -0.000000000000000000e+00 1.000000000000000000e+00
1403637131.338319063 -0.000000000000000000e+00 -0.000000000000000000e+00 -0.000000000000000000e+00 -0.000000000000000000e+00 -0.000000000000000000e+00 -0.000000000000000000e+00 1.000000000000000000e+00
1403637131.388319016 -0.000000000000000000e+00 -0.000000000000000000e+00 -0.000000000000000000e+00 -0.000000000000000000e+00 -0.000000000000000000e+00 -0.000000000000000000e+00 1.000000000000000000e+00
1403637131.438319206 -0.000000000000000000e+00 -0.000000000000000000e+00 -0.000000000000000000e+00 -0.000000000000000000e+00 -0.000000000000000000e+00 -0.000000000000000000e+00 1.000000000000000000e+00
1403637131.488318920 -0.000000000000000000e+00 -0.000000000000000000e+00 -0.000000000000000000e+00 -0.000000000000000000e+00 -0.000000000000000000e+00 -0.000000000000000000e+00 1.000000000000000000e+00
1403637131.538319111 -0.000000000000000000e+00 -0.000000000000000000e+00 -0.000000000000000000e+00 -0.000000000000000000e+00 -0.000000000000000000e+00 -0.000000000000000000e+00 1.000000000000000000e+00
1403637131.588319063 -0.000000000000000000e+00 -0.000000000000000000e+00 -0.000000000000000000e+00 -0.000000000000000000e+00 -0.000000000000000000e+00 -0.000000000000000000e+00 1.000000000000000000e+00
1403637131.638319016 -0.000000000000000000e+00 -0.000000000000000000e+00 -0.000000000000000000e+00 -0.000000000000000000e+00 -0.000000000000000000e+00 -0.000000000000000000e+00 1.000000000000000000e+00
1403637131.688318968 -0.000000000000000000e+00 -0.000000000000000000e+00 -0.000000000000000000e+00 -0.000000000000000000e+00 -0.000000000000000000e+00 -0.000000000000000000e+00 1.000000000000000000e+00
1403637131.738319159 -0.000000000000000000e+00 -0.000000000000000000e+00 -0.000000000000000000e+00 -0.000000000000000000e+00 -0.000000000000000000e+00 -0.000000000000000000e+00 1.000000000000000000e+00
1403637131.788318872 -0.000000000000000000e+00 -0.000000000000000000e+00 -0.000000000000000000e+00 -0.000000000000000000e+00 -0.000000000000000000e+00 -0.000000000000000000e+00 1.000000000000000000e+00
1403637131.838319063 -0.000000000000000000e+00 -0.000000000000000000e+00 -0.000000000000000000e+00 -0.000000000000000000e+00 -0.000000000000000000e+00 -0.000000000000000000e+00 1.000000000000000000e+00
1403637131.888319016 -0.000000000000000000e+00 -0.000000000000000000e+00 -0.000000000000000000e+00 -0.000000000000000000e+00 -0.000000000000000000e+00 -0.000000000000000000e+00 1.000000000000000000e+00
1403637131.938319206 -0.000000000000000000e+00 -0.000000000000000000e+00 -0.000000000000000000e+00 -0.000000000000000000e+00 -0.000000000000000000e+00 -0.000000000000000000e+00 1.000000000000000000e+00
1403637131.988318920 -0.000000000000000000e+00 -0.000000000000000000e+00 -0.000000000000000000e+00 -0.000000000000000000e+00 -0.000000000000000000e+00 -0.000000000000000000e+00 1.000000000000000000e+00
1403637132.038319111 -0.000000000000000000e+00 -0.000000000000000000e+00 -0.000000000000000000e+00 -0.000000000000000000e+00 -0.000000000000000000e+00 -0.000000000000000000e+00 1.000000000000000000e+00
1403637132.088319063 -0.000000000000000000e+00 -0.000000000000000000e+00 -0.000000000000000000e+00 -0.000000000000000000e+00 -0.000000000000000000e+00 -0.000000000000000000e+00 1.000000000000000000e+00
1403637132.138319016 -0.000000000000000000e+00 -0.000000000000000000e+00 -0.000000000000000000e+00 -0.000000000000000000e+00 -0.000000000000000000e+00 -0.000000000000000000e+00 1.000000000000000000e+00
1403637132.188318968 -0.000000000000000000e+00 -0.000000000000000000e+00 -0.000000000000000000e+00 -0.000000000000000000e+00 -0.000000000000000000e+00 -0.000000000000000000e+00 1.000000000000000000e+00
1403637132.238319159 -0.000000000000000000e+00 -0.000000000000000000e+00 -0.000000000000000000e+00 -0.000000000000000000e+00 -0.000000000000000000e+00 -0.000000000000000000e+00 1.000000000000000000e+00
1403637132.288318872 -0.000000000000000000e+00 -0.000000000000000000e+00 -0.000000000000000000e+00 -0.000000000000000000e+00 -0.000000000000000000e+00 -0.000000000000000000e+00 1.000000000000000000e+00
1403637132.338319063 -0.000000000000000000e+00 -0.000000000000000000e+00 -0.000000000000000000e+00 -0.000000000000000000e+00 -0.000000000000000000e+00 -0.000000000000000000e+00 1.000000000000000000e+00
1403637132.388319016 -0.000000000000000000e+00 -0.000000000000000000e+00 -0.000000000000000000e+00 -0.000000000000000000e+00 -0.000000000000000000e+00 -0.000000000000000000e+00 1.000000000000000000e+00
1403637132.438319206 -0.000000000000000000e+00 -0.000000000000000000e+00 -0.000000000000000000e+00 -0.000000000000000000e+00 -0.000000000000000000e+00 -0.000000000000000000e+00 1.000000000000000000e+00
1403637132.488318920 -0.000000000000000000e+00 -0.000000000000000000e+00 -0.000000000000000000e+00 -0.000000000000000000e+00 -0.000000000000000000e+00 -0.000000000000000000e+00 1.000000000000000000e+00
1403637132.538319111 -0.000000000000000000e+00 -0.000000000000000000e+00 -0.000000000000000000e+00 -0.000000000000000000e+00 -0.000000000000000000e+00 -0.000000000000000000e+00 1.000000000000000000e+00
1403637132.588319063 -0.000000000000000000e+00 -0.000000000000000000e+00 -0.000000000000000000e+00 -0.000000000000000000e+00 -0.000000000000000000e+00 -0.000000000000000000e+00 1.000000000000000000e+00
1403637132.638319016 -0.000000000000000000e+00 -0.000000000000000000e+00 -0.000000000000000000e+00 -0.000000000000000000e+00 -0.000000000000000000e+00 -0.000000000000000000e+00 1.000000000000000000e+00
1403637132.688318968 -0.000000000000000000e+00 -0.000000000000000000e+00 -0.000000000000000000e+00 -0.000000000000000000e+00 -0.000000000000000000e+00 -0.000000000000000000e+00 1.000000000000000000e+00
1403637132.738319159 -0.000000000000000000e+00 -0.000000000000000000e+00 -0.000000000000000000e+00 -0.000000000000000000e+00 -0.000000000000000000e+00 -0.000000000000000000e+00 1.000000000000000000e+00
1403637132.788318872 -0.000000000000000000e+00 -0.000000000000000000e+00 -0.000000000000000000e+00 -0.000000000000000000e+00 -0.000000000000000000e+00 -0.000000000000000000e+00 1.000000000000000000e+00
1403637132.838319063 -0.000000000000000000e+00 -0.000000000000000000e+00 -0.000000000000000000e+00 -0.000000000000000000e+00 -0.000000000000000000e+00 -0.000000000000000000e+00 1.000000000000000000e+00
1403637132.888319016 -0.000000000000000000e+00 -0.000000000000000000e+00 -0.000000000000000000e+00 -0.000000000000000000e+00 -0.000000000000000000e+00 -0.000000000000000000e+00 1.000000000000000000e+00
1403637132.938319206 -0.000000000000000000e+00 -0.000000000000000000e+00 -0.000000000000000000e+00 -0.000000000000000000e+00 -0.000000000000000000e+00 -0.000000000000000000e+00 1.000000000000000000e+00
1403637132.988318920 -0.000000000000000000e+00 -0.000000000000000000e+00 -0.000000000000000000e+00 -0.000000000000000000e+00 -0.000000000000000000e+00 -0.000000000000000000e+00 1.000000000000000000e+00
1403637133.038319111 -0.000000000000000000e+00 -0.000000000000000000e+00 -0.000000000000000000e+00 -0.000000000000000000e+00 -0.000000000000000000e+00 -0.000000000000000000e+00 1.000000000000000000e+00
1403637133.088319063 -0.000000000000000000e+00 -0.000000000000000000e+00 -0.000000000000000000e+00 -0.000000000000000000e+00 -0.000000000000000000e+00 -0.000000000000000000e+00 1.000000000000000000e+00
1403637133.138319016 -0.000000000000000000e+00 -0.000000000000000000e+00 -0.000000000000000000e+00 -0.000000000000000000e+00 -0.000000000000000000e+00 -0.000000000000000000e+00 1.000000000000000000e+00
1403637133.188318968 3.336783556733280420e-04 -1.017632707953453064e-02 -1.157605741173028946e-02 2.029929310083389282e-03 -6.031416705809533596e-04 1.463200780563056469e-03 9.999967217445373535e-01
1403637133.238319159 3.336783556733280420e-04 -1.017632707953453064e-02 -1.157605741173028946e-02 2.029929310083389282e-03 -6.031416705809533596e-04 1.463200780563056469e-03 9.999967217445373535e-01
1403637133.288318872 3.336783556733280420e-04 -1.017632707953453064e-02 -1.157605741173028946e-02 2.029929310083389282e-03 -6.031416705809533596e-04 1.463200780563056469e-03 9.999967217445373535e-01
1403637133.338319063 8.282751776278018951e-03 -3.134342655539512634e-02 -2.439523115754127502e-02 2.392518799751996994e-04 4.892298020422458649e-03 -5.078030284494161606e-03 9.999751448631286621e-01
1403637133.388319016 1.164070423692464828e-02 -5.163997039198875427e-02 -3.212717175483703613e-02 -1.565696555189788342e-03 8.481130003929138184e-03 -5.162943154573440552e-03 9.999495148658752441e-01
1403637133.438319206 1.371888443827629089e-02 -7.070880383253097534e-02 -3.991271927952766418e-02 -4.457437898963689804e-03 1.113042887300252914e-02 -4.717939998954534531e-03 9.999170303344726562e-01
1403637133.488318920 1.371888443827629089e-02 -7.070880383253097534e-02 -3.991271927952766418e-02 -4.457437898963689804e-03 1.113042887300252914e-02 -4.717939998954534531e-03 9.999170303344726562e-01
1403637133.538319111 1.760851591825485229e-02 -9.533753991127014160e-02 -5.220533907413482666e-02 -1.376216113567352295e-02 1.274748053401708603e-02 -2.016626764088869095e-03 9.998220205307006836e-01
1403637133.588319063 1.760851591825485229e-02 -9.533753991127014160e-02 -5.220533907413482666e-02 -1.376216113567352295e-02 1.274748053401708603e-02 -2.016626764088869095e-03 9.998220205307006836e-01
1403637133.638319016 3.245730698108673096e-02 -1.181601658463478088e-01 -5.953927338123321533e-02 -2.147925458848476410e-02 1.741129718720912933e-02 3.749014285858720541e-04 9.996176362037658691e-01
1403637133.688318968 4.215274378657341003e-02 -1.397543251514434814e-01 -6.904716044664382935e-02 -2.312960103154182434e-02 2.016805671155452728e-02 -9.002004517242312431e-04 9.995286464691162109e-01
1403637133.738319159 5.084427073597908020e-02 -1.748850643634796143e-01 -8.373971283435821533e-02 -2.397267520427703857e-02 2.225383184850215912e-02 -1.397922285832464695e-03 9.994639754295349121e-01
1403637133.788318872 5.650974437594413757e-02 -2.221513986587524414e-01 -1.024287864565849304e-01 -2.382156252861022949e-02 2.516494691371917725e-02 -1.448364113457500935e-03 9.993984103202819824e-01
1403637133.838319063 6.205174326896667480e-02 -2.889024913311004639e-01 -1.208474710583686829e-01 -2.523446641862392426e-02 3.034579940140247345e-02 -1.045675133354961872e-03 9.992203712463378906e-01
1403637133.888319016 6.499419361352920532e-02 -3.765143156051635742e-01 -1.430528312921524048e-01 -2.826280705630779266e-02 3.552224114537239075e-02 6.431428482756018639e-05 9.989691972732543945e-01
1403637133.938319206 6.362915784120559692e-02 -4.835377335548400879e-01 -1.698380410671234131e-01 -3.061512857675552368e-02 3.891157358884811401e-02 1.937347231432795525e-03 9.987717270851135254e-01
1403637133.988318920 5.995506048202514648e-02 -6.075912714004516602e-01 -2.013897448778152466e-01 -3.218320757150650024e-02 4.288814589381217957e-02 1.746310503222048283e-03 9.985598921775817871e-01
1403637134.038319111 5.404980480670928955e-02 -7.386453151702880859e-01 -2.356991916894912720e-01 -3.206792101263999939e-02 4.595078900456428528e-02 8.078207611106336117e-04 9.984285831451416016e-01
1403637134.088319063 4.808670282363891602e-02 -8.699758648872375488e-01 -2.709357440471649170e-01 -3.101132996380329132e-02 5.039839819073677063e-02 -2.866324968636035919e-03 9.982435107231140137e-01
1403637134.138319016 4.128134995698928833e-02 -1.001751303672790527e+00 -3.040564954280853271e-01 -3.005767986178398132e-02 5.592148378491401672e-02 -6.848862394690513611e-03 9.979591965675354004e-01
1403637134.188318968 3.528246283531188965e-02 -1.134193420410156250e+00 -3.356544375419616699e-01 -2.783250436186790466e-02 6.179798394441604614e-02 -1.128750946372747421e-02 9.976367354393005371e-01
1403637134.238319159 2.700700797140598297e-02 -1.263668060302734375e+00 -3.639867901802062988e-01 -2.195715904235839844e-02 6.782410293817520142e-02 -1.526990253478288651e-02 9.973388314247131348e-01
1403637134.288318872 1.802552118897438049e-02 -1.379438281059265137e+00 -3.928481042385101318e-01 -1.377501338720321655e-02 6.980678439140319824e-02 -1.669039949774742126e-02 9.973257780075073242e-01
1403637134.338319063 1.115608308464288712e-02 -1.484133481979370117e+00 -4.170876145362854004e-01 -5.228488706052303314e-03 7.069494575262069702e-02 -1.756526716053485870e-02 9.973296523094177246e-01
1403637134.388319016 6.542871706187725067e-03 -1.568547248840332031e+00 -4.361825883388519287e-01 3.578500589355826378e-03 7.143547385931015015e-02 -1.766299456357955933e-02 9.972824454307556152e-01
1403637134.438319206 3.875977126881480217e-03 -1.625975012779235840e+00 -4.488108158111572266e-01 1.034783851355314255e-02 7.338386774063110352e-02 -1.535728946328163147e-02 9.971318840980529785e-01
1403637134.488318920 4.673458170145750046e-03 -1.651361465454101562e+00 -4.502645730972290039e-01 1.458735764026641846e-02 7.353147864341735840e-02 -1.021176576614379883e-02 9.971339702606201172e-01
1403637134.538319111 7.750386372208595276e-03 -1.642864942550659180e+00 -4.404883086681365967e-01 1.474351435899734497e-02 7.452342659235000610e-02 -6.902691908180713654e-03 9.970864057540893555e-01
1403637134.588319063 1.751599833369255066e-02 -1.597888350486755371e+00 -4.220631420612335205e-01 1.167401671409606934e-02 7.579500973224639893e-02 -5.857113283127546310e-03 9.970378875732421875e-01
1403637134.638319016 3.289120644330978394e-02 -1.518033862113952637e+00 -3.933193385601043701e-01 5.954338237643241882e-03 7.715672254562377930e-02 -7.357893511652946472e-03 9.969741106033325195e-01
1403637134.688318968 5.045936629176139832e-02 -1.408259391784667969e+00 -3.584796488285064697e-01 -1.800590544007718563e-03 7.768376171588897705e-02 -9.235733188688755035e-03 9.969336986541748047e-01
1403637134.738319159 6.849169731140136719e-02 -1.274065613746643066e+00 -3.175027370452880859e-01 -1.168452855199575424e-02 7.580364495515823364e-02 -9.747391566634178162e-03 9.970066547393798828e-01
1403637134.788318872 8.532145619392395020e-02 -1.122683644294738770e+00 -2.764263153076171875e-01 -2.396838366985321045e-02 7.313052564859390259e-02 -9.986332617700099945e-03 9.969843029975891113e-01
1403637134.838319063 9.958916157484054565e-02 -9.669561982154846191e-01 -2.353715151548385620e-01 -3.743527829647064209e-02 7.047893851995468140e-02 -7.190116681158542633e-03 9.967847466468811035e-01
1403637134.888319016 1.108592152595520020e-01 -8.119760751724243164e-01 -1.996981650590896606e-01 -5.061773955821990967e-02 6.757543236017227173e-02 -4.199291113764047623e-03 9.964205026626586914e-01
1403637134.938319206 1.194339320063591003e-01 -6.684611439704895020e-01 -1.692955046892166138e-01 -6.107169389724731445e-02 6.636931002140045166e-02 3.019186842720955610e-04 9.959242939949035645e-01
1403637134.988318920 1.249232366681098938e-01 -5.412364602088928223e-01 -1.450431048870086670e-01 -6.729702651500701904e-02 6.383080035448074341e-02 5.110329482704401016e-03 9.956759810447692871e-01
1403637135.038319111 1.300164610147476196e-01 -4.345302879810333252e-01 -1.260416507720947266e-01 -7.058569788932800293e-02 6.255075335502624512e-02 7.798913866281509399e-03 9.955120682716369629e-01
1403637135.088319063 1.344715207815170288e-01 -3.489404320716857910e-01 -1.121707633137702942e-01 -7.270760834217071533e-02 6.168062239885330200e-02 9.551942348480224609e-03 9.953983426094055176e-01
1403637135.138319016 1.392314881086349487e-01 -2.835131287574768066e-01 -1.049295142292976379e-01 -7.562555372714996338e-02 6.115556880831718445e-02 8.582286536693572998e-03 9.952222108840942383e-01
1403637135.188318968 1.428231149911880493e-01 -2.461304962635040283e-01 -1.050675660371780396e-01 -8.049957454204559326e-02 6.122262403368949890e-02 6.822666153311729431e-03 9.948492646217346191e-01
1403637135.238319159 1.444519311189651489e-01 -2.428049743175506592e-01 -1.120932400226593018e-01 -8.829759061336517334e-02 6.155489385128021240e-02 5.127487704157829285e-03 9.941771626472473145e-01
1403637135.288318872 1.454492211341857910e-01 -2.831684350967407227e-01 -1.256599575281143188e-01 -9.508946537971496582e-02 6.239271536469459534e-02 4.541639238595962524e-03 9.935011267662048340e-01
1403637135.338319063 1.450996249914169312e-01 -3.687386810779571533e-01 -1.457954794168472290e-01 -9.686933457851409912e-02 6.410001963376998901e-02 3.902942407876253128e-03 9.932231903076171875e-01
1403637135.388319016 1.426450014114379883e-01 -4.908504486083984375e-01 -1.711041927337646484e-01 -9.262439608573913574e-02 6.610424071550369263e-02 2.102738013491034508e-03 9.935021996498107910e-01
1403637135.438319206 1.398406326770782471e-01 -6.405355334281921387e-01 -2.011721581220626831e-01 -8.335830271244049072e-02 6.849422305822372437e-02 -1.351702259853482246e-03 9.941620230674743652e-01
1403637135.488318920 1.363458037376403809e-01 -8.101608157157897949e-01 -2.346959710121154785e-01 -7.160176336765289307e-02 7.164581865072250366e-02 -6.267292890697717667e-03 9.948371052742004395e-01
1403637135.538319111 1.300403028726577759e-01 -9.886868596076965332e-01 -2.704884707927703857e-01 -5.930834636092185974e-02 7.382643222808837891e-02 -9.973353706300258636e-03 9.954560399055480957e-01
1403637135.588319063 1.236537024378776550e-01 -1.170916199684143066e+00 -3.067297935485839844e-01 -4.833667725324630737e-02 7.765717059373855591e-02 -1.405923161655664444e-02 9.957084655761718750e-01
1403637135.638319016 1.154660731554031372e-01 -1.348719000816345215e+00 -3.408258855342864990e-01 -3.760490939021110535e-02 8.183683454990386963e-02 -1.579310372471809387e-02 9.958108663558959961e-01
1403637135.688318968 1.057903617620468140e-01 -1.518381595611572266e+00 -3.739932179450988770e-01 -2.668054029345512390e-02 8.450274169445037842e-02 -1.598132401704788208e-02 9.959378242492675781e-01
1403637135.738319159 9.706011414527893066e-02 -1.667726993560791016e+00 -4.049085080623626709e-01 -1.684152334928512573e-02 8.498541265726089478e-02 -1.331890840083360672e-02 9.961508512496948242e-01
1403637135.788318872 8.601777255535125732e-02 -1.792530894279479980e+00 -4.346144199371337891e-01 -8.587448857724666595e-03 8.441717177629470825e-02 -9.605534374713897705e-03 9.963471889495849609e-01
1403637135.838319063 8.312980830669403076e-02 -1.878192543983459473e+00 -4.540554583072662354e-01 -3.073901869356632233e-03 8.418911695480346680e-02 -7.228162139654159546e-03 9.964188337326049805e-01
1403637135.888319016 8.142852038145065308e-02 -1.929997324943542480e+00 -4.629984796047210693e-01 3.013225250469986349e-05 8.392101526260375977e-02 -4.370468202978372574e-03 9.964628219604492188e-01
1403637135.938319206 8.592370897531509399e-02 -1.936170220375061035e+00 -4.573301672935485840e-01 1.299066352657973766e-04 8.470696210861206055e-02 -3.063955809921026230e-03 9.964012503623962402e-01
1403637135.988318920 8.967629820108413696e-02 -1.902909636497497559e+00 -4.401762485504150391e-01 -2.184021053835749626e-03 8.400104194879531860e-02 -2.519338857382535934e-03 9.964601397514343262e-01
1403637136.038319111 9.480915218591690063e-02 -1.827811598777770996e+00 -4.140104353427886963e-01 -6.091517861932516098e-03 8.304413408041000366e-02 -3.124157665297389030e-03 9.965223670005798340e-01
1403637136.088319063 1.008293256163597107e-01 -1.716802716255187988e+00 -3.757883906364440918e-01 -1.126470789313316345e-02 8.322340995073318481e-02 -4.956187214702367783e-03 9.964549541473388672e-01
1403637136.138319016 1.063010990619659424e-01 -1.581366658210754395e+00 -3.305451869964599609e-01 -1.736002229154109955e-02 8.365152776241302490e-02 -4.904866684228181839e-03 9.963318109512329102e-01
1403637136.188318968 1.148087456822395325e-01 -1.419599294662475586e+00 -2.779218852519989014e-01 -2.572706528007984161e-02 8.492968231439590454e-02 -7.775087375193834305e-03 9.960244894027709961e-01
1403637136.238319159 1.207277923822402954e-01 -1.250563502311706543e+00 -2.285598963499069214e-01 -3.561485558748245239e-02 8.499760925769805908e-02 -6.539180409163236618e-03 9.957230091094970703e-01
1403637136.288318872 1.255152225494384766e-01 -1.076196193695068359e+00 -1.828619092702865601e-01 -4.816344380378723145e-02 8.456644415855407715e-02 -6.620068568736314774e-03 9.952311515808105469e-01
1403637136.338319063 1.310695111751556396e-01 -9.081287384033203125e-01 -1.439643204212188721e-01 -6.129660457372665405e-02 8.491258323192596436e-02 -5.216629244387149811e-03 9.944874644279479980e-01
1403637136.388319016 1.361004561185836792e-01 -7.512083649635314941e-01 -1.141333356499671936e-01 -7.407425343990325928e-02 8.316944539546966553e-02 -2.268004696816205978e-03 9.937760233879089355e-01
1403637136.438319206 1.396628916263580322e-01 -6.080850958824157715e-01 -9.301374107599258423e-02 -8.618770539760589600e-02 8.091431111097335815e-02 2.861951070372015238e-04 9.929876923561096191e-01
1403637136.488318920 1.419531404972076416e-01 -4.938894212245941162e-01 -7.956750690937042236e-02 -9.601402282714843750e-02 7.770512253046035767e-02 5.449909251183271408e-03 9.923273324966430664e-01
1403637136.538319111 1.424718350172042847e-01 -4.145492315292358398e-01 -7.481350749731063843e-02 -1.031381040811538696e-01 7.530769705772399902e-02 9.974252432584762573e-03 9.917619824409484863e-01
1403637136.588319063 1.433995068073272705e-01 -3.717760145664215088e-01 -7.569450885057449341e-02 -1.078257709741592407e-01 7.416267693042755127e-02 1.172413863241672516e-02 9.913304448127746582e-01
1403637136.638319016 1.438153833150863647e-01 -3.688791096210479736e-01 -8.287724852561950684e-02 -1.105893850326538086e-01 7.385976612567901611e-02 1.108594704419374466e-02 9.910559058189392090e-01
1403637136.688318968 1.436389237642288208e-01 -4.113907814025878906e-01 -9.804424643516540527e-02 -1.122181564569473267e-01 7.405107468366622925e-02 8.567159995436668396e-03 9.908835887908935547e-01
1403637136.738319159 1.387319713830947876e-01 -5.034282207489013672e-01 -1.236987635493278503e-01 -1.116730272769927979e-01 7.372901588678359985e-02 8.720980025827884674e-03 9.909678101539611816e-01
1403637136.788318872 1.321889609098434448e-01 -6.367214918136596680e-01 -1.581908315420150757e-01 -1.086667105555534363e-01 7.358822226524353027e-02 7.854101248085498810e-03 9.913196563720703125e-01
1403637136.838319063 1.249183043837547302e-01 -8.028063774108886719e-01 -1.998327225446701050e-01 -1.012502908706665039e-01 7.309076189994812012e-02 6.304611451923847198e-03 9.921523928642272949e-01
1403637136.888319016 1.187811493873596191e-01 -9.920874834060668945e-01 -2.440122365951538086e-01 -9.057299792766571045e-02 7.472396641969680786e-02 3.645295742899179459e-03 9.930758476257324219e-01
1403637136.938319206 1.150062531232833862e-01 -1.192868351936340332e+00 -2.893425822257995605e-01 -7.833628356456756592e-02 7.766329497098922729e-02 2.394227311015129089e-03 9.938944578170776367e-01
1403637136.988318920 1.142203137278556824e-01 -1.395501732826232910e+00 -3.323990106582641602e-01 -6.606908887624740601e-02 8.369512856006622314e-02 2.078954712487757206e-04 9.942988157272338867e-01
1403637137.038319111 1.130975261330604553e-01 -1.587536096572875977e+00 -3.759108185768127441e-01 -5.344821512699127197e-02 8.894468843936920166e-02 6.942255422472953796e-04 9.946012496948242188e-01
1403637137.088319063 1.099018752574920654e-01 -1.760864257812500000e+00 -4.154817461967468262e-01 -4.078736528754234314e-02 9.367415308952331543e-02 2.107368083670735359e-03 9.947648644447326660e-01
1403637137.138319016 1.016703918576240540e-01 -1.903271079063415527e+00 -4.505504965782165527e-01 -2.839182689785957336e-02 9.447488188743591309e-02 6.931210868060588837e-03 9.950981736183166504e-01
1403637137.188318968 9.205453842878341675e-02 -2.009611368179321289e+00 -4.786811470985412598e-01 -1.814972050487995148e-02 9.323728084564208984e-02 1.109592709690332413e-02 9.954166412353515625e-01
1403637137.238319159 9.066822379827499390e-02 -2.066581487655639648e+00 -4.933296144008636475e-01 -1.072180364280939102e-02 9.148147702217102051e-02 1.136908773332834244e-02 9.956842064857482910e-01
1403637137.288318872 9.508202970027923584e-02 -2.080814599990844727e+00 -4.943115115165710449e-01 -5.918540060520172119e-03 9.122021496295928955e-02 1.054090820252895355e-02 9.957574009895324707e-01
1403637137.338319063 1.031811013817787170e-01 -2.048405408859252930e+00 -4.794121682643890381e-01 -2.412382280454039574e-03 9.135682880878448486e-02 9.227107279002666473e-03 9.957726001739501953e-01
1403637137.388319016 1.105422824621200562e-01 -1.977322340011596680e+00 -4.541164338588714600e-01 -6.941624451428651810e-04 9.053706377744674683e-02 7.882346399128437042e-03 9.958617091178894043e-01
1403637137.438319206 1.178153231739997864e-01 -1.870311617851257324e+00 -4.178092777729034424e-01 -1.072321436367928982e-03 8.873979747295379639e-02 7.913616485893726349e-03 9.960228204727172852e-01
1403637137.488318920 1.261142641305923462e-01 -1.735089302062988281e+00 -3.722752630710601807e-01 -5.771170370280742645e-03 8.861201256513595581e-02 5.279240664094686508e-03 9.960355758666992188e-01
1403637137.538319111 1.306115686893463135e-01 -1.577086687088012695e+00 -3.259619474411010742e-01 -1.392082031816244125e-02 8.818956464529037476e-02 2.006855327636003494e-03 9.960044622421264648e-01
1403637137.588319063 1.403730958700180054e-01 -1.397837042808532715e+00 -2.755863964557647705e-01 -2.551371231675148010e-02 8.988717198371887207e-02 -2.775424392893910408e-03 9.956212639808654785e-01
1403637137.638319016 1.476394832134246826e-01 -1.212164878845214844e+00 -2.256106734275817871e-01 -4.010077193379402161e-02 9.249679744243621826e-02 -6.211855448782444000e-03 9.948858022689819336e-01
1403637137.688318968 1.528020054101943970e-01 -1.027303576469421387e+00 -1.779075115919113159e-01 -5.484168231487274170e-02 9.418722987174987793e-02 -6.182207725942134857e-03 9.940236806869506836e-01
1403637137.738319159 1.537537574768066406e-01 -8.528124690055847168e-01 -1.376988291740417480e-01 -6.817979365587234497e-02 9.289674460887908936e-02 -3.914188127964735031e-03 9.933309555053710938e-01
1403637137.788318872 1.526806056499481201e-01 -6.925335526466369629e-01 -1.099955737590789795e-01 -7.857077568769454956e-02 8.990337699651718140e-02 -1.019574468955397606e-03 9.928459525108337402e-01
1403637137.838319063 1.513413786888122559e-01 -5.524080991744995117e-01 -9.371840953826904297e-02 -8.677306771278381348e-02 8.633198589086532593e-02 1.351271639578044415e-03 9.924794435501098633e-01
1403637137.888319016 1.500568389892578125e-01 -4.400135576725006104e-01 -8.786058425903320312e-02 -9.438800066709518433e-02 8.240771293640136719e-02 2.527123549953103065e-03 9.921157360076904297e-01
1403637137.938319206 1.523796468973159790e-01 -3.637003004550933838e-01 -8.910716325044631958e-02 -1.025524437427520752e-01 8.085620403289794922e-02 2.026947215199470520e-03 9.914339184761047363e-01
1403637137.988318920 1.565631926059722900e-01 -3.316855728626251221e-01 -9.502972662448883057e-02 -1.116501539945602417e-01 8.001492917537689209e-02 1.017302507534623146e-03 9.905204772949218750e-01
1403637138.038319111 1.613002270460128784e-01 -3.520978391170501709e-01 -1.077388003468513489e-01 -1.195292472839355469e-01 7.966132462024688721e-02 1.177562749944627285e-03 9.896289706230163574e-01
1403637138.088319063 1.638308167457580566e-01 -4.275526702404022217e-01 -1.285858601331710815e-01 -1.227924749255180359e-01 7.840682566165924072e-02 3.342594718560576439e-03 9.893246293067932129e-01
1403637138.138319016 1.635632812976837158e-01 -5.505217313766479492e-01 -1.570973247289657593e-01 -1.204097718000411987e-01 7.556856423616409302e-02 3.891373053193092346e-03 9.898362159729003906e-01
1403637138.188318968 1.684936434030532837e-01 -7.090656161308288574e-01 -1.900536268949508667e-01 -1.135459393262863159e-01 7.380241155624389648e-02 -2.037213183939456940e-03 9.907857775688171387e-01
1403637138.238319159 1.766690909862518311e-01 -8.943694233894348145e-01 -2.275824397802352905e-01 -1.019715294241905212e-01 7.707516849040985107e-02 -1.234788354486227036e-02 9.917201399803161621e-01
1403637138.288318872 1.787849962711334229e-01 -1.096130967140197754e+00 -2.689318656921386719e-01 -8.641033619642257690e-02 8.081045746803283691e-02 -1.815459877252578735e-02 9.928108453750610352e-01
1403637138.338319063 1.741431653499603271e-01 -1.298376560211181641e+00 -3.111284375190734863e-01 -6.881438940763473511e-02 8.449161052703857422e-02 -2.080073207616806030e-02 9.938275218009948730e-01
1403637138.388319016 1.652251183986663818e-01 -1.494772672653198242e+00 -3.509847521781921387e-01 -5.024965479969978333e-02 8.920919150114059448e-02 -2.057497575879096985e-02 9.945317506790161133e-01
1403637138.438319206 1.565666049718856812e-01 -1.669010996818542480e+00 -3.876734375953674316e-01 -3.329065814614295959e-02 9.463939815759658813e-02 -2.205581590533256531e-02 9.947103857994079590e-01
1403637138.488318920 1.462105959653854370e-01 -1.817693829536437988e+00 -4.242241680622100830e-01 -1.935381069779396057e-02 9.969869256019592285e-02 -2.167035825550556183e-02 9.945933818817138672e-01
1403637138.538319111 1.381218433380126953e-01 -1.923861384391784668e+00 -4.489150941371917725e-01 -8.533844724297523499e-03 1.028796210885047913e-01 -2.055083774030208588e-02 9.944449067115783691e-01
1403637138.588319063 1.346266418695449829e-01 -1.989998817443847656e+00 -4.702741801738739014e-01 -9.898686548694968224e-04 1.046964153647422791e-01 -2.050597593188285828e-02 9.942923188209533691e-01
1403637138.638319016 1.350866854190826416e-01 -2.009093523025512695e+00 -4.713419973850250244e-01 3.445534966886043549e-03 1.041280776262283325e-01 -1.914237439632415771e-02 9.943736791610717773e-01
1403637138.688318968 1.395489275455474854e-01 -1.980908870697021484e+00 -4.570918679237365723e-01 4.052345175296068192e-03 1.030627712607383728e-01 -1.792846992611885071e-02 9.945050477981567383e-01
1403637138.738319159 1.460280269384384155e-01 -1.914009690284729004e+00 -4.302628040313720703e-01 2.242404734715819359e-03 1.011956110596656799e-01 -1.476123929023742676e-02 9.947545528411865234e-01
1403637138.788318872 1.557803601026535034e-01 -1.811945676803588867e+00 -3.897467255592346191e-01 -2.416957169771194458e-03 1.007386669516563416e-01 -1.229038275778293610e-02 9.948340654373168945e-01
1403637138.838319063 1.692893505096435547e-01 -1.679685235023498535e+00 -3.364357352256774902e-01 -9.456207975745201111e-03 1.017996594309806824e-01 -1.007483433932065964e-02 9.947089552879333496e-01
1403637138.888319016 1.851451992988586426e-01 -1.518586516380310059e+00 -2.762613892555236816e-01 -1.806220039725303650e-02 1.020441874861717224e-01 -8.947148919105529785e-03 9.945756196975708008e-01
1403637138.938319206 1.976917535066604614e-01 -1.342928171157836914e+00 -2.193487286567687988e-01 -2.670025080442428589e-02 1.002906262874603271e-01 -8.619586937129497528e-03 9.945625066757202148e-01
1403637138.988318920 2.033780664205551147e-01 -1.164913058280944824e+00 -1.630322337150573730e-01 -3.322077915072441101e-02 9.464652836322784424e-02 -3.479419741779565811e-03 9.949504137039184570e-01
1403637139.038319111 2.074289917945861816e-01 -9.896492958068847656e-01 -1.074783504009246826e-01 -3.881091251969337463e-02 8.812601864337921143e-02 1.704877242445945740e-03 9.953515529632568359e-01
1403637139.088319063 2.073756456375122070e-01 -8.256385922431945801e-01 -5.874480307102203369e-02 -4.348453134298324585e-02 8.255671709775924683e-02 6.695243529975414276e-03 9.956147074699401855e-01
1403637139.138319016 2.052462697029113770e-01 -6.726172566413879395e-01 -1.603514514863491058e-02 -4.764534905552864075e-02 7.833600789308547974e-02 9.812558069825172424e-03 9.957394599914550781e-01
1403637139.188318968 1.997679919004440308e-01 -5.345975756645202637e-01 1.888549886643886566e-02 -5.170208960771560669e-02 7.413544505834579468e-02 1.258705463260412216e-02 9.958274960517883301e-01
1403637139.238319159 1.959233134984970093e-01 -4.167575240135192871e-01 5.042332410812377930e-02 -5.491311475634574890e-02 7.122708857059478760e-02 1.260848995298147202e-02 9.958676695823669434e-01
1403637139.288318872 1.927201300859451294e-01 -3.239838480949401855e-01 7.888790965080261230e-02 -5.602804198861122131e-02 6.871504336595535278e-02 1.232581306248903275e-02 9.959855675697326660e-01
1403637139.338319063 1.906039416790008545e-01 -2.560110986232757568e-01 1.035132408142089844e-01 -5.700834840536117554e-02 6.685877591371536255e-02 1.079562399536371231e-02 9.960740804672241211e-01
1403637139.388319016 1.908114850521087646e-01 -2.081549465656280518e-01 1.251819431781768799e-01 -5.786165967583656311e-02 6.487271189689636230e-02 7.831585593521595001e-03 9.961838722229003906e-01
1403637139.438319206 1.901105493307113647e-01 -1.753043085336685181e-01 1.381968855857849121e-01 -5.767272785305976868e-02 6.036188825964927673e-02 5.628415849059820175e-03 9.964932203292846680e-01
1403637139.488318920 1.884542256593704224e-01 -1.533987522125244141e-01 1.473860889673233032e-01 -5.590150505304336548e-02 5.553220212459564209e-02 4.632731899619102478e-03 9.968800544738769531e-01
1403637139.538319111 1.843142360448837280e-01 -1.369940489530563354e-01 1.556520760059356689e-01 -5.342974141240119934e-02 5.165284126996994019e-02 4.765073768794536591e-03 9.972234368324279785e-01
1403637139.588319063 1.802122741937637329e-01 -1.229224577546119690e-01 1.641704440116882324e-01 -5.023352429270744324e-02 4.983204603195190430e-02 4.189384635537862778e-03 9.974848031997680664e-01
1403637139.638319016 1.772142648696899414e-01 -1.093500852584838867e-01 1.719342917203903198e-01 -4.706488549709320068e-02 4.857166856527328491e-02 1.968869240954518318e-03 9.977083206176757812e-01
1403637139.688318968 1.749157011508941650e-01 -9.486557543277740479e-02 1.787202209234237671e-01 -4.458805546164512634e-02 4.682540521025657654e-02 5.627613863907754421e-04 9.979073405265808105e-01
1403637139.738319159 1.745209693908691406e-01 -7.800564914941787720e-02 1.855627596378326416e-01 -4.295445233583450317e-02 4.523155465722084045e-02 -4.472132422961294651e-05 9.980525970458984375e-01
1403637139.788318872 1.768922209739685059e-01 -6.188670918345451355e-02 1.912450939416885376e-01 -4.233904182910919189e-02 4.507938772439956665e-02 -8.138928096741437912e-04 9.980854988098144531e-01
1403637139.838319063 1.806423068046569824e-01 -5.283525958657264709e-02 1.925691813230514526e-01 -3.917356207966804504e-02 4.451141506433486938e-02 8.919141255319118500e-04 9.982402324676513672e-01
1403637139.888319016 1.859602332115173340e-01 -5.134300142526626587e-02 1.914869397878646851e-01 -3.185862675309181213e-02 4.518702253699302673e-02 1.662258757278323174e-03 9.984690546989440918e-01
1403637139.938319206 1.909456849098205566e-01 -4.945050925016403198e-02 1.908838152885437012e-01 -2.655082009732723236e-02 4.721395671367645264e-02 3.530006855726242065e-03 9.985256791114807129e-01
1403637139.988318920 1.939236819744110107e-01 -4.635339230298995972e-02 1.884576082229614258e-01 -2.265625074505805969e-02 4.948537051677703857e-02 6.953831296414136887e-03 9.984937310218811035e-01
1403637140.038319111 1.964358538389205933e-01 -4.589282348752021790e-02 1.835262626409530640e-01 -1.768574863672256470e-02 5.176912620663642883e-02 1.099098660051822662e-02 9.984419941902160645e-01
1403637140.088319063 2.013851851224899292e-01 -4.601667076349258423e-02 1.787394881248474121e-01 -1.177467685192823410e-02 5.507174506783485413e-02 1.049773022532463074e-02 9.983578324317932129e-01
1403637140.138319016 2.042765319347381592e-01 -4.781252518296241760e-02 1.724128425121307373e-01 -5.534880328923463821e-03 5.811745300889015198e-02 1.071273256093263626e-02 9.982369542121887207e-01
1403637140.188318968 2.070605009794235229e-01 -4.853296279907226562e-02 1.676644533872604370e-01 -2.561506582424044609e-03 5.986623093485832214e-02 1.184899080544710159e-02 9.981328248977661133e-01
1403637140.238319159 2.127694338560104370e-01 -4.496145993471145630e-02 1.664985865354537964e-01 -3.990609198808670044e-03 6.259378790855407715e-02 1.161172892898321152e-02 9.979636073112487793e-01
1403637140.288318872 2.167416214942932129e-01 -4.313572123646736145e-02 1.661731749773025513e-01 -3.874131944030523300e-03 6.330031901597976685e-02 1.274949405342340469e-02 9.979055523872375488e-01
1403637140.338319063 2.192758470773696899e-01 -4.129892587661743164e-02 1.656435132026672363e-01 -3.252755617722868919e-03 6.305778771638870239e-02 1.517233345657587051e-02 9.978892803192138672e-01
1403637140.388319016 2.179943621158599854e-01 -4.260352253913879395e-02 1.648333966732025146e-01 -3.010038053616881371e-03 6.264346837997436523e-02 1.684510521590709686e-02 9.978892803192138672e-01
1403637140.438319206 2.187054753303527832e-01 -4.211020097136497498e-02 1.648253351449966431e-01 -3.204994369298219681e-03 6.274300813674926758e-02 1.597857475280761719e-02 9.978966712951660156e-01
1403637140.488318920 2.175120115280151367e-01 -4.257094115018844604e-02 1.649264991283416748e-01 -2.987170824781060219e-03 6.255830824375152588e-02 1.694135367870330811e-02 9.978930950164794922e-01
1403637140.538319111 2.175777405500411987e-01 -4.256761446595191956e-02 1.648814678192138672e-01 -3.020084928721189499e-03 6.251347064971923828e-02 1.722519099712371826e-02 9.978908896446228027e-01
1403637140.588319063 2.161763757467269897e-01 -4.302868619561195374e-02 1.647258549928665161e-01 -2.919701859354972839e-03 6.214682012796401978e-02 1.823781058192253113e-02 9.978961348533630371e-01
1403637140.638319016 2.162446081638336182e-01 -4.315883293747901917e-02 1.647237390279769897e-01 -2.971563953906297684e-03 6.220843642950057983e-02 1.812338083982467651e-02 9.978942275047302246e-01
1403637140.688318968 2.160051316022872925e-01 -4.309846460819244385e-02 1.649766862392425537e-01 -2.964725252240896225e-03 6.204279512166976929e-02 1.820083521306514740e-02 9.979031085968017578e-01
1403637140.738319159 2.161264270544052124e-01 -4.302443191409111023e-02 1.647974550724029541e-01 -2.983540762215852737e-03 6.204018741846084595e-02 1.819446496665477753e-02 9.979033470153808594e-01
1403637140.788318872 2.159381955862045288e-01 -4.305549710988998413e-02 1.646613776683807373e-01 -2.949160290881991386e-03 6.195665523409843445e-02 1.831748522818088531e-02 9.979063868522644043e-01
1403637140.838319063 2.160431444644927979e-01 -4.305446520447731018e-02 1.649566441774368286e-01 -2.936908975243568420e-03 6.199876591563224792e-02 1.840752363204956055e-02 9.979021549224853516e-01
1403637140.888319016 2.157682925462722778e-01 -4.307299107313156128e-02 1.648759543895721436e-01 -2.933245850726962090e-03 6.206066906452178955e-02 1.836246438324451447e-02 9.978991746902465820e-01
1403637140.938319206 2.159864902496337891e-01 -4.323740676045417786e-02 1.648551821708679199e-01 -2.955416450276970863e-03 6.204738095402717590e-02 1.831983029842376709e-02 9.979007244110107422e-01
1403637140.988318920 2.158742547035217285e-01 -4.298895969986915588e-02 1.649292856454849243e-01 -2.977997763082385063e-03 6.203158944845199585e-02 1.840982958674430847e-02 9.978999495506286621e-01
1403637141.038319111 2.159565389156341553e-01 -4.294656217098236084e-02 1.648060381412506104e-01 -2.988017397001385689e-03 6.205281242728233337e-02 1.844598911702632904e-02 9.978979229927062988e-01
1403637141.088319063 2.160141021013259888e-01 -4.297361522912979126e-02 1.648989617824554443e-01 -2.944054082036018372e-03 6.203536689281463623e-02 1.844197884202003479e-02 9.978992938995361328e-01
1403637141.138319016 2.162114828824996948e-01 -4.298737645149230957e-02 1.650261431932449341e-01 -2.967198379337787628e-03 6.204525381326675415e-02 1.835500635206699371e-02 9.979001283645629883e-01
1403637141.188318968 2.159108519554138184e-01 -4.310007765889167786e-02 1.649805903434753418e-01 -2.979786600917577744e-03 6.201489269733428955e-02 1.842506416141986847e-02 9.979006648063659668e-01
1403637141.238319159 2.159965783357620239e-01 -4.311737418174743652e-02 1.650233715772628784e-01 -2.963984617963433266e-03 6.202547624707221985e-02 1.837384887039661407e-02 9.979010820388793945e-01
1403637141.288318872 2.160988152027130127e-01 -4.325227439403533936e-02 1.649105399847030640e-01 -2.957669086754322052e-03 6.197926029562950134e-02 1.837201043963432312e-02 9.979039430618286133e-01
1403637141.338319063 2.158282548189163208e-01 -4.331609606742858887e-02 1.648778468370437622e-01 -2.977483905851840973e-03 6.201117485761642456e-02 1.838380657136440277e-02 9.979017376899719238e-01
1403637141.388319016 2.159135937690734863e-01 -4.318683966994285583e-02 1.646959185600280762e-01 -2.933379262685775757e-03 6.199194490909576416e-02 1.832339912652969360e-02 9.979041218757629395e-01
1403637141.438319206 2.158367037773132324e-01 -4.345604404807090759e-02 1.645350754261016846e-01 -3.002482000738382339e-03 6.201157346367835999e-02 1.840208470821380615e-02 9.979012608528137207e-01
1403637141.488318920 2.157684564590454102e-01 -4.347692430019378662e-02 1.646352559328079224e-01 -2.967783017084002495e-03 6.200109422206878662e-02 1.838386245071887970e-02 9.979023337364196777e-01
1403637141.538319111 2.159375995397567749e-01 -4.304812103509902954e-02 1.646699905395507812e-01 -2.953208284452557564e-03 6.199553981423377991e-02 1.839441061019897461e-02 9.979025721549987793e-01
1403637141.588319063 2.160131931304931641e-01 -4.294844716787338257e-02 1.647723466157913208e-01 -2.972750458866357803e-03 6.200136616826057434e-02 1.838850229978561401e-02 9.979022145271301270e-01
1403637141.638319016 2.161546796560287476e-01 -4.295431077480316162e-02 1.645691841840744019e-01 -2.921358915045857430e-03 6.199419870972633362e-02 1.851142942905426025e-02 9.979006052017211914e-01
1403637141.688318968 2.161552906036376953e-01 -4.298397153615951538e-02 1.645566225051879883e-01 -2.947132103145122528e-03 6.199764832854270935e-02 1.848514378070831299e-02 9.979007840156555176e-01
1403637141.738319159 2.161796092987060547e-01 -4.300447553396224976e-02 1.647162586450576782e-01 -2.898580860346555710e-03 6.202358379960060120e-02 1.845681108534336090e-02 9.978998303413391113e-01
1403637141.788318872 2.159849107265472412e-01 -4.292809218168258667e-02 1.647986769676208496e-01 -2.906528301537036896e-03 6.202857196331024170e-02 1.838929764926433563e-02 9.979007244110107422e-01
1403637141.838319063 2.159568220376968384e-01 -4.316465929150581360e-02 1.647816300392150879e-01 -2.921277889981865883e-03 6.203032657504081726e-02 1.842253096401691437e-02 9.978999495506286621e-01
1403637141.888319016 2.160359323024749756e-01 -4.320718348026275635e-02 1.647187322378158569e-01 -2.946847816929221153e-03 6.202852353453636169e-02 1.846990361809730530e-02 9.978991150856018066e-01
1403637141.938319206 2.157881557941436768e-01 -4.314646869897842407e-02 1.647989004850387573e-01 -2.925140550360083580e-03 6.201418861746788025e-02 1.851332373917102814e-02 9.978992938995361328e-01
1403637141.988318920 2.160677462816238403e-01 -4.315192624926567078e-02 1.649069637060165405e-01 -2.867212053388357162e-03 6.199628114700317383e-02 1.844353042542934418e-02 9.979018568992614746e-01
1403637142.038319111 2.158517837524414062e-01 -4.313584789633750916e-02 1.650067567825317383e-01 -2.846783958375453949e-03 6.204482913017272949e-02 1.851623319089412689e-02 9.978975653648376465e-01
1403637142.088319063 2.159416526556015015e-01 -4.312610998749732971e-02 1.649825423955917358e-01 -2.888771239668130875e-03 6.203560903668403625e-02 1.850035414099693298e-02 9.978983402252197266e-01
1403637142.138319016 2.157407253980636597e-01 -4.314293712377548218e-02 1.647801548242568970e-01 -2.939102239906787872e-03 6.200478598475456238e-02 1.853440329432487488e-02 9.978994131088256836e-01
1403637142.188318968 2.159556746482849121e-01 -4.290666058659553528e-02 1.648126840591430664e-01 -2.900467254221439362e-03 6.203585490584373474e-02 1.842025667428970337e-02 9.978997111320495605e-01
1403637142.238319159 2.158157378435134888e-01 -4.293248057365417480e-02 1.647667884826660156e-01 -2.885147463530302048e-03 6.202174350619316101e-02 1.850775629281997681e-02 9.978989958763122559e-01
1403637142.288318872 2.159654200077056885e-01 -4.296503961086273193e-02 1.648637503385543823e-01 -2.841464243829250336e-03 6.202622875571250916e-02 1.850129291415214539e-02 9.978989958763122559e-01
1403637142.338319063 2.158256620168685913e-01 -4.291929677128791809e-02 1.649403423070907593e-01 -2.888794988393783569e-03 6.204136833548545837e-02 1.848042942583560944e-02 9.978982806205749512e-01
1403637142.388319016 2.161114215850830078e-01 -4.286180436611175537e-02 1.646975725889205933e-01 -2.879327628761529922e-03 6.204497441649436951e-02 1.845421083271503448e-02 9.978985786437988281e-01
1403637142.438319206 2.158384472131729126e-01 -4.318511113524436951e-02 1.646119505167007446e-01 -2.922804327681660652e-03 6.201410666108131409e-02 1.848215050995349884e-02 9.978998899459838867e-01
1403637142.488318920 2.157560586929321289e-01 -4.300640150904655457e-02 1.645256578922271729e-01 -2.924619009718298912e-03 6.206884235143661499e-02 1.849161088466644287e-02 9.978963136672973633e-01
1403637142.538319111 2.159039825201034546e-01 -4.283097758889198303e-02 1.645244210958480835e-01 -2.870458643883466721e-03 6.205360963940620422e-02 1.848994381725788116e-02 9.978974461555480957e-01
1403637142.588319063 2.160111218690872192e-01 -4.268101975321769714e-02 1.645941585302352905e-01 -2.890577306970953941e-03 6.204639375209808350e-02 1.846588402986526489e-02 9.978982806205749512e-01
1403637142.638319016 2.160619944334030151e-01 -4.269374161958694458e-02 1.650863587856292725e-01 -2.867382019758224487e-03 6.198398023843765259e-02 1.859711669385433197e-02 9.978997707366943359e-01
1403637142.688318968 2.159017026424407959e-01 -4.296148568391799927e-02 1.651396453380584717e-01 -2.911634044721722603e-03 6.203478574752807617e-02 1.846489310264587402e-02 9.978989362716674805e-01
1403637142.738319159 2.161675095558166504e-01 -4.279582947492599487e-02 1.651504188776016235e-01 -2.874265657737851143e-03 6.202688440680503845e-02 1.846549846231937408e-02 9.978995323181152344e-01
1403637142.788318872 2.158719301223754883e-01 -4.298938438296318054e-02 1.647928506135940552e-01 -2.901248866692185402e-03 6.204050779342651367e-02 1.845753751695156097e-02 9.978987574577331543e-01
1403637142.838319063 2.159418314695358276e-01 -4.294441640377044678e-02 1.648879200220108032e-01 -2.837431384250521660e-03 6.200588867068290710e-02 1.860702969133853912e-02 9.978983402252197266e-01
1403637142.888319016 2.159769535064697266e-01 -4.273348301649093628e-02 1.648631989955902100e-01 -2.828558674082159996e-03 6.203455105423927307e-02 1.859227940440177917e-02 9.978968501091003418e-01
1403637142.938319206 2.159001529216766357e-01 -4.287211969494819641e-02 1.645973026752471924e-01 -2.841095207259058952e-03 6.203002110123634338e-02 1.854586042463779449e-02 9.978979229927062988e-01
1403637142.988318920 2.160157114267349243e-01 -4.291077703237533569e-02 1.649957597255706787e-01 -2.828272758051753044e-03 6.199217215180397034e-02 1.860293745994567871e-02 9.978992938995361328e-01
1403637143.038319111 2.159699201583862305e-01 -4.287597537040710449e-02 1.649790257215499878e-01 -2.794508589431643486e-03 6.201709434390068054e-02 1.859139651060104370e-02 9.978980422019958496e-01
1403637143.088319063 2.159364223480224609e-01 -4.279047250747680664e-02 1.646900773048400879e-01 -2.812551101669669151e-03 6.200398504734039307e-02 1.855044998228549957e-02 9.978995323181152344e-01
1403637143.138319016 2.158367186784744263e-01 -4.321627318859100342e-02 1.647006273269653320e-01 -2.895863261073827744e-03 6.207071244716644287e-02 1.842468976974487305e-02 9.978975057601928711e-01
1403637143.188318968 2.158860266208648682e-01 -4.308492690324783325e-02 1.647244244813919067e-01 -2.846785821020603180e-03 6.205772981047630310e-02 1.859862543642520905e-02 9.978952407836914062e-01
1403637143.238319159 2.159594297409057617e-01 -4.292821884155273438e-02 1.648965626955032349e-01 -2.852356061339378357e-03 6.203256919980049133e-02 1.857288181781768799e-02 9.978972673416137695e-01
1403637143.288318872 2.158621698617935181e-01 -4.315564036369323730e-02 1.648501604795455933e-01 -2.887293696403503418e-03 6.200546771287918091e-02 1.856925152242183685e-02 9.978989362716674805e-01
1403637143.338319063 2.159084975719451904e-01 -4.294006898999214172e-02 1.645634025335311890e-01 -2.869118005037307739e-03 6.200449913740158081e-02 1.849748380482196808e-02 9.979003667831420898e-01
1403637143.388319016 2.158926874399185181e-01 -4.269209504127502441e-02 1.647012829780578613e-01 -2.818651963025331497e-03 6.203912198543548584e-02 1.858134754002094269e-02 9.978967905044555664e-01
1403637143.438319206 2.161085158586502075e-01 -4.265841469168663025e-02 1.644600480794906616e-01 -2.805195981636643410e-03 6.204367429018020630e-02 1.850345358252525330e-02 9.978979825973510742e-01
1403637143.488318920 2.158475369215011597e-01 -4.299496114253997803e-02 1.642460376024246216e-01 -2.834371989592909813e-03 6.204069405794143677e-02 1.855367422103881836e-02 9.978971481323242188e-01
1403637143.538319111 2.158498615026473999e-01 -4.263158887624740601e-02 1.645455211400985718e-01 -2.843030961230397224e-03 6.201256439089775085e-02 1.864726841449737549e-02 9.978971481323242188e-01
1403637143.588319063 2.160984426736831665e-01 -4.297849535942077637e-02 1.650075018405914307e-01 -2.745858160778880119e-03 6.204864755272865295e-02 1.857534609735012054e-02 9.978964924812316895e-01
1403637143.638319016 2.160775214433670044e-01 -4.278222844004631042e-02 1.647419035434722900e-01 -2.779859583824872971e-03 6.198719516396522522e-02 1.862769760191440582e-02 9.978992938995361328e-01
1403637143.688318968 2.160386592149734497e-01 -4.276422038674354553e-02 1.644648462533950806e-01 -2.859202679246664047e-03 6.199691072106361389e-02 1.858765259385108948e-02 9.978991746902465820e-01
1403637143.738319159 2.159490287303924561e-01 -4.295058548450469971e-02 1.644110977649688721e-01 -2.835465362295508385e-03 6.202196702361106873e-02 1.858200877904891968e-02 9.978978037834167480e-01
1403637143.788318872 2.157827466726303101e-01 -4.293269664049148560e-02 1.645972579717636108e-01 -2.837870735675096512e-03 6.208162382245063782e-02 1.853686198592185974e-02 9.978949427604675293e-01
1403637143.838319063 2.158714085817337036e-01 -4.285835102200508118e-02 1.644370108842849731e-01 -2.844290342181921005e-03 6.206041574478149414e-02 1.860506087541580200e-02 9.978949427604675293e-01
1403637143.888319016 2.160238474607467651e-01 -4.285838827490806580e-02 1.645980924367904663e-01 -2.793563529849052429e-03 6.200833991169929504e-02 1.862905547022819519e-02 9.978979229927062988e-01
1403637143.938319206 2.157696038484573364e-01 -4.288155958056449890e-02 1.646257936954498291e-01 -2.791017061099410057e-03 6.185383349657058716e-02 1.849824003875255585e-02 9.979099035263061523e-01
1403637143.988318920 2.158765047788619995e-01 -4.279134050011634827e-02 1.648507267236709595e-01 -2.823262941092252731e-03 6.179445609450340271e-02 1.855097152292728424e-02 9.979125261306762695e-01
1403637144.038319111 2.156060934066772461e-01 -4.290651902556419373e-02 1.644564419984817505e-01 -2.833599923178553581e-03 6.183346733450889587e-02 1.851429231464862823e-02 9.979107379913330078e-01
1403637144.088319063 2.156177908182144165e-01 -4.293561354279518127e-02 1.648753285408020020e-01 -2.851240569725632668e-03 6.190949305891990662e-02 1.854619011282920837e-02 9.979054331779479980e-01
1403637144.138319016 2.158014029264450073e-01 -4.271399974822998047e-02 1.648646444082260132e-01 -2.805280033499002457e-03 6.202302500605583191e-02 1.868062280118465424e-02 9.978960156440734863e-01
1403637144.188318968 2.160941511392593384e-01 -4.259656742215156555e-02 1.644382774829864502e-01 -2.865734510123729706e-03 6.206296011805534363e-02 1.865616254508495331e-02 9.978938102722167969e-01
1403637144.238319159 2.159051001071929932e-01 -4.278394207358360291e-02 1.645095646381378174e-01 -2.885089488700032234e-03 6.205678358674049377e-02 1.881564781069755554e-02 9.978911280632019043e-01
1403637144.288318872 2.158855199813842773e-01 -4.258720949292182922e-02 1.647672504186630249e-01 -2.904100110754370689e-03 6.212621927261352539e-02 1.877485401928424835e-02 9.978874921798706055e-01
1403637144.338319063 2.156595587730407715e-01 -4.309357330203056335e-02 1.645990461111068726e-01 -2.873059129342436790e-03 6.215240061283111572e-02 1.881272532045841217e-02 9.978852868080139160e-01
1403637144.388319016 2.158508747816085815e-01 -4.300875589251518250e-02 1.644895374774932861e-01 -2.797332592308521271e-03 6.206897273659706116e-02 1.874138787388801575e-02 9.978920221328735352e-01
1403637144.438319206 2.157696634531021118e-01 -4.300419986248016357e-02 1.643523573875427246e-01 -2.701175631955265999e-03 6.192137673497200012e-02 1.881219446659088135e-02 9.979000687599182129e-01
1403637144.488318920 2.157230079174041748e-01 -4.295835644006729126e-02 1.645310372114181519e-01 -2.660561352968215942e-03 6.192047894001007080e-02 1.882526837289333344e-02 9.979000091552734375e-01
1403637144.538319111 2.156973481178283691e-01 -4.318161681294441223e-02 1.647804677486419678e-01 -2.699240809306502342e-03 6.191065162420272827e-02 1.872286014258861542e-02 9.979024529457092285e-01
1403637144.588319063 2.161335349082946777e-01 -4.309101030230522156e-02 1.647341996431350708e-01 -2.778123365715146065e-03 6.224508211016654968e-02 1.879552751779556274e-02 9.978801012039184570e-01
1403637144.638319016 2.158577144145965576e-01 -4.336525499820709229e-02 1.647389680147171021e-01 -2.777203219011425972e-03 6.216397136449813843e-02 1.865728385746479034e-02 9.978877305984497070e-01
1403637144.688318968 2.159696370363235474e-01 -4.305893927812576294e-02 1.648111045360565186e-01 -2.844342729076743126e-03 6.216176971793174744e-02 1.879515498876571655e-02 9.978851079940795898e-01
1403637144.738319159 2.160338163375854492e-01 -4.280995205044746399e-02 1.646612137556076050e-01 -2.720186952501535416e-03 6.199256703257560730e-02 1.864663325250148773e-02 9.978987574577331543e-01
1403637144.788318872 2.159830331802368164e-01 -4.302801191806793213e-02 1.646292209625244141e-01 -2.652858383953571320e-03 6.197261065244674683e-02 1.873682625591754913e-02 9.978984594345092773e-01
1403637144.838319063 2.160693109035491943e-01 -4.307922720909118652e-02 1.648507118225097656e-01 -2.705778926610946655e-03 6.197735667228698730e-02 1.864392496645450592e-02 9.978997707366943359e-01
1403637144.888319016 2.157523632049560547e-01 -4.313784837722778320e-02 1.644975095987319946e-01 -2.716704737395048141e-03 6.188674271106719971e-02 1.858524605631828308e-02 9.979064464569091797e-01
1403637144.938319206 2.157956957817077637e-01 -4.296728968620300293e-02 1.644345670938491821e-01 -2.745945239439606667e-03 6.180742755532264709e-02 1.850604452192783356e-02 9.979127645492553711e-01
1403637144.988318920 2.154413461685180664e-01 -4.275988414883613586e-02 1.643943637609481812e-01 -2.818012610077857971e-03 6.157594919204711914e-02 1.843534037470817566e-02 9.979282021522521973e-01
1403637145.038319111 2.157992720603942871e-01 -4.273764044046401978e-02 1.644745916128158569e-01 -2.865618560463190079e-03 6.172185018658638000e-02 1.843641512095928192e-02 9.979190230369567871e-01
1403637145.088319063 2.159246504306793213e-01 -4.267073050141334534e-02 1.646584421396255493e-01 -2.800205023959279060e-03 6.183299794793128967e-02 1.839604787528514862e-02 9.979130625724792480e-01
1403637145.138319016 2.161977142095565796e-01 -4.250007122755050659e-02 1.649019569158554077e-01 -2.906662644818425179e-03 6.195870041847229004e-02 1.850119233131408691e-02 9.979029893875122070e-01
1403637145.188318968 2.161108702421188354e-01 -4.252725094556808472e-02 1.648668944835662842e-01 -2.865270012989640236e-03 6.207350268959999084e-02 1.852739229798316956e-02 9.978955388069152832e-01
1403637145.238319159 2.160209119319915771e-01 -4.262689128518104553e-02 1.645562946796417236e-01 -2.850193995982408524e-03 6.206143274903297424e-02 1.858239993453025818e-02 9.978953003883361816e-01
1403637145.288318872 2.160980403423309326e-01 -4.254635795950889587e-02 1.647356003522872925e-01 -2.906868467107415199e-03 6.214106827974319458e-02 1.858934387564659119e-02 9.978899955749511719e-01
1403637145.338319063 2.160674780607223511e-01 -4.261566698551177979e-02 1.645989865064620972e-01 -2.870768774300813675e-03 6.206943839788436890e-02 1.857369951903820038e-02 9.978949427604675293e-01
1403637145.388319016 2.161980420351028442e-01 -4.251762479543685913e-02 1.646022796630859375e-01 -2.850404474884271622e-03 6.209996715188026428e-02 1.851487345993518829e-02 9.978941679000854492e-01
1403637145.438319206 2.160760611295700073e-01 -4.263114556670188904e-02 1.645122319459915161e-01 -2.828030847012996674e-03 6.205942481756210327e-02 1.855925843119621277e-02 9.978958964347839355e-01
1403637145.488318920 2.160641551017761230e-01 -4.286593198776245117e-02 1.648679822683334351e-01 -2.826887182891368866e-03 6.200630217790603638e-02 1.854891888797283173e-02 9.978994727134704590e-01
1403637145.538319111 2.160152494907379150e-01 -4.294139519333839417e-02 1.649173945188522339e-01 -2.853909041732549667e-03 6.209636852145195007e-02 1.858985237777233124e-02 9.978929758071899414e-01
1403637145.588319063 2.160894870758056641e-01 -4.273470118641853333e-02 1.649971753358840942e-01 -2.817653818055987358e-03 6.206583976745605469e-02 1.855600625276565552e-02 9.978955984115600586e-01
1403637145.638319016 2.158394902944564819e-01 -4.287339746952056885e-02 1.648604720830917358e-01 -2.831203630194067955e-03 6.204306334257125854e-02 1.857306249439716339e-02 9.978966712951660156e-01
1403637145.688318968 2.158310860395431519e-01 -4.282369464635848999e-02 1.644394546747207642e-01 -2.844854025170207024e-03 6.202698126435279846e-02 1.849980466067790985e-02 9.978989958763122559e-01
1403637145.738319159 2.158042937517166138e-01 -4.289591312408447266e-02 1.642708629369735718e-01 -2.799662528559565544e-03 6.195422634482383728e-02 1.850767619907855988e-02 9.979034662246704102e-01
1403637145.788318872 2.159355878829956055e-01 -4.292909801006317139e-02 1.643659174442291260e-01 -2.797418739646673203e-03 6.193829700350761414e-02 1.848801039159297943e-02 9.979048371315002441e-01
1403637145.838319063 2.159077674150466919e-01 -4.302739351987838745e-02 1.645202040672302246e-01 -2.832328900694847107e-03 6.199067085981369019e-02 1.855929940938949585e-02 9.979001879692077637e-01
1403637145.888319016 2.160761952400207520e-01 -4.289234802126884460e-02 1.647620350122451782e-01 -2.802684670314192772e-03 6.207625567913055420e-02 1.853739656507968903e-02 9.978953599929809570e-01
1403637145.938319206 2.160389721393585205e-01 -4.297182708978652954e-02 1.648413389921188354e-01 -2.809358760714530945e-03 6.201337650418281555e-02 1.857107318937778473e-02 9.978985786437988281e-01
1403637145.988318920 2.160928696393966675e-01 -4.296046495437622070e-02 1.646402478218078613e-01 -2.810862846672534943e-03 6.199972331523895264e-02 1.855422742664813995e-02 9.978997111320495605e-01
1403637146.038319111 2.158886194229125977e-01 -4.299274086952209473e-02 1.646832078695297241e-01 -2.811259357258677483e-03 6.197983771562576294e-02 1.854726299643516541e-02 9.979011416435241699e-01
1403637146.088319063 2.159496098756790161e-01 -4.328287765383720398e-02 1.646251976490020752e-01 -2.860672306269407272e-03 6.200161203742027283e-02 1.857171952724456787e-02 9.978991746902465820e-01
1403637146.138319016 2.159369587898254395e-01 -4.305914416909217834e-02 1.646827459335327148e-01 -2.831489313393831253e-03 6.202426925301551819e-02 1.858330518007278442e-02 9.978976249694824219e-01
1403637146.188318968 2.161525785923004150e-01 -4.270949214696884155e-02 1.646299809217453003e-01 -2.789894584566354752e-03 6.204109266400337219e-02 1.836048066616058350e-02 9.979008436203002930e-01
1403637146.238319159 2.168826758861541748e-01 -4.264547675848007202e-02 1.647431552410125732e-01 -2.808463992550969124e-03 6.237124651670455933e-02 1.801794394850730896e-02 9.978864192962646484e-01
1403637146.288318872 2.158956676721572876e-01 -4.301671683788299561e-02 1.643889099359512329e-01 -2.696156501770019531e-03 6.197080016136169434e-02 1.856745034456253052e-02 9.979016184806823730e-01
1403637146.338319063 2.168004363775253296e-01 -4.265160486102104187e-02 1.647125631570816040e-01 -2.759436378255486488e-03 6.215003505349159241e-02 1.804208941757678986e-02 9.978999495506286621e-01
1403637146.388319016 2.158874720335006714e-01 -4.290831834077835083e-02 1.647379994392395020e-01 -2.729264553636312485e-03 6.202515959739685059e-02 1.849753968417644501e-02 9.978994727134704590e-01
1403637146.438319206 2.166153788566589355e-01 -4.266351833939552307e-02 1.645033955574035645e-01 -2.896002726629376411e-03 6.216575205326080322e-02 1.816877350211143494e-02 9.978962540626525879e-01
1403637146.488318920 2.158963233232498169e-01 -4.305415973067283630e-02 1.645522415637969971e-01 -2.808312419801950455e-03 6.203088536858558655e-02 1.852031238377094269e-02 9.978984594345092773e-01
1403637146.538319111 2.164261937141418457e-01 -4.287721216678619385e-02 1.647788584232330322e-01 -2.860719338059425354e-03 6.213810294866561890e-02 1.824107579886913300e-02 9.978967905044555664e-01
1403637146.588319063 2.157415300607681274e-01 -4.321067780256271362e-02 1.647509038448333740e-01 -2.819682238623499870e-03 6.204140558838844299e-02 1.861207559704780579e-02 9.978960752487182617e-01
1403637146.638319016 2.164373695850372314e-01 -4.304375872015953064e-02 1.648083627223968506e-01 -2.808259800076484680e-03 6.211834773421287537e-02 1.836055330932140350e-02 9.978959560394287109e-01
1403637146.688318968 2.160958796739578247e-01 -4.297754913568496704e-02 1.647000461816787720e-01 -2.795855514705181122e-03 6.199027970433235168e-02 1.859603822231292725e-02 9.978995919227600098e-01
1403637146.738319159 2.162687629461288452e-01 -4.272291809320449829e-02 1.648596972227096558e-01 -2.826162148267030716e-03 6.214262172579765320e-02 1.834590733051300049e-02 9.978946447372436523e-01
1403637146.788318872 2.160004675388336182e-01 -4.285342246294021606e-02 1.648561954498291016e-01 -2.800002228468656540e-03 6.204022839665412903e-02 1.849398016929626465e-02 9.978983998298645020e-01
1403637146.838319063 2.162070721387863159e-01 -4.279646277427673340e-02 1.647569239139556885e-01 -2.855745609849691391e-03 6.206697598099708557e-02 1.843957044184207916e-02 9.978975653648376465e-01
1403637146.888319016 2.160731256008148193e-01 -4.284930601716041565e-02 1.645206660032272339e-01 -2.821945818141102791e-03 6.202256679534912109e-02 1.847926340997219086e-02 9.978997111320495605e-01
1403637146.938319206 2.161107361316680908e-01 -4.268753528594970703e-02 1.644997149705886841e-01 -2.837503096088767052e-03 6.208491697907447815e-02 1.836724206805229187e-02 9.978978633880615234e-01
1403637146.988318920 2.164739966392517090e-01 -4.278411343693733215e-02 1.646761596202850342e-01 -2.781510585919022560e-03 6.210191175341606140e-02 1.826392300426959991e-02 9.978988170623779297e-01
1403637147.038319111 2.161658704280853271e-01 -4.279920086264610291e-02 1.647385954856872559e-01 -2.856011968106031418e-03 6.204123422503471375e-02 1.836717315018177032e-02 9.979005455970764160e-01
1403637147.088319063 2.163823843002319336e-01 -4.270597547292709351e-02 1.648476868867874146e-01 -2.848176984116435051e-03 6.211175397038459778e-02 1.832831464707851410e-02 9.978969097137451172e-01
1403637147.138319016 2.163048684597015381e-01 -4.268110916018486023e-02 1.649329513311386108e-01 -2.876969985663890839e-03 6.212553009390830994e-02 1.838212087750434875e-02 9.978950023651123047e-01
1403637147.188318968 2.164410799741744995e-01 -4.253268986940383911e-02 1.648188084363937378e-01 -2.822733251377940178e-03 6.214800849556922913e-02 1.833075471222400665e-02 9.978946447372436523e-01
1403637147.238319159 2.164306342601776123e-01 -4.292811080813407898e-02 1.648157685995101929e-01 -2.865836722776293755e-03 6.218276545405387878e-02 1.828538440167903900e-02 9.978931546211242676e-01
1403637147.288318872 2.162692248821258545e-01 -4.297074303030967712e-02 1.645801067352294922e-01 -2.878751838579773903e-03 6.212225183844566345e-02 1.834856532514095306e-02 9.978957772254943848e-01
1403637147.338319063 2.162773162126541138e-01 -4.298556968569755554e-02 1.647565960884094238e-01 -2.826737938448786736e-03 6.208905950188636780e-02 1.835311949253082275e-02 9.978979229927062988e-01
1403637147.388319016 2.160680890083312988e-01 -4.311010241508483887e-02 1.647409051656723022e-01 -2.851104596629738808e-03 6.208151206374168396e-02 1.845060847699642181e-02 9.978964924812316895e-01
1403637147.438319206 2.162140160799026489e-01 -4.297841340303421021e-02 1.647154837846755981e-01 -2.864479552954435349e-03 6.212653592228889465e-02 1.835904084146022797e-02 9.978953599929809570e-01
1403637147.488318920 2.161766141653060913e-01 -4.282277822494506836e-02 1.646624952554702759e-01 -2.823786577209830284e-03 6.202381849288940430e-02 1.837638579308986664e-02 9.979015588760375977e-01
1403637147.538319111 2.163847386837005615e-01 -4.281528294086456299e-02 1.651233434677124023e-01 -2.793167252093553543e-03 6.205757334828376770e-02 1.834752224385738373e-02 9.979000687599182129e-01
1403637147.588319063 2.161314040422439575e-01 -4.273690655827522278e-02 1.647803187370300293e-01 -2.795592416077852249e-03 6.205048784613609314e-02 1.834637299180030823e-02 9.979004859924316406e-01
1403637147.638319016 2.163665294647216797e-01 -4.286371171474456787e-02 1.646550446748733521e-01 -2.806680276989936829e-03 6.209824234247207642e-02 1.823364757001399994e-02 9.978995919227600098e-01
1403637147.688318968 2.161831408739089966e-01 -4.311657696962356567e-02 1.645321846008300781e-01 -2.816109918057918549e-03 6.202378123998641968e-02 1.829547435045242310e-02 9.979029893875122070e-01
1403637147.738319159 2.164307981729507446e-01 -4.308419302105903625e-02 1.645843088626861572e-01 -2.784349257126450539e-03 6.209524720907211304e-02 1.826328039169311523e-02 9.978992342948913574e-01
1403637147.788318872 2.161772698163986206e-01 -4.314114153385162354e-02 1.645940989255905151e-01 -2.824726514518260956e-03 6.206370145082473755e-02 1.834318228065967560e-02 9.978996515274047852e-01
1403637147.838319063 2.163295894861221313e-01 -4.301902279257774353e-02 1.644545495510101318e-01 -2.797911874949932098e-03 6.206111609935760498e-02 1.837888173758983612e-02 9.978992342948913574e-01
1403637147.888319016 2.162289023399353027e-01 -4.268917068839073181e-02 1.643905490636825562e-01 -2.780784619972109795e-03 6.208558008074760437e-02 1.846517063677310944e-02 9.978961348533630371e-01
1403637147.938319206 2.164201587438583374e-01 -4.266505688428878784e-02 1.646227240562438965e-01 -2.787361619994044304e-03 6.209274008870124817e-02 1.835315302014350891e-02 9.978977441787719727e-01
1403637147.988318920 2.161618620157241821e-01 -4.299043864011764526e-02 1.647141724824905396e-01 -2.773286076262593269e-03 6.206922978162765503e-02 1.840991340577602386e-02 9.978982210159301758e-01
1403637148.038319111 2.161679267883300781e-01 -4.308521002531051636e-02 1.646159887313842773e-01 -2.784362062811851501e-03 6.211372464895248413e-02 1.832965016365051270e-02 9.978969097137451172e-01
1403637148.088319063 2.163708657026290894e-01 -4.306358471512794495e-02 1.647213697433471680e-01 -2.760712290182709694e-03 6.211474165320396423e-02 1.835349760949611664e-02 9.978964924812316895e-01
1403637148.138319016 2.164399176836013794e-01 -4.306513071060180664e-02 1.647823750972747803e-01 -2.739572664722800255e-03 6.218590959906578064e-02 1.829188875854015350e-02 9.978932738304138184e-01
1403637148.188318968 2.162736952304840088e-01 -4.336071759462356567e-02 1.647286713123321533e-01 -2.724814694374799728e-03 6.209783628582954407e-02 1.832923851907253265e-02 9.978981018066406250e-01
1403637148.238319159 2.162812501192092896e-01 -4.282731562852859497e-02 1.645767688751220703e-01 -2.816090127453207970e-03 6.197972595691680908e-02 1.821423321962356567e-02 9.979072809219360352e-01
1403637148.288318872 2.164494246244430542e-01 -4.282444342970848083e-02 1.649109274148941040e-01 -2.736659254878759384e-03 6.199898943305015564e-02 1.825800351798534393e-02 9.979054927825927734e-01
1403637148.338319063 2.164775431156158447e-01 -4.274604469537734985e-02 1.645950824022293091e-01 -2.890215255320072174e-03 6.192185357213020325e-02 1.819938607513904572e-02 9.979109168052673340e-01
1403637148.388319016 2.161714434623718262e-01 -4.297486692667007446e-02 1.645500957965850830e-01 -2.820423105731606483e-03 6.188486143946647644e-02 1.826324500143527985e-02 9.979122281074523926e-01
1403637148.438319206 2.158236056566238403e-01 -4.325087368488311768e-02 1.642781943082809448e-01 -2.803411567583680153e-03 6.179127097129821777e-02 1.819773949682712555e-02 9.979193210601806641e-01
1403637148.488318920 2.160782665014266968e-01 -4.302913695573806763e-02 1.643105596303939819e-01 -2.909899689257144928e-03 6.165141239762306213e-02 1.821559481322765350e-02 9.979272484779357910e-01
1403637148.538319111 2.159595340490341187e-01 -4.287260025739669800e-02 1.642712056636810303e-01 -2.919694641605019569e-03 6.156739965081214905e-02 1.807303540408611298e-02 9.979350566864013672e-01
1403637148.588319063 2.162322252988815308e-01 -4.292848706245422363e-02 1.641924679279327393e-01 -2.984792226925492287e-03 6.140621379017829895e-02 1.810285262763500214e-02 9.979442358016967773e-01
1403637148.638319016 2.161024212837219238e-01 -4.237989336252212524e-02 1.635963767766952515e-01 -3.332612337544560432e-03 6.102413684129714966e-02 1.787208579480648041e-02 9.979707002639770508e-01
1403637148.688318968 2.155405133962631226e-01 -4.280109703540802002e-02 1.630837172269821167e-01 -3.335385350510478020e-03 6.056590750813484192e-02 1.789941079914569855e-02 9.979981780052185059e-01
1403637148.738319159 2.157154679298400879e-01 -4.271379485726356506e-02 1.625182628631591797e-01 -3.589008236303925514e-03 6.030458956956863403e-02 1.765870489180088043e-02 9.980174303054809570e-01
1403637148.788318872 2.153227329254150391e-01 -4.268730804324150085e-02 1.625440865755081177e-01 -3.661268157884478569e-03 6.001931056380271912e-02 1.777209714055061340e-02 9.980322718620300293e-01
1403637148.838319063 2.156374156475067139e-01 -4.264172166585922241e-02 1.621209383010864258e-01 -3.796200500801205635e-03 5.986245721578598022e-02 1.753349415957927704e-02 9.980454444885253906e-01
1403637148.888319016 2.155308127403259277e-01 -4.221234098076820374e-02 1.617046892642974854e-01 -4.022259265184402466e-03 5.927284434437751770e-02 1.759037375450134277e-02 9.980787634849548340e-01
1403637148.938319206 2.156826853752136230e-01 -4.196678474545478821e-02 1.611232161521911621e-01 -4.173769615590572357e-03 5.898216739296913147e-02 1.738541387021541595e-02 9.980989694595336914e-01
1403637148.988318920 2.152697294950485229e-01 -4.239752888679504395e-02 1.609950214624404907e-01 -4.243300296366214752e-03 5.862217769026756287e-02 1.745359972119331360e-02 9.981186389923095703e-01
1403637149.038319111 2.156340032815933228e-01 -4.172889515757560730e-02 1.604096740484237671e-01 -4.455333575606346130e-03 5.844279378652572632e-02 1.718457788228988647e-02 9.981329441070556641e-01
1403637149.088319063 2.151626497507095337e-01 -4.196303337812423706e-02 1.603619754314422607e-01 -4.524766933172941208e-03 5.806441605091094971e-02 1.723955757915973663e-02 9.981537461280822754e-01
1403637149.138319016 2.152563780546188354e-01 -4.171622917056083679e-02 1.598917543888092041e-01 -4.717525560408830643e-03 5.782630294561386108e-02 1.721758395433425903e-02 9.981670379638671875e-01
1403637149.188318968 2.158587276935577393e-01 -4.153057932853698730e-02 1.593379825353622437e-01 -4.852420650422573090e-03 5.751657113432884216e-02 1.697142422199249268e-02 9.981884956359863281e-01
1403637149.238319159 2.158646732568740845e-01 -4.159765690565109253e-02 1.589106172323226929e-01 -4.834714345633983612e-03 5.721952393651008606e-02 1.697218045592308044e-02 9.982056617736816406e-01
1403637149.288318872 2.156462669372558594e-01 -4.159603267908096313e-02 1.583751142024993896e-01 -4.930191207677125931e-03 5.687898769974708557e-02 1.694712974131107330e-02 9.982250928878784180e-01
1403637149.338319063 2.155531197786331177e-01 -4.133142903447151184e-02 1.583302021026611328e-01 -5.083612166345119476e-03 5.649343878030776978e-02 1.673594117164611816e-02 9.982497692108154297e-01
1403637149.388319016 2.156223356723785400e-01 -4.143420979380607605e-02 1.574075818061828613e-01 -5.311414599418640137e-03 5.605179071426391602e-02 1.656859181821346283e-02 9.982762336730957031e-01
1403637149.438319206 2.161715924739837646e-01 -4.120732471346855164e-02 1.565017849206924438e-01 -5.514755379408597946e-03 5.540164560079574585e-02 1.628758572041988373e-02 9.983161091804504395e-01
1403637149.488318920 2.159470915794372559e-01 -4.098365083336830139e-02 1.558968275785446167e-01 -5.994042381644248962e-03 5.461277067661285400e-02 1.587829552590847015e-02 9.983633756637573242e-01
1403637149.538319111 2.161802947521209717e-01 -4.048818349838256836e-02 1.552932113409042358e-01 -6.519731599837541580e-03 5.411047860980033875e-02 1.522486936300992966e-02 9.983976483345031738e-01
1403637149.588319063 2.165377736091613770e-01 -3.943881392478942871e-02 1.535602658987045288e-01 -8.614962920546531677e-03 5.219454690814018250e-02 1.372192427515983582e-02 9.985055327415466309e-01
1403637149.638319016 2.173908799886703491e-01 -3.672142326831817627e-02 1.500190496444702148e-01 -1.335368584841489792e-02 4.843240231275558472e-02 1.122288778424263000e-02 9.986741542816162109e-01
1403637149.688318968 2.174861729145050049e-01 -3.347445279359817505e-02 1.447162628173828125e-01 -1.720625534653663635e-02 4.288436472415924072e-02 8.235380984842777252e-03 9.988979697227478027e-01
1403637149.738319159 2.206767350435256958e-01 -3.103630058467388153e-02 1.409047544002532959e-01 -1.877479441463947296e-02 4.024037346243858337e-02 6.484345067292451859e-03 9.989926218986511230e-01
1403637149.788318872 2.236717641353607178e-01 -2.985234931111335754e-02 1.378026455640792847e-01 -2.275751344859600067e-02 3.800756856799125671e-02 6.889025680720806122e-03 9.989945292472839355e-01
1403637149.838319063 2.279261201620101929e-01 -3.055114299058914185e-02 1.343197226524353027e-01 -2.796619944274425507e-02 3.631331026554107666e-02 6.458864081650972366e-03 9.989282488822937012e-01
1403637149.888319016 2.380925863981246948e-01 -3.107494860887527466e-02 1.298714876174926758e-01 -3.664742410182952881e-02 3.569756075739860535e-02 7.705094292759895325e-03 9.986607432365417480e-01
1403637149.938319206 2.546405196189880371e-01 -3.125645965337753296e-02 1.246967166662216187e-01 -4.559766128659248352e-02 3.670331463217735291e-02 4.937483929097652435e-03 9.982731938362121582e-01
1403637149.988318920 2.753356099128723145e-01 -3.556255623698234558e-02 1.180706769227981567e-01 -5.654468387365341187e-02 3.811984136700630188e-02 2.556728431954979897e-04 9.976720809936523438e-01
1403637150.038319111 3.027550578117370605e-01 -4.840727895498275757e-02 1.117765754461288452e-01 -6.638867408037185669e-02 4.099648445844650269e-02 -6.796148605644702911e-03 9.969281554222106934e-01
1403637150.088319063 3.349179029464721680e-01 -7.070431858301162720e-02 1.075073555111885071e-01 -7.516448199748992920e-02 4.455512389540672302e-02 -1.229773927479982376e-02 9.960993528366088867e-01
1403637150.138319016 3.698899447917938232e-01 -1.040480509400367737e-01 1.067563220858573914e-01 -8.085791021585464478e-02 4.796706885099411011e-02 -1.733288913965225220e-02 9.954199194908142090e-01
1403637150.188318968 4.068455398082733154e-01 -1.491920500993728638e-01 1.131929010152816772e-01 -8.225312083959579468e-02 5.146984010934829712e-02 -2.049722336232662201e-02 9.950703978538513184e-01
1403637150.238319159 4.440092742443084717e-01 -2.030011713504791260e-01 1.265760064125061035e-01 -8.122449368238449097e-02 5.457212030887603760e-02 -2.228969894349575043e-02 9.949511289596557617e-01
1403637150.288318872 4.805631935596466064e-01 -2.674800455570220947e-01 1.469305604696273804e-01 -7.719375938177108765e-02 5.715920031070709229e-02 -2.251266874372959137e-02 9.951217174530029297e-01
1403637150.338319063 5.164573192596435547e-01 -3.377977609634399414e-01 1.731235384941101074e-01 -7.283619046211242676e-02 5.968561768531799316e-02 -2.250461280345916748e-02 9.953020811080932617e-01
1403637150.388319016 5.509090423583984375e-01 -4.152224957942962646e-01 2.049112319946289062e-01 -6.417851895093917847e-02 6.105617061257362366e-02 -2.004939503967761993e-02 9.958671331405639648e-01
1403637150.438319206 5.860525965690612793e-01 -4.924110770225524902e-01 2.408176064491271973e-01 -5.745899304747581482e-02 6.263047456741333008e-02 -1.855218410491943359e-02 9.962087273597717285e-01
1403637150.488318920 6.215763092041015625e-01 -5.674699544906616211e-01 2.785852551460266113e-01 -5.292725190520286560e-02 6.459783762693405151e-02 -1.820505596697330475e-02 9.963405728340148926e-01
1403637150.538319111 6.582054495811462402e-01 -6.411960721015930176e-01 3.193933665752410889e-01 -4.976958036422729492e-02 6.641113013029098511e-02 -1.734602823853492737e-02 9.963993430137634277e-01
1403637150.588319063 6.937826871871948242e-01 -7.127816677093505859e-01 3.607637882232666016e-01 -4.858822748064994812e-02 6.800919771194458008e-02 -1.718822121620178223e-02 9.963526725769042969e-01
1403637150.638319016 7.298120856285095215e-01 -7.834599018096923828e-01 4.038859605789184570e-01 -4.701798781752586365e-02 6.931840628385543823e-02 -1.665597967803478241e-02 9.963467717170715332e-01
1403637150.688318968 7.663004398345947266e-01 -8.517315983772277832e-01 4.494338333606719971e-01 -4.654659330844879150e-02 7.047411054372787476e-02 -1.651497371494770050e-02 9.962901473045349121e-01
1403637150.738319159 8.026257157325744629e-01 -9.171229004859924316e-01 4.960384666919708252e-01 -4.640505462884902954e-02 7.155765593051910400e-02 -1.699552871286869049e-02 9.962114691734313965e-01
1403637150.788318872 8.373885750770568848e-01 -9.806619882583618164e-01 5.429629683494567871e-01 -4.579623416066169739e-02 7.254641503095626831e-02 -1.731174997985363007e-02 9.961627125740051270e-01
1403637150.838319063 8.726411461830139160e-01 -1.043038249015808105e+00 5.908147692680358887e-01 -4.410097375512123108e-02 7.357793301343917847e-02 -1.818147860467433929e-02 9.961479902267456055e-01
1403637150.888319016 9.066765904426574707e-01 -1.106299877166748047e+00 6.405445337295532227e-01 -4.023959115147590637e-02 7.421027868986129761e-02 -1.898664608597755432e-02 9.962495565414428711e-01
1403637150.938319206 9.394075274467468262e-01 -1.167265892028808594e+00 6.911762356758117676e-01 -3.631026670336723328e-02 7.438085973262786865e-02 -1.932958886027336121e-02 9.963811635971069336e-01
1403637150.988318920 9.719076156616210938e-01 -1.223566174507141113e+00 7.406923770904541016e-01 -3.230887278914451599e-02 7.441995292901992798e-02 -1.981461793184280396e-02 9.965065717697143555e-01
1403637151.038319111 1.002183914184570312e+00 -1.272948384284973145e+00 7.911225557327270508e-01 -2.889591641724109650e-02 7.411486655473709106e-02 -2.016707137227058411e-02 9.966270327568054199e-01
1403637151.088319063 1.032722115516662598e+00 -1.318379282951354980e+00 8.402989506721496582e-01 -2.513910084962844849e-02 7.381107658147811890e-02 -2.086461521685123444e-02 9.967370033264160156e-01
1403637151.138319016 1.058337926864624023e+00 -1.362177610397338867e+00 8.796568512916564941e-01 -2.093664556741714478e-02 7.333271950483322144e-02 -2.184234000742435455e-02 9.968484640121459961e-01
1403637151.188318968 1.084454059600830078e+00 -1.399498343467712402e+00 9.218943715095520020e-01 -1.989639177918434143e-02 7.251405715942382812e-02 -2.229485474526882172e-02 9.969196915626525879e-01
1403637151.238319159 1.107998967170715332e+00 -1.437388420104980469e+00 9.601553678512573242e-01 -2.273372747004032135e-02 7.178173214197158813e-02 -2.184398472309112549e-02 9.969220161437988281e-01
1403637151.288318872 1.128608942031860352e+00 -1.483738303184509277e+00 9.902189373970031738e-01 -2.625174634158611298e-02 7.041230797767639160e-02 -2.025286853313446045e-02 9.969667792320251465e-01
1403637151.338319063 1.147840499877929688e+00 -1.539594769477844238e+00 1.015563607215881348e+00 -3.055898286402225494e-02 6.836170703172683716e-02 -1.652105897665023804e-02 9.970556497573852539e-01
1403637151.388319016 1.166067481040954590e+00 -1.607725381851196289e+00 1.034305214881896973e+00 -3.439386188983917236e-02 6.581655144691467285e-02 -1.080332975834608078e-02 9.971803426742553711e-01
1403637151.438319206 1.184857726097106934e+00 -1.683798670768737793e+00 1.049589514732360840e+00 -3.728936985135078430e-02 6.401123851537704468e-02 -6.052073556929826736e-03 9.972339272499084473e-01
1403637151.488318920 1.208355545997619629e+00 -1.762871980667114258e+00 1.064471244812011719e+00 -3.926210105419158936e-02 6.399709731340408325e-02 -8.095397613942623138e-03 9.971445798873901367e-01
1403637151.538319111 1.231595158576965332e+00 -1.840320706367492676e+00 1.079313993453979492e+00 -4.041432589292526245e-02 6.377560645341873169e-02 -9.210532531142234802e-03 9.971030950546264648e-01
1403637151.588319063 1.258875250816345215e+00 -1.915302157402038574e+00 1.096881747245788574e+00 -4.081007838249206543e-02 6.400623172521591187e-02 -1.104507688432931900e-02 9.970535635948181152e-01
1403637151.638319016 1.287182092666625977e+00 -1.984326362609863281e+00 1.111346721649169922e+00 -4.116281494498252869e-02 6.406181305646896362e-02 -1.308765262365341187e-02 9.970107674598693848e-01
1403637151.688318968 1.315204381942749023e+00 -2.046500444412231445e+00 1.131517410278320312e+00 -4.072226583957672119e-02 6.405096501111984253e-02 -1.478281710296869278e-02 9.970058798789978027e-01
1403637151.738319159 1.346409678459167480e+00 -2.104144811630249023e+00 1.149787187576293945e+00 -4.148199781775474548e-02 6.411453336477279663e-02 -1.577621698379516602e-02 9.969552159309387207e-01
1403637151.788318872 1.378786563873291016e+00 -2.152092933654785156e+00 1.171370625495910645e+00 -4.173626750707626343e-02 6.396551430225372314e-02 -1.662967167794704437e-02 9.969403743743896484e-01
1403637151.838319063 1.408663153648376465e+00 -2.197431325912475586e+00 1.195042490959167480e+00 -4.178040474653244019e-02 6.382787227630615234e-02 -1.737003587186336517e-02 9.969346523284912109e-01
1403637151.888319016 1.440358877182006836e+00 -2.237996578216552734e+00 1.217492341995239258e+00 -4.170963540673255920e-02 6.398770213127136230e-02 -1.843173243105411530e-02 9.969083666801452637e-01
1403637151.938319206 1.473716974258422852e+00 -2.274036645889282227e+00 1.245441913604736328e+00 -4.206956923007965088e-02 6.425292044878005981e-02 -1.932066679000854492e-02 9.968593120574951172e-01
1403637151.988318920 1.505398750305175781e+00 -2.311071872711181641e+00 1.268772125244140625e+00 -4.198626056313514709e-02 6.386130303144454956e-02 -1.932977139949798584e-02 9.968878030776977539e-01
1403637152.038319111 1.535916447639465332e+00 -2.356915950775146484e+00 1.291774868965148926e+00 -4.223534837365150452e-02 6.347925961017608643e-02 -1.885690726339817047e-02 9.969107508659362793e-01
1403637152.088319063 1.565356612205505371e+00 -2.409578800201416016e+00 1.314416646957397461e+00 -4.283934831619262695e-02 6.288406252861022949e-02 -1.809302344918251038e-02 9.969368577003479004e-01
1403637152.138319016 1.595918178558349609e+00 -2.465338230133056641e+00 1.335366368293762207e+00 -4.371359944343566895e-02 6.250940263271331787e-02 -1.722570508718490601e-02 9.969378709793090820e-01
1403637152.188318968 1.626641392707824707e+00 -2.520076036453247070e+00 1.357499122619628906e+00 -4.461908340454101562e-02 6.241457536816596985e-02 -1.654945313930511475e-02 9.969151020050048828e-01
1403637152.238319159 1.657317280769348145e+00 -2.571639776229858398e+00 1.382877111434936523e+00 -4.551863670349121094e-02 6.200133636593818665e-02 -1.529629435390233994e-02 9.969202876091003418e-01
1403637152.288318872 1.690461397171020508e+00 -2.615468740463256836e+00 1.408264517784118652e+00 -4.629993438720703125e-02 6.189520284533500671e-02 -1.511724852025508881e-02 9.968935847282409668e-01
1403637152.338319063 1.724804401397705078e+00 -2.649559974670410156e+00 1.440571427345275879e+00 -4.739902913570404053e-02 6.133614853024482727e-02 -1.331429369747638702e-02 9.969021677970886230e-01
1403637152.388319016 1.759597420692443848e+00 -2.681634664535522461e+00 1.472350120544433594e+00 -4.707869887351989746e-02 6.131719425320625305e-02 -1.401891093701124191e-02 9.969089031219482422e-01
1403637152.438319206 1.796111822128295898e+00 -2.704426050186157227e+00 1.508360743522644043e+00 -4.749944061040878296e-02 6.126530095934867859e-02 -1.412716787308454514e-02 9.968906044960021973e-01
1403637152.488318920 1.833637833595275879e+00 -2.722026348114013672e+00 1.546222805976867676e+00 -4.771354421973228455e-02 6.128065288066864014e-02 -1.476047933101654053e-02 9.968702793121337891e-01
1403637152.538319111 1.873649597167968750e+00 -2.734164953231811523e+00 1.586106657981872559e+00 -4.740151017904281616e-02 6.102606281638145447e-02 -1.463674474507570267e-02 9.969025850296020508e-01
1403637152.588319063 1.912372112274169922e+00 -2.736937046051025391e+00 1.631773471832275391e+00 -4.780229181051254272e-02 6.134789809584617615e-02 -1.537720486521720886e-02 9.968525767326354980e-01
1403637152.638319016 1.954954981803894043e+00 -2.742442846298217773e+00 1.675952315330505371e+00 -4.691933840513229370e-02 6.134710460901260376e-02 -1.554572582244873047e-02 9.968919157981872559e-01
1403637152.688318968 1.994291543960571289e+00 -2.749403953552246094e+00 1.720677256584167480e+00 -4.631736129522323608e-02 6.137260422110557556e-02 -1.552343461662530899e-02 9.969188570976257324e-01
1403637152.738319159 2.036746978759765625e+00 -2.754563570022583008e+00 1.769871115684509277e+00 -4.440800100564956665e-02 6.124820187687873840e-02 -1.504646614193916321e-02 9.970207214355468750e-01
1403637152.788318872 2.078304290771484375e+00 -2.766908645629882812e+00 1.820441842079162598e+00 -4.168964922428131104e-02 6.016087532043457031e-02 -1.261090021580457687e-02 9.972379803657531738e-01
1403637152.838319063 2.121012687683105469e+00 -2.788190841674804688e+00 1.864345431327819824e+00 -3.910348936915397644e-02 5.994774028658866882e-02 -1.203628536313772202e-02 9.973627328872680664e-01
1403637152.888319016 2.165295839309692383e+00 -2.816227197647094727e+00 1.908668875694274902e+00 -3.683573007583618164e-02 5.957046896219253540e-02 -1.189890503883361816e-02 9.974732995033264160e-01
1403637152.938319206 2.209005594253540039e+00 -2.850076913833618164e+00 1.950763702392578125e+00 -3.505824133753776550e-02 5.957413837313652039e-02 -1.331612933427095413e-02 9.975191950798034668e-01
1403637152.988318920 2.258033514022827148e+00 -2.884609937667846680e+00 1.988667607307434082e+00 -3.485018759965896606e-02 5.957258865237236023e-02 -1.373652741312980652e-02 9.975208640098571777e-01
1403637153.038319111 2.302520036697387695e+00 -2.924346923828125000e+00 2.024026870727539062e+00 -3.425682336091995239e-02 5.958673730492591858e-02 -1.458791736513376236e-02 9.975285530090332031e-01
1403637153.088319063 2.354534387588500977e+00 -2.964166641235351562e+00 2.058964729309082031e+00 -3.503095358610153198e-02 6.022620573639869690e-02 -1.567495055496692657e-02 9.974467158317565918e-01
1403637153.138319016 2.402261972427368164e+00 -3.001523017883300781e+00 2.085775375366210938e+00 -3.613392636179924011e-02 6.054737791419029236e-02 -1.654097996652126312e-02 9.973739385604858398e-01
1403637153.188318968 2.451933622360229492e+00 -3.029798746109008789e+00 2.121492862701416016e+00 -3.759600594639778137e-02 6.077557429671287537e-02 -1.690502464771270752e-02 9.972999691963195801e-01
1403637153.238319159 2.501416683197021484e+00 -3.052250385284423828e+00 2.160933971405029297e+00 -3.875457867980003357e-02 6.150544807314872742e-02 -1.845045387744903564e-02 9.971834421157836914e-01
1403637153.288318872 2.552408695220947266e+00 -3.071034669876098633e+00 2.200080633163452148e+00 -3.931288793683052063e-02 6.190409511327743530e-02 -1.948910951614379883e-02 9.971171617507934570e-01
1403637153.338319063 2.599908828735351562e+00 -3.085558414459228516e+00 2.242442846298217773e+00 -3.929881006479263306e-02 6.232835352420806885e-02 -2.049533091485500336e-02 9.970711469650268555e-01
1403637153.388319016 2.650440216064453125e+00 -3.100540399551391602e+00 2.269966840744018555e+00 -4.006433486938476562e-02 6.294471025466918945e-02 -2.178796753287315369e-02 9.969744682312011719e-01
1403637153.438319206 2.697243690490722656e+00 -3.115328550338745117e+00 2.308583736419677734e+00 -4.118901491165161133e-02 6.310839205980300903e-02 -2.228553779423236847e-02 9.969073534011840820e-01
1403637153.488318920 2.743733406066894531e+00 -3.135044574737548828e+00 2.347348213195800781e+00 -4.290786758065223694e-02 6.360891461372375488e-02 -2.338015288114547729e-02 9.967779517173767090e-01
1403637153.538319111 2.787472724914550781e+00 -3.162625074386596680e+00 2.378960371017456055e+00 -4.542357847094535828e-02 6.397400051355361938e-02 -2.361934259533882141e-02 9.966374635696411133e-01
1403637153.588319063 2.831429243087768555e+00 -3.195560216903686523e+00 2.414241075515747070e+00 -4.676453769207000732e-02 6.365354359149932861e-02 -2.254269085824489594e-02 9.966208934783935547e-01
1403637153.638319016 2.871717691421508789e+00 -3.239597797393798828e+00 2.444839000701904297e+00 -4.741350561380386353e-02 6.383033096790313721e-02 -2.307630516588687897e-02 9.965667128562927246e-01
1403637153.688318968 2.914746046066284180e+00 -3.293118000030517578e+00 2.472985744476318359e+00 -4.610439017415046692e-02 6.341224908828735352e-02 -2.276181429624557495e-02 9.966620206832885742e-01
1403637153.738319159 2.954300165176391602e+00 -3.348485469818115234e+00 2.502751827239990234e+00 -4.504978284239768982e-02 6.381147354841232300e-02 -2.348381467163562775e-02 9.966680407524108887e-01
1403637153.788318872 2.989440917968750000e+00 -3.406552314758300781e+00 2.537450790405273438e+00 -4.240233078598976135e-02 6.377763301134109497e-02 -2.337677963078022003e-02 9.967888593673706055e-01
1403637153.838319063 3.028533220291137695e+00 -3.452397584915161133e+00 2.572184562683105469e+00 -4.057935997843742371e-02 6.321787834167480469e-02 -2.172989211976528168e-02 9.969376325607299805e-01
1403637153.888319016 3.063215494155883789e+00 -3.499666929244995117e+00 2.611101627349853516e+00 -3.980085998773574829e-02 6.362229585647583008e-02 -2.233788929879665375e-02 9.969298243522644043e-01
1403637153.938319206 3.095352649688720703e+00 -3.536536455154418945e+00 2.645159006118774414e+00 -3.815045952796936035e-02 6.392396986484527588e-02 -2.299888804554939270e-02 9.969600439071655273e-01
1403637153.988318920 3.131853580474853516e+00 -3.564990043640136719e+00 2.687347888946533203e+00 -3.740855306386947632e-02 6.361504644155502319e-02 -2.198808826506137848e-02 9.970307350158691406e-01
1403637154.038319111 3.165188074111938477e+00 -3.578900814056396484e+00 2.725564956665039062e+00 -3.790430724620819092e-02 6.363940238952636719e-02 -2.180796116590499878e-02 9.970144629478454590e-01
1403637154.088319063 3.202570438385009766e+00 -3.595377445220947266e+00 2.760312795639038086e+00 -4.001078754663467407e-02 6.296095997095108032e-02 -1.983457803726196289e-02 9.970164299011230469e-01
1403637154.138319016 3.234738826751708984e+00 -3.598067522048950195e+00 2.804175138473510742e+00 -4.439171403646469116e-02 6.164779886603355408e-02 -1.554775517433881760e-02 9.969891309738159180e-01
1403637154.188318968 3.272582054138183594e+00 -3.595974445343017578e+00 2.842467308044433594e+00 -5.035862326622009277e-02 5.918242037296295166e-02 -7.065488491207361221e-03 9.969511628150939941e-01
1403637154.238319159 3.305498838424682617e+00 -3.588601112365722656e+00 2.891649723052978516e+00 -5.465756356716156006e-02 5.702438578009605408e-02 1.284269616007804871e-03 9.968746900558471680e-01
1403637154.288318872 3.348358154296875000e+00 -3.577093362808227539e+00 2.938810825347900391e+00 -5.849828943610191345e-02 5.525572970509529114e-02 7.685139775276184082e-03 9.967274665832519531e-01
1403637154.338319063 3.396662712097167969e+00 -3.559365749359130859e+00 2.992182493209838867e+00 -6.016442179679870605e-02 5.450918897986412048e-02 1.077106129378080368e-02 9.966408610343933105e-01
1403637154.388319016 3.449159145355224609e+00 -3.542484521865844727e+00 3.049235582351684570e+00 -5.947892740368843079e-02 5.571506172418594360e-02 8.201078511774539948e-03 9.966397881507873535e-01
1403637154.438319206 3.509543180465698242e+00 -3.528197765350341797e+00 3.111121654510498047e+00 -5.555139854550361633e-02 5.740077048540115356e-02 3.989898599684238434e-03 9.967965483665466309e-01
1403637154.488318920 3.575075864791870117e+00 -3.506572961807250977e+00 3.178651094436645508e+00 -5.070282891392707825e-02 5.910697951912879944e-02 -2.997161354869604111e-04 9.969631433486938477e-01
1403637154.538319111 3.645181894302368164e+00 -3.482685804367065430e+00 3.243381500244140625e+00 -4.757510870695114136e-02 6.095619499683380127e-02 -4.251319449394941330e-03 9.969969391822814941e-01
1403637154.588319063 3.714278221130371094e+00 -3.466227054595947266e+00 3.309012174606323242e+00 -4.664280265569686890e-02 6.337883323431015015e-02 -8.611179888248443604e-03 9.968618154525756836e-01
1403637154.638319016 3.784579038619995117e+00 -3.451862096786499023e+00 3.377862215042114258e+00 -4.828414693474769592e-02 6.634221225976943970e-02 -1.386344619095325470e-02 9.965316057205200195e-01
1403637154.688318968 3.857783555984497070e+00 -3.434358358383178711e+00 3.447959184646606445e+00 -5.242075771093368530e-02 6.970643252134323120e-02 -1.908958517014980316e-02 9.960064291954040527e-01
1403637154.738319159 3.928802967071533203e+00 -3.427556514739990234e+00 3.515873432159423828e+00 -5.638747289776802063e-02 7.372857630252838135e-02 -2.228967472910881042e-02 9.954334497451782227e-01
1403637154.788318872 4.004282474517822266e+00 -3.421469211578369141e+00 3.587111711502075195e+00 -5.989494174718856812e-02 7.935205847024917603e-02 -2.280721254646778107e-02 9.947842955589294434e-01
1403637154.838319063 4.074867725372314453e+00 -3.420793533325195312e+00 3.662842273712158203e+00 -6.315246969461441040e-02 8.553287386894226074e-02 -2.101323753595352173e-02 9.941098690032958984e-01
1403637154.888319016 4.143598556518554688e+00 -3.426591634750366211e+00 3.742262363433837891e+00 -6.433563679456710815e-02 9.092851728200912476e-02 -1.805259659886360168e-02 9.936131238937377930e-01
1403637154.938319206 4.216575622558593750e+00 -3.434725522994995117e+00 3.823088884353637695e+00 -6.748764216899871826e-02 9.604817628860473633e-02 -1.638313382863998413e-02 9.929510951042175293e-01
1403637154.988318920 4.279667854309082031e+00 -3.454210758209228516e+00 3.912284612655639648e+00 -6.671135127544403076e-02 1.006519421935081482e-01 -1.282857637852430344e-02 9.925997257232666016e-01
1403637155.038319111 4.349293231964111328e+00 -3.482748746871948242e+00 3.999392986297607422e+00 -6.520322710275650024e-02 1.061732992529869080e-01 -1.117303874343633652e-02 9.921446442604064941e-01
1403637155.088319063 4.412493705749511719e+00 -3.524250745773315430e+00 4.092381000518798828e+00 -6.312352418899536133e-02 1.125025004148483276e-01 -7.403016090393066406e-03 9.916167855262756348e-01
1403637155.138319016 4.480556488037109375e+00 -3.583008050918579102e+00 4.187453269958496094e+00 -5.715877562761306763e-02 1.194256395101547241e-01 -4.550590645521879196e-03 9.911860227584838867e-01
1403637155.188318968 4.540710926055908203e+00 -3.640310764312744141e+00 4.287746906280517578e+00 -5.308491364121437073e-02 1.251188069581985474e-01 -1.129746553488075733e-03 9.907200336456298828e-01
1403637155.238319159 4.601044654846191406e+00 -3.707297801971435547e+00 4.380887508392333984e+00 -4.894964024424552917e-02 1.299031674861907959e-01 -4.405900253914296627e-04 9.903175830841064453e-01
1403637155.288318872 4.662576198577880859e+00 -3.776329278945922852e+00 4.477556228637695312e+00 -4.545214027166366577e-02 1.329853832721710205e-01 7.294898387044668198e-04 9.900750517845153809e-01
1403637155.338319063 4.725463867187500000e+00 -3.851524591445922852e+00 4.575538158416748047e+00 -4.130768403410911560e-02 1.364963799715042114e-01 1.613462809473276138e-03 9.897776842117309570e-01
1403637155.388319016 4.784706115722656250e+00 -3.923460960388183594e+00 4.671479225158691406e+00 -3.751575946807861328e-02 1.410402804613113403e-01 4.094237461686134338e-03 9.892843365669250488e-01
1403637155.438319206 4.844954967498779297e+00 -3.992071390151977539e+00 4.771012306213378906e+00 -3.490578383207321167e-02 1.472663879394531250e-01 6.404395680874586105e-03 9.884600043296813965e-01
1403637155.488318920 4.906560420989990234e+00 -4.051031589508056641e+00 4.867616176605224609e+00 -3.170286864042282104e-02 1.545961499214172363e-01 9.555754251778125763e-03 9.874227643013000488e-01
1403637155.538319111 4.971209526062011719e+00 -4.098859786987304688e+00 4.964914321899414062e+00 -3.007284179329872131e-02 1.612557768821716309e-01 1.354450173676013947e-02 9.863613843917846680e-01
1403637155.588319063 5.031454086303710938e+00 -4.132591724395751953e+00 5.068398952484130859e+00 -2.901209518313407898e-02 1.669197380542755127e-01 1.849836111068725586e-02 9.853699803352355957e-01
1403637155.638319016 5.098144531250000000e+00 -4.160573482513427734e+00 5.164715290069580078e+00 -2.800971269607543945e-02 1.712975800037384033e-01 2.434598840773105621e-02 9.845201373100280762e-01
1403637155.688318968 5.161097526550292969e+00 -4.186486244201660156e+00 5.258801937103271484e+00 -2.858499065041542053e-02 1.754940003156661987e-01 2.967855893075466156e-02 9.836177825927734375e-01
1403637155.738319159 5.225914001464843750e+00 -4.203983783721923828e+00 5.355323791503906250e+00 -2.769039385020732880e-02 1.810478717088699341e-01 3.423679992556571960e-02 9.824880957603454590e-01
1403637155.788318872 5.297258377075195312e+00 -4.214463710784912109e+00 5.448878288269042969e+00 -2.766360901296138763e-02 1.874662786722183228e-01 3.987988084554672241e-02 9.810712337493896484e-01
1403637155.838319063 5.372408390045166016e+00 -4.219727516174316406e+00 5.536205768585205078e+00 -2.670565433800220490e-02 1.952163428068161011e-01 4.538410529494285583e-02 9.793455600738525391e-01
1403637155.888319016 5.452572822570800781e+00 -4.220864772796630859e+00 5.623634338378906250e+00 -2.895998209714889526e-02 2.049216032028198242e-01 4.961410537362098694e-02 9.770910739898681641e-01
1403637155.938319206 5.534403800964355469e+00 -4.211782455444335938e+00 5.712727069854736328e+00 -3.166658431291580200e-02 2.154907286167144775e-01 5.310749262571334839e-02 9.745463132858276367e-01
1403637155.988318920 5.622622489929199219e+00 -4.203382015228271484e+00 5.802159786224365234e+00 -3.191277012228965759e-02 2.266780585050582886e-01 5.680221319198608398e-02 9.717881679534912109e-01
1403637156.038319111 5.721166133880615234e+00 -4.197253227233886719e+00 5.876409530639648438e+00 -2.992868237197399139e-02 2.374367713928222656e-01 6.158178299665451050e-02 9.689870476722717285e-01
1403637156.088319063 5.816936016082763672e+00 -4.184569358825683594e+00 5.962886810302734375e+00 -2.717967890202999115e-02 2.482961863279342651e-01 6.725663691759109497e-02 9.659642577171325684e-01
1403637156.138319016 5.921913146972656250e+00 -4.172357082366943359e+00 6.041977882385253906e+00 -2.415231429040431976e-02 2.595424652099609375e-01 7.238526642322540283e-02 9.627122282981872559e-01
1403637156.188318968 6.026438236236572266e+00 -4.163754463195800781e+00 6.124185562133789062e+00 -2.215915732085704803e-02 2.712946236133575439e-01 7.812714576721191406e-02 9.590643644332885742e-01
1403637156.238319159 6.130941390991210938e+00 -4.161118507385253906e+00 6.178255081176757812e+00 -1.983164250850677490e-02 2.832692861557006836e-01 8.389925211668014526e-02 9.551576972007751465e-01
1403637156.288318872 6.246923446655273438e+00 -4.144525051116943359e+00 6.249225139617919922e+00 -1.851569674909114838e-02 2.959422767162322998e-01 8.860564976930618286e-02 9.509071707725524902e-01
1403637156.338319063 6.367492198944091797e+00 -4.129022121429443359e+00 6.305297374725341797e+00 -1.713283173739910126e-02 3.081703782081604004e-01 9.466316550970077515e-02 9.464546442031860352e-01
1403637156.388319016 6.493677616119384766e+00 -4.111201286315917969e+00 6.365459442138671875e+00 -1.668219082057476044e-02 3.213337361812591553e-01 9.910270571708679199e-02 9.416183233261108398e-01
1403637156.438319206 6.618458271026611328e+00 -4.092589855194091797e+00 6.417742729187011719e+00 -1.622970402240753174e-02 3.342499732971191406e-01 1.040476933121681213e-01 9.365829825401306152e-01
1403637156.488318920 6.755636692047119141e+00 -4.070522308349609375e+00 6.454778671264648438e+00 -1.495914068073034286e-02 3.470980823040008545e-01 1.081637814640998840e-01 9.314503669738769531e-01
1403637156.538319111 6.884206295013427734e+00 -4.061546802520751953e+00 6.488210678100585938e+00 -1.305190753191709518e-02 3.601177334785461426e-01 1.112741827964782715e-01 9.261549711227416992e-01
1403637156.588319063 7.028044223785400391e+00 -4.032963752746582031e+00 6.523426532745361328e+00 -1.262458227574825287e-02 3.727608621120452881e-01 1.141521781682968140e-01 9.207927584648132324e-01
1403637156.638319016 7.180823802947998047e+00 -4.004866123199462891e+00 6.550539970397949219e+00 -1.117079984396696091e-02 3.856394290924072266e-01 1.166339516639709473e-01 9.151797294616699219e-01
1403637156.688318968 7.324087619781494141e+00 -3.971951484680175781e+00 6.578976631164550781e+00 -1.099037844687700272e-02 3.983356356620788574e-01 1.187379136681556702e-01 9.094555377960205078e-01
1403637156.738319159 7.473177433013916016e+00 -3.927087783813476562e+00 6.601739883422851562e+00 -1.029955502599477768e-02 4.105320274829864502e-01 1.199460178613662720e-01 9.038640856742858887e-01
1403637156.788318872 7.626291751861572266e+00 -3.880264759063720703e+00 6.610622406005859375e+00 -1.302849221974611282e-02 4.208494424819946289e-01 1.206714957952499390e-01 8.989741206169128418e-01
1403637156.838319063 7.761384010314941406e+00 -3.816116809844970703e+00 6.627068042755126953e+00 -1.714500039815902710e-02 4.299879372119903564e-01 1.199248060584068298e-01 8.946700692176818848e-01
1403637156.888319016 7.915236473083496094e+00 -3.752386569976806641e+00 6.636806488037109375e+00 -2.142917923629283905e-02 4.370495080947875977e-01 1.202234402298927307e-01 8.911088109016418457e-01
1403637156.938319206 8.070262908935546875e+00 -3.678519248962402344e+00 6.641366004943847656e+00 -2.572160772979259491e-02 4.429017305374145508e-01 1.185695827007293701e-01 8.883230090141296387e-01
1403637156.988318920 8.221120834350585938e+00 -3.606970787048339844e+00 6.649282932281494141e+00 -2.992089465260505676e-02 4.469885528087615967e-01 1.188550442457199097e-01 8.861035704612731934e-01
1403637157.038319111 8.378590583801269531e+00 -3.527733802795410156e+00 6.659601211547851562e+00 -3.296501189470291138e-02 4.494637548923492432e-01 1.198343262076377869e-01 8.846103549003601074e-01
1403637157.088319063 8.531808853149414062e+00 -3.443742275238037109e+00 6.673802375793457031e+00 -3.454566746950149536e-02 4.506416022777557373e-01 1.216431632637977600e-01 8.837034106254577637e-01
1403637157.138319016 8.689534187316894531e+00 -3.369924068450927734e+00 6.680877208709716797e+00 -3.500359505414962769e-02 4.508203864097595215e-01 1.241728886961936951e-01 8.832422494888305664e-01
1403637157.188318968 8.843168258666992188e+00 -3.302640438079833984e+00 6.692564964294433594e+00 -3.470842540264129639e-02 4.503914713859558105e-01 1.259910166263580322e-01 8.832152485847473145e-01
1403637157.238319159 9.005508422851562500e+00 -3.246196269989013672e+00 6.700281143188476562e+00 -3.390077129006385803e-02 4.498426020145416260e-01 1.276804208755493164e-01 8.832837343215942383e-01
1403637157.288318872 9.164696693420410156e+00 -3.197327136993408203e+00 6.710780143737792969e+00 -3.272366151213645935e-02 4.488195180892944336e-01 1.292517781257629395e-01 8.836199045181274414e-01
1403637157.338319063 9.323636054992675781e+00 -3.155593633651733398e+00 6.706010341644287109e+00 -3.103389963507652283e-02 4.471357762813568115e-01 1.311803162097930908e-01 8.842501044273376465e-01
1403637157.388319016 9.503778457641601562e+00 -3.117443799972534180e+00 6.695790290832519531e+00 -2.911068871617317200e-02 4.447529315948486328e-01 1.346872895956039429e-01 8.849897384643554688e-01
1403637157.438319206 9.674288749694824219e+00 -3.095742702484130859e+00 6.693952560424804688e+00 -2.709685638546943665e-02 4.421273767948150635e-01 1.387560069561004639e-01 8.857403397560119629e-01
1403637157.488318920 9.849595069885253906e+00 -3.081079244613647461e+00 6.685531616210937500e+00 -2.578726038336753845e-02 4.395255446434020996e-01 1.415722519159317017e-01 8.866282701492309570e-01
1403637157.538319111 1.002605152130126953e+01 -3.069613456726074219e+00 6.670902729034423828e+00 -2.442759647965431213e-02 4.371904730796813965e-01 1.440194696187973022e-01 8.874267339706420898e-01
1403637157.588319063 1.021890830993652344e+01 -3.062710762023925781e+00 6.639939785003662109e+00 -2.322415076196193695e-02 4.350229203701019287e-01 1.449872106313705444e-01 8.883661627769470215e-01
1403637157.638319016 1.042008781433105469e+01 -3.058898210525512695e+00 6.594964981079101562e+00 -2.334225922822952271e-02 4.333463907241821289e-01 1.449097692966461182e-01 8.891947865486145020e-01
1403637157.688318968 1.062346458435058594e+01 -3.071608543395996094e+00 6.553009510040283203e+00 -2.330976352095603943e-02 4.317959249019622803e-01 1.451895684003829956e-01 8.899039030075073242e-01
1403637157.738319159 1.081884860992431641e+01 -3.091071605682373047e+00 6.508266448974609375e+00 -2.336177974939346313e-02 4.305362999439239502e-01 1.454225927591323853e-01 8.904746174812316895e-01
1403637157.788318872 1.102714443206787109e+01 -3.106785058975219727e+00 6.461340904235839844e+00 -2.052003517746925354e-02 4.306908547878265381e-01 1.423143446445465088e-01 8.909718990325927734e-01
1403637157.838319063 1.122904872894287109e+01 -3.119247198104858398e+00 6.411604881286621094e+00 -1.807538606226444244e-02 4.316223561763763428e-01 1.377031803131103516e-01 8.912987112998962402e-01
1403637157.888319016 1.145413398742675781e+01 -3.127521991729736328e+00 6.351622104644775391e+00 -1.590809412300586700e-02 4.323771297931671143e-01 1.341198831796646118e-01 8.915205597877502441e-01
1403637157.938319206 1.167553615570068359e+01 -3.139418363571166992e+00 6.292792797088623047e+00 -1.403515879064798355e-02 4.335779249668121338e-01 1.295639574527740479e-01 8.916425108909606934e-01
1403637157.988318920 1.190097904205322266e+01 -3.137236833572387695e+00 6.220833301544189453e+00 -1.382430549710988998e-02 4.347138106822967529e-01 1.254184991121292114e-01 8.916854858398437500e-01
1403637158.038319111 1.211376476287841797e+01 -3.113739490509033203e+00 6.159273147583007812e+00 -1.406703237444162369e-02 4.363832771778106689e-01 1.193133890628814697e-01 8.917040228843688965e-01
1403637158.088319063 1.234141635894775391e+01 -3.107031583786010742e+00 6.086389541625976562e+00 -1.480779424309730530e-02 4.379083216190338135e-01 1.149212941527366638e-01 8.915212750434875488e-01
1403637158.138319016 1.256038665771484375e+01 -3.105619907379150391e+00 6.009242057800292969e+00 -1.470317039638757706e-02 4.383930265903472900e-01 1.127869859337806702e-01 8.915573358535766602e-01
1403637158.188318968 1.278082752227783203e+01 -3.115069389343261719e+00 5.925803184509277344e+00 -1.519599929451942444e-02 4.389713704586029053e-01 1.108512058854103088e-01 8.915073275566101074e-01
1403637158.238319159 1.300072860717773438e+01 -3.123667955398559570e+00 5.845297336578369141e+00 -1.354368589818477631e-02 4.398441612720489502e-01 1.105011329054832458e-01 8.911471366882324219e-01
1403637158.288318872 1.321732234954833984e+01 -3.142887115478515625e+00 5.753850460052490234e+00 -1.411029882729053497e-02 4.416911005973815918e-01 1.110361739993095398e-01 8.901578187942504883e-01
1403637158.338319063 1.343288803100585938e+01 -3.159852027893066406e+00 5.663206577301025391e+00 -1.379598770290613174e-02 4.453337788581848145e-01 1.116271093487739563e-01 8.882719278335571289e-01
1403637158.388319016 1.365173530578613281e+01 -3.183107376098632812e+00 5.564210414886474609e+00 -1.250129472464323044e-02 4.497121870517730713e-01 1.147638559341430664e-01 8.856816887855529785e-01
1403637158.438319206 1.387198734283447266e+01 -3.187853097915649414e+00 5.471957206726074219e+00 -1.124157849699258804e-02 4.557234048843383789e-01 1.170859187841415405e-01 8.823155760765075684e-01
1403637158.488318920 1.409296131134033203e+01 -3.196795225143432617e+00 5.362503051757812500e+00 -8.953006938099861145e-03 4.621962308883666992e-01 1.211258918046951294e-01 8.784207701683044434e-01
1403637158.538319111 1.430883026123046875e+01 -3.196485996246337891e+00 5.259313583374023438e+00 -6.224458105862140656e-03 4.692846238613128662e-01 1.264779865741729736e-01 8.739202618598937988e-01
1403637158.588319063 1.452089977264404297e+01 -3.178431987762451172e+00 5.156501770019531250e+00 -3.144484013319015503e-03 4.767762124538421631e-01 1.332700550556182861e-01 8.688577413558959961e-01
1403637158.638319016 1.473641967773437500e+01 -3.162066221237182617e+00 5.050070285797119141e+00 -6.232497980818152428e-04 4.848198294639587402e-01 1.400039792060852051e-01 8.633355498313903809e-01
1403637158.688318968 1.494031620025634766e+01 -3.134676694869995117e+00 4.945630073547363281e+00 1.580073614604771137e-03 4.944376945495605469e-01 1.447895765304565430e-01 8.570675849914550781e-01
1403637158.738319159 1.516472053527832031e+01 -3.109354734420776367e+00 4.820876121520996094e+00 2.323676133528351784e-03 5.040362477302551270e-01 1.491816490888595581e-01 8.506979346275329590e-01
1403637158.788318872 1.540330505371093750e+01 -3.064352512359619141e+00 4.686091423034667969e+00 1.646208111196756363e-03 5.125195980072021484e-01 1.524634212255477905e-01 8.450301289558410645e-01
1403637158.838319063 1.561519432067871094e+01 -3.019633531570434570e+00 4.561114311218261719e+00 -1.940855639986693859e-03 5.201128721237182617e-01 1.550220102071762085e-01 8.399090170860290527e-01
1403637158.888319016 1.582700347900390625e+01 -2.975623369216918945e+00 4.432165145874023438e+00 -3.652838757261633873e-03 5.260080695152282715e-01 1.577901691198348999e-01 8.357059955596923828e-01
1403637158.938319206 1.604066848754882812e+01 -2.921649694442749023e+00 4.296559333801269531e+00 -7.761804852634668350e-03 5.321496725082397461e-01 1.555439829826354980e-01 8.322034478187561035e-01
1403637158.988318920 1.624725723266601562e+01 -2.886627912521362305e+00 4.162275314331054688e+00 -1.229770481586456299e-02 5.368048548698425293e-01 1.550681740045547485e-01 8.292425870895385742e-01
1403637159.038319111 1.645955657958984375e+01 -2.849136114120483398e+00 4.016786575317382812e+00 -1.605141349136829376e-02 5.407396554946899414e-01 1.538892835378646851e-01 8.268380165100097656e-01
1403637159.088319063 1.667350387573242188e+01 -2.828087568283081055e+00 3.871542930603027344e+00 -1.740017347037792206e-02 5.430080890655517578e-01 1.541025638580322266e-01 8.252829313278198242e-01
1403637159.138319016 1.688623619079589844e+01 -2.805172204971313477e+00 3.724209785461425781e+00 -1.658610999584197998e-02 5.440037250518798828e-01 1.555670946836471558e-01 8.243687152862548828e-01
1403637159.188318968 1.711053085327148438e+01 -2.774020433425903320e+00 3.559407234191894531e+00 -1.379924267530441284e-02 5.434982776641845703e-01 1.586750000715255737e-01 8.241611123085021973e-01
1403637159.238319159 1.732370758056640625e+01 -2.746652364730834961e+00 3.410231590270996094e+00 -1.136136893182992935e-02 5.427090525627136230e-01 1.617438346147537231e-01 8.241218328475952148e-01
1403637159.288318872 1.752957725524902344e+01 -2.700056314468383789e+00 3.267341613769531250e+00 -9.495619684457778931e-03 5.416252017021179199e-01 1.641672551631927490e-01 8.243792653083801270e-01
1403637159.338319063 1.774205207824707031e+01 -2.655878067016601562e+00 3.114520072937011719e+00 -8.317080326378345490e-03 5.403919219970703125e-01 1.662848740816116333e-01 8.247768282890319824e-01
1403637159.388319016 1.795446014404296875e+01 -2.604591369628906250e+00 2.968060493469238281e+00 -7.919278927147388458e-03 5.393173694610595703e-01 1.674413084983825684e-01 8.252499699592590332e-01
1403637159.438319206 1.817229652404785156e+01 -2.543698310852050781e+00 2.808007240295410156e+00 -8.285781368613243103e-03 5.385216474533081055e-01 1.663751006126403809e-01 8.259813189506530762e-01
1403637159.488318920 1.838908004760742188e+01 -2.482956171035766602e+00 2.656187057495117188e+00 -7.901090197265148163e-03 5.374723672866821289e-01 1.659713238477706909e-01 8.267493844032287598e-01
1403637159.538319111 1.861156082153320312e+01 -2.415752649307250977e+00 2.493279457092285156e+00 -1.172638125717639923e-02 5.376594066619873047e-01 1.621647328138351440e-01 8.273375630378723145e-01
1403637159.588319063 1.883290481567382812e+01 -2.343411207199096680e+00 2.331089019775390625e+00 -1.531891338527202606e-02 5.376273393630981445e-01 1.593277752399444580e-01 8.278508186340332031e-01
1403637159.638319016 1.905547714233398438e+01 -2.269290447235107422e+00 2.170580863952636719e+00 -1.927375607192516327e-02 5.379489064216613770e-01 1.558449864387512207e-01 8.282221555709838867e-01
1403637159.688318968 1.928345298767089844e+01 -2.197605371475219727e+00 2.006058692932128906e+00 -2.148497290909290314e-02 5.379036068916320801e-01 1.527523398399353027e-01 8.287730216979980469e-01
1403637159.738319159 1.952781486511230469e+01 -2.125633001327514648e+00 1.821420669555664062e+00 -2.349578402936458588e-02 5.378842353820800781e-01 1.492970138788223267e-01 8.293606042861938477e-01
1403637159.788318872 1.975682258605957031e+01 -2.073882102966308594e+00 1.652079582214355469e+00 -2.392926253378391266e-02 5.379118919372558594e-01 1.473441869020462036e-01 8.296793699264526367e-01
1403637159.838319063 1.998538017272949219e+01 -2.033864021301269531e+00 1.481955528259277344e+00 -2.427110821008682251e-02 5.391789674758911133e-01 1.454815715551376343e-01 8.291755318641662598e-01
1403637159.888319016 2.021244621276855469e+01 -1.988558530807495117e+00 1.308940887451171875e+00 -2.518772147595882416e-02 5.422050356864929199e-01 1.444219648838043213e-01 8.273582458496093750e-01
1403637159.938319206 2.044942855834960938e+01 -1.954312562942504883e+00 1.142598152160644531e+00 -2.551290765404701233e-02 5.466923117637634277e-01 1.472761034965515137e-01 8.238849639892578125e-01
1403637159.988318920 2.067315864562988281e+01 -1.917042016983032227e+00 9.720745086669921875e-01 -2.623677439987659454e-02 5.529994964599609375e-01 1.496426165103912354e-01 8.192131519317626953e-01
1403637160.038319111 2.091979026794433594e+01 -1.864618539810180664e+00 7.902202606201171875e-01 -2.286136150360107422e-02 5.601905584335327148e-01 1.521589756011962891e-01 8.139482140541076660e-01
1403637160.088319063 2.115672683715820312e+01 -1.814980030059814453e+00 6.278190612792968750e-01 -1.792511902749538422e-02 5.682618021965026855e-01 1.550591289997100830e-01 8.079071640968322754e-01
1403637160.138319016 2.139813232421875000e+01 -1.767018079757690430e+00 4.546127319335937500e-01 -1.252075191587209702e-02 5.767365694046020508e-01 1.583879142999649048e-01 8.013311028480529785e-01
1403637160.188318968 2.163650512695312500e+01 -1.717541217803955078e+00 2.707862854003906250e-01 -9.164850227534770966e-03 5.862717628479003906e-01 1.613459140062332153e-01 7.938318848609924316e-01
1403637160.238319159 2.187876129150390625e+01 -1.646280288696289062e+00 1.077957153320312500e-01 -7.405422162264585495e-03 5.970455408096313477e-01 1.635881066322326660e-01 7.853157520294189453e-01
1403637160.288318872 2.212416267395019531e+01 -1.585365295410156250e+00 -5.838012695312500000e-02 -5.515661556273698807e-03 6.077685952186584473e-01 1.673218160867691040e-01 7.762669324874877930e-01
1403637160.338319063 2.235826301574707031e+01 -1.503561973571777344e+00 -2.285442352294921875e-01 -4.772605840116739273e-03 6.193091273307800293e-01 1.700251698493957520e-01 7.665017247200012207e-01
1403637160.388319016 2.259160423278808594e+01 -1.424120426177978516e+00 -3.953895568847656250e-01 -3.498106030747294426e-03 6.309604644775390625e-01 1.745717674493789673e-01 7.559109330177307129e-01
1403637160.438319206 2.283025932312011719e+01 -1.338719367980957031e+00 -5.837326049804687500e-01 -4.289368167519569397e-03 6.430951952934265137e-01 1.776833385229110718e-01 7.448750734329223633e-01
1403637160.488318920 2.305809593200683594e+01 -1.244441986083984375e+00 -7.575626373291015625e-01 -6.087653338909149170e-03 6.557625532150268555e-01 1.804372817277908325e-01 7.330626845359802246e-01
1403637160.538319111 2.328720092773437500e+01 -1.148167133331298828e+00 -9.196395874023437500e-01 -9.160870686173439026e-03 6.684259772300720215e-01 1.836021691560745239e-01 7.207031846046447754e-01
1403637160.588319063 2.351532745361328125e+01 -1.060045719146728516e+00 -1.105720520019531250e+00 -1.044479012489318848e-02 6.802536845207214355e-01 1.868606656789779663e-01 7.086811065673828125e-01
1403637160.638319016 2.374831962585449219e+01 -9.691333770751953125e-01 -1.264402389526367188e+00 -1.346462033689022064e-02 6.918950080871582031e-01 1.897324919700622559e-01 6.964923739433288574e-01
1403637160.688318968 2.397364997863769531e+01 -8.731546401977539062e-01 -1.423181533813476562e+00 -1.559469569474458694e-02 7.010059952735900879e-01 1.939137727022171021e-01 6.861085891723632812e-01
1403637160.738319159 2.419780158996582031e+01 -7.771625518798828125e-01 -1.588016510009765625e+00 -1.814553886651992798e-02 7.080601453781127930e-01 1.983665823936462402e-01 6.774750351905822754e-01
1403637160.788318872 2.441844749450683594e+01 -6.868467330932617188e-01 -1.746980667114257812e+00 -2.121679857373237610e-02 7.140834331512451172e-01 2.009591013193130493e-01 6.702612638473510742e-01
1403637160.838319063 2.463443183898925781e+01 -6.125864982604980469e-01 -1.911289215087890625e+00 -2.234387025237083435e-02 7.185439467430114746e-01 2.032752484083175659e-01 6.647364497184753418e-01
1403637160.888319016 2.486170959472656250e+01 -5.496087074279785156e-01 -2.062927246093750000e+00 -2.283492498099803925e-02 7.219250798225402832e-01 2.060833424329757690e-01 6.601760983467102051e-01
1403637160.938319206 2.508822822570800781e+01 -5.053520202636718750e-01 -2.204900741577148438e+00 -2.405505813658237457e-02 7.241807579994201660e-01 2.096464484930038452e-01 6.565302610397338867e-01
1403637160.988318920 2.530390357971191406e+01 -4.657344818115234375e-01 -2.359066009521484375e+00 -2.330452390015125275e-02 7.251637578010559082e-01 2.134741097688674927e-01 6.542348265647888184e-01
1403637161.038319111 2.554051780700683594e+01 -4.539995193481445312e-01 -2.505771636962890625e+00 -2.173127420246601105e-02 7.253180742263793945e-01 2.180969864130020142e-01 6.525911688804626465e-01
1403637161.088319063 2.577437591552734375e+01 -4.579200744628906250e-01 -2.661832809448242188e+00 -1.833976060152053833e-02 7.251343727111816406e-01 2.220061123371124268e-01 6.515804529190063477e-01
1403637161.138319016 2.600487518310546875e+01 -4.698085784912109375e-01 -2.820123672485351562e+00 -1.270200125873088837e-02 7.246064543724060059e-01 2.257187515497207642e-01 6.510263085365295410e-01
1403637161.188318968 2.623349380493164062e+01 -4.900312423706054688e-01 -2.982336044311523438e+00 -3.976650070399045944e-03 7.232075333595275879e-01 2.307667136192321777e-01 6.509239077568054199e-01
1403637161.238319159 2.646703147888183594e+01 -5.192842483520507812e-01 -3.155899047851562500e+00 6.593734957277774811e-03 7.220547199249267578e-01 2.337018102407455444e-01 6.511352062225341797e-01
1403637161.288318872 2.670491027832031250e+01 -5.623664855957031250e-01 -3.325046539306640625e+00 1.482421066612005234e-02 7.204205989837646484e-01 2.375563085079193115e-01 6.514149904251098633e-01
1403637161.338319063 2.693784141540527344e+01 -5.904035568237304688e-01 -3.510311126708984375e+00 2.031563781201839447e-02 7.193305492401123047e-01 2.392131537199020386e-01 6.518650054931640625e-01
1403637161.388319016 2.716924285888671875e+01 -6.239051818847656250e-01 -3.695848464965820312e+00 2.042367123067378998e-02 7.196760773658752441e-01 2.378536313772201538e-01 6.519777774810791016e-01
1403637161.438319206 2.738248062133789062e+01 -6.345787048339843750e-01 -3.903264999389648438e+00 1.707619614899158478e-02 7.214131951332092285e-01 2.347418963909149170e-01 6.512816548347473145e-01
1403637161.488318920 2.761797904968261719e+01 -6.855897903442382812e-01 -4.103096008300781250e+00 1.476478949189186096e-02 7.240760922431945801e-01 2.328485995531082153e-01 6.490588784217834473e-01
1403637161.538319111 2.784397315979003906e+01 -7.159757614135742188e-01 -4.329463958740234375e+00 1.122739072889089584e-02 7.271463871002197266e-01 2.327038794755935669e-01 6.457406282424926758e-01
1403637161.588319063 2.806907653808593750e+01 -7.616825103759765625e-01 -4.560623168945312500e+00 9.986647404730319977e-03 7.311706542968750000e-01 2.325530499219894409e-01 6.412556767463684082e-01
1403637161.638319016 2.829679107666015625e+01 -8.007421493530273438e-01 -4.785545349121093750e+00 8.923584595322608948e-03 7.355109453201293945e-01 2.324233502149581909e-01 6.363360285758972168e-01
1403637161.688318968 2.852185821533203125e+01 -8.271512985229492188e-01 -5.015052795410156250e+00 9.955487214028835297e-03 7.402135133743286133e-01 2.304822057485580444e-01 6.315559148788452148e-01
1403637161.738319159 2.873649787902832031e+01 -8.217267990112304688e-01 -5.272985458374023438e+00 1.207775529474020004e-02 7.447932958602905273e-01 2.261292934417724609e-01 6.276962757110595703e-01
1403637161.788318872 2.895560836791992188e+01 -8.325719833374023438e-01 -5.515687942504882812e+00 1.455929037183523178e-02 7.503016591072082520e-01 2.184760123491287231e-01 6.237818002700805664e-01
1403637161.838319063 2.917519187927246094e+01 -8.383474349975585938e-01 -5.752901077270507812e+00 1.879190467298030853e-02 7.560633420944213867e-01 2.096102833747863770e-01 6.197407245635986328e-01
1403637161.888319016 2.938161277770996094e+01 -8.304309844970703125e-01 -6.003431320190429688e+00 2.251897007226943970e-02 7.615571618080139160e-01 2.006404548883438110e-01 6.158466339111328125e-01
1403637161.938319206 2.957885932922363281e+01 -8.322744369506835938e-01 -6.240076065063476562e+00 2.812675200402736664e-02 7.663060426712036133e-01 1.927619725465774536e-01 6.122310757637023926e-01
1403637161.988318920 2.977166557312011719e+01 -8.191232681274414062e-01 -6.482124328613281250e+00 3.242942690849304199e-02 7.701413035392761230e-01 1.855962723493576050e-01 6.094134449958801270e-01
1403637162.038319111 2.995664596557617188e+01 -8.037614822387695312e-01 -6.706399917602539062e+00 3.601036220788955688e-02 7.734659314155578613e-01 1.797326058149337769e-01 6.067536473274230957e-01
1403637162.088319063 3.012676620483398438e+01 -7.717828750610351562e-01 -6.933393478393554688e+00 3.852171450853347778e-02 7.755834460258483887e-01 1.768027544021606445e-01 6.047539710998535156e-01
1403637162.138319016 3.028095817565917969e+01 -7.468299865722656250e-01 -7.147178649902343750e+00 4.162057116627693176e-02 7.764464616775512695e-01 1.766171455383300781e-01 6.034941077232360840e-01
1403637162.188318968 3.042786216735839844e+01 -7.142410278320312500e-01 -7.353170394897460938e+00 4.459725320339202881e-02 7.757368087768554688e-01 1.809286326169967651e-01 6.029165387153625488e-01
1403637162.238319159 3.055519104003906250e+01 -6.658201217651367188e-01 -7.567232131958007812e+00 4.706892743706703186e-02 7.738997936248779297e-01 1.876213401556015015e-01 6.030438542366027832e-01
1403637162.288318872 3.066645240783691406e+01 -6.118221282958984375e-01 -7.785442352294921875e+00 4.891062900424003601e-02 7.718169689178466797e-01 1.938541084527969360e-01 6.035950183868408203e-01
1403637162.338319063 3.077223777770996094e+01 -5.380315780639648438e-01 -7.993738174438476562e+00 4.904959350824356079e-02 7.701728343963623047e-01 1.985443830490112305e-01 6.041590571403503418e-01
1403637162.388319016 3.086375236511230469e+01 -4.792642593383789062e-01 -8.196899414062500000e+00 5.050034075975418091e-02 7.680670022964477539e-01 2.044135630130767822e-01 6.047627329826354980e-01
1403637162.438319206 3.094222450256347656e+01 -3.976583480834960938e-01 -8.410524368286132812e+00 5.161375924944877625e-02 7.652736306190490723e-01 2.113964855670928955e-01 6.058084368705749512e-01
1403637162.488318920 3.101662826538085938e+01 -3.278713226318359375e-01 -8.616748809814453125e+00 4.524007812142372131e-02 7.629681825637817383e-01 2.190745472908020020e-01 6.064975261688232422e-01
1403637162.538319111 3.108506011962890625e+01 -2.631425857543945312e-01 -8.834663391113281250e+00 3.690901398658752441e-02 7.616938948631286621e-01 2.238101512193679810e-01 6.069343090057373047e-01
1403637162.588319063 3.113320732116699219e+01 -1.868581771850585938e-01 -9.060398101806640625e+00 3.135199844837188721e-02 7.615316510200500488e-01 2.240889817476272583e-01 6.073473691940307617e-01
1403637162.638319016 3.118546867370605469e+01 -1.370420455932617188e-01 -9.296754837036132812e+00 2.894065529108047485e-02 7.628598809242248535e-01 2.194437384605407715e-01 6.074962615966796875e-01
1403637162.688318968 3.122793960571289062e+01 -8.691596984863281250e-02 -9.541156768798828125e+00 3.394645079970359802e-02 7.652140855789184570e-01 2.125034332275390625e-01 6.067432761192321777e-01
1403637162.738319159 3.126286888122558594e+01 -3.907585144042968750e-02 -9.790718078613281250e+00 4.363963752985000610e-02 7.685031890869140625e-01 2.056009024381637573e-01 6.043399572372436523e-01
1403637162.788318872 3.128655242919921875e+01 2.301502227783203125e-02 -1.005252075195312500e+01 5.168509110808372498e-02 7.726929783821105957e-01 2.007912248373031616e-01 5.999643206596374512e-01
1403637162.838319063 3.130367279052734375e+01 7.173633575439453125e-02 -1.029207038879394531e+01 5.363343283534049988e-02 7.783322334289550781e-01 1.989213824272155762e-01 5.930874347686767578e-01
1403637162.888319016 3.131774711608886719e+01 1.448383331298828125e-01 -1.052554702758789062e+01 5.511910095810890198e-02 7.851573228836059570e-01 1.974185705184936523e-01 5.843935608863830566e-01
1403637162.938319206 3.131251335144042969e+01 2.244920730590820312e-01 -1.077162170410156250e+01 5.358399450778961182e-02 7.929427027702331543e-01 1.962176114320755005e-01 5.743425488471984863e-01
1403637162.988318920 3.129229736328125000e+01 3.050441741943359375e-01 -1.102125167846679688e+01 5.067236721515655518e-02 8.011703491210937500e-01 1.960407644510269165e-01 5.631397366523742676e-01
1403637163.038319111 3.125901222229003906e+01 4.089822769165039062e-01 -1.128823471069335938e+01 4.814526066184043884e-02 8.097485303878784180e-01 1.966866403818130493e-01 5.507302284240722656e-01
1403637163.088319063 3.122598266601562500e+01 4.989166259765625000e-01 -1.152195739746093750e+01 4.555649310350418091e-02 8.193333148956298828e-01 1.980193853378295898e-01 5.361025929450988770e-01
1403637163.138319016 3.117215156555175781e+01 5.993318557739257812e-01 -1.176826858520507812e+01 4.238190874457359314e-02 8.293367624282836914e-01 1.985837519168853760e-01 5.205466747283935547e-01
1403637163.188318968 3.110897827148437500e+01 7.088823318481445312e-01 -1.201024246215820312e+01 4.047428816556930542e-02 8.390215635299682617e-01 2.003512084484100342e-01 5.042461156845092773e-01
1403637163.238319159 3.103256988525390625e+01 8.157253265380859375e-01 -1.224985122680664062e+01 3.892047330737113953e-02 8.486984968185424805e-01 2.014043480157852173e-01 4.874756634235382080e-01
1403637163.288318872 3.094956970214843750e+01 9.243144989013671875e-01 -1.247602081298828125e+01 3.823613747954368591e-02 8.575764298439025879e-01 2.030653506517410278e-01 4.710255861282348633e-01
1403637163.338319063 3.084864425659179688e+01 1.042885780334472656e+00 -1.270341110229492188e+01 3.944671899080276489e-02 8.652813434600830078e-01 2.058055847883224487e-01 4.553858339786529541e-01
1403637163.388319016 3.074531936645507812e+01 1.156576156616210938e+00 -1.292406082153320312e+01 4.180018231272697449e-02 8.717982172966003418e-01 2.102732062339782715e-01 4.404608905315399170e-01
1403637163.438319206 3.063292694091796875e+01 1.279704093933105469e+00 -1.312897872924804688e+01 4.451132938265800476e-02 8.774021863937377930e-01 2.160020768642425537e-01 4.260602295398712158e-01
1403637163.488318920 3.051206588745117188e+01 1.392466545104980469e+00 -1.332900238037109375e+01 4.780886694788932800e-02 8.814901113510131836e-01 2.231491953134536743e-01 4.133933484554290771e-01
1403637163.538319111 3.037580871582031250e+01 1.508191108703613281e+00 -1.351478958129882812e+01 4.945088550448417664e-02 8.844807147979736328e-01 2.313131839036941528e-01 4.021725058555603027e-01
1403637163.588319063 3.024013900756835938e+01 1.618197441101074219e+00 -1.369446182250976562e+01 5.173564329743385315e-02 8.858411312103271484e-01 2.413999438285827637e-01 3.928549587726593018e-01
1403637163.638319016 3.008799362182617188e+01 1.719455718994140625e+00 -1.387009811401367188e+01 5.148589238524436951e-02 8.862335681915283203e-01 2.524366974830627441e-01 3.849871456623077393e-01
1403637163.688318968 2.993164062500000000e+01 1.814955711364746094e+00 -1.405054092407226562e+01 5.290365591645240784e-02 8.862440586090087891e-01 2.611885666847229004e-01 3.788842260837554932e-01
1403637163.738319159 2.976786804199218750e+01 1.891071319580078125e+00 -1.423598098754882812e+01 5.456173047423362732e-02 8.853188157081604004e-01 2.709381878376007080e-01 3.739334344863891602e-01
1403637163.788318872 2.958256912231445312e+01 1.961920738220214844e+00 -1.443605041503906250e+01 5.534851923584938049e-02 8.850536346435546875e-01 2.765509188175201416e-01 3.703192472457885742e-01
1403637163.838319063 2.940079879760742188e+01 2.027952194213867188e+00 -1.463827133178710938e+01 5.823114514350891113e-02 8.842304348945617676e-01 2.819324731826782227e-01 3.677769005298614502e-01
1403637163.888319016 2.920662307739257812e+01 2.075717926025390625e+00 -1.484220886230468750e+01 6.294815987348556519e-02 8.835257291793823242e-01 2.857432961463928223e-01 3.657466173171997070e-01
1403637163.938319206 2.901635360717773438e+01 2.113119125366210938e+00 -1.505722427368164062e+01 6.703069806098937988e-02 8.836906552314758301e-01 2.863814830780029297e-01 3.641200363636016846e-01
1403637163.988318920 2.879906463623046875e+01 2.159126281738281250e+00 -1.528475570678710938e+01 7.035067677497863770e-02 8.840623497962951660e-01 2.855364382266998291e-01 3.632541000843048096e-01
1403637164.038319111 2.858521652221679688e+01 2.193164825439453125e+00 -1.552464294433593750e+01 7.086104154586791992e-02 8.845054507255554199e-01 2.844055593013763428e-01 3.629634380340576172e-01
1403637164.088319063 2.835916709899902344e+01 2.215625762939453125e+00 -1.576673889160156250e+01 7.110419124364852905e-02 8.855350613594055176e-01 2.813178300857543945e-01 3.628114163875579834e-01
1403637164.138319016 2.812216377258300781e+01 2.242918968200683594e+00 -1.601547622680664062e+01 7.066106796264648438e-02 8.864312767982482910e-01 2.778964936733245850e-01 3.633458018302917480e-01
1403637164.188318968 2.787106132507324219e+01 2.261150360107421875e+00 -1.627553939819335938e+01 6.901057809591293335e-02 8.873486518859863281e-01 2.742413878440856934e-01 3.641999661922454834e-01
1403637164.238319159 2.761829948425292969e+01 2.281535148620605469e+00 -1.653641891479492188e+01 6.552345305681228638e-02 8.879669904708862305e-01 2.716863751411437988e-01 3.652504980564117432e-01
1403637164.288318872 2.734725189208984375e+01 2.300048828125000000e+00 -1.681074142456054688e+01 5.912679061293601990e-02 8.892453908920288086e-01 2.670544683933258057e-01 3.666451573371887207e-01
1403637164.338319063 2.708359909057617188e+01 2.322050094604492188e+00 -1.707479858398437500e+01 5.231326445937156677e-02 8.896515369415283203e-01 2.652398049831390381e-01 3.680100440979003906e-01
1403637164.388319016 2.680407714843750000e+01 2.346144676208496094e+00 -1.734706115722656250e+01 4.853887110948562622e-02 8.892902135848999023e-01 2.648459374904632568e-01 3.696803450584411621e-01
1403637164.438319206 2.651113510131835938e+01 2.380876541137695312e+00 -1.762899398803710938e+01 4.484203457832336426e-02 8.880918025970458984e-01 2.665157616138458252e-01 3.718219399452209473e-01
1403637164.488318920 2.623432159423828125e+01 2.401987075805664062e+00 -1.788641738891601562e+01 4.558065906167030334e-02 8.863434791564941406e-01 2.696959972381591797e-01 3.736063838005065918e-01
1403637164.538319111 2.594556808471679688e+01 2.447887420654296875e+00 -1.815509033203125000e+01 5.024120956659317017e-02 8.842950463294982910e-01 2.723643779754638672e-01 3.759199380874633789e-01
1403637164.588319063 2.564905929565429688e+01 2.504147529602050781e+00 -1.843307876586914062e+01 5.326656624674797058e-02 8.822553753852844238e-01 2.749950885772705078e-01 3.783727288246154785e-01
1403637164.638319016 2.535211563110351562e+01 2.565102577209472656e+00 -1.870481872558593750e+01 5.581300333142280579e-02 8.805277943611145020e-01 2.772296369075775146e-01 3.803938627243041992e-01
1403637164.688318968 2.505216789245605469e+01 2.640047073364257812e+00 -1.897980308532714844e+01 5.340910330414772034e-02 8.799235224723815918e-01 2.771898508071899414e-01 3.821621537208557129e-01
1403637164.738319159 2.474566841125488281e+01 2.723940849304199219e+00 -1.927220153808593750e+01 4.815365374088287354e-02 8.807699084281921387e-01 2.736182510852813721e-01 3.834823966026306152e-01
1403637164.788318872 2.443330764770507812e+01 2.811079025268554688e+00 -1.955009651184082031e+01 4.177691414952278137e-02 8.833275437355041504e-01 2.672683298587799072e-01 3.828248977661132812e-01
1403637164.838319063 2.412229537963867188e+01 2.906100273132324219e+00 -1.983679008483886719e+01 3.737140446901321411e-02 8.859556913375854492e-01 2.616215348243713379e-01 3.811039626598358154e-01
1403637164.888319016 2.381412887573242188e+01 3.006751060485839844e+00 -2.012470626831054688e+01 3.240945935249328613e-02 8.890123963356018066e-01 2.572307884693145752e-01 3.774109780788421631e-01
1403637164.938319206 2.349976158142089844e+01 3.114554405212402344e+00 -2.042033958435058594e+01 2.967339567840099335e-02 8.916909694671630859e-01 2.548946142196655273e-01 3.728745877742767334e-01
1403637164.988318920 2.317582702636718750e+01 3.237980842590332031e+00 -2.071675300598144531e+01 2.816882170736789703e-02 8.942662477493286133e-01 2.536391615867614746e-01 3.676433265209197998e-01
1403637165.038319111 2.286200141906738281e+01 3.347169876098632812e+00 -2.099547958374023438e+01 2.702045068144798279e-02 8.973614573478698730e-01 2.529859244823455811e-01 3.605698347091674805e-01
1403637165.088319063 2.253919601440429688e+01 3.470678329467773438e+00 -2.127711486816406250e+01 2.766314335167407990e-02 9.008823037147521973e-01 2.515647113323211670e-01 3.526486158370971680e-01
1403637165.138319016 2.222139167785644531e+01 3.576958656311035156e+00 -2.155269241333007812e+01 2.943200431764125824e-02 9.054630994796752930e-01 2.483330219984054565e-01 3.429300487041473389e-01
1403637165.188318968 2.190215110778808594e+01 3.699090957641601562e+00 -2.182427978515625000e+01 2.834939397871494293e-02 9.099088311195373535e-01 2.469559907913208008e-01 3.320768773555755615e-01
1403637165.238319159 2.157202148437500000e+01 3.810173034667968750e+00 -2.209412002563476562e+01 2.826833724975585938e-02 9.138095974922180176e-01 2.473985403776168823e-01 3.208533227443695068e-01
1403637165.288318872 2.125628280639648438e+01 3.921897888183593750e+00 -2.235186195373535156e+01 2.598053589463233948e-02 9.173443317413330078e-01 2.502329945564270020e-01 3.085253238677978516e-01
1403637165.338319063 2.093037033081054688e+01 4.023254394531250000e+00 -2.260595130920410156e+01 2.411724440753459930e-02 9.195377826690673828e-01 2.564142942428588867e-01 2.968508601188659668e-01
1403637165.388319016 2.060026741027832031e+01 4.124931335449218750e+00 -2.285841751098632812e+01 2.145915850996971130e-02 9.210292696952819824e-01 2.630776464939117432e-01 2.864172160625457764e-01
1403637165.438319206 2.027247238159179688e+01 4.195786476135253906e+00 -2.310532379150390625e+01 1.962726935744285583e-02 9.217527508735656738e-01 2.706417739391326904e-01 2.770192027091979980e-01
1403637165.488318920 1.995083999633789062e+01 4.269726753234863281e+00 -2.335059738159179688e+01 1.901302859187126160e-02 9.227202534675598145e-01 2.752491831779479980e-01 2.691910564899444580e-01
1403637165.538319111 1.962392044067382812e+01 4.331315994262695312e+00 -2.359156227111816406e+01 1.599106565117835999e-02 9.241157174110412598e-01 2.776603698730468750e-01 2.620290517807006836e-01
1403637165.588319063 1.930017662048339844e+01 4.379682540893554688e+00 -2.383790397644042969e+01 1.353994850069284439e-02 9.250482320785522461e-01 2.804768979549407959e-01 2.558029592037200928e-01
1403637165.638319016 1.897031784057617188e+01 4.437906265258789062e+00 -2.408438873291015625e+01 6.719255819916725159e-03 9.267074465751647949e-01 2.803490459918975830e-01 2.501452267169952393e-01
1403637165.688318968 1.865130805969238281e+01 4.484286308288574219e+00 -2.433089447021484375e+01 -4.085685068275779486e-04 9.282273054122924805e-01 2.794959545135498047e-01 2.455118000507354736e-01
1403637165.738319159 1.834246826171875000e+01 4.540774345397949219e+00 -2.456689262390136719e+01 -7.776565849781036377e-03 9.295948147773742676e-01 2.782282233238220215e-01 2.416238486766815186e-01
1403637165.788318872 1.804014396667480469e+01 4.611104965209960938e+00 -2.480756378173828125e+01 -1.540191750973463058e-02 9.307329058647155762e-01 2.766346633434295654e-01 2.386890202760696411e-01
1403637165.838319063 1.775189590454101562e+01 4.661315917968750000e+00 -2.504094314575195312e+01 -2.285849675536155701e-02 9.318056702613830566e-01 2.747161388397216797e-01 2.361077070236206055e-01
1403637165.888319016 1.746634292602539062e+01 4.726957321166992188e+00 -2.526472663879394531e+01 -2.909938618540763855e-02 9.321187734603881836e-01 2.733310163021087646e-01 2.357923090457916260e-01
1403637165.938319206 1.720281219482421875e+01 4.796826362609863281e+00 -2.548593902587890625e+01 -3.523431718349456787e-02 9.321078658103942871e-01 2.712496817111968994e-01 2.373965978622436523e-01
1403637165.988318920 1.694751739501953125e+01 4.862376213073730469e+00 -2.568980216979980469e+01 -4.161861538887023926e-02 9.314970374107360840e-01 2.695052921772003174e-01 2.407240867614746094e-01
1403637166.038319111 1.670019721984863281e+01 4.941608428955078125e+00 -2.588458251953125000e+01 -4.605051875114440918e-02 9.305639863014221191e-01 2.676382660865783691e-01 2.455600500106811523e-01
1403637166.088319063 1.646919631958007812e+01 5.033775329589843750e+00 -2.607987976074218750e+01 -5.106109008193016052e-02 9.295969605445861816e-01 2.660623490810394287e-01 2.499062269926071167e-01
1403637166.138319016 1.625373077392578125e+01 5.138470649719238281e+00 -2.625758934020996094e+01 -5.398068204522132874e-02 9.287598729133605957e-01 2.644467055797576904e-01 2.540852427482604980e-01
1403637166.188318968 1.606036376953125000e+01 5.257596969604492188e+00 -2.642758178710937500e+01 -5.628523230552673340e-02 9.278608560562133789e-01 2.633630335330963135e-01 2.579653859138488770e-01
1403637166.238319159 1.586427402496337891e+01 5.387440681457519531e+00 -2.658860969543457031e+01 -5.484767630696296692e-02 9.276465177536010742e-01 2.602435648441314697e-01 2.621774673461914062e-01
1403637166.288318872 1.569011211395263672e+01 5.515710830688476562e+00 -2.674014854431152344e+01 -5.015202611684799194e-02 9.280614256858825684e-01 2.556057870388031006e-01 2.661814093589782715e-01
1403637166.338319063 1.552243232727050781e+01 5.639895439147949219e+00 -2.689039039611816406e+01 -4.418057203292846680e-02 9.300484657287597656e-01 2.442551255226135254e-01 2.709195315837860107e-01
1403637166.388319016 1.538305664062500000e+01 5.735212326049804688e+00 -2.702701950073242188e+01 -3.492674604058265686e-02 9.327136278152465820e-01 2.290589362382888794e-01 2.763287127017974854e-01
1403637166.438319206 1.524101257324218750e+01 5.824635505676269531e+00 -2.715101814270019531e+01 -2.604088000953197479e-02 9.342989921569824219e-01 2.161466032266616821e-01 2.822905778884887695e-01
1403637166.488318920 1.510074615478515625e+01 5.898911476135253906e+00 -2.725565528869628906e+01 -2.215025201439857483e-02 9.345511794090270996e-01 2.086387276649475098e-01 2.873906195163726807e-01
1403637166.538319111 1.496784973144531250e+01 5.978948116302490234e+00 -2.734398460388183594e+01 -1.938971877098083496e-02 9.338081479072570801e-01 2.060750573873519897e-01 2.918209135532379150e-01
1403637166.588319063 1.484965133666992188e+01 6.039281368255615234e+00 -2.741450691223144531e+01 -2.117522060871124268e-02 9.317752718925476074e-01 2.098153531551361084e-01 2.955062985420227051e-01
1403637166.638319016 1.472135734558105469e+01 6.097281932830810547e+00 -2.746572113037109375e+01 -2.473516017198562622e-02 9.287146925926208496e-01 2.185374200344085693e-01 2.985274195671081543e-01
1403637166.688318968 1.459373855590820312e+01 6.152215480804443359e+00 -2.751290130615234375e+01 -3.045781329274177551e-02 9.243969917297363281e-01 2.320366501808166504e-01 3.012001514434814453e-01
1403637166.738319159 1.447878646850585938e+01 6.215689182281494141e+00 -2.753700828552246094e+01 -3.931465744972229004e-02 9.212420582771301270e-01 2.405197322368621826e-01 3.031793236732482910e-01
1403637166.788318872 1.437032508850097656e+01 6.263424873352050781e+00 -2.755904388427734375e+01 -4.764919728040695190e-02 9.186671376228332520e-01 2.463603764772415161e-01 3.051013648509979248e-01
1403637166.838319063 1.427721595764160156e+01 6.308884143829345703e+00 -2.757293701171875000e+01 -5.679295957088470459e-02 9.172081947326660156e-01 2.480048835277557373e-01 3.065897822380065918e-01
1403637166.888319016 1.418035316467285156e+01 6.368812084197998047e+00 -2.757126808166503906e+01 -6.582430750131607056e-02 9.170369505882263184e-01 2.447907179594039917e-01 3.078767061233520508e-01
1403637166.938319206 1.411474990844726562e+01 6.418471336364746094e+00 -2.756346893310546875e+01 -7.445877790451049805e-02 9.173753857612609863e-01 2.394881397485733032e-01 3.090692460536956787e-01
1403637166.988318920 1.406443881988525391e+01 6.467899322509765625e+00 -2.755054664611816406e+01 -8.147859573364257812e-02 9.186677932739257812e-01 2.310128211975097656e-01 3.099095821380615234e-01
1403637167.038319111 1.402156829833984375e+01 6.506823062896728516e+00 -2.752466011047363281e+01 -8.823094516992568970e-02 9.197434186935424805e-01 2.227360457181930542e-01 3.109278678894042969e-01
1403637167.088319063 1.400514793395996094e+01 6.525701999664306641e+00 -2.748000526428222656e+01 -9.369395673274993896e-02 9.207893013954162598e-01 2.142318189144134521e-01 3.122071921825408936e-01
1403637167.138319016 1.401513767242431641e+01 6.525533199310302734e+00 -2.741404342651367188e+01 -9.869221597909927368e-02 9.219405055046081543e-01 2.061835527420043945e-01 3.126882910728454590e-01
1403637167.188318968 1.403354263305664062e+01 6.501535892486572266e+00 -2.732848739624023438e+01 -1.019624024629592896e-01 9.230827689170837402e-01 1.985096633434295654e-01 3.132347464561462402e-01
1403637167.238319159 1.408080673217773438e+01 6.482489109039306641e+00 -2.723066520690917969e+01 -1.044943556189537048e-01 9.239444136619567871e-01 1.930588036775588989e-01 3.132665753364562988e-01
1403637167.288318872 1.414145374298095703e+01 6.437631607055664062e+00 -2.711515808105468750e+01 -1.054262071847915649e-01 9.242752194404602051e-01 1.910671740770339966e-01 3.131996095180511475e-01
1403637167.338319063 1.421405601501464844e+01 6.380760192871093750e+00 -2.696488952636718750e+01 -1.047895848751068115e-01 9.241698980331420898e-01 1.929697394371032715e-01 3.125569522380828857e-01
1403637167.388319016 1.430684566497802734e+01 6.320713996887207031e+00 -2.678791809082031250e+01 -1.019650548696517944e-01 9.235720038414001465e-01 1.988184005022048950e-01 3.115913271903991699e-01
1403637167.438319206 1.442682361602783203e+01 6.261569499969482422e+00 -2.659709739685058594e+01 -9.338182955980300903e-02 9.219233393669128418e-01 2.099065929651260376e-01 3.118917942047119141e-01
1403637167.488318920 1.455623245239257812e+01 6.193646430969238281e+00 -2.638537597656250000e+01 -7.851710915565490723e-02 9.201536178588867188e-01 2.214448153972625732e-01 3.132326006889343262e-01
1403637167.538319111 1.469343185424804688e+01 6.137354850769042969e+00 -2.616079139709472656e+01 -6.176423653960227966e-02 9.178296923637390137e-01 2.340568006038665771e-01 3.146288692951202393e-01
1403637167.588319063 1.484608936309814453e+01 6.073230743408203125e+00 -2.593388748168945312e+01 -4.460695013403892517e-02 9.155495166778564453e-01 2.446664273738861084e-01 3.160975873470306396e-01
1403637167.638319016 1.499613094329833984e+01 6.015944480895996094e+00 -2.569675254821777344e+01 -2.848062478005886078e-02 9.133930802345275879e-01 2.527404427528381348e-01 3.178430795669555664e-01
1403637167.688318968 1.517451858520507812e+01 5.967185020446777344e+00 -2.545373916625976562e+01 -1.724651083350181580e-02 9.113724827766418457e-01 2.582577466964721680e-01 3.200089633464813232e-01
1403637167.738319159 1.533299446105957031e+01 5.922605514526367188e+00 -2.520552062988281250e+01 -1.119464170187711716e-02 9.089055657386779785e-01 2.628919482231140137e-01 3.235015869140625000e-01
1403637167.788318872 1.550312805175781250e+01 5.885364532470703125e+00 -2.494683647155761719e+01 -8.210783824324607849e-03 9.060648083686828613e-01 2.674419283866882324e-01 3.278018534183502197e-01
1403637167.838319063 1.567609786987304688e+01 5.849372863769531250e+00 -2.468941879272460938e+01 -7.773213088512420654e-03 9.026517271995544434e-01 2.718026638031005859e-01 3.335908949375152588e-01
1403637167.888319016 1.583543205261230469e+01 5.820961952209472656e+00 -2.445012664794921875e+01 -9.599843993782997131e-03 8.990658521652221680e-01 2.758186459541320801e-01 3.398714959621429443e-01
1403637167.938319206 1.601507377624511719e+01 5.778970718383789062e+00 -2.419607162475585938e+01 -1.319574750959873199e-02 8.963959813117980957e-01 2.779694497585296631e-01 3.450119197368621826e-01
1403637167.988318920 1.618375587463378906e+01 5.737274169921875000e+00 -2.395897674560546875e+01 -1.946160569787025452e-02 8.948194980621337891e-01 2.767555713653564453e-01 3.497511148452758789e-01
1403637168.038319111 1.636583328247070312e+01 5.686539649963378906e+00 -2.372840118408203125e+01 -2.496685646474361420e-02 8.937544822692871094e-01 2.741182446479797363e-01 3.541735410690307617e-01
1403637168.088319063 1.655068016052246094e+01 5.640000343322753906e+00 -2.350019645690917969e+01 -2.611809037625789642e-02 8.924594521522521973e-01 2.727597355842590332e-01 3.583797514438629150e-01
1403637168.138319016 1.674121475219726562e+01 5.581072807312011719e+00 -2.327529525756835938e+01 -2.315682172775268555e-02 8.903395533561706543e-01 2.750827968120574951e-01 3.620619177818298340e-01
1403637168.188318968 1.693467712402343750e+01 5.541657447814941406e+00 -2.304961585998535156e+01 -2.042821608483791351e-02 8.889796733856201172e-01 2.757515907287597656e-01 3.650464415550231934e-01
1403637168.238319159 1.713641738891601562e+01 5.528860092163085938e+00 -2.282430076599121094e+01 -1.786884851753711700e-02 8.889179825782775879e-01 2.728889882564544678e-01 3.674739599227905273e-01
1403637168.288318872 1.734510612487792969e+01 5.522725105285644531e+00 -2.258556938171386719e+01 -1.715863868594169617e-02 8.894430398941040039e-01 2.690516114234924316e-01 3.690636157989501953e-01
1403637168.338319063 1.755418968200683594e+01 5.542539596557617188e+00 -2.235107612609863281e+01 -1.619803532958030701e-02 8.908085227012634277e-01 2.629213929176330566e-01 3.702300190925598145e-01
1403637168.388319016 1.776289939880371094e+01 5.570324897766113281e+00 -2.212416839599609375e+01 -1.465505640953779221e-02 8.927348852157592773e-01 2.547335624694824219e-01 3.713764846324920654e-01
1403637168.438319206 1.797467041015625000e+01 5.598587512969970703e+00 -2.188768959045410156e+01 -1.336141396313905716e-02 8.946178555488586426e-01 2.470296770334243774e-01 3.720978796482086182e-01
1403637168.488318920 1.818404769897460938e+01 5.630990982055664062e+00 -2.165503120422363281e+01 -8.484077639877796173e-03 8.958626389503479004e-01 2.410196214914321899e-01 3.731858134269714355e-01
1403637168.538319111 1.840403747558593750e+01 5.671530723571777344e+00 -2.141577529907226562e+01 -4.898048005998134613e-03 8.962079882621765137e-01 2.391102164983749390e-01 3.736490905284881592e-01
1403637168.588319063 1.861392784118652344e+01 5.709634304046630859e+00 -2.117049980163574219e+01 -2.840475644916296005e-03 8.951409459114074707e-01 2.418069839477539062e-01 3.744918107986450195e-01
1403637168.638319016 1.882037162780761719e+01 5.735654830932617188e+00 -2.092141723632812500e+01 -3.002765588462352753e-03 8.941425681114196777e-01 2.450755387544631958e-01 3.747507333755493164e-01
1403637168.688318968 1.901564407348632812e+01 5.760240554809570312e+00 -2.068305397033691406e+01 -4.745318554341793060e-03 8.931383490562438965e-01 2.485090196132659912e-01 3.748662769794464111e-01
1403637168.738319159 1.922835922241210938e+01 5.768031597137451172e+00 -2.044141387939453125e+01 -7.642911747097969055e-03 8.924326300621032715e-01 2.511324584484100342e-01 3.747508227825164795e-01
1403637168.788318872 1.943246078491210938e+01 5.775178432464599609e+00 -2.019502639770507812e+01 -6.801670882850885391e-03 8.917703628540039062e-01 2.539644241333007812e-01 3.744348287582397461e-01
1403637168.838319063 1.963658905029296875e+01 5.776938915252685547e+00 -1.995465087890625000e+01 -1.025496423244476318e-02 8.919467329978942871e-01 2.544337511062622070e-01 3.736165761947631836e-01
1403637168.888319016 1.983968544006347656e+01 5.770415782928466797e+00 -1.971296119689941406e+01 -1.294864155352115631e-02 8.919413685798645020e-01 2.546525895595550537e-01 3.733967244625091553e-01
1403637168.938319206 2.005003166198730469e+01 5.771808147430419922e+00 -1.947303962707519531e+01 -1.719442754983901978e-02 8.923534154891967773e-01 2.543107867240905762e-01 3.724725544452667236e-01
1403637168.988318920 2.025526809692382812e+01 5.762129306793212891e+00 -1.923758697509765625e+01 -1.929525099694728851e-02 8.926115632057189941e-01 2.544578611850738525e-01 3.716498911380767822e-01
1403637169.038319111 2.046897125244140625e+01 5.764742851257324219e+00 -1.898273086547851562e+01 -2.322946302592754364e-02 8.933340907096862793e-01 2.529310882091522217e-01 3.707297444343566895e-01
1403637169.088319063 2.067111778259277344e+01 5.772148132324218750e+00 -1.874574661254882812e+01 -2.836003527045249939e-02 8.936566710472106934e-01 2.507351934909820557e-01 3.710868060588836670e-01
1403637169.138319016 2.089126777648925781e+01 5.765410423278808594e+00 -1.849477386474609375e+01 -3.003643266856670380e-02 8.935689926147460938e-01 2.482396662235260010e-01 3.728397488594055176e-01
1403637169.188318968 2.111172485351562500e+01 5.753104686737060547e+00 -1.824702072143554688e+01 -3.120739385485649109e-02 8.927404880523681641e-01 2.448228746652603149e-01 3.769647777080535889e-01
1403637169.238319159 2.134386444091796875e+01 5.728065013885498047e+00 -1.798599243164062500e+01 -3.143372386693954468e-02 8.911162614822387695e-01 2.412420213222503662e-01 3.830485343933105469e-01
1403637169.288318872 2.156782531738281250e+01 5.684289932250976562e+00 -1.772903251647949219e+01 -3.008670732378959656e-02 8.885303735733032227e-01 2.375317364931106567e-01 3.913914263248443604e-01
1403637169.338319063 2.180228805541992188e+01 5.631810188293457031e+00 -1.747210502624511719e+01 -2.783584222197532654e-02 8.850945830345153809e-01 2.342561781406402588e-01 4.011941254138946533e-01
1403637169.388319016 2.204126167297363281e+01 5.572578907012939453e+00 -1.719595909118652344e+01 -2.658701874315738678e-02 8.812541961669921875e-01 2.302976995706558228e-01 4.118826389312744141e-01
1403637169.438319206 2.227640914916992188e+01 5.500538825988769531e+00 -1.692886543273925781e+01 -2.639201655983924866e-02 8.763180971145629883e-01 2.266826331615447998e-01 4.242464601993560791e-01
1403637169.488318920 2.251056480407714844e+01 5.417762756347656250e+00 -1.665923500061035156e+01 -2.534000575542449951e-02 8.709315061569213867e-01 2.222474813461303711e-01 4.375412762165069580e-01
1403637169.538319111 2.274916648864746094e+01 5.329995632171630859e+00 -1.637756538391113281e+01 -2.673820964992046356e-02 8.653517365455627441e-01 2.159647345542907715e-01 4.514539837837219238e-01
1403637169.588319063 2.298551750183105469e+01 5.242805480957031250e+00 -1.609211730957031250e+01 -2.640049532055854797e-02 8.589028716087341309e-01 2.094923108816146851e-01 4.665853381156921387e-01
1403637169.638319016 2.321734809875488281e+01 5.144477367401123047e+00 -1.580906105041503906e+01 -2.941244281828403473e-02 8.522256016731262207e-01 2.005824297666549683e-01 4.822999238967895508e-01
1403637169.688318968 2.345121765136718750e+01 5.041587829589843750e+00 -1.550864791870117188e+01 -2.875622548162937164e-02 8.445647954940795898e-01 1.944562345743179321e-01 4.980664551258087158e-01
1403637169.738319159 2.368076705932617188e+01 4.939136981964111328e+00 -1.520160865783691406e+01 -2.902490273118019104e-02 8.361008763313293457e-01 1.898136287927627563e-01 5.138713717460632324e-01
1403637169.788318872 2.390954208374023438e+01 4.838515758514404297e+00 -1.489159965515136719e+01 -2.909786999225616455e-02 8.275004029273986816e-01 1.859919875860214233e-01 5.289644002914428711e-01
1403637169.838319063 2.413310241699218750e+01 4.743377685546875000e+00 -1.456503295898437500e+01 -2.891737781465053558e-02 8.191768527030944824e-01 1.818054765462875366e-01 5.431942343711853027e-01
1403637169.888319016 2.435298919677734375e+01 4.651556968688964844e+00 -1.423420715332031250e+01 -3.242161124944686890e-02 8.117094039916992188e-01 1.760305911302566528e-01 5.559586286544799805e-01
1403637169.938319206 2.457549667358398438e+01 4.568790912628173828e+00 -1.389877510070800781e+01 -3.353650867938995361e-02 8.041418194770812988e-01 1.705821156501770020e-01 5.684480071067810059e-01
1403637169.988318920 2.478389167785644531e+01 4.490056991577148438e+00 -1.355744171142578125e+01 -3.539529070258140564e-02 7.970491647720336914e-01 1.642316132783889771e-01 5.800756812095642090e-01
1403637170.038319111 2.500210380554199219e+01 4.410963535308837891e+00 -1.319696807861328125e+01 -3.721450269222259521e-02 7.897025346755981445e-01 1.601917892694473267e-01 5.910360813140869141e-01
1403637170.088319063 2.520862579345703125e+01 4.336323738098144531e+00 -1.283105087280273438e+01 -3.854560479521751404e-02 7.818774580955505371e-01 1.568633764982223511e-01 6.021426916122436523e-01
1403637170.138319016 2.541199874877929688e+01 4.263365745544433594e+00 -1.245176315307617188e+01 -3.839309886097908020e-02 7.741689682006835938e-01 1.527687311172485352e-01 6.130662560462951660e-01
1403637170.188318968 2.562021636962890625e+01 4.203223228454589844e+00 -1.205587387084960938e+01 -3.757420927286148071e-02 7.664592862129211426e-01 1.482217013835906982e-01 6.238258481025695801e-01
1403637170.238319159 2.581422805786132812e+01 4.141065597534179688e+00 -1.165123176574707031e+01 -3.790200501680374146e-02 7.586356401443481445e-01 1.434887647628784180e-01 6.343866586685180664e-01
1403637170.288318872 2.600361633300781250e+01 4.088162899017333984e+00 -1.123720169067382812e+01 -3.887105360627174377e-02 7.507068514823913574e-01 1.379897743463516235e-01 6.448931694030761719e-01
1403637170.338319063 2.618572998046875000e+01 4.021874427795410156e+00 -1.081108856201171875e+01 -3.613699972629547119e-02 7.418952584266662598e-01 1.337503194808959961e-01 6.560460925102233887e-01
1403637170.388319016 2.636251449584960938e+01 3.964278697967529297e+00 -1.036912727355957031e+01 -2.904858067631721497e-02 7.314029932022094727e-01 1.326017975807189941e-01 6.682983040809631348e-01
1403637170.438319206 2.652298355102539062e+01 3.903223514556884766e+00 -9.934814453125000000e+00 -1.877419278025627136e-02 7.200661897659301758e-01 1.314294338226318359e-01 6.810863018035888672e-01
1403637170.488318920 2.668602752685546875e+01 3.860236167907714844e+00 -9.482883453369140625e+00 -6.725930608808994293e-03 7.079550623893737793e-01 1.301469951868057251e-01 6.941298246383666992e-01
1403637170.538319111 2.683363342285156250e+01 3.805070400238037109e+00 -9.033405303955078125e+00 5.010042805224657059e-03 6.958090662956237793e-01 1.271127462387084961e-01 7.068712711334228516e-01
1403637170.588319063 2.697513580322265625e+01 3.759861946105957031e+00 -8.574668884277343750e+00 1.663763448596000671e-02 6.838724613189697266e-01 1.226406469941139221e-01 7.190278172492980957e-01
1403637170.638319016 2.710468292236328125e+01 3.720778703689575195e+00 -8.130549430847167969e+00 2.593801543116569519e-02 6.711825132369995117e-01 1.182863563299179077e-01 7.313341498374938965e-01
1403637170.688318968 2.722076797485351562e+01 3.678116559982299805e+00 -7.668657302856445312e+00 3.423534333705902100e-02 6.590244770050048828e-01 1.122348532080650330e-01 7.429118752479553223e-01
1403637170.738319159 2.730848884582519531e+01 3.656714200973510742e+00 -7.208106040954589844e+00 3.946429863572120667e-02 6.465547680854797363e-01 1.063346564769744873e-01 7.543888092041015625e-01
1403637170.788318872 2.738376617431640625e+01 3.632590055465698242e+00 -6.764225959777832031e+00 4.329302161931991577e-02 6.323015689849853516e-01 1.035588607192039490e-01 7.665481567382812500e-01
1403637170.838319063 2.743442344665527344e+01 3.620915174484252930e+00 -6.307260513305664062e+00 4.073557630181312561e-02 6.183221340179443359e-01 1.024974063038825989e-01 7.781469225883483887e-01
1403637170.888319016 2.746639060974121094e+01 3.584532499313354492e+00 -5.867094993591308594e+00 3.857506811618804932e-02 6.033134460449218750e-01 1.004394441843032837e-01 7.902131080627441406e-01
1403637170.938319206 2.747945022583007812e+01 3.548373699188232422e+00 -5.427689552307128906e+00 3.433198481798171997e-02 5.882022380828857422e-01 9.865531325340270996e-02 8.019393086433410645e-01
1403637170.988318920 2.747795104980468750e+01 3.488934278488159180e+00 -4.991038322448730469e+00 2.962622977793216705e-02 5.730676054954528809e-01 9.761931747198104858e-02 8.131336569786071777e-01
1403637171.038319111 2.746469306945800781e+01 3.443964004516601562e+00 -4.593753814697265625e+00 2.767301909625530243e-02 5.572940111160278320e-01 9.661793708801269531e-02 8.242102861404418945e-01
1403637171.088319063 2.744106483459472656e+01 3.372939825057983398e+00 -4.181371688842773438e+00 2.570778504014015198e-02 5.414358973503112793e-01 9.764981269836425781e-02 8.346560597419738770e-01
1403637171.138319016 2.739358139038085938e+01 3.298527956008911133e+00 -3.787107467651367188e+00 2.158798091113567352e-02 5.279608964920043945e-01 9.666718542575836182e-02 8.434730172157287598e-01
1403637171.188318968 2.735570335388183594e+01 3.231996059417724609e+00 -3.439036369323730469e+00 1.997760869562625885e-02 5.156822800636291504e-01 9.495163708925247192e-02 8.512678146362304688e-01
1403637171.238319159 2.730013275146484375e+01 3.143269538879394531e+00 -3.091187477111816406e+00 2.124226838350296021e-02 5.049689412117004395e-01 9.412040561437606812e-02 8.577275276184082031e-01
1403637171.288318872 2.723458480834960938e+01 3.060016155242919922e+00 -2.747220039367675781e+00 2.279693074524402618e-02 4.967468678951263428e-01 9.073258191347122192e-02 8.628386259078979492e-01
1403637171.338319063 2.715319824218750000e+01 2.962802886962890625e+00 -2.400528907775878906e+00 2.343114465475082397e-02 4.910032153129577637e-01 8.624465763568878174e-02 8.665614724159240723e-01
1403637171.388319016 2.705111694335937500e+01 2.872661352157592773e+00 -2.051578521728515625e+00 2.207836322486400604e-02 4.877335131168365479e-01 7.960153371095657349e-02 8.690755367279052734e-01
1403637171.438319206 2.697006416320800781e+01 2.781317234039306641e+00 -1.769222259521484375e+00 2.000227011740207672e-02 4.849696457386016846e-01 7.208457589149475098e-02 8.713254928588867188e-01
1403637171.488318920 2.685763168334960938e+01 2.679033041000366211e+00 -1.462321281433105469e+00 1.764038391411304474e-02 4.830501675605773926e-01 6.802549213171005249e-02 8.727679848670959473e-01
1403637171.538319111 2.674387931823730469e+01 2.582047224044799805e+00 -1.170166969299316406e+00 1.543863583356142044e-02 4.816223680973052979e-01 6.477605551481246948e-02 8.738453388214111328e-01
1403637171.588319063 2.661182022094726562e+01 2.490359067916870117e+00 -8.717308044433593750e-01 1.379438489675521851e-02 4.811559319496154785e-01 6.241375580430030823e-02 8.743015527725219727e-01
1403637171.638319016 2.647017669677734375e+01 2.400197505950927734e+00 -5.842809677124023438e-01 1.182035077363252640e-02 4.818378686904907227e-01 5.871595069766044617e-02 8.742111325263977051e-01
1403637171.688318968 2.631768608093261719e+01 2.312605619430541992e+00 -3.034944534301757812e-01 1.079590804874897003e-02 4.827995598316192627e-01 5.662398040294647217e-02 8.738317489624023438e-01
1403637171.738319159 2.615219306945800781e+01 2.237775564193725586e+00 -1.197147369384765625e-02 1.073303818702697754e-02 4.845774471759796143e-01 5.488108471035957336e-02 8.729591369628906250e-01
1403637171.788318872 2.597542572021484375e+01 2.169610977172851562e+00 2.734375000000000000e-01 1.058524381369352341e-02 4.868258833885192871e-01 5.286010354757308960e-02 8.718339800834655762e-01
1403637171.838319063 2.578796958923339844e+01 2.105300426483154297e+00 5.524797439575195312e-01 1.044747233390808105e-02 4.894179999828338623e-01 5.053946003317832947e-02 8.705209493637084961e-01
1403637171.888319016 2.558536338806152344e+01 2.051194667816162109e+00 8.381643295288085938e-01 1.106412429362535477e-02 4.919114708900451660e-01 4.907057061791419983e-02 8.691908717155456543e-01
1403637171.938319206 2.536834526062011719e+01 2.000497579574584961e+00 1.111674308776855469e+00 1.144858170300722122e-02 4.938624501228332520e-01 4.899676889181137085e-02 8.680830001831054688e-01
1403637171.988318920 2.513750648498535156e+01 1.952067375183105469e+00 1.385379791259765625e+00 1.253516692668199539e-02 4.960672855377197266e-01 4.820067435503005981e-02 8.668545484542846680e-01
1403637172.038319111 2.489655494689941406e+01 1.922602415084838867e+00 1.678521156311035156e+00 1.339519023895263672e-02 4.986220300197601318e-01 4.793228954076766968e-02 8.653896450996398926e-01
1403637172.088319063 2.464070320129394531e+01 1.892060518264770508e+00 1.954901695251464844e+00 1.453270111232995987e-02 5.005916357040405273e-01 4.757535085082054138e-02 8.642530441284179688e-01
1403637172.138319016 2.436801147460937500e+01 1.859300374984741211e+00 2.228291511535644531e+00 1.546601857990026474e-02 5.010827779769897461e-01 5.182174220681190491e-02 8.637080192565917969e-01
1403637172.188318968 2.407579040527343750e+01 1.817009091377258301e+00 2.485121726989746094e+00 1.628401502966880798e-02 4.999727308750152588e-01 6.026619672775268555e-02 8.637882471084594727e-01
1403637172.238319159 2.377445602416992188e+01 1.782513976097106934e+00 2.747202873229980469e+00 1.461973320692777634e-02 4.974651336669921875e-01 7.335752993822097778e-02 8.642531037330627441e-01
1403637172.288318872 2.346078109741210938e+01 1.742682695388793945e+00 3.001387596130371094e+00 1.314870174974203110e-02 4.944918155670166016e-01 8.764038234949111938e-02 8.646526336669921875e-01
1403637172.338319063 2.313847732543945312e+01 1.694672107696533203e+00 3.244025230407714844e+00 1.183812599629163742e-02 4.920461177825927734e-01 1.000663638114929199e-01 8.647179603576660156e-01
1403637172.388319016 2.281292533874511719e+01 1.643860340118408203e+00 3.479031562805175781e+00 1.178306993097066879e-02 4.898175895214080811e-01 1.114591360092163086e-01 8.645905852317810059e-01
1403637172.438319206 2.248216629028320312e+01 1.583072185516357422e+00 3.697813034057617188e+00 1.183504518121480942e-02 4.881661832332611084e-01 1.210853084921836853e-01 8.642291426658630371e-01
1403637172.488318920 2.215163993835449219e+01 1.529633641242980957e+00 3.920444488525390625e+00 1.269154250621795654e-02 4.866814613342285156e-01 1.306327581405639648e-01 8.636638522148132324e-01
1403637172.538319111 2.182605934143066406e+01 1.462042450904846191e+00 4.118439674377441406e+00 1.397339161485433578e-02 4.860365390777587891e-01 1.365384161472320557e-01 8.630936145782470703e-01
1403637172.588319063 2.149699974060058594e+01 1.387084484100341797e+00 4.305259704589843750e+00 1.461229939013719559e-02 4.859548807144165039e-01 1.412879526615142822e-01 8.623642325401306152e-01
1403637172.638319016 2.117264938354492188e+01 1.312822341918945312e+00 4.471871376037597656e+00 1.548736263066530228e-02 4.858722388744354248e-01 1.450883746147155762e-01 8.617643713951110840e-01
1403637172.688318968 2.085166358947753906e+01 1.237866878509521484e+00 4.630331039428710938e+00 1.516921538859605789e-02 4.855706691741943359e-01 1.494867652654647827e-01 8.611880540847778320e-01
1403637172.738319159 2.053395080566406250e+01 1.153602123260498047e+00 4.769176483154296875e+00 1.406955905258655548e-02 4.859837591648101807e-01 1.529642194509506226e-01 8.603626489639282227e-01
1403637172.788318872 2.021946716308593750e+01 1.069437742233276367e+00 4.894762992858886719e+00 1.049958262592554092e-02 4.874928593635559082e-01 1.579286307096481323e-01 8.586612343788146973e-01
1403637172.838319063 1.991142272949218750e+01 9.918613433837890625e-01 5.010108947753906250e+00 3.989630844444036484e-03 4.894736111164093018e-01 1.653919368982315063e-01 8.561805486679077148e-01
1403637172.888319016 1.961009597778320312e+01 9.182522296905517578e-01 5.113496780395507812e+00 -6.146713625639677048e-03 4.925051331520080566e-01 1.740589439868927002e-01 8.527041673660278320e-01
1403637172.938319206 1.932048416137695312e+01 8.612768650054931641e-01 5.210410118103027344e+00 -1.762907765805721283e-02 4.958050549030303955e-01 1.831296682357788086e-01 8.487226366996765137e-01
1403637172.988318920 1.904794120788574219e+01 8.233981132507324219e-01 5.307669639587402344e+00 -2.758344449102878571e-02 4.987948238849639893e-01 1.918149143457412720e-01 8.447780609130859375e-01
1403637173.038319111 1.878287315368652344e+01 7.973661422729492188e-01 5.397034645080566406e+00 -3.628817945718765259e-02 5.011849403381347656e-01 2.002183943986892700e-01 8.410763144493103027e-01
1403637173.088319063 1.853692626953125000e+01 7.847456932067871094e-01 5.487708091735839844e+00 -4.173509031534194946e-02 5.052720308303833008e-01 2.062066495418548584e-01 8.369213342666625977e-01
1403637173.138319016 1.830375289916992188e+01 7.892696857452392578e-01 5.576347351074218750e+00 -4.539950937032699585e-02 5.104034543037414551e-01 2.132182717323303223e-01 8.318444490432739258e-01
1403637173.188318968 1.809123039245605469e+01 8.095941543579101562e-01 5.661375999450683594e+00 -4.614084959030151367e-02 5.170477628707885742e-01 2.196905910968780518e-01 8.259955644607543945e-01
1403637173.238319159 1.789630508422851562e+01 8.349940776824951172e-01 5.741745948791503906e+00 -4.446550458669662476e-02 5.261350870132446289e-01 2.232693582773208618e-01 8.193628787994384766e-01
1403637173.288318872 1.772276878356933594e+01 8.636622428894042969e-01 5.817166328430175781e+00 -3.976355493068695068e-02 5.366256237030029297e-01 2.254200279712677002e-01 8.121808767318725586e-01
1403637173.338319063 1.756994247436523438e+01 8.950719833374023438e-01 5.885107040405273438e+00 -3.428782522678375244e-02 5.483286976814270020e-01 2.251396477222442627e-01 8.046565651893615723e-01
1403637173.388319016 1.745170593261718750e+01 9.316430091857910156e-01 5.934740066528320312e+00 -2.837956137955188751e-02 5.592757463455200195e-01 2.260810881853103638e-01 7.970524430274963379e-01
1403637173.438319206 1.733093452453613281e+01 9.652633666992187500e-01 5.982674598693847656e+00 -2.310263738036155701e-02 5.702612400054931641e-01 2.271186113357543945e-01 7.891042828559875488e-01
1403637173.488318920 1.722743797302246094e+01 1.010835170745849609e+00 6.019764900207519531e+00 -1.830917224287986755e-02 5.810962915420532227e-01 2.285093367099761963e-01 7.808811664581298828e-01
1403637173.538319111 1.713794708251953125e+01 1.052600383758544922e+00 6.049606323242187500e+00 -1.400926336646080017e-02 5.909594297409057617e-01 2.309683710336685181e-01 7.728029489517211914e-01
1403637173.588319063 1.706148910522460938e+01 1.103092193603515625e+00 6.070740699768066406e+00 -9.403049014508724213e-03 5.998847484588623047e-01 2.356306314468383789e-01 7.645444273948669434e-01
1403637173.638319016 1.699598312377929688e+01 1.166501998901367188e+00 6.080432891845703125e+00 -3.913196269422769547e-03 6.073057055473327637e-01 2.429641932249069214e-01 7.563947439193725586e-01
1403637173.688318968 1.693866157531738281e+01 1.234287261962890625e+00 6.084483146667480469e+00 3.281209501437842846e-04 6.142010688781738281e-01 2.507746219635009766e-01 7.482440471649169922e-01
1403637173.738319159 1.689623069763183594e+01 1.310647010803222656e+00 6.070443153381347656e+00 3.243864281103014946e-03 6.202720999717712402e-01 2.598092555999755859e-01 7.401021122932434082e-01
1403637173.788318872 1.686408805847167969e+01 1.396408081054687500e+00 6.047238349914550781e+00 3.830645233392715454e-03 6.262381076812744141e-01 2.685463428497314453e-01 7.319112420082092285e-01
1403637173.838319063 1.684148406982421875e+01 1.492314815521240234e+00 6.011156082153320312e+00 2.723467536270618439e-03 6.312313675880432129e-01 2.789813280105590820e-01 7.236773967742919922e-01
1403637173.888319016 1.683233833312988281e+01 1.589581966400146484e+00 5.956104278564453125e+00 -1.549419248476624489e-03 6.359479427337646484e-01 2.878818511962890625e-01 7.160251140594482422e-01
1403637173.938319206 1.684350204467773438e+01 1.688111305236816406e+00 5.882486343383789062e+00 -9.920334443449974060e-03 6.414901614189147949e-01 2.908694744110107422e-01 7.097795009613037109e-01
1403637173.988318920 1.686787414550781250e+01 1.773285388946533203e+00 5.783984184265136719e+00 -1.751490123569965363e-02 6.489752531051635742e-01 2.858223915100097656e-01 7.048617005348205566e-01
1403637174.038319111 1.691181564331054688e+01 1.843379020690917969e+00 5.668466567993164062e+00 -2.442324720323085785e-02 6.585994362831115723e-01 2.718037366867065430e-01 7.012653946876525879e-01
1403637174.088319063 1.697674369812011719e+01 1.894570350646972656e+00 5.531263351440429688e+00 -2.396828681230545044e-02 6.679030656814575195e-01 2.556068301200866699e-01 6.985672712326049805e-01
1403637174.138319016 1.705314445495605469e+01 1.924958944320678711e+00 5.382680892944335938e+00 -1.943952776491641998e-02 6.769064664840698242e-01 2.367721498012542725e-01 6.966769695281982422e-01
1403637174.188318968 1.714080429077148438e+01 1.937617778778076172e+00 5.223600387573242188e+00 -1.078192703425884247e-02 6.837064027786254883e-01 2.209311276674270630e-01 6.954270601272583008e-01
1403637174.238319159 1.723217582702636719e+01 1.945056200027465820e+00 5.059738159179687500e+00 -6.340617546811699867e-04 6.885950565338134766e-01 2.082049101591110229e-01 6.946130394935607910e-01
1403637174.288318872 1.731809425354003906e+01 1.938088655471801758e+00 4.895551681518554688e+00 9.223060682415962219e-03 6.913807392120361328e-01 2.007340490818023682e-01 6.939838528633117676e-01
1403637174.338319063 1.740076828002929688e+01 1.934808969497680664e+00 4.723651885986328125e+00 1.445305999368429184e-02 6.916077136993408203e-01 1.995565593242645264e-01 6.940079927444458008e-01
1403637174.388319016 1.747992515563964844e+01 1.925427436828613281e+00 4.549026489257812500e+00 2.043466083705425262e-02 6.908214092254638672e-01 2.008630633354187012e-01 6.942638158798217773e-01
1403637174.438319206 1.755778884887695312e+01 1.911457061767578125e+00 4.369544982910156250e+00 2.814987115561962128e-02 6.892941594123840332e-01 2.056050747632980347e-01 6.941236853599548340e-01
1403637174.488318920 1.762550926208496094e+01 1.889992952346801758e+00 4.185457229614257812e+00 3.877802193164825439e-02 6.880851387977600098e-01 2.116360664367675781e-01 6.929972767829895020e-01
1403637174.538319111 1.769049453735351562e+01 1.866641521453857422e+00 3.983739852905273438e+00 4.377004876732826233e-02 6.890376210212707520e-01 2.148356735706329346e-01 6.907655596733093262e-01
1403637174.588319063 1.775092506408691406e+01 1.842557430267333984e+00 3.766067504882812500e+00 4.706791788339614868e-02 6.915510892868041992e-01 2.182000577449798584e-01 6.869720220565795898e-01
1403637174.638319016 1.780737304687500000e+01 1.825520277023315430e+00 3.540637969970703125e+00 4.536421597003936768e-02 6.976135969161987305e-01 2.165609151124954224e-01 6.814534664154052734e-01
1403637174.688318968 1.785786056518554688e+01 1.816946744918823242e+00 3.311988830566406250e+00 4.410052299499511719e-02 7.065569758415222168e-01 2.117558121681213379e-01 6.737892627716064453e-01
1403637174.738319159 1.790344429016113281e+01 1.814849376678466797e+00 3.066003799438476562e+00 4.203074797987937927e-02 7.164189219474792480e-01 2.070491909980773926e-01 6.649121046066284180e-01
1403637174.788318872 1.794857406616210938e+01 1.826215505599975586e+00 2.818998336791992188e+00 3.997704014182090759e-02 7.272068262100219727e-01 2.018070966005325317e-01 6.548634171485900879e-01
1403637174.838319063 1.797523117065429688e+01 1.842271327972412109e+00 2.572872161865234375e+00 3.648726269602775574e-02 7.367352247238159180e-01 2.026790529489517212e-01 6.440584063529968262e-01
1403637174.888319016 1.800305938720703125e+01 1.870590448379516602e+00 2.316673278808593750e+00 3.349295258522033691e-02 7.444424033164978027e-01 2.097144275903701782e-01 6.330116391181945801e-01
1403637174.938319206 1.802439689636230469e+01 1.902706146240234375e+00 2.061595916748046875e+00 3.114480338990688324e-02 7.519454360008239746e-01 2.178289145231246948e-01 6.214167475700378418e-01
1403637174.988318920 1.803721618652343750e+01 1.936354637145996094e+00 1.808963775634765625e+00 2.870178967714309692e-02 7.597761750221252441e-01 2.236905246973037720e-01 6.098188757896423340e-01
1403637175.038319111 1.805006980895996094e+01 1.976763725280761719e+00 1.551233291625976562e+00 2.815257199108600616e-02 7.665359973907470703e-01 2.281672805547714233e-01 5.996412634849548340e-01
1403637175.088319063 1.805991744995117188e+01 2.022775650024414062e+00 1.286245346069335938e+00 2.983255311846733093e-02 7.734025120735168457e-01 2.284060567617416382e-01 5.905839204788208008e-01
1403637175.138319016 1.806463241577148438e+01 2.068651437759399414e+00 1.026189804077148438e+00 3.414586558938026428e-02 7.796822190284729004e-01 2.269191443920135498e-01 5.826125741004943848e-01
1403637175.188318968 1.806549263000488281e+01 2.119626522064208984e+00 7.682247161865234375e-01 4.103647172451019287e-02 7.851439118385314941e-01 2.246198207139968872e-01 5.756830573081970215e-01
1403637175.238319159 1.805729866027832031e+01 2.171546459197998047e+00 5.014152526855468750e-01 4.874801635742187500e-02 7.902349233627319336e-01 2.210302799940109253e-01 5.694717168807983398e-01
1403637175.288318872 1.803669357299804688e+01 2.229100465774536133e+00 2.335453033447265625e-01 5.536101385951042175e-02 7.949668765068054199e-01 2.157224416732788086e-01 5.642930269241333008e-01
1403637175.338319063 1.800984191894531250e+01 2.299139976501464844e+00 -3.456306457519531250e-02 5.943383276462554932e-02 7.994520664215087891e-01 2.099069058895111084e-01 5.597170591354370117e-01
1403637175.388319016 1.796908760070800781e+01 2.366204261779785156e+00 -3.002395629882812500e-01 6.285765767097473145e-02 8.026454448699951172e-01 2.058342397212982178e-01 5.562746524810791016e-01
1403637175.438319206 1.792223167419433594e+01 2.442705631256103516e+00 -5.506649017333984375e-01 6.526361405849456787e-02 8.036320209503173828e-01 2.069049030542373657e-01 5.541720986366271973e-01
1403637175.488318920 1.785632705688476562e+01 2.529695510864257812e+00 -8.155193328857421875e-01 6.612679362297058105e-02 8.032141327857971191e-01 2.118288874626159668e-01 5.528136491775512695e-01
1403637175.538319111 1.777641296386718750e+01 2.617451667785644531e+00 -1.077798843383789062e+00 6.622736155986785889e-02 8.014959692955017090e-01 2.191423773765563965e-01 5.524444580078125000e-01
1403637175.588319063 1.768410682678222656e+01 2.710767269134521484e+00 -1.338991165161132812e+00 6.486885249614715576e-02 7.993199825286865234e-01 2.268455773591995239e-01 5.526489019393920898e-01
1403637175.638319016 1.758154487609863281e+01 2.810919046401977539e+00 -1.608606338500976562e+00 6.091729924082756042e-02 7.968394160270690918e-01 2.351206839084625244e-01 5.532217025756835938e-01
1403637175.688318968 1.747067260742187500e+01 2.911198139190673828e+00 -1.881505966186523438e+00 5.800393596291542053e-02 7.950451374053955078e-01 2.406741678714752197e-01 5.537281036376953125e-01
1403637175.738319159 1.734172630310058594e+01 2.989873409271240234e+00 -2.161748886108398438e+00 5.635023117065429688e-02 7.933635115623474121e-01 2.449318021535873413e-01 5.544433593750000000e-01
1403637175.788318872 1.721155548095703125e+01 3.076553821563720703e+00 -2.457164764404296875e+00 5.280093476176261902e-02 7.927485108375549316e-01 2.460878491401672363e-01 5.551599860191345215e-01
1403637175.838319063 1.707448005676269531e+01 3.152438640594482422e+00 -2.761253356933593750e+00 4.846636578440666199e-02 7.932287454605102539e-01 2.440182864665985107e-01 5.557826161384582520e-01
1403637175.888319016 1.692970848083496094e+01 3.221456766128540039e+00 -3.075761795043945312e+00 4.213685542345046997e-02 7.945932149887084961e-01 2.398230284452438354e-01 5.561754107475280762e-01
1403637175.938319206 1.678260612487792969e+01 3.286807298660278320e+00 -3.397979736328125000e+00 3.705475851893424988e-02 7.963744997978210449e-01 2.332802861928939819e-01 5.567718744277954102e-01
1403637175.988318920 1.662137794494628906e+01 3.335077285766601562e+00 -3.732227325439453125e+00 3.547845780849456787e-02 7.979621291160583496e-01 2.265097349882125854e-01 5.573966503143310547e-01
1403637176.038319111 1.645889091491699219e+01 3.374275922775268555e+00 -4.065555572509765625e+00 3.855852037668228149e-02 7.986974716186523438e-01 2.212003767490386963e-01 5.582705736160278320e-01
1403637176.088319063 1.629402351379394531e+01 3.414662837982177734e+00 -4.398939132690429688e+00 4.146271571516990662e-02 7.995003461837768555e-01 2.152035385370254517e-01 5.592562556266784668e-01
1403637176.138319016 1.611593437194824219e+01 3.448824405670166016e+00 -4.734544754028320312e+00 4.187439754605293274e-02 8.004483580589294434e-01 2.089008241891860962e-01 5.602584481239318848e-01
1403637176.188318968 1.592802047729492188e+01 3.495547294616699219e+00 -5.062850952148437500e+00 4.381776973605155945e-02 8.008512854576110840e-01 2.038850784301757812e-01 5.613805651664733887e-01
1403637176.238319159 1.573191547393798828e+01 3.547814846038818359e+00 -5.397472381591796875e+00 4.440376535058021545e-02 8.017286658287048340e-01 1.997326612472534180e-01 5.615748167037963867e-01
1403637176.288318872 1.552588176727294922e+01 3.611311674118041992e+00 -5.727817535400390625e+00 4.473576694726943970e-02 8.028085231781005859e-01 1.979581415653228760e-01 5.606334209442138672e-01
1403637176.338319063 1.531927013397216797e+01 3.678671836853027344e+00 -6.048114776611328125e+00 4.574016109108924866e-02 8.037393093109130859e-01 1.978158056735992432e-01 5.592673420906066895e-01
1403637176.388319016 1.510334110260009766e+01 3.750810146331787109e+00 -6.364653587341308594e+00 4.413783177733421326e-02 8.047607541084289551e-01 1.975968033075332642e-01 5.580031871795654297e-01
1403637176.438319206 1.488115501403808594e+01 3.827512741088867188e+00 -6.677352905273437500e+00 4.236663132905960083e-02 8.052611947059631348e-01 2.001237720251083374e-01 5.565158724784851074e-01
1403637176.488318920 1.464491844177246094e+01 3.910551548004150391e+00 -6.993284225463867188e+00 3.699357062578201294e-02 8.070349693298339844e-01 2.021988034248352051e-01 5.535717606544494629e-01
1403637176.538319111 1.438740921020507812e+01 3.998752117156982422e+00 -7.313911437988281250e+00 3.378922492265701294e-02 8.090010881423950195e-01 2.053416073322296143e-01 5.497365593910217285e-01
1403637176.588319063 1.414463806152343750e+01 4.082818031311035156e+00 -7.619398117065429688e+00 3.288938105106353760e-02 8.112677931785583496e-01 2.100823968648910522e-01 5.446358919143676758e-01
1403637176.638319016 1.389446830749511719e+01 4.180259227752685547e+00 -7.924722671508789062e+00 3.136545792222023010e-02 8.134030699729919434e-01 2.157421261072158813e-01 5.393024682998657227e-01
1403637176.688318968 1.363623142242431641e+01 4.268283367156982422e+00 -8.227274894714355469e+00 2.943182177841663361e-02 8.154177665710449219e-01 2.211248576641082764e-01 5.341643095016479492e-01
1403637176.738319159 1.336378574371337891e+01 4.370796203613281250e+00 -8.546021461486816406e+00 2.806322276592254639e-02 8.166413307189941406e-01 2.268445044755935669e-01 5.299538373947143555e-01
1403637176.788318872 1.310034561157226562e+01 4.471612930297851562e+00 -8.847121238708496094e+00 2.636672556400299072e-02 8.181400299072265625e-01 2.308065146207809448e-01 5.260038971900939941e-01
1403637176.838319063 1.283741950988769531e+01 4.573298454284667969e+00 -9.141241073608398438e+00 2.432588674128055573e-02 8.194167613983154297e-01 2.347546368837356567e-01 5.223550200462341309e-01
1403637176.888319016 1.257105064392089844e+01 4.678179740905761719e+00 -9.421452522277832031e+00 2.116628177464008331e-02 8.197967410087585449e-01 2.403839528560638428e-01 5.193274617195129395e-01
1403637176.938319206 1.230156993865966797e+01 4.801572799682617188e+00 -9.708086013793945312e+00 1.765063591301441193e-02 8.201167583465576172e-01 2.447765916585922241e-01 5.168960094451904297e-01
1403637176.988318920 1.202552986145019531e+01 4.925734996795654297e+00 -1.001424503326416016e+01 1.254596281796693802e-02 8.197409510612487793e-01 2.498645186424255371e-01 5.152038931846618652e-01
1403637177.038319111 1.176521968841552734e+01 5.046837806701660156e+00 -1.029841613769531250e+01 7.935546338558197021e-03 8.183491826057434082e-01 2.577815651893615723e-01 5.136052370071411133e-01
1403637177.088319063 1.150851440429687500e+01 5.174678325653076172e+00 -1.058384799957275391e+01 1.415497536072507501e-04 8.161513209342956543e-01 2.672986388206481934e-01 5.122972130775451660e-01
1403637177.138319016 1.124491882324218750e+01 5.304259300231933594e+00 -1.087864971160888672e+01 -5.754864774644374847e-03 8.133558034896850586e-01 2.776011526584625244e-01 5.112307071685791016e-01
1403637177.188318968 1.099369621276855469e+01 5.455181121826171875e+00 -1.118153190612792969e+01 -1.086136046797037125e-02 8.109983801841735840e-01 2.861220538616180420e-01 5.101940035820007324e-01
1403637177.238319159 1.076112747192382812e+01 5.599617004394531250e+00 -1.147822856903076172e+01 -1.546513941138982773e-02 8.091045618057250977e-01 2.927345931529998779e-01 5.093301534652709961e-01
1403637177.288318872 1.054167175292968750e+01 5.744956016540527344e+00 -1.177027130126953125e+01 -1.789313182234764099e-02 8.080211281776428223e-01 2.968952059745788574e-01 5.085617303848266602e-01
1403637177.338319063 1.032373142242431641e+01 5.889058113098144531e+00 -1.208107757568359375e+01 -2.068809978663921356e-02 8.067255616188049316e-01 3.008486032485961914e-01 5.081890225410461426e-01
1403637177.388319016 1.013184738159179688e+01 6.054030895233154297e+00 -1.238694000244140625e+01 -2.368097566068172455e-02 8.065734505653381348e-01 3.018866181373596191e-01 5.076840519905090332e-01
1403637177.438319206 9.944696426391601562e+00 6.235557556152343750e+00 -1.270817470550537109e+01 -2.980519272387027740e-02 8.071786761283874512e-01 3.001300990581512451e-01 5.074407458305358887e-01
1403637177.488318920 9.776833534240722656e+00 6.404975891113281250e+00 -1.302765274047851562e+01 -3.741438686847686768e-02 8.085711598396301270e-01 2.981208264827728271e-01 5.059020519256591797e-01
1403637177.538319111 9.622295379638671875e+00 6.581377983093261719e+00 -1.335272598266601562e+01 -4.285329952836036682e-02 8.108338713645935059e-01 2.950813770294189453e-01 5.036258697509765625e-01
1403637177.588319063 9.483997344970703125e+00 6.743278980255126953e+00 -1.368678760528564453e+01 -5.097839608788490295e-02 8.136321902275085449e-01 2.897947132587432861e-01 5.014209747314453125e-01
1403637177.638319016 9.362175941467285156e+00 6.891275882720947266e+00 -1.402536964416503906e+01 -5.714592710137367249e-02 8.166968822479248047e-01 2.826868891716003418e-01 4.998286664485931396e-01
1403637177.688318968 9.265526771545410156e+00 7.040962219238281250e+00 -1.436408233642578125e+01 -6.121956184506416321e-02 8.200055360794067383e-01 2.748658061027526855e-01 4.982888400554656982e-01
1403637177.738319159 9.185131072998046875e+00 7.176219463348388672e+00 -1.470411300659179688e+01 -6.509624421596527100e-02 8.232592940330505371e-01 2.667004764080047607e-01 4.968677461147308350e-01
1403637177.788318872 9.121565818786621094e+00 7.290155410766601562e+00 -1.503696441650390625e+01 -6.358197331428527832e-02 8.267329931259155273e-01 2.607690393924713135e-01 4.944384396076202393e-01
1403637177.838319063 9.072247505187988281e+00 7.402961254119873047e+00 -1.537012004852294922e+01 -5.959279835224151611e-02 8.290543556213378906e-01 2.615268230438232422e-01 4.906336665153503418e-01
1403637177.888319016 9.038203239440917969e+00 7.521809577941894531e+00 -1.570180988311767578e+01 -5.588803812861442566e-02 8.322341442108154297e-01 2.626076340675354004e-01 4.850774705410003662e-01
1403637177.938319206 9.009915351867675781e+00 7.629127979278564453e+00 -1.603761863708496094e+01 -5.353966355323791504e-02 8.361644148826599121e-01 2.639735937118530273e-01 4.777869880199432373e-01
1403637177.988318920 9.003803253173828125e+00 7.750362396240234375e+00 -1.634681320190429688e+01 -5.573714524507522583e-02 8.410415649414062500e-01 2.639975547790527344e-01 4.688793420791625977e-01
1403637178.038319111 9.004500389099121094e+00 7.876844882965087891e+00 -1.666209030151367188e+01 -6.162903457880020142e-02 8.472044467926025391e-01 2.606112360954284668e-01 4.588336646556854248e-01
1403637178.088319063 9.012012481689453125e+00 8.011749267578125000e+00 -1.697808074951171875e+01 -7.016556710004806519e-02 8.538444042205810547e-01 2.551316916942596436e-01 4.482569396495819092e-01
1403637178.138319016 9.044606208801269531e+00 8.139783859252929688e+00 -1.728219223022460938e+01 -7.493703812360763550e-02 8.593726754188537598e-01 2.532131373882293701e-01 4.378882944583892822e-01
1403637178.188318968 9.089716911315917969e+00 8.268057823181152344e+00 -1.756996345520019531e+01 -7.981346547603607178e-02 8.641803860664367676e-01 2.518849372863769531e-01 4.282244145870208740e-01
1403637178.238319159 9.150552749633789062e+00 8.380256652832031250e+00 -1.785413360595703125e+01 -8.343028277158737183e-02 8.690239787101745605e-01 2.476955354213714600e-01 4.200996458530426025e-01
1403637178.288318872 9.232219696044921875e+00 8.481219291687011719e+00 -1.812645530700683594e+01 -8.650983124971389771e-02 8.734863400459289551e-01 2.418768554925918579e-01 4.135617315769195557e-01
1403637178.338319063 9.332222938537597656e+00 8.570291519165039062e+00 -1.838059043884277344e+01 -8.931616693735122681e-02 8.780316710472106934e-01 2.341949045658111572e-01 4.077203571796417236e-01
1403637178.388319016 9.440503120422363281e+00 8.641725540161132812e+00 -1.862461471557617188e+01 -9.432955086231231689e-02 8.811190724372863770e-01 2.289462536573410034e-01 4.028829634189605713e-01
1403637178.438319206 9.581686019897460938e+00 8.692362785339355469e+00 -1.884575653076171875e+01 -9.693721681833267212e-02 8.839678764343261719e-01 2.240378856658935547e-01 3.987618684768676758e-01
1403637178.488318920 9.727168083190917969e+00 8.742707252502441406e+00 -1.905916023254394531e+01 -9.837158769369125366e-02 8.854794502258300781e-01 2.228162437677383423e-01 3.957298994064331055e-01
1403637178.538319111 9.895677566528320312e+00 8.762830734252929688e+00 -1.924940872192382812e+01 -9.680067002773284912e-02 8.866017460823059082e-01 2.229912132024765015e-01 3.934997022151947021e-01
1403637178.588319063 1.008291244506835938e+01 8.778969764709472656e+00 -1.941832923889160156e+01 -9.496194869279861450e-02 8.874539732933044434e-01 2.233125120401382446e-01 3.918408453464508057e-01
1403637178.638319016 1.028040504455566406e+01 8.797976493835449219e+00 -1.957974815368652344e+01 -8.641251921653747559e-02 8.878936171531677246e-01 2.250791639089584351e-01 3.918127417564392090e-01
1403637178.688318968 1.049154567718505859e+01 8.797541618347167969e+00 -1.971845626831054688e+01 -7.592454552650451660e-02 8.881724476814270020e-01 2.265607565641403198e-01 3.924988508224487305e-01
1403637178.738319159 1.071586608886718750e+01 8.812726974487304688e+00 -1.984606552124023438e+01 -6.331206113100051880e-02 8.890803456306457520e-01 2.256276607513427734e-01 3.932174742221832275e-01
1403637178.788318872 1.094711589813232422e+01 8.822261810302734375e+00 -1.995869445800781250e+01 -5.124302953481674194e-02 8.897926807403564453e-01 2.240690737962722778e-01 3.942541480064392090e-01
1403637178.838319063 1.118318843841552734e+01 8.838257789611816406e+00 -2.005217170715332031e+01 -4.086697846651077271e-02 8.905572891235351562e-01 2.219551801681518555e-01 3.949348926544189453e-01
1403637178.888319016 1.142156314849853516e+01 8.866767883300781250e+00 -2.013632774353027344e+01 -2.899551391601562500e-02 8.903822898864746094e-01 2.226043790578842163e-01 3.960126936435699463e-01
1403637178.938319206 1.166358947753906250e+01 8.890007972717285156e+00 -2.020929527282714844e+01 -1.931027136743068695e-02 8.900434374809265137e-01 2.232346087694168091e-01 3.970090448856353760e-01
1403637178.988318920 1.190102672576904297e+01 8.911554336547851562e+00 -2.027132034301757812e+01 -1.224930956959724426e-02 8.900123238563537598e-01 2.224254459142684937e-01 3.978127837181091309e-01
1403637179.038319111 1.214224720001220703e+01 8.944068908691406250e+00 -2.032000923156738281e+01 -6.043219938874244690e-03 8.899620175361633301e-01 2.213381677865982056e-01 3.986733853816986084e-01
1403637179.088319063 1.237561893463134766e+01 8.985671043395996094e+00 -2.036491775512695312e+01 -4.376920871436595917e-03 8.891779780387878418e-01 2.229546010494232178e-01 3.995432257652282715e-01
1403637179.138319016 1.261034297943115234e+01 9.037101745605468750e+00 -2.039787292480468750e+01 -5.533954594284296036e-03 8.877363801002502441e-01 2.272416949272155762e-01 4.003183543682098389e-01
1403637179.188318968 1.284367179870605469e+01 9.076760292053222656e+00 -2.041895484924316406e+01 -6.247484590858221054e-03 8.866556286811828613e-01 2.300787121057510376e-01 4.010817110538482666e-01
1403637179.238319159 1.307011699676513672e+01 9.104579925537109375e+00 -2.043084144592285156e+01 -1.018372457474470139e-02 8.854010105133056641e-01 2.332108467817306519e-01 4.019628465175628662e-01
1403637179.288318872 1.329867362976074219e+01 9.126599311828613281e+00 -2.044108009338378906e+01 -1.330549363046884537e-02 8.846082091331481934e-01 2.346916049718856812e-01 4.027544856071472168e-01
1403637179.338319063 1.351785278320312500e+01 9.121996879577636719e+00 -2.045292472839355469e+01 -1.663039997220039368e-02 8.844069242477416992e-01 2.346690148115158081e-01 4.030860066413879395e-01
1403637179.388319016 1.373805618286132812e+01 9.102231025695800781e+00 -2.045678329467773438e+01 -1.886487752199172974e-02 8.838538527488708496e-01 2.354523539543151855e-01 4.037435352802276611e-01
1403637179.438319206 1.395773601531982422e+01 9.049119949340820312e+00 -2.046359443664550781e+01 -2.066852152347564697e-02 8.834301233291625977e-01 2.358486056327819824e-01 4.043506681919097900e-01
1403637179.488318920 1.418150043487548828e+01 8.991360664367675781e+00 -2.046410942077636719e+01 -2.037177048623561859e-02 8.829929232597351074e-01 2.368202805519104004e-01 4.047525823116302490e-01
1403637179.538319111 1.440478324890136719e+01 8.934735298156738281e+00 -2.045667457580566406e+01 -1.983871869742870331e-02 8.828486204147338867e-01 2.367729246616363525e-01 4.051215052604675293e-01
1403637179.588319063 1.462392711639404297e+01 8.882883071899414062e+00 -2.044864845275878906e+01 -1.968879066407680511e-02 8.832206726074218750e-01 2.356452196836471558e-01 4.049752950668334961e-01
1403637179.638319016 1.485672187805175781e+01 8.837377548217773438e+00 -2.042579460144042969e+01 -1.865107007324695587e-02 8.833701014518737793e-01 2.354369014501571655e-01 4.048196077346801758e-01
1403637179.688318968 1.508312129974365234e+01 8.806343078613281250e+00 -2.039954566955566406e+01 -1.921213231980800629e-02 8.840578198432922363e-01 2.336747199296951294e-01 4.043127596378326416e-01
1403637179.738319159 1.530634593963623047e+01 8.808043479919433594e+00 -2.035670852661132812e+01 -2.150159515440464020e-02 8.850325345993041992e-01 2.315037250518798828e-01 4.033128023147583008e-01
1403637179.788318872 1.553374099731445312e+01 8.842587471008300781e+00 -2.030311393737792969e+01 -2.742709778249263763e-02 8.862069845199584961e-01 2.285581678152084351e-01 4.020524621009826660e-01
1403637179.838319063 1.576243305206298828e+01 8.900230407714843750e+00 -2.023594093322753906e+01 -3.512507677078247070e-02 8.880514502525329590e-01 2.229352593421936035e-01 4.005381464958190918e-01
1403637179.888319016 1.599013328552246094e+01 8.973848342895507812e+00 -2.016187858581542969e+01 -4.223303869366645813e-02 8.899026513099670410e-01 2.166352570056915283e-01 3.991977572441101074e-01
1403637179.938319206 1.623175621032714844e+01 9.060159683227539062e+00 -2.006752586364746094e+01 -4.678173363208770752e-02 8.915453553199768066e-01 2.111163139343261719e-01 3.979803025722503662e-01
1403637179.988318920 1.647217178344726562e+01 9.149902343750000000e+00 -1.995284461975097656e+01 -4.788020253181457520e-02 8.920685052871704102e-01 2.092376947402954102e-01 3.976694345474243164e-01
1403637180.038319111 1.671062469482421875e+01 9.231289863586425781e+00 -1.983020401000976562e+01 -4.373259469866752625e-02 8.913898468017578125e-01 2.124349921941757202e-01 3.979736864566802979e-01
1403637180.088319063 1.696133613586425781e+01 9.307512283325195312e+00 -1.969074058532714844e+01 -3.848048299551010132e-02 8.901971578598022461e-01 2.168681025505065918e-01 3.987938463687896729e-01
1403637180.138319016 1.721550941467285156e+01 9.366480827331542969e+00 -1.954364395141601562e+01 -3.094864636659622192e-02 8.887822031974792480e-01 2.217206805944442749e-01 3.999354839324951172e-01
1403637180.188318968 1.747317314147949219e+01 9.419793128967285156e+00 -1.938086700439453125e+01 -2.401728555560112000e-02 8.870967626571655273e-01 2.273116111755371094e-01 4.010136723518371582e-01
1403637180.238319159 1.771930694580078125e+01 9.456357955932617188e+00 -1.922267913818359375e+01 -1.827221736311912537e-02 8.857130408287048340e-01 2.311927825212478638e-01 4.021548926830291748e-01
1403637180.288318872 1.797086906433105469e+01 9.488432884216308594e+00 -1.906025505065917969e+01 -1.323522068560123444e-02 8.840882778167724609e-01 2.356074303388595581e-01 4.033631682395935059e-01
1403637180.338319063 1.821371459960937500e+01 9.514211654663085938e+00 -1.890308380126953125e+01 -9.944083169102668762e-03 8.828712701797485352e-01 2.383891791105270386e-01 4.044874310493469238e-01
1403637180.388319016 1.846014976501464844e+01 9.529567718505859375e+00 -1.873446846008300781e+01 -8.731300011277198792e-03 8.803490996360778809e-01 2.461957931518554688e-01 4.053355455398559570e-01
1403637180.438319206 1.870705032348632812e+01 9.537765502929687500e+00 -1.855994987487792969e+01 -1.087978295981884003e-02 8.776804804801940918e-01 2.548186182975769043e-01 4.057414233684539795e-01
1403637180.488318920 1.894802856445312500e+01 9.543832778930664062e+00 -1.838788032531738281e+01 -1.375502441078424454e-02 8.746308088302612305e-01 2.648659646511077881e-01 4.058050513267517090e-01
1403637180.538319111 1.919544219970703125e+01 9.531785964965820312e+00 -1.821893882751464844e+01 -1.653382368385791779e-02 8.725004196166992188e-01 2.720275223255157471e-01 4.055499136447906494e-01
1403637180.588319063 1.944070816040039062e+01 9.515691757202148438e+00 -1.806339836120605469e+01 -1.989807188510894775e-02 8.717680573463439941e-01 2.747180759906768799e-01 4.051598906517028809e-01
1403637180.638319016 1.968737411499023438e+01 9.475038528442382812e+00 -1.790217399597167969e+01 -2.621076069772243500e-02 8.741834163665771484e-01 2.679188251495361328e-01 4.041484892368316650e-01
1403637180.688318968 1.994255065917968750e+01 9.428853988647460938e+00 -1.775373840332031250e+01 -2.822049334645271301e-02 8.771824836730957031e-01 2.586933374404907227e-01 4.035249352455139160e-01
1403637180.738319159 2.020302009582519531e+01 9.381292343139648438e+00 -1.760806274414062500e+01 -2.669458091259002686e-02 8.792040348052978516e-01 2.531558573246002197e-01 4.027404189109802246e-01
1403637180.788318872 2.047093009948730469e+01 9.319194793701171875e+00 -1.745961189270019531e+01 -2.698271162807941437e-02 8.817570805549621582e-01 2.464507818222045898e-01 4.012958705425262451e-01
1403637180.838319063 2.073434829711914062e+01 9.250259399414062500e+00 -1.731118583679199219e+01 -2.925529517233371735e-02 8.836064934730529785e-01 2.419925034046173096e-01 3.997791111469268799e-01
1403637180.888319016 2.100430679321289062e+01 9.171089172363281250e+00 -1.715843391418457031e+01 -3.520419076085090637e-02 8.862071633338928223e-01 2.354311347007751465e-01 3.974540233612060547e-01
1403637180.938319206 2.126987838745117188e+01 9.087686538696289062e+00 -1.700032043457031250e+01 -3.992332145571708679e-02 8.878051638603210449e-01 2.321525663137435913e-01 3.953649103641510010e-01
1403637180.988318920 2.154660797119140625e+01 8.994660377502441406e+00 -1.683260345458984375e+01 -4.536583647131919861e-02 8.896285891532897949e-01 2.282244712114334106e-01 3.929587602615356445e-01
1403637181.038319111 2.182088470458984375e+01 8.894172668457031250e+00 -1.666206741333007812e+01 -5.146110430359840393e-02 8.911217451095581055e-01 2.254288494586944580e-01 3.904301822185516357e-01
1403637181.088319063 2.210174560546875000e+01 8.769103050231933594e+00 -1.648074150085449219e+01 -5.116364732384681702e-02 8.917763233184814453e-01 2.255271524190902710e-01 3.889149725437164307e-01
1403637181.138319016 2.238910484313964844e+01 8.636777877807617188e+00 -1.629175186157226562e+01 -4.534572362899780273e-02 8.919408321380615234e-01 2.277874052524566650e-01 3.879409730434417725e-01
1403637181.188318968 2.268023109436035156e+01 8.497634887695312500e+00 -1.609750366210937500e+01 -3.602625429630279541e-02 8.915308713912963867e-01 2.316816449165344238e-01 3.875546157360076904e-01
1403637181.238319159 2.297375488281250000e+01 8.340435028076171875e+00 -1.589599609375000000e+01 -2.607729099690914154e-02 8.915446400642395020e-01 2.337387949228286743e-01 3.870844841003417969e-01
1403637181.288318872 2.326921463012695312e+01 8.167103767395019531e+00 -1.569102859497070312e+01 -1.672027260065078735e-02 8.916670083999633789e-01 2.349736094474792480e-01 3.865719437599182129e-01
1403637181.338319063 2.356562423706054688e+01 7.995877742767333984e+00 -1.547869300842285156e+01 -1.110890135169029236e-02 8.927322030067443848e-01 2.329701036214828491e-01 3.855266571044921875e-01
1403637181.388319016 2.384873962402343750e+01 7.815018653869628906e+00 -1.527202224731445312e+01 -8.833165280520915985e-03 8.941230773925781250e-01 2.295144051313400269e-01 3.844334483146667480e-01
1403637181.438319206 2.413600158691406250e+01 7.630058765411376953e+00 -1.505203247070312500e+01 -9.112319909036159515e-03 8.952693939208984375e-01 2.269303351640701294e-01 3.832915425300598145e-01
1403637181.488318920 2.442153549194335938e+01 7.443590641021728516e+00 -1.482339477539062500e+01 -1.145702600479125977e-02 8.956583142280578613e-01 2.274715304374694824e-01 3.819969594478607178e-01
1403637181.538319111 2.470348167419433594e+01 7.251890659332275391e+00 -1.459003829956054688e+01 -1.393330562859773636e-02 8.955998420715332031e-01 2.298405617475509644e-01 3.806312978267669678e-01
1403637181.588319063 2.498209762573242188e+01 7.050029277801513672e+00 -1.436006164550781250e+01 -1.452497486025094986e-02 8.952147364616394043e-01 2.333022654056549072e-01 3.794070780277252197e-01
1403637181.638319016 2.525808334350585938e+01 6.849571228027343750e+00 -1.412590408325195312e+01 -1.599857956171035767e-02 8.950037360191345215e-01 2.365028858184814453e-01 3.778608739376068115e-01
1403637181.688318968 2.553535461425781250e+01 6.634108066558837891e+00 -1.388672256469726562e+01 -1.555634196847677231e-02 8.950632810592651367e-01 2.384925633668899536e-01 3.764851391315460205e-01
1403637181.738319159 2.581411743164062500e+01 6.410997390747070312e+00 -1.364478302001953125e+01 -1.268997136503458023e-02 8.947907090187072754e-01 2.415724098682403564e-01 3.752750158309936523e-01
1403637181.788318872 2.609020614624023438e+01 6.196688175201416016e+00 -1.340612030029296875e+01 -8.403691463172435760e-03 8.951582312583923340e-01 2.421619445085525513e-01 3.741373717784881592e-01
1403637181.838319063 2.636250495910644531e+01 5.987046718597412109e+00 -1.316221237182617188e+01 -4.282813519239425659e-03 8.954989910125732422e-01 2.421796470880508423e-01 3.733795881271362305e-01
1403637181.888319016 2.663053512573242188e+01 5.780048370361328125e+00 -1.291332244873046875e+01 -1.746999914757907391e-03 8.957003951072692871e-01 2.424620091915130615e-01 3.727331459522247314e-01
1403637181.938319206 2.689665222167968750e+01 5.588379383087158203e+00 -1.265866470336914062e+01 -2.692871785257011652e-04 8.956320285797119141e-01 2.432903796434402466e-01 3.723613619804382324e-01
1403637181.988318920 2.716507720947265625e+01 5.395612239837646484e+00 -1.240835571289062500e+01 7.811147952452301979e-04 8.957819938659667969e-01 2.428596168756484985e-01 3.722811043262481689e-01
1403637182.038319111 2.743290710449218750e+01 5.209600925445556641e+00 -1.214742279052734375e+01 1.806833781301975250e-03 8.962682485580444336e-01 2.411438971757888794e-01 3.722226917743682861e-01
1403637182.088319063 2.769115447998046875e+01 5.031663417816162109e+00 -1.188896942138671875e+01 4.182852338999509811e-03 8.973911404609680176e-01 2.364922910928726196e-01 3.724824190139770508e-01
1403637182.138319016 2.794348907470703125e+01 4.854299545288085938e+00 -1.162636947631835938e+01 7.758201565593481064e-03 8.976959586143493652e-01 2.340871989727020264e-01 3.732091784477233887e-01
1403637182.188318968 2.819624328613281250e+01 4.681872844696044922e+00 -1.135886383056640625e+01 1.410170458257198334e-02 8.976268172264099121e-01 2.321059703826904297e-01 3.744250833988189697e-01
1403637182.238319159 2.844128799438476562e+01 4.508372783660888672e+00 -1.108786010742187500e+01 2.061047591269016266e-02 8.973966836929321289e-01 2.301426678895950317e-01 3.758840858936309814e-01
1403637182.288318872 2.867782211303710938e+01 4.336637496948242188e+00 -1.081764221191406250e+01 2.732110209763050079e-02 8.967571854591369629e-01 2.291653752326965332e-01 3.775757849216461182e-01
1403637182.338319063 2.891000366210937500e+01 4.162431240081787109e+00 -1.053715133666992188e+01 3.312678635120391846e-02 8.963478803634643555e-01 2.274311631917953491e-01 3.791281580924987793e-01
1403637182.388319016 2.912641716003417969e+01 4.004052162170410156e+00 -1.025957870483398438e+01 3.640165179967880249e-02 8.963769674301147461e-01 2.248479872941970825e-01 3.802981972694396973e-01
1403637182.438319206 2.933504486083984375e+01 3.836462020874023438e+00 -9.978755950927734375e+00 4.190679267048835754e-02 8.961071372032165527e-01 2.220188379287719727e-01 3.820255696773529053e-01
1403637182.488318920 2.953185653686523438e+01 3.671436786651611328e+00 -9.699115753173828125e+00 4.021448642015457153e-02 8.977767825126647949e-01 2.148853391408920288e-01 3.823663294315338135e-01
1403637182.538319111 2.970867538452148438e+01 3.506531715393066406e+00 -9.419994354248046875e+00 3.777769953012466431e-02 8.985407352447509766e-01 2.105331271886825562e-01 3.832404613494873047e-01
1403637182.588319063 2.987076377868652344e+01 3.328965187072753906e+00 -9.136859893798828125e+00 3.426397219300270081e-02 8.994216322898864746e-01 2.066188305616378784e-01 3.836345076560974121e-01
1403637182.638319016 3.001984977722167969e+01 3.139881134033203125e+00 -8.836933135986328125e+00 3.175061196088790894e-02 8.996505141258239746e-01 2.054509371519088745e-01 3.839412331581115723e-01
1403637182.688318968 3.015785217285156250e+01 2.953252315521240234e+00 -8.538101196289062500e+00 3.171064704656600952e-02 8.992291092872619629e-01 2.062428295612335205e-01 3.845065832138061523e-01
1403637182.738319159 3.028795814514160156e+01 2.758313179016113281e+00 -8.239402770996093750e+00 3.373553603887557983e-02 8.988428711891174316e-01 2.064754217863082886e-01 3.851120471954345703e-01
1403637182.788318872 3.039883041381835938e+01 2.565887451171875000e+00 -7.937183380126953125e+00 3.688928112387657166e-02 8.979656696319580078e-01 2.091165632009506226e-01 3.854441940784454346e-01
1403637182.838319063 3.050768852233886719e+01 2.386262416839599609e+00 -7.621822357177734375e+00 4.079654440283775330e-02 8.973357081413269043e-01 2.112313508987426758e-01 3.853642344474792480e-01
1403637182.888319016 3.060147094726562500e+01 2.209267139434814453e+00 -7.307464599609375000e+00 4.402294382452964783e-02 8.969383239746093750e-01 2.126516699790954590e-01 3.851531147956848145e-01
1403637182.938319206 3.068188285827636719e+01 2.028184413909912109e+00 -6.982086181640625000e+00 4.857554286718368530e-02 8.965229392051696777e-01 2.139331549406051636e-01 3.848632872104644775e-01
1403637182.988318920 3.074828529357910156e+01 1.870288848876953125e+00 -6.646934509277343750e+00 5.396778509020805359e-02 8.958357572555541992e-01 2.157876491546630859e-01 3.847094774246215820e-01
1403637183.038319111 3.081227302551269531e+01 1.727131366729736328e+00 -6.311332702636718750e+00 5.996941775083541870e-02 8.949878811836242676e-01 2.181971073150634766e-01 3.844352066516876221e-01
1403637183.088319063 3.086170768737792969e+01 1.602094173431396484e+00 -5.971939086914062500e+00 6.516551226377487183e-02 8.943535685539245605e-01 2.195893824100494385e-01 3.842730820178985596e-01
1403637183.138319016 3.089134597778320312e+01 1.502094268798828125e+00 -5.633865356445312500e+00 7.035477459430694580e-02 8.932304382324218750e-01 2.221008986234664917e-01 3.845267593860626221e-01
1403637183.188318968 3.091881942749023438e+01 1.428164005279541016e+00 -5.281242370605468750e+00 7.335737347602844238e-02 8.926976919174194336e-01 2.233639359474182129e-01 3.844712972640991211e-01
1403637183.238319159 3.092258834838867188e+01 1.348577499389648438e+00 -4.934329986572265625e+00 7.604463398456573486e-02 8.918419480323791504e-01 2.255520522594451904e-01 3.846575617790222168e-01
1403637183.288318872 3.090813636779785156e+01 1.278741359710693359e+00 -4.591472625732421875e+00 7.781145721673965454e-02 8.911224603652954102e-01 2.274275571107864380e-01 3.848675191402435303e-01
1403637183.338319063 3.088772773742675781e+01 1.226736068725585938e+00 -4.239597320556640625e+00 7.997486740350723267e-02 8.904253244400024414e-01 2.295160740613937378e-01 3.847976326942443848e-01
1403637183.388319016 3.084486198425292969e+01 1.167474746704101562e+00 -3.895668029785156250e+00 8.199860155582427979e-02 8.897102475166320801e-01 2.317032814025878906e-01 3.847148418426513672e-01
1403637183.438319206 3.078687477111816406e+01 1.122476577758789062e+00 -3.548110961914062500e+00 8.264116942882537842e-02 8.898056745529174805e-01 2.317484766244888306e-01 3.843292295932769775e-01
1403637183.488318920 3.070721435546875000e+01 1.085512161254882812e+00 -3.210468292236328125e+00 8.314078301191329956e-02 8.898875713348388672e-01 2.316265255212783813e-01 3.841054141521453857e-01
1403637183.538319111 3.061733055114746094e+01 1.048365592956542969e+00 -2.872146606445312500e+00 8.502982556819915771e-02 8.891680240631103516e-01 2.337353974580764771e-01 3.840807974338531494e-01
1403637183.588319063 3.051094245910644531e+01 1.017413139343261719e+00 -2.532455444335937500e+00 8.670773357152938843e-02 8.888189792633056641e-01 2.345564812421798706e-01 3.840128481388092041e-01
1403637183.638319016 3.038874244689941406e+01 9.950952529907226562e-01 -2.200511932373046875e+00 8.936144411563873291e-02 8.882986903190612793e-01 2.356947511434555054e-01 3.839114904403686523e-01
1403637183.688318968 3.024500846862792969e+01 9.750084877014160156e-01 -1.869083404541015625e+00 9.125234186649322510e-02 8.881664276123046875e-01 2.359848916530609131e-01 3.835943043231964111e-01
1403637183.738319159 3.008069992065429688e+01 9.616432189941406250e-01 -1.551410675048828125e+00 9.352865815162658691e-02 8.867690563201904297e-01 2.398492693901062012e-01 3.838819563388824463e-01
1403637183.788318872 2.989331817626953125e+01 9.453587532043457031e-01 -1.232128143310546875e+00 9.657336026430130005e-02 8.843683004379272461e-01 2.463345378637313843e-01 3.845589458942413330e-01
1403637183.838319063 2.969230270385742188e+01 9.391112327575683594e-01 -9.234809875488281250e-01 9.873577207326889038e-02 8.821622133255004883e-01 2.526619136333465576e-01 3.849716484546661377e-01
1403637183.888319016 2.947514152526855469e+01 9.039416313171386719e-01 -6.255187988281250000e-01 1.013486683368682861e-01 8.799389004707336426e-01 2.590362131595611572e-01 3.851445317268371582e-01
1403637183.938319206 2.922555541992187500e+01 8.821310997009277344e-01 -3.390159606933593750e-01 1.040507256984710693e-01 8.780012130737304688e-01 2.644090056419372559e-01 3.851950764656066895e-01
1403637183.988318920 2.896692657470703125e+01 8.458786010742187500e-01 -6.715011596679687500e-02 1.057700663805007935e-01 8.761411309242248535e-01 2.700241804122924805e-01 3.850667476654052734e-01
1403637184.038319111 2.869425582885742188e+01 8.057165145874023438e-01 1.907119750976562500e-01 1.076522916555404663e-01 8.745659589767456055e-01 2.746660709381103516e-01 3.848426938056945801e-01
1403637184.088319063 2.839053916931152344e+01 7.723264694213867188e-01 4.273529052734375000e-01 1.080330461263656616e-01 8.739421367645263672e-01 2.771010994911193848e-01 3.844073414802551270e-01
1403637184.138319016 2.807715415954589844e+01 7.270154953002929688e-01 6.452980041503906250e-01 1.056156754493713379e-01 8.742130398750305176e-01 2.780704796314239502e-01 3.837626576423645020e-01
1403637184.188318968 2.775489616394042969e+01 6.872620582580566406e-01 8.620529174804687500e-01 1.017973795533180237e-01 8.747246861457824707e-01 2.787108421325683594e-01 3.831636309623718262e-01
1403637184.238319159 2.741270446777343750e+01 6.411495208740234375e-01 1.061851501464843750e+00 9.459426254034042358e-02 8.767556548118591309e-01 2.762357890605926514e-01 3.821586668491363525e-01
1403637184.288318872 2.705162811279296875e+01 6.097102165222167969e-01 1.250616073608398438e+00 8.300381898880004883e-02 8.790131211280822754e-01 2.737348675727844238e-01 3.814650475978851318e-01
1403637184.338319063 2.667406082153320312e+01 6.263899803161621094e-01 1.429573059082031250e+00 7.036387920379638672e-02 8.811582326889038086e-01 2.711591124534606934e-01 3.808962404727935791e-01
1403637184.388319016 2.629879188537597656e+01 6.483674049377441406e-01 1.609092712402343750e+00 5.802252888679504395e-02 8.824546337127685547e-01 2.706487178802490234e-01 3.803375959396362305e-01
1403637184.438319206 2.592304611206054688e+01 6.881060600280761719e-01 1.789972305297851562e+00 4.745201021432876587e-02 8.830150365829467773e-01 2.712143957614898682e-01 3.800993561744689941e-01
1403637184.488318920 2.553784179687500000e+01 7.328791618347167969e-01 1.959299087524414062e+00 3.925473615527153015e-02 8.823130130767822266e-01 2.744431197643280029e-01 3.803470730781555176e-01
1403637184.538319111 2.516491699218750000e+01 7.761878967285156250e-01 2.138116836547851562e+00 3.246682882308959961e-02 8.813828825950622559e-01 2.783204317092895508e-01 3.803260326385498047e-01
1403637184.588319063 2.478335380554199219e+01 8.260512351989746094e-01 2.300928115844726562e+00 2.632953040301799774e-02 8.797048926353454590e-01 2.838886082172393799e-01 3.805696368217468262e-01
1403637184.638319016 2.440068054199218750e+01 8.859229087829589844e-01 2.456680297851562500e+00 2.147949486970901489e-02 8.781736493110656738e-01 2.884612083435058594e-01 3.809723556041717529e-01
1403637184.688318968 2.401879501342773438e+01 9.519186019897460938e-01 2.604820251464843750e+00 1.795755140483379364e-02 8.766131401062011719e-01 2.929078936576843262e-01 3.813555538654327393e-01
1403637184.738319159 2.364351081848144531e+01 1.007796287536621094e+00 2.743396759033203125e+00 1.566026359796524048e-02 8.747334480285644531e-01 2.979751825332641602e-01 3.818466961383819580e-01
1403637184.788318872 2.327323341369628906e+01 1.058197021484375000e+00 2.871364593505859375e+00 1.293247472494840622e-02 8.734682202339172363e-01 3.015241324901580811e-01 3.820593059062957764e-01
1403637184.838319063 2.290667343139648438e+01 1.102248668670654297e+00 2.985877990722656250e+00 1.074860524386167526e-02 8.723873496055603027e-01 3.043820261955261230e-01 3.823301792144775391e-01
1403637184.888319016 2.254883766174316406e+01 1.141585826873779297e+00 3.088563919067382812e+00 9.596749208867549896e-03 8.717049956321716309e-01 3.063015937805175781e-01 3.823842108249664307e-01
1403637184.938319206 2.219648361206054688e+01 1.170210838317871094e+00 3.177856445312500000e+00 6.027827505022287369e-03 8.714185357093811035e-01 3.069024384021759033e-01 3.826282024383544922e-01
1403637184.988318920 2.184917068481445312e+01 1.184991359710693359e+00 3.255107879638671875e+00 6.968883797526359558e-03 8.704115152359008789e-01 3.096062242984771729e-01 3.827261626720428467e-01
1403637185.038319111 2.151359367370605469e+01 1.208975315093994141e+00 3.313871383666992188e+00 3.262107027694582939e-03 8.700770735740661621e-01 3.105934560298919678e-01 3.827360570430755615e-01
1403637185.088319063 2.118241882324218750e+01 1.215969085693359375e+00 3.361728668212890625e+00 2.754191868007183075e-03 8.695563077926635742e-01 3.120334148406982422e-01 3.827523589134216309e-01
1403637185.138319016 2.086250305175781250e+01 1.218597412109375000e+00 3.393672943115234375e+00 3.193524666130542755e-03 8.692336678504943848e-01 3.133944571018218994e-01 3.823697566986083984e-01
1403637185.188318968 2.055329895019531250e+01 1.212725162506103516e+00 3.412704467773437500e+00 2.217795234173536301e-03 8.692833185195922852e-01 3.136602342128753662e-01 3.820457160472869873e-01
1403637185.238319159 2.024521446228027344e+01 1.195817947387695312e+00 3.421209335327148438e+00 4.795033310074359179e-04 8.688512444496154785e-01 3.151163458824157715e-01 3.818364441394805908e-01
1403637185.288318872 1.994693565368652344e+01 1.187065124511718750e+00 3.414266586303710938e+00 -1.954617677256464958e-03 8.681243062019348145e-01 3.174058794975280762e-01 3.815886080265045166e-01
1403637185.338319063 1.965843582153320312e+01 1.168151378631591797e+00 3.393569946289062500e+00 -6.368611007928848267e-03 8.675275444984436035e-01 3.192664384841918945e-01 3.813455104827880859e-01
1403637185.388319016 1.937933731079101562e+01 1.146970272064208984e+00 3.358964920043945312e+00 -1.241260953247547150e-02 8.670384883880615234e-01 3.208855390548706055e-01 3.809496760368347168e-01
1403637185.438319206 1.911467742919921875e+01 1.118508338928222656e+00 3.313434600830078125e+00 -1.740954257547855377e-02 8.664354085922241211e-01 3.229004740715026855e-01 3.804235160350799561e-01
1403637185.488318920 1.886003684997558594e+01 1.085072040557861328e+00 3.250165939331054688e+00 -2.113844640552997589e-02 8.664973974227905273e-01 3.228899836540222168e-01 3.801020085811614990e-01
1403637185.538319111 1.862205886840820312e+01 1.045543670654296875e+00 3.173202514648437500e+00 -2.264348417520523071e-02 8.672654628753662109e-01 3.213722705841064453e-01 3.795494735240936279e-01
1403637185.588319063 1.839539337158203125e+01 9.975051879882812500e-01 3.083446502685546875e+00 -2.091373875737190247e-02 8.688548803329467773e-01 3.176774084568023682e-01 3.791239261627197266e-01
1403637185.638319016 1.818545913696289062e+01 9.431905746459960938e-01 2.982995986938476562e+00 -1.684936136007308960e-02 8.715488314628601074e-01 3.108026981353759766e-01 3.788410127162933350e-01
1403637185.688318968 1.798443603515625000e+01 8.909940719604492188e-01 2.871826171875000000e+00 -1.243355311453342438e-02 8.749772906303405762e-01 3.018043637275695801e-01 3.783837854862213135e-01
1403637185.738319159 1.779037857055664062e+01 8.435716629028320312e-01 2.757490158081054688e+00 -8.892253972589969635e-03 8.779594898223876953e-01 2.935001254081726074e-01 3.781082928180694580e-01
1403637185.788318872 1.760691070556640625e+01 8.046259880065917969e-01 2.642440795898437500e+00 -8.601756766438484192e-03 8.806405067443847656e-01 2.860531806945800781e-01 3.775870800018310547e-01
1403637185.838319063 1.743110847473144531e+01 7.793006896972656250e-01 2.523256301879882812e+00 -1.006933674216270447e-02 8.823170065879821777e-01 2.814719080924987793e-01 3.770795166492462158e-01
1403637185.888319016 1.726161956787109375e+01 7.610406875610351562e-01 2.405448913574218750e+00 -1.006237324327230453e-02 8.839659094810485840e-01 2.764497697353363037e-01 3.769331276416778564e-01
1403637185.938319206 1.709540176391601562e+01 7.436532974243164062e-01 2.289794921875000000e+00 -9.426883421838283539e-03 8.850955367088317871e-01 2.733996212482452393e-01 3.765233159065246582e-01
1403637185.988318920 1.692262840270996094e+01 7.204976081848144531e-01 2.175457000732421875e+00 -7.366498932242393494e-03 8.862398266792297363e-01 2.697285711765289307e-01 3.765252530574798584e-01
1403637186.038319111 1.676963615417480469e+01 7.159099578857421875e-01 2.062217712402343750e+00 -4.701719619333744049e-03 8.874040246009826660e-01 2.660483717918395996e-01 3.764443397521972656e-01
1403637186.088319063 1.661575508117675781e+01 7.056813240051269531e-01 1.947956085205078125e+00 -3.432858735322952271e-03 8.882839083671569824e-01 2.631357014179229736e-01 3.764300346374511719e-01
1403637186.138319016 1.646757125854492188e+01 6.844305992126464844e-01 1.833417892456054688e+00 -2.278790343552827835e-03 8.885748982429504395e-01 2.620183825492858887e-01 3.765314221382141113e-01
1403637186.188318968 1.632180595397949219e+01 6.676774024963378906e-01 1.718807220458984375e+00 -1.452674623578786850e-03 8.887737393379211426e-01 2.611502408981323242e-01 3.766693174839019775e-01
1403637186.238319159 1.618149757385253906e+01 6.355047225952148438e-01 1.604202270507812500e+00 -2.075999509543180466e-03 8.886151313781738281e-01 2.616770565509796143e-01 3.766750395298004150e-01
1403637186.288318872 1.603940200805664062e+01 5.952706336975097656e-01 1.490047454833984375e+00 -3.147081937640905380e-03 8.885868787765502930e-01 2.616101205348968506e-01 3.767807483673095703e-01
1403637186.338319063 1.590122509002685547e+01 5.432147979736328125e-01 1.372856140136718750e+00 -2.039410173892974854e-03 8.893721103668212891e-01 2.589685022830963135e-01 3.767606317996978760e-01
1403637186.388319016 1.576461601257324219e+01 4.806632995605468750e-01 1.256420135498046875e+00 -1.468128903070464730e-04 8.897579312324523926e-01 2.580097317695617676e-01 3.765127956867218018e-01
1403637186.438319206 1.562783813476562500e+01 4.090929031372070312e-01 1.136947631835937500e+00 3.077733796089887619e-03 8.897864222526550293e-01 2.578346729278564453e-01 3.765528798103332520e-01
1403637186.488318920 1.549888038635253906e+01 3.375115394592285156e-01 1.020212173461914062e+00 6.806885357946157455e-03 8.896746635437011719e-01 2.583331167697906494e-01 3.764261901378631592e-01
1403637186.538319111 1.536160850524902344e+01 2.526793479919433594e-01 8.991069793701171875e-01 1.175545714795589447e-02 8.895335197448730469e-01 2.586760818958282471e-01 3.764024078845977783e-01
1403637186.588319063 1.523272418975830078e+01 1.703562736511230469e-01 7.846584320068359375e-01 1.387834362685680389e-02 8.897077441215515137e-01 2.586011290550231934e-01 3.759696483612060547e-01
1403637186.638319016 1.510515213012695312e+01 9.831953048706054688e-02 6.754646301269531250e-01 1.522095501422882080e-02 8.897395133972167969e-01 2.591830790042877197e-01 3.754411041736602783e-01
1403637186.688318968 1.495437049865722656e+01 1.466464996337890625e-02 5.573043823242187500e-01 1.631637662649154663e-02 8.892770409584045410e-01 2.612011432647705078e-01 3.750919699668884277e-01
1403637186.738319159 1.482393074035644531e+01 -4.382467269897460938e-02 4.498252868652343750e-01 1.813198253512382507e-02 8.880993723869323730e-01 2.654913961887359619e-01 3.747867047786712646e-01
1403637186.788318872 1.468697261810302734e+01 -9.609746932983398438e-02 3.428859710693359375e-01 2.182048372924327850e-02 8.865049481391906738e-01 2.706783115863800049e-01 3.746547400951385498e-01
1403637186.838319063 1.455537891387939453e+01 -1.409354209899902344e-01 2.390155792236328125e-01 2.766265720129013062e-02 8.844639062881469727e-01 2.766774892807006836e-01 3.747106790542602539e-01
1403637186.888319016 1.441996288299560547e+01 -1.760764122009277344e-01 1.304740905761718750e-01 3.389380127191543579e-02 8.824948072433471680e-01 2.820360362529754639e-01 3.748465478420257568e-01
1403637186.938319206 1.428692817687988281e+01 -1.995630264282226562e-01 1.507759094238281250e-02 4.151771217584609985e-02 8.807583451271057129e-01 2.862412333488464355e-01 3.749760985374450684e-01
1403637186.988318920 1.414629459381103516e+01 -2.135739326477050781e-01 -9.485244750976562500e-02 4.719367250800132751e-02 8.793959021568298340e-01 2.895632982254028320e-01 3.749516308307647705e-01
1403637187.038319111 1.400281620025634766e+01 -2.167901992797851562e-01 -2.174434661865234375e-01 5.242013931274414062e-02 8.790392875671386719e-01 2.897771298885345459e-01 3.749283850193023682e-01
1403637187.088319063 1.385232639312744141e+01 -2.138381004333496094e-01 -3.445777893066406250e-01 5.513861402869224548e-02 8.794913291931152344e-01 2.880563139915466309e-01 3.748043477535247803e-01
1403637187.138319016 1.370217514038085938e+01 -1.941685676574707031e-01 -4.821872711181640625e-01 5.466264486312866211e-02 8.805853724479675293e-01 2.849196791648864746e-01 3.747027516365051270e-01
1403637187.188318968 1.354518032073974609e+01 -1.667242050170898438e-01 -6.178808212280273438e-01 5.161605030298233032e-02 8.821913599967956543e-01 2.823092937469482422e-01 3.733305931091308594e-01
1403637187.238319159 1.338126277923583984e+01 -1.259579658508300781e-01 -7.581586837768554688e-01 4.648326709866523743e-02 8.834757208824157715e-01 2.827573418617248535e-01 3.706189095973968506e-01
1403637187.288318872 1.322704792022705078e+01 -7.144069671630859375e-02 -8.936834335327148438e-01 3.798025473952293396e-02 8.842530846595764160e-01 2.862906455993652344e-01 3.670036494731903076e-01
1403637187.338319063 1.303365135192871094e+01 -1.964998245239257812e-02 -1.048646926879882812e+00 2.987305447459220886e-02 8.846592307090759277e-01 2.899648547172546387e-01 3.638764321804046631e-01
1403637187.388319016 1.287063980102539062e+01 4.323387145996093750e-02 -1.202213287353515625e+00 2.051894366741180420e-02 8.851854801177978516e-01 2.927871942520141602e-01 3.609727919101715088e-01
1403637187.438319206 1.270526695251464844e+01 1.129846572875976562e-01 -1.358351707458496094e+00 1.346362475305795670e-02 8.857367038726806641e-01 2.949661910533905029e-01 3.581679463386535645e-01
1403637187.488318920 1.253856468200683594e+01 1.788897514343261719e-01 -1.522605895996093750e+00 9.030213579535484314e-03 8.859670758247375488e-01 2.973015904426574707e-01 3.557985424995422363e-01
1403637187.538319111 1.237846755981445312e+01 2.449860572814941406e-01 -1.693269729614257812e+00 5.647856276482343674e-03 8.859291076660156250e-01 2.999463081359863281e-01 3.537372648715972900e-01
1403637187.588319063 1.222227668762207031e+01 3.159966468811035156e-01 -1.865248680114746094e+00 3.966790623962879181e-03 8.860974907875061035e-01 3.016271889209747314e-01 3.519043028354644775e-01
1403637187.638319016 1.207057189941406250e+01 3.864183425903320312e-01 -2.045040130615234375e+00 3.953157458454370499e-03 8.859516382217407227e-01 3.036838173866271973e-01 3.505000174045562744e-01
1403637187.688318968 1.192279911041259766e+01 4.609093666076660156e-01 -2.229824066162109375e+00 5.488496739417314529e-03 8.859074115753173828e-01 3.051536977291107178e-01 3.493126034736633301e-01
1403637187.738319159 1.178128910064697266e+01 5.479950904846191406e-01 -2.415422439575195312e+00 5.858232732862234116e-03 8.855968117713928223e-01 3.071999251842498779e-01 3.482990562915802002e-01
1403637187.788318872 1.163641452789306641e+01 6.193366050720214844e-01 -2.614314079284667969e+00 5.780744832009077072e-03 8.856081962585449219e-01 3.080893158912658691e-01 3.474849164485931396e-01
1403637187.838319063 1.151375102996826172e+01 7.142381668090820312e-01 -2.812912940979003906e+00 6.165693514049053192e-03 8.848574161529541016e-01 3.108646869659423828e-01 3.469186723232269287e-01
1403637187.888319016 1.137865257263183594e+01 7.993564605712890625e-01 -3.026186943054199219e+00 4.381750244647264481e-03 8.847537636756896973e-01 3.117039203643798828e-01 3.464567661285400391e-01
1403637187.938319206 1.126090431213378906e+01 8.929681777954101562e-01 -3.241263389587402344e+00 1.243673847056925297e-03 8.851656913757324219e-01 3.111542165279388428e-01 3.459238111972808838e-01
1403637187.988318920 1.115057849884033203e+01 9.983625411987304688e-01 -3.465890884399414062e+00 4.990673460270045325e-06 8.860053420066833496e-01 3.090896308422088623e-01 3.456272780895233154e-01
1403637188.038319111 1.103880786895751953e+01 1.100170612335205078e+00 -3.694324493408203125e+00 -2.383506158366799355e-03 8.871045708656311035e-01 3.063003718852996826e-01 3.452824950218200684e-01
1403637188.088319063 1.093946456909179688e+01 1.201319217681884766e+00 -3.919239044189453125e+00 -4.506809636950492859e-03 8.882572054862976074e-01 3.034138083457946777e-01 3.448460996150970459e-01
1403637188.138319016 1.085087776184082031e+01 1.303214073181152344e+00 -4.157901763916015625e+00 -5.767244379967451096e-03 8.895509243011474609e-01 2.998032271862030029e-01 3.446504473686218262e-01
1403637188.188318968 1.076896190643310547e+01 1.420855522155761719e+00 -4.405214309692382812e+00 -9.995896369218826294e-03 8.918726444244384766e-01 2.931524217128753662e-01 3.442746996879577637e-01
1403637188.238319159 1.068457126617431641e+01 1.526681423187255859e+00 -4.651555061340332031e+00 -1.439750008285045624e-02 8.948611617088317871e-01 2.844633162021636963e-01 3.436523675918579102e-01
1403637188.288318872 1.059616565704345703e+01 1.628684043884277344e+00 -4.895803451538085938e+00 -1.590080931782722473e-02 8.971070647239685059e-01 2.776493430137634277e-01 3.433029055595397949e-01
1403637188.338319063 1.052775382995605469e+01 1.741330623626708984e+00 -5.147772789001464844e+00 -1.512145623564720154e-02 8.983234167098999023e-01 2.741257250308990479e-01 3.429890275001525879e-01
1403637188.388319016 1.046646499633789062e+01 1.860072135925292969e+00 -5.383772850036621094e+00 -1.160289626568555832e-02 8.999051451683044434e-01 2.693566679954528809e-01 3.427581489086151123e-01
1403637188.438319206 1.041365242004394531e+01 1.979554176330566406e+00 -5.616544723510742188e+00 -7.809147238731384277e-03 9.010363221168518066e-01 2.659390270709991455e-01 3.425625264644622803e-01
1403637188.488318920 1.035816955566406250e+01 2.096623659133911133e+00 -5.854063034057617188e+00 -4.788503516465425491e-03 9.022991657257080078e-01 2.628920376300811768e-01 3.416446745395660400e-01
1403637188.538319111 1.031024932861328125e+01 2.222172737121582031e+00 -6.076280593872070312e+00 -9.375099034514278173e-05 9.038265943527221680e-01 2.608428895473480225e-01 3.392028510570526123e-01
1403637188.588319063 1.025898742675781250e+01 2.358797550201416016e+00 -6.304398536682128906e+00 5.116084124892950058e-03 9.048871397972106934e-01 2.614207565784454346e-01 3.358755409717559814e-01
1403637188.638319016 1.021517467498779297e+01 2.498398780822753906e+00 -6.521011352539062500e+00 9.953276254236698151e-03 9.066451787948608398e-01 2.614150047302246094e-01 3.309951126575469971e-01
1403637188.688318968 1.016359710693359375e+01 2.627273797988891602e+00 -6.744777679443359375e+00 1.788159459829330444e-02 9.078832864761352539e-01 2.639058232307434082e-01 3.252414762973785400e-01
1403637188.738319159 1.011167144775390625e+01 2.770857334136962891e+00 -6.963223457336425781e+00 2.623633667826652527e-02 9.095331430435180664e-01 2.660003602504730225e-01 3.182842731475830078e-01
1403637188.788318872 1.006357002258300781e+01 2.925557374954223633e+00 -7.182003974914550781e+00 3.530310839414596558e-02 9.107472300529479980e-01 2.696427106857299805e-01 3.107828497886657715e-01
1403637188.838319063 1.000859069824218750e+01 3.068679332733154297e+00 -7.394404411315917969e+00 4.145408794283866882e-02 9.121456146240234375e-01 2.732818722724914551e-01 3.026367723941802979e-01
1403637188.888319016 9.948203086853027344e+00 3.218748569488525391e+00 -7.607568740844726562e+00 4.501890018582344055e-02 9.136334657669067383e-01 2.759689986705780029e-01 2.951075732707977295e-01
1403637188.938319206 9.881590843200683594e+00 3.367071151733398438e+00 -7.824740409851074219e+00 4.650549963116645813e-02 9.148241877555847168e-01 2.785688638687133789e-01 2.886752486228942871e-01
1403637188.988318920 9.801455497741699219e+00 3.506929636001586914e+00 -8.041562080383300781e+00 4.322093352675437927e-02 9.158923625946044922e-01 2.814439237117767334e-01 2.829531133174896240e-01
1403637189.038319111 9.717523574829101562e+00 3.635024070739746094e+00 -8.262099266052246094e+00 3.609780594706535339e-02 9.169522523880004883e-01 2.838267982006072998e-01 2.780968248844146729e-01
1403637189.088319063 9.637053489685058594e+00 3.755031108856201172e+00 -8.482163429260253906e+00 2.956488542258739471e-02 9.172754287719726562e-01 2.875317931175231934e-01 2.739657461643218994e-01
1403637189.138319016 9.555418968200683594e+00 3.873824834823608398e+00 -8.700119972229003906e+00 2.285805158317089081e-02 9.164571166038513184e-01 2.938993275165557861e-01 2.705680131912231445e-01
1403637189.188318968 9.461403846740722656e+00 3.998308181762695312e+00 -8.927577018737792969e+00 1.957628130912780762e-02 9.154866337776184082e-01 2.993068695068359375e-01 2.681722939014434814e-01
1403637189.238319159 9.384473800659179688e+00 4.113928794860839844e+00 -9.146673202514648438e+00 1.832524128258228302e-02 9.143320918083190918e-01 3.048462867736816406e-01 2.659509479999542236e-01
1403637189.288318872 9.298673629760742188e+00 4.250398159027099609e+00 -9.370708465576171875e+00 2.092656865715980530e-02 9.136268496513366699e-01 3.077908456325531006e-01 2.647886574268341064e-01
1403637189.338319063 9.219341278076171875e+00 4.409070968627929688e+00 -9.601471900939941406e+00 2.590450830757617950e-02 9.139727354049682617e-01 3.069455623626708984e-01 2.641348838806152344e-01
1403637189.388319016 9.135177612304687500e+00 4.564778327941894531e+00 -9.837433815002441406e+00 2.966981194913387299e-02 9.155744910240173340e-01 3.020078539848327637e-01 2.638834118843078613e-01
1403637189.438319206 9.050072669982910156e+00 4.722955703735351562e+00 -1.007524013519287109e+01 3.246922791004180908e-02 9.178537726402282715e-01 2.946602106094360352e-01 2.639425694942474365e-01
1403637189.488318920 8.967000961303710938e+00 4.886127948760986328e+00 -1.031916809082031250e+01 3.378582373261451721e-02 9.197400808334350586e-01 2.883590757846832275e-01 2.641700506210327148e-01
1403637189.538319111 8.881563186645507812e+00 5.035467624664306641e+00 -1.055480003356933594e+01 3.210901468992233276e-02 9.212552905082702637e-01 2.833347022533416748e-01 2.645358741283416748e-01
1403637189.588319063 8.785017013549804688e+00 5.178448677062988281e+00 -1.080349826812744141e+01 2.922487258911132812e-02 9.224338531494140625e-01 2.790001332759857178e-01 2.653691768646240234e-01
1403637189.638319016 8.696629524230957031e+00 5.306551933288574219e+00 -1.104320430755615234e+01 2.574919350445270538e-02 9.233187437057495117e-01 2.760812342166900635e-01 2.657042443752288818e-01
1403637189.688318968 8.599267959594726562e+00 5.416107177734375000e+00 -1.128270149230957031e+01 2.315041422843933105e-02 9.242005944252014160e-01 2.727564871311187744e-01 2.663105428218841553e-01
1403637189.738319159 8.501564979553222656e+00 5.529252052307128906e+00 -1.152961730957031250e+01 2.072228118777275085e-02 9.236753582954406738e-01 2.737017571926116943e-01 2.673609256744384766e-01
1403637189.788318872 8.402111053466796875e+00 5.634723663330078125e+00 -1.177422142028808594e+01 1.937685906887054443e-02 9.230704307556152344e-01 2.750893235206604004e-01 2.681258618831634521e-01
1403637189.838319063 8.323980331420898438e+00 5.745074272155761719e+00 -1.199999427795410156e+01 1.608770340681076050e-02 9.228032231330871582e-01 2.760584950447082520e-01 2.682669758796691895e-01
1403637189.888319016 8.219208717346191406e+00 5.824842453002929688e+00 -1.224866485595703125e+01 1.576809585094451904e-02 9.230038523674011230e-01 2.749912142753601074e-01 2.686916291713714600e-01
1403637189.938319206 8.121616363525390625e+00 5.899912834167480469e+00 -1.250052165985107422e+01 1.684376038610935211e-02 9.232920408248901367e-01 2.736185789108276367e-01 2.690372765064239502e-01
1403637189.988318920 8.023879051208496094e+00 5.963395595550537109e+00 -1.274168968200683594e+01 1.550993602722883224e-02 9.239699244499206543e-01 2.716673612594604492e-01 2.687672376632690430e-01
1403637190.038319111 7.924427986145019531e+00 6.012182235717773438e+00 -1.298468589782714844e+01 1.594994217157363892e-02 9.247553348541259766e-01 2.693744599819183350e-01 2.683480381965637207e-01
1403637190.088319063 7.817523002624511719e+00 6.057970046997070312e+00 -1.322887039184570312e+01 1.503091771155595779e-02 9.256077408790588379e-01 2.669801115989685059e-01 2.678544521331787109e-01
1403637190.138319016 7.710959911346435547e+00 6.096072673797607422e+00 -1.347118568420410156e+01 1.576699130237102509e-02 9.259201884269714355e-01 2.661341428756713867e-01 2.675742208957672119e-01
1403637190.188318968 7.605794906616210938e+00 6.128563880920410156e+00 -1.371398162841796875e+01 1.553490199148654938e-02 9.265965223312377930e-01 2.643970549106597900e-01 2.669678330421447754e-01
1403637190.238319159 7.509789943695068359e+00 6.139609813690185547e+00 -1.395474433898925781e+01 1.736572384834289551e-02 9.267269372940063477e-01 2.641699612140655518e-01 2.666268050670623779e-01
1403637190.288318872 7.404299736022949219e+00 6.149888992309570312e+00 -1.418994712829589844e+01 1.757332310080528259e-02 9.271834492683410645e-01 2.633208632469177246e-01 2.658650577068328857e-01
1403637190.338319063 7.299950599670410156e+00 6.161519050598144531e+00 -1.442506217956542969e+01 1.791634038090705872e-02 9.272996187210083008e-01 2.634105384349822998e-01 2.653476893901824951e-01
1403637190.388319016 7.199690818786621094e+00 6.152734756469726562e+00 -1.463936805725097656e+01 1.904248632490634918e-02 9.273557662963867188e-01 2.640312016010284424e-01 2.644545733928680420e-01
1403637190.438319206 7.094825744628906250e+00 6.143501281738281250e+00 -1.486539459228515625e+01 2.106426097452640533e-02 9.273419976234436035e-01 2.643437385559082031e-01 2.640371322631835938e-01
1403637190.488318920 6.982204437255859375e+00 6.127194404602050781e+00 -1.508963966369628906e+01 2.162048593163490295e-02 9.278496503829956055e-01 2.631926238536834717e-01 2.633578181266784668e-01
1403637190.538319111 6.868957042694091797e+00 6.125157833099365234e+00 -1.530542373657226562e+01 1.961084268987178802e-02 9.281888604164123535e-01 2.631068825721740723e-01 2.624038457870483398e-01
1403637190.588319063 6.755220413208007812e+00 6.121219635009765625e+00 -1.551705932617187500e+01 1.680075936019420624e-02 9.286651015281677246e-01 2.619824409484863281e-01 2.620381712913513184e-01
1403637190.638319016 6.644507408142089844e+00 6.122162342071533203e+00 -1.572733306884765625e+01 1.138539519160985947e-02 9.288410544395446777e-01 2.605721652507781982e-01 2.631099522113800049e-01
1403637190.688318968 6.536217212677001953e+00 6.143321037292480469e+00 -1.592968940734863281e+01 7.017404772341251373e-03 9.283506870269775391e-01 2.589858770370483398e-01 2.665374875068664551e-01
1403637190.738319159 6.428871154785156250e+00 6.146844387054443359e+00 -1.611066055297851562e+01 6.712747272104024887e-03 9.265928268432617188e-01 2.594594061374664307e-01 2.721426188945770264e-01
1403637190.788318872 6.317945480346679688e+00 6.157297134399414062e+00 -1.629467964172363281e+01 7.920817472040653229e-03 9.248226881027221680e-01 2.591942548751831055e-01 2.783139348030090332e-01
1403637190.838319063 6.210765838623046875e+00 6.180492401123046875e+00 -1.647163009643554688e+01 1.029339991509914398e-02 9.228168129920959473e-01 2.594421505928039551e-01 2.845928072929382324e-01
1403637190.888319016 6.103746414184570312e+00 6.206884384155273438e+00 -1.663987350463867188e+01 1.349122729152441025e-02 9.209910631179809570e-01 2.594487667083740234e-01 2.903100550174713135e-01
1403637190.938319206 5.995045661926269531e+00 6.239905357360839844e+00 -1.681010437011718750e+01 1.631371490657329559e-02 9.194469451904296875e-01 2.590477168560028076e-01 2.953735888004302979e-01
1403637190.988318920 5.889032363891601562e+00 6.278113365173339844e+00 -1.696906661987304688e+01 1.841904781758785248e-02 9.181796908378601074e-01 2.585208117961883545e-01 2.996228039264678955e-01
1403637191.038319111 5.782477378845214844e+00 6.317507743835449219e+00 -1.712146759033203125e+01 1.942116767168045044e-02 9.171182513236999512e-01 2.577793300151824951e-01 3.034250438213348389e-01
1403637191.088319063 5.667842864990234375e+00 6.368481636047363281e+00 -1.727188491821289062e+01 2.096289023756980896e-02 9.163349866867065430e-01 2.566493153572082520e-01 3.066298663616180420e-01
1403637191.138319016 5.553372383117675781e+00 6.427703857421875000e+00 -1.741832733154296875e+01 2.159102633595466614e-02 9.157224297523498535e-01 2.559183239936828613e-01 3.090179860591888428e-01
1403637191.188318968 5.441352844238281250e+00 6.486629486083984375e+00 -1.755725479125976562e+01 2.104938402771949768e-02 9.153882861137390137e-01 2.549005746841430664e-01 3.108809888362884521e-01
1403637191.238319159 5.342352867126464844e+00 6.556716918945312500e+00 -1.769725799560546875e+01 2.053309418261051178e-02 9.151465296745300293e-01 2.544681429862976074e-01 3.119794726371765137e-01
1403637191.288318872 5.240600585937500000e+00 6.628634452819824219e+00 -1.784114074707031250e+01 1.881277188658714294e-02 9.150195121765136719e-01 2.538617253303527832e-01 3.129532337188720703e-01
1403637191.338319063 5.124855995178222656e+00 6.695148944854736328e+00 -1.796829223632812500e+01 1.885000616312026978e-02 9.149852991104125977e-01 2.530467808246612549e-01 3.137100636959075928e-01
1403637191.388319016 5.008324623107910156e+00 6.769595146179199219e+00 -1.809408569335937500e+01 1.654332317411899567e-02 9.154956340789794922e-01 2.513241171836853027e-01 3.137360811233520508e-01
1403637191.438319206 4.889525413513183594e+00 6.835421562194824219e+00 -1.821302413940429688e+01 1.469662506133317947e-02 9.158495068550109863e-01 2.502107322216033936e-01 3.136851191520690918e-01
1403637191.488318920 4.773138999938964844e+00 6.892617225646972656e+00 -1.833364105224609375e+01 1.458983402699232101e-02 9.160891175270080566e-01 2.497504204511642456e-01 3.133572041988372803e-01
1403637191.538319111 4.647416114807128906e+00 6.951460361480712891e+00 -1.845621871948242188e+01 1.150668784976005554e-02 9.166243076324462891e-01 2.486325353384017944e-01 3.128090798854827881e-01
1403637191.588319063 4.530229568481445312e+00 6.992626667022705078e+00 -1.855833053588867188e+01 7.484471891075372696e-03 9.170935750007629395e-01 2.484428286552429199e-01 3.117041885852813721e-01
1403637191.638319016 4.415136337280273438e+00 7.019505023956298828e+00 -1.865407180786132812e+01 3.232380142435431480e-03 9.165127277374267578e-01 2.521257698535919189e-01 3.105264902114868164e-01
1403637191.688318968 4.293684005737304688e+00 7.046343803405761719e+00 -1.876054382324218750e+01 -3.357684181537479162e-05 9.153123497962951660e-01 2.578402459621429443e-01 3.093893826007843018e-01
1403637191.738319159 4.177824020385742188e+00 7.057911872863769531e+00 -1.885991668701171875e+01 -2.034346805885434151e-03 9.142352938652038574e-01 2.626377046108245850e-01 3.085307776927947998e-01
1403637191.788318872 4.065578460693359375e+00 7.070034027099609375e+00 -1.895248031616210938e+01 -5.201745778322219849e-03 9.132938981056213379e-01 2.670740783214569092e-01 3.074715733528137207e-01
1403637191.838319063 3.947104454040527344e+00 7.071202278137207031e+00 -1.905039596557617188e+01 -1.114017516374588013e-02 9.135254025459289551e-01 2.673851847648620605e-01 3.063534200191497803e-01
1403637191.888319016 3.839521408081054688e+00 7.065464496612548828e+00 -1.914889526367187500e+01 -1.782045699656009674e-02 9.139950275421142578e-01 2.667090296745300293e-01 3.052242696285247803e-01
1403637191.938319206 3.736225128173828125e+00 7.049296379089355469e+00 -1.924396133422851562e+01 -2.448180504143238068e-02 9.148053526878356934e-01 2.648347318172454834e-01 3.039645552635192871e-01
1403637191.988318920 3.647594451904296875e+00 7.028024196624755859e+00 -1.934231376647949219e+01 -2.994711697101593018e-02 9.152914285659790039e-01 2.636657953262329102e-01 3.030267655849456787e-01
1403637192.038319111 3.562015533447265625e+00 6.989007949829101562e+00 -1.942189407348632812e+01 -3.186434879899024963e-02 9.147510528564453125e-01 2.666012048721313477e-01 3.018924295902252197e-01
1403637192.088319063 3.483228683471679688e+00 6.940383434295654297e+00 -1.950864028930664062e+01 -3.193313628435134888e-02 9.132695198059082031e-01 2.724671363830566406e-01 3.011325299739837646e-01
1403637192.138319016 3.421493530273437500e+00 6.885852336883544922e+00 -1.959665298461914062e+01 -3.268982097506523132e-02 9.119117856025695801e-01 2.775267064571380615e-01 3.005448579788208008e-01
1403637192.188318968 3.362480163574218750e+00 6.819904327392578125e+00 -1.968268585205078125e+01 -3.435487300157546997e-02 9.109864830970764160e-01 2.809221446514129639e-01 3.000104427337646484e-01
1403637192.238319159 3.320302963256835938e+00 6.753258705139160156e+00 -1.976738166809082031e+01 -3.678589686751365662e-02 9.106597900390625000e-01 2.823020517826080322e-01 2.994180023670196533e-01
1403637192.288318872 3.289176940917968750e+00 6.678675651550292969e+00 -1.985197067260742188e+01 -4.192939028143882751e-02 9.109472632408142090e-01 2.815353870391845703e-01 2.985882163047790527e-01
1403637192.338319063 3.265638351440429688e+00 6.590811729431152344e+00 -1.993534088134765625e+01 -4.696066305041313171e-02 9.116094708442687988e-01 2.791900336742401123e-01 2.980200946331024170e-01
1403637192.388319016 3.257177352905273438e+00 6.510223388671875000e+00 -2.002432250976562500e+01 -4.838924854993820190e-02 9.125372171401977539e-01 2.761623561382293701e-01 2.977730631828308105e-01
1403637192.438319206 3.263456344604492188e+00 6.422266960144042969e+00 -2.009585952758789062e+01 -4.603709280490875244e-02 9.123046398162841797e-01 2.776805162429809570e-01 2.974464595317840576e-01
1403637192.488318920 3.279193878173828125e+00 6.352577686309814453e+00 -2.017378234863281250e+01 -3.998465090990066528e-02 9.109806418418884277e-01 2.828473150730133057e-01 2.975112199783325195e-01
1403637192.538319111 3.306230545043945312e+00 6.278849124908447266e+00 -2.024774551391601562e+01 -3.338884562253952026e-02 9.094614982604980469e-01 2.883357107639312744e-01 2.977038621902465820e-01
1403637192.588319063 3.341123580932617188e+00 6.215728759765625000e+00 -2.032105064392089844e+01 -2.710585482418537140e-02 9.077230095863342285e-01 2.941060662269592285e-01 2.980030179023742676e-01
1403637192.638319016 3.382368087768554688e+00 6.165382862091064453e+00 -2.038827133178710938e+01 -2.273926511406898499e-02 9.062914252281188965e-01 2.986760437488555908e-01 2.981801331043243408e-01
1403637192.688318968 3.434013366699218750e+00 6.130766868591308594e+00 -2.046308517456054688e+01 -1.968397386372089386e-02 9.052245020866394043e-01 3.018172681331634521e-01 2.984754443168640137e-01
1403637192.738319159 3.492929458618164062e+00 6.091308116912841797e+00 -2.053501892089843750e+01 -1.783939264714717865e-02 9.048836231231689453e-01 3.028404712677001953e-01 2.985884547233581543e-01
1403637192.788318872 3.561460494995117188e+00 6.067159652709960938e+00 -2.060894203186035156e+01 -1.708591170608997345e-02 9.049708247184753418e-01 3.022931814193725586e-01 2.989226579666137695e-01
1403637192.838319063 3.636974334716796875e+00 6.034468173980712891e+00 -2.068467330932617188e+01 -1.656062714755535126e-02 9.057038426399230957e-01 2.998180389404296875e-01 2.992249131202697754e-01
1403637192.888319016 3.711648941040039062e+00 5.992748737335205078e+00 -2.077566909790039062e+01 -1.583161950111389160e-02 9.068874716758728027e-01 2.958950996398925781e-01 2.995841801166534424e-01
1403637192.938319206 3.800649642944335938e+00 5.948448181152343750e+00 -2.086487579345703125e+01 -1.399965304881334305e-02 9.078640341758728027e-01 2.924419343471527100e-01 3.001078367233276367e-01
1403637192.988318920 3.893270492553710938e+00 5.893301963806152344e+00 -2.095423889160156250e+01 -1.340467575937509537e-02 9.087756276130676270e-01 2.889832854270935059e-01 3.007256686687469482e-01
1403637193.038319111 3.987527847290039062e+00 5.851198196411132812e+00 -2.105718612670898438e+01 -1.029589679092168808e-02 9.089226126670837402e-01 2.880053222179412842e-01 3.013415038585662842e-01
1403637193.088319063 4.087226867675781250e+00 5.781753540039062500e+00 -2.116279602050781250e+01 -4.933150019496679306e-03 9.078227877616882324e-01 2.909740209579467773e-01 3.019397556781768799e-01
1403637193.138319016 4.192676544189453125e+00 5.700871467590332031e+00 -2.127226638793945312e+01 4.462184850126504898e-03 9.051030874252319336e-01 2.986817061901092529e-01 3.025852143764495850e-01
1403637193.188318968 4.304027557373046875e+00 5.626160621643066406e+00 -2.138795471191406250e+01 1.483297348022460938e-02 9.018985033035278320e-01 3.072652220726013184e-01 3.032282292842864990e-01
1403637193.238319159 4.397974014282226562e+00 5.601775646209716797e+00 -2.147156524658203125e+01 2.179676294326782227e-02 8.998180031776428223e-01 3.126933574676513672e-01 3.034393489360809326e-01
1403637193.288318872 4.505920410156250000e+00 5.547319412231445312e+00 -2.159417724609375000e+01 2.560859732329845428e-02 8.985806107521057129e-01 3.160168528556823730e-01 3.033653199672698975e-01
1403637193.338319063 4.604867935180664062e+00 5.517031192779541016e+00 -2.172318267822265625e+01 1.959792524576187134e-02 9.000869989395141602e-01 3.124952912330627441e-01 3.029950559139251709e-01
1403637193.388319016 4.716239929199218750e+00 5.500314235687255859e+00 -2.185433959960937500e+01 1.360635180026292801e-02 9.025101065635681152e-01 3.063600659370422363e-01 3.023805618286132812e-01
1403637193.438319206 4.823173522949218750e+00 5.497360229492187500e+00 -2.198888587951660156e+01 7.368927355855703354e-03 9.050779938697814941e-01 2.995641529560089111e-01 3.017299175262451172e-01
1403637193.488318920 4.928239822387695312e+00 5.505225658416748047e+00 -2.212935066223144531e+01 1.773865777067840099e-03 9.070119261741638184e-01 2.938228547573089600e-01 3.016526401042938232e-01
1403637193.538319111 5.036415100097656250e+00 5.506398200988769531e+00 -2.227100753784179688e+01 -3.819417208433151245e-03 9.085400104522705078e-01 2.891875803470611572e-01 3.015146553516387939e-01
1403637193.588319063 5.147676467895507812e+00 5.504327297210693359e+00 -2.241118049621582031e+01 -8.764212019741535187e-03 9.092386364936828613e-01 2.866881191730499268e-01 3.016924560070037842e-01
1403637193.638319016 5.259788513183593750e+00 5.486493587493896484e+00 -2.255540466308593750e+01 -1.200110279023647308e-02 9.097776412963867188e-01 2.848409712314605713e-01 3.017057478427886963e-01
1403637193.688318968 5.382728576660156250e+00 5.461445331573486328e+00 -2.270985031127929688e+01 -1.476555410772562027e-02 9.099401831626892090e-01 2.840725183486938477e-01 3.018171787261962891e-01
1403637193.738319159 5.513370513916015625e+00 5.436597824096679688e+00 -2.287283706665039062e+01 -1.757282763719558716e-02 9.102134108543395996e-01 2.828645706176757812e-01 3.019775450229644775e-01
1403637193.788318872 5.644346237182617188e+00 5.397025585174560547e+00 -2.302198982238769531e+01 -1.912448927760124207e-02 9.103414416313171387e-01 2.822967469692230225e-01 3.020288646221160889e-01
1403637193.838319063 5.769996643066406250e+00 5.359953880310058594e+00 -2.315846061706542969e+01 -2.076009847223758698e-02 9.103910326957702637e-01 2.819440066814422607e-01 3.021007180213928223e-01
1403637193.888319016 5.906002044677734375e+00 5.311793327331542969e+00 -2.331273841857910156e+01 -2.071575820446014404e-02 9.104229807853698730e-01 2.818332910537719727e-01 3.021107614040374756e-01
1403637193.938319206 6.052762985229492188e+00 5.265422821044921875e+00 -2.346551704406738281e+01 -1.912361197173595428e-02 9.109251499176025391e-01 2.802190780639648438e-01 3.022034764289855957e-01
1403637193.988318920 6.206993103027343750e+00 5.229350566864013672e+00 -2.362086105346679688e+01 -1.770890876650810242e-02 9.121923446655273438e-01 2.762087285518646240e-01 3.021594583988189697e-01
1403637194.038319111 6.362068176269531250e+00 5.223199844360351562e+00 -2.375986480712890625e+01 -1.552951429039239883e-02 9.134636521339416504e-01 2.721545696258544922e-01 3.021174967288970947e-01
1403637194.088319063 6.525245666503906250e+00 5.227905750274658203e+00 -2.389882278442382812e+01 -1.359564345329999924e-02 9.143213033676147461e-01 2.697117030620574951e-01 3.018069267272949219e-01
1403637194.138319016 6.689438819885253906e+00 5.242836475372314453e+00 -2.402624511718750000e+01 -1.325955521315336227e-02 9.149125814437866211e-01 2.679608464241027832e-01 3.015893399715423584e-01
1403637194.188318968 6.861877441406250000e+00 5.279874324798583984e+00 -2.415455245971679688e+01 -1.272620633244514465e-02 9.150156974792480469e-01 2.677793800830841064e-01 3.014608323574066162e-01
1403637194.238319159 7.025975227355957031e+00 5.310130119323730469e+00 -2.427442550659179688e+01 -1.153705734759569168e-02 9.142324924468994141e-01 2.704065442085266113e-01 3.015396296977996826e-01
1403637194.288318872 7.193957328796386719e+00 5.340885162353515625e+00 -2.439509201049804688e+01 -1.112791243940591812e-02 9.139535427093505859e-01 2.714392244815826416e-01 3.014729619026184082e-01
1403637194.338319063 7.368161201477050781e+00 5.358413219451904297e+00 -2.451293945312500000e+01 -1.176579296588897705e-02 9.133336544036865234e-01 2.738107442855834961e-01 3.011823594570159912e-01
1403637194.388319016 7.551755905151367188e+00 5.368627071380615234e+00 -2.463151550292968750e+01 -1.223695743829011917e-02 9.128939509391784668e-01 2.753577232360839844e-01 3.010866045951843262e-01
1403637194.438319206 7.736430168151855469e+00 5.372038841247558594e+00 -2.474959754943847656e+01 -1.376329362392425537e-02 9.126263260841369629e-01 2.763365805149078369e-01 3.009350895881652832e-01
1403637194.488318920 7.914083480834960938e+00 5.366998672485351562e+00 -2.487402153015136719e+01 -1.221056561917066574e-02 9.123486876487731934e-01 2.772085070610046387e-01 3.010419011116027832e-01
1403637194.538319111 8.108209609985351562e+00 5.360619068145751953e+00 -2.498750305175781250e+01 -1.225262135267257690e-02 9.121257066726684570e-01 2.781614959239959717e-01 3.008368909358978271e-01
1403637194.588319063 8.289837837219238281e+00 5.334396362304687500e+00 -2.509671020507812500e+01 -1.205754838883876801e-02 9.119817018508911133e-01 2.789013385772705078e-01 3.005962073802947998e-01
1403637194.638319016 8.488386154174804688e+00 5.311277389526367188e+00 -2.521876335144042969e+01 -1.295523904263973236e-02 9.119185805320739746e-01 2.795586287975311279e-01 3.001395463943481445e-01
1403637194.688318968 8.686490058898925781e+00 5.282315254211425781e+00 -2.534096717834472656e+01 -1.422544568777084351e-02 9.110655188560485840e-01 2.826838195323944092e-01 2.997452914714813232e-01
1403637194.738319159 8.881998062133789062e+00 5.249240875244140625e+00 -2.546720504760742188e+01 -1.504338439553976059e-02 9.100766777992248535e-01 2.862138748168945312e-01 2.993589043617248535e-01
1403637194.788318872 9.085004806518554688e+00 5.217679977416992188e+00 -2.558905601501464844e+01 -1.525693479925394058e-02 9.094352722167968750e-01 2.887321412563323975e-01 2.988788783550262451e-01
1403637194.838319063 9.287172317504882812e+00 5.185493469238281250e+00 -2.571063995361328125e+01 -1.526564080268144608e-02 9.090055227279663086e-01 2.905708551406860352e-01 2.984033524990081787e-01
1403637194.888319016 9.502509117126464844e+00 5.170996665954589844e+00 -2.583447837829589844e+01 -1.527279894798994064e-02 9.086076617240905762e-01 2.921939790248870850e-01 2.980295419692993164e-01
1403637194.938319206 9.722341537475585938e+00 5.148705482482910156e+00 -2.595403289794921875e+01 -1.248109620064496994e-02 9.092531800270080566e-01 2.903893291950225830e-01 2.979546189308166504e-01
1403637194.988318920 9.939818382263183594e+00 5.133255004882812500e+00 -2.607255744934082031e+01 -9.967389516532421112e-03 9.106017947196960449e-01 2.867369055747985840e-01 2.974676787853240967e-01
1403637195.038319111 1.016568851470947266e+01 5.131442070007324219e+00 -2.620067214965820312e+01 -8.375950157642364502e-03 9.124400019645690918e-01 2.811604738235473633e-01 2.972068190574645996e-01
1403637195.088319063 1.039061260223388672e+01 5.125119209289550781e+00 -2.632050323486328125e+01 -6.572512444108724594e-03 9.139577150344848633e-01 2.764920592308044434e-01 2.969685792922973633e-01
1403637195.138319016 1.062047195434570312e+01 5.134618759155273438e+00 -2.644240760803222656e+01 -4.897836595773696899e-03 9.154772162437438965e-01 2.718713879585266113e-01 2.965865433216094971e-01
1403637195.188318968 1.085249614715576172e+01 5.138602256774902344e+00 -2.655029106140136719e+01 -3.567065577954053879e-03 9.168190360069274902e-01 2.674777805805206299e-01 2.964555323123931885e-01
1403637195.238319159 1.109196472167968750e+01 5.156607627868652344e+00 -2.666134452819824219e+01 -2.308813855051994324e-03 9.179226160049438477e-01 2.640632390975952148e-01 2.961137294769287109e-01
1403637195.288318872 1.132830429077148438e+01 5.180552482604980469e+00 -2.676840972900390625e+01 -1.739542232826352119e-03 9.186999201774597168e-01 2.613225281238555908e-01 2.961385846138000488e-01
1403637195.338319063 1.156233978271484375e+01 5.203687667846679688e+00 -2.686568450927734375e+01 -3.570942135411314666e-05 9.192873835563659668e-01 2.592559456825256348e-01 2.961370348930358887e-01
1403637195.388319016 1.178967285156250000e+01 5.226951599121093750e+00 -2.695875167846679688e+01 -9.936084970831871033e-04 9.195433259010314941e-01 2.580352425575256348e-01 2.964066863059997559e-01
1403637195.438319206 1.201705265045166016e+01 5.252178192138671875e+00 -2.704599571228027344e+01 7.077748305164277554e-04 9.192819595336914062e-01 2.570615112781524658e-01 2.980598211288452148e-01
1403637195.488318920 1.225443172454833984e+01 5.270952224731445312e+00 -2.713212776184082031e+01 1.337760710157454014e-03 9.180425405502319336e-01 2.574631869792938232e-01 3.015110492706298828e-01
1403637195.538319111 1.248325920104980469e+01 5.280672073364257812e+00 -2.722324180603027344e+01 1.381376758217811584e-03 9.161727428436279297e-01 2.589955031871795654e-01 3.058546185493469238e-01
1403637195.588319063 1.270702457427978516e+01 5.274724006652832031e+00 -2.730107307434082031e+01 9.077365975826978683e-04 9.149747490882873535e-01 2.585319876670837402e-01 3.098092079162597656e-01
1403637195.638319016 1.292759323120117188e+01 5.260000228881835938e+00 -2.737493324279785156e+01 9.213076555170118809e-04 9.138708114624023438e-01 2.578789591789245605e-01 3.135885596275329590e-01
1403637195.688318968 1.314800167083740234e+01 5.233996391296386719e+00 -2.744826507568359375e+01 1.178588136099278927e-03 9.130997061729431152e-01 2.566837668418884277e-01 3.167980611324310303e-01
1403637195.738319159 1.336084651947021484e+01 5.213329315185546875e+00 -2.752563476562500000e+01 5.613017128780484200e-04 9.126642346382141113e-01 2.547710835933685303e-01 3.195863664150238037e-01
1403637195.788318872 1.358307647705078125e+01 5.179442405700683594e+00 -2.760075950622558594e+01 -1.572611741721630096e-03 9.118273854255676270e-01 2.548885345458984375e-01 3.218700289726257324e-01
1403637195.838319063 1.380989837646484375e+01 5.138129234313964844e+00 -2.765989685058593750e+01 -6.700248923152685165e-03 9.124069213867187500e-01 2.508979439735412598e-01 3.232941627502441406e-01
1403637195.888319016 1.402380180358886719e+01 5.108823776245117188e+00 -2.773142623901367188e+01 -1.267829630523920059e-02 9.125239253044128418e-01 2.486509829759597778e-01 3.245182633399963379e-01
1403637195.938319206 1.423218059539794922e+01 5.078647613525390625e+00 -2.779003906250000000e+01 -1.836777105927467346e-02 9.127109646797180176e-01 2.463250309228897095e-01 3.254926204681396484e-01
1403637195.988318920 1.446477222442626953e+01 5.045508384704589844e+00 -2.783518791198730469e+01 -2.614211477339267731e-02 9.134765863418579102e-01 2.425253093242645264e-01 3.256666064262390137e-01
1403637196.038319111 1.467584991455078125e+01 5.023701667785644531e+00 -2.788223838806152344e+01 -3.288527205586433411e-02 9.142688512802124023e-01 2.381918579339981079e-01 3.260302543640136719e-01
1403637196.088319063 1.490564918518066406e+01 4.992540359497070312e+00 -2.791498565673828125e+01 -3.851115703582763672e-02 9.159251451492309570e-01 2.311096936464309692e-01 3.258626163005828857e-01
1403637196.138319016 1.514415931701660156e+01 4.968902111053466797e+00 -2.793926048278808594e+01 -4.357018321752548218e-02 9.178935289382934570e-01 2.227771282196044922e-01 3.254896998405456543e-01
1403637196.188318968 1.537928962707519531e+01 4.938089847564697266e+00 -2.795021057128906250e+01 -4.767603054642677307e-02 9.201112389564514160e-01 2.130774408578872681e-01 3.251466751098632812e-01
1403637196.238319159 1.561422157287597656e+01 4.909052848815917969e+00 -2.794733810424804688e+01 -4.916318878531455994e-02 9.221901893615722656e-01 2.042029350996017456e-01 3.247299194335937500e-01
1403637196.288318872 1.585444068908691406e+01 4.895684719085693359e+00 -2.791680335998535156e+01 -5.056731030344963074e-02 9.240497350692749023e-01 1.961034834384918213e-01 3.242199122905731201e-01
1403637196.338319063 1.610377120971679688e+01 4.870521545410156250e+00 -2.787648010253906250e+01 -5.259430781006813049e-02 9.256376028060913086e-01 1.893564760684967041e-01 3.233775496482849121e-01
1403637196.388319016 1.636554145812988281e+01 4.834164142608642578e+00 -2.782242584228515625e+01 -5.429633706808090210e-02 9.269188046455383301e-01 1.842934042215347290e-01 3.223498165607452393e-01
1403637196.438319206 1.663363456726074219e+01 4.807881355285644531e+00 -2.773170852661132812e+01 -5.474009364843368530e-02 9.278324246406555176e-01 1.812104433774948120e-01 3.213929235935211182e-01
1403637196.488318920 1.688819503784179688e+01 4.786550521850585938e+00 -2.762342262268066406e+01 -5.289274081587791443e-02 9.280692338943481445e-01 1.811839342117309570e-01 3.210331201553344727e-01
1403637196.538319111 1.715038299560546875e+01 4.765655040740966797e+00 -2.750016403198242188e+01 -5.138295143842697144e-02 9.281218647956848145e-01 1.823520958423614502e-01 3.204643428325653076e-01
1403637196.588319063 1.741901016235351562e+01 4.733681201934814453e+00 -2.735163688659667969e+01 -4.749364778399467468e-02 9.281723499298095703e-01 1.833774447441101074e-01 3.203330338001251221e-01
1403637196.638319016 1.770195198059082031e+01 4.716391086578369141e+00 -2.718026733398437500e+01 -4.539749026298522949e-02 9.278860092163085938e-01 1.865718960762023926e-01 3.196208775043487549e-01
1403637196.688318968 1.797005081176757812e+01 4.690622329711914062e+00 -2.699054145812988281e+01 -4.157459735870361328e-02 9.275548458099365234e-01 1.892302930355072021e-01 3.195394873619079590e-01
1403637196.738319159 1.825431823730468750e+01 4.679440021514892578e+00 -2.678641700744628906e+01 -3.721614181995391846e-02 9.274500608444213867e-01 1.911489069461822510e-01 3.192389309406280518e-01
1403637196.788318872 1.852254867553710938e+01 4.649663448333740234e+00 -2.655902290344238281e+01 -3.322539106011390686e-02 9.268918037414550781e-01 1.947387158870697021e-01 3.191310763359069824e-01
1403637196.838319063 1.879436874389648438e+01 4.634815692901611328e+00 -2.632276153564453125e+01 -3.285990282893180847e-02 9.270188808441162109e-01 1.952697038650512695e-01 3.184745609760284424e-01
1403637196.888319016 1.906714820861816406e+01 4.611100196838378906e+00 -2.607336616516113281e+01 -3.319839760661125183e-02 9.277402162551879883e-01 1.931347101926803589e-01 3.176397085189819336e-01
1403637196.938319206 1.934804916381835938e+01 4.593870162963867188e+00 -2.580212211608886719e+01 -3.052972443401813507e-02 9.279929995536804199e-01 1.930060684680938721e-01 3.172469735145568848e-01
1403637196.988318920 1.961482238769531250e+01 4.565898418426513672e+00 -2.551645088195800781e+01 -2.217862755060195923e-02 9.274910688400268555e-01 1.952048987150192261e-01 3.180619776248931885e-01
1403637197.038319111 1.988877487182617188e+01 4.525835037231445312e+00 -2.521039962768554688e+01 -1.514436211436986923e-02 9.257858395576477051e-01 1.997217088937759399e-01 3.206281661987304688e-01
1403637197.088319063 2.015153503417968750e+01 4.484280586242675781e+00 -2.488568496704101562e+01 -9.970420971512794495e-03 9.234748482704162598e-01 2.037234157323837280e-01 3.249487280845642090e-01
1403637197.138319016 2.041565513610839844e+01 4.431155204772949219e+00 -2.455507469177246094e+01 -5.777119193226099014e-03 9.206442236900329590e-01 2.071537971496582031e-01 3.308598697185516357e-01
1403637197.188318968 2.067488861083984375e+01 4.351657867431640625e+00 -2.421178627014160156e+01 -2.923906082287430763e-03 9.166472554206848145e-01 2.121945321559906006e-01 3.387075960636138916e-01
1403637197.238319159 2.093011665344238281e+01 4.281954765319824219e+00 -2.386811637878417969e+01 -9.353805216960608959e-04 9.124245047569274902e-01 2.143944501876831055e-01 3.485911488533020020e-01
1403637197.288318872 2.117540550231933594e+01 4.204010963439941406e+00 -2.350931358337402344e+01 4.708134511020034552e-04 9.066466093063354492e-01 2.192789912223815918e-01 3.604281246662139893e-01
1403637197.338319063 2.141828346252441406e+01 4.098439216613769531e+00 -2.314564323425292969e+01 1.268220948986709118e-03 9.003382325172424316e-01 2.230996191501617432e-01 3.736523687839508057e-01
1403637197.388319016 2.164035797119140625e+01 4.004721641540527344e+00 -2.278999519348144531e+01 2.857325365766882896e-03 8.934366106986999512e-01 2.244349122047424316e-01 3.890911340713500977e-01
1403637197.438319206 2.186450958251953125e+01 3.888546943664550781e+00 -2.242588996887207031e+01 2.662068931385874748e-03 8.854041695594787598e-01 2.261399328708648682e-01 4.060951173305511475e-01
1403637197.488318920 2.208907890319824219e+01 3.767284393310546875e+00 -2.204271125793457031e+01 -2.065224573016166687e-03 8.771380186080932617e-01 2.258787155151367188e-01 4.237965047359466553e-01
1403637197.538319111 2.230333518981933594e+01 3.637281417846679688e+00 -2.167253303527832031e+01 -5.830707028508186340e-03 8.679667115211486816e-01 2.245565652847290039e-01 4.429156482219696045e-01
1403637197.588319063 2.251006507873535156e+01 3.506439208984375000e+00 -2.129160308837890625e+01 -1.220151036977767944e-02 8.578521609306335449e-01 2.223140299320220947e-01 4.631601572036743164e-01
1403637197.638319016 2.271545791625976562e+01 3.359449386596679688e+00 -2.092150497436523438e+01 -1.590960100293159485e-02 8.472561240196228027e-01 2.188993841409683228e-01 4.837220311164855957e-01
1403637197.688318968 2.291497993469238281e+01 3.213412284851074219e+00 -2.054940605163574219e+01 -1.769319921731948853e-02 8.363283872604370117e-01 2.144176214933395386e-01 5.042489171028137207e-01
1403637197.738319159 2.311287307739257812e+01 3.053239345550537109e+00 -2.017746925354003906e+01 -2.141249552369117737e-02 8.257817029953002930e-01 2.085890769958496094e-01 5.235615968704223633e-01
1403637197.788318872 2.331413269042968750e+01 2.883924484252929688e+00 -1.979297828674316406e+01 -2.438783273100852966e-02 8.157362341880798340e-01 2.008018940687179565e-01 5.419023633003234863e-01
1403637197.838319063 2.350945663452148438e+01 2.711053371429443359e+00 -1.941622734069824219e+01 -2.801529876887798309e-02 8.059461712837219238e-01 1.905887871980667114e-01 5.597694516181945801e-01
1403637197.888319016 2.370276260375976562e+01 2.536211013793945312e+00 -1.903901100158691406e+01 -3.209294006228446960e-02 7.958945035934448242e-01 1.827653050422668457e-01 5.762975215911865234e-01
1403637197.938319206 2.388783645629882812e+01 2.345955371856689453e+00 -1.865649223327636719e+01 -3.374328836798667908e-02 7.858006954193115234e-01 1.760028302669525146e-01 5.919473767280578613e-01
1403637197.988318920 2.407297897338867188e+01 2.153573989868164062e+00 -1.828322982788085938e+01 -3.606543317437171936e-02 7.759111523628234863e-01 1.695260405540466309e-01 6.065659523010253906e-01
1403637198.038319111 2.424020576477050781e+01 1.948176860809326172e+00 -1.790048599243164062e+01 -3.635603934526443481e-02 7.660548090934753418e-01 1.641294062137603760e-01 6.204030513763427734e-01
1403637198.088319063 2.441720199584960938e+01 1.727878093719482422e+00 -1.749953460693359375e+01 -3.641307353973388672e-02 7.565317749977111816e-01 1.593677550554275513e-01 6.331948637962341309e-01
1403637198.138319016 2.459091758728027344e+01 1.504868030548095703e+00 -1.707443618774414062e+01 -3.698681294918060303e-02 7.474197745323181152e-01 1.546854227781295776e-01 6.450334191322326660e-01
1403637198.188318968 2.475334548950195312e+01 1.263875484466552734e+00 -1.666366577148437500e+01 -3.697312995791435242e-02 7.378156185150146484e-01 1.518073230981826782e-01 6.566701531410217285e-01
1403637198.238319159 2.490212631225585938e+01 1.026076316833496094e+00 -1.623320007324218750e+01 -3.859981149435043335e-02 7.283300161361694336e-01 1.485979855060577393e-01 6.678054928779602051e-01
1403637198.288318872 2.505631256103515625e+01 7.664175033569335938e-01 -1.582279586791992188e+01 -3.914397582411766052e-02 7.196970582008361816e-01 1.413016170263290405e-01 6.786293387413024902e-01
1403637198.338319063 2.520029830932617188e+01 5.135896205902099609e-01 -1.540213966369628906e+01 -4.001928865909576416e-02 7.106647491455078125e-01 1.366907060146331787e-01 6.889628767967224121e-01
1403637198.388319016 2.533652496337890625e+01 2.718086242675781250e-01 -1.497698593139648438e+01 -4.110873490571975708e-02 7.033981084823608398e-01 1.274354010820388794e-01 6.980698108673095703e-01
1403637198.438319206 2.547597122192382812e+01 6.143569946289062500e-03 -1.451963424682617188e+01 -4.166809841990470886e-02 6.977378726005554199e-01 1.201450973749160767e-01 7.049757838249206543e-01
1403637198.488318920 2.560350799560546875e+01 -2.238991260528564453e-01 -1.408373928070068359e+01 -4.245136305689811707e-02 6.931721568107604980e-01 1.132662370800971985e-01 7.105497717857360840e-01
1403637198.538319111 2.572574043273925781e+01 -4.431731700897216797e-01 -1.364106845855712891e+01 -4.323635622859001160e-02 6.899312138557434082e-01 1.064688265323638916e-01 7.146957516670227051e-01
1403637198.588319063 2.584146308898925781e+01 -6.635236740112304688e-01 -1.316624546051025391e+01 -4.421116784214973450e-02 6.879830360412597656e-01 1.006581038236618042e-01 7.173511981964111328e-01
1403637198.638319016 2.596387863159179688e+01 -8.509838581085205078e-01 -1.270730590820312500e+01 -4.557214677333831787e-02 6.865701675415039062e-01 9.591704607009887695e-02 7.192666530609130859e-01
1403637198.688318968 2.606151962280273438e+01 -1.025024175643920898e+00 -1.221166229248046875e+01 -4.471032321453094482e-02 6.851491928100585938e-01 9.427425265312194824e-02 7.208911180496215820e-01
1403637198.738319159 2.616063499450683594e+01 -1.180425882339477539e+00 -1.170861530303955078e+01 -4.369266703724861145e-02 6.838877797126770020e-01 9.384937584400177002e-02 7.222055196762084961e-01
1403637198.788318872 2.624998092651367188e+01 -1.309231758117675781e+00 -1.120310115814208984e+01 -4.146639257669448853e-02 6.832680106163024902e-01 9.262659400701522827e-02 7.230807542800903320e-01
1403637198.838319063 2.633079528808593750e+01 -1.443274021148681641e+00 -1.066942405700683594e+01 -3.553887456655502319e-02 6.832613945007324219e-01 9.058813005685806274e-02 7.236605882644653320e-01
1403637198.888319016 2.640707969665527344e+01 -1.557520866394042969e+00 -1.014497566223144531e+01 -2.846533432602882385e-02 6.836928129196166992e-01 8.903683722019195557e-02 7.237585186958312988e-01
1403637198.938319206 2.646994781494140625e+01 -1.669625282287597656e+00 -9.598726272583007812e+00 -1.865509338676929474e-02 6.830059289932250977e-01 9.125300496816635132e-02 7.244500517845153809e-01
1403637198.988318920 2.651747512817382812e+01 -1.793072938919067383e+00 -9.024823188781738281e+00 -7.626257836818695068e-03 6.815685629844665527e-01 9.290700405836105347e-02 7.257922887802124023e-01
1403637199.038319111 2.653674888610839844e+01 -1.917011737823486328e+00 -8.466938018798828125e+00 7.623201818205416203e-04 6.782279610633850098e-01 9.668327122926712036e-02 7.284632325172424316e-01
1403637199.088319063 2.654910469055175781e+01 -2.041156053543090820e+00 -7.922863006591796875e+00 5.364339333027601242e-03 6.734966635704040527e-01 1.021602079272270203e-01 7.320770621299743652e-01
1403637199.138319016 2.654416275024414062e+01 -2.170286178588867188e+00 -7.352001190185546875e+00 7.492109667509794235e-03 6.679672598838806152e-01 1.070344597101211548e-01 7.364151477813720703e-01
1403637199.188318968 2.652411651611328125e+01 -2.304680585861206055e+00 -6.764158248901367188e+00 7.788430899381637573e-03 6.617187261581420898e-01 1.111705452203750610e-01 7.414234876632690430e-01
1403637199.238319159 2.649098587036132812e+01 -2.437212944030761719e+00 -6.226955413818359375e+00 8.036491461098194122e-03 6.542266011238098145e-01 1.128637343645095825e-01 7.477866411209106445e-01
1403637199.288318872 2.644061470031738281e+01 -2.581762790679931641e+00 -5.663316726684570312e+00 7.286091335117816925e-03 6.472103595733642578e-01 1.113199740648269653e-01 7.541045546531677246e-01
1403637199.338319063 2.637937927246093750e+01 -2.732709169387817383e+00 -5.092624664306640625e+00 7.880592718720436096e-03 6.393105983734130859e-01 1.080369278788566589e-01 7.612804770469665527e-01
1403637199.388319016 2.630408477783203125e+01 -2.879664897918701172e+00 -4.545928955078125000e+00 6.973078008741140366e-03 6.307972073554992676e-01 1.036433055996894836e-01 7.689631581306457520e-01
1403637199.438319206 2.620865058898925781e+01 -3.049646615982055664e+00 -3.986755371093750000e+00 7.050208747386932373e-03 6.210132241249084473e-01 9.942888468503952026e-02 7.774360179901123047e-01
1403637199.488318920 2.611364555358886719e+01 -3.199198246002197266e+00 -3.439644813537597656e+00 6.916629150509834290e-03 6.108911633491516113e-01 9.449429810047149658e-02 7.860248684883117676e-01
1403637199.538319111 2.599819564819335938e+01 -3.364217519760131836e+00 -2.884915351867675781e+00 6.645531393587589264e-03 6.000152826309204102e-01 9.111339598894119263e-02 7.947552800178527832e-01
1403637199.588319063 2.587321472167968750e+01 -3.507604837417602539e+00 -2.348828315734863281e+00 7.580682169646024704e-03 5.889054536819458008e-01 8.705675601959228516e-02 8.034638166427612305e-01
1403637199.638319016 2.573480796813964844e+01 -3.654393434524536133e+00 -1.803606986999511719e+00 1.160575635731220245e-02 5.769436955451965332e-01 8.578752726316452026e-02 8.121833205223083496e-01
1403637199.688318968 2.559157180786132812e+01 -3.781484603881835938e+00 -1.268256187438964844e+00 1.689131744205951691e-02 5.640513896942138672e-01 8.435197174549102783e-02 8.212463259696960449e-01
1403637199.738319159 2.543219947814941406e+01 -3.901649475097656250e+00 -7.334508895874023438e-01 2.127996645867824554e-02 5.505216717720031738e-01 8.408896625041961670e-02 8.303024768829345703e-01
1403637199.788318872 2.526458930969238281e+01 -4.005082130432128906e+00 -1.948080062866210938e-01 2.867038920521736145e-02 5.348311662673950195e-01 8.657571673393249512e-02 8.400228023529052734e-01
1403637199.838319063 2.508640098571777344e+01 -4.081313133239746094e+00 3.444395065307617188e-01 3.650384768843650818e-02 5.182694196701049805e-01 8.752828091382980347e-02 8.499430418014526367e-01
1403637199.888319016 2.490053558349609375e+01 -4.133895874023437500e+00 8.840055465698242188e-01 4.637784510850906372e-02 5.004040598869323730e-01 8.978954702615737915e-02 8.598737120628356934e-01
1403637199.938319206 2.470768547058105469e+01 -4.162290573120117188e+00 1.415169715881347656e+00 5.637796968221664429e-02 4.817960262298583984e-01 9.089929610490798950e-02 8.697307109832763672e-01
1403637199.988318920 2.450417709350585938e+01 -4.169734954833984375e+00 1.922800064086914062e+00 6.942767649888992310e-02 4.622692465782165527e-01 8.980400115251541138e-02 8.794443011283874512e-01
1403637200.038319111 2.429581832885742188e+01 -4.174955368041992188e+00 2.422226905822753906e+00 7.964520156383514404e-02 4.424995183944702148e-01 8.810009807348251343e-02 8.888696432113647461e-01
1403637200.088319063 2.405957031250000000e+01 -4.166480064392089844e+00 2.896626949310302734e+00 8.729802072048187256e-02 4.234634041786193848e-01 8.288854360580444336e-02 8.978793621063232422e-01
1403637200.138319016 2.382931900024414062e+01 -4.151596069335937500e+00 3.347014427185058594e+00 9.373714029788970947e-02 4.045639634132385254e-01 7.600986212491989136e-02 9.065119624137878418e-01
1403637200.188318968 2.358023834228515625e+01 -4.114286422729492188e+00 3.774957180023193359e+00 9.117852896451950073e-02 3.872482478618621826e-01 6.946401298046112061e-02 9.148224592208862305e-01
1403637200.238319159 2.333066558837890625e+01 -4.067397594451904297e+00 4.177195072174072266e+00 8.617351204156875610e-02 3.705617487430572510e-01 6.368999183177947998e-02 9.226059317588806152e-01
1403637200.288318872 2.306700897216796875e+01 -4.007522583007812500e+00 4.556988239288330078e+00 7.425284385681152344e-02 3.587716519832611084e-01 5.305515974760055542e-02 9.289535284042358398e-01
1403637200.338319063 2.280114746093750000e+01 -3.938426017761230469e+00 4.911497592926025391e+00 5.723183602094650269e-02 3.489692807197570801e-01 4.443943500518798828e-02 9.343287348747253418e-01
1403637200.388319016 2.252799797058105469e+01 -3.876850366592407227e+00 5.240209102630615234e+00 4.072867333889007568e-02 3.397603332996368408e-01 3.986202925443649292e-02 9.387838840484619141e-01
1403637200.438319206 2.223849296569824219e+01 -3.810880422592163086e+00 5.561522006988525391e+00 2.462765946984291077e-02 3.321876227855682373e-01 3.854973241686820984e-02 9.421033859252929688e-01
1403637200.488318920 2.195298194885253906e+01 -3.753926753997802734e+00 5.856940269470214844e+00 9.743150323629379272e-03 3.261925280094146729e-01 3.747615218162536621e-02 9.445099234580993652e-01
1403637200.538319111 2.166306686401367188e+01 -3.709124088287353516e+00 6.138755798339843750e+00 1.921175746247172356e-03 3.190011084079742432e-01 4.291472211480140686e-02 9.467803239822387695e-01
1403637200.588319063 2.137129974365234375e+01 -3.671045780181884766e+00 6.409493446350097656e+00 -2.969053457491099834e-04 3.132567405700683594e-01 4.887895286083221436e-02 9.484097361564636230e-01
1403637200.638319016 2.104677772521972656e+01 -3.637879610061645508e+00 6.675018310546875000e+00 -2.575282938778400421e-03 3.099816441535949707e-01 5.354532226920127869e-02 9.492300152778625488e-01
1403637200.688318968 2.075402450561523438e+01 -3.617758750915527344e+00 6.923119544982910156e+00 -3.639669390395283699e-03 3.078959286212921143e-01 5.754033103585243225e-02 9.496715068817138672e-01
1403637200.738319159 2.045868110656738281e+01 -3.604833126068115234e+00 7.158315658569335938e+00 -4.823819268494844437e-03 3.067473769187927246e-01 6.186936795711517334e-02 9.497657418251037598e-01
1403637200.788318872 2.016156005859375000e+01 -3.591554641723632812e+00 7.384662628173828125e+00 -2.498952439054846764e-03 3.067452609539031982e-01 6.681328266859054565e-02 9.494404196739196777e-01
1403637200.838319063 1.986992263793945312e+01 -3.589373588562011719e+00 7.600850105285644531e+00 1.104278024286031723e-03 3.087365031242370605e-01 7.274855673313140869e-02 9.483608007431030273e-01
1403637200.888319016 1.957745170593261719e+01 -3.592704534530639648e+00 7.799446582794189453e+00 3.592099994421005249e-03 3.122009038925170898e-01 7.608434557914733887e-02 9.469577074050903320e-01
1403637200.938319206 1.929094886779785156e+01 -3.591315746307373047e+00 7.982976913452148438e+00 4.032085184007883072e-03 3.163168728351593018e-01 7.796359807252883911e-02 9.454359412193298340e-01
1403637200.988318920 1.901574707031250000e+01 -3.599748611450195312e+00 8.161236763000488281e+00 3.720817854627966881e-03 3.207806348800659180e-01 7.930266857147216797e-02 9.438204765319824219e-01
1403637201.038319111 1.873489952087402344e+01 -3.621451139450073242e+00 8.321336746215820312e+00 3.795125521719455719e-03 3.257338702678680420e-01 7.999468594789505005e-02 9.420636296272277832e-01
1403637201.088319063 1.843064498901367188e+01 -3.633603334426879883e+00 8.488107681274414062e+00 3.115477971732616425e-03 3.308353722095489502e-01 8.076018840074539185e-02 9.402213096618652344e-01
1403637201.138319016 1.815230369567871094e+01 -3.653033256530761719e+00 8.626140594482421875e+00 1.538876793347299099e-03 3.356086909770965576e-01 8.095808327198028564e-02 9.385149478912353516e-01
1403637201.188318968 1.787796020507812500e+01 -3.677169322967529297e+00 8.754343032836914062e+00 1.828135806135833263e-03 3.392318785190582275e-01 8.322170376777648926e-02 9.370125532150268555e-01
1403637201.238319159 1.760992431640625000e+01 -3.710604190826416016e+00 8.870954513549804688e+00 6.306084687821567059e-04 3.418672084808349609e-01 8.743136376142501831e-02 9.356720447540283203e-01
1403637201.288318872 1.734303092956542969e+01 -3.750927925109863281e+00 8.975468635559082031e+00 2.011724747717380524e-03 3.440273106098175049e-01 9.515529125928878784e-02 9.341234564781188965e-01
1403637201.338319063 1.707537269592285156e+01 -3.785879373550415039e+00 9.074728012084960938e+00 4.652792587876319885e-03 3.456796705722808838e-01 1.076755300164222717e-01 9.321426749229431152e-01
1403637201.388319016 1.680513954162597656e+01 -3.811348915100097656e+00 9.166965484619140625e+00 4.871338605880737305e-03 3.485876321792602539e-01 1.201885640621185303e-01 9.295255541801452637e-01
1403637201.438319206 1.655529403686523438e+01 -3.829184055328369141e+00 9.243152618408203125e+00 4.525902681052684784e-03 3.516867458820343018e-01 1.336262226104736328e-01 9.265203475952148438e-01
1403637201.488318920 1.630981445312500000e+01 -3.835141420364379883e+00 9.314758300781250000e+00 3.534220624715089798e-03 3.556617498397827148e-01 1.463883519172668457e-01 9.230724573135375977e-01
1403637201.538319111 1.606612014770507812e+01 -3.837811946868896484e+00 9.372790336608886719e+00 2.899637445807456970e-03 3.595879673957824707e-01 1.578226238489151001e-01 9.196631312370300293e-01
1403637201.588319063 1.585739803314208984e+01 -3.835154771804809570e+00 9.419313430786132812e+00 3.497941652312874794e-03 3.629741370677947998e-01 1.670981049537658691e-01 9.166873693466186523e-01
1403637201.638319016 1.565570449829101562e+01 -3.823651552200317383e+00 9.453993797302246094e+00 4.590572323650121689e-03 3.659949600696563721e-01 1.746641695499420166e-01 9.140673279762268066e-01
1403637201.688318968 1.546781253814697266e+01 -3.798867940902709961e+00 9.475974082946777344e+00 7.020215038210153580e-03 3.696067035198211670e-01 1.784007549285888672e-01 9.118743538856506348e-01
1403637201.738319159 1.529522991180419922e+01 -3.774375438690185547e+00 9.483681678771972656e+00 9.578693658113479614e-03 3.748138844966888428e-01 1.754528731107711792e-01 9.102962017059326172e-01
1403637201.788318872 1.512839698791503906e+01 -3.741130113601684570e+00 9.479449272155761719e+00 1.057086791843175888e-02 3.803132474422454834e-01 1.695334613323211670e-01 9.091251492500305176e-01
1403637201.838319063 1.499089145660400391e+01 -3.701809644699096680e+00 9.456531524658203125e+00 1.194953545928001404e-02 3.839402794837951660e-01 1.657637357711791992e-01 9.082782864570617676e-01
1403637201.888319016 1.485696792602539062e+01 -3.680113792419433594e+00 9.419641494750976562e+00 1.246695686131715775e-02 3.869821131229400635e-01 1.621665805578231812e-01 9.076296091079711914e-01
1403637201.938319206 1.473475646972656250e+01 -3.652535200119018555e+00 9.364725112915039062e+00 1.235687267035245895e-02 3.887543082237243652e-01 1.602042019367218018e-01 9.072221517562866211e-01
1403637201.988318920 1.462127685546875000e+01 -3.626334667205810547e+00 9.295804023742675781e+00 1.044468767940998077e-02 3.882234990596771240e-01 1.623538881540298462e-01 9.070913195610046387e-01
1403637202.038319111 1.450957202911376953e+01 -3.604283809661865234e+00 9.209776878356933594e+00 7.847195491194725037e-03 3.863579332828521729e-01 1.670720726251602173e-01 9.070572853088378906e-01
1403637202.088319063 1.441461086273193359e+01 -3.583220005035400391e+00 9.109759330749511719e+00 3.259922843426465988e-03 3.834108710289001465e-01 1.730897724628448486e-01 9.072075486183166504e-01
1403637202.138319016 1.433656406402587891e+01 -3.572395324707031250e+00 8.998534202575683594e+00 -3.946701996028423309e-03 3.809207081794738770e-01 1.774228662252426147e-01 9.074166417121887207e-01
1403637202.188318968 1.427666950225830078e+01 -3.553423643112182617e+00 8.862409591674804688e+00 -1.259799674153327942e-02 3.801895081996917725e-01 1.765801608562469482e-01 9.078087806701660156e-01
1403637202.238319159 1.422092247009277344e+01 -3.530450344085693359e+00 8.727901458740234375e+00 -2.262322045862674713e-02 3.824265599250793457e-01 1.684399843215942383e-01 9.082214236259460449e-01
1403637202.288318872 1.418517398834228516e+01 -3.505013942718505859e+00 8.577920913696289062e+00 -3.362753614783287048e-02 3.851191103458404541e-01 1.578575819730758667e-01 9.086437821388244629e-01
1403637202.338319063 1.417527198791503906e+01 -3.477365493774414062e+00 8.436477661132812500e+00 -4.284336417913436890e-02 3.873323798179626465e-01 1.487002223730087280e-01 9.088599085807800293e-01
1403637202.388319016 1.417319679260253906e+01 -3.442547798156738281e+00 8.287305831909179688e+00 -4.979398846626281738e-02 3.891448378562927246e-01 1.402738392353057861e-01 9.090710878372192383e-01
1403637202.438319206 1.418249797821044922e+01 -3.408689498901367188e+00 8.139988899230957031e+00 -5.308734998106956482e-02 3.905836939811706543e-01 1.340969204902648926e-01 9.091997146606445312e-01
1403637202.488318920 1.419472885131835938e+01 -3.377413511276245117e+00 7.996592998504638672e+00 -5.223429203033447266e-02 3.916232585906982422e-01 1.293285638093948364e-01 9.094927310943603516e-01
1403637202.538319111 1.421710014343261719e+01 -3.345798969268798828e+00 7.851514816284179688e+00 -4.959552362561225891e-02 3.924432098865509033e-01 1.254162192344665527e-01 9.098348617553710938e-01
1403637202.588319063 1.425536727905273438e+01 -3.324742794036865234e+00 7.715367794036865234e+00 -4.487613216042518616e-02 3.927821815013885498e-01 1.229211986064910889e-01 9.102739691734313965e-01
1403637202.638319016 1.429529094696044922e+01 -3.310730218887329102e+00 7.572542190551757812e+00 -3.949613869190216064e-02 3.935569524765014648e-01 1.191007047891616821e-01 9.106964468955993652e-01
1403637202.688318968 1.433775520324707031e+01 -3.307767152786254883e+00 7.422947883605957031e+00 -3.613759949803352356e-02 3.944669663906097412e-01 1.152686327695846558e-01 9.109352827072143555e-01
1403637202.738319159 1.439620971679687500e+01 -3.299414157867431641e+00 7.285741806030273438e+00 -3.214383497834205627e-02 3.952959477901458740e-01 1.111444234848022461e-01 9.112381339073181152e-01
1403637202.788318872 1.445155525207519531e+01 -3.303309917449951172e+00 7.140794754028320312e+00 -3.204428032040596008e-02 3.969276547431945801e-01 1.049637496471405029e-01 9.112652540206909180e-01
1403637202.838319063 1.450598335266113281e+01 -3.300651550292968750e+00 6.997195720672607422e+00 -3.237599134445190430e-02 3.988177478313446045e-01 9.903218597173690796e-02 9.110921621322631836e-01
1403637202.888319016 1.456532382965087891e+01 -3.300746917724609375e+00 6.855249881744384766e+00 -3.382074460387229919e-02 4.007223546504974365e-01 9.342008084058761597e-02 9.107966423034667969e-01
1403637202.938319206 1.462430667877197266e+01 -3.295480728149414062e+00 6.714232444763183594e+00 -3.515674918889999390e-02 4.022829234600067139e-01 8.857448399066925049e-02 9.105421900749206543e-01
1403637202.988318920 1.468638229370117188e+01 -3.283607721328735352e+00 6.581417083740234375e+00 -3.634244203567504883e-02 4.035845696926116943e-01 8.510311692953109741e-02 9.102506637573242188e-01
1403637203.038319111 1.475012969970703125e+01 -3.266808032989501953e+00 6.444137573242187500e+00 -3.689180314540863037e-02 4.043363332748413086e-01 8.296077698469161987e-02 9.100926518440246582e-01
1403637203.088319063 1.480647850036621094e+01 -3.246375560760498047e+00 6.317891120910644531e+00 -3.667387738823890686e-02 4.046880006790161133e-01 8.268288522958755493e-02 9.099705219268798828e-01
1403637203.138319016 1.486959266662597656e+01 -3.224292039871215820e+00 6.198303222656250000e+00 -3.525203466415405273e-02 4.043973684310913086e-01 8.416249603033065796e-02 9.100202322006225586e-01
1403637203.188318968 1.491827201843261719e+01 -3.193953990936279297e+00 6.078944683074951172e+00 -3.637125343084335327e-02 4.052720069885253906e-01 8.228784054517745972e-02 9.097585082054138184e-01
1403637203.238319159 1.497683048248291016e+01 -3.169425725936889648e+00 5.957230567932128906e+00 -3.546348586678504944e-02 4.058184921741485596e-01 8.186589181423187256e-02 9.095888137817382812e-01
1403637203.288318872 1.502612495422363281e+01 -3.139284849166870117e+00 5.846535205841064453e+00 -3.539369627833366394e-02 4.065162241458892822e-01 8.099000900983810425e-02 9.093583226203918457e-01
1403637203.338319063 1.507833862304687500e+01 -3.105275154113769531e+00 5.736056804656982422e+00 -3.499480709433555603e-02 4.067257940769195557e-01 8.055129647254943848e-02 9.093189835548400879e-01
1403637203.388319016 1.513319683074951172e+01 -3.069725513458251953e+00 5.632654190063476562e+00 -3.455202281475067139e-02 4.066773951053619385e-01 8.152940124273300171e-02 9.092704653739929199e-01
1403637203.438319206 1.517445278167724609e+01 -3.032900333404541016e+00 5.533648967742919922e+00 -3.526838496327400208e-02 4.074096679687500000e-01 8.082681894302368164e-02 9.089777469635009766e-01
1403637203.488318920 1.522284603118896484e+01 -2.994356870651245117e+00 5.435344696044921875e+00 -3.525834158062934875e-02 4.075973331928253174e-01 8.103524148464202881e-02 9.088754653930664062e-01
1403637203.538319111 1.526156711578369141e+01 -2.944667339324951172e+00 5.348991394042968750e+00 -3.479031100869178772e-02 4.082666933536529541e-01 8.002541214227676392e-02 9.086825847625732422e-01
1403637203.588319063 1.530913925170898438e+01 -2.894653320312500000e+00 5.258178234100341797e+00 -3.455344215035438538e-02 4.089282155036926270e-01 7.850173115730285645e-02 9.085270166397094727e-01
1403637203.638319016 1.534808826446533203e+01 -2.847776651382446289e+00 5.173232078552246094e+00 -3.537250310182571411e-02 4.100157320499420166e-01 7.653432339429855347e-02 9.081731438636779785e-01
1403637203.688318968 1.539403247833251953e+01 -2.796171903610229492e+00 5.089567184448242188e+00 -3.503578901290893555e-02 4.101175367832183838e-01 7.694122195243835449e-02 9.081058502197265625e-01
1403637203.738319159 1.542464351654052734e+01 -2.736521005630493164e+00 5.014940261840820312e+00 -3.373719379305839539e-02 4.106731414794921875e-01 7.719216495752334595e-02 9.078826308250427246e-01
1403637203.788318872 1.545611667633056641e+01 -2.682187080383300781e+00 4.940537929534912109e+00 -3.362790867686271667e-02 4.110293090343475342e-01 7.753895223140716553e-02 9.076958894729614258e-01
1403637203.838319063 1.548337173461914062e+01 -2.617550134658813477e+00 4.872329711914062500e+00 -3.320784866809844971e-02 4.112116992473602295e-01 7.797496020793914795e-02 9.075913429260253906e-01
1403637203.888319016 1.551421070098876953e+01 -2.547970294952392578e+00 4.810323238372802734e+00 -3.266264498233795166e-02 4.115855097770690918e-01 7.744045555591583252e-02 9.074875116348266602e-01
1403637203.938319206 1.553807449340820312e+01 -2.483445644378662109e+00 4.747665405273437500e+00 -3.236030787229537964e-02 4.118951261043548584e-01 7.723078876733779907e-02 9.073757529258728027e-01
1403637203.988318920 1.555824184417724609e+01 -2.409512519836425781e+00 4.688241481781005859e+00 -3.267515078186988831e-02 4.122380912303924561e-01 7.711148262023925781e-02 9.072188138961791992e-01
1403637204.038319111 1.558024787902832031e+01 -2.336772441864013672e+00 4.631321907043457031e+00 -3.308906406164169312e-02 4.127505719661712646e-01 7.650536298751831055e-02 9.070221185684204102e-01
1403637204.088319063 1.559801769256591797e+01 -2.276626825332641602e+00 4.579379081726074219e+00 -3.273083269596099854e-02 4.128136634826660156e-01 7.753680646419525146e-02 9.069188237190246582e-01
1403637204.138319016 1.560311412811279297e+01 -2.213562011718750000e+00 4.528596401214599609e+00 -3.269827738404273987e-02 4.131973683834075928e-01 7.703759521245956421e-02 9.067877531051635742e-01
1403637204.188318968 1.561760044097900391e+01 -2.169555187225341797e+00 4.468804836273193359e+00 -3.316662088036537170e-02 4.131092727184295654e-01 7.780598849058151245e-02 9.067453145980834961e-01
1403637204.238319159 1.562228202819824219e+01 -2.134442806243896484e+00 4.419131278991699219e+00 -3.327142447233200073e-02 4.135936200618743896e-01 7.717312127351760864e-02 9.065746665000915527e-01
1403637204.288318872 1.562824153900146484e+01 -2.104841947555541992e+00 4.366271972656250000e+00 -3.426725417375564575e-02 4.135610461235046387e-01 7.863617688417434692e-02 9.064267277717590332e-01
1403637204.338319063 1.562530612945556641e+01 -2.086581707000732422e+00 4.314697742462158203e+00 -3.315447270870208740e-02 4.132822155952453613e-01 8.001698553562164307e-02 9.064744114875793457e-01
1403637204.388319016 1.562485980987548828e+01 -2.078791379928588867e+00 4.259083271026611328e+00 -3.072385862469673157e-02 4.130251407623291016e-01 8.218364417552947998e-02 9.064834713935852051e-01
1403637204.438319206 1.561499214172363281e+01 -2.076038599014282227e+00 4.207227706909179688e+00 -2.842202223837375641e-02 4.139295816421508789e-01 8.174348622560501099e-02 9.061857461929321289e-01
1403637204.488318920 1.560677337646484375e+01 -2.084782361984252930e+00 4.157423973083496094e+00 -2.381420508027076721e-02 4.139711856842041016e-01 8.397568762302398682e-02 9.060953855514526367e-01
1403637204.538319111 1.558848571777343750e+01 -2.090072631835937500e+00 4.107176780700683594e+00 -2.192986197769641876e-02 4.147960841655731201e-01 8.406706154346466064e-02 9.057571887969970703e-01
1403637204.588319063 1.558358001708984375e+01 -2.111901283264160156e+00 4.042955398559570312e+00 -2.213018760085105896e-02 4.154787659645080566e-01 8.517063409090042114e-02 9.053362607955932617e-01
1403637204.638319016 1.556491088867187500e+01 -2.141523838043212891e+00 3.988287925720214844e+00 -2.311391755938529968e-02 4.163888096809387207e-01 8.652272820472717285e-02 9.047651886940002441e-01
1403637204.688318968 1.554824066162109375e+01 -2.168284893035888672e+00 3.927474498748779297e+00 -2.540316991508007050e-02 4.179447293281555176e-01 8.543362468481063843e-02 9.040896296501159668e-01
1403637204.738319159 1.552829074859619141e+01 -2.194917678833007812e+00 3.869783401489257812e+00 -2.567314542829990387e-02 4.186230599880218506e-01 8.642946928739547729e-02 9.036734700202941895e-01
1403637204.788318872 1.550194549560546875e+01 -2.208498239517211914e+00 3.817304134368896484e+00 -2.759699895977973938e-02 4.196966588497161865e-01 8.682020753622055054e-02 9.030810594558715820e-01
1403637204.838319063 1.547823238372802734e+01 -2.226476430892944336e+00 3.756644248962402344e+00 -2.885870635509490967e-02 4.199929535388946533e-01 8.853354305028915405e-02 9.027374386787414551e-01
1403637204.888319016 1.545597362518310547e+01 -2.234856605529785156e+00 3.707236766815185547e+00 -3.003271855413913727e-02 4.208923280239105225e-01 8.844663202762603760e-02 9.022887349128723145e-01
1403637204.938319206 1.543717670440673828e+01 -2.236295223236083984e+00 3.658742904663085938e+00 -3.214594721794128418e-02 4.211016297340393066e-01 8.913774788379669189e-02 9.020501375198364258e-01
1403637204.988318920 1.540862464904785156e+01 -2.224923610687255859e+00 3.615884780883789062e+00 -3.528679162263870239e-02 4.212022721767425537e-01 9.061093628406524658e-02 9.017389416694641113e-01
1403637205.038319111 1.537709617614746094e+01 -2.212257385253906250e+00 3.572273731231689453e+00 -3.838154673576354980e-02 4.211317896842956543e-01 9.172044694423675537e-02 9.015333652496337891e-01
1403637205.088319063 1.535687637329101562e+01 -2.195371627807617188e+00 3.537281036376953125e+00 -4.041046276688575745e-02 4.210762381553649902e-01 9.221380949020385742e-02 9.014202952384948730e-01
1403637205.138319016 1.533063697814941406e+01 -2.179695367813110352e+00 3.500356197357177734e+00 -4.070997610688209534e-02 4.210156202316284180e-01 9.252483397722244263e-02 9.014032483100891113e-01
1403637205.188318968 1.530554771423339844e+01 -2.157112598419189453e+00 3.471643447875976562e+00 -4.109987616539001465e-02 4.210614264011383057e-01 9.172541648149490356e-02 9.014458060264587402e-01
1403637205.238319159 1.527894878387451172e+01 -2.129897832870483398e+00 3.444391250610351562e+00 -4.193360731005668640e-02 4.195682108402252197e-01 9.165166318416595459e-02 9.021109342575073242e-01
1403637205.288318872 1.525831699371337891e+01 -2.100758075714111328e+00 3.423777580261230469e+00 -4.282837733626365662e-02 4.171455800533294678e-01 9.088757634162902832e-02 9.032689332962036133e-01
1403637205.338319063 1.523315048217773438e+01 -2.083044052124023438e+00 3.400063991546630859e+00 -4.237793758511543274e-02 4.138681292533874512e-01 8.898071199655532837e-02 9.049860835075378418e-01
1403637205.388319016 1.521354389190673828e+01 -2.062513351440429688e+00 3.384873867034912109e+00 -4.260593652725219727e-02 4.108251929283142090e-01 8.706330507993698120e-02 9.065470099449157715e-01
1403637205.438319206 1.518184661865234375e+01 -2.059633255004882812e+00 3.368142604827880859e+00 -4.201225563883781433e-02 4.082124233245849609e-01 8.461391925811767578e-02 9.079857468605041504e-01
1403637205.488318920 1.515445137023925781e+01 -2.047431468963623047e+00 3.354395866394042969e+00 -3.968803957104682922e-02 4.054743647575378418e-01 8.202742040157318115e-02 9.095531702041625977e-01
1403637205.538319111 1.513038730621337891e+01 -2.054694175720214844e+00 3.340548515319824219e+00 -3.711816668510437012e-02 4.029003977775573730e-01 7.962873578071594238e-02 9.110174775123596191e-01
1403637205.588319063 1.511123847961425781e+01 -2.066150188446044922e+00 3.323877334594726562e+00 -3.606618195772171021e-02 4.008383750915527344e-01 7.730426639318466187e-02 9.121688008308410645e-01
1403637205.638319016 1.508541202545166016e+01 -2.064055442810058594e+00 3.316957950592041016e+00 -3.448262810707092285e-02 3.987863659858703613e-01 7.633636891841888428e-02 9.132103919982910156e-01
1403637205.688318968 1.504862594604492188e+01 -2.054890155792236328e+00 3.313794136047363281e+00 -3.410063683986663818e-02 3.974923789501190186e-01 7.520995289087295532e-02 9.138820767402648926e-01
1403637205.738319159 1.501994514465332031e+01 -2.042026519775390625e+00 3.310730934143066406e+00 -3.423698991537094116e-02 3.960392475128173828e-01 7.551243156194686890e-02 9.144827127456665039e-01
1403637205.788318872 1.498736190795898438e+01 -2.020853042602539062e+00 3.310290336608886719e+00 -3.417021781206130981e-02 3.950449824333190918e-01 7.516978681087493896e-02 9.149433970451354980e-01
1403637205.838319063 1.495660114288330078e+01 -1.993026733398437500e+00 3.315043449401855469e+00 -3.467057645320892334e-02 3.945325911045074463e-01 7.445540279150009155e-02 9.152041077613830566e-01
1403637205.888319016 1.492311859130859375e+01 -1.969334244728088379e+00 3.323549747467041016e+00 -3.444657474756240845e-02 3.936957120895385742e-01 7.521418482065200806e-02 9.155107736587524414e-01
1403637205.938319206 1.488504409790039062e+01 -1.933909416198730469e+00 3.330020427703857422e+00 -3.411209955811500549e-02 3.933547437191009521e-01 7.513330876827239990e-02 9.156764745712280273e-01
1403637205.988318920 1.484722042083740234e+01 -1.901754498481750488e+00 3.343762397766113281e+00 -3.375653550028800964e-02 3.930632472038269043e-01 7.440954446792602539e-02 9.158738851547241211e-01
1403637206.038319111 1.480203628540039062e+01 -1.876965045928955078e+00 3.355464458465576172e+00 -3.299043327569961548e-02 3.925295472145080566e-01 7.492108643054962158e-02 9.160890579223632812e-01
1403637206.088319063 1.476244735717773438e+01 -1.867563366889953613e+00 3.365296363830566406e+00 -3.228886425495147705e-02 3.918174505233764648e-01 7.637926191091537476e-02 9.162984490394592285e-01
1403637206.138319016 1.472352695465087891e+01 -1.862720847129821777e+00 3.372053623199462891e+00 -3.103500790894031525e-02 3.904361724853515625e-01 7.954078912734985352e-02 9.166623353958129883e-01
1403637206.188318968 1.467693519592285156e+01 -1.866693735122680664e+00 3.384079933166503906e+00 -2.901958674192428589e-02 3.886792957782745361e-01 8.383924514055252075e-02 9.170917272567749023e-01
1403637206.238319159 1.462981891632080078e+01 -1.873575210571289062e+00 3.385816097259521484e+00 -2.823013998568058014e-02 3.877108991146087646e-01 8.596126735210418701e-02 9.173298478126525879e-01
1403637206.288318872 1.458327293395996094e+01 -1.893063306808471680e+00 3.390089035034179688e+00 -2.659712545573711395e-02 3.870666325092315674e-01 8.792844414710998535e-02 9.174642562866210938e-01
1403637206.338319063 1.453437995910644531e+01 -1.913638710975646973e+00 3.390301227569580078e+00 -2.511644922196865082e-02 3.867917954921722412e-01 8.935452252626419067e-02 9.174841046333312988e-01
1403637206.388319016 1.448961639404296875e+01 -1.940039277076721191e+00 3.386959552764892578e+00 -2.502514608204364777e-02 3.866067826747894287e-01 8.930312842130661011e-02 9.175695776939392090e-01
1403637206.438319206 1.444139862060546875e+01 -1.978510379791259766e+00 3.377469539642333984e+00 -2.520623989403247833e-02 3.867734670639038086e-01 8.961331099271774292e-02 9.174641966819763184e-01
1403637206.488318920 1.439317131042480469e+01 -2.024220705032348633e+00 3.369646072387695312e+00 -2.525595575571060181e-02 3.870529234409332275e-01 8.926450461149215698e-02 9.173789024353027344e-01
1403637206.538319111 1.435280990600585938e+01 -2.058117628097534180e+00 3.357997417449951172e+00 -2.483683079481124878e-02 3.873214125633239746e-01 8.930581808090209961e-02 9.172729849815368652e-01
1403637206.588319063 1.430444526672363281e+01 -2.082226753234863281e+00 3.347843647003173828e+00 -2.498963847756385803e-02 3.879441618919372559e-01 8.837623894214630127e-02 9.170957207679748535e-01
1403637206.638319016 1.426256656646728516e+01 -2.110094308853149414e+00 3.335235595703125000e+00 -2.552779018878936768e-02 3.885191679000854492e-01 8.742657303810119629e-02 9.169284701347351074e-01
1403637206.688318968 1.422269439697265625e+01 -2.126328706741333008e+00 3.330287933349609375e+00 -2.613191306591033936e-02 3.894564807415008545e-01 8.613596111536026001e-02 9.166359901428222656e-01
1403637206.738319159 1.417408561706542969e+01 -2.136708498001098633e+00 3.323691844940185547e+00 -2.589812316000461578e-02 3.901331126689910889e-01 8.521589636802673340e-02 9.164408445358276367e-01
1403637206.788318872 1.413035106658935547e+01 -2.134022712707519531e+00 3.316155433654785156e+00 -2.511462010443210602e-02 3.908655047416687012e-01 8.391320705413818359e-02 9.162707328796386719e-01
1403637206.838319063 1.408504104614257812e+01 -2.138724327087402344e+00 3.309973239898681641e+00 -2.521422319114208221e-02 3.914190530776977539e-01 8.359688520431518555e-02 9.160605669021606445e-01
1403637206.888319016 1.403446578979492188e+01 -2.149255752563476562e+00 3.296407699584960938e+00 -2.432545274496078491e-02 3.920336067676544189e-01 8.302289247512817383e-02 9.158740043640136719e-01
1403637206.938319206 1.398725318908691406e+01 -2.154783725738525391e+00 3.278923511505126953e+00 -2.256869710981845856e-02 3.920969367027282715e-01 8.271665871143341064e-02 9.159195423126220703e-01
1403637206.988318920 1.394282054901123047e+01 -2.171943426132202148e+00 3.265160083770751953e+00 -2.222285605967044830e-02 3.925688564777374268e-01 8.268613368272781372e-02 9.157286286354064941e-01
1403637207.038319111 1.388256072998046875e+01 -2.197937726974487305e+00 3.247612476348876953e+00 -2.179623581469058990e-02 3.931914865970611572e-01 8.281155675649642944e-02 9.154604077339172363e-01
1403637207.088319063 1.383122348785400391e+01 -2.219116210937500000e+00 3.228267192840576172e+00 -2.240776084363460541e-02 3.935955762863159180e-01 8.345408737659454346e-02 9.152135848999023438e-01
1403637207.138319016 1.378118610382080078e+01 -2.240911245346069336e+00 3.205772876739501953e+00 -2.097353897988796234e-02 3.942681849002838135e-01 8.348927646875381470e-02 9.149548411369323730e-01
1403637207.188318968 1.373182296752929688e+01 -2.244462251663208008e+00 3.186971187591552734e+00 -2.086805179715156555e-02 3.949038982391357422e-01 8.397468179464340210e-02 9.146385788917541504e-01
1403637207.238319159 1.366729831695556641e+01 -2.249329090118408203e+00 3.166887283325195312e+00 -1.911186985671520233e-02 3.955697417259216309e-01 8.387988060712814331e-02 9.143978953361511230e-01
1403637207.288318872 1.361474609375000000e+01 -2.245345115661621094e+00 3.149989604949951172e+00 -1.953473500907421112e-02 3.960537016391754150e-01 8.453617244958877563e-02 9.141190052032470703e-01
1403637207.338319063 1.355927085876464844e+01 -2.231265544891357422e+00 3.132166862487792969e+00 -1.979075372219085693e-02 3.964287936687469482e-01 8.521094173192977905e-02 9.138882160186767578e-01
1403637207.388319016 1.349903869628906250e+01 -2.210035562515258789e+00 3.112465858459472656e+00 -1.996973715722560883e-02 3.969717919826507568e-01 8.497703075408935547e-02 9.136703610420227051e-01
1403637207.438319206 1.344125270843505859e+01 -2.185307264328002930e+00 3.094156503677368164e+00 -1.986568234860897064e-02 3.975139856338500977e-01 8.489231020212173462e-02 9.134447574615478516e-01
1403637207.488318920 1.338133621215820312e+01 -2.150589942932128906e+00 3.071218013763427734e+00 -2.016143500804901123e-02 3.978609144687652588e-01 8.563671261072158813e-02 9.132177829742431641e-01
1403637207.538319111 1.332077980041503906e+01 -2.116397142410278320e+00 3.054349422454833984e+00 -2.181534096598625183e-02 3.979244530200958252e-01 8.746514469385147095e-02 9.129787087440490723e-01
1403637207.588319063 1.325511741638183594e+01 -2.078160762786865234e+00 3.031319618225097656e+00 -2.407689206302165985e-02 3.970077037811279297e-01 9.231969714164733887e-02 9.128430485725402832e-01
1403637207.638319016 1.319165992736816406e+01 -2.036563634872436523e+00 3.011468410491943359e+00 -2.833366952836513519e-02 3.951245248317718506e-01 9.956069290637969971e-02 9.127768874168395996e-01
1403637207.688318968 1.314173984527587891e+01 -2.006333827972412109e+00 2.985646486282348633e+00 -3.186830133199691772e-02 3.936901688575744629e-01 1.049238964915275574e-01 9.126793146133422852e-01
1403637207.738319159 1.307876300811767578e+01 -1.975716710090637207e+00 2.956212043762207031e+00 -3.424316272139549255e-02 3.934493660926818848e-01 1.065780818462371826e-01 9.125053882598876953e-01
1403637207.788318872 1.302204322814941406e+01 -1.963599920272827148e+00 2.920107603073120117e+00 -3.463190048933029175e-02 3.940844237804412842e-01 1.053948998451232910e-01 9.123541712760925293e-01
1403637207.838319063 1.297251701354980469e+01 -1.959750652313232422e+00 2.881185531616210938e+00 -3.431381285190582275e-02 3.952434659004211426e-01 1.027607247233390808e-01 9.121652841567993164e-01
1403637207.888319016 1.293329429626464844e+01 -1.971936941146850586e+00 2.842373847961425781e+00 -3.423847258090972900e-02 3.967182934284210205e-01 9.932693094015121460e-02 9.119081497192382812e-01
1403637207.938319206 1.288618469238281250e+01 -1.991767406463623047e+00 2.806710481643676758e+00 -3.328711539506912231e-02 3.980031311511993408e-01 9.620322287082672119e-02 9.117184281349182129e-01
1403637207.988318920 1.283885097503662109e+01 -2.021474599838256836e+00 2.763903141021728516e+00 -3.274600952863693237e-02 3.991069793701171875e-01 9.364712983369827271e-02 9.115215539932250977e-01
1403637208.038319111 1.279816627502441406e+01 -2.055854558944702148e+00 2.714022397994995117e+00 -3.266519680619239807e-02 4.000612497329711914e-01 9.126110374927520752e-02 9.113481044769287109e-01
1403637208.088319063 1.276507472991943359e+01 -2.100635051727294922e+00 2.666742324829101562e+00 -3.303714841604232788e-02 4.008264839649200439e-01 8.956378698348999023e-02 9.111668467521667480e-01
1403637208.138319016 1.273395347595214844e+01 -2.157013654708862305e+00 2.618112564086914062e+00 -3.375959023833274841e-02 4.012720882892608643e-01 8.874042332172393799e-02 9.110248088836669922e-01
1403637208.188318968 1.268385124206542969e+01 -2.202443361282348633e+00 2.575428724288940430e+00 -3.292818367481231689e-02 4.024249911308288574e-01 8.640326559543609619e-02 9.107713103294372559e-01
1403637208.238319159 1.262786483764648438e+01 -2.251499891281127930e+00 2.532374143600463867e+00 -3.403429314494132996e-02 4.028978049755096436e-01 8.705884963274002075e-02 9.104591608047485352e-01
1403637208.288318872 1.259551143646240234e+01 -2.304784774780273438e+00 2.487578153610229492e+00 -3.207656741142272949e-02 4.019305408000946045e-01 9.154412150382995605e-02 9.105178117752075195e-01
1403637208.338319063 1.256850242614746094e+01 -2.346790790557861328e+00 2.439430475234985352e+00 -2.935562282800674438e-02 4.010342359542846680e-01 9.583484381437301636e-02 9.105632901191711426e-01
1403637208.388319016 1.252635765075683594e+01 -2.380909442901611328e+00 2.398905754089355469e+00 -2.723169140517711639e-02 4.005454182624816895e-01 9.891775250434875488e-02 9.105147123336791992e-01
1403637208.438319206 1.249319076538085938e+01 -2.406856298446655273e+00 2.359296083450317383e+00 -2.578175254166126251e-02 4.011170864105224609e-01 9.933208674192428589e-02 9.102602005004882812e-01
1403637208.488318920 1.245756149291992188e+01 -2.424680233001708984e+00 2.315789222717285156e+00 -2.574316784739494324e-02 4.016571044921875000e-01 9.895172715187072754e-02 9.100645780563354492e-01
1403637208.538319111 1.241881084442138672e+01 -2.436571598052978516e+00 2.279463768005371094e+00 -2.477158047258853912e-02 4.025416672229766846e-01 9.755482524633407593e-02 9.098514318466186523e-01
1403637208.588319063 1.239260673522949219e+01 -2.439605712890625000e+00 2.237501859664916992e+00 -2.569423615932464600e-02 4.038229286670684814e-01 9.496879577636718750e-02 9.095316529273986816e-01
1403637208.638319016 1.236882114410400391e+01 -2.437017202377319336e+00 2.196518182754516602e+00 -2.599242329597473145e-02 4.045365154743194580e-01 9.293124079704284668e-02 9.094164967536926270e-01
1403637208.688318968 1.234020042419433594e+01 -2.424296379089355469e+00 2.162939071655273438e+00 -2.643456682562828064e-02 4.056348502635955811e-01 9.034238755702972412e-02 9.091754555702209473e-01
1403637208.738319159 1.230789470672607422e+01 -2.426569461822509766e+00 2.123808145523071289e+00 -2.575362659990787506e-02 4.062100946903228760e-01 8.897837996482849121e-02 9.090725779533386230e-01
1403637208.788318872 1.228504562377929688e+01 -2.409863710403442383e+00 2.088923454284667969e+00 -2.494936063885688782e-02 4.065261781215667725e-01 8.792858570814132690e-02 9.090559482574462891e-01
1403637208.838319063 1.225382041931152344e+01 -2.379912614822387695e+00 2.055487155914306641e+00 -2.489493973553180695e-02 4.069616794586181641e-01 8.693383634090423584e-02 9.089581966400146484e-01
1403637208.888319016 1.221619224548339844e+01 -2.350031614303588867e+00 2.022231578826904297e+00 -2.620871737599372864e-02 4.077344536781311035e-01 8.508355915546417236e-02 9.087499976158142090e-01
1403637208.938319206 1.218340301513671875e+01 -2.312361955642700195e+00 1.993306636810302734e+00 -2.821662835776805878e-02 4.092896282672882080e-01 8.039877563714981079e-02 9.084172844886779785e-01
1403637208.988318920 1.216180515289306641e+01 -2.271848917007446289e+00 1.958559513092041016e+00 -3.135644644498825073e-02 4.112584590911865234e-01 7.461713999509811401e-02 9.079182744026184082e-01
1403637209.038319111 1.213282299041748047e+01 -2.228557825088500977e+00 1.934274911880493164e+00 -3.431618958711624146e-02 4.132100045680999756e-01 6.878847628831863403e-02 9.073853492736816406e-01
1403637209.088319063 1.209049415588378906e+01 -2.173290967941284180e+00 1.913717269897460938e+00 -3.689255565404891968e-02 4.142806231975555420e-01 6.322683393955230713e-02 9.072005748748779297e-01
1403637209.138319016 1.204722976684570312e+01 -2.129981279373168945e+00 1.887817859649658203e+00 -3.731961548328399658e-02 4.127900004386901855e-01 5.941259488463401794e-02 9.081199765205383301e-01
1403637209.188318968 1.199048233032226562e+01 -2.085536479949951172e+00 1.879723072052001953e+00 -3.796195611357688904e-02 4.075294137001037598e-01 6.079903990030288696e-02 9.103747606277465820e-01
1403637209.238319159 1.193556976318359375e+01 -2.061130285263061523e+00 1.866758823394775391e+00 -3.715053200721740723e-02 3.995563983917236328e-01 6.534969061613082886e-02 9.136213660240173340e-01
1403637209.288318872 1.187984466552734375e+01 -2.045025348663330078e+00 1.847278594970703125e+00 -3.920660540461540222e-02 3.907161056995391846e-01 6.951013207435607910e-02 9.170452952384948730e-01
1403637209.338319063 1.181244659423828125e+01 -2.027437210083007812e+00 1.842417955398559570e+00 -4.118055477738380432e-02 3.827179968357086182e-01 7.220870256423950195e-02 9.201179146766662598e-01
1403637209.388319016 1.175494956970214844e+01 -2.020273208618164062e+00 1.829356431961059570e+00 -4.460060596466064453e-02 3.758282065391540527e-01 7.375961542129516602e-02 9.226719737052917480e-01
1403637209.438319206 1.169137382507324219e+01 -2.018803834915161133e+00 1.823729753494262695e+00 -4.869854822754859924e-02 3.701403439044952393e-01 7.476533204317092896e-02 9.246808886528015137e-01
1403637209.488318920 1.162192058563232422e+01 -2.026237726211547852e+00 1.815991401672363281e+00 -5.540290474891662598e-02 3.648281395435333252e-01 7.609601318836212158e-02 9.263046979904174805e-01
1403637209.538319111 1.155525970458984375e+01 -2.031978368759155273e+00 1.812609434127807617e+00 -6.387093663215637207e-02 3.601236641407012939e-01 7.702704519033432007e-02 9.275226593017578125e-01
1403637209.588319063 1.149620056152343750e+01 -2.051364660263061523e+00 1.811596155166625977e+00 -7.334744930267333984e-02 3.559304773807525635e-01 7.841615378856658936e-02 9.283235669136047363e-01
1403637209.638319016 1.143992614746093750e+01 -2.071689605712890625e+00 1.819075584411621094e+00 -8.156003057956695557e-02 3.520571589469909668e-01 8.013064414262771606e-02 9.289686679840087891e-01
1403637209.688318968 1.139766407012939453e+01 -2.108313560485839844e+00 1.829901933670043945e+00 -8.749380707740783691e-02 3.487626612186431885e-01 8.160468190908432007e-02 9.295429587364196777e-01
1403637209.738319159 1.135719394683837891e+01 -2.157664537429809570e+00 1.856638431549072266e+00 -9.188862144947052002e-02 3.463354408740997314e-01 8.295691013336181641e-02 9.299067258834838867e-01
1403637209.788318872 1.132117080688476562e+01 -2.208583831787109375e+00 1.890647172927856445e+00 -9.465461224317550659e-02 3.449339866638183594e-01 8.337953686714172363e-02 9.301123619079589844e-01
1403637209.838319063 1.129647254943847656e+01 -2.271122217178344727e+00 1.927684783935546875e+00 -9.730921685695648193e-02 3.439642786979675293e-01 8.402667194604873657e-02 9.301392436027526855e-01
1403637209.888319016 1.127059650421142578e+01 -2.322067499160766602e+00 1.981724262237548828e+00 -9.958142787218093872e-02 3.427738845348358154e-01 8.622160553932189941e-02 9.301373362541198730e-01
1403637209.938319206 1.126689815521240234e+01 -2.371019124984741211e+00 2.047040700912475586e+00 -1.032043248414993286e-01 3.420180976390838623e-01 8.799030631780624390e-02 9.298549890518188477e-01
1403637209.988318920 1.126822566986083984e+01 -2.405977249145507812e+00 2.124363899230957031e+00 -1.082071736454963684e-01 3.413721323013305664e-01 8.926532417535781860e-02 9.294019937515258789e-01
1403637210.038319111 1.125452232360839844e+01 -2.432547569274902344e+00 2.215540647506713867e+00 -1.143480762839317322e-01 3.409589827060699463e-01 9.108697623014450073e-02 9.286413192749023438e-01
1403637210.088319063 1.125806427001953125e+01 -2.434856891632080078e+00 2.327427625656127930e+00 -1.202727481722831726e-01 3.408891856670379639e-01 9.271222352981567383e-02 9.277572631835937500e-01
1403637210.138319016 1.128669738769531250e+01 -2.436996698379516602e+00 2.454458475112915039e+00 -1.256261467933654785e-01 3.401280343532562256e-01 9.562467783689498901e-02 9.270312786102294922e-01
1403637210.188318968 1.132322311401367188e+01 -2.419034242630004883e+00 2.589888095855712891e+00 -1.316789239645004272e-01 3.394860625267028809e-01 9.790366888046264648e-02 9.261882901191711426e-01
1403637210.238319159 1.135580730438232422e+01 -2.400370359420776367e+00 2.750140190124511719e+00 -1.367346346378326416e-01 3.390756249427795410e-01 9.996914118528366089e-02 9.253850579261779785e-01
1403637210.288318872 1.142150402069091797e+01 -2.389069080352783203e+00 2.920054674148559570e+00 -1.411153823137283325e-01 3.386007249355316162e-01 1.009485125541687012e-01 9.247947931289672852e-01
1403637210.338319063 1.149378967285156250e+01 -2.381454944610595703e+00 3.109778404235839844e+00 -1.433728486299514771e-01 3.381088972091674805e-01 1.022867336869239807e-01 9.244804382324218750e-01
1403637210.388319016 1.157573127746582031e+01 -2.379615783691406250e+00 3.319508790969848633e+00 -1.453496664762496948e-01 3.379073441028594971e-01 1.030251309275627136e-01 9.241634011268615723e-01
1403637210.438319206 1.167079257965087891e+01 -2.382201910018920898e+00 3.544813871383666992e+00 -1.436163932085037231e-01 3.379952311515808105e-01 1.023647561669349670e-01 9.244756102561950684e-01
1403637210.488318920 1.177613162994384766e+01 -2.396001338958740234e+00 3.792927026748657227e+00 -1.381051689386367798e-01 3.388886749744415283e-01 9.947638958692550659e-02 9.253031611442565918e-01
1403637210.538319111 1.190518093109130859e+01 -2.415646553039550781e+00 4.052286624908447266e+00 -1.302632242441177368e-01 3.395219445228576660e-01 9.639257192611694336e-02 9.265338182449340820e-01
1403637210.588319063 1.204438209533691406e+01 -2.436714887619018555e+00 4.324497699737548828e+00 -1.228622049093246460e-01 3.397352695465087891e-01 9.463952481746673584e-02 9.276466369628906250e-01
1403637210.638319016 1.219446182250976562e+01 -2.465242624282836914e+00 4.609188079833984375e+00 -1.151850670576095581e-01 3.397032618522644043e-01 9.336415678262710571e-02 9.287719130516052246e-01
1403637210.688318968 1.234632587432861328e+01 -2.491315603256225586e+00 4.908562660217285156e+00 -1.093350201845169067e-01 3.396773636341094971e-01 9.180105477571487427e-02 9.296439290046691895e-01
1403637210.738319159 1.250400161743164062e+01 -2.515192031860351562e+00 5.213710784912109375e+00 -1.051802337169647217e-01 3.390631377696990967e-01 9.168010205030441284e-02 9.303591251373291016e-01
1403637210.788318872 1.267901611328125000e+01 -2.542639732360839844e+00 5.530853748321533203e+00 -9.986085444688796997e-02 3.371201157569885254e-01 9.562455117702484131e-02 9.312538504600524902e-01
1403637210.838319063 1.285579872131347656e+01 -2.567878007888793945e+00 5.860689163208007812e+00 -9.469643235206604004e-02 3.357623219490051270e-01 9.884279221296310425e-02 9.319476485252380371e-01
1403637210.888319016 1.303314685821533203e+01 -2.590098619461059570e+00 6.196634292602539062e+00 -8.884147554636001587e-02 3.344947695732116699e-01 1.029040738940238953e-01 9.325402379035949707e-01
1403637210.938319206 1.322754573822021484e+01 -2.612975120544433594e+00 6.541189193725585938e+00 -8.026052266359329224e-02 3.332502841949462891e-01 1.062606275081634521e-01 9.333869218826293945e-01
1403637210.988318920 1.342741680145263672e+01 -2.634603023529052734e+00 6.885470867156982422e+00 -7.147696614265441895e-02 3.327943682670593262e-01 1.078653037548065186e-01 9.340792298316955566e-01
1403637211.038319111 1.363486766815185547e+01 -2.655473947525024414e+00 7.234354496002197266e+00 -6.275572627782821655e-02 3.327775001525878906e-01 1.089982241392135620e-01 9.345802664756774902e-01
1403637211.088319063 1.385240650177001953e+01 -2.672321319580078125e+00 7.583425521850585938e+00 -5.478725954890251160e-02 3.327050805091857910e-01 1.109828427433967590e-01 9.348735213279724121e-01
1403637211.138319016 1.407311058044433594e+01 -2.683929443359375000e+00 7.930869102478027344e+00 -5.130380019545555115e-02 3.339890539646148682e-01 1.093140020966529846e-01 9.348100423812866211e-01
1403637211.188318968 1.430345153808593750e+01 -2.690372467041015625e+00 8.277358055114746094e+00 -4.928988218307495117e-02 3.365628123283386230e-01 1.040771380066871643e-01 9.345929622650146484e-01
1403637211.238319159 1.453548431396484375e+01 -2.694031238555908203e+00 8.621925354003906250e+00 -4.589769616723060608e-02 3.391333818435668945e-01 9.902080148458480835e-02 9.343857765197753906e-01
1403637211.288318872 1.477481079101562500e+01 -2.690051555633544922e+00 8.967299461364746094e+00 -4.165809601545333862e-02 3.423747122287750244e-01 9.336893260478973389e-02 9.339841604232788086e-01
1403637211.338319063 1.501688861846923828e+01 -2.695749998092651367e+00 9.306286811828613281e+00 -3.713697195053100586e-02 3.453324735164642334e-01 8.886416256427764893e-02 9.335253238677978516e-01
1403637211.388319016 1.526098060607910156e+01 -2.691432952880859375e+00 9.647300720214843750e+00 -3.285055607557296753e-02 3.474630713462829590e-01 8.572256565093994141e-02 9.331891536712646484e-01
1403637211.438319206 1.549625587463378906e+01 -2.677538156509399414e+00 9.985200881958007812e+00 -3.076973371207714081e-02 3.491336405277252197e-01 8.377671986818313599e-02 9.328132271766662598e-01
1403637211.488318920 1.573328590393066406e+01 -2.659134387969970703e+00 1.031987094879150391e+01 -2.945272997021675110e-02 3.500831723213195801e-01 8.319100737571716309e-02 9.325522184371948242e-01
1403637211.538319111 1.597227478027343750e+01 -2.640482902526855469e+00 1.064977169036865234e+01 -3.123241476714611053e-02 3.499738574028015137e-01 8.501467853784561157e-02 9.323709011077880859e-01
1403637211.588319063 1.620969963073730469e+01 -2.630648612976074219e+00 1.097244167327880859e+01 -3.396636620163917542e-02 3.499348163604736328e-01 8.686322718858718872e-02 9.321194291114807129e-01
1403637211.638319016 1.644157028198242188e+01 -2.627783775329589844e+00 1.129417800903320312e+01 -3.613311052322387695e-02 3.494601547718048096e-01 8.891850709915161133e-02 9.320222735404968262e-01
1403637211.688318968 1.668379211425781250e+01 -2.629531145095825195e+00 1.160267448425292969e+01 -3.733755275607109070e-02 3.485716879367828369e-01 9.131786227226257324e-02 9.320755004882812500e-01
1403637211.738319159 1.692291069030761719e+01 -2.636225223541259766e+00 1.191141414642333984e+01 -4.200457781553268433e-02 3.469691872596740723e-01 9.635809063911437988e-02 9.319673776626586914e-01
1403637211.788318872 1.715617561340332031e+01 -2.658113002777099609e+00 1.221564388275146484e+01 -4.601329565048217773e-02 3.449592888355255127e-01 1.026439890265464783e-01 9.318530559539794922e-01
1403637211.838319063 1.739894104003906250e+01 -2.681759834289550781e+00 1.251817989349365234e+01 -4.875738546252250671e-02 3.427331149578094482e-01 1.096794679760932922e-01 9.317334890365600586e-01
1403637211.888319016 1.764718055725097656e+01 -2.713952064514160156e+00 1.281468868255615234e+01 -5.165259912610054016e-02 3.420167267322540283e-01 1.126818656921386719e-01 9.314824342727661133e-01
1403637211.938319206 1.790691375732421875e+01 -2.757318496704101562e+00 1.310660171508789062e+01 -5.330336093902587891e-02 3.424483537673950195e-01 1.120943725109100342e-01 9.313016533851623535e-01
1403637211.988318920 1.816777229309082031e+01 -2.810768604278564453e+00 1.339627170562744141e+01 -5.270489305257797241e-02 3.436852693557739258e-01 1.086703538894653320e-01 9.312859177589416504e-01
1403637212.038319111 1.843359947204589844e+01 -2.870895385742187500e+00 1.368125724792480469e+01 -4.989384487271308899e-02 3.462378084659576416e-01 1.025312542915344238e-01 9.311913847923278809e-01
1403637212.088319063 1.870990753173828125e+01 -2.938947439193725586e+00 1.396411037445068359e+01 -4.345421865582466125e-02 3.484606146812438965e-01 9.645308554172515869e-02 9.313344359397888184e-01
1403637212.138319016 1.898852920532226562e+01 -3.013320446014404297e+00 1.422766304016113281e+01 -3.595391660928726196e-02 3.500410318374633789e-01 9.117988497018814087e-02 9.315927028656005859e-01
1403637212.188318968 1.925936508178710938e+01 -3.092886924743652344e+00 1.450332164764404297e+01 -2.987398393452167511e-02 3.521310687065124512e-01 8.618056774139404297e-02 9.314957261085510254e-01
1403637212.238319159 1.953318023681640625e+01 -3.174757957458496094e+00 1.477141857147216797e+01 -2.479079179465770721e-02 3.533269464969635010e-01 8.330368250608444214e-02 9.314537048339843750e-01
1403637212.288318872 1.980079841613769531e+01 -3.267179965972900391e+00 1.502803516387939453e+01 -2.225460298359394073e-02 3.543287515640258789e-01 8.087373524904251099e-02 9.313513636589050293e-01
1403637212.338319063 2.006963920593261719e+01 -3.366544008255004883e+00 1.528443717956542969e+01 -1.945686340332031250e-02 3.552185893058776855e-01 7.961403578519821167e-02 9.311835169792175293e-01
1403637212.388319016 2.033386421203613281e+01 -3.465947628021240234e+00 1.553229713439941406e+01 -1.806243695318698883e-02 3.560847342014312744e-01 7.896679639816284180e-02 9.309359192848205566e-01
1403637212.438319206 2.059177398681640625e+01 -3.573095560073852539e+00 1.577468872070312500e+01 -1.755777187645435333e-02 3.572440147399902344e-01 7.791200280189514160e-02 9.305902123451232910e-01
1403637212.488318920 2.084608078002929688e+01 -3.679646968841552734e+00 1.600862121582031250e+01 -2.006111666560173035e-02 3.577298521995544434e-01 7.857169210910797119e-02 9.302975535392761230e-01
1403637212.538319111 2.110625648498535156e+01 -3.789885044097900391e+00 1.623227882385253906e+01 -2.414707839488983154e-02 3.581838011741638184e-01 7.963106781244277954e-02 9.299356341361999512e-01
1403637212.588319063 2.135566329956054688e+01 -3.906085729598999023e+00 1.645352554321289062e+01 -2.844084799289703369e-02 3.583911657333374023e-01 8.181895315647125244e-02 9.295443296432495117e-01
1403637212.638319016 2.160037040710449219e+01 -4.016858577728271484e+00 1.667531967163085938e+01 -3.389431163668632507e-02 3.589548170566558838e-01 8.321371674537658691e-02 9.290199875831604004e-01
1403637212.688318968 2.184740066528320312e+01 -4.133529663085937500e+00 1.689159202575683594e+01 -3.839447349309921265e-02 3.587773442268371582e-01 8.487246185541152954e-02 9.287633895874023438e-01
1403637212.738319159 2.208948707580566406e+01 -4.242802619934082031e+00 1.710691833496093750e+01 -4.200892895460128784e-02 3.594073653221130371e-01 8.442759513854980469e-02 9.284037947654724121e-01
1403637212.788318872 2.233268547058105469e+01 -4.365688323974609375e+00 1.732471466064453125e+01 -4.386082664132118225e-02 3.598456680774688721e-01 8.335959911346435547e-02 9.282448887825012207e-01
1403637212.838319063 2.257487106323242188e+01 -4.486900329589843750e+00 1.753472900390625000e+01 -4.716409370303153992e-02 3.601662814617156982e-01 8.289655297994613647e-02 9.280000329017639160e-01
1403637212.888319016 2.282031059265136719e+01 -4.610520839691162109e+00 1.775272178649902344e+01 -4.841613024473190308e-02 3.606525659561157227e-01 8.115635812282562256e-02 9.279004931449890137e-01
1403637212.938319206 2.306068038940429688e+01 -4.735523700714111328e+00 1.796242141723632812e+01 -4.947813227772712708e-02 3.611524105072021484e-01 7.858493924140930176e-02 9.278714060783386230e-01
1403637212.988318920 2.329266929626464844e+01 -4.864228248596191406e+00 1.817612266540527344e+01 -5.027981847524642944e-02 3.612343668937683105e-01 7.658001035451889038e-02 9.279640316963195801e-01
1403637213.038319111 2.355136489868164062e+01 -4.992978096008300781e+00 1.839359474182128906e+01 -5.065472796559333801e-02 3.602868914604187012e-01 7.642325758934020996e-02 9.283248186111450195e-01
1403637213.088319063 2.379092788696289062e+01 -5.119879722595214844e+00 1.861359786987304688e+01 -4.990114644169807434e-02 3.589765429496765137e-01 7.782056182622909546e-02 9.287571310997009277e-01
1403637213.138319016 2.402687263488769531e+01 -5.241838455200195312e+00 1.882958221435546875e+01 -5.030198022723197937e-02 3.573547005653381348e-01 7.960392534732818604e-02 9.292096495628356934e-01
1403637213.188318968 2.426441001892089844e+01 -5.358679771423339844e+00 1.905144500732421875e+01 -4.988222941756248474e-02 3.558254241943359375e-01 8.147587627172470093e-02 9.296568036079406738e-01
1403637213.238319159 2.449991226196289062e+01 -5.457674503326416016e+00 1.927740097045898438e+01 -4.896333813667297363e-02 3.549077808856964111e-01 8.205132186412811279e-02 9.300057888031005859e-01
1403637213.288318872 2.473900413513183594e+01 -5.563274383544921875e+00 1.950788879394531250e+01 -4.895275831222534180e-02 3.540052175521850586e-01 8.291285485029220581e-02 9.302738904953002930e-01
1403637213.338319063 2.498275375366210938e+01 -5.656185626983642578e+00 1.973711395263671875e+01 -4.761105403304100037e-02 3.538485467433929443e-01 8.252227306365966797e-02 9.304378032684326172e-01
1403637213.388319016 2.522169303894042969e+01 -5.751292705535888672e+00 1.997130775451660156e+01 -4.639021307229995728e-02 3.539239168167114258e-01 8.132922649383544922e-02 9.305758476257324219e-01
1403637213.438319206 2.545673751831054688e+01 -5.834746837615966797e+00 2.021720695495605469e+01 -4.397290572524070740e-02 3.541550636291503906e-01 8.027984201908111572e-02 9.306963682174682617e-01
1403637213.488318920 2.570075607299804688e+01 -5.917640686035156250e+00 2.044991493225097656e+01 -4.237748309969902039e-02 3.546344339847564697e-01 7.887623459100723267e-02 9.307079315185546875e-01
1403637213.538319111 2.593532180786132812e+01 -5.990186214447021484e+00 2.068578338623046875e+01 -4.093908891081809998e-02 3.551022708415985107e-01 7.686808705329895020e-02 9.307619333267211914e-01
1403637213.588319063 2.617763328552246094e+01 -6.062976837158203125e+00 2.091436004638671875e+01 -4.120803251862525940e-02 3.573134243488311768e-01 6.939084082841873169e-02 9.304912686347961426e-01
1403637213.638319016 2.640802192687988281e+01 -6.120174407958984375e+00 2.115130424499511719e+01 -4.242199659347534180e-02 3.590299487113952637e-01 6.361965835094451904e-02 9.301884174346923828e-01
1403637213.688318968 2.663368797302246094e+01 -6.178447723388671875e+00 2.138956069946289062e+01 -4.582016170024871826e-02 3.605774044990539551e-01 5.799026787281036377e-02 9.297965764999389648e-01
1403637213.738319159 2.686358261108398438e+01 -6.238826751708984375e+00 2.162836265563964844e+01 -4.770646244287490845e-02 3.616646528244018555e-01 5.386919155716896057e-02 9.295272827148437500e-01
1403637213.788318872 2.708364868164062500e+01 -6.291716575622558594e+00 2.187227630615234375e+01 -5.106313899159431458e-02 3.620900809764862061e-01 5.180736631155014038e-02 9.293004870414733887e-01
1403637213.838319063 2.730226516723632812e+01 -6.343885421752929688e+00 2.212508392333984375e+01 -5.259818583726882935e-02 3.620374500751495361e-01 5.001541972160339355e-02 9.293335676193237305e-01
1403637213.888319016 2.751139259338378906e+01 -6.382251739501953125e+00 2.237785148620605469e+01 -5.369111895561218262e-02 3.621167838573455811e-01 4.834041371941566467e-02 9.293287992477416992e-01
1403637213.938319206 2.771694374084472656e+01 -6.422317504882812500e+00 2.263574028015136719e+01 -5.519844219088554382e-02 3.619393408298492432e-01 4.805652052164077759e-02 9.293243288993835449e-01
1403637213.988318920 2.791719436645507812e+01 -6.462488651275634766e+00 2.289485168457031250e+01 -5.274366959929466248e-02 3.617231845855712891e-01 4.597759991884231567e-02 9.296561479568481445e-01
1403637214.038319111 2.810290145874023438e+01 -6.514450073242187500e+00 2.315983200073242188e+01 -4.893299937248229980e-02 3.597236871719360352e-01 4.508722946047782898e-02 9.306834340095520020e-01
1403637214.088319063 2.828283691406250000e+01 -6.570415019989013672e+00 2.342871475219726562e+01 -4.362022131681442261e-02 3.556877374649047852e-01 4.559598490595817566e-02 9.324722886085510254e-01
1403637214.138319016 2.845648765563964844e+01 -6.639060974121093750e+00 2.368145370483398438e+01 -3.869010508060455322e-02 3.497716784477233887e-01 4.870934411883354187e-02 9.347674846649169922e-01
1403637214.188318968 2.862721824645996094e+01 -6.718897819519042969e+00 2.395843124389648438e+01 -3.402864933013916016e-02 3.432687222957611084e-01 5.001967400312423706e-02 9.372869133949279785e-01
1403637214.238319159 2.878630447387695312e+01 -6.805530548095703125e+00 2.421556091308593750e+01 -3.066208027303218842e-02 3.363792896270751953e-01 4.933298379182815552e-02 9.399335384368896484e-01
1403637214.288318872 2.893496322631835938e+01 -6.882796287536621094e+00 2.447476387023925781e+01 -2.728195488452911377e-02 3.290147483348846436e-01 4.600578173995018005e-02 9.428088665008544922e-01
1403637214.338319063 2.907513427734375000e+01 -6.976387977600097656e+00 2.472880935668945312e+01 -2.376106195151805878e-02 3.203565478324890137e-01 4.171549901366233826e-02 9.460797905921936035e-01
1403637214.388319016 2.920962905883789062e+01 -7.070849895477294922e+00 2.497649192810058594e+01 -2.069881372153759003e-02 3.113681972026824951e-01 3.388708084821701050e-02 9.494593739509582520e-01
1403637214.438319206 2.933101081848144531e+01 -7.167851924896240234e+00 2.522747611999511719e+01 -1.984563283622264862e-02 3.017603158950805664e-01 2.392673492431640625e-02 9.528769254684448242e-01
1403637214.488318920 2.944123649597167969e+01 -7.284575939178466797e+00 2.548230552673339844e+01 -1.964971050620079041e-02 2.911998927593231201e-01 1.370601449161767960e-02 9.563622474670410156e-01
1403637214.538319111 2.954737091064453125e+01 -7.392915248870849609e+00 2.571885299682617188e+01 -1.918783038854598999e-02 2.804456353187561035e-01 2.905356464907526970e-03 9.596737623214721680e-01
1403637214.588319063 2.963430595397949219e+01 -7.504396915435791016e+00 2.595331954956054688e+01 -1.926553808152675629e-02 2.710060477256774902e-01 -7.851351052522659302e-03 9.623528718948364258e-01
1403637214.638319016 2.969721984863281250e+01 -7.616580963134765625e+00 2.619001197814941406e+01 -1.804349198937416077e-02 2.628483176231384277e-01 -1.886095106601715088e-02 9.644840359687805176e-01
1403637214.688318968 2.975753593444824219e+01 -7.738025188446044922e+00 2.641025733947753906e+01 -1.684788241982460022e-02 2.557350099086761475e-01 -2.883174270391464233e-02 9.661700725555419922e-01
1403637214.738319159 2.980029487609863281e+01 -7.856386184692382812e+00 2.663273239135742188e+01 -1.633957959711551666e-02 2.503215670585632324e-01 -3.873880580067634583e-02 9.672494530677795410e-01
1403637214.788318872 2.981881332397460938e+01 -7.986615657806396484e+00 2.685938644409179688e+01 -1.470850873738527298e-02 2.452052384614944458e-01 -4.502819851040840149e-02 9.683132767677307129e-01
1403637214.838319063 2.982802200317382812e+01 -8.120091438293457031e+00 2.706909561157226562e+01 -1.417201571166515350e-02 2.405585199594497681e-01 -4.803035408258438110e-02 9.693419933319091797e-01
1403637214.888319016 2.979944229125976562e+01 -8.248489379882812500e+00 2.729764366149902344e+01 -1.396470516920089722e-02 2.373031973838806152e-01 -4.940935969352722168e-02 9.700778126716613770e-01
1403637214.938319206 2.977240371704101562e+01 -8.368517875671386719e+00 2.750727462768554688e+01 -1.315619517117738724e-02 2.345421016216278076e-01 -5.020275712013244629e-02 9.707196354866027832e-01
1403637214.988318920 2.972463607788085938e+01 -8.475827217102050781e+00 2.771501922607421875e+01 -1.126763503998517990e-02 2.326549589633941650e-01 -5.043552443385124207e-02 9.711853861808776855e-01
1403637215.038319111 2.966229248046875000e+01 -8.592013359069824219e+00 2.792621994018554688e+01 -9.797136299312114716e-03 2.310849130153656006e-01 -4.986708983778953552e-02 9.716054201126098633e-01
1403637215.088319063 2.959050750732421875e+01 -8.687855720520019531e+00 2.813144683837890625e+01 -7.167942356318235397e-03 2.304994165897369385e-01 -5.020111054182052612e-02 9.717502593994140625e-01
1403637215.138319016 2.950091552734375000e+01 -8.778538703918457031e+00 2.833155822753906250e+01 -4.627689719200134277e-03 2.302078604698181152e-01 -5.023835599422454834e-02 9.718328118324279785e-01
1403637215.188318968 2.939755249023437500e+01 -8.859198570251464844e+00 2.853266716003417969e+01 -1.983033260330557823e-03 2.300089597702026367e-01 -4.922650009393692017e-02 9.719406962394714355e-01
1403637215.238319159 2.926843452453613281e+01 -8.931202888488769531e+00 2.873879623413085938e+01 8.050652104429900646e-04 2.287958711385726929e-01 -4.572401195764541626e-02 9.723997116088867188e-01
1403637215.288318872 2.913598632812500000e+01 -8.994931221008300781e+00 2.892709350585937500e+01 2.946457359939813614e-03 2.259409874677658081e-01 -4.269339889287948608e-02 9.732005596160888672e-01
1403637215.338319063 2.897842788696289062e+01 -9.055484771728515625e+00 2.910609245300292969e+01 6.761716678738594055e-03 2.211651206016540527e-01 -3.894143924117088318e-02 9.744351506233215332e-01
1403637215.388319016 2.877362823486328125e+01 -9.107008934020996094e+00 2.931340980529785156e+01 1.134957186877727509e-02 2.159304171800613403e-01 -3.645094484090805054e-02 9.756621122360229492e-01
1403637215.438319206 2.858523941040039062e+01 -9.156580924987792969e+00 2.947734832763671875e+01 1.830336079001426697e-02 2.073426395654678345e-01 -3.214849531650543213e-02 9.775686860084533691e-01
1403637215.488318920 2.838387870788574219e+01 -9.203000068664550781e+00 2.963716888427734375e+01 2.571344748139381409e-02 1.977132409811019897e-01 -2.984918653964996338e-02 9.794678688049316406e-01
1403637215.538319111 2.816782188415527344e+01 -9.253268241882324219e+00 2.977878189086914062e+01 3.071523271501064301e-02 1.874305158853530884e-01 -2.926896885037422180e-02 9.813612103462219238e-01
1403637215.588319063 2.793657112121582031e+01 -9.300233840942382812e+00 2.990777778625488281e+01 3.255129978060722351e-02 1.764561086893081665e-01 -2.943492867052555084e-02 9.833297133445739746e-01
1403637215.638319016 2.767990303039550781e+01 -9.341201782226562500e+00 3.002792358398437500e+01 3.254093974828720093e-02 1.640262752771377563e-01 -2.992324717342853546e-02 9.854649305343627930e-01
1403637215.688318968 2.743363380432128906e+01 -9.389893531799316406e+00 3.011851310729980469e+01 3.026451729238033295e-02 1.510281860828399658e-01 -3.329899907112121582e-02 9.875048398971557617e-01
1403637215.738319159 2.716926765441894531e+01 -9.427413940429687500e+00 3.019667243957519531e+01 2.326079457998275757e-02 1.374043971300125122e-01 -3.549142554402351379e-02 9.896057248115539551e-01
1403637215.788318872 2.689845275878906250e+01 -9.476395606994628906e+00 3.026289367675781250e+01 1.487838476896286011e-02 1.231408491730690002e-01 -3.701908886432647705e-02 9.915868639945983887e-01
1403637215.838319063 2.660760116577148438e+01 -9.514475822448730469e+00 3.031586074829101562e+01 6.884196773171424866e-03 1.092176064848899841e-01 -3.877819702029228210e-02 9.932373166084289551e-01
1403637215.888319016 2.631579017639160156e+01 -9.567502975463867188e+00 3.035586166381835938e+01 6.224704557098448277e-04 9.554749727249145508e-02 -3.979583829641342163e-02 9.946289062500000000e-01
1403637215.938319206 2.602499961853027344e+01 -9.621541976928710938e+00 3.037697029113769531e+01 -4.334189929068088531e-03 8.305992186069488525e-02 -3.939969092607498169e-02 9.957559704780578613e-01
1403637215.988318920 2.573203849792480469e+01 -9.683389663696289062e+00 3.039432144165039062e+01 -9.375191293656826019e-03 7.180685549974441528e-02 -3.889016062021255493e-02 9.966160655021667480e-01
1403637216.038319111 2.542222213745117188e+01 -9.744852066040039062e+00 3.039898490905761719e+01 -1.143297366797924042e-02 6.034768000245094299e-02 -3.738848865032196045e-02 9.974114894866943359e-01
1403637216.088319063 2.512858009338378906e+01 -9.807650566101074219e+00 3.039670181274414062e+01 -1.389639731496572495e-02 4.893704876303672791e-02 -3.689039871096611023e-02 9.980236291885375977e-01
1403637216.138319016 2.482568931579589844e+01 -9.866876602172851562e+00 3.038959693908691406e+01 -1.536451186984777451e-02 3.835334628820419312e-02 -3.635536879301071167e-02 9.984844923019409180e-01
1403637216.188318968 2.453820991516113281e+01 -9.915946960449218750e+00 3.038031196594238281e+01 -1.505823992192745209e-02 2.919751778244972229e-02 -3.596872091293334961e-02 9.988127946853637695e-01
1403637216.238319159 2.423725128173828125e+01 -9.966978073120117188e+00 3.036730003356933594e+01 -1.573161408305168152e-02 2.190832421183586121e-02 -3.463917970657348633e-02 9.990358948707580566e-01
1403637216.288318872 2.393848991394042969e+01 -1.001852226257324219e+01 3.035140609741210938e+01 -1.453314535319805145e-02 1.599816977977752686e-02 -3.289739787578582764e-02 9.992250800132751465e-01
1403637216.338319063 2.365715408325195312e+01 -1.005584049224853516e+01 3.033103179931640625e+01 -1.289916224777698517e-02 1.183230895549058914e-02 -3.253494575619697571e-02 9.993173480033874512e-01
1403637216.388319016 2.338012886047363281e+01 -1.008483791351318359e+01 3.030995941162109375e+01 -9.352413006126880646e-03 8.612182922661304474e-03 -3.198706358671188354e-02 9.994074702262878418e-01
1403637216.438319206 2.310508346557617188e+01 -1.009666252136230469e+01 3.028082466125488281e+01 -4.276167601346969604e-03 6.570100784301757812e-03 -3.189299628138542175e-02 9.994606375694274902e-01
1403637216.488318920 2.283351898193359375e+01 -1.010560512542724609e+01 3.024465751647949219e+01 -3.512909170240163803e-04 5.524435080587863922e-03 -3.262095153331756592e-02 9.994524717330932617e-01
1403637216.538319111 2.257051467895507812e+01 -1.010967063903808594e+01 3.020235252380371094e+01 4.172235727310180664e-03 4.902189597487449646e-03 -3.220858424901962280e-02 9.994604587554931641e-01
1403637216.588319063 2.230392837524414062e+01 -1.009496593475341797e+01 3.014898300170898438e+01 6.744419224560260773e-03 3.932343330234289169e-03 -2.979442290961742401e-02 9.995256066322326660e-01
1403637216.638319016 2.204634475708007812e+01 -1.009095191955566406e+01 3.009212303161621094e+01 9.537260979413986206e-03 3.420803230255842209e-03 -2.722457423806190491e-02 9.995780587196350098e-01
1403637216.688318968 2.177798843383789062e+01 -1.007942485809326172e+01 3.002985000610351562e+01 1.400218065828084946e-02 3.346188226714730263e-03 -2.389603294432163239e-02 9.996107816696166992e-01
1403637216.738319159 2.153134536743164062e+01 -1.006136131286621094e+01 2.995429801940917969e+01 1.929975859820842743e-02 3.716528881341218948e-03 -2.196609601378440857e-02 9.995656013488769531e-01
1403637216.788318872 2.128253364562988281e+01 -1.003857421875000000e+01 2.986604690551757812e+01 2.404493279755115509e-02 4.959443584084510803e-03 -2.133066765964031219e-02 9.994710087776184082e-01
1403637216.838319063 2.104233169555664062e+01 -1.001168346405029297e+01 2.976164436340332031e+01 2.855824120342731476e-02 6.708910223096609116e-03 -2.226872742176055908e-02 9.993215799331665039e-01
1403637216.888319016 2.081937789916992188e+01 -9.990077972412109375e+00 2.963842010498046875e+01 3.226796537637710571e-02 8.488931693136692047e-03 -2.374792844057083130e-02 9.991610646247863770e-01
1403637216.938319206 2.058629035949707031e+01 -9.970993995666503906e+00 2.950791740417480469e+01 3.428051620721817017e-02 1.096875965595245361e-02 -2.562314458191394806e-02 9.990235567092895508e-01
1403637216.988318920 2.036203575134277344e+01 -9.940272331237792969e+00 2.934884071350097656e+01 3.314312174916267395e-02 1.291036140173673630e-02 -2.586952783167362213e-02 9.990323781967163086e-01
1403637217.038319111 2.013303947448730469e+01 -9.919624328613281250e+00 2.918123435974121094e+01 2.860694751143455505e-02 1.349794305860996246e-02 -2.264515683054924011e-02 9.992430806159973145e-01
1403637217.088319063 1.992687225341796875e+01 -9.903728485107421875e+00 2.899153709411621094e+01 2.242090739309787750e-02 1.257088035345077515e-02 -1.576752401888370514e-02 9.995452761650085449e-01
1403637217.138319016 1.971602058410644531e+01 -9.882041931152343750e+00 2.879432296752929688e+01 1.719159446656703949e-02 1.197611633688211441e-02 -9.085720404982566833e-03 9.997392296791076660e-01
1403637217.188318968 1.950644493103027344e+01 -9.843405723571777344e+00 2.858477401733398438e+01 1.405403297394514084e-02 1.102837640792131424e-02 -1.085845753550529480e-03 9.998399019241333008e-01
1403637217.238319159 1.929736518859863281e+01 -9.807102203369140625e+00 2.837583732604980469e+01 1.231375150382518768e-02 1.052706129848957062e-02 6.332968361675739288e-03 9.998487234115600586e-01
1403637217.288318872 1.911334800720214844e+01 -9.752692222595214844e+00 2.815423011779785156e+01 1.035864092409610748e-02 1.061392761766910553e-02 1.116920169442892075e-02 9.998276829719543457e-01
1403637217.338319063 1.893986701965332031e+01 -9.690451622009277344e+00 2.792518234252929688e+01 8.440533652901649475e-03 1.075049676001071930e-02 1.562845520675182343e-02 9.997844696044921875e-01
1403637217.388319016 1.877243614196777344e+01 -9.625337600708007812e+00 2.769599342346191406e+01 7.610598579049110413e-03 1.118505652993917465e-02 1.947808638215065002e-02 9.997187852859497070e-01
1403637217.438319206 1.861813354492187500e+01 -9.544704437255859375e+00 2.746184349060058594e+01 6.787181831896305084e-03 1.191461551934480667e-02 2.253187820315361023e-02 9.996521472930908203e-01
1403637217.488318920 1.847475814819335938e+01 -9.452560424804687500e+00 2.721558952331542969e+01 6.263470277190208435e-03 1.225714944303035736e-02 2.408219687640666962e-02 9.996152520179748535e-01
1403637217.538319111 1.834038162231445312e+01 -9.356925010681152344e+00 2.696640014648437500e+01 7.799720391631126404e-03 1.171091664582490921e-02 2.260058373212814331e-02 9.996455907821655273e-01
1403637217.588319063 1.821129035949707031e+01 -9.256443977355957031e+00 2.670860481262207031e+01 1.001565903425216675e-02 9.991611354053020477e-03 1.877122558653354645e-02 9.997237324714660645e-01
1403637217.638319016 1.810792732238769531e+01 -9.144768714904785156e+00 2.644410705566406250e+01 1.270041987299919128e-02 7.444773800671100616e-03 1.110902987420558929e-02 9.998299479484558105e-01
1403637217.688318968 1.800915718078613281e+01 -9.031734466552734375e+00 2.616668701171875000e+01 1.747911423444747925e-02 4.217946436256170273e-03 -1.870483276434242725e-03 9.998366236686706543e-01
1403637217.738319159 1.790957832336425781e+01 -8.918515205383300781e+00 2.588096237182617188e+01 2.127621881663799286e-02 -6.556533044204115868e-04 -1.694306358695030212e-02 9.996298551559448242e-01
1403637217.788318872 1.781910133361816406e+01 -8.804913520812988281e+00 2.557794570922851562e+01 2.503013052046298981e-02 -8.119156584143638611e-03 -3.158703818917274475e-02 9.991545677185058594e-01
1403637217.838319063 1.772607040405273438e+01 -8.692806243896484375e+00 2.526510047912597656e+01 2.374956943094730377e-02 -1.870147138833999634e-02 -4.189628735184669495e-02 9.986645579338073730e-01
1403637217.888319016 1.763183021545410156e+01 -8.587633132934570312e+00 2.493410491943359375e+01 2.340220101177692413e-02 -2.947332523763179779e-02 -5.221744999289512634e-02 9.979263544082641602e-01
1403637217.938319206 1.753731727600097656e+01 -8.486644744873046875e+00 2.459667778015136719e+01 2.076438441872596741e-02 -3.985941410064697266e-02 -5.828688293695449829e-02 9.972877502441406250e-01
1403637217.988318920 1.744285774230957031e+01 -8.384532928466796875e+00 2.424361991882324219e+01 1.780431345105171204e-02 -4.994076490402221680e-02 -6.291559338569641113e-02 9.966096282005310059e-01
1403637218.038319111 1.734607696533203125e+01 -8.292594909667968750e+00 2.386699104309082031e+01 1.502170041203498840e-02 -5.908795818686485291e-02 -6.538837403059005737e-02 9.959957003593444824e-01
1403637218.088319063 1.725411415100097656e+01 -8.201855659484863281e+00 2.349300575256347656e+01 1.017481181770563126e-02 -6.737292557954788208e-02 -6.630642712116241455e-02 9.954702258110046387e-01
1403637218.138319016 1.716172790527343750e+01 -8.103775978088378906e+00 2.311140060424804688e+01 7.734354585409164429e-03 -7.401599735021591187e-02 -6.798661500215530396e-02 9.949069023132324219e-01
1403637218.188318968 1.706530380249023438e+01 -8.000829696655273438e+00 2.272218132019042969e+01 5.050813313573598862e-03 -7.926078140735626221e-02 -6.920935958623886108e-02 9.944356679916381836e-01
1403637218.238319159 1.699160575866699219e+01 -7.892492294311523438e+00 2.233073997497558594e+01 2.761328825727105141e-03 -8.351248502731323242e-02 -7.082691043615341187e-02 9.939827322959899902e-01
1403637218.288318872 1.689885520935058594e+01 -7.779508590698242188e+00 2.193687057495117188e+01 1.645177835598587990e-03 -8.691442757844924927e-02 -7.145919650793075562e-02 9.936482310295104980e-01
1403637218.338319063 1.681004714965820312e+01 -7.649044036865234375e+00 2.154081535339355469e+01 1.817201264202594757e-03 -8.848296850919723511e-02 -7.424426823854446411e-02 9.933052659034729004e-01
1403637218.388319016 1.672816848754882812e+01 -7.518955707550048828e+00 2.113409614562988281e+01 1.801003585569560528e-03 -9.038922935724258423e-02 -7.381808757781982422e-02 9.931653738021850586e-01
1403637218.438319206 1.664886283874511719e+01 -7.383012771606445312e+00 2.073027038574218750e+01 1.578784314915537834e-03 -9.160982817411422729e-02 -7.344854623079299927e-02 9.930813312530517578e-01
1403637218.488318920 1.656771087646484375e+01 -7.243061065673828125e+00 2.031187438964843750e+01 2.746160142123699188e-03 -9.204567968845367432e-02 -7.418543845415115356e-02 9.929836988449096680e-01
1403637218.538319111 1.649156570434570312e+01 -7.105854988098144531e+00 1.988805961608886719e+01 2.353609539568424225e-03 -9.230937808752059937e-02 -7.479941099882125854e-02 9.929141998291015625e-01
1403637218.588319063 1.641260528564453125e+01 -6.971143245697021484e+00 1.946332931518554688e+01 2.377164550125598907e-03 -9.175679087638854980e-02 -7.523225992918014526e-02 9.929326772689819336e-01
1403637218.638319016 1.632974815368652344e+01 -6.833649158477783203e+00 1.902965545654296875e+01 -3.457638085819780827e-04 -9.097354114055633545e-02 -7.481480389833450317e-02 9.930390715599060059e-01
1403637218.688318968 1.625053596496582031e+01 -6.704863071441650391e+00 1.858907890319824219e+01 -2.748147817328572273e-03 -8.948690444231033325e-02 -7.650281488895416260e-02 9.930417537689208984e-01
1403637218.738319159 1.616651725769042969e+01 -6.583769321441650391e+00 1.813940429687500000e+01 -7.123564369976520538e-03 -8.905827999114990234e-02 -7.442782819271087646e-02 9.932162761688232422e-01
1403637218.788318872 1.608477592468261719e+01 -6.458213806152343750e+00 1.768704414367675781e+01 -8.939211256802082062e-03 -8.818311989307403564e-02 -7.332936674356460571e-02 9.933613538742065430e-01
1403637218.838319063 1.600248527526855469e+01 -6.318703651428222656e+00 1.723407745361328125e+01 -1.089464779943227768e-02 -8.576683700084686279e-02 -7.714743167161941528e-02 9.932641386985778809e-01
1403637218.888319016 1.591824054718017578e+01 -6.157269954681396484e+00 1.678218078613281250e+01 -1.267834100872278214e-02 -8.299421519041061401e-02 -8.173502981662750244e-02 9.931116700172424316e-01
1403637218.938319206 1.583564662933349609e+01 -5.984778404235839844e+00 1.634525108337402344e+01 -1.224032416939735413e-02 -8.093927800655364990e-02 -8.582353591918945312e-02 9.929417967796325684e-01
1403637218.988318920 1.575637626647949219e+01 -5.777113437652587891e+00 1.591061210632324219e+01 -1.264091767370700836e-02 -7.860302180051803589e-02 -9.049890935420989990e-02 9.927093386650085449e-01
1403637219.038319111 1.566810607910156250e+01 -5.568396091461181641e+00 1.546660423278808594e+01 -1.291319075971841812e-02 -7.687274366617202759e-02 -9.391099959611892700e-02 9.925243854522705078e-01
1403637219.088319063 1.557538318634033203e+01 -5.352653980255126953e+00 1.502131366729736328e+01 -1.293990015983581543e-02 -7.600114494562149048e-02 -9.542471170425415039e-02 9.924467802047729492e-01
1403637219.138319016 1.547456073760986328e+01 -5.147446155548095703e+00 1.457581233978271484e+01 -1.239617448300123215e-02 -7.554177939891815186e-02 -9.605913609266281128e-02 9.924275875091552734e-01
1403637219.188318968 1.536687469482421875e+01 -4.939345359802246094e+00 1.413477230072021484e+01 -1.303963176906108856e-02 -7.516346871852874756e-02 -9.585274755954742432e-02 9.924679994583129883e-01
1403637219.238319159 1.526062202453613281e+01 -4.744404792785644531e+00 1.368944168090820312e+01 -1.353404112160205841e-02 -7.515309751033782959e-02 -9.442713111639022827e-02 9.925987720489501953e-01
1403637219.288318872 1.514285469055175781e+01 -4.546771049499511719e+00 1.322989273071289062e+01 -1.497662626206874847e-02 -7.511800527572631836e-02 -9.313513338565826416e-02 9.927028417587280273e-01
1403637219.338319063 1.501151657104492188e+01 -4.366083621978759766e+00 1.276971054077148438e+01 -1.551013719290494919e-02 -7.525254040956497192e-02 -9.067535400390625000e-02 9.929121732711791992e-01
1403637219.388319016 1.488434696197509766e+01 -4.188531875610351562e+00 1.229926395416259766e+01 -1.805569231510162354e-02 -7.480099052190780640e-02 -9.003203362226486206e-02 9.929617643356323242e-01
1403637219.438319206 1.474968528747558594e+01 -4.023748397827148438e+00 1.182663631439208984e+01 -2.005460858345031738e-02 -7.498333603143692017e-02 -8.856903016567230225e-02 9.930412769317626953e-01
1403637219.488318920 1.460950469970703125e+01 -3.860086441040039062e+00 1.137129497528076172e+01 -2.889342978596687317e-02 -7.505401968955993652e-02 -8.632887899875640869e-02 9.930153489112854004e-01
1403637219.538319111 1.446807765960693359e+01 -3.700301170349121094e+00 1.089475822448730469e+01 -3.582940250635147095e-02 -7.476831227540969849e-02 -8.510597050189971924e-02 9.929164052009582520e-01
1403637219.588319063 1.431809806823730469e+01 -3.551272869110107422e+00 1.042282295227050781e+01 -4.468633979558944702e-02 -7.441385835409164429e-02 -8.354452252388000488e-02 9.927165508270263672e-01
1403637219.638319016 1.416589546203613281e+01 -3.408280611038208008e+00 9.950498580932617188e+00 -5.123338848352432251e-02 -7.417392730712890625e-02 -8.173588663339614868e-02 9.925687313079833984e-01
1403637219.688318968 1.401183032989501953e+01 -3.269279956817626953e+00 9.487455368041992188e+00 -5.674135684967041016e-02 -7.360071688890457153e-02 -8.109264075756072998e-02 9.923645257949829102e-01
1403637219.738319159 1.385858058929443359e+01 -3.148882389068603516e+00 9.019562721252441406e+00 -5.938678607344627380e-02 -7.337763160467147827e-02 -8.028285950422286987e-02 9.922921061515808105e-01
1403637219.788318872 1.369814586639404297e+01 -3.033185720443725586e+00 8.563570976257324219e+00 -6.220971047878265381e-02 -7.310144603252410889e-02 -7.906215637922286987e-02 9.922375679016113281e-01
1403637219.838319063 1.353029346466064453e+01 -2.926144838333129883e+00 8.117180824279785156e+00 -6.485114991664886475e-02 -7.245931774377822876e-02 -7.976087927818298340e-02 9.920595884323120117e-01
1403637219.888319016 1.335818767547607422e+01 -2.827883243560791016e+00 7.673806667327880859e+00 -6.796244531869888306e-02 -7.258950918912887573e-02 -7.889603823423385620e-02 9.919109344482421875e-01
1403637219.938319206 1.318264961242675781e+01 -2.742443084716796875e+00 7.237406253814697266e+00 -6.788276880979537964e-02 -7.263760268688201904e-02 -7.833813875913619995e-02 9.919571280479431152e-01
1403637219.988318920 1.300674819946289062e+01 -2.665992736816406250e+00 6.807968616485595703e+00 -6.790813803672790527e-02 -7.260115444660186768e-02 -7.830765843391418457e-02 9.919604659080505371e-01
1403637220.038319111 1.282425785064697266e+01 -2.597086668014526367e+00 6.384892940521240234e+00 -6.892372667789459229e-02 -7.274737954139709473e-02 -7.790927588939666748e-02 9.919110536575317383e-01
1403637220.088319063 1.263918209075927734e+01 -2.541490077972412109e+00 5.972517013549804688e+00 -6.980044394731521606e-02 -7.272242754697799683e-02 -7.716172188520431519e-02 9.919100403785705566e-01
1403637220.138319016 1.245099353790283203e+01 -2.492573261260986328e+00 5.564076423645019531e+00 -6.969899684190750122e-02 -7.186610996723175049e-02 -7.918719202280044556e-02 9.918199777603149414e-01
1403637220.188318968 1.225872039794921875e+01 -2.452893257141113281e+00 5.162330627441406250e+00 -7.045269012451171875e-02 -7.279567420482635498e-02 -7.701275497674942017e-02 9.918701052665710449e-01
1403637220.238319159 1.206799221038818359e+01 -2.425876140594482422e+00 4.769220829010009766e+00 -7.016648352146148682e-02 -7.338102906942367554e-02 -7.467759400606155396e-02 9.920258522033691406e-01
1403637220.288318872 1.186931133270263672e+01 -2.404602289199829102e+00 4.384099960327148438e+00 -6.850431114435195923e-02 -7.442093640565872192e-02 -7.005822658538818359e-02 9.924014210700988770e-01
1403637220.338319063 1.167357730865478516e+01 -2.401175260543823242e+00 4.004951477050781250e+00 -6.666173040866851807e-02 -7.577462494373321533e-02 -6.508477777242660522e-02 9.927630424499511719e-01
1403637220.388319016 1.147704792022705078e+01 -2.402988910675048828e+00 3.621429920196533203e+00 -6.441818922758102417e-02 -7.743088901042938232e-02 -5.849032849073410034e-02 9.931936860084533691e-01
1403637220.438319206 1.128464508056640625e+01 -2.410907983779907227e+00 3.259166002273559570e+00 -6.196286901831626892e-02 -7.830809801816940308e-02 -5.381521210074424744e-02 9.935454130172729492e-01
1403637220.488318920 1.108838272094726562e+01 -2.415352344512939453e+00 2.898244380950927734e+00 -6.060744076967239380e-02 -7.880103588104248047e-02 -5.041229724884033203e-02 9.937684535980224609e-01
1403637220.538319111 1.090597057342529297e+01 -2.412950992584228516e+00 2.545605182647705078e+00 -5.771685019135475159e-02 -7.959549874067306519e-02 -4.670929908752441406e-02 9.940581917762756348e-01
1403637220.588319063 1.072329330444335938e+01 -2.406488180160522461e+00 2.202910661697387695e+00 -5.543268471956253052e-02 -8.002967387437820435e-02 -4.330672696232795715e-02 9.943072795867919922e-01
1403637220.638319016 1.055181312561035156e+01 -2.387538909912109375e+00 1.866730332374572754e+00 -5.510005727410316467e-02 -7.956080138683319092e-02 -4.422625154256820679e-02 9.943229556083679199e-01
1403637220.688318968 1.037435626983642578e+01 -2.370302915573120117e+00 1.530278325080871582e+00 -5.611625686287879944e-02 -7.931636273860931396e-02 -4.385508596897125244e-02 9.943020939826965332e-01
1403637220.738319159 1.021069526672363281e+01 -2.343258857727050781e+00 1.206007599830627441e+00 -5.613160505890846252e-02 -7.869601249694824219e-02 -4.511255770921707153e-02 9.942942857742309570e-01
1403637220.788318872 1.004680919647216797e+01 -2.315975904464721680e+00 8.872942924499511719e-01 -5.725632235407829285e-02 -7.824825495481491089e-02 -4.547540098428726196e-02 9.942489862442016602e-01
1403637220.838319063 9.887594223022460938e+00 -2.287376880645751953e+00 5.869495868682861328e-01 -5.827952921390533447e-02 -7.812047749757766724e-02 -4.561291262507438660e-02 9.941931962966918945e-01
1403637220.888319016 9.734772682189941406e+00 -2.253858804702758789e+00 2.866109609603881836e-01 -5.902042612433433533e-02 -7.748757302761077881e-02 -4.646518826484680176e-02 9.941596388816833496e-01
1403637220.938319206 9.589740753173828125e+00 -2.206898212432861328e+00 -9.530141949653625488e-03 -6.006485968828201294e-02 -7.722888886928558350e-02 -4.631099477410316467e-02 9.941243529319763184e-01
1403637220.988318920 9.445565223693847656e+00 -2.163725376129150391e+00 -2.979732453823089600e-01 -6.119929254055023193e-02 -7.596320658922195435e-02 -4.605972766876220703e-02 9.941644072532653809e-01
1403637221.038319111 9.301038742065429688e+00 -2.114403009414672852e+00 -5.787708163261413574e-01 -6.409355998039245605e-02 -7.300088554620742798e-02 -4.666829481720924377e-02 9.941755533218383789e-01
1403637221.088319063 9.162421226501464844e+00 -2.059400796890258789e+00 -8.567631244659423828e-01 -6.555937975645065308e-02 -6.898635625839233398e-02 -4.560133814811706543e-02 9.944161176681518555e-01
1403637221.138319016 9.035996437072753906e+00 -1.998819708824157715e+00 -1.119224548339843750e+00 -6.839620321989059448e-02 -6.365982443094253540e-02 -4.476982727646827698e-02 9.946180582046508789e-01
1403637221.188318968 8.912215232849121094e+00 -1.937277793884277344e+00 -1.369207262992858887e+00 -7.018674165010452271e-02 -5.679519101977348328e-02 -4.417926445603370667e-02 9.949353933334350586e-01
1403637221.238319159 8.791831970214843750e+00 -1.873631000518798828e+00 -1.614304661750793457e+00 -7.137864828109741211e-02 -4.890022799372673035e-02 -4.301704838871955872e-02 9.953207373619079590e-01
1403637221.288318872 8.676582336425781250e+00 -1.802114486694335938e+00 -1.844522356986999512e+00 -7.180366665124893188e-02 -4.062017053365707397e-02 -4.184852540493011475e-02 9.957123398780822754e-01
1403637221.338319063 8.562300682067871094e+00 -1.735855460166931152e+00 -2.069662809371948242e+00 -7.182996720075607300e-02 -3.326842188835144043e-02 -3.933568671345710754e-02 9.960855245590209961e-01
1403637221.388319016 8.442450523376464844e+00 -1.662645816802978516e+00 -2.286328554153442383e+00 -7.232049107551574707e-02 -2.675838395953178406e-02 -3.736688196659088135e-02 9.963219761848449707e-01
1403637221.438319206 8.332507133483886719e+00 -1.590288877487182617e+00 -2.496141672134399414e+00 -7.084312289953231812e-02 -2.137543633580207825e-02 -3.492394834756851196e-02 9.966467022895812988e-01
1403637221.488318920 8.222722053527832031e+00 -1.503663659095764160e+00 -2.692078590393066406e+00 -7.147963345050811768e-02 -1.644770801067352295e-02 -3.335839882493019104e-02 9.967484474182128906e-01
1403637221.538319111 8.115571022033691406e+00 -1.427240490913391113e+00 -2.892103672027587891e+00 -7.227707654237747192e-02 -1.304981857538223267e-02 -3.010448068380355835e-02 9.968447685241699219e-01
1403637221.588319063 8.015198707580566406e+00 -1.338516950607299805e+00 -3.076200485229492188e+00 -7.286725193262100220e-02 -9.435492567718029022e-03 -2.878854051232337952e-02 9.968814253807067871e-01
1403637221.638319016 7.916630268096923828e+00 -1.248320460319519043e+00 -3.252545833587646484e+00 -7.298527657985687256e-02 -6.021893117576837540e-03 -2.813529781997203827e-02 9.969179630279541016e-01
1403637221.688318968 7.820890426635742188e+00 -1.162699818611145020e+00 -3.417530298233032227e+00 -7.438632845878601074e-02 -3.269209992140531540e-03 -2.666279673576354980e-02 9.968676567077636719e-01
1403637221.738319159 7.728611946105957031e+00 -1.069012761116027832e+00 -3.572599887847900391e+00 -7.442934066057205200e-02 -9.132112609222531319e-04 -2.542958781123161316e-02 9.969016313552856445e-01
1403637221.788318872 7.633187770843505859e+00 -9.753044247627258301e-01 -3.717698097229003906e+00 -7.462355494499206543e-02 1.134124817326664925e-03 -2.386324480175971985e-02 9.969255924224853516e-01
1403637221.838319063 7.553150177001953125e+00 -8.868954181671142578e-01 -3.860508680343627930e+00 -7.557996362447738647e-02 3.850291250273585320e-03 -2.247623167932033539e-02 9.968789815902709961e-01
1403637221.888319016 7.466958999633789062e+00 -7.902246117591857910e-01 -3.987553834915161133e+00 -7.625535130500793457e-02 7.599986623972654343e-03 -2.002777718007564545e-02 9.968582391738891602e-01
1403637221.938319206 7.395512104034423828e+00 -6.882506608963012695e-01 -4.118342399597167969e+00 -7.700318843126296997e-02 1.288995239883661270e-02 -1.655340194702148438e-02 9.968101382255554199e-01
1403637221.988318920 7.324251651763916016e+00 -5.846408605575561523e-01 -4.229211807250976562e+00 -7.711102813482284546e-02 2.057476714253425598e-02 -1.477470528334379196e-02 9.967007637023925781e-01
1403637222.038319111 7.265698909759521484e+00 -4.880534708499908447e-01 -4.324980735778808594e+00 -7.688695192337036133e-02 2.969597466289997101e-02 -1.161934155970811844e-02 9.965297579765319824e-01
1403637222.088319063 7.214833259582519531e+00 -3.799866139888763428e-01 -4.422808170318603516e+00 -7.759574800729751587e-02 4.037788137793540955e-02 -8.580002002418041229e-03 9.961299896240234375e-01
1403637222.138319016 7.164225101470947266e+00 -2.739109396934509277e-01 -4.508002758026123047e+00 -7.744722813367843628e-02 5.172243341803550720e-02 -4.861435852944850922e-03 9.956420660018920898e-01
1403637222.188318968 7.116745471954345703e+00 -1.727266460657119751e-01 -4.582939147949218750e+00 -7.715830951929092407e-02 6.391825526952743530e-02 -1.392173464410007000e-03 9.949669241905212402e-01
1403637222.238319159 7.077478408813476562e+00 -6.344574689865112305e-02 -4.643654823303222656e+00 -7.377897202968597412e-02 7.524894922971725464e-02 2.082022838294506073e-03 9.944294691085815430e-01
1403637222.288318872 7.032378196716308594e+00 4.688156396150588989e-02 -4.702074527740478516e+00 -7.013963907957077026e-02 8.555261045694351196e-02 3.618428716436028481e-03 9.938551783561706543e-01
1403637222.338319063 7.001922130584716797e+00 1.464336961507797241e-01 -4.761740684509277344e+00 -6.397151201963424683e-02 9.389613568782806396e-02 5.865720100700855255e-03 9.935073852539062500e-01
1403637222.388319016 6.963959693908691406e+00 2.542902529239654541e-01 -4.802421569824218750e+00 -5.719802528619766235e-02 1.014902666211128235e-01 7.941433228552341461e-03 9.931591749191284180e-01
1403637222.438319206 6.929280281066894531e+00 3.420886397361755371e-01 -4.851933002471923828e+00 -5.112099647521972656e-02 1.079115793108940125e-01 8.899199776351451874e-03 9.928054213523864746e-01
1403637222.488318920 6.895373821258544922e+00 4.360601603984832764e-01 -4.909101486206054688e+00 -4.574028775095939636e-02 1.134599074721336365e-01 9.090017527341842651e-03 9.924475550651550293e-01
1403637222.538319111 6.864617824554443359e+00 5.209223031997680664e-01 -4.959030151367187500e+00 -4.273740947246551514e-02 1.173278689384460449e-01 1.112514734268188477e-02 9.921109080314636230e-01
1403637222.588319063 6.837459087371826172e+00 5.973397493362426758e-01 -5.006218433380126953e+00 -4.129828140139579773e-02 1.206419914960861206e-01 1.207104045897722244e-02 9.917632341384887695e-01
1403637222.638319016 6.811403751373291016e+00 6.685336828231811523e-01 -5.057570457458496094e+00 -3.933155909180641174e-02 1.236475855112075806e-01 1.160633657127618790e-02 9.914785027503967285e-01
1403637222.688318968 6.785402774810791016e+00 7.283311486244201660e-01 -5.109577655792236328e+00 -4.000489041209220886e-02 1.257538944482803345e-01 1.091413851827383041e-02 9.911944866180419922e-01
1403637222.738319159 6.760009288787841797e+00 7.828028798103332520e-01 -5.161738395690917969e+00 -4.143547266721725464e-02 1.268133372068405151e-01 1.192174572497606277e-02 9.909891486167907715e-01
1403637222.788318872 6.733370304107666016e+00 8.295340538024902344e-01 -5.216205596923828125e+00 -4.500711709260940552e-02 1.277659386396408081e-01 1.186430267989635468e-02 9.907116293907165527e-01
1403637222.838319063 6.710001945495605469e+00 8.699362874031066895e-01 -5.274506568908691406e+00 -4.943324625492095947e-02 1.278664469718933105e-01 1.228090096265077591e-02 9.904825687408447266e-01
1403637222.888319016 6.686326503753662109e+00 8.957415223121643066e-01 -5.328469753265380859e+00 -5.499533936381340027e-02 1.275610774755477905e-01 1.314003299921751022e-02 9.902176856994628906e-01
1403637222.938319206 6.666666984558105469e+00 9.218448996543884277e-01 -5.382749557495117188e+00 -6.112631410360336304e-02 1.269544810056686401e-01 1.358469203114509583e-02 9.899300932884216309e-01
1403637222.988318920 6.648815155029296875e+00 9.285807013511657715e-01 -5.434134960174560547e+00 -6.600842624902725220e-02 1.264478862285614014e-01 1.349849253892898560e-02 9.896826148033142090e-01
1403637223.038319111 6.638547420501708984e+00 9.300335645675659180e-01 -5.484361171722412109e+00 -6.950201094150543213e-02 1.254711896181106567e-01 1.395052857697010040e-02 9.895614385604858398e-01
1403637223.088319063 6.623081684112548828e+00 9.230577945709228516e-01 -5.522797584533691406e+00 -7.209711521863937378e-02 1.246301904320716858e-01 1.365199964493513107e-02 9.894862174987792969e-01
1403637223.138319016 6.610027313232421875e+00 9.002057313919067383e-01 -5.555746078491210938e+00 -7.287182658910751343e-02 1.238956227898597717e-01 1.276340242475271225e-02 9.895336031913757324e-01
1403637223.188318968 6.605813026428222656e+00 8.653346896171569824e-01 -5.590776443481445312e+00 -7.253643870353698730e-02 1.227666363120079041e-01 1.222996227443218231e-02 9.897056818008422852e-01
1403637223.238319159 6.601836204528808594e+00 8.204157352447509766e-01 -5.619982242584228516e+00 -7.063060998916625977e-02 1.219236552715301514e-01 1.086143590509891510e-02 9.899637103080749512e-01
1403637223.288318872 6.598333835601806641e+00 7.669069170951843262e-01 -5.639507770538330078e+00 -6.665480136871337891e-02 1.210853755474090576e-01 9.067890234291553497e-03 9.903602004051208496e-01
1403637223.338319063 6.597271442413330078e+00 7.032912373542785645e-01 -5.656407356262207031e+00 -6.165502965450286865e-02 1.198960691690444946e-01 7.204401772469282150e-03 9.908439517021179199e-01
1403637223.388319016 6.596512794494628906e+00 6.274163722991943359e-01 -5.674251556396484375e+00 -5.766535550355911255e-02 1.189869865775108337e-01 4.822914488613605499e-03 9.912081956863403320e-01
1403637223.438319206 6.601212024688720703e+00 5.424860119819641113e-01 -5.693932533264160156e+00 -5.367492884397506714e-02 1.176901236176490784e-01 3.692908911034464836e-03 9.915918707847595215e-01
1403637223.488318920 6.602724552154541016e+00 4.530372619628906250e-01 -5.710722446441650391e+00 -5.076967552304267883e-02 1.166990846395492554e-01 2.201916649937629700e-03 9.918664097785949707e-01
1403637223.538319111 6.606615066528320312e+00 3.668685257434844971e-01 -5.717129707336425781e+00 -4.790516197681427002e-02 1.160017102956771851e-01 8.478885283693671227e-04 9.920927286148071289e-01
1403637223.588319063 6.605677127838134766e+00 2.861334085464477539e-01 -5.712998390197753906e+00 -4.555743560194969177e-02 1.155669167637825012e-01 -4.057819751324132085e-05 9.922544360160827637e-01
1403637223.638319016 6.610868453979492188e+00 2.080788165330886841e-01 -5.719546318054199219e+00 -4.382970929145812988e-02 1.152289435267448425e-01 -9.119476890191435814e-04 9.923711419105529785e-01
1403637223.688318968 6.608918190002441406e+00 1.324913054704666138e-01 -5.722587108612060547e+00 -4.292567819356918335e-02 1.148959770798683167e-01 -1.404398353770375252e-03 9.924486875534057617e-01
1403637223.738319159 6.615100860595703125e+00 6.999667733907699585e-02 -5.726051807403564453e+00 -4.252224043011665344e-02 1.147613376379013062e-01 -2.342207357287406921e-03 9.924798607826232910e-01
1403637223.788318872 6.622005939483642578e+00 1.300885528326034546e-02 -5.724093437194824219e+00 -4.140250757336616516e-02 1.143812462687492371e-01 -2.233581384643912315e-03 9.925713539123535156e-01
1403637223.838319063 6.627053260803222656e+00 -3.652087226510047913e-02 -5.718997478485107422e+00 -4.079713299870491028e-02 1.143275201320648193e-01 -2.705336548388004303e-03 9.926014542579650879e-01
1403637223.888319016 6.631315708160400391e+00 -8.040224760770797729e-02 -5.714457511901855469e+00 -3.982947766780853271e-02 1.144147291779518127e-01 -3.361209761351346970e-03 9.926286339759826660e-01
1403637223.938319206 6.635420799255371094e+00 -1.145671606063842773e-01 -5.704916954040527344e+00 -3.953044861555099487e-02 1.146956458687782288e-01 -4.769966937601566315e-03 9.926024675369262695e-01
1403637223.988318920 6.637499809265136719e+00 -1.449276357889175415e-01 -5.695006847381591797e+00 -3.912265226244926453e-02 1.146669611334800720e-01 -4.156993236392736435e-03 9.926246404647827148e-01
1403637224.038319111 6.642971515655517578e+00 -1.641168147325515747e-01 -5.684506416320800781e+00 -3.857024759054183960e-02 1.148180961608886719e-01 -3.981404937803745270e-03 9.926295280456542969e-01
1403637224.088319063 6.646193504333496094e+00 -1.769450157880783081e-01 -5.667305946350097656e+00 -3.891125693917274475e-02 1.147875934839248657e-01 -3.907477948814630508e-03 9.926200509071350098e-01
1403637224.138319016 6.653231143951416016e+00 -1.854874193668365479e-01 -5.654564380645751953e+00 -3.830372169613838196e-02 1.152245700359344482e-01 -5.089501384645700455e-03 9.925876855850219727e-01
1403637224.188318968 6.655246257781982422e+00 -1.911619007587432861e-01 -5.641477108001708984e+00 -3.800434619188308716e-02 1.152681112289428711e-01 -5.197883583605289459e-03 9.925935864448547363e-01
1403637224.238319159 6.651894092559814453e+00 -1.889350414276123047e-01 -5.624154567718505859e+00 -3.760471567511558533e-02 1.158376261591911316e-01 -6.168880965560674667e-03 9.925369620323181152e-01
1403637224.288318872 6.649891376495361328e+00 -1.767186522483825684e-01 -5.603546619415283203e+00 -3.665975481271743774e-02 1.161149963736534119e-01 -6.766498554497957230e-03 9.925360083580017090e-01
1403637224.338319063 6.650994777679443359e+00 -1.582595854997634888e-01 -5.584509849548339844e+00 -3.608448803424835205e-02 1.160076260566711426e-01 -6.619326770305633545e-03 9.925705790519714355e-01
1403637224.388319016 6.652146339416503906e+00 -1.341789662837982178e-01 -5.564355850219726562e+00 -3.623514622449874878e-02 1.162429228425025940e-01 -7.302439771592617035e-03 9.925327897071838379e-01
1403637224.438319206 6.651957988739013672e+00 -1.059316322207450867e-01 -5.540539264678955078e+00 -3.610125556588172913e-02 1.168848648667335510e-01 -8.454663679003715515e-03 9.924530982971191406e-01
1403637224.488318920 6.648908138275146484e+00 -6.995596736669540405e-02 -5.517841339111328125e+00 -3.586228191852569580e-02 1.169863566756248474e-01 -9.147967211902141571e-03 9.924437403678894043e-01
1403637224.538319111 6.644223690032958984e+00 -2.839731425046920776e-02 -5.490712642669677734e+00 -3.512699529528617859e-02 1.173450723290443420e-01 -9.845992550253868103e-03 9.924209117889404297e-01
1403637224.588319063 6.634894847869873047e+00 8.845672011375427246e-03 -5.469362258911132812e+00 -3.485981002449989319e-02 1.171749308705329895e-01 -9.067045524716377258e-03 9.924579262733459473e-01
1403637224.638319016 6.621343135833740234e+00 4.705560952425003052e-02 -5.446150302886962891e+00 -3.420164063572883606e-02 1.163303703069686890e-01 -6.491009145975112915e-03 9.926003217697143555e-01
1403637224.688318968 6.610424518585205078e+00 7.754812389612197876e-02 -5.428913593292236328e+00 -3.313800692558288574e-02 1.148599088191986084e-01 -2.038826933130621910e-03 9.928267598152160645e-01
1403637224.738319159 6.597134590148925781e+00 1.011653840541839600e-01 -5.419944286346435547e+00 -3.415574133396148682e-02 1.135017275810241699e-01 2.516379812732338905e-03 9.929473996162414551e-01
1403637224.788318872 6.582373142242431641e+00 1.152530461549758911e-01 -5.405824661254882812e+00 -3.465512767434120178e-02 1.130257472395896912e-01 3.884144127368927002e-03 9.929799437522888184e-01
1403637224.838319063 6.575267314910888672e+00 1.263215541839599609e-01 -5.398892402648925781e+00 -3.525597602128982544e-02 1.132453680038452148e-01 3.748671617358922958e-03 9.929342865943908691e-01
1403637224.888319016 6.570241451263427734e+00 1.394098699092864990e-01 -5.398206233978271484e+00 -3.410589694976806641e-02 1.140090674161911011e-01 1.257587573491036892e-03 9.928933382034301758e-01
1403637224.938319206 6.559710502624511719e+00 1.542813777923583984e-01 -5.385608196258544922e+00 -3.372751176357269287e-02 1.152999550104141235e-01 -2.147316001355648041e-03 9.927557110786437988e-01
1403637224.988318920 6.550096988677978516e+00 1.728925555944442749e-01 -5.381027698516845703e+00 -3.357354551553726196e-02 1.160741448402404785e-01 -4.466100130230188370e-03 9.926629662513732910e-01
1403637225.038319111 6.542407989501953125e+00 2.020311802625656128e-01 -5.372018337249755859e+00 -3.352065384387969971e-02 1.164652481675148010e-01 -5.936369765549898148e-03 9.926112294197082520e-01
1403637225.088319063 6.532660007476806641e+00 2.395561337471008301e-01 -5.363739967346191406e+00 -3.358745202422142029e-02 1.170773282647132874e-01 -7.635957095772027969e-03 9.925253391265869141e-01
1403637225.138319016 6.522683143615722656e+00 2.780280709266662598e-01 -5.356280326843261719e+00 -3.226685151457786560e-02 1.172322481870651245e-01 -9.055401198565959930e-03 9.925389289855957031e-01
1403637225.188318968 6.511475563049316406e+00 3.219694197177886963e-01 -5.351135730743408203e+00 -3.180272132158279419e-02 1.171219274401664734e-01 -9.408996440470218658e-03 9.925636053085327148e-01
1403637225.238319159 6.496552467346191406e+00 3.676160871982574463e-01 -5.346705913543701172e+00 -3.122520260512828827e-02 1.167773306369781494e-01 -1.002198737114667892e-02 9.926165938377380371e-01
1403637225.288318872 6.479121685028076172e+00 4.228807389736175537e-01 -5.341243267059326172e+00 -3.115925937891006470e-02 1.160265505313873291e-01 -9.397161193192005157e-03 9.927127957344055176e-01
1403637225.338319063 6.461389541625976562e+00 4.733757972717285156e-01 -5.337868213653564453e+00 -3.025628812611103058e-02 1.159377917647361755e-01 -1.028142310678958893e-02 9.927423000335693359e-01
1403637225.388319016 6.438862323760986328e+00 5.176698565483093262e-01 -5.334821701049804688e+00 -2.941828034818172455e-02 1.156395971775054932e-01 -1.068830955773591995e-02 9.927979707717895508e-01
1403637225.438319206 6.414350509643554688e+00 5.582738518714904785e-01 -5.336477756500244141e+00 -2.812686003744602203e-02 1.150777861475944519e-01 -1.125267427414655685e-02 9.928945302963256836e-01
1403637225.488318920 6.387617588043212891e+00 5.908464193344116211e-01 -5.345623016357421875e+00 -2.750708535313606262e-02 1.148020327091217041e-01 -1.157907117158174515e-02 9.929400086402893066e-01
1403637225.538319111 6.359858036041259766e+00 6.189736723899841309e-01 -5.355730056762695312e+00 -2.783127129077911377e-02 1.144875213503837585e-01 -1.247091591358184814e-02 9.929564595222473145e-01
1403637225.588319063 6.323984146118164062e+00 6.368817687034606934e-01 -5.377159595489501953e+00 -2.924357168376445770e-02 1.139485165476799011e-01 -1.241506822407245636e-02 9.929786324501037598e-01
1403637225.638319016 6.286279201507568359e+00 6.483361721038818359e-01 -5.394525051116943359e+00 -3.114886581897735596e-02 1.138071864843368530e-01 -1.315232645720243454e-02 9.929273724555969238e-01
1403637225.688318968 6.247530460357666016e+00 6.513952016830444336e-01 -5.419615268707275391e+00 -3.504213318228721619e-02 1.134057417511940002e-01 -1.226574182510375977e-02 9.928548336029052734e-01
1403637225.738319159 6.208454608917236328e+00 6.476213335990905762e-01 -5.450708389282226562e+00 -3.725440427660942078e-02 1.133634969592094421e-01 -1.291486341506242752e-02 9.927709102630615234e-01
1403637225.788318872 6.161236763000488281e+00 6.332604289054870605e-01 -5.478274822235107422e+00 -4.110889881849288940e-02 1.133994162082672119e-01 -1.275407988578081131e-02 9.926167726516723633e-01
1403637225.838319063 6.115149021148681641e+00 6.108645200729370117e-01 -5.513575553894042969e+00 -4.456569999456405640e-02 1.130808889865875244e-01 -1.159201096743345261e-02 9.925181865692138672e-01
1403637225.888319016 6.065079212188720703e+00 5.797594785690307617e-01 -5.537493228912353516e+00 -4.714931547641754150e-02 1.128726005554199219e-01 -1.159111782908439636e-02 9.924225211143493652e-01
1403637225.938319206 6.016063690185546875e+00 5.352826118469238281e-01 -5.573644161224365234e+00 -4.481128975749015808e-02 1.123878210783004761e-01 -1.185090001672506332e-02 9.925827383995056152e-01
1403637225.988318920 5.961858272552490234e+00 4.869088828563690186e-01 -5.599835872650146484e+00 -4.102510958909988403e-02 1.123520284891128540e-01 -1.220402773469686508e-02 9.927462339401245117e-01
1403637226.038319111 5.910253524780273438e+00 4.330865740776062012e-01 -5.634732246398925781e+00 -3.653508052229881287e-02 1.119765937328338623e-01 -1.247658114880323410e-02 9.929606318473815918e-01
1403637226.088319063 5.852449893951416016e+00 3.783769607543945312e-01 -5.670288562774658203e+00 -3.366141393780708313e-02 1.118996813893318176e-01 -1.287097297608852386e-02 9.930658340454101562e-01
1403637226.138319016 5.792712688446044922e+00 3.285827636718750000e-01 -5.701298713684082031e+00 -3.050068207085132599e-02 1.118343695998191833e-01 -1.281351596117019653e-02 9.931760430335998535e-01
1403637226.188318968 5.731722354888916016e+00 2.924465835094451904e-01 -5.736653327941894531e+00 -2.901863493025302887e-02 1.119357571005821228e-01 -1.292979624122381210e-02 9.932075142860412598e-01
1403637226.238319159 5.670434951782226562e+00 2.615544795989990234e-01 -5.767812728881835938e+00 -2.770323306322097778e-02 1.119277849793434143e-01 -1.313929259777069092e-02 9.932432770729064941e-01
1403637226.288318872 5.613223075866699219e+00 2.371149659156799316e-01 -5.806645870208740234e+00 -2.894326113164424896e-02 1.121376827359199524e-01 -1.394421141594648361e-02 9.931732416152954102e-01
1403637226.338319063 5.549177169799804688e+00 2.190533727407455444e-01 -5.842902660369873047e+00 -3.269057720899581909e-02 1.122987270355224609e-01 -1.403252594172954559e-02 9.930374622344970703e-01
1403637226.388319016 5.481759548187255859e+00 2.105549275875091553e-01 -5.869369029998779297e+00 -3.760021924972534180e-02 1.126047149300575256e-01 -1.446604169905185699e-02 9.928228855133056641e-01
1403637226.438319206 5.414360046386718750e+00 2.080597728490829468e-01 -5.903379917144775391e+00 -4.479416459798812866e-02 1.129228249192237854e-01 -1.432253513485193253e-02 9.924902319908142090e-01
1403637226.488318920 5.343910694122314453e+00 2.005493044853210449e-01 -5.933236122131347656e+00 -5.053791403770446777e-02 1.128223240375518799e-01 -1.347081083804368973e-02 9.922376871109008789e-01
1403637226.538319111 5.276961326599121094e+00 1.975207328796386719e-01 -5.962834835052490234e+00 -5.444256216287612915e-02 1.128975450992584229e-01 -1.391792111098766327e-02 9.920163750648498535e-01
1403637226.588319063 5.205038547515869141e+00 1.996164619922637939e-01 -5.997261524200439453e+00 -5.803294479846954346e-02 1.131423115730285645e-01 -1.478963810950517654e-02 9.917722940444946289e-01
1403637226.638319016 5.134019374847412109e+00 2.025948762893676758e-01 -6.016363143920898438e+00 -5.975647643208503723e-02 1.131326034665107727e-01 -1.481079589575529099e-02 9.916707873344421387e-01
1403637226.688318968 5.060270786285400391e+00 2.086203992366790771e-01 -6.031822204589843750e+00 -6.066234037280082703e-02 1.130534484982490540e-01 -1.418501324951648712e-02 9.916339516639709473e-01
1403637226.738319159 4.980943202972412109e+00 2.199717760086059570e-01 -6.037235260009765625e+00 -6.160849705338478088e-02 1.126879453659057617e-01 -1.289225742220878601e-02 9.916348457336425781e-01
1403637226.788318872 4.903069496154785156e+00 2.305174767971038818e-01 -6.036966800689697266e+00 -6.211073324084281921e-02 1.121530979871749878e-01 -1.240333262830972672e-02 9.916704297065734863e-01
1403637226.838319063 4.831843376159667969e+00 2.491435408592224121e-01 -6.036814212799072266e+00 -6.150798499584197998e-02 1.120573356747627258e-01 -1.228872500360012054e-02 9.917201995849609375e-01
1403637226.888319016 4.749428749084472656e+00 2.665695548057556152e-01 -6.026392459869384766e+00 -6.102476641535758972e-02 1.115386262536048889e-01 -1.004901062697172165e-02 9.918338060379028320e-01
1403637226.938319206 4.674236774444580078e+00 2.840397655963897705e-01 -6.022679805755615234e+00 -5.985162034630775452e-02 1.106536984443664551e-01 -6.057309452444314957e-03 9.920367598533630371e-01
1403637226.988318920 4.593224525451660156e+00 3.029741048812866211e-01 -6.008880615234375000e+00 -5.779413878917694092e-02 1.095273420214653015e-01 -1.042510499246418476e-03 9.923016428947448730e-01
1403637227.038319111 4.516115188598632812e+00 3.196258246898651123e-01 -5.991255760192871094e+00 -5.512145906686782837e-02 1.074354201555252075e-01 6.810228805989027023e-03 9.926595091819763184e-01
1403637227.088319063 4.444919586181640625e+00 3.339796662330627441e-01 -5.972396850585937500e+00 -5.215022340416908264e-02 1.055234000086784363e-01 1.435062102973461151e-02 9.929447174072265625e-01
1403637227.138319016 4.376847743988037109e+00 3.439507484436035156e-01 -5.954337120056152344e+00 -4.920542240142822266e-02 1.039562374353408813e-01 2.148852869868278503e-02 9.931315183639526367e-01
1403637227.188318968 4.315396785736083984e+00 3.478897511959075928e-01 -5.932012557983398438e+00 -4.810107126832008362e-02 1.037426516413688660e-01 2.379607595503330231e-02 9.931553602218627930e-01
1403637227.238319159 4.260327339172363281e+00 3.406198024749755859e-01 -5.915013313293457031e+00 -4.702046886086463928e-02 1.039990559220314026e-01 2.434369176626205444e-02 9.931670427322387695e-01
1403637227.288318872 4.210313320159912109e+00 3.292582035064697266e-01 -5.899199485778808594e+00 -4.675834998488426208e-02 1.060229316353797913e-01 1.974289864301681519e-02 9.930675029754638672e-01
1403637227.338319063 4.166172981262207031e+00 3.118398785591125488e-01 -5.879199028015136719e+00 -4.744748771190643311e-02 1.080469265580177307e-01 1.566312462091445923e-02 9.928894042968750000e-01
1403637227.388319016 4.132328987121582031e+00 2.869883775711059570e-01 -5.866384983062744141e+00 -4.760638624429702759e-02 1.100071072578430176e-01 1.157227810472249985e-02 9.927226305007934570e-01
1403637227.438319206 4.100207805633544922e+00 2.677486836910247803e-01 -5.845871448516845703e+00 -4.942742735147476196e-02 1.116183698177337646e-01 8.005053736269474030e-03 9.924889206886291504e-01
1403637227.488318920 4.070139884948730469e+00 2.513413131237030029e-01 -5.827990055084228516e+00 -5.015486851334571838e-02 1.126283556222915649e-01 6.447398103773593903e-03 9.923496246337890625e-01
1403637227.538319111 4.038430213928222656e+00 2.364527583122253418e-01 -5.810643672943115234e+00 -5.064908042550086975e-02 1.136026605963706970e-01 6.142118480056524277e-03 9.922153949737548828e-01
1403637227.588319063 4.008707523345947266e+00 2.280817031860351562e-01 -5.780766487121582031e+00 -5.155349150300025940e-02 1.138513982295989990e-01 7.606899831444025040e-03 9.921302199363708496e-01
1403637227.638319016 3.984163045883178711e+00 2.239674031734466553e-01 -5.751006603240966797e+00 -5.114692077040672302e-02 1.132778823375701904e-01 1.109733991324901581e-02 9.921839237213134766e-01
1403637227.688318968 3.957803964614868164e+00 2.255601286888122559e-01 -5.723255157470703125e+00 -5.203110724687576294e-02 1.131434142589569092e-01 1.371081173419952393e-02 9.921206831932067871e-01
1403637227.738319159 3.936600685119628906e+00 2.294320464134216309e-01 -5.691596984863281250e+00 -5.197111517190933228e-02 1.126465797424316406e-01 1.631220430135726929e-02 9.921410083770751953e-01
1403637227.788318872 3.916921138763427734e+00 2.396696209907531738e-01 -5.652525424957275391e+00 -5.198262631893157959e-02 1.122465804219245911e-01 1.895881630480289459e-02 9.921386837959289551e-01
1403637227.838319063 3.907953739166259766e+00 2.523154020309448242e-01 -5.615849494934082031e+00 -5.148497223854064941e-02 1.132992133498191833e-01 1.683817058801651001e-02 9.920831918716430664e-01
1403637227.888319016 3.903924465179443359e+00 2.669298946857452393e-01 -5.573783874511718750e+00 -4.728304222226142883e-02 1.138288825750350952e-01 1.483184657990932465e-02 9.922637939453125000e-01
1403637227.938319206 3.901979446411132812e+00 2.801461517810821533e-01 -5.532887458801269531e+00 -4.200260713696479797e-02 1.154437661170959473e-01 9.961244650185108185e-03 9.923756122589111328e-01
1403637227.988318920 3.901423454284667969e+00 3.042207956314086914e-01 -5.488615036010742188e+00 -3.739267960190773010e-02 1.163413226604461670e-01 5.938670597970485687e-03 9.924873709678649902e-01
1403637228.038319111 3.903522729873657227e+00 3.281798064708709717e-01 -5.444085121154785156e+00 -3.256184235215187073e-02 1.174690648913383484e-01 1.063115661963820457e-03 9.925420284271240234e-01
1403637228.088319063 3.902562856674194336e+00 3.564572930335998535e-01 -5.405318260192871094e+00 -3.019713982939720154e-02 1.176541298627853394e-01 -1.156569109298288822e-03 9.925947785377502441e-01
1403637228.138319016 3.896303415298461914e+00 3.846178352832794189e-01 -5.366620540618896484e+00 -2.671478316187858582e-02 1.171045452356338501e-01 -1.845829305239021778e-03 9.927585721015930176e-01
1403637228.188318968 3.893190383911132812e+00 4.093713164329528809e-01 -5.331750869750976562e+00 -2.547853998839855194e-02 1.166674122214317322e-01 -3.213658230379223824e-03 9.928389787673950195e-01
1403637228.238319159 3.890157699584960938e+00 4.319581985473632812e-01 -5.302188396453857422e+00 -2.332866936922073364e-02 1.157977133989334106e-01 -3.352422267198562622e-03 9.929931759834289551e-01
1403637228.288318872 3.886278390884399414e+00 4.498656392097473145e-01 -5.276484966278076172e+00 -2.277317643165588379e-02 1.155460104346275330e-01 -4.571764264255762100e-03 9.930304884910583496e-01
1403637228.338319063 3.874966144561767578e+00 4.574309587478637695e-01 -5.258341789245605469e+00 -2.153361588716506958e-02 1.149118766188621521e-01 -4.097433760762214661e-03 9.931338429450988770e-01
1403637228.388319016 3.864418983459472656e+00 4.625017046928405762e-01 -5.241121292114257812e+00 -2.229669690132141113e-02 1.152748167514801025e-01 -6.885367911309003830e-03 9.930595159530639648e-01
1403637228.438319206 3.855854988098144531e+00 4.595802128314971924e-01 -5.234025955200195312e+00 -2.154338732361793518e-02 1.150391772389411926e-01 -7.991923019289970398e-03 9.930952191352844238e-01
1403637228.488318920 3.843348503112792969e+00 4.493122994899749756e-01 -5.235451698303222656e+00 -2.084460295736789703e-02 1.154132187366485596e-01 -1.033369358628988266e-02 9.930450916290283203e-01
1403637228.538319111 3.831816673278808594e+00 4.342790246009826660e-01 -5.247011184692382812e+00 -2.006954327225685120e-02 1.154018118977546692e-01 -1.250411383807659149e-02 9.930374026298522949e-01
1403637228.588319063 3.812897205352783203e+00 4.141782820224761963e-01 -5.253281593322753906e+00 -1.954046264290809631e-02 1.158901751041412354e-01 -1.473326981067657471e-02 9.929605722427368164e-01
1403637228.638319016 3.793277025222778320e+00 3.894214332103729248e-01 -5.273242950439453125e+00 -1.989191025495529175e-02 1.158332675695419312e-01 -1.602977886795997620e-02 9.929401278495788574e-01
1403637228.688318968 3.761283874511718750e+00 3.637766540050506592e-01 -5.295931816101074219e+00 -2.318469248712062836e-02 1.158916875720024109e-01 -1.538476720452308655e-02 9.928720593452453613e-01
1403637228.738319159 3.727262973785400391e+00 3.414375185966491699e-01 -5.319814205169677734e+00 -2.759674005210399628e-02 1.155145689845085144e-01 -1.310026831924915314e-02 9.928359389305114746e-01
1403637228.788318872 3.696859359741210938e+00 3.222118616104125977e-01 -5.347836017608642578e+00 -3.206833079457283020e-02 1.144176870584487915e-01 -9.126532822847366333e-03 9.928731322288513184e-01
1403637228.838319063 3.668773889541625977e+00 3.125289678573608398e-01 -5.360044956207275391e+00 -3.643149882555007935e-02 1.135734245181083679e-01 -5.555207841098308563e-03 9.928458929061889648e-01
1403637228.888319016 3.634105443954467773e+00 3.037965595722198486e-01 -5.383670330047607422e+00 -3.942986950278282166e-02 1.128311008214950562e-01 -2.008353127166628838e-03 9.928295016288757324e-01
1403637228.938319206 3.600110054016113281e+00 3.000203073024749756e-01 -5.407148838043212891e+00 -4.012583568692207336e-02 1.131839677691459656e-01 -1.891754451207816601e-03 9.927617311477661133e-01
1403637228.988318920 3.567886114120483398e+00 3.027821481227874756e-01 -5.428817749023437500e+00 -3.946518152952194214e-02 1.145264878869056702e-01 -4.891298711299896240e-03 9.926239252090454102e-01
1403637229.038319111 3.536033391952514648e+00 3.076308369636535645e-01 -5.451293945312500000e+00 -3.813484683632850647e-02 1.153856441378593445e-01 -7.507646456360816956e-03 9.925600886344909668e-01
1403637229.088319063 3.501709699630737305e+00 3.146097362041473389e-01 -5.469264984130859375e+00 -3.486293926835060120e-02 1.161615327000617981e-01 -9.772145189344882965e-03 9.925702214241027832e-01
1403637229.138319016 3.464828729629516602e+00 3.262040615081787109e-01 -5.490918636322021484e+00 -3.170688077807426453e-02 1.168636083602905273e-01 -1.205186080187559128e-02 9.925686120986938477e-01
1403637229.188318968 3.426908254623413086e+00 3.434438109397888184e-01 -5.511909484863281250e+00 -3.005160205066204071e-02 1.176246777176856995e-01 -1.440354716032743454e-02 9.924988150596618652e-01
1403637229.238319159 3.389434576034545898e+00 3.671970069408416748e-01 -5.533655643463134766e+00 -2.903115190565586090e-02 1.182045564055442810e-01 -1.531506236642599106e-02 9.924467206001281738e-01
1403637229.288318872 3.347166299819946289e+00 3.956629037857055664e-01 -5.550130367279052734e+00 -2.901444770395755768e-02 1.199197173118591309e-01 -1.578384824097156525e-02 9.922340512275695801e-01
1403637229.338319063 3.303472757339477539e+00 4.270724952220916748e-01 -5.570577621459960938e+00 -3.004017099738121033e-02 1.230174601078033447e-01 -1.527681387960910797e-02 9.918321371078491211e-01
1403637229.388319016 3.258033514022827148e+00 4.641278386116027832e-01 -5.590337753295898438e+00 -3.342737630009651184e-02 1.269988268613815308e-01 -1.021810155361890793e-02 9.912868142127990723e-01
1403637229.438319206 3.213461637496948242e+00 5.066851377487182617e-01 -5.617377281188964844e+00 -3.917728736996650696e-02 1.318837404251098633e-01 -1.875148969702422619e-03 9.904889464378356934e-01
1403637229.488318920 3.166806936264038086e+00 5.495390295982360840e-01 -5.630334377288818359e+00 -4.501101374626159668e-02 1.380202621221542358e-01 9.806645102798938751e-03 9.893575310707092285e-01
1403637229.538319111 3.127207994461059570e+00 5.978945493698120117e-01 -5.653813362121582031e+00 -4.993415996432304382e-02 1.452272236347198486e-01 2.314620092511177063e-02 9.878664016723632812e-01
1403637229.588319063 3.088355541229248047e+00 6.422208547592163086e-01 -5.673201084136962891e+00 -5.436676368117332458e-02 1.543631255626678467e-01 3.569377958774566650e-02 9.858713150024414062e-01
1403637229.638319016 3.059991359710693359e+00 6.916745901107788086e-01 -5.683242797851562500e+00 -5.746649578213691711e-02 1.652369797229766846e-01 4.806918650865554810e-02 9.834041595458984375e-01
1403637229.688318968 3.043116331100463867e+00 7.404513359069824219e-01 -5.696156501770019531e+00 -5.964202433824539185e-02 1.775177866220474243e-01 5.882566794753074646e-02 9.805456995964050293e-01
1403637229.738319159 3.031207561492919922e+00 7.924867868423461914e-01 -5.704474925994873047e+00 -6.058800593018531799e-02 1.919758319854736328e-01 6.507204473018646240e-02 9.773638248443603516e-01
1403637229.788318872 3.034133195877075195e+00 8.434480428695678711e-01 -5.710599899291992188e+00 -5.898317694664001465e-02 2.092446535825729370e-01 6.365399062633514404e-02 9.740050435066223145e-01
1403637229.838319063 3.043209314346313477e+00 8.976615667343139648e-01 -5.704171180725097656e+00 -5.488238483667373657e-02 2.273698151111602783e-01 6.048902869224548340e-02 9.703772068023681641e-01
1403637229.888319016 3.059142112731933594e+00 9.496755599975585938e-01 -5.700500488281250000e+00 -5.035442486405372620e-02 2.456747591495513916e-01 5.603057518601417542e-02 9.664207100868225098e-01
1403637229.938319206 3.080421447753906250e+00 1.003490328788757324e+00 -5.699061870574951172e+00 -4.625678807497024536e-02 2.635463476181030273e-01 5.294017866253852844e-02 9.620816111564636230e-01
1403637229.988318920 3.103563785552978516e+00 1.056557297706604004e+00 -5.695107460021972656e+00 -4.164190590381622314e-02 2.806579470634460449e-01 5.139939114451408386e-02 9.575255513191223145e-01
1403637230.038319111 3.124459743499755859e+00 1.113381147384643555e+00 -5.691695213317871094e+00 -4.108994454145431519e-02 2.964071035385131836e-01 5.297185853123664856e-02 9.527059197425842285e-01
1403637230.088319063 3.141853332519531250e+00 1.165027141571044922e+00 -5.687877655029296875e+00 -4.209867492318153381e-02 3.101629018783569336e-01 5.926125496625900269e-02 9.479001760482788086e-01
1403637230.138319016 3.158976554870605469e+00 1.210191607475280762e+00 -5.680509567260742188e+00 -4.522256553173065186e-02 3.225751519203186035e-01 6.691322475671768188e-02 9.430921673774719238e-01
1403637230.188318968 3.174556493759155273e+00 1.246596932411193848e+00 -5.672066688537597656e+00 -4.796634614467620850e-02 3.342510759830474854e-01 7.304412871599197388e-02 9.384242296218872070e-01
1403637230.238319159 3.187043190002441406e+00 1.273458480834960938e+00 -5.664291381835937500e+00 -5.002931505441665649e-02 3.443397581577301025e-01 7.730836421251296997e-02 9.343183040618896484e-01
1403637230.288318872 3.202284336090087891e+00 1.291801452636718750e+00 -5.659029960632324219e+00 -5.200550705194473267e-02 3.530595898628234863e-01 7.923918962478637695e-02 9.307875633239746094e-01
1403637230.338319063 3.218432664871215820e+00 1.296638607978820801e+00 -5.650373458862304688e+00 -5.199981108307838440e-02 3.600084781646728516e-01 7.979537546634674072e-02 9.280746579170227051e-01
1403637230.388319016 3.233180999755859375e+00 1.292330265045166016e+00 -5.641746044158935547e+00 -4.924979805946350098e-02 3.653375208377838135e-01 8.079200237989425659e-02 9.260537624359130859e-01
1403637230.438319206 3.247406005859375000e+00 1.276124954223632812e+00 -5.635779857635498047e+00 -4.430247098207473755e-02 3.704454600811004639e-01 7.910007238388061523e-02 9.244191050529479980e-01
1403637230.488318920 3.261315822601318359e+00 1.252723217010498047e+00 -5.630620956420898438e+00 -3.802801668643951416e-02 3.742983639240264893e-01 7.669240236282348633e-02 9.233487844467163086e-01
1403637230.538319111 3.274836540222167969e+00 1.220665335655212402e+00 -5.620265007019042969e+00 -3.162150084972381592e-02 3.778956532478332520e-01 7.488764077425003052e-02 9.222726821899414062e-01
1403637230.588319063 3.283423900604248047e+00 1.184864163398742676e+00 -5.614392757415771484e+00 -2.480729855597019196e-02 3.826160132884979248e-01 7.269563525915145874e-02 9.207089543342590332e-01
1403637230.638319016 3.292010068893432617e+00 1.142231106758117676e+00 -5.616455078125000000e+00 -1.855614595115184784e-02 3.877406716346740723e-01 7.466533780097961426e-02 9.185521602630615234e-01
1403637230.688318968 3.296465635299682617e+00 1.097592234611511230e+00 -5.612964630126953125e+00 -1.493186131119728088e-02 3.940316140651702881e-01 7.733638584613800049e-02 9.157156944274902344e-01
1403637230.738319159 3.294522762298583984e+00 1.048641324043273926e+00 -5.618720531463623047e+00 -1.430207397788763046e-02 4.007654786109924316e-01 8.352167904376983643e-02 9.122536182403564453e-01
1403637230.788318872 3.299135923385620117e+00 1.000409722328186035e+00 -5.625410556793212891e+00 -1.685283891856670380e-02 4.081221222877502441e-01 9.131693094968795776e-02 9.081924557685852051e-01
1403637230.838319063 3.297208070755004883e+00 9.505372643470764160e-01 -5.638368129730224609e+00 -2.205936796963214874e-02 4.160683751106262207e-01 1.023248508572578430e-01 9.032885432243347168e-01
1403637230.888319016 3.302471876144409180e+00 9.038566350936889648e-01 -5.651419639587402344e+00 -2.783752605319023132e-02 4.258616566658020020e-01 1.119490414857864380e-01 8.974042534828186035e-01
1403637230.938319206 3.310037612915039062e+00 8.651369214057922363e-01 -5.666357040405273438e+00 -3.280289471149444580e-02 4.366799592971801758e-01 1.221051588654518127e-01 8.906879425048828125e-01
1403637230.988318920 3.315418720245361328e+00 8.338196277618408203e-01 -5.681811332702636719e+00 -3.686548024415969849e-02 4.490112066268920898e-01 1.304439604282379150e-01 8.831841945648193359e-01
1403637231.038319111 3.334931373596191406e+00 8.112291097640991211e-01 -5.694746494293212891e+00 -3.995779901742935181e-02 4.627439379692077637e-01 1.380128711462020874e-01 8.747708201408386230e-01
1403637231.088319063 3.361207008361816406e+00 7.903045415878295898e-01 -5.713477134704589844e+00 -4.074710607528686523e-02 4.771154522895812988e-01 1.456658095121383667e-01 8.657262921333312988e-01
1403637231.138319016 3.396643400192260742e+00 7.759791612625122070e-01 -5.731917858123779297e+00 -4.151758179068565369e-02 4.927154183387756348e-01 1.521547138690948486e-01 8.557784557342529297e-01
1403637231.188318968 3.427800893783569336e+00 7.844821810722351074e-01 -5.737175941467285156e+00 -3.977554291486740112e-02 5.083344578742980957e-01 1.605001240968704224e-01 8.451353311538696289e-01
1403637231.238319159 3.475726127624511719e+00 8.062931895256042480e-01 -5.751163482666015625e+00 -3.749866411089897156e-02 5.248729586601257324e-01 1.677241921424865723e-01 8.336491584777832031e-01
1403637231.288318872 3.532700538635253906e+00 8.485602140426635742e-01 -5.756628513336181641e+00 -3.519500792026519775e-02 5.414965152740478516e-01 1.752038449048995972e-01 8.214904069900512695e-01
1403637231.338319063 3.591634750366210938e+00 9.147051572799682617e-01 -5.759161949157714844e+00 -3.152554482221603394e-02 5.587437152862548828e-01 1.817873567342758179e-01 8.085573911666870117e-01
1403637231.388319016 3.657954692840576172e+00 9.870249629020690918e-01 -5.761259078979492188e+00 -2.719310112297534943e-02 5.767305493354797363e-01 1.871893852949142456e-01 7.947342991828918457e-01
1403637231.438319206 3.735844612121582031e+00 1.081809759140014648e+00 -5.765303611755371094e+00 -2.275797724723815918e-02 5.943068265914916992e-01 1.933518648147583008e-01 7.803183197975158691e-01
1403637231.488318920 3.820455074310302734e+00 1.207667469978332520e+00 -5.774653434753417969e+00 -1.846538297832012177e-02 6.107881665229797363e-01 2.025707960128784180e-01 7.652202248573303223e-01
1403637231.538319111 3.892873287200927734e+00 1.332295417785644531e+00 -5.769721031188964844e+00 -1.534074358642101288e-02 6.273633837699890137e-01 2.121283262968063354e-01 7.491204142570495605e-01
1403637231.588319063 3.986845493316650391e+00 1.478611230850219727e+00 -5.770601272583007812e+00 -1.366926543414592743e-02 6.433273553848266602e-01 2.218430489301681519e-01 7.326177954673767090e-01
1403637231.638319016 4.078980922698974609e+00 1.631335973739624023e+00 -5.791302680969238281e+00 -1.296726427972316742e-02 6.596196889877319336e-01 2.282973676919937134e-01 7.159707546234130859e-01
1403637231.688318968 4.172840595245361328e+00 1.783106803894042969e+00 -5.813783168792724609e+00 -1.320481859147548676e-02 6.760432124137878418e-01 2.325886636972427368e-01 6.990664005279541016e-01
1403637231.738319159 4.284950733184814453e+00 1.937651634216308594e+00 -5.844916343688964844e+00 -1.081750821322202682e-02 6.908302903175354004e-01 2.372180372476577759e-01 6.829085946083068848e-01
1403637231.788318872 4.395798683166503906e+00 2.075915575027465820e+00 -5.881316661834716797e+00 -8.688475005328655243e-03 7.051807045936584473e-01 2.407419532537460327e-01 6.668493747711181641e-01
1403637231.838319063 4.510415554046630859e+00 2.222162961959838867e+00 -5.931695461273193359e+00 -7.621230557560920715e-03 7.177625894546508789e-01 2.450527101755142212e-01 6.516962647438049316e-01
1403637231.888319016 4.626768112182617188e+00 2.344008207321166992e+00 -5.991951942443847656e+00 -7.896852679550647736e-03 7.288916110992431641e-01 2.502670884132385254e-01 6.371979117393493652e-01
1403637231.938319206 4.747313499450683594e+00 2.464614152908325195e+00 -6.063849449157714844e+00 -6.197231356054544449e-03 7.386933565139770508e-01 2.557962536811828613e-01 6.235880255699157715e-01
1403637231.988318920 4.871811866760253906e+00 2.581599712371826172e+00 -6.137030601501464844e+00 -4.293236881494522095e-03 7.484082579612731934e-01 2.594015896320343018e-01 6.103913784027099609e-01
1403637232.038319111 4.998926162719726562e+00 2.675377130508422852e+00 -6.223609924316406250e+00 3.018810413777828217e-03 7.588595747947692871e-01 2.590495645999908447e-01 5.975085496902465820e-01
1403637232.088319063 5.132534503936767578e+00 2.760549306869506836e+00 -6.323808670043945312e+00 1.191947795450687408e-02 7.692880630493164062e-01 2.574104070663452148e-01 5.846312642097473145e-01
1403637232.138319016 5.261519908905029297e+00 2.849804878234863281e+00 -6.433819770812988281e+00 2.003047615289688110e-02 7.793074846267700195e-01 2.553586065769195557e-01 5.719010233879089355e-01
1403637232.188318968 5.379398822784423828e+00 2.938885688781738281e+00 -6.557147979736328125e+00 2.777811512351036072e-02 7.882103919982910156e-01 2.547841072082519531e-01 5.594978928565979004e-01
1403637232.238319159 5.493463039398193359e+00 3.007534027099609375e+00 -6.694267272949218750e+00 3.047577105462551117e-02 7.964818477630615234e-01 2.546163201332092285e-01 5.475934147834777832e-01
1403637232.288318872 5.609629631042480469e+00 3.077117919921875000e+00 -6.835300445556640625e+00 3.133348375558853149e-02 8.046742677688598633e-01 2.540343999862670898e-01 5.357090234756469727e-01
1403637232.338319063 5.713662624359130859e+00 3.154505729675292969e+00 -6.990211009979248047e+00 3.168846294283866882e-02 8.131424188613891602e-01 2.517531216144561768e-01 5.238470435142517090e-01
1403637232.388319016 5.806826114654541016e+00 3.212686777114868164e+00 -7.147706985473632812e+00 3.053542040288448334e-02 8.218453526496887207e-01 2.485935688018798828e-01 5.117021799087524414e-01
1403637232.438319206 5.890456676483154297e+00 3.260655641555786133e+00 -7.319124698638916016e+00 3.086677379906177521e-02 8.293727636337280273e-01 2.480497658252716064e-01 4.996593594551086426e-01
1403637232.488318920 5.995124816894531250e+00 3.322500944137573242e+00 -7.480179309844970703e+00 3.279899433255195618e-02 8.362991213798522949e-01 2.496800869703292847e-01 4.870194494724273682e-01
1403637232.538319111 6.074474334716796875e+00 3.361923694610595703e+00 -7.658307075500488281e+00 3.698827326297760010e-02 8.404780030250549316e-01 2.587820589542388916e-01 4.746161997318267822e-01
1403637232.588319063 6.139708518981933594e+00 3.405271530151367188e+00 -7.843426227569580078e+00 3.958942368626594543e-02 8.443891406059265137e-01 2.685792744159698486e-01 4.618495106697082520e-01
1403637232.638319016 6.208682060241699219e+00 3.445436954498291016e+00 -8.032245635986328125e+00 4.210273176431655884e-02 8.480849266052246094e-01 2.789140045642852783e-01 4.485380351543426514e-01
1403637232.688318968 6.265723228454589844e+00 3.482658147811889648e+00 -8.229125976562500000e+00 4.502053186297416687e-02 8.518379330635070801e-01 2.880301177501678467e-01 4.351827204227447510e-01
1403637232.738319159 6.314280986785888672e+00 3.526474475860595703e+00 -8.436391830444335938e+00 4.629190266132354736e-02 8.550919890403747559e-01 2.974433600902557373e-01 4.221399128437042236e-01
1403637232.788318872 6.358867645263671875e+00 3.559515237808227539e+00 -8.659230232238769531e+00 4.802544787526130676e-02 8.579468131065368652e-01 3.065425455570220947e-01 4.094538688659667969e-01
1403637232.838319063 6.393678665161132812e+00 3.578306674957275391e+00 -8.892992973327636719e+00 4.549566656351089478e-02 8.604432344436645508e-01 3.142955601215362549e-01 3.984795212745666504e-01
1403637232.888319016 6.431228637695312500e+00 3.615976572036743164e+00 -9.140869140625000000e+00 4.088860377669334412e-02 8.626963496208190918e-01 3.204708397388458252e-01 3.890779316425323486e-01
1403637232.938319206 6.453734397888183594e+00 3.623523712158203125e+00 -9.402903556823730469e+00 3.546188771724700928e-02 8.641011714935302734e-01 3.265904188156127930e-01 3.813270926475524902e-01
1403637232.988318920 6.491130352020263672e+00 3.652260065078735352e+00 -9.660776138305664062e+00 2.979302965104579926e-02 8.660147786140441895e-01 3.295139372348785400e-01 3.749018311500549316e-01
1403637233.038319111 6.523169040679931641e+00 3.679078340530395508e+00 -9.954068183898925781e+00 2.379141747951507568e-02 8.670908808708190918e-01 3.325608670711517334e-01 3.701225221157073975e-01
1403637233.088319063 6.560333728790283203e+00 3.691376686096191406e+00 -1.025458049774169922e+01 1.765206083655357361e-02 8.679056167602539062e-01 3.349758982658386230e-01 3.663596212863922119e-01
1403637233.138319016 6.595614433288574219e+00 3.713590145111083984e+00 -1.056273365020751953e+01 1.197957154363393784e-02 8.681094050407409668e-01 3.373841643333435059e-01 3.638880848884582520e-01
1403637233.188318968 6.637555122375488281e+00 3.744760990142822266e+00 -1.087896442413330078e+01 6.378972437232732773e-03 8.673039078712463379e-01 3.411431014537811279e-01 3.624426126480102539e-01
1403637233.238319159 6.692194461822509766e+00 3.783136367797851562e+00 -1.119812774658203125e+01 2.548733726143836975e-03 8.666281104087829590e-01 3.438916504383087158e-01 3.615078032016754150e-01
1403637233.288318872 6.748690605163574219e+00 3.826712608337402344e+00 -1.154096984863281250e+01 -2.091164467856287956e-03 8.654583692550659180e-01 3.468922078609466553e-01 3.614461123943328857e-01
1403637233.338319063 6.808298110961914062e+00 3.871487617492675781e+00 -1.189374542236328125e+01 -5.294318776577711105e-03 8.639048933982849121e-01 3.501807451248168945e-01 3.619583845138549805e-01
1403637233.388319016 6.882408142089843750e+00 3.946734905242919922e+00 -1.224893474578857422e+01 -8.607747033238410950e-03 8.621621727943420410e-01 3.534927070140838623e-01 3.628296554088592529e-01
1403637233.438319206 6.963261604309082031e+00 4.024576663970947266e+00 -1.262398624420166016e+01 -1.311532780528068542e-02 8.608971834182739258e-01 3.552674651145935059e-01 3.639630675315856934e-01
1403637233.488318920 7.059525012969970703e+00 4.110736370086669922e+00 -1.305925178527832031e+01 -2.156343869864940643e-02 8.611305356025695801e-01 3.524200022220611572e-01 3.657724559307098389e-01
1403637233.538319111 7.164846420288085938e+00 4.221211910247802734e+00 -1.344063663482666016e+01 -3.345466777682304382e-02 8.639473915100097656e-01 3.426133394241333008e-01 3.675485253334045410e-01
1403637233.588319063 7.280546188354492188e+00 4.373546123504638672e+00 -1.384624671936035156e+01 -4.782556742429733276e-02 8.689129352569580078e-01 3.256134688854217529e-01 3.697010874748229980e-01
1403637233.638319016 7.404913902282714844e+00 4.516688823699951172e+00 -1.424465656280517578e+01 -6.205649673938751221e-02 8.747095465660095215e-01 3.048499822616577148e-01 3.716162741184234619e-01
1403637233.688318968 7.552665710449218750e+00 4.654074192047119141e+00 -1.465597534179687500e+01 -7.428037375211715698e-02 8.798655271530151367e-01 2.848695218563079834e-01 3.730528056621551514e-01
1403637233.738319159 7.708994865417480469e+00 4.822410583496093750e+00 -1.504374790191650391e+01 -8.488730341196060181e-02 8.842356204986572266e-01 2.662335336208343506e-01 3.742209076881408691e-01
1403637233.788318872 7.885644912719726562e+00 4.989207267761230469e+00 -1.541483592987060547e+01 -9.366123378276824951e-02 8.880062103271484375e-01 2.496422082185745239e-01 3.746349811553955078e-01
1403637233.838319063 8.089365959167480469e+00 5.157153129577636719e+00 -1.576719665527343750e+01 -1.000336408615112305e-01 8.906701803207397461e-01 2.374042421579360962e-01 3.746187388896942139e-01
1403637233.888319016 8.305968284606933594e+00 5.307143688201904297e+00 -1.612115859985351562e+01 -1.052607819437980652e-01 8.924003839492797852e-01 2.284504771232604980e-01 3.746360242366790771e-01
1403637233.938319206 8.526241302490234375e+00 5.479935646057128906e+00 -1.646884918212890625e+01 -1.091919168829917908e-01 8.933420777320861816e-01 2.227499336004257202e-01 3.746992647647857666e-01
1403637233.988318920 8.781255722045898438e+00 5.636482715606689453e+00 -1.676813888549804688e+01 -1.134764179587364197e-01 8.940271735191345215e-01 2.186332494020462036e-01 3.742165565490722656e-01
1403637234.038319111 9.040831565856933594e+00 5.797523498535156250e+00 -1.705475425720214844e+01 -1.182875111699104309e-01 8.950329422950744629e-01 2.124248892068862915e-01 3.738981187343597412e-01
1403637234.088319063 9.322759628295898438e+00 5.944801807403564453e+00 -1.732251167297363281e+01 -1.220066174864768982e-01 8.961647152900695801e-01 2.057600915431976318e-01 3.737193048000335693e-01
1403637234.138319016 9.628967285156250000e+00 6.101799011230468750e+00 -1.755597877502441406e+01 -1.273485273122787476e-01 8.975539803504943848e-01 1.981956809759140015e-01 3.726899623870849609e-01
1403637234.188318968 9.941933631896972656e+00 6.246719360351562500e+00 -1.776738739013671875e+01 -1.311764866113662720e-01 8.988175988197326660e-01 1.917552649974822998e-01 3.716849684715270996e-01
1403637234.238319159 1.027813434600830078e+01 6.378159046173095703e+00 -1.795189666748046875e+01 -1.314462870359420776e-01 8.998178243637084961e-01 1.881891787052154541e-01 3.709914684295654297e-01
1403637234.288318872 1.062847232818603516e+01 6.507545471191406250e+00 -1.811898422241210938e+01 -1.279167830944061279e-01 9.009547829627990723e-01 1.859160512685775757e-01 3.706117272377014160e-01
1403637234.338319063 1.100450515747070312e+01 6.634225368499755859e+00 -1.823921585083007812e+01 -1.217168048024177551e-01 9.019698500633239746e-01 1.850602924823760986e-01 3.706591427326202393e-01
1403637234.388319016 1.138899230957031250e+01 6.751554965972900391e+00 -1.833641815185546875e+01 -1.123633310198783875e-01 9.024555087089538574e-01 1.864172220230102539e-01 3.717488348484039307e-01
1403637234.438319206 1.179521369934082031e+01 6.862397193908691406e+00 -1.841550254821777344e+01 -1.004113927483558655e-01 9.020742177963256836e-01 1.885086297988891602e-01 3.750256001949310303e-01
1403637234.488318920 1.222019004821777344e+01 6.962801933288574219e+00 -1.845205116271972656e+01 -9.050831198692321777e-02 9.012038111686706543e-01 1.894215494394302368e-01 3.791562914848327637e-01
1403637234.538319111 1.263788318634033203e+01 7.072811126708984375e+00 -1.846894264221191406e+01 -7.836626470088958740e-02 8.998519778251647949e-01 1.892483681440353394e-01 3.851108253002166748e-01
1403637234.588319063 1.307006835937500000e+01 7.175246715545654297e+00 -1.847544479370117188e+01 -6.692396849393844604e-02 8.975800871849060059e-01 1.904636621475219727e-01 3.919117450714111328e-01
1403637234.638319016 1.350514125823974609e+01 7.274487495422363281e+00 -1.845556068420410156e+01 -5.686724931001663208e-02 8.949832320213317871e-01 1.904427111148834229e-01 3.993778824806213379e-01
1403637234.688318968 1.394178009033203125e+01 7.366969108581542969e+00 -1.841197013854980469e+01 -4.847567155957221985e-02 8.918570280075073242e-01 1.900276094675064087e-01 4.075913727283477783e-01
1403637234.738319159 1.437436771392822266e+01 7.468464851379394531e+00 -1.835426521301269531e+01 -3.919503092765808105e-02 8.878150582313537598e-01 1.913686543703079224e-01 4.166848361492156982e-01
1403637234.788318872 1.481120395660400391e+01 7.571651458740234375e+00 -1.827689552307128906e+01 -2.957401610910892487e-02 8.831324577331542969e-01 1.932359635829925537e-01 4.264531731605529785e-01
1403637234.838319063 1.524080085754394531e+01 7.661554813385009766e+00 -1.818526268005371094e+01 -2.135705575346946716e-02 8.781552910804748535e-01 1.949252188205718994e-01 4.363386034965515137e-01
1403637234.888319016 1.567784690856933594e+01 7.740734100341796875e+00 -1.806711959838867188e+01 -1.178540475666522980e-02 8.722230792045593262e-01 1.988530308008193970e-01 4.467051625251770020e-01
1403637234.938319206 1.609085273742675781e+01 7.822166919708251953e+00 -1.795257377624511719e+01 -3.371932078152894974e-03 8.661687374114990234e-01 2.004160284996032715e-01 4.577924609184265137e-01
1403637234.988318920 1.649735260009765625e+01 7.888525485992431641e+00 -1.782362937927246094e+01 1.113946666009724140e-03 8.604191541671752930e-01 2.012928426265716553e-01 4.681440889835357666e-01
1403637235.038319111 1.689268875122070312e+01 7.945384979248046875e+00 -1.768789482116699219e+01 1.809327863156795502e-03 8.552885055541992188e-01 1.994478106498718262e-01 4.782247841358184814e-01
1403637235.088319063 1.729045104980468750e+01 8.000429153442382812e+00 -1.754714584350585938e+01 1.241246704012155533e-03 8.499244451522827148e-01 1.972230374813079834e-01 4.886001348495483398e-01
1403637235.138319016 1.766663742065429688e+01 8.036833763122558594e+00 -1.739868736267089844e+01 -1.588222803547978401e-04 8.442717790603637695e-01 1.950896233320236206e-01 4.991446137428283691e-01
1403637235.188318968 1.803295707702636719e+01 8.078745841979980469e+00 -1.724353790283203125e+01 -1.029715873301029205e-03 8.387437462806701660e-01 1.920154243707656860e-01 5.095467567443847656e-01
1403637235.238319159 1.838720321655273438e+01 8.096163749694824219e+00 -1.708527565002441406e+01 -2.054984914138913155e-03 8.333398103713989258e-01 1.903775036334991455e-01 5.189383625984191895e-01
1403637235.288318872 1.873350524902343750e+01 8.118556022644042969e+00 -1.692201042175292969e+01 -5.169201642274856567e-03 8.282268047332763672e-01 1.904731541872024536e-01 5.270044207572937012e-01
1403637235.338319063 1.906797409057617188e+01 8.128573417663574219e+00 -1.675823974609375000e+01 -9.809246286749839783e-03 8.234170675277709961e-01 1.925568282604217529e-01 5.336760282516479492e-01
1403637235.388319016 1.939487075805664062e+01 8.136749267578125000e+00 -1.658357810974121094e+01 -1.489595230668783188e-02 8.181209564208984375e-01 1.996660977602005005e-01 5.390636920928955078e-01
1403637235.438319206 1.971380043029785156e+01 8.140141487121582031e+00 -1.640172004699707031e+01 -1.923199556767940521e-02 8.127827644348144531e-01 2.069265544414520264e-01 5.442386865615844727e-01
1403637235.488318920 2.003773880004882812e+01 8.131939888000488281e+00 -1.622089385986328125e+01 -2.411617897450923920e-02 8.070812225341796875e-01 2.142033278942108154e-01 5.496865510940551758e-01
1403637235.538319111 2.035115242004394531e+01 8.105718612670898438e+00 -1.603438186645507812e+01 -2.739110216498374939e-02 8.015410304069519043e-01 2.202142924070358276e-01 5.552363395690917969e-01
1403637235.588319063 2.066918945312500000e+01 8.082806587219238281e+00 -1.585421371459960938e+01 -3.184298053383827209e-02 7.969511747360229492e-01 2.218243926763534546e-01 5.609356760978698730e-01
1403637235.638319016 2.098415946960449219e+01 8.048954010009765625e+00 -1.567444610595703125e+01 -3.355726599693298340e-02 7.923505306243896484e-01 2.222500741481781006e-01 5.671503543853759766e-01
1403637235.688318968 2.130066680908203125e+01 7.999934196472167969e+00 -1.549128532409667969e+01 -3.404750674962997437e-02 7.884235978126525879e-01 2.195922732353210449e-01 5.735924839973449707e-01
1403637235.738319159 2.162125396728515625e+01 7.944534301757812500e+00 -1.530520820617675781e+01 -3.335486352443695068e-02 7.854681015014648438e-01 2.125528603792190552e-01 5.803005099296569824e-01
1403637235.788318872 2.193855476379394531e+01 7.868630409240722656e+00 -1.511446380615234375e+01 -3.519930690526962280e-02 7.833759188652038574e-01 2.015634775161743164e-01 5.869032144546508789e-01
1403637235.838319063 2.225410270690917969e+01 7.791067600250244141e+00 -1.492391395568847656e+01 -3.744938969612121582e-02 7.818607091903686523e-01 1.861570477485656738e-01 5.938324928283691406e-01
1403637235.888319016 2.257048606872558594e+01 7.707839488983154297e+00 -1.472031974792480469e+01 -4.052431136369705200e-02 7.793018221855163574e-01 1.732886135578155518e-01 6.008473634719848633e-01
1403637235.938319206 2.288282394409179688e+01 7.615451812744140625e+00 -1.450926780700683594e+01 -4.654741659760475159e-02 7.764288187026977539e-01 1.599169820547103882e-01 6.077978610992431641e-01
1403637235.988318920 2.318523025512695312e+01 7.514543533325195312e+00 -1.428959083557128906e+01 -5.081637203693389893e-02 7.716030478477478027e-01 1.527994424104690552e-01 6.153849959373474121e-01
1403637236.038319111 2.348577499389648438e+01 7.404595375061035156e+00 -1.404855155944824219e+01 -5.554377660155296326e-02 7.668026685714721680e-01 1.439878195524215698e-01 6.230537891387939453e-01
1403637236.088319063 2.378295135498046875e+01 7.280563354492187500e+00 -1.379230880737304688e+01 -5.860501527786254883e-02 7.610288858413696289e-01 1.392079740762710571e-01 6.308895945549011230e-01
1403637236.138319016 2.406874465942382812e+01 7.135890007019042969e+00 -1.353763771057128906e+01 -6.169148162007331848e-02 7.548059821128845215e-01 1.341494172811508179e-01 6.391136050224304199e-01
1403637236.188318968 2.435032272338867188e+01 6.991422653198242188e+00 -1.325410842895507812e+01 -6.500916928052902222e-02 7.481359839439392090e-01 1.307396441698074341e-01 6.472816467285156250e-01
1403637236.238319159 2.463032913208007812e+01 6.833299636840820312e+00 -1.295627403259277344e+01 -6.661899387836456299e-02 7.418631315231323242e-01 1.257951110601425171e-01 6.552683115005493164e-01
1403637236.288318872 2.490044975280761719e+01 6.655063629150390625e+00 -1.263892173767089844e+01 -6.644213199615478516e-02 7.345986366271972656e-01 1.236381977796554565e-01 6.638252139091491699e-01
1403637236.338319063 2.515737152099609375e+01 6.459508895874023438e+00 -1.232278251647949219e+01 -6.554729491472244263e-02 7.269440293312072754e-01 1.214823871850967407e-01 6.726797819137573242e-01
1403637236.388319016 2.541205978393554688e+01 6.257761478424072266e+00 -1.197448921203613281e+01 -6.345497816801071167e-02 7.191296219825744629e-01 1.203997582197189331e-01 6.814176440238952637e-01
1403637236.438319206 2.566385650634765625e+01 6.041522979736328125e+00 -1.161969947814941406e+01 -6.054184213280677795e-02 7.114176750183105469e-01 1.207667142152786255e-01 6.896630525588989258e-01
1403637236.488318920 2.591082000732421875e+01 5.819694519042968750e+00 -1.124046421051025391e+01 -5.585741251707077026e-02 7.044745087623596191e-01 1.211736798286437988e-01 6.970743536949157715e-01
1403637236.538319111 2.615165138244628906e+01 5.590995788574218750e+00 -1.086010074615478516e+01 -5.211363732814788818e-02 6.986621618270874023e-01 1.214439794421195984e-01 7.031406164169311523e-01
1403637236.588319063 2.638444519042968750e+01 5.373433113098144531e+00 -1.047032260894775391e+01 -4.802798107266426086e-02 6.939728856086730957e-01 1.211746186017990112e-01 7.081042528152465820e-01
1403637236.638319016 2.660665130615234375e+01 5.163331508636474609e+00 -1.006382656097412109e+01 -4.361705109477043152e-02 6.911047697067260742e-01 1.180383488535881042e-01 7.117153406143188477e-01
1403637236.688318968 2.682955932617187500e+01 4.952804565429687500e+00 -9.648777008056640625e+00 -4.023519530892372131e-02 6.881761550903320312e-01 1.157267242670059204e-01 7.151238322257995605e-01
1403637236.738319159 2.704682540893554688e+01 4.734251976013183594e+00 -9.216123580932617188e+00 -3.431271389126777649e-02 6.852328181266784668e-01 1.111985221505165100e-01 7.189670801162719727e-01
1403637236.788318872 2.724208068847656250e+01 4.527724266052246094e+00 -8.795143127441406250e+00 -2.839642576873302460e-02 6.811911463737487793e-01 1.066896617412567139e-01 7.237331271171569824e-01
1403637236.838319063 2.743075180053710938e+01 4.314822673797607422e+00 -8.350252151489257812e+00 -2.088339440524578094e-02 6.762561202049255371e-01 1.029124855995178223e-01 7.291437983512878418e-01
1403637236.888319016 2.760741043090820312e+01 4.082399368286132812e+00 -7.908720016479492188e+00 -1.142861135303974152e-02 6.703236699104309082e-01 9.795471280813217163e-02 7.354866266250610352e-01
1403637236.938319206 2.775979423522949219e+01 3.847971439361572266e+00 -7.467699050903320312e+00 -3.394781961105763912e-04 6.644679903984069824e-01 9.231516718864440918e-02 7.415930032730102539e-01
1403637236.988318920 2.789859771728515625e+01 3.612761259078979492e+00 -7.018156051635742188e+00 1.028460636734962463e-02 6.597383022308349609e-01 8.510319143533706665e-02 7.465903759002685547e-01
1403637237.038319111 2.801100540161132812e+01 3.358992815017700195e+00 -6.565567016601562500e+00 2.240210585296154022e-02 6.553117632865905762e-01 7.828829437494277954e-02 7.509564757347106934e-01
1403637237.088319063 2.810863113403320312e+01 3.111174583435058594e+00 -6.090662002563476562e+00 3.404587134718894958e-02 6.509734988212585449e-01 7.220359891653060913e-02 7.548913955688476562e-01
1403637237.138319016 2.817137145996093750e+01 2.839039564132690430e+00 -5.616588592529296875e+00 4.577773064374923706e-02 6.455511450767517090e-01 6.770452111959457397e-02 7.593314647674560547e-01
1403637237.188318968 2.820389556884765625e+01 2.567260980606079102e+00 -5.137018203735351562e+00 5.457459762692451477e-02 6.390237808227539062e-01 6.627981364727020264e-02 7.643803358078002930e-01
1403637237.238319159 2.821436309814453125e+01 2.302309036254882812e+00 -4.691522598266601562e+00 6.006268411874771118e-02 6.312147974967956543e-01 6.645026057958602905e-02 7.704185247421264648e-01
1403637237.288318872 2.818955230712890625e+01 2.027284145355224609e+00 -4.223937988281250000e+00 6.247823312878608704e-02 6.232087612152099609e-01 6.843538582324981689e-02 7.765462398529052734e-01
1403637237.338319063 2.813499832153320312e+01 1.741807103157043457e+00 -3.772956848144531250e+00 6.193688884377479553e-02 6.164374351501464844e-01 6.928037852048873901e-02 7.819008827209472656e-01
1403637237.388319016 2.805098342895507812e+01 1.470290660858154297e+00 -3.350015640258789062e+00 6.236624345183372498e-02 6.096339225769042969e-01 7.121468335390090942e-02 7.870104908943176270e-01
1403637237.438319206 2.794473266601562500e+01 1.172929763793945312e+00 -2.914819717407226562e+00 6.325174868106842041e-02 6.037789583206176758e-01 7.315859943628311157e-02 7.912635803222656250e-01
1403637237.488318920 2.781360244750976562e+01 8.952980041503906250e-01 -2.493360519409179688e+00 6.279307603836059570e-02 5.990544557571411133e-01 7.385612279176712036e-02 7.948183417320251465e-01
1403637237.538319111 2.764770317077636719e+01 6.218252182006835938e-01 -2.107513427734375000e+00 6.376726180315017700e-02 5.941414833068847656e-01 7.589127868413925171e-02 7.982293367385864258e-01
1403637237.588319063 2.746263504028320312e+01 3.243713378906250000e-01 -1.704122543334960938e+00 6.441105902194976807e-02 5.902335643768310547e-01 7.844010740518569946e-02 8.008262515068054199e-01
1403637237.638319016 2.725539779663085938e+01 2.640128135681152344e-02 -1.327939987182617188e+00 6.709992885589599609e-02 5.862288475036621094e-01 8.155942708253860474e-02 8.032318949699401855e-01
1403637237.688318968 2.701916313171386719e+01 -2.696518898010253906e-01 -9.741401672363281250e-01 7.025579363107681274e-02 5.822583436965942383e-01 8.493716269731521606e-02 8.054967522621154785e-01
1403637237.738319159 2.676409912109375000e+01 -5.596086978912353516e-01 -6.158599853515625000e-01 7.277467101812362671e-02 5.789320468902587891e-01 9.011574834585189819e-02 8.071063756942749023e-01
1403637237.788318872 2.649162673950195312e+01 -8.528187274932861328e-01 -2.752799987792968750e-01 7.422651350498199463e-02 5.760468840599060059e-01 9.560756385326385498e-02 8.084055781364440918e-01
1403637237.838319063 2.620644378662109375e+01 -1.117744684219360352e+00 6.192970275878906250e-02 7.426431775093078613e-02 5.747630596160888672e-01 1.029265299439430237e-01 8.084172606468200684e-01
1403637237.888319016 2.589623641967773438e+01 -1.366540670394897461e+00 3.643264770507812500e-01 7.277604937553405762e-02 5.745756626129150391e-01 1.112297028303146362e-01 8.075854778289794922e-01
1403637237.938319206 2.557719802856445312e+01 -1.609090805053710938e+00 6.763381958007812500e-01 7.119721919298171997e-02 5.762296915054321289e-01 1.202238947153091431e-01 8.052556514739990234e-01
1403637237.988318920 2.524658203125000000e+01 -1.831461429595947266e+00 9.712753295898437500e-01 6.815384328365325928e-02 5.793203711509704590e-01 1.301754117012023926e-01 8.017464280128479004e-01
1403637238.038319111 2.490989303588867188e+01 -2.050680637359619141e+00 1.245500564575195312e+00 6.532267481088638306e-02 5.827056765556335449e-01 1.422243565320968628e-01 7.974705696105957031e-01
1403637238.088319063 2.456805801391601562e+01 -2.253775596618652344e+00 1.514854431152343750e+00 6.387741863727569580e-02 5.865226387977600098e-01 1.573779284954071045e-01 7.919236421585083008e-01
1403637238.138319016 2.420144653320312500e+01 -2.438068866729736328e+00 1.758270263671875000e+00 6.304596364498138428e-02 5.916236042976379395e-01 1.716364175081253052e-01 7.852055430412292480e-01
1403637238.188318968 2.384374237060546875e+01 -2.627420902252197266e+00 1.979881286621093750e+00 6.378052383661270142e-02 5.974601507186889648e-01 1.865153014659881592e-01 7.772937417030334473e-01
1403637238.238319159 2.348266410827636719e+01 -2.800160408020019531e+00 2.187856674194335938e+00 6.550150364637374878e-02 6.044898629188537598e-01 2.012317627668380737e-01 7.679891586303710938e-01
1403637238.288318872 2.311798095703125000e+01 -2.953973293304443359e+00 2.375123977661132812e+00 6.917889416217803955e-02 6.123275160789489746e-01 2.159691751003265381e-01 7.573814988136291504e-01
1403637238.338319063 2.275375556945800781e+01 -3.104280471801757812e+00 2.541309356689453125e+00 7.211009413003921509e-02 6.209524273872375488e-01 2.302365303039550781e-01 7.457944154739379883e-01
1403637238.388319016 2.238792991638183594e+01 -3.240565776824951172e+00 2.677177429199218750e+00 7.740502804517745972e-02 6.309896111488342285e-01 2.424956113100051880e-01 7.328414320945739746e-01
1403637238.438319206 2.202481079101562500e+01 -3.364517211914062500e+00 2.786008834838867188e+00 8.215282112360000610e-02 6.414556503295898438e-01 2.536942660808563232e-01 7.193224430084228516e-01
1403637238.488318920 2.165904426574707031e+01 -3.470550537109375000e+00 2.877403259277343750e+00 8.727639913558959961e-02 6.527996063232421875e-01 2.631304860115051270e-01 7.049807310104370117e-01
1403637238.538319111 2.129867172241210938e+01 -3.571710586547851562e+00 2.943120956420898438e+00 8.990615606307983398e-02 6.644162535667419434e-01 2.714180350303649902e-01 6.905072927474975586e-01
1403637238.588319063 2.092404556274414062e+01 -3.664512157440185547e+00 2.963418960571289062e+00 9.134686738252639771e-02 6.748064160346984863e-01 2.801632881164550781e-01 6.766096949577331543e-01
1403637238.638319016 2.055457496643066406e+01 -3.730870246887207031e+00 2.968090057373046875e+00 9.150644391775131226e-02 6.818770766258239746e-01 2.933925390243530273e-01 6.637703776359558105e-01
1403637238.688318968 2.018240928649902344e+01 -3.789012908935546875e+00 2.956438064575195312e+00 8.652132004499435425e-02 6.870273351669311523e-01 3.075795173645019531e-01 6.526120305061340332e-01
1403637238.738319159 1.980547332763671875e+01 -3.831851005554199219e+00 2.913747787475585938e+00 7.951899617910385132e-02 6.896883845329284668e-01 3.231635391712188721e-01 6.430957317352294922e-01
1403637238.788318872 1.944340133666992188e+01 -3.871297836303710938e+00 2.838899612426757812e+00 7.085933536291122437e-02 6.910891532897949219e-01 3.390437960624694824e-01 6.343690752983093262e-01
1403637238.838319063 1.908498191833496094e+01 -3.901880264282226562e+00 2.737955093383789062e+00 6.143508106470108032e-02 6.912208795547485352e-01 3.548814952373504639e-01 6.264970898628234863e-01
1403637238.888319016 1.874024200439453125e+01 -3.927639961242675781e+00 2.593599319458007812e+00 5.105771869421005249e-02 6.903988122940063477e-01 3.697029352188110352e-01 6.197276115417480469e-01
1403637238.938319206 1.840540695190429688e+01 -3.934983253479003906e+00 2.417209625244140625e+00 4.032923281192779541e-02 6.889179944992065430e-01 3.834207653999328613e-01 6.138029694557189941e-01
1403637238.988318920 1.809616470336914062e+01 -3.942443847656250000e+00 2.212417602539062500e+00 2.947869896888732910e-02 6.882739663124084473e-01 3.939001262187957764e-01 6.084839701652526855e-01
1403637239.038319111 1.780612373352050781e+01 -3.942445755004882812e+00 1.959903717041015625e+00 1.831360906362533569e-02 6.901825070381164551e-01 3.971611261367797852e-01 6.046286225318908691e-01
1403637239.088319063 1.754069328308105469e+01 -3.911767959594726562e+00 1.672376632690429688e+00 8.108921349048614502e-03 6.939485669136047363e-01 3.951476514339447021e-01 6.018539071083068848e-01
1403637239.138319016 1.730324935913085938e+01 -3.898307800292968750e+00 1.341794967651367188e+00 -5.175457918085157871e-04 7.015883922576904297e-01 3.849242627620697021e-01 5.996721982955932617e-01
1403637239.188318968 1.709580802917480469e+01 -3.879898071289062500e+00 9.899635314941406250e-01 -6.664164829999208450e-03 7.110795378684997559e-01 3.711439669132232666e-01 5.971379280090332031e-01
1403637239.238319159 1.690369415283203125e+01 -3.857117652893066406e+00 5.908126831054687500e-01 -8.844364434480667114e-03 7.211589813232421875e-01 3.563821315765380859e-01 5.940061211585998535e-01
1403637239.288318872 1.673893165588378906e+01 -3.827354431152343750e+00 1.880550384521484375e-01 -9.225969202816486359e-03 7.301867008209228516e-01 3.447550237178802490e-01 5.898188948631286621e-01
1403637239.338319063 1.658964347839355469e+01 -3.778518676757812500e+00 -2.437210083007812500e-01 -8.639796636998653412e-03 7.382959127426147461e-01 3.367812335491180420e-01 5.843141078948974609e-01
1403637239.388319016 1.645366859436035156e+01 -3.737125396728515625e+00 -6.976108551025390625e-01 -6.391541566699743271e-03 7.455927729606628418e-01 3.327269256114959717e-01 5.773590207099914551e-01
1403637239.438319206 1.633566284179687500e+01 -3.676949501037597656e+00 -1.152166366577148438e+00 -3.803547006100416183e-03 7.528932094573974609e-01 3.310347497463226318e-01 5.688175559043884277e-01
1403637239.488318920 1.622676849365234375e+01 -3.584752082824707031e+00 -1.614196777343750000e+00 -1.436327351257205009e-03 7.609164118766784668e-01 3.294386565685272217e-01 5.589940547943115234e-01
1403637239.538319111 1.613650321960449219e+01 -3.471658706665039062e+00 -2.098176956176757812e+00 1.481852377764880657e-03 7.695052027702331543e-01 3.273773491382598877e-01 5.483462810516357422e-01
1403637239.588319063 1.605587768554687500e+01 -3.333906173706054688e+00 -2.578626632690429688e+00 3.919097129255533218e-03 7.783595919609069824e-01 3.255900442600250244e-01 5.367794632911682129e-01
1403637239.638319016 1.597403335571289062e+01 -3.169934272766113281e+00 -3.070760726928710938e+00 5.775321740657091141e-03 7.873057126998901367e-01 3.240131139755249023e-01 5.245301723480224609e-01
1403637239.688318968 1.591094207763671875e+01 -2.996046066284179688e+00 -3.579580307006835938e+00 8.585222996771335602e-03 7.966317534446716309e-01 3.213739097118377686e-01 5.118817687034606934e-01
1403637239.738319159 1.585990333557128906e+01 -2.806389808654785156e+00 -4.075757980346679688e+00 1.084559597074985504e-02 8.077477216720581055e-01 3.140261471271514893e-01 4.988121986389160156e-01
1403637239.788318872 1.580066585540771484e+01 -2.583430290222167969e+00 -4.585767745971679688e+00 1.435140240937471390e-02 8.194565773010253906e-01 3.040950894355773926e-01 4.856038689613342285e-01
1403637239.838319063 1.575059700012207031e+01 -2.354532718658447266e+00 -5.090560913085937500e+00 1.535290386527776718e-02 8.320335149765014648e-01 2.915785014629364014e-01 4.716636240482330322e-01
1403637239.888319016 1.570338630676269531e+01 -2.101461410522460938e+00 -5.603685379028320312e+00 1.710377261042594910e-02 8.435331583023071289e-01 2.807529270648956299e-01 4.575337171554565430e-01
1403637239.938319206 1.567040443420410156e+01 -1.859749794006347656e+00 -6.110927581787109375e+00 1.925544254481792450e-02 8.538162112236022949e-01 2.728472650051116943e-01 4.429238438606262207e-01
1403637239.988318920 1.563738155364990234e+01 -1.608416557312011719e+00 -6.613161087036132812e+00 1.971305534243583679e-02 8.638843297958374023e-01 2.654392123222351074e-01 4.276181757450103760e-01
1403637240.038319111 1.559605121612548828e+01 -1.338899612426757812e+00 -7.114646911621093750e+00 2.024156041443347931e-02 8.727948665618896484e-01 2.603612542152404785e-01 4.123487472534179688e-01
1403637240.088319063 1.554681682586669922e+01 -1.073548793792724609e+00 -7.620424270629882812e+00 2.162346430122852325e-02 8.804747462272644043e-01 2.580510377883911133e-01 3.971226215362548828e-01
1403637240.138319016 1.549318027496337891e+01 -8.189320564270019531e-01 -8.132259368896484375e+00 2.203183248639106750e-02 8.872750997543334961e-01 2.584708333015441895e-01 3.813795745372772217e-01
1403637240.188318968 1.542773342132568359e+01 -5.410318374633789062e-01 -8.631288528442382812e+00 2.285248786211013794e-02 8.933336138725280762e-01 2.595525383949279785e-01 3.661493659019470215e-01
1403637240.238319159 1.535811424255371094e+01 -2.627301216125488281e-01 -9.118722915649414062e+00 2.199443057179450989e-02 8.982567191123962402e-01 2.629363536834716797e-01 3.514478504657745361e-01
1403637240.288318872 1.530074787139892578e+01 2.400684356689453125e-02 -9.597787857055664062e+00 2.000495232641696930e-02 9.014621973037719727e-01 2.701251506805419922e-01 3.376362025737762451e-01
1403637240.338319063 1.523255157470703125e+01 3.191909790039062500e-01 -1.008382987976074219e+01 1.577974855899810791e-02 9.032662510871887207e-01 2.781068980693817139e-01 3.263703584671020508e-01
1403637240.388319016 1.516739749908447266e+01 6.055965423583984375e-01 -1.055930137634277344e+01 1.023817993700504303e-02 9.041917920112609863e-01 2.868300676345825195e-01 3.163240253925323486e-01
1403637240.438319206 1.511348628997802734e+01 8.560714721679687500e-01 -1.102996444702148438e+01 1.752488780766725540e-03 9.045733213424682617e-01 2.950108945369720459e-01 3.077540397644042969e-01
1403637240.488318920 1.506543922424316406e+01 1.130283355712890625e+00 -1.149935531616210938e+01 -5.155452992767095566e-03 9.047412276268005371e-01 3.015568852424621582e-01 3.007993102073669434e-01
1403637240.538319111 1.501621341705322266e+01 1.366644859313964844e+00 -1.197901344299316406e+01 -1.086267177015542984e-02 9.048879742622375488e-01 3.061594963073730469e-01 2.955099642276763916e-01
1403637240.588319063 1.497143363952636719e+01 1.615011215209960938e+00 -1.245494842529296875e+01 -1.259393151849508286e-02 9.054035544395446777e-01 3.081658482551574707e-01 2.917528152465820312e-01
1403637240.638319016 1.493733882904052734e+01 1.842991828918457031e+00 -1.293655967712402344e+01 -1.524499058723449707e-02 9.061287045478820801e-01 3.082970678806304932e-01 2.892253696918487549e-01
1403637240.688318968 1.489559650421142578e+01 2.060153961181640625e+00 -1.342859840393066406e+01 -1.759316958487033844e-02 9.068986177444458008e-01 3.070454597473144531e-01 2.880077660083770752e-01
1403637240.738319159 1.487280654907226562e+01 2.284087181091308594e+00 -1.391715621948242188e+01 -1.716272346675395966e-02 9.077561497688293457e-01 3.052856028079986572e-01 2.872020602226257324e-01
1403637240.788318872 1.487722396850585938e+01 2.451312065124511719e+00 -1.439948654174804688e+01 -1.796618849039077759e-02 9.092844128608703613e-01 3.012191355228424072e-01 2.866116166114807129e-01
1403637240.838319063 1.487968730926513672e+01 2.634356498718261719e+00 -1.489534950256347656e+01 -2.041130140423774719e-02 9.124693870544433594e-01 2.909586131572723389e-01 2.869254648685455322e-01
1403637240.888319016 1.488194751739501953e+01 2.812276840209960938e+00 -1.538974952697753906e+01 -1.864302717149257660e-02 9.157947301864624023e-01 2.795732319355010986e-01 2.877696454524993896e-01
1403637240.938319206 1.489118194580078125e+01 3.007181167602539062e+00 -1.587556266784667969e+01 -1.848014257848262787e-02 9.184836745262145996e-01 2.695386707782745361e-01 2.887822389602661133e-01
1403637240.988318920 1.489977645874023438e+01 3.165100097656250000e+00 -1.636448860168457031e+01 -1.814186945557594299e-02 9.198477268218994141e-01 2.634079754352569580e-01 2.901159822940826416e-01
1403637241.038319111 1.491466617584228516e+01 3.342898368835449219e+00 -1.683952522277832031e+01 -1.710384339094161987e-02 9.197337031364440918e-01 2.622396945953369141e-01 2.915953099727630615e-01
1403637241.088319063 1.494136333465576172e+01 3.523562431335449219e+00 -1.730494117736816406e+01 -1.543083880096673965e-02 9.185829162597656250e-01 2.643142044544219971e-01 2.934371829032897949e-01
1403637241.138319016 1.496044158935546875e+01 3.710033416748046875e+00 -1.775602149963378906e+01 -1.541720796376466751e-02 9.174631237983703613e-01 2.659564018249511719e-01 2.954503893852233887e-01
1403637241.188318968 1.500586795806884766e+01 3.881368637084960938e+00 -1.817936897277832031e+01 -1.614565029740333557e-02 9.165878295898437500e-01 2.672923207283020020e-01 2.969189286231994629e-01
1403637241.238319159 1.504360008239746094e+01 4.079204559326171875e+00 -1.861151123046875000e+01 -1.978365331888198853e-02 9.165171384811401367e-01 2.656638026237487793e-01 2.983752489089965820e-01
1403637241.288318872 1.507930374145507812e+01 4.279708862304687500e+00 -1.904124450683593750e+01 -2.372443303465843201e-02 9.162754416465759277e-01 2.643384039402008057e-01 3.000027537345886230e-01
1403637241.338319063 1.512392234802246094e+01 4.471592903137207031e+00 -1.946766281127929688e+01 -2.680942043662071228e-02 9.163073897361755371e-01 2.621539533138275146e-01 3.015581071376800537e-01
1403637241.388319016 1.517848014831542969e+01 4.674222469329833984e+00 -1.987023353576660156e+01 -3.177462145686149597e-02 9.166663289070129395e-01 2.590622305870056152e-01 3.026548922061920166e-01
1403637241.438319206 1.524103069305419922e+01 4.873288154602050781e+00 -2.026668167114257812e+01 -3.632225096225738525e-02 9.167863726615905762e-01 2.568175196647644043e-01 3.036909997463226318e-01
1403637241.488318920 1.530130577087402344e+01 5.051683425903320312e+00 -2.065921783447265625e+01 -4.096983000636100769e-02 9.172308444976806641e-01 2.532027065753936768e-01 3.047908544540405273e-01
1403637241.538319111 1.537446212768554688e+01 5.240157127380371094e+00 -2.103751373291015625e+01 -4.548390209674835205e-02 9.184421896934509277e-01 2.471480369567871094e-01 3.054717779159545898e-01
1403637241.588319063 1.544595909118652344e+01 5.414878368377685547e+00 -2.140818405151367188e+01 -4.868376627564430237e-02 9.190029501914978027e-01 2.429617494344711304e-01 3.066483736038208008e-01
1403637241.638319016 1.553391170501708984e+01 5.563138961791992188e+00 -2.176694869995117188e+01 -4.935549944639205933e-02 9.197183251380920410e-01 2.387774884700775146e-01 3.076809644699096680e-01
1403637241.688318968 1.563542556762695312e+01 5.709918022155761719e+00 -2.211714172363281250e+01 -4.820744693279266357e-02 9.209685325622558594e-01 2.325750440359115601e-01 3.088720142841339111e-01
1403637241.738319159 1.574143886566162109e+01 5.841538906097412109e+00 -2.245253372192382812e+01 -4.741845279932022095e-02 9.221692085266113281e-01 2.265222370624542236e-01 3.099084198474884033e-01
1403637241.788318872 1.586790943145751953e+01 5.967829704284667969e+00 -2.277299690246582031e+01 -4.552610218524932861e-02 9.234864115715026855e-01 2.206435203552246094e-01 3.105104863643646240e-01
1403637241.838319063 1.599187850952148438e+01 6.068928718566894531e+00 -2.307512664794921875e+01 -4.160814359784126282e-02 9.246526360511779785e-01 2.156628668308258057e-01 3.110882937908172607e-01
1403637241.888319016 1.611782073974609375e+01 6.168616771697998047e+00 -2.335899543762207031e+01 -3.304322436451911926e-02 9.252722859382629395e-01 2.129162400960922241e-01 3.121635913848876953e-01
1403637241.938319206 1.625197410583496094e+01 6.250984191894531250e+00 -2.362952232360839844e+01 -2.028594538569450378e-02 9.257529973983764648e-01 2.103091478347778320e-01 3.135921657085418701e-01
1403637241.988318920 1.638578414916992188e+01 6.314465522766113281e+00 -2.388576316833496094e+01 -1.066795550286769867e-02 9.261646270751953125e-01 2.076737880706787109e-01 3.146061003208160400e-01
1403637242.038319111 1.652540779113769531e+01 6.373429775238037109e+00 -2.412005996704101562e+01 -4.860477056354284286e-03 9.268429875373840332e-01 2.048960179090499878e-01 3.145730495452880859e-01
1403637242.088319063 1.665595436096191406e+01 6.425516128540039062e+00 -2.432996559143066406e+01 -4.978309385478496552e-03 9.273018836975097656e-01 2.042414397001266479e-01 3.136431276798248291e-01
1403637242.138319016 1.677617454528808594e+01 6.478208065032958984e+00 -2.453534507751464844e+01 -8.603795431554317474e-03 9.273872971534729004e-01 2.050101011991500854e-01 3.128091692924499512e-01
1403637242.188318968 1.689657402038574219e+01 6.522383213043212891e+00 -2.472286033630371094e+01 -1.448236405849456787e-02 9.273781776428222656e-01 2.063381671905517578e-01 3.117445111274719238e-01
1403637242.238319159 1.701244354248046875e+01 6.549082756042480469e+00 -2.488361358642578125e+01 -1.975969038903713226e-02 9.275485277175903320e-01 2.067791074514389038e-01 3.106537759304046631e-01
1403637242.288318872 1.712853622436523438e+01 6.555306434631347656e+00 -2.503346252441406250e+01 -2.480667643249034882e-02 9.277392029762268066e-01 2.069505900144577026e-01 3.096065521240234375e-01
1403637242.338319063 1.724897384643554688e+01 6.572897911071777344e+00 -2.517441749572753906e+01 -3.125046938657760620e-02 9.285060167312622070e-01 2.047359943389892578e-01 3.081934452056884766e-01
1403637242.388319016 1.737554359436035156e+01 6.589489459991455078e+00 -2.528937339782714844e+01 -3.758701682090759277e-02 9.294949173927307129e-01 2.012286037206649780e-01 3.068118989467620850e-01
1403637242.438319206 1.749594306945800781e+01 6.609307289123535156e+00 -2.539488601684570312e+01 -4.279059544205665588e-02 9.305072426795959473e-01 1.969764232635498047e-01 3.058196306228637695e-01
1403637242.488318920 1.762933158874511719e+01 6.634340286254882812e+00 -2.547244453430175781e+01 -4.680947214365005493e-02 9.315319061279296875e-01 1.930096149444580078e-01 3.046382367610931396e-01
1403637242.538319111 1.776375389099121094e+01 6.652404785156250000e+00 -2.553165817260742188e+01 -4.822224006056785583e-02 9.319419264793395996e-01 1.899961531162261963e-01 3.050581514835357666e-01
1403637242.588319063 1.790582847595214844e+01 6.665464878082275391e+00 -2.556153869628906250e+01 -4.743051901459693909e-02 9.316725134849548340e-01 1.872400790452957153e-01 3.076977729797363281e-01
1403637242.638319016 1.805124855041503906e+01 6.661676406860351562e+00 -2.557066154479980469e+01 -4.533912986516952515e-02 9.301424622535705566e-01 1.869410574436187744e-01 3.127818703651428223e-01
1403637242.688318968 1.820438766479492188e+01 6.647298812866210938e+00 -2.555523681640625000e+01 -4.240631684660911560e-02 9.277976155281066895e-01 1.873588562011718750e-01 3.198280930519104004e-01
1403637242.738319159 1.835226058959960938e+01 6.623536586761474609e+00 -2.551552009582519531e+01 -3.750647231936454773e-02 9.246746301651000977e-01 1.883278340101242065e-01 3.287897706031799316e-01
1403637242.788318872 1.850361824035644531e+01 6.571795940399169922e+00 -2.545596885681152344e+01 -3.044714219868183136e-02 9.213579297065734863e-01 1.897971779108047485e-01 3.378604352474212646e-01
1403637242.838319063 1.865530776977539062e+01 6.509651184082031250e+00 -2.538269424438476562e+01 -2.335772477090358734e-02 9.186416268348693848e-01 1.890387833118438721e-01 3.461451828479766846e-01
1403637242.888319016 1.879920387268066406e+01 6.451007366180419922e+00 -2.529966926574707031e+01 -1.720449514687061310e-02 9.160188436508178711e-01 1.883030533790588379e-01 3.537731468677520752e-01
1403637242.938319206 1.894700813293457031e+01 6.375368595123291016e+00 -2.519351768493652344e+01 -1.422360353171825409e-02 9.143399596214294434e-01 1.851530075073242188e-01 3.598591089248657227e-01
1403637242.988318920 1.909201049804687500e+01 6.293555736541748047e+00 -2.507302665710449219e+01 -1.244022324681282043e-02 9.129170775413513184e-01 1.821875125169754028e-01 3.650142848491668701e-01
1403637243.038319111 1.923396110534667969e+01 6.200329780578613281e+00 -2.493656539916992188e+01 -1.478903368115425110e-02 9.114087224006652832e-01 1.815326958894729614e-01 3.690004348754882812e-01
1403637243.088319063 1.936866760253906250e+01 6.126455307006835938e+00 -2.478063011169433594e+01 -1.878295652568340302e-02 9.102723598480224609e-01 1.811736524105072021e-01 3.717896938323974609e-01
1403637243.138319016 1.949086952209472656e+01 6.045317173004150391e+00 -2.461578750610351562e+01 -2.310979180037975311e-02 9.089496135711669922e-01 1.822755038738250732e-01 3.742356300354003906e-01
1403637243.188318968 1.960624313354492188e+01 5.975243568420410156e+00 -2.443280792236328125e+01 -2.525922097265720367e-02 9.069667458534240723e-01 1.872402429580688477e-01 3.764497339725494385e-01
1403637243.238319159 1.974350357055664062e+01 5.906764984130859375e+00 -2.422925949096679688e+01 -2.558433450758457184e-02 9.047948122024536133e-01 1.940298676490783691e-01 3.782118856906890869e-01
1403637243.288318872 1.986445617675781250e+01 5.847735881805419922e+00 -2.401749420166015625e+01 -2.434933558106422424e-02 9.029992818832397461e-01 1.993690580129623413e-01 3.798044919967651367e-01
1403637243.338319063 1.998741340637207031e+01 5.782748222351074219e+00 -2.378466987609863281e+01 -2.333537302911281586e-02 9.013914465904235840e-01 2.045108526945114136e-01 3.809517323970794678e-01
1403637243.388319016 2.010702133178710938e+01 5.723475456237792969e+00 -2.354573822021484375e+01 -2.171710319817066193e-02 9.002725481986999512e-01 2.081062197685241699e-01 3.817452788352966309e-01
1403637243.438319206 2.022533988952636719e+01 5.665163993835449219e+00 -2.329717063903808594e+01 -1.922250911593437195e-02 8.994935154914855957e-01 2.111714482307434082e-01 3.820322155952453613e-01
1403637243.488318920 2.034675216674804688e+01 5.608907699584960938e+00 -2.303633117675781250e+01 -1.851259730756282806e-02 8.992898464202880859e-01 2.117685973644256592e-01 3.822160065174102783e-01
1403637243.538319111 2.047111892700195312e+01 5.540812492370605469e+00 -2.276080131530761719e+01 -1.676020212471485138e-02 8.987088799476623535e-01 2.146203368902206421e-01 3.820726871490478516e-01
1403637243.588319063 2.058213806152343750e+01 5.458014488220214844e+00 -2.248717498779296875e+01 -1.449484564363956451e-02 8.970701694488525391e-01 2.209055572748184204e-01 3.824341297149658203e-01
1403637243.638319016 2.069929313659667969e+01 5.372013092041015625e+00 -2.220263481140136719e+01 -1.204825937747955322e-02 8.955986499786376953e-01 2.269524782896041870e-01 3.824270367622375488e-01
1403637243.688318968 2.081896209716796875e+01 5.271246910095214844e+00 -2.191497993469238281e+01 -1.063079107552766800e-02 8.937344551086425781e-01 2.346801310777664185e-01 3.821662068367004395e-01
1403637243.738319159 2.092980957031250000e+01 5.159139633178710938e+00 -2.162416648864746094e+01 -7.094852626323699951e-03 8.926175832748413086e-01 2.398084253072738647e-01 3.816744089126586914e-01
1403637243.788318872 2.104117393493652344e+01 5.047428131103515625e+00 -2.134145927429199219e+01 -2.008773619309067726e-03 8.903560638427734375e-01 2.483867257833480835e-01 3.815312683582305908e-01
1403637243.838319063 2.114387512207031250e+01 4.912551879882812500e+00 -2.105364990234375000e+01 4.940436687320470810e-03 8.878085613250732422e-01 2.574222385883331299e-01 3.814519047737121582e-01
1403637243.888319016 2.125153350830078125e+01 4.778878211975097656e+00 -2.077890586853027344e+01 8.878543972969055176e-03 8.860229253768920898e-01 2.643282413482666016e-01 3.808085918426513672e-01
1403637243.938319206 2.135674095153808594e+01 4.634674072265625000e+00 -2.050781250000000000e+01 1.400346122682094574e-02 8.843899965286254883e-01 2.701441645622253418e-01 3.803688287734985352e-01
1403637243.988318920 2.145713424682617188e+01 4.481191635131835938e+00 -2.024347496032714844e+01 1.557636726647615433e-02 8.840948939323425293e-01 2.723653018474578857e-01 3.794084787368774414e-01
1403637244.038319111 2.155251884460449219e+01 4.329128265380859375e+00 -1.998954200744628906e+01 1.621594652533531189e-02 8.843041658401489258e-01 2.730000913143157959e-01 3.784365057945251465e-01
1403637244.088319063 2.164467239379882812e+01 4.146446228027343750e+00 -1.974279785156250000e+01 1.635667681694030762e-02 8.846735358238220215e-01 2.735674679279327393e-01 3.771552741527557373e-01
1403637244.138319016 2.173251724243164062e+01 3.980720520019531250e+00 -1.949910354614257812e+01 1.509701739996671677e-02 8.854134082794189453e-01 2.729988694190979004e-01 3.758813440799713135e-01
1403637244.188318968 2.181517028808593750e+01 3.803460121154785156e+00 -1.927809906005859375e+01 1.490681618452072144e-02 8.863861560821533203e-01 2.713127434253692627e-01 3.748156130313873291e-01
1403637244.238319159 2.190487289428710938e+01 3.617502212524414062e+00 -1.905059814453125000e+01 1.496972236782312393e-02 8.872275948524475098e-01 2.703979313373565674e-01 3.734811246395111084e-01
1403637244.288318872 2.197896003723144531e+01 3.433926582336425781e+00 -1.883995437622070312e+01 1.527279801666736603e-02 8.870792388916015625e-01 2.715939581394195557e-01 3.729529082775115967e-01
1403637244.338319063 2.205096435546875000e+01 3.248901367187500000e+00 -1.863288307189941406e+01 1.468320842832326889e-02 8.869132995605468750e-01 2.732947766780853271e-01 3.721279501914978027e-01
1403637244.388319016 2.211685562133789062e+01 3.058784484863281250e+00 -1.844047164916992188e+01 1.458458788692951202e-02 8.857046961784362793e-01 2.762737274169921875e-01 3.728100359439849854e-01
1403637244.438319206 2.219937515258789062e+01 2.847735404968261719e+00 -1.824307823181152344e+01 1.242779102176427841e-02 8.843324780464172363e-01 2.785292267799377441e-01 3.744638562202453613e-01
1403637244.488318920 2.226106262207031250e+01 2.653720855712890625e+00 -1.805311393737792969e+01 9.009899571537971497e-03 8.830284476280212402e-01 2.787853479385375977e-01 3.774364292621612549e-01
1403637244.538319111 2.233601760864257812e+01 2.446436882019042969e+00 -1.786844062805175781e+01 2.475525718182325363e-03 8.819155097007751465e-01 2.768703103065490723e-01 3.815254867076873779e-01
1403637244.588319063 2.240495491027832031e+01 2.249234199523925781e+00 -1.769005775451660156e+01 -4.799490328878164291e-03 8.802108168601989746e-01 2.750624716281890869e-01 3.867125809192657471e-01
1403637244.638319016 2.247173881530761719e+01 2.068710327148437500e+00 -1.751484870910644531e+01 -1.229170709848403931e-02 8.780838251113891602e-01 2.730078399181365967e-01 3.927906751632690430e-01
1403637244.688318968 2.254923248291015625e+01 1.885434150695800781e+00 -1.734044456481933594e+01 -1.816740445792675018e-02 8.754695653915405273e-01 2.713068425655364990e-01 3.995193243026733398e-01
1403637244.738319159 2.262988662719726562e+01 1.710177421569824219e+00 -1.716889572143554688e+01 -2.253767475485801697e-02 8.726164102554321289e-01 2.700507342815399170e-01 4.063315093517303467e-01
1403637244.788318872 2.271251678466796875e+01 1.535897254943847656e+00 -1.699881744384765625e+01 -2.564481645822525024e-02 8.700455427169799805e-01 2.690408527851104736e-01 4.122864305973052979e-01
1403637244.838319063 2.279707717895507812e+01 1.389530181884765625e+00 -1.683268547058105469e+01 -2.763828635215759277e-02 8.676638007164001465e-01 2.680777609348297119e-01 4.177678525447845459e-01
1403637244.888319016 2.288715362548828125e+01 1.233054161071777344e+00 -1.667051696777343750e+01 -2.881870605051517487e-02 8.653622865676879883e-01 2.675084471702575684e-01 4.227965176105499268e-01
1403637244.938319206 2.299358749389648438e+01 1.077842712402343750e+00 -1.650085449218750000e+01 -2.869064547121524811e-02 8.629508614540100098e-01 2.686681747436523438e-01 4.269779622554779053e-01
1403637244.988318920 2.309718513488769531e+01 9.536409378051757812e-01 -1.633323097229003906e+01 -2.776162326335906982e-02 8.605569005012512207e-01 2.706215381622314453e-01 4.306217133998870850e-01
1403637245.038319111 2.321495437622070312e+01 8.180809020996093750e-01 -1.617402839660644531e+01 -2.453070320188999176e-02 8.576620817184448242e-01 2.760108709335327148e-01 4.331650137901306152e-01
1403637245.088319063 2.332782745361328125e+01 6.910495758056640625e-01 -1.601868247985839844e+01 -1.854271069169044495e-02 8.535526990890502930e-01 2.852878868579864502e-01 4.355625808238983154e-01
1403637245.138319016 2.344570732116699219e+01 5.764799118041992188e-01 -1.586662864685058594e+01 -1.372034102678298950e-02 8.496825098991394043e-01 2.943216562271118164e-01 4.372941851615905762e-01
1403637245.188318968 2.357262039184570312e+01 4.632968902587890625e-01 -1.571450614929199219e+01 -1.194438803941011429e-02 8.468993306159973145e-01 3.012258410453796387e-01 4.380431771278381348e-01
1403637245.238319159 2.371061515808105469e+01 3.603973388671875000e-01 -1.559238433837890625e+01 -1.413461938500404358e-02 8.466672301292419434e-01 3.006860315799713135e-01 4.387968778610229492e-01
1403637245.288318872 2.384725570678710938e+01 2.649917602539062500e-01 -1.547113990783691406e+01 -1.725075580179691315e-02 8.484062552452087402e-01 2.952792048454284668e-01 4.389983117580413818e-01
1403637245.338319063 2.399713897705078125e+01 1.728763580322265625e-01 -1.535195541381835938e+01 -2.231657132506370544e-02 8.505899310111999512e-01 2.891033589839935303e-01 4.386547803878784180e-01
1403637245.388319016 2.415053558349609375e+01 8.325481414794921875e-02 -1.524358558654785156e+01 -2.485198527574539185e-02 8.522109389305114746e-01 2.838788628578186035e-01 4.387843012809753418e-01
1403637245.438319206 2.431210708618164062e+01 5.303382873535156250e-03 -1.512918281555175781e+01 -2.778529189527034760e-02 8.531444072723388672e-01 2.793058753013610840e-01 4.397282302379608154e-01
1403637245.488318920 2.448527145385742188e+01 -6.811332702636718750e-02 -1.502483940124511719e+01 -3.012018091976642609e-02 8.529320359230041504e-01 2.762353122234344482e-01 4.419206678867340088e-01
1403637245.538319111 2.464001083374023438e+01 -1.108436584472656250e-01 -1.493828773498535156e+01 -3.068432956933975220e-02 8.515037298202514648e-01 2.740133404731750488e-01 4.460005462169647217e-01
1403637245.588319063 2.481674385070800781e+01 -1.660594940185546875e-01 -1.483844947814941406e+01 -3.301850706338882446e-02 8.496915102005004883e-01 2.717038691043853760e-01 4.506785273551940918e-01
1403637245.638319016 2.499959564208984375e+01 -2.197694778442382812e-01 -1.473804473876953125e+01 -3.345846012234687805e-02 8.465796709060668945e-01 2.713524103164672852e-01 4.566740989685058594e-01
1403637245.688318968 2.519513320922851562e+01 -2.740592956542968750e-01 -1.464189910888671875e+01 -3.510551899671554565e-02 8.431528806686401367e-01 2.701206803321838379e-01 4.635684788227081299e-01
1403637245.738319159 2.539541625976562500e+01 -3.151197433471679688e-01 -1.453853988647460938e+01 -3.397717699408531189e-02 8.396640419960021973e-01 2.667924761772155762e-01 4.718385636806488037e-01
1403637245.788318872 2.560516548156738281e+01 -3.656597137451171875e-01 -1.443975257873535156e+01 -3.096261993050575256e-02 8.361650705337524414e-01 2.605232596397399902e-01 4.816605746746063232e-01
1403637245.838319063 2.582067489624023438e+01 -3.966522216796875000e-01 -1.434001922607421875e+01 -2.740247547626495361e-02 8.327609300613403320e-01 2.504081130027770996e-01 4.930052459239959717e-01
1403637245.888319016 2.603380012512207031e+01 -4.288387298583984375e-01 -1.423968505859375000e+01 -2.406704612076282501e-02 8.278774023056030273e-01 2.416061758995056152e-01 5.056345462799072266e-01
1403637245.938319206 2.625407028198242188e+01 -4.683313369750976562e-01 -1.413359832763671875e+01 -2.116044983267784119e-02 8.214836716651916504e-01 2.341472208499908447e-01 5.195112824440002441e-01
1403637245.988318920 2.645860099792480469e+01 -4.930353164672851562e-01 -1.402705955505371094e+01 -1.963562890887260437e-02 8.139905333518981934e-01 2.264805287122726440e-01 5.345469713211059570e-01
1403637246.038319111 2.667758941650390625e+01 -4.997758865356445312e-01 -1.390804672241210938e+01 -1.902678422629833221e-02 8.053076267242431641e-01 2.190532833337783813e-01 5.505755543708801270e-01
1403637246.088319063 2.689851188659667969e+01 -5.052719116210937500e-01 -1.378661918640136719e+01 -1.788696460425853729e-02 7.950778007507324219e-01 2.124433219432830811e-01 5.678021311759948730e-01
1403637246.138319016 2.710873985290527344e+01 -5.181322097778320312e-01 -1.366955947875976562e+01 -1.783615350723266602e-02 7.836783528327941895e-01 2.057347595691680908e-01 5.858356952667236328e-01
1403637246.188318968 2.731717109680175781e+01 -5.228567123413085938e-01 -1.353744316101074219e+01 -1.760475151240825653e-02 7.711455225944519043e-01 1.995715498924255371e-01 6.043144464492797852e-01
1403637246.238319159 2.751901817321777344e+01 -5.193462371826171875e-01 -1.342654037475585938e+01 -1.684449799358844757e-02 7.572667002677917480e-01 1.934534162282943726e-01 6.235697269439697266e-01
1403637246.288318872 2.772467041015625000e+01 -5.198678970336914062e-01 -1.328013038635253906e+01 -1.815315894782543182e-02 7.428264617919921875e-01 1.874236017465591431e-01 6.424575448036193848e-01
1403637246.338319063 2.792578697204589844e+01 -5.082297325134277344e-01 -1.313574790954589844e+01 -1.887005567550659180e-02 7.278010845184326172e-01 1.795612573623657227e-01 6.615945696830749512e-01
1403637246.388319016 2.811564254760742188e+01 -4.909524917602539062e-01 -1.300696563720703125e+01 -2.126767300069332123e-02 7.123541831970214844e-01 1.705899983644485474e-01 6.804397702217102051e-01
1403637246.438319206 2.830173873901367188e+01 -4.709167480468750000e-01 -1.286199474334716797e+01 -2.504273317754268646e-02 6.970403194427490234e-01 1.600129753351211548e-01 6.985009908676147461e-01
1403637246.488318920 2.847434425354003906e+01 -4.462018013000488281e-01 -1.270940589904785156e+01 -2.680543623864650726e-02 6.820289492607116699e-01 1.483521461486816406e-01 7.156184315681457520e-01
1403637246.538319111 2.865075302124023438e+01 -4.184746742248535156e-01 -1.255230236053466797e+01 -2.623162791132926941e-02 6.667917966842651367e-01 1.379351913928985596e-01 7.318978905677795410e-01
1403637246.588319063 2.881684875488281250e+01 -3.938608169555664062e-01 -1.240237331390380859e+01 -2.566735260188579559e-02 6.522293686866760254e-01 1.259937584400177002e-01 7.470365762710571289e-01
1403637246.638319016 2.898413085937500000e+01 -3.516693115234375000e-01 -1.223243904113769531e+01 -2.344148047268390656e-02 6.372198462486267090e-01 1.162389367818832397e-01 7.615050077438354492e-01
1403637246.688318968 2.912881851196289062e+01 -3.208694458007812500e-01 -1.205608463287353516e+01 -1.925012283027172089e-02 6.225693225860595703e-01 1.059041023254394531e-01 7.751265764236450195e-01
1403637246.738319159 2.926189804077148438e+01 -2.861089706420898438e-01 -1.187506294250488281e+01 -1.789617724716663361e-02 6.078825592994689941e-01 9.679937362670898438e-02 7.879012227058410645e-01
1403637246.788318872 2.936780166625976562e+01 -2.760856151580810547e-01 -1.168622398376464844e+01 -1.606243662536144257e-02 5.929448604583740234e-01 8.954570442438125610e-02 8.000875711441040039e-01
1403637246.838319063 2.948757743835449219e+01 -2.352784872055053711e-01 -1.150363349914550781e+01 -1.482646074146032333e-02 5.778390169143676758e-01 8.246427029371261597e-02 8.118385672569274902e-01
1403637246.888319016 2.958309555053710938e+01 -2.294393777847290039e-01 -1.130749702453613281e+01 -1.594923622906208038e-02 5.629323124885559082e-01 7.757415622472763062e-02 8.226999044418334961e-01
1403637246.938319206 2.965474128723144531e+01 -2.339898347854614258e-01 -1.111268806457519531e+01 -1.935005560517311096e-02 5.481424927711486816e-01 7.634593546390533447e-02 8.326684832572937012e-01
1403637246.988318920 2.972065353393554688e+01 -2.468770742416381836e-01 -1.091453742980957031e+01 -2.567249722778797150e-02 5.349627733230590820e-01 7.646325975656509399e-02 8.410167694091796875e-01
1403637247.038319111 2.978521156311035156e+01 -2.465990781784057617e-01 -1.072207355499267578e+01 -3.026290796697139740e-02 5.233304500579833984e-01 7.800196856260299683e-02 8.480124473571777344e-01
1403637247.088319063 2.983569145202636719e+01 -2.641514539718627930e-01 -1.052991199493408203e+01 -3.581338748335838318e-02 5.135982036590576172e-01 8.148805797100067139e-02 8.534014225006103516e-01
1403637247.138319016 2.988388824462890625e+01 -2.779240012168884277e-01 -1.031567478179931641e+01 -3.992196172475814819e-02 5.056036114692687988e-01 8.628530055284500122e-02 8.575115799903869629e-01
1403637247.188318968 2.993257522583007812e+01 -2.958484292030334473e-01 -1.012030887603759766e+01 -4.378537833690643311e-02 4.993574619293212891e-01 8.972081542015075684e-02 8.606248497962951660e-01
1403637247.238319159 2.997563171386718750e+01 -2.975559234619140625e-01 -9.918223381042480469e+00 -4.530930146574974060e-02 4.942877888679504395e-01 9.384225308895111084e-02 8.630297780036926270e-01
1403637247.288318872 3.002423477172851562e+01 -3.061639070510864258e-01 -9.710018157958984375e+00 -4.437141865491867065e-02 4.908846020698547363e-01 9.544596076011657715e-02 8.648431301116943359e-01
1403637247.338319063 3.005586242675781250e+01 -3.258415460586547852e-01 -9.481621742248535156e+00 -3.876790776848793030e-02 4.897965192794799805e-01 9.409925341606140137e-02 8.658763170242309570e-01
1403637247.388319016 3.008929824829101562e+01 -3.330783843994140625e-01 -9.264793395996093750e+00 -2.671965956687927246e-02 4.904637634754180908e-01 8.755481243133544922e-02 8.666403889656066895e-01
1403637247.438319206 3.010345840454101562e+01 -3.413045406341552734e-01 -9.030880928039550781e+00 -1.377021335065364838e-02 4.920077025890350342e-01 8.087738603353500366e-02 8.667166233062744141e-01
1403637247.488318920 3.013092041015625000e+01 -3.308308124542236328e-01 -8.804632186889648438e+00 -5.985836032778024673e-03 4.927764236927032471e-01 7.837052643299102783e-02 8.665989041328430176e-01
1403637247.538319111 3.013610267639160156e+01 -2.985055446624755859e-01 -8.585536956787109375e+00 -3.766181180253624916e-03 4.928685128688812256e-01 7.627556473016738892e-02 8.667460083961486816e-01
1403637247.588319063 3.013622283935546875e+01 -2.790424823760986328e-01 -8.363430976867675781e+00 -3.964506555348634720e-03 4.916080832481384277e-01 7.480197399854660034e-02 8.675888776779174805e-01
1403637247.638319016 3.012455177307128906e+01 -2.582944631576538086e-01 -8.135477066040039062e+00 -5.118096247315406799e-03 4.894044101238250732e-01 7.217873632907867432e-02 8.690496683120727539e-01
1403637247.688318968 3.010170745849609375e+01 -2.393438816070556641e-01 -7.918096065521240234e+00 -6.743874866515398026e-03 4.870974123477935791e-01 6.577923148870468140e-02 8.708408474922180176e-01
1403637247.738319159 3.007342910766601562e+01 -2.014706134796142578e-01 -7.701281547546386719e+00 -8.572448045015335083e-03 4.838653206825256348e-01 5.893338844180107117e-02 8.731138110160827637e-01
1403637247.788318872 3.003584289550781250e+01 -1.829551458358764648e-01 -7.490049839019775391e+00 -1.199897844344377518e-02 4.798269271850585938e-01 5.178800225257873535e-02 8.757512569427490234e-01
1403637247.838319063 2.997237014770507812e+01 -1.685510277748107910e-01 -7.265892982482910156e+00 -1.335968915373086929e-02 4.751301705837249756e-01 4.506460577249526978e-02 8.786592483520507812e-01
1403637247.888319016 2.987768936157226562e+01 -1.576940417289733887e-01 -7.019021987915039062e+00 -1.231157593429088593e-02 4.688152968883514404e-01 4.293870925903320312e-02 8.821660280227661133e-01
1403637247.938319206 2.978197860717773438e+01 -1.670854687690734863e-01 -6.798573970794677734e+00 -7.645385805517435074e-03 4.605380892753601074e-01 4.266469180583953857e-02 8.865810632705688477e-01
1403637247.988318920 2.966497802734375000e+01 -1.929456591606140137e-01 -6.569242477416992188e+00 -3.301860066130757332e-03 4.520296454429626465e-01 4.411981627345085144e-02 8.909050822257995605e-01
1403637248.038319111 2.954257583618164062e+01 -2.109158635139465332e-01 -6.352776527404785156e+00 -3.565522143617272377e-03 4.425825476646423340e-01 4.751343652606010437e-02 8.954610824584960938e-01
1403637248.088319063 2.940608215332031250e+01 -2.238898277282714844e-01 -6.150982856750488281e+00 -8.497804403305053711e-03 4.332341253757476807e-01 4.979144409298896790e-02 8.998648524284362793e-01
1403637248.138319016 2.923535156250000000e+01 -2.230862379074096680e-01 -5.912531852722167969e+00 -1.346390135586261749e-02 4.243443906307220459e-01 5.213813856244087219e-02 9.038983583450317383e-01
1403637248.188318968 2.908432388305664062e+01 -2.456748485565185547e-01 -5.709037780761718750e+00 -1.911240257322788239e-02 4.157324433326721191e-01 5.465066060423851013e-02 9.076423645019531250e-01
1403637248.238319159 2.891869163513183594e+01 -2.649333477020263672e-01 -5.492470741271972656e+00 -2.554374560713768005e-02 4.091444015502929688e-01 5.575152859091758728e-02 9.104066491127014160e-01
1403637248.288318872 2.874778938293457031e+01 -2.605680227279663086e-01 -5.275631427764892578e+00 -2.733802981674671173e-02 4.027425646781921387e-01 5.903594940900802612e-02 9.129983186721801758e-01
1403637248.338319063 2.858136749267578125e+01 -2.737388312816619873e-01 -5.069645881652832031e+00 -3.015573509037494659e-02 3.979942500591278076e-01 5.861082673072814941e-02 9.150169491767883301e-01
1403637248.388319016 2.838965988159179688e+01 -2.619964778423309326e-01 -4.830416679382324219e+00 -2.976919524371623993e-02 3.949938714504241943e-01 5.914734676480293274e-02 9.162943363189697266e-01
1403637248.438319206 2.821619224548339844e+01 -2.643807232379913330e-01 -4.613901615142822266e+00 -2.831849269568920135e-02 3.921718895435333252e-01 6.005086749792098999e-02 9.174928665161132812e-01
1403637248.488318920 2.803519821166992188e+01 -2.436124384403228760e-01 -4.395566940307617188e+00 -2.590985037386417389e-02 3.907416760921478271e-01 5.861952528357505798e-02 9.182665348052978516e-01
1403637248.538319111 2.785909461975097656e+01 -2.579861283302307129e-01 -4.174237728118896484e+00 -2.082950249314308167e-02 3.899273872375488281e-01 5.714950710535049438e-02 9.188345074653625488e-01
1403637248.588319063 2.766716194152832031e+01 -2.542594373226165771e-01 -3.957104682922363281e+00 -1.711292378604412079e-02 3.900178968906402588e-01 5.467490479350090027e-02 9.190233349800109863e-01
1403637248.638319016 2.747289657592773438e+01 -2.568167448043823242e-01 -3.746781826019287109e+00 -1.682628132402896881e-02 3.905341029167175293e-01 5.350733920931816101e-02 9.188781380653381348e-01
1403637248.688318968 2.726412391662597656e+01 -2.670499682426452637e-01 -3.534476041793823242e+00 -2.023964375257492065e-02 3.913871943950653076e-01 5.421258136630058289e-02 9.184048771858215332e-01
1403637248.738319159 2.706344223022460938e+01 -2.735953629016876221e-01 -3.327846288681030273e+00 -2.451822534203529358e-02 3.923256397247314453e-01 5.577164515852928162e-02 9.178065657615661621e-01
1403637248.788318872 2.685545158386230469e+01 -2.914748787879943848e-01 -3.128293037414550781e+00 -2.956080809235572815e-02 3.936338722705841064e-01 5.710797011852264404e-02 9.170153737068176270e-01
1403637248.838319063 2.664271163940429688e+01 -3.290150761604309082e-01 -2.934108972549438477e+00 -3.301948681473731995e-02 3.948201835155487061e-01 5.903140455484390259e-02 9.162652492523193359e-01
1403637248.888319016 2.642476463317871094e+01 -3.651679456233978271e-01 -2.733323097229003906e+00 -3.505945950746536255e-02 3.961413204669952393e-01 6.154938042163848877e-02 9.154531955718994141e-01
1403637248.938319206 2.620171546936035156e+01 -4.164672791957855225e-01 -2.532344579696655273e+00 -3.581819683313369751e-02 3.973047137260437012e-01 6.441435217857360840e-02 9.147222638130187988e-01
1403637248.988318920 2.597920799255371094e+01 -4.769311547279357910e-01 -2.337679624557495117e+00 -3.661200031638145447e-02 3.984589278697967529e-01 6.648003309965133667e-02 9.140408039093017578e-01
1403637249.038319111 2.574997901916503906e+01 -5.367690324783325195e-01 -2.136811494827270508e+00 -3.614034131169319153e-02 4.002312123775482178e-01 6.653282046318054199e-02 9.132810831069946289e-01
1403637249.088319063 2.552999114990234375e+01 -6.183093786239624023e-01 -1.946058034896850586e+00 -3.711222484707832336e-02 4.016352891921997070e-01 6.688541918992996216e-02 9.125996232032775879e-01
1403637249.138319016 2.530423164367675781e+01 -6.975514888763427734e-01 -1.752828598022460938e+00 -3.630281612277030945e-02 4.029568731784820557e-01 6.711727380752563477e-02 9.120324254035949707e-01
1403637249.188318968 2.506707000732421875e+01 -7.859598398208618164e-01 -1.560340404510498047e+00 -3.683866560459136963e-02 4.040309786796569824e-01 6.736316531896591187e-02 9.115175008773803711e-01
1403637249.238319159 2.482919502258300781e+01 -8.838767409324645996e-01 -1.361279010772705078e+00 -3.598950803279876709e-02 4.050889611244201660e-01 6.789686530828475952e-02 9.110420942306518555e-01
1403637249.288318872 2.459165954589843750e+01 -9.847316145896911621e-01 -1.165112495422363281e+00 -3.465740755200386047e-02 4.059222936630249023e-01 6.870917975902557373e-02 9.106619358062744141e-01
1403637249.338319063 2.435194969177246094e+01 -1.083251476287841797e+00 -9.667696952819824219e-01 -3.336583822965621948e-02 4.074197113513946533e-01 6.713882833719253540e-02 9.101583957672119141e-01
1403637249.388319016 2.410697746276855469e+01 -1.173008918762207031e+00 -7.693877220153808594e-01 -3.301704302430152893e-02 4.079560041427612305e-01 6.799764931201934814e-02 9.098671078681945801e-01
1403637249.438319206 2.387152290344238281e+01 -1.257846355438232422e+00 -5.596871376037597656e-01 -3.302360326051712036e-02 4.082220792770385742e-01 6.893745809793472290e-02 9.096767902374267578e-01
1403637249.488318920 2.363014030456542969e+01 -1.308025598526000977e+00 -3.538331985473632812e-01 -3.228425979614257812e-02 4.085842967033386230e-01 6.896763294935226440e-02 9.095383882522583008e-01
1403637249.538319111 2.338776397705078125e+01 -1.346197605133056641e+00 -1.421947479248046875e-01 -3.229803964495658875e-02 4.084691107273101807e-01 6.957302987575531006e-02 9.095435142517089844e-01
1403637249.588319063 2.315067481994628906e+01 -1.372623920440673828e+00 7.464981079101562500e-02 -3.204952552914619446e-02 4.081021845340728760e-01 7.020460069179534912e-02 9.096685647964477539e-01
1403637249.638319016 2.291045951843261719e+01 -1.376096487045288086e+00 2.931528091430664062e-01 -3.165641054511070251e-02 4.077662825584411621e-01 7.005540281534194946e-02 9.098443984985351562e-01
1403637249.688318968 2.266559219360351562e+01 -1.366257429122924805e+00 5.215992927551269531e-01 -2.946147136390209198e-02 4.078011512756347656e-01 6.894595921039581299e-02 9.099872708320617676e-01
1403637249.738319159 2.242291831970214844e+01 -1.359300851821899414e+00 7.442364692687988281e-01 -2.452724054455757141e-02 4.072881340980529785e-01 6.754601001739501953e-02 9.104682207107543945e-01
1403637249.788318872 2.217329406738281250e+01 -1.359902620315551758e+00 9.649596214294433594e-01 -2.056608535349369049e-02 4.066816568374633789e-01 6.475728005170822144e-02 9.110398888587951660e-01
1403637249.838319063 2.192129707336425781e+01 -1.361048340797424316e+00 1.182576179504394531e+00 -1.658875681459903717e-02 4.047272801399230957e-01 6.255202740430831909e-02 9.121447205543518066e-01
1403637249.888319016 2.166320991516113281e+01 -1.371972441673278809e+00 1.397684097290039062e+00 -1.453442126512527466e-02 4.010675847530364990e-01 6.112595647573471069e-02 9.138913154602050781e-01
1403637249.938319206 2.138721084594726562e+01 -1.394593477249145508e+00 1.605969905853271484e+00 -1.520243659615516663e-02 3.961239159107208252e-01 5.970563367009162903e-02 9.161277413368225098e-01
1403637249.988318920 2.111540222167968750e+01 -1.414093017578125000e+00 1.825871467590332031e+00 -1.604340970516204834e-02 3.894776701927185059e-01 6.170287355780601501e-02 9.188267588615417480e-01
1403637250.038319111 2.083422660827636719e+01 -1.445966243743896484e+00 2.026228904724121094e+00 -1.776227168738842010e-02 3.823829889297485352e-01 6.579317152500152588e-02 9.214874505996704102e-01
1403637250.088319063 2.055209732055664062e+01 -1.483622550964355469e+00 2.223603248596191406e+00 -1.896888203918933868e-02 3.752192258834838867e-01 7.035783678293228149e-02 9.240674376487731934e-01
1403637250.138319016 2.027332687377929688e+01 -1.524224519729614258e+00 2.418300151824951172e+00 -2.207147702574729919e-02 3.684651255607604980e-01 7.304660230875015259e-02 9.265045523643493652e-01
1403637250.188318968 1.999449729919433594e+01 -1.574755191802978516e+00 2.609086036682128906e+00 -2.309980802237987518e-02 3.617157340049743652e-01 7.413415610790252686e-02 9.290491342544555664e-01
1403637250.238319159 1.971209716796875000e+01 -1.611239910125732422e+00 2.795464515686035156e+00 -2.291037887334823608e-02 3.543244004249572754e-01 7.596255838871002197e-02 9.317505955696105957e-01
1403637250.288318872 1.943955802917480469e+01 -1.640642404556274414e+00 2.977858066558837891e+00 -2.256871573626995087e-02 3.475067317485809326e-01 7.794263958930969238e-02 9.341599345207214355e-01
1403637250.338319063 1.916315460205078125e+01 -1.668060183525085449e+00 3.162382841110229492e+00 -2.118309959769248962e-02 3.413343131542205811e-01 8.079770952463150024e-02 9.362232685089111328e-01
1403637250.388319016 1.889378547668457031e+01 -1.683860063552856445e+00 3.345844745635986328e+00 -2.120237052440643311e-02 3.365752100944519043e-01 8.237644284963607788e-02 9.378069043159484863e-01
1403637250.438319206 1.863274383544921875e+01 -1.694518566131591797e+00 3.526995420455932617e+00 -2.117647603154182434e-02 3.320606350898742676e-01 8.570297807455062866e-02 9.391178488731384277e-01
1403637250.488318920 1.837986564636230469e+01 -1.708633422851562500e+00 3.705164670944213867e+00 -2.165533788502216339e-02 3.279337584972381592e-01 8.960328996181488037e-02 9.401924610137939453e-01
1403637250.538319111 1.812887001037597656e+01 -1.702702522277832031e+00 3.873314142227172852e+00 -2.384687773883342743e-02 3.250448107719421387e-01 9.208977967500686646e-02 9.409021139144897461e-01
1403637250.588319063 1.788010978698730469e+01 -1.699541807174682617e+00 4.038034439086914062e+00 -2.518401294946670532e-02 3.225040435791015625e-01 9.422265738248825073e-02 9.415301680564880371e-01
1403637250.638319016 1.764120101928710938e+01 -1.714810371398925781e+00 4.197867393493652344e+00 -2.812552079558372498e-02 3.199509382247924805e-01 9.299471974372863770e-02 9.424396157264709473e-01
1403637250.688318968 1.741850090026855469e+01 -1.733132839202880859e+00 4.342051506042480469e+00 -2.972395531833171844e-02 3.170718550682067871e-01 9.266732633113861084e-02 9.433953166007995605e-01
1403637250.738319159 1.720145416259765625e+01 -1.756359577178955078e+00 4.483147621154785156e+00 -3.092070482671260834e-02 3.148854374885559082e-01 9.171552211046218872e-02 9.441818594932556152e-01
1403637250.788318872 1.698131370544433594e+01 -1.780037164688110352e+00 4.627403259277343750e+00 -3.252511471509933472e-02 3.137216567993164062e-01 8.911275863647460938e-02 9.447644352912902832e-01
1403637250.838319063 1.676792144775390625e+01 -1.822471618652343750e+00 4.755264759063720703e+00 -3.164988011121749878e-02 3.124477565288543701e-01 8.862682431936264038e-02 9.452618956565856934e-01
1403637250.888319016 1.657085418701171875e+01 -1.870565176010131836e+00 4.882606983184814453e+00 -2.998809516429901123e-02 3.114309310913085938e-01 8.792509138584136963e-02 9.457170963287353516e-01
1403637250.938319206 1.637746620178222656e+01 -1.918902635574340820e+00 5.003902435302734375e+00 -2.996578626334667206e-02 3.101651966571807861e-01 8.935783803462982178e-02 9.459994435310363770e-01
1403637250.988318920 1.618916130065917969e+01 -1.975679636001586914e+00 5.120909690856933594e+00 -2.886451780796051025e-02 3.092737793922424316e-01 9.029827266931533813e-02 9.462361335754394531e-01
1403637251.038319111 1.601082992553710938e+01 -2.040882825851440430e+00 5.225571632385253906e+00 -2.866753377020359039e-02 3.071304559707641602e-01 9.122641384601593018e-02 9.468510150909423828e-01
1403637251.088319063 1.583782005310058594e+01 -2.110236644744873047e+00 5.326222419738769531e+00 -2.942421101033687592e-02 3.036408722400665283e-01 9.296038746833801270e-02 9.477841258049011230e-01
1403637251.138319016 1.566580390930175781e+01 -2.186899185180664062e+00 5.423291206359863281e+00 -3.094038553535938263e-02 2.992256581783294678e-01 9.564408659934997559e-02 9.488725066184997559e-01
1403637251.188318968 1.551133155822753906e+01 -2.265809535980224609e+00 5.514523506164550781e+00 -3.177505359053611755e-02 2.947902381420135498e-01 9.776719659566879272e-02 9.500162005424499512e-01
1403637251.238319159 1.536321258544921875e+01 -2.359268188476562500e+00 5.597309589385986328e+00 -3.294477984309196472e-02 2.908755242824554443e-01 9.905513375997543335e-02 9.510490298271179199e-01
1403637251.288318872 1.522467231750488281e+01 -2.458691596984863281e+00 5.682535171508789062e+00 -3.296171873807907104e-02 2.873971462249755859e-01 9.899290651082992554e-02 9.521117806434631348e-01
1403637251.338319063 1.509274768829345703e+01 -2.564946174621582031e+00 5.748196601867675781e+00 -3.233527392148971558e-02 2.842165529727935791e-01 9.501013159751892090e-02 9.534927606582641602e-01
1403637251.388319016 1.497088909149169922e+01 -2.679707050323486328e+00 5.813829421997070312e+00 -3.101493231952190399e-02 2.824424505233764648e-01 8.549396693706512451e-02 9.549634456634521484e-01
1403637251.438319206 1.485857582092285156e+01 -2.790002584457397461e+00 5.871927261352539062e+00 -2.961812913417816162e-02 2.783457338809967041e-01 7.948519289493560791e-02 9.567281007766723633e-01
1403637251.488318920 1.474450206756591797e+01 -2.893823862075805664e+00 5.935254096984863281e+00 -2.851775847375392914e-02 2.737171649932861328e-01 7.274759560823440552e-02 9.586310386657714844e-01
1403637251.538319111 1.464094543457031250e+01 -2.997721195220947266e+00 5.994330883026123047e+00 -2.758442424237728119e-02 2.676655650138854980e-01 6.777275353670120239e-02 9.607294797897338867e-01
1403637251.588319063 1.453969383239746094e+01 -3.096375942230224609e+00 6.043947219848632812e+00 -2.724819816648960114e-02 2.613454163074493408e-01 6.305588036775588989e-02 9.627981185913085938e-01
1403637251.638319016 1.444584274291992188e+01 -3.185420751571655273e+00 6.092012882232666016e+00 -2.675078809261322021e-02 2.553368508815765381e-01 5.950021743774414062e-02 9.646487832069396973e-01
1403637251.688318968 1.435876464843750000e+01 -3.264608383178710938e+00 6.138004302978515625e+00 -2.655906789004802704e-02 2.491519451141357422e-01 5.778388679027557373e-02 9.663740992546081543e-01
1403637251.738319159 1.426579856872558594e+01 -3.340854406356811523e+00 6.186938285827636719e+00 -2.644301950931549072e-02 2.439195513725280762e-01 5.653270706534385681e-02 9.677851796150207520e-01
1403637251.788318872 1.417933845520019531e+01 -3.409373283386230469e+00 6.237331390380859375e+00 -2.583460323512554169e-02 2.396579533815383911e-01 5.535884574055671692e-02 9.689334630966186523e-01
1403637251.838319063 1.409217643737792969e+01 -3.475918531417846680e+00 6.276454925537109375e+00 -2.606168575584888458e-02 2.367945909500122070e-01 5.289075523614883423e-02 9.697688817977905273e-01
1403637251.888319016 1.401657009124755859e+01 -3.535647392272949219e+00 6.322990417480468750e+00 -2.335358224809169769e-02 2.349414825439453125e-01 4.936117678880691528e-02 9.704744219779968262e-01
1403637251.938319206 1.394381904602050781e+01 -3.590549945831298828e+00 6.362054347991943359e+00 -2.132554352283477783e-02 2.342353314161300659e-01 4.334729164838790894e-02 9.709789752960205078e-01
1403637251.988318920 1.387378215789794922e+01 -3.645109891891479492e+00 6.398557662963867188e+00 -1.787739619612693787e-02 2.344133108854293823e-01 3.629442304372787476e-02 9.712948203086853027e-01
1403637252.038319111 1.380942630767822266e+01 -3.686804533004760742e+00 6.433364868164062500e+00 -1.537074241787195206e-02 2.343202084302902222e-01 3.183321654796600342e-02 9.715166091918945312e-01
1403637252.088319063 1.373576354980468750e+01 -3.721300601959228516e+00 6.471939563751220703e+00 -1.192154083400964737e-02 2.340992689132690430e-01 2.814156562089920044e-02 9.717322587966918945e-01
1403637252.138319016 1.366493320465087891e+01 -3.759853601455688477e+00 6.497926712036132812e+00 -8.744203485548496246e-03 2.334530949592590332e-01 2.680198475718498230e-02 9.719592928886413574e-01
1403637252.188318968 1.359222984313964844e+01 -3.784038066864013672e+00 6.519388675689697266e+00 -5.220985505729913712e-03 2.321486324071884155e-01 2.809643186628818512e-02 9.722604751586914062e-01
1403637252.238319159 1.351040649414062500e+01 -3.804681301116943359e+00 6.545557498931884766e+00 -4.239840433001518250e-03 2.310771346092224121e-01 3.032813966274261475e-02 9.724534153938293457e-01
1403637252.288318872 1.343567276000976562e+01 -3.815695524215698242e+00 6.562774658203125000e+00 -4.340241663157939911e-03 2.300370037555694580e-01 3.247364610433578491e-02 9.726303219795227051e-01
1403637252.338319063 1.336407470703125000e+01 -3.816735029220581055e+00 6.575160503387451172e+00 -5.716679152101278305e-03 2.291372120380401611e-01 3.475323691964149475e-02 9.727567434310913086e-01
1403637252.388319016 1.328206539154052734e+01 -3.809248447418212891e+00 6.576288223266601562e+00 -9.029688313603401184e-03 2.284429818391799927e-01 3.743249550461769104e-02 9.727954864501953125e-01
1403637252.438319206 1.320695209503173828e+01 -3.787414550781250000e+00 6.583002090454101562e+00 -1.368120312690734863e-02 2.279653996229171753e-01 4.021829739212989807e-02 9.727420806884765625e-01
1403637252.488318920 1.313487434387207031e+01 -3.769469976425170898e+00 6.585872650146484375e+00 -1.729482971131801605e-02 2.277727723121643066e-01 4.217581823468208313e-02 9.726467728614807129e-01
1403637252.538319111 1.305765247344970703e+01 -3.737947463989257812e+00 6.581015110015869141e+00 -2.010310627520084381e-02 2.276669740676879883e-01 4.362364113330841064e-02 9.725536704063415527e-01
1403637252.588319063 1.297713088989257812e+01 -3.703295469284057617e+00 6.584095954895019531e+00 -2.258075214922428131e-02 2.277920991182327271e-01 4.512751847505569458e-02 9.724013805389404297e-01
1403637252.638319016 1.291028404235839844e+01 -3.659123420715332031e+00 6.578150272369384766e+00 -2.500822953879833221e-02 2.273636311292648315e-01 4.752605780959129333e-02 9.723280072212219238e-01
1403637252.688318968 1.284563446044921875e+01 -3.610754013061523438e+00 6.561478137969970703e+00 -2.962040342390537262e-02 2.264630198478698730e-01 5.104349181056022644e-02 9.722303152084350586e-01
1403637252.738319159 1.278159809112548828e+01 -3.566057205200195312e+00 6.555088043212890625e+00 -3.460633009672164917e-02 2.252199500799179077e-01 5.595592781901359558e-02 9.720840454101562500e-01
1403637252.788318872 1.272481346130371094e+01 -3.512750387191772461e+00 6.543675422668457031e+00 -3.921427577733993530e-02 2.239894568920135498e-01 6.130873784422874451e-02 9.718705415725708008e-01
1403637252.838319063 1.266738033294677734e+01 -3.479322195053100586e+00 6.532276630401611328e+00 -4.294152557849884033e-02 2.240500599145889282e-01 6.208565086126327515e-02 9.716496467590332031e-01
1403637252.888319016 1.262461853027343750e+01 -3.456240892410278320e+00 6.515013694763183594e+00 -4.204236716032028198e-02 2.254155427217483521e-01 5.868802964687347412e-02 9.715843200683593750e-01
1403637252.938319206 1.258240222930908203e+01 -3.439549207687377930e+00 6.492959022521972656e+00 -3.803198784589767456e-02 2.273057401180267334e-01 5.414924398064613342e-02 9.715726971626281738e-01
1403637252.988318920 1.254448032379150391e+01 -3.431591749191284180e+00 6.465981960296630859e+00 -3.509114682674407959e-02 2.291050851345062256e-01 4.888244345784187317e-02 9.715400338172912598e-01
1403637253.038319111 1.251157760620117188e+01 -3.434377431869506836e+00 6.439746856689453125e+00 -3.254686295986175537e-02 2.306385189294815063e-01 4.507873579859733582e-02 9.714497327804565430e-01
1403637253.088319063 1.248325443267822266e+01 -3.439621925354003906e+00 6.409191131591796875e+00 -3.015919402241706848e-02 2.313590049743652344e-01 4.325650259852409363e-02 9.714382886886596680e-01
1403637253.138319016 1.245514392852783203e+01 -3.451608180999755859e+00 6.382476806640625000e+00 -2.834283374249935150e-02 2.323474586009979248e-01 4.142614826560020447e-02 9.713368415832519531e-01
1403637253.188318968 1.242958164215087891e+01 -3.455011606216430664e+00 6.353752613067626953e+00 -2.758922986686229706e-02 2.328529208898544312e-01 4.057244211435317993e-02 9.712735414505004883e-01
1403637253.238319159 1.240284538269042969e+01 -3.458361387252807617e+00 6.320230484008789062e+00 -2.611587941646575928e-02 2.332832068204879761e-01 4.028820618987083435e-02 9.712228775024414062e-01
1403637253.288318872 1.237948417663574219e+01 -3.458771705627441406e+00 6.284143447875976562e+00 -2.628071233630180359e-02 2.338325828313827515e-01 3.998800367116928101e-02 9.710987210273742676e-01
1403637253.338319063 1.233984088897705078e+01 -3.446700811386108398e+00 6.256669044494628906e+00 -2.633545175194740295e-02 2.338320165872573853e-01 4.144996032118797302e-02 9.710360169410705566e-01
1403637253.388319016 1.231886768341064453e+01 -3.432211399078369141e+00 6.215370655059814453e+00 -2.623648755252361298e-02 2.343408018350601196e-01 4.029712453484535217e-02 9.709646105766296387e-01
1403637253.438319206 1.228901672363281250e+01 -3.403095722198486328e+00 6.183881759643554688e+00 -2.520171180367469788e-02 2.338451296091079712e-01 4.246129095554351807e-02 9.710192680358886719e-01
1403637253.488318920 1.227011966705322266e+01 -3.368406772613525391e+00 6.155982017517089844e+00 -2.468417212367057800e-02 2.343794256448745728e-01 4.151818901300430298e-02 9.709445238113403320e-01
1403637253.538319111 1.224706554412841797e+01 -3.331507682800292969e+00 6.120229721069335938e+00 -2.609508857131004333e-02 2.348368614912033081e-01 4.126311093568801880e-02 9.708079695701599121e-01
1403637253.588319063 1.222368240356445312e+01 -3.287576913833618164e+00 6.086269855499267578e+00 -2.639404498040676117e-02 2.350984811782836914e-01 4.072946682572364807e-02 9.707590937614440918e-01
1403637253.638319016 1.220382785797119141e+01 -3.257338762283325195e+00 6.043031215667724609e+00 -2.702984772622585297e-02 2.356951832771301270e-01 3.867679461836814880e-02 9.706808328628540039e-01
1403637253.688318968 1.217629814147949219e+01 -3.230524778366088867e+00 5.997958660125732422e+00 -2.652914822101593018e-02 2.364299446344375610e-01 3.625954315066337585e-02 9.706093072891235352e-01
1403637253.738319159 1.215225791931152344e+01 -3.210758924484252930e+00 5.950040817260742188e+00 -2.632410824298858643e-02 2.370301038026809692e-01 3.426651656627655029e-02 9.705408811569213867e-01
1403637253.788318872 1.212933826446533203e+01 -3.196742057800292969e+00 5.903075695037841797e+00 -2.505026571452617645e-02 2.381442040205001831e-01 3.076424077153205872e-02 9.704192280769348145e-01
1403637253.838319063 1.210197639465332031e+01 -3.179790735244750977e+00 5.858310699462890625e+00 -2.472939901053905487e-02 2.387152463197708130e-01 2.988769672811031342e-02 9.703145027160644531e-01
1403637253.888319016 1.207496070861816406e+01 -3.177115678787231445e+00 5.799778938293457031e+00 -2.445722371339797974e-02 2.388379126787185669e-01 2.889346517622470856e-02 9.703213572502136230e-01
1403637253.938319206 1.204086399078369141e+01 -3.183097600936889648e+00 5.739146232604980469e+00 -2.433037944138050079e-02 2.388499677181243896e-01 2.876136451959609985e-02 9.703254699707031250e-01
1403637253.988318920 1.201158237457275391e+01 -3.189043760299682617e+00 5.671712875366210938e+00 -2.439645864069461823e-02 2.390826642513275146e-01 2.826732397079467773e-02 9.702810645103454590e-01
1403637254.038319111 1.196700286865234375e+01 -3.202685594558715820e+00 5.604571342468261719e+00 -2.370348013937473297e-02 2.397065460681915283e-01 2.640172094106674194e-02 9.701968431472778320e-01
1403637254.088319063 1.191835975646972656e+01 -3.228993177413940430e+00 5.539588928222656250e+00 -2.311713807284832001e-02 2.392983585596084595e-01 2.631054259836673737e-02 9.703142046928405762e-01
1403637254.138319016 1.187466049194335938e+01 -3.254679918289184570e+00 5.466866493225097656e+00 -2.224244736135005951e-02 2.374266237020492554e-01 2.487009018659591675e-02 9.708323478698730469e-01
1403637254.188318968 1.182807445526123047e+01 -3.281389951705932617e+00 5.387854576110839844e+00 -2.265380136668682098e-02 2.339313030242919922e-01 2.453007735311985016e-02 9.716796278953552246e-01
1403637254.238319159 1.177917671203613281e+01 -3.312605381011962891e+00 5.312202453613281250e+00 -2.477523311972618103e-02 2.298292070627212524e-01 2.277747355401515961e-02 9.726489186286926270e-01
1403637254.288318872 1.171525478363037109e+01 -3.358423709869384766e+00 5.226976394653320312e+00 -2.791474387049674988e-02 2.254166007041931152e-01 2.079290524125099182e-02 9.736405014991760254e-01
1403637254.338319063 1.165255928039550781e+01 -3.398601531982421875e+00 5.152893066406250000e+00 -3.132395073771476746e-02 2.209371179342269897e-01 1.945659518241882324e-02 9.745907783508300781e-01
1403637254.388319016 1.158877182006835938e+01 -3.439568042755126953e+00 5.072915554046630859e+00 -3.485984727740287781e-02 2.164200693368911743e-01 1.843777298927307129e-02 9.755035638809204102e-01
1403637254.438319206 1.152761936187744141e+01 -3.467992067337036133e+00 4.990723133087158203e+00 -3.700287640094757080e-02 2.121255099773406982e-01 1.801915094256401062e-02 9.763754010200500488e-01
1403637254.488318920 1.145594787597656250e+01 -3.493843555450439453e+00 4.918591976165771484e+00 -3.972794860601425171e-02 2.093162238597869873e-01 1.652800664305686951e-02 9.769008755683898926e-01
1403637254.538319111 1.138586330413818359e+01 -3.519824266433715820e+00 4.846095085144042969e+00 -4.130143299698829651e-02 2.059994339942932129e-01 1.637137308716773987e-02 9.775430560111999512e-01
1403637254.588319063 1.132646179199218750e+01 -3.527448177337646484e+00 4.772477149963378906e+00 -4.098603874444961548e-02 2.033668607473373413e-01 1.516085863113403320e-02 9.781268835067749023e-01
1403637254.638319016 1.125880908966064453e+01 -3.542603492736816406e+00 4.704163074493408203e+00 -3.988881781697273254e-02 2.012538611888885498e-01 1.488086953759193420e-02 9.786134958267211914e-01
1403637254.688318968 1.119685649871826172e+01 -3.547289133071899414e+00 4.638381481170654297e+00 -3.875333815813064575e-02 1.996555626392364502e-01 1.361827831715345383e-02 9.790048003196716309e-01
1403637254.738319159 1.112591552734375000e+01 -3.545803546905517578e+00 4.578032493591308594e+00 -3.627976030111312866e-02 1.984400451183319092e-01 1.247342862188816071e-02 9.793619513511657715e-01
1403637254.788318872 1.105481243133544922e+01 -3.545462846755981445e+00 4.513643264770507812e+00 -3.354746475815773010e-02 1.972832232713699341e-01 1.256401557475328445e-02 9.796918630599975586e-01
1403637254.838319063 1.098817539215087891e+01 -3.533941507339477539e+00 4.456805706024169922e+00 -3.082805871963500977e-02 1.957930177450180054e-01 1.383100729435682297e-02 9.800630211830139160e-01
1403637254.888319016 1.091324329376220703e+01 -3.521977186203002930e+00 4.402202129364013672e+00 -2.869748510420322418e-02 1.950417757034301758e-01 1.390697527676820755e-02 9.802764058113098145e-01
1403637254.938319206 1.084160804748535156e+01 -3.494198560714721680e+00 4.345606327056884766e+00 -2.692083269357681274e-02 1.944062262773513794e-01 1.444166246801614761e-02 9.804453253746032715e-01
1403637254.988318920 1.077278900146484375e+01 -3.470653772354125977e+00 4.289257526397705078e+00 -2.470189891755580902e-02 1.941835880279541016e-01 1.406162139028310776e-02 9.805533289909362793e-01
1403637255.038319111 1.069456386566162109e+01 -3.436210155487060547e+00 4.233706951141357422e+00 -2.466288581490516663e-02 1.936178654432296753e-01 1.369611173868179321e-02 9.806714057922363281e-01
1403637255.088319063 1.061857700347900391e+01 -3.404042482376098633e+00 4.177085876464843750e+00 -2.358019910752773285e-02 1.912984549999237061e-01 1.314054895192384720e-02 9.811607003211975098e-01
1403637255.138319016 1.053694629669189453e+01 -3.373677253723144531e+00 4.116263389587402344e+00 -2.385383658111095428e-02 1.875060498714447021e-01 1.314887497574090958e-02 9.818857312202453613e-01
1403637255.188318968 1.044942665100097656e+01 -3.350399732589721680e+00 4.053455352783203125e+00 -2.422307245433330536e-02 1.831543594598770142e-01 1.158753968775272369e-02 9.827174544334411621e-01
1403637255.238319159 1.036115455627441406e+01 -3.323541164398193359e+00 3.985693216323852539e+00 -2.399761416018009186e-02 1.782663911581039429e-01 1.057393755763769150e-02 9.836328029632568359e-01
1403637255.288318872 1.026350498199462891e+01 -3.308234214782714844e+00 3.915068387985229492e+00 -2.325352095067501068e-02 1.735732704401016235e-01 1.019907090812921524e-02 9.844936132431030273e-01
1403637255.338319063 1.017737770080566406e+01 -3.304794549942016602e+00 3.836026430130004883e+00 -2.224386855959892273e-02 1.689940243959426880e-01 9.519033133983612061e-03 9.853200912475585938e-01
1403637255.388319016 1.008784961700439453e+01 -3.297182559967041016e+00 3.754281759262084961e+00 -2.334222756326198578e-02 1.634558439254760742e-01 9.781902655959129333e-03 9.862259626388549805e-01
1403637255.438319206 9.997205734252929688e+00 -3.283294677734375000e+00 3.672417879104614258e+00 -2.423129789531230927e-02 1.580049693584442139e-01 8.059603162109851837e-03 9.871081113815307617e-01
1403637255.488318920 9.896784782409667969e+00 -3.266677379608154297e+00 3.590494632720947266e+00 -2.526568248867988586e-02 1.519631147384643555e-01 6.168884690850973129e-03 9.880439639091491699e-01
1403637255.538319111 9.808213233947753906e+00 -3.239273786544799805e+00 3.512578487396240234e+00 -2.612327225506305695e-02 1.454557925462722778e-01 3.059610491618514061e-03 9.890151619911193848e-01
1403637255.588319063 9.712213516235351562e+00 -3.214422941207885742e+00 3.431547641754150391e+00 -2.708544768393039703e-02 1.385456174612045288e-01 -1.247482839971780777e-03 9.899848103523254395e-01
1403637255.638319016 9.620944976806640625e+00 -3.174698591232299805e+00 3.347821712493896484e+00 -2.713810279965400696e-02 1.308360546827316284e-01 -4.870604258030653000e-03 9.910205602645874023e-01
1403637255.688318968 9.523903846740722656e+00 -3.131049394607543945e+00 3.263199567794799805e+00 -2.905050665140151978e-02 1.225076243281364441e-01 -9.187573567032814026e-03 9.919998049736022949e-01
1403637255.738319159 9.422682762145996094e+00 -3.088807344436645508e+00 3.179749011993408203e+00 -3.151249513030052185e-02 1.134298369288444519e-01 -1.321411877870559692e-02 9.929582476615905762e-01
1403637255.788318872 9.323018074035644531e+00 -3.050902843475341797e+00 3.089035987854003906e+00 -3.396731242537498474e-02 1.040420830249786377e-01 -1.780591346323490143e-02 9.938332438468933105e-01
1403637255.838319063 9.215118408203125000e+00 -3.022259712219238281e+00 3.001218557357788086e+00 -3.688102588057518005e-02 9.396802634000778198e-02 -2.117311209440231323e-02 9.946665763854980469e-01
1403637255.888319016 9.112044334411621094e+00 -2.995494842529296875e+00 2.903717041015625000e+00 -3.953931108117103577e-02 8.357409387826919556e-02 -2.473432384431362152e-02 9.954096078872680664e-01
1403637255.938319206 9.016718864440917969e+00 -2.989216566085815430e+00 2.813865423202514648e+00 -4.059305414557456970e-02 7.361833751201629639e-02 -2.810611389577388763e-02 9.960635900497436523e-01
1403637255.988318920 8.900753974914550781e+00 -2.992014169692993164e+00 2.721801996231079102e+00 -4.211580008268356323e-02 6.457640975713729858e-02 -3.033363632857799530e-02 9.965621232986450195e-01
1403637256.038319111 8.788924217224121094e+00 -2.993688106536865234e+00 2.625983715057373047e+00 -4.273217171430587769e-02 5.716981738805770874e-02 -3.334425389766693115e-02 9.968920946121215820e-01
1403637256.088319063 8.685783386230468750e+00 -3.006101131439208984e+00 2.523109912872314453e+00 -4.362440481781959534e-02 5.121395736932754517e-02 -3.633652254939079285e-02 9.970725774765014648e-01
1403637256.138319016 8.573256492614746094e+00 -3.023370981216430664e+00 2.425179958343505859e+00 -4.293316602706909180e-02 4.653400555253028870e-02 -3.827397152781486511e-02 9.972594976425170898e-01
1403637256.188318968 8.465135574340820312e+00 -3.042211055755615234e+00 2.327920198440551758e+00 -4.074639454483985901e-02 4.292347654700279236e-02 -4.002019762992858887e-02 9.974446296691894531e-01
1403637256.238319159 8.352634429931640625e+00 -3.059004306793212891e+00 2.234828472137451172e+00 -3.701226785778999329e-02 3.997179865837097168e-02 -4.121054708957672119e-02 9.976643323898315430e-01
1403637256.288318872 8.240034103393554688e+00 -3.069700479507446289e+00 2.144652605056762695e+00 -3.499361500144004822e-02 3.779955580830574036e-02 -4.173151403665542603e-02 9.978001713752746582e-01
1403637256.338319063 8.131836891174316406e+00 -3.060709953308105469e+00 2.053343534469604492e+00 -3.320075944066047668e-02 3.659160435199737549e-02 -4.281283915042877197e-02 9.978606700897216797e-01
1403637256.388319016 8.009221076965332031e+00 -3.055817127227783203e+00 1.970783829689025879e+00 -3.163047134876251221e-02 3.604403510689735413e-02 -4.346057772636413574e-02 9.979036450386047363e-01
1403637256.438319206 7.888351440429687500e+00 -3.041210174560546875e+00 1.886224985122680664e+00 -3.109758533537387848e-02 3.635959327220916748e-02 -4.507079720497131348e-02 9.978374838829040527e-01
1403637256.488318920 7.773934841156005859e+00 -3.018732547760009766e+00 1.804430007934570312e+00 -3.022661246359348297e-02 3.699493780732154846e-02 -4.565668478608131409e-02 9.978142380714416504e-01
1403637256.538319111 7.654522895812988281e+00 -2.988451480865478516e+00 1.713038206100463867e+00 -2.906901203095912933e-02 3.712645173072814941e-02 -4.476340115070343018e-02 9.978842139244079590e-01
1403637256.588319063 7.545924663543701172e+00 -2.949016809463500977e+00 1.632129907608032227e+00 -2.895303256809711456e-02 3.788436949253082275e-02 -4.403294995427131653e-02 9.978916049003601074e-01
1403637256.638319016 7.422091007232666016e+00 -2.903641462326049805e+00 1.545950412750244141e+00 -3.186408802866935730e-02 3.884840756654739380e-02 -4.227817058563232422e-02 9.978417158126831055e-01
1403637256.688318968 7.296187877655029297e+00 -2.853938817977905273e+00 1.460812449455261230e+00 -3.676160424947738647e-02 3.826586157083511353e-02 -3.668353334069252014e-02 9.979171752929687500e-01
1403637256.738319159 7.169103622436523438e+00 -2.798105955123901367e+00 1.373746871948242188e+00 -4.291213676333427429e-02 3.748140111565589905e-02 -2.958967164158821106e-02 9.979370236396789551e-01
1403637256.788318872 7.039948940277099609e+00 -2.744385004043579102e+00 1.292831659317016602e+00 -4.742341116070747375e-02 3.697749972343444824e-02 -2.248495630919933319e-02 9.979369640350341797e-01
1403637256.838319063 6.918835163116455078e+00 -2.688492536544799805e+00 1.205461144447326660e+00 -4.959210380911827087e-02 3.642347082495689392e-02 -1.636415719985961914e-02 9.979710578918457031e-01
1403637256.888319016 6.798743247985839844e+00 -2.628485918045043945e+00 1.129714250564575195e+00 -4.930451884865760803e-02 3.581237420439720154e-02 -1.413847040385007858e-02 9.980413913726806641e-01
1403637256.938319206 6.680413722991943359e+00 -2.573329925537109375e+00 1.056092739105224609e+00 -4.596284776926040649e-02 3.504225611686706543e-02 -1.669128239154815674e-02 9.981888532638549805e-01
1403637256.988318920 6.562401294708251953e+00 -2.515266895294189453e+00 9.808113574981689453e-01 -4.404128715395927429e-02 3.280225768685340881e-02 -1.919348351657390594e-02 9.983066320419311523e-01
1403637257.038319111 6.447739601135253906e+00 -2.469821214675903320e+00 9.071850776672363281e-01 -4.130394011735916138e-02 2.954838424921035767e-02 -2.400170639157295227e-02 9.984211921691894531e-01
1403637257.088319063 6.345089912414550781e+00 -2.434656143188476562e+00 8.272334337234497070e-01 -3.930372372269630432e-02 2.598328329622745514e-02 -2.824851125478744507e-02 9.984899759292602539e-01
1403637257.138319016 6.233643531799316406e+00 -2.404724597930908203e+00 7.460365891456604004e-01 -3.830172494053840637e-02 2.279772423207759857e-02 -3.217076882719993591e-02 9.984880685806274414e-01
1403637257.188318968 6.118488788604736328e+00 -2.379273891448974609e+00 6.660960316658020020e-01 -3.742588311433792114e-02 1.949665695428848267e-02 -3.500067815184593201e-02 9.984959363937377930e-01
1403637257.238319159 6.007412433624267578e+00 -2.360342502593994141e+00 5.819265246391296387e-01 -3.813787177205085754e-02 1.645214110612869263e-02 -3.711070120334625244e-02 9.984476566314697266e-01
1403637257.288318872 5.896659374237060547e+00 -2.351513624191284180e+00 4.948624074459075928e-01 -3.936724364757537842e-02 1.330668106675148010e-02 -3.921120613813400269e-02 9.983665347099304199e-01
1403637257.338319063 5.786817550659179688e+00 -2.347811698913574219e+00 4.066212773323059082e-01 -4.101101681590080261e-02 1.052675489336252213e-02 -4.138646274805068970e-02 9.982457160949707031e-01
1403637257.388319016 5.671219348907470703e+00 -2.348954439163208008e+00 3.193738758563995361e-01 -4.207067936658859253e-02 8.436751551926136017e-03 -4.427094385027885437e-02 9.980977177619934082e-01
1403637257.438319206 5.554757595062255859e+00 -2.349282741546630859e+00 2.378245890140533447e-01 -4.285487532615661621e-02 6.551325321197509766e-03 -4.605807363986968994e-02 9.979976415634155273e-01
1403637257.488318920 5.443492412567138672e+00 -2.350233554840087891e+00 1.506802886724472046e-01 -4.333856701850891113e-02 4.817347042262554169e-03 -4.720799624919891357e-02 9.979328513145446777e-01
1403637257.538319111 5.327607154846191406e+00 -2.341937780380249023e+00 6.578798592090606689e-02 -4.398137331008911133e-02 4.124229773879051208e-03 -5.063620209693908691e-02 9.977397918701171875e-01
1403637257.588319063 5.210511207580566406e+00 -2.326975107192993164e+00 -1.165063865482807159e-02 -4.613742604851722717e-02 2.706615952774882317e-03 -5.025002360343933105e-02 9.976668357849121094e-01
1403637257.638319016 5.094967365264892578e+00 -2.305378437042236328e+00 -8.984103798866271973e-02 -4.867842420935630798e-02 1.388981938362121582e-03 -4.907653853297233582e-02 9.976071715354919434e-01
1403637257.688318968 4.974308013916015625e+00 -2.275875329971313477e+00 -1.579534113407135010e-01 -5.310410261154174805e-02 2.622142492327839136e-04 -4.785756766796112061e-02 9.974414706230163574e-01
1403637257.738319159 4.852542877197265625e+00 -2.244250535964965820e+00 -2.245627343654632568e-01 -5.590901896357536316e-02 -1.571541884914040565e-03 -4.729000851511955261e-02 9.973140954971313477e-01
1403637257.788318872 4.733939170837402344e+00 -2.208921194076538086e+00 -2.896208465099334717e-01 -5.916382744908332825e-02 -4.519752226769924164e-03 -4.665169864892959595e-02 9.971473217010498047e-01
1403637257.838319063 4.614946842193603516e+00 -2.173137187957763672e+00 -3.505606353282928467e-01 -6.211278960108757019e-02 -8.009426295757293701e-03 -4.695504903793334961e-02 9.969318509101867676e-01
1403637257.888319016 4.499533653259277344e+00 -2.132381677627563477e+00 -4.131968021392822266e-01 -6.495402008295059204e-02 -1.254941895604133606e-02 -4.715387150645256042e-02 9.966945648193359375e-01
1403637257.938319206 4.376248359680175781e+00 -2.085145235061645508e+00 -4.598779678344726562e-01 -6.661315262317657471e-02 -1.813391409814357758e-02 -4.709572345018386841e-02 9.965018630027770996e-01
1403637257.988318920 4.254246711730957031e+00 -2.034011602401733398e+00 -5.009400248527526855e-01 -6.746686995029449463e-02 -2.438406273722648621e-02 -4.809143394231796265e-02 9.962635040283203125e-01
1403637258.038319111 4.126673698425292969e+00 -1.985058903694152832e+00 -5.389312505722045898e-01 -6.818691641092300415e-02 -3.213709965348243713e-02 -4.863629490137100220e-02 9.959680438041687012e-01
1403637258.088319063 4.004280090332031250e+00 -1.945392251014709473e+00 -5.764784812927246094e-01 -6.845698505640029907e-02 -4.084317758679389954e-02 -5.005697906017303467e-02 9.955600500106811523e-01
1403637258.138319016 3.878669500350952148e+00 -1.909866929054260254e+00 -6.045427918434143066e-01 -6.630157679319381714e-02 -5.042767897248268127e-02 -5.283094942569732666e-02 9.951231479644775391e-01
1403637258.188318968 3.754100799560546875e+00 -1.887316942214965820e+00 -6.333128809928894043e-01 -6.189350411295890808e-02 -6.039454787969589233e-02 -5.743620917201042175e-02 9.945967793464660645e-01
1403637258.238319159 3.629657268524169922e+00 -1.870156168937683105e+00 -6.574142575263977051e-01 -5.709171667695045471e-02 -6.885126978158950806e-02 -6.308772414922714233e-02 9.939919710159301758e-01
1403637258.288318872 3.505409002304077148e+00 -1.855002522468566895e+00 -6.797402501106262207e-01 -5.196654051542282104e-02 -7.644060999155044556e-02 -6.706404685974121094e-02 9.934580326080322266e-01
1403637258.338319063 3.381927013397216797e+00 -1.843011975288391113e+00 -7.046603560447692871e-01 -4.780909046530723572e-02 -8.339606225490570068e-02 -7.086483389139175415e-02 9.928432106971740723e-01
1403637258.388319016 3.258119583129882812e+00 -1.819364905357360840e+00 -7.178543210029602051e-01 -4.571974277496337891e-02 -8.976115286350250244e-02 -7.203776389360427856e-02 9.923020005226135254e-01
1403637258.438319206 3.134417772293090820e+00 -1.791698694229125977e+00 -7.325742840766906738e-01 -4.513330385088920593e-02 -9.598436951637268066e-02 -7.053013890981674194e-02 9.918546676635742188e-01
1403637258.488318920 3.011684417724609375e+00 -1.757265686988830566e+00 -7.476117610931396484e-01 -4.716556519269943237e-02 -1.014997065067291260e-01 -6.774260848760604858e-02 9.914051890373229980e-01
1403637258.538319111 2.890457868576049805e+00 -1.714259862899780273e+00 -7.538560032844543457e-01 -5.032792687416076660e-02 -1.063481345772743225e-01 -6.409087032079696655e-02 9.909841418266296387e-01
1403637258.588319063 2.772466421127319336e+00 -1.669876098632812500e+00 -7.579909563064575195e-01 -5.146905034780502319e-02 -1.095482856035232544e-01 -6.220698729157447815e-02 9.906969666481018066e-01
1403637258.638319016 2.658977031707763672e+00 -1.625853061676025391e+00 -7.661245465278625488e-01 -4.981733486056327820e-02 -1.115901321172714233e-01 -6.198521703481674194e-02 9.905673861503601074e-01
1403637258.688318968 2.547783374786376953e+00 -1.578715205192565918e+00 -7.651638388633728027e-01 -4.699302464723587036e-02 -1.127411872148513794e-01 -6.228410080075263977e-02 9.905563592910766602e-01
1403637258.738319159 2.436963796615600586e+00 -1.531946301460266113e+00 -7.647764682769775391e-01 -4.515095800161361694e-02 -1.138647496700286865e-01 -6.202910840511322021e-02 9.905295372009277344e-01
1403637258.788318872 2.331723690032958984e+00 -1.480962276458740234e+00 -7.609396576881408691e-01 -4.322681203484535217e-02 -1.139843985438346863e-01 -6.251484155654907227e-02 9.905710220336914062e-01
1403637258.838319063 2.230242967605590820e+00 -1.430299878120422363e+00 -7.557559013366699219e-01 -4.153953120112419128e-02 -1.143976747989654541e-01 -6.220573186874389648e-02 9.906150102615356445e-01
1403637258.888319016 2.129921197891235352e+00 -1.381661534309387207e+00 -7.500974535942077637e-01 -3.987749293446540833e-02 -1.147112026810646057e-01 -6.103274226188659668e-02 9.907200336456298828e-01
1403637258.938319206 2.032310247421264648e+00 -1.341382026672363281e+00 -7.510129213333129883e-01 -3.987441211938858032e-02 -1.148310378193855286e-01 -5.924856290221214294e-02 9.908145666122436523e-01
1403637258.988318920 1.938756108283996582e+00 -1.308402657508850098e+00 -7.516461610794067383e-01 -4.002428427338600159e-02 -1.147450506687164307e-01 -5.831139162182807922e-02 9.908741116523742676e-01
1403637259.038319111 1.847217082977294922e+00 -1.287641048431396484e+00 -7.558215856552124023e-01 -4.042638465762138367e-02 -1.148001924157142639e-01 -5.586363002657890320e-02 9.909924268722534180e-01
1403637259.088319063 1.759303212165832520e+00 -1.277914643287658691e+00 -7.629106640815734863e-01 -4.045527428388595581e-02 -1.134891510009765625e-01 -5.694947019219398499e-02 9.910804033279418945e-01
1403637259.138319016 1.673685193061828613e+00 -1.281231760978698730e+00 -7.749925255775451660e-01 -3.965083509683609009e-02 -1.130865588784217834e-01 -5.686199665069580078e-02 9.911639094352722168e-01
1403637259.188318968 1.591178178787231445e+00 -1.296709775924682617e+00 -7.911182641983032227e-01 -3.985248506069183350e-02 -1.129531487822532654e-01 -5.553873628377914429e-02 9.912461638450622559e-01
1403637259.238319159 1.512881159782409668e+00 -1.321457147598266602e+00 -8.088724017143249512e-01 -3.898578137159347534e-02 -1.122631877660751343e-01 -5.521376430988311768e-02 9.913771152496337891e-01
1403637259.288318872 1.438039302825927734e+00 -1.348163247108459473e+00 -8.278509378433227539e-01 -3.851034864783287048e-02 -1.120754554867744446e-01 -5.401067435741424561e-02 9.914832115173339844e-01
1403637259.338319063 1.366130828857421875e+00 -1.373463153839111328e+00 -8.467186093330383301e-01 -3.910950943827629089e-02 -1.114496588706970215e-01 -5.317045375704765320e-02 9.915756583213806152e-01
1403637259.388319016 1.299604892730712891e+00 -1.395195841789245605e+00 -8.621259927749633789e-01 -3.919108584523200989e-02 -1.112078651785850525e-01 -5.183909833431243896e-02 9.916701316833496094e-01
1403637259.438319206 1.232859611511230469e+00 -1.416610598564147949e+00 -8.815206885337829590e-01 -3.867397829890251160e-02 -1.116781979799270630e-01 -4.780209809541702271e-02 9.918403625488281250e-01
1403637259.488318920 1.173716425895690918e+00 -1.434186697006225586e+00 -8.991375565528869629e-01 -3.840040788054466248e-02 -1.128774136304855347e-01 -4.229658469557762146e-02 9.919652938842773438e-01
1403637259.538319111 1.123865842819213867e+00 -1.445876955986022949e+00 -9.142935276031494141e-01 -3.822268173098564148e-02 -1.134792268276214600e-01 -3.895209729671478271e-02 9.920404553413391113e-01
1403637259.588319063 1.077762365341186523e+00 -1.453720092773437500e+00 -9.295616745948791504e-01 -3.818000480532646179e-02 -1.138411834836006165e-01 -3.716398775577545166e-02 9.920692443847656250e-01
1403637259.638319016 1.038359999656677246e+00 -1.458496332168579102e+00 -9.429811239242553711e-01 -3.729541227221488953e-02 -1.132023483514785767e-01 -3.769819438457489014e-02 9.921558499336242676e-01
1403637259.688318968 1.006803631782531738e+00 -1.457814097404479980e+00 -9.566798210144042969e-01 -3.784006834030151367e-02 -1.119161248207092285e-01 -4.060735926032066345e-02 9.921663403511047363e-01
1403637259.738319159 9.809679388999938965e-01 -1.452497363090515137e+00 -9.701532125473022461e-01 -4.039375483989715576e-02 -1.105750128626823425e-01 -4.396598413586616516e-02 9.920728802680969238e-01
1403637259.788318872 9.598151445388793945e-01 -1.443389892578125000e+00 -9.825844168663024902e-01 -4.318764060735702515e-02 -1.091771721839904785e-01 -4.781142994761466980e-02 9.919320940971374512e-01
1403637259.838319063 9.421248435974121094e-01 -1.432764768600463867e+00 -9.945003390312194824e-01 -4.463426023721694946e-02 -1.079923436045646667e-01 -5.101547390222549438e-02 9.918380975723266602e-01
1403637259.888319016 9.271402359008789062e-01 -1.421970129013061523e+00 -1.002899765968322754e+00 -4.356447607278823853e-02 -1.084060296416282654e-01 -4.919010400772094727e-02 9.919328093528747559e-01
1403637259.938319206 9.163403511047363281e-01 -1.410583257675170898e+00 -1.013179183006286621e+00 -4.152773693203926086e-02 -1.094454154372215271e-01 -4.566749185323715210e-02 9.920744299888610840e-01
1403637259.988318920 9.092083573341369629e-01 -1.392369031906127930e+00 -1.022670030593872070e+00 -3.996501117944717407e-02 -1.097414717078208923e-01 -4.499353468418121338e-02 9.921367168426513672e-01
1403637260.038319111 9.066377282142639160e-01 -1.367349028587341309e+00 -1.029946088790893555e+00 -3.800649568438529968e-02 -1.091465651988983154e-01 -4.715101420879364014e-02 9.921790957450866699e-01
1403637260.088319063 9.103202819824218750e-01 -1.338676333427429199e+00 -1.033635139465332031e+00 -3.657956048846244812e-02 -1.084812730550765991e-01 -4.991919919848442078e-02 9.921702742576599121e-01
1403637260.138319016 9.183954596519470215e-01 -1.304587006568908691e+00 -1.037195086479187012e+00 -3.688766434788703918e-02 -1.075812280178070068e-01 -5.350704118609428406e-02 9.920698404312133789e-01
1403637260.188318968 9.288411140441894531e-01 -1.265477895736694336e+00 -1.041315793991088867e+00 -3.763456642627716064e-02 -1.065506264567375183e-01 -5.717167630791664124e-02 9.919486045837402344e-01
1403637260.238319159 9.411226511001586914e-01 -1.223538160324096680e+00 -1.047430753707885742e+00 -3.896379098296165466e-02 -1.053608432412147522e-01 -6.217996403574943542e-02 9.917230606079101562e-01
1403637260.288318872 9.538596272468566895e-01 -1.179566025733947754e+00 -1.051241636276245117e+00 -3.884489834308624268e-02 -1.042473912239074707e-01 -6.646088510751724243e-02 9.915677309036254883e-01
1403637260.338319063 9.687476158142089844e-01 -1.134887933731079102e+00 -1.057763338088989258e+00 -3.855730593204498291e-02 -1.030002310872077942e-01 -7.148645818233489990e-02 9.913597106933593750e-01
1403637260.388319016 9.826076030731201172e-01 -1.088493466377258301e+00 -1.062123060226440430e+00 -3.713826835155487061e-02 -1.013797149062156677e-01 -7.769788056612014771e-02 9.911134839057922363e-01
1403637260.438319206 9.952749013900756836e-01 -1.039315700531005859e+00 -1.066028356552124023e+00 -3.570401668548583984e-02 -1.002027541399002075e-01 -8.272514492273330688e-02 9.908789992332458496e-01
1403637260.488318920 1.002222537994384766e+00 -9.894724488258361816e-01 -1.075139522552490234e+00 -3.833669424057006836e-02 -1.000579744577407837e-01 -8.405371010303497314e-02 9.906834959983825684e-01
1403637260.538319111 1.006969690322875977e+00 -9.382898807525634766e-01 -1.086498260498046875e+00 -4.365495964884757996e-02 -9.983583539724349976e-02 -8.492224663496017456e-02 9.904116988182067871e-01
1403637260.588319063 1.007354736328125000e+00 -8.859343528747558594e-01 -1.097561717033386230e+00 -4.995165392756462097e-02 -1.001376956701278687e-01 -8.421556651592254639e-02 9.901440143585205078e-01
1403637260.638319016 1.003396630287170410e+00 -8.333991765975952148e-01 -1.105838418006896973e+00 -5.530649051070213318e-02 -1.006501168012619019e-01 -8.254665136337280273e-02 9.899479746818542480e-01
1403637260.688318968 9.956963658332824707e-01 -7.828944921493530273e-01 -1.112572669982910156e+00 -5.757822468876838684e-02 -1.006881743669509888e-01 -8.171136677265167236e-02 9.898838400840759277e-01
1403637260.738319159 9.837934374809265137e-01 -7.338081598281860352e-01 -1.116369247436523438e+00 -5.635103583335876465e-02 -1.017751097679138184e-01 -7.882166653871536255e-02 9.900775551795959473e-01
1403637260.788318872 9.698117971420288086e-01 -6.844794750213623047e-01 -1.115753769874572754e+00 -5.308455601334571838e-02 -1.021133363246917725e-01 -7.870958745479583740e-02 9.902321696281433105e-01
1403637260.838319063 9.529747366905212402e-01 -6.365167498588562012e-01 -1.114013910293579102e+00 -4.814189672470092773e-02 -1.032073795795440674e-01 -7.717246562242507935e-02 9.904923439025878906e-01
1403637260.888319016 9.340156316757202148e-01 -5.874075293540954590e-01 -1.112552404403686523e+00 -4.459635540843009949e-02 -1.040877327322959900e-01 -7.584337145090103149e-02 9.906688332557678223e-01
1403637260.938319206 9.141221642494201660e-01 -5.400639176368713379e-01 -1.110898852348327637e+00 -4.037080332636833191e-02 -1.048693582415580750e-01 -7.464076578617095947e-02 9.908589124679565430e-01
1403637260.988318920 8.933384418487548828e-01 -4.908752739429473877e-01 -1.111222624778747559e+00 -3.692553564906120300e-02 -1.050997003912925720e-01 -7.502380013465881348e-02 9.909399747848510742e-01
1403637261.038319111 8.713970780372619629e-01 -4.398035407066345215e-01 -1.112342715263366699e+00 -3.647003322839736938e-02 -1.054556742310523987e-01 -7.449560612440109253e-02 9.909589290618896484e-01
1403637261.088319063 8.486284017562866211e-01 -3.873318135738372803e-01 -1.114761948585510254e+00 -3.984244167804718018e-02 -1.056885793805122375e-01 -7.400815933942794800e-02 9.908407330513000488e-01
1403637261.138319016 8.257402777671813965e-01 -3.337851762771606445e-01 -1.118650555610656738e+00 -4.567685350775718689e-02 -1.055479049682617188e-01 -7.406232506036758423e-02 9.905999302864074707e-01
1403637261.188318968 8.025588393211364746e-01 -2.828547358512878418e-01 -1.123720526695251465e+00 -5.200177803635597229e-02 -1.050129085779190063e-01 -7.532560825347900391e-02 9.902495741844177246e-01
1403637261.238319159 7.766059637069702148e-01 -2.350007295608520508e-01 -1.128145694732666016e+00 -5.824762582778930664e-02 -1.046918779611587524e-01 -7.598161697387695312e-02 9.898856878280639648e-01
1403637261.288318872 7.491290569305419922e-01 -1.935074329376220703e-01 -1.130935668945312500e+00 -6.185225397348403931e-02 -1.042839884757995605e-01 -7.695421576499938965e-02 9.896349310874938965e-01
1403637261.338319063 7.188764810562133789e-01 -1.616533398628234863e-01 -1.131171584129333496e+00 -6.013716384768486023e-02 -1.042242348194122314e-01 -7.705926150083541870e-02 9.897387027740478516e-01
1403637261.388319016 6.863902211189270020e-01 -1.390419304370880127e-01 -1.129522442817687988e+00 -5.535339191555976868e-02 -1.047287508845329285e-01 -7.522362470626831055e-02 9.901057481765747070e-01
1403637261.438319206 6.514497399330139160e-01 -1.216065138578414917e-01 -1.127804636955261230e+00 -5.056355148553848267e-02 -1.059190034866333008e-01 -7.128109782934188843e-02 9.905269145965576172e-01
1403637261.488318920 6.165067553520202637e-01 -1.083255410194396973e-01 -1.125903844833374023e+00 -4.745448380708694458e-02 -1.071795821189880371e-01 -6.796414405107498169e-02 9.907782077789306641e-01
1403637261.538319111 5.831987857818603516e-01 -9.321644157171249390e-02 -1.123862385749816895e+00 -5.013075098395347595e-02 -1.071988865733146667e-01 -6.687467545270919800e-02 9.907185435295104980e-01
1403637261.588319063 5.515267848968505859e-01 -7.868389040231704712e-02 -1.121733307838439941e+00 -5.625675991177558899e-02 -1.067059189081192017e-01 -6.768617779016494751e-02 9.903876185417175293e-01
1403637261.638319016 5.199734568595886230e-01 -6.849624216556549072e-02 -1.117899179458618164e+00 -6.264562159776687622e-02 -1.057942137122154236e-01 -6.986174732446670532e-02 9.899507761001586914e-01
1403637261.688318968 4.884988963603973389e-01 -6.637714803218841553e-02 -1.112004399299621582e+00 -6.675647199153900146e-02 -1.050424650311470032e-01 -7.108450680971145630e-02 9.896750450134277344e-01
1403637261.738319159 4.557268023490905762e-01 -7.222661375999450684e-02 -1.101918339729309082e+00 -6.727143377065658569e-02 -1.042645126581192017e-01 -7.272959500551223755e-02 9.896028637886047363e-01
1403637261.788318872 4.209162592887878418e-01 -8.900973200798034668e-02 -1.087876677513122559e+00 -6.259623169898986816e-02 -1.043590977787971497e-01 -7.274322211742401123e-02 9.898986816406250000e-01
1403637261.838319063 3.854765594005584717e-01 -1.099297329783439636e-01 -1.071320176124572754e+00 -5.553451552987098694e-02 -1.041943356394767761e-01 -7.266419380903244019e-02 9.903430938720703125e-01
1403637261.888319016 3.492054939270019531e-01 -1.275676637887954712e-01 -1.051653027534484863e+00 -4.973382502794265747e-02 -1.045178994536399841e-01 -7.135169208049774170e-02 9.907126426696777344e-01
1403637261.938319206 3.137601613998413086e-01 -1.381350457668304443e-01 -1.029312014579772949e+00 -4.480704292654991150e-02 -1.044817268848419189e-01 -7.037534564733505249e-02 9.910213351249694824e-01
1403637261.988318920 2.792519629001617432e-01 -1.389323621988296509e-01 -1.004766821861267090e+00 -4.119886085391044617e-02 -1.040303409099578857e-01 -7.000823318958282471e-02 9.912513494491577148e-01
1403637262.038319111 2.446143478155136108e-01 -1.305018961429595947e-01 -9.786775708198547363e-01 -3.840674087405204773e-02 -1.042789816856384277e-01 -6.727384775876998901e-02 9.915266036987304688e-01
1403637262.088319063 2.115770876407623291e-01 -1.123780012130737305e-01 -9.516217112541198730e-01 -3.577521815896034241e-02 -1.043243855237960815e-01 -6.534603238105773926e-02 9.917492270469665527e-01
1403637262.138319016 1.804640889167785645e-01 -8.388663828372955322e-02 -9.246208667755126953e-01 -3.577454388141632080e-02 -1.046017557382583618e-01 -6.248140707612037659e-02 9.919046163558959961e-01
1403637262.188318968 1.513959020376205444e-01 -4.772086441516876221e-02 -8.974240422248840332e-01 -3.525184094905853271e-02 -1.048810631036758423e-01 -6.019259989261627197e-02 9.920353889465332031e-01
1403637262.238319159 1.261433213949203491e-01 -4.345831461250782013e-03 -8.701007366180419922e-01 -3.471247106790542603e-02 -1.048924028873443604e-01 -5.815713852643966675e-02 9.921746253967285156e-01
1403637262.288318872 1.049611046910285950e-01 4.551438987255096436e-02 -8.438057899475097656e-01 -3.518521040678024292e-02 -1.043822169303894043e-01 -5.758691579103469849e-02 9.922450780868530273e-01
1403637262.338319063 1.080079525709152222e-01 2.806065790355205536e-02 -8.539112210273742676e-01 -1.140794344246387482e-02 -1.160175874829292297e-01 -2.183588407933712006e-02 9.929416179656982422e-01
1403637262.388319016 1.226733326911926270e-01 4.647275060415267944e-02 -8.637571930885314941e-01 -1.202883571386337280e-02 -1.047149524092674255e-01 -5.665752291679382324e-02 9.928142428398132324e-01
1403637262.438319206 1.397204697132110596e-01 4.700002446770668030e-02 -8.629578351974487305e-01 -2.288433909416198730e-02 -8.883021026849746704e-02 -5.064643546938896179e-02 9.944951534271240234e-01
1403637262.488318920 1.538480967283248901e-01 5.711812525987625122e-02 -8.633698225021362305e-01 -2.905544638633728027e-02 -7.761370390653610229e-02 -3.616734966635704041e-02 9.959035515785217285e-01
1403637262.538319111 1.570293158292770386e-01 5.228410288691520691e-02 -8.798752427101135254e-01 -1.092134136706590652e-02 -8.146755397319793701e-02 -2.236837707459926605e-02 9.963651299476623535e-01
1403637262.588319063 1.652497947216033936e-01 4.382944852113723755e-02 -8.940699100494384766e-01 5.686288932338356972e-04 -7.949064671993255615e-02 -2.423395775258541107e-02 9.965408444404602051e-01
1403637262.638319016 1.714342236518859863e-01 4.370732605457305908e-02 -8.921382427215576172e-01 1.872799824923276901e-03 -7.707917690277099609e-02 -2.387131005525588989e-02 9.967374801635742188e-01
1403637262.688318968 1.682403087615966797e-01 6.193530187010765076e-02 -8.790346980094909668e-01 -1.641260646283626556e-02 -7.735078781843185425e-02 -2.686006017029285431e-02 9.965069890022277832e-01
1403637262.738319159 1.651811748743057251e-01 6.099270656704902649e-02 -8.738420009613037109e-01 -1.985275931656360626e-02 -7.514037191867828369e-02 -2.759081311523914337e-02 9.965935349464416504e-01
1403637262.788318872 1.688817441463470459e-01 5.832908302545547485e-02 -8.812146782875061035e-01 -1.303722336888313293e-02 -7.661374658346176147e-02 -2.449512295424938202e-02 9.966746568679809570e-01
1403637262.838319063 1.692181676626205444e-01 5.828788504004478455e-02 -8.821694254875183105e-01 -1.288399007171392441e-02 -7.682929188013076782e-02 -2.533368393778800964e-02 9.966391324996948242e-01
1403637262.888319016 1.644150316715240479e-01 5.877075344324111938e-02 -8.790689706802368164e-01 -1.512694265693426132e-02 -7.780939340591430664e-02 -2.450659871101379395e-02 9.965522289276123047e-01
1403637262.938319206 1.691829264163970947e-01 5.879070237278938293e-02 -8.811685442924499512e-01 -1.345504075288772583e-02 -7.661107927560806274e-02 -2.606044337153434753e-02 9.966296553611755371e-01
1403637262.988318920 1.658293604850769043e-01 5.864116176962852478e-02 -8.801237940788269043e-01 -1.440099626779556274e-02 -7.747212797403335571e-02 -2.467313408851623535e-02 9.965851306915283203e-01
1403637263.038319111 1.677535027265548706e-01 5.915965139865875244e-02 -8.806335330009460449e-01 -1.417653355747461319e-02 -7.696318626403808594e-02 -2.561377733945846558e-02 9.966040849685668945e-01
1403637263.088319063 1.667323410511016846e-01 5.895606800913810730e-02 -8.801306486129760742e-01 -1.434342097491025925e-02 -7.708717882633209229e-02 -2.524951286613941193e-02 9.966014027595520020e-01
1403637263.138319016 1.667781919240951538e-01 5.906655266880989075e-02 -8.804229497909545898e-01 -1.428205985575914383e-02 -7.720738649368286133e-02 -2.491203323006629944e-02 9.966015219688415527e-01
1403637263.188318968 1.677563637495040894e-01 5.917801707983016968e-02 -8.802413940429687500e-01 -1.407391205430030823e-02 -7.684339582920074463e-02 -2.559292130172252655e-02 9.966153502464294434e-01
1403637263.238319159 1.663362383842468262e-01 5.890943109989166260e-02 -8.803304433822631836e-01 -1.450838893651962280e-02 -7.728888094425201416e-02 -2.486434020102024078e-02 9.965930581092834473e-01
1403637263.288318872 1.673616170883178711e-01 5.916640162467956543e-02 -8.801292181015014648e-01 -1.434879470616579056e-02 -7.696966081857681274e-02 -2.541190758347511292e-02 9.966063499450683594e-01
1403637263.338319063 1.672142148017883301e-01 5.911071598529815674e-02 -8.804008364677429199e-01 -1.432634331285953522e-02 -7.697504013776779175e-02 -2.528701163828372955e-02 9.966093301773071289e-01
1403637263.388319016 1.669775694608688354e-01 5.875479057431221008e-02 -8.804627060890197754e-01 -1.441257819533348083e-02 -7.706224173307418823e-02 -2.519001066684722900e-02 9.966039061546325684e-01
1403637263.438319206 1.667872220277786255e-01 5.902299284934997559e-02 -8.805202245712280273e-01 -1.449562143534421921e-02 -7.707867026329040527e-02 -2.515170909464359283e-02 9.966023564338684082e-01
1403637263.488318920 1.672231256961822510e-01 5.929869413375854492e-02 -8.801423907279968262e-01 -1.430660486221313477e-02 -7.686544209718704224e-02 -2.556848712265491486e-02 9.966109395027160645e-01
1403637263.538319111 1.667665541172027588e-01 5.901204422116279602e-02 -8.805763125419616699e-01 -1.445046626031398773e-02 -7.714707404375076294e-02 -2.505110390484333038e-02 9.966002702713012695e-01
1403637263.588319063 1.671753227710723877e-01 5.918095260858535767e-02 -8.801597952842712402e-01 -1.436375174671411514e-02 -7.693210244178771973e-02 -2.542246133089065552e-02 9.966086745262145996e-01
1403637263.638319016 1.667107045650482178e-01 5.924265831708908081e-02 -8.804317116737365723e-01 -1.444844529032707214e-02 -7.699758559465408325e-02 -2.519086003303527832e-02 9.966083168983459473e-01
1403637263.688318968 1.669501960277557373e-01 5.917752906680107117e-02 -8.803013563156127930e-01 -1.447304245084524155e-02 -7.699671387672424316e-02 -2.530849352478981018e-02 9.966050386428833008e-01
1403637263.738319159 1.669545322656631470e-01 5.914689972996711731e-02 -8.801546096801757812e-01 -1.441937591880559921e-02 -7.696568965911865234e-02 -2.535375393927097321e-02 9.966070055961608887e-01
1403637263.788318872 1.663813889026641846e-01 5.918254703283309937e-02 -8.802650570869445801e-01 -1.443925034254789352e-02 -7.714799791574478149e-02 -2.492688409984111786e-02 9.966034293174743652e-01
1403637263.838319063 1.676389575004577637e-01 5.960407853126525879e-02 -8.803289532661437988e-01 -1.442587468773126602e-02 -7.685058563947677612e-02 -2.570850215852260590e-02 9.966067671775817871e-01
1403637263.888319016 1.665090918540954590e-01 5.907057598233222961e-02 -8.803234696388244629e-01 -1.451573334634304047e-02 -7.719723135232925415e-02 -2.494521252810955048e-02 9.965980648994445801e-01
1403637263.938319206 1.673751175403594971e-01 5.919885635375976562e-02 -8.803634643554687500e-01 -1.447705179452896118e-02 -7.695519924163818359e-02 -2.541884966194629669e-02 9.966053366661071777e-01
1403637263.988318920 1.671413779258728027e-01 5.917652323842048645e-02 -8.803882598876953125e-01 -1.447636168450117111e-02 -7.700561732053756714e-02 -2.525111101567745209e-02 9.966057538986206055e-01
1403637264.038319111 1.670754700899124146e-01 5.920510739088058472e-02 -8.805230259895324707e-01 -1.447604410350322723e-02 -7.708765566349029541e-02 -2.516167424619197845e-02 9.966016411781311035e-01
1403637264.088319063 1.672350764274597168e-01 5.924075096845626831e-02 -8.804111480712890625e-01 -1.456469204276800156e-02 -7.704380154609680176e-02 -2.540760859847068787e-02 9.965975284576416016e-01
1403637264.138319016 1.669532954692840576e-01 5.927939713001251221e-02 -8.805235624313354492e-01 -1.453651860356330872e-02 -7.711067795753479004e-02 -2.511029690504074097e-02 9.966003298759460449e-01
1403637264.188318968 1.674367785453796387e-01 5.938378721475601196e-02 -8.803543448448181152e-01 -1.447474490851163864e-02 -7.695761322975158691e-02 -2.544658817350864410e-02 9.966045022010803223e-01
1403637264.238319159 1.668999940156936646e-01 5.922307446599006653e-02 -8.804105520248413086e-01 -1.456523686647415161e-02 -7.710526138544082642e-02 -2.516599558293819427e-02 9.965988993644714355e-01
1403637264.288318872 1.671482175588607788e-01 5.934423580765724182e-02 -8.804430961608886719e-01 -1.447032764554023743e-02 -7.702724635601043701e-02 -2.526055835187435150e-02 9.966039657592773438e-01
1403637264.338319063 1.672579795122146606e-01 5.941038951277732849e-02 -8.803199529647827148e-01 -1.448826491832733154e-02 -7.702139019966125488e-02 -2.530240081250667572e-02 9.966030120849609375e-01
1403637264.388319016 1.671215593814849854e-01 5.935652926564216614e-02 -8.804354667663574219e-01 -1.453152019530534744e-02 -7.708946615457534790e-02 -2.523142844438552856e-02 9.965989589691162109e-01
1403637264.438319206 1.670597940683364868e-01 5.933126807212829590e-02 -8.803643584251403809e-01 -1.448852475732564926e-02 -7.708960771560668945e-02 -2.522837743163108826e-02 9.965996742248535156e-01
1403637264.488318920 1.673255860805511475e-01 5.941448733210563660e-02 -8.804541826248168945e-01 -1.449938770383596420e-02 -7.703942060470581055e-02 -2.531364373862743378e-02 9.966012239456176758e-01
1403637264.538319111 1.670591086149215698e-01 5.931285023689270020e-02 -8.804454207420349121e-01 -1.459299027919769287e-02 -7.710053026676177979e-02 -2.519449777901172638e-02 9.965981245040893555e-01
1403637264.588319063 1.671123057603836060e-01 5.938890203833580017e-02 -8.803647160530090332e-01 -1.456258445978164673e-02 -7.704951614141464233e-02 -2.530186250805854797e-02 9.965997934341430664e-01
1403637264.638319016 1.671366989612579346e-01 5.938972905278205872e-02 -8.803840875625610352e-01 -1.451414730399847031e-02 -7.703845202922821045e-02 -2.525828033685684204e-02 9.966024756431579590e-01
1403637264.688318968 1.670745015144348145e-01 5.941336601972579956e-02 -8.804336786270141602e-01 -1.453252416104078293e-02 -7.705871760845184326e-02 -2.524683997035026550e-02 9.966009259223937988e-01
1403637264.738319159 1.671529859304428101e-01 5.945143848657608032e-02 -8.803731799125671387e-01 -1.455646008253097534e-02 -7.700752466917037964e-02 -2.536925114691257477e-02 9.966014027595520020e-01
1403637264.788318872 1.669918745756149292e-01 5.935118719935417175e-02 -8.804774284362792969e-01 -1.456342730671167374e-02 -7.709954679012298584e-02 -2.521285787224769592e-02 9.965981841087341309e-01
1403637264.838319063 1.672793328762054443e-01 5.953205004334449768e-02 -8.803818821907043457e-01 -1.450960431247949600e-02 -7.699249684810638428e-02 -2.540668845176696777e-02 9.966022968292236328e-01
1403637264.888319016 1.671080291271209717e-01 5.937124788761138916e-02 -8.805074691772460938e-01 -1.456045545637607574e-02 -7.709249854087829590e-02 -2.525537274777889252e-02 9.965977072715759277e-01
1403637264.938319206 1.670391261577606201e-01 5.939613655209541321e-02 -8.803506493568420410e-01 -1.459194812923669815e-02 -7.708477973937988281e-02 -2.528255060315132141e-02 9.965971708297729492e-01
1403637264.988318920 1.672236770391464233e-01 5.946595594286918640e-02 -8.803825974464416504e-01 -1.459554117172956467e-02 -7.699407637119293213e-02 -2.538793534040451050e-02 9.966014027595520020e-01
1403637265.038319111 1.670293509960174561e-01 5.940618738532066345e-02 -8.804218173027038574e-01 -1.457707490772008896e-02 -7.705302536487579346e-02 -2.533053606748580933e-02 9.965986013412475586e-01
1403637265.088319063 1.671164035797119141e-01 5.943635478615760803e-02 -8.804550170898437500e-01 -1.467514131218194962e-02 -7.704797387123107910e-02 -2.542760968208312988e-02 9.965950846672058105e-01
1403637265.138319016 1.670261919498443604e-01 5.933980643749237061e-02 -8.804550170898437500e-01 -1.463415473699569702e-02 -7.702258229255676270e-02 -2.541090920567512512e-02 9.965980648994445801e-01
1403637265.188318968 1.671865135431289673e-01 5.938120558857917786e-02 -8.804669976234436035e-01 -1.459154952317476273e-02 -7.704900950193405151e-02 -2.534980513155460358e-02 9.965981841087341309e-01
1403637265.238319159 1.670498251914978027e-01 5.937791243195533752e-02 -8.804272413253784180e-01 -1.465674676001071930e-02 -7.706405222415924072e-02 -2.531887963414192200e-02 9.965968728065490723e-01
1403637265.288318872 1.670640707015991211e-01 5.945962667465209961e-02 -8.803621530532836914e-01 -1.464625168591737747e-02 -7.698546350002288818e-02 -2.542870491743087769e-02 9.966003298759460449e-01
1403637265.338319063 1.669799238443374634e-01 5.944040045142173767e-02 -8.804222345352172852e-01 -1.463481225073337555e-02 -7.703332602977752686e-02 -2.532872557640075684e-02 9.965993165969848633e-01
1403637265.388319016 1.671845465898513794e-01 5.952340364456176758e-02 -8.804050683975219727e-01 -1.462646853178739548e-02 -7.703218609094619751e-02 -2.542947605252265930e-02 9.965969920158386230e-01
1403637265.438319206 1.669434010982513428e-01 5.946397036314010620e-02 -8.803780674934387207e-01 -1.462229993194341660e-02 -7.708073407411575317e-02 -2.525455690920352936e-02 9.965977072715759277e-01
1403637265.488318920 1.670415550470352173e-01 5.949766561388969421e-02 -8.804135322570800781e-01 -1.459484640508890152e-02 -7.700909674167633057e-02 -2.539277076721191406e-02 9.966001510620117188e-01
