t_s,vram_mib,gpu_util_pct,cpu_pct,ram_mib
0.0,952,17,49.7,6147
1.0,952,41,3.9,6350
2.1,952,31,8.5,6487
3.1,952,27,7.2,6548
4.1,966,37,7.3,6575
5.1,966,33,7.1,6616
6.2,960,33,7.4,6650
7.2,956,41,7.2,6688
8.2,956,17,7.0,6701
9.2,970,0,6.9,6707
10.3,967,0,6.8,6730
11.3,964,0,6.7,6742
12.3,964,17,7.1,6747
13.3,956,17,6.8,6792
14.3,956,17,6.7,6780
15.4,956,25,6.4,6812
16.4,956,6,6.6,6826
17.4,956,21,7.0,6881
18.5,956,47,6.5,6925
19.5,956,22,6.5,6948
20.5,956,24,7.0,7009
21.5,997,17,7.0,7043
22.6,997,17,7.1,7067
23.6,987,16,7.2,7093
24.6,987,17,6.9,7098
25.6,987,0,6.6,7089
26.7,951,0,6.6,7074
27.7,951,0,6.7,7106
28.7,951,0,6.5,7131
29.7,951,0,6.5,7145
30.8,951,0,6.8,7173
31.8,951,0,6.6,7183
32.8,951,0,6.7,7207
33.8,951,0,6.5,7222
34.8,951,0,6.3,7258
35.9,951,0,6.3,7340
36.9,951,0,6.3,7335
37.9,951,0,6.3,7318
38.9,951,0,6.3,7322
40.0,951,0,6.2,7350
41.0,951,0,6.5,7399
42.0,951,0,6.3,7382
43.0,951,0,6.3,7411
44.0,951,0,6.1,7425
45.1,951,0,6.8,7485
46.1,951,0,6.7,7478
47.1,951,0,6.5,7508
48.1,951,0,6.7,7505
49.2,951,0,6.5,7478
50.2,951,0,6.7,7482
51.2,951,0,6.8,7517
52.2,951,0,6.4,7514
53.2,949,0,6.4,7544
54.3,949,0,6.4,7554
55.3,949,0,6.8,7558
56.3,949,0,6.3,7578
57.3,949,0,6.7,7586
58.4,949,0,6.5,7607
59.4,949,0,6.2,7634
60.4,949,0,6.4,7646
61.4,949,0,7.0,7648
62.4,949,0,7.1,7644
63.5,949,0,7.3,7635
64.5,949,0,7.3,7621
65.5,949,0,7.4,7599
66.5,949,0,7.2,7590
67.6,949,0,7.2,7603
68.6,949,0,7.4,7611
69.6,949,0,7.4,7628
70.6,949,0,7.3,7610
71.6,949,0,7.3,7578
72.7,949,0,7.4,7572
73.7,949,0,7.3,7579
74.7,949,0,7.2,7597
75.7,949,0,7.5,7571
76.7,949,0,7.2,7584
77.8,988,59,7.5,7606
78.8,988,0,7.3,7629
79.8,987,3,7.0,7629
80.8,983,2,7.1,7625
81.9,983,0,7.3,7590
82.9,951,2,7.3,7590
83.9,987,35,7.4,7589
84.9,987,0,7.2,7606
85.9,984,6,7.3,7649
87.0,984,0,7.3,7664
88.0,983,2,7.5,7679
89.0,951,2,7.3,7701
90.0,951,0,7.2,7706
91.1,951,0,7.5,7690
92.1,951,0,7.6,7682
93.1,951,0,7.2,7669
94.1,951,0,7.3,7661
95.1,951,0,7.4,7676
96.2,951,0,7.3,7665
97.2,951,0,7.4,7689
98.2,951,0,7.2,7682
99.2,951,0,7.3,7674
100.3,951,0,7.1,7668
101.3,951,0,7.6,7662
102.3,951,0,7.2,7689
103.3,951,0,7.2,7684
104.3,951,0,7.6,7676
105.4,992,0,7.4,7683
106.4,992,0,7.5,7689
107.4,983,0,7.4,7692
108.4,983,0,7.2,7705
109.4,983,0,7.5,7741
110.5,951,0,7.4,7765
111.5,951,0,7.2,7719
112.5,951,0,7.6,7743
113.5,951,0,7.2,7747
114.6,951,0,7.6,7735
115.6,951,0,7.2,7707
116.6,951,0,7.4,7709
117.6,951,0,7.5,7723
118.6,951,0,7.5,7715
119.7,951,0,7.7,7701
120.7,951,0,7.5,7724
121.7,951,0,7.7,7741
122.7,988,0,8.0,7754
123.7,988,0,7.7,7772
124.8,982,0,7.6,7767
125.8,979,0,7.7,7777
126.8,979,0,7.6,7757
127.8,947,0,7.5,7784
128.9,947,0,7.6,7771
129.9,947,0,7.6,7787
130.9,947,0,7.6,7808
131.9,947,33,7.6,7752
132.9,947,0,7.7,7736
134.0,947,0,7.9,7768
135.0,947,0,7.8,7777
136.0,947,0,7.5,7759
137.0,947,0,7.5,7784
138.1,947,0,7.9,7747
139.1,947,0,7.6,7780
140.1,947,0,7.6,7765
141.1,947,0,7.6,7791
142.1,947,0,7.9,7784
143.2,947,0,7.6,7825
144.2,947,0,7.4,7840
145.2,947,0,7.9,7860
146.2,947,0,7.4,7816
147.3,947,0,7.4,7855
148.3,947,0,7.7,7823
149.3,947,0,7.8,7780
150.3,947,0,7.1,7787
151.3,947,0,7.4,7763
152.4,947,0,7.7,7786
153.4,947,0,7.2,7859
154.4,947,0,7.1,7834
155.4,947,0,7.3,7850
156.4,947,0,7.3,7843
157.5,947,0,7.2,7877
158.5,989,0,8.7,7865
159.5,989,0,7.1,7872
160.5,982,0,6.9,7820
161.6,980,0,7.1,7799
162.6,948,0,7.0,7816
163.6,948,0,7.0,7820
164.6,948,0,7.2,7866
165.6,948,0,6.8,7873
166.7,948,0,6.6,7867
167.7,948,0,6.5,7853
168.7,947,0,6.3,7888
169.7,947,0,6.3,7909
170.8,947,0,35.8,7960
171.8,947,0,48.7,7997
172.8,947,0,6.4,8007
173.8,947,0,5.9,8043
174.8,947,0,80.5,8065
175.9,947,0,57.7,8063
176.9,947,0,6.2,8071
177.9,947,0,34.9,8125
179.0,947,0,97.9,8135
180.0,947,0,26.0,8160
181.1,947,0,6.2,8182
182.1,947,0,68.3,8165
183.1,947,0,99.2,8165
184.1,947,0,9.4,8213
185.2,947,0,6.0,8224
186.2,947,0,98.0,8227
187.2,947,0,9.5,8215
188.2,947,0,6.6,8226
189.3,947,0,6.1,8230
190.3,947,0,7.2,8231
191.3,947,0,6.2,8251
192.3,947,0,6.2,8258
193.3,947,0,6.2,8256
194.4,947,0,6.3,8253
195.4,947,0,6.2,8275
196.4,947,0,6.3,8258
197.4,947,0,6.0,8272
198.4,945,0,6.1,8290
199.5,945,0,6.1,8272
200.5,945,0,6.3,8290
201.5,945,0,6.1,8301
202.5,945,0,6.3,8308
203.5,945,0,6.2,8341
204.6,945,0,6.1,8347
205.6,945,0,6.0,8371
206.6,983,0,6.2,8422
207.6,983,0,5.8,8442
208.7,983,0,6.1,8453
209.7,979,0,6.0,8470
210.7,979,0,6.0,8486
211.7,947,0,6.1,8483
212.7,947,0,6.3,8514
213.8,947,0,6.1,8549
214.8,947,0,6.0,8588
215.8,947,0,5.8,8589
216.8,947,0,6.1,8577
217.9,947,0,6.0,8573
218.9,947,0,6.1,8599
219.9,947,0,6.0,8609
220.9,947,0,6.0,8641
221.9,947,0,5.8,8663
223.0,947,0,6.2,8665
224.0,988,0,6.2,8681
225.0,988,0,6.0,8690
226.0,988,0,6.0,8699
227.1,981,0,5.9,8756
228.1,979,0,5.9,8782
229.1,979,0,5.9,8786
230.1,947,0,5.9,8811
231.2,947,0,6.1,8817
232.2,947,0,5.7,8795
233.2,947,0,6.2,8803
234.2,947,0,8.6,8943
235.2,947,0,6.0,8961
236.3,947,0,5.7,8968
237.3,947,0,6.0,8998
238.3,947,0,5.9,8983
239.3,947,0,5.8,9008
240.3,947,0,5.8,8997
241.4,947,0,5.8,9020
242.4,947,0,7.7,8981
243.4,947,0,6.2,8998
244.4,947,0,5.8,9013
245.4,947,0,5.9,9050
246.5,947,0,5.9,9052
247.5,947,0,5.7,9073
248.5,947,0,7.1,9101
249.5,944,0,6.1,9097
250.5,944,0,5.7,9099
251.6,944,0,5.9,9095
252.6,944,0,5.6,9110
253.6,944,0,5.6,9121
254.6,944,0,6.0,9156
255.7,944,0,5.6,9159
256.7,944,0,5.8,9175
257.7,944,0,5.8,9169
258.7,944,0,5.7,9192
259.7,944,0,5.7,9226
260.8,944,0,5.7,9255
261.8,944,0,5.8,9290
262.8,944,0,5.8,9329
263.8,944,0,5.7,9371
264.8,944,0,5.7,9330
265.9,944,0,6.1,9356
266.9,944,0,6.0,9392
267.9,944,0,6.0,9407
268.9,944,0,5.9,9450
269.9,944,0,6.0,9476
271.0,944,0,5.9,9486
272.0,944,0,6.0,9505
273.0,944,0,6.1,9464
274.0,944,0,6.0,9476
275.1,944,0,6.3,9477
276.1,944,0,5.9,9505
277.1,944,0,5.9,9487
278.1,944,0,6.2,9491
279.1,944,0,6.1,9543
280.2,944,0,6.5,9548
281.2,944,0,6.3,9563
282.2,944,0,6.7,9572
283.2,944,0,6.5,9535
284.3,944,0,6.5,9514
285.3,944,0,6.5,9489
286.3,944,0,6.6,9552
287.3,944,0,6.5,9538
288.3,944,0,6.4,9539
289.4,944,0,6.5,9572
290.4,944,0,6.2,9545
291.4,944,0,6.5,9551
292.4,944,0,6.6,9494
293.4,944,0,6.6,9516
294.5,944,0,7.2,9513
295.5,944,0,6.5,9523
296.5,944,0,6.3,9487
297.5,944,0,6.5,9538
298.6,944,0,6.4,9535
299.6,944,0,6.6,9562
300.6,944,0,6.5,9548
301.6,944,0,6.4,9578
302.6,944,0,6.4,9601
303.7,944,0,6.6,9607
304.7,944,0,6.5,9626
305.7,944,0,6.3,9603
306.7,944,0,6.3,9570
307.8,944,0,6.6,9584
308.8,944,0,6.5,9590
309.8,944,0,6.5,9582
310.8,944,0,6.4,9572
311.8,944,0,6.4,9564
312.9,944,0,6.5,9554
313.9,944,0,6.4,9561
314.9,944,0,6.2,9554
315.9,983,0,6.6,9546
316.9,983,0,6.3,9540
318.0,982,0,6.5,9526
319.0,979,0,6.4,9531
320.0,979,0,6.8,9569
321.0,947,0,6.6,9587
322.1,947,0,6.5,9579
323.1,947,0,6.5,9579
324.1,947,0,6.4,9603
325.1,947,0,6.3,9610
326.1,947,0,6.6,9623
327.2,947,0,6.2,9640
328.2,947,0,6.4,9619
329.2,947,0,6.2,9615
330.2,947,0,6.4,9607
331.2,947,0,6.3,9602
332.3,947,0,6.3,9626
333.3,947,0,6.6,9628
334.3,947,0,6.2,9608
335.3,947,0,6.3,9622
336.3,947,0,6.5,9628
337.4,947,0,6.2,9629
338.4,947,0,6.2,9642
339.4,947,0,6.4,9658
340.4,947,0,6.4,9620
341.5,947,0,6.2,9630
342.5,947,0,6.8,9628
343.5,947,0,6.0,9602
344.5,947,0,6.0,9641
345.5,989,0,6.1,9682
346.6,979,0,5.6,9705
347.6,979,0,5.8,9698
348.6,979,0,5.7,9705
349.6,947,0,5.8,9741
350.6,947,0,5.6,9759
351.7,947,0,5.7,9764
352.7,947,0,5.7,9803
353.7,947,0,6.1,9798
354.7,947,0,5.6,9807
355.8,947,0,6.1,9833
356.8,947,0,6.0,9862
357.8,947,0,6.0,9852
358.8,947,0,6.0,9842
359.8,947,0,6.1,9878
360.9,947,0,6.0,9898
361.9,947,0,6.4,9932
362.9,947,0,6.2,9956
363.9,947,0,6.2,9947
364.9,947,0,6.1,9930
366.0,947,0,5.9,9938
367.0,947,0,5.9,9963
368.0,947,0,5.9,9945
369.0,947,0,5.8,9954
370.1,947,0,6.0,9932
371.1,947,0,6.0,9964
372.1,947,0,6.1,9981
373.1,947,0,6.3,10005
374.1,947,0,6.0,9992
375.2,947,0,5.9,9966
376.2,947,0,5.7,10002
377.2,945,0,5.9,10046
378.2,945,0,5.7,10042
379.2,945,0,5.6,10052
380.3,945,0,5.7,10087
381.3,945,0,5.5,10110
382.3,945,0,5.8,10102
383.3,945,0,5.8,10105
384.4,945,0,5.6,10113
385.4,945,0,5.6,10118
386.4,945,0,6.0,10123
387.4,945,0,5.8,10123
388.4,945,0,6.0,10124
389.5,945,0,6.2,10118
390.5,945,0,6.1,10127
391.5,945,0,5.9,10124
392.5,945,0,6.2,10139
393.5,945,0,6.1,10112
394.6,945,0,7.1,10079
395.6,945,0,6.1,10079
396.6,945,0,6.0,10087
397.6,945,0,6.1,10078
398.6,945,0,6.4,10075
399.7,945,0,6.1,10062
400.7,945,0,6.0,10053
401.7,945,0,5.9,10061
402.7,945,0,6.2,10084
403.8,945,0,6.1,10097
404.8,945,0,6.1,10122
405.8,945,0,6.1,10126
406.8,945,0,6.2,10130
407.8,945,0,6.1,10154
408.9,945,0,6.3,10134
409.9,945,0,6.2,10140
410.9,945,0,6.2,10176
411.9,945,0,6.3,10189
412.9,945,0,6.4,10189
414.0,945,0,6.3,10149
415.0,945,0,6.2,10163
416.0,945,0,6.2,10140
417.0,945,0,6.0,10162
418.0,945,0,6.3,10185
419.1,945,0,6.0,10203
420.1,945,0,5.8,10256
421.1,945,0,6.1,10276
422.1,945,0,5.8,10301
423.1,945,0,6.0,10297
424.2,945,0,5.9,10339
425.2,945,0,5.9,10366
426.2,945,0,5.8,10396
427.2,945,0,5.9,10427
428.2,945,0,5.9,10460
429.3,945,0,5.9,10470
430.3,945,0,5.8,10447
431.3,945,0,6.1,10466
432.3,945,0,5.6,10511
433.4,945,0,6.0,10514
434.4,945,0,5.6,10532
435.4,945,0,5.9,10551
436.4,945,0,5.9,10588
437.4,945,0,5.7,10569
438.5,945,0,6.1,10592
439.5,945,0,6.2,10592
440.5,945,0,6.0,10612
441.5,945,0,6.0,10622
442.5,945,0,6.1,10623
443.6,945,0,5.9,10621
444.6,945,0,6.1,10620
445.6,945,0,6.5,10605
446.6,945,0,6.0,10619
447.7,945,0,5.7,10640
448.7,945,0,5.6,10652
449.7,945,0,5.7,10688
450.7,945,0,5.6,10690
451.7,945,0,5.8,10695
452.8,945,0,5.5,10720
453.8,945,0,5.6,10726
454.8,945,0,5.3,10718
455.8,945,0,5.5,10746
456.8,945,0,5.6,10763
457.9,945,0,5.6,10790
458.9,945,0,5.6,10781
459.9,945,0,5.2,10797
460.9,945,0,5.5,10836
461.9,945,0,5.5,10819
463.0,945,0,5.7,10819
464.0,945,0,5.4,10837
465.0,945,0,5.6,10829
466.0,945,0,5.9,10864
467.1,945,0,5.9,10872
468.1,945,0,5.9,10877
469.1,945,0,6.0,10898
470.1,945,0,6.0,10894
471.1,945,0,6.0,10923
472.2,945,0,6.0,10921
473.2,945,0,5.9,10914
474.2,945,0,6.0,10930
475.2,945,0,6.0,10936
476.2,945,0,6.0,10920
477.3,945,0,6.0,10900
478.3,945,0,6.3,10893
479.3,945,0,6.0,10911
480.3,945,0,6.1,10904
481.3,945,0,6.0,10892
482.4,945,0,6.2,10900
483.4,945,0,6.0,10880
484.4,945,0,6.0,10893
485.4,945,0,5.9,10896
486.4,945,0,6.1,10874
487.5,945,0,5.7,10878
488.5,945,0,5.9,10895
489.5,945,0,5.9,10903
490.5,945,0,6.0,10928
491.6,945,0,5.6,10927
492.6,945,0,5.7,10956
493.6,945,0,5.6,10952
494.6,945,0,5.6,10989
495.6,945,0,5.9,11003
496.7,945,0,5.6,11017
497.7,945,0,5.8,11042
498.7,945,0,5.9,11066
499.7,945,0,7.1,11015
500.7,945,0,7.6,11007
501.8,945,0,5.8,11023
502.8,945,0,6.0,11007
503.8,945,0,6.1,11044
504.8,945,0,5.9,11043
505.9,945,0,6.2,11002
506.9,945,0,5.7,11015
507.9,945,0,6.0,11014
508.9,945,0,5.8,11020
509.9,945,0,6.0,10995
511.0,945,0,5.8,11014
512.0,918,0,6.6,11088
513.0,918,0,5.8,11114
514.0,912,0,6.2,11131
515.0,909,0,5.9,11138
516.1,909,0,5.9,11144
517.1,877,0,6.1,11141
518.1,877,0,5.9,11176
519.1,877,0,6.0,11202
520.2,918,0,6.1,11207
521.2,918,0,5.7,11266
522.2,912,0,5.6,11269
523.2,909,0,5.9,11358
524.2,909,0,5.8,11347
525.3,877,0,5.6,11335
526.3,877,0,5.6,11338
527.3,877,0,5.8,11345
528.3,877,0,5.7,11430
529.4,877,0,5.8,11433
530.4,877,0,5.6,11410
531.4,877,0,5.6,11429
532.4,877,0,5.7,11419
533.4,877,0,5.5,11395
534.5,877,0,5.4,11397
535.5,877,0,5.4,11418
536.5,877,0,5.5,11435
537.5,877,0,5.5,11400
538.5,877,0,5.6,11393
539.6,877,0,5.6,11383
540.6,877,0,5.4,11391
541.6,877,0,5.6,11375
542.6,877,0,5.5,11370
543.7,877,0,5.5,11408
544.7,877,0,5.2,11432
545.7,877,0,5.5,11433
546.7,877,0,5.5,11441
547.7,877,0,5.5,11463
548.8,877,0,5.5,11492
549.8,877,0,5.4,11447
550.8,877,0,5.4,11479
551.8,877,0,5.5,11457
552.8,877,0,5.5,11481
553.9,877,0,6.3,11523
554.9,877,0,5.7,11541
555.9,877,0,5.9,11568
556.9,877,0,5.6,11552
557.9,877,0,5.8,11597
559.0,877,0,5.7,11609
560.0,877,0,5.8,11663
561.0,877,0,6.0,11734
562.0,877,0,5.6,11743
563.0,877,0,5.6,11762
564.1,877,0,5.7,11777
565.1,877,0,5.7,11797
566.1,877,0,5.8,11792
567.1,877,0,5.7,11777
568.1,877,0,5.8,11793
569.2,877,0,5.8,11812
570.2,877,0,5.9,11830
571.2,877,0,5.7,11832
572.2,877,0,5.9,11820
573.2,874,0,5.6,11820
574.3,874,0,5.7,11802
575.3,874,0,5.6,11800
576.3,874,0,5.7,11829
577.3,874,0,5.7,11851
578.4,874,0,5.6,11859
579.4,874,0,5.7,11889
580.4,874,0,5.8,11888
581.4,891,0,6.4,11880
582.5,891,100,7.4,11878
583.5,884,0,5.6,11870
584.5,881,0,5.6,11864
585.6,881,0,5.7,11867
586.6,881,0,5.8,11885
587.6,876,0,5.7,11890
588.6,876,0,5.7,11933
589.6,876,0,5.4,11983
590.7,888,0,5.4,12007
591.7,888,0,5.5,12026
592.7,880,0,5.5,12058
593.7,880,0,5.4,12085
594.7,880,0,5.3,12111
595.8,876,0,5.4,12157
596.8,876,0,5.5,12163
597.8,876,0,5.1,12166
598.8,876,0,5.4,12186
599.8,876,0,5.3,12196
600.9,876,0,5.4,12197
601.9,876,0,5.3,12217
602.9,876,0,5.3,12251
603.9,876,0,5.4,12253
605.0,876,0,5.5,12278
606.0,876,0,5.5,12308
607.0,876,0,5.4,12304
608.0,876,0,5.7,12314
609.0,876,0,5.6,12305
610.1,876,0,5.6,12307
611.1,876,0,5.7,12300
612.1,876,0,5.7,12308
613.1,876,0,6.4,12284
614.1,876,0,5.6,12287
615.2,876,0,5.6,12271
616.2,876,0,5.4,12298
617.2,876,0,5.6,12326
618.2,876,0,5.4,12336
619.3,876,0,5.4,12352
620.3,876,0,5.5,12427
621.3,876,0,5.3,12434
622.3,876,0,5.2,12444
623.3,876,0,5.3,12468
624.4,876,0,5.4,12470
625.4,876,0,5.2,12483
626.4,876,0,5.2,12495
627.4,876,0,5.4,12484
628.4,876,0,5.4,12515
629.5,876,0,5.1,12506
630.5,876,0,5.3,12505
631.5,876,0,5.3,12500
632.5,876,0,5.3,12502
633.5,876,0,5.4,12524
634.6,876,0,5.2,12521
635.6,876,0,5.3,12543
636.6,876,0,5.3,12574
637.6,876,0,5.2,12589
638.6,876,0,5.2,12601
639.7,876,0,5.4,12597
640.7,876,0,5.5,12576
641.7,876,0,5.4,12574
642.7,874,0,5.6,12571
643.7,874,0,5.5,12579
644.8,874,0,5.4,12579
645.8,874,0,5.3,12593
646.8,874,0,5.4,12606
647.8,874,0,5.5,12589
648.8,874,0,5.6,12613
649.9,874,0,5.4,12608
650.9,874,0,5.4,12630
651.9,874,0,5.3,12629
652.9,874,0,5.2,12645
653.9,874,0,6.2,12652
655.0,874,0,5.6,12665
656.0,874,0,5.4,12694
657.0,874,0,5.5,12697
658.0,874,0,5.2,12693
659.0,874,0,5.3,12709
660.1,874,0,5.4,12723
661.1,874,0,5.2,12718
662.1,874,0,5.4,12736
663.1,874,0,5.3,12763
664.2,874,0,5.5,12778
665.2,874,0,5.4,12824
666.2,874,0,5.4,12825
667.2,874,0,5.3,12841
668.2,874,0,5.2,12867
669.2,874,0,5.3,12856
670.3,874,0,5.4,12850
671.3,874,0,5.5,12841
672.3,874,0,5.3,12874
673.3,874,0,5.4,12900
674.4,874,0,6.2,12907
675.4,874,0,5.4,12915
676.4,874,0,5.5,12923
677.4,874,0,5.6,12935
678.4,874,0,5.4,12919
679.5,874,0,5.6,12946
680.5,874,0,5.4,12946
681.5,874,0,5.8,12927
682.5,874,0,5.4,12946
683.5,874,0,5.6,12931
684.6,874,0,5.7,12931
685.6,874,0,5.6,13007
686.6,874,0,5.7,12992
687.6,874,0,5.8,13021
688.6,874,0,5.6,13005
689.7,874,0,5.8,13047
690.7,874,0,5.5,13062
691.7,874,0,5.8,13064
692.7,874,0,5.5,13040
693.8,874,0,5.6,13051
694.8,874,0,5.8,13049
695.8,874,0,5.5,12995
696.8,874,0,5.7,13044
697.8,874,0,5.8,13034
698.9,874,0,5.7,13061
699.9,874,0,5.5,13058
700.9,874,0,5.9,13055
701.9,874,0,5.9,13045
703.0,874,0,5.7,13032
704.0,874,0,5.9,13035
705.0,874,0,6.0,13072
706.0,874,0,5.8,13072
707.0,874,0,6.0,13077
708.1,874,0,5.9,13062
709.1,874,0,6.0,13103
710.1,874,0,5.9,13117
711.1,874,0,5.9,13112
712.2,874,0,6.0,13148
713.2,874,0,6.1,13107
714.2,874,0,5.9,13056
715.2,874,0,6.1,13048
716.2,874,0,6.0,13049
717.3,874,0,6.0,13027
718.3,874,0,5.9,13075
719.3,874,0,6.2,13061
720.3,874,0,6.0,13108
721.3,874,0,5.9,13063
722.4,874,0,5.8,13019
723.4,874,0,5.8,13022
724.4,874,0,5.8,12987
725.4,874,0,5.9,13033
726.5,874,0,5.7,13072
727.5,874,0,5.8,13144
728.5,874,0,5.6,13166
729.5,874,0,6.0,13138
730.5,874,0,5.7,13137
731.6,874,0,5.8,13088
732.6,874,0,5.7,13082
733.6,874,0,5.7,13078
734.6,874,0,5.5,13069
735.6,874,0,5.9,13068
736.7,874,0,5.6,13118
737.7,874,0,5.8,13090
738.7,874,0,5.7,13091
739.7,874,0,5.6,13083
740.7,874,0,5.9,13096
741.8,874,0,5.8,13125
742.8,874,0,5.7,13153
743.8,874,0,5.6,13160
744.8,874,0,5.6,13119
745.8,874,0,5.8,13106
746.9,874,0,5.6,13158
747.9,874,0,7.0,13168
748.9,874,0,5.8,13197
749.9,874,0,5.6,13173
750.9,874,0,5.5,13180
752.0,874,0,5.8,13133
753.0,874,0,5.6,13134
754.0,874,0,5.8,13116
755.0,874,0,5.6,13107
756.0,874,0,5.6,13159
757.1,874,0,5.6,13167
758.1,874,0,5.7,13161
759.1,874,0,5.6,13133
760.1,874,0,5.7,13138
761.1,874,0,5.6,13169
762.2,874,0,5.7,13144
763.2,874,0,5.7,13148
764.2,874,0,5.7,13166
765.2,874,0,5.7,13172
766.2,874,0,5.7,13187
767.3,874,0,5.7,13187
768.3,874,0,5.7,13178
769.3,874,0,5.8,13148
770.3,875,0,6.0,13178
771.4,875,0,5.6,13139
772.4,875,0,5.7,13097
773.4,875,0,5.7,13090
774.4,875,0,5.8,13102
775.4,875,0,5.8,13088
776.5,875,0,5.7,13146
777.5,875,0,5.6,13117
778.5,875,0,5.6,13124
779.5,875,0,5.8,13117
780.5,875,0,5.6,13123
781.6,875,0,5.6,13134
782.6,875,0,5.8,13151
783.6,875,0,5.6,13158
784.6,875,0,5.7,13192
785.6,875,0,5.4,13193
786.7,875,0,5.8,13154
787.7,875,0,5.4,13174
788.7,875,0,5.6,13158
789.7,875,0,5.4,13192
790.7,875,0,5.8,13170
791.8,875,0,5.4,13185
792.8,875,0,5.5,13200
793.8,875,0,5.6,13192
794.8,875,0,5.5,13194
795.9,875,0,5.3,13190
796.9,875,0,5.7,13232
797.9,875,0,5.5,13235
798.9,875,0,5.6,13231
799.9,875,0,5.8,13245
801.0,875,0,5.5,13278
802.0,875,0,5.6,13281
803.0,875,0,5.5,13269
804.0,875,0,5.7,13250
805.0,875,0,5.6,13251
806.1,875,0,5.6,13236
807.1,875,0,5.5,13282
808.1,875,0,5.9,13270
809.1,875,0,5.6,13275
810.1,875,0,5.7,13335
811.2,875,0,5.6,13333
812.2,875,0,5.5,13286
813.2,875,0,5.7,13274
814.2,875,0,5.7,13264
815.2,875,0,5.7,13279
816.3,888,0,6.0,13301
817.3,888,0,5.6,13257
818.3,883,0,5.9,13252
819.3,881,0,5.8,13291
820.4,881,0,5.8,13252
821.4,877,0,5.6,13298
822.4,877,0,5.4,13299
823.4,877,0,5.7,13300
824.4,877,0,5.8,13290
825.5,877,0,5.8,13342
826.5,877,0,5.7,13354
827.5,877,0,5.4,13330
828.5,877,0,5.8,13331
829.5,877,0,5.9,13306
830.6,877,0,5.7,13297
831.6,877,0,5.6,13326
832.6,877,0,5.7,13340
833.6,877,0,6.1,13406
834.7,877,0,5.8,13383
835.7,877,0,5.5,13435
836.7,877,0,5.7,13472
837.7,877,0,5.4,13466
838.7,877,0,5.9,13478
839.8,877,0,5.6,13479
840.8,877,0,5.6,13493
841.8,877,0,5.5,13511
842.8,877,0,5.5,13508
843.8,877,0,5.6,13475
844.9,877,0,5.6,13473
845.9,877,0,6.0,13492
846.9,874,0,5.6,13434
847.9,874,0,5.5,13499
848.9,874,0,5.6,13454
850.0,874,0,5.7,13434
851.0,874,0,5.5,13403
852.0,874,0,5.7,13451
853.0,874,0,5.7,13444
854.1,874,0,5.5,13489
855.1,874,0,5.7,13552
856.1,874,0,5.3,13561
857.1,874,0,5.8,13555
858.1,874,0,5.3,13595
859.2,874,0,5.7,13642
860.2,874,0,5.5,13663
861.2,874,0,5.4,13672
862.2,874,0,5.4,13685
863.3,874,0,5.3,13723
864.3,874,0,5.5,13739
865.3,874,0,5.7,13756
866.3,874,0,5.6,13778
867.3,874,0,5.4,13790
868.4,874,0,5.5,13819
869.4,874,0,5.4,13823
870.4,874,0,5.5,13823
871.4,874,0,5.6,13808
872.4,874,0,5.7,13824
873.5,874,0,5.6,13812
874.5,874,0,5.5,13791
875.5,874,0,5.7,13795
876.5,874,0,5.6,13791
877.5,874,0,5.6,13799
878.6,874,0,5.4,13816
879.6,874,0,5.7,13831
880.6,874,0,5.8,13847
881.6,874,0,5.6,13861
882.6,874,0,5.7,13875
883.7,874,0,5.6,13875
884.7,874,0,5.6,13882
885.7,874,0,5.5,13882
886.7,874,0,5.8,13896
887.7,874,0,5.6,13897
888.8,874,0,5.7,13914
889.8,874,0,5.8,13911
890.8,874,0,5.7,13912
891.8,874,0,5.6,13914
892.8,874,0,5.6,13910
893.9,874,0,5.6,13942
894.9,874,0,5.7,13941
895.9,874,0,5.6,13939
896.9,874,0,5.8,13920
897.9,874,0,5.5,13919
899.0,874,0,5.5,13942
900.0,943,0,6.1,13945
901.0,943,0,5.6,13942
902.0,937,0,5.6,13944
903.1,934,0,5.5,13946
904.1,934,0,5.5,13937
905.1,882,0,5.4,13961
906.1,882,0,5.5,13990
907.1,882,0,5.4,13997
908.2,882,0,5.3,13999
909.2,882,0,5.5,14019
910.2,923,0,5.6,14067
911.2,923,0,5.5,14057
912.2,917,0,5.3,14077
913.3,914,0,5.3,14089
914.3,922,0,5.6,14102
915.3,922,0,5.4,14112
916.3,916,0,5.5,14096
917.4,914,0,5.4,14123
918.4,914,0,5.3,14158
919.4,878,0,5.4,14193
920.4,878,0,5.5,14248
921.4,878,0,5.4,14283
922.5,878,0,5.3,14295
923.5,878,0,5.2,14304
924.5,878,0,5.2,14327
925.5,878,0,5.3,14363
926.6,878,0,5.3,14374
927.6,878,0,5.3,14371
928.6,878,0,5.3,14380
929.6,878,0,5.3,14384
930.6,878,0,5.2,14419
931.7,878,0,5.2,14436
932.7,878,0,5.0,14450
933.7,919,0,5.6,14467
934.7,919,0,5.2,14483
935.7,913,0,5.2,14494
936.8,910,0,5.2,14471
937.8,910,0,5.3,14498
938.8,878,0,5.0,14511
939.8,878,0,5.2,14517
940.8,878,0,5.2,14519
941.9,878,0,5.1,14526
942.9,878,0,5.2,14528
943.9,878,0,5.3,14512
944.9,878,0,5.3,14529
945.9,878,0,5.4,14507
947.0,878,0,5.1,14511
948.0,878,0,5.1,14509
949.0,878,0,5.2,14505
950.0,878,0,5.3,14520
951.1,878,0,5.2,14534
952.1,878,0,5.2,14547
953.1,878,0,5.2,14550
954.1,878,0,5.0,14542
955.1,878,0,5.3,14554
956.1,878,0,5.2,14548
957.2,878,0,5.4,14546
958.2,878,0,5.2,14518
959.2,878,0,5.3,14529
960.2,878,0,5.2,14547
961.3,878,0,5.2,14570
962.3,878,0,5.0,14582
963.3,878,0,5.1,14599
964.3,878,0,5.1,14601
965.3,878,0,5.1,14590
966.4,878,0,5.5,14574
967.4,878,0,5.1,14589
968.4,878,0,5.2,14580
969.4,878,0,5.1,14593
970.4,878,0,5.3,14584
971.5,878,0,5.2,14587
972.5,878,0,5.2,14579
973.5,878,0,4.9,14588
974.5,878,0,5.4,14613
975.5,878,0,5.1,14628
976.6,878,0,5.2,14614
977.6,878,0,4.9,14631
978.6,878,0,5.0,14649
979.6,878,0,5.1,14669
980.7,878,0,5.3,14689
981.7,878,0,5.1,14698
982.7,878,0,4.9,14697
983.7,878,0,5.3,14710
984.7,878,0,5.1,14722
985.8,878,0,5.1,14731
986.8,878,0,5.3,14749
987.8,878,0,4.9,14750
988.8,878,0,5.3,14771
989.8,878,0,5.1,14811
990.9,875,0,4.9,14815
991.9,875,0,5.2,14838
992.9,875,0,4.9,14843
993.9,875,0,5.2,14855
994.9,875,0,5.1,14863
996.0,875,0,5.2,14866
997.0,875,0,5.0,14897
998.0,875,0,5.1,14890
999.0,875,0,4.9,14908
1000.0,875,0,5.2,14911
1001.1,875,0,5.1,14928
1002.1,875,0,5.1,14932
1003.1,875,0,4.9,14951
1004.1,875,0,5.1,14949
1005.1,875,0,5.1,14958
1006.2,875,0,5.2,14944
1007.2,875,0,4.9,14929
1008.2,875,0,5.0,14936
1009.2,875,0,5.0,14952
1010.2,875,0,5.1,14934
1011.3,875,0,5.0,14955
1012.3,875,0,5.1,14924
1013.3,875,0,5.0,14933
1014.3,875,0,5.1,14929
1015.4,875,0,5.0,14928
1016.4,875,0,5.0,14941
1017.4,875,0,5.1,14947
1018.4,875,0,5.2,14950
1019.4,875,0,5.1,14974
1020.5,875,0,5.2,14997
1021.5,875,0,4.9,15010
1022.5,875,0,5.1,15010
1023.5,875,0,5.0,15019
1024.5,875,0,5.1,15007
1025.6,875,0,5.1,14999
1026.6,875,0,4.9,15009
1027.6,923,0,6.8,15027
1028.6,923,0,5.1,15025
1029.6,917,0,5.0,15027
1030.7,914,0,5.1,15011
1031.7,914,0,5.3,15000
1032.7,878,0,5.1,14988
1033.7,878,0,5.1,15003
1034.8,878,0,5.1,15022
1035.8,878,0,4.9,15004
1036.8,878,0,5.1,14997
1037.8,878,0,5.2,14986
1038.8,878,0,5.2,14998
1039.9,878,0,5.4,15030
1040.9,878,0,5.2,15030
1041.9,878,0,5.2,15004
1042.9,878,0,5.3,15009
1043.9,878,0,5.3,15007
1045.0,878,0,5.2,15030
1046.0,878,0,5.2,15047
1047.0,878,0,5.6,15054
1048.0,878,0,5.3,15066
1049.0,878,0,5.4,15052
1050.1,920,91,5.7,15043
1051.1,920,0,5.5,15041
1052.1,913,2,5.4,15042
1053.1,910,1,5.4,15062
1054.2,910,0,5.4,15054
1055.2,878,0,5.4,15048
1056.2,878,0,5.3,15068
1057.2,878,0,5.4,15067
1058.2,878,0,5.5,15058
1059.3,878,0,5.3,15055
1060.3,878,0,5.5,15017
1061.3,878,0,5.3,15014
1062.3,878,0,5.2,15030
1063.4,878,0,5.4,15021
1064.4,878,0,5.2,15020
1065.4,878,0,5.4,15024
1066.4,878,0,5.2,15022
1067.4,878,0,5.2,15007
1068.5,878,0,5.2,14999
1069.5,878,0,5.2,15007
1070.5,878,0,5.2,15015
1071.5,878,0,5.1,15015
1072.6,878,0,5.3,15008
1073.6,878,0,5.1,15012
1074.6,878,0,5.2,15016
1075.6,878,0,5.1,15015
1076.6,878,0,5.2,15005
1077.7,878,0,5.1,15001
1078.7,878,0,5.1,15000
1079.7,878,0,5.2,14999
1080.7,878,0,5.1,14997
1081.7,878,0,5.0,14991
1082.8,878,0,5.0,15000
1083.8,878,0,5.1,14996
1084.8,878,0,5.1,14986
1085.8,878,0,5.2,14990
1086.8,878,0,5.1,14985
1087.9,875,0,5.1,14982
1088.9,875,0,5.1,14983
1089.9,875,0,5.2,14984
1090.9,875,0,5.0,14988
1091.9,875,0,5.0,14986
1093.0,875,0,5.3,14983
1094.0,875,0,5.0,14983
1095.0,875,0,5.1,14989
1096.0,875,0,5.0,14989
1097.1,875,0,5.2,14987
1098.1,875,0,5.0,14985
1099.1,875,0,5.3,14997
1100.1,875,0,5.1,15003
1101.1,875,0,5.1,15005
1102.2,875,0,4.9,14998
1103.2,875,0,5.4,14998
1104.2,875,0,5.1,14993
1105.2,875,0,5.2,14995
1106.2,875,0,5.0,15005
1107.3,875,0,5.3,15004
1108.3,875,0,5.2,15007
1109.3,875,0,5.3,15007
1110.3,875,0,5.2,15011
1111.4,875,0,5.1,15008
1112.4,875,0,5.2,15009
1113.4,875,0,5.0,15013
1114.4,875,0,5.1,15019
1115.4,875,0,5.2,15017
1116.5,875,0,5.0,15019
1117.5,875,0,5.3,15025
1118.5,875,0,5.2,15022
1119.5,875,0,5.3,15025
1120.5,875,0,5.2,15016
1121.6,875,0,5.2,15020
1122.6,875,0,5.4,15018
1123.6,875,0,7.5,15056
1124.6,875,0,5.1,15057
1125.6,875,0,5.2,15060
1126.7,875,0,5.1,15050
1127.7,875,0,5.1,15060
1128.7,875,0,5.2,15051
1129.7,875,0,5.1,15042
1130.7,875,0,5.1,15026
1131.8,875,0,6.9,15012
1132.8,875,0,5.1,15011
1133.8,875,0,5.1,15006
1134.8,875,0,5.0,15001
1135.9,875,0,5.2,15000
1136.9,875,0,5.1,14992
1137.9,875,0,5.2,15006
1138.9,875,0,5.2,14993
1139.9,875,0,5.3,14988
1141.0,875,0,5.1,14986
1142.0,875,0,5.2,14988
1143.0,875,0,5.2,14991
1144.0,875,0,5.2,14988
1145.1,875,0,5.2,14989
1146.1,875,0,5.1,14995
1147.1,875,0,5.1,15009
1148.1,875,0,5.4,15015
1149.1,875,0,5.3,14986
1150.2,875,0,5.5,15005
1151.2,875,0,5.3,15032
1152.2,875,0,5.3,15045
1153.2,875,0,5.1,15036
1154.2,875,0,5.1,15035
1155.3,875,0,5.1,15046
1156.3,875,0,5.2,15032
1157.3,875,0,5.3,15045
1158.3,875,0,5.3,15091
1159.3,875,0,5.1,15092
1160.4,875,0,5.2,15116
1161.4,875,0,5.2,15114
1162.4,875,0,5.0,15092
1163.4,875,0,5.2,15101
1164.5,875,0,5.3,15132
1165.5,875,0,5.3,15113
1166.5,875,0,5.2,15128
1167.5,875,0,4.9,15144
1168.5,875,0,5.0,15148
1169.6,875,0,5.4,15136
1170.6,875,0,5.1,15143
1171.6,875,0,5.1,15123
1172.6,875,0,5.4,15115
1173.6,875,0,5.2,15101
1174.7,875,0,5.1,15090
1175.7,875,0,5.0,15084
1176.7,875,0,5.3,15074
1177.7,875,0,5.1,15069
1178.8,875,0,5.0,15066
1179.8,875,0,5.3,15062
1180.8,947,0,5.6,15192
1181.8,947,0,5.2,15176
1182.8,941,0,5.1,15171
1183.9,938,0,5.3,15145
1184.9,938,0,5.2,15169
1185.9,938,0,5.2,15174
1186.9,878,0,5.1,15166
1188.0,878,0,5.2,15193
1189.0,878,0,5.1,15164
1190.0,878,0,5.1,15181
1191.0,878,0,5.1,15165
1192.0,878,0,5.1,15151
1193.1,878,0,4.9,15140
1194.1,878,0,5.2,15116
1195.1,878,0,5.1,15107
1196.1,878,0,5.2,15122
1197.1,878,0,5.1,15120
1198.2,878,0,5.2,15121
1199.2,878,0,5.2,15123
1200.2,878,0,5.2,15134
1201.2,878,0,5.1,15132
1202.2,878,0,5.1,15115
1203.3,878,0,5.2,15104
1204.3,878,0,5.5,15085
1205.3,878,0,5.4,15097
1206.3,878,0,5.3,15083
1207.3,878,0,5.4,15079
1208.4,878,0,5.4,15061
1209.4,878,0,5.3,15066
1210.4,878,0,5.6,15078
1211.4,878,0,5.5,15098
1212.5,878,0,5.5,15100
1213.5,878,0,5.3,15097
1214.5,878,0,5.4,15129
1215.5,878,0,5.6,15129
1216.5,878,0,5.3,15134
1217.6,878,0,5.4,15119
1218.6,878,0,5.5,15122
1219.6,878,0,5.6,15123
1220.6,878,0,5.6,15110
1221.6,878,0,5.4,15150
1222.7,878,0,5.6,15244
1223.7,878,0,5.2,15250
1224.7,878,0,5.4,15239
1225.7,878,0,5.5,15203
1226.7,878,0,5.8,15210
1227.8,878,0,5.4,15204
1228.8,878,0,5.4,15204
1229.8,878,0,5.3,15206
1230.8,878,0,5.3,15204
1231.8,918,21,5.5,15218
1232.9,918,0,5.2,15223
1233.9,913,0,5.1,15249
1234.9,910,0,5.3,15256
1235.9,910,0,5.2,15260
1237.0,878,0,5.3,15262
1238.0,878,0,5.1,15252
1239.0,878,0,5.0,15241
1240.0,878,0,5.2,15241
1241.0,878,0,5.1,15200
1242.1,878,0,5.3,15204
1243.1,878,0,5.1,15178
1244.1,878,0,5.2,15199
1245.1,878,0,5.2,15183
1246.1,878,0,5.2,15168
1247.2,878,0,5.2,15157
1248.2,878,0,5.1,15158
1249.2,878,0,5.0,15138
1250.2,878,0,5.1,15144
1251.2,878,0,5.1,15141
1252.3,878,0,5.1,15123
1253.3,878,0,5.0,15121
1254.3,878,0,5.2,15104
1255.3,878,0,5.3,15174
1256.4,878,0,5.0,15190
1257.4,878,0,4.9,15217
1258.4,923,0,5.5,15233
1259.4,923,0,4.9,15226
1260.4,918,0,5.2,15239
1261.5,914,0,5.0,15224
1262.5,914,0,5.0,15230
1263.5,882,0,5.0,15212
1264.5,882,0,5.3,15204
1265.5,882,0,4.8,15192
1266.6,882,0,5.1,15184
1267.6,882,0,5.0,15180
1268.6,882,0,4.9,15175
1269.6,882,0,5.2,15178
1270.7,882,0,5.2,15174
1271.7,882,0,5.0,15199
1272.7,882,0,5.1,15226
1273.7,882,0,4.9,15243
1274.7,882,0,4.9,15260
1275.8,882,0,5.0,15291
1276.8,882,0,5.0,15272
1277.8,882,0,4.9,15264
1278.8,882,0,5.0,15270
1279.8,882,0,5.0,15262
1280.9,882,0,4.7,15254
1281.9,882,0,4.9,15253
1282.9,882,0,5.1,15252
1283.9,882,0,5.2,15243
1284.9,882,0,4.9,15263
1286.0,882,0,5.0,15239
1287.0,882,0,4.8,15249
1288.0,882,0,5.0,15252
1289.0,882,0,5.1,15280
1290.0,882,0,4.9,15290
1291.1,882,0,5.0,15265
1292.1,882,0,4.8,15278
1293.1,882,0,4.9,15288
1294.1,882,0,5.0,15280
1295.1,882,0,5.0,15268
1296.2,882,0,5.0,15278
1297.2,882,0,5.0,15293
1298.2,882,0,4.9,15282
1299.2,882,0,5.0,15278
1300.2,882,0,5.0,15263
1301.3,880,0,4.8,15258
1302.3,880,0,4.9,15272
1303.3,880,0,4.9,15256
1304.3,880,0,4.9,15252
1305.4,880,0,5.0,15274
1306.4,880,0,4.9,15258
1307.4,880,0,4.9,15252
1308.4,880,0,5.1,15235
1309.4,880,0,4.9,15226
1310.5,880,0,4.9,15230
1311.5,880,0,5.1,15234
1312.5,880,0,4.9,15230
1313.5,880,0,4.8,15223
1314.5,880,0,4.9,15216
1315.6,880,0,4.9,15211
1316.6,880,0,5.1,15207
1317.6,880,0,5.0,15198
1318.6,880,0,5.0,15227
1319.6,880,0,5.0,15270
1320.7,880,0,4.9,15286
1321.7,880,0,5.2,15290
1322.7,880,0,5.0,15275
1323.7,880,0,5.0,15280
1324.7,880,0,5.1,15286
1325.8,880,0,5.0,15270
1326.8,880,0,4.9,15277
1327.8,880,0,5.0,15254
1328.8,880,0,4.8,15242
1329.8,886,0,5.3,15257
1330.9,886,0,5.0,15249
1331.9,885,0,5.1,15237
1332.9,884,0,5.2,15257
1333.9,884,0,4.9,15295
1334.9,880,0,5.1,15347
1336.0,880,0,5.2,15375
1337.0,880,0,5.0,15387
1338.0,880,0,5.1,15414
1339.0,924,0,5.0,15405
1340.1,924,0,4.9,15381
1341.1,917,0,5.0,15393
1342.1,915,0,5.2,15382
1343.1,915,0,5.0,15408
1344.1,879,0,5.1,15392
1345.2,879,0,5.1,15416
1346.2,879,0,5.0,15434
1347.2,879,0,4.9,15386
1348.2,879,0,5.0,15371
1349.2,879,0,5.6,15355
1350.3,879,0,5.5,15324
1351.3,879,0,5.2,15335
1352.3,879,0,4.8,15397
1353.3,879,0,5.0,15403
1354.3,879,0,4.9,15403
1355.4,879,0,5.0,15387
1356.4,879,0,4.9,15338
1357.4,879,0,5.2,15384
1358.4,879,0,4.8,15371
1359.4,879,0,5.1,15406
1360.5,879,0,5.0,15390
1361.5,879,0,5.0,15463
1362.5,879,0,5.1,15419
1363.5,879,0,5.0,15408
1364.5,879,0,5.2,15423
1365.6,879,0,5.4,15431
1366.6,884,0,5.4,15409
1367.6,919,7,5.3,15407
1368.6,913,0,5.3,15382
1369.6,910,0,5.1,15367
1370.7,910,0,5.1,15377
1371.7,910,0,5.3,15387
1372.7,878,2,5.3,15376
1373.7,878,0,5.1,15356
1374.8,878,0,5.3,15367
1375.8,878,0,5.4,15362
1376.8,878,0,5.3,15356
1377.8,878,0,5.2,15364
1378.8,878,0,5.3,15351
1379.9,878,0,5.3,15352
1380.9,878,0,5.3,15331
1381.9,878,0,5.4,15374
1382.9,878,0,5.4,15368
1383.9,878,0,5.1,15407
1385.0,878,0,5.2,15386
1386.0,878,0,5.2,15394
1387.0,878,0,5.2,15385
1388.0,878,0,5.1,15398
1389.0,878,0,5.2,15433
1390.1,878,0,5.1,15431
1391.1,878,0,5.3,15453
1392.1,878,0,4.9,15441
1393.1,878,0,5.1,15430
1394.1,878,0,4.9,15413
1395.2,878,0,5.0,15390
1396.2,878,0,5.0,15385
1397.2,878,0,5.0,15415
1398.2,878,0,5.0,15417
1399.3,878,0,5.1,15397
1400.3,878,0,5.3,15387
1401.3,878,0,4.9,15385
1402.3,878,0,5.5,15486
1403.3,878,0,4.8,15486
1404.4,878,0,5.2,15524
1405.4,878,0,4.9,15529
1406.4,878,0,5.2,15528
1407.4,878,0,5.4,15495
1408.4,878,0,5.3,15521
1409.5,878,0,5.1,15518
1410.5,878,0,5.2,15572
1411.5,878,0,4.8,15533
1412.5,878,0,5.3,15553
1413.5,878,0,5.3,15542
1414.6,878,0,5.1,15540
1415.6,878,0,5.1,15549
1416.6,878,0,5.2,15542
1417.6,878,0,5.0,15505
1418.7,878,0,5.1,15554
1419.7,878,0,5.2,15541
1420.7,875,0,5.2,15512
1421.7,875,0,5.1,15530
1422.7,875,0,5.3,15513
1423.8,875,0,5.1,15471
1424.8,875,0,6.3,15498
1425.8,875,0,5.3,15497
1426.8,875,0,5.4,15488
1427.8,875,0,4.8,15483
1428.9,875,0,5.2,15477
1429.9,876,0,5.1,15460
1430.9,876,0,5.3,15423
1431.9,876,0,5.1,15441
1432.9,876,0,5.0,15435
1434.0,876,0,6.2,15553
1435.0,876,0,5.1,15567
1436.0,876,0,5.2,15543
1437.0,876,0,5.2,15526
1438.1,876,0,5.0,15531
1439.1,876,0,5.3,15511
1440.1,876,0,5.1,15491
1441.1,876,0,5.2,15483
1442.1,876,0,5.3,15467
1443.2,876,0,5.1,15427
1444.2,876,0,5.3,15468
1445.2,876,0,5.1,15444
1446.2,876,0,5.1,15429
1447.2,876,0,5.2,15454
1448.3,876,0,5.3,15496
1449.3,876,0,4.8,15520
1450.3,876,0,5.2,15516
1451.3,876,0,5.2,15535
1452.3,876,0,5.2,15546
1453.4,876,0,5.1,15537
1454.4,876,0,5.1,15493
1455.4,876,0,5.0,15510
1456.4,876,0,5.4,15516
1457.4,876,0,5.1,15494
1458.5,876,0,5.2,15484
1459.5,876,0,5.1,15480
1460.5,876,0,5.2,15472
1461.5,876,0,5.1,15477
1462.5,876,0,5.1,15519
1463.6,876,0,5.1,15550
1464.6,876,0,5.1,15536
1465.6,876,0,5.2,15547
1466.6,876,0,5.3,15548
1467.6,876,0,5.1,15552
1468.7,876,0,5.1,15534
1469.7,876,0,5.1,15536
1470.7,876,0,5.2,15363
1471.7,876,0,5.3,15412
1472.8,876,0,5.0,15447
1473.8,876,0,5.2,15478
1474.8,876,0,5.2,15484
1475.8,876,0,5.1,15508
1476.8,876,0,5.2,15483
1477.9,876,0,5.1,15547
1478.9,876,0,5.2,15545
1479.9,876,0,5.3,15521
1480.9,876,0,4.9,15531
1481.9,876,0,5.2,15529
1483.0,876,0,5.2,15561
1484.0,876,0,5.1,15552
1485.0,876,0,5.3,15526
1486.0,876,0,5.2,15520
1487.1,876,0,5.0,15519
1488.1,876,0,5.0,15514
1489.1,876,0,5.3,15486
1490.1,876,0,5.1,15499
1491.1,876,0,5.1,15495
1492.2,876,0,5.3,15497
1493.2,876,0,5.3,15527
1494.2,876,0,5.4,15540
1495.2,876,0,5.4,15533
1496.2,876,0,5.0,15537
1497.3,876,0,5.3,15554
1498.3,876,0,5.2,15566
1499.3,876,0,5.2,15559
1500.3,876,0,5.0,15584
1501.3,876,0,5.4,15568
1502.4,876,0,5.1,15559
1503.4,876,0,5.1,15552
1504.4,876,0,5.1,15543
1505.4,876,0,5.2,15533
1506.4,876,0,5.0,15525
1507.5,876,0,5.3,15527
1508.5,876,0,5.4,15478
1509.5,876,0,5.1,15512
1510.5,876,0,5.2,15549
1511.5,876,0,5.2,15579
1512.6,876,0,5.0,15578
1513.6,876,0,5.0,15595
1514.6,876,0,5.3,15597
1515.6,876,0,5.2,15584
1516.6,876,0,5.2,15552
1517.7,876,0,5.1,15590
1518.7,876,0,5.3,15552
1519.7,876,0,5.4,15541
1520.7,876,0,5.5,15556
1521.7,876,0,5.4,15564
1522.8,876,0,5.3,15581
1523.8,876,0,5.3,15626
1524.8,876,0,5.2,15646
1525.8,876,0,5.5,15696
1526.8,876,0,5.3,15680
1527.9,876,0,5.5,15676
1528.9,876,0,5.4,15655
1529.9,876,0,5.3,15622
1530.9,876,0,5.4,15597
1532.0,876,0,5.5,15645
1533.0,876,0,5.3,15640
1534.0,876,0,5.4,15686
1535.0,876,0,5.3,15663
1536.0,876,0,5.4,15617
1537.1,876,0,5.4,15639
1538.1,876,0,5.5,15664
1539.1,876,0,5.5,15713
1540.1,876,0,5.4,15670
1541.1,876,0,5.4,15633
1542.2,876,0,5.2,15624
1543.2,876,0,5.3,15605
1544.2,876,0,5.4,15615
1545.2,876,0,5.5,15569
1546.3,876,0,5.4,15582
1547.3,876,0,5.4,15565
1548.3,876,0,5.1,15652
1549.3,876,0,5.3,15657
1550.3,876,0,5.2,15659
1551.4,876,0,5.2,15673
1552.4,876,0,5.3,15693
1553.4,876,0,5.2,15676
1554.4,876,0,5.2,15673
1555.4,876,0,5.1,15687
1556.5,876,0,5.2,15689
1557.5,876,0,5.2,15643
1558.5,876,0,5.1,15640
1559.5,876,0,5.1,15649
1560.5,876,0,5.0,15595
1561.6,876,0,5.2,15640
1562.6,876,0,5.0,15612
1563.6,876,0,5.1,15640
1564.6,876,0,5.1,15621
1565.6,876,0,5.1,15611
1566.7,876,0,5.2,15609
1567.7,876,0,5.1,15591
1568.7,876,0,5.0,15613
1569.7,876,0,5.2,15589
1570.7,876,0,5.1,15576
1571.8,876,0,5.3,15582
1572.8,876,0,5.1,15565
1573.8,876,0,5.0,15613
1574.8,876,0,5.2,15609
1575.8,876,0,5.2,15660
1576.9,876,0,5.1,15636
1577.9,876,0,5.3,15593
1578.9,876,0,5.2,15598
1579.9,876,0,5.2,15620
1581.0,876,0,5.2,15643
1582.0,876,0,5.3,15633
1583.0,876,0,4.9,15608
1584.0,876,0,5.0,15592
1585.0,876,0,5.1,15570
1586.1,876,0,5.3,15601
1587.1,876,0,5.1,15642
1588.1,876,0,5.2,15673
1589.1,876,0,5.1,15656
1590.1,876,0,5.3,15676
1591.2,876,0,5.0,15654
1592.2,876,0,5.3,15653
1593.2,876,0,5.1,15688
1594.2,876,0,5.1,15693
1595.2,876,0,5.0,15672
1596.3,876,0,5.2,15663
1597.3,876,0,5.1,15639
1598.3,876,0,5.2,15647
1599.3,876,0,4.9,15633
1600.4,876,0,5.2,15594
1601.4,876,0,5.3,15672
1602.4,876,0,5.1,15641
1603.4,876,0,5.1,15658
1604.4,876,0,5.2,15699
1605.5,876,0,5.1,15696
1606.5,876,0,5.2,15649
1607.5,876,0,5.1,15668
1608.5,876,0,5.0,15648
1609.5,876,0,5.1,15681
1610.6,876,0,5.4,15693
1611.6,876,0,5.4,15707
1612.6,876,0,5.0,15717
1613.6,876,0,5.0,15672
1614.6,915,0,5.4,15707
1615.7,915,0,5.1,15745
1616.7,909,0,5.3,15760
1617.7,906,0,5.2,15754
1618.7,906,0,5.2,15728
1619.8,874,0,5.1,15714
1620.8,874,0,5.2,15738
1621.8,874,0,5.1,15731
1622.8,874,0,5.3,15738
1623.8,874,0,5.1,15738
1624.9,874,0,5.1,15734
1625.9,874,0,5.0,15729
1626.9,874,0,5.3,15710
1627.9,874,0,5.0,15670
1628.9,874,0,5.0,15681
1630.0,874,0,5.2,15657
1631.0,874,0,5.2,15657
1632.0,874,0,5.2,15640
1633.0,874,0,5.1,15645
1634.0,874,0,5.4,15669
1635.1,874,0,5.1,15732
1636.1,874,0,5.2,15724
1637.1,874,0,5.1,15714
1638.1,874,0,5.2,15694
1639.2,874,0,5.4,15759
1640.2,874,0,5.3,15719
1641.2,874,0,5.1,15757
1642.2,874,0,5.2,15731
1643.2,874,0,5.1,15722
1644.3,874,0,5.1,15738
1645.3,873,0,5.1,15717
1646.3,873,0,5.2,15708
1647.3,873,0,5.0,15715
1648.3,873,0,5.1,15720
1649.4,873,0,5.3,15764
1650.4,873,0,5.2,15756
1651.4,873,0,5.0,15779
1652.4,873,0,5.2,15726
1653.4,873,0,5.0,15707
1654.5,873,0,4.9,15720
1655.5,873,0,5.0,15738
1656.5,873,0,5.3,15740
1657.5,873,0,5.1,15750
1658.6,873,0,5.2,15728
1659.6,873,0,5.1,15720
1660.6,873,0,5.0,15710
1661.6,873,0,5.1,15656
1662.6,873,0,5.2,15700
1663.7,873,0,4.9,15683
1664.7,873,0,5.1,15693
1665.7,873,0,5.2,15661
1666.7,873,0,5.3,15652
1667.7,873,0,4.9,15649
1668.8,873,0,5.1,15639
1669.8,873,0,5.0,15622
1670.8,874,0,5.2,15610
1671.8,874,0,5.3,15632
1672.8,874,0,5.2,15667
1673.9,874,0,5.0,15687
1674.9,874,0,5.1,15664
1675.9,871,0,5.2,15698
1676.9,871,0,5.4,15724
1678.0,871,0,5.3,15724
1679.0,871,0,5.6,15726
1680.0,871,0,5.2,15709
1681.0,871,0,5.3,15722
1682.0,871,0,5.3,15712
1683.1,871,0,5.4,15713
1684.1,871,0,5.3,15709
1685.1,871,0,5.5,15735
1686.1,871,0,5.4,15727
1687.1,871,0,5.4,15746
1688.2,871,0,5.4,15776
1689.2,871,0,5.4,15768
1690.2,871,0,5.3,15771
1691.2,871,0,5.2,15741
1692.3,871,0,5.4,15748
1693.3,871,0,5.3,15699
1694.3,871,0,5.4,15715
1695.3,871,0,5.4,15709
1696.3,871,0,5.3,15695
1697.4,871,0,5.4,15680
1698.4,871,0,5.0,15660
1699.4,871,0,5.4,15661
1700.4,871,0,5.6,15723
1701.4,871,0,5.3,15734
1702.5,871,0,5.1,15726
1703.5,871,0,5.2,15757
1704.5,871,0,5.0,15781
1705.5,871,0,5.1,15771
1706.6,871,0,5.2,15781
1707.6,871,0,5.0,15761
1708.6,871,0,5.2,15737
1709.6,871,0,5.1,15762
1710.6,871,0,5.1,15734
1711.7,871,0,5.2,15514
1712.7,871,0,5.0,15599
1713.7,871,0,5.2,15618
1714.7,871,0,5.0,15664
1715.7,871,0,5.1,15737
1716.8,871,0,5.1,15736
1717.8,871,0,5.0,15757
1718.8,871,0,5.0,15800
1719.8,871,0,5.1,15792
1720.9,871,0,5.0,15808
1721.9,871,0,5.1,15737
1722.9,871,0,8.3,15805
1723.9,871,0,5.1,15782
1724.9,871,0,5.1,15799
1726.0,871,0,5.0,15766
1727.0,871,0,5.1,15738
1728.0,871,0,5.1,15769
1729.0,871,0,5.0,15717
1730.0,871,0,5.0,15720
1731.1,871,0,5.1,15737
1732.1,871,0,5.0,15718
1733.1,871,0,5.2,15703
1734.1,871,0,5.1,15705
1735.1,871,0,5.1,15701
1736.2,871,0,5.1,15704
1737.2,871,0,5.2,15735
1738.2,871,0,4.9,15771
1739.2,871,0,5.3,15773
1740.2,871,0,5.1,15799
1741.3,871,0,5.0,15801
1742.3,871,0,5.0,15797
1743.3,871,0,5.3,15825
1744.3,871,0,5.1,15802
1745.4,871,0,5.2,15846
1746.4,871,0,5.2,15853
1747.4,871,0,4.9,15852
1748.4,871,0,5.1,15844
1749.4,871,0,5.2,15882
1750.5,871,0,5.1,15904
1751.5,871,0,5.2,15873
1752.5,871,0,5.0,15882
1753.5,871,0,5.2,15874
1754.5,871,0,5.0,15880
1755.6,871,0,5.1,15868
1756.6,871,0,4.9,15869
1757.6,871,0,5.2,15843
1758.6,871,0,5.1,15833
1759.6,871,0,5.0,15811
1760.7,871,0,5.3,15915
1761.7,871,0,5.3,15891
1762.7,871,0,5.0,15956
1763.7,871,0,5.1,15954
1764.7,871,0,5.0,15939
1765.8,871,0,5.1,15915
1766.8,871,0,5.1,15953
1767.8,871,0,5.2,15921
1768.8,871,0,5.0,15928
1769.8,871,0,5.1,15907
1770.9,871,0,4.8,15895
1771.9,871,0,5.0,15891
1772.9,871,0,5.0,15878
1773.9,871,0,5.1,15847
1774.9,871,0,4.9,15845
1776.0,871,0,5.1,15826
1777.0,871,0,4.8,15823
1778.0,871,0,4.9,15832
1779.0,871,0,4.9,15830
1780.1,871,0,5.1,15808
1781.1,871,0,4.8,15812
1782.1,915,0,5.5,15791
1783.1,915,0,5.0,15800
1784.1,914,0,5.1,15789
1785.2,911,0,4.9,15764
1786.2,911,0,5.1,15757
1787.2,879,0,4.9,15751
1788.2,879,0,5.1,15755
1789.2,879,0,4.9,15740
1790.3,879,0,5.2,15742
1791.3,879,0,5.0,15741
1792.3,879,0,4.9,15771
1793.3,879,0,5.0,15762
1794.3,879,0,5.3,15781
1795.4,920,0,5.0,15779
1796.4,920,0,5.1,15779
1797.4,911,0,5.0,15781
1798.4,911,0,5.0,15782
1799.5,911,0,4.9,15778
1800.5,879,0,5.0,15769
1801.5,879,0,5.1,15753
1802.5,879,0,5.1,15757
1803.5,879,0,5.0,15775
1804.6,879,0,4.9,15773
1805.6,879,0,5.0,15795
1806.6,920,0,6.6,15814
1807.6,919,0,4.9,15797
1808.6,914,0,5.1,15822
1809.7,911,0,5.0,15814
1810.7,879,0,5.1,15807
1811.7,879,0,4.9,15800
1812.7,879,0,5.0,15793
1813.8,879,0,5.0,15787
1814.8,879,0,5.0,15773
1815.8,879,0,5.0,15775
1816.8,879,0,5.1,15773
1817.8,879,0,5.0,15769
1818.9,879,0,5.1,15777
1819.9,879,0,5.2,15830
1820.9,879,0,4.9,15843
1821.9,879,0,5.2,15826
1823.0,879,0,5.0,15822
1824.0,879,0,4.9,15812
1825.0,879,0,5.0,15810
1826.0,879,0,5.1,15794
1827.0,879,0,5.1,15798
1828.1,879,0,5.2,15808
1829.1,879,0,5.1,15819
1830.1,879,0,5.3,15843
1831.1,879,0,5.0,15848
1832.1,879,0,5.4,15855
1833.2,879,0,5.3,15873
1834.2,879,0,5.5,15875
1835.2,879,0,5.0,15880
1836.2,879,0,5.4,15869
1837.2,879,0,5.2,15858
1838.3,879,0,5.3,15849
1839.3,879,0,5.3,15846
1840.3,879,0,5.4,15856
1841.3,879,0,5.1,15851
1842.4,876,0,5.5,15833
1843.4,876,0,5.2,15849
1844.4,876,0,5.1,15856
1845.4,876,0,5.3,15883
1846.4,876,0,5.2,15846
1847.5,876,0,5.4,15855
1848.5,876,0,5.1,15841
1849.5,876,0,5.3,15841
1850.5,876,0,5.1,15840
1851.5,876,0,5.1,15842
1852.6,876,0,5.3,15848
1853.6,876,0,5.1,15846
1854.6,876,0,5.1,15852
1855.6,876,0,5.0,15869
1856.6,876,0,5.2,15855
1857.7,876,0,5.1,15846
1858.7,876,0,5.3,15837
1859.7,876,0,4.9,15822
1860.7,949,0,5.5,15813
1861.7,949,0,5.4,15841
1862.8,948,0,5.2,15851
1863.8,942,0,4.9,15846
1864.8,939,0,5.2,15857
1865.8,939,0,5.0,15863
1866.9,879,0,5.0,15876
1867.9,879,0,4.8,15889
1868.9,879,0,4.9,15884
1869.9,879,0,5.0,15868
1870.9,879,0,5.1,15858
1872.0,879,0,4.9,15845
1873.0,879,0,5.2,15838
1874.0,879,0,4.9,15830
1875.0,879,0,5.1,15830
1876.0,879,0,4.9,15830
1877.1,879,0,5.2,15831
1878.1,879,0,4.9,15840
1879.1,879,0,4.9,15840
1880.1,879,0,5.0,15868
1881.1,879,0,5.0,15875
1882.2,879,0,5.0,15871
1883.2,879,0,4.9,15864
1884.2,879,0,5.1,15869
1885.2,879,0,5.1,15872
1886.2,879,0,5.0,15888
1887.3,879,0,5.0,15889
1888.3,879,0,5.0,15886
1889.3,879,0,4.9,15880
1890.3,879,0,5.0,15869
1891.3,879,0,5.1,15861
1892.4,879,0,5.0,15849
1893.4,879,0,4.8,15853
1894.4,879,0,5.2,15847
1895.4,879,0,4.9,15852
1896.5,879,0,4.9,15864
1897.5,879,0,4.9,15871
1898.5,879,0,5.1,15878
1899.5,879,0,4.9,15881
1900.5,879,0,5.0,15883
1901.6,879,0,5.0,15883
1902.6,879,0,4.9,15865
1903.6,879,0,4.9,15864
1904.6,879,0,4.8,15867
1905.7,879,0,5.1,15858
1906.7,879,0,5.0,15863
1907.7,879,0,5.2,15853
1908.7,879,0,4.9,15858
1909.7,879,0,5.2,15856
1910.8,879,0,5.0,15870
1911.8,879,0,5.1,15868
1912.8,879,0,5.0,15869
1913.8,879,0,4.9,15873
1914.8,879,0,5.2,15887
1915.9,879,0,5.1,15890
1916.9,879,0,5.1,15912
1917.9,879,0,4.8,15911
1918.9,879,0,5.2,15912
1919.9,879,0,5.1,15782
1921.0,879,0,5.1,15813
1922.0,876,0,5.2,15867
1923.0,876,0,5.0,15868
1924.0,876,0,4.9,15862
1925.1,876,0,5.2,15884
1926.1,876,0,4.8,15902
1927.1,876,0,5.1,15918
1928.1,876,0,5.0,15941
1929.1,876,0,5.0,15914
1930.2,915,0,5.2,15941
1931.2,915,0,4.8,15961
1932.2,915,0,5.2,15949
1933.2,911,0,5.1,15920
1934.2,911,0,4.9,15928
1935.3,879,0,5.3,15920
1936.3,879,0,5.1,15928
1937.3,879,0,5.0,15926
1938.3,879,0,5.0,15942
1939.4,879,0,5.2,15932
1940.4,879,0,5.0,15908
1941.4,879,0,5.0,15900
1942.4,879,0,5.1,15887
1943.4,879,0,5.1,15887
1944.5,879,0,4.8,15876
1945.5,879,0,5.2,15870
1946.5,879,0,5.1,15870
1947.5,879,0,5.0,15896
1948.5,879,0,5.3,15909
1949.6,879,0,5.2,15913
1950.6,879,0,5.1,15917
1951.6,879,0,4.9,15902
1952.6,879,0,5.1,15913
1953.7,879,0,4.9,15930
1954.7,879,0,5.0,15938
1955.7,879,0,5.0,15919
1956.7,879,0,5.2,15909
1957.7,879,0,5.1,15906
1958.8,879,0,4.8,15898
1959.8,879,0,5.2,15892
1960.8,879,0,5.0,15904
1961.8,876,0,5.0,15896
1962.8,876,0,4.9,15882
1963.9,876,0,5.0,15901
1964.9,876,0,4.9,15915
1965.9,876,0,5.1,15946
1966.9,876,0,4.9,15932
1968.0,876,0,5.1,15944
1969.0,876,0,4.8,15932
1970.0,876,0,5.1,15923
1971.0,876,0,4.9,15918
1972.0,876,0,5.0,15904
1973.1,876,0,4.9,15898
1974.1,876,0,5.1,15889
1975.1,876,0,5.1,15878
1976.1,876,0,5.0,15908
1977.1,876,0,5.1,15912
1978.2,876,0,4.9,15911
1979.2,876,0,5.1,15921
1980.2,876,0,5.1,15920
1981.2,876,0,5.1,15925
1982.2,876,0,5.1,15960
1983.3,876,0,5.3,15979
1984.3,876,0,5.1,15995
1985.3,876,0,5.2,15993
1986.3,876,0,5.2,15978
1987.3,876,0,5.0,15958
1988.4,876,0,5.3,15956
1989.4,876,0,5.2,15945
1990.4,876,0,5.3,15928
1991.4,876,0,5.2,15951
1992.4,915,0,5.9,15970
1993.5,915,0,5.3,15951
1994.5,915,0,5.4,15960
1995.5,911,0,5.3,15956
1996.5,911,0,5.3,15965
1997.6,879,0,5.2,15968
1998.6,879,0,5.1,15987
1999.6,879,0,5.4,15994
2000.6,879,0,5.4,16008
2001.6,879,0,5.3,16025
2002.7,879,0,5.1,16027
2003.7,879,0,5.4,16002
2004.7,879,0,4.9,16005
2005.7,879,0,5.4,15983
2006.7,879,0,5.0,15991
2007.8,879,0,5.3,15967
2008.8,879,0,5.2,15967
2009.8,879,0,4.9,15959
2010.8,879,0,5.0,15950
2011.8,879,0,5.2,15943
2012.9,879,0,5.0,15948
2013.9,879,0,4.9,15927
2014.9,879,0,5.1,15938
2015.9,879,0,5.1,15949
2017.0,879,0,5.1,15975
2018.0,879,0,4.9,15969
2019.0,879,0,5.0,15985
2020.0,879,0,5.1,15982
2021.0,879,0,4.9,15998
2022.1,879,0,5.1,15977
2023.1,876,0,4.9,15974
2024.1,876,0,5.1,15949
2025.1,876,0,4.9,15951
2026.2,876,0,4.9,15947
2027.2,876,0,5.2,15938
2028.2,876,0,4.8,15936
2029.2,876,0,5.0,15935
2030.2,876,0,5.2,15933
2031.3,876,0,4.9,15942
2032.3,876,0,5.0,15943
2033.3,876,0,5.0,15957
2034.3,876,0,6.2,16039
2035.3,876,0,5.0,16036
2036.4,876,0,5.1,16039
2037.4,876,0,5.0,16035
2038.4,876,0,5.0,16058
2039.4,876,0,4.9,16045
2040.4,876,0,4.8,16050
2041.5,876,0,5.0,16025
2042.5,876,0,5.5,16005
2043.5,916,0,5.2,16017
2044.5,916,0,5.2,16032
2045.5,915,0,5.0,16037
2046.6,911,0,5.2,16040
2047.6,911,0,4.9,16038
2048.6,879,0,4.9,16013
2049.6,879,0,5.1,16018
2050.7,879,0,5.1,16030
2051.7,879,0,4.8,16019
2052.7,879,0,5.1,16008
2053.7,879,0,5.1,15992
2054.7,879,0,5.1,15983
2055.7,879,0,4.9,15986
2056.8,879,0,5.2,15971
2057.8,879,0,4.9,15963
2058.8,879,0,5.0,15976
2059.8,879,0,5.2,16015
2060.8,879,0,5.0,16021
2061.9,879,0,4.9,16014
2062.9,879,0,5.0,16040
2063.9,879,0,5.0,16025
2064.9,879,0,5.0,16017
2066.0,879,0,4.9,16012
2067.0,879,0,5.2,16000
2068.0,879,0,4.8,16002
2069.0,879,0,5.2,15998
2070.0,879,0,5.0,15983
2071.1,879,0,5.0,15979
2072.1,879,0,5.2,15970
2073.1,879,0,5.0,15965
2074.1,879,0,5.2,15964
2075.1,876,0,5.1,15976
2076.2,876,0,4.9,15993
2077.2,876,0,5.2,16008
2078.2,876,0,4.9,16021
2079.2,876,0,5.2,16036
2080.3,876,0,4.8,16039
2081.3,876,0,5.0,16028
2082.3,876,0,5.1,16017
2083.3,876,0,5.0,16013
2084.3,876,0,5.1,16008
2085.3,876,0,4.9,16001
2086.4,876,0,4.7,15994
2087.4,876,0,5.1,15981
2088.4,876,0,4.8,15984
2089.4,876,0,5.0,16005
2090.4,876,0,5.1,16006
2091.5,876,0,5.1,16009
2092.5,876,0,5.0,16004
2093.5,876,0,5.0,16003
2094.5,876,0,4.9,15998
2095.6,876,0,5.3,16008
2096.6,876,0,5.0,16007
2097.6,876,0,4.9,16023
2098.6,876,0,5.1,16036
2099.6,876,0,4.8,16030
2100.7,876,0,5.2,16019
2101.7,876,0,4.8,16008
2102.7,876,0,5.1,15995
2103.7,876,0,4.9,15985
2104.7,876,0,4.9,15972
2105.8,920,0,5.4,15981
2106.8,920,0,4.9,15994
2107.8,914,0,5.0,16019
2108.8,911,0,5.0,16018
2109.8,911,0,5.0,16014
2110.9,879,0,5.1,16013
2111.9,879,0,4.9,16017
2112.9,879,0,5.1,16021
2113.9,879,0,5.2,16014
2114.9,879,0,4.9,16023
2116.0,879,0,4.8,16017
2117.0,879,0,5.2,16011
2118.0,879,0,5.0,16006
2119.0,879,0,4.9,15998
2120.0,879,0,5.3,16040
2121.1,879,0,4.9,16061
2122.1,879,0,5.1,16065
2123.1,879,0,4.9,16066
2124.1,879,0,4.9,16069
2125.2,879,0,5.1,16092
2126.2,879,0,4.9,16087
2127.2,879,0,5.3,16101
2128.2,879,0,4.9,16082
2129.2,879,0,5.1,16079
2130.3,879,0,5.0,16079
2131.3,879,0,5.2,16060
2132.3,879,0,4.8,16059
2133.3,879,0,5.2,16053
2134.3,879,0,5.0,16048
2135.4,879,0,5.4,16057
2136.4,879,0,5.2,16052
2137.4,921,37,6.7,16056
2138.4,914,0,5.2,16057
2139.4,911,0,5.2,16085
2140.5,911,0,5.3,16062
2141.5,879,0,5.3,16082
2142.5,879,0,5.3,16084
2143.5,879,0,5.2,16070
2144.6,879,0,5.3,16086
2145.6,879,0,5.2,16068
2146.6,879,0,5.0,16049
2147.6,879,0,5.4,16051
2148.6,879,0,5.3,16055
2149.7,879,0,5.2,16054
2150.7,879,0,5.3,16045
2151.7,879,0,5.4,16030
2152.7,879,0,5.2,16034
2153.7,879,0,5.4,16024
2154.8,879,0,5.3,16022
2155.8,879,0,5.3,16032
2156.8,879,0,5.3,16048
2157.8,879,0,5.3,16057
2158.8,879,0,5.4,16075
2159.9,879,0,5.0,16080
2160.9,879,0,4.9,16101
2161.9,879,0,5.3,16083
2162.9,879,0,5.1,16067
2163.9,879,0,5.1,16063
2165.0,879,0,5.1,16056
2166.0,879,0,5.1,16033
2167.0,920,0,5.0,16049
2168.0,920,0,5.0,16034
2169.1,915,0,5.2,16036
2170.1,912,0,4.9,16020
2171.1,912,0,4.8,16011
2172.1,880,0,5.3,16014
2173.1,880,0,5.2,16020
2174.2,880,0,5.2,16040
2175.2,880,0,4.9,16062
2176.2,880,0,5.0,16090
2177.2,880,0,5.1,16068
2178.3,880,0,4.9,16076
2179.3,880,0,4.9,16073
2180.3,880,0,5.2,16079
2181.3,880,0,4.8,16080
2182.3,880,0,5.0,16065
2183.4,880,0,4.9,16080
2184.4,880,0,5.2,16084
2185.4,880,0,4.9,16077
2186.4,880,0,4.9,16073
2187.4,921,20,5.3,16056
2188.5,915,0,5.0,16062
2189.5,912,0,4.9,16050
2190.5,912,0,4.8,16044
2191.5,880,0,5.2,16045
2192.5,880,0,4.7,16066
2193.6,880,0,5.0,16069
2194.6,880,0,4.8,16064
2195.6,880,0,5.2,16081
2196.6,880,0,4.9,16078
2197.6,921,0,5.2,16091
2198.7,915,0,5.2,16102
2199.7,912,0,5.0,16104
2200.7,912,0,4.9,16090
2201.7,880,0,5.0,16100
2202.8,880,0,4.9,16094
2203.8,880,0,5.1,16076
2204.8,880,0,4.8,16077
2205.8,880,0,5.2,16074
2206.8,880,0,4.9,16072
2207.9,880,0,5.2,16065
2208.9,880,0,5.1,16062
2209.9,880,0,5.1,16048
2210.9,880,0,4.9,16045
2211.9,880,0,5.1,16046
2213.0,880,0,4.9,16048
2214.0,880,0,4.9,16073
2215.0,880,0,5.1,16087
2216.0,891,0,5.1,16091
2217.0,891,0,4.9,16096
2218.1,884,0,4.9,16089
2219.1,884,0,5.1,16100
2220.1,921,0,5.1,16138
2221.1,921,0,4.9,16108
2222.1,915,0,4.9,16122
2223.2,911,0,5.0,16125
2224.2,911,0,5.1,16110
2225.2,879,0,4.9,16096
2226.2,879,0,5.1,16098
2227.2,879,0,4.8,16091
2228.3,879,0,5.1,16098
2229.3,920,0,5.1,16107
2230.3,920,0,5.1,16141
2231.3,912,0,4.9,16136
2232.4,912,0,5.0,16147
2233.4,880,0,4.9,16147
2234.4,880,0,5.2,16127
2235.4,880,0,4.8,16127
2236.4,880,0,5.0,16131
2237.5,880,0,5.0,16135
2238.5,880,0,4.9,16136
2239.5,880,0,5.0,16149
2240.5,880,0,5.1,16159
2241.5,880,0,4.9,16164
2242.6,880,0,5.1,16138
2243.6,880,0,4.8,16137
2244.6,880,0,5.2,16121
2245.6,880,0,4.9,16124
2246.6,880,0,4.9,16122
2247.7,880,0,4.9,16113
2248.7,880,0,4.9,16111
2249.7,880,0,5.0,16104
2250.7,880,0,4.9,16082
2251.7,880,0,5.0,16079
2252.8,880,0,5.0,16077
2253.8,880,0,4.9,16077
2254.8,880,0,4.9,16081
2255.8,880,0,5.0,16118
2256.8,918,0,5.3,16132
2257.9,918,0,4.9,16125
2258.9,913,0,5.0,16134
2259.9,910,0,4.9,16114
2260.9,910,0,4.9,16128
2262.0,878,0,4.9,16121
2263.0,878,0,5.3,16120
2264.0,878,0,4.9,16109
2265.0,878,0,4.9,16111
2266.0,878,0,5.0,16106
2267.1,878,0,4.9,16103
2268.1,878,0,5.0,16096
2269.1,878,0,4.9,16088
2270.1,878,0,4.9,16077
2271.1,878,0,5.2,16086
2272.2,878,0,5.0,16081
2273.2,878,0,5.0,16098
2274.2,878,0,4.9,16115
2275.2,878,0,5.1,16123
2276.2,878,0,4.8,16137
2277.3,878,0,5.2,16138
2278.3,878,0,4.9,16129
2279.3,878,0,5.0,16119
2280.3,878,0,5.1,16104
2281.3,878,0,4.9,16105
2282.4,878,0,5.2,16093
2283.4,878,0,5.0,16092
2284.4,878,0,5.0,16069
2285.4,878,0,5.1,16070
2286.4,877,0,5.2,16072
2287.5,877,0,5.3,16098
2288.5,877,0,5.2,16114
2289.5,877,0,5.0,16117
2290.5,877,0,5.2,16109
2291.5,877,0,5.2,16111
2292.6,877,0,5.2,16127
2293.6,877,0,5.4,16125
2294.6,877,0,5.3,16155
2295.6,877,0,5.1,16150
2296.6,877,0,5.2,16137
2297.7,877,0,5.2,16139
2298.7,877,0,5.4,16118
2299.7,877,0,5.1,16114
2300.7,877,0,5.6,16124
2301.7,877,0,5.4,16127
2302.8,877,0,5.3,16131
2303.8,877,0,5.2,16140
2304.8,877,0,5.3,16160
2305.8,877,0,5.3,16177
2306.9,877,0,5.3,16194
2307.9,877,0,5.2,16210
2308.9,877,0,5.1,16211
2309.9,921,0,5.8,16199
2311.0,921,0,5.0,16176
2312.0,914,0,5.1,16163
2313.0,912,0,5.2,16164
2314.0,912,0,5.1,16156
2315.0,880,0,5.0,16144
2316.1,880,0,5.1,16149
2317.1,880,0,5.0,16141
2318.1,880,0,4.8,16142
2319.1,880,0,5.1,16130
2320.2,880,0,5.0,16121
2321.2,880,0,4.9,16117
2322.2,880,0,4.9,16109
2323.2,880,0,9.3,16197
2324.2,880,0,4.7,16193
2325.3,880,0,5.2,16208
2326.3,880,0,5.0,16209
2327.3,880,0,4.9,16203
2328.3,880,0,5.0,16190
2329.3,880,0,4.9,16176
2330.4,880,0,5.1,16164
2331.4,880,0,5.0,16153
2332.4,880,0,4.9,16155
2333.4,880,0,5.0,16141
2334.4,880,0,5.2,16138
2335.5,880,0,5.0,16125
2336.5,880,0,4.8,16116
2337.5,880,0,5.2,16119
2338.5,880,0,5.0,16125
2339.5,880,0,5.0,16123
2340.6,880,0,4.7,16132
2341.6,880,0,5.1,16134
2342.6,880,0,5.0,16131
2343.6,880,0,4.9,16139
2344.7,880,0,4.7,16151
2345.7,916,0,5.4,16153
2346.7,916,0,5.1,16138
2347.7,913,0,5.0,16153
2348.7,913,0,5.0,16143
2349.8,911,0,5.0,16152
2350.8,879,0,4.8,16152
2351.8,879,0,5.1,16148
2352.8,879,0,5.0,16123
2353.8,879,0,4.9,16125
2354.9,879,0,4.9,16119
2355.9,879,0,5.1,16114
2356.9,879,0,4.9,16120
2357.9,879,0,5.0,16126
2359.0,879,0,4.7,16138
2360.0,879,0,5.2,16169
2361.0,879,0,5.0,16164
2362.0,879,0,5.1,16179
2363.0,879,0,5.0,16186
2364.1,879,0,4.9,16188
2365.1,879,0,5.1,16180
2366.1,879,0,5.0,16173
2367.1,879,0,4.8,16157
2368.1,879,0,5.0,16154
2369.2,879,0,5.0,16147
2370.2,879,0,4.8,16137
2371.2,879,0,5.1,16125
2372.2,879,0,6.1,16130
2373.2,879,0,5.2,16152
2374.3,879,0,4.7,16176
2375.3,879,0,5.0,16178
2376.3,879,0,4.8,16187
2377.3,876,0,5.1,16196
2378.3,876,0,4.9,16197
2379.4,876,0,5.0,16191
2380.4,876,0,4.9,16191
2381.4,876,0,4.9,16196
2382.4,876,0,4.9,16183
2383.5,876,0,4.9,16174
2384.5,876,0,4.8,16167
2385.5,876,0,5.1,16203
2386.5,876,0,4.7,16214
2387.5,876,0,5.1,16223
2388.6,876,0,4.9,16235
2389.6,876,0,5.1,16238
2390.6,876,0,4.9,16242
2391.6,876,0,4.8,16247
2392.6,876,0,5.0,16247
2393.7,876,0,4.9,16267
2394.7,876,0,4.9,16277
2395.7,876,0,4.9,16291
2396.7,876,0,4.9,16289
2397.7,876,0,4.9,16299
2398.8,876,0,5.0,16303
2399.8,876,0,4.9,16310
2400.8,876,0,4.8,16292
2401.8,876,0,4.8,16294
2402.8,876,0,5.1,16283
2403.9,876,0,4.9,16276
2404.9,876,0,4.9,16307
2405.9,876,0,4.9,16323
2406.9,876,0,4.8,16351
2407.9,876,0,5.1,16373
2409.0,876,0,4.8,16377
2410.0,876,0,4.8,16372
2411.0,876,0,4.9,16386
2412.0,876,0,5.2,16408
2413.1,876,0,4.7,16430
2414.1,876,0,5.1,16428
2415.1,876,0,4.9,16442
2416.1,876,0,5.1,16459
2417.1,876,0,4.8,16441
2418.2,876,0,4.9,16432
2419.2,949,0,5.4,16447
2420.2,949,0,5.4,16509
2421.2,942,0,5.0,16535
2422.2,940,0,4.8,16526
2423.3,940,0,5.0,16530
2424.3,880,0,4.9,16515
2425.3,880,0,4.8,16505
2426.3,880,0,4.8,16500
2427.3,880,0,4.9,16489
2428.4,880,0,5.0,16502
2429.4,880,0,4.7,16503
2430.4,880,0,5.0,16519
2431.4,880,0,4.9,16534
2432.4,880,0,4.9,16553
2433.5,880,0,4.8,16554
2434.5,880,0,5.1,16543
2435.5,880,0,4.9,16537
2436.5,880,0,5.2,16533
2437.6,880,0,4.8,16511
2438.6,880,0,5.1,16517
2439.6,880,0,5.2,16507
2440.6,880,0,5.1,16489
2441.6,880,0,5.1,16488
2442.7,880,0,5.0,16484
2443.7,880,0,5.3,16472
2444.7,880,0,5.1,16484
2445.7,880,0,5.2,16492
2446.7,880,0,5.2,16498
2447.8,880,0,5.0,16523
2448.8,880,0,5.2,16528
2449.8,879,0,5.3,16533
2450.8,879,0,4.9,16540
2451.8,879,0,5.2,16539
2452.9,879,0,4.9,16534
2453.9,879,0,5.1,16514
2454.9,879,0,5.5,16521
2455.9,879,0,5.1,16508
2456.9,879,0,5.2,16495
2458.0,879,0,5.5,16510
2459.0,879,0,5.1,16541
2460.0,879,0,5.0,16552
2461.0,879,0,5.3,16550
2462.0,879,0,4.8,16555
2463.1,879,0,5.1,16573
2464.1,879,0,4.9,16577
2465.1,879,0,5.2,16558
2466.1,879,0,4.9,16541
2467.2,879,0,4.8,16535
2468.2,879,0,5.1,16537
2469.2,920,0,5.0,16527
2470.2,920,0,4.9,16521
2471.2,914,0,4.9,16506
2472.3,911,0,5.1,16502
2473.3,879,0,4.9,16498
2474.3,879,0,4.9,16496
2475.3,879,0,4.9,16503
2476.3,879,0,5.1,16509
2477.4,879,0,4.9,16538
2478.4,879,0,5.0,16556
2479.4,879,0,4.9,16544
2480.4,879,0,5.0,16578
2481.4,879,0,4.9,16579
2482.5,879,0,4.8,16566
2483.5,879,0,4.9,16557
2484.5,879,0,4.9,16557
2485.5,879,0,5.0,16546
2486.6,879,0,4.8,16534
2487.6,879,0,4.8,16531
2488.6,879,0,5.1,16524
2489.6,879,0,5.0,16536
2490.6,879,0,5.0,16542
2491.7,879,0,5.0,16560
2492.7,879,0,4.9,16569
2493.7,920,0,5.0,16577
2494.7,920,0,4.9,16578
2495.7,915,0,4.9,16578
2496.8,912,0,4.9,16578
2497.8,912,0,5.0,16577
2498.8,880,0,4.9,16575
2499.8,880,0,4.7,16570
2500.8,880,0,4.9,16550
2501.9,880,0,4.9,16553
2502.9,880,0,4.9,16541
2503.9,880,0,4.8,16533
2504.9,880,0,4.9,16531
2505.9,880,0,4.8,16520
2507.0,880,0,5.1,16524
2508.0,880,0,4.9,16535
2509.0,880,0,4.9,16557
2510.0,921,0,5.1,16574
2511.0,921,0,4.9,16568
2512.1,916,0,4.8,16568
2513.1,912,0,4.9,16582
2514.1,912,0,5.0,16577
2515.1,921,10,5.0,16571
2516.2,921,0,4.8,16563
2517.2,916,0,5.1,16590
2518.2,912,0,4.9,16591
2519.2,912,0,4.9,16609
2520.2,880,0,4.9,16625
2521.3,880,0,4.8,16605
2522.3,880,0,4.8,16601
2523.3,880,0,4.9,16621
2524.3,880,0,4.9,16636
2525.3,880,0,5.0,16626
2526.4,880,0,4.9,16627
2527.4,880,0,4.9,16624
2528.4,880,0,4.8,16630
2529.4,880,0,4.9,16621
2530.4,880,0,4.9,16617
2531.5,880,0,4.9,16615
2532.5,880,0,4.8,16602
2533.5,880,0,4.9,16593
2534.5,880,0,4.8,16583
2535.5,880,0,4.9,16585
2536.6,880,0,5.0,16534
2537.6,880,0,5.0,16589
2538.6,880,0,5.0,16600
2539.6,880,0,4.9,16633
2540.6,880,0,4.9,16643
2541.7,880,0,5.0,16625
2542.7,880,0,4.8,16641
2543.7,880,0,4.9,16636
2544.7,880,0,4.8,16634
2545.7,880,0,6.7,16626
2546.8,880,0,4.8,16626
2547.8,880,0,5.1,16641
2548.8,880,0,5.1,16620
2549.8,880,0,4.9,16622
2550.8,880,0,4.8,16633
2551.9,880,0,4.8,16644
2552.9,880,0,4.8,16643
2553.9,880,0,5.1,16642
2554.9,880,0,4.9,16663
2555.9,880,0,4.9,16659
2557.0,880,0,4.8,16658
2558.0,880,0,4.7,16647
2559.0,880,0,4.8,16631
2560.0,918,1,5.1,16635
2561.0,922,29,5.3,16614
2562.1,922,0,5.0,16611
2563.1,916,0,4.9,16598
2564.1,914,0,4.9,16602
2565.1,914,0,5.0,16608
2566.2,878,0,4.8,16616
2567.2,878,0,4.8,16625
2568.2,878,0,5.2,16646
2569.2,878,0,4.9,16671
2570.2,878,0,4.9,16681
2571.3,878,0,4.9,16675
2572.3,878,0,4.8,16663
2573.3,878,0,4.9,16652
2574.3,878,0,4.8,16532
2575.4,878,0,5.2,16591
2576.4,878,0,6.6,16705
2577.4,878,0,4.9,16730
2578.4,878,0,4.8,16724
2579.4,878,0,4.8,16740
2580.5,878,0,4.8,16757
2581.5,878,0,5.0,16764
2582.5,878,0,4.9,16748
2583.5,878,0,48.1,16739
2584.6,878,0,91.4,16738
2585.6,878,0,16.5,16733
2586.6,878,0,4.9,16709
2587.7,878,0,4.9,16720
2588.7,878,0,4.9,16711
2589.7,918,0,5.1,16690
2590.7,918,0,5.0,16689
2591.7,913,0,5.1,16685
2592.8,921,31,6.4,16683
2593.8,921,0,5.1,16677
2594.8,914,0,4.9,16673
2595.8,912,0,5.0,16685
2596.8,919,0,5.6,16689
2597.9,919,0,5.2,16700
2598.9,920,0,5.2,16740
2599.9,920,0,5.5,16764
2600.9,912,0,5.0,16762
2602.0,912,0,6.1,16678
2603.0,912,0,5.0,16722
2604.0,880,0,5.3,16747
2605.0,880,0,5.1,16773
2606.0,880,0,5.2,16807
2607.1,880,0,5.2,16807
2608.1,880,0,5.2,16813
2609.1,880,0,5.2,16817
2610.1,880,0,4.9,16842
2611.2,880,0,4.9,16840
2612.2,880,0,5.1,16842
2613.2,880,0,5.0,16838
2614.2,880,0,5.2,16827
2615.2,880,0,4.8,16818
2616.3,880,0,32.6,16861
2617.3,880,0,93.3,16881
2618.3,880,0,74.8,16842
2619.4,880,0,4.9,16864
2620.4,880,0,4.9,16870
2621.4,880,0,5.0,16877
2622.4,880,0,4.9,16869
2623.4,880,0,4.9,16876
2624.5,880,0,5.0,16890
2625.5,880,0,4.7,16849
2626.5,880,0,5.0,16829
2627.5,880,0,5.7,16811
2628.5,880,0,5.0,16836
2629.6,880,0,4.6,16853
2630.6,877,0,5.2,16853
2631.6,877,0,4.7,16835
2632.6,877,0,5.1,16844
2633.6,877,0,5.8,16938
2634.7,877,0,61.1,16942
2635.7,877,0,96.5,16932
2636.7,877,0,24.8,16929
2637.8,877,0,5.0,16928
2638.8,877,0,4.8,16938
2639.8,877,0,6.3,16971
2640.8,877,0,5.9,16959
2641.8,877,0,5.2,16926
2642.9,877,0,5.1,16935
2643.9,877,0,4.8,16933
2644.9,877,0,4.8,16919
2645.9,877,0,5.1,16891
2647.0,877,0,4.8,16895
2648.0,877,0,4.9,16905
2649.0,877,0,4.7,16900
2650.0,877,0,4.9,16889
2651.0,877,0,4.6,16875
2652.1,877,0,5.1,16871
2653.1,877,0,4.7,16866
2654.1,877,0,58.5,16867
2655.1,877,0,94.6,16872
2656.2,877,0,22.1,16879
2657.2,877,0,4.9,16897
2658.2,877,0,88.8,16923
2659.3,877,0,96.1,16909
2660.3,877,0,68.7,16940
2661.3,877,0,4.6,16943
2662.4,877,0,4.7,16981
2663.4,916,0,5.0,16988
2664.4,916,0,74.2,16981
2665.4,916,0,97.9,16978
2666.5,911,0,76.6,16956
2667.5,911,0,4.7,16973
2668.5,879,0,4.8,16963
2669.5,879,0,4.8,16952
2670.6,879,0,5.1,16993
2671.6,879,0,4.7,17001
2672.6,879,0,4.9,17017
2673.6,879,0,4.8,17007
2674.6,879,0,5.0,17009
2675.7,879,0,4.7,16999
2676.7,879,0,5.1,17016
2677.7,879,0,4.9,17015
2678.7,879,0,4.9,17019
2679.8,879,0,4.9,17028
2680.8,879,0,5.0,17021
2681.8,879,0,4.9,17015
2682.8,879,0,4.8,17013
2683.8,920,0,5.1,17008
2684.9,912,0,5.0,16991
2685.9,912,0,4.7,16994
2686.9,912,0,4.8,16988
2687.9,880,0,4.9,16978
2688.9,880,0,5.0,16976
2690.0,880,0,4.9,16966
2691.0,880,0,4.7,16959
2692.0,880,0,4.9,16955
2693.0,880,0,4.9,16972
2694.1,880,0,5.0,16972
2695.1,880,0,4.6,16986
2696.1,880,0,4.8,17003
2697.1,880,0,5.1,17007
2698.1,880,0,4.9,17019
2699.2,880,0,4.9,17011
2700.2,880,0,4.7,17012
2701.2,880,0,4.9,17002
2702.2,880,0,4.9,16996
2703.2,880,0,5.0,17008
2704.3,921,0,5.0,17040
2705.3,921,0,4.9,17045
2706.3,915,0,4.7,17047
2707.3,912,0,4.9,17064
2708.3,912,0,4.7,17076
2709.4,880,0,5.6,17076
2710.4,880,0,5.0,17092
2711.4,880,0,50.5,17114
2712.4,880,0,33.6,17108
2713.5,880,0,4.7,17112
2714.5,880,0,5.1,17101
2715.5,880,0,4.8,17102
2716.5,880,0,4.9,17098
2717.5,880,0,4.9,17107
2718.6,880,0,4.8,17128
2719.6,880,0,4.7,17142
2720.6,880,0,6.0,17172
2721.6,880,0,4.9,17162
2722.6,880,0,4.5,17143
2723.7,880,0,5.0,17152
2724.7,880,0,4.8,17139
2725.7,880,0,4.9,17145
2726.7,880,0,4.9,17143
2727.7,880,0,4.8,17159
2728.8,880,0,4.9,17164
2729.8,880,0,4.6,17183
2730.8,880,0,5.1,17188
2731.8,880,0,4.8,17195
2732.9,880,0,4.8,17204
2733.9,880,0,4.7,17207
2734.9,880,0,5.0,17195
2735.9,880,0,4.8,17194
2736.9,880,0,5.2,17238
2738.0,880,0,42.0,17257
2739.0,880,0,31.5,17240
2740.0,880,0,5.0,17215
2741.1,880,0,5.0,17208
2742.1,880,0,5.0,17206
2743.1,880,0,5.1,17214
2744.1,880,0,4.9,17230
2745.1,880,0,4.9,17242
2746.2,880,0,5.1,17264
2747.2,880,0,4.9,17246
2748.2,880,0,5.2,17245
2749.2,880,0,5.3,17259
2750.2,880,0,5.0,17233
2751.3,880,0,5.2,17252
2752.3,880,0,5.0,17235
2753.3,880,0,5.0,17223
2754.3,877,0,5.4,17218
2755.3,877,0,5.1,17215
2756.4,877,0,5.0,17210
2757.4,877,0,5.3,17200
2758.4,877,0,5.0,17197
2759.4,877,0,5.4,17243
2760.4,877,0,4.8,17238
2761.5,877,0,5.0,17246
2762.5,877,0,4.9,17252
2763.5,877,0,5.1,17258
2764.5,877,0,4.8,17261
2765.5,877,0,5.1,17280
2766.6,877,0,4.7,17268
2767.6,877,0,5.1,17265
2768.6,877,0,4.7,17251
2769.6,877,0,5.2,17244
2770.7,877,0,4.6,17248
2771.7,916,0,5.1,17238
2772.7,916,0,5.0,17242
2773.7,916,0,4.9,17255
2774.7,912,0,5.0,17264
2775.8,912,0,4.8,17289
2776.8,880,0,4.8,17298
2777.8,880,0,39.5,17312
2778.8,880,0,89.7,17303
2779.9,880,0,77.5,17286
2780.9,880,0,4.7,17283
2781.9,880,0,4.7,17273
2782.9,880,0,4.9,17271
2784.0,880,0,4.7,17268
2785.0,880,0,4.9,17265
2786.0,880,0,5.0,17308
2787.0,880,0,4.6,17322
2788.0,880,0,5.0,17343
2789.1,880,0,4.8,17337
2790.1,880,0,4.6,17337
2791.1,880,0,4.8,17338
2792.1,880,0,4.7,17329
2793.1,880,0,4.9,17311
2794.2,880,0,26.8,17333
2795.2,880,0,93.4,17357
2796.3,880,0,94.3,17387
2797.3,880,0,34.0,17353
2798.3,880,0,4.8,17373
2799.3,880,0,4.8,17372
2800.4,880,0,37.9,17397
2801.4,880,0,94.8,17406
2802.4,878,0,97.3,17391
2803.5,878,0,22.6,17368
2804.5,878,0,5.0,17366
2805.5,878,0,5.4,17375
2806.5,878,0,5.0,17404
2807.5,878,0,4.6,17393
2808.6,878,0,5.0,17390
2809.6,878,0,4.8,17382
2810.6,879,0,5.0,17368
2811.6,879,0,4.6,17363
2812.6,879,0,4.8,17358
2813.7,879,0,4.6,17345
2814.7,879,0,5.0,17331
2815.7,879,0,80.4,17390
2816.8,879,0,99.9,17411
2817.8,879,0,83.5,17386
2818.8,879,0,4.6,17370
2819.9,879,0,4.6,17392
2820.9,879,0,4.8,17421
2821.9,879,0,4.7,17416
2822.9,879,0,4.9,17425
2823.9,879,0,5.0,17417
2825.0,879,0,4.6,17431
2826.0,879,0,83.7,17448
2827.0,879,0,96.3,17447
2828.1,879,0,61.8,17413
2829.1,879,0,4.8,17418
2830.1,879,0,4.6,17415
2831.1,879,0,4.8,17418
2832.1,877,0,4.7,17405
2833.2,877,0,4.8,17402
2834.2,877,0,4.8,17299
2835.2,877,0,4.7,17328
2836.2,877,0,4.9,17365
2837.2,877,0,4.6,17376
2838.3,877,0,5.0,17401
2839.3,877,0,4.6,17420
2840.3,877,0,5.0,17449
2841.3,877,0,4.8,17446
2842.4,877,0,4.7,17454
2843.4,877,0,4.7,17468
2844.4,877,0,4.7,17452
2845.4,877,0,4.8,17470
2846.4,877,0,4.6,17464
2847.5,877,0,4.8,17466
2848.5,877,0,4.8,17458
2849.5,877,0,4.9,17453
2850.5,877,0,4.8,17439
2851.5,877,0,4.9,17432
2852.6,877,0,35.5,17459
2853.6,877,0,94.9,17455
2854.6,877,0,77.8,17457
2855.7,877,0,4.6,17461
2856.7,877,0,4.7,17473
2857.7,949,0,5.1,17491
2858.7,949,0,76.4,17515
2859.8,943,0,98.4,17497
2860.8,940,0,54.4,17465
2861.8,940,0,4.7,17462
2862.9,883,0,5.0,17477
2863.9,883,0,4.6,17469
2864.9,883,0,5.0,17478
2865.9,883,0,4.8,17466
2867.0,883,0,13.9,17462
2868.0,883,0,91.9,17473
2869.0,883,0,96.6,17452
2870.1,884,0,59.6,17449
2871.1,884,0,93.3,17469
2872.1,884,0,98.1,17493
2873.2,884,0,18.3,17470
2874.2,884,0,4.8,17466
2875.2,884,0,53.4,17523
2876.2,884,0,95.8,17506
2877.3,884,0,74.6,17485
2878.3,884,0,5.1,17500
2879.4,921,0,5.2,17518
2880.4,921,0,4.9,17507
2881.4,915,0,4.9,17493
2882.4,912,0,4.6,17487
2883.4,912,0,5.0,17513
2884.5,880,0,4.9,17503
2885.5,880,0,4.9,17504
2886.5,880,0,5.0,17497
2887.5,880,0,5.0,17482
2888.5,880,0,4.9,17478
2889.6,880,0,5.2,17466
2890.6,880,0,4.9,17471
2891.6,880,0,5.1,17457
2892.6,880,0,5.0,17455
2893.6,880,0,5.1,17448
2894.7,880,0,5.1,17475
2895.7,880,0,5.2,17467
2896.7,880,0,74.8,17518
2897.8,880,0,98.6,17534
2898.8,880,0,52.4,17516
2899.8,880,0,22.3,17565
2900.8,880,0,96.4,17563
2901.9,880,0,98.6,17574
2902.9,880,0,66.6,17540
2903.9,880,0,5.0,17535
2904.9,880,0,4.9,17520
2906.0,880,0,44.9,17548
2907.0,880,0,94.6,17533
2908.1,880,0,97.4,17531
2909.1,880,0,51.7,17525
2910.1,880,0,5.6,17495
2911.1,880,0,5.0,17512
2912.1,880,0,4.7,17508
2913.2,880,0,4.9,17499
2914.2,880,0,4.8,17491
2915.2,880,0,4.9,17483
2916.2,880,0,4.6,17475
2917.3,880,0,5.0,17470
2918.3,880,0,4.9,17451
2919.3,876,0,4.9,17492
2920.3,876,0,4.7,17496
2921.3,876,0,4.6,17504
2922.4,876,0,4.7,17509
2923.4,876,0,6.8,17569
2924.4,876,0,4.8,17552
2925.4,876,0,4.6,17546
2926.4,876,0,4.9,17545
2927.5,876,0,5.1,17549
2928.5,876,0,4.7,17542
2929.5,876,0,5.0,17549
2930.5,877,0,4.8,17562
2931.5,877,0,4.7,17548
2932.6,877,0,4.7,17553
2933.6,877,0,4.8,17575
2934.6,877,0,4.9,17570
2935.6,877,0,4.7,17585
2936.7,877,0,4.8,17588
2937.7,877,0,4.9,17580
2938.7,877,0,4.6,17594
2939.7,877,0,4.9,17569
2940.7,877,0,4.8,17568
2941.8,877,0,4.7,17558
2942.8,877,0,5.0,17560
2943.8,877,0,4.7,17546
2944.8,877,0,4.9,17556
2945.8,877,0,5.9,17572
2946.9,877,0,4.7,17571
2947.9,877,0,5.6,17551
2948.9,877,0,4.9,17542
2949.9,877,0,4.6,17537
2950.9,877,0,4.9,17529
2952.0,877,0,4.6,17535
2953.0,877,0,4.9,17546
2954.0,877,0,4.8,17546
2955.0,877,0,4.8,17545
2956.1,877,0,4.8,17551
2957.1,877,0,4.5,17539
2958.1,877,0,5.0,17550
2959.1,877,0,4.6,17568
2960.1,877,0,4.8,17572
2961.2,877,0,4.7,17571
2962.2,877,0,39.0,17595
2963.2,877,0,92.6,17593
2964.2,877,0,98.3,17586
2965.3,877,0,76.5,17560
2966.3,877,0,4.7,17566
2967.3,877,0,4.8,17570
2968.3,877,0,69.4,17624
2969.4,877,0,98.3,17644
2970.4,877,0,60.9,17634
2971.4,877,0,27.6,17681
2972.5,877,0,94.7,17690
2973.5,877,0,98.5,17678
2974.5,877,0,62.9,17652
2975.6,877,0,5.0,17653
2976.6,885,0,33.9,17709
2977.6,885,0,94.4,17714
2978.7,927,9,96.7,17728
2979.7,927,0,58.9,17708
2980.7,921,0,4.5,17706
2981.8,912,1,4.9,17691
2982.8,912,0,4.8,17697
2983.8,880,2,4.7,17707
2984.8,880,0,4.9,17718
2985.8,880,0,5.0,17717
2986.9,880,0,4.7,17705
2987.9,880,0,4.9,17720
2988.9,880,0,4.5,17714
2989.9,880,0,5.0,17706
2990.9,880,0,4.7,17693
2992.0,880,0,4.6,17683
2993.0,880,0,4.9,17678
2994.0,880,0,4.6,17676
2995.0,880,0,4.9,17673
2996.0,880,0,4.8,17666
2997.1,880,0,4.8,17575
2998.1,880,0,5.1,17621
2999.1,880,0,4.5,17645
3000.1,921,0,4.9,17661
3001.1,921,0,4.9,17696
3002.2,916,0,4.8,17697
3003.2,913,0,4.5,17710
3004.2,913,0,4.9,17720
3005.2,920,0,4.8,17748
3006.3,920,0,4.7,17744
3007.3,916,0,4.6,17746
3008.3,913,0,4.8,17749
3009.3,913,0,4.6,17738
3010.3,881,0,5.0,17734
3011.4,881,0,4.7,17735
3012.4,881,0,4.6,17723
3013.4,881,0,88.4,17715
3014.4,881,0,98.3,17722
3015.5,881,0,98.5,17718
3016.5,881,0,26.2,17731
3017.5,881,0,93.4,17746
3018.6,881,0,96.5,17761
3019.6,881,0,75.5,17731
3020.6,881,0,4.8,17758
3021.7,881,0,4.6,17744
3022.7,881,0,18.1,17788
3023.7,881,0,95.2,17794
3024.8,881,0,98.8,17806
3025.8,881,0,96.7,17806
3026.9,881,0,19.5,17774
3027.9,881,0,81.8,17790
3028.9,881,0,92.7,17789
3030.0,881,0,68.9,17764
3031.0,881,0,5.1,17771
3032.0,881,0,67.1,17765
3033.0,922,2,93.8,17764
3034.1,922,0,94.3,17755
3035.1,916,0,5.3,17762
3036.1,920,0,5.1,17773
3037.1,920,0,5.2,17784
3038.2,916,0,4.9,17808
3039.2,914,0,5.0,17820
3040.2,912,0,86.1,17820
3041.2,914,2,99.1,17855
3042.3,886,0,99.9,17868
3043.4,885,0,56.2,17822
3044.4,885,0,14.1,17865
3045.4,885,0,94.6,17846
3046.5,881,0,99.4,17852
3047.5,881,0,96.5,17842
3048.6,881,0,20.7,17815
3049.6,881,0,4.9,17818
3050.6,881,0,4.9,17820
3051.7,886,0,28.8,17819
3052.7,886,0,97.1,17825
3053.7,884,0,99.3,17819
3054.8,884,0,88.0,17811
3055.8,884,0,4.6,17805
3056.8,880,0,64.3,17888
3057.9,880,0,94.8,17898
3058.9,880,0,99.6,17897
3059.9,880,0,7.2,17886
3061.0,880,0,33.6,17918
3062.0,880,0,91.1,17914
3063.0,880,0,94.9,17900
3064.1,880,0,66.3,17883
3065.1,880,0,67.2,17881
3066.2,880,0,95.9,17903
3067.2,880,0,88.0,17886
3068.2,880,0,5.4,17871
3069.3,880,0,81.4,17929
3070.3,878,0,99.8,17977
3071.4,878,0,54.1,17983
3072.4,878,0,92.2,17995
3073.5,878,0,94.7,18003
3074.5,878,0,24.3,17956
3075.5,878,0,4.7,17969
3076.5,878,0,4.7,17983
3077.6,878,0,4.6,17977
3078.6,878,0,5.0,17995
3079.6,878,0,4.8,18011
3080.6,878,0,4.7,18038
3081.6,878,0,4.7,18066
3082.7,878,0,4.8,18072
3083.7,878,0,4.7,18071
3084.7,878,0,4.6,18076
3085.7,878,0,4.7,18092
3086.7,878,0,4.9,18140
3087.8,878,0,4.7,18141
3088.8,878,0,4.6,18162
3089.8,878,0,4.7,18158
3090.8,878,0,4.8,18163
3091.8,878,0,4.7,18141
3092.9,878,0,4.5,18136
3093.9,878,0,4.9,18140
3094.9,878,0,4.6,18127
3095.9,878,0,4.8,18124
3096.9,878,0,5.1,18049
3098.0,878,0,6.0,18104
3099.0,878,0,4.5,18122
3100.0,877,0,4.7,18156
3101.0,877,0,4.7,18149
3102.0,877,0,4.7,18141
3103.1,877,0,4.6,18143
3104.1,877,0,4.9,18140
3105.1,877,0,4.7,18144
3106.1,877,0,4.6,18136
3107.1,877,0,4.6,18132
3108.2,877,0,4.8,18138
3109.2,877,0,4.8,18165
3110.2,877,0,4.8,18202
3111.2,877,0,4.6,18216
3112.2,877,0,4.7,18216
3113.3,877,0,4.6,18237
3114.3,877,0,4.7,18232
3115.3,877,0,4.7,18222
3116.3,877,0,4.6,18216
3117.3,877,0,4.6,18212
3118.4,877,0,4.9,18229
3119.4,877,0,4.7,18236
3120.4,877,0,4.7,18270
3121.4,877,0,4.5,18268
3122.4,877,0,4.9,18284
3123.5,877,0,4.5,18295
3124.5,877,0,4.7,18288
3125.5,883,0,4.7,18280
3126.5,883,0,4.7,18276
3127.5,882,0,4.8,18273
3128.6,882,0,4.6,18256
3129.6,882,0,4.5,18255
3130.6,878,0,5.1,18270
3131.6,878,0,4.6,18301
3132.6,878,0,4.8,18351
3133.7,878,0,4.6,18409
3134.7,878,0,4.7,18394
3135.7,878,0,4.6,18401
3136.7,878,0,4.6,18386
3137.8,878,0,4.6,18385
3138.8,878,0,4.8,18393
3139.8,878,0,4.9,18428
3140.8,878,0,5.1,18396
3141.8,878,0,4.8,18434
3142.9,878,0,4.6,18473
3143.9,878,0,4.6,18473
3144.9,878,0,4.7,18483
3145.9,878,0,4.6,18463
3146.9,878,0,4.9,18474
3148.0,878,0,4.6,18467
3149.0,878,0,4.7,18467
3150.0,878,0,4.7,18454
3151.0,878,0,4.6,18461
3152.0,878,0,4.7,18451
3153.1,878,0,4.8,18468
3154.1,878,0,5.2,18492
3155.1,878,0,4.9,18503
3156.1,878,0,4.9,18505
3157.1,877,0,4.5,18523
3158.2,877,0,4.8,18528
3159.2,877,0,4.7,18521
3160.2,877,0,4.7,18506
3161.2,877,0,4.8,18505
3162.2,884,0,4.6,18486
3163.3,884,0,4.8,18479
3164.3,883,0,4.5,18476
3165.3,882,0,4.9,18472
3166.3,882,0,4.7,18466
3167.4,878,0,4.6,18464
3168.4,878,0,5.1,18470
3169.4,878,0,4.8,18479
3170.4,878,0,4.8,18493
3171.4,878,0,5.0,18498
3172.5,878,0,4.9,18526
3173.5,878,0,4.8,18524
3174.5,878,0,4.9,18537
3175.5,878,0,4.9,18552
3176.5,878,0,5.3,18549
3177.6,878,0,4.7,18550
3178.6,878,0,4.8,18547
3179.6,950,0,5.2,18528
3180.6,950,0,5.2,18515
3181.6,944,0,4.8,18526
3182.7,941,0,5.0,18512
3183.7,881,0,4.9,18500
3184.7,881,0,5.1,18496
3185.7,881,0,5.0,18410
3186.8,911,0,6.2,18472
3187.8,911,0,4.8,18481
3188.8,905,0,5.0,18511
3189.8,910,0,5.0,18531
3190.8,903,0,4.8,18534
3191.9,903,0,4.7,18547
3192.9,903,0,4.8,18547
3193.9,903,0,4.7,18569
3194.9,871,0,5.0,18582
3195.9,871,0,4.6,18561
3197.0,871,0,4.9,18574
3198.0,871,0,4.7,18576
3199.0,871,0,4.5,18575
3200.0,871,0,5.2,18579
3201.1,871,0,4.5,18572
3202.1,871,0,4.8,18570
3203.1,871,0,4.6,18563
3204.1,871,0,4.7,18562
3205.1,871,0,5.4,18585
3206.2,871,0,4.7,18586
3207.2,871,0,4.6,18591
3208.2,871,0,4.6,18611
3209.2,871,0,4.9,18618
3210.2,871,0,4.6,18635
3211.3,871,0,5.0,18642
3212.3,871,0,4.5,18624
3213.3,871,0,4.7,18622
3214.3,871,0,4.7,18608
3215.3,871,0,4.8,18610
3216.4,871,0,4.6,18600
3217.4,871,0,4.8,18600
3218.4,871,0,4.5,18584
3219.4,871,0,5.0,18595
3220.4,871,0,4.7,18573
3221.5,871,0,4.9,18587
3222.5,871,0,4.6,18613
3223.5,867,0,4.7,18600
3224.5,867,0,4.6,18617
3225.5,867,0,4.8,18619
3226.6,867,0,4.5,18617
3227.6,867,0,4.9,18610
3228.6,867,0,4.8,18630
3229.6,867,0,4.7,18625
3230.7,867,0,4.6,18622
3231.7,867,0,4.8,18619
3232.7,867,0,4.6,18613
3233.7,867,0,9.2,18716
3234.7,867,0,5.5,18705
3235.8,867,0,4.5,18714
3236.8,867,0,4.8,18700
3237.8,867,0,4.6,18699
3238.8,941,12,5.2,18678
3239.8,941,0,4.5,18678
3240.9,940,0,5.0,18664
3241.9,934,0,5.8,18615
3242.9,932,0,5.9,18624
3243.9,932,0,4.7,18630
3244.9,904,0,4.6,18630
3246.0,872,0,4.9,18617
3247.0,872,0,4.6,18621
3248.0,872,0,4.8,18619
3249.0,872,0,4.5,18612
3250.1,872,0,4.8,18600
3251.1,872,0,4.6,18600
3252.1,872,0,4.8,18586
3253.1,872,0,4.7,18564
3254.1,872,0,4.5,18557
3255.2,872,0,4.6,18562
3256.2,872,0,4.7,18554
3257.2,872,0,4.6,18550
3258.2,912,0,5.0,18543
3259.2,912,0,4.7,18552
3260.3,907,0,4.9,18571
3261.3,904,0,4.7,18604
3262.3,904,0,4.7,18611
3263.3,872,0,4.6,18618
3264.4,872,0,4.8,18638
3265.4,872,0,4.8,18627
3266.4,872,0,4.5,18626
3267.4,872,0,4.7,18614
3268.4,872,0,4.9,18621
3269.5,872,0,4.6,18527
3270.5,872,0,4.9,18554
3271.5,872,0,4.7,18572
3272.5,872,0,5.3,18621
3273.5,872,0,4.8,18658
3274.6,872,0,4.5,18672
3275.6,913,81,4.7,18662
3276.6,913,0,4.5,18653
3277.6,904,0,4.7,18643
3278.7,904,0,4.8,18656
3279.7,872,2,4.8,18647
3280.7,872,0,4.7,18663
3281.7,872,0,4.8,18676
3282.7,872,0,4.7,18720
3283.8,872,0,4.7,18742
3284.8,872,0,4.7,18779
3285.8,872,0,4.5,18778
3286.8,872,0,4.8,18775
3287.8,872,0,4.6,18767
3288.9,872,0,4.5,18760
3289.9,872,0,4.8,18760
3290.9,872,0,4.5,18753
3291.9,872,0,5.0,18749
3292.9,872,0,4.8,18763
3294.0,872,0,4.6,18763
3295.0,872,0,4.8,18768
3296.0,872,0,4.6,18780
3297.0,872,0,4.5,18789
3298.0,872,0,4.9,18796
3299.1,914,0,4.7,18814
3300.1,914,0,4.8,18804
3301.1,908,0,4.5,18827
3302.1,905,0,4.7,18813
3303.2,905,0,4.6,18807
3304.2,873,0,4.7,18811
3305.2,873,0,4.5,18805
3306.2,873,0,4.7,18791
3307.2,873,0,4.8,18782
3308.3,873,0,4.6,18770
3309.3,873,0,4.8,18771
3310.3,873,0,4.9,18717
3311.3,873,0,4.8,18754
3312.3,873,0,4.8,18800
3313.4,873,0,4.7,18819
3314.4,873,0,4.8,18851
3315.4,873,0,5.0,18884
3316.4,873,0,4.9,18895
3317.4,873,0,4.9,18897
3318.5,873,0,4.8,18888
3319.5,873,0,5.1,18894
3320.5,873,0,6.7,18935
3321.5,873,0,4.9,18963
3322.5,873,0,4.9,18996
3323.6,873,0,77.2,18991
3324.6,873,0,7.4,19001
3325.6,873,0,5.0,19008
3326.6,873,0,5.0,19001
3327.7,873,0,4.7,18998
3328.7,873,0,4.9,19015
3329.7,873,0,5.2,19050
3330.7,873,0,4.9,19063
3331.8,873,0,4.9,19073
3332.8,873,0,4.9,19080
3333.8,873,0,4.8,19076
3334.8,873,0,96.7,19066
3335.9,873,0,36.1,19069
3336.9,873,0,4.8,19065
3337.9,873,0,4.8,19056
3338.9,873,0,4.9,19074
3339.9,873,0,4.6,19045
3341.0,873,0,4.7,19083
3342.0,873,0,4.7,19084
3343.0,873,0,4.6,19091
3344.0,873,0,4.7,19097
3345.0,873,0,4.9,19107
3346.1,873,0,5.0,19123
3347.1,873,0,4.5,19128
3348.1,873,0,4.7,19111
3349.1,873,0,4.8,19114
3350.1,873,0,4.8,19100
3351.2,873,0,5.4,19097
3352.2,1054,9,8.7,19067
3353.2,990,0,5.7,19067
3354.2,982,1,5.5,19073
3355.2,977,0,4.7,19110
3356.3,975,0,4.7,19113
3357.3,872,0,4.7,19129
3358.3,872,0,4.6,19126
3359.3,872,0,4.8,19150
3360.4,872,0,4.8,19150
3361.4,872,0,4.6,19147
3362.4,872,0,4.6,19156
3363.4,872,0,4.6,19149
3364.4,872,0,4.9,19142
3365.4,872,0,4.7,19125
3366.5,872,0,4.7,19113
3367.5,872,0,4.5,19118
3368.5,872,0,4.6,19113
3369.5,872,0,4.8,19099
3370.6,877,0,4.8,19099
3371.6,877,0,4.5,19079
3372.6,876,0,4.7,19075
3373.6,876,0,4.5,19080
3374.6,872,0,4.8,19068
3375.7,872,0,4.6,19066
3376.7,872,0,4.6,19062
3377.7,872,0,4.5,19067
3378.7,872,0,4.8,19094
3379.7,872,0,4.7,19089
3380.8,872,0,5.0,19145
3381.8,872,0,4.5,19148
3382.8,872,0,4.6,19151
3383.8,872,0,4.7,19137
3384.9,880,0,4.9,19133
3385.9,878,0,4.6,19118
3386.9,876,0,4.8,19146
3387.9,876,0,4.8,19128
3388.9,876,0,4.7,19109
3390.0,869,0,4.5,19111
3391.0,869,0,4.6,19104
3392.0,869,0,4.8,19095
3393.0,869,0,4.8,19126
3394.0,869,0,4.7,19144
3395.1,869,0,4.9,19162
3396.1,869,0,4.7,19163
3397.1,869,0,4.7,19182
3398.1,869,0,4.6,19193
3399.1,869,0,4.6,19174
3400.2,869,0,4.5,19181
3401.2,869,0,4.7,19182
3402.2,869,0,4.8,19182
3403.2,869,0,4.7,19175
3404.3,869,0,4.6,19163
3405.3,869,0,4.7,19148
3406.3,869,0,4.7,19150
3407.3,869,0,4.6,19144
3408.3,869,0,4.6,19129
3409.4,869,0,4.8,19133
3410.4,869,0,4.7,19130
3411.4,869,0,4.6,19119
3412.4,869,0,4.6,19117
3413.4,869,0,4.4,19120
3414.5,869,0,4.7,19129
3415.5,869,0,4.7,19144
3416.5,869,0,4.8,19166
3417.5,869,0,4.7,19178
3418.6,869,0,4.6,19171
3419.6,868,0,4.7,19199
3420.6,868,0,4.8,19196
3421.6,868,0,4.5,19191
3422.6,868,0,4.6,19179
3423.7,868,0,4.5,19177
3424.7,868,0,5.0,19183
3425.7,868,0,4.7,19179
3426.7,868,0,4.6,19182
3427.7,868,0,5.4,19208
3428.8,868,0,4.6,19208
3429.8,868,0,4.6,19219
3430.8,868,0,4.8,19230
3431.8,868,0,75.8,19237
3432.9,868,0,94.9,19244
3433.9,868,0,99.7,19241
3434.9,868,0,53.6,19217
3435.9,868,0,4.7,19222
3437.0,868,0,4.7,19222
3438.0,868,0,4.6,19217
3439.0,868,0,4.5,19205
3440.0,868,0,4.7,19195
3441.1,868,0,4.7,19197
3442.1,868,0,4.7,19201
3443.1,868,0,4.7,19227
3444.1,868,0,4.5,19221
3445.1,868,0,21.5,19259
3446.2,913,0,90.6,19288
3447.2,913,0,93.4,19280
3448.2,907,0,96.6,19292
3449.3,904,0,50.5,19271
3450.3,904,0,4.5,19278
3451.3,903,0,4.6,19272
3452.3,875,0,4.7,19272
3453.4,875,0,4.6,19262
3454.4,871,0,4.7,19250
3455.4,871,0,4.7,19244
3456.4,871,0,4.9,19227
3457.4,871,0,4.7,19232
3458.5,871,0,4.7,19225
3459.5,871,0,4.8,19221
3460.5,871,0,4.9,19214
3461.5,876,0,5.1,19207
3462.5,876,0,5.0,19211
3463.6,876,0,5.0,19240
3464.6,876,0,4.9,19237
3465.6,875,0,5.0,19248
3466.6,875,0,4.8,19249
3467.6,871,0,4.9,19276
3468.7,871,0,4.9,19259
3469.7,871,0,5.0,19266
3470.7,871,0,4.9,19263
3471.7,871,0,4.9,19259
3472.7,871,0,5.2,19262
3473.8,871,0,4.9,19266
3474.8,871,0,4.9,19246
3475.8,871,0,5.2,19240
3476.8,871,0,4.9,19245
3477.9,871,0,5.1,19242
3478.9,871,0,4.9,19261
3479.9,871,0,4.7,19266
3480.9,871,0,4.9,19277
3481.9,871,0,4.9,19287
3483.0,871,0,4.8,19300
3484.0,871,0,4.9,19308
3485.0,871,0,4.8,19317
3486.0,871,0,4.8,19311
3487.0,871,0,4.6,19306
3488.1,871,0,4.7,19297
3489.1,871,0,4.6,19299
3490.1,871,0,4.7,19285
3491.1,871,0,4.7,19277
3492.1,871,0,4.8,19291
3493.2,871,0,4.7,19318
3494.2,871,0,4.7,19344
3495.2,871,0,4.6,19364
3496.2,876,0,4.5,19380
3497.3,876,0,4.8,19364
3498.3,875,0,4.8,19376
3499.3,875,0,4.6,19372
3500.3,875,0,4.5,19418
3501.3,871,0,4.9,19446
3502.4,871,0,4.6,19500
3503.4,871,0,4.6,19517
3504.4,871,0,4.7,19511
3505.4,871,0,4.7,19508
3506.5,871,0,4.4,19511
3507.5,868,0,4.7,19542
3508.5,868,0,4.7,19574
3509.5,868,0,4.7,19606
3510.5,868,0,4.6,19600
3511.6,868,0,4.6,19616
3512.6,868,0,4.6,19607
3513.6,885,0,4.8,19619
3514.6,885,0,4.7,19620
3515.6,881,0,4.8,19638
3516.7,878,0,4.6,19660
3517.7,878,0,4.7,19676
3518.7,874,0,4.6,19661
3519.7,874,0,4.6,19662
3520.8,874,0,4.6,19646
3521.8,874,0,5.4,19627
3522.8,888,0,5.4,19761
3523.8,888,0,4.6,19756
3524.8,885,0,4.6,19746
3525.9,883,0,4.7,19745
3526.9,883,0,15.3,19758
3527.9,875,0,92.7,19734
3529.0,875,0,93.5,19737
3530.0,875,0,61.0,19700
3531.0,875,0,85.1,19726
3532.1,875,0,98.3,19726
3533.1,875,0,98.8,19674
3534.2,875,0,68.7,19683
3535.2,875,0,4.7,19704
3536.2,875,0,4.7,19752
3537.2,875,0,4.6,19748
3538.2,875,0,4.8,19756
3539.3,875,0,4.5,19765
3540.3,875,0,4.6,19772
3541.3,875,0,4.6,19794
3542.3,875,0,4.5,19790
3543.3,875,0,4.7,19782
3544.4,875,0,4.6,19775
3545.4,875,0,4.6,19769
3546.4,875,0,4.8,19761
3547.4,875,0,4.6,19754
3548.4,875,0,4.6,19750
3549.5,875,0,4.3,19756
3550.5,875,0,5.5,19795
3551.5,875,0,4.5,19792
3552.5,875,0,82.4,19854
3553.6,913,47,90.8,19860
3554.6,913,0,98.4,19854
3555.6,905,0,40.0,19835
3556.7,905,2,79.1,19847
3557.7,869,2,93.6,19844
3558.7,869,0,94.1,19840
3559.8,869,0,56.9,19809
3560.8,869,0,4.7,19826
3561.8,869,0,4.7,19824
3562.8,869,0,4.8,19870
3563.8,869,0,4.6,19865
3564.9,869,0,4.6,19864
3565.9,869,0,72.1,19917
3566.9,869,0,95.2,19919
3568.0,869,0,94.3,19916
3569.0,869,0,21.4,19880
3570.0,869,0,4.5,19899
3571.0,869,0,4.7,19908
3572.1,910,0,89.5,19835
3573.1,910,0,93.4,19882
3574.1,904,0,98.3,19900
3575.2,901,0,92.6,19866
3576.2,901,0,4.8,19873
3577.2,869,0,80.7,19937
3578.2,869,0,94.9,19951
3579.3,869,0,99.5,19964
3580.3,869,0,98.7,19942
3581.4,869,0,82.1,19896
3582.4,869,0,65.5,19932
3583.4,869,0,94.7,19934
3584.5,869,0,98.3,19942
3585.5,869,0,98.6,19926
3586.6,869,0,45.3,19901
3587.6,869,0,4.5,19884
3588.6,869,0,4.6,19890
3589.6,869,0,64.6,19942
3590.7,869,0,94.0,19932
3591.7,869,0,98.6,19953
3592.8,869,0,99.3,19951
3593.8,869,0,39.0,19935
3594.8,869,0,4.6,19935
3595.9,869,0,78.7,19923
3596.9,869,0,93.2,19928
3597.9,869,0,97.9,19923
3599.0,869,0,99.4,19918
3600.0,869,0,35.4,19870
3601.0,869,0,4.6,19883
3602.1,869,0,4.8,19893
3603.1,869,0,4.6,19892
3604.1,869,0,4.5,19886
3605.1,869,0,4.7,19881
3606.1,869,0,4.8,19870
3607.2,869,0,4.8,19865
3608.2,869,0,4.7,19855
3609.2,869,0,4.7,19851
3610.2,869,0,4.9,19859
3611.2,869,0,5.1,19845
3612.3,869,0,4.8,19846
3613.3,869,0,4.9,19867
3614.3,869,0,4.8,19870
3615.3,869,0,5.0,19883
3616.3,869,0,5.0,19908
3617.4,869,0,4.8,19912
3618.4,869,0,4.7,19914
3619.4,910,0,5.2,19910
3620.4,910,0,5.0,19924
3621.5,904,0,5.1,19938
3622.5,901,0,5.8,19930
3623.5,901,0,4.9,19935
3624.5,912,0,5.0,19945
3625.5,912,0,4.9,19945
3626.6,906,0,4.7,19951
3627.6,903,0,4.9,19951
3628.6,903,0,93.3,19968
3629.6,903,0,95.6,20020
3630.7,876,0,99.7,20003
3631.7,876,0,98.3,19999
3632.7,875,0,37.9,19935
3633.8,875,0,46.3,19994
3634.8,875,0,95.1,19995
3635.9,871,0,98.3,19990
3636.9,871,0,98.3,19981
3637.9,871,0,21.2,19963
3638.9,871,0,4.5,19954
3640.0,871,0,4.6,19931
3641.0,871,0,4.5,19940
3642.0,871,0,4.6,19922
3643.0,871,0,69.5,19949
3644.1,871,0,93.5,19938
3645.1,871,0,98.2,19933
3646.2,871,0,99.2,19930
3647.2,871,0,57.5,19904
3648.2,871,0,4.2,19924
3649.2,871,0,46.5,19943
3650.3,871,0,93.6,19963
3651.3,871,0,99.8,19978
3652.4,871,0,68.0,19917
3653.4,871,0,4.6,19921
3654.4,871,0,4.6,19924
3655.4,871,0,77.0,19968
3656.5,871,0,94.3,20015
3657.5,869,0,99.9,20012
3658.6,869,0,54.4,19998
3659.6,869,0,98.0,19957
3660.6,869,0,94.4,19970
3661.7,869,0,99.5,19980
3662.7,869,0,98.8,19976
3663.7,869,0,36.8,19936
3664.8,912,0,4.8,19965
3665.8,912,0,4.8,19955
3666.8,911,0,4.6,19943
3667.8,911,0,4.9,19949
3668.8,911,0,4.6,19924
3669.9,906,0,4.7,19929
3670.9,903,0,4.5,19922
3671.9,903,0,4.6,19918
3672.9,917,0,4.9,19909
3673.9,917,0,4.6,19901
3675.0,910,0,61.5,19956
3676.0,907,0,93.8,19954
3677.1,907,0,97.3,19964
3678.1,871,0,98.1,19960
3679.2,871,0,84.7,19931
3680.2,871,0,4.4,19936
3681.2,871,0,48.7,19983
3682.3,871,0,94.9,19972
3683.3,871,0,98.6,19990
3684.3,871,0,98.7,19986
3685.4,871,0,72.0,19949
3686.4,871,0,4.7,19956
3687.4,871,0,4.5,19958
3688.4,871,0,41.7,20012
3689.5,871,0,93.6,20036
3690.5,871,0,99.8,20044
3691.5,871,0,99.9,20029
3692.6,871,0,75.4,19990
3693.6,871,0,87.7,20033
3694.6,871,0,93.4,20048
3695.7,871,0,98.0,20046
3696.7,869,0,98.7,20058
3697.8,909,16,44.6,20057
3698.8,909,0,4.7,20037
3699.8,904,0,4.6,20042
3700.8,909,0,4.9,20048
3701.9,901,2,4.6,20028
3702.9,901,0,8.4,20048
3703.9,901,0,98.3,20028
3704.9,901,0,94.2,20024
3706.0,869,0,98.9,20018
3707.0,869,0,99.3,20012
3708.1,909,0,73.5,19976
3709.1,909,0,4.5,19982
3710.1,904,0,4.4,19987
3711.1,901,0,66.2,19988
3712.2,901,0,91.6,20012
3713.2,910,0,95.5,20017
3714.3,910,0,96.6,20043
3715.3,904,0,88.5,20021
3716.3,901,0,4.4,20042
3717.3,901,0,4.6,20058
3718.4,869,0,70.7,20078
3719.4,869,0,93.5,20074
3720.4,869,0,99.6,20066
3721.5,874,0,99.3,20060
3722.5,874,0,95.5,19998
3723.6,873,0,9.0,20033
3724.6,873,0,4.6,20032
3725.6,873,0,4.5,20031
3726.6,869,0,34.4,20066
3727.7,869,0,98.5,20057
3728.7,869,0,93.3,20092
3729.7,869,0,97.1,20104
3730.8,869,0,41.0,20049
3731.8,869,0,42.3,20092
3732.9,869,0,93.1,20100
3733.9,869,0,98.8,20088
3734.9,869,0,98.4,20071
3736.0,869,0,99.0,20094
3737.0,869,0,17.5,20068
3738.0,869,0,4.6,20080
3739.0,869,0,4.5,20073
3740.1,869,0,38.1,20081
3741.1,869,0,94.3,20041
3742.1,869,0,98.2,20064
3743.1,869,0,98.7,20065
3744.2,869,0,98.3,20060
3745.2,869,0,54.6,20045
3746.3,869,0,98.5,20046
3747.3,866,0,94.7,20042
3748.3,866,0,99.3,20041
3749.4,866,0,77.3,20015
3750.4,866,0,4.6,20025
3751.4,866,0,4.6,20018
3752.4,866,0,4.8,20014
3753.5,866,0,4.7,20012
3754.5,866,0,4.7,20008
3755.5,866,0,4.9,20031
3756.5,866,0,4.8,20036
3757.5,866,0,46.9,20095
3758.6,866,0,96.1,20111
3759.6,866,0,99.8,20098
3760.6,866,0,99.7,20082
3761.7,866,0,92.4,20099
3762.7,866,0,4.8,20062
3763.7,866,0,4.9,20069
3764.7,866,0,4.8,20060
3765.8,866,0,12.0,20075
3766.8,866,0,99.1,20049
3767.8,866,0,93.4,20055
3768.9,866,0,99.5,20055
3769.9,872,0,97.7,20074
3771.0,872,0,77.7,20055
3772.0,871,0,4.8,20067
3773.1,871,0,45.4,20117
3774.1,871,0,97.0,20108
3775.1,871,0,95.6,20151
3776.1,867,0,99.1,20165
3777.2,867,0,99.5,20160
3778.2,867,0,67.6,20109
3779.3,867,0,60.0,20150
3780.3,867,0,93.6,20144
3781.3,872,18,98.5,20140
3782.4,872,0,99.9,20140
3783.4,870,3,99.7,20133
3784.5,870,0,11.4,20119
3785.5,870,0,4.7,20116
3786.5,870,0,92.9,20147
3787.6,870,0,92.7,20158
3788.6,870,0,98.8,20158
3789.7,870,0,99.2,20153
3790.7,866,0,97.4,20124
3791.7,866,0,4.8,20133
3792.8,866,0,54.3,20122
3793.8,866,0,90.9,20119
3794.9,866,0,98.4,20116
3795.9,866,0,96.9,20117
3796.9,866,0,34.9,20100
3797.9,866,0,4.4,20110
3799.0,866,0,23.5,20126
3800.0,866,0,98.7,20126
3801.0,866,0,94.8,20126
3802.1,866,0,99.8,20119
3803.1,866,0,97.4,20120
3804.2,866,0,33.3,20093
3805.2,866,0,25.8,20120
3806.3,866,0,99.5,20120
3807.3,866,0,92.5,20119
3808.3,866,0,97.8,20120
3809.4,866,0,99.0,20121
3810.4,866,0,98.5,20087
3811.5,866,0,58.0,20133
3812.5,866,0,95.7,20140
3813.6,866,0,98.8,20137
3814.6,866,0,97.6,20144
3815.7,866,0,98.3,20147
3816.7,866,0,52.9,20110
3817.7,866,0,50.9,20137
3818.7,866,0,93.2,20142
3819.8,866,0,97.2,20141
3820.8,866,0,96.9,20134
3821.9,871,0,65.1,20110
3822.9,871,0,4.7,20106
3823.9,870,0,13.9,20152
3825.0,870,0,87.9,20156
3826.0,870,0,95.6,20165
3827.0,866,0,96.0,20163
3828.1,866,0,78.3,20121
3829.1,866,0,19.8,20130
3830.1,866,0,93.8,20127
3831.1,866,0,98.1,20145
3832.2,866,0,97.2,20143
3833.2,866,0,97.9,20145
3834.2,866,0,22.4,20160
3835.3,866,0,5.6,20142
3836.3,910,0,4.8,20149
3837.3,910,0,4.6,20151
3838.3,904,0,4.6,20153
3839.4,901,0,4.6,20161
3840.4,901,0,4.6,20168
3841.4,901,0,4.6,20159
3842.4,873,0,4.9,20144
3843.4,869,0,4.9,20130
3844.5,909,0,4.8,20132
3845.5,909,0,4.7,20148
3846.5,904,0,4.6,20148
3847.5,901,0,4.7,20145
3848.5,909,0,4.7,20152
3849.6,909,0,4.7,20151
3850.6,904,0,71.9,20183
3851.6,909,0,90.3,20190
3852.7,900,0,94.8,20196
3853.7,902,0,96.6,20185
3854.8,902,0,24.6,20136
3855.8,901,0,4.5,20139
3856.8,869,0,4.4,20144
3857.8,869,0,4.6,20136
3858.8,869,0,4.6,20142
3859.9,869,0,4.6,20159
3860.9,869,0,4.5,20163
3861.9,869,0,4.6,20152
3862.9,869,0,14.7,20173
3864.0,869,0,98.3,20188
3865.0,869,0,94.5,20196
3866.1,874,0,99.5,20201
3867.2,874,0,97.7,20206
3868.2,874,0,98.5,20204
3869.2,873,0,17.8,20179
3870.3,873,0,4.6,20177
3871.3,869,0,87.7,20217
3872.3,869,0,93.4,20221
3873.3,869,0,96.7,20226
3874.4,869,0,99.2,20225
3875.4,869,0,32.0,20165
3876.4,869,0,9.5,20211
3877.5,869,0,98.3,20217
3878.5,869,0,92.7,20211
3879.6,869,0,99.5,20214
3880.6,869,0,99.2,20206
3881.7,869,0,37.1,20155
3882.7,874,0,4.8,20167
3883.7,874,0,4.5,20168
3884.7,873,0,4.8,20169
3885.7,873,0,4.6,20166
3886.8,873,0,4.7,20172
3887.8,873,0,4.6,20171
3888.8,873,0,4.4,20181
3889.8,870,0,4.6,20184
3890.8,870,0,4.7,20185
3891.9,870,0,4.5,20176
3892.9,870,0,4.6,20161
3893.9,870,0,4.7,20182
3894.9,870,0,4.6,20201
3896.0,870,0,4.4,20197
3897.0,867,0,4.5,20195
3898.0,867,0,4.7,20199
3899.0,867,0,4.8,20185
3900.0,867,0,4.8,20164
3901.1,867,0,4.7,20164
3902.1,867,0,4.6,20153
3903.1,867,0,4.7,20154
3904.1,867,0,4.8,20152
3905.1,867,0,4.7,20157
3906.2,867,0,4.7,20179
3907.2,867,0,5.0,20188
3908.2,867,0,4.9,20202
3909.2,867,0,5.0,20220
3910.2,867,0,4.8,20233
3911.3,867,0,4.8,20223
3912.3,867,0,4.9,20223
3913.3,867,0,4.9,20243
3914.3,867,0,5.0,20245
3915.4,867,0,5.0,20241
3916.4,867,0,5.0,20233
3917.4,867,0,4.9,20227
3918.4,867,0,5.0,20222
3919.4,867,0,4.7,20216
3920.5,872,0,5.1,20247
3921.5,872,0,4.9,20253
3922.5,870,0,58.5,20346
3923.5,870,0,95.8,20332
3924.6,870,0,96.3,20345
3925.6,866,0,98.6,20340
3926.6,866,0,99.7,20334
3927.7,866,0,99.5,20331
3928.7,866,0,54.0,20290
3929.7,910,0,4.6,20306
3930.8,910,0,45.7,20335
3931.8,904,0,93.0,20356
3932.9,901,0,98.5,20373
3933.9,901,0,96.7,20400
3935.0,901,0,45.1,20327
3936.0,873,0,4.6,20365
3937.0,869,0,4.5,20369
3938.0,869,0,4.7,20368
3939.1,869,0,5.9,20296
3940.1,869,0,4.7,20262
3941.1,869,0,4.6,20257
3942.1,869,0,4.6,20249
3943.1,869,0,4.7,20281
3944.2,869,0,4.5,20275
3945.2,869,0,4.6,20289
3946.2,869,0,4.5,20281
3947.2,869,0,4.7,20285
3948.2,869,0,4.5,20294
3949.3,869,0,4.7,20289
3950.3,869,0,4.6,20285
3951.3,869,0,4.7,20285
3952.3,869,0,55.9,20290
3953.4,869,0,92.3,20285
3954.4,869,0,96.0,20281
3955.4,869,0,96.7,20269
3956.5,869,0,10.9,20247
3957.5,869,0,40.3,20267
3958.5,869,0,95.6,20257
3959.6,869,0,98.8,20261
3960.6,869,0,98.5,20257
3961.7,869,0,99.6,20242
3962.7,882,0,95.7,20234
3963.7,882,0,4.5,20227
3964.7,876,0,80.1,20259
3965.8,874,0,95.1,20258
3966.8,874,0,98.0,20261
3967.8,873,0,98.7,20268
3968.9,873,0,27.9,20237
3969.9,873,0,4.7,20239
3970.9,869,0,4.5,20235
3972.0,869,0,4.7,20241
3973.0,869,0,4.4,20250
3974.0,869,0,4.8,20246
3975.0,869,0,4.5,20255
3976.0,910,0,4.8,20258
3977.1,910,0,90.5,20330
3978.1,904,0,92.8,20366
3979.1,901,0,99.2,20358
3980.2,901,0,98.5,20362
3981.2,869,0,99.2,20354
3982.3,869,0,18.1,20299
3983.3,869,0,4.7,20307
3984.3,869,0,4.7,20312
3985.3,869,0,4.6,20308
3986.3,869,0,4.6,20298
3987.4,869,0,4.6,20302
3988.4,869,0,4.7,20289
3989.4,869,0,4.7,20292
3990.4,869,0,4.5,20297
3991.4,869,0,4.8,20299
3992.5,869,0,4.6,20298
3993.5,869,0,4.7,20342
3994.5,869,0,4.6,20347
3995.5,869,0,4.7,20349
3996.6,869,0,4.5,20339
3997.6,869,0,4.7,20358
3998.6,869,0,4.5,20348
3999.6,869,0,4.6,20355
4000.6,869,0,4.5,20354
4001.7,869,0,4.8,20348
4002.7,869,0,4.5,20342
4003.7,869,0,65.0,20355
4004.7,869,0,91.5,20363
4005.8,869,0,97.4,20361
4006.8,869,0,99.1,20389
4007.9,869,0,97.4,20404
4008.9,869,0,63.6,20374
4010.0,869,0,4.5,20406
4011.0,869,0,4.5,20400
4012.0,869,0,4.6,20402
4013.0,869,0,4.5,20411
4014.0,869,0,4.6,20434
4015.1,869,0,4.6,20425
4016.1,869,0,4.6,20416
4017.1,866,0,4.5,20410
4018.1,866,0,4.8,20403
4019.1,866,0,4.6,20404
4020.2,866,0,4.7,20442
4021.2,866,0,4.6,20472
4022.2,938,0,5.0,20485
4023.2,938,0,4.7,20497
4024.3,932,0,4.6,20520
4025.3,928,0,4.6,20521
4026.3,928,0,4.5,20520
4027.3,868,0,4.7,20511
4028.3,868,0,4.6,20507
4029.4,868,0,4.6,20511
4030.4,868,0,4.6,20509
4031.4,882,10,4.7,20500
4032.4,882,0,4.6,20491
4033.4,879,0,4.6,20489
4034.5,877,2,4.6,20487
4035.5,877,0,4.6,20476
4036.5,873,0,4.7,20477
4037.5,873,0,4.6,20494
4038.5,887,0,4.8,20493
4039.6,887,0,4.6,20494
4040.6,881,0,4.7,20521
4041.6,873,0,4.6,20520
4042.6,873,0,4.7,20544
4043.6,873,0,4.6,20532
4044.7,873,0,4.7,20544
4045.7,873,0,5.7,20535
4046.7,873,0,4.7,20539
4047.7,873,0,4.7,20527
4048.8,873,0,4.7,20519
4049.8,873,0,4.5,20521
4050.8,873,0,4.8,20515
4051.8,873,0,4.7,20508
4052.8,873,0,4.9,20503
4053.9,873,0,5.0,20500
4054.9,873,0,4.9,20502
4055.9,873,0,5.0,20510
4056.9,836,0,5.1,20537
4057.9,836,0,4.8,20547
4059.0,836,0,4.8,20561
4060.0,836,0,4.8,20575
4061.0,836,0,5.0,20586
4062.0,836,0,5.1,20598
4063.1,836,0,5.0,20591
4064.1,836,0,4.7,20599
4065.1,836,0,5.0,20604
4066.1,836,0,5.0,20601
4067.1,836,0,5.1,20596
4068.2,836,0,5.0,20589
4069.2,836,0,78.6,20595
4070.2,836,0,22.8,20589
4071.3,836,0,5.0,20602
4072.3,836,0,34.5,20612
4073.3,836,0,62.0,20626
4074.4,836,0,4.7,20638
4075.4,836,0,4.6,20643
4076.4,836,0,4.6,20653
4077.4,836,0,4.6,20681
4078.4,836,0,4.8,20673
4079.5,836,0,4.7,20677
4080.5,836,0,4.7,20671
4081.5,836,0,4.6,20664
4082.5,836,0,50.3,20744
4083.6,833,0,92.6,20774
4084.6,833,0,99.8,20790
4085.6,833,0,98.0,20780
4086.7,833,0,95.0,20760
4087.7,833,0,63.7,20800
4088.8,833,0,91.6,20811
4089.8,833,0,99.2,20806
4090.9,833,0,98.5,20795
4091.9,833,0,99.3,20802
4093.0,833,0,97.9,20731
4094.0,833,0,54.5,20788
4095.0,833,0,92.2,20801
4096.1,833,0,98.5,20794
4097.1,833,0,97.8,20792
4098.1,833,0,99.0,20797
4099.2,833,0,16.1,20778
4100.2,833,0,4.8,20811
4101.2,833,0,4.8,20836
4102.2,833,0,4.7,20854
4103.3,833,0,4.7,20879
4104.3,833,0,4.5,20904
4105.3,833,0,4.5,20901
4106.3,833,0,4.6,20899
4107.3,833,0,4.7,20892
4108.4,833,0,4.6,20892
4109.4,833,0,4.7,20895
4110.4,833,0,4.7,20926
4111.4,833,0,4.7,20938
4112.4,833,0,4.3,20957
4113.5,833,0,4.9,21012
4114.5,833,0,4.5,21019
4115.5,833,0,4.6,21011
4116.5,833,0,4.6,21015
4117.5,833,0,4.7,21021
4118.6,833,0,4.4,21056
4119.6,833,0,4.7,21060
4120.6,833,0,4.6,21060
4121.6,833,0,4.7,21066
4122.6,833,0,4.6,21125
4123.7,833,0,5.9,21137
4124.7,833,0,4.5,21164
4125.7,833,0,4.5,21173
4126.7,833,0,4.5,21180
4127.8,872,0,4.6,21223
4128.8,872,0,4.6,21257
4129.8,872,0,4.7,21229
4130.8,867,0,4.6,21242
4131.8,867,0,4.5,21245
4132.9,831,0,4.4,21250
4133.9,831,0,4.6,21263
4134.9,831,0,4.6,21276
4135.9,831,0,4.6,21286
4136.9,831,0,4.5,21276
4138.0,831,0,4.6,21275
4139.0,831,0,4.4,21272
4140.0,831,0,4.7,21309
4141.0,831,0,4.5,21299
4142.0,831,0,4.6,21302
4143.1,831,0,4.5,21291
4144.1,831,0,4.6,21294
4145.1,831,0,4.5,21288
4146.1,831,0,4.6,21279
4147.1,831,0,4.5,21269
4148.2,831,0,4.6,21267
4149.2,831,0,4.5,21261
4150.2,831,0,4.6,21272
4151.2,831,0,4.7,21283
4152.2,831,0,4.6,21316
4153.3,831,0,4.6,21331
4154.3,831,0,4.4,21356
4155.3,872,0,4.7,21367
4156.3,873,0,4.7,21367
4157.4,872,0,4.6,21362
4158.4,866,0,4.5,21381
4159.4,864,0,4.5,21393
4160.4,864,0,4.7,21461
4161.4,832,0,4.6,21470
4162.5,832,0,4.5,21480
4163.5,832,0,4.6,21469
4164.5,832,0,4.4,21467
4165.5,872,0,4.8,21463
4166.5,872,0,5.4,21454
4167.6,874,2,4.7,21504
4168.6,871,0,4.5,21534
4169.6,868,0,4.6,21530
4170.6,868,0,4.5,21555
4171.6,836,0,4.5,21535
4172.7,836,0,4.5,21544
4173.7,836,0,4.5,21552
4174.7,836,0,4.3,21552
4175.7,836,0,4.5,21571
4176.8,836,0,4.5,21562
4177.8,836,0,4.6,21539
4178.8,836,0,4.5,21544
4179.8,836,0,4.5,21547
4180.8,836,0,4.4,21538
4181.9,836,0,4.5,21530
4182.9,836,0,4.5,21529
4183.9,836,0,4.6,21523
4184.9,836,0,4.5,21522
4185.9,836,0,4.4,21524
4187.0,836,0,4.7,21555
4188.0,836,0,4.5,21560
4189.0,836,0,4.5,21565
4190.0,836,0,4.5,21581
4191.1,836,0,4.5,21604
4192.1,836,0,4.7,21610
4193.1,836,0,4.4,21599
4194.1,836,0,4.7,21592
4195.1,836,0,4.6,21594
4196.2,836,0,4.5,21592
4197.2,836,0,4.6,21598
4198.2,836,0,4.9,21630
4199.2,836,0,4.7,21642
4200.3,836,0,4.7,21654
4201.3,836,0,4.7,21662
4202.3,836,0,4.9,21668
4203.3,836,0,4.6,21672
4204.3,836,0,5.0,21672
4205.4,836,0,4.8,21666
4206.4,836,0,4.8,21659
4207.4,836,0,4.8,21647
4208.4,836,0,4.9,21649
4209.4,836,0,4.6,21642
4210.5,836,0,4.9,21661
4211.5,836,0,5.0,21685
4212.5,836,0,4.9,21701
4213.5,836,0,4.8,21709
4214.6,836,0,4.7,21733
4215.6,836,0,4.9,21740
4216.6,836,0,4.9,21740
4217.6,836,0,4.7,21725
4218.6,833,0,4.8,21713
4219.7,833,0,4.4,21713
4220.7,833,0,4.9,21749
4221.7,833,0,4.6,21760
4222.7,833,0,4.7,21776
4223.7,833,0,4.5,21797
4224.8,833,0,4.5,21804
4225.8,833,0,4.4,21799
4226.8,833,0,4.6,21801
4227.8,833,0,4.4,21795
4228.9,833,0,4.5,21787
4229.9,833,0,4.4,21779
4230.9,833,0,4.3,21765
4231.9,833,0,4.5,21770
4232.9,833,0,4.5,21762
4234.0,833,0,4.5,21757
4235.0,833,0,4.6,21757
4236.0,833,0,4.5,21755
4237.0,833,0,4.4,21751
4238.1,833,0,4.5,21751
4239.1,833,0,4.5,21767
4240.1,833,0,4.4,21746
4241.1,833,0,4.5,21747
4242.1,833,0,4.3,21753
4243.2,833,0,4.3,21747
4244.2,833,0,4.6,21776
4245.2,833,0,4.5,21808
4246.2,833,0,4.6,21793
4247.2,833,0,4.5,21797
4248.3,833,0,4.5,21795
4249.3,846,0,4.6,21787
4250.3,851,1,4.5,21782
4251.3,848,0,4.5,21775
4252.4,845,0,4.5,21764
4253.4,845,0,4.5,21769
4254.4,845,0,5.6,21755
4255.4,837,0,4.4,21753
4256.4,837,0,4.3,21747
4257.5,837,0,4.5,21760
4258.5,837,0,4.6,21758
4259.5,850,0,4.5,21768
4260.5,850,0,4.3,21761
4261.5,843,0,4.5,21753
4262.6,835,0,4.6,21771
4263.6,835,0,4.4,21775
4264.6,835,0,4.6,21799
4265.6,835,0,4.4,21787
4266.7,835,0,4.3,21781
4267.7,835,0,4.4,21797
4268.7,835,0,4.5,21788
4269.7,835,0,4.4,21791
4270.7,835,0,4.4,21784
4271.8,835,0,4.4,21770
4272.8,835,0,4.5,21770
4273.8,835,0,4.3,21764
4274.8,835,0,4.5,21751
4275.8,835,0,4.5,21751
4276.9,835,0,4.5,21751
4277.9,835,0,4.5,21740
4278.9,835,0,4.7,21743
4279.9,835,0,4.4,21768
4280.9,835,0,4.5,21784
4282.0,835,0,4.4,21796
4283.0,835,0,4.4,21789
4284.0,835,0,4.6,21800
4285.0,835,0,4.5,21812
4286.0,835,0,4.5,21817
4287.1,835,0,4.5,21813
4288.1,835,0,4.4,21824
4289.1,835,0,4.6,21817
4290.1,835,0,4.4,21807
4291.1,835,0,4.5,21806
4292.2,835,0,4.5,21796
4293.2,835,0,4.7,21781
4294.2,835,0,4.5,21778
4295.2,835,0,4.6,21764
4296.2,835,0,4.4,21769
4297.3,835,0,4.5,21773
4298.3,835,0,4.5,21772
4299.3,835,0,4.7,21762
4300.3,835,0,4.4,21768
4301.3,835,0,4.5,21778
4302.4,835,0,4.5,21779
4303.4,835,0,4.5,21798
4304.4,835,0,4.4,21793
4305.4,835,0,4.4,21823
4306.4,835,0,4.4,21816
4307.5,835,0,4.5,21821
4308.5,835,0,4.6,21829
4309.5,832,0,4.6,21819
4310.5,833,0,4.4,21814
4311.6,833,0,4.4,21805
4312.6,833,0,4.5,21802
4313.6,833,0,4.4,21793
4314.6,833,0,4.4,21790
4315.6,833,0,4.5,21787
4316.7,833,0,4.4,21801
4317.7,833,0,4.5,21801
4318.7,833,0,4.4,21807
4319.7,833,0,4.4,21821
4320.7,833,0,4.3,21840
4321.8,833,0,4.6,21850
4322.8,833,0,4.4,21858
4323.8,833,0,4.6,21870
4324.8,833,0,4.4,21871
4325.8,833,0,4.5,21880
4326.9,833,0,4.3,21875
4327.9,833,0,4.6,21873
4328.9,833,0,4.4,21863
4329.9,833,0,4.3,21859
4330.9,833,0,4.5,21856
4332.0,833,0,4.6,21846
4333.0,833,0,4.3,21845
4334.0,833,0,4.6,21835
4335.0,833,0,4.5,21831
4336.0,833,0,4.5,21833
4337.1,833,0,4.4,21836
4338.1,833,0,4.4,21866
4339.1,833,0,4.6,21866
4340.1,833,0,4.6,21893
4341.1,833,0,4.3,21908
4342.2,833,0,4.7,21918
4343.2,833,0,4.6,21918
4344.2,833,0,4.6,21914
4345.2,833,0,4.4,21900
4346.3,833,0,4.6,21902
4347.3,833,0,4.9,21894
4348.3,833,0,4.6,21887
4349.3,833,0,4.7,21910
4350.3,833,0,4.7,21921
4351.4,833,0,4.7,21931
4352.4,845,0,4.8,21939
4353.4,845,0,4.8,21945
4354.4,847,0,4.9,21936
4355.4,844,0,4.8,21922
4356.5,844,0,4.6,21935
4357.5,836,0,4.8,21953
4358.5,836,0,4.7,21947
4359.5,836,0,4.9,21939
4360.6,850,0,4.9,21922
4361.6,850,0,4.6,21907
4362.6,847,0,5.1,21905
4363.6,844,0,4.9,21906
4364.6,844,0,4.7,21905
4365.7,836,0,4.6,21904
4366.7,836,0,4.4,21900
4367.7,836,0,4.9,21881
4368.7,836,0,4.6,21885
4369.7,836,0,4.7,21877
4370.8,836,0,4.5,21867
4371.8,836,0,4.6,21865
4372.8,836,0,4.3,21868
4373.8,836,0,4.7,21891
4374.9,836,0,4.5,21898
4375.9,836,0,4.6,21917
4376.9,836,0,4.4,21907
4377.9,836,0,4.2,21913
4378.9,836,0,4.5,21922
4379.9,836,0,4.6,21922
4381.0,836,0,4.4,21940
4382.0,836,0,4.5,21929
4383.0,836,0,4.4,21925
4384.0,836,0,4.4,21915
4385.1,836,0,4.2,21911
4386.1,836,0,4.5,21896
4387.1,836,0,4.3,21897
4388.1,836,0,4.6,21885
4389.1,836,0,4.4,21879
4390.2,836,0,4.3,21884
4391.2,836,0,4.4,21872
4392.2,836,0,4.5,21869
4393.2,836,0,4.4,21861
4394.2,836,0,4.3,21858
4395.3,836,0,4.4,21861
4396.3,836,0,4.6,21869
4397.3,836,0,4.4,21892
4398.3,836,0,4.4,21906
4399.3,836,0,4.5,21894
4400.4,836,0,4.7,21919
4401.4,836,0,4.2,21931
4402.4,836,0,4.6,21930
4403.4,836,0,4.3,21933
4404.4,836,0,4.6,21919
4405.5,836,0,4.4,21917
4406.5,836,0,4.3,21910
4407.5,836,0,4.4,21910
4408.5,836,0,4.7,21903
4409.5,836,0,4.2,21929
4410.6,836,0,4.5,21940
4411.6,836,0,4.4,21934
4412.6,836,0,4.5,21936
4413.6,833,0,4.3,21937
4414.6,833,0,4.5,21948
4415.7,833,0,4.4,21956
4416.7,833,0,4.3,21975
4417.7,833,0,4.6,21971
4418.7,833,0,4.5,21959
4419.7,833,0,4.4,21956
4420.8,833,0,4.5,21948
4421.8,833,0,4.6,21941
4422.8,833,0,4.2,21929
4423.8,833,0,4.5,21932
4424.8,833,0,4.4,21923
4425.9,833,0,4.4,21909
4426.9,833,0,4.4,21910
4427.9,833,0,4.5,21898
4428.9,833,0,4.6,21895
4430.0,833,0,4.3,21893
4431.0,833,0,4.6,21910
4432.0,833,0,4.6,21916
4433.0,833,0,4.2,21925
4434.0,833,0,8.1,22004
4435.1,833,0,4.2,22008
4436.1,833,0,4.5,22003
4437.1,833,0,4.4,21994
4438.1,833,0,4.5,21987
4439.1,833,0,4.2,21981
4440.2,833,0,4.5,21971
4441.2,833,0,4.4,21979
4442.2,833,0,5.4,21940
4443.2,833,0,5.6,21938
4444.2,833,0,4.5,21947
4445.3,833,0,4.2,21939
4446.3,833,0,4.5,21930
4447.3,833,0,4.5,21933
4448.3,833,0,4.2,21930
4449.3,833,0,4.3,21931
4450.4,833,0,4.7,21941
4451.4,833,0,4.2,21947
4452.4,833,0,4.5,21954
4453.4,833,0,4.4,21957
4454.4,833,0,4.5,21972
4455.5,833,0,4.4,21973
4456.5,833,0,4.6,21977
4457.5,833,0,4.3,21978
4458.5,833,0,4.6,21992
4459.5,833,0,4.3,21993
4460.6,833,0,4.7,21979
4461.6,833,0,4.5,21978
4462.6,833,0,4.4,21974
4463.6,833,0,4.6,21976
4464.6,833,0,4.5,22005
4465.7,833,0,4.2,22025
4466.7,833,0,4.6,22052
4467.7,833,0,4.5,22072
4468.7,833,0,4.3,22069
4469.7,833,0,4.5,22069
4470.8,833,0,4.6,22059
4471.8,833,0,4.3,22057
4472.8,833,0,4.7,22053
4473.8,901,34,5.0,22040
4474.9,901,0,4.5,22032
4475.9,895,1,4.3,22030
4476.9,892,0,4.6,22022
4477.9,892,0,4.4,22018
4478.9,832,4,4.2,22009
4480.0,832,0,4.5,22001
4481.0,832,0,4.5,22006
4482.0,832,0,4.4,21988
4483.0,832,0,4.2,21989
4484.0,873,0,4.6,21994
4485.1,873,0,4.6,22011
4486.1,872,0,4.4,22020
4487.1,867,0,4.6,22029
4488.1,864,0,4.2,22049
4489.2,864,0,4.6,22062
4490.2,837,0,4.5,22049
4491.2,837,0,4.6,22050
4492.2,837,0,4.3,22063
4493.2,837,0,4.6,22054
4494.3,837,0,4.6,22054
4495.3,837,0,4.6,22047
4496.3,837,0,4.4,22043
4497.3,837,0,4.8,22035
4498.3,837,0,4.7,22028
4499.4,837,0,4.8,22017
4500.4,837,0,4.5,22015
4501.4,837,0,4.8,22016
4502.4,837,0,4.8,22010
4503.4,837,0,4.8,22045
4504.5,837,0,4.5,22049
4505.5,837,0,4.8,22064
4506.5,837,0,4.7,22058
4507.5,837,0,4.5,22058
4508.5,850,0,4.8,22054
4509.6,850,0,4.9,22057
4510.6,847,0,4.7,22058
4511.6,845,0,4.6,22072
4512.6,845,0,4.7,22067
4513.6,837,0,4.8,22075
4514.7,837,0,4.5,22057
4515.7,837,0,4.6,22051
4516.7,837,0,4.6,22049
4517.7,837,0,4.6,22039
4518.8,837,0,4.5,22043
4519.8,837,0,4.6,22027
4520.8,837,0,5.5,22044
4521.8,837,0,4.5,22068
4522.8,837,0,4.2,22069
4523.9,837,0,4.5,22068
4524.9,837,0,4.4,22076
4525.9,837,0,4.5,22081
4526.9,837,0,4.2,22092
4527.9,837,0,4.7,22108
4529.0,837,0,4.4,22112
4530.0,837,0,4.4,22114
4531.0,837,0,4.2,22119
4532.0,837,0,4.4,22121
4533.0,837,0,4.5,22113
4534.1,837,0,4.5,22113
4535.1,836,0,4.3,22100
4536.1,836,0,4.4,22101
4537.1,836,0,4.4,22080
4538.1,836,0,4.1,22092
4539.2,836,0,4.5,22081
4540.2,836,0,4.2,22064
4541.2,836,0,4.4,22065
4542.2,850,0,4.5,22056
4543.2,850,0,4.3,22043
4544.3,847,0,4.5,22036
4545.3,844,0,4.4,22044
4546.3,844,0,4.1,22039
4547.3,836,0,4.6,22031
4548.4,836,0,4.5,22033
4549.4,836,0,4.5,22038
4550.4,837,0,4.1,22033
4551.4,837,0,4.6,22038
4552.4,837,0,4.5,22073
4553.5,837,0,4.3,22065
4554.5,837,0,4.4,22072
4555.5,837,0,4.6,22083
4556.5,837,0,4.1,22080
4557.5,837,0,4.5,22106
4558.6,837,0,4.4,22097
4559.6,837,0,4.5,22087
4560.6,837,0,4.2,22080
4561.6,837,0,4.6,22073
4562.6,837,0,4.4,22075
4563.7,837,0,4.5,22060
4564.7,837,0,4.2,22054
4565.7,837,0,4.4,22052
4566.7,837,0,4.4,22044
4567.7,837,0,4.4,22036
4568.8,877,0,4.3,22044
4569.8,877,0,4.6,22057
4570.8,872,0,4.5,22072
4571.8,869,0,4.4,22070
4572.9,869,0,4.2,22090
4573.9,833,0,4.6,22102
4574.9,833,0,4.4,22115
4575.9,833,0,4.4,22113
4576.9,833,0,4.2,22104
4578.0,833,0,4.5,22115
4579.0,833,0,4.3,22105
4580.0,833,0,4.3,22105
4581.0,833,0,4.4,22091
4582.0,833,0,4.5,22085
4583.1,833,0,4.3,22069
4584.1,833,0,4.1,22073
4585.1,833,0,4.6,22067
4586.1,833,0,4.6,22067
4587.1,833,0,4.3,22088
4588.2,833,0,4.6,22117
4589.2,833,0,4.3,22129
4590.2,833,0,4.3,22124
4591.2,833,0,4.4,22130
4592.3,833,0,4.5,22142
4593.3,833,0,4.3,22129
4594.3,833,0,4.3,22128
4595.3,833,0,4.4,22151
4596.3,833,0,4.5,22140
4597.4,833,0,4.4,22131
4598.4,833,0,4.2,22136
4599.4,833,0,4.5,22120
4600.4,833,0,4.6,22111
4601.4,833,0,4.1,22106
4602.5,833,0,4.5,22105
4603.5,833,0,4.5,22102
4604.5,833,0,4.3,22095
4605.5,833,0,4.4,22085
4606.6,846,47,5.7,22098
4607.6,846,0,4.4,22115
4608.6,843,0,4.5,22127
4609.6,841,2,4.3,22121
4610.6,850,0,4.4,22143
4611.7,850,0,4.4,22144
4612.7,848,0,4.4,22158
4613.7,845,0,4.3,22168
4614.7,845,0,4.5,22151
4615.7,837,0,4.2,22155
4616.8,837,0,4.4,22155
4617.8,837,0,4.5,22150
4618.8,837,0,4.3,22154
4619.8,837,0,4.6,22144
4620.9,837,0,4.2,22145
4621.9,837,0,4.4,22142
4622.9,837,0,4.5,22143
4623.9,837,0,4.4,22149
4624.9,837,0,4.5,22173
4626.0,837,0,4.5,22182
4627.0,837,0,4.2,22199
4628.0,837,0,4.5,22206
4629.0,837,0,4.2,22205
4630.0,837,0,4.5,22203
4631.1,837,0,4.4,22202
4632.1,837,0,4.3,22193
4633.1,837,0,4.3,22202
4634.1,837,0,4.5,22196
4635.1,837,0,4.1,22190
4636.2,837,0,4.5,22181
4637.2,837,0,4.4,22164
4638.2,837,0,4.6,22157
4639.2,837,0,4.3,22162
4640.2,837,0,4.7,22147
4641.3,837,0,4.4,22152
4642.3,837,0,4.3,22147
4643.3,837,0,4.6,22146
4644.3,837,0,4.6,22061
4645.3,837,0,4.9,22088
4646.4,837,0,4.7,22106
4647.4,837,0,4.5,22125
4648.4,837,0,4.8,22161
4649.4,837,0,4.7,22186
4650.4,837,0,4.6,22168
4651.5,837,0,4.7,22170
4652.5,837,0,4.8,22187
4653.5,837,0,4.7,22235
4654.5,837,0,4.8,22227
4655.5,834,0,4.7,22223
4656.6,846,1,4.9,22210
4657.6,846,0,4.5,22202
4658.6,848,0,4.9,22209
4659.6,844,0,4.6,22196
4660.7,844,0,4.7,22188
4661.7,836,0,4.7,22181
4662.7,836,0,4.7,22184
4663.7,836,0,4.4,22180
4664.7,836,0,4.8,22160
4665.8,836,0,4.7,22154
4666.8,836,0,4.4,22168
4667.8,836,0,4.5,22163
4668.8,836,0,4.6,22153
4669.8,837,0,4.5,22161
4670.9,837,0,4.4,22156
4671.9,837,0,4.5,22163
4672.9,837,0,4.6,22181
4673.9,837,0,4.3,22187
4675.0,837,0,4.6,22193
4676.0,837,0,4.4,22201
4677.0,837,0,4.2,22205
4678.0,837,0,4.5,22202
4679.0,837,0,4.5,22210
4680.1,837,0,4.2,22220
4681.1,837,0,4.5,22223
4682.1,837,0,4.4,22215
4683.1,837,0,4.3,22209
4684.1,837,0,4.4,22204
4685.2,837,0,4.6,22199
4686.2,837,0,4.2,22192
4687.2,834,0,4.5,22199
4688.2,834,0,4.4,22194
4689.2,834,0,4.3,22213
4690.3,846,0,4.7,22237
4691.3,846,0,4.2,22247
4692.3,848,0,4.5,22250
4693.3,845,0,4.5,22238
4694.3,845,0,4.1,22233
4695.4,837,0,4.6,22257
4696.4,837,0,4.4,22237
4697.4,837,0,4.2,22240
4698.4,837,0,4.4,22232
4699.4,837,0,4.4,22237
4700.5,837,0,4.3,22245
4701.5,837,0,4.4,22244
4702.5,837,0,4.4,22239
4703.5,837,0,4.2,22235
4704.5,837,0,4.5,22238
4705.6,837,0,4.3,22240
4706.6,837,0,4.2,22239
4707.6,837,0,4.5,22257
4708.6,837,0,4.5,22268
4709.6,837,0,4.3,22270
4710.7,837,0,4.4,22282
4711.7,837,0,4.3,22276
4712.7,837,0,4.3,22284
4713.7,837,0,4.5,22306
4714.7,837,0,4.4,22299
4715.8,837,0,4.2,22304
4716.8,837,0,4.5,22295
4717.8,837,0,4.4,22274
4718.8,837,0,4.4,22276
4719.8,837,0,4.5,22278
4720.9,834,0,4.3,22265
4721.9,834,0,4.3,22257
4722.9,834,0,5.1,22391
4723.9,834,0,4.3,22395
4724.9,834,0,4.5,22393
4726.0,846,0,4.3,22391
4727.0,846,0,4.4,22382
4728.0,848,0,6.1,22379
4729.0,845,0,4.2,22375
4730.0,845,0,4.4,22367
4731.1,837,0,4.6,22366
4732.1,837,0,4.2,22354
4733.1,837,0,4.3,22343
4734.1,837,0,4.4,22342
4735.2,837,0,4.3,22326
4736.2,837,0,4.5,22328
4737.2,837,0,4.5,22320
4738.2,837,0,4.3,22320
4739.2,837,0,4.5,22310
4740.3,837,0,4.2,22310
4741.3,837,0,4.5,22269
4742.3,837,0,4.7,22292
4743.3,837,0,4.2,22315
4744.3,837,0,4.4,22327
4745.4,837,0,4.5,22339
4746.4,837,0,4.4,22358
4747.4,837,0,4.6,22359
4748.4,837,0,4.5,22373
4749.4,837,0,4.2,22376
4750.5,837,0,4.5,22388
4751.5,837,0,4.5,22378
4752.5,837,0,4.3,22385
4753.5,837,0,4.5,22367
4754.5,837,0,4.1,22363
4755.6,837,0,4.6,22362
4756.6,837,0,4.4,22355
4757.6,837,0,4.3,22351
4758.6,837,0,4.4,22348
4759.6,837,0,4.5,22337
4760.7,837,0,4.3,22342
4761.7,837,0,4.5,22328
4762.7,837,0,4.4,22334
4763.7,837,0,4.6,22353
4764.7,837,0,4.3,22365
4765.8,850,20,4.6,22382
4766.8,850,0,4.3,22399
4767.8,848,0,4.4,22396
4768.8,845,2,4.5,22398
4769.8,845,0,4.4,22404
4770.9,837,0,4.0,22380
4771.9,837,0,4.7,22385
4772.9,837,0,4.5,22394
4773.9,837,0,4.2,22388
4775.0,837,0,4.5,22383
4776.0,837,0,4.4,22373
4777.0,837,0,4.1,22370
4778.0,837,0,4.4,22364
4779.0,837,0,4.4,22357
4780.0,837,0,4.5,22348
4781.1,837,0,4.2,22352
4782.1,837,0,4.6,22349
4783.1,837,0,4.4,22350
4784.1,837,0,4.1,22369
4785.2,837,0,4.4,22372
4786.2,837,0,4.5,22382
4787.2,837,0,4.3,22419
4788.2,837,0,4.6,22416
4789.2,837,0,4.4,22416
4790.3,837,0,4.2,22437
4791.3,837,0,4.4,22428
4792.3,837,0,4.6,22431
4793.3,837,0,4.6,22415
4794.3,837,0,4.3,22419
4795.4,837,0,4.6,22406
4796.4,837,0,4.7,22396
4797.4,837,0,4.5,22391
4798.4,837,0,4.6,22393
4799.4,837,0,4.7,22386
4800.5,837,0,4.8,22380
4801.5,837,0,4.4,22377
4802.5,837,0,4.7,22374
4803.5,837,0,4.7,22372
4804.5,837,0,4.6,22362
4805.6,837,0,4.9,22371
4806.6,837,0,4.7,22402
4807.6,837,0,4.7,22411
4808.6,837,0,4.7,22403
4809.6,837,0,4.8,22411
4810.7,837,0,4.7,22417
4811.7,834,0,4.6,22420
4812.7,834,0,4.8,22419
4813.7,834,0,4.3,22426
4814.8,834,0,4.5,22430
4815.8,834,0,4.7,22434
4816.8,834,0,4.3,22433
4817.8,834,0,4.6,22426
4818.8,834,0,4.4,22423
4819.9,847,0,4.9,22461
4820.9,847,0,4.5,22469
4821.9,849,0,4.5,22476
4822.9,845,0,4.1,22485
4823.9,845,0,4.3,22492
4825.0,837,0,4.5,22481
4826.0,837,0,4.2,22504
4827.0,837,0,4.6,22492
4828.0,837,0,4.4,22471
4829.0,837,0,4.2,22471
4830.1,837,0,4.6,22474
4831.1,837,0,4.3,22470
4832.1,837,0,4.2,22466
4833.1,837,0,4.3,22463
4834.2,837,0,4.7,22452
4835.2,837,0,4.3,22446
4836.2,837,0,4.5,22445
4837.2,837,0,4.3,22446
4838.2,837,0,4.1,22443
4839.3,837,0,4.4,22437
4840.3,837,0,4.4,22414
4841.3,837,0,4.2,22415
4842.3,850,0,4.6,22429
4843.3,850,0,4.3,22427
4844.4,848,0,4.2,22421
4845.4,845,0,4.4,22431
4846.4,845,0,4.4,22437
4847.4,837,0,4.3,22461
4848.5,837,0,4.2,22464
4849.5,837,0,4.4,22469
4850.5,837,0,4.5,22474
4851.5,837,0,4.2,22466
4852.5,837,0,4.5,22470
4853.6,837,0,4.4,22454
4854.6,837,0,4.4,22460
4855.6,837,0,4.2,22441
4856.6,837,0,4.5,22445
4857.6,837,0,4.4,22439
4858.7,837,0,4.3,22438
4859.7,837,0,4.3,22430
4860.7,837,0,4.5,22421
4861.7,837,0,4.2,22414
4862.7,837,0,4.4,22415
4863.8,837,0,4.5,22413
4864.8,837,0,4.2,22410
4865.8,837,0,4.4,22410
4866.8,837,0,4.5,22424
4867.9,837,0,4.4,22443
4868.9,837,0,4.2,22463
4869.9,837,0,4.5,22459
4870.9,837,0,4.4,22466
4871.9,837,0,4.2,22475
4873.0,837,0,4.5,22471
4874.0,837,0,4.4,22460
4875.0,837,0,4.2,22468
4876.0,837,0,4.4,22460
4877.0,837,0,4.4,22453
4878.1,837,0,4.3,22450
4879.1,837,0,4.4,22448
4880.1,837,0,4.6,22443
4881.1,901,0,4.7,22443
4882.1,893,3,4.2,22435
4883.2,893,0,4.5,22437
4884.2,893,0,4.3,22466
4885.2,893,0,4.6,22493
4886.2,833,0,4.4,22498
4887.3,833,0,4.3,22494
4888.3,833,0,4.2,22484
4889.3,833,0,4.5,22483
4890.3,833,0,4.4,22496
4891.3,833,0,4.3,22501
4892.4,833,0,4.5,22496
4893.4,833,0,4.5,22517
4894.4,833,0,4.2,22506
4895.4,833,0,4.6,22482
4896.4,833,0,4.4,22488
4897.5,833,0,4.3,22483
4898.5,833,0,4.5,22477
4899.5,833,0,4.5,22481
4900.5,833,0,4.2,22465
4901.5,833,0,4.4,22467
4902.6,833,0,4.3,22455
4903.6,833,0,4.1,22451
4904.6,833,0,4.4,22458
4905.6,833,0,4.6,22476
4906.7,833,0,4.2,22487
4907.7,833,0,4.4,22483
4908.7,833,0,4.5,22486
4909.7,833,0,4.1,22502
4910.7,833,0,4.5,22519
4911.8,833,0,4.3,22516
4912.8,833,0,4.3,22528
4913.8,833,0,4.4,22519
4914.8,833,0,4.5,22511
4915.8,833,0,4.4,22512
4916.9,833,0,4.6,22497
4917.9,833,0,4.4,22496
4918.9,833,0,4.5,22479
4919.9,833,0,4.7,22484
4921.0,833,0,4.7,22491
4922.0,833,0,4.8,22482
4923.0,833,0,5.0,22503
4924.0,833,0,4.4,22513
4925.0,833,0,4.9,22527
4926.1,833,0,4.7,22532
4927.1,833,0,4.6,22536
4928.1,843,0,4.9,22530
4929.1,837,0,4.5,22526
4930.1,837,0,4.8,22527
4931.2,837,0,4.7,22524
4932.2,837,0,4.6,22513
4933.2,837,0,4.7,22512
4934.2,837,0,4.3,22503
4935.2,837,0,4.9,22523
4936.3,837,0,4.4,22539
4937.3,837,0,4.6,22548
4938.3,837,0,4.5,22562
4939.3,837,0,4.3,22561
4940.3,837,0,4.6,22551
4941.4,836,0,4.3,22580
4942.4,836,0,4.4,22578
4943.4,836,0,4.4,22571
4944.4,836,0,4.2,22563
4945.4,836,0,4.6,22562
4946.5,836,0,4.2,22546
4947.5,836,0,4.5,22541
4948.5,836,0,4.4,22548
4949.5,836,0,4.3,22540
4950.6,836,0,4.5,22531
4951.6,836,0,4.2,22531
4952.6,836,0,4.5,22524
4953.6,836,0,4.3,22527
4954.6,836,0,4.4,22525
4955.7,836,0,4.6,22555
4956.7,836,0,4.2,22567
4957.7,836,0,4.5,22565
4958.7,836,0,4.3,22575
4959.7,836,0,4.2,22570
4960.8,836,0,4.5,22582
4961.8,836,0,4.4,22582
4962.8,836,0,4.2,22607
4963.8,836,0,4.4,22583
4964.8,836,0,4.2,22566
4965.9,836,0,4.3,22581
4966.9,836,0,4.4,22570
4967.9,836,0,4.3,22568
4968.9,836,0,4.3,22568
4969.9,836,0,4.5,22552
4971.0,836,0,4.2,22558
4972.0,834,0,4.5,22547
4973.0,834,0,4.3,22547
4974.0,834,0,4.3,22535
4975.0,834,0,4.5,22535
4976.1,834,0,4.2,22531
4977.1,834,0,4.5,22529
4978.1,834,0,4.2,22525
4979.1,834,0,4.4,22524
4980.2,834,0,4.4,22543
4981.2,834,0,4.3,22531
4982.2,834,0,4.4,22540
4983.2,834,0,4.1,22546
4984.2,834,0,4.6,22554
4985.2,834,0,4.3,22564
4986.3,834,0,4.6,22563
4987.3,834,0,4.1,22582
4988.3,834,0,4.6,22574
4989.3,834,0,4.1,22569
4990.4,834,0,5.2,22595
4991.4,834,0,4.1,22594
4992.4,834,0,4.5,22588
4993.4,846,0,4.3,22580
4994.4,846,0,4.4,22578
4995.5,842,0,4.2,22574
4996.5,884,12,6.2,22561
4997.5,879,0,4.2,22560
4998.5,872,0,4.6,22564
4999.5,872,0,4.3,22570
5000.6,872,0,4.7,22592
5001.6,833,0,4.2,22596
5002.6,833,0,4.3,22612
5003.6,833,0,4.4,22596
5004.7,833,0,6.6,22599
5005.7,833,0,4.2,22608
5006.7,833,0,4.4,22632
5007.7,833,0,4.4,22625
5008.7,833,0,4.3,22610
5009.8,833,0,4.4,22613
5010.8,839,13,4.3,22598
5011.8,839,0,4.5,22598
5012.8,834,1,4.5,22588
5013.8,834,0,4.3,22591
5014.9,834,0,4.6,22582
5015.9,832,0,4.2,22579
5016.9,832,0,4.4,22574
5017.9,832,0,4.4,22570
5018.9,874,70,4.4,22560
5020.0,874,0,4.6,22551
5021.0,867,0,4.2,22550
5022.0,872,0,4.8,22543
5023.0,865,0,4.5,22548
5024.1,866,0,4.4,22550
5025.1,866,0,4.5,22585
5026.1,869,7,4.5,22595
5027.1,845,2,4.1,22602
5028.1,841,0,4.7,22602
5029.2,841,0,4.3,22611
5030.2,841,0,4.5,22611
5031.2,835,0,4.1,22617
5032.2,835,0,4.6,22615
5033.2,835,0,4.1,22611
5034.3,835,0,8.2,22647
5035.3,835,0,4.2,22628
5036.3,835,0,4.7,22631
5037.3,835,0,4.2,22655
5038.3,835,0,4.6,22641
5039.4,835,0,4.2,22643
5040.4,835,0,4.8,22635
5041.4,841,14,4.5,22651
5042.4,841,0,4.7,22627
5043.4,837,0,5.0,22635
5044.5,837,0,4.6,22633
5045.5,837,0,4.8,22634
5046.5,833,0,4.6,22619
5047.5,833,0,4.6,22638
5048.6,833,0,4.6,22603
5049.6,833,0,4.6,22604
5050.6,833,0,4.8,22594
5051.6,833,0,4.7,22609
5052.6,833,0,4.6,22611
5053.7,833,0,4.7,22604
5054.7,831,0,4.8,22633
5055.7,837,0,4.5,22631
5056.7,837,16,4.6,22632
5057.7,833,0,4.5,22622
5058.8,833,0,4.5,22616
5059.8,833,0,4.6,22612
5060.8,831,0,4.5,22602
5061.8,831,0,4.4,22598
5062.9,831,0,4.2,22591
5063.9,831,0,4.4,22585
5064.9,831,0,4.4,22587
5065.9,831,0,4.2,22578
5066.9,831,0,4.6,22576
5068.0,831,0,4.3,22592
5069.0,847,0,4.7,22591
5070.0,847,0,4.1,22596
5071.0,847,7,4.6,22624
5072.0,845,0,4.3,22642
5073.1,841,0,4.2,22635
5074.1,841,0,4.3,22641
5075.1,837,0,4.5,22652
5076.1,835,0,4.3,22631
5077.1,835,0,4.5,22638
5078.2,835,0,4.1,22620
5079.2,835,0,4.4,22618
5080.2,835,0,4.4,22615
5081.2,835,0,4.2,22611
5082.3,835,0,4.4,22603
5083.3,835,0,4.5,22597
5084.3,835,0,4.1,22594
5085.3,835,0,4.6,22584
5086.3,841,23,4.2,22576
5087.4,841,0,4.5,22574
5088.4,837,0,4.3,22566
5089.4,837,0,4.2,22561
5090.4,837,0,4.5,22574
5091.4,833,0,4.4,22584
5092.5,833,0,4.3,22595
5093.5,833,0,4.4,22606
5094.5,833,0,4.3,22617
5095.5,833,0,4.5,22604
5096.6,833,0,4.3,22612
5097.6,833,0,4.4,22615
5098.6,833,0,4.2,22606
5099.6,833,0,4.3,22632
5100.6,837,0,4.6,22629
5101.7,839,33,4.2,22626
5102.7,834,0,4.5,22647
5103.7,834,0,4.1,22641
5104.7,834,0,4.5,22634
5105.7,833,0,4.4,22638
5106.8,833,0,4.2,22629
5107.8,833,0,4.6,22628
5108.8,833,0,4.3,22607
5109.8,833,0,4.4,22609
5110.9,833,0,4.3,22599
5111.9,833,0,4.4,22589
5112.9,833,0,4.1,22597
5113.9,833,0,4.3,22591
5114.9,830,0,4.6,22572
5116.0,836,0,4.4,22596
5117.0,836,0,4.5,22609
5118.0,831,0,4.1,22618
5119.0,831,0,4.5,22634
5120.0,831,0,4.5,22679
5121.1,844,0,4.3,22684
5122.1,844,0,4.5,22689
5123.1,840,0,4.4,22684
5124.1,840,0,4.2,22683
5125.1,836,0,4.5,22669
5126.2,836,0,4.3,22682
5127.2,836,0,4.5,22667
5128.2,836,0,4.3,22667
5129.2,836,0,4.2,22660
5130.2,836,0,4.4,22641
5131.3,842,2,4.6,22639
5132.3,842,0,4.2,22647
5133.3,839,0,4.2,22639
5134.3,838,0,4.4,22634
5135.4,838,0,4.2,22628
5136.4,832,0,4.4,22622
5137.4,832,0,4.4,22623
5138.4,832,0,4.2,22627
5139.4,832,0,4.5,22645
5140.5,832,0,4.4,22627
5141.5,832,0,4.3,22617
5142.5,832,0,4.4,22629
5143.5,832,0,4.4,22627
5144.6,832,0,4.4,22618
5145.6,832,0,4.6,22617
5146.6,838,5,4.4,22627
5147.6,838,0,4.6,22655
5148.6,834,0,4.2,22661
5149.7,834,0,4.4,22680
5150.7,833,0,4.3,22683
5151.7,833,0,4.6,22680
5152.7,833,0,4.2,22673
5153.7,833,0,4.5,22677
5154.8,833,0,4.4,22667
5155.8,833,0,4.3,22665
5156.8,833,0,4.5,22654
5157.8,833,0,4.2,22643
5158.8,833,0,4.5,22642
5159.9,833,0,4.4,22638
5160.9,838,5,4.5,22630
5161.9,838,0,4.5,22625
5162.9,834,0,4.3,22619
5163.9,834,0,4.5,22619
5165.0,834,0,4.4,22605
5166.0,833,0,4.8,22628
5167.0,833,0,4.2,22627
5168.0,833,0,4.8,22651
5169.1,833,0,4.4,22647
5170.1,833,0,4.8,22640
5171.1,833,0,4.7,22641
5172.1,833,0,4.5,22646
5173.1,833,0,4.7,22663
5174.2,830,0,4.6,22666
5175.2,830,0,4.8,22682
5176.2,835,6,4.6,22697
5177.2,835,0,4.7,22674
5178.2,831,0,4.7,22677
5179.3,831,0,4.5,22687
5180.3,831,0,5.0,22695
5181.3,830,0,4.5,22685
5182.3,830,0,4.8,22673
5183.3,830,0,4.3,22673
5184.4,830,0,4.7,22667
5185.4,830,0,4.5,22665
5186.4,830,0,4.4,22656
5187.4,830,0,4.6,22656
5188.4,830,0,4.5,22664
5189.5,830,0,4.5,22671
5190.5,830,0,4.5,22674
5191.5,833,7,4.4,22695
5192.5,833,0,4.4,22695
5193.5,829,1,4.5,22705
5194.6,829,0,4.4,22706
5195.6,829,0,4.6,22716
5196.6,827,0,4.1,22722
5197.6,827,0,4.5,22721
5198.7,827,0,4.3,22696
5199.7,827,0,4.2,22703
5200.7,827,0,4.5,22706
5201.7,827,0,4.2,22704
5202.7,827,0,4.5,22704
5203.8,827,0,4.4,22704
5204.8,827,0,4.2,22701
5205.8,833,7,4.6,22695
5206.8,833,0,4.4,22684
5207.8,844,0,4.5,22683
5208.9,837,3,4.4,22677
5209.9,844,0,4.3,22675
5210.9,852,0,4.7,22665
5211.9,850,0,4.2,22660
5212.9,889,0,4.7,22653
5214.0,886,0,4.4,22687
5215.0,878,0,4.4,22696
5216.0,878,0,4.5,22690
5217.0,878,0,4.1,22698
5218.1,840,0,4.4,22699
5219.1,840,0,4.3,22690
5220.1,840,0,4.2,22698
5221.1,840,0,4.6,22736
5222.1,840,0,4.2,22749
5223.2,840,0,4.4,22747
5224.2,840,0,4.2,22729
5225.2,840,0,4.4,22746
5226.2,840,0,4.5,22746
5227.2,840,0,4.0,22739
5228.3,840,0,4.4,22721
5229.3,840,0,4.3,22718
5230.3,840,0,4.5,22720
5231.3,840,0,4.4,22703
5232.3,840,0,4.2,22698
5233.4,840,0,4.3,22696
5234.4,840,0,4.4,22577
5235.4,840,0,4.3,22627
5236.4,840,0,4.6,22652
5237.5,840,0,4.2,22665
5238.5,840,0,4.5,22696
5239.5,840,0,4.1,22715
5240.5,840,0,4.7,22732
5241.5,840,0,4.3,22753
5242.6,840,0,4.2,22757
5243.6,840,0,4.3,22735
5244.6,840,0,4.5,22742
5245.6,840,0,4.1,22736
5246.6,840,0,4.5,22747
5247.7,840,0,4.3,22744
5248.7,840,0,4.3,22738
5249.7,840,0,4.4,22750
5250.7,840,0,4.3,22763
5251.7,840,0,4.4,22768
5252.8,840,0,4.4,22749
5253.8,840,0,4.1,22752
5254.8,840,0,4.6,22745
5255.8,840,0,4.2,22737
5256.8,840,0,4.6,22740
5257.9,840,0,4.1,22740
5258.9,840,0,4.5,22710
5259.9,840,0,4.3,22688
5260.9,840,0,4.3,22687
5262.0,840,0,4.3,22697
5263.0,840,0,4.1,22691
5264.0,837,0,4.4,22702
5265.0,837,0,4.4,22696
5266.0,837,0,4.2,22697
5267.1,837,0,4.6,22680
5268.1,837,0,4.1,22683
5269.1,837,0,4.6,22684
5270.1,837,0,4.4,22676
5271.1,837,0,4.2,22672
5272.2,837,0,4.4,22669
5273.2,837,0,4.3,22665
5274.2,837,0,4.3,22661
5275.2,837,0,4.4,22658
5276.3,837,0,4.3,22660
5277.3,837,0,4.6,22673
5278.3,837,0,4.3,22675
5279.3,837,0,4.3,22703
5280.3,837,0,4.3,22706
5281.4,837,0,4.3,22703
5282.4,837,0,4.2,22706
5283.4,837,0,4.3,22718
5284.4,837,0,4.3,22715
5285.4,837,0,4.1,22712
5286.5,837,0,4.5,22719
5287.5,837,0,4.3,22711
5288.5,837,0,4.2,22705
5289.5,837,0,4.4,22714
5290.5,837,0,4.3,22701
5291.6,837,0,4.5,22694
5292.6,837,0,4.4,22687
5293.6,837,0,4.3,22686
5294.6,837,0,4.6,22682
5295.7,837,0,4.5,22679
5296.7,837,0,4.4,22668
5297.7,837,0,4.6,22666
5298.7,837,0,4.5,22662
5299.7,837,0,4.7,22668
5300.8,837,0,4.7,22709
5301.8,837,0,4.5,22718
5302.8,837,0,4.7,22738
5303.8,837,0,4.6,22753
5304.8,837,0,4.5,22733
5305.9,837,0,4.7,22731
5306.9,837,0,4.6,22726
5307.9,837,0,4.6,22718
5308.9,837,0,4.6,22722
5309.9,837,0,4.7,22717
5311.0,837,0,4.5,22705
5312.0,837,0,4.6,22692
5313.0,837,0,4.6,22700
5314.0,837,0,4.4,22703
5315.1,837,0,4.6,22691
5316.1,837,0,4.3,22702
5317.1,837,0,4.7,22694
5318.1,837,0,4.2,22698
5319.1,837,0,4.6,22692
5320.2,837,0,4.3,22710
5321.2,837,0,4.5,22706
5322.2,837,0,4.3,22714
5323.2,837,0,7.0,22775
5324.2,837,0,4.3,22770
5325.3,837,0,4.1,22787
5326.3,837,0,4.4,22775
5327.3,876,0,4.5,22784
5328.3,876,0,4.6,22773
5329.4,872,0,4.2,22761
5330.4,868,0,4.3,22752
5331.4,868,0,4.3,22729
5332.4,880,0,5.8,22747
5333.4,880,0,4.3,22757
5334.5,875,0,4.1,22748
5335.5,872,0,4.4,22742
5336.5,872,0,4.1,22745
5337.5,840,0,4.4,22751
5338.5,840,0,4.1,22748
5339.6,840,0,4.5,22741
5340.6,840,0,4.3,22728
5341.6,840,0,4.2,22713
5342.6,840,0,4.4,22715
5343.6,840,0,4.2,22722
5344.7,840,0,4.3,22719
5345.7,840,0,4.4,22702
5346.7,840,0,4.4,22706
5347.7,840,0,4.3,22704
5348.7,840,0,4.4,22696
5349.8,840,0,4.3,22691
5350.8,840,0,4.4,22688
5351.8,840,0,4.3,22683
5352.8,840,0,4.5,22672
5353.8,840,0,4.5,22695
5354.9,840,0,4.4,22692
5355.9,840,0,4.3,22704
5356.9,840,0,4.5,22715
5357.9,840,0,4.2,22725
5358.9,840,0,4.4,22737
5360.0,840,0,4.5,22752
5361.0,840,0,4.2,22758
5362.0,840,0,4.5,22773
5363.0,840,0,4.2,22765
5364.0,840,0,4.6,22756
5365.1,840,0,4.2,22772
5366.1,840,0,4.6,22756
5367.1,840,0,4.2,22764
5368.1,840,0,4.4,22749
5369.2,840,0,4.3,22750
5370.2,840,0,4.3,22737
5371.2,840,0,4.4,22731
5372.2,840,0,4.4,22729
5373.2,840,0,4.4,22726
5374.3,881,0,4.4,22719
5375.3,881,0,4.6,22716
5376.3,875,0,4.3,22709
5377.3,872,0,4.4,22702
5378.3,872,0,4.2,22721
5379.4,840,0,4.6,22732
5380.4,840,0,4.4,22736
5381.4,840,0,4.3,22723
5382.4,840,0,4.4,22746
5383.5,840,0,4.3,22744
5384.5,840,0,4.4,22752
5385.5,840,0,4.2,22763
5386.5,840,0,4.4,22755
5387.5,840,0,4.3,22762
5388.6,839,0,4.1,22761
5389.6,839,0,4.5,22788
5390.6,840,0,4.2,22777
5391.6,840,0,4.6,22765
5392.6,840,0,4.3,22756
5393.7,840,0,4.2,22769
5394.7,840,0,4.4,22759
5395.7,840,0,4.2,22742
5396.7,840,0,4.5,22746
5397.7,840,0,4.1,22743
5398.8,840,0,4.4,22735
5399.8,840,0,4.4,22722
5400.8,840,0,4.1,22722
5401.8,840,0,4.3,22715
5402.8,840,0,4.3,22716
5403.9,840,0,4.2,22634
5404.9,840,0,4.5,22664
5405.9,840,0,4.3,22695
5406.9,840,0,4.4,22701
5407.9,840,0,4.2,22708
5409.0,840,0,4.3,22725
5410.0,840,0,4.4,22737
5411.0,840,0,4.1,22740
5412.0,840,0,4.5,22752
5413.0,840,0,4.1,22748
5414.1,840,0,4.5,22752
5415.1,840,0,4.1,22744
5416.1,840,0,4.5,22763
5417.1,881,0,4.7,22775
5418.1,881,0,4.4,22764
5419.2,875,0,4.2,22773
5420.2,872,0,4.6,22784
5421.2,872,0,4.3,22784
5422.2,840,0,4.3,22770
5423.3,840,0,4.5,22767
5424.3,840,0,4.4,22758
5425.3,840,0,4.4,22756
5426.3,840,0,4.3,22754
5427.3,840,0,4.5,22744
5428.4,840,0,4.4,22741
5429.4,840,0,4.6,22749
5430.4,840,0,4.4,22752
5431.4,840,0,4.7,22745
5432.4,840,0,4.6,22754
5433.5,840,0,4.7,22784
5434.5,840,0,4.5,22787
5435.5,840,0,4.7,22800
5436.5,840,0,4.7,22800
5437.5,840,0,4.7,22822
5438.6,840,0,4.6,22815
5439.6,840,0,4.8,22805
5440.6,840,0,4.5,22778
5441.6,840,0,4.7,22794
5442.7,840,0,4.7,22788
5443.7,840,0,4.4,22766
5444.7,840,0,4.8,22759
5445.7,840,0,4.4,22755
5446.7,840,0,4.9,22759
5447.8,840,0,4.4,22769
5448.8,837,0,4.6,22755
5449.8,837,0,4.3,22752
5450.8,837,0,4.6,22773
5451.8,837,0,4.5,22774
5452.9,837,0,4.4,22766
5453.9,837,0,4.5,22764
5454.9,837,0,4.2,22748
5455.9,837,0,4.5,22743
5457.0,837,0,4.2,22737
5458.0,837,0,4.6,22738
5459.0,837,0,4.4,22754
5460.0,837,0,4.2,22742
5461.0,837,0,4.4,22755
5462.1,837,0,4.2,22775
5463.1,837,0,4.4,22790
5464.1,837,0,4.2,22799
5465.1,837,0,4.6,22815
5466.1,837,0,4.2,22825
5467.2,837,0,4.7,22837
5468.2,837,0,4.1,22836
5469.2,837,0,4.4,22833
5470.2,837,0,4.5,22840
5471.2,837,0,4.3,22818
5472.3,837,0,4.5,22826
5473.3,837,0,4.1,22816
5474.3,837,0,4.5,22811
5475.3,837,0,4.2,22809
5476.3,837,0,4.6,22807
5477.4,837,0,4.2,22795
5478.4,837,0,4.5,22795
5479.4,837,0,4.2,22784
5480.4,837,0,4.7,22791
5481.5,837,0,4.2,22781
5482.5,837,0,4.6,22775
5483.5,837,0,4.1,22775
5484.5,837,0,4.5,22775
5485.5,837,0,4.2,22814
5486.6,837,0,4.6,22817
5487.6,837,0,4.2,22833
5488.6,837,0,4.5,22848
5489.6,886,0,4.4,22863
5490.7,886,0,4.7,22873
5491.7,883,0,4.2,22870
5492.7,876,0,4.6,22857
5493.7,876,0,4.2,22860
5494.7,876,0,4.5,22846
5495.8,844,0,4.1,22839
5496.8,844,0,4.5,22834
5497.8,844,0,4.3,22829
5498.8,844,0,4.3,22821
5499.8,844,0,4.5,22820
5500.9,844,0,4.2,22813
5501.9,858,0,4.5,22804
5502.9,858,0,4.2,22799
5503.9,852,0,4.4,22797
5505.0,852,0,4.2,22790
5506.0,852,0,4.4,22796
5507.0,844,0,4.2,22789
5508.0,844,0,4.6,22788
5509.0,844,0,4.3,22799
5510.1,844,0,4.3,22806
5511.1,844,0,4.2,22825
5512.1,844,0,4.5,22827
5513.1,844,0,4.2,22825
5514.1,844,0,4.4,22822
5515.2,844,0,4.3,22816
5516.2,844,0,4.4,22818
5517.2,844,0,4.5,22839
5518.2,844,0,4.2,22838
5519.3,844,0,4.5,22824
5520.3,844,0,4.3,22837
5521.3,844,0,4.4,22829
5522.3,844,0,4.1,22825
5523.3,844,0,4.4,22813
5524.3,844,0,4.4,22743
5525.4,844,0,4.8,22800
5526.4,844,0,4.3,22827
5527.4,844,0,4.2,22811
5528.4,844,0,4.5,22816
5529.4,844,0,4.2,22824
5530.5,844,0,4.5,22853
5531.5,844,0,4.4,22863
5532.5,844,0,4.4,22867
5533.5,844,0,4.2,22860
5534.6,844,0,4.4,22869
5535.6,844,0,4.3,22879
5536.6,844,0,4.4,22875
5537.6,844,0,4.3,22890
5538.6,844,0,4.4,22892
5539.7,844,0,4.3,22887
5540.7,881,0,5.0,22855
5541.7,881,0,4.3,22847
5542.7,880,0,4.6,22856
5543.7,875,0,4.5,22856
5544.8,872,0,4.1,22849
5545.8,872,0,4.6,22851
5546.8,836,0,4.1,22844
5547.8,836,0,4.5,22842
5548.9,836,0,4.3,22841
5549.9,836,0,4.4,22838
5550.9,836,0,4.4,22837
5551.9,836,0,4.4,22832
5552.9,836,0,4.6,22846
5554.0,836,0,4.4,22874
5555.0,836,0,4.4,22880
5556.0,836,0,4.5,22901
5557.0,836,0,4.4,22901
5558.0,836,0,4.2,22908
5559.1,836,0,4.4,22907
5560.1,836,0,4.1,22871
5561.1,836,0,4.5,22871
5562.1,836,0,4.5,22868
5563.2,836,0,4.4,22864
5564.2,836,0,4.3,22859
5565.2,836,0,4.7,22851
5566.2,836,0,4.4,22853
5567.2,836,0,4.7,22866
5568.3,836,0,4.6,22881
5569.3,836,0,4.6,22873
5570.3,836,0,4.5,22856
5571.3,836,0,4.7,22854
5572.3,836,0,4.7,22856
5573.4,836,0,4.5,22847
5574.4,836,0,4.7,22843
5575.4,836,0,4.6,22838
5576.4,836,0,4.8,22832
5577.4,836,0,4.5,22828
5578.5,836,0,4.7,22825
5579.5,836,0,4.5,22820
5580.5,833,0,4.6,22823
5581.5,833,0,4.7,22814
5582.6,833,0,4.6,22827
5583.6,872,0,4.9,22838
5584.6,872,0,4.4,22868
5585.6,873,1,4.8,22862
5586.6,869,0,4.4,22875
5587.7,869,0,4.7,22873
5588.7,869,0,4.3,22876
5589.7,841,0,4.5,22869
5590.7,841,0,4.4,22879
5591.7,837,0,4.3,22877
5592.8,837,0,4.3,22873
5593.8,837,0,4.5,22880
5594.8,837,0,4.2,22879
5595.8,837,0,4.5,22872
5596.8,837,0,4.2,22867
5597.9,837,0,4.5,22850
5598.9,837,0,4.0,22854
5599.9,837,0,4.5,22851
5600.9,837,0,4.3,22851
5602.0,878,0,4.4,22845
5603.0,878,0,4.5,22845
5604.0,872,0,4.6,22847
5605.0,869,0,4.4,22854
5606.0,869,0,4.5,22874
5607.1,840,0,4.2,22873
5608.1,840,0,4.3,22898
5609.1,840,0,4.4,22897
5610.1,840,0,4.3,22908
5611.2,882,0,4.4,22904
5612.2,882,0,4.5,22932
5613.2,877,0,5.4,22915
5614.2,874,0,4.6,22912
5615.2,869,0,4.2,22910
5616.3,841,0,4.5,22908
5617.3,841,0,4.1,22901
5618.3,837,0,4.4,22889
5619.3,837,0,4.3,22884
5620.3,837,0,4.1,22872
5621.4,837,0,4.2,22870
5622.4,837,0,4.4,22869
5623.4,837,0,4.3,22872
5624.4,837,0,4.4,22865
5625.4,837,0,4.4,22866
5626.5,837,0,4.5,22886
5627.5,837,0,4.4,22902
5628.5,837,0,4.4,22913
5629.5,837,0,4.1,22904
5630.5,837,0,4.4,22908
5631.6,837,0,4.3,22907
5632.6,837,0,4.2,22921
5633.6,837,0,6.5,22957
5634.6,837,0,4.7,22914
5635.6,837,0,4.5,22903
5636.7,837,0,4.3,22901
5637.7,837,0,4.3,22887
5638.7,837,0,4.4,22899
5639.7,837,0,4.3,22887
5640.8,837,0,4.2,22905
5641.8,837,0,4.4,22905
5642.8,837,0,4.9,22890
5643.8,837,0,4.3,22890
5644.8,833,0,4.5,22880
5645.9,833,0,4.2,22885
5646.9,833,0,4.5,22874
5647.9,833,0,4.5,22873
5648.9,833,0,4.4,22885
5649.9,833,0,4.4,22882
5651.0,833,0,4.3,22896
5652.0,833,0,4.4,22914
5653.0,833,0,4.5,22932
5654.0,833,0,4.2,22936
5655.1,833,0,4.4,22924
5656.1,833,0,4.2,22927
5657.1,833,0,4.4,22929
5658.1,833,0,4.4,22941
5659.1,833,0,4.2,22936
5660.2,833,0,4.5,22946
5661.2,833,0,4.4,22937
5662.2,833,0,4.4,22928
5663.2,833,0,4.4,22926
5664.2,833,0,4.1,22908
5665.3,833,0,4.3,22908
5666.3,833,0,4.4,22910
5667.3,833,0,4.2,22895
5668.3,833,0,4.5,22885
5669.3,833,0,4.1,22890
5670.4,833,0,4.6,22885
5671.4,833,0,4.4,22879
5672.4,839,0,4.3,22875
5673.4,839,0,4.5,22889
5674.4,835,0,4.7,22925
5675.5,835,0,4.2,22920
5676.5,835,0,4.6,22934
5677.5,835,0,4.1,22936
5678.5,835,0,4.4,22933
5679.6,835,0,4.4,22948
5680.6,835,0,4.2,22944
5681.6,835,0,4.4,22949
5682.6,835,0,4.3,22945
5683.6,835,0,4.4,22933
5684.7,835,0,4.2,22947
5685.7,835,0,4.5,22937
5686.7,835,0,4.2,22935
5687.7,835,0,4.5,22925
5688.7,835,0,4.1,22900
5689.8,835,0,4.4,22908
5690.8,835,0,4.3,22904
5691.8,835,0,4.2,22894
5692.8,835,0,4.5,22899
5693.9,835,0,4.1,22895
5694.9,835,0,4.5,22883
5695.9,835,0,4.3,22889
5696.9,835,0,4.7,22887
5697.9,835,0,4.3,22895
5699.0,835,0,4.3,22908
5700.0,835,0,4.6,22913
5701.0,833,0,4.5,22926
5702.0,833,0,4.6,22925
5703.1,833,0,4.7,22932
5704.1,833,0,4.3,22931
5705.1,833,0,4.7,22931
5706.1,833,0,4.6,22925
5707.1,833,0,4.5,22918
5708.2,833,0,4.7,22917
5709.2,833,0,4.6,22914
5710.2,833,0,4.8,22907
5711.2,833,0,4.6,22903
5712.2,833,0,4.6,22898
5713.3,833,0,4.7,22896
5714.3,833,0,4.5,22901
5715.3,833,0,4.9,22899
5716.3,833,0,4.6,22920
5717.4,833,0,5.0,22928
5718.4,833,0,4.3,22928
5719.4,833,0,4.7,22933
5720.4,833,0,4.9,22965
5721.4,833,0,4.4,22958
5722.5,833,0,4.7,22965
5723.5,833,0,4.4,22992
5724.5,833,0,4.6,22997
5725.5,833,0,4.3,22992
5726.6,833,0,4.5,22991
5727.6,833,0,4.3,22981
5728.6,833,0,4.3,22980
5729.6,833,0,4.4,22973
5730.6,833,0,4.3,22968
5731.7,833,0,4.3,22962
5732.7,833,0,4.5,22959
5733.7,833,0,4.3,22958
5734.7,833,0,4.6,22962
5735.7,833,0,4.2,22963
5736.8,833,0,4.6,22987
5737.8,833,0,4.2,22975
5738.8,833,0,4.6,22985
5739.8,833,0,4.5,22951
5740.8,833,0,4.3,22968
5741.9,833,0,4.4,22969
5742.9,833,0,4.2,22979
5743.9,833,0,4.4,22980
5744.9,833,0,4.4,22980
5746.0,833,0,4.0,22985
5747.0,833,0,4.6,23001
5748.0,833,0,4.1,22998
5749.0,833,0,4.4,22994
5750.0,833,0,4.2,22989
5751.0,833,0,4.5,22992
5752.1,833,0,4.4,22984
5753.1,833,0,4.3,22974
5754.1,833,0,4.4,22974
5755.1,833,0,4.2,22963
5756.2,833,0,4.4,22968
5757.2,833,0,4.2,22956
5758.2,833,0,4.4,22949
5759.2,833,0,4.4,22938
5760.2,833,0,4.1,22930
5761.3,833,0,4.5,22930
5762.3,833,0,4.2,22933
5763.3,833,0,4.5,22921
5764.3,833,0,4.2,22930
5765.3,833,0,4.6,22955
5766.4,833,0,4.3,22950
5767.4,833,0,4.2,22958
5768.4,833,0,4.3,22956
5769.4,833,0,4.3,22972
5770.4,833,0,4.3,22973
5771.5,833,0,4.4,22976
5772.5,833,0,4.3,22975
5773.5,833,0,4.5,22979
5774.5,833,0,4.1,22983
5775.6,833,0,4.4,22992
5776.6,833,0,4.3,22991
5777.6,833,0,4.3,22984
5778.6,833,0,4.4,22971
5779.6,833,0,4.2,22974
5780.7,833,0,4.5,22965
5781.7,833,0,4.3,22956
5782.7,833,0,4.3,22953
5783.7,833,0,4.4,22945
5784.7,833,0,4.2,22950
5785.8,833,0,4.5,22959
5786.8,833,0,4.4,22958
5787.8,833,0,4.3,22972
5788.8,833,0,4.3,22978
5789.8,833,0,4.2,22971
5790.9,833,0,4.4,22984
5791.9,833,0,4.5,22986
5792.9,833,0,4.2,22988
5793.9,833,0,4.4,23010
5795.0,833,0,4.2,23011
5796.0,833,0,4.5,23003
5797.0,833,0,4.1,22989
5798.0,833,0,4.5,22990
5799.0,833,0,4.4,22985
5800.1,833,0,4.2,22983
5801.1,833,0,4.4,22959
5802.1,833,0,4.5,22965
5803.1,833,0,4.2,22961
5804.1,833,0,4.5,22958
5805.2,833,0,4.2,22958
5806.2,833,0,4.6,22963
5807.2,833,0,4.1,22992
5808.2,833,0,4.5,22988
5809.3,833,0,4.2,22996
5810.3,833,0,4.2,22993
5811.3,833,0,4.4,22999
5812.3,833,0,4.3,23023
5813.3,833,0,4.4,23037
5814.4,833,0,4.2,23031
5815.4,833,0,4.3,23015
5816.4,833,0,4.4,23010
5817.4,833,0,4.2,23004
5818.4,833,0,4.4,22997
5819.5,833,0,4.2,22993
5820.5,833,0,4.7,23005
5821.5,833,0,4.3,23001
5822.5,833,0,4.5,23002
5823.5,833,0,4.2,22993
5824.6,833,0,4.5,22995
5825.6,833,0,4.5,22994
5826.6,833,0,4.2,22995
5827.6,833,0,4.4,22988
5828.7,833,0,4.3,22999
5829.7,833,0,4.5,23001
5830.7,833,0,4.2,23002
5831.7,833,0,4.5,22998
5832.7,833,0,4.2,22999
5833.8,833,0,4.5,22996
5834.8,833,0,4.1,22999
5835.8,833,0,4.6,23000
5836.8,833,0,4.1,23000
5837.8,833,0,4.8,23003
5838.9,833,0,4.3,23000
5839.9,833,0,4.6,23017
5840.9,833,0,4.4,23000
5841.9,833,0,4.7,22993
5842.9,833,0,4.4,22994
5844.0,833,0,4.7,22990
5845.0,833,0,4.4,22995
5846.0,833,0,4.5,22995
5847.0,833,0,4.6,22999
5848.1,833,0,4.7,22998
5849.1,833,0,4.4,22998
5850.1,833,0,4.9,23001
5851.1,833,0,4.5,22998
5852.1,833,0,4.9,23005
5853.2,833,0,4.5,23006
5854.2,833,0,4.8,23010
5855.2,833,0,4.6,23015
5856.2,833,0,4.8,23028
5857.2,833,0,4.5,23033
5858.3,833,0,4.7,23036
5859.3,833,0,4.4,23030
5860.3,833,0,4.8,23019
5861.3,833,0,4.4,23018
5862.4,833,0,4.7,23020
5863.4,833,0,4.3,23022
5864.4,833,0,4.6,23022
5865.4,833,0,4.3,23017
5866.4,833,0,4.4,23017
5867.5,833,0,4.5,23021
5868.5,833,0,4.4,23028
5869.5,833,0,4.3,23032
5870.5,833,0,4.4,23026
5871.5,833,0,4.4,23017
5872.6,833,0,4.3,23023
5873.6,833,0,4.3,23016
5874.6,833,0,4.2,23020
5875.6,833,0,4.4,23021
5876.6,833,0,4.4,23022
5877.7,833,0,4.3,23017
5878.7,833,0,4.4,23022
5879.7,833,0,4.2,23023
5880.7,833,0,4.4,23021
5881.8,833,0,4.1,23018
5882.8,833,0,4.4,23027
5883.8,833,0,4.1,23026
5884.8,833,0,4.4,23025
5885.8,833,0,4.4,23025
5886.9,833,0,4.2,23028
5887.9,833,0,4.5,23030
5888.9,833,0,4.2,23027
5889.9,833,0,4.5,23029
5890.9,833,0,4.2,23033
5892.0,833,0,4.4,23035
5893.0,833,0,4.2,23029
5894.0,833,0,4.4,23026
5895.0,833,0,4.4,23034
5896.0,833,0,4.1,23034
5897.1,833,0,4.5,23040
5898.1,833,0,4.2,23036
5899.1,833,0,4.5,23038
5900.1,833,0,4.3,23055
5901.1,833,0,4.5,23054
5902.2,833,0,4.3,23043
5903.2,833,0,4.5,23049
5904.2,833,0,4.4,23042
5905.2,833,0,4.2,23045
5906.2,833,0,4.3,23047
5907.3,833,0,4.4,23062
5908.3,833,0,4.5,23063
5909.3,833,0,4.4,23057
5910.3,833,0,4.4,23049
5911.4,833,0,4.4,23043
5912.4,833,0,4.3,23039
5913.4,833,0,4.6,23031
5914.4,833,0,4.1,23032
5915.4,833,0,4.5,23028
5916.5,833,0,4.4,23034
5917.5,833,0,4.4,23033
5918.5,833,0,4.4,23037
5919.5,833,0,4.3,23042
5920.5,833,0,4.6,23030
5921.6,833,0,4.2,23030
5922.6,833,0,4.7,23041
5923.6,833,0,6.0,23099
5924.6,833,0,4.4,23101
5925.7,833,0,4.2,23097
5926.7,833,0,4.4,23109
5927.7,833,0,4.5,23123
5928.7,833,0,4.2,23110
5929.7,833,0,4.5,23114
5930.8,833,0,4.3,23101
5931.8,833,0,4.5,23093
5932.8,833,0,4.4,23090
5933.8,833,0,4.3,23082
5934.9,833,0,4.3,23075
5935.9,833,0,4.2,23074
5936.9,833,0,4.5,23067
5937.9,833,0,4.4,23059
5938.9,833,0,4.2,23056
5940.0,833,0,4.3,23058
5941.0,833,0,4.3,23069
5942.0,833,0,4.5,23069
5943.0,833,0,4.4,23076
5944.0,833,0,4.4,23074
5945.1,833,0,4.5,23072
5946.1,833,0,4.4,23084
5947.1,841,0,4.6,23064
5948.1,841,0,4.2,23078
5949.1,840,0,4.4,23085
5950.2,839,0,4.2,23092
5951.2,839,0,4.4,23102
5952.2,835,0,4.4,23130
5953.2,906,0,4.6,23138
5954.3,906,0,4.4,23135
5955.3,900,0,4.4,23129
5956.3,898,0,4.4,23124
5957.3,898,0,4.2,23104
5958.3,838,0,4.6,23106
5959.4,838,0,4.2,23100
5960.4,878,8,4.6,23098
5961.4,878,0,4.6,23091
5962.4,873,0,4.0,23082
5963.4,870,1,4.5,23083
5964.5,870,0,4.4,23079
5965.5,838,2,4.4,23070
5966.5,838,0,4.4,23071
5967.5,838,0,4.3,23066
5968.6,838,0,4.4,23074
5969.6,838,0,4.3,23075
5970.6,838,0,4.3,23078
5971.6,838,0,4.5,23071
5972.6,838,0,4.1,23075
5973.7,838,0,4.5,23073
5974.7,838,0,4.4,23081
5975.7,838,0,4.5,23097
5976.7,838,0,4.5,23107
5977.7,837,0,4.3,23105
5978.8,837,0,4.5,23117
5979.8,837,0,4.4,23129
5980.8,837,0,4.5,23129
5981.8,837,0,4.4,23126
5982.9,837,0,4.8,23131
5983.9,837,0,4.6,23112
5984.9,837,0,4.4,23111
5985.9,837,0,4.7,23107
5986.9,837,0,4.4,23100
5988.0,837,0,4.7,23102
5989.0,837,0,4.7,23095
5990.0,837,0,4.7,23091
5991.0,837,0,4.8,23085
5992.0,837,0,4.5,23081
5993.1,837,0,4.7,23077
5994.1,837,0,4.7,23078
5995.1,837,0,4.7,23082
5996.1,837,0,4.6,23081
5997.2,837,0,4.9,23092
5998.2,837,0,4.6,23087
5999.2,837,0,4.6,23088
6000.2,837,0,4.5,23105
6001.2,837,0,4.7,23110
6002.3,837,0,4.6,23111
6003.3,837,0,4.4,23112
6004.3,837,0,4.6,23107
6005.3,837,0,4.3,23111
6006.3,837,0,4.6,23119
6007.4,833,0,4.3,23122
6008.4,833,0,4.7,23131
6009.4,833,0,4.3,23123
6010.4,833,0,4.4,23107
6011.5,833,0,4.1,23106
6012.5,833,0,4.5,23098
6013.5,833,0,4.2,23101
6014.5,833,0,4.3,23096
6015.5,833,0,4.4,23088
6016.6,833,0,4.2,23087
6017.6,833,0,4.5,23071
6018.6,833,0,4.1,23074
6019.6,833,0,4.7,23072
6020.7,833,0,4.4,23073
6021.7,833,0,4.5,23079
6022.7,833,0,4.3,23082
6023.7,833,0,4.6,23091
6024.7,833,0,4.2,23096
6025.8,833,0,4.6,23112
6026.8,833,0,4.2,23111
6027.8,833,0,4.5,23119
6028.8,833,0,4.3,23139
6029.8,833,0,4.4,23156
6030.9,833,0,4.2,23153
6031.9,833,0,4.3,23143
6032.9,833,0,4.2,23140
6033.9,833,0,4.5,23139
6035.0,833,0,4.2,23148
6036.0,833,0,4.6,23153
6037.0,833,0,4.2,23153
6038.0,833,0,4.3,23138
6039.0,833,0,4.4,23130
6040.1,833,0,4.3,23112
6041.1,833,0,4.4,23101
6042.1,833,0,4.3,23095
6043.1,833,0,4.5,23111
6044.1,833,0,4.2,23108
6045.2,833,0,4.4,23101
6046.2,833,0,4.4,23095
6047.2,833,0,4.3,23085
6048.2,833,0,4.3,23086
6049.3,833,0,4.6,23081
6050.3,833,0,4.3,23075
6051.3,833,0,4.5,23077
6052.3,833,0,4.4,23070
6053.3,833,0,4.6,23075
6054.4,833,0,4.3,23079
6055.4,833,0,4.4,23077
6056.4,833,0,4.3,23087
6057.4,833,0,4.6,23094
6058.4,833,0,4.4,23102
6059.5,833,0,4.4,23103
6060.5,833,0,4.3,23126
6061.5,833,0,4.4,23119
6062.5,833,0,4.4,23124
6063.6,833,0,4.2,23136
6064.6,833,0,4.4,23133
6065.6,833,0,4.2,23136
6066.6,833,0,4.6,23159
6067.6,833,0,4.2,23146
6068.7,833,0,4.6,23142
6069.7,833,0,4.3,23146
6070.7,833,0,4.3,23151
6071.7,833,0,4.6,23136
6072.7,833,0,4.2,23127
6073.8,833,0,4.5,23130
6074.8,873,0,4.7,23116
6075.8,873,0,4.3,23107
6076.8,870,0,4.4,23113
6077.9,865,0,4.5,23105
6078.9,865,0,4.3,23104
6079.9,837,0,4.6,23108
6080.9,837,0,4.4,23103
6081.9,837,0,4.2,23108
6083.0,837,0,4.6,23107
6084.0,837,0,4.5,23115
6085.0,837,0,4.3,23140
6086.0,837,0,4.6,23145
6087.0,837,0,4.3,23163
6088.1,837,0,4.5,23170
6089.1,837,0,4.4,23177
6090.1,837,0,4.1,23186
6091.1,837,0,4.5,23206
6092.1,837,0,4.2,23180
6093.2,837,0,4.5,23181
6094.2,837,0,4.2,23179
6095.2,837,0,4.5,23179
6096.2,878,38,5.7,23170
6097.2,878,0,4.8,23167
6098.3,873,0,4.3,23160
6099.3,870,2,4.4,23145
6100.3,870,0,4.2,23127
6101.3,838,2,4.5,23129
6102.4,838,0,4.2,23136
6103.4,838,0,4.6,23140
6104.4,838,0,4.2,23137
6105.4,837,0,4.3,23134
6106.4,837,0,4.7,23125
6107.5,837,0,4.2,23121
6108.5,837,0,4.5,23109
6109.5,837,0,4.3,23109
6110.5,837,0,4.3,23110
6111.5,837,0,4.4,23103
6112.6,837,0,4.3,23099
6113.6,837,0,4.5,23096
6114.6,837,0,4.1,23099
6115.6,837,0,4.4,23103
6116.7,837,0,4.3,23115
6117.7,837,0,4.5,23122
6118.7,837,0,4.4,23151
6119.7,837,0,4.5,23139
6120.7,837,0,4.5,23161
6121.8,837,0,4.4,23150
6122.8,837,0,4.6,23160
6123.8,837,0,4.4,23178
6124.8,837,0,4.7,23156
6125.8,837,0,4.4,23155
6126.9,837,0,4.7,23155
6127.9,837,0,4.6,23152
6128.9,837,0,4.6,23142
6129.9,837,0,4.7,23133
6130.9,837,0,4.6,23137
6132.0,837,0,4.5,23133
6133.0,837,0,5.0,23128
6134.0,837,0,4.5,23127
6135.0,837,0,4.9,23126
6136.1,833,0,4.5,23126
6137.1,833,0,4.8,23117
6138.1,833,0,4.6,23126
6139.1,833,0,4.7,23128
6140.1,834,0,4.8,23168
6141.2,834,0,4.5,23172
6142.2,834,0,4.7,23187
6143.2,834,0,4.7,23184
6144.2,834,0,4.2,23193
6145.2,834,0,4.7,23195
6146.3,834,0,4.3,23189
6147.3,834,0,4.4,23182
6148.3,834,0,4.5,23198
6149.3,834,0,4.2,23190
6150.3,834,0,4.4,23188
6151.4,841,0,4.3,23171
6152.4,841,0,4.4,23168
6153.4,840,0,4.2,23168
6154.4,839,0,4.4,23171
6155.5,839,0,4.4,23167
6156.5,835,0,4.2,23162
6157.5,835,0,4.4,23150
6158.5,835,0,4.2,23154
6159.5,835,0,4.4,23151
6160.6,835,0,4.4,23142
6161.6,835,0,4.3,23134
6162.6,835,0,4.2,23137
6163.6,835,0,4.5,23127
6164.7,835,0,4.1,23121
6165.7,835,0,4.5,23111
6166.7,835,0,4.1,23114
6167.7,835,0,4.5,23116
6168.7,835,0,4.2,23123
6169.8,835,0,4.3,23121
6170.8,835,0,4.3,23123
6171.8,840,0,4.4,23135
6172.8,840,0,4.3,23139
6173.8,839,0,4.6,23154
6174.9,839,0,4.2,23177
6175.9,839,0,4.4,23175
6176.9,835,0,4.3,23178
6177.9,835,0,4.2,23176
6178.9,835,0,4.5,23176
6180.0,835,0,4.3,23178
6181.0,835,0,4.3,23187
6182.0,835,0,4.1,23181
6183.0,835,0,4.4,23172
6184.1,835,0,4.3,23170
6185.1,835,0,4.3,23173
6186.1,835,0,4.3,23173
6187.1,835,0,4.5,23159
6188.1,835,0,4.2,23142
6189.2,835,0,4.4,23148
6190.2,835,0,4.2,23145
6191.2,835,0,4.2,23146
6192.2,835,0,4.4,23143
6193.2,835,0,4.2,23144
6194.3,835,0,4.3,23145
6195.3,835,0,4.2,23140
6196.3,835,0,4.4,23138
6197.3,835,0,4.3,23134
6198.3,849,0,4.5,23138
6199.4,843,0,4.6,23141
6200.4,841,0,4.2,23166
6201.4,841,0,4.4,23177
6202.4,837,0,4.1,23186
6203.5,837,0,4.4,23201
6204.5,837,0,4.2,23209
6205.5,837,0,4.2,23203
6206.5,837,0,4.2,23211
6207.5,837,0,4.1,23207
6208.6,837,0,4.4,23207
6209.6,837,0,4.2,23223
6210.6,837,0,4.4,23224
6211.6,836,0,4.5,23215
6212.6,836,0,4.2,23200
6213.7,836,0,4.4,23207
6214.7,836,0,4.2,23198
6215.7,836,0,4.2,23194
6216.7,836,0,4.5,23191
6217.7,836,0,70.4,23245
6218.8,836,0,89.8,23236
6219.8,836,0,93.3,23256
6220.9,836,0,94.8,23272
6221.9,836,0,26.5,23270
6222.9,836,0,4.4,23273
6223.9,836,0,4.2,23270
6225.0,872,0,4.6,23273
6226.0,878,0,4.4,23287
6227.0,878,0,4.5,23295
6228.0,872,0,4.3,23302
6229.0,869,0,4.4,23291
6230.1,869,0,4.4,23273
6231.1,837,0,4.4,23280
6232.1,837,0,4.3,23282
6233.1,837,0,4.2,23280
6234.1,837,0,6.6,23301
6235.2,837,0,4.5,23293
6236.2,837,0,4.2,23315
6237.2,837,0,4.5,23309
6238.2,837,0,4.3,23301
6239.2,837,0,4.5,23296
6240.3,837,0,4.2,23298
6241.3,837,0,4.5,23303
6242.3,837,0,77.3,23354
6243.3,837,0,92.9,23332
6244.4,837,0,97.3,23345
6245.5,837,0,96.4,23330
6246.5,837,0,96.8,23337
6247.5,837,0,25.4,23303
6248.5,837,0,4.6,23302
6249.6,837,0,4.2,23287
6250.6,837,0,4.2,23255
6251.6,837,0,4.5,23254
6252.6,837,0,4.3,23233
6253.6,837,0,4.3,23231
6254.7,837,0,4.4,23244
6255.7,837,0,4.2,23258
6256.7,837,0,4.5,23259
6257.7,837,0,4.2,23254
6258.7,837,0,4.5,23252
6259.8,837,0,4.3,23261
6260.8,837,0,4.6,23256
6261.8,837,0,4.5,23245
6262.8,837,0,4.4,23236
6263.8,837,0,4.6,23240
6264.9,837,0,4.6,23223
6265.9,837,0,53.1,23261
6266.9,837,0,92.8,23247
6268.0,837,0,98.7,23237
6269.0,837,0,97.7,23230
6270.0,837,0,98.8,23231
6271.1,837,0,73.5,23191
6272.1,834,0,4.7,23190
6273.1,834,0,4.6,23201
6274.1,834,0,4.4,23190
6275.2,834,0,4.7,23194
6276.2,834,0,4.4,23191
6277.2,834,0,5.1,23181
6278.2,834,0,4.6,23185
6279.3,834,0,4.6,23178
6280.3,834,0,4.9,23168
6281.3,834,0,4.5,23163
6282.3,834,0,4.7,23160
6283.3,834,0,4.4,23169
6284.4,834,0,4.7,23165
6285.4,834,0,4.4,23171
6286.4,834,0,4.7,23167
6287.4,834,0,4.3,23164
6288.4,834,0,4.8,23174
6289.5,834,0,4.3,23188
6290.5,834,0,4.6,23195
6291.5,834,0,4.3,23204
6292.5,834,0,4.3,23213
6293.6,834,0,4.4,23209
6294.6,834,0,24.3,23262
6295.6,878,0,98.2,23258
6296.7,878,0,91.0,23265
6297.7,872,0,98.7,23265
6298.7,869,0,98.2,23270
6299.8,869,0,92.2,23240
6300.8,837,0,4.3,23250
6301.8,837,0,4.2,23241
6302.8,837,0,4.2,23234
6303.9,837,0,4.4,23235
6304.9,837,0,4.4,23239
6305.9,837,0,4.1,23237
6306.9,837,0,4.6,23179
6307.9,837,0,4.3,23200
6309.0,837,0,4.4,23221
6310.0,837,0,4.2,23258
6311.0,837,0,4.2,23268
6312.0,837,0,4.4,23271
6313.0,837,0,4.3,23272
6314.1,837,0,4.2,23291
6315.1,837,0,4.4,23295
6316.1,837,0,4.3,23285
6317.1,837,0,4.3,23285
6318.1,837,0,4.4,23283
6319.2,837,0,4.2,23261
6320.2,837,0,4.7,23283
6321.2,837,0,4.1,23266
6322.2,837,0,4.4,23273
6323.2,837,0,22.2,23352
6324.3,837,0,98.2,23360
6325.3,837,0,90.7,23380
6326.3,837,0,95.7,23384
6327.4,837,0,98.0,23398
6328.4,837,0,40.9,23350
6329.4,837,0,4.2,23355
6330.4,837,0,4.6,23363
6331.5,837,0,4.2,23368
6332.5,837,0,4.2,23354
6333.5,837,0,4.6,23353
6334.5,837,0,4.1,23350
6335.5,837,0,4.5,23341
6336.5,837,0,4.2,23335
6337.6,837,0,4.5,23330
6338.6,837,0,4.3,23309
6339.6,837,0,4.3,23320
6340.6,837,0,4.4,23296
6341.7,837,0,4.3,23294
6342.7,837,0,4.3,23304
6343.7,837,0,4.4,23313
6344.7,837,0,4.2,23320
6345.7,837,0,4.3,23321
6346.8,837,0,4.2,23306
6347.8,837,0,4.5,23308
6348.8,850,0,4.2,23308
6349.8,850,0,4.5,23303
6350.8,841,0,4.4,23289
6351.9,841,0,4.2,23298
6352.9,841,0,4.4,23294
6353.9,837,0,4.3,23279
6354.9,837,0,4.1,23282
6355.9,837,0,4.7,23276
6357.0,836,0,4.2,23273
6358.0,836,0,4.4,23265
6359.0,836,0,4.2,23263
6360.0,836,0,4.4,23255
6361.0,836,0,4.4,23248
6362.1,836,0,4.2,23247
6363.1,836,0,4.5,23256
6364.1,836,0,4.4,23269
6365.1,836,0,4.4,23272
6366.2,836,0,4.3,23280
6367.2,836,0,4.4,23284
6368.2,836,0,4.2,23302
6369.2,836,0,4.3,23306
6370.2,836,0,4.6,23312
6371.3,836,0,4.2,23306
6372.3,836,0,4.2,23313
6373.3,836,0,4.6,23324
6374.3,836,0,4.3,23321
6375.3,836,0,4.4,23318
6376.4,836,0,4.2,23308
6377.4,836,0,4.4,23290
6378.4,836,0,4.3,23281
6379.4,836,0,4.4,23278
6380.4,836,0,4.5,23287
6381.5,836,0,4.2,23280
6382.5,836,0,4.2,23282
6383.5,836,0,4.6,23276
6384.5,836,0,4.2,23270
6385.5,836,0,4.2,23266
6386.5,834,0,4.5,23268
6387.6,834,0,4.4,23269
6388.6,834,0,4.2,23271
6389.6,834,0,4.2,23278
6390.6,834,0,4.6,23302
6391.6,834,0,4.3,23307
6392.7,834,0,4.1,23314
6393.7,834,0,4.5,23314
6394.7,834,0,4.3,23315
6395.7,834,0,4.3,23332
6396.7,834,0,4.6,23349
6397.8,834,0,4.3,23341
6398.8,834,0,4.2,23312
6399.8,834,0,4.3,23310
6400.8,834,0,4.5,23329
6401.9,834,0,4.3,23308
6402.9,834,0,4.3,23315
6403.9,834,0,4.6,23299
6404.9,834,0,4.4,23300
6405.9,834,0,4.4,23301
6407.0,834,0,4.7,23286
6408.0,834,0,4.5,23284
6409.0,834,0,4.4,23286
6410.0,834,0,4.7,23281
6411.1,834,0,4.5,23283
6412.1,834,0,4.5,23268
6413.1,834,0,4.9,23266
6414.1,834,0,4.6,23263
6415.1,873,0,4.8,23265
6416.2,873,0,4.6,23267
6417.2,874,0,4.6,23280
6418.2,869,0,4.9,23290
6419.2,869,0,4.7,23291
6420.2,837,0,4.9,23327
6421.3,837,0,4.6,23334
6422.3,837,0,4.9,23342
6423.3,837,0,4.5,23346
6424.3,837,0,4.8,23343
6425.4,837,0,4.4,23349
6426.4,837,0,4.7,23354
6427.4,837,0,4.4,23355
6428.4,837,0,4.7,23344
6429.4,837,0,4.5,23339
6430.5,837,0,4.7,23334
6431.5,837,0,4.3,23328
6432.5,837,0,4.6,23313
6433.5,837,0,4.2,23318
6434.5,837,0,4.6,23316
6435.6,837,0,4.2,23320
6436.6,837,0,4.6,23317
6437.6,837,0,4.2,23317
6438.6,837,0,4.6,23321
6439.6,837,0,4.3,23324
6440.7,837,0,4.6,23345
6441.7,837,0,4.4,23329
6442.7,837,0,4.2,23343
6443.7,837,0,4.6,23353
6444.7,837,0,4.3,23353
6445.8,834,0,4.2,23356
6446.8,834,0,4.5,23370
6447.8,834,0,4.3,23374
6448.8,834,0,4.6,23361
6449.8,834,0,4.2,23349
6450.9,834,0,4.7,23357
6451.9,834,0,4.1,23348
6452.9,834,0,4.5,23336
6453.9,834,0,4.2,23337
6454.9,834,0,4.4,23331
6456.0,834,0,4.3,23327
6457.0,834,0,4.3,23333
6458.0,834,0,4.4,23320
6459.0,834,0,4.5,23311
6460.1,834,0,4.2,23301
6461.1,834,0,4.5,23297
6462.1,834,0,4.2,23292
6463.1,834,0,4.4,23291
6464.1,834,0,4.1,23294
6465.2,834,0,4.7,23292
6466.2,834,0,4.3,23310
6467.2,834,0,4.5,23329
6468.2,834,0,4.3,23338
6469.2,834,0,4.4,23337
6470.3,834,0,4.2,23335
6471.3,834,0,4.4,23336
6472.3,834,1,4.1,23340
6473.3,834,0,4.4,23356
6474.3,834,0,4.5,23349
6475.4,834,0,4.2,23353
6476.4,834,0,4.2,23344
6477.4,834,0,4.4,23344
6478.4,834,0,4.2,23340
6479.4,834,0,4.3,23336
6480.5,834,0,4.3,23333
6481.5,834,0,4.2,23336
6482.5,834,0,4.5,23328
6483.5,834,0,4.1,23323
6484.6,834,0,4.5,23325
6485.6,834,0,4.1,23323
6486.6,834,0,4.4,23318
6487.6,834,0,4.0,23322
6488.6,834,0,4.5,23322
6489.7,834,0,4.2,23332
6490.7,834,0,4.3,23334
6491.7,834,0,4.4,23343
6492.7,834,0,4.3,23351
6493.7,834,0,4.4,23360
6494.8,834,0,4.4,23351
6495.8,834,0,4.4,23356
6496.8,834,0,4.2,23353
6497.8,834,0,4.4,23340
6498.8,834,0,4.2,23342
6499.9,834,0,4.5,23338
6500.9,834,0,4.2,23335
6501.9,834,0,4.5,23333
6502.9,834,0,4.3,23327
6503.9,834,0,4.3,23325
6505.0,834,0,4.4,23327
6506.0,834,0,4.3,23242
6507.0,834,0,4.5,23281
6508.0,834,0,4.3,23289
6509.1,834,0,4.3,23313
6510.1,834,0,4.4,23332
6511.1,834,0,4.3,23332
6512.1,834,0,4.1,23344
6513.1,834,0,4.6,23352
6514.2,834,0,4.2,23361
6515.2,834,0,4.4,23363
6516.2,834,0,4.1,23354
6517.2,834,0,4.5,23358
6518.2,834,0,4.2,23369
6519.3,834,0,4.6,23354
6520.3,834,0,4.2,23341
6521.3,834,0,4.5,23341
6522.3,834,0,4.1,23330
6523.3,907,0,8.7,23424
6524.4,907,0,4.4,23434
6525.4,900,0,4.4,23426
6526.4,897,0,4.1,23425
6527.4,897,0,4.7,23429
6528.5,841,0,4.1,23399
6529.5,841,0,4.6,23418
6530.5,841,0,4.2,23405
6531.5,841,0,4.5,23393
6532.5,841,0,4.1,23377
6533.6,841,0,4.4,23391
6534.6,841,0,4.2,23368
6535.6,841,0,4.4,23376
6536.6,841,0,4.4,23379
6537.6,841,0,4.3,23374
6538.7,841,0,4.4,23357
6539.7,841,0,4.4,23352
6540.7,841,0,4.3,23342
6541.7,841,0,4.5,23343
6542.7,841,0,4.2,23342
6543.8,841,0,4.7,23338
6544.8,841,0,4.2,23335
6545.8,841,0,4.8,23319
6546.8,841,0,4.3,23325
6547.8,841,0,4.6,23328
6548.9,841,0,4.4,23323
6549.9,841,0,4.6,23320
6550.9,841,0,4.6,23321
6551.9,841,0,4.8,23312
6552.9,841,0,4.5,23309
6554.0,841,0,4.6,23308
6555.0,840,0,4.7,23314
6556.0,840,0,4.8,23317
6557.0,840,0,4.6,23323
6558.1,840,0,4.6,23333
6559.1,840,0,4.7,23338
6560.1,840,0,5.1,23382
6561.1,840,0,4.7,23387
6562.1,840,0,4.6,23388
6563.2,840,0,4.7,23416
6564.2,840,0,4.9,23421
6565.2,840,0,4.8,23392
6566.2,840,0,4.7,23395
6567.2,840,0,4.8,23404
6568.3,840,0,4.6,23399
6569.3,840,0,4.9,23394
6570.3,840,0,4.6,23403
6571.3,840,0,4.9,23398
6572.3,840,0,4.7,23402
6573.4,840,0,4.8,23403
6574.4,840,0,4.6,23422
6575.4,840,0,4.5,23426
6576.4,849,0,4.7,23436
6577.4,849,0,4.3,23459
6578.5,846,0,4.6,23447
6579.5,846,0,4.5,23453
6580.5,846,0,4.3,23451
6581.5,840,0,4.3,23466
6582.6,840,0,4.3,23464
6583.6,840,0,4.5,23461
6584.6,837,0,4.2,23457
6585.6,837,0,4.2,23453
6586.6,837,0,4.5,23431
6587.7,837,0,4.3,23435
6588.7,837,0,4.3,23434
6589.7,837,0,4.4,23428
6590.7,837,0,4.4,23434
6591.7,837,0,4.3,23420
6592.8,837,0,4.4,23418
6593.8,837,0,4.2,23417
6594.8,837,0,4.6,23428
6595.8,837,0,4.2,23433
6596.8,837,0,4.2,23445
6597.9,837,0,4.6,23453
6598.9,837,0,4.2,23452
6599.9,837,0,4.4,23444
6600.9,837,0,4.4,23462
6601.9,837,0,4.3,23463
6603.0,837,0,4.4,23494
6604.0,837,0,4.3,23474
6605.0,837,0,4.3,23481
6606.0,837,0,4.2,23487
6607.1,837,0,4.3,23491
6608.1,837,0,4.4,23473
6609.1,837,0,4.2,23480
6610.1,837,0,4.5,23469
6611.1,837,0,4.2,23466
6612.1,837,0,4.3,23461
6613.2,837,0,4.4,23454
6614.2,837,0,4.3,23446
6615.2,837,0,4.3,23445
6616.2,837,0,4.4,23439
6617.3,837,0,4.1,23438
6618.3,837,0,4.6,23432
6619.3,837,0,4.1,23434
6620.3,837,0,5.0,23517
6621.3,837,0,4.1,23492
6622.4,837,0,4.5,23501
6623.4,837,0,4.1,23504
6624.4,837,0,4.3,23518
6625.4,837,0,4.4,23520
6626.4,837,0,4.1,23504
6627.5,837,0,4.3,23496
6628.5,837,0,5.6,23403
6629.5,837,0,4.2,23415
6630.5,837,0,4.5,23419
6631.6,837,0,4.1,23418
6632.6,837,0,4.5,23421
6633.6,837,0,4.2,23445
6634.6,837,0,4.3,23454
6635.6,837,0,4.5,23443
6636.7,837,0,4.1,23438
6637.7,837,0,4.4,23424
6638.7,837,0,4.4,23426
6639.7,837,0,4.4,23420
6640.7,837,0,4.4,23398
6641.8,837,0,4.1,23398
6642.8,837,0,4.5,23393
6643.8,837,0,4.1,23387
6644.8,837,0,4.5,23379
6645.8,837,0,4.2,23374
6646.9,837,0,4.2,23386
6647.9,837,0,4.6,23375
6648.9,837,0,4.2,23370
6649.9,837,0,4.2,23373
6650.9,837,0,4.5,23371
6652.0,837,0,4.1,23366
6653.0,837,0,4.5,23363
6654.0,837,0,4.2,23366
6655.0,837,0,4.4,23380
6656.0,837,0,4.6,23379
6657.1,837,0,4.1,23394
6658.1,837,0,4.5,23419
6659.1,837,0,4.1,23427
6660.1,872,58,4.4,23427
6661.1,872,0,4.5,23416
6662.2,873,3,4.4,23428
6663.2,869,4,4.1,23428
6664.2,869,0,4.6,23410
6665.2,837,2,4.2,23410
6666.3,837,0,4.4,23402
6667.3,837,0,4.2,23402
6668.3,837,0,4.2,23389
6669.3,837,0,4.4,23387
6670.3,837,0,4.3,23383
6671.4,837,0,4.4,23378
6672.4,837,0,4.3,23377
6673.4,837,0,4.4,23373
6674.4,837,0,4.3,23371
6675.4,837,0,4.4,23372
6676.5,837,0,4.3,23368
6677.5,837,0,4.6,23384
6678.5,837,0,4.4,23395
6679.5,837,0,4.3,23411
6680.5,837,0,89.1,23520
6681.6,837,0,91.3,23522
6682.6,837,0,98.6,23517
6683.7,837,0,99.0,23513
6684.7,837,0,96.0,23509
6685.7,837,0,95.4,23505
6686.8,837,0,55.0,23485
6687.8,837,0,4.4,23501
6688.8,837,0,4.6,23496
6689.9,837,0,4.3,23496
6690.9,835,0,4.5,23483
6691.9,835,0,4.4,23484
6692.9,835,0,4.5,23478
6693.9,835,0,4.8,23481
6695.0,835,0,4.5,23491
6696.0,835,0,4.6,23496
6697.0,835,0,4.8,23507
6698.0,835,0,4.6,23521
6699.0,835,0,4.7,23533
6700.1,835,0,4.8,23523
6701.1,835,0,4.6,23529
6702.1,835,0,4.6,23534
6703.1,835,0,4.7,23550
6704.2,835,0,4.8,23555
6705.2,835,0,4.8,23545
6706.2,835,0,4.6,23560
6707.2,835,0,4.7,23551
6708.2,835,0,4.8,23547
6709.3,835,0,4.8,23541
6710.3,835,0,4.9,23545
6711.3,835,0,4.7,23533
6712.3,835,1,4.7,23532
6713.3,835,0,4.7,23531
6714.4,835,0,4.5,23534
6715.4,835,0,4.7,23530
6716.4,835,0,4.7,23460
6717.4,835,0,4.8,23512
6718.5,835,0,4.5,23546
6719.5,835,0,4.5,23551
6720.5,835,0,5.4,23578
6721.5,833,0,4.5,23568
6722.5,833,0,4.4,23584
6723.6,833,0,6.0,23569
6724.6,833,0,4.4,23595
6725.6,833,0,4.7,23600
6726.6,833,0,4.4,23612
6727.6,833,0,4.4,23616
6728.7,833,0,4.4,23621
6729.7,833,0,4.5,23617
6730.7,833,0,4.3,23616
6731.7,833,0,4.4,23610
6732.8,833,0,4.4,23599
6733.8,833,0,4.4,23607
6734.8,833,0,5.7,23597
6735.8,833,0,4.4,23600
6736.8,833,0,4.3,23598
6737.9,833,0,4.5,23609
6738.9,833,0,4.3,23613
6739.9,833,0,4.6,23550
6740.9,833,0,4.5,23559
6741.9,833,0,4.5,23576
6743.0,833,0,4.4,23598
6744.0,833,0,4.4,23608
6745.0,833,0,4.4,23603
6746.0,833,0,4.3,23619
6747.0,833,0,4.4,23638
6748.1,833,0,4.3,23641
6749.1,833,0,4.4,23631
6750.1,833,0,4.3,23637
6751.1,833,0,4.3,23669
6752.2,833,0,4.4,23666
6753.2,833,0,4.4,23647
6754.2,833,0,4.5,23650
6755.2,833,0,4.4,23640
6756.2,833,0,4.3,23642
6757.3,833,0,4.3,23635
6758.3,833,0,4.3,23634
6759.3,833,0,4.6,23621
6760.3,878,92,4.6,23609
6761.3,878,0,4.3,23606
6762.4,871,0,4.2,23601
6763.4,869,0,4.5,23602
6764.4,869,0,4.2,23606
6765.4,837,2,4.3,23607
6766.5,837,0,4.4,23618
6767.5,837,0,4.4,23646
6768.5,837,0,4.3,23669
6769.5,837,0,4.3,23682
6770.5,837,1,4.4,23687
6771.6,837,0,4.4,23668
6772.6,837,1,4.2,23676
6773.6,837,0,4.3,23684
6774.6,837,0,4.3,23703
6775.6,837,0,4.3,23714
6776.7,837,0,4.5,23706
6777.7,837,0,4.4,23699
6778.7,837,0,4.3,23699
6779.7,837,0,4.4,23683
6780.7,837,0,4.3,23677
6781.8,837,0,12.1,23690
6782.8,837,0,96.9,23690
6783.8,837,0,91.1,23682
6784.9,837,0,97.8,23680
6785.9,837,0,97.5,23683
6787.0,837,0,98.3,23690
6788.0,837,0,43.7,23664
6789.0,837,0,59.8,23680
6790.1,837,0,90.6,23710
6791.1,836,0,97.6,23734
6792.2,836,0,99.0,23737
6793.2,836,0,98.5,23742
6794.2,836,0,36.7,23780
6795.3,836,0,97.0,23780
6796.3,836,0,88.3,23767
6797.4,836,0,97.8,23761
6798.4,836,0,98.5,23774
6799.5,836,0,96.6,23756
6800.5,836,0,56.9,23738
6801.6,872,0,73.8,23783
6802.6,873,0,90.0,23780
6803.6,869,0,99.2,23783
6804.7,869,0,99.3,23811
6805.7,837,0,97.0,23841
6806.8,837,0,39.2,23880
6807.8,837,0,89.7,23862
6808.8,837,0,98.1,23874
6809.9,837,0,95.5,23886
6810.9,837,0,95.8,23872
6812.0,837,0,98.5,23889
6813.0,837,0,36.4,23868
6814.0,837,0,99.0,23885
6815.1,837,0,89.8,23902
6816.1,837,0,97.2,23892
6817.2,837,0,97.4,23889
6818.2,837,0,98.4,23877
6819.3,837,0,42.8,23886
6820.3,837,0,96.1,23884
6821.4,837,0,88.9,23879
6822.4,837,0,96.5,23872
6823.4,837,0,95.9,23875
6824.5,837,0,59.9,23852
6825.5,837,0,81.3,23892
6826.6,837,0,88.0,23939
6827.6,837,0,97.9,23945
6828.6,837,0,96.2,23957
6829.7,837,0,97.6,23936
6830.7,837,0,85.8,23892
6831.7,837,0,51.5,23926
6832.8,837,0,88.8,23935
6833.8,837,0,95.5,24003
6834.8,837,0,97.5,24028
6835.9,837,0,87.6,23990
6836.9,837,0,4.6,23959
6837.9,837,0,71.1,23996
6839.0,837,0,85.8,23983
6840.0,837,0,97.8,23989
6841.1,837,0,97.9,24000
6842.1,837,0,97.9,23984
6843.2,837,0,97.5,23950
6844.2,878,0,63.1,23922
6845.3,878,0,12.7,23976
6846.3,872,0,98.2,24020
6847.3,869,0,92.4,24030
6848.4,869,0,98.8,24032
6849.4,837,0,97.7,24039
6850.5,837,0,64.9,23975
6851.5,837,0,4.9,23956
6852.5,837,0,4.7,23984
6853.5,837,0,4.7,24003
6854.6,837,0,64.4,24054
6855.6,837,0,93.4,24048
6856.6,837,0,94.6,24053
6857.7,837,0,96.8,24058
6858.7,837,0,96.1,24048
6859.7,837,0,4.9,23985
6860.7,837,0,4.6,24020
6861.8,837,0,29.2,24037
6862.8,837,0,96.7,24038
6863.9,837,0,89.8,24032
6864.9,837,0,98.7,24031
6866.0,837,0,96.9,24028
6867.0,837,0,89.5,24016
6868.0,837,0,4.3,24024
6869.1,837,0,75.5,24082
6870.1,837,0,93.0,24092
6871.2,837,0,97.0,24079
6872.2,850,0,88.6,24055
6873.2,850,0,4.1,24056
6874.2,841,0,4.4,24061
6875.3,841,0,4.3,24066
6876.3,841,0,4.3,24073
6877.3,837,0,4.3,24076
6878.3,837,0,4.1,24091
6879.4,837,0,93.0,24121
6880.4,837,0,87.6,24113
6881.4,836,0,95.9,24117
6882.5,836,0,97.2,24105
6883.5,836,0,98.8,24110
6884.6,836,0,54.1,24108
6885.6,836,0,88.7,24067
6886.6,836,0,89.1,24086
6887.7,836,0,96.9,24085
6888.7,836,0,98.6,24118
6889.7,836,0,97.7,24134
6890.8,836,0,98.9,24143
6891.8,836,0,43.4,24092
6892.8,836,0,59.7,24143
6893.9,836,0,97.6,24095
6894.9,836,0,91.7,24153
6896.0,836,0,97.9,24159
6897.0,836,0,97.9,24179
6898.1,836,0,60.6,24158
6899.1,836,0,84.4,24201
6900.1,836,0,89.1,24220
6901.2,836,0,97.7,24195
6902.2,836,0,95.5,24201
6903.2,873,0,96.3,24202
6904.2,873,0,49.2,24156
6905.3,870,0,92.9,24205
6906.3,865,0,89.6,24199
6907.3,865,0,96.9,24199
6908.4,837,0,95.1,24206
6909.4,837,0,97.0,24199
6910.4,878,0,32.5,24163
6911.5,878,0,4.4,24176
6912.5,869,0,4.4,24179
6913.5,869,0,4.3,24182
6914.5,869,0,30.5,24200
6915.6,837,0,97.7,24193
6916.6,837,0,91.4,24195
6917.7,837,0,95.7,24200
6918.7,877,0,95.7,24241
6919.7,877,0,96.5,24270
6920.7,873,0,43.0,24317
6921.8,869,0,97.6,24329
6922.8,869,0,89.3,24326
6923.9,837,0,97.8,24319
6924.9,837,0,98.5,24281
6926.0,837,0,98.7,24311
6927.0,837,0,37.8,24304
6928.0,837,0,63.3,24311
6929.1,837,0,99.3,24304
6930.1,837,0,90.4,24320
6931.1,837,0,97.1,24303
6932.2,837,0,95.8,24299
6933.2,837,0,97.3,24301
6934.2,837,0,16.0,24285
6935.3,837,0,78.1,24359
6936.3,837,0,90.5,24371
6937.3,837,0,97.8,24373
6938.4,837,0,98.9,24374
6939.5,837,0,78.8,24345
6940.5,837,0,4.1,24318
6941.5,837,0,80.4,24381
6942.5,837,0,90.8,24368
6943.6,837,0,97.3,24384
6944.6,837,0,98.4,24385
6945.7,837,0,61.6,24329
6946.7,837,0,4.3,24344
6947.7,837,0,74.4,24383
6948.8,837,0,89.9,24356
6949.8,837,0,96.5,24362
6950.9,837,0,97.7,24356
6951.9,837,0,95.5,24358
6953.0,837,0,67.1,24348
6954.0,837,0,4.4,24343
6955.0,837,0,6.5,24355
6956.0,837,0,97.9,24348
6957.1,837,0,92.5,24353
6958.1,837,0,98.2,24365
6959.2,837,0,97.6,24385
6960.2,837,0,99.0,24397
6961.2,837,0,84.4,24337
6962.3,837,0,4.1,24316
6963.3,837,0,4.5,24319
6964.3,837,0,4.3,24321
6965.3,837,0,4.4,24343
6966.4,837,0,38.7,24415
6967.4,837,0,96.4,24414
6968.4,837,0,86.7,24400
6969.5,837,0,97.6,24408
6970.5,837,0,99.5,24402
6971.5,834,0,98.0,24407
6972.6,834,0,99.6,24404
6973.6,834,0,12.9,24343
6974.6,834,0,4.5,24353
6975.6,834,0,91.8,24389
6976.7,834,0,91.3,24396
6977.7,834,0,97.6,24385
6978.8,834,0,98.1,24383
6979.8,834,0,35.4,24373
6980.9,834,0,97.7,24383
6981.9,834,1,89.9,24406
6983.0,834,0,96.9,24409
6984.0,834,0,76.5,24352
6985.0,834,0,34.7,24438
6986.1,834,0,97.6,24440
6987.1,834,0,88.9,24461
6988.1,834,0,96.4,24484
6989.2,834,0,96.6,24489
6990.2,872,0,32.9,24467
6991.2,872,0,70.5,24487
6992.3,873,0,99.3,24421
6993.3,869,0,88.7,24476
6994.3,869,0,99.1,24481
6995.4,837,0,99.3,24480
6996.4,837,0,59.1,24410
6997.5,837,0,4.8,24455
6998.5,837,0,96.8,24473
6999.5,837,0,88.1,24468
7000.6,837,0,98.9,24462
7001.6,837,0,98.4,24461
7002.7,837,0,98.1,24457
7003.7,837,0,89.0,24407
7004.8,837,0,4.2,24422
7005.8,837,0,39.2,24481
7006.8,837,0,98.4,24527
7007.9,837,0,89.1,24526
7008.9,837,0,97.8,24567
7010.0,837,0,98.0,24570
7011.0,837,0,96.6,24566
7012.0,837,0,57.7,24487
7013.1,837,0,77.3,24543
7014.1,837,0,97.9,24510
7015.1,837,0,91.5,24564
7016.2,837,0,97.8,24562
7017.2,837,0,95.3,24556
7018.3,837,0,35.7,24548
7019.3,837,0,99.9,24556
7020.4,837,0,91.1,24542
7021.4,836,0,95.1,24548
7022.5,836,0,97.7,24547
7023.5,836,0,95.9,24542
7024.5,836,0,95.9,24488
7025.6,836,0,7.4,24522
7026.6,836,0,92.0,24600
7027.6,836,0,89.1,24616
7028.7,836,0,97.3,24639
7029.7,836,0,96.5,24677
7030.7,836,0,96.5,24691
7031.8,836,0,99.2,24685
7032.8,836,0,43.2,24635
7033.9,836,0,4.1,24620
7034.9,836,0,20.8,24663
7035.9,836,0,98.1,24685
7037.0,836,0,87.6,24686
7038.0,836,0,94.3,24687
7039.1,836,0,94.7,24686
7040.1,836,0,95.9,24698
7041.1,836,0,34.0,24630
7042.2,836,0,7.9,24639
7043.2,836,0,98.3,24665
7044.2,836,0,86.3,24663
7045.3,836,0,96.0,24662
7046.3,836,0,97.3,24671
7047.4,836,0,98.7,24663
7048.4,836,0,95.6,24669
7049.5,836,0,22.7,24621
7050.5,834,0,4.4,24643
7051.5,834,0,4.6,24646
7052.5,834,0,66.9,24625
7053.6,834,0,97.9,24640
7054.6,834,0,88.5,24678
7055.6,834,0,97.6,24688
7056.7,834,0,96.6,24705
7057.7,834,0,97.7,24729
7058.7,834,0,97.9,24740
7059.8,834,0,87.2,24684
7060.8,834,0,4.0,24694
7061.8,834,0,4.5,24715
7062.8,834,0,4.2,24735
7063.9,834,0,4.2,24755
7064.9,834,0,4.3,24772
7065.9,834,0,74.9,24796
7066.9,834,0,99.2,24786
7068.0,834,0,90.2,24788
7069.0,834,0,98.0,24789
7070.0,834,0,96.6,24784
7071.1,834,0,98.6,24786
7072.1,834,1,70.8,24751
7073.1,834,0,64.4,24806
7074.2,834,0,96.7,24841
7075.2,834,0,88.8,24861
7076.3,834,0,98.4,24882
7077.3,834,0,96.8,24885
7078.3,834,0,97.3,24889
7079.4,834,0,6.1,24811
7080.4,834,0,96.5,24876
7081.4,834,0,89.2,24877
7082.5,834,0,97.7,24871
7083.5,834,0,97.5,24874
7084.6,834,0,55.6,24827
7085.6,834,0,77.0,24868
7086.6,834,0,87.8,24872
7087.7,834,0,96.4,24861
7088.7,834,0,98.7,24856
7089.7,834,0,98.2,24872
7090.8,834,0,88.3,24860
7091.8,834,0,6.7,24896
7092.8,834,0,96.6,24941
7093.9,834,0,89.5,24937
7094.9,834,0,97.0,24949
7095.9,834,0,97.2,24947
7097.0,834,0,97.2,24954
7098.0,834,0,98.9,24954
7099.0,834,0,34.1,24883
7100.1,834,0,70.8,24949
7101.1,834,0,97.8,25034
7102.1,834,0,87.3,25094
7103.2,834,0,99.0,25106
7104.2,834,0,96.3,25104
7105.3,834,0,77.0,25042
7106.3,834,0,4.3,25091
7107.3,834,0,4.6,25087
7108.3,834,0,4.5,25080
7109.4,834,0,4.4,25089
7110.4,834,0,23.4,25090
7111.4,834,0,97.5,25137
7112.4,834,0,88.5,25158
7113.5,834,0,97.0,25187
7114.5,834,0,99.4,25190
7115.6,834,0,97.6,25208
7116.6,834,0,96.4,25129
7117.6,834,0,4.7,25164
7118.7,834,0,4.4,25177
7119.7,834,0,4.7,25170
7120.7,834,0,39.3,25223
7121.7,834,0,98.2,25223
7122.8,834,0,88.4,25217
7123.8,834,0,96.1,25304
7124.8,834,0,95.7,25331
7125.9,834,0,97.6,25335
7126.9,834,0,98.6,25343
7127.9,834,0,68.6,25300
7129.0,834,0,62.9,25351
7130.0,834,0,97.5,25314
7131.0,834,0,91.5,25342
7132.1,834,0,97.1,25341
7133.1,834,0,95.9,25343
7134.1,834,0,99.0,25343
7135.2,834,0,91.6,25292
7136.2,834,0,4.4,25294
7137.2,834,0,66.3,25343
7138.3,834,0,89.5,25334
7139.3,834,0,96.9,25335
7140.4,834,0,97.9,25326
7141.4,834,0,96.3,25320
7142.4,834,0,75.9,25248
7143.5,834,0,51.4,25316
7144.5,834,0,98.5,25316
7145.5,834,0,91.7,25310
7146.6,834,0,99.9,25309
7147.6,834,0,97.7,25304
7148.7,834,0,93.4,25314
7149.7,834,0,61.1,25315
7150.7,834,0,81.5,25423
7151.7,834,0,89.2,25422
7152.8,834,0,99.1,25437
7153.8,834,0,97.5,25423
7154.8,834,0,99.2,25437
7155.9,834,0,99.0,25425
7156.9,834,0,70.7,25383
7157.9,834,0,60.8,25425
7159.0,834,0,99.5,25428
7160.0,834,0,89.0,25418
7161.1,834,0,95.9,25438
7162.1,834,0,95.6,25465
7163.2,834,0,99.0,25484
7164.2,834,0,97.7,25511
7165.2,834,0,97.4,25515
7166.3,834,0,28.9,25435
7167.3,834,0,75.2,25542
7168.3,834,0,98.3,25530
7169.4,834,0,88.2,25518
7170.4,834,0,95.8,25518
7171.5,834,0,97.3,25515
7172.5,834,0,98.3,25523
7173.5,834,0,97.3,25527
7174.6,834,0,38.2,25497
7175.6,834,0,99.4,25516
7176.6,834,0,99.5,25513
7177.6,834,0,89.4,25512
7178.7,834,0,98.0,25510
7179.7,834,0,97.8,25508
7180.8,834,0,97.0,25505
7181.8,834,0,85.1,25447
7182.9,834,0,38.4,25500
7183.9,834,0,99.7,25496
7184.9,834,0,88.5,25488
7186.0,834,0,96.8,25493
7187.0,834,0,96.5,25491
7188.1,834,0,94.8,25488
7189.1,834,0,99.0,25466
7190.1,834,0,48.5,25468
7191.2,834,0,74.3,25556
7192.2,834,0,84.9,25579
7193.2,834,0,93.6,25589
7194.3,834,0,93.1,25579
7195.3,834,0,83.3,25537
7196.3,834,0,41.5,25549
7197.4,834,0,97.7,25565
7198.4,834,0,88.1,25580
7199.4,834,0,97.6,25592
7200.5,834,0,94.3,25579
7201.5,834,0,82.7,25552
7202.5,834,0,51.2,25619
7203.6,871,0,97.3,25631
7204.6,873,0,89.5,25648
7205.7,874,0,98.4,25630
7206.7,869,0,96.2,25644
7207.8,869,0,94.9,25654
7208.8,837,0,91.5,25575
7209.8,837,0,4.4,25562
7210.8,837,0,57.9,25623
7211.9,837,0,98.6,25643
7212.9,837,0,88.6,25657
7213.9,837,0,96.8,25647
7215.0,837,0,99.7,25659
7216.0,837,0,95.4,25658
7217.1,837,0,98.0,25671
7218.1,837,0,81.1,25574
7219.1,837,0,47.3,25676
7220.2,837,0,98.6,25690
7221.2,837,0,86.6,25687
7222.3,837,0,99.4,25694
7223.3,837,0,96.8,25682
7224.3,837,0,97.0,25688
7225.4,837,0,85.3,25611
7226.4,837,0,4.2,25621
7227.4,837,0,4.1,25636
7228.5,837,0,4.3,25646
7229.5,837,0,4.4,25649
7230.5,837,0,26.1,25721
7231.5,837,0,99.4,25696
7232.6,837,0,90.7,25724
7233.6,837,0,98.9,25734
7234.7,879,0,96.4,25750
7235.7,870,0,94.9,25763
7236.8,870,0,99.2,25766
7237.8,870,0,42.6,25776
7238.9,870,0,97.1,25773
7239.9,838,0,89.1,25753
7240.9,838,0,95.9,25764
7242.0,838,0,95.4,25752
7243.0,838,0,95.8,25769
7244.1,838,0,40.5,25746
7245.1,838,0,99.2,25756
7246.1,838,0,98.0,25753
7247.2,838,0,87.8,25747
7248.2,838,0,95.8,25750
7249.2,838,0,93.4,25758
7250.3,838,0,98.9,25745
7251.3,879,17,96.6,25733
7252.3,879,1,16.2,25678
7253.3,879,0,86.5,25735
7254.4,878,0,89.5,25726
7255.4,873,3,95.7,25738
7256.4,870,1,95.2,25730
7257.5,870,0,97.9,25735
7258.5,870,0,95.8,25754
7259.6,838,0,31.1,25764
7260.6,838,0,95.8,25792
7261.7,838,0,89.6,25823
7262.7,838,0,97.9,25821
7263.8,838,0,96.5,25816
7264.8,838,0,97.4,25816
7265.8,838,0,97.6,25825
7266.9,838,0,97.8,25814
7267.9,838,0,65.1,25763
7268.9,838,0,34.5,25814
7270.0,838,0,96.0,25812
7271.0,838,0,90.4,25809
7272.0,838,0,94.9,25810
7273.1,838,0,98.7,25808
7274.1,838,0,98.6,25804
7275.2,838,0,96.0,25797
7276.2,879,33,42.2,25792
7277.3,879,0,97.4,25802
7278.3,873,3,95.8,25811
7279.4,870,1,89.2,25794
7280.4,870,0,95.7,25805
7281.5,842,2,94.8,25821
7282.5,842,0,97.2,25802
7283.6,842,0,4.7,25834
7284.6,842,0,93.5,25867
7285.6,842,0,94.9,25870
7286.7,842,0,92.5,25891
7287.7,842,0,97.3,25925
7288.7,842,0,96.7,25923
7289.8,842,0,98.0,25921
7290.8,842,0,97.4,25878
7291.9,842,0,31.9,25905
7292.9,842,0,99.5,25902
7293.9,842,0,87.9,25898
7295.0,841,0,98.2,25905
7296.0,841,0,97.1,25905
7297.0,841,0,98.7,25900
7298.1,841,0,99.5,25898
7299.1,841,0,95.8,25899
7300.1,841,0,38.0,25859
7301.2,841,0,89.9,25979
7302.2,841,0,99.3,25972
7303.3,841,0,89.4,25987
7304.3,841,0,97.0,26017
7305.3,841,0,97.9,26015
7306.3,841,0,96.3,26038
7307.4,841,0,98.9,26047
7308.4,841,0,44.1,26032
7309.5,841,0,98.0,26042
7310.5,841,0,90.6,26031
7311.5,841,0,97.2,26032
7312.6,841,1,95.2,26033
7313.6,841,0,99.7,26032
7314.7,841,0,96.0,26024
7315.7,841,0,91.8,25971
7316.7,841,0,52.7,26021
7317.8,841,0,96.3,26025
7318.8,841,0,88.4,26018
7319.9,841,0,97.6,26017
7320.9,841,0,97.5,26068
7321.9,841,0,94.4,26091
7323.0,841,0,31.0,26084
7324.0,841,0,4.3,26119
7325.0,838,0,4.2,26140
7326.0,838,0,87.1,26162
7327.1,838,0,98.0,26096
7328.1,838,0,89.8,26157
7329.1,838,0,97.5,26155
7330.2,838,0,96.5,26152
7331.2,838,0,99.6,26146
7332.3,838,0,97.1,26144
7333.3,838,0,97.3,26111
7334.3,838,0,4.4,26142
7335.4,838,0,96.7,26195
7336.4,838,0,88.2,26216
7337.4,838,0,95.4,26244
7338.5,838,0,98.0,26254
7339.5,838,0,97.3,26240
7340.6,838,0,99.6,26258
7341.6,838,0,98.2,26243
7342.6,838,0,26.4,26183
7343.7,838,0,4.2,26214
7344.7,838,0,4.3,26221
7345.7,838,0,37.4,26300
7346.7,838,0,99.0,26314
7347.8,838,0,87.0,26329
7348.8,838,0,99.3,26356
7349.9,838,0,99.3,26356
7350.9,838,0,98.6,26349
7352.0,838,0,97.0,26350
7353.0,838,0,99.5,26346
7354.1,838,0,31.1,26265
7355.1,838,0,4.2,26277
7356.1,838,0,58.5,26330
7357.1,838,0,95.8,26324
7358.2,838,0,88.1,26318
7359.2,838,0,99.1,26330
7360.3,838,0,97.3,26315
7361.3,838,0,98.0,26323
7362.4,838,0,97.1,26315
7363.4,838,0,97.8,26312
7364.4,838,0,35.9,26273
7365.5,838,0,96.5,26317
7366.5,838,0,88.7,26303
7367.6,838,0,99.1,26303
7368.6,838,0,99.2,26308
7369.7,838,0,98.4,26302
7370.7,838,0,95.7,26308
7371.7,838,0,42.5,26290
7372.8,838,1,86.5,26384
7373.8,838,0,97.0,26385
7374.8,838,0,88.2,26420
7375.9,838,0,98.0,26423
7376.9,838,0,94.2,26449
7377.9,838,0,97.2,26452
7379.0,838,0,87.1,26376
7380.0,838,0,40.6,26454
7381.1,838,0,98.6,26448
7382.1,838,0,97.7,26441
7383.1,838,0,89.4,26442
7384.2,838,0,98.1,26441
7385.2,838,0,99.3,26442
7386.2,838,0,96.0,26430
7387.3,838,0,97.6,26431
7388.4,838,0,58.3,26364
7389.4,838,0,46.2,26434
7390.4,838,0,97.9,26439
7391.5,838,0,97.6,26423
7392.5,838,0,91.7,26420
7393.5,838,0,98.0,26422
7394.6,838,0,96.1,26422
7395.6,838,0,98.7,26423
7396.7,838,0,95.3,26422
7397.7,838,0,94.1,26366
7398.7,838,0,4.5,26394
7399.7,838,0,65.7,26439
7400.8,838,0,96.6,26488
7401.8,838,0,89.2,26491
7402.9,838,0,99.4,26530
7403.9,838,0,98.1,26528
7404.9,838,0,99.1,26539
7406.0,838,0,98.4,26535
7407.0,838,0,98.5,26531
7408.0,838,0,33.3,26613
7409.1,838,0,98.2,26637
7410.1,838,0,92.9,26613
7411.1,838,0,94.1,26621
7412.2,838,0,97.0,26643
7413.2,838,0,99.8,26637
7414.2,838,0,93.3,26638
7415.3,838,0,99.6,26640
7416.3,838,0,58.9,26576
7417.3,838,0,74.5,26639
7418.4,838,0,86.8,26635
7419.4,838,0,95.4,26628
7420.5,838,0,98.7,26628
7421.5,838,0,96.8,26623
7422.5,838,0,93.1,26593
7423.6,838,0,4.1,26606
7424.6,838,0,4.3,26608
7425.6,838,0,60.0,26629
7426.6,838,0,93.5,26582
7427.7,838,0,84.9,26624
7428.7,838,0,93.9,26651
7429.8,838,0,94.3,26676
7430.8,838,0,92.7,26695
7431.8,838,0,33.4,26742
7432.9,838,0,96.5,26743
7433.9,838,0,89.6,26840
7434.9,838,0,98.9,26875
7436.0,838,0,99.6,26889
7437.0,838,0,99.0,26902
7438.1,838,0,94.0,26896
7439.1,838,0,97.5,26883
7440.2,838,0,32.5,26817
7441.2,838,0,4.0,26819
7442.2,838,0,48.8,26882
7443.2,838,0,97.3,26876
7444.3,838,0,88.6,26865
7445.3,838,0,97.9,26876
7446.3,838,0,97.3,26864
7447.4,838,0,98.6,26863
7448.4,838,0,98.9,26854
7449.5,838,0,97.1,26852
7450.5,838,0,96.8,26859
7451.6,838,0,56.4,26767
7452.6,838,0,4.1,26766
7453.6,838,0,54.8,26836
7454.6,838,0,97.4,26849
7455.7,838,0,88.2,26846
7456.7,838,0,98.3,26846
7457.7,838,0,99.3,26826
7458.8,838,0,97.1,26837
7459.8,838,0,98.8,26846
7460.9,838,0,98.6,26872
7461.9,838,0,99.2,26883
7463.0,838,0,41.5,26840
7464.0,838,0,4.3,26864
7465.0,838,0,69.4,26907
7466.0,838,0,91.6,26874
7467.1,838,0,96.7,26919
7468.1,838,0,95.0,26945
7469.1,838,0,99.6,26955
7470.2,838,0,98.6,26961
7471.2,838,0,96.2,26941
7472.3,838,0,73.7,26917
7473.3,838,0,67.7,26947
7474.3,838,0,89.9,26907
7475.4,838,0,95.0,26933
7476.4,838,0,96.9,26929
7477.4,838,0,98.1,26936
7478.5,838,0,99.5,26935
7479.5,838,0,70.3,26860
7480.5,848,0,30.5,26947
7481.5,848,0,97.9,26926
7482.6,842,0,86.3,26927
7483.6,840,0,97.0,26925
7484.7,840,0,97.7,26930
7485.7,836,0,96.9,26922
7486.7,836,0,65.5,26862
7487.8,836,0,4.2,26888
7488.8,836,0,13.6,26911
7489.8,836,0,98.0,26959
7490.8,836,1,84.6,26923
7491.9,836,1,94.6,26972
7492.9,836,0,90.2,26964
7493.9,836,0,95.2,26982
7495.0,836,0,95.7,26993
7496.0,836,0,69.9,26931
7497.0,836,0,4.2,26934
7498.1,836,0,4.4,26964
7499.1,836,0,4.1,26963
7500.1,836,0,49.1,27040
7501.1,836,0,99.4,27030
7502.2,836,0,86.2,27026
7503.2,836,0,97.8,27025
7504.3,836,0,98.5,27032
7505.3,836,0,96.8,27057
7506.4,836,0,97.5,27064
7507.4,836,0,99.8,27085
7508.4,836,0,97.7,27115
7509.5,836,0,48.5,27073
7510.5,836,0,4.4,27105
7511.5,834,0,4.2,27101
7512.5,834,0,4.7,27107
7513.5,834,0,4.5,27106
7514.5,834,0,4.4,27111
7515.6,834,0,4.8,27142
7516.6,834,0,95.7,27169
7517.6,834,0,94.9,27145
7518.7,834,0,89.8,27187
7519.7,834,0,97.0,27201
7520.7,834,0,96.6,27245
7521.8,834,0,93.3,27245
7522.8,834,0,40.4,27227
7523.8,834,0,98.8,27242
7524.9,834,0,96.2,27241
7525.9,834,0,87.4,27230
7526.9,834,0,97.6,27223
7528.0,834,0,98.9,27219
7529.0,834,0,97.4,27228
7530.1,834,0,99.1,27227
7531.1,834,0,98.5,27226
7532.1,834,0,96.3,27222
7533.2,834,0,44.3,27181
7534.2,834,0,4.5,27214
7535.2,834,0,37.3,27215
7536.2,834,0,91.8,27260
7537.3,834,0,81.8,27287
7538.3,834,0,95.4,27321
7539.3,834,0,97.2,27345
7540.4,834,0,96.1,27360
7541.4,834,0,93.3,27329
7542.4,834,0,10.6,27263
7543.5,834,0,4.3,27267
7544.5,834,0,4.4,27265
7545.5,834,0,4.2,27281
7546.5,834,0,4.3,27297
7547.5,834,0,4.3,27298
7548.6,834,0,4.2,27308
7549.6,834,0,4.5,27314
7550.6,834,0,4.2,27306
7551.6,834,0,4.2,27311
7552.6,834,1,4.4,27301
7553.7,834,0,4.1,27304
7554.7,834,0,12.8,27298
7555.7,834,0,99.2,27310
7556.8,834,0,4.3,27312
7557.8,834,0,4.1,27310
7558.8,834,0,8.9,27366
7559.8,834,0,96.7,27408
7560.9,834,0,87.7,27400
7561.9,834,0,95.0,27414
7562.9,834,0,95.9,27409
7564.0,834,0,97.2,27431
7565.0,834,0,97.8,27437
7566.1,834,0,71.4,27428
7567.1,834,0,67.5,27431
7568.1,834,0,99.2,27430
7569.2,834,0,85.9,27403
7570.2,834,0,97.1,27422
7571.2,834,0,99.6,27422
7572.3,834,0,99.1,27418
7573.3,834,0,96.3,27419
7574.4,834,0,92.9,27418
7575.4,834,0,22.4,27345
7576.4,834,0,4.0,27369
7577.4,834,0,4.4,27356
7578.5,834,0,4.3,27357
7579.5,834,0,4.1,27372
7580.5,834,0,4.3,27385
7581.5,834,0,4.3,27384
7582.6,834,0,4.0,27382
7583.6,834,0,4.4,27379
7584.6,834,0,4.2,27380
7585.6,834,0,4.2,27369
7586.6,834,0,43.8,27455
7587.7,834,0,99.1,27496
7588.7,834,0,88.8,27474
7589.7,834,0,98.5,27491
7590.8,834,0,95.7,27489
7591.8,834,0,96.3,27480
7592.8,834,0,97.8,27484
7593.9,834,0,98.4,27481
7594.9,834,0,74.5,27421
7595.9,834,0,4.2,27427
7597.0,834,0,4.4,27457
7598.0,834,0,4.1,27463
7599.0,834,0,50.9,27503
7600.0,834,0,99.2,27530
7601.1,834,0,85.2,27566
7602.1,834,0,99.3,27573
7603.1,834,0,97.4,27582
7604.2,834,0,97.4,27579
7605.2,834,0,96.7,27564
7606.2,834,0,97.0,27581
7607.3,834,0,35.0,27577
7608.3,834,0,99.4,27579
7609.3,834,0,97.6,27571
7610.4,834,0,85.8,27569
7611.4,834,0,93.6,27566
7612.4,834,1,98.7,27563
7613.5,834,0,99.2,27562
7614.5,834,0,96.9,27558
7615.6,834,0,67.7,27515
7616.6,834,0,65.7,27576
7617.6,834,0,98.6,27620
7618.7,834,0,88.9,27629
7619.7,834,0,99.1,27649
7620.7,834,0,95.6,27655
7621.8,834,0,99.8,27660
7622.8,834,0,94.0,27682
7623.8,834,0,21.3,27644
7624.9,834,0,4.4,27666
7625.9,834,0,4.2,27675
7626.9,834,0,4.5,27663
7627.9,834,0,4.3,27654
7628.9,834,0,61.4,27744
7630.0,834,0,96.2,27776
7631.0,834,0,86.0,27775
7632.1,834,0,99.6,27803
7633.1,834,0,96.8,27796
7634.1,834,0,98.8,27781
7635.2,834,0,97.5,27787
7636.2,834,0,95.7,27780
7637.3,834,0,60.6,27753
7638.3,834,0,36.8,27810
7639.4,834,0,97.7,27821
7640.4,834,0,99.9,27837
7641.5,834,0,86.3,27838
7642.5,834,0,96.2,27843
7643.6,834,0,96.6,27853
7644.6,834,0,98.3,27849
7645.6,834,0,98.0,27858
7646.7,834,0,96.2,27870
7647.7,834,0,17.6,27803
7648.7,834,0,4.5,27740
7649.7,834,0,4.4,27746
7650.8,834,0,4.3,27754
7651.8,834,0,10.1,27775
7652.8,834,0,95.7,27788
7653.8,834,0,98.0,27741
7654.9,834,0,88.4,27834
7655.9,834,0,98.9,27824
7656.9,834,0,97.9,27835
7658.0,834,0,99.1,27845
7659.0,834,0,91.7,27789
7660.1,834,0,41.6,27856
7661.1,834,0,97.6,27856
7662.1,834,0,88.2,27851
7663.2,834,0,99.8,27849
7664.2,834,0,99.2,27842
7665.3,834,0,97.7,27846
7666.3,834,0,98.0,27842
7667.3,834,0,97.5,27838
7668.4,834,0,97.7,27772
7669.4,834,0,37.4,27836
7670.4,834,0,97.3,27834
7671.5,834,1,86.6,27830
7672.5,834,0,98.9,27825
7673.5,834,0,97.5,27823
7674.6,834,0,99.3,27821
7675.6,834,0,96.5,27819
7676.6,834,0,97.5,27819
7677.7,834,0,97.5,27822
7678.7,834,0,60.0,27789
7679.8,834,0,4.5,27809
7680.8,834,0,4.1,27806
7681.8,834,0,79.5,27902
7682.8,834,0,94.7,27923
7683.9,834,0,88.6,27928
7684.9,834,0,99.2,27915
7686.0,834,0,99.2,27924
7687.0,834,0,95.1,27920
7688.1,834,0,82.7,27867
7689.1,834,0,4.1,27874
7690.1,834,0,4.3,27892
7691.1,834,0,91.9,27994
7692.2,834,0,99.1,28022
7693.2,834,0,88.1,28018
7694.2,834,0,99.6,28034
7695.3,834,0,99.3,28021
7696.3,834,0,96.3,28016
7697.4,834,0,98.2,28025
7698.4,834,0,98.4,28026
7699.4,834,0,37.9,27972
7700.5,834,0,87.0,28072
7701.5,834,0,98.5,28060
7702.5,834,0,88.3,28053
7703.6,834,0,99.4,28059
7704.6,834,0,97.4,28081
7705.7,834,0,98.9,28100
7706.7,879,0,98.9,28113
7707.8,879,0,99.7,28124
7708.8,879,0,95.1,28122
7709.8,878,0,31.8,28046
7710.9,870,0,4.0,28059
7711.9,870,0,4.4,28084
7712.9,870,0,4.0,28084
7713.9,838,0,4.4,28095
7715.0,838,0,4.1,28097
7716.0,838,0,4.5,28088
7717.0,838,0,4.1,28096
7718.0,838,0,4.4,28087
7719.0,838,0,4.2,28087
7720.1,838,0,4.2,28070
7721.1,838,0,4.4,28079
7722.1,838,0,4.1,28079
7723.1,838,0,7.9,28173
7724.1,838,0,4.1,28183
7725.2,838,0,4.5,28169
7726.2,838,0,4.1,28189
7727.2,838,0,4.4,28201
7728.2,838,0,4.5,28184
7729.2,838,0,4.1,28197
7730.3,838,0,4.5,28191
7731.3,838,0,73.5,28259
7732.3,838,0,97.9,28284
7733.4,838,0,99.8,28301
7734.4,838,0,85.7,28289
7735.4,838,0,98.5,28284
7736.5,838,0,98.5,28283
7737.5,838,0,99.8,28290
7738.6,838,0,97.3,28272
7739.7,838,0,97.0,28263
7740.7,838,0,96.7,28250
7741.7,838,0,51.9,28173
7742.8,838,0,79.3,28218
7743.8,838,0,97.5,28226
7744.8,838,0,93.8,28218
7745.9,838,0,91.5,28244
7746.9,838,0,98.9,28266
7747.9,838,0,96.0,28257
7749.0,838,0,98.4,28257
7750.0,838,0,96.7,28255
7751.1,838,0,97.0,28253
7752.1,838,0,97.5,28238
7753.1,838,0,39.4,28182
7754.1,838,0,88.9,28257
7755.2,838,0,96.1,28247
7756.2,838,0,88.9,28243
7757.3,838,0,94.2,28243
7758.3,838,0,99.3,28245
7759.3,838,0,99.0,28240
7760.4,838,0,95.7,28255
7761.4,879,15,97.7,28253
7762.4,880,0,60.1,28222
7763.5,874,0,66.9,28343
7764.5,871,0,80.8,28364
7765.5,871,0,90.8,28372
7766.6,839,0,90.0,28385
7767.6,839,0,97.1,28378
7768.7,839,0,89.2,28377
7769.7,839,0,36.5,28387
7770.7,839,0,99.8,28303
7771.7,839,0,95.2,28360
7772.8,839,0,90.2,28367
7773.8,839,0,99.6,28400
7774.8,839,0,96.9,28420
7775.9,839,0,97.3,28432
7776.9,839,0,95.6,28455
7778.0,839,0,99.8,28452
7779.0,839,0,97.5,28471
7780.0,879,0,97.9,28450
7781.1,879,0,96.4,28442
7782.1,874,0,75.2,28457
7783.2,878,0,63.5,28534
7784.2,872,0,98.2,28520
7785.2,870,0,89.4,28480
7786.3,870,0,96.9,28466
7787.3,838,0,95.3,28490
7788.3,838,0,97.0,28487
7789.4,838,0,97.8,28480
7790.4,838,0,97.3,28497
7791.4,838,0,95.2,28491
7792.5,838,1,41.3,28492
7793.5,838,0,29.0,28494
7794.5,838,0,96.6,28492
7795.6,838,0,97.8,28507
7796.6,838,0,87.0,28513
7797.6,838,0,94.4,28562
7798.7,838,0,93.4,28576
7799.7,838,0,92.7,28580
7800.8,838,0,98.0,28581
7801.8,838,0,39.1,28612
7802.8,838,0,99.8,28607
7803.9,838,0,96.8,28605
7804.9,838,0,87.8,28591
7805.9,838,0,98.1,28603
7807.0,838,0,97.8,28604
7808.0,838,0,96.1,28602
7809.1,838,0,95.4,28600
7810.1,838,0,95.4,28588
7811.1,838,0,80.9,28588
7812.2,838,0,4.3,28591
7813.2,838,0,85.4,28598
7814.2,838,0,99.4,28573
7815.3,838,0,85.6,28544
7816.4,838,0,95.9,28568
7817.4,838,0,95.5,28576
7818.4,838,0,97.5,28577
7819.5,838,0,94.1,28479
7820.5,838,0,4.7,28525
7821.5,838,0,87.8,28560
7822.6,838,1,98.2,28561
7823.6,838,0,92.5,28535
7824.7,838,0,91.6,28553
7825.7,838,0,94.4,28570
7826.7,838,0,98.1,28616
7827.8,834,0,96.0,28627
7828.8,834,0,95.9,28562
7829.9,834,0,35.5,28492
7830.9,834,0,90.5,28578
7832.0,834,0,99.7,28564
7833.0,834,0,87.5,28582
7834.0,834,0,98.2,28599
7835.1,834,0,97.1,28627
7836.1,834,0,99.5,28596
7837.1,834,0,94.9,28622
7838.2,834,0,98.6,28626
7839.2,834,0,96.7,28641
7840.3,834,0,24.1,28607
7841.3,834,0,68.9,28657
7842.3,834,0,94.5,28640
7843.4,834,0,86.2,28629
7844.4,834,0,98.8,28645
7845.4,834,0,98.2,28644
7846.5,834,0,99.5,28635
7847.5,834,0,98.4,28639
7848.6,834,0,98.0,28634
7849.7,834,0,99.5,28631
7850.7,834,0,58.0,28559
7851.7,834,0,84.3,28601
7852.7,834,0,99.4,28629
7853.8,834,0,99.8,28625
7854.8,834,0,89.7,28622
7855.9,834,0,96.8,28620
7856.9,834,0,98.1,28621
7857.9,834,0,93.6,28619
7859.0,834,0,96.5,28616
7860.0,834,0,94.9,28612
7861.0,834,0,76.7,28541
7862.1,834,0,26.0,28621
7863.1,834,0,94.5,28665
7864.1,834,0,87.3,28683
7865.2,834,0,97.4,28701
7866.2,834,0,96.7,28719
7867.3,834,0,92.1,28682
7868.3,841,0,5.0,28653
7869.3,840,0,95.0,28719
7870.4,840,0,96.5,28729
7871.4,836,0,85.9,28720
7872.4,836,0,98.2,28719
7873.5,836,0,99.2,28713
7874.5,836,0,99.5,28709
7875.6,836,0,98.8,28716
7876.6,836,0,99.8,28708
7877.6,836,0,99.4,28712
7878.7,836,0,98.8,28709
7879.7,836,0,86.7,28660
7880.7,836,0,10.1,28723
7881.8,836,0,98.6,28777
7882.8,836,0,94.7,28831
7883.8,836,0,89.3,28824
7884.9,836,0,99.3,28826
7885.9,836,0,99.5,28816
7886.9,836,0,99.1,28814
7888.0,836,0,93.0,28810
7889.0,842,0,93.5,28812
7890.0,842,0,87.0,28734
7891.1,840,0,49.1,28809
7892.1,840,0,99.4,28804
7893.1,836,0,96.4,28811
7894.2,836,0,87.9,28802
7895.2,836,0,97.6,28807
7896.3,836,0,96.4,28830
7897.4,836,0,98.8,28823
7898.4,836,0,97.2,28828
7899.4,836,0,97.6,28826
7900.5,836,0,98.5,28818
7901.5,836,0,28.0,28780
7902.5,836,0,25.7,28867
7903.6,836,0,94.5,28873
7904.6,836,0,82.2,28863
7905.7,836,0,95.6,28865
7906.7,836,0,97.2,28867
7907.8,836,0,98.7,28873
7908.8,836,0,96.9,28875
7909.8,836,0,36.4,28816
7910.9,836,0,61.8,28925
7911.9,836,1,98.5,28929
7912.9,836,0,88.9,28908
7914.0,836,0,99.5,28920
7915.0,836,0,99.1,28931
7916.0,836,0,96.5,28928
7917.1,836,0,98.8,28924
7918.1,836,0,98.1,28933
7919.2,836,0,99.7,28928
7920.2,836,0,96.4,28930
7921.3,836,0,99.1,28950
7922.3,836,0,64.1,28915
7923.4,836,0,79.1,28966
7924.4,836,0,95.7,28902
7925.4,836,0,89.3,28991
7926.5,836,0,95.7,28987
7927.5,835,0,98.4,28989
7928.6,835,0,98.3,28991
7929.6,835,0,47.2,28926
7930.7,835,0,82.3,29000
7931.7,835,0,97.0,29012
7932.8,835,0,87.8,29011
7933.8,835,0,95.4,29018
7934.8,835,0,97.1,29009
7935.9,835,0,99.2,29016
7936.9,835,0,97.5,29028
7938.0,835,0,98.4,29030
7939.0,835,0,98.5,29040
7940.0,835,0,71.6,28987
7941.1,835,0,71.2,29049
7942.1,835,0,99.2,29059
7943.1,835,0,85.3,29047
7944.2,835,0,92.2,29058
7945.2,835,0,97.6,29064
7946.2,835,0,91.3,29069
7947.3,835,0,96.6,29077
7948.3,835,0,98.4,29079
7949.4,835,0,51.8,29050
7950.4,835,0,86.0,29086
7951.4,835,0,98.6,29089
7952.5,835,0,98.9,29090
7953.6,835,0,88.2,29092
7954.6,835,0,97.1,29095
7955.6,835,0,98.1,29095
7956.7,835,0,97.6,29092
7957.7,835,0,96.8,29097
7958.7,835,0,93.7,29103
7959.8,835,0,33.9,29091
7960.8,835,0,96.8,29105
7961.8,835,0,98.3,29113
7962.9,835,0,85.8,29113
7963.9,835,0,97.9,29130
7964.9,835,0,96.6,29142
7966.0,835,0,97.0,29142
7967.0,835,0,97.3,29153
7968.1,835,0,97.4,29153
7969.1,835,0,78.3,29088
7970.1,835,0,54.1,29159
7971.2,835,0,94.8,29170
7972.2,835,1,88.4,29122
7973.3,842,0,94.9,29144
7974.3,840,0,96.3,29149
7975.3,840,0,99.1,29149
7976.4,836,0,97.0,29159
7977.4,836,0,97.2,29161
7978.5,836,0,95.9,29179
7979.5,836,0,47.1,29106
7980.5,836,0,77.2,29179
7981.6,836,0,96.9,29174
7982.6,836,0,86.6,29172
7983.6,836,0,96.1,29186
7984.7,836,0,99.0,29187
7985.7,836,0,97.9,29192
7986.8,836,0,98.9,29196
7987.8,836,0,93.9,29204
7988.9,836,0,59.4,29142
7989.9,836,0,71.7,29219
7990.9,836,0,98.3,29225
7992.0,836,0,86.6,29226
7993.0,836,0,99.0,29237
7994.1,836,0,96.2,29241
7995.1,836,0,99.3,29235
7996.1,836,0,93.0,29211
7997.2,836,0,96.7,29215
7998.2,836,0,46.3,29175
7999.2,836,0,90.8,29245
8000.3,836,0,94.9,29274
8001.3,836,0,86.2,29268
8002.4,835,0,96.4,29273
8003.4,835,0,93.3,29277
8004.5,835,0,90.9,29279
8005.5,835,0,93.9,29288
8006.5,835,0,98.1,29273
8007.6,835,0,30.1,29219
8008.6,835,0,98.1,29202
8009.7,835,0,88.0,29212
8010.7,835,0,93.3,29207
8011.7,835,0,97.4,29204
8012.8,835,0,97.6,29204
8013.8,835,0,75.0,29183
8014.8,835,0,55.9,29264
8015.9,835,0,99.3,29271
8016.9,835,0,99.8,29280
8018.0,835,0,88.8,29271
8019.0,835,0,95.0,29274
8020.1,835,0,98.7,29201
8021.1,835,0,98.7,29206
8022.2,835,0,98.2,29239
8023.2,835,0,99.4,29245
8024.3,835,0,98.9,29242
8025.3,835,0,98.5,29242
8026.3,835,0,95.1,29177
8027.4,835,0,12.4,29189
8028.4,835,0,95.9,29184
8029.4,835,0,99.9,29193
8030.5,835,0,90.0,29197
8031.5,835,0,95.1,29200
8032.5,835,1,94.0,29207
8033.6,835,0,95.9,29237
8034.6,835,0,93.7,29248
8035.6,835,0,94.4,29262
8036.7,835,0,42.7,29257
8037.7,835,0,97.5,29259
8038.8,835,0,99.4,29254
8039.8,835,0,97.9,29244
8040.8,835,0,88.5,29249
8041.9,835,0,99.6,29251
8042.9,835,0,98.9,29225
8043.9,835,0,96.7,29230
8045.0,875,0,96.0,29244
8046.0,875,0,99.4,29261
8047.1,875,0,35.8,29241
8048.1,871,0,95.8,29274
8049.1,871,0,94.9,29272
8050.2,839,0,87.2,29174
8051.2,839,0,96.1,29184
8052.2,839,0,94.8,29190
8053.3,839,0,99.6,29218
8054.4,839,0,99.5,29225
8055.4,839,0,96.5,29224
8056.4,839,0,94.9,29211
8057.4,839,0,34.2,29222
8058.5,839,0,95.4,29243
8059.6,839,0,94.9,29123
8060.6,839,0,86.7,29171
8061.7,839,0,95.8,29173
8062.7,839,0,95.5,29175
8063.7,839,0,98.5,29171
8064.8,839,0,97.1,29177
8065.8,839,0,98.2,29180
8066.8,839,0,84.3,29084
8067.9,879,0,47.1,29192
8068.9,879,0,92.3,29160
8069.9,874,0,88.1,29190
8071.0,871,0,97.3,29197
8072.0,839,0,92.1,29205
8073.1,839,0,93.0,29201
8074.1,839,0,92.6,29100
8075.1,844,2,33.0,29087
8076.2,844,0,98.3,29124
8077.2,843,2,98.5,29145
8078.2,843,0,90.1,29139
8079.3,843,0,98.3,29141
8080.3,839,0,99.5,29139
8081.3,839,0,98.4,29128
8082.4,839,0,96.5,29136
8083.5,839,0,98.5,29132
8084.5,839,0,98.7,29135
8085.5,839,0,98.9,29134
8086.6,839,0,39.9,29121
8087.6,839,0,96.6,29126
8088.6,839,0,96.4,29120
8089.7,839,0,87.6,29115
8090.7,839,1,97.1,29132
8091.8,839,0,98.5,29140
8092.8,839,1,97.9,29145
8093.8,844,0,96.4,29155
8094.9,844,0,99.3,29151
8095.9,843,0,95.2,29059
8097.0,843,0,20.1,29024
8098.0,843,0,48.3,29117
8099.1,839,0,97.2,29108
8100.1,839,0,99.0,29102
8101.1,839,0,87.5,29097
8102.2,839,0,97.1,29098
8103.2,839,0,95.8,29103
8104.2,839,0,97.3,29102
8105.3,839,0,95.0,29107
8106.3,837,0,68.3,29063
8107.3,837,0,67.4,29049
8108.4,837,0,99.5,29063
8109.4,837,0,96.5,29053
8110.4,842,0,89.2,29039
8111.5,841,0,99.2,29045
8112.5,841,0,95.6,29047
8113.5,841,0,96.8,29045
8114.6,837,0,96.0,29045
8115.6,837,0,64.1,29011
8116.6,837,0,80.3,28947
8117.7,837,0,99.0,28984
8118.7,842,0,98.2,28971
8119.7,842,0,80.3,29018
8120.8,841,0,96.0,29046
8121.8,851,0,96.0,29057
8122.9,850,25,96.9,29054
8123.9,844,0,94.8,29052
8124.9,842,0,98.4,29049
8126.0,842,0,99.7,29051
8127.0,838,0,71.5,28964
8128.0,838,0,28.8,29002
8129.0,838,0,97.6,29027
8130.1,838,0,83.7,29034
8131.1,838,0,96.0,29030
8132.1,838,0,90.8,29029
8133.2,838,0,95.9,29038
8134.2,844,0,95.1,29027
8135.3,844,0,95.0,29006
8136.3,843,0,42.9,28970
8137.3,843,0,92.1,28874
8138.4,843,0,92.1,28714
8139.4,839,0,83.4,28772
8140.5,839,0,87.6,28776
8141.5,839,0,98.1,28806
8142.5,839,0,95.6,28801
8143.6,839,0,91.0,28821
8144.6,839,0,33.1,28826
8145.7,839,0,97.4,28859
8146.7,839,0,97.9,28870
8147.8,839,0,88.3,28875
8148.8,839,0,96.7,28880
8149.8,839,0,94.5,28886
8150.9,839,0,97.7,28886
8151.9,839,0,99.2,28884
8152.9,839,0,97.1,28898
8154.0,839,0,97.6,28874
8155.0,839,0,61.3,28802
8156.0,839,0,68.8,28917
8157.1,839,0,97.9,28936
8158.1,839,0,87.5,28943
8159.1,839,0,93.6,28945
8160.2,839,0,99.4,28942
8161.2,839,0,96.9,28932
8162.2,839,0,95.9,28866
8163.3,839,0,36.1,28926
8164.3,839,0,98.7,28921
8165.3,839,0,88.2,28908
8166.3,835,0,98.5,28918
8167.4,835,0,99.2,28911
8168.4,835,0,95.7,28908
8169.4,835,0,99.2,28912
8170.5,835,0,91.7,28897
8171.5,835,0,94.3,28892
8172.5,835,0,70.7,28799
8173.6,835,0,54.6,28862
8174.6,835,0,97.4,28862
8175.6,835,0,97.5,28888
8176.7,835,0,88.7,28865
8177.7,835,0,98.3,28883
8178.7,835,0,97.7,28879
8179.8,835,0,96.0,28877
8180.8,835,0,92.5,28872
8181.9,835,0,96.8,28877
8182.9,835,0,99.8,28882
8184.0,835,0,33.2,28801
8185.0,835,0,95.8,28747
8186.0,863,0,93.0,28704
8187.1,875,0,83.2,28796
8188.1,876,0,96.0,28814
8189.1,870,0,96.7,28826
8190.2,870,0,98.8,28827
8191.2,842,0,98.8,28830
8192.2,858,0,98.4,28826
8193.3,883,0,96.5,28826
8194.3,871,0,97.9,28815
8195.4,871,0,98.9,28819
8196.4,871,0,56.2,28761
8197.4,839,0,71.9,28815
8198.5,839,0,99.7,28821
8199.5,839,0,99.0,28819
8200.5,839,0,90.7,28809
8201.6,839,0,96.6,28803
8202.6,839,0,98.7,28803
8203.7,839,0,99.1,28796
8204.7,839,0,93.6,28793
8205.8,844,0,91.6,28797
8206.8,844,0,97.4,28796
8207.8,843,0,98.4,28783
8208.8,843,0,47.4,28771
8209.9,839,0,94.9,28670
8210.9,839,0,82.5,28712
8212.0,839,1,94.6,28738
8213.0,839,0,97.8,28748
8214.1,839,0,95.8,28746
8215.1,839,0,98.0,28751
8216.2,844,0,98.5,28741
8217.2,844,0,69.2,28678
8218.3,844,0,68.9,28752
8219.3,843,0,97.6,28756
8220.3,843,0,91.7,28717
8221.4,839,0,89.9,28744
8222.4,839,0,97.6,28685
8223.5,839,0,94.2,28717
8224.5,839,0,97.6,28740
8225.6,839,0,96.9,28754
8226.6,839,0,93.9,28730
8227.6,839,0,38.8,28714
8228.7,839,0,97.2,28755
8229.7,839,0,96.3,28754
8230.8,839,0,96.5,28748
8231.8,839,0,87.1,28713
8232.8,839,0,98.4,28732
8233.8,839,0,98.5,28737
8234.9,844,0,96.1,28734
8235.9,844,0,97.9,28731
8237.0,843,0,92.6,28734
8238.0,843,0,93.9,28737
8239.1,839,0,97.7,28742
8240.1,839,0,99.8,28757
8241.1,839,0,88.9,28708
8242.2,839,0,43.9,28739
8243.2,839,0,97.1,28752
8244.2,839,0,97.2,28716
8245.3,839,0,86.9,28636
8246.3,844,0,94.9,28659
8247.4,844,0,89.0,28690
8248.4,841,0,91.7,28692
8249.5,841,0,96.0,28697
8250.5,837,0,93.6,28692
8251.5,837,0,29.8,28670
8252.6,837,0,73.8,28578
8253.6,837,0,94.1,28584
8254.7,837,0,82.4,28590
8255.7,837,0,94.9,28598
8256.8,837,0,93.7,28629
8257.8,837,0,96.2,28598
8258.8,837,0,97.5,28613
8259.9,837,0,31.2,28578
8260.9,837,0,98.1,28627
8261.9,837,0,82.0,28596
8263.0,837,0,98.1,28666
8264.0,842,0,96.1,28670
8265.1,842,0,96.1,28664
8266.1,841,0,93.4,28663
8267.1,837,0,98.9,28645
8268.2,837,0,97.1,28661
8269.2,837,0,80.3,28628
8270.2,837,0,14.9,28660
8271.3,837,0,98.3,28657
8272.3,837,1,94.2,28660
8273.4,837,0,87.0,28655
8274.4,837,0,97.8,28651
8275.4,837,0,99.0,28661
8276.5,837,0,95.8,28669
8277.5,837,0,98.1,28669
8278.5,837,0,98.6,28581
8279.6,837,0,98.7,28490
8280.7,837,0,60.7,28434
8281.7,837,0,73.4,28530
8282.7,837,0,96.5,28559
8283.7,837,0,99.7,28486
8284.8,837,0,85.5,28556
8285.8,837,0,95.0,28575
8286.9,837,0,91.2,28580
8287.9,837,0,91.0,28562
8288.9,837,0,91.4,28569
8290.0,837,0,46.5,28535
8291.0,837,0,53.7,28573
8292.0,837,0,92.7,28567
8293.1,837,0,94.9,28564
8294.1,837,0,88.8,28561
8295.1,837,0,96.3,28570
8296.2,837,0,98.3,28557
8297.2,837,0,97.4,28551
8298.3,837,0,93.7,28548
8299.3,837,0,91.2,28548
8300.3,837,0,63.9,28529
8301.3,837,0,69.8,28485
8302.4,837,0,97.7,28485
8303.4,837,0,98.0,28506
8304.5,837,0,98.7,28531
8305.5,837,0,82.9,28547
8306.6,837,0,92.4,28554
8307.6,836,0,98.2,28544
8308.6,836,0,94.6,28547
8309.7,843,0,95.2,28548
8310.7,840,0,94.3,28548
8311.7,840,0,91.8,28545
8312.8,836,0,94.6,28548
8313.8,836,0,37.9,28545
8314.8,836,0,93.4,28541
8315.9,836,0,81.7,28556
8316.9,836,0,95.3,28556
8318.0,836,0,97.3,28564
8319.0,836,0,91.1,28485
8320.0,836,0,88.0,28379
8321.1,836,0,76.8,28340
8322.1,836,0,43.5,28455
8323.1,836,0,97.2,28451
8324.2,836,0,87.8,28301
8325.2,836,0,95.0,28361
8326.3,836,0,99.0,28383
8327.3,836,0,98.3,28376
8328.3,836,0,98.6,28393
8329.4,836,0,95.3,28407
8330.4,836,0,99.0,28417
8331.5,836,0,94.1,28381
8332.5,836,1,73.7,28348
8333.5,836,0,54.6,28396
8334.6,842,0,92.3,28419
8335.6,842,0,93.5,28391
8336.6,841,0,92.2,28424
8337.7,841,0,97.8,28442
8338.7,841,0,90.4,28463
8339.8,837,0,95.7,28472
8340.8,837,0,98.7,28458
8341.8,837,0,95.2,28463
8342.9,837,0,96.0,28460
8343.9,837,0,84.3,28376
8344.9,837,0,43.0,28423
8346.0,837,0,99.8,28446
8347.0,837,0,99.0,28445
8348.1,837,0,85.1,28471
8349.1,837,0,96.6,28452
8350.2,880,0,97.0,28445
8351.2,880,0,98.3,28442
8352.2,875,0,95.9,28439
8353.3,871,0,95.4,28442
8354.3,870,0,93.3,28442
8355.4,842,0,97.1,28441
8356.4,838,0,65.1,28397
8357.4,838,0,67.6,28428
8358.5,838,0,95.6,28445
8359.5,843,0,77.4,28310
8360.6,843,0,96.7,28380
8361.6,842,0,98.5,28388
8362.7,842,0,94.6,28402
8363.7,838,0,98.5,28411
8364.7,838,0,95.1,28404
8365.8,838,0,96.0,28400
8366.8,838,0,52.6,28316
8367.8,838,0,72.9,28369
8368.9,838,0,94.8,28366
8369.9,838,0,80.1,28376
8370.9,838,0,92.0,28369
8372.0,838,0,85.4,28370
8373.0,838,0,91.6,28366
8374.0,838,0,94.5,28361
8375.1,838,0,45.0,28334
8376.1,838,0,86.4,28369
8377.2,838,0,78.9,28349
8378.2,838,0,89.3,28361
8379.2,838,0,89.8,28369
8380.3,838,0,91.1,28358
8381.3,838,0,80.5,28329
8382.3,838,0,42.3,28361
8383.4,843,0,86.1,28370
8384.4,843,0,79.4,28268
8385.4,842,0,87.1,28287
8386.5,842,0,83.9,28302
8387.5,838,0,52.7,28268
8388.5,838,0,72.7,28343
8389.6,838,0,91.6,28320
8390.6,843,0,95.8,28314
8391.6,843,0,83.9,28316
8392.7,842,0,94.5,28319
8393.7,842,0,98.4,28315
8394.8,842,0,95.0,28314
8395.8,838,0,98.6,28312
8396.9,843,0,93.4,28320
8397.9,843,0,99.4,28325
8398.9,841,0,97.2,28328
8400.0,841,0,91.8,28135
8401.0,841,0,39.8,28223
8402.0,837,0,97.0,28285
8403.1,837,0,98.2,28285
8404.1,880,2,94.9,28288
8405.1,880,0,96.6,28251
8406.2,873,0,87.9,28279
8407.2,870,0,95.9,28277
8408.2,870,0,91.9,28278
8409.3,838,0,90.0,28278
8410.3,838,0,94.0,28262
8411.4,838,0,98.1,28273
8412.4,838,0,36.8,28197
8413.4,838,0,95.1,28231
8414.5,838,0,98.6,28247
8415.5,838,0,86.9,28240
8416.6,838,0,95.0,28242
8417.6,838,0,95.7,28236
8418.7,838,0,99.0,28240
8419.7,838,0,98.8,28240
8420.7,838,0,95.3,28140
8421.8,838,0,93.8,28137
8422.8,838,0,62.1,28110
8423.8,838,0,4.5,28119
8424.8,838,0,4.4,28139
8425.9,838,0,58.4,28187
8426.9,838,0,95.0,28203
8427.9,838,0,92.0,28219
8429.0,838,0,83.6,28222
8430.0,838,0,89.6,28217
8431.1,838,0,91.7,28215
8432.1,838,0,98.0,28214
8433.2,838,0,96.6,28212
8434.2,838,0,87.1,28206
8435.2,838,0,74.3,28167
8436.3,838,0,4.4,28183
8437.3,838,0,4.1,28183
8438.3,838,0,4.3,28190
8439.3,838,0,50.0,28199
8440.4,838,0,94.3,28072
8441.4,838,0,81.3,28066
8442.4,838,0,93.3,28121
8443.4,838,0,91.8,28145
8444.5,879,0,90.0,28127
8445.5,879,0,94.1,28121
8446.5,873,0,96.4,28131
8447.6,871,0,98.0,28122
8448.6,871,0,86.7,28050
8449.6,839,0,15.8,28126
8450.7,839,1,98.4,28107
8451.7,839,0,94.5,28118
8452.8,839,1,97.8,28111
8453.8,839,0,85.2,28100
8454.9,839,0,97.4,28107
8455.9,839,0,93.6,28105
8456.9,839,0,89.5,28102
8458.0,839,0,84.1,28023
8459.0,839,0,45.4,28130
8460.0,839,0,95.5,28140
8461.1,839,0,97.0,28158
8462.2,839,0,97.5,28169
8463.2,839,0,86.6,28200
8464.2,839,0,94.5,28214
8465.3,839,0,97.7,28224
8466.3,839,0,94.3,28219
8467.4,839,0,98.2,28235
8468.4,839,0,98.8,28250
8469.5,839,0,99.1,28259
8470.5,839,0,98.1,28253
8471.6,839,0,79.2,28156
8472.6,839,0,48.1,28219
8473.6,839,0,92.4,28238
8474.6,839,0,80.7,28206
8475.7,839,0,94.9,28237
8476.7,839,0,98.9,28227
8477.8,839,0,98.5,28220
8478.8,839,0,96.5,28214
8479.8,839,0,94.9,28238
8480.9,839,0,95.2,28229
8481.9,839,0,96.1,28219
8482.9,839,0,96.7,28217
8484.0,839,0,42.9,28174
8485.0,839,0,98.2,28209
8486.0,839,0,93.1,28131
8487.1,839,0,84.7,28215
8488.1,839,0,98.0,28214
8489.1,835,0,94.0,28250
8490.2,835,0,92.7,28259
8491.2,835,0,82.3,28191
8492.2,835,0,52.2,28332
8493.3,835,0,90.2,28325
8494.3,835,0,79.2,28321
8495.4,835,0,90.9,28315
8496.4,835,0,87.4,28311
8497.4,835,0,94.0,28310
8498.5,835,0,93.6,28304
8499.5,835,0,69.4,28193
8500.5,835,0,68.7,28279
8501.6,835,0,96.5,28291
8502.6,835,0,95.7,28289
8503.7,835,0,82.4,28280
8504.7,835,0,87.5,28277
8505.7,835,0,95.0,28273
8506.7,835,0,95.2,28266
8507.8,835,0,95.9,28263
8508.8,835,0,41.1,28242
8509.9,835,0,95.0,28258
8510.9,835,0,92.7,28260
8511.9,835,0,83.1,28256
8513.0,835,0,98.1,28264
8514.0,835,0,96.8,28276
8515.0,835,0,99.6,28306
8516.1,835,0,91.3,28339
8517.1,835,0,89.4,28349
8518.1,835,0,98.2,28363
8519.2,835,0,36.5,28346
8520.2,835,0,92.0,28364
8521.3,835,0,95.1,28434
8522.3,835,0,99.9,28474
8523.3,835,0,86.2,28483
8524.4,835,0,95.4,28517
8525.4,835,0,92.4,28513
8526.4,835,0,92.8,28507
8527.5,835,0,90.7,28517
8528.5,835,0,99.9,28521
8529.5,835,0,58.1,28488
8530.6,835,0,87.8,28513
8531.6,835,0,95.3,28521
8532.6,835,0,87.0,28499
8533.7,874,0,96.0,28506
8534.7,874,0,93.7,28498
8535.7,875,0,92.9,28498
8536.8,871,0,91.2,28497
8537.8,871,0,64.5,28400
8538.8,839,0,82.4,28485
8539.9,839,0,97.3,28493
8540.9,839,0,94.4,28510
8542.0,839,0,92.5,28522
8543.0,839,0,84.8,28525
8544.0,839,0,97.9,28525
8545.0,839,0,99.3,28527
8546.1,839,0,97.7,28537
8547.1,839,0,99.0,28540
8548.2,839,0,90.6,28546
8549.2,839,0,97.2,28574
8550.2,839,0,97.3,28569
8551.3,839,0,83.8,28453
8552.3,839,0,49.7,28554
8553.3,839,0,96.0,28557
8554.4,839,0,97.2,28553
8555.4,839,0,97.8,28545
8556.5,839,0,87.3,28533
8557.5,839,0,99.8,28530
8558.5,839,0,97.9,28531
8559.6,839,0,95.5,28522
8560.6,845,0,97.1,28516
8561.6,845,0,97.8,28513
8562.7,843,0,98.9,28512
8563.7,843,0,96.6,28501
8564.7,843,0,98.2,28509
8565.8,839,0,98.7,28506
8566.8,839,0,38.2,28525
8567.8,839,0,91.2,28516
8568.9,840,0,79.8,28505
8569.9,840,0,89.0,28547
8570.9,840,0,91.7,28573
8572.0,840,0,97.5,28594
8573.0,840,0,97.2,28620
8574.1,840,0,95.2,28525
8575.1,840,0,36.4,28607
8576.1,840,0,99.7,28643
8577.2,845,0,97.0,28663
8578.3,845,0,99.8,28663
8579.3,844,0,83.6,28671
8580.3,840,0,94.5,28661
8581.4,840,0,91.2,28677
8582.4,840,0,94.4,28681
8583.4,840,0,91.0,28694
8584.5,840,0,99.2,28701
8585.5,840,0,98.7,28701
8586.5,840,0,95.9,28690
8587.6,840,0,91.1,28582
8588.6,840,0,48.8,28684
8589.6,840,0,95.2,28694
8590.7,840,0,79.1,28677
8591.7,840,0,99.4,28671
8592.7,840,0,91.8,28668
8593.8,840,0,98.6,28681
8594.8,838,0,97.4,28677
8595.8,838,0,95.0,28673
8596.9,838,0,96.3,28668
8597.9,838,0,93.0,28647
8598.9,838,0,98.5,28668
8600.0,838,0,98.5,28671
8601.0,838,0,42.1,28626
8602.1,838,0,89.3,28654
8603.1,838,0,95.8,28664
8604.1,838,0,87.7,28639
8605.2,838,0,93.6,28663
8606.2,838,0,95.1,28656
8607.2,838,0,94.6,28660
8608.3,838,0,100.0,28655
8609.3,838,0,99.0,28645
8610.4,838,0,94.5,28645
8611.5,838,0,93.3,28647
8612.5,838,0,69.4,28634
8613.5,838,0,57.7,28761
8614.5,838,0,98.0,28757
8615.6,838,0,98.0,28758
8616.6,882,42,81.1,28747
8617.6,882,0,96.0,28770
8618.7,881,0,91.1,28753
8619.7,875,0,98.2,28754
8620.7,873,0,90.7,28739
8621.8,873,0,91.4,28743
8622.8,841,0,95.1,28742
8623.9,841,0,40.6,28693
8624.9,841,0,91.1,28744
8625.9,841,0,96.3,28743
8627.0,841,0,95.8,28735
8628.0,841,0,87.5,28733
8629.1,841,0,98.1,28731
8630.1,841,0,98.6,28729
8631.1,841,0,98.9,28749
8632.1,841,1,98.0,28746
8633.2,841,0,92.0,28764
8634.2,841,0,98.5,28856
8635.3,841,0,94.7,28845
8636.3,841,0,68.5,28781
8637.3,841,0,63.3,28814
8638.4,841,0,97.2,28838
8639.4,841,0,96.5,28856
8640.5,841,0,99.3,28869
8641.5,841,0,86.9,28856
8642.6,841,0,99.7,28840
8643.6,841,0,98.6,28841
8644.6,841,0,97.9,28848
8645.6,841,0,98.0,28840
8646.7,881,0,98.5,28846
8647.7,881,0,98.4,28860
8648.8,876,0,96.0,28850
8649.8,873,0,98.2,28875
8650.8,873,0,33.8,28866
8651.9,841,0,87.1,28853
8652.9,841,0,86.4,28833
8653.9,841,0,89.7,28864
8655.0,841,0,85.6,28841
8656.0,841,0,88.9,28838
8657.1,841,0,41.0,28833
8658.1,841,0,94.2,28842
8659.1,841,0,97.4,28837
8660.1,841,0,86.5,28830
8661.2,841,0,95.2,28823
8662.2,841,0,93.1,28814
8663.3,841,0,98.7,28816
8664.3,841,0,96.1,28802
8665.4,841,0,96.3,28810
8666.5,841,0,96.7,28805
8667.5,841,0,94.7,28796
8668.5,841,0,97.8,28784
8669.6,841,0,96.5,28788
8670.6,841,0,98.0,28791
8671.7,841,0,62.4,28758
8672.7,841,0,72.7,28834
8673.7,841,0,93.3,28849
8674.8,841,0,86.6,28866
8675.8,841,0,90.7,28892
8676.8,841,0,96.3,28885
8677.9,841,0,91.2,28871
8678.9,841,0,90.5,28880
8680.0,841,0,87.2,28867
8681.0,841,0,42.4,28829
8682.0,841,0,94.2,28851
8683.1,841,0,82.6,28855
8684.1,841,0,98.3,28852
8685.1,837,0,98.4,28850
8686.2,837,0,95.8,28844
8687.2,837,0,90.7,28844
8688.3,837,0,93.3,28843
8689.3,837,0,63.3,28763
8690.3,837,0,70.5,28881
8691.3,837,0,96.3,28860
8692.4,837,1,96.6,28871
8693.4,837,0,84.9,28886
8694.5,837,0,92.9,28911
8695.5,837,0,98.9,28896
8696.6,837,0,97.9,28916
8697.6,837,0,97.8,28927
8698.6,837,0,98.0,28927
8699.7,837,0,92.8,28908
8700.7,837,0,93.8,28903
8701.7,837,0,97.9,28908
8702.8,837,0,98.0,28899
8703.9,837,0,39.9,28899
8704.9,837,0,97.8,28897
8705.9,837,0,80.2,28881
8706.9,837,0,95.0,28892
8708.0,837,0,91.8,28887
8709.0,837,0,94.6,28868
8710.1,837,0,97.7,28875
8711.1,837,0,90.1,28873
8712.2,837,0,91.7,28871
8713.2,837,0,94.4,28868
8714.3,837,0,83.6,28801
8715.3,837,0,52.1,28857
8716.3,837,0,97.5,28854
8717.4,837,0,100.0,28850
8718.4,837,0,86.9,28857
8719.4,837,0,93.4,28888
8720.5,837,1,98.7,28949
8721.5,837,1,94.8,28961
8722.5,837,0,87.8,28965
8723.6,837,0,88.0,28928
8724.6,837,0,38.8,28951
8725.6,837,0,93.7,28950
8726.7,837,0,98.9,28946
8727.7,837,0,98.0,28947
8728.7,837,0,84.4,28936
8729.8,837,0,93.7,28938
8730.8,837,0,94.2,28938
8731.8,837,0,95.1,28934
8732.9,837,0,93.4,28933
8733.9,837,0,93.4,28936
8735.0,837,0,56.9,28916
8736.0,837,0,79.0,28981
8737.0,837,0,95.6,29010
8738.1,837,0,95.4,29030
8739.1,837,0,83.2,29038
8740.2,837,0,96.1,29016
8741.2,837,0,98.0,29031
8742.2,837,0,96.5,29029
8743.3,837,0,96.2,29024
8744.3,837,0,99.0,29014
8745.4,837,0,92.9,29015
8746.4,837,0,98.3,29017
8747.4,837,0,29.4,29013
8748.4,837,0,99.4,29034
8749.5,837,0,98.8,29068
8750.5,837,0,95.0,29090
8751.6,837,0,84.0,29054
8752.6,837,0,95.0,29089
8753.6,837,0,97.8,29098
8754.7,837,0,95.3,29117
8755.7,837,0,92.2,29123
8756.8,837,0,99.4,29123
8757.8,837,0,99.9,29127
8758.8,837,0,98.3,29121
8759.9,837,0,98.7,29117
8760.9,837,0,95.2,29120
8762.0,837,0,99.6,29113
8763.0,837,0,40.3,29037
8764.0,837,0,91.6,29100
8765.1,837,0,93.9,29102
8766.1,837,0,85.7,29095
8767.2,837,0,93.9,29103
8768.2,837,0,96.5,29095
8769.2,837,0,94.1,29096
8770.2,837,0,95.8,29111
8771.3,837,0,98.5,29138
8772.4,837,0,92.7,29172
8773.4,837,0,36.4,29177
8774.4,837,0,98.9,29214
8775.5,837,0,96.9,29213
8776.5,837,0,97.1,29207
8777.6,837,0,84.2,29207
8778.7,837,0,97.1,29201
8779.7,837,0,92.3,29208
8780.7,837,0,94.8,29153
8781.8,837,0,90.4,29172
8782.8,837,0,94.6,29193
8783.8,837,0,99.7,29192
8784.9,837,0,36.8,29141
8785.9,837,0,100.0,29191
8786.9,837,0,97.6,29187
8788.0,837,0,95.6,29178
8789.0,837,0,82.0,29183
8790.0,837,0,93.4,29177
8791.1,837,0,91.5,29174
8792.1,837,0,93.0,29171
8793.1,837,0,89.9,29170
8794.2,837,0,91.2,29166
8795.2,837,0,88.2,29136
8796.3,837,0,53.6,29001
8797.3,837,0,91.7,28929
8798.4,837,0,83.7,28927
8799.4,837,0,97.1,28995
8800.4,837,0,91.3,28989
8801.5,875,0,89.5,28983
8802.5,875,0,95.1,28973
8803.6,876,0,92.9,28996
8804.6,872,0,58.0,28910
8805.6,872,0,82.0,29005
8806.6,840,0,97.4,29003
8807.7,840,0,85.6,28978
8808.7,840,0,97.4,28992
8809.7,840,0,95.6,29001
8810.8,840,0,93.8,29007
8811.8,840,0,97.4,29013
8812.9,840,0,96.7,29013
8813.9,840,0,98.1,29007
8815.0,840,0,96.1,28870
8816.0,840,0,95.2,28891
8817.0,840,0,98.7,28910
8818.1,876,0,92.6,28924
8819.1,876,0,98.0,28955
8820.2,873,0,99.8,28976
8821.3,872,0,37.9,28886
8822.3,872,0,99.4,28935
8823.3,840,0,98.5,28953
8824.4,840,0,84.2,28919
8825.4,840,0,99.5,28960
8826.5,840,0,97.6,28975
8827.5,840,0,98.4,28985
8828.5,840,0,99.2,29010
8829.6,840,0,97.5,29021
8830.6,840,0,98.1,29012
8831.6,840,0,95.5,29031
8832.7,840,0,95.4,29007
8833.7,840,0,98.7,29018
8834.7,840,0,34.5,29037
8835.8,840,0,98.0,29036
8836.8,840,0,93.8,29046
8837.8,840,0,98.1,29054
8838.9,840,0,87.0,29059
8839.9,840,0,95.7,29092
8840.9,840,0,93.8,29074
8842.0,840,0,90.6,29097
8843.0,840,0,91.7,29110
8844.0,840,0,96.9,29098
8845.1,840,0,90.2,29102
8846.1,840,0,50.5,29068
8847.1,840,0,80.4,29129
8848.1,840,0,95.9,29106
8849.2,840,0,97.4,29099
8850.2,840,0,84.2,29092
8851.2,840,0,95.5,29088
8852.3,840,0,95.2,29084
8853.3,840,0,96.5,29080
8854.3,840,0,96.1,29086
8855.4,840,0,98.2,29085
8856.4,840,0,97.9,29087
8857.4,840,0,98.4,29093
8858.5,840,0,96.1,29091
8859.6,840,0,94.0,29101
8860.6,840,0,41.9,29026
8861.6,840,0,98.3,29066
8862.7,837,0,88.7,29082
8863.7,837,0,97.8,29117
8864.7,837,0,84.8,29132
8865.8,837,0,93.7,29144
8866.8,837,0,98.4,29155
8867.8,837,0,99.6,29177
8868.9,837,0,98.2,29142
8869.9,837,0,94.7,29150
8871.0,837,0,96.5,29166
8872.0,837,0,96.1,29161
8873.0,837,0,95.2,29147
8874.1,837,0,96.9,29137
8875.1,837,0,68.0,29105
8876.2,837,0,60.1,29173
8877.2,837,0,97.2,29149
8878.3,837,0,94.5,29048
8879.3,837,0,86.9,29186
8880.3,837,0,88.5,29191
8881.4,837,0,98.0,29196
8882.4,837,0,93.7,29199
8883.4,837,0,98.2,29215
8884.5,837,0,92.0,29204
8885.5,837,0,91.1,29207
8886.5,837,0,39.1,29104
8887.5,837,0,96.0,29159
8888.6,837,0,94.4,29156
8889.6,837,0,95.8,29174
8890.7,837,0,89.1,29160
8891.7,837,0,95.4,29155
8892.7,837,0,94.6,29167
8893.7,837,0,94.4,29167
8894.8,837,0,98.6,29164
8895.8,837,0,96.5,29157
8896.9,837,0,92.1,29153
8897.9,837,0,97.5,29143
8898.9,837,0,97.3,29142
8900.0,837,0,93.0,29146
8901.0,837,0,22.0,29097
8902.1,837,0,4.2,29100
8903.1,837,0,4.0,29112
8904.1,837,0,4.2,29112
8905.1,837,0,54.2,29054
8906.2,837,0,90.9,29085
8907.2,837,0,96.3,29100
8908.2,837,0,81.2,29083
8909.2,837,0,92.3,29081
8910.3,837,0,99.1,29086
8911.3,837,0,98.9,29078
8912.4,837,0,98.8,29080
8913.4,837,0,97.0,29066
8914.4,837,0,91.2,29063
8915.4,837,0,95.1,29049
8916.5,837,0,96.2,29057
8917.5,837,0,36.6,29064
8918.5,837,0,89.5,29066
8919.6,837,0,74.9,28962
8920.6,837,0,85.5,28978
8921.6,837,0,90.9,28979
8922.7,837,0,83.7,29005
8923.7,837,0,70.4,28950
8924.8,837,0,4.5,28948
8925.8,837,0,4.5,28939
8926.8,837,0,4.4,28948
8927.8,837,0,4.6,28940
8928.8,837,0,4.3,28940
8929.9,837,0,4.5,28944
8930.9,837,0,4.5,28932
8931.9,837,0,6.0,28908
8932.9,837,0,4.5,28909
8934.0,837,0,4.7,28917
8935.0,837,0,4.5,28922
8936.0,837,0,4.6,28938
8937.0,837,0,4.5,28932
8938.0,837,0,4.4,28941
8939.1,837,0,4.3,28936
8940.1,837,0,59.6,28960
8941.1,837,0,94.6,28950
8942.2,837,0,99.8,28938
8943.2,837,0,85.4,28920
8944.3,837,0,90.5,28928
8945.3,837,0,95.5,28925
8946.4,837,0,95.1,28924
8947.4,837,0,94.4,28918
8948.4,837,0,95.9,28921
8949.5,837,0,95.7,28919
8950.5,837,0,97.1,28914
8951.5,837,0,98.3,28906
8952.6,837,0,98.8,28902
8953.6,837,0,58.0,28878
8954.6,837,0,78.9,28911
8955.7,837,0,98.1,28909
8956.7,837,0,98.2,28915
8957.8,837,0,84.2,28880
8958.8,837,0,97.8,28903
8959.8,837,0,86.1,28890
8960.9,837,0,95.3,28812
8961.9,837,0,95.3,28843
8963.0,837,0,95.6,28852
8964.0,837,0,96.0,28863
8965.0,837,0,99.7,28877
8966.1,837,0,95.1,28896
8967.1,837,0,96.3,28889
8968.2,837,0,61.5,28841
8969.2,837,0,4.3,28839
8970.2,837,0,63.1,28869
8971.2,837,0,95.2,28874
8972.3,837,0,97.1,28863
8973.3,837,0,95.5,28831
8974.3,837,0,88.7,28854
8975.4,837,0,93.1,28843
8976.4,837,0,97.8,28835
8977.5,837,0,91.6,28842
8978.5,837,0,95.6,28841
8979.6,837,0,92.7,28831
8980.6,837,0,63.8,28794
8981.6,837,0,4.3,28813
8982.6,837,0,4.3,28813
8983.6,837,0,4.3,28799
8984.7,837,0,4.3,28815
8985.7,837,0,4.2,28798
8986.7,837,0,7.1,28803
8987.7,837,0,97.1,28719
8988.8,837,0,95.8,28751
8989.8,837,0,95.3,28779
8990.8,837,0,86.3,28771
8991.9,837,0,99.0,28764
8992.9,837,1,98.2,28762
8994.0,837,0,96.9,28765
8995.0,837,0,99.5,28765
8996.0,837,0,97.8,28763
8997.1,837,0,97.8,28753
8998.1,837,0,96.2,28751
8999.2,837,0,99.1,28749
9000.2,837,0,50.4,28743
9001.2,837,0,98.1,28769
9002.3,837,0,99.5,28760
9003.3,837,0,92.6,28659
9004.3,837,0,96.7,28690
9005.4,837,0,87.2,28695
9006.4,837,0,96.7,28706
9007.4,837,0,94.8,28710
9008.5,837,0,94.3,28710
9009.5,837,0,92.9,28715
9010.5,837,0,98.6,28719
9011.6,837,0,97.2,28692
9012.6,837,0,95.6,28683
9013.7,837,0,93.1,28685
9014.7,837,0,40.2,28639
9015.7,837,0,4.3,28660
9016.7,837,0,4.3,28672
9017.8,837,0,4.3,28669
9018.8,837,0,4.4,28686
9019.8,837,0,46.9,28710
9020.9,837,0,93.5,28605
9021.9,837,0,96.1,28627
9022.9,837,0,96.3,28646
9024.0,837,0,88.4,28610
9025.0,837,0,97.9,28650
9026.0,837,0,98.4,28659
9027.1,837,0,94.4,28663
9028.1,837,0,91.0,28659
9029.1,837,0,96.1,28655
9030.2,837,0,95.8,28641
9031.2,837,0,95.8,28638
9032.2,837,0,99.3,28638
9033.3,837,0,95.7,28638
9034.3,837,0,91.6,28596
9035.3,837,0,46.5,28636
9036.4,837,0,93.0,28635
9037.4,876,0,93.3,28610
9038.5,876,0,85.1,28633
9039.5,877,0,98.4,28622
9040.5,872,0,99.5,28601
9041.6,872,0,97.2,28604
9042.6,840,0,98.8,28604
9043.7,840,0,97.5,28604
9044.7,840,0,95.8,28598
9045.7,840,0,92.4,28595
9046.8,840,0,98.7,28591
9047.8,840,0,98.1,28580
9048.9,840,0,97.3,28593
9049.9,840,0,98.0,28597
9051.0,840,0,37.9,28579
9052.0,840,1,95.5,28589
9053.0,840,0,91.9,28582
9054.1,840,0,81.9,28578
9055.1,840,0,96.5,28572
9056.2,840,0,98.1,28484
9057.2,840,0,99.6,28504
9058.2,840,0,94.8,28493
9059.3,840,0,92.5,28525
9060.3,840,0,91.3,28515
9061.3,840,0,93.7,28510
9062.4,840,0,66.0,28457
9063.4,840,0,38.4,28511
9064.4,840,0,94.4,28548
9065.5,840,0,94.0,28560
9066.5,840,0,80.4,28530
9067.6,840,0,97.0,28558
9068.6,839,0,91.5,28549
9069.7,839,0,92.4,28538
9070.7,839,0,97.8,28543
9071.8,839,0,93.1,28539
9072.8,839,0,96.6,28535
9073.8,839,0,91.9,28537
9074.9,839,0,96.1,28546
9075.9,839,0,40.0,28464
9076.9,839,0,97.1,28484
9078.0,839,0,99.9,28523
9079.0,839,0,93.1,28521
9080.1,839,0,85.3,28521
9081.1,839,0,98.1,28511
9082.1,839,0,90.5,28524
9083.2,839,0,89.6,28474
9084.2,839,0,93.8,28402
9085.2,839,0,99.2,28426
9086.3,839,0,46.6,28349
9087.3,839,0,4.5,28367
9088.3,882,0,75.6,28506
9089.4,881,0,84.5,28499
9090.4,875,0,76.8,28490
9091.4,880,0,96.3,28484
9092.5,872,0,90.8,28486
9093.5,880,0,87.2,28479
9094.5,880,0,85.0,28488
9095.6,872,0,83.0,28408
9096.6,872,0,47.1,28412
9097.6,872,0,91.0,28300
9098.7,840,0,83.2,28326
9099.7,840,0,98.4,28387
9100.8,840,0,90.9,28399
9101.8,840,0,91.2,28410
9102.8,840,0,90.5,28403
9103.9,840,0,95.8,28430
9104.9,840,0,98.6,28417
9106.0,840,0,94.9,28425
9107.0,878,49,96.7,28402
9108.1,878,0,40.1,28313
9109.1,873,2,62.0,28407
9110.1,870,1,98.3,28426
9111.2,870,0,96.4,28420
9112.2,838,2,95.6,28428
9113.3,838,0,84.7,28434
9114.3,838,0,94.4,28419
9115.4,838,0,98.6,28421
9116.4,838,0,100.0,28424
9117.4,838,0,99.8,28428
9118.5,838,0,97.6,28428
9119.5,838,0,96.9,28423
9120.6,838,0,98.4,28430
9121.6,838,0,95.1,28342
9122.7,838,0,99.9,28364
9123.7,838,0,95.7,28379
9124.8,838,0,96.4,28391
9125.8,838,0,100.0,28400
9126.8,838,0,62.7,28294
9127.9,838,0,76.3,28375
9128.9,837,0,92.5,28396
9129.9,837,0,95.1,28403
9131.0,837,0,96.7,28402
9132.0,837,0,81.4,28390
9133.1,837,0,98.5,28402
9134.1,837,0,99.3,28389
9135.2,837,0,98.0,28386
9136.2,837,0,95.6,28395
9137.3,837,0,97.5,28400
9138.3,837,0,96.7,28315
9139.3,837,0,97.3,28139
9140.4,837,0,96.7,28192
9141.4,837,0,99.1,28183
9142.4,837,0,83.8,28104
9143.5,837,0,4.2,28136
9144.5,837,0,78.0,28245
9145.5,837,0,93.9,28294
9146.6,837,0,92.8,28315
9147.6,837,0,84.7,28266
9148.6,837,0,95.9,28298
9149.7,837,0,97.8,28313
9150.7,837,0,96.4,28305
9151.7,837,0,91.8,28312
9152.8,837,0,97.3,28317
9153.8,837,0,93.7,28308
9154.8,837,0,32.7,28307
9155.9,837,0,98.7,28304
9156.9,837,0,95.6,28315
9158.0,837,0,89.8,28244
9159.0,835,1,89.8,28306
9160.0,857,0,92.1,28303
9161.1,854,0,98.5,28296
9162.1,895,0,93.5,28291
9163.1,923,10,99.6,28276
9164.2,1019,75,94.6,28157
9165.2,1017,22,95.0,28203
9166.3,1007,9,94.5,28224
9167.3,1003,0,54.8,28151
9168.3,1003,24,68.6,28246
9169.4,937,15,91.4,28237
9170.4,891,12,80.0,28219
9171.4,891,0,97.4,28229
9172.5,932,0,97.0,28234
9173.6,932,0,94.6,28229
9174.6,927,27,97.5,28220
9175.7,924,0,91.2,28224
9176.7,924,25,95.2,28216
9177.8,892,0,90.3,28223
9178.8,892,27,98.4,28220
9179.8,892,0,55.4,28134
9180.9,892,0,80.9,28209
9181.9,892,6,91.6,28211
9183.0,933,0,97.4,28218
9184.0,933,8,82.8,28209
9185.0,927,16,97.6,28134
9186.1,923,17,94.9,28155
9187.2,923,17,95.9,28163
9188.2,895,17,96.9,28179
9189.2,895,17,91.2,28183
9190.3,895,17,95.2,28180
9191.3,895,34,92.1,28168
9192.3,895,17,95.9,28161
9193.4,895,22,95.0,28170
9194.4,895,17,94.8,28161
9195.5,895,26,6.5,28073
9196.5,895,19,23.8,28147
9197.5,895,7,99.9,28148
9198.6,895,17,97.5,28028
9199.6,895,29,98.4,28053
9200.6,895,29,97.3,28093
9201.7,895,17,91.7,28020
9202.7,895,35,87.8,28080
9203.8,895,17,95.6,28092
9204.8,895,25,91.5,28103
9205.8,895,34,99.9,28123
9206.9,895,17,94.8,28127
9207.9,895,29,98.2,28120
9209.0,895,22,99.4,28111
9210.0,895,30,98.5,28110
9211.1,895,24,93.2,28114
9212.1,895,17,97.6,28107
9213.2,895,17,98.3,28113
9214.2,895,18,95.5,28004
9215.3,895,17,97.6,27909
9216.3,895,29,46.6,27851
9217.3,895,17,55.0,27810
9218.4,895,17,96.9,27858
9219.4,895,30,97.4,27878
9220.5,895,17,81.5,27907
9221.6,907,17,97.4,27903
9222.6,905,33,92.9,27901
9223.6,897,0,95.2,27907
9224.7,897,13,92.8,27922
9225.7,897,46,98.1,27910
9226.8,889,17,97.5,27919
9227.8,889,17,60.3,27850
9228.8,889,28,68.9,27939
9229.9,889,29,99.0,27960
9231.0,889,29,96.5,27961
9232.0,889,17,95.4,27937
9233.0,889,17,85.2,27961
9234.1,889,29,91.2,28027
9235.1,889,17,98.5,28035
9236.2,889,17,99.9,28028
9237.2,889,4,97.0,28030
9238.2,889,0,95.3,28024
9239.3,889,34,99.6,28021
9240.3,889,17,92.3,28010
9241.4,889,17,97.7,28006
9242.4,889,17,98.3,28015
9243.5,889,17,69.0,27967
9244.5,889,16,19.8,28000
9245.5,889,31,99.3,28006
9246.6,889,17,94.0,28009
9247.6,889,17,100.0,27997
9248.7,889,9,97.8,28007
9249.8,889,9,86.4,27991
9250.8,889,17,98.2,27999
9251.8,889,0,95.5,27870
9252.9,888,0,98.1,27905
9253.9,888,34,97.7,27903
9254.9,888,17,100.0,27929
9256.0,888,18,97.1,27946
9257.0,888,19,26.6,6781
