t_s,vram_mib,gpu_util_pct,cpu_pct,ram_mib
0.0,955,0,52.1,8209
1.0,960,0,3.6,8349
2.0,960,0,3.4,8487
3.1,988,2,5.2,8709
4.1,988,0,4.6,8719
5.1,986,0,5.4,8865
6.1,986,0,4.4,8849
7.1,983,0,3.9,8760
8.2,983,0,4.7,8726
9.2,983,0,4.7,8701
10.2,983,0,4.4,8664
11.2,983,0,4.4,8642
12.2,983,0,4.8,8628
13.3,983,0,4.5,8620
14.3,983,0,4.5,8609
15.3,985,0,4.4,8620
16.3,985,0,4.1,8639
17.4,985,0,4.7,8644
18.4,985,0,4.5,8631
19.4,985,0,4.3,8643
20.4,985,0,4.3,8643
21.4,985,0,4.7,8643
22.5,985,0,4.2,8634
23.5,985,0,4.1,8627
24.5,985,0,4.4,8624
25.5,985,0,4.3,8640
26.6,985,0,4.7,8615
27.6,985,0,4.8,8617
28.6,985,0,5.1,8611
29.6,985,0,4.9,8605
30.6,985,0,4.9,8604
31.7,985,0,4.3,8602
32.7,985,0,4.4,8601
33.7,985,0,4.3,8599
34.7,985,0,4.7,8616
35.8,985,0,4.4,8610
36.8,985,0,4.7,8605
37.8,985,0,4.1,8607
38.8,985,0,4.8,8610
39.8,985,0,4.0,8631
40.9,985,0,4.7,8623
41.9,985,0,4.7,8620
42.9,985,0,5.1,8629
43.9,985,0,4.7,8626
44.9,985,0,4.4,8697
46.0,985,0,4.7,8708
47.0,985,0,4.7,8697
48.0,985,0,4.6,8697
49.0,985,0,4.6,8672
50.1,985,0,4.8,8687
51.1,985,0,4.9,8690
52.1,985,0,4.6,8670
53.1,985,0,5.3,8665
54.1,985,0,5.1,8686
55.2,985,0,4.9,8690
56.2,985,0,4.8,8704
57.2,985,0,5.5,8715
58.2,985,0,4.2,8700
59.2,985,0,5.1,8724
60.3,985,0,5.2,8735
61.3,985,0,4.3,8740
62.3,985,0,4.8,8726
63.3,985,0,4.2,8743
64.3,985,0,4.7,8685
65.4,985,0,5.3,8691
66.4,985,0,5.6,8685
67.4,985,0,5.8,8687
68.4,985,0,5.3,8683
69.5,985,0,5.4,8672
70.5,985,0,6.3,8680
71.5,985,0,5.0,8687
72.5,985,0,5.2,8699
73.5,985,0,5.2,8703
74.6,985,0,5.7,8717
75.6,985,0,5.6,8705
76.6,985,0,5.6,8716
77.6,985,0,5.3,8697
78.7,985,0,5.3,8707
79.7,985,0,5.2,8691
80.7,985,0,5.1,8675
81.7,985,0,5.3,8701
82.7,985,0,5.5,8687
83.8,985,0,5.5,8669
84.8,985,0,5.1,8689
85.8,985,0,5.0,8671
86.8,985,0,5.8,8693
87.8,985,0,5.3,8684
88.9,985,0,5.1,8671
89.9,985,0,5.4,8677
90.9,985,0,4.8,8690
91.9,985,0,5.4,8676
93.0,985,0,5.4,8684
94.0,985,0,5.6,8686
95.0,985,0,4.9,8672
96.0,985,0,5.4,8706
97.0,985,0,5.2,8678
98.1,985,0,5.2,8671
99.1,985,0,5.4,8693
100.1,985,0,5.5,8704
101.1,985,0,5.8,8671
102.1,985,0,5.5,8688
103.2,985,0,5.7,8696
104.2,985,0,4.9,8703
105.2,985,0,6.2,8727
106.2,985,0,4.6,8741
107.2,985,0,5.1,8746
108.3,985,0,5.4,8743
109.3,985,0,5.4,8730
110.3,985,0,5.4,8730
111.3,985,0,5.4,8754
112.3,985,0,5.2,8756
113.4,985,0,5.2,8759
114.4,985,0,5.4,8768
115.4,985,0,7.0,8770
116.5,984,0,9.0,8766
117.5,983,13,6.1,8760
118.5,983,0,5.9,8779
119.6,983,19,6.4,8778
120.6,983,57,6.4,8758
121.6,983,16,7.1,8724
122.6,983,11,6.0,8730
123.6,983,0,5.9,8766
124.7,983,1,5.6,8781
125.7,983,1,6.3,8774
126.7,983,35,6.3,8771
127.7,1045,34,8.0,8739
128.8,1121,17,10.9,8793
129.8,1200,14,12.6,8819
130.8,1208,7,7.4,8941
131.8,1217,12,7.3,8944
132.8,1209,26,7.4,8945
133.9,1166,15,7.2,8948
134.9,1159,88,7.2,8879
135.9,1135,9,7.0,8924
136.9,1131,27,6.8,8912
137.9,1130,30,8.3,8891
139.0,1117,18,7.0,8878
140.0,1114,26,7.8,8867
141.0,1114,38,6.6,8875
142.0,1130,69,7.4,8923
143.0,1124,19,7.9,8907
144.1,1185,1,7.6,8928
145.1,1364,0,10.5,8908
146.1,1351,11,9.5,8906
147.2,1338,12,6.8,8866
148.2,1326,18,6.5,8876
149.2,1326,11,6.7,8866
150.2,1326,26,7.0,8858
151.2,1193,50,7.0,8854
152.3,1193,18,7.0,8970
153.3,1145,18,8.2,8976
154.3,1145,14,6.4,8996
155.3,1150,29,8.8,8704
156.3,1149,45,7.8,8807
157.4,1149,30,7.8,8882
158.4,1150,30,7.7,8911
159.4,1190,29,7.9,8806
160.4,1206,33,9.4,8935
161.4,1215,42,8.3,8954
162.5,1272,25,7.4,9012
163.5,1258,40,7.9,8991
164.5,1250,71,7.9,8997
165.5,1249,14,7.8,8997
166.5,1269,15,9.6,8980
167.6,1295,14,7.5,8954
168.6,1293,20,6.9,8937
169.6,1299,37,7.9,8931
170.6,1301,39,8.9,8902
171.6,1293,15,8.2,8891
172.7,1274,40,8.6,8894
173.7,1273,6,7.6,8860
174.7,1274,8,8.1,8850
175.7,1286,21,9.1,8827
176.7,1289,40,7.8,8825
177.8,1270,34,8.2,8824
178.8,1274,44,8.6,8806
179.8,1275,21,8.0,8788
180.8,1277,23,7.6,8776
181.8,1234,31,7.6,8758
182.9,1238,34,7.6,8753
183.9,1270,72,8.0,8747
184.9,1266,11,7.3,8728
185.9,1266,19,7.4,8716
186.9,1265,22,6.5,8728
188.0,1262,38,7.9,8771
189.0,1259,6,7.7,8807
190.0,1233,12,6.5,8824
191.0,1229,16,7.3,8869
192.0,1229,26,6.8,8862
193.1,1362,40,12.0,8898
194.1,1390,26,8.8,8932
195.1,1381,44,7.4,8925
196.1,1349,36,10.8,8912
197.2,1394,31,9.2,8960
198.2,1344,39,10.0,9008
199.2,1328,46,9.4,9027
200.2,1327,42,8.6,9045
201.2,1311,39,9.3,9044
202.3,1333,13,8.8,9026
203.3,1354,47,10.9,9008
204.3,1369,35,10.6,9039
205.3,1385,37,9.1,9104
206.3,1384,13,8.0,9092
207.4,1345,2,6.2,9048
208.4,1340,14,7.7,9087
209.4,1326,20,8.6,9099
210.4,1353,25,7.6,9062
211.4,1333,20,6.7,9033
212.5,1335,3,6.8,9030
213.5,1336,12,7.5,9040
214.5,1330,8,7.6,9045
215.5,1306,29,9.2,9224
216.6,1267,78,7.5,9235
217.6,1312,13,6.6,9183
218.6,1304,12,7.8,9143
219.6,1302,15,6.9,9122
220.6,1302,3,7.1,9115
221.7,1302,63,6.2,9086
222.7,1332,11,6.9,9112
223.7,1330,31,7.9,9073
224.7,1329,38,8.7,9098
225.7,1328,14,7.1,9113
226.8,1348,40,6.9,9016
227.8,1321,72,6.9,9032
228.8,1320,4,7.0,9003
229.8,1323,28,7.0,8995
230.9,1324,7,6.5,8994
231.9,1287,9,6.8,9006
232.9,1274,4,6.8,8982
233.9,1310,3,6.3,8987
235.0,1300,7,6.9,8989
236.0,1285,9,7.0,9002
237.0,1280,10,6.8,9010
238.0,1278,21,6.7,8972
239.1,1272,4,8.7,8964
240.1,1277,13,6.7,9002
241.1,1273,2,7.5,8997
242.1,1273,8,6.4,8979
243.1,1312,2,6.3,8964
244.1,1311,20,7.3,8942
245.2,1304,59,6.9,8926
246.2,1304,23,8.1,8944
247.2,1305,20,6.3,8926
248.2,1316,37,7.5,8915
249.2,1316,20,7.6,8893
250.3,1320,12,7.1,8885
251.3,1321,8,8.0,8762
252.3,1319,17,7.4,8875
253.3,1293,27,7.5,8895
254.4,1293,70,7.5,8876
255.4,1333,22,7.6,8903
256.4,1302,42,8.2,8900
257.4,1304,42,7.5,8925
258.4,1343,7,8.0,9026
259.5,1343,5,7.1,9050
260.5,1340,71,8.9,9047
261.5,1339,71,6.8,9061
262.5,1330,5,7.5,9023
263.5,1335,33,6.4,8991
264.6,1297,13,8.2,9020
265.6,1291,5,6.0,9029
266.6,1286,10,6.2,9009
267.6,1285,8,7.0,9004
268.6,1275,18,7.0,9014
269.7,1264,14,6.4,9001
270.7,1256,15,7.3,8994
271.7,1256,26,6.9,8986
272.7,1254,14,6.8,8970
273.8,1254,17,7.6,8968
274.8,1254,13,6.5,8945
275.8,1254,27,7.2,8947
276.8,1254,37,6.7,8933
277.9,1259,14,7.5,8915
278.9,1257,6,8.2,8923
279.9,1257,40,7.1,8904
280.9,1257,10,7.9,9041
281.9,1266,3,9.4,9024
283.0,1327,5,8.9,9051
284.0,1323,4,8.8,9056
285.0,1321,17,9.0,9105
286.0,1334,4,9.3,9097
287.0,1301,4,9.7,9111
288.1,1298,50,7.7,9104
289.1,1334,9,6.3,9112
290.1,1340,5,8.0,9111
291.1,1335,10,8.2,8987
292.1,1310,4,7.7,9036
293.2,1341,8,8.2,9048
294.2,1338,27,7.7,9073
295.2,1294,28,6.8,9087
296.2,1285,5,7.5,9115
297.2,1282,30,6.1,9129
298.3,1277,21,7.9,9154
299.3,1272,9,7.4,9138
300.3,1268,36,8.7,9140
301.3,1263,19,7.6,9180
302.3,1264,29,6.9,9173
303.4,1262,11,7.4,9180
304.4,1267,64,8.6,9166
305.4,1267,14,7.2,9135
306.4,1323,7,9.2,9107
307.4,1317,79,10.3,9135
308.5,1326,3,8.4,9146
309.5,1332,8,9.9,9149
310.5,1331,19,8.5,9135
311.5,1296,9,8.7,9147
312.5,1286,6,5.9,9141
313.6,1288,8,11.9,9149
314.6,1282,12,7.8,9135
315.6,1282,8,8.6,9121
316.6,1283,68,8.0,9106
317.7,1338,2,8.3,9083
318.7,1336,18,7.5,9084
319.7,1329,28,9.2,9072
320.7,1335,9,7.0,9075
321.7,1336,11,6.8,8944
322.8,1317,9,7.2,8953
323.8,1358,32,10.1,9003
324.8,1322,23,10.6,9010
325.8,1318,8,7.4,9009
326.8,1318,38,6.7,9018
327.9,1347,17,8.5,9028
328.9,1353,56,7.9,9052
329.9,1299,6,9.2,9075
330.9,1295,41,8.1,9080
331.9,1321,28,12.6,9177
333.0,1329,35,10.0,9181
334.0,1323,6,7.1,9179
335.0,1323,17,8.2,9197
336.0,1310,22,6.2,9185
337.0,1294,20,6.2,9175
338.1,1262,10,5.8,9147
339.1,1262,83,6.6,9129
340.1,1260,7,7.1,9132
341.1,1260,20,6.3,9129
342.1,1260,10,6.7,9103
343.2,1265,22,6.5,9100
344.2,1265,90,9.6,9105
345.2,1274,5,7.2,9135
346.2,1273,26,7.4,9136
347.2,1275,4,7.4,9151
348.3,1269,30,8.3,9149
349.3,1314,37,7.6,9135
350.3,1314,17,6.9,9156
351.4,1312,17,6.3,9173
352.4,1318,8,9.6,9196
353.4,1319,2,7.5,9197
354.4,1318,14,6.8,9206
355.4,1269,6,6.8,9183
356.5,1269,4,7.8,9161
357.5,1273,9,7.4,9130
358.5,1268,3,6.4,9136
359.5,1277,45,6.4,9133
360.5,1277,21,8.0,9049
361.6,1369,15,9.0,9138
362.6,1369,20,7.6,9091
363.6,1354,6,7.6,9109
364.6,1313,50,7.3,9118
365.7,1311,8,7.2,9138
366.7,1297,7,7.3,9120
367.7,1337,30,8.1,9111
368.7,1324,18,6.8,9113
369.7,1314,15,6.7,9127
370.8,1309,6,7.4,9134
371.8,1311,78,6.8,9110
372.8,1309,100,6.8,9107
373.8,1309,13,6.7,9131
374.8,1309,18,7.3,9127
375.9,1320,5,9.1,9138
376.9,1397,8,8.8,9151
377.9,1396,4,7.6,9177
378.9,1322,33,9.9,9208
380.0,1308,3,7.9,9188
381.0,1306,17,8.4,9179
382.0,1336,4,7.2,9181
383.0,1352,15,7.7,9191
384.0,1306,9,8.1,9165
385.1,1312,13,7.0,9175
386.1,1310,15,8.7,9175
387.1,1309,24,9.4,9168
388.1,1308,12,6.1,9136
389.2,1293,27,9.4,9173
390.2,1338,20,7.8,9180
391.2,1339,70,9.4,9188
392.2,1336,30,6.6,9236
393.3,1303,3,7.6,9226
394.3,1301,22,8.7,9235
395.3,1307,75,6.6,9198
396.3,1304,17,6.0,9187
397.3,1301,2,5.7,9192
398.4,1295,60,8.9,9209
399.4,1296,47,7.3,9193
400.4,1344,6,6.6,9191
401.4,1346,20,7.2,9183
402.5,1339,8,8.6,9175
403.5,1328,10,8.7,9155
404.5,1304,38,9.5,9187
405.5,1330,28,7.6,9183
406.6,1314,28,8.7,9178
407.6,1322,11,7.0,9164
408.6,1285,3,8.3,9032
409.6,1321,11,7.7,9090
410.7,1314,43,7.0,9049
411.7,1313,23,7.1,9050
412.7,1315,20,8.3,9101
413.7,1314,21,7.7,9119
414.7,1312,3,6.3,9113
415.8,1320,7,9.3,9161
416.8,1324,8,6.2,9150
417.8,1344,26,7.8,9177
418.8,1345,80,8.3,9164
419.8,1343,7,6.2,9164
420.9,1336,5,8.8,9160
421.9,1333,11,8.5,9159
422.9,1298,4,7.1,9184
423.9,1279,6,7.6,9151
425.0,1278,3,8.5,9117
426.0,1270,6,6.6,9111
427.0,1262,8,6.2,9134
428.0,1262,3,7.8,9137
429.0,1261,5,6.9,9140
430.1,1261,3,8.5,9106
431.1,1302,5,7.9,9097
432.1,1302,5,7.2,9100
433.1,1263,3,6.9,9097
434.1,1300,6,8.3,9082
435.2,1312,34,8.9,9083
436.2,1291,58,10.3,9128
437.2,1304,3,8.4,9134
438.2,1303,11,6.5,9139
439.2,1296,6,6.2,9129
440.3,1297,10,7.2,9105
441.3,1282,27,6.7,9107
442.3,1270,6,7.4,9098
443.3,1321,15,7.4,9087
444.4,1351,10,7.5,9065
445.4,1351,21,7.9,9056
446.4,1317,23,7.1,9047
447.4,1310,6,8.3,9049
448.5,1307,6,8.3,9072
449.5,1304,6,7.3,9070
450.5,1327,24,9.3,9099
451.5,1278,4,8.3,9106
452.5,1278,34,8.9,9127
453.6,1273,5,7.1,9126
454.6,1268,20,8.8,9112
455.6,1268,16,9.3,9139
456.6,1295,19,7.3,9146
457.6,1295,12,9.5,9195
458.7,1309,32,12.7,9288
459.7,1291,6,8.1,9292
460.7,1290,8,9.9,9172
461.7,1288,10,8.9,9223
462.7,1280,28,9.5,9239
463.8,1286,15,10.7,9322
464.8,1277,5,10.3,9390
465.8,1333,30,11.1,9390
466.8,1334,38,9.5,9399
467.9,1336,39,10.0,9385
468.9,1295,38,13.7,9304
469.9,1282,24,15.8,9470
470.9,1279,32,9.2,9441
471.9,1278,17,6.8,9443
473.0,1277,15,9.2,9420
474.0,1271,8,6.5,9425
475.0,1263,33,8.0,9420
476.0,1265,40,7.9,9408
477.0,1269,36,7.7,9390
478.1,1269,24,8.7,9371
479.1,1276,21,9.6,9381
480.1,1275,18,8.9,9372
481.1,1275,6,8.5,9367
482.2,1276,80,7.7,9348
483.2,1309,20,12.1,9387
484.2,1300,19,9.6,9400
485.2,1297,5,7.3,9372
486.2,1295,13,7.3,9377
487.3,1295,9,8.7,9379
488.3,1267,20,6.8,9365
489.3,1257,14,7.5,9353
490.3,1266,88,8.5,9338
491.3,1263,2,5.9,9311
492.4,1263,10,6.1,9319
493.4,1295,7,8.3,9315
494.4,1293,96,6.5,9315
495.4,1298,10,8.2,9300
496.4,1312,17,6.7,9301
497.5,1312,5,6.5,9293
498.5,1285,10,7.9,9311
499.5,1285,78,7.6,9187
500.5,1295,2,7.9,9171
501.5,1292,4,6.7,9155
502.6,1318,18,9.1,9172
503.6,1329,13,8.4,9193
504.6,1328,22,7.4,9196
505.6,1328,20,8.1,9192
506.7,1307,25,6.7,9166
507.7,1280,9,6.1,9183
508.7,1262,27,10.2,9188
509.7,1336,0,11.9,9242
510.7,1568,30,11.8,9237
511.8,1544,19,6.6,9206
512.8,1541,3,7.0,9211
513.8,1541,4,6.5,9222
514.8,1541,10,6.5,9204
515.9,1375,21,6.4,9186
516.9,1317,4,6.8,9201
517.9,1317,10,7.8,9203
518.9,1329,7,7.0,9181
519.9,1329,20,6.2,9182
521.0,1324,13,6.1,9178
522.0,1323,4,8.4,9195
523.0,1323,2,5.9,9188
524.0,1266,11,5.9,9167
525.1,1264,6,7.1,9238
526.1,1259,6,6.8,9242
527.1,1259,20,7.2,9231
528.1,1266,38,9.1,9221
529.1,1433,11,9.8,9177
530.2,1493,8,10.7,9207
531.2,1430,3,8.0,9227
532.2,1425,9,8.3,9258
533.2,1424,3,6.6,9261
534.2,1392,3,6.8,9248
535.3,1323,42,8.0,9242
536.3,1327,3,7.4,9218
537.3,1335,28,7.7,9237
538.3,1334,17,8.3,9232
539.4,1335,8,7.9,9230
540.4,1335,14,6.4,9248
541.4,1369,8,7.3,9240
542.4,1379,32,7.3,9249
543.5,1349,80,8.3,9245
544.5,1348,5,7.5,9243
545.5,1390,14,7.8,9241
546.5,1398,4,8.5,9217
547.5,1348,19,9.0,9296
548.6,1346,19,7.5,9302
549.6,1367,17,9.0,9302
550.6,1367,40,6.6,9292
551.6,1354,2,5.7,9294
552.7,1354,14,7.8,9219
553.7,1331,18,6.0,9248
554.7,1328,13,7.4,9261
555.7,1351,72,6.9,9292
556.8,1352,3,10.4,9308
557.8,1352,21,6.3,9303
558.8,1352,9,5.9,9301
559.8,1343,68,8.1,9317
560.8,1343,49,6.7,9302
561.9,1346,2,6.3,9280
562.9,1345,18,6.9,9293
563.9,1329,16,7.9,9300
564.9,1329,38,6.6,9307
565.9,1327,7,6.9,9312
567.0,1322,10,8.6,9286
568.0,1322,22,6.1,9283
569.0,1340,42,8.5,9278
570.0,1337,15,6.4,9256
571.0,1314,91,9.0,9286
572.1,1342,5,9.5,9271
573.1,1341,59,7.9,9276
574.1,1343,18,8.7,9277
575.1,1341,7,8.6,9266
576.2,1378,44,9.1,9272
577.2,1386,80,10.8,9165
578.2,1333,3,7.0,9194
579.2,1331,5,6.3,9214
580.3,1316,26,7.3,9223
581.3,1316,72,10.5,9213
582.3,1315,2,6.5,9214
583.4,1294,2,7.7,9231
584.4,1322,10,6.8,9261
585.4,1322,18,9.5,9265
586.4,1313,10,6.9,9270
587.5,1312,27,7.4,9283
588.5,1316,10,6.3,9274
589.5,1316,10,10.7,9265
590.5,1315,14,6.0,9242
591.5,1336,6,8.8,9272
592.6,1334,9,7.2,9277
593.6,1335,16,6.9,9281
594.6,1371,46,9.2,9237
595.6,1333,3,7.2,9266
596.7,1331,4,8.5,9254
597.7,1331,9,9.3,9221
598.7,1326,8,8.9,9208
599.7,1317,14,9.9,9243
600.7,1369,18,10.9,9237
601.8,1364,31,10.0,9259
602.8,1338,6,8.7,9262
603.8,1338,2,9.2,9172
604.8,1357,2,9.8,9243
605.8,1344,34,7.8,9268
606.9,1393,20,8.0,9282
607.9,1391,6,7.9,9293
608.9,1331,13,7.1,9310
609.9,1331,57,10.3,9303
610.9,1331,4,7.9,9329
612.0,1331,41,8.6,9335
613.0,1329,5,6.7,9328
614.0,1328,5,9.0,9352
615.0,1349,7,9.1,9349
616.1,1349,6,7.4,9364
617.1,1368,4,7.3,9346
618.1,1368,6,8.9,9369
619.1,1408,4,7.5,9376
620.1,1376,27,6.9,9335
621.2,1336,66,7.2,9341
622.2,1343,17,8.3,9178
623.2,1340,8,6.5,9206
624.2,1319,12,6.9,9262
625.3,1307,16,6.7,9281
626.3,1306,17,9.4,9303
627.3,1311,61,6.4,9312
628.3,1311,8,8.5,9336
629.3,1320,11,5.8,9352
630.3,1322,17,9.0,9342
631.4,1359,30,7.0,9362
632.4,1351,27,6.0,9341
633.4,1314,18,7.8,9340
634.4,1351,18,7.0,9326
635.5,1340,15,7.6,9315
636.5,1313,33,8.6,9333
637.5,1354,8,6.9,9352
638.6,1354,2,9.3,9334
639.6,1318,17,6.6,9337
640.6,1317,42,8.2,9348
641.6,1317,37,9.0,9316
642.6,1330,74,8.0,9314
643.7,1314,57,8.4,9315
644.7,1317,21,6.7,9367
645.7,1316,10,6.0,9235
646.7,1312,8,8.4,9299
647.7,1329,11,7.4,9324
648.8,1331,21,8.0,9346
649.8,1332,22,6.8,9347
650.8,1331,2,8.4,9363
651.8,1331,5,7.1,9368
652.8,1350,6,8.5,9388
653.9,1345,37,6.4,9391
654.9,1307,9,9.4,9360
655.9,1305,12,7.2,9349
656.9,1305,18,8.5,9348
658.0,1298,20,6.4,9348
659.0,1317,6,8.9,9333
660.0,1317,2,6.0,9356
661.0,1312,2,6.3,9335
662.0,1312,72,8.2,9331
663.1,1324,42,7.7,9351
664.1,1325,19,8.7,9357
665.1,1321,18,7.7,9360
666.1,1327,6,7.7,9366
667.2,1361,72,8.9,9363
668.2,1357,5,6.4,9331
669.2,1320,24,7.3,9318
670.2,1319,69,8.0,9319
671.2,1317,23,6.7,9328
672.3,1312,72,7.8,9286
673.3,1312,19,6.6,9309
674.3,1300,20,7.0,9312
675.3,1354,33,7.6,9329
676.4,1375,52,13.1,9397
677.4,1392,32,7.9,9382
678.4,1312,34,8.4,9350
679.4,1281,23,7.2,9384
680.4,1265,73,8.7,9389
681.5,1273,22,9.5,9470
682.5,1276,20,9.9,9592
683.5,1274,10,7.4,9568
684.5,1267,20,6.8,9558
685.5,1262,2,7.5,9539
686.6,1259,17,6.7,9522
687.6,1268,21,7.8,9511
688.6,1264,18,7.6,9509
689.6,1262,30,7.2,9504
690.7,1261,30,8.4,9498
691.7,1257,32,7.4,9497
692.7,1267,34,8.0,9487
693.7,1265,35,7.8,9494
694.7,1264,37,9.1,9521
695.8,1266,37,8.3,9509
696.8,1266,40,8.0,9506
697.8,1266,43,8.6,9491
698.8,1272,40,10.1,9476
699.8,1271,40,8.1,9486
700.9,1273,50,7.9,9476
701.9,1283,29,8.6,9489
702.9,1276,31,10.8,9479
703.9,1257,0,10.0,9358
705.0,1335,0,11.3,9439
706.0,1550,5,13.7,9478
707.0,1535,25,10.8,9422
708.1,1527,16,8.5,9438
709.1,1523,19,7.5,9440
710.1,1468,34,7.9,9432
711.1,1283,27,9.1,9429
712.2,1346,29,9.0,9423
713.2,1344,31,8.3,9428
714.2,1337,29,7.8,9423
715.2,1357,33,10.1,9431
716.2,1304,44,9.8,9420
717.2,1276,30,8.7,9438
718.3,1272,34,8.4,9441
719.3,1309,10,11.0,9493
720.3,1290,71,8.5,9342
721.3,1271,2,6.7,9384
722.4,1268,17,9.8,9394
723.4,1269,28,7.7,9419
724.4,1268,7,7.6,9427
725.4,1269,34,9.8,9443
726.4,1346,16,7.6,9467
727.5,1346,3,8.7,9450
728.5,1293,30,7.8,9450
729.5,1286,33,9.1,9443
730.5,1284,4,8.3,9458
731.6,1284,24,7.3,9481
732.6,1274,8,8.5,9479
733.6,1274,26,7.4,9471
734.6,1274,20,8.5,9490
735.6,1284,14,7.8,9480
736.7,1286,38,13.5,9473
737.7,1285,19,8.2,9548
738.7,1285,12,8.6,9554
739.7,1285,9,8.6,9555
740.7,1285,10,7.1,9553
741.8,1280,10,6.6,9533
742.8,1276,14,7.1,9515
743.8,1276,17,9.5,9516
744.8,1286,19,11.8,9620
745.9,1294,14,8.9,9683
746.9,1289,2,8.5,9672
747.9,1287,6,7.5,9656
748.9,1287,7,7.1,9659
749.9,1278,4,8.4,9634
751.0,1276,18,7.2,9634
752.0,1276,13,10.3,9626
753.0,1276,10,7.7,9610
754.0,1276,15,8.6,9612
755.0,1366,22,8.0,9568
756.1,1360,4,8.1,9555
757.1,1361,8,7.3,9557
758.1,1361,13,6.9,9545
759.1,1361,7,8.3,9539
760.2,1346,34,7.4,9521
761.2,1353,69,9.2,9546
762.2,1351,16,8.1,9541
763.2,1344,5,7.3,9563
764.2,1358,17,8.8,9561
765.3,1359,6,9.7,9586
766.3,1357,37,7.8,9591
767.3,1360,20,8.2,9585
768.3,1321,14,8.2,9560
769.3,1318,43,7.0,9560
770.4,1318,5,7.7,9579
771.4,1347,21,8.4,9565
772.4,1309,31,8.6,9589
773.4,1285,29,8.5,9594
774.4,1281,8,6.7,9596
775.5,1281,5,8.0,9590
776.5,1280,6,6.8,9582
777.5,1280,72,8.4,9582
778.5,1271,10,8.3,9559
779.5,1270,8,9.1,9555
780.6,1255,11,10.7,9527
781.6,1280,12,10.9,9531
782.6,1273,8,9.8,9537
783.6,1280,34,10.5,9539
784.7,1359,37,10.8,9532
785.7,1346,10,8.3,9535
786.7,1313,67,7.3,9533
787.7,1315,45,10.2,9556
788.7,1371,6,9.9,9575
789.8,1303,7,9.2,9566
790.8,1280,4,7.7,9559
791.8,1275,8,8.0,9534
792.8,1274,78,6.7,9522
793.8,1274,12,6.6,9514
794.9,1265,9,7.0,9498
795.9,1255,3,7.9,9506
796.9,1255,3,8.5,9511
797.9,1257,37,8.4,9499
798.9,1257,13,8.4,9362
800.0,1257,15,8.5,9443
801.0,1257,21,8.5,9443
802.0,1259,39,8.0,9463
803.0,1259,4,9.6,9497
804.1,1259,6,7.0,9502
805.1,1259,8,8.5,9515
806.1,1259,11,10.8,9501
807.1,1259,29,10.0,9521
808.1,1269,88,10.5,9516
809.2,1339,15,13.5,9560
810.2,1308,22,11.7,9791
811.2,1304,9,8.3,9775
812.2,1302,9,9.2,9771
813.2,1302,6,7.6,9771
814.3,1296,67,7.2,9743
815.3,1255,14,7.5,9753
816.3,1255,8,7.6,9735
817.3,1255,15,9.7,9828
818.3,1255,6,6.8,9806
819.4,1256,13,6.4,9806
820.4,1258,10,7.3,9801
821.4,1262,70,8.4,9794
822.4,1261,20,9.4,9763
823.5,1265,11,8.2,9764
824.5,1258,26,7.4,9764
825.5,1258,6,8.7,9730
826.5,1254,23,7.8,9724
827.6,1254,3,8.2,9715
828.6,1259,5,8.4,9719
829.6,1259,36,9.2,9707
830.6,1259,7,7.6,9708
831.6,1264,16,9.3,9701
832.7,1271,38,8.9,9739
833.7,1269,4,6.2,9734
834.7,1265,15,8.5,9797
835.7,1263,19,8.0,9784
836.8,1264,18,7.4,9788
837.8,1259,5,7.5,9775
838.8,1258,66,6.9,9777
839.8,1257,5,7.6,9779
840.8,1240,18,6.7,9777
841.9,1240,6,6.6,9777
842.9,1240,14,6.7,9774
843.9,1240,17,6.6,9747
844.9,1239,15,6.6,9731
846.0,1239,14,7.2,9697
847.0,1238,2,7.4,9679
848.0,1238,2,6.6,9692
849.0,1238,5,6.7,9658
850.0,1238,13,6.2,9650
851.1,1238,17,6.3,9644
852.1,1239,3,6.3,9637
853.1,1239,2,6.2,9625
854.1,1239,7,6.8,9628
855.1,1241,2,7.0,9638
856.2,1241,2,5.3,9643
857.2,1241,6,6.4,9629
858.2,1241,80,7.7,9747
859.2,1241,4,6.9,9750
860.2,1241,12,5.9,9746
861.3,1241,14,6.1,9727
862.3,1241,14,6.2,9723
863.3,1241,14,6.5,9700
864.3,1227,14,6.6,9692
865.4,1227,2,6.5,9684
866.4,1227,2,7.6,9665
867.4,1227,71,8.1,9659
868.4,1227,36,6.6,9655
869.4,1227,5,5.6,9644
870.5,1227,18,9.8,9557
871.5,1229,64,6.8,9548
872.5,1231,14,6.9,9542
873.5,1231,2,5.3,9556
874.5,1231,7,5.8,9551
875.6,1231,9,6.4,9521
876.6,1227,13,6.2,9512
877.6,1227,14,7.4,9518
878.6,1227,22,7.0,9506
879.6,1227,27,7.0,9519
880.7,1227,26,7.4,9515
881.7,1227,21,8.3,9529
882.7,1227,17,8.0,9433
883.7,1225,16,7.7,9462
884.8,1225,14,7.8,9534
885.8,1225,15,7.0,9542
886.8,1225,15,6.5,9551
887.8,1225,14,6.4,9555
888.9,1225,14,6.6,9575
889.9,1225,15,7.2,9576
890.9,1225,17,6.3,9601
891.9,1225,25,6.6,9601
893.0,1225,29,5.9,9610
894.0,1225,29,6.5,9610
895.0,1225,25,6.7,9594
896.0,1225,23,6.7,9612
897.1,1225,18,6.6,9575
898.1,1225,15,6.1,9560
899.1,1225,15,6.2,9563
900.1,1234,15,6.1,9565
901.1,1234,14,6.8,9433
902.2,1232,14,6.0,9463
903.2,1232,14,6.6,9491
904.2,1232,14,7.1,9494
905.2,1230,14,6.2,9495
906.3,1230,15,5.9,9516
907.3,1230,14,7.1,9527
908.3,1230,14,6.6,9526
909.3,1230,16,6.4,9531
910.4,1230,14,7.2,9548
911.4,1230,14,7.2,9538
912.4,1230,14,6.3,9553
913.4,1232,14,7.5,9534
914.4,1232,2,6.0,9530
915.5,1232,2,5.9,9546
916.5,1247,89,7.2,9534
917.5,1321,14,6.6,9553
918.5,1336,20,7.0,9543
919.5,1340,13,7.8,9556
920.6,1340,12,6.9,9563
921.6,1303,12,6.7,9548
922.6,1339,6,6.6,9538
923.6,1339,38,8.5,9544
924.7,1327,17,7.9,9557
925.7,1289,11,6.1,9574
926.7,1271,5,6.7,9438
927.7,1259,12,7.7,9415
928.7,1259,3,6.3,9438
929.8,1258,10,6.0,9451
930.8,1261,15,6.8,9458
931.8,1259,14,6.0,9459
932.8,1251,22,6.2,9450
933.9,1242,18,6.9,9463
934.9,1244,45,6.3,9458
935.9,1261,6,6.5,9471
936.9,1368,72,7.2,9471
938.0,1357,7,6.5,9479
939.0,1345,8,7.1,9505
940.0,1345,70,6.9,9517
941.0,1314,14,7.0,9506
942.1,1312,13,6.9,9488
943.1,1301,17,7.5,9477
944.1,1296,32,6.4,9476
945.1,1290,3,8.1,9523
946.1,1290,3,5.8,9528
947.2,1290,5,6.7,9518
948.2,1288,8,6.6,9532
949.2,1288,11,7.2,9554
950.2,1322,9,6.3,9572
951.3,1293,5,5.9,9561
952.3,1293,5,5.6,9547
953.3,1292,5,6.1,9549
954.3,1292,3,6.2,9550
955.3,1283,3,6.4,9553
956.4,1283,5,6.2,9437
957.4,1336,20,7.1,9483
958.4,1314,6,7.0,9503
959.4,1355,27,6.8,9531
960.4,1335,33,6.7,9554
961.5,1278,13,7.2,9583
962.5,1273,10,6.5,9560
963.5,1272,4,5.8,9571
964.5,1271,4,5.8,9571
965.5,1271,10,6.5,9550
966.6,1256,13,6.1,9524
967.6,1255,21,6.7,9528
968.6,1265,29,7.0,9543
969.6,1267,15,6.7,9537
970.7,1320,18,9.0,9601
971.7,1319,29,7.4,9622
972.7,1317,32,6.8,9622
973.7,1317,29,6.8,9617
974.7,1330,34,9.3,9639
975.8,1323,16,7.4,9654
976.8,1295,15,7.6,9711
977.8,1297,26,6.8,9698
978.8,1298,28,7.6,9718
979.8,1289,10,6.1,9699
980.9,1288,14,6.4,9700
981.9,1288,10,6.4,9704
982.9,1294,14,7.3,9699
984.0,1297,15,7.4,9668
985.0,1288,7,5.9,9686
986.0,1287,23,6.9,9663
987.0,1286,7,6.7,9635
988.1,1286,10,5.6,9637
989.1,1276,12,6.3,9635
990.1,1276,2,6.6,9614
991.1,1271,4,6.9,9594
992.2,1297,26,9.6,9652
993.2,1294,5,6.3,9648
994.2,1292,7,6.4,9648
995.2,1292,5,5.6,9667
996.3,1293,26,6.6,9667
997.3,1298,9,6.0,9652
998.3,1309,11,6.3,9489
999.3,1296,32,6.9,9588
1000.3,1370,12,7.7,9644
1001.4,1357,8,7.0,9647
1002.4,1333,6,7.5,9663
1003.4,1330,68,5.7,9666
1004.5,1330,23,6.3,9667
1005.5,1335,20,6.4,9677
1006.5,1326,21,5.8,9659
1007.5,1318,10,5.8,9659
1008.5,1316,7,6.6,9658
1009.6,1316,13,6.4,9653
1010.6,1308,9,5.3,9647
1011.6,1308,6,5.9,9632
1012.6,1306,12,5.9,9637
1013.6,1306,6,5.8,9649
1014.7,1306,7,5.8,9651
1015.7,1368,11,6.8,9650
1016.7,1371,3,6.0,9638
1017.7,1312,33,7.4,9661
1018.7,1309,75,7.2,9687
1019.8,1344,21,13.3,9765
1020.8,1345,19,6.7,9955
1021.8,1342,29,7.0,9954
1022.8,1340,9,5.4,9934
1023.8,1339,19,6.0,9929
1024.9,1338,10,6.1,9899
1025.9,1300,15,6.2,9892
1026.9,1292,29,7.0,9877
1027.9,1292,17,7.0,9868
1029.0,1292,14,6.4,9862
1030.0,1292,24,6.2,9856
1031.0,1153,22,6.3,9862
1032.0,1153,13,6.7,9860
1033.1,1153,14,6.6,9871
1034.1,1153,14,6.6,9863
1035.1,1154,28,6.7,9839
1036.1,1154,20,6.7,9858
1037.1,1152,14,6.6,9831
1038.2,1152,14,7.2,9830
1039.2,1140,17,7.3,9813
1040.2,1140,28,6.3,9796
1041.2,1140,18,6.0,9788
1042.3,1140,14,6.7,9799
1043.3,1140,2,6.1,9796
1044.3,1140,7,6.6,9799
1045.3,1120,33,7.3,9798
1046.4,1120,4,6.9,9797
1047.4,1120,4,6.5,9793
1048.4,1134,9,7.1,9789
1049.4,1142,12,7.5,9754
1050.4,1142,2,7.2,9749
1051.5,1233,66,8.2,9751
1052.5,1206,18,7.4,9764
1053.5,1144,6,6.7,9758
1054.5,1143,73,7.8,9740
1055.5,1143,5,6.7,9730
1056.6,1142,2,6.6,9741
1057.6,1138,6,7.4,9738
1058.6,1138,35,6.9,9739
1059.6,1127,7,7.0,9737
1060.6,1127,14,7.5,9732
1061.7,1127,20,6.7,9725
1062.7,1127,23,7.7,9727
1063.7,1124,14,7.7,9729
1064.8,1124,14,6.8,9655
1065.8,1124,28,7.4,9719
1066.8,1124,16,6.8,9736
1067.8,1124,15,6.8,9751
1068.8,1124,26,6.8,9761
1069.9,1124,15,6.4,9775
1070.9,1124,14,7.2,9753
1071.9,1124,14,7.1,9763
1072.9,1124,28,6.5,9742
1074.0,1124,15,6.0,9728
1075.0,1124,27,6.4,9713
1076.0,1124,18,6.8,9721
1077.0,1135,84,7.6,9725
1078.1,1201,12,8.3,9726
1079.1,1199,4,6.8,9741
1080.1,1199,27,7.5,9730
1081.1,1199,27,6.8,9724
1082.1,1193,12,6.4,9729
1083.2,1193,12,6.8,9728
1084.2,1193,62,6.9,9740
1085.2,1193,5,6.9,9741
1086.3,1193,10,6.4,9742
1087.3,1193,47,7.1,9741
1088.3,1193,14,6.7,9738
1089.3,1193,14,6.6,9735
1090.3,1193,48,6.4,9755
1091.4,1193,14,6.6,9741
1092.4,1193,15,7.2,9758
1093.4,1193,50,6.3,9772
1094.4,1193,14,6.8,9761
1095.5,1193,14,6.5,9770
1096.5,1193,45,6.9,9752
1097.5,1193,14,7.0,9747
1098.5,1193,14,6.5,9725
1099.6,1193,40,6.3,9732
1100.6,1193,20,6.3,9746
1101.6,1193,16,6.7,9728
1102.6,1193,33,10.4,9701
1103.7,1193,21,7.2,9699
1104.7,1193,15,6.5,9670
1105.7,1193,34,6.6,9680
1106.7,1193,23,7.1,9681
1107.8,1193,15,6.4,9680
1108.8,1193,24,6.9,9694
1109.8,1193,19,6.2,9696
1110.8,1193,14,6.7,9663
1111.8,1193,30,6.5,9672
1112.9,1193,18,7.2,9581
1113.9,1193,15,6.4,9628
1114.9,1193,22,6.9,9651
1115.9,1193,24,6.3,9645
1117.0,1193,15,7.2,9653
1118.0,1193,11,6.0,9642
1119.0,1193,16,6.9,9636
1120.0,1193,25,6.3,9653
1121.1,1193,14,6.9,9636
1122.1,1193,14,6.7,9648
1123.1,1193,29,7.0,9675
1124.2,1193,14,6.4,9675
1125.2,1193,14,7.0,9752
1126.2,1193,28,6.8,9743
1127.2,1193,15,6.6,9765
1128.3,1193,19,6.8,9627
1129.3,1193,19,6.6,9659
1130.3,1193,14,6.4,9688
1131.3,1193,27,6.0,9683
1132.3,1193,17,6.5,9691
1133.4,1193,15,5.9,9702
1134.4,1193,29,6.7,9713
1135.4,1193,10,6.0,9746
1136.4,1193,11,6.3,9764
1137.5,1193,17,5.6,9778
1138.5,1193,14,5.8,9761
1139.5,1193,27,6.3,9751
1140.5,1193,14,5.3,9749
1141.6,1193,94,6.5,9731
1142.6,1193,4,5.5,9745
1143.6,1193,2,6.9,9753
1144.6,1193,19,6.1,9725
1145.6,1193,11,6.0,9713
1146.7,1193,15,5.8,9702
1147.7,1193,49,7.5,9662
1148.7,1193,14,6.1,9684
1149.7,1193,20,5.9,9723
1150.8,1193,34,5.6,9724
1151.8,1193,14,6.3,9727
1152.8,1193,55,5.9,9731
1153.9,1193,12,5.5,9737
1154.9,1192,30,5.9,9731
1155.9,1192,38,6.4,9729
1156.9,1192,7,6.1,9701
1157.9,1192,43,6.3,9699
1159.0,1192,20,6.2,9716
1160.0,1192,51,7.0,9687
1161.0,1192,23,7.0,9681
1162.0,1192,12,6.3,9687
1163.1,1192,13,6.3,9679
1164.1,1192,19,7.2,9688
1165.1,1192,37,5.9,9700
1166.1,1192,19,6.0,9705
1167.1,1192,49,7.5,9732
1168.2,1192,22,8.3,9743
1169.2,1192,41,7.3,9741
1170.2,1192,36,8.2,9769
1171.2,1192,53,7.0,9779
1172.3,1192,25,7.8,9779
1173.3,1192,12,9.7,9760
1174.3,1192,17,6.7,9761
1175.3,1192,13,7.2,9749
1176.4,1192,10,7.2,9732
1177.4,1192,18,6.3,9732
1178.4,1192,13,6.3,9737
1179.4,1192,23,6.9,9757
1180.5,1192,25,7.4,9760
1181.5,1192,15,6.4,9770
1182.5,1192,15,8.1,9766
1183.6,1192,25,7.5,9762
1184.6,1192,28,8.3,9659
1185.6,1192,15,8.6,9708
1186.6,1192,26,9.3,9709
1187.7,1192,27,8.9,9739
1188.7,1192,15,8.9,9745
1189.7,1192,41,8.5,9764
1190.7,1192,15,8.1,9764
1191.8,1192,15,8.8,9770
1192.8,1192,41,8.9,9781
1193.8,1192,14,8.5,9770
1194.8,1192,14,9.4,9774
1195.9,1192,31,9.2,9763
1196.9,1192,20,8.6,9765
1197.9,1192,15,8.6,9778
1198.9,1192,30,8.6,9790
1200.0,1192,19,9.1,9814
1201.0,1192,25,8.9,9817
1202.0,1192,15,8.8,9796
1203.1,1192,16,8.7,9812
1204.1,1192,45,9.0,9812
1205.1,1192,17,8.6,9812
1206.1,1192,15,8.9,9817
1207.2,1192,36,9.1,9827
1208.2,1192,21,9.2,9826
1209.2,1192,49,10.1,9827
1210.3,1192,10,8.5,9846
1211.3,1192,12,8.8,9852
1212.3,1192,69,8.7,9849
1213.3,1192,6,8.8,9863
1214.4,1192,52,9.4,9762
1215.4,1192,13,9.0,9771
1216.4,1192,9,8.5,9814
1217.4,1192,16,9.6,9837
1218.4,1192,5,9.2,9839
1219.5,1192,5,9.1,9840
1220.5,1192,7,9.3,9859
1221.5,1192,8,8.3,9857
1222.5,1192,66,8.8,9870
1223.6,1192,67,8.6,9856
1224.6,1192,6,8.9,9880
1225.6,1192,33,9.2,9884
1226.6,1192,13,9.4,9886
1227.7,1192,12,8.8,9896
1228.7,1192,10,9.0,9890
1229.7,1192,7,9.3,9891
1230.7,1192,30,10.6,9901
1231.8,1192,60,8.6,9926
1232.8,1192,12,8.6,9939
1233.8,1192,15,9.3,9931
1234.8,1192,12,9.7,9941
1235.9,1192,24,8.6,9934
1236.9,1192,6,8.8,9914
1237.9,1192,6,9.3,9917
1238.9,1192,34,9.3,9914
1239.9,1192,11,9.4,9928
1241.0,1192,47,10.2,9918
1242.0,1192,13,9.5,9945
1243.0,1192,7,8.8,9947
1244.0,1192,7,9.1,9926
1245.1,1192,7,10.2,10015
1246.1,1192,22,9.7,10004
1247.1,1192,11,7.8,10013
1248.2,1192,35,8.3,10019
1249.2,1192,29,6.2,10009
1250.2,1192,23,7.0,10003
1251.2,1192,19,6.5,10012
1252.3,1192,20,7.6,10007
1253.3,1192,23,7.7,10016
1254.3,1192,17,7.1,10025
1255.3,1192,14,8.5,10034
1256.3,1192,27,7.0,10021
1257.4,1192,16,6.7,10019
1258.4,1192,19,7.3,9905
1259.4,1192,34,7.5,9963
1260.5,1192,19,7.2,9995
1261.5,1192,21,6.7,9997
1262.5,1192,21,7.4,9999
1263.5,1192,20,7.0,9986
1264.6,1192,33,6.8,9957
1265.6,1192,26,6.4,9961
1266.6,1192,32,7.1,9963
1267.6,1192,30,6.7,9968
1268.7,1192,23,7.0,9984
1269.7,1192,40,8.1,9965
1270.7,1192,28,7.0,9986
1271.7,1192,26,7.1,9992
1272.8,1192,43,7.9,10006
1273.8,1192,40,6.7,10015
1274.8,1192,46,6.9,10006
1275.8,1192,21,6.5,9984
1276.9,1192,18,7.6,9983
1277.9,1194,11,7.4,9967
1278.9,1198,44,8.2,9971
1279.9,1198,2,6.8,9979
1281.0,1197,6,7.5,9988
1282.0,1197,10,7.0,9878
1283.0,1197,12,7.2,9876
1284.0,1187,17,7.8,9904
1285.0,1187,25,7.2,9911
1286.1,1187,19,6.5,9913
1287.1,1191,19,7.5,9928
1288.1,1191,72,7.9,9919
1289.1,1191,21,7.7,9928
1290.2,1191,22,8.5,9922
1291.2,1191,27,7.9,9940
1292.2,1191,61,7.6,9977
1293.2,1191,12,7.9,9968
1294.2,1191,18,8.4,9985
1295.2,1191,8,6.4,9975
1296.3,1199,24,7.8,9982
1297.3,1226,7,7.8,9986
1298.3,1232,6,7.7,9991
1299.3,1221,52,7.3,9992
1300.4,1238,29,12.0,10081
1301.4,1247,25,12.3,10108
1302.4,1238,27,7.6,10102
1303.4,1238,27,8.0,10090
1304.4,1216,16,9.1,10129
1305.5,1216,43,8.0,10106
1306.5,1216,8,9.1,10093
1307.5,1216,44,8.0,10079
1308.5,1216,14,7.1,10093
1309.5,1216,7,7.8,10093
1310.6,1200,21,7.7,10090
1311.6,1200,3,8.1,10081
1312.6,1200,6,7.7,10057
1313.6,1200,8,7.5,10053
1314.6,1200,17,9.2,10035
1315.7,1200,22,7.2,10043
1316.7,1187,16,6.3,10048
1317.7,1187,7,7.0,10036
1318.7,1232,40,9.1,10031
1319.7,1232,2,7.0,10017
1320.8,1232,3,7.5,9994
1321.8,1232,7,8.5,9989
1322.8,1232,42,8.1,9980
1323.8,1232,6,7.2,9947
1324.9,1216,6,8.2,9986
1325.9,1215,13,6.9,9978
1326.9,1200,17,7.1,9987
1327.9,1200,34,6.8,10008
1328.9,1216,10,8.6,10026
1330.0,1216,2,6.5,10019
1331.0,1216,2,7.6,10021
1332.0,1216,42,9.7,10001
1333.0,1216,7,8.8,10004
1334.0,1216,32,7.3,10007
1335.1,1216,12,9.0,10016
1336.1,1216,2,8.0,10018
1337.1,1215,9,6.7,10024
1338.1,1215,7,7.4,10031
1339.1,1191,10,8.4,10019
1340.2,1183,41,7.7,10009
1341.2,1192,13,6.8,9971
1342.2,1192,14,8.7,9959
1343.2,1192,10,7.2,9979
1344.2,1192,4,7.9,9970
1345.3,1192,23,7.0,9971
1346.3,1191,9,6.9,9984
1347.3,1200,4,7.1,9955
1348.3,1201,3,7.1,9960
1349.3,1221,19,7.6,9942
1350.4,1217,6,6.5,9980
1351.4,1226,22,7.9,9997
1352.4,1229,7,11.2,10128
1353.4,1226,4,8.4,10179
1354.5,1210,16,7.3,10171
1355.5,1212,11,9.5,10156
1356.5,1202,7,6.9,10147
1357.5,1186,19,6.3,10135
1358.6,1185,20,9.3,10121
1359.6,1146,17,7.9,10110
1360.6,1145,11,6.8,10058
1361.6,1142,7,6.6,10096
1362.6,1143,83,7.0,10102
1363.7,1141,2,7.2,10132
1364.7,1138,7,7.4,10140
1365.7,1135,10,6.2,10147
1366.7,1136,32,6.8,10155
1367.8,1134,14,6.1,10159
1368.8,1134,16,7.5,10180
1369.8,1134,17,6.9,10199
1370.8,1134,19,6.8,10192
1371.9,1134,22,6.4,10203
1372.9,1134,28,6.5,10196
1373.9,1134,27,7.3,10197
1374.9,1134,19,6.1,10194
1376.0,1134,15,6.6,10194
1377.0,1134,15,6.5,10181
1378.0,1147,15,7.4,10183
1379.0,1150,16,7.1,10188
1380.1,1148,6,6.7,10198
1381.1,1147,8,6.4,10097
1382.1,1147,12,7.0,10127
1383.1,1138,22,6.5,10139
1384.1,1141,18,9.9,10215
1385.2,1163,17,9.6,10289
1386.2,1216,12,8.6,10369
1387.2,1204,32,6.9,10377
1388.2,1263,74,7.8,10319
1389.3,1339,7,8.4,10336
1390.3,1296,18,7.9,10360
1391.3,1344,24,7.9,10372
1392.3,1300,37,7.2,10387
1393.3,1299,30,9.1,10188
1394.4,1286,10,7.2,10191
1395.4,1284,20,6.5,10177
1396.4,1268,23,7.0,10157
1397.4,1268,29,7.1,10149
1398.5,1268,35,6.5,10136
1399.5,1268,97,7.7,10145
1400.5,1268,4,7.0,10162
1401.5,1268,13,7.5,10157
1402.5,1268,49,9.4,10145
1403.6,1268,29,8.0,10145
1404.6,1268,12,7.8,10144
1405.6,1268,8,7.1,10084
1406.6,1268,3,6.6,10072
1407.7,1268,14,8.1,10047
1408.7,1268,11,7.1,10034
1409.7,1268,69,6.9,10012
1410.7,1268,19,7.0,10020
1411.8,1268,84,7.4,10039
1412.8,1268,2,6.9,10032
1413.8,1268,8,7.2,10040
1414.8,1268,42,7.6,10042
1415.9,1268,25,7.7,10021
1416.9,1268,5,8.0,10030
1417.9,1298,28,9.7,10158
1418.9,1298,13,7.3,10147
1420.0,1296,17,7.7,10133
1421.0,1296,26,7.5,10135
1422.0,1296,15,6.8,10122
1423.0,1268,6,6.1,10123
1424.0,1268,6,7.1,10113
1425.1,1269,5,8.0,10149
1426.1,1269,5,8.7,10126
1427.1,1269,8,7.1,10115
1428.1,1269,10,6.7,10090
1429.1,1269,14,7.5,10108
1430.2,1268,15,6.6,10089
1431.2,1268,16,6.6,10088
1432.2,1268,18,7.4,10072
1433.2,1268,19,7.6,10077
1434.3,1268,7,6.9,9928
1435.3,1268,4,7.7,9988
1436.3,1268,13,6.4,9988
1437.4,1268,38,7.8,9991
1438.4,1268,32,7.4,10001
1439.4,1268,11,7.1,10024
1440.4,1268,30,7.5,10037
1441.5,1268,36,7.1,10059
1442.5,1268,25,8.5,10063
1443.5,1268,51,8.1,10077
1444.5,1268,51,7.2,10075
1445.5,1268,16,7.9,10083
1446.6,1268,18,8.8,10090
1447.6,1268,29,7.1,10094
1448.6,1268,26,7.8,10085
1449.6,1268,14,7.3,10090
1450.7,1268,18,7.9,10069
1451.7,1267,15,7.7,10086
1452.7,1267,5,6.7,10096
1453.7,1267,5,7.8,10092
1454.7,1266,26,7.6,10092
1455.8,1266,29,6.6,10085
1456.8,1266,33,7.6,10071
1457.8,1266,47,7.3,10058
1458.8,1266,10,14.2,10108
1459.8,1266,40,6.8,10098
1460.9,1266,9,6.2,10084
1461.9,1266,8,7.2,10081
1462.9,1266,32,7.9,10083
1463.9,1266,20,6.6,10076
1465.0,1266,29,7.3,10078
1466.0,1266,16,8.3,10070
1467.0,1266,7,7.5,10050
1468.0,1266,5,7.6,10043
1469.0,1266,33,7.3,10050
1470.1,1266,28,7.1,10066
1471.1,1266,45,7.5,10042
1472.1,1266,3,7.8,10029
1473.1,1266,20,7.8,10012
1474.2,1266,51,7.7,10015
1475.2,1271,10,7.9,10033
1476.2,1271,6,8.9,10037
1477.2,1269,6,6.7,10028
1478.2,1268,8,10.2,9997
1479.3,1268,12,7.1,10003
1480.3,1267,14,7.3,10016
1481.3,1267,15,6.6,10004
1482.3,1267,15,6.9,10017
1483.4,1267,16,7.1,9888
1484.4,1268,15,7.1,10041
1485.4,1268,15,7.7,10047
1486.4,1267,27,7.9,10057
1487.5,1267,35,8.0,10041
1488.5,1267,47,8.5,10045
1489.5,1267,44,7.6,10065
1490.5,1267,8,6.9,10056
1491.6,1267,47,8.4,10055
1492.6,1270,26,7.7,10045
1493.6,1270,23,7.0,10053
1494.6,1269,19,8.0,10057
1495.6,1268,9,7.6,10055
1496.7,1268,23,7.6,10061
1497.7,1268,5,7.2,10061
1498.7,1267,44,8.3,10047
1499.7,1267,41,7.2,10059
1500.8,1267,24,7.2,10049
1501.8,1267,8,6.0,10041
1502.8,1267,23,8.0,10043
1503.8,1267,40,8.4,9921
1504.8,1267,35,7.9,9953
1505.9,1267,44,7.0,9965
1506.9,1267,6,7.8,9981
1507.9,1267,25,8.5,9985
1508.9,1267,41,7.7,9995
1510.0,1267,30,8.2,9993
1511.0,1267,18,8.2,10006
1512.0,1267,37,7.0,9985
1513.0,1267,7,6.9,10014
1514.1,1267,15,7.8,10027
1515.1,1267,45,8.9,10010
1516.1,1267,27,7.1,10023
1517.1,1267,19,7.1,10027
1518.1,1267,7,8.2,10021
1519.2,1267,34,7.9,10032
1520.2,1267,6,7.3,10029
1521.2,1267,9,7.7,10033
1522.2,1267,31,7.2,10042
1523.3,1267,46,7.9,10035
1524.3,1267,21,7.9,10040
1525.3,1267,48,8.0,10007
1526.3,1267,23,6.8,10003
1527.3,1267,22,7.4,10025
1528.4,1267,48,7.6,9989
1529.4,1267,42,7.8,9845
1530.4,1267,19,8.5,9894
1531.4,1267,34,7.2,9927
1532.5,1267,12,7.4,9969
1533.5,1267,42,8.9,9968
1534.5,1267,5,6.7,9979
1535.5,1267,12,7.7,9980
1536.5,1266,7,6.7,9982
1537.6,1266,34,7.9,9974
1538.6,1266,30,6.7,9985
1539.6,1266,21,7.2,9991
1540.6,1266,6,6.9,9986
1541.6,1266,19,7.6,9991
1542.7,1266,25,7.2,9991
1543.7,1266,25,8.9,9971
1544.7,1267,15,7.3,10019
1545.7,1267,15,7.9,10024
1546.8,1267,7,7.4,10050
1547.8,1267,7,7.8,10031
1548.8,1267,39,7.4,10016
1549.9,1266,31,6.7,10016
1550.9,1266,40,7.3,9996
1551.9,1266,21,6.8,9893
1553.0,1266,32,8.0,9921
1554.0,1266,30,7.5,9938
1555.0,1266,30,6.9,9946
1556.0,1266,13,7.1,9944
1557.0,1266,47,7.5,9976
1558.1,1266,12,7.0,9988
1559.1,1266,8,7.2,9981
1560.1,1266,20,6.9,9983
1561.1,1266,11,7.2,9998
1562.2,1266,31,7.2,9999
1563.2,1266,15,6.9,10010
1564.2,1266,18,6.9,10011
1565.2,1266,14,7.0,10004
1566.3,1266,7,7.2,10002
1567.3,1266,32,7.8,9986
1568.3,1266,16,6.4,9993
1569.3,1266,12,6.4,9976
1570.3,1266,30,6.5,9991
1571.4,1266,16,7.6,9995
1572.4,1266,28,6.9,9995
1573.4,1266,29,6.9,10000
1574.4,1266,15,7.1,9987
1575.5,1266,15,6.9,9975
1576.5,1266,13,8.4,9845
1577.5,1266,2,7.2,9929
1578.5,1266,2,7.1,9954
1579.5,1266,27,7.5,9966
1580.6,1266,15,8.7,9980
1581.6,1266,36,8.0,9963
1582.6,1335,35,7.6,9993
1583.6,1317,21,7.4,9962
1584.6,1317,5,7.7,9966
1585.7,1333,32,8.2,9961
1586.7,1334,8,7.6,9984
1587.7,1329,28,8.0,9979
1588.7,1320,5,7.0,9979
1589.8,1284,29,9.0,10004
1590.8,1285,19,7.6,10006
1591.8,1284,5,7.0,10018
1592.8,1279,78,7.6,10021
1593.8,1308,4,7.7,10009
1594.9,1304,37,8.2,9892
1595.9,1293,10,8.1,9968
1596.9,1294,12,8.7,9984
1597.9,1292,59,8.3,9988
1598.9,1292,8,7.8,10002
1600.0,1281,33,8.9,9995
1601.0,1315,17,14.3,10079
1602.0,1303,16,8.6,10189
1603.0,1307,31,8.1,10237
1604.1,1313,7,7.5,10299
1605.1,1319,17,7.2,10313
1606.1,1303,30,7.6,10336
1607.1,1296,3,7.3,10322
1608.2,1302,3,7.8,10294
1609.2,1310,9,6.6,10270
1610.2,1318,10,7.0,10276
1611.2,1324,22,7.2,10272
1612.3,1332,16,7.7,10269
1613.3,1338,27,8.2,10266
1614.3,1346,20,7.4,10278
1615.3,1352,32,7.2,10282
1616.4,1360,38,7.4,10272
1617.4,1368,29,7.7,10264
1618.4,1374,21,7.2,10281
1619.4,1382,27,7.2,10275
1620.5,1388,28,7.4,10277
1621.5,1396,38,8.0,10261
1622.5,1404,27,8.3,10280
1623.5,1410,27,7.3,10277
1624.6,1418,31,7.8,10260
1625.6,1424,39,7.2,10283
1626.6,1432,41,8.0,10283
1627.7,1440,28,7.4,10278
1628.7,1446,49,7.0,10284
1629.7,1454,26,6.9,10278
1630.7,1458,34,7.5,10286
1631.8,1466,34,7.4,10272
1632.8,1472,40,7.9,10286
1633.8,1480,28,7.4,10264
1634.9,1486,25,7.0,10244
1635.9,1494,22,7.6,10252
1636.9,1499,28,7.7,10243
1637.9,1505,29,8.1,10254
1639.0,1513,25,8.2,10249
1640.0,1519,34,8.0,10255
1641.0,1531,35,8.4,10270
1642.0,1538,9,7.2,10296
1643.1,1538,6,7.1,10294
1644.1,1538,12,6.5,10286
1645.1,1543,30,7.4,10294
1646.1,1554,14,7.9,10314
1647.2,1582,21,7.9,10150
1648.2,1579,13,9.7,10369
1649.2,1573,15,7.9,10188
1650.2,1593,45,8.8,10179
1651.2,1593,20,7.3,10199
1652.3,1592,46,7.4,10187
1653.3,1586,23,7.1,10204
1654.3,1586,20,7.6,10225
1655.3,1553,21,6.7,10207
1656.4,1553,21,6.7,10215
1657.4,1553,26,7.2,10201
1658.4,1553,21,7.2,10176
1659.4,1553,20,7.2,10192
1660.5,1559,20,7.5,10184
1661.5,1646,19,9.6,10190
1662.5,1646,9,7.8,10196
1663.6,1646,23,8.4,10212
1664.6,1638,18,7.3,10249
1665.6,1600,14,7.4,10225
1666.6,1589,9,7.0,10241
1667.7,1576,18,6.8,10237
1668.7,1558,19,6.7,10248
1669.7,1554,15,7.1,10252
1670.7,1550,7,7.5,10245
1671.7,1546,7,6.7,10228
1672.8,1542,12,7.3,10227
1673.8,1579,7,8.3,10116
1674.8,1539,6,7.3,10179
1675.8,1578,13,7.3,10185
1676.8,1566,13,7.9,10221
1677.9,1600,13,8.3,10221
1678.9,1593,35,8.6,10226
1679.9,1640,34,9.4,10246
1680.9,1511,34,7.5,10259
1681.9,1485,75,7.0,10250
1683.0,1483,6,6.7,10249
1684.0,1483,14,7.1,10239
1685.0,1483,21,6.8,10229
1686.0,1474,26,7.2,10227
1687.1,1474,20,8.0,10229
1688.1,1474,19,7.3,10232
1689.1,1474,31,7.0,10236
1690.1,1474,21,7.2,10228
1691.2,1474,19,6.7,10219
1692.2,1490,42,8.1,10183
1693.2,1490,3,8.0,10283
1694.2,1488,41,7.7,10315
1695.3,1488,6,6.8,10299
1696.3,1494,11,7.6,10283
1697.3,1512,16,7.9,10271
1698.3,1467,27,7.4,10271
1699.3,1435,16,8.6,10255
1700.4,1435,16,7.5,10247
1701.4,1431,14,8.9,10255
1702.4,1456,7,8.5,10284
1703.4,1456,38,7.1,10289
1704.4,1454,21,7.7,10248
1705.5,1444,17,7.0,10246
1706.5,1466,26,7.1,10228
1707.5,1465,50,9.9,10213
1708.6,1465,18,8.3,10190
1709.6,1453,21,8.4,10194
1710.6,1453,28,6.5,10204
1711.6,1453,14,8.5,10222
1712.6,1436,31,8.3,10222
1713.7,1420,12,7.1,10236
1714.7,1420,5,7.3,10230
1715.7,1420,72,6.9,10206
1716.7,1420,9,7.5,10209
1717.7,1408,39,8.4,10250
1718.8,1408,3,7.2,10224
1719.8,1408,8,7.1,10228
1720.8,1408,14,7.6,10233
1721.8,1420,9,9.2,10248
1722.8,1436,4,7.7,10227
1723.8,1436,35,8.8,10209
1724.9,1436,43,8.3,10181
1725.9,1435,30,9.0,10229
1726.9,1436,45,7.3,10247
1727.9,1436,23,8.1,10251
1728.9,1420,3,6.8,10262
1730.0,1429,65,7.3,10256
1731.0,1424,5,6.7,10265
1732.0,1424,10,6.5,10259
1733.0,1424,14,7.0,10257
1734.1,1408,28,6.9,10262
1735.1,1403,19,6.8,10258
1736.1,1403,15,7.0,10261
1737.1,1403,21,6.6,10275
1738.2,1419,8,7.3,10263
1739.2,1419,3,6.9,10262
1740.2,1415,23,7.1,10251
1741.2,1415,19,7.1,10247
1742.2,1422,9,8.1,10256
1743.3,1421,4,7.4,10258
1744.3,1491,26,8.1,10279
1745.3,1487,24,7.3,10260
1746.3,1489,70,7.0,10245
1747.3,1478,3,7.3,10164
1748.4,1436,5,7.8,10219
1749.4,1432,16,8.1,10254
1750.4,1421,5,8.6,10269
1751.4,1420,36,8.3,10294
1752.4,1416,14,8.0,10295
1753.5,1416,25,7.7,10290
1754.5,1412,18,7.2,10293
1755.5,1408,7,7.7,10287
1756.5,1407,24,7.0,10298
1757.5,1406,13,7.4,10323
1758.6,1406,8,7.1,10321
1759.6,1436,23,8.8,10323
1760.6,1437,69,7.4,10304
1761.6,1408,19,7.3,10276
1762.7,1403,19,7.5,10296
1763.7,1399,4,6.9,10278
1764.7,1425,2,8.3,10288
1765.7,1392,4,7.8,10291
1766.7,1391,6,7.5,10267
1767.8,1387,61,7.5,10259
1768.8,1383,58,7.6,10266
1769.8,1378,14,7.5,10268
1770.8,1370,74,8.1,10163
1771.8,1385,29,9.0,10198
1772.9,1381,27,7.5,10212
1773.9,1377,19,7.7,10226
1774.9,1377,30,6.8,10242
1775.9,1377,12,7.4,10236
1776.9,1353,15,7.3,10235
1778.0,1353,15,6.5,10240
1779.0,1353,17,7.4,10238
1780.0,1352,29,7.3,10261
1781.0,1352,15,6.6,10252
1782.1,1352,15,6.8,10231
1783.1,1352,15,7.2,10223
1784.1,1352,15,7.4,10221
1785.1,1352,15,6.9,10267
1786.2,1352,15,6.7,10276
1787.2,1353,15,6.6,10287
1788.2,1353,34,6.5,10295
1789.3,1353,15,6.7,10185
1790.3,1353,15,7.1,10242
1791.3,1353,35,6.9,10281
1792.3,1353,16,6.2,10287
1793.3,1353,16,6.3,10287
1794.4,1353,34,7.1,10293
1795.4,1353,20,6.3,10298
1796.4,1353,19,6.7,10296
1797.4,1353,36,6.6,10278
1798.5,1353,15,6.6,10270
1799.5,1353,26,6.6,10265
1800.5,1353,33,6.2,10261
1801.5,1362,12,7.0,10269
1802.6,1358,12,6.3,10259
1803.6,1358,43,6.4,10279
1804.6,1358,20,6.7,10272
1805.6,1352,15,6.5,10261
1806.7,1352,37,6.5,10259
1807.7,1352,15,6.3,10261
1808.7,1352,44,6.3,10257
1809.7,1352,47,6.6,10262
1810.7,1352,15,7.0,10264
1811.8,1352,15,7.3,10272
1812.8,1352,36,6.5,10283
1813.8,1352,21,6.6,10284
1814.9,1350,26,6.2,10279
1815.9,1350,35,6.6,10257
1816.9,1350,15,6.3,10245
1817.9,1350,15,6.1,10234
1819.0,1350,41,6.6,10228
1820.0,1350,26,6.8,10217
1821.0,1350,15,6.7,10119
1822.0,1350,36,6.7,10155
1823.1,1350,13,6.2,10166
1824.1,1350,9,6.0,10171
1825.1,1350,10,6.2,10168
1826.1,1350,15,6.4,10166
1827.2,1350,15,6.2,10187
1828.2,1350,15,6.2,10199
1829.2,1350,15,6.0,10196
1830.2,1350,13,6.7,10210
1831.2,1350,14,6.6,10223
1832.3,1350,15,6.9,10216
1833.3,1350,43,6.6,10213
1834.3,1350,9,5.8,10214
1835.4,1350,15,6.5,10215
1836.4,1350,15,5.8,10219
1837.4,1350,15,5.7,10212
1838.4,1350,15,6.7,10225
1839.5,1350,15,6.4,10237
1840.5,1350,15,6.4,10229
1841.5,1350,16,6.0,10244
1842.5,1350,15,6.8,10131
1843.6,1350,13,6.6,10177
1844.6,1351,13,6.4,10264
1845.6,1351,12,5.9,10284
1846.6,1351,12,6.4,10301
1847.6,1351,15,6.7,10298
1848.7,1351,15,6.3,10315
1849.7,1350,15,6.2,10325
1850.7,1350,23,7.0,10315
1851.7,1350,14,6.1,10309
1852.8,1350,15,6.7,10322
1853.8,1350,15,6.1,10318
1854.8,1350,15,6.6,10335
1855.8,1350,15,6.2,10313
1856.9,1350,14,6.2,10302
1857.9,1350,15,6.4,10285
1858.9,1350,15,6.3,10289
1859.9,1350,15,6.4,10308
1860.9,1350,15,6.3,10318
1862.0,1350,14,6.6,10309
1863.0,1350,15,6.2,10300
1864.0,1350,14,6.7,10281
1865.0,1350,19,6.5,10239
1866.1,1350,30,6.0,10223
1867.1,1350,27,6.6,10229
1868.1,1350,20,6.9,10232
1869.1,1350,39,6.5,10222
1870.1,1350,16,6.8,10127
1871.2,1350,46,7.5,10164
1872.2,1350,20,7.4,10192
1873.2,1350,6,7.0,10214
1874.2,1350,11,6.3,10219
1875.3,1350,12,6.9,10214
1876.3,1350,13,6.6,10221
1877.3,1350,16,6.2,10238
1878.4,1350,15,6.3,10257
1879.4,1350,15,6.5,10261
1880.4,1350,16,6.2,10265
1881.4,1350,16,6.5,10265
1882.5,1350,15,6.6,10271
1883.5,1350,16,6.7,10267
1884.5,1350,17,7.0,10247
1885.6,1350,26,6.6,10222
1886.6,1350,28,6.2,10232
1887.6,1350,16,6.5,10224
1888.6,1350,15,6.5,10234
1889.6,1350,15,7.0,10233
1890.7,1350,15,6.3,10243
1891.7,1350,14,5.8,10239
1892.7,1350,18,6.5,10211
1893.7,1350,34,6.4,10098
1894.8,1350,49,6.7,10135
1895.8,1350,45,6.3,10155
1896.8,1350,15,6.2,10185
1897.8,1350,15,6.5,10186
1898.9,1350,18,6.5,10195
1899.9,1350,15,6.2,10194
1900.9,1350,14,6.4,10182
1902.0,1350,23,6.3,10191
1903.0,1350,46,7.2,10195
1904.0,1350,17,6.4,10191
1905.0,1350,11,6.9,10258
1906.1,1350,26,6.7,10268
1907.1,1291,15,7.5,10271
1908.1,1339,12,6.9,10290
1909.1,1334,6,6.7,10295
1910.1,1297,4,7.0,10303
1911.2,1298,4,6.8,10299
1912.2,1286,4,7.8,10267
1913.2,1286,6,7.0,10266
1914.2,1282,4,6.5,10159
1915.2,1282,3,7.1,10192
1916.3,1277,5,6.2,10209
1917.3,1277,3,6.7,10217
1918.3,1277,3,6.4,10208
1919.3,1277,9,7.0,10214
1920.4,1276,6,6.3,10227
1921.4,1274,6,6.7,10254
1922.4,1274,13,7.8,10285
1923.4,1293,26,8.8,10397
1924.4,1300,22,9.3,10486
1925.5,1299,5,10.1,10574
1926.5,1314,17,10.9,10645
1927.5,1321,13,9.1,10656
1928.5,1316,3,9.8,10751
1929.5,1295,17,10.8,10817
1930.6,1232,55,10.7,11108
1931.6,1228,40,13.1,11217
1932.6,1220,59,15.0,11275
1933.6,1220,41,7.3,11261
1934.7,1220,14,6.5,11248
1935.7,1214,34,6.4,11234
1936.7,1214,13,6.6,11227
1937.7,1214,14,6.8,11219
1938.7,1215,56,7.3,11210
1939.8,1215,15,6.3,11207
1940.8,1214,15,6.6,11196
1941.8,1214,36,6.5,11208
1942.8,1214,14,6.5,11230
1943.9,1214,15,7.1,11254
1944.9,1214,36,6.7,11258
1945.9,1214,15,6.5,11232
1946.9,1214,21,7.1,11237
1948.0,1214,38,6.7,11237
1949.0,1214,15,6.9,11204
1950.0,1214,14,7.1,11216
1951.0,1214,33,7.1,11218
1952.1,1214,19,7.0,11227
1953.1,1214,16,6.7,11228
1954.1,1214,32,6.8,11229
1955.1,1214,22,6.8,11247
1956.2,1214,28,6.3,11238
1957.2,1214,39,8.3,11224
1958.2,1214,40,6.8,11222
1959.3,1214,36,6.6,11221
1960.3,1214,16,7.7,11206
1961.3,1214,14,7.0,11215
1962.3,1214,16,6.7,11229
1963.3,1214,15,7.1,11244
1964.4,1214,16,6.9,11275
1965.4,1214,16,6.7,11268
1966.4,1214,15,7.4,11262
1967.4,1214,15,6.8,11264
1968.5,1214,18,6.9,11278
1969.5,1213,17,6.7,11276
1970.5,1213,16,6.5,11274
1971.5,1213,13,6.6,11292
1972.6,1213,15,6.4,11276
1973.6,1213,17,6.7,11281
1974.6,1213,22,6.8,11268
1975.7,1213,28,6.7,11251
1976.7,1213,87,7.6,11237
1977.7,1213,14,6.7,11223
1978.7,1213,14,6.4,11214
1979.7,1213,29,7.0,11228
1980.8,1213,25,6.5,11245
1981.8,1241,85,8.7,11283
1982.8,1241,4,6.9,11302
1983.8,1236,4,8.0,11302
1984.9,1260,35,7.4,11276
1985.9,1259,7,7.2,11249
1986.9,1238,7,7.1,11251
1987.9,1238,4,7.0,11247
1989.0,1241,5,7.3,11236
1990.0,1233,6,7.1,11225
1991.0,1232,8,7.5,11244
1992.0,1239,6,8.0,11277
1993.1,1240,46,7.7,11313
1994.1,1239,5,7.0,11297
1995.1,1240,29,8.7,11287
1996.1,1280,32,8.1,11276
1997.1,1286,20,8.6,11284
1998.2,1250,23,7.1,11305
1999.2,1249,6,7.1,11318
2000.2,1245,18,6.5,11325
2001.2,1240,22,6.6,11323
2002.2,1265,21,8.3,11318
2003.3,1266,7,7.1,11310
2004.3,1239,20,7.8,11287
2005.3,1241,19,7.1,11275
2006.3,1267,11,7.5,11261
2007.4,1228,18,7.9,11257
2008.4,1225,8,8.7,11251
2009.4,1225,39,8.1,11263
2010.4,1225,28,7.6,11281
2011.4,1223,31,7.8,11295
2012.5,1254,39,7.6,11315
2013.5,1225,3,7.7,11316
2014.5,1236,9,7.6,11297
2015.5,1239,14,7.7,11291
2016.5,1239,7,7.4,11296
2017.5,1271,7,7.5,11301
2018.6,1244,6,10.9,11454
2019.6,1231,8,8.4,11453
2020.6,1261,9,7.4,11410
2021.6,1232,5,8.0,11421
2022.7,1233,11,7.5,11435
2023.7,1232,6,8.3,11430
2024.7,1243,33,8.4,11458
2025.7,1247,16,7.8,11452
2026.7,1247,78,8.0,11453
2027.8,1247,65,8.5,11402
2028.8,1246,5,6.2,11405
2029.8,1238,5,7.3,11401
2030.8,1226,15,7.1,11391
2031.8,1243,70,8.5,11374
2032.9,1244,20,8.6,11356
2033.9,1244,20,7.6,11355
2034.9,1274,12,7.7,11345
2035.9,1276,7,7.6,11328
2037.0,1243,18,9.2,11337
2038.0,1284,22,8.4,11368
2039.0,1282,3,8.2,11090
2040.0,1281,6,7.6,11072
2041.0,1272,39,7.8,11080
2042.1,1244,8,8.3,11094
2043.1,1237,6,7.5,11107
2044.1,1267,6,8.1,11116
2045.1,1266,3,8.0,11088
2046.1,1237,4,8.0,11084
2047.2,1238,14,7.9,11080
2048.2,1238,27,7.5,11071
2049.2,1235,7,7.7,11091
2050.2,1237,9,7.3,11105
2051.3,1244,22,7.9,11109
2052.3,1242,20,8.0,11110
2053.3,1241,9,7.0,11105
2054.3,1241,10,7.6,11102
2055.4,1240,93,8.6,11105
2056.4,1237,3,6.7,11078
2057.4,1242,6,7.8,11087
2058.4,1241,61,8.6,11159
2059.4,1240,10,7.7,11145
2060.5,1239,35,8.5,11131
2061.5,1238,17,7.5,11113
2062.5,1235,19,7.9,11094
2063.5,1235,6,7.2,11087
2064.6,1235,13,7.6,11083
2065.6,1233,17,7.4,11056
2066.7,1233,72,7.2,11042
2067.7,1233,70,7.3,11043
2068.7,1233,17,8.2,11025
2069.7,1270,10,7.1,11011
2070.8,1262,68,7.1,11004
2071.8,1236,3,7.1,11016
2072.8,1235,8,7.5,11016
2073.8,1234,16,7.4,11034
2074.8,1277,36,7.3,11042
2075.9,1246,8,7.0,11042
2076.9,1244,2,7.9,11035
2077.9,1244,19,7.2,11027
2078.9,1243,8,7.4,11025
2079.9,1237,19,8.6,11013
2081.0,1235,13,7.6,11004
2082.0,1235,21,8.0,11002
2083.0,1235,7,7.2,11020
2084.1,1239,7,7.2,11027
2085.1,1242,15,7.5,11068
2086.1,1242,6,6.7,11039
2087.1,1242,4,7.3,11042
2088.1,1239,23,8.3,11040
2089.2,1239,33,7.8,11033
2090.2,1238,6,8.0,11044
2091.2,1237,71,8.5,11050
2092.2,1269,68,7.4,11060
2093.3,1271,16,6.4,11055
2094.3,1268,7,7.1,11072
2095.3,1267,29,7.2,11076
2096.3,1269,45,7.5,11053
2097.3,1241,20,7.6,11060
2098.4,1242,16,7.9,11066
2099.4,1242,15,6.9,11087
2100.4,1241,2,6.7,11097
2101.4,1239,2,5.9,11103
2102.4,1242,7,7.2,11105
2103.5,1240,3,7.7,11104
2104.5,1240,2,7.3,11074
2105.5,1239,11,8.7,11066
2106.5,1239,7,6.6,11064
2107.6,1237,4,7.4,11049
2108.6,1235,7,7.1,11033
2109.6,1235,51,7.3,11030
2110.6,1234,5,8.1,11051
2111.7,1234,5,7.0,11075
2112.7,1233,4,8.0,11090
2113.7,1234,2,6.6,11094
2114.7,1234,41,7.1,11086
2115.7,1234,73,7.6,11090
2116.8,1234,20,7.5,11050
2117.8,1233,33,7.9,11053
2118.8,1267,38,6.7,11061
2119.8,1237,13,7.1,11066
2120.9,1235,72,6.7,11071
2121.9,1238,6,7.0,11061
2122.9,1240,9,7.5,11071
2123.9,1239,8,7.5,11061
2124.9,1269,14,7.1,11059
2126.0,1239,85,7.6,11089
2127.0,1237,26,7.1,11085
2128.0,1284,5,8.3,11065
2129.0,1291,18,8.5,11056
2130.1,1299,16,7.9,11047
2131.1,1298,11,7.5,11033
2132.1,1301,10,8.1,11027
2133.1,1301,17,8.1,11040
2134.1,1256,19,6.5,11055
2135.2,1293,7,8.6,11065
2136.2,1293,22,7.3,11074
2137.2,1259,4,7.6,11067
2138.2,1257,3,7.3,11056
2139.2,1257,8,7.9,11038
2140.3,1254,25,7.0,11025
2141.3,1235,10,7.4,11027
2142.3,1235,5,8.1,11057
2143.4,1235,11,7.2,11059
2144.4,1236,68,9.0,11061
2145.4,1236,8,7.0,11074
2146.4,1237,9,8.8,11078
2147.5,1237,13,7.0,11061
2148.5,1237,89,7.4,11047
2149.5,1236,4,8.3,11044
2150.5,1235,28,7.9,11054
2151.5,1232,8,7.3,11079
2152.6,1231,37,8.4,11082
2153.6,1231,27,7.2,11087
2154.6,1234,16,7.8,11099
2155.6,1234,9,7.3,11096
2156.6,1232,2,7.8,11086
2157.7,1231,2,7.8,11074
2158.7,1231,4,6.8,11064
2159.7,1231,18,7.6,11056
2160.7,1231,19,7.9,11064
2161.7,1231,62,7.3,11066
2162.8,1231,67,7.0,11076
2163.8,1229,9,7.6,11078
2164.8,1232,6,7.4,11063
2165.8,1232,6,7.3,11072
2166.9,1231,3,7.8,11057
2167.9,1232,33,7.8,11065
2168.9,1232,25,7.0,11058
2169.9,1263,7,8.2,11045
2170.9,1233,69,7.0,11043
2172.0,1237,7,7.3,11018
2173.0,1237,3,7.0,11005
2174.0,1235,7,7.7,11022
2175.0,1234,17,8.2,11031
2176.0,1234,23,7.2,11059
2177.1,1234,16,7.1,11053
2178.1,1230,35,7.5,11060
2179.1,1229,22,6.9,11052
2180.1,1234,14,7.0,11047
2181.2,1234,11,7.5,11030
2182.2,1232,3,7.3,11028
2183.2,1232,34,8.3,11048
2184.2,1232,24,7.9,11064
2185.2,1231,14,7.1,11068
2186.3,1230,37,7.4,11076
2187.3,1230,28,8.3,11074
2188.3,1230,54,8.5,11056
2189.4,1230,48,7.6,11053
2190.4,1234,28,7.2,11042
2191.4,1233,40,7.5,11033
2192.4,1234,5,6.9,11017
2193.4,1233,23,7.0,11027
2194.5,1242,44,7.7,11061
2195.5,1242,15,7.5,11044
2196.5,1251,13,8.2,11050
2197.5,1293,34,15.1,11101
2198.5,1322,29,9.2,11115
2199.6,1293,27,8.9,11098
2200.6,1293,15,7.8,11110
2201.6,1288,5,7.7,11123
2202.6,1283,33,9.1,11114
2203.6,1326,61,8.5,11104
2204.7,1311,75,7.5,11108
2205.7,1270,8,7.7,11097
2206.7,1269,7,7.1,11082
2207.7,1218,6,6.9,11167
2208.8,1208,3,6.9,11156
2209.8,1237,8,7.7,11164
2210.8,1237,7,7.6,11162
2211.8,1236,67,7.1,11146
2212.8,1207,6,7.3,11141
2213.9,1206,60,7.5,11133
2214.9,1208,3,8.1,11119
2215.9,1204,10,7.1,11105
2216.9,1202,12,8.7,11090
2218.0,1200,14,7.5,11077
2219.0,1200,8,7.8,11092
2220.0,1196,4,7.5,11093
2221.0,1196,6,6.5,11108
2222.0,1198,9,7.3,11103
2223.1,1198,5,7.2,11104
2224.1,1203,3,6.9,11121
2225.1,1201,7,8.0,11102
2226.1,1199,14,6.9,11090
2227.1,1199,8,7.4,11051
2228.2,1200,45,7.6,11043
2229.2,1196,17,7.1,11050
2230.2,1196,46,8.4,11040
2231.2,1196,9,6.7,11020
2232.3,1195,29,6.5,11013
2233.3,1196,10,7.6,11037
2234.3,1196,16,6.6,11066
2235.4,1198,17,7.8,11064
2236.4,1198,65,6.4,11092
2237.4,1198,17,7.0,11092
2238.4,1194,30,6.9,11084
2239.4,1194,34,6.8,11070
2240.5,1193,23,7.2,11053
2241.5,1196,16,7.9,11035
2242.5,1198,16,7.2,11026
2243.5,1200,90,7.3,11012
2244.6,1199,6,7.0,11000
2245.6,1202,6,8.0,11019
2246.6,1202,5,6.9,11029
2247.6,1200,6,7.2,11053
2248.7,1202,2,8.0,11072
2249.7,1230,14,7.9,11071
2250.7,1230,8,7.2,11058
2251.7,1202,12,6.7,11039
2252.8,1200,39,7.2,11035
2253.8,1210,43,7.4,11026
2254.8,1245,15,8.0,11008
2255.8,1239,17,7.4,11012
2256.8,1203,47,7.7,11026
2257.9,1208,2,7.4,11031
2258.9,1240,28,9.3,11046
2259.9,1233,11,8.2,11006
2260.9,1231,33,7.6,11000
2261.9,1230,7,6.4,11010
2263.0,1225,44,7.9,11026
2264.0,1225,39,7.4,11015
2265.0,1225,8,9.1,11067
2266.0,1225,39,8.9,11079
2267.1,1225,32,8.8,11069
2268.1,1225,6,6.8,11087
2269.1,1205,5,6.5,11082
2270.1,1206,7,6.7,11087
2271.1,1206,5,6.4,11068
2272.2,1189,3,6.3,11060
2273.2,1189,2,6.8,11052
2274.2,1189,4,6.9,11041
2275.2,1189,7,7.2,11051
2276.2,1199,5,7.7,11059
2277.3,1200,10,7.8,11094
2278.3,1198,6,7.4,11100
2279.3,1197,2,6.5,11097
2280.3,1197,30,8.8,11084
2281.3,1193,22,7.2,11070
2282.4,1193,17,7.2,11052
2283.4,1193,4,7.8,11046
2284.4,1210,12,8.1,11016
2285.4,1268,21,8.3,11006
2286.4,1273,6,8.6,10999
2287.5,1272,20,8.1,11011
2288.5,1272,19,7.7,11025
2289.5,1256,35,7.3,11037
2290.6,1252,2,8.7,11042
2291.6,1260,4,9.7,11061
2292.6,1272,14,8.7,11061
2293.6,1270,7,8.1,11065
2294.6,1271,2,8.1,11069
2295.7,1281,3,7.9,11056
2296.7,1250,22,8.6,11030
2297.7,1219,29,7.0,11035
2298.7,1225,14,8.3,11049
2299.8,1214,19,7.4,11045
2300.8,1208,28,8.3,11072
2301.8,1198,10,7.9,11088
2302.8,1195,58,6.8,11081
2303.9,1193,14,7.7,11074
2304.9,1193,6,7.7,11061
2305.9,1193,31,8.6,11067
2306.9,1193,5,6.9,11054
2307.9,1193,25,8.1,11044
2309.0,1193,28,7.1,11033
2310.0,1193,14,7.6,11018
2311.0,1193,7,7.7,11035
2312.0,1193,66,8.3,11045
2313.1,1193,10,6.3,11036
2314.1,1200,5,6.6,11024
2315.1,1200,2,6.7,11042
2316.1,1200,13,7.3,11043
2317.1,1200,8,7.8,11052
2318.2,1200,24,7.5,11051
2319.2,1198,10,8.5,11043
2320.2,1195,16,8.4,11034
2321.2,1195,40,8.5,11016
2322.3,1195,7,7.5,11030
2323.3,1193,13,8.2,11028
2324.3,1225,16,9.2,11049
2325.3,1225,18,10.3,11100
2326.4,1222,5,7.4,11099
2327.4,1221,38,8.6,11092
2328.4,1219,15,8.4,11086
2329.4,1192,59,7.5,11076
2330.5,1192,17,8.6,11054
2331.5,1192,9,8.7,11063
2332.5,1186,15,7.7,11085
2333.5,1190,15,7.7,11078
2334.6,1189,22,6.7,11076
2335.6,1184,22,8.7,11088
2336.6,1190,7,9.4,11101
2337.6,1190,5,7.1,11099
2338.6,1189,6,7.5,11096
2339.7,1190,5,7.2,11084
2340.7,1190,11,7.9,11071
2341.7,1189,14,7.8,11073
2342.7,1189,6,7.7,11086
2343.7,1189,16,7.8,11089
2344.8,1189,18,7.6,11073
2345.8,1188,7,7.3,11077
2346.8,1188,6,7.1,11058
2347.8,1188,6,9.0,11110
2348.9,1188,7,6.9,11098
2349.9,1188,3,7.3,11104
2350.9,1191,3,8.4,11125
2351.9,1190,17,8.7,11112
2352.9,1190,5,9.2,11134
2354.0,1190,5,8.2,11143
2355.0,1190,3,7.6,11132
2356.0,1189,10,8.4,11138
2357.0,1189,5,6.3,11126
2358.1,1190,29,7.7,11109
2359.1,1222,9,6.8,11093
2360.1,1222,9,8.3,11100
2361.1,1192,53,7.1,11110
2362.1,1214,16,8.6,11099
2363.2,1214,24,10.4,11110
2364.2,1247,56,9.8,11124
2365.2,1247,4,8.6,11116
2366.2,1255,16,9.1,11128
2367.2,1260,39,8.7,11129
2368.3,1260,12,7.8,11125
2369.3,1259,4,8.7,11109
2370.3,1223,72,8.8,11108
2371.3,1220,65,7.9,11118
2372.3,1205,19,8.3,11152
2373.4,1256,14,7.8,11147
2374.4,1219,27,6.7,11151
2375.4,1219,63,7.0,11160
2376.4,1219,65,8.5,11144
2377.4,1219,16,7.1,11135
2378.5,1255,2,7.1,11141
2379.5,1217,8,7.0,11156
2380.5,1260,23,8.9,11170
2381.5,1261,18,7.1,11191
2382.5,1252,66,9.0,11186
2383.6,1225,19,8.0,11173
2384.6,1223,7,7.4,11174
2385.6,1205,16,7.5,11161
2386.6,1205,27,9.0,11158
2387.7,1204,10,7.4,11164
2388.7,1204,33,7.7,11182
2389.7,1204,6,8.5,11195
2390.7,1202,6,7.1,11200
2391.8,1202,8,7.2,11196
2392.8,1204,23,8.9,11179
2393.8,1207,7,7.0,11167
2394.8,1269,55,8.1,11159
2395.8,1259,2,8.8,11140
2396.9,1259,28,6.9,11165
2397.9,1267,4,9.3,11166
2398.9,1229,6,7.7,11174
2399.9,1259,75,7.8,11186
2400.9,1251,22,7.1,11194
2402.0,1260,32,7.8,11178
2403.0,1252,34,6.7,11185
2404.0,1261,77,7.2,11166
2405.0,1242,21,7.5,11153
2406.1,1249,12,8.4,11151
2407.1,1243,11,6.4,11139
2408.1,1241,7,6.6,11125
2409.1,1212,20,6.7,11125
2410.1,1221,11,8.8,11142
2411.2,1212,45,7.4,11141
2412.2,1212,16,7.3,11144
2413.2,1212,26,6.9,11162
2414.2,1212,33,7.4,11174
2415.2,1204,64,6.6,11179
2416.3,1212,26,7.3,11162
2417.3,1227,30,8.4,11137
2418.3,1257,7,8.7,11141
2419.3,1273,5,7.2,11163
2420.3,1287,57,7.7,11176
2421.4,1280,24,7.7,11185
2422.4,1253,32,9.1,11172
2423.4,1253,7,7.8,11169
2424.4,1252,6,6.3,11175
2425.4,1282,7,6.9,11172
2426.5,1267,9,7.3,11165
2427.5,1265,22,7.1,11150
2428.5,1233,15,6.9,11152
2429.5,1232,16,7.8,11162
2430.6,1232,15,6.6,11159
2431.6,1205,16,6.4,11184
2432.6,1205,15,7.9,11196
2433.6,1205,27,7.1,11199
2434.6,1205,16,6.7,11187
2435.7,1205,15,8.1,11177
2436.7,1205,15,8.3,11169
2437.7,1205,15,7.8,11162
2438.7,1205,27,6.9,11140
2439.8,1205,15,8.1,11133
2440.8,1205,25,7.6,11132
2441.8,1205,15,7.9,11068
2442.8,1205,22,8.0,11092
2443.9,1205,16,7.8,11116
2444.9,1206,15,8.1,11156
2445.9,1206,19,8.2,11195
2446.9,1206,13,8.2,11184
2448.0,1203,18,6.6,11189
2449.0,1203,15,6.8,11177
2450.0,1204,15,8.6,11166
2451.0,1204,27,7.0,11154
2452.0,1204,15,9.0,11137
2453.1,1237,70,7.7,11127
2454.1,1237,3,8.7,11143
2455.1,1236,4,7.0,11167
2456.1,1236,100,7.1,11144
2457.2,1235,14,8.5,11163
2458.2,1235,24,7.5,11167
2459.2,1235,29,7.0,11181
2460.2,1235,5,6.9,11172
2461.3,1208,2,10.7,11144
2462.3,1208,3,9.4,11127
2463.3,1208,5,6.5,11125
2464.3,1207,7,9.1,11120
2465.3,1207,10,8.8,11167
2466.4,1207,2,7.4,11165
2467.4,1203,2,7.6,11178
2468.4,1203,7,8.8,11221
2469.4,1203,19,8.0,11220
2470.4,1203,13,8.8,11207
2471.5,1203,15,8.1,11205
2472.5,1203,15,8.2,11185
2473.5,1252,100,9.5,11203
2474.5,1253,2,7.0,11200
2475.5,1253,7,9.4,11213
2476.6,1253,3,8.5,11191
2477.6,1251,2,7.9,11217
2478.6,1250,9,6.7,11180
2479.6,1251,14,7.5,11179
2480.7,1251,21,7.9,11183
2481.7,1251,20,9.1,11165
2482.7,1251,4,6.9,11178
2483.7,1251,4,7.6,11178
2484.8,1235,39,8.3,11164
2485.8,1285,4,9.0,11191
2486.8,1294,7,7.6,11188
2487.8,1293,8,6.8,11174
2488.8,1292,3,9.2,11175
2489.9,1231,4,8.4,11145
2490.9,1222,11,12.0,11164
2491.9,1218,7,7.3,11173
2492.9,1219,7,7.1,11178
2494.0,1219,14,8.6,11218
2495.0,1226,69,9.6,11204
2496.0,1240,10,7.8,11188
2497.0,1248,16,9.0,11190
2498.1,1246,17,8.1,11168
2499.1,1213,6,7.5,11118
2500.1,1222,14,7.6,11115
2501.1,1216,21,8.0,11116
2502.1,1243,12,8.9,11116
2503.2,1243,14,8.6,11104
2504.2,1212,14,8.0,11054
2505.2,1213,34,9.1,11173
2506.3,1210,34,9.0,11147
2507.3,1207,4,7.2,11152
2508.3,1207,8,9.8,11195
2509.3,1205,10,7.6,11199
2510.4,1204,2,7.6,11210
2511.4,1204,6,9.3,11208
2512.4,1202,16,7.0,11227
2513.4,1202,9,6.6,11210
2514.4,1212,20,10.0,11205
2515.5,1212,24,9.1,11232
2516.5,1215,5,7.3,11216
2517.5,1237,6,7.8,11194
2518.5,1241,15,10.3,11199
2519.6,1208,25,9.0,11179
2520.6,1206,34,7.5,11170
2521.6,1206,10,7.0,11165
2522.6,1196,10,9.2,11155
2523.7,1192,61,7.4,11147
2524.7,1190,8,6.8,11136
2525.7,1190,29,7.3,11133
2526.8,1210,16,8.1,11167
2527.8,1240,35,9.1,11171
2528.8,1267,56,8.8,11177
2529.8,1238,4,6.9,11179
2530.9,1235,5,8.4,11202
2531.9,1234,8,9.0,11188
2532.9,1206,32,8.7,11213
2533.9,1196,13,7.1,11199
2534.9,1190,29,7.1,11192
2536.0,1190,36,9.6,11212
2537.0,1190,20,8.2,11209
2538.0,1190,2,7.5,11225
2539.0,1194,4,9.1,11201
2540.1,1194,5,6.3,11186
2541.1,1194,7,7.4,11184
2542.1,1194,72,8.7,11170
2543.1,1196,77,6.9,11153
2544.1,1196,18,9.8,11155
2545.2,1196,73,7.9,11148
2546.2,1196,18,7.3,11167
2547.2,1196,7,10.5,11217
2548.2,1196,15,7.4,11236
2549.3,1196,58,7.7,11247
2550.3,1194,15,11.0,11257
2551.3,1194,18,8.0,11248
2552.3,1196,5,8.2,11250
2553.4,1196,3,7.9,11265
2554.4,1196,2,8.3,11272
2555.4,1196,4,10.9,11272
2556.5,1196,4,9.7,11254
2557.5,1196,50,10.2,11240
2558.5,1196,11,8.9,11265
2559.5,1196,8,12.3,11279
2560.5,1196,7,9.2,11281
2561.6,1194,6,9.0,11310
2562.6,1194,22,9.7,11303
2563.6,1194,11,8.0,11291
2564.6,1194,39,9.8,11304
2565.7,1194,18,7.2,11318
2566.7,1194,17,9.0,11331
2567.7,1194,12,7.6,11350
2568.7,1191,20,8.0,11344
2569.8,1191,18,7.5,11329
2570.8,1231,17,8.8,11320
2571.8,1231,16,6.8,11313
2572.8,1231,18,8.7,11302
2573.9,1201,17,7.5,11302
2574.9,1199,6,9.4,11313
2575.9,1199,25,8.0,11337
2576.9,1208,37,9.9,11361
2578.0,1210,15,7.7,11347
2579.0,1211,8,7.3,11327
2580.0,1209,5,7.6,11355
2581.0,1211,8,9.6,11336
2582.0,1236,20,9.6,11311
2583.1,1230,8,6.8,11305
2584.1,1227,6,6.8,11303
2585.1,1226,24,8.2,11280
2586.1,1220,19,6.2,11278
2587.1,1182,13,7.3,11263
2588.2,1182,16,8.4,11254
2589.2,1182,4,6.3,11240
2590.2,1182,2,6.8,11255
2591.2,1182,8,7.2,11278
2592.3,1182,10,7.7,11283
2593.3,1182,43,6.9,11279
2594.3,1182,8,6.9,11290
2595.4,1182,8,8.1,11287
2596.4,1182,16,6.5,11282
2597.4,1182,32,7.9,11276
2598.4,1182,53,7.8,11273
2599.4,1182,23,7.1,11258
2600.5,1182,26,7.4,11254
2601.5,1182,7,6.9,11269
2602.5,1182,62,8.5,11288
2603.5,1182,31,6.6,11302
2604.6,1182,31,7.2,11301
2605.6,1182,10,8.3,11315
2606.6,1182,33,6.8,11310
2607.7,1182,19,6.3,11289
2608.7,1182,22,7.1,11291
2609.7,1182,21,7.8,11291
2610.7,1182,25,6.8,11270
2611.8,1182,20,6.6,11202
2612.8,1182,56,7.9,11232
2613.8,1182,30,7.0,11279
2614.8,1182,62,6.7,11275
2615.9,1182,21,6.9,11287
2616.9,1182,23,7.8,11284
2617.9,1182,16,7.3,11296
2618.9,1181,21,6.8,11297
2619.9,1181,12,10.2,11375
2621.0,1181,17,7.5,11368
2622.0,1181,46,7.3,11365
2623.0,1181,21,6.8,11345
2624.0,1181,37,6.8,11368
2625.1,1181,33,9.4,11424
2626.1,1181,30,6.8,11432
2627.1,1182,7,7.5,11425
2628.1,1182,12,7.5,11411
2629.2,1179,23,8.0,11412
2630.2,1180,23,8.2,11388
2631.2,1179,26,6.3,11383
2632.2,1179,14,6.5,11374
2633.3,1179,12,7.8,11370
2634.3,1179,32,6.9,11359
2635.3,1179,37,7.7,11348
2636.4,1179,21,6.5,11337
2637.4,1179,33,7.7,11336
2638.4,1179,26,7.6,11359
2639.4,1179,24,7.1,11363
2640.5,1179,36,7.8,11381
2641.5,1179,20,7.0,11385
2642.5,1179,28,7.1,11372
2643.5,1179,20,7.1,11357
2644.6,1179,13,9.1,11315
2645.6,1179,26,7.8,11322
2646.6,1179,25,7.0,11319
2647.6,1179,35,8.4,11307
2648.7,1179,20,7.4,11289
2649.7,1179,43,7.1,11278
2650.7,1179,30,10.0,11200
2651.7,1179,20,7.2,11267
2652.8,1179,20,8.0,11294
2653.8,1179,19,8.3,11303
2654.8,1185,8,7.9,11318
2655.8,1185,7,7.3,11329
2656.9,1182,20,8.7,11343
2657.9,1182,36,7.9,11343
2658.9,1182,11,7.5,11427
2660.0,1180,15,6.8,11400
2661.0,1180,30,8.4,11405
2662.0,1180,28,7.3,11392
2663.0,1180,32,7.2,11367
2664.1,1180,92,6.7,11342
2665.1,1180,19,7.9,11329
2666.1,1180,37,7.3,11317
2667.1,1180,45,6.8,11312
2668.2,1180,20,8.4,11299
2669.2,1180,11,7.4,11286
2670.2,1180,7,7.1,11265
2671.2,1180,18,8.0,11202
2672.3,1180,29,7.5,11245
2673.3,1180,34,6.9,11257
2674.3,1180,7,7.0,11266
2675.3,1180,13,8.4,11289
2676.4,1180,13,7.4,11283
2677.4,1180,13,8.0,11292
2678.4,1180,12,6.9,11299
2679.4,1180,15,8.3,11311
2680.5,1180,26,7.0,11358
2681.5,1180,15,6.7,11354
2682.5,1180,14,8.0,11341
2683.6,1180,19,7.0,11372
2684.6,1180,37,7.5,11366
2685.6,1179,11,8.0,11354
2686.6,1179,11,8.1,11332
2687.6,1179,15,6.8,11328
2688.7,1179,23,7.5,11305
2689.7,1179,20,6.5,11300
2690.7,1179,16,8.6,11285
2691.7,1179,16,6.5,11239
2692.8,1179,16,7.3,11272
2693.8,1179,16,7.6,11274
2694.8,1179,2,8.3,11295
2695.9,1179,2,7.9,11307
2696.9,1179,8,7.6,11319
2697.9,1179,12,7.7,11320
2698.9,1179,48,7.7,11314
2699.9,1179,46,7.9,11309
2701.0,1179,5,8.7,11291
2702.0,1179,38,8.0,11295
2703.0,1179,20,7.9,11301
2704.0,1179,25,6.8,11319
2705.0,1186,93,7.6,11329
2706.1,1183,13,9.3,11300
2707.1,1182,38,7.3,11303
2708.1,1183,16,7.7,11320
2709.1,1182,7,7.9,11296
2710.1,1182,8,7.0,11289
2711.2,1182,11,7.5,11280
2712.2,1178,20,7.6,11268
2713.2,1178,17,7.3,11211
2714.2,1178,15,8.1,11243
2715.3,1178,16,7.0,11267
2716.3,1178,17,7.0,11279
2717.3,1178,14,8.8,11297
2718.3,1178,11,8.0,11319
2719.4,1178,8,6.6,11309
2720.4,1178,29,8.9,11314
2721.4,1178,25,6.8,11329
2722.4,1178,42,7.4,11356
2723.5,1178,7,8.4,11357
2724.5,1178,7,7.0,11351
2725.5,1178,13,7.3,11353
2726.6,1183,2,7.7,11340
2727.6,1180,7,7.2,11330
2728.6,1180,32,9.4,11314
2729.6,1180,23,7.2,11307
2730.6,1180,43,7.3,11289
2731.7,1178,24,8.3,11282
2732.7,1178,31,7.5,11289
2733.7,1178,33,7.5,11296
2734.7,1178,28,7.6,11304
2735.8,1181,21,6.6,11316
2736.8,1181,30,7.0,11315
2737.8,1180,29,7.7,11317
2738.9,1180,19,7.1,11316
2739.9,1180,29,6.5,11306
2740.9,1180,21,6.7,11291
2741.9,1185,22,6.7,11285
2743.0,1185,36,6.8,11221
2744.0,1184,37,8.1,11249
2745.0,1185,25,7.7,11295
2746.0,1185,31,6.9,11305
2747.1,1185,19,7.3,11308
2748.1,1181,22,7.3,11316
2749.1,1182,52,7.2,11329
2750.2,1180,19,6.4,11338
2751.2,1180,9,6.3,11358
2752.2,1180,35,6.9,11358
2753.2,1180,15,7.6,11390
2754.2,1181,8,6.8,11367
2755.2,1190,10,6.7,11368
2756.3,1192,11,6.6,11363
2757.3,1187,35,6.2,11362
2758.3,1188,17,7.2,11340
2759.3,1186,28,7.1,11323
2760.3,1232,10,7.8,11323
2761.4,1188,81,7.0,11313
2762.4,1223,10,7.7,11299
2763.4,1193,18,6.7,11238
2764.4,1192,6,8.0,11269
2765.5,1187,21,7.1,11304
2766.5,1187,4,7.2,11304
2767.5,1187,9,8.9,11319
2768.5,1187,28,7.7,11340
2769.5,1185,8,7.7,11348
2770.6,1184,9,6.7,11346
2771.6,1191,22,7.7,11338
2772.6,1189,9,7.8,11343
2773.6,1187,8,8.0,11350
2774.6,1190,21,8.3,11357
2775.7,1188,69,8.7,11383
2776.7,1186,62,7.2,11375
2777.7,1191,4,8.7,11404
2778.7,1189,7,7.3,11377
2779.8,1190,11,9.1,11370
2780.8,1190,13,8.3,11363
2781.8,1189,17,7.6,11349
2782.9,1186,18,7.3,11343
2783.9,1186,3,7.5,11332
2784.9,1186,5,7.6,11315
2785.9,1186,8,8.1,11244
2787.0,1188,76,7.4,11281
2788.0,1188,7,8.3,11315
2789.0,1188,4,8.0,11339
2790.0,1188,3,7.2,11351
2791.0,1187,35,9.0,11372
2792.1,1188,15,8.2,11376
2793.1,1187,31,8.1,11369
2794.1,1186,11,8.1,11376
2795.1,1186,14,8.4,11352
2796.2,1184,18,8.2,11360
2797.2,1182,21,8.5,11366
2798.2,1182,9,8.6,11379
2799.2,1187,46,8.8,11372
2800.3,1187,11,9.3,11367
2801.3,1187,26,9.1,11366
2802.3,1185,24,8.2,11377
2803.3,1184,20,10.4,11369
2804.4,1184,56,8.8,11370
2805.4,1182,25,9.7,11373
2806.4,1219,23,9.0,11400
2807.4,1210,14,7.8,11391
2808.5,1210,11,8.6,11428
2809.5,1210,11,7.3,11416
2810.5,1210,21,8.3,11411
2811.5,1174,18,8.5,11388
2812.6,1174,69,7.5,11385
2813.6,1178,65,8.8,11373
2814.7,1178,4,8.9,11357
2815.7,1178,6,8.7,11352
2816.7,1178,52,9.0,11289
2817.7,1183,9,8.4,11334
2818.8,1183,7,9.6,11372
2819.8,1181,12,10.2,11405
2820.8,1180,3,10.3,11427
2821.8,1180,5,10.2,11433
2822.8,1180,9,10.1,11433
2823.9,1178,65,10.2,11477
2824.9,1178,23,9.9,11473
2825.9,1178,25,10.7,11462
2826.9,1177,23,11.5,11494
2827.9,1177,65,10.0,11480
2829.0,1178,7,11.2,11460
2830.0,1176,8,10.6,11452
2831.0,1175,63,10.3,11450
2832.0,1175,6,10.7,11426
2833.1,1174,7,10.0,11413
2834.1,1174,12,10.4,11403
2835.1,1174,13,9.9,11400
2836.1,1200,18,10.9,11410
2837.2,1200,15,10.3,11425
2838.2,1173,15,10.6,11453
2839.2,1173,7,10.6,11469
2840.2,1173,9,10.3,11461
2841.2,1173,12,10.4,11458
2842.3,1173,62,10.1,11464
2843.3,1173,20,10.0,11442
2844.3,1173,18,12.3,11443
2845.3,1173,16,11.0,11424
2846.4,1173,13,9.8,11413
2847.4,1201,39,10.1,11348
2848.4,1201,6,10.3,11402
2849.4,1203,7,9.4,11394
2850.5,1203,8,9.0,11420
2851.5,1203,7,9.6,11434
2852.5,1204,6,9.6,11485
2853.5,1204,12,9.0,11490
2854.6,1201,18,10.1,11493
2855.6,1173,6,8.4,11497
2856.6,1172,69,9.3,11496
2857.6,1201,25,7.9,11490
2858.6,1201,19,8.1,11502
2859.7,1173,37,9.3,11497
2860.7,1172,57,7.8,11501
2861.7,1173,57,8.9,11512
2862.7,1172,18,8.6,11498
2863.8,1172,18,8.9,11477
2864.8,1173,5,8.6,11497
2865.8,1172,3,9.3,11500
2866.8,1172,21,8.2,11516
2867.8,1173,28,7.9,11524
2868.9,1173,53,7.9,11525
2869.9,1173,10,7.6,11527
2870.9,1173,2,7.8,11522
2871.9,1173,2,7.9,11499
2873.0,1173,10,7.5,11497
2874.0,1173,16,7.8,11489
2875.0,1201,14,8.6,11475
2876.0,1232,39,8.4,11462
2877.0,1204,5,7.7,11458
2878.1,1202,3,10.0,11482
2879.1,1202,17,7.8,11473
2880.1,1202,31,8.7,11480
2881.1,1175,46,7.7,11502
2882.2,1203,29,7.5,11511
2883.2,1203,11,8.0,11502
2884.2,1203,21,8.3,11503
2885.2,1175,48,8.5,11493
2886.3,1174,4,7.5,11478
2887.3,1174,3,8.2,11466
2888.3,1174,6,7.5,11455
2889.3,1174,8,9.1,11526
2890.3,1241,10,11.2,11609
2891.4,1207,69,7.7,11614
2892.4,1205,23,7.0,11632
2893.4,1241,7,8.7,11639
2894.4,1242,27,6.5,11630
2895.5,1189,29,7.8,11618
2896.5,1191,5,7.6,11606
2897.5,1191,5,7.3,11601
2898.5,1191,29,7.3,11581
2899.6,1188,46,7.5,11568
2900.6,1184,3,7.7,11505
2901.6,1184,6,7.7,11526
2902.6,1181,3,7.7,11571
2903.7,1181,9,7.9,11579
2904.7,1178,8,6.9,11596
2905.7,1178,30,6.8,11603
2906.7,1178,16,8.0,11613
2907.7,1177,17,7.5,11627
2908.8,1177,43,7.5,11594
2909.8,1176,31,7.7,11595
2910.8,1176,10,7.7,11591
2911.9,1210,2,7.2,11574
2912.9,1214,5,8.0,11600
2913.9,1214,16,7.1,11602
2914.9,1213,40,7.3,11590
2916.0,1213,6,8.9,11607
2917.0,1182,7,8.0,11614
2918.0,1182,6,7.0,11614
2919.0,1182,2,7.2,11591
2920.0,1182,7,7.0,11579
2921.1,1219,42,7.3,11572
2922.1,1219,16,7.9,11561
2923.1,1219,9,7.2,11542
2924.1,1219,32,7.4,11533
2925.2,1219,14,7.6,11561
2926.2,1219,24,8.0,11572
2927.2,1219,16,8.4,11577
2928.2,1219,29,7.5,11606
2929.2,1219,23,7.1,11577
2930.3,1219,56,6.7,11578
2931.3,1219,7,7.1,11586
2932.3,1219,5,7.2,11609
2933.4,1219,8,7.0,11601
2934.4,1219,30,7.2,11582
2935.4,1219,18,8.0,11571
2936.4,1218,40,6.7,11566
2937.5,1184,10,6.7,11549
2938.5,1184,10,6.9,11537
2939.5,1220,9,7.8,11532
2940.5,1220,12,8.1,11564
2941.6,1220,11,7.2,11593
2942.6,1220,16,7.0,11576
2943.6,1184,23,7.2,11596
2944.6,1184,5,7.9,11576
2945.7,1184,5,7.6,11563
2946.7,1180,13,7.2,11588
2947.7,1180,4,7.2,11655
2948.7,1179,5,8.3,11666
2949.8,1179,18,6.5,11627
2950.8,1178,4,6.6,11630
2951.8,1220,4,6.9,11619
2952.8,1220,16,7.7,11621
2953.8,1220,70,8.2,11638
2954.9,1220,14,8.6,11636
2955.9,1220,26,8.0,11634
2956.9,1210,17,8.0,11607
2958.0,1184,17,7.6,11612
2959.0,1232,3,7.5,11601
2960.0,1232,2,7.5,11593
2961.0,1204,6,7.3,11592
2962.0,1203,3,7.8,11610
2963.1,1203,3,6.6,11607
2964.1,1200,6,6.9,11582
2965.1,1182,4,7.2,11566
2966.1,1180,2,7.1,11567
2967.1,1180,2,7.5,11548
2968.2,1180,3,7.3,11539
2969.2,1180,4,7.1,11521
2970.2,1176,7,7.9,11513
2971.2,1228,6,8.7,11520
2972.2,1228,17,7.6,11531
2973.3,1199,6,6.9,11540
2974.3,1199,6,6.9,11561
2975.3,1199,13,7.2,11549
2976.3,1199,17,7.4,11546
2977.4,1177,19,7.1,11535
2978.4,1177,16,7.0,11528
2979.4,1240,6,7.9,11453
2980.4,1203,2,8.5,11470
2981.4,1202,5,7.4,11497
2982.5,1202,7,7.3,11494
2983.5,1236,75,9.4,11513
2984.5,1190,5,7.0,11574
2985.5,1192,3,7.3,11609
2986.6,1190,6,7.8,11625
2987.6,1188,16,8.4,11629
2988.6,1188,9,7.7,11638
2989.6,1188,33,7.1,11636
2990.7,1184,7,7.5,11623
2991.7,1184,28,8.1,11625
2992.7,1185,12,7.8,11602
2993.7,1184,10,8.1,11594
2994.8,1184,26,7.7,11588
2995.8,1185,22,9.0,11570
2996.8,1184,9,7.2,11562
2997.8,1184,10,6.6,11560
2998.9,1187,8,7.2,11532
2999.9,1192,11,7.8,11524
3000.9,1218,35,7.9,11547
3001.9,1218,15,7.7,11574
3003.0,1215,69,7.3,11593
3004.0,1213,12,7.3,11583
3005.0,1215,6,7.4,11576
3006.0,1187,3,7.5,11570
3007.0,1223,20,8.2,11564
3008.1,1224,11,8.2,11534
3009.1,1224,39,8.1,11518
3010.1,1222,20,8.3,11513
3011.1,1222,14,7.2,11503
3012.2,1188,5,7.2,11488
3013.2,1224,2,6.9,11425
3014.2,1224,7,7.7,11511
3015.2,1224,9,7.2,11508
3016.3,1188,8,7.9,11517
3017.3,1188,2,7.8,11537
3018.3,1188,4,7.1,11542
3019.3,1188,7,7.3,11551
3020.3,1188,25,8.1,11554
3021.4,1188,14,7.7,11561
3022.4,1186,12,7.4,11583
3023.4,1186,10,7.4,11581
3024.4,1186,48,7.2,11591
3025.4,1186,19,9.1,11560
3026.5,1186,7,6.9,11560
3027.5,1186,17,7.2,11534
3028.5,1186,6,6.9,11548
3029.5,1186,5,6.8,11532
3030.5,1186,20,7.4,11533
3031.6,1188,3,7.6,11510
3032.6,1188,8,7.1,11501
3033.6,1188,71,7.7,11494
3034.6,1188,35,8.3,11443
3035.7,1187,8,7.6,11484
3036.7,1187,80,6.9,11497
3037.7,1188,22,7.7,11526
3038.7,1188,13,7.4,11540
3039.8,1199,3,7.7,11540
3040.8,1192,5,6.8,11539
3041.8,1194,7,7.7,11548
3042.8,1193,54,7.5,11554
3043.8,1192,6,9.5,11562
3044.9,1191,4,7.4,11599
3045.9,1191,6,6.8,11598
3046.9,1181,3,7.0,11588
3047.9,1181,5,6.9,11590
3048.9,1181,9,6.7,11564
3050.0,1182,11,7.5,11557
3051.0,1181,10,7.3,11552
3052.0,1181,3,7.8,11540
3053.0,1201,6,8.1,11533
3054.0,1239,6,8.3,11554
3055.1,1227,20,7.9,11564
3056.1,1205,28,7.8,11556
3057.1,1203,24,7.6,11555
3058.1,1203,26,7.7,11560
3059.2,1203,17,7.9,11554
3060.2,1192,5,6.8,11541
3061.3,1186,25,8.7,11526
3062.3,1186,12,8.1,11527
3063.3,1186,7,7.0,11536
3064.3,1186,64,7.2,11524
3065.3,1186,2,7.5,11547
3066.4,1192,16,7.7,11554
3067.4,1203,60,7.7,11571
3068.4,1203,20,7.3,11558
3069.4,1207,18,7.2,11536
3070.5,1207,9,7.4,11539
3071.5,1207,35,8.1,11519
3072.5,1204,30,8.9,11511
3073.5,1203,16,7.5,11533
3074.5,1200,26,7.3,11537
3075.6,1198,63,6.7,11541
3076.6,1198,50,7.1,11554
3077.6,1183,14,6.4,11565
3078.6,1184,14,6.9,11557
3079.6,1182,50,7.7,11543
3080.7,1181,11,9.1,11467
3081.7,1184,11,8.0,11460
3082.7,1184,19,7.0,11466
3083.7,1182,14,7.7,11472
3084.7,1181,26,7.5,11467
3085.8,1181,53,7.7,11466
3086.8,1181,60,7.4,11456
3087.8,1177,52,7.6,11440
3088.8,1177,13,7.5,11431
3089.9,1192,12,7.9,11422
3090.9,1192,23,7.6,11426
3091.9,1192,53,6.7,11439
3092.9,1213,52,8.0,11443
3093.9,1218,10,7.7,11472
3095.0,1218,3,7.0,11471
3096.0,1216,7,7.5,11467
3097.0,1217,10,8.3,11446
3098.0,1271,27,8.9,11478
3099.1,1279,12,8.0,11485
3100.1,1291,3,7.8,11503
3101.1,1254,20,7.3,11509
3102.1,1254,32,8.0,11505
3103.1,1252,7,7.3,11541
3104.2,1289,20,8.4,11535
3105.2,1299,18,8.2,11534
3106.2,1289,15,7.8,11523
3107.2,1298,8,9.0,11462
3108.2,1259,4,8.3,11521
3109.3,1250,12,8.1,11521
3110.3,1252,25,7.5,11552
3111.3,1265,39,8.5,11557
3112.3,1235,3,8.2,11563
3113.4,1233,50,7.0,11576
3114.4,1232,6,6.7,11571
3115.4,1229,3,7.5,11588
3116.4,1229,49,7.8,11606
3117.4,1227,60,7.6,11608
3118.5,1227,14,7.8,11587
3119.5,1227,15,8.1,11581
3120.5,1229,20,7.6,11585
3121.5,1227,6,7.0,11595
3122.6,1226,11,7.7,11586
3123.6,1224,18,7.4,11577
3124.6,1224,73,6.8,11561
3125.6,1222,51,8.5,11543
3126.6,1222,6,8.5,11535
3127.7,1222,39,7.2,11525
3128.7,1253,29,8.2,11515
3129.7,1253,24,7.7,11497
3130.7,1251,17,7.2,11496
3131.8,1183,14,7.9,11443
3132.8,1183,4,8.3,11489
3133.8,1156,4,6.9,11506
3134.8,1161,6,7.0,11519
3135.8,1161,68,7.3,11526
3136.9,1161,24,7.9,11532
3137.9,1190,23,6.8,11552
3138.9,1190,4,7.3,11570
3139.9,1187,4,6.8,11563
3140.9,1187,4,7.1,11581
3142.0,1223,6,8.1,11593
3143.0,1195,14,8.0,11603
3144.0,1158,3,6.6,11586
3145.1,1158,2,8.5,11570
3146.1,1153,15,7.9,11558
3147.1,1189,12,7.4,11547
3148.1,1181,15,8.2,11543
3149.2,1145,11,7.1,11527
3150.2,1145,9,7.8,11517
3151.2,1176,7,8.6,11503
3152.2,1176,19,7.9,11496
3153.2,1176,27,8.7,11486
3154.3,1176,36,7.4,11480
3155.3,1164,11,7.6,11486
3156.3,1162,18,7.9,11502
3157.3,1154,8,6.9,11508
3158.3,1118,34,7.6,11542
3159.4,1156,5,7.7,11520
3160.4,1156,71,7.9,11516
3161.4,1156,35,6.5,11496
3162.4,1120,4,7.0,11486
3163.5,1120,5,7.4,11484
3164.5,1120,3,6.9,11518
3165.5,1118,3,6.8,11536
3166.5,1156,7,7.7,11533
3167.5,1156,5,7.2,11549
3168.6,1120,19,6.9,11539
3169.6,1120,20,7.1,11550
3170.6,1120,17,9.0,11592
3171.6,1120,74,7.1,11580
3172.6,1115,71,7.1,11563
3173.7,1115,70,7.4,11583
3174.7,1120,6,7.9,11592
3175.7,1120,7,7.1,11581
3176.7,1120,6,7.3,11560
3177.8,1120,3,7.6,11558
3178.8,1120,3,7.0,11548
3179.8,1115,10,7.0,11539
3180.8,1115,6,7.7,11537
3181.8,1115,3,6.7,11545
3182.9,1115,3,6.3,11554
3183.9,1114,5,7.6,11572
3184.9,1113,3,6.6,11550
3185.9,1112,6,6.5,11562
3186.9,1120,10,8.0,11560
3188.0,1119,6,9.3,11539
3189.0,1118,8,7.3,11531
3190.0,1118,12,6.9,11526
3191.0,1118,60,7.1,11521
3192.1,1118,33,7.6,11541
3193.1,1119,9,7.2,11544
3194.1,1118,3,7.3,11556
3195.1,1118,13,8.0,11556
3196.1,1118,75,6.8,11555
3197.2,1118,2,7.3,11560
3198.2,1112,5,8.3,11550
3199.2,1112,25,7.5,11523
3200.2,1112,22,7.5,11530
3201.3,1113,12,8.1,11506
3202.3,1113,18,7.7,11538
3203.3,1112,7,7.7,11546
3204.4,1113,78,7.6,11550
3205.4,1113,8,9.2,11580
3206.4,1113,12,7.2,11586
3207.5,1113,6,7.9,11597
3208.5,1141,6,7.2,11618
3209.5,1113,8,7.9,11606
3210.6,1113,11,7.3,11602
3211.6,1113,3,6.8,11572
3212.6,1149,70,7.2,11575
3213.6,1149,6,7.6,11585
3214.6,1149,23,7.7,11582
3215.7,1148,15,6.9,11586
3216.7,1149,47,8.7,11582
3217.7,1148,16,7.3,11577
3218.7,1148,9,6.7,11555
3219.8,1149,25,7.3,11540
3220.8,1149,14,11.9,11659
3221.8,1149,2,7.5,11664
3222.8,1149,4,6.9,11654
3223.8,1149,74,7.8,11672
3224.9,1115,70,7.1,11693
3225.9,1151,3,7.8,11708
3226.9,1151,7,7.9,11692
3228.0,1151,30,7.1,11708
3229.0,1151,14,8.0,11681
3230.0,1151,54,7.7,11657
3231.0,1149,8,7.6,11644
3232.1,1149,29,6.7,11629
3233.1,1149,3,7.0,11629
3234.1,1149,3,6.4,11627
3235.1,1149,27,7.8,11640
3236.2,1149,16,8.3,11649
3237.2,1149,33,7.3,11651
3238.2,1149,21,7.5,11646
3239.2,1149,54,7.9,11650
3240.3,1149,92,7.2,11652
3241.3,1115,9,6.8,11663
3242.3,1151,10,6.6,11654
3243.3,1151,5,7.1,11641
3244.3,1151,4,8.0,11647
3245.4,1151,21,7.6,11635
3246.4,1150,29,7.5,11621
3247.4,1148,23,7.5,11614
3248.4,1148,59,7.3,11611
3249.5,1149,52,8.4,11608
3250.5,1149,10,7.0,11590
3251.5,1148,8,7.0,11591
3252.6,1149,64,8.1,11584
3253.6,1149,38,7.1,11580
3254.6,1117,38,7.9,11594
3255.6,1117,10,7.0,11596
3256.7,1153,39,7.2,11598
3257.7,1117,26,8.1,11618
3258.7,1153,5,7.8,11621
3259.8,1117,6,7.9,11610
3260.8,1117,14,7.6,11599
3261.8,1117,7,7.9,11608
3262.9,1117,7,7.7,11625
3263.9,1112,23,7.8,11621
3264.9,1112,8,7.3,11620
3265.9,1112,16,8.2,11628
3267.0,1112,15,7.4,11625
3268.0,1112,4,7.4,11620
3269.0,1110,4,7.6,11602
3270.1,1117,69,8.7,11592
3271.1,1117,4,6.8,11582
3272.1,1117,17,7.2,11570
3273.1,1117,32,7.0,11558
3274.2,1117,75,6.8,11550
3275.2,1112,69,7.4,11545
3276.2,1113,18,6.9,11564
3277.2,1117,9,7.3,11576
3278.2,1119,6,7.7,11593
3279.3,1162,67,7.5,11614
3280.3,1167,6,8.7,11594
3281.3,1155,17,7.4,11591
3282.3,1153,30,7.1,11572
3283.3,1187,34,7.5,11566
3284.4,1172,23,8.0,11562
3285.4,1163,3,7.5,11599
3286.4,1132,3,6.5,11615
3287.4,1124,4,7.4,11631
3288.4,1123,3,7.4,11646
3289.5,1147,11,8.7,11665
3290.5,1147,3,6.8,11675
3291.5,1143,6,7.4,11678
3292.5,1143,3,6.7,11684
3293.5,1143,2,6.7,11693
3294.6,1115,6,6.7,11689
3295.6,1115,4,8.2,11691
3296.6,1115,3,6.3,11689
3297.6,1115,6,6.3,11683
3298.7,1115,5,7.4,11667
3299.7,1115,3,6.0,11665
3300.7,1115,5,7.1,11652
3301.7,1115,3,6.8,11640
3302.8,1181,4,7.2,11625
3303.8,1173,36,7.8,11614
3304.8,1182,6,8.2,11593
3305.8,1143,9,6.8,11591
3306.8,1143,12,7.1,11572
3307.9,1143,15,7.9,11564
3308.9,1142,21,7.4,11563
3309.9,1118,17,7.1,11502
3310.9,1118,16,7.1,11547
3312.0,1118,22,6.7,11575
3313.0,1118,15,7.5,11588
3314.0,1128,16,7.8,11578
3315.0,1147,4,8.9,11604
3316.1,1223,30,11.1,11640
3317.1,1219,3,8.5,11633
3318.1,1219,31,8.6,11603
3319.1,1215,12,7.6,11599
3320.1,1196,4,6.9,11602
3321.2,1187,17,8.4,11600
3322.2,1155,16,7.1,11592
3323.2,1155,10,7.1,11583
3324.2,1123,51,7.0,11578
3325.2,1123,5,6.2,11599
3326.3,1123,15,7.4,11601
3327.3,1123,6,6.8,11614
3328.3,1123,10,6.9,11602
3329.3,1128,77,7.8,11606
3330.3,1128,23,7.4,11602
3331.4,1128,7,6.3,11589
3332.4,1128,11,10.1,11577
3333.4,1128,29,6.7,11569
3334.4,1140,15,7.4,11511
3335.5,1181,70,8.1,11578
3336.5,1202,15,7.6,11618
3337.5,1197,69,7.6,11627
3338.5,1237,25,8.0,11637
3339.5,1208,11,7.0,11635
3340.6,1197,5,7.4,11651
3341.6,1178,6,7.9,11644
3342.6,1182,15,8.1,11663
3343.6,1218,16,8.1,11656
3344.6,1217,18,7.8,11664
3345.7,1215,19,8.7,11652
3346.7,1222,71,8.7,11648
3347.7,1192,16,8.2,11655
3348.7,1195,29,9.6,11636
3349.8,1188,9,7.9,11630
3350.8,1157,8,6.9,11585
3351.8,1156,20,7.2,11589
3352.8,1147,11,7.5,11583
3353.8,1188,2,8.2,11578
3354.9,1179,15,7.7,11563
3355.9,1154,9,7.8,11555
3356.9,1183,26,7.2,11544
3357.9,1183,27,6.9,11486
3358.9,1149,4,7.5,11529
3360.0,1140,3,6.9,11556
3361.0,1136,31,7.0,11566
3362.0,1130,12,7.6,11581
3363.0,1130,44,8.0,11611
3364.1,1130,61,8.7,11610
3365.1,1164,31,7.0,11587
3366.1,1133,3,6.9,11564
3367.1,1132,3,6.9,11566
3368.2,1132,5,7.0,11572
3369.2,1132,8,7.0,11585
3370.2,1136,7,7.0,11586
3371.2,1167,71,6.5,11592
3372.2,1167,7,6.7,11598
3373.3,1166,5,6.6,11607
3374.3,1166,8,6.8,11599
3375.3,1194,8,7.6,11578
3376.3,1163,10,7.6,11578
3377.4,1160,17,8.1,11565
3378.4,1162,7,6.9,11563
3379.4,1144,36,7.2,11546
3380.4,1143,14,6.8,11535
3381.5,1171,11,8.6,11496
3382.5,1166,7,8.5,11551
3383.5,1164,4,6.5,11575
3384.5,1159,50,6.6,11579
3385.5,1158,2,7.7,11598
3386.6,1141,19,6.3,11616
3387.6,1167,29,7.1,11638
3388.6,1202,5,8.0,11665
3389.6,1197,12,7.3,11653
3390.6,1167,7,6.6,11651
3391.7,1159,5,5.9,11654
3392.7,1143,3,6.3,11669
3393.7,1133,51,6.3,11660
3394.7,1164,13,6.7,11670
3395.8,1163,53,6.6,11659
3396.8,1160,8,6.5,11668
3397.8,1159,10,6.6,11650
3398.8,1158,17,7.0,11649
3399.8,1131,19,8.5,11633
3400.9,1131,52,7.4,11623
3401.9,1129,4,7.5,11609
3402.9,1130,2,7.2,11602
3403.9,1130,15,6.8,11597
3404.9,1129,8,7.6,11633
3406.0,1132,8,7.5,11649
3407.0,1131,9,6.6,11661
3408.0,1131,10,7.1,11651
3409.0,1131,8,7.0,11652
3410.0,1131,73,7.7,11633
3411.1,1131,5,8.2,11622
3412.1,1131,8,7.6,11572
3413.1,1129,51,7.9,11569
3414.2,1129,2,6.8,11592
3415.2,1129,5,7.3,11604
3416.2,1129,6,7.8,11632
3417.3,1131,70,7.0,11631
3418.3,1132,3,6.8,11629
3419.3,1131,2,6.8,11636
3420.3,1131,36,7.2,11639
3421.3,1131,3,8.0,11661
3422.3,1131,12,7.6,11665
3423.4,1129,8,6.8,11678
3424.4,1130,11,6.7,11690
3425.4,1127,72,7.3,11667
3426.4,1128,13,7.4,11680
3427.5,1128,68,7.6,11683
3428.5,1130,11,6.3,11660
3429.5,1161,6,7.1,11666
3430.5,1169,5,7.6,11651
3431.6,1135,21,8.4,11632
3432.6,1134,9,7.6,11616
3433.6,1138,15,8.4,11626
3434.6,1139,33,7.4,11615
3435.6,1130,74,7.5,11615
3436.7,1128,16,7.1,11605
3437.7,1128,6,6.1,11595
3438.7,1128,7,6.8,11585
3439.7,1129,45,7.7,11572
3440.8,1141,4,7.9,11569
3441.8,1134,12,6.8,11597
3442.8,1133,37,7.1,11614
3443.8,1133,42,7.3,11630
3444.8,1145,22,8.0,11608
3445.9,1136,30,8.3,11597
3446.9,1132,6,7.2,11597
3447.9,1131,16,7.2,11589
3448.9,1126,10,7.9,11583
3449.9,1125,14,6.7,11565
3451.0,1176,49,7.6,11576
3452.0,1186,2,7.8,11594
3453.0,1195,16,7.7,11589
3454.1,1188,14,9.9,11612
3455.1,1200,34,7.5,11596
3456.1,1198,5,8.0,11591
3457.1,1196,15,7.2,11601
3458.2,1187,3,7.8,11609
3459.2,1187,5,7.2,11620
3460.2,1140,4,7.0,11609
3461.2,1140,3,7.2,11609
3462.2,1174,6,7.5,11598
3463.3,1145,11,7.6,11607
3464.3,1145,7,7.2,11604
3465.3,1145,70,6.8,11616
3466.3,1143,3,7.5,11603
3467.4,1140,12,8.2,11595
3468.4,1145,8,7.1,11531
3469.4,1143,11,7.6,11557
3470.4,1145,10,7.0,11594
3471.4,1194,5,8.3,11598
3472.5,1195,15,8.7,11623
3473.5,1192,19,7.1,11616
3474.5,1185,2,7.4,11628
3475.5,1192,7,7.2,11638
3476.5,1157,22,7.6,11662
3477.6,1145,26,7.3,11669
3478.6,1182,26,8.0,11658
3479.6,1182,4,7.2,11650
3480.6,1144,6,7.5,11670
3481.6,1142,12,7.5,11674
3482.7,1182,28,8.4,11671
3483.7,1182,27,7.3,11650
3484.7,1144,6,7.5,11616
3485.7,1179,43,8.0,11615
3486.8,1200,25,8.0,11619
3487.8,1161,7,7.2,11608
3488.8,1161,12,8.2,11596
3489.8,1203,14,7.9,11582
3490.8,1200,73,7.2,11577
3491.9,1162,26,6.2,11569
3492.9,1162,21,6.6,11563
3493.9,1160,69,7.6,11575
3495.0,1157,70,7.5,11598
3496.0,1136,18,6.4,11597
3497.0,1135,31,7.4,11604
3498.0,1164,71,6.4,11610
3499.0,1175,9,7.0,11597
3500.1,1144,28,7.8,11588
3501.1,1142,8,7.1,11575
3502.1,1143,4,7.9,11563
3503.1,1145,3,7.7,11569
3504.2,1143,12,8.4,11593
3505.2,1142,7,7.7,11597
3506.2,1178,6,7.5,11597
3507.2,1179,3,7.1,11607
3508.3,1179,2,8.5,11619
3509.3,1179,4,6.9,11614
3510.3,1198,3,7.3,11597
3511.3,1200,2,7.9,11587
3512.3,1197,3,8.1,11569
3513.4,1198,19,8.0,11560
3514.4,1198,30,7.4,11572
3515.4,1189,7,6.7,11582
3516.4,1198,12,8.3,11589
3517.4,1218,3,6.6,11597
3518.5,1164,2,6.8,11624
3519.5,1165,39,6.7,11603
3520.5,1234,5,8.1,11614
3521.5,1180,14,8.3,11619
3522.5,1176,4,7.1,11613
3523.6,1173,8,6.8,11625
3524.6,1176,3,8.0,11665
3525.6,1166,4,8.5,11652
3526.6,1155,34,8.0,11640
3527.6,1199,38,7.5,11628
3528.7,1203,35,8.1,11621
3529.7,1204,18,7.9,11617
3530.7,1202,5,7.4,11603
3531.7,1165,25,6.6,11621
3532.8,1161,6,6.4,11621
3533.8,1144,14,6.8,11623
3534.8,1137,10,7.1,11627
3535.8,1137,43,7.0,11643
3536.8,1139,20,8.1,11646
3537.9,1139,8,7.3,11635
3538.9,1138,24,7.9,11626
3539.9,1138,10,7.7,11547
3540.9,1138,16,8.2,11589
3542.0,1138,3,7.9,11617
3543.0,1138,17,7.3,11623
3544.0,1138,7,6.5,11656
3545.0,1137,9,7.7,11628
3546.1,1172,90,8.5,11645
3547.1,1172,20,8.2,11710
3548.1,1153,12,7.2,11722
3549.1,1153,32,8.7,11701
3550.1,1153,6,7.5,11707
3551.2,1166,22,8.2,11700
3552.2,1221,41,7.6,11727
3553.2,1221,14,9.0,11714
3554.2,1223,4,7.8,11696
3555.2,1178,21,7.1,11681
3556.3,1176,30,7.0,11669
3557.3,1143,7,6.6,11660
3558.3,1134,39,9.8,11651
3559.3,1130,6,7.2,11642
3560.4,1130,73,6.6,11630
3561.4,1130,3,7.5,11620
3562.4,1131,25,7.8,11620
3563.4,1138,11,8.8,11650
3564.4,1136,7,6.6,11645
3565.5,1157,9,6.7,11641
3566.5,1161,18,8.3,11657
3567.5,1179,16,8.9,11662
3568.5,1142,5,7.6,11640
3569.5,1179,11,7.4,11645
3570.6,1149,3,7.4,11635
3571.6,1170,37,8.7,11628
3572.6,1156,17,8.2,11625
3573.6,1158,33,7.2,11632
3574.7,1152,15,8.2,11627
3575.7,1154,37,8.6,11642
3576.7,1160,16,8.9,11665
3577.8,1139,2,7.3,11660
3578.8,1179,16,7.7,11654
3579.8,1180,11,8.6,11645
3580.8,1178,7,7.3,11635
3581.8,1178,20,6.6,11627
3582.9,1178,11,7.7,11617
3583.9,1172,20,7.7,11623
3584.9,1161,14,8.1,11676
3585.9,1161,28,6.6,11665
3587.0,1161,16,6.6,11677
3588.0,1161,59,6.9,11687
3589.0,1159,15,8.3,11661
3590.0,1160,37,7.4,11666
3591.1,1182,10,7.9,11588
3592.1,1187,17,7.8,11634
3593.1,1186,3,9.3,11676
3594.1,1185,9,7.2,11685
3595.2,1184,6,7.2,11686
3596.2,1183,3,7.0,11699
3597.2,1129,3,8.2,11707
3598.2,1169,4,7.4,11709
3599.2,1170,4,7.8,11724
3600.3,1171,6,7.7,11729
3601.3,1150,15,8.0,11737
3602.3,1149,6,8.5,11743
3603.3,1177,3,6.8,11723
3604.3,1195,7,7.4,11700
3605.4,1194,9,7.1,11675
3606.4,1143,78,8.8,11662
3607.4,1143,4,7.0,11679
3608.4,1140,4,6.2,11663
3609.5,1134,6,6.9,11668
3610.5,1134,9,7.7,11677
3611.5,1176,12,8.6,11653
3612.5,1182,10,8.0,11651
3613.5,1205,29,7.7,11672
3614.6,1188,26,9.3,11690
3615.6,1187,10,9.4,11681
3616.6,1176,8,8.5,11690
3617.6,1179,4,8.4,11701
3618.7,1190,26,7.5,11689
3619.7,1215,7,8.3,11733
3620.7,1215,3,9.1,11749
3621.7,1213,3,7.1,11772
3622.7,1206,7,7.5,11755
3623.8,1183,4,7.1,11748
3624.8,1173,2,6.8,11727
3625.8,1149,3,7.8,11705
3626.8,1158,6,7.8,11702
3627.8,1158,8,7.6,11696
3628.9,1121,9,7.1,11709
3629.9,1120,9,7.1,11685
3630.9,1120,6,8.1,11672
3631.9,1115,3,7.7,11668
3632.9,1115,3,7.2,11695
3634.0,1115,7,8.3,11710
3635.0,1191,9,7.3,11727
3636.0,1188,13,9.0,11723
3637.0,1188,26,9.3,11697
3638.0,1188,9,6.6,11707
3639.1,1188,28,7.1,11688
3640.1,1180,15,6.8,11685
3641.1,1181,15,7.5,11673
3642.2,1199,12,8.5,11654
3643.2,1207,19,8.1,11651
3644.2,1204,4,9.5,11679
3645.2,1208,39,10.2,11738
3646.2,1197,33,8.1,11727
3647.3,1205,14,8.7,11718
3648.3,1186,17,9.8,11713
3649.3,1149,40,13.1,11919
3650.3,1122,15,14.1,12001
3651.3,1136,23,9.6,11863
3652.4,1111,39,10.3,11847
3653.4,1105,38,11.1,11932
3654.4,1083,40,7.5,11956
3655.4,1081,29,7.1,11972
3656.5,1080,35,9.0,11954
3657.5,1076,11,7.4,11937
3658.5,1077,8,6.8,11920
3659.5,1064,36,13.3,12063
3660.6,1056,37,17.6,12184
3661.6,1087,38,19.0,12287
3662.6,1114,39,16.9,12406
3663.6,1115,39,13.0,12532
3664.6,1131,39,18.7,12498
3665.7,1142,33,14.6,12573
3666.7,1139,17,9.0,12571
3667.7,1131,23,8.0,12551
3668.7,1128,21,7.3,12501
3669.8,1101,21,6.9,12542
3670.8,1108,77,8.0,12580
3671.8,1095,18,8.5,12591
3672.8,1093,7,6.8,12601
3673.9,1091,25,6.9,12610
3674.9,1090,70,9.1,12622
3675.9,1092,16,12.2,12607
3676.9,1085,26,9.3,12605
3678.0,1092,29,10.1,12642
3679.0,1094,21,10.2,12636
3680.0,1110,30,13.5,12622
3681.0,1104,35,8.0,12620
3682.0,1104,18,6.8,12630
3683.1,1104,70,6.7,12647
3684.1,1113,25,7.6,12622
3685.1,1109,11,6.8,12606
3686.1,1111,31,8.0,12574
3687.1,1077,14,7.6,12543
3688.2,1085,33,9.6,12533
3689.2,1085,11,10.7,12079
3690.2,1084,8,10.1,12010
3691.3,1084,30,6.7,12008
3692.3,1084,13,6.7,11991
3693.3,1072,43,6.8,12004
3694.3,1072,34,6.9,11986
3695.3,1068,13,7.0,12003
3696.4,1075,22,7.7,11996
3697.4,1075,87,7.1,11973
3698.4,1074,35,6.8,11978
3699.4,1072,25,7.1,11985
3700.5,1072,26,7.1,11973
3701.5,1239,27,7.4,11956
3702.5,1239,8,6.8,11966
3703.5,1236,16,6.9,11984
3704.5,1235,16,7.0,12029
3705.6,1242,36,7.8,12023
3706.6,1242,15,6.7,12027
3707.6,1240,72,6.7,12011
3708.6,1240,24,8.3,11995
3709.7,1240,9,6.5,11979
3710.7,1077,7,7.1,11977
3711.7,1076,12,6.5,11995
3712.7,1088,68,7.5,11993
3713.7,1093,37,6.4,11987
3714.8,1095,8,6.7,11967
3715.8,1096,15,8.1,12004
3716.8,1096,26,11.1,12068
3717.8,1081,29,6.5,12064
3718.8,1080,29,7.1,12068
3719.9,1088,36,7.4,12064
3720.9,1087,6,6.8,12064
3721.9,1075,6,7.0,12085
3722.9,1082,30,6.6,12068
3724.0,1087,58,6.9,12079
3725.0,1082,9,6.2,12053
3726.0,1081,30,7.0,12027
3727.0,1081,26,7.0,12022
3728.0,1068,36,6.4,12011
3729.1,1057,26,6.9,12002
3730.1,1057,28,7.0,12008
3731.1,1056,36,6.9,12007
3732.1,1056,26,6.9,11987
3733.2,1056,29,7.1,11993
3734.2,1056,35,7.1,11992
3735.2,1057,15,6.9,12004
3736.2,1057,36,7.1,11992
3737.3,1057,35,7.2,11991
3738.3,1057,15,6.4,11986
3739.3,1057,17,6.4,11989
3740.3,1057,36,6.5,11990
3741.4,1057,27,8.4,11909
3742.4,1057,19,6.5,11921
3743.4,1057,50,6.8,11922
3744.4,1057,27,6.8,11923
3745.4,1057,26,6.1,11894
3746.5,1057,67,6.8,11899
3747.5,1057,28,6.7,11896
3748.5,1057,37,7.1,11909
3749.6,1057,28,7.4,11906
3750.6,1057,28,6.8,11914
3751.6,1088,8,9.2,11913
3752.6,1089,6,6.8,11912
3753.6,1088,10,6.2,11913
3754.7,1087,12,7.6,11901
3755.7,1183,40,8.3,11947
3756.7,1189,35,7.6,11960
3757.7,1162,53,7.7,11959
3758.8,1177,16,6.9,11961
3759.8,1194,15,8.5,11970
3760.8,1167,24,6.6,11961
3761.8,1184,72,7.6,11970
3762.8,1196,13,7.4,11951
3763.8,1205,20,7.2,11933
3764.9,1204,12,9.0,11987
3765.9,1201,16,7.3,11986
3766.9,1201,35,6.4,11969
3767.9,1202,73,6.4,11968
3769.0,1188,14,6.6,11988
3770.0,1166,26,7.4,11991
3771.0,1164,19,6.6,11996
3772.0,1164,37,7.4,11975
3773.0,1157,23,7.3,11972
3774.1,1188,77,6.8,11958
3775.1,1198,24,7.2,11952
3776.1,1215,10,7.2,11885
3777.1,1151,12,6.2,11893
3778.1,1183,20,6.7,11903
3779.2,1187,50,6.7,11907
3780.2,1163,21,7.9,11897
3781.2,1178,6,7.5,11892
3782.2,1153,26,8.9,11891
3783.2,1194,30,8.7,11891
3784.3,1193,34,6.2,11894
3785.3,1194,25,7.2,11872
3786.3,1193,30,7.0,11889
3787.3,1156,11,7.9,11906
3788.3,1140,6,6.5,11920
3789.4,1193,16,7.4,11923
3790.4,1187,6,7.2,11915
3791.4,1193,15,7.5,11924
3792.4,1152,37,6.7,11925
3793.5,1151,19,6.7,11909
3794.5,1140,19,6.6,11913
3795.5,1140,29,6.7,11879
3796.5,1134,13,6.4,11877
3797.6,1134,12,6.4,11885
3798.6,1129,12,6.8,11869
3799.6,1129,15,6.9,11851
3800.6,1129,28,6.7,11848
3801.6,1129,14,6.4,11840
3802.7,1129,8,6.4,11827
3803.7,1127,13,6.3,11821
3804.7,1127,17,8.0,11813
3805.7,1127,9,6.2,11800
3806.7,1127,7,6.0,11814
3807.8,1127,14,7.0,11834
3808.8,1127,25,7.4,11842
3809.8,1127,6,6.4,11837
3810.8,1169,9,6.8,11850
3811.9,1169,12,8.5,11845
3812.9,1169,13,6.7,11841
3813.9,1186,43,7.3,11817
3814.9,1187,43,7.7,11813
3815.9,1179,6,7.4,11805
3817.0,1179,9,6.9,11808
3818.0,1186,12,7.6,11832
3819.0,1187,23,6.4,11829
3820.0,1169,31,6.5,11833
3821.0,1163,29,7.3,11836
3822.1,1134,17,9.3,11938
3823.1,1133,46,6.6,11950
3824.1,1134,14,7.0,11944
3825.1,1135,12,7.1,11939
3826.2,1132,22,7.8,11927
3827.2,1131,29,6.9,11919
3828.2,1131,23,8.3,11902
3829.2,1167,37,7.0,11893
3830.3,1166,25,8.0,11868
3831.3,1167,37,8.2,11865
3832.3,1166,45,6.7,11856
3833.4,1167,69,6.5,11844
3834.4,1133,17,7.4,11840
3835.4,1170,29,7.5,11835
3836.4,1175,25,9.2,11862
3837.4,1161,8,7.5,11863
3838.5,1159,12,6.4,11874
3839.5,1122,29,7.9,11885
3840.5,1160,71,7.9,11885
3841.5,1131,7,7.7,11870
3842.6,1150,47,7.3,11860
3843.6,1149,40,7.5,11848
3844.6,1149,17,7.0,11831
3845.6,1181,41,7.3,11823
3846.7,1181,16,7.0,11812
3847.7,1181,28,8.4,11804
3848.7,1181,14,9.0,11797
3849.7,1173,17,7.7,11737
3850.8,1144,27,6.8,11751
3851.8,1181,72,7.4,11787
3852.8,1173,25,6.4,11794
3853.8,1181,40,7.3,11817
3854.9,1173,7,6.5,11819
3855.9,1181,18,7.7,11831
3856.9,1176,17,7.9,11854
3857.9,1176,39,8.5,11937
3858.9,1177,28,9.8,11938
3860.0,1176,26,7.9,11937
3861.0,1175,15,7.4,11909
3862.0,1175,12,7.2,11896
3863.0,1172,40,7.1,11890
3864.1,1155,9,6.9,11869
3865.1,1124,30,6.8,11875
3866.1,1151,32,7.2,11853
3867.1,1160,18,7.3,11846
3868.1,1154,65,7.5,11840
3869.2,1146,69,7.9,11822
3870.2,1146,7,6.5,11805
3871.2,1133,49,7.8,11803
3872.2,1132,9,6.7,11795
3873.2,1127,12,7.2,11790
3874.3,1123,32,6.8,11783
3875.3,1123,15,6.9,11785
3876.3,1128,23,7.3,11805
3877.3,1129,17,6.3,11807
3878.3,1172,6,7.1,11806
3879.4,1159,17,6.9,11818
3880.4,1161,10,6.9,11835
3881.4,1195,11,7.7,11828
3882.4,1196,34,8.0,11818
3883.5,1190,27,8.4,11798
3884.5,1197,17,8.6,11847
3885.5,1204,22,7.6,11857
3886.5,1166,18,7.8,11856
3887.5,1203,16,7.8,11857
3888.6,1203,32,7.7,11855
3889.6,1127,11,7.2,11843
3890.6,1163,20,7.1,11826
3891.6,1163,16,8.0,11826
3892.6,1162,71,7.4,11771
3893.7,1148,8,7.9,11824
3894.7,1155,29,9.0,11838
3895.7,1156,68,6.9,11843
3896.7,1148,25,7.6,11856
3897.8,1155,16,7.7,11862
3898.8,1156,8,7.0,11869
3899.8,1119,11,6.7,11879
3900.8,1118,29,7.2,11873
3901.9,1118,23,6.8,11890
3902.9,1133,41,8.3,11886
3903.9,1158,16,7.8,11877
3904.9,1157,12,7.7,11846
3905.9,1201,25,8.1,11830
3907.0,1201,22,8.9,11836
3908.0,1201,27,7.9,11832
3909.0,1142,33,7.6,11826
3910.0,1140,23,6.8,11815
3911.1,1131,38,7.2,11816
3912.1,1117,30,7.7,11816
3913.1,1115,30,7.9,11816
3914.1,1186,45,7.2,11794
3915.1,1148,11,7.2,11788
3916.2,1147,12,7.6,11776
3917.2,1147,16,6.6,11768
3918.2,1147,7,6.9,11758
3919.2,1131,7,7.4,11753
3920.3,1131,13,6.4,11732
3921.3,1173,15,8.9,11754
3922.3,1173,15,7.1,11772
3923.3,1181,7,7.5,11778
3924.3,1163,7,7.0,11794
3925.4,1134,20,7.0,11796
3926.4,1134,8,6.7,11799
3927.4,1134,10,6.1,11789
3928.4,1129,28,6.3,11798
3929.4,1129,8,6.3,11797
3930.5,1129,8,6.4,11799
3931.5,1129,13,6.5,11788
3932.5,1129,15,6.1,11782
3933.5,1129,16,6.7,11776
3934.5,1129,27,6.5,11768
3935.6,1129,8,6.3,11761
3936.6,1128,15,6.5,11760
3937.6,1128,71,10.9,11622
3938.6,1170,13,6.8,11624
3939.7,1177,24,6.8,11619
3940.7,1180,26,6.5,11644
3941.7,1149,37,7.3,11648
3942.7,1156,33,8.4,11662
3943.7,1155,38,7.3,11666
3944.8,1153,19,8.0,11711
3945.8,1150,5,7.3,11696
3946.8,1152,20,9.2,11722
3947.8,1144,12,6.5,11705
3948.8,1289,3,7.9,11691
3949.9,1285,19,8.2,11680
3950.9,1235,3,7.6,11667
3951.9,1221,4,7.4,11671
3952.9,1261,33,8.8,11661
3953.9,1251,8,8.0,11690
3955.0,1166,8,7.3,11701
3956.0,1165,26,8.5,11701
3957.0,1209,75,6.7,11699
3958.0,1221,12,7.4,11714
3959.0,1216,64,7.9,11700
3960.1,1157,2,6.9,11687
3961.1,1155,17,8.0,11700
3962.1,1155,14,7.4,11715
3963.1,1153,20,8.0,11722
3964.2,1139,19,7.8,11719
3965.2,1139,8,9.0,11721
3966.2,1138,6,7.7,11739
3967.2,1184,86,7.7,11718
3968.3,1147,14,7.1,11712
3969.3,1147,18,7.2,11698
3970.3,1147,32,7.7,11693
3971.3,1146,12,8.1,11619
3972.3,1137,15,7.8,11645
3973.4,1143,24,7.9,11671
3974.4,1142,24,7.6,11675
3975.4,1137,10,7.3,11668
3976.4,1137,7,6.8,11661
3977.4,1136,2,6.8,11648
3978.5,1136,5,6.8,11646
3979.5,1131,3,6.7,11643
3980.5,1173,3,7.8,11651
3981.5,1168,13,8.4,11677
3982.5,1176,44,7.8,11683
3983.6,1149,6,7.5,11702
3984.6,1149,24,6.8,11704
3985.6,1143,22,7.0,11694
3986.6,1143,37,7.1,11694
3987.7,1144,40,7.7,11697
3988.7,1143,26,8.0,11708
3989.7,1212,20,8.0,11716
3990.7,1184,33,8.2,11711
3991.7,1202,27,8.0,11708
3992.8,1164,24,7.3,11716
3993.8,1158,27,7.8,11722
3994.8,1156,32,7.0,11704
3995.8,1139,28,7.1,11690
3996.8,1130,71,6.1,11692
3997.9,1140,21,6.8,11680
3998.9,1221,18,7.2,11665
3999.9,1224,12,9.1,11671
4000.9,1215,13,7.3,11694
4001.9,1176,5,7.0,11704
4003.0,1170,6,6.7,11706
4004.0,1170,31,7.2,11702
4005.0,1144,7,7.1,11724
4006.0,1130,5,7.1,11717
4007.0,1130,2,6.2,11706
4008.1,1129,2,6.8,11701
4009.1,1139,17,7.3,11679
4010.1,1182,7,7.7,11679
4011.1,1179,6,7.9,11610
4012.1,1178,19,8.0,11657
4013.2,1183,17,7.2,11671
4014.2,1183,23,8.0,11679
4015.2,1184,18,8.1,11696
4016.2,1142,16,7.4,11702
4017.3,1141,5,7.4,11734
4018.3,1141,2,6.4,11737
4019.3,1137,2,6.9,11741
4020.3,1137,17,7.4,11744
4021.3,1137,7,8.6,11745
4022.4,1137,55,6.8,11716
4023.4,1185,3,6.2,11734
4024.4,1184,22,6.5,11696
4025.4,1141,65,6.7,11717
4026.5,1140,16,6.8,11717
4027.5,1139,81,7.0,11720
4028.5,1134,15,6.8,11717
4029.5,1129,32,7.1,11706
4030.5,1128,30,6.1,11699
4031.6,1107,67,6.9,11686
4032.6,1105,22,6.5,11673
4033.6,1105,87,7.6,11666
4034.6,1106,15,6.4,11657
4035.7,1122,4,6.9,11658
4036.7,1136,8,6.5,11673
4037.7,1134,9,6.5,11679
4038.7,1143,74,7.0,11676
4039.7,1143,5,7.0,11708
4040.8,1128,5,6.5,11708
4041.8,1119,10,6.0,11690
4042.8,1118,13,6.5,11682
4043.8,1118,16,5.9,11687
4044.9,1114,16,6.9,11670
4045.9,1113,16,6.7,11657
4046.9,1113,16,7.1,11657
4047.9,1136,14,7.3,11655
4048.9,1142,13,6.5,11663
4050.0,1136,29,6.6,11661
4051.0,1137,8,6.6,11674
4052.0,1126,70,6.8,11674
4053.0,1121,15,7.3,11676
4054.1,1123,7,7.5,11685
4055.1,1123,7,6.2,11687
4056.1,1124,6,7.2,11662
4057.1,1123,8,6.5,11663
4058.1,1122,41,6.6,11686
4059.2,1122,38,7.2,11686
4060.2,1121,11,7.1,11689
4061.2,1176,73,9.0,11700
4062.2,1170,8,6.8,11700
4063.2,1164,15,6.9,11694
4064.3,1163,20,6.9,11715
4065.3,1163,20,7.0,11742
4066.3,1145,49,7.8,11721
4067.3,1144,6,6.9,11703
4068.3,1141,2,6.9,11708
4069.4,1140,5,7.8,11729
4070.4,1140,6,7.2,11729
4071.4,1135,2,7.5,11750
4072.4,1135,2,6.6,11752
4073.4,1135,8,7.0,11740
4074.5,1135,6,6.5,11758
4075.5,1134,7,6.9,11749
4076.5,1135,11,6.1,11738
4077.5,1135,2,6.4,11708
4078.5,1137,2,6.5,11710
4079.6,1144,6,7.3,11703
4080.6,1144,6,6.8,11651
4081.6,1143,19,7.9,11682
4082.6,1158,19,7.5,11727
4083.7,1157,9,6.6,11753
4084.7,1149,6,7.2,11708
4085.7,1150,17,6.7,11713
4086.7,1185,16,8.1,11740
4087.7,1156,68,6.1,11748
4088.8,1165,2,7.2,11766
4089.8,1165,14,7.2,11769
4090.8,1159,4,7.4,11792
4091.8,1152,15,6.2,11805
4092.9,1152,3,7.3,11806
4093.9,1137,5,6.3,11792
4094.9,1142,13,8.0,11798
4095.9,1157,5,9.4,11779
4096.9,1152,3,8.2,11772
4098.0,1156,25,7.5,11756
4099.0,1156,17,7.2,11748
4100.0,1150,10,8.2,11753
4101.0,1146,7,7.8,11750
4102.0,1141,12,7.8,11730
4103.1,1136,12,7.4,11724
4104.1,1136,7,6.4,11711
4105.1,1145,8,8.0,11694
4106.1,1146,17,7.1,11684
4107.2,1148,7,8.4,11630
4108.2,1152,14,7.6,11694
4109.2,1151,14,7.9,11712
4110.2,1147,5,7.7,11716
4111.2,1146,2,6.8,11714
4112.3,1146,17,7.1,11725
4113.3,1146,3,7.3,11734
4114.3,1177,5,8.1,11748
4115.3,1175,7,6.4,11765
4116.3,1187,72,8.4,11775
4117.4,1239,28,11.3,11833
4118.4,1234,26,8.5,11836
4119.4,1218,3,8.5,11857
4120.4,1218,39,8.3,11854
4121.5,1211,38,8.3,11852
4122.5,1195,29,6.8,11848
4123.5,1196,7,7.5,11845
4124.5,1194,5,7.6,11841
4125.5,1230,3,6.8,11832
4126.6,1241,33,9.0,11817
4127.6,1230,2,7.7,11807
4128.6,1224,5,9.2,11795
4129.6,1200,6,8.3,11827
4130.7,1232,5,7.9,11835
4131.7,1217,67,7.2,11856
4132.7,1205,8,7.3,11859
4133.7,1161,6,7.4,11860
4134.7,1179,49,9.0,11843
4135.8,1187,12,7.1,11834
4136.8,1184,4,7.0,11830
4137.8,1180,25,6.1,11824
4138.8,1179,17,8.3,11814
4139.9,1223,54,6.8,11802
4140.9,1181,14,7.2,11791
4141.9,1176,5,6.4,11791
4142.9,1184,17,8.9,11738
4144.0,1174,11,7.0,11781
4145.0,1169,2,6.9,11780
4146.0,1212,2,8.2,11784
4147.0,1221,5,8.3,11795
4148.0,1209,6,8.3,11867
4149.1,1174,69,7.6,11851
4150.1,1210,64,10.1,11848
4151.1,1233,19,8.5,11842
4152.1,1209,5,9.8,11850
4153.1,1217,5,8.5,11862
4154.2,1180,18,9.7,11879
4155.2,1217,25,9.8,11853
4156.2,1194,2,10.2,11880
4157.2,1157,2,9.7,11871
4158.3,1157,19,9.8,11861
4159.3,1157,6,10.0,11860
4160.3,1188,12,10.3,11861
4161.3,1187,19,10.7,11792
4162.3,1187,30,8.6,11806
4163.4,1187,39,10.0,11827
4164.4,1233,4,10.2,11829
4165.4,1235,6,10.5,11816
4166.4,1177,25,10.0,11803
4167.4,1175,6,11.1,11781
4168.5,1169,19,9.8,11801
4169.5,1165,5,10.6,11792
4170.5,1149,4,10.0,11802
4171.5,1149,6,10.2,11791
4172.5,1149,15,11.1,11829
4173.6,1149,67,10.7,11826
4174.6,1149,18,8.8,11831
4175.6,1149,13,9.1,11829
4176.7,1148,15,8.4,11829
4177.7,1195,15,9.7,11806
4178.7,1200,40,12.2,11799
4179.7,1185,18,12.3,11834
4180.7,1212,4,9.0,11824
4181.8,1211,26,7.8,11847
4182.8,1200,11,7.7,11842
4183.8,1189,29,8.6,11827
4184.8,1188,43,9.3,11875
4185.8,1140,8,8.3,11903
4186.9,1146,15,8.0,11897
4187.9,1152,2,8.8,11901
4188.9,1153,2,9.5,11868
4189.9,1166,6,10.5,11864
4190.9,1175,8,9.7,11875
4192.0,1171,66,8.7,11891
4193.0,1171,2,10.2,11896
4194.0,1166,24,9.7,11880
4195.0,1156,60,9.3,11897
4196.0,1149,46,9.1,11896
4197.1,1149,5,10.3,11883
4198.1,1178,15,10.2,11873
4199.1,1223,35,8.2,11865
4200.1,1194,5,8.7,11864
4201.2,1171,4,10.7,11853
4202.2,1170,17,7.9,11848
4203.2,1170,10,9.4,11844
4204.2,1148,14,9.5,11839
4205.2,1148,50,9.4,11847
4206.3,1147,13,9.6,11884
4207.3,1148,7,9.7,11894
4208.3,1147,36,10.7,11893
4209.3,1147,24,11.4,11860
4210.4,1184,32,11.2,11892
4211.4,1184,57,10.6,11857
4212.4,1191,72,9.8,11863
4213.4,1192,16,10.9,11847
4214.5,1154,20,12.2,11859
4215.5,1154,13,10.5,11836
4216.5,1190,35,10.9,11829
4217.5,1185,17,11.3,11860
4218.6,1185,20,11.0,11892
4219.6,1185,16,10.4,11921
4220.6,1148,84,10.8,11918
4221.7,1154,15,11.0,11902
4222.7,1156,5,10.4,11898
4223.7,1158,14,10.6,11845
4224.8,1156,7,10.4,11924
4225.8,1159,18,10.2,11938
4226.8,1158,8,12.0,11933
4227.8,1159,15,10.9,11946
4228.8,1157,76,10.2,11968
4229.8,1155,2,10.6,11972
4230.9,1156,8,9.9,11988
4231.9,1197,10,11.6,11996
4232.9,1189,71,10.2,12026
4234.0,1151,17,10.6,12051
4235.0,1187,13,10.6,12044
4236.0,1177,30,10.5,12022
4237.0,1148,3,10.1,12011
4238.0,1149,21,9.8,11982
4239.1,1146,3,8.9,12004
4240.1,1140,3,10.4,12003
4241.1,1141,32,9.8,12076
4242.1,1141,14,9.5,12066
4243.2,1142,42,10.3,12063
4244.2,1149,14,11.3,12067
4245.2,1149,42,10.2,12038
4246.2,1149,2,10.2,12049
4247.2,1148,57,9.3,12041
4248.3,1147,7,9.4,12023
4249.3,1143,6,9.5,12027
4250.3,1142,18,9.6,12018
4251.3,1129,17,9.7,12005
4252.4,1129,85,10.3,12002
4253.4,1131,18,10.7,11993
4254.4,1125,5,9.9,11992
4255.4,1124,25,9.9,12013
4256.4,1124,9,9.7,12018
4257.5,1124,16,9.3,12030
4258.5,1124,29,9.7,12040
4259.5,1143,28,9.8,12052
4260.5,1144,16,9.6,12066
4261.6,1142,17,10.6,12069
4262.6,1141,9,10.2,12080
4263.6,1141,15,9.5,12108
4264.6,1141,15,11.2,12088
4265.6,1165,4,11.6,12072
4266.7,1156,2,10.2,12069
4267.7,1127,6,9.5,12088
4268.7,1127,5,10.3,12086
4269.7,1126,2,10.6,12076
4270.7,1182,9,11.4,12070
4271.8,1182,7,10.5,12068
4272.8,1145,3,10.1,12093
4273.8,1147,8,9.6,12122
4274.8,1147,9,9.9,12136
4275.8,1146,2,9.3,12138
4276.9,1125,16,9.3,12126
4277.9,1125,10,10.5,12120
4278.9,1124,12,10.5,12112
4279.9,1146,43,10.4,12096
4281.0,1148,7,10.9,12086
4282.0,1186,12,10.3,12078
4283.0,1212,3,9.8,12070
4284.0,1202,6,10.4,12064
4285.0,1205,7,11.6,12065
4286.1,1206,71,9.9,12094
4287.1,1198,2,9.7,12098
4288.1,1159,3,9.1,12105
4289.1,1196,5,9.9,12128
4290.1,1196,5,8.5,12132
4291.2,1139,2,9.1,12127
4292.2,1176,5,9.4,12111
4293.2,1176,5,10.1,12104
4294.2,1198,9,11.3,12097
4295.3,1198,3,9.4,12024
4296.3,1154,5,9.9,12074
4297.3,1153,10,10.5,12086
4298.3,1147,3,11.0,12115
4299.4,1140,3,9.4,12112
4300.4,1139,3,8.2,12126
4301.4,1139,6,9.7,12116
4302.4,1122,7,10.0,12105
4303.4,1116,5,9.6,12119
4304.5,1116,3,9.3,12178
4305.5,1116,3,8.0,12209
4306.5,1117,4,8.3,12194
4307.5,1116,3,8.2,12210
4308.5,1116,8,7.8,12194
4309.6,1116,6,7.8,12190
4310.6,1116,3,8.6,12186
4311.6,1116,3,9.4,12173
4312.6,1130,10,7.8,12144
4313.6,1295,5,11.7,12136
4314.7,1267,0,5.7,12135
4315.7,1262,0,4.5,12123
4316.7,1260,0,5.8,12122
4317.7,1121,0,5.6,12111
4318.8,1083,0,5.0,12112
4319.8,1083,0,6.7,12121
4320.8,1083,0,4.8,12125
4321.8,1083,0,4.5,12129
4322.9,1083,0,4.4,12148
4323.9,1083,0,6.6,12151
4324.9,1083,0,4.6,12133
4325.9,1083,0,6.4,12138
4327.0,1083,0,5.8,12118
4328.0,1083,0,5.1,12120
4329.0,1083,0,6.4,12122
4330.0,1083,0,5.8,12116
4331.0,1083,0,4.5,12114
4332.1,1083,0,6.0,12121
4333.1,1083,0,4.4,12146
4334.1,1083,0,6.2,12139
4335.1,1083,1,5.4,12157
4336.2,1083,0,7.2,12160
4337.2,1083,0,6.9,12168
4338.2,1083,0,6.2,12147
4339.2,1083,0,7.6,12149
4340.2,1083,0,7.8,12130
4341.3,1083,0,7.7,12126
4342.3,1083,0,8.0,12115
4343.3,1083,0,7.9,12107
4344.3,1083,0,7.8,12095
4345.4,1083,0,6.8,12093
4346.4,1083,0,7.6,12092
4347.4,1083,0,6.8,12095
4348.4,1083,0,7.8,12113
4349.4,1083,0,5.3,12116
4350.5,1083,0,6.8,12127
4351.5,1083,0,5.0,12126
4352.5,1083,0,6.2,12110
4353.5,1083,0,6.8,12140
4354.6,1083,0,4.2,12133
4355.6,1083,0,7.6,12120
4356.6,1083,0,6.7,12111
4357.6,1083,0,5.3,12098
4358.6,1083,0,5.4,12094
4359.7,1083,0,6.3,12115
4360.7,1083,0,4.3,12119
4361.7,1083,0,6.3,12131
4362.7,1083,0,6.7,12134
4363.8,1083,0,6.5,12150
4364.8,1081,0,5.4,12202
4365.8,1081,0,5.5,12192
4366.8,1081,0,6.7,12202
4367.8,1081,0,6.2,12211
4368.9,1081,0,6.0,12226
4369.9,1081,0,6.1,12227
4370.9,1082,0,6.8,12209
4371.9,1082,0,4.5,12207
4373.0,1082,0,7.2,12207
4374.0,1082,0,4.7,12196
4375.0,1082,0,6.5,12186
4376.0,1081,0,4.9,12176
4377.0,1081,0,6.0,12165
4378.1,1081,0,6.1,12158
4379.1,1081,0,5.3,12161
4380.1,1081,0,6.2,12093
4381.1,1081,0,5.2,12149
4382.2,1081,0,6.3,12153
4383.2,1081,0,6.0,12176
4384.2,1081,0,6.1,12208
4385.2,1081,0,6.6,12176
4386.2,1081,0,5.8,12175
4387.3,1081,0,6.9,12185
4388.3,1046,0,6.1,12192
4389.3,1046,0,5.4,12192
4390.3,1046,0,5.6,12200
4391.4,1046,0,6.7,12205
4392.4,1046,0,8.1,12203
4393.4,1046,0,4.9,12207
4394.4,1046,0,7.2,12213
4395.5,1046,0,4.4,12192
4396.5,1046,0,7.5,12202
4397.5,1046,0,5.2,12203
4398.5,1046,0,6.0,12195
4399.6,1046,0,6.4,12170
4400.6,1046,0,6.0,12178
4401.6,1046,0,7.1,12162
4402.6,1046,0,4.8,12159
4403.6,1046,0,6.8,12148
4404.7,1046,0,5.5,12136
4405.7,1046,0,6.7,12133
4406.7,1046,0,5.9,12120
4407.7,1046,0,6.8,12115
4408.8,1046,0,5.2,12105
4409.8,1046,0,7.2,12106
4410.8,1046,0,5.2,12125
4411.8,1046,0,7.4,12138
4412.8,1046,0,5.2,12137
4413.9,1046,0,7.5,12136
4414.9,1046,0,4.6,12161
4415.9,1046,0,7.2,12147
4416.9,1046,0,4.9,12139
4417.9,1046,0,6.6,12130
4419.0,1046,0,5.5,12116
4420.0,1046,0,4.9,12104
4421.0,1046,0,6.5,12114
4422.0,1046,0,5.0,12137
4423.1,1046,0,10.2,12288
4424.1,1046,0,5.2,12313
4425.1,1046,0,7.7,12361
4426.1,1046,0,4.4,12339
4427.1,1046,0,5.3,12323
4428.2,1046,0,8.3,12304
4429.2,1046,0,4.5,12301
4430.2,1046,0,7.1,12308
4431.2,1046,0,6.2,12275
4432.3,1046,0,8.1,12252
4433.3,1046,0,8.2,12267
4434.3,1046,0,5.7,12255
4435.3,1046,0,7.1,12238
4436.3,1046,0,8.1,12256
4437.4,1046,0,6.3,12262
4438.4,1046,0,7.2,12256
4439.4,1046,0,6.8,12257
4440.4,1046,0,6.1,12258
4441.4,1046,0,7.0,12245
4442.5,1046,0,7.0,12244
4443.5,1046,0,7.3,12249
4444.5,1046,0,8.0,12214
4445.5,1046,0,8.0,12140
4446.6,1046,0,8.9,12167
4447.6,1046,0,9.0,12198
4448.6,1046,0,8.5,12183
4449.6,1046,0,7.4,12178
4450.6,1046,0,5.9,12155
4451.7,1046,0,7.7,12144
4452.7,1046,0,7.7,12156
4453.7,1046,0,7.7,12186
4454.7,1046,0,6.1,12194
4455.8,1046,0,7.8,12211
4456.8,1046,0,6.8,12198
4457.8,1046,0,8.3,12188
4458.8,1046,0,6.4,12137
4459.9,1046,0,7.7,12160
4460.9,1046,0,6.5,12190
4461.9,1046,0,6.3,12190
4462.9,1046,0,7.6,12194
4463.9,1046,0,5.4,12196
4465.0,1046,0,5.3,12189
4466.0,1046,0,5.8,12185
4467.0,1046,0,7.8,12179
4468.0,1046,0,5.7,12183
4469.1,1046,0,5.7,12178
4470.1,1046,0,7.0,12189
4471.1,1046,0,4.7,12213
4472.1,1046,0,5.0,12228
4473.1,1046,0,7.3,12232
4474.2,1046,0,5.7,12223
4475.2,1046,0,6.6,12232
4476.2,1046,0,5.2,12209
4477.2,1046,0,6.1,12208
4478.3,1046,0,6.5,12206
4479.3,1046,0,4.5,12191
4480.3,1046,0,6.4,12190
4481.3,1046,0,7.1,12176
4482.3,1046,0,7.7,12169
4483.4,1046,0,8.5,12154
4484.4,1046,0,6.7,12199
4485.4,1046,0,7.0,12231
4486.4,1046,0,7.9,12236
4487.4,1046,0,5.3,12236
4488.5,1046,0,5.3,12220
4489.5,1046,0,7.7,12202
4490.5,1046,0,5.3,12192
4491.5,1046,0,5.7,12136
4492.6,1046,0,8.1,12174
4493.6,1046,0,6.1,12193
4494.6,1046,0,6.8,12212
4495.6,1046,0,6.0,12232
4496.6,1046,0,6.6,12249
4497.7,1046,0,6.7,12245
4498.7,1046,0,6.1,12261
4499.7,1046,0,6.6,12272
4500.7,1046,0,6.1,12300
4501.8,1046,0,7.6,12291
4502.8,1046,0,6.0,12267
4503.8,1046,0,6.7,12269
4504.8,1046,0,5.7,12259
4505.8,1046,0,6.5,12234
4506.9,1046,0,5.7,12222
4507.9,1046,0,5.3,12231
4508.9,1046,0,6.3,12204
4509.9,1046,0,5.8,12202
4511.0,1046,0,5.5,12193
4512.0,1046,0,6.5,12182
4513.0,1046,0,5.5,12174
4514.0,1046,0,5.7,12115
4515.1,1046,0,7.1,12136
4516.1,1046,0,7.8,12176
4517.1,1046,0,7.4,12206
4518.1,1046,0,5.8,12201
4519.1,1046,0,7.2,12241
4520.2,1046,0,6.9,12256
4521.2,1046,0,5.0,12252
4522.2,1046,0,7.6,12255
4523.2,1046,0,7.5,12260
4524.2,1047,0,7.4,12278
4525.3,1047,0,8.0,12268
4526.3,1047,0,8.2,12268
4527.3,1047,0,8.4,12246
4528.3,1047,0,8.0,12239
4529.4,1046,0,6.0,12238
4530.4,1046,0,6.4,12225
4531.4,1046,0,6.0,12220
4532.4,1046,0,6.3,12200
4533.5,1046,0,5.7,12188
4534.5,1046,0,7.8,12186
4535.5,1046,0,6.1,12132
4536.5,1046,0,7.0,12172
4537.5,1046,0,6.8,12194
4538.6,1046,0,8.4,12208
4539.6,1046,0,8.0,12228
4540.6,1046,0,8.2,12245
4541.6,1046,0,8.5,12243
4542.7,1046,0,6.6,12234
4543.7,1046,0,7.3,12244
4544.7,1048,0,5.5,12305
4545.7,1048,0,8.3,12298
4546.7,1047,0,5.9,12303
4547.8,1047,0,6.1,12298
4548.8,1047,0,6.2,12286
4549.8,1047,0,6.9,12273
4550.8,1047,0,7.9,12256
4551.9,1047,0,8.1,12253
4552.9,1047,0,7.4,12245
4553.9,1047,0,8.2,12229
4554.9,1047,0,6.3,12218
4556.0,1047,0,7.5,12224
4557.0,1047,0,6.0,12235
4558.0,1047,0,5.4,12240
4559.0,1047,0,6.9,12247
4560.0,1047,0,5.2,12266
4561.1,1047,0,5.5,12253
4562.1,1047,0,6.8,12239
4563.1,1047,0,5.7,12238
4564.1,1047,0,6.7,12224
4565.2,1047,0,6.4,12210
4566.2,1047,0,7.1,12194
4567.2,1047,0,6.4,12216
4568.2,1047,0,6.4,12226
4569.2,1047,0,6.3,12227
4570.3,1047,0,7.0,12239
4571.3,1046,0,4.9,12244
4572.3,1046,0,6.6,12238
4573.3,1046,0,5.7,12227
4574.4,1046,0,5.1,12221
4575.4,1046,0,5.6,12225
4576.4,1046,0,5.2,12234
4577.4,1046,0,5.3,12256
4578.4,1046,0,5.0,12274
4579.5,1046,0,5.0,12275
4580.5,1046,0,6.6,12252
4581.5,1046,0,6.5,12250
4582.5,1046,0,5.7,12244
4583.6,1046,0,6.5,12232
4584.6,1046,0,6.3,12202
4585.6,1046,0,6.1,12206
4586.6,1046,0,5.8,12207
4587.7,1046,0,6.2,12213
4588.7,1046,0,6.6,12241
4589.7,1046,0,6.5,12257
4590.7,1046,0,5.0,12245
4591.7,1046,0,5.2,12230
4592.8,1046,0,4.9,12223
4593.8,1046,0,7.6,12240
4594.8,1046,0,5.5,12240
4595.8,1046,0,6.0,12259
4596.9,1046,0,5.5,12263
4597.9,1046,0,5.2,12269
4598.9,1046,0,5.7,12265
4599.9,1046,0,5.5,12268
4600.9,1046,0,5.2,12267
4602.0,1046,0,5.3,12243
4603.0,1046,0,7.8,12245
4604.0,1046,0,5.0,12226
4605.0,1046,0,5.1,12255
4606.1,1046,0,5.7,12271
4607.1,1046,0,6.0,12270
4608.1,1046,0,5.2,12283
4609.1,1046,0,6.1,12283
4610.1,1046,0,6.8,12279
4611.2,1046,0,5.9,12280
4612.2,1046,0,6.5,12271
4613.2,1046,0,5.2,12269
4614.2,1046,0,8.0,12282
4615.3,1046,0,5.4,12309
4616.3,1046,0,5.5,12332
4617.3,1046,0,7.5,12320
4618.3,1046,0,5.0,12312
4619.3,1046,0,7.8,12302
4620.4,1046,0,5.1,12295
4621.4,1046,0,5.8,12275
4622.4,1046,0,6.7,12274
4623.4,1046,0,7.0,12273
4624.5,1046,0,5.5,12265
4625.5,1046,0,4.6,12279
4626.5,1046,0,7.5,12272
4627.5,1046,0,5.5,12290
4628.5,1046,0,5.1,12309
4629.6,1046,0,7.2,12304
4630.6,1046,0,5.9,12300
4631.6,1046,0,5.4,12277
4632.6,1046,0,4.6,12264
4633.7,1046,0,7.2,12270
4634.7,1046,0,7.1,12272
4635.7,1046,0,5.0,12254
4636.7,1046,0,5.6,12267
4637.7,1046,0,8.3,12285
4638.8,1046,0,5.4,12304
4639.8,1046,0,5.3,12296
4640.8,1046,0,6.7,12300
4641.8,1046,0,7.3,12287
4642.9,1046,0,5.4,12283
4643.9,1046,0,7.5,12273
4644.9,1046,0,5.1,12261
4645.9,1046,0,4.9,12255
4646.9,1046,0,6.1,12244
4648.0,1046,0,7.4,12236
4649.0,1046,0,4.3,12181
4650.0,1046,0,6.6,12232
4651.0,1046,0,8.0,12247
4652.1,1046,0,6.0,12269
4653.1,1046,0,7.3,12286
4654.1,1046,0,5.6,12311
4655.1,1046,0,5.1,12314
4656.2,1046,0,5.7,12334
4657.2,1046,0,7.1,12315
4658.2,1046,0,5.4,12320
4659.2,1046,0,5.4,12330
4660.2,1046,0,5.2,12327
4661.3,1046,0,6.9,12326
4662.3,1046,0,6.0,12326
4663.3,1046,0,6.1,12320
4664.3,1046,0,6.7,12331
4665.4,1046,0,5.8,12341
4666.4,1046,0,6.2,12364
4667.4,1046,0,7.7,12375
4668.4,1046,0,5.3,12354
4669.4,1046,0,5.2,12372
4670.5,1046,0,7.9,12355
4671.5,1046,0,8.1,12341
4672.5,1046,0,5.3,12328
4673.5,1046,0,6.5,12323
4674.6,1046,0,8.9,12314
4675.6,1046,0,6.8,12310
4676.6,1046,0,6.1,12307
4677.6,1046,0,5.5,12322
4678.6,1046,0,7.0,12318
4679.7,1046,0,5.3,12338
4680.7,1046,0,5.7,12351
4681.7,1046,0,8.6,12343
4682.7,1046,0,6.6,12334
4683.8,1046,0,7.5,12344
4684.8,1046,0,7.8,12339
4685.8,1046,0,7.5,12324
4686.8,1046,0,5.9,12326
4687.8,1046,0,7.0,12331
4688.9,988,0,5.4,12337
4689.9,988,0,7.4,12333
4690.9,988,0,6.2,12335
4691.9,988,0,6.8,12331
4693.0,988,0,5.9,12324
4694.0,988,0,6.7,12308
4695.0,989,0,8.7,12316
4696.0,989,0,8.4,12316
4697.0,989,0,7.3,12332
4698.1,989,0,6.2,12325
4699.1,989,0,7.3,12338
4700.1,989,0,7.7,12351
4701.1,989,0,8.0,12337
4702.2,989,0,9.0,12323
4703.2,989,0,8.4,12321
4704.2,989,0,9.0,12316
4705.2,989,0,7.9,12298
4706.3,989,0,7.6,12302
4707.3,989,0,8.9,12313
4708.3,989,0,9.2,12323
4709.3,989,0,8.8,12329
4710.3,989,0,8.7,12331
4711.4,989,0,7.9,12327
4712.4,989,0,9.6,12312
4713.4,989,0,8.0,12306
4714.4,989,0,9.2,12287
4715.4,989,0,8.8,12309
4716.5,989,0,9.0,12318
4717.5,989,0,8.7,12339
4718.5,989,0,8.7,12342
4719.5,989,0,8.1,12352
4720.6,989,0,8.7,12331
4721.6,989,0,9.7,12333
4722.6,989,0,9.0,12358
4723.6,989,0,9.7,12384
4724.7,989,0,7.6,12422
4725.7,989,0,8.0,12434
4726.7,989,0,7.5,12439
4727.7,989,0,8.5,12465
4728.7,989,0,6.5,12466
4729.8,989,0,8.3,12467
4730.8,989,0,8.2,12459
4731.8,989,0,9.1,12444
4732.8,989,0,7.6,12427
4733.9,989,0,7.7,12423
4734.9,989,0,7.6,12429
4735.9,989,0,7.1,12440
4736.9,989,0,7.3,12464
4737.9,989,0,5.8,12462
4739.0,989,0,5.6,12464
4740.0,989,0,5.7,12443
4741.0,989,0,6.9,12442
4742.0,989,0,6.3,12432
4743.1,989,0,7.3,12417
4744.1,989,0,7.2,12409
4745.1,989,0,7.2,12388
4746.1,989,0,7.4,12384
4747.2,989,0,7.5,12452
4748.2,989,0,6.3,12459
4749.2,989,0,6.9,12461
4750.2,989,0,6.7,12445
4751.2,989,0,5.9,12425
4752.3,989,0,5.5,12417
4753.3,989,0,6.7,12345
4754.3,989,0,6.1,12394
4755.3,989,0,5.6,12411
4756.4,989,0,6.7,12420
4757.4,989,0,5.7,12428
4758.4,989,0,6.4,12431
4759.4,989,0,6.2,12452
4760.5,989,0,5.5,12470
4761.5,989,0,7.0,12468
4762.5,989,0,5.1,12464
4763.5,989,0,7.3,12468
4764.5,989,0,5.8,12462
4765.6,989,0,7.2,12471
4766.6,989,0,6.8,12466
4767.6,989,0,6.9,12456
4768.6,989,0,6.6,12438
4769.7,989,0,6.8,12428
4770.7,989,0,6.8,12423
4771.7,989,0,7.5,12418
4772.7,989,0,7.8,12412
4773.7,989,0,7.5,12422
4774.8,989,0,8.0,12455
4775.8,989,0,7.4,12461
4776.8,989,0,8.1,12463
4777.8,989,0,6.9,12448
4778.9,989,0,7.9,12464
4779.9,989,0,7.8,12482
4780.9,989,0,7.4,12475
4781.9,989,0,7.1,12480
4782.9,989,0,8.0,12501
4784.0,989,0,7.3,12494
4785.0,989,0,8.2,12505
4786.0,989,0,7.9,12523
4787.0,989,0,6.3,12557
4788.1,989,0,7.0,12554
4789.1,989,0,6.6,12543
4790.1,989,0,6.2,12519
4791.1,989,0,6.5,12506
4792.1,989,0,7.3,12498
4793.2,989,0,7.7,12476
4794.2,989,0,7.6,12470
4795.2,989,0,6.9,12472
4796.2,989,0,7.3,12470
4797.3,989,0,7.2,12472
4798.3,989,0,6.4,12485
4799.3,989,0,6.4,12495
4800.3,989,0,6.5,12498
4801.3,989,0,6.6,12493
4802.4,989,0,6.4,12479
4803.4,989,0,6.2,12476
4804.4,989,0,6.3,12447
4805.4,989,0,6.1,12442
4806.4,989,0,5.3,12443
4807.5,989,0,6.6,12442
4808.5,989,0,5.4,12450
4809.5,989,0,6.2,12476
4810.5,989,0,6.7,12489
4811.6,989,0,5.9,12476
4812.6,989,0,6.9,12475
4813.6,989,0,5.4,12460
4814.6,989,0,6.4,12457
4815.7,989,0,5.7,12467
4816.7,989,0,6.4,12476
4817.7,989,0,5.2,12504
4818.7,989,0,5.7,12502
4819.7,989,0,6.6,12494
4820.8,989,0,5.0,12476
4821.8,989,0,5.3,12475
4822.8,989,0,6.2,12466
4823.8,989,0,5.7,12484
4824.9,989,0,5.3,12490
4825.9,989,0,6.1,12521
4826.9,989,0,5.4,12521
4827.9,989,0,5.8,12505
4828.9,989,0,6.0,12482
4830.0,989,0,6.0,12475
4831.0,989,0,5.4,12463
4832.0,989,0,6.8,12453
4833.0,989,0,5.9,12450
4834.1,989,0,5.9,12462
4835.1,989,0,5.2,12464
4836.1,989,0,5.2,12466
4837.1,989,0,5.7,12468
4838.1,989,0,6.0,12476
4839.2,989,0,5.2,12469
4840.2,989,0,6.2,12409
4841.2,989,0,5.4,12428
4842.2,989,0,5.5,12421
4843.3,989,0,5.8,12417
4844.3,989,0,6.1,12401
4845.3,952,0,6.0,12461
4846.3,952,0,5.2,12460
4847.3,951,0,5.6,12461
4848.4,951,0,5.3,12468
4849.4,951,0,5.5,12466
4850.4,951,0,5.6,12443
4851.4,951,0,5.3,12453
4852.5,951,0,5.4,12449
4853.5,951,0,6.0,12456
4854.5,951,0,5.3,12466
4855.5,951,0,5.2,12471
4856.5,951,0,5.4,12488
4857.6,951,0,5.8,12506
4858.6,951,0,5.3,12506
4859.6,951,0,5.4,12502
4860.6,951,0,5.5,12517
4861.6,951,0,6.0,12487
4862.7,951,0,5.6,12501
4863.7,951,0,5.8,12508
4864.7,951,0,5.1,12489
4865.7,951,0,5.7,12490
4866.8,951,0,5.0,12484
4867.8,951,0,4.9,12469
4868.8,951,0,5.3,12455
4869.8,951,0,6.0,12447
4870.8,951,0,5.3,12436
4871.9,951,0,5.4,12417
4872.9,951,0,5.4,12415
4873.9,951,0,5.4,12418
4874.9,953,0,5.5,12444
4876.0,953,0,5.3,12455
4877.0,953,0,5.2,12461
4878.0,953,0,6.0,12463
4879.0,953,0,5.5,12449
4880.0,953,0,5.4,12437
4881.1,953,0,5.5,12440
4882.1,953,0,5.1,12430
4883.1,953,0,5.6,12440
4884.1,953,0,5.8,12459
4885.2,953,0,5.2,12469
4886.2,953,0,5.5,12470
4887.2,953,0,5.3,12472
4888.2,953,0,5.6,12461
4889.2,953,0,5.3,12454
4890.3,953,0,5.7,12435
4891.3,953,0,5.6,12439
4892.3,953,0,5.4,12463
4893.3,953,0,5.7,12474
4894.4,953,0,5.1,12484
4895.4,953,0,5.3,12502
4896.4,953,0,5.6,12495
4897.4,953,0,6.0,12479
4898.5,953,0,4.6,12470
4899.5,953,0,5.2,12458
4900.5,953,0,5.4,12446
4901.5,953,0,4.8,12440
4902.5,953,0,5.5,12431
4903.6,953,0,5.1,12434
4904.6,953,0,5.1,12501
4905.6,953,0,5.1,12506
4906.6,953,0,5.3,12497
4907.7,953,0,5.9,12484
4908.7,953,0,5.5,12476
4909.7,953,0,5.3,12481
4910.7,953,0,5.6,12488
4911.7,953,0,4.6,12490
4912.8,953,0,5.0,12506
4913.8,953,0,5.3,12534
4914.8,953,0,5.3,12523
4915.8,953,0,5.7,12512
4916.9,953,0,5.2,12507
4917.9,953,0,5.4,12494
4918.9,953,0,4.9,12480
4919.9,953,0,4.5,12482
4920.9,953,0,5.1,12491
4922.0,953,0,5.0,12488
4923.0,946,100,7.8,12503
4924.0,946,0,5.1,12527
4925.0,944,0,5.9,12524
4926.0,943,0,5.3,12507
4927.1,943,0,5.1,12496
4928.1,942,0,4.7,12489
4929.1,942,0,5.4,12481
4930.1,942,0,4.8,12493
4931.2,942,0,5.2,12497
4932.2,942,0,5.1,12521
4933.2,942,0,5.4,12527
4934.2,942,0,9.5,12504
4935.3,998,0,6.9,12529
4936.4,997,3,6.3,12518
4937.4,997,8,6.3,12511
4938.4,1007,11,7.8,12493
4939.4,1313,10,12.9,12519
4940.5,1322,53,10.7,12539
4941.5,1271,11,7.9,12534
4942.5,1309,20,8.8,12548
4943.5,1269,22,7.4,12533
4944.6,1087,6,7.5,12532
4945.6,1091,74,8.5,12536
4946.6,1081,21,8.0,12565
4947.6,1089,32,11.3,12633
4948.7,1088,34,8.6,12690
4949.7,1087,5,9.7,12709
4950.7,1090,16,11.4,12702
4951.7,1087,35,10.3,12702
4952.7,1087,18,12.3,12730
4953.8,1106,37,11.8,12770
4954.8,1106,73,7.1,12774
4955.8,1107,14,7.8,12769
4956.8,1108,70,8.8,12754
4957.9,1107,6,10.9,12782
4958.9,1098,29,10.2,12807
4959.9,1095,33,10.4,12814
4960.9,1095,41,12.0,12836
4961.9,1080,29,7.7,12825
4963.0,1080,6,7.5,12812
4964.0,1080,3,6.6,12805
4965.0,1077,73,8.3,12824
4966.0,1074,4,7.0,12855
4967.1,1137,3,7.2,12842
4968.1,1136,39,7.3,12859
4969.1,1137,16,7.8,12813
4970.1,1145,6,8.1,12794
4971.2,1148,5,7.9,12792
4972.2,1151,9,8.5,12804
4973.2,1146,17,7.8,12814
4974.2,1141,38,7.2,12811
4975.3,1146,36,8.9,12795
4976.3,1146,7,8.7,12784
4977.3,1141,66,7.0,12776
4978.3,1137,3,6.6,12786
4979.3,1137,8,6.8,12782
4980.4,1144,82,7.6,12789
4981.4,1139,23,7.7,12803
4982.4,1139,3,6.6,12813
4983.4,1139,33,7.5,12825
4984.5,1139,15,7.2,12807
4985.5,1138,2,7.2,12792
4986.5,1139,8,7.3,12794
4987.5,1139,21,7.2,12788
4988.5,1137,2,7.8,12780
4989.6,1138,8,7.6,12753
4990.6,1138,13,7.6,12743
4991.6,1138,3,7.3,12737
4992.6,1138,4,6.9,12728
4993.6,1137,7,8.1,12728
4994.7,1146,11,7.0,12734
4995.7,1159,39,7.7,12749
4996.7,1158,6,7.4,12767
4997.7,1152,47,7.9,12790
4998.8,1154,4,8.0,12787
4999.8,1142,2,7.0,12774
5000.8,1142,15,7.4,12771
5001.8,1142,9,8.0,12814
5002.8,1136,15,8.0,12846
5003.9,1307,13,9.4,12831
5004.9,1308,2,6.8,12821
5005.9,1301,31,6.5,12800
5006.9,1307,6,8.0,12796
5007.9,1208,22,8.3,12796
5009.0,1205,9,8.1,12783
5010.0,1226,3,14.6,12749
5011.0,1237,16,11.5,12755
5012.0,1238,6,9.1,12758
5013.0,1229,7,11.3,12751
5014.1,1227,6,7.1,12768
5015.1,1159,19,8.2,12780
5016.1,1143,81,9.7,12797
5017.1,1148,2,11.4,12806
5018.1,1148,4,6.9,12794
5019.2,1152,6,7.8,12794
5020.2,1150,60,7.5,12778
5021.2,1148,20,8.3,12761
5022.2,1138,2,7.9,12750
5023.3,1137,14,7.6,12740
5024.3,1137,17,10.2,12905
5025.3,1134,3,7.9,12931
5026.3,1133,8,6.9,12906
5027.3,1133,11,7.1,12919
5028.4,1133,15,7.2,12910
5029.4,1130,15,6.9,12887
5030.4,1130,17,6.6,12903
5031.4,1130,24,7.0,12886
5032.5,1130,17,8.2,12852
5033.5,1130,17,8.1,12844
5034.5,1130,23,6.5,12851
5035.5,1130,14,6.8,12839
5036.6,1130,17,7.0,12835
5037.6,1130,32,7.3,12817
5038.6,1130,17,6.8,12804
5039.6,1130,17,7.2,12796
5040.7,1130,27,6.7,12793
5041.7,1130,17,7.3,12779
5042.7,1130,28,6.9,12785
5043.7,1130,16,7.0,12796
5044.8,1130,17,7.1,12786
5045.8,1130,25,7.7,12767
5046.8,1130,17,7.2,12777
5047.8,1130,13,7.4,12770
5048.9,1141,26,7.3,12779
5049.9,1201,19,9.9,12807
5050.9,1210,5,7.8,12808
5052.0,1213,5,8.3,12826
5053.0,1221,27,8.2,12836
5054.0,1225,21,7.3,12844
5055.0,1218,58,7.9,12835
5056.0,1218,8,7.1,12831
5057.1,1218,8,7.5,12823
5058.1,1220,90,8.5,12862
5059.1,1235,16,11.0,12863
5060.1,1214,15,8.0,12870
5061.1,1187,27,9.9,12898
5062.2,1177,27,9.1,12912
5063.2,1193,33,9.3,12953
5064.2,1183,8,7.7,12964
5065.2,1180,9,6.8,12962
5066.2,1179,8,7.7,12944
5067.3,1179,17,6.4,12933
5068.3,1161,9,7.6,12920
5069.3,1161,17,7.4,12872
5070.3,1155,16,7.8,12835
5071.4,1155,56,8.3,12824
5072.4,1155,8,7.5,12808
5073.4,1155,17,7.4,12802
5074.4,1157,46,7.6,12800
5075.5,1157,2,6.3,12810
5076.5,1160,2,7.8,12821
5077.5,1177,31,8.6,12812
5078.5,1169,22,6.9,12795
5079.6,1168,72,7.9,12787
5080.6,1176,22,10.0,12778
5081.6,1179,19,9.7,12777
5082.6,1169,10,7.0,12766
5083.6,1167,9,6.9,12769
5084.7,1167,13,7.6,12810
5085.7,1149,19,8.9,12830
5086.7,1148,8,6.5,12838
5087.8,1148,16,7.9,12830
5088.8,1158,35,9.3,12868
5089.8,1162,15,10.2,12868
5090.8,1159,17,9.5,12891
5091.8,1158,4,6.5,12892
5092.9,1157,71,6.9,12875
5093.9,1154,17,7.8,12863
5094.9,1152,17,8.5,12849
5095.9,1146,4,7.8,12849
5097.0,1176,41,16.2,12800
5098.0,1179,8,7.3,12846
5099.0,1179,19,7.8,12836
5100.0,1177,7,6.9,12863
5101.0,1177,12,7.0,12886
5102.1,1153,9,7.9,12904
5103.1,1153,14,7.1,12929
5104.1,1148,2,7.6,12914
5105.1,1144,2,7.4,12878
5106.2,1152,14,8.0,12890
5107.2,1233,0,8.9,12931
5108.2,1225,29,7.2,12928
5109.2,1231,21,7.6,12929
5110.2,1226,3,7.9,12927
5111.3,1226,8,6.7,12923
5112.3,1226,69,7.8,12897
5113.3,1225,3,7.6,12879
5114.3,1307,19,8.2,12881
5115.4,1260,15,9.4,12875
5116.4,1268,14,7.0,12866
5117.4,1270,3,7.9,12852
5118.4,1269,55,8.6,12841
5119.5,1328,73,7.8,12838
5120.5,1309,5,7.8,12837
5121.5,1307,15,6.7,12847
5122.5,1300,6,9.3,12839
5123.6,1308,14,9.9,12865
5124.6,1303,1,7.7,12867
5125.6,1268,73,9.3,12865
5126.6,1267,22,8.7,12819
5127.6,1298,4,9.5,12835
5128.7,1298,76,8.1,12826
5129.7,1320,6,8.9,12918
5130.7,1330,20,8.7,12943
5131.7,1317,33,8.7,12949
5132.8,1313,27,9.1,12961
5133.8,1313,9,8.8,12974
5134.8,1282,25,8.4,12979
5135.8,1277,7,7.1,12972
5136.8,1275,2,7.6,12970
5137.9,1318,15,9.3,12815
5138.9,1318,25,8.2,12812
5139.9,1283,10,7.2,12814
5140.9,1282,10,7.6,12827
5142.0,1283,68,9.6,12882
5143.0,1265,2,7.4,12883
5144.0,1266,7,7.9,12879
5145.0,1258,11,7.8,12874
5146.0,1257,12,7.4,12866
5147.1,1244,16,8.1,12843
5148.1,1242,17,8.7,12843
5149.1,1242,11,7.3,12835
5150.1,1240,16,6.8,12826
5151.2,1240,17,8.4,12811
5152.2,1240,12,8.4,12803
5153.2,1240,17,9.2,12784
5154.2,1240,16,9.0,12786
5155.3,1254,10,9.9,12779
5156.3,1258,17,10.2,12788
5157.3,1286,6,9.6,12808
5158.3,1285,2,9.8,12816
5159.3,1257,8,9.2,12827
5160.4,1250,63,8.5,12829
5161.4,1249,2,7.9,12825
5162.4,1249,4,8.5,12809
5163.4,1249,3,6.9,12801
5164.5,1246,3,7.7,12783
5165.5,1246,6,9.2,12784
5166.5,1245,6,7.9,12788
5167.5,1245,3,7.3,12816
5168.5,1245,3,9.0,12827
5169.6,1243,5,8.1,12832
5170.6,1243,3,8.1,12836
5171.6,1243,3,7.3,12823
5172.6,1243,3,8.1,12824
5173.6,1243,3,7.8,12816
5174.7,1245,5,8.2,12809
5175.7,1245,3,7.1,12795
5176.7,1241,5,8.7,12774
5177.7,1240,3,7.7,12768
5178.7,1240,3,7.3,12775
5179.8,1259,9,8.7,12784
5180.8,1266,10,8.3,12799
5181.8,1265,0,8.1,12791
5182.8,1264,12,6.6,12805
5183.9,1266,27,7.9,12801
5184.9,1249,26,6.9,12811
5185.9,1241,15,8.2,12799
5186.9,1242,9,7.1,12783
5188.0,1242,9,8.6,12779
5189.0,1251,20,7.3,12775
5190.0,1266,19,7.9,12804
5191.0,1264,16,9.9,12821
5192.1,1259,23,6.9,12815
5193.1,1259,0,9.0,12876
5194.1,1259,0,13.0,12896
5195.1,1527,13,12.5,12895
5196.1,1526,5,7.5,12863
5197.2,1504,5,8.7,12867
5198.2,1502,14,7.1,12845
5199.2,1502,16,6.5,12851
5200.2,1324,18,9.5,12829
5201.2,1334,20,7.9,12826
5202.3,1350,21,11.4,12818
5203.3,1350,5,9.3,12810
5204.3,1349,6,8.6,12804
5205.3,1286,9,8.7,12856
5206.4,1286,37,8.2,12859
5207.4,1286,24,6.8,12870
5208.4,1267,12,6.9,12868
5209.4,1267,36,7.3,12856
5210.4,1267,34,8.7,12844
5211.5,1267,39,6.8,12838
5212.5,1267,44,7.3,12831
5213.5,1267,42,8.9,12830
5214.6,1267,35,8.3,12846
5215.6,1267,36,8.0,12862
5216.6,1267,44,9.2,12862
5217.6,1267,49,7.8,12877
5218.7,1267,68,8.8,12877
5219.7,1267,12,7.0,12868
5220.7,1267,48,8.5,12865
5221.8,1267,18,8.2,12860
5222.8,1267,22,10.0,12857
5223.8,1267,5,8.6,12866
5224.8,1267,11,7.9,12856
5225.8,1267,38,7.7,12849
5226.9,1267,32,8.1,12854
5227.9,1267,8,8.9,12849
5228.9,1267,8,7.7,12866
5230.0,1267,17,8.3,12871
5231.0,1267,30,7.2,12866
5232.0,1267,9,7.7,12853
5233.0,1267,11,14.0,12675
5234.1,1266,33,8.7,12665
5235.1,1266,18,8.0,12682
5236.1,1266,15,7.7,12688
5237.1,1266,12,8.5,12685
5238.2,1266,8,7.9,12692
5239.2,1266,22,10.1,12675
5240.2,1266,12,7.1,12695
5241.2,1266,19,8.8,12731
5242.3,1266,3,6.9,12718
5243.3,1266,30,7.8,12694
5244.3,1266,8,8.4,12686
5245.3,1266,54,8.5,12674
5246.4,1266,4,7.1,12669
5247.4,1266,8,8.7,12657
5248.4,1266,30,7.2,12648
5249.4,1266,14,9.9,12633
5250.5,1266,39,6.9,12635
5251.5,1293,16,10.5,12679
5252.5,1293,18,8.9,12692
5253.5,1292,19,9.5,12708
5254.5,1291,40,7.3,12703
5255.6,1291,22,8.5,12722
5256.6,1263,21,8.5,12722
5257.6,1263,76,7.2,12723
5258.6,1263,8,8.7,12730
5259.7,1263,20,9.5,12746
5260.7,1263,40,6.8,12761
5261.7,1263,19,7.4,12763
5262.8,1263,19,9.0,12751
5263.8,1263,25,7.6,12741
5264.8,1263,20,7.0,12767
5265.8,1343,18,10.3,12791
5266.8,1343,14,11.6,12799
5267.9,1311,31,6.8,12791
5268.9,1315,22,10.1,12797
5269.9,1320,18,7.9,12782
5270.9,1303,21,7.3,12775
5271.9,1303,16,6.7,12770
5273.0,1304,35,9.2,12764
5274.0,1295,27,7.8,12786
5275.0,1300,26,7.9,12791
5276.0,1299,27,9.1,12759
5277.0,1320,29,9.0,12774
5278.1,1320,14,8.1,12778
5279.1,1358,16,9.5,12786
5280.1,1359,27,8.1,12793
5281.1,1325,9,7.2,12776
5282.2,1319,10,12.0,12755
5283.2,1320,23,9.1,12751
5284.2,1319,8,8.8,12736
5285.2,1319,20,11.2,12727
5286.3,1325,11,11.0,12731
5287.3,1322,30,7.5,12736
5288.3,1319,10,10.8,12768
5289.3,1319,18,7.8,12798
5290.4,1328,18,12.3,12789
5291.4,1358,10,8.5,12768
5292.4,1367,4,7.8,12763
5293.4,1363,47,9.2,12755
5294.4,1359,19,8.3,12749
5295.5,1352,8,8.9,12771
5296.5,1355,21,10.9,12829
5297.5,1349,60,8.7,12815
5298.5,1348,15,7.8,12815
5299.5,1336,5,9.8,12806
5300.6,1325,4,7.7,12793
5301.6,1319,19,7.7,12782
5302.6,1318,14,10.4,12780
5303.6,1318,35,10.0,12783
5304.7,1318,11,8.6,12787
5305.7,1357,5,11.5,12804
5306.7,1377,22,12.7,12956
5307.7,1387,29,10.5,13048
5308.7,1369,33,11.6,13041
5309.8,1371,13,8.0,13054
5310.8,1365,7,9.1,13047
5311.8,1368,57,8.1,13040
5312.8,1361,41,9.1,13022
5313.8,1365,6,11.4,13004
5314.9,1358,4,8.2,12978
5315.9,1358,13,8.1,12977
5316.9,1351,6,10.8,12973
5317.9,1328,4,7.8,12970
5319.0,1326,17,7.5,12974
5320.0,1328,5,8.0,12975
5321.0,1328,3,9.1,12976
5322.0,1328,2,7.8,12989
5323.1,1323,4,8.2,13008
5324.1,1328,6,8.6,12991
5325.1,1328,11,12.3,13006
5326.1,1327,21,8.5,13004
5327.1,1328,24,9.0,13012
5328.2,1327,15,9.1,13034
5329.2,1326,22,9.0,13021
5330.2,1325,4,7.6,13046
5331.2,1325,4,8.2,13041
5332.3,1325,7,11.0,13042
5333.3,1325,20,7.2,13031
5334.3,1325,33,7.6,13017
5335.3,1326,13,9.0,13012
5336.3,1326,2,8.4,12913
5337.4,1325,2,6.9,12901
5338.4,1326,19,10.1,12908
5339.4,1354,8,8.4,12906
5340.4,1354,14,7.8,12904
5341.5,1362,6,8.6,12907
5342.5,1362,3,7.9,12891
5343.5,1328,5,7.1,12893
5344.5,1328,14,10.1,12836
5345.5,1364,7,7.1,12818
5346.6,1364,3,8.0,12830
5347.6,1364,14,10.1,12849
5348.6,1364,13,10.4,12836
5349.6,1364,3,7.2,12831
5350.6,1362,20,8.2,12822
5351.7,1362,22,9.6,12819
5352.7,1362,32,9.8,12804
5353.7,1362,14,7.4,12803
5354.8,1362,36,7.7,12825
5355.8,1326,2,9.1,12825
5356.8,1328,32,7.6,12821
5357.8,1365,6,7.5,12822
5358.8,1331,5,8.5,12836
5359.9,1329,2,10.4,12836
5360.9,1328,12,8.7,12825
5361.9,1327,11,7.7,12816
5362.9,1327,19,7.9,12794
5364.0,1326,5,10.4,12788
5365.0,1326,9,8.0,12775
5366.0,1328,74,7.4,12779
5367.0,1328,14,7.4,12795
5368.1,1327,5,10.5,12823
5369.1,1326,5,7.8,12835
5370.1,1322,14,7.2,12821
5371.1,1322,14,9.9,12824
5372.2,1321,4,7.1,12815
5373.2,1321,5,7.8,12830
5374.2,1321,5,9.0,12831
5375.2,1330,21,7.7,12848
5376.2,1330,7,9.7,12850
5377.3,1328,6,8.0,12852
5378.3,1327,3,6.9,12846
5379.3,1327,0,9.4,12839
5380.3,1325,1,7.8,12850
5381.3,1324,1,11.1,12871
5382.4,1328,7,8.9,12881
5383.4,1327,22,10.0,12875
5384.4,1327,24,8.3,12910
5385.4,1326,17,8.1,12897
5386.5,1326,7,11.7,12883
5387.5,1324,14,7.6,12872
5388.5,1324,8,7.1,12856
5389.5,1324,4,10.2,12854
5390.6,1324,4,8.4,12848
5391.6,1324,8,7.1,12844
5392.6,1360,21,10.2,12836
5393.6,1360,15,9.3,12844
5394.6,1324,6,7.1,12845
5395.7,1324,4,9.0,12851
5396.7,1324,15,9.1,12850
5397.7,1324,51,7.5,12865
5398.8,1324,14,8.2,12874
5399.8,1324,12,9.2,12863
5400.8,1333,38,7.8,12838
5401.8,1333,8,7.7,12826
5402.9,1330,20,7.8,12823
5403.9,1330,5,7.3,12828
5404.9,1334,5,6.9,12815
5405.9,1330,33,10.1,12827
5406.9,1375,66,9.4,12854
5408.0,1367,3,9.3,12849
5409.0,1337,15,9.4,12884
5410.0,1336,19,6.7,12882
5411.0,1336,22,8.6,12891
5412.0,1330,2,7.3,12895
5413.1,1326,3,7.5,12915
5414.1,1325,7,8.7,12893
5415.1,1321,9,8.0,12888
5416.1,1320,18,7.0,12903
5417.1,1320,24,7.5,12901
5418.2,1320,6,7.8,12911
5419.2,1320,4,7.2,12908
5420.2,1317,7,9.2,12881
5421.2,1317,7,6.8,12888
5422.2,1317,17,8.0,12878
5423.3,1317,14,7.4,12869
5424.3,1317,5,6.7,12854
5425.3,1317,5,8.4,12858
5426.3,1317,7,8.8,12850
5427.4,1317,7,9.0,12845
5428.4,1318,18,9.2,12822
5429.4,1318,14,9.9,12824
5430.4,1317,5,8.9,12822
5431.4,1317,5,9.3,12820
5432.5,1317,6,9.5,12829
5433.5,1317,7,9.0,12847
5434.5,1318,10,9.2,12848
5435.5,1318,19,8.4,12878
5436.6,1317,16,8.3,12886
5437.6,1317,4,8.9,12884
5438.6,1317,4,8.9,12879
5439.6,1317,9,8.9,12867
5440.6,1317,19,9.0,12862
5441.7,1317,6,9.1,12851
5442.7,1317,5,9.0,12848
5443.7,1317,18,9.6,12844
5444.7,1235,5,7.8,12958
5445.8,1235,5,8.7,12950
5446.8,1235,19,8.6,12948
5447.8,1235,5,7.2,12955
5448.8,1235,18,8.0,12971
5449.8,1234,5,8.7,12979
5450.9,1234,5,8.3,13001
5451.9,1234,18,7.4,13006
5452.9,1234,5,7.5,13005
5453.9,1234,5,7.9,13000
5454.9,1234,19,8.2,12993
5456.0,1234,5,7.4,12974
5457.0,1234,5,8.6,12974
5458.0,1234,3,7.0,12965
5459.0,1234,3,7.0,12955
5460.1,1230,7,7.6,12949
5461.1,1230,8,8.5,12974
5462.1,1230,8,7.9,13000
5463.1,1230,6,7.7,13003
5464.2,1230,3,6.8,13021
5465.2,1230,3,8.1,13005
5466.2,1230,7,6.8,13018
5467.2,1230,6,7.7,12997
5468.2,1230,3,7.3,12995
5469.3,1230,3,7.4,12987
5470.3,1230,5,7.0,12980
5471.3,1230,3,7.1,12972
5472.3,1230,3,8.0,12973
5473.3,1230,5,7.0,12980
5474.4,1232,3,6.8,12981
5475.4,1232,3,8.3,12991
5476.4,1232,5,7.7,13011
5477.4,1229,3,7.2,13004
5478.4,1229,3,6.9,12995
5479.5,1229,4,8.7,12992
5480.5,1229,3,7.1,12977
5481.5,1229,6,7.5,12956
5482.5,1229,3,6.9,12950
5483.6,1229,3,6.9,12951
5484.6,1229,6,7.8,12941
5485.6,1229,5,7.4,12958
5486.6,1229,3,6.9,12973
5487.7,1229,3,6.9,12970
5488.7,1229,3,8.1,12966
5489.7,1229,3,7.0,12978
5490.7,1229,6,7.2,12975
5491.7,1229,7,6.5,12973
5492.8,1229,5,7.0,12963
5493.8,1229,3,8.1,12958
5494.8,1229,3,6.9,12946
5495.8,1229,5,6.8,12937
5496.8,1229,8,6.8,12948
5497.9,1229,5,7.7,12970
5498.9,1229,3,6.6,12984
5499.9,1229,3,7.3,12978
5500.9,1229,4,7.1,12966
5502.0,1229,5,8.8,12961
5503.0,1229,6,6.6,12958
5504.0,1229,3,6.7,12949
5505.0,1229,3,7.3,13003
5506.0,1229,6,6.5,12998
5507.1,1229,4,8.3,12998
5508.1,1229,3,7.3,13005
5509.1,1229,6,6.9,13010
5510.1,1229,3,6.9,13006
5511.2,1229,3,7.2,12996
5512.2,1229,6,9.2,12983
5513.2,1229,5,7.1,12984
5514.2,1229,3,6.7,13008
5515.2,1229,3,7.0,13021
5516.3,1229,4,8.6,13035
5517.3,1229,4,7.1,13029
5518.3,1229,7,6.5,13027
5519.3,1229,1,6.8,13016
5520.3,1229,1,7.5,13004
5521.4,1229,2,7.5,12979
5522.4,1229,4,7.7,12988
5523.4,1229,5,10.1,13000
5524.4,1229,7,7.3,12977
5525.5,1229,3,7.9,12996
5526.5,1229,3,7.5,12998
5527.5,1229,6,9.1,13098
5528.5,1229,4,13.3,13115
5529.6,1229,3,10.6,13091
5530.6,1229,6,11.8,13081
5531.6,1228,11,13.3,13053
5532.6,1235,5,12.0,13039
5533.7,1234,6,7.7,13053
5534.7,1234,5,7.9,13071
5535.7,1234,3,7.0,13093
5536.7,1234,5,7.6,13106
5537.7,1232,3,8.3,13113
5538.8,1232,3,7.4,13113
5539.8,1232,4,6.6,13104
5540.8,1232,4,7.0,13095
5541.8,1232,7,7.1,13069
5542.9,1232,5,7.0,13054
5543.9,1232,3,8.3,13054
5544.9,1232,3,7.5,13060
5545.9,1232,5,7.1,13040
5546.9,1232,5,7.2,13023
5548.0,1232,6,7.3,13006
5549.0,1232,3,6.9,12995
5550.0,1232,1,8.4,12995
5551.0,1232,6,7.4,12987
5552.1,1232,5,6.7,13002
5553.1,1232,3,6.9,13003
5554.1,1232,6,6.9,12996
5555.1,1232,3,7.2,12982
5556.1,1232,3,9.3,12964
5557.2,1232,6,6.8,12958
5558.2,1232,4,6.9,12962
5559.2,1232,3,7.2,12937
5560.2,1232,6,7.5,12936
5561.2,1232,4,6.4,12925
5562.3,1232,3,6.5,12924
5563.3,1228,6,8.3,12951
5564.3,1228,3,7.4,12961
5565.3,1228,0,7.6,13000
5566.4,1228,6,6.8,12991
5567.4,1228,4,7.2,12996
5568.4,1228,3,6.9,13004
5569.4,1228,6,6.8,12993
5570.4,1228,5,7.0,12991
5571.5,1228,3,8.5,13005
5572.5,1228,6,7.3,12999
5573.5,1228,4,7.0,12994
5574.5,1228,3,6.6,12990
5575.6,1228,6,6.7,12990
5576.6,1231,3,6.6,12986
5577.6,1231,3,6.9,12975
5578.6,1230,6,7.3,12975
5579.7,1230,4,8.0,12964
5580.7,1230,3,6.3,12963
5581.7,1230,6,6.8,12973
5582.7,1230,4,7.7,12986
5583.7,1230,0,6.2,12980
5584.8,1230,1,6.5,12987
5585.8,1230,1,6.2,12983
5586.8,1230,2,6.5,12982
5587.8,1230,6,6.7,12957
5588.8,1230,3,6.8,12966
5589.9,1130,6,7.1,12964
5590.9,1130,3,7.4,12951
5591.9,1130,3,6.6,12942
5592.9,1130,6,6.4,12932
5594.0,1130,3,7.1,12928
5595.0,1132,3,6.1,12920
5596.0,1128,5,7.4,12921
5597.0,1128,3,6.1,12890
5598.0,1128,3,6.0,12889
5599.1,1128,4,6.8,12885
5600.1,1128,5,6.6,12890
5601.1,1128,3,6.8,12895
5602.1,1128,5,6.9,12899
5603.1,1128,3,6.8,12899
5604.2,1128,3,6.3,12901
5605.2,1128,6,6.7,12915
5606.2,1128,3,6.6,12911
5607.2,1128,3,8.4,12911
5608.3,1128,5,6.4,12912
5609.3,1128,3,6.3,12898
5610.3,1128,3,7.3,12884
5611.3,1128,0,6.5,12879
5612.3,1147,37,7.3,12883
5613.4,1147,3,5.9,12897
5614.4,1150,10,6.3,12910
5615.4,1149,9,7.4,12910
5616.4,1149,62,6.8,12913
5617.4,1144,55,6.6,12933
5618.5,1198,18,7.7,12933
5619.5,1202,48,7.7,12923
5620.5,1201,9,6.5,12939
5621.5,1201,33,6.5,12940
5622.6,1197,21,7.9,12946
5623.6,1193,40,6.3,12963
5624.6,1179,29,8.5,13134
5625.7,1200,33,7.3,13126
5626.7,1191,3,6.7,13109
5627.7,1163,3,7.5,13113
5628.7,1210,7,6.9,13126
5629.7,1212,38,7.4,13107
5630.8,1212,16,5.9,13105
5631.8,1191,5,7.7,13094
5632.8,1190,20,7.5,13090
5633.8,1187,6,7.1,13092
5634.9,1191,40,6.3,13098
5635.9,1206,22,7.5,13092
5636.9,1159,21,6.9,13053
5637.9,1165,5,8.4,13030
5638.9,1155,1,7.4,13020
5640.0,1153,1,5.6,13041
5641.0,1146,96,6.8,13066
5642.0,1184,11,9.0,13079
5643.0,1198,25,11.7,13119
5644.0,1197,28,7.0,13123
5645.1,1195,8,6.1,13116
5646.1,1193,18,7.0,13122
5647.1,1195,17,6.9,13139
5648.1,1268,5,6.9,13141
5649.2,1211,9,6.6,13144
5650.2,1208,70,5.6,13139
5651.2,1179,60,6.7,13113
5652.2,1202,21,7.9,13191
5653.3,1198,18,8.3,13189
5654.3,1267,19,7.7,13139
5655.3,1266,19,7.4,13152
5656.3,1236,9,6.0,13156
5657.4,1235,3,6.1,13159
5658.4,1234,10,7.9,13240
5659.4,1213,70,8.3,13231
5660.4,1220,24,7.3,13221
5661.5,1223,21,6.8,13226
5662.5,1199,69,8.0,13225
5663.5,1196,66,6.6,13203
5664.5,1194,3,5.8,13200
5665.5,1194,11,5.8,13187
5666.6,1185,13,5.6,13170
5667.6,1185,17,6.5,13157
5668.6,1185,17,6.7,13136
5669.6,1185,18,5.5,13127
5670.6,1185,17,6.2,13145
5671.7,1185,18,6.1,13132
5672.7,1185,17,6.2,13094
5673.7,1185,18,6.4,13093
5674.7,1183,19,7.6,13097
5675.8,1183,17,6.8,13081
5676.8,1183,16,6.4,13071
5677.8,1183,13,6.0,13079
5678.8,1185,32,6.8,13074
5679.9,1185,7,6.0,13059
5680.9,1180,18,6.7,13064
5681.9,1190,14,8.2,13064
5682.9,1189,14,6.9,13074
5684.0,1189,8,6.6,13056
5685.0,1190,6,6.6,13091
5686.0,1189,16,6.8,13068
5687.0,1195,12,7.5,13075
5688.0,1280,24,6.8,13093
5689.1,1226,13,7.4,13104
5690.1,1204,49,6.6,13122
5691.1,1204,2,6.5,13117
5692.1,1182,4,6.5,13097
5693.1,1182,16,6.7,13092
5694.2,1172,11,8.5,13094
5695.2,1172,23,6.7,13089
5696.2,1172,11,7.2,13094
5697.2,1172,4,6.5,13078
5698.3,1204,5,7.2,13081
5699.3,1241,52,7.4,13074
5700.3,1206,9,6.7,13065
5701.3,1196,3,5.9,13072
5702.3,1174,10,5.5,13082
5703.4,1185,47,6.8,13074
5704.4,1181,9,6.4,13041
5705.4,1177,2,6.8,13029
5706.4,1174,7,6.1,13042
5707.4,1174,9,5.9,13033
5708.5,1174,14,6.5,13030
5709.5,1153,16,6.4,13024
5710.5,1153,17,6.7,13013
5711.5,1153,16,5.9,13005
5712.5,1153,16,5.8,12993
5713.6,1153,17,6.6,12995
5714.6,1159,17,6.1,12976
5715.6,1159,2,5.7,12974
5716.6,1159,1,5.9,12969
5717.7,1163,68,6.1,12972
5718.7,1163,3,6.8,12985
5719.7,1167,21,6.8,12975
5720.7,1166,68,6.4,12989
5721.8,1166,3,5.8,13002
5722.8,1166,3,5.8,13008
5723.8,1169,10,5.8,13008
5724.8,1179,48,6.8,12994
5725.8,1179,12,6.6,12991
5726.8,1202,11,7.2,12984
5727.9,1231,71,7.5,13001
5728.9,1188,22,7.3,13025
5729.9,1254,10,6.9,13046
5730.9,1264,15,7.4,13037
5732.0,1279,7,8.0,13044
5733.0,1236,5,6.5,13036
5734.0,1235,1,6.6,13034
5735.0,1279,9,7.6,13014
5736.1,1292,3,7.6,13033
5737.1,1225,33,6.6,13044
5738.1,1224,67,7.4,13045
5739.1,1224,1,6.8,13053
5740.1,1218,1,6.5,13056
5741.2,1217,15,7.0,13063
5742.2,1217,29,6.4,13055
5743.2,1252,25,6.8,13028
5744.2,1255,5,6.8,13044
5745.2,1285,3,6.8,13036
5746.3,1218,20,7.0,13039
5747.3,1191,20,7.1,13035
5748.3,1194,5,8.8,13102
5749.3,1226,53,9.5,13188
5750.3,1221,18,9.6,13252
5751.4,1224,14,7.4,13260
5752.4,1217,30,7.2,13293
5753.4,1273,8,6.5,13286
5754.4,1282,7,7.9,13304
5755.5,1247,74,6.7,13298
5756.5,1217,31,7.1,13285
5757.5,1255,6,6.8,13302
5758.5,1227,20,7.2,13311
5759.5,1187,15,6.5,13325
5760.6,1181,18,6.8,13303
5761.6,1184,7,5.5,13304
5762.6,1190,9,5.5,13293
5763.6,1187,11,6.7,13304
5764.7,1195,15,5.9,13269
5765.7,1203,15,6.2,13270
5766.7,1209,25,6.0,13280
5767.7,1217,23,6.4,13293
5768.8,1223,18,6.5,13270
5769.8,1231,16,6.8,13283
5770.8,1237,19,6.6,13287
5771.8,1245,18,5.9,13284
5772.9,1253,31,6.4,13288
5773.9,1259,19,6.4,13287
5774.9,1267,47,6.7,13306
5775.9,1273,8,6.4,13326
5777.0,1281,8,6.0,13332
5778.0,1289,19,6.5,13321
5779.0,1295,20,7.8,13307
5780.1,1301,22,6.6,13301
5781.1,1309,25,6.1,13311
5782.1,1317,37,6.3,13315
5783.1,1323,23,6.1,13297
5784.2,1331,21,6.3,13290
5785.2,1337,22,6.4,13245
5786.2,1345,18,6.0,13250
5787.2,1351,26,6.1,13240
5788.3,1359,23,6.4,13248
5789.3,1367,24,6.4,13243
5790.3,1373,25,6.6,13244
5791.3,1381,24,5.9,13230
5792.4,1387,24,6.0,13225
5793.4,1395,37,6.9,13222
5794.4,1399,30,6.6,13216
5795.4,1405,35,6.5,13252
5796.5,1413,26,6.2,13270
5797.5,1419,26,6.0,13282
5798.5,1427,26,6.2,13287
5799.5,1435,26,6.2,13277
5800.6,1441,30,6.4,13272
5801.6,1449,36,6.3,13269
5802.6,1455,28,6.2,13257
5803.6,1465,27,8.7,13241
5804.7,1477,15,6.9,13306
5805.7,1484,4,6.7,13326
5806.7,1492,5,7.4,13322
5807.7,1498,9,6.4,13329
5808.7,1506,14,6.0,13315
5809.8,1508,24,6.5,13313
5810.8,1508,2,6.2,13255
5811.8,1508,2,6.6,13260
5812.8,1504,12,6.2,13270
5813.9,1500,13,6.9,13264
5814.9,1500,11,6.3,13266
5815.9,1500,25,6.6,13246
5816.9,1496,27,6.2,13244
5818.0,1496,33,6.5,13246
5819.0,1496,36,6.7,13247
5820.0,1496,87,6.2,13276
5821.0,1496,2,6.1,13275
5822.1,1503,27,6.7,13303
5823.1,1506,16,7.7,13292
5824.1,1494,14,9.4,13146
5825.1,1492,5,5.4,13130
5826.1,1491,9,6.0,13139
5827.2,1491,11,5.9,13172
5828.2,1486,15,6.2,13190
5829.2,1462,16,6.2,13174
5830.2,1462,17,6.0,13182
5831.2,1467,19,6.8,13196
5832.3,1467,11,6.4,13188
5833.3,1464,17,6.3,13182
5834.3,1464,17,6.0,13179
5835.3,1465,16,6.4,13179
5836.4,1462,17,6.1,13163
5837.4,1462,17,6.2,13165
5838.4,1462,18,6.3,13148
5839.4,1463,17,6.2,13135
5840.5,1462,10,6.1,13127
5841.5,1462,17,6.7,13119
5842.5,1462,17,6.2,13108
5843.5,1462,17,6.2,13105
5844.6,1462,17,6.0,13101
5845.6,1462,16,6.5,13103
5846.6,1462,17,6.4,13105
5847.6,1462,16,6.4,13121
5848.7,1462,16,6.3,13122
5849.7,1462,17,5.9,13135
5850.7,1462,18,6.7,13139
5851.7,1470,16,8.0,13135
5852.7,1471,16,7.4,13155
5853.8,1463,4,6.3,13176
5854.8,1455,10,6.9,13188
5855.8,1447,63,6.9,13198
5856.8,1458,12,9.7,13239
5857.9,1453,7,6.5,13251
5858.9,1452,62,7.2,13245
5859.9,1444,18,7.1,13258
5860.9,1444,2,6.7,13265
5861.9,1442,6,6.2,13261
5863.0,1430,18,6.8,13253
5864.0,1427,14,6.2,13238
5865.0,1426,2,5.9,13292
5866.0,1421,8,6.8,13292
5867.1,1421,13,6.2,13291
5868.1,1421,15,6.3,13296
5869.1,1418,17,6.5,13295
5870.1,1418,12,6.3,13287
5871.2,1418,8,6.3,13289
5872.2,1418,9,6.5,13280
5873.2,1418,10,6.6,13264
5874.2,1418,17,6.1,13257
5875.3,1418,16,6.9,13251
5876.3,1448,98,7.3,13245
5877.3,1444,13,6.5,13235
5878.3,1440,4,6.2,13243
5879.3,1439,7,6.1,13251
5880.4,1439,11,6.2,13258
5881.4,1439,15,6.8,13259
5882.4,1430,17,6.8,13263
5883.4,1430,17,6.9,13268
5884.5,1432,17,6.2,13251
5885.5,1428,72,6.2,13244
5886.5,1427,2,6.7,13237
5887.5,1426,7,6.0,13241
5888.5,1406,10,6.1,13230
5889.6,1404,6,6.4,13214
5890.6,1404,8,7.0,13213
5891.6,1404,14,6.4,13214
5892.6,1404,18,6.5,13232
5893.7,1404,18,6.3,13241
5894.7,1405,18,6.8,13254
5895.7,1405,17,6.5,13265
5896.7,1405,17,6.5,13253
5897.8,1405,18,6.6,13246
5898.8,1405,17,7.0,13242
5899.8,1405,17,9.2,13200
5900.8,1345,7,7.4,13210
5901.9,1357,93,6.8,13202
5902.9,1355,19,8.0,13192
5903.9,1349,7,6.7,13183
5904.9,1351,72,7.4,13171
5906.0,1346,15,7.4,13137
5907.0,1327,3,8.5,13130
5908.0,1326,3,6.9,13132
5909.0,1324,20,6.7,13133
5910.0,1324,15,7.2,13123
5911.1,1323,51,7.1,13126
5912.1,1324,22,8.3,13141
5913.1,1316,15,8.5,13144
5914.2,1312,2,7.3,13167
5915.2,1310,7,6.4,13168
5916.2,1310,7,6.8,13167
5917.2,1310,14,6.9,13157
5918.2,1310,16,7.0,13151
5919.3,1335,38,7.3,13141
5920.3,1321,14,7.5,13135
5921.3,1319,3,6.7,13140
5922.4,1314,5,6.7,13157
5923.4,1314,5,6.1,13172
5924.4,1311,16,7.4,13210
5925.4,1287,10,6.5,13207
5926.4,1281,15,7.0,13205
5927.5,1277,16,7.1,13223
5928.5,1277,1,6.4,13210
5929.5,1274,9,6.9,13214
5930.5,1270,2,6.4,13214
5931.5,1266,2,7.3,13205
5932.6,1262,8,7.0,13210
5933.6,1262,5,6.2,13222
5934.6,1260,2,5.8,13218
5935.6,1256,89,7.4,13201
5936.7,1252,7,6.5,13192
5937.7,1250,5,6.6,13190
5938.7,1250,9,6.0,13179
5939.7,1250,11,6.2,13166
5940.7,1246,16,6.8,13169
5941.8,1245,2,6.6,13179
5942.8,1241,12,7.3,13184
5943.8,1233,29,6.3,13190
5944.8,1224,6,7.3,13175
5945.8,1263,29,7.9,13183
5946.9,1258,35,7.4,13188
5947.9,1241,19,8.2,13178
5948.9,1214,66,7.0,13175
5949.9,1206,12,7.2,13167
5950.9,1203,3,6.3,13169
5952.0,1191,18,7.4,13194
5953.0,1182,66,7.2,13207
5954.0,1197,14,9.8,13222
5955.0,1188,7,6.6,13214
5956.0,1184,9,6.6,13219
5957.1,1182,6,7.2,13214
5958.1,1177,3,7.5,13209
5959.1,1185,12,8.1,13226
5960.1,1157,29,7.3,13142
5961.2,1156,7,7.3,13151
5962.2,1152,39,8.4,13177
5963.2,1180,14,7.1,13190
5964.2,1172,26,7.9,13196
5965.2,1158,35,7.2,13211
5966.3,1148,9,7.1,13204
5967.3,1154,12,6.9,13200
5968.3,1141,66,7.3,13180
5969.3,1146,17,7.6,13166
5970.4,1167,19,8.5,13158
5971.4,1250,30,9.6,13169
5972.4,1271,26,8.3,13187
5973.4,1263,37,8.1,13188
5974.4,1262,29,7.3,13191
5975.5,1283,37,7.1,13209
5976.5,1268,14,7.3,13193
